[PERF] run=p5_goal_polish_explore_20261007_after_ego1p5_1 log=/home/starry/isaac-data/EGO1P5/performance/adaptive_trials_20261007/closed_loop/p5_goal_polish_explore_20261007/p5_goal_polish_explore_20261007_goal_after_1_performance.md
[INPUT] mode=goal scene_mode=cloud
[LOCK] Waiting for shared Isaac navigation slot
[INFO] [launch]: All log files can be found below /tmp/fov_gvf_ego1p5_isaac_ros_log/2026-10-07-23-01-58-604338-starry-System-Product-Name-295271
[INFO] [launch]: Default logging verbosity is set to INFO
[INFO] [depth_angular_controller-1]: process started with pid [295290]
[INFO] [position_cmd_to_twist-2]: process started with pid [295292]
[depth_angular_controller-1] [INFO] [1791385318.640406490] [depth_angular_controller]: PROCESSING_RATES control=60.0 Hz depth_limit=10.0 Hz (0=unlimited)
[depth_angular_controller-1] [INFO] [1791385318.642590945] [depth_angular_controller]: C++ controller commands publish on /position_cmd; horizontal views=4
[ROS CHECK] ROS_DOMAIN_ID=42 /position_cmd publishers=1
Type: pc_gvf_msgs/msg/PositionCommand
Publisher count: 1
Subscription count: 1
/depth_angular_controller
/position_cmd_to_twist
WARNING: All log messages before absl::InitializeLog() is called are written to STDERR
E0000 00:00:1791385319.587010  295339 descriptor_database.cc:633] File already exists in database: grpc/health/v1/health.proto
W0000 00:00:1791385319.587039  295339 message.cc:301] Protobuf GeneratedMessageFactory: File is already registered: grpc/health/v1/health.proto
2026-10-07T15:01:59Z [Info] [carb] Logging to file: /home/starry/isaac-data/isaacsim/kit/logs/Kit/Isaac-Sim Python/6.0/kit_20261007_230159.log
[0.043s] [ext: omni.assets.plugins-0.0.0] startup
[0.044s] [ext: omni.blobkey-1.1.2] startup
[0.044s] [ext: omni.kit.async_engine-0.0.3] startup
[0.316s] [ext: omni.client.lib-1.1.1] startup
[0.324s] [ext: omni.client-1.3.0] startup
[0.327s] [ext: omni.protobuf.lib-1.0.0] startup
[0.327s] [ext: omni.grpc.lib-1.0.0] startup
[0.331s] [ext: omni.metrics.core-0.0.3] startup
[0.331s] [ext: omni.datastore-0.0.0] startup
[0.331s] [ext: omni.gpu_foundation.shadercache.vulkan-1.0.0] startup
[0.333s] [ext: omni.hsscclient-1.1.4] startup
[0.334s] [ext: omni.stats-1.0.1] startup
[0.334s] [ext: omni.ujitso.default-1.0.0] startup
[0.337s] [ext: omni.gpu_foundation-0.0.0] startup
[0.462s] [ext: carb.windowing.plugins-1.0.1] startup
[0.462s] [ext: omni.kit.renderer.init-1.0.1] startup
2026-10-07T15:01:59Z [660ms] [Warning] [omni.rtx] Skipping unsupported non-NVIDIA GPU: AMD Unknown (RADV RAPHAEL_MENDOCINO)
2026-10-07T15:01:59Z [660ms] [Warning] [omni.rtx] Skipping unsupported non-NVIDIA GPU: AMD Unknown (RADV RAPHAEL_MENDOCINO)

|---------------------------------------------------------------------------------------------|
| Driver Version: 580.178.04    | Graphics API: Vulkan
|=============================================================================================|
| GPU | Name                             | Active | LDA | GPU Memory | Vendor-ID | LUID       |
|     |                                  |        |     |            | Device-ID | UUID       |
|     |                                  |        |     |            | Bus-ID    |            |
|---------------------------------------------------------------------------------------------|
| 0   | NVIDIA GeForce RTX 5070          | Yes: 0 |     | 12227   MB | 10de      | 0          |
|     |                                  |        |     |            | 2f04      | 348d89fe.. |
|     |                                  |        |     |            | 1         |            |
|---------------------------------------------------------------------------------------------|
| 1   | AMD Unknown (RADV RAPHAEL_MEND.. |        |     | 10755   MB | 1002      | 0          |
|     |                                  |        |     |            | 13c0      | 00000000.. |
|     |                                  |        |     |            | c         |            |
|=============================================================================================|
| OS: 22.04.5 LTS (Jammy Jellyfish) ubuntu, Version: 22.04.5, Kernel: 6.8.0-138-generic
| XServer Vendor: The X.Org Foundation, XServer Version: 12101004 (1.21.1.4)
| Processor: AMD Ryzen 5 9600X 6-Core Processor
| Cores: 6 | Logical Cores: 12
|---------------------------------------------------------------------------------------------|
| Total Memory (MB): 31241 | Free Memory: 22924
| Total Page/Swap (MB): 15624 | Free Page/Swap: 15624
|---------------------------------------------------------------------------------------------|
2026-10-07T15:02:00Z [869ms] [Warning] [omni.rtx] CPU performance profile is set to powersave. This profile sets the CPU to the lowest frequency reducing performance.
2026-10-07T15:02:00Z [877ms] [Warning] [omni.rtx] IOMMU is enabled.
[0.980s] [ext: omni.kit.pipapi-0.0.0] startup
[0.981s] [ext: omni.kit.pip_archive-0.0.0] startup
[0.981s] [ext: isaacsim.pip.newton-0.6.1] startup
[0.981s] [ext: omni.pip.compute-1.9.2] startup
[0.981s] [ext: omni.isaac.core_archive-5.3.1] startup
[0.982s] [ext: omni.kit.telemetry-0.5.2] startup
[1.000s] [ext: omni.kit.loop-isaac-1.6.0] startup
[1.002s] [ext: omni.kit.test-2.0.7] startup
[1.052s] [ext: omni.materialx.libs-1.0.9] startup
[1.059s] [ext: omni.gpucompute.plugins-0.0.0] startup
[1.059s] [ext: omni.usd.config-1.0.7] startup
[1.062s] [ext: omni.usd.libs-1.0.3] startup
[1.117s] [ext: omni.iray.libs-0.0.1] startup
[1.119s] [ext: omni.mdl-57.0.3] startup
[1.179s] [ext: omni.mdl.neuraylib-0.2.20] startup
[1.181s] [ext: omni.kit.usd.mdl-1.1.9] startup
[1.265s] [ext: omni.appwindow-1.2.2] startup
[1.266s] [ext: omni.kit.renderer.core-1.2.2] startup
2026-10-07T15:02:05Z [6,475ms] [Warning] [carb.windowing-glfw.gamepad] Joystick with unknown remapping detected (will be ignored):  BEITONG BEITONG A2P3A BFM DONGLE [03000000bc2000001c51000011010000]
[6.508s] [ext: omni.kit.renderer.capture-2.0.1] startup
[6.509s] [ext: omni.kit.renderer.imgui-2.0.6] startup
[6.547s] [ext: omni.ui-3.2.0] startup
[6.554s] [ext: omni.kit.mainwindow-1.0.3] startup
[6.555s] [ext: carb.audio-0.1.0] startup
[6.557s] [ext: omni.uiaudio-1.0.0] startup
[6.557s] [ext: omni.kit.uiapp-0.0.0] startup
[6.557s] [ext: omni.usd.schema.metrics.assembler-110.1.0] startup
[6.559s] [ext: omni.usd.schema.audio-0.0.1] startup
[6.562s] [ext: omni.usd_resolver-1.0.0] startup
[6.564s] [ext: omni.usd.core-1.8.3] startup
[6.567s] [ext: omni.metropolis.schema-0.0.3] startup
[6.567s] [ext: isaacsim.anim.robot.schema-0.1.1] startup
[6.568s] [ext: omni.usd.schema.anim-0.0.1] startup
[6.580s] [ext: omni.usd.schema.geospatial-0.0.1] startup
[6.582s] [ext: omni.usd.schema.omnigraph-1.0.1] startup
[6.586s] [ext: omni.usd.schema.semantics-0.0.0] startup
[6.588s] [ext: omni.activity.core-1.0.3] startup
[6.589s] [ext: omni.cubric-0.1.0] startup
[6.589s] [ext: omni.graph.exec-0.9.6] startup
[6.589s] [ext: omni.hydra.scene_delegate-0.3.5] startup
[6.591s] [ext: usdrt.scenegraph-7.6.3] startup
[6.609s] [ext: omni.hydra.usdrt_delegate-7.5.2] startup
[6.613s] [ext: omni.inspect-1.0.2] startup
[6.614s] [ext: omni.kit.actions.core-1.0.0] startup
[6.615s] [ext: omni.kit.audiodeviceenum-1.0.2] startup
[6.616s] [ext: omni.kit.commands-1.5.0] startup
[6.618s] [ext: omni.kit.exec.core-0.13.5] startup
[6.619s] [ext: omni.kit.usd_undo-0.1.8] startup
[6.620s] [ext: omni.kit.window.popup_dialog-2.0.25] startup
[6.622s] [ext: omni.kit.widget.nucleus_connector-2.3.1] startup
[6.624s] [ext: omni.timeline-1.1.0] startup
[6.625s] [ext: omni.usd-1.16.0] startup
[6.650s] [ext: omni.graph.core-3.1.2] startup
[6.653s] [ext: omni.kit.notification_manager-1.0.11] startup
[6.654s] [ext: isaacsim.core.deprecation_manager-0.4.2] startup
[6.655s] [ext: isaacsim.replicator.agent.schema-0.1.1] startup
[6.655s] [ext: isaacsim.robot.schema-6.3.7] startup
[6.659s] [ext: isaacsim.robot_motion.schema-0.2.1] startup
[6.660s] [ext: omni.anim.behavior.schema-110.1.0] startup
[6.663s] [ext: omni.anim.graph.schema-110.1.1] startup
[6.667s] [ext: omni.anim.navigation.schema-110.1.0] startup
[6.669s] [ext: omni.behavior.tree.schema-110.1.0] startup
[6.670s] [ext: omni.isaac.ml_archive-3.3.0] startup
[6.670s] [ext: omni.kit.asset_converter-6.0.1] startup
[6.679s] [ext: omni.pip.cloud-1.5.4] startup
[6.680s] [ext: omni.usd.schema.flow-110.0.0] startup
[6.681s] [ext: omni.usd.schema.mujoco-1.1.1] startup
[6.681s] [ext: omni.usd.schema.newton-1.2.1] startup
[6.682s] [ext: omni.usd.schema.omni_lens_distortion-1.0.0] startup
[6.682s] [ext: omni.usd.schema.omni_projectors-1.0.0] startup
[6.683s] [ext: omni.usd.schema.omni_sensors-0.0.0] startup
[6.689s] [ext: omni.usd.schema.omniscripting-1.0.1] startup
[6.692s] [ext: omni.usd.schema.physical_lighting-0.1.0] startup
[6.694s] [ext: omni.usd.schema.physx-110.1.13] startup
[6.718s] [ext: omni.usd.schema.render_settings.rtx-1.0.2] startup
[6.720s] [ext: omni.usd.schema.usd_particle_field-1.0.0] startup
[6.721s] [ext: isaacsim.core.version-2.1.1] startup
[6.721s] [ext: omni.kit.menu.core-1.2.0] startup
[6.722s] [ext: omni.kit.menu.utils-2.2.4] startup
[6.727s] [ext: isaacsim.app.about-2.3.1] startup
[6.731s] [ext: isaacsim.asset.transformer-1.2.5] startup
[6.733s] [ext: omni.scene.optimizer.core-110.1.0] startup
[6.762s] [ext: isaacsim.asset.importer.utils-1.8.1] startup
[6.764s] [ext: omni.convexdecomposition-110.1.13] startup
[6.766s] [ext: omni.physics-110.1.13] startup
[6.768s] [ext: omni.physx.gpu-110.1.13] startup
[6.768s] [ext: omni.physx.foundation-110.1.13] startup
[6.769s] [ext: omni.usdphysics-110.1.13] startup
[6.770s] [ext: omni.physx.cooking-110.1.13] startup
[6.772s] [ext: omni.physx-110.1.13] startup
[6.778s] [ext: omni.physics.physx-110.1.13] startup
[6.780s] [ext: isaacsim.asset.exporter.urdf-2.0.5] startup
[6.786s] [ext: omni.kit.clipboard-1.1.1] startup
[6.787s] [ext: omni.kit.usd.layers-2.6.1] startup
[6.792s] [ext: omni.kit.widget.context_menu-1.4.0] startup
[6.793s] [ext: omni.kit.context_menu-1.9.0] startup
[6.794s] [ext: omni.kit.helper.file_utils-0.1.10] startup
[6.795s] [ext: omni.kit.widget.nucleus_info-2.0.2] startup
[6.795s] [ext: omni.kit.search_core-1.0.8] startup
[6.796s] [ext: omni.kit.widget.path_field-2.0.13] startup
[6.796s] [ext: omni.kit.widget.browser_bar-2.0.10] startup
[6.797s] [ext: omni.kit.widget.filebrowser-2.13.4] startup
[6.800s] [ext: omni.kit.widget.options_menu-1.1.6] startup
[6.802s] [ext: omni.kit.widget.options_button-1.0.3] startup
[6.803s] [ext: omni.kit.widget.search_delegate-1.0.9] startup
[6.803s] [ext: omni.ui.scene-2.0.3] startup
[6.807s] [ext: omni.kit.window.filepicker-2.15.5] startup
[6.816s] [ext: omni.kit.window.file_importer-1.1.21] startup
[6.818s] [ext: omni.kit.material.library-3.1.2] startup
[6.821s] [ext: isaacsim.asset.transformer.rules-1.7.10] startup
[6.829s] [ext: omni.usdex.libs-2.2.2] startup
[6.835s] [ext: isaacsim.asset.importer.mjcf-3.10.1] startup
[6.836s] [ext: isaacsim.asset.importer.urdf-3.11.2] startup
[6.839s] [ext: omni.kit.primitive.mesh-1.1.0] startup
[6.841s] [ext: omni.kit.stage_template.core-1.1.22] startup
[6.841s] [ext: omni.kit.stage_templates-2.0.2] startup
[6.843s] [ext: omni.usd.metrics.assembler-110.1.2] startup
[6.845s] [ext: omni.warp.core-1.13.0] startup
[7.024s] [ext: isaacsim.core.experimental.utils-0.17.2] startup
[7.025s] [ext: omni.physics.stageupdate-110.1.13] startup
[7.026s] [ext: omni.physics.tensors-110.1.13] startup
[7.030s] [ext: omni.physx.tensors-110.1.13] startup
[7.033s] [ext: isaacsim.core.simulation_manager-1.15.6] startup
[7.042s] [ext: isaacsim.storage.native-1.9.3] startup
[7.043s] [ext: omni.usd.metrics.assembler.physics-110.1.13] startup
[7.044s] [ext: isaacsim.core.utils-4.1.7] startup
[7.046s] [ext: isaacsim.core.prims-0.11.7] startup
[7.913s] [ext: isaacsim.core.api-5.2.13] startup
[7.919s] [ext: isaacsim.core.cloner-1.7.3] startup
[7.920s] [ext: isaacsim.test.docstring-1.3.2] startup
[7.922s] [ext: isaacsim.core.experimental.prims-1.8.9] startup
[7.940s] [ext: isaacsim.core.experimental.primdata-0.3.2] startup
[7.941s] [ext: omni.graph.tools-1.81.0] startup
[7.960s] [ext: omni.graph-1.142.5] startup
[7.991s] [ext: isaacsim.core.experimental.actuators-0.1.2] startup
[8.003s] [ext: isaacsim.core.experimental.materials-0.7.1] startup
[8.006s] [ext: isaacsim.core.experimental.objects-0.8.1] startup
[8.056s] [ext: omni.hydra.engine.stats-1.0.5] startup
[8.058s] [ext: omni.hydra.rtx.shadercache.vulkan-1.0.0] startup
[8.059s] [ext: omni.index.libs-387500.4413.0] startup
[8.059s] [ext: omni.index-1.0.1] startup
[8.059s] [ext: omni.ujitso.client-0.0.0] startup
[8.060s] [ext: omni.usd.schema.playback-1.0.0] startup
[8.062s] [ext: omni.volume-0.5.2] startup
[8.066s] [ext: omni.hydra.rtx-1.0.4] startup
2026-10-07T15:02:07Z [8,056ms] [Warning] [omni.log] Source: omni.hydra was already registered.
[8.086s] [ext: omni.kit.hydra_texture-1.6.0] startup
[8.089s] [ext: omni.kit.raycast.query-1.2.0] startup
[8.092s] [ext: omni.kit.viewport.legacy_gizmos-1.0.24] startup
[8.094s] [ext: omni.kit.viewport.registry-104.0.6] startup
[8.094s] [ext: omni.kit.viewport.scene_camera_model-1.0.7] startup
[8.097s] [ext: omni.kit.widget.viewport-109.2.0] startup
[8.100s] [ext: omni.kit.window.drop_support-1.0.8] startup
[8.100s] [ext: omni.kit.viewport.window-109.0.2] startup
[8.114s] [ext: omni.kit.viewport.utility-2.0.1] startup
[8.115s] [ext: isaacsim.core.rendering_manager-0.4.3] startup
[8.134s] [ext: omni.graph.action_core-1.1.9] startup
[8.135s] [ext: omni.graph.action_nodes_core-2.11.0] startup
[8.137s] [ext: omni.graph.action_nodes-2.11.0] startup
[8.152s] [ext: omni.graph.action-2.10.2] startup
[8.153s] [ext: omni.graph.image.core-0.6.1] startup
[8.154s] [ext: omni.graph.image.nodes-1.3.1] startup
[8.154s] [ext: omni.graph.nodes_core-2.11.0] startup
[8.158s] [ext: omni.graph.nodes-2.12.0] startup
[8.163s] [ext: omni.kit.hotkeys.core-1.3.12] startup
[8.163s] [ext: omni.kit.property.adapter.core-1.1.1] startup
[8.165s] [ext: omni.kit.property.adapter.usd-1.0.5] startup
[8.167s] [ext: omni.kit.widget.filter-1.1.5] startup
[8.167s] [ext: omni.kit.widget.highlight_label-1.0.3] startup
[8.168s] [ext: omni.kit.widget.searchfield-1.1.8] startup
[8.169s] [ext: omni.kit.window.file_exporter-1.0.36] startup
[8.170s] [ext: omni.kit.widget.stage-4.4.0] startup
[8.177s] [ext: omni.kit.window.content_browser_registry-0.0.6] startup
[8.178s] [ext: omni.kit.window.file-2.0.10] startup
[8.180s] [ext: omni.kit.window.content_browser-3.1.8] startup
[8.188s] [ext: omni.kit.window.property-1.15.1] startup
[8.197s] [ext: omni.kit.property.usd-4.9.4] startup
[8.206s] [ext: omni.graph.scriptnode-2.10.2] startup
[8.213s] [ext: omni.kit.widget.searchable_combobox-1.0.7] startup
[8.214s] [ext: omni.kit.widget.settings-2.0.0] startup
[8.215s] [ext: omni.kit.window.preferences-1.8.3] startup
[8.219s] [ext: omni.kit.viewport.menubar.core-107.2.2] startup
[8.229s] [ext: omni.syntheticdata-0.6.15] startup
[8.251s] [ext: omni.replicator.nv-1.1.1] startup
[8.255s] [ext: omni.videoencoding-0.2.1] startup
[8.257s] [ext: omni.replicator.core-1.13.27] startup
2026-10-07T15:02:07Z [8,243ms] [Warning] [pxr.Semantics] pxr.Semantics is deprecated - please use Semantics instead
2026-10-07T15:02:07Z [8,306ms] [Warning] [omni.replicator.core.scripts.extension] No material configuration file, adding configuration to material settings directly.
[8.453s] [ext: isaacsim.core.nodes-5.10.5] startup
[8.479s] [ext: isaacsim.core.throttling-2.3.5] startup
[8.481s] [ext: omni.kit.manipulator.viewport-107.0.1] startup
[8.482s] [ext: omni.graph.visualization.nodes-2.1.4] startup
[8.493s] [ext: omni.kit.window.extensions-1.5.10] startup
[8.498s] [ext: isaacsim.gui.components-1.8.5] startup
[8.501s] [ext: isaacsim.robot.surface_gripper-3.6.2] startup
[8.511s] [ext: isaacsim.robot.manipulators-3.4.4] startup
[8.520s] [ext: isaacsim.robot_motion.lula-4.1.3] startup
[8.525s] [ext: isaacsim.robot_motion.motion_generation-8.2.9] startup
[8.529s] [ext: isaacsim.cortex.framework-1.0.18] startup
[8.531s] [ext: isaacsim.cortex.behaviors-2.0.17] startup
[8.532s] [ext: isaacsim.examples.base-1.3.2] startup
[8.533s] [ext: omni.kit.widget.zoombar-1.0.7] startup
[8.534s] [ext: omni.kit.browser.core-2.3.18] startup
[8.537s] [ext: omni.kit.browser.folder.core-2.0.2] startup
[8.540s] [ext: omni.kit.widget.stage_icons-1.0.8] startup
[8.541s] [ext: omni.kit.window.stage-2.6.1] startup
[8.543s] [ext: omni.kit.menu.stage-1.2.7] startup
[8.544s] [ext: omni.kit.usd.collect-3.0.6] startup
[8.546s] [ext: omni.kit.widget.prompt-1.0.7] startup
[8.547s] [ext: omni.kit.tool.collect-2.2.19] startup
[8.549s] [ext: isaacsim.examples.browser-0.3.2] startup
[8.550s] [ext: omni.kit.search.files-1.0.4] startup
[8.551s] [ext: omni.kit.widget.calendar-1.0.9] startup
[8.552s] [ext: omni.kit.widget.extended_searchfield-1.0.31] startup
[8.558s] [ext: omni.simready.content.browser-0.3.7] startup
[8.646s] [ext: isaacsim.gui.content_browser-0.4.3] startup
[8.648s] [ext: omni.kit.selection-0.1.6] startup
[8.649s] [ext: isaacsim.gui.menu-2.10.5] startup
[8.656s] [ext: isaacsim.gui.property-1.6.4] startup
[8.662s] [ext: omni.kit.viewport.actions-110.0.0] startup
[8.666s] [ext: omni.kit.viewport.menubar.display-107.1.3] startup
[8.667s] [ext: isaacsim.gui.sensors.icon-2.2.1] startup
[8.669s] [ext: omni.behavior.scripting.core-110.1.0] startup
[8.672s] [ext: isaacsim.replicator.behavior-1.5.4] startup
[8.672s] [ext: isaacsim.replicator.experimental.domain_randomization-1.2.5] startup
[8.685s] [ext: isaacsim.replicator.domain_randomization-1.2.2] startup
[8.749s] [ext: isaacsim.replicator.writers-1.5.4] startup
[8.770s] [ext: isaacsim.robot.experimental.wheeled_robots-0.2.11] startup
[8.789s] [ext: isaacsim.robot.policy.examples-5.2.12] startup
[8.806s] [ext: isaacsim.robot.wheeled_robots-5.2.4] startup
[8.809s] [ext: isaacsim.robot.wheeled_robots.nodes-0.1.5] startup
[8.824s] [ext: isaacsim.robot_motion.experimental.motion_generation-6.1.3] startup
[8.834s] [ext: isaacsim.robot_motion.cumotion-1.3.1] startup
[8.846s] [ext: omni.kit.numpy.common-0.1.3] startup
[8.847s] [ext: isaacsim.sensors.camera-1.7.9] startup
[8.879s] [ext: isaacsim.sensors.experimental.physics-3.0.2] startup
[8.889s] [ext: omni.sensors.net-1.0.1] startup
[8.892s] [ext: omni.sensors.nv.common-3.0.0] startup
[8.903s] [ext: omni.sensors.nv.materials-2.0.0] startup
[8.907s] [ext: omni.sensors.nv.acoustic-3.0.0] startup
[8.911s] [ext: omni.sensors.nv.ids-2.0.1] startup
[8.913s] [ext: omni.sensors.nv.lidar-3.0.0] startup
[8.916s] [ext: omni.sensors.nv.radar-3.0.0] startup
[8.919s] [ext: isaacsim.sensors.experimental.rtx-1.4.6] startup
[9.140s] [ext: isaacsim.sensors.physics.nodes-1.5.3] startup
[9.145s] [ext: isaacsim.util.debug_draw-3.2.3] startup
[9.149s] [ext: isaacsim.sensors.physx-2.5.5] startup
[9.156s] [ext: isaacsim.sensors.rtx-15.17.1] startup
[9.164s] [ext: isaacsim.simulation_app-2.18.4] startup
[9.165s] [ext: omni.anim.curve.core-1.6.0] startup
[9.173s] [ext: omni.graph.ui_nodes-2.11.1] startup
[9.193s] [ext: omni.hydra.scene_api-0.1.3] startup
[9.196s] [ext: omni.kit.manipulator.camera-110.0.0] startup
[9.199s] [ext: omni.kit.manipulator.selector-1.1.4] startup
[9.200s] [ext: omni.kit.manipulator.transform-107.0.0] startup
[9.204s] [ext: omni.kit.widget.toolbar-2.1.0] startup
[9.209s] [ext: omni.kit.manipulator.tool.snap-1.5.14] startup
[9.213s] [ext: omni.kit.viewport.manipulator.transform-107.0.4] startup
[9.214s] [ext: omni.kit.manipulator.prim.core-108.0.2] startup
[9.219s] [ext: omni.kit.manipulator.prim.usd-107.0.3] startup
[9.220s] [ext: omni.kit.manipulator.prim-108.0.0] startup
[9.220s] [ext: omni.kit.manipulator.selection-109.0.1] startup
[9.221s] [ext: omni.kit.menu.create-2.0.2] startup
[9.223s] [ext: omni.kit.property.audio-1.0.16] startup
[9.226s] [ext: omni.kit.property.camera-1.0.14] startup
[9.227s] [ext: omni.kit.property.geometry-2.1.2] startup
[9.230s] [ext: omni.kit.property.light-1.0.14] startup
2026-10-07T15:02:08Z [9,230ms] [Warning] [omni.usd] Encountered USD Warnings but USD Diagnostics are currently muted. To view USD Warnings, please set the '/persistent/app/usd/muteUsdDiagnostics' setting to false in Preferences page.
[9.257s] [ext: omni.kit.property.material-1.14.6] startup
[9.262s] [ext: omni.kit.property.render-1.2.2] startup
[9.263s] [ext: omni.kit.property.transform-1.6.9] startup
[9.266s] [ext: omni.kit.property.bundle-1.5.1] startup
[9.267s] [ext: omni.kit.usdz_export-1.1.0] startup
[9.269s] [ext: omni.kit.tool.asset_importer-6.0.1] startup
[9.273s] [ext: omni.kit.ui.actions-1.0.5] startup
[9.275s] [ext: omni.kit.viewport.menubar.camera-107.0.10] startup
[9.279s] [ext: omni.kit.viewport.menubar.lighting-107.3.2] startup
[9.281s] [ext: omni.kit.viewport.menubar.render-110.0.0] startup
[9.283s] [ext: omni.kit.viewport.menubar.settings-110.0.1] startup
[9.285s] [ext: omni.kit.window.console-1.1.9] startup
[9.288s] [ext: omni.kit.window.status_bar-0.1.11] startup
[9.290s] [ext: omni.kit.window.toolbar-3.0.3] startup
[9.292s] [ext: omni.ocio-0.1.1] startup
[9.293s] [ext: omni.physx.commands-110.1.13] startup
[9.296s] [ext: omni.replicator.replicator_yaml-2.0.12] startup
[9.305s] [ext: omni.rtx.window.settings-0.8.0] startup
[9.308s] [ext: omni.rtx.settings.core-0.7.1] startup
[9.311s] [ext: omni.usd.metrics.assembler.ui-110.1.1] startup
[9.317s] [ext: semantics.schema.editor-2.0.2] startup
[9.319s] [ext: semantics.schema.property-2.0.2] startup
[9.320s] [ext: omni.kit.menu.common-2.0.2] startup
[9.321s] [ext: isaacsim.exp.base-6.0.1] startup
[9.321s] [ext: isaacsim.exp.base.python-6.0.1] startup
[9.323s] Simulation App Starting
[10.360s] Simulation App Startup Complete
[10.365s] app ready
Starting kit application with the following args:  ['/home/starry/isaac-data/isaacsim/exts/isaacsim.simulation_app/isaacsim/simulation_app/simulation_app.py', '/home/starry/isaac-data/isaacsim/apps/isaacsim.exp.base.python.kit', '--/app/tokens/exe-path=/home/starry/isaac-data/isaacsim/kit', '--/persistent/app/viewport/displayOptions=3094', '--/rtx/materialDb/syncLoads=True', '--/rtx/hydra/materialSyncLoads=True', '--/omni/kit/plugin/syncUsdLoads=True', '--/app/renderer/resolution/width=1280', '--/app/renderer/resolution/height=720', '--/app/window/width=1440', '--/app/window/height=900', '--/renderer/multiGpu/enabled=False', '--/app/fastShutdown=True', '--/app/installSignalHandlers=0', '--ext-folder', '/home/starry/isaac-data/isaacsim/exts', '--ext-folder', '/home/starry/isaac-data/isaacsim/apps', '--/renderer/activeGpu=0', '--/physics/cudaDevice=0', '--/plugins/carb.tasking.plugin/threadCount=12', '--/plugins/omni.tbb.globalcontrol/maxThreadCount=12', '--portable', '--no-window', '--/app/window/hideUi=1']
Passing the following args to the base kit application:  []
Warp 1.13.0 initialized:
   CUDA Toolkit 12.9, Driver 13.0
   Devices:
     "cpu"      : "x86_64"
     "cuda:0"   : "NVIDIA GeForce RTX 5070" (11 GiB, sm_120, mempool enabled)
   Kernel cache:
     /home/starry/.cache/warp/1.13.0
[LIGHTING] sun=800.0 (1) dome=0.0 (1) ambient=0.05 constant_color=(0.6, 0.65, 0.7)
[RENDER] mode=MinimalRendering minimal_shading_mode=2 anti_aliasing=TAA
[DEPTH CAMERAS] count=4 resolution_each=320x240 horizontal_coverage=360deg
[ESDF] path=/home/starry/isaac-data/EGO1P5/scenes/ego_swarm_cloud/occupancy.bin shape=(400, 300, 50) resolution=0.40m
[depth_angular_controller-1] [INFO] [1791385331.951605725] [depth_angular_controller]: WAITING_ODOMETRY
[NAV] t=0.0s position=(-64.00,-11.20,2.80) yaw=1.2deg command=(0.00,0.00,0.00) manual_active=0 collision_blocks=0
[depth_angular_controller-1] [INFO] [1791385332.316193870] [depth_angular_controller]: WAITING_VERIFIED_START_POSE
[depth_angular_controller-1] [INFO] [1791385332.353632038] [depth_angular_controller]: VERIFIED_FREE_SEED center=(-64.000,-11.200,2.800) radius=2.500 balls=1: verified fixed Cloud free ball; USD and occupancy SHA-256 matched
[depth_angular_controller-1] [INFO] [1791385332.354173275] [depth_angular_controller]: ZERO_INTENT
[depth_angular_controller-1] [INFO] [1791385334.135976931] [depth_angular_controller]: GOAL_REFINEMENT checks=3 improvements=3
[depth_angular_controller-1] [INFO] [1791385334.136022517] [depth_angular_controller]: OMNI_DEPTH views=4 azimuth_bins=180 elevation_bins=37 valid=1 certificates=0 short=0 held=0 local_candidates=3 yaw=12.55
[depth_angular_controller-1] [INFO] [1791385334.136079254] [depth_angular_controller]: DEPTH_PROPOSAL_CERTIFIED
[depth_angular_controller-1] [INFO] [1791385334.136086648] [depth_angular_controller]: PAPER_BUILD reason=FULL_MOTION_CERTIFICATE required=0.0000 best=0.0000 free=0 refined=0 tubes=0 revoked_tubes=0 proofs=0
[depth_angular_controller-1] [INFO] [1791385334.136093210] [depth_angular_controller]: PAPER_EVIDENCE retained=8 balls=1 revoked_balls=0 expired_views=0 evicted_views=0 radius=0.580 clearance=0.000 best_prefix=0.000
[depth_angular_controller-1] [INFO] [1791385335.092567695] [depth_angular_controller]: GOAL_REFINEMENT checks=3 improvements=3
[depth_angular_controller-1] [INFO] [1791385335.092607149] [depth_angular_controller]: OMNI_DEPTH views=4 azimuth_bins=180 elevation_bins=37 valid=1 certificates=0 short=0 held=0 local_candidates=3 yaw=10.10
[depth_angular_controller-1] [INFO] [1791385335.093053578] [depth_angular_controller]: PAPER_BUILD reason=FULL_MOTION_CERTIFICATE required=0.0000 best=0.0000 free=0 refined=0 tubes=1 revoked_tubes=0 proofs=53
[depth_angular_controller-1] [INFO] [1791385335.093072453] [depth_angular_controller]: PAPER_EVIDENCE retained=12 balls=4 revoked_balls=0 expired_views=0 evicted_views=0 radius=0.580 clearance=0.000 best_prefix=0.000
[10.885s] [ext: isaacsim.sensors.rtx.nodes-0.1.2] startup
[10.893s] [ext: isaacsim.ros2.core-1.9.4] startup
[10.907s] Attempting to load system rclpy
[10.907s] Could not import system rclpy: No module named 'rclpy'
[10.907s] Attempting to load internal rclpy for ROS Distro: humble
[10.918s] rclpy loaded
[10.921s] [ext: isaacsim.ros2.nodes-1.18.13] startup
[10.957s] [ext: isaacsim.ros2.examples-1.2.4] startup
[10.962s] [ext: isaacsim.ros2.ui-1.6.5] startup
[11.172s] [ext: isaacsim.ros2.bridge-5.1.2] startup
2026-10-07T15:02:12Z [13,079ms] [Warning] [omni.timeline.plugin] Deprecated: direct use of ITimeline callbacks is deprecated. Use ITimeline::getTimeline (Python: omni.timeline.get_timeline_interface) instead.
[depth_angular_controller-1] [INFO] [1791385336.053206084] [depth_angular_controller]: GOAL_REFINEMENT checks=3 improvements=0
[depth_angular_controller-1] [INFO] [1791385336.053247442] [depth_angular_controller]: OMNI_DEPTH views=4 azimuth_bins=180 elevation_bins=37 valid=1 certificates=0 short=0 held=0 local_candidates=3 yaw=10.05
[depth_angular_controller-1] [INFO] [1791385336.053437409] [depth_angular_controller]: PAPER_BUILD reason=FULL_MOTION_CERTIFICATE required=0.0000 best=0.0000 free=0 refined=0 tubes=4 revoked_tubes=0 proofs=107
[depth_angular_controller-1] [INFO] [1791385336.053442419] [depth_angular_controller]: PAPER_EVIDENCE retained=16 balls=15 revoked_balls=0 expired_views=0 evicted_views=0 radius=0.580 clearance=0.000 best_prefix=0.000
[position_cmd_to_twist-2] [INFO] [1791385337.057522850] [position_cmd_to_twist]: [PERF BRIDGE] run=p5_goal_polish_explore_20261007_after_ego1p5_1 elapsed=18.30s received=294 published=294 fps(ros/wall)=59.80/62.05 controller_to_bridge_ms(mean/p50/p95/max)=0.170/0.000/0.000/16.667 bridge_process_ms(mean/p95/max)=0.091/0.127/0.190
[NAV] t=5.0s position=(-60.21,-10.47,2.78) yaw=9.9deg command=(1.73,0.38,-0.03) manual_active=1 collision_blocks=0
[depth_angular_controller-1] [INFO] [1791385337.134026033] [depth_angular_controller]: GOAL_REFINEMENT checks=3 improvements=0
[depth_angular_controller-1] [INFO] [1791385337.134070827] [depth_angular_controller]: OMNI_DEPTH views=4 azimuth_bins=180 elevation_bins=37 valid=1 certificates=0 short=0 held=0 local_candidates=3 yaw=13.09
[depth_angular_controller-1] [INFO] [1791385337.141491733] [depth_angular_controller]: PAPER_BUILD reason=FULL_MOTION_CERTIFICATE required=0.0000 best=0.0000 free=0 refined=0 tubes=8 revoked_tubes=0 proofs=128
[depth_angular_controller-1] [INFO] [1791385337.141524806] [depth_angular_controller]: PAPER_EVIDENCE retained=16 balls=30 revoked_balls=0 expired_views=0 evicted_views=4 radius=0.580 clearance=0.000 best_prefix=0.000
[depth_angular_controller-1] [INFO] [1791385337.332477556] [depth_angular_controller]: [PERF CTRL] run=p5_goal_polish_explore_20261007_after_ego1p5_1 elapsed=18.69s callbacks=313 commands=312 guidance=193 command_fps(ros/wall)=59.81/62.00 guidance_wall_fps=60.06 avoid_ms(mean/p50/p95/max)=2.593/1.214/9.142/16.817 cycle_ms(mean/p95/max)=16.130/19.982/77.539 depth_to_cmd_ms(mean/p95/max)=41.796/66.667/83.333 callback_to_publish_ms(mean/p95/max)=2.970/9.767/19.547
[depth_angular_controller-1] [INFO] [1791385337.332539432] [depth_angular_controller]: EVIDENCE_COST ingest(mean/p95/max)=1.249/3.809/14.455 record=0.011/0.015/0.088 ms
[depth_angular_controller-1] [INFO] [1791385337.332546475] [depth_angular_controller]: EVIDENCE_PHASE per_view_mean_ms balls=0.071 tubes=0.009 history=0.204 eviction=0.000
[depth_angular_controller-1] [INFO] [1791385338.160383660] [depth_angular_controller]: GOAL_REFINEMENT checks=3 improvements=0
[depth_angular_controller-1] [INFO] [1791385338.160426831] [depth_angular_controller]: OMNI_DEPTH views=4 azimuth_bins=180 elevation_bins=37 valid=1 certificates=0 short=0 held=0 local_candidates=2 yaw=13.93
[depth_angular_controller-1] [INFO] [1791385338.161395522] [depth_angular_controller]: PAPER_BUILD reason=FULL_MOTION_CERTIFICATE required=0.0000 best=0.0000 free=0 refined=0 tubes=12 revoked_tubes=0 proofs=128
[depth_angular_controller-1] [INFO] [1791385338.161402845] [depth_angular_controller]: PAPER_EVIDENCE retained=16 balls=32 revoked_balls=0 expired_views=0 evicted_views=8 radius=0.580 clearance=0.000 best_prefix=0.000
[depth_angular_controller-1] [INFO] [1791385339.171562671] [depth_angular_controller]: GOAL_REFINEMENT checks=2 improvements=2
[depth_angular_controller-1] [INFO] [1791385339.171610822] [depth_angular_controller]: OMNI_DEPTH views=4 azimuth_bins=180 elevation_bins=37 valid=1 certificates=0 short=0 held=0 local_candidates=2 yaw=9.82
[depth_angular_controller-1] [INFO] [1791385339.171902871] [depth_angular_controller]: PAPER_BUILD reason=FULL_MOTION_CERTIFICATE required=0.0000 best=0.0000 free=0 refined=0 tubes=20 revoked_tubes=0 proofs=128
[depth_angular_controller-1] [INFO] [1791385339.171909503] [depth_angular_controller]: PAPER_EVIDENCE retained=16 balls=32 revoked_balls=0 expired_views=0 evicted_views=12 radius=0.580 clearance=0.000 best_prefix=0.000
[depth_angular_controller-1] [INFO] [1791385340.319971521] [depth_angular_controller]: GOAL_REFINEMENT checks=3 improvements=1
[depth_angular_controller-1] [INFO] [1791385340.320012007] [depth_angular_controller]: OMNI_DEPTH views=4 azimuth_bins=180 elevation_bins=37 valid=1 certificates=0 short=0 held=0 local_candidates=2 yaw=9.96
[depth_angular_controller-1] [INFO] [1791385340.320286713] [depth_angular_controller]: PAPER_BUILD reason=FULL_MOTION_CERTIFICATE required=0.0000 best=0.0000 free=0 refined=0 tubes=24 revoked_tubes=0 proofs=128
[depth_angular_controller-1] [INFO] [1791385340.320292764] [depth_angular_controller]: PAPER_EVIDENCE retained=16 balls=32 revoked_balls=0 expired_views=0 evicted_views=16 radius=0.580 clearance=0.000 best_prefix=0.000
[depth_angular_controller-1] [INFO] [1791385341.480827171] [depth_angular_controller]: GOAL_REFINEMENT checks=3 improvements=2
[depth_angular_controller-1] [INFO] [1791385341.480874671] [depth_angular_controller]: OMNI_DEPTH views=4 azimuth_bins=180 elevation_bins=37 valid=1 certificates=0 short=0 held=0 local_candidates=2 yaw=2.29
[depth_angular_controller-1] [INFO] [1791385341.484776253] [depth_angular_controller]: PAPER_BUILD reason=FULL_MOTION_CERTIFICATE required=0.0000 best=0.0000 free=0 refined=0 tubes=28 revoked_tubes=0 proofs=128
[depth_angular_controller-1] [INFO] [1791385341.484792914] [depth_angular_controller]: PAPER_EVIDENCE retained=16 balls=32 revoked_balls=0 expired_views=0 evicted_views=20 radius=0.580 clearance=0.000 best_prefix=0.000
[position_cmd_to_twist-2] [INFO] [1791385342.340236731] [position_cmd_to_twist]: [PERF BRIDGE] run=p5_goal_polish_explore_20261007_after_ego1p5_1 elapsed=23.59s received=587 published=587 fps(ros/wall)=59.19/58.52 controller_to_bridge_ms(mean/p50/p95/max)=0.937/0.000/0.000/33.333 bridge_process_ms(mean/p95/max)=0.091/0.118/0.648
[depth_angular_controller-1] [INFO] [1791385342.345876209] [depth_angular_controller]: [PERF CTRL] run=p5_goal_polish_explore_20261007_after_ego1p5_1 elapsed=23.70s callbacks=589 commands=588 guidance=469 command_fps(ros/wall)=59.19/58.53 guidance_wall_fps=57.00 avoid_ms(mean/p50/p95/max)=4.351/2.948/12.239/25.163 cycle_ms(mean/p95/max)=17.086/24.434/84.243 depth_to_cmd_ms(mean/p95/max)=42.040/66.667/83.333 callback_to_publish_ms(mean/p95/max)=5.389/14.302/35.901
[depth_angular_controller-1] [INFO] [1791385342.345947563] [depth_angular_controller]: EVIDENCE_COST ingest(mean/p95/max)=1.723/6.300/14.455 record=0.100/0.706/3.874 ms
[depth_angular_controller-1] [INFO] [1791385342.345953374] [depth_angular_controller]: EVIDENCE_PHASE per_view_mean_ms balls=0.086 tubes=0.039 history=0.281 eviction=0.000
[NAV] t=10.0s position=(-50.61,-8.73,2.59) yaw=9.9deg command=(1.99,0.14,-0.03) manual_active=1 collision_blocks=0
[depth_angular_controller-1] [INFO] [1791385342.442975208] [depth_angular_controller]: GOAL_REFINEMENT checks=3 improvements=0
[depth_angular_controller-1] [INFO] [1791385342.443011226] [depth_angular_controller]: OMNI_DEPTH views=4 azimuth_bins=180 elevation_bins=37 valid=1 certificates=0 short=0 held=0 local_candidates=3 yaw=-7.97
[depth_angular_controller-1] [INFO] [1791385342.443182979] [depth_angular_controller]: PAPER_BUILD reason=FULL_MOTION_CERTIFICATE required=0.0000 best=0.0000 free=0 refined=0 tubes=32 revoked_tubes=0 proofs=128
[depth_angular_controller-1] [INFO] [1791385342.443187818] [depth_angular_controller]: PAPER_EVIDENCE retained=16 balls=32 revoked_balls=0 expired_views=0 evicted_views=24 radius=0.580 clearance=0.000 best_prefix=0.000
[depth_angular_controller-1] [INFO] [1791385343.400712126] [depth_angular_controller]: GOAL_REFINEMENT checks=3 improvements=0
[depth_angular_controller-1] [INFO] [1791385343.400756860] [depth_angular_controller]: OMNI_DEPTH views=4 azimuth_bins=180 elevation_bins=37 valid=1 certificates=0 short=0 held=0 local_candidates=2 yaw=-9.66
[depth_angular_controller-1] [INFO] [1791385343.401023821] [depth_angular_controller]: PAPER_BUILD reason=FULL_MOTION_CERTIFICATE required=0.0000 best=0.0000 free=0 refined=0 tubes=36 revoked_tubes=0 proofs=128
[depth_angular_controller-1] [INFO] [1791385343.401030684] [depth_angular_controller]: PAPER_EVIDENCE retained=16 balls=32 revoked_balls=0 expired_views=0 evicted_views=28 radius=0.580 clearance=0.000 best_prefix=0.000
[depth_angular_controller-1] [INFO] [1791385344.422148324] [depth_angular_controller]: GOAL_REFINEMENT checks=3 improvements=0
[depth_angular_controller-1] [INFO] [1791385344.422184451] [depth_angular_controller]: OMNI_DEPTH views=4 azimuth_bins=180 elevation_bins=37 valid=1 certificates=0 short=0 held=0 local_candidates=2 yaw=-6.53
[depth_angular_controller-1] [INFO] [1791385344.422588972] [depth_angular_controller]: PAPER_BUILD reason=FULL_MOTION_CERTIFICATE required=0.0000 best=0.0000 free=0 refined=0 tubes=40 revoked_tubes=0 proofs=128
[depth_angular_controller-1] [INFO] [1791385344.422601215] [depth_angular_controller]: PAPER_EVIDENCE retained=16 balls=32 revoked_balls=0 expired_views=0 evicted_views=32 radius=0.580 clearance=0.000 best_prefix=0.000
[depth_angular_controller-1] [INFO] [1791385345.582088354] [depth_angular_controller]: GOAL_REFINEMENT checks=3 improvements=3
[depth_angular_controller-1] [INFO] [1791385345.582127617] [depth_angular_controller]: OMNI_DEPTH views=4 azimuth_bins=180 elevation_bins=37 valid=1 certificates=0 short=0 held=0 local_candidates=2 yaw=10.66
[depth_angular_controller-1] [INFO] [1791385345.582866406] [depth_angular_controller]: PAPER_BUILD reason=FULL_MOTION_CERTIFICATE required=0.0000 best=0.0000 free=0 refined=0 tubes=44 revoked_tubes=0 proofs=128
[depth_angular_controller-1] [INFO] [1791385345.582883648] [depth_angular_controller]: PAPER_EVIDENCE retained=16 balls=32 revoked_balls=0 expired_views=0 evicted_views=36 radius=0.580 clearance=0.000 best_prefix=0.000
[depth_angular_controller-1] [INFO] [1791385346.546104040] [depth_angular_controller]: GOAL_REFINEMENT checks=3 improvements=3
[depth_angular_controller-1] [INFO] [1791385346.546145799] [depth_angular_controller]: OMNI_DEPTH views=4 azimuth_bins=180 elevation_bins=37 valid=1 certificates=0 short=0 held=0 local_candidates=3 yaw=10.79
[depth_angular_controller-1] [INFO] [1791385346.548347947] [depth_angular_controller]: PAPER_BUILD reason=FULL_MOTION_CERTIFICATE required=0.0000 best=0.0000 free=0 refined=0 tubes=48 revoked_tubes=0 proofs=128
[depth_angular_controller-1] [INFO] [1791385346.548376301] [depth_angular_controller]: PAPER_EVIDENCE retained=16 balls=32 revoked_balls=0 expired_views=0 evicted_views=40 radius=0.580 clearance=0.000 best_prefix=0.000
[depth_angular_controller-1] [INFO] [1791385347.356818997] [depth_angular_controller]: [PERF CTRL] run=p5_goal_polish_explore_20261007_after_ego1p5_1 elapsed=28.71s callbacks=884 commands=883 guidance=764 command_fps(ros/wall)=59.33/58.64 guidance_wall_fps=57.71 avoid_ms(mean/p50/p95/max)=4.296/3.402/11.929/25.163 cycle_ms(mean/p95/max)=17.053/24.971/84.243 depth_to_cmd_ms(mean/p95/max)=41.230/66.667/83.333 callback_to_publish_ms(mean/p95/max)=5.844/14.786/35.901
[depth_angular_controller-1] [INFO] [1791385347.356925708] [depth_angular_controller]: EVIDENCE_COST ingest(mean/p95/max)=1.914/6.374/15.887 record=0.120/0.783/3.874 ms
[depth_angular_controller-1] [INFO] [1791385347.356933553] [depth_angular_controller]: EVIDENCE_PHASE per_view_mean_ms balls=0.093 tubes=0.066 history=0.295 eviction=0.001
[position_cmd_to_twist-2] [INFO] [1791385347.399698050] [position_cmd_to_twist]: [PERF BRIDGE] run=p5_goal_polish_explore_20261007_after_ego1p5_1 elapsed=28.65s received=885 published=885 fps(ros/wall)=59.33/58.65 controller_to_bridge_ms(mean/p50/p95/max)=1.149/0.000/16.667/33.333 bridge_process_ms(mean/p95/max)=0.091/0.118/1.128
[NAV] t=15.0s position=(-40.74,-8.53,2.69) yaw=10.7deg command=(1.95,0.42,0.04) manual_active=1 collision_blocks=0
[depth_angular_controller-1] [INFO] [1791385347.496083218] [depth_angular_controller]: GOAL_REFINEMENT checks=3 improvements=0
[depth_angular_controller-1] [INFO] [1791385347.496128734] [depth_angular_controller]: OMNI_DEPTH views=4 azimuth_bins=180 elevation_bins=37 valid=1 certificates=0 short=0 held=0 local_candidates=3 yaw=13.10
[depth_angular_controller-1] [INFO] [1791385347.496802099] [depth_angular_controller]: PAPER_BUILD reason=FULL_MOTION_CERTIFICATE required=0.0000 best=0.0000 free=0 refined=0 tubes=52 revoked_tubes=0 proofs=128
[depth_angular_controller-1] [INFO] [1791385347.496994070] [depth_angular_controller]: PAPER_EVIDENCE retained=16 balls=32 revoked_balls=0 expired_views=0 evicted_views=44 radius=0.580 clearance=0.000 best_prefix=0.000
[depth_angular_controller-1] [INFO] [1791385348.574434417] [depth_angular_controller]: GOAL_REFINEMENT checks=3 improvements=3
[depth_angular_controller-1] [INFO] [1791385348.574482778] [depth_angular_controller]: OMNI_DEPTH views=4 azimuth_bins=180 elevation_bins=37 valid=1 certificates=0 short=0 held=0 local_candidates=3 yaw=14.96
[depth_angular_controller-1] [INFO] [1791385348.574831894] [depth_angular_controller]: PAPER_BUILD reason=FULL_MOTION_CERTIFICATE required=0.0000 best=0.0000 free=0 refined=0 tubes=56 revoked_tubes=0 proofs=128
[depth_angular_controller-1] [INFO] [1791385348.574837104] [depth_angular_controller]: PAPER_EVIDENCE retained=16 balls=32 revoked_balls=0 expired_views=0 evicted_views=47 radius=0.580 clearance=0.000 best_prefix=0.000
[depth_angular_controller-1] [INFO] [1791385349.724481656] [depth_angular_controller]: GOAL_REFINEMENT checks=3 improvements=1
[depth_angular_controller-1] [INFO] [1791385349.724527893] [depth_angular_controller]: OMNI_DEPTH views=4 azimuth_bins=180 elevation_bins=37 valid=1 certificates=0 short=0 held=0 local_candidates=2 yaw=38.04
[depth_angular_controller-1] [INFO] [1791385349.724980573] [depth_angular_controller]: PAPER_BUILD reason=FULL_MOTION_CERTIFICATE required=0.0000 best=0.0000 free=0 refined=0 tubes=60 revoked_tubes=0 proofs=128
[depth_angular_controller-1] [INFO] [1791385349.724985583] [depth_angular_controller]: PAPER_EVIDENCE retained=16 balls=32 revoked_balls=0 expired_views=0 evicted_views=51 radius=0.580 clearance=0.000 best_prefix=0.000
[depth_angular_controller-1] [INFO] [1791385350.677465691] [depth_angular_controller]: GOAL_REFINEMENT checks=3 improvements=0
[depth_angular_controller-1] [INFO] [1791385350.677514923] [depth_angular_controller]: OMNI_DEPTH views=4 azimuth_bins=180 elevation_bins=37 valid=1 certificates=0 short=0 held=0 local_candidates=3 yaw=48.83
[depth_angular_controller-1] [INFO] [1791385350.678090355] [depth_angular_controller]: PAPER_BUILD reason=FULL_MOTION_CERTIFICATE required=0.0000 best=0.0000 free=0 refined=0 tubes=65 revoked_tubes=0 proofs=128
[depth_angular_controller-1] [INFO] [1791385350.678113228] [depth_angular_controller]: PAPER_EVIDENCE retained=16 balls=32 revoked_balls=0 expired_views=0 evicted_views=55 radius=0.580 clearance=0.000 best_prefix=0.000
[depth_angular_controller-1] [INFO] [1791385351.597378154] [depth_angular_controller]: COMPUTE_DEADLINE
[depth_angular_controller-1] [INFO] [1791385351.617812055] [depth_angular_controller]: DEPTH_PROPOSAL_CERTIFIED
[depth_angular_controller-1] [INFO] [1791385351.713405556] [depth_angular_controller]: GOAL_REFINEMENT checks=3 improvements=0
[depth_angular_controller-1] [INFO] [1791385351.713448546] [depth_angular_controller]: OMNI_DEPTH views=4 azimuth_bins=180 elevation_bins=37 valid=1 certificates=0 short=0 held=0 local_candidates=3 yaw=51.42
[depth_angular_controller-1] [INFO] [1791385351.716626008] [depth_angular_controller]: PAPER_BUILD reason=FULL_MOTION_CERTIFICATE required=0.0000 best=0.0000 free=0 refined=0 tubes=68 revoked_tubes=0 proofs=128
[depth_angular_controller-1] [INFO] [1791385351.716639794] [depth_angular_controller]: PAPER_EVIDENCE retained=16 balls=32 revoked_balls=0 expired_views=0 evicted_views=59 radius=0.580 clearance=0.000 best_prefix=0.000
[depth_angular_controller-1] [INFO] [1791385352.405608652] [depth_angular_controller]: [PERF CTRL] run=p5_goal_polish_explore_20261007_after_ego1p5_1 elapsed=33.76s callbacks=1132 commands=1131 guidance=1012 command_fps(ros/wall)=57.90/56.25 guidance_wall_fps=55.34 avoid_ms(mean/p50/p95/max)=5.111/3.448/14.727/151.118 cycle_ms(mean/p95/max)=17.778/28.834/155.939 depth_to_cmd_ms(mean/p95/max)=40.086/66.667/83.333 callback_to_publish_ms(mean/p95/max)=6.747/18.471/155.882
[depth_angular_controller-1] [INFO] [1791385352.405716845] [depth_angular_controller]: EVIDENCE_COST ingest(mean/p95/max)=1.975/6.374/15.887 record=0.103/0.673/3.874 ms
[depth_angular_controller-1] [INFO] [1791385352.405722546] [depth_angular_controller]: EVIDENCE_PHASE per_view_mean_ms balls=0.097 tubes=0.065 history=0.307 eviction=0.001
[depth_angular_controller-1] [INFO] [1791385352.405736812] [depth_angular_controller]: COMPUTE_DEADLINE
[depth_angular_controller-1] [INFO] [1791385352.431525027] [depth_angular_controller]: DEPTH_PROPOSAL_CERTIFIED
[position_cmd_to_twist-2] [INFO] [1791385352.694122710] [position_cmd_to_twist]: [PERF BRIDGE] run=p5_goal_polish_explore_20261007_after_ego1p5_1 elapsed=33.95s received=1143 published=1143 fps(ros/wall)=57.48/56.10 controller_to_bridge_ms(mean/p50/p95/max)=2.158/0.000/16.667/100.000 bridge_process_ms(mean/p95/max)=0.091/0.118/1.128
[NAV] t=20.0s position=(-33.64,-4.83,3.38) yaw=9.3deg command=(0.29,0.40,0.07) manual_active=1 collision_blocks=0
[depth_angular_controller-1] [INFO] [1791385352.801423361] [depth_angular_controller]: PAPER_BUILD reason=FULL_MOTION_CERTIFICATE required=0.0000 best=0.0000 free=0 refined=0 tubes=70 revoked_tubes=0 proofs=128
[depth_angular_controller-1] [INFO] [1791385352.801464979] [depth_angular_controller]: PAPER_EVIDENCE retained=16 balls=32 revoked_balls=0 expired_views=0 evicted_views=62 radius=0.580 clearance=0.000 best_prefix=0.000
[depth_angular_controller-1] [INFO] [1791385352.818878535] [depth_angular_controller]: GOAL_REFINEMENT checks=3 improvements=0
[depth_angular_controller-1] [INFO] [1791385352.819290960] [depth_angular_controller]: OMNI_DEPTH views=4 azimuth_bins=180 elevation_bins=37 valid=1 certificates=0 short=0 held=0 local_candidates=1 yaw=70.47
[depth_angular_controller-1] [INFO] [1791385352.934174833] [depth_angular_controller]: COMPUTE_DEADLINE
[depth_angular_controller-1] [INFO] [1791385352.978032615] [depth_angular_controller]: DEPTH_PROPOSAL_CERTIFIED
[depth_angular_controller-1] [INFO] [1791385353.785965053] [depth_angular_controller]: GOAL_REFINEMENT checks=3 improvements=0
[depth_angular_controller-1] [INFO] [1791385353.786006250] [depth_angular_controller]: OMNI_DEPTH views=4 azimuth_bins=180 elevation_bins=37 valid=1 certificates=0 short=0 held=0 local_candidates=2 yaw=47.28
[depth_angular_controller-1] [INFO] [1791385353.788760426] [depth_angular_controller]: PAPER_BUILD reason=FULL_MOTION_CERTIFICATE required=0.0000 best=0.0000 free=0 refined=0 tubes=71 revoked_tubes=0 proofs=128
[depth_angular_controller-1] [INFO] [1791385353.788788319] [depth_angular_controller]: PAPER_EVIDENCE retained=16 balls=32 revoked_balls=0 expired_views=0 evicted_views=67 radius=0.580 clearance=0.000 best_prefix=0.000
[depth_angular_controller-1] [INFO] [1791385354.859504369] [depth_angular_controller]: GOAL_REFINEMENT checks=3 improvements=3
[depth_angular_controller-1] [INFO] [1791385354.859545937] [depth_angular_controller]: OMNI_DEPTH views=4 azimuth_bins=180 elevation_bins=37 valid=1 certificates=0 short=0 held=0 local_candidates=2 yaw=8.48
[depth_angular_controller-1] [INFO] [1791385354.859809162] [depth_angular_controller]: PAPER_BUILD reason=FULL_MOTION_CERTIFICATE required=0.0000 best=0.0000 free=0 refined=0 tubes=75 revoked_tubes=0 proofs=128
[depth_angular_controller-1] [INFO] [1791385354.859815814] [depth_angular_controller]: PAPER_EVIDENCE retained=16 balls=32 revoked_balls=0 expired_views=0 evicted_views=71 radius=0.580 clearance=0.000 best_prefix=0.000
[depth_angular_controller-1] [INFO] [1791385355.817780590] [depth_angular_controller]: GOAL_REFINEMENT checks=3 improvements=0
[depth_angular_controller-1] [INFO] [1791385355.817825925] [depth_angular_controller]: OMNI_DEPTH views=4 azimuth_bins=180 elevation_bins=37 valid=1 certificates=0 short=0 held=0 local_candidates=3 yaw=8.53
[depth_angular_controller-1] [INFO] [1791385355.818100571] [depth_angular_controller]: PAPER_BUILD reason=FULL_MOTION_CERTIFICATE required=0.0000 best=0.0000 free=0 refined=0 tubes=79 revoked_tubes=0 proofs=128
[depth_angular_controller-1] [INFO] [1791385355.818105380] [depth_angular_controller]: PAPER_EVIDENCE retained=16 balls=32 revoked_balls=0 expired_views=0 evicted_views=75 radius=0.580 clearance=0.000 best_prefix=0.000
[depth_angular_controller-1] [INFO] [1791385356.907034608] [depth_angular_controller]: COMPUTE_DEADLINE
[depth_angular_controller-1] [INFO] [1791385356.952324252] [depth_angular_controller]: DEPTH_PROPOSAL_CERTIFIED
[depth_angular_controller-1] [INFO] [1791385356.979908171] [depth_angular_controller]: GOAL_REFINEMENT checks=3 improvements=0
[depth_angular_controller-1] [INFO] [1791385356.979958155] [depth_angular_controller]: OMNI_DEPTH views=4 azimuth_bins=180 elevation_bins=37 valid=1 certificates=0 short=0 held=0 local_candidates=3 yaw=8.44
[depth_angular_controller-1] [INFO] [1791385356.995587337] [depth_angular_controller]: PAPER_BUILD reason=FULL_MOTION_CERTIFICATE required=0.0000 best=0.0000 free=0 refined=0 tubes=83 revoked_tubes=0 proofs=128
[depth_angular_controller-1] [INFO] [1791385356.995620739] [depth_angular_controller]: PAPER_EVIDENCE retained=16 balls=32 revoked_balls=0 expired_views=0 evicted_views=79 radius=0.580 clearance=0.000 best_prefix=0.000
[depth_angular_controller-1] [INFO] [1791385357.413896300] [depth_angular_controller]: [PERF CTRL] run=p5_goal_polish_explore_20261007_after_ego1p5_1 elapsed=38.77s callbacks=1347 commands=1346 guidance=1227 command_fps(ros/wall)=55.05/53.59 guidance_wall_fps=52.67 avoid_ms(mean/p50/p95/max)=6.543/3.644/23.302/169.805 cycle_ms(mean/p95/max)=18.660/34.910/172.282 depth_to_cmd_ms(mean/p95/max)=38.726/66.667/83.333 callback_to_publish_ms(mean/p95/max)=8.342/26.915/172.215
[depth_angular_controller-1] [INFO] [1791385357.414030733] [depth_angular_controller]: EVIDENCE_COST ingest(mean/p95/max)=2.144/6.824/15.887 record=0.139/1.035/3.874 ms
[depth_angular_controller-1] [INFO] [1791385357.414038397] [depth_angular_controller]: EVIDENCE_PHASE per_view_mean_ms balls=0.103 tubes=0.080 history=0.328 eviction=0.001
[position_cmd_to_twist-2] [INFO] [1791385358.022048328] [position_cmd_to_twist]: [PERF BRIDGE] run=p5_goal_polish_explore_20261007_after_ego1p5_1 elapsed=39.27s received=1357 published=1356 fps(ros/wall)=54.46/52.75 controller_to_bridge_ms(mean/p50/p95/max)=4.102/0.000/33.333/116.667 bridge_process_ms(mean/p95/max)=0.092/0.119/1.128
[NAV] t=25.0s position=(-27.39,-2.11,3.20) yaw=8.3deg command=(1.58,0.23,-0.10) manual_active=1 collision_blocks=0
[depth_angular_controller-1] [INFO] [1791385358.145102265] [depth_angular_controller]: GOAL_REFINEMENT checks=3 improvements=2
[depth_angular_controller-1] [INFO] [1791385358.145144213] [depth_angular_controller]: OMNI_DEPTH views=4 azimuth_bins=180 elevation_bins=37 valid=1 certificates=0 short=0 held=0 local_candidates=3 yaw=8.42
[depth_angular_controller-1] [INFO] [1791385358.166202649] [depth_angular_controller]: COMPUTE_DEADLINE
[depth_angular_controller-1] [INFO] [1791385358.166234248] [depth_angular_controller]: PAPER_BUILD reason=FULL_MOTION_CERTIFICATE required=0.0000 best=0.0000 free=0 refined=0 tubes=86 revoked_tubes=0 proofs=128
[depth_angular_controller-1] [INFO] [1791385358.166242514] [depth_angular_controller]: PAPER_EVIDENCE retained=16 balls=32 revoked_balls=0 expired_views=0 evicted_views=82 radius=0.580 clearance=0.000 best_prefix=0.000
[depth_angular_controller-1] [INFO] [1791385358.403925815] [depth_angular_controller]: DEPTH_PROPOSAL_CERTIFIED
[depth_angular_controller-1] [INFO] [1791385359.092398320] [depth_angular_controller]: GOAL_REFINEMENT checks=3 improvements=3
[depth_angular_controller-1] [INFO] [1791385359.092443505] [depth_angular_controller]: OMNI_DEPTH views=4 azimuth_bins=180 elevation_bins=37 valid=1 certificates=0 short=0 held=0 local_candidates=3 yaw=8.40
[depth_angular_controller-1] [INFO] [1791385359.111603543] [depth_angular_controller]: PAPER_BUILD reason=FULL_MOTION_CERTIFICATE required=0.0000 best=0.0000 free=0 refined=0 tubes=91 revoked_tubes=0 proofs=128
[depth_angular_controller-1] [INFO] [1791385359.111638799] [depth_angular_controller]: PAPER_EVIDENCE retained=16 balls=32 revoked_balls=0 expired_views=0 evicted_views=88 radius=0.580 clearance=0.000 best_prefix=0.000
[depth_angular_controller-1] [INFO] [1791385360.233090798] [depth_angular_controller]: GOAL_REFINEMENT checks=3 improvements=3
[depth_angular_controller-1] [INFO] [1791385360.233137736] [depth_angular_controller]: OMNI_DEPTH views=4 azimuth_bins=180 elevation_bins=37 valid=1 certificates=0 short=0 held=0 local_candidates=3 yaw=8.17
[depth_angular_controller-1] [INFO] [1791385360.250714799] [depth_angular_controller]: PAPER_BUILD reason=FULL_MOTION_CERTIFICATE required=0.0000 best=0.0000 free=0 refined=0 tubes=94 revoked_tubes=0 proofs=128
[depth_angular_controller-1] [INFO] [1791385360.250748232] [depth_angular_controller]: PAPER_EVIDENCE retained=16 balls=32 revoked_balls=0 expired_views=0 evicted_views=92 radius=0.580 clearance=0.000 best_prefix=0.000
[depth_angular_controller-1] [INFO] [1791385361.186811668] [depth_angular_controller]: GOAL_REFINEMENT checks=0 improvements=0
[depth_angular_controller-1] [INFO] [1791385361.186853997] [depth_angular_controller]: OMNI_DEPTH views=4 azimuth_bins=180 elevation_bins=37 valid=1 certificates=0 short=0 held=0 local_candidates=1 yaw=8.29
[depth_angular_controller-1] [INFO] [1791385361.205909338] [depth_angular_controller]: PAPER_BUILD reason=FULL_MOTION_CERTIFICATE required=0.0000 best=0.0000 free=0 refined=0 tubes=98 revoked_tubes=0 proofs=128
[depth_angular_controller-1] [INFO] [1791385361.205943222] [depth_angular_controller]: PAPER_EVIDENCE retained=16 balls=32 revoked_balls=0 expired_views=0 evicted_views=96 radius=0.580 clearance=0.000 best_prefix=0.000
[depth_angular_controller-1] [INFO] [1791385362.318138585] [depth_angular_controller]: GOAL_REFINEMENT checks=0 improvements=0
[depth_angular_controller-1] [INFO] [1791385362.318183880] [depth_angular_controller]: OMNI_DEPTH views=4 azimuth_bins=180 elevation_bins=37 valid=1 certificates=0 short=0 held=0 local_candidates=1 yaw=8.29
[depth_angular_controller-1] [INFO] [1791385362.338050395] [depth_angular_controller]: PAPER_BUILD reason=FULL_MOTION_CERTIFICATE required=0.0000 best=0.0000 free=0 refined=0 tubes=102 revoked_tubes=0 proofs=128
[depth_angular_controller-1] [INFO] [1791385362.338088096] [depth_angular_controller]: PAPER_EVIDENCE retained=16 balls=32 revoked_balls=0 expired_views=0 evicted_views=100 radius=0.580 clearance=0.000 best_prefix=0.000
[depth_angular_controller-1] [INFO] [1791385362.418849412] [depth_angular_controller]: [PERF CTRL] run=p5_goal_polish_explore_20261007_after_ego1p5_1 elapsed=43.78s callbacks=1589 commands=1588 guidance=1469 command_fps(ros/wall)=54.47/52.72 guidance_wall_fps=51.90 avoid_ms(mean/p50/p95/max)=6.274/2.807/24.321/169.805 cycle_ms(mean/p95/max)=18.968/36.915/172.282 depth_to_cmd_ms(mean/p95/max)=38.359/66.667/83.333 callback_to_publish_ms(mean/p95/max)=8.262/28.812/172.215
[depth_angular_controller-1] [INFO] [1791385362.418999253] [depth_angular_controller]: EVIDENCE_COST ingest(mean/p95/max)=2.169/6.773/15.887 record=0.196/1.213/13.706 ms
[depth_angular_controller-1] [INFO] [1791385362.419006868] [depth_angular_controller]: EVIDENCE_PHASE per_view_mean_ms balls=0.100 tubes=0.074 history=0.342 eviction=0.001
[position_cmd_to_twist-2] [INFO] [1791385363.163092908] [position_cmd_to_twist]: [PERF BRIDGE] run=p5_goal_polish_explore_20261007_after_ego1p5_1 elapsed=44.41s received=1634 published=1632 fps(ros/wall)=54.62/52.90 controller_to_bridge_ms(mean/p50/p95/max)=3.774/0.000/33.333/116.667 bridge_process_ms(mean/p95/max)=0.092/0.119/1.133
[NAV] t=30.0s position=(-18.58,-0.83,3.11) yaw=8.3deg command=(1.98,0.26,0.01) manual_active=1 collision_blocks=0
[depth_angular_controller-1] [INFO] [1791385363.336810508] [depth_angular_controller]: GOAL_REFINEMENT checks=3 improvements=3
[depth_angular_controller-1] [INFO] [1791385363.336860211] [depth_angular_controller]: OMNI_DEPTH views=4 azimuth_bins=180 elevation_bins=37 valid=1 certificates=0 short=0 held=0 local_candidates=3 yaw=10.37
[depth_angular_controller-1] [INFO] [1791385363.354348277] [depth_angular_controller]: PAPER_BUILD reason=FULL_MOTION_CERTIFICATE required=0.0000 best=0.0000 free=0 refined=0 tubes=106 revoked_tubes=0 proofs=128
[depth_angular_controller-1] [INFO] [1791385363.354385016] [depth_angular_controller]: PAPER_EVIDENCE retained=16 balls=32 revoked_balls=0 expired_views=0 evicted_views=104 radius=0.580 clearance=0.000 best_prefix=0.000
[depth_angular_controller-1] [INFO] [1791385364.280121724] [depth_angular_controller]: GOAL_REFINEMENT checks=3 improvements=3
[depth_angular_controller-1] [INFO] [1791385364.280170075] [depth_angular_controller]: OMNI_DEPTH views=4 azimuth_bins=180 elevation_bins=37 valid=1 certificates=0 short=0 held=0 local_candidates=3 yaw=11.61
[depth_angular_controller-1] [INFO] [1791385364.297997428] [depth_angular_controller]: PAPER_BUILD reason=FULL_MOTION_CERTIFICATE required=0.0000 best=0.0000 free=0 refined=0 tubes=110 revoked_tubes=0 proofs=128
[depth_angular_controller-1] [INFO] [1791385364.298033135] [depth_angular_controller]: PAPER_EVIDENCE retained=16 balls=32 revoked_balls=0 expired_views=0 evicted_views=108 radius=0.580 clearance=0.000 best_prefix=0.000
[depth_angular_controller-1] [INFO] [1791385365.294099646] [depth_angular_controller]: GOAL_REFINEMENT checks=3 improvements=0
[depth_angular_controller-1] [INFO] [1791385365.294143859] [depth_angular_controller]: OMNI_DEPTH views=4 azimuth_bins=180 elevation_bins=37 valid=1 certificates=0 short=0 held=0 local_candidates=3 yaw=25.09
[depth_angular_controller-1] [INFO] [1791385365.312680545] [depth_angular_controller]: PAPER_BUILD reason=FULL_MOTION_CERTIFICATE required=0.0000 best=0.0000 free=0 refined=0 tubes=114 revoked_tubes=0 proofs=128
[depth_angular_controller-1] [INFO] [1791385365.312718497] [depth_angular_controller]: PAPER_EVIDENCE retained=16 balls=32 revoked_balls=0 expired_views=0 evicted_views=112 radius=0.580 clearance=0.000 best_prefix=0.000
[depth_angular_controller-1] [INFO] [1791385366.262038125] [depth_angular_controller]: GOAL_REFINEMENT checks=3 improvements=0
[depth_angular_controller-1] [INFO] [1791385366.262081767] [depth_angular_controller]: OMNI_DEPTH views=4 azimuth_bins=180 elevation_bins=37 valid=1 certificates=0 short=0 held=0 local_candidates=3 yaw=28.96
[depth_angular_controller-1] [INFO] [1791385366.278109578] [depth_angular_controller]: PAPER_BUILD reason=FULL_MOTION_CERTIFICATE required=0.0000 best=0.0000 free=0 refined=0 tubes=118 revoked_tubes=0 proofs=128
[depth_angular_controller-1] [INFO] [1791385366.278142911] [depth_angular_controller]: PAPER_EVIDENCE retained=16 balls=32 revoked_balls=0 expired_views=0 evicted_views=116 radius=0.580 clearance=0.000 best_prefix=0.000
[depth_angular_controller-1] [INFO] [1791385367.241724292] [depth_angular_controller]: GOAL_REFINEMENT checks=3 improvements=1
[depth_angular_controller-1] [INFO] [1791385367.241766020] [depth_angular_controller]: OMNI_DEPTH views=4 azimuth_bins=180 elevation_bins=37 valid=1 certificates=0 short=0 held=0 local_candidates=2 yaw=17.63
[depth_angular_controller-1] [INFO] [1791385367.260076832] [depth_angular_controller]: PAPER_BUILD reason=FULL_MOTION_CERTIFICATE required=0.0000 best=0.0000 free=0 refined=0 tubes=122 revoked_tubes=0 proofs=128
[depth_angular_controller-1] [INFO] [1791385367.260105355] [depth_angular_controller]: PAPER_EVIDENCE retained=16 balls=32 revoked_balls=0 expired_views=0 evicted_views=120 radius=0.580 clearance=0.000 best_prefix=0.000
[depth_angular_controller-1] [INFO] [1791385367.478569047] [depth_angular_controller]: [PERF CTRL] run=p5_goal_polish_explore_20261007_after_ego1p5_1 elapsed=48.84s callbacks=1882 commands=1881 guidance=1762 command_fps(ros/wall)=55.05/53.47 guidance_wall_fps=52.81 avoid_ms(mean/p50/p95/max)=5.813/2.590/23.019/169.805 cycle_ms(mean/p95/max)=18.703/34.988/172.282 depth_to_cmd_ms(mean/p95/max)=38.347/66.667/83.333 callback_to_publish_ms(mean/p95/max)=7.811/26.856/172.215
[depth_angular_controller-1] [INFO] [1791385367.479123218] [depth_angular_controller]: EVIDENCE_COST ingest(mean/p95/max)=2.104/6.471/15.887 record=0.171/1.054/13.706 ms
[depth_angular_controller-1] [INFO] [1791385367.479133007] [depth_angular_controller]: EVIDENCE_PHASE per_view_mean_ms balls=0.096 tubes=0.070 history=0.334 eviction=0.001
[position_cmd_to_twist-2] [INFO] [1791385368.206847620] [position_cmd_to_twist]: [PERF BRIDGE] run=p5_goal_polish_explore_20261007_after_ego1p5_1 elapsed=49.46s received=1926 published=1924 fps(ros/wall)=55.16/53.60 controller_to_bridge_ms(mean/p50/p95/max)=3.401/0.000/33.333/116.667 bridge_process_ms(mean/p95/max)=0.092/0.118/1.206
[NAV] t=35.0s position=(-9.22,2.25,2.44) yaw=7.0deg command=(1.97,0.29,-0.05) manual_active=1 collision_blocks=0
[depth_angular_controller-1] [INFO] [1791385368.319455455] [depth_angular_controller]: GOAL_REFINEMENT checks=0 improvements=0
[depth_angular_controller-1] [INFO] [1791385368.319501812] [depth_angular_controller]: OMNI_DEPTH views=4 azimuth_bins=180 elevation_bins=37 valid=1 certificates=0 short=0 held=0 local_candidates=1 yaw=6.97
[depth_angular_controller-1] [INFO] [1791385368.334647486] [depth_angular_controller]: PAPER_BUILD reason=FULL_MOTION_CERTIFICATE required=0.0000 best=0.0000 free=0 refined=0 tubes=126 revoked_tubes=0 proofs=128
[depth_angular_controller-1] [INFO] [1791385368.334685337] [depth_angular_controller]: PAPER_EVIDENCE retained=16 balls=32 revoked_balls=0 expired_views=0 evicted_views=124 radius=0.580 clearance=0.000 best_prefix=0.000
[depth_angular_controller-1] [INFO] [1791385369.262164671] [depth_angular_controller]: GOAL_REFINEMENT checks=0 improvements=0
[depth_angular_controller-1] [INFO] [1791385369.262211429] [depth_angular_controller]: OMNI_DEPTH views=4 azimuth_bins=180 elevation_bins=37 valid=1 certificates=0 short=0 held=0 local_candidates=1 yaw=6.96
[depth_angular_controller-1] [INFO] [1791385369.279247755] [depth_angular_controller]: PAPER_BUILD reason=FULL_MOTION_CERTIFICATE required=0.0000 best=0.0000 free=0 refined=0 tubes=130 revoked_tubes=0 proofs=128
[depth_angular_controller-1] [INFO] [1791385369.279284234] [depth_angular_controller]: PAPER_EVIDENCE retained=16 balls=32 revoked_balls=0 expired_views=0 evicted_views=128 radius=0.580 clearance=0.000 best_prefix=0.000
[depth_angular_controller-1] [INFO] [1791385370.268971125] [depth_angular_controller]: GOAL_REFINEMENT checks=0 improvements=0
[depth_angular_controller-1] [INFO] [1791385370.269016149] [depth_angular_controller]: OMNI_DEPTH views=4 azimuth_bins=180 elevation_bins=37 valid=1 certificates=0 short=0 held=0 local_candidates=1 yaw=6.96
[depth_angular_controller-1] [INFO] [1791385370.287423292] [depth_angular_controller]: PAPER_BUILD reason=FULL_MOTION_CERTIFICATE required=0.0000 best=0.0000 free=0 refined=0 tubes=134 revoked_tubes=0 proofs=128
[depth_angular_controller-1] [INFO] [1791385370.287461093] [depth_angular_controller]: PAPER_EVIDENCE retained=16 balls=32 revoked_balls=0 expired_views=0 evicted_views=132 radius=0.580 clearance=0.000 best_prefix=0.000
[depth_angular_controller-1] [INFO] [1791385371.232123349] [depth_angular_controller]: GOAL_REFINEMENT checks=3 improvements=3
[depth_angular_controller-1] [INFO] [1791385371.232538830] [depth_angular_controller]: OMNI_DEPTH views=4 azimuth_bins=180 elevation_bins=37 valid=1 certificates=0 short=0 held=0 local_candidates=3 yaw=7.38
[depth_angular_controller-1] [INFO] [1791385371.250103109] [depth_angular_controller]: PAPER_BUILD reason=FULL_MOTION_CERTIFICATE required=0.0000 best=0.0000 free=0 refined=0 tubes=138 revoked_tubes=0 proofs=128
[depth_angular_controller-1] [INFO] [1791385371.250134898] [depth_angular_controller]: PAPER_EVIDENCE retained=16 balls=32 revoked_balls=0 expired_views=0 evicted_views=136 radius=0.580 clearance=0.000 best_prefix=0.000
[depth_angular_controller-1] [INFO] [1791385372.185338749] [depth_angular_controller]: GOAL_REFINEMENT checks=3 improvements=3
[depth_angular_controller-1] [INFO] [1791385372.185386268] [depth_angular_controller]: OMNI_DEPTH views=4 azimuth_bins=180 elevation_bins=37 valid=1 certificates=0 short=0 held=0 local_candidates=3 yaw=7.08
[depth_angular_controller-1] [INFO] [1791385372.204026940] [depth_angular_controller]: PAPER_BUILD reason=FULL_MOTION_CERTIFICATE required=0.0000 best=0.0000 free=0 refined=0 tubes=142 revoked_tubes=0 proofs=128
[depth_angular_controller-1] [INFO] [1791385372.204059651] [depth_angular_controller]: PAPER_EVIDENCE retained=16 balls=32 revoked_balls=0 expired_views=0 evicted_views=140 radius=0.580 clearance=0.000 best_prefix=0.000
[depth_angular_controller-1] [INFO] [1791385372.486252981] [depth_angular_controller]: [PERF CTRL] run=p5_goal_polish_explore_20261007_after_ego1p5_1 elapsed=53.84s callbacks=2194 commands=2193 guidance=2074 command_fps(ros/wall)=55.71/54.57 guidance_wall_fps=54.05 avoid_ms(mean/p50/p95/max)=5.095/1.988/21.593/169.805 cycle_ms(mean/p95/max)=18.326/32.672/172.282 depth_to_cmd_ms(mean/p95/max)=38.404/66.667/83.333 callback_to_publish_ms(mean/p95/max)=7.128/24.357/172.215
[depth_angular_controller-1] [INFO] [1791385372.486443609] [depth_angular_controller]: EVIDENCE_COST ingest(mean/p95/max)=2.067/6.368/15.887 record=0.151/0.905/13.706 ms
[depth_angular_controller-1] [INFO] [1791385372.486449109] [depth_angular_controller]: EVIDENCE_PHASE per_view_mean_ms balls=0.093 tubes=0.068 history=0.329 eviction=0.001
[position_cmd_to_twist-2] [INFO] [1791385373.081661519] [position_cmd_to_twist]: [PERF BRIDGE] run=p5_goal_polish_explore_20261007_after_ego1p5_1 elapsed=54.33s received=2226 published=2224 fps(ros/wall)=55.76/54.55 controller_to_bridge_ms(mean/p50/p95/max)=2.950/0.000/33.333/116.667 bridge_process_ms(mean/p95/max)=0.091/0.118/1.206
[NAV] t=40.0s position=(0.70,3.48,2.47) yaw=6.9deg command=(1.98,0.25,0.00) manual_active=1 collision_blocks=0
[depth_angular_controller-1] [INFO] [1791385373.205725785] [depth_angular_controller]: GOAL_REFINEMENT checks=3 improvements=1
[depth_angular_controller-1] [INFO] [1791385373.205766041] [depth_angular_controller]: OMNI_DEPTH views=4 azimuth_bins=180 elevation_bins=37 valid=1 certificates=0 short=0 held=0 local_candidates=3 yaw=8.20
[depth_angular_controller-1] [INFO] [1791385373.221691950] [depth_angular_controller]: PAPER_BUILD reason=FULL_MOTION_CERTIFICATE required=0.0000 best=0.0000 free=0 refined=0 tubes=146 revoked_tubes=0 proofs=128
[depth_angular_controller-1] [INFO] [1791385373.221722859] [depth_angular_controller]: PAPER_EVIDENCE retained=16 balls=32 revoked_balls=0 expired_views=0 evicted_views=144 radius=0.580 clearance=0.000 best_prefix=0.000
[depth_angular_controller-1] [INFO] [1791385374.346387756] [depth_angular_controller]: GOAL_REFINEMENT checks=3 improvements=0
[depth_angular_controller-1] [INFO] [1791385374.346427701] [depth_angular_controller]: OMNI_DEPTH views=4 azimuth_bins=180 elevation_bins=37 valid=1 certificates=0 short=0 held=0 local_candidates=2 yaw=8.36
[depth_angular_controller-1] [INFO] [1791385374.368212471] [depth_angular_controller]: PAPER_BUILD reason=FULL_MOTION_CERTIFICATE required=0.0000 best=0.0000 free=0 refined=0 tubes=150 revoked_tubes=0 proofs=128
[depth_angular_controller-1] [INFO] [1791385374.368254710] [depth_angular_controller]: PAPER_EVIDENCE retained=16 balls=32 revoked_balls=0 expired_views=0 evicted_views=148 radius=0.580 clearance=0.000 best_prefix=0.000
[depth_angular_controller-1] [INFO] [1791385375.372252286] [depth_angular_controller]: GOAL_REFINEMENT checks=3 improvements=3
[depth_angular_controller-1] [INFO] [1791385375.372294204] [depth_angular_controller]: OMNI_DEPTH views=4 azimuth_bins=180 elevation_bins=37 valid=1 certificates=0 short=0 held=0 local_candidates=2 yaw=8.28
[depth_angular_controller-1] [INFO] [1791385375.398746467] [depth_angular_controller]: PAPER_BUILD reason=FULL_MOTION_CERTIFICATE required=0.0000 best=0.0000 free=0 refined=0 tubes=154 revoked_tubes=0 proofs=128
[depth_angular_controller-1] [INFO] [1791385375.398790790] [depth_angular_controller]: PAPER_EVIDENCE retained=16 balls=32 revoked_balls=0 expired_views=0 evicted_views=152 radius=0.580 clearance=0.000 best_prefix=0.000
[depth_angular_controller-1] [INFO] [1791385376.526266650] [depth_angular_controller]: GOAL_REFINEMENT checks=3 improvements=0
[depth_angular_controller-1] [INFO] [1791385376.526307586] [depth_angular_controller]: OMNI_DEPTH views=4 azimuth_bins=180 elevation_bins=37 valid=1 certificates=0 short=0 held=0 local_candidates=3 yaw=13.03
[depth_angular_controller-1] [INFO] [1791385376.546711442] [depth_angular_controller]: PAPER_BUILD reason=FULL_MOTION_CERTIFICATE required=0.0000 best=0.0000 free=0 refined=0 tubes=158 revoked_tubes=0 proofs=128
[depth_angular_controller-1] [INFO] [1791385376.546745365] [depth_angular_controller]: PAPER_EVIDENCE retained=16 balls=32 revoked_balls=0 expired_views=0 evicted_views=156 radius=0.580 clearance=0.000 best_prefix=0.000
[depth_angular_controller-1] [INFO] [1791385377.497158729] [depth_angular_controller]: [PERF CTRL] run=p5_goal_polish_explore_20261007_after_ego1p5_1 elapsed=58.85s callbacks=2468 commands=2467 guidance=2348 command_fps(ros/wall)=56.09/54.58 guidance_wall_fps=54.13 avoid_ms(mean/p50/p95/max)=5.107/2.315/20.098/169.805 cycle_ms(mean/p95/max)=18.321/31.963/172.282 depth_to_cmd_ms(mean/p95/max)=38.352/66.667/83.333 callback_to_publish_ms(mean/p95/max)=7.216/23.511/172.215
[depth_angular_controller-1] [INFO] [1791385377.497389683] [depth_angular_controller]: EVIDENCE_COST ingest(mean/p95/max)=2.115/6.478/15.887 record=0.149/0.907/13.706 ms
[depth_angular_controller-1] [INFO] [1791385377.497398099] [depth_angular_controller]: EVIDENCE_PHASE per_view_mean_ms balls=0.094 tubes=0.074 history=0.333 eviction=0.001
[depth_angular_controller-1] [INFO] [1791385377.537417618] [depth_angular_controller]: GOAL_REFINEMENT checks=3 improvements=0
[depth_angular_controller-1] [INFO] [1791385377.537454808] [depth_angular_controller]: OMNI_DEPTH views=4 azimuth_bins=180 elevation_bins=37 valid=1 certificates=0 short=0 held=0 local_candidates=3 yaw=49.03
[depth_angular_controller-1] [INFO] [1791385377.547630542] [depth_angular_controller]: PAPER_BUILD reason=FULL_MOTION_CERTIFICATE required=0.0000 best=0.0000 free=0 refined=0 tubes=163 revoked_tubes=0 proofs=128
[depth_angular_controller-1] [INFO] [1791385377.547666970] [depth_angular_controller]: PAPER_EVIDENCE retained=16 balls=32 revoked_balls=0 expired_views=0 evicted_views=159 radius=0.580 clearance=0.000 best_prefix=0.000
[position_cmd_to_twist-2] [INFO] [1791385378.384572076] [position_cmd_to_twist]: [PERF BRIDGE] run=p5_goal_polish_explore_20261007_after_ego1p5_1 elapsed=59.64s received=2517 published=2515 fps(ros/wall)=56.04/54.58 controller_to_bridge_ms(mean/p50/p95/max)=2.894/0.000/16.667/116.667 bridge_process_ms(mean/p95/max)=0.091/0.118/1.206
[NAV] t=45.0s position=(9.68,6.11,2.22) yaw=5.4deg command=(0.93,0.99,0.13) manual_active=1 collision_blocks=0
[depth_angular_controller-1] [INFO] [1791385378.507808226] [depth_angular_controller]: GOAL_REFINEMENT checks=3 improvements=0
[depth_angular_controller-1] [INFO] [1791385378.507848371] [depth_angular_controller]: OMNI_DEPTH views=4 azimuth_bins=180 elevation_bins=37 valid=1 certificates=0 short=0 held=0 local_candidates=2 yaw=59.09
[depth_angular_controller-1] [INFO] [1791385378.520989147] [depth_angular_controller]: PAPER_BUILD reason=FULL_MOTION_CERTIFICATE required=0.0000 best=0.0000 free=0 refined=0 tubes=166 revoked_tubes=0 proofs=128
[depth_angular_controller-1] [INFO] [1791385378.521021217] [depth_angular_controller]: PAPER_EVIDENCE retained=16 balls=32 revoked_balls=0 expired_views=0 evicted_views=163 radius=0.580 clearance=0.000 best_prefix=0.000
[depth_angular_controller-1] [INFO] [1791385379.304910230] [depth_angular_controller]: COMPUTE_DEADLINE
[depth_angular_controller-1] [INFO] [1791385379.334251902] [depth_angular_controller]: DEPTH_PROPOSAL_CERTIFIED
[depth_angular_controller-1] [INFO] [1791385379.460910553] [depth_angular_controller]: GOAL_REFINEMENT checks=3 improvements=0
[depth_angular_controller-1] [INFO] [1791385379.460953403] [depth_angular_controller]: OMNI_DEPTH views=4 azimuth_bins=180 elevation_bins=37 valid=1 certificates=0 short=0 held=0 local_candidates=1 yaw=70.00
[depth_angular_controller-1] [INFO] [1791385379.480000088] [depth_angular_controller]: PAPER_BUILD reason=FULL_MOTION_CERTIFICATE required=0.0000 best=0.0000 free=0 refined=0 tubes=168 revoked_tubes=0 proofs=128
[depth_angular_controller-1] [INFO] [1791385379.480037278] [depth_angular_controller]: PAPER_EVIDENCE retained=16 balls=32 revoked_balls=0 expired_views=0 evicted_views=168 radius=0.580 clearance=0.000 best_prefix=0.000
[depth_angular_controller-1] [INFO] [1791385379.755805954] [depth_angular_controller]: COMPUTE_DEADLINE
[depth_angular_controller-1] [INFO] [1791385379.792086887] [depth_angular_controller]: DEPTH_PROPOSAL_CERTIFIED
[depth_angular_controller-1] [INFO] [1791385380.221374172] [depth_angular_controller]: COMPUTE_DEADLINE
[depth_angular_controller-1] [INFO] [1791385380.277085621] [depth_angular_controller]: DEPTH_PROPOSAL_CERTIFIED
[depth_angular_controller-1] [INFO] [1791385380.490904253] [depth_angular_controller]: GOAL_REFINEMENT checks=3 improvements=0
[depth_angular_controller-1] [INFO] [1791385380.490948336] [depth_angular_controller]: OMNI_DEPTH views=4 azimuth_bins=180 elevation_bins=37 valid=1 certificates=0 short=0 held=0 local_candidates=1 yaw=84.00
[depth_angular_controller-1] [INFO] [1791385380.501735418] [depth_angular_controller]: PAPER_BUILD reason=FULL_MOTION_CERTIFICATE required=0.0000 best=0.0000 free=0 refined=0 tubes=169 revoked_tubes=0 proofs=128
[depth_angular_controller-1] [INFO] [1791385380.501757259] [depth_angular_controller]: PAPER_EVIDENCE retained=16 balls=32 revoked_balls=0 expired_views=0 evicted_views=171 radius=0.580 clearance=0.000 best_prefix=0.000
[depth_angular_controller-1] [INFO] [1791385381.511038264] [depth_angular_controller]: GOAL_REFINEMENT checks=3 improvements=0
[depth_angular_controller-1] [INFO] [1791385381.511080844] [depth_angular_controller]: OMNI_DEPTH views=4 azimuth_bins=180 elevation_bins=37 valid=1 certificates=0 short=0 held=0 local_candidates=2 yaw=32.32
[depth_angular_controller-1] [INFO] [1791385381.531075560] [depth_angular_controller]: PAPER_BUILD reason=FULL_MOTION_CERTIFICATE required=0.0000 best=0.0000 free=0 refined=0 tubes=181 revoked_tubes=0 proofs=128
[depth_angular_controller-1] [INFO] [1791385381.531111177] [depth_angular_controller]: PAPER_EVIDENCE retained=16 balls=32 revoked_balls=0 expired_views=0 evicted_views=176 radius=0.580 clearance=0.000 best_prefix=0.000
[depth_angular_controller-1] [INFO] [1791385382.497216191] [depth_angular_controller]: [PERF CTRL] run=p5_goal_polish_explore_20261007_after_ego1p5_1 elapsed=63.85s callbacks=2690 commands=2689 guidance=2570 command_fps(ros/wall)=54.93/53.57 guidance_wall_fps=53.12 avoid_ms(mean/p50/p95/max)=5.771/2.720/23.354/169.805 cycle_ms(mean/p95/max)=18.668/35.136/172.282 depth_to_cmd_ms(mean/p95/max)=37.717/66.667/83.333 callback_to_publish_ms(mean/p95/max)=7.977/27.435/172.215
[depth_angular_controller-1] [INFO] [1791385382.497422518] [depth_angular_controller]: EVIDENCE_COST ingest(mean/p95/max)=2.207/6.740/16.795 record=0.165/1.084/13.706 ms
[depth_angular_controller-1] [INFO] [1791385382.497428359] [depth_angular_controller]: EVIDENCE_PHASE per_view_mean_ms balls=0.098 tubes=0.081 history=0.346 eviction=0.001
[depth_angular_controller-1] [INFO] [1791385382.587548112] [depth_angular_controller]: GOAL_REFINEMENT checks=3 improvements=3
[depth_angular_controller-1] [INFO] [1791385382.587589180] [depth_angular_controller]: OMNI_DEPTH views=4 azimuth_bins=180 elevation_bins=37 valid=1 certificates=0 short=0 held=0 local_candidates=2 yaw=2.46
[depth_angular_controller-1] [INFO] [1791385382.608263132] [depth_angular_controller]: PAPER_BUILD reason=FULL_MOTION_CERTIFICATE required=0.0000 best=0.0000 free=0 refined=0 tubes=186 revoked_tubes=0 proofs=128
[depth_angular_controller-1] [INFO] [1791385382.608298108] [depth_angular_controller]: PAPER_EVIDENCE retained=16 balls=32 revoked_balls=0 expired_views=0 evicted_views=180 radius=0.580 clearance=0.000 best_prefix=0.000
[position_cmd_to_twist-2] [INFO] [1791385383.618090544] [position_cmd_to_twist]: [PERF BRIDGE] run=p5_goal_polish_explore_20261007_after_ego1p5_1 elapsed=64.87s received=2747 published=2745 fps(ros/wall)=55.03/53.49 controller_to_bridge_ms(mean/p50/p95/max)=3.470/0.000/33.333/116.667 bridge_process_ms(mean/p95/max)=0.091/0.118/1.206
[NAV] t=50.0s position=(12.79,9.65,3.23) yaw=1.7deg command=(1.92,0.17,0.02) manual_active=1 collision_blocks=0
[depth_angular_controller-1] [INFO] [1791385383.729032779] [depth_angular_controller]: GOAL_REFINEMENT checks=0 improvements=0
[depth_angular_controller-1] [INFO] [1791385383.729084015] [depth_angular_controller]: OMNI_DEPTH views=4 azimuth_bins=180 elevation_bins=37 valid=1 certificates=0 short=0 held=0 local_candidates=1 yaw=1.73
[depth_angular_controller-1] [INFO] [1791385383.749158742] [depth_angular_controller]: PAPER_BUILD reason=FULL_MOTION_CERTIFICATE required=0.0000 best=0.0000 free=0 refined=0 tubes=190 revoked_tubes=0 proofs=128
[depth_angular_controller-1] [INFO] [1791385383.749191674] [depth_angular_controller]: PAPER_EVIDENCE retained=16 balls=32 revoked_balls=0 expired_views=0 evicted_views=184 radius=0.580 clearance=0.000 best_prefix=0.000
[depth_angular_controller-1] [INFO] [1791385384.805790473] [depth_angular_controller]: GOAL_REFINEMENT checks=0 improvements=0
[depth_angular_controller-1] [INFO] [1791385384.805835077] [depth_angular_controller]: OMNI_DEPTH views=4 azimuth_bins=180 elevation_bins=37 valid=1 certificates=0 short=0 held=0 local_candidates=1 yaw=1.71
[depth_angular_controller-1] [INFO] [1791385384.827429450] [depth_angular_controller]: PAPER_BUILD reason=FULL_MOTION_CERTIFICATE required=0.0000 best=0.0000 free=0 refined=0 tubes=194 revoked_tubes=0 proofs=128
[depth_angular_controller-1] [INFO] [1791385384.827465768] [depth_angular_controller]: PAPER_EVIDENCE retained=16 balls=32 revoked_balls=0 expired_views=0 evicted_views=188 radius=0.580 clearance=0.000 best_prefix=0.000
[depth_angular_controller-1] [INFO] [1791385385.875596684] [depth_angular_controller]: GOAL_REFINEMENT checks=0 improvements=0
[depth_angular_controller-1] [INFO] [1791385385.875639815] [depth_angular_controller]: OMNI_DEPTH views=4 azimuth_bins=180 elevation_bins=37 valid=1 certificates=0 short=0 held=0 local_candidates=1 yaw=1.71
[depth_angular_controller-1] [INFO] [1791385385.895903677] [depth_angular_controller]: PAPER_BUILD reason=FULL_MOTION_CERTIFICATE required=0.0000 best=0.0000 free=0 refined=0 tubes=198 revoked_tubes=0 proofs=128
[depth_angular_controller-1] [INFO] [1791385385.895938072] [depth_angular_controller]: PAPER_EVIDENCE retained=16 balls=32 revoked_balls=0 expired_views=0 evicted_views=192 radius=0.580 clearance=0.000 best_prefix=0.000
[depth_angular_controller-1] [INFO] [1791385386.885504106] [depth_angular_controller]: GOAL_REFINEMENT checks=0 improvements=0
[depth_angular_controller-1] [INFO] [1791385386.885549561] [depth_angular_controller]: OMNI_DEPTH views=4 azimuth_bins=180 elevation_bins=37 valid=1 certificates=0 short=0 held=0 local_candidates=1 yaw=1.71
[depth_angular_controller-1] [INFO] [1791385386.905894035] [depth_angular_controller]: PAPER_BUILD reason=FULL_MOTION_CERTIFICATE required=0.0000 best=0.0000 free=0 refined=0 tubes=202 revoked_tubes=0 proofs=128
[depth_angular_controller-1] [INFO] [1791385386.905927477] [depth_angular_controller]: PAPER_EVIDENCE retained=16 balls=32 revoked_balls=0 expired_views=0 evicted_views=196 radius=0.580 clearance=0.000 best_prefix=0.000
[depth_angular_controller-1] [INFO] [1791385387.508627539] [depth_angular_controller]: [PERF CTRL] run=p5_goal_polish_explore_20261007_after_ego1p5_1 elapsed=68.87s callbacks=2971 commands=2970 guidance=2851 command_fps(ros/wall)=55.37/53.79 guidance_wall_fps=53.40 avoid_ms(mean/p50/p95/max)=5.276/2.260/22.418/169.805 cycle_ms(mean/p95/max)=18.589/34.484/172.282 depth_to_cmd_ms(mean/p95/max)=37.420/66.667/83.333 callback_to_publish_ms(mean/p95/max)=7.505/26.016/172.215
[depth_angular_controller-1] [INFO] [1791385387.508889702] [depth_angular_controller]: EVIDENCE_COST ingest(mean/p95/max)=2.200/6.496/16.795 record=0.151/0.980/13.706 ms
[depth_angular_controller-1] [INFO] [1791385387.508897266] [depth_angular_controller]: EVIDENCE_PHASE per_view_mean_ms balls=0.096 tubes=0.079 history=0.347 eviction=0.001
[depth_angular_controller-1] [INFO] [1791385387.960669197] [depth_angular_controller]: GOAL_REFINEMENT checks=0 improvements=0
[depth_angular_controller-1] [INFO] [1791385387.960711587] [depth_angular_controller]: OMNI_DEPTH views=4 azimuth_bins=180 elevation_bins=37 valid=1 certificates=0 short=0 held=0 local_candidates=1 yaw=1.71
[depth_angular_controller-1] [INFO] [1791385387.978518702] [depth_angular_controller]: PAPER_BUILD reason=FULL_MOTION_CERTIFICATE required=0.0000 best=0.0000 free=0 refined=0 tubes=206 revoked_tubes=0 proofs=128
[depth_angular_controller-1] [INFO] [1791385387.978554840] [depth_angular_controller]: PAPER_EVIDENCE retained=16 balls=32 revoked_balls=0 expired_views=0 evicted_views=199 radius=0.580 clearance=0.000 best_prefix=0.000
[position_cmd_to_twist-2] [INFO] [1791385388.915567019] [position_cmd_to_twist]: [PERF BRIDGE] run=p5_goal_polish_explore_20261007_after_ego1p5_1 elapsed=70.17s received=3047 published=3045 fps(ros/wall)=55.48/53.80 controller_to_bridge_ms(mean/p50/p95/max)=3.129/0.000/33.333/116.667 bridge_process_ms(mean/p95/max)=0.090/0.117/1.206
[NAV] t=55.0s position=(22.77,9.97,3.16) yaw=1.7deg command=(2.00,0.08,0.00) manual_active=1 collision_blocks=0
[depth_angular_controller-1] [INFO] [1791385389.029101616] [depth_angular_controller]: GOAL_REFINEMENT checks=3 improvements=3
[depth_angular_controller-1] [INFO] [1791385389.029154615] [depth_angular_controller]: OMNI_DEPTH views=4 azimuth_bins=180 elevation_bins=37 valid=1 certificates=0 short=0 held=0 local_candidates=3 yaw=3.29
[depth_angular_controller-1] [INFO] [1791385389.049653910] [depth_angular_controller]: PAPER_BUILD reason=FULL_MOTION_CERTIFICATE required=0.0000 best=0.0000 free=0 refined=0 tubes=210 revoked_tubes=0 proofs=128
[depth_angular_controller-1] [INFO] [1791385389.049687853] [depth_angular_controller]: PAPER_EVIDENCE retained=16 balls=32 revoked_balls=0 expired_views=0 evicted_views=204 radius=0.580 clearance=0.000 best_prefix=0.000
[depth_angular_controller-1] [INFO] [1791385390.174837481] [depth_angular_controller]: GOAL_REFINEMENT checks=3 improvements=3
[depth_angular_controller-1] [INFO] [1791385390.174884380] [depth_angular_controller]: OMNI_DEPTH views=4 azimuth_bins=180 elevation_bins=37 valid=1 certificates=0 short=0 held=0 local_candidates=3 yaw=4.33
[depth_angular_controller-1] [INFO] [1791385390.196372512] [depth_angular_controller]: PAPER_BUILD reason=FULL_MOTION_CERTIFICATE required=0.0000 best=0.0000 free=0 refined=0 tubes=214 revoked_tubes=0 proofs=128
[depth_angular_controller-1] [INFO] [1791385390.196412407] [depth_angular_controller]: PAPER_EVIDENCE retained=16 balls=32 revoked_balls=0 expired_views=0 evicted_views=208 radius=0.580 clearance=0.000 best_prefix=0.000
[depth_angular_controller-1] [INFO] [1791385391.197511436] [depth_angular_controller]: GOAL_REFINEMENT checks=3 improvements=0
[depth_angular_controller-1] [INFO] [1791385391.197549697] [depth_angular_controller]: OMNI_DEPTH views=4 azimuth_bins=180 elevation_bins=37 valid=1 certificates=0 short=0 held=0 local_candidates=3 yaw=19.13
[depth_angular_controller-1] [INFO] [1791385391.213681855] [depth_angular_controller]: PAPER_BUILD reason=FULL_MOTION_CERTIFICATE required=0.0000 best=0.0000 free=0 refined=0 tubes=218 revoked_tubes=0 proofs=128
[depth_angular_controller-1] [INFO] [1791385391.213714666] [depth_angular_controller]: PAPER_EVIDENCE retained=16 balls=32 revoked_balls=0 expired_views=0 evicted_views=212 radius=0.580 clearance=0.000 best_prefix=0.000
[depth_angular_controller-1] [INFO] [1791385392.223638619] [depth_angular_controller]: GOAL_REFINEMENT checks=3 improvements=0
[depth_angular_controller-1] [INFO] [1791385392.223680668] [depth_angular_controller]: OMNI_DEPTH views=4 azimuth_bins=180 elevation_bins=37 valid=1 certificates=0 short=0 held=0 local_candidates=2 yaw=19.84
[depth_angular_controller-1] [INFO] [1791385392.241290964] [depth_angular_controller]: PAPER_BUILD reason=FULL_MOTION_CERTIFICATE required=0.0000 best=0.0000 free=0 refined=0 tubes=222 revoked_tubes=0 proofs=128
[depth_angular_controller-1] [INFO] [1791385392.241321431] [depth_angular_controller]: PAPER_EVIDENCE retained=16 balls=32 revoked_balls=0 expired_views=0 evicted_views=215 radius=0.580 clearance=0.000 best_prefix=0.000
[depth_angular_controller-1] [INFO] [1791385392.523138644] [depth_angular_controller]: [PERF CTRL] run=p5_goal_polish_explore_20261007_after_ego1p5_1 elapsed=73.88s callbacks=3251 commands=3250 guidance=3131 command_fps(ros/wall)=55.74/53.96 guidance_wall_fps=53.61 avoid_ms(mean/p50/p95/max)=5.019/2.081/21.312/169.805 cycle_ms(mean/p95/max)=18.531/34.230/172.282 depth_to_cmd_ms(mean/p95/max)=37.219/66.667/83.333 callback_to_publish_ms(mean/p95/max)=7.233/24.137/172.215
[depth_angular_controller-1] [INFO] [1791385392.523393643] [depth_angular_controller]: EVIDENCE_COST ingest(mean/p95/max)=2.169/6.411/16.795 record=0.139/0.899/13.706 ms
[depth_angular_controller-1] [INFO] [1791385392.523399834] [depth_angular_controller]: EVIDENCE_PHASE per_view_mean_ms balls=0.094 tubes=0.075 history=0.345 eviction=0.001
[depth_angular_controller-1] [INFO] [1791385393.309873825] [depth_angular_controller]: GOAL_REFINEMENT checks=3 improvements=0
[depth_angular_controller-1] [INFO] [1791385393.309911916] [depth_angular_controller]: OMNI_DEPTH views=4 azimuth_bins=180 elevation_bins=37 valid=1 certificates=0 short=0 held=0 local_candidates=2 yaw=16.55
[depth_angular_controller-1] [INFO] [1791385393.327501102] [depth_angular_controller]: PAPER_BUILD reason=FULL_MOTION_CERTIFICATE required=0.0000 best=0.0000 free=0 refined=0 tubes=226 revoked_tubes=0 proofs=128
[depth_angular_controller-1] [INFO] [1791385393.327531098] [depth_angular_controller]: PAPER_EVIDENCE retained=16 balls=32 revoked_balls=0 expired_views=0 evicted_views=218 radius=0.580 clearance=0.000 best_prefix=0.000
[position_cmd_to_twist-2] [INFO] [1791385394.221825988] [position_cmd_to_twist]: [PERF BRIDGE] run=p5_goal_polish_explore_20261007_after_ego1p5_1 elapsed=75.47s received=3347 published=3345 fps(ros/wall)=55.86/54.03 controller_to_bridge_ms(mean/p50/p95/max)=2.918/0.000/16.667/116.667 bridge_process_ms(mean/p95/max)=0.090/0.116/1.206
[NAV] t=60.0s position=(32.38,12.05,4.27) yaw=-1.5deg command=(1.97,0.23,0.07) manual_active=1 collision_blocks=0
[depth_angular_controller-1] [INFO] [1791385394.332522311] [depth_angular_controller]: GOAL_REFINEMENT checks=0 improvements=0
[depth_angular_controller-1] [INFO] [1791385394.332563188] [depth_angular_controller]: OMNI_DEPTH views=4 azimuth_bins=180 elevation_bins=37 valid=1 certificates=0 short=0 held=0 local_candidates=1 yaw=-1.55
[depth_angular_controller-1] [INFO] [1791385394.348807105] [depth_angular_controller]: PAPER_BUILD reason=FULL_MOTION_CERTIFICATE required=0.0000 best=0.0000 free=0 refined=0 tubes=230 revoked_tubes=0 proofs=128
[depth_angular_controller-1] [INFO] [1791385394.348839286] [depth_angular_controller]: PAPER_EVIDENCE retained=16 balls=32 revoked_balls=0 expired_views=0 evicted_views=222 radius=0.580 clearance=0.000 best_prefix=0.000
[depth_angular_controller-1] [INFO] [1791385395.291993498] [depth_angular_controller]: GOAL_REFINEMENT checks=3 improvements=3
[depth_angular_controller-1] [INFO] [1791385395.292035667] [depth_angular_controller]: OMNI_DEPTH views=4 azimuth_bins=180 elevation_bins=37 valid=1 certificates=0 short=0 held=0 local_candidates=3 yaw=-4.56
[depth_angular_controller-1] [INFO] [1791385395.309220563] [depth_angular_controller]: PAPER_BUILD reason=FULL_MOTION_CERTIFICATE required=0.0000 best=0.0000 free=0 refined=0 tubes=234 revoked_tubes=0 proofs=128
[depth_angular_controller-1] [INFO] [1791385395.309261439] [depth_angular_controller]: PAPER_EVIDENCE retained=16 balls=32 revoked_balls=0 expired_views=0 evicted_views=226 radius=0.580 clearance=0.000 best_prefix=0.000
[depth_angular_controller-1] [INFO] [1791385396.248813221] [depth_angular_controller]: GOAL_REFINEMENT checks=3 improvements=3
[depth_angular_controller-1] [INFO] [1791385396.248854488] [depth_angular_controller]: OMNI_DEPTH views=4 azimuth_bins=180 elevation_bins=37 valid=1 certificates=0 short=0 held=0 local_candidates=3 yaw=-3.86
[depth_angular_controller-1] [INFO] [1791385396.270464721] [depth_angular_controller]: PAPER_BUILD reason=FULL_MOTION_CERTIFICATE required=0.0000 best=0.0000 free=0 refined=0 tubes=238 revoked_tubes=0 proofs=128
[depth_angular_controller-1] [INFO] [1791385396.270497492] [depth_angular_controller]: PAPER_EVIDENCE retained=16 balls=32 revoked_balls=0 expired_views=0 evicted_views=230 radius=0.580 clearance=0.000 best_prefix=0.000
[depth_angular_controller-1] [INFO] [1791385397.388878209] [depth_angular_controller]: GOAL_REFINEMENT checks=3 improvements=1
[depth_angular_controller-1] [INFO] [1791385397.388931059] [depth_angular_controller]: OMNI_DEPTH views=4 azimuth_bins=180 elevation_bins=37 valid=1 certificates=0 short=0 held=0 local_candidates=2 yaw=-5.60
[depth_angular_controller-1] [INFO] [1791385397.410940191] [depth_angular_controller]: PAPER_BUILD reason=FULL_MOTION_CERTIFICATE required=0.0000 best=0.0000 free=0 refined=0 tubes=242 revoked_tubes=0 proofs=128
[depth_angular_controller-1] [INFO] [1791385397.410973433] [depth_angular_controller]: PAPER_EVIDENCE retained=16 balls=32 revoked_balls=0 expired_views=0 evicted_views=234 radius=0.580 clearance=0.000 best_prefix=0.000
[depth_angular_controller-1] [INFO] [1791385397.561163087] [depth_angular_controller]: [PERF CTRL] run=p5_goal_polish_explore_20261007_after_ego1p5_1 elapsed=78.92s callbacks=3539 commands=3538 guidance=3419 command_fps(ros/wall)=56.02/54.21 guidance_wall_fps=53.89 avoid_ms(mean/p50/p95/max)=4.969/2.114/20.098/169.805 cycle_ms(mean/p95/max)=18.446/33.044/172.282 depth_to_cmd_ms(mean/p95/max)=37.277/66.667/83.333 callback_to_publish_ms(mean/p95/max)=7.184/23.455/172.215
[depth_angular_controller-1] [INFO] [1791385397.561472368] [depth_angular_controller]: EVIDENCE_COST ingest(mean/p95/max)=2.158/6.434/16.795 record=0.134/0.820/13.706 ms
[depth_angular_controller-1] [INFO] [1791385397.561480363] [depth_angular_controller]: EVIDENCE_PHASE per_view_mean_ms balls=0.094 tubes=0.078 history=0.338 eviction=0.001
[depth_angular_controller-1] [INFO] [1791385398.529208547] [depth_angular_controller]: COMPUTE_DEADLINE
[depth_angular_controller-1] [INFO] [1791385398.588121763] [depth_angular_controller]: GOAL_REFINEMENT checks=3 improvements=0
[depth_angular_controller-1] [INFO] [1791385398.588164133] [depth_angular_controller]: OMNI_DEPTH views=4 azimuth_bins=180 elevation_bins=37 valid=1 certificates=0 short=0 held=0 local_candidates=2 yaw=-4.76
[depth_angular_controller-1] [INFO] [1791385398.601778859] [depth_angular_controller]: DEPTH_PROPOSAL_CERTIFIED
[depth_angular_controller-1] [INFO] [1791385398.601812412] [depth_angular_controller]: PAPER_BUILD reason=FULL_MOTION_CERTIFICATE required=0.0000 best=0.0000 free=0 refined=0 tubes=246 revoked_tubes=0 proofs=128
[depth_angular_controller-1] [INFO] [1791385398.601821529] [depth_angular_controller]: PAPER_EVIDENCE retained=16 balls=32 revoked_balls=0 expired_views=0 evicted_views=238 radius=0.580 clearance=0.000 best_prefix=0.000
[depth_angular_controller-1] [INFO] [1791385398.695805324] [depth_angular_controller]: COMPUTE_DEADLINE
[depth_angular_controller-1] [INFO] [1791385398.863214568] [depth_angular_controller]: DEPTH_PROPOSAL_CERTIFIED
[position_cmd_to_twist-2] [INFO] [1791385399.512028132] [position_cmd_to_twist]: [PERF BRIDGE] run=p5_goal_polish_explore_20261007_after_ego1p5_1 elapsed=80.76s received=3575 published=3572 fps(ros/wall)=55.11/53.17 controller_to_bridge_ms(mean/p50/p95/max)=3.221/0.000/33.333/116.667 bridge_process_ms(mean/p95/max)=0.090/0.117/1.206
[NAV] t=65.0s position=(41.77,11.53,3.99) yaw=-0.9deg command=(1.07,-0.13,-0.08) manual_active=1 collision_blocks=0
[depth_angular_controller-1] [INFO] [1791385399.734564287] [depth_angular_controller]: GOAL_REFINEMENT checks=3 improvements=0
[depth_angular_controller-1] [INFO] [1791385399.734612758] [depth_angular_controller]: OMNI_DEPTH views=4 azimuth_bins=180 elevation_bins=37 valid=1 certificates=0 short=0 held=0 local_candidates=2 yaw=-17.78
[depth_angular_controller-1] [INFO] [1791385399.751277416] [depth_angular_controller]: PAPER_BUILD reason=FULL_MOTION_CERTIFICATE required=0.0000 best=0.0000 free=0 refined=0 tubes=250 revoked_tubes=0 proofs=128
[depth_angular_controller-1] [INFO] [1791385399.751308515] [depth_angular_controller]: PAPER_EVIDENCE retained=16 balls=32 revoked_balls=0 expired_views=0 evicted_views=242 radius=0.580 clearance=0.000 best_prefix=0.000
[depth_angular_controller-1] [INFO] [1791385400.700082127] [depth_angular_controller]: GOAL_REFINEMENT checks=3 improvements=3
[depth_angular_controller-1] [INFO] [1791385400.700132001] [depth_angular_controller]: OMNI_DEPTH views=4 azimuth_bins=180 elevation_bins=37 valid=1 certificates=0 short=0 held=0 local_candidates=2 yaw=0.68
[depth_angular_controller-1] [INFO] [1791385400.721790183] [depth_angular_controller]: PAPER_BUILD reason=FULL_MOTION_CERTIFICATE required=0.0000 best=0.0000 free=0 refined=0 tubes=256 revoked_tubes=0 proofs=128
[depth_angular_controller-1] [INFO] [1791385400.721823235] [depth_angular_controller]: PAPER_EVIDENCE retained=16 balls=32 revoked_balls=0 expired_views=0 evicted_views=246 radius=0.580 clearance=0.000 best_prefix=0.000
[depth_angular_controller-1] [INFO] [1791385401.721379163] [depth_angular_controller]: GOAL_REFINEMENT checks=3 improvements=0
[depth_angular_controller-1] [INFO] [1791385401.721418087] [depth_angular_controller]: OMNI_DEPTH views=4 azimuth_bins=180 elevation_bins=37 valid=1 certificates=0 short=0 held=0 local_candidates=3 yaw=11.37
[depth_angular_controller-1] [INFO] [1791385401.741842029] [depth_angular_controller]: PAPER_BUILD reason=FULL_MOTION_CERTIFICATE required=0.0000 best=0.0000 free=0 refined=0 tubes=256 revoked_tubes=0 proofs=128
[depth_angular_controller-1] [INFO] [1791385401.741875322] [depth_angular_controller]: PAPER_EVIDENCE retained=16 balls=32 revoked_balls=0 expired_views=0 evicted_views=250 radius=0.580 clearance=0.000 best_prefix=0.000
[depth_angular_controller-1] [INFO] [1791385402.569614833] [depth_angular_controller]: [PERF CTRL] run=p5_goal_polish_explore_20261007_after_ego1p5_1 elapsed=83.93s callbacks=3732 commands=3731 guidance=3612 command_fps(ros/wall)=54.89/53.09 guidance_wall_fps=52.77 avoid_ms(mean/p50/p95/max)=5.424/2.202/22.603/169.805 cycle_ms(mean/p95/max)=18.835/36.830/172.282 depth_to_cmd_ms(mean/p95/max)=37.219/66.667/83.333 callback_to_publish_ms(mean/p95/max)=7.696/26.372/172.215
[depth_angular_controller-1] [INFO] [1791385402.569908656] [depth_angular_controller]: EVIDENCE_COST ingest(mean/p95/max)=2.211/6.617/16.795 record=0.143/0.907/13.706 ms
[depth_angular_controller-1] [INFO] [1791385402.569919396] [depth_angular_controller]: EVIDENCE_PHASE per_view_mean_ms balls=0.097 tubes=0.083 history=0.344 eviction=0.001
[depth_angular_controller-1] [INFO] [1791385402.690058545] [depth_angular_controller]: GOAL_REFINEMENT checks=3 improvements=0
[depth_angular_controller-1] [INFO] [1791385402.690096977] [depth_angular_controller]: OMNI_DEPTH views=4 azimuth_bins=180 elevation_bins=37 valid=1 certificates=0 short=0 held=0 local_candidates=3 yaw=21.47
[depth_angular_controller-1] [INFO] [1791385402.715068476] [depth_angular_controller]: PAPER_BUILD reason=FULL_MOTION_CERTIFICATE required=0.0000 best=0.0000 free=0 refined=0 tubes=256 revoked_tubes=0 proofs=128
[depth_angular_controller-1] [INFO] [1791385402.715105496] [depth_angular_controller]: PAPER_EVIDENCE retained=16 balls=32 revoked_balls=0 expired_views=0 evicted_views=254 radius=0.580 clearance=0.000 best_prefix=0.000
[depth_angular_controller-1] [INFO] [1791385403.719635592] [depth_angular_controller]: GOAL_REFINEMENT checks=3 improvements=0
[depth_angular_controller-1] [INFO] [1791385403.719683542] [depth_angular_controller]: OMNI_DEPTH views=4 azimuth_bins=180 elevation_bins=37 valid=1 certificates=0 short=0 held=0 local_candidates=2 yaw=34.48
[depth_angular_controller-1] [INFO] [1791385403.756189438] [depth_angular_controller]: PAPER_BUILD reason=FULL_MOTION_CERTIFICATE required=0.0000 best=0.0000 free=0 refined=0 tubes=256 revoked_tubes=0 proofs=128
[depth_angular_controller-1] [INFO] [1791385403.756229584] [depth_angular_controller]: PAPER_EVIDENCE retained=16 balls=32 revoked_balls=0 expired_views=0 evicted_views=258 radius=0.580 clearance=0.000 best_prefix=0.000
[position_cmd_to_twist-2] [INFO] [1791385404.602243238] [position_cmd_to_twist]: [PERF BRIDGE] run=p5_goal_polish_explore_20261007_after_ego1p5_1 elapsed=85.85s received=3778 published=3775 fps(ros/wall)=54.10/52.23 controller_to_bridge_ms(mean/p50/p95/max)=3.692/0.000/33.333/116.667 bridge_process_ms(mean/p95/max)=0.090/0.117/1.206
[NAV] t=70.0s position=(49.16,12.23,2.40) yaw=-4.0deg command=(0.26,0.16,-0.08) manual_active=1 collision_blocks=0
[depth_angular_controller-1] [INFO] [1791385404.745325133] [depth_angular_controller]: COMPUTE_DEADLINE
[depth_angular_controller-1] [INFO] [1791385404.766091340] [depth_angular_controller]: GOAL_REFINEMENT checks=3 improvements=0
[depth_angular_controller-1] [INFO] [1791385404.766134481] [depth_angular_controller]: OMNI_DEPTH views=4 azimuth_bins=180 elevation_bins=37 valid=1 certificates=0 short=0 held=0 local_candidates=1 yaw=63.24
[depth_angular_controller-1] [INFO] [1791385404.773471539] [depth_angular_controller]: DEPTH_PROPOSAL_CERTIFIED
[depth_angular_controller-1] [INFO] [1791385404.814928750] [depth_angular_controller]: PAPER_BUILD reason=FULL_MOTION_CERTIFICATE required=0.0000 best=0.0000 free=0 refined=0 tubes=256 revoked_tubes=0 proofs=128
[depth_angular_controller-1] [INFO] [1791385404.814965650] [depth_angular_controller]: PAPER_EVIDENCE retained=16 balls=32 revoked_balls=0 expired_views=0 evicted_views=262 radius=0.580 clearance=0.000 best_prefix=0.000
[depth_angular_controller-1] [INFO] [1791385405.846227002] [depth_angular_controller]: GOAL_REFINEMENT checks=3 improvements=1
[depth_angular_controller-1] [INFO] [1791385405.846274782] [depth_angular_controller]: OMNI_DEPTH views=4 azimuth_bins=180 elevation_bins=37 valid=1 certificates=0 short=0 held=0 local_candidates=2 yaw=14.87
[depth_angular_controller-1] [INFO] [1791385405.909740163] [depth_angular_controller]: PAPER_BUILD reason=FULL_MOTION_CERTIFICATE required=0.0000 best=0.0000 free=0 refined=0 tubes=256 revoked_tubes=0 proofs=128
[depth_angular_controller-1] [INFO] [1791385405.909775550] [depth_angular_controller]: PAPER_EVIDENCE retained=16 balls=32 revoked_balls=0 expired_views=0 evicted_views=267 radius=0.580 clearance=0.000 best_prefix=0.000
[depth_angular_controller-1] [INFO] [1791385406.815159800] [depth_angular_controller]: GOAL_REFINEMENT checks=3 improvements=3
[depth_angular_controller-1] [INFO] [1791385406.815202510] [depth_angular_controller]: OMNI_DEPTH views=4 azimuth_bins=180 elevation_bins=37 valid=1 certificates=0 short=0 held=0 local_candidates=2 yaw=-10.44
[depth_angular_controller-1] [INFO] [1791385406.867443387] [depth_angular_controller]: PAPER_BUILD reason=FULL_MOTION_CERTIFICATE required=0.0000 best=0.0000 free=0 refined=0 tubes=256 revoked_tubes=0 proofs=128
[depth_angular_controller-1] [INFO] [1791385406.867477892] [depth_angular_controller]: PAPER_EVIDENCE retained=16 balls=32 revoked_balls=0 expired_views=0 evicted_views=271 radius=0.580 clearance=0.000 best_prefix=0.000
[depth_angular_controller-1] [INFO] [1791385407.588776097] [depth_angular_controller]: [PERF CTRL] run=p5_goal_polish_explore_20261007_after_ego1p5_1 elapsed=88.95s callbacks=3926 commands=3925 guidance=3806 command_fps(ros/wall)=53.89/52.13 guidance_wall_fps=51.80 avoid_ms(mean/p50/p95/max)=5.958/2.307/25.830/169.805 cycle_ms(mean/p95/max)=19.182/40.821/172.282 depth_to_cmd_ms(mean/p95/max)=36.968/66.667/83.333 callback_to_publish_ms(mean/p95/max)=8.294/30.093/172.215
[depth_angular_controller-1] [INFO] [1791385407.589103272] [depth_angular_controller]: EVIDENCE_COST ingest(mean/p95/max)=2.267/6.807/16.795 record=0.160/1.096/13.706 ms
[depth_angular_controller-1] [INFO] [1791385407.589113771] [depth_angular_controller]: EVIDENCE_PHASE per_view_mean_ms balls=0.099 tubes=0.085 history=0.353 eviction=0.001
[depth_angular_controller-1] [INFO] [1791385407.838059508] [depth_angular_controller]: GOAL_REFINEMENT checks=3 improvements=0
[depth_angular_controller-1] [INFO] [1791385407.838099694] [depth_angular_controller]: OMNI_DEPTH views=4 azimuth_bins=180 elevation_bins=37 valid=1 certificates=0 short=0 held=0 local_candidates=2 yaw=-17.71
[depth_angular_controller-1] [INFO] [1791385407.888838748] [depth_angular_controller]: PAPER_BUILD reason=FULL_MOTION_CERTIFICATE required=0.0000 best=0.0000 free=0 refined=0 tubes=256 revoked_tubes=0 proofs=128
[depth_angular_controller-1] [INFO] [1791385407.888873143] [depth_angular_controller]: PAPER_EVIDENCE retained=16 balls=32 revoked_balls=0 expired_views=0 evicted_views=275 radius=0.580 clearance=0.000 best_prefix=0.000
[depth_angular_controller-1] [INFO] [1791385408.809290184] [depth_angular_controller]: GOAL_REFINEMENT checks=3 improvements=0
[depth_angular_controller-1] [INFO] [1791385408.809334488] [depth_angular_controller]: OMNI_DEPTH views=4 azimuth_bins=180 elevation_bins=37 valid=1 certificates=0 short=0 held=0 local_candidates=2 yaw=-21.48
[depth_angular_controller-1] [INFO] [1791385408.863122522] [depth_angular_controller]: PAPER_BUILD reason=FULL_MOTION_CERTIFICATE required=0.0000 best=0.0000 free=0 refined=0 tubes=256 revoked_tubes=0 proofs=128
[depth_angular_controller-1] [INFO] [1791385408.863161245] [depth_angular_controller]: PAPER_EVIDENCE retained=16 balls=32 revoked_balls=0 expired_views=0 evicted_views=279 radius=0.580 clearance=0.000 best_prefix=0.000
[position_cmd_to_twist-2] [INFO] [1791385409.610480792] [position_cmd_to_twist]: [PERF BRIDGE] run=p5_goal_polish_explore_20261007_after_ego1p5_1 elapsed=90.86s received=4009 published=4006 fps(ros/wall)=53.56/51.82 controller_to_bridge_ms(mean/p50/p95/max)=4.191/0.000/33.333/116.667 bridge_process_ms(mean/p95/max)=0.090/0.118/1.206
[NAV] t=75.0s position=(54.68,13.06,2.31) yaw=-11.3deg command=(0.65,-0.23,0.05) manual_active=1 collision_blocks=0
[depth_angular_controller-1] [INFO] [1791385409.682368281] [depth_angular_controller]: COMPUTE_DEADLINE
[depth_angular_controller-1] [INFO] [1791385409.701088442] [depth_angular_controller]: DEPTH_PROPOSAL_CERTIFIED
[depth_angular_controller-1] [INFO] [1791385409.778954196] [depth_angular_controller]: GOAL_REFINEMENT checks=3 improvements=1
[depth_angular_controller-1] [INFO] [1791385409.778991306] [depth_angular_controller]: OMNI_DEPTH views=4 azimuth_bins=180 elevation_bins=37 valid=1 certificates=0 short=0 held=0 local_candidates=2 yaw=-26.80
[depth_angular_controller-1] [INFO] [1791385409.840108825] [depth_angular_controller]: PAPER_BUILD reason=FULL_MOTION_CERTIFICATE required=0.0000 best=0.0000 free=0 refined=0 tubes=256 revoked_tubes=0 proofs=128
[depth_angular_controller-1] [INFO] [1791385409.840149772] [depth_angular_controller]: PAPER_EVIDENCE retained=16 balls=32 revoked_balls=0 expired_views=0 evicted_views=283 radius=0.580 clearance=0.000 best_prefix=0.000
[depth_angular_controller-1] [INFO] [1791385410.811332398] [depth_angular_controller]: GOAL_REFINEMENT checks=0 improvements=0
[depth_angular_controller-1] [INFO] [1791385410.811377452] [depth_angular_controller]: OMNI_DEPTH views=4 azimuth_bins=180 elevation_bins=37 valid=1 certificates=0 short=0 held=0 local_candidates=1 yaw=-10.22
[depth_angular_controller-1] [INFO] [1791385410.877573595] [depth_angular_controller]: PAPER_BUILD reason=FULL_MOTION_CERTIFICATE required=0.0000 best=0.0000 free=0 refined=0 tubes=256 revoked_tubes=0 proofs=128
[depth_angular_controller-1] [INFO] [1791385410.877610765] [depth_angular_controller]: PAPER_EVIDENCE retained=16 balls=32 revoked_balls=0 expired_views=0 evicted_views=287 radius=0.580 clearance=0.000 best_prefix=0.000
[depth_angular_controller-1] [INFO] [1791385411.899048095] [depth_angular_controller]: GOAL_REFINEMENT checks=0 improvements=0
[depth_angular_controller-1] [INFO] [1791385411.899088141] [depth_angular_controller]: OMNI_DEPTH views=4 azimuth_bins=180 elevation_bins=37 valid=1 certificates=0 short=0 held=0 local_candidates=1 yaw=-8.04
[depth_angular_controller-1] [INFO] [1791385411.964193775] [depth_angular_controller]: PAPER_BUILD reason=FULL_MOTION_CERTIFICATE required=0.0000 best=0.0000 free=0 refined=0 tubes=256 revoked_tubes=0 proofs=128
[depth_angular_controller-1] [INFO] [1791385411.964229031] [depth_angular_controller]: PAPER_EVIDENCE retained=16 balls=32 revoked_balls=0 expired_views=0 evicted_views=291 radius=0.580 clearance=0.000 best_prefix=0.000
[depth_angular_controller-1] [INFO] [1791385412.589050746] [depth_angular_controller]: [PERF CTRL] run=p5_goal_polish_explore_20261007_after_ego1p5_1 elapsed=93.95s callbacks=4155 commands=4154 guidance=4035 command_fps(ros/wall)=53.47/51.74 guidance_wall_fps=51.42 avoid_ms(mean/p50/p95/max)=6.162/2.341/26.611/169.805 cycle_ms(mean/p95/max)=19.329/40.799/172.282 depth_to_cmd_ms(mean/p95/max)=36.745/66.667/83.333 callback_to_publish_ms(mean/p95/max)=8.600/31.949/172.215
[depth_angular_controller-1] [INFO] [1791385412.589537862] [depth_angular_controller]: EVIDENCE_COST ingest(mean/p95/max)=2.355/7.150/22.632 record=0.170/1.179/13.706 ms
[depth_angular_controller-1] [INFO] [1791385412.589551698] [depth_angular_controller]: EVIDENCE_PHASE per_view_mean_ms balls=0.103 tubes=0.093 history=0.363 eviction=0.001
[depth_angular_controller-1] [INFO] [1791385412.986159377] [depth_angular_controller]: GOAL_REFINEMENT checks=0 improvements=0
[depth_angular_controller-1] [INFO] [1791385412.986199994] [depth_angular_controller]: OMNI_DEPTH views=4 azimuth_bins=180 elevation_bins=37 valid=1 certificates=0 short=0 held=0 local_candidates=1 yaw=-7.81
[depth_angular_controller-1] [INFO] [1791385413.055623382] [depth_angular_controller]: PAPER_BUILD reason=FULL_MOTION_CERTIFICATE required=0.0000 best=0.0000 free=0 refined=0 tubes=256 revoked_tubes=0 proofs=128
[depth_angular_controller-1] [INFO] [1791385413.055666774] [depth_angular_controller]: PAPER_EVIDENCE retained=16 balls=32 revoked_balls=0 expired_views=0 evicted_views=295 radius=0.580 clearance=0.000 best_prefix=0.000
[depth_angular_controller-1] [INFO] [1791385413.941286410] [depth_angular_controller]: GOAL_REFINEMENT checks=0 improvements=0
[depth_angular_controller-1] [INFO] [1791385413.941326956] [depth_angular_controller]: OMNI_DEPTH views=4 azimuth_bins=180 elevation_bins=37 valid=1 certificates=0 short=0 held=0 local_candidates=1 yaw=-7.79
[depth_angular_controller-1] [INFO] [1791385414.008084685] [depth_angular_controller]: PAPER_BUILD reason=FULL_MOTION_CERTIFICATE required=0.0000 best=0.0000 free=0 refined=0 tubes=256 revoked_tubes=0 proofs=128
[depth_angular_controller-1] [INFO] [1791385414.008125852] [depth_angular_controller]: PAPER_EVIDENCE retained=16 balls=32 revoked_balls=0 expired_views=0 evicted_views=299 radius=0.580 clearance=0.000 best_prefix=0.000
[position_cmd_to_twist-2] [INFO] [1791385414.734000267] [position_cmd_to_twist]: [PERF BRIDGE] run=p5_goal_polish_explore_20261007_after_ego1p5_1 elapsed=95.98s received=4288 published=4285 fps(ros/wall)=53.65/51.99 controller_to_bridge_ms(mean/p50/p95/max)=4.163/0.000/33.333/116.667 bridge_process_ms(mean/p95/max)=0.090/0.118/1.206
[NAV] t=80.0s position=(62.52,11.40,2.74) yaw=-7.8deg command=(1.62,-0.22,0.07) manual_active=1 collision_blocks=0
[depth_angular_controller-1] [INFO] [1791385415.014069955] [depth_angular_controller]: GOAL_REFINEMENT checks=0 improvements=0
[depth_angular_controller-1] [INFO] [1791385415.014114900] [depth_angular_controller]: OMNI_DEPTH views=4 azimuth_bins=180 elevation_bins=37 valid=1 certificates=0 short=0 held=0 local_candidates=1 yaw=-7.79
[depth_angular_controller-1] [INFO] [1791385415.083788769] [depth_angular_controller]: PAPER_BUILD reason=FULL_MOTION_CERTIFICATE required=0.0000 best=0.0000 free=0 refined=0 tubes=256 revoked_tubes=0 proofs=128
[depth_angular_controller-1] [INFO] [1791385415.083827381] [depth_angular_controller]: PAPER_EVIDENCE retained=16 balls=32 revoked_balls=0 expired_views=0 evicted_views=303 radius=0.580 clearance=0.000 best_prefix=0.000
[depth_angular_controller-1] [INFO] [1791385415.713455520] [depth_angular_controller]: ZERO_INTENT
[BENCHMARK RESULT] ARRIVED sim=79.967s
[PERF ISAAC FINAL] run=p5_goal_polish_explore_20261007_after_ego1p5_1 result=ARRIVED wall=84.96s sim_frames=4920 fps(sim/wall)=60.02/57.91 command_changes=3743 collision_blocks=0 frame_interval_ms(mean/p50/p95/max)=17.203/15.933/17.958/78.520
[97.906s] Simulation App Shutting Down
[depth_angular_controller-1] [INFO] [1791385417.480109104] [rclcpp]: signal_handler(SIGINT/SIGTERM)
[position_cmd_to_twist-2] [INFO] [1791385417.481073076] [position_cmd_to_twist]: [PERF BRIDGE FINAL] run=p5_goal_polish_explore_20261007_after_ego1p5_1 elapsed=98.73s received=4411 published=4408 fps(ros/wall)=53.81/52.10 controller_to_bridge_ms(mean/p50/p95/max)=4.047/0.000/33.333/116.667 bridge_process_ms(mean/p95/max)=0.090/0.118/1.206
[position_cmd_to_twist-2] Failed to publish log message to rosout: publisher's context is invalid, at ./src/rcl/publisher.c:389
[depth_angular_controller-1] [INFO] [1791385417.481226584] [depth_angular_controller]: [PERF CTRL FINAL] run=p5_goal_polish_explore_20261007_after_ego1p5_1 elapsed=98.84s callbacks=4412 commands=4411 guidance=4222 command_fps(ros/wall)=53.81/52.13 guidance_wall_fps=51.75 avoid_ms(mean/p50/p95/max)=5.911/2.157/25.830/169.805 cycle_ms(mean/p95/max)=19.181/39.241/172.282 depth_to_cmd_ms(mean/p95/max)=36.709/66.667/83.333 callback_to_publish_ms(mean/p95/max)=8.235/30.724/172.215
[depth_angular_controller-1] [INFO] [1791385417.481542738] [depth_angular_controller]: EVIDENCE_COST ingest(mean/p95/max)=2.328/7.066/22.632 record=0.161/1.109/13.706 ms
[depth_angular_controller-1] [INFO] [1791385417.481546616] [depth_angular_controller]: EVIDENCE_PHASE per_view_mean_ms balls=0.101 tubes=0.090 history=0.361 eviction=0.001
[INFO] [depth_angular_controller-1]: process has finished cleanly [pid 295290]
[INFO] [position_cmd_to_twist-2]: process has finished cleanly [pid 295292]
