[PERF] run=p5_goal_polish_explore_20261007_after_ego1p5_3 log=/home/starry/isaac-data/EGO1P5/performance/adaptive_trials_20261007/closed_loop/p5_goal_polish_explore_20261007/p5_goal_polish_explore_20261007_goal_after_3_performance.md
[INPUT] mode=goal scene_mode=cloud
[LOCK] Waiting for shared Isaac navigation slot
[INFO] [launch]: All log files can be found below /tmp/fov_gvf_ego1p5_isaac_ros_log/2026-10-07-23-11-40-713301-starry-System-Product-Name-299211
[INFO] [launch]: Default logging verbosity is set to INFO
[INFO] [depth_angular_controller-1]: process started with pid [299213]
[INFO] [position_cmd_to_twist-2]: process started with pid [299215]
[depth_angular_controller-1] [INFO] [1791385900.748866206] [depth_angular_controller]: PROCESSING_RATES control=60.0 Hz depth_limit=10.0 Hz (0=unlimited)
[depth_angular_controller-1] [INFO] [1791385900.750935776] [depth_angular_controller]: C++ controller commands publish on /position_cmd; horizontal views=4
[ROS CHECK] ROS_DOMAIN_ID=42 /position_cmd publishers=1
Type: pc_gvf_msgs/msg/PositionCommand
Publisher count: 1
Subscription count: 1
/depth_angular_controller
/position_cmd_to_twist
WARNING: All log messages before absl::InitializeLog() is called are written to STDERR
E0000 00:00:1791385901.694983  299255 descriptor_database.cc:633] File already exists in database: grpc/health/v1/health.proto
W0000 00:00:1791385901.695007  299255 message.cc:301] Protobuf GeneratedMessageFactory: File is already registered: grpc/health/v1/health.proto
2026-10-07T15:11:41Z [Info] [carb] Logging to file: /home/starry/isaac-data/isaacsim/kit/logs/Kit/Isaac-Sim Python/6.0/kit_20261007_231141.log
[0.044s] [ext: omni.assets.plugins-0.0.0] startup
[0.044s] [ext: omni.blobkey-1.1.2] startup
[0.045s] [ext: omni.kit.async_engine-0.0.3] startup
[0.310s] [ext: omni.client.lib-1.1.1] startup
[0.318s] [ext: omni.client-1.3.0] startup
[0.320s] [ext: omni.protobuf.lib-1.0.0] startup
[0.321s] [ext: omni.grpc.lib-1.0.0] startup
[0.324s] [ext: omni.metrics.core-0.0.3] startup
[0.324s] [ext: omni.datastore-0.0.0] startup
[0.324s] [ext: omni.gpu_foundation.shadercache.vulkan-1.0.0] startup
[0.326s] [ext: omni.hsscclient-1.1.4] startup
[0.327s] [ext: omni.stats-1.0.1] startup
[0.327s] [ext: omni.ujitso.default-1.0.0] startup
[0.330s] [ext: omni.gpu_foundation-0.0.0] startup
[0.454s] [ext: carb.windowing.plugins-1.0.1] startup
[0.455s] [ext: omni.kit.renderer.init-1.0.1] startup
2026-10-07T15:11:42Z [648ms] [Warning] [omni.rtx] Skipping unsupported non-NVIDIA GPU: AMD Unknown (RADV RAPHAEL_MENDOCINO)
2026-10-07T15:11:42Z [649ms] [Warning] [omni.rtx] Skipping unsupported non-NVIDIA GPU: AMD Unknown (RADV RAPHAEL_MENDOCINO)

|---------------------------------------------------------------------------------------------|
| Driver Version: 580.178.04    | Graphics API: Vulkan
|=============================================================================================|
| GPU | Name                             | Active | LDA | GPU Memory | Vendor-ID | LUID       |
|     |                                  |        |     |            | Device-ID | UUID       |
|     |                                  |        |     |            | Bus-ID    |            |
|---------------------------------------------------------------------------------------------|
| 0   | NVIDIA GeForce RTX 5070          | Yes: 0 |     | 12227   MB | 10de      | 0          |
|     |                                  |        |     |            | 2f04      | 348d89fe.. |
|     |                                  |        |     |            | 1         |            |
|---------------------------------------------------------------------------------------------|
| 1   | AMD Unknown (RADV RAPHAEL_MEND.. |        |     | 10755   MB | 1002      | 0          |
|     |                                  |        |     |            | 13c0      | 00000000.. |
|     |                                  |        |     |            | c         |            |
|=============================================================================================|
| OS: 22.04.5 LTS (Jammy Jellyfish) ubuntu, Version: 22.04.5, Kernel: 6.8.0-138-generic
| XServer Vendor: The X.Org Foundation, XServer Version: 12101004 (1.21.1.4)
| Processor: AMD Ryzen 5 9600X 6-Core Processor
| Cores: 6 | Logical Cores: 12
|---------------------------------------------------------------------------------------------|
| Total Memory (MB): 31241 | Free Memory: 22681
| Total Page/Swap (MB): 15624 | Free Page/Swap: 15624
|---------------------------------------------------------------------------------------------|
2026-10-07T15:11:42Z [855ms] [Warning] [omni.rtx] CPU performance profile is set to powersave. This profile sets the CPU to the lowest frequency reducing performance.
2026-10-07T15:11:42Z [863ms] [Warning] [omni.rtx] IOMMU is enabled.
[0.966s] [ext: omni.kit.pipapi-0.0.0] startup
[0.967s] [ext: omni.kit.pip_archive-0.0.0] startup
[0.967s] [ext: isaacsim.pip.newton-0.6.1] startup
[0.967s] [ext: omni.pip.compute-1.9.2] startup
[0.967s] [ext: omni.isaac.core_archive-5.3.1] startup
[0.968s] [ext: omni.kit.telemetry-0.5.2] startup
[0.986s] [ext: omni.kit.loop-isaac-1.6.0] startup
[0.987s] [ext: omni.kit.test-2.0.7] startup
[1.039s] [ext: omni.materialx.libs-1.0.9] startup
[1.045s] [ext: omni.gpucompute.plugins-0.0.0] startup
[1.045s] [ext: omni.usd.config-1.0.7] startup
[1.048s] [ext: omni.usd.libs-1.0.3] startup
[1.103s] [ext: omni.iray.libs-0.0.1] startup
[1.105s] [ext: omni.mdl-57.0.3] startup
[1.166s] [ext: omni.mdl.neuraylib-0.2.20] startup
[1.168s] [ext: omni.kit.usd.mdl-1.1.9] startup
[1.252s] [ext: omni.appwindow-1.2.2] startup
[1.254s] [ext: omni.kit.renderer.core-1.2.2] startup
2026-10-07T15:11:47Z [6,466ms] [Warning] [carb.windowing-glfw.gamepad] Joystick with unknown remapping detected (will be ignored):  BEITONG BEITONG A2P3A BFM DONGLE [03000000bc2000001c51000011010000]
[6.498s] [ext: omni.kit.renderer.capture-2.0.1] startup
[6.500s] [ext: omni.kit.renderer.imgui-2.0.6] startup
[6.536s] [ext: omni.ui-3.2.0] startup
[6.543s] [ext: omni.kit.mainwindow-1.0.3] startup
[6.544s] [ext: carb.audio-0.1.0] startup
[6.546s] [ext: omni.uiaudio-1.0.0] startup
[6.546s] [ext: omni.kit.uiapp-0.0.0] startup
[6.546s] [ext: omni.usd.schema.metrics.assembler-110.1.0] startup
[6.548s] [ext: omni.usd.schema.audio-0.0.1] startup
[6.551s] [ext: omni.usd_resolver-1.0.0] startup
[6.553s] [ext: omni.usd.core-1.8.3] startup
[6.555s] [ext: omni.metropolis.schema-0.0.3] startup
[6.556s] [ext: isaacsim.anim.robot.schema-0.1.1] startup
[6.556s] [ext: omni.usd.schema.anim-0.0.1] startup
[6.569s] [ext: omni.usd.schema.geospatial-0.0.1] startup
[6.571s] [ext: omni.usd.schema.omnigraph-1.0.1] startup
[6.575s] [ext: omni.usd.schema.semantics-0.0.0] startup
[6.576s] [ext: omni.activity.core-1.0.3] startup
[6.577s] [ext: omni.cubric-0.1.0] startup
[6.578s] [ext: omni.graph.exec-0.9.6] startup
[6.578s] [ext: omni.hydra.scene_delegate-0.3.5] startup
[6.580s] [ext: usdrt.scenegraph-7.6.3] startup
[6.599s] [ext: omni.hydra.usdrt_delegate-7.5.2] startup
[6.602s] [ext: omni.inspect-1.0.2] startup
[6.603s] [ext: omni.kit.actions.core-1.0.0] startup
[6.605s] [ext: omni.kit.audiodeviceenum-1.0.2] startup
[6.605s] [ext: omni.kit.commands-1.5.0] startup
[6.608s] [ext: omni.kit.exec.core-0.13.5] startup
[6.609s] [ext: omni.kit.usd_undo-0.1.8] startup
[6.609s] [ext: omni.kit.window.popup_dialog-2.0.25] startup
[6.612s] [ext: omni.kit.widget.nucleus_connector-2.3.1] startup
[6.614s] [ext: omni.timeline-1.1.0] startup
[6.615s] [ext: omni.usd-1.16.0] startup
[6.639s] [ext: omni.graph.core-3.1.2] startup
[6.642s] [ext: omni.kit.notification_manager-1.0.11] startup
[6.643s] [ext: isaacsim.core.deprecation_manager-0.4.2] startup
[6.644s] [ext: isaacsim.replicator.agent.schema-0.1.1] startup
[6.644s] [ext: isaacsim.robot.schema-6.3.7] startup
[6.648s] [ext: isaacsim.robot_motion.schema-0.2.1] startup
[6.649s] [ext: omni.anim.behavior.schema-110.1.0] startup
[6.651s] [ext: omni.anim.graph.schema-110.1.1] startup
[6.656s] [ext: omni.anim.navigation.schema-110.1.0] startup
[6.658s] [ext: omni.behavior.tree.schema-110.1.0] startup
[6.659s] [ext: omni.isaac.ml_archive-3.3.0] startup
[6.659s] [ext: omni.kit.asset_converter-6.0.1] startup
[6.667s] [ext: omni.pip.cloud-1.5.4] startup
[6.669s] [ext: omni.usd.schema.flow-110.0.0] startup
[6.670s] [ext: omni.usd.schema.mujoco-1.1.1] startup
[6.670s] [ext: omni.usd.schema.newton-1.2.1] startup
[6.671s] [ext: omni.usd.schema.omni_lens_distortion-1.0.0] startup
[6.671s] [ext: omni.usd.schema.omni_projectors-1.0.0] startup
[6.672s] [ext: omni.usd.schema.omni_sensors-0.0.0] startup
[6.678s] [ext: omni.usd.schema.omniscripting-1.0.1] startup
[6.680s] [ext: omni.usd.schema.physical_lighting-0.1.0] startup
[6.683s] [ext: omni.usd.schema.physx-110.1.13] startup
[6.706s] [ext: omni.usd.schema.render_settings.rtx-1.0.2] startup
[6.708s] [ext: omni.usd.schema.usd_particle_field-1.0.0] startup
[6.709s] [ext: isaacsim.core.version-2.1.1] startup
[6.709s] [ext: omni.kit.menu.core-1.2.0] startup
[6.710s] [ext: omni.kit.menu.utils-2.2.4] startup
[6.715s] [ext: isaacsim.app.about-2.3.1] startup
[6.719s] [ext: isaacsim.asset.transformer-1.2.5] startup
[6.721s] [ext: omni.scene.optimizer.core-110.1.0] startup
[6.750s] [ext: isaacsim.asset.importer.utils-1.8.1] startup
[6.752s] [ext: omni.convexdecomposition-110.1.13] startup
[6.754s] [ext: omni.physics-110.1.13] startup
[6.756s] [ext: omni.physx.gpu-110.1.13] startup
[6.756s] [ext: omni.physx.foundation-110.1.13] startup
[6.757s] [ext: omni.usdphysics-110.1.13] startup
[6.758s] [ext: omni.physx.cooking-110.1.13] startup
[6.760s] [ext: omni.physx-110.1.13] startup
[6.766s] [ext: omni.physics.physx-110.1.13] startup
[6.768s] [ext: isaacsim.asset.exporter.urdf-2.0.5] startup
[6.774s] [ext: omni.kit.clipboard-1.1.1] startup
[6.774s] [ext: omni.kit.usd.layers-2.6.1] startup
[6.780s] [ext: omni.kit.widget.context_menu-1.4.0] startup
[6.781s] [ext: omni.kit.context_menu-1.9.0] startup
[6.782s] [ext: omni.kit.helper.file_utils-0.1.10] startup
[6.783s] [ext: omni.kit.widget.nucleus_info-2.0.2] startup
[6.783s] [ext: omni.kit.search_core-1.0.8] startup
[6.784s] [ext: omni.kit.widget.path_field-2.0.13] startup
[6.784s] [ext: omni.kit.widget.browser_bar-2.0.10] startup
[6.785s] [ext: omni.kit.widget.filebrowser-2.13.4] startup
[6.788s] [ext: omni.kit.widget.options_menu-1.1.6] startup
[6.790s] [ext: omni.kit.widget.options_button-1.0.3] startup
[6.790s] [ext: omni.kit.widget.search_delegate-1.0.9] startup
[6.791s] [ext: omni.ui.scene-2.0.3] startup
[6.794s] [ext: omni.kit.window.filepicker-2.15.5] startup
[6.804s] [ext: omni.kit.window.file_importer-1.1.21] startup
[6.805s] [ext: omni.kit.material.library-3.1.2] startup
[6.809s] [ext: isaacsim.asset.transformer.rules-1.7.10] startup
[6.816s] [ext: omni.usdex.libs-2.2.2] startup
[6.822s] [ext: isaacsim.asset.importer.mjcf-3.10.1] startup
[6.823s] [ext: isaacsim.asset.importer.urdf-3.11.2] startup
[6.826s] [ext: omni.kit.primitive.mesh-1.1.0] startup
[6.828s] [ext: omni.kit.stage_template.core-1.1.22] startup
[6.829s] [ext: omni.kit.stage_templates-2.0.2] startup
[6.830s] [ext: omni.usd.metrics.assembler-110.1.2] startup
[6.832s] [ext: omni.warp.core-1.13.0] startup
[7.009s] [ext: isaacsim.core.experimental.utils-0.17.2] startup
[7.010s] [ext: omni.physics.stageupdate-110.1.13] startup
[7.011s] [ext: omni.physics.tensors-110.1.13] startup
[7.014s] [ext: omni.physx.tensors-110.1.13] startup
[7.017s] [ext: isaacsim.core.simulation_manager-1.15.6] startup
[7.027s] [ext: isaacsim.storage.native-1.9.3] startup
[7.028s] [ext: omni.usd.metrics.assembler.physics-110.1.13] startup
[7.029s] [ext: isaacsim.core.utils-4.1.7] startup
[7.030s] [ext: isaacsim.core.prims-0.11.7] startup
[7.895s] [ext: isaacsim.core.api-5.2.13] startup
[7.901s] [ext: isaacsim.core.cloner-1.7.3] startup
[7.902s] [ext: isaacsim.test.docstring-1.3.2] startup
[7.904s] [ext: isaacsim.core.experimental.prims-1.8.9] startup
[7.921s] [ext: isaacsim.core.experimental.primdata-0.3.2] startup
[7.923s] [ext: omni.graph.tools-1.81.0] startup
[7.941s] [ext: omni.graph-1.142.5] startup
[7.971s] [ext: isaacsim.core.experimental.actuators-0.1.2] startup
[7.983s] [ext: isaacsim.core.experimental.materials-0.7.1] startup
[7.986s] [ext: isaacsim.core.experimental.objects-0.8.1] startup
[8.037s] [ext: omni.hydra.engine.stats-1.0.5] startup
[8.039s] [ext: omni.hydra.rtx.shadercache.vulkan-1.0.0] startup
[8.040s] [ext: omni.index.libs-387500.4413.0] startup
[8.040s] [ext: omni.index-1.0.1] startup
[8.040s] [ext: omni.ujitso.client-0.0.0] startup
[8.040s] [ext: omni.usd.schema.playback-1.0.0] startup
[8.043s] [ext: omni.volume-0.5.2] startup
[8.046s] [ext: omni.hydra.rtx-1.0.4] startup
2026-10-07T15:11:49Z [8,036ms] [Warning] [omni.log] Source: omni.hydra was already registered.
[8.067s] [ext: omni.kit.hydra_texture-1.6.0] startup
[8.070s] [ext: omni.kit.raycast.query-1.2.0] startup
[8.073s] [ext: omni.kit.viewport.legacy_gizmos-1.0.24] startup
[8.075s] [ext: omni.kit.viewport.registry-104.0.6] startup
[8.075s] [ext: omni.kit.viewport.scene_camera_model-1.0.7] startup
[8.078s] [ext: omni.kit.widget.viewport-109.2.0] startup
[8.081s] [ext: omni.kit.window.drop_support-1.0.8] startup
[8.082s] [ext: omni.kit.viewport.window-109.0.2] startup
[8.095s] [ext: omni.kit.viewport.utility-2.0.1] startup
[8.096s] [ext: isaacsim.core.rendering_manager-0.4.3] startup
[8.115s] [ext: omni.graph.action_core-1.1.9] startup
[8.117s] [ext: omni.graph.action_nodes_core-2.11.0] startup
[8.119s] [ext: omni.graph.action_nodes-2.11.0] startup
[8.134s] [ext: omni.graph.action-2.10.2] startup
[8.135s] [ext: omni.graph.image.core-0.6.1] startup
[8.136s] [ext: omni.graph.image.nodes-1.3.1] startup
[8.136s] [ext: omni.graph.nodes_core-2.11.0] startup
[8.140s] [ext: omni.graph.nodes-2.12.0] startup
[8.144s] [ext: omni.kit.hotkeys.core-1.3.12] startup
[8.145s] [ext: omni.kit.property.adapter.core-1.1.1] startup
[8.147s] [ext: omni.kit.property.adapter.usd-1.0.5] startup
[8.148s] [ext: omni.kit.widget.filter-1.1.5] startup
[8.149s] [ext: omni.kit.widget.highlight_label-1.0.3] startup
[8.150s] [ext: omni.kit.widget.searchfield-1.1.8] startup
[8.151s] [ext: omni.kit.window.file_exporter-1.0.36] startup
[8.152s] [ext: omni.kit.widget.stage-4.4.0] startup
[8.158s] [ext: omni.kit.window.content_browser_registry-0.0.6] startup
[8.159s] [ext: omni.kit.window.file-2.0.10] startup
[8.162s] [ext: omni.kit.window.content_browser-3.1.8] startup
[8.170s] [ext: omni.kit.window.property-1.15.1] startup
[8.179s] [ext: omni.kit.property.usd-4.9.4] startup
[8.187s] [ext: omni.graph.scriptnode-2.10.2] startup
[8.194s] [ext: omni.kit.widget.searchable_combobox-1.0.7] startup
[8.195s] [ext: omni.kit.widget.settings-2.0.0] startup
[8.197s] [ext: omni.kit.window.preferences-1.8.3] startup
[8.201s] [ext: omni.kit.viewport.menubar.core-107.2.2] startup
[8.210s] [ext: omni.syntheticdata-0.6.15] startup
[8.232s] [ext: omni.replicator.nv-1.1.1] startup
[8.237s] [ext: omni.videoencoding-0.2.1] startup
[8.238s] [ext: omni.replicator.core-1.13.27] startup
2026-10-07T15:11:49Z [8,223ms] [Warning] [pxr.Semantics] pxr.Semantics is deprecated - please use Semantics instead
2026-10-07T15:11:49Z [8,288ms] [Warning] [omni.replicator.core.scripts.extension] No material configuration file, adding configuration to material settings directly.
[8.437s] [ext: isaacsim.core.nodes-5.10.5] startup
[8.462s] [ext: isaacsim.core.throttling-2.3.5] startup
[8.463s] [ext: omni.kit.manipulator.viewport-107.0.1] startup
[8.464s] [ext: omni.graph.visualization.nodes-2.1.4] startup
[8.476s] [ext: omni.kit.window.extensions-1.5.10] startup
[8.480s] [ext: isaacsim.gui.components-1.8.5] startup
[8.484s] [ext: isaacsim.robot.surface_gripper-3.6.2] startup
[8.493s] [ext: isaacsim.robot.manipulators-3.4.4] startup
[8.502s] [ext: isaacsim.robot_motion.lula-4.1.3] startup
[8.508s] [ext: isaacsim.robot_motion.motion_generation-8.2.9] startup
[8.512s] [ext: isaacsim.cortex.framework-1.0.18] startup
[8.513s] [ext: isaacsim.cortex.behaviors-2.0.17] startup
[8.515s] [ext: isaacsim.examples.base-1.3.2] startup
[8.516s] [ext: omni.kit.widget.zoombar-1.0.7] startup
[8.516s] [ext: omni.kit.browser.core-2.3.18] startup
[8.519s] [ext: omni.kit.browser.folder.core-2.0.2] startup
[8.522s] [ext: omni.kit.widget.stage_icons-1.0.8] startup
[8.523s] [ext: omni.kit.window.stage-2.6.1] startup
[8.526s] [ext: omni.kit.menu.stage-1.2.7] startup
[8.527s] [ext: omni.kit.usd.collect-3.0.6] startup
[8.529s] [ext: omni.kit.widget.prompt-1.0.7] startup
[8.530s] [ext: omni.kit.tool.collect-2.2.19] startup
[8.531s] [ext: isaacsim.examples.browser-0.3.2] startup
[8.533s] [ext: omni.kit.search.files-1.0.4] startup
[8.534s] [ext: omni.kit.widget.calendar-1.0.9] startup
[8.535s] [ext: omni.kit.widget.extended_searchfield-1.0.31] startup
[8.541s] [ext: omni.simready.content.browser-0.3.7] startup
[8.623s] [ext: isaacsim.gui.content_browser-0.4.3] startup
[8.626s] [ext: omni.kit.selection-0.1.6] startup
[8.627s] [ext: isaacsim.gui.menu-2.10.5] startup
[8.633s] [ext: isaacsim.gui.property-1.6.4] startup
[8.639s] [ext: omni.kit.viewport.actions-110.0.0] startup
[8.643s] [ext: omni.kit.viewport.menubar.display-107.1.3] startup
[8.644s] [ext: isaacsim.gui.sensors.icon-2.2.1] startup
[8.646s] [ext: omni.behavior.scripting.core-110.1.0] startup
[8.649s] [ext: isaacsim.replicator.behavior-1.5.4] startup
[8.650s] [ext: isaacsim.replicator.experimental.domain_randomization-1.2.5] startup
[8.662s] [ext: isaacsim.replicator.domain_randomization-1.2.2] startup
[8.728s] [ext: isaacsim.replicator.writers-1.5.4] startup
[8.750s] [ext: isaacsim.robot.experimental.wheeled_robots-0.2.11] startup
[8.770s] [ext: isaacsim.robot.policy.examples-5.2.12] startup
[8.787s] [ext: isaacsim.robot.wheeled_robots-5.2.4] startup
[8.790s] [ext: isaacsim.robot.wheeled_robots.nodes-0.1.5] startup
[8.806s] [ext: isaacsim.robot_motion.experimental.motion_generation-6.1.3] startup
[8.816s] [ext: isaacsim.robot_motion.cumotion-1.3.1] startup
[8.828s] [ext: omni.kit.numpy.common-0.1.3] startup
[8.829s] [ext: isaacsim.sensors.camera-1.7.9] startup
[8.855s] [ext: isaacsim.sensors.experimental.physics-3.0.2] startup
[8.862s] [ext: omni.sensors.net-1.0.1] startup
[8.863s] [ext: omni.sensors.nv.common-3.0.0] startup
[8.872s] [ext: omni.sensors.nv.materials-2.0.0] startup
[8.874s] [ext: omni.sensors.nv.acoustic-3.0.0] startup
[8.877s] [ext: omni.sensors.nv.ids-2.0.1] startup
[8.878s] [ext: omni.sensors.nv.lidar-3.0.0] startup
[8.881s] [ext: omni.sensors.nv.radar-3.0.0] startup
[8.883s] [ext: isaacsim.sensors.experimental.rtx-1.4.6] startup
[9.110s] [ext: isaacsim.sensors.physics.nodes-1.5.3] startup
[9.115s] [ext: isaacsim.util.debug_draw-3.2.3] startup
[9.120s] [ext: isaacsim.sensors.physx-2.5.5] startup
[9.125s] [ext: isaacsim.sensors.rtx-15.17.1] startup
[9.134s] [ext: isaacsim.simulation_app-2.18.4] startup
[9.134s] [ext: omni.anim.curve.core-1.6.0] startup
[9.143s] [ext: omni.graph.ui_nodes-2.11.1] startup
[9.162s] [ext: omni.hydra.scene_api-0.1.3] startup
[9.166s] [ext: omni.kit.manipulator.camera-110.0.0] startup
[9.169s] [ext: omni.kit.manipulator.selector-1.1.4] startup
[9.170s] [ext: omni.kit.manipulator.transform-107.0.0] startup
[9.174s] [ext: omni.kit.widget.toolbar-2.1.0] startup
[9.179s] [ext: omni.kit.manipulator.tool.snap-1.5.14] startup
[9.182s] [ext: omni.kit.viewport.manipulator.transform-107.0.4] startup
[9.184s] [ext: omni.kit.manipulator.prim.core-108.0.2] startup
[9.189s] [ext: omni.kit.manipulator.prim.usd-107.0.3] startup
[9.190s] [ext: omni.kit.manipulator.prim-108.0.0] startup
[9.190s] [ext: omni.kit.manipulator.selection-109.0.1] startup
[9.191s] [ext: omni.kit.menu.create-2.0.2] startup
[9.192s] [ext: omni.kit.property.audio-1.0.16] startup
[9.195s] [ext: omni.kit.property.camera-1.0.14] startup
[9.196s] [ext: omni.kit.property.geometry-2.1.2] startup
[9.199s] [ext: omni.kit.property.light-1.0.14] startup
2026-10-07T15:11:50Z [9,198ms] [Warning] [omni.usd] Encountered USD Warnings but USD Diagnostics are currently muted. To view USD Warnings, please set the '/persistent/app/usd/muteUsdDiagnostics' setting to false in Preferences page.
[9.225s] [ext: omni.kit.property.material-1.14.6] startup
[9.230s] [ext: omni.kit.property.render-1.2.2] startup
[9.231s] [ext: omni.kit.property.transform-1.6.9] startup
[9.233s] [ext: omni.kit.property.bundle-1.5.1] startup
[9.235s] [ext: omni.kit.usdz_export-1.1.0] startup
[9.237s] [ext: omni.kit.tool.asset_importer-6.0.1] startup
[9.241s] [ext: omni.kit.ui.actions-1.0.5] startup
[9.242s] [ext: omni.kit.viewport.menubar.camera-107.0.10] startup
[9.247s] [ext: omni.kit.viewport.menubar.lighting-107.3.2] startup
[9.249s] [ext: omni.kit.viewport.menubar.render-110.0.0] startup
[9.251s] [ext: omni.kit.viewport.menubar.settings-110.0.1] startup
[9.254s] [ext: omni.kit.window.console-1.1.9] startup
[9.257s] [ext: omni.kit.window.status_bar-0.1.11] startup
[9.259s] [ext: omni.kit.window.toolbar-3.0.3] startup
[9.260s] [ext: omni.ocio-0.1.1] startup
[9.261s] [ext: omni.physx.commands-110.1.13] startup
[9.264s] [ext: omni.replicator.replicator_yaml-2.0.12] startup
[9.273s] [ext: omni.rtx.window.settings-0.8.0] startup
[9.277s] [ext: omni.rtx.settings.core-0.7.1] startup
[9.279s] [ext: omni.usd.metrics.assembler.ui-110.1.1] startup
[9.285s] [ext: semantics.schema.editor-2.0.2] startup
[9.287s] [ext: semantics.schema.property-2.0.2] startup
[9.288s] [ext: omni.kit.menu.common-2.0.2] startup
[9.289s] [ext: isaacsim.exp.base-6.0.1] startup
[9.289s] [ext: isaacsim.exp.base.python-6.0.1] startup
[9.291s] Simulation App Starting
[10.330s] Simulation App Startup Complete
[10.335s] app ready
Starting kit application with the following args:  ['/home/starry/isaac-data/isaacsim/exts/isaacsim.simulation_app/isaacsim/simulation_app/simulation_app.py', '/home/starry/isaac-data/isaacsim/apps/isaacsim.exp.base.python.kit', '--/app/tokens/exe-path=/home/starry/isaac-data/isaacsim/kit', '--/persistent/app/viewport/displayOptions=3094', '--/rtx/materialDb/syncLoads=True', '--/rtx/hydra/materialSyncLoads=True', '--/omni/kit/plugin/syncUsdLoads=True', '--/app/renderer/resolution/width=1280', '--/app/renderer/resolution/height=720', '--/app/window/width=1440', '--/app/window/height=900', '--/renderer/multiGpu/enabled=False', '--/app/fastShutdown=True', '--/app/installSignalHandlers=0', '--ext-folder', '/home/starry/isaac-data/isaacsim/exts', '--ext-folder', '/home/starry/isaac-data/isaacsim/apps', '--/renderer/activeGpu=0', '--/physics/cudaDevice=0', '--/plugins/carb.tasking.plugin/threadCount=12', '--/plugins/omni.tbb.globalcontrol/maxThreadCount=12', '--portable', '--no-window', '--/app/window/hideUi=1']
Passing the following args to the base kit application:  []
Warp 1.13.0 initialized:
   CUDA Toolkit 12.9, Driver 13.0
   Devices:
     "cpu"      : "x86_64"
     "cuda:0"   : "NVIDIA GeForce RTX 5070" (11 GiB, sm_120, mempool enabled)
   Kernel cache:
     /home/starry/.cache/warp/1.13.0
[LIGHTING] sun=800.0 (1) dome=0.0 (1) ambient=0.05 constant_color=(0.6, 0.65, 0.7)
[RENDER] mode=MinimalRendering minimal_shading_mode=2 anti_aliasing=TAA
[DEPTH CAMERAS] count=4 resolution_each=320x240 horizontal_coverage=360deg
[ESDF] path=/home/starry/isaac-data/EGO1P5/scenes/ego_swarm_cloud/occupancy.bin shape=(400, 300, 50) resolution=0.40m
[depth_angular_controller-1] [INFO] [1791385914.105418164] [depth_angular_controller]: WAITING_ODOMETRY
[NAV] t=0.0s position=(-64.00,-11.20,2.80) yaw=1.2deg command=(0.00,0.00,0.00) manual_active=0 collision_blocks=0
[depth_angular_controller-1] [INFO] [1791385914.473699229] [depth_angular_controller]: WAITING_VERIFIED_START_POSE
[depth_angular_controller-1] [INFO] [1791385914.511739659] [depth_angular_controller]: VERIFIED_FREE_SEED center=(-64.000,-11.200,2.800) radius=2.500 balls=1: verified fixed Cloud free ball; USD and occupancy SHA-256 matched
[depth_angular_controller-1] [INFO] [1791385914.512402144] [depth_angular_controller]: ZERO_INTENT
[depth_angular_controller-1] [INFO] [1791385916.352466650] [depth_angular_controller]: GOAL_REFINEMENT checks=3 improvements=3
[depth_angular_controller-1] [INFO] [1791385916.352510372] [depth_angular_controller]: OMNI_DEPTH views=4 azimuth_bins=180 elevation_bins=37 valid=1 certificates=0 short=0 held=0 local_candidates=3 yaw=12.55
[depth_angular_controller-1] [INFO] [1791385916.352554666] [depth_angular_controller]: DEPTH_PROPOSAL_CERTIFIED
[depth_angular_controller-1] [INFO] [1791385916.352559344] [depth_angular_controller]: PAPER_BUILD reason=FULL_MOTION_CERTIFICATE required=0.0000 best=0.0000 free=0 refined=0 tubes=0 revoked_tubes=0 proofs=0
[depth_angular_controller-1] [INFO] [1791385916.352564033] [depth_angular_controller]: PAPER_EVIDENCE retained=8 balls=1 revoked_balls=0 expired_views=0 evicted_views=0 radius=0.580 clearance=0.000 best_prefix=0.000
[depth_angular_controller-1] [INFO] [1791385917.308588101] [depth_angular_controller]: GOAL_REFINEMENT checks=3 improvements=3
[depth_angular_controller-1] [INFO] [1791385917.308630381] [depth_angular_controller]: OMNI_DEPTH views=4 azimuth_bins=180 elevation_bins=37 valid=1 certificates=0 short=0 held=0 local_candidates=3 yaw=9.93
[depth_angular_controller-1] [INFO] [1791385917.308843772] [depth_angular_controller]: PAPER_BUILD reason=FULL_MOTION_CERTIFICATE required=0.0000 best=0.0000 free=0 refined=0 tubes=1 revoked_tubes=0 proofs=52
[depth_angular_controller-1] [INFO] [1791385917.308862317] [depth_angular_controller]: PAPER_EVIDENCE retained=12 balls=4 revoked_balls=0 expired_views=0 evicted_views=0 radius=0.580 clearance=0.000 best_prefix=0.000
[10.855s] [ext: isaacsim.sensors.rtx.nodes-0.1.2] startup
[10.863s] [ext: isaacsim.ros2.core-1.9.4] startup
[10.877s] Attempting to load system rclpy
[10.877s] Could not import system rclpy: No module named 'rclpy'
[10.877s] Attempting to load internal rclpy for ROS Distro: humble
[10.888s] rclpy loaded
[10.892s] [ext: isaacsim.ros2.nodes-1.18.13] startup
[10.925s] [ext: isaacsim.ros2.examples-1.2.4] startup
[10.929s] [ext: isaacsim.ros2.ui-1.6.5] startup
[11.143s] [ext: isaacsim.ros2.bridge-5.1.2] startup
2026-10-07T15:11:54Z [13,121ms] [Warning] [omni.timeline.plugin] Deprecated: direct use of ITimeline callbacks is deprecated. Use ITimeline::getTimeline (Python: omni.timeline.get_timeline_interface) instead.
[depth_angular_controller-1] [INFO] [1791385918.269385500] [depth_angular_controller]: GOAL_REFINEMENT checks=3 improvements=0
[depth_angular_controller-1] [INFO] [1791385918.269429062] [depth_angular_controller]: OMNI_DEPTH views=4 azimuth_bins=180 elevation_bins=37 valid=1 certificates=0 short=0 held=0 local_candidates=2 yaw=9.93
[depth_angular_controller-1] [INFO] [1791385918.269657942] [depth_angular_controller]: PAPER_BUILD reason=FULL_MOTION_CERTIFICATE required=0.0000 best=0.0000 free=0 refined=0 tubes=4 revoked_tubes=0 proofs=108
[depth_angular_controller-1] [INFO] [1791385918.269670065] [depth_angular_controller]: PAPER_EVIDENCE retained=16 balls=15 revoked_balls=0 expired_views=0 evicted_views=0 radius=0.580 clearance=0.000 best_prefix=0.000
[position_cmd_to_twist-2] [INFO] [1791385919.216292384] [position_cmd_to_twist]: [PERF BRIDGE] run=p5_goal_polish_explore_20261007_after_ego1p5_3 elapsed=18.35s received=295 published=295 fps(ros/wall)=60.00/62.27 controller_to_bridge_ms(mean/p50/p95/max)=0.000/0.000/0.000/0.000 bridge_process_ms(mean/p95/max)=0.088/0.114/0.227
[NAV] t=5.0s position=(-60.21,-10.48,2.78) yaw=9.9deg command=(1.75,0.38,-0.03) manual_active=1 collision_blocks=0
[depth_angular_controller-1] [INFO] [1791385919.289516936] [depth_angular_controller]: GOAL_REFINEMENT checks=3 improvements=0
[depth_angular_controller-1] [INFO] [1791385919.289560818] [depth_angular_controller]: OMNI_DEPTH views=4 azimuth_bins=180 elevation_bins=37 valid=1 certificates=0 short=0 held=0 local_candidates=3 yaw=13.29
[depth_angular_controller-1] [INFO] [1791385919.295544043] [depth_angular_controller]: PAPER_BUILD reason=FULL_MOTION_CERTIFICATE required=0.0000 best=0.0000 free=0 refined=0 tubes=8 revoked_tubes=0 proofs=128
[depth_angular_controller-1] [INFO] [1791385919.295569901] [depth_angular_controller]: PAPER_EVIDENCE retained=16 balls=31 revoked_balls=0 expired_views=0 evicted_views=4 radius=0.580 clearance=0.000 best_prefix=0.000
[depth_angular_controller-1] [INFO] [1791385919.482487017] [depth_angular_controller]: [PERF CTRL] run=p5_goal_polish_explore_20261007_after_ego1p5_3 elapsed=18.73s callbacks=314 commands=313 guidance=193 command_fps(ros/wall)=60.00/62.29 guidance_wall_fps=61.33 avoid_ms(mean/p50/p95/max)=2.540/1.222/8.706/13.076 cycle_ms(mean/p95/max)=16.054/20.607/77.234 depth_to_cmd_ms(mean/p95/max)=48.187/83.333/100.000 callback_to_publish_ms(mean/p95/max)=2.868/9.083/16.159
[depth_angular_controller-1] [INFO] [1791385919.482552220] [depth_angular_controller]: EVIDENCE_COST ingest(mean/p95/max)=1.214/4.474/14.321 record=0.011/0.015/0.080 ms
[depth_angular_controller-1] [INFO] [1791385919.482559563] [depth_angular_controller]: EVIDENCE_PHASE per_view_mean_ms balls=0.070 tubes=0.009 history=0.198 eviction=0.000
[depth_angular_controller-1] [INFO] [1791385920.654078915] [depth_angular_controller]: COMPUTE_DEADLINE
[depth_angular_controller-1] [INFO] [1791385920.654117798] [depth_angular_controller]: PAPER_BUILD reason=STATE_DIRECTION_UNCERTIFIED required=1.3048 best=8.0717 free=882 refined=1 tubes=11 revoked_tubes=0 proofs=128
[depth_angular_controller-1] [INFO] [1791385920.654128939] [depth_angular_controller]: PAPER_EVIDENCE retained=16 balls=32 revoked_balls=0 expired_views=0 evicted_views=8 radius=0.580 clearance=0.000 best_prefix=8.072
[depth_angular_controller-1] [INFO] [1791385920.674010602] [depth_angular_controller]: GOAL_REFINEMENT checks=3 improvements=2
[depth_angular_controller-1] [INFO] [1791385920.674050077] [depth_angular_controller]: OMNI_DEPTH views=4 azimuth_bins=180 elevation_bins=37 valid=1 certificates=0 short=0 held=0 local_candidates=2 yaw=16.57
[depth_angular_controller-1] [INFO] [1791385920.999996873] [depth_angular_controller]: DEPTH_PROPOSAL_CERTIFIED
[depth_angular_controller-1] [INFO] [1791385921.743438021] [depth_angular_controller]: PAPER_BUILD reason=FULL_MOTION_CERTIFICATE required=0.0000 best=0.0000 free=0 refined=0 tubes=14 revoked_tubes=0 proofs=128
[depth_angular_controller-1] [INFO] [1791385921.743470342] [depth_angular_controller]: PAPER_EVIDENCE retained=16 balls=32 revoked_balls=0 expired_views=0 evicted_views=12 radius=0.580 clearance=0.000 best_prefix=8.072
[depth_angular_controller-1] [INFO] [1791385921.755780206] [depth_angular_controller]: GOAL_REFINEMENT checks=3 improvements=3
[depth_angular_controller-1] [INFO] [1791385921.755816764] [depth_angular_controller]: OMNI_DEPTH views=4 azimuth_bins=180 elevation_bins=37 valid=1 certificates=0 short=0 held=0 local_candidates=1 yaw=10.15
[depth_angular_controller-1] [INFO] [1791385922.713921884] [depth_angular_controller]: PAPER_BUILD reason=FULL_MOTION_CERTIFICATE required=0.0000 best=0.0000 free=0 refined=0 tubes=17 revoked_tubes=0 proofs=128
[depth_angular_controller-1] [INFO] [1791385922.713963131] [depth_angular_controller]: PAPER_EVIDENCE retained=16 balls=32 revoked_balls=0 expired_views=0 evicted_views=16 radius=0.580 clearance=0.000 best_prefix=8.072
[depth_angular_controller-1] [INFO] [1791385922.725140327] [depth_angular_controller]: GOAL_REFINEMENT checks=3 improvements=3
[depth_angular_controller-1] [INFO] [1791385922.725175903] [depth_angular_controller]: OMNI_DEPTH views=4 azimuth_bins=180 elevation_bins=37 valid=1 certificates=0 short=0 held=0 local_candidates=3 yaw=12.64
[depth_angular_controller-1] [INFO] [1791385923.725580837] [depth_angular_controller]: PAPER_BUILD reason=FULL_MOTION_CERTIFICATE required=0.0000 best=0.0000 free=0 refined=0 tubes=21 revoked_tubes=0 proofs=128
[depth_angular_controller-1] [INFO] [1791385923.725617927] [depth_angular_controller]: PAPER_EVIDENCE retained=16 balls=32 revoked_balls=0 expired_views=0 evicted_views=20 radius=0.580 clearance=0.000 best_prefix=8.072
[depth_angular_controller-1] [INFO] [1791385923.748513845] [depth_angular_controller]: GOAL_REFINEMENT checks=3 improvements=3
[depth_angular_controller-1] [INFO] [1791385923.748557067] [depth_angular_controller]: OMNI_DEPTH views=4 azimuth_bins=180 elevation_bins=37 valid=1 certificates=0 short=0 held=0 local_candidates=2 yaw=9.96
[position_cmd_to_twist-2] [INFO] [1791385924.435872046] [position_cmd_to_twist]: [PERF BRIDGE] run=p5_goal_polish_explore_20261007_after_ego1p5_3 elapsed=23.58s received=564 published=562 fps(ros/wall)=56.87/56.34 controller_to_bridge_ms(mean/p50/p95/max)=2.246/0.000/16.667/350.000 bridge_process_ms(mean/p95/max)=0.092/0.115/1.629
[depth_angular_controller-1] [INFO] [1791385924.492275175] [depth_angular_controller]: [PERF CTRL] run=p5_goal_polish_explore_20261007_after_ego1p5_3 elapsed=23.74s callbacks=569 commands=568 guidance=448 command_fps(ros/wall)=56.89/56.60 guidance_wall_fps=54.91 avoid_ms(mean/p50/p95/max)=5.362/2.681/14.405/318.227 cycle_ms(mean/p95/max)=17.669/23.640/330.160 depth_to_cmd_ms(mean/p95/max)=46.875/83.333/100.000 callback_to_publish_ms(mean/p95/max)=6.094/15.359/330.023
[depth_angular_controller-1] [INFO] [1791385924.492358973] [depth_angular_controller]: EVIDENCE_COST ingest(mean/p95/max)=1.716/6.792/14.321 record=0.071/0.349/2.078 ms
[depth_angular_controller-1] [INFO] [1791385924.492365906] [depth_angular_controller]: EVIDENCE_PHASE per_view_mean_ms balls=0.084 tubes=0.042 history=0.279 eviction=0.001
[NAV] t=10.0s position=(-52.56,-9.00,2.69) yaw=9.8deg command=(1.97,0.30,-0.12) manual_active=1 collision_blocks=0
[depth_angular_controller-1] [INFO] [1791385924.686374409] [depth_angular_controller]: PAPER_BUILD reason=FULL_MOTION_CERTIFICATE required=0.0000 best=0.0000 free=0 refined=0 tubes=25 revoked_tubes=0 proofs=128
[depth_angular_controller-1] [INFO] [1791385924.686412590] [depth_angular_controller]: PAPER_EVIDENCE retained=16 balls=32 revoked_balls=0 expired_views=0 evicted_views=24 radius=0.580 clearance=0.000 best_prefix=8.072
[depth_angular_controller-1] [INFO] [1791385924.699394738] [depth_angular_controller]: GOAL_REFINEMENT checks=3 improvements=3
[depth_angular_controller-1] [INFO] [1791385924.699432028] [depth_angular_controller]: OMNI_DEPTH views=4 azimuth_bins=180 elevation_bins=37 valid=1 certificates=0 short=0 held=0 local_candidates=2 yaw=12.24
[depth_angular_controller-1] [INFO] [1791385925.708572959] [depth_angular_controller]: PAPER_BUILD reason=FULL_MOTION_CERTIFICATE required=0.0000 best=0.0000 free=0 refined=0 tubes=32 revoked_tubes=0 proofs=128
[depth_angular_controller-1] [INFO] [1791385925.708608947] [depth_angular_controller]: PAPER_EVIDENCE retained=16 balls=32 revoked_balls=0 expired_views=0 evicted_views=28 radius=0.580 clearance=0.000 best_prefix=8.072
[depth_angular_controller-1] [INFO] [1791385925.731759384] [depth_angular_controller]: GOAL_REFINEMENT checks=3 improvements=0
[depth_angular_controller-1] [INFO] [1791385925.732200924] [depth_angular_controller]: OMNI_DEPTH views=4 azimuth_bins=180 elevation_bins=37 valid=1 certificates=0 short=0 held=0 local_candidates=2 yaw=-6.84
[depth_angular_controller-1] [INFO] [1791385926.742274137] [depth_angular_controller]: PAPER_BUILD reason=FULL_MOTION_CERTIFICATE required=0.0000 best=0.0000 free=0 refined=0 tubes=36 revoked_tubes=0 proofs=128
[depth_angular_controller-1] [INFO] [1791385926.742310786] [depth_angular_controller]: PAPER_EVIDENCE retained=16 balls=32 revoked_balls=0 expired_views=0 evicted_views=32 radius=0.580 clearance=0.000 best_prefix=8.072
[depth_angular_controller-1] [INFO] [1791385926.760281418] [depth_angular_controller]: GOAL_REFINEMENT checks=3 improvements=0
[depth_angular_controller-1] [INFO] [1791385926.760317376] [depth_angular_controller]: OMNI_DEPTH views=4 azimuth_bins=180 elevation_bins=37 valid=1 certificates=0 short=0 held=0 local_candidates=2 yaw=-8.24
[depth_angular_controller-1] [INFO] [1791385927.913770315] [depth_angular_controller]: GOAL_REFINEMENT checks=3 improvements=2
[depth_angular_controller-1] [INFO] [1791385927.913825308] [depth_angular_controller]: OMNI_DEPTH views=4 azimuth_bins=180 elevation_bins=37 valid=1 certificates=0 short=0 held=0 local_candidates=2 yaw=-0.61
[depth_angular_controller-1] [INFO] [1791385927.916022217] [depth_angular_controller]: PAPER_BUILD reason=FULL_MOTION_CERTIFICATE required=0.0000 best=0.0000 free=0 refined=0 tubes=40 revoked_tubes=0 proofs=128
[depth_angular_controller-1] [INFO] [1791385927.916238383] [depth_angular_controller]: PAPER_EVIDENCE retained=16 balls=32 revoked_balls=0 expired_views=0 evicted_views=36 radius=0.580 clearance=0.000 best_prefix=8.072
[depth_angular_controller-1] [INFO] [1791385928.918900278] [depth_angular_controller]: GOAL_REFINEMENT checks=3 improvements=3
[depth_angular_controller-1] [INFO] [1791385928.918937598] [depth_angular_controller]: OMNI_DEPTH views=4 azimuth_bins=180 elevation_bins=37 valid=1 certificates=0 short=0 held=0 local_candidates=2 yaw=10.68
[depth_angular_controller-1] [INFO] [1791385928.919639497] [depth_angular_controller]: PAPER_BUILD reason=FULL_MOTION_CERTIFICATE required=0.0000 best=0.0000 free=0 refined=0 tubes=44 revoked_tubes=0 proofs=128
[depth_angular_controller-1] [INFO] [1791385928.919662080] [depth_angular_controller]: PAPER_EVIDENCE retained=16 balls=32 revoked_balls=0 expired_views=0 evicted_views=40 radius=0.580 clearance=0.000 best_prefix=8.072
[depth_angular_controller-1] [INFO] [1791385929.502378696] [depth_angular_controller]: [PERF CTRL] run=p5_goal_polish_explore_20261007_after_ego1p5_3 elapsed=28.75s callbacks=835 commands=834 guidance=714 command_fps(ros/wall)=56.54/55.43 guidance_wall_fps=54.22 avoid_ms(mean/p50/p95/max)=5.790/3.340/15.831/318.227 cycle_ms(mean/p95/max)=18.042/25.817/330.160 depth_to_cmd_ms(mean/p95/max)=42.997/83.333/100.000 callback_to_publish_ms(mean/p95/max)=7.187/18.135/330.023
[depth_angular_controller-1] [INFO] [1791385929.502476320] [depth_angular_controller]: EVIDENCE_COST ingest(mean/p95/max)=1.964/7.525/15.750 record=0.187/1.203/6.372 ms
[depth_angular_controller-1] [INFO] [1791385929.502484074] [depth_angular_controller]: EVIDENCE_PHASE per_view_mean_ms balls=0.095 tubes=0.066 history=0.306 eviction=0.001
[position_cmd_to_twist-2] [INFO] [1791385929.676464328] [position_cmd_to_twist]: [PERF BRIDGE] run=p5_goal_polish_explore_20261007_after_ego1p5_3 elapsed=28.82s received=844 published=842 fps(ros/wall)=56.58/55.35 controller_to_bridge_ms(mean/p50/p95/max)=2.666/0.000/16.667/350.000 bridge_process_ms(mean/p95/max)=0.092/0.117/1.629
[NAV] t=15.0s position=(-42.67,-8.95,2.45) yaw=10.7deg command=(1.97,0.37,0.01) manual_active=1 collision_blocks=0
[depth_angular_controller-1] [INFO] [1791385929.953403152] [depth_angular_controller]: GOAL_REFINEMENT checks=3 improvements=3
[depth_angular_controller-1] [INFO] [1791385929.953441585] [depth_angular_controller]: OMNI_DEPTH views=4 azimuth_bins=180 elevation_bins=37 valid=1 certificates=0 short=0 held=0 local_candidates=3 yaw=11.96
[depth_angular_controller-1] [INFO] [1791385929.953662410] [depth_angular_controller]: PAPER_BUILD reason=FULL_MOTION_CERTIFICATE required=0.0000 best=0.0000 free=0 refined=0 tubes=48 revoked_tubes=0 proofs=128
[depth_angular_controller-1] [INFO] [1791385929.953667379] [depth_angular_controller]: PAPER_EVIDENCE retained=16 balls=32 revoked_balls=0 expired_views=0 evicted_views=44 radius=0.580 clearance=0.000 best_prefix=8.072
[depth_angular_controller-1] [INFO] [1791385930.969427800] [depth_angular_controller]: GOAL_REFINEMENT checks=3 improvements=2
[depth_angular_controller-1] [INFO] [1791385930.969471232] [depth_angular_controller]: OMNI_DEPTH views=4 azimuth_bins=180 elevation_bins=37 valid=1 certificates=0 short=0 held=0 local_candidates=3 yaw=15.84
[depth_angular_controller-1] [INFO] [1791385930.969733254] [depth_angular_controller]: PAPER_BUILD reason=FULL_MOTION_CERTIFICATE required=0.0000 best=0.0000 free=0 refined=0 tubes=52 revoked_tubes=0 proofs=128
[depth_angular_controller-1] [INFO] [1791385930.969741209] [depth_angular_controller]: PAPER_EVIDENCE retained=16 balls=32 revoked_balls=0 expired_views=0 evicted_views=48 radius=0.580 clearance=0.000 best_prefix=8.072
[depth_angular_controller-1] [INFO] [1791385931.935005493] [depth_angular_controller]: GOAL_REFINEMENT checks=3 improvements=2
[depth_angular_controller-1] [INFO] [1791385931.935050016] [depth_angular_controller]: OMNI_DEPTH views=4 azimuth_bins=180 elevation_bins=37 valid=1 certificates=0 short=0 held=0 local_candidates=2 yaw=16.74
[depth_angular_controller-1] [INFO] [1791385931.944280493] [depth_angular_controller]: PAPER_BUILD reason=FULL_MOTION_CERTIFICATE required=0.0000 best=0.0000 free=0 refined=0 tubes=56 revoked_tubes=0 proofs=128
[depth_angular_controller-1] [INFO] [1791385931.944308546] [depth_angular_controller]: PAPER_EVIDENCE retained=16 balls=32 revoked_balls=0 expired_views=0 evicted_views=52 radius=0.580 clearance=0.000 best_prefix=8.072
[depth_angular_controller-1] [INFO] [1791385933.016199304] [depth_angular_controller]: PAPER_BUILD reason=FULL_MOTION_CERTIFICATE required=0.0000 best=0.0000 free=0 refined=0 tubes=58 revoked_tubes=0 proofs=128
[depth_angular_controller-1] [INFO] [1791385933.016241774] [depth_angular_controller]: PAPER_EVIDENCE retained=16 balls=32 revoked_balls=0 expired_views=0 evicted_views=56 radius=0.580 clearance=0.000 best_prefix=8.072
[depth_angular_controller-1] [INFO] [1791385933.030340640] [depth_angular_controller]: GOAL_REFINEMENT checks=3 improvements=2
[depth_angular_controller-1] [INFO] [1791385933.030380635] [depth_angular_controller]: OMNI_DEPTH views=4 azimuth_bins=180 elevation_bins=37 valid=1 certificates=0 short=0 held=0 local_candidates=2 yaw=21.35
[depth_angular_controller-1] [INFO] [1791385934.134804222] [depth_angular_controller]: PAPER_BUILD reason=FULL_MOTION_CERTIFICATE required=0.0000 best=0.0000 free=0 refined=0 tubes=59 revoked_tubes=0 proofs=128
[depth_angular_controller-1] [INFO] [1791385934.134844418] [depth_angular_controller]: PAPER_EVIDENCE retained=16 balls=32 revoked_balls=0 expired_views=0 evicted_views=60 radius=0.580 clearance=0.000 best_prefix=8.072
[depth_angular_controller-1] [INFO] [1791385934.155923692] [depth_angular_controller]: GOAL_REFINEMENT checks=3 improvements=1
[depth_angular_controller-1] [INFO] [1791385934.155972294] [depth_angular_controller]: OMNI_DEPTH views=4 azimuth_bins=180 elevation_bins=37 valid=1 certificates=0 short=0 held=0 local_candidates=2 yaw=35.12
[depth_angular_controller-1] [INFO] [1791385934.519270815] [depth_angular_controller]: [PERF CTRL] run=p5_goal_polish_explore_20261007_after_ego1p5_3 elapsed=33.77s callbacks=1065 commands=1064 guidance=944 command_fps(ros/wall)=54.42/53.03 guidance_wall_fps=51.91 avoid_ms(mean/p50/p95/max)=7.075/3.359/24.991/318.227 cycle_ms(mean/p95/max)=18.857/35.065/330.160 depth_to_cmd_ms(mean/p95/max)=40.943/83.333/100.000 callback_to_publish_ms(mean/p95/max)=8.553/26.513/330.023
[depth_angular_controller-1] [INFO] [1791385934.519396161] [depth_angular_controller]: EVIDENCE_COST ingest(mean/p95/max)=2.023/7.194/15.750 record=0.170/0.908/6.372 ms
[depth_angular_controller-1] [INFO] [1791385934.519403555] [depth_angular_controller]: EVIDENCE_PHASE per_view_mean_ms balls=0.096 tubes=0.065 history=0.321 eviction=0.001
[position_cmd_to_twist-2] [INFO] [1791385934.865364824] [position_cmd_to_twist]: [PERF BRIDGE] run=p5_goal_polish_explore_20261007_after_ego1p5_3 elapsed=34.00s received=1081 published=1079 fps(ros/wall)=54.32/52.92 controller_to_bridge_ms(mean/p50/p95/max)=4.255/0.000/33.333/350.000 bridge_process_ms(mean/p95/max)=0.093/0.122/1.629
[NAV] t=20.0s position=(-36.83,-7.67,2.89) yaw=10.6deg command=(0.37,0.39,0.06) manual_active=1 collision_blocks=0
[depth_angular_controller-1] [INFO] [1791385935.162543706] [depth_angular_controller]: PAPER_BUILD reason=FULL_MOTION_CERTIFICATE required=0.0000 best=0.0000 free=0 refined=0 tubes=76 revoked_tubes=0 proofs=128
[depth_angular_controller-1] [INFO] [1791385935.162585284] [depth_angular_controller]: PAPER_EVIDENCE retained=16 balls=32 revoked_balls=0 expired_views=0 evicted_views=64 radius=0.580 clearance=0.000 best_prefix=8.072
[depth_angular_controller-1] [INFO] [1791385935.172507631] [depth_angular_controller]: GOAL_REFINEMENT checks=3 improvements=3
[depth_angular_controller-1] [INFO] [1791385935.172545923] [depth_angular_controller]: OMNI_DEPTH views=4 azimuth_bins=180 elevation_bins=37 valid=1 certificates=0 short=0 held=0 local_candidates=2 yaw=7.70
[depth_angular_controller-1] [INFO] [1791385936.185232208] [depth_angular_controller]: PAPER_BUILD reason=FULL_MOTION_CERTIFICATE required=0.0000 best=0.0000 free=0 refined=0 tubes=79 revoked_tubes=0 proofs=128
[depth_angular_controller-1] [INFO] [1791385936.185270920] [depth_angular_controller]: PAPER_EVIDENCE retained=16 balls=32 revoked_balls=0 expired_views=0 evicted_views=68 radius=0.580 clearance=0.000 best_prefix=8.072
[depth_angular_controller-1] [INFO] [1791385936.198186633] [depth_angular_controller]: GOAL_REFINEMENT checks=3 improvements=1
[depth_angular_controller-1] [INFO] [1791385936.198222360] [depth_angular_controller]: OMNI_DEPTH views=4 azimuth_bins=180 elevation_bins=37 valid=1 certificates=0 short=0 held=0 local_candidates=3 yaw=-17.24
[depth_angular_controller-1] [INFO] [1791385937.210807805] [depth_angular_controller]: PAPER_BUILD reason=FULL_MOTION_CERTIFICATE required=0.0000 best=0.0000 free=0 refined=0 tubes=84 revoked_tubes=0 proofs=128
[depth_angular_controller-1] [INFO] [1791385937.210844414] [depth_angular_controller]: PAPER_EVIDENCE retained=16 balls=32 revoked_balls=0 expired_views=0 evicted_views=72 radius=0.580 clearance=0.000 best_prefix=8.072
[depth_angular_controller-1] [INFO] [1791385937.222379061] [depth_angular_controller]: GOAL_REFINEMENT checks=3 improvements=0
[depth_angular_controller-1] [INFO] [1791385937.222415609] [depth_angular_controller]: OMNI_DEPTH views=4 azimuth_bins=180 elevation_bins=37 valid=1 certificates=0 short=0 held=0 local_candidates=3 yaw=-27.77
[depth_angular_controller-1] [INFO] [1791385937.858689778] [depth_angular_controller]: COMPUTE_DEADLINE
[depth_angular_controller-1] [INFO] [1791385937.885240695] [depth_angular_controller]: DEPTH_PROPOSAL_CERTIFIED
[depth_angular_controller-1] [INFO] [1791385938.275473615] [depth_angular_controller]: PAPER_BUILD reason=FULL_MOTION_CERTIFICATE required=0.0000 best=0.0000 free=0 refined=0 tubes=88 revoked_tubes=0 proofs=128
[depth_angular_controller-1] [INFO] [1791385938.275517387] [depth_angular_controller]: PAPER_EVIDENCE retained=16 balls=32 revoked_balls=0 expired_views=0 evicted_views=76 radius=0.580 clearance=0.000 best_prefix=8.072
[depth_angular_controller-1] [INFO] [1791385938.283939084] [depth_angular_controller]: GOAL_REFINEMENT checks=3 improvements=0
[depth_angular_controller-1] [INFO] [1791385938.283971675] [depth_angular_controller]: OMNI_DEPTH views=4 azimuth_bins=180 elevation_bins=37 valid=1 certificates=0 short=0 held=0 local_candidates=2 yaw=-29.19
[depth_angular_controller-1] [INFO] [1791385939.434029834] [depth_angular_controller]: PAPER_BUILD reason=FULL_MOTION_CERTIFICATE required=0.0000 best=0.0000 free=0 refined=0 tubes=90 revoked_tubes=0 proofs=128
[depth_angular_controller-1] [INFO] [1791385939.434071112] [depth_angular_controller]: PAPER_EVIDENCE retained=16 balls=32 revoked_balls=0 expired_views=0 evicted_views=80 radius=0.580 clearance=0.000 best_prefix=8.072
[depth_angular_controller-1] [INFO] [1791385939.444793903] [depth_angular_controller]: GOAL_REFINEMENT checks=3 improvements=0
[depth_angular_controller-1] [INFO] [1791385939.444831343] [depth_angular_controller]: OMNI_DEPTH views=4 azimuth_bins=180 elevation_bins=37 valid=1 certificates=0 short=0 held=0 local_candidates=2 yaw=-30.81
[depth_angular_controller-1] [INFO] [1791385939.536243816] [depth_angular_controller]: [PERF CTRL] run=p5_goal_polish_explore_20261007_after_ego1p5_3 elapsed=38.79s callbacks=1305 commands=1304 guidance=1184 command_fps(ros/wall)=53.62/51.99 guidance_wall_fps=51.03 avoid_ms(mean/p50/p95/max)=7.582/3.498/27.808/318.227 cycle_ms(mean/p95/max)=19.234/40.707/330.160 depth_to_cmd_ms(mean/p95/max)=40.822/83.333/100.000 callback_to_publish_ms(mean/p95/max)=9.387/31.409/330.023
[depth_angular_controller-1] [INFO] [1791385939.536363842] [depth_angular_controller]: EVIDENCE_COST ingest(mean/p95/max)=2.252/8.175/17.091 record=0.168/0.908/6.372 ms
[depth_angular_controller-1] [INFO] [1791385939.536369602] [depth_angular_controller]: EVIDENCE_PHASE per_view_mean_ms balls=0.105 tubes=0.090 history=0.343 eviction=0.001
[position_cmd_to_twist-2] [INFO] [1791385940.179698859] [position_cmd_to_twist]: [PERF BRIDGE] run=p5_goal_polish_explore_20261007_after_ego1p5_3 elapsed=39.32s received=1327 published=1325 fps(ros/wall)=53.32/51.52 controller_to_bridge_ms(mean/p50/p95/max)=5.087/0.000/33.333/350.000 bridge_process_ms(mean/p95/max)=0.093/0.122/1.629
[NAV] t=25.0s position=(-30.39,-9.43,3.40) yaw=12.3deg command=(1.49,-0.89,0.26) manual_active=1 collision_blocks=0
[depth_angular_controller-1] [INFO] [1791385940.545379037] [depth_angular_controller]: PAPER_BUILD reason=FULL_MOTION_CERTIFICATE required=0.0000 best=0.0000 free=0 refined=0 tubes=99 revoked_tubes=0 proofs=128
[depth_angular_controller-1] [INFO] [1791385940.545415285] [depth_angular_controller]: PAPER_EVIDENCE retained=16 balls=32 revoked_balls=0 expired_views=0 evicted_views=84 radius=0.580 clearance=0.000 best_prefix=8.072
[depth_angular_controller-1] [INFO] [1791385940.559260604] [depth_angular_controller]: GOAL_REFINEMENT checks=3 improvements=3
[depth_angular_controller-1] [INFO] [1791385940.559299728] [depth_angular_controller]: OMNI_DEPTH views=4 azimuth_bins=180 elevation_bins=37 valid=1 certificates=0 short=0 held=0 local_candidates=2 yaw=12.22
[depth_angular_controller-1] [INFO] [1791385941.569220545] [depth_angular_controller]: PAPER_BUILD reason=FULL_MOTION_CERTIFICATE required=0.0000 best=0.0000 free=0 refined=0 tubes=104 revoked_tubes=0 proofs=128
[depth_angular_controller-1] [INFO] [1791385941.569254619] [depth_angular_controller]: PAPER_EVIDENCE retained=16 balls=32 revoked_balls=0 expired_views=0 evicted_views=88 radius=0.580 clearance=0.000 best_prefix=8.072
[depth_angular_controller-1] [INFO] [1791385941.581615279] [depth_angular_controller]: GOAL_REFINEMENT checks=0 improvements=0
[depth_angular_controller-1] [INFO] [1791385941.581650885] [depth_angular_controller]: OMNI_DEPTH views=4 azimuth_bins=180 elevation_bins=37 valid=1 certificates=0 short=0 held=0 local_candidates=1 yaw=12.81
[depth_angular_controller-1] [INFO] [1791385942.601478561] [depth_angular_controller]: PAPER_BUILD reason=FULL_MOTION_CERTIFICATE required=0.0000 best=0.0000 free=0 refined=0 tubes=108 revoked_tubes=0 proofs=128
[depth_angular_controller-1] [INFO] [1791385942.601518496] [depth_angular_controller]: PAPER_EVIDENCE retained=16 balls=32 revoked_balls=0 expired_views=0 evicted_views=92 radius=0.580 clearance=0.000 best_prefix=8.072
[depth_angular_controller-1] [INFO] [1791385942.618426381] [depth_angular_controller]: GOAL_REFINEMENT checks=0 improvements=0
[depth_angular_controller-1] [INFO] [1791385942.618464522] [depth_angular_controller]: OMNI_DEPTH views=4 azimuth_bins=180 elevation_bins=37 valid=1 certificates=0 short=0 held=0 local_candidates=1 yaw=12.83
[depth_angular_controller-1] [INFO] [1791385943.756146012] [depth_angular_controller]: PAPER_BUILD reason=FULL_MOTION_CERTIFICATE required=0.0000 best=0.0000 free=0 refined=0 tubes=112 revoked_tubes=0 proofs=128
[depth_angular_controller-1] [INFO] [1791385943.756184544] [depth_angular_controller]: PAPER_EVIDENCE retained=16 balls=32 revoked_balls=0 expired_views=0 evicted_views=96 radius=0.580 clearance=0.000 best_prefix=8.072
[depth_angular_controller-1] [INFO] [1791385943.775863557] [depth_angular_controller]: GOAL_REFINEMENT checks=3 improvements=3
[depth_angular_controller-1] [INFO] [1791385943.775899825] [depth_angular_controller]: OMNI_DEPTH views=4 azimuth_bins=180 elevation_bins=37 valid=1 certificates=0 short=0 held=0 local_candidates=3 yaw=13.16
[depth_angular_controller-1] [INFO] [1791385944.544232723] [depth_angular_controller]: [PERF CTRL] run=p5_goal_polish_explore_20261007_after_ego1p5_3 elapsed=43.79s callbacks=1575 commands=1574 guidance=1454 command_fps(ros/wall)=54.18/52.31 guidance_wall_fps=51.54 avoid_ms(mean/p50/p95/max)=6.748/2.722/25.093/318.227 cycle_ms(mean/p95/max)=19.117/38.942/330.160 depth_to_cmd_ms(mean/p95/max)=40.096/83.333/100.000 callback_to_publish_ms(mean/p95/max)=8.797/29.541/330.023
[depth_angular_controller-1] [INFO] [1791385944.544370813] [depth_angular_controller]: EVIDENCE_COST ingest(mean/p95/max)=2.315/8.246/20.502 record=0.165/0.956/6.372 ms
[depth_angular_controller-1] [INFO] [1791385944.544376343] [depth_angular_controller]: EVIDENCE_PHASE per_view_mean_ms balls=0.105 tubes=0.098 history=0.350 eviction=0.001
[depth_angular_controller-1] [INFO] [1791385944.778931596] [depth_angular_controller]: PAPER_BUILD reason=FULL_MOTION_CERTIFICATE required=0.0000 best=0.0000 free=0 refined=0 tubes=116 revoked_tubes=0 proofs=128
[depth_angular_controller-1] [INFO] [1791385944.778976380] [depth_angular_controller]: PAPER_EVIDENCE retained=16 balls=32 revoked_balls=0 expired_views=0 evicted_views=100 radius=0.580 clearance=0.000 best_prefix=8.072
[depth_angular_controller-1] [INFO] [1791385944.800971806] [depth_angular_controller]: GOAL_REFINEMENT checks=3 improvements=0
[depth_angular_controller-1] [INFO] [1791385944.801012493] [depth_angular_controller]: OMNI_DEPTH views=4 azimuth_bins=180 elevation_bins=37 valid=1 certificates=0 short=0 held=0 local_candidates=3 yaw=10.46
[position_cmd_to_twist-2] [INFO] [1791385945.511590320] [position_cmd_to_twist]: [PERF BRIDGE] run=p5_goal_polish_explore_20261007_after_ego1p5_3 elapsed=44.65s received=1626 published=1624 fps(ros/wall)=54.35/52.42 controller_to_bridge_ms(mean/p50/p95/max)=4.254/0.000/33.333/350.000 bridge_process_ms(mean/p95/max)=0.092/0.120/1.629
[NAV] t=30.0s position=(-20.85,-8.13,3.59) yaw=12.8deg command=(1.95,0.36,0.27) manual_active=1 collision_blocks=0
[depth_angular_controller-1] [INFO] [1791385945.805448582] [depth_angular_controller]: PAPER_BUILD reason=FULL_MOTION_CERTIFICATE required=0.0000 best=0.0000 free=0 refined=0 tubes=120 revoked_tubes=0 proofs=128
[depth_angular_controller-1] [INFO] [1791385945.805490731] [depth_angular_controller]: PAPER_EVIDENCE retained=16 balls=32 revoked_balls=0 expired_views=0 evicted_views=104 radius=0.580 clearance=0.000 best_prefix=8.072
[depth_angular_controller-1] [INFO] [1791385945.825529079] [depth_angular_controller]: GOAL_REFINEMENT checks=3 improvements=0
[depth_angular_controller-1] [INFO] [1791385945.825566159] [depth_angular_controller]: OMNI_DEPTH views=4 azimuth_bins=180 elevation_bins=37 valid=1 certificates=0 short=0 held=0 local_candidates=3 yaw=11.94
[depth_angular_controller-1] [INFO] [1791385946.773645216] [depth_angular_controller]: PAPER_BUILD reason=FULL_MOTION_CERTIFICATE required=0.0000 best=0.0000 free=0 refined=0 tubes=124 revoked_tubes=0 proofs=128
[depth_angular_controller-1] [INFO] [1791385946.773686604] [depth_angular_controller]: PAPER_EVIDENCE retained=16 balls=32 revoked_balls=0 expired_views=0 evicted_views=108 radius=0.580 clearance=0.000 best_prefix=8.072
[depth_angular_controller-1] [INFO] [1791385946.796415739] [depth_angular_controller]: GOAL_REFINEMENT checks=3 improvements=0
[depth_angular_controller-1] [INFO] [1791385946.796459010] [depth_angular_controller]: OMNI_DEPTH views=4 azimuth_bins=180 elevation_bins=37 valid=1 certificates=0 short=0 held=0 local_candidates=2 yaw=10.41
[depth_angular_controller-1] [INFO] [1791385947.813207368] [depth_angular_controller]: PAPER_BUILD reason=FULL_MOTION_CERTIFICATE required=0.0000 best=0.0000 free=0 refined=0 tubes=130 revoked_tubes=0 proofs=128
[depth_angular_controller-1] [INFO] [1791385947.813249428] [depth_angular_controller]: PAPER_EVIDENCE retained=16 balls=32 revoked_balls=0 expired_views=0 evicted_views=112 radius=0.580 clearance=0.000 best_prefix=8.072
[depth_angular_controller-1] [INFO] [1791385947.820490486] [depth_angular_controller]: GOAL_REFINEMENT checks=0 improvements=0
[depth_angular_controller-1] [INFO] [1791385947.820523257] [depth_angular_controller]: OMNI_DEPTH views=4 azimuth_bins=180 elevation_bins=37 valid=1 certificates=0 short=0 held=0 local_candidates=1 yaw=12.97
[depth_angular_controller-1] [INFO] [1791385948.759729910] [depth_angular_controller]: PAPER_BUILD reason=FULL_MOTION_CERTIFICATE required=0.0000 best=0.0000 free=0 refined=0 tubes=134 revoked_tubes=0 proofs=128
[depth_angular_controller-1] [INFO] [1791385948.759766309] [depth_angular_controller]: PAPER_EVIDENCE retained=16 balls=32 revoked_balls=0 expired_views=0 evicted_views=116 radius=0.580 clearance=0.000 best_prefix=8.072
[depth_angular_controller-1] [INFO] [1791385948.769558511] [depth_angular_controller]: GOAL_REFINEMENT checks=0 improvements=0
[depth_angular_controller-1] [INFO] [1791385948.769585712] [depth_angular_controller]: OMNI_DEPTH views=4 azimuth_bins=180 elevation_bins=37 valid=1 certificates=0 short=0 held=0 local_candidates=1 yaw=13.08
[depth_angular_controller-1] [INFO] [1791385949.602918275] [depth_angular_controller]: [PERF CTRL] run=p5_goal_polish_explore_20261007_after_ego1p5_3 elapsed=48.85s callbacks=1841 commands=1840 guidance=1720 command_fps(ros/wall)=54.01/52.35 guidance_wall_fps=51.70 avoid_ms(mean/p50/p95/max)=6.612/2.536/26.739/318.227 cycle_ms(mean/p95/max)=19.102/38.699/330.160 depth_to_cmd_ms(mean/p95/max)=39.147/66.667/100.000 callback_to_publish_ms(mean/p95/max)=8.728/31.409/330.023
[depth_angular_controller-1] [INFO] [1791385949.603096079] [depth_angular_controller]: EVIDENCE_COST ingest(mean/p95/max)=2.297/8.124/20.502 record=0.166/1.020/6.372 ms
[depth_angular_controller-1] [INFO] [1791385949.603106218] [depth_angular_controller]: EVIDENCE_PHASE per_view_mean_ms balls=0.104 tubes=0.099 history=0.345 eviction=0.001
[depth_angular_controller-1] [INFO] [1791385949.783117285] [depth_angular_controller]: PAPER_BUILD reason=FULL_MOTION_CERTIFICATE required=0.0000 best=0.0000 free=0 refined=0 tubes=138 revoked_tubes=0 proofs=128
[depth_angular_controller-1] [INFO] [1791385949.783150978] [depth_angular_controller]: PAPER_EVIDENCE retained=16 balls=32 revoked_balls=0 expired_views=0 evicted_views=120 radius=0.580 clearance=0.000 best_prefix=8.072
[depth_angular_controller-1] [INFO] [1791385949.793185266] [depth_angular_controller]: GOAL_REFINEMENT checks=0 improvements=0
[depth_angular_controller-1] [INFO] [1791385949.793216655] [depth_angular_controller]: OMNI_DEPTH views=4 azimuth_bins=180 elevation_bins=37 valid=1 certificates=0 short=0 held=0 local_candidates=1 yaw=13.08
[position_cmd_to_twist-2] [INFO] [1791385950.420795091] [position_cmd_to_twist]: [PERF BRIDGE] run=p5_goal_polish_explore_20261007_after_ego1p5_3 elapsed=49.56s received=1891 published=1889 fps(ros/wall)=54.15/52.54 controller_to_bridge_ms(mean/p50/p95/max)=4.416/0.000/33.333/350.000 bridge_process_ms(mean/p95/max)=0.092/0.119/1.629
[NAV] t=35.0s position=(-11.12,-6.26,4.32) yaw=13.1deg command=(1.95,0.45,-0.04) manual_active=1 collision_blocks=0
[depth_angular_controller-1] [INFO] [1791385950.715983532] [depth_angular_controller]: PAPER_BUILD reason=FULL_MOTION_CERTIFICATE required=0.0000 best=0.0000 free=0 refined=0 tubes=142 revoked_tubes=0 proofs=128
[depth_angular_controller-1] [INFO] [1791385950.716045158] [depth_angular_controller]: PAPER_EVIDENCE retained=16 balls=32 revoked_balls=0 expired_views=0 evicted_views=124 radius=0.580 clearance=0.000 best_prefix=8.072
[depth_angular_controller-1] [INFO] [1791385950.728255505] [depth_angular_controller]: GOAL_REFINEMENT checks=0 improvements=0
[depth_angular_controller-1] [INFO] [1791385950.728288908] [depth_angular_controller]: OMNI_DEPTH views=4 azimuth_bins=180 elevation_bins=37 valid=1 certificates=0 short=0 held=0 local_candidates=1 yaw=13.08
[depth_angular_controller-1] [INFO] [1791385951.723272203] [depth_angular_controller]: PAPER_BUILD reason=FULL_MOTION_CERTIFICATE required=0.0000 best=0.0000 free=0 refined=0 tubes=146 revoked_tubes=0 proofs=128
[depth_angular_controller-1] [INFO] [1791385951.723312969] [depth_angular_controller]: PAPER_EVIDENCE retained=16 balls=32 revoked_balls=0 expired_views=0 evicted_views=128 radius=0.580 clearance=0.000 best_prefix=8.072
[depth_angular_controller-1] [INFO] [1791385951.736675111] [depth_angular_controller]: GOAL_REFINEMENT checks=0 improvements=0
[depth_angular_controller-1] [INFO] [1791385951.736718833] [depth_angular_controller]: OMNI_DEPTH views=4 azimuth_bins=180 elevation_bins=37 valid=1 certificates=0 short=0 held=0 local_candidates=1 yaw=13.08
[depth_angular_controller-1] [INFO] [1791385952.665869057] [depth_angular_controller]: PAPER_BUILD reason=FULL_MOTION_CERTIFICATE required=0.0000 best=0.0000 free=0 refined=0 tubes=150 revoked_tubes=0 proofs=128
[depth_angular_controller-1] [INFO] [1791385952.665911166] [depth_angular_controller]: PAPER_EVIDENCE retained=16 balls=32 revoked_balls=0 expired_views=0 evicted_views=132 radius=0.580 clearance=0.000 best_prefix=8.072
[depth_angular_controller-1] [INFO] [1791385952.679761656] [depth_angular_controller]: GOAL_REFINEMENT checks=3 improvements=3
[depth_angular_controller-1] [INFO] [1791385952.679794908] [depth_angular_controller]: OMNI_DEPTH views=4 azimuth_bins=180 elevation_bins=37 valid=1 certificates=0 short=0 held=0 local_candidates=3 yaw=13.08
[depth_angular_controller-1] [INFO] [1791385953.763357731] [depth_angular_controller]: PAPER_BUILD reason=FULL_MOTION_CERTIFICATE required=0.0000 best=0.0000 free=0 refined=0 tubes=154 revoked_tubes=0 proofs=128
[depth_angular_controller-1] [INFO] [1791385953.763398037] [depth_angular_controller]: PAPER_EVIDENCE retained=16 balls=32 revoked_balls=0 expired_views=0 evicted_views=136 radius=0.580 clearance=0.000 best_prefix=8.072
[depth_angular_controller-1] [INFO] [1791385953.775725614] [depth_angular_controller]: GOAL_REFINEMENT checks=3 improvements=3
[depth_angular_controller-1] [INFO] [1791385953.775763305] [depth_angular_controller]: OMNI_DEPTH views=4 azimuth_bins=180 elevation_bins=37 valid=1 certificates=0 short=0 held=0 local_candidates=3 yaw=11.33
[depth_angular_controller-1] [INFO] [1791385954.620222528] [depth_angular_controller]: [PERF CTRL] run=p5_goal_polish_explore_20261007_after_ego1p5_3 elapsed=53.87s callbacks=2142 commands=2141 guidance=2021 command_fps(ros/wall)=54.78/53.31 guidance_wall_fps=52.79 avoid_ms(mean/p50/p95/max)=5.742/1.911/24.330/318.227 cycle_ms(mean/p95/max)=18.760/35.526/330.160 depth_to_cmd_ms(mean/p95/max)=38.570/66.667/100.000 callback_to_publish_ms(mean/p95/max)=7.833/28.048/330.023
[depth_angular_controller-1] [INFO] [1791385954.620397467] [depth_angular_controller]: EVIDENCE_COST ingest(mean/p95/max)=2.183/7.726/20.502 record=0.145/0.885/6.372 ms
[depth_angular_controller-1] [INFO] [1791385954.620402757] [depth_angular_controller]: EVIDENCE_PHASE per_view_mean_ms balls=0.098 tubes=0.090 history=0.332 eviction=0.001
[depth_angular_controller-1] [INFO] [1791385954.773734545] [depth_angular_controller]: PAPER_BUILD reason=FULL_MOTION_CERTIFICATE required=0.0000 best=0.0000 free=0 refined=0 tubes=158 revoked_tubes=0 proofs=128
[depth_angular_controller-1] [INFO] [1791385954.773774801] [depth_angular_controller]: PAPER_EVIDENCE retained=16 balls=32 revoked_balls=0 expired_views=0 evicted_views=140 radius=0.580 clearance=0.000 best_prefix=8.072
[depth_angular_controller-1] [INFO] [1791385954.787783979] [depth_angular_controller]: GOAL_REFINEMENT checks=3 improvements=0
[depth_angular_controller-1] [INFO] [1791385954.787818914] [depth_angular_controller]: OMNI_DEPTH views=4 azimuth_bins=180 elevation_bins=37 valid=1 certificates=0 short=0 held=0 local_candidates=3 yaw=5.88
[position_cmd_to_twist-2] [INFO] [1791385955.421413807] [position_cmd_to_twist]: [PERF BRIDGE] run=p5_goal_polish_explore_20261007_after_ego1p5_3 elapsed=54.56s received=2186 published=2184 fps(ros/wall)=54.76/53.31 controller_to_bridge_ms(mean/p50/p95/max)=3.919/0.000/33.333/350.000 bridge_process_ms(mean/p95/max)=0.091/0.119/1.629
[NAV] t=40.0s position=(-1.35,-4.28,3.88) yaw=13.3deg command=(1.97,0.18,-0.25) manual_active=1 collision_blocks=0
[depth_angular_controller-1] [INFO] [1791385955.798528113] [depth_angular_controller]: PAPER_BUILD reason=FULL_MOTION_CERTIFICATE required=0.0000 best=0.0000 free=0 refined=0 tubes=162 revoked_tubes=0 proofs=128
[depth_angular_controller-1] [INFO] [1791385955.798567587] [depth_angular_controller]: PAPER_EVIDENCE retained=16 balls=32 revoked_balls=0 expired_views=0 evicted_views=143 radius=0.580 clearance=0.000 best_prefix=8.072
[depth_angular_controller-1] [INFO] [1791385955.825309784] [depth_angular_controller]: GOAL_REFINEMENT checks=3 improvements=1
[depth_angular_controller-1] [INFO] [1791385955.825355289] [depth_angular_controller]: OMNI_DEPTH views=4 azimuth_bins=180 elevation_bins=37 valid=1 certificates=0 short=0 held=0 local_candidates=3 yaw=4.58
[depth_angular_controller-1] [INFO] [1791385956.492498620] [depth_angular_controller]: COMPUTE_DEADLINE
[depth_angular_controller-1] [INFO] [1791385956.554365187] [depth_angular_controller]: DEPTH_PROPOSAL_CERTIFIED
[depth_angular_controller-1] [INFO] [1791385956.698853075] [depth_angular_controller]: COMPUTE_DEADLINE
[depth_angular_controller-1] [INFO] [1791385956.856649033] [depth_angular_controller]: DEPTH_PROPOSAL_CERTIFIED
[depth_angular_controller-1] [INFO] [1791385956.905287700] [depth_angular_controller]: PAPER_BUILD reason=FULL_MOTION_CERTIFICATE required=0.0000 best=0.0000 free=0 refined=0 tubes=166 revoked_tubes=0 proofs=128
[depth_angular_controller-1] [INFO] [1791385956.905323187] [depth_angular_controller]: PAPER_EVIDENCE retained=16 balls=32 revoked_balls=0 expired_views=0 evicted_views=148 radius=0.580 clearance=0.000 best_prefix=8.072
[depth_angular_controller-1] [INFO] [1791385956.947113454] [depth_angular_controller]: GOAL_REFINEMENT checks=3 improvements=0
[depth_angular_controller-1] [INFO] [1791385956.947162125] [depth_angular_controller]: OMNI_DEPTH views=4 azimuth_bins=180 elevation_bins=37 valid=1 certificates=0 short=0 held=0 local_candidates=2 yaw=5.64
[depth_angular_controller-1] [INFO] [1791385958.125321856] [depth_angular_controller]: PAPER_BUILD reason=FULL_MOTION_CERTIFICATE required=0.0000 best=0.0000 free=0 refined=0 tubes=169 revoked_tubes=0 proofs=128
[depth_angular_controller-1] [INFO] [1791385958.125366149] [depth_angular_controller]: PAPER_EVIDENCE retained=16 balls=32 revoked_balls=0 expired_views=0 evicted_views=152 radius=0.580 clearance=0.000 best_prefix=8.072
[depth_angular_controller-1] [INFO] [1791385958.160643236] [depth_angular_controller]: GOAL_REFINEMENT checks=0 improvements=0
[depth_angular_controller-1] [INFO] [1791385958.160680255] [depth_angular_controller]: OMNI_DEPTH views=4 azimuth_bins=180 elevation_bins=37 valid=1 certificates=0 short=0 held=0 local_candidates=1 yaw=13.75
[depth_angular_controller-1] [INFO] [1791385959.223907472] [depth_angular_controller]: PAPER_BUILD reason=FULL_MOTION_CERTIFICATE required=0.0000 best=0.0000 free=0 refined=0 tubes=173 revoked_tubes=0 proofs=128
[depth_angular_controller-1] [INFO] [1791385959.223943980] [depth_angular_controller]: PAPER_EVIDENCE retained=16 balls=32 revoked_balls=0 expired_views=0 evicted_views=156 radius=0.580 clearance=0.000 best_prefix=8.072
[depth_angular_controller-1] [INFO] [1791385959.250066182] [depth_angular_controller]: GOAL_REFINEMENT checks=0 improvements=0
[depth_angular_controller-1] [INFO] [1791385959.250102079] [depth_angular_controller]: OMNI_DEPTH views=4 azimuth_bins=180 elevation_bins=37 valid=1 certificates=0 short=0 held=0 local_candidates=1 yaw=13.76
[depth_angular_controller-1] [INFO] [1791385959.634869518] [depth_angular_controller]: [PERF CTRL] run=p5_goal_polish_explore_20261007_after_ego1p5_3 elapsed=58.88s callbacks=2355 commands=2354 guidance=2234 command_fps(ros/wall)=53.86/52.10 guidance_wall_fps=51.59 avoid_ms(mean/p50/p95/max)=6.117/1.865/27.386/318.227 cycle_ms(mean/p95/max)=19.193/40.884/330.160 depth_to_cmd_ms(mean/p95/max)=38.608/66.667/100.000 callback_to_publish_ms(mean/p95/max)=8.326/32.400/330.023
[depth_angular_controller-1] [INFO] [1791385959.635600451] [depth_angular_controller]: EVIDENCE_COST ingest(mean/p95/max)=2.250/7.959/20.502 record=0.184/1.194/6.372 ms
[depth_angular_controller-1] [INFO] [1791385959.635616201] [depth_angular_controller]: EVIDENCE_PHASE per_view_mean_ms balls=0.102 tubes=0.092 history=0.342 eviction=0.001
[depth_angular_controller-1] [INFO] [1791385960.236263695] [depth_angular_controller]: PAPER_BUILD reason=FULL_MOTION_CERTIFICATE required=0.0000 best=0.0000 free=0 refined=0 tubes=177 revoked_tubes=0 proofs=128
[depth_angular_controller-1] [INFO] [1791385960.236304131] [depth_angular_controller]: PAPER_EVIDENCE retained=16 balls=32 revoked_balls=0 expired_views=0 evicted_views=160 radius=0.580 clearance=0.000 best_prefix=8.072
[depth_angular_controller-1] [INFO] [1791385960.263538914] [depth_angular_controller]: GOAL_REFINEMENT checks=0 improvements=0
[depth_angular_controller-1] [INFO] [1791385960.263605599] [depth_angular_controller]: OMNI_DEPTH views=4 azimuth_bins=180 elevation_bins=37 valid=1 certificates=0 short=0 held=0 local_candidates=1 yaw=13.76
[position_cmd_to_twist-2] [INFO] [1791385960.934099357] [position_cmd_to_twist]: [PERF BRIDGE] run=p5_goal_polish_explore_20261007_after_ego1p5_3 elapsed=60.07s received=2427 published=2424 fps(ros/wall)=54.03/52.17 controller_to_bridge_ms(mean/p50/p95/max)=4.216/0.000/33.333/350.000 bridge_process_ms(mean/p95/max)=0.091/0.120/1.629
[NAV] t=45.0s position=(7.53,-2.63,3.44) yaw=13.8deg command=(1.94,0.48,-0.02) manual_active=1 collision_blocks=0
[depth_angular_controller-1] [INFO] [1791385961.317222255] [depth_angular_controller]: PAPER_BUILD reason=FULL_MOTION_CERTIFICATE required=0.0000 best=0.0000 free=0 refined=0 tubes=181 revoked_tubes=0 proofs=128
[depth_angular_controller-1] [INFO] [1791385961.317265035] [depth_angular_controller]: PAPER_EVIDENCE retained=16 balls=32 revoked_balls=0 expired_views=0 evicted_views=164 radius=0.580 clearance=0.000 best_prefix=8.072
[depth_angular_controller-1] [INFO] [1791385961.345498244] [depth_angular_controller]: GOAL_REFINEMENT checks=0 improvements=0
[depth_angular_controller-1] [INFO] [1791385961.345538710] [depth_angular_controller]: OMNI_DEPTH views=4 azimuth_bins=180 elevation_bins=37 valid=1 certificates=0 short=0 held=0 local_candidates=1 yaw=13.76
[depth_angular_controller-1] [INFO] [1791385962.335450664] [depth_angular_controller]: PAPER_BUILD reason=FULL_MOTION_CERTIFICATE required=0.0000 best=0.0000 free=0 refined=0 tubes=185 revoked_tubes=0 proofs=128
[depth_angular_controller-1] [INFO] [1791385962.335490188] [depth_angular_controller]: PAPER_EVIDENCE retained=16 balls=32 revoked_balls=0 expired_views=0 evicted_views=168 radius=0.580 clearance=0.000 best_prefix=8.072
[depth_angular_controller-1] [INFO] [1791385962.368191084] [depth_angular_controller]: GOAL_REFINEMENT checks=0 improvements=0
[depth_angular_controller-1] [INFO] [1791385962.368234565] [depth_angular_controller]: OMNI_DEPTH views=4 azimuth_bins=180 elevation_bins=37 valid=1 certificates=0 short=0 held=0 local_candidates=1 yaw=13.76
[depth_angular_controller-1] [INFO] [1791385963.295248013] [depth_angular_controller]: PAPER_BUILD reason=FULL_MOTION_CERTIFICATE required=0.0000 best=0.0000 free=0 refined=0 tubes=189 revoked_tubes=0 proofs=128
[depth_angular_controller-1] [INFO] [1791385963.295291645] [depth_angular_controller]: PAPER_EVIDENCE retained=16 balls=32 revoked_balls=0 expired_views=0 evicted_views=172 radius=0.580 clearance=0.000 best_prefix=8.072
[depth_angular_controller-1] [INFO] [1791385963.324891523] [depth_angular_controller]: GOAL_REFINEMENT checks=0 improvements=0
[depth_angular_controller-1] [INFO] [1791385963.324929705] [depth_angular_controller]: OMNI_DEPTH views=4 azimuth_bins=180 elevation_bins=37 valid=1 certificates=0 short=0 held=0 local_candidates=1 yaw=13.76
[depth_angular_controller-1] [INFO] [1791385964.362155556] [depth_angular_controller]: PAPER_BUILD reason=FULL_MOTION_CERTIFICATE required=0.0000 best=0.0000 free=0 refined=0 tubes=193 revoked_tubes=0 proofs=128
[depth_angular_controller-1] [INFO] [1791385964.362197285] [depth_angular_controller]: PAPER_EVIDENCE retained=16 balls=32 revoked_balls=0 expired_views=0 evicted_views=176 radius=0.580 clearance=0.000 best_prefix=8.072
[depth_angular_controller-1] [INFO] [1791385964.392700039] [depth_angular_controller]: GOAL_REFINEMENT checks=0 improvements=0
[depth_angular_controller-1] [INFO] [1791385964.393136940] [depth_angular_controller]: OMNI_DEPTH views=4 azimuth_bins=180 elevation_bins=37 valid=1 certificates=0 short=0 held=0 local_candidates=1 yaw=13.76
[depth_angular_controller-1] [INFO] [1791385964.643512905] [depth_angular_controller]: [PERF CTRL] run=p5_goal_polish_explore_20261007_after_ego1p5_3 elapsed=63.89s callbacks=2643 commands=2642 guidance=2522 command_fps(ros/wall)=54.47/52.64 guidance_wall_fps=52.20 avoid_ms(mean/p50/p95/max)=5.474/1.544/26.050/318.227 cycle_ms(mean/p95/max)=18.996/38.699/330.160 depth_to_cmd_ms(mean/p95/max)=38.686/66.667/100.000 callback_to_publish_ms(mean/p95/max)=7.696/30.780/330.023
[depth_angular_controller-1] [INFO] [1791385964.643739801] [depth_angular_controller]: EVIDENCE_COST ingest(mean/p95/max)=2.218/7.726/20.502 record=0.166/1.038/6.372 ms
[depth_angular_controller-1] [INFO] [1791385964.643746293] [depth_angular_controller]: EVIDENCE_PHASE per_view_mean_ms balls=0.098 tubes=0.089 history=0.340 eviction=0.001
[depth_angular_controller-1] [INFO] [1791385965.562688513] [depth_angular_controller]: PAPER_BUILD reason=FULL_MOTION_CERTIFICATE required=0.0000 best=0.0000 free=0 refined=0 tubes=197 revoked_tubes=0 proofs=128
[depth_angular_controller-1] [INFO] [1791385965.562730111] [depth_angular_controller]: PAPER_EVIDENCE retained=16 balls=32 revoked_balls=0 expired_views=0 evicted_views=180 radius=0.580 clearance=0.000 best_prefix=8.072
[depth_angular_controller-1] [INFO] [1791385965.595168603] [depth_angular_controller]: GOAL_REFINEMENT checks=3 improvements=3
[depth_angular_controller-1] [INFO] [1791385965.595210953] [depth_angular_controller]: OMNI_DEPTH views=4 azimuth_bins=180 elevation_bins=37 valid=1 certificates=0 short=0 held=0 local_candidates=3 yaw=13.64
[position_cmd_to_twist-2] [INFO] [1791385966.213470245] [position_cmd_to_twist]: [PERF BRIDGE] run=p5_goal_polish_explore_20261007_after_ego1p5_3 elapsed=65.35s received=2727 published=2724 fps(ros/wall)=54.63/52.64 controller_to_bridge_ms(mean/p50/p95/max)=3.753/0.000/33.333/350.000 bridge_process_ms(mean/p95/max)=0.091/0.119/1.629
[NAV] t=50.0s position=(17.24,-0.25,3.32) yaw=13.8deg command=(1.94,0.47,-0.06) manual_active=1 collision_blocks=0
[depth_angular_controller-1] [INFO] [1791385966.534038694] [depth_angular_controller]: PAPER_BUILD reason=FULL_MOTION_CERTIFICATE required=0.0000 best=0.0000 free=0 refined=0 tubes=201 revoked_tubes=0 proofs=128
[depth_angular_controller-1] [INFO] [1791385966.535020268] [depth_angular_controller]: PAPER_EVIDENCE retained=16 balls=32 revoked_balls=0 expired_views=0 evicted_views=184 radius=0.580 clearance=0.000 best_prefix=8.072
[depth_angular_controller-1] [INFO] [1791385966.569455062] [depth_angular_controller]: GOAL_REFINEMENT checks=3 improvements=3
[depth_angular_controller-1] [INFO] [1791385966.569496290] [depth_angular_controller]: OMNI_DEPTH views=4 azimuth_bins=180 elevation_bins=37 valid=1 certificates=0 short=0 held=0 local_candidates=3 yaw=13.05
[depth_angular_controller-1] [INFO] [1791385967.564592737] [depth_angular_controller]: PAPER_BUILD reason=FULL_MOTION_CERTIFICATE required=0.0000 best=0.0000 free=0 refined=0 tubes=205 revoked_tubes=0 proofs=128
[depth_angular_controller-1] [INFO] [1791385967.564637762] [depth_angular_controller]: PAPER_EVIDENCE retained=16 balls=32 revoked_balls=0 expired_views=0 evicted_views=188 radius=0.580 clearance=0.000 best_prefix=8.072
[depth_angular_controller-1] [INFO] [1791385967.598360187] [depth_angular_controller]: GOAL_REFINEMENT checks=3 improvements=0
[depth_angular_controller-1] [INFO] [1791385967.598400562] [depth_angular_controller]: OMNI_DEPTH views=4 azimuth_bins=180 elevation_bins=37 valid=1 certificates=0 short=0 held=0 local_candidates=2 yaw=9.30
[depth_angular_controller-1] [INFO] [1791385968.599735093] [depth_angular_controller]: PAPER_BUILD reason=FULL_MOTION_CERTIFICATE required=0.0000 best=0.0000 free=0 refined=0 tubes=209 revoked_tubes=0 proofs=128
[depth_angular_controller-1] [INFO] [1791385968.599776601] [depth_angular_controller]: PAPER_EVIDENCE retained=16 balls=32 revoked_balls=0 expired_views=0 evicted_views=192 radius=0.580 clearance=0.000 best_prefix=8.072
[depth_angular_controller-1] [INFO] [1791385968.626433017] [depth_angular_controller]: GOAL_REFINEMENT checks=3 improvements=0
[depth_angular_controller-1] [INFO] [1791385968.626470808] [depth_angular_controller]: OMNI_DEPTH views=4 azimuth_bins=180 elevation_bins=37 valid=1 certificates=0 short=0 held=0 local_candidates=3 yaw=9.43
[depth_angular_controller-1] [INFO] [1791385969.651070762] [depth_angular_controller]: [PERF CTRL] run=p5_goal_polish_explore_20261007_after_ego1p5_3 elapsed=68.90s callbacks=2917 commands=2916 guidance=2796 command_fps(ros/wall)=54.79/52.83 guidance_wall_fps=52.44 avoid_ms(mean/p50/p95/max)=5.353/1.614/25.035/318.227 cycle_ms(mean/p95/max)=18.929/38.061/330.160 depth_to_cmd_ms(mean/p95/max)=38.454/66.667/100.000 callback_to_publish_ms(mean/p95/max)=7.584/28.598/330.023
[depth_angular_controller-1] [INFO] [1791385969.651340168] [depth_angular_controller]: EVIDENCE_COST ingest(mean/p95/max)=2.213/7.606/20.502 record=0.152/0.900/6.372 ms
[depth_angular_controller-1] [INFO] [1791385969.651346219] [depth_angular_controller]: EVIDENCE_PHASE per_view_mean_ms balls=0.097 tubes=0.089 history=0.339 eviction=0.001
[depth_angular_controller-1] [INFO] [1791385969.708783963] [depth_angular_controller]: PAPER_BUILD reason=FULL_MOTION_CERTIFICATE required=0.0000 best=0.0000 free=0 refined=0 tubes=213 revoked_tubes=0 proofs=128
[depth_angular_controller-1] [INFO] [1791385969.709205525] [depth_angular_controller]: PAPER_EVIDENCE retained=16 balls=32 revoked_balls=0 expired_views=0 evicted_views=196 radius=0.580 clearance=0.000 best_prefix=8.072
[depth_angular_controller-1] [INFO] [1791385969.717242529] [depth_angular_controller]: GOAL_REFINEMENT checks=3 improvements=1
[depth_angular_controller-1] [INFO] [1791385969.717277044] [depth_angular_controller]: OMNI_DEPTH views=4 azimuth_bins=180 elevation_bins=37 valid=1 certificates=0 short=0 held=0 local_candidates=1 yaw=-38.26
[depth_angular_controller-1] [INFO] [1791385969.952193245] [depth_angular_controller]: COMPUTE_DEADLINE
[depth_angular_controller-1] [INFO] [1791385969.983951008] [depth_angular_controller]: DEPTH_PROPOSAL_CERTIFIED
[depth_angular_controller-1] [INFO] [1791385970.744681598] [depth_angular_controller]: PAPER_BUILD reason=FULL_MOTION_CERTIFICATE required=0.0000 best=0.0000 free=0 refined=0 tubes=217 revoked_tubes=0 proofs=128
[depth_angular_controller-1] [INFO] [1791385970.744724118] [depth_angular_controller]: PAPER_EVIDENCE retained=16 balls=32 revoked_balls=0 expired_views=0 evicted_views=200 radius=0.580 clearance=0.000 best_prefix=8.072
[depth_angular_controller-1] [INFO] [1791385970.749789498] [depth_angular_controller]: GOAL_REFINEMENT checks=3 improvements=0
[depth_angular_controller-1] [INFO] [1791385970.749811128] [depth_angular_controller]: OMNI_DEPTH views=4 azimuth_bins=180 elevation_bins=37 valid=1 certificates=0 short=0 held=0 local_candidates=2 yaw=-53.96
[position_cmd_to_twist-2] [INFO] [1791385971.354383188] [position_cmd_to_twist]: [PERF BRIDGE] run=p5_goal_polish_explore_20261007_after_ego1p5_3 elapsed=70.49s received=2990 published=2986 fps(ros/wall)=54.46/52.48 controller_to_bridge_ms(mean/p50/p95/max)=4.008/0.000/33.333/350.000 bridge_process_ms(mean/p95/max)=0.091/0.119/1.629
[NAV] t=55.0s position=(24.83,0.61,1.83) yaw=15.1deg command=(0.35,-0.38,-0.04) manual_active=1 collision_blocks=0
[depth_angular_controller-1] [INFO] [1791385971.783012467] [depth_angular_controller]: GOAL_REFINEMENT checks=3 improvements=0
[depth_angular_controller-1] [INFO] [1791385971.783052211] [depth_angular_controller]: OMNI_DEPTH views=4 azimuth_bins=180 elevation_bins=37 valid=1 certificates=0 short=0 held=0 local_candidates=2 yaw=-59.13
[depth_angular_controller-1] [INFO] [1791385971.816071946] [depth_angular_controller]: PAPER_BUILD reason=FULL_MOTION_CERTIFICATE required=0.0000 best=0.0000 free=0 refined=0 tubes=219 revoked_tubes=0 proofs=128
[depth_angular_controller-1] [INFO] [1791385971.816109176] [depth_angular_controller]: PAPER_EVIDENCE retained=16 balls=32 revoked_balls=0 expired_views=0 evicted_views=204 radius=0.580 clearance=0.000 best_prefix=8.072
[depth_angular_controller-1] [INFO] [1791385972.879091382] [depth_angular_controller]: GOAL_REFINEMENT checks=3 improvements=0
[depth_angular_controller-1] [INFO] [1791385972.879127109] [depth_angular_controller]: OMNI_DEPTH views=4 azimuth_bins=180 elevation_bins=37 valid=1 certificates=0 short=0 held=0 local_candidates=2 yaw=-54.60
[depth_angular_controller-1] [INFO] [1791385972.980098245] [depth_angular_controller]: PAPER_BUILD reason=FULL_MOTION_CERTIFICATE required=0.0000 best=0.0000 free=0 refined=0 tubes=232 revoked_tubes=0 proofs=128
[depth_angular_controller-1] [INFO] [1791385972.980138010] [depth_angular_controller]: PAPER_EVIDENCE retained=16 balls=32 revoked_balls=0 expired_views=0 evicted_views=208 radius=0.580 clearance=0.000 best_prefix=8.072
[depth_angular_controller-1] [INFO] [1791385973.912356921] [depth_angular_controller]: GOAL_REFINEMENT checks=3 improvements=0
[depth_angular_controller-1] [INFO] [1791385973.912404340] [depth_angular_controller]: OMNI_DEPTH views=4 azimuth_bins=180 elevation_bins=37 valid=1 certificates=0 short=0 held=0 local_candidates=2 yaw=-57.97
[depth_angular_controller-1] [INFO] [1791385973.963701583] [depth_angular_controller]: PAPER_BUILD reason=FULL_MOTION_CERTIFICATE required=0.0000 best=0.0000 free=0 refined=0 tubes=234 revoked_tubes=0 proofs=128
[depth_angular_controller-1] [INFO] [1791385973.963746287] [depth_angular_controller]: PAPER_EVIDENCE retained=16 balls=32 revoked_balls=0 expired_views=0 evicted_views=212 radius=0.580 clearance=0.000 best_prefix=8.072
[depth_angular_controller-1] [INFO] [1791385974.183199889] [depth_angular_controller]: COMPUTE_DEADLINE
[depth_angular_controller-1] [INFO] [1791385974.211468575] [depth_angular_controller]: DEPTH_PROPOSAL_CERTIFIED
[depth_angular_controller-1] [INFO] [1791385974.652724703] [depth_angular_controller]: [PERF CTRL] run=p5_goal_polish_explore_20261007_after_ego1p5_3 elapsed=73.90s callbacks=3132 commands=3131 guidance=3011 command_fps(ros/wall)=53.92/52.01 guidance_wall_fps=51.63 avoid_ms(mean/p50/p95/max)=6.105/1.860/27.065/318.227 cycle_ms(mean/p95/max)=19.226/40.104/330.160 depth_to_cmd_ms(mean/p95/max)=38.193/66.667/100.000 callback_to_publish_ms(mean/p95/max)=8.410/32.061/330.023
[depth_angular_controller-1] [INFO] [1791385974.652973030] [depth_angular_controller]: EVIDENCE_COST ingest(mean/p95/max)=2.289/7.823/20.502 record=0.163/1.016/6.372 ms
[depth_angular_controller-1] [INFO] [1791385974.652979332] [depth_angular_controller]: EVIDENCE_PHASE per_view_mean_ms balls=0.101 tubes=0.093 history=0.351 eviction=0.001
[depth_angular_controller-1] [INFO] [1791385974.875821542] [depth_angular_controller]: GOAL_REFINEMENT checks=3 improvements=0
[depth_angular_controller-1] [INFO] [1791385974.875858491] [depth_angular_controller]: OMNI_DEPTH views=4 azimuth_bins=180 elevation_bins=37 valid=1 certificates=0 short=0 held=0 local_candidates=2 yaw=-61.08
[depth_angular_controller-1] [INFO] [1791385974.928192754] [depth_angular_controller]: PAPER_BUILD reason=FULL_MOTION_CERTIFICATE required=0.0000 best=0.0000 free=0 refined=0 tubes=238 revoked_tubes=0 proofs=128
[depth_angular_controller-1] [INFO] [1791385974.928226106] [depth_angular_controller]: PAPER_EVIDENCE retained=16 balls=32 revoked_balls=0 expired_views=0 evicted_views=216 radius=0.580 clearance=0.000 best_prefix=8.072
[depth_angular_controller-1] [INFO] [1791385975.854289219] [depth_angular_controller]: GOAL_REFINEMENT checks=3 improvements=1
[depth_angular_controller-1] [INFO] [1791385975.854332430] [depth_angular_controller]: OMNI_DEPTH views=4 azimuth_bins=180 elevation_bins=37 valid=1 certificates=0 short=0 held=0 local_candidates=1 yaw=-36.93
[depth_angular_controller-1] [INFO] [1791385975.907032399] [depth_angular_controller]: PAPER_BUILD reason=FULL_MOTION_CERTIFICATE required=0.0000 best=0.0000 free=0 refined=0 tubes=241 revoked_tubes=0 proofs=128
[depth_angular_controller-1] [INFO] [1791385975.907073397] [depth_angular_controller]: PAPER_EVIDENCE retained=16 balls=32 revoked_balls=0 expired_views=0 evicted_views=220 radius=0.580 clearance=0.000 best_prefix=8.072
[depth_angular_controller-1] [INFO] [1791385976.364945632] [depth_angular_controller]: COMPUTE_DEADLINE
[depth_angular_controller-1] [INFO] [1791385976.432157353] [depth_angular_controller]: DEPTH_PROPOSAL_CERTIFIED
[position_cmd_to_twist-2] [INFO] [1791385976.454634595] [position_cmd_to_twist]: [PERF BRIDGE] run=p5_goal_polish_explore_20261007_after_ego1p5_3 elapsed=75.59s received=3220 published=3216 fps(ros/wall)=53.81/51.89 controller_to_bridge_ms(mean/p50/p95/max)=4.736/0.000/33.333/350.000 bridge_process_ms(mean/p95/max)=0.091/0.118/1.629
[NAV] t=60.0s position=(28.42,-4.31,1.03) yaw=23.6deg command=(1.21,-0.92,-0.15) manual_active=1 collision_blocks=0
[depth_angular_controller-1] [INFO] [1791385976.870509885] [depth_angular_controller]: GOAL_REFINEMENT checks=3 improvements=3
[depth_angular_controller-1] [INFO] [1791385976.870550942] [depth_angular_controller]: OMNI_DEPTH views=4 azimuth_bins=180 elevation_bins=37 valid=1 certificates=0 short=0 held=0 local_candidates=2 yaw=18.66
[depth_angular_controller-1] [INFO] [1791385976.917785390] [depth_angular_controller]: PAPER_BUILD reason=FULL_MOTION_CERTIFICATE required=0.0000 best=0.0000 free=0 refined=0 tubes=245 revoked_tubes=0 proofs=128
[depth_angular_controller-1] [INFO] [1791385976.917827379] [depth_angular_controller]: PAPER_EVIDENCE retained=16 balls=32 revoked_balls=0 expired_views=0 evicted_views=224 radius=0.580 clearance=0.000 best_prefix=8.072
[depth_angular_controller-1] [INFO] [1791385978.098229173] [depth_angular_controller]: GOAL_REFINEMENT checks=3 improvements=0
[depth_angular_controller-1] [INFO] [1791385978.098270842] [depth_angular_controller]: OMNI_DEPTH views=4 azimuth_bins=180 elevation_bins=37 valid=1 certificates=0 short=0 held=0 local_candidates=2 yaw=41.47
[depth_angular_controller-1] [INFO] [1791385978.150641412] [depth_angular_controller]: PAPER_BUILD reason=FULL_MOTION_CERTIFICATE required=0.0000 best=0.0000 free=0 refined=0 tubes=249 revoked_tubes=0 proofs=128
[depth_angular_controller-1] [INFO] [1791385978.150682329] [depth_angular_controller]: PAPER_EVIDENCE retained=16 balls=32 revoked_balls=0 expired_views=0 evicted_views=228 radius=0.580 clearance=0.000 best_prefix=8.072
[depth_angular_controller-1] [INFO] [1791385979.062322767] [depth_angular_controller]: GOAL_REFINEMENT checks=3 improvements=0
[depth_angular_controller-1] [INFO] [1791385979.062365046] [depth_angular_controller]: OMNI_DEPTH views=4 azimuth_bins=180 elevation_bins=37 valid=1 certificates=0 short=0 held=0 local_candidates=2 yaw=72.21
[depth_angular_controller-1] [INFO] [1791385979.124195775] [depth_angular_controller]: PAPER_BUILD reason=FULL_MOTION_CERTIFICATE required=0.0000 best=0.0000 free=0 refined=0 tubes=252 revoked_tubes=0 proofs=128
[depth_angular_controller-1] [INFO] [1791385979.124231232] [depth_angular_controller]: PAPER_EVIDENCE retained=16 balls=32 revoked_balls=0 expired_views=0 evicted_views=232 radius=0.580 clearance=0.000 best_prefix=8.072
[depth_angular_controller-1] [INFO] [1791385979.660090729] [depth_angular_controller]: [PERF CTRL] run=p5_goal_polish_explore_20261007_after_ego1p5_3 elapsed=78.91s callbacks=3361 commands=3360 guidance=3240 command_fps(ros/wall)=53.53/51.53 guidance_wall_fps=51.16 avoid_ms(mean/p50/p95/max)=6.692/2.250/27.107/318.227 cycle_ms(mean/p95/max)=19.406/40.884/330.160 depth_to_cmd_ms(mean/p95/max)=38.179/66.667/100.000 callback_to_publish_ms(mean/p95/max)=9.085/32.707/330.023
[depth_angular_controller-1] [INFO] [1791385979.660360446] [depth_angular_controller]: EVIDENCE_COST ingest(mean/p95/max)=2.381/8.239/20.502 record=0.164/1.031/6.372 ms
[depth_angular_controller-1] [INFO] [1791385979.660367119] [depth_angular_controller]: EVIDENCE_PHASE per_view_mean_ms balls=0.106 tubes=0.100 history=0.361 eviction=0.001
[depth_angular_controller-1] [INFO] [1791385980.276724968] [depth_angular_controller]: GOAL_REFINEMENT checks=3 improvements=0
[depth_angular_controller-1] [INFO] [1791385980.276762298] [depth_angular_controller]: OMNI_DEPTH views=4 azimuth_bins=180 elevation_bins=37 valid=1 certificates=0 short=0 held=0 local_candidates=1 yaw=-50.40
[depth_angular_controller-1] [INFO] [1791385980.345561403] [depth_angular_controller]: PAPER_BUILD reason=FULL_MOTION_CERTIFICATE required=0.0000 best=0.0000 free=0 refined=0 tubes=254 revoked_tubes=0 proofs=128
[depth_angular_controller-1] [INFO] [1791385980.345595237] [depth_angular_controller]: PAPER_EVIDENCE retained=16 balls=32 revoked_balls=0 expired_views=0 evicted_views=236 radius=0.580 clearance=0.000 best_prefix=8.072
[depth_angular_controller-1] [INFO] [1791385980.691907235] [depth_angular_controller]: COMPUTE_DEADLINE
[depth_angular_controller-1] [INFO] [1791385980.757997990] [depth_angular_controller]: DEPTH_PROPOSAL_CERTIFIED
[depth_angular_controller-1] [INFO] [1791385981.267892562] [depth_angular_controller]: GOAL_REFINEMENT checks=3 improvements=0
[depth_angular_controller-1] [INFO] [1791385981.267941604] [depth_angular_controller]: OMNI_DEPTH views=4 azimuth_bins=180 elevation_bins=37 valid=1 certificates=16 short=1 held=0 local_candidates=0 yaw=-50.00
[depth_angular_controller-1] [INFO] [1791385981.557304858] [depth_angular_controller]: COMPUTE_DEADLINE
[depth_angular_controller-1] [INFO] [1791385981.557342348] [depth_angular_controller]: PAPER_BUILD reason=FULL_MOTION_CERTIFICATE required=0.0000 best=0.0000 free=0 refined=0 tubes=255 revoked_tubes=0 proofs=128
[depth_angular_controller-1] [INFO] [1791385981.557351446] [depth_angular_controller]: PAPER_EVIDENCE retained=16 balls=32 revoked_balls=0 expired_views=0 evicted_views=237 radius=0.580 clearance=0.000 best_prefix=8.072
[position_cmd_to_twist-2] [INFO] [1791385981.853370498] [position_cmd_to_twist]: [PERF BRIDGE] run=p5_goal_polish_explore_20261007_after_ego1p5_3 elapsed=80.99s received=3409 published=3402 fps(ros/wall)=52.66/50.51 controller_to_bridge_ms(mean/p50/p95/max)=5.696/0.000/33.333/350.000 bridge_process_ms(mean/p95/max)=0.091/0.118/1.629
[NAV] t=65.0s position=(32.70,-4.76,0.91) yaw=27.0deg command=(0.00,0.00,0.00) manual_active=1 collision_blocks=0
[depth_angular_controller-1] [INFO] [1791385981.962096989] [depth_angular_controller]: DEPTH_PROPOSAL_CERTIFIED
[depth_angular_controller-1] [INFO] [1791385982.277774516] [depth_angular_controller]: GOAL_REFINEMENT checks=3 improvements=0
[depth_angular_controller-1] [INFO] [1791385982.277820382] [depth_angular_controller]: OMNI_DEPTH views=4 azimuth_bins=180 elevation_bins=37 valid=1 certificates=14 short=1 held=0 local_candidates=0 yaw=-20.00
[depth_angular_controller-1] [INFO] [1791385982.286196704] [depth_angular_controller]: COMPUTE_DEADLINE
[depth_angular_controller-1] [INFO] [1791385982.493289025] [depth_angular_controller]: PAPER_BUILD reason=FULL_MOTION_CERTIFICATE required=0.0000 best=0.0000 free=0 refined=0 tubes=256 revoked_tubes=0 proofs=128
[depth_angular_controller-1] [INFO] [1791385982.493326425] [depth_angular_controller]: PAPER_EVIDENCE retained=16 balls=32 revoked_balls=0 expired_views=0 evicted_views=240 radius=0.580 clearance=0.000 best_prefix=8.072
[depth_angular_controller-1] [INFO] [1791385983.250628142] [depth_angular_controller]: GOAL_REFINEMENT checks=3 improvements=0
[depth_angular_controller-1] [INFO] [1791385983.250674449] [depth_angular_controller]: OMNI_DEPTH views=4 azimuth_bins=180 elevation_bins=37 valid=1 certificates=14 short=1 held=0 local_candidates=0 yaw=-14.00
[depth_angular_controller-1] [INFO] [1791385983.440993899] [depth_angular_controller]: PAPER_BUILD reason=FULL_MOTION_CERTIFICATE required=0.0000 best=0.0000 free=0 refined=0 tubes=256 revoked_tubes=0 proofs=128
[depth_angular_controller-1] [INFO] [1791385983.441033693] [depth_angular_controller]: PAPER_EVIDENCE retained=16 balls=32 revoked_balls=0 expired_views=0 evicted_views=240 radius=0.580 clearance=0.000 best_prefix=8.072
[depth_angular_controller-1] [INFO] [1791385984.074643444] [depth_angular_controller]: DEPTH_PROPOSAL_CERTIFIED
[depth_angular_controller-1] [INFO] [1791385984.170302988] [depth_angular_controller]: GOAL_REFINEMENT checks=3 improvements=0
[depth_angular_controller-1] [INFO] [1791385984.170344216] [depth_angular_controller]: OMNI_DEPTH views=4 azimuth_bins=180 elevation_bins=37 valid=1 certificates=14 short=1 held=0 local_candidates=0 yaw=-14.00
[depth_angular_controller-1] [INFO] [1791385984.170407825] [depth_angular_controller]: COMPUTE_DEADLINE
[depth_angular_controller-1] [INFO] [1791385984.247385511] [depth_angular_controller]: DEPTH_PROPOSAL_CERTIFIED
[depth_angular_controller-1] [INFO] [1791385984.342613063] [depth_angular_controller]: COMPUTE_DEADLINE
[depth_angular_controller-1] [INFO] [1791385984.418020447] [depth_angular_controller]: DEPTH_PROPOSAL_CERTIFIED
[depth_angular_controller-1] [INFO] [1791385984.418053429] [depth_angular_controller]: PAPER_BUILD reason=FULL_MOTION_CERTIFICATE required=0.0000 best=0.0000 free=0 refined=0 tubes=256 revoked_tubes=0 proofs=128
[depth_angular_controller-1] [INFO] [1791385984.418061444] [depth_angular_controller]: PAPER_EVIDENCE retained=16 balls=32 revoked_balls=0 expired_views=0 evicted_views=240 radius=0.580 clearance=0.000 best_prefix=8.072
[depth_angular_controller-1] [INFO] [1791385984.681746551] [depth_angular_controller]: [PERF CTRL] run=p5_goal_polish_explore_20261007_after_ego1p5_3 elapsed=83.93s callbacks=3443 commands=3442 guidance=3322 command_fps(ros/wall)=50.71/49.01 guidance_wall_fps=48.60 avoid_ms(mean/p50/p95/max)=7.740/2.390/31.870/318.227 cycle_ms(mean/p95/max)=20.403/48.716/330.160 depth_to_cmd_ms(mean/p95/max)=38.039/66.667/100.000 callback_to_publish_ms(mean/p95/max)=10.293/36.478/330.023
[depth_angular_controller-1] [INFO] [1791385984.682054289] [depth_angular_controller]: EVIDENCE_COST ingest(mean/p95/max)=2.548/9.092/20.502 record=0.190/1.260/6.372 ms
[depth_angular_controller-1] [INFO] [1791385984.682061954] [depth_angular_controller]: EVIDENCE_PHASE per_view_mean_ms balls=0.113 tubes=0.116 history=0.379 eviction=0.001
[depth_angular_controller-1] [INFO] [1791385984.682084266] [depth_angular_controller]: COMPUTE_DEADLINE
[depth_angular_controller-1] [INFO] [1791385984.740145350] [depth_angular_controller]: DEPTH_PROPOSAL_CERTIFIED
[depth_angular_controller-1] [INFO] [1791385985.045221464] [depth_angular_controller]: COMPUTE_DEADLINE
[depth_angular_controller-1] [INFO] [1791385985.249515266] [depth_angular_controller]: GOAL_REFINEMENT checks=3 improvements=0
[depth_angular_controller-1] [INFO] [1791385985.249556473] [depth_angular_controller]: OMNI_DEPTH views=4 azimuth_bins=180 elevation_bins=37 valid=1 certificates=15 short=1 held=0 local_candidates=0 yaw=14.00
[depth_angular_controller-1] [INFO] [1791385985.249616907] [depth_angular_controller]: DEPTH_PROPOSAL_CERTIFIED
[depth_angular_controller-1] [INFO] [1791385985.450457529] [depth_angular_controller]: PAPER_BUILD reason=FULL_MOTION_CERTIFICATE required=0.0000 best=0.0000 free=0 refined=0 tubes=256 revoked_tubes=0 proofs=128
[depth_angular_controller-1] [INFO] [1791385985.450498386] [depth_angular_controller]: PAPER_EVIDENCE retained=16 balls=32 revoked_balls=0 expired_views=0 evicted_views=241 radius=0.580 clearance=0.000 best_prefix=8.072
[depth_angular_controller-1] [INFO] [1791385985.531203987] [depth_angular_controller]: COMPUTE_DEADLINE
[depth_angular_controller-1] [INFO] [1791385985.602297794] [depth_angular_controller]: DEPTH_PROPOSAL_CERTIFIED
[depth_angular_controller-1] [INFO] [1791385985.709820203] [depth_angular_controller]: COMPUTE_DEADLINE
[depth_angular_controller-1] [INFO] [1791385985.926274969] [depth_angular_controller]: DEPTH_PROPOSAL_CERTIFIED
[depth_angular_controller-1] [INFO] [1791385986.189493789] [depth_angular_controller]: GOAL_REFINEMENT checks=3 improvements=0
[depth_angular_controller-1] [INFO] [1791385986.189539465] [depth_angular_controller]: OMNI_DEPTH views=4 azimuth_bins=180 elevation_bins=37 valid=1 certificates=20 short=1 held=0 local_candidates=0 yaw=-42.00
[depth_angular_controller-1] [INFO] [1791385986.200325826] [depth_angular_controller]: COMPUTE_DEADLINE
[depth_angular_controller-1] [INFO] [1791385986.277764568] [depth_angular_controller]: DEPTH_PROPOSAL_CERTIFIED
[depth_angular_controller-1] [INFO] [1791385986.407888411] [depth_angular_controller]: COMPUTE_DEADLINE
[depth_angular_controller-1] [INFO] [1791385986.407920842] [depth_angular_controller]: PAPER_BUILD reason=FULL_MOTION_CERTIFICATE required=0.0000 best=0.0000 free=0 refined=0 tubes=256 revoked_tubes=0 proofs=128
[depth_angular_controller-1] [INFO] [1791385986.407929619] [depth_angular_controller]: PAPER_EVIDENCE retained=16 balls=32 revoked_balls=0 expired_views=0 evicted_views=241 radius=0.580 clearance=0.000 best_prefix=8.072
[position_cmd_to_twist-2] [INFO] [1791385986.546412541] [position_cmd_to_twist]: [PERF BRIDGE] run=p5_goal_polish_explore_20261007_after_ego1p5_3 elapsed=85.69s received=3463 published=3439 fps(ros/wall)=49.63/47.72 controller_to_bridge_ms(mean/p50/p95/max)=7.046/0.000/33.333/350.000 bridge_process_ms(mean/p95/max)=0.091/0.118/1.629
[NAV] t=70.0s position=(32.73,-4.76,1.08) yaw=27.0deg command=(0.00,0.00,0.00) manual_active=1 collision_blocks=0
[depth_angular_controller-1] [INFO] [1791385987.161917137] [depth_angular_controller]: GOAL_REFINEMENT checks=3 improvements=0
[depth_angular_controller-1] [INFO] [1791385987.161963805] [depth_angular_controller]: OMNI_DEPTH views=4 azimuth_bins=180 elevation_bins=37 valid=1 certificates=21 short=1 held=0 local_candidates=0 yaw=-42.00
[depth_angular_controller-1] [INFO] [1791385987.293111071] [depth_angular_controller]: PAPER_BUILD reason=FULL_MOTION_CERTIFICATE required=0.0000 best=0.0000 free=0 refined=0 tubes=256 revoked_tubes=0 proofs=128
[depth_angular_controller-1] [INFO] [1791385987.293145636] [depth_angular_controller]: PAPER_EVIDENCE retained=16 balls=32 revoked_balls=0 expired_views=0 evicted_views=241 radius=0.580 clearance=0.000 best_prefix=8.072
[depth_angular_controller-1] [INFO] [1791385988.166468142] [depth_angular_controller]: GOAL_REFINEMENT checks=3 improvements=0
[depth_angular_controller-1] [INFO] [1791385988.166508508] [depth_angular_controller]: OMNI_DEPTH views=4 azimuth_bins=180 elevation_bins=37 valid=1 certificates=21 short=1 held=0 local_candidates=0 yaw=-42.00
[depth_angular_controller-1] [INFO] [1791385988.295375379] [depth_angular_controller]: PAPER_BUILD reason=FULL_MOTION_CERTIFICATE required=0.0000 best=0.0000 free=0 refined=0 tubes=256 revoked_tubes=0 proofs=128
[depth_angular_controller-1] [INFO] [1791385988.295409433] [depth_angular_controller]: PAPER_EVIDENCE retained=16 balls=32 revoked_balls=0 expired_views=0 evicted_views=241 radius=0.580 clearance=0.000 best_prefix=8.072
[depth_angular_controller-1] [INFO] [1791385989.172480885] [depth_angular_controller]: GOAL_REFINEMENT checks=3 improvements=0
[depth_angular_controller-1] [INFO] [1791385989.172523505] [depth_angular_controller]: OMNI_DEPTH views=4 azimuth_bins=180 elevation_bins=37 valid=1 certificates=21 short=1 held=0 local_candidates=0 yaw=-42.00
[depth_angular_controller-1] [INFO] [1791385989.306691368] [depth_angular_controller]: PAPER_BUILD reason=FULL_MOTION_CERTIFICATE required=0.0000 best=0.0000 free=0 refined=0 tubes=256 revoked_tubes=0 proofs=128
[depth_angular_controller-1] [INFO] [1791385989.306730953] [depth_angular_controller]: PAPER_EVIDENCE retained=16 balls=32 revoked_balls=0 expired_views=0 evicted_views=241 radius=0.580 clearance=0.000 best_prefix=8.072
[depth_angular_controller-1] [INFO] [1791385989.696927243] [depth_angular_controller]: [PERF CTRL] run=p5_goal_polish_explore_20261007_after_ego1p5_3 elapsed=88.95s callbacks=3489 commands=3488 guidance=3368 command_fps(ros/wall)=47.59/46.36 guidance_wall_fps=45.91 avoid_ms(mean/p50/p95/max)=8.854/2.448/38.982/318.227 cycle_ms(mean/p95/max)=21.572/58.966/330.160 depth_to_cmd_ms(mean/p95/max)=37.980/66.667/100.000 callback_to_publish_ms(mean/p95/max)=11.594/43.753/330.023
[depth_angular_controller-1] [INFO] [1791385989.697222759] [depth_angular_controller]: EVIDENCE_COST ingest(mean/p95/max)=2.736/10.611/22.385 record=0.223/1.611/6.372 ms
[depth_angular_controller-1] [INFO] [1791385989.697231245] [depth_angular_controller]: EVIDENCE_PHASE per_view_mean_ms balls=0.120 tubes=0.136 history=0.398 eviction=0.001
[depth_angular_controller-1] [INFO] [1791385990.193473359] [depth_angular_controller]: GOAL_REFINEMENT checks=3 improvements=0
[depth_angular_controller-1] [INFO] [1791385990.193911031] [depth_angular_controller]: OMNI_DEPTH views=4 azimuth_bins=180 elevation_bins=37 valid=1 certificates=21 short=1 held=0 local_candidates=0 yaw=-42.00
[depth_angular_controller-1] [INFO] [1791385990.325844015] [depth_angular_controller]: PAPER_BUILD reason=FULL_MOTION_CERTIFICATE required=0.0000 best=0.0000 free=0 refined=0 tubes=256 revoked_tubes=0 proofs=128
[depth_angular_controller-1] [INFO] [1791385990.325908806] [depth_angular_controller]: PAPER_EVIDENCE retained=16 balls=32 revoked_balls=0 expired_views=0 evicted_views=241 radius=0.580 clearance=0.000 best_prefix=8.072
[position_cmd_to_twist-2] [INFO] [1791385991.105166535] [position_cmd_to_twist]: [PERF BRIDGE] run=p5_goal_polish_explore_20261007_after_ego1p5_3 elapsed=90.24s received=3499 published=3443 fps(ros/wall)=46.81/44.93 controller_to_bridge_ms(mean/p50/p95/max)=8.407/0.000/50.000/350.000 bridge_process_ms(mean/p95/max)=0.091/0.118/1.629
[NAV] t=75.0s position=(32.73,-4.76,1.08) yaw=27.0deg command=(0.00,0.00,0.00) manual_active=1 collision_blocks=0
[depth_angular_controller-1] [INFO] [1791385991.209712961] [depth_angular_controller]: GOAL_REFINEMENT checks=3 improvements=0
[depth_angular_controller-1] [INFO] [1791385991.209753637] [depth_angular_controller]: OMNI_DEPTH views=4 azimuth_bins=180 elevation_bins=37 valid=1 certificates=21 short=1 held=0 local_candidates=0 yaw=-42.00
[depth_angular_controller-1] [INFO] [1791385991.339102604] [depth_angular_controller]: PAPER_BUILD reason=FULL_MOTION_CERTIFICATE required=0.0000 best=0.0000 free=0 refined=0 tubes=256 revoked_tubes=0 proofs=128
[depth_angular_controller-1] [INFO] [1791385991.339140806] [depth_angular_controller]: PAPER_EVIDENCE retained=16 balls=32 revoked_balls=0 expired_views=0 evicted_views=241 radius=0.580 clearance=0.000 best_prefix=8.072
[depth_angular_controller-1] [INFO] [1791385992.118504524] [depth_angular_controller]: GOAL_REFINEMENT checks=3 improvements=0
[depth_angular_controller-1] [INFO] [1791385992.118555199] [depth_angular_controller]: OMNI_DEPTH views=4 azimuth_bins=180 elevation_bins=37 valid=1 certificates=21 short=1 held=0 local_candidates=0 yaw=-42.00
[depth_angular_controller-1] [INFO] [1791385992.245576021] [depth_angular_controller]: PAPER_BUILD reason=FULL_MOTION_CERTIFICATE required=0.0000 best=0.0000 free=0 refined=0 tubes=256 revoked_tubes=0 proofs=128
[depth_angular_controller-1] [INFO] [1791385992.245609665] [depth_angular_controller]: PAPER_EVIDENCE retained=16 balls=32 revoked_balls=0 expired_views=0 evicted_views=241 radius=0.580 clearance=0.000 best_prefix=8.072
[depth_angular_controller-1] [INFO] [1791385993.025371180] [depth_angular_controller]: GOAL_REFINEMENT checks=3 improvements=0
[depth_angular_controller-1] [INFO] [1791385993.025425402] [depth_angular_controller]: OMNI_DEPTH views=4 azimuth_bins=180 elevation_bins=37 valid=1 certificates=21 short=1 held=0 local_candidates=0 yaw=-42.00
[depth_angular_controller-1] [INFO] [1791385993.150890520] [depth_angular_controller]: PAPER_BUILD reason=FULL_MOTION_CERTIFICATE required=0.0000 best=0.0000 free=0 refined=0 tubes=256 revoked_tubes=0 proofs=128
[depth_angular_controller-1] [INFO] [1791385993.150922901] [depth_angular_controller]: PAPER_EVIDENCE retained=16 balls=32 revoked_balls=0 expired_views=0 evicted_views=241 radius=0.580 clearance=0.000 best_prefix=8.072
[depth_angular_controller-1] [INFO] [1791385994.043621621] [depth_angular_controller]: GOAL_REFINEMENT checks=3 improvements=0
[depth_angular_controller-1] [INFO] [1791385994.043670774] [depth_angular_controller]: OMNI_DEPTH views=4 azimuth_bins=180 elevation_bins=37 valid=1 certificates=21 short=1 held=0 local_candidates=0 yaw=-42.00
[depth_angular_controller-1] [INFO] [1791385994.174286992] [depth_angular_controller]: PAPER_BUILD reason=FULL_MOTION_CERTIFICATE required=0.0000 best=0.0000 free=0 refined=0 tubes=256 revoked_tubes=0 proofs=128
[depth_angular_controller-1] [INFO] [1791385994.174325024] [depth_angular_controller]: PAPER_EVIDENCE retained=16 balls=32 revoked_balls=0 expired_views=0 evicted_views=241 radius=0.580 clearance=0.000 best_prefix=8.072
[depth_angular_controller-1] [INFO] [1791385994.822018893] [depth_angular_controller]: [PERF CTRL] run=p5_goal_polish_explore_20261007_after_ego1p5_3 elapsed=94.07s callbacks=3529 commands=3528 guidance=3408 command_fps(ros/wall)=44.65/43.90 guidance_wall_fps=43.42 avoid_ms(mean/p50/p95/max)=9.992/2.531/45.110/318.227 cycle_ms(mean/p95/max)=22.781/71.003/330.160 depth_to_cmd_ms(mean/p95/max)=37.984/66.667/100.000 callback_to_publish_ms(mean/p95/max)=12.913/51.071/330.023
[depth_angular_controller-1] [INFO] [1791385994.822300272] [depth_angular_controller]: EVIDENCE_COST ingest(mean/p95/max)=2.927/12.281/22.856 record=0.248/1.939/6.372 ms
[depth_angular_controller-1] [INFO] [1791385994.822306834] [depth_angular_controller]: EVIDENCE_PHASE per_view_mean_ms balls=0.127 tubes=0.157 history=0.417 eviction=0.001
[depth_angular_controller-1] [INFO] [1791385994.952360906] [depth_angular_controller]: GOAL_REFINEMENT checks=3 improvements=0
[depth_angular_controller-1] [INFO] [1791385994.952401222] [depth_angular_controller]: OMNI_DEPTH views=4 azimuth_bins=180 elevation_bins=37 valid=1 certificates=21 short=1 held=0 local_candidates=0 yaw=-42.00
[depth_angular_controller-1] [INFO] [1791385995.083397375] [depth_angular_controller]: PAPER_BUILD reason=FULL_MOTION_CERTIFICATE required=0.0000 best=0.0000 free=0 refined=0 tubes=256 revoked_tubes=0 proofs=128
[depth_angular_controller-1] [INFO] [1791385995.083439464] [depth_angular_controller]: PAPER_EVIDENCE retained=16 balls=32 revoked_balls=0 expired_views=0 evicted_views=241 radius=0.580 clearance=0.000 best_prefix=8.072
[position_cmd_to_twist-2] [INFO] [1791385995.473794744] [position_cmd_to_twist]: [PERF BRIDGE] run=p5_goal_polish_explore_20261007_after_ego1p5_3 elapsed=94.61s received=3533 published=3445 fps(ros/wall)=44.29/42.52 controller_to_bridge_ms(mean/p50/p95/max)=9.746/0.000/50.000/350.000 bridge_process_ms(mean/p95/max)=0.091/0.118/1.629
[NAV] t=80.0s position=(32.73,-4.76,1.08) yaw=27.0deg command=(0.00,0.00,0.00) manual_active=1 collision_blocks=0
[depth_angular_controller-1] [INFO] [1791385995.850098847] [depth_angular_controller]: GOAL_REFINEMENT checks=3 improvements=0
[depth_angular_controller-1] [INFO] [1791385995.850139333] [depth_angular_controller]: OMNI_DEPTH views=4 azimuth_bins=180 elevation_bins=37 valid=1 certificates=21 short=1 held=0 local_candidates=0 yaw=-42.00
[depth_angular_controller-1] [INFO] [1791385996.088898536] [depth_angular_controller]: PAPER_BUILD reason=FULL_MOTION_CERTIFICATE required=0.0000 best=0.0000 free=0 refined=0 tubes=256 revoked_tubes=0 proofs=128
[depth_angular_controller-1] [INFO] [1791385996.088938752] [depth_angular_controller]: PAPER_EVIDENCE retained=16 balls=32 revoked_balls=0 expired_views=0 evicted_views=241 radius=0.580 clearance=0.000 best_prefix=8.072
[depth_angular_controller-1] [INFO] [1791385996.839305746] [depth_angular_controller]: GOAL_REFINEMENT checks=3 improvements=0
[depth_angular_controller-1] [INFO] [1791385996.839347154] [depth_angular_controller]: OMNI_DEPTH views=4 azimuth_bins=180 elevation_bins=37 valid=1 certificates=21 short=1 held=0 local_candidates=0 yaw=-42.00
[depth_angular_controller-1] [INFO] [1791385997.077957246] [depth_angular_controller]: PAPER_BUILD reason=FULL_MOTION_CERTIFICATE required=0.0000 best=0.0000 free=0 refined=0 tubes=256 revoked_tubes=0 proofs=128
[depth_angular_controller-1] [INFO] [1791385997.077999396] [depth_angular_controller]: PAPER_EVIDENCE retained=16 balls=32 revoked_balls=0 expired_views=0 evicted_views=241 radius=0.580 clearance=0.000 best_prefix=8.072
[depth_angular_controller-1] [INFO] [1791385997.850920777] [depth_angular_controller]: GOAL_REFINEMENT checks=3 improvements=0
[depth_angular_controller-1] [INFO] [1791385997.850970600] [depth_angular_controller]: OMNI_DEPTH views=4 azimuth_bins=180 elevation_bins=37 valid=1 certificates=21 short=1 held=0 local_candidates=0 yaw=-42.00
[depth_angular_controller-1] [INFO] [1791385997.979903926] [depth_angular_controller]: PAPER_BUILD reason=FULL_MOTION_CERTIFICATE required=0.0000 best=0.0000 free=0 refined=0 tubes=256 revoked_tubes=0 proofs=128
[depth_angular_controller-1] [INFO] [1791385997.979941507] [depth_angular_controller]: PAPER_EVIDENCE retained=16 balls=32 revoked_balls=0 expired_views=0 evicted_views=241 radius=0.580 clearance=0.000 best_prefix=8.072
[depth_angular_controller-1] [INFO] [1791385998.749657474] [depth_angular_controller]: GOAL_REFINEMENT checks=3 improvements=0
[depth_angular_controller-1] [INFO] [1791385998.749706446] [depth_angular_controller]: OMNI_DEPTH views=4 azimuth_bins=180 elevation_bins=37 valid=1 certificates=21 short=1 held=0 local_candidates=0 yaw=-42.00
[depth_angular_controller-1] [INFO] [1791385998.883048026] [depth_angular_controller]: PAPER_BUILD reason=FULL_MOTION_CERTIFICATE required=0.0000 best=0.0000 free=0 refined=0 tubes=256 revoked_tubes=0 proofs=128
[depth_angular_controller-1] [INFO] [1791385998.883084465] [depth_angular_controller]: PAPER_EVIDENCE retained=16 balls=32 revoked_balls=0 expired_views=0 evicted_views=241 radius=0.580 clearance=0.000 best_prefix=8.072
[depth_angular_controller-1] [INFO] [1791385999.759714236] [depth_angular_controller]: GOAL_REFINEMENT checks=3 improvements=0
[depth_angular_controller-1] [INFO] [1791385999.759764461] [depth_angular_controller]: OMNI_DEPTH views=4 azimuth_bins=180 elevation_bins=37 valid=1 certificates=21 short=1 held=0 local_candidates=0 yaw=-42.00
[depth_angular_controller-1] [INFO] [1791385999.889611143] [depth_angular_controller]: [PERF CTRL] run=p5_goal_polish_explore_20261007_after_ego1p5_3 elapsed=99.14s callbacks=3569 commands=3568 guidance=3448 command_fps(ros/wall)=42.18/41.76 guidance_wall_fps=41.26 avoid_ms(mean/p50/p95/max)=11.094/2.606/54.458/318.227 cycle_ms(mean/p95/max)=23.946/77.068/330.160 depth_to_cmd_ms(mean/p95/max)=37.877/66.667/100.000 callback_to_publish_ms(mean/p95/max)=14.187/65.712/330.023
[depth_angular_controller-1] [INFO] [1791385999.889958236] [depth_angular_controller]: EVIDENCE_COST ingest(mean/p95/max)=3.109/14.058/22.856 record=0.273/2.089/6.372 ms
[depth_angular_controller-1] [INFO] [1791385999.889968004] [depth_angular_controller]: EVIDENCE_PHASE per_view_mean_ms balls=0.134 tubes=0.177 history=0.436 eviction=0.001
[depth_angular_controller-1] [INFO] [1791385999.889974216] [depth_angular_controller]: PAPER_BUILD reason=FULL_MOTION_CERTIFICATE required=0.0000 best=0.0000 free=0 refined=0 tubes=256 revoked_tubes=0 proofs=128
[depth_angular_controller-1] [INFO] [1791385999.889981579] [depth_angular_controller]: PAPER_EVIDENCE retained=16 balls=32 revoked_balls=0 expired_views=0 evicted_views=241 radius=0.580 clearance=0.000 best_prefix=8.072
[position_cmd_to_twist-2] [INFO] [1791386000.053210498] [position_cmd_to_twist]: [PERF BRIDGE] run=p5_goal_polish_explore_20261007_after_ego1p5_3 elapsed=99.19s received=3569 published=3449 fps(ros/wall)=42.12/40.31 controller_to_bridge_ms(mean/p50/p95/max)=11.044/0.000/66.667/350.000 bridge_process_ms(mean/p95/max)=0.091/0.118/1.629
[NAV] t=85.0s position=(32.73,-4.76,1.08) yaw=27.0deg command=(0.00,0.00,0.00) manual_active=1 collision_blocks=0
[depth_angular_controller-1] [INFO] [1791386000.669693161] [depth_angular_controller]: GOAL_REFINEMENT checks=3 improvements=0
[depth_angular_controller-1] [INFO] [1791386000.669734810] [depth_angular_controller]: OMNI_DEPTH views=4 azimuth_bins=180 elevation_bins=37 valid=1 certificates=21 short=1 held=0 local_candidates=0 yaw=-42.00
[depth_angular_controller-1] [INFO] [1791386000.798501092] [depth_angular_controller]: PAPER_BUILD reason=FULL_MOTION_CERTIFICATE required=0.0000 best=0.0000 free=0 refined=0 tubes=256 revoked_tubes=0 proofs=128
[depth_angular_controller-1] [INFO] [1791386000.798538582] [depth_angular_controller]: PAPER_EVIDENCE retained=16 balls=32 revoked_balls=0 expired_views=0 evicted_views=241 radius=0.580 clearance=0.000 best_prefix=8.072
[depth_angular_controller-1] [INFO] [1791386001.573365414] [depth_angular_controller]: GOAL_REFINEMENT checks=3 improvements=0
[depth_angular_controller-1] [INFO] [1791386001.573412523] [depth_angular_controller]: OMNI_DEPTH views=4 azimuth_bins=180 elevation_bins=37 valid=1 certificates=21 short=1 held=0 local_candidates=0 yaw=-42.00
[depth_angular_controller-1] [INFO] [1791386001.702635984] [depth_angular_controller]: PAPER_BUILD reason=FULL_MOTION_CERTIFICATE required=0.0000 best=0.0000 free=0 refined=0 tubes=256 revoked_tubes=0 proofs=128
[depth_angular_controller-1] [INFO] [1791386001.702673264] [depth_angular_controller]: PAPER_EVIDENCE retained=16 balls=32 revoked_balls=0 expired_views=0 evicted_views=241 radius=0.580 clearance=0.000 best_prefix=8.072
[depth_angular_controller-1] [INFO] [1791386002.483513096] [depth_angular_controller]: GOAL_REFINEMENT checks=3 improvements=0
[depth_angular_controller-1] [INFO] [1791386002.483558441] [depth_angular_controller]: OMNI_DEPTH views=4 azimuth_bins=180 elevation_bins=37 valid=1 certificates=21 short=1 held=0 local_candidates=0 yaw=-42.00
[depth_angular_controller-1] [INFO] [1791386002.617330741] [depth_angular_controller]: PAPER_BUILD reason=FULL_MOTION_CERTIFICATE required=0.0000 best=0.0000 free=0 refined=0 tubes=256 revoked_tubes=0 proofs=128
[depth_angular_controller-1] [INFO] [1791386002.617368612] [depth_angular_controller]: PAPER_EVIDENCE retained=16 balls=32 revoked_balls=0 expired_views=0 evicted_views=241 radius=0.580 clearance=0.000 best_prefix=8.072
[depth_angular_controller-1] [INFO] [1791386003.397768097] [depth_angular_controller]: GOAL_REFINEMENT checks=3 improvements=0
[depth_angular_controller-1] [INFO] [1791386003.397816558] [depth_angular_controller]: OMNI_DEPTH views=4 azimuth_bins=180 elevation_bins=37 valid=1 certificates=21 short=1 held=0 local_candidates=0 yaw=-42.00
[depth_angular_controller-1] [INFO] [1791386003.526121423] [depth_angular_controller]: PAPER_BUILD reason=FULL_MOTION_CERTIFICATE required=0.0000 best=0.0000 free=0 refined=0 tubes=256 revoked_tubes=0 proofs=128
[depth_angular_controller-1] [INFO] [1791386003.526163001] [depth_angular_controller]: PAPER_EVIDENCE retained=16 balls=32 revoked_balls=0 expired_views=0 evicted_views=241 radius=0.580 clearance=0.000 best_prefix=8.072
[depth_angular_controller-1] [INFO] [1791386004.298641510] [depth_angular_controller]: GOAL_REFINEMENT checks=3 improvements=0
[depth_angular_controller-1] [INFO] [1791386004.299038666] [depth_angular_controller]: OMNI_DEPTH views=4 azimuth_bins=180 elevation_bins=37 valid=1 certificates=21 short=1 held=0 local_candidates=0 yaw=-42.00
[position_cmd_to_twist-2] [INFO] [1791386004.319128251] [position_cmd_to_twist]: [PERF BRIDGE] run=p5_goal_polish_explore_20261007_after_ego1p5_3 elapsed=103.46s received=3602 published=3449 fps(ros/wall)=40.13/38.39 controller_to_bridge_ms(mean/p50/p95/max)=12.336/0.000/83.333/350.000 bridge_process_ms(mean/p95/max)=0.091/0.118/1.629
[depth_angular_controller-1] [INFO] [1791386004.433727539] [depth_angular_controller]: PAPER_BUILD reason=FULL_MOTION_CERTIFICATE required=0.0000 best=0.0000 free=0 refined=0 tubes=256 revoked_tubes=0 proofs=128
[depth_angular_controller-1] [INFO] [1791386004.433772513] [depth_angular_controller]: PAPER_EVIDENCE retained=16 balls=32 revoked_balls=0 expired_views=0 evicted_views=241 radius=0.580 clearance=0.000 best_prefix=8.072
[NAV] t=90.0s position=(32.73,-4.76,1.08) yaw=27.0deg command=(0.00,0.00,0.00) manual_active=1 collision_blocks=0
[depth_angular_controller-1] [INFO] [1791386004.946901122] [depth_angular_controller]: [PERF CTRL] run=p5_goal_polish_explore_20261007_after_ego1p5_3 elapsed=104.20s callbacks=3608 commands=3607 guidance=3487 command_fps(ros/wall)=39.88/39.86 guidance_wall_fps=39.35 avoid_ms(mean/p50/p95/max)=12.163/2.662/75.408/318.227 cycle_ms(mean/p95/max)=25.089/86.554/330.160 depth_to_cmd_ms(mean/p95/max)=37.764/66.667/100.000 callback_to_publish_ms(mean/p95/max)=15.435/86.469/330.023
[depth_angular_controller-1] [INFO] [1791386004.947208029] [depth_angular_controller]: EVIDENCE_COST ingest(mean/p95/max)=3.295/16.303/22.856 record=0.296/2.270/6.372 ms
[depth_angular_controller-1] [INFO] [1791386004.947213750] [depth_angular_controller]: EVIDENCE_PHASE per_view_mean_ms balls=0.140 tubes=0.198 history=0.455 eviction=0.001
[depth_angular_controller-1] [INFO] [1791386005.335944226] [depth_angular_controller]: GOAL_REFINEMENT checks=3 improvements=0
[depth_angular_controller-1] [INFO] [1791386005.336373062] [depth_angular_controller]: OMNI_DEPTH views=4 azimuth_bins=180 elevation_bins=37 valid=1 certificates=21 short=1 held=0 local_candidates=0 yaw=-42.00
[depth_angular_controller-1] [INFO] [1791386005.336560394] [depth_angular_controller]: PAPER_BUILD reason=FULL_MOTION_CERTIFICATE required=0.0000 best=0.0000 free=0 refined=0 tubes=256 revoked_tubes=0 proofs=128
[depth_angular_controller-1] [INFO] [1791386005.336592905] [depth_angular_controller]: PAPER_EVIDENCE retained=16 balls=32 revoked_balls=0 expired_views=0 evicted_views=241 radius=0.580 clearance=0.000 best_prefix=8.072
[depth_angular_controller-1] [INFO] [1791386006.239148930] [depth_angular_controller]: GOAL_REFINEMENT checks=3 improvements=0
[depth_angular_controller-1] [INFO] [1791386006.239192281] [depth_angular_controller]: OMNI_DEPTH views=4 azimuth_bins=180 elevation_bins=37 valid=1 certificates=21 short=1 held=0 local_candidates=0 yaw=-42.00
[depth_angular_controller-1] [INFO] [1791386006.239241143] [depth_angular_controller]: PAPER_BUILD reason=FULL_MOTION_CERTIFICATE required=0.0000 best=0.0000 free=0 refined=0 tubes=256 revoked_tubes=0 proofs=128
[depth_angular_controller-1] [INFO] [1791386006.239247395] [depth_angular_controller]: PAPER_EVIDENCE retained=16 balls=32 revoked_balls=0 expired_views=0 evicted_views=241 radius=0.580 clearance=0.000 best_prefix=8.072
[depth_angular_controller-1] [INFO] [1791386007.143674256] [depth_angular_controller]: GOAL_REFINEMENT checks=3 improvements=0
[depth_angular_controller-1] [INFO] [1791386007.143717187] [depth_angular_controller]: OMNI_DEPTH views=4 azimuth_bins=180 elevation_bins=37 valid=1 certificates=21 short=1 held=0 local_candidates=0 yaw=-42.00
[depth_angular_controller-1] [INFO] [1791386007.143797938] [depth_angular_controller]: PAPER_BUILD reason=FULL_MOTION_CERTIFICATE required=0.0000 best=0.0000 free=0 refined=0 tubes=256 revoked_tubes=0 proofs=128
[depth_angular_controller-1] [INFO] [1791386007.143806234] [depth_angular_controller]: PAPER_EVIDENCE retained=16 balls=32 revoked_balls=0 expired_views=0 evicted_views=241 radius=0.580 clearance=0.000 best_prefix=8.072
[depth_angular_controller-1] [INFO] [1791386008.053122744] [depth_angular_controller]: GOAL_REFINEMENT checks=3 improvements=0
[depth_angular_controller-1] [INFO] [1791386008.053500434] [depth_angular_controller]: OMNI_DEPTH views=4 azimuth_bins=180 elevation_bins=37 valid=1 certificates=21 short=1 held=0 local_candidates=0 yaw=-42.00
[depth_angular_controller-1] [INFO] [1791386008.053563723] [depth_angular_controller]: PAPER_BUILD reason=FULL_MOTION_CERTIFICATE required=0.0000 best=0.0000 free=0 refined=0 tubes=256 revoked_tubes=0 proofs=128
[depth_angular_controller-1] [INFO] [1791386008.053573261] [depth_angular_controller]: PAPER_EVIDENCE retained=16 balls=32 revoked_balls=0 expired_views=0 evicted_views=241 radius=0.580 clearance=0.000 best_prefix=8.072
[position_cmd_to_twist-2] [INFO] [1791386008.719624489] [position_cmd_to_twist]: [PERF BRIDGE] run=p5_goal_polish_explore_20261007_after_ego1p5_3 elapsed=107.86s received=3636 published=3451 fps(ros/wall)=38.38/36.63 controller_to_bridge_ms(mean/p50/p95/max)=13.591/0.000/116.667/350.000 bridge_process_ms(mean/p95/max)=0.091/0.118/1.629
[NAV] t=95.0s position=(32.73,-4.76,1.08) yaw=27.0deg command=(0.00,0.00,0.00) manual_active=1 collision_blocks=0
[depth_angular_controller-1] [INFO] [1791386009.062931120] [depth_angular_controller]: GOAL_REFINEMENT checks=3 improvements=0
[depth_angular_controller-1] [INFO] [1791386009.062977547] [depth_angular_controller]: OMNI_DEPTH views=4 azimuth_bins=180 elevation_bins=37 valid=1 certificates=21 short=1 held=0 local_candidates=0 yaw=-42.00
[depth_angular_controller-1] [INFO] [1791386009.063032570] [depth_angular_controller]: PAPER_BUILD reason=FULL_MOTION_CERTIFICATE required=0.0000 best=0.0000 free=0 refined=0 tubes=256 revoked_tubes=0 proofs=128
[depth_angular_controller-1] [INFO] [1791386009.063039483] [depth_angular_controller]: PAPER_EVIDENCE retained=16 balls=32 revoked_balls=0 expired_views=0 evicted_views=241 radius=0.580 clearance=0.000 best_prefix=8.072
[depth_angular_controller-1] [INFO] [1791386010.064902798] [depth_angular_controller]: GOAL_REFINEMENT checks=3 improvements=0
[depth_angular_controller-1] [INFO] [1791386010.064949205] [depth_angular_controller]: OMNI_DEPTH views=4 azimuth_bins=180 elevation_bins=37 valid=1 certificates=21 short=1 held=0 local_candidates=0 yaw=-42.00
[depth_angular_controller-1] [INFO] [1791386010.065512774] [depth_angular_controller]: [PERF CTRL] run=p5_goal_polish_explore_20261007_after_ego1p5_3 elapsed=109.31s callbacks=3648 commands=3647 guidance=3527 command_fps(ros/wall)=37.87/38.14 guidance_wall_fps=37.63 avoid_ms(mean/p50/p95/max)=13.230/2.746/103.952/318.227 cycle_ms(mean/p95/max)=26.218/119.514/330.160 depth_to_cmd_ms(mean/p95/max)=37.771/66.667/100.000 callback_to_publish_ms(mean/p95/max)=16.667/119.450/330.023
[depth_angular_controller-1] [INFO] [1791386010.065790296] [depth_angular_controller]: EVIDENCE_COST ingest(mean/p95/max)=3.470/17.993/22.856 record=0.317/2.325/6.372 ms
[depth_angular_controller-1] [INFO] [1791386010.065796157] [depth_angular_controller]: EVIDENCE_PHASE per_view_mean_ms balls=0.147 tubes=0.217 history=0.472 eviction=0.001
[depth_angular_controller-1] [INFO] [1791386010.065801386] [depth_angular_controller]: PAPER_BUILD reason=FULL_MOTION_CERTIFICATE required=0.0000 best=0.0000 free=0 refined=0 tubes=256 revoked_tubes=0 proofs=128
[depth_angular_controller-1] [INFO] [1791386010.065806987] [depth_angular_controller]: PAPER_EVIDENCE retained=16 balls=32 revoked_balls=0 expired_views=0 evicted_views=241 radius=0.580 clearance=0.000 best_prefix=8.072
[depth_angular_controller-1] [INFO] [1791386011.146962176] [depth_angular_controller]: GOAL_REFINEMENT checks=3 improvements=0
[depth_angular_controller-1] [INFO] [1791386011.147006389] [depth_angular_controller]: OMNI_DEPTH views=4 azimuth_bins=180 elevation_bins=37 valid=1 certificates=21 short=1 held=0 local_candidates=0 yaw=-42.00
[depth_angular_controller-1] [INFO] [1791386011.147057966] [depth_angular_controller]: PAPER_BUILD reason=FULL_MOTION_CERTIFICATE required=0.0000 best=0.0000 free=0 refined=0 tubes=256 revoked_tubes=0 proofs=128
[depth_angular_controller-1] [INFO] [1791386011.147063967] [depth_angular_controller]: PAPER_EVIDENCE retained=16 balls=32 revoked_balls=0 expired_views=0 evicted_views=241 radius=0.580 clearance=0.000 best_prefix=8.072
[depth_angular_controller-1] [INFO] [1791386012.154625760] [depth_angular_controller]: GOAL_REFINEMENT checks=3 improvements=0
[depth_angular_controller-1] [INFO] [1791386012.154668821] [depth_angular_controller]: OMNI_DEPTH views=4 azimuth_bins=180 elevation_bins=37 valid=1 certificates=21 short=1 held=0 local_candidates=0 yaw=-42.00
[depth_angular_controller-1] [INFO] [1791386012.154741628] [depth_angular_controller]: PAPER_BUILD reason=FULL_MOTION_CERTIFICATE required=0.0000 best=0.0000 free=0 refined=0 tubes=256 revoked_tubes=0 proofs=128
[depth_angular_controller-1] [INFO] [1791386012.154749633] [depth_angular_controller]: PAPER_EVIDENCE retained=16 balls=32 revoked_balls=0 expired_views=0 evicted_views=241 radius=0.580 clearance=0.000 best_prefix=8.072
[depth_angular_controller-1] [INFO] [1791386013.060781881] [depth_angular_controller]: GOAL_REFINEMENT checks=3 improvements=0
[depth_angular_controller-1] [INFO] [1791386013.060828539] [depth_angular_controller]: OMNI_DEPTH views=4 azimuth_bins=180 elevation_bins=37 valid=1 certificates=21 short=1 held=0 local_candidates=0 yaw=-42.00
[depth_angular_controller-1] [INFO] [1791386013.060885847] [depth_angular_controller]: PAPER_BUILD reason=FULL_MOTION_CERTIFICATE required=0.0000 best=0.0000 free=0 refined=0 tubes=256 revoked_tubes=0 proofs=128
[depth_angular_controller-1] [INFO] [1791386013.060893351] [depth_angular_controller]: PAPER_EVIDENCE retained=16 balls=32 revoked_balls=0 expired_views=0 evicted_views=241 radius=0.580 clearance=0.000 best_prefix=8.072
[position_cmd_to_twist-2] [INFO] [1791386013.316188260] [position_cmd_to_twist]: [PERF BRIDGE] run=p5_goal_polish_explore_20261007_after_ego1p5_3 elapsed=112.46s received=3672 published=3457 fps(ros/wall)=36.85/35.01 controller_to_bridge_ms(mean/p50/p95/max)=14.797/0.000/133.333/350.000 bridge_process_ms(mean/p95/max)=0.091/0.118/1.629
[NAV] t=100.0s position=(32.73,-4.76,1.08) yaw=27.0deg command=(0.00,0.00,0.00) manual_active=1 collision_blocks=0
[depth_angular_controller-1] [INFO] [1791386014.053291878] [depth_angular_controller]: GOAL_REFINEMENT checks=3 improvements=0
[depth_angular_controller-1] [INFO] [1791386014.053336702] [depth_angular_controller]: OMNI_DEPTH views=4 azimuth_bins=180 elevation_bins=37 valid=1 certificates=21 short=1 held=0 local_candidates=0 yaw=-42.00
[depth_angular_controller-1] [INFO] [1791386014.053389792] [depth_angular_controller]: PAPER_BUILD reason=FULL_MOTION_CERTIFICATE required=0.0000 best=0.0000 free=0 refined=0 tubes=256 revoked_tubes=0 proofs=128
[depth_angular_controller-1] [INFO] [1791386014.053395753] [depth_angular_controller]: PAPER_EVIDENCE retained=16 balls=32 revoked_balls=0 expired_views=0 evicted_views=241 radius=0.580 clearance=0.000 best_prefix=8.072
[depth_angular_controller-1] [INFO] [1791386014.955656914] [depth_angular_controller]: GOAL_REFINEMENT checks=3 improvements=0
[depth_angular_controller-1] [INFO] [1791386014.955702920] [depth_angular_controller]: OMNI_DEPTH views=4 azimuth_bins=180 elevation_bins=37 valid=1 certificates=21 short=1 held=0 local_candidates=0 yaw=-42.00
[depth_angular_controller-1] [INFO] [1791386014.955760478] [depth_angular_controller]: PAPER_BUILD reason=FULL_MOTION_CERTIFICATE required=0.0000 best=0.0000 free=0 refined=0 tubes=256 revoked_tubes=0 proofs=128
[depth_angular_controller-1] [INFO] [1791386014.955767241] [depth_angular_controller]: PAPER_EVIDENCE retained=16 balls=32 revoked_balls=0 expired_views=0 evicted_views=241 radius=0.580 clearance=0.000 best_prefix=8.072
[depth_angular_controller-1] [INFO] [1791386015.084285066] [depth_angular_controller]: [PERF CTRL] run=p5_goal_polish_explore_20261007_after_ego1p5_3 elapsed=114.33s callbacks=3688 commands=3687 guidance=3567 command_fps(ros/wall)=36.27/36.64 guidance_wall_fps=36.12 avoid_ms(mean/p50/p95/max)=14.255/2.801/105.326/318.227 cycle_ms(mean/p95/max)=27.295/127.033/330.160 depth_to_cmd_ms(mean/p95/max)=37.669/66.667/100.000 callback_to_publish_ms(mean/p95/max)=17.847/126.882/330.023
[depth_angular_controller-1] [INFO] [1791386015.084626428] [depth_angular_controller]: EVIDENCE_COST ingest(mean/p95/max)=3.630/18.664/22.856 record=0.340/2.431/6.372 ms
[depth_angular_controller-1] [INFO] [1791386015.084640404] [depth_angular_controller]: EVIDENCE_PHASE per_view_mean_ms balls=0.152 tubes=0.235 history=0.488 eviction=0.001
[depth_angular_controller-1] [INFO] [1791386015.990280445] [depth_angular_controller]: GOAL_REFINEMENT checks=3 improvements=0
[depth_angular_controller-1] [INFO] [1791386015.990323325] [depth_angular_controller]: OMNI_DEPTH views=4 azimuth_bins=180 elevation_bins=37 valid=1 certificates=21 short=1 held=0 local_candidates=0 yaw=-42.00
[depth_angular_controller-1] [INFO] [1791386015.990378199] [depth_angular_controller]: PAPER_BUILD reason=FULL_MOTION_CERTIFICATE required=0.0000 best=0.0000 free=0 refined=0 tubes=256 revoked_tubes=0 proofs=128
[depth_angular_controller-1] [INFO] [1791386015.990383709] [depth_angular_controller]: PAPER_EVIDENCE retained=16 balls=32 revoked_balls=0 expired_views=0 evicted_views=241 radius=0.580 clearance=0.000 best_prefix=8.072
[depth_angular_controller-1] [INFO] [1791386017.098584805] [depth_angular_controller]: GOAL_REFINEMENT checks=3 improvements=0
[depth_angular_controller-1] [INFO] [1791386017.098630581] [depth_angular_controller]: OMNI_DEPTH views=4 azimuth_bins=180 elevation_bins=37 valid=1 certificates=21 short=1 held=0 local_candidates=0 yaw=-42.00
[depth_angular_controller-1] [INFO] [1791386017.098686897] [depth_angular_controller]: PAPER_BUILD reason=FULL_MOTION_CERTIFICATE required=0.0000 best=0.0000 free=0 refined=0 tubes=256 revoked_tubes=0 proofs=128
[depth_angular_controller-1] [INFO] [1791386017.098694582] [depth_angular_controller]: PAPER_EVIDENCE retained=16 balls=32 revoked_balls=0 expired_views=0 evicted_views=241 radius=0.580 clearance=0.000 best_prefix=8.072
[position_cmd_to_twist-2] [INFO] [1791386018.058640680] [position_cmd_to_twist]: [PERF BRIDGE] run=p5_goal_polish_explore_20261007_after_ego1p5_3 elapsed=117.20s received=3710 published=3462 fps(ros/wall)=35.44/33.44 controller_to_bridge_ms(mean/p50/p95/max)=15.997/0.000/150.000/350.000 bridge_process_ms(mean/p95/max)=0.091/0.118/1.629
[depth_angular_controller-1] [INFO] [1791386018.104990576] [depth_angular_controller]: GOAL_REFINEMENT checks=3 improvements=0
[depth_angular_controller-1] [INFO] [1791386018.105036192] [depth_angular_controller]: OMNI_DEPTH views=4 azimuth_bins=180 elevation_bins=37 valid=1 certificates=21 short=1 held=0 local_candidates=0 yaw=-42.00
[depth_angular_controller-1] [INFO] [1791386018.105090274] [depth_angular_controller]: PAPER_BUILD reason=FULL_MOTION_CERTIFICATE required=0.0000 best=0.0000 free=0 refined=0 tubes=256 revoked_tubes=0 proofs=128
[depth_angular_controller-1] [INFO] [1791386018.105096706] [depth_angular_controller]: PAPER_EVIDENCE retained=16 balls=32 revoked_balls=0 expired_views=0 evicted_views=241 radius=0.580 clearance=0.000 best_prefix=8.072
[NAV] t=105.0s position=(32.73,-4.76,1.08) yaw=27.0deg command=(0.00,0.00,0.00) manual_active=1 collision_blocks=0
[depth_angular_controller-1] [INFO] [1791386019.007870280] [depth_angular_controller]: GOAL_REFINEMENT checks=3 improvements=0
[depth_angular_controller-1] [INFO] [1791386019.007914042] [depth_angular_controller]: OMNI_DEPTH views=4 azimuth_bins=180 elevation_bins=37 valid=1 certificates=21 short=1 held=0 local_candidates=0 yaw=-42.00
[depth_angular_controller-1] [INFO] [1791386019.007965398] [depth_angular_controller]: PAPER_BUILD reason=FULL_MOTION_CERTIFICATE required=0.0000 best=0.0000 free=0 refined=0 tubes=256 revoked_tubes=0 proofs=128
[depth_angular_controller-1] [INFO] [1791386019.007970989] [depth_angular_controller]: PAPER_EVIDENCE retained=16 balls=32 revoked_balls=0 expired_views=0 evicted_views=241 radius=0.580 clearance=0.000 best_prefix=8.072
[depth_angular_controller-1] [INFO] [1791386019.915629072] [depth_angular_controller]: GOAL_REFINEMENT checks=3 improvements=0
[depth_angular_controller-1] [INFO] [1791386019.916021249] [depth_angular_controller]: OMNI_DEPTH views=4 azimuth_bins=180 elevation_bins=37 valid=1 certificates=21 short=1 held=0 local_candidates=0 yaw=-42.00
[depth_angular_controller-1] [INFO] [1791386019.916072796] [depth_angular_controller]: PAPER_BUILD reason=FULL_MOTION_CERTIFICATE required=0.0000 best=0.0000 free=0 refined=0 tubes=256 revoked_tubes=0 proofs=128
[depth_angular_controller-1] [INFO] [1791386019.916080581] [depth_angular_controller]: PAPER_EVIDENCE retained=16 balls=32 revoked_balls=0 expired_views=0 evicted_views=241 radius=0.580 clearance=0.000 best_prefix=8.072
[depth_angular_controller-1] [INFO] [1791386020.178037840] [depth_angular_controller]: [PERF CTRL] run=p5_goal_polish_explore_20261007_after_ego1p5_3 elapsed=119.43s callbacks=3728 commands=3727 guidance=3607 command_fps(ros/wall)=34.75/35.25 guidance_wall_fps=34.73 avoid_ms(mean/p50/p95/max)=15.266/2.872/105.730/318.227 cycle_ms(mean/p95/max)=28.369/127.917/330.160 depth_to_cmd_ms(mean/p95/max)=37.520/66.667/100.000 callback_to_publish_ms(mean/p95/max)=19.020/127.672/330.023
[depth_angular_controller-1] [INFO] [1791386020.178349907] [depth_angular_controller]: EVIDENCE_COST ingest(mean/p95/max)=3.798/19.147/24.679 record=0.363/2.519/6.372 ms
[depth_angular_controller-1] [INFO] [1791386020.178358393] [depth_angular_controller]: EVIDENCE_PHASE per_view_mean_ms balls=0.158 tubes=0.255 history=0.504 eviction=0.001
[depth_angular_controller-1] [INFO] [1791386020.826296872] [depth_angular_controller]: GOAL_REFINEMENT checks=3 improvements=0
[depth_angular_controller-1] [INFO] [1791386020.826338019] [depth_angular_controller]: OMNI_DEPTH views=4 azimuth_bins=180 elevation_bins=37 valid=1 certificates=21 short=1 held=0 local_candidates=0 yaw=-42.00
[depth_angular_controller-1] [INFO] [1791386020.826389496] [depth_angular_controller]: PAPER_BUILD reason=FULL_MOTION_CERTIFICATE required=0.0000 best=0.0000 free=0 refined=0 tubes=256 revoked_tubes=0 proofs=128
[depth_angular_controller-1] [INFO] [1791386020.826395457] [depth_angular_controller]: PAPER_EVIDENCE retained=16 balls=32 revoked_balls=0 expired_views=0 evicted_views=241 radius=0.580 clearance=0.000 best_prefix=8.072
[depth_angular_controller-1] [INFO] [1791386021.737934694] [depth_angular_controller]: GOAL_REFINEMENT checks=3 improvements=0
[depth_angular_controller-1] [INFO] [1791386021.737982163] [depth_angular_controller]: OMNI_DEPTH views=4 azimuth_bins=180 elevation_bins=37 valid=1 certificates=21 short=1 held=0 local_candidates=0 yaw=-42.00
[depth_angular_controller-1] [INFO] [1791386021.738034852] [depth_angular_controller]: PAPER_BUILD reason=FULL_MOTION_CERTIFICATE required=0.0000 best=0.0000 free=0 refined=0 tubes=256 revoked_tubes=0 proofs=128
[depth_angular_controller-1] [INFO] [1791386021.738041255] [depth_angular_controller]: PAPER_EVIDENCE retained=16 balls=32 revoked_balls=0 expired_views=0 evicted_views=241 radius=0.580 clearance=0.000 best_prefix=8.072
[position_cmd_to_twist-2] [INFO] [1791386022.457069914] [position_cmd_to_twist]: [PERF BRIDGE] run=p5_goal_polish_explore_20261007_after_ego1p5_3 elapsed=121.60s received=3744 published=3465 fps(ros/wall)=34.14/32.11 controller_to_bridge_ms(mean/p50/p95/max)=17.174/0.000/150.000/350.000 bridge_process_ms(mean/p95/max)=0.091/0.118/1.629
[NAV] t=110.0s position=(32.73,-4.76,1.08) yaw=27.0deg command=(0.00,0.00,0.00) manual_active=1 collision_blocks=0
[depth_angular_controller-1] [INFO] [1791386022.731295009] [depth_angular_controller]: GOAL_REFINEMENT checks=3 improvements=0
[depth_angular_controller-1] [INFO] [1791386022.731341997] [depth_angular_controller]: OMNI_DEPTH views=4 azimuth_bins=180 elevation_bins=37 valid=1 certificates=21 short=1 held=0 local_candidates=0 yaw=-42.00
[depth_angular_controller-1] [INFO] [1791386022.731399175] [depth_angular_controller]: PAPER_BUILD reason=FULL_MOTION_CERTIFICATE required=0.0000 best=0.0000 free=0 refined=0 tubes=256 revoked_tubes=0 proofs=128
[depth_angular_controller-1] [INFO] [1791386022.731405707] [depth_angular_controller]: PAPER_EVIDENCE retained=16 balls=32 revoked_balls=0 expired_views=0 evicted_views=241 radius=0.580 clearance=0.000 best_prefix=8.072
[depth_angular_controller-1] [INFO] [1791386023.638623002] [depth_angular_controller]: GOAL_REFINEMENT checks=3 improvements=0
[depth_angular_controller-1] [INFO] [1791386023.638667986] [depth_angular_controller]: OMNI_DEPTH views=4 azimuth_bins=180 elevation_bins=37 valid=1 certificates=21 short=1 held=0 local_candidates=0 yaw=-42.00
[depth_angular_controller-1] [INFO] [1791386023.638717620] [depth_angular_controller]: PAPER_BUILD reason=FULL_MOTION_CERTIFICATE required=0.0000 best=0.0000 free=0 refined=0 tubes=256 revoked_tubes=0 proofs=128
[depth_angular_controller-1] [INFO] [1791386023.638723791] [depth_angular_controller]: PAPER_EVIDENCE retained=16 balls=32 revoked_balls=0 expired_views=0 evicted_views=241 radius=0.580 clearance=0.000 best_prefix=8.072
[depth_angular_controller-1] [INFO] [1791386024.651455130] [depth_angular_controller]: GOAL_REFINEMENT checks=3 improvements=0
[depth_angular_controller-1] [INFO] [1791386024.651502669] [depth_angular_controller]: OMNI_DEPTH views=4 azimuth_bins=180 elevation_bins=37 valid=1 certificates=21 short=1 held=0 local_candidates=0 yaw=-42.00
[depth_angular_controller-1] [INFO] [1791386024.651561580] [depth_angular_controller]: PAPER_BUILD reason=FULL_MOTION_CERTIFICATE required=0.0000 best=0.0000 free=0 refined=0 tubes=256 revoked_tubes=0 proofs=128
[depth_angular_controller-1] [INFO] [1791386024.651569335] [depth_angular_controller]: PAPER_EVIDENCE retained=16 balls=32 revoked_balls=0 expired_views=0 evicted_views=241 radius=0.580 clearance=0.000 best_prefix=8.072
[depth_angular_controller-1] [INFO] [1791386025.304040332] [depth_angular_controller]: [PERF CTRL] run=p5_goal_polish_explore_20261007_after_ego1p5_3 elapsed=124.55s callbacks=3768 commands=3767 guidance=3647 command_fps(ros/wall)=33.32/33.98 guidance_wall_fps=33.46 avoid_ms(mean/p50/p95/max)=16.258/3.000/106.029/318.227 cycle_ms(mean/p95/max)=29.429/128.596/330.160 depth_to_cmd_ms(mean/p95/max)=37.359/66.667/100.000 callback_to_publish_ms(mean/p95/max)=20.177/128.506/330.023
[depth_angular_controller-1] [INFO] [1791386025.304332481] [depth_angular_controller]: EVIDENCE_COST ingest(mean/p95/max)=3.967/19.435/24.679 record=0.385/2.596/6.372 ms
[depth_angular_controller-1] [INFO] [1791386025.304338442] [depth_angular_controller]: EVIDENCE_PHASE per_view_mean_ms balls=0.164 tubes=0.274 history=0.521 eviction=0.001
[depth_angular_controller-1] [INFO] [1791386025.560682703] [depth_angular_controller]: GOAL_REFINEMENT checks=3 improvements=0
[depth_angular_controller-1] [INFO] [1791386025.560744319] [depth_angular_controller]: OMNI_DEPTH views=4 azimuth_bins=180 elevation_bins=37 valid=1 certificates=21 short=1 held=0 local_candidates=0 yaw=-42.00
[depth_angular_controller-1] [INFO] [1791386025.560819981] [depth_angular_controller]: PAPER_BUILD reason=FULL_MOTION_CERTIFICATE required=0.0000 best=0.0000 free=0 refined=0 tubes=256 revoked_tubes=0 proofs=128
[depth_angular_controller-1] [INFO] [1791386025.560828337] [depth_angular_controller]: PAPER_EVIDENCE retained=16 balls=32 revoked_balls=0 expired_views=0 evicted_views=241 radius=0.580 clearance=0.000 best_prefix=8.072
[depth_angular_controller-1] [INFO] [1791386026.459427395] [depth_angular_controller]: GOAL_REFINEMENT checks=3 improvements=0
[depth_angular_controller-1] [INFO] [1791386026.459481577] [depth_angular_controller]: OMNI_DEPTH views=4 azimuth_bins=180 elevation_bins=37 valid=1 certificates=21 short=1 held=0 local_candidates=0 yaw=-42.00
[depth_angular_controller-1] [INFO] [1791386026.459993569] [depth_angular_controller]: PAPER_BUILD reason=FULL_MOTION_CERTIFICATE required=0.0000 best=0.0000 free=0 refined=0 tubes=256 revoked_tubes=0 proofs=128
[depth_angular_controller-1] [INFO] [1791386026.460011713] [depth_angular_controller]: PAPER_EVIDENCE retained=16 balls=32 revoked_balls=0 expired_views=0 evicted_views=241 radius=0.580 clearance=0.000 best_prefix=8.072
[position_cmd_to_twist-2] [INFO] [1791386026.776343830] [position_cmd_to_twist]: [PERF BRIDGE] run=p5_goal_polish_explore_20261007_after_ego1p5_3 elapsed=125.92s received=3778 published=3466 fps(ros/wall)=32.93/30.87 controller_to_bridge_ms(mean/p50/p95/max)=18.361/0.000/150.000/350.000 bridge_process_ms(mean/p95/max)=0.091/0.118/1.629
[NAV] t=115.0s position=(32.73,-4.76,1.08) yaw=27.0deg command=(0.00,0.00,0.00) manual_active=1 collision_blocks=0
[depth_angular_controller-1] [INFO] [1791386027.365878961] [depth_angular_controller]: GOAL_REFINEMENT checks=3 improvements=0
[depth_angular_controller-1] [INFO] [1791386027.365923565] [depth_angular_controller]: OMNI_DEPTH views=4 azimuth_bins=180 elevation_bins=37 valid=1 certificates=21 short=1 held=0 local_candidates=0 yaw=-42.00
[depth_angular_controller-1] [INFO] [1791386027.365974000] [depth_angular_controller]: PAPER_BUILD reason=FULL_MOTION_CERTIFICATE required=0.0000 best=0.0000 free=0 refined=0 tubes=256 revoked_tubes=0 proofs=128
[depth_angular_controller-1] [INFO] [1791386027.365981774] [depth_angular_controller]: PAPER_EVIDENCE retained=16 balls=32 revoked_balls=0 expired_views=0 evicted_views=241 radius=0.580 clearance=0.000 best_prefix=8.072
[depth_angular_controller-1] [INFO] [1791386028.378669672] [depth_angular_controller]: GOAL_REFINEMENT checks=3 improvements=0
[depth_angular_controller-1] [INFO] [1791386028.378715969] [depth_angular_controller]: OMNI_DEPTH views=4 azimuth_bins=180 elevation_bins=37 valid=1 certificates=21 short=1 held=0 local_candidates=0 yaw=-42.00
[depth_angular_controller-1] [INFO] [1791386028.378770701] [depth_angular_controller]: PAPER_BUILD reason=FULL_MOTION_CERTIFICATE required=0.0000 best=0.0000 free=0 refined=0 tubes=256 revoked_tubes=0 proofs=128
[depth_angular_controller-1] [INFO] [1791386028.378776132] [depth_angular_controller]: PAPER_EVIDENCE retained=16 balls=32 revoked_balls=0 expired_views=0 evicted_views=241 radius=0.580 clearance=0.000 best_prefix=8.072
[depth_angular_controller-1] [INFO] [1791386029.277610272] [depth_angular_controller]: GOAL_REFINEMENT checks=3 improvements=0
[depth_angular_controller-1] [INFO] [1791386029.277664945] [depth_angular_controller]: OMNI_DEPTH views=4 azimuth_bins=180 elevation_bins=37 valid=1 certificates=21 short=1 held=0 local_candidates=0 yaw=-42.00
[depth_angular_controller-1] [INFO] [1791386029.277728574] [depth_angular_controller]: PAPER_BUILD reason=FULL_MOTION_CERTIFICATE required=0.0000 best=0.0000 free=0 refined=0 tubes=256 revoked_tubes=0 proofs=128
[depth_angular_controller-1] [INFO] [1791386029.277735688] [depth_angular_controller]: PAPER_EVIDENCE retained=16 balls=32 revoked_balls=0 expired_views=0 evicted_views=241 radius=0.580 clearance=0.000 best_prefix=8.072
[depth_angular_controller-1] [INFO] [1791386030.280367737] [depth_angular_controller]: GOAL_REFINEMENT checks=3 improvements=0
[depth_angular_controller-1] [INFO] [1791386030.280417661] [depth_angular_controller]: OMNI_DEPTH views=4 azimuth_bins=180 elevation_bins=37 valid=1 certificates=21 short=1 held=0 local_candidates=0 yaw=-42.00
[depth_angular_controller-1] [INFO] [1791386030.280706223] [depth_angular_controller]: PAPER_BUILD reason=FULL_MOTION_CERTIFICATE required=0.0000 best=0.0000 free=0 refined=0 tubes=256 revoked_tubes=0 proofs=128
[depth_angular_controller-1] [INFO] [1791386030.280726531] [depth_angular_controller]: PAPER_EVIDENCE retained=16 balls=32 revoked_balls=0 expired_views=0 evicted_views=241 radius=0.580 clearance=0.000 best_prefix=8.072
[depth_angular_controller-1] [INFO] [1791386030.408182881] [depth_angular_controller]: [PERF CTRL] run=p5_goal_polish_explore_20261007_after_ego1p5_3 elapsed=129.66s callbacks=3808 commands=3807 guidance=3687 command_fps(ros/wall)=32.02/32.83 guidance_wall_fps=32.32 avoid_ms(mean/p50/p95/max)=17.229/3.091/106.244/318.227 cycle_ms(mean/p95/max)=30.461/128.819/330.160 depth_to_cmd_ms(mean/p95/max)=37.167/66.667/100.000 callback_to_publish_ms(mean/p95/max)=21.305/128.690/330.023
[depth_angular_controller-1] [INFO] [1791386030.408498855] [depth_angular_controller]: EVIDENCE_COST ingest(mean/p95/max)=4.128/19.575/24.679 record=0.406/2.637/6.372 ms
[depth_angular_controller-1] [INFO] [1791386030.408506680] [depth_angular_controller]: EVIDENCE_PHASE per_view_mean_ms balls=0.170 tubes=0.293 history=0.536 eviction=0.001
[depth_angular_controller-1] [INFO] [1791386031.185918329] [depth_angular_controller]: GOAL_REFINEMENT checks=3 improvements=0
[depth_angular_controller-1] [INFO] [1791386031.185961230] [depth_angular_controller]: OMNI_DEPTH views=4 azimuth_bins=180 elevation_bins=37 valid=1 certificates=21 short=1 held=0 local_candidates=0 yaw=-42.00
[depth_angular_controller-1] [INFO] [1791386031.186015793] [depth_angular_controller]: PAPER_BUILD reason=FULL_MOTION_CERTIFICATE required=0.0000 best=0.0000 free=0 refined=0 tubes=256 revoked_tubes=0 proofs=128
[depth_angular_controller-1] [INFO] [1791386031.186022145] [depth_angular_controller]: PAPER_EVIDENCE retained=16 balls=32 revoked_balls=0 expired_views=0 evicted_views=241 radius=0.580 clearance=0.000 best_prefix=8.072
[position_cmd_to_twist-2] [INFO] [1791386031.210665427] [position_cmd_to_twist]: [PERF BRIDGE] run=p5_goal_polish_explore_20261007_after_ego1p5_3 elapsed=130.35s received=3813 published=3468 fps(ros/wall)=31.84/29.71 controller_to_bridge_ms(mean/p50/p95/max)=19.521/0.000/150.000/350.000 bridge_process_ms(mean/p95/max)=0.091/0.118/1.629
[NAV] t=120.0s position=(32.73,-4.76,1.08) yaw=27.0deg command=(0.00,0.00,0.00) manual_active=1 collision_blocks=0
[depth_angular_controller-1] [INFO] [1791386032.197617979] [depth_angular_controller]: GOAL_REFINEMENT checks=3 improvements=0
[depth_angular_controller-1] [INFO] [1791386032.197661912] [depth_angular_controller]: OMNI_DEPTH views=4 azimuth_bins=180 elevation_bins=37 valid=1 certificates=21 short=1 held=0 local_candidates=0 yaw=-42.00
[depth_angular_controller-1] [INFO] [1791386032.197714401] [depth_angular_controller]: PAPER_BUILD reason=FULL_MOTION_CERTIFICATE required=0.0000 best=0.0000 free=0 refined=0 tubes=256 revoked_tubes=0 proofs=128
[depth_angular_controller-1] [INFO] [1791386032.197720422] [depth_angular_controller]: PAPER_EVIDENCE retained=16 balls=32 revoked_balls=0 expired_views=0 evicted_views=241 radius=0.580 clearance=0.000 best_prefix=8.072
[depth_angular_controller-1] [INFO] [1791386033.214063639] [depth_angular_controller]: GOAL_REFINEMENT checks=3 improvements=0
[depth_angular_controller-1] [INFO] [1791386033.214105798] [depth_angular_controller]: OMNI_DEPTH views=4 azimuth_bins=180 elevation_bins=37 valid=1 certificates=21 short=1 held=0 local_candidates=0 yaw=-42.00
[depth_angular_controller-1] [INFO] [1791386033.214150532] [depth_angular_controller]: PAPER_BUILD reason=FULL_MOTION_CERTIFICATE required=0.0000 best=0.0000 free=0 refined=0 tubes=256 revoked_tubes=0 proofs=128
[depth_angular_controller-1] [INFO] [1791386033.214156293] [depth_angular_controller]: PAPER_EVIDENCE retained=16 balls=32 revoked_balls=0 expired_views=0 evicted_views=241 radius=0.580 clearance=0.000 best_prefix=8.072
[depth_angular_controller-1] [INFO] [1791386034.109001046] [depth_angular_controller]: GOAL_REFINEMENT checks=3 improvements=0
[depth_angular_controller-1] [INFO] [1791386034.109046291] [depth_angular_controller]: OMNI_DEPTH views=4 azimuth_bins=180 elevation_bins=37 valid=1 certificates=21 short=1 held=0 local_candidates=0 yaw=-42.00
[depth_angular_controller-1] [INFO] [1791386034.109097076] [depth_angular_controller]: PAPER_BUILD reason=FULL_MOTION_CERTIFICATE required=0.0000 best=0.0000 free=0 refined=0 tubes=256 revoked_tubes=0 proofs=128
[depth_angular_controller-1] [INFO] [1791386034.109103118] [depth_angular_controller]: PAPER_EVIDENCE retained=16 balls=32 revoked_balls=0 expired_views=0 evicted_views=241 radius=0.580 clearance=0.000 best_prefix=8.072
[depth_angular_controller-1] [INFO] [1791386035.118071244] [depth_angular_controller]: GOAL_REFINEMENT checks=3 improvements=0
[depth_angular_controller-1] [INFO] [1791386035.118110588] [depth_angular_controller]: OMNI_DEPTH views=4 azimuth_bins=180 elevation_bins=37 valid=1 certificates=21 short=1 held=0 local_candidates=0 yaw=-42.00
[depth_angular_controller-1] [INFO] [1791386035.118159851] [depth_angular_controller]: PAPER_BUILD reason=FULL_MOTION_CERTIFICATE required=0.0000 best=0.0000 free=0 refined=0 tubes=256 revoked_tubes=0 proofs=128
[depth_angular_controller-1] [INFO] [1791386035.118165882] [depth_angular_controller]: PAPER_EVIDENCE retained=16 balls=32 revoked_balls=0 expired_views=0 evicted_views=241 radius=0.580 clearance=0.000 best_prefix=8.072
[depth_angular_controller-1] [INFO] [1791386035.504056040] [depth_angular_controller]: [PERF CTRL] run=p5_goal_polish_explore_20261007_after_ego1p5_3 elapsed=134.75s callbacks=3848 commands=3847 guidance=3727 command_fps(ros/wall)=30.89/31.78 guidance_wall_fps=31.27 avoid_ms(mean/p50/p95/max)=18.179/3.239/106.427/318.227 cycle_ms(mean/p95/max)=31.469/128.975/330.160 depth_to_cmd_ms(mean/p95/max)=37.090/66.667/100.000 callback_to_publish_ms(mean/p95/max)=22.407/128.850/330.023
[depth_angular_controller-1] [INFO] [1791386035.504380891] [depth_angular_controller]: EVIDENCE_COST ingest(mean/p95/max)=4.282/19.671/24.679 record=0.428/2.666/6.372 ms
[depth_angular_controller-1] [INFO] [1791386035.504398253] [depth_angular_controller]: EVIDENCE_PHASE per_view_mean_ms balls=0.176 tubes=0.310 history=0.551 eviction=0.001
[position_cmd_to_twist-2] [INFO] [1791386035.719576671] [position_cmd_to_twist]: [PERF BRIDGE] run=p5_goal_polish_explore_20261007_after_ego1p5_3 elapsed=134.86s received=3848 published=3472 fps(ros/wall)=30.86/28.65 controller_to_bridge_ms(mean/p50/p95/max)=20.625/0.000/150.000/350.000 bridge_process_ms(mean/p95/max)=0.091/0.118/1.629
[NAV] t=125.0s position=(32.73,-4.76,1.08) yaw=27.0deg command=(0.00,0.00,0.00) manual_active=1 collision_blocks=0
[depth_angular_controller-1] [INFO] [1791386036.025306743] [depth_angular_controller]: GOAL_REFINEMENT checks=3 improvements=0
[depth_angular_controller-1] [INFO] [1791386036.025704451] [depth_angular_controller]: OMNI_DEPTH views=4 azimuth_bins=180 elevation_bins=37 valid=1 certificates=21 short=1 held=0 local_candidates=0 yaw=-42.00
[depth_angular_controller-1] [INFO] [1791386036.025891192] [depth_angular_controller]: PAPER_BUILD reason=FULL_MOTION_CERTIFICATE required=0.0000 best=0.0000 free=0 refined=0 tubes=256 revoked_tubes=0 proofs=128
[depth_angular_controller-1] [INFO] [1791386036.025990228] [depth_angular_controller]: PAPER_EVIDENCE retained=16 balls=32 revoked_balls=0 expired_views=0 evicted_views=241 radius=0.580 clearance=0.000 best_prefix=8.072
[depth_angular_controller-1] [INFO] [1791386036.937752073] [depth_angular_controller]: GOAL_REFINEMENT checks=3 improvements=0
[depth_angular_controller-1] [INFO] [1791386036.938177964] [depth_angular_controller]: OMNI_DEPTH views=4 azimuth_bins=180 elevation_bins=37 valid=1 certificates=21 short=1 held=0 local_candidates=0 yaw=-42.00
[depth_angular_controller-1] [INFO] [1791386036.938368592] [depth_angular_controller]: PAPER_BUILD reason=FULL_MOTION_CERTIFICATE required=0.0000 best=0.0000 free=0 refined=0 tubes=256 revoked_tubes=0 proofs=128
[depth_angular_controller-1] [INFO] [1791386036.938485221] [depth_angular_controller]: PAPER_EVIDENCE retained=16 balls=32 revoked_balls=0 expired_views=0 evicted_views=241 radius=0.580 clearance=0.000 best_prefix=8.072
[depth_angular_controller-1] [INFO] [1791386037.836962541] [depth_angular_controller]: GOAL_REFINEMENT checks=3 improvements=0
[depth_angular_controller-1] [INFO] [1791386037.837006804] [depth_angular_controller]: OMNI_DEPTH views=4 azimuth_bins=180 elevation_bins=37 valid=1 certificates=21 short=1 held=0 local_candidates=0 yaw=-42.00
[depth_angular_controller-1] [INFO] [1791386037.837057520] [depth_angular_controller]: PAPER_BUILD reason=FULL_MOTION_CERTIFICATE required=0.0000 best=0.0000 free=0 refined=0 tubes=256 revoked_tubes=0 proofs=128
[depth_angular_controller-1] [INFO] [1791386037.837062980] [depth_angular_controller]: PAPER_EVIDENCE retained=16 balls=32 revoked_balls=0 expired_views=0 evicted_views=241 radius=0.580 clearance=0.000 best_prefix=8.072
[depth_angular_controller-1] [INFO] [1791386038.853579192] [depth_angular_controller]: GOAL_REFINEMENT checks=3 improvements=0
[depth_angular_controller-1] [INFO] [1791386038.853690661] [depth_angular_controller]: OMNI_DEPTH views=4 azimuth_bins=180 elevation_bins=37 valid=1 certificates=21 short=1 held=0 local_candidates=0 yaw=-42.00
[depth_angular_controller-1] [INFO] [1791386038.853741877] [depth_angular_controller]: PAPER_BUILD reason=FULL_MOTION_CERTIFICATE required=0.0000 best=0.0000 free=0 refined=0 tubes=256 revoked_tubes=0 proofs=128
[depth_angular_controller-1] [INFO] [1791386038.853749061] [depth_angular_controller]: PAPER_EVIDENCE retained=16 balls=32 revoked_balls=0 expired_views=0 evicted_views=241 radius=0.580 clearance=0.000 best_prefix=8.072
[depth_angular_controller-1] [INFO] [1791386039.762999016] [depth_angular_controller]: GOAL_REFINEMENT checks=3 improvements=0
[depth_angular_controller-1] [INFO] [1791386039.763046335] [depth_angular_controller]: OMNI_DEPTH views=4 azimuth_bins=180 elevation_bins=37 valid=1 certificates=21 short=1 held=0 local_candidates=0 yaw=-42.00
[depth_angular_controller-1] [INFO] [1791386039.763103021] [depth_angular_controller]: PAPER_BUILD reason=FULL_MOTION_CERTIFICATE required=0.0000 best=0.0000 free=0 refined=0 tubes=256 revoked_tubes=0 proofs=128
[depth_angular_controller-1] [INFO] [1791386039.763109453] [depth_angular_controller]: PAPER_EVIDENCE retained=16 balls=32 revoked_balls=0 expired_views=0 evicted_views=241 radius=0.580 clearance=0.000 best_prefix=8.072
[position_cmd_to_twist-2] [INFO] [1791386040.067813678] [position_cmd_to_twist]: [PERF BRIDGE] run=p5_goal_polish_explore_20261007_after_ego1p5_3 elapsed=139.21s received=3882 published=3473 fps(ros/wall)=29.92/27.65 controller_to_bridge_ms(mean/p50/p95/max)=21.737/0.000/150.000/350.000 bridge_process_ms(mean/p95/max)=0.091/0.118/1.629
[NAV] t=130.0s position=(32.73,-4.76,1.08) yaw=27.0deg command=(0.00,0.00,0.00) manual_active=1 collision_blocks=0
[depth_angular_controller-1] [INFO] [1791386040.539621112] [depth_angular_controller]: [PERF CTRL] run=p5_goal_polish_explore_20261007_after_ego1p5_3 elapsed=139.79s callbacks=3887 commands=3886 guidance=3766 command_fps(ros/wall)=29.81/30.82 guidance_wall_fps=30.32 avoid_ms(mean/p50/p95/max)=19.095/3.342/106.642/318.227 cycle_ms(mean/p95/max)=32.449/129.155/330.160 depth_to_cmd_ms(mean/p95/max)=36.971/66.667/100.000 callback_to_publish_ms(mean/p95/max)=23.475/129.010/330.023
[depth_angular_controller-1] [INFO] [1791386040.539960970] [depth_angular_controller]: EVIDENCE_COST ingest(mean/p95/max)=4.438/19.798/24.679 record=0.447/2.676/6.372 ms
[depth_angular_controller-1] [INFO] [1791386040.539968094] [depth_angular_controller]: EVIDENCE_PHASE per_view_mean_ms balls=0.181 tubes=0.328 history=0.566 eviction=0.001
[depth_angular_controller-1] [INFO] [1791386040.670691584] [depth_angular_controller]: GOAL_REFINEMENT checks=3 improvements=0
[depth_angular_controller-1] [INFO] [1791386040.670755113] [depth_angular_controller]: OMNI_DEPTH views=4 azimuth_bins=180 elevation_bins=37 valid=1 certificates=21 short=1 held=0 local_candidates=0 yaw=-42.00
[depth_angular_controller-1] [INFO] [1791386040.670802743] [depth_angular_controller]: PAPER_BUILD reason=FULL_MOTION_CERTIFICATE required=0.0000 best=0.0000 free=0 refined=0 tubes=256 revoked_tubes=0 proofs=128
[depth_angular_controller-1] [INFO] [1791386040.670809035] [depth_angular_controller]: PAPER_EVIDENCE retained=16 balls=32 revoked_balls=0 expired_views=0 evicted_views=241 radius=0.580 clearance=0.000 best_prefix=8.072
[depth_angular_controller-1] [INFO] [1791386041.583042386] [depth_angular_controller]: GOAL_REFINEMENT checks=3 improvements=0
[depth_angular_controller-1] [INFO] [1791386041.583087140] [depth_angular_controller]: OMNI_DEPTH views=4 azimuth_bins=180 elevation_bins=37 valid=1 certificates=21 short=1 held=0 local_candidates=0 yaw=-42.00
[depth_angular_controller-1] [INFO] [1791386041.583143757] [depth_angular_controller]: PAPER_BUILD reason=FULL_MOTION_CERTIFICATE required=0.0000 best=0.0000 free=0 refined=0 tubes=256 revoked_tubes=0 proofs=128
[depth_angular_controller-1] [INFO] [1791386041.583150700] [depth_angular_controller]: PAPER_EVIDENCE retained=16 balls=32 revoked_balls=0 expired_views=0 evicted_views=241 radius=0.580 clearance=0.000 best_prefix=8.072
[depth_angular_controller-1] [INFO] [1791386042.486859321] [depth_angular_controller]: GOAL_REFINEMENT checks=3 improvements=0
[depth_angular_controller-1] [INFO] [1791386042.486905768] [depth_angular_controller]: OMNI_DEPTH views=4 azimuth_bins=180 elevation_bins=37 valid=1 certificates=21 short=1 held=0 local_candidates=0 yaw=-42.00
[depth_angular_controller-1] [INFO] [1791386042.486963877] [depth_angular_controller]: PAPER_BUILD reason=FULL_MOTION_CERTIFICATE required=0.0000 best=0.0000 free=0 refined=0 tubes=256 revoked_tubes=0 proofs=128
[depth_angular_controller-1] [INFO] [1791386042.486970841] [depth_angular_controller]: PAPER_EVIDENCE retained=16 balls=32 revoked_balls=0 expired_views=0 evicted_views=241 radius=0.580 clearance=0.000 best_prefix=8.072
[depth_angular_controller-1] [INFO] [1791386043.502980039] [depth_angular_controller]: GOAL_REFINEMENT checks=3 improvements=0
[depth_angular_controller-1] [INFO] [1791386043.503027509] [depth_angular_controller]: OMNI_DEPTH views=4 azimuth_bins=180 elevation_bins=37 valid=1 certificates=21 short=1 held=0 local_candidates=0 yaw=-42.00
[depth_angular_controller-1] [INFO] [1791386043.503086640] [depth_angular_controller]: PAPER_BUILD reason=FULL_MOTION_CERTIFICATE required=0.0000 best=0.0000 free=0 refined=0 tubes=256 revoked_tubes=0 proofs=128
[depth_angular_controller-1] [INFO] [1791386043.503094034] [depth_angular_controller]: PAPER_EVIDENCE retained=16 balls=32 revoked_balls=0 expired_views=0 evicted_views=241 radius=0.580 clearance=0.000 best_prefix=8.072
[position_cmd_to_twist-2] [INFO] [1791386044.481444630] [position_cmd_to_twist]: [PERF BRIDGE] run=p5_goal_polish_explore_20261007_after_ego1p5_3 elapsed=143.62s received=3916 published=3475 fps(ros/wall)=29.08/26.74 controller_to_bridge_ms(mean/p50/p95/max)=22.812/0.000/150.000/350.000 bridge_process_ms(mean/p95/max)=0.091/0.118/1.629
[depth_angular_controller-1] [INFO] [1791386044.520880392] [depth_angular_controller]: GOAL_REFINEMENT checks=3 improvements=0
[depth_angular_controller-1] [INFO] [1791386044.520926259] [depth_angular_controller]: OMNI_DEPTH views=4 azimuth_bins=180 elevation_bins=37 valid=1 certificates=21 short=1 held=0 local_candidates=0 yaw=-42.00
[depth_angular_controller-1] [INFO] [1791386044.520990079] [depth_angular_controller]: PAPER_BUILD reason=FULL_MOTION_CERTIFICATE required=0.0000 best=0.0000 free=0 refined=0 tubes=256 revoked_tubes=0 proofs=128
[depth_angular_controller-1] [INFO] [1791386044.520998054] [depth_angular_controller]: PAPER_EVIDENCE retained=16 balls=32 revoked_balls=0 expired_views=0 evicted_views=241 radius=0.580 clearance=0.000 best_prefix=8.072
[NAV] t=135.0s position=(32.73,-4.76,1.08) yaw=27.0deg command=(0.00,0.00,0.00) manual_active=1 collision_blocks=0
[depth_angular_controller-1] [INFO] [1791386045.612575008] [depth_angular_controller]: GOAL_REFINEMENT checks=3 improvements=0
[depth_angular_controller-1] [INFO] [1791386045.612621766] [depth_angular_controller]: OMNI_DEPTH views=4 azimuth_bins=180 elevation_bins=37 valid=1 certificates=21 short=1 held=0 local_candidates=0 yaw=-42.00
[depth_angular_controller-1] [INFO] [1791386045.613743183] [depth_angular_controller]: [PERF CTRL] run=p5_goal_polish_explore_20261007_after_ego1p5_3 elapsed=144.86s callbacks=3927 commands=3926 guidance=3806 command_fps(ros/wall)=28.89/29.93 guidance_wall_fps=29.44 avoid_ms(mean/p50/p95/max)=19.996/3.418/106.765/318.227 cycle_ms(mean/p95/max)=33.411/129.331/330.160 depth_to_cmd_ms(mean/p95/max)=36.898/66.667/100.000 callback_to_publish_ms(mean/p95/max)=24.527/129.217/330.023
[depth_angular_controller-1] [INFO] [1791386045.614033309] [depth_angular_controller]: EVIDENCE_COST ingest(mean/p95/max)=4.590/19.956/24.679 record=0.467/2.691/6.372 ms
[depth_angular_controller-1] [INFO] [1791386045.614039069] [depth_angular_controller]: EVIDENCE_PHASE per_view_mean_ms balls=0.187 tubes=0.345 history=0.581 eviction=0.001
[depth_angular_controller-1] [INFO] [1791386045.614345626] [depth_angular_controller]: PAPER_BUILD reason=FULL_MOTION_CERTIFICATE required=0.0000 best=0.0000 free=0 refined=0 tubes=256 revoked_tubes=0 proofs=128
[depth_angular_controller-1] [INFO] [1791386045.614363649] [depth_angular_controller]: PAPER_EVIDENCE retained=16 balls=32 revoked_balls=0 expired_views=0 evicted_views=241 radius=0.580 clearance=0.000 best_prefix=8.072
[depth_angular_controller-1] [INFO] [1791386046.512999477] [depth_angular_controller]: GOAL_REFINEMENT checks=3 improvements=0
[depth_angular_controller-1] [INFO] [1791386046.513046596] [depth_angular_controller]: OMNI_DEPTH views=4 azimuth_bins=180 elevation_bins=37 valid=1 certificates=21 short=1 held=0 local_candidates=0 yaw=-42.00
[depth_angular_controller-1] [INFO] [1791386046.513096790] [depth_angular_controller]: PAPER_BUILD reason=FULL_MOTION_CERTIFICATE required=0.0000 best=0.0000 free=0 refined=0 tubes=256 revoked_tubes=0 proofs=128
[depth_angular_controller-1] [INFO] [1791386046.513104304] [depth_angular_controller]: PAPER_EVIDENCE retained=16 balls=32 revoked_balls=0 expired_views=0 evicted_views=241 radius=0.580 clearance=0.000 best_prefix=8.072
[depth_angular_controller-1] [INFO] [1791386047.526406816] [depth_angular_controller]: GOAL_REFINEMENT checks=3 improvements=0
[depth_angular_controller-1] [INFO] [1791386047.526451440] [depth_angular_controller]: OMNI_DEPTH views=4 azimuth_bins=180 elevation_bins=37 valid=1 certificates=21 short=1 held=0 local_candidates=0 yaw=-42.00
[depth_angular_controller-1] [INFO] [1791386047.526503388] [depth_angular_controller]: PAPER_BUILD reason=FULL_MOTION_CERTIFICATE required=0.0000 best=0.0000 free=0 refined=0 tubes=256 revoked_tubes=0 proofs=128
[depth_angular_controller-1] [INFO] [1791386047.526509610] [depth_angular_controller]: PAPER_EVIDENCE retained=16 balls=32 revoked_balls=0 expired_views=0 evicted_views=241 radius=0.580 clearance=0.000 best_prefix=8.072
[depth_angular_controller-1] [INFO] [1791386048.544495062] [depth_angular_controller]: GOAL_REFINEMENT checks=3 improvements=0
[depth_angular_controller-1] [INFO] [1791386048.544539075] [depth_angular_controller]: OMNI_DEPTH views=4 azimuth_bins=180 elevation_bins=37 valid=1 certificates=21 short=1 held=0 local_candidates=0 yaw=-42.00
[depth_angular_controller-1] [INFO] [1791386048.544594820] [depth_angular_controller]: PAPER_BUILD reason=FULL_MOTION_CERTIFICATE required=0.0000 best=0.0000 free=0 refined=0 tubes=256 revoked_tubes=0 proofs=128
[depth_angular_controller-1] [INFO] [1791386048.544602394] [depth_angular_controller]: PAPER_EVIDENCE retained=16 balls=32 revoked_balls=0 expired_views=0 evicted_views=241 radius=0.580 clearance=0.000 best_prefix=8.072
[position_cmd_to_twist-2] [INFO] [1791386049.160307366] [position_cmd_to_twist]: [PERF BRIDGE] run=p5_goal_polish_explore_20261007_after_ego1p5_3 elapsed=148.30s received=3953 published=3483 fps(ros/wall)=28.30/25.87 controller_to_bridge_ms(mean/p50/p95/max)=23.860/0.000/150.000/350.000 bridge_process_ms(mean/p95/max)=0.091/0.118/1.629
[NAV] t=140.0s position=(32.73,-4.76,1.08) yaw=27.0deg command=(0.00,0.00,0.00) manual_active=1 collision_blocks=0
[depth_angular_controller-1] [INFO] [1791386049.531135859] [depth_angular_controller]: GOAL_REFINEMENT checks=3 improvements=0
[depth_angular_controller-1] [INFO] [1791386049.531177197] [depth_angular_controller]: OMNI_DEPTH views=4 azimuth_bins=180 elevation_bins=37 valid=1 certificates=21 short=1 held=0 local_candidates=0 yaw=-42.00
[depth_angular_controller-1] [INFO] [1791386049.531222181] [depth_angular_controller]: PAPER_BUILD reason=FULL_MOTION_CERTIFICATE required=0.0000 best=0.0000 free=0 refined=0 tubes=256 revoked_tubes=0 proofs=128
[depth_angular_controller-1] [INFO] [1791386049.531227662] [depth_angular_controller]: PAPER_EVIDENCE retained=16 balls=32 revoked_balls=0 expired_views=0 evicted_views=241 radius=0.580 clearance=0.000 best_prefix=8.072
[depth_angular_controller-1] [INFO] [1791386050.440740370] [depth_angular_controller]: GOAL_REFINEMENT checks=3 improvements=0
[depth_angular_controller-1] [INFO] [1791386050.440781267] [depth_angular_controller]: OMNI_DEPTH views=4 azimuth_bins=180 elevation_bins=37 valid=1 certificates=21 short=1 held=0 local_candidates=0 yaw=-42.00
[depth_angular_controller-1] [INFO] [1791386050.440830870] [depth_angular_controller]: PAPER_BUILD reason=FULL_MOTION_CERTIFICATE required=0.0000 best=0.0000 free=0 refined=0 tubes=256 revoked_tubes=0 proofs=128
[depth_angular_controller-1] [INFO] [1791386050.440837002] [depth_angular_controller]: PAPER_EVIDENCE retained=16 balls=32 revoked_balls=0 expired_views=0 evicted_views=241 radius=0.580 clearance=0.000 best_prefix=8.072
[depth_angular_controller-1] [INFO] [1791386050.701891485] [depth_angular_controller]: [PERF CTRL] run=p5_goal_polish_explore_20261007_after_ego1p5_3 elapsed=149.95s callbacks=3967 commands=3966 guidance=3846 command_fps(ros/wall)=28.03/29.11 guidance_wall_fps=28.62 avoid_ms(mean/p50/p95/max)=20.884/3.543/106.832/318.227 cycle_ms(mean/p95/max)=34.358/129.536/330.160 depth_to_cmd_ms(mean/p95/max)=36.813/66.667/100.000 callback_to_publish_ms(mean/p95/max)=25.561/129.417/330.023
[depth_angular_controller-1] [INFO] [1791386050.702217367] [depth_angular_controller]: EVIDENCE_COST ingest(mean/p95/max)=4.738/20.044/24.679 record=0.487/2.700/6.372 ms
[depth_angular_controller-1] [INFO] [1791386050.702224992] [depth_angular_controller]: EVIDENCE_PHASE per_view_mean_ms balls=0.192 tubes=0.362 history=0.595 eviction=0.001
[depth_angular_controller-1] [INFO] [1791386051.350605742] [depth_angular_controller]: GOAL_REFINEMENT checks=3 improvements=0
[depth_angular_controller-1] [INFO] [1791386051.351037012] [depth_angular_controller]: OMNI_DEPTH views=4 azimuth_bins=180 elevation_bins=37 valid=1 certificates=21 short=1 held=0 local_candidates=0 yaw=-42.00
[depth_angular_controller-1] [INFO] [1791386051.351131790] [depth_angular_controller]: PAPER_BUILD reason=FULL_MOTION_CERTIFICATE required=0.0000 best=0.0000 free=0 refined=0 tubes=256 revoked_tubes=0 proofs=128
[depth_angular_controller-1] [INFO] [1791386051.351140567] [depth_angular_controller]: PAPER_EVIDENCE retained=16 balls=32 revoked_balls=0 expired_views=0 evicted_views=241 radius=0.580 clearance=0.000 best_prefix=8.072
[depth_angular_controller-1] [INFO] [1791386052.255025008] [depth_angular_controller]: GOAL_REFINEMENT checks=3 improvements=0
[depth_angular_controller-1] [INFO] [1791386052.255071646] [depth_angular_controller]: OMNI_DEPTH views=4 azimuth_bins=180 elevation_bins=37 valid=1 certificates=21 short=1 held=0 local_candidates=0 yaw=-42.00
[depth_angular_controller-1] [INFO] [1791386052.255125227] [depth_angular_controller]: PAPER_BUILD reason=FULL_MOTION_CERTIFICATE required=0.0000 best=0.0000 free=0 refined=0 tubes=256 revoked_tubes=0 proofs=128
[depth_angular_controller-1] [INFO] [1791386052.255132310] [depth_angular_controller]: PAPER_EVIDENCE retained=16 balls=32 revoked_balls=0 expired_views=0 evicted_views=241 radius=0.580 clearance=0.000 best_prefix=8.072
[depth_angular_controller-1] [INFO] [1791386053.159555604] [depth_angular_controller]: GOAL_REFINEMENT checks=3 improvements=0
[depth_angular_controller-1] [INFO] [1791386053.159597162] [depth_angular_controller]: OMNI_DEPTH views=4 azimuth_bins=180 elevation_bins=37 valid=1 certificates=21 short=1 held=0 local_candidates=0 yaw=-42.00
[depth_angular_controller-1] [INFO] [1791386053.159650793] [depth_angular_controller]: PAPER_BUILD reason=FULL_MOTION_CERTIFICATE required=0.0000 best=0.0000 free=0 refined=0 tubes=256 revoked_tubes=0 proofs=128
[depth_angular_controller-1] [INFO] [1791386053.159656614] [depth_angular_controller]: PAPER_EVIDENCE retained=16 balls=32 revoked_balls=0 expired_views=0 evicted_views=241 radius=0.580 clearance=0.000 best_prefix=8.072
[position_cmd_to_twist-2] [INFO] [1791386053.520287773] [position_cmd_to_twist]: [PERF BRIDGE] run=p5_goal_polish_explore_20261007_after_ego1p5_3 elapsed=152.66s received=3987 published=3484 fps(ros/wall)=27.56/25.07 controller_to_bridge_ms(mean/p50/p95/max)=24.910/0.000/150.000/350.000 bridge_process_ms(mean/p95/max)=0.091/0.118/1.629
[NAV] t=145.0s position=(32.73,-4.76,1.08) yaw=27.0deg command=(0.00,0.00,0.00) manual_active=1 collision_blocks=0
[depth_angular_controller-1] [INFO] [1791386054.172883604] [depth_angular_controller]: GOAL_REFINEMENT checks=3 improvements=0
[depth_angular_controller-1] [INFO] [1791386054.172932656] [depth_angular_controller]: OMNI_DEPTH views=4 azimuth_bins=180 elevation_bins=37 valid=1 certificates=21 short=1 held=0 local_candidates=0 yaw=-42.00
[depth_angular_controller-1] [INFO] [1791386054.172988852] [depth_angular_controller]: PAPER_BUILD reason=FULL_MOTION_CERTIFICATE required=0.0000 best=0.0000 free=0 refined=0 tubes=256 revoked_tubes=0 proofs=128
[depth_angular_controller-1] [INFO] [1791386054.172995204] [depth_angular_controller]: PAPER_EVIDENCE retained=16 balls=32 revoked_balls=0 expired_views=0 evicted_views=241 radius=0.580 clearance=0.000 best_prefix=8.072
[depth_angular_controller-1] [INFO] [1791386055.188546122] [depth_angular_controller]: GOAL_REFINEMENT checks=3 improvements=0
[depth_angular_controller-1] [INFO] [1791386055.188594553] [depth_angular_controller]: OMNI_DEPTH views=4 azimuth_bins=180 elevation_bins=37 valid=1 certificates=21 short=1 held=0 local_candidates=0 yaw=-42.00
[depth_angular_controller-1] [INFO] [1791386055.188654004] [depth_angular_controller]: PAPER_BUILD reason=FULL_MOTION_CERTIFICATE required=0.0000 best=0.0000 free=0 refined=0 tubes=256 revoked_tubes=0 proofs=128
[depth_angular_controller-1] [INFO] [1791386055.188662981] [depth_angular_controller]: PAPER_EVIDENCE retained=16 balls=32 revoked_balls=0 expired_views=0 evicted_views=241 radius=0.580 clearance=0.000 best_prefix=8.072
[depth_angular_controller-1] [INFO] [1791386055.788504852] [depth_angular_controller]: [PERF CTRL] run=p5_goal_polish_explore_20261007_after_ego1p5_3 elapsed=155.04s callbacks=4007 commands=4006 guidance=3886 command_fps(ros/wall)=27.20/28.34 guidance_wall_fps=27.86 avoid_ms(mean/p50/p95/max)=21.753/3.670/106.929/318.227 cycle_ms(mean/p95/max)=35.284/129.624/330.160 depth_to_cmd_ms(mean/p95/max)=36.752/66.667/100.000 callback_to_publish_ms(mean/p95/max)=26.574/129.494/330.023
[depth_angular_controller-1] [INFO] [1791386055.788838439] [depth_angular_controller]: EVIDENCE_COST ingest(mean/p95/max)=4.883/20.137/24.679 record=0.505/2.705/6.372 ms
[depth_angular_controller-1] [INFO] [1791386055.788846794] [depth_angular_controller]: EVIDENCE_PHASE per_view_mean_ms balls=0.197 tubes=0.379 history=0.609 eviction=0.001
[depth_angular_controller-1] [INFO] [1791386056.169173928] [depth_angular_controller]: GOAL_REFINEMENT checks=3 improvements=0
[depth_angular_controller-1] [INFO] [1791386056.169221598] [depth_angular_controller]: OMNI_DEPTH views=4 azimuth_bins=180 elevation_bins=37 valid=1 certificates=21 short=1 held=0 local_candidates=0 yaw=-42.00
[depth_angular_controller-1] [INFO] [1791386056.169666454] [depth_angular_controller]: PAPER_BUILD reason=FULL_MOTION_CERTIFICATE required=0.0000 best=0.0000 free=0 refined=0 tubes=256 revoked_tubes=0 proofs=128
[depth_angular_controller-1] [INFO] [1791386056.169685610] [depth_angular_controller]: PAPER_EVIDENCE retained=16 balls=32 revoked_balls=0 expired_views=0 evicted_views=241 radius=0.580 clearance=0.000 best_prefix=8.072
[depth_angular_controller-1] [INFO] [1791386057.076719340] [depth_angular_controller]: GOAL_REFINEMENT checks=3 improvements=0
[depth_angular_controller-1] [INFO] [1791386057.076768572] [depth_angular_controller]: OMNI_DEPTH views=4 azimuth_bins=180 elevation_bins=37 valid=1 certificates=21 short=1 held=0 local_candidates=0 yaw=-42.00
[depth_angular_controller-1] [INFO] [1791386057.076828314] [depth_angular_controller]: PAPER_BUILD reason=FULL_MOTION_CERTIFICATE required=0.0000 best=0.0000 free=0 refined=0 tubes=256 revoked_tubes=0 proofs=128
[depth_angular_controller-1] [INFO] [1791386057.076835668] [depth_angular_controller]: PAPER_EVIDENCE retained=16 balls=32 revoked_balls=0 expired_views=0 evicted_views=241 radius=0.580 clearance=0.000 best_prefix=8.072
[depth_angular_controller-1] [INFO] [1791386057.981831899] [depth_angular_controller]: GOAL_REFINEMENT checks=3 improvements=0
[depth_angular_controller-1] [INFO] [1791386057.981876112] [depth_angular_controller]: OMNI_DEPTH views=4 azimuth_bins=180 elevation_bins=37 valid=1 certificates=21 short=1 held=0 local_candidates=0 yaw=-42.00
[depth_angular_controller-1] [INFO] [1791386057.981933951] [depth_angular_controller]: PAPER_BUILD reason=FULL_MOTION_CERTIFICATE required=0.0000 best=0.0000 free=0 refined=0 tubes=256 revoked_tubes=0 proofs=128
[depth_angular_controller-1] [INFO] [1791386057.981939441] [depth_angular_controller]: PAPER_EVIDENCE retained=16 balls=32 revoked_balls=0 expired_views=0 evicted_views=241 radius=0.580 clearance=0.000 best_prefix=8.072
[position_cmd_to_twist-2] [INFO] [1791386058.045797831] [position_cmd_to_twist]: [PERF BRIDGE] run=p5_goal_polish_explore_20261007_after_ego1p5_3 elapsed=157.18s received=4023 published=3488 fps(ros/wall)=26.87/24.30 controller_to_bridge_ms(mean/p50/p95/max)=25.947/0.000/150.000/350.000 bridge_process_ms(mean/p95/max)=0.091/0.118/1.629
[NAV] t=150.0s position=(32.73,-4.76,1.08) yaw=27.0deg command=(0.00,0.00,0.00) manual_active=1 collision_blocks=0
[depth_angular_controller-1] [INFO] [1791386058.892620175] [depth_angular_controller]: GOAL_REFINEMENT checks=3 improvements=0
[depth_angular_controller-1] [INFO] [1791386058.892666753] [depth_angular_controller]: OMNI_DEPTH views=4 azimuth_bins=180 elevation_bins=37 valid=1 certificates=21 short=1 held=0 local_candidates=0 yaw=-42.00
[depth_angular_controller-1] [INFO] [1791386058.892720594] [depth_angular_controller]: PAPER_BUILD reason=FULL_MOTION_CERTIFICATE required=0.0000 best=0.0000 free=0 refined=0 tubes=256 revoked_tubes=0 proofs=128
[depth_angular_controller-1] [INFO] [1791386058.892728078] [depth_angular_controller]: PAPER_EVIDENCE retained=16 balls=32 revoked_balls=0 expired_views=0 evicted_views=241 radius=0.580 clearance=0.000 best_prefix=8.072
[depth_angular_controller-1] [INFO] [1791386059.869526668] [depth_angular_controller]: GOAL_REFINEMENT checks=3 improvements=0
[depth_angular_controller-1] [INFO] [1791386059.869575159] [depth_angular_controller]: OMNI_DEPTH views=4 azimuth_bins=180 elevation_bins=37 valid=1 certificates=21 short=1 held=0 local_candidates=0 yaw=-42.00
[depth_angular_controller-1] [INFO] [1791386059.869630563] [depth_angular_controller]: PAPER_BUILD reason=FULL_MOTION_CERTIFICATE required=0.0000 best=0.0000 free=0 refined=0 tubes=256 revoked_tubes=0 proofs=128
[depth_angular_controller-1] [INFO] [1791386059.869637456] [depth_angular_controller]: PAPER_EVIDENCE retained=16 balls=32 revoked_balls=0 expired_views=0 evicted_views=241 radius=0.580 clearance=0.000 best_prefix=8.072
[depth_angular_controller-1] [INFO] [1791386060.774354242] [depth_angular_controller]: GOAL_REFINEMENT checks=3 improvements=0
[depth_angular_controller-1] [INFO] [1791386060.774397803] [depth_angular_controller]: OMNI_DEPTH views=4 azimuth_bins=180 elevation_bins=37 valid=1 certificates=21 short=1 held=0 local_candidates=0 yaw=-42.00
[depth_angular_controller-1] [INFO] [1791386060.774448639] [depth_angular_controller]: PAPER_BUILD reason=FULL_MOTION_CERTIFICATE required=0.0000 best=0.0000 free=0 refined=0 tubes=256 revoked_tubes=0 proofs=128
[depth_angular_controller-1] [INFO] [1791386060.774454490] [depth_angular_controller]: PAPER_EVIDENCE retained=16 balls=32 revoked_balls=0 expired_views=0 evicted_views=241 radius=0.580 clearance=0.000 best_prefix=8.072
[depth_angular_controller-1] [INFO] [1791386060.901791025] [depth_angular_controller]: [PERF CTRL] run=p5_goal_polish_explore_20261007_after_ego1p5_3 elapsed=160.15s callbacks=4047 commands=4046 guidance=3926 command_fps(ros/wall)=26.44/27.62 guidance_wall_fps=27.15 avoid_ms(mean/p50/p95/max)=22.612/3.823/107.052/318.227 cycle_ms(mean/p95/max)=36.200/129.746/330.160 depth_to_cmd_ms(mean/p95/max)=36.674/66.667/100.000 callback_to_publish_ms(mean/p95/max)=27.574/129.564/330.023
[depth_angular_controller-1] [INFO] [1791386060.902127007] [depth_angular_controller]: EVIDENCE_COST ingest(mean/p95/max)=5.024/20.189/24.679 record=0.524/2.712/6.372 ms
[depth_angular_controller-1] [INFO] [1791386060.902135653] [depth_angular_controller]: EVIDENCE_PHASE per_view_mean_ms balls=0.202 tubes=0.395 history=0.623 eviction=0.001
[depth_angular_controller-1] [INFO] [1791386061.665905966] [depth_angular_controller]: GOAL_REFINEMENT checks=3 improvements=0
[depth_angular_controller-1] [INFO] [1791386061.665948045] [depth_angular_controller]: OMNI_DEPTH views=4 azimuth_bins=180 elevation_bins=37 valid=1 certificates=21 short=1 held=0 local_candidates=0 yaw=-42.00
[depth_angular_controller-1] [INFO] [1791386061.666003630] [depth_angular_controller]: PAPER_BUILD reason=FULL_MOTION_CERTIFICATE required=0.0000 best=0.0000 free=0 refined=0 tubes=256 revoked_tubes=0 proofs=128
[depth_angular_controller-1] [INFO] [1791386061.666010523] [depth_angular_controller]: PAPER_EVIDENCE retained=16 balls=32 revoked_balls=0 expired_views=0 evicted_views=241 radius=0.580 clearance=0.000 best_prefix=8.072
[position_cmd_to_twist-2] [INFO] [1791386062.617798329] [position_cmd_to_twist]: [PERF BRIDGE] run=p5_goal_polish_explore_20261007_after_ego1p5_3 elapsed=161.76s received=4059 published=3494 fps(ros/wall)=26.24/23.59 controller_to_bridge_ms(mean/p50/p95/max)=26.940/0.000/150.000/350.000 bridge_process_ms(mean/p95/max)=0.091/0.118/1.629
[NAV] t=155.0s position=(32.73,-4.76,1.08) yaw=27.0deg command=(0.00,0.00,0.00) manual_active=1 collision_blocks=0
[depth_angular_controller-1] [INFO] [1791386062.785119398] [depth_angular_controller]: GOAL_REFINEMENT checks=3 improvements=0
[depth_angular_controller-1] [INFO] [1791386062.785168991] [depth_angular_controller]: OMNI_DEPTH views=4 azimuth_bins=180 elevation_bins=37 valid=1 certificates=21 short=1 held=0 local_candidates=0 yaw=-42.00
[depth_angular_controller-1] [INFO] [1791386062.785227882] [depth_angular_controller]: PAPER_BUILD reason=FULL_MOTION_CERTIFICATE required=0.0000 best=0.0000 free=0 refined=0 tubes=256 revoked_tubes=0 proofs=128
[depth_angular_controller-1] [INFO] [1791386062.785234915] [depth_angular_controller]: PAPER_EVIDENCE retained=16 balls=32 revoked_balls=0 expired_views=0 evicted_views=241 radius=0.580 clearance=0.000 best_prefix=8.072
[depth_angular_controller-1] [INFO] [1791386063.692453282] [depth_angular_controller]: GOAL_REFINEMENT checks=3 improvements=0
[depth_angular_controller-1] [INFO] [1791386063.692499439] [depth_angular_controller]: OMNI_DEPTH views=4 azimuth_bins=180 elevation_bins=37 valid=1 certificates=21 short=1 held=0 local_candidates=0 yaw=-42.00
[depth_angular_controller-1] [INFO] [1791386063.694042068] [depth_angular_controller]: PAPER_BUILD reason=FULL_MOTION_CERTIFICATE required=0.0000 best=0.0000 free=0 refined=0 tubes=256 revoked_tubes=0 proofs=128
[depth_angular_controller-1] [INFO] [1791386063.694067606] [depth_angular_controller]: PAPER_EVIDENCE retained=16 balls=32 revoked_balls=0 expired_views=0 evicted_views=241 radius=0.580 clearance=0.000 best_prefix=8.072
[depth_angular_controller-1] [INFO] [1791386064.703389337] [depth_angular_controller]: GOAL_REFINEMENT checks=3 improvements=0
[depth_angular_controller-1] [INFO] [1791386064.703430655] [depth_angular_controller]: OMNI_DEPTH views=4 azimuth_bins=180 elevation_bins=37 valid=1 certificates=21 short=1 held=0 local_candidates=0 yaw=-42.00
[depth_angular_controller-1] [INFO] [1791386064.703480208] [depth_angular_controller]: PAPER_BUILD reason=FULL_MOTION_CERTIFICATE required=0.0000 best=0.0000 free=0 refined=0 tubes=256 revoked_tubes=0 proofs=128
[depth_angular_controller-1] [INFO] [1791386064.703487772] [depth_angular_controller]: PAPER_EVIDENCE retained=16 balls=32 revoked_balls=0 expired_views=0 evicted_views=241 radius=0.580 clearance=0.000 best_prefix=8.072
[depth_angular_controller-1] [INFO] [1791386065.709328842] [depth_angular_controller]: GOAL_REFINEMENT checks=3 improvements=0
[depth_angular_controller-1] [INFO] [1791386065.709403041] [depth_angular_controller]: OMNI_DEPTH views=4 azimuth_bins=180 elevation_bins=37 valid=1 certificates=21 short=1 held=0 local_candidates=0 yaw=-42.00
[depth_angular_controller-1] [INFO] [1791386065.709464306] [depth_angular_controller]: PAPER_BUILD reason=FULL_MOTION_CERTIFICATE required=0.0000 best=0.0000 free=0 refined=0 tubes=256 revoked_tubes=0 proofs=128
[depth_angular_controller-1] [INFO] [1791386065.709471700] [depth_angular_controller]: PAPER_EVIDENCE retained=16 balls=32 revoked_balls=0 expired_views=0 evicted_views=241 radius=0.580 clearance=0.000 best_prefix=8.072
[depth_angular_controller-1] [INFO] [1791386065.965888207] [depth_angular_controller]: [PERF CTRL] run=p5_goal_polish_explore_20261007_after_ego1p5_3 elapsed=165.21s callbacks=4087 commands=4086 guidance=3966 command_fps(ros/wall)=25.77/26.97 guidance_wall_fps=26.50 avoid_ms(mean/p50/p95/max)=23.442/4.006/107.121/318.227 cycle_ms(mean/p95/max)=37.085/129.824/330.160 depth_to_cmd_ms(mean/p95/max)=36.636/66.667/100.000 callback_to_publish_ms(mean/p95/max)=28.542/129.679/330.023
[depth_angular_controller-1] [INFO] [1791386065.966190235] [depth_angular_controller]: EVIDENCE_COST ingest(mean/p95/max)=5.162/20.278/24.679 record=0.542/2.716/6.372 ms
[depth_angular_controller-1] [INFO] [1791386065.966196887] [depth_angular_controller]: EVIDENCE_PHASE per_view_mean_ms balls=0.207 tubes=0.411 history=0.637 eviction=0.001
[depth_angular_controller-1] [INFO] [1791386066.722636694] [depth_angular_controller]: GOAL_REFINEMENT checks=3 improvements=0
[depth_angular_controller-1] [INFO] [1791386066.722680787] [depth_angular_controller]: OMNI_DEPTH views=4 azimuth_bins=180 elevation_bins=37 valid=1 certificates=21 short=1 held=0 local_candidates=0 yaw=-42.00
[depth_angular_controller-1] [INFO] [1791386066.722728567] [depth_angular_controller]: PAPER_BUILD reason=FULL_MOTION_CERTIFICATE required=0.0000 best=0.0000 free=0 refined=0 tubes=256 revoked_tubes=0 proofs=128
[depth_angular_controller-1] [INFO] [1791386066.722734247] [depth_angular_controller]: PAPER_EVIDENCE retained=16 balls=32 revoked_balls=0 expired_views=0 evicted_views=241 radius=0.580 clearance=0.000 best_prefix=8.072
[position_cmd_to_twist-2] [INFO] [1791386067.081443154] [position_cmd_to_twist]: [PERF BRIDGE] run=p5_goal_polish_explore_20261007_after_ego1p5_3 elapsed=166.22s received=4094 published=3497 fps(ros/wall)=25.64/22.92 controller_to_bridge_ms(mean/p50/p95/max)=27.931/0.000/150.000/350.000 bridge_process_ms(mean/p95/max)=0.091/0.118/1.629
[NAV] t=160.0s position=(32.73,-4.76,1.08) yaw=27.0deg command=(0.00,0.00,0.00) manual_active=1 collision_blocks=0
[depth_angular_controller-1] [INFO] [1791386067.621054542] [depth_angular_controller]: GOAL_REFINEMENT checks=3 improvements=0
[depth_angular_controller-1] [INFO] [1791386067.621099437] [depth_angular_controller]: OMNI_DEPTH views=4 azimuth_bins=180 elevation_bins=37 valid=1 certificates=21 short=1 held=0 local_candidates=0 yaw=-42.00
[depth_angular_controller-1] [INFO] [1791386067.621156995] [depth_angular_controller]: PAPER_BUILD reason=FULL_MOTION_CERTIFICATE required=0.0000 best=0.0000 free=0 refined=0 tubes=256 revoked_tubes=0 proofs=128
[depth_angular_controller-1] [INFO] [1791386067.621163767] [depth_angular_controller]: PAPER_EVIDENCE retained=16 balls=32 revoked_balls=0 expired_views=0 evicted_views=241 radius=0.580 clearance=0.000 best_prefix=8.072
[depth_angular_controller-1] [INFO] [1791386068.622959284] [depth_angular_controller]: GOAL_REFINEMENT checks=3 improvements=0
[depth_angular_controller-1] [INFO] [1791386068.623006603] [depth_angular_controller]: OMNI_DEPTH views=4 azimuth_bins=180 elevation_bins=37 valid=1 certificates=21 short=1 held=0 local_candidates=0 yaw=-42.00
[depth_angular_controller-1] [INFO] [1791386068.623063861] [depth_angular_controller]: PAPER_BUILD reason=FULL_MOTION_CERTIFICATE required=0.0000 best=0.0000 free=0 refined=0 tubes=256 revoked_tubes=0 proofs=128
[depth_angular_controller-1] [INFO] [1791386068.623070954] [depth_angular_controller]: PAPER_EVIDENCE retained=16 balls=32 revoked_balls=0 expired_views=0 evicted_views=241 radius=0.580 clearance=0.000 best_prefix=8.072
[depth_angular_controller-1] [INFO] [1791386069.641909831] [depth_angular_controller]: GOAL_REFINEMENT checks=3 improvements=0
[depth_angular_controller-1] [INFO] [1791386069.641954956] [depth_angular_controller]: OMNI_DEPTH views=4 azimuth_bins=180 elevation_bins=37 valid=1 certificates=21 short=1 held=0 local_candidates=0 yaw=-42.00
[depth_angular_controller-1] [INFO] [1791386069.642004128] [depth_angular_controller]: PAPER_BUILD reason=FULL_MOTION_CERTIFICATE required=0.0000 best=0.0000 free=0 refined=0 tubes=256 revoked_tubes=0 proofs=128
[depth_angular_controller-1] [INFO] [1791386069.642011302] [depth_angular_controller]: PAPER_EVIDENCE retained=16 balls=32 revoked_balls=0 expired_views=0 evicted_views=241 radius=0.580 clearance=0.000 best_prefix=8.072
[depth_angular_controller-1] [INFO] [1791386070.647077105] [depth_angular_controller]: GOAL_REFINEMENT checks=3 improvements=0
[depth_angular_controller-1] [INFO] [1791386070.647126067] [depth_angular_controller]: OMNI_DEPTH views=4 azimuth_bins=180 elevation_bins=37 valid=1 certificates=21 short=1 held=0 local_candidates=0 yaw=-42.00
[depth_angular_controller-1] [INFO] [1791386070.647174398] [depth_angular_controller]: PAPER_BUILD reason=FULL_MOTION_CERTIFICATE required=0.0000 best=0.0000 free=0 refined=0 tubes=256 revoked_tubes=0 proofs=128
[depth_angular_controller-1] [INFO] [1791386070.647181531] [depth_angular_controller]: PAPER_EVIDENCE retained=16 balls=32 revoked_balls=0 expired_views=0 evicted_views=241 radius=0.580 clearance=0.000 best_prefix=8.072
[depth_angular_controller-1] [INFO] [1791386071.015363921] [depth_angular_controller]: [PERF CTRL] run=p5_goal_polish_explore_20261007_after_ego1p5_3 elapsed=170.26s callbacks=4127 commands=4126 guidance=4006 command_fps(ros/wall)=25.14/26.35 guidance_wall_fps=25.90 avoid_ms(mean/p50/p95/max)=24.254/4.134/107.171/318.227 cycle_ms(mean/p95/max)=37.949/129.855/330.160 depth_to_cmd_ms(mean/p95/max)=36.595/66.667/100.000 callback_to_publish_ms(mean/p95/max)=29.488/129.734/330.023
[depth_angular_controller-1] [INFO] [1791386071.016078143] [depth_angular_controller]: EVIDENCE_COST ingest(mean/p95/max)=5.295/20.369/24.679 record=0.559/2.725/6.372 ms
[depth_angular_controller-1] [INFO] [1791386071.016090426] [depth_angular_controller]: EVIDENCE_PHASE per_view_mean_ms balls=0.212 tubes=0.426 history=0.650 eviction=0.001
[depth_angular_controller-1] [INFO] [1791386071.629435163] [depth_angular_controller]: GOAL_REFINEMENT checks=3 improvements=0
[depth_angular_controller-1] [INFO] [1791386071.629478775] [depth_angular_controller]: OMNI_DEPTH views=4 azimuth_bins=180 elevation_bins=37 valid=1 certificates=21 short=1 held=0 local_candidates=0 yaw=-42.00
[depth_angular_controller-1] [INFO] [1791386071.629538547] [depth_angular_controller]: PAPER_BUILD reason=FULL_MOTION_CERTIFICATE required=0.0000 best=0.0000 free=0 refined=0 tubes=256 revoked_tubes=0 proofs=128
[depth_angular_controller-1] [INFO] [1791386071.629545089] [depth_angular_controller]: PAPER_EVIDENCE retained=16 balls=32 revoked_balls=0 expired_views=0 evicted_views=241 radius=0.580 clearance=0.000 best_prefix=8.072
[position_cmd_to_twist-2] [INFO] [1791386071.713600315] [position_cmd_to_twist]: [PERF BRIDGE] run=p5_goal_polish_explore_20261007_after_ego1p5_3 elapsed=170.85s received=4131 published=3502 fps(ros/wall)=25.08/22.28 controller_to_bridge_ms(mean/p50/p95/max)=28.895/0.000/150.000/350.000 bridge_process_ms(mean/p95/max)=0.091/0.118/1.629
[NAV] t=165.0s position=(32.73,-4.76,1.08) yaw=27.0deg command=(0.00,0.00,0.00) manual_active=1 collision_blocks=0
[depth_angular_controller-1] [INFO] [1791386072.535111512] [depth_angular_controller]: GOAL_REFINEMENT checks=3 improvements=0
[depth_angular_controller-1] [INFO] [1791386072.535151827] [depth_angular_controller]: OMNI_DEPTH views=4 azimuth_bins=180 elevation_bins=37 valid=1 certificates=21 short=1 held=0 local_candidates=0 yaw=-42.00
[depth_angular_controller-1] [INFO] [1791386072.535200659] [depth_angular_controller]: PAPER_BUILD reason=FULL_MOTION_CERTIFICATE required=0.0000 best=0.0000 free=0 refined=0 tubes=256 revoked_tubes=0 proofs=128
[depth_angular_controller-1] [INFO] [1791386072.535206340] [depth_angular_controller]: PAPER_EVIDENCE retained=16 balls=32 revoked_balls=0 expired_views=0 evicted_views=241 radius=0.580 clearance=0.000 best_prefix=8.072
[depth_angular_controller-1] [INFO] [1791386073.442808228] [depth_angular_controller]: GOAL_REFINEMENT checks=3 improvements=0
[depth_angular_controller-1] [INFO] [1791386073.442848774] [depth_angular_controller]: OMNI_DEPTH views=4 azimuth_bins=180 elevation_bins=37 valid=1 certificates=21 short=1 held=0 local_candidates=0 yaw=-42.00
[depth_angular_controller-1] [INFO] [1791386073.442898557] [depth_angular_controller]: PAPER_BUILD reason=FULL_MOTION_CERTIFICATE required=0.0000 best=0.0000 free=0 refined=0 tubes=256 revoked_tubes=0 proofs=128
[depth_angular_controller-1] [INFO] [1791386073.442905691] [depth_angular_controller]: PAPER_EVIDENCE retained=16 balls=32 revoked_balls=0 expired_views=0 evicted_views=241 radius=0.580 clearance=0.000 best_prefix=8.072
[depth_angular_controller-1] [INFO] [1791386074.347654396] [depth_angular_controller]: GOAL_REFINEMENT checks=3 improvements=0
[depth_angular_controller-1] [INFO] [1791386074.347704721] [depth_angular_controller]: OMNI_DEPTH views=4 azimuth_bins=180 elevation_bins=37 valid=1 certificates=21 short=1 held=0 local_candidates=0 yaw=-42.00
[depth_angular_controller-1] [INFO] [1791386074.347761367] [depth_angular_controller]: PAPER_BUILD reason=FULL_MOTION_CERTIFICATE required=0.0000 best=0.0000 free=0 refined=0 tubes=256 revoked_tubes=0 proofs=128
[depth_angular_controller-1] [INFO] [1791386074.347768671] [depth_angular_controller]: PAPER_EVIDENCE retained=16 balls=32 revoked_balls=0 expired_views=0 evicted_views=241 radius=0.580 clearance=0.000 best_prefix=8.072
[depth_angular_controller-1] [INFO] [1791386075.471148954] [depth_angular_controller]: GOAL_REFINEMENT checks=3 improvements=0
[depth_angular_controller-1] [INFO] [1791386075.471197285] [depth_angular_controller]: OMNI_DEPTH views=4 azimuth_bins=180 elevation_bins=37 valid=1 certificates=21 short=1 held=0 local_candidates=0 yaw=-42.00
[depth_angular_controller-1] [INFO] [1791386075.471254492] [depth_angular_controller]: PAPER_BUILD reason=FULL_MOTION_CERTIFICATE required=0.0000 best=0.0000 free=0 refined=0 tubes=256 revoked_tubes=0 proofs=128
[depth_angular_controller-1] [INFO] [1791386075.471262648] [depth_angular_controller]: PAPER_EVIDENCE retained=16 balls=32 revoked_balls=0 expired_views=0 evicted_views=241 radius=0.580 clearance=0.000 best_prefix=8.072
[depth_angular_controller-1] [INFO] [1791386076.120429986] [depth_angular_controller]: [PERF CTRL] run=p5_goal_polish_explore_20261007_after_ego1p5_3 elapsed=175.37s callbacks=4167 commands=4166 guidance=4046 command_fps(ros/wall)=24.55/25.77 guidance_wall_fps=25.32 avoid_ms(mean/p50/p95/max)=25.057/4.249/107.253/318.227 cycle_ms(mean/p95/max)=38.811/129.958/330.160 depth_to_cmd_ms(mean/p95/max)=36.460/66.667/100.000 callback_to_publish_ms(mean/p95/max)=30.429/129.829/330.023
[depth_angular_controller-1] [INFO] [1791386076.120773311] [depth_angular_controller]: EVIDENCE_COST ingest(mean/p95/max)=5.431/20.516/24.679 record=0.578/2.735/6.372 ms
[depth_angular_controller-1] [INFO] [1791386076.120781396] [depth_angular_controller]: EVIDENCE_PHASE per_view_mean_ms balls=0.216 tubes=0.442 history=0.663 eviction=0.001
[position_cmd_to_twist-2] [INFO] [1791386076.193431689] [position_cmd_to_twist]: [PERF BRIDGE] run=p5_goal_polish_explore_20261007_after_ego1p5_3 elapsed=175.33s received=4166 published=3504 fps(ros/wall)=24.55/21.67 controller_to_bridge_ms(mean/p50/p95/max)=29.857/0.000/150.000/350.000 bridge_process_ms(mean/p95/max)=0.091/0.119/1.629
[NAV] t=170.0s position=(32.73,-4.76,1.08) yaw=27.0deg command=(0.00,0.00,0.00) manual_active=1 collision_blocks=0
[depth_angular_controller-1] [INFO] [1791386076.378608604] [depth_angular_controller]: GOAL_REFINEMENT checks=3 improvements=0
[depth_angular_controller-1] [INFO] [1791386076.378648169] [depth_angular_controller]: OMNI_DEPTH views=4 azimuth_bins=180 elevation_bins=37 valid=1 certificates=21 short=1 held=0 local_candidates=0 yaw=-42.00
[depth_angular_controller-1] [INFO] [1791386076.378695127] [depth_angular_controller]: PAPER_BUILD reason=FULL_MOTION_CERTIFICATE required=0.0000 best=0.0000 free=0 refined=0 tubes=256 revoked_tubes=0 proofs=128
[depth_angular_controller-1] [INFO] [1791386076.378700237] [depth_angular_controller]: PAPER_EVIDENCE retained=16 balls=32 revoked_balls=0 expired_views=0 evicted_views=241 radius=0.580 clearance=0.000 best_prefix=8.072
[depth_angular_controller-1] [INFO] [1791386077.396758717] [depth_angular_controller]: GOAL_REFINEMENT checks=3 improvements=0
[depth_angular_controller-1] [INFO] [1791386077.396806927] [depth_angular_controller]: OMNI_DEPTH views=4 azimuth_bins=180 elevation_bins=37 valid=1 certificates=21 short=1 held=0 local_candidates=0 yaw=-42.00
[depth_angular_controller-1] [INFO] [1791386077.396866980] [depth_angular_controller]: PAPER_BUILD reason=FULL_MOTION_CERTIFICATE required=0.0000 best=0.0000 free=0 refined=0 tubes=256 revoked_tubes=0 proofs=128
[depth_angular_controller-1] [INFO] [1791386077.396873803] [depth_angular_controller]: PAPER_EVIDENCE retained=16 balls=32 revoked_balls=0 expired_views=0 evicted_views=241 radius=0.580 clearance=0.000 best_prefix=8.072
[depth_angular_controller-1] [INFO] [1791386078.416347172] [depth_angular_controller]: GOAL_REFINEMENT checks=3 improvements=0
[depth_angular_controller-1] [INFO] [1791386078.416395724] [depth_angular_controller]: OMNI_DEPTH views=4 azimuth_bins=180 elevation_bins=37 valid=1 certificates=21 short=1 held=0 local_candidates=0 yaw=-42.00
[depth_angular_controller-1] [INFO] [1791386078.416452911] [depth_angular_controller]: PAPER_BUILD reason=FULL_MOTION_CERTIFICATE required=0.0000 best=0.0000 free=0 refined=0 tubes=256 revoked_tubes=0 proofs=128
[depth_angular_controller-1] [INFO] [1791386078.416460535] [depth_angular_controller]: PAPER_EVIDENCE retained=16 balls=32 revoked_balls=0 expired_views=0 evicted_views=241 radius=0.580 clearance=0.000 best_prefix=8.072
[depth_angular_controller-1] [INFO] [1791386079.321914306] [depth_angular_controller]: GOAL_REFINEMENT checks=3 improvements=0
[depth_angular_controller-1] [INFO] [1791386079.321967887] [depth_angular_controller]: OMNI_DEPTH views=4 azimuth_bins=180 elevation_bins=37 valid=1 certificates=21 short=1 held=0 local_candidates=0 yaw=-42.00
[depth_angular_controller-1] [INFO] [1791386079.322025144] [depth_angular_controller]: PAPER_BUILD reason=FULL_MOTION_CERTIFICATE required=0.0000 best=0.0000 free=0 refined=0 tubes=256 revoked_tubes=0 proofs=128
[depth_angular_controller-1] [INFO] [1791386079.322033109] [depth_angular_controller]: PAPER_EVIDENCE retained=16 balls=32 revoked_balls=0 expired_views=0 evicted_views=241 radius=0.580 clearance=0.000 best_prefix=8.072
[depth_angular_controller-1] [INFO] [1791386080.316958155] [depth_angular_controller]: GOAL_REFINEMENT checks=3 improvements=0
[depth_angular_controller-1] [INFO] [1791386080.317000895] [depth_angular_controller]: OMNI_DEPTH views=4 azimuth_bins=180 elevation_bins=37 valid=1 certificates=21 short=1 held=0 local_candidates=0 yaw=-42.00
[depth_angular_controller-1] [INFO] [1791386080.317053945] [depth_angular_controller]: PAPER_BUILD reason=FULL_MOTION_CERTIFICATE required=0.0000 best=0.0000 free=0 refined=0 tubes=256 revoked_tubes=0 proofs=128
[depth_angular_controller-1] [INFO] [1791386080.317059555] [depth_angular_controller]: PAPER_EVIDENCE retained=16 balls=32 revoked_balls=0 expired_views=0 evicted_views=241 radius=0.580 clearance=0.000 best_prefix=8.072
[position_cmd_to_twist-2] [INFO] [1791386080.770410914] [position_cmd_to_twist]: [PERF BRIDGE] run=p5_goal_polish_explore_20261007_after_ego1p5_3 elapsed=179.91s received=4202 published=3509 fps(ros/wall)=24.05/21.10 controller_to_bridge_ms(mean/p50/p95/max)=30.787/0.000/150.000/350.000 bridge_process_ms(mean/p95/max)=0.091/0.119/1.629
[NAV] t=175.0s position=(32.73,-4.76,1.08) yaw=27.0deg command=(0.00,0.00,0.00) manual_active=1 collision_blocks=0
[depth_angular_controller-1] [INFO] [1791386081.215534040] [depth_angular_controller]: GOAL_REFINEMENT checks=3 improvements=0
[depth_angular_controller-1] [INFO] [1791386081.215576960] [depth_angular_controller]: OMNI_DEPTH views=4 azimuth_bins=180 elevation_bins=37 valid=1 certificates=21 short=1 held=0 local_candidates=0 yaw=-42.00
[depth_angular_controller-1] [INFO] [1791386081.216167470] [depth_angular_controller]: [PERF CTRL] run=p5_goal_polish_explore_20261007_after_ego1p5_3 elapsed=180.46s callbacks=4207 commands=4206 guidance=4086 command_fps(ros/wall)=23.99/25.22 guidance_wall_fps=24.78 avoid_ms(mean/p50/p95/max)=25.840/4.375/107.292/318.227 cycle_ms(mean/p95/max)=39.653/130.050/330.160 depth_to_cmd_ms(mean/p95/max)=36.323/66.667/100.000 callback_to_publish_ms(mean/p95/max)=31.350/129.934/330.023
[depth_angular_controller-1] [INFO] [1791386081.216464198] [depth_angular_controller]: EVIDENCE_COST ingest(mean/p95/max)=5.566/20.607/24.679 record=0.596/2.739/6.372 ms
[depth_angular_controller-1] [INFO] [1791386081.216469868] [depth_angular_controller]: EVIDENCE_PHASE per_view_mean_ms balls=0.221 tubes=0.457 history=0.676 eviction=0.001
[depth_angular_controller-1] [INFO] [1791386081.216474527] [depth_angular_controller]: PAPER_BUILD reason=FULL_MOTION_CERTIFICATE required=0.0000 best=0.0000 free=0 refined=0 tubes=256 revoked_tubes=0 proofs=128
[depth_angular_controller-1] [INFO] [1791386081.216479146] [depth_angular_controller]: PAPER_EVIDENCE retained=16 balls=32 revoked_balls=0 expired_views=0 evicted_views=241 radius=0.580 clearance=0.000 best_prefix=8.072
[depth_angular_controller-1] [INFO] [1791386082.207918530] [depth_angular_controller]: GOAL_REFINEMENT checks=3 improvements=0
[depth_angular_controller-1] [INFO] [1791386082.207965098] [depth_angular_controller]: OMNI_DEPTH views=4 azimuth_bins=180 elevation_bins=37 valid=1 certificates=21 short=1 held=0 local_candidates=0 yaw=-42.00
[depth_angular_controller-1] [INFO] [1791386082.209079672] [depth_angular_controller]: PAPER_BUILD reason=FULL_MOTION_CERTIFICATE required=0.0000 best=0.0000 free=0 refined=0 tubes=256 revoked_tubes=0 proofs=128
[depth_angular_controller-1] [INFO] [1791386082.209097596] [depth_angular_controller]: PAPER_EVIDENCE retained=16 balls=32 revoked_balls=0 expired_views=0 evicted_views=241 radius=0.580 clearance=0.000 best_prefix=8.072
[depth_angular_controller-1] [INFO] [1791386083.219609644] [depth_angular_controller]: GOAL_REFINEMENT checks=3 improvements=0
[depth_angular_controller-1] [INFO] [1791386083.220042478] [depth_angular_controller]: OMNI_DEPTH views=4 azimuth_bins=180 elevation_bins=37 valid=1 certificates=21 short=1 held=0 local_candidates=0 yaw=-42.00
[depth_angular_controller-1] [INFO] [1791386083.220117228] [depth_angular_controller]: PAPER_BUILD reason=FULL_MOTION_CERTIFICATE required=0.0000 best=0.0000 free=0 refined=0 tubes=256 revoked_tubes=0 proofs=128
[depth_angular_controller-1] [INFO] [1791386083.220124181] [depth_angular_controller]: PAPER_EVIDENCE retained=16 balls=32 revoked_balls=0 expired_views=0 evicted_views=241 radius=0.580 clearance=0.000 best_prefix=8.072
[depth_angular_controller-1] [INFO] [1791386084.327002221] [depth_angular_controller]: GOAL_REFINEMENT checks=3 improvements=0
[depth_angular_controller-1] [INFO] [1791386084.327046124] [depth_angular_controller]: OMNI_DEPTH views=4 azimuth_bins=180 elevation_bins=37 valid=1 certificates=21 short=1 held=0 local_candidates=0 yaw=-42.00
[depth_angular_controller-1] [INFO] [1791386084.327102570] [depth_angular_controller]: PAPER_BUILD reason=FULL_MOTION_CERTIFICATE required=0.0000 best=0.0000 free=0 refined=0 tubes=256 revoked_tubes=0 proofs=128
[depth_angular_controller-1] [INFO] [1791386084.327109763] [depth_angular_controller]: PAPER_EVIDENCE retained=16 balls=32 revoked_balls=0 expired_views=0 evicted_views=241 radius=0.580 clearance=0.000 best_prefix=8.072
[depth_angular_controller-1] [INFO] [1791386085.231155117] [depth_angular_controller]: GOAL_REFINEMENT checks=3 improvements=0
[depth_angular_controller-1] [INFO] [1791386085.231206864] [depth_angular_controller]: OMNI_DEPTH views=4 azimuth_bins=180 elevation_bins=37 valid=1 certificates=21 short=1 held=0 local_candidates=0 yaw=-42.00
[depth_angular_controller-1] [INFO] [1791386085.231267639] [depth_angular_controller]: PAPER_BUILD reason=FULL_MOTION_CERTIFICATE required=0.0000 best=0.0000 free=0 refined=0 tubes=256 revoked_tubes=0 proofs=128
[depth_angular_controller-1] [INFO] [1791386085.231274692] [depth_angular_controller]: PAPER_EVIDENCE retained=16 balls=32 revoked_balls=0 expired_views=0 evicted_views=241 radius=0.580 clearance=0.000 best_prefix=8.072
[position_cmd_to_twist-2] [INFO] [1791386085.425374446] [position_cmd_to_twist]: [PERF BRIDGE] run=p5_goal_polish_explore_20261007_after_ego1p5_3 elapsed=184.56s received=4239 published=3516 fps(ros/wall)=23.59/20.57 controller_to_bridge_ms(mean/p50/p95/max)=31.702/0.000/150.000/350.000 bridge_process_ms(mean/p95/max)=0.091/0.118/1.629
[NAV] t=180.0s position=(32.73,-4.76,1.08) yaw=27.0deg command=(0.00,0.00,0.00) manual_active=1 collision_blocks=0
[depth_angular_controller-1] [INFO] [1791386086.245304391] [depth_angular_controller]: GOAL_REFINEMENT checks=3 improvements=0
[depth_angular_controller-1] [INFO] [1791386086.245356378] [depth_angular_controller]: OMNI_DEPTH views=4 azimuth_bins=180 elevation_bins=37 valid=1 certificates=21 short=1 held=0 local_candidates=0 yaw=-42.00
[depth_angular_controller-1] [INFO] [1791386086.246017130] [depth_angular_controller]: [PERF CTRL] run=p5_goal_polish_explore_20261007_after_ego1p5_3 elapsed=185.49s callbacks=4247 commands=4246 guidance=4126 command_fps(ros/wall)=23.50/24.71 guidance_wall_fps=24.28 avoid_ms(mean/p50/p95/max)=26.598/4.519/107.315/318.227 cycle_ms(mean/p95/max)=40.464/130.169/330.160 depth_to_cmd_ms(mean/p95/max)=36.262/66.667/100.000 callback_to_publish_ms(mean/p95/max)=32.238/130.011/330.023
[depth_angular_controller-1] [INFO] [1791386086.246322304] [depth_angular_controller]: EVIDENCE_COST ingest(mean/p95/max)=5.694/20.697/24.679 record=0.613/2.743/6.372 ms
[depth_angular_controller-1] [INFO] [1791386086.246328115] [depth_angular_controller]: EVIDENCE_PHASE per_view_mean_ms balls=0.225 tubes=0.472 history=0.689 eviction=0.001
[depth_angular_controller-1] [INFO] [1791386086.246333264] [depth_angular_controller]: PAPER_BUILD reason=FULL_MOTION_CERTIFICATE required=0.0000 best=0.0000 free=0 refined=0 tubes=256 revoked_tubes=0 proofs=128
[depth_angular_controller-1] [INFO] [1791386086.246338294] [depth_angular_controller]: PAPER_EVIDENCE retained=16 balls=32 revoked_balls=0 expired_views=0 evicted_views=241 radius=0.580 clearance=0.000 best_prefix=8.072
[depth_angular_controller-1] [INFO] [1791386087.266640420] [depth_angular_controller]: GOAL_REFINEMENT checks=3 improvements=0
[depth_angular_controller-1] [INFO] [1791386087.266691506] [depth_angular_controller]: OMNI_DEPTH views=4 azimuth_bins=180 elevation_bins=37 valid=1 certificates=21 short=1 held=0 local_candidates=0 yaw=-42.00
[depth_angular_controller-1] [INFO] [1791386087.266747502] [depth_angular_controller]: PAPER_BUILD reason=FULL_MOTION_CERTIFICATE required=0.0000 best=0.0000 free=0 refined=0 tubes=256 revoked_tubes=0 proofs=128
[depth_angular_controller-1] [INFO] [1791386087.266754084] [depth_angular_controller]: PAPER_EVIDENCE retained=16 balls=32 revoked_balls=0 expired_views=0 evicted_views=241 radius=0.580 clearance=0.000 best_prefix=8.072
[depth_angular_controller-1] [INFO] [1791386088.171886371] [depth_angular_controller]: GOAL_REFINEMENT checks=3 improvements=0
[depth_angular_controller-1] [INFO] [1791386088.171935533] [depth_angular_controller]: OMNI_DEPTH views=4 azimuth_bins=180 elevation_bins=37 valid=1 certificates=21 short=1 held=0 local_candidates=0 yaw=-42.00
[depth_angular_controller-1] [INFO] [1791386088.171995105] [depth_angular_controller]: PAPER_BUILD reason=FULL_MOTION_CERTIFICATE required=0.0000 best=0.0000 free=0 refined=0 tubes=256 revoked_tubes=0 proofs=128
[depth_angular_controller-1] [INFO] [1791386088.172001998] [depth_angular_controller]: PAPER_EVIDENCE retained=16 balls=32 revoked_balls=0 expired_views=0 evicted_views=241 radius=0.580 clearance=0.000 best_prefix=8.072
[depth_angular_controller-1] [INFO] [1791386089.270666582] [depth_angular_controller]: GOAL_REFINEMENT checks=3 improvements=0
[depth_angular_controller-1] [INFO] [1791386089.270717488] [depth_angular_controller]: OMNI_DEPTH views=4 azimuth_bins=180 elevation_bins=37 valid=1 certificates=21 short=1 held=0 local_candidates=0 yaw=-42.00
[depth_angular_controller-1] [INFO] [1791386089.270773122] [depth_angular_controller]: PAPER_BUILD reason=FULL_MOTION_CERTIFICATE required=0.0000 best=0.0000 free=0 refined=0 tubes=256 revoked_tubes=0 proofs=128
[depth_angular_controller-1] [INFO] [1791386089.270780877] [depth_angular_controller]: PAPER_EVIDENCE retained=16 balls=32 revoked_balls=0 expired_views=0 evicted_views=241 radius=0.580 clearance=0.000 best_prefix=8.072
[position_cmd_to_twist-2] [INFO] [1791386089.964450098] [position_cmd_to_twist]: [PERF BRIDGE] run=p5_goal_polish_explore_20261007_after_ego1p5_3 elapsed=189.10s received=4275 published=3520 fps(ros/wall)=23.14/20.06 controller_to_bridge_ms(mean/p50/p95/max)=32.608/0.000/150.000/350.000 bridge_process_ms(mean/p95/max)=0.091/0.118/1.629
[NAV] t=185.0s position=(32.73,-4.76,1.08) yaw=27.0deg command=(0.00,0.00,0.00) manual_active=1 collision_blocks=0
[depth_angular_controller-1] [INFO] [1791386090.169452442] [depth_angular_controller]: GOAL_REFINEMENT checks=3 improvements=0
[depth_angular_controller-1] [INFO] [1791386090.169497837] [depth_angular_controller]: OMNI_DEPTH views=4 azimuth_bins=180 elevation_bins=37 valid=1 certificates=21 short=1 held=0 local_candidates=0 yaw=-42.00
[depth_angular_controller-1] [INFO] [1791386090.169553221] [depth_angular_controller]: PAPER_BUILD reason=FULL_MOTION_CERTIFICATE required=0.0000 best=0.0000 free=0 refined=0 tubes=256 revoked_tubes=0 proofs=128
[depth_angular_controller-1] [INFO] [1791386090.169560154] [depth_angular_controller]: PAPER_EVIDENCE retained=16 balls=32 revoked_balls=0 expired_views=0 evicted_views=241 radius=0.580 clearance=0.000 best_prefix=8.072
[depth_angular_controller-1] [INFO] [1791386091.176354405] [depth_angular_controller]: GOAL_REFINEMENT checks=3 improvements=0
[depth_angular_controller-1] [INFO] [1791386091.176402886] [depth_angular_controller]: OMNI_DEPTH views=4 azimuth_bins=180 elevation_bins=37 valid=1 certificates=21 short=1 held=0 local_candidates=0 yaw=-42.00
[depth_angular_controller-1] [INFO] [1791386091.176460565] [depth_angular_controller]: PAPER_BUILD reason=FULL_MOTION_CERTIFICATE required=0.0000 best=0.0000 free=0 refined=0 tubes=256 revoked_tubes=0 proofs=128
[depth_angular_controller-1] [INFO] [1791386091.176467628] [depth_angular_controller]: PAPER_EVIDENCE retained=16 balls=32 revoked_balls=0 expired_views=0 evicted_views=241 radius=0.580 clearance=0.000 best_prefix=8.072
[depth_angular_controller-1] [INFO] [1791386091.307170890] [depth_angular_controller]: [PERF CTRL] run=p5_goal_polish_explore_20261007_after_ego1p5_3 elapsed=190.56s callbacks=4287 commands=4286 guidance=4166 command_fps(ros/wall)=23.01/24.23 guidance_wall_fps=23.81 avoid_ms(mean/p50/p95/max)=27.350/4.641/107.335/318.227 cycle_ms(mean/p95/max)=41.268/130.251/330.160 depth_to_cmd_ms(mean/p95/max)=36.174/66.667/100.000 callback_to_publish_ms(mean/p95/max)=33.116/130.082/330.023
[depth_angular_controller-1] [INFO] [1791386091.307511180] [depth_angular_controller]: EVIDENCE_COST ingest(mean/p95/max)=5.818/20.774/24.679 record=0.629/2.748/6.372 ms
[depth_angular_controller-1] [INFO] [1791386091.307517271] [depth_angular_controller]: EVIDENCE_PHASE per_view_mean_ms balls=0.230 tubes=0.486 history=0.701 eviction=0.001
[depth_angular_controller-1] [INFO] [1791386092.155540472] [depth_angular_controller]: GOAL_REFINEMENT checks=3 improvements=0
[depth_angular_controller-1] [INFO] [1791386092.155582942] [depth_angular_controller]: OMNI_DEPTH views=4 azimuth_bins=180 elevation_bins=37 valid=1 certificates=21 short=1 held=0 local_candidates=0 yaw=-42.00
[depth_angular_controller-1] [INFO] [1791386092.155631603] [depth_angular_controller]: PAPER_BUILD reason=FULL_MOTION_CERTIFICATE required=0.0000 best=0.0000 free=0 refined=0 tubes=256 revoked_tubes=0 proofs=128
[depth_angular_controller-1] [INFO] [1791386092.155637174] [depth_angular_controller]: PAPER_EVIDENCE retained=16 balls=32 revoked_balls=0 expired_views=0 evicted_views=241 radius=0.580 clearance=0.000 best_prefix=8.072
[depth_angular_controller-1] [INFO] [1791386093.060291983] [depth_angular_controller]: GOAL_REFINEMENT checks=3 improvements=0
[depth_angular_controller-1] [INFO] [1791386093.060341887] [depth_angular_controller]: OMNI_DEPTH views=4 azimuth_bins=180 elevation_bins=37 valid=1 certificates=21 short=1 held=0 local_candidates=0 yaw=-42.00
[depth_angular_controller-1] [INFO] [1791386093.060399906] [depth_angular_controller]: PAPER_BUILD reason=FULL_MOTION_CERTIFICATE required=0.0000 best=0.0000 free=0 refined=0 tubes=256 revoked_tubes=0 proofs=128
[depth_angular_controller-1] [INFO] [1791386093.060406959] [depth_angular_controller]: PAPER_EVIDENCE retained=16 balls=32 revoked_balls=0 expired_views=0 evicted_views=241 radius=0.580 clearance=0.000 best_prefix=8.072
[depth_angular_controller-1] [INFO] [1791386093.975430665] [depth_angular_controller]: GOAL_REFINEMENT checks=3 improvements=0
[depth_angular_controller-1] [INFO] [1791386093.975472433] [depth_angular_controller]: OMNI_DEPTH views=4 azimuth_bins=180 elevation_bins=37 valid=1 certificates=21 short=1 held=0 local_candidates=0 yaw=-42.00
[depth_angular_controller-1] [INFO] [1791386093.975526164] [depth_angular_controller]: PAPER_BUILD reason=FULL_MOTION_CERTIFICATE required=0.0000 best=0.0000 free=0 refined=0 tubes=256 revoked_tubes=0 proofs=128
[depth_angular_controller-1] [INFO] [1791386093.975531745] [depth_angular_controller]: PAPER_EVIDENCE retained=16 balls=32 revoked_balls=0 expired_views=0 evicted_views=241 radius=0.580 clearance=0.000 best_prefix=8.072
[position_cmd_to_twist-2] [INFO] [1791386094.480210404] [position_cmd_to_twist]: [PERF BRIDGE] run=p5_goal_polish_explore_20261007_after_ego1p5_3 elapsed=193.62s received=4310 published=3523 fps(ros/wall)=22.72/19.58 controller_to_bridge_ms(mean/p50/p95/max)=33.484/0.000/150.000/350.000 bridge_process_ms(mean/p95/max)=0.091/0.119/1.629
[NAV] t=190.0s position=(32.73,-4.76,1.08) yaw=27.0deg command=(0.00,0.00,0.00) manual_active=1 collision_blocks=0
[depth_angular_controller-1] [INFO] [1791386094.983015722] [depth_angular_controller]: GOAL_REFINEMENT checks=3 improvements=0
[depth_angular_controller-1] [INFO] [1791386094.983059434] [depth_angular_controller]: OMNI_DEPTH views=4 azimuth_bins=180 elevation_bins=37 valid=1 certificates=21 short=1 held=0 local_candidates=0 yaw=-42.00
[depth_angular_controller-1] [INFO] [1791386094.983112123] [depth_angular_controller]: PAPER_BUILD reason=FULL_MOTION_CERTIFICATE required=0.0000 best=0.0000 free=0 refined=0 tubes=256 revoked_tubes=0 proofs=128
[depth_angular_controller-1] [INFO] [1791386094.983118676] [depth_angular_controller]: PAPER_EVIDENCE retained=16 balls=32 revoked_balls=0 expired_views=0 evicted_views=241 radius=0.580 clearance=0.000 best_prefix=8.072
[depth_angular_controller-1] [INFO] [1791386095.968587810] [depth_angular_controller]: GOAL_REFINEMENT checks=3 improvements=0
[depth_angular_controller-1] [INFO] [1791386095.968637664] [depth_angular_controller]: OMNI_DEPTH views=4 azimuth_bins=180 elevation_bins=37 valid=1 certificates=21 short=1 held=0 local_candidates=0 yaw=-42.00
[depth_angular_controller-1] [INFO] [1791386095.969117095] [depth_angular_controller]: PAPER_BUILD reason=FULL_MOTION_CERTIFICATE required=0.0000 best=0.0000 free=0 refined=0 tubes=256 revoked_tubes=0 proofs=128
[depth_angular_controller-1] [INFO] [1791386095.969133947] [depth_angular_controller]: PAPER_EVIDENCE retained=16 balls=32 revoked_balls=0 expired_views=0 evicted_views=241 radius=0.580 clearance=0.000 best_prefix=8.072
[depth_angular_controller-1] [INFO] [1791386096.327906062] [depth_angular_controller]: [PERF CTRL] run=p5_goal_polish_explore_20261007_after_ego1p5_3 elapsed=195.58s callbacks=4327 commands=4326 guidance=4206 command_fps(ros/wall)=22.57/23.78 guidance_wall_fps=23.36 avoid_ms(mean/p50/p95/max)=28.084/4.739/107.356/318.227 cycle_ms(mean/p95/max)=42.047/130.308/330.160 depth_to_cmd_ms(mean/p95/max)=36.075/66.667/100.000 callback_to_publish_ms(mean/p95/max)=33.970/130.161/330.023
[depth_angular_controller-1] [INFO] [1791386096.328257672] [depth_angular_controller]: EVIDENCE_COST ingest(mean/p95/max)=5.935/20.844/24.679 record=0.645/2.748/6.372 ms
[depth_angular_controller-1] [INFO] [1791386096.328266780] [depth_angular_controller]: EVIDENCE_PHASE per_view_mean_ms balls=0.234 tubes=0.500 history=0.712 eviction=0.001
[depth_angular_controller-1] [INFO] [1791386096.960365100] [depth_angular_controller]: GOAL_REFINEMENT checks=3 improvements=0
[depth_angular_controller-1] [INFO] [1791386096.960411016] [depth_angular_controller]: OMNI_DEPTH views=4 azimuth_bins=180 elevation_bins=37 valid=1 certificates=21 short=1 held=0 local_candidates=0 yaw=-42.00
[depth_angular_controller-1] [INFO] [1791386096.960464637] [depth_angular_controller]: PAPER_BUILD reason=FULL_MOTION_CERTIFICATE required=0.0000 best=0.0000 free=0 refined=0 tubes=256 revoked_tubes=0 proofs=128
[depth_angular_controller-1] [INFO] [1791386096.960471370] [depth_angular_controller]: PAPER_EVIDENCE retained=16 balls=32 revoked_balls=0 expired_views=0 evicted_views=241 radius=0.580 clearance=0.000 best_prefix=8.072
[depth_angular_controller-1] [INFO] [1791386097.971572134] [depth_angular_controller]: GOAL_REFINEMENT checks=3 improvements=0
[depth_angular_controller-1] [INFO] [1791386097.971615836] [depth_angular_controller]: OMNI_DEPTH views=4 azimuth_bins=180 elevation_bins=37 valid=1 certificates=21 short=1 held=0 local_candidates=0 yaw=-42.00
[depth_angular_controller-1] [INFO] [1791386097.971671140] [depth_angular_controller]: PAPER_BUILD reason=FULL_MOTION_CERTIFICATE required=0.0000 best=0.0000 free=0 refined=0 tubes=256 revoked_tubes=0 proofs=128
[depth_angular_controller-1] [INFO] [1791386097.971678484] [depth_angular_controller]: PAPER_EVIDENCE retained=16 balls=32 revoked_balls=0 expired_views=0 evicted_views=241 radius=0.580 clearance=0.000 best_prefix=8.072
[depth_angular_controller-1] [INFO] [1791386098.956485043] [depth_angular_controller]: GOAL_REFINEMENT checks=3 improvements=0
[depth_angular_controller-1] [INFO] [1791386098.956526722] [depth_angular_controller]: OMNI_DEPTH views=4 azimuth_bins=180 elevation_bins=37 valid=1 certificates=21 short=1 held=0 local_candidates=0 yaw=-42.00
[depth_angular_controller-1] [INFO] [1791386098.956576686] [depth_angular_controller]: PAPER_BUILD reason=FULL_MOTION_CERTIFICATE required=0.0000 best=0.0000 free=0 refined=0 tubes=256 revoked_tubes=0 proofs=128
[depth_angular_controller-1] [INFO] [1791386098.956583318] [depth_angular_controller]: PAPER_EVIDENCE retained=16 balls=32 revoked_balls=0 expired_views=0 evicted_views=241 radius=0.580 clearance=0.000 best_prefix=8.072
[position_cmd_to_twist-2] [INFO] [1791386099.228172990] [position_cmd_to_twist]: [PERF BRIDGE] run=p5_goal_polish_explore_20261007_after_ego1p5_3 elapsed=198.37s received=4349 published=3531 fps(ros/wall)=22.33/19.11 controller_to_bridge_ms(mean/p50/p95/max)=34.364/0.000/150.000/350.000 bridge_process_ms(mean/p95/max)=0.091/0.119/1.629
[NAV] t=195.0s position=(32.73,-4.76,1.08) yaw=27.0deg command=(0.00,0.00,0.00) manual_active=1 collision_blocks=0
[depth_angular_controller-1] [INFO] [1791386099.959112354] [depth_angular_controller]: GOAL_REFINEMENT checks=3 improvements=0
[depth_angular_controller-1] [INFO] [1791386099.959161706] [depth_angular_controller]: OMNI_DEPTH views=4 azimuth_bins=180 elevation_bins=37 valid=1 certificates=21 short=1 held=0 local_candidates=0 yaw=-42.00
[depth_angular_controller-1] [INFO] [1791386099.959219755] [depth_angular_controller]: PAPER_BUILD reason=FULL_MOTION_CERTIFICATE required=0.0000 best=0.0000 free=0 refined=0 tubes=256 revoked_tubes=0 proofs=128
[depth_angular_controller-1] [INFO] [1791386099.959226438] [depth_angular_controller]: PAPER_EVIDENCE retained=16 balls=32 revoked_balls=0 expired_views=0 evicted_views=241 radius=0.580 clearance=0.000 best_prefix=8.072
[depth_angular_controller-1] [INFO] [1791386100.867983977] [depth_angular_controller]: GOAL_REFINEMENT checks=3 improvements=0
[depth_angular_controller-1] [INFO] [1791386100.868026938] [depth_angular_controller]: OMNI_DEPTH views=4 azimuth_bins=180 elevation_bins=37 valid=1 certificates=21 short=1 held=0 local_candidates=0 yaw=-42.00
[depth_angular_controller-1] [INFO] [1791386100.868077012] [depth_angular_controller]: PAPER_BUILD reason=FULL_MOTION_CERTIFICATE required=0.0000 best=0.0000 free=0 refined=0 tubes=256 revoked_tubes=0 proofs=128
[depth_angular_controller-1] [INFO] [1791386100.868083454] [depth_angular_controller]: PAPER_EVIDENCE retained=16 balls=32 revoked_balls=0 expired_views=0 evicted_views=241 radius=0.580 clearance=0.000 best_prefix=8.072
[depth_angular_controller-1] [INFO] [1791386101.365447707] [depth_angular_controller]: [PERF CTRL] run=p5_goal_polish_explore_20261007_after_ego1p5_3 elapsed=200.61s callbacks=4367 commands=4366 guidance=4246 command_fps(ros/wall)=22.14/23.36 guidance_wall_fps=22.94 avoid_ms(mean/p50/p95/max)=28.806/4.892/107.389/318.227 cycle_ms(mean/p95/max)=42.816/130.337/330.160 depth_to_cmd_ms(mean/p95/max)=35.983/66.667/100.000 callback_to_publish_ms(mean/p95/max)=34.811/130.187/330.023
[depth_angular_controller-1] [INFO] [1791386101.365788398] [depth_angular_controller]: EVIDENCE_COST ingest(mean/p95/max)=6.052/20.882/24.679 record=0.661/2.750/6.372 ms
[depth_angular_controller-1] [INFO] [1791386101.365801162] [depth_angular_controller]: EVIDENCE_PHASE per_view_mean_ms balls=0.238 tubes=0.513 history=0.723 eviction=0.001
[depth_angular_controller-1] [INFO] [1791386101.870799481] [depth_angular_controller]: GOAL_REFINEMENT checks=3 improvements=0
[depth_angular_controller-1] [INFO] [1791386101.870843093] [depth_angular_controller]: OMNI_DEPTH views=4 azimuth_bins=180 elevation_bins=37 valid=1 certificates=21 short=1 held=0 local_candidates=0 yaw=-42.00
[depth_angular_controller-1] [INFO] [1791386101.870896794] [depth_angular_controller]: PAPER_BUILD reason=FULL_MOTION_CERTIFICATE required=0.0000 best=0.0000 free=0 refined=0 tubes=256 revoked_tubes=0 proofs=128
[depth_angular_controller-1] [INFO] [1791386101.870902715] [depth_angular_controller]: PAPER_EVIDENCE retained=16 balls=32 revoked_balls=0 expired_views=0 evicted_views=241 radius=0.580 clearance=0.000 best_prefix=8.072
[depth_angular_controller-1] [INFO] [1791386102.777083042] [depth_angular_controller]: GOAL_REFINEMENT checks=3 improvements=0
[depth_angular_controller-1] [INFO] [1791386102.777127044] [depth_angular_controller]: OMNI_DEPTH views=4 azimuth_bins=180 elevation_bins=37 valid=1 certificates=21 short=1 held=0 local_candidates=0 yaw=-42.00
[depth_angular_controller-1] [INFO] [1791386102.777183951] [depth_angular_controller]: PAPER_BUILD reason=FULL_MOTION_CERTIFICATE required=0.0000 best=0.0000 free=0 refined=0 tubes=256 revoked_tubes=0 proofs=128
[depth_angular_controller-1] [INFO] [1791386102.777191175] [depth_angular_controller]: PAPER_EVIDENCE retained=16 balls=32 revoked_balls=0 expired_views=0 evicted_views=241 radius=0.580 clearance=0.000 best_prefix=8.072
[position_cmd_to_twist-2] [INFO] [1791386103.766037697] [position_cmd_to_twist]: [PERF BRIDGE] run=p5_goal_polish_explore_20261007_after_ego1p5_3 elapsed=202.91s received=4384 published=3536 fps(ros/wall)=21.96/18.68 controller_to_bridge_ms(mean/p50/p95/max)=35.204/0.000/150.000/350.000 bridge_process_ms(mean/p95/max)=0.091/0.118/1.629
[depth_angular_controller-1] [INFO] [1791386103.793167161] [depth_angular_controller]: GOAL_REFINEMENT checks=3 improvements=0
[depth_angular_controller-1] [INFO] [1791386103.793560140] [depth_angular_controller]: OMNI_DEPTH views=4 azimuth_bins=180 elevation_bins=37 valid=1 certificates=21 short=1 held=0 local_candidates=0 yaw=-42.00
[depth_angular_controller-1] [INFO] [1791386103.793747873] [depth_angular_controller]: PAPER_BUILD reason=FULL_MOTION_CERTIFICATE required=0.0000 best=0.0000 free=0 refined=0 tubes=256 revoked_tubes=0 proofs=128
[depth_angular_controller-1] [INFO] [1791386103.793860795] [depth_angular_controller]: PAPER_EVIDENCE retained=16 balls=32 revoked_balls=0 expired_views=0 evicted_views=241 radius=0.580 clearance=0.000 best_prefix=8.072
[NAV] t=200.0s position=(32.73,-4.76,1.08) yaw=27.0deg command=(0.00,0.00,0.00) manual_active=1 collision_blocks=0
[depth_angular_controller-1] [INFO] [1791386104.777732277] [depth_angular_controller]: GOAL_REFINEMENT checks=3 improvements=0
[depth_angular_controller-1] [INFO] [1791386104.777775438] [depth_angular_controller]: OMNI_DEPTH views=4 azimuth_bins=180 elevation_bins=37 valid=1 certificates=21 short=1 held=0 local_candidates=0 yaw=-42.00
[depth_angular_controller-1] [INFO] [1791386104.909513766] [depth_angular_controller]: PAPER_BUILD reason=FULL_MOTION_CERTIFICATE required=0.0000 best=0.0000 free=0 refined=0 tubes=256 revoked_tubes=0 proofs=128
[depth_angular_controller-1] [INFO] [1791386104.909551747] [depth_angular_controller]: PAPER_EVIDENCE retained=16 balls=32 revoked_balls=0 expired_views=0 evicted_views=241 radius=0.580 clearance=0.000 best_prefix=8.072
[depth_angular_controller-1] [INFO] [1791386105.780381759] [depth_angular_controller]: GOAL_REFINEMENT checks=3 improvements=0
[depth_angular_controller-1] [INFO] [1791386105.780786399] [depth_angular_controller]: OMNI_DEPTH views=4 azimuth_bins=180 elevation_bins=37 valid=1 certificates=21 short=1 held=0 local_candidates=0 yaw=-42.00
[depth_angular_controller-1] [INFO] [1791386105.909193376] [depth_angular_controller]: PAPER_BUILD reason=FULL_MOTION_CERTIFICATE required=0.0000 best=0.0000 free=0 refined=0 tubes=256 revoked_tubes=0 proofs=128
[depth_angular_controller-1] [INFO] [1791386105.909230476] [depth_angular_controller]: PAPER_EVIDENCE retained=16 balls=32 revoked_balls=0 expired_views=0 evicted_views=241 radius=0.580 clearance=0.000 best_prefix=8.072
[depth_angular_controller-1] [INFO] [1791386106.425549481] [depth_angular_controller]: [PERF CTRL] run=p5_goal_polish_explore_20261007_after_ego1p5_3 elapsed=205.67s callbacks=4407 commands=4406 guidance=4286 command_fps(ros/wall)=21.75/22.95 guidance_wall_fps=22.54 avoid_ms(mean/p50/p95/max)=29.513/5.051/107.401/318.227 cycle_ms(mean/p95/max)=43.576/130.392/330.160 depth_to_cmd_ms(mean/p95/max)=35.927/66.667/100.000 callback_to_publish_ms(mean/p95/max)=35.642/130.210/330.023
[depth_angular_controller-1] [INFO] [1791386106.425875594] [depth_angular_controller]: EVIDENCE_COST ingest(mean/p95/max)=6.173/20.968/24.679 record=0.676/2.752/6.372 ms
[depth_angular_controller-1] [INFO] [1791386106.425881905] [depth_angular_controller]: EVIDENCE_PHASE per_view_mean_ms balls=0.243 tubes=0.526 history=0.735 eviction=0.001
[depth_angular_controller-1] [INFO] [1791386106.680708735] [depth_angular_controller]: GOAL_REFINEMENT checks=3 improvements=0
[depth_angular_controller-1] [INFO] [1791386106.680748449] [depth_angular_controller]: OMNI_DEPTH views=4 azimuth_bins=180 elevation_bins=37 valid=1 certificates=21 short=1 held=0 local_candidates=0 yaw=-42.00
[depth_angular_controller-1] [INFO] [1791386106.926994222] [depth_angular_controller]: PAPER_BUILD reason=FULL_MOTION_CERTIFICATE required=0.0000 best=0.0000 free=0 refined=0 tubes=256 revoked_tubes=0 proofs=128
[depth_angular_controller-1] [INFO] [1791386106.927029508] [depth_angular_controller]: PAPER_EVIDENCE retained=16 balls=32 revoked_balls=0 expired_views=0 evicted_views=241 radius=0.580 clearance=0.000 best_prefix=8.072
[depth_angular_controller-1] [INFO] [1791386107.568852865] [depth_angular_controller]: GOAL_REFINEMENT checks=3 improvements=0
[depth_angular_controller-1] [INFO] [1791386107.568900805] [depth_angular_controller]: OMNI_DEPTH views=4 azimuth_bins=180 elevation_bins=37 valid=1 certificates=21 short=1 held=0 local_candidates=0 yaw=-42.00
[depth_angular_controller-1] [INFO] [1791386107.828648843] [depth_angular_controller]: PAPER_BUILD reason=FULL_MOTION_CERTIFICATE required=0.0000 best=0.0000 free=0 refined=0 tubes=256 revoked_tubes=0 proofs=128
[depth_angular_controller-1] [INFO] [1791386107.828695581] [depth_angular_controller]: PAPER_EVIDENCE retained=16 balls=32 revoked_balls=0 expired_views=0 evicted_views=241 radius=0.580 clearance=0.000 best_prefix=8.072
[position_cmd_to_twist-2] [INFO] [1791386108.370527743] [position_cmd_to_twist]: [PERF BRIDGE] run=p5_goal_polish_explore_20261007_after_ego1p5_3 elapsed=207.51s received=4421 published=3542 fps(ros/wall)=21.59/18.26 controller_to_bridge_ms(mean/p50/p95/max)=36.063/0.000/150.000/350.000 bridge_process_ms(mean/p95/max)=0.091/0.118/1.629
[NAV] t=205.0s position=(32.73,-4.76,1.08) yaw=27.0deg command=(0.00,0.00,0.00) manual_active=1 collision_blocks=0
[depth_angular_controller-1] [INFO] [1791386108.480497511] [depth_angular_controller]: GOAL_REFINEMENT checks=3 improvements=0
[depth_angular_controller-1] [INFO] [1791386108.480913192] [depth_angular_controller]: OMNI_DEPTH views=4 azimuth_bins=180 elevation_bins=37 valid=1 certificates=21 short=1 held=0 local_candidates=0 yaw=-42.00
[depth_angular_controller-1] [INFO] [1791386108.736272392] [depth_angular_controller]: PAPER_BUILD reason=FULL_MOTION_CERTIFICATE required=0.0000 best=0.0000 free=0 refined=0 tubes=256 revoked_tubes=0 proofs=128
[depth_angular_controller-1] [INFO] [1791386108.736311114] [depth_angular_controller]: PAPER_EVIDENCE retained=16 balls=32 revoked_balls=0 expired_views=0 evicted_views=241 radius=0.580 clearance=0.000 best_prefix=8.072
[depth_angular_controller-1] [INFO] [1791386109.382864210] [depth_angular_controller]: GOAL_REFINEMENT checks=3 improvements=0
[depth_angular_controller-1] [INFO] [1791386109.382912230] [depth_angular_controller]: OMNI_DEPTH views=4 azimuth_bins=180 elevation_bins=37 valid=1 certificates=21 short=1 held=0 local_candidates=0 yaw=-42.00
[depth_angular_controller-1] [INFO] [1791386109.639081482] [depth_angular_controller]: PAPER_BUILD reason=FULL_MOTION_CERTIFICATE required=0.0000 best=0.0000 free=0 refined=0 tubes=256 revoked_tubes=0 proofs=128
[depth_angular_controller-1] [INFO] [1791386109.639120455] [depth_angular_controller]: PAPER_EVIDENCE retained=16 balls=32 revoked_balls=0 expired_views=0 evicted_views=241 radius=0.580 clearance=0.000 best_prefix=8.072
[depth_angular_controller-1] [INFO] [1791386110.389596875] [depth_angular_controller]: GOAL_REFINEMENT checks=3 improvements=0
[depth_angular_controller-1] [INFO] [1791386110.389681294] [depth_angular_controller]: OMNI_DEPTH views=4 azimuth_bins=180 elevation_bins=37 valid=1 certificates=21 short=1 held=0 local_candidates=0 yaw=-42.00
[depth_angular_controller-1] [INFO] [1791386110.648027597] [depth_angular_controller]: PAPER_BUILD reason=FULL_MOTION_CERTIFICATE required=0.0000 best=0.0000 free=0 refined=0 tubes=256 revoked_tubes=0 proofs=128
[depth_angular_controller-1] [INFO] [1791386110.648062954] [depth_angular_controller]: PAPER_EVIDENCE retained=16 balls=32 revoked_balls=0 expired_views=0 evicted_views=241 radius=0.580 clearance=0.000 best_prefix=8.072
[depth_angular_controller-1] [INFO] [1791386111.294356361] [depth_angular_controller]: GOAL_REFINEMENT checks=3 improvements=0
[depth_angular_controller-1] [INFO] [1791386111.294406135] [depth_angular_controller]: OMNI_DEPTH views=4 azimuth_bins=180 elevation_bins=37 valid=1 certificates=21 short=1 held=0 local_candidates=0 yaw=-42.00
[depth_angular_controller-1] [INFO] [1791386111.555446852] [depth_angular_controller]: [PERF CTRL] run=p5_goal_polish_explore_20261007_after_ego1p5_3 elapsed=210.80s callbacks=4447 commands=4446 guidance=4326 command_fps(ros/wall)=21.33/22.55 guidance_wall_fps=22.16 avoid_ms(mean/p50/p95/max)=30.222/5.267/107.439/318.227 cycle_ms(mean/p95/max)=44.338/130.495/330.160 depth_to_cmd_ms(mean/p95/max)=35.849/66.667/100.000 callback_to_publish_ms(mean/p95/max)=36.474/130.282/330.023
[depth_angular_controller-1] [INFO] [1791386111.556120297] [depth_angular_controller]: EVIDENCE_COST ingest(mean/p95/max)=6.292/20.988/24.679 record=0.692/2.753/6.372 ms
[depth_angular_controller-1] [INFO] [1791386111.556128212] [depth_angular_controller]: EVIDENCE_PHASE per_view_mean_ms balls=0.247 tubes=0.540 history=0.747 eviction=0.001
[depth_angular_controller-1] [INFO] [1791386111.556134023] [depth_angular_controller]: PAPER_BUILD reason=FULL_MOTION_CERTIFICATE required=0.0000 best=0.0000 free=0 refined=0 tubes=256 revoked_tubes=0 proofs=128
[depth_angular_controller-1] [INFO] [1791386111.556140075] [depth_angular_controller]: PAPER_EVIDENCE retained=16 balls=32 revoked_balls=0 expired_views=0 evicted_views=241 radius=0.580 clearance=0.000 best_prefix=8.072
[depth_angular_controller-1] [INFO] [1791386112.300866599] [depth_angular_controller]: GOAL_REFINEMENT checks=3 improvements=0
[depth_angular_controller-1] [INFO] [1791386112.300915781] [depth_angular_controller]: OMNI_DEPTH views=4 azimuth_bins=180 elevation_bins=37 valid=1 certificates=21 short=1 held=0 local_candidates=0 yaw=-42.00
[depth_angular_controller-1] [INFO] [1791386112.560260801] [depth_angular_controller]: PAPER_BUILD reason=FULL_MOTION_CERTIFICATE required=0.0000 best=0.0000 free=0 refined=0 tubes=256 revoked_tubes=0 proofs=128
[depth_angular_controller-1] [INFO] [1791386112.560296358] [depth_angular_controller]: PAPER_EVIDENCE retained=16 balls=32 revoked_balls=0 expired_views=0 evicted_views=241 radius=0.580 clearance=0.000 best_prefix=8.072
[position_cmd_to_twist-2] [INFO] [1791386112.780428495] [position_cmd_to_twist]: [PERF BRIDGE] run=p5_goal_polish_explore_20261007_after_ego1p5_3 elapsed=211.92s received=4455 published=3544 fps(ros/wall)=21.24/17.87 controller_to_bridge_ms(mean/p50/p95/max)=36.891/0.000/150.000/350.000 bridge_process_ms(mean/p95/max)=0.091/0.118/1.629
[NAV] t=210.0s position=(32.73,-4.76,1.08) yaw=27.0deg command=(0.00,0.00,0.00) manual_active=1 collision_blocks=0
[depth_angular_controller-1] [INFO] [1791386113.288063310] [depth_angular_controller]: GOAL_REFINEMENT checks=3 improvements=0
[depth_angular_controller-1] [INFO] [1791386113.288109146] [depth_angular_controller]: OMNI_DEPTH views=4 azimuth_bins=180 elevation_bins=37 valid=1 certificates=21 short=1 held=0 local_candidates=0 yaw=-42.00
[depth_angular_controller-1] [INFO] [1791386113.543874369] [depth_angular_controller]: PAPER_BUILD reason=FULL_MOTION_CERTIFICATE required=0.0000 best=0.0000 free=0 refined=0 tubes=256 revoked_tubes=0 proofs=128
[depth_angular_controller-1] [INFO] [1791386113.543914454] [depth_angular_controller]: PAPER_EVIDENCE retained=16 balls=32 revoked_balls=0 expired_views=0 evicted_views=241 radius=0.580 clearance=0.000 best_prefix=8.072
[depth_angular_controller-1] [INFO] [1791386114.191885835] [depth_angular_controller]: GOAL_REFINEMENT checks=3 improvements=0
[depth_angular_controller-1] [INFO] [1791386114.191930238] [depth_angular_controller]: OMNI_DEPTH views=4 azimuth_bins=180 elevation_bins=37 valid=1 certificates=21 short=1 held=0 local_candidates=0 yaw=-42.00
[depth_angular_controller-1] [INFO] [1791386114.532857097] [depth_angular_controller]: PAPER_BUILD reason=FULL_MOTION_CERTIFICATE required=0.0000 best=0.0000 free=0 refined=0 tubes=256 revoked_tubes=0 proofs=128
[depth_angular_controller-1] [INFO] [1791386114.532894357] [depth_angular_controller]: PAPER_EVIDENCE retained=16 balls=32 revoked_balls=0 expired_views=0 evicted_views=241 radius=0.580 clearance=0.000 best_prefix=8.072
[depth_angular_controller-1] [INFO] [1791386115.168284994] [depth_angular_controller]: GOAL_REFINEMENT checks=3 improvements=0
[depth_angular_controller-1] [INFO] [1791386115.168330590] [depth_angular_controller]: OMNI_DEPTH views=4 azimuth_bins=180 elevation_bins=37 valid=1 certificates=21 short=1 held=0 local_candidates=0 yaw=-42.00
[depth_angular_controller-1] [INFO] [1791386115.426506433] [depth_angular_controller]: PAPER_BUILD reason=FULL_MOTION_CERTIFICATE required=0.0000 best=0.0000 free=0 refined=0 tubes=256 revoked_tubes=0 proofs=128
[depth_angular_controller-1] [INFO] [1791386115.426947512] [depth_angular_controller]: PAPER_EVIDENCE retained=16 balls=32 revoked_balls=0 expired_views=0 evicted_views=241 radius=0.580 clearance=0.000 best_prefix=8.072
[depth_angular_controller-1] [INFO] [1791386116.075528659] [depth_angular_controller]: GOAL_REFINEMENT checks=3 improvements=0
[depth_angular_controller-1] [INFO] [1791386116.075955170] [depth_angular_controller]: OMNI_DEPTH views=4 azimuth_bins=180 elevation_bins=37 valid=1 certificates=21 short=1 held=0 local_candidates=0 yaw=-42.00
[depth_angular_controller-1] [INFO] [1791386116.335319066] [depth_angular_controller]: PAPER_BUILD reason=FULL_MOTION_CERTIFICATE required=0.0000 best=0.0000 free=0 refined=0 tubes=256 revoked_tubes=0 proofs=128
[depth_angular_controller-1] [INFO] [1791386116.335354022] [depth_angular_controller]: PAPER_EVIDENCE retained=16 balls=32 revoked_balls=0 expired_views=0 evicted_views=241 radius=0.580 clearance=0.000 best_prefix=8.072
[depth_angular_controller-1] [INFO] [1791386116.597508773] [depth_angular_controller]: [PERF CTRL] run=p5_goal_polish_explore_20261007_after_ego1p5_3 elapsed=215.85s callbacks=4487 commands=4486 guidance=4366 command_fps(ros/wall)=20.96/22.19 guidance_wall_fps=21.80 avoid_ms(mean/p50/p95/max)=30.908/5.462/107.480/318.227 cycle_ms(mean/p95/max)=45.066/130.535/330.160 depth_to_cmd_ms(mean/p95/max)=35.792/66.667/100.000 callback_to_publish_ms(mean/p95/max)=37.271/130.333/330.023
[depth_angular_controller-1] [INFO] [1791386116.597854342] [depth_angular_controller]: EVIDENCE_COST ingest(mean/p95/max)=6.399/21.034/24.679 record=0.706/2.755/6.372 ms
[depth_angular_controller-1] [INFO] [1791386116.597862668] [depth_angular_controller]: EVIDENCE_PHASE per_view_mean_ms balls=0.251 tubes=0.552 history=0.758 eviction=0.001
[depth_angular_controller-1] [INFO] [1791386116.983163979] [depth_angular_controller]: GOAL_REFINEMENT checks=3 improvements=0
[depth_angular_controller-1] [INFO] [1791386116.983211469] [depth_angular_controller]: OMNI_DEPTH views=4 azimuth_bins=180 elevation_bins=37 valid=1 certificates=21 short=1 held=0 local_candidates=0 yaw=-42.00
[position_cmd_to_twist-2] [INFO] [1791386117.350341591] [position_cmd_to_twist]: [PERF BRIDGE] run=p5_goal_polish_explore_20261007_after_ego1p5_3 elapsed=216.49s received=4491 published=3549 fps(ros/wall)=20.92/17.50 controller_to_bridge_ms(mean/p50/p95/max)=37.701/0.000/150.000/350.000 bridge_process_ms(mean/p95/max)=0.091/0.118/1.629
[depth_angular_controller-1] [INFO] [1791386117.357657560] [depth_angular_controller]: PAPER_BUILD reason=FULL_MOTION_CERTIFICATE required=0.0000 best=0.0000 free=0 refined=0 tubes=256 revoked_tubes=0 proofs=128
[depth_angular_controller-1] [INFO] [1791386117.357697174] [depth_angular_controller]: PAPER_EVIDENCE retained=16 balls=32 revoked_balls=0 expired_views=0 evicted_views=241 radius=0.580 clearance=0.000 best_prefix=8.072
[NAV] t=215.0s position=(32.73,-4.76,1.08) yaw=27.0deg command=(0.00,0.00,0.00) manual_active=1 collision_blocks=0
[depth_angular_controller-1] [INFO] [1791386118.002664389] [depth_angular_controller]: GOAL_REFINEMENT checks=3 improvements=0
[depth_angular_controller-1] [INFO] [1791386118.002714624] [depth_angular_controller]: OMNI_DEPTH views=4 azimuth_bins=180 elevation_bins=37 valid=1 certificates=21 short=1 held=0 local_candidates=0 yaw=-42.00
[depth_angular_controller-1] [INFO] [1791386118.262108706] [depth_angular_controller]: PAPER_BUILD reason=FULL_MOTION_CERTIFICATE required=0.0000 best=0.0000 free=0 refined=0 tubes=256 revoked_tubes=0 proofs=128
[depth_angular_controller-1] [INFO] [1791386118.262142339] [depth_angular_controller]: PAPER_EVIDENCE retained=16 balls=32 revoked_balls=0 expired_views=0 evicted_views=241 radius=0.580 clearance=0.000 best_prefix=8.072
[depth_angular_controller-1] [INFO] [1791386118.903872752] [depth_angular_controller]: GOAL_REFINEMENT checks=3 improvements=0
[depth_angular_controller-1] [INFO] [1791386118.903912166] [depth_angular_controller]: OMNI_DEPTH views=4 azimuth_bins=180 elevation_bins=37 valid=1 certificates=21 short=1 held=0 local_candidates=0 yaw=-42.00
[depth_angular_controller-1] [INFO] [1791386119.254486354] [depth_angular_controller]: PAPER_BUILD reason=FULL_MOTION_CERTIFICATE required=0.0000 best=0.0000 free=0 refined=0 tubes=256 revoked_tubes=0 proofs=128
[depth_angular_controller-1] [INFO] [1791386119.254528133] [depth_angular_controller]: PAPER_EVIDENCE retained=16 balls=32 revoked_balls=0 expired_views=0 evicted_views=241 radius=0.580 clearance=0.000 best_prefix=8.072
[depth_angular_controller-1] [INFO] [1791386119.899158334] [depth_angular_controller]: GOAL_REFINEMENT checks=3 improvements=0
[depth_angular_controller-1] [INFO] [1791386119.899201826] [depth_angular_controller]: OMNI_DEPTH views=4 azimuth_bins=180 elevation_bins=37 valid=1 certificates=21 short=1 held=0 local_candidates=0 yaw=-42.00
[depth_angular_controller-1] [INFO] [1791386120.267717512] [depth_angular_controller]: PAPER_BUILD reason=FULL_MOTION_CERTIFICATE required=0.0000 best=0.0000 free=0 refined=0 tubes=256 revoked_tubes=0 proofs=128
[depth_angular_controller-1] [INFO] [1791386120.267758239] [depth_angular_controller]: PAPER_EVIDENCE retained=16 balls=32 revoked_balls=0 expired_views=0 evicted_views=241 radius=0.580 clearance=0.000 best_prefix=8.072
[depth_angular_controller-1] [INFO] [1791386120.979378626] [depth_angular_controller]: GOAL_REFINEMENT checks=3 improvements=0
[depth_angular_controller-1] [INFO] [1791386120.979423801] [depth_angular_controller]: OMNI_DEPTH views=4 azimuth_bins=180 elevation_bins=37 valid=1 certificates=21 short=1 held=0 local_candidates=0 yaw=-42.00
[depth_angular_controller-1] [INFO] [1791386121.353454171] [depth_angular_controller]: PAPER_BUILD reason=FULL_MOTION_CERTIFICATE required=0.0000 best=0.0000 free=0 refined=0 tubes=256 revoked_tubes=0 proofs=128
[depth_angular_controller-1] [INFO] [1791386121.353859032] [depth_angular_controller]: PAPER_EVIDENCE retained=16 balls=32 revoked_balls=0 expired_views=0 evicted_views=241 radius=0.580 clearance=0.000 best_prefix=8.072
[depth_angular_controller-1] [INFO] [1791386121.612829608] [depth_angular_controller]: [PERF CTRL] run=p5_goal_polish_explore_20261007_after_ego1p5_3 elapsed=220.86s callbacks=4527 commands=4526 guidance=4406 command_fps(ros/wall)=20.63/21.85 guidance_wall_fps=21.46 avoid_ms(mean/p50/p95/max)=31.574/5.687/107.480/318.227 cycle_ms(mean/p95/max)=45.776/130.564/330.160 depth_to_cmd_ms(mean/p95/max)=35.724/66.667/100.000 callback_to_publish_ms(mean/p95/max)=38.048/130.340/330.023
[depth_angular_controller-1] [INFO] [1791386121.613555352] [depth_angular_controller]: EVIDENCE_COST ingest(mean/p95/max)=6.507/21.063/24.679 record=0.721/2.763/6.372 ms
[depth_angular_controller-1] [INFO] [1791386121.613570631] [depth_angular_controller]: EVIDENCE_PHASE per_view_mean_ms balls=0.254 tubes=0.564 history=0.768 eviction=0.001
[position_cmd_to_twist-2] [INFO] [1791386121.932691529] [position_cmd_to_twist]: [PERF BRIDGE] run=p5_goal_polish_explore_20261007_after_ego1p5_3 elapsed=221.07s received=4528 published=3554 fps(ros/wall)=20.61/17.13 controller_to_bridge_ms(mean/p50/p95/max)=38.512/0.000/150.000/350.000 bridge_process_ms(mean/p95/max)=0.091/0.118/1.629
[NAV] t=220.0s position=(32.73,-4.76,1.08) yaw=27.0deg command=(0.00,0.00,0.00) manual_active=1 collision_blocks=0
[depth_angular_controller-1] [INFO] [1791386122.000680742] [depth_angular_controller]: GOAL_REFINEMENT checks=3 improvements=0
[depth_angular_controller-1] [INFO] [1791386122.000731077] [depth_angular_controller]: OMNI_DEPTH views=4 azimuth_bins=180 elevation_bins=37 valid=1 certificates=21 short=1 held=0 local_candidates=0 yaw=-42.00
[depth_angular_controller-1] [INFO] [1791386122.259053205] [depth_angular_controller]: PAPER_BUILD reason=FULL_MOTION_CERTIFICATE required=0.0000 best=0.0000 free=0 refined=0 tubes=256 revoked_tubes=0 proofs=128
[depth_angular_controller-1] [INFO] [1791386122.259092659] [depth_angular_controller]: PAPER_EVIDENCE retained=16 balls=32 revoked_balls=0 expired_views=0 evicted_views=241 radius=0.580 clearance=0.000 best_prefix=8.072
[depth_angular_controller-1] [INFO] [1791386122.902304695] [depth_angular_controller]: GOAL_REFINEMENT checks=3 improvements=0
[depth_angular_controller-1] [INFO] [1791386122.902346724] [depth_angular_controller]: OMNI_DEPTH views=4 azimuth_bins=180 elevation_bins=37 valid=1 certificates=21 short=1 held=0 local_candidates=0 yaw=-42.00
[depth_angular_controller-1] [INFO] [1791386123.162519971] [depth_angular_controller]: PAPER_BUILD reason=FULL_MOTION_CERTIFICATE required=0.0000 best=0.0000 free=0 refined=0 tubes=256 revoked_tubes=0 proofs=128
[depth_angular_controller-1] [INFO] [1791386123.162559335] [depth_angular_controller]: PAPER_EVIDENCE retained=16 balls=32 revoked_balls=0 expired_views=0 evicted_views=241 radius=0.580 clearance=0.000 best_prefix=8.072
[depth_angular_controller-1] [INFO] [1791386123.905046551] [depth_angular_controller]: GOAL_REFINEMENT checks=3 improvements=0
[depth_angular_controller-1] [INFO] [1791386123.905087247] [depth_angular_controller]: OMNI_DEPTH views=4 azimuth_bins=180 elevation_bins=37 valid=1 certificates=21 short=1 held=0 local_candidates=0 yaw=-42.00
[depth_angular_controller-1] [INFO] [1791386124.161062495] [depth_angular_controller]: PAPER_BUILD reason=FULL_MOTION_CERTIFICATE required=0.0000 best=0.0000 free=0 refined=0 tubes=256 revoked_tubes=0 proofs=128
[depth_angular_controller-1] [INFO] [1791386124.161098182] [depth_angular_controller]: PAPER_EVIDENCE retained=16 balls=32 revoked_balls=0 expired_views=0 evicted_views=241 radius=0.580 clearance=0.000 best_prefix=8.072
[depth_angular_controller-1] [INFO] [1791386124.923052943] [depth_angular_controller]: GOAL_REFINEMENT checks=3 improvements=0
[depth_angular_controller-1] [INFO] [1791386124.923100753] [depth_angular_controller]: OMNI_DEPTH views=4 azimuth_bins=180 elevation_bins=37 valid=1 certificates=21 short=1 held=0 local_candidates=0 yaw=-42.00
[depth_angular_controller-1] [INFO] [1791386125.182129759] [depth_angular_controller]: PAPER_BUILD reason=FULL_MOTION_CERTIFICATE required=0.0000 best=0.0000 free=0 refined=0 tubes=256 revoked_tubes=0 proofs=128
[depth_angular_controller-1] [INFO] [1791386125.182164645] [depth_angular_controller]: PAPER_EVIDENCE retained=16 balls=32 revoked_balls=0 expired_views=0 evicted_views=241 radius=0.580 clearance=0.000 best_prefix=8.072
[depth_angular_controller-1] [INFO] [1791386125.937662001] [depth_angular_controller]: GOAL_REFINEMENT checks=3 improvements=0
[depth_angular_controller-1] [INFO] [1791386125.937701765] [depth_angular_controller]: OMNI_DEPTH views=4 azimuth_bins=180 elevation_bins=37 valid=1 certificates=21 short=1 held=0 local_candidates=0 yaw=-42.00
[depth_angular_controller-1] [INFO] [1791386126.177740283] [depth_angular_controller]: PAPER_BUILD reason=FULL_MOTION_CERTIFICATE required=0.0000 best=0.0000 free=0 refined=0 tubes=256 revoked_tubes=0 proofs=128
[depth_angular_controller-1] [INFO] [1791386126.177783554] [depth_angular_controller]: PAPER_EVIDENCE retained=16 balls=32 revoked_balls=0 expired_views=0 evicted_views=241 radius=0.580 clearance=0.000 best_prefix=8.072
[position_cmd_to_twist-2] [INFO] [1791386126.447207857] [position_cmd_to_twist]: [PERF BRIDGE] run=p5_goal_polish_explore_20261007_after_ego1p5_3 elapsed=225.59s received=4564 published=3559 fps(ros/wall)=20.30/16.79 controller_to_bridge_ms(mean/p50/p95/max)=39.319/0.000/150.000/350.000 bridge_process_ms(mean/p95/max)=0.091/0.118/1.629
[NAV] t=225.0s position=(32.73,-4.76,1.08) yaw=27.0deg command=(0.00,0.00,0.00) manual_active=1 collision_blocks=0
[depth_angular_controller-1] [INFO] [1791386126.697260654] [depth_angular_controller]: [PERF CTRL] run=p5_goal_polish_explore_20261007_after_ego1p5_3 elapsed=225.95s callbacks=4567 commands=4566 guidance=4446 command_fps(ros/wall)=20.28/21.51 guidance_wall_fps=21.13 avoid_ms(mean/p50/p95/max)=32.237/5.821/107.525/318.227 cycle_ms(mean/p95/max)=46.489/130.636/330.160 depth_to_cmd_ms(mean/p95/max)=35.688/66.667/100.000 callback_to_publish_ms(mean/p95/max)=38.827/130.438/330.023
[depth_angular_controller-1] [INFO] [1791386126.697623877] [depth_angular_controller]: EVIDENCE_COST ingest(mean/p95/max)=6.618/21.138/24.679 record=0.736/2.766/6.372 ms
[depth_angular_controller-1] [INFO] [1791386126.697634647] [depth_angular_controller]: EVIDENCE_PHASE per_view_mean_ms balls=0.258 tubes=0.577 history=0.779 eviction=0.001
[depth_angular_controller-1] [INFO] [1791386126.955715181] [depth_angular_controller]: GOAL_REFINEMENT checks=3 improvements=0
[depth_angular_controller-1] [INFO] [1791386126.955759504] [depth_angular_controller]: OMNI_DEPTH views=4 azimuth_bins=180 elevation_bins=37 valid=1 certificates=21 short=1 held=0 local_candidates=0 yaw=-42.00
[depth_angular_controller-1] [INFO] [1791386127.084765397] [depth_angular_controller]: PAPER_BUILD reason=FULL_MOTION_CERTIFICATE required=0.0000 best=0.0000 free=0 refined=0 tubes=256 revoked_tubes=0 proofs=128
[depth_angular_controller-1] [INFO] [1791386127.084807746] [depth_angular_controller]: PAPER_EVIDENCE retained=16 balls=32 revoked_balls=0 expired_views=0 evicted_views=241 radius=0.580 clearance=0.000 best_prefix=8.072
[depth_angular_controller-1] [INFO] [1791386127.859086278] [depth_angular_controller]: GOAL_REFINEMENT checks=3 improvements=0
[depth_angular_controller-1] [INFO] [1791386127.859134168] [depth_angular_controller]: OMNI_DEPTH views=4 azimuth_bins=180 elevation_bins=37 valid=1 certificates=21 short=1 held=0 local_candidates=0 yaw=-42.00
[depth_angular_controller-1] [INFO] [1791386127.988690565] [depth_angular_controller]: PAPER_BUILD reason=FULL_MOTION_CERTIFICATE required=0.0000 best=0.0000 free=0 refined=0 tubes=256 revoked_tubes=0 proofs=128
[depth_angular_controller-1] [INFO] [1791386127.989091799] [depth_angular_controller]: PAPER_EVIDENCE retained=16 balls=32 revoked_balls=0 expired_views=0 evicted_views=241 radius=0.580 clearance=0.000 best_prefix=8.072
[depth_angular_controller-1] [INFO] [1791386128.884724042] [depth_angular_controller]: GOAL_REFINEMENT checks=3 improvements=0
[depth_angular_controller-1] [INFO] [1791386128.884765790] [depth_angular_controller]: OMNI_DEPTH views=4 azimuth_bins=180 elevation_bins=37 valid=1 certificates=21 short=1 held=0 local_candidates=0 yaw=-42.00
[depth_angular_controller-1] [INFO] [1791386128.996706211] [depth_angular_controller]: PAPER_BUILD reason=FULL_MOTION_CERTIFICATE required=0.0000 best=0.0000 free=0 refined=0 tubes=256 revoked_tubes=0 proofs=128
[depth_angular_controller-1] [INFO] [1791386128.996745194] [depth_angular_controller]: PAPER_EVIDENCE retained=16 balls=32 revoked_balls=0 expired_views=0 evicted_views=241 radius=0.580 clearance=0.000 best_prefix=8.072
[depth_angular_controller-1] [INFO] [1791386129.905994719] [depth_angular_controller]: GOAL_REFINEMENT checks=3 improvements=0
[depth_angular_controller-1] [INFO] [1791386129.906039443] [depth_angular_controller]: OMNI_DEPTH views=4 azimuth_bins=180 elevation_bins=37 valid=1 certificates=21 short=1 held=0 local_candidates=0 yaw=-42.00
[depth_angular_controller-1] [INFO] [1791386129.906095919] [depth_angular_controller]: PAPER_BUILD reason=FULL_MOTION_CERTIFICATE required=0.0000 best=0.0000 free=0 refined=0 tubes=256 revoked_tubes=0 proofs=128
[depth_angular_controller-1] [INFO] [1791386129.906102762] [depth_angular_controller]: PAPER_EVIDENCE retained=16 balls=32 revoked_balls=0 expired_views=0 evicted_views=241 radius=0.580 clearance=0.000 best_prefix=8.072
[depth_angular_controller-1] [INFO] [1791386130.797341879] [depth_angular_controller]: GOAL_REFINEMENT checks=3 improvements=0
[depth_angular_controller-1] [INFO] [1791386130.797383767] [depth_angular_controller]: OMNI_DEPTH views=4 azimuth_bins=180 elevation_bins=37 valid=1 certificates=21 short=1 held=0 local_candidates=0 yaw=-42.00
[depth_angular_controller-1] [INFO] [1791386130.797439863] [depth_angular_controller]: PAPER_BUILD reason=FULL_MOTION_CERTIFICATE required=0.0000 best=0.0000 free=0 refined=0 tubes=256 revoked_tubes=0 proofs=128
[depth_angular_controller-1] [INFO] [1791386130.797446605] [depth_angular_controller]: PAPER_EVIDENCE retained=16 balls=32 revoked_balls=0 expired_views=0 evicted_views=241 radius=0.580 clearance=0.000 best_prefix=8.072
[position_cmd_to_twist-2] [INFO] [1791386130.906633221] [position_cmd_to_twist]: [PERF BRIDGE] run=p5_goal_polish_explore_20261007_after_ego1p5_3 elapsed=230.05s received=4598 published=3562 fps(ros/wall)=20.01/16.46 controller_to_bridge_ms(mean/p50/p95/max)=40.094/0.000/150.000/350.000 bridge_process_ms(mean/p95/max)=0.091/0.118/1.629
[NAV] t=230.0s position=(32.73,-4.76,1.08) yaw=27.0deg command=(0.00,0.00,0.00) manual_active=1 collision_blocks=0
[depth_angular_controller-1] [INFO] [1791386131.695289763] [depth_angular_controller]: GOAL_REFINEMENT checks=3 improvements=0
[depth_angular_controller-1] [INFO] [1791386131.695344516] [depth_angular_controller]: OMNI_DEPTH views=4 azimuth_bins=180 elevation_bins=37 valid=1 certificates=21 short=1 held=0 local_candidates=0 yaw=-42.00
[depth_angular_controller-1] [INFO] [1791386131.695414658] [depth_angular_controller]: PAPER_BUILD reason=FULL_MOTION_CERTIFICATE required=0.0000 best=0.0000 free=0 refined=0 tubes=256 revoked_tubes=0 proofs=128
[depth_angular_controller-1] [INFO] [1791386131.695421812] [depth_angular_controller]: PAPER_EVIDENCE retained=16 balls=32 revoked_balls=0 expired_views=0 evicted_views=241 radius=0.580 clearance=0.000 best_prefix=8.072
[depth_angular_controller-1] [INFO] [1791386131.824164680] [depth_angular_controller]: [PERF CTRL] run=p5_goal_polish_explore_20261007_after_ego1p5_3 elapsed=231.07s callbacks=4607 commands=4606 guidance=4486 command_fps(ros/wall)=19.95/21.19 guidance_wall_fps=20.81 avoid_ms(mean/p50/p95/max)=32.892/6.020/107.558/318.227 cycle_ms(mean/p95/max)=47.199/130.663/330.160 depth_to_cmd_ms(mean/p95/max)=35.730/66.667/100.000 callback_to_publish_ms(mean/p95/max)=39.602/130.514/330.023
[depth_angular_controller-1] [INFO] [1791386131.824543552] [depth_angular_controller]: EVIDENCE_COST ingest(mean/p95/max)=6.734/21.183/24.679 record=0.749/2.766/6.372 ms
[depth_angular_controller-1] [INFO] [1791386131.824550345] [depth_angular_controller]: EVIDENCE_PHASE per_view_mean_ms balls=0.262 tubes=0.590 history=0.791 eviction=0.001
[depth_angular_controller-1] [INFO] [1791386132.682632579] [depth_angular_controller]: GOAL_REFINEMENT checks=3 improvements=0
[depth_angular_controller-1] [INFO] [1791386132.682682523] [depth_angular_controller]: OMNI_DEPTH views=4 azimuth_bins=180 elevation_bins=37 valid=1 certificates=21 short=1 held=0 local_candidates=0 yaw=-42.00
[depth_angular_controller-1] [INFO] [1791386132.682744430] [depth_angular_controller]: PAPER_BUILD reason=FULL_MOTION_CERTIFICATE required=0.0000 best=0.0000 free=0 refined=0 tubes=256 revoked_tubes=0 proofs=128
[depth_angular_controller-1] [INFO] [1791386132.682751874] [depth_angular_controller]: PAPER_EVIDENCE retained=16 balls=32 revoked_balls=0 expired_views=0 evicted_views=241 radius=0.580 clearance=0.000 best_prefix=8.072
[depth_angular_controller-1] [INFO] [1791386133.691224970] [depth_angular_controller]: GOAL_REFINEMENT checks=3 improvements=0
[depth_angular_controller-1] [INFO] [1791386133.691265265] [depth_angular_controller]: OMNI_DEPTH views=4 azimuth_bins=180 elevation_bins=37 valid=1 certificates=21 short=1 held=0 local_candidates=0 yaw=-42.00
[depth_angular_controller-1] [INFO] [1791386133.691314127] [depth_angular_controller]: PAPER_BUILD reason=FULL_MOTION_CERTIFICATE required=0.0000 best=0.0000 free=0 refined=0 tubes=256 revoked_tubes=0 proofs=128
[depth_angular_controller-1] [INFO] [1791386133.691320559] [depth_angular_controller]: PAPER_EVIDENCE retained=16 balls=32 revoked_balls=0 expired_views=0 evicted_views=241 radius=0.580 clearance=0.000 best_prefix=8.072
[depth_angular_controller-1] [INFO] [1791386134.600499190] [depth_angular_controller]: GOAL_REFINEMENT checks=3 improvements=0
[depth_angular_controller-1] [INFO] [1791386134.600545898] [depth_angular_controller]: OMNI_DEPTH views=4 azimuth_bins=180 elevation_bins=37 valid=1 certificates=21 short=1 held=0 local_candidates=0 yaw=-42.00
[depth_angular_controller-1] [INFO] [1791386134.600593147] [depth_angular_controller]: PAPER_BUILD reason=FULL_MOTION_CERTIFICATE required=0.0000 best=0.0000 free=0 refined=0 tubes=256 revoked_tubes=0 proofs=128
[depth_angular_controller-1] [INFO] [1791386134.600599198] [depth_angular_controller]: PAPER_EVIDENCE retained=16 balls=32 revoked_balls=0 expired_views=0 evicted_views=241 radius=0.580 clearance=0.000 best_prefix=8.072
[position_cmd_to_twist-2] [INFO] [1791386135.395555961] [position_cmd_to_twist]: [PERF BRIDGE] run=p5_goal_polish_explore_20261007_after_ego1p5_3 elapsed=234.53s received=4634 published=3565 fps(ros/wall)=19.74/16.13 controller_to_bridge_ms(mean/p50/p95/max)=40.879/0.000/150.000/350.000 bridge_process_ms(mean/p95/max)=0.091/0.118/1.629
[NAV] t=235.0s position=(32.73,-4.76,1.08) yaw=27.0deg command=(0.00,0.00,0.00) manual_active=1 collision_blocks=0
[depth_angular_controller-1] [INFO] [1791386135.511647763] [depth_angular_controller]: GOAL_REFINEMENT checks=3 improvements=0
[depth_angular_controller-1] [INFO] [1791386135.511717434] [depth_angular_controller]: OMNI_DEPTH views=4 azimuth_bins=180 elevation_bins=37 valid=1 certificates=21 short=1 held=0 local_candidates=0 yaw=-42.00
[depth_angular_controller-1] [INFO] [1791386135.511771957] [depth_angular_controller]: PAPER_BUILD reason=FULL_MOTION_CERTIFICATE required=0.0000 best=0.0000 free=0 refined=0 tubes=256 revoked_tubes=0 proofs=128
[depth_angular_controller-1] [INFO] [1791386135.511778088] [depth_angular_controller]: PAPER_EVIDENCE retained=16 balls=32 revoked_balls=0 expired_views=0 evicted_views=241 radius=0.580 clearance=0.000 best_prefix=8.072
[depth_angular_controller-1] [INFO] [1791386136.414124760] [depth_angular_controller]: GOAL_REFINEMENT checks=3 improvements=0
[depth_angular_controller-1] [INFO] [1791386136.414169063] [depth_angular_controller]: OMNI_DEPTH views=4 azimuth_bins=180 elevation_bins=37 valid=1 certificates=21 short=1 held=0 local_candidates=0 yaw=-42.00
[depth_angular_controller-1] [INFO] [1791386136.414220600] [depth_angular_controller]: PAPER_BUILD reason=FULL_MOTION_CERTIFICATE required=0.0000 best=0.0000 free=0 refined=0 tubes=256 revoked_tubes=0 proofs=128
[depth_angular_controller-1] [INFO] [1791386136.414226802] [depth_angular_controller]: PAPER_EVIDENCE retained=16 balls=32 revoked_balls=0 expired_views=0 evicted_views=241 radius=0.580 clearance=0.000 best_prefix=8.072
[depth_angular_controller-1] [INFO] [1791386136.932354195] [depth_angular_controller]: [PERF CTRL] run=p5_goal_polish_explore_20261007_after_ego1p5_3 elapsed=236.18s callbacks=4647 commands=4646 guidance=4526 command_fps(ros/wall)=19.64/20.88 guidance_wall_fps=20.51 avoid_ms(mean/p50/p95/max)=33.536/6.204/107.573/318.227 cycle_ms(mean/p95/max)=47.892/130.688/330.160 depth_to_cmd_ms(mean/p95/max)=35.841/66.667/100.000 callback_to_publish_ms(mean/p95/max)=40.359/130.568/330.023
[depth_angular_controller-1] [INFO] [1791386136.932741122] [depth_angular_controller]: EVIDENCE_COST ingest(mean/p95/max)=6.842/21.196/24.679 record=0.764/2.768/6.372 ms
[depth_angular_controller-1] [INFO] [1791386136.932749438] [depth_angular_controller]: EVIDENCE_PHASE per_view_mean_ms balls=0.266 tubes=0.603 history=0.801 eviction=0.001
[depth_angular_controller-1] [INFO] [1791386137.325892717] [depth_angular_controller]: GOAL_REFINEMENT checks=3 improvements=0
[depth_angular_controller-1] [INFO] [1791386137.326318176] [depth_angular_controller]: OMNI_DEPTH views=4 azimuth_bins=180 elevation_bins=37 valid=1 certificates=21 short=1 held=0 local_candidates=0 yaw=-42.00
[depth_angular_controller-1] [INFO] [1791386137.327117408] [depth_angular_controller]: PAPER_BUILD reason=FULL_MOTION_CERTIFICATE required=0.0000 best=0.0000 free=0 refined=0 tubes=256 revoked_tubes=0 proofs=128
[depth_angular_controller-1] [INFO] [1791386137.327131535] [depth_angular_controller]: PAPER_EVIDENCE retained=16 balls=32 revoked_balls=0 expired_views=0 evicted_views=241 radius=0.580 clearance=0.000 best_prefix=8.072
[depth_angular_controller-1] [INFO] [1791386138.351418591] [depth_angular_controller]: GOAL_REFINEMENT checks=3 improvements=0
[depth_angular_controller-1] [INFO] [1791386138.351458045] [depth_angular_controller]: OMNI_DEPTH views=4 azimuth_bins=180 elevation_bins=37 valid=1 certificates=21 short=1 held=0 local_candidates=0 yaw=-42.00
[depth_angular_controller-1] [INFO] [1791386138.351505213] [depth_angular_controller]: PAPER_BUILD reason=FULL_MOTION_CERTIFICATE required=0.0000 best=0.0000 free=0 refined=0 tubes=256 revoked_tubes=0 proofs=128
[depth_angular_controller-1] [INFO] [1791386138.351511145] [depth_angular_controller]: PAPER_EVIDENCE retained=16 balls=32 revoked_balls=0 expired_views=0 evicted_views=241 radius=0.580 clearance=0.000 best_prefix=8.072
[depth_angular_controller-1] [INFO] [1791386139.364191778] [depth_angular_controller]: GOAL_REFINEMENT checks=3 improvements=0
[depth_angular_controller-1] [INFO] [1791386139.364234118] [depth_angular_controller]: OMNI_DEPTH views=4 azimuth_bins=180 elevation_bins=37 valid=1 certificates=21 short=1 held=0 local_candidates=0 yaw=-42.00
[depth_angular_controller-1] [INFO] [1791386139.364281647] [depth_angular_controller]: PAPER_BUILD reason=FULL_MOTION_CERTIFICATE required=0.0000 best=0.0000 free=0 refined=0 tubes=256 revoked_tubes=0 proofs=128
[depth_angular_controller-1] [INFO] [1791386139.364287949] [depth_angular_controller]: PAPER_EVIDENCE retained=16 balls=32 revoked_balls=0 expired_views=0 evicted_views=241 radius=0.580 clearance=0.000 best_prefix=8.072
[position_cmd_to_twist-2] [INFO] [1791386139.808215998] [position_cmd_to_twist]: [PERF BRIDGE] run=p5_goal_polish_explore_20261007_after_ego1p5_3 elapsed=238.95s received=4668 published=3567 fps(ros/wall)=19.47/15.83 controller_to_bridge_ms(mean/p50/p95/max)=41.638/0.000/150.000/350.000 bridge_process_ms(mean/p95/max)=0.091/0.118/1.629
[NAV] t=240.0s position=(32.73,-4.76,1.08) yaw=27.0deg command=(0.00,0.00,0.00) manual_active=1 collision_blocks=0
[depth_angular_controller-1] [INFO] [1791386140.362616049] [depth_angular_controller]: GOAL_REFINEMENT checks=3 improvements=0
[depth_angular_controller-1] [INFO] [1791386140.362658800] [depth_angular_controller]: OMNI_DEPTH views=4 azimuth_bins=180 elevation_bins=37 valid=1 certificates=21 short=1 held=0 local_candidates=0 yaw=-42.00
[depth_angular_controller-1] [INFO] [1791386140.362709746] [depth_angular_controller]: PAPER_BUILD reason=FULL_MOTION_CERTIFICATE required=0.0000 best=0.0000 free=0 refined=0 tubes=256 revoked_tubes=0 proofs=128
[depth_angular_controller-1] [INFO] [1791386140.362715406] [depth_angular_controller]: PAPER_EVIDENCE retained=16 balls=32 revoked_balls=0 expired_views=0 evicted_views=241 radius=0.580 clearance=0.000 best_prefix=8.072
[depth_angular_controller-1] [INFO] [1791386141.373363500] [depth_angular_controller]: GOAL_REFINEMENT checks=3 improvements=0
[depth_angular_controller-1] [INFO] [1791386141.373411650] [depth_angular_controller]: OMNI_DEPTH views=4 azimuth_bins=180 elevation_bins=37 valid=1 certificates=21 short=1 held=0 local_candidates=0 yaw=-42.00
[depth_angular_controller-1] [INFO] [1791386141.373468207] [depth_angular_controller]: PAPER_BUILD reason=FULL_MOTION_CERTIFICATE required=0.0000 best=0.0000 free=0 refined=0 tubes=256 revoked_tubes=0 proofs=128
[depth_angular_controller-1] [INFO] [1791386141.373476432] [depth_angular_controller]: PAPER_EVIDENCE retained=16 balls=32 revoked_balls=0 expired_views=0 evicted_views=241 radius=0.580 clearance=0.000 best_prefix=8.072
[BENCHMARK RESULT] TIMEOUT sim=240.000s
[PERF ISAAC FINAL] run=p5_goal_polish_explore_20261007_after_ego1p5_3 result=TIMEOUT wall=227.62s sim_frames=14522 fps(sim/wall)=60.01/63.80 command_changes=2734 collision_blocks=0 frame_interval_ms(mean/p50/p95/max)=15.651/14.740/17.280/80.915
[240.600s] Simulation App Shutting Down
[depth_angular_controller-1] [INFO] [1791386142.292915636] [rclcpp]: signal_handler(SIGINT/SIGTERM)
[position_cmd_to_twist-2] [INFO] [1791386142.293999904] [position_cmd_to_twist]: [PERF BRIDGE FINAL] run=p5_goal_polish_explore_20261007_after_ego1p5_3 elapsed=241.43s received=4685 published=3571 fps(ros/wall)=19.36/15.70 controller_to_bridge_ms(mean/p50/p95/max)=41.942/0.000/150.000/350.000 bridge_process_ms(mean/p95/max)=0.091/0.119/1.629
[position_cmd_to_twist-2] Failed to publish log message to rosout: publisher's context is invalid, at ./src/rcl/publisher.c:389
[depth_angular_controller-1] [INFO] [1791386142.294032124] [depth_angular_controller]: [PERF CTRL FINAL] run=p5_goal_polish_explore_20261007_after_ego1p5_3 elapsed=241.54s callbacks=4686 commands=4685 guidance=4565 command_fps(ros/wall)=19.36/20.60 guidance_wall_fps=20.24 avoid_ms(mean/p50/p95/max)=34.148/6.393/107.609/318.227 cycle_ms(mean/p95/max)=48.549/130.726/330.160 depth_to_cmd_ms(mean/p95/max)=35.900/66.667/100.000 callback_to_publish_ms(mean/p95/max)=41.078/130.606/330.023
[depth_angular_controller-1] [INFO] [1791386142.294340734] [depth_angular_controller]: EVIDENCE_COST ingest(mean/p95/max)=6.944/21.214/24.679 record=0.777/2.768/6.372 ms
[depth_angular_controller-1] [INFO] [1791386142.294343940] [depth_angular_controller]: EVIDENCE_PHASE per_view_mean_ms balls=0.270 tubes=0.615 history=0.810 eviction=0.001
[INFO] [depth_angular_controller-1]: process has finished cleanly [pid 299213]
[INFO] [position_cmd_to_twist-2]: process has finished cleanly [pid 299215]
