[PERF] run=continuous9 log=/home/starry/isaac-data/EGO1P1/performance/continuous_20260928/performance.md
[INPUT] mode=trace scene_mode=cloud
[INFO] [launch]: All log files can be found below /tmp/fov_gvf_ego1p1_isaac_ros_log/2026-09-28-21-53-43-960122-starry-System-Product-Name-22020
[INFO] [launch]: Default logging verbosity is set to INFO
[INFO] [depth_angular_controller-1]: process started with pid [22022]
[INFO] [position_cmd_to_twist-2]: process started with pid [22024]
[depth_angular_controller-1] [INFO] [1790603624.326629454] [depth_angular_controller]: C++ controller commands publish on /position_cmd; horizontal views=4
[ROS CHECK] ROS_DOMAIN_ID=84 /position_cmd publishers=1
Type: pc_gvf_msgs/msg/PositionCommand
Publisher count: 1
Subscription count: 1
/depth_angular_controller
/position_cmd_to_twist
WARNING: All log messages before absl::InitializeLog() is called are written to STDERR
E0000 00:00:1790603625.344042   22074 descriptor_database.cc:633] File already exists in database: grpc/health/v1/health.proto
W0000 00:00:1790603625.344065   22074 message.cc:301] Protobuf GeneratedMessageFactory: File is already registered: grpc/health/v1/health.proto
2026-09-28T13:53:45Z [Info] [carb] Logging to file: /home/starry/isaac-data/isaacsim/kit/logs/Kit/Isaac-Sim Python/6.0/kit_20260928_215345.log
[0.043s] [ext: omni.assets.plugins-0.0.0] startup
[0.044s] [ext: omni.blobkey-1.1.2] startup
[0.044s] [ext: omni.kit.async_engine-0.0.3] startup
[0.314s] [ext: omni.client.lib-1.1.1] startup
[0.321s] [ext: omni.client-1.3.0] startup
[0.323s] [ext: omni.protobuf.lib-1.0.0] startup
[0.324s] [ext: omni.grpc.lib-1.0.0] startup
[0.327s] [ext: omni.metrics.core-0.0.3] startup
[0.327s] [ext: omni.datastore-0.0.0] startup
[0.328s] [ext: omni.gpu_foundation.shadercache.vulkan-1.0.0] startup
[0.330s] [ext: omni.hsscclient-1.1.4] startup
[0.330s] [ext: omni.stats-1.0.1] startup
[0.331s] [ext: omni.ujitso.default-1.0.0] startup
[0.333s] [ext: omni.gpu_foundation-0.0.0] startup
[0.453s] [ext: carb.windowing.plugins-1.0.1] startup
[0.454s] [ext: omni.kit.renderer.init-1.0.1] startup
2026-09-28T13:53:45Z [659ms] [Warning] [omni.rtx] Skipping unsupported non-NVIDIA GPU: AMD Unknown (RADV RAPHAEL_MENDOCINO)
2026-09-28T13:53:45Z [659ms] [Warning] [omni.rtx] Skipping unsupported non-NVIDIA GPU: AMD Unknown (RADV RAPHAEL_MENDOCINO)

|---------------------------------------------------------------------------------------------|
| Driver Version: 580.178.04    | Graphics API: Vulkan
|=============================================================================================|
| GPU | Name                             | Active | LDA | GPU Memory | Vendor-ID | LUID       |
|     |                                  |        |     |            | Device-ID | UUID       |
|     |                                  |        |     |            | Bus-ID    |            |
|---------------------------------------------------------------------------------------------|
| 0   | NVIDIA GeForce RTX 5070          | Yes: 0 |     | 12227   MB | 10de      | 0          |
|     |                                  |        |     |            | 2f04      | 348d89fe.. |
|     |                                  |        |     |            | 1         |            |
|---------------------------------------------------------------------------------------------|
| 1   | AMD Unknown (RADV RAPHAEL_MEND.. |        |     | 10755   MB | 1002      | 0          |
|     |                                  |        |     |            | 13c0      | 00000000.. |
|     |                                  |        |     |            | c         |            |
|=============================================================================================|
| OS: 22.04.5 LTS (Jammy Jellyfish) ubuntu, Version: 22.04.5, Kernel: 6.8.0-138-generic
| XServer Vendor: The X.Org Foundation, XServer Version: 12101004 (1.21.1.4)
| Processor: AMD Ryzen 5 9600X 6-Core Processor
| Cores: 6 | Logical Cores: 12
|---------------------------------------------------------------------------------------------|
| Total Memory (MB): 31241 | Free Memory: 22693
| Total Page/Swap (MB): 15624 | Free Page/Swap: 15624
|---------------------------------------------------------------------------------------------|
2026-09-28T13:53:45Z [866ms] [Warning] [omni.rtx] CPU performance profile is set to powersave. This profile sets the CPU to the lowest frequency reducing performance.
2026-09-28T13:53:45Z [874ms] [Warning] [omni.rtx] IOMMU is enabled.
[0.972s] [ext: omni.kit.pipapi-0.0.0] startup
[0.973s] [ext: omni.kit.pip_archive-0.0.0] startup
[0.973s] [ext: isaacsim.pip.newton-0.6.1] startup
[0.973s] [ext: omni.pip.compute-1.9.2] startup
[0.973s] [ext: omni.isaac.core_archive-5.3.1] startup
[0.973s] [ext: omni.kit.telemetry-0.5.2] startup
[0.988s] [ext: omni.kit.loop-isaac-1.6.0] startup
[0.990s] [ext: omni.kit.test-2.0.7] startup
[1.040s] [ext: omni.materialx.libs-1.0.9] startup
[1.046s] [ext: omni.gpucompute.plugins-0.0.0] startup
[1.046s] [ext: omni.usd.config-1.0.7] startup
[1.049s] [ext: omni.usd.libs-1.0.3] startup
[1.103s] [ext: omni.iray.libs-0.0.1] startup
[1.106s] [ext: omni.mdl-57.0.3] startup
[1.166s] [ext: omni.mdl.neuraylib-0.2.20] startup
[1.168s] [ext: omni.kit.usd.mdl-1.1.9] startup
[1.251s] [ext: omni.appwindow-1.2.2] startup
[1.253s] [ext: omni.kit.renderer.core-1.2.2] startup
2026-09-28T13:53:51Z [6,487ms] [Warning] [carb.windowing-glfw.gamepad] Joystick with unknown remapping detected (will be ignored):  BEITONG BEITONG A2P3A BFM DONGLE [03000000bc2000001c51000011010000]
[6.518s] [ext: omni.kit.renderer.capture-2.0.1] startup
[6.519s] [ext: omni.kit.renderer.imgui-2.0.6] startup
[6.554s] [ext: omni.ui-3.2.0] startup
[6.561s] [ext: omni.kit.mainwindow-1.0.3] startup
[6.561s] [ext: carb.audio-0.1.0] startup
[6.563s] [ext: omni.uiaudio-1.0.0] startup
[6.564s] [ext: omni.kit.uiapp-0.0.0] startup
[6.564s] [ext: omni.usd.schema.metrics.assembler-110.1.0] startup
[6.566s] [ext: omni.usd.schema.audio-0.0.1] startup
[6.569s] [ext: omni.usd_resolver-1.0.0] startup
[6.571s] [ext: omni.usd.core-1.8.3] startup
[6.573s] [ext: omni.metropolis.schema-0.0.3] startup
[6.574s] [ext: isaacsim.anim.robot.schema-0.1.1] startup
[6.574s] [ext: omni.usd.schema.anim-0.0.1] startup
[6.587s] [ext: omni.usd.schema.geospatial-0.0.1] startup
[6.589s] [ext: omni.usd.schema.omnigraph-1.0.1] startup
[6.593s] [ext: omni.usd.schema.semantics-0.0.0] startup
[6.594s] [ext: omni.activity.core-1.0.3] startup
[6.595s] [ext: omni.cubric-0.1.0] startup
[6.595s] [ext: omni.graph.exec-0.9.6] startup
[6.596s] [ext: omni.hydra.scene_delegate-0.3.5] startup
[6.598s] [ext: usdrt.scenegraph-7.6.3] startup
[6.616s] [ext: omni.hydra.usdrt_delegate-7.5.2] startup
[6.620s] [ext: omni.inspect-1.0.2] startup
[6.621s] [ext: omni.kit.actions.core-1.0.0] startup
[6.622s] [ext: omni.kit.audiodeviceenum-1.0.2] startup
[6.623s] [ext: omni.kit.commands-1.5.0] startup
[6.625s] [ext: omni.kit.exec.core-0.13.5] startup
[6.626s] [ext: omni.kit.usd_undo-0.1.8] startup
[6.626s] [ext: omni.kit.window.popup_dialog-2.0.25] startup
[6.629s] [ext: omni.kit.widget.nucleus_connector-2.3.1] startup
[6.631s] [ext: omni.timeline-1.1.0] startup
[6.632s] [ext: omni.usd-1.16.0] startup
[6.657s] [ext: omni.graph.core-3.1.2] startup
[6.659s] [ext: omni.kit.notification_manager-1.0.11] startup
[6.660s] [ext: isaacsim.core.deprecation_manager-0.4.2] startup
[6.661s] [ext: isaacsim.replicator.agent.schema-0.1.1] startup
[6.662s] [ext: isaacsim.robot.schema-6.3.7] startup
[6.665s] [ext: isaacsim.robot_motion.schema-0.2.1] startup
[6.666s] [ext: omni.anim.behavior.schema-110.1.0] startup
[6.669s] [ext: omni.anim.graph.schema-110.1.1] startup
[6.673s] [ext: omni.anim.navigation.schema-110.1.0] startup
[6.675s] [ext: omni.behavior.tree.schema-110.1.0] startup
[6.676s] [ext: omni.isaac.ml_archive-3.3.0] startup
[6.676s] [ext: omni.kit.asset_converter-6.0.1] startup
[6.685s] [ext: omni.pip.cloud-1.5.4] startup
[6.687s] [ext: omni.usd.schema.flow-110.0.0] startup
[6.687s] [ext: omni.usd.schema.mujoco-1.1.1] startup
[6.687s] [ext: omni.usd.schema.newton-1.2.1] startup
[6.688s] [ext: omni.usd.schema.omni_lens_distortion-1.0.0] startup
[6.688s] [ext: omni.usd.schema.omni_projectors-1.0.0] startup
[6.689s] [ext: omni.usd.schema.omni_sensors-0.0.0] startup
[6.695s] [ext: omni.usd.schema.omniscripting-1.0.1] startup
[6.698s] [ext: omni.usd.schema.physical_lighting-0.1.0] startup
[6.700s] [ext: omni.usd.schema.physx-110.1.13] startup
[6.723s] [ext: omni.usd.schema.render_settings.rtx-1.0.2] startup
[6.726s] [ext: omni.usd.schema.usd_particle_field-1.0.0] startup
[6.726s] [ext: isaacsim.core.version-2.1.1] startup
[6.727s] [ext: omni.kit.menu.core-1.2.0] startup
[6.727s] [ext: omni.kit.menu.utils-2.2.4] startup
[6.732s] [ext: isaacsim.app.about-2.3.1] startup
[6.736s] [ext: isaacsim.asset.transformer-1.2.5] startup
[6.738s] [ext: omni.scene.optimizer.core-110.1.0] startup
[6.768s] [ext: isaacsim.asset.importer.utils-1.8.1] startup
[6.770s] [ext: omni.convexdecomposition-110.1.13] startup
[6.771s] [ext: omni.physics-110.1.13] startup
[6.773s] [ext: omni.physx.gpu-110.1.13] startup
[6.774s] [ext: omni.physx.foundation-110.1.13] startup
[6.775s] [ext: omni.usdphysics-110.1.13] startup
[6.776s] [ext: omni.physx.cooking-110.1.13] startup
[6.777s] [ext: omni.physx-110.1.13] startup
[6.784s] [ext: omni.physics.physx-110.1.13] startup
[6.785s] [ext: isaacsim.asset.exporter.urdf-2.0.5] startup
[6.791s] [ext: omni.kit.clipboard-1.1.1] startup
[6.792s] [ext: omni.kit.usd.layers-2.6.1] startup
[6.797s] [ext: omni.kit.widget.context_menu-1.4.0] startup
[6.798s] [ext: omni.kit.context_menu-1.9.0] startup
[6.799s] [ext: omni.kit.helper.file_utils-0.1.10] startup
[6.800s] [ext: omni.kit.widget.nucleus_info-2.0.2] startup
[6.801s] [ext: omni.kit.search_core-1.0.8] startup
[6.801s] [ext: omni.kit.widget.path_field-2.0.13] startup
[6.802s] [ext: omni.kit.widget.browser_bar-2.0.10] startup
[6.802s] [ext: omni.kit.widget.filebrowser-2.13.4] startup
[6.806s] [ext: omni.kit.widget.options_menu-1.1.6] startup
[6.808s] [ext: omni.kit.widget.options_button-1.0.3] startup
[6.808s] [ext: omni.kit.widget.search_delegate-1.0.9] startup
[6.809s] [ext: omni.ui.scene-2.0.3] startup
[6.812s] [ext: omni.kit.window.filepicker-2.15.5] startup
[6.822s] [ext: omni.kit.window.file_importer-1.1.21] startup
[6.823s] [ext: omni.kit.material.library-3.1.2] startup
[6.827s] [ext: isaacsim.asset.transformer.rules-1.7.10] startup
[6.834s] [ext: omni.usdex.libs-2.2.2] startup
[6.840s] [ext: isaacsim.asset.importer.mjcf-3.10.1] startup
[6.842s] [ext: isaacsim.asset.importer.urdf-3.11.2] startup
[6.845s] [ext: omni.kit.primitive.mesh-1.1.0] startup
[6.846s] [ext: omni.kit.stage_template.core-1.1.22] startup
[6.847s] [ext: omni.kit.stage_templates-2.0.2] startup
[6.848s] [ext: omni.usd.metrics.assembler-110.1.2] startup
[6.850s] [ext: omni.warp.core-1.13.0] startup
[7.035s] [ext: isaacsim.core.experimental.utils-0.17.2] startup
[7.036s] [ext: omni.physics.stageupdate-110.1.13] startup
[7.037s] [ext: omni.physics.tensors-110.1.13] startup
[7.041s] [ext: omni.physx.tensors-110.1.13] startup
[7.044s] [ext: isaacsim.core.simulation_manager-1.15.6] startup
[7.054s] [ext: isaacsim.storage.native-1.9.3] startup
[7.055s] [ext: omni.usd.metrics.assembler.physics-110.1.13] startup
[7.056s] [ext: isaacsim.core.utils-4.1.7] startup
[7.057s] [ext: isaacsim.core.prims-0.11.7] startup
[7.915s] [ext: isaacsim.core.api-5.2.13] startup
[7.920s] [ext: isaacsim.core.cloner-1.7.3] startup
[7.921s] [ext: isaacsim.test.docstring-1.3.2] startup
[7.923s] [ext: isaacsim.core.experimental.prims-1.8.9] startup
[7.941s] [ext: isaacsim.core.experimental.primdata-0.3.2] startup
[7.942s] [ext: omni.graph.tools-1.81.0] startup
[7.960s] [ext: omni.graph-1.142.5] startup
[7.990s] [ext: isaacsim.core.experimental.actuators-0.1.2] startup
[8.002s] [ext: isaacsim.core.experimental.materials-0.7.1] startup
[8.005s] [ext: isaacsim.core.experimental.objects-0.8.1] startup
[8.056s] [ext: omni.hydra.engine.stats-1.0.5] startup
[8.058s] [ext: omni.hydra.rtx.shadercache.vulkan-1.0.0] startup
[8.058s] [ext: omni.index.libs-387500.4413.0] startup
[8.059s] [ext: omni.index-1.0.1] startup
[8.059s] [ext: omni.ujitso.client-0.0.0] startup
[8.059s] [ext: omni.usd.schema.playback-1.0.0] startup
[8.062s] [ext: omni.volume-0.5.2] startup
[8.065s] [ext: omni.hydra.rtx-1.0.4] startup
2026-09-28T13:53:53Z [8,055ms] [Warning] [omni.log] Source: omni.hydra was already registered.
[8.085s] [ext: omni.kit.hydra_texture-1.6.0] startup
[8.088s] [ext: omni.kit.raycast.query-1.2.0] startup
[8.091s] [ext: omni.kit.viewport.legacy_gizmos-1.0.24] startup
[8.093s] [ext: omni.kit.viewport.registry-104.0.6] startup
[8.094s] [ext: omni.kit.viewport.scene_camera_model-1.0.7] startup
[8.096s] [ext: omni.kit.widget.viewport-109.2.0] startup
[8.099s] [ext: omni.kit.window.drop_support-1.0.8] startup
[8.100s] [ext: omni.kit.viewport.window-109.0.2] startup
[8.113s] [ext: omni.kit.viewport.utility-2.0.1] startup
[8.114s] [ext: isaacsim.core.rendering_manager-0.4.3] startup
[8.133s] [ext: omni.graph.action_core-1.1.9] startup
[8.135s] [ext: omni.graph.action_nodes_core-2.11.0] startup
[8.137s] [ext: omni.graph.action_nodes-2.11.0] startup
[8.152s] [ext: omni.graph.action-2.10.2] startup
[8.153s] [ext: omni.graph.image.core-0.6.1] startup
[8.154s] [ext: omni.graph.image.nodes-1.3.1] startup
[8.154s] [ext: omni.graph.nodes_core-2.11.0] startup
[8.158s] [ext: omni.graph.nodes-2.12.0] startup
[8.162s] [ext: omni.kit.hotkeys.core-1.3.12] startup
[8.163s] [ext: omni.kit.property.adapter.core-1.1.1] startup
[8.165s] [ext: omni.kit.property.adapter.usd-1.0.5] startup
[8.166s] [ext: omni.kit.widget.filter-1.1.5] startup
[8.167s] [ext: omni.kit.widget.highlight_label-1.0.3] startup
[8.168s] [ext: omni.kit.widget.searchfield-1.1.8] startup
[8.169s] [ext: omni.kit.window.file_exporter-1.0.36] startup
[8.170s] [ext: omni.kit.widget.stage-4.4.0] startup
[8.177s] [ext: omni.kit.window.content_browser_registry-0.0.6] startup
[8.177s] [ext: omni.kit.window.file-2.0.10] startup
[8.180s] [ext: omni.kit.window.content_browser-3.1.8] startup
[8.188s] [ext: omni.kit.window.property-1.15.1] startup
[8.197s] [ext: omni.kit.property.usd-4.9.4] startup
[8.205s] [ext: omni.graph.scriptnode-2.10.2] startup
[8.212s] [ext: omni.kit.widget.searchable_combobox-1.0.7] startup
[8.213s] [ext: omni.kit.widget.settings-2.0.0] startup
[8.215s] [ext: omni.kit.window.preferences-1.8.3] startup
[8.219s] [ext: omni.kit.viewport.menubar.core-107.2.2] startup
[8.228s] [ext: omni.syntheticdata-0.6.15] startup
[8.250s] [ext: omni.replicator.nv-1.1.1] startup
[8.255s] [ext: omni.videoencoding-0.2.1] startup
[8.256s] [ext: omni.replicator.core-1.13.27] startup
2026-09-28T13:53:53Z [8,242ms] [Warning] [pxr.Semantics] pxr.Semantics is deprecated - please use Semantics instead
2026-09-28T13:53:53Z [8,305ms] [Warning] [omni.replicator.core.scripts.extension] No material configuration file, adding configuration to material settings directly.
[8.452s] [ext: isaacsim.core.nodes-5.10.5] startup
[8.477s] [ext: isaacsim.core.throttling-2.3.5] startup
[8.478s] [ext: omni.kit.manipulator.viewport-107.0.1] startup
[8.479s] [ext: omni.graph.visualization.nodes-2.1.4] startup
[8.491s] [ext: omni.kit.window.extensions-1.5.10] startup
[8.496s] [ext: isaacsim.gui.components-1.8.5] startup
[8.500s] [ext: isaacsim.robot.surface_gripper-3.6.2] startup
[8.509s] [ext: isaacsim.robot.manipulators-3.4.4] startup
[8.519s] [ext: isaacsim.robot_motion.lula-4.1.3] startup
[8.524s] [ext: isaacsim.robot_motion.motion_generation-8.2.9] startup
[8.529s] [ext: isaacsim.cortex.framework-1.0.18] startup
[8.530s] [ext: isaacsim.cortex.behaviors-2.0.17] startup
[8.531s] [ext: isaacsim.examples.base-1.3.2] startup
[8.532s] [ext: omni.kit.widget.zoombar-1.0.7] startup
[8.533s] [ext: omni.kit.browser.core-2.3.18] startup
[8.536s] [ext: omni.kit.browser.folder.core-2.0.2] startup
[8.539s] [ext: omni.kit.widget.stage_icons-1.0.8] startup
[8.540s] [ext: omni.kit.window.stage-2.6.1] startup
[8.543s] [ext: omni.kit.menu.stage-1.2.7] startup
[8.544s] [ext: omni.kit.usd.collect-3.0.6] startup
[8.546s] [ext: omni.kit.widget.prompt-1.0.7] startup
[8.547s] [ext: omni.kit.tool.collect-2.2.19] startup
[8.548s] [ext: isaacsim.examples.browser-0.3.2] startup
[8.550s] [ext: omni.kit.search.files-1.0.4] startup
[8.551s] [ext: omni.kit.widget.calendar-1.0.9] startup
[8.552s] [ext: omni.kit.widget.extended_searchfield-1.0.31] startup
[8.558s] [ext: omni.simready.content.browser-0.3.7] startup
[8.643s] [ext: isaacsim.gui.content_browser-0.4.3] startup
[8.645s] [ext: omni.kit.selection-0.1.6] startup
[8.646s] [ext: isaacsim.gui.menu-2.10.5] startup
[8.653s] [ext: isaacsim.gui.property-1.6.4] startup
[8.658s] [ext: omni.kit.viewport.actions-110.0.0] startup
[8.662s] [ext: omni.kit.viewport.menubar.display-107.1.3] startup
[8.663s] [ext: isaacsim.gui.sensors.icon-2.2.1] startup
[8.666s] [ext: omni.behavior.scripting.core-110.1.0] startup
[8.668s] [ext: isaacsim.replicator.behavior-1.5.4] startup
[8.669s] [ext: isaacsim.replicator.experimental.domain_randomization-1.2.5] startup
[8.682s] [ext: isaacsim.replicator.domain_randomization-1.2.2] startup
[8.749s] [ext: isaacsim.replicator.writers-1.5.4] startup
[8.770s] [ext: isaacsim.robot.experimental.wheeled_robots-0.2.11] startup
[8.789s] [ext: isaacsim.robot.policy.examples-5.2.12] startup
[8.806s] [ext: isaacsim.robot.wheeled_robots-5.2.4] startup
[8.809s] [ext: isaacsim.robot.wheeled_robots.nodes-0.1.5] startup
[8.825s] [ext: isaacsim.robot_motion.experimental.motion_generation-6.1.3] startup
[8.835s] [ext: isaacsim.robot_motion.cumotion-1.3.1] startup
[8.847s] [ext: omni.kit.numpy.common-0.1.3] startup
[8.848s] [ext: isaacsim.sensors.camera-1.7.9] startup
[8.875s] [ext: isaacsim.sensors.experimental.physics-3.0.2] startup
[8.881s] [ext: omni.sensors.net-1.0.1] startup
[8.883s] [ext: omni.sensors.nv.common-3.0.0] startup
[8.892s] [ext: omni.sensors.nv.materials-2.0.0] startup
[8.894s] [ext: omni.sensors.nv.acoustic-3.0.0] startup
[8.896s] [ext: omni.sensors.nv.ids-2.0.1] startup
[8.898s] [ext: omni.sensors.nv.lidar-3.0.0] startup
[8.901s] [ext: omni.sensors.nv.radar-3.0.0] startup
[8.903s] [ext: isaacsim.sensors.experimental.rtx-1.4.6] startup
[9.128s] [ext: isaacsim.sensors.physics.nodes-1.5.3] startup
[9.133s] [ext: isaacsim.util.debug_draw-3.2.3] startup
[9.137s] [ext: isaacsim.sensors.physx-2.5.5] startup
[9.143s] [ext: isaacsim.sensors.rtx-15.17.1] startup
[9.152s] [ext: isaacsim.simulation_app-2.18.4] startup
[9.152s] [ext: omni.anim.curve.core-1.6.0] startup
[9.160s] [ext: omni.graph.ui_nodes-2.11.1] startup
[9.180s] [ext: omni.hydra.scene_api-0.1.3] startup
[9.183s] [ext: omni.kit.manipulator.camera-110.0.0] startup
[9.186s] [ext: omni.kit.manipulator.selector-1.1.4] startup
[9.187s] [ext: omni.kit.manipulator.transform-107.0.0] startup
[9.191s] [ext: omni.kit.widget.toolbar-2.1.0] startup
[9.196s] [ext: omni.kit.manipulator.tool.snap-1.5.14] startup
[9.199s] [ext: omni.kit.viewport.manipulator.transform-107.0.4] startup
[9.201s] [ext: omni.kit.manipulator.prim.core-108.0.2] startup
[9.206s] [ext: omni.kit.manipulator.prim.usd-107.0.3] startup
[9.207s] [ext: omni.kit.manipulator.prim-108.0.0] startup
[9.207s] [ext: omni.kit.manipulator.selection-109.0.1] startup
[9.208s] [ext: omni.kit.menu.create-2.0.2] startup
[9.209s] [ext: omni.kit.property.audio-1.0.16] startup
[9.212s] [ext: omni.kit.property.camera-1.0.14] startup
[9.213s] [ext: omni.kit.property.geometry-2.1.2] startup
[9.216s] [ext: omni.kit.property.light-1.0.14] startup
2026-09-28T13:53:54Z [9,216ms] [Warning] [omni.usd] Encountered USD Warnings but USD Diagnostics are currently muted. To view USD Warnings, please set the '/persistent/app/usd/muteUsdDiagnostics' setting to false in Preferences page.
[9.242s] [ext: omni.kit.property.material-1.14.6] startup
[9.247s] [ext: omni.kit.property.render-1.2.2] startup
[9.249s] [ext: omni.kit.property.transform-1.6.9] startup
[9.252s] [ext: omni.kit.property.bundle-1.5.1] startup
[9.253s] [ext: omni.kit.usdz_export-1.1.0] startup
[9.255s] [ext: omni.kit.tool.asset_importer-6.0.1] startup
[9.260s] [ext: omni.kit.ui.actions-1.0.5] startup
[9.261s] [ext: omni.kit.viewport.menubar.camera-107.0.10] startup
[9.265s] [ext: omni.kit.viewport.menubar.lighting-107.3.2] startup
[9.267s] [ext: omni.kit.viewport.menubar.render-110.0.0] startup
[9.269s] [ext: omni.kit.viewport.menubar.settings-110.0.1] startup
[9.272s] [ext: omni.kit.window.console-1.1.9] startup
[9.275s] [ext: omni.kit.window.status_bar-0.1.11] startup
[9.277s] [ext: omni.kit.window.toolbar-3.0.3] startup
[9.279s] [ext: omni.ocio-0.1.1] startup
[9.280s] [ext: omni.physx.commands-110.1.13] startup
[9.283s] [ext: omni.replicator.replicator_yaml-2.0.12] startup
[9.291s] [ext: omni.rtx.window.settings-0.8.0] startup
[9.295s] [ext: omni.rtx.settings.core-0.7.1] startup
[9.297s] [ext: omni.usd.metrics.assembler.ui-110.1.1] startup
[9.303s] [ext: semantics.schema.editor-2.0.2] startup
[9.305s] [ext: semantics.schema.property-2.0.2] startup
[9.307s] [ext: omni.kit.menu.common-2.0.2] startup
[9.308s] [ext: isaacsim.exp.base-6.0.1] startup
[9.308s] [ext: isaacsim.exp.base.python-6.0.1] startup
[9.309s] Simulation App Starting
[10.128s] Simulation App Startup Complete
[10.132s] app ready
Starting kit application with the following args:  ['/home/starry/isaac-data/isaacsim/exts/isaacsim.simulation_app/isaacsim/simulation_app/simulation_app.py', '/home/starry/isaac-data/isaacsim/apps/isaacsim.exp.base.python.kit', '--/app/tokens/exe-path=/home/starry/isaac-data/isaacsim/kit', '--/persistent/app/viewport/displayOptions=3094', '--/rtx/materialDb/syncLoads=True', '--/rtx/hydra/materialSyncLoads=True', '--/omni/kit/plugin/syncUsdLoads=True', '--/app/renderer/resolution/width=1280', '--/app/renderer/resolution/height=720', '--/app/window/width=1440', '--/app/window/height=900', '--/renderer/multiGpu/enabled=False', '--/app/fastShutdown=True', '--/app/installSignalHandlers=0', '--ext-folder', '/home/starry/isaac-data/isaacsim/exts', '--ext-folder', '/home/starry/isaac-data/isaacsim/apps', '--/renderer/activeGpu=0', '--/physics/cudaDevice=0', '--/plugins/carb.tasking.plugin/threadCount=12', '--/plugins/omni.tbb.globalcontrol/maxThreadCount=12', '--portable', '--no-window', '--/app/window/hideUi=1']
Passing the following args to the base kit application:  []
Warp 1.13.0 initialized:
   CUDA Toolkit 12.9, Driver 13.0
   Devices:
     "cpu"      : "x86_64"
     "cuda:0"   : "NVIDIA GeForce RTX 5070" (11 GiB, sm_120, mempool enabled)
   Kernel cache:
     /home/starry/.cache/warp/1.13.0
[LIGHTING] sun=800.0 (1) dome=0.0 (1) ambient=0.05 constant_color=(0.6, 0.65, 0.7)
[RENDER] mode=MinimalRendering minimal_shading_mode=2 anti_aliasing=TAA
[DEPTH CAMERAS] count=4 resolution_each=320x240 horizontal_coverage=360deg
[ESDF] path=/home/starry/isaac-data/EGO1P1/scenes/ego_swarm_cloud/occupancy.bin shape=(400, 300, 50) resolution=0.40m
[depth_angular_controller-1] [INFO] [1790603637.578009497] [depth_angular_controller]: WAITING_ODOMETRY
[NAV] t=0.0s position=(-64.00,-11.20,2.80) yaw=0.0deg command=(0.00,0.00,0.00) manual_active=0 collision_blocks=0
[depth_angular_controller-1] [INFO] [1790603638.143698766] [depth_angular_controller]: WAITING_VERIFIED_START_POSE
[depth_angular_controller-1] [INFO] [1790603638.175525980] [depth_angular_controller]: VERIFIED_FREE_SEED center=(-64.000,-11.200,2.800) radius=2.500 balls=1: verified fixed Cloud free ball; USD and occupancy SHA-256 matched
[depth_angular_controller-1] [INFO] [1790603638.175625802] [depth_angular_controller]: ZERO_INTENT
[depth_angular_controller-1] [INFO] [1790603638.955592953] [depth_angular_controller]: 3D guidance switched to view 0
[depth_angular_controller-1] [INFO] [1790603638.957037076] [depth_angular_controller]: TARGET_HOLD
[depth_angular_controller-1] [INFO] [1790603638.957054019] [depth_angular_controller]: PAPER_BUILD reason=READY required=0.0100 best=3.6217 free=76 refined=0 tubes=0 revoked_tubes=0
[depth_angular_controller-1] [INFO] [1790603638.957062956] [depth_angular_controller]: PAPER_EVIDENCE retained=4 balls=1 revoked_balls=0 expired_views=0 evicted_views=0 radius=0.580 clearance=0.667 best_prefix=3.622
[depth_angular_controller-1] [INFO] [1790603639.911050380] [depth_angular_controller]: PAPER_BUILD reason=READY required=0.5673 best=3.6217 free=111 refined=0 tubes=2 revoked_tubes=0
[depth_angular_controller-1] [INFO] [1790603639.911085228] [depth_angular_controller]: PAPER_EVIDENCE retained=8 balls=5 revoked_balls=0 expired_views=0 evicted_views=0 radius=0.580 clearance=0.667 best_prefix=3.622
[depth_angular_controller-1] [INFO] [1790603640.295128259] [depth_angular_controller]: ANGULAR_STEP_BLOCKED
[depth_angular_controller-1] [INFO] [1790603640.596168792] [depth_angular_controller]: TARGET_HOLD
[depth_angular_controller-1] [INFO] [1790603640.822468042] [depth_angular_controller]: PAPER_BUILD reason=READY required=0.4367 best=3.6217 free=352 refined=0 tubes=3 revoked_tubes=0
[depth_angular_controller-1] [INFO] [1790603640.822505925] [depth_angular_controller]: PAPER_EVIDENCE retained=12 balls=11 revoked_balls=0 expired_views=0 evicted_views=0 radius=0.580 clearance=0.667 best_prefix=3.622
[10.651s] [ext: isaacsim.sensors.rtx.nodes-0.1.2] startup
[10.659s] [ext: isaacsim.ros2.core-1.9.4] startup
[10.673s] Attempting to load system rclpy
[10.673s] Could not import system rclpy: No module named 'rclpy'
[10.673s] Attempting to load internal rclpy for ROS Distro: humble
[10.684s] rclpy loaded
[10.687s] [ext: isaacsim.ros2.nodes-1.18.13] startup
[10.721s] [ext: isaacsim.ros2.examples-1.2.4] startup
[10.725s] [ext: isaacsim.ros2.ui-1.6.5] startup
[10.929s] [ext: isaacsim.ros2.bridge-5.1.2] startup
2026-09-28T13:53:58Z [13,138ms] [Warning] [omni.timeline.plugin] Deprecated: direct use of ITimeline callbacks is deprecated. Use ITimeline::getTimeline (Python: omni.timeline.get_timeline_interface) instead.
[depth_angular_controller-1] [INFO] [1790603641.798765480] [depth_angular_controller]: PAPER_BUILD reason=READY required=0.6194 best=3.6217 free=328 refined=0 tubes=5 revoked_tubes=0
[depth_angular_controller-1] [INFO] [1790603641.798803503] [depth_angular_controller]: PAPER_EVIDENCE retained=16 balls=18 revoked_balls=0 expired_views=0 evicted_views=0 radius=0.580 clearance=0.667 best_prefix=3.622
[position_cmd_to_twist-2] [INFO] [1790603642.634925794] [position_cmd_to_twist]: [PERF BRIDGE] run=continuous9 elapsed=18.29s received=246 published=246 fps(ros/wall)=50.00/54.72 controller_to_bridge_ms(mean/p50/p95/max)=0.068/0.000/0.000/16.667 bridge_process_ms(mean/p95/max)=0.090/0.111/0.143
[NAV] t=5.0s position=(-60.61,-11.20,2.80) yaw=0.0deg command=(1.00,0.00,0.00) manual_active=1 collision_blocks=0
[depth_angular_controller-1] [INFO] [1790603642.708404294] [depth_angular_controller]: PAPER_BUILD reason=READY required=0.6216 best=3.6217 free=352 refined=0 tubes=7 revoked_tubes=0
[depth_angular_controller-1] [INFO] [1790603642.708440754] [depth_angular_controller]: PAPER_EVIDENCE retained=20 balls=25 revoked_balls=0 expired_views=0 evicted_views=0 radius=0.580 clearance=0.667 best_prefix=3.622
[depth_angular_controller-1] [INFO] [1790603643.148219103] [depth_angular_controller]: [PERF CTRL] run=continuous9 elapsed=18.82s callbacks=273 commands=272 guidance=222 command_fps(ros/wall)=50.03/54.15 guidance_wall_fps=52.71 avoid_ms(mean/p50/p95/max)=0.824/0.032/5.578/9.637 cycle_ms(mean/p95/max)=18.467/31.402/81.021 depth_to_cmd_ms(mean/p95/max)=17.117/16.667/33.333 callback_to_publish_ms(mean/p95/max)=6.564/11.841/18.862
[depth_angular_controller-1] [INFO] [1790603643.742640733] [depth_angular_controller]: PAPER_BUILD reason=READY required=0.3517 best=3.6217 free=315 refined=0 tubes=9 revoked_tubes=0
[depth_angular_controller-1] [INFO] [1790603643.742673907] [depth_angular_controller]: PAPER_EVIDENCE retained=24 balls=32 revoked_balls=0 expired_views=0 evicted_views=0 radius=0.580 clearance=0.524 best_prefix=3.622
[depth_angular_controller-1] [INFO] [1790603644.854012217] [depth_angular_controller]: PAPER_BUILD reason=READY required=0.0822 best=0.9092 free=352 refined=0 tubes=10 revoked_tubes=0
[depth_angular_controller-1] [INFO] [1790603644.854453938] [depth_angular_controller]: PAPER_EVIDENCE retained=28 balls=32 revoked_balls=0 expired_views=0 evicted_views=0 radius=0.580 clearance=0.126 best_prefix=0.909
[depth_angular_controller-1] [INFO] [1790603645.243679169] [depth_angular_controller]: BRAKING_FALLBACK
[depth_angular_controller-1] [INFO] [1790603645.300155941] [depth_angular_controller]: TARGET_HOLD
[depth_angular_controller-1] [INFO] [1790603645.454296214] [depth_angular_controller]: BRAKING_FALLBACK
[depth_angular_controller-1] [INFO] [1790603645.519265786] [depth_angular_controller]: TARGET_HOLD
[depth_angular_controller-1] [INFO] [1790603645.693278193] [depth_angular_controller]: BRAKING_FALLBACK
[depth_angular_controller-1] [INFO] [1790603645.750976700] [depth_angular_controller]: TARGET_HOLD
[depth_angular_controller-1] [INFO] [1790603645.781101767] [depth_angular_controller]: PAPER_BUILD reason=READY required=0.0118 best=0.0168 free=352 refined=0 tubes=10 revoked_tubes=0
[depth_angular_controller-1] [INFO] [1790603645.781139610] [depth_angular_controller]: PAPER_EVIDENCE retained=28 balls=32 revoked_balls=0 expired_views=0 evicted_views=0 radius=0.580 clearance=0.019 best_prefix=0.017
[depth_angular_controller-1] [INFO] [1790603645.991890282] [depth_angular_controller]: BRAKING_FALLBACK
[depth_angular_controller-1] [INFO] [1790603646.043902942] [depth_angular_controller]: NO_REGULAR_FIELD
[depth_angular_controller-1] [INFO] [1790603646.152335548] [depth_angular_controller]: COMPUTE_DEADLINE
[depth_angular_controller-1] [INFO] [1790603646.180887265] [depth_angular_controller]: TARGET_HOLD
[depth_angular_controller-1] [INFO] [1790603646.247153209] [depth_angular_controller]: 3D guidance switched to view 1
[depth_angular_controller-1] [INFO] [1790603646.637530155] [depth_angular_controller]: 3D guidance switched to view 0
[depth_angular_controller-1] [INFO] [1790603646.747451801] [depth_angular_controller]: PAPER_BUILD reason=READY required=0.2611 best=3.6217 free=169 refined=0 tubes=11 revoked_tubes=0
[depth_angular_controller-1] [INFO] [1790603646.747489343] [depth_angular_controller]: PAPER_EVIDENCE retained=32 balls=32 revoked_balls=0 expired_views=0 evicted_views=0 radius=0.580 clearance=0.667 best_prefix=3.622
[depth_angular_controller-1] [INFO] [1790603647.322698293] [depth_angular_controller]: TRACKING
[depth_angular_controller-1] [INFO] [1790603647.421377495] [depth_angular_controller]: TARGET_HOLD
[depth_angular_controller-1] [INFO] [1790603647.549891688] [depth_angular_controller]: TRACKING
[position_cmd_to_twist-2] [INFO] [1790603647.590002950] [position_cmd_to_twist]: [PERF BRIDGE] run=continuous9 elapsed=23.25s received=488 published=487 fps(ros/wall)=49.19/51.50 controller_to_bridge_ms(mean/p50/p95/max)=2.493/0.000/16.667/150.000 bridge_process_ms(mean/p95/max)=0.097/0.125/1.022
[depth_angular_controller-1] [INFO] [1790603647.653875386] [depth_angular_controller]: TARGET_HOLD
[NAV] t=10.0s position=(-58.91,-10.08,2.79) yaw=75.8deg command=(0.24,0.97,-0.02) manual_active=1 collision_blocks=0
[depth_angular_controller-1] [INFO] [1790603647.670951884] [depth_angular_controller]: PAPER_BUILD reason=READY required=0.6178 best=3.6217 free=315 refined=0 tubes=13 revoked_tubes=0
[depth_angular_controller-1] [INFO] [1790603647.670990238] [depth_angular_controller]: PAPER_EVIDENCE retained=32 balls=32 revoked_balls=0 expired_views=0 evicted_views=4 radius=0.580 clearance=0.667 best_prefix=3.622
[depth_angular_controller-1] [INFO] [1790603648.161501835] [depth_angular_controller]: [PERF CTRL] run=continuous9 elapsed=23.83s callbacks=516 commands=515 guidance=465 command_fps(ros/wall)=49.19/51.31 guidance_wall_fps=50.41 avoid_ms(mean/p50/p95/max)=1.885/0.316/10.543/97.026 cycle_ms(mean/p95/max)=19.490/35.177/108.433 depth_to_cmd_ms(mean/p95/max)=17.921/33.333/33.333 callback_to_publish_ms(mean/p95/max)=9.353/19.940/107.982
[depth_angular_controller-1] [INFO] [1790603648.677692656] [depth_angular_controller]: PAPER_BUILD reason=READY required=0.6213 best=3.6217 free=352 refined=0 tubes=15 revoked_tubes=0
[depth_angular_controller-1] [INFO] [1790603648.677727152] [depth_angular_controller]: PAPER_EVIDENCE retained=32 balls=32 revoked_balls=0 expired_views=0 evicted_views=8 radius=0.580 clearance=0.667 best_prefix=3.622
[depth_angular_controller-1] [INFO] [1790603649.866427871] [depth_angular_controller]: PAPER_BUILD reason=READY required=0.6213 best=3.6217 free=352 refined=0 tubes=17 revoked_tubes=0
[depth_angular_controller-1] [INFO] [1790603649.866469050] [depth_angular_controller]: PAPER_EVIDENCE retained=32 balls=32 revoked_balls=0 expired_views=0 evicted_views=11 radius=0.580 clearance=0.667 best_prefix=3.622
[depth_angular_controller-1] [INFO] [1790603650.908395373] [depth_angular_controller]: PAPER_BUILD reason=READY required=0.1674 best=0.9092 free=352 refined=0 tubes=18 revoked_tubes=0
[depth_angular_controller-1] [INFO] [1790603650.908442033] [depth_angular_controller]: PAPER_EVIDENCE retained=32 balls=32 revoked_balls=0 expired_views=0 evicted_views=15 radius=0.580 clearance=0.300 best_prefix=0.909
[depth_angular_controller-1] [INFO] [1790603651.931167988] [depth_angular_controller]: BRAKING_FALLBACK
[depth_angular_controller-1] [INFO] [1790603651.961319468] [depth_angular_controller]: TARGET_HOLD
[depth_angular_controller-1] [INFO] [1790603652.084189918] [depth_angular_controller]: PAPER_BUILD reason=READY required=0.0277 best=0.4571 free=352 refined=0 tubes=19 revoked_tubes=0
[depth_angular_controller-1] [INFO] [1790603652.084624376] [depth_angular_controller]: PAPER_EVIDENCE retained=32 balls=32 revoked_balls=0 expired_views=0 evicted_views=19 radius=0.580 clearance=0.049 best_prefix=0.457
[depth_angular_controller-1] [INFO] [1790603652.186029864] [depth_angular_controller]: BRAKING_FALLBACK
[depth_angular_controller-1] [INFO] [1790603652.239493962] [depth_angular_controller]: TARGET_HOLD
[depth_angular_controller-1] [INFO] [1790603652.359199423] [depth_angular_controller]: 3D guidance switched to view 3
[depth_angular_controller-1] [INFO] [1790603652.406573039] [depth_angular_controller]: 3D guidance switched to view 0
[depth_angular_controller-1] [INFO] [1790603652.530832480] [depth_angular_controller]: BRAKING_FALLBACK
[depth_angular_controller-1] [INFO] [1790603652.577421723] [depth_angular_controller]: TARGET_HOLD
[depth_angular_controller-1] [INFO] [1790603652.604959285] [depth_angular_controller]: 3D guidance switched to view 3
[depth_angular_controller-1] [INFO] [1790603652.694774568] [depth_angular_controller]: 3D guidance switched to view 0
[depth_angular_controller-1] [INFO] [1790603652.694914398] [depth_angular_controller]: STATE_OUTSIDE_FREE_DOMAIN
[depth_angular_controller-1] [INFO] [1790603652.732203170] [depth_angular_controller]: 3D guidance switched to view 3
[depth_angular_controller-1] [INFO] [1790603652.756566723] [depth_angular_controller]: TARGET_HOLD
[depth_angular_controller-1] [INFO] [1790603652.870215216] [depth_angular_controller]: STATE_OUTSIDE_FREE_DOMAIN
[depth_angular_controller-1] [INFO] [1790603652.956909992] [depth_angular_controller]: TARGET_HOLD
[position_cmd_to_twist-2] [INFO] [1790603653.084632034] [position_cmd_to_twist]: [PERF BRIDGE] run=continuous9 elapsed=28.75s received=736 published=735 fps(ros/wall)=49.33/49.14 controller_to_bridge_ms(mean/p50/p95/max)=3.759/0.000/16.667/150.000 bridge_process_ms(mean/p95/max)=0.103/0.131/1.617
[depth_angular_controller-1] [INFO] [1790603653.117389552] [depth_angular_controller]: ANGULAR_STEP_BLOCKED
[depth_angular_controller-1] [INFO] [1790603653.128590218] [depth_angular_controller]: TRACKING
[NAV] t=15.0s position=(-57.66,-7.36,2.71) yaw=38.3deg command=(0.13,-0.06,0.01) manual_active=1 collision_blocks=0
[depth_angular_controller-1] [INFO] [1790603653.174437283] [depth_angular_controller]: [PERF CTRL] run=continuous9 elapsed=28.85s callbacks=742 commands=741 guidance=691 command_fps(ros/wall)=49.33/49.23 guidance_wall_fps=48.53 avoid_ms(mean/p50/p95/max)=2.312/0.501/13.237/97.026 cycle_ms(mean/p95/max)=20.312/39.655/108.433 depth_to_cmd_ms(mean/p95/max)=18.283/33.333/33.333 callback_to_publish_ms(mean/p95/max)=10.598/23.308/107.982
[depth_angular_controller-1] [INFO] [1790603653.188254433] [depth_angular_controller]: REFERENCE_INITIALIZATION
[depth_angular_controller-1] [INFO] [1790603653.188286645] [depth_angular_controller]: PAPER_BUILD reason=READY required=0.0185 best=3.6217 free=124 refined=0 tubes=20 revoked_tubes=0
[depth_angular_controller-1] [INFO] [1790603653.188296124] [depth_angular_controller]: PAPER_EVIDENCE retained=32 balls=32 revoked_balls=0 expired_views=0 evicted_views=23 radius=0.580 clearance=0.667 best_prefix=3.622
[depth_angular_controller-1] [INFO] [1790603653.236187451] [depth_angular_controller]: TARGET_HOLD
[depth_angular_controller-1] [INFO] [1790603653.462545641] [depth_angular_controller]: 3D guidance switched to view 0
[depth_angular_controller-1] [INFO] [1790603654.289028619] [depth_angular_controller]: PAPER_BUILD reason=READY required=0.5873 best=3.6217 free=173 refined=0 tubes=22 revoked_tubes=0
[depth_angular_controller-1] [INFO] [1790603654.289069538] [depth_angular_controller]: PAPER_EVIDENCE retained=31 balls=32 revoked_balls=0 expired_views=0 evicted_views=23 radius=0.580 clearance=0.667 best_prefix=3.622
[depth_angular_controller-1] [INFO] [1790603655.275001512] [depth_angular_controller]: PAPER_BUILD reason=READY required=0.6210 best=3.6217 free=181 refined=0 tubes=24 revoked_tubes=0
[depth_angular_controller-1] [INFO] [1790603655.275040558] [depth_angular_controller]: PAPER_EVIDENCE retained=30 balls=32 revoked_balls=0 expired_views=0 evicted_views=23 radius=0.580 clearance=0.667 best_prefix=3.622
[depth_angular_controller-1] [INFO] [1790603656.348279069] [depth_angular_controller]: PAPER_BUILD reason=READY required=0.6215 best=3.6217 free=346 refined=0 tubes=26 revoked_tubes=0
[depth_angular_controller-1] [INFO] [1790603656.348322042] [depth_angular_controller]: PAPER_EVIDENCE retained=32 balls=32 revoked_balls=0 expired_views=0 evicted_views=25 radius=0.580 clearance=0.667 best_prefix=3.622
[depth_angular_controller-1] [INFO] [1790603657.291640809] [depth_angular_controller]: PAPER_BUILD reason=READY required=0.6214 best=3.6217 free=245 refined=0 tubes=28 revoked_tubes=0
[depth_angular_controller-1] [INFO] [1790603657.292057603] [depth_angular_controller]: PAPER_EVIDENCE retained=32 balls=32 revoked_balls=0 expired_views=0 evicted_views=29 radius=0.580 clearance=0.667 best_prefix=3.622
[position_cmd_to_twist-2] [INFO] [1790603658.088940755] [position_cmd_to_twist]: [PERF BRIDGE] run=continuous9 elapsed=33.75s received=981 published=980 fps(ros/wall)=49.25/49.10 controller_to_bridge_ms(mean/p50/p95/max)=4.043/0.000/16.667/150.000 bridge_process_ms(mean/p95/max)=0.104/0.132/2.188
[depth_angular_controller-1] [INFO] [1790603658.095639121] [depth_angular_controller]: NO_REGULAR_FIELD
[NAV] t=20.0s position=(-53.18,-8.53,2.93) yaw=-2.9deg command=(0.92,-0.05,0.01) manual_active=1 collision_blocks=0
[depth_angular_controller-1] [INFO] [1790603658.190558560] [depth_angular_controller]: [PERF CTRL] run=continuous9 elapsed=33.86s callbacks=988 commands=987 guidance=937 command_fps(ros/wall)=49.26/49.19 guidance_wall_fps=48.66 avoid_ms(mean/p50/p95/max)=2.447/0.275/14.210/97.026 cycle_ms(mean/p95/max)=20.331/41.902/108.433 depth_to_cmd_ms(mean/p95/max)=18.143/33.333/33.333 callback_to_publish_ms(mean/p95/max)=10.974/24.317/107.982
[depth_angular_controller-1] [INFO] [1790603658.223174705] [depth_angular_controller]: PAPER_BUILD reason=NO_CERTIFIED_DIRECTION required=0.5035 best=0.0000 free=0 refined=0 tubes=30 revoked_tubes=0
[depth_angular_controller-1] [INFO] [1790603658.223214262] [depth_angular_controller]: PAPER_EVIDENCE retained=28 balls=32 revoked_balls=0 expired_views=0 evicted_views=33 radius=0.580 clearance=0.000 best_prefix=0.000
[depth_angular_controller-1] [INFO] [1790603658.869824818] [depth_angular_controller]: TARGET_HOLD
[depth_angular_controller-1] [INFO] [1790603659.061212215] [depth_angular_controller]: NO_REGULAR_FIELD
[depth_angular_controller-1] [INFO] [1790603659.102873004] [depth_angular_controller]: TARGET_HOLD
[depth_angular_controller-1] [INFO] [1790603659.147478352] [depth_angular_controller]: PAPER_BUILD reason=READY required=0.0100 best=0.0150 free=352 refined=0 tubes=31 revoked_tubes=0
[depth_angular_controller-1] [INFO] [1790603659.147517177] [depth_angular_controller]: PAPER_EVIDENCE retained=32 balls=32 revoked_balls=0 expired_views=0 evicted_views=33 radius=0.580 clearance=0.016 best_prefix=0.015
[depth_angular_controller-1] [INFO] [1790603659.196478164] [depth_angular_controller]: BRAKING_FALLBACK
[depth_angular_controller-1] [INFO] [1790603659.301817041] [depth_angular_controller]: REFERENCE_INITIALIZATION
[depth_angular_controller-1] [INFO] [1790603659.312028863] [depth_angular_controller]: TRACKING
[depth_angular_controller-1] [INFO] [1790603659.318280079] [depth_angular_controller]: REFERENCE_INITIALIZATION
[depth_angular_controller-1] [INFO] [1790603659.362524731] [depth_angular_controller]: TRACKING
[depth_angular_controller-1] [INFO] [1790603659.379791478] [depth_angular_controller]: REFERENCE_INITIALIZATION
[depth_angular_controller-1] [INFO] [1790603659.408631975] [depth_angular_controller]: TRACKING
[depth_angular_controller-1] [INFO] [1790603659.424109021] [depth_angular_controller]: REFERENCE_INITIALIZATION
[depth_angular_controller-1] [INFO] [1790603659.437750808] [depth_angular_controller]: 3D guidance switched to view 2
[depth_angular_controller-1] [INFO] [1790603659.440909088] [depth_angular_controller]: TRACKING
[depth_angular_controller-1] [INFO] [1790603659.500170690] [depth_angular_controller]: BRAKING_FALLBACK
[depth_angular_controller-1] [INFO] [1790603659.531934684] [depth_angular_controller]: 3D guidance switched to view 1
[depth_angular_controller-1] [INFO] [1790603659.544235555] [depth_angular_controller]: NO_REGULAR_FIELD
[depth_angular_controller-1] [INFO] [1790603659.556118831] [depth_angular_controller]: 3D guidance switched to view 0
[depth_angular_controller-1] [INFO] [1790603659.638829852] [depth_angular_controller]: REFERENCE_INITIALIZATION
[depth_angular_controller-1] [INFO] [1790603659.651549631] [depth_angular_controller]: BRAKING_FALLBACK
[depth_angular_controller-1] [INFO] [1790603659.664586282] [depth_angular_controller]: NO_REGULAR_FIELD
[depth_angular_controller-1] [INFO] [1790603659.746120473] [depth_angular_controller]: BRAKING_FALLBACK
[depth_angular_controller-1] [INFO] [1790603659.758164369] [depth_angular_controller]: NO_REGULAR_FIELD
[depth_angular_controller-1] [INFO] [1790603659.838451316] [depth_angular_controller]: BRAKING_FALLBACK
[depth_angular_controller-1] [INFO] [1790603659.852430143] [depth_angular_controller]: NO_REGULAR_FIELD
[depth_angular_controller-1] [INFO] [1790603659.932100360] [depth_angular_controller]: BRAKING_FALLBACK
[depth_angular_controller-1] [INFO] [1790603659.945897527] [depth_angular_controller]: NO_REGULAR_FIELD
[depth_angular_controller-1] [INFO] [1790603660.036912664] [depth_angular_controller]: BRAKING_FALLBACK
[depth_angular_controller-1] [INFO] [1790603660.036951229] [depth_angular_controller]: PAPER_BUILD reason=READY required=0.0100 best=3.6217 free=268 refined=0 tubes=35 revoked_tubes=0
[depth_angular_controller-1] [INFO] [1790603660.036958673] [depth_angular_controller]: PAPER_EVIDENCE retained=32 balls=32 revoked_balls=0 expired_views=0 evicted_views=37 radius=0.580 clearance=0.016 best_prefix=3.622
[depth_angular_controller-1] [INFO] [1790603660.050268460] [depth_angular_controller]: NO_REGULAR_FIELD
[depth_angular_controller-1] [INFO] [1790603660.125258737] [depth_angular_controller]: BRAKING_FALLBACK
[depth_angular_controller-1] [INFO] [1790603660.140050603] [depth_angular_controller]: NO_REGULAR_FIELD
[depth_angular_controller-1] [INFO] [1790603660.211293052] [depth_angular_controller]: BRAKING_FALLBACK
[depth_angular_controller-1] [INFO] [1790603660.227186272] [depth_angular_controller]: NO_REGULAR_FIELD
[depth_angular_controller-1] [INFO] [1790603660.310077476] [depth_angular_controller]: BRAKING_FALLBACK
[depth_angular_controller-1] [INFO] [1790603660.323997270] [depth_angular_controller]: NO_REGULAR_FIELD
[depth_angular_controller-1] [INFO] [1790603660.402028311] [depth_angular_controller]: BRAKING_FALLBACK
[depth_angular_controller-1] [INFO] [1790603660.415444013] [depth_angular_controller]: NO_REGULAR_FIELD
[depth_angular_controller-1] [INFO] [1790603660.490652140] [depth_angular_controller]: BRAKING_FALLBACK
[depth_angular_controller-1] [INFO] [1790603660.503029099] [depth_angular_controller]: NO_REGULAR_FIELD
[depth_angular_controller-1] [INFO] [1790603660.660240798] [depth_angular_controller]: BRAKING_FALLBACK
[depth_angular_controller-1] [INFO] [1790603660.674387319] [depth_angular_controller]: NO_REGULAR_FIELD
[depth_angular_controller-1] [INFO] [1790603660.755982794] [depth_angular_controller]: BRAKING_FALLBACK
[depth_angular_controller-1] [INFO] [1790603660.768327481] [depth_angular_controller]: NO_REGULAR_FIELD
[depth_angular_controller-1] [INFO] [1790603660.849407001] [depth_angular_controller]: BRAKING_FALLBACK
[depth_angular_controller-1] [INFO] [1790603660.863180332] [depth_angular_controller]: NO_REGULAR_FIELD
[depth_angular_controller-1] [INFO] [1790603660.944695893] [depth_angular_controller]: BRAKING_FALLBACK
[depth_angular_controller-1] [INFO] [1790603660.944728306] [depth_angular_controller]: PAPER_BUILD reason=READY required=0.0100 best=3.6217 free=268 refined=0 tubes=35 revoked_tubes=0
[depth_angular_controller-1] [INFO] [1790603660.944761119] [depth_angular_controller]: PAPER_EVIDENCE retained=32 balls=32 revoked_balls=0 expired_views=0 evicted_views=37 radius=0.580 clearance=0.016 best_prefix=3.622
[depth_angular_controller-1] [INFO] [1790603660.958671755] [depth_angular_controller]: NO_REGULAR_FIELD
[depth_angular_controller-1] [INFO] [1790603661.035476173] [depth_angular_controller]: BRAKING_FALLBACK
[depth_angular_controller-1] [INFO] [1790603661.049738468] [depth_angular_controller]: NO_REGULAR_FIELD
[depth_angular_controller-1] [INFO] [1790603661.130010576] [depth_angular_controller]: BRAKING_FALLBACK
[depth_angular_controller-1] [INFO] [1790603661.144764650] [depth_angular_controller]: NO_REGULAR_FIELD
[depth_angular_controller-1] [INFO] [1790603661.255531849] [depth_angular_controller]: BRAKING_FALLBACK
[depth_angular_controller-1] [INFO] [1790603661.268485871] [depth_angular_controller]: NO_REGULAR_FIELD
[depth_angular_controller-1] [INFO] [1790603661.351932010] [depth_angular_controller]: BRAKING_FALLBACK
[depth_angular_controller-1] [INFO] [1790603661.365368152] [depth_angular_controller]: NO_REGULAR_FIELD
[depth_angular_controller-1] [INFO] [1790603661.437148132] [depth_angular_controller]: BRAKING_FALLBACK
[depth_angular_controller-1] [INFO] [1790603661.451238235] [depth_angular_controller]: NO_REGULAR_FIELD
[depth_angular_controller-1] [INFO] [1790603661.535792602] [depth_angular_controller]: BRAKING_FALLBACK
[depth_angular_controller-1] [INFO] [1790603661.548288761] [depth_angular_controller]: NO_REGULAR_FIELD
[depth_angular_controller-1] [INFO] [1790603661.690828554] [depth_angular_controller]: BRAKING_FALLBACK
[depth_angular_controller-1] [INFO] [1790603661.705032016] [depth_angular_controller]: NO_REGULAR_FIELD
[depth_angular_controller-1] [INFO] [1790603661.781089967] [depth_angular_controller]: BRAKING_FALLBACK
[depth_angular_controller-1] [INFO] [1790603661.790058343] [depth_angular_controller]: NO_REGULAR_FIELD
[depth_angular_controller-1] [INFO] [1790603661.919647971] [depth_angular_controller]: BRAKING_FALLBACK
[depth_angular_controller-1] [INFO] [1790603661.919683961] [depth_angular_controller]: PAPER_BUILD reason=READY required=0.0100 best=3.6217 free=268 refined=0 tubes=35 revoked_tubes=0
[depth_angular_controller-1] [INFO] [1790603661.919693509] [depth_angular_controller]: PAPER_EVIDENCE retained=32 balls=32 revoked_balls=0 expired_views=0 evicted_views=37 radius=0.580 clearance=0.016 best_prefix=3.622
[depth_angular_controller-1] [INFO] [1790603661.933511768] [depth_angular_controller]: NO_REGULAR_FIELD
[depth_angular_controller-1] [INFO] [1790603662.012959787] [depth_angular_controller]: BRAKING_FALLBACK
[depth_angular_controller-1] [INFO] [1790603662.025084421] [depth_angular_controller]: NO_REGULAR_FIELD
[depth_angular_controller-1] [INFO] [1790603662.111545760] [depth_angular_controller]: BRAKING_FALLBACK
[depth_angular_controller-1] [INFO] [1790603662.124464094] [depth_angular_controller]: NO_REGULAR_FIELD
[depth_angular_controller-1] [INFO] [1790603662.204433653] [depth_angular_controller]: BRAKING_FALLBACK
[depth_angular_controller-1] [INFO] [1790603662.217719596] [depth_angular_controller]: NO_REGULAR_FIELD
[depth_angular_controller-1] [INFO] [1790603662.360754804] [depth_angular_controller]: BRAKING_FALLBACK
[depth_angular_controller-1] [INFO] [1790603662.372964050] [depth_angular_controller]: NO_REGULAR_FIELD
[depth_angular_controller-1] [INFO] [1790603662.453563264] [depth_angular_controller]: BRAKING_FALLBACK
[depth_angular_controller-1] [INFO] [1790603662.465575340] [depth_angular_controller]: NO_REGULAR_FIELD
[depth_angular_controller-1] [INFO] [1790603662.550089744] [depth_angular_controller]: BRAKING_FALLBACK
[depth_angular_controller-1] [INFO] [1790603662.562272290] [depth_angular_controller]: NO_REGULAR_FIELD
[position_cmd_to_twist-2] [INFO] [1790603662.588378158] [position_cmd_to_twist]: [PERF BRIDGE] run=continuous9 elapsed=38.25s received=1176 published=1175 fps(ros/wall)=47.19/48.03 controller_to_bridge_ms(mean/p50/p95/max)=5.924/0.000/16.667/150.000 bridge_process_ms(mean/p95/max)=0.104/0.135/2.188
[depth_angular_controller-1] [INFO] [1790603662.633575214] [depth_angular_controller]: BRAKING_FALLBACK
[NAV] t=25.0s position=(-52.84,-8.54,2.94) yaw=7.8deg command=(0.00,0.00,0.00) manual_active=1 collision_blocks=0
[depth_angular_controller-1] [INFO] [1790603662.646089539] [depth_angular_controller]: NO_REGULAR_FIELD
[depth_angular_controller-1] [INFO] [1790603662.720039850] [depth_angular_controller]: BRAKING_FALLBACK
[depth_angular_controller-1] [INFO] [1790603662.735017275] [depth_angular_controller]: NO_REGULAR_FIELD
[depth_angular_controller-1] [INFO] [1790603662.817663196] [depth_angular_controller]: BRAKING_FALLBACK
[depth_angular_controller-1] [INFO] [1790603662.817699356] [depth_angular_controller]: PAPER_BUILD reason=READY required=0.0100 best=3.6217 free=268 refined=0 tubes=35 revoked_tubes=0
[depth_angular_controller-1] [INFO] [1790603662.817709886] [depth_angular_controller]: PAPER_EVIDENCE retained=32 balls=32 revoked_balls=0 expired_views=0 evicted_views=37 radius=0.580 clearance=0.016 best_prefix=3.622
[depth_angular_controller-1] [INFO] [1790603662.830471087] [depth_angular_controller]: NO_REGULAR_FIELD
[depth_angular_controller-1] [INFO] [1790603662.918476925] [depth_angular_controller]: BRAKING_FALLBACK
[depth_angular_controller-1] [INFO] [1790603662.929996802] [depth_angular_controller]: NO_REGULAR_FIELD
[depth_angular_controller-1] [INFO] [1790603663.012778886] [depth_angular_controller]: BRAKING_FALLBACK
[depth_angular_controller-1] [INFO] [1790603663.028325801] [depth_angular_controller]: NO_REGULAR_FIELD
[depth_angular_controller-1] [INFO] [1790603663.110750610] [depth_angular_controller]: BRAKING_FALLBACK
[depth_angular_controller-1] [INFO] [1790603663.123620531] [depth_angular_controller]: NO_REGULAR_FIELD
[depth_angular_controller-1] [INFO] [1790603663.205165955] [depth_angular_controller]: [PERF CTRL] run=continuous9 elapsed=38.88s callbacks=1202 commands=1201 guidance=1151 command_fps(ros/wall)=46.87/47.88 guidance_wall_fps=47.42 avoid_ms(mean/p50/p95/max)=3.628/0.604/19.643/97.026 cycle_ms(mean/p95/max)=20.884/53.292/123.943 depth_to_cmd_ms(mean/p95/max)=18.071/33.333/33.333 callback_to_publish_ms(mean/p95/max)=12.391/28.382/107.982
[depth_angular_controller-1] [INFO] [1790603663.205328689] [depth_angular_controller]: BRAKING_FALLBACK
[depth_angular_controller-1] [INFO] [1790603663.218265680] [depth_angular_controller]: NO_REGULAR_FIELD
[depth_angular_controller-1] [INFO] [1790603663.298004248] [depth_angular_controller]: BRAKING_FALLBACK
[depth_angular_controller-1] [INFO] [1790603663.310353325] [depth_angular_controller]: NO_REGULAR_FIELD
[depth_angular_controller-1] [INFO] [1790603663.390781453] [depth_angular_controller]: BRAKING_FALLBACK
[depth_angular_controller-1] [INFO] [1790603663.405196555] [depth_angular_controller]: NO_REGULAR_FIELD
[depth_angular_controller-1] [INFO] [1790603663.496424252] [depth_angular_controller]: BRAKING_FALLBACK
[depth_angular_controller-1] [INFO] [1790603663.508266041] [depth_angular_controller]: NO_REGULAR_FIELD
[depth_angular_controller-1] [INFO] [1790603663.593972709] [depth_angular_controller]: BRAKING_FALLBACK
[depth_angular_controller-1] [INFO] [1790603663.606734973] [depth_angular_controller]: NO_REGULAR_FIELD
[depth_angular_controller-1] [INFO] [1790603663.632054176] [depth_angular_controller]: PAPER_BUILD reason=NO_CERTIFIED_DIRECTION required=0.0100 best=0.0000 free=0 refined=0 tubes=35 revoked_tubes=0
[depth_angular_controller-1] [INFO] [1790603663.632300471] [depth_angular_controller]: PAPER_EVIDENCE retained=32 balls=32 revoked_balls=0 expired_views=0 evicted_views=37 radius=0.580 clearance=0.000 best_prefix=0.000
[depth_angular_controller-1] [INFO] [1790603663.687487146] [depth_angular_controller]: BRAKING_FALLBACK
[depth_angular_controller-1] [INFO] [1790603663.700999537] [depth_angular_controller]: NO_REGULAR_FIELD
[depth_angular_controller-1] [INFO] [1790603663.775957295] [depth_angular_controller]: BRAKING_FALLBACK
[depth_angular_controller-1] [INFO] [1790603663.788189898] [depth_angular_controller]: NO_REGULAR_FIELD
[depth_angular_controller-1] [INFO] [1790603663.880885015] [depth_angular_controller]: BRAKING_FALLBACK
[depth_angular_controller-1] [INFO] [1790603663.894502278] [depth_angular_controller]: NO_REGULAR_FIELD
[depth_angular_controller-1] [INFO] [1790603663.973825715] [depth_angular_controller]: BRAKING_FALLBACK
[depth_angular_controller-1] [INFO] [1790603663.987144623] [depth_angular_controller]: NO_REGULAR_FIELD
[depth_angular_controller-1] [INFO] [1790603664.122533068] [depth_angular_controller]: BRAKING_FALLBACK
[depth_angular_controller-1] [INFO] [1790603664.136041682] [depth_angular_controller]: NO_REGULAR_FIELD
[depth_angular_controller-1] [INFO] [1790603664.216111204] [depth_angular_controller]: BRAKING_FALLBACK
[depth_angular_controller-1] [INFO] [1790603664.229234164] [depth_angular_controller]: NO_REGULAR_FIELD
[depth_angular_controller-1] [INFO] [1790603664.301009338] [depth_angular_controller]: BRAKING_FALLBACK
[depth_angular_controller-1] [INFO] [1790603664.315535034] [depth_angular_controller]: NO_REGULAR_FIELD
[depth_angular_controller-1] [INFO] [1790603664.398393644] [depth_angular_controller]: BRAKING_FALLBACK
[depth_angular_controller-1] [INFO] [1790603664.412127794] [depth_angular_controller]: NO_REGULAR_FIELD
[depth_angular_controller-1] [INFO] [1790603664.478818291] [depth_angular_controller]: BRAKING_FALLBACK
[depth_angular_controller-1] [INFO] [1790603664.527154929] [depth_angular_controller]: NO_REGULAR_FIELD
[depth_angular_controller-1] [INFO] [1790603664.611973179] [depth_angular_controller]: BRAKING_FALLBACK
[depth_angular_controller-1] [INFO] [1790603664.612008577] [depth_angular_controller]: PAPER_BUILD reason=READY required=0.0100 best=3.6217 free=268 refined=0 tubes=35 revoked_tubes=0
[depth_angular_controller-1] [INFO] [1790603664.612019078] [depth_angular_controller]: PAPER_EVIDENCE retained=32 balls=32 revoked_balls=0 expired_views=0 evicted_views=37 radius=0.580 clearance=0.016 best_prefix=3.622
[depth_angular_controller-1] [INFO] [1790603664.624121820] [depth_angular_controller]: NO_REGULAR_FIELD
[depth_angular_controller-1] [INFO] [1790603664.705230566] [depth_angular_controller]: BRAKING_FALLBACK
[depth_angular_controller-1] [INFO] [1790603664.719654445] [depth_angular_controller]: NO_REGULAR_FIELD
[depth_angular_controller-1] [INFO] [1790603664.794695568] [depth_angular_controller]: BRAKING_FALLBACK
[depth_angular_controller-1] [INFO] [1790603664.807011522] [depth_angular_controller]: NO_REGULAR_FIELD
[depth_angular_controller-1] [INFO] [1790603664.903946482] [depth_angular_controller]: BRAKING_FALLBACK
[depth_angular_controller-1] [INFO] [1790603664.916307393] [depth_angular_controller]: NO_REGULAR_FIELD
[depth_angular_controller-1] [INFO] [1790603664.995723204] [depth_angular_controller]: BRAKING_FALLBACK
[depth_angular_controller-1] [INFO] [1790603665.008300572] [depth_angular_controller]: NO_REGULAR_FIELD
[depth_angular_controller-1] [INFO] [1790603665.086161598] [depth_angular_controller]: BRAKING_FALLBACK
[depth_angular_controller-1] [INFO] [1790603665.102716960] [depth_angular_controller]: NO_REGULAR_FIELD
[depth_angular_controller-1] [INFO] [1790603665.181256375] [depth_angular_controller]: BRAKING_FALLBACK
[depth_angular_controller-1] [INFO] [1790603665.194588780] [depth_angular_controller]: NO_REGULAR_FIELD
[depth_angular_controller-1] [INFO] [1790603665.270320890] [depth_angular_controller]: BRAKING_FALLBACK
[depth_angular_controller-1] [INFO] [1790603665.284402240] [depth_angular_controller]: NO_REGULAR_FIELD
[depth_angular_controller-1] [INFO] [1790603665.367532289] [depth_angular_controller]: BRAKING_FALLBACK
[depth_angular_controller-1] [INFO] [1790603665.381462798] [depth_angular_controller]: NO_REGULAR_FIELD
[depth_angular_controller-1] [INFO] [1790603665.464590152] [depth_angular_controller]: BRAKING_FALLBACK
[depth_angular_controller-1] [INFO] [1790603665.464626372] [depth_angular_controller]: PAPER_BUILD reason=READY required=0.0100 best=3.6217 free=268 refined=0 tubes=35 revoked_tubes=0
[depth_angular_controller-1] [INFO] [1790603665.464636091] [depth_angular_controller]: PAPER_EVIDENCE retained=32 balls=32 revoked_balls=0 expired_views=0 evicted_views=37 radius=0.580 clearance=0.016 best_prefix=3.622
[depth_angular_controller-1] [INFO] [1790603665.476361557] [depth_angular_controller]: NO_REGULAR_FIELD
[depth_angular_controller-1] [INFO] [1790603665.562066211] [depth_angular_controller]: BRAKING_FALLBACK
[depth_angular_controller-1] [INFO] [1790603665.576861709] [depth_angular_controller]: NO_REGULAR_FIELD
[depth_angular_controller-1] [INFO] [1790603665.657491946] [depth_angular_controller]: BRAKING_FALLBACK
[depth_angular_controller-1] [INFO] [1790603665.670768404] [depth_angular_controller]: NO_REGULAR_FIELD
[depth_angular_controller-1] [INFO] [1790603665.758827159] [depth_angular_controller]: BRAKING_FALLBACK
[depth_angular_controller-1] [INFO] [1790603665.771288765] [depth_angular_controller]: NO_REGULAR_FIELD
[depth_angular_controller-1] [INFO] [1790603665.850757923] [depth_angular_controller]: BRAKING_FALLBACK
[depth_angular_controller-1] [INFO] [1790603665.864719291] [depth_angular_controller]: NO_REGULAR_FIELD
[depth_angular_controller-1] [INFO] [1790603665.959237946] [depth_angular_controller]: BRAKING_FALLBACK
[depth_angular_controller-1] [INFO] [1790603665.971894408] [depth_angular_controller]: NO_REGULAR_FIELD
[depth_angular_controller-1] [INFO] [1790603666.052525430] [depth_angular_controller]: BRAKING_FALLBACK
[depth_angular_controller-1] [INFO] [1790603666.066492901] [depth_angular_controller]: NO_REGULAR_FIELD
[depth_angular_controller-1] [INFO] [1790603666.145556341] [depth_angular_controller]: BRAKING_FALLBACK
[depth_angular_controller-1] [INFO] [1790603666.157102582] [depth_angular_controller]: NO_REGULAR_FIELD
[depth_angular_controller-1] [INFO] [1790603666.243329008] [depth_angular_controller]: BRAKING_FALLBACK
[depth_angular_controller-1] [INFO] [1790603666.256803799] [depth_angular_controller]: NO_REGULAR_FIELD
[depth_angular_controller-1] [INFO] [1790603666.286257681] [depth_angular_controller]: PAPER_BUILD reason=NO_CERTIFIED_DIRECTION required=0.0100 best=0.0000 free=0 refined=0 tubes=35 revoked_tubes=0
[depth_angular_controller-1] [INFO] [1790603666.286293330] [depth_angular_controller]: PAPER_EVIDENCE retained=32 balls=32 revoked_balls=0 expired_views=0 evicted_views=37 radius=0.580 clearance=0.000 best_prefix=0.000
[depth_angular_controller-1] [INFO] [1790603666.339718378] [depth_angular_controller]: BRAKING_FALLBACK
[depth_angular_controller-1] [INFO] [1790603666.352565007] [depth_angular_controller]: NO_REGULAR_FIELD
[depth_angular_controller-1] [INFO] [1790603666.433355228] [depth_angular_controller]: BRAKING_FALLBACK
[depth_angular_controller-1] [INFO] [1790603666.447500912] [depth_angular_controller]: NO_REGULAR_FIELD
[depth_angular_controller-1] [INFO] [1790603666.536826917] [depth_angular_controller]: BRAKING_FALLBACK
[depth_angular_controller-1] [INFO] [1790603666.549563845] [depth_angular_controller]: NO_REGULAR_FIELD
[depth_angular_controller-1] [INFO] [1790603666.626723463] [depth_angular_controller]: BRAKING_FALLBACK
[depth_angular_controller-1] [INFO] [1790603666.643425729] [depth_angular_controller]: NO_REGULAR_FIELD
[depth_angular_controller-1] [INFO] [1790603666.721617718] [depth_angular_controller]: BRAKING_FALLBACK
[depth_angular_controller-1] [INFO] [1790603666.731555847] [depth_angular_controller]: NO_REGULAR_FIELD
[position_cmd_to_twist-2] [INFO] [1790603666.841913809] [position_cmd_to_twist]: [PERF BRIDGE] run=continuous9 elapsed=42.50s received=1348 published=1347 fps(ros/wall)=45.10/46.95 controller_to_bridge_ms(mean/p50/p95/max)=8.136/0.000/50.000/150.000 bridge_process_ms(mean/p95/max)=0.103/0.135/2.188
[depth_angular_controller-1] [INFO] [1790603666.867510631] [depth_angular_controller]: BRAKING_FALLBACK
[depth_angular_controller-1] [INFO] [1790603666.880896350] [depth_angular_controller]: NO_REGULAR_FIELD
[NAV] t=30.0s position=(-52.84,-8.54,2.94) yaw=7.8deg command=(0.00,0.00,0.00) manual_active=0 collision_blocks=0
[depth_angular_controller-1] [INFO] [1790603666.920519376] [depth_angular_controller]: ZERO_INTENT
[depth_angular_controller-1] [INFO] [1790603668.218202977] [depth_angular_controller]: [PERF CTRL] run=continuous9 elapsed=43.89s callbacks=1430 commands=1429 guidance=1302 command_fps(ros/wall)=45.31/47.48 guidance_wall_fps=46.54 avoid_ms(mean/p50/p95/max)=4.573/0.827/41.489/97.026 cycle_ms(mean/p95/max)=21.060/54.838/123.943 depth_to_cmd_ms(mean/p95/max)=17.934/33.333/33.333 callback_to_publish_ms(mean/p95/max)=13.267/47.509/107.982
[depth_angular_controller-1] [INFO] [1790603670.522382415] [depth_angular_controller]: 3D guidance switched to view 1
[depth_angular_controller-1] [INFO] [1790603670.524260417] [depth_angular_controller]: NO_REGULAR_FIELD
[depth_angular_controller-1] [INFO] [1790603670.524278542] [depth_angular_controller]: PAPER_BUILD reason=NO_CERTIFIED_DIRECTION required=0.0100 best=0.0000 free=0 refined=0 tubes=35 revoked_tubes=0
[depth_angular_controller-1] [INFO] [1790603670.524288461] [depth_angular_controller]: PAPER_EVIDENCE retained=32 balls=32 revoked_balls=0 expired_views=0 evicted_views=37 radius=0.580 clearance=0.000 best_prefix=0.000
[depth_angular_controller-1] [INFO] [1790603670.622110076] [depth_angular_controller]: BRAKING_FALLBACK
[depth_angular_controller-1] [INFO] [1790603670.635832968] [depth_angular_controller]: NO_REGULAR_FIELD
[depth_angular_controller-1] [INFO] [1790603670.705763399] [depth_angular_controller]: BRAKING_FALLBACK
[depth_angular_controller-1] [INFO] [1790603670.719294401] [depth_angular_controller]: NO_REGULAR_FIELD
[depth_angular_controller-1] [INFO] [1790603670.804651070] [depth_angular_controller]: BRAKING_FALLBACK
[depth_angular_controller-1] [INFO] [1790603670.816578619] [depth_angular_controller]: NO_REGULAR_FIELD
[depth_angular_controller-1] [INFO] [1790603670.900820287] [depth_angular_controller]: BRAKING_FALLBACK
[depth_angular_controller-1] [INFO] [1790603670.913350117] [depth_angular_controller]: NO_REGULAR_FIELD
[depth_angular_controller-1] [INFO] [1790603671.005742970] [depth_angular_controller]: BRAKING_FALLBACK
[depth_angular_controller-1] [INFO] [1790603671.016975539] [depth_angular_controller]: NO_REGULAR_FIELD
[depth_angular_controller-1] [INFO] [1790603671.099817161] [depth_angular_controller]: BRAKING_FALLBACK
[depth_angular_controller-1] [INFO] [1790603671.113882615] [depth_angular_controller]: NO_REGULAR_FIELD
[depth_angular_controller-1] [INFO] [1790603671.189014103] [depth_angular_controller]: BRAKING_FALLBACK
[depth_angular_controller-1] [INFO] [1790603671.202166726] [depth_angular_controller]: NO_REGULAR_FIELD
[position_cmd_to_twist-2] [INFO] [1790603671.253100113] [position_cmd_to_twist]: [PERF BRIDGE] run=continuous9 elapsed=46.92s received=1583 published=1582 fps(ros/wall)=45.37/47.79 controller_to_bridge_ms(mean/p50/p95/max)=7.559/0.000/50.000/150.000 bridge_process_ms(mean/p95/max)=0.103/0.136/2.188
[depth_angular_controller-1] [INFO] [1790603671.282441346] [depth_angular_controller]: BRAKING_FALLBACK
[depth_angular_controller-1] [INFO] [1790603671.295294230] [depth_angular_controller]: NO_REGULAR_FIELD
[NAV] t=35.0s position=(-52.84,-8.54,2.94) yaw=7.8deg command=(0.00,0.00,0.00) manual_active=1 collision_blocks=0
[depth_angular_controller-1] [INFO] [1790603671.375504386] [depth_angular_controller]: BRAKING_FALLBACK
[depth_angular_controller-1] [INFO] [1790603671.375536387] [depth_angular_controller]: PAPER_BUILD reason=READY required=0.0100 best=3.6217 free=268 refined=0 tubes=35 revoked_tubes=0
[depth_angular_controller-1] [INFO] [1790603671.375544413] [depth_angular_controller]: PAPER_EVIDENCE retained=32 balls=32 revoked_balls=0 expired_views=0 evicted_views=37 radius=0.580 clearance=0.015 best_prefix=3.622
[depth_angular_controller-1] [INFO] [1790603671.387592475] [depth_angular_controller]: NO_REGULAR_FIELD
[depth_angular_controller-1] [INFO] [1790603671.466381268] [depth_angular_controller]: BRAKING_FALLBACK
[depth_angular_controller-1] [INFO] [1790603671.481408949] [depth_angular_controller]: NO_REGULAR_FIELD
[depth_angular_controller-1] [INFO] [1790603671.563450718] [depth_angular_controller]: BRAKING_FALLBACK
[depth_angular_controller-1] [INFO] [1790603671.577391782] [depth_angular_controller]: NO_REGULAR_FIELD
[depth_angular_controller-1] [INFO] [1790603671.662586823] [depth_angular_controller]: BRAKING_FALLBACK
[depth_angular_controller-1] [INFO] [1790603671.676110763] [depth_angular_controller]: NO_REGULAR_FIELD
[depth_angular_controller-1] [INFO] [1790603671.757671764] [depth_angular_controller]: BRAKING_FALLBACK
[depth_angular_controller-1] [INFO] [1790603671.771425657] [depth_angular_controller]: NO_REGULAR_FIELD
[depth_angular_controller-1] [INFO] [1790603671.850476917] [depth_angular_controller]: BRAKING_FALLBACK
[depth_angular_controller-1] [INFO] [1790603671.863019433] [depth_angular_controller]: NO_REGULAR_FIELD
[depth_angular_controller-1] [INFO] [1790603671.946597616] [depth_angular_controller]: BRAKING_FALLBACK
[depth_angular_controller-1] [INFO] [1790603671.960467603] [depth_angular_controller]: NO_REGULAR_FIELD
[depth_angular_controller-1] [INFO] [1790603672.045309556] [depth_angular_controller]: BRAKING_FALLBACK
[depth_angular_controller-1] [INFO] [1790603672.055503883] [depth_angular_controller]: NO_REGULAR_FIELD
[depth_angular_controller-1] [INFO] [1790603672.214759927] [depth_angular_controller]: BRAKING_FALLBACK
[depth_angular_controller-1] [INFO] [1790603672.225830323] [depth_angular_controller]: NO_REGULAR_FIELD
[depth_angular_controller-1] [INFO] [1790603672.252014468] [depth_angular_controller]: PAPER_BUILD reason=NO_CERTIFIED_DIRECTION required=0.0100 best=0.0000 free=0 refined=0 tubes=35 revoked_tubes=0
[depth_angular_controller-1] [INFO] [1790603672.252052270] [depth_angular_controller]: PAPER_EVIDENCE retained=32 balls=32 revoked_balls=0 expired_views=0 evicted_views=37 radius=0.580 clearance=0.000 best_prefix=0.000
[depth_angular_controller-1] [INFO] [1790603672.310063665] [depth_angular_controller]: BRAKING_FALLBACK
[depth_angular_controller-1] [INFO] [1790603672.323378231] [depth_angular_controller]: NO_REGULAR_FIELD
[depth_angular_controller-1] [INFO] [1790603672.409218102] [depth_angular_controller]: BRAKING_FALLBACK
[depth_angular_controller-1] [INFO] [1790603672.423254831] [depth_angular_controller]: NO_REGULAR_FIELD
[depth_angular_controller-1] [INFO] [1790603672.493019290] [depth_angular_controller]: BRAKING_FALLBACK
[depth_angular_controller-1] [INFO] [1790603672.504858289] [depth_angular_controller]: NO_REGULAR_FIELD
[depth_angular_controller-1] [INFO] [1790603672.580154379] [depth_angular_controller]: BRAKING_FALLBACK
[depth_angular_controller-1] [INFO] [1790603672.591426415] [depth_angular_controller]: NO_REGULAR_FIELD
[depth_angular_controller-1] [INFO] [1790603672.689996725] [depth_angular_controller]: BRAKING_FALLBACK
[depth_angular_controller-1] [INFO] [1790603672.701720372] [depth_angular_controller]: NO_REGULAR_FIELD
[depth_angular_controller-1] [INFO] [1790603672.783808265] [depth_angular_controller]: BRAKING_FALLBACK
[depth_angular_controller-1] [INFO] [1790603672.795145737] [depth_angular_controller]: NO_REGULAR_FIELD
[depth_angular_controller-1] [INFO] [1790603672.878640984] [depth_angular_controller]: BRAKING_FALLBACK
[depth_angular_controller-1] [INFO] [1790603672.895064188] [depth_angular_controller]: NO_REGULAR_FIELD
[depth_angular_controller-1] [INFO] [1790603672.963449505] [depth_angular_controller]: BRAKING_FALLBACK
[depth_angular_controller-1] [INFO] [1790603672.972025821] [depth_angular_controller]: NO_REGULAR_FIELD
[depth_angular_controller-1] [INFO] [1790603673.098828451] [depth_angular_controller]: BRAKING_FALLBACK
[depth_angular_controller-1] [INFO] [1790603673.110586987] [depth_angular_controller]: NO_REGULAR_FIELD
[depth_angular_controller-1] [INFO] [1790603673.127678270] [depth_angular_controller]: PAPER_BUILD reason=NO_CERTIFIED_DIRECTION required=0.0100 best=0.0000 free=0 refined=0 tubes=35 revoked_tubes=0
[depth_angular_controller-1] [INFO] [1790603673.127719890] [depth_angular_controller]: PAPER_EVIDENCE retained=32 balls=32 revoked_balls=0 expired_views=0 evicted_views=37 radius=0.580 clearance=0.000 best_prefix=0.000
[depth_angular_controller-1] [INFO] [1790603673.198080332] [depth_angular_controller]: BRAKING_FALLBACK
[depth_angular_controller-1] [INFO] [1790603673.211456608] [depth_angular_controller]: NO_REGULAR_FIELD
[depth_angular_controller-1] [INFO] [1790603673.224931264] [depth_angular_controller]: [PERF CTRL] run=continuous9 elapsed=48.90s callbacks=1663 commands=1662 guidance=1412 command_fps(ros/wall)=44.67/47.35 guidance_wall_fps=41.17 avoid_ms(mean/p50/p95/max)=5.131/0.928/42.030/97.026 cycle_ms(mean/p95/max)=21.120/55.449/123.943 depth_to_cmd_ms(mean/p95/max)=18.437/33.333/50.000 callback_to_publish_ms(mean/p95/max)=13.588/50.936/107.982
[depth_angular_controller-1] [INFO] [1790603673.280522082] [depth_angular_controller]: BRAKING_FALLBACK
[depth_angular_controller-1] [INFO] [1790603673.296282087] [depth_angular_controller]: NO_REGULAR_FIELD
[depth_angular_controller-1] [INFO] [1790603673.374779026] [depth_angular_controller]: BRAKING_FALLBACK
[depth_angular_controller-1] [INFO] [1790603673.387399664] [depth_angular_controller]: NO_REGULAR_FIELD
[depth_angular_controller-1] [INFO] [1790603673.479648665] [depth_angular_controller]: BRAKING_FALLBACK
[depth_angular_controller-1] [INFO] [1790603673.491718961] [depth_angular_controller]: NO_REGULAR_FIELD
[depth_angular_controller-1] [INFO] [1790603673.574032705] [depth_angular_controller]: BRAKING_FALLBACK
[depth_angular_controller-1] [INFO] [1790603673.584960878] [depth_angular_controller]: NO_REGULAR_FIELD
[depth_angular_controller-1] [INFO] [1790603673.665356249] [depth_angular_controller]: BRAKING_FALLBACK
[depth_angular_controller-1] [INFO] [1790603673.678365457] [depth_angular_controller]: NO_REGULAR_FIELD
[depth_angular_controller-1] [INFO] [1790603673.761504683] [depth_angular_controller]: BRAKING_FALLBACK
[depth_angular_controller-1] [INFO] [1790603673.774559849] [depth_angular_controller]: NO_REGULAR_FIELD
[depth_angular_controller-1] [INFO] [1790603673.845924028] [depth_angular_controller]: BRAKING_FALLBACK
[depth_angular_controller-1] [INFO] [1790603673.858550437] [depth_angular_controller]: NO_REGULAR_FIELD
[depth_angular_controller-1] [INFO] [1790603673.923601226] [depth_angular_controller]: BRAKING_FALLBACK
[depth_angular_controller-1] [INFO] [1790603673.961596207] [depth_angular_controller]: NO_REGULAR_FIELD
[depth_angular_controller-1] [INFO] [1790603674.057398787] [depth_angular_controller]: BRAKING_FALLBACK
[depth_angular_controller-1] [INFO] [1790603674.057433063] [depth_angular_controller]: PAPER_BUILD reason=READY required=0.0100 best=3.6217 free=268 refined=0 tubes=35 revoked_tubes=0
[depth_angular_controller-1] [INFO] [1790603674.057441680] [depth_angular_controller]: PAPER_EVIDENCE retained=32 balls=32 revoked_balls=0 expired_views=0 evicted_views=37 radius=0.580 clearance=0.015 best_prefix=3.622
[depth_angular_controller-1] [INFO] [1790603674.068941356] [depth_angular_controller]: NO_REGULAR_FIELD
[depth_angular_controller-1] [INFO] [1790603674.203283391] [depth_angular_controller]: BRAKING_FALLBACK
[depth_angular_controller-1] [INFO] [1790603674.217485020] [depth_angular_controller]: NO_REGULAR_FIELD
[depth_angular_controller-1] [INFO] [1790603674.299083678] [depth_angular_controller]: BRAKING_FALLBACK
[depth_angular_controller-1] [INFO] [1790603674.311158675] [depth_angular_controller]: NO_REGULAR_FIELD
[depth_angular_controller-1] [INFO] [1790603674.394962367] [depth_angular_controller]: BRAKING_FALLBACK
[depth_angular_controller-1] [INFO] [1790603674.408197651] [depth_angular_controller]: NO_REGULAR_FIELD
[depth_angular_controller-1] [INFO] [1790603674.500013411] [depth_angular_controller]: BRAKING_FALLBACK
[depth_angular_controller-1] [INFO] [1790603674.512596408] [depth_angular_controller]: NO_REGULAR_FIELD
[depth_angular_controller-1] [INFO] [1790603674.590586283] [depth_angular_controller]: BRAKING_FALLBACK
[depth_angular_controller-1] [INFO] [1790603674.602841798] [depth_angular_controller]: NO_REGULAR_FIELD
[depth_angular_controller-1] [INFO] [1790603674.684544457] [depth_angular_controller]: BRAKING_FALLBACK
[depth_angular_controller-1] [INFO] [1790603674.698933207] [depth_angular_controller]: NO_REGULAR_FIELD
[depth_angular_controller-1] [INFO] [1790603674.771960007] [depth_angular_controller]: BRAKING_FALLBACK
[depth_angular_controller-1] [INFO] [1790603674.785932925] [depth_angular_controller]: NO_REGULAR_FIELD
[depth_angular_controller-1] [INFO] [1790603674.871261830] [depth_angular_controller]: BRAKING_FALLBACK
[depth_angular_controller-1] [INFO] [1790603674.883964056] [depth_angular_controller]: NO_REGULAR_FIELD
[depth_angular_controller-1] [INFO] [1790603674.954441598] [depth_angular_controller]: BRAKING_FALLBACK
[depth_angular_controller-1] [INFO] [1790603674.967575097] [depth_angular_controller]: NO_REGULAR_FIELD
[depth_angular_controller-1] [INFO] [1790603675.014199590] [depth_angular_controller]: PAPER_BUILD reason=NO_CERTIFIED_DIRECTION required=0.0100 best=0.0000 free=0 refined=0 tubes=35 revoked_tubes=0
[depth_angular_controller-1] [INFO] [1790603675.014238896] [depth_angular_controller]: PAPER_EVIDENCE retained=32 balls=32 revoked_balls=0 expired_views=0 evicted_views=37 radius=0.580 clearance=0.000 best_prefix=0.000
[depth_angular_controller-1] [INFO] [1790603675.083061680] [depth_angular_controller]: BRAKING_FALLBACK
[depth_angular_controller-1] [INFO] [1790603675.094988852] [depth_angular_controller]: NO_REGULAR_FIELD
[depth_angular_controller-1] [INFO] [1790603675.176996713] [depth_angular_controller]: BRAKING_FALLBACK
[depth_angular_controller-1] [INFO] [1790603675.188606212] [depth_angular_controller]: NO_REGULAR_FIELD
[depth_angular_controller-1] [INFO] [1790603675.271174265] [depth_angular_controller]: BRAKING_FALLBACK
[depth_angular_controller-1] [INFO] [1790603675.284532248] [depth_angular_controller]: NO_REGULAR_FIELD
[depth_angular_controller-1] [INFO] [1790603675.366772198] [depth_angular_controller]: BRAKING_FALLBACK
[depth_angular_controller-1] [INFO] [1790603675.380678477] [depth_angular_controller]: NO_REGULAR_FIELD
[depth_angular_controller-1] [INFO] [1790603675.468386417] [depth_angular_controller]: BRAKING_FALLBACK
[depth_angular_controller-1] [INFO] [1790603675.480426878] [depth_angular_controller]: NO_REGULAR_FIELD
[depth_angular_controller-1] [INFO] [1790603675.619783826] [depth_angular_controller]: BRAKING_FALLBACK
[depth_angular_controller-1] [INFO] [1790603675.633530428] [depth_angular_controller]: NO_REGULAR_FIELD
[position_cmd_to_twist-2] [INFO] [1790603675.687001934] [position_cmd_to_twist]: [PERF BRIDGE] run=continuous9 elapsed=51.35s received=1759 published=1758 fps(ros/wall)=44.10/46.84 controller_to_bridge_ms(mean/p50/p95/max)=8.973/0.000/50.000/150.000 bridge_process_ms(mean/p95/max)=0.104/0.136/2.188
[depth_angular_controller-1] [INFO] [1790603675.712831248] [depth_angular_controller]: BRAKING_FALLBACK
[depth_angular_controller-1] [INFO] [1790603675.725153472] [depth_angular_controller]: NO_REGULAR_FIELD
[NAV] t=40.0s position=(-52.84,-8.54,2.94) yaw=7.8deg command=(0.00,0.00,0.00) manual_active=1 collision_blocks=0
[depth_angular_controller-1] [INFO] [1790603675.804946240] [depth_angular_controller]: BRAKING_FALLBACK
[depth_angular_controller-1] [INFO] [1790603675.820293320] [depth_angular_controller]: NO_REGULAR_FIELD
[depth_angular_controller-1] [INFO] [1790603675.900857146] [depth_angular_controller]: BRAKING_FALLBACK
[depth_angular_controller-1] [INFO] [1790603675.901272147] [depth_angular_controller]: PAPER_BUILD reason=READY required=0.0100 best=3.6217 free=268 refined=0 tubes=35 revoked_tubes=0
[depth_angular_controller-1] [INFO] [1790603675.901284581] [depth_angular_controller]: PAPER_EVIDENCE retained=32 balls=32 revoked_balls=0 expired_views=0 evicted_views=37 radius=0.580 clearance=0.015 best_prefix=3.622
[depth_angular_controller-1] [INFO] [1790603675.914290113] [depth_angular_controller]: NO_REGULAR_FIELD
[depth_angular_controller-1] [INFO] [1790603675.975804205] [depth_angular_controller]: BRAKING_FALLBACK
[depth_angular_controller-1] [INFO] [1790603676.035829006] [depth_angular_controller]: NO_REGULAR_FIELD
[depth_angular_controller-1] [INFO] [1790603676.115366787] [depth_angular_controller]: BRAKING_FALLBACK
[depth_angular_controller-1] [INFO] [1790603676.128265585] [depth_angular_controller]: NO_REGULAR_FIELD
[depth_angular_controller-1] [INFO] [1790603676.205504370] [depth_angular_controller]: BRAKING_FALLBACK
[depth_angular_controller-1] [INFO] [1790603676.221377866] [depth_angular_controller]: NO_REGULAR_FIELD
[depth_angular_controller-1] [INFO] [1790603676.317447744] [depth_angular_controller]: BRAKING_FALLBACK
[depth_angular_controller-1] [INFO] [1790603676.329696738] [depth_angular_controller]: NO_REGULAR_FIELD
[depth_angular_controller-1] [INFO] [1790603676.411680378] [depth_angular_controller]: BRAKING_FALLBACK
[depth_angular_controller-1] [INFO] [1790603676.424521904] [depth_angular_controller]: NO_REGULAR_FIELD
[depth_angular_controller-1] [INFO] [1790603676.509654891] [depth_angular_controller]: BRAKING_FALLBACK
[depth_angular_controller-1] [INFO] [1790603676.521682327] [depth_angular_controller]: NO_REGULAR_FIELD
[depth_angular_controller-1] [INFO] [1790603676.606283878] [depth_angular_controller]: BRAKING_FALLBACK
[depth_angular_controller-1] [INFO] [1790603676.618003390] [depth_angular_controller]: NO_REGULAR_FIELD
[depth_angular_controller-1] [INFO] [1790603676.693177191] [depth_angular_controller]: BRAKING_FALLBACK
[depth_angular_controller-1] [INFO] [1790603676.707642490] [depth_angular_controller]: NO_REGULAR_FIELD
[depth_angular_controller-1] [INFO] [1790603676.786957151] [depth_angular_controller]: BRAKING_FALLBACK
[depth_angular_controller-1] [INFO] [1790603676.786993521] [depth_angular_controller]: PAPER_BUILD reason=READY required=0.0100 best=3.6217 free=268 refined=0 tubes=35 revoked_tubes=0
[depth_angular_controller-1] [INFO] [1790603676.787004031] [depth_angular_controller]: PAPER_EVIDENCE retained=32 balls=32 revoked_balls=0 expired_views=0 evicted_views=37 radius=0.580 clearance=0.015 best_prefix=3.622
[depth_angular_controller-1] [INFO] [1790603676.801267321] [depth_angular_controller]: NO_REGULAR_FIELD
[depth_angular_controller-1] [INFO] [1790603676.887354238] [depth_angular_controller]: BRAKING_FALLBACK
[depth_angular_controller-1] [INFO] [1790603676.901354400] [depth_angular_controller]: NO_REGULAR_FIELD
[depth_angular_controller-1] [INFO] [1790603676.981517106] [depth_angular_controller]: BRAKING_FALLBACK
[depth_angular_controller-1] [INFO] [1790603676.992223393] [depth_angular_controller]: NO_REGULAR_FIELD
[depth_angular_controller-1] [INFO] [1790603677.121106829] [depth_angular_controller]: BRAKING_FALLBACK
[depth_angular_controller-1] [INFO] [1790603677.139364156] [depth_angular_controller]: NO_REGULAR_FIELD
[depth_angular_controller-1] [INFO] [1790603677.218319598] [depth_angular_controller]: BRAKING_FALLBACK
[depth_angular_controller-1] [INFO] [1790603677.230768227] [depth_angular_controller]: NO_REGULAR_FIELD
[depth_angular_controller-1] [INFO] [1790603677.310509094] [depth_angular_controller]: BRAKING_FALLBACK
[depth_angular_controller-1] [INFO] [1790603677.323157449] [depth_angular_controller]: NO_REGULAR_FIELD
[depth_angular_controller-1] [INFO] [1790603677.399838743] [depth_angular_controller]: BRAKING_FALLBACK
[depth_angular_controller-1] [INFO] [1790603677.410260882] [depth_angular_controller]: NO_REGULAR_FIELD
[depth_angular_controller-1] [INFO] [1790603677.535307726] [depth_angular_controller]: BRAKING_FALLBACK
[depth_angular_controller-1] [INFO] [1790603677.550733279] [depth_angular_controller]: NO_REGULAR_FIELD
[depth_angular_controller-1] [INFO] [1790603677.630468325] [depth_angular_controller]: BRAKING_FALLBACK
[depth_angular_controller-1] [INFO] [1790603677.641995787] [depth_angular_controller]: NO_REGULAR_FIELD
[depth_angular_controller-1] [INFO] [1790603677.728083921] [depth_angular_controller]: BRAKING_FALLBACK
[depth_angular_controller-1] [INFO] [1790603677.728119189] [depth_angular_controller]: PAPER_BUILD reason=READY required=0.0100 best=3.6217 free=268 refined=0 tubes=35 revoked_tubes=0
[depth_angular_controller-1] [INFO] [1790603677.728130361] [depth_angular_controller]: PAPER_EVIDENCE retained=32 balls=32 revoked_balls=0 expired_views=0 evicted_views=37 radius=0.580 clearance=0.015 best_prefix=3.622
[depth_angular_controller-1] [INFO] [1790603677.741311984] [depth_angular_controller]: NO_REGULAR_FIELD
[depth_angular_controller-1] [INFO] [1790603677.885007440] [depth_angular_controller]: BRAKING_FALLBACK
[depth_angular_controller-1] [INFO] [1790603677.897672146] [depth_angular_controller]: NO_REGULAR_FIELD
[depth_angular_controller-1] [INFO] [1790603677.984472504] [depth_angular_controller]: BRAKING_FALLBACK
[depth_angular_controller-1] [INFO] [1790603677.998420316] [depth_angular_controller]: NO_REGULAR_FIELD
[depth_angular_controller-1] [INFO] [1790603678.074206507] [depth_angular_controller]: BRAKING_FALLBACK
[depth_angular_controller-1] [INFO] [1790603678.087160853] [depth_angular_controller]: NO_REGULAR_FIELD
[depth_angular_controller-1] [INFO] [1790603678.166409806] [depth_angular_controller]: BRAKING_FALLBACK
[depth_angular_controller-1] [INFO] [1790603678.179014106] [depth_angular_controller]: NO_REGULAR_FIELD
[depth_angular_controller-1] [INFO] [1790603678.254063425] [depth_angular_controller]: [PERF CTRL] run=continuous9 elapsed=53.93s callbacks=1861 commands=1860 guidance=1610 command_fps(ros/wall)=43.52/46.35 guidance_wall_fps=40.94 avoid_ms(mean/p50/p95/max)=5.957/1.194/42.404/97.026 cycle_ms(mean/p95/max)=21.576/56.256/123.943 depth_to_cmd_ms(mean/p95/max)=19.306/33.333/50.000 callback_to_publish_ms(mean/p95/max)=14.462/52.037/107.982
[depth_angular_controller-1] [INFO] [1790603678.254164089] [depth_angular_controller]: BRAKING_FALLBACK
[depth_angular_controller-1] [INFO] [1790603678.265643209] [depth_angular_controller]: NO_REGULAR_FIELD
[depth_angular_controller-1] [INFO] [1790603678.351401361] [depth_angular_controller]: BRAKING_FALLBACK
[depth_angular_controller-1] [INFO] [1790603678.363350497] [depth_angular_controller]: NO_REGULAR_FIELD
[depth_angular_controller-1] [INFO] [1790603678.455058209] [depth_angular_controller]: BRAKING_FALLBACK
[depth_angular_controller-1] [INFO] [1790603678.469315739] [depth_angular_controller]: NO_REGULAR_FIELD
[depth_angular_controller-1] [INFO] [1790603678.551876342] [depth_angular_controller]: BRAKING_FALLBACK
[depth_angular_controller-1] [INFO] [1790603678.563516542] [depth_angular_controller]: NO_REGULAR_FIELD
[depth_angular_controller-1] [INFO] [1790603678.591372190] [depth_angular_controller]: PAPER_BUILD reason=NO_CERTIFIED_DIRECTION required=0.0100 best=0.0000 free=0 refined=0 tubes=35 revoked_tubes=0
[depth_angular_controller-1] [INFO] [1790603678.591412337] [depth_angular_controller]: PAPER_EVIDENCE retained=32 balls=32 revoked_balls=0 expired_views=0 evicted_views=37 radius=0.580 clearance=0.000 best_prefix=0.000
[depth_angular_controller-1] [INFO] [1790603678.638399861] [depth_angular_controller]: BRAKING_FALLBACK
[depth_angular_controller-1] [INFO] [1790603678.654461653] [depth_angular_controller]: NO_REGULAR_FIELD
[depth_angular_controller-1] [INFO] [1790603678.735978842] [depth_angular_controller]: BRAKING_FALLBACK
[depth_angular_controller-1] [INFO] [1790603678.747361114] [depth_angular_controller]: NO_REGULAR_FIELD
[depth_angular_controller-1] [INFO] [1790603678.822091478] [depth_angular_controller]: BRAKING_FALLBACK
[depth_angular_controller-1] [INFO] [1790603678.879986809] [depth_angular_controller]: NO_REGULAR_FIELD
[depth_angular_controller-1] [INFO] [1790603678.962326625] [depth_angular_controller]: BRAKING_FALLBACK
[depth_angular_controller-1] [INFO] [1790603678.976246504] [depth_angular_controller]: NO_REGULAR_FIELD
[depth_angular_controller-1] [INFO] [1790603679.053141297] [depth_angular_controller]: BRAKING_FALLBACK
[depth_angular_controller-1] [INFO] [1790603679.065834028] [depth_angular_controller]: NO_REGULAR_FIELD
[depth_angular_controller-1] [INFO] [1790603679.145478158] [depth_angular_controller]: BRAKING_FALLBACK
[depth_angular_controller-1] [INFO] [1790603679.160980601] [depth_angular_controller]: NO_REGULAR_FIELD
[depth_angular_controller-1] [INFO] [1790603679.248399753] [depth_angular_controller]: BRAKING_FALLBACK
[depth_angular_controller-1] [INFO] [1790603679.260553685] [depth_angular_controller]: NO_REGULAR_FIELD
[depth_angular_controller-1] [INFO] [1790603679.343297897] [depth_angular_controller]: BRAKING_FALLBACK
[depth_angular_controller-1] [INFO] [1790603679.354631947] [depth_angular_controller]: ZERO_INTENT
[position_cmd_to_twist-2] [INFO] [1790603680.085882637] [position_cmd_to_twist]: [PERF BRIDGE] run=continuous9 elapsed=55.75s received=1949 published=1948 fps(ros/wall)=43.39/46.43 controller_to_bridge_ms(mean/p50/p95/max)=9.860/0.000/66.667/150.000 bridge_process_ms(mean/p95/max)=0.104/0.135/2.188
[NAV] t=45.0s position=(-52.84,-8.54,2.94) yaw=7.8deg command=(0.00,0.00,0.00) manual_active=0 collision_blocks=0
[depth_angular_controller-1] [INFO] [1790603681.813485935] [depth_angular_controller]: 3D guidance switched to view 2
[depth_angular_controller-1] [INFO] [1790603681.815739283] [depth_angular_controller]: NO_REGULAR_FIELD
[depth_angular_controller-1] [INFO] [1790603681.815754613] [depth_angular_controller]: PAPER_BUILD reason=NO_CERTIFIED_DIRECTION required=0.0100 best=0.0000 free=0 refined=0 tubes=35 revoked_tubes=0
[depth_angular_controller-1] [INFO] [1790603681.815763219] [depth_angular_controller]: PAPER_EVIDENCE retained=32 balls=32 revoked_balls=0 expired_views=0 evicted_views=37 radius=0.580 clearance=0.000 best_prefix=0.000
[depth_angular_controller-1] [INFO] [1790603681.859029319] [depth_angular_controller]: TARGET_HOLD
[depth_angular_controller-1] [INFO] [1790603682.318556211] [depth_angular_controller]: OUTSIDE_FLOW_BOX
[depth_angular_controller-1] [INFO] [1790603682.338643685] [depth_angular_controller]: STATE_OUTSIDE_FREE_DOMAIN
[depth_angular_controller-1] [INFO] [1790603682.427870220] [depth_angular_controller]: NO_REGULAR_FIELD
[depth_angular_controller-1] [INFO] [1790603682.438937336] [depth_angular_controller]: 3D guidance switched to view 1
[depth_angular_controller-1] [INFO] [1790603682.607629208] [depth_angular_controller]: OUTSIDE_FLOW_BOX
[depth_angular_controller-1] [INFO] [1790603682.808747926] [depth_angular_controller]: TARGET_HOLD
[depth_angular_controller-1] [INFO] [1790603682.846170412] [depth_angular_controller]: PAPER_BUILD reason=READY required=0.0100 best=3.6217 free=3 refined=0 tubes=62 revoked_tubes=0
[depth_angular_controller-1] [INFO] [1790603682.846208085] [depth_angular_controller]: PAPER_EVIDENCE retained=32 balls=32 revoked_balls=0 expired_views=0 evicted_views=41 radius=0.580 clearance=0.667 best_prefix=3.622
[depth_angular_controller-1] [INFO] [1790603682.893286104] [depth_angular_controller]: ANGULAR_STEP_BLOCKED
[depth_angular_controller-1] [INFO] [1790603682.905289567] [depth_angular_controller]: STATE_OUTSIDE_FREE_DOMAIN
[depth_angular_controller-1] [INFO] [1790603682.981786717] [depth_angular_controller]: TARGET_HOLD
[depth_angular_controller-1] [INFO] [1790603683.092219019] [depth_angular_controller]: ANGULAR_STEP_BLOCKED
[depth_angular_controller-1] [INFO] [1790603683.103282289] [depth_angular_controller]: STATE_OUTSIDE_FREE_DOMAIN
[depth_angular_controller-1] [INFO] [1790603683.189250911] [depth_angular_controller]: ANGULAR_STEP_BLOCKED
[depth_angular_controller-1] [INFO] [1790603683.202711197] [depth_angular_controller]: TARGET_HOLD
[depth_angular_controller-1] [INFO] [1790603683.257230247] [depth_angular_controller]: [PERF CTRL] run=continuous9 elapsed=58.93s callbacks=2127 commands=2126 guidance=1727 command_fps(ros/wall)=43.86/47.10 guidance_wall_fps=38.96 avoid_ms(mean/p50/p95/max)=5.926/1.209/42.363/97.026 cycle_ms(mean/p95/max)=21.230/55.860/123.943 depth_to_cmd_ms(mean/p95/max)=19.967/33.333/50.000 callback_to_publish_ms(mean/p95/max)=14.224/51.829/107.982
[depth_angular_controller-1] [INFO] [1790603683.291106993] [depth_angular_controller]: ANGULAR_STEP_BLOCKED
[depth_angular_controller-1] [INFO] [1790603683.305763186] [depth_angular_controller]: STATE_OUTSIDE_FREE_DOMAIN
[depth_angular_controller-1] [INFO] [1790603683.387950491] [depth_angular_controller]: TARGET_HOLD
[depth_angular_controller-1] [INFO] [1790603683.489898671] [depth_angular_controller]: ANGULAR_STEP_BLOCKED
[depth_angular_controller-1] [INFO] [1790603683.537608231] [depth_angular_controller]: STATE_OUTSIDE_FREE_DOMAIN
[depth_angular_controller-1] [INFO] [1790603683.584543256] [depth_angular_controller]: ANGULAR_STEP_BLOCKED
[depth_angular_controller-1] [INFO] [1790603683.628137043] [depth_angular_controller]: TARGET_HOLD
[depth_angular_controller-1] [INFO] [1790603683.684675351] [depth_angular_controller]: ANGULAR_STEP_BLOCKED
[depth_angular_controller-1] [INFO] [1790603683.715895129] [depth_angular_controller]: STATE_OUTSIDE_FREE_DOMAIN
[depth_angular_controller-1] [INFO] [1790603683.764666117] [depth_angular_controller]: REFERENCE_INITIALIZATION
[depth_angular_controller-1] [INFO] [1790603683.764698770] [depth_angular_controller]: PAPER_BUILD reason=READY required=0.0137 best=3.6217 free=4 refined=0 tubes=100 revoked_tubes=0
[depth_angular_controller-1] [INFO] [1790603683.764708288] [depth_angular_controller]: PAPER_EVIDENCE retained=32 balls=32 revoked_balls=0 expired_views=0 evicted_views=45 radius=0.580 clearance=0.667 best_prefix=3.622
[depth_angular_controller-1] [INFO] [1790603683.781076045] [depth_angular_controller]: TARGET_HOLD
[depth_angular_controller-1] [INFO] [1790603683.872860581] [depth_angular_controller]: ANGULAR_STEP_BLOCKED
[depth_angular_controller-1] [INFO] [1790603683.965370136] [depth_angular_controller]: STATE_OUTSIDE_FREE_DOMAIN
[depth_angular_controller-1] [INFO] [1790603684.061127482] [depth_angular_controller]: TARGET_HOLD
[depth_angular_controller-1] [INFO] [1790603684.113500875] [depth_angular_controller]: 3D guidance switched to view 0
[depth_angular_controller-1] [INFO] [1790603684.145292969] [depth_angular_controller]: ANGULAR_STEP_BLOCKED
[depth_angular_controller-1] [INFO] [1790603684.157295212] [depth_angular_controller]: STATE_OUTSIDE_FREE_DOMAIN
[depth_angular_controller-1] [INFO] [1790603684.299254813] [depth_angular_controller]: ANGULAR_STEP_BLOCKED
[depth_angular_controller-1] [INFO] [1790603684.312019868] [depth_angular_controller]: TARGET_HOLD
[depth_angular_controller-1] [INFO] [1790603684.494596865] [depth_angular_controller]: ANGULAR_STEP_BLOCKED
[depth_angular_controller-1] [INFO] [1790603684.509382659] [depth_angular_controller]: STATE_OUTSIDE_FREE_DOMAIN
[depth_angular_controller-1] [INFO] [1790603684.585939954] [depth_angular_controller]: ANGULAR_STEP_BLOCKED
[depth_angular_controller-1] [INFO] [1790603684.686862360] [depth_angular_controller]: REFERENCE_INITIALIZATION
[position_cmd_to_twist-2] [INFO] [1790603684.701755210] [position_cmd_to_twist]: [PERF BRIDGE] run=continuous9 elapsed=60.36s received=2199 published=2198 fps(ros/wall)=44.05/47.20 controller_to_bridge_ms(mean/p50/p95/max)=9.042/0.000/50.000/150.000 bridge_process_ms(mean/p95/max)=0.108/0.135/3.781
[NAV] t=50.0s position=(-53.20,-8.54,2.94) yaw=176.6deg command=(-0.10,0.00,0.00) manual_active=1 collision_blocks=0
[depth_angular_controller-1] [INFO] [1790603684.778891081] [depth_angular_controller]: ANGULAR_STEP_BLOCKED
[depth_angular_controller-1] [INFO] [1790603684.778926910] [depth_angular_controller]: PAPER_BUILD reason=READY required=0.0185 best=3.6217 free=6 refined=0 tubes=128 revoked_tubes=0
[depth_angular_controller-1] [INFO] [1790603684.778937070] [depth_angular_controller]: PAPER_EVIDENCE retained=32 balls=32 revoked_balls=0 expired_views=0 evicted_views=49 radius=0.580 clearance=0.000 best_prefix=3.622
[depth_angular_controller-1] [INFO] [1790603684.792958029] [depth_angular_controller]: TARGET_HOLD
[depth_angular_controller-1] [INFO] [1790603684.886897729] [depth_angular_controller]: ANGULAR_STEP_BLOCKED
[depth_angular_controller-1] [INFO] [1790603684.900796211] [depth_angular_controller]: STATE_OUTSIDE_FREE_DOMAIN
[depth_angular_controller-1] [INFO] [1790603684.976673703] [depth_angular_controller]: ANGULAR_STEP_BLOCKED
[depth_angular_controller-1] [INFO] [1790603685.200629426] [depth_angular_controller]: TARGET_HOLD
[depth_angular_controller-1] [INFO] [1790603685.356444796] [depth_angular_controller]: ANGULAR_STEP_BLOCKED
[depth_angular_controller-1] [INFO] [1790603685.382379888] [depth_angular_controller]: TARGET_HOLD
[depth_angular_controller-1] [INFO] [1790603685.445952518] [depth_angular_controller]: ANGULAR_STEP_BLOCKED
[depth_angular_controller-1] [INFO] [1790603685.479041747] [depth_angular_controller]: TARGET_HOLD
[depth_angular_controller-1] [INFO] [1790603685.540013347] [depth_angular_controller]: ANGULAR_STEP_BLOCKED
[depth_angular_controller-1] [INFO] [1790603685.571649582] [depth_angular_controller]: TARGET_HOLD
[depth_angular_controller-1] [INFO] [1790603685.670123778] [depth_angular_controller]: ANGULAR_STEP_BLOCKED
[depth_angular_controller-1] [INFO] [1790603685.683717583] [depth_angular_controller]: STATE_OUTSIDE_FREE_DOMAIN
[depth_angular_controller-1] [INFO] [1790603685.766608184] [depth_angular_controller]: ANGULAR_STEP_BLOCKED
[depth_angular_controller-1] [INFO] [1790603685.957197113] [depth_angular_controller]: PAPER_BUILD reason=READY required=0.0350 best=3.6217 free=7 refined=0 tubes=128 revoked_tubes=0
[depth_angular_controller-1] [INFO] [1790603685.957613257] [depth_angular_controller]: PAPER_EVIDENCE retained=32 balls=32 revoked_balls=0 expired_views=0 evicted_views=53 radius=0.580 clearance=0.000 best_prefix=3.622
[depth_angular_controller-1] [INFO] [1790603686.010974570] [depth_angular_controller]: TRACKING
[depth_angular_controller-1] [INFO] [1790603686.025567524] [depth_angular_controller]: OUTSIDE_FLOW_BOX
[depth_angular_controller-1] [INFO] [1790603686.041972074] [depth_angular_controller]: TARGET_HOLD
[depth_angular_controller-1] [INFO] [1790603686.107598531] [depth_angular_controller]: 3D guidance switched to view 1
[depth_angular_controller-1] [INFO] [1790603686.278127155] [depth_angular_controller]: 3D guidance switched to view 0
[depth_angular_controller-1] [INFO] [1790603686.463202423] [depth_angular_controller]: BRAKING_FALLBACK
[depth_angular_controller-1] [INFO] [1790603686.510744237] [depth_angular_controller]: TARGET_HOLD
[depth_angular_controller-1] [INFO] [1790603686.645502967] [depth_angular_controller]: BRAKING_FALLBACK
[depth_angular_controller-1] [INFO] [1790603686.692448801] [depth_angular_controller]: TARGET_HOLD
[depth_angular_controller-1] [INFO] [1790603686.798286554] [depth_angular_controller]: BRAKING_FALLBACK
[depth_angular_controller-1] [INFO] [1790603686.919824377] [depth_angular_controller]: 3D guidance switched to view 3
[depth_angular_controller-1] [INFO] [1790603686.920072667] [depth_angular_controller]: TARGET_HOLD
[depth_angular_controller-1] [INFO] [1790603687.023951621] [depth_angular_controller]: 3D guidance switched to view 0
[depth_angular_controller-1] [INFO] [1790603687.024056543] [depth_angular_controller]: STATE_OUTSIDE_FREE_DOMAIN
[depth_angular_controller-1] [INFO] [1790603687.053816711] [depth_angular_controller]: PAPER_BUILD reason=READY required=0.0100 best=3.6217 free=4 refined=0 tubes=129 revoked_tubes=0
[depth_angular_controller-1] [INFO] [1790603687.053851227] [depth_angular_controller]: PAPER_EVIDENCE retained=14 balls=32 revoked_balls=0 expired_views=0 evicted_views=57 radius=0.580 clearance=0.000 best_prefix=3.622
[depth_angular_controller-1] [INFO] [1790603687.074759140] [depth_angular_controller]: TARGET_HOLD
[depth_angular_controller-1] [INFO] [1790603687.291030338] [depth_angular_controller]: OUTSIDE_FLOW_BOX
[depth_angular_controller-1] [INFO] [1790603687.297417104] [depth_angular_controller]: TARGET_HOLD
[depth_angular_controller-1] [INFO] [1790603687.381603746] [depth_angular_controller]: OUTSIDE_FLOW_BOX
[depth_angular_controller-1] [INFO] [1790603687.390961015] [depth_angular_controller]: TARGET_HOLD
[depth_angular_controller-1] [INFO] [1790603687.468448358] [depth_angular_controller]: OUTSIDE_FLOW_BOX
[depth_angular_controller-1] [INFO] [1790603687.484301735] [depth_angular_controller]: TARGET_HOLD
[depth_angular_controller-1] [INFO] [1790603687.575193177] [depth_angular_controller]: NO_REGULAR_FIELD
[depth_angular_controller-1] [INFO] [1790603687.643103305] [depth_angular_controller]: ANGULAR_STEP_BLOCKED
[depth_angular_controller-1] [INFO] [1790603687.751066145] [depth_angular_controller]: TARGET_HOLD
[depth_angular_controller-1] [INFO] [1790603687.971839822] [depth_angular_controller]: PAPER_BUILD reason=READY required=0.0256 best=3.6217 free=202 refined=0 tubes=134 revoked_tubes=0
[depth_angular_controller-1] [INFO] [1790603687.971878467] [depth_angular_controller]: PAPER_EVIDENCE retained=18 balls=32 revoked_balls=0 expired_views=0 evicted_views=57 radius=0.580 clearance=0.046 best_prefix=3.622
[depth_angular_controller-1] [INFO] [1790603688.024262410] [depth_angular_controller]: ANGULAR_STEP_BLOCKED
[depth_angular_controller-1] [INFO] [1790603688.035014101] [depth_angular_controller]: TARGET_HOLD
[depth_angular_controller-1] [INFO] [1790603688.132102709] [depth_angular_controller]: ANGULAR_STEP_BLOCKED
[depth_angular_controller-1] [INFO] [1790603688.142728859] [depth_angular_controller]: TARGET_HOLD
[depth_angular_controller-1] [INFO] [1790603688.236218832] [depth_angular_controller]: NO_REGULAR_FIELD
[depth_angular_controller-1] [INFO] [1790603688.267152827] [depth_angular_controller]: [PERF CTRL] run=continuous9 elapsed=63.94s callbacks=2368 commands=2367 guidance=1968 command_fps(ros/wall)=44.39/47.20 guidance_wall_fps=39.89 avoid_ms(mean/p50/p95/max)=5.363/1.008/42.160/97.026 cycle_ms(mean/p95/max)=21.185/55.539/157.032 depth_to_cmd_ms(mean/p95/max)=20.037/33.333/50.000 callback_to_publish_ms(mean/p95/max)=13.987/51.204/107.982
[depth_angular_controller-1] [INFO] [1790603688.283114915] [depth_angular_controller]: ANGULAR_STEP_BLOCKED
[depth_angular_controller-1] [INFO] [1790603688.348369371] [depth_angular_controller]: TARGET_HOLD
[depth_angular_controller-1] [INFO] [1790603688.383227670] [depth_angular_controller]: NO_REGULAR_FIELD
[depth_angular_controller-1] [INFO] [1790603688.433414875] [depth_angular_controller]: BRAKING_FALLBACK
[depth_angular_controller-1] [INFO] [1790603688.449417060] [depth_angular_controller]: TARGET_HOLD
[depth_angular_controller-1] [INFO] [1790603688.502897171] [depth_angular_controller]: 3D guidance switched to view 3
[depth_angular_controller-1] [INFO] [1790603688.599988294] [depth_angular_controller]: 3D guidance switched to view 0
[depth_angular_controller-1] [INFO] [1790603688.876225592] [depth_angular_controller]: PAPER_BUILD reason=READY required=0.0991 best=0.9092 free=352 refined=0 tubes=159 revoked_tubes=0
[depth_angular_controller-1] [INFO] [1790603688.876264968] [depth_angular_controller]: PAPER_EVIDENCE retained=14 balls=32 revoked_balls=0 expired_views=0 evicted_views=57 radius=0.580 clearance=0.149 best_prefix=0.909
[depth_angular_controller-1] [INFO] [1790603689.284207141] [depth_angular_controller]: BRAKING_FALLBACK
[depth_angular_controller-1] [INFO] [1790603689.331301098] [depth_angular_controller]: TARGET_HOLD
[depth_angular_controller-1] [INFO] [1790603689.501747471] [depth_angular_controller]: BRAKING_FALLBACK
[depth_angular_controller-1] [INFO] [1790603689.626071222] [depth_angular_controller]: TARGET_HOLD
[depth_angular_controller-1] [INFO] [1790603689.639851599] [depth_angular_controller]: 3D guidance switched to view 1
[depth_angular_controller-1] [INFO] [1790603689.678053604] [depth_angular_controller]: TRACKING
[depth_angular_controller-1] [INFO] [1790603689.717638768] [depth_angular_controller]: 3D guidance switched to view 0
[depth_angular_controller-1] [INFO] [1790603689.717739934] [depth_angular_controller]: STATE_OUTSIDE_FREE_DOMAIN
[depth_angular_controller-1] [INFO] [1790603689.811971282] [depth_angular_controller]: 3D guidance switched to view 1
[depth_angular_controller-1] [INFO] [1790603689.812293214] [depth_angular_controller]: REFERENCE_INITIALIZATION
[depth_angular_controller-1] [INFO] [1790603689.826190427] [depth_angular_controller]: TRACKING
[position_cmd_to_twist-2] [INFO] [1790603689.836064846] [position_cmd_to_twist]: [PERF BRIDGE] run=continuous9 elapsed=65.50s received=2447 published=2446 fps(ros/wall)=44.55/47.31 controller_to_bridge_ms(mean/p50/p95/max)=8.453/0.000/50.000/150.000 bridge_process_ms(mean/p95/max)=0.108/0.135/3.781
[depth_angular_controller-1] [INFO] [1790603689.891338371] [depth_angular_controller]: 3D guidance switched to view 0
[NAV] t=55.0s position=(-53.70,-8.42,2.94) yaw=137.5deg command=(-0.08,0.00,0.01) manual_active=1 collision_blocks=0
[depth_angular_controller-1] [INFO] [1790603689.979447753] [depth_angular_controller]: PAPER_BUILD reason=READY required=0.0100 best=3.6217 free=5 refined=0 tubes=160 revoked_tubes=0
[depth_angular_controller-1] [INFO] [1790603689.979483893] [depth_angular_controller]: PAPER_EVIDENCE retained=16 balls=32 revoked_balls=0 expired_views=0 evicted_views=57 radius=0.580 clearance=0.667 best_prefix=3.622
[depth_angular_controller-1] [INFO] [1790603690.001185219] [depth_angular_controller]: ANGULAR_STEP_BLOCKED
[depth_angular_controller-1] [INFO] [1790603690.027748771] [depth_angular_controller]: TARGET_HOLD
[depth_angular_controller-1] [INFO] [1790603690.396055309] [depth_angular_controller]: ANGULAR_STEP_BLOCKED
[depth_angular_controller-1] [INFO] [1790603690.407926663] [depth_angular_controller]: STATE_OUTSIDE_FREE_DOMAIN
[depth_angular_controller-1] [INFO] [1790603690.487129669] [depth_angular_controller]: ANGULAR_STEP_BLOCKED
[depth_angular_controller-1] [INFO] [1790603690.860072706] [depth_angular_controller]: TARGET_HOLD
[depth_angular_controller-1] [INFO] [1790603690.876759655] [depth_angular_controller]: PAPER_BUILD reason=READY required=0.0100 best=3.6217 free=5 refined=0 tubes=160 revoked_tubes=0
[depth_angular_controller-1] [INFO] [1790603690.876800043] [depth_angular_controller]: PAPER_EVIDENCE retained=17 balls=32 revoked_balls=0 expired_views=0 evicted_views=57 radius=0.580 clearance=0.667 best_prefix=3.622
[depth_angular_controller-1] [INFO] [1790603690.982891098] [depth_angular_controller]: ANGULAR_STEP_BLOCKED
[depth_angular_controller-1] [INFO] [1790603690.993374312] [depth_angular_controller]: STATE_OUTSIDE_FREE_DOMAIN
[depth_angular_controller-1] [INFO] [1790603691.074769203] [depth_angular_controller]: ANGULAR_STEP_BLOCKED
[depth_angular_controller-1] [INFO] [1790603691.176574080] [depth_angular_controller]: TARGET_HOLD
[depth_angular_controller-1] [INFO] [1790603691.448997090] [depth_angular_controller]: ANGULAR_STEP_BLOCKED
[depth_angular_controller-1] [INFO] [1790603691.475077140] [depth_angular_controller]: STATE_OUTSIDE_FREE_DOMAIN
[depth_angular_controller-1] [INFO] [1790603691.540449414] [depth_angular_controller]: ANGULAR_STEP_BLOCKED
[depth_angular_controller-1] [INFO] [1790603691.583007561] [depth_angular_controller]: TARGET_HOLD
[depth_angular_controller-1] [INFO] [1790603692.101801590] [depth_angular_controller]: PAPER_BUILD reason=READY required=0.1624 best=3.6217 free=17 refined=0 tubes=161 revoked_tubes=0
[depth_angular_controller-1] [INFO] [1790603692.101840676] [depth_angular_controller]: PAPER_EVIDENCE retained=22 balls=32 revoked_balls=0 expired_views=0 evicted_views=57 radius=0.580 clearance=0.667 best_prefix=3.622
[depth_angular_controller-1] [INFO] [1790603692.152441600] [depth_angular_controller]: ANGULAR_STEP_BLOCKED
[depth_angular_controller-1] [INFO] [1790603692.163588026] [depth_angular_controller]: STATE_OUTSIDE_FREE_DOMAIN
[depth_angular_controller-1] [INFO] [1790603692.318916394] [depth_angular_controller]: ANGULAR_STEP_BLOCKED
[depth_angular_controller-1] [INFO] [1790603692.699912887] [depth_angular_controller]: TARGET_HOLD
[depth_angular_controller-1] [INFO] [1790603693.085116133] [depth_angular_controller]: PAPER_BUILD reason=READY required=0.1310 best=3.6217 free=4 refined=0 tubes=161 revoked_tubes=0
[depth_angular_controller-1] [INFO] [1790603693.085155449] [depth_angular_controller]: PAPER_EVIDENCE retained=25 balls=32 revoked_balls=0 expired_views=0 evicted_views=57 radius=0.580 clearance=0.667 best_prefix=3.622
[depth_angular_controller-1] [INFO] [1790603693.270412939] [depth_angular_controller]: [PERF CTRL] run=continuous9 elapsed=68.94s callbacks=2613 commands=2612 guidance=2213 command_fps(ros/wall)=44.86/47.36 guidance_wall_fps=40.73 avoid_ms(mean/p50/p95/max)=4.886/0.866/42.027/97.026 cycle_ms(mean/p95/max)=21.113/55.226/157.032 depth_to_cmd_ms(mean/p95/max)=19.822/33.333/50.000 callback_to_publish_ms(mean/p95/max)=13.641/50.241/107.982
[depth_angular_controller-1] [INFO] [1790603693.831860183] [depth_angular_controller]: NO_REGULAR_FIELD
[depth_angular_controller-1] [INFO] [1790603694.052360135] [depth_angular_controller]: TARGET_HOLD
[depth_angular_controller-1] [INFO] [1790603694.189525769] [depth_angular_controller]: PAPER_BUILD reason=READY required=0.4752 best=3.6217 free=139 refined=0 tubes=163 revoked_tubes=0
[depth_angular_controller-1] [INFO] [1790603694.189561618] [depth_angular_controller]: PAPER_EVIDENCE retained=28 balls=32 revoked_balls=0 expired_views=0 evicted_views=57 radius=0.580 clearance=0.667 best_prefix=3.622
[depth_angular_controller-1] [INFO] [1790603694.202801867] [depth_angular_controller]: ZERO_INTENT
[position_cmd_to_twist-2] [INFO] [1790603695.132293777] [position_cmd_to_twist]: [PERF BRIDGE] run=continuous9 elapsed=70.79s received=2696 published=2695 fps(ros/wall)=44.99/47.28 controller_to_bridge_ms(mean/p50/p95/max)=7.864/0.000/50.000/150.000 bridge_process_ms(mean/p95/max)=0.108/0.135/3.781
[NAV] t=60.0s position=(-55.55,-8.24,2.91) yaw=174.1deg command=(0.00,0.00,0.00) manual_active=0 collision_blocks=0
[depth_angular_controller-1] [INFO] [1790603696.991703226] [depth_angular_controller]: 3D guidance switched to view 1
[depth_angular_controller-1] [INFO] [1790603697.013509414] [depth_angular_controller]: TARGET_HOLD
[depth_angular_controller-1] [INFO] [1790603697.013543289] [depth_angular_controller]: PAPER_BUILD reason=READY required=0.0100 best=3.6217 free=104 refined=0 tubes=164 revoked_tubes=0
[depth_angular_controller-1] [INFO] [1790603697.013553499] [depth_angular_controller]: PAPER_EVIDENCE retained=31 balls=32 revoked_balls=0 expired_views=1 evicted_views=59 radius=0.580 clearance=0.667 best_prefix=3.622
[depth_angular_controller-1] [INFO] [1790603697.346516390] [depth_angular_controller]: BRAKING_FALLBACK
[depth_angular_controller-1] [INFO] [1790603697.392001722] [depth_angular_controller]: TARGET_HOLD
[depth_angular_controller-1] [INFO] [1790603697.524119291] [depth_angular_controller]: BRAKING_FALLBACK
[depth_angular_controller-1] [INFO] [1790603697.571465976] [depth_angular_controller]: TARGET_HOLD
[depth_angular_controller-1] [INFO] [1790603697.585053407] [depth_angular_controller]: 3D guidance switched to view 0
[depth_angular_controller-1] [INFO] [1790603697.687648532] [depth_angular_controller]: BRAKING_FALLBACK
[depth_angular_controller-1] [INFO] [1790603697.751640782] [depth_angular_controller]: TARGET_HOLD
[depth_angular_controller-1] [INFO] [1790603697.936564747] [depth_angular_controller]: BRAKING_FALLBACK
[depth_angular_controller-1] [INFO] [1790603697.936597571] [depth_angular_controller]: PAPER_BUILD reason=READY required=0.0148 best=0.0198 free=352 refined=0 tubes=165 revoked_tubes=0
[depth_angular_controller-1] [INFO] [1790603697.936604975] [depth_angular_controller]: PAPER_EVIDENCE retained=6 balls=32 revoked_balls=0 expired_views=1 evicted_views=59 radius=0.580 clearance=0.021 best_prefix=0.020
[depth_angular_controller-1] [INFO] [1790603697.986934929] [depth_angular_controller]: TARGET_HOLD
[depth_angular_controller-1] [INFO] [1790603698.127169776] [depth_angular_controller]: BRAKING_FALLBACK
[depth_angular_controller-1] [INFO] [1790603698.160787378] [depth_angular_controller]: TARGET_HOLD
[depth_angular_controller-1] [INFO] [1790603698.288795461] [depth_angular_controller]: [PERF CTRL] run=continuous9 elapsed=73.96s callbacks=2872 commands=2871 guidance=2323 command_fps(ros/wall)=45.23/47.72 guidance_wall_fps=39.14 avoid_ms(mean/p50/p95/max)=4.809/0.806/41.942/97.026 cycle_ms(mean/p95/max)=20.956/54.827/157.032 depth_to_cmd_ms(mean/p95/max)=19.924/33.333/50.000 callback_to_publish_ms(mean/p95/max)=13.429/48.541/107.982
[depth_angular_controller-1] [INFO] [1790603698.304070551] [depth_angular_controller]: 3D guidance switched to view 1
[depth_angular_controller-1] [INFO] [1790603698.332637803] [depth_angular_controller]: NO_REGULAR_FIELD
[depth_angular_controller-1] [INFO] [1790603698.385148991] [depth_angular_controller]: 3D guidance switched to view 0
[depth_angular_controller-1] [INFO] [1790603698.417333336] [depth_angular_controller]: TARGET_HOLD
[depth_angular_controller-1] [INFO] [1790603698.516194498] [depth_angular_controller]: BRAKING_FALLBACK
[depth_angular_controller-1] [INFO] [1790603698.547533030] [depth_angular_controller]: TARGET_HOLD
[depth_angular_controller-1] [INFO] [1790603698.603580986] [depth_angular_controller]: 3D guidance switched to view 2
[depth_angular_controller-1] [INFO] [1790603698.681791640] [depth_angular_controller]: BRAKING_FALLBACK
[depth_angular_controller-1] [INFO] [1790603698.695176020] [depth_angular_controller]: TARGET_HOLD
[depth_angular_controller-1] [INFO] [1790603698.717811680] [depth_angular_controller]: NO_REGULAR_FIELD
[depth_angular_controller-1] [INFO] [1790603698.801787404] [depth_angular_controller]: 3D guidance switched to view 0
[depth_angular_controller-1] [INFO] [1790603698.825182791] [depth_angular_controller]: TARGET_HOLD
[depth_angular_controller-1] [INFO] [1790603698.848281485] [depth_angular_controller]: PAPER_BUILD reason=READY required=0.0100 best=0.0150 free=48 refined=0 tubes=184 revoked_tubes=0
[depth_angular_controller-1] [INFO] [1790603698.848696617] [depth_angular_controller]: PAPER_EVIDENCE retained=10 balls=32 revoked_balls=0 expired_views=1 evicted_views=59 radius=0.580 clearance=0.017 best_prefix=0.015
[depth_angular_controller-1] [INFO] [1790603698.860974120] [depth_angular_controller]: BRAKING_FALLBACK
[depth_angular_controller-1] [INFO] [1790603698.878514283] [depth_angular_controller]: NO_REGULAR_FIELD
[position_cmd_to_twist-2] [INFO] [1790603699.731208583] [position_cmd_to_twist]: [PERF BRIDGE] run=continuous9 elapsed=75.39s received=2943 published=2942 fps(ros/wall)=45.33/47.81 controller_to_bridge_ms(mean/p50/p95/max)=7.356/0.000/50.000/150.000 bridge_process_ms(mean/p95/max)=0.107/0.135/3.781
[NAV] t=65.0s position=(-55.54,-8.32,2.92) yaw=264.1deg command=(0.00,0.00,0.00) manual_active=1 collision_blocks=0
[depth_angular_controller-1] [INFO] [1790603699.866951926] [depth_angular_controller]: PAPER_BUILD reason=NO_CERTIFIED_DIRECTION required=0.0100 best=0.0000 free=0 refined=0 tubes=187 revoked_tubes=0
[depth_angular_controller-1] [INFO] [1790603699.867366617] [depth_angular_controller]: PAPER_EVIDENCE retained=14 balls=32 revoked_balls=0 expired_views=1 evicted_views=59 radius=0.580 clearance=0.000 best_prefix=0.000
[depth_angular_controller-1] [INFO] [1790603700.744230986] [depth_angular_controller]: PAPER_BUILD reason=NO_CERTIFIED_DIRECTION required=0.0100 best=0.0000 free=0 refined=0 tubes=187 revoked_tubes=0
[depth_angular_controller-1] [INFO] [1790603700.744268799] [depth_angular_controller]: PAPER_EVIDENCE retained=14 balls=32 revoked_balls=0 expired_views=1 evicted_views=59 radius=0.580 clearance=0.000 best_prefix=0.000
[depth_angular_controller-1] [INFO] [1790603701.566252205] [depth_angular_controller]: PAPER_BUILD reason=NO_CERTIFIED_DIRECTION required=0.0100 best=0.0000 free=0 refined=0 tubes=187 revoked_tubes=0
[depth_angular_controller-1] [INFO] [1790603701.566294006] [depth_angular_controller]: PAPER_EVIDENCE retained=14 balls=32 revoked_balls=0 expired_views=1 evicted_views=59 radius=0.580 clearance=0.000 best_prefix=0.000
[depth_angular_controller-1] [INFO] [1790603702.381256409] [depth_angular_controller]: PAPER_BUILD reason=NO_CERTIFIED_DIRECTION required=0.0100 best=0.0000 free=0 refined=0 tubes=187 revoked_tubes=0
[depth_angular_controller-1] [INFO] [1790603702.381689625] [depth_angular_controller]: PAPER_EVIDENCE retained=14 balls=32 revoked_balls=0 expired_views=1 evicted_views=59 radius=0.580 clearance=0.000 best_prefix=0.000
[depth_angular_controller-1] [INFO] [1790603703.256704964] [depth_angular_controller]: PAPER_BUILD reason=NO_CERTIFIED_DIRECTION required=0.0100 best=0.0000 free=0 refined=0 tubes=187 revoked_tubes=0
[depth_angular_controller-1] [INFO] [1790603703.257110026] [depth_angular_controller]: PAPER_EVIDENCE retained=14 balls=32 revoked_balls=0 expired_views=1 evicted_views=59 radius=0.580 clearance=0.000 best_prefix=0.000
[depth_angular_controller-1] [INFO] [1790603703.295939109] [depth_angular_controller]: [PERF CTRL] run=continuous9 elapsed=78.97s callbacks=3155 commands=3154 guidance=2606 command_fps(ros/wall)=45.62/48.39 guidance_wall_fps=40.49 avoid_ms(mean/p50/p95/max)=4.465/0.964/41.701/97.026 cycle_ms(mean/p95/max)=20.663/54.538/157.032 depth_to_cmd_ms(mean/p95/max)=19.749/33.333/50.000 callback_to_publish_ms(mean/p95/max)=13.021/45.241/107.982
[position_cmd_to_twist-2] [INFO] [1790603704.011225866] [position_cmd_to_twist]: [PERF BRIDGE] run=continuous9 elapsed=79.67s received=3193 published=3192 fps(ros/wall)=45.67/48.45 controller_to_bridge_ms(mean/p50/p95/max)=6.791/0.000/33.333/150.000 bridge_process_ms(mean/p95/max)=0.108/0.135/3.781
[NAV] t=70.0s position=(-55.54,-8.32,2.92) yaw=264.1deg command=(0.00,0.00,0.00) manual_active=1 collision_blocks=0
[depth_angular_controller-1] [INFO] [1790603704.144487302] [depth_angular_controller]: PAPER_BUILD reason=NO_CERTIFIED_DIRECTION required=0.0100 best=0.0000 free=0 refined=0 tubes=187 revoked_tubes=0
[depth_angular_controller-1] [INFO] [1790603704.144894148] [depth_angular_controller]: PAPER_EVIDENCE retained=14 balls=32 revoked_balls=0 expired_views=1 evicted_views=59 radius=0.580 clearance=0.000 best_prefix=0.000
[depth_angular_controller-1] [INFO] [1790603704.959831217] [depth_angular_controller]: PAPER_BUILD reason=NO_CERTIFIED_DIRECTION required=0.0100 best=0.0000 free=0 refined=0 tubes=187 revoked_tubes=0
[depth_angular_controller-1] [INFO] [1790603704.959869170] [depth_angular_controller]: PAPER_EVIDENCE retained=14 balls=32 revoked_balls=0 expired_views=1 evicted_views=59 radius=0.580 clearance=0.000 best_prefix=0.000
[depth_angular_controller-1] [INFO] [1790603705.787479269] [depth_angular_controller]: PAPER_BUILD reason=NO_CERTIFIED_DIRECTION required=0.0100 best=0.0000 free=0 refined=0 tubes=187 revoked_tubes=0
[depth_angular_controller-1] [INFO] [1790603705.787521029] [depth_angular_controller]: PAPER_EVIDENCE retained=14 balls=32 revoked_balls=0 expired_views=1 evicted_views=59 radius=0.580 clearance=0.000 best_prefix=0.000
[depth_angular_controller-1] [INFO] [1790603706.664311609] [depth_angular_controller]: PAPER_BUILD reason=NO_CERTIFIED_DIRECTION required=0.0100 best=0.0000 free=0 refined=0 tubes=187 revoked_tubes=0
[depth_angular_controller-1] [INFO] [1790603706.664776988] [depth_angular_controller]: PAPER_EVIDENCE retained=14 balls=32 revoked_balls=0 expired_views=1 evicted_views=59 radius=0.580 clearance=0.000 best_prefix=0.000
[depth_angular_controller-1] [INFO] [1790603707.477664365] [depth_angular_controller]: ZERO_INTENT
[position_cmd_to_twist-2] [INFO] [1790603708.230183723] [position_cmd_to_twist]: [PERF BRIDGE] run=continuous9 elapsed=83.89s received=3443 published=3442 fps(ros/wall)=45.95/49.10 controller_to_bridge_ms(mean/p50/p95/max)=6.303/0.000/33.333/150.000 bridge_process_ms(mean/p95/max)=0.108/0.134/3.781
[NAV] t=75.0s position=(-55.54,-8.32,2.92) yaw=264.1deg command=(0.00,0.00,0.00) manual_active=0 collision_blocks=0
[depth_angular_controller-1] [INFO] [1790603708.305385385] [depth_angular_controller]: [PERF CTRL] run=continuous9 elapsed=83.98s callbacks=3449 commands=3448 guidance=2849 command_fps(ros/wall)=45.96/49.13 guidance_wall_fps=41.57 avoid_ms(mean/p50/p95/max)=4.195/1.052/41.422/97.026 cycle_ms(mean/p95/max)=20.354/54.165/157.032 depth_to_cmd_ms(mean/p95/max)=19.568/33.333/50.000 callback_to_publish_ms(mean/p95/max)=12.624/38.991/107.982
[depth_angular_controller-1] [INFO] [1790603710.904004302] [depth_angular_controller]: 3D guidance switched to view 1
[depth_angular_controller-1] [INFO] [1790603710.906824429] [depth_angular_controller]: NO_REGULAR_FIELD
[depth_angular_controller-1] [INFO] [1790603710.906848385] [depth_angular_controller]: PAPER_BUILD reason=NO_CERTIFIED_DIRECTION required=0.0100 best=0.0000 free=0 refined=0 tubes=187 revoked_tubes=0
[depth_angular_controller-1] [INFO] [1790603710.906856310] [depth_angular_controller]: PAPER_EVIDENCE retained=14 balls=32 revoked_balls=0 expired_views=1 evicted_views=59 radius=0.580 clearance=0.000 best_prefix=0.000
[depth_angular_controller-1] [INFO] [1790603711.791119506] [depth_angular_controller]: PAPER_BUILD reason=NO_CERTIFIED_DIRECTION required=0.0100 best=0.0000 free=0 refined=0 tubes=187 revoked_tubes=0
[depth_angular_controller-1] [INFO] [1790603711.791157069] [depth_angular_controller]: PAPER_EVIDENCE retained=14 balls=32 revoked_balls=0 expired_views=1 evicted_views=59 radius=0.580 clearance=0.000 best_prefix=0.000
[position_cmd_to_twist-2] [INFO] [1790603712.541018661] [position_cmd_to_twist]: [PERF BRIDGE] run=continuous9 elapsed=88.20s received=3693 published=3692 fps(ros/wall)=46.21/49.62 controller_to_bridge_ms(mean/p50/p95/max)=5.880/0.000/33.333/150.000 bridge_process_ms(mean/p95/max)=0.107/0.132/3.781
[NAV] t=80.0s position=(-55.54,-8.32,2.92) yaw=264.1deg command=(0.00,0.00,0.00) manual_active=1 collision_blocks=0
[depth_angular_controller-1] [INFO] [1790603712.616797343] [depth_angular_controller]: PAPER_BUILD reason=NO_CERTIFIED_DIRECTION required=0.0100 best=0.0000 free=0 refined=0 tubes=187 revoked_tubes=0
[depth_angular_controller-1] [INFO] [1790603712.616839515] [depth_angular_controller]: PAPER_EVIDENCE retained=14 balls=32 revoked_balls=0 expired_views=1 evicted_views=59 radius=0.580 clearance=0.000 best_prefix=0.000
[depth_angular_controller-1] [INFO] [1790603713.308047214] [depth_angular_controller]: [PERF CTRL] run=continuous9 elapsed=88.98s callbacks=3732 commands=3731 guidance=2983 command_fps(ros/wall)=46.24/49.62 guidance_wall_fps=40.11 avoid_ms(mean/p50/p95/max)=4.065/1.073/41.022/97.026 cycle_ms(mean/p95/max)=20.151/53.837/157.032 depth_to_cmd_ms(mean/p95/max)=20.187/33.333/50.000 callback_to_publish_ms(mean/p95/max)=12.266/33.237/107.982
[depth_angular_controller-1] [INFO] [1790603713.646017736] [depth_angular_controller]: PAPER_BUILD reason=NO_CERTIFIED_DIRECTION required=0.0100 best=0.0000 free=0 refined=0 tubes=187 revoked_tubes=0
[depth_angular_controller-1] [INFO] [1790603713.646058124] [depth_angular_controller]: PAPER_EVIDENCE retained=14 balls=32 revoked_balls=0 expired_views=1 evicted_views=59 radius=0.580 clearance=0.000 best_prefix=0.000
[depth_angular_controller-1] [INFO] [1790603714.516979488] [depth_angular_controller]: PAPER_BUILD reason=NO_CERTIFIED_DIRECTION required=0.0100 best=0.0000 free=0 refined=0 tubes=187 revoked_tubes=0
[depth_angular_controller-1] [INFO] [1790603714.517016219] [depth_angular_controller]: PAPER_EVIDENCE retained=14 balls=32 revoked_balls=0 expired_views=1 evicted_views=59 radius=0.580 clearance=0.000 best_prefix=0.000
[depth_angular_controller-1] [INFO] [1790603715.524965764] [depth_angular_controller]: PAPER_BUILD reason=NO_CERTIFIED_DIRECTION required=0.0100 best=0.0000 free=0 refined=0 tubes=187 revoked_tubes=0
[depth_angular_controller-1] [INFO] [1790603715.525005811] [depth_angular_controller]: PAPER_EVIDENCE retained=14 balls=32 revoked_balls=0 expired_views=1 evicted_views=59 radius=0.580 clearance=0.000 best_prefix=0.000
[depth_angular_controller-1] [INFO] [1790603716.357689277] [depth_angular_controller]: PAPER_BUILD reason=NO_CERTIFIED_DIRECTION required=0.0100 best=0.0000 free=0 refined=0 tubes=187 revoked_tubes=0
[depth_angular_controller-1] [INFO] [1790603716.357731068] [depth_angular_controller]: PAPER_EVIDENCE retained=14 balls=32 revoked_balls=0 expired_views=1 evicted_views=59 radius=0.580 clearance=0.000 best_prefix=0.000
[position_cmd_to_twist-2] [INFO] [1790603717.120482179] [position_cmd_to_twist]: [PERF BRIDGE] run=continuous9 elapsed=92.78s received=3943 published=3942 fps(ros/wall)=46.43/49.91 controller_to_bridge_ms(mean/p50/p95/max)=5.508/0.000/16.667/150.000 bridge_process_ms(mean/p95/max)=0.107/0.132/3.781
[NAV] t=85.0s position=(-55.54,-8.32,2.92) yaw=264.1deg command=(0.00,0.00,0.00) manual_active=1 collision_blocks=0
[depth_angular_controller-1] [INFO] [1790603717.194479058] [depth_angular_controller]: PAPER_BUILD reason=NO_CERTIFIED_DIRECTION required=0.0100 best=0.0000 free=0 refined=0 tubes=187 revoked_tubes=0
[depth_angular_controller-1] [INFO] [1790603717.194513845] [depth_angular_controller]: PAPER_EVIDENCE retained=14 balls=32 revoked_balls=0 expired_views=1 evicted_views=59 radius=0.580 clearance=0.000 best_prefix=0.000
[depth_angular_controller-1] [INFO] [1790603718.014424013] [depth_angular_controller]: PAPER_BUILD reason=NO_CERTIFIED_DIRECTION required=0.0100 best=0.0000 free=0 refined=0 tubes=187 revoked_tubes=0
[depth_angular_controller-1] [INFO] [1790603718.014863773] [depth_angular_controller]: PAPER_EVIDENCE retained=14 balls=32 revoked_balls=0 expired_views=1 evicted_views=59 radius=0.580 clearance=0.000 best_prefix=0.000
[depth_angular_controller-1] [INFO] [1790603718.309514560] [depth_angular_controller]: [PERF CTRL] run=continuous9 elapsed=93.98s callbacks=4017 commands=4016 guidance=3268 command_fps(ros/wall)=46.49/50.08 guidance_wall_fps=41.17 avoid_ms(mean/p50/p95/max)=3.822/1.090/34.203/97.026 cycle_ms(mean/p95/max)=19.966/53.374/157.032 depth_to_cmd_ms(mean/p95/max)=21.369/33.333/50.000 callback_to_publish_ms(mean/p95/max)=12.000/27.301/107.982
[depth_angular_controller-1] [INFO] [1790603718.889610231] [depth_angular_controller]: PAPER_BUILD reason=NO_CERTIFIED_DIRECTION required=0.0100 best=0.0000 free=0 refined=0 tubes=187 revoked_tubes=0
[depth_angular_controller-1] [INFO] [1790603718.889644688] [depth_angular_controller]: PAPER_EVIDENCE retained=14 balls=32 revoked_balls=0 expired_views=1 evicted_views=59 radius=0.580 clearance=0.000 best_prefix=0.000
[depth_angular_controller-1] [INFO] [1790603719.786230479] [depth_angular_controller]: PAPER_BUILD reason=NO_CERTIFIED_DIRECTION required=0.0100 best=0.0000 free=0 refined=0 tubes=187 revoked_tubes=0
[depth_angular_controller-1] [INFO] [1790603719.786275075] [depth_angular_controller]: PAPER_EVIDENCE retained=14 balls=32 revoked_balls=0 expired_views=1 evicted_views=59 radius=0.580 clearance=0.000 best_prefix=0.000
[depth_angular_controller-1] [INFO] [1790603720.608426370] [depth_angular_controller]: PAPER_BUILD reason=NO_CERTIFIED_DIRECTION required=0.0100 best=0.0000 free=0 refined=0 tubes=187 revoked_tubes=0
[depth_angular_controller-1] [INFO] [1790603720.608464353] [depth_angular_controller]: PAPER_EVIDENCE retained=14 balls=32 revoked_balls=0 expired_views=1 evicted_views=59 radius=0.580 clearance=0.000 best_prefix=0.000
[position_cmd_to_twist-2] [INFO] [1790603721.354568424] [position_cmd_to_twist]: [PERF BRIDGE] run=continuous9 elapsed=97.02s received=4193 published=4192 fps(ros/wall)=46.63/50.37 controller_to_bridge_ms(mean/p50/p95/max)=5.183/0.000/16.667/150.000 bridge_process_ms(mean/p95/max)=0.107/0.132/3.781
[NAV] t=90.0s position=(-55.54,-8.32,2.92) yaw=264.1deg command=(0.00,0.00,0.00) manual_active=0 collision_blocks=0
[depth_angular_controller-1] [INFO] [1790603721.428330574] [depth_angular_controller]: ZERO_INTENT
[depth_angular_controller-1] [INFO] [1790603723.320524190] [depth_angular_controller]: [PERF CTRL] run=continuous9 elapsed=98.99s callbacks=4300 commands=4299 guidance=3449 command_fps(ros/wall)=46.71/50.46 guidance_wall_fps=41.81 avoid_ms(mean/p50/p95/max)=3.688/1.097/29.364/97.026 cycle_ms(mean/p95/max)=19.818/52.319/157.032 depth_to_cmd_ms(mean/p95/max)=22.006/33.333/50.000 callback_to_publish_ms(mean/p95/max)=11.745/25.732/107.982
[MANUAL RESULT] TIMEOUT position=(-55.544,-8.317,2.921)
[PERF ISAAC FINAL] run=continuous9 result=MANUAL_TIMEOUT wall=87.39s sim_frames=5643 fps(sim/wall)=60.02/64.57 command_changes=1087 collision_blocks=0 frame_interval_ms(mean/p50/p95/max)=15.393/14.273/17.019/79.157
[100.202s] Simulation App Shutting Down
[depth_angular_controller-1] [INFO] [1790603725.574841921] [rclcpp]: signal_handler(SIGINT/SIGTERM)
[position_cmd_to_twist-2] [INFO] [1790603725.575855940] [position_cmd_to_twist]: [PERF BRIDGE FINAL] run=continuous9 elapsed=101.24s received=4398 published=4397 fps(ros/wall)=46.78/50.63 controller_to_bridge_ms(mean/p50/p95/max)=4.942/0.000/16.667/150.000 bridge_process_ms(mean/p95/max)=0.106/0.132/3.781
[position_cmd_to_twist-2] Failed to publish log message to rosout: publisher's context is invalid, at ./src/rcl/publisher.c:389
[depth_angular_controller-1] [INFO] [1790603725.575903492] [depth_angular_controller]: [PERF CTRL FINAL] run=continuous9 elapsed=101.25s callbacks=4399 commands=4398 guidance=3449 command_fps(ros/wall)=46.78/50.65 guidance_wall_fps=41.81 avoid_ms(mean/p50/p95/max)=3.688/1.097/29.364/97.026 cycle_ms(mean/p95/max)=19.745/51.955/157.032 depth_to_cmd_ms(mean/p95/max)=22.006/33.333/50.000 callback_to_publish_ms(mean/p95/max)=11.644/25.427/107.982
[INFO] [depth_angular_controller-1]: process has finished cleanly [pid 22022]
[INFO] [position_cmd_to_twist-2]: process has finished cleanly [pid 22024]
