[PERF] run=repeat14 log=/home/starry/isaac-data/EGO1P1/performance/continuous_20260928/performance.md
[INPUT] mode=trace scene_mode=cloud
[INFO] [launch]: All log files can be found below /tmp/fov_gvf_ego1p1_isaac_ros_log/2026-09-28-22-18-47-217403-starry-System-Product-Name-26568
[INFO] [launch]: Default logging verbosity is set to INFO
[INFO] [depth_angular_controller-1]: process started with pid [26570]
[INFO] [position_cmd_to_twist-2]: process started with pid [26572]
[depth_angular_controller-1] [INFO] [1790605127.250265732] [depth_angular_controller]: C++ controller commands publish on /position_cmd; horizontal views=4
[ROS CHECK] ROS_DOMAIN_ID=84 /position_cmd publishers=1
Type: pc_gvf_msgs/msg/PositionCommand
Publisher count: 1
Subscription count: 1
/depth_angular_controller
/position_cmd_to_twist
WARNING: All log messages before absl::InitializeLog() is called are written to STDERR
E0000 00:00:1790605128.224002   26611 descriptor_database.cc:633] File already exists in database: grpc/health/v1/health.proto
W0000 00:00:1790605128.224025   26611 message.cc:301] Protobuf GeneratedMessageFactory: File is already registered: grpc/health/v1/health.proto
2026-09-28T14:18:47Z [Info] [carb] Logging to file: /home/starry/isaac-data/isaacsim/kit/logs/Kit/Isaac-Sim Python/6.0/kit_20260928_221847.log
[0.044s] [ext: omni.assets.plugins-0.0.0] startup
[0.045s] [ext: omni.blobkey-1.1.2] startup
[0.045s] [ext: omni.kit.async_engine-0.0.3] startup
[0.322s] [ext: omni.client.lib-1.1.1] startup
[0.331s] [ext: omni.client-1.3.0] startup
[0.332s] [ext: omni.protobuf.lib-1.0.0] startup
[0.333s] [ext: omni.grpc.lib-1.0.0] startup
[0.337s] [ext: omni.metrics.core-0.0.3] startup
[0.337s] [ext: omni.datastore-0.0.0] startup
[0.337s] [ext: omni.gpu_foundation.shadercache.vulkan-1.0.0] startup
[0.339s] [ext: omni.hsscclient-1.1.4] startup
[0.339s] [ext: omni.stats-1.0.1] startup
[0.340s] [ext: omni.ujitso.default-1.0.0] startup
[0.343s] [ext: omni.gpu_foundation-0.0.0] startup
[0.463s] [ext: carb.windowing.plugins-1.0.1] startup
[0.463s] [ext: omni.kit.renderer.init-1.0.1] startup
2026-09-28T14:18:48Z [659ms] [Warning] [omni.rtx] Skipping unsupported non-NVIDIA GPU: AMD Unknown (RADV RAPHAEL_MENDOCINO)
2026-09-28T14:18:48Z [659ms] [Warning] [omni.rtx] Skipping unsupported non-NVIDIA GPU: AMD Unknown (RADV RAPHAEL_MENDOCINO)

|---------------------------------------------------------------------------------------------|
| Driver Version: 580.178.04    | Graphics API: Vulkan
|=============================================================================================|
| GPU | Name                             | Active | LDA | GPU Memory | Vendor-ID | LUID       |
|     |                                  |        |     |            | Device-ID | UUID       |
|     |                                  |        |     |            | Bus-ID    |            |
|---------------------------------------------------------------------------------------------|
| 0   | NVIDIA GeForce RTX 5070          | Yes: 0 |     | 12227   MB | 10de      | 0          |
|     |                                  |        |     |            | 2f04      | 348d89fe.. |
|     |                                  |        |     |            | 1         |            |
|---------------------------------------------------------------------------------------------|
| 1   | AMD Unknown (RADV RAPHAEL_MEND.. |        |     | 10755   MB | 1002      | 0          |
|     |                                  |        |     |            | 13c0      | 00000000.. |
|     |                                  |        |     |            | c         |            |
|=============================================================================================|
| OS: 22.04.5 LTS (Jammy Jellyfish) ubuntu, Version: 22.04.5, Kernel: 6.8.0-138-generic
| XServer Vendor: The X.Org Foundation, XServer Version: 12101004 (1.21.1.4)
| Processor: AMD Ryzen 5 9600X 6-Core Processor
| Cores: 6 | Logical Cores: 12
|---------------------------------------------------------------------------------------------|
| Total Memory (MB): 31241 | Free Memory: 22615
| Total Page/Swap (MB): 15624 | Free Page/Swap: 15624
|---------------------------------------------------------------------------------------------|
2026-09-28T14:18:48Z [868ms] [Warning] [omni.rtx] CPU performance profile is set to powersave. This profile sets the CPU to the lowest frequency reducing performance.
2026-09-28T14:18:48Z [878ms] [Warning] [omni.rtx] IOMMU is enabled.
[0.977s] [ext: omni.kit.pipapi-0.0.0] startup
[0.978s] [ext: omni.kit.pip_archive-0.0.0] startup
[0.978s] [ext: isaacsim.pip.newton-0.6.1] startup
[0.978s] [ext: omni.pip.compute-1.9.2] startup
[0.978s] [ext: omni.isaac.core_archive-5.3.1] startup
[0.979s] [ext: omni.kit.telemetry-0.5.2] startup
[0.995s] [ext: omni.kit.loop-isaac-1.6.0] startup
[0.996s] [ext: omni.kit.test-2.0.7] startup
[1.050s] [ext: omni.materialx.libs-1.0.9] startup
[1.056s] [ext: omni.gpucompute.plugins-0.0.0] startup
[1.057s] [ext: omni.usd.config-1.0.7] startup
[1.059s] [ext: omni.usd.libs-1.0.3] startup
[1.114s] [ext: omni.iray.libs-0.0.1] startup
[1.116s] [ext: omni.mdl-57.0.3] startup
[1.176s] [ext: omni.mdl.neuraylib-0.2.20] startup
[1.177s] [ext: omni.kit.usd.mdl-1.1.9] startup
[1.261s] [ext: omni.appwindow-1.2.2] startup
[1.262s] [ext: omni.kit.renderer.core-1.2.2] startup
2026-09-28T14:18:54Z [6,499ms] [Warning] [carb.windowing-glfw.gamepad] Joystick with unknown remapping detected (will be ignored):  BEITONG BEITONG A2P3A BFM DONGLE [03000000bc2000001c51000011010000]
[6.530s] [ext: omni.kit.renderer.capture-2.0.1] startup
[6.531s] [ext: omni.kit.renderer.imgui-2.0.6] startup
[6.567s] [ext: omni.ui-3.2.0] startup
[6.574s] [ext: omni.kit.mainwindow-1.0.3] startup
[6.575s] [ext: carb.audio-0.1.0] startup
[6.577s] [ext: omni.uiaudio-1.0.0] startup
[6.577s] [ext: omni.kit.uiapp-0.0.0] startup
[6.577s] [ext: omni.usd.schema.metrics.assembler-110.1.0] startup
[6.579s] [ext: omni.usd.schema.audio-0.0.1] startup
[6.582s] [ext: omni.usd_resolver-1.0.0] startup
[6.584s] [ext: omni.usd.core-1.8.3] startup
[6.586s] [ext: omni.metropolis.schema-0.0.3] startup
[6.587s] [ext: isaacsim.anim.robot.schema-0.1.1] startup
[6.588s] [ext: omni.usd.schema.anim-0.0.1] startup
[6.601s] [ext: omni.usd.schema.geospatial-0.0.1] startup
[6.603s] [ext: omni.usd.schema.omnigraph-1.0.1] startup
[6.607s] [ext: omni.usd.schema.semantics-0.0.0] startup
[6.609s] [ext: omni.activity.core-1.0.3] startup
[6.610s] [ext: omni.cubric-0.1.0] startup
[6.610s] [ext: omni.graph.exec-0.9.6] startup
[6.611s] [ext: omni.hydra.scene_delegate-0.3.5] startup
[6.613s] [ext: usdrt.scenegraph-7.6.3] startup
[6.632s] [ext: omni.hydra.usdrt_delegate-7.5.2] startup
[6.636s] [ext: omni.inspect-1.0.2] startup
[6.637s] [ext: omni.kit.actions.core-1.0.0] startup
[6.638s] [ext: omni.kit.audiodeviceenum-1.0.2] startup
[6.639s] [ext: omni.kit.commands-1.5.0] startup
[6.642s] [ext: omni.kit.exec.core-0.13.5] startup
[6.643s] [ext: omni.kit.usd_undo-0.1.8] startup
[6.643s] [ext: omni.kit.window.popup_dialog-2.0.25] startup
[6.646s] [ext: omni.kit.widget.nucleus_connector-2.3.1] startup
[6.648s] [ext: omni.timeline-1.1.0] startup
[6.649s] [ext: omni.usd-1.16.0] startup
[6.674s] [ext: omni.graph.core-3.1.2] startup
[6.677s] [ext: omni.kit.notification_manager-1.0.11] startup
[6.678s] [ext: isaacsim.core.deprecation_manager-0.4.2] startup
[6.679s] [ext: isaacsim.replicator.agent.schema-0.1.1] startup
[6.680s] [ext: isaacsim.robot.schema-6.3.7] startup
[6.683s] [ext: isaacsim.robot_motion.schema-0.2.1] startup
[6.684s] [ext: omni.anim.behavior.schema-110.1.0] startup
[6.687s] [ext: omni.anim.graph.schema-110.1.1] startup
[6.691s] [ext: omni.anim.navigation.schema-110.1.0] startup
[6.693s] [ext: omni.behavior.tree.schema-110.1.0] startup
[6.694s] [ext: omni.isaac.ml_archive-3.3.0] startup
[6.694s] [ext: omni.kit.asset_converter-6.0.1] startup
[6.703s] [ext: omni.pip.cloud-1.5.4] startup
[6.705s] [ext: omni.usd.schema.flow-110.0.0] startup
[6.705s] [ext: omni.usd.schema.mujoco-1.1.1] startup
[6.706s] [ext: omni.usd.schema.newton-1.2.1] startup
[6.706s] [ext: omni.usd.schema.omni_lens_distortion-1.0.0] startup
[6.707s] [ext: omni.usd.schema.omni_projectors-1.0.0] startup
[6.707s] [ext: omni.usd.schema.omni_sensors-0.0.0] startup
[6.714s] [ext: omni.usd.schema.omniscripting-1.0.1] startup
[6.716s] [ext: omni.usd.schema.physical_lighting-0.1.0] startup
[6.719s] [ext: omni.usd.schema.physx-110.1.13] startup
[6.742s] [ext: omni.usd.schema.render_settings.rtx-1.0.2] startup
[6.745s] [ext: omni.usd.schema.usd_particle_field-1.0.0] startup
[6.745s] [ext: isaacsim.core.version-2.1.1] startup
[6.746s] [ext: omni.kit.menu.core-1.2.0] startup
[6.746s] [ext: omni.kit.menu.utils-2.2.4] startup
[6.752s] [ext: isaacsim.app.about-2.3.1] startup
[6.756s] [ext: isaacsim.asset.transformer-1.2.5] startup
[6.758s] [ext: omni.scene.optimizer.core-110.1.0] startup
[6.788s] [ext: isaacsim.asset.importer.utils-1.8.1] startup
[6.790s] [ext: omni.convexdecomposition-110.1.13] startup
[6.791s] [ext: omni.physics-110.1.13] startup
[6.793s] [ext: omni.physx.gpu-110.1.13] startup
[6.794s] [ext: omni.physx.foundation-110.1.13] startup
[6.795s] [ext: omni.usdphysics-110.1.13] startup
[6.796s] [ext: omni.physx.cooking-110.1.13] startup
[6.797s] [ext: omni.physx-110.1.13] startup
[6.804s] [ext: omni.physics.physx-110.1.13] startup
[6.805s] [ext: isaacsim.asset.exporter.urdf-2.0.5] startup
[6.812s] [ext: omni.kit.clipboard-1.1.1] startup
[6.812s] [ext: omni.kit.usd.layers-2.6.1] startup
[6.817s] [ext: omni.kit.widget.context_menu-1.4.0] startup
[6.818s] [ext: omni.kit.context_menu-1.9.0] startup
[6.819s] [ext: omni.kit.helper.file_utils-0.1.10] startup
[6.820s] [ext: omni.kit.widget.nucleus_info-2.0.2] startup
[6.821s] [ext: omni.kit.search_core-1.0.8] startup
[6.821s] [ext: omni.kit.widget.path_field-2.0.13] startup
[6.822s] [ext: omni.kit.widget.browser_bar-2.0.10] startup
[6.822s] [ext: omni.kit.widget.filebrowser-2.13.4] startup
[6.826s] [ext: omni.kit.widget.options_menu-1.1.6] startup
[6.828s] [ext: omni.kit.widget.options_button-1.0.3] startup
[6.828s] [ext: omni.kit.widget.search_delegate-1.0.9] startup
[6.829s] [ext: omni.ui.scene-2.0.3] startup
[6.832s] [ext: omni.kit.window.filepicker-2.15.5] startup
[6.841s] [ext: omni.kit.window.file_importer-1.1.21] startup
[6.843s] [ext: omni.kit.material.library-3.1.2] startup
[6.846s] [ext: isaacsim.asset.transformer.rules-1.7.10] startup
[6.854s] [ext: omni.usdex.libs-2.2.2] startup
[6.860s] [ext: isaacsim.asset.importer.mjcf-3.10.1] startup
[6.861s] [ext: isaacsim.asset.importer.urdf-3.11.2] startup
[6.864s] [ext: omni.kit.primitive.mesh-1.1.0] startup
[6.866s] [ext: omni.kit.stage_template.core-1.1.22] startup
[6.867s] [ext: omni.kit.stage_templates-2.0.2] startup
[6.868s] [ext: omni.usd.metrics.assembler-110.1.2] startup
[6.870s] [ext: omni.warp.core-1.13.0] startup
[7.048s] [ext: isaacsim.core.experimental.utils-0.17.2] startup
[7.049s] [ext: omni.physics.stageupdate-110.1.13] startup
[7.051s] [ext: omni.physics.tensors-110.1.13] startup
[7.054s] [ext: omni.physx.tensors-110.1.13] startup
[7.057s] [ext: isaacsim.core.simulation_manager-1.15.6] startup
[7.067s] [ext: isaacsim.storage.native-1.9.3] startup
[7.068s] [ext: omni.usd.metrics.assembler.physics-110.1.13] startup
[7.069s] [ext: isaacsim.core.utils-4.1.7] startup
[7.070s] [ext: isaacsim.core.prims-0.11.7] startup
[7.930s] [ext: isaacsim.core.api-5.2.13] startup
[7.935s] [ext: isaacsim.core.cloner-1.7.3] startup
[7.936s] [ext: isaacsim.test.docstring-1.3.2] startup
[7.938s] [ext: isaacsim.core.experimental.prims-1.8.9] startup
[7.956s] [ext: isaacsim.core.experimental.primdata-0.3.2] startup
[7.958s] [ext: omni.graph.tools-1.81.0] startup
[7.976s] [ext: omni.graph-1.142.5] startup
[8.007s] [ext: isaacsim.core.experimental.actuators-0.1.2] startup
[8.019s] [ext: isaacsim.core.experimental.materials-0.7.1] startup
[8.022s] [ext: isaacsim.core.experimental.objects-0.8.1] startup
[8.073s] [ext: omni.hydra.engine.stats-1.0.5] startup
[8.075s] [ext: omni.hydra.rtx.shadercache.vulkan-1.0.0] startup
[8.076s] [ext: omni.index.libs-387500.4413.0] startup
[8.076s] [ext: omni.index-1.0.1] startup
[8.077s] [ext: omni.ujitso.client-0.0.0] startup
[8.077s] [ext: omni.usd.schema.playback-1.0.0] startup
[8.080s] [ext: omni.volume-0.5.2] startup
[8.083s] [ext: omni.hydra.rtx-1.0.4] startup
2026-09-28T14:18:55Z [8,073ms] [Warning] [omni.log] Source: omni.hydra was already registered.
[8.104s] [ext: omni.kit.hydra_texture-1.6.0] startup
[8.107s] [ext: omni.kit.raycast.query-1.2.0] startup
[8.110s] [ext: omni.kit.viewport.legacy_gizmos-1.0.24] startup
[8.112s] [ext: omni.kit.viewport.registry-104.0.6] startup
[8.113s] [ext: omni.kit.viewport.scene_camera_model-1.0.7] startup
[8.115s] [ext: omni.kit.widget.viewport-109.2.0] startup
[8.119s] [ext: omni.kit.window.drop_support-1.0.8] startup
[8.119s] [ext: omni.kit.viewport.window-109.0.2] startup
[8.133s] [ext: omni.kit.viewport.utility-2.0.1] startup
[8.134s] [ext: isaacsim.core.rendering_manager-0.4.3] startup
[8.153s] [ext: omni.graph.action_core-1.1.9] startup
[8.155s] [ext: omni.graph.action_nodes_core-2.11.0] startup
[8.157s] [ext: omni.graph.action_nodes-2.11.0] startup
[8.172s] [ext: omni.graph.action-2.10.2] startup
[8.173s] [ext: omni.graph.image.core-0.6.1] startup
[8.174s] [ext: omni.graph.image.nodes-1.3.1] startup
[8.174s] [ext: omni.graph.nodes_core-2.11.0] startup
[8.178s] [ext: omni.graph.nodes-2.12.0] startup
[8.182s] [ext: omni.kit.hotkeys.core-1.3.12] startup
[8.183s] [ext: omni.kit.property.adapter.core-1.1.1] startup
[8.185s] [ext: omni.kit.property.adapter.usd-1.0.5] startup
[8.187s] [ext: omni.kit.widget.filter-1.1.5] startup
[8.187s] [ext: omni.kit.widget.highlight_label-1.0.3] startup
[8.188s] [ext: omni.kit.widget.searchfield-1.1.8] startup
[8.189s] [ext: omni.kit.window.file_exporter-1.0.36] startup
[8.190s] [ext: omni.kit.widget.stage-4.4.0] startup
[8.197s] [ext: omni.kit.window.content_browser_registry-0.0.6] startup
[8.198s] [ext: omni.kit.window.file-2.0.10] startup
[8.200s] [ext: omni.kit.window.content_browser-3.1.8] startup
[8.208s] [ext: omni.kit.window.property-1.15.1] startup
[8.217s] [ext: omni.kit.property.usd-4.9.4] startup
[8.226s] [ext: omni.graph.scriptnode-2.10.2] startup
[8.233s] [ext: omni.kit.widget.searchable_combobox-1.0.7] startup
[8.234s] [ext: omni.kit.widget.settings-2.0.0] startup
[8.236s] [ext: omni.kit.window.preferences-1.8.3] startup
[8.239s] [ext: omni.kit.viewport.menubar.core-107.2.2] startup
[8.249s] [ext: omni.syntheticdata-0.6.15] startup
[8.271s] [ext: omni.replicator.nv-1.1.1] startup
[8.275s] [ext: omni.videoencoding-0.2.1] startup
[8.277s] [ext: omni.replicator.core-1.13.27] startup
2026-09-28T14:18:56Z [8,263ms] [Warning] [pxr.Semantics] pxr.Semantics is deprecated - please use Semantics instead
2026-09-28T14:18:56Z [8,327ms] [Warning] [omni.replicator.core.scripts.extension] No material configuration file, adding configuration to material settings directly.
[8.471s] [ext: isaacsim.core.nodes-5.10.5] startup
[8.496s] [ext: isaacsim.core.throttling-2.3.5] startup
[8.497s] [ext: omni.kit.manipulator.viewport-107.0.1] startup
[8.498s] [ext: omni.graph.visualization.nodes-2.1.4] startup
[8.510s] [ext: omni.kit.window.extensions-1.5.10] startup
[8.514s] [ext: isaacsim.gui.components-1.8.5] startup
[8.518s] [ext: isaacsim.robot.surface_gripper-3.6.2] startup
[8.527s] [ext: isaacsim.robot.manipulators-3.4.4] startup
[8.536s] [ext: isaacsim.robot_motion.lula-4.1.3] startup
[8.541s] [ext: isaacsim.robot_motion.motion_generation-8.2.9] startup
[8.545s] [ext: isaacsim.cortex.framework-1.0.18] startup
[8.546s] [ext: isaacsim.cortex.behaviors-2.0.17] startup
[8.548s] [ext: isaacsim.examples.base-1.3.2] startup
[8.549s] [ext: omni.kit.widget.zoombar-1.0.7] startup
[8.550s] [ext: omni.kit.browser.core-2.3.18] startup
[8.552s] [ext: omni.kit.browser.folder.core-2.0.2] startup
[8.555s] [ext: omni.kit.widget.stage_icons-1.0.8] startup
[8.556s] [ext: omni.kit.window.stage-2.6.1] startup
[8.559s] [ext: omni.kit.menu.stage-1.2.7] startup
[8.560s] [ext: omni.kit.usd.collect-3.0.6] startup
[8.562s] [ext: omni.kit.widget.prompt-1.0.7] startup
[8.563s] [ext: omni.kit.tool.collect-2.2.19] startup
[8.564s] [ext: isaacsim.examples.browser-0.3.2] startup
[8.566s] [ext: omni.kit.search.files-1.0.4] startup
[8.567s] [ext: omni.kit.widget.calendar-1.0.9] startup
[8.568s] [ext: omni.kit.widget.extended_searchfield-1.0.31] startup
[8.574s] [ext: omni.simready.content.browser-0.3.7] startup
[8.656s] [ext: isaacsim.gui.content_browser-0.4.3] startup
[8.658s] [ext: omni.kit.selection-0.1.6] startup
[8.659s] [ext: isaacsim.gui.menu-2.10.5] startup
[8.666s] [ext: isaacsim.gui.property-1.6.4] startup
[8.671s] [ext: omni.kit.viewport.actions-110.0.0] startup
[8.675s] [ext: omni.kit.viewport.menubar.display-107.1.3] startup
[8.676s] [ext: isaacsim.gui.sensors.icon-2.2.1] startup
[8.679s] [ext: omni.behavior.scripting.core-110.1.0] startup
[8.681s] [ext: isaacsim.replicator.behavior-1.5.4] startup
[8.682s] [ext: isaacsim.replicator.experimental.domain_randomization-1.2.5] startup
[8.694s] [ext: isaacsim.replicator.domain_randomization-1.2.2] startup
[8.759s] [ext: isaacsim.replicator.writers-1.5.4] startup
[8.780s] [ext: isaacsim.robot.experimental.wheeled_robots-0.2.11] startup
[8.800s] [ext: isaacsim.robot.policy.examples-5.2.12] startup
[8.816s] [ext: isaacsim.robot.wheeled_robots-5.2.4] startup
[8.819s] [ext: isaacsim.robot.wheeled_robots.nodes-0.1.5] startup
[8.835s] [ext: isaacsim.robot_motion.experimental.motion_generation-6.1.3] startup
[8.845s] [ext: isaacsim.robot_motion.cumotion-1.3.1] startup
[8.856s] [ext: omni.kit.numpy.common-0.1.3] startup
[8.857s] [ext: isaacsim.sensors.camera-1.7.9] startup
[8.884s] [ext: isaacsim.sensors.experimental.physics-3.0.2] startup
[8.890s] [ext: omni.sensors.net-1.0.1] startup
[8.892s] [ext: omni.sensors.nv.common-3.0.0] startup
[8.900s] [ext: omni.sensors.nv.materials-2.0.0] startup
[8.903s] [ext: omni.sensors.nv.acoustic-3.0.0] startup
[8.905s] [ext: omni.sensors.nv.ids-2.0.1] startup
[8.906s] [ext: omni.sensors.nv.lidar-3.0.0] startup
[8.909s] [ext: omni.sensors.nv.radar-3.0.0] startup
[8.911s] [ext: isaacsim.sensors.experimental.rtx-1.4.6] startup
[9.137s] [ext: isaacsim.sensors.physics.nodes-1.5.3] startup
[9.142s] [ext: isaacsim.util.debug_draw-3.2.3] startup
[9.146s] [ext: isaacsim.sensors.physx-2.5.5] startup
[9.152s] [ext: isaacsim.sensors.rtx-15.17.1] startup
[9.160s] [ext: isaacsim.simulation_app-2.18.4] startup
[9.161s] [ext: omni.anim.curve.core-1.6.0] startup
[9.169s] [ext: omni.graph.ui_nodes-2.11.1] startup
[9.188s] [ext: omni.hydra.scene_api-0.1.3] startup
[9.191s] [ext: omni.kit.manipulator.camera-110.0.0] startup
[9.195s] [ext: omni.kit.manipulator.selector-1.1.4] startup
[9.196s] [ext: omni.kit.manipulator.transform-107.0.0] startup
[9.199s] [ext: omni.kit.widget.toolbar-2.1.0] startup
[9.205s] [ext: omni.kit.manipulator.tool.snap-1.5.14] startup
[9.208s] [ext: omni.kit.viewport.manipulator.transform-107.0.4] startup
[9.210s] [ext: omni.kit.manipulator.prim.core-108.0.2] startup
[9.215s] [ext: omni.kit.manipulator.prim.usd-107.0.3] startup
[9.216s] [ext: omni.kit.manipulator.prim-108.0.0] startup
[9.216s] [ext: omni.kit.manipulator.selection-109.0.1] startup
[9.217s] [ext: omni.kit.menu.create-2.0.2] startup
[9.218s] [ext: omni.kit.property.audio-1.0.16] startup
[9.221s] [ext: omni.kit.property.camera-1.0.14] startup
[9.222s] [ext: omni.kit.property.geometry-2.1.2] startup
[9.225s] [ext: omni.kit.property.light-1.0.14] startup
2026-09-28T14:18:57Z [9,225ms] [Warning] [omni.usd] Encountered USD Warnings but USD Diagnostics are currently muted. To view USD Warnings, please set the '/persistent/app/usd/muteUsdDiagnostics' setting to false in Preferences page.
[9.251s] [ext: omni.kit.property.material-1.14.6] startup
[9.256s] [ext: omni.kit.property.render-1.2.2] startup
[9.257s] [ext: omni.kit.property.transform-1.6.9] startup
[9.261s] [ext: omni.kit.property.bundle-1.5.1] startup
[9.262s] [ext: omni.kit.usdz_export-1.1.0] startup
[9.264s] [ext: omni.kit.tool.asset_importer-6.0.1] startup
[9.269s] [ext: omni.kit.ui.actions-1.0.5] startup
[9.270s] [ext: omni.kit.viewport.menubar.camera-107.0.10] startup
[9.274s] [ext: omni.kit.viewport.menubar.lighting-107.3.2] startup
[9.276s] [ext: omni.kit.viewport.menubar.render-110.0.0] startup
[9.278s] [ext: omni.kit.viewport.menubar.settings-110.0.1] startup
[9.281s] [ext: omni.kit.window.console-1.1.9] startup
[9.284s] [ext: omni.kit.window.status_bar-0.1.11] startup
[9.286s] [ext: omni.kit.window.toolbar-3.0.3] startup
[9.288s] [ext: omni.ocio-0.1.1] startup
[9.289s] [ext: omni.physx.commands-110.1.13] startup
[9.292s] [ext: omni.replicator.replicator_yaml-2.0.12] startup
[9.301s] [ext: omni.rtx.window.settings-0.8.0] startup
[9.305s] [ext: omni.rtx.settings.core-0.7.1] startup
[9.307s] [ext: omni.usd.metrics.assembler.ui-110.1.1] startup
[9.313s] [ext: semantics.schema.editor-2.0.2] startup
[9.315s] [ext: semantics.schema.property-2.0.2] startup
[9.316s] [ext: omni.kit.menu.common-2.0.2] startup
[9.317s] [ext: isaacsim.exp.base-6.0.1] startup
[9.317s] [ext: isaacsim.exp.base.python-6.0.1] startup
[9.319s] Simulation App Starting
[10.136s] Simulation App Startup Complete
[10.140s] app ready
Starting kit application with the following args:  ['/home/starry/isaac-data/isaacsim/exts/isaacsim.simulation_app/isaacsim/simulation_app/simulation_app.py', '/home/starry/isaac-data/isaacsim/apps/isaacsim.exp.base.python.kit', '--/app/tokens/exe-path=/home/starry/isaac-data/isaacsim/kit', '--/persistent/app/viewport/displayOptions=3094', '--/rtx/materialDb/syncLoads=True', '--/rtx/hydra/materialSyncLoads=True', '--/omni/kit/plugin/syncUsdLoads=True', '--/app/renderer/resolution/width=1280', '--/app/renderer/resolution/height=720', '--/app/window/width=1440', '--/app/window/height=900', '--/renderer/multiGpu/enabled=False', '--/app/fastShutdown=True', '--/app/installSignalHandlers=0', '--ext-folder', '/home/starry/isaac-data/isaacsim/exts', '--ext-folder', '/home/starry/isaac-data/isaacsim/apps', '--/renderer/activeGpu=0', '--/physics/cudaDevice=0', '--/plugins/carb.tasking.plugin/threadCount=12', '--/plugins/omni.tbb.globalcontrol/maxThreadCount=12', '--portable', '--no-window', '--/app/window/hideUi=1']
Passing the following args to the base kit application:  []
Warp 1.13.0 initialized:
   CUDA Toolkit 12.9, Driver 13.0
   Devices:
     "cpu"      : "x86_64"
     "cuda:0"   : "NVIDIA GeForce RTX 5070" (11 GiB, sm_120, mempool enabled)
   Kernel cache:
     /home/starry/.cache/warp/1.13.0
[LIGHTING] sun=800.0 (1) dome=0.0 (1) ambient=0.05 constant_color=(0.6, 0.65, 0.7)
[RENDER] mode=MinimalRendering minimal_shading_mode=2 anti_aliasing=TAA
[DEPTH CAMERAS] count=4 resolution_each=320x240 horizontal_coverage=360deg
[ESDF] path=/home/starry/isaac-data/EGO1P1/scenes/ego_swarm_cloud/occupancy.bin shape=(400, 300, 50) resolution=0.40m
[depth_angular_controller-1] [INFO] [1790605140.124655744] [depth_angular_controller]: WAITING_ODOMETRY
[NAV] t=0.0s position=(-64.00,-11.20,2.80) yaw=0.0deg command=(0.00,0.00,0.00) manual_active=0 collision_blocks=0
[depth_angular_controller-1] [INFO] [1790605140.689131420] [depth_angular_controller]: WAITING_VERIFIED_START_POSE
[depth_angular_controller-1] [INFO] [1790605140.720694712] [depth_angular_controller]: VERIFIED_FREE_SEED center=(-64.000,-11.200,2.800) radius=2.500 balls=1: verified fixed Cloud free ball; USD and occupancy SHA-256 matched
[depth_angular_controller-1] [INFO] [1790605140.720804600] [depth_angular_controller]: ZERO_INTENT
[depth_angular_controller-1] [INFO] [1790605141.501989703] [depth_angular_controller]: 3D guidance switched to view 0
[depth_angular_controller-1] [INFO] [1790605141.503849638] [depth_angular_controller]: TARGET_HOLD
[depth_angular_controller-1] [INFO] [1790605141.503868734] [depth_angular_controller]: PAPER_BUILD reason=READY required=0.0100 best=3.6217 free=76 refined=0 tubes=0 revoked_tubes=0 proofs=0
[depth_angular_controller-1] [INFO] [1790605141.503878162] [depth_angular_controller]: PAPER_EVIDENCE retained=4 balls=1 revoked_balls=0 expired_views=0 evicted_views=0 radius=0.580 clearance=0.667 best_prefix=3.622
[depth_angular_controller-1] [INFO] [1790605142.404052033] [depth_angular_controller]: PAPER_BUILD reason=READY required=0.5673 best=3.6217 free=111 refined=0 tubes=2 revoked_tubes=0 proofs=45
[depth_angular_controller-1] [INFO] [1790605142.404094013] [depth_angular_controller]: PAPER_EVIDENCE retained=8 balls=5 revoked_balls=0 expired_views=0 evicted_views=0 radius=0.580 clearance=0.667 best_prefix=3.622
[depth_angular_controller-1] [INFO] [1790605142.781715986] [depth_angular_controller]: ANGULAR_STEP_BLOCKED
[depth_angular_controller-1] [INFO] [1790605143.079718479] [depth_angular_controller]: TARGET_HOLD
[depth_angular_controller-1] [INFO] [1790605143.305180218] [depth_angular_controller]: PAPER_BUILD reason=READY required=0.4367 best=3.6217 free=352 refined=0 tubes=3 revoked_tubes=0 proofs=86
[depth_angular_controller-1] [INFO] [1790605143.305216627] [depth_angular_controller]: PAPER_EVIDENCE retained=12 balls=11 revoked_balls=0 expired_views=0 evicted_views=0 radius=0.580 clearance=0.667 best_prefix=3.622
[10.665s] [ext: isaacsim.sensors.rtx.nodes-0.1.2] startup
[10.673s] [ext: isaacsim.ros2.core-1.9.4] startup
[10.687s] Attempting to load system rclpy
[10.687s] Could not import system rclpy: No module named 'rclpy'
[10.687s] Attempting to load internal rclpy for ROS Distro: humble
[10.698s] rclpy loaded
[10.701s] [ext: isaacsim.ros2.nodes-1.18.13] startup
[10.735s] [ext: isaacsim.ros2.examples-1.2.4] startup
[10.740s] [ext: isaacsim.ros2.ui-1.6.5] startup
[10.942s] [ext: isaacsim.ros2.bridge-5.1.2] startup
2026-09-28T14:19:00Z [12,812ms] [Warning] [omni.timeline.plugin] Deprecated: direct use of ITimeline callbacks is deprecated. Use ITimeline::getTimeline (Python: omni.timeline.get_timeline_interface) instead.
[depth_angular_controller-1] [INFO] [1790605144.282976170] [depth_angular_controller]: PAPER_BUILD reason=READY required=0.6194 best=3.6217 free=329 refined=0 tubes=5 revoked_tubes=0 proofs=128
[depth_angular_controller-1] [INFO] [1790605144.283017589] [depth_angular_controller]: PAPER_EVIDENCE retained=16 balls=18 revoked_balls=0 expired_views=0 evicted_views=0 radius=0.580 clearance=0.667 best_prefix=3.622
[position_cmd_to_twist-2] [INFO] [1790605145.135453896] [position_cmd_to_twist]: [PERF BRIDGE] run=repeat14 elapsed=17.77s received=246 published=246 fps(ros/wall)=50.00/55.29 controller_to_bridge_ms(mean/p50/p95/max)=0.271/0.000/0.000/16.667 bridge_process_ms(mean/p95/max)=0.107/0.117/2.673
[NAV] t=5.0s position=(-60.61,-11.20,2.80) yaw=0.0deg command=(1.00,0.00,0.00) manual_active=1 collision_blocks=0
[depth_angular_controller-1] [INFO] [1790605145.209676028] [depth_angular_controller]: PAPER_BUILD reason=READY required=0.6216 best=3.6217 free=352 refined=0 tubes=7 revoked_tubes=0 proofs=128
[depth_angular_controller-1] [INFO] [1790605145.209715462] [depth_angular_controller]: PAPER_EVIDENCE retained=20 balls=25 revoked_balls=0 expired_views=0 evicted_views=0 radius=0.580 clearance=0.667 best_prefix=3.622
[depth_angular_controller-1] [INFO] [1790605145.705893311] [depth_angular_controller]: [PERF CTRL] run=repeat14 elapsed=18.46s callbacks=275 commands=274 guidance=224 command_fps(ros/wall)=49.94/54.42 guidance_wall_fps=53.05 avoid_ms(mean/p50/p95/max)=1.135/0.074/7.663/13.707 cycle_ms(mean/p95/max)=18.376/31.310/91.014 depth_to_cmd_ms(mean/p95/max)=30.060/33.333/33.333 callback_to_publish_ms(mean/p95/max)=6.818/12.861/22.261
[depth_angular_controller-1] [INFO] [1790605146.323319051] [depth_angular_controller]: PAPER_BUILD reason=READY required=0.3664 best=3.6217 free=352 refined=0 tubes=9 revoked_tubes=0 proofs=128
[depth_angular_controller-1] [INFO] [1790605146.323358005] [depth_angular_controller]: PAPER_EVIDENCE retained=24 balls=31 revoked_balls=0 expired_views=0 evicted_views=0 radius=0.580 clearance=0.556 best_prefix=3.622
[depth_angular_controller-1] [INFO] [1790605147.323645614] [depth_angular_controller]: PAPER_BUILD reason=READY required=0.0860 best=0.9092 free=352 refined=0 tubes=10 revoked_tubes=0 proofs=128
[depth_angular_controller-1] [INFO] [1790605147.323689087] [depth_angular_controller]: PAPER_EVIDENCE retained=28 balls=32 revoked_balls=0 expired_views=0 evicted_views=0 radius=0.580 clearance=0.135 best_prefix=0.909
[depth_angular_controller-1] [INFO] [1790605147.733973579] [depth_angular_controller]: BRAKING_FALLBACK
[depth_angular_controller-1] [INFO] [1790605147.751163688] [depth_angular_controller]: TARGET_HOLD
[depth_angular_controller-1] [INFO] [1790605147.918276121] [depth_angular_controller]: BRAKING_FALLBACK
[depth_angular_controller-1] [INFO] [1790605147.974335885] [depth_angular_controller]: TARGET_HOLD
[depth_angular_controller-1] [INFO] [1790605148.113919959] [depth_angular_controller]: BRAKING_FALLBACK
[depth_angular_controller-1] [INFO] [1790605148.168315602] [depth_angular_controller]: TARGET_HOLD
[depth_angular_controller-1] [INFO] [1790605148.328250285] [depth_angular_controller]: PAPER_BUILD reason=READY required=0.0112 best=0.0162 free=352 refined=0 tubes=10 revoked_tubes=0 proofs=128
[depth_angular_controller-1] [INFO] [1790605148.328289650] [depth_angular_controller]: PAPER_EVIDENCE retained=28 balls=32 revoked_balls=0 expired_views=0 evicted_views=0 radius=0.580 clearance=0.021 best_prefix=0.016
[depth_angular_controller-1] [INFO] [1790605148.383147679] [depth_angular_controller]: BRAKING_FALLBACK
[depth_angular_controller-1] [INFO] [1790605148.461596718] [depth_angular_controller]: NO_REGULAR_FIELD
[depth_angular_controller-1] [INFO] [1790605148.490820444] [depth_angular_controller]: TARGET_HOLD
[depth_angular_controller-1] [INFO] [1790605148.545376731] [depth_angular_controller]: BRAKING_FALLBACK
[depth_angular_controller-1] [INFO] [1790605148.577992776] [depth_angular_controller]: TARGET_HOLD
[depth_angular_controller-1] [INFO] [1790605148.654253859] [depth_angular_controller]: 3D guidance switched to view 1
[depth_angular_controller-1] [INFO] [1790605148.780339190] [depth_angular_controller]: TRACKING
[depth_angular_controller-1] [INFO] [1790605148.816768873] [depth_angular_controller]: TARGET_HOLD
[depth_angular_controller-1] [INFO] [1790605148.889567794] [depth_angular_controller]: TRACKING
[depth_angular_controller-1] [INFO] [1790605148.909037794] [depth_angular_controller]: TARGET_HOLD
[depth_angular_controller-1] [INFO] [1790605148.942716744] [depth_angular_controller]: 3D guidance switched to view 0
[depth_angular_controller-1] [INFO] [1790605149.252608248] [depth_angular_controller]: PAPER_BUILD reason=READY required=0.3806 best=3.6217 free=133 refined=0 tubes=11 revoked_tubes=0 proofs=128
[depth_angular_controller-1] [INFO] [1790605149.252646892] [depth_angular_controller]: PAPER_EVIDENCE retained=32 balls=32 revoked_balls=0 expired_views=0 evicted_views=0 radius=0.580 clearance=0.667 best_prefix=3.622
[depth_angular_controller-1] [INFO] [1790605149.328750919] [depth_angular_controller]: TRACKING
[depth_angular_controller-1] [INFO] [1790605149.715519237] [depth_angular_controller]: TARGET_HOLD
[position_cmd_to_twist-2] [INFO] [1790605150.282355080] [position_cmd_to_twist]: [PERF BRIDGE] run=repeat14 elapsed=22.92s received=479 published=479 fps(ros/wall)=48.36/49.84 controller_to_bridge_ms(mean/p50/p95/max)=6.333/0.000/33.333/66.667 bridge_process_ms(mean/p95/max)=0.111/0.124/2.673
[NAV] t=10.0s position=(-58.69,-10.04,2.58) yaw=66.1deg command=(0.40,0.90,-0.19) manual_active=1 collision_blocks=0
[depth_angular_controller-1] [INFO] [1790605150.370823073] [depth_angular_controller]: PAPER_BUILD reason=READY required=0.6186 best=3.6217 free=300 refined=0 tubes=13 revoked_tubes=0 proofs=128
[depth_angular_controller-1] [INFO] [1790605150.370859602] [depth_angular_controller]: PAPER_EVIDENCE retained=32 balls=32 revoked_balls=0 expired_views=0 evicted_views=4 radius=0.580 clearance=0.667 best_prefix=3.622
[depth_angular_controller-1] [INFO] [1790605150.714192219] [depth_angular_controller]: [PERF CTRL] run=repeat14 elapsed=23.46s callbacks=503 commands=502 guidance=452 command_fps(ros/wall)=48.41/49.97 guidance_wall_fps=48.96 avoid_ms(mean/p50/p95/max)=2.399/0.355/14.438/44.286 cycle_ms(mean/p95/max)=20.010/35.284/91.014 depth_to_cmd_ms(mean/p95/max)=26.696/33.333/50.000 callback_to_publish_ms(mean/p95/max)=11.428/25.932/60.847
[depth_angular_controller-1] [INFO] [1790605151.326750877] [depth_angular_controller]: PAPER_BUILD reason=READY required=0.6211 best=3.6217 free=264 refined=0 tubes=15 revoked_tubes=0 proofs=128
[depth_angular_controller-1] [INFO] [1790605151.326791845] [depth_angular_controller]: PAPER_EVIDENCE retained=32 balls=32 revoked_balls=0 expired_views=0 evicted_views=8 radius=0.580 clearance=0.667 best_prefix=3.622
[depth_angular_controller-1] [INFO] [1790605152.339769146] [depth_angular_controller]: ANGULAR_STEP_BLOCKED
[depth_angular_controller-1] [INFO] [1790605152.355185776] [depth_angular_controller]: TARGET_HOLD
[depth_angular_controller-1] [INFO] [1790605152.386888384] [depth_angular_controller]: PAPER_BUILD reason=READY required=0.6214 best=3.6217 free=217 refined=0 tubes=17 revoked_tubes=0 proofs=128
[depth_angular_controller-1] [INFO] [1790605152.386928550] [depth_angular_controller]: PAPER_EVIDENCE retained=32 balls=32 revoked_balls=0 expired_views=0 evicted_views=12 radius=0.580 clearance=0.667 best_prefix=3.622
[depth_angular_controller-1] [INFO] [1790605153.026563195] [depth_angular_controller]: ANGULAR_STEP_BLOCKED
[depth_angular_controller-1] [INFO] [1790605153.043774818] [depth_angular_controller]: TARGET_HOLD
[depth_angular_controller-1] [INFO] [1790605153.521117595] [depth_angular_controller]: PAPER_BUILD reason=READY required=0.1576 best=3.6217 free=349 refined=0 tubes=18 revoked_tubes=0 proofs=128
[depth_angular_controller-1] [INFO] [1790605153.521174924] [depth_angular_controller]: PAPER_EVIDENCE retained=32 balls=32 revoked_balls=0 expired_views=0 evicted_views=16 radius=0.580 clearance=0.272 best_prefix=3.622
[depth_angular_controller-1] [INFO] [1790605154.410520608] [depth_angular_controller]: BRAKING_FALLBACK
[depth_angular_controller-1] [INFO] [1790605154.489780218] [depth_angular_controller]: TARGET_HOLD
[depth_angular_controller-1] [INFO] [1790605154.575082851] [depth_angular_controller]: TRACKING
[depth_angular_controller-1] [INFO] [1790605154.638527145] [depth_angular_controller]: STATE_OUTSIDE_FREE_DOMAIN
[depth_angular_controller-1] [INFO] [1790605154.650114638] [depth_angular_controller]: TRACKING
[depth_angular_controller-1] [INFO] [1790605154.668781579] [depth_angular_controller]: OUTSIDE_FLOW_BOX
[depth_angular_controller-1] [INFO] [1790605154.757768136] [depth_angular_controller]: COMPUTE_DEADLINE
[depth_angular_controller-1] [INFO] [1790605154.757800848] [depth_angular_controller]: PAPER_BUILD reason=READY required=0.0101 best=0.0151 free=352 refined=0 tubes=19 revoked_tubes=0 proofs=128
[depth_angular_controller-1] [INFO] [1790605154.757809644] [depth_angular_controller]: PAPER_EVIDENCE retained=7 balls=32 revoked_balls=0 expired_views=0 evicted_views=20 radius=0.580 clearance=0.038 best_prefix=0.015
[depth_angular_controller-1] [INFO] [1790605154.768897330] [depth_angular_controller]: TARGET_HOLD
[depth_angular_controller-1] [INFO] [1790605155.004581138] [depth_angular_controller]: BRAKING_FALLBACK
[depth_angular_controller-1] [INFO] [1790605155.052397802] [depth_angular_controller]: TARGET_HOLD
[depth_angular_controller-1] [INFO] [1790605155.061192412] [depth_angular_controller]: 3D guidance switched to view 3
[depth_angular_controller-1] [INFO] [1790605155.252027609] [depth_angular_controller]: 3D guidance switched to view 0
[depth_angular_controller-1] [INFO] [1790605155.344815363] [depth_angular_controller]: BRAKING_FALLBACK
[depth_angular_controller-1] [INFO] [1790605155.381565922] [depth_angular_controller]: TARGET_HOLD
[depth_angular_controller-1] [INFO] [1790605155.486909705] [depth_angular_controller]: OUTSIDE_FLOW_BOX
[depth_angular_controller-1] [INFO] [1790605155.502630933] [depth_angular_controller]: TARGET_HOLD
[depth_angular_controller-1] [INFO] [1790605155.532588286] [depth_angular_controller]: BRAKING_FALLBACK
[depth_angular_controller-1] [INFO] [1790605155.546967601] [depth_angular_controller]: TARGET_HOLD
[position_cmd_to_twist-2] [INFO] [1790605155.579647684] [position_cmd_to_twist]: [PERF BRIDGE] run=repeat14 elapsed=28.22s received=709 published=709 fps(ros/wall)=47.57/47.60 controller_to_bridge_ms(mean/p50/p95/max)=7.992/0.000/33.333/100.000 bridge_process_ms(mean/p95/max)=0.112/0.136/2.673
[NAV] t=15.0s position=(-57.09,-7.68,2.15) yaw=34.9deg command=(0.01,0.00,0.00) manual_active=1 collision_blocks=0
[depth_angular_controller-1] [INFO] [1790605155.727490712] [depth_angular_controller]: [PERF CTRL] run=repeat14 elapsed=28.48s callbacks=716 commands=715 guidance=665 command_fps(ros/wall)=47.60/47.48 guidance_wall_fps=46.68 avoid_ms(mean/p50/p95/max)=3.198/0.547/19.057/76.361 cycle_ms(mean/p95/max)=21.062/44.636/92.624 depth_to_cmd_ms(mean/p95/max)=25.940/33.333/50.000 callback_to_publish_ms(mean/p95/max)=13.120/32.230/87.297
[depth_angular_controller-1] [INFO] [1790605155.823763842] [depth_angular_controller]: BRAKING_FALLBACK
[depth_angular_controller-1] [INFO] [1790605155.824181194] [depth_angular_controller]: PAPER_BUILD reason=READY required=0.0100 best=0.0150 free=204 refined=0 tubes=20 revoked_tubes=0 proofs=128
[depth_angular_controller-1] [INFO] [1790605155.824193407] [depth_angular_controller]: PAPER_EVIDENCE retained=10 balls=32 revoked_balls=0 expired_views=0 evicted_views=20 radius=0.580 clearance=0.016 best_prefix=0.015
[depth_angular_controller-1] [INFO] [1790605155.865668681] [depth_angular_controller]: TARGET_HOLD
[depth_angular_controller-1] [INFO] [1790605155.922436661] [depth_angular_controller]: BRAKING_FALLBACK
[depth_angular_controller-1] [INFO] [1790605156.017962646] [depth_angular_controller]: TRACKING
[depth_angular_controller-1] [INFO] [1790605156.061645155] [depth_angular_controller]: REFERENCE_INITIALIZATION
[depth_angular_controller-1] [INFO] [1790605156.068825325] [depth_angular_controller]: 3D guidance switched to view 2
[depth_angular_controller-1] [INFO] [1790605156.069466450] [depth_angular_controller]: TRACKING
[depth_angular_controller-1] [INFO] [1790605156.723265407] [depth_angular_controller]: 3D guidance switched to view 3
[depth_angular_controller-1] [INFO] [1790605156.934822578] [depth_angular_controller]: PAPER_BUILD reason=READY required=0.0858 best=3.6217 free=183 refined=0 tubes=29 revoked_tubes=0 proofs=128
[depth_angular_controller-1] [INFO] [1790605156.934885708] [depth_angular_controller]: PAPER_EVIDENCE retained=14 balls=32 revoked_balls=0 expired_views=0 evicted_views=20 radius=0.580 clearance=0.110 best_prefix=3.622
[depth_angular_controller-1] [INFO] [1790605157.157639215] [depth_angular_controller]: BRAKING_FALLBACK
[depth_angular_controller-1] [INFO] [1790605157.201599993] [depth_angular_controller]: TRACKING
[depth_angular_controller-1] [INFO] [1790605157.502815578] [depth_angular_controller]: BRAKING_FALLBACK
[depth_angular_controller-1] [INFO] [1790605157.574427318] [depth_angular_controller]: TRACKING
[depth_angular_controller-1] [INFO] [1790605157.588805372] [depth_angular_controller]: 3D guidance switched to view 1
[depth_angular_controller-1] [INFO] [1790605157.590345892] [depth_angular_controller]: REFERENCE_INITIALIZATION
[depth_angular_controller-1] [INFO] [1790605157.610022950] [depth_angular_controller]: TARGET_HOLD
[depth_angular_controller-1] [INFO] [1790605157.643021659] [depth_angular_controller]: 3D guidance switched to view 3
[depth_angular_controller-1] [INFO] [1790605157.643137849] [depth_angular_controller]: STATE_OUTSIDE_FREE_DOMAIN
[depth_angular_controller-1] [INFO] [1790605157.664122465] [depth_angular_controller]: 3D guidance switched to view 1
[depth_angular_controller-1] [INFO] [1790605157.664905790] [depth_angular_controller]: TARGET_HOLD
[depth_angular_controller-1] [INFO] [1790605157.985199788] [depth_angular_controller]: PAPER_BUILD reason=READY required=0.1047 best=0.1097 free=342 refined=0 tubes=37 revoked_tubes=0 proofs=128
[depth_angular_controller-1] [INFO] [1790605157.985240725] [depth_angular_controller]: PAPER_EVIDENCE retained=18 balls=32 revoked_balls=0 expired_views=0 evicted_views=20 radius=0.580 clearance=0.162 best_prefix=0.110
[depth_angular_controller-1] [INFO] [1790605158.011996311] [depth_angular_controller]: 3D guidance switched to view 0
[depth_angular_controller-1] [INFO] [1790605158.536638156] [depth_angular_controller]: BRAKING_FALLBACK
[depth_angular_controller-1] [INFO] [1790605158.576353087] [depth_angular_controller]: TARGET_HOLD
[depth_angular_controller-1] [INFO] [1790605158.704402729] [depth_angular_controller]: BRAKING_FALLBACK
[depth_angular_controller-1] [INFO] [1790605158.746009436] [depth_angular_controller]: TARGET_HOLD
[depth_angular_controller-1] [INFO] [1790605158.908859132] [depth_angular_controller]: BRAKING_FALLBACK
[depth_angular_controller-1] [INFO] [1790605158.963298454] [depth_angular_controller]: TARGET_HOLD
[depth_angular_controller-1] [INFO] [1790605158.963334682] [depth_angular_controller]: PAPER_BUILD reason=READY required=0.0168 best=0.0218 free=352 refined=0 tubes=37 revoked_tubes=0 proofs=128
[depth_angular_controller-1] [INFO] [1790605158.963344631] [depth_angular_controller]: PAPER_EVIDENCE retained=22 balls=32 revoked_balls=0 expired_views=0 evicted_views=20 radius=0.580 clearance=0.021 best_prefix=0.022
[depth_angular_controller-1] [INFO] [1790605159.179428700] [depth_angular_controller]: BRAKING_FALLBACK
[depth_angular_controller-1] [INFO] [1790605159.299555017] [depth_angular_controller]: TARGET_HOLD
[depth_angular_controller-1] [INFO] [1790605159.429720373] [depth_angular_controller]: 3D guidance switched to view 1
[depth_angular_controller-1] [INFO] [1790605159.524129781] [depth_angular_controller]: BRAKING_FALLBACK
[depth_angular_controller-1] [INFO] [1790605159.542311566] [depth_angular_controller]: 3D guidance switched to view 0
[depth_angular_controller-1] [INFO] [1790605159.576406024] [depth_angular_controller]: TARGET_HOLD
[depth_angular_controller-1] [INFO] [1790605159.600031949] [depth_angular_controller]: BRAKING_FALLBACK
[depth_angular_controller-1] [INFO] [1790605159.699258208] [depth_angular_controller]: TARGET_HOLD
[depth_angular_controller-1] [INFO] [1790605159.904466262] [depth_angular_controller]: BRAKING_FALLBACK
[depth_angular_controller-1] [INFO] [1790605159.940718841] [depth_angular_controller]: REFERENCE_INITIALIZATION
[depth_angular_controller-1] [INFO] [1790605159.954074277] [depth_angular_controller]: TRACKING
[depth_angular_controller-1] [INFO] [1790605159.969766272] [depth_angular_controller]: REFERENCE_INITIALIZATION
[depth_angular_controller-1] [INFO] [1790605160.002120661] [depth_angular_controller]: 3D guidance switched to view 2
[depth_angular_controller-1] [INFO] [1790605160.033534640] [depth_angular_controller]: TRACKING
[depth_angular_controller-1] [INFO] [1790605160.033568995] [depth_angular_controller]: PAPER_BUILD reason=READY required=0.0185 best=3.6217 free=352 refined=0 tubes=51 revoked_tubes=0 proofs=128
[depth_angular_controller-1] [INFO] [1790605160.033577140] [depth_angular_controller]: PAPER_EVIDENCE retained=26 balls=32 revoked_balls=0 expired_views=0 evicted_views=20 radius=0.580 clearance=0.181 best_prefix=3.622
[depth_angular_controller-1] [INFO] [1790605160.322715217] [depth_angular_controller]: BRAKING_FALLBACK
[depth_angular_controller-1] [INFO] [1790605160.425139711] [depth_angular_controller]: COMPUTE_DEADLINE
[depth_angular_controller-1] [INFO] [1790605160.470054642] [depth_angular_controller]: TRACKING
[depth_angular_controller-1] [INFO] [1790605160.562034408] [depth_angular_controller]: 3D guidance switched to view 3
[depth_angular_controller-1] [INFO] [1790605160.641153324] [depth_angular_controller]: ANGULAR_STEP_BLOCKED
[depth_angular_controller-1] [INFO] [1790605160.662038163] [depth_angular_controller]: STATE_OUTSIDE_FREE_DOMAIN
[depth_angular_controller-1] [INFO] [1790605160.742863244] [depth_angular_controller]: [PERF CTRL] run=repeat14 elapsed=33.49s callbacks=938 commands=937 guidance=887 command_fps(ros/wall)=47.07/46.67 guidance_wall_fps=46.05 avoid_ms(mean/p50/p95/max)=3.305/0.648/18.242/83.545 cycle_ms(mean/p95/max)=21.425/45.132/102.423 depth_to_cmd_ms(mean/p95/max)=24.934/33.333/50.000 callback_to_publish_ms(mean/p95/max)=14.204/32.230/102.317
[depth_angular_controller-1] [INFO] [1790605160.742951822] [depth_angular_controller]: TRACKING
[position_cmd_to_twist-2] [INFO] [1790605160.748537571] [position_cmd_to_twist]: [PERF BRIDGE] run=repeat14 elapsed=33.39s received=937 published=936 fps(ros/wall)=47.07/46.62 controller_to_bridge_ms(mean/p50/p95/max)=9.623/0.000/33.333/116.667 bridge_process_ms(mean/p95/max)=0.109/0.135/2.673
[depth_angular_controller-1] [INFO] [1790605160.769802340] [depth_angular_controller]: 3D guidance switched to view 1
[NAV] t=20.0s position=(-57.28,-7.84,2.25) yaw=-52.6deg command=(-0.05,-0.01,0.02) manual_active=1 collision_blocks=0
[depth_angular_controller-1] [INFO] [1790605160.819306670] [depth_angular_controller]: 3D guidance switched to view 3
[depth_angular_controller-1] [INFO] [1790605160.957148351] [depth_angular_controller]: BRAKING_FALLBACK
[depth_angular_controller-1] [INFO] [1790605160.957535585] [depth_angular_controller]: PAPER_BUILD reason=READY required=0.0213 best=3.6217 free=236 refined=0 tubes=54 revoked_tubes=0 proofs=128
[depth_angular_controller-1] [INFO] [1790605160.957545013] [depth_angular_controller]: PAPER_EVIDENCE retained=30 balls=32 revoked_balls=0 expired_views=0 evicted_views=20 radius=0.580 clearance=0.028 best_prefix=3.622
[depth_angular_controller-1] [INFO] [1790605160.995866665] [depth_angular_controller]: TRACKING
[depth_angular_controller-1] [INFO] [1790605161.034008928] [depth_angular_controller]: 3D guidance switched to view 1
[depth_angular_controller-1] [INFO] [1790605161.051731443] [depth_angular_controller]: TARGET_HOLD
[depth_angular_controller-1] [INFO] [1790605161.067709882] [depth_angular_controller]: 3D guidance switched to view 3
[depth_angular_controller-1] [INFO] [1790605161.067826523] [depth_angular_controller]: STATE_OUTSIDE_FREE_DOMAIN
[depth_angular_controller-1] [INFO] [1790605161.103322860] [depth_angular_controller]: 3D guidance switched to view 1
[depth_angular_controller-1] [INFO] [1790605161.105075392] [depth_angular_controller]: TARGET_HOLD
[depth_angular_controller-1] [INFO] [1790605161.371918184] [depth_angular_controller]: OUTSIDE_FLOW_BOX
[depth_angular_controller-1] [INFO] [1790605161.469027867] [depth_angular_controller]: TARGET_HOLD
[depth_angular_controller-1] [INFO] [1790605161.486132010] [depth_angular_controller]: 3D guidance switched to view 0
[depth_angular_controller-1] [INFO] [1790605161.708097932] [depth_angular_controller]: BRAKING_FALLBACK
[depth_angular_controller-1] [INFO] [1790605161.842310227] [depth_angular_controller]: NO_REGULAR_FIELD
[depth_angular_controller-1] [INFO] [1790605161.872235905] [depth_angular_controller]: TARGET_HOLD
[depth_angular_controller-1] [INFO] [1790605161.941483873] [depth_angular_controller]: PAPER_BUILD reason=READY required=0.0100 best=0.0150 free=263 refined=0 tubes=83 revoked_tubes=0 proofs=128
[depth_angular_controller-1] [INFO] [1790605161.941521804] [depth_angular_controller]: PAPER_EVIDENCE retained=32 balls=32 revoked_balls=0 expired_views=0 evicted_views=22 radius=0.580 clearance=0.024 best_prefix=0.015
[depth_angular_controller-1] [INFO] [1790605162.113854304] [depth_angular_controller]: OUTSIDE_FLOW_BOX
[depth_angular_controller-1] [INFO] [1790605162.285271590] [depth_angular_controller]: COMPUTE_DEADLINE
[depth_angular_controller-1] [INFO] [1790605162.318441098] [depth_angular_controller]: TARGET_HOLD
[depth_angular_controller-1] [INFO] [1790605162.404763885] [depth_angular_controller]: 3D guidance switched to view 1
[depth_angular_controller-1] [INFO] [1790605162.544845611] [depth_angular_controller]: TRACKING
[depth_angular_controller-1] [INFO] [1790605162.592265121] [depth_angular_controller]: BRAKING_FALLBACK
[depth_angular_controller-1] [INFO] [1790605162.610600298] [depth_angular_controller]: 3D guidance switched to view 0
[depth_angular_controller-1] [INFO] [1790605162.644116493] [depth_angular_controller]: TRACKING
[depth_angular_controller-1] [INFO] [1790605162.772499692] [depth_angular_controller]: TARGET_HOLD
[depth_angular_controller-1] [INFO] [1790605162.804226605] [depth_angular_controller]: BRAKING_FALLBACK
[depth_angular_controller-1] [INFO] [1790605162.832895311] [depth_angular_controller]: PAPER_BUILD reason=READY required=0.0184 best=0.0234 free=220 refined=0 tubes=113 revoked_tubes=0 proofs=128
[depth_angular_controller-1] [INFO] [1790605162.833299607] [depth_angular_controller]: PAPER_EVIDENCE retained=32 balls=32 revoked_balls=0 expired_views=0 evicted_views=26 radius=0.580 clearance=0.031 best_prefix=0.023
[depth_angular_controller-1] [INFO] [1790605162.900119935] [depth_angular_controller]: TRACKING
[depth_angular_controller-1] [INFO] [1790605162.997489553] [depth_angular_controller]: TARGET_HOLD
[depth_angular_controller-1] [INFO] [1790605163.043024032] [depth_angular_controller]: STATE_OUTSIDE_FREE_DOMAIN
[depth_angular_controller-1] [INFO] [1790605163.091166835] [depth_angular_controller]: TARGET_HOLD
[depth_angular_controller-1] [INFO] [1790605163.185275454] [depth_angular_controller]: COMPUTE_DEADLINE
[depth_angular_controller-1] [INFO] [1790605163.258585215] [depth_angular_controller]: TARGET_HOLD
[depth_angular_controller-1] [INFO] [1790605163.460034017] [depth_angular_controller]: ANGULAR_STEP_BLOCKED
[depth_angular_controller-1] [INFO] [1790605163.529316513] [depth_angular_controller]: TARGET_HOLD
[depth_angular_controller-1] [INFO] [1790605163.840599484] [depth_angular_controller]: OUTSIDE_FLOW_BOX
[depth_angular_controller-1] [INFO] [1790605163.867339665] [depth_angular_controller]: BRAKING_FALLBACK
[depth_angular_controller-1] [INFO] [1790605163.898761571] [depth_angular_controller]: PAPER_BUILD reason=READY required=0.0117 best=0.0167 free=176 refined=0 tubes=143 revoked_tubes=0 proofs=128
[depth_angular_controller-1] [INFO] [1790605163.898795856] [depth_angular_controller]: PAPER_EVIDENCE retained=32 balls=32 revoked_balls=0 expired_views=0 evicted_views=33 radius=0.580 clearance=0.015 best_prefix=0.017
[depth_angular_controller-1] [INFO] [1790605163.960437909] [depth_angular_controller]: TARGET_HOLD
[depth_angular_controller-1] [INFO] [1790605164.164856344] [depth_angular_controller]: OUTSIDE_FLOW_BOX
[depth_angular_controller-1] [INFO] [1790605164.189725769] [depth_angular_controller]: BRAKING_FALLBACK
[depth_angular_controller-1] [INFO] [1790605164.287291405] [depth_angular_controller]: TARGET_HOLD
[depth_angular_controller-1] [INFO] [1790605164.443967115] [depth_angular_controller]: SINGULAR_FIELD
[depth_angular_controller-1] [INFO] [1790605164.507437266] [depth_angular_controller]: TARGET_HOLD
[depth_angular_controller-1] [INFO] [1790605164.825296292] [depth_angular_controller]: OUTSIDE_FLOW_BOX
[depth_angular_controller-1] [INFO] [1790605164.870470268] [depth_angular_controller]: REFERENCE_INITIALIZATION
[depth_angular_controller-1] [INFO] [1790605164.967776873] [depth_angular_controller]: TARGET_HOLD
[depth_angular_controller-1] [INFO] [1790605165.042000760] [depth_angular_controller]: PAPER_BUILD reason=READY required=0.0100 best=0.0150 free=73 refined=0 tubes=170 revoked_tubes=0 proofs=128
[depth_angular_controller-1] [INFO] [1790605165.042043060] [depth_angular_controller]: PAPER_EVIDENCE retained=32 balls=32 revoked_balls=0 expired_views=0 evicted_views=37 radius=0.580 clearance=0.020 best_prefix=0.015
[depth_angular_controller-1] [INFO] [1790605165.183405315] [depth_angular_controller]: STATE_OUTSIDE_FREE_DOMAIN
[depth_angular_controller-1] [INFO] [1790605165.207488250] [depth_angular_controller]: TARGET_HOLD
[depth_angular_controller-1] [INFO] [1790605165.421060005] [depth_angular_controller]: OUTSIDE_FLOW_BOX
[depth_angular_controller-1] [INFO] [1790605165.440839431] [depth_angular_controller]: BRAKING_FALLBACK
[depth_angular_controller-1] [INFO] [1790605165.472342352] [depth_angular_controller]: TARGET_HOLD
[depth_angular_controller-1] [INFO] [1790605165.505722382] [depth_angular_controller]: BRAKING_FALLBACK
[depth_angular_controller-1] [INFO] [1790605165.572660809] [depth_angular_controller]: TARGET_HOLD
[depth_angular_controller-1] [INFO] [1790605165.759136597] [depth_angular_controller]: [PERF CTRL] run=repeat14 elapsed=38.51s callbacks=1111 commands=1110 guidance=1060 command_fps(ros/wall)=44.63/44.24 guidance_wall_fps=43.66 avoid_ms(mean/p50/p95/max)=3.796/0.885/19.575/86.963 cycle_ms(mean/p95/max)=22.606/50.586/107.993 depth_to_cmd_ms(mean/p95/max)=24.104/33.333/50.000 callback_to_publish_ms(mean/p95/max)=16.127/34.760/107.934
[depth_angular_controller-1] [INFO] [1790605165.759199706] [depth_angular_controller]: OUTSIDE_FLOW_BOX
[position_cmd_to_twist-2] [INFO] [1790605165.777163681] [position_cmd_to_twist]: [PERF BRIDGE] run=repeat14 elapsed=38.42s received=1110 published=1108 fps(ros/wall)=44.63/44.16 controller_to_bridge_ms(mean/p50/p95/max)=12.252/16.667/33.333/150.000 bridge_process_ms(mean/p95/max)=0.109/0.135/2.673
[depth_angular_controller-1] [INFO] [1790605165.819756015] [depth_angular_controller]: REFERENCE_INITIALIZATION
[NAV] t=25.0s position=(-57.16,-7.78,2.24) yaw=37.4deg command=(0.00,0.01,-0.00) manual_active=1 collision_blocks=0
[depth_angular_controller-1] [INFO] [1790605165.874246724] [depth_angular_controller]: TARGET_HOLD
[depth_angular_controller-1] [INFO] [1790605165.907836712] [depth_angular_controller]: BRAKING_FALLBACK
[depth_angular_controller-1] [INFO] [1790605165.993828048] [depth_angular_controller]: COMPUTE_DEADLINE
[depth_angular_controller-1] [INFO] [1790605165.993865619] [depth_angular_controller]: PAPER_BUILD reason=READY required=0.0100 best=0.0150 free=148 refined=0 tubes=195 revoked_tubes=0 proofs=128
[depth_angular_controller-1] [INFO] [1790605165.993876660] [depth_angular_controller]: PAPER_EVIDENCE retained=32 balls=32 revoked_balls=0 expired_views=0 evicted_views=41 radius=0.580 clearance=0.022 best_prefix=0.015
[depth_angular_controller-1] [INFO] [1790605166.035441227] [depth_angular_controller]: TARGET_HOLD
[depth_angular_controller-1] [INFO] [1790605166.269865749] [depth_angular_controller]: ANGULAR_STEP_BLOCKED
[depth_angular_controller-1] [INFO] [1790605166.302311308] [depth_angular_controller]: BRAKING_FALLBACK
[depth_angular_controller-1] [INFO] [1790605166.323858446] [depth_angular_controller]: 3D guidance switched to view 3
[depth_angular_controller-1] [INFO] [1790605166.324959163] [depth_angular_controller]: TARGET_HOLD
[depth_angular_controller-1] [INFO] [1790605166.420384136] [depth_angular_controller]: COMPUTE_DEADLINE
[depth_angular_controller-1] [INFO] [1790605166.448587222] [depth_angular_controller]: TARGET_HOLD
[depth_angular_controller-1] [INFO] [1790605166.476486041] [depth_angular_controller]: BRAKING_FALLBACK
[depth_angular_controller-1] [INFO] [1790605166.556057570] [depth_angular_controller]: TARGET_HOLD
[depth_angular_controller-1] [INFO] [1790605166.745746574] [depth_angular_controller]: 3D guidance switched to view 0
[depth_angular_controller-1] [INFO] [1790605166.746292840] [depth_angular_controller]: STATE_OUTSIDE_FREE_DOMAIN
[depth_angular_controller-1] [INFO] [1790605166.801863979] [depth_angular_controller]: 3D guidance switched to view 3
[depth_angular_controller-1] [INFO] [1790605166.881577196] [depth_angular_controller]: COMPUTE_DEADLINE
[depth_angular_controller-1] [INFO] [1790605166.881610620] [depth_angular_controller]: PAPER_BUILD reason=READY required=0.0100 best=0.0150 free=88 refined=1 tubes=216 revoked_tubes=0 proofs=128
[depth_angular_controller-1] [INFO] [1790605166.881621160] [depth_angular_controller]: PAPER_EVIDENCE retained=32 balls=32 revoked_balls=0 expired_views=0 evicted_views=45 radius=0.580 clearance=0.017 best_prefix=0.015
[depth_angular_controller-1] [INFO] [1790605166.920387611] [depth_angular_controller]: BRAKING_FALLBACK
[depth_angular_controller-1] [INFO] [1790605166.978250535] [depth_angular_controller]: TARGET_HOLD
[depth_angular_controller-1] [INFO] [1790605167.172123998] [depth_angular_controller]: 3D guidance switched to view 0
[depth_angular_controller-1] [INFO] [1790605167.297797728] [depth_angular_controller]: COMPUTE_DEADLINE
[depth_angular_controller-1] [INFO] [1790605167.413930040] [depth_angular_controller]: 3D guidance switched to view 3
[depth_angular_controller-1] [INFO] [1790605167.435608248] [depth_angular_controller]: BRAKING_FALLBACK
[depth_angular_controller-1] [INFO] [1790605167.490835477] [depth_angular_controller]: TARGET_HOLD
[depth_angular_controller-1] [INFO] [1790605167.677884211] [depth_angular_controller]: 3D guidance switched to view 0
[depth_angular_controller-1] [INFO] [1790605167.735397574] [depth_angular_controller]: ANGULAR_STEP_BLOCKED
[depth_angular_controller-1] [INFO] [1790605167.771088266] [depth_angular_controller]: TRACKING
[depth_angular_controller-1] [INFO] [1790605167.845651232] [depth_angular_controller]: 3D guidance switched to view 3
[depth_angular_controller-1] [INFO] [1790605167.865545697] [depth_angular_controller]: TARGET_HOLD
[depth_angular_controller-1] [INFO] [1790605167.890944849] [depth_angular_controller]: 3D guidance switched to view 0
[depth_angular_controller-1] [INFO] [1790605167.891009501] [depth_angular_controller]: STATE_OUTSIDE_FREE_DOMAIN
[depth_angular_controller-1] [INFO] [1790605167.970754691] [depth_angular_controller]: 3D guidance switched to view 3
[depth_angular_controller-1] [INFO] [1790605167.973258989] [depth_angular_controller]: TARGET_HOLD
[depth_angular_controller-1] [INFO] [1790605167.973470209] [depth_angular_controller]: PAPER_BUILD reason=READY required=0.0107 best=0.0157 free=38 refined=0 tubes=233 revoked_tubes=0 proofs=128
[depth_angular_controller-1] [INFO] [1790605167.973482893] [depth_angular_controller]: PAPER_EVIDENCE retained=32 balls=32 revoked_balls=0 expired_views=0 evicted_views=49 radius=0.580 clearance=0.021 best_prefix=0.016
[depth_angular_controller-1] [INFO] [1790605168.202348018] [depth_angular_controller]: STATE_OUTSIDE_FREE_DOMAIN
[depth_angular_controller-1] [INFO] [1790605168.257225556] [depth_angular_controller]: OUTSIDE_FLOW_BOX
[depth_angular_controller-1] [INFO] [1790605168.283771372] [depth_angular_controller]: REFERENCE_INITIALIZATION
[depth_angular_controller-1] [INFO] [1790605168.397959572] [depth_angular_controller]: TARGET_HOLD
[depth_angular_controller-1] [INFO] [1790605168.478764954] [depth_angular_controller]: ANGULAR_STEP_BLOCKED
[depth_angular_controller-1] [INFO] [1790605168.527952344] [depth_angular_controller]: BRAKING_FALLBACK
[depth_angular_controller-1] [INFO] [1790605168.689462257] [depth_angular_controller]: COMPUTE_DEADLINE
[depth_angular_controller-1] [INFO] [1790605168.740388754] [depth_angular_controller]: TARGET_HOLD
[depth_angular_controller-1] [INFO] [1790605168.905099906] [depth_angular_controller]: 3D guidance switched to view 0
[depth_angular_controller-1] [INFO] [1790605168.907406178] [depth_angular_controller]: PAPER_BUILD reason=READY required=0.0100 best=0.0150 free=104 refined=0 tubes=249 revoked_tubes=0 proofs=128
[depth_angular_controller-1] [INFO] [1790605168.907425866] [depth_angular_controller]: PAPER_EVIDENCE retained=32 balls=32 revoked_balls=0 expired_views=0 evicted_views=50 radius=0.580 clearance=0.024 best_prefix=0.015
[depth_angular_controller-1] [INFO] [1790605168.940623181] [depth_angular_controller]: OUTSIDE_FLOW_BOX
[depth_angular_controller-1] [INFO] [1790605168.967188945] [depth_angular_controller]: TRACKING
[depth_angular_controller-1] [INFO] [1790605169.172910430] [depth_angular_controller]: OUTSIDE_FLOW_BOX
[depth_angular_controller-1] [INFO] [1790605169.209069602] [depth_angular_controller]: TARGET_HOLD
[depth_angular_controller-1] [INFO] [1790605169.272968895] [depth_angular_controller]: OUTSIDE_FLOW_BOX
[depth_angular_controller-1] [INFO] [1790605169.359547284] [depth_angular_controller]: 3D guidance switched to view 3
[depth_angular_controller-1] [INFO] [1790605169.410319951] [depth_angular_controller]: COMPUTE_DEADLINE
[depth_angular_controller-1] [INFO] [1790605169.464995517] [depth_angular_controller]: TARGET_HOLD
[depth_angular_controller-1] [INFO] [1790605169.675345898] [depth_angular_controller]: STATE_OUTSIDE_FREE_DOMAIN
[depth_angular_controller-1] [INFO] [1790605169.710667723] [depth_angular_controller]: OUTSIDE_FLOW_BOX
[depth_angular_controller-1] [INFO] [1790605169.730721452] [depth_angular_controller]: TARGET_HOLD
[depth_angular_controller-1] [INFO] [1790605169.894100492] [depth_angular_controller]: PAPER_BUILD reason=READY required=0.0100 best=0.0150 free=36 refined=0 tubes=256 revoked_tubes=0 proofs=128
[depth_angular_controller-1] [INFO] [1790605169.894137432] [depth_angular_controller]: PAPER_EVIDENCE retained=32 balls=32 revoked_balls=0 expired_views=0 evicted_views=57 radius=0.580 clearance=0.016 best_prefix=0.015
[depth_angular_controller-1] [INFO] [1790605169.929178996] [depth_angular_controller]: OUTSIDE_FLOW_BOX
[depth_angular_controller-1] [INFO] [1790605169.981560102] [depth_angular_controller]: STATE_OUTSIDE_FREE_DOMAIN
[depth_angular_controller-1] [INFO] [1790605170.005124697] [depth_angular_controller]: REFERENCE_INITIALIZATION
[depth_angular_controller-1] [INFO] [1790605170.039010891] [depth_angular_controller]: TARGET_HOLD
[depth_angular_controller-1] [INFO] [1790605170.231855609] [depth_angular_controller]: BRAKING_FALLBACK
[depth_angular_controller-1] [INFO] [1790605170.339627912] [depth_angular_controller]: COMPUTE_DEADLINE
[position_cmd_to_twist-2] [INFO] [1790605170.524139171] [position_cmd_to_twist]: [PERF BRIDGE] run=repeat14 elapsed=43.16s received=1216 published=1209 fps(ros/wall)=40.96/40.58 controller_to_bridge_ms(mean/p50/p95/max)=15.132/16.667/50.000/150.000 bridge_process_ms(mean/p95/max)=0.110/0.136/2.673
[NAV] t=30.0s position=(-57.13,-7.74,2.20) yaw=73.8deg command=(0.00,0.00,0.00) manual_active=0 collision_blocks=0
[depth_angular_controller-1] [INFO] [1790605170.632441428] [depth_angular_controller]: ZERO_INTENT
[depth_angular_controller-1] [INFO] [1790605170.771794624] [depth_angular_controller]: [PERF CTRL] run=repeat14 elapsed=43.52s callbacks=1223 commands=1222 guidance=1167 command_fps(ros/wall)=40.45/40.59 guidance_wall_fps=40.08 avoid_ms(mean/p50/p95/max)=4.749/0.991/22.067/103.008 cycle_ms(mean/p95/max)=24.638/59.148/137.711 depth_to_cmd_ms(mean/p95/max)=23.465/33.333/50.000 callback_to_publish_ms(mean/p95/max)=18.639/46.438/137.650
[depth_angular_controller-1] [INFO] [1790605174.114721567] [depth_angular_controller]: 3D guidance switched to view 0
[depth_angular_controller-1] [INFO] [1790605174.141798013] [depth_angular_controller]: REFERENCE_INITIALIZATION
[depth_angular_controller-1] [INFO] [1790605174.142191600] [depth_angular_controller]: PAPER_BUILD reason=READY required=0.0100 best=3.6217 free=33 refined=0 tubes=256 revoked_tubes=0 proofs=128
[depth_angular_controller-1] [INFO] [1790605174.142225714] [depth_angular_controller]: PAPER_EVIDENCE retained=32 balls=32 revoked_balls=0 expired_views=0 evicted_views=59 radius=0.580 clearance=0.667 best_prefix=3.622
[depth_angular_controller-1] [INFO] [1790605174.282033056] [depth_angular_controller]: 3D guidance switched to view 2
[depth_angular_controller-1] [INFO] [1790605174.352410050] [depth_angular_controller]: TARGET_HOLD
[depth_angular_controller-1] [INFO] [1790605174.371488833] [depth_angular_controller]: 3D guidance switched to view 1
[depth_angular_controller-1] [INFO] [1790605174.962670100] [depth_angular_controller]: TRACKING
[position_cmd_to_twist-2] [INFO] [1790605174.971285044] [position_cmd_to_twist]: [PERF BRIDGE] run=repeat14 elapsed=47.61s received=1337 published=1329 fps(ros/wall)=38.34/38.75 controller_to_bridge_ms(mean/p50/p95/max)=17.477/16.667/50.000/183.333 bridge_process_ms(mean/p95/max)=0.111/0.138/2.673
[NAV] t=35.0s position=(-57.50,-8.04,2.19) yaw=140.1deg command=(-0.71,-0.60,-0.01) manual_active=1 collision_blocks=0
[depth_angular_controller-1] [INFO] [1790605175.160389848] [depth_angular_controller]: PAPER_BUILD reason=READY required=0.5700 best=3.6217 free=235 refined=0 tubes=256 revoked_tubes=0 proofs=128
[depth_angular_controller-1] [INFO] [1790605175.160427459] [depth_angular_controller]: PAPER_EVIDENCE retained=32 balls=32 revoked_balls=0 expired_views=0 evicted_views=64 radius=0.580 clearance=0.667 best_prefix=3.622
[depth_angular_controller-1] [INFO] [1790605175.582627163] [depth_angular_controller]: 3D guidance switched to view 0
[depth_angular_controller-1] [INFO] [1790605175.807727254] [depth_angular_controller]: [PERF CTRL] run=repeat14 elapsed=48.56s callbacks=1364 commands=1363 guidance=1216 command_fps(ros/wall)=38.15/38.78 guidance_wall_fps=35.42 avoid_ms(mean/p50/p95/max)=4.811/0.980/22.067/103.008 cycle_ms(mean/p95/max)=25.784/58.070/137.711 depth_to_cmd_ms(mean/p95/max)=23.328/33.333/50.000 callback_to_publish_ms(mean/p95/max)=20.196/47.634/137.650
[depth_angular_controller-1] [INFO] [1790605176.165916207] [depth_angular_controller]: TARGET_HOLD
[depth_angular_controller-1] [INFO] [1790605176.188530555] [depth_angular_controller]: PAPER_BUILD reason=READY required=0.6209 best=3.6217 free=262 refined=0 tubes=256 revoked_tubes=0 proofs=128
[depth_angular_controller-1] [INFO] [1790605176.188564970] [depth_angular_controller]: PAPER_EVIDENCE retained=32 balls=32 revoked_balls=0 expired_views=0 evicted_views=68 radius=0.580 clearance=0.667 best_prefix=3.622
[depth_angular_controller-1] [INFO] [1790605176.254603702] [depth_angular_controller]: TRACKING
[depth_angular_controller-1] [INFO] [1790605176.370671771] [depth_angular_controller]: TARGET_HOLD
[depth_angular_controller-1] [INFO] [1790605177.117499004] [depth_angular_controller]: PAPER_BUILD reason=READY required=0.6211 best=3.6217 free=264 refined=0 tubes=256 revoked_tubes=0 proofs=128
[depth_angular_controller-1] [INFO] [1790605177.117533970] [depth_angular_controller]: PAPER_EVIDENCE retained=32 balls=32 revoked_balls=0 expired_views=0 evicted_views=72 radius=0.580 clearance=0.667 best_prefix=3.622
[depth_angular_controller-1] [INFO] [1790605178.056067709] [depth_angular_controller]: TRACKING
[depth_angular_controller-1] [INFO] [1790605178.244006698] [depth_angular_controller]: PAPER_BUILD reason=READY required=0.6210 best=3.6217 free=262 refined=0 tubes=256 revoked_tubes=0 proofs=128
[depth_angular_controller-1] [INFO] [1790605178.244047615] [depth_angular_controller]: PAPER_EVIDENCE retained=30 balls=32 revoked_balls=0 expired_views=0 evicted_views=76 radius=0.580 clearance=0.667 best_prefix=3.622
[depth_angular_controller-1] [INFO] [1790605178.347063022] [depth_angular_controller]: TARGET_HOLD
[depth_angular_controller-1] [INFO] [1790605179.225825048] [depth_angular_controller]: PAPER_BUILD reason=READY required=0.6213 best=3.6217 free=251 refined=0 tubes=256 revoked_tubes=0 proofs=128
[depth_angular_controller-1] [INFO] [1790605179.225864453] [depth_angular_controller]: PAPER_EVIDENCE retained=32 balls=32 revoked_balls=0 expired_views=0 evicted_views=78 radius=0.580 clearance=0.667 best_prefix=3.622
[position_cmd_to_twist-2] [INFO] [1790605180.079972732] [position_cmd_to_twist]: [PERF BRIDGE] run=repeat14 elapsed=52.72s received=1516 published=1508 fps(ros/wall)=37.97/38.31 controller_to_bridge_ms(mean/p50/p95/max)=18.184/16.667/50.000/183.333 bridge_process_ms(mean/p95/max)=0.109/0.138/2.673
[NAV] t=40.0s position=(-61.82,-10.31,1.77) yaw=189.7deg command=(-0.97,-0.17,-0.15) manual_active=1 collision_blocks=0
[depth_angular_controller-1] [INFO] [1790605180.301327181] [depth_angular_controller]: PAPER_BUILD reason=READY required=0.6201 best=3.6217 free=230 refined=0 tubes=256 revoked_tubes=0 proofs=128
[depth_angular_controller-1] [INFO] [1790605180.301370463] [depth_angular_controller]: PAPER_EVIDENCE retained=32 balls=32 revoked_balls=0 expired_views=0 evicted_views=82 radius=0.580 clearance=0.667 best_prefix=3.622
[depth_angular_controller-1] [INFO] [1790605180.824133145] [depth_angular_controller]: [PERF CTRL] run=repeat14 elapsed=53.57s callbacks=1553 commands=1552 guidance=1405 command_fps(ros/wall)=38.11/38.64 guidance_wall_fps=35.71 avoid_ms(mean/p50/p95/max)=5.280/0.840/31.397/103.008 cycle_ms(mean/p95/max)=25.877/59.767/137.711 depth_to_cmd_ms(mean/p95/max)=23.013/33.333/50.000 callback_to_publish_ms(mean/p95/max)=20.427/49.303/137.650
[depth_angular_controller-1] [INFO] [1790605181.367197933] [depth_angular_controller]: PAPER_BUILD reason=READY required=0.6037 best=3.6217 free=222 refined=0 tubes=256 revoked_tubes=0 proofs=128
[depth_angular_controller-1] [INFO] [1790605181.367239181] [depth_angular_controller]: PAPER_EVIDENCE retained=32 balls=32 revoked_balls=0 expired_views=0 evicted_views=86 radius=0.580 clearance=0.667 best_prefix=3.622
[depth_angular_controller-1] [INFO] [1790605182.368000110] [depth_angular_controller]: PAPER_BUILD reason=READY required=0.6212 best=3.6217 free=288 refined=0 tubes=256 revoked_tubes=0 proofs=128
[depth_angular_controller-1] [INFO] [1790605182.368038673] [depth_angular_controller]: PAPER_EVIDENCE retained=32 balls=32 revoked_balls=0 expired_views=0 evicted_views=90 radius=0.580 clearance=0.667 best_prefix=3.622
[depth_angular_controller-1] [INFO] [1790605183.300836988] [depth_angular_controller]: PAPER_BUILD reason=READY required=0.6212 best=3.6217 free=257 refined=0 tubes=256 revoked_tubes=0 proofs=128
[depth_angular_controller-1] [INFO] [1790605183.300880300] [depth_angular_controller]: PAPER_EVIDENCE retained=32 balls=32 revoked_balls=0 expired_views=0 evicted_views=94 radius=0.580 clearance=0.667 best_prefix=3.622
[depth_angular_controller-1] [INFO] [1790605184.157250612] [depth_angular_controller]: ZERO_INTENT
[position_cmd_to_twist-2] [INFO] [1790605185.043133265] [position_cmd_to_twist]: [PERF BRIDGE] run=repeat14 elapsed=57.68s received=1736 published=1728 fps(ros/wall)=38.64/38.94 controller_to_bridge_ms(mean/p50/p95/max)=17.396/16.667/50.000/183.333 bridge_process_ms(mean/p95/max)=0.110/0.139/2.673
[NAV] t=45.0s position=(-66.08,-9.90,1.11) yaw=161.6deg command=(0.00,0.00,0.00) manual_active=0 collision_blocks=0
[depth_angular_controller-1] [INFO] [1790605185.842164957] [depth_angular_controller]: [PERF CTRL] run=repeat14 elapsed=58.59s callbacks=1778 commands=1777 guidance=1543 command_fps(ros/wall)=38.85/39.33 guidance_wall_fps=36.16 avoid_ms(mean/p50/p95/max)=5.489/0.685/33.224/103.008 cycle_ms(mean/p95/max)=25.424/60.028/137.711 depth_to_cmd_ms(mean/p95/max)=23.029/33.333/50.000 callback_to_publish_ms(mean/p95/max)=19.826/49.032/137.650
[depth_angular_controller-1] [INFO] [1790605186.918762404] [depth_angular_controller]: TARGET_HOLD
[depth_angular_controller-1] [INFO] [1790605186.918799133] [depth_angular_controller]: PAPER_BUILD reason=READY required=0.0100 best=3.6217 free=37 refined=0 tubes=256 revoked_tubes=0 proofs=128
[depth_angular_controller-1] [INFO] [1790605186.918809623] [depth_angular_controller]: PAPER_EVIDENCE retained=32 balls=32 revoked_balls=0 expired_views=0 evicted_views=102 radius=0.580 clearance=0.667 best_prefix=3.622
[depth_angular_controller-1] [INFO] [1790605187.037570781] [depth_angular_controller]: OUTSIDE_FLOW_BOX
[depth_angular_controller-1] [INFO] [1790605187.052289292] [depth_angular_controller]: TARGET_HOLD
[depth_angular_controller-1] [INFO] [1790605187.336792913] [depth_angular_controller]: OUTSIDE_FLOW_BOX
[depth_angular_controller-1] [INFO] [1790605187.346916491] [depth_angular_controller]: STATE_OUTSIDE_FREE_DOMAIN
[depth_angular_controller-1] [INFO] [1790605187.497026198] [depth_angular_controller]: OUTSIDE_FLOW_BOX
[depth_angular_controller-1] [INFO] [1790605187.518108096] [depth_angular_controller]: STATE_OUTSIDE_FREE_DOMAIN
[depth_angular_controller-1] [INFO] [1790605187.589886892] [depth_angular_controller]: OUTSIDE_FLOW_BOX
[depth_angular_controller-1] [INFO] [1790605187.716326973] [depth_angular_controller]: TRACKING
[depth_angular_controller-1] [INFO] [1790605187.811387158] [depth_angular_controller]: OUTSIDE_FLOW_BOX
[depth_angular_controller-1] [INFO] [1790605187.826940142] [depth_angular_controller]: STATE_OUTSIDE_FREE_DOMAIN
[depth_angular_controller-1] [INFO] [1790605187.892045954] [depth_angular_controller]: OUTSIDE_FLOW_BOX
[depth_angular_controller-1] [INFO] [1790605187.907556978] [depth_angular_controller]: PAPER_BUILD reason=READY required=0.0542 best=3.6217 free=100 refined=0 tubes=256 revoked_tubes=0 proofs=128
[depth_angular_controller-1] [INFO] [1790605187.907586954] [depth_angular_controller]: PAPER_EVIDENCE retained=32 balls=32 revoked_balls=0 expired_views=0 evicted_views=106 radius=0.580 clearance=0.000 best_prefix=3.622
[depth_angular_controller-1] [INFO] [1790605188.052633661] [depth_angular_controller]: TARGET_HOLD
[depth_angular_controller-1] [INFO] [1790605188.640398279] [depth_angular_controller]: OUTSIDE_FLOW_BOX
[depth_angular_controller-1] [INFO] [1790605188.653357274] [depth_angular_controller]: STATE_OUTSIDE_FREE_DOMAIN
[depth_angular_controller-1] [INFO] [1790605188.722084956] [depth_angular_controller]: OUTSIDE_FLOW_BOX
[depth_angular_controller-1] [INFO] [1790605189.008487656] [depth_angular_controller]: PAPER_BUILD reason=READY required=0.0934 best=3.6217 free=100 refined=0 tubes=256 revoked_tubes=0 proofs=128
[depth_angular_controller-1] [INFO] [1790605189.008526890] [depth_angular_controller]: PAPER_EVIDENCE retained=32 balls=32 revoked_balls=0 expired_views=0 evicted_views=110 radius=0.580 clearance=0.000 best_prefix=3.622
[depth_angular_controller-1] [INFO] [1790605189.201513185] [depth_angular_controller]: TARGET_HOLD
[depth_angular_controller-1] [INFO] [1790605189.320410950] [depth_angular_controller]: ANGULAR_STEP_BLOCKED
[depth_angular_controller-1] [INFO] [1790605189.333352412] [depth_angular_controller]: TARGET_HOLD
[depth_angular_controller-1] [INFO] [1790605189.400357098] [depth_angular_controller]: ANGULAR_STEP_BLOCKED
[depth_angular_controller-1] [INFO] [1790605189.413628936] [depth_angular_controller]: TARGET_HOLD
[depth_angular_controller-1] [INFO] [1790605189.496700021] [depth_angular_controller]: ANGULAR_STEP_BLOCKED
[depth_angular_controller-1] [INFO] [1790605189.511813431] [depth_angular_controller]: TARGET_HOLD
[depth_angular_controller-1] [INFO] [1790605189.614131935] [depth_angular_controller]: ANGULAR_STEP_BLOCKED
[depth_angular_controller-1] [INFO] [1790605189.631125071] [depth_angular_controller]: TRACKING
[depth_angular_controller-1] [INFO] [1790605189.707960820] [depth_angular_controller]: ANGULAR_STEP_BLOCKED
[depth_angular_controller-1] [INFO] [1790605189.724428940] [depth_angular_controller]: STATE_OUTSIDE_FREE_DOMAIN
[position_cmd_to_twist-2] [INFO] [1790605189.786956767] [position_cmd_to_twist]: [PERF BRIDGE] run=repeat14 elapsed=62.43s received=1947 published=1939 fps(ros/wall)=39.05/39.51 controller_to_bridge_ms(mean/p50/p95/max)=16.752/16.667/50.000/183.333 bridge_process_ms(mean/p95/max)=0.113/0.141/3.785
[depth_angular_controller-1] [INFO] [1790605189.798680649] [depth_angular_controller]: ANGULAR_STEP_BLOCKED
[depth_angular_controller-1] [INFO] [1790605189.814471144] [depth_angular_controller]: STATE_OUTSIDE_FREE_DOMAIN
[NAV] t=50.0s position=(-66.74,-9.44,1.30) yaw=143.5deg command=(-0.25,0.19,0.04) manual_active=1 collision_blocks=0
[depth_angular_controller-1] [INFO] [1790605189.904231283] [depth_angular_controller]: ANGULAR_STEP_BLOCKED
[depth_angular_controller-1] [INFO] [1790605189.922919634] [depth_angular_controller]: STATE_OUTSIDE_FREE_DOMAIN
[depth_angular_controller-1] [INFO] [1790605189.922950161] [depth_angular_controller]: PAPER_BUILD reason=READY required=0.1210 best=3.6217 free=96 refined=0 tubes=256 revoked_tubes=0 proofs=128
[depth_angular_controller-1] [INFO] [1790605189.922960902] [depth_angular_controller]: PAPER_EVIDENCE retained=32 balls=32 revoked_balls=0 expired_views=0 evicted_views=114 radius=0.580 clearance=0.000 best_prefix=3.622
[depth_angular_controller-1] [INFO] [1790605190.007240798] [depth_angular_controller]: ANGULAR_STEP_BLOCKED
[depth_angular_controller-1] [INFO] [1790605190.131927023] [depth_angular_controller]: TARGET_HOLD
[depth_angular_controller-1] [INFO] [1790605190.191801530] [depth_angular_controller]: STATE_OUTSIDE_FREE_DOMAIN
[depth_angular_controller-1] [INFO] [1790605190.283539952] [depth_angular_controller]: TARGET_HOLD
[depth_angular_controller-1] [INFO] [1790605190.395122788] [depth_angular_controller]: ANGULAR_STEP_BLOCKED
[depth_angular_controller-1] [INFO] [1790605190.409712496] [depth_angular_controller]: STATE_OUTSIDE_FREE_DOMAIN
[depth_angular_controller-1] [INFO] [1790605190.488940995] [depth_angular_controller]: ANGULAR_STEP_BLOCKED
[depth_angular_controller-1] [INFO] [1790605190.546666486] [depth_angular_controller]: TARGET_HOLD
[depth_angular_controller-1] [INFO] [1790605190.901700954] [depth_angular_controller]: [PERF CTRL] run=repeat14 elapsed=63.65s callbacks=1995 commands=1994 guidance=1697 command_fps(ros/wall)=39.04/39.69 guidance_wall_fps=34.33 avoid_ms(mean/p50/p95/max)=5.850/0.613/36.277/103.008 cycle_ms(mean/p95/max)=25.194/60.063/137.711 depth_to_cmd_ms(mean/p95/max)=22.864/33.333/50.000 callback_to_publish_ms(mean/p95/max)=19.791/50.029/137.650
[depth_angular_controller-1] [INFO] [1790605190.902115621] [depth_angular_controller]: PAPER_BUILD reason=READY required=0.1309 best=3.6217 free=97 refined=0 tubes=256 revoked_tubes=0 proofs=128
[depth_angular_controller-1] [INFO] [1790605190.902228325] [depth_angular_controller]: PAPER_EVIDENCE retained=32 balls=32 revoked_balls=0 expired_views=0 evicted_views=118 radius=0.580 clearance=0.667 best_prefix=3.622
[depth_angular_controller-1] [INFO] [1790605191.007271158] [depth_angular_controller]: ANGULAR_STEP_BLOCKED
[depth_angular_controller-1] [INFO] [1790605191.024671927] [depth_angular_controller]: STATE_OUTSIDE_FREE_DOMAIN
[depth_angular_controller-1] [INFO] [1790605191.108980633] [depth_angular_controller]: ANGULAR_STEP_BLOCKED
[depth_angular_controller-1] [INFO] [1790605191.318024520] [depth_angular_controller]: STATE_OUTSIDE_FREE_DOMAIN
[depth_angular_controller-1] [INFO] [1790605191.412564918] [depth_angular_controller]: ANGULAR_STEP_BLOCKED
[depth_angular_controller-1] [INFO] [1790605191.509846265] [depth_angular_controller]: TARGET_HOLD
[depth_angular_controller-1] [INFO] [1790605191.597242095] [depth_angular_controller]: STATE_OUTSIDE_FREE_DOMAIN
[depth_angular_controller-1] [INFO] [1790605191.723491488] [depth_angular_controller]: TARGET_HOLD
[depth_angular_controller-1] [INFO] [1790605191.812360061] [depth_angular_controller]: PAPER_BUILD reason=READY required=0.0100 best=3.6217 free=45 refined=0 tubes=256 revoked_tubes=0 proofs=128
[depth_angular_controller-1] [INFO] [1790605191.812399005] [depth_angular_controller]: PAPER_EVIDENCE retained=32 balls=32 revoked_balls=0 expired_views=0 evicted_views=122 radius=0.580 clearance=0.667 best_prefix=3.622
[depth_angular_controller-1] [INFO] [1790605191.882350994] [depth_angular_controller]: ANGULAR_STEP_BLOCKED
[depth_angular_controller-1] [INFO] [1790605191.896094988] [depth_angular_controller]: STATE_OUTSIDE_FREE_DOMAIN
[depth_angular_controller-1] [INFO] [1790605191.990951797] [depth_angular_controller]: ANGULAR_STEP_BLOCKED
[depth_angular_controller-1] [INFO] [1790605192.097839235] [depth_angular_controller]: REFERENCE_INITIALIZATION
[depth_angular_controller-1] [INFO] [1790605192.160225146] [depth_angular_controller]: TARGET_HOLD
[depth_angular_controller-1] [INFO] [1790605192.178172242] [depth_angular_controller]: STATE_OUTSIDE_FREE_DOMAIN
[depth_angular_controller-1] [INFO] [1790605192.276453688] [depth_angular_controller]: TARGET_HOLD
[depth_angular_controller-1] [INFO] [1790605192.471749257] [depth_angular_controller]: ANGULAR_STEP_BLOCKED
[depth_angular_controller-1] [INFO] [1790605192.486707034] [depth_angular_controller]: STATE_OUTSIDE_FREE_DOMAIN
[depth_angular_controller-1] [INFO] [1790605192.556668653] [depth_angular_controller]: ANGULAR_STEP_BLOCKED
[depth_angular_controller-1] [INFO] [1790605192.688959065] [depth_angular_controller]: TARGET_HOLD
[depth_angular_controller-1] [INFO] [1790605192.820818611] [depth_angular_controller]: PAPER_BUILD reason=READY required=0.0100 best=3.6217 free=45 refined=0 tubes=256 revoked_tubes=0 proofs=128
[depth_angular_controller-1] [INFO] [1790605192.820854930] [depth_angular_controller]: PAPER_EVIDENCE retained=32 balls=32 revoked_balls=0 expired_views=0 evicted_views=122 radius=0.580 clearance=0.667 best_prefix=3.622
[depth_angular_controller-1] [INFO] [1790605192.837022330] [depth_angular_controller]: STATE_OUTSIDE_FREE_DOMAIN
[depth_angular_controller-1] [INFO] [1790605192.918698305] [depth_angular_controller]: TARGET_HOLD
[depth_angular_controller-1] [INFO] [1790605193.002328256] [depth_angular_controller]: ANGULAR_STEP_BLOCKED
[depth_angular_controller-1] [INFO] [1790605193.018007080] [depth_angular_controller]: STATE_OUTSIDE_FREE_DOMAIN
[depth_angular_controller-1] [INFO] [1790605193.111659319] [depth_angular_controller]: TARGET_HOLD
[depth_angular_controller-1] [INFO] [1790605193.284105209] [depth_angular_controller]: ANGULAR_STEP_BLOCKED
[depth_angular_controller-1] [INFO] [1790605193.301830896] [depth_angular_controller]: STATE_OUTSIDE_FREE_DOMAIN
[depth_angular_controller-1] [INFO] [1790605193.388727614] [depth_angular_controller]: ANGULAR_STEP_BLOCKED
[depth_angular_controller-1] [INFO] [1790605193.405505963] [depth_angular_controller]: TARGET_HOLD
[depth_angular_controller-1] [INFO] [1790605193.498724700] [depth_angular_controller]: STATE_OUTSIDE_FREE_DOMAIN
[depth_angular_controller-1] [INFO] [1790605193.600629381] [depth_angular_controller]: TARGET_HOLD
[depth_angular_controller-1] [INFO] [1790605193.820252391] [depth_angular_controller]: PAPER_BUILD reason=READY required=0.0411 best=3.6217 free=94 refined=0 tubes=256 revoked_tubes=0 proofs=128
[depth_angular_controller-1] [INFO] [1790605193.820292276] [depth_angular_controller]: PAPER_EVIDENCE retained=32 balls=32 revoked_balls=0 expired_views=0 evicted_views=126 radius=0.580 clearance=0.667 best_prefix=3.622
[depth_angular_controller-1] [INFO] [1790605193.897504297] [depth_angular_controller]: OUTSIDE_FLOW_BOX
[depth_angular_controller-1] [INFO] [1790605193.914483769] [depth_angular_controller]: STATE_OUTSIDE_FREE_DOMAIN
[depth_angular_controller-1] [INFO] [1790605193.985603025] [depth_angular_controller]: OUTSIDE_FLOW_BOX
[depth_angular_controller-1] [INFO] [1790605194.017570511] [depth_angular_controller]: STATE_OUTSIDE_FREE_DOMAIN
[depth_angular_controller-1] [INFO] [1790605194.065636027] [depth_angular_controller]: OUTSIDE_FLOW_BOX
[depth_angular_controller-1] [INFO] [1790605194.105343042] [depth_angular_controller]: STATE_OUTSIDE_FREE_DOMAIN
[depth_angular_controller-1] [INFO] [1790605194.188503556] [depth_angular_controller]: OUTSIDE_FLOW_BOX
[depth_angular_controller-1] [INFO] [1790605194.221566029] [depth_angular_controller]: TARGET_HOLD
[depth_angular_controller-1] [INFO] [1790605194.298614402] [depth_angular_controller]: STATE_OUTSIDE_FREE_DOMAIN
[depth_angular_controller-1] [INFO] [1790605194.385650115] [depth_angular_controller]: TARGET_HOLD
[depth_angular_controller-1] [INFO] [1790605194.403815766] [depth_angular_controller]: 3D guidance switched to view 1
[depth_angular_controller-1] [INFO] [1790605194.481002982] [depth_angular_controller]: 3D guidance switched to view 0
[position_cmd_to_twist-2] [INFO] [1790605194.524007591] [position_cmd_to_twist]: [PERF BRIDGE] run=repeat14 elapsed=67.16s received=2133 published=2125 fps(ros/wall)=38.85/39.46 controller_to_bridge_ms(mean/p50/p95/max)=17.362/16.667/50.000/183.333 bridge_process_ms(mean/p95/max)=0.113/0.143/3.785
[depth_angular_controller-1] [INFO] [1790605194.589359871] [depth_angular_controller]: ANGULAR_STEP_BLOCKED
[NAV] t=55.0s position=(-67.29,-9.03,1.32) yaw=146.2deg command=(-0.22,0.14,0.01) manual_active=1 collision_blocks=0
[depth_angular_controller-1] [INFO] [1790605194.608927061] [depth_angular_controller]: STATE_OUTSIDE_FREE_DOMAIN
[depth_angular_controller-1] [INFO] [1790605194.678022881] [depth_angular_controller]: ANGULAR_STEP_BLOCKED
[depth_angular_controller-1] [INFO] [1790605194.796318539] [depth_angular_controller]: PAPER_BUILD reason=READY required=0.0348 best=3.6217 free=96 refined=0 tubes=256 revoked_tubes=0 proofs=128
[depth_angular_controller-1] [INFO] [1790605194.796358705] [depth_angular_controller]: PAPER_EVIDENCE retained=32 balls=32 revoked_balls=0 expired_views=0 evicted_views=130 radius=0.580 clearance=0.000 best_prefix=3.622
[depth_angular_controller-1] [INFO] [1790605194.815612320] [depth_angular_controller]: TARGET_HOLD
[depth_angular_controller-1] [INFO] [1790605195.110971733] [depth_angular_controller]: ANGULAR_STEP_BLOCKED
[depth_angular_controller-1] [INFO] [1790605195.129106376] [depth_angular_controller]: STATE_OUTSIDE_FREE_DOMAIN
[depth_angular_controller-1] [INFO] [1790605195.217562966] [depth_angular_controller]: ANGULAR_STEP_BLOCKED
[depth_angular_controller-1] [INFO] [1790605195.314334306] [depth_angular_controller]: STATE_OUTSIDE_FREE_DOMAIN
[depth_angular_controller-1] [INFO] [1790605195.388339799] [depth_angular_controller]: ANGULAR_STEP_BLOCKED
[depth_angular_controller-1] [INFO] [1790605195.425971710] [depth_angular_controller]: TARGET_HOLD
[depth_angular_controller-1] [INFO] [1790605195.589768786] [depth_angular_controller]: ANGULAR_STEP_BLOCKED
[depth_angular_controller-1] [INFO] [1790605195.606332018] [depth_angular_controller]: STATE_OUTSIDE_FREE_DOMAIN
[depth_angular_controller-1] [INFO] [1790605195.686710658] [depth_angular_controller]: ANGULAR_STEP_BLOCKED
[depth_angular_controller-1] [INFO] [1790605195.728815682] [depth_angular_controller]: PAPER_BUILD reason=READY required=0.0545 best=3.6217 free=102 refined=0 tubes=256 revoked_tubes=0 proofs=128
[depth_angular_controller-1] [INFO] [1790605195.728855537] [depth_angular_controller]: PAPER_EVIDENCE retained=32 balls=32 revoked_balls=0 expired_views=0 evicted_views=130 radius=0.580 clearance=0.000 best_prefix=3.622
[depth_angular_controller-1] [INFO] [1790605195.803437645] [depth_angular_controller]: REFERENCE_INITIALIZATION
[depth_angular_controller-1] [INFO] [1790605195.822417420] [depth_angular_controller]: TRACKING
[depth_angular_controller-1] [INFO] [1790605195.867677788] [depth_angular_controller]: TARGET_HOLD
[depth_angular_controller-1] [INFO] [1790605195.887296655] [depth_angular_controller]: STATE_OUTSIDE_FREE_DOMAIN
[depth_angular_controller-1] [INFO] [1790605195.908325177] [depth_angular_controller]: [PERF CTRL] run=repeat14 elapsed=68.66s callbacks=2181 commands=2180 guidance=1883 command_fps(ros/wall)=38.66/39.46 guidance_wall_fps=34.59 avoid_ms(mean/p50/p95/max)=6.200/0.540/37.478/103.008 cycle_ms(mean/p95/max)=25.341/60.842/137.711 depth_to_cmd_ms(mean/p95/max)=22.491/33.333/50.000 callback_to_publish_ms(mean/p95/max)=20.268/52.269/137.650
[depth_angular_controller-1] [INFO] [1790605195.999370898] [depth_angular_controller]: TARGET_HOLD
[depth_angular_controller-1] [INFO] [1790605196.137367095] [depth_angular_controller]: ANGULAR_STEP_BLOCKED
[depth_angular_controller-1] [INFO] [1790605196.158732976] [depth_angular_controller]: STATE_OUTSIDE_FREE_DOMAIN
[depth_angular_controller-1] [INFO] [1790605196.243344667] [depth_angular_controller]: ANGULAR_STEP_BLOCKED
[depth_angular_controller-1] [INFO] [1790605196.263715612] [depth_angular_controller]: TARGET_HOLD
[depth_angular_controller-1] [INFO] [1790605196.362971756] [depth_angular_controller]: STATE_OUTSIDE_FREE_DOMAIN
[depth_angular_controller-1] [INFO] [1790605196.455269153] [depth_angular_controller]: TARGET_HOLD
[depth_angular_controller-1] [INFO] [1790605196.551202206] [depth_angular_controller]: ANGULAR_STEP_BLOCKED
[depth_angular_controller-1] [INFO] [1790605196.570924550] [depth_angular_controller]: STATE_OUTSIDE_FREE_DOMAIN
[depth_angular_controller-1] [INFO] [1790605196.642338069] [depth_angular_controller]: ANGULAR_STEP_BLOCKED
[depth_angular_controller-1] [INFO] [1790605196.661313648] [depth_angular_controller]: TARGET_HOLD
[depth_angular_controller-1] [INFO] [1790605196.719202056] [depth_angular_controller]: PAPER_BUILD reason=READY required=0.0100 best=3.6217 free=46 refined=0 tubes=256 revoked_tubes=0 proofs=128
[depth_angular_controller-1] [INFO] [1790605196.719240268] [depth_angular_controller]: PAPER_EVIDENCE retained=32 balls=32 revoked_balls=0 expired_views=0 evicted_views=134 radius=0.580 clearance=0.667 best_prefix=3.622
[depth_angular_controller-1] [INFO] [1790605196.856276144] [depth_angular_controller]: ANGULAR_STEP_BLOCKED
[depth_angular_controller-1] [INFO] [1790605196.875728617] [depth_angular_controller]: STATE_OUTSIDE_FREE_DOMAIN
[depth_angular_controller-1] [INFO] [1790605196.942103461] [depth_angular_controller]: ANGULAR_STEP_BLOCKED
[depth_angular_controller-1] [INFO] [1790605197.071005522] [depth_angular_controller]: TARGET_HOLD
[depth_angular_controller-1] [INFO] [1790605197.137518930] [depth_angular_controller]: STATE_OUTSIDE_FREE_DOMAIN
[depth_angular_controller-1] [INFO] [1790605197.253162537] [depth_angular_controller]: TARGET_HOLD
[depth_angular_controller-1] [INFO] [1790605197.317830525] [depth_angular_controller]: STATE_OUTSIDE_FREE_DOMAIN
[depth_angular_controller-1] [INFO] [1790605197.358727570] [depth_angular_controller]: TARGET_HOLD
[depth_angular_controller-1] [INFO] [1790605197.518097267] [depth_angular_controller]: OUTSIDE_FLOW_BOX
[depth_angular_controller-1] [INFO] [1790605197.537500146] [depth_angular_controller]: STATE_OUTSIDE_FREE_DOMAIN
[depth_angular_controller-1] [INFO] [1790605197.634599262] [depth_angular_controller]: OUTSIDE_FLOW_BOX
[depth_angular_controller-1] [INFO] [1790605197.634634669] [depth_angular_controller]: PAPER_BUILD reason=READY required=0.0476 best=3.6217 free=94 refined=0 tubes=256 revoked_tubes=0 proofs=128
[depth_angular_controller-1] [INFO] [1790605197.634644307] [depth_angular_controller]: PAPER_EVIDENCE retained=32 balls=32 revoked_balls=0 expired_views=0 evicted_views=134 radius=0.580 clearance=0.000 best_prefix=3.622
[depth_angular_controller-1] [INFO] [1790605197.672904741] [depth_angular_controller]: STATE_OUTSIDE_FREE_DOMAIN
[depth_angular_controller-1] [INFO] [1790605197.736527307] [depth_angular_controller]: OUTSIDE_FLOW_BOX
[depth_angular_controller-1] [INFO] [1790605197.760272691] [depth_angular_controller]: TARGET_HOLD
[depth_angular_controller-1] [INFO] [1790605197.822340729] [depth_angular_controller]: STATE_OUTSIDE_FREE_DOMAIN
[depth_angular_controller-1] [INFO] [1790605197.966834152] [depth_angular_controller]: COMPUTE_DEADLINE
[depth_angular_controller-1] [INFO] [1790605198.009682387] [depth_angular_controller]: TARGET_HOLD
[depth_angular_controller-1] [INFO] [1790605198.127341880] [depth_angular_controller]: ANGULAR_STEP_BLOCKED
[depth_angular_controller-1] [INFO] [1790605198.146252326] [depth_angular_controller]: STATE_OUTSIDE_FREE_DOMAIN
[depth_angular_controller-1] [INFO] [1790605198.222268709] [depth_angular_controller]: ANGULAR_STEP_BLOCKED
[depth_angular_controller-1] [INFO] [1790605198.267005897] [depth_angular_controller]: TARGET_HOLD
[depth_angular_controller-1] [INFO] [1790605198.392868449] [depth_angular_controller]: ZERO_INTENT
[position_cmd_to_twist-2] [INFO] [1790605199.214675476] [position_cmd_to_twist]: [PERF BRIDGE] run=repeat14 elapsed=71.85s received=2292 published=2284 fps(ros/wall)=38.26/39.03 controller_to_bridge_ms(mean/p50/p95/max)=18.230/16.667/50.000/183.333 bridge_process_ms(mean/p95/max)=0.114/0.144/3.785
[NAV] t=60.0s position=(-67.57,-8.81,1.32) yaw=143.5deg command=(0.00,0.00,0.00) manual_active=0 collision_blocks=0
[depth_angular_controller-1] [INFO] [1790605200.917494454] [depth_angular_controller]: [PERF CTRL] run=repeat14 elapsed=73.67s callbacks=2371 commands=2370 guidance=1958 command_fps(ros/wall)=38.39/39.33 guidance_wall_fps=34.43 avoid_ms(mean/p50/p95/max)=6.455/0.517/38.088/103.008 cycle_ms(mean/p95/max)=25.423/60.919/137.711 depth_to_cmd_ms(mean/p95/max)=22.344/33.333/50.000 callback_to_publish_ms(mean/p95/max)=20.576/52.937/137.650
[depth_angular_controller-1] [INFO] [1790605201.156872444] [depth_angular_controller]: 3D guidance switched to view 1
[depth_angular_controller-1] [INFO] [1790605201.177852888] [depth_angular_controller]: TARGET_HOLD
[depth_angular_controller-1] [INFO] [1790605201.177886762] [depth_angular_controller]: PAPER_BUILD reason=READY required=0.0100 best=3.6217 free=71 refined=0 tubes=256 revoked_tubes=0 proofs=128
[depth_angular_controller-1] [INFO] [1790605201.177895188] [depth_angular_controller]: PAPER_EVIDENCE retained=32 balls=32 revoked_balls=0 expired_views=0 evicted_views=134 radius=0.580 clearance=0.667 best_prefix=3.622
[depth_angular_controller-1] [INFO] [1790605201.240727410] [depth_angular_controller]: 3D guidance switched to view 2
[depth_angular_controller-1] [INFO] [1790605201.419352434] [depth_angular_controller]: 3D guidance switched to view 1
[depth_angular_controller-1] [INFO] [1790605201.456433034] [depth_angular_controller]: TRACKING
[depth_angular_controller-1] [INFO] [1790605201.474714929] [depth_angular_controller]: TARGET_HOLD
[depth_angular_controller-1] [INFO] [1790605202.171264764] [depth_angular_controller]: PAPER_BUILD reason=READY required=0.5580 best=3.6217 free=178 refined=0 tubes=256 revoked_tubes=0 proofs=128
[depth_angular_controller-1] [INFO] [1790605202.171308717] [depth_angular_controller]: PAPER_EVIDENCE retained=32 balls=32 revoked_balls=0 expired_views=0 evicted_views=138 radius=0.580 clearance=0.667 best_prefix=3.622
[depth_angular_controller-1] [INFO] [1790605202.757563538] [depth_angular_controller]: 3D guidance switched to view 0
[depth_angular_controller-1] [INFO] [1790605203.232718220] [depth_angular_controller]: PAPER_BUILD reason=READY required=0.6204 best=3.6217 free=239 refined=0 tubes=256 revoked_tubes=0 proofs=128
[depth_angular_controller-1] [INFO] [1790605203.232761732] [depth_angular_controller]: PAPER_EVIDENCE retained=32 balls=32 revoked_balls=0 expired_views=0 evicted_views=142 radius=0.580 clearance=0.667 best_prefix=3.622
[position_cmd_to_twist-2] [INFO] [1790605204.101026706] [position_cmd_to_twist]: [PERF BRIDGE] run=repeat14 elapsed=76.74s received=2477 published=2469 fps(ros/wall)=38.18/38.95 controller_to_bridge_ms(mean/p50/p95/max)=18.753/16.667/50.000/183.333 bridge_process_ms(mean/p95/max)=0.113/0.144/3.785
[NAV] t=65.0s position=(-66.53,-11.06,1.62) yaw=291.6deg command=(0.37,-0.92,0.10) manual_active=1 collision_blocks=0
[depth_angular_controller-1] [INFO] [1790605204.224899972] [depth_angular_controller]: PAPER_BUILD reason=READY required=0.6209 best=3.6217 free=201 refined=0 tubes=256 revoked_tubes=0 proofs=128
[depth_angular_controller-1] [INFO] [1790605204.224940479] [depth_angular_controller]: PAPER_EVIDENCE retained=32 balls=32 revoked_balls=0 expired_views=0 evicted_views=146 radius=0.580 clearance=0.667 best_prefix=3.622
[depth_angular_controller-1] [INFO] [1790605205.231604485] [depth_angular_controller]: PAPER_BUILD reason=READY required=0.6212 best=3.6217 free=190 refined=0 tubes=256 revoked_tubes=0 proofs=128
[depth_angular_controller-1] [INFO] [1790605205.231645543] [depth_angular_controller]: PAPER_EVIDENCE retained=30 balls=32 revoked_balls=0 expired_views=0 evicted_views=150 radius=0.580 clearance=0.667 best_prefix=3.622
[depth_angular_controller-1] [INFO] [1790605205.919509616] [depth_angular_controller]: [PERF CTRL] run=repeat14 elapsed=78.67s callbacks=2546 commands=2545 guidance=2122 command_fps(ros/wall)=38.18/39.00 guidance_wall_fps=32.93 avoid_ms(mean/p50/p95/max)=6.571/0.509/38.676/103.008 cycle_ms(mean/p95/max)=25.641/61.662/137.711 depth_to_cmd_ms(mean/p95/max)=22.180/33.333/50.000 callback_to_publish_ms(mean/p95/max)=20.957/53.968/137.650
[depth_angular_controller-1] [INFO] [1790605206.397114655] [depth_angular_controller]: PAPER_BUILD reason=READY required=0.6215 best=3.6217 free=139 refined=0 tubes=256 revoked_tubes=0 proofs=128
[depth_angular_controller-1] [INFO] [1790605206.397157737] [depth_angular_controller]: PAPER_EVIDENCE retained=32 balls=32 revoked_balls=0 expired_views=0 evicted_views=152 radius=0.580 clearance=0.667 best_prefix=3.622
[depth_angular_controller-1] [INFO] [1790605207.116504806] [depth_angular_controller]: OUTSIDE_FLOW_BOX
[depth_angular_controller-1] [INFO] [1790605207.133050190] [depth_angular_controller]: TARGET_HOLD
[depth_angular_controller-1] [INFO] [1790605207.218430030] [depth_angular_controller]: OUTSIDE_FLOW_BOX
[depth_angular_controller-1] [INFO] [1790605207.234493540] [depth_angular_controller]: TARGET_HOLD
[depth_angular_controller-1] [INFO] [1790605207.420826090] [depth_angular_controller]: PAPER_BUILD reason=READY required=0.5951 best=3.6217 free=209 refined=0 tubes=256 revoked_tubes=0 proofs=128
[depth_angular_controller-1] [INFO] [1790605207.420863260] [depth_angular_controller]: PAPER_EVIDENCE retained=32 balls=32 revoked_balls=0 expired_views=0 evicted_views=156 radius=0.580 clearance=0.667 best_prefix=3.622
[depth_angular_controller-1] [INFO] [1790605207.908146721] [depth_angular_controller]: COMPUTE_DEADLINE
[depth_angular_controller-1] [INFO] [1790605208.238314466] [depth_angular_controller]: TARGET_HOLD
[depth_angular_controller-1] [INFO] [1790605208.363401467] [depth_angular_controller]: PAPER_BUILD reason=READY required=0.2716 best=3.6217 free=186 refined=0 tubes=256 revoked_tubes=0 proofs=128
[depth_angular_controller-1] [INFO] [1790605208.363438257] [depth_angular_controller]: PAPER_EVIDENCE retained=32 balls=32 revoked_balls=0 expired_views=0 evicted_views=160 radius=0.580 clearance=0.396 best_prefix=3.622
[depth_angular_controller-1] [INFO] [1790605208.501155425] [depth_angular_controller]: COMPUTE_DEADLINE
[depth_angular_controller-1] [INFO] [1790605209.002297174] [depth_angular_controller]: TARGET_HOLD
[position_cmd_to_twist-2] [INFO] [1790605209.146799706] [position_cmd_to_twist]: [PERF BRIDGE] run=repeat14 elapsed=81.79s received=2647 published=2634 fps(ros/wall)=37.86/38.46 controller_to_bridge_ms(mean/p50/p95/max)=19.223/16.667/50.000/183.333 bridge_process_ms(mean/p95/max)=0.112/0.144/3.785
[NAV] t=70.0s position=(-65.79,-15.29,1.95) yaw=270.1deg command=(0.00,-0.24,0.00) manual_active=1 collision_blocks=0
[depth_angular_controller-1] [INFO] [1790605209.322574118] [depth_angular_controller]: COMPUTE_DEADLINE
[depth_angular_controller-1] [INFO] [1790605209.459475302] [depth_angular_controller]: PAPER_BUILD reason=STATE_OUTSIDE_COMPONENT required=0.0646 best=3.6217 free=801 refined=1 tubes=256 revoked_tubes=0 proofs=128
[depth_angular_controller-1] [INFO] [1790605209.459517031] [depth_angular_controller]: PAPER_EVIDENCE retained=32 balls=32 revoked_balls=0 expired_views=0 evicted_views=164 radius=0.580 clearance=0.000 best_prefix=3.622
[depth_angular_controller-1] [INFO] [1790605209.505604092] [depth_angular_controller]: TARGET_HOLD
[depth_angular_controller-1] [INFO] [1790605209.880073662] [depth_angular_controller]: COMPUTE_DEADLINE
[depth_angular_controller-1] [INFO] [1790605210.090325655] [depth_angular_controller]: TARGET_HOLD
[depth_angular_controller-1] [INFO] [1790605210.196508863] [depth_angular_controller]: ANGULAR_STEP_BLOCKED
[depth_angular_controller-1] [INFO] [1790605210.220589351] [depth_angular_controller]: STATE_OUTSIDE_FREE_DOMAIN
[depth_angular_controller-1] [INFO] [1790605210.315787252] [depth_angular_controller]: ANGULAR_STEP_BLOCKED
[depth_angular_controller-1] [INFO] [1790605210.341809463] [depth_angular_controller]: TARGET_HOLD
[depth_angular_controller-1] [INFO] [1790605210.479213665] [depth_angular_controller]: PAPER_BUILD reason=READY required=0.0100 best=3.6217 free=40 refined=0 tubes=256 revoked_tubes=0 proofs=128
[depth_angular_controller-1] [INFO] [1790605210.479254903] [depth_angular_controller]: PAPER_EVIDENCE retained=32 balls=32 revoked_balls=0 expired_views=0 evicted_views=168 radius=0.580 clearance=0.667 best_prefix=3.622
[depth_angular_controller-1] [INFO] [1790605210.949811769] [depth_angular_controller]: [PERF CTRL] run=repeat14 elapsed=83.70s callbacks=2690 commands=2689 guidance=2266 command_fps(ros/wall)=37.53/38.26 guidance_wall_fps=32.61 avoid_ms(mean/p50/p95/max)=7.101/0.522/38.934/148.185 cycle_ms(mean/p95/max)=26.139/62.204/168.585 depth_to_cmd_ms(mean/p95/max)=22.029/33.333/50.000 callback_to_publish_ms(mean/p95/max)=21.569/54.552/168.467
[depth_angular_controller-1] [INFO] [1790605211.589164879] [depth_angular_controller]: PAPER_BUILD reason=READY required=0.5374 best=3.6217 free=71 refined=0 tubes=256 revoked_tubes=0 proofs=128
[depth_angular_controller-1] [INFO] [1790605211.589209173] [depth_angular_controller]: PAPER_EVIDENCE retained=32 balls=32 revoked_balls=0 expired_views=0 evicted_views=172 radius=0.580 clearance=0.667 best_prefix=3.622
[depth_angular_controller-1] [INFO] [1790605212.583300516] [depth_angular_controller]: PAPER_BUILD reason=READY required=0.6209 best=3.6217 free=91 refined=0 tubes=256 revoked_tubes=0 proofs=128
[depth_angular_controller-1] [INFO] [1790605212.583342245] [depth_angular_controller]: PAPER_EVIDENCE retained=32 balls=32 revoked_balls=0 expired_views=0 evicted_views=176 radius=0.580 clearance=0.667 best_prefix=3.622
[depth_angular_controller-1] [INFO] [1790605212.913135083] [depth_angular_controller]: COMPUTE_DEADLINE
[depth_angular_controller-1] [INFO] [1790605212.935481152] [depth_angular_controller]: TARGET_HOLD
[depth_angular_controller-1] [INFO] [1790605213.018359818] [depth_angular_controller]: COMPUTE_DEADLINE
[depth_angular_controller-1] [INFO] [1790605213.037823860] [depth_angular_controller]: TARGET_HOLD
[depth_angular_controller-1] [INFO] [1790605213.119264701] [depth_angular_controller]: COMPUTE_DEADLINE
[depth_angular_controller-1] [INFO] [1790605213.141145478] [depth_angular_controller]: TARGET_HOLD
[depth_angular_controller-1] [INFO] [1790605213.232498121] [depth_angular_controller]: COMPUTE_DEADLINE
[depth_angular_controller-1] [INFO] [1790605213.251257567] [depth_angular_controller]: TARGET_HOLD
[depth_angular_controller-1] [INFO] [1790605213.333633090] [depth_angular_controller]: COMPUTE_DEADLINE
[depth_angular_controller-1] [INFO] [1790605213.351077361] [depth_angular_controller]: ZERO_INTENT
[position_cmd_to_twist-2] [INFO] [1790605214.202228735] [position_cmd_to_twist]: [PERF BRIDGE] run=repeat14 elapsed=86.84s received=2796 published=2780 fps(ros/wall)=37.32/37.81 controller_to_bridge_ms(mean/p50/p95/max)=19.862/16.667/50.000/216.667 bridge_process_ms(mean/p95/max)=0.113/0.144/3.785
[NAV] t=75.0s position=(-65.76,-18.13,2.04) yaw=270.0deg command=(0.00,0.00,0.00) manual_active=0 collision_blocks=0
[depth_angular_controller-1] [INFO] [1790605215.974084545] [depth_angular_controller]: [PERF CTRL] run=repeat14 elapsed=88.72s callbacks=2887 commands=2886 guidance=2330 command_fps(ros/wall)=37.54/38.32 guidance_wall_fps=32.42 avoid_ms(mean/p50/p95/max)=7.302/0.519/39.668/148.185 cycle_ms(mean/p95/max)=26.095/62.268/168.585 depth_to_cmd_ms(mean/p95/max)=21.924/33.333/50.000 callback_to_publish_ms(mean/p95/max)=21.671/54.832/168.467
[depth_angular_controller-1] [INFO] [1790605216.940710963] [depth_angular_controller]: 3D guidance switched to view 1
[depth_angular_controller-1] [INFO] [1790605217.001032857] [depth_angular_controller]: COMPUTE_DEADLINE
[depth_angular_controller-1] [INFO] [1790605217.001070766] [depth_angular_controller]: PAPER_BUILD reason=READY required=0.0100 best=0.9205 free=25 refined=0 tubes=256 revoked_tubes=0 proofs=128
[depth_angular_controller-1] [INFO] [1790605217.001080464] [depth_angular_controller]: PAPER_EVIDENCE retained=32 balls=32 revoked_balls=0 expired_views=0 evicted_views=184 radius=0.580 clearance=0.678 best_prefix=0.920
[depth_angular_controller-1] [INFO] [1790605217.020587766] [depth_angular_controller]: TARGET_HOLD
[depth_angular_controller-1] [INFO] [1790605217.216032103] [depth_angular_controller]: COMPUTE_DEADLINE
[depth_angular_controller-1] [INFO] [1790605217.232444189] [depth_angular_controller]: 3D guidance switched to view 0
[depth_angular_controller-1] [INFO] [1790605217.232580218] [depth_angular_controller]: STATE_OUTSIDE_FREE_DOMAIN
[depth_angular_controller-1] [INFO] [1790605217.326855924] [depth_angular_controller]: COMPUTE_DEADLINE
[depth_angular_controller-1] [INFO] [1790605217.448825246] [depth_angular_controller]: 3D guidance switched to view 1
[depth_angular_controller-1] [INFO] [1790605217.510441790] [depth_angular_controller]: TRACKING
[depth_angular_controller-1] [INFO] [1790605217.528130115] [depth_angular_controller]: TARGET_HOLD
[depth_angular_controller-1] [INFO] [1790605217.618907820] [depth_angular_controller]: 3D guidance switched to view 0
[depth_angular_controller-1] [INFO] [1790605217.718411784] [depth_angular_controller]: COMPUTE_DEADLINE
[depth_angular_controller-1] [INFO] [1790605217.735857566] [depth_angular_controller]: STATE_OUTSIDE_FREE_DOMAIN
[depth_angular_controller-1] [INFO] [1790605217.913016799] [depth_angular_controller]: COMPUTE_DEADLINE
[depth_angular_controller-1] [INFO] [1790605217.935879212] [depth_angular_controller]: TRACKING
[depth_angular_controller-1] [INFO] [1790605218.026198736] [depth_angular_controller]: COMPUTE_DEADLINE
[depth_angular_controller-1] [INFO] [1790605218.026236695] [depth_angular_controller]: PAPER_BUILD reason=READY required=0.0100 best=0.9205 free=21 refined=0 tubes=256 revoked_tubes=0 proofs=128
[depth_angular_controller-1] [INFO] [1790605218.026248797] [depth_angular_controller]: PAPER_EVIDENCE retained=32 balls=32 revoked_balls=0 expired_views=0 evicted_views=188 radius=0.580 clearance=0.000 best_prefix=0.920
[depth_angular_controller-1] [INFO] [1790605218.097042921] [depth_angular_controller]: TRACKING
[depth_angular_controller-1] [INFO] [1790605218.288403274] [depth_angular_controller]: COMPUTE_DEADLINE
[depth_angular_controller-1] [INFO] [1790605218.397867380] [depth_angular_controller]: STATE_OUTSIDE_FREE_DOMAIN
[depth_angular_controller-1] [INFO] [1790605218.484074601] [depth_angular_controller]: COMPUTE_DEADLINE
[depth_angular_controller-1] [INFO] [1790605218.497167605] [depth_angular_controller]: ANGULAR_STEP_BLOCKED
[depth_angular_controller-1] [INFO] [1790605218.651970940] [depth_angular_controller]: REFERENCE_INITIALIZATION
[depth_angular_controller-1] [INFO] [1790605218.750136556] [depth_angular_controller]: TARGET_HOLD
[depth_angular_controller-1] [INFO] [1790605218.766693810] [depth_angular_controller]: STATE_OUTSIDE_FREE_DOMAIN
[position_cmd_to_twist-2] [INFO] [1790605218.824104800] [position_cmd_to_twist]: [PERF BRIDGE] run=repeat14 elapsed=91.46s received=2973 published=2955 fps(ros/wall)=37.22/37.83 controller_to_bridge_ms(mean/p50/p95/max)=20.255/16.667/50.000/216.667 bridge_process_ms(mean/p95/max)=0.114/0.144/3.785
[depth_angular_controller-1] [INFO] [1790605218.856725487] [depth_angular_controller]: OUTSIDE_FLOW_BOX
[depth_angular_controller-1] [INFO] [1790605218.878265741] [depth_angular_controller]: TARGET_HOLD
[NAV] t=80.0s position=(-65.57,-18.21,1.98) yaw=339.8deg command=(0.03,-0.01,-0.01) manual_active=1 collision_blocks=0
[depth_angular_controller-1] [INFO] [1790605218.989413379] [depth_angular_controller]: COMPUTE_DEADLINE
[depth_angular_controller-1] [INFO] [1790605219.017088055] [depth_angular_controller]: TARGET_HOLD
[depth_angular_controller-1] [INFO] [1790605219.105297150] [depth_angular_controller]: COMPUTE_DEADLINE
[depth_angular_controller-1] [INFO] [1790605219.105333196] [depth_angular_controller]: PAPER_BUILD reason=READY required=0.0407 best=3.6668 free=219 refined=0 tubes=256 revoked_tubes=0 proofs=128
[depth_angular_controller-1] [INFO] [1790605219.105341962] [depth_angular_controller]: PAPER_EVIDENCE retained=32 balls=32 revoked_balls=0 expired_views=0 evicted_views=192 radius=0.580 clearance=0.000 best_prefix=3.667
[depth_angular_controller-1] [INFO] [1790605219.132535703] [depth_angular_controller]: TARGET_HOLD
[depth_angular_controller-1] [INFO] [1790605219.229410336] [depth_angular_controller]: COMPUTE_DEADLINE
[depth_angular_controller-1] [INFO] [1790605219.248605445] [depth_angular_controller]: TRACKING
[depth_angular_controller-1] [INFO] [1790605219.384143444] [depth_angular_controller]: COMPUTE_DEADLINE
[depth_angular_controller-1] [INFO] [1790605219.404513126] [depth_angular_controller]: STATE_OUTSIDE_FREE_DOMAIN
[depth_angular_controller-1] [INFO] [1790605219.519327668] [depth_angular_controller]: COMPUTE_DEADLINE
[depth_angular_controller-1] [INFO] [1790605219.539102034] [depth_angular_controller]: OUTSIDE_FLOW_BOX
[depth_angular_controller-1] [INFO] [1790605219.608927049] [depth_angular_controller]: TARGET_HOLD
[depth_angular_controller-1] [INFO] [1790605219.792877380] [depth_angular_controller]: COMPUTE_DEADLINE
[depth_angular_controller-1] [INFO] [1790605219.911778107] [depth_angular_controller]: TARGET_HOLD
[depth_angular_controller-1] [INFO] [1790605220.011064171] [depth_angular_controller]: COMPUTE_DEADLINE
[depth_angular_controller-1] [INFO] [1790605220.037210264] [depth_angular_controller]: TARGET_HOLD
[depth_angular_controller-1] [INFO] [1790605220.133704637] [depth_angular_controller]: COMPUTE_DEADLINE
[depth_angular_controller-1] [INFO] [1790605220.246323569] [depth_angular_controller]: PAPER_BUILD reason=READY required=0.1031 best=3.6668 free=256 refined=0 tubes=256 revoked_tubes=0 proofs=128
[depth_angular_controller-1] [INFO] [1790605220.246366378] [depth_angular_controller]: PAPER_EVIDENCE retained=32 balls=32 revoked_balls=0 expired_views=0 evicted_views=196 radius=0.580 clearance=0.127 best_prefix=3.667
[depth_angular_controller-1] [INFO] [1790605220.517022417] [depth_angular_controller]: TARGET_HOLD
[depth_angular_controller-1] [INFO] [1790605220.769540223] [depth_angular_controller]: BRAKING_FALLBACK
[depth_angular_controller-1] [INFO] [1790605220.849365614] [depth_angular_controller]: TARGET_HOLD
[depth_angular_controller-1] [INFO] [1790605220.979038301] [depth_angular_controller]: [PERF CTRL] run=repeat14 elapsed=93.73s callbacks=3014 commands=3013 guidance=2408 command_fps(ros/wall)=36.67/37.51 guidance_wall_fps=30.29 avoid_ms(mean/p50/p95/max)=8.076/0.545/42.766/148.185 cycle_ms(mean/p95/max)=26.657/65.041/168.585 depth_to_cmd_ms(mean/p95/max)=21.830/33.333/50.000 callback_to_publish_ms(mean/p95/max)=22.367/56.693/168.467
[depth_angular_controller-1] [INFO] [1790605221.081138442] [depth_angular_controller]: BRAKING_FALLBACK
[depth_angular_controller-1] [INFO] [1790605221.133025066] [depth_angular_controller]: PAPER_BUILD reason=READY required=0.0184 best=0.0234 free=352 refined=0 tubes=256 revoked_tubes=0 proofs=128
[depth_angular_controller-1] [INFO] [1790605221.133076650] [depth_angular_controller]: PAPER_EVIDENCE retained=32 balls=32 revoked_balls=0 expired_views=0 evicted_views=200 radius=0.580 clearance=0.024 best_prefix=0.023
[depth_angular_controller-1] [INFO] [1790605221.180460598] [depth_angular_controller]: TARGET_HOLD
[depth_angular_controller-1] [INFO] [1790605221.396019502] [depth_angular_controller]: OUTSIDE_FLOW_BOX
[depth_angular_controller-1] [INFO] [1790605221.422119134] [depth_angular_controller]: BRAKING_FALLBACK
[depth_angular_controller-1] [INFO] [1790605221.524619780] [depth_angular_controller]: TARGET_HOLD
[depth_angular_controller-1] [INFO] [1790605221.630617456] [depth_angular_controller]: 3D guidance switched to view 1
[depth_angular_controller-1] [INFO] [1790605221.729388336] [depth_angular_controller]: TRACKING
[depth_angular_controller-1] [INFO] [1790605221.861097746] [depth_angular_controller]: TARGET_HOLD
[depth_angular_controller-1] [INFO] [1790605222.003794044] [depth_angular_controller]: COMPUTE_DEADLINE
[depth_angular_controller-1] [INFO] [1790605222.025628708] [depth_angular_controller]: TARGET_HOLD
[depth_angular_controller-1] [INFO] [1790605222.122601319] [depth_angular_controller]: COMPUTE_DEADLINE
[depth_angular_controller-1] [INFO] [1790605222.122639549] [depth_angular_controller]: PAPER_BUILD reason=READY required=0.2878 best=3.6668 free=210 refined=0 tubes=256 revoked_tubes=0 proofs=128
[depth_angular_controller-1] [INFO] [1790605222.122651771] [depth_angular_controller]: PAPER_EVIDENCE retained=32 balls=32 revoked_balls=0 expired_views=0 evicted_views=204 radius=0.580 clearance=0.678 best_prefix=3.667
[depth_angular_controller-1] [INFO] [1790605222.391416994] [depth_angular_controller]: TARGET_HOLD
[depth_angular_controller-1] [INFO] [1790605222.413918905] [depth_angular_controller]: 3D guidance switched to view 0
[depth_angular_controller-1] [INFO] [1790605222.951579988] [depth_angular_controller]: COMPUTE_DEADLINE
[depth_angular_controller-1] [INFO] [1790605223.060087497] [depth_angular_controller]: TARGET_HOLD
[depth_angular_controller-1] [INFO] [1790605223.168179233] [depth_angular_controller]: COMPUTE_DEADLINE
[depth_angular_controller-1] [INFO] [1790605223.168213426] [depth_angular_controller]: PAPER_BUILD reason=READY required=0.4119 best=3.6668 free=352 refined=0 tubes=256 revoked_tubes=0 proofs=128
[depth_angular_controller-1] [INFO] [1790605223.168221971] [depth_angular_controller]: PAPER_EVIDENCE retained=32 balls=32 revoked_balls=0 expired_views=0 evicted_views=208 radius=0.580 clearance=0.678 best_prefix=3.667
[depth_angular_controller-1] [INFO] [1790605223.276391459] [depth_angular_controller]: TARGET_HOLD
[depth_angular_controller-1] [INFO] [1790605223.433579201] [depth_angular_controller]: COMPUTE_DEADLINE
[position_cmd_to_twist-2] [INFO] [1790605223.626104790] [position_cmd_to_twist]: [PERF BRIDGE] run=repeat14 elapsed=96.27s received=3065 published=3037 fps(ros/wall)=36.17/36.65 controller_to_bridge_ms(mean/p50/p95/max)=21.218/16.667/66.667/216.667 bridge_process_ms(mean/p95/max)=0.114/0.144/3.785
[depth_angular_controller-1] [INFO] [1790605223.660351106] [depth_angular_controller]: OUTSIDE_FLOW_BOX
[NAV] t=85.0s position=(-65.67,-17.17,1.40) yaw=470.1deg command=(-0.17,0.47,-0.19) manual_active=1 collision_blocks=0
[depth_angular_controller-1] [INFO] [1790605223.754271261] [depth_angular_controller]: COMPUTE_DEADLINE
[depth_angular_controller-1] [INFO] [1790605223.773291671] [depth_angular_controller]: STATE_OUTSIDE_FREE_DOMAIN
[depth_angular_controller-1] [INFO] [1790605223.880730717] [depth_angular_controller]: COMPUTE_DEADLINE
[depth_angular_controller-1] [INFO] [1790605224.114880091] [depth_angular_controller]: 3D guidance switched to view 3
[depth_angular_controller-1] [INFO] [1790605224.188533310] [depth_angular_controller]: PAPER_BUILD reason=READY required=0.0100 best=3.6668 free=74 refined=0 tubes=256 revoked_tubes=0 proofs=128
[depth_angular_controller-1] [INFO] [1790605224.188580246] [depth_angular_controller]: PAPER_EVIDENCE retained=32 balls=32 revoked_balls=0 expired_views=0 evicted_views=212 radius=0.580 clearance=0.678 best_prefix=3.667
[depth_angular_controller-1] [INFO] [1790605224.477538484] [depth_angular_controller]: TARGET_HOLD
[depth_angular_controller-1] [INFO] [1790605224.561230354] [depth_angular_controller]: COMPUTE_DEADLINE
[depth_angular_controller-1] [INFO] [1790605224.582262168] [depth_angular_controller]: TARGET_HOLD
[depth_angular_controller-1] [INFO] [1790605224.786682611] [depth_angular_controller]: COMPUTE_DEADLINE
[depth_angular_controller-1] [INFO] [1790605224.801296652] [depth_angular_controller]: STATE_OUTSIDE_FREE_DOMAIN
[depth_angular_controller-1] [INFO] [1790605224.949941944] [depth_angular_controller]: TARGET_HOLD
[depth_angular_controller-1] [INFO] [1790605225.080783886] [depth_angular_controller]: COMPUTE_DEADLINE
[depth_angular_controller-1] [INFO] [1790605225.099056487] [depth_angular_controller]: TARGET_HOLD
[depth_angular_controller-1] [INFO] [1790605225.197855822] [depth_angular_controller]: COMPUTE_DEADLINE
[depth_angular_controller-1] [INFO] [1790605225.197892840] [depth_angular_controller]: PAPER_BUILD reason=READY required=0.1206 best=3.6668 free=288 refined=0 tubes=256 revoked_tubes=0 proofs=128
[depth_angular_controller-1] [INFO] [1790605225.197904301] [depth_angular_controller]: PAPER_EVIDENCE retained=32 balls=32 revoked_balls=0 expired_views=0 evicted_views=216 radius=0.580 clearance=0.678 best_prefix=3.667
[depth_angular_controller-1] [INFO] [1790605225.305767129] [depth_angular_controller]: TARGET_HOLD
[depth_angular_controller-1] [INFO] [1790605225.488423136] [depth_angular_controller]: COMPUTE_DEADLINE
[depth_angular_controller-1] [INFO] [1790605225.507757365] [depth_angular_controller]: 3D guidance switched to view 0
[depth_angular_controller-1] [INFO] [1790605225.508264681] [depth_angular_controller]: TARGET_HOLD
[depth_angular_controller-1] [INFO] [1790605225.591226580] [depth_angular_controller]: COMPUTE_DEADLINE
[depth_angular_controller-1] [INFO] [1790605225.610129351] [depth_angular_controller]: TARGET_HOLD
[depth_angular_controller-1] [INFO] [1790605225.697949788] [depth_angular_controller]: COMPUTE_DEADLINE
[depth_angular_controller-1] [INFO] [1790605225.722687679] [depth_angular_controller]: TARGET_HOLD
[depth_angular_controller-1] [INFO] [1790605225.810360907] [depth_angular_controller]: COMPUTE_DEADLINE
[depth_angular_controller-1] [INFO] [1790605225.831261725] [depth_angular_controller]: TARGET_HOLD
[depth_angular_controller-1] [INFO] [1790605225.984375643] [depth_angular_controller]: [PERF CTRL] run=repeat14 elapsed=98.73s callbacks=3109 commands=3108 guidance=2503 command_fps(ros/wall)=35.55/36.43 guidance_wall_fps=29.62 avoid_ms(mean/p50/p95/max)=8.900/0.569/47.583/148.185 cycle_ms(mean/p95/max)=27.452/69.871/168.585 depth_to_cmd_ms(mean/p95/max)=21.701/33.333/50.000 callback_to_publish_ms(mean/p95/max)=23.232/61.169/168.467
[depth_angular_controller-1] [INFO] [1790605226.096157406] [depth_angular_controller]: COMPUTE_DEADLINE
[depth_angular_controller-1] [INFO] [1790605226.119529127] [depth_angular_controller]: TARGET_HOLD
[depth_angular_controller-1] [INFO] [1790605226.213731745] [depth_angular_controller]: COMPUTE_DEADLINE
[depth_angular_controller-1] [INFO] [1790605226.213765337] [depth_angular_controller]: PAPER_BUILD reason=READY required=0.2358 best=1.8359 free=352 refined=0 tubes=256 revoked_tubes=0 proofs=128
[depth_angular_controller-1] [INFO] [1790605226.213800481] [depth_angular_controller]: PAPER_EVIDENCE retained=32 balls=32 revoked_balls=0 expired_views=0 evicted_views=220 radius=0.580 clearance=0.355 best_prefix=1.836
[depth_angular_controller-1] [INFO] [1790605226.239356027] [depth_angular_controller]: TARGET_HOLD
[depth_angular_controller-1] [INFO] [1790605227.099727178] [depth_angular_controller]: BRAKING_FALLBACK
[depth_angular_controller-1] [INFO] [1790605227.181400257] [depth_angular_controller]: TARGET_HOLD
[depth_angular_controller-1] [INFO] [1790605227.206147362] [depth_angular_controller]: PAPER_BUILD reason=READY required=0.0390 best=0.0440 free=243 refined=0 tubes=256 revoked_tubes=0 proofs=128
[depth_angular_controller-1] [INFO] [1790605227.206185501] [depth_angular_controller]: PAPER_EVIDENCE retained=32 balls=32 revoked_balls=0 expired_views=0 evicted_views=222 radius=0.580 clearance=0.047 best_prefix=0.044
[depth_angular_controller-1] [INFO] [1790605227.391672055] [depth_angular_controller]: OUTSIDE_FLOW_BOX
[depth_angular_controller-1] [INFO] [1790605227.417369014] [depth_angular_controller]: BRAKING_FALLBACK
[depth_angular_controller-1] [INFO] [1790605227.465019897] [depth_angular_controller]: TARGET_HOLD
[depth_angular_controller-1] [INFO] [1790605227.671423754] [depth_angular_controller]: BRAKING_FALLBACK
[depth_angular_controller-1] [INFO] [1790605227.741157168] [depth_angular_controller]: TARGET_HOLD
[depth_angular_controller-1] [INFO] [1790605228.028912361] [depth_angular_controller]: COMPUTE_DEADLINE
[depth_angular_controller-1] [INFO] [1790605228.156836386] [depth_angular_controller]: PAPER_BUILD reason=STATE_DIRECTION_UNCERTIFIED required=0.0145 best=0.0195 free=494 refined=1 tubes=256 revoked_tubes=0 proofs=128
[depth_angular_controller-1] [INFO] [1790605228.156878503] [depth_angular_controller]: PAPER_EVIDENCE retained=32 balls=32 revoked_balls=0 expired_views=0 evicted_views=223 radius=0.580 clearance=0.000 best_prefix=0.019
[position_cmd_to_twist-2] [INFO] [1790605228.310969407] [position_cmd_to_twist]: [PERF BRIDGE] run=repeat14 elapsed=100.95s received=3172 published=3136 fps(ros/wall)=35.40/35.84 controller_to_bridge_ms(mean/p50/p95/max)=22.005/16.667/66.667/216.667 bridge_process_ms(mean/p95/max)=0.114/0.144/3.785
[depth_angular_controller-1] [INFO] [1790605228.391128693] [depth_angular_controller]: TARGET_HOLD
[NAV] t=90.0s position=(-64.66,-17.13,1.40) yaw=360.0deg command=(0.00,0.00,0.00) manual_active=0 collision_blocks=0
[depth_angular_controller-1] [INFO] [1790605228.473817658] [depth_angular_controller]: ZERO_INTENT
[depth_angular_controller-1] [INFO] [1790605230.986551030] [depth_angular_controller]: [PERF CTRL] run=repeat14 elapsed=103.74s callbacks=3304 commands=3303 guidance=2572 command_fps(ros/wall)=35.62/36.57 guidance_wall_fps=29.57 avoid_ms(mean/p50/p95/max)=9.100/0.615/48.189/180.598 cycle_ms(mean/p95/max)=27.346/69.800/197.998 depth_to_cmd_ms(mean/p95/max)=21.598/33.333/50.000 callback_to_publish_ms(mean/p95/max)=23.263/60.847/197.881
[MANUAL RESULT] TIMEOUT position=(-64.662,-17.133,1.403)
[PERF ISAAC FINAL] run=repeat14 result=MANUAL_TIMEOUT wall=91.95s sim_frames=5643 fps(sim/wall)=60.02/61.37 command_changes=1818 collision_blocks=0 frame_interval_ms(mean/p50/p95/max)=16.202/15.045/17.647/78.534
[104.436s] Simulation App Shutting Down
[depth_angular_controller-1] [INFO] [1790605232.640713769] [rclcpp]: signal_handler(SIGINT/SIGTERM)
[depth_angular_controller-1] [INFO] [1790605232.641651020] [depth_angular_controller]: [PERF CTRL FINAL] run=repeat14 elapsed=105.39s callbacks=3363 commands=3362 guidance=2572 command_fps(ros/wall)=35.76/36.77 guidance_wall_fps=29.57 avoid_ms(mean/p50/p95/max)=9.100/0.615/48.189/180.598 cycle_ms(mean/p95/max)=27.193/68.963/197.998 depth_to_cmd_ms(mean/p95/max)=21.598/33.333/50.000 callback_to_publish_ms(mean/p95/max)=23.168/60.246/197.881
[position_cmd_to_twist-2] [INFO] [1790605232.641742848] [position_cmd_to_twist]: [PERF BRIDGE FINAL] run=repeat14 elapsed=105.28s received=3362 published=3325 fps(ros/wall)=35.76/36.37 controller_to_bridge_ms(mean/p50/p95/max)=21.917/16.667/66.667/216.667 bridge_process_ms(mean/p95/max)=0.113/0.144/3.785
[position_cmd_to_twist-2] Failed to publish log message to rosout: publisher's context is invalid, at ./src/rcl/publisher.c:389
[INFO] [depth_angular_controller-1]: process has finished cleanly [pid 26570]
[INFO] [position_cmd_to_twist-2]: process has finished cleanly [pid 26572]
