[PERF] run=p5_enable_goal_20261008_dynamic_ego1p5_1 log=/home/starry/isaac-data/EGO1P5/performance/enable_gains_20261008/closed_loop/p5_enable_goal_20261008/p5_enable_goal_20261008_goal_dynamic_1_performance.md
[INPUT] mode=goal scene_mode=cloud
[LOCK] Waiting for shared Isaac navigation slot
[INFO] [launch]: All log files can be found below /tmp/fov_gvf_ego1p5_isaac_ros_log/2026-10-08-12-46-28-138381-starry-System-Product-Name-358679
[INFO] [launch]: Default logging verbosity is set to INFO
[INFO] [depth_angular_controller_goal-1]: process started with pid [358682]
[INFO] [position_cmd_to_twist-2]: process started with pid [358684]
[depth_angular_controller_goal-1] [INFO] [1791434788.174649411] [depth_angular_controller]: PROCESSING_RATES control=60.0 Hz depth_limit=10.0 Hz (0=unlimited)
[depth_angular_controller_goal-1] [INFO] [1791434788.176865416] [depth_angular_controller]: C++ controller commands publish on /position_cmd; horizontal views=4
[ROS CHECK] ROS_DOMAIN_ID=42 /position_cmd publishers=1
Type: pc_gvf_msgs/msg/PositionCommand
Publisher count: 1
Subscription count: 1
/depth_angular_controller
/position_cmd_to_twist
WARNING: All log messages before absl::InitializeLog() is called are written to STDERR
E0000 00:00:1791434789.135997  358726 descriptor_database.cc:633] File already exists in database: grpc/health/v1/health.proto
W0000 00:00:1791434789.136019  358726 message.cc:301] Protobuf GeneratedMessageFactory: File is already registered: grpc/health/v1/health.proto
2026-10-08T04:46:28Z [Info] [carb] Logging to file: /home/starry/isaac-data/isaacsim/kit/logs/Kit/Isaac-Sim Python/6.0/kit_20261008_124628.log
[0.042s] [ext: omni.assets.plugins-0.0.0] startup
[0.043s] [ext: omni.blobkey-1.1.2] startup
[0.043s] [ext: omni.kit.async_engine-0.0.3] startup
[0.314s] [ext: omni.client.lib-1.1.1] startup
[0.322s] [ext: omni.client-1.3.0] startup
[0.324s] [ext: omni.protobuf.lib-1.0.0] startup
[0.325s] [ext: omni.grpc.lib-1.0.0] startup
[0.328s] [ext: omni.metrics.core-0.0.3] startup
[0.328s] [ext: omni.datastore-0.0.0] startup
[0.329s] [ext: omni.gpu_foundation.shadercache.vulkan-1.0.0] startup
[0.330s] [ext: omni.hsscclient-1.1.4] startup
[0.331s] [ext: omni.stats-1.0.1] startup
[0.331s] [ext: omni.ujitso.default-1.0.0] startup
[0.334s] [ext: omni.gpu_foundation-0.0.0] startup
[0.463s] [ext: carb.windowing.plugins-1.0.1] startup
[0.463s] [ext: omni.kit.renderer.init-1.0.1] startup
2026-10-08T04:46:29Z [676ms] [Warning] [omni.rtx] Skipping unsupported non-NVIDIA GPU: AMD Unknown (RADV RAPHAEL_MENDOCINO)
2026-10-08T04:46:29Z [676ms] [Warning] [omni.rtx] Skipping unsupported non-NVIDIA GPU: AMD Unknown (RADV RAPHAEL_MENDOCINO)

|---------------------------------------------------------------------------------------------|
| Driver Version: 580.178.04    | Graphics API: Vulkan
|=============================================================================================|
| GPU | Name                             | Active | LDA | GPU Memory | Vendor-ID | LUID       |
|     |                                  |        |     |            | Device-ID | UUID       |
|     |                                  |        |     |            | Bus-ID    |            |
|---------------------------------------------------------------------------------------------|
| 0   | NVIDIA GeForce RTX 5070          | Yes: 0 |     | 12227   MB | 10de      | 0          |
|     |                                  |        |     |            | 2f04      | 348d89fe.. |
|     |                                  |        |     |            | 1         |            |
|---------------------------------------------------------------------------------------------|
| 1   | AMD Unknown (RADV RAPHAEL_MEND.. |        |     | 10755   MB | 1002      | 0          |
|     |                                  |        |     |            | 13c0      | 00000000.. |
|     |                                  |        |     |            | c         |            |
|=============================================================================================|
| OS: 22.04.5 LTS (Jammy Jellyfish) ubuntu, Version: 22.04.5, Kernel: 6.8.0-138-generic
| XServer Vendor: The X.Org Foundation, XServer Version: 12101004 (1.21.1.4)
| Processor: AMD Ryzen 5 9600X 6-Core Processor
| Cores: 6 | Logical Cores: 12
|---------------------------------------------------------------------------------------------|
| Total Memory (MB): 31241 | Free Memory: 22055
| Total Page/Swap (MB): 15624 | Free Page/Swap: 15624
|---------------------------------------------------------------------------------------------|
2026-10-08T04:46:29Z [890ms] [Warning] [omni.rtx] CPU performance profile is set to powersave. This profile sets the CPU to the lowest frequency reducing performance.
2026-10-08T04:46:29Z [898ms] [Warning] [omni.rtx] IOMMU is enabled.
[1.003s] [ext: omni.kit.pipapi-0.0.0] startup
[1.004s] [ext: omni.kit.pip_archive-0.0.0] startup
[1.004s] [ext: isaacsim.pip.newton-0.6.1] startup
[1.004s] [ext: omni.pip.compute-1.9.2] startup
[1.004s] [ext: omni.isaac.core_archive-5.3.1] startup
[1.005s] [ext: omni.kit.telemetry-0.5.2] startup
[1.025s] [ext: omni.kit.loop-isaac-1.6.0] startup
[1.026s] [ext: omni.kit.test-2.0.7] startup
[1.077s] [ext: omni.materialx.libs-1.0.9] startup
[1.083s] [ext: omni.gpucompute.plugins-0.0.0] startup
[1.083s] [ext: omni.usd.config-1.0.7] startup
[1.086s] [ext: omni.usd.libs-1.0.3] startup
[1.142s] [ext: omni.iray.libs-0.0.1] startup
[1.145s] [ext: omni.mdl-57.0.3] startup
[1.207s] [ext: omni.mdl.neuraylib-0.2.20] startup
[1.208s] [ext: omni.kit.usd.mdl-1.1.9] startup
[1.295s] [ext: omni.appwindow-1.2.2] startup
[1.296s] [ext: omni.kit.renderer.core-1.2.2] startup
2026-10-08T04:46:35Z [6,537ms] [Warning] [carb.windowing-glfw.gamepad] Joystick with unknown remapping detected (will be ignored):  BEITONG BEITONG A2P3A BFM DONGLE [03000000bc2000001c51000011010000]
[6.568s] [ext: omni.kit.renderer.capture-2.0.1] startup
[6.570s] [ext: omni.kit.renderer.imgui-2.0.6] startup
[6.606s] [ext: omni.ui-3.2.0] startup
[6.613s] [ext: omni.kit.mainwindow-1.0.3] startup
[6.614s] [ext: carb.audio-0.1.0] startup
[6.616s] [ext: omni.uiaudio-1.0.0] startup
[6.616s] [ext: omni.kit.uiapp-0.0.0] startup
[6.616s] [ext: omni.usd.schema.metrics.assembler-110.1.0] startup
[6.618s] [ext: omni.usd.schema.audio-0.0.1] startup
[6.621s] [ext: omni.usd_resolver-1.0.0] startup
[6.623s] [ext: omni.usd.core-1.8.3] startup
[6.625s] [ext: omni.metropolis.schema-0.0.3] startup
[6.626s] [ext: isaacsim.anim.robot.schema-0.1.1] startup
[6.626s] [ext: omni.usd.schema.anim-0.0.1] startup
[6.639s] [ext: omni.usd.schema.geospatial-0.0.1] startup
[6.640s] [ext: omni.usd.schema.omnigraph-1.0.1] startup
[6.644s] [ext: omni.usd.schema.semantics-0.0.0] startup
[6.646s] [ext: omni.activity.core-1.0.3] startup
[6.647s] [ext: omni.cubric-0.1.0] startup
[6.647s] [ext: omni.graph.exec-0.9.6] startup
[6.648s] [ext: omni.hydra.scene_delegate-0.3.5] startup
[6.650s] [ext: usdrt.scenegraph-7.6.3] startup
[6.668s] [ext: omni.hydra.usdrt_delegate-7.5.2] startup
[6.671s] [ext: omni.inspect-1.0.2] startup
[6.672s] [ext: omni.kit.actions.core-1.0.0] startup
[6.673s] [ext: omni.kit.audiodeviceenum-1.0.2] startup
[6.674s] [ext: omni.kit.commands-1.5.0] startup
[6.677s] [ext: omni.kit.exec.core-0.13.5] startup
[6.678s] [ext: omni.kit.usd_undo-0.1.8] startup
[6.678s] [ext: omni.kit.window.popup_dialog-2.0.25] startup
[6.680s] [ext: omni.kit.widget.nucleus_connector-2.3.1] startup
[6.682s] [ext: omni.timeline-1.1.0] startup
[6.684s] [ext: omni.usd-1.16.0] startup
[6.708s] [ext: omni.graph.core-3.1.2] startup
[6.710s] [ext: omni.kit.notification_manager-1.0.11] startup
[6.711s] [ext: isaacsim.core.deprecation_manager-0.4.2] startup
[6.712s] [ext: isaacsim.replicator.agent.schema-0.1.1] startup
[6.713s] [ext: isaacsim.robot.schema-6.3.7] startup
[6.717s] [ext: isaacsim.robot_motion.schema-0.2.1] startup
[6.717s] [ext: omni.anim.behavior.schema-110.1.0] startup
[6.720s] [ext: omni.anim.graph.schema-110.1.1] startup
[6.724s] [ext: omni.anim.navigation.schema-110.1.0] startup
[6.726s] [ext: omni.behavior.tree.schema-110.1.0] startup
[6.727s] [ext: omni.isaac.ml_archive-3.3.0] startup
[6.727s] [ext: omni.kit.asset_converter-6.0.1] startup
[6.736s] [ext: omni.pip.cloud-1.5.4] startup
[6.738s] [ext: omni.usd.schema.flow-110.0.0] startup
[6.738s] [ext: omni.usd.schema.mujoco-1.1.1] startup
[6.738s] [ext: omni.usd.schema.newton-1.2.1] startup
[6.739s] [ext: omni.usd.schema.omni_lens_distortion-1.0.0] startup
[6.740s] [ext: omni.usd.schema.omni_projectors-1.0.0] startup
[6.740s] [ext: omni.usd.schema.omni_sensors-0.0.0] startup
[6.746s] [ext: omni.usd.schema.omniscripting-1.0.1] startup
[6.749s] [ext: omni.usd.schema.physical_lighting-0.1.0] startup
[6.751s] [ext: omni.usd.schema.physx-110.1.13] startup
[6.774s] [ext: omni.usd.schema.render_settings.rtx-1.0.2] startup
[6.777s] [ext: omni.usd.schema.usd_particle_field-1.0.0] startup
[6.777s] [ext: isaacsim.core.version-2.1.1] startup
[6.778s] [ext: omni.kit.menu.core-1.2.0] startup
[6.778s] [ext: omni.kit.menu.utils-2.2.4] startup
[6.783s] [ext: isaacsim.app.about-2.3.1] startup
[6.787s] [ext: isaacsim.asset.transformer-1.2.5] startup
[6.789s] [ext: omni.scene.optimizer.core-110.1.0] startup
[6.819s] [ext: isaacsim.asset.importer.utils-1.8.1] startup
[6.821s] [ext: omni.convexdecomposition-110.1.13] startup
[6.822s] [ext: omni.physics-110.1.13] startup
[6.825s] [ext: omni.physx.gpu-110.1.13] startup
[6.825s] [ext: omni.physx.foundation-110.1.13] startup
[6.826s] [ext: omni.usdphysics-110.1.13] startup
[6.827s] [ext: omni.physx.cooking-110.1.13] startup
[6.829s] [ext: omni.physx-110.1.13] startup
[6.835s] [ext: omni.physics.physx-110.1.13] startup
[6.837s] [ext: isaacsim.asset.exporter.urdf-2.0.5] startup
[6.843s] [ext: omni.kit.clipboard-1.1.1] startup
[6.843s] [ext: omni.kit.usd.layers-2.6.1] startup
[6.848s] [ext: omni.kit.widget.context_menu-1.4.0] startup
[6.849s] [ext: omni.kit.context_menu-1.9.0] startup
[6.850s] [ext: omni.kit.helper.file_utils-0.1.10] startup
[6.851s] [ext: omni.kit.widget.nucleus_info-2.0.2] startup
[6.852s] [ext: omni.kit.search_core-1.0.8] startup
[6.852s] [ext: omni.kit.widget.path_field-2.0.13] startup
[6.853s] [ext: omni.kit.widget.browser_bar-2.0.10] startup
[6.853s] [ext: omni.kit.widget.filebrowser-2.13.4] startup
[6.857s] [ext: omni.kit.widget.options_menu-1.1.6] startup
[6.859s] [ext: omni.kit.widget.options_button-1.0.3] startup
[6.859s] [ext: omni.kit.widget.search_delegate-1.0.9] startup
[6.860s] [ext: omni.ui.scene-2.0.3] startup
[6.863s] [ext: omni.kit.window.filepicker-2.15.5] startup
[6.873s] [ext: omni.kit.window.file_importer-1.1.21] startup
[6.874s] [ext: omni.kit.material.library-3.1.2] startup
[6.878s] [ext: isaacsim.asset.transformer.rules-1.7.10] startup
[6.886s] [ext: omni.usdex.libs-2.2.2] startup
[6.892s] [ext: isaacsim.asset.importer.mjcf-3.10.1] startup
[6.894s] [ext: isaacsim.asset.importer.urdf-3.11.2] startup
[6.897s] [ext: omni.kit.primitive.mesh-1.1.0] startup
[6.900s] [ext: omni.kit.stage_template.core-1.1.22] startup
[6.900s] [ext: omni.kit.stage_templates-2.0.2] startup
[6.902s] [ext: omni.usd.metrics.assembler-110.1.2] startup
[6.903s] [ext: omni.warp.core-1.13.0] startup
[7.085s] [ext: isaacsim.core.experimental.utils-0.17.2] startup
[7.086s] [ext: omni.physics.stageupdate-110.1.13] startup
[7.088s] [ext: omni.physics.tensors-110.1.13] startup
[7.091s] [ext: omni.physx.tensors-110.1.13] startup
[7.094s] [ext: isaacsim.core.simulation_manager-1.15.6] startup
[7.104s] [ext: isaacsim.storage.native-1.9.3] startup
[7.105s] [ext: omni.usd.metrics.assembler.physics-110.1.13] startup
[7.106s] [ext: isaacsim.core.utils-4.1.7] startup
[7.107s] [ext: isaacsim.core.prims-0.11.7] startup
[7.988s] [ext: isaacsim.core.api-5.2.13] startup
[7.993s] [ext: isaacsim.core.cloner-1.7.3] startup
[7.994s] [ext: isaacsim.test.docstring-1.3.2] startup
[7.996s] [ext: isaacsim.core.experimental.prims-1.8.9] startup
[8.014s] [ext: isaacsim.core.experimental.primdata-0.3.2] startup
[8.016s] [ext: omni.graph.tools-1.81.0] startup
[8.034s] [ext: omni.graph-1.142.5] startup
[8.065s] [ext: isaacsim.core.experimental.actuators-0.1.2] startup
[8.078s] [ext: isaacsim.core.experimental.materials-0.7.1] startup
[8.081s] [ext: isaacsim.core.experimental.objects-0.8.1] startup
[8.132s] [ext: omni.hydra.engine.stats-1.0.5] startup
[8.134s] [ext: omni.hydra.rtx.shadercache.vulkan-1.0.0] startup
[8.135s] [ext: omni.index.libs-387500.4413.0] startup
[8.135s] [ext: omni.index-1.0.1] startup
[8.135s] [ext: omni.ujitso.client-0.0.0] startup
[8.136s] [ext: omni.usd.schema.playback-1.0.0] startup
[8.138s] [ext: omni.volume-0.5.2] startup
[8.142s] [ext: omni.hydra.rtx-1.0.4] startup
2026-10-08T04:46:36Z [8,133ms] [Warning] [omni.log] Source: omni.hydra was already registered.
[8.163s] [ext: omni.kit.hydra_texture-1.6.0] startup
[8.166s] [ext: omni.kit.raycast.query-1.2.0] startup
[8.169s] [ext: omni.kit.viewport.legacy_gizmos-1.0.24] startup
[8.170s] [ext: omni.kit.viewport.registry-104.0.6] startup
[8.171s] [ext: omni.kit.viewport.scene_camera_model-1.0.7] startup
[8.174s] [ext: omni.kit.widget.viewport-109.2.0] startup
[8.177s] [ext: omni.kit.window.drop_support-1.0.8] startup
[8.178s] [ext: omni.kit.viewport.window-109.0.2] startup
[8.191s] [ext: omni.kit.viewport.utility-2.0.1] startup
[8.192s] [ext: isaacsim.core.rendering_manager-0.4.3] startup
[8.211s] [ext: omni.graph.action_core-1.1.9] startup
[8.213s] [ext: omni.graph.action_nodes_core-2.11.0] startup
[8.215s] [ext: omni.graph.action_nodes-2.11.0] startup
[8.230s] [ext: omni.graph.action-2.10.2] startup
[8.231s] [ext: omni.graph.image.core-0.6.1] startup
[8.232s] [ext: omni.graph.image.nodes-1.3.1] startup
[8.233s] [ext: omni.graph.nodes_core-2.11.0] startup
[8.237s] [ext: omni.graph.nodes-2.12.0] startup
[8.241s] [ext: omni.kit.hotkeys.core-1.3.12] startup
[8.242s] [ext: omni.kit.property.adapter.core-1.1.1] startup
[8.244s] [ext: omni.kit.property.adapter.usd-1.0.5] startup
[8.245s] [ext: omni.kit.widget.filter-1.1.5] startup
[8.246s] [ext: omni.kit.widget.highlight_label-1.0.3] startup
[8.246s] [ext: omni.kit.widget.searchfield-1.1.8] startup
[8.247s] [ext: omni.kit.window.file_exporter-1.0.36] startup
[8.248s] [ext: omni.kit.widget.stage-4.4.0] startup
[8.255s] [ext: omni.kit.window.content_browser_registry-0.0.6] startup
[8.256s] [ext: omni.kit.window.file-2.0.10] startup
[8.259s] [ext: omni.kit.window.content_browser-3.1.8] startup
[8.267s] [ext: omni.kit.window.property-1.15.1] startup
[8.276s] [ext: omni.kit.property.usd-4.9.4] startup
[8.284s] [ext: omni.graph.scriptnode-2.10.2] startup
[8.291s] [ext: omni.kit.widget.searchable_combobox-1.0.7] startup
[8.292s] [ext: omni.kit.widget.settings-2.0.0] startup
[8.294s] [ext: omni.kit.window.preferences-1.8.3] startup
[8.298s] [ext: omni.kit.viewport.menubar.core-107.2.2] startup
[8.307s] [ext: omni.syntheticdata-0.6.15] startup
[8.330s] [ext: omni.replicator.nv-1.1.1] startup
[8.334s] [ext: omni.videoencoding-0.2.1] startup
[8.336s] [ext: omni.replicator.core-1.13.27] startup
2026-10-08T04:46:37Z [8,323ms] [Warning] [pxr.Semantics] pxr.Semantics is deprecated - please use Semantics instead
2026-10-08T04:46:37Z [8,387ms] [Warning] [omni.replicator.core.scripts.extension] No material configuration file, adding configuration to material settings directly.
[8.536s] [ext: isaacsim.core.nodes-5.10.5] startup
[8.562s] [ext: isaacsim.core.throttling-2.3.5] startup
[8.563s] [ext: omni.kit.manipulator.viewport-107.0.1] startup
[8.564s] [ext: omni.graph.visualization.nodes-2.1.4] startup
[8.576s] [ext: omni.kit.window.extensions-1.5.10] startup
[8.581s] [ext: isaacsim.gui.components-1.8.5] startup
[8.584s] [ext: isaacsim.robot.surface_gripper-3.6.2] startup
[8.594s] [ext: isaacsim.robot.manipulators-3.4.4] startup
[8.603s] [ext: isaacsim.robot_motion.lula-4.1.3] startup
[8.608s] [ext: isaacsim.robot_motion.motion_generation-8.2.9] startup
[8.612s] [ext: isaacsim.cortex.framework-1.0.18] startup
[8.613s] [ext: isaacsim.cortex.behaviors-2.0.17] startup
[8.615s] [ext: isaacsim.examples.base-1.3.2] startup
[8.616s] [ext: omni.kit.widget.zoombar-1.0.7] startup
[8.617s] [ext: omni.kit.browser.core-2.3.18] startup
[8.620s] [ext: omni.kit.browser.folder.core-2.0.2] startup
[8.623s] [ext: omni.kit.widget.stage_icons-1.0.8] startup
[8.624s] [ext: omni.kit.window.stage-2.6.1] startup
[8.627s] [ext: omni.kit.menu.stage-1.2.7] startup
[8.628s] [ext: omni.kit.usd.collect-3.0.6] startup
[8.630s] [ext: omni.kit.widget.prompt-1.0.7] startup
[8.631s] [ext: omni.kit.tool.collect-2.2.19] startup
[8.632s] [ext: isaacsim.examples.browser-0.3.2] startup
[8.634s] [ext: omni.kit.search.files-1.0.4] startup
[8.635s] [ext: omni.kit.widget.calendar-1.0.9] startup
[8.636s] [ext: omni.kit.widget.extended_searchfield-1.0.31] startup
[8.642s] [ext: omni.simready.content.browser-0.3.7] startup
[8.730s] [ext: isaacsim.gui.content_browser-0.4.3] startup
[8.733s] [ext: omni.kit.selection-0.1.6] startup
[8.734s] [ext: isaacsim.gui.menu-2.10.5] startup
[8.741s] [ext: isaacsim.gui.property-1.6.4] startup
[8.747s] [ext: omni.kit.viewport.actions-110.0.0] startup
[8.750s] [ext: omni.kit.viewport.menubar.display-107.1.3] startup
[8.752s] [ext: isaacsim.gui.sensors.icon-2.2.1] startup
[8.754s] [ext: omni.behavior.scripting.core-110.1.0] startup
[8.757s] [ext: isaacsim.replicator.behavior-1.5.4] startup
[8.758s] [ext: isaacsim.replicator.experimental.domain_randomization-1.2.5] startup
[8.771s] [ext: isaacsim.replicator.domain_randomization-1.2.2] startup
[8.838s] [ext: isaacsim.replicator.writers-1.5.4] startup
[8.860s] [ext: isaacsim.robot.experimental.wheeled_robots-0.2.11] startup
[8.880s] [ext: isaacsim.robot.policy.examples-5.2.12] startup
[8.898s] [ext: isaacsim.robot.wheeled_robots-5.2.4] startup
[8.901s] [ext: isaacsim.robot.wheeled_robots.nodes-0.1.5] startup
[8.918s] [ext: isaacsim.robot_motion.experimental.motion_generation-6.1.3] startup
[8.928s] [ext: isaacsim.robot_motion.cumotion-1.3.1] startup
[8.940s] [ext: omni.kit.numpy.common-0.1.3] startup
[8.942s] [ext: isaacsim.sensors.camera-1.7.9] startup
[8.968s] [ext: isaacsim.sensors.experimental.physics-3.0.2] startup
[8.975s] [ext: omni.sensors.net-1.0.1] startup
[8.977s] [ext: omni.sensors.nv.common-3.0.0] startup
[8.986s] [ext: omni.sensors.nv.materials-2.0.0] startup
[8.989s] [ext: omni.sensors.nv.acoustic-3.0.0] startup
[8.991s] [ext: omni.sensors.nv.ids-2.0.1] startup
[8.992s] [ext: omni.sensors.nv.lidar-3.0.0] startup
[8.995s] [ext: omni.sensors.nv.radar-3.0.0] startup
[8.997s] [ext: isaacsim.sensors.experimental.rtx-1.4.6] startup
[9.224s] [ext: isaacsim.sensors.physics.nodes-1.5.3] startup
[9.229s] [ext: isaacsim.util.debug_draw-3.2.3] startup
[9.234s] [ext: isaacsim.sensors.physx-2.5.5] startup
[9.240s] [ext: isaacsim.sensors.rtx-15.17.1] startup
[9.249s] [ext: isaacsim.simulation_app-2.18.4] startup
[9.249s] [ext: omni.anim.curve.core-1.6.0] startup
[9.259s] [ext: omni.graph.ui_nodes-2.11.1] startup
[9.279s] [ext: omni.hydra.scene_api-0.1.3] startup
[9.283s] [ext: omni.kit.manipulator.camera-110.0.0] startup
[9.286s] [ext: omni.kit.manipulator.selector-1.1.4] startup
[9.287s] [ext: omni.kit.manipulator.transform-107.0.0] startup
[9.291s] [ext: omni.kit.widget.toolbar-2.1.0] startup
[9.296s] [ext: omni.kit.manipulator.tool.snap-1.5.14] startup
[9.299s] [ext: omni.kit.viewport.manipulator.transform-107.0.4] startup
[9.301s] [ext: omni.kit.manipulator.prim.core-108.0.2] startup
[9.306s] [ext: omni.kit.manipulator.prim.usd-107.0.3] startup
[9.308s] [ext: omni.kit.manipulator.prim-108.0.0] startup
[9.308s] [ext: omni.kit.manipulator.selection-109.0.1] startup
[9.309s] [ext: omni.kit.menu.create-2.0.2] startup
[9.310s] [ext: omni.kit.property.audio-1.0.16] startup
[9.313s] [ext: omni.kit.property.camera-1.0.14] startup
[9.314s] [ext: omni.kit.property.geometry-2.1.2] startup
[9.317s] [ext: omni.kit.property.light-1.0.14] startup
2026-10-08T04:46:38Z [9,319ms] [Warning] [omni.usd] Encountered USD Warnings but USD Diagnostics are currently muted. To view USD Warnings, please set the '/persistent/app/usd/muteUsdDiagnostics' setting to false in Preferences page.
[9.345s] [ext: omni.kit.property.material-1.14.6] startup
[9.350s] [ext: omni.kit.property.render-1.2.2] startup
[9.351s] [ext: omni.kit.property.transform-1.6.9] startup
[9.354s] [ext: omni.kit.property.bundle-1.5.1] startup
[9.356s] [ext: omni.kit.usdz_export-1.1.0] startup
[9.358s] [ext: omni.kit.tool.asset_importer-6.0.1] startup
[9.362s] [ext: omni.kit.ui.actions-1.0.5] startup
[9.364s] [ext: omni.kit.viewport.menubar.camera-107.0.10] startup
[9.368s] [ext: omni.kit.viewport.menubar.lighting-107.3.2] startup
[9.370s] [ext: omni.kit.viewport.menubar.render-110.0.0] startup
[9.372s] [ext: omni.kit.viewport.menubar.settings-110.0.1] startup
[9.375s] [ext: omni.kit.window.console-1.1.9] startup
[9.379s] [ext: omni.kit.window.status_bar-0.1.11] startup
[9.380s] [ext: omni.kit.window.toolbar-3.0.3] startup
[9.382s] [ext: omni.ocio-0.1.1] startup
[9.383s] [ext: omni.physx.commands-110.1.13] startup
[9.386s] [ext: omni.replicator.replicator_yaml-2.0.12] startup
[9.395s] [ext: omni.rtx.window.settings-0.8.0] startup
[9.399s] [ext: omni.rtx.settings.core-0.7.1] startup
[9.402s] [ext: omni.usd.metrics.assembler.ui-110.1.1] startup
[9.408s] [ext: semantics.schema.editor-2.0.2] startup
[9.410s] [ext: semantics.schema.property-2.0.2] startup
[9.411s] [ext: omni.kit.menu.common-2.0.2] startup
[9.413s] [ext: isaacsim.exp.base-6.0.1] startup
[9.413s] [ext: isaacsim.exp.base.python-6.0.1] startup
[9.414s] Simulation App Starting
[10.447s] Simulation App Startup Complete
[10.452s] app ready
Starting kit application with the following args:  ['/home/starry/isaac-data/isaacsim/exts/isaacsim.simulation_app/isaacsim/simulation_app/simulation_app.py', '/home/starry/isaac-data/isaacsim/apps/isaacsim.exp.base.python.kit', '--/app/tokens/exe-path=/home/starry/isaac-data/isaacsim/kit', '--/persistent/app/viewport/displayOptions=3094', '--/rtx/materialDb/syncLoads=True', '--/rtx/hydra/materialSyncLoads=True', '--/omni/kit/plugin/syncUsdLoads=True', '--/app/renderer/resolution/width=1280', '--/app/renderer/resolution/height=720', '--/app/window/width=1440', '--/app/window/height=900', '--/renderer/multiGpu/enabled=False', '--/app/fastShutdown=True', '--/app/installSignalHandlers=0', '--ext-folder', '/home/starry/isaac-data/isaacsim/exts', '--ext-folder', '/home/starry/isaac-data/isaacsim/apps', '--/renderer/activeGpu=0', '--/physics/cudaDevice=0', '--/plugins/carb.tasking.plugin/threadCount=12', '--/plugins/omni.tbb.globalcontrol/maxThreadCount=12', '--portable', '--no-window', '--/app/window/hideUi=1']
Passing the following args to the base kit application:  []
Warp 1.13.0 initialized:
   CUDA Toolkit 12.9, Driver 13.0
   Devices:
     "cpu"      : "x86_64"
     "cuda:0"   : "NVIDIA GeForce RTX 5070" (11 GiB, sm_120, mempool enabled)
   Kernel cache:
     /home/starry/.cache/warp/1.13.0
[LIGHTING] sun=800.0 (1) dome=0.0 (1) ambient=0.05 constant_color=(0.6, 0.65, 0.7)
[RENDER] mode=MinimalRendering minimal_shading_mode=2 anti_aliasing=TAA
[DEPTH CAMERAS] count=4 resolution_each=320x240 horizontal_coverage=360deg
[ESDF] path=/home/starry/isaac-data/EGO1P5/scenes/ego_swarm_cloud/occupancy.bin shape=(400, 300, 50) resolution=0.40m
[depth_angular_controller_goal-1] [INFO] [1791434801.971869862] [depth_angular_controller]: WAITING_ODOMETRY
[NAV] t=0.0s position=(-64.00,-11.20,2.80) yaw=1.2deg command=(0.00,0.00,0.00) manual_active=0 collision_blocks=0
[depth_angular_controller_goal-1] [INFO] [1791434802.336682830] [depth_angular_controller]: WAITING_VERIFIED_START_POSE
[depth_angular_controller_goal-1] [INFO] [1791434802.373311376] [depth_angular_controller]: VERIFIED_FREE_SEED center=(-64.000,-11.200,2.800) radius=2.500 balls=1: verified fixed Cloud free ball; USD and occupancy SHA-256 matched
[depth_angular_controller_goal-1] [INFO] [1791434802.373494570] [depth_angular_controller]: ZERO_INTENT
[depth_angular_controller_goal-1] [INFO] [1791434804.090944496] [depth_angular_controller]: OMNI_DEPTH views=4 azimuth_bins=180 elevation_bins=37 valid=1 certificates=0 short=0 held=0 local_candidates=3 yaw=31.36
[depth_angular_controller_goal-1] [INFO] [1791434804.104748388] [depth_angular_controller]: BRAKING_FALLBACK
[depth_angular_controller_goal-1] [INFO] [1791434804.104779336] [depth_angular_controller]: PAPER_BUILD reason=READY required=0.0100 best=8.0717 free=25 refined=0 tubes=0 revoked_tubes=0 proofs=0
[depth_angular_controller_goal-1] [INFO] [1791434804.104788393] [depth_angular_controller]: PAPER_EVIDENCE retained=10 balls=0 revoked_balls=0 expired_views=34 evicted_views=0 radius=0.580 clearance=0.500 best_prefix=8.072
[depth_angular_controller_goal-1] [INFO] [1791434804.937218169] [depth_angular_controller]: OMNI_DEPTH views=4 azimuth_bins=180 elevation_bins=37 valid=1 certificates=0 short=0 held=0 local_candidates=3 yaw=31.36
[depth_angular_controller_goal-1] [INFO] [1791434804.937625624] [depth_angular_controller]: PAPER_BUILD reason=READY required=0.0100 best=8.0717 free=25 refined=0 tubes=0 revoked_tubes=0 proofs=0
[depth_angular_controller_goal-1] [INFO] [1791434804.937634291] [depth_angular_controller]: PAPER_EVIDENCE retained=16 balls=0 revoked_balls=0 expired_views=60 evicted_views=0 radius=0.580 clearance=0.500 best_prefix=8.072
[10.992s] [ext: isaacsim.sensors.rtx.nodes-0.1.2] startup
[11.001s] [ext: isaacsim.ros2.core-1.9.4] startup
[11.014s] Attempting to load system rclpy
[11.015s] Could not import system rclpy: No module named 'rclpy'
[11.015s] Attempting to load internal rclpy for ROS Distro: humble
[11.025s] rclpy loaded
[11.029s] [ext: isaacsim.ros2.nodes-1.18.13] startup
[11.063s] [ext: isaacsim.ros2.examples-1.2.4] startup
[11.067s] [ext: isaacsim.ros2.ui-1.6.5] startup
[11.284s] [ext: isaacsim.ros2.bridge-5.1.2] startup
2026-10-08T04:46:42Z [13,547ms] [Warning] [omni.timeline.plugin] Deprecated: direct use of ITimeline callbacks is deprecated. Use ITimeline::getTimeline (Python: omni.timeline.get_timeline_interface) instead.
[depth_angular_controller_goal-1] [INFO] [1791434805.855597871] [depth_angular_controller]: OMNI_DEPTH views=4 azimuth_bins=180 elevation_bins=37 valid=1 certificates=0 short=0 held=0 local_candidates=3 yaw=31.36
[depth_angular_controller_goal-1] [INFO] [1791434805.855822974] [depth_angular_controller]: PAPER_BUILD reason=READY required=0.0100 best=8.0717 free=25 refined=0 tubes=0 revoked_tubes=0 proofs=0
[depth_angular_controller_goal-1] [INFO] [1791434805.855832853] [depth_angular_controller]: PAPER_EVIDENCE retained=16 balls=0 revoked_balls=0 expired_views=92 evicted_views=0 radius=0.580 clearance=0.500 best_prefix=8.072
[position_cmd_to_twist-2] [INFO] [1791434806.645210180] [position_cmd_to_twist]: [PERF BRIDGE] run=p5_enable_goal_20261008_dynamic_ego1p5_1 elapsed=18.35s received=295 published=295 fps(ros/wall)=60.00/68.55 controller_to_bridge_ms(mean/p50/p95/max)=1.638/0.000/16.667/16.667 bridge_process_ms(mean/p95/max)=0.079/0.100/0.401
[NAV] t=5.0s position=(-64.00,-11.20,2.80) yaw=9.9deg command=(0.00,0.00,0.00) manual_active=1 collision_blocks=0
[depth_angular_controller_goal-1] [INFO] [1791434806.705383344] [depth_angular_controller]: OMNI_DEPTH views=4 azimuth_bins=180 elevation_bins=37 valid=1 certificates=0 short=0 held=0 local_candidates=3 yaw=31.36
[depth_angular_controller_goal-1] [INFO] [1791434806.705509260] [depth_angular_controller]: PAPER_BUILD reason=READY required=0.0100 best=8.0717 free=25 refined=0 tubes=0 revoked_tubes=0 proofs=0
[depth_angular_controller_goal-1] [INFO] [1791434806.705518327] [depth_angular_controller]: PAPER_EVIDENCE retained=12 balls=0 revoked_balls=0 expired_views=120 evicted_views=0 radius=0.580 clearance=0.500 best_prefix=8.072
[depth_angular_controller_goal-1] [INFO] [1791434807.352540965] [depth_angular_controller]: [PERF CTRL] run=p5_enable_goal_20261008_dynamic_ego1p5_1 elapsed=19.18s callbacks=343 commands=342 guidance=222 command_fps(ros/wall)=60.00/67.98 guidance_wall_fps=67.75 avoid_ms(mean/p50/p95/max)=3.403/0.858/17.753/20.571 cycle_ms(mean/p95/max)=14.709/31.015/69.088 depth_to_cmd_ms(mean/p95/max)=47.748/83.333/100.000 callback_to_publish_ms(mean/p95/max)=4.376/19.202/25.409
[depth_angular_controller_goal-1] [INFO] [1791434807.352599956] [depth_angular_controller]: EVIDENCE_COST ingest(mean/p95/max)=2.100/7.387/13.536 record=0.004/0.006/0.008 ms
[depth_angular_controller_goal-1] [INFO] [1791434807.352604976] [depth_angular_controller]: EVIDENCE_PHASE per_view_mean_ms balls=0.058 tubes=0.006 history=0.195 eviction=0.001
[depth_angular_controller_goal-1] [INFO] [1791434807.615431248] [depth_angular_controller]: OMNI_DEPTH views=4 azimuth_bins=180 elevation_bins=37 valid=1 certificates=0 short=0 held=0 local_candidates=3 yaw=31.36
[depth_angular_controller_goal-1] [INFO] [1791434807.615874061] [depth_angular_controller]: PAPER_BUILD reason=READY required=0.0100 best=8.0717 free=25 refined=0 tubes=0 revoked_tubes=0 proofs=0
[depth_angular_controller_goal-1] [INFO] [1791434807.615884791] [depth_angular_controller]: PAPER_EVIDENCE retained=12 balls=0 revoked_balls=0 expired_views=144 evicted_views=0 radius=0.580 clearance=0.500 best_prefix=8.072
[depth_angular_controller_goal-1] [INFO] [1791434808.592215932] [depth_angular_controller]: OMNI_DEPTH views=4 azimuth_bins=180 elevation_bins=37 valid=1 certificates=0 short=0 held=0 local_candidates=3 yaw=31.36
[depth_angular_controller_goal-1] [INFO] [1791434808.593205652] [depth_angular_controller]: PAPER_BUILD reason=READY required=0.0100 best=8.0717 free=25 refined=0 tubes=0 revoked_tubes=0 proofs=0
[depth_angular_controller_goal-1] [INFO] [1791434808.593231551] [depth_angular_controller]: PAPER_EVIDENCE retained=12 balls=0 revoked_balls=0 expired_views=168 evicted_views=0 radius=0.580 clearance=0.500 best_prefix=8.072
[depth_angular_controller_goal-1] [INFO] [1791434809.441646007] [depth_angular_controller]: OMNI_DEPTH views=4 azimuth_bins=180 elevation_bins=37 valid=1 certificates=0 short=0 held=0 local_candidates=3 yaw=31.36
[depth_angular_controller_goal-1] [INFO] [1791434809.441770320] [depth_angular_controller]: PAPER_BUILD reason=READY required=0.0100 best=8.0717 free=25 refined=0 tubes=0 revoked_tubes=0 proofs=0
[depth_angular_controller_goal-1] [INFO] [1791434809.441780109] [depth_angular_controller]: PAPER_EVIDENCE retained=13 balls=0 revoked_balls=0 expired_views=192 evicted_views=0 radius=0.580 clearance=0.500 best_prefix=8.072
[depth_angular_controller_goal-1] [INFO] [1791434810.298549837] [depth_angular_controller]: OMNI_DEPTH views=4 azimuth_bins=180 elevation_bins=37 valid=1 certificates=0 short=0 held=0 local_candidates=3 yaw=31.36
[depth_angular_controller_goal-1] [INFO] [1791434810.298781713] [depth_angular_controller]: PAPER_BUILD reason=READY required=0.0100 best=8.0717 free=23 refined=0 tubes=0 revoked_tubes=0 proofs=0
[depth_angular_controller_goal-1] [INFO] [1791434810.298790149] [depth_angular_controller]: PAPER_EVIDENCE retained=12 balls=0 revoked_balls=0 expired_views=220 evicted_views=0 radius=0.580 clearance=0.500 best_prefix=8.072
[position_cmd_to_twist-2] [INFO] [1791434811.069334392] [position_cmd_to_twist]: [PERF BRIDGE] run=p5_enable_goal_20261008_dynamic_ego1p5_1 elapsed=22.79s received=595 published=595 fps(ros/wall)=60.00/68.08 controller_to_bridge_ms(mean/p50/p95/max)=2.213/0.000/16.667/16.667 bridge_process_ms(mean/p95/max)=0.079/0.102/0.522
[NAV] t=10.0s position=(-64.00,-11.20,2.80) yaw=9.9deg command=(0.00,0.00,0.00) manual_active=1 collision_blocks=0
[depth_angular_controller_goal-1] [INFO] [1791434811.145436151] [depth_angular_controller]: OMNI_DEPTH views=4 azimuth_bins=180 elevation_bins=37 valid=1 certificates=0 short=0 held=0 local_candidates=3 yaw=31.36
[depth_angular_controller_goal-1] [INFO] [1791434811.145556487] [depth_angular_controller]: PAPER_BUILD reason=READY required=0.0100 best=8.0717 free=23 refined=0 tubes=0 revoked_tubes=0 proofs=0
[depth_angular_controller_goal-1] [INFO] [1791434811.145564853] [depth_angular_controller]: PAPER_EVIDENCE retained=14 balls=0 revoked_balls=0 expired_views=242 evicted_views=0 radius=0.580 clearance=0.500 best_prefix=8.072
[depth_angular_controller_goal-1] [INFO] [1791434812.122274746] [depth_angular_controller]: OMNI_DEPTH views=4 azimuth_bins=180 elevation_bins=37 valid=1 certificates=0 short=0 held=0 local_candidates=3 yaw=31.36
[depth_angular_controller_goal-1] [INFO] [1791434812.122555524] [depth_angular_controller]: PAPER_BUILD reason=READY required=0.0100 best=8.0717 free=23 refined=0 tubes=0 revoked_tubes=0 proofs=0
[depth_angular_controller_goal-1] [INFO] [1791434812.122562177] [depth_angular_controller]: PAPER_EVIDENCE retained=14 balls=0 revoked_balls=0 expired_views=266 evicted_views=0 radius=0.580 clearance=0.500 best_prefix=8.072
[depth_angular_controller_goal-1] [INFO] [1791434812.374099524] [depth_angular_controller]: [PERF CTRL] run=p5_enable_goal_20261008_dynamic_ego1p5_1 elapsed=24.20s callbacks=676 commands=675 guidance=555 command_fps(ros/wall)=60.00/67.15 guidance_wall_fps=66.88 avoid_ms(mean/p50/p95/max)=3.280/0.858/16.699/20.571 cycle_ms(mean/p95/max)=14.892/31.249/89.215 depth_to_cmd_ms(mean/p95/max)=50.961/100.000/100.000 callback_to_publish_ms(mean/p95/max)=4.804/19.450/25.409
[depth_angular_controller_goal-1] [INFO] [1791434812.374189523] [depth_angular_controller]: EVIDENCE_COST ingest(mean/p95/max)=2.027/7.124/13.536 record=0.003/0.006/0.014 ms
[depth_angular_controller_goal-1] [INFO] [1791434812.374196326] [depth_angular_controller]: EVIDENCE_PHASE per_view_mean_ms balls=0.056 tubes=0.005 history=0.184 eviction=0.001
[depth_angular_controller_goal-1] [INFO] [1791434813.093690150] [depth_angular_controller]: OMNI_DEPTH views=4 azimuth_bins=180 elevation_bins=37 valid=1 certificates=0 short=0 held=0 local_candidates=3 yaw=31.36
[depth_angular_controller_goal-1] [INFO] [1791434813.094178908] [depth_angular_controller]: PAPER_BUILD reason=READY required=0.0100 best=8.0717 free=23 refined=0 tubes=0 revoked_tubes=0 proofs=0
[depth_angular_controller_goal-1] [INFO] [1791434813.094185280] [depth_angular_controller]: PAPER_EVIDENCE retained=14 balls=0 revoked_balls=0 expired_views=290 evicted_views=0 radius=0.580 clearance=0.500 best_prefix=8.072
[depth_angular_controller_goal-1] [INFO] [1791434814.013113684] [depth_angular_controller]: OMNI_DEPTH views=4 azimuth_bins=180 elevation_bins=37 valid=1 certificates=0 short=0 held=0 local_candidates=3 yaw=31.36
[depth_angular_controller_goal-1] [INFO] [1791434814.013229542] [depth_angular_controller]: PAPER_BUILD reason=READY required=0.0100 best=8.0717 free=23 refined=0 tubes=0 revoked_tubes=0 proofs=0
[depth_angular_controller_goal-1] [INFO] [1791434814.013235503] [depth_angular_controller]: PAPER_EVIDENCE retained=14 balls=0 revoked_balls=0 expired_views=314 evicted_views=0 radius=0.580 clearance=0.500 best_prefix=8.072
[depth_angular_controller_goal-1] [INFO] [1791434814.926685261] [depth_angular_controller]: OMNI_DEPTH views=4 azimuth_bins=180 elevation_bins=37 valid=1 certificates=0 short=0 held=0 local_candidates=3 yaw=31.36
[depth_angular_controller_goal-1] [INFO] [1791434814.927857854] [depth_angular_controller]: PAPER_BUILD reason=READY required=0.0100 best=8.0717 free=23 refined=0 tubes=0 revoked_tubes=0 proofs=0
[depth_angular_controller_goal-1] [INFO] [1791434814.927866210] [depth_angular_controller]: PAPER_EVIDENCE retained=13 balls=0 revoked_balls=0 expired_views=339 evicted_views=0 radius=0.580 clearance=0.500 best_prefix=8.072
[position_cmd_to_twist-2] [INFO] [1791434815.772001574] [position_cmd_to_twist]: [PERF BRIDGE] run=p5_enable_goal_20261008_dynamic_ego1p5_1 elapsed=27.49s received=895 published=895 fps(ros/wall)=60.00/66.59 controller_to_bridge_ms(mean/p50/p95/max)=2.253/0.000/16.667/16.667 bridge_process_ms(mean/p95/max)=0.079/0.102/0.522
[NAV] t=15.0s position=(-64.00,-11.20,2.80) yaw=9.9deg command=(0.00,0.00,0.00) manual_active=1 collision_blocks=0
[depth_angular_controller_goal-1] [INFO] [1791434815.846923195] [depth_angular_controller]: OMNI_DEPTH views=4 azimuth_bins=180 elevation_bins=37 valid=1 certificates=0 short=0 held=0 local_candidates=3 yaw=31.36
[depth_angular_controller_goal-1] [INFO] [1791434815.847280186] [depth_angular_controller]: PAPER_BUILD reason=READY required=0.0100 best=8.0717 free=23 refined=0 tubes=0 revoked_tubes=0 proofs=0
[depth_angular_controller_goal-1] [INFO] [1791434815.847287750] [depth_angular_controller]: PAPER_EVIDENCE retained=13 balls=0 revoked_balls=0 expired_views=363 evicted_views=0 radius=0.580 clearance=0.500 best_prefix=8.072
[depth_angular_controller_goal-1] [INFO] [1791434816.764094667] [depth_angular_controller]: OMNI_DEPTH views=4 azimuth_bins=180 elevation_bins=37 valid=1 certificates=0 short=0 held=0 local_candidates=3 yaw=31.36
[depth_angular_controller_goal-1] [INFO] [1791434816.764212358] [depth_angular_controller]: PAPER_BUILD reason=READY required=0.0100 best=8.0717 free=23 refined=0 tubes=0 revoked_tubes=0 proofs=0
[depth_angular_controller_goal-1] [INFO] [1791434816.764220153] [depth_angular_controller]: PAPER_EVIDENCE retained=12 balls=0 revoked_balls=0 expired_views=388 evicted_views=0 radius=0.580 clearance=0.500 best_prefix=8.072
[depth_angular_controller_goal-1] [INFO] [1791434817.383065737] [depth_angular_controller]: [PERF CTRL] run=p5_enable_goal_20261008_dynamic_ego1p5_1 elapsed=29.21s callbacks=1005 commands=1004 guidance=884 command_fps(ros/wall)=60.00/66.66 guidance_wall_fps=66.43 avoid_ms(mean/p50/p95/max)=3.242/0.871/16.251/20.571 cycle_ms(mean/p95/max)=15.001/31.249/89.215 depth_to_cmd_ms(mean/p95/max)=47.266/83.333/100.000 callback_to_publish_ms(mean/p95/max)=4.966/18.949/25.409
[depth_angular_controller_goal-1] [INFO] [1791434817.383168471] [depth_angular_controller]: EVIDENCE_COST ingest(mean/p95/max)=2.034/6.797/13.536 record=0.003/0.006/0.015 ms
[depth_angular_controller_goal-1] [INFO] [1791434817.383173580] [depth_angular_controller]: EVIDENCE_PHASE per_view_mean_ms balls=0.056 tubes=0.005 history=0.184 eviction=0.001
[depth_angular_controller_goal-1] [INFO] [1791434817.621563419] [depth_angular_controller]: PAPER_BUILD reason=READY required=0.0100 best=8.0717 free=25 refined=0 tubes=0 revoked_tubes=0 proofs=0
[depth_angular_controller_goal-1] [INFO] [1791434817.621597002] [depth_angular_controller]: PAPER_EVIDENCE retained=14 balls=0 revoked_balls=0 expired_views=408 evicted_views=0 radius=0.580 clearance=0.500 best_prefix=8.072
[depth_angular_controller_goal-1] [INFO] [1791434817.628422710] [depth_angular_controller]: OMNI_DEPTH views=4 azimuth_bins=180 elevation_bins=37 valid=1 certificates=0 short=0 held=0 local_candidates=3 yaw=31.36
[depth_angular_controller_goal-1] [INFO] [1791434818.531751968] [depth_angular_controller]: OMNI_DEPTH views=4 azimuth_bins=180 elevation_bins=37 valid=1 certificates=0 short=0 held=0 local_candidates=3 yaw=31.36
[depth_angular_controller_goal-1] [INFO] [1791434818.531905256] [depth_angular_controller]: PAPER_BUILD reason=READY required=0.0100 best=8.0717 free=23 refined=0 tubes=0 revoked_tubes=0 proofs=0
[depth_angular_controller_goal-1] [INFO] [1791434818.531915265] [depth_angular_controller]: PAPER_EVIDENCE retained=13 balls=0 revoked_balls=0 expired_views=434 evicted_views=0 radius=0.580 clearance=0.500 best_prefix=8.072
[depth_angular_controller_goal-1] [INFO] [1791434819.384945255] [depth_angular_controller]: OMNI_DEPTH views=4 azimuth_bins=180 elevation_bins=37 valid=1 certificates=0 short=0 held=0 local_candidates=3 yaw=31.36
[depth_angular_controller_goal-1] [INFO] [1791434819.385297757] [depth_angular_controller]: PAPER_BUILD reason=READY required=0.0100 best=8.0717 free=23 refined=0 tubes=0 revoked_tubes=0 proofs=0
[depth_angular_controller_goal-1] [INFO] [1791434819.385305462] [depth_angular_controller]: PAPER_EVIDENCE retained=13 balls=0 revoked_balls=0 expired_views=458 evicted_views=0 radius=0.580 clearance=0.500 best_prefix=8.072
[position_cmd_to_twist-2] [INFO] [1791434820.226372249] [position_cmd_to_twist]: [PERF BRIDGE] run=p5_enable_goal_20261008_dynamic_ego1p5_1 elapsed=31.94s received=1195 published=1195 fps(ros/wall)=60.00/66.76 controller_to_bridge_ms(mean/p50/p95/max)=2.301/0.000/16.667/16.667 bridge_process_ms(mean/p95/max)=0.079/0.101/0.522
[NAV] t=20.0s position=(-64.00,-11.20,2.80) yaw=9.9deg command=(0.00,0.00,0.00) manual_active=1 collision_blocks=0
[depth_angular_controller_goal-1] [INFO] [1791434820.361690405] [depth_angular_controller]: PAPER_BUILD reason=READY required=0.0100 best=8.0717 free=25 refined=0 tubes=0 revoked_tubes=0 proofs=0
[depth_angular_controller_goal-1] [INFO] [1791434820.361729508] [depth_angular_controller]: PAPER_EVIDENCE retained=14 balls=0 revoked_balls=0 expired_views=480 evicted_views=0 radius=0.580 clearance=0.500 best_prefix=8.072
[depth_angular_controller_goal-1] [INFO] [1791434820.367741917] [depth_angular_controller]: OMNI_DEPTH views=4 azimuth_bins=180 elevation_bins=37 valid=1 certificates=0 short=0 held=0 local_candidates=3 yaw=31.36
[depth_angular_controller_goal-1] [INFO] [1791434821.292940184] [depth_angular_controller]: OMNI_DEPTH views=4 azimuth_bins=180 elevation_bins=37 valid=1 certificates=0 short=0 held=0 local_candidates=3 yaw=31.36
[depth_angular_controller_goal-1] [INFO] [1791434821.293085016] [depth_angular_controller]: PAPER_BUILD reason=READY required=0.0100 best=8.0717 free=23 refined=0 tubes=0 revoked_tubes=0 proofs=0
[depth_angular_controller_goal-1] [INFO] [1791434821.293091919] [depth_angular_controller]: PAPER_EVIDENCE retained=13 balls=0 revoked_balls=0 expired_views=506 evicted_views=0 radius=0.580 clearance=0.500 best_prefix=8.072
[depth_angular_controller_goal-1] [INFO] [1791434822.217304934] [depth_angular_controller]: OMNI_DEPTH views=4 azimuth_bins=180 elevation_bins=37 valid=1 certificates=0 short=0 held=0 local_candidates=3 yaw=31.36
[depth_angular_controller_goal-1] [INFO] [1791434822.217574261] [depth_angular_controller]: PAPER_BUILD reason=READY required=0.0100 best=8.0717 free=23 refined=0 tubes=0 revoked_tubes=0 proofs=0
[depth_angular_controller_goal-1] [INFO] [1791434822.217582256] [depth_angular_controller]: PAPER_EVIDENCE retained=13 balls=0 revoked_balls=0 expired_views=530 evicted_views=0 radius=0.580 clearance=0.500 best_prefix=8.072
[depth_angular_controller_goal-1] [INFO] [1791434822.389907919] [depth_angular_controller]: [PERF CTRL] run=p5_enable_goal_20261008_dynamic_ego1p5_1 elapsed=34.21s callbacks=1334 commands=1333 guidance=1213 command_fps(ros/wall)=60.00/66.42 guidance_wall_fps=66.23 avoid_ms(mean/p50/p95/max)=3.239/0.866/16.142/20.571 cycle_ms(mean/p95/max)=15.055/30.944/90.282 depth_to_cmd_ms(mean/p95/max)=44.710/83.333/100.000 callback_to_publish_ms(mean/p95/max)=5.079/19.055/25.409
[depth_angular_controller_goal-1] [INFO] [1791434822.390467962] [depth_angular_controller]: EVIDENCE_COST ingest(mean/p95/max)=2.055/6.513/13.536 record=0.004/0.006/0.789 ms
[depth_angular_controller_goal-1] [INFO] [1791434822.390492187] [depth_angular_controller]: EVIDENCE_PHASE per_view_mean_ms balls=0.056 tubes=0.006 history=0.187 eviction=0.001
[depth_angular_controller_goal-1] [INFO] [1791434823.136966406] [depth_angular_controller]: PAPER_BUILD reason=READY required=0.0100 best=8.0717 free=25 refined=0 tubes=0 revoked_tubes=0 proofs=0
[depth_angular_controller_goal-1] [INFO] [1791434823.137006371] [depth_angular_controller]: PAPER_EVIDENCE retained=14 balls=0 revoked_balls=0 expired_views=552 evicted_views=0 radius=0.580 clearance=0.500 best_prefix=8.072
[depth_angular_controller_goal-1] [INFO] [1791434823.144296301] [depth_angular_controller]: OMNI_DEPTH views=4 azimuth_bins=180 elevation_bins=37 valid=1 certificates=0 short=0 held=0 local_candidates=3 yaw=31.36
[depth_angular_controller_goal-1] [INFO] [1791434824.052177664] [depth_angular_controller]: OMNI_DEPTH views=4 azimuth_bins=180 elevation_bins=37 valid=1 certificates=0 short=0 held=0 local_candidates=3 yaw=31.36
[depth_angular_controller_goal-1] [INFO] [1791434824.052563319] [depth_angular_controller]: PAPER_BUILD reason=READY required=0.0100 best=8.0717 free=25 refined=0 tubes=0 revoked_tubes=0 proofs=0
[depth_angular_controller_goal-1] [INFO] [1791434824.052573047] [depth_angular_controller]: PAPER_EVIDENCE retained=13 balls=0 revoked_balls=0 expired_views=577 evicted_views=0 radius=0.580 clearance=0.500 best_prefix=8.072
[position_cmd_to_twist-2] [INFO] [1791434825.001691457] [position_cmd_to_twist]: [PERF BRIDGE] run=p5_enable_goal_20261008_dynamic_ego1p5_1 elapsed=36.72s received=1495 published=1495 fps(ros/wall)=60.00/65.95 controller_to_bridge_ms(mean/p50/p95/max)=2.319/0.000/16.667/16.667 bridge_process_ms(mean/p95/max)=0.079/0.101/0.522
[NAV] t=25.0s position=(-64.00,-11.20,2.80) yaw=9.9deg command=(0.00,0.00,0.00) manual_active=1 collision_blocks=0
[depth_angular_controller_goal-1] [INFO] [1791434825.075951655] [depth_angular_controller]: OMNI_DEPTH views=4 azimuth_bins=180 elevation_bins=37 valid=1 certificates=0 short=0 held=0 local_candidates=3 yaw=31.36
[depth_angular_controller_goal-1] [INFO] [1791434825.076452026] [depth_angular_controller]: PAPER_BUILD reason=READY required=0.0100 best=8.0717 free=25 refined=0 tubes=0 revoked_tubes=0 proofs=0
[depth_angular_controller_goal-1] [INFO] [1791434825.076461524] [depth_angular_controller]: PAPER_EVIDENCE retained=13 balls=0 revoked_balls=0 expired_views=601 evicted_views=0 radius=0.580 clearance=0.500 best_prefix=8.072
[depth_angular_controller_goal-1] [INFO] [1791434826.043992978] [depth_angular_controller]: PAPER_BUILD reason=READY required=0.0100 best=8.0717 free=22 refined=0 tubes=0 revoked_tubes=0 proofs=0
[depth_angular_controller_goal-1] [INFO] [1791434826.044037071] [depth_angular_controller]: PAPER_EVIDENCE retained=13 balls=0 revoked_balls=0 expired_views=625 evicted_views=0 radius=0.580 clearance=0.500 best_prefix=8.072
[depth_angular_controller_goal-1] [INFO] [1791434826.047945255] [depth_angular_controller]: OMNI_DEPTH views=4 azimuth_bins=180 elevation_bins=37 valid=1 certificates=0 short=0 held=0 local_candidates=3 yaw=31.36
[depth_angular_controller_goal-1] [INFO] [1791434827.064193283] [depth_angular_controller]: OMNI_DEPTH views=4 azimuth_bins=180 elevation_bins=37 valid=1 certificates=0 short=0 held=0 local_candidates=3 yaw=31.36
[depth_angular_controller_goal-1] [INFO] [1791434827.065537018] [depth_angular_controller]: PAPER_BUILD reason=READY required=0.0100 best=8.0717 free=25 refined=0 tubes=0 revoked_tubes=0 proofs=0
[depth_angular_controller_goal-1] [INFO] [1791434827.065563628] [depth_angular_controller]: PAPER_EVIDENCE retained=13 balls=0 revoked_balls=0 expired_views=649 evicted_views=0 radius=0.580 clearance=0.500 best_prefix=8.072
[depth_angular_controller_goal-1] [INFO] [1791434827.400480943] [depth_angular_controller]: [PERF CTRL] run=p5_enable_goal_20261008_dynamic_ego1p5_1 elapsed=39.22s callbacks=1644 commands=1643 guidance=1523 command_fps(ros/wall)=60.00/65.51 guidance_wall_fps=65.29 avoid_ms(mean/p50/p95/max)=3.252/0.872/16.168/20.571 cycle_ms(mean/p95/max)=15.264/31.339/90.282 depth_to_cmd_ms(mean/p95/max)=43.226/83.333/100.000 callback_to_publish_ms(mean/p95/max)=5.154/19.068/25.409
[depth_angular_controller_goal-1] [INFO] [1791434827.400632908] [depth_angular_controller]: EVIDENCE_COST ingest(mean/p95/max)=2.061/6.472/13.536 record=0.004/0.006/0.789 ms
[depth_angular_controller_goal-1] [INFO] [1791434827.400638559] [depth_angular_controller]: EVIDENCE_PHASE per_view_mean_ms balls=0.057 tubes=0.006 history=0.187 eviction=0.001
[depth_angular_controller_goal-1] [INFO] [1791434828.014430586] [depth_angular_controller]: OMNI_DEPTH views=4 azimuth_bins=180 elevation_bins=37 valid=1 certificates=0 short=0 held=0 local_candidates=3 yaw=31.36
[depth_angular_controller_goal-1] [INFO] [1791434828.014845315] [depth_angular_controller]: PAPER_BUILD reason=READY required=0.0100 best=8.0717 free=25 refined=0 tubes=0 revoked_tubes=0 proofs=0
[depth_angular_controller_goal-1] [INFO] [1791434828.014864522] [depth_angular_controller]: PAPER_EVIDENCE retained=13 balls=0 revoked_balls=0 expired_views=673 evicted_views=0 radius=0.580 clearance=0.500 best_prefix=8.072
[depth_angular_controller_goal-1] [INFO] [1791434828.906579643] [depth_angular_controller]: PAPER_BUILD reason=READY required=0.0100 best=8.0717 free=22 refined=0 tubes=0 revoked_tubes=0 proofs=0
[depth_angular_controller_goal-1] [INFO] [1791434828.906620420] [depth_angular_controller]: PAPER_EVIDENCE retained=13 balls=0 revoked_balls=0 expired_views=697 evicted_views=0 radius=0.580 clearance=0.500 best_prefix=8.072
[depth_angular_controller_goal-1] [INFO] [1791434828.910437663] [depth_angular_controller]: OMNI_DEPTH views=4 azimuth_bins=180 elevation_bins=37 valid=1 certificates=0 short=0 held=0 local_candidates=3 yaw=31.36
[position_cmd_to_twist-2] [INFO] [1791434829.717991790] [position_cmd_to_twist]: [PERF BRIDGE] run=p5_enable_goal_20261008_dynamic_ego1p5_1 elapsed=41.43s received=1795 published=1795 fps(ros/wall)=60.00/65.55 controller_to_bridge_ms(mean/p50/p95/max)=2.312/0.000/16.667/16.667 bridge_process_ms(mean/p95/max)=0.080/0.103/0.522
[NAV] t=30.0s position=(-64.00,-11.20,2.80) yaw=9.9deg command=(0.00,0.00,0.00) manual_active=1 collision_blocks=0
[depth_angular_controller_goal-1] [INFO] [1791434829.793215850] [depth_angular_controller]: OMNI_DEPTH views=4 azimuth_bins=180 elevation_bins=37 valid=1 certificates=0 short=0 held=0 local_candidates=3 yaw=31.36
[depth_angular_controller_goal-1] [INFO] [1791434829.793407209] [depth_angular_controller]: PAPER_BUILD reason=READY required=0.0100 best=8.0717 free=23 refined=0 tubes=0 revoked_tubes=0 proofs=0
[depth_angular_controller_goal-1] [INFO] [1791434829.793416276] [depth_angular_controller]: PAPER_EVIDENCE retained=13 balls=0 revoked_balls=0 expired_views=721 evicted_views=0 radius=0.580 clearance=0.500 best_prefix=8.072
[depth_angular_controller_goal-1] [INFO] [1791434830.728516021] [depth_angular_controller]: OMNI_DEPTH views=4 azimuth_bins=180 elevation_bins=37 valid=1 certificates=0 short=0 held=0 local_candidates=3 yaw=31.36
[depth_angular_controller_goal-1] [INFO] [1791434830.728643962] [depth_angular_controller]: PAPER_BUILD reason=READY required=0.0100 best=8.0717 free=25 refined=0 tubes=0 revoked_tubes=0 proofs=0
[depth_angular_controller_goal-1] [INFO] [1791434830.728665632] [depth_angular_controller]: PAPER_EVIDENCE retained=13 balls=0 revoked_balls=0 expired_views=745 evicted_views=0 radius=0.580 clearance=0.500 best_prefix=8.072
[depth_angular_controller_goal-1] [INFO] [1791434831.704508556] [depth_angular_controller]: PAPER_BUILD reason=READY required=0.0100 best=8.0717 free=22 refined=0 tubes=0 revoked_tubes=0 proofs=0
[depth_angular_controller_goal-1] [INFO] [1791434831.704545826] [depth_angular_controller]: PAPER_EVIDENCE retained=13 balls=0 revoked_balls=0 expired_views=769 evicted_views=0 radius=0.580 clearance=0.500 best_prefix=8.072
[depth_angular_controller_goal-1] [INFO] [1791434831.705413848] [depth_angular_controller]: OMNI_DEPTH views=4 azimuth_bins=180 elevation_bins=37 valid=1 certificates=0 short=0 held=0 local_candidates=3 yaw=31.36
[depth_angular_controller_goal-1] [INFO] [1791434832.421462627] [depth_angular_controller]: [PERF CTRL] run=p5_enable_goal_20261008_dynamic_ego1p5_1 elapsed=44.24s callbacks=1966 commands=1965 guidance=1845 command_fps(ros/wall)=60.00/65.28 guidance_wall_fps=65.09 avoid_ms(mean/p50/p95/max)=3.264/0.868/16.191/20.571 cycle_ms(mean/p95/max)=15.318/31.694/90.282 depth_to_cmd_ms(mean/p95/max)=41.545/83.333/100.000 callback_to_publish_ms(mean/p95/max)=5.213/19.192/25.409
[depth_angular_controller_goal-1] [INFO] [1791434832.421623850] [depth_angular_controller]: EVIDENCE_COST ingest(mean/p95/max)=2.070/6.377/13.536 record=0.004/0.006/0.843 ms
[depth_angular_controller_goal-1] [INFO] [1791434832.421629100] [depth_angular_controller]: EVIDENCE_PHASE per_view_mean_ms balls=0.057 tubes=0.006 history=0.189 eviction=0.001
[depth_angular_controller_goal-1] [INFO] [1791434832.627757269] [depth_angular_controller]: OMNI_DEPTH views=4 azimuth_bins=180 elevation_bins=37 valid=1 certificates=0 short=0 held=0 local_candidates=3 yaw=31.36
[depth_angular_controller_goal-1] [INFO] [1791434832.629716271] [depth_angular_controller]: PAPER_BUILD reason=READY required=0.0100 best=8.0717 free=25 refined=0 tubes=0 revoked_tubes=0 proofs=0
[depth_angular_controller_goal-1] [INFO] [1791434832.629743993] [depth_angular_controller]: PAPER_EVIDENCE retained=17 balls=0 revoked_balls=0 expired_views=797 evicted_views=0 radius=0.580 clearance=0.500 best_prefix=8.072
[depth_angular_controller_goal-1] [INFO] [1791434833.634947665] [depth_angular_controller]: OMNI_DEPTH views=4 azimuth_bins=180 elevation_bins=37 valid=1 certificates=0 short=0 held=0 local_candidates=3 yaw=31.36
[depth_angular_controller_goal-1] [INFO] [1791434833.635085805] [depth_angular_controller]: PAPER_BUILD reason=READY required=0.0100 best=8.0717 free=25 refined=0 tubes=0 revoked_tubes=0 proofs=0
[depth_angular_controller_goal-1] [INFO] [1791434833.635095673] [depth_angular_controller]: PAPER_EVIDENCE retained=15 balls=0 revoked_balls=0 expired_views=830 evicted_views=0 radius=0.580 clearance=0.500 best_prefix=8.072
[position_cmd_to_twist-2] [INFO] [1791434834.595734864] [position_cmd_to_twist]: [PERF BRIDGE] run=p5_enable_goal_20261008_dynamic_ego1p5_1 elapsed=46.31s received=2094 published=2094 fps(ros/wall)=59.97/64.91 controller_to_bridge_ms(mean/p50/p95/max)=2.364/0.000/16.667/16.667 bridge_process_ms(mean/p95/max)=0.080/0.105/0.706
[NAV] t=35.0s position=(-64.00,-11.20,2.80) yaw=9.9deg command=(0.00,0.00,0.00) manual_active=1 collision_blocks=0
[depth_angular_controller_goal-1] [INFO] [1791434834.678435194] [depth_angular_controller]: PAPER_BUILD reason=READY required=0.0100 best=8.0717 free=23 refined=0 tubes=0 revoked_tubes=0 proofs=0
[depth_angular_controller_goal-1] [INFO] [1791434834.678477504] [depth_angular_controller]: PAPER_EVIDENCE retained=18 balls=0 revoked_balls=0 expired_views=859 evicted_views=0 radius=0.580 clearance=0.500 best_prefix=8.072
[depth_angular_controller_goal-1] [INFO] [1791434834.682337879] [depth_angular_controller]: OMNI_DEPTH views=4 azimuth_bins=180 elevation_bins=37 valid=1 certificates=0 short=0 held=0 local_candidates=3 yaw=31.36
[depth_angular_controller_goal-1] [INFO] [1791434835.755094594] [depth_angular_controller]: OMNI_DEPTH views=4 azimuth_bins=180 elevation_bins=37 valid=1 certificates=0 short=0 held=0 local_candidates=3 yaw=31.36
[depth_angular_controller_goal-1] [INFO] [1791434835.755665236] [depth_angular_controller]: PAPER_BUILD reason=READY required=0.0100 best=8.0717 free=25 refined=0 tubes=0 revoked_tubes=0 proofs=0
[depth_angular_controller_goal-1] [INFO] [1791434835.755682679] [depth_angular_controller]: PAPER_EVIDENCE retained=17 balls=0 revoked_balls=0 expired_views=893 evicted_views=0 radius=0.580 clearance=0.500 best_prefix=8.072
[depth_angular_controller_goal-1] [INFO] [1791434836.630259763] [depth_angular_controller]: OMNI_DEPTH views=4 azimuth_bins=180 elevation_bins=37 valid=1 certificates=0 short=0 held=0 local_candidates=3 yaw=31.36
[depth_angular_controller_goal-1] [INFO] [1791434836.630627925] [depth_angular_controller]: PAPER_BUILD reason=READY required=0.0100 best=8.0717 free=25 refined=0 tubes=0 revoked_tubes=0 proofs=0
[depth_angular_controller_goal-1] [INFO] [1791434836.630634968] [depth_angular_controller]: PAPER_EVIDENCE retained=17 balls=0 revoked_balls=0 expired_views=925 evicted_views=0 radius=0.580 clearance=0.500 best_prefix=8.072
[depth_angular_controller_goal-1] [INFO] [1791434837.421816505] [depth_angular_controller]: [PERF CTRL] run=p5_enable_goal_20261008_dynamic_ego1p5_1 elapsed=49.24s callbacks=2273 commands=2272 guidance=2152 command_fps(ros/wall)=59.97/64.73 guidance_wall_fps=64.53 avoid_ms(mean/p50/p95/max)=3.326/0.873/16.470/27.842 cycle_ms(mean/p95/max)=15.449/32.884/90.282 depth_to_cmd_ms(mean/p95/max)=41.287/83.333/100.000 callback_to_publish_ms(mean/p95/max)=5.328/19.556/33.820
[depth_angular_controller_goal-1] [INFO] [1791434837.422000852] [depth_angular_controller]: EVIDENCE_COST ingest(mean/p95/max)=2.096/6.482/13.536 record=0.004/0.006/0.843 ms
[depth_angular_controller_goal-1] [INFO] [1791434837.422006452] [depth_angular_controller]: EVIDENCE_PHASE per_view_mean_ms balls=0.057 tubes=0.006 history=0.196 eviction=0.001
[depth_angular_controller_goal-1] [INFO] [1791434837.522701350] [depth_angular_controller]: OMNI_DEPTH views=4 azimuth_bins=180 elevation_bins=37 valid=1 certificates=0 short=0 held=0 local_candidates=3 yaw=31.36
[depth_angular_controller_goal-1] [INFO] [1791434837.523712931] [depth_angular_controller]: PAPER_BUILD reason=READY required=0.0100 best=8.0717 free=23 refined=0 tubes=0 revoked_tubes=0 proofs=0
[depth_angular_controller_goal-1] [INFO] [1791434837.523721016] [depth_angular_controller]: PAPER_EVIDENCE retained=17 balls=0 revoked_balls=0 expired_views=957 evicted_views=0 radius=0.580 clearance=0.500 best_prefix=8.072
[depth_angular_controller_goal-1] [INFO] [1791434838.404002570] [depth_angular_controller]: OMNI_DEPTH views=4 azimuth_bins=180 elevation_bins=37 valid=1 certificates=0 short=0 held=0 local_candidates=3 yaw=31.36
[depth_angular_controller_goal-1] [INFO] [1791434838.404135690] [depth_angular_controller]: PAPER_BUILD reason=READY required=0.0100 best=8.0717 free=25 refined=0 tubes=0 revoked_tubes=0 proofs=0
[depth_angular_controller_goal-1] [INFO] [1791434838.404142152] [depth_angular_controller]: PAPER_EVIDENCE retained=18 balls=0 revoked_balls=0 expired_views=989 evicted_views=0 radius=0.580 clearance=0.500 best_prefix=8.072
[position_cmd_to_twist-2] [INFO] [1791434839.194614677] [position_cmd_to_twist]: [PERF BRIDGE] run=p5_enable_goal_20261008_dynamic_ego1p5_1 elapsed=50.91s received=2394 published=2394 fps(ros/wall)=59.97/64.94 controller_to_bridge_ms(mean/p50/p95/max)=2.381/0.000/16.667/16.667 bridge_process_ms(mean/p95/max)=0.080/0.105/0.706
[NAV] t=40.0s position=(-64.00,-11.20,2.80) yaw=9.9deg command=(0.00,0.00,0.00) manual_active=1 collision_blocks=0
[depth_angular_controller_goal-1] [INFO] [1791434839.334443269] [depth_angular_controller]: OMNI_DEPTH views=4 azimuth_bins=180 elevation_bins=37 valid=1 certificates=0 short=0 held=0 local_candidates=3 yaw=31.36
[depth_angular_controller_goal-1] [INFO] [1791434839.334767949] [depth_angular_controller]: PAPER_BUILD reason=READY required=0.0100 best=8.0717 free=25 refined=0 tubes=0 revoked_tubes=0 proofs=0
[depth_angular_controller_goal-1] [INFO] [1791434839.334780292] [depth_angular_controller]: PAPER_EVIDENCE retained=17 balls=0 revoked_balls=0 expired_views=1022 evicted_views=0 radius=0.580 clearance=0.500 best_prefix=8.072
[depth_angular_controller_goal-1] [INFO] [1791434840.283632903] [depth_angular_controller]: PAPER_BUILD reason=READY required=0.0100 best=8.0717 free=22 refined=0 tubes=0 revoked_tubes=0 proofs=0
[depth_angular_controller_goal-1] [INFO] [1791434840.283675373] [depth_angular_controller]: PAPER_EVIDENCE retained=18 balls=0 revoked_balls=0 expired_views=1053 evicted_views=0 radius=0.580 clearance=0.500 best_prefix=8.072
[depth_angular_controller_goal-1] [INFO] [1791434840.291257302] [depth_angular_controller]: OMNI_DEPTH views=4 azimuth_bins=180 elevation_bins=37 valid=1 certificates=0 short=0 held=0 local_candidates=3 yaw=31.36
[depth_angular_controller_goal-1] [INFO] [1791434841.224885331] [depth_angular_controller]: PAPER_BUILD reason=READY required=0.0100 best=8.0717 free=25 refined=0 tubes=0 revoked_tubes=0 proofs=0
[depth_angular_controller_goal-1] [INFO] [1791434841.224925256] [depth_angular_controller]: PAPER_EVIDENCE retained=17 balls=0 revoked_balls=0 expired_views=1087 evicted_views=0 radius=0.580 clearance=0.500 best_prefix=8.072
[depth_angular_controller_goal-1] [INFO] [1791434841.239837170] [depth_angular_controller]: OMNI_DEPTH views=4 azimuth_bins=180 elevation_bins=37 valid=1 certificates=0 short=0 held=0 local_candidates=3 yaw=31.36
[depth_angular_controller_goal-1] [INFO] [1791434842.104624917] [depth_angular_controller]: PAPER_BUILD reason=READY required=0.0100 best=8.0717 free=25 refined=0 tubes=0 revoked_tubes=0 proofs=0
[depth_angular_controller_goal-1] [INFO] [1791434842.104668869] [depth_angular_controller]: PAPER_EVIDENCE retained=17 balls=0 revoked_balls=0 expired_views=1119 evicted_views=0 radius=0.580 clearance=0.500 best_prefix=8.072
[depth_angular_controller_goal-1] [INFO] [1791434842.119482238] [depth_angular_controller]: OMNI_DEPTH views=4 azimuth_bins=180 elevation_bins=37 valid=1 certificates=0 short=0 held=0 local_candidates=3 yaw=31.36
[depth_angular_controller_goal-1] [INFO] [1791434842.429061154] [depth_angular_controller]: [PERF CTRL] run=p5_enable_goal_20261008_dynamic_ego1p5_1 elapsed=54.25s callbacks=2602 commands=2601 guidance=2481 command_fps(ros/wall)=59.98/64.85 guidance_wall_fps=64.69 avoid_ms(mean/p50/p95/max)=3.363/0.877/16.713/27.842 cycle_ms(mean/p95/max)=15.420/32.946/90.282 depth_to_cmd_ms(mean/p95/max)=41.334/83.333/100.000 callback_to_publish_ms(mean/p95/max)=5.402/19.897/33.820
[depth_angular_controller_goal-1] [INFO] [1791434842.429277961] [depth_angular_controller]: EVIDENCE_COST ingest(mean/p95/max)=2.115/6.482/13.536 record=0.004/0.006/0.843 ms
[depth_angular_controller_goal-1] [INFO] [1791434842.429283391] [depth_angular_controller]: EVIDENCE_PHASE per_view_mean_ms balls=0.057 tubes=0.006 history=0.201 eviction=0.001
[depth_angular_controller_goal-1] [INFO] [1791434843.120348769] [depth_angular_controller]: PAPER_BUILD reason=READY required=0.0100 best=8.0717 free=22 refined=0 tubes=0 revoked_tubes=0 proofs=0
[depth_angular_controller_goal-1] [INFO] [1791434843.120390127] [depth_angular_controller]: PAPER_EVIDENCE retained=18 balls=0 revoked_balls=0 expired_views=1149 evicted_views=0 radius=0.580 clearance=0.500 best_prefix=8.072
[depth_angular_controller_goal-1] [INFO] [1791434843.127115426] [depth_angular_controller]: OMNI_DEPTH views=4 azimuth_bins=180 elevation_bins=37 valid=1 certificates=0 short=0 held=0 local_candidates=3 yaw=31.36
[position_cmd_to_twist-2] [INFO] [1791434843.989384659] [position_cmd_to_twist]: [PERF BRIDGE] run=p5_enable_goal_20261008_dynamic_ego1p5_1 elapsed=55.71s received=2694 published=2694 fps(ros/wall)=59.98/64.67 controller_to_bridge_ms(mean/p50/p95/max)=2.425/0.000/16.667/16.667 bridge_process_ms(mean/p95/max)=0.080/0.104/0.717
[NAV] t=45.0s position=(-64.00,-11.20,2.80) yaw=9.9deg command=(0.00,0.00,0.00) manual_active=1 collision_blocks=0
[depth_angular_controller_goal-1] [INFO] [1791434844.066454748] [depth_angular_controller]: PAPER_BUILD reason=READY required=0.0100 best=8.0717 free=25 refined=0 tubes=0 revoked_tubes=0 proofs=0
[depth_angular_controller_goal-1] [INFO] [1791434844.066491297] [depth_angular_controller]: PAPER_EVIDENCE retained=17 balls=0 revoked_balls=0 expired_views=1183 evicted_views=0 radius=0.580 clearance=0.500 best_prefix=8.072
[depth_angular_controller_goal-1] [INFO] [1791434844.080899745] [depth_angular_controller]: OMNI_DEPTH views=4 azimuth_bins=180 elevation_bins=37 valid=1 certificates=0 short=0 held=0 local_candidates=3 yaw=31.36
[depth_angular_controller_goal-1] [INFO] [1791434844.947643217] [depth_angular_controller]: PAPER_BUILD reason=READY required=0.0100 best=8.0717 free=25 refined=0 tubes=0 revoked_tubes=0 proofs=0
[depth_angular_controller_goal-1] [INFO] [1791434844.947684825] [depth_angular_controller]: PAPER_EVIDENCE retained=17 balls=0 revoked_balls=0 expired_views=1215 evicted_views=0 radius=0.580 clearance=0.500 best_prefix=8.072
[depth_angular_controller_goal-1] [INFO] [1791434844.961904418] [depth_angular_controller]: OMNI_DEPTH views=4 azimuth_bins=180 elevation_bins=37 valid=1 certificates=0 short=0 held=0 local_candidates=3 yaw=31.36
[depth_angular_controller_goal-1] [INFO] [1791434845.902889313] [depth_angular_controller]: PAPER_BUILD reason=READY required=0.0100 best=8.0717 free=22 refined=0 tubes=0 revoked_tubes=0 proofs=0
[depth_angular_controller_goal-1] [INFO] [1791434845.902926793] [depth_angular_controller]: PAPER_EVIDENCE retained=16 balls=0 revoked_balls=0 expired_views=1247 evicted_views=0 radius=0.580 clearance=0.500 best_prefix=8.072
[depth_angular_controller_goal-1] [INFO] [1791434845.914483221] [depth_angular_controller]: OMNI_DEPTH views=4 azimuth_bins=180 elevation_bins=37 valid=1 certificates=0 short=0 held=0 local_candidates=3 yaw=31.36
[depth_angular_controller_goal-1] [INFO] [1791434846.779273803] [depth_angular_controller]: PAPER_BUILD reason=READY required=0.0100 best=8.0717 free=25 refined=0 tubes=0 revoked_tubes=0 proofs=0
[depth_angular_controller_goal-1] [INFO] [1791434846.779310021] [depth_angular_controller]: PAPER_EVIDENCE retained=17 balls=0 revoked_balls=0 expired_views=1279 evicted_views=0 radius=0.580 clearance=0.500 best_prefix=8.072
[depth_angular_controller_goal-1] [INFO] [1791434846.791280748] [depth_angular_controller]: OMNI_DEPTH views=4 azimuth_bins=180 elevation_bins=37 valid=1 certificates=0 short=0 held=0 local_candidates=3 yaw=31.36
[depth_angular_controller_goal-1] [INFO] [1791434847.439807763] [depth_angular_controller]: [PERF CTRL] run=p5_enable_goal_20261008_dynamic_ego1p5_1 elapsed=59.26s callbacks=2926 commands=2925 guidance=2805 command_fps(ros/wall)=59.96/64.83 guidance_wall_fps=64.68 avoid_ms(mean/p50/p95/max)=3.403/0.878/17.267/27.842 cycle_ms(mean/p95/max)=15.425/33.032/90.282 depth_to_cmd_ms(mean/p95/max)=42.097/83.333/100.000 callback_to_publish_ms(mean/p95/max)=5.468/20.114/33.820
[depth_angular_controller_goal-1] [INFO] [1791434847.440069976] [depth_angular_controller]: EVIDENCE_COST ingest(mean/p95/max)=2.125/6.612/13.536 record=0.005/0.006/0.843 ms
[depth_angular_controller_goal-1] [INFO] [1791434847.440078302] [depth_angular_controller]: EVIDENCE_PHASE per_view_mean_ms balls=0.057 tubes=0.006 history=0.204 eviction=0.001
[depth_angular_controller_goal-1] [INFO] [1791434847.651775367] [depth_angular_controller]: PAPER_BUILD reason=READY required=0.0100 best=8.0717 free=25 refined=0 tubes=0 revoked_tubes=0 proofs=0
[depth_angular_controller_goal-1] [INFO] [1791434847.651809942] [depth_angular_controller]: PAPER_EVIDENCE retained=17 balls=0 revoked_balls=0 expired_views=1311 evicted_views=0 radius=0.580 clearance=0.500 best_prefix=8.072
[depth_angular_controller_goal-1] [INFO] [1791434847.663310645] [depth_angular_controller]: OMNI_DEPTH views=4 azimuth_bins=180 elevation_bins=37 valid=1 certificates=0 short=0 held=0 local_candidates=3 yaw=31.36
[position_cmd_to_twist-2] [INFO] [1791434848.445206251] [position_cmd_to_twist]: [PERF BRIDGE] run=p5_enable_goal_20261008_dynamic_ego1p5_1 elapsed=60.16s received=2993 published=2993 fps(ros/wall)=59.96/64.91 controller_to_bridge_ms(mean/p50/p95/max)=2.478/0.000/16.667/16.667 bridge_process_ms(mean/p95/max)=0.081/0.105/1.103
[NAV] t=50.0s position=(-64.00,-11.20,2.80) yaw=9.9deg command=(0.00,0.00,0.00) manual_active=1 collision_blocks=0
[depth_angular_controller_goal-1] [INFO] [1791434848.520443235] [depth_angular_controller]: PAPER_BUILD reason=READY required=0.0100 best=8.0717 free=25 refined=0 tubes=0 revoked_tubes=0 proofs=0
[depth_angular_controller_goal-1] [INFO] [1791434848.520481507] [depth_angular_controller]: PAPER_EVIDENCE retained=18 balls=0 revoked_balls=0 expired_views=1341 evicted_views=0 radius=0.580 clearance=0.500 best_prefix=8.072
[depth_angular_controller_goal-1] [INFO] [1791434848.533572219] [depth_angular_controller]: OMNI_DEPTH views=4 azimuth_bins=180 elevation_bins=37 valid=1 certificates=0 short=0 held=0 local_candidates=3 yaw=31.36
[depth_angular_controller_goal-1] [INFO] [1791434849.484514897] [depth_angular_controller]: PAPER_BUILD reason=READY required=0.0100 best=8.0717 free=22 refined=0 tubes=0 revoked_tubes=0 proofs=0
[depth_angular_controller_goal-1] [INFO] [1791434849.484560453] [depth_angular_controller]: PAPER_EVIDENCE retained=18 balls=0 revoked_balls=0 expired_views=1375 evicted_views=0 radius=0.580 clearance=0.500 best_prefix=8.072
[depth_angular_controller_goal-1] [INFO] [1791434849.489498563] [depth_angular_controller]: OMNI_DEPTH views=4 azimuth_bins=180 elevation_bins=37 valid=1 certificates=0 short=0 held=0 local_candidates=3 yaw=31.36
[depth_angular_controller_goal-1] [INFO] [1791434850.361388296] [depth_angular_controller]: PAPER_BUILD reason=READY required=0.0100 best=8.0717 free=22 refined=0 tubes=0 revoked_tubes=0 proofs=0
[depth_angular_controller_goal-1] [INFO] [1791434850.361424725] [depth_angular_controller]: PAPER_EVIDENCE retained=17 balls=0 revoked_balls=0 expired_views=1407 evicted_views=0 radius=0.580 clearance=0.500 best_prefix=8.072
[depth_angular_controller_goal-1] [INFO] [1791434850.373434615] [depth_angular_controller]: OMNI_DEPTH views=4 azimuth_bins=180 elevation_bins=37 valid=1 certificates=0 short=0 held=0 local_candidates=3 yaw=31.36
[depth_angular_controller_goal-1] [INFO] [1791434851.362750118] [depth_angular_controller]: PAPER_BUILD reason=READY required=0.0100 best=8.0717 free=22 refined=0 tubes=0 revoked_tubes=0 proofs=0
[depth_angular_controller_goal-1] [INFO] [1791434851.362787689] [depth_angular_controller]: PAPER_EVIDENCE retained=17 balls=0 revoked_balls=0 expired_views=1439 evicted_views=0 radius=0.580 clearance=0.500 best_prefix=8.072
[depth_angular_controller_goal-1] [INFO] [1791434851.371088659] [depth_angular_controller]: OMNI_DEPTH views=4 azimuth_bins=180 elevation_bins=37 valid=1 certificates=0 short=0 held=0 local_candidates=3 yaw=31.36
[depth_angular_controller_goal-1] [INFO] [1791434852.228724916] [depth_angular_controller]: PAPER_BUILD reason=READY required=0.0100 best=8.0717 free=22 refined=0 tubes=0 revoked_tubes=0 proofs=0
[depth_angular_controller_goal-1] [INFO] [1791434852.228761986] [depth_angular_controller]: PAPER_EVIDENCE retained=17 balls=0 revoked_balls=0 expired_views=1471 evicted_views=0 radius=0.580 clearance=0.500 best_prefix=8.072
[depth_angular_controller_goal-1] [INFO] [1791434852.239373788] [depth_angular_controller]: OMNI_DEPTH views=4 azimuth_bins=180 elevation_bins=37 valid=1 certificates=0 short=0 held=0 local_candidates=3 yaw=31.36
[depth_angular_controller_goal-1] [INFO] [1791434852.440782709] [depth_angular_controller]: [PERF CTRL] run=p5_enable_goal_20261008_dynamic_ego1p5_1 elapsed=64.26s callbacks=3255 commands=3254 guidance=3134 command_fps(ros/wall)=59.94/64.93 guidance_wall_fps=64.80 avoid_ms(mean/p50/p95/max)=3.378/0.880/17.233/27.842 cycle_ms(mean/p95/max)=15.402/33.417/90.282 depth_to_cmd_ms(mean/p95/max)=43.741/83.333/100.000 callback_to_publish_ms(mean/p95/max)=5.469/20.397/33.820
[depth_angular_controller_goal-1] [INFO] [1791434852.441086991] [depth_angular_controller]: EVIDENCE_COST ingest(mean/p95/max)=2.136/6.771/13.536 record=0.004/0.006/0.843 ms
[depth_angular_controller_goal-1] [INFO] [1791434852.441099374] [depth_angular_controller]: EVIDENCE_PHASE per_view_mean_ms balls=0.056 tubes=0.006 history=0.207 eviction=0.001
[position_cmd_to_twist-2] [INFO] [1791434853.015779447] [position_cmd_to_twist]: [PERF BRIDGE] run=p5_enable_goal_20261008_dynamic_ego1p5_1 elapsed=64.73s received=3292 published=3292 fps(ros/wall)=59.95/64.95 controller_to_bridge_ms(mean/p50/p95/max)=2.562/0.000/16.667/16.667 bridge_process_ms(mean/p95/max)=0.081/0.106/1.103
[NAV] t=55.0s position=(-64.00,-11.20,2.80) yaw=9.9deg command=(0.00,0.00,0.00) manual_active=1 collision_blocks=0
[depth_angular_controller_goal-1] [INFO] [1791434853.111565620] [depth_angular_controller]: PAPER_BUILD reason=READY required=0.0100 best=8.0717 free=22 refined=0 tubes=0 revoked_tubes=0 proofs=0
[depth_angular_controller_goal-1] [INFO] [1791434853.111604432] [depth_angular_controller]: PAPER_EVIDENCE retained=17 balls=0 revoked_balls=0 expired_views=1503 evicted_views=0 radius=0.580 clearance=0.500 best_prefix=8.072
[depth_angular_controller_goal-1] [INFO] [1791434853.121752895] [depth_angular_controller]: OMNI_DEPTH views=4 azimuth_bins=180 elevation_bins=37 valid=1 certificates=0 short=0 held=0 local_candidates=3 yaw=31.36
[depth_angular_controller_goal-1] [INFO] [1791434854.059623186] [depth_angular_controller]: PAPER_BUILD reason=READY required=0.0100 best=8.0717 free=22 refined=0 tubes=0 revoked_tubes=0 proofs=0
[depth_angular_controller_goal-1] [INFO] [1791434854.059665977] [depth_angular_controller]: PAPER_EVIDENCE retained=17 balls=0 revoked_balls=0 expired_views=1535 evicted_views=0 radius=0.580 clearance=0.500 best_prefix=8.072
[depth_angular_controller_goal-1] [INFO] [1791434854.070245910] [depth_angular_controller]: OMNI_DEPTH views=4 azimuth_bins=180 elevation_bins=37 valid=1 certificates=0 short=0 held=0 local_candidates=3 yaw=31.36
[depth_angular_controller_goal-1] [INFO] [1791434854.995141728] [depth_angular_controller]: PAPER_BUILD reason=READY required=0.0100 best=8.0717 free=25 refined=0 tubes=0 revoked_tubes=0 proofs=0
[depth_angular_controller_goal-1] [INFO] [1791434854.995190129] [depth_angular_controller]: PAPER_EVIDENCE retained=18 balls=0 revoked_balls=0 expired_views=1566 evicted_views=0 radius=0.580 clearance=0.500 best_prefix=8.072
[depth_angular_controller_goal-1] [INFO] [1791434855.011164249] [depth_angular_controller]: OMNI_DEPTH views=4 azimuth_bins=180 elevation_bins=37 valid=1 certificates=0 short=0 held=0 local_candidates=3 yaw=31.36
[depth_angular_controller_goal-1] [INFO] [1791434855.951951733] [depth_angular_controller]: PAPER_BUILD reason=READY required=0.0100 best=8.0717 free=25 refined=0 tubes=0 revoked_tubes=0 proofs=0
[depth_angular_controller_goal-1] [INFO] [1791434855.951990706] [depth_angular_controller]: PAPER_EVIDENCE retained=18 balls=0 revoked_balls=0 expired_views=1598 evicted_views=0 radius=0.580 clearance=0.500 best_prefix=8.072
[depth_angular_controller_goal-1] [INFO] [1791434855.965495666] [depth_angular_controller]: OMNI_DEPTH views=4 azimuth_bins=180 elevation_bins=37 valid=1 certificates=0 short=0 held=0 local_candidates=3 yaw=31.36
[depth_angular_controller_goal-1] [INFO] [1791434856.835787296] [depth_angular_controller]: PAPER_BUILD reason=READY required=0.0100 best=8.0717 free=22 refined=0 tubes=0 revoked_tubes=0 proofs=0
[depth_angular_controller_goal-1] [INFO] [1791434856.835827332] [depth_angular_controller]: PAPER_EVIDENCE retained=16 balls=0 revoked_balls=0 expired_views=1630 evicted_views=0 radius=0.580 clearance=0.500 best_prefix=8.072
[depth_angular_controller_goal-1] [INFO] [1791434856.846336311] [depth_angular_controller]: OMNI_DEPTH views=4 azimuth_bins=180 elevation_bins=37 valid=1 certificates=0 short=0 held=0 local_candidates=3 yaw=31.36
[depth_angular_controller_goal-1] [INFO] [1791434857.447377947] [depth_angular_controller]: [PERF CTRL] run=p5_enable_goal_20261008_dynamic_ego1p5_1 elapsed=69.27s callbacks=3581 commands=3580 guidance=3460 command_fps(ros/wall)=59.95/64.94 guidance_wall_fps=64.83 avoid_ms(mean/p50/p95/max)=3.371/0.882/17.299/27.842 cycle_ms(mean/p95/max)=15.398/33.591/90.282 depth_to_cmd_ms(mean/p95/max)=44.302/83.333/100.000 callback_to_publish_ms(mean/p95/max)=5.482/20.584/33.820
[depth_angular_controller_goal-1] [INFO] [1791434857.447667471] [depth_angular_controller]: EVIDENCE_COST ingest(mean/p95/max)=2.145/6.800/13.536 record=0.004/0.006/0.843 ms
[depth_angular_controller_goal-1] [INFO] [1791434857.447673272] [depth_angular_controller]: EVIDENCE_PHASE per_view_mean_ms balls=0.056 tubes=0.006 history=0.209 eviction=0.001
[position_cmd_to_twist-2] [INFO] [1791434857.631669308] [position_cmd_to_twist]: [PERF BRIDGE] run=p5_enable_goal_20261008_dynamic_ego1p5_1 elapsed=69.35s received=3592 published=3592 fps(ros/wall)=59.95/64.95 controller_to_bridge_ms(mean/p50/p95/max)=2.594/0.000/16.667/16.667 bridge_process_ms(mean/p95/max)=0.081/0.107/1.103
[NAV] t=60.0s position=(-64.00,-11.20,2.80) yaw=9.9deg command=(0.00,0.00,0.00) manual_active=1 collision_blocks=0
[depth_angular_controller_goal-1] [INFO] [1791434857.735360125] [depth_angular_controller]: PAPER_BUILD reason=READY required=0.0100 best=8.0717 free=22 refined=0 tubes=0 revoked_tubes=0 proofs=0
[depth_angular_controller_goal-1] [INFO] [1791434857.735400812] [depth_angular_controller]: PAPER_EVIDENCE retained=17 balls=0 revoked_balls=0 expired_views=1661 evicted_views=0 radius=0.580 clearance=0.500 best_prefix=8.072
[depth_angular_controller_goal-1] [INFO] [1791434857.742609519] [depth_angular_controller]: OMNI_DEPTH views=4 azimuth_bins=180 elevation_bins=37 valid=1 certificates=0 short=0 held=0 local_candidates=3 yaw=31.36
[depth_angular_controller_goal-1] [INFO] [1791434858.612179823] [depth_angular_controller]: PAPER_BUILD reason=READY required=0.0100 best=8.0717 free=22 refined=0 tubes=0 revoked_tubes=0 proofs=0
[depth_angular_controller_goal-1] [INFO] [1791434858.612222393] [depth_angular_controller]: PAPER_EVIDENCE retained=17 balls=0 revoked_balls=0 expired_views=1693 evicted_views=0 radius=0.580 clearance=0.500 best_prefix=8.072
[depth_angular_controller_goal-1] [INFO] [1791434858.618852794] [depth_angular_controller]: OMNI_DEPTH views=4 azimuth_bins=180 elevation_bins=37 valid=1 certificates=0 short=0 held=0 local_candidates=3 yaw=31.36
[depth_angular_controller_goal-1] [INFO] [1791434859.625439335] [depth_angular_controller]: OMNI_DEPTH views=4 azimuth_bins=180 elevation_bins=37 valid=1 certificates=0 short=0 held=0 local_candidates=3 yaw=31.36
[depth_angular_controller_goal-1] [INFO] [1791434859.625560913] [depth_angular_controller]: PAPER_BUILD reason=READY required=0.0100 best=8.0717 free=22 refined=0 tubes=0 revoked_tubes=0 proofs=0
[depth_angular_controller_goal-1] [INFO] [1791434859.625569089] [depth_angular_controller]: PAPER_EVIDENCE retained=18 balls=0 revoked_balls=0 expired_views=1726 evicted_views=0 radius=0.580 clearance=0.500 best_prefix=8.072
[depth_angular_controller_goal-1] [INFO] [1791434860.571664408] [depth_angular_controller]: PAPER_BUILD reason=READY required=0.0100 best=8.0717 free=22 refined=0 tubes=0 revoked_tubes=0 proofs=0
[depth_angular_controller_goal-1] [INFO] [1791434860.571702289] [depth_angular_controller]: PAPER_EVIDENCE retained=17 balls=0 revoked_balls=0 expired_views=1757 evicted_views=0 radius=0.580 clearance=0.500 best_prefix=8.072
[depth_angular_controller_goal-1] [INFO] [1791434860.579026333] [depth_angular_controller]: OMNI_DEPTH views=4 azimuth_bins=180 elevation_bins=37 valid=1 certificates=0 short=0 held=0 local_candidates=3 yaw=31.36
[depth_angular_controller_goal-1] [INFO] [1791434861.593909506] [depth_angular_controller]: OMNI_DEPTH views=4 azimuth_bins=180 elevation_bins=37 valid=1 certificates=0 short=0 held=0 local_candidates=3 yaw=31.36
[depth_angular_controller_goal-1] [INFO] [1791434861.594684773] [depth_angular_controller]: PAPER_BUILD reason=READY required=0.0100 best=8.0717 free=22 refined=0 tubes=0 revoked_tubes=0 proofs=0
[depth_angular_controller_goal-1] [INFO] [1791434861.594691555] [depth_angular_controller]: PAPER_EVIDENCE retained=18 balls=0 revoked_balls=0 expired_views=1790 evicted_views=0 radius=0.580 clearance=0.500 best_prefix=8.072
[position_cmd_to_twist-2] [INFO] [1791434862.360559661] [position_cmd_to_twist]: [PERF BRIDGE] run=p5_enable_goal_20261008_dynamic_ego1p5_1 elapsed=74.08s received=3891 published=3891 fps(ros/wall)=59.95/64.84 controller_to_bridge_ms(mean/p50/p95/max)=2.570/0.000/16.667/16.667 bridge_process_ms(mean/p95/max)=0.081/0.107/1.103
[NAV] t=65.0s position=(-64.00,-11.20,2.80) yaw=9.9deg command=(0.00,0.00,0.00) manual_active=1 collision_blocks=0
[depth_angular_controller_goal-1] [INFO] [1791434862.460960265] [depth_angular_controller]: [PERF CTRL] run=p5_enable_goal_20261008_dynamic_ego1p5_1 elapsed=74.28s callbacks=3900 commands=3899 guidance=3779 command_fps(ros/wall)=59.95/64.83 guidance_wall_fps=64.72 avoid_ms(mean/p50/p95/max)=3.341/0.882/17.198/27.842 cycle_ms(mean/p95/max)=15.424/33.681/90.282 depth_to_cmd_ms(mean/p95/max)=44.469/83.333/100.000 callback_to_publish_ms(mean/p95/max)=5.459/20.571/33.820
[depth_angular_controller_goal-1] [INFO] [1791434862.461331022] [depth_angular_controller]: EVIDENCE_COST ingest(mean/p95/max)=2.140/6.783/13.536 record=0.004/0.006/0.843 ms
[depth_angular_controller_goal-1] [INFO] [1791434862.461339678] [depth_angular_controller]: EVIDENCE_PHASE per_view_mean_ms balls=0.056 tubes=0.006 history=0.209 eviction=0.001
[depth_angular_controller_goal-1] [INFO] [1791434862.461345820] [depth_angular_controller]: PAPER_BUILD reason=READY required=0.0100 best=8.0717 free=22 refined=0 tubes=0 revoked_tubes=0 proofs=0
[depth_angular_controller_goal-1] [INFO] [1791434862.461352422] [depth_angular_controller]: PAPER_EVIDENCE retained=13 balls=0 revoked_balls=0 expired_views=1817 evicted_views=0 radius=0.580 clearance=0.500 best_prefix=8.072
[depth_angular_controller_goal-1] [INFO] [1791434862.468073433] [depth_angular_controller]: OMNI_DEPTH views=4 azimuth_bins=180 elevation_bins=37 valid=1 certificates=0 short=0 held=0 local_candidates=3 yaw=31.36
[depth_angular_controller_goal-1] [INFO] [1791434863.403275510] [depth_angular_controller]: OMNI_DEPTH views=4 azimuth_bins=180 elevation_bins=37 valid=1 certificates=0 short=0 held=0 local_candidates=3 yaw=31.36
[depth_angular_controller_goal-1] [INFO] [1791434863.403542632] [depth_angular_controller]: PAPER_BUILD reason=READY required=0.0100 best=8.0717 free=22 refined=0 tubes=0 revoked_tubes=0 proofs=0
[depth_angular_controller_goal-1] [INFO] [1791434863.403552721] [depth_angular_controller]: PAPER_EVIDENCE retained=12 balls=0 revoked_balls=0 expired_views=1842 evicted_views=0 radius=0.580 clearance=0.500 best_prefix=8.072
[depth_angular_controller_goal-1] [INFO] [1791434864.349283455] [depth_angular_controller]: PAPER_BUILD reason=READY required=0.0100 best=8.0717 free=22 refined=0 tubes=0 revoked_tubes=0 proofs=0
[depth_angular_controller_goal-1] [INFO] [1791434864.349327618] [depth_angular_controller]: PAPER_EVIDENCE retained=13 balls=0 revoked_balls=0 expired_views=1865 evicted_views=0 radius=0.580 clearance=0.500 best_prefix=8.072
[depth_angular_controller_goal-1] [INFO] [1791434864.355498405] [depth_angular_controller]: OMNI_DEPTH views=4 azimuth_bins=180 elevation_bins=37 valid=1 certificates=0 short=0 held=0 local_candidates=3 yaw=31.36
[depth_angular_controller_goal-1] [INFO] [1791434865.230405809] [depth_angular_controller]: OMNI_DEPTH views=4 azimuth_bins=180 elevation_bins=37 valid=1 certificates=0 short=0 held=0 local_candidates=3 yaw=31.36
[depth_angular_controller_goal-1] [INFO] [1791434865.230706214] [depth_angular_controller]: PAPER_BUILD reason=READY required=0.0100 best=8.0717 free=22 refined=0 tubes=0 revoked_tubes=0 proofs=0
[depth_angular_controller_goal-1] [INFO] [1791434865.230713237] [depth_angular_controller]: PAPER_EVIDENCE retained=12 balls=0 revoked_balls=0 expired_views=1890 evicted_views=0 radius=0.580 clearance=0.500 best_prefix=8.072
[depth_angular_controller_goal-1] [INFO] [1791434866.169373894] [depth_angular_controller]: PAPER_BUILD reason=READY required=0.0100 best=8.0717 free=22 refined=0 tubes=0 revoked_tubes=0 proofs=0
[depth_angular_controller_goal-1] [INFO] [1791434866.169414410] [depth_angular_controller]: PAPER_EVIDENCE retained=13 balls=0 revoked_balls=0 expired_views=1913 evicted_views=0 radius=0.580 clearance=0.500 best_prefix=8.072
[depth_angular_controller_goal-1] [INFO] [1791434866.175073535] [depth_angular_controller]: OMNI_DEPTH views=4 azimuth_bins=180 elevation_bins=37 valid=1 certificates=0 short=0 held=0 local_candidates=3 yaw=31.36
[position_cmd_to_twist-2] [INFO] [1791434867.001166372] [position_cmd_to_twist]: [PERF BRIDGE] run=p5_enable_goal_20261008_dynamic_ego1p5_1 elapsed=78.72s received=4191 published=4191 fps(ros/wall)=59.96/64.82 controller_to_bridge_ms(mean/p50/p95/max)=2.493/0.000/16.667/16.667 bridge_process_ms(mean/p95/max)=0.081/0.107/1.103
[NAV] t=70.0s position=(-64.00,-11.20,2.80) yaw=9.9deg command=(0.00,0.00,0.00) manual_active=1 collision_blocks=0
[depth_angular_controller_goal-1] [INFO] [1791434867.103049713] [depth_angular_controller]: PAPER_BUILD reason=READY required=0.0100 best=8.0717 free=22 refined=0 tubes=0 revoked_tubes=0 proofs=0
[depth_angular_controller_goal-1] [INFO] [1791434867.103092112] [depth_angular_controller]: PAPER_EVIDENCE retained=13 balls=0 revoked_balls=0 expired_views=1937 evicted_views=0 radius=0.580 clearance=0.500 best_prefix=8.072
[depth_angular_controller_goal-1] [INFO] [1791434867.109687096] [depth_angular_controller]: OMNI_DEPTH views=4 azimuth_bins=180 elevation_bins=37 valid=1 certificates=0 short=0 held=0 local_candidates=3 yaw=31.36
[depth_angular_controller_goal-1] [INFO] [1791434867.475850662] [depth_angular_controller]: [PERF CTRL] run=p5_enable_goal_20261008_dynamic_ego1p5_1 elapsed=79.30s callbacks=4222 commands=4221 guidance=4101 command_fps(ros/wall)=59.96/64.78 guidance_wall_fps=64.68 avoid_ms(mean/p50/p95/max)=3.285/0.882/17.019/27.842 cycle_ms(mean/p95/max)=15.436/33.608/90.282 depth_to_cmd_ms(mean/p95/max)=44.607/83.333/100.000 callback_to_publish_ms(mean/p95/max)=5.400/20.507/33.820
[depth_angular_controller_goal-1] [INFO] [1791434867.476178288] [depth_angular_controller]: EVIDENCE_COST ingest(mean/p95/max)=2.127/6.718/13.536 record=0.004/0.006/0.843 ms
[depth_angular_controller_goal-1] [INFO] [1791434867.476184209] [depth_angular_controller]: EVIDENCE_PHASE per_view_mean_ms balls=0.055 tubes=0.006 history=0.207 eviction=0.001
[depth_angular_controller_goal-1] [INFO] [1791434868.037311653] [depth_angular_controller]: PAPER_BUILD reason=READY required=0.0100 best=8.0717 free=22 refined=0 tubes=0 revoked_tubes=0 proofs=0
[depth_angular_controller_goal-1] [INFO] [1791434868.037353822] [depth_angular_controller]: PAPER_EVIDENCE retained=13 balls=0 revoked_balls=0 expired_views=1961 evicted_views=0 radius=0.580 clearance=0.500 best_prefix=8.072
[depth_angular_controller_goal-1] [INFO] [1791434868.043624447] [depth_angular_controller]: OMNI_DEPTH views=4 azimuth_bins=180 elevation_bins=37 valid=1 certificates=0 short=0 held=0 local_candidates=3 yaw=31.36
[depth_angular_controller_goal-1] [INFO] [1791434868.978236575] [depth_angular_controller]: PAPER_BUILD reason=READY required=0.0100 best=8.0717 free=22 refined=0 tubes=0 revoked_tubes=0 proofs=0
[depth_angular_controller_goal-1] [INFO] [1791434868.978277372] [depth_angular_controller]: PAPER_EVIDENCE retained=13 balls=0 revoked_balls=0 expired_views=1985 evicted_views=0 radius=0.580 clearance=0.500 best_prefix=8.072
[depth_angular_controller_goal-1] [INFO] [1791434868.984289290] [depth_angular_controller]: OMNI_DEPTH views=4 azimuth_bins=180 elevation_bins=37 valid=1 certificates=0 short=0 held=0 local_candidates=3 yaw=31.36
[depth_angular_controller_goal-1] [INFO] [1791434869.915526807] [depth_angular_controller]: OMNI_DEPTH views=4 azimuth_bins=180 elevation_bins=37 valid=1 certificates=0 short=0 held=0 local_candidates=3 yaw=31.36
[depth_angular_controller_goal-1] [INFO] [1791434869.915669815] [depth_angular_controller]: PAPER_BUILD reason=READY required=0.0100 best=8.0717 free=22 refined=0 tubes=0 revoked_tubes=0 proofs=0
[depth_angular_controller_goal-1] [INFO] [1791434869.915676718] [depth_angular_controller]: PAPER_EVIDENCE retained=12 balls=0 revoked_balls=0 expired_views=2010 evicted_views=0 radius=0.580 clearance=0.500 best_prefix=8.072
[depth_angular_controller_goal-1] [INFO] [1791434870.789754704] [depth_angular_controller]: PAPER_BUILD reason=READY required=0.0100 best=8.0717 free=22 refined=0 tubes=0 revoked_tubes=0 proofs=0
[depth_angular_controller_goal-1] [INFO] [1791434870.789792365] [depth_angular_controller]: PAPER_EVIDENCE retained=13 balls=0 revoked_balls=0 expired_views=2033 evicted_views=0 radius=0.580 clearance=0.500 best_prefix=8.072
[depth_angular_controller_goal-1] [INFO] [1791434870.795411565] [depth_angular_controller]: OMNI_DEPTH views=4 azimuth_bins=180 elevation_bins=37 valid=1 certificates=0 short=0 held=0 local_candidates=3 yaw=31.36
[position_cmd_to_twist-2] [INFO] [1791434871.576743262] [position_cmd_to_twist]: [PERF BRIDGE] run=p5_enable_goal_20261008_dynamic_ego1p5_1 elapsed=83.29s received=4492 published=4492 fps(ros/wall)=59.96/64.87 controller_to_bridge_ms(mean/p50/p95/max)=2.453/0.000/16.667/16.667 bridge_process_ms(mean/p95/max)=0.082/0.107/1.103
[NAV] t=75.0s position=(-64.00,-11.20,2.80) yaw=9.9deg command=(0.00,0.00,0.00) manual_active=1 collision_blocks=0
[depth_angular_controller_goal-1] [INFO] [1791434871.681069353] [depth_angular_controller]: OMNI_DEPTH views=4 azimuth_bins=180 elevation_bins=37 valid=1 certificates=0 short=0 held=0 local_candidates=3 yaw=31.36
[depth_angular_controller_goal-1] [INFO] [1791434871.681199337] [depth_angular_controller]: PAPER_BUILD reason=READY required=0.0100 best=8.0717 free=25 refined=0 tubes=0 revoked_tubes=0 proofs=0
[depth_angular_controller_goal-1] [INFO] [1791434871.681207823] [depth_angular_controller]: PAPER_EVIDENCE retained=13 balls=0 revoked_balls=0 expired_views=2058 evicted_views=0 radius=0.580 clearance=0.500 best_prefix=8.072
[depth_angular_controller_goal-1] [INFO] [1791434872.487607570] [depth_angular_controller]: [PERF CTRL] run=p5_enable_goal_20261008_dynamic_ego1p5_1 elapsed=84.31s callbacks=4556 commands=4555 guidance=4435 command_fps(ros/wall)=59.96/64.92 guidance_wall_fps=64.83 avoid_ms(mean/p50/p95/max)=3.262/0.882/16.840/27.842 cycle_ms(mean/p95/max)=15.404/33.576/90.282 depth_to_cmd_ms(mean/p95/max)=44.397/83.333/100.000 callback_to_publish_ms(mean/p95/max)=5.375/20.358/33.820
[depth_angular_controller_goal-1] [INFO] [1791434872.488145501] [depth_angular_controller]: EVIDENCE_COST ingest(mean/p95/max)=2.118/6.690/13.536 record=0.004/0.006/0.843 ms
[depth_angular_controller_goal-1] [INFO] [1791434872.488159808] [depth_angular_controller]: EVIDENCE_PHASE per_view_mean_ms balls=0.055 tubes=0.006 history=0.205 eviction=0.001
[depth_angular_controller_goal-1] [INFO] [1791434872.558079469] [depth_angular_controller]: OMNI_DEPTH views=4 azimuth_bins=180 elevation_bins=37 valid=1 certificates=0 short=0 held=0 local_candidates=3 yaw=31.36
[depth_angular_controller_goal-1] [INFO] [1791434872.558792359] [depth_angular_controller]: PAPER_BUILD reason=READY required=0.0100 best=8.0717 free=22 refined=0 tubes=0 revoked_tubes=0 proofs=0
[depth_angular_controller_goal-1] [INFO] [1791434872.558811124] [depth_angular_controller]: PAPER_EVIDENCE retained=12 balls=0 revoked_balls=0 expired_views=2083 evicted_views=0 radius=0.580 clearance=0.500 best_prefix=8.072
[depth_angular_controller_goal-1] [INFO] [1791434873.450504495] [depth_angular_controller]: OMNI_DEPTH views=4 azimuth_bins=180 elevation_bins=37 valid=1 certificates=0 short=0 held=0 local_candidates=3 yaw=31.36
[depth_angular_controller_goal-1] [INFO] [1791434873.451486250] [depth_angular_controller]: PAPER_BUILD reason=READY required=0.0100 best=8.0717 free=25 refined=0 tubes=0 revoked_tubes=0 proofs=0
[depth_angular_controller_goal-1] [INFO] [1791434873.451495898] [depth_angular_controller]: PAPER_EVIDENCE retained=12 balls=0 revoked_balls=0 expired_views=2107 evicted_views=0 radius=0.580 clearance=0.500 best_prefix=8.072
[depth_angular_controller_goal-1] [INFO] [1791434874.395162352] [depth_angular_controller]: OMNI_DEPTH views=4 azimuth_bins=180 elevation_bins=37 valid=1 certificates=0 short=0 held=0 local_candidates=3 yaw=31.36
[depth_angular_controller_goal-1] [INFO] [1791434874.395286776] [depth_angular_controller]: PAPER_BUILD reason=READY required=0.0100 best=8.0717 free=25 refined=0 tubes=0 revoked_tubes=0 proofs=0
[depth_angular_controller_goal-1] [INFO] [1791434874.395292888] [depth_angular_controller]: PAPER_EVIDENCE retained=12 balls=0 revoked_balls=0 expired_views=2131 evicted_views=0 radius=0.580 clearance=0.500 best_prefix=8.072
[depth_angular_controller_goal-1] [INFO] [1791434875.339925488] [depth_angular_controller]: OMNI_DEPTH views=4 azimuth_bins=180 elevation_bins=37 valid=1 certificates=0 short=0 held=0 local_candidates=3 yaw=31.36
[depth_angular_controller_goal-1] [INFO] [1791434875.340157544] [depth_angular_controller]: PAPER_BUILD reason=READY required=0.0100 best=8.0717 free=22 refined=0 tubes=0 revoked_tubes=0 proofs=0
[depth_angular_controller_goal-1] [INFO] [1791434875.340163395] [depth_angular_controller]: PAPER_EVIDENCE retained=12 balls=0 revoked_balls=0 expired_views=2155 evicted_views=0 radius=0.580 clearance=0.500 best_prefix=8.072
[position_cmd_to_twist-2] [INFO] [1791434876.118557501] [position_cmd_to_twist]: [PERF BRIDGE] run=p5_enable_goal_20261008_dynamic_ego1p5_1 elapsed=87.83s received=4792 published=4792 fps(ros/wall)=59.96/64.95 controller_to_bridge_ms(mean/p50/p95/max)=2.438/0.000/16.667/16.667 bridge_process_ms(mean/p95/max)=0.081/0.107/1.103
[NAV] t=80.0s position=(-64.00,-11.20,2.80) yaw=9.9deg command=(0.00,0.00,0.00) manual_active=1 collision_blocks=0
[depth_angular_controller_goal-1] [INFO] [1791434876.286694513] [depth_angular_controller]: OMNI_DEPTH views=4 azimuth_bins=180 elevation_bins=37 valid=1 certificates=0 short=0 held=0 local_candidates=3 yaw=31.36
[depth_angular_controller_goal-1] [INFO] [1791434876.286820630] [depth_angular_controller]: PAPER_BUILD reason=READY required=0.0100 best=8.0717 free=25 refined=0 tubes=0 revoked_tubes=0 proofs=0
[depth_angular_controller_goal-1] [INFO] [1791434876.286828144] [depth_angular_controller]: PAPER_EVIDENCE retained=12 balls=0 revoked_balls=0 expired_views=2179 evicted_views=0 radius=0.580 clearance=0.500 best_prefix=8.072
[depth_angular_controller_goal-1] [INFO] [1791434877.228336051] [depth_angular_controller]: OMNI_DEPTH views=4 azimuth_bins=180 elevation_bins=37 valid=1 certificates=0 short=0 held=0 local_candidates=3 yaw=31.36
[depth_angular_controller_goal-1] [INFO] [1791434877.228614234] [depth_angular_controller]: PAPER_BUILD reason=READY required=0.0100 best=8.0717 free=25 refined=0 tubes=0 revoked_tubes=0 proofs=0
[depth_angular_controller_goal-1] [INFO] [1791434877.228620115] [depth_angular_controller]: PAPER_EVIDENCE retained=12 balls=0 revoked_balls=0 expired_views=2203 evicted_views=0 radius=0.580 clearance=0.500 best_prefix=8.072
[depth_angular_controller_goal-1] [INFO] [1791434877.488047781] [depth_angular_controller]: [PERF CTRL] run=p5_enable_goal_20261008_dynamic_ego1p5_1 elapsed=89.31s callbacks=4878 commands=4877 guidance=4757 command_fps(ros/wall)=59.96/64.88 guidance_wall_fps=64.80 avoid_ms(mean/p50/p95/max)=3.259/0.879/16.883/27.842 cycle_ms(mean/p95/max)=15.412/33.500/90.282 depth_to_cmd_ms(mean/p95/max)=43.879/83.333/100.000 callback_to_publish_ms(mean/p95/max)=5.371/20.279/33.820
[depth_angular_controller_goal-1] [INFO] [1791434877.488488860] [depth_angular_controller]: EVIDENCE_COST ingest(mean/p95/max)=2.111/6.629/13.536 record=0.004/0.006/0.843 ms
[depth_angular_controller_goal-1] [INFO] [1791434877.488508928] [depth_angular_controller]: EVIDENCE_PHASE per_view_mean_ms balls=0.055 tubes=0.006 history=0.203 eviction=0.001
[depth_angular_controller_goal-1] [INFO] [1791434878.161558298] [depth_angular_controller]: OMNI_DEPTH views=4 azimuth_bins=180 elevation_bins=37 valid=1 certificates=0 short=0 held=0 local_candidates=3 yaw=31.36
[depth_angular_controller_goal-1] [INFO] [1791434878.162029714] [depth_angular_controller]: PAPER_BUILD reason=READY required=0.0100 best=8.0717 free=22 refined=0 tubes=0 revoked_tubes=0 proofs=0
[depth_angular_controller_goal-1] [INFO] [1791434878.162036366] [depth_angular_controller]: PAPER_EVIDENCE retained=12 balls=0 revoked_balls=0 expired_views=2227 evicted_views=0 radius=0.580 clearance=0.500 best_prefix=8.072
[depth_angular_controller_goal-1] [INFO] [1791434879.046827746] [depth_angular_controller]: OMNI_DEPTH views=4 azimuth_bins=180 elevation_bins=37 valid=1 certificates=0 short=0 held=0 local_candidates=3 yaw=31.36
[depth_angular_controller_goal-1] [INFO] [1791434879.046954204] [depth_angular_controller]: PAPER_BUILD reason=READY required=0.0100 best=8.0717 free=25 refined=0 tubes=0 revoked_tubes=0 proofs=0
[depth_angular_controller_goal-1] [INFO] [1791434879.046960175] [depth_angular_controller]: PAPER_EVIDENCE retained=12 balls=0 revoked_balls=0 expired_views=2251 evicted_views=0 radius=0.580 clearance=0.500 best_prefix=8.072
[depth_angular_controller_goal-1] [INFO] [1791434879.916519699] [depth_angular_controller]: OMNI_DEPTH views=4 azimuth_bins=180 elevation_bins=37 valid=1 certificates=0 short=0 held=0 local_candidates=3 yaw=31.36
[depth_angular_controller_goal-1] [INFO] [1791434879.917656776] [depth_angular_controller]: PAPER_BUILD reason=READY required=0.0100 best=8.0717 free=25 refined=0 tubes=0 revoked_tubes=0 proofs=0
[depth_angular_controller_goal-1] [INFO] [1791434879.917664701] [depth_angular_controller]: PAPER_EVIDENCE retained=12 balls=0 revoked_balls=0 expired_views=2275 evicted_views=0 radius=0.580 clearance=0.500 best_prefix=8.072
[position_cmd_to_twist-2] [INFO] [1791434880.819293423] [position_cmd_to_twist]: [PERF BRIDGE] run=p5_enable_goal_20261008_dynamic_ego1p5_1 elapsed=92.54s received=5092 published=5092 fps(ros/wall)=59.96/64.88 controller_to_bridge_ms(mean/p50/p95/max)=2.416/0.000/16.667/16.667 bridge_process_ms(mean/p95/max)=0.081/0.106/1.103
[NAV] t=85.0s position=(-64.00,-11.20,2.80) yaw=9.9deg command=(0.00,0.00,0.00) manual_active=1 collision_blocks=0
[depth_angular_controller_goal-1] [INFO] [1791434880.930599502] [depth_angular_controller]: OMNI_DEPTH views=4 azimuth_bins=180 elevation_bins=37 valid=1 certificates=0 short=0 held=0 local_candidates=3 yaw=31.36
[depth_angular_controller_goal-1] [INFO] [1791434880.930976280] [depth_angular_controller]: PAPER_BUILD reason=READY required=0.0100 best=8.0717 free=22 refined=0 tubes=0 revoked_tubes=0 proofs=0
[depth_angular_controller_goal-1] [INFO] [1791434880.930991579] [depth_angular_controller]: PAPER_EVIDENCE retained=12 balls=0 revoked_balls=0 expired_views=2299 evicted_views=0 radius=0.580 clearance=0.500 best_prefix=8.072
[depth_angular_controller_goal-1] [INFO] [1791434881.870726254] [depth_angular_controller]: OMNI_DEPTH views=4 azimuth_bins=180 elevation_bins=37 valid=1 certificates=0 short=0 held=0 local_candidates=3 yaw=31.36
[depth_angular_controller_goal-1] [INFO] [1791434881.870853313] [depth_angular_controller]: PAPER_BUILD reason=READY required=0.0100 best=8.0717 free=25 refined=0 tubes=0 revoked_tubes=0 proofs=0
[depth_angular_controller_goal-1] [INFO] [1791434881.870859404] [depth_angular_controller]: PAPER_EVIDENCE retained=12 balls=0 revoked_balls=0 expired_views=2323 evicted_views=0 radius=0.580 clearance=0.500 best_prefix=8.072
[depth_angular_controller_goal-1] [INFO] [1791434882.496833566] [depth_angular_controller]: [PERF CTRL] run=p5_enable_goal_20261008_dynamic_ego1p5_1 elapsed=94.32s callbacks=5203 commands=5202 guidance=5082 command_fps(ros/wall)=59.97/64.88 guidance_wall_fps=64.80 avoid_ms(mean/p50/p95/max)=3.254/0.879/16.875/27.842 cycle_ms(mean/p95/max)=15.412/33.430/90.282 depth_to_cmd_ms(mean/p95/max)=43.405/83.333/100.000 callback_to_publish_ms(mean/p95/max)=5.366/20.180/33.820
[depth_angular_controller_goal-1] [INFO] [1791434882.497269996] [depth_angular_controller]: EVIDENCE_COST ingest(mean/p95/max)=2.107/6.581/13.536 record=0.004/0.006/0.843 ms
[depth_angular_controller_goal-1] [INFO] [1791434882.497283982] [depth_angular_controller]: EVIDENCE_PHASE per_view_mean_ms balls=0.055 tubes=0.006 history=0.202 eviction=0.001
[depth_angular_controller_goal-1] [INFO] [1791434882.750244694] [depth_angular_controller]: OMNI_DEPTH views=4 azimuth_bins=180 elevation_bins=37 valid=1 certificates=0 short=0 held=0 local_candidates=3 yaw=31.36
[depth_angular_controller_goal-1] [INFO] [1791434882.750479566] [depth_angular_controller]: PAPER_BUILD reason=READY required=0.0100 best=8.0717 free=25 refined=0 tubes=0 revoked_tubes=0 proofs=0
[depth_angular_controller_goal-1] [INFO] [1791434882.750489815] [depth_angular_controller]: PAPER_EVIDENCE retained=12 balls=0 revoked_balls=0 expired_views=2347 evicted_views=0 radius=0.580 clearance=0.500 best_prefix=8.072
[depth_angular_controller_goal-1] [INFO] [1791434883.753839964] [depth_angular_controller]: OMNI_DEPTH views=4 azimuth_bins=180 elevation_bins=37 valid=1 certificates=0 short=0 held=0 local_candidates=3 yaw=31.36
[depth_angular_controller_goal-1] [INFO] [1791434883.753997670] [depth_angular_controller]: PAPER_BUILD reason=READY required=0.0100 best=8.0717 free=22 refined=0 tubes=0 revoked_tubes=0 proofs=0
[depth_angular_controller_goal-1] [INFO] [1791434883.754005505] [depth_angular_controller]: PAPER_EVIDENCE retained=12 balls=0 revoked_balls=0 expired_views=2371 evicted_views=0 radius=0.580 clearance=0.500 best_prefix=8.072
[depth_angular_controller_goal-1] [INFO] [1791434884.760430382] [depth_angular_controller]: OMNI_DEPTH views=4 azimuth_bins=180 elevation_bins=37 valid=1 certificates=0 short=0 held=0 local_candidates=3 yaw=31.36
[depth_angular_controller_goal-1] [INFO] [1791434884.760779448] [depth_angular_controller]: PAPER_BUILD reason=READY required=0.0100 best=8.0717 free=25 refined=0 tubes=0 revoked_tubes=0 proofs=0
[depth_angular_controller_goal-1] [INFO] [1791434884.760787232] [depth_angular_controller]: PAPER_EVIDENCE retained=12 balls=0 revoked_balls=0 expired_views=2395 evicted_views=0 radius=0.580 clearance=0.500 best_prefix=8.072
[position_cmd_to_twist-2] [INFO] [1791434885.548270019] [position_cmd_to_twist]: [PERF BRIDGE] run=p5_enable_goal_20261008_dynamic_ego1p5_1 elapsed=97.26s received=5392 published=5392 fps(ros/wall)=59.97/64.80 controller_to_bridge_ms(mean/p50/p95/max)=2.399/0.000/16.667/16.667 bridge_process_ms(mean/p95/max)=0.081/0.106/1.103
[NAV] t=90.0s position=(-64.00,-11.20,2.80) yaw=9.9deg command=(0.00,0.00,0.00) manual_active=1 collision_blocks=0
[depth_angular_controller_goal-1] [INFO] [1791434885.659210481] [depth_angular_controller]: OMNI_DEPTH views=4 azimuth_bins=180 elevation_bins=37 valid=1 certificates=0 short=0 held=0 local_candidates=3 yaw=31.36
[depth_angular_controller_goal-1] [INFO] [1791434885.660197285] [depth_angular_controller]: PAPER_BUILD reason=READY required=0.0100 best=8.0717 free=25 refined=0 tubes=0 revoked_tubes=0 proofs=0
[depth_angular_controller_goal-1] [INFO] [1791434885.660209638] [depth_angular_controller]: PAPER_EVIDENCE retained=12 balls=0 revoked_balls=0 expired_views=2419 evicted_views=0 radius=0.580 clearance=0.500 best_prefix=8.072
[depth_angular_controller_goal-1] [INFO] [1791434886.543127527] [depth_angular_controller]: OMNI_DEPTH views=4 azimuth_bins=180 elevation_bins=37 valid=1 certificates=0 short=0 held=0 local_candidates=3 yaw=31.36
[depth_angular_controller_goal-1] [INFO] [1791434886.543252281] [depth_angular_controller]: PAPER_BUILD reason=READY required=0.0100 best=8.0717 free=22 refined=0 tubes=0 revoked_tubes=0 proofs=0
[depth_angular_controller_goal-1] [INFO] [1791434886.543259425] [depth_angular_controller]: PAPER_EVIDENCE retained=12 balls=0 revoked_balls=0 expired_views=2443 evicted_views=0 radius=0.580 clearance=0.500 best_prefix=8.072
[depth_angular_controller_goal-1] [INFO] [1791434887.489924294] [depth_angular_controller]: OMNI_DEPTH views=4 azimuth_bins=180 elevation_bins=37 valid=1 certificates=0 short=0 held=0 local_candidates=3 yaw=31.36
[depth_angular_controller_goal-1] [INFO] [1791434887.490167471] [depth_angular_controller]: PAPER_BUILD reason=READY required=0.0100 best=8.0717 free=25 refined=0 tubes=0 revoked_tubes=0 proofs=0
[depth_angular_controller_goal-1] [INFO] [1791434887.490173953] [depth_angular_controller]: PAPER_EVIDENCE retained=12 balls=0 revoked_balls=0 expired_views=2467 evicted_views=0 radius=0.580 clearance=0.500 best_prefix=8.072
[depth_angular_controller_goal-1] [INFO] [1791434887.517360485] [depth_angular_controller]: [PERF CTRL] run=p5_enable_goal_20261008_dynamic_ego1p5_1 elapsed=99.34s callbacks=5522 commands=5521 guidance=5401 command_fps(ros/wall)=59.97/64.80 guidance_wall_fps=64.73 avoid_ms(mean/p50/p95/max)=3.251/0.879/16.912/27.842 cycle_ms(mean/p95/max)=15.431/33.405/90.282 depth_to_cmd_ms(mean/p95/max)=42.980/83.333/100.000 callback_to_publish_ms(mean/p95/max)=5.363/20.072/33.820
[depth_angular_controller_goal-1] [INFO] [1791434887.517784863] [depth_angular_controller]: EVIDENCE_COST ingest(mean/p95/max)=2.102/6.539/13.536 record=0.004/0.006/0.843 ms
[depth_angular_controller_goal-1] [INFO] [1791434887.517790784] [depth_angular_controller]: EVIDENCE_PHASE per_view_mean_ms balls=0.055 tubes=0.006 history=0.201 eviction=0.001
[depth_angular_controller_goal-1] [INFO] [1791434888.373710926] [depth_angular_controller]: OMNI_DEPTH views=4 azimuth_bins=180 elevation_bins=37 valid=1 certificates=0 short=0 held=0 local_candidates=3 yaw=31.36
[depth_angular_controller_goal-1] [INFO] [1791434888.373840108] [depth_angular_controller]: PAPER_BUILD reason=READY required=0.0100 best=8.0717 free=25 refined=0 tubes=0 revoked_tubes=0 proofs=0
[depth_angular_controller_goal-1] [INFO] [1791434888.373846791] [depth_angular_controller]: PAPER_EVIDENCE retained=12 balls=0 revoked_balls=0 expired_views=2491 evicted_views=0 radius=0.580 clearance=0.500 best_prefix=8.072
[depth_angular_controller_goal-1] [INFO] [1791434889.319706417] [depth_angular_controller]: OMNI_DEPTH views=4 azimuth_bins=180 elevation_bins=37 valid=1 certificates=0 short=0 held=0 local_candidates=3 yaw=31.36
[depth_angular_controller_goal-1] [INFO] [1791434889.320052658] [depth_angular_controller]: PAPER_BUILD reason=READY required=0.0100 best=8.0717 free=22 refined=0 tubes=0 revoked_tubes=0 proofs=0
[depth_angular_controller_goal-1] [INFO] [1791434889.320059380] [depth_angular_controller]: PAPER_EVIDENCE retained=12 balls=0 revoked_balls=0 expired_views=2515 evicted_views=0 radius=0.580 clearance=0.500 best_prefix=8.072
[position_cmd_to_twist-2] [INFO] [1791434890.215563923] [position_cmd_to_twist]: [PERF BRIDGE] run=p5_enable_goal_20261008_dynamic_ego1p5_1 elapsed=101.93s received=5692 published=5692 fps(ros/wall)=59.97/64.77 controller_to_bridge_ms(mean/p50/p95/max)=2.392/0.000/16.667/16.667 bridge_process_ms(mean/p95/max)=0.081/0.105/1.103
[NAV] t=95.0s position=(-64.00,-11.20,2.80) yaw=9.9deg command=(0.00,0.00,0.00) manual_active=1 collision_blocks=0
[depth_angular_controller_goal-1] [INFO] [1791434890.323731845] [depth_angular_controller]: OMNI_DEPTH views=4 azimuth_bins=180 elevation_bins=37 valid=1 certificates=0 short=0 held=0 local_candidates=3 yaw=31.36
[depth_angular_controller_goal-1] [INFO] [1791434890.324348584] [depth_angular_controller]: PAPER_BUILD reason=READY required=0.0100 best=8.0717 free=25 refined=0 tubes=0 revoked_tubes=0 proofs=0
[depth_angular_controller_goal-1] [INFO] [1791434890.324362840] [depth_angular_controller]: PAPER_EVIDENCE retained=12 balls=0 revoked_balls=0 expired_views=2539 evicted_views=0 radius=0.580 clearance=0.500 best_prefix=8.072
[depth_angular_controller_goal-1] [INFO] [1791434891.319984054] [depth_angular_controller]: OMNI_DEPTH views=4 azimuth_bins=180 elevation_bins=37 valid=1 certificates=0 short=0 held=0 local_candidates=3 yaw=31.36
[depth_angular_controller_goal-1] [INFO] [1791434891.320111473] [depth_angular_controller]: PAPER_BUILD reason=READY required=0.0100 best=8.0717 free=25 refined=0 tubes=0 revoked_tubes=0 proofs=0
[depth_angular_controller_goal-1] [INFO] [1791434891.320117364] [depth_angular_controller]: PAPER_EVIDENCE retained=12 balls=0 revoked_balls=0 expired_views=2563 evicted_views=0 radius=0.580 clearance=0.500 best_prefix=8.072
[depth_angular_controller_goal-1] [INFO] [1791434892.185367700] [depth_angular_controller]: OMNI_DEPTH views=4 azimuth_bins=180 elevation_bins=37 valid=1 certificates=0 short=0 held=0 local_candidates=3 yaw=31.36
[depth_angular_controller_goal-1] [INFO] [1791434892.186625604] [depth_angular_controller]: PAPER_BUILD reason=READY required=0.0100 best=8.0717 free=22 refined=0 tubes=0 revoked_tubes=0 proofs=0
[depth_angular_controller_goal-1] [INFO] [1791434892.186650361] [depth_angular_controller]: PAPER_EVIDENCE retained=12 balls=0 revoked_balls=0 expired_views=2587 evicted_views=0 radius=0.580 clearance=0.500 best_prefix=8.072
[depth_angular_controller_goal-1] [INFO] [1791434892.518429047] [depth_angular_controller]: [PERF CTRL] run=p5_enable_goal_20261008_dynamic_ego1p5_1 elapsed=104.34s callbacks=5844 commands=5843 guidance=5723 command_fps(ros/wall)=59.97/64.78 guidance_wall_fps=64.71 avoid_ms(mean/p50/p95/max)=3.248/0.878/16.901/27.842 cycle_ms(mean/p95/max)=15.437/33.301/90.282 depth_to_cmd_ms(mean/p95/max)=42.594/83.333/100.000 callback_to_publish_ms(mean/p95/max)=5.358/19.978/33.820
[depth_angular_controller_goal-1] [INFO] [1791434892.519570131] [depth_angular_controller]: EVIDENCE_COST ingest(mean/p95/max)=2.096/6.497/13.536 record=0.004/0.006/0.843 ms
[depth_angular_controller_goal-1] [INFO] [1791434892.519951899] [depth_angular_controller]: EVIDENCE_PHASE per_view_mean_ms balls=0.055 tubes=0.006 history=0.199 eviction=0.001
[depth_angular_controller_goal-1] [INFO] [1791434893.078540341] [depth_angular_controller]: OMNI_DEPTH views=4 azimuth_bins=180 elevation_bins=37 valid=1 certificates=0 short=0 held=0 local_candidates=3 yaw=31.36
[depth_angular_controller_goal-1] [INFO] [1791434893.078859641] [depth_angular_controller]: PAPER_BUILD reason=READY required=0.0100 best=8.0717 free=25 refined=0 tubes=0 revoked_tubes=0 proofs=0
[depth_angular_controller_goal-1] [INFO] [1791434893.078866664] [depth_angular_controller]: PAPER_EVIDENCE retained=12 balls=0 revoked_balls=0 expired_views=2611 evicted_views=0 radius=0.580 clearance=0.500 best_prefix=8.072
[depth_angular_controller_goal-1] [INFO] [1791434894.076361910] [depth_angular_controller]: OMNI_DEPTH views=4 azimuth_bins=180 elevation_bins=37 valid=1 certificates=0 short=0 held=0 local_candidates=3 yaw=31.36
[depth_angular_controller_goal-1] [INFO] [1791434894.076495731] [depth_angular_controller]: PAPER_BUILD reason=READY required=0.0100 best=8.0717 free=25 refined=0 tubes=0 revoked_tubes=0 proofs=0
[depth_angular_controller_goal-1] [INFO] [1791434894.076502053] [depth_angular_controller]: PAPER_EVIDENCE retained=12 balls=0 revoked_balls=0 expired_views=2635 evicted_views=0 radius=0.580 clearance=0.500 best_prefix=8.072
[position_cmd_to_twist-2] [INFO] [1791434894.972671947] [position_cmd_to_twist]: [PERF BRIDGE] run=p5_enable_goal_20261008_dynamic_ego1p5_1 elapsed=106.69s received=5992 published=5992 fps(ros/wall)=59.97/64.68 controller_to_bridge_ms(mean/p50/p95/max)=2.389/0.000/16.667/16.667 bridge_process_ms(mean/p95/max)=0.081/0.105/1.103
[NAV] t=100.0s position=(-64.00,-11.20,2.80) yaw=9.9deg command=(0.00,0.00,0.00) manual_active=1 collision_blocks=0
[depth_angular_controller_goal-1] [INFO] [1791434895.073855993] [depth_angular_controller]: OMNI_DEPTH views=4 azimuth_bins=180 elevation_bins=37 valid=1 certificates=0 short=0 held=0 local_candidates=3 yaw=31.36
[depth_angular_controller_goal-1] [INFO] [1791434895.074048435] [depth_angular_controller]: PAPER_BUILD reason=READY required=0.0100 best=8.0717 free=22 refined=0 tubes=0 revoked_tubes=0 proofs=0
[depth_angular_controller_goal-1] [INFO] [1791434895.074057532] [depth_angular_controller]: PAPER_EVIDENCE retained=12 balls=0 revoked_balls=0 expired_views=2659 evicted_views=0 radius=0.580 clearance=0.500 best_prefix=8.072
[depth_angular_controller_goal-1] [INFO] [1791434896.071447990] [depth_angular_controller]: PAPER_BUILD reason=READY required=0.0100 best=8.0717 free=22 refined=0 tubes=0 revoked_tubes=0 proofs=0
[depth_angular_controller_goal-1] [INFO] [1791434896.071502022] [depth_angular_controller]: PAPER_EVIDENCE retained=13 balls=0 revoked_balls=0 expired_views=2682 evicted_views=0 radius=0.580 clearance=0.500 best_prefix=8.072
[depth_angular_controller_goal-1] [INFO] [1791434896.075087510] [depth_angular_controller]: OMNI_DEPTH views=4 azimuth_bins=180 elevation_bins=37 valid=1 certificates=0 short=0 held=0 local_candidates=3 yaw=31.36
[depth_angular_controller_goal-1] [INFO] [1791434897.014938404] [depth_angular_controller]: PAPER_BUILD reason=READY required=0.0100 best=8.0717 free=22 refined=0 tubes=0 revoked_tubes=0 proofs=0
[depth_angular_controller_goal-1] [INFO] [1791434897.014983058] [depth_angular_controller]: PAPER_EVIDENCE retained=13 balls=0 revoked_balls=0 expired_views=2706 evicted_views=0 radius=0.580 clearance=0.500 best_prefix=8.072
[depth_angular_controller_goal-1] [INFO] [1791434897.018289351] [depth_angular_controller]: OMNI_DEPTH views=4 azimuth_bins=180 elevation_bins=37 valid=1 certificates=0 short=0 held=0 local_candidates=3 yaw=31.36
[depth_angular_controller_goal-1] [INFO] [1791434897.536518235] [depth_angular_controller]: [PERF CTRL] run=p5_enable_goal_20261008_dynamic_ego1p5_1 elapsed=109.36s callbacks=6156 commands=6155 guidance=6035 command_fps(ros/wall)=59.97/64.64 guidance_wall_fps=64.57 avoid_ms(mean/p50/p95/max)=3.240/0.875/16.855/27.842 cycle_ms(mean/p95/max)=15.469/33.190/90.282 depth_to_cmd_ms(mean/p95/max)=42.182/83.333/100.000 callback_to_publish_ms(mean/p95/max)=5.354/19.859/33.820
[depth_angular_controller_goal-1] [INFO] [1791434897.537090090] [depth_angular_controller]: EVIDENCE_COST ingest(mean/p95/max)=2.097/6.476/13.536 record=0.004/0.006/0.843 ms
[depth_angular_controller_goal-1] [INFO] [1791434897.537097133] [depth_angular_controller]: EVIDENCE_PHASE per_view_mean_ms balls=0.055 tubes=0.006 history=0.199 eviction=0.001
[depth_angular_controller_goal-1] [INFO] [1791434897.891734127] [depth_angular_controller]: PAPER_BUILD reason=READY required=0.0100 best=8.0717 free=22 refined=0 tubes=0 revoked_tubes=0 proofs=0
[depth_angular_controller_goal-1] [INFO] [1791434897.891775274] [depth_angular_controller]: PAPER_EVIDENCE retained=13 balls=0 revoked_balls=0 expired_views=2730 evicted_views=0 radius=0.580 clearance=0.500 best_prefix=8.072
[depth_angular_controller_goal-1] [INFO] [1791434897.897510723] [depth_angular_controller]: OMNI_DEPTH views=4 azimuth_bins=180 elevation_bins=37 valid=1 certificates=0 short=0 held=0 local_candidates=3 yaw=31.36
[depth_angular_controller_goal-1] [INFO] [1791434898.780960882] [depth_angular_controller]: PAPER_BUILD reason=READY required=0.0100 best=8.0717 free=22 refined=0 tubes=0 revoked_tubes=0 proofs=0
[depth_angular_controller_goal-1] [INFO] [1791434898.780998453] [depth_angular_controller]: PAPER_EVIDENCE retained=13 balls=0 revoked_balls=0 expired_views=2754 evicted_views=0 radius=0.580 clearance=0.500 best_prefix=8.072
[depth_angular_controller_goal-1] [INFO] [1791434898.785134556] [depth_angular_controller]: OMNI_DEPTH views=4 azimuth_bins=180 elevation_bins=37 valid=1 certificates=0 short=0 held=0 local_candidates=3 yaw=31.36
[position_cmd_to_twist-2] [INFO] [1791434899.621490109] [position_cmd_to_twist]: [PERF BRIDGE] run=p5_enable_goal_20261008_dynamic_ego1p5_1 elapsed=111.34s received=6292 published=6292 fps(ros/wall)=59.97/64.67 controller_to_bridge_ms(mean/p50/p95/max)=2.371/0.000/16.667/16.667 bridge_process_ms(mean/p95/max)=0.081/0.105/1.103
[NAV] t=105.0s position=(-64.00,-11.20,2.80) yaw=9.9deg command=(0.00,0.00,0.00) manual_active=1 collision_blocks=0
[depth_angular_controller_goal-1] [INFO] [1791434899.724933061] [depth_angular_controller]: OMNI_DEPTH views=4 azimuth_bins=180 elevation_bins=37 valid=1 certificates=0 short=0 held=0 local_candidates=3 yaw=31.36
[depth_angular_controller_goal-1] [INFO] [1791434899.725261969] [depth_angular_controller]: PAPER_BUILD reason=READY required=0.0100 best=8.0717 free=25 refined=0 tubes=0 revoked_tubes=0 proofs=0
[depth_angular_controller_goal-1] [INFO] [1791434899.725270675] [depth_angular_controller]: PAPER_EVIDENCE retained=13 balls=0 revoked_balls=0 expired_views=2778 evicted_views=0 radius=0.580 clearance=0.500 best_prefix=8.072
[depth_angular_controller_goal-1] [INFO] [1791434900.665057449] [depth_angular_controller]: OMNI_DEPTH views=4 azimuth_bins=180 elevation_bins=37 valid=1 certificates=0 short=0 held=0 local_candidates=3 yaw=31.36
[depth_angular_controller_goal-1] [INFO] [1791434900.665170752] [depth_angular_controller]: PAPER_BUILD reason=READY required=0.0100 best=8.0717 free=22 refined=0 tubes=0 revoked_tubes=0 proofs=0
[depth_angular_controller_goal-1] [INFO] [1791434900.665177454] [depth_angular_controller]: PAPER_EVIDENCE retained=13 balls=0 revoked_balls=0 expired_views=2802 evicted_views=0 radius=0.580 clearance=0.500 best_prefix=8.072
[depth_angular_controller_goal-1] [INFO] [1791434901.551922696] [depth_angular_controller]: OMNI_DEPTH views=4 azimuth_bins=180 elevation_bins=37 valid=1 certificates=0 short=0 held=0 local_candidates=3 yaw=31.36
[depth_angular_controller_goal-1] [INFO] [1791434901.552256082] [depth_angular_controller]: PAPER_BUILD reason=READY required=0.0100 best=8.0717 free=22 refined=0 tubes=0 revoked_tubes=0 proofs=0
[depth_angular_controller_goal-1] [INFO] [1791434901.552264688] [depth_angular_controller]: PAPER_EVIDENCE retained=13 balls=0 revoked_balls=0 expired_views=2826 evicted_views=0 radius=0.580 clearance=0.500 best_prefix=8.072
[depth_angular_controller_goal-1] [INFO] [1791434902.568949397] [depth_angular_controller]: [PERF CTRL] run=p5_enable_goal_20261008_dynamic_ego1p5_1 elapsed=114.39s callbacks=6476 commands=6475 guidance=6355 command_fps(ros/wall)=59.97/64.59 guidance_wall_fps=64.52 avoid_ms(mean/p50/p95/max)=3.230/0.873/16.813/27.842 cycle_ms(mean/p95/max)=15.482/33.172/90.282 depth_to_cmd_ms(mean/p95/max)=41.762/83.333/100.000 callback_to_publish_ms(mean/p95/max)=5.349/19.790/33.820
[depth_angular_controller_goal-1] [INFO] [1791434902.569436292] [depth_angular_controller]: EVIDENCE_COST ingest(mean/p95/max)=2.098/6.438/13.536 record=0.004/0.006/0.843 ms
[depth_angular_controller_goal-1] [INFO] [1791434902.569442243] [depth_angular_controller]: EVIDENCE_PHASE per_view_mean_ms balls=0.055 tubes=0.006 history=0.199 eviction=0.001
[depth_angular_controller_goal-1] [INFO] [1791434902.622111485] [depth_angular_controller]: OMNI_DEPTH views=4 azimuth_bins=180 elevation_bins=37 valid=1 certificates=0 short=0 held=0 local_candidates=3 yaw=31.36
[depth_angular_controller_goal-1] [INFO] [1791434902.623035572] [depth_angular_controller]: PAPER_BUILD reason=READY required=0.0100 best=8.0717 free=25 refined=0 tubes=0 revoked_tubes=0 proofs=0
[depth_angular_controller_goal-1] [INFO] [1791434902.623050219] [depth_angular_controller]: PAPER_EVIDENCE retained=13 balls=0 revoked_balls=0 expired_views=2850 evicted_views=0 radius=0.580 clearance=0.500 best_prefix=8.072
[depth_angular_controller_goal-1] [INFO] [1791434903.569360713] [depth_angular_controller]: PAPER_BUILD reason=READY required=0.0100 best=8.0717 free=22 refined=0 tubes=0 revoked_tubes=0 proofs=0
[depth_angular_controller_goal-1] [INFO] [1791434903.569402962] [depth_angular_controller]: PAPER_EVIDENCE retained=13 balls=0 revoked_balls=0 expired_views=2874 evicted_views=0 radius=0.580 clearance=0.500 best_prefix=8.072
[depth_angular_controller_goal-1] [INFO] [1791434903.570242289] [depth_angular_controller]: OMNI_DEPTH views=4 azimuth_bins=180 elevation_bins=37 valid=1 certificates=0 short=0 held=0 local_candidates=3 yaw=31.36
[position_cmd_to_twist-2] [INFO] [1791434904.414777355] [position_cmd_to_twist]: [PERF BRIDGE] run=p5_enable_goal_20261008_dynamic_ego1p5_1 elapsed=116.13s received=6592 published=6592 fps(ros/wall)=59.97/64.57 controller_to_bridge_ms(mean/p50/p95/max)=2.364/0.000/16.667/16.667 bridge_process_ms(mean/p95/max)=0.081/0.105/1.103
[NAV] t=110.0s position=(-64.00,-11.20,2.80) yaw=9.9deg command=(0.00,0.00,0.00) manual_active=1 collision_blocks=0
[depth_angular_controller_goal-1] [INFO] [1791434904.516807551] [depth_angular_controller]: OMNI_DEPTH views=4 azimuth_bins=180 elevation_bins=37 valid=1 certificates=0 short=0 held=0 local_candidates=3 yaw=31.36
[depth_angular_controller_goal-1] [INFO] [1791434904.518998449] [depth_angular_controller]: PAPER_BUILD reason=READY required=0.0100 best=8.0717 free=22 refined=0 tubes=0 revoked_tubes=0 proofs=0
[depth_angular_controller_goal-1] [INFO] [1791434904.519026441] [depth_angular_controller]: PAPER_EVIDENCE retained=13 balls=0 revoked_balls=0 expired_views=2898 evicted_views=0 radius=0.580 clearance=0.500 best_prefix=8.072
[depth_angular_controller_goal-1] [INFO] [1791434905.468564110] [depth_angular_controller]: OMNI_DEPTH views=4 azimuth_bins=180 elevation_bins=37 valid=1 certificates=0 short=0 held=0 local_candidates=3 yaw=31.36
[depth_angular_controller_goal-1] [INFO] [1791434905.468929075] [depth_angular_controller]: PAPER_BUILD reason=READY required=0.0100 best=8.0717 free=25 refined=0 tubes=0 revoked_tubes=0 proofs=0
[depth_angular_controller_goal-1] [INFO] [1791434905.468943402] [depth_angular_controller]: PAPER_EVIDENCE retained=13 balls=0 revoked_balls=0 expired_views=2922 evicted_views=0 radius=0.580 clearance=0.500 best_prefix=8.072
[depth_angular_controller_goal-1] [INFO] [1791434906.347629929] [depth_angular_controller]: OMNI_DEPTH views=4 azimuth_bins=180 elevation_bins=37 valid=1 certificates=0 short=0 held=0 local_candidates=3 yaw=31.36
[depth_angular_controller_goal-1] [INFO] [1791434906.347739455] [depth_angular_controller]: PAPER_BUILD reason=READY required=0.0100 best=8.0717 free=22 refined=0 tubes=0 revoked_tubes=0 proofs=0
[depth_angular_controller_goal-1] [INFO] [1791434906.347748011] [depth_angular_controller]: PAPER_EVIDENCE retained=13 balls=0 revoked_balls=0 expired_views=2946 evicted_views=0 radius=0.580 clearance=0.500 best_prefix=8.072
[depth_angular_controller_goal-1] [INFO] [1791434907.287127098] [depth_angular_controller]: OMNI_DEPTH views=4 azimuth_bins=180 elevation_bins=37 valid=1 certificates=0 short=0 held=0 local_candidates=3 yaw=31.36
[depth_angular_controller_goal-1] [INFO] [1791434907.287416702] [depth_angular_controller]: PAPER_BUILD reason=READY required=0.0100 best=8.0717 free=22 refined=0 tubes=0 revoked_tubes=0 proofs=0
[depth_angular_controller_goal-1] [INFO] [1791434907.287437421] [depth_angular_controller]: PAPER_EVIDENCE retained=13 balls=0 revoked_balls=0 expired_views=2970 evicted_views=0 radius=0.580 clearance=0.500 best_prefix=8.072
[depth_angular_controller_goal-1] [INFO] [1791434907.572267326] [depth_angular_controller]: [PERF CTRL] run=p5_enable_goal_20261008_dynamic_ego1p5_1 elapsed=119.39s callbacks=6795 commands=6794 guidance=6674 command_fps(ros/wall)=59.97/64.55 guidance_wall_fps=64.49 avoid_ms(mean/p50/p95/max)=3.225/0.872/16.756/27.842 cycle_ms(mean/p95/max)=15.492/33.171/90.282 depth_to_cmd_ms(mean/p95/max)=41.424/83.333/100.000 callback_to_publish_ms(mean/p95/max)=5.344/19.786/33.820
[depth_angular_controller_goal-1] [INFO] [1791434907.572803553] [depth_angular_controller]: EVIDENCE_COST ingest(mean/p95/max)=2.096/6.401/13.536 record=0.004/0.006/0.843 ms
[depth_angular_controller_goal-1] [INFO] [1791434907.572810547] [depth_angular_controller]: EVIDENCE_PHASE per_view_mean_ms balls=0.055 tubes=0.006 history=0.199 eviction=0.001
[depth_angular_controller_goal-1] [INFO] [1791434908.286506695] [depth_angular_controller]: OMNI_DEPTH views=4 azimuth_bins=180 elevation_bins=37 valid=1 certificates=0 short=0 held=0 local_candidates=3 yaw=31.36
[depth_angular_controller_goal-1] [INFO] [1791434908.286621320] [depth_angular_controller]: PAPER_BUILD reason=READY required=0.0100 best=8.0717 free=25 refined=0 tubes=0 revoked_tubes=0 proofs=0
[depth_angular_controller_goal-1] [INFO] [1791434908.286627862] [depth_angular_controller]: PAPER_EVIDENCE retained=13 balls=0 revoked_balls=0 expired_views=2994 evicted_views=0 radius=0.580 clearance=0.500 best_prefix=8.072
[position_cmd_to_twist-2] [INFO] [1791434909.071067410] [position_cmd_to_twist]: [PERF BRIDGE] run=p5_enable_goal_20261008_dynamic_ego1p5_1 elapsed=120.79s received=6892 published=6892 fps(ros/wall)=59.97/64.57 controller_to_bridge_ms(mean/p50/p95/max)=2.358/0.000/16.667/16.667 bridge_process_ms(mean/p95/max)=0.081/0.104/1.103
[NAV] t=115.0s position=(-64.00,-11.20,2.80) yaw=9.9deg command=(0.00,0.00,0.00) manual_active=1 collision_blocks=0
[depth_angular_controller_goal-1] [INFO] [1791434909.171220969] [depth_angular_controller]: OMNI_DEPTH views=4 azimuth_bins=180 elevation_bins=37 valid=1 certificates=0 short=0 held=0 local_candidates=3 yaw=31.36
[depth_angular_controller_goal-1] [INFO] [1791434909.171651899] [depth_angular_controller]: PAPER_BUILD reason=READY required=0.0100 best=8.0717 free=25 refined=0 tubes=0 revoked_tubes=0 proofs=0
[depth_angular_controller_goal-1] [INFO] [1791434909.171666737] [depth_angular_controller]: PAPER_EVIDENCE retained=13 balls=0 revoked_balls=0 expired_views=3018 evicted_views=0 radius=0.580 clearance=0.500 best_prefix=8.072
[depth_angular_controller_goal-1] [INFO] [1791434910.176229264] [depth_angular_controller]: OMNI_DEPTH views=4 azimuth_bins=180 elevation_bins=37 valid=1 certificates=0 short=0 held=0 local_candidates=3 yaw=31.36
[depth_angular_controller_goal-1] [INFO] [1791434910.177519138] [depth_angular_controller]: PAPER_BUILD reason=READY required=0.0100 best=8.0717 free=25 refined=0 tubes=0 revoked_tubes=0 proofs=0
[depth_angular_controller_goal-1] [INFO] [1791434910.177544887] [depth_angular_controller]: PAPER_EVIDENCE retained=13 balls=0 revoked_balls=0 expired_views=3042 evicted_views=0 radius=0.580 clearance=0.500 best_prefix=8.072
[depth_angular_controller_goal-1] [INFO] [1791434911.046822130] [depth_angular_controller]: OMNI_DEPTH views=4 azimuth_bins=180 elevation_bins=37 valid=1 certificates=0 short=0 held=0 local_candidates=3 yaw=31.36
[depth_angular_controller_goal-1] [INFO] [1791434911.046973876] [depth_angular_controller]: PAPER_BUILD reason=READY required=0.0100 best=8.0717 free=25 refined=0 tubes=0 revoked_tubes=0 proofs=0
[depth_angular_controller_goal-1] [INFO] [1791434911.046982452] [depth_angular_controller]: PAPER_EVIDENCE retained=13 balls=0 revoked_balls=0 expired_views=3066 evicted_views=0 radius=0.580 clearance=0.500 best_prefix=8.072
[depth_angular_controller_goal-1] [INFO] [1791434911.922045499] [depth_angular_controller]: OMNI_DEPTH views=4 azimuth_bins=180 elevation_bins=37 valid=1 certificates=0 short=0 held=0 local_candidates=3 yaw=31.36
[depth_angular_controller_goal-1] [INFO] [1791434911.922289087] [depth_angular_controller]: PAPER_BUILD reason=READY required=0.0100 best=8.0717 free=25 refined=0 tubes=0 revoked_tubes=0 proofs=0
[depth_angular_controller_goal-1] [INFO] [1791434911.922297282] [depth_angular_controller]: PAPER_EVIDENCE retained=13 balls=0 revoked_balls=0 expired_views=3090 evicted_views=0 radius=0.580 clearance=0.500 best_prefix=8.072
[depth_angular_controller_goal-1] [INFO] [1791434912.575138705] [depth_angular_controller]: [PERF CTRL] run=p5_enable_goal_20261008_dynamic_ego1p5_1 elapsed=124.40s callbacks=7126 commands=7125 guidance=7005 command_fps(ros/wall)=59.97/64.62 guidance_wall_fps=64.56 avoid_ms(mean/p50/p95/max)=3.226/0.873/16.735/27.842 cycle_ms(mean/p95/max)=15.474/33.172/90.282 depth_to_cmd_ms(mean/p95/max)=41.330/83.333/100.000 callback_to_publish_ms(mean/p95/max)=5.341/19.789/33.820
[depth_angular_controller_goal-1] [INFO] [1791434912.575751206] [depth_angular_controller]: EVIDENCE_COST ingest(mean/p95/max)=2.089/6.471/13.536 record=0.004/0.006/0.843 ms
[depth_angular_controller_goal-1] [INFO] [1791434912.575761395] [depth_angular_controller]: EVIDENCE_PHASE per_view_mean_ms balls=0.055 tubes=0.006 history=0.197 eviction=0.001
[depth_angular_controller_goal-1] [INFO] [1791434912.795593659] [depth_angular_controller]: OMNI_DEPTH views=4 azimuth_bins=180 elevation_bins=37 valid=1 certificates=0 short=0 held=0 local_candidates=3 yaw=31.36
[depth_angular_controller_goal-1] [INFO] [1791434912.795730055] [depth_angular_controller]: PAPER_BUILD reason=READY required=0.0100 best=8.0717 free=25 refined=0 tubes=0 revoked_tubes=0 proofs=0
[depth_angular_controller_goal-1] [INFO] [1791434912.795737710] [depth_angular_controller]: PAPER_EVIDENCE retained=13 balls=0 revoked_balls=0 expired_views=3114 evicted_views=0 radius=0.580 clearance=0.500 best_prefix=8.072
[position_cmd_to_twist-2] [INFO] [1791434913.626883092] [position_cmd_to_twist]: [PERF BRIDGE] run=p5_enable_goal_20261008_dynamic_ego1p5_1 elapsed=125.34s received=7191 published=7191 fps(ros/wall)=59.97/64.66 controller_to_bridge_ms(mean/p50/p95/max)=2.357/0.000/16.667/16.667 bridge_process_ms(mean/p95/max)=0.081/0.104/1.103
[NAV] t=120.0s position=(-64.00,-11.20,2.80) yaw=9.9deg command=(0.00,0.00,0.00) manual_active=1 collision_blocks=0
[depth_angular_controller_goal-1] [INFO] [1791434913.741849790] [depth_angular_controller]: PAPER_BUILD reason=READY required=0.0100 best=8.0717 free=22 refined=0 tubes=0 revoked_tubes=0 proofs=0
[depth_angular_controller_goal-1] [INFO] [1791434913.741887311] [depth_angular_controller]: PAPER_EVIDENCE retained=15 balls=0 revoked_balls=0 expired_views=3138 evicted_views=0 radius=0.580 clearance=0.500 best_prefix=8.072
[depth_angular_controller_goal-1] [INFO] [1791434913.745039975] [depth_angular_controller]: OMNI_DEPTH views=4 azimuth_bins=180 elevation_bins=37 valid=1 certificates=0 short=0 held=0 local_candidates=3 yaw=31.36
[depth_angular_controller_goal-1] [INFO] [1791434914.812071611] [depth_angular_controller]: PAPER_BUILD reason=READY required=0.0100 best=8.0717 free=22 refined=0 tubes=0 revoked_tubes=0 proofs=0
[depth_angular_controller_goal-1] [INFO] [1791434914.812113510] [depth_angular_controller]: PAPER_EVIDENCE retained=14 balls=0 revoked_balls=0 expired_views=3163 evicted_views=0 radius=0.580 clearance=0.500 best_prefix=8.072
[depth_angular_controller_goal-1] [INFO] [1791434914.816239915] [depth_angular_controller]: OMNI_DEPTH views=4 azimuth_bins=180 elevation_bins=37 valid=1 certificates=0 short=0 held=0 local_candidates=3 yaw=31.36
[depth_angular_controller_goal-1] [INFO] [1791434915.822843047] [depth_angular_controller]: OMNI_DEPTH views=4 azimuth_bins=180 elevation_bins=37 valid=1 certificates=0 short=0 held=0 local_candidates=3 yaw=31.36
[depth_angular_controller_goal-1] [INFO] [1791434915.822974304] [depth_angular_controller]: PAPER_BUILD reason=READY required=0.0100 best=8.0717 free=22 refined=0 tubes=0 revoked_tubes=0 proofs=0
[depth_angular_controller_goal-1] [INFO] [1791434915.822980195] [depth_angular_controller]: PAPER_EVIDENCE retained=12 balls=0 revoked_balls=0 expired_views=3189 evicted_views=0 radius=0.580 clearance=0.500 best_prefix=8.072
[depth_angular_controller_goal-1] [INFO] [1791434916.835918783] [depth_angular_controller]: PAPER_BUILD reason=READY required=0.0100 best=8.0717 free=22 refined=0 tubes=0 revoked_tubes=0 proofs=0
[depth_angular_controller_goal-1] [INFO] [1791434916.835956314] [depth_angular_controller]: PAPER_EVIDENCE retained=13 balls=0 revoked_balls=0 expired_views=3212 evicted_views=0 radius=0.580 clearance=0.500 best_prefix=8.072
[depth_angular_controller_goal-1] [INFO] [1791434916.843262334] [depth_angular_controller]: OMNI_DEPTH views=4 azimuth_bins=180 elevation_bins=37 valid=1 certificates=0 short=0 held=0 local_candidates=3 yaw=31.36
[depth_angular_controller_goal-1] [INFO] [1791434917.580852296] [depth_angular_controller]: [PERF CTRL] run=p5_enable_goal_20261008_dynamic_ego1p5_1 elapsed=129.40s callbacks=7431 commands=7430 guidance=7310 command_fps(ros/wall)=59.98/64.46 guidance_wall_fps=64.40 avoid_ms(mean/p50/p95/max)=3.223/0.872/16.709/27.842 cycle_ms(mean/p95/max)=15.513/33.172/94.774 depth_to_cmd_ms(mean/p95/max)=41.227/83.333/100.000 callback_to_publish_ms(mean/p95/max)=5.340/19.738/33.820
[depth_angular_controller_goal-1] [INFO] [1791434917.582132292] [depth_angular_controller]: EVIDENCE_COST ingest(mean/p95/max)=2.089/6.467/13.536 record=0.004/0.006/0.843 ms
[depth_angular_controller_goal-1] [INFO] [1791434917.582160635] [depth_angular_controller]: EVIDENCE_PHASE per_view_mean_ms balls=0.055 tubes=0.006 history=0.197 eviction=0.001
[depth_angular_controller_goal-1] [INFO] [1791434917.732779415] [depth_angular_controller]: PAPER_BUILD reason=READY required=0.0100 best=8.0717 free=22 refined=0 tubes=0 revoked_tubes=0 proofs=0
[depth_angular_controller_goal-1] [INFO] [1791434917.732821103] [depth_angular_controller]: PAPER_EVIDENCE retained=13 balls=0 revoked_balls=0 expired_views=3236 evicted_views=0 radius=0.580 clearance=0.500 best_prefix=8.072
[depth_angular_controller_goal-1] [INFO] [1791434917.738776545] [depth_angular_controller]: OMNI_DEPTH views=4 azimuth_bins=180 elevation_bins=37 valid=1 certificates=0 short=0 held=0 local_candidates=3 yaw=31.36
[position_cmd_to_twist-2] [INFO] [1791434918.577327014] [position_cmd_to_twist]: [PERF BRIDGE] run=p5_enable_goal_20261008_dynamic_ego1p5_1 elapsed=130.29s received=7491 published=7491 fps(ros/wall)=59.98/64.45 controller_to_bridge_ms(mean/p50/p95/max)=2.354/0.000/16.667/16.667 bridge_process_ms(mean/p95/max)=0.081/0.104/1.255
[NAV] t=125.0s position=(-64.00,-11.20,2.80) yaw=9.9deg command=(0.00,0.00,0.00) manual_active=1 collision_blocks=0
[depth_angular_controller_goal-1] [INFO] [1791434918.686455190] [depth_angular_controller]: OMNI_DEPTH views=4 azimuth_bins=180 elevation_bins=37 valid=1 certificates=0 short=0 held=0 local_candidates=3 yaw=31.36
[depth_angular_controller_goal-1] [INFO] [1791434918.686613647] [depth_angular_controller]: PAPER_BUILD reason=READY required=0.0100 best=8.0717 free=22 refined=0 tubes=0 revoked_tubes=0 proofs=0
[depth_angular_controller_goal-1] [INFO] [1791434918.686623035] [depth_angular_controller]: PAPER_EVIDENCE retained=12 balls=0 revoked_balls=0 expired_views=3261 evicted_views=0 radius=0.580 clearance=0.500 best_prefix=8.072
[depth_angular_controller_goal-1] [INFO] [1791434919.692050528] [depth_angular_controller]: PAPER_BUILD reason=READY required=0.0100 best=8.0717 free=22 refined=0 tubes=0 revoked_tubes=0 proofs=0
[depth_angular_controller_goal-1] [INFO] [1791434919.692094130] [depth_angular_controller]: PAPER_EVIDENCE retained=11 balls=0 revoked_balls=0 expired_views=3285 evicted_views=0 radius=0.580 clearance=0.500 best_prefix=8.072
[depth_angular_controller_goal-1] [INFO] [1791434919.700928131] [depth_angular_controller]: OMNI_DEPTH views=4 azimuth_bins=180 elevation_bins=37 valid=1 certificates=0 short=0 held=0 local_candidates=3 yaw=31.36
[depth_angular_controller_goal-1] [INFO] [1791434920.570007233] [depth_angular_controller]: PAPER_BUILD reason=READY required=0.0100 best=8.0717 free=22 refined=0 tubes=0 revoked_tubes=0 proofs=0
[depth_angular_controller_goal-1] [INFO] [1791434920.570049142] [depth_angular_controller]: PAPER_EVIDENCE retained=12 balls=0 revoked_balls=0 expired_views=3308 evicted_views=0 radius=0.580 clearance=0.500 best_prefix=8.072
[depth_angular_controller_goal-1] [INFO] [1791434920.579681203] [depth_angular_controller]: OMNI_DEPTH views=4 azimuth_bins=180 elevation_bins=37 valid=1 certificates=0 short=0 held=0 local_candidates=3 yaw=31.36
[depth_angular_controller_goal-1] [INFO] [1791434921.514044975] [depth_angular_controller]: OMNI_DEPTH views=4 azimuth_bins=180 elevation_bins=37 valid=1 certificates=0 short=0 held=0 local_candidates=3 yaw=31.36
[depth_angular_controller_goal-1] [INFO] [1791434921.514510129] [depth_angular_controller]: PAPER_BUILD reason=READY required=0.0100 best=8.0717 free=25 refined=0 tubes=0 revoked_tubes=0 proofs=0
[depth_angular_controller_goal-1] [INFO] [1791434921.514528754] [depth_angular_controller]: PAPER_EVIDENCE retained=14 balls=0 revoked_balls=0 expired_views=3332 evicted_views=0 radius=0.580 clearance=0.500 best_prefix=8.072
[depth_angular_controller_goal-1] [INFO] [1791434922.463459942] [depth_angular_controller]: OMNI_DEPTH views=4 azimuth_bins=180 elevation_bins=37 valid=1 certificates=0 short=0 held=0 local_candidates=3 yaw=31.36
[depth_angular_controller_goal-1] [INFO] [1791434922.464234197] [depth_angular_controller]: PAPER_BUILD reason=READY required=0.0100 best=8.0717 free=22 refined=0 tubes=0 revoked_tubes=0 proofs=0
[depth_angular_controller_goal-1] [INFO] [1791434922.464249115] [depth_angular_controller]: PAPER_EVIDENCE retained=13 balls=0 revoked_balls=0 expired_views=3356 evicted_views=0 radius=0.580 clearance=0.500 best_prefix=8.072
[depth_angular_controller_goal-1] [INFO] [1791434922.599139276] [depth_angular_controller]: [PERF CTRL] run=p5_enable_goal_20261008_dynamic_ego1p5_1 elapsed=134.42s callbacks=7746 commands=7745 guidance=7625 command_fps(ros/wall)=59.98/64.39 guidance_wall_fps=64.33 avoid_ms(mean/p50/p95/max)=3.222/0.873/16.695/27.842 cycle_ms(mean/p95/max)=15.530/33.129/94.774 depth_to_cmd_ms(mean/p95/max)=41.303/83.333/100.000 callback_to_publish_ms(mean/p95/max)=5.339/19.708/33.820
[depth_angular_controller_goal-1] [INFO] [1791434922.599803565] [depth_angular_controller]: EVIDENCE_COST ingest(mean/p95/max)=2.086/6.455/13.536 record=0.004/0.006/0.843 ms
[depth_angular_controller_goal-1] [INFO] [1791434922.599820687] [depth_angular_controller]: EVIDENCE_PHASE per_view_mean_ms balls=0.055 tubes=0.006 history=0.196 eviction=0.001
[position_cmd_to_twist-2] [INFO] [1791434923.363631376] [position_cmd_to_twist]: [PERF BRIDGE] run=p5_enable_goal_20261008_dynamic_ego1p5_1 elapsed=135.08s received=7792 published=7792 fps(ros/wall)=59.98/64.38 controller_to_bridge_ms(mean/p50/p95/max)=2.357/0.000/16.667/16.667 bridge_process_ms(mean/p95/max)=0.081/0.104/1.255
[NAV] t=130.0s position=(-64.00,-11.20,2.80) yaw=9.9deg command=(0.00,0.00,0.00) manual_active=1 collision_blocks=0
[depth_angular_controller_goal-1] [INFO] [1791434923.467827092] [depth_angular_controller]: OMNI_DEPTH views=4 azimuth_bins=180 elevation_bins=37 valid=1 certificates=0 short=0 held=0 local_candidates=3 yaw=31.36
[depth_angular_controller_goal-1] [INFO] [1791434923.467942479] [depth_angular_controller]: PAPER_BUILD reason=READY required=0.0100 best=8.0717 free=25 refined=0 tubes=0 revoked_tubes=0 proofs=0
[depth_angular_controller_goal-1] [INFO] [1791434923.467950775] [depth_angular_controller]: PAPER_EVIDENCE retained=14 balls=0 revoked_balls=0 expired_views=3379 evicted_views=0 radius=0.580 clearance=0.500 best_prefix=8.072
[depth_angular_controller_goal-1] [INFO] [1791434924.349248419] [depth_angular_controller]: OMNI_DEPTH views=4 azimuth_bins=180 elevation_bins=37 valid=1 certificates=0 short=0 held=0 local_candidates=3 yaw=31.36
[depth_angular_controller_goal-1] [INFO] [1791434924.349479633] [depth_angular_controller]: PAPER_BUILD reason=READY required=0.0100 best=8.0717 free=25 refined=0 tubes=0 revoked_tubes=0 proofs=0
[depth_angular_controller_goal-1] [INFO] [1791434924.349488199] [depth_angular_controller]: PAPER_EVIDENCE retained=14 balls=0 revoked_balls=0 expired_views=3403 evicted_views=0 radius=0.580 clearance=0.500 best_prefix=8.072
[depth_angular_controller_goal-1] [INFO] [1791434925.353307540] [depth_angular_controller]: OMNI_DEPTH views=4 azimuth_bins=180 elevation_bins=37 valid=1 certificates=0 short=0 held=0 local_candidates=3 yaw=31.36
[depth_angular_controller_goal-1] [INFO] [1791434925.353472149] [depth_angular_controller]: PAPER_BUILD reason=READY required=0.0100 best=8.0717 free=25 refined=0 tubes=0 revoked_tubes=0 proofs=0
[depth_angular_controller_goal-1] [INFO] [1791434925.353480254] [depth_angular_controller]: PAPER_EVIDENCE retained=13 balls=0 revoked_balls=0 expired_views=3427 evicted_views=0 radius=0.580 clearance=0.500 best_prefix=8.072
[depth_angular_controller_goal-1] [INFO] [1791434926.290919696] [depth_angular_controller]: OMNI_DEPTH views=4 azimuth_bins=180 elevation_bins=37 valid=1 certificates=0 short=0 held=0 local_candidates=3 yaw=31.36
[depth_angular_controller_goal-1] [INFO] [1791434926.303820982] [depth_angular_controller]: PAPER_BUILD reason=READY required=0.0100 best=8.0717 free=22 refined=0 tubes=0 revoked_tubes=0 proofs=0
[depth_angular_controller_goal-1] [INFO] [1791434926.303855136] [depth_angular_controller]: PAPER_EVIDENCE retained=13 balls=0 revoked_balls=0 expired_views=3451 evicted_views=0 radius=0.580 clearance=0.500 best_prefix=8.072
[depth_angular_controller_goal-1] [INFO] [1791434927.228153872] [depth_angular_controller]: OMNI_DEPTH views=4 azimuth_bins=180 elevation_bins=37 valid=1 certificates=0 short=0 held=0 local_candidates=3 yaw=31.36
[depth_angular_controller_goal-1] [INFO] [1791434927.228821497] [depth_angular_controller]: PAPER_BUILD reason=READY required=0.0100 best=8.0717 free=22 refined=0 tubes=0 revoked_tubes=0 proofs=0
[depth_angular_controller_goal-1] [INFO] [1791434927.228841604] [depth_angular_controller]: PAPER_EVIDENCE retained=13 balls=0 revoked_balls=0 expired_views=3475 evicted_views=0 radius=0.580 clearance=0.500 best_prefix=8.072
[depth_angular_controller_goal-1] [INFO] [1791434927.618750345] [depth_angular_controller]: [PERF CTRL] run=p5_enable_goal_20261008_dynamic_ego1p5_1 elapsed=139.44s callbacks=8062 commands=8061 guidance=7941 command_fps(ros/wall)=59.98/64.34 guidance_wall_fps=64.28 avoid_ms(mean/p50/p95/max)=3.220/0.872/16.684/27.842 cycle_ms(mean/p95/max)=15.544/33.037/94.774 depth_to_cmd_ms(mean/p95/max)=41.214/83.333/100.000 callback_to_publish_ms(mean/p95/max)=5.338/19.634/33.820
[depth_angular_controller_goal-1] [INFO] [1791434927.619383294] [depth_angular_controller]: EVIDENCE_COST ingest(mean/p95/max)=2.086/6.416/13.536 record=0.004/0.006/0.843 ms
[depth_angular_controller_goal-1] [INFO] [1791434927.619389396] [depth_angular_controller]: EVIDENCE_PHASE per_view_mean_ms balls=0.055 tubes=0.006 history=0.196 eviction=0.001
[position_cmd_to_twist-2] [INFO] [1791434928.072666886] [position_cmd_to_twist]: [PERF BRIDGE] run=p5_enable_goal_20261008_dynamic_ego1p5_1 elapsed=139.79s received=8092 published=8092 fps(ros/wall)=59.98/64.36 controller_to_bridge_ms(mean/p50/p95/max)=2.350/0.000/16.667/16.667 bridge_process_ms(mean/p95/max)=0.081/0.104/1.255
[NAV] t=135.0s position=(-64.00,-11.20,2.80) yaw=9.9deg command=(0.00,0.00,0.00) manual_active=1 collision_blocks=0
[depth_angular_controller_goal-1] [INFO] [1791434928.171796972] [depth_angular_controller]: OMNI_DEPTH views=4 azimuth_bins=180 elevation_bins=37 valid=1 certificates=0 short=0 held=0 local_candidates=3 yaw=31.36
[depth_angular_controller_goal-1] [INFO] [1791434928.171915956] [depth_angular_controller]: PAPER_BUILD reason=READY required=0.0100 best=8.0717 free=25 refined=0 tubes=0 revoked_tubes=0 proofs=0
[depth_angular_controller_goal-1] [INFO] [1791434928.171922198] [depth_angular_controller]: PAPER_EVIDENCE retained=13 balls=0 revoked_balls=0 expired_views=3499 evicted_views=0 radius=0.580 clearance=0.500 best_prefix=8.072
[depth_angular_controller_goal-1] [INFO] [1791434929.117158212] [depth_angular_controller]: OMNI_DEPTH views=4 azimuth_bins=180 elevation_bins=37 valid=1 certificates=0 short=0 held=0 local_candidates=3 yaw=31.36
[depth_angular_controller_goal-1] [INFO] [1791434929.118635197] [depth_angular_controller]: PAPER_BUILD reason=READY required=0.0100 best=8.0717 free=25 refined=0 tubes=0 revoked_tubes=0 proofs=0
[depth_angular_controller_goal-1] [INFO] [1791434929.118653552] [depth_angular_controller]: PAPER_EVIDENCE retained=13 balls=0 revoked_balls=0 expired_views=3523 evicted_views=0 radius=0.580 clearance=0.500 best_prefix=8.072
[depth_angular_controller_goal-1] [INFO] [1791434929.997211908] [depth_angular_controller]: OMNI_DEPTH views=4 azimuth_bins=180 elevation_bins=37 valid=1 certificates=0 short=0 held=0 local_candidates=3 yaw=31.36
[depth_angular_controller_goal-1] [INFO] [1791434929.998153888] [depth_angular_controller]: PAPER_BUILD reason=READY required=0.0100 best=8.0717 free=23 refined=0 tubes=0 revoked_tubes=0 proofs=0
[depth_angular_controller_goal-1] [INFO] [1791434929.998173956] [depth_angular_controller]: PAPER_EVIDENCE retained=13 balls=0 revoked_balls=0 expired_views=3547 evicted_views=0 radius=0.580 clearance=0.500 best_prefix=8.072
[depth_angular_controller_goal-1] [INFO] [1791434930.945251751] [depth_angular_controller]: OMNI_DEPTH views=4 azimuth_bins=180 elevation_bins=37 valid=1 certificates=0 short=0 held=0 local_candidates=3 yaw=31.36
[depth_angular_controller_goal-1] [INFO] [1791434930.959377798] [depth_angular_controller]: PAPER_BUILD reason=READY required=0.0100 best=8.0717 free=22 refined=0 tubes=0 revoked_tubes=0 proofs=0
[depth_angular_controller_goal-1] [INFO] [1791434930.959415890] [depth_angular_controller]: PAPER_EVIDENCE retained=13 balls=0 revoked_balls=0 expired_views=3571 evicted_views=0 radius=0.580 clearance=0.500 best_prefix=8.072
[depth_angular_controller_goal-1] [INFO] [1791434931.957596914] [depth_angular_controller]: OMNI_DEPTH views=4 azimuth_bins=180 elevation_bins=37 valid=1 certificates=0 short=0 held=0 local_candidates=3 yaw=31.36
[depth_angular_controller_goal-1] [INFO] [1791434931.957792361] [depth_angular_controller]: PAPER_BUILD reason=READY required=0.0100 best=8.0717 free=22 refined=0 tubes=0 revoked_tubes=0 proofs=0
[depth_angular_controller_goal-1] [INFO] [1791434931.988822797] [depth_angular_controller]: PAPER_EVIDENCE retained=12 balls=0 revoked_balls=0 expired_views=3596 evicted_views=0 radius=0.580 clearance=0.500 best_prefix=8.072
[depth_angular_controller_goal-1] [INFO] [1791434932.637245687] [depth_angular_controller]: [PERF CTRL] run=p5_enable_goal_20261008_dynamic_ego1p5_1 elapsed=144.46s callbacks=8382 commands=8381 guidance=8261 command_fps(ros/wall)=59.98/64.31 guidance_wall_fps=64.26 avoid_ms(mean/p50/p95/max)=3.216/0.873/16.635/27.842 cycle_ms(mean/p95/max)=15.549/33.038/94.774 depth_to_cmd_ms(mean/p95/max)=40.974/83.333/100.000 callback_to_publish_ms(mean/p95/max)=5.334/19.601/33.820
[depth_angular_controller_goal-1] [INFO] [1791434932.637878937] [depth_angular_controller]: EVIDENCE_COST ingest(mean/p95/max)=2.083/6.405/13.536 record=0.004/0.006/0.843 ms
[depth_angular_controller_goal-1] [INFO] [1791434932.637885329] [depth_angular_controller]: EVIDENCE_PHASE per_view_mean_ms balls=0.055 tubes=0.006 history=0.195 eviction=0.001
[position_cmd_to_twist-2] [INFO] [1791434932.794031867] [position_cmd_to_twist]: [PERF BRIDGE] run=p5_enable_goal_20261008_dynamic_ego1p5_1 elapsed=144.51s received=8392 published=8392 fps(ros/wall)=59.98/64.33 controller_to_bridge_ms(mean/p50/p95/max)=2.344/0.000/16.667/16.667 bridge_process_ms(mean/p95/max)=0.081/0.104/1.255
[NAV] t=140.0s position=(-64.00,-11.20,2.80) yaw=9.9deg command=(0.00,0.00,0.00) manual_active=1 collision_blocks=0
[depth_angular_controller_goal-1] [INFO] [1791434932.956705381] [depth_angular_controller]: OMNI_DEPTH views=4 azimuth_bins=180 elevation_bins=37 valid=1 certificates=0 short=0 held=0 local_candidates=3 yaw=31.36
[depth_angular_controller_goal-1] [INFO] [1791434932.956834394] [depth_angular_controller]: PAPER_BUILD reason=READY required=0.0100 best=8.0717 free=25 refined=0 tubes=0 revoked_tubes=0 proofs=0
[depth_angular_controller_goal-1] [INFO] [1791434933.064390465] [depth_angular_controller]: PAPER_EVIDENCE retained=12 balls=0 revoked_balls=0 expired_views=3620 evicted_views=0 radius=0.580 clearance=0.500 best_prefix=8.072
[depth_angular_controller_goal-1] [INFO] [1791434933.911438734] [depth_angular_controller]: OMNI_DEPTH views=4 azimuth_bins=180 elevation_bins=37 valid=1 certificates=0 short=0 held=0 local_candidates=3 yaw=31.36
[depth_angular_controller_goal-1] [INFO] [1791434933.911927202] [depth_angular_controller]: PAPER_BUILD reason=READY required=0.0100 best=8.0717 free=25 refined=0 tubes=0 revoked_tubes=0 proofs=0
[depth_angular_controller_goal-1] [INFO] [1791434933.976950321] [depth_angular_controller]: PAPER_EVIDENCE retained=12 balls=0 revoked_balls=0 expired_views=3644 evicted_views=0 radius=0.580 clearance=0.500 best_prefix=8.072
[depth_angular_controller_goal-1] [INFO] [1791434934.854394923] [depth_angular_controller]: OMNI_DEPTH views=4 azimuth_bins=180 elevation_bins=37 valid=1 certificates=0 short=0 held=0 local_candidates=3 yaw=31.36
[depth_angular_controller_goal-1] [INFO] [1791434934.856533202] [depth_angular_controller]: PAPER_BUILD reason=READY required=0.0100 best=8.0717 free=23 refined=0 tubes=0 revoked_tubes=0 proofs=0
[depth_angular_controller_goal-1] [INFO] [1791434934.915705786] [depth_angular_controller]: PAPER_EVIDENCE retained=12 balls=0 revoked_balls=0 expired_views=3668 evicted_views=0 radius=0.580 clearance=0.500 best_prefix=8.072
[depth_angular_controller_goal-1] [INFO] [1791434935.735044259] [depth_angular_controller]: OMNI_DEPTH views=4 azimuth_bins=180 elevation_bins=37 valid=1 certificates=0 short=0 held=0 local_candidates=3 yaw=31.36
[depth_angular_controller_goal-1] [INFO] [1791434935.749135901] [depth_angular_controller]: PAPER_BUILD reason=READY required=0.0100 best=8.0717 free=22 refined=0 tubes=0 revoked_tubes=0 proofs=0
[depth_angular_controller_goal-1] [INFO] [1791434935.796104670] [depth_angular_controller]: PAPER_EVIDENCE retained=12 balls=0 revoked_balls=0 expired_views=3692 evicted_views=0 radius=0.580 clearance=0.500 best_prefix=8.072
[depth_angular_controller_goal-1] [INFO] [1791434936.614427505] [depth_angular_controller]: OMNI_DEPTH views=4 azimuth_bins=180 elevation_bins=37 valid=1 certificates=0 short=0 held=0 local_candidates=3 yaw=31.36
[depth_angular_controller_goal-1] [INFO] [1791434936.614641477] [depth_angular_controller]: PAPER_BUILD reason=READY required=0.0100 best=8.0717 free=22 refined=0 tubes=0 revoked_tubes=0 proofs=0
[depth_angular_controller_goal-1] [INFO] [1791434936.672279096] [depth_angular_controller]: PAPER_EVIDENCE retained=12 balls=0 revoked_balls=0 expired_views=3716 evicted_views=0 radius=0.580 clearance=0.500 best_prefix=8.072
[position_cmd_to_twist-2] [INFO] [1791434937.395245827] [position_cmd_to_twist]: [PERF BRIDGE] run=p5_enable_goal_20261008_dynamic_ego1p5_1 elapsed=149.11s received=8691 published=8691 fps(ros/wall)=59.97/64.35 controller_to_bridge_ms(mean/p50/p95/max)=2.334/0.000/16.667/16.667 bridge_process_ms(mean/p95/max)=0.081/0.104/1.255
[NAV] t=145.0s position=(-64.00,-11.20,2.80) yaw=9.9deg command=(0.00,0.00,0.00) manual_active=1 collision_blocks=0
[depth_angular_controller_goal-1] [INFO] [1791434937.495440333] [depth_angular_controller]: OMNI_DEPTH views=4 azimuth_bins=180 elevation_bins=37 valid=1 certificates=0 short=0 held=0 local_candidates=3 yaw=31.36
[depth_angular_controller_goal-1] [INFO] [1791434937.495567943] [depth_angular_controller]: PAPER_BUILD reason=READY required=0.0100 best=8.0717 free=22 refined=0 tubes=0 revoked_tubes=0 proofs=0
[depth_angular_controller_goal-1] [INFO] [1791434937.554212956] [depth_angular_controller]: PAPER_EVIDENCE retained=12 balls=0 revoked_balls=0 expired_views=3740 evicted_views=0 radius=0.580 clearance=0.500 best_prefix=8.072
[depth_angular_controller_goal-1] [INFO] [1791434937.644547202] [depth_angular_controller]: [PERF CTRL] run=p5_enable_goal_20261008_dynamic_ego1p5_1 elapsed=149.47s callbacks=8709 commands=8708 guidance=8588 command_fps(ros/wall)=59.97/64.35 guidance_wall_fps=64.30 avoid_ms(mean/p50/p95/max)=3.213/0.873/16.603/27.842 cycle_ms(mean/p95/max)=15.540/33.032/94.774 depth_to_cmd_ms(mean/p95/max)=40.786/83.333/100.000 callback_to_publish_ms(mean/p95/max)=5.332/19.562/33.820
[depth_angular_controller_goal-1] [INFO] [1791434937.645240875] [depth_angular_controller]: EVIDENCE_COST ingest(mean/p95/max)=2.082/6.400/13.536 record=0.004/0.006/0.843 ms
[depth_angular_controller_goal-1] [INFO] [1791434937.645250253] [depth_angular_controller]: EVIDENCE_PHASE per_view_mean_ms balls=0.055 tubes=0.006 history=0.195 eviction=0.001
[depth_angular_controller_goal-1] [INFO] [1791434938.367688100] [depth_angular_controller]: OMNI_DEPTH views=4 azimuth_bins=180 elevation_bins=37 valid=1 certificates=0 short=0 held=0 local_candidates=3 yaw=31.36
[depth_angular_controller_goal-1] [INFO] [1791434938.368151260] [depth_angular_controller]: PAPER_BUILD reason=READY required=0.0100 best=8.0717 free=25 refined=0 tubes=0 revoked_tubes=0 proofs=0
[depth_angular_controller_goal-1] [INFO] [1791434938.428172439] [depth_angular_controller]: PAPER_EVIDENCE retained=12 balls=0 revoked_balls=0 expired_views=3764 evicted_views=0 radius=0.580 clearance=0.500 best_prefix=8.072
[depth_angular_controller_goal-1] [INFO] [1791434939.239654427] [depth_angular_controller]: OMNI_DEPTH views=4 azimuth_bins=180 elevation_bins=37 valid=1 certificates=0 short=0 held=0 local_candidates=3 yaw=31.36
[depth_angular_controller_goal-1] [INFO] [1791434939.241128087] [depth_angular_controller]: PAPER_BUILD reason=READY required=0.0100 best=8.0717 free=23 refined=0 tubes=0 revoked_tubes=0 proofs=0
[depth_angular_controller_goal-1] [INFO] [1791434939.304004952] [depth_angular_controller]: PAPER_EVIDENCE retained=12 balls=0 revoked_balls=0 expired_views=3788 evicted_views=0 radius=0.580 clearance=0.500 best_prefix=8.072
[depth_angular_controller_goal-1] [INFO] [1791434940.183425498] [depth_angular_controller]: OMNI_DEPTH views=4 azimuth_bins=180 elevation_bins=37 valid=1 certificates=0 short=0 held=0 local_candidates=3 yaw=31.36
[depth_angular_controller_goal-1] [INFO] [1791434940.197457889] [depth_angular_controller]: PAPER_BUILD reason=READY required=0.0100 best=8.0717 free=22 refined=0 tubes=0 revoked_tubes=0 proofs=0
[depth_angular_controller_goal-1] [INFO] [1791434940.246439481] [depth_angular_controller]: PAPER_EVIDENCE retained=12 balls=0 revoked_balls=0 expired_views=3812 evicted_views=0 radius=0.580 clearance=0.500 best_prefix=8.072
[depth_angular_controller_goal-1] [INFO] [1791434941.076706091] [depth_angular_controller]: OMNI_DEPTH views=4 azimuth_bins=180 elevation_bins=37 valid=1 certificates=0 short=0 held=0 local_candidates=3 yaw=31.36
[depth_angular_controller_goal-1] [INFO] [1791434941.076998311] [depth_angular_controller]: PAPER_BUILD reason=READY required=0.0100 best=8.0717 free=22 refined=0 tubes=0 revoked_tubes=0 proofs=0
[depth_angular_controller_goal-1] [INFO] [1791434941.139645204] [depth_angular_controller]: PAPER_EVIDENCE retained=12 balls=0 revoked_balls=0 expired_views=3836 evicted_views=0 radius=0.580 clearance=0.500 best_prefix=8.072
[position_cmd_to_twist-2] [INFO] [1791434941.916825649] [position_cmd_to_twist]: [PERF BRIDGE] run=p5_enable_goal_20261008_dynamic_ego1p5_1 elapsed=153.63s received=8991 published=8991 fps(ros/wall)=59.97/64.41 controller_to_bridge_ms(mean/p50/p95/max)=2.328/0.000/16.667/16.667 bridge_process_ms(mean/p95/max)=0.081/0.104/1.255
[NAV] t=150.0s position=(-64.00,-11.20,2.80) yaw=9.9deg command=(0.00,0.00,0.00) manual_active=1 collision_blocks=0
[depth_angular_controller_goal-1] [INFO] [1791434942.016822664] [depth_angular_controller]: OMNI_DEPTH views=4 azimuth_bins=180 elevation_bins=37 valid=1 certificates=0 short=0 held=0 local_candidates=3 yaw=31.36
[depth_angular_controller_goal-1] [INFO] [1791434942.016939674] [depth_angular_controller]: PAPER_BUILD reason=READY required=0.0100 best=8.0717 free=22 refined=0 tubes=0 revoked_tubes=0 proofs=0
[depth_angular_controller_goal-1] [INFO] [1791434942.075432290] [depth_angular_controller]: PAPER_EVIDENCE retained=12 balls=0 revoked_balls=0 expired_views=3860 evicted_views=0 radius=0.580 clearance=0.500 best_prefix=8.072
[depth_angular_controller_goal-1] [INFO] [1791434942.663660325] [depth_angular_controller]: [PERF CTRL] run=p5_enable_goal_20261008_dynamic_ego1p5_1 elapsed=154.49s callbacks=9043 commands=9042 guidance=8922 command_fps(ros/wall)=59.97/64.43 guidance_wall_fps=64.38 avoid_ms(mean/p50/p95/max)=3.209/0.873/16.554/27.842 cycle_ms(mean/p95/max)=15.521/32.911/94.774 depth_to_cmd_ms(mean/p95/max)=40.572/83.333/100.000 callback_to_publish_ms(mean/p95/max)=5.327/19.463/33.820
[depth_angular_controller_goal-1] [INFO] [1791434942.664405615] [depth_angular_controller]: EVIDENCE_COST ingest(mean/p95/max)=2.080/6.393/13.536 record=0.004/0.006/0.843 ms
[depth_angular_controller_goal-1] [INFO] [1791434942.664415614] [depth_angular_controller]: EVIDENCE_PHASE per_view_mean_ms balls=0.055 tubes=0.006 history=0.194 eviction=0.001
[depth_angular_controller_goal-1] [INFO] [1791434942.894338471] [depth_angular_controller]: OMNI_DEPTH views=4 azimuth_bins=180 elevation_bins=37 valid=1 certificates=0 short=0 held=0 local_candidates=3 yaw=31.36
[depth_angular_controller_goal-1] [INFO] [1791434942.894673200] [depth_angular_controller]: PAPER_BUILD reason=READY required=0.0100 best=8.0717 free=25 refined=0 tubes=0 revoked_tubes=0 proofs=0
[depth_angular_controller_goal-1] [INFO] [1791434942.961119884] [depth_angular_controller]: PAPER_EVIDENCE retained=12 balls=0 revoked_balls=0 expired_views=3884 evicted_views=0 radius=0.580 clearance=0.500 best_prefix=8.072
[depth_angular_controller_goal-1] [INFO] [1791434943.842355101] [depth_angular_controller]: OMNI_DEPTH views=4 azimuth_bins=180 elevation_bins=37 valid=1 certificates=0 short=0 held=0 local_candidates=3 yaw=31.36
[depth_angular_controller_goal-1] [INFO] [1791434943.843020501] [depth_angular_controller]: PAPER_BUILD reason=READY required=0.0100 best=8.0717 free=23 refined=0 tubes=0 revoked_tubes=0 proofs=0
[depth_angular_controller_goal-1] [INFO] [1791434943.906935888] [depth_angular_controller]: PAPER_EVIDENCE retained=12 balls=0 revoked_balls=0 expired_views=3908 evicted_views=0 radius=0.580 clearance=0.500 best_prefix=8.072
[depth_angular_controller_goal-1] [INFO] [1791434944.780318056] [depth_angular_controller]: OMNI_DEPTH views=4 azimuth_bins=180 elevation_bins=37 valid=1 certificates=0 short=0 held=0 local_candidates=3 yaw=31.36
[depth_angular_controller_goal-1] [INFO] [1791434944.794395432] [depth_angular_controller]: PAPER_BUILD reason=READY required=0.0100 best=8.0717 free=22 refined=0 tubes=0 revoked_tubes=0 proofs=0
[depth_angular_controller_goal-1] [INFO] [1791434944.848406356] [depth_angular_controller]: PAPER_EVIDENCE retained=12 balls=0 revoked_balls=0 expired_views=3932 evicted_views=0 radius=0.580 clearance=0.500 best_prefix=8.072
[depth_angular_controller_goal-1] [INFO] [1791434945.729229858] [depth_angular_controller]: OMNI_DEPTH views=4 azimuth_bins=180 elevation_bins=37 valid=1 certificates=0 short=0 held=0 local_candidates=3 yaw=31.36
[depth_angular_controller_goal-1] [INFO] [1791434945.730805359] [depth_angular_controller]: PAPER_BUILD reason=READY required=0.0100 best=8.0717 free=22 refined=0 tubes=0 revoked_tubes=0 proofs=0
[depth_angular_controller_goal-1] [INFO] [1791434945.792851694] [depth_angular_controller]: PAPER_EVIDENCE retained=12 balls=0 revoked_balls=0 expired_views=3956 evicted_views=0 radius=0.580 clearance=0.500 best_prefix=8.072
[position_cmd_to_twist-2] [INFO] [1791434946.507501755] [position_cmd_to_twist]: [PERF BRIDGE] run=p5_enable_goal_20261008_dynamic_ego1p5_1 elapsed=158.22s received=9291 published=9291 fps(ros/wall)=59.97/64.44 controller_to_bridge_ms(mean/p50/p95/max)=2.321/0.000/16.667/16.667 bridge_process_ms(mean/p95/max)=0.081/0.104/1.255
[NAV] t=155.0s position=(-64.00,-11.20,2.80) yaw=9.9deg command=(0.00,0.00,0.00) manual_active=1 collision_blocks=0
[depth_angular_controller_goal-1] [INFO] [1791434946.612224181] [depth_angular_controller]: OMNI_DEPTH views=4 azimuth_bins=180 elevation_bins=37 valid=1 certificates=0 short=0 held=0 local_candidates=3 yaw=31.36
[depth_angular_controller_goal-1] [INFO] [1791434946.612537309] [depth_angular_controller]: PAPER_BUILD reason=READY required=0.0100 best=8.0717 free=22 refined=0 tubes=0 revoked_tubes=0 proofs=0
[depth_angular_controller_goal-1] [INFO] [1791434946.667886037] [depth_angular_controller]: PAPER_EVIDENCE retained=11 balls=0 revoked_balls=0 expired_views=3980 evicted_views=0 radius=0.580 clearance=0.500 best_prefix=8.072
[depth_angular_controller_goal-1] [INFO] [1791434947.569857062] [depth_angular_controller]: OMNI_DEPTH views=4 azimuth_bins=180 elevation_bins=37 valid=1 certificates=0 short=0 held=0 local_candidates=3 yaw=31.36
[depth_angular_controller_goal-1] [INFO] [1791434947.570001754] [depth_angular_controller]: PAPER_BUILD reason=READY required=0.0100 best=8.0717 free=25 refined=0 tubes=0 revoked_tubes=0 proofs=0
[depth_angular_controller_goal-1] [INFO] [1791434947.626014510] [depth_angular_controller]: PAPER_EVIDENCE retained=13 balls=0 revoked_balls=0 expired_views=4002 evicted_views=0 radius=0.580 clearance=0.500 best_prefix=8.072
[depth_angular_controller_goal-1] [INFO] [1791434947.670041290] [depth_angular_controller]: [PERF CTRL] run=p5_enable_goal_20261008_dynamic_ego1p5_1 elapsed=159.49s callbacks=9367 commands=9366 guidance=9246 command_fps(ros/wall)=59.97/64.44 guidance_wall_fps=64.39 avoid_ms(mean/p50/p95/max)=3.206/0.874/16.541/27.842 cycle_ms(mean/p95/max)=15.519/32.877/96.079 depth_to_cmd_ms(mean/p95/max)=40.394/83.333/100.000 callback_to_publish_ms(mean/p95/max)=5.325/19.430/33.820
[depth_angular_controller_goal-1] [INFO] [1791434947.670784116] [depth_angular_controller]: EVIDENCE_COST ingest(mean/p95/max)=2.079/6.391/13.536 record=0.004/0.006/0.843 ms
[depth_angular_controller_goal-1] [INFO] [1791434947.670809223] [depth_angular_controller]: EVIDENCE_PHASE per_view_mean_ms balls=0.055 tubes=0.006 history=0.194 eviction=0.001
[depth_angular_controller_goal-1] [INFO] [1791434948.638378909] [depth_angular_controller]: OMNI_DEPTH views=4 azimuth_bins=180 elevation_bins=37 valid=1 certificates=0 short=0 held=0 local_candidates=3 yaw=31.36
[depth_angular_controller_goal-1] [INFO] [1791434948.638557615] [depth_angular_controller]: PAPER_BUILD reason=READY required=0.0100 best=8.0717 free=23 refined=0 tubes=0 revoked_tubes=0 proofs=0
[depth_angular_controller_goal-1] [INFO] [1791434948.700364710] [depth_angular_controller]: PAPER_EVIDENCE retained=12 balls=0 revoked_balls=0 expired_views=4027 evicted_views=0 radius=0.580 clearance=0.500 best_prefix=8.072
[depth_angular_controller_goal-1] [INFO] [1791434949.650667947] [depth_angular_controller]: OMNI_DEPTH views=4 azimuth_bins=180 elevation_bins=37 valid=1 certificates=0 short=0 held=0 local_candidates=3 yaw=31.36
[depth_angular_controller_goal-1] [INFO] [1791434949.666332074] [depth_angular_controller]: PAPER_BUILD reason=READY required=0.0100 best=8.0717 free=22 refined=0 tubes=0 revoked_tubes=0 proofs=0
[depth_angular_controller_goal-1] [INFO] [1791434949.715532237] [depth_angular_controller]: PAPER_EVIDENCE retained=12 balls=0 revoked_balls=0 expired_views=4051 evicted_views=0 radius=0.580 clearance=0.500 best_prefix=8.072
[depth_angular_controller_goal-1] [INFO] [1791434950.599763193] [depth_angular_controller]: OMNI_DEPTH views=4 azimuth_bins=180 elevation_bins=37 valid=1 certificates=0 short=0 held=0 local_candidates=3 yaw=31.36
[depth_angular_controller_goal-1] [INFO] [1791434950.627604957] [depth_angular_controller]: PAPER_BUILD reason=READY required=0.0100 best=8.0717 free=22 refined=0 tubes=0 revoked_tubes=0 proofs=0
[depth_angular_controller_goal-1] [INFO] [1791434950.664211702] [depth_angular_controller]: PAPER_EVIDENCE retained=12 balls=0 revoked_balls=0 expired_views=4075 evicted_views=0 radius=0.580 clearance=0.500 best_prefix=8.072
[position_cmd_to_twist-2] [INFO] [1791434951.380441692] [position_cmd_to_twist]: [PERF BRIDGE] run=p5_enable_goal_20261008_dynamic_ego1p5_1 elapsed=163.10s received=9591 published=9591 fps(ros/wall)=59.97/64.35 controller_to_bridge_ms(mean/p50/p95/max)=2.315/0.000/16.667/16.667 bridge_process_ms(mean/p95/max)=0.081/0.104/1.255
[NAV] t=160.0s position=(-64.00,-11.20,2.80) yaw=9.9deg command=(0.00,0.00,0.00) manual_active=1 collision_blocks=0
[depth_angular_controller_goal-1] [INFO] [1791434951.486077936] [depth_angular_controller]: OMNI_DEPTH views=4 azimuth_bins=180 elevation_bins=37 valid=1 certificates=0 short=0 held=0 local_candidates=3 yaw=31.36
[depth_angular_controller_goal-1] [INFO] [1791434951.529792950] [depth_angular_controller]: PAPER_BUILD reason=READY required=0.0100 best=8.0717 free=25 refined=0 tubes=0 revoked_tubes=0 proofs=0
[depth_angular_controller_goal-1] [INFO] [1791434951.543200908] [depth_angular_controller]: PAPER_EVIDENCE retained=12 balls=0 revoked_balls=0 expired_views=4099 evicted_views=0 radius=0.580 clearance=0.500 best_prefix=8.072
[depth_angular_controller_goal-1] [INFO] [1791434952.371388070] [depth_angular_controller]: OMNI_DEPTH views=4 azimuth_bins=180 elevation_bins=37 valid=1 certificates=0 short=0 held=0 local_candidates=3 yaw=31.36
[depth_angular_controller_goal-1] [INFO] [1791434952.426817500] [depth_angular_controller]: PAPER_BUILD reason=READY required=0.0100 best=8.0717 free=25 refined=0 tubes=0 revoked_tubes=0 proofs=0
[depth_angular_controller_goal-1] [INFO] [1791434952.495849983] [depth_angular_controller]: PAPER_EVIDENCE retained=12 balls=0 revoked_balls=0 expired_views=4123 evicted_views=0 radius=0.580 clearance=0.500 best_prefix=8.072
[depth_angular_controller_goal-1] [INFO] [1791434952.673412769] [depth_angular_controller]: [PERF CTRL] run=p5_enable_goal_20261008_dynamic_ego1p5_1 elapsed=164.49s callbacks=9676 commands=9675 guidance=9555 command_fps(ros/wall)=59.98/64.35 guidance_wall_fps=64.30 avoid_ms(mean/p50/p95/max)=3.203/0.873/16.535/27.842 cycle_ms(mean/p95/max)=15.540/32.887/96.079 depth_to_cmd_ms(mean/p95/max)=40.242/83.333/100.000 callback_to_publish_ms(mean/p95/max)=5.323/19.396/33.820
[depth_angular_controller_goal-1] [INFO] [1791434952.674179009] [depth_angular_controller]: EVIDENCE_COST ingest(mean/p95/max)=2.078/6.391/13.536 record=0.004/0.006/0.843 ms
[depth_angular_controller_goal-1] [INFO] [1791434952.674186854] [depth_angular_controller]: EVIDENCE_PHASE per_view_mean_ms balls=0.055 tubes=0.006 history=0.194 eviction=0.001
[depth_angular_controller_goal-1] [INFO] [1791434953.314290709] [depth_angular_controller]: OMNI_DEPTH views=4 azimuth_bins=180 elevation_bins=37 valid=1 certificates=0 short=0 held=0 local_candidates=3 yaw=31.36
[depth_angular_controller_goal-1] [INFO] [1791434953.353870512] [depth_angular_controller]: PAPER_BUILD reason=READY required=0.0100 best=8.0717 free=23 refined=0 tubes=0 revoked_tubes=0 proofs=0
[depth_angular_controller_goal-1] [INFO] [1791434953.374746114] [depth_angular_controller]: PAPER_EVIDENCE retained=12 balls=0 revoked_balls=0 expired_views=4147 evicted_views=0 radius=0.580 clearance=0.500 best_prefix=8.072
[depth_angular_controller_goal-1] [INFO] [1791434954.261045006] [depth_angular_controller]: OMNI_DEPTH views=4 azimuth_bins=180 elevation_bins=37 valid=1 certificates=0 short=0 held=0 local_candidates=3 yaw=31.36
[depth_angular_controller_goal-1] [INFO] [1791434954.302175013] [depth_angular_controller]: PAPER_BUILD reason=READY required=0.0100 best=8.0717 free=22 refined=0 tubes=0 revoked_tubes=0 proofs=0
[depth_angular_controller_goal-1] [INFO] [1791434954.321932784] [depth_angular_controller]: PAPER_EVIDENCE retained=12 balls=0 revoked_balls=0 expired_views=4171 evicted_views=0 radius=0.580 clearance=0.500 best_prefix=8.072
[depth_angular_controller_goal-1] [INFO] [1791434955.266539585] [depth_angular_controller]: OMNI_DEPTH views=4 azimuth_bins=180 elevation_bins=37 valid=1 certificates=0 short=0 held=0 local_candidates=3 yaw=31.36
[depth_angular_controller_goal-1] [INFO] [1791434955.306547412] [depth_angular_controller]: PAPER_BUILD reason=READY required=0.0100 best=8.0717 free=22 refined=0 tubes=0 revoked_tubes=0 proofs=0
[depth_angular_controller_goal-1] [INFO] [1791434955.328085209] [depth_angular_controller]: PAPER_EVIDENCE retained=12 balls=0 revoked_balls=0 expired_views=4195 evicted_views=0 radius=0.580 clearance=0.500 best_prefix=8.072
[position_cmd_to_twist-2] [INFO] [1791434956.102131494] [position_cmd_to_twist]: [PERF BRIDGE] run=p5_enable_goal_20261008_dynamic_ego1p5_1 elapsed=167.82s received=9891 published=9891 fps(ros/wall)=59.98/64.32 controller_to_bridge_ms(mean/p50/p95/max)=2.314/0.000/16.667/16.667 bridge_process_ms(mean/p95/max)=0.081/0.104/1.255
[NAV] t=165.0s position=(-64.00,-11.20,2.80) yaw=9.9deg command=(0.00,0.00,0.00) manual_active=1 collision_blocks=0
[depth_angular_controller_goal-1] [INFO] [1791434956.204964599] [depth_angular_controller]: OMNI_DEPTH views=4 azimuth_bins=180 elevation_bins=37 valid=1 certificates=0 short=0 held=0 local_candidates=3 yaw=31.36
[depth_angular_controller_goal-1] [INFO] [1791434956.249325868] [depth_angular_controller]: PAPER_BUILD reason=READY required=0.0100 best=8.0717 free=25 refined=0 tubes=0 revoked_tubes=0 proofs=0
[depth_angular_controller_goal-1] [INFO] [1791434956.260335619] [depth_angular_controller]: PAPER_EVIDENCE retained=12 balls=0 revoked_balls=0 expired_views=4219 evicted_views=0 radius=0.580 clearance=0.500 best_prefix=8.072
[depth_angular_controller_goal-1] [INFO] [1791434957.096092227] [depth_angular_controller]: OMNI_DEPTH views=4 azimuth_bins=180 elevation_bins=37 valid=1 certificates=0 short=0 held=0 local_candidates=3 yaw=31.36
[depth_angular_controller_goal-1] [INFO] [1791434957.151852347] [depth_angular_controller]: PAPER_BUILD reason=READY required=0.0100 best=8.0717 free=25 refined=0 tubes=0 revoked_tubes=0 proofs=0
[depth_angular_controller_goal-1] [INFO] [1791434957.151887283] [depth_angular_controller]: PAPER_EVIDENCE retained=13 balls=0 revoked_balls=0 expired_views=4242 evicted_views=0 radius=0.580 clearance=0.500 best_prefix=8.072
[depth_angular_controller_goal-1] [INFO] [1791434957.675788647] [depth_angular_controller]: [PERF CTRL] run=p5_enable_goal_20261008_dynamic_ego1p5_1 elapsed=169.50s callbacks=9999 commands=9998 guidance=9878 command_fps(ros/wall)=59.98/64.36 guidance_wall_fps=64.31 avoid_ms(mean/p50/p95/max)=3.201/0.874/16.509/27.842 cycle_ms(mean/p95/max)=15.538/32.877/96.079 depth_to_cmd_ms(mean/p95/max)=40.067/83.333/100.000 callback_to_publish_ms(mean/p95/max)=5.321/19.376/33.820
[depth_angular_controller_goal-1] [INFO] [1791434957.676602777] [depth_angular_controller]: EVIDENCE_COST ingest(mean/p95/max)=2.076/6.387/13.536 record=0.004/0.006/0.843 ms
[depth_angular_controller_goal-1] [INFO] [1791434957.676618778] [depth_angular_controller]: EVIDENCE_PHASE per_view_mean_ms balls=0.055 tubes=0.006 history=0.193 eviction=0.001
[depth_angular_controller_goal-1] [INFO] [1791434958.037968016] [depth_angular_controller]: OMNI_DEPTH views=4 azimuth_bins=180 elevation_bins=37 valid=1 certificates=0 short=0 held=0 local_candidates=3 yaw=31.36
[depth_angular_controller_goal-1] [INFO] [1791434958.099161928] [depth_angular_controller]: PAPER_BUILD reason=READY required=0.0100 best=8.0717 free=23 refined=0 tubes=0 revoked_tubes=0 proofs=0
[depth_angular_controller_goal-1] [INFO] [1791434958.099203186] [depth_angular_controller]: PAPER_EVIDENCE retained=12 balls=0 revoked_balls=0 expired_views=4266 evicted_views=0 radius=0.580 clearance=0.500 best_prefix=8.072
[depth_angular_controller_goal-1] [INFO] [1791434959.030865260] [depth_angular_controller]: OMNI_DEPTH views=4 azimuth_bins=180 elevation_bins=37 valid=1 certificates=0 short=0 held=0 local_candidates=3 yaw=31.36
[depth_angular_controller_goal-1] [INFO] [1791434959.155321162] [depth_angular_controller]: PAPER_BUILD reason=READY required=0.0100 best=8.0717 free=22 refined=0 tubes=0 revoked_tubes=0 proofs=0
[depth_angular_controller_goal-1] [INFO] [1791434959.155360175] [depth_angular_controller]: PAPER_EVIDENCE retained=12 balls=0 revoked_balls=0 expired_views=4290 evicted_views=0 radius=0.580 clearance=0.500 best_prefix=8.072
[depth_angular_controller_goal-1] [INFO] [1791434960.037378483] [depth_angular_controller]: OMNI_DEPTH views=4 azimuth_bins=180 elevation_bins=37 valid=1 certificates=0 short=0 held=0 local_candidates=3 yaw=31.36
[depth_angular_controller_goal-1] [INFO] [1791434960.096231797] [depth_angular_controller]: PAPER_BUILD reason=READY required=0.0100 best=8.0717 free=22 refined=0 tubes=0 revoked_tubes=0 proofs=0
[depth_angular_controller_goal-1] [INFO] [1791434960.096271592] [depth_angular_controller]: PAPER_EVIDENCE retained=12 balls=0 revoked_balls=0 expired_views=4314 evicted_views=0 radius=0.580 clearance=0.500 best_prefix=8.072
[position_cmd_to_twist-2] [INFO] [1791434960.877868306] [position_cmd_to_twist]: [PERF BRIDGE] run=p5_enable_goal_20261008_dynamic_ego1p5_1 elapsed=172.59s received=10191 published=10191 fps(ros/wall)=59.98/64.28 controller_to_bridge_ms(mean/p50/p95/max)=2.308/0.000/16.667/16.667 bridge_process_ms(mean/p95/max)=0.081/0.104/1.255
[NAV] t=170.0s position=(-64.00,-11.20,2.80) yaw=9.9deg command=(0.00,0.00,0.00) manual_active=1 collision_blocks=0
[depth_angular_controller_goal-1] [INFO] [1791434961.044550755] [depth_angular_controller]: OMNI_DEPTH views=4 azimuth_bins=180 elevation_bins=37 valid=1 certificates=0 short=0 held=0 local_candidates=3 yaw=31.36
[depth_angular_controller_goal-1] [INFO] [1791434961.099274067] [depth_angular_controller]: PAPER_BUILD reason=READY required=0.0100 best=8.0717 free=25 refined=0 tubes=0 revoked_tubes=0 proofs=0
[depth_angular_controller_goal-1] [INFO] [1791434961.099315465] [depth_angular_controller]: PAPER_EVIDENCE retained=12 balls=0 revoked_balls=0 expired_views=4339 evicted_views=0 radius=0.580 clearance=0.500 best_prefix=8.072
[depth_angular_controller_goal-1] [INFO] [1791434961.941034137] [depth_angular_controller]: OMNI_DEPTH views=4 azimuth_bins=180 elevation_bins=37 valid=1 certificates=0 short=0 held=0 local_candidates=3 yaw=31.36
[depth_angular_controller_goal-1] [INFO] [1791434961.997852467] [depth_angular_controller]: PAPER_BUILD reason=READY required=0.0100 best=8.0717 free=25 refined=0 tubes=0 revoked_tubes=0 proofs=0
[depth_angular_controller_goal-1] [INFO] [1791434961.997888344] [depth_angular_controller]: PAPER_EVIDENCE retained=13 balls=0 revoked_balls=0 expired_views=4362 evicted_views=0 radius=0.580 clearance=0.500 best_prefix=8.072
[depth_angular_controller_goal-1] [INFO] [1791434962.701900563] [depth_angular_controller]: [PERF CTRL] run=p5_enable_goal_20261008_dynamic_ego1p5_1 elapsed=174.52s callbacks=10311 commands=10310 guidance=10190 command_fps(ros/wall)=59.98/64.29 guidance_wall_fps=64.24 avoid_ms(mean/p50/p95/max)=3.201/0.875/16.505/27.842 cycle_ms(mean/p95/max)=15.556/32.884/96.079 depth_to_cmd_ms(mean/p95/max)=39.841/83.333/100.000 callback_to_publish_ms(mean/p95/max)=5.321/19.374/33.820
[depth_angular_controller_goal-1] [INFO] [1791434962.702694615] [depth_angular_controller]: EVIDENCE_COST ingest(mean/p95/max)=2.076/6.369/13.536 record=0.004/0.006/0.843 ms
[depth_angular_controller_goal-1] [INFO] [1791434962.702701759] [depth_angular_controller]: EVIDENCE_PHASE per_view_mean_ms balls=0.055 tubes=0.006 history=0.193 eviction=0.001
[depth_angular_controller_goal-1] [INFO] [1791434962.824709069] [depth_angular_controller]: OMNI_DEPTH views=4 azimuth_bins=180 elevation_bins=37 valid=1 certificates=0 short=0 held=0 local_candidates=3 yaw=31.36
[depth_angular_controller_goal-1] [INFO] [1791434962.883375852] [depth_angular_controller]: PAPER_BUILD reason=READY required=0.0100 best=8.0717 free=23 refined=0 tubes=0 revoked_tubes=0 proofs=0
[depth_angular_controller_goal-1] [INFO] [1791434962.883410487] [depth_angular_controller]: PAPER_EVIDENCE retained=12 balls=0 revoked_balls=0 expired_views=4387 evicted_views=0 radius=0.580 clearance=0.500 best_prefix=8.072
[depth_angular_controller_goal-1] [INFO] [1791434963.777603235] [depth_angular_controller]: OMNI_DEPTH views=4 azimuth_bins=180 elevation_bins=37 valid=1 certificates=0 short=0 held=0 local_candidates=3 yaw=31.36
[depth_angular_controller_goal-1] [INFO] [1791434963.836238679] [depth_angular_controller]: PAPER_BUILD reason=READY required=0.0100 best=8.0717 free=22 refined=0 tubes=0 revoked_tubes=0 proofs=0
[depth_angular_controller_goal-1] [INFO] [1791434963.836272062] [depth_angular_controller]: PAPER_EVIDENCE retained=12 balls=0 revoked_balls=0 expired_views=4411 evicted_views=0 radius=0.580 clearance=0.500 best_prefix=8.072
[depth_angular_controller_goal-1] [INFO] [1791434964.782299453] [depth_angular_controller]: OMNI_DEPTH views=4 azimuth_bins=180 elevation_bins=37 valid=1 certificates=0 short=0 held=0 local_candidates=3 yaw=31.36
[depth_angular_controller_goal-1] [INFO] [1791434964.842937852] [depth_angular_controller]: PAPER_BUILD reason=READY required=0.0100 best=8.0717 free=22 refined=0 tubes=0 revoked_tubes=0 proofs=0
[depth_angular_controller_goal-1] [INFO] [1791434964.842979550] [depth_angular_controller]: PAPER_EVIDENCE retained=11 balls=0 revoked_balls=0 expired_views=4435 evicted_views=0 radius=0.580 clearance=0.500 best_prefix=8.072
[position_cmd_to_twist-2] [INFO] [1791434965.690710171] [position_cmd_to_twist]: [PERF BRIDGE] run=p5_enable_goal_20261008_dynamic_ego1p5_1 elapsed=177.41s received=10490 published=10490 fps(ros/wall)=59.97/64.24 controller_to_bridge_ms(mean/p50/p95/max)=2.302/0.000/16.667/16.667 bridge_process_ms(mean/p95/max)=0.081/0.104/1.255
[NAV] t=175.0s position=(-64.00,-11.20,2.80) yaw=9.9deg command=(0.00,0.00,0.00) manual_active=1 collision_blocks=0
[depth_angular_controller_goal-1] [INFO] [1791434965.794834102] [depth_angular_controller]: OMNI_DEPTH views=4 azimuth_bins=180 elevation_bins=37 valid=1 certificates=0 short=0 held=0 local_candidates=3 yaw=31.36
[depth_angular_controller_goal-1] [INFO] [1791434965.853043105] [depth_angular_controller]: PAPER_BUILD reason=READY required=0.0100 best=8.0717 free=25 refined=0 tubes=0 revoked_tubes=0 proofs=0
[depth_angular_controller_goal-1] [INFO] [1791434965.853083251] [depth_angular_controller]: PAPER_EVIDENCE retained=12 balls=0 revoked_balls=0 expired_views=4458 evicted_views=0 radius=0.580 clearance=0.500 best_prefix=8.072
[depth_angular_controller_goal-1] [INFO] [1791434966.800943597] [depth_angular_controller]: OMNI_DEPTH views=4 azimuth_bins=180 elevation_bins=37 valid=1 certificates=0 short=0 held=0 local_candidates=3 yaw=31.36
[depth_angular_controller_goal-1] [INFO] [1791434966.861630767] [depth_angular_controller]: PAPER_BUILD reason=READY required=0.0100 best=8.0717 free=25 refined=0 tubes=0 revoked_tubes=0 proofs=0
[depth_angular_controller_goal-1] [INFO] [1791434966.861667426] [depth_angular_controller]: PAPER_EVIDENCE retained=12 balls=0 revoked_balls=0 expired_views=4482 evicted_views=0 radius=0.580 clearance=0.500 best_prefix=8.072
[depth_angular_controller_goal-1] [INFO] [1791434967.704233721] [depth_angular_controller]: [PERF CTRL] run=p5_enable_goal_20261008_dynamic_ego1p5_1 elapsed=179.53s callbacks=10612 commands=10611 guidance=10491 command_fps(ros/wall)=59.97/64.16 guidance_wall_fps=64.12 avoid_ms(mean/p50/p95/max)=3.198/0.873/16.502/27.842 cycle_ms(mean/p95/max)=15.586/32.887/96.079 depth_to_cmd_ms(mean/p95/max)=39.696/83.333/100.000 callback_to_publish_ms(mean/p95/max)=5.319/19.362/33.820
[depth_angular_controller_goal-1] [INFO] [1791434967.705507485] [depth_angular_controller]: EVIDENCE_COST ingest(mean/p95/max)=2.076/6.354/13.536 record=0.004/0.006/0.843 ms
[depth_angular_controller_goal-1] [INFO] [1791434967.705529126] [depth_angular_controller]: EVIDENCE_PHASE per_view_mean_ms balls=0.055 tubes=0.006 history=0.193 eviction=0.001
[depth_angular_controller_goal-1] [INFO] [1791434967.805468874] [depth_angular_controller]: OMNI_DEPTH views=4 azimuth_bins=180 elevation_bins=37 valid=1 certificates=0 short=0 held=0 local_candidates=3 yaw=31.36
[depth_angular_controller_goal-1] [INFO] [1791434967.867513505] [depth_angular_controller]: PAPER_BUILD reason=READY required=0.0100 best=8.0717 free=23 refined=0 tubes=0 revoked_tubes=0 proofs=0
[depth_angular_controller_goal-1] [INFO] [1791434967.867547990] [depth_angular_controller]: PAPER_EVIDENCE retained=12 balls=0 revoked_balls=0 expired_views=4506 evicted_views=0 radius=0.580 clearance=0.500 best_prefix=8.072
[depth_angular_controller_goal-1] [INFO] [1791434968.745982423] [depth_angular_controller]: OMNI_DEPTH views=4 azimuth_bins=180 elevation_bins=37 valid=1 certificates=0 short=0 held=0 local_candidates=3 yaw=31.36
[depth_angular_controller_goal-1] [INFO] [1791434968.808545739] [depth_angular_controller]: PAPER_BUILD reason=READY required=0.0100 best=8.0717 free=22 refined=0 tubes=0 revoked_tubes=0 proofs=0
[depth_angular_controller_goal-1] [INFO] [1791434968.808582899] [depth_angular_controller]: PAPER_EVIDENCE retained=12 balls=0 revoked_balls=0 expired_views=4530 evicted_views=0 radius=0.580 clearance=0.500 best_prefix=8.072
[depth_angular_controller_goal-1] [INFO] [1791434969.691995036] [depth_angular_controller]: OMNI_DEPTH views=4 azimuth_bins=180 elevation_bins=37 valid=1 certificates=0 short=0 held=0 local_candidates=3 yaw=31.36
[depth_angular_controller_goal-1] [INFO] [1791434969.751781444] [depth_angular_controller]: PAPER_BUILD reason=READY required=0.0100 best=8.0717 free=22 refined=0 tubes=0 revoked_tubes=0 proofs=0
[depth_angular_controller_goal-1] [INFO] [1791434969.751816479] [depth_angular_controller]: PAPER_EVIDENCE retained=12 balls=0 revoked_balls=0 expired_views=4554 evicted_views=0 radius=0.580 clearance=0.500 best_prefix=8.072
[position_cmd_to_twist-2] [INFO] [1791434970.462010957] [position_cmd_to_twist]: [PERF BRIDGE] run=p5_enable_goal_20261008_dynamic_ego1p5_1 elapsed=182.18s received=10790 published=10790 fps(ros/wall)=59.97/64.18 controller_to_bridge_ms(mean/p50/p95/max)=2.298/0.000/16.667/16.667 bridge_process_ms(mean/p95/max)=0.081/0.103/1.255
[NAV] t=180.0s position=(-64.00,-11.20,2.80) yaw=9.9deg command=(0.00,0.00,0.00) manual_active=1 collision_blocks=0
[depth_angular_controller_goal-1] [INFO] [1791434970.564093843] [depth_angular_controller]: OMNI_DEPTH views=4 azimuth_bins=180 elevation_bins=37 valid=1 certificates=0 short=0 held=0 local_candidates=3 yaw=31.36
[depth_angular_controller_goal-1] [INFO] [1791434970.621574817] [depth_angular_controller]: PAPER_BUILD reason=READY required=0.0100 best=8.0717 free=25 refined=0 tubes=0 revoked_tubes=0 proofs=0
[depth_angular_controller_goal-1] [INFO] [1791434970.621608060] [depth_angular_controller]: PAPER_EVIDENCE retained=12 balls=0 revoked_balls=0 expired_views=4578 evicted_views=0 radius=0.580 clearance=0.500 best_prefix=8.072
[depth_angular_controller_goal-1] [INFO] [1791434971.446454103] [depth_angular_controller]: OMNI_DEPTH views=4 azimuth_bins=180 elevation_bins=37 valid=1 certificates=0 short=0 held=0 local_candidates=3 yaw=31.36
[depth_angular_controller_goal-1] [INFO] [1791434971.504707349] [depth_angular_controller]: PAPER_BUILD reason=READY required=0.0100 best=8.0717 free=25 refined=0 tubes=0 revoked_tubes=0 proofs=0
[depth_angular_controller_goal-1] [INFO] [1791434971.504743507] [depth_angular_controller]: PAPER_EVIDENCE retained=14 balls=0 revoked_balls=0 expired_views=4600 evicted_views=0 radius=0.580 clearance=0.500 best_prefix=8.072
[depth_angular_controller_goal-1] [INFO] [1791434972.321289533] [depth_angular_controller]: OMNI_DEPTH views=4 azimuth_bins=180 elevation_bins=37 valid=1 certificates=0 short=0 held=0 local_candidates=3 yaw=31.36
[depth_angular_controller_goal-1] [INFO] [1791434972.442205752] [depth_angular_controller]: PAPER_BUILD reason=READY required=0.0100 best=8.0717 free=23 refined=0 tubes=0 revoked_tubes=0 proofs=0
[depth_angular_controller_goal-1] [INFO] [1791434972.442238333] [depth_angular_controller]: PAPER_EVIDENCE retained=12 balls=0 revoked_balls=0 expired_views=4626 evicted_views=0 radius=0.580 clearance=0.500 best_prefix=8.072
[depth_angular_controller_goal-1] [INFO] [1791434972.710366600] [depth_angular_controller]: [PERF CTRL] run=p5_enable_goal_20261008_dynamic_ego1p5_1 elapsed=184.53s callbacks=10941 commands=10940 guidance=10820 command_fps(ros/wall)=59.97/64.21 guidance_wall_fps=64.16 avoid_ms(mean/p50/p95/max)=3.195/0.874/16.471/27.842 cycle_ms(mean/p95/max)=15.575/32.877/96.079 depth_to_cmd_ms(mean/p95/max)=39.549/83.333/100.000 callback_to_publish_ms(mean/p95/max)=5.317/19.324/33.820
[depth_angular_controller_goal-1] [INFO] [1791434972.711179628] [depth_angular_controller]: EVIDENCE_COST ingest(mean/p95/max)=2.076/6.329/13.536 record=0.004/0.006/0.843 ms
[depth_angular_controller_goal-1] [INFO] [1791434972.711185689] [depth_angular_controller]: EVIDENCE_PHASE per_view_mean_ms balls=0.055 tubes=0.006 history=0.192 eviction=0.001
[depth_angular_controller_goal-1] [INFO] [1791434973.265206638] [depth_angular_controller]: OMNI_DEPTH views=4 azimuth_bins=180 elevation_bins=37 valid=1 certificates=0 short=0 held=0 local_candidates=3 yaw=31.36
[depth_angular_controller_goal-1] [INFO] [1791434973.330964327] [depth_angular_controller]: PAPER_BUILD reason=READY required=0.0100 best=8.0717 free=22 refined=0 tubes=0 revoked_tubes=0 proofs=0
[depth_angular_controller_goal-1] [INFO] [1791434973.330999273] [depth_angular_controller]: PAPER_EVIDENCE retained=12 balls=0 revoked_balls=0 expired_views=4650 evicted_views=0 radius=0.580 clearance=0.500 best_prefix=8.072
[depth_angular_controller_goal-1] [INFO] [1791434974.215540382] [depth_angular_controller]: OMNI_DEPTH views=4 azimuth_bins=180 elevation_bins=37 valid=1 certificates=0 short=0 held=0 local_candidates=3 yaw=31.36
[depth_angular_controller_goal-1] [INFO] [1791434974.276218004] [depth_angular_controller]: PAPER_BUILD reason=READY required=0.0100 best=8.0717 free=22 refined=0 tubes=0 revoked_tubes=0 proofs=0
[depth_angular_controller_goal-1] [INFO] [1791434974.276260584] [depth_angular_controller]: PAPER_EVIDENCE retained=12 balls=0 revoked_balls=0 expired_views=4674 evicted_views=0 radius=0.580 clearance=0.500 best_prefix=8.072
[position_cmd_to_twist-2] [INFO] [1791434975.001760295] [position_cmd_to_twist]: [PERF BRIDGE] run=p5_enable_goal_20261008_dynamic_ego1p5_1 elapsed=186.72s received=11090 published=11090 fps(ros/wall)=59.97/64.23 controller_to_bridge_ms(mean/p50/p95/max)=2.290/0.000/16.667/16.667 bridge_process_ms(mean/p95/max)=0.081/0.103/1.255
[NAV] t=185.0s position=(-64.00,-11.20,2.80) yaw=9.9deg command=(0.00,0.00,0.00) manual_active=1 collision_blocks=0
[depth_angular_controller_goal-1] [INFO] [1791434975.108010232] [depth_angular_controller]: OMNI_DEPTH views=4 azimuth_bins=180 elevation_bins=37 valid=1 certificates=0 short=0 held=0 local_candidates=3 yaw=31.36
[depth_angular_controller_goal-1] [INFO] [1791434975.165396839] [depth_angular_controller]: PAPER_BUILD reason=READY required=0.0100 best=8.0717 free=25 refined=0 tubes=0 revoked_tubes=0 proofs=0
[depth_angular_controller_goal-1] [INFO] [1791434975.165440982] [depth_angular_controller]: PAPER_EVIDENCE retained=12 balls=0 revoked_balls=0 expired_views=4698 evicted_views=0 radius=0.580 clearance=0.500 best_prefix=8.072
[depth_angular_controller_goal-1] [INFO] [1791434975.992243543] [depth_angular_controller]: OMNI_DEPTH views=4 azimuth_bins=180 elevation_bins=37 valid=1 certificates=0 short=0 held=0 local_candidates=3 yaw=31.36
[depth_angular_controller_goal-1] [INFO] [1791434976.053682256] [depth_angular_controller]: PAPER_BUILD reason=READY required=0.0100 best=8.0717 free=25 refined=0 tubes=0 revoked_tubes=0 proofs=0
[depth_angular_controller_goal-1] [INFO] [1791434976.053723493] [depth_angular_controller]: PAPER_EVIDENCE retained=12 balls=0 revoked_balls=0 expired_views=4722 evicted_views=0 radius=0.580 clearance=0.500 best_prefix=8.072
[depth_angular_controller_goal-1] [INFO] [1791434976.937732262] [depth_angular_controller]: OMNI_DEPTH views=4 azimuth_bins=180 elevation_bins=37 valid=1 certificates=0 short=0 held=0 local_candidates=3 yaw=31.36
[depth_angular_controller_goal-1] [INFO] [1791434976.996342940] [depth_angular_controller]: PAPER_BUILD reason=READY required=0.0100 best=8.0717 free=23 refined=0 tubes=0 revoked_tubes=0 proofs=0
[depth_angular_controller_goal-1] [INFO] [1791434976.996380120] [depth_angular_controller]: PAPER_EVIDENCE retained=12 balls=0 revoked_balls=0 expired_views=4746 evicted_views=0 radius=0.580 clearance=0.500 best_prefix=8.072
[depth_angular_controller_goal-1] [INFO] [1791434977.710872334] [depth_angular_controller]: [PERF CTRL] run=p5_enable_goal_20261008_dynamic_ego1p5_1 elapsed=189.53s callbacks=11271 commands=11270 guidance=11150 command_fps(ros/wall)=59.97/64.26 guidance_wall_fps=64.22 avoid_ms(mean/p50/p95/max)=3.191/0.873/16.449/27.842 cycle_ms(mean/p95/max)=15.562/32.860/96.079 depth_to_cmd_ms(mean/p95/max)=39.407/83.333/100.000 callback_to_publish_ms(mean/p95/max)=5.315/19.309/33.820
[depth_angular_controller_goal-1] [INFO] [1791434977.711716771] [depth_angular_controller]: EVIDENCE_COST ingest(mean/p95/max)=2.076/6.317/13.536 record=0.004/0.006/0.843 ms
[depth_angular_controller_goal-1] [INFO] [1791434977.711722952] [depth_angular_controller]: EVIDENCE_PHASE per_view_mean_ms balls=0.055 tubes=0.006 history=0.192 eviction=0.001
[depth_angular_controller_goal-1] [INFO] [1791434977.826765012] [depth_angular_controller]: OMNI_DEPTH views=4 azimuth_bins=180 elevation_bins=37 valid=1 certificates=0 short=0 held=0 local_candidates=3 yaw=31.36
[depth_angular_controller_goal-1] [INFO] [1791434977.885643724] [depth_angular_controller]: PAPER_BUILD reason=READY required=0.0100 best=8.0717 free=22 refined=0 tubes=0 revoked_tubes=0 proofs=0
[depth_angular_controller_goal-1] [INFO] [1791434977.885685573] [depth_angular_controller]: PAPER_EVIDENCE retained=12 balls=0 revoked_balls=0 expired_views=4770 evicted_views=0 radius=0.580 clearance=0.500 best_prefix=8.072
[depth_angular_controller_goal-1] [INFO] [1791434978.831173079] [depth_angular_controller]: OMNI_DEPTH views=4 azimuth_bins=180 elevation_bins=37 valid=1 certificates=0 short=0 held=0 local_candidates=3 yaw=31.36
[depth_angular_controller_goal-1] [INFO] [1791434978.889727080] [depth_angular_controller]: PAPER_BUILD reason=READY required=0.0100 best=8.0717 free=22 refined=0 tubes=0 revoked_tubes=0 proofs=0
[depth_angular_controller_goal-1] [INFO] [1791434978.890169782] [depth_angular_controller]: PAPER_EVIDENCE retained=13 balls=0 revoked_balls=0 expired_views=4792 evicted_views=0 radius=0.580 clearance=0.500 best_prefix=8.072
[position_cmd_to_twist-2] [INFO] [1791434979.676072319] [position_cmd_to_twist]: [PERF BRIDGE] run=p5_enable_goal_20261008_dynamic_ego1p5_1 elapsed=191.39s received=11390 published=11390 fps(ros/wall)=59.97/64.23 controller_to_bridge_ms(mean/p50/p95/max)=2.278/0.000/16.667/16.667 bridge_process_ms(mean/p95/max)=0.081/0.103/1.255
[NAV] t=190.0s position=(-64.00,-11.20,2.80) yaw=9.9deg command=(0.00,0.00,0.00) manual_active=1 collision_blocks=0
[depth_angular_controller_goal-1] [INFO] [1791434979.778375479] [depth_angular_controller]: OMNI_DEPTH views=4 azimuth_bins=180 elevation_bins=37 valid=1 certificates=0 short=0 held=0 local_candidates=3 yaw=31.36
[depth_angular_controller_goal-1] [INFO] [1791434979.834731108] [depth_angular_controller]: PAPER_BUILD reason=READY required=0.0100 best=8.0717 free=25 refined=0 tubes=0 revoked_tubes=0 proofs=0
[depth_angular_controller_goal-1] [INFO] [1791434979.834769701] [depth_angular_controller]: PAPER_EVIDENCE retained=14 balls=0 revoked_balls=0 expired_views=4815 evicted_views=0 radius=0.580 clearance=0.500 best_prefix=8.072
[depth_angular_controller_goal-1] [INFO] [1791434980.658252523] [depth_angular_controller]: OMNI_DEPTH views=4 azimuth_bins=180 elevation_bins=37 valid=1 certificates=0 short=0 held=0 local_candidates=3 yaw=31.36
[depth_angular_controller_goal-1] [INFO] [1791434980.714858693] [depth_angular_controller]: PAPER_BUILD reason=READY required=0.0100 best=8.0717 free=25 refined=0 tubes=0 revoked_tubes=0 proofs=0
[depth_angular_controller_goal-1] [INFO] [1791434980.714901364] [depth_angular_controller]: PAPER_EVIDENCE retained=14 balls=0 revoked_balls=0 expired_views=4839 evicted_views=0 radius=0.580 clearance=0.500 best_prefix=8.072
[depth_angular_controller_goal-1] [INFO] [1791434981.601976826] [depth_angular_controller]: OMNI_DEPTH views=4 azimuth_bins=180 elevation_bins=37 valid=1 certificates=0 short=0 held=0 local_candidates=3 yaw=31.36
[depth_angular_controller_goal-1] [INFO] [1791434981.658452842] [depth_angular_controller]: PAPER_BUILD reason=READY required=0.0100 best=8.0717 free=25 refined=0 tubes=0 revoked_tubes=0 proofs=0
[depth_angular_controller_goal-1] [INFO] [1791434981.658553321] [depth_angular_controller]: PAPER_EVIDENCE retained=14 balls=0 revoked_balls=0 expired_views=4863 evicted_views=0 radius=0.580 clearance=0.500 best_prefix=8.072
[depth_angular_controller_goal-1] [INFO] [1791434982.539472303] [depth_angular_controller]: OMNI_DEPTH views=4 azimuth_bins=180 elevation_bins=37 valid=1 certificates=0 short=0 held=0 local_candidates=3 yaw=31.36
[depth_angular_controller_goal-1] [INFO] [1791434982.596446866] [depth_angular_controller]: PAPER_BUILD reason=READY required=0.0100 best=8.0717 free=22 refined=0 tubes=0 revoked_tubes=0 proofs=0
[depth_angular_controller_goal-1] [INFO] [1791434982.596483675] [depth_angular_controller]: PAPER_EVIDENCE retained=14 balls=0 revoked_balls=0 expired_views=4887 evicted_views=0 radius=0.580 clearance=0.500 best_prefix=8.072
[depth_angular_controller_goal-1] [INFO] [1791434982.716230407] [depth_angular_controller]: [PERF CTRL] run=p5_enable_goal_20261008_dynamic_ego1p5_1 elapsed=194.54s callbacks=11591 commands=11590 guidance=11470 command_fps(ros/wall)=59.97/64.25 guidance_wall_fps=64.21 avoid_ms(mean/p50/p95/max)=3.190/0.874/16.442/27.842 cycle_ms(mean/p95/max)=15.565/32.843/96.079 depth_to_cmd_ms(mean/p95/max)=39.509/83.333/100.000 callback_to_publish_ms(mean/p95/max)=5.313/19.305/33.820
[depth_angular_controller_goal-1] [INFO] [1791434982.717098348] [depth_angular_controller]: EVIDENCE_COST ingest(mean/p95/max)=2.075/6.310/13.536 record=0.004/0.006/0.843 ms
[depth_angular_controller_goal-1] [INFO] [1791434982.717109579] [depth_angular_controller]: EVIDENCE_PHASE per_view_mean_ms balls=0.055 tubes=0.006 history=0.192 eviction=0.001
[depth_angular_controller_goal-1] [INFO] [1791434983.418694025] [depth_angular_controller]: OMNI_DEPTH views=4 azimuth_bins=180 elevation_bins=37 valid=1 certificates=0 short=0 held=0 local_candidates=3 yaw=31.36
[depth_angular_controller_goal-1] [INFO] [1791434983.475744451] [depth_angular_controller]: PAPER_BUILD reason=READY required=0.0100 best=8.0717 free=22 refined=0 tubes=0 revoked_tubes=0 proofs=0
[depth_angular_controller_goal-1] [INFO] [1791434983.475778785] [depth_angular_controller]: PAPER_EVIDENCE retained=12 balls=0 revoked_balls=0 expired_views=4913 evicted_views=0 radius=0.580 clearance=0.500 best_prefix=8.072
[position_cmd_to_twist-2] [INFO] [1791434984.256091657] [position_cmd_to_twist]: [PERF BRIDGE] run=p5_enable_goal_20261008_dynamic_ego1p5_1 elapsed=195.97s received=11690 published=11690 fps(ros/wall)=59.97/64.26 controller_to_bridge_ms(mean/p50/p95/max)=2.277/0.000/16.667/16.667 bridge_process_ms(mean/p95/max)=0.081/0.103/1.255
[NAV] t=195.0s position=(-64.00,-11.20,2.80) yaw=9.9deg command=(0.00,0.00,0.00) manual_active=1 collision_blocks=0
[depth_angular_controller_goal-1] [INFO] [1791434984.360565426] [depth_angular_controller]: OMNI_DEPTH views=4 azimuth_bins=180 elevation_bins=37 valid=1 certificates=0 short=0 held=0 local_candidates=3 yaw=31.36
[depth_angular_controller_goal-1] [INFO] [1791434984.414792125] [depth_angular_controller]: PAPER_BUILD reason=READY required=0.0100 best=8.0717 free=25 refined=0 tubes=0 revoked_tubes=0 proofs=0
[depth_angular_controller_goal-1] [INFO] [1791434984.414828073] [depth_angular_controller]: PAPER_EVIDENCE retained=12 balls=0 revoked_balls=0 expired_views=4936 evicted_views=0 radius=0.580 clearance=0.500 best_prefix=8.072
[depth_angular_controller_goal-1] [INFO] [1791434985.305561549] [depth_angular_controller]: OMNI_DEPTH views=4 azimuth_bins=180 elevation_bins=37 valid=1 certificates=0 short=0 held=0 local_candidates=3 yaw=31.36
[depth_angular_controller_goal-1] [INFO] [1791434985.365088669] [depth_angular_controller]: PAPER_BUILD reason=READY required=0.0100 best=8.0717 free=25 refined=0 tubes=0 revoked_tubes=0 proofs=0
[depth_angular_controller_goal-1] [INFO] [1791434985.365121331] [depth_angular_controller]: PAPER_EVIDENCE retained=12 balls=0 revoked_balls=0 expired_views=4960 evicted_views=0 radius=0.580 clearance=0.500 best_prefix=8.072
[depth_angular_controller_goal-1] [INFO] [1791434986.242049283] [depth_angular_controller]: OMNI_DEPTH views=4 azimuth_bins=180 elevation_bins=37 valid=1 certificates=0 short=0 held=0 local_candidates=3 yaw=31.36
[depth_angular_controller_goal-1] [INFO] [1791434986.299603164] [depth_angular_controller]: PAPER_BUILD reason=READY required=0.0100 best=8.0717 free=25 refined=0 tubes=0 revoked_tubes=0 proofs=0
[depth_angular_controller_goal-1] [INFO] [1791434986.299643420] [depth_angular_controller]: PAPER_EVIDENCE retained=12 balls=0 revoked_balls=0 expired_views=4984 evicted_views=0 radius=0.580 clearance=0.500 best_prefix=8.072
[depth_angular_controller_goal-1] [INFO] [1791434987.124580625] [depth_angular_controller]: OMNI_DEPTH views=4 azimuth_bins=180 elevation_bins=37 valid=1 certificates=0 short=0 held=0 local_candidates=3 yaw=31.36
[depth_angular_controller_goal-1] [INFO] [1791434987.184821667] [depth_angular_controller]: PAPER_BUILD reason=READY required=0.0100 best=8.0717 free=25 refined=0 tubes=0 revoked_tubes=0 proofs=0
[depth_angular_controller_goal-1] [INFO] [1791434987.184855530] [depth_angular_controller]: PAPER_EVIDENCE retained=12 balls=0 revoked_balls=0 expired_views=5008 evicted_views=0 radius=0.580 clearance=0.500 best_prefix=8.072
[depth_angular_controller_goal-1] [INFO] [1791434987.719963596] [depth_angular_controller]: [PERF CTRL] run=p5_enable_goal_20261008_dynamic_ego1p5_1 elapsed=199.54s callbacks=11915 commands=11914 guidance=11794 command_fps(ros/wall)=59.97/64.26 guidance_wall_fps=64.22 avoid_ms(mean/p50/p95/max)=3.188/0.874/16.427/27.842 cycle_ms(mean/p95/max)=15.561/32.781/96.079 depth_to_cmd_ms(mean/p95/max)=39.516/83.333/100.000 callback_to_publish_ms(mean/p95/max)=5.312/19.305/33.820
[depth_angular_controller_goal-1] [INFO] [1791434987.720884847] [depth_angular_controller]: EVIDENCE_COST ingest(mean/p95/max)=2.075/6.293/13.536 record=0.004/0.006/0.843 ms
[depth_angular_controller_goal-1] [INFO] [1791434987.720903151] [depth_angular_controller]: EVIDENCE_PHASE per_view_mean_ms balls=0.055 tubes=0.006 history=0.191 eviction=0.001
[depth_angular_controller_goal-1] [INFO] [1791434988.069107376] [depth_angular_controller]: OMNI_DEPTH views=4 azimuth_bins=180 elevation_bins=37 valid=1 certificates=0 short=0 held=0 local_candidates=3 yaw=31.36
[depth_angular_controller_goal-1] [INFO] [1791434988.126503161] [depth_angular_controller]: PAPER_BUILD reason=READY required=0.0100 best=8.0717 free=22 refined=0 tubes=0 revoked_tubes=0 proofs=0
[depth_angular_controller_goal-1] [INFO] [1791434988.126542925] [depth_angular_controller]: PAPER_EVIDENCE retained=12 balls=0 revoked_balls=0 expired_views=5032 evicted_views=0 radius=0.580 clearance=0.500 best_prefix=8.072
[position_cmd_to_twist-2] [INFO] [1791434989.033441972] [position_cmd_to_twist]: [PERF BRIDGE] run=p5_enable_goal_20261008_dynamic_ego1p5_1 elapsed=200.75s received=11990 published=11990 fps(ros/wall)=59.97/64.22 controller_to_bridge_ms(mean/p50/p95/max)=2.277/0.000/16.667/16.667 bridge_process_ms(mean/p95/max)=0.081/0.103/1.255
[NAV] t=200.0s position=(-64.00,-11.20,2.80) yaw=9.9deg command=(0.00,0.00,0.00) manual_active=1 collision_blocks=0
[depth_angular_controller_goal-1] [INFO] [1791434989.142738665] [depth_angular_controller]: OMNI_DEPTH views=4 azimuth_bins=180 elevation_bins=37 valid=1 certificates=0 short=0 held=0 local_candidates=3 yaw=31.36
[depth_angular_controller_goal-1] [INFO] [1791434989.198998755] [depth_angular_controller]: PAPER_BUILD reason=READY required=0.0100 best=8.0717 free=25 refined=0 tubes=0 revoked_tubes=0 proofs=0
[depth_angular_controller_goal-1] [INFO] [1791434989.199037288] [depth_angular_controller]: PAPER_EVIDENCE retained=12 balls=0 revoked_balls=0 expired_views=5056 evicted_views=0 radius=0.580 clearance=0.500 best_prefix=8.072
[depth_angular_controller_goal-1] [INFO] [1791434990.142144361] [depth_angular_controller]: OMNI_DEPTH views=4 azimuth_bins=180 elevation_bins=37 valid=1 certificates=0 short=0 held=0 local_candidates=3 yaw=31.36
[depth_angular_controller_goal-1] [INFO] [1791434990.202396103] [depth_angular_controller]: PAPER_BUILD reason=READY required=0.0100 best=8.0717 free=25 refined=0 tubes=0 revoked_tubes=0 proofs=0
[depth_angular_controller_goal-1] [INFO] [1791434990.202429876] [depth_angular_controller]: PAPER_EVIDENCE retained=12 balls=0 revoked_balls=0 expired_views=5080 evicted_views=0 radius=0.580 clearance=0.500 best_prefix=8.072
[depth_angular_controller_goal-1] [INFO] [1791434991.017555342] [depth_angular_controller]: OMNI_DEPTH views=4 azimuth_bins=180 elevation_bins=37 valid=1 certificates=0 short=0 held=0 local_candidates=3 yaw=31.36
[depth_angular_controller_goal-1] [INFO] [1791434991.141138884] [depth_angular_controller]: PAPER_BUILD reason=READY required=0.0100 best=8.0717 free=25 refined=0 tubes=0 revoked_tubes=0 proofs=0
[depth_angular_controller_goal-1] [INFO] [1791434991.141182987] [depth_angular_controller]: PAPER_EVIDENCE retained=12 balls=0 revoked_balls=0 expired_views=5104 evicted_views=0 radius=0.580 clearance=0.500 best_prefix=8.072
[depth_angular_controller_goal-1] [INFO] [1791434992.027854460] [depth_angular_controller]: OMNI_DEPTH views=4 azimuth_bins=180 elevation_bins=37 valid=1 certificates=0 short=0 held=0 local_candidates=3 yaw=31.36
[depth_angular_controller_goal-1] [INFO] [1791434992.087152138] [depth_angular_controller]: PAPER_BUILD reason=READY required=0.0100 best=8.0717 free=25 refined=0 tubes=0 revoked_tubes=0 proofs=0
[depth_angular_controller_goal-1] [INFO] [1791434992.087185752] [depth_angular_controller]: PAPER_EVIDENCE retained=12 balls=0 revoked_balls=0 expired_views=5128 evicted_views=0 radius=0.580 clearance=0.500 best_prefix=8.072
[depth_angular_controller_goal-1] [INFO] [1791434992.720659617] [depth_angular_controller]: [PERF CTRL] run=p5_enable_goal_20261008_dynamic_ego1p5_1 elapsed=204.54s callbacks=12221 commands=12220 guidance=12100 command_fps(ros/wall)=59.98/64.18 guidance_wall_fps=64.14 avoid_ms(mean/p50/p95/max)=3.186/0.874/16.414/27.842 cycle_ms(mean/p95/max)=15.581/32.771/96.079 depth_to_cmd_ms(mean/p95/max)=39.507/83.333/100.000 callback_to_publish_ms(mean/p95/max)=5.311/19.295/33.820
[depth_angular_controller_goal-1] [INFO] [1791434992.721570739] [depth_angular_controller]: EVIDENCE_COST ingest(mean/p95/max)=2.074/6.288/13.536 record=0.004/0.006/0.843 ms
[depth_angular_controller_goal-1] [INFO] [1791434992.721587160] [depth_angular_controller]: EVIDENCE_PHASE per_view_mean_ms balls=0.055 tubes=0.006 history=0.191 eviction=0.001
[depth_angular_controller_goal-1] [INFO] [1791434992.983673232] [depth_angular_controller]: OMNI_DEPTH views=4 azimuth_bins=180 elevation_bins=37 valid=1 certificates=0 short=0 held=0 local_candidates=3 yaw=31.36
[depth_angular_controller_goal-1] [INFO] [1791434993.044915966] [depth_angular_controller]: PAPER_BUILD reason=READY required=0.0100 best=8.0717 free=22 refined=0 tubes=0 revoked_tubes=0 proofs=0
[depth_angular_controller_goal-1] [INFO] [1791434993.044958526] [depth_angular_controller]: PAPER_EVIDENCE retained=12 balls=0 revoked_balls=0 expired_views=5152 evicted_views=0 radius=0.580 clearance=0.500 best_prefix=8.072
[position_cmd_to_twist-2] [INFO] [1791434993.771550750] [position_cmd_to_twist]: [PERF BRIDGE] run=p5_enable_goal_20261008_dynamic_ego1p5_1 elapsed=205.49s received=12290 published=12290 fps(ros/wall)=59.98/64.20 controller_to_bridge_ms(mean/p50/p95/max)=2.273/0.000/16.667/16.667 bridge_process_ms(mean/p95/max)=0.081/0.103/1.255
[NAV] t=205.0s position=(-64.00,-11.20,2.80) yaw=9.9deg command=(0.00,0.00,0.00) manual_active=1 collision_blocks=0
[depth_angular_controller_goal-1] [INFO] [1791434993.871895078] [depth_angular_controller]: OMNI_DEPTH views=4 azimuth_bins=180 elevation_bins=37 valid=1 certificates=0 short=0 held=0 local_candidates=3 yaw=31.36
[depth_angular_controller_goal-1] [INFO] [1791434993.932032776] [depth_angular_controller]: PAPER_BUILD reason=READY required=0.0100 best=8.0717 free=25 refined=0 tubes=0 revoked_tubes=0 proofs=0
[depth_angular_controller_goal-1] [INFO] [1791434993.932665625] [depth_angular_controller]: PAPER_EVIDENCE retained=12 balls=0 revoked_balls=0 expired_views=5176 evicted_views=0 radius=0.580 clearance=0.500 best_prefix=8.072
[depth_angular_controller_goal-1] [INFO] [1791434994.756190917] [depth_angular_controller]: OMNI_DEPTH views=4 azimuth_bins=180 elevation_bins=37 valid=1 certificates=0 short=0 held=0 local_candidates=3 yaw=31.36
[depth_angular_controller_goal-1] [INFO] [1791434994.815265266] [depth_angular_controller]: PAPER_BUILD reason=READY required=0.0100 best=8.0717 free=25 refined=0 tubes=0 revoked_tubes=0 proofs=0
[depth_angular_controller_goal-1] [INFO] [1791434994.815299921] [depth_angular_controller]: PAPER_EVIDENCE retained=13 balls=0 revoked_balls=0 expired_views=5199 evicted_views=0 radius=0.580 clearance=0.500 best_prefix=8.072
[depth_angular_controller_goal-1] [INFO] [1791434995.644682701] [depth_angular_controller]: OMNI_DEPTH views=4 azimuth_bins=180 elevation_bins=37 valid=1 certificates=0 short=0 held=0 local_candidates=3 yaw=31.36
[depth_angular_controller_goal-1] [INFO] [1791434995.702424205] [depth_angular_controller]: PAPER_BUILD reason=READY required=0.0100 best=8.0717 free=23 refined=0 tubes=0 revoked_tubes=0 proofs=0
[depth_angular_controller_goal-1] [INFO] [1791434995.702464370] [depth_angular_controller]: PAPER_EVIDENCE retained=12 balls=0 revoked_balls=0 expired_views=5224 evicted_views=0 radius=0.580 clearance=0.500 best_prefix=8.072
[depth_angular_controller_goal-1] [INFO] [1791434996.589657273] [depth_angular_controller]: OMNI_DEPTH views=4 azimuth_bins=180 elevation_bins=37 valid=1 certificates=0 short=0 held=0 local_candidates=3 yaw=31.36
[depth_angular_controller_goal-1] [INFO] [1791434996.651390479] [depth_angular_controller]: PAPER_BUILD reason=READY required=0.0100 best=8.0717 free=22 refined=0 tubes=0 revoked_tubes=0 proofs=0
[depth_angular_controller_goal-1] [INFO] [1791434996.651429573] [depth_angular_controller]: PAPER_EVIDENCE retained=12 balls=0 revoked_balls=0 expired_views=5248 evicted_views=0 radius=0.580 clearance=0.500 best_prefix=8.072
[depth_angular_controller_goal-1] [INFO] [1791434997.548086121] [depth_angular_controller]: OMNI_DEPTH views=4 azimuth_bins=180 elevation_bins=37 valid=1 certificates=0 short=0 held=0 local_candidates=3 yaw=31.36
[depth_angular_controller_goal-1] [INFO] [1791434997.606406222] [depth_angular_controller]: PAPER_BUILD reason=READY required=0.0100 best=8.0717 free=22 refined=0 tubes=0 revoked_tubes=0 proofs=0
[depth_angular_controller_goal-1] [INFO] [1791434997.606442861] [depth_angular_controller]: PAPER_EVIDENCE retained=12 balls=0 revoked_balls=0 expired_views=5272 evicted_views=0 radius=0.580 clearance=0.500 best_prefix=8.072
[depth_angular_controller_goal-1] [INFO] [1791434997.726756378] [depth_angular_controller]: [PERF CTRL] run=p5_enable_goal_20261008_dynamic_ego1p5_1 elapsed=209.55s callbacks=12551 commands=12550 guidance=12430 command_fps(ros/wall)=59.98/64.23 guidance_wall_fps=64.19 avoid_ms(mean/p50/p95/max)=3.185/0.874/16.400/27.842 cycle_ms(mean/p95/max)=15.570/32.726/96.079 depth_to_cmd_ms(mean/p95/max)=39.398/66.667/100.000 callback_to_publish_ms(mean/p95/max)=5.309/19.268/33.820
[depth_angular_controller_goal-1] [INFO] [1791434997.728089774] [depth_angular_controller]: EVIDENCE_COST ingest(mean/p95/max)=2.073/6.277/13.536 record=0.004/0.006/0.843 ms
[depth_angular_controller_goal-1] [INFO] [1791434997.728108539] [depth_angular_controller]: EVIDENCE_PHASE per_view_mean_ms balls=0.056 tubes=0.006 history=0.191 eviction=0.001
[position_cmd_to_twist-2] [INFO] [1791434998.320131515] [position_cmd_to_twist]: [PERF BRIDGE] run=p5_enable_goal_20261008_dynamic_ego1p5_1 elapsed=210.03s received=12590 published=12590 fps(ros/wall)=59.98/64.24 controller_to_bridge_ms(mean/p50/p95/max)=2.273/0.000/16.667/16.667 bridge_process_ms(mean/p95/max)=0.081/0.103/1.255
[NAV] t=210.0s position=(-64.00,-11.20,2.80) yaw=9.9deg command=(0.00,0.00,0.00) manual_active=1 collision_blocks=0
[depth_angular_controller_goal-1] [INFO] [1791434998.425688039] [depth_angular_controller]: OMNI_DEPTH views=4 azimuth_bins=180 elevation_bins=37 valid=1 certificates=0 short=0 held=0 local_candidates=3 yaw=31.36
[depth_angular_controller_goal-1] [INFO] [1791434998.480332092] [depth_angular_controller]: PAPER_BUILD reason=READY required=0.0100 best=8.0717 free=25 refined=0 tubes=0 revoked_tubes=0 proofs=0
[depth_angular_controller_goal-1] [INFO] [1791434998.480370705] [depth_angular_controller]: PAPER_EVIDENCE retained=12 balls=0 revoked_balls=0 expired_views=5296 evicted_views=0 radius=0.580 clearance=0.500 best_prefix=8.072
[depth_angular_controller_goal-1] [INFO] [1791434999.315464758] [depth_angular_controller]: OMNI_DEPTH views=4 azimuth_bins=180 elevation_bins=37 valid=1 certificates=0 short=0 held=0 local_candidates=3 yaw=31.36
[depth_angular_controller_goal-1] [INFO] [1791434999.368973077] [depth_angular_controller]: PAPER_BUILD reason=READY required=0.0100 best=8.0717 free=25 refined=0 tubes=0 revoked_tubes=0 proofs=0
[depth_angular_controller_goal-1] [INFO] [1791434999.369006419] [depth_angular_controller]: PAPER_EVIDENCE retained=13 balls=0 revoked_balls=0 expired_views=5319 evicted_views=0 radius=0.580 clearance=0.500 best_prefix=8.072
[depth_angular_controller_goal-1] [INFO] [1791435000.187326589] [depth_angular_controller]: OMNI_DEPTH views=4 azimuth_bins=180 elevation_bins=37 valid=1 certificates=0 short=0 held=0 local_candidates=3 yaw=31.36
[depth_angular_controller_goal-1] [INFO] [1791435000.247297242] [depth_angular_controller]: PAPER_BUILD reason=READY required=0.0100 best=8.0717 free=23 refined=0 tubes=0 revoked_tubes=0 proofs=0
[depth_angular_controller_goal-1] [INFO] [1791435000.247332579] [depth_angular_controller]: PAPER_EVIDENCE retained=12 balls=0 revoked_balls=0 expired_views=5344 evicted_views=0 radius=0.580 clearance=0.500 best_prefix=8.072
[depth_angular_controller_goal-1] [INFO] [1791435001.271855197] [depth_angular_controller]: OMNI_DEPTH views=4 azimuth_bins=180 elevation_bins=37 valid=1 certificates=0 short=0 held=0 local_candidates=3 yaw=31.36
[depth_angular_controller_goal-1] [INFO] [1791435001.397615881] [depth_angular_controller]: PAPER_BUILD reason=READY required=0.0100 best=8.0717 free=23 refined=0 tubes=0 revoked_tubes=0 proofs=0
[depth_angular_controller_goal-1] [INFO] [1791435001.397653692] [depth_angular_controller]: PAPER_EVIDENCE retained=12 balls=0 revoked_balls=0 expired_views=5367 evicted_views=0 radius=0.580 clearance=0.500 best_prefix=8.072
[depth_angular_controller_goal-1] [INFO] [1791435002.234248896] [depth_angular_controller]: OMNI_DEPTH views=4 azimuth_bins=180 elevation_bins=37 valid=1 certificates=0 short=0 held=0 local_candidates=3 yaw=31.36
[depth_angular_controller_goal-1] [INFO] [1791435002.293906691] [depth_angular_controller]: PAPER_BUILD reason=READY required=0.0100 best=8.0717 free=22 refined=0 tubes=0 revoked_tubes=0 proofs=0
[depth_angular_controller_goal-1] [INFO] [1791435002.293941066] [depth_angular_controller]: PAPER_EVIDENCE retained=12 balls=0 revoked_balls=0 expired_views=5391 evicted_views=0 radius=0.580 clearance=0.500 best_prefix=8.072
[depth_angular_controller_goal-1] [INFO] [1791435002.728691228] [depth_angular_controller]: [PERF CTRL] run=p5_enable_goal_20261008_dynamic_ego1p5_1 elapsed=214.55s callbacks=12873 commands=12872 guidance=12752 command_fps(ros/wall)=59.98/64.23 guidance_wall_fps=64.19 avoid_ms(mean/p50/p95/max)=3.183/0.874/16.394/27.842 cycle_ms(mean/p95/max)=15.569/32.712/96.079 depth_to_cmd_ms(mean/p95/max)=39.270/66.667/100.000 callback_to_publish_ms(mean/p95/max)=5.308/19.239/33.820
[depth_angular_controller_goal-1] [INFO] [1791435002.729661020] [depth_angular_controller]: EVIDENCE_COST ingest(mean/p95/max)=2.074/6.251/13.536 record=0.004/0.006/0.843 ms
[depth_angular_controller_goal-1] [INFO] [1791435002.729667472] [depth_angular_controller]: EVIDENCE_PHASE per_view_mean_ms balls=0.056 tubes=0.006 history=0.191 eviction=0.001
[position_cmd_to_twist-2] [INFO] [1791435003.124679744] [position_cmd_to_twist]: [PERF BRIDGE] run=p5_enable_goal_20261008_dynamic_ego1p5_1 elapsed=214.84s received=12890 published=12890 fps(ros/wall)=59.98/64.20 controller_to_bridge_ms(mean/p50/p95/max)=2.268/0.000/16.667/16.667 bridge_process_ms(mean/p95/max)=0.081/0.103/1.255
[NAV] t=215.0s position=(-64.00,-11.20,2.80) yaw=9.9deg command=(0.00,0.00,0.00) manual_active=1 collision_blocks=0
[depth_angular_controller_goal-1] [INFO] [1791435003.230461581] [depth_angular_controller]: OMNI_DEPTH views=4 azimuth_bins=180 elevation_bins=37 valid=1 certificates=0 short=0 held=0 local_candidates=3 yaw=31.36
[depth_angular_controller_goal-1] [INFO] [1791435003.290941922] [depth_angular_controller]: PAPER_BUILD reason=READY required=0.0100 best=8.0717 free=25 refined=0 tubes=0 revoked_tubes=0 proofs=0
[depth_angular_controller_goal-1] [INFO] [1791435003.290978932] [depth_angular_controller]: PAPER_EVIDENCE retained=12 balls=0 revoked_balls=0 expired_views=5415 evicted_views=0 radius=0.580 clearance=0.500 best_prefix=8.072
[depth_angular_controller_goal-1] [INFO] [1791435004.145269581] [depth_angular_controller]: OMNI_DEPTH views=4 azimuth_bins=180 elevation_bins=37 valid=1 certificates=0 short=0 held=0 local_candidates=3 yaw=31.36
[depth_angular_controller_goal-1] [INFO] [1791435004.209180510] [depth_angular_controller]: PAPER_BUILD reason=READY required=0.0100 best=8.0717 free=25 refined=0 tubes=0 revoked_tubes=0 proofs=0
[depth_angular_controller_goal-1] [INFO] [1791435004.209212881] [depth_angular_controller]: PAPER_EVIDENCE retained=12 balls=0 revoked_balls=0 expired_views=5439 evicted_views=0 radius=0.580 clearance=0.500 best_prefix=8.072
[depth_angular_controller_goal-1] [INFO] [1791435005.130152925] [depth_angular_controller]: OMNI_DEPTH views=4 azimuth_bins=180 elevation_bins=37 valid=1 certificates=0 short=0 held=0 local_candidates=3 yaw=31.36
[depth_angular_controller_goal-1] [INFO] [1791435005.197217721] [depth_angular_controller]: PAPER_BUILD reason=READY required=0.0100 best=8.0717 free=25 refined=0 tubes=0 revoked_tubes=0 proofs=0
[depth_angular_controller_goal-1] [INFO] [1791435005.197251264] [depth_angular_controller]: PAPER_EVIDENCE retained=12 balls=0 revoked_balls=0 expired_views=5463 evicted_views=0 radius=0.580 clearance=0.500 best_prefix=8.072
[depth_angular_controller_goal-1] [INFO] [1791435006.053906737] [depth_angular_controller]: OMNI_DEPTH views=4 azimuth_bins=180 elevation_bins=37 valid=1 certificates=0 short=0 held=0 local_candidates=3 yaw=31.36
[depth_angular_controller_goal-1] [INFO] [1791435006.115728149] [depth_angular_controller]: PAPER_BUILD reason=READY required=0.0100 best=8.0717 free=25 refined=0 tubes=0 revoked_tubes=0 proofs=0
[depth_angular_controller_goal-1] [INFO] [1791435006.115765880] [depth_angular_controller]: PAPER_EVIDENCE retained=12 balls=0 revoked_balls=0 expired_views=5487 evicted_views=0 radius=0.580 clearance=0.500 best_prefix=8.072
[depth_angular_controller_goal-1] [INFO] [1791435006.906690234] [depth_angular_controller]: OMNI_DEPTH views=4 azimuth_bins=180 elevation_bins=37 valid=1 certificates=0 short=0 held=0 local_candidates=3 yaw=31.36
[depth_angular_controller_goal-1] [INFO] [1791435006.963536386] [depth_angular_controller]: PAPER_BUILD reason=READY required=0.0100 best=8.0717 free=22 refined=0 tubes=0 revoked_tubes=0 proofs=0
[depth_angular_controller_goal-1] [INFO] [1791435006.963570460] [depth_angular_controller]: PAPER_EVIDENCE retained=12 balls=0 revoked_balls=0 expired_views=5511 evicted_views=0 radius=0.580 clearance=0.500 best_prefix=8.072
[position_cmd_to_twist-2] [INFO] [1791435007.671162396] [position_cmd_to_twist]: [PERF BRIDGE] run=p5_enable_goal_20261008_dynamic_ego1p5_1 elapsed=219.39s received=13190 published=13190 fps(ros/wall)=59.98/64.24 controller_to_bridge_ms(mean/p50/p95/max)=2.266/0.000/16.667/16.667 bridge_process_ms(mean/p95/max)=0.081/0.103/1.255
[depth_angular_controller_goal-1] [INFO] [1791435007.730038723] [depth_angular_controller]: [PERF CTRL] run=p5_enable_goal_20261008_dynamic_ego1p5_1 elapsed=219.55s callbacks=13196 commands=13195 guidance=13075 command_fps(ros/wall)=59.98/64.24 guidance_wall_fps=64.20 avoid_ms(mean/p50/p95/max)=3.183/0.873/16.378/27.842 cycle_ms(mean/p95/max)=15.567/32.691/96.079 depth_to_cmd_ms(mean/p95/max)=39.240/66.667/100.000 callback_to_publish_ms(mean/p95/max)=5.308/19.224/33.820
[depth_angular_controller_goal-1] [INFO] [1791435007.731053661] [depth_angular_controller]: EVIDENCE_COST ingest(mean/p95/max)=2.073/6.230/13.536 record=0.004/0.006/0.843 ms
[depth_angular_controller_goal-1] [INFO] [1791435007.731060664] [depth_angular_controller]: EVIDENCE_PHASE per_view_mean_ms balls=0.056 tubes=0.006 history=0.190 eviction=0.001
[NAV] t=220.0s position=(-64.00,-11.20,2.80) yaw=9.9deg command=(0.00,0.00,0.00) manual_active=1 collision_blocks=0
[depth_angular_controller_goal-1] [INFO] [1791435007.770880397] [depth_angular_controller]: OMNI_DEPTH views=4 azimuth_bins=180 elevation_bins=37 valid=1 certificates=0 short=0 held=0 local_candidates=3 yaw=31.36
[depth_angular_controller_goal-1] [INFO] [1791435007.829135597] [depth_angular_controller]: PAPER_BUILD reason=READY required=0.0100 best=8.0717 free=22 refined=0 tubes=0 revoked_tubes=0 proofs=0
[depth_angular_controller_goal-1] [INFO] [1791435007.829168609] [depth_angular_controller]: PAPER_EVIDENCE retained=12 balls=0 revoked_balls=0 expired_views=5535 evicted_views=0 radius=0.580 clearance=0.500 best_prefix=8.072
[depth_angular_controller_goal-1] [INFO] [1791435008.746210748] [depth_angular_controller]: OMNI_DEPTH views=4 azimuth_bins=180 elevation_bins=37 valid=1 certificates=0 short=0 held=0 local_candidates=3 yaw=31.36
[depth_angular_controller_goal-1] [INFO] [1791435008.806551567] [depth_angular_controller]: PAPER_BUILD reason=READY required=0.0100 best=8.0717 free=25 refined=0 tubes=0 revoked_tubes=0 proofs=0
[depth_angular_controller_goal-1] [INFO] [1791435008.806585932] [depth_angular_controller]: PAPER_EVIDENCE retained=12 balls=0 revoked_balls=0 expired_views=5559 evicted_views=0 radius=0.580 clearance=0.500 best_prefix=8.072
[depth_angular_controller_goal-1] [INFO] [1791435009.616172218] [depth_angular_controller]: OMNI_DEPTH views=4 azimuth_bins=180 elevation_bins=37 valid=1 certificates=0 short=0 held=0 local_candidates=3 yaw=31.36
[depth_angular_controller_goal-1] [INFO] [1791435009.677204066] [depth_angular_controller]: PAPER_BUILD reason=READY required=0.0100 best=8.0717 free=25 refined=0 tubes=0 revoked_tubes=0 proofs=0
[depth_angular_controller_goal-1] [INFO] [1791435009.677236076] [depth_angular_controller]: PAPER_EVIDENCE retained=12 balls=0 revoked_balls=0 expired_views=5583 evicted_views=0 radius=0.580 clearance=0.500 best_prefix=8.072
[depth_angular_controller_goal-1] [INFO] [1791435010.534970277] [depth_angular_controller]: OMNI_DEPTH views=4 azimuth_bins=180 elevation_bins=37 valid=1 certificates=0 short=0 held=0 local_candidates=3 yaw=31.36
[depth_angular_controller_goal-1] [INFO] [1791435010.596813569] [depth_angular_controller]: PAPER_BUILD reason=READY required=0.0100 best=8.0717 free=25 refined=0 tubes=0 revoked_tubes=0 proofs=0
[depth_angular_controller_goal-1] [INFO] [1791435010.596848295] [depth_angular_controller]: PAPER_EVIDENCE retained=12 balls=0 revoked_balls=0 expired_views=5607 evicted_views=0 radius=0.580 clearance=0.500 best_prefix=8.072
[depth_angular_controller_goal-1] [INFO] [1791435011.519908533] [depth_angular_controller]: OMNI_DEPTH views=4 azimuth_bins=180 elevation_bins=37 valid=1 certificates=0 short=0 held=0 local_candidates=3 yaw=31.36
[depth_angular_controller_goal-1] [INFO] [1791435011.577369741] [depth_angular_controller]: PAPER_BUILD reason=READY required=0.0100 best=8.0717 free=22 refined=0 tubes=0 revoked_tubes=0 proofs=0
[depth_angular_controller_goal-1] [INFO] [1791435011.577404917] [depth_angular_controller]: PAPER_EVIDENCE retained=12 balls=0 revoked_balls=0 expired_views=5631 evicted_views=0 radius=0.580 clearance=0.500 best_prefix=8.072
[position_cmd_to_twist-2] [INFO] [1791435012.266208845] [position_cmd_to_twist]: [PERF BRIDGE] run=p5_enable_goal_20261008_dynamic_ego1p5_1 elapsed=223.98s received=13489 published=13489 fps(ros/wall)=59.97/64.25 controller_to_bridge_ms(mean/p50/p95/max)=2.270/0.000/16.667/16.667 bridge_process_ms(mean/p95/max)=0.081/0.103/1.255
[NAV] t=225.0s position=(-64.00,-11.20,2.80) yaw=9.9deg command=(0.00,0.00,0.00) manual_active=1 collision_blocks=0
[depth_angular_controller_goal-1] [INFO] [1791435012.363450683] [depth_angular_controller]: OMNI_DEPTH views=4 azimuth_bins=180 elevation_bins=37 valid=1 certificates=0 short=0 held=0 local_candidates=3 yaw=31.36
[depth_angular_controller_goal-1] [INFO] [1791435012.421401250] [depth_angular_controller]: PAPER_BUILD reason=READY required=0.0100 best=8.0717 free=22 refined=0 tubes=0 revoked_tubes=0 proofs=0
[depth_angular_controller_goal-1] [INFO] [1791435012.421442878] [depth_angular_controller]: PAPER_EVIDENCE retained=12 balls=0 revoked_balls=0 expired_views=5654 evicted_views=0 radius=0.580 clearance=0.500 best_prefix=8.072
[depth_angular_controller_goal-1] [INFO] [1791435012.739148557] [depth_angular_controller]: [PERF CTRL] run=p5_enable_goal_20261008_dynamic_ego1p5_1 elapsed=224.56s callbacks=13524 commands=13523 guidance=13403 command_fps(ros/wall)=59.97/64.27 guidance_wall_fps=64.23 avoid_ms(mean/p50/p95/max)=3.181/0.873/16.367/27.842 cycle_ms(mean/p95/max)=15.560/32.661/96.079 depth_to_cmd_ms(mean/p95/max)=39.196/66.667/100.000 callback_to_publish_ms(mean/p95/max)=5.307/19.207/33.820
[depth_angular_controller_goal-1] [INFO] [1791435012.740196306] [depth_angular_controller]: EVIDENCE_COST ingest(mean/p95/max)=2.074/6.210/13.536 record=0.004/0.006/0.843 ms
[depth_angular_controller_goal-1] [INFO] [1791435012.740203730] [depth_angular_controller]: EVIDENCE_PHASE per_view_mean_ms balls=0.056 tubes=0.006 history=0.190 eviction=0.001
[depth_angular_controller_goal-1] [INFO] [1791435013.230927303] [depth_angular_controller]: OMNI_DEPTH views=4 azimuth_bins=180 elevation_bins=37 valid=1 certificates=0 short=0 held=0 local_candidates=3 yaw=31.36
[depth_angular_controller_goal-1] [INFO] [1791435013.292694212] [depth_angular_controller]: PAPER_BUILD reason=READY required=0.0100 best=8.0717 free=25 refined=0 tubes=0 revoked_tubes=0 proofs=0
[depth_angular_controller_goal-1] [INFO] [1791435013.292728627] [depth_angular_controller]: PAPER_EVIDENCE retained=12 balls=0 revoked_balls=0 expired_views=5678 evicted_views=0 radius=0.580 clearance=0.500 best_prefix=8.072
[depth_angular_controller_goal-1] [INFO] [1791435014.263974802] [depth_angular_controller]: OMNI_DEPTH views=4 azimuth_bins=180 elevation_bins=37 valid=1 certificates=0 short=0 held=0 local_candidates=3 yaw=31.36
[depth_angular_controller_goal-1] [INFO] [1791435014.321965965] [depth_angular_controller]: PAPER_BUILD reason=READY required=0.0100 best=8.0717 free=25 refined=0 tubes=0 revoked_tubes=0 proofs=0
[depth_angular_controller_goal-1] [INFO] [1791435014.322006061] [depth_angular_controller]: PAPER_EVIDENCE retained=12 balls=0 revoked_balls=0 expired_views=5703 evicted_views=0 radius=0.580 clearance=0.500 best_prefix=8.072
[depth_angular_controller_goal-1] [INFO] [1791435015.238488057] [depth_angular_controller]: OMNI_DEPTH views=4 azimuth_bins=180 elevation_bins=37 valid=1 certificates=0 short=0 held=0 local_candidates=3 yaw=31.36
[depth_angular_controller_goal-1] [INFO] [1791435015.294154832] [depth_angular_controller]: PAPER_BUILD reason=READY required=0.0100 best=8.0717 free=23 refined=0 tubes=0 revoked_tubes=0 proofs=0
[depth_angular_controller_goal-1] [INFO] [1791435015.294194457] [depth_angular_controller]: PAPER_EVIDENCE retained=12 balls=0 revoked_balls=0 expired_views=5727 evicted_views=0 radius=0.580 clearance=0.500 best_prefix=8.072
[depth_angular_controller_goal-1] [INFO] [1791435016.153164520] [depth_angular_controller]: OMNI_DEPTH views=4 azimuth_bins=180 elevation_bins=37 valid=1 certificates=0 short=0 held=0 local_candidates=3 yaw=31.36
[depth_angular_controller_goal-1] [INFO] [1791435016.207901418] [depth_angular_controller]: PAPER_BUILD reason=READY required=0.0100 best=8.0717 free=22 refined=0 tubes=0 revoked_tubes=0 proofs=0
[depth_angular_controller_goal-1] [INFO] [1791435016.207936925] [depth_angular_controller]: PAPER_EVIDENCE retained=12 balls=0 revoked_balls=0 expired_views=5751 evicted_views=0 radius=0.580 clearance=0.500 best_prefix=8.072
[position_cmd_to_twist-2] [INFO] [1791435016.968745913] [position_cmd_to_twist]: [PERF BRIDGE] run=p5_enable_goal_20261008_dynamic_ego1p5_1 elapsed=228.68s received=13789 published=13789 fps(ros/wall)=59.97/64.24 controller_to_bridge_ms(mean/p50/p95/max)=2.268/0.000/16.667/16.667 bridge_process_ms(mean/p95/max)=0.081/0.103/1.255
[NAV] t=230.0s position=(-64.00,-11.20,2.80) yaw=9.9deg command=(0.00,0.00,0.00) manual_active=1 collision_blocks=0
[depth_angular_controller_goal-1] [INFO] [1791435017.069591222] [depth_angular_controller]: OMNI_DEPTH views=4 azimuth_bins=180 elevation_bins=37 valid=1 certificates=0 short=0 held=0 local_candidates=3 yaw=31.36
[depth_angular_controller_goal-1] [INFO] [1791435017.123383044] [depth_angular_controller]: PAPER_BUILD reason=READY required=0.0100 best=8.0717 free=22 refined=0 tubes=0 revoked_tubes=0 proofs=0
[depth_angular_controller_goal-1] [INFO] [1791435017.123425243] [depth_angular_controller]: PAPER_EVIDENCE retained=12 balls=0 revoked_balls=0 expired_views=5775 evicted_views=0 radius=0.580 clearance=0.500 best_prefix=8.072
[depth_angular_controller_goal-1] [INFO] [1791435017.750950940] [depth_angular_controller]: [PERF CTRL] run=p5_enable_goal_20261008_dynamic_ego1p5_1 elapsed=229.57s callbacks=13846 commands=13845 guidance=13725 command_fps(ros/wall)=59.97/64.27 guidance_wall_fps=64.23 avoid_ms(mean/p50/p95/max)=3.181/0.873/16.367/27.842 cycle_ms(mean/p95/max)=15.560/32.661/96.079 depth_to_cmd_ms(mean/p95/max)=39.152/66.667/100.000 callback_to_publish_ms(mean/p95/max)=5.306/19.195/33.820
[depth_angular_controller_goal-1] [INFO] [1791435017.751984362] [depth_angular_controller]: EVIDENCE_COST ingest(mean/p95/max)=2.073/6.198/13.536 record=0.004/0.006/0.843 ms
[depth_angular_controller_goal-1] [INFO] [1791435017.751991326] [depth_angular_controller]: EVIDENCE_PHASE per_view_mean_ms balls=0.056 tubes=0.006 history=0.190 eviction=0.001
[depth_angular_controller_goal-1] [INFO] [1791435017.983261414] [depth_angular_controller]: OMNI_DEPTH views=4 azimuth_bins=180 elevation_bins=37 valid=1 certificates=0 short=0 held=0 local_candidates=3 yaw=31.36
[depth_angular_controller_goal-1] [INFO] [1791435018.043502166] [depth_angular_controller]: PAPER_BUILD reason=READY required=0.0100 best=8.0717 free=22 refined=0 tubes=0 revoked_tubes=0 proofs=0
[depth_angular_controller_goal-1] [INFO] [1791435018.043540858] [depth_angular_controller]: PAPER_EVIDENCE retained=12 balls=0 revoked_balls=0 expired_views=5799 evicted_views=0 radius=0.580 clearance=0.500 best_prefix=8.072
[depth_angular_controller_goal-1] [INFO] [1791435018.841665845] [depth_angular_controller]: OMNI_DEPTH views=4 azimuth_bins=180 elevation_bins=37 valid=1 certificates=0 short=0 held=0 local_candidates=3 yaw=31.36
[depth_angular_controller_goal-1] [INFO] [1791435018.902966337] [depth_angular_controller]: PAPER_BUILD reason=READY required=0.0100 best=8.0717 free=25 refined=0 tubes=0 revoked_tubes=0 proofs=0
[depth_angular_controller_goal-1] [INFO] [1791435018.903008066] [depth_angular_controller]: PAPER_EVIDENCE retained=12 balls=0 revoked_balls=0 expired_views=5823 evicted_views=0 radius=0.580 clearance=0.500 best_prefix=8.072
[depth_angular_controller_goal-1] [INFO] [1791435019.697402481] [depth_angular_controller]: OMNI_DEPTH views=4 azimuth_bins=180 elevation_bins=37 valid=1 certificates=0 short=0 held=0 local_candidates=3 yaw=31.36
[depth_angular_controller_goal-1] [INFO] [1791435019.756493522] [depth_angular_controller]: PAPER_BUILD reason=READY required=0.0100 best=8.0717 free=23 refined=0 tubes=0 revoked_tubes=0 proofs=0
[depth_angular_controller_goal-1] [INFO] [1791435019.756527876] [depth_angular_controller]: PAPER_EVIDENCE retained=12 balls=0 revoked_balls=0 expired_views=5847 evicted_views=0 radius=0.580 clearance=0.500 best_prefix=8.072
[depth_angular_controller_goal-1] [INFO] [1791435020.553439613] [depth_angular_controller]: OMNI_DEPTH views=4 azimuth_bins=180 elevation_bins=37 valid=1 certificates=0 short=0 held=0 local_candidates=3 yaw=31.36
[depth_angular_controller_goal-1] [INFO] [1791435020.615358448] [depth_angular_controller]: PAPER_BUILD reason=READY required=0.0100 best=8.0717 free=22 refined=0 tubes=0 revoked_tubes=0 proofs=0
[depth_angular_controller_goal-1] [INFO] [1791435020.615393103] [depth_angular_controller]: PAPER_EVIDENCE retained=12 balls=0 revoked_balls=0 expired_views=5871 evicted_views=0 radius=0.580 clearance=0.500 best_prefix=8.072
[position_cmd_to_twist-2] [INFO] [1791435021.350734088] [position_cmd_to_twist]: [PERF BRIDGE] run=p5_enable_goal_20261008_dynamic_ego1p5_1 elapsed=233.06s received=14088 published=14088 fps(ros/wall)=59.97/64.32 controller_to_bridge_ms(mean/p50/p95/max)=2.266/0.000/16.667/16.667 bridge_process_ms(mean/p95/max)=0.081/0.103/1.255
[NAV] t=235.0s position=(-64.00,-11.20,2.80) yaw=9.9deg command=(0.00,0.00,0.00) manual_active=1 collision_blocks=0
[depth_angular_controller_goal-1] [INFO] [1791435021.453762892] [depth_angular_controller]: OMNI_DEPTH views=4 azimuth_bins=180 elevation_bins=37 valid=1 certificates=0 short=0 held=0 local_candidates=3 yaw=31.36
[depth_angular_controller_goal-1] [INFO] [1791435021.515017739] [depth_angular_controller]: PAPER_BUILD reason=READY required=0.0100 best=8.0717 free=22 refined=0 tubes=0 revoked_tubes=0 proofs=0
[depth_angular_controller_goal-1] [INFO] [1791435021.515053085] [depth_angular_controller]: PAPER_EVIDENCE retained=12 balls=0 revoked_balls=0 expired_views=5895 evicted_views=0 radius=0.580 clearance=0.500 best_prefix=8.072
[depth_angular_controller_goal-1] [INFO] [1791435022.343635571] [depth_angular_controller]: OMNI_DEPTH views=4 azimuth_bins=180 elevation_bins=37 valid=1 certificates=0 short=0 held=0 local_candidates=3 yaw=31.36
[depth_angular_controller_goal-1] [INFO] [1791435022.397818958] [depth_angular_controller]: PAPER_BUILD reason=READY required=0.0100 best=8.0717 free=22 refined=0 tubes=0 revoked_tubes=0 proofs=0
[depth_angular_controller_goal-1] [INFO] [1791435022.397858412] [depth_angular_controller]: PAPER_EVIDENCE retained=13 balls=0 revoked_balls=0 expired_views=5918 evicted_views=0 radius=0.580 clearance=0.500 best_prefix=8.072
[depth_angular_controller_goal-1] [INFO] [1791435022.758040738] [depth_angular_controller]: [PERF CTRL] run=p5_enable_goal_20261008_dynamic_ego1p5_1 elapsed=234.58s callbacks=14185 commands=14184 guidance=14064 command_fps(ros/wall)=59.97/64.35 guidance_wall_fps=64.31 avoid_ms(mean/p50/p95/max)=3.179/0.873/16.353/27.842 cycle_ms(mean/p95/max)=15.541/32.615/96.079 depth_to_cmd_ms(mean/p95/max)=39.051/66.667/100.000 callback_to_publish_ms(mean/p95/max)=5.305/19.171/33.820
[depth_angular_controller_goal-1] [INFO] [1791435022.759192873] [depth_angular_controller]: EVIDENCE_COST ingest(mean/p95/max)=2.072/6.192/13.536 record=0.004/0.006/0.843 ms
[depth_angular_controller_goal-1] [INFO] [1791435022.759210556] [depth_angular_controller]: EVIDENCE_PHASE per_view_mean_ms balls=0.056 tubes=0.006 history=0.190 eviction=0.001
[depth_angular_controller_goal-1] [INFO] [1791435023.311767333] [depth_angular_controller]: OMNI_DEPTH views=4 azimuth_bins=180 elevation_bins=37 valid=1 certificates=0 short=0 held=0 local_candidates=3 yaw=31.36
[depth_angular_controller_goal-1] [INFO] [1791435023.438061960] [depth_angular_controller]: PAPER_BUILD reason=READY required=0.0100 best=8.0717 free=25 refined=0 tubes=0 revoked_tubes=0 proofs=0
[depth_angular_controller_goal-1] [INFO] [1791435023.438095854] [depth_angular_controller]: PAPER_EVIDENCE retained=12 balls=0 revoked_balls=0 expired_views=5943 evicted_views=0 radius=0.580 clearance=0.500 best_prefix=8.072
[depth_angular_controller_goal-1] [INFO] [1791435024.307764393] [depth_angular_controller]: OMNI_DEPTH views=4 azimuth_bins=180 elevation_bins=37 valid=1 certificates=0 short=0 held=0 local_candidates=3 yaw=31.36
[depth_angular_controller_goal-1] [INFO] [1791435024.373347424] [depth_angular_controller]: PAPER_BUILD reason=READY required=0.0100 best=8.0717 free=23 refined=0 tubes=0 revoked_tubes=0 proofs=0
[depth_angular_controller_goal-1] [INFO] [1791435024.373381708] [depth_angular_controller]: PAPER_EVIDENCE retained=12 balls=0 revoked_balls=0 expired_views=5967 evicted_views=0 radius=0.580 clearance=0.500 best_prefix=8.072
[depth_angular_controller_goal-1] [INFO] [1791435025.172387330] [depth_angular_controller]: OMNI_DEPTH views=4 azimuth_bins=180 elevation_bins=37 valid=1 certificates=0 short=0 held=0 local_candidates=3 yaw=31.36
[depth_angular_controller_goal-1] [INFO] [1791435025.235318878] [depth_angular_controller]: PAPER_BUILD reason=READY required=0.0100 best=8.0717 free=22 refined=0 tubes=0 revoked_tubes=0 proofs=0
[depth_angular_controller_goal-1] [INFO] [1791435025.235355737] [depth_angular_controller]: PAPER_EVIDENCE retained=12 balls=0 revoked_balls=0 expired_views=5991 evicted_views=0 radius=0.580 clearance=0.500 best_prefix=8.072
[position_cmd_to_twist-2] [INFO] [1791435026.077709744] [position_cmd_to_twist]: [PERF BRIDGE] run=p5_enable_goal_20261008_dynamic_ego1p5_1 elapsed=237.79s received=14384 published=14384 fps(ros/wall)=59.95/64.29 controller_to_bridge_ms(mean/p50/p95/max)=2.269/0.000/16.667/50.000 bridge_process_ms(mean/p95/max)=0.081/0.103/1.255
[NAV] t=240.0s position=(-64.00,-11.20,2.80) yaw=9.9deg command=(0.00,0.00,0.00) manual_active=1 collision_blocks=0
[depth_angular_controller_goal-1] [INFO] [1791435026.255312986] [depth_angular_controller]: OMNI_DEPTH views=4 azimuth_bins=180 elevation_bins=37 valid=1 certificates=0 short=0 held=0 local_candidates=3 yaw=31.36
[depth_angular_controller_goal-1] [INFO] [1791435026.320093068] [depth_angular_controller]: PAPER_BUILD reason=READY required=0.0100 best=8.0717 free=22 refined=0 tubes=0 revoked_tubes=0 proofs=0
[depth_angular_controller_goal-1] [INFO] [1791435026.320130227] [depth_angular_controller]: PAPER_EVIDENCE retained=12 balls=0 revoked_balls=0 expired_views=6015 evicted_views=0 radius=0.580 clearance=0.500 best_prefix=8.072
[depth_angular_controller_goal-1] [INFO] [1791435027.147882042] [depth_angular_controller]: OMNI_DEPTH views=4 azimuth_bins=180 elevation_bins=37 valid=1 certificates=0 short=0 held=0 local_candidates=3 yaw=31.36
[depth_angular_controller_goal-1] [INFO] [1791435027.209198835] [depth_angular_controller]: PAPER_BUILD reason=READY required=0.0100 best=8.0717 free=22 refined=0 tubes=0 revoked_tubes=0 proofs=0
[depth_angular_controller_goal-1] [INFO] [1791435027.209233120] [depth_angular_controller]: PAPER_EVIDENCE retained=12 balls=0 revoked_balls=0 expired_views=6039 evicted_views=0 radius=0.580 clearance=0.500 best_prefix=8.072
[depth_angular_controller_goal-1] [INFO] [1791435027.769617577] [depth_angular_controller]: [PERF CTRL] run=p5_enable_goal_20261008_dynamic_ego1p5_1 elapsed=239.59s callbacks=14494 commands=14493 guidance=14373 command_fps(ros/wall)=59.95/64.29 guidance_wall_fps=64.25 avoid_ms(mean/p50/p95/max)=3.181/0.873/16.342/36.590 cycle_ms(mean/p95/max)=15.556/32.615/96.079 depth_to_cmd_ms(mean/p95/max)=38.964/66.667/100.000 callback_to_publish_ms(mean/p95/max)=5.312/19.136/50.701
[depth_angular_controller_goal-1] [INFO] [1791435027.770727173] [depth_angular_controller]: EVIDENCE_COST ingest(mean/p95/max)=2.076/6.191/16.345 record=0.004/0.006/0.843 ms
[depth_angular_controller_goal-1] [INFO] [1791435027.770741850] [depth_angular_controller]: EVIDENCE_PHASE per_view_mean_ms balls=0.056 tubes=0.006 history=0.191 eviction=0.001
[BENCHMARK RESULT] TIMEOUT sim=240.000s
[PERF ISAAC FINAL] run=p5_enable_goal_20261008_dynamic_ego1p5_1 result=TIMEOUT wall=226.02s sim_frames=14522 fps(sim/wall)=60.01/64.25 command_changes=1 collision_blocks=0 frame_interval_ms(mean/p50/p95/max)=15.542/14.576/16.654/80.128
[239.447s] Simulation App Shutting Down
[depth_angular_controller_goal-1] [INFO] [1791435028.637894692] [rclcpp]: signal_handler(SIGINT/SIGTERM)
[position_cmd_to_twist-2] [INFO] [1791435028.640699503] [position_cmd_to_twist]: [PERF BRIDGE FINAL] run=p5_enable_goal_20261008_dynamic_ego1p5_1 elapsed=240.36s received=14508 published=14508 fps(ros/wall)=59.95/64.29 controller_to_bridge_ms(mean/p50/p95/max)=2.264/0.000/16.667/50.000 bridge_process_ms(mean/p95/max)=0.081/0.103/1.255
[position_cmd_to_twist-2] Failed to publish log message to rosout: publisher's context is invalid, at ./src/rcl/publisher.c:389
[depth_angular_controller_goal-1] [INFO] [1791435028.640867689] [depth_angular_controller]: [PERF CTRL FINAL] run=p5_enable_goal_20261008_dynamic_ego1p5_1 elapsed=240.46s callbacks=14509 commands=14508 guidance=14388 command_fps(ros/wall)=59.95/64.29 guidance_wall_fps=64.26 avoid_ms(mean/p50/p95/max)=3.181/0.873/16.342/36.590 cycle_ms(mean/p95/max)=15.554/32.615/96.079 depth_to_cmd_ms(mean/p95/max)=38.963/66.667/100.000 callback_to_publish_ms(mean/p95/max)=5.311/19.136/50.701
[depth_angular_controller_goal-1] [INFO] [1791435028.641903976] [depth_angular_controller]: EVIDENCE_COST ingest(mean/p95/max)=2.076/6.191/16.345 record=0.004/0.006/0.843 ms
[depth_angular_controller_goal-1] [INFO] [1791435028.641906822] [depth_angular_controller]: EVIDENCE_PHASE per_view_mean_ms balls=0.056 tubes=0.006 history=0.191 eviction=0.001
[INFO] [depth_angular_controller_goal-1]: process has finished cleanly [pid 358682]
[INFO] [position_cmd_to_twist-2]: process has finished cleanly [pid 358684]
