[PERF] run=iteration15_ego1p1_1 log=/home/starry/isaac-data/EGO1P1/performance/navigation_benchmark_20260929/PERFORMANCE.md
[INPUT] mode=goal scene_mode=cloud
[INFO] [launch]: All log files can be found below /tmp/fov_gvf_ego1p1_isaac_ros_log/2026-09-29-20-59-28-585764-starry-System-Product-Name-67602
[INFO] [launch]: Default logging verbosity is set to INFO
[INFO] [depth_angular_controller-1]: process started with pid [67604]
[INFO] [position_cmd_to_twist-2]: process started with pid [67606]
[depth_angular_controller-1] [INFO] [1790686768.621489195] [depth_angular_controller]: C++ controller commands publish on /position_cmd; horizontal views=4
[ROS CHECK] ROS_DOMAIN_ID=42 /position_cmd publishers=1
Type: pc_gvf_msgs/msg/PositionCommand
Publisher count: 1
Subscription count: 1
/depth_angular_controller
/position_cmd_to_twist
WARNING: All log messages before absl::InitializeLog() is called are written to STDERR
E0000 00:00:1790686769.580853   67649 descriptor_database.cc:633] File already exists in database: grpc/health/v1/health.proto
W0000 00:00:1790686769.580874   67649 message.cc:301] Protobuf GeneratedMessageFactory: File is already registered: grpc/health/v1/health.proto
2026-09-29T12:59:29Z [Info] [carb] Logging to file: /home/starry/isaac-data/isaacsim/kit/logs/Kit/Isaac-Sim Python/6.0/kit_20260929_205929.log
[0.043s] [ext: omni.assets.plugins-0.0.0] startup
[0.043s] [ext: omni.blobkey-1.1.2] startup
[0.044s] [ext: omni.kit.async_engine-0.0.3] startup
[0.311s] [ext: omni.client.lib-1.1.1] startup
[0.319s] [ext: omni.client-1.3.0] startup
[0.321s] [ext: omni.protobuf.lib-1.0.0] startup
[0.322s] [ext: omni.grpc.lib-1.0.0] startup
[0.325s] [ext: omni.metrics.core-0.0.3] startup
[0.325s] [ext: omni.datastore-0.0.0] startup
[0.325s] [ext: omni.gpu_foundation.shadercache.vulkan-1.0.0] startup
[0.327s] [ext: omni.hsscclient-1.1.4] startup
[0.327s] [ext: omni.stats-1.0.1] startup
[0.328s] [ext: omni.ujitso.default-1.0.0] startup
[0.331s] [ext: omni.gpu_foundation-0.0.0] startup
[0.457s] [ext: carb.windowing.plugins-1.0.1] startup
[0.457s] [ext: omni.kit.renderer.init-1.0.1] startup
2026-09-29T12:59:29Z [662ms] [Warning] [omni.rtx] Skipping unsupported non-NVIDIA GPU: AMD Unknown (RADV RAPHAEL_MENDOCINO)
2026-09-29T12:59:29Z [662ms] [Warning] [omni.rtx] Skipping unsupported non-NVIDIA GPU: AMD Unknown (RADV RAPHAEL_MENDOCINO)

|---------------------------------------------------------------------------------------------|
| Driver Version: 580.178.04    | Graphics API: Vulkan
|=============================================================================================|
| GPU | Name                             | Active | LDA | GPU Memory | Vendor-ID | LUID       |
|     |                                  |        |     |            | Device-ID | UUID       |
|     |                                  |        |     |            | Bus-ID    |            |
|---------------------------------------------------------------------------------------------|
| 0   | NVIDIA GeForce RTX 5070          | Yes: 0 |     | 12227   MB | 10de      | 0          |
|     |                                  |        |     |            | 2f04      | 348d89fe.. |
|     |                                  |        |     |            | 1         |            |
|---------------------------------------------------------------------------------------------|
| 1   | AMD Unknown (RADV RAPHAEL_MEND.. |        |     | 10755   MB | 1002      | 0          |
|     |                                  |        |     |            | 13c0      | 00000000.. |
|     |                                  |        |     |            | c         |            |
|=============================================================================================|
| OS: 22.04.5 LTS (Jammy Jellyfish) ubuntu, Version: 22.04.5, Kernel: 6.8.0-138-generic
| XServer Vendor: The X.Org Foundation, XServer Version: 12101004 (1.21.1.4)
| Processor: AMD Ryzen 5 9600X 6-Core Processor
| Cores: 6 | Logical Cores: 12
|---------------------------------------------------------------------------------------------|
| Total Memory (MB): 31241 | Free Memory: 22727
| Total Page/Swap (MB): 15624 | Free Page/Swap: 15624
|---------------------------------------------------------------------------------------------|
2026-09-29T12:59:30Z [871ms] [Warning] [omni.rtx] CPU performance profile is set to powersave. This profile sets the CPU to the lowest frequency reducing performance.
2026-09-29T12:59:30Z [880ms] [Warning] [omni.rtx] IOMMU is enabled.
[0.979s] [ext: omni.kit.pipapi-0.0.0] startup
[0.980s] [ext: omni.kit.pip_archive-0.0.0] startup
[0.980s] [ext: isaacsim.pip.newton-0.6.1] startup
[0.981s] [ext: omni.pip.compute-1.9.2] startup
[0.981s] [ext: omni.isaac.core_archive-5.3.1] startup
[0.981s] [ext: omni.kit.telemetry-0.5.2] startup
[0.999s] [ext: omni.kit.loop-isaac-1.6.0] startup
[1.000s] [ext: omni.kit.test-2.0.7] startup
[1.050s] [ext: omni.materialx.libs-1.0.9] startup
[1.056s] [ext: omni.gpucompute.plugins-0.0.0] startup
[1.056s] [ext: omni.usd.config-1.0.7] startup
[1.059s] [ext: omni.usd.libs-1.0.3] startup
[1.115s] [ext: omni.iray.libs-0.0.1] startup
[1.118s] [ext: omni.mdl-57.0.3] startup
[1.180s] [ext: omni.mdl.neuraylib-0.2.20] startup
[1.182s] [ext: omni.kit.usd.mdl-1.1.9] startup
[1.268s] [ext: omni.appwindow-1.2.2] startup
[1.270s] [ext: omni.kit.renderer.core-1.2.2] startup
2026-09-29T12:59:35Z [6,506ms] [Warning] [carb.windowing-glfw.gamepad] Joystick with unknown remapping detected (will be ignored):  BEITONG BEITONG A2P3A BFM DONGLE [03000000bc2000001c51000011010000]
[6.537s] [ext: omni.kit.renderer.capture-2.0.1] startup
[6.538s] [ext: omni.kit.renderer.imgui-2.0.6] startup
[6.574s] [ext: omni.ui-3.2.0] startup
[6.581s] [ext: omni.kit.mainwindow-1.0.3] startup
[6.582s] [ext: carb.audio-0.1.0] startup
[6.584s] [ext: omni.uiaudio-1.0.0] startup
[6.584s] [ext: omni.kit.uiapp-0.0.0] startup
[6.584s] [ext: omni.usd.schema.metrics.assembler-110.1.0] startup
[6.587s] [ext: omni.usd.schema.audio-0.0.1] startup
[6.589s] [ext: omni.usd_resolver-1.0.0] startup
[6.592s] [ext: omni.usd.core-1.8.3] startup
[6.594s] [ext: omni.metropolis.schema-0.0.3] startup
[6.595s] [ext: isaacsim.anim.robot.schema-0.1.1] startup
[6.596s] [ext: omni.usd.schema.anim-0.0.1] startup
[6.608s] [ext: omni.usd.schema.geospatial-0.0.1] startup
[6.610s] [ext: omni.usd.schema.omnigraph-1.0.1] startup
[6.614s] [ext: omni.usd.schema.semantics-0.0.0] startup
[6.616s] [ext: omni.activity.core-1.0.3] startup
[6.617s] [ext: omni.cubric-0.1.0] startup
[6.617s] [ext: omni.graph.exec-0.9.6] startup
[6.617s] [ext: omni.hydra.scene_delegate-0.3.5] startup
[6.620s] [ext: usdrt.scenegraph-7.6.3] startup
[6.638s] [ext: omni.hydra.usdrt_delegate-7.5.2] startup
[6.642s] [ext: omni.inspect-1.0.2] startup
[6.643s] [ext: omni.kit.actions.core-1.0.0] startup
[6.644s] [ext: omni.kit.audiodeviceenum-1.0.2] startup
[6.645s] [ext: omni.kit.commands-1.5.0] startup
[6.647s] [ext: omni.kit.exec.core-0.13.5] startup
[6.648s] [ext: omni.kit.usd_undo-0.1.8] startup
[6.649s] [ext: omni.kit.window.popup_dialog-2.0.25] startup
[6.651s] [ext: omni.kit.widget.nucleus_connector-2.3.1] startup
[6.653s] [ext: omni.timeline-1.1.0] startup
[6.655s] [ext: omni.usd-1.16.0] startup
[6.680s] [ext: omni.graph.core-3.1.2] startup
[6.682s] [ext: omni.kit.notification_manager-1.0.11] startup
[6.684s] [ext: isaacsim.core.deprecation_manager-0.4.2] startup
[6.685s] [ext: isaacsim.replicator.agent.schema-0.1.1] startup
[6.685s] [ext: isaacsim.robot.schema-6.3.7] startup
[6.689s] [ext: isaacsim.robot_motion.schema-0.2.1] startup
[6.690s] [ext: omni.anim.behavior.schema-110.1.0] startup
[6.692s] [ext: omni.anim.graph.schema-110.1.1] startup
[6.697s] [ext: omni.anim.navigation.schema-110.1.0] startup
[6.699s] [ext: omni.behavior.tree.schema-110.1.0] startup
[6.700s] [ext: omni.isaac.ml_archive-3.3.0] startup
[6.700s] [ext: omni.kit.asset_converter-6.0.1] startup
[6.709s] [ext: omni.pip.cloud-1.5.4] startup
[6.711s] [ext: omni.usd.schema.flow-110.0.0] startup
[6.711s] [ext: omni.usd.schema.mujoco-1.1.1] startup
[6.712s] [ext: omni.usd.schema.newton-1.2.1] startup
[6.713s] [ext: omni.usd.schema.omni_lens_distortion-1.0.0] startup
[6.713s] [ext: omni.usd.schema.omni_projectors-1.0.0] startup
[6.714s] [ext: omni.usd.schema.omni_sensors-0.0.0] startup
[6.720s] [ext: omni.usd.schema.omniscripting-1.0.1] startup
[6.723s] [ext: omni.usd.schema.physical_lighting-0.1.0] startup
[6.725s] [ext: omni.usd.schema.physx-110.1.13] startup
[6.749s] [ext: omni.usd.schema.render_settings.rtx-1.0.2] startup
[6.751s] [ext: omni.usd.schema.usd_particle_field-1.0.0] startup
[6.752s] [ext: isaacsim.core.version-2.1.1] startup
[6.752s] [ext: omni.kit.menu.core-1.2.0] startup
[6.753s] [ext: omni.kit.menu.utils-2.2.4] startup
[6.758s] [ext: isaacsim.app.about-2.3.1] startup
[6.762s] [ext: isaacsim.asset.transformer-1.2.5] startup
[6.764s] [ext: omni.scene.optimizer.core-110.1.0] startup
[6.794s] [ext: isaacsim.asset.importer.utils-1.8.1] startup
[6.796s] [ext: omni.convexdecomposition-110.1.13] startup
[6.798s] [ext: omni.physics-110.1.13] startup
[6.800s] [ext: omni.physx.gpu-110.1.13] startup
[6.800s] [ext: omni.physx.foundation-110.1.13] startup
[6.801s] [ext: omni.usdphysics-110.1.13] startup
[6.803s] [ext: omni.physx.cooking-110.1.13] startup
[6.804s] [ext: omni.physx-110.1.13] startup
[6.811s] [ext: omni.physics.physx-110.1.13] startup
[6.813s] [ext: isaacsim.asset.exporter.urdf-2.0.5] startup
[6.819s] [ext: omni.kit.clipboard-1.1.1] startup
[6.820s] [ext: omni.kit.usd.layers-2.6.1] startup
[6.825s] [ext: omni.kit.widget.context_menu-1.4.0] startup
[6.826s] [ext: omni.kit.context_menu-1.9.0] startup
[6.827s] [ext: omni.kit.helper.file_utils-0.1.10] startup
[6.828s] [ext: omni.kit.widget.nucleus_info-2.0.2] startup
[6.829s] [ext: omni.kit.search_core-1.0.8] startup
[6.829s] [ext: omni.kit.widget.path_field-2.0.13] startup
[6.830s] [ext: omni.kit.widget.browser_bar-2.0.10] startup
[6.830s] [ext: omni.kit.widget.filebrowser-2.13.4] startup
[6.834s] [ext: omni.kit.widget.options_menu-1.1.6] startup
[6.835s] [ext: omni.kit.widget.options_button-1.0.3] startup
[6.836s] [ext: omni.kit.widget.search_delegate-1.0.9] startup
[6.837s] [ext: omni.ui.scene-2.0.3] startup
[6.840s] [ext: omni.kit.window.filepicker-2.15.5] startup
[6.850s] [ext: omni.kit.window.file_importer-1.1.21] startup
[6.851s] [ext: omni.kit.material.library-3.1.2] startup
[6.855s] [ext: isaacsim.asset.transformer.rules-1.7.10] startup
[6.863s] [ext: omni.usdex.libs-2.2.2] startup
[6.868s] [ext: isaacsim.asset.importer.mjcf-3.10.1] startup
[6.870s] [ext: isaacsim.asset.importer.urdf-3.11.2] startup
[6.873s] [ext: omni.kit.primitive.mesh-1.1.0] startup
[6.875s] [ext: omni.kit.stage_template.core-1.1.22] startup
[6.875s] [ext: omni.kit.stage_templates-2.0.2] startup
[6.877s] [ext: omni.usd.metrics.assembler-110.1.2] startup
[6.879s] [ext: omni.warp.core-1.13.0] startup
[7.062s] [ext: isaacsim.core.experimental.utils-0.17.2] startup
[7.063s] [ext: omni.physics.stageupdate-110.1.13] startup
[7.065s] [ext: omni.physics.tensors-110.1.13] startup
[7.068s] [ext: omni.physx.tensors-110.1.13] startup
[7.071s] [ext: isaacsim.core.simulation_manager-1.15.6] startup
[7.081s] [ext: isaacsim.storage.native-1.9.3] startup
[7.082s] [ext: omni.usd.metrics.assembler.physics-110.1.13] startup
[7.083s] [ext: isaacsim.core.utils-4.1.7] startup
[7.085s] [ext: isaacsim.core.prims-0.11.7] startup
[7.961s] [ext: isaacsim.core.api-5.2.13] startup
[7.967s] [ext: isaacsim.core.cloner-1.7.3] startup
[7.968s] [ext: isaacsim.test.docstring-1.3.2] startup
[7.970s] [ext: isaacsim.core.experimental.prims-1.8.9] startup
[7.989s] [ext: isaacsim.core.experimental.primdata-0.3.2] startup
[7.991s] [ext: omni.graph.tools-1.81.0] startup
[8.010s] [ext: omni.graph-1.142.5] startup
[8.045s] [ext: isaacsim.core.experimental.actuators-0.1.2] startup
[8.059s] [ext: isaacsim.core.experimental.materials-0.7.1] startup
[8.061s] [ext: isaacsim.core.experimental.objects-0.8.1] startup
[8.116s] [ext: omni.hydra.engine.stats-1.0.5] startup
[8.118s] [ext: omni.hydra.rtx.shadercache.vulkan-1.0.0] startup
[8.119s] [ext: omni.index.libs-387500.4413.0] startup
[8.119s] [ext: omni.index-1.0.1] startup
[8.119s] [ext: omni.ujitso.client-0.0.0] startup
[8.120s] [ext: omni.usd.schema.playback-1.0.0] startup
[8.122s] [ext: omni.volume-0.5.2] startup
[8.126s] [ext: omni.hydra.rtx-1.0.4] startup
2026-09-29T12:59:37Z [8,117ms] [Warning] [omni.log] Source: omni.hydra was already registered.
[8.147s] [ext: omni.kit.hydra_texture-1.6.0] startup
[8.150s] [ext: omni.kit.raycast.query-1.2.0] startup
[8.153s] [ext: omni.kit.viewport.legacy_gizmos-1.0.24] startup
[8.155s] [ext: omni.kit.viewport.registry-104.0.6] startup
[8.155s] [ext: omni.kit.viewport.scene_camera_model-1.0.7] startup
[8.158s] [ext: omni.kit.widget.viewport-109.2.0] startup
[8.161s] [ext: omni.kit.window.drop_support-1.0.8] startup
[8.162s] [ext: omni.kit.viewport.window-109.0.2] startup
[8.177s] [ext: omni.kit.viewport.utility-2.0.1] startup
[8.178s] [ext: isaacsim.core.rendering_manager-0.4.3] startup
[8.198s] [ext: omni.graph.action_core-1.1.9] startup
[8.201s] [ext: omni.graph.action_nodes_core-2.11.0] startup
[8.202s] [ext: omni.graph.action_nodes-2.11.0] startup
[8.218s] [ext: omni.graph.action-2.10.2] startup
[8.219s] [ext: omni.graph.image.core-0.6.1] startup
[8.220s] [ext: omni.graph.image.nodes-1.3.1] startup
[8.221s] [ext: omni.graph.nodes_core-2.11.0] startup
[8.225s] [ext: omni.graph.nodes-2.12.0] startup
[8.229s] [ext: omni.kit.hotkeys.core-1.3.12] startup
[8.230s] [ext: omni.kit.property.adapter.core-1.1.1] startup
[8.232s] [ext: omni.kit.property.adapter.usd-1.0.5] startup
[8.233s] [ext: omni.kit.widget.filter-1.1.5] startup
[8.234s] [ext: omni.kit.widget.highlight_label-1.0.3] startup
[8.234s] [ext: omni.kit.widget.searchfield-1.1.8] startup
[8.236s] [ext: omni.kit.window.file_exporter-1.0.36] startup
[8.237s] [ext: omni.kit.widget.stage-4.4.0] startup
[8.244s] [ext: omni.kit.window.content_browser_registry-0.0.6] startup
[8.245s] [ext: omni.kit.window.file-2.0.10] startup
[8.247s] [ext: omni.kit.window.content_browser-3.1.8] startup
[8.256s] [ext: omni.kit.window.property-1.15.1] startup
[8.265s] [ext: omni.kit.property.usd-4.9.4] startup
[8.274s] [ext: omni.graph.scriptnode-2.10.2] startup
[8.282s] [ext: omni.kit.widget.searchable_combobox-1.0.7] startup
[8.282s] [ext: omni.kit.widget.settings-2.0.0] startup
[8.284s] [ext: omni.kit.window.preferences-1.8.3] startup
[8.288s] [ext: omni.kit.viewport.menubar.core-107.2.2] startup
[8.298s] [ext: omni.syntheticdata-0.6.15] startup
[8.320s] [ext: omni.replicator.nv-1.1.1] startup
[8.324s] [ext: omni.videoencoding-0.2.1] startup
[8.326s] [ext: omni.replicator.core-1.13.27] startup
2026-09-29T12:59:37Z [8,312ms] [Warning] [pxr.Semantics] pxr.Semantics is deprecated - please use Semantics instead
2026-09-29T12:59:37Z [8,379ms] [Warning] [omni.replicator.core.scripts.extension] No material configuration file, adding configuration to material settings directly.
[8.529s] [ext: isaacsim.core.nodes-5.10.5] startup
[8.554s] [ext: isaacsim.core.throttling-2.3.5] startup
[8.555s] [ext: omni.kit.manipulator.viewport-107.0.1] startup
[8.556s] [ext: omni.graph.visualization.nodes-2.1.4] startup
[8.567s] [ext: omni.kit.window.extensions-1.5.10] startup
[8.572s] [ext: isaacsim.gui.components-1.8.5] startup
[8.576s] [ext: isaacsim.robot.surface_gripper-3.6.2] startup
[8.585s] [ext: isaacsim.robot.manipulators-3.4.4] startup
[8.594s] [ext: isaacsim.robot_motion.lula-4.1.3] startup
[8.599s] [ext: isaacsim.robot_motion.motion_generation-8.2.9] startup
[8.604s] [ext: isaacsim.cortex.framework-1.0.18] startup
[8.605s] [ext: isaacsim.cortex.behaviors-2.0.17] startup
[8.606s] [ext: isaacsim.examples.base-1.3.2] startup
[8.608s] [ext: omni.kit.widget.zoombar-1.0.7] startup
[8.608s] [ext: omni.kit.browser.core-2.3.18] startup
[8.611s] [ext: omni.kit.browser.folder.core-2.0.2] startup
[8.614s] [ext: omni.kit.widget.stage_icons-1.0.8] startup
[8.615s] [ext: omni.kit.window.stage-2.6.1] startup
[8.618s] [ext: omni.kit.menu.stage-1.2.7] startup
[8.619s] [ext: omni.kit.usd.collect-3.0.6] startup
[8.621s] [ext: omni.kit.widget.prompt-1.0.7] startup
[8.622s] [ext: omni.kit.tool.collect-2.2.19] startup
[8.623s] [ext: isaacsim.examples.browser-0.3.2] startup
[8.625s] [ext: omni.kit.search.files-1.0.4] startup
[8.626s] [ext: omni.kit.widget.calendar-1.0.9] startup
[8.627s] [ext: omni.kit.widget.extended_searchfield-1.0.31] startup
[8.633s] [ext: omni.simready.content.browser-0.3.7] startup
[8.718s] [ext: isaacsim.gui.content_browser-0.4.3] startup
[8.720s] [ext: omni.kit.selection-0.1.6] startup
[8.721s] [ext: isaacsim.gui.menu-2.10.5] startup
[8.728s] [ext: isaacsim.gui.property-1.6.4] startup
[8.734s] [ext: omni.kit.viewport.actions-110.0.0] startup
[8.738s] [ext: omni.kit.viewport.menubar.display-107.1.3] startup
[8.739s] [ext: isaacsim.gui.sensors.icon-2.2.1] startup
[8.741s] [ext: omni.behavior.scripting.core-110.1.0] startup
[8.744s] [ext: isaacsim.replicator.behavior-1.5.4] startup
[8.745s] [ext: isaacsim.replicator.experimental.domain_randomization-1.2.5] startup
[8.757s] [ext: isaacsim.replicator.domain_randomization-1.2.2] startup
[8.825s] [ext: isaacsim.replicator.writers-1.5.4] startup
[8.847s] [ext: isaacsim.robot.experimental.wheeled_robots-0.2.11] startup
[8.867s] [ext: isaacsim.robot.policy.examples-5.2.12] startup
[8.885s] [ext: isaacsim.robot.wheeled_robots-5.2.4] startup
[8.888s] [ext: isaacsim.robot.wheeled_robots.nodes-0.1.5] startup
[8.904s] [ext: isaacsim.robot_motion.experimental.motion_generation-6.1.3] startup
[8.914s] [ext: isaacsim.robot_motion.cumotion-1.3.1] startup
[8.926s] [ext: omni.kit.numpy.common-0.1.3] startup
[8.927s] [ext: isaacsim.sensors.camera-1.7.9] startup
[8.954s] [ext: isaacsim.sensors.experimental.physics-3.0.2] startup
[8.961s] [ext: omni.sensors.net-1.0.1] startup
[8.963s] [ext: omni.sensors.nv.common-3.0.0] startup
[8.971s] [ext: omni.sensors.nv.materials-2.0.0] startup
[8.974s] [ext: omni.sensors.nv.acoustic-3.0.0] startup
[8.976s] [ext: omni.sensors.nv.ids-2.0.1] startup
[8.977s] [ext: omni.sensors.nv.lidar-3.0.0] startup
[8.980s] [ext: omni.sensors.nv.radar-3.0.0] startup
[8.982s] [ext: isaacsim.sensors.experimental.rtx-1.4.6] startup
[9.220s] [ext: isaacsim.sensors.physics.nodes-1.5.3] startup
[9.225s] [ext: isaacsim.util.debug_draw-3.2.3] startup
[9.230s] [ext: isaacsim.sensors.physx-2.5.5] startup
[9.236s] [ext: isaacsim.sensors.rtx-15.17.1] startup
[9.245s] [ext: isaacsim.simulation_app-2.18.4] startup
[9.245s] [ext: omni.anim.curve.core-1.6.0] startup
[9.254s] [ext: omni.graph.ui_nodes-2.11.1] startup
[9.274s] [ext: omni.hydra.scene_api-0.1.3] startup
[9.278s] [ext: omni.kit.manipulator.camera-110.0.0] startup
[9.281s] [ext: omni.kit.manipulator.selector-1.1.4] startup
[9.282s] [ext: omni.kit.manipulator.transform-107.0.0] startup
[9.286s] [ext: omni.kit.widget.toolbar-2.1.0] startup
[9.291s] [ext: omni.kit.manipulator.tool.snap-1.5.14] startup
[9.294s] [ext: omni.kit.viewport.manipulator.transform-107.0.4] startup
[9.296s] [ext: omni.kit.manipulator.prim.core-108.0.2] startup
[9.301s] [ext: omni.kit.manipulator.prim.usd-107.0.3] startup
[9.302s] [ext: omni.kit.manipulator.prim-108.0.0] startup
[9.302s] [ext: omni.kit.manipulator.selection-109.0.1] startup
[9.303s] [ext: omni.kit.menu.create-2.0.2] startup
[9.304s] [ext: omni.kit.property.audio-1.0.16] startup
[9.307s] [ext: omni.kit.property.camera-1.0.14] startup
[9.309s] [ext: omni.kit.property.geometry-2.1.2] startup
[9.311s] [ext: omni.kit.property.light-1.0.14] startup
2026-09-29T12:59:38Z [9,311ms] [Warning] [omni.usd] Encountered USD Warnings but USD Diagnostics are currently muted. To view USD Warnings, please set the '/persistent/app/usd/muteUsdDiagnostics' setting to false in Preferences page.
[9.340s] [ext: omni.kit.property.material-1.14.6] startup
[9.345s] [ext: omni.kit.property.render-1.2.2] startup
[9.346s] [ext: omni.kit.property.transform-1.6.9] startup
[9.349s] [ext: omni.kit.property.bundle-1.5.1] startup
[9.350s] [ext: omni.kit.usdz_export-1.1.0] startup
[9.352s] [ext: omni.kit.tool.asset_importer-6.0.1] startup
[9.357s] [ext: omni.kit.ui.actions-1.0.5] startup
[9.358s] [ext: omni.kit.viewport.menubar.camera-107.0.10] startup
[9.362s] [ext: omni.kit.viewport.menubar.lighting-107.3.2] startup
[9.364s] [ext: omni.kit.viewport.menubar.render-110.0.0] startup
[9.366s] [ext: omni.kit.viewport.menubar.settings-110.0.1] startup
[9.369s] [ext: omni.kit.window.console-1.1.9] startup
[9.372s] [ext: omni.kit.window.status_bar-0.1.11] startup
[9.374s] [ext: omni.kit.window.toolbar-3.0.3] startup
[9.375s] [ext: omni.ocio-0.1.1] startup
[9.376s] [ext: omni.physx.commands-110.1.13] startup
[9.379s] [ext: omni.replicator.replicator_yaml-2.0.12] startup
[9.388s] [ext: omni.rtx.window.settings-0.8.0] startup
[9.392s] [ext: omni.rtx.settings.core-0.7.1] startup
[9.395s] [ext: omni.usd.metrics.assembler.ui-110.1.1] startup
[9.401s] [ext: semantics.schema.editor-2.0.2] startup
[9.403s] [ext: semantics.schema.property-2.0.2] startup
[9.404s] [ext: omni.kit.menu.common-2.0.2] startup
[9.405s] [ext: isaacsim.exp.base-6.0.1] startup
[9.405s] [ext: isaacsim.exp.base.python-6.0.1] startup
[9.407s] Simulation App Starting
[10.453s] Simulation App Startup Complete
[10.457s] app ready
Starting kit application with the following args:  ['/home/starry/isaac-data/isaacsim/exts/isaacsim.simulation_app/isaacsim/simulation_app/simulation_app.py', '/home/starry/isaac-data/isaacsim/apps/isaacsim.exp.base.python.kit', '--/app/tokens/exe-path=/home/starry/isaac-data/isaacsim/kit', '--/persistent/app/viewport/displayOptions=3094', '--/rtx/materialDb/syncLoads=True', '--/rtx/hydra/materialSyncLoads=True', '--/omni/kit/plugin/syncUsdLoads=True', '--/app/renderer/resolution/width=1280', '--/app/renderer/resolution/height=720', '--/app/window/width=1440', '--/app/window/height=900', '--/renderer/multiGpu/enabled=False', '--/app/fastShutdown=True', '--/app/installSignalHandlers=0', '--ext-folder', '/home/starry/isaac-data/isaacsim/exts', '--ext-folder', '/home/starry/isaac-data/isaacsim/apps', '--/renderer/activeGpu=0', '--/physics/cudaDevice=0', '--/plugins/carb.tasking.plugin/threadCount=12', '--/plugins/omni.tbb.globalcontrol/maxThreadCount=12', '--portable', '--no-window', '--/app/window/hideUi=1']
Passing the following args to the base kit application:  []
Warp 1.13.0 initialized:
   CUDA Toolkit 12.9, Driver 13.0
   Devices:
     "cpu"      : "x86_64"
     "cuda:0"   : "NVIDIA GeForce RTX 5070" (11 GiB, sm_120, mempool enabled)
   Kernel cache:
     /home/starry/.cache/warp/1.13.0
[LIGHTING] sun=800.0 (1) dome=0.0 (1) ambient=0.05 constant_color=(0.6, 0.65, 0.7)
[RENDER] mode=MinimalRendering minimal_shading_mode=2 anti_aliasing=TAA
[DEPTH CAMERAS] count=4 resolution_each=320x240 horizontal_coverage=360deg
[ESDF] path=/home/starry/isaac-data/EGO1P1/scenes/ego_swarm_cloud/occupancy.bin shape=(400, 300, 50) resolution=0.40m
[depth_angular_controller-1] [INFO] [1790686782.108781402] [depth_angular_controller]: WAITING_VERIFIED_START_POSE
[NAV] t=0.0s position=(-64.00,-11.20,2.80) yaw=1.2deg command=(0.00,0.00,0.00) manual_active=0 collision_blocks=0
[depth_angular_controller-1] [INFO] [1790686782.498926593] [depth_angular_controller]: VERIFIED_FREE_SEED center=(-64.000,-11.200,2.800) radius=2.500 balls=1: verified fixed Cloud free ball; USD and occupancy SHA-256 matched
[depth_angular_controller-1] [INFO] [1790686782.499048181] [depth_angular_controller]: ZERO_INTENT
[depth_angular_controller-1] [INFO] [1790686784.430956572] [depth_angular_controller]: 3D guidance switched to view 0
[depth_angular_controller-1] [INFO] [1790686784.432551275] [depth_angular_controller]: DEPTH_PROPOSAL_CERTIFIED
[depth_angular_controller-1] [INFO] [1790686784.432565341] [depth_angular_controller]: PAPER_BUILD reason=FULL_MOTION_CERTIFICATE required=0.0000 best=0.0000 free=0 refined=0 tubes=0 revoked_tubes=0 proofs=0
[depth_angular_controller-1] [INFO] [1790686784.432572755] [depth_angular_controller]: PAPER_EVIDENCE retained=7 balls=1 revoked_balls=0 expired_views=0 evicted_views=0 radius=0.580 clearance=0.000 best_prefix=0.000
[depth_angular_controller-1] [INFO] [1790686785.505497114] [depth_angular_controller]: PAPER_BUILD reason=FULL_MOTION_CERTIFICATE required=0.0000 best=0.0000 free=0 refined=0 tubes=1 revoked_tubes=0 proofs=42
[depth_angular_controller-1] [INFO] [1790686785.505534083] [depth_angular_controller]: PAPER_EVIDENCE retained=11 balls=4 revoked_balls=0 expired_views=0 evicted_views=0 radius=0.580 clearance=0.000 best_prefix=0.000
[10.986s] [ext: isaacsim.sensors.rtx.nodes-0.1.2] startup
[10.994s] [ext: isaacsim.ros2.core-1.9.4] startup
[11.008s] Attempting to load system rclpy
[11.008s] Could not import system rclpy: No module named 'rclpy'
[11.008s] Attempting to load internal rclpy for ROS Distro: humble
[11.019s] rclpy loaded
[11.022s] [ext: isaacsim.ros2.nodes-1.18.13] startup
[11.057s] [ext: isaacsim.ros2.examples-1.2.4] startup
[11.062s] [ext: isaacsim.ros2.ui-1.6.5] startup
[11.290s] [ext: isaacsim.ros2.bridge-5.1.2] startup
2026-09-29T12:59:42Z [13,251ms] [Warning] [omni.timeline.plugin] Deprecated: direct use of ITimeline callbacks is deprecated. Use ITimeline::getTimeline (Python: omni.timeline.get_timeline_interface) instead.
[depth_angular_controller-1] [INFO] [1790686786.719571535] [depth_angular_controller]: PAPER_BUILD reason=FULL_MOTION_CERTIFICATE required=0.0000 best=0.0000 free=0 refined=0 tubes=4 revoked_tubes=0 proofs=87
[depth_angular_controller-1] [INFO] [1790686786.719610308] [depth_angular_controller]: PAPER_EVIDENCE retained=15 balls=16 revoked_balls=0 expired_views=0 evicted_views=0 radius=0.580 clearance=0.000 best_prefix=0.000
[depth_angular_controller-1] [INFO] [1790686787.109538361] [depth_angular_controller]: [PERF CTRL] run=iteration15_ego1p1_1 elapsed=18.49s callbacks=218 commands=218 guidance=117 command_fps(ros/wall)=50.08/43.39 guidance_wall_fps=43.31 avoid_ms(mean/p50/p95/max)=0.751/0.830/0.979/1.825 cycle_ms(mean/p95/max)=23.045/36.518/390.268 depth_to_cmd_ms(mean/p95/max)=32.764/33.333/33.333 callback_to_publish_ms(mean/p95/max)=6.446/8.541/13.710
[position_cmd_to_twist-2] [INFO] [1790686787.786850460] [position_cmd_to_twist]: [PERF BRIDGE] run=iteration15_ego1p1_1 elapsed=19.05s received=247 published=247 fps(ros/wall)=50.03/43.46 controller_to_bridge_ms(mean/p50/p95/max)=0.000/0.000/0.000/0.000 bridge_process_ms(mean/p95/max)=0.091/0.112/0.153
[NAV] t=5.0s position=(-60.40,-10.18,2.70) yaw=9.8deg command=(1.97,0.35,-0.00) manual_active=1 collision_blocks=0
[depth_angular_controller-1] [INFO] [1790686787.874725641] [depth_angular_controller]: PAPER_BUILD reason=FULL_MOTION_CERTIFICATE required=0.0000 best=0.0000 free=0 refined=0 tubes=8 revoked_tubes=0 proofs=124
[depth_angular_controller-1] [INFO] [1790686787.874763912] [depth_angular_controller]: PAPER_EVIDENCE retained=19 balls=32 revoked_balls=0 expired_views=0 evicted_views=0 radius=0.580 clearance=0.000 best_prefix=0.000
[depth_angular_controller-1] [INFO] [1790686788.976451226] [depth_angular_controller]: PAPER_BUILD reason=FULL_MOTION_CERTIFICATE required=0.0000 best=0.0000 free=0 refined=0 tubes=12 revoked_tubes=0 proofs=128
[depth_angular_controller-1] [INFO] [1790686788.976487564] [depth_angular_controller]: PAPER_EVIDENCE retained=23 balls=32 revoked_balls=0 expired_views=0 evicted_views=0 radius=0.580 clearance=0.000 best_prefix=0.000
[depth_angular_controller-1] [INFO] [1790686790.061225762] [depth_angular_controller]: PAPER_BUILD reason=FULL_MOTION_CERTIFICATE required=0.0000 best=0.0000 free=0 refined=0 tubes=16 revoked_tubes=0 proofs=128
[depth_angular_controller-1] [INFO] [1790686790.061266107] [depth_angular_controller]: PAPER_EVIDENCE retained=27 balls=32 revoked_balls=0 expired_views=0 evicted_views=0 radius=0.580 clearance=0.000 best_prefix=0.000
[depth_angular_controller-1] [INFO] [1790686791.155761976] [depth_angular_controller]: PAPER_BUILD reason=FULL_MOTION_CERTIFICATE required=0.0000 best=0.0000 free=0 refined=0 tubes=21 revoked_tubes=0 proofs=128
[depth_angular_controller-1] [INFO] [1790686791.155802822] [depth_angular_controller]: PAPER_EVIDENCE retained=31 balls=32 revoked_balls=0 expired_views=0 evicted_views=0 radius=0.580 clearance=0.000 best_prefix=0.000
[depth_angular_controller-1] [INFO] [1790686792.111405944] [depth_angular_controller]: [PERF CTRL] run=iteration15_ego1p1_1 elapsed=23.49s callbacks=442 commands=442 guidance=341 command_fps(ros/wall)=50.02/44.09 guidance_wall_fps=44.27 avoid_ms(mean/p50/p95/max)=0.880/0.759/2.317/3.242 cycle_ms(mean/p95/max)=22.682/36.906/390.268 depth_to_cmd_ms(mean/p95/max)=33.333/33.333/50.000 callback_to_publish_ms(mean/p95/max)=8.474/13.468/16.857
[depth_angular_controller-1] [INFO] [1790686792.323815207] [depth_angular_controller]: PAPER_BUILD reason=FULL_MOTION_CERTIFICATE required=0.0000 best=0.0000 free=0 refined=0 tubes=25 revoked_tubes=0 proofs=128
[depth_angular_controller-1] [INFO] [1790686792.323850854] [depth_angular_controller]: PAPER_EVIDENCE retained=32 balls=32 revoked_balls=0 expired_views=0 evicted_views=3 radius=0.580 clearance=0.000 best_prefix=0.000
[position_cmd_to_twist-2] [INFO] [1790686793.253607583] [position_cmd_to_twist]: [PERF BRIDGE] run=iteration15_ego1p1_1 elapsed=24.52s received=497 published=497 fps(ros/wall)=50.02/44.54 controller_to_bridge_ms(mean/p50/p95/max)=0.201/0.000/0.000/16.667 bridge_process_ms(mean/p95/max)=0.102/0.132/1.519
[NAV] t=10.0s position=(-50.54,-9.09,2.31) yaw=10.0deg command=(1.99,-0.17,-0.02) manual_active=1 collision_blocks=0
[depth_angular_controller-1] [INFO] [1790686793.351441171] [depth_angular_controller]: PAPER_BUILD reason=FULL_MOTION_CERTIFICATE required=0.0000 best=0.0000 free=0 refined=0 tubes=29 revoked_tubes=0 proofs=128
[depth_angular_controller-1] [INFO] [1790686793.351481036] [depth_angular_controller]: PAPER_EVIDENCE retained=32 balls=32 revoked_balls=0 expired_views=0 evicted_views=7 radius=0.580 clearance=0.000 best_prefix=0.000
[depth_angular_controller-1] [INFO] [1790686794.523635764] [depth_angular_controller]: PAPER_BUILD reason=FULL_MOTION_CERTIFICATE required=0.0000 best=0.0000 free=0 refined=0 tubes=33 revoked_tubes=0 proofs=128
[depth_angular_controller-1] [INFO] [1790686794.523679556] [depth_angular_controller]: PAPER_EVIDENCE retained=32 balls=32 revoked_balls=0 expired_views=0 evicted_views=11 radius=0.580 clearance=0.000 best_prefix=0.000
[depth_angular_controller-1] [INFO] [1790686795.567124766] [depth_angular_controller]: PAPER_BUILD reason=FULL_MOTION_CERTIFICATE required=0.0000 best=0.0000 free=0 refined=0 tubes=37 revoked_tubes=0 proofs=128
[depth_angular_controller-1] [INFO] [1790686795.567166825] [depth_angular_controller]: PAPER_EVIDENCE retained=32 balls=32 revoked_balls=0 expired_views=0 evicted_views=15 radius=0.580 clearance=0.000 best_prefix=0.000
[depth_angular_controller-1] [INFO] [1790686796.755321878] [depth_angular_controller]: PAPER_BUILD reason=FULL_MOTION_CERTIFICATE required=0.0000 best=0.0000 free=0 refined=0 tubes=42 revoked_tubes=0 proofs=128
[depth_angular_controller-1] [INFO] [1790686796.755363907] [depth_angular_controller]: PAPER_EVIDENCE retained=32 balls=32 revoked_balls=0 expired_views=0 evicted_views=19 radius=0.580 clearance=0.000 best_prefix=0.000
[depth_angular_controller-1] [INFO] [1790686797.116578288] [depth_angular_controller]: [PERF CTRL] run=iteration15_ego1p1_1 elapsed=28.49s callbacks=666 commands=666 guidance=565 command_fps(ros/wall)=50.00/44.31 guidance_wall_fps=44.46 avoid_ms(mean/p50/p95/max)=1.113/0.877/2.443/5.161 cycle_ms(mean/p95/max)=22.568/37.891/390.268 depth_to_cmd_ms(mean/p95/max)=32.566/33.333/50.000 callback_to_publish_ms(mean/p95/max)=10.333/17.923/23.361
[depth_angular_controller-1] [INFO] [1790686798.003566411] [depth_angular_controller]: PAPER_BUILD reason=FULL_MOTION_CERTIFICATE required=0.0000 best=0.0000 free=0 refined=0 tubes=46 revoked_tubes=0 proofs=128
[depth_angular_controller-1] [INFO] [1790686798.003610524] [depth_angular_controller]: PAPER_EVIDENCE retained=32 balls=32 revoked_balls=0 expired_views=0 evicted_views=23 radius=0.580 clearance=0.000 best_prefix=0.000
[position_cmd_to_twist-2] [INFO] [1790686799.012641013] [position_cmd_to_twist]: [PERF BRIDGE] run=iteration15_ego1p1_1 elapsed=30.28s received=747 published=747 fps(ros/wall)=50.01/44.15 controller_to_bridge_ms(mean/p50/p95/max)=1.160/0.000/16.667/33.333 bridge_process_ms(mean/p95/max)=0.104/0.136/1.519
[NAV] t=15.0s position=(-40.99,-8.49,3.10) yaw=10.6deg command=(1.83,0.75,0.23) manual_active=1 collision_blocks=0
[depth_angular_controller-1] [INFO] [1790686799.110438574] [depth_angular_controller]: PAPER_BUILD reason=FULL_MOTION_CERTIFICATE required=0.0000 best=0.0000 free=0 refined=0 tubes=50 revoked_tubes=0 proofs=128
[depth_angular_controller-1] [INFO] [1790686799.110481154] [depth_angular_controller]: PAPER_EVIDENCE retained=32 balls=32 revoked_balls=0 expired_views=0 evicted_views=27 radius=0.580 clearance=0.000 best_prefix=0.000
[depth_angular_controller-1] [INFO] [1790686800.155242994] [depth_angular_controller]: PAPER_BUILD reason=FULL_MOTION_CERTIFICATE required=0.0000 best=0.0000 free=0 refined=0 tubes=54 revoked_tubes=0 proofs=128
[depth_angular_controller-1] [INFO] [1790686800.155278862] [depth_angular_controller]: PAPER_EVIDENCE retained=32 balls=32 revoked_balls=0 expired_views=0 evicted_views=31 radius=0.580 clearance=0.000 best_prefix=0.000
[depth_angular_controller-1] [INFO] [1790686801.208809407] [depth_angular_controller]: PAPER_BUILD reason=FULL_MOTION_CERTIFICATE required=0.0000 best=0.0000 free=0 refined=0 tubes=58 revoked_tubes=0 proofs=128
[depth_angular_controller-1] [INFO] [1790686801.208852538] [depth_angular_controller]: PAPER_EVIDENCE retained=32 balls=32 revoked_balls=0 expired_views=0 evicted_views=35 radius=0.580 clearance=0.000 best_prefix=0.000
[depth_angular_controller-1] [INFO] [1790686802.119747533] [depth_angular_controller]: [PERF CTRL] run=iteration15_ego1p1_1 elapsed=33.50s callbacks=890 commands=890 guidance=789 command_fps(ros/wall)=49.99/44.43 guidance_wall_fps=44.55 avoid_ms(mean/p50/p95/max)=1.188/1.052/2.440/5.161 cycle_ms(mean/p95/max)=22.509/37.737/390.268 depth_to_cmd_ms(mean/p95/max)=32.763/33.333/50.000 callback_to_publish_ms(mean/p95/max)=10.465/17.051/33.010
[depth_angular_controller-1] [INFO] [1790686802.417979926] [depth_angular_controller]: PAPER_BUILD reason=FULL_MOTION_CERTIFICATE required=0.0000 best=0.0000 free=0 refined=0 tubes=62 revoked_tubes=0 proofs=128
[depth_angular_controller-1] [INFO] [1790686802.418015283] [depth_angular_controller]: PAPER_EVIDENCE retained=32 balls=32 revoked_balls=0 expired_views=0 evicted_views=39 radius=0.580 clearance=0.000 best_prefix=0.000
[depth_angular_controller-1] [INFO] [1790686803.517951470] [depth_angular_controller]: PAPER_BUILD reason=FULL_MOTION_CERTIFICATE required=0.0000 best=0.0000 free=0 refined=0 tubes=66 revoked_tubes=0 proofs=128
[depth_angular_controller-1] [INFO] [1790686803.517989331] [depth_angular_controller]: PAPER_EVIDENCE retained=32 balls=32 revoked_balls=0 expired_views=0 evicted_views=43 radius=0.580 clearance=0.000 best_prefix=0.000
[position_cmd_to_twist-2] [INFO] [1790686804.657714043] [position_cmd_to_twist]: [PERF BRIDGE] run=iteration15_ego1p1_1 elapsed=35.93s received=997 published=997 fps(ros/wall)=50.01/44.18 controller_to_bridge_ms(mean/p50/p95/max)=0.886/0.000/16.667/33.333 bridge_process_ms(mean/p95/max)=0.105/0.136/1.519
[NAV] t=20.0s position=(-32.42,-4.57,5.17) yaw=9.3deg command=(1.86,0.55,0.33) manual_active=1 collision_blocks=0
[depth_angular_controller-1] [INFO] [1790686804.754106987] [depth_angular_controller]: PAPER_BUILD reason=FULL_MOTION_CERTIFICATE required=0.0000 best=0.0000 free=0 refined=0 tubes=70 revoked_tubes=0 proofs=128
[depth_angular_controller-1] [INFO] [1790686804.754149076] [depth_angular_controller]: PAPER_EVIDENCE retained=32 balls=32 revoked_balls=0 expired_views=0 evicted_views=47 radius=0.580 clearance=0.000 best_prefix=0.000
[depth_angular_controller-1] [INFO] [1790686805.917935451] [depth_angular_controller]: PAPER_BUILD reason=FULL_MOTION_CERTIFICATE required=0.0000 best=0.0000 free=0 refined=0 tubes=74 revoked_tubes=0 proofs=128
[depth_angular_controller-1] [INFO] [1790686805.917980014] [depth_angular_controller]: PAPER_EVIDENCE retained=32 balls=32 revoked_balls=0 expired_views=0 evicted_views=51 radius=0.580 clearance=0.000 best_prefix=0.000
[depth_angular_controller-1] [INFO] [1790686807.012933141] [depth_angular_controller]: PAPER_BUILD reason=FULL_MOTION_CERTIFICATE required=0.0000 best=0.0000 free=0 refined=0 tubes=78 revoked_tubes=0 proofs=128
[depth_angular_controller-1] [INFO] [1790686807.012978776] [depth_angular_controller]: PAPER_EVIDENCE retained=32 balls=32 revoked_balls=0 expired_views=0 evicted_views=54 radius=0.580 clearance=0.000 best_prefix=0.000
[depth_angular_controller-1] [INFO] [1790686807.135909640] [depth_angular_controller]: [PERF CTRL] run=iteration15_ego1p1_1 elapsed=38.51s callbacks=1108 commands=1108 guidance=1007 command_fps(ros/wall)=50.02/44.23 guidance_wall_fps=44.31 avoid_ms(mean/p50/p95/max)=1.144/1.046/2.386/5.161 cycle_ms(mean/p95/max)=22.608/37.891/390.268 depth_to_cmd_ms(mean/p95/max)=32.870/33.333/50.000 callback_to_publish_ms(mean/p95/max)=10.572/16.060/33.010
[depth_angular_controller-1] [INFO] [1790686808.056203362] [depth_angular_controller]: PAPER_BUILD reason=FULL_MOTION_CERTIFICATE required=0.0000 best=0.0000 free=0 refined=0 tubes=82 revoked_tubes=0 proofs=128
[depth_angular_controller-1] [INFO] [1790686808.056247305] [depth_angular_controller]: PAPER_EVIDENCE retained=32 balls=32 revoked_balls=0 expired_views=0 evicted_views=58 radius=0.580 clearance=0.000 best_prefix=0.000
[depth_angular_controller-1] [INFO] [1790686809.286878075] [depth_angular_controller]: PAPER_BUILD reason=FULL_MOTION_CERTIFICATE required=0.0000 best=0.0000 free=0 refined=0 tubes=86 revoked_tubes=0 proofs=128
[depth_angular_controller-1] [INFO] [1790686809.286922508] [depth_angular_controller]: PAPER_EVIDENCE retained=32 balls=32 revoked_balls=0 expired_views=0 evicted_views=61 radius=0.580 clearance=0.000 best_prefix=0.000
[position_cmd_to_twist-2] [INFO] [1790686810.231411233] [position_cmd_to_twist]: [PERF BRIDGE] run=iteration15_ego1p1_1 elapsed=41.50s received=1247 published=1247 fps(ros/wall)=50.01/44.32 controller_to_bridge_ms(mean/p50/p95/max)=0.708/0.000/0.000/33.333 bridge_process_ms(mean/p95/max)=0.105/0.136/1.519
[NAV] t=25.0s position=(-22.93,-2.31,6.36) yaw=8.8deg command=(1.87,0.70,0.05) manual_active=1 collision_blocks=0
[depth_angular_controller-1] [INFO] [1790686810.326143211] [depth_angular_controller]: PAPER_BUILD reason=FULL_MOTION_CERTIFICATE required=0.0000 best=0.0000 free=0 refined=0 tubes=90 revoked_tubes=0 proofs=128
[depth_angular_controller-1] [INFO] [1790686810.326183757] [depth_angular_controller]: PAPER_EVIDENCE retained=32 balls=32 revoked_balls=0 expired_views=0 evicted_views=65 radius=0.580 clearance=0.000 best_prefix=0.000
[depth_angular_controller-1] [INFO] [1790686811.487397503] [depth_angular_controller]: PAPER_BUILD reason=FULL_MOTION_CERTIFICATE required=0.0000 best=0.0000 free=0 refined=0 tubes=95 revoked_tubes=0 proofs=128
[depth_angular_controller-1] [INFO] [1790686811.487441105] [depth_angular_controller]: PAPER_EVIDENCE retained=32 balls=32 revoked_balls=0 expired_views=0 evicted_views=68 radius=0.580 clearance=0.000 best_prefix=0.000
[depth_angular_controller-1] [INFO] [1790686812.137553743] [depth_angular_controller]: [PERF CTRL] run=iteration15_ego1p1_1 elapsed=43.52s callbacks=1330 commands=1330 guidance=1229 command_fps(ros/wall)=49.99/44.26 guidance_wall_fps=44.32 avoid_ms(mean/p50/p95/max)=1.137/1.035/2.328/5.161 cycle_ms(mean/p95/max)=22.595/37.895/390.268 depth_to_cmd_ms(mean/p95/max)=32.940/33.333/50.000 callback_to_publish_ms(mean/p95/max)=10.661/15.381/33.010
[depth_angular_controller-1] [INFO] [1790686812.653464888] [depth_angular_controller]: PAPER_BUILD reason=FULL_MOTION_CERTIFICATE required=0.0000 best=0.0000 free=0 refined=0 tubes=99 revoked_tubes=0 proofs=128
[depth_angular_controller-1] [INFO] [1790686812.653503350] [depth_angular_controller]: PAPER_EVIDENCE retained=32 balls=32 revoked_balls=0 expired_views=0 evicted_views=72 radius=0.580 clearance=0.000 best_prefix=0.000
[depth_angular_controller-1] [INFO] [1790686813.757628308] [depth_angular_controller]: PAPER_BUILD reason=FULL_MOTION_CERTIFICATE required=0.0000 best=0.0000 free=0 refined=0 tubes=103 revoked_tubes=0 proofs=128
[depth_angular_controller-1] [INFO] [1790686813.757667682] [depth_angular_controller]: PAPER_EVIDENCE retained=32 balls=32 revoked_balls=0 expired_views=0 evicted_views=76 radius=0.580 clearance=0.000 best_prefix=0.000
[depth_angular_controller-1] [INFO] [1790686814.796750375] [depth_angular_controller]: PAPER_BUILD reason=FULL_MOTION_CERTIFICATE required=0.0000 best=0.0000 free=0 refined=0 tubes=107 revoked_tubes=0 proofs=128
[depth_angular_controller-1] [INFO] [1790686814.796790531] [depth_angular_controller]: PAPER_EVIDENCE retained=32 balls=32 revoked_balls=0 expired_views=0 evicted_views=80 radius=0.580 clearance=0.000 best_prefix=0.000
[position_cmd_to_twist-2] [INFO] [1790686815.855427008] [position_cmd_to_twist]: [PERF BRIDGE] run=iteration15_ego1p1_1 elapsed=47.12s received=1497 published=1497 fps(ros/wall)=50.01/44.34 controller_to_bridge_ms(mean/p50/p95/max)=1.236/0.000/16.667/33.333 bridge_process_ms(mean/p95/max)=0.106/0.135/1.663
[NAV] t=30.0s position=(-13.34,-1.14,6.81) yaw=9.1deg command=(1.96,-0.00,0.10) manual_active=1 collision_blocks=0
[depth_angular_controller-1] [INFO] [1790686815.945920622] [depth_angular_controller]: PAPER_BUILD reason=FULL_MOTION_CERTIFICATE required=0.0000 best=0.0000 free=0 refined=0 tubes=111 revoked_tubes=0 proofs=128
[depth_angular_controller-1] [INFO] [1790686815.945954265] [depth_angular_controller]: PAPER_EVIDENCE retained=32 balls=32 revoked_balls=0 expired_views=0 evicted_views=84 radius=0.580 clearance=0.000 best_prefix=0.000
[depth_angular_controller-1] [INFO] [1790686817.020416800] [depth_angular_controller]: PAPER_BUILD reason=FULL_MOTION_CERTIFICATE required=0.0000 best=0.0000 free=0 refined=0 tubes=115 revoked_tubes=0 proofs=128
[depth_angular_controller-1] [INFO] [1790686817.020452297] [depth_angular_controller]: PAPER_EVIDENCE retained=32 balls=32 revoked_balls=0 expired_views=0 evicted_views=87 radius=0.580 clearance=0.000 best_prefix=0.000
[depth_angular_controller-1] [INFO] [1790686817.151218895] [depth_angular_controller]: [PERF CTRL] run=iteration15_ego1p1_1 elapsed=48.53s callbacks=1555 commands=1555 guidance=1454 command_fps(ros/wall)=49.99/44.35 guidance_wall_fps=44.41 avoid_ms(mean/p50/p95/max)=1.171/1.043/2.501/5.161 cycle_ms(mean/p95/max)=22.550/37.647/390.268 depth_to_cmd_ms(mean/p95/max)=32.600/33.333/50.000 callback_to_publish_ms(mean/p95/max)=10.995/18.282/33.010
[depth_angular_controller-1] [INFO] [1790686818.108615472] [depth_angular_controller]: PAPER_BUILD reason=FULL_MOTION_CERTIFICATE required=0.0000 best=0.0000 free=0 refined=0 tubes=119 revoked_tubes=0 proofs=128
[depth_angular_controller-1] [INFO] [1790686818.108655477] [depth_angular_controller]: PAPER_EVIDENCE retained=32 balls=32 revoked_balls=0 expired_views=0 evicted_views=91 radius=0.580 clearance=0.000 best_prefix=0.000
[depth_angular_controller-1] [INFO] [1790686819.133581344] [depth_angular_controller]: PAPER_BUILD reason=FULL_MOTION_CERTIFICATE required=0.0000 best=0.0000 free=0 refined=0 tubes=123 revoked_tubes=0 proofs=128
[depth_angular_controller-1] [INFO] [1790686819.133621961] [depth_angular_controller]: PAPER_EVIDENCE retained=32 balls=32 revoked_balls=0 expired_views=0 evicted_views=95 radius=0.580 clearance=0.000 best_prefix=0.000
[depth_angular_controller-1] [INFO] [1790686820.152954412] [depth_angular_controller]: PAPER_BUILD reason=FULL_MOTION_CERTIFICATE required=0.0000 best=0.0000 free=0 refined=0 tubes=127 revoked_tubes=0 proofs=128
[depth_angular_controller-1] [INFO] [1790686820.152995229] [depth_angular_controller]: PAPER_EVIDENCE retained=32 balls=32 revoked_balls=0 expired_views=0 evicted_views=99 radius=0.580 clearance=0.000 best_prefix=0.000
[position_cmd_to_twist-2] [INFO] [1790686821.081313469] [position_cmd_to_twist]: [PERF BRIDGE] run=iteration15_ego1p1_1 elapsed=52.35s received=1747 published=1747 fps(ros/wall)=50.00/44.81 controller_to_bridge_ms(mean/p50/p95/max)=1.059/0.000/16.667/33.333 bridge_process_ms(mean/p95/max)=0.104/0.133/1.663
[NAV] t=35.0s position=(-3.89,1.49,6.35) yaw=8.1deg command=(1.98,0.28,-0.10) manual_active=1 collision_blocks=0
[depth_angular_controller-1] [INFO] [1790686821.233793443] [depth_angular_controller]: PAPER_BUILD reason=FULL_MOTION_CERTIFICATE required=0.0000 best=0.0000 free=0 refined=0 tubes=131 revoked_tubes=0 proofs=128
[depth_angular_controller-1] [INFO] [1790686821.233833108] [depth_angular_controller]: PAPER_EVIDENCE retained=32 balls=32 revoked_balls=0 expired_views=0 evicted_views=103 radius=0.580 clearance=0.000 best_prefix=0.000
[depth_angular_controller-1] [INFO] [1790686822.166559490] [depth_angular_controller]: [PERF CTRL] run=iteration15_ego1p1_1 elapsed=53.54s callbacks=1796 commands=1796 guidance=1695 command_fps(ros/wall)=50.00/44.81 guidance_wall_fps=44.89 avoid_ms(mean/p50/p95/max)=1.111/1.009/2.463/5.161 cycle_ms(mean/p95/max)=22.316/37.184/390.268 depth_to_cmd_ms(mean/p95/max)=32.694/33.333/50.000 callback_to_publish_ms(mean/p95/max)=10.733/17.634/33.010
[depth_angular_controller-1] [INFO] [1790686822.284519065] [depth_angular_controller]: PAPER_BUILD reason=FULL_MOTION_CERTIFICATE required=0.0000 best=0.0000 free=0 refined=0 tubes=135 revoked_tubes=0 proofs=128
[depth_angular_controller-1] [INFO] [1790686822.284556605] [depth_angular_controller]: PAPER_EVIDENCE retained=32 balls=32 revoked_balls=0 expired_views=0 evicted_views=107 radius=0.580 clearance=0.000 best_prefix=0.000
[depth_angular_controller-1] [INFO] [1790686823.374730614] [depth_angular_controller]: PAPER_BUILD reason=FULL_MOTION_CERTIFICATE required=0.0000 best=0.0000 free=0 refined=0 tubes=139 revoked_tubes=0 proofs=128
[depth_angular_controller-1] [INFO] [1790686823.374768254] [depth_angular_controller]: PAPER_EVIDENCE retained=32 balls=32 revoked_balls=0 expired_views=0 evicted_views=111 radius=0.580 clearance=0.000 best_prefix=0.000
[depth_angular_controller-1] [INFO] [1790686824.473513366] [depth_angular_controller]: PAPER_BUILD reason=FULL_MOTION_CERTIFICATE required=0.0000 best=0.0000 free=0 refined=0 tubes=144 revoked_tubes=0 proofs=128
[depth_angular_controller-1] [INFO] [1790686824.473555846] [depth_angular_controller]: PAPER_EVIDENCE retained=32 balls=32 revoked_balls=0 expired_views=0 evicted_views=115 radius=0.580 clearance=0.000 best_prefix=0.000
[depth_angular_controller-1] [INFO] [1790686825.499201936] [depth_angular_controller]: PAPER_BUILD reason=FULL_MOTION_CERTIFICATE required=0.0000 best=0.0000 free=0 refined=0 tubes=148 revoked_tubes=0 proofs=128
[depth_angular_controller-1] [INFO] [1790686825.499243333] [depth_angular_controller]: PAPER_EVIDENCE retained=32 balls=32 revoked_balls=0 expired_views=0 evicted_views=119 radius=0.580 clearance=0.000 best_prefix=0.000
[position_cmd_to_twist-2] [INFO] [1790686826.415773262] [position_cmd_to_twist]: [PERF BRIDGE] run=iteration15_ego1p1_1 elapsed=57.68s received=1997 published=1997 fps(ros/wall)=50.00/45.06 controller_to_bridge_ms(mean/p50/p95/max)=0.968/0.000/16.667/33.333 bridge_process_ms(mean/p95/max)=0.105/0.134/1.663
[NAV] t=40.0s position=(5.99,2.96,5.83) yaw=8.1deg command=(1.98,0.28,-0.10) manual_active=1 collision_blocks=0
[depth_angular_controller-1] [INFO] [1790686826.508365665] [depth_angular_controller]: PAPER_BUILD reason=FULL_MOTION_CERTIFICATE required=0.0000 best=0.0000 free=0 refined=0 tubes=152 revoked_tubes=0 proofs=128
[depth_angular_controller-1] [INFO] [1790686826.508400370] [depth_angular_controller]: PAPER_EVIDENCE retained=32 balls=32 revoked_balls=0 expired_views=0 evicted_views=123 radius=0.580 clearance=0.000 best_prefix=0.000
[depth_angular_controller-1] [INFO] [1790686827.179155254] [depth_angular_controller]: [PERF CTRL] run=iteration15_ego1p1_1 elapsed=58.56s callbacks=2034 commands=2034 guidance=1933 command_fps(ros/wall)=49.99/45.11 guidance_wall_fps=45.20 avoid_ms(mean/p50/p95/max)=1.075/0.970/2.429/5.161 cycle_ms(mean/p95/max)=22.169/37.048/390.268 depth_to_cmd_ms(mean/p95/max)=32.807/33.333/50.000 callback_to_publish_ms(mean/p95/max)=10.688/17.127/33.010
[depth_angular_controller-1] [INFO] [1790686827.539801109] [depth_angular_controller]: PAPER_BUILD reason=FULL_MOTION_CERTIFICATE required=0.0000 best=0.0000 free=0 refined=0 tubes=156 revoked_tubes=0 proofs=128
[depth_angular_controller-1] [INFO] [1790686827.539834241] [depth_angular_controller]: PAPER_EVIDENCE retained=32 balls=32 revoked_balls=0 expired_views=0 evicted_views=127 radius=0.580 clearance=0.000 best_prefix=0.000
[depth_angular_controller-1] [INFO] [1790686828.677028674] [depth_angular_controller]: PAPER_BUILD reason=FULL_MOTION_CERTIFICATE required=0.0000 best=0.0000 free=0 refined=0 tubes=160 revoked_tubes=0 proofs=128
[depth_angular_controller-1] [INFO] [1790686828.677067958] [depth_angular_controller]: PAPER_EVIDENCE retained=32 balls=32 revoked_balls=0 expired_views=0 evicted_views=131 radius=0.580 clearance=0.000 best_prefix=0.000
[depth_angular_controller-1] [INFO] [1790686829.712645634] [depth_angular_controller]: PAPER_BUILD reason=FULL_MOTION_CERTIFICATE required=0.0000 best=0.0000 free=0 refined=0 tubes=164 revoked_tubes=0 proofs=128
[depth_angular_controller-1] [INFO] [1790686829.712685309] [depth_angular_controller]: PAPER_EVIDENCE retained=32 balls=32 revoked_balls=0 expired_views=0 evicted_views=134 radius=0.580 clearance=0.000 best_prefix=0.000
[depth_angular_controller-1] [INFO] [1790686830.922597249] [depth_angular_controller]: PAPER_BUILD reason=FULL_MOTION_CERTIFICATE required=0.0000 best=0.0000 free=0 refined=0 tubes=168 revoked_tubes=0 proofs=128
[depth_angular_controller-1] [INFO] [1790686830.922637204] [depth_angular_controller]: PAPER_EVIDENCE retained=32 balls=32 revoked_balls=0 expired_views=0 evicted_views=138 radius=0.580 clearance=0.000 best_prefix=0.000
[position_cmd_to_twist-2] [INFO] [1790686831.890322638] [position_cmd_to_twist]: [PERF BRIDGE] run=iteration15_ego1p1_1 elapsed=63.16s received=2247 published=2247 fps(ros/wall)=50.00/45.12 controller_to_bridge_ms(mean/p50/p95/max)=0.868/0.000/16.667/33.333 bridge_process_ms(mean/p95/max)=0.105/0.134/1.663
[NAV] t=45.0s position=(15.74,3.25,4.68) yaw=9.4deg command=(1.95,0.10,0.41) manual_active=1 collision_blocks=0
[depth_angular_controller-1] [INFO] [1790686831.984411439] [depth_angular_controller]: PAPER_BUILD reason=FULL_MOTION_CERTIFICATE required=0.0000 best=0.0000 free=0 refined=0 tubes=172 revoked_tubes=0 proofs=128
[depth_angular_controller-1] [INFO] [1790686831.984453027] [depth_angular_controller]: PAPER_EVIDENCE retained=32 balls=32 revoked_balls=0 expired_views=0 evicted_views=142 radius=0.580 clearance=0.000 best_prefix=0.000
[depth_angular_controller-1] [INFO] [1790686832.249819346] [depth_angular_controller]: [PERF CTRL] run=iteration15_ego1p1_1 elapsed=63.63s callbacks=2262 commands=2262 guidance=2161 command_fps(ros/wall)=50.00/45.09 guidance_wall_fps=45.17 avoid_ms(mean/p50/p95/max)=1.073/1.003/2.386/5.161 cycle_ms(mean/p95/max)=22.176/36.998/390.268 depth_to_cmd_ms(mean/p95/max)=32.855/33.333/50.000 callback_to_publish_ms(mean/p95/max)=10.677/16.739/33.010
[depth_angular_controller-1] [INFO] [1790686833.194918877] [depth_angular_controller]: PAPER_BUILD reason=FULL_MOTION_CERTIFICATE required=0.0000 best=0.0000 free=0 refined=0 tubes=176 revoked_tubes=0 proofs=128
[depth_angular_controller-1] [INFO] [1790686833.194958251] [depth_angular_controller]: PAPER_EVIDENCE retained=32 balls=32 revoked_balls=0 expired_views=0 evicted_views=146 radius=0.580 clearance=0.000 best_prefix=0.000
[depth_angular_controller-1] [INFO] [1790686834.215588889] [depth_angular_controller]: PAPER_BUILD reason=FULL_MOTION_CERTIFICATE required=0.0000 best=0.0000 free=0 refined=0 tubes=180 revoked_tubes=0 proofs=128
[depth_angular_controller-1] [INFO] [1790686834.215630667] [depth_angular_controller]: PAPER_EVIDENCE retained=32 balls=32 revoked_balls=0 expired_views=0 evicted_views=150 radius=0.580 clearance=0.000 best_prefix=0.000
[depth_angular_controller-1] [INFO] [1790686835.569811453] [depth_angular_controller]: PAPER_BUILD reason=FULL_MOTION_CERTIFICATE required=0.0000 best=0.0000 free=0 refined=0 tubes=184 revoked_tubes=0 proofs=128
[depth_angular_controller-1] [INFO] [1790686835.569851729] [depth_angular_controller]: PAPER_EVIDENCE retained=32 balls=32 revoked_balls=0 expired_views=0 evicted_views=154 radius=0.580 clearance=0.000 best_prefix=0.000
[depth_angular_controller-1] [INFO] [1790686836.596648086] [depth_angular_controller]: PAPER_BUILD reason=FULL_MOTION_CERTIFICATE required=0.0000 best=0.0000 free=0 refined=0 tubes=188 revoked_tubes=0 proofs=128
[depth_angular_controller-1] [INFO] [1790686836.596689825] [depth_angular_controller]: PAPER_EVIDENCE retained=32 balls=32 revoked_balls=0 expired_views=0 evicted_views=158 radius=0.580 clearance=0.000 best_prefix=0.000
[depth_angular_controller-1] [INFO] [1790686837.255654083] [depth_angular_controller]: [PERF CTRL] run=iteration15_ego1p1_1 elapsed=68.63s callbacks=2478 commands=2478 guidance=2377 command_fps(ros/wall)=50.01/44.92 guidance_wall_fps=44.98 avoid_ms(mean/p50/p95/max)=1.102/1.032/2.434/5.161 cycle_ms(mean/p95/max)=22.263/37.110/390.268 depth_to_cmd_ms(mean/p95/max)=32.906/33.333/50.000 callback_to_publish_ms(mean/p95/max)=10.737/16.296/33.010
[position_cmd_to_twist-2] [INFO] [1790686837.657014560] [position_cmd_to_twist]: [PERF BRIDGE] run=iteration15_ego1p1_1 elapsed=68.93s received=2497 published=2497 fps(ros/wall)=50.00/44.94 controller_to_bridge_ms(mean/p50/p95/max)=0.781/0.000/0.000/33.333 bridge_process_ms(mean/p95/max)=0.106/0.136/1.663
[NAV] t=50.0s position=(24.90,6.31,4.92) yaw=7.1deg command=(1.45,1.35,-0.13) manual_active=1 collision_blocks=0
[depth_angular_controller-1] [INFO] [1790686837.746926603] [depth_angular_controller]: PAPER_BUILD reason=FULL_MOTION_CERTIFICATE required=0.0000 best=0.0000 free=0 refined=0 tubes=193 revoked_tubes=0 proofs=128
[depth_angular_controller-1] [INFO] [1790686837.746961348] [depth_angular_controller]: PAPER_EVIDENCE retained=32 balls=32 revoked_balls=0 expired_views=0 evicted_views=162 radius=0.580 clearance=0.000 best_prefix=0.000
[depth_angular_controller-1] [INFO] [1790686838.920660033] [depth_angular_controller]: PAPER_BUILD reason=FULL_MOTION_CERTIFICATE required=0.0000 best=0.0000 free=0 refined=0 tubes=197 revoked_tubes=0 proofs=128
[depth_angular_controller-1] [INFO] [1790686838.920702773] [depth_angular_controller]: PAPER_EVIDENCE retained=32 balls=32 revoked_balls=0 expired_views=0 evicted_views=166 radius=0.580 clearance=0.000 best_prefix=0.000
[depth_angular_controller-1] [INFO] [1790686840.078294012] [depth_angular_controller]: PAPER_BUILD reason=FULL_MOTION_CERTIFICATE required=0.0000 best=0.0000 free=0 refined=0 tubes=201 revoked_tubes=0 proofs=128
[depth_angular_controller-1] [INFO] [1790686840.078336201] [depth_angular_controller]: PAPER_EVIDENCE retained=32 balls=32 revoked_balls=0 expired_views=0 evicted_views=170 radius=0.580 clearance=0.000 best_prefix=0.000
[depth_angular_controller-1] [INFO] [1790686841.119478199] [depth_angular_controller]: PAPER_BUILD reason=FULL_MOTION_CERTIFICATE required=0.0000 best=0.0000 free=0 refined=0 tubes=203 revoked_tubes=0 proofs=128
[depth_angular_controller-1] [INFO] [1790686841.119519036] [depth_angular_controller]: PAPER_EVIDENCE retained=32 balls=32 revoked_balls=0 expired_views=0 evicted_views=174 radius=0.580 clearance=0.000 best_prefix=0.000
[depth_angular_controller-1] [INFO] [1790686842.256171422] [depth_angular_controller]: [PERF CTRL] run=iteration15_ego1p1_1 elapsed=73.63s callbacks=2677 commands=2677 guidance=2576 command_fps(ros/wall)=49.56/44.49 guidance_wall_fps=44.53 avoid_ms(mean/p50/p95/max)=1.604/1.035/2.983/23.917 cycle_ms(mean/p95/max)=22.476/37.158/390.268 depth_to_cmd_ms(mean/p95/max)=32.479/33.333/50.000 callback_to_publish_ms(mean/p95/max)=11.210/19.601/33.950
[depth_angular_controller-1] [INFO] [1790686842.256220915] [depth_angular_controller]: PAPER_BUILD reason=FULL_MOTION_CERTIFICATE required=0.0000 best=0.0000 free=0 refined=0 tubes=205 revoked_tubes=0 proofs=128
[depth_angular_controller-1] [INFO] [1790686842.256228319] [depth_angular_controller]: PAPER_EVIDENCE retained=32 balls=32 revoked_balls=0 expired_views=0 evicted_views=178 radius=0.580 clearance=0.000 best_prefix=0.000
[position_cmd_to_twist-2] [INFO] [1790686843.293761765] [position_cmd_to_twist]: [PERF BRIDGE] run=iteration15_ego1p1_1 elapsed=74.56s received=2709 published=2709 fps(ros/wall)=49.33/44.27 controller_to_bridge_ms(mean/p50/p95/max)=1.803/0.000/16.667/33.333 bridge_process_ms(mean/p95/max)=0.106/0.136/1.663
[NAV] t=55.0s position=(29.41,8.90,4.55) yaw=3.8deg command=(0.01,-0.01,-0.00) manual_active=1 collision_blocks=0
[depth_angular_controller-1] [INFO] [1790686843.403185082] [depth_angular_controller]: PAPER_BUILD reason=FULL_MOTION_CERTIFICATE required=0.0000 best=0.0000 free=0 refined=0 tubes=230 revoked_tubes=0 proofs=128
[depth_angular_controller-1] [INFO] [1790686843.403224907] [depth_angular_controller]: PAPER_EVIDENCE retained=32 balls=32 revoked_balls=0 expired_views=0 evicted_views=179 radius=0.580 clearance=0.000 best_prefix=0.000
[depth_angular_controller-1] [INFO] [1790686844.687615118] [depth_angular_controller]: PAPER_BUILD reason=FULL_MOTION_CERTIFICATE required=0.0000 best=0.0000 free=0 refined=0 tubes=256 revoked_tubes=0 proofs=128
[depth_angular_controller-1] [INFO] [1790686844.687650164] [depth_angular_controller]: PAPER_EVIDENCE retained=32 balls=32 revoked_balls=0 expired_views=0 evicted_views=179 radius=0.580 clearance=0.000 best_prefix=0.000
[depth_angular_controller-1] [INFO] [1790686845.175806325] [depth_angular_controller]: COMPUTE_DEADLINE
[depth_angular_controller-1] [INFO] [1790686845.293213834] [depth_angular_controller]: DEPTH_PROPOSAL_CERTIFIED
[depth_angular_controller-1] [INFO] [1790686845.486077620] [depth_angular_controller]: COMPUTE_DEADLINE
[depth_angular_controller-1] [INFO] [1790686845.562664758] [depth_angular_controller]: NO_REGULAR_FIELD
[depth_angular_controller-1] [INFO] [1790686845.594228749] [depth_angular_controller]: DEPTH_PROPOSAL_CERTIFIED
[depth_angular_controller-1] [INFO] [1790686845.814635350] [depth_angular_controller]: NO_REGULAR_FIELD
[depth_angular_controller-1] [INFO] [1790686845.814671888] [depth_angular_controller]: PAPER_BUILD reason=NO_CERTIFIED_DIRECTION required=0.0100 best=0.0000 free=0 refined=0 tubes=256 revoked_tubes=0 proofs=128
[depth_angular_controller-1] [INFO] [1790686845.814682658] [depth_angular_controller]: PAPER_EVIDENCE retained=32 balls=32 revoked_balls=0 expired_views=0 evicted_views=179 radius=0.580 clearance=0.000 best_prefix=0.000
[depth_angular_controller-1] [INFO] [1790686845.924522687] [depth_angular_controller]: DEPTH_PROPOSAL_CERTIFIED
[depth_angular_controller-1] [INFO] [1790686846.077090465] [depth_angular_controller]: NO_REGULAR_FIELD
[depth_angular_controller-1] [INFO] [1790686846.181193358] [depth_angular_controller]: DEPTH_PROPOSAL_CERTIFIED
[depth_angular_controller-1] [INFO] [1790686846.326782130] [depth_angular_controller]: NO_REGULAR_FIELD
[depth_angular_controller-1] [INFO] [1790686846.442980200] [depth_angular_controller]: DEPTH_PROPOSAL_CERTIFIED
[depth_angular_controller-1] [INFO] [1790686846.564574115] [depth_angular_controller]: NO_REGULAR_FIELD
[depth_angular_controller-1] [INFO] [1790686846.675612372] [depth_angular_controller]: DEPTH_PROPOSAL_CERTIFIED
[depth_angular_controller-1] [INFO] [1790686846.790753428] [depth_angular_controller]: NO_REGULAR_FIELD
[depth_angular_controller-1] [INFO] [1790686846.790790748] [depth_angular_controller]: PAPER_BUILD reason=NO_CERTIFIED_DIRECTION required=0.0100 best=0.0000 free=0 refined=0 tubes=256 revoked_tubes=0 proofs=128
[depth_angular_controller-1] [INFO] [1790686846.790803281] [depth_angular_controller]: PAPER_EVIDENCE retained=32 balls=32 revoked_balls=0 expired_views=0 evicted_views=179 radius=0.580 clearance=0.000 best_prefix=0.000
[depth_angular_controller-1] [INFO] [1790686847.021437194] [depth_angular_controller]: COMPUTE_DEADLINE
[depth_angular_controller-1] [INFO] [1790686847.262133318] [depth_angular_controller]: [PERF CTRL] run=iteration15_ego1p1_1 elapsed=78.64s callbacks=2820 commands=2820 guidance=2719 command_fps(ros/wall)=48.15/43.27 guidance_wall_fps=43.26 avoid_ms(mean/p50/p95/max)=2.615/1.074/13.667/73.330 cycle_ms(mean/p95/max)=23.112/37.957/390.268 depth_to_cmd_ms(mean/p95/max)=31.856/33.333/50.000 callback_to_publish_ms(mean/p95/max)=12.266/23.777/83.948
[depth_angular_controller-1] [INFO] [1790686847.262195244] [depth_angular_controller]: NO_REGULAR_FIELD
[depth_angular_controller-1] [INFO] [1790686847.500411084] [depth_angular_controller]: COMPUTE_DEADLINE
[depth_angular_controller-1] [INFO] [1790686847.747488894] [depth_angular_controller]: PAPER_BUILD reason=NO_CERTIFIED_DIRECTION required=0.0100 best=0.0000 free=0 refined=0 tubes=256 revoked_tubes=0 proofs=128
[depth_angular_controller-1] [INFO] [1790686847.747527196] [depth_angular_controller]: PAPER_EVIDENCE retained=32 balls=32 revoked_balls=0 expired_views=0 evicted_views=179 radius=0.580 clearance=0.000 best_prefix=0.000
[depth_angular_controller-1] [INFO] [1790686847.824124133] [depth_angular_controller]: NO_REGULAR_FIELD
[depth_angular_controller-1] [INFO] [1790686848.057708782] [depth_angular_controller]: COMPUTE_DEADLINE
[depth_angular_controller-1] [INFO] [1790686848.133631955] [depth_angular_controller]: NO_REGULAR_FIELD
[depth_angular_controller-1] [INFO] [1790686848.215522275] [depth_angular_controller]: COMPUTE_DEADLINE
[depth_angular_controller-1] [INFO] [1790686848.442821519] [depth_angular_controller]: NO_REGULAR_FIELD
[position_cmd_to_twist-2] [INFO] [1790686848.487909789] [position_cmd_to_twist]: [PERF BRIDGE] run=iteration15_ego1p1_1 elapsed=79.76s received=2835 published=2835 fps(ros/wall)=47.33/42.72 controller_to_bridge_ms(mean/p50/p95/max)=3.386/0.000/16.667/100.000 bridge_process_ms(mean/p95/max)=0.106/0.136/1.663
[NAV] t=60.0s position=(29.41,8.90,4.55) yaw=3.8deg command=(0.00,0.00,0.00) manual_active=1 collision_blocks=0
[depth_angular_controller-1] [INFO] [1790686848.677629554] [depth_angular_controller]: COMPUTE_DEADLINE
[depth_angular_controller-1] [INFO] [1790686848.757430764] [depth_angular_controller]: NO_REGULAR_FIELD
[depth_angular_controller-1] [INFO] [1790686848.757462393] [depth_angular_controller]: PAPER_BUILD reason=NO_CERTIFIED_DIRECTION required=0.0100 best=0.0000 free=0 refined=0 tubes=256 revoked_tubes=0 proofs=128
[depth_angular_controller-1] [INFO] [1790686848.757472573] [depth_angular_controller]: PAPER_EVIDENCE retained=32 balls=32 revoked_balls=0 expired_views=0 evicted_views=179 radius=0.580 clearance=0.000 best_prefix=0.000
[depth_angular_controller-1] [INFO] [1790686849.621964130] [depth_angular_controller]: COMPUTE_DEADLINE
[depth_angular_controller-1] [INFO] [1790686849.693501242] [depth_angular_controller]: NO_REGULAR_FIELD
[depth_angular_controller-1] [INFO] [1790686849.693537159] [depth_angular_controller]: PAPER_BUILD reason=NO_CERTIFIED_DIRECTION required=0.0100 best=0.0000 free=0 refined=0 tubes=256 revoked_tubes=0 proofs=128
[depth_angular_controller-1] [INFO] [1790686849.693546978] [depth_angular_controller]: PAPER_EVIDENCE retained=32 balls=32 revoked_balls=0 expired_views=0 evicted_views=179 radius=0.580 clearance=0.000 best_prefix=0.000
[depth_angular_controller-1] [INFO] [1790686850.225795600] [depth_angular_controller]: COMPUTE_DEADLINE
[depth_angular_controller-1] [INFO] [1790686850.305849043] [depth_angular_controller]: NO_REGULAR_FIELD
[depth_angular_controller-1] [INFO] [1790686850.624890746] [depth_angular_controller]: COMPUTE_DEADLINE
[depth_angular_controller-1] [INFO] [1790686850.624928416] [depth_angular_controller]: PAPER_BUILD reason=NO_CERTIFIED_DIRECTION required=0.0100 best=0.0000 free=0 refined=0 tubes=256 revoked_tubes=0 proofs=128
[depth_angular_controller-1] [INFO] [1790686850.624939667] [depth_angular_controller]: PAPER_EVIDENCE retained=32 balls=32 revoked_balls=0 expired_views=0 evicted_views=179 radius=0.580 clearance=0.000 best_prefix=0.000
[depth_angular_controller-1] [INFO] [1790686850.785677808] [depth_angular_controller]: NO_REGULAR_FIELD
[depth_angular_controller-1] [INFO] [1790686851.471463227] [depth_angular_controller]: COMPUTE_DEADLINE
[depth_angular_controller-1] [INFO] [1790686851.550984672] [depth_angular_controller]: NO_REGULAR_FIELD
[depth_angular_controller-1] [INFO] [1790686851.628460137] [depth_angular_controller]: PAPER_BUILD reason=NO_CERTIFIED_DIRECTION required=0.0100 best=0.0000 free=0 refined=0 tubes=256 revoked_tubes=0 proofs=128
[depth_angular_controller-1] [INFO] [1790686851.628494652] [depth_angular_controller]: PAPER_EVIDENCE retained=32 balls=32 revoked_balls=0 expired_views=0 evicted_views=179 radius=0.580 clearance=0.000 best_prefix=0.000
[depth_angular_controller-1] [INFO] [1790686852.294464357] [depth_angular_controller]: [PERF CTRL] run=iteration15_ego1p1_1 elapsed=83.67s callbacks=2885 commands=2885 guidance=2784 command_fps(ros/wall)=45.23/41.09 guidance_wall_fps=41.01 avoid_ms(mean/p50/p95/max)=4.092/1.086/18.627/73.330 cycle_ms(mean/p95/max)=24.336/70.046/390.268 depth_to_cmd_ms(mean/p95/max)=31.555/33.333/50.000 callback_to_publish_ms(mean/p95/max)=13.724/28.785/84.961
[depth_angular_controller-1] [INFO] [1790686852.294520622] [depth_angular_controller]: COMPUTE_DEADLINE
[depth_angular_controller-1] [INFO] [1790686852.372127604] [depth_angular_controller]: NO_REGULAR_FIELD
[depth_angular_controller-1] [INFO] [1790686852.611726009] [depth_angular_controller]: COMPUTE_DEADLINE
[depth_angular_controller-1] [INFO] [1790686852.692324184] [depth_angular_controller]: PAPER_BUILD reason=NO_CERTIFIED_DIRECTION required=0.0100 best=0.0000 free=0 refined=0 tubes=256 revoked_tubes=0 proofs=128
[depth_angular_controller-1] [INFO] [1790686852.692796150] [depth_angular_controller]: PAPER_EVIDENCE retained=32 balls=32 revoked_balls=0 expired_views=0 evicted_views=179 radius=0.580 clearance=0.000 best_prefix=0.000
[depth_angular_controller-1] [INFO] [1790686852.852668315] [depth_angular_controller]: NO_REGULAR_FIELD
[depth_angular_controller-1] [INFO] [1790686852.933572334] [depth_angular_controller]: COMPUTE_DEADLINE
[depth_angular_controller-1] [INFO] [1790686853.010002438] [depth_angular_controller]: NO_REGULAR_FIELD
[position_cmd_to_twist-2] [INFO] [1790686853.253329629] [position_cmd_to_twist]: [PERF BRIDGE] run=iteration15_ego1p1_1 elapsed=84.52s received=2897 published=2897 fps(ros/wall)=44.67/40.71 controller_to_bridge_ms(mean/p50/p95/max)=5.051/0.000/33.333/100.000 bridge_process_ms(mean/p95/max)=0.106/0.136/1.663
[NAV] t=65.0s position=(29.41,8.90,4.55) yaw=3.8deg command=(0.00,0.00,0.00) manual_active=1 collision_blocks=0
[depth_angular_controller-1] [INFO] [1790686853.407333653] [depth_angular_controller]: COMPUTE_DEADLINE
[depth_angular_controller-1] [INFO] [1790686853.485834923] [depth_angular_controller]: NO_REGULAR_FIELD
[depth_angular_controller-1] [INFO] [1790686853.644828951] [depth_angular_controller]: PAPER_BUILD reason=NO_CERTIFIED_DIRECTION required=0.0100 best=0.0000 free=0 refined=0 tubes=256 revoked_tubes=0 proofs=128
[depth_angular_controller-1] [INFO] [1790686853.644864889] [depth_angular_controller]: PAPER_EVIDENCE retained=32 balls=32 revoked_balls=0 expired_views=0 evicted_views=179 radius=0.580 clearance=0.000 best_prefix=0.000
[depth_angular_controller-1] [INFO] [1790686853.730717965] [depth_angular_controller]: COMPUTE_DEADLINE
[depth_angular_controller-1] [INFO] [1790686853.807806364] [depth_angular_controller]: NO_REGULAR_FIELD
[depth_angular_controller-1] [INFO] [1790686854.047648696] [depth_angular_controller]: COMPUTE_DEADLINE
[depth_angular_controller-1] [INFO] [1790686854.295654257] [depth_angular_controller]: NO_REGULAR_FIELD
[depth_angular_controller-1] [INFO] [1790686854.377448627] [depth_angular_controller]: COMPUTE_DEADLINE
[depth_angular_controller-1] [INFO] [1790686854.456401935] [depth_angular_controller]: NO_REGULAR_FIELD
[depth_angular_controller-1] [INFO] [1790686854.538477613] [depth_angular_controller]: COMPUTE_DEADLINE
[depth_angular_controller-1] [INFO] [1790686854.538521325] [depth_angular_controller]: PAPER_BUILD reason=NO_CERTIFIED_DIRECTION required=0.0100 best=0.0000 free=0 refined=0 tubes=256 revoked_tubes=0 proofs=128
[depth_angular_controller-1] [INFO] [1790686854.538535021] [depth_angular_controller]: PAPER_EVIDENCE retained=32 balls=32 revoked_balls=0 expired_views=0 evicted_views=179 radius=0.580 clearance=0.000 best_prefix=0.000
[depth_angular_controller-1] [INFO] [1790686854.616558013] [depth_angular_controller]: NO_REGULAR_FIELD
[depth_angular_controller-1] [INFO] [1790686854.699366596] [depth_angular_controller]: COMPUTE_DEADLINE
[depth_angular_controller-1] [INFO] [1790686855.191238320] [depth_angular_controller]: NO_REGULAR_FIELD
[depth_angular_controller-1] [INFO] [1790686855.271625710] [depth_angular_controller]: COMPUTE_DEADLINE
[depth_angular_controller-1] [INFO] [1790686855.347069092] [depth_angular_controller]: NO_REGULAR_FIELD
[depth_angular_controller-1] [INFO] [1790686855.427234004] [depth_angular_controller]: COMPUTE_DEADLINE
[depth_angular_controller-1] [INFO] [1790686855.507461363] [depth_angular_controller]: NO_REGULAR_FIELD
[depth_angular_controller-1] [INFO] [1790686855.507495868] [depth_angular_controller]: PAPER_BUILD reason=NO_CERTIFIED_DIRECTION required=0.0100 best=0.0000 free=0 refined=0 tubes=256 revoked_tubes=0 proofs=128
[depth_angular_controller-1] [INFO] [1790686855.507507620] [depth_angular_controller]: PAPER_EVIDENCE retained=32 balls=32 revoked_balls=0 expired_views=0 evicted_views=179 radius=0.580 clearance=0.000 best_prefix=0.000
[depth_angular_controller-1] [INFO] [1790686855.588303787] [depth_angular_controller]: COMPUTE_DEADLINE
[depth_angular_controller-1] [INFO] [1790686855.666528428] [depth_angular_controller]: NO_REGULAR_FIELD
[depth_angular_controller-1] [INFO] [1790686855.830286686] [depth_angular_controller]: COMPUTE_DEADLINE
[depth_angular_controller-1] [INFO] [1790686855.908252682] [depth_angular_controller]: NO_REGULAR_FIELD
[depth_angular_controller-1] [INFO] [1790686855.989411890] [depth_angular_controller]: COMPUTE_DEADLINE
[depth_angular_controller-1] [INFO] [1790686856.146003770] [depth_angular_controller]: NO_REGULAR_FIELD
[depth_angular_controller-1] [INFO] [1790686856.308204665] [depth_angular_controller]: COMPUTE_DEADLINE
[depth_angular_controller-1] [INFO] [1790686856.386448793] [depth_angular_controller]: NO_REGULAR_FIELD
[depth_angular_controller-1] [INFO] [1790686856.469584259] [depth_angular_controller]: COMPUTE_DEADLINE
[depth_angular_controller-1] [INFO] [1790686856.469619706] [depth_angular_controller]: PAPER_BUILD reason=NO_CERTIFIED_DIRECTION required=0.0100 best=0.0000 free=0 refined=0 tubes=256 revoked_tubes=0 proofs=128
[depth_angular_controller-1] [INFO] [1790686856.469630396] [depth_angular_controller]: PAPER_EVIDENCE retained=32 balls=32 revoked_balls=0 expired_views=0 evicted_views=179 radius=0.580 clearance=0.000 best_prefix=0.000
[depth_angular_controller-1] [INFO] [1790686856.548406452] [depth_angular_controller]: NO_REGULAR_FIELD
[depth_angular_controller-1] [INFO] [1790686856.788437959] [depth_angular_controller]: COMPUTE_DEADLINE
[depth_angular_controller-1] [INFO] [1790686857.030007993] [depth_angular_controller]: NO_REGULAR_FIELD
[depth_angular_controller-1] [INFO] [1790686857.270588220] [depth_angular_controller]: COMPUTE_DEADLINE
[depth_angular_controller-1] [INFO] [1790686857.383046081] [depth_angular_controller]: [PERF CTRL] run=iteration15_ego1p1_1 elapsed=88.76s callbacks=2948 commands=2948 guidance=2847 command_fps(ros/wall)=42.49/39.15 guidance_wall_fps=39.01 avoid_ms(mean/p50/p95/max)=5.524/1.099/56.851/99.614 cycle_ms(mean/p95/max)=25.543/77.734/390.268 depth_to_cmd_ms(mean/p95/max)=31.290/33.333/50.000 callback_to_publish_ms(mean/p95/max)=15.150/37.977/111.078
[depth_angular_controller-1] [INFO] [1790686857.457836007] [depth_angular_controller]: NO_REGULAR_FIELD
[depth_angular_controller-1] [INFO] [1790686857.457870782] [depth_angular_controller]: PAPER_BUILD reason=NO_CERTIFIED_DIRECTION required=0.0100 best=0.0000 free=0 refined=0 tubes=256 revoked_tubes=0 proofs=128
[depth_angular_controller-1] [INFO] [1790686857.457908283] [depth_angular_controller]: PAPER_EVIDENCE retained=32 balls=32 revoked_balls=0 expired_views=0 evicted_views=179 radius=0.580 clearance=0.000 best_prefix=0.000
[position_cmd_to_twist-2] [INFO] [1790686857.813944296] [position_cmd_to_twist]: [PERF BRIDGE] run=iteration15_ego1p1_1 elapsed=89.08s received=2953 published=2953 fps(ros/wall)=42.30/39.01 controller_to_bridge_ms(mean/p50/p95/max)=6.637/0.000/50.000/100.000 bridge_process_ms(mean/p95/max)=0.106/0.136/1.663
[NAV] t=70.0s position=(29.41,8.90,4.55) yaw=3.8deg command=(0.00,0.00,0.00) manual_active=1 collision_blocks=0
[depth_angular_controller-1] [INFO] [1790686857.935834046] [depth_angular_controller]: COMPUTE_DEADLINE
[depth_angular_controller-1] [INFO] [1790686858.175917822] [depth_angular_controller]: NO_REGULAR_FIELD
[depth_angular_controller-1] [INFO] [1790686858.257543625] [depth_angular_controller]: COMPUTE_DEADLINE
[depth_angular_controller-1] [INFO] [1790686858.339087545] [depth_angular_controller]: PAPER_BUILD reason=NO_CERTIFIED_DIRECTION required=0.0100 best=0.0000 free=0 refined=0 tubes=256 revoked_tubes=0 proofs=128
[depth_angular_controller-1] [INFO] [1790686858.339128412] [depth_angular_controller]: PAPER_EVIDENCE retained=32 balls=32 revoked_balls=0 expired_views=0 evicted_views=179 radius=0.580 clearance=0.000 best_prefix=0.000
[depth_angular_controller-1] [INFO] [1790686858.415831518] [depth_angular_controller]: NO_REGULAR_FIELD
[depth_angular_controller-1] [INFO] [1790686858.496114932] [depth_angular_controller]: COMPUTE_DEADLINE
[depth_angular_controller-1] [INFO] [1790686858.657014315] [depth_angular_controller]: NO_REGULAR_FIELD
[depth_angular_controller-1] [INFO] [1790686858.954300152] [depth_angular_controller]: COMPUTE_DEADLINE
[depth_angular_controller-1] [INFO] [1790686859.030695882] [depth_angular_controller]: NO_REGULAR_FIELD
[depth_angular_controller-1] [INFO] [1790686859.401134282] [depth_angular_controller]: PAPER_BUILD reason=NO_CERTIFIED_DIRECTION required=0.0100 best=0.0000 free=0 refined=0 tubes=256 revoked_tubes=0 proofs=128
[depth_angular_controller-1] [INFO] [1790686859.401174197] [depth_angular_controller]: PAPER_EVIDENCE retained=32 balls=32 revoked_balls=0 expired_views=0 evicted_views=179 radius=0.580 clearance=0.000 best_prefix=0.000
[depth_angular_controller-1] [INFO] [1790686859.951373484] [depth_angular_controller]: COMPUTE_DEADLINE
[depth_angular_controller-1] [INFO] [1790686860.028092650] [depth_angular_controller]: NO_REGULAR_FIELD
[depth_angular_controller-1] [INFO] [1790686860.450831925] [depth_angular_controller]: PAPER_BUILD reason=NO_CERTIFIED_DIRECTION required=0.0100 best=0.0000 free=0 refined=0 tubes=256 revoked_tubes=0 proofs=128
[depth_angular_controller-1] [INFO] [1790686860.450869786] [depth_angular_controller]: PAPER_EVIDENCE retained=32 balls=32 revoked_balls=0 expired_views=0 evicted_views=179 radius=0.580 clearance=0.000 best_prefix=0.000
[depth_angular_controller-1] [INFO] [1790686860.534655993] [depth_angular_controller]: COMPUTE_DEADLINE
[depth_angular_controller-1] [INFO] [1790686860.611951831] [depth_angular_controller]: NO_REGULAR_FIELD
[depth_angular_controller-1] [INFO] [1790686860.927170610] [depth_angular_controller]: COMPUTE_DEADLINE
[depth_angular_controller-1] [INFO] [1790686861.005516890] [depth_angular_controller]: NO_REGULAR_FIELD
[depth_angular_controller-1] [INFO] [1790686861.086434013] [depth_angular_controller]: COMPUTE_DEADLINE
[depth_angular_controller-1] [INFO] [1790686861.166932702] [depth_angular_controller]: NO_REGULAR_FIELD
[depth_angular_controller-1] [INFO] [1790686861.247476094] [depth_angular_controller]: COMPUTE_DEADLINE
[depth_angular_controller-1] [INFO] [1790686861.410137985] [depth_angular_controller]: NO_REGULAR_FIELD
[depth_angular_controller-1] [INFO] [1790686861.410174473] [depth_angular_controller]: PAPER_BUILD reason=NO_CERTIFIED_DIRECTION required=0.0100 best=0.0000 free=0 refined=0 tubes=256 revoked_tubes=0 proofs=128
[depth_angular_controller-1] [INFO] [1790686861.410185784] [depth_angular_controller]: PAPER_EVIDENCE retained=32 balls=32 revoked_balls=0 expired_views=0 evicted_views=179 radius=0.580 clearance=0.000 best_prefix=0.000
[depth_angular_controller-1] [INFO] [1790686861.569418149] [depth_angular_controller]: COMPUTE_DEADLINE
[depth_angular_controller-1] [INFO] [1790686861.729951596] [depth_angular_controller]: NO_REGULAR_FIELD
[depth_angular_controller-1] [INFO] [1790686861.810175509] [depth_angular_controller]: COMPUTE_DEADLINE
[depth_angular_controller-1] [INFO] [1790686862.050276446] [depth_angular_controller]: NO_REGULAR_FIELD
[depth_angular_controller-1] [INFO] [1790686862.285709955] [depth_angular_controller]: COMPUTE_DEADLINE
[depth_angular_controller-1] [INFO] [1790686862.365736417] [depth_angular_controller]: NO_REGULAR_FIELD
[depth_angular_controller-1] [INFO] [1790686862.365765412] [depth_angular_controller]: PAPER_BUILD reason=NO_CERTIFIED_DIRECTION required=0.0100 best=0.0000 free=0 refined=0 tubes=256 revoked_tubes=0 proofs=128
[depth_angular_controller-1] [INFO] [1790686862.365774449] [depth_angular_controller]: PAPER_EVIDENCE retained=32 balls=32 revoked_balls=0 expired_views=0 evicted_views=179 radius=0.580 clearance=0.000 best_prefix=0.000
[depth_angular_controller-1] [INFO] [1790686862.447558098] [depth_angular_controller]: [PERF CTRL] run=iteration15_ego1p1_1 elapsed=93.83s callbacks=3013 commands=3013 guidance=2912 command_fps(ros/wall)=40.33/37.49 guidance_wall_fps=37.31 avoid_ms(mean/p50/p95/max)=6.887/1.114/66.147/99.614 cycle_ms(mean/p95/max)=26.673/78.764/390.268 depth_to_cmd_ms(mean/p95/max)=31.004/33.333/50.000 callback_to_publish_ms(mean/p95/max)=16.498/76.702/111.078
[depth_angular_controller-1] [INFO] [1790686862.447633209] [depth_angular_controller]: COMPUTE_DEADLINE
[depth_angular_controller-1] [INFO] [1790686862.525531248] [depth_angular_controller]: NO_REGULAR_FIELD
[position_cmd_to_twist-2] [INFO] [1790686862.581489906] [position_cmd_to_twist]: [PERF BRIDGE] run=iteration15_ego1p1_1 elapsed=93.85s received=3014 published=3014 fps(ros/wall)=40.29/37.47 controller_to_bridge_ms(mean/p50/p95/max)=8.162/0.000/83.333/100.000 bridge_process_ms(mean/p95/max)=0.106/0.137/1.663
[NAV] t=75.0s position=(29.41,8.90,4.55) yaw=3.8deg command=(0.00,0.00,0.00) manual_active=1 collision_blocks=0
[depth_angular_controller-1] [INFO] [1790686862.689954133] [depth_angular_controller]: COMPUTE_DEADLINE
[depth_angular_controller-1] [INFO] [1790686862.768631193] [depth_angular_controller]: NO_REGULAR_FIELD
[depth_angular_controller-1] [INFO] [1790686862.928131561] [depth_angular_controller]: COMPUTE_DEADLINE
[depth_angular_controller-1] [INFO] [1790686863.178610623] [depth_angular_controller]: NO_REGULAR_FIELD
[depth_angular_controller-1] [INFO] [1790686863.384948994] [depth_angular_controller]: PAPER_BUILD reason=NO_CERTIFIED_DIRECTION required=0.0100 best=0.0000 free=0 refined=0 tubes=256 revoked_tubes=0 proofs=128
[depth_angular_controller-1] [INFO] [1790686863.384989881] [depth_angular_controller]: PAPER_EVIDENCE retained=32 balls=32 revoked_balls=0 expired_views=0 evicted_views=179 radius=0.580 clearance=0.000 best_prefix=0.000
[depth_angular_controller-1] [INFO] [1790686863.544178433] [depth_angular_controller]: COMPUTE_DEADLINE
[depth_angular_controller-1] [INFO] [1790686863.613245891] [depth_angular_controller]: NO_REGULAR_FIELD
[depth_angular_controller-1] [INFO] [1790686863.992782644] [depth_angular_controller]: COMPUTE_DEADLINE
[depth_angular_controller-1] [INFO] [1790686864.151005845] [depth_angular_controller]: NO_REGULAR_FIELD
[depth_angular_controller-1] [INFO] [1790686864.384150700] [depth_angular_controller]: PAPER_BUILD reason=NO_CERTIFIED_DIRECTION required=0.0100 best=0.0000 free=0 refined=0 tubes=256 revoked_tubes=0 proofs=128
[depth_angular_controller-1] [INFO] [1790686864.384187569] [depth_angular_controller]: PAPER_EVIDENCE retained=32 balls=32 revoked_balls=0 expired_views=0 evicted_views=179 radius=0.580 clearance=0.000 best_prefix=0.000
[depth_angular_controller-1] [INFO] [1790686864.702479494] [depth_angular_controller]: COMPUTE_DEADLINE
[depth_angular_controller-1] [INFO] [1790686864.780898610] [depth_angular_controller]: NO_REGULAR_FIELD
[depth_angular_controller-1] [INFO] [1790686865.156020098] [depth_angular_controller]: COMPUTE_DEADLINE
[depth_angular_controller-1] [INFO] [1790686865.401352152] [depth_angular_controller]: PAPER_BUILD reason=NO_CERTIFIED_DIRECTION required=0.0100 best=0.0000 free=0 refined=0 tubes=256 revoked_tubes=0 proofs=128
[depth_angular_controller-1] [INFO] [1790686865.401394321] [depth_angular_controller]: PAPER_EVIDENCE retained=32 balls=32 revoked_balls=0 expired_views=0 evicted_views=179 radius=0.580 clearance=0.000 best_prefix=0.000
[depth_angular_controller-1] [INFO] [1790686865.558965249] [depth_angular_controller]: NO_REGULAR_FIELD
[depth_angular_controller-1] [INFO] [1790686865.640291059] [depth_angular_controller]: COMPUTE_DEADLINE
[depth_angular_controller-1] [INFO] [1790686865.717911376] [depth_angular_controller]: NO_REGULAR_FIELD
[depth_angular_controller-1] [INFO] [1790686866.017561079] [depth_angular_controller]: COMPUTE_DEADLINE
[depth_angular_controller-1] [INFO] [1790686866.177274777] [depth_angular_controller]: NO_REGULAR_FIELD
[depth_angular_controller-1] [INFO] [1790686866.400080089] [depth_angular_controller]: PAPER_BUILD reason=NO_CERTIFIED_DIRECTION required=0.0100 best=0.0000 free=0 refined=0 tubes=256 revoked_tubes=0 proofs=128
[depth_angular_controller-1] [INFO] [1790686866.400119092] [depth_angular_controller]: PAPER_EVIDENCE retained=32 balls=32 revoked_balls=0 expired_views=0 evicted_views=179 radius=0.580 clearance=0.000 best_prefix=0.000
[depth_angular_controller-1] [INFO] [1790686866.621987776] [depth_angular_controller]: COMPUTE_DEADLINE
[depth_angular_controller-1] [INFO] [1790686866.781244136] [depth_angular_controller]: NO_REGULAR_FIELD
[depth_angular_controller-1] [INFO] [1790686866.868951692] [depth_angular_controller]: COMPUTE_DEADLINE
[depth_angular_controller-1] [INFO] [1790686867.032366455] [depth_angular_controller]: NO_REGULAR_FIELD
[depth_angular_controller-1] [INFO] [1790686867.274477755] [depth_angular_controller]: COMPUTE_DEADLINE
[depth_angular_controller-1] [INFO] [1790686867.353634045] [depth_angular_controller]: NO_REGULAR_FIELD
[depth_angular_controller-1] [INFO] [1790686867.353670403] [depth_angular_controller]: PAPER_BUILD reason=NO_CERTIFIED_DIRECTION required=0.0100 best=0.0000 free=0 refined=0 tubes=256 revoked_tubes=0 proofs=128
[depth_angular_controller-1] [INFO] [1790686867.353681764] [depth_angular_controller]: PAPER_EVIDENCE retained=32 balls=32 revoked_balls=0 expired_views=0 evicted_views=179 radius=0.580 clearance=0.000 best_prefix=0.000
[position_cmd_to_twist-2] [INFO] [1790686867.408586265] [position_cmd_to_twist]: [PERF BRIDGE] run=iteration15_ego1p1_1 elapsed=98.68s received=3076 published=3076 fps(ros/wall)=38.54/36.07 controller_to_bridge_ms(mean/p50/p95/max)=9.634/0.000/83.333/100.000 bridge_process_ms(mean/p95/max)=0.106/0.136/1.663
[depth_angular_controller-1] [INFO] [1790686867.433902050] [depth_angular_controller]: COMPUTE_DEADLINE
[NAV] t=80.0s position=(29.41,8.90,4.55) yaw=3.8deg command=(0.00,0.00,0.00) manual_active=1 collision_blocks=0
[depth_angular_controller-1] [INFO] [1790686867.513851929] [depth_angular_controller]: [PERF CTRL] run=iteration15_ego1p1_1 elapsed=98.89s callbacks=3078 commands=3078 guidance=2977 command_fps(ros/wall)=38.49/36.03 guidance_wall_fps=35.82 avoid_ms(mean/p50/p95/max)=8.185/1.125/67.125/99.614 cycle_ms(mean/p95/max)=27.756/79.444/390.268 depth_to_cmd_ms(mean/p95/max)=30.764/33.333/50.000 callback_to_publish_ms(mean/p95/max)=17.791/77.921/111.078
[depth_angular_controller-1] [INFO] [1790686867.513924756] [depth_angular_controller]: NO_REGULAR_FIELD
[depth_angular_controller-1] [INFO] [1790686867.669475272] [depth_angular_controller]: COMPUTE_DEADLINE
[depth_angular_controller-1] [INFO] [1790686867.829529288] [depth_angular_controller]: NO_REGULAR_FIELD
[depth_angular_controller-1] [INFO] [1790686867.911057318] [depth_angular_controller]: COMPUTE_DEADLINE
[depth_angular_controller-1] [INFO] [1790686867.990384809] [depth_angular_controller]: NO_REGULAR_FIELD
[depth_angular_controller-1] [INFO] [1790686868.150842413] [depth_angular_controller]: COMPUTE_DEADLINE
[depth_angular_controller-1] [INFO] [1790686868.309826322] [depth_angular_controller]: NO_REGULAR_FIELD
[depth_angular_controller-1] [INFO] [1790686868.310306984] [depth_angular_controller]: PAPER_BUILD reason=NO_CERTIFIED_DIRECTION required=0.0100 best=0.0000 free=0 refined=0 tubes=256 revoked_tubes=0 proofs=128
[depth_angular_controller-1] [INFO] [1790686868.310321241] [depth_angular_controller]: PAPER_EVIDENCE retained=32 balls=32 revoked_balls=0 expired_views=0 evicted_views=179 radius=0.580 clearance=0.000 best_prefix=0.000
[depth_angular_controller-1] [INFO] [1790686869.410962711] [depth_angular_controller]: PAPER_BUILD reason=NO_CERTIFIED_DIRECTION required=0.0100 best=0.0000 free=0 refined=0 tubes=256 revoked_tubes=0 proofs=128
[depth_angular_controller-1] [INFO] [1790686869.411006884] [depth_angular_controller]: PAPER_EVIDENCE retained=32 balls=32 revoked_balls=0 expired_views=0 evicted_views=179 radius=0.580 clearance=0.000 best_prefix=0.000
[depth_angular_controller-1] [INFO] [1790686869.807826459] [depth_angular_controller]: COMPUTE_DEADLINE
[depth_angular_controller-1] [INFO] [1790686869.885090308] [depth_angular_controller]: NO_REGULAR_FIELD
[depth_angular_controller-1] [INFO] [1790686869.965300094] [depth_angular_controller]: COMPUTE_DEADLINE
[depth_angular_controller-1] [INFO] [1790686870.126543934] [depth_angular_controller]: NO_REGULAR_FIELD
[depth_angular_controller-1] [INFO] [1790686870.286842850] [depth_angular_controller]: COMPUTE_DEADLINE
[depth_angular_controller-1] [INFO] [1790686870.363182784] [depth_angular_controller]: NO_REGULAR_FIELD
[depth_angular_controller-1] [INFO] [1790686870.363217900] [depth_angular_controller]: PAPER_BUILD reason=NO_CERTIFIED_DIRECTION required=0.0100 best=0.0000 free=0 refined=0 tubes=256 revoked_tubes=0 proofs=128
[depth_angular_controller-1] [INFO] [1790686870.363229292] [depth_angular_controller]: PAPER_EVIDENCE retained=32 balls=32 revoked_balls=0 expired_views=0 evicted_views=179 radius=0.580 clearance=0.000 best_prefix=0.000
[depth_angular_controller-1] [INFO] [1790686870.522167134] [depth_angular_controller]: COMPUTE_DEADLINE
[depth_angular_controller-1] [INFO] [1790686870.601475799] [depth_angular_controller]: NO_REGULAR_FIELD
[depth_angular_controller-1] [INFO] [1790686870.682278719] [depth_angular_controller]: COMPUTE_DEADLINE
[depth_angular_controller-1] [INFO] [1790686870.928576304] [depth_angular_controller]: NO_REGULAR_FIELD
[depth_angular_controller-1] [INFO] [1790686871.091002112] [depth_angular_controller]: COMPUTE_DEADLINE
[depth_angular_controller-1] [INFO] [1790686871.170287423] [depth_angular_controller]: NO_REGULAR_FIELD
[depth_angular_controller-1] [INFO] [1790686871.326758476] [depth_angular_controller]: PAPER_BUILD reason=NO_CERTIFIED_DIRECTION required=0.0100 best=0.0000 free=0 refined=0 tubes=256 revoked_tubes=0 proofs=128
[depth_angular_controller-1] [INFO] [1790686871.327168356] [depth_angular_controller]: PAPER_EVIDENCE retained=32 balls=32 revoked_balls=0 expired_views=0 evicted_views=179 radius=0.580 clearance=0.000 best_prefix=0.000
[depth_angular_controller-1] [INFO] [1790686871.960715168] [depth_angular_controller]: COMPUTE_DEADLINE
[depth_angular_controller-1] [INFO] [1790686872.040026748] [depth_angular_controller]: NO_REGULAR_FIELD
[position_cmd_to_twist-2] [INFO] [1790686872.113748359] [position_cmd_to_twist]: [PERF BRIDGE] run=iteration15_ego1p1_1 elapsed=103.38s received=3136 published=3136 fps(ros/wall)=36.98/34.86 controller_to_bridge_ms(mean/p50/p95/max)=11.033/0.000/83.333/100.000 bridge_process_ms(mean/p95/max)=0.106/0.137/1.663
[depth_angular_controller-1] [INFO] [1790686872.121930093] [depth_angular_controller]: COMPUTE_DEADLINE
[depth_angular_controller-1] [INFO] [1790686872.199884166] [depth_angular_controller]: NO_REGULAR_FIELD
[NAV] t=85.0s position=(29.41,8.90,4.55) yaw=3.8deg command=(0.00,0.00,0.00) manual_active=1 collision_blocks=0
[depth_angular_controller-1] [INFO] [1790686872.382667064] [depth_angular_controller]: PAPER_BUILD reason=NO_CERTIFIED_DIRECTION required=0.0100 best=0.0000 free=0 refined=0 tubes=256 revoked_tubes=0 proofs=128
[depth_angular_controller-1] [INFO] [1790686872.382702581] [depth_angular_controller]: PAPER_EVIDENCE retained=32 balls=32 revoked_balls=0 expired_views=0 evicted_views=179 radius=0.580 clearance=0.000 best_prefix=0.000
[depth_angular_controller-1] [INFO] [1790686872.541410031] [depth_angular_controller]: [PERF CTRL] run=iteration15_ego1p1_1 elapsed=103.92s callbacks=3143 commands=3143 guidance=3042 command_fps(ros/wall)=36.89/34.74 guidance_wall_fps=34.51 avoid_ms(mean/p50/p95/max)=9.415/1.145/67.568/99.614 cycle_ms(mean/p95/max)=28.782/80.003/390.268 depth_to_cmd_ms(mean/p95/max)=30.539/33.333/50.000 callback_to_publish_ms(mean/p95/max)=19.016/78.939/111.078
[depth_angular_controller-1] [INFO] [1790686872.541480643] [depth_angular_controller]: COMPUTE_DEADLINE
[depth_angular_controller-1] [INFO] [1790686872.618613015] [depth_angular_controller]: NO_REGULAR_FIELD
[depth_angular_controller-1] [INFO] [1790686872.702893530] [depth_angular_controller]: COMPUTE_DEADLINE
[depth_angular_controller-1] [INFO] [1790686872.781627387] [depth_angular_controller]: NO_REGULAR_FIELD
[depth_angular_controller-1] [INFO] [1790686873.217646501] [depth_angular_controller]: COMPUTE_DEADLINE
[depth_angular_controller-1] [INFO] [1790686873.376198299] [depth_angular_controller]: NO_REGULAR_FIELD
[depth_angular_controller-1] [INFO] [1790686873.376234587] [depth_angular_controller]: PAPER_BUILD reason=NO_CERTIFIED_DIRECTION required=0.0100 best=0.0000 free=0 refined=0 tubes=256 revoked_tubes=0 proofs=128
[depth_angular_controller-1] [INFO] [1790686873.376245708] [depth_angular_controller]: PAPER_EVIDENCE retained=32 balls=32 revoked_balls=0 expired_views=0 evicted_views=179 radius=0.580 clearance=0.000 best_prefix=0.000
[depth_angular_controller-1] [INFO] [1790686873.694600792] [depth_angular_controller]: COMPUTE_DEADLINE
[depth_angular_controller-1] [INFO] [1790686873.855496729] [depth_angular_controller]: NO_REGULAR_FIELD
[depth_angular_controller-1] [INFO] [1790686873.941328144] [depth_angular_controller]: COMPUTE_DEADLINE
[depth_angular_controller-1] [INFO] [1790686874.263354007] [depth_angular_controller]: NO_REGULAR_FIELD
[depth_angular_controller-1] [INFO] [1790686874.263394162] [depth_angular_controller]: PAPER_BUILD reason=NO_CERTIFIED_DIRECTION required=0.0100 best=0.0000 free=0 refined=0 tubes=256 revoked_tubes=0 proofs=128
[depth_angular_controller-1] [INFO] [1790686874.263406605] [depth_angular_controller]: PAPER_EVIDENCE retained=32 balls=32 revoked_balls=0 expired_views=0 evicted_views=179 radius=0.580 clearance=0.000 best_prefix=0.000
[depth_angular_controller-1] [INFO] [1790686874.794968890] [depth_angular_controller]: COMPUTE_DEADLINE
[depth_angular_controller-1] [INFO] [1790686874.874347316] [depth_angular_controller]: NO_REGULAR_FIELD
[depth_angular_controller-1] [INFO] [1790686874.958237639] [depth_angular_controller]: COMPUTE_DEADLINE
[depth_angular_controller-1] [INFO] [1790686875.196393076] [depth_angular_controller]: NO_REGULAR_FIELD
[depth_angular_controller-1] [INFO] [1790686875.333904962] [depth_angular_controller]: PAPER_BUILD reason=NO_CERTIFIED_DIRECTION required=0.0100 best=0.0000 free=0 refined=0 tubes=256 revoked_tubes=0 proofs=128
[depth_angular_controller-1] [INFO] [1790686875.333953974] [depth_angular_controller]: PAPER_EVIDENCE retained=32 balls=32 revoked_balls=0 expired_views=0 evicted_views=179 radius=0.580 clearance=0.000 best_prefix=0.000
[depth_angular_controller-1] [INFO] [1790686875.679792982] [depth_angular_controller]: COMPUTE_DEADLINE
[depth_angular_controller-1] [INFO] [1790686875.925958149] [depth_angular_controller]: NO_REGULAR_FIELD
[depth_angular_controller-1] [INFO] [1790686876.007936555] [depth_angular_controller]: COMPUTE_DEADLINE
[depth_angular_controller-1] [INFO] [1790686876.244535811] [depth_angular_controller]: NO_REGULAR_FIELD
[depth_angular_controller-1] [INFO] [1790686876.469856393] [depth_angular_controller]: COMPUTE_DEADLINE
[depth_angular_controller-1] [INFO] [1790686876.469886108] [depth_angular_controller]: PAPER_BUILD reason=NO_CERTIFIED_DIRECTION required=0.0100 best=0.0000 free=0 refined=0 tubes=256 revoked_tubes=0 proofs=128
[depth_angular_controller-1] [INFO] [1790686876.469895346] [depth_angular_controller]: PAPER_EVIDENCE retained=32 balls=32 revoked_balls=0 expired_views=0 evicted_views=179 radius=0.580 clearance=0.000 best_prefix=0.000
[depth_angular_controller-1] [INFO] [1790686876.629372350] [depth_angular_controller]: NO_REGULAR_FIELD
[depth_angular_controller-1] [INFO] [1790686877.087438456] [depth_angular_controller]: COMPUTE_DEADLINE
[position_cmd_to_twist-2] [INFO] [1790686877.165806406] [position_cmd_to_twist]: [PERF BRIDGE] run=iteration15_ego1p1_1 elapsed=108.43s received=3202 published=3202 fps(ros/wall)=35.67/33.70 controller_to_bridge_ms(mean/p50/p95/max)=12.352/0.000/83.333/100.000 bridge_process_ms(mean/p95/max)=0.106/0.137/1.663
[depth_angular_controller-1] [INFO] [1790686877.167026937] [depth_angular_controller]: NO_REGULAR_FIELD
[NAV] t=90.0s position=(29.41,8.90,4.55) yaw=3.8deg command=(0.00,0.00,0.00) manual_active=1 collision_blocks=0
[depth_angular_controller-1] [INFO] [1790686877.482602745] [depth_angular_controller]: COMPUTE_DEADLINE
[depth_angular_controller-1] [INFO] [1790686877.482642560] [depth_angular_controller]: PAPER_BUILD reason=NO_CERTIFIED_DIRECTION required=0.0100 best=0.0000 free=0 refined=0 tubes=256 revoked_tubes=0 proofs=128
[depth_angular_controller-1] [INFO] [1790686877.482654773] [depth_angular_controller]: PAPER_EVIDENCE retained=32 balls=32 revoked_balls=0 expired_views=0 evicted_views=179 radius=0.580 clearance=0.000 best_prefix=0.000
[depth_angular_controller-1] [INFO] [1790686877.560567960] [depth_angular_controller]: [PERF CTRL] run=iteration15_ego1p1_1 elapsed=108.94s callbacks=3208 commands=3208 guidance=3107 command_fps(ros/wall)=35.53/33.60 guidance_wall_fps=33.35 avoid_ms(mean/p50/p95/max)=10.597/1.166/68.031/99.614 cycle_ms(mean/p95/max)=29.763/80.456/390.268 depth_to_cmd_ms(mean/p95/max)=30.308/33.333/50.000 callback_to_publish_ms(mean/p95/max)=20.184/79.394/111.078
[depth_angular_controller-1] [INFO] [1790686877.560652679] [depth_angular_controller]: NO_REGULAR_FIELD
[depth_angular_controller-1] [INFO] [1790686877.796792944] [depth_angular_controller]: COMPUTE_DEADLINE
[depth_angular_controller-1] [INFO] [1790686877.875825671] [depth_angular_controller]: NO_REGULAR_FIELD
[depth_angular_controller-1] [INFO] [1790686878.035292075] [depth_angular_controller]: COMPUTE_DEADLINE
[depth_angular_controller-1] [INFO] [1790686878.114945868] [depth_angular_controller]: NO_REGULAR_FIELD
[depth_angular_controller-1] [INFO] [1790686878.199271769] [depth_angular_controller]: COMPUTE_DEADLINE
[depth_angular_controller-1] [INFO] [1790686878.277031407] [depth_angular_controller]: NO_REGULAR_FIELD
[depth_angular_controller-1] [INFO] [1790686878.360885102] [depth_angular_controller]: COMPUTE_DEADLINE
[depth_angular_controller-1] [INFO] [1790686878.360923093] [depth_angular_controller]: PAPER_BUILD reason=NO_CERTIFIED_DIRECTION required=0.0100 best=0.0000 free=0 refined=0 tubes=256 revoked_tubes=0 proofs=128
[depth_angular_controller-1] [INFO] [1790686878.360934935] [depth_angular_controller]: PAPER_EVIDENCE retained=32 balls=32 revoked_balls=0 expired_views=0 evicted_views=179 radius=0.580 clearance=0.000 best_prefix=0.000
[depth_angular_controller-1] [INFO] [1790686878.437614216] [depth_angular_controller]: NO_REGULAR_FIELD
[depth_angular_controller-1] [INFO] [1790686878.517987620] [depth_angular_controller]: COMPUTE_DEADLINE
[depth_angular_controller-1] [INFO] [1790686878.675108102] [depth_angular_controller]: NO_REGULAR_FIELD
[depth_angular_controller-1] [INFO] [1790686878.835649894] [depth_angular_controller]: COMPUTE_DEADLINE
[depth_angular_controller-1] [INFO] [1790686878.996707935] [depth_angular_controller]: NO_REGULAR_FIELD
[depth_angular_controller-1] [INFO] [1790686879.160153536] [depth_angular_controller]: COMPUTE_DEADLINE
[depth_angular_controller-1] [INFO] [1790686879.239645585] [depth_angular_controller]: NO_REGULAR_FIELD
[depth_angular_controller-1] [INFO] [1790686879.318403116] [depth_angular_controller]: PAPER_BUILD reason=NO_CERTIFIED_DIRECTION required=0.0100 best=0.0000 free=0 refined=0 tubes=256 revoked_tubes=0 proofs=128
[depth_angular_controller-1] [INFO] [1790686879.318446959] [depth_angular_controller]: PAPER_EVIDENCE retained=32 balls=32 revoked_balls=0 expired_views=0 evicted_views=179 radius=0.580 clearance=0.000 best_prefix=0.000
[depth_angular_controller-1] [INFO] [1790686879.476939545] [depth_angular_controller]: COMPUTE_DEADLINE
[depth_angular_controller-1] [INFO] [1790686879.636832430] [depth_angular_controller]: NO_REGULAR_FIELD
[depth_angular_controller-1] [INFO] [1790686879.932140215] [depth_angular_controller]: COMPUTE_DEADLINE
[depth_angular_controller-1] [INFO] [1790686880.256802444] [depth_angular_controller]: NO_REGULAR_FIELD
[depth_angular_controller-1] [INFO] [1790686880.331533439] [depth_angular_controller]: PAPER_BUILD reason=NO_CERTIFIED_DIRECTION required=0.0100 best=0.0000 free=0 refined=0 tubes=256 revoked_tubes=0 proofs=128
[depth_angular_controller-1] [INFO] [1790686880.331575078] [depth_angular_controller]: PAPER_EVIDENCE retained=32 balls=32 revoked_balls=0 expired_views=0 evicted_views=179 radius=0.580 clearance=0.000 best_prefix=0.000
[depth_angular_controller-1] [INFO] [1790686880.778483126] [depth_angular_controller]: COMPUTE_DEADLINE
[depth_angular_controller-1] [INFO] [1790686880.858013998] [depth_angular_controller]: NO_REGULAR_FIELD
[depth_angular_controller-1] [INFO] [1790686880.943626443] [depth_angular_controller]: COMPUTE_DEADLINE
[depth_angular_controller-1] [INFO] [1790686881.022293734] [depth_angular_controller]: NO_REGULAR_FIELD
[depth_angular_controller-1] [INFO] [1790686881.106456569] [depth_angular_controller]: COMPUTE_DEADLINE
[depth_angular_controller-1] [INFO] [1790686881.262835509] [depth_angular_controller]: NO_REGULAR_FIELD
[depth_angular_controller-1] [INFO] [1790686881.350460911] [depth_angular_controller]: COMPUTE_DEADLINE
[depth_angular_controller-1] [INFO] [1790686881.350498021] [depth_angular_controller]: PAPER_BUILD reason=NO_CERTIFIED_DIRECTION required=0.0100 best=0.0000 free=0 refined=0 tubes=256 revoked_tubes=0 proofs=128
[depth_angular_controller-1] [INFO] [1790686881.350509142] [depth_angular_controller]: PAPER_EVIDENCE retained=32 balls=32 revoked_balls=0 expired_views=0 evicted_views=179 radius=0.580 clearance=0.000 best_prefix=0.000
[depth_angular_controller-1] [INFO] [1790686881.514379911] [depth_angular_controller]: NO_REGULAR_FIELD
[depth_angular_controller-1] [INFO] [1790686881.595683159] [depth_angular_controller]: COMPUTE_DEADLINE
[depth_angular_controller-1] [INFO] [1790686881.675197610] [depth_angular_controller]: NO_REGULAR_FIELD
[position_cmd_to_twist-2] [INFO] [1790686881.935295924] [position_cmd_to_twist]: [PERF BRIDGE] run=iteration15_ego1p1_1 elapsed=113.20s received=3263 published=3263 fps(ros/wall)=34.39/32.69 controller_to_bridge_ms(mean/p50/p95/max)=13.668/0.000/83.333/100.000 bridge_process_ms(mean/p95/max)=0.106/0.137/1.663
[NAV] t=95.0s position=(29.41,8.90,4.55) yaw=3.8deg command=(0.00,0.00,0.00) manual_active=1 collision_blocks=0
[depth_angular_controller-1] [INFO] [1790686882.057198428] [depth_angular_controller]: COMPUTE_DEADLINE
[depth_angular_controller-1] [INFO] [1790686882.313278761] [depth_angular_controller]: NO_REGULAR_FIELD
[depth_angular_controller-1] [INFO] [1790686882.393772010] [depth_angular_controller]: COMPUTE_DEADLINE
[depth_angular_controller-1] [INFO] [1790686882.473079663] [depth_angular_controller]: NO_REGULAR_FIELD
[depth_angular_controller-1] [INFO] [1790686882.473114609] [depth_angular_controller]: PAPER_BUILD reason=NO_CERTIFIED_DIRECTION required=0.0100 best=0.0000 free=0 refined=0 tubes=256 revoked_tubes=0 proofs=128
[depth_angular_controller-1] [INFO] [1790686882.473126170] [depth_angular_controller]: PAPER_EVIDENCE retained=32 balls=32 revoked_balls=0 expired_views=0 evicted_views=179 radius=0.580 clearance=0.000 best_prefix=0.000
[depth_angular_controller-1] [INFO] [1790686882.633361447] [depth_angular_controller]: [PERF CTRL] run=iteration15_ego1p1_1 elapsed=114.01s callbacks=3272 commands=3272 guidance=3171 command_fps(ros/wall)=34.25/32.54 guidance_wall_fps=32.28 avoid_ms(mean/p50/p95/max)=11.747/1.186/68.484/99.614 cycle_ms(mean/p95/max)=30.732/80.803/390.268 depth_to_cmd_ms(mean/p95/max)=30.069/33.333/50.000 callback_to_publish_ms(mean/p95/max)=21.334/80.013/111.078
[depth_angular_controller-1] [INFO] [1790686882.720185095] [depth_angular_controller]: COMPUTE_DEADLINE
[depth_angular_controller-1] [INFO] [1790686882.798492722] [depth_angular_controller]: NO_REGULAR_FIELD
[depth_angular_controller-1] [INFO] [1790686882.882204169] [depth_angular_controller]: COMPUTE_DEADLINE
[depth_angular_controller-1] [INFO] [1790686882.960330385] [depth_angular_controller]: NO_REGULAR_FIELD
[depth_angular_controller-1] [INFO] [1790686883.042585450] [depth_angular_controller]: COMPUTE_DEADLINE
[depth_angular_controller-1] [INFO] [1790686883.201597561] [depth_angular_controller]: NO_REGULAR_FIELD
[depth_angular_controller-1] [INFO] [1790686883.286622183] [depth_angular_controller]: COMPUTE_DEADLINE
[depth_angular_controller-1] [INFO] [1790686883.365604045] [depth_angular_controller]: NO_REGULAR_FIELD
[depth_angular_controller-1] [INFO] [1790686883.519616775] [depth_angular_controller]: PAPER_BUILD reason=NO_CERTIFIED_DIRECTION required=0.0100 best=0.0000 free=0 refined=0 tubes=256 revoked_tubes=0 proofs=128
[depth_angular_controller-1] [INFO] [1790686883.519658283] [depth_angular_controller]: PAPER_EVIDENCE retained=32 balls=32 revoked_balls=0 expired_views=0 evicted_views=179 radius=0.580 clearance=0.000 best_prefix=0.000
[depth_angular_controller-1] [INFO] [1790686883.971852180] [depth_angular_controller]: COMPUTE_DEADLINE
[depth_angular_controller-1] [INFO] [1790686884.051476037] [depth_angular_controller]: NO_REGULAR_FIELD
[depth_angular_controller-1] [INFO] [1790686884.213556346] [depth_angular_controller]: COMPUTE_DEADLINE
[depth_angular_controller-1] [INFO] [1790686884.374141099] [depth_angular_controller]: NO_REGULAR_FIELD
[depth_angular_controller-1] [INFO] [1790686884.533980152] [depth_angular_controller]: COMPUTE_DEADLINE
[depth_angular_controller-1] [INFO] [1790686884.615073016] [depth_angular_controller]: PAPER_BUILD reason=NO_CERTIFIED_DIRECTION required=0.0100 best=0.0000 free=0 refined=0 tubes=256 revoked_tubes=0 proofs=128
[depth_angular_controller-1] [INFO] [1790686884.615116407] [depth_angular_controller]: PAPER_EVIDENCE retained=32 balls=32 revoked_balls=0 expired_views=0 evicted_views=179 radius=0.580 clearance=0.000 best_prefix=0.000
[depth_angular_controller-1] [INFO] [1790686884.777168894] [depth_angular_controller]: NO_REGULAR_FIELD
[depth_angular_controller-1] [INFO] [1790686884.861463756] [depth_angular_controller]: COMPUTE_DEADLINE
[depth_angular_controller-1] [INFO] [1790686884.938149479] [depth_angular_controller]: NO_REGULAR_FIELD
[depth_angular_controller-1] [INFO] [1790686885.178253122] [depth_angular_controller]: COMPUTE_DEADLINE
[depth_angular_controller-1] [INFO] [1790686885.257705507] [depth_angular_controller]: NO_REGULAR_FIELD
[depth_angular_controller-1] [INFO] [1790686885.344163058] [depth_angular_controller]: COMPUTE_DEADLINE
[depth_angular_controller-1] [INFO] [1790686885.420743804] [depth_angular_controller]: NO_REGULAR_FIELD
[depth_angular_controller-1] [INFO] [1790686885.718643603] [depth_angular_controller]: COMPUTE_DEADLINE
[depth_angular_controller-1] [INFO] [1790686885.718682075] [depth_angular_controller]: PAPER_BUILD reason=NO_CERTIFIED_DIRECTION required=0.0100 best=0.0000 free=0 refined=0 tubes=256 revoked_tubes=0 proofs=128
[depth_angular_controller-1] [INFO] [1790686885.718694518] [depth_angular_controller]: PAPER_EVIDENCE retained=32 balls=32 revoked_balls=0 expired_views=0 evicted_views=179 radius=0.580 clearance=0.000 best_prefix=0.000
[depth_angular_controller-1] [INFO] [1790686885.798457055] [depth_angular_controller]: NO_REGULAR_FIELD
[depth_angular_controller-1] [INFO] [1790686886.352358520] [depth_angular_controller]: COMPUTE_DEADLINE
[depth_angular_controller-1] [INFO] [1790686886.509847624] [depth_angular_controller]: NO_REGULAR_FIELD
[depth_angular_controller-1] [INFO] [1790686886.743825922] [depth_angular_controller]: PAPER_BUILD reason=NO_CERTIFIED_DIRECTION required=0.0100 best=0.0000 free=0 refined=0 tubes=256 revoked_tubes=0 proofs=128
[depth_angular_controller-1] [INFO] [1790686886.743867640] [depth_angular_controller]: PAPER_EVIDENCE retained=32 balls=32 revoked_balls=0 expired_views=0 evicted_views=179 radius=0.580 clearance=0.000 best_prefix=0.000
[depth_angular_controller-1] [INFO] [1790686886.989250449] [depth_angular_controller]: COMPUTE_DEADLINE
[position_cmd_to_twist-2] [INFO] [1790686887.148611416] [position_cmd_to_twist]: [PERF BRIDGE] run=iteration15_ego1p1_1 elapsed=118.42s received=3328 published=3328 fps(ros/wall)=33.35/31.70 controller_to_bridge_ms(mean/p50/p95/max)=14.889/0.000/83.333/100.000 bridge_process_ms(mean/p95/max)=0.107/0.137/1.663
[NAV] t=100.0s position=(29.41,8.90,4.55) yaw=3.8deg command=(0.00,0.00,0.00) manual_active=1 collision_blocks=0
[depth_angular_controller-1] [INFO] [1790686887.230182316] [depth_angular_controller]: NO_REGULAR_FIELD
[depth_angular_controller-1] [INFO] [1790686887.311649332] [depth_angular_controller]: COMPUTE_DEADLINE
[depth_angular_controller-1] [INFO] [1790686887.473372330] [depth_angular_controller]: NO_REGULAR_FIELD
[depth_angular_controller-1] [INFO] [1790686887.632875984] [depth_angular_controller]: COMPUTE_DEADLINE
[depth_angular_controller-1] [INFO] [1790686887.713018514] [depth_angular_controller]: [PERF CTRL] run=iteration15_ego1p1_1 elapsed=119.09s callbacks=3336 commands=3336 guidance=3235 command_fps(ros/wall)=33.21/31.58 guidance_wall_fps=31.31 avoid_ms(mean/p50/p95/max)=12.852/1.209/68.723/99.614 cycle_ms(mean/p95/max)=31.665/81.110/390.268 depth_to_cmd_ms(mean/p95/max)=29.861/33.333/50.000 callback_to_publish_ms(mean/p95/max)=22.442/80.376/111.078
[depth_angular_controller-1] [INFO] [1790686887.713082745] [depth_angular_controller]: NO_REGULAR_FIELD
[depth_angular_controller-1] [INFO] [1790686887.792801259] [depth_angular_controller]: PAPER_BUILD reason=NO_CERTIFIED_DIRECTION required=0.0100 best=0.0000 free=0 refined=0 tubes=256 revoked_tubes=0 proofs=128
[depth_angular_controller-1] [INFO] [1790686887.792841184] [depth_angular_controller]: PAPER_EVIDENCE retained=32 balls=32 revoked_balls=0 expired_views=0 evicted_views=179 radius=0.580 clearance=0.000 best_prefix=0.000
[depth_angular_controller-1] [INFO] [1790686888.109750285] [depth_angular_controller]: COMPUTE_DEADLINE
[depth_angular_controller-1] [INFO] [1790686888.266559793] [depth_angular_controller]: NO_REGULAR_FIELD
[depth_angular_controller-1] [INFO] [1790686888.637333122] [depth_angular_controller]: COMPUTE_DEADLINE
[depth_angular_controller-1] [INFO] [1790686888.797775447] [depth_angular_controller]: NO_REGULAR_FIELD
[depth_angular_controller-1] [INFO] [1790686888.878087526] [depth_angular_controller]: COMPUTE_DEADLINE
[depth_angular_controller-1] [INFO] [1790686888.878120387] [depth_angular_controller]: PAPER_BUILD reason=NO_CERTIFIED_DIRECTION required=0.0100 best=0.0000 free=0 refined=0 tubes=256 revoked_tubes=0 proofs=128
[depth_angular_controller-1] [INFO] [1790686888.878130096] [depth_angular_controller]: PAPER_EVIDENCE retained=32 balls=32 revoked_balls=0 expired_views=0 evicted_views=179 radius=0.580 clearance=0.000 best_prefix=0.000
[depth_angular_controller-1] [INFO] [1790686888.957749394] [depth_angular_controller]: NO_REGULAR_FIELD
[depth_angular_controller-1] [INFO] [1790686889.433197458] [depth_angular_controller]: COMPUTE_DEADLINE
[depth_angular_controller-1] [INFO] [1790686889.594072445] [depth_angular_controller]: NO_REGULAR_FIELD
[depth_angular_controller-1] [INFO] [1790686889.675692198] [depth_angular_controller]: COMPUTE_DEADLINE
[depth_angular_controller-1] [INFO] [1790686889.754982959] [depth_angular_controller]: NO_REGULAR_FIELD
[depth_angular_controller-1] [INFO] [1790686889.839159449] [depth_angular_controller]: COMPUTE_DEADLINE
[depth_angular_controller-1] [INFO] [1790686889.918957523] [depth_angular_controller]: NO_REGULAR_FIELD
[depth_angular_controller-1] [INFO] [1790686889.919044216] [depth_angular_controller]: PAPER_BUILD reason=NO_CERTIFIED_DIRECTION required=0.0100 best=0.0000 free=0 refined=0 tubes=256 revoked_tubes=0 proofs=128
[depth_angular_controller-1] [INFO] [1790686889.919056749] [depth_angular_controller]: PAPER_EVIDENCE retained=32 balls=32 revoked_balls=0 expired_views=0 evicted_views=179 radius=0.580 clearance=0.000 best_prefix=0.000
[depth_angular_controller-1] [INFO] [1790686890.004950241] [depth_angular_controller]: COMPUTE_DEADLINE
[depth_angular_controller-1] [INFO] [1790686890.084805052] [depth_angular_controller]: NO_REGULAR_FIELD
[depth_angular_controller-1] [INFO] [1790686890.558775483] [depth_angular_controller]: COMPUTE_DEADLINE
[depth_angular_controller-1] [INFO] [1790686890.638136186] [depth_angular_controller]: NO_REGULAR_FIELD
[depth_angular_controller-1] [INFO] [1790686890.876664893] [depth_angular_controller]: COMPUTE_DEADLINE
[depth_angular_controller-1] [INFO] [1790686890.954724916] [depth_angular_controller]: NO_REGULAR_FIELD
[depth_angular_controller-1] [INFO] [1790686890.954752377] [depth_angular_controller]: PAPER_BUILD reason=NO_CERTIFIED_DIRECTION required=0.0100 best=0.0000 free=0 refined=0 tubes=256 revoked_tubes=0 proofs=128
[depth_angular_controller-1] [INFO] [1790686890.954759140] [depth_angular_controller]: PAPER_EVIDENCE retained=32 balls=32 revoked_balls=0 expired_views=0 evicted_views=179 radius=0.580 clearance=0.000 best_prefix=0.000
[depth_angular_controller-1] [INFO] [1790686891.337707395] [depth_angular_controller]: COMPUTE_DEADLINE
[depth_angular_controller-1] [INFO] [1790686891.589028878] [depth_angular_controller]: NO_REGULAR_FIELD
[depth_angular_controller-1] [INFO] [1790686891.821375865] [depth_angular_controller]: COMPUTE_DEADLINE
[depth_angular_controller-1] [INFO] [1790686891.979795515] [depth_angular_controller]: NO_REGULAR_FIELD
[depth_angular_controller-1] [INFO] [1790686892.056260805] [depth_angular_controller]: PAPER_BUILD reason=NO_CERTIFIED_DIRECTION required=0.0100 best=0.0000 free=0 refined=0 tubes=256 revoked_tubes=0 proofs=128
[depth_angular_controller-1] [INFO] [1790686892.056301581] [depth_angular_controller]: PAPER_EVIDENCE retained=32 balls=32 revoked_balls=0 expired_views=0 evicted_views=179 radius=0.580 clearance=0.000 best_prefix=0.000
[position_cmd_to_twist-2] [INFO] [1790686892.216351410] [position_cmd_to_twist]: [PERF BRIDGE] run=iteration15_ego1p1_1 elapsed=123.49s received=3392 published=3392 fps(ros/wall)=32.37/30.82 controller_to_bridge_ms(mean/p50/p95/max)=16.082/0.000/83.333/100.000 bridge_process_ms(mean/p95/max)=0.107/0.138/1.663
[depth_angular_controller-1] [INFO] [1790686892.217394738] [depth_angular_controller]: COMPUTE_DEADLINE
[NAV] t=105.0s position=(29.41,8.90,4.55) yaw=3.8deg command=(0.00,0.00,0.00) manual_active=1 collision_blocks=0
[depth_angular_controller-1] [INFO] [1790686892.377270340] [depth_angular_controller]: NO_REGULAR_FIELD
[depth_angular_controller-1] [INFO] [1790686892.752576304] [depth_angular_controller]: [PERF CTRL] run=iteration15_ego1p1_1 elapsed=124.13s callbacks=3400 commands=3400 guidance=3299 command_fps(ros/wall)=32.27/30.72 guidance_wall_fps=30.45 avoid_ms(mean/p50/p95/max)=13.903/1.230/68.856/99.614 cycle_ms(mean/p95/max)=32.552/81.256/390.268 depth_to_cmd_ms(mean/p95/max)=29.640/33.333/50.000 callback_to_publish_ms(mean/p95/max)=23.496/80.632/111.078
[depth_angular_controller-1] [INFO] [1790686893.072364427] [depth_angular_controller]: COMPUTE_DEADLINE
[depth_angular_controller-1] [INFO] [1790686893.148624712] [depth_angular_controller]: NO_REGULAR_FIELD
[depth_angular_controller-1] [INFO] [1790686893.148657824] [depth_angular_controller]: PAPER_BUILD reason=NO_CERTIFIED_DIRECTION required=0.0100 best=0.0000 free=0 refined=0 tubes=256 revoked_tubes=0 proofs=128
[depth_angular_controller-1] [INFO] [1790686893.148668555] [depth_angular_controller]: PAPER_EVIDENCE retained=32 balls=32 revoked_balls=0 expired_views=0 evicted_views=179 radius=0.580 clearance=0.000 best_prefix=0.000
[depth_angular_controller-1] [INFO] [1790686893.902732250] [depth_angular_controller]: COMPUTE_DEADLINE
[depth_angular_controller-1] [INFO] [1790686893.983250395] [depth_angular_controller]: NO_REGULAR_FIELD
[depth_angular_controller-1] [INFO] [1790686894.220912256] [depth_angular_controller]: COMPUTE_DEADLINE
[depth_angular_controller-1] [INFO] [1790686894.302302247] [depth_angular_controller]: PAPER_BUILD reason=NO_CERTIFIED_DIRECTION required=0.0100 best=0.0000 free=0 refined=0 tubes=256 revoked_tubes=0 proofs=128
[depth_angular_controller-1] [INFO] [1790686894.302336371] [depth_angular_controller]: PAPER_EVIDENCE retained=32 balls=32 revoked_balls=0 expired_views=0 evicted_views=179 radius=0.580 clearance=0.000 best_prefix=0.000
[depth_angular_controller-1] [INFO] [1790686894.462206292] [depth_angular_controller]: NO_REGULAR_FIELD
[depth_angular_controller-1] [INFO] [1790686894.544708090] [depth_angular_controller]: COMPUTE_DEADLINE
[depth_angular_controller-1] [INFO] [1790686894.622617389] [depth_angular_controller]: NO_REGULAR_FIELD
[depth_angular_controller-1] [INFO] [1790686894.839457587] [depth_angular_controller]: COMPUTE_DEADLINE
[depth_angular_controller-1] [INFO] [1790686895.083001796] [depth_angular_controller]: NO_REGULAR_FIELD
[depth_angular_controller-1] [INFO] [1790686895.242444706] [depth_angular_controller]: COMPUTE_DEADLINE
[depth_angular_controller-1] [INFO] [1790686895.322274088] [depth_angular_controller]: NO_REGULAR_FIELD
[depth_angular_controller-1] [INFO] [1790686895.401147768] [depth_angular_controller]: PAPER_BUILD reason=NO_CERTIFIED_DIRECTION required=0.0100 best=0.0000 free=0 refined=0 tubes=256 revoked_tubes=0 proofs=128
[depth_angular_controller-1] [INFO] [1790686895.401186971] [depth_angular_controller]: PAPER_EVIDENCE retained=32 balls=32 revoked_balls=0 expired_views=0 evicted_views=179 radius=0.580 clearance=0.000 best_prefix=0.000
[depth_angular_controller-1] [INFO] [1790686895.570289087] [depth_angular_controller]: COMPUTE_DEADLINE
[depth_angular_controller-1] [INFO] [1790686895.648254632] [depth_angular_controller]: NO_REGULAR_FIELD
[depth_angular_controller-1] [INFO] [1790686895.939867102] [depth_angular_controller]: COMPUTE_DEADLINE
[depth_angular_controller-1] [INFO] [1790686896.020583850] [depth_angular_controller]: NO_REGULAR_FIELD
[depth_angular_controller-1] [INFO] [1790686896.178325408] [depth_angular_controller]: COMPUTE_DEADLINE
[depth_angular_controller-1] [INFO] [1790686896.259724385] [depth_angular_controller]: NO_REGULAR_FIELD
[depth_angular_controller-1] [INFO] [1790686896.340546681] [depth_angular_controller]: COMPUTE_DEADLINE
[depth_angular_controller-1] [INFO] [1790686896.419324220] [depth_angular_controller]: NO_REGULAR_FIELD
[depth_angular_controller-1] [INFO] [1790686896.495944080] [depth_angular_controller]: PAPER_BUILD reason=NO_CERTIFIED_DIRECTION required=0.0100 best=0.0000 free=0 refined=0 tubes=256 revoked_tubes=0 proofs=128
[depth_angular_controller-1] [INFO] [1790686896.495984265] [depth_angular_controller]: PAPER_EVIDENCE retained=32 balls=32 revoked_balls=0 expired_views=0 evicted_views=179 radius=0.580 clearance=0.000 best_prefix=0.000
[depth_angular_controller-1] [INFO] [1790686896.721409052] [depth_angular_controller]: COMPUTE_DEADLINE
[depth_angular_controller-1] [INFO] [1790686896.954966140] [depth_angular_controller]: NO_REGULAR_FIELD
[depth_angular_controller-1] [INFO] [1790686897.264546989] [depth_angular_controller]: COMPUTE_DEADLINE
[depth_angular_controller-1] [INFO] [1790686897.425246637] [depth_angular_controller]: NO_REGULAR_FIELD
[position_cmd_to_twist-2] [INFO] [1790686897.626441927] [position_cmd_to_twist]: [PERF BRIDGE] run=iteration15_ego1p1_1 elapsed=128.90s received=3462 published=3462 fps(ros/wall)=31.51/29.98 controller_to_bridge_ms(mean/p50/p95/max)=17.215/0.000/83.333/100.000 bridge_process_ms(mean/p95/max)=0.108/0.139/1.663
[NAV] t=110.0s position=(29.41,8.90,4.55) yaw=3.8deg command=(0.00,0.00,0.00) manual_active=1 collision_blocks=0
[depth_angular_controller-1] [INFO] [1790686897.720238259] [depth_angular_controller]: COMPUTE_DEADLINE
[depth_angular_controller-1] [INFO] [1790686897.720272924] [depth_angular_controller]: PAPER_BUILD reason=NO_CERTIFIED_DIRECTION required=0.0100 best=0.0000 free=0 refined=0 tubes=256 revoked_tubes=0 proofs=128
[depth_angular_controller-1] [INFO] [1790686897.720284566] [depth_angular_controller]: PAPER_EVIDENCE retained=32 balls=32 revoked_balls=0 expired_views=0 evicted_views=179 radius=0.580 clearance=0.000 best_prefix=0.000
[depth_angular_controller-1] [INFO] [1790686897.799914023] [depth_angular_controller]: [PERF CTRL] run=iteration15_ego1p1_1 elapsed=129.18s callbacks=3465 commands=3465 guidance=3364 command_fps(ros/wall)=31.49/29.94 guidance_wall_fps=29.66 avoid_ms(mean/p50/p95/max)=14.911/1.250/68.984/99.614 cycle_ms(mean/p95/max)=33.398/81.404/390.268 depth_to_cmd_ms(mean/p95/max)=29.419/33.333/50.000 callback_to_publish_ms(mean/p95/max)=24.507/80.744/111.078
[depth_angular_controller-1] [INFO] [1790686897.799974757] [depth_angular_controller]: NO_REGULAR_FIELD
[depth_angular_controller-1] [INFO] [1790686898.183424453] [depth_angular_controller]: COMPUTE_DEADLINE
[depth_angular_controller-1] [INFO] [1790686898.262472309] [depth_angular_controller]: NO_REGULAR_FIELD
[depth_angular_controller-1] [INFO] [1790686898.500308817] [depth_angular_controller]: COMPUTE_DEADLINE
[depth_angular_controller-1] [INFO] [1790686898.661820409] [depth_angular_controller]: NO_REGULAR_FIELD
[depth_angular_controller-1] [INFO] [1790686898.818635178] [depth_angular_controller]: PAPER_BUILD reason=NO_CERTIFIED_DIRECTION required=0.0100 best=0.0000 free=0 refined=0 tubes=256 revoked_tubes=0 proofs=128
[depth_angular_controller-1] [INFO] [1790686898.818680162] [depth_angular_controller]: PAPER_EVIDENCE retained=32 balls=32 revoked_balls=0 expired_views=0 evicted_views=179 radius=0.580 clearance=0.000 best_prefix=0.000
[depth_angular_controller-1] [INFO] [1790686898.900136528] [depth_angular_controller]: COMPUTE_DEADLINE
[depth_angular_controller-1] [INFO] [1790686899.053482396] [depth_angular_controller]: NO_REGULAR_FIELD
[depth_angular_controller-1] [INFO] [1790686899.819761575] [depth_angular_controller]: PAPER_BUILD reason=NO_CERTIFIED_DIRECTION required=0.0100 best=0.0000 free=0 refined=0 tubes=256 revoked_tubes=0 proofs=128
[depth_angular_controller-1] [INFO] [1790686899.819805708] [depth_angular_controller]: PAPER_EVIDENCE retained=32 balls=32 revoked_balls=0 expired_views=0 evicted_views=179 radius=0.580 clearance=0.000 best_prefix=0.000
[depth_angular_controller-1] [INFO] [1790686900.056599940] [depth_angular_controller]: COMPUTE_DEADLINE
[depth_angular_controller-1] [INFO] [1790686900.135958870] [depth_angular_controller]: NO_REGULAR_FIELD
[depth_angular_controller-1] [INFO] [1790686900.218120068] [depth_angular_controller]: COMPUTE_DEADLINE
[depth_angular_controller-1] [INFO] [1790686900.296409631] [depth_angular_controller]: NO_REGULAR_FIELD
[depth_angular_controller-1] [INFO] [1790686900.541434248] [depth_angular_controller]: COMPUTE_DEADLINE
[depth_angular_controller-1] [INFO] [1790686900.703887106] [depth_angular_controller]: NO_REGULAR_FIELD
[depth_angular_controller-1] [INFO] [1790686900.785658884] [depth_angular_controller]: COMPUTE_DEADLINE
[depth_angular_controller-1] [INFO] [1790686900.785694470] [depth_angular_controller]: PAPER_BUILD reason=NO_CERTIFIED_DIRECTION required=0.0100 best=0.0000 free=0 refined=0 tubes=256 revoked_tubes=0 proofs=128
[depth_angular_controller-1] [INFO] [1790686900.785702926] [depth_angular_controller]: PAPER_EVIDENCE retained=32 balls=32 revoked_balls=0 expired_views=0 evicted_views=179 radius=0.580 clearance=0.000 best_prefix=0.000
[depth_angular_controller-1] [INFO] [1790686900.863124891] [depth_angular_controller]: NO_REGULAR_FIELD
[depth_angular_controller-1] [INFO] [1790686901.023162517] [depth_angular_controller]: COMPUTE_DEADLINE
[depth_angular_controller-1] [INFO] [1790686901.185028374] [depth_angular_controller]: NO_REGULAR_FIELD
[depth_angular_controller-1] [INFO] [1790686901.717573994] [depth_angular_controller]: COMPUTE_DEADLINE
[depth_angular_controller-1] [INFO] [1790686901.796318641] [depth_angular_controller]: NO_REGULAR_FIELD
[depth_angular_controller-1] [INFO] [1790686901.796356882] [depth_angular_controller]: PAPER_BUILD reason=NO_CERTIFIED_DIRECTION required=0.0100 best=0.0000 free=0 refined=0 tubes=256 revoked_tubes=0 proofs=128
[depth_angular_controller-1] [INFO] [1790686901.796368534] [depth_angular_controller]: PAPER_EVIDENCE retained=32 balls=32 revoked_balls=0 expired_views=0 evicted_views=179 radius=0.580 clearance=0.000 best_prefix=0.000
[depth_angular_controller-1] [INFO] [1790686902.354718216] [depth_angular_controller]: COMPUTE_DEADLINE
[position_cmd_to_twist-2] [INFO] [1790686902.473918249] [position_cmd_to_twist]: [PERF BRIDGE] run=iteration15_ego1p1_1 elapsed=133.74s received=3524 published=3524 fps(ros/wall)=30.69/29.28 controller_to_bridge_ms(mean/p50/p95/max)=18.331/0.000/83.333/100.000 bridge_process_ms(mean/p95/max)=0.108/0.139/1.663
[depth_angular_controller-1] [INFO] [1790686902.511644874] [depth_angular_controller]: NO_REGULAR_FIELD
[NAV] t=115.0s position=(29.41,8.90,4.55) yaw=3.8deg command=(0.00,0.00,0.00) manual_active=1 collision_blocks=0
[depth_angular_controller-1] [INFO] [1790686902.733546891] [depth_angular_controller]: COMPUTE_DEADLINE
[depth_angular_controller-1] [INFO] [1790686902.809056708] [depth_angular_controller]: [PERF CTRL] run=iteration15_ego1p1_1 elapsed=134.19s callbacks=3529 commands=3529 guidance=3428 command_fps(ros/wall)=30.64/29.23 guidance_wall_fps=28.95 avoid_ms(mean/p50/p95/max)=15.876/1.279/69.175/99.614 cycle_ms(mean/p95/max)=34.212/81.527/390.268 depth_to_cmd_ms(mean/p95/max)=29.225/33.333/50.000 callback_to_publish_ms(mean/p95/max)=25.477/80.925/111.078
[depth_angular_controller-1] [INFO] [1790686902.809107533] [depth_angular_controller]: NO_REGULAR_FIELD
[depth_angular_controller-1] [INFO] [1790686902.809111631] [depth_angular_controller]: PAPER_BUILD reason=NO_CERTIFIED_DIRECTION required=0.0100 best=0.0000 free=0 refined=0 tubes=256 revoked_tubes=0 proofs=128
[depth_angular_controller-1] [INFO] [1790686902.809118514] [depth_angular_controller]: PAPER_EVIDENCE retained=32 balls=32 revoked_balls=0 expired_views=0 evicted_views=179 radius=0.580 clearance=0.000 best_prefix=0.000
[depth_angular_controller-1] [INFO] [1790686903.127342882] [depth_angular_controller]: COMPUTE_DEADLINE
[depth_angular_controller-1] [INFO] [1790686903.204769516] [depth_angular_controller]: NO_REGULAR_FIELD
[depth_angular_controller-1] [INFO] [1790686903.598031746] [depth_angular_controller]: COMPUTE_DEADLINE
[depth_angular_controller-1] [INFO] [1790686903.767559020] [depth_angular_controller]: PAPER_BUILD reason=NO_CERTIFIED_DIRECTION required=0.0100 best=0.0000 free=0 refined=0 tubes=256 revoked_tubes=0 proofs=128
[depth_angular_controller-1] [INFO] [1790686903.767604635] [depth_angular_controller]: PAPER_EVIDENCE retained=32 balls=32 revoked_balls=0 expired_views=0 evicted_views=179 radius=0.580 clearance=0.000 best_prefix=0.000
[depth_angular_controller-1] [INFO] [1790686903.843585215] [depth_angular_controller]: NO_REGULAR_FIELD
[depth_angular_controller-1] [INFO] [1790686904.080397321] [depth_angular_controller]: COMPUTE_DEADLINE
[depth_angular_controller-1] [INFO] [1790686904.238343833] [depth_angular_controller]: NO_REGULAR_FIELD
[depth_angular_controller-1] [INFO] [1790686904.558292578] [depth_angular_controller]: COMPUTE_DEADLINE
[depth_angular_controller-1] [INFO] [1790686904.724350832] [depth_angular_controller]: PAPER_BUILD reason=NO_CERTIFIED_DIRECTION required=0.0100 best=0.0000 free=0 refined=0 tubes=256 revoked_tubes=0 proofs=128
[depth_angular_controller-1] [INFO] [1790686904.724392109] [depth_angular_controller]: PAPER_EVIDENCE retained=32 balls=32 revoked_balls=0 expired_views=0 evicted_views=179 radius=0.580 clearance=0.000 best_prefix=0.000
[depth_angular_controller-1] [INFO] [1790686904.804114761] [depth_angular_controller]: NO_REGULAR_FIELD
[depth_angular_controller-1] [INFO] [1790686905.645986973] [depth_angular_controller]: COMPUTE_DEADLINE
[depth_angular_controller-1] [INFO] [1790686905.727986067] [depth_angular_controller]: PAPER_BUILD reason=NO_CERTIFIED_DIRECTION required=0.0100 best=0.0000 free=0 refined=0 tubes=256 revoked_tubes=0 proofs=128
[depth_angular_controller-1] [INFO] [1790686905.728031562] [depth_angular_controller]: PAPER_EVIDENCE retained=32 balls=32 revoked_balls=0 expired_views=0 evicted_views=179 radius=0.580 clearance=0.000 best_prefix=0.000
[depth_angular_controller-1] [INFO] [1790686905.890610738] [depth_angular_controller]: NO_REGULAR_FIELD
[depth_angular_controller-1] [INFO] [1790686906.052311304] [depth_angular_controller]: COMPUTE_DEADLINE
[depth_angular_controller-1] [INFO] [1790686906.130770726] [depth_angular_controller]: NO_REGULAR_FIELD
[depth_angular_controller-1] [INFO] [1790686906.658136886] [depth_angular_controller]: COMPUTE_DEADLINE
[depth_angular_controller-1] [INFO] [1790686906.738327046] [depth_angular_controller]: PAPER_BUILD reason=NO_CERTIFIED_DIRECTION required=0.0100 best=0.0000 free=0 refined=0 tubes=256 revoked_tubes=0 proofs=128
[depth_angular_controller-1] [INFO] [1790686906.738365718] [depth_angular_controller]: PAPER_EVIDENCE retained=32 balls=32 revoked_balls=0 expired_views=0 evicted_views=179 radius=0.580 clearance=0.000 best_prefix=0.000
[depth_angular_controller-1] [INFO] [1790686906.818342147] [depth_angular_controller]: NO_REGULAR_FIELD
[depth_angular_controller-1] [INFO] [1790686907.134502342] [depth_angular_controller]: COMPUTE_DEADLINE
[position_cmd_to_twist-2] [INFO] [1790686907.177231665] [position_cmd_to_twist]: [PERF BRIDGE] run=iteration15_ego1p1_1 elapsed=138.44s received=3584 published=3584 fps(ros/wall)=29.91/28.66 controller_to_bridge_ms(mean/p50/p95/max)=19.420/0.000/83.333/100.000 bridge_process_ms(mean/p95/max)=0.108/0.139/1.663
[depth_angular_controller-1] [INFO] [1790686907.212840476] [depth_angular_controller]: NO_REGULAR_FIELD
[NAV] t=120.0s position=(29.41,8.90,4.55) yaw=3.8deg command=(0.00,0.00,0.00) manual_active=1 collision_blocks=0
[depth_angular_controller-1] [INFO] [1790686907.678196913] [depth_angular_controller]: PAPER_BUILD reason=NO_CERTIFIED_DIRECTION required=0.0100 best=0.0000 free=0 refined=0 tubes=256 revoked_tubes=0 proofs=128
[depth_angular_controller-1] [INFO] [1790686907.678233081] [depth_angular_controller]: PAPER_EVIDENCE retained=32 balls=32 revoked_balls=0 expired_views=0 evicted_views=179 radius=0.580 clearance=0.000 best_prefix=0.000
[depth_angular_controller-1] [INFO] [1790686907.759638581] [depth_angular_controller]: COMPUTE_DEADLINE
[depth_angular_controller-1] [INFO] [1790686907.841295774] [depth_angular_controller]: [PERF CTRL] run=iteration15_ego1p1_1 elapsed=139.22s callbacks=3593 commands=3593 guidance=3492 command_fps(ros/wall)=29.79/28.57 guidance_wall_fps=28.29 avoid_ms(mean/p50/p95/max)=16.818/1.301/69.290/99.614 cycle_ms(mean/p95/max)=35.003/81.600/390.268 depth_to_cmd_ms(mean/p95/max)=29.043/33.333/50.000 callback_to_publish_ms(mean/p95/max)=26.418/81.005/111.078
[depth_angular_controller-1] [INFO] [1790686907.917293085] [depth_angular_controller]: NO_REGULAR_FIELD
[depth_angular_controller-1] [INFO] [1790686908.076385658] [depth_angular_controller]: COMPUTE_DEADLINE
[depth_angular_controller-1] [INFO] [1790686908.239414667] [depth_angular_controller]: NO_REGULAR_FIELD
[depth_angular_controller-1] [INFO] [1790686908.554928249] [depth_angular_controller]: COMPUTE_DEADLINE
[depth_angular_controller-1] [INFO] [1790686908.618740595] [depth_angular_controller]: NO_REGULAR_FIELD
[depth_angular_controller-1] [INFO] [1790686908.618770892] [depth_angular_controller]: PAPER_BUILD reason=NO_CERTIFIED_DIRECTION required=0.0100 best=0.0000 free=0 refined=0 tubes=256 revoked_tubes=0 proofs=128
[depth_angular_controller-1] [INFO] [1790686908.618779919] [depth_angular_controller]: PAPER_EVIDENCE retained=32 balls=32 revoked_balls=0 expired_views=0 evicted_views=179 radius=0.580 clearance=0.000 best_prefix=0.000
[depth_angular_controller-1] [INFO] [1790686909.400396278] [depth_angular_controller]: COMPUTE_DEADLINE
[depth_angular_controller-1] [INFO] [1790686909.477077253] [depth_angular_controller]: NO_REGULAR_FIELD
[depth_angular_controller-1] [INFO] [1790686909.552884938] [depth_angular_controller]: PAPER_BUILD reason=NO_CERTIFIED_DIRECTION required=0.0100 best=0.0000 free=0 refined=0 tubes=256 revoked_tubes=0 proofs=128
[depth_angular_controller-1] [INFO] [1790686909.552926717] [depth_angular_controller]: PAPER_EVIDENCE retained=32 balls=32 revoked_balls=0 expired_views=0 evicted_views=179 radius=0.580 clearance=0.000 best_prefix=0.000
[depth_angular_controller-1] [INFO] [1790686909.714898302] [depth_angular_controller]: COMPUTE_DEADLINE
[depth_angular_controller-1] [INFO] [1790686909.875954028] [depth_angular_controller]: NO_REGULAR_FIELD
[depth_angular_controller-1] [INFO] [1790686910.611236070] [depth_angular_controller]: PAPER_BUILD reason=NO_CERTIFIED_DIRECTION required=0.0100 best=0.0000 free=0 refined=0 tubes=256 revoked_tubes=0 proofs=128
[depth_angular_controller-1] [INFO] [1790686910.611276335] [depth_angular_controller]: PAPER_EVIDENCE retained=32 balls=32 revoked_balls=0 expired_views=0 evicted_views=179 radius=0.580 clearance=0.000 best_prefix=0.000
[depth_angular_controller-1] [INFO] [1790686910.695673149] [depth_angular_controller]: COMPUTE_DEADLINE
[depth_angular_controller-1] [INFO] [1790686910.856133428] [depth_angular_controller]: NO_REGULAR_FIELD
[depth_angular_controller-1] [INFO] [1790686911.171163713] [depth_angular_controller]: COMPUTE_DEADLINE
[depth_angular_controller-1] [INFO] [1790686911.251146663] [depth_angular_controller]: NO_REGULAR_FIELD
[depth_angular_controller-1] [INFO] [1790686911.332390190] [depth_angular_controller]: COMPUTE_DEADLINE
[depth_angular_controller-1] [INFO] [1790686911.491382474] [depth_angular_controller]: NO_REGULAR_FIELD
[depth_angular_controller-1] [INFO] [1790686911.571807264] [depth_angular_controller]: COMPUTE_DEADLINE
[depth_angular_controller-1] [INFO] [1790686911.571841077] [depth_angular_controller]: PAPER_BUILD reason=NO_CERTIFIED_DIRECTION required=0.0100 best=0.0000 free=0 refined=0 tubes=256 revoked_tubes=0 proofs=128
[depth_angular_controller-1] [INFO] [1790686911.571852008] [depth_angular_controller]: PAPER_EVIDENCE retained=32 balls=32 revoked_balls=0 expired_views=0 evicted_views=179 radius=0.580 clearance=0.000 best_prefix=0.000
[depth_angular_controller-1] [INFO] [1790686911.650019913] [depth_angular_controller]: NO_REGULAR_FIELD
[depth_angular_controller-1] [INFO] [1790686911.732740220] [depth_angular_controller]: COMPUTE_DEADLINE
[position_cmd_to_twist-2] [INFO] [1790686911.850037182] [position_cmd_to_twist]: [PERF BRIDGE] run=iteration15_ego1p1_1 elapsed=143.12s received=3644 published=3644 fps(ros/wall)=29.19/28.09 controller_to_bridge_ms(mean/p50/p95/max)=20.472/0.000/100.000/100.000 bridge_process_ms(mean/p95/max)=0.108/0.140/1.663
[depth_angular_controller-1] [INFO] [1790686911.895390569] [depth_angular_controller]: NO_REGULAR_FIELD
[NAV] t=125.0s position=(29.41,8.90,4.55) yaw=3.8deg command=(0.00,0.00,0.00) manual_active=1 collision_blocks=0
[depth_angular_controller-1] [INFO] [1790686912.056847017] [depth_angular_controller]: COMPUTE_DEADLINE
[depth_angular_controller-1] [INFO] [1790686912.133916010] [depth_angular_controller]: NO_REGULAR_FIELD
[depth_angular_controller-1] [INFO] [1790686912.587747149] [depth_angular_controller]: COMPUTE_DEADLINE
[depth_angular_controller-1] [INFO] [1790686912.587781313] [depth_angular_controller]: PAPER_BUILD reason=NO_CERTIFIED_DIRECTION required=0.0100 best=0.0000 free=0 refined=0 tubes=256 revoked_tubes=0 proofs=128
[depth_angular_controller-1] [INFO] [1790686912.587791122] [depth_angular_controller]: PAPER_EVIDENCE retained=32 balls=32 revoked_balls=0 expired_views=0 evicted_views=179 radius=0.580 clearance=0.000 best_prefix=0.000
[depth_angular_controller-1] [INFO] [1790686912.665186316] [depth_angular_controller]: NO_REGULAR_FIELD
[depth_angular_controller-1] [INFO] [1790686912.748492533] [depth_angular_controller]: COMPUTE_DEADLINE
[depth_angular_controller-1] [INFO] [1790686912.916460080] [depth_angular_controller]: [PERF CTRL] run=iteration15_ego1p1_1 elapsed=144.29s callbacks=3658 commands=3658 guidance=3557 command_fps(ros/wall)=29.04/27.96 guidance_wall_fps=27.68 avoid_ms(mean/p50/p95/max)=17.725/1.322/69.412/99.614 cycle_ms(mean/p95/max)=35.769/81.792/390.268 depth_to_cmd_ms(mean/p95/max)=28.845/33.333/50.000 callback_to_publish_ms(mean/p95/max)=27.330/81.185/111.078
[depth_angular_controller-1] [INFO] [1790686912.992464244] [depth_angular_controller]: NO_REGULAR_FIELD
[depth_angular_controller-1] [INFO] [1790686913.073730032] [depth_angular_controller]: COMPUTE_DEADLINE
[depth_angular_controller-1] [INFO] [1790686913.316672412] [depth_angular_controller]: NO_REGULAR_FIELD
[depth_angular_controller-1] [INFO] [1790686913.553305191] [depth_angular_controller]: COMPUTE_DEADLINE
[depth_angular_controller-1] [INFO] [1790686913.553345527] [depth_angular_controller]: PAPER_BUILD reason=NO_CERTIFIED_DIRECTION required=0.0100 best=0.0000 free=0 refined=0 tubes=256 revoked_tubes=0 proofs=128
[depth_angular_controller-1] [INFO] [1790686913.553356458] [depth_angular_controller]: PAPER_EVIDENCE retained=32 balls=32 revoked_balls=0 expired_views=0 evicted_views=179 radius=0.580 clearance=0.000 best_prefix=0.000
[depth_angular_controller-1] [INFO] [1790686913.633468100] [depth_angular_controller]: NO_REGULAR_FIELD
[depth_angular_controller-1] [INFO] [1790686913.794281552] [depth_angular_controller]: COMPUTE_DEADLINE
[depth_angular_controller-1] [INFO] [1790686914.031743787] [depth_angular_controller]: NO_REGULAR_FIELD
[depth_angular_controller-1] [INFO] [1790686914.116550520] [depth_angular_controller]: COMPUTE_DEADLINE
[depth_angular_controller-1] [INFO] [1790686914.188315670] [depth_angular_controller]: NO_REGULAR_FIELD
[depth_angular_controller-1] [INFO] [1790686914.563842338] [depth_angular_controller]: COMPUTE_DEADLINE
[depth_angular_controller-1] [INFO] [1790686914.563877344] [depth_angular_controller]: PAPER_BUILD reason=NO_CERTIFIED_DIRECTION required=0.0100 best=0.0000 free=0 refined=0 tubes=256 revoked_tubes=0 proofs=128
[depth_angular_controller-1] [INFO] [1790686914.563885970] [depth_angular_controller]: PAPER_EVIDENCE retained=32 balls=32 revoked_balls=0 expired_views=0 evicted_views=179 radius=0.580 clearance=0.000 best_prefix=0.000
[depth_angular_controller-1] [INFO] [1790686914.634846400] [depth_angular_controller]: NO_REGULAR_FIELD
[depth_angular_controller-1] [INFO] [1790686914.856011303] [depth_angular_controller]: COMPUTE_DEADLINE
[depth_angular_controller-1] [INFO] [1790686914.935210313] [depth_angular_controller]: NO_REGULAR_FIELD
[depth_angular_controller-1] [INFO] [1790686915.094660466] [depth_angular_controller]: COMPUTE_DEADLINE
[depth_angular_controller-1] [INFO] [1790686915.254712499] [depth_angular_controller]: NO_REGULAR_FIELD
[depth_angular_controller-1] [INFO] [1790686915.574001686] [depth_angular_controller]: COMPUTE_DEADLINE
[depth_angular_controller-1] [INFO] [1790686915.574033586] [depth_angular_controller]: PAPER_BUILD reason=NO_CERTIFIED_DIRECTION required=0.0100 best=0.0000 free=0 refined=0 tubes=256 revoked_tubes=0 proofs=128
[depth_angular_controller-1] [INFO] [1790686915.574042393] [depth_angular_controller]: PAPER_EVIDENCE retained=32 balls=32 revoked_balls=0 expired_views=0 evicted_views=179 radius=0.580 clearance=0.000 best_prefix=0.000
[depth_angular_controller-1] [INFO] [1790686915.654421026] [depth_angular_controller]: NO_REGULAR_FIELD
[depth_angular_controller-1] [INFO] [1790686915.736201981] [depth_angular_controller]: COMPUTE_DEADLINE
[depth_angular_controller-1] [INFO] [1790686915.813481328] [depth_angular_controller]: NO_REGULAR_FIELD
[depth_angular_controller-1] [INFO] [1790686915.894635266] [depth_angular_controller]: COMPUTE_DEADLINE
[depth_angular_controller-1] [INFO] [1790686915.961062028] [depth_angular_controller]: NO_REGULAR_FIELD
[depth_angular_controller-1] [INFO] [1790686916.475606398] [depth_angular_controller]: COMPUTE_DEADLINE
[depth_angular_controller-1] [INFO] [1790686916.555312469] [depth_angular_controller]: NO_REGULAR_FIELD
[depth_angular_controller-1] [INFO] [1790686916.638637682] [depth_angular_controller]: COMPUTE_DEADLINE
[depth_angular_controller-1] [INFO] [1790686916.638673980] [depth_angular_controller]: PAPER_BUILD reason=NO_CERTIFIED_DIRECTION required=0.0100 best=0.0000 free=0 refined=0 tubes=256 revoked_tubes=0 proofs=128
[depth_angular_controller-1] [INFO] [1790686916.638683658] [depth_angular_controller]: PAPER_EVIDENCE retained=32 balls=32 revoked_balls=0 expired_views=0 evicted_views=179 radius=0.580 clearance=0.000 best_prefix=0.000
[position_cmd_to_twist-2] [INFO] [1790686916.652191937] [position_cmd_to_twist]: [PERF BRIDGE] run=iteration15_ego1p1_1 elapsed=147.92s received=3706 published=3705 fps(ros/wall)=28.54/27.53 controller_to_bridge_ms(mean/p50/p95/max)=21.501/0.000/100.000/100.000 bridge_process_ms(mean/p95/max)=0.108/0.140/1.663
[depth_angular_controller-1] [INFO] [1790686916.715035104] [depth_angular_controller]: NO_REGULAR_FIELD
[NAV] t=130.0s position=(29.41,8.90,4.55) yaw=3.8deg command=(0.00,0.00,0.00) manual_active=1 collision_blocks=0
[depth_angular_controller-1] [INFO] [1790686916.795676931] [depth_angular_controller]: COMPUTE_DEADLINE
[depth_angular_controller-1] [INFO] [1790686917.041799568] [depth_angular_controller]: NO_REGULAR_FIELD
[depth_angular_controller-1] [INFO] [1790686917.122217816] [depth_angular_controller]: COMPUTE_DEADLINE
[depth_angular_controller-1] [INFO] [1790686917.276116943] [depth_angular_controller]: NO_REGULAR_FIELD
[depth_angular_controller-1] [INFO] [1790686917.652404920] [depth_angular_controller]: PAPER_BUILD reason=NO_CERTIFIED_DIRECTION required=0.0100 best=0.0000 free=0 refined=0 tubes=256 revoked_tubes=0 proofs=128
[depth_angular_controller-1] [INFO] [1790686917.652443091] [depth_angular_controller]: PAPER_EVIDENCE retained=32 balls=32 revoked_balls=0 expired_views=0 evicted_views=179 radius=0.580 clearance=0.000 best_prefix=0.000
[depth_angular_controller-1] [INFO] [1790686917.816704744] [depth_angular_controller]: COMPUTE_DEADLINE
[depth_angular_controller-1] [INFO] [1790686917.895903934] [depth_angular_controller]: NO_REGULAR_FIELD
[depth_angular_controller-1] [INFO] [1790686917.980303392] [depth_angular_controller]: [PERF CTRL] run=iteration15_ego1p1_1 elapsed=149.36s callbacks=3723 commands=3723 guidance=3622 command_fps(ros/wall)=28.36/27.39 guidance_wall_fps=27.11 avoid_ms(mean/p50/p95/max)=18.597/1.355/69.455/99.614 cycle_ms(mean/p95/max)=36.505/81.931/390.268 depth_to_cmd_ms(mean/p95/max)=28.654/33.333/50.000 callback_to_publish_ms(mean/p95/max)=28.208/81.302/111.078
[depth_angular_controller-1] [INFO] [1790686917.980364357] [depth_angular_controller]: COMPUTE_DEADLINE
[depth_angular_controller-1] [INFO] [1790686918.057167821] [depth_angular_controller]: NO_REGULAR_FIELD
[depth_angular_controller-1] [INFO] [1790686918.217276140] [depth_angular_controller]: COMPUTE_DEADLINE
[depth_angular_controller-1] [INFO] [1790686918.281220083] [depth_angular_controller]: NO_REGULAR_FIELD
[depth_angular_controller-1] [INFO] [1790686918.614012829] [depth_angular_controller]: PAPER_BUILD reason=NO_CERTIFIED_DIRECTION required=0.0100 best=0.0000 free=0 refined=0 tubes=256 revoked_tubes=0 proofs=128
[depth_angular_controller-1] [INFO] [1790686918.614055349] [depth_angular_controller]: PAPER_EVIDENCE retained=32 balls=32 revoked_balls=0 expired_views=0 evicted_views=179 radius=0.580 clearance=0.000 best_prefix=0.000
[depth_angular_controller-1] [INFO] [1790686918.852069210] [depth_angular_controller]: COMPUTE_DEADLINE
[depth_angular_controller-1] [INFO] [1790686919.012639355] [depth_angular_controller]: NO_REGULAR_FIELD
[depth_angular_controller-1] [INFO] [1790686919.669588964] [depth_angular_controller]: PAPER_BUILD reason=NO_CERTIFIED_DIRECTION required=0.0100 best=0.0000 free=0 refined=0 tubes=256 revoked_tubes=0 proofs=128
[depth_angular_controller-1] [INFO] [1790686919.669632024] [depth_angular_controller]: PAPER_EVIDENCE retained=32 balls=32 revoked_balls=0 expired_views=0 evicted_views=179 radius=0.580 clearance=0.000 best_prefix=0.000
[depth_angular_controller-1] [INFO] [1790686919.750466733] [depth_angular_controller]: COMPUTE_DEADLINE
[depth_angular_controller-1] [INFO] [1790686919.831135501] [depth_angular_controller]: NO_REGULAR_FIELD
[depth_angular_controller-1] [INFO] [1790686919.916234041] [depth_angular_controller]: COMPUTE_DEADLINE
[depth_angular_controller-1] [INFO] [1790686919.994611018] [depth_angular_controller]: NO_REGULAR_FIELD
[depth_angular_controller-1] [INFO] [1790686920.678952608] [depth_angular_controller]: PAPER_BUILD reason=NO_CERTIFIED_DIRECTION required=0.0100 best=0.0000 free=0 refined=0 tubes=256 revoked_tubes=0 proofs=128
[depth_angular_controller-1] [INFO] [1790686920.679425195] [depth_angular_controller]: PAPER_EVIDENCE retained=32 balls=32 revoked_balls=0 expired_views=0 evicted_views=179 radius=0.580 clearance=0.000 best_prefix=0.000
[depth_angular_controller-1] [INFO] [1790686920.923276049] [depth_angular_controller]: COMPUTE_DEADLINE
[depth_angular_controller-1] [INFO] [1790686921.002907070] [depth_angular_controller]: NO_REGULAR_FIELD
[depth_angular_controller-1] [INFO] [1790686921.527369241] [depth_angular_controller]: COMPUTE_DEADLINE
[position_cmd_to_twist-2] [INFO] [1790686921.539822289] [position_cmd_to_twist]: [PERF BRIDGE] run=iteration15_ego1p1_1 elapsed=152.81s received=3769 published=3768 fps(ros/wall)=27.95/27.02 controller_to_bridge_ms(mean/p50/p95/max)=22.468/0.000/100.000/100.000 bridge_process_ms(mean/p95/max)=0.108/0.139/1.663
[NAV] t=135.0s position=(29.41,8.90,4.55) yaw=3.8deg command=(0.00,0.00,0.00) manual_active=1 collision_blocks=0
[depth_angular_controller-1] [INFO] [1790686921.692409264] [depth_angular_controller]: NO_REGULAR_FIELD
[depth_angular_controller-1] [INFO] [1790686921.692445291] [depth_angular_controller]: PAPER_BUILD reason=NO_CERTIFIED_DIRECTION required=0.0100 best=0.0000 free=0 refined=0 tubes=256 revoked_tubes=0 proofs=128
[depth_angular_controller-1] [INFO] [1790686921.692457564] [depth_angular_controller]: PAPER_EVIDENCE retained=32 balls=32 revoked_balls=0 expired_views=0 evicted_views=179 radius=0.580 clearance=0.000 best_prefix=0.000
[depth_angular_controller-1] [INFO] [1790686921.850007152] [depth_angular_controller]: COMPUTE_DEADLINE
[depth_angular_controller-1] [INFO] [1790686922.090712904] [depth_angular_controller]: NO_REGULAR_FIELD
[depth_angular_controller-1] [INFO] [1790686922.328030789] [depth_angular_controller]: COMPUTE_DEADLINE
[depth_angular_controller-1] [INFO] [1790686922.399809895] [depth_angular_controller]: NO_REGULAR_FIELD
[depth_angular_controller-1] [INFO] [1790686922.749925749] [depth_angular_controller]: PAPER_BUILD reason=NO_CERTIFIED_DIRECTION required=0.0100 best=0.0000 free=0 refined=0 tubes=256 revoked_tubes=0 proofs=128
[depth_angular_controller-1] [INFO] [1790686922.749964943] [depth_angular_controller]: PAPER_EVIDENCE retained=32 balls=32 revoked_balls=0 expired_views=0 evicted_views=179 radius=0.580 clearance=0.000 best_prefix=0.000
[depth_angular_controller-1] [INFO] [1790686922.908885643] [depth_angular_controller]: COMPUTE_DEADLINE
[depth_angular_controller-1] [INFO] [1790686922.989008827] [depth_angular_controller]: [PERF CTRL] run=iteration15_ego1p1_1 elapsed=154.37s callbacks=3788 commands=3788 guidance=3687 command_fps(ros/wall)=27.78/26.88 guidance_wall_fps=26.60 avoid_ms(mean/p50/p95/max)=19.419/1.398/69.497/99.614 cycle_ms(mean/p95/max)=37.201/81.971/390.268 depth_to_cmd_ms(mean/p95/max)=28.483/33.333/50.000 callback_to_publish_ms(mean/p95/max)=29.034/81.329/111.078
[depth_angular_controller-1] [INFO] [1790686922.989078437] [depth_angular_controller]: NO_REGULAR_FIELD
[depth_angular_controller-1] [INFO] [1790686923.306184087] [depth_angular_controller]: COMPUTE_DEADLINE
[depth_angular_controller-1] [INFO] [1790686923.384473469] [depth_angular_controller]: NO_REGULAR_FIELD
[depth_angular_controller-1] [INFO] [1790686923.751650850] [depth_angular_controller]: PAPER_BUILD reason=NO_CERTIFIED_DIRECTION required=0.0100 best=0.0000 free=0 refined=0 tubes=256 revoked_tubes=0 proofs=128
[depth_angular_controller-1] [INFO] [1790686923.751690775] [depth_angular_controller]: PAPER_EVIDENCE retained=32 balls=32 revoked_balls=0 expired_views=0 evicted_views=179 radius=0.580 clearance=0.000 best_prefix=0.000
[depth_angular_controller-1] [INFO] [1790686923.982413714] [depth_angular_controller]: COMPUTE_DEADLINE
[depth_angular_controller-1] [INFO] [1790686924.059466246] [depth_angular_controller]: NO_REGULAR_FIELD
[depth_angular_controller-1] [INFO] [1790686924.139797460] [depth_angular_controller]: COMPUTE_DEADLINE
[depth_angular_controller-1] [INFO] [1790686924.216168042] [depth_angular_controller]: NO_REGULAR_FIELD
[depth_angular_controller-1] [INFO] [1790686924.740560572] [depth_angular_controller]: PAPER_BUILD reason=NO_CERTIFIED_DIRECTION required=0.0100 best=0.0000 free=0 refined=0 tubes=256 revoked_tubes=0 proofs=128
[depth_angular_controller-1] [INFO] [1790686924.740602281] [depth_angular_controller]: PAPER_EVIDENCE retained=32 balls=32 revoked_balls=0 expired_views=0 evicted_views=179 radius=0.580 clearance=0.000 best_prefix=0.000
[depth_angular_controller-1] [INFO] [1790686924.824705794] [depth_angular_controller]: COMPUTE_DEADLINE
[depth_angular_controller-1] [INFO] [1790686925.066264737] [depth_angular_controller]: NO_REGULAR_FIELD
[depth_angular_controller-1] [INFO] [1790686925.540134570] [depth_angular_controller]: COMPUTE_DEADLINE
[depth_angular_controller-1] [INFO] [1790686925.701514234] [depth_angular_controller]: NO_REGULAR_FIELD
[depth_angular_controller-1] [INFO] [1790686925.701548238] [depth_angular_controller]: PAPER_BUILD reason=NO_CERTIFIED_DIRECTION required=0.0100 best=0.0000 free=0 refined=0 tubes=256 revoked_tubes=0 proofs=128
[depth_angular_controller-1] [INFO] [1790686925.701559158] [depth_angular_controller]: PAPER_EVIDENCE retained=32 balls=32 revoked_balls=0 expired_views=0 evicted_views=179 radius=0.580 clearance=0.000 best_prefix=0.000
[depth_angular_controller-1] [INFO] [1790686925.782569727] [depth_angular_controller]: COMPUTE_DEADLINE
[depth_angular_controller-1] [INFO] [1790686925.932687909] [depth_angular_controller]: NO_REGULAR_FIELD
[depth_angular_controller-1] [INFO] [1790686926.440841426] [depth_angular_controller]: COMPUTE_DEADLINE
[position_cmd_to_twist-2] [INFO] [1790686926.486678581] [position_cmd_to_twist]: [PERF BRIDGE] run=iteration15_ego1p1_1 elapsed=157.76s received=3833 published=3832 fps(ros/wall)=27.41/26.54 controller_to_bridge_ms(mean/p50/p95/max)=23.393/0.000/100.000/100.000 bridge_process_ms(mean/p95/max)=0.108/0.139/1.663
[depth_angular_controller-1] [INFO] [1790686926.520552236] [depth_angular_controller]: NO_REGULAR_FIELD
[NAV] t=140.0s position=(29.41,8.90,4.55) yaw=3.8deg command=(0.00,0.00,0.00) manual_active=1 collision_blocks=0
[depth_angular_controller-1] [INFO] [1790686926.602799356] [depth_angular_controller]: COMPUTE_DEADLINE
[depth_angular_controller-1] [INFO] [1790686926.681765138] [depth_angular_controller]: NO_REGULAR_FIELD
[depth_angular_controller-1] [INFO] [1790686926.758559084] [depth_angular_controller]: PAPER_BUILD reason=NO_CERTIFIED_DIRECTION required=0.0100 best=0.0000 free=0 refined=0 tubes=256 revoked_tubes=0 proofs=128
[depth_angular_controller-1] [INFO] [1790686926.758593499] [depth_angular_controller]: PAPER_EVIDENCE retained=32 balls=32 revoked_balls=0 expired_views=0 evicted_views=179 radius=0.580 clearance=0.000 best_prefix=0.000
[depth_angular_controller-1] [INFO] [1790686926.839810676] [depth_angular_controller]: COMPUTE_DEADLINE
[depth_angular_controller-1] [INFO] [1790686927.002156343] [depth_angular_controller]: NO_REGULAR_FIELD
[depth_angular_controller-1] [INFO] [1790686927.534326007] [depth_angular_controller]: COMPUTE_DEADLINE
[depth_angular_controller-1] [INFO] [1790686927.775389922] [depth_angular_controller]: NO_REGULAR_FIELD
[depth_angular_controller-1] [INFO] [1790686927.775427793] [depth_angular_controller]: PAPER_BUILD reason=NO_CERTIFIED_DIRECTION required=0.0100 best=0.0000 free=0 refined=0 tubes=256 revoked_tubes=0 proofs=128
[depth_angular_controller-1] [INFO] [1790686927.775438453] [depth_angular_controller]: PAPER_EVIDENCE retained=32 balls=32 revoked_balls=0 expired_views=0 evicted_views=179 radius=0.580 clearance=0.000 best_prefix=0.000
[depth_angular_controller-1] [INFO] [1790686927.856200646] [depth_angular_controller]: COMPUTE_DEADLINE
[depth_angular_controller-1] [INFO] [1790686928.026188934] [depth_angular_controller]: [PERF CTRL] run=iteration15_ego1p1_1 elapsed=159.40s callbacks=3853 commands=3853 guidance=3752 command_fps(ros/wall)=27.23/26.40 guidance_wall_fps=26.12 avoid_ms(mean/p50/p95/max)=20.224/1.441/69.586/99.614 cycle_ms(mean/p95/max)=37.881/82.003/390.268 depth_to_cmd_ms(mean/p95/max)=28.327/33.333/50.000 callback_to_publish_ms(mean/p95/max)=29.844/81.382/111.078
[depth_angular_controller-1] [INFO] [1790686928.103803841] [depth_angular_controller]: NO_REGULAR_FIELD
[depth_angular_controller-1] [INFO] [1790686928.344562854] [depth_angular_controller]: COMPUTE_DEADLINE
[depth_angular_controller-1] [INFO] [1790686928.424880292] [depth_angular_controller]: NO_REGULAR_FIELD
[depth_angular_controller-1] [INFO] [1790686928.581816709] [depth_angular_controller]: COMPUTE_DEADLINE
[depth_angular_controller-1] [INFO] [1790686928.767304653] [depth_angular_controller]: PAPER_BUILD reason=NO_CERTIFIED_DIRECTION required=0.0100 best=0.0000 free=0 refined=0 tubes=256 revoked_tubes=0 proofs=128
[depth_angular_controller-1] [INFO] [1790686928.767356460] [depth_angular_controller]: PAPER_EVIDENCE retained=32 balls=32 revoked_balls=0 expired_views=0 evicted_views=179 radius=0.580 clearance=0.000 best_prefix=0.000
[depth_angular_controller-1] [INFO] [1790686928.845264427] [depth_angular_controller]: NO_REGULAR_FIELD
[depth_angular_controller-1] [INFO] [1790686929.009922754] [depth_angular_controller]: COMPUTE_DEADLINE
[depth_angular_controller-1] [INFO] [1790686929.083155067] [depth_angular_controller]: NO_REGULAR_FIELD
[depth_angular_controller-1] [INFO] [1790686929.379805742] [depth_angular_controller]: COMPUTE_DEADLINE
[depth_angular_controller-1] [INFO] [1790686929.460159739] [depth_angular_controller]: NO_REGULAR_FIELD
[depth_angular_controller-1] [INFO] [1790686929.697735598] [depth_angular_controller]: COMPUTE_DEADLINE
[depth_angular_controller-1] [INFO] [1790686929.774752553] [depth_angular_controller]: NO_REGULAR_FIELD
[depth_angular_controller-1] [INFO] [1790686929.774788059] [depth_angular_controller]: PAPER_BUILD reason=NO_CERTIFIED_DIRECTION required=0.0100 best=0.0000 free=0 refined=0 tubes=256 revoked_tubes=0 proofs=128
[depth_angular_controller-1] [INFO] [1790686929.774796305] [depth_angular_controller]: PAPER_EVIDENCE retained=32 balls=32 revoked_balls=0 expired_views=0 evicted_views=179 radius=0.580 clearance=0.000 best_prefix=0.000
[depth_angular_controller-1] [INFO] [1790686929.935168419] [depth_angular_controller]: COMPUTE_DEADLINE
[depth_angular_controller-1] [INFO] [1790686930.180831173] [depth_angular_controller]: NO_REGULAR_FIELD
[depth_angular_controller-1] [INFO] [1790686930.504530856] [depth_angular_controller]: COMPUTE_DEADLINE
[depth_angular_controller-1] [INFO] [1790686930.582390042] [depth_angular_controller]: NO_REGULAR_FIELD
[depth_angular_controller-1] [INFO] [1790686930.666454011] [depth_angular_controller]: COMPUTE_DEADLINE
[depth_angular_controller-1] [INFO] [1790686930.666489247] [depth_angular_controller]: PAPER_BUILD reason=NO_CERTIFIED_DIRECTION required=0.0100 best=0.0000 free=0 refined=0 tubes=256 revoked_tubes=0 proofs=128
[depth_angular_controller-1] [INFO] [1790686930.666500087] [depth_angular_controller]: PAPER_EVIDENCE retained=32 balls=32 revoked_balls=0 expired_views=0 evicted_views=179 radius=0.580 clearance=0.000 best_prefix=0.000
[depth_angular_controller-1] [INFO] [1790686930.809876468] [depth_angular_controller]: NO_REGULAR_FIELD
[depth_angular_controller-1] [INFO] [1790686931.040497085] [depth_angular_controller]: COMPUTE_DEADLINE
[position_cmd_to_twist-2] [INFO] [1790686931.185226404] [position_cmd_to_twist]: [PERF BRIDGE] run=iteration15_ego1p1_1 elapsed=162.45s received=3892 published=3891 fps(ros/wall)=26.88/26.10 controller_to_bridge_ms(mean/p50/p95/max)=24.306/0.000/100.000/100.000 bridge_process_ms(mean/p95/max)=0.108/0.139/1.663
[depth_angular_controller-1] [INFO] [1790686931.202498216] [depth_angular_controller]: NO_REGULAR_FIELD
[NAV] t=145.0s position=(29.41,8.90,4.55) yaw=3.8deg command=(0.00,0.00,0.00) manual_active=1 collision_blocks=0
[depth_angular_controller-1] [INFO] [1790686931.671827688] [depth_angular_controller]: PAPER_BUILD reason=NO_CERTIFIED_DIRECTION required=0.0100 best=0.0000 free=0 refined=0 tubes=256 revoked_tubes=0 proofs=128
[depth_angular_controller-1] [INFO] [1790686931.672331023] [depth_angular_controller]: PAPER_EVIDENCE retained=32 balls=32 revoked_balls=0 expired_views=0 evicted_views=179 radius=0.580 clearance=0.000 best_prefix=0.000
[depth_angular_controller-1] [INFO] [1790686932.077222756] [depth_angular_controller]: COMPUTE_DEADLINE
[depth_angular_controller-1] [INFO] [1790686932.157257483] [depth_angular_controller]: NO_REGULAR_FIELD
[depth_angular_controller-1] [INFO] [1790686932.397751879] [depth_angular_controller]: COMPUTE_DEADLINE
[depth_angular_controller-1] [INFO] [1790686932.477592042] [depth_angular_controller]: NO_REGULAR_FIELD
[depth_angular_controller-1] [INFO] [1790686932.626287614] [depth_angular_controller]: PAPER_BUILD reason=NO_CERTIFIED_DIRECTION required=0.0100 best=0.0000 free=0 refined=0 tubes=256 revoked_tubes=0 proofs=128
[depth_angular_controller-1] [INFO] [1790686932.626323081] [depth_angular_controller]: PAPER_EVIDENCE retained=32 balls=32 revoked_balls=0 expired_views=0 evicted_views=179 radius=0.580 clearance=0.000 best_prefix=0.000
[depth_angular_controller-1] [INFO] [1790686933.001553052] [depth_angular_controller]: COMPUTE_DEADLINE
[depth_angular_controller-1] [INFO] [1790686933.083327625] [depth_angular_controller]: [PERF CTRL] run=iteration15_ego1p1_1 elapsed=164.46s callbacks=3917 commands=3917 guidance=3816 command_fps(ros/wall)=26.66/25.94 guidance_wall_fps=25.66 avoid_ms(mean/p50/p95/max)=21.014/1.482/69.616/99.614 cycle_ms(mean/p95/max)=38.553/82.074/390.268 depth_to_cmd_ms(mean/p95/max)=28.175/33.333/50.000 callback_to_publish_ms(mean/p95/max)=30.640/81.497/111.078
[depth_angular_controller-1] [INFO] [1790686933.162984995] [depth_angular_controller]: NO_REGULAR_FIELD
[depth_angular_controller-1] [INFO] [1790686933.482461814] [depth_angular_controller]: COMPUTE_DEADLINE
[depth_angular_controller-1] [INFO] [1790686933.559376787] [depth_angular_controller]: NO_REGULAR_FIELD
[depth_angular_controller-1] [INFO] [1790686933.559412965] [depth_angular_controller]: PAPER_BUILD reason=NO_CERTIFIED_DIRECTION required=0.0100 best=0.0000 free=0 refined=0 tubes=256 revoked_tubes=0 proofs=128
[depth_angular_controller-1] [INFO] [1790686933.559454583] [depth_angular_controller]: PAPER_EVIDENCE retained=32 balls=32 revoked_balls=0 expired_views=0 evicted_views=179 radius=0.580 clearance=0.000 best_prefix=0.000
[depth_angular_controller-1] [INFO] [1790686933.718694472] [depth_angular_controller]: COMPUTE_DEADLINE
[depth_angular_controller-1] [INFO] [1790686933.787873720] [depth_angular_controller]: NO_REGULAR_FIELD
[depth_angular_controller-1] [INFO] [1790686934.089730534] [depth_angular_controller]: COMPUTE_DEADLINE
[depth_angular_controller-1] [INFO] [1790686934.249768310] [depth_angular_controller]: NO_REGULAR_FIELD
[depth_angular_controller-1] [INFO] [1790686934.407226255] [depth_angular_controller]: COMPUTE_DEADLINE
[depth_angular_controller-1] [INFO] [1790686934.470796938] [depth_angular_controller]: NO_REGULAR_FIELD
[depth_angular_controller-1] [INFO] [1790686934.610662901] [depth_angular_controller]: PAPER_BUILD reason=NO_CERTIFIED_DIRECTION required=0.0100 best=0.0000 free=0 refined=0 tubes=256 revoked_tubes=0 proofs=128
[depth_angular_controller-1] [INFO] [1790686934.610706904] [depth_angular_controller]: PAPER_EVIDENCE retained=32 balls=32 revoked_balls=0 expired_views=0 evicted_views=179 radius=0.580 clearance=0.000 best_prefix=0.000
[depth_angular_controller-1] [INFO] [1790686934.906398449] [depth_angular_controller]: COMPUTE_DEADLINE
[depth_angular_controller-1] [INFO] [1790686934.977184381] [depth_angular_controller]: NO_REGULAR_FIELD
[depth_angular_controller-1] [INFO] [1790686935.271874036] [depth_angular_controller]: COMPUTE_DEADLINE
[depth_angular_controller-1] [INFO] [1790686935.349632833] [depth_angular_controller]: NO_REGULAR_FIELD
[depth_angular_controller-1] [INFO] [1790686935.436009853] [depth_angular_controller]: COMPUTE_DEADLINE
[depth_angular_controller-1] [INFO] [1790686935.514675872] [depth_angular_controller]: NO_REGULAR_FIELD
[depth_angular_controller-1] [INFO] [1790686935.674047989] [depth_angular_controller]: COMPUTE_DEADLINE
[depth_angular_controller-1] [INFO] [1790686935.674096069] [depth_angular_controller]: PAPER_BUILD reason=NO_CERTIFIED_DIRECTION required=0.0100 best=0.0000 free=0 refined=0 tubes=256 revoked_tubes=0 proofs=128
[depth_angular_controller-1] [INFO] [1790686935.674109575] [depth_angular_controller]: PAPER_EVIDENCE retained=32 balls=32 revoked_balls=0 expired_views=0 evicted_views=179 radius=0.580 clearance=0.000 best_prefix=0.000
[depth_angular_controller-1] [INFO] [1790686935.751290928] [depth_angular_controller]: NO_REGULAR_FIELD
[position_cmd_to_twist-2] [INFO] [1790686936.003420758] [position_cmd_to_twist]: [PERF BRIDGE] run=iteration15_ego1p1_1 elapsed=167.27s received=3955 published=3954 fps(ros/wall)=26.39/25.69 controller_to_bridge_ms(mean/p50/p95/max)=25.192/0.000/100.000/100.000 bridge_process_ms(mean/p95/max)=0.108/0.140/1.663
[NAV] t=150.0s position=(29.41,8.90,4.55) yaw=3.8deg command=(0.00,0.00,0.00) manual_active=1 collision_blocks=0
[depth_angular_controller-1] [INFO] [1790686936.153458910] [depth_angular_controller]: COMPUTE_DEADLINE
[depth_angular_controller-1] [INFO] [1790686936.233538552] [depth_angular_controller]: NO_REGULAR_FIELD
[depth_angular_controller-1] [INFO] [1790686936.315494114] [depth_angular_controller]: COMPUTE_DEADLINE
[depth_angular_controller-1] [INFO] [1790686936.387499635] [depth_angular_controller]: NO_REGULAR_FIELD
[depth_angular_controller-1] [INFO] [1790686936.690033510] [depth_angular_controller]: COMPUTE_DEADLINE
[depth_angular_controller-1] [INFO] [1790686936.690069317] [depth_angular_controller]: PAPER_BUILD reason=NO_CERTIFIED_DIRECTION required=0.0100 best=0.0000 free=0 refined=0 tubes=256 revoked_tubes=0 proofs=128
[depth_angular_controller-1] [INFO] [1790686936.690080829] [depth_angular_controller]: PAPER_EVIDENCE retained=32 balls=32 revoked_balls=0 expired_views=0 evicted_views=179 radius=0.580 clearance=0.000 best_prefix=0.000
[depth_angular_controller-1] [INFO] [1790686936.766374026] [depth_angular_controller]: NO_REGULAR_FIELD
[depth_angular_controller-1] [INFO] [1790686937.065905246] [depth_angular_controller]: COMPUTE_DEADLINE
[depth_angular_controller-1] [INFO] [1790686937.143177510] [depth_angular_controller]: NO_REGULAR_FIELD
[depth_angular_controller-1] [INFO] [1790686937.459429327] [depth_angular_controller]: COMPUTE_DEADLINE
[depth_angular_controller-1] [INFO] [1790686937.536263639] [depth_angular_controller]: NO_REGULAR_FIELD
[depth_angular_controller-1] [INFO] [1790686937.618387868] [depth_angular_controller]: COMPUTE_DEADLINE
[depth_angular_controller-1] [INFO] [1790686937.697384338] [depth_angular_controller]: NO_REGULAR_FIELD
[depth_angular_controller-1] [INFO] [1790686937.697416729] [depth_angular_controller]: PAPER_BUILD reason=NO_CERTIFIED_DIRECTION required=0.0100 best=0.0000 free=0 refined=0 tubes=256 revoked_tubes=0 proofs=128
[depth_angular_controller-1] [INFO] [1790686937.697425766] [depth_angular_controller]: PAPER_EVIDENCE retained=32 balls=32 revoked_balls=0 expired_views=0 evicted_views=179 radius=0.580 clearance=0.000 best_prefix=0.000
[depth_angular_controller-1] [INFO] [1790686937.942365623] [depth_angular_controller]: COMPUTE_DEADLINE
[depth_angular_controller-1] [INFO] [1790686938.022519024] [depth_angular_controller]: NO_REGULAR_FIELD
[depth_angular_controller-1] [INFO] [1790686938.103726072] [depth_angular_controller]: [PERF CTRL] run=iteration15_ego1p1_1 elapsed=169.48s callbacks=3982 commands=3982 guidance=3881 command_fps(ros/wall)=26.19/25.52 guidance_wall_fps=25.25 avoid_ms(mean/p50/p95/max)=21.765/1.513/69.707/99.614 cycle_ms(mean/p95/max)=39.185/82.136/390.268 depth_to_cmd_ms(mean/p95/max)=28.021/33.333/50.000 callback_to_publish_ms(mean/p95/max)=31.396/81.599/111.078
[depth_angular_controller-1] [INFO] [1790686938.103776146] [depth_angular_controller]: COMPUTE_DEADLINE
[depth_angular_controller-1] [INFO] [1790686938.183518024] [depth_angular_controller]: NO_REGULAR_FIELD
[depth_angular_controller-1] [INFO] [1790686938.757728409] [depth_angular_controller]: PAPER_BUILD reason=NO_CERTIFIED_DIRECTION required=0.0100 best=0.0000 free=0 refined=0 tubes=256 revoked_tubes=0 proofs=128
[depth_angular_controller-1] [INFO] [1790686938.757772251] [depth_angular_controller]: PAPER_EVIDENCE retained=32 balls=32 revoked_balls=0 expired_views=0 evicted_views=179 radius=0.580 clearance=0.000 best_prefix=0.000
[depth_angular_controller-1] [INFO] [1790686938.842197658] [depth_angular_controller]: COMPUTE_DEADLINE
[depth_angular_controller-1] [INFO] [1790686938.918505342] [depth_angular_controller]: NO_REGULAR_FIELD
[depth_angular_controller-1] [INFO] [1790686939.003722515] [depth_angular_controller]: COMPUTE_DEADLINE
[depth_angular_controller-1] [INFO] [1790686939.162633968] [depth_angular_controller]: NO_REGULAR_FIELD
[depth_angular_controller-1] [INFO] [1790686939.477731148] [depth_angular_controller]: COMPUTE_DEADLINE
[depth_angular_controller-1] [INFO] [1790686939.555461352] [depth_angular_controller]: NO_REGULAR_FIELD
[depth_angular_controller-1] [INFO] [1790686939.636250876] [depth_angular_controller]: COMPUTE_DEADLINE
[depth_angular_controller-1] [INFO] [1790686939.716449331] [depth_angular_controller]: PAPER_BUILD reason=NO_CERTIFIED_DIRECTION required=0.0100 best=0.0000 free=0 refined=0 tubes=256 revoked_tubes=0 proofs=128
[depth_angular_controller-1] [INFO] [1790686939.716488895] [depth_angular_controller]: PAPER_EVIDENCE retained=32 balls=32 revoked_balls=0 expired_views=0 evicted_views=179 radius=0.580 clearance=0.000 best_prefix=0.000
[depth_angular_controller-1] [INFO] [1790686939.794119331] [depth_angular_controller]: NO_REGULAR_FIELD
[depth_angular_controller-1] [INFO] [1790686940.034528207] [depth_angular_controller]: COMPUTE_DEADLINE
[depth_angular_controller-1] [INFO] [1790686940.099022032] [depth_angular_controller]: NO_REGULAR_FIELD
[depth_angular_controller-1] [INFO] [1790686940.727198857] [depth_angular_controller]: COMPUTE_DEADLINE
[depth_angular_controller-1] [INFO] [1790686940.727233762] [depth_angular_controller]: PAPER_BUILD reason=NO_CERTIFIED_DIRECTION required=0.0100 best=0.0000 free=0 refined=0 tubes=256 revoked_tubes=0 proofs=128
[depth_angular_controller-1] [INFO] [1790686940.727243120] [depth_angular_controller]: PAPER_EVIDENCE retained=32 balls=32 revoked_balls=0 expired_views=0 evicted_views=179 radius=0.580 clearance=0.000 best_prefix=0.000
[position_cmd_to_twist-2] [INFO] [1790686940.824440774] [position_cmd_to_twist]: [PERF BRIDGE] run=iteration15_ego1p1_1 elapsed=172.09s received=4017 published=4016 fps(ros/wall)=25.94/25.30 controller_to_bridge_ms(mean/p50/p95/max)=26.035/0.000/100.000/100.000 bridge_process_ms(mean/p95/max)=0.108/0.140/1.663
[NAV] t=155.0s position=(29.41,8.90,4.55) yaw=3.8deg command=(0.00,0.00,0.00) manual_active=1 collision_blocks=0
[depth_angular_controller-1] [INFO] [1790686941.210336951] [depth_angular_controller]: NO_REGULAR_FIELD
[depth_angular_controller-1] [INFO] [1790686941.523356563] [depth_angular_controller]: COMPUTE_DEADLINE
[depth_angular_controller-1] [INFO] [1790686941.600703808] [depth_angular_controller]: NO_REGULAR_FIELD
[depth_angular_controller-1] [INFO] [1790686941.681371955] [depth_angular_controller]: PAPER_BUILD reason=NO_CERTIFIED_DIRECTION required=0.0100 best=0.0000 free=0 refined=0 tubes=256 revoked_tubes=0 proofs=128
[depth_angular_controller-1] [INFO] [1790686941.681411940] [depth_angular_controller]: PAPER_EVIDENCE retained=32 balls=32 revoked_balls=0 expired_views=0 evicted_views=179 radius=0.580 clearance=0.000 best_prefix=0.000
[depth_angular_controller-1] [INFO] [1790686942.153549662] [depth_angular_controller]: COMPUTE_DEADLINE
[depth_angular_controller-1] [INFO] [1790686942.231508825] [depth_angular_controller]: NO_REGULAR_FIELD
[depth_angular_controller-1] [INFO] [1790686942.684323908] [depth_angular_controller]: PAPER_BUILD reason=NO_CERTIFIED_DIRECTION required=0.0100 best=0.0000 free=0 refined=0 tubes=256 revoked_tubes=0 proofs=128
[depth_angular_controller-1] [INFO] [1790686942.684367279] [depth_angular_controller]: PAPER_EVIDENCE retained=32 balls=32 revoked_balls=0 expired_views=0 evicted_views=179 radius=0.580 clearance=0.000 best_prefix=0.000
[depth_angular_controller-1] [INFO] [1790686942.765357259] [depth_angular_controller]: COMPUTE_DEADLINE
[depth_angular_controller-1] [INFO] [1790686942.845194437] [depth_angular_controller]: NO_REGULAR_FIELD
[depth_angular_controller-1] [INFO] [1790686943.009376209] [depth_angular_controller]: COMPUTE_DEADLINE
[depth_angular_controller-1] [INFO] [1790686943.086999271] [depth_angular_controller]: NO_REGULAR_FIELD
[depth_angular_controller-1] [INFO] [1790686943.170216491] [depth_angular_controller]: [PERF CTRL] run=iteration15_ego1p1_1 elapsed=174.55s callbacks=4047 commands=4047 guidance=3946 command_fps(ros/wall)=25.71/25.12 guidance_wall_fps=24.85 avoid_ms(mean/p50/p95/max)=22.501/1.564/69.809/99.614 cycle_ms(mean/p95/max)=39.807/82.156/390.268 depth_to_cmd_ms(mean/p95/max)=27.859/33.333/50.000 callback_to_publish_ms(mean/p95/max)=32.137/81.672/111.078
[depth_angular_controller-1] [INFO] [1790686943.170266776] [depth_angular_controller]: COMPUTE_DEADLINE
[depth_angular_controller-1] [INFO] [1790686943.232927521] [depth_angular_controller]: NO_REGULAR_FIELD
[depth_angular_controller-1] [INFO] [1790686943.757494178] [depth_angular_controller]: PAPER_BUILD reason=NO_CERTIFIED_DIRECTION required=0.0100 best=0.0000 free=0 refined=0 tubes=256 revoked_tubes=0 proofs=128
[depth_angular_controller-1] [INFO] [1790686943.757536798] [depth_angular_controller]: PAPER_EVIDENCE retained=32 balls=32 revoked_balls=0 expired_views=0 evicted_views=179 radius=0.580 clearance=0.000 best_prefix=0.000
[depth_angular_controller-1] [INFO] [1790686943.995435943] [depth_angular_controller]: COMPUTE_DEADLINE
[depth_angular_controller-1] [INFO] [1790686944.238447002] [depth_angular_controller]: NO_REGULAR_FIELD
[depth_angular_controller-1] [INFO] [1790686944.319398430] [depth_angular_controller]: COMPUTE_DEADLINE
[depth_angular_controller-1] [INFO] [1790686944.382042664] [depth_angular_controller]: NO_REGULAR_FIELD
[depth_angular_controller-1] [INFO] [1790686944.761606338] [depth_angular_controller]: COMPUTE_DEADLINE
[depth_angular_controller-1] [INFO] [1790686944.761648186] [depth_angular_controller]: PAPER_BUILD reason=NO_CERTIFIED_DIRECTION required=0.0100 best=0.0000 free=0 refined=0 tubes=256 revoked_tubes=0 proofs=128
[depth_angular_controller-1] [INFO] [1790686944.761659788] [depth_angular_controller]: PAPER_EVIDENCE retained=32 balls=32 revoked_balls=0 expired_views=0 evicted_views=179 radius=0.580 clearance=0.000 best_prefix=0.000
[depth_angular_controller-1] [INFO] [1790686944.841796527] [depth_angular_controller]: NO_REGULAR_FIELD
[depth_angular_controller-1] [INFO] [1790686945.001186839] [depth_angular_controller]: COMPUTE_DEADLINE
[depth_angular_controller-1] [INFO] [1790686945.149630408] [depth_angular_controller]: NO_REGULAR_FIELD
[position_cmd_to_twist-2] [INFO] [1790686945.655614945] [position_cmd_to_twist]: [PERF BRIDGE] run=iteration15_ego1p1_1 elapsed=176.92s received=4079 published=4078 fps(ros/wall)=25.52/24.94 controller_to_bridge_ms(mean/p50/p95/max)=26.841/0.000/100.000/100.000 bridge_process_ms(mean/p95/max)=0.108/0.140/1.663
[NAV] t=160.0s position=(29.41,8.90,4.55) yaw=3.8deg command=(0.00,0.00,0.00) manual_active=1 collision_blocks=0
[depth_angular_controller-1] [INFO] [1790686945.762291277] [depth_angular_controller]: PAPER_BUILD reason=NO_CERTIFIED_DIRECTION required=0.0100 best=0.0000 free=0 refined=0 tubes=256 revoked_tubes=0 proofs=128
[depth_angular_controller-1] [INFO] [1790686945.762330971] [depth_angular_controller]: PAPER_EVIDENCE retained=32 balls=32 revoked_balls=0 expired_views=0 evicted_views=179 radius=0.580 clearance=0.000 best_prefix=0.000
[depth_angular_controller-1] [INFO] [1790686945.842662957] [depth_angular_controller]: COMPUTE_DEADLINE
[depth_angular_controller-1] [INFO] [1790686945.920715615] [depth_angular_controller]: NO_REGULAR_FIELD
[depth_angular_controller-1] [INFO] [1790686946.814763326] [depth_angular_controller]: COMPUTE_DEADLINE
[depth_angular_controller-1] [INFO] [1790686946.814826434] [depth_angular_controller]: PAPER_BUILD reason=NO_CERTIFIED_DIRECTION required=0.0100 best=0.0000 free=0 refined=0 tubes=256 revoked_tubes=0 proofs=128
[depth_angular_controller-1] [INFO] [1790686946.814837575] [depth_angular_controller]: PAPER_EVIDENCE retained=32 balls=32 revoked_balls=0 expired_views=0 evicted_views=179 radius=0.580 clearance=0.000 best_prefix=0.000
[depth_angular_controller-1] [INFO] [1790686946.894510124] [depth_angular_controller]: NO_REGULAR_FIELD
[depth_angular_controller-1] [INFO] [1790686947.056053124] [depth_angular_controller]: COMPUTE_DEADLINE
[depth_angular_controller-1] [INFO] [1790686947.216806353] [depth_angular_controller]: NO_REGULAR_FIELD
[depth_angular_controller-1] [INFO] [1790686947.532005405] [depth_angular_controller]: COMPUTE_DEADLINE
[depth_angular_controller-1] [INFO] [1790686947.610481007] [depth_angular_controller]: NO_REGULAR_FIELD
[depth_angular_controller-1] [INFO] [1790686947.768478304] [depth_angular_controller]: COMPUTE_DEADLINE
[depth_angular_controller-1] [INFO] [1790686947.768513921] [depth_angular_controller]: PAPER_BUILD reason=NO_CERTIFIED_DIRECTION required=0.0100 best=0.0000 free=0 refined=0 tubes=256 revoked_tubes=0 proofs=128
[depth_angular_controller-1] [INFO] [1790686947.768525072] [depth_angular_controller]: PAPER_EVIDENCE retained=32 balls=32 revoked_balls=0 expired_views=0 evicted_views=179 radius=0.580 clearance=0.000 best_prefix=0.000
[depth_angular_controller-1] [INFO] [1790686947.848253946] [depth_angular_controller]: NO_REGULAR_FIELD
[depth_angular_controller-1] [INFO] [1790686948.149857986] [depth_angular_controller]: COMPUTE_DEADLINE
[depth_angular_controller-1] [INFO] [1790686948.231703181] [depth_angular_controller]: [PERF CTRL] run=iteration15_ego1p1_1 elapsed=179.61s callbacks=4113 commands=4113 guidance=4012 command_fps(ros/wall)=25.30/24.75 guidance_wall_fps=24.49 avoid_ms(mean/p50/p95/max)=23.206/1.609/69.809/99.614 cycle_ms(mean/p95/max)=40.399/82.143/390.268 depth_to_cmd_ms(mean/p95/max)=27.709/33.333/50.000 callback_to_publish_ms(mean/p95/max)=32.842/81.672/111.078
[depth_angular_controller-1] [INFO] [1790686948.308955047] [depth_angular_controller]: NO_REGULAR_FIELD
[depth_angular_controller-1] [INFO] [1790686948.769080197] [depth_angular_controller]: COMPUTE_DEADLINE
[depth_angular_controller-1] [INFO] [1790686948.854724872] [depth_angular_controller]: PAPER_BUILD reason=NO_CERTIFIED_DIRECTION required=0.0100 best=0.0000 free=0 refined=0 tubes=256 revoked_tubes=0 proofs=128
[depth_angular_controller-1] [INFO] [1790686948.855179616] [depth_angular_controller]: PAPER_EVIDENCE retained=32 balls=32 revoked_balls=0 expired_views=0 evicted_views=179 radius=0.580 clearance=0.000 best_prefix=0.000
[depth_angular_controller-1] [INFO] [1790686948.927332984] [depth_angular_controller]: NO_REGULAR_FIELD
[depth_angular_controller-1] [INFO] [1790686949.161824105] [depth_angular_controller]: COMPUTE_DEADLINE
[depth_angular_controller-1] [INFO] [1790686949.239587711] [depth_angular_controller]: NO_REGULAR_FIELD
[depth_angular_controller-1] [INFO] [1790686949.798209794] [depth_angular_controller]: COMPUTE_DEADLINE
[depth_angular_controller-1] [INFO] [1790686949.881514518] [depth_angular_controller]: PAPER_BUILD reason=NO_CERTIFIED_DIRECTION required=0.0100 best=0.0000 free=0 refined=0 tubes=256 revoked_tubes=0 proofs=128
[depth_angular_controller-1] [INFO] [1790686949.881552138] [depth_angular_controller]: PAPER_EVIDENCE retained=32 balls=32 revoked_balls=0 expired_views=0 evicted_views=179 radius=0.580 clearance=0.000 best_prefix=0.000
[depth_angular_controller-1] [INFO] [1790686950.040535837] [depth_angular_controller]: NO_REGULAR_FIELD
[depth_angular_controller-1] [INFO] [1790686950.124605947] [depth_angular_controller]: COMPUTE_DEADLINE
[depth_angular_controller-1] [INFO] [1790686950.286956553] [depth_angular_controller]: NO_REGULAR_FIELD
[depth_angular_controller-1] [INFO] [1790686950.446878693] [depth_angular_controller]: COMPUTE_DEADLINE
[position_cmd_to_twist-2] [INFO] [1790686950.483989482] [position_cmd_to_twist]: [PERF BRIDGE] run=iteration15_ego1p1_1 elapsed=181.75s received=4141 published=4140 fps(ros/wall)=25.12/24.59 controller_to_bridge_ms(mean/p50/p95/max)=27.662/0.000/100.000/100.000 bridge_process_ms(mean/p95/max)=0.108/0.140/1.663
[depth_angular_controller-1] [INFO] [1790686950.525761930] [depth_angular_controller]: NO_REGULAR_FIELD
[NAV] t=165.0s position=(29.41,8.90,4.55) yaw=3.8deg command=(0.00,0.00,0.00) manual_active=1 collision_blocks=0
[depth_angular_controller-1] [INFO] [1790686950.607689940] [depth_angular_controller]: COMPUTE_DEADLINE
[depth_angular_controller-1] [INFO] [1790686950.685018710] [depth_angular_controller]: NO_REGULAR_FIELD
[depth_angular_controller-1] [INFO] [1790686950.841556609] [depth_angular_controller]: PAPER_BUILD reason=NO_CERTIFIED_DIRECTION required=0.0100 best=0.0000 free=0 refined=0 tubes=256 revoked_tubes=0 proofs=128
[depth_angular_controller-1] [INFO] [1790686950.841601233] [depth_angular_controller]: PAPER_EVIDENCE retained=32 balls=32 revoked_balls=0 expired_views=0 evicted_views=179 radius=0.580 clearance=0.000 best_prefix=0.000
[depth_angular_controller-1] [INFO] [1790686951.159726185] [depth_angular_controller]: COMPUTE_DEADLINE
[depth_angular_controller-1] [INFO] [1790686951.401986304] [depth_angular_controller]: NO_REGULAR_FIELD
[depth_angular_controller-1] [INFO] [1790686951.570034633] [depth_angular_controller]: COMPUTE_DEADLINE
[depth_angular_controller-1] [INFO] [1790686951.731456025] [depth_angular_controller]: NO_REGULAR_FIELD
[depth_angular_controller-1] [INFO] [1790686951.731492393] [depth_angular_controller]: PAPER_BUILD reason=NO_CERTIFIED_DIRECTION required=0.0100 best=0.0000 free=0 refined=0 tubes=256 revoked_tubes=0 proofs=128
[depth_angular_controller-1] [INFO] [1790686951.731502733] [depth_angular_controller]: PAPER_EVIDENCE retained=32 balls=32 revoked_balls=0 expired_views=0 evicted_views=179 radius=0.580 clearance=0.000 best_prefix=0.000
[depth_angular_controller-1] [INFO] [1790686951.971314027] [depth_angular_controller]: COMPUTE_DEADLINE
[depth_angular_controller-1] [INFO] [1790686952.049144138] [depth_angular_controller]: NO_REGULAR_FIELD
[depth_angular_controller-1] [INFO] [1790686952.129974238] [depth_angular_controller]: COMPUTE_DEADLINE
[depth_angular_controller-1] [INFO] [1790686952.208929951] [depth_angular_controller]: NO_REGULAR_FIELD
[depth_angular_controller-1] [INFO] [1790686952.289622564] [depth_angular_controller]: COMPUTE_DEADLINE
[depth_angular_controller-1] [INFO] [1790686952.450297065] [depth_angular_controller]: NO_REGULAR_FIELD
[depth_angular_controller-1] [INFO] [1790686952.533334377] [depth_angular_controller]: COMPUTE_DEADLINE
[depth_angular_controller-1] [INFO] [1790686952.611816080] [depth_angular_controller]: NO_REGULAR_FIELD
[depth_angular_controller-1] [INFO] [1790686952.687835313] [depth_angular_controller]: PAPER_BUILD reason=NO_CERTIFIED_DIRECTION required=0.0100 best=0.0000 free=0 refined=0 tubes=256 revoked_tubes=0 proofs=128
[depth_angular_controller-1] [INFO] [1790686952.687869858] [depth_angular_controller]: PAPER_EVIDENCE retained=32 balls=32 revoked_balls=0 expired_views=0 evicted_views=179 radius=0.580 clearance=0.000 best_prefix=0.000
[depth_angular_controller-1] [INFO] [1790686952.984899805] [depth_angular_controller]: COMPUTE_DEADLINE
[depth_angular_controller-1] [INFO] [1790686953.062245907] [depth_angular_controller]: NO_REGULAR_FIELD
[depth_angular_controller-1] [INFO] [1790686953.218255985] [depth_angular_controller]: COMPUTE_DEADLINE
[depth_angular_controller-1] [INFO] [1790686953.304060881] [depth_angular_controller]: [PERF CTRL] run=iteration15_ego1p1_1 elapsed=184.68s callbacks=4177 commands=4177 guidance=4076 command_fps(ros/wall)=24.87/24.39 guidance_wall_fps=24.13 avoid_ms(mean/p50/p95/max)=23.897/1.641/69.894/99.614 cycle_ms(mean/p95/max)=40.995/82.245/390.268 depth_to_cmd_ms(mean/p95/max)=27.552/33.333/50.000 callback_to_publish_ms(mean/p95/max)=33.548/81.778/111.078
[depth_angular_controller-1] [INFO] [1790686953.383443796] [depth_angular_controller]: NO_REGULAR_FIELD
[depth_angular_controller-1] [INFO] [1790686953.749838227] [depth_angular_controller]: PAPER_BUILD reason=NO_CERTIFIED_DIRECTION required=0.0100 best=0.0000 free=0 refined=0 tubes=256 revoked_tubes=0 proofs=128
[depth_angular_controller-1] [INFO] [1790686953.749871941] [depth_angular_controller]: PAPER_EVIDENCE retained=32 balls=32 revoked_balls=0 expired_views=0 evicted_views=179 radius=0.580 clearance=0.000 best_prefix=0.000
[depth_angular_controller-1] [INFO] [1790686953.917319281] [depth_angular_controller]: COMPUTE_DEADLINE
[depth_angular_controller-1] [INFO] [1790686954.074873196] [depth_angular_controller]: NO_REGULAR_FIELD
[depth_angular_controller-1] [INFO] [1790686954.227922488] [depth_angular_controller]: COMPUTE_DEADLINE
[depth_angular_controller-1] [INFO] [1790686954.404488090] [depth_angular_controller]: NO_REGULAR_FIELD
[depth_angular_controller-1] [INFO] [1790686954.642451466] [depth_angular_controller]: COMPUTE_DEADLINE
[depth_angular_controller-1] [INFO] [1790686954.803618962] [depth_angular_controller]: PAPER_BUILD reason=NO_CERTIFIED_DIRECTION required=0.0100 best=0.0000 free=0 refined=0 tubes=256 revoked_tubes=0 proofs=128
[depth_angular_controller-1] [INFO] [1790686954.803663396] [depth_angular_controller]: PAPER_EVIDENCE retained=32 balls=32 revoked_balls=0 expired_views=0 evicted_views=179 radius=0.580 clearance=0.000 best_prefix=0.000
[depth_angular_controller-1] [INFO] [1790686955.045468301] [depth_angular_controller]: NO_REGULAR_FIELD
[position_cmd_to_twist-2] [INFO] [1790686955.415619432] [position_cmd_to_twist]: [PERF BRIDGE] run=iteration15_ego1p1_1 elapsed=186.68s received=4204 published=4203 fps(ros/wall)=24.75/24.25 controller_to_bridge_ms(mean/p50/p95/max)=28.441/0.000/100.000/100.000 bridge_process_ms(mean/p95/max)=0.108/0.140/1.663
[NAV] t=170.0s position=(29.41,8.90,4.55) yaw=3.8deg command=(0.00,0.00,0.00) manual_active=1 collision_blocks=0
[depth_angular_controller-1] [INFO] [1790686955.725532474] [depth_angular_controller]: COMPUTE_DEADLINE
[depth_angular_controller-1] [INFO] [1790686955.805365153] [depth_angular_controller]: NO_REGULAR_FIELD
[depth_angular_controller-1] [INFO] [1790686955.881105582] [depth_angular_controller]: PAPER_BUILD reason=NO_CERTIFIED_DIRECTION required=0.0100 best=0.0000 free=0 refined=0 tubes=256 revoked_tubes=0 proofs=128
[depth_angular_controller-1] [INFO] [1790686955.881147591] [depth_angular_controller]: PAPER_EVIDENCE retained=32 balls=32 revoked_balls=0 expired_views=0 evicted_views=179 radius=0.580 clearance=0.000 best_prefix=0.000
[depth_angular_controller-1] [INFO] [1790686955.964775341] [depth_angular_controller]: COMPUTE_DEADLINE
[depth_angular_controller-1] [INFO] [1790686956.045280041] [depth_angular_controller]: NO_REGULAR_FIELD
[depth_angular_controller-1] [INFO] [1790686956.125820548] [depth_angular_controller]: COMPUTE_DEADLINE
[depth_angular_controller-1] [INFO] [1790686956.204267086] [depth_angular_controller]: NO_REGULAR_FIELD
[depth_angular_controller-1] [INFO] [1790686956.444403349] [depth_angular_controller]: COMPUTE_DEADLINE
[depth_angular_controller-1] [INFO] [1790686956.523495729] [depth_angular_controller]: NO_REGULAR_FIELD
[depth_angular_controller-1] [INFO] [1790686956.897574130] [depth_angular_controller]: PAPER_BUILD reason=NO_CERTIFIED_DIRECTION required=0.0100 best=0.0000 free=0 refined=0 tubes=256 revoked_tubes=0 proofs=128
[depth_angular_controller-1] [INFO] [1790686956.897616299] [depth_angular_controller]: PAPER_EVIDENCE retained=32 balls=32 revoked_balls=0 expired_views=0 evicted_views=179 radius=0.580 clearance=0.000 best_prefix=0.000
[depth_angular_controller-1] [INFO] [1790686957.136235355] [depth_angular_controller]: COMPUTE_DEADLINE
[depth_angular_controller-1] [INFO] [1790686957.209923754] [depth_angular_controller]: NO_REGULAR_FIELD
[depth_angular_controller-1] [INFO] [1790686957.430923327] [depth_angular_controller]: COMPUTE_DEADLINE
[depth_angular_controller-1] [INFO] [1790686957.509877548] [depth_angular_controller]: NO_REGULAR_FIELD
[depth_angular_controller-1] [INFO] [1790686957.670964583] [depth_angular_controller]: COMPUTE_DEADLINE
[depth_angular_controller-1] [INFO] [1790686957.745197063] [depth_angular_controller]: NO_REGULAR_FIELD
[depth_angular_controller-1] [INFO] [1790686957.961599369] [depth_angular_controller]: PAPER_BUILD reason=NO_CERTIFIED_DIRECTION required=0.0100 best=0.0000 free=0 refined=0 tubes=256 revoked_tubes=0 proofs=128
[depth_angular_controller-1] [INFO] [1790686957.961639855] [depth_angular_controller]: PAPER_EVIDENCE retained=32 balls=32 revoked_balls=0 expired_views=0 evicted_views=179 radius=0.580 clearance=0.000 best_prefix=0.000
[depth_angular_controller-1] [INFO] [1790686958.256107593] [depth_angular_controller]: COMPUTE_DEADLINE
[depth_angular_controller-1] [INFO] [1790686958.339008309] [depth_angular_controller]: [PERF CTRL] run=iteration15_ego1p1_1 elapsed=189.72s callbacks=4242 commands=4242 guidance=4141 command_fps(ros/wall)=24.54/24.07 guidance_wall_fps=23.81 avoid_ms(mean/p50/p95/max)=24.555/1.692/69.950/99.614 cycle_ms(mean/p95/max)=41.554/82.343/390.268 depth_to_cmd_ms(mean/p95/max)=27.421/33.333/50.000 callback_to_publish_ms(mean/p95/max)=34.210/81.848/111.078
[depth_angular_controller-1] [INFO] [1790686958.417614466] [depth_angular_controller]: NO_REGULAR_FIELD
[depth_angular_controller-1] [INFO] [1790686958.788292526] [depth_angular_controller]: COMPUTE_DEADLINE
[depth_angular_controller-1] [INFO] [1790686958.947752097] [depth_angular_controller]: NO_REGULAR_FIELD
[depth_angular_controller-1] [INFO] [1790686959.029026351] [depth_angular_controller]: COMPUTE_DEADLINE
[depth_angular_controller-1] [INFO] [1790686959.029063681] [depth_angular_controller]: PAPER_BUILD reason=NO_CERTIFIED_DIRECTION required=0.0100 best=0.0000 free=0 refined=0 tubes=256 revoked_tubes=0 proofs=128
[depth_angular_controller-1] [INFO] [1790686959.029074071] [depth_angular_controller]: PAPER_EVIDENCE retained=32 balls=32 revoked_balls=0 expired_views=0 evicted_views=179 radius=0.580 clearance=0.000 best_prefix=0.000
[depth_angular_controller-1] [INFO] [1790686959.108943559] [depth_angular_controller]: NO_REGULAR_FIELD
[depth_angular_controller-1] [INFO] [1790686959.271887438] [depth_angular_controller]: COMPUTE_DEADLINE
[depth_angular_controller-1] [INFO] [1790686959.351369439] [depth_angular_controller]: NO_REGULAR_FIELD
[depth_angular_controller-1] [INFO] [1790686959.432058314] [depth_angular_controller]: COMPUTE_DEADLINE
[depth_angular_controller-1] [INFO] [1790686959.509009556] [depth_angular_controller]: NO_REGULAR_FIELD
[depth_angular_controller-1] [INFO] [1790686959.591176996] [depth_angular_controller]: COMPUTE_DEADLINE
[depth_angular_controller-1] [INFO] [1790686959.669592225] [depth_angular_controller]: NO_REGULAR_FIELD
[depth_angular_controller-1] [INFO] [1790686959.752707123] [depth_angular_controller]: COMPUTE_DEADLINE
[depth_angular_controller-1] [INFO] [1790686959.828783362] [depth_angular_controller]: NO_REGULAR_FIELD
[depth_angular_controller-1] [INFO] [1790686959.983182147] [depth_angular_controller]: PAPER_BUILD reason=NO_CERTIFIED_DIRECTION required=0.0100 best=0.0000 free=0 refined=0 tubes=256 revoked_tubes=0 proofs=128
[depth_angular_controller-1] [INFO] [1790686959.983217704] [depth_angular_controller]: PAPER_EVIDENCE retained=32 balls=32 revoked_balls=0 expired_views=0 evicted_views=179 radius=0.580 clearance=0.000 best_prefix=0.000
[position_cmd_to_twist-2] [INFO] [1790686960.245713225] [position_cmd_to_twist]: [PERF BRIDGE] run=iteration15_ego1p1_1 elapsed=191.51s received=4266 published=4265 fps(ros/wall)=24.40/23.94 controller_to_bridge_ms(mean/p50/p95/max)=29.184/0.000/100.000/100.000 bridge_process_ms(mean/p95/max)=0.108/0.140/1.663
[depth_angular_controller-1] [INFO] [1790686960.303071810] [depth_angular_controller]: COMPUTE_DEADLINE
[NAV] t=175.0s position=(29.41,8.90,4.55) yaw=3.8deg command=(0.00,0.00,0.00) manual_active=1 collision_blocks=0
[depth_angular_controller-1] [INFO] [1790686960.376800635] [depth_angular_controller]: NO_REGULAR_FIELD
[depth_angular_controller-1] [INFO] [1790686960.763352062] [depth_angular_controller]: COMPUTE_DEADLINE
[depth_angular_controller-1] [INFO] [1790686960.841382438] [depth_angular_controller]: NO_REGULAR_FIELD
[depth_angular_controller-1] [INFO] [1790686960.925107832] [depth_angular_controller]: COMPUTE_DEADLINE
[depth_angular_controller-1] [INFO] [1790686961.003976943] [depth_angular_controller]: NO_REGULAR_FIELD
[depth_angular_controller-1] [INFO] [1790686961.004013471] [depth_angular_controller]: PAPER_BUILD reason=NO_CERTIFIED_DIRECTION required=0.0100 best=0.0000 free=0 refined=0 tubes=256 revoked_tubes=0 proofs=128
[depth_angular_controller-1] [INFO] [1790686961.004024041] [depth_angular_controller]: PAPER_EVIDENCE retained=32 balls=32 revoked_balls=0 expired_views=0 evicted_views=179 radius=0.580 clearance=0.000 best_prefix=0.000
[depth_angular_controller-1] [INFO] [1790686962.213676575] [depth_angular_controller]: PAPER_BUILD reason=NO_CERTIFIED_DIRECTION required=0.0100 best=0.0000 free=0 refined=0 tubes=256 revoked_tubes=0 proofs=128
[depth_angular_controller-1] [INFO] [1790686962.213717411] [depth_angular_controller]: PAPER_EVIDENCE retained=32 balls=32 revoked_balls=0 expired_views=0 evicted_views=179 radius=0.580 clearance=0.000 best_prefix=0.000
[depth_angular_controller-1] [INFO] [1790686962.531836893] [depth_angular_controller]: COMPUTE_DEADLINE
[depth_angular_controller-1] [INFO] [1790686962.607952607] [depth_angular_controller]: NO_REGULAR_FIELD
[depth_angular_controller-1] [INFO] [1790686962.846575350] [depth_angular_controller]: COMPUTE_DEADLINE
[depth_angular_controller-1] [INFO] [1790686963.007144824] [depth_angular_controller]: NO_REGULAR_FIELD
[depth_angular_controller-1] [INFO] [1790686963.167361687] [depth_angular_controller]: COMPUTE_DEADLINE
[depth_angular_controller-1] [INFO] [1790686963.167399147] [depth_angular_controller]: PAPER_BUILD reason=NO_CERTIFIED_DIRECTION required=0.0100 best=0.0000 free=0 refined=0 tubes=256 revoked_tubes=0 proofs=128
[depth_angular_controller-1] [INFO] [1790686963.167409867] [depth_angular_controller]: PAPER_EVIDENCE retained=32 balls=32 revoked_balls=0 expired_views=0 evicted_views=179 radius=0.580 clearance=0.000 best_prefix=0.000
[depth_angular_controller-1] [INFO] [1790686963.416211993] [depth_angular_controller]: [PERF CTRL] run=iteration15_ego1p1_1 elapsed=194.79s callbacks=4307 commands=4307 guidance=4206 command_fps(ros/wall)=24.19/23.75 guidance_wall_fps=23.49 avoid_ms(mean/p50/p95/max)=25.197/1.740/69.986/99.614 cycle_ms(mean/p95/max)=42.106/82.428/390.268 depth_to_cmd_ms(mean/p95/max)=27.294/33.333/50.000 callback_to_publish_ms(mean/p95/max)=34.854/81.884/111.078
[depth_angular_controller-1] [INFO] [1790686963.575463453] [depth_angular_controller]: NO_REGULAR_FIELD
[depth_angular_controller-1] [INFO] [1790686963.795425019] [depth_angular_controller]: COMPUTE_DEADLINE
[depth_angular_controller-1] [INFO] [1790686963.953276212] [depth_angular_controller]: NO_REGULAR_FIELD
[depth_angular_controller-1] [INFO] [1790686964.187656635] [depth_angular_controller]: PAPER_BUILD reason=NO_CERTIFIED_DIRECTION required=0.0100 best=0.0000 free=0 refined=0 tubes=256 revoked_tubes=0 proofs=128
[depth_angular_controller-1] [INFO] [1790686964.187698734] [depth_angular_controller]: PAPER_EVIDENCE retained=32 balls=32 revoked_balls=0 expired_views=0 evicted_views=179 radius=0.580 clearance=0.000 best_prefix=0.000
[depth_angular_controller-1] [INFO] [1790686964.427262794] [depth_angular_controller]: COMPUTE_DEADLINE
[depth_angular_controller-1] [INFO] [1790686964.589215674] [depth_angular_controller]: NO_REGULAR_FIELD
[depth_angular_controller-1] [INFO] [1790686964.831233178] [depth_angular_controller]: COMPUTE_DEADLINE
[depth_angular_controller-1] [INFO] [1790686964.903043181] [depth_angular_controller]: NO_REGULAR_FIELD
[position_cmd_to_twist-2] [INFO] [1790686965.176465167] [position_cmd_to_twist]: [PERF BRIDGE] run=iteration15_ego1p1_1 elapsed=196.44s received=4329 published=4328 fps(ros/wall)=24.07/23.64 controller_to_bridge_ms(mean/p50/p95/max)=29.895/0.000/100.000/100.000 bridge_process_ms(mean/p95/max)=0.108/0.140/1.663
[depth_angular_controller-1] [INFO] [1790686965.204290582] [depth_angular_controller]: COMPUTE_DEADLINE
[depth_angular_controller-1] [INFO] [1790686965.204326840] [depth_angular_controller]: PAPER_BUILD reason=NO_CERTIFIED_DIRECTION required=0.0100 best=0.0000 free=0 refined=0 tubes=256 revoked_tubes=0 proofs=128
[depth_angular_controller-1] [INFO] [1790686965.204339885] [depth_angular_controller]: PAPER_EVIDENCE retained=32 balls=32 revoked_balls=0 expired_views=0 evicted_views=179 radius=0.580 clearance=0.000 best_prefix=0.000
[NAV] t=180.0s position=(29.41,8.90,4.55) yaw=3.8deg command=(0.00,0.00,0.00) manual_active=1 collision_blocks=0
[depth_angular_controller-1] [INFO] [1790686965.282164996] [depth_angular_controller]: NO_REGULAR_FIELD
[depth_angular_controller-1] [INFO] [1790686965.442447171] [depth_angular_controller]: COMPUTE_DEADLINE
[depth_angular_controller-1] [INFO] [1790686965.519577088] [depth_angular_controller]: NO_REGULAR_FIELD
[depth_angular_controller-1] [INFO] [1790686965.603348548] [depth_angular_controller]: COMPUTE_DEADLINE
[depth_angular_controller-1] [INFO] [1790686965.668274394] [depth_angular_controller]: NO_REGULAR_FIELD
[depth_angular_controller-1] [INFO] [1790686966.026937848] [depth_angular_controller]: COMPUTE_DEADLINE
[depth_angular_controller-1] [INFO] [1790686966.106041518] [depth_angular_controller]: NO_REGULAR_FIELD
[depth_angular_controller-1] [INFO] [1790686966.263648323] [depth_angular_controller]: PAPER_BUILD reason=NO_CERTIFIED_DIRECTION required=0.0100 best=0.0000 free=0 refined=0 tubes=256 revoked_tubes=0 proofs=128
[depth_angular_controller-1] [INFO] [1790686966.263688699] [depth_angular_controller]: PAPER_EVIDENCE retained=32 balls=32 revoked_balls=0 expired_views=0 evicted_views=179 radius=0.580 clearance=0.000 best_prefix=0.000
[depth_angular_controller-1] [INFO] [1790686966.344235447] [depth_angular_controller]: COMPUTE_DEADLINE
[depth_angular_controller-1] [INFO] [1790686966.591535584] [depth_angular_controller]: NO_REGULAR_FIELD
[depth_angular_controller-1] [INFO] [1790686966.750502220] [depth_angular_controller]: COMPUTE_DEADLINE
[depth_angular_controller-1] [INFO] [1790686966.907002549] [depth_angular_controller]: NO_REGULAR_FIELD
[depth_angular_controller-1] [INFO] [1790686967.279513217] [depth_angular_controller]: PAPER_BUILD reason=NO_CERTIFIED_DIRECTION required=0.0100 best=0.0000 free=0 refined=0 tubes=256 revoked_tubes=0 proofs=128
[depth_angular_controller-1] [INFO] [1790686967.279559394] [depth_angular_controller]: PAPER_EVIDENCE retained=32 balls=32 revoked_balls=0 expired_views=0 evicted_views=179 radius=0.580 clearance=0.000 best_prefix=0.000
[depth_angular_controller-1] [INFO] [1790686967.364013064] [depth_angular_controller]: COMPUTE_DEADLINE
[depth_angular_controller-1] [INFO] [1790686967.526122999] [depth_angular_controller]: NO_REGULAR_FIELD
[depth_angular_controller-1] [INFO] [1790686967.615973396] [depth_angular_controller]: COMPUTE_DEADLINE
[depth_angular_controller-1] [INFO] [1790686967.778770601] [depth_angular_controller]: NO_REGULAR_FIELD
[depth_angular_controller-1] [INFO] [1790686967.862484573] [depth_angular_controller]: COMPUTE_DEADLINE
[depth_angular_controller-1] [INFO] [1790686967.938557847] [depth_angular_controller]: NO_REGULAR_FIELD
[depth_angular_controller-1] [INFO] [1790686968.172533791] [depth_angular_controller]: PAPER_BUILD reason=NO_CERTIFIED_DIRECTION required=0.0100 best=0.0000 free=0 refined=0 tubes=256 revoked_tubes=0 proofs=128
[depth_angular_controller-1] [INFO] [1790686968.172572002] [depth_angular_controller]: PAPER_EVIDENCE retained=32 balls=32 revoked_balls=0 expired_views=0 evicted_views=179 radius=0.580 clearance=0.000 best_prefix=0.000
[depth_angular_controller-1] [INFO] [1790686968.253245429] [depth_angular_controller]: COMPUTE_DEADLINE
[depth_angular_controller-1] [INFO] [1790686968.410889723] [depth_angular_controller]: NO_REGULAR_FIELD
[depth_angular_controller-1] [INFO] [1790686968.483059763] [depth_angular_controller]: [PERF CTRL] run=iteration15_ego1p1_1 elapsed=199.86s callbacks=4372 commands=4372 guidance=4271 command_fps(ros/wall)=23.85/23.45 guidance_wall_fps=23.20 avoid_ms(mean/p50/p95/max)=25.823/1.796/70.104/99.614 cycle_ms(mean/p95/max)=42.639/82.528/390.268 depth_to_cmd_ms(mean/p95/max)=27.164/33.333/50.000 callback_to_publish_ms(mean/p95/max)=35.487/81.964/111.078
[depth_angular_controller-1] [INFO] [1790686968.640903552] [depth_angular_controller]: COMPUTE_DEADLINE
[depth_angular_controller-1] [INFO] [1790686968.717326823] [depth_angular_controller]: NO_REGULAR_FIELD
[depth_angular_controller-1] [INFO] [1790686968.876144550] [depth_angular_controller]: COMPUTE_DEADLINE
[depth_angular_controller-1] [INFO] [1790686968.952324915] [depth_angular_controller]: NO_REGULAR_FIELD
[depth_angular_controller-1] [INFO] [1790686969.244056248] [depth_angular_controller]: PAPER_BUILD reason=NO_CERTIFIED_DIRECTION required=0.0100 best=0.0000 free=0 refined=0 tubes=256 revoked_tubes=0 proofs=128
[depth_angular_controller-1] [INFO] [1790686969.244103227] [depth_angular_controller]: PAPER_EVIDENCE retained=32 balls=32 revoked_balls=0 expired_views=0 evicted_views=179 radius=0.580 clearance=0.000 best_prefix=0.000
[depth_angular_controller-1] [INFO] [1790686969.530515900] [depth_angular_controller]: COMPUTE_DEADLINE
[depth_angular_controller-1] [INFO] [1790686969.610561187] [depth_angular_controller]: NO_REGULAR_FIELD
[depth_angular_controller-1] [INFO] [1790686969.691778775] [depth_angular_controller]: COMPUTE_DEADLINE
[depth_angular_controller-1] [INFO] [1790686969.770472947] [depth_angular_controller]: NO_REGULAR_FIELD
[depth_angular_controller-1] [INFO] [1790686969.853051519] [depth_angular_controller]: COMPUTE_DEADLINE
[depth_angular_controller-1] [INFO] [1790686969.917459262] [depth_angular_controller]: NO_REGULAR_FIELD
[position_cmd_to_twist-2] [INFO] [1790686970.168274365] [position_cmd_to_twist]: [PERF BRIDGE] run=iteration15_ego1p1_1 elapsed=201.44s received=4394 published=4392 fps(ros/wall)=23.76/23.35 controller_to_bridge_ms(mean/p50/p95/max)=30.599/0.000/100.000/116.667 bridge_process_ms(mean/p95/max)=0.108/0.140/1.663
[NAV] t=185.0s position=(29.41,8.90,4.55) yaw=3.8deg command=(0.00,0.00,0.00) manual_active=1 collision_blocks=0
[depth_angular_controller-1] [INFO] [1790686970.270665956] [depth_angular_controller]: COMPUTE_DEADLINE
[depth_angular_controller-1] [INFO] [1790686970.349651695] [depth_angular_controller]: NO_REGULAR_FIELD
[depth_angular_controller-1] [INFO] [1790686970.349689216] [depth_angular_controller]: PAPER_BUILD reason=NO_CERTIFIED_DIRECTION required=0.0100 best=0.0000 free=0 refined=0 tubes=256 revoked_tubes=0 proofs=128
[depth_angular_controller-1] [INFO] [1790686970.349700828] [depth_angular_controller]: PAPER_EVIDENCE retained=32 balls=32 revoked_balls=0 expired_views=0 evicted_views=179 radius=0.580 clearance=0.000 best_prefix=0.000
[depth_angular_controller-1] [INFO] [1790686970.638670419] [depth_angular_controller]: COMPUTE_DEADLINE
[depth_angular_controller-1] [INFO] [1790686970.719005100] [depth_angular_controller]: NO_REGULAR_FIELD
[depth_angular_controller-1] [INFO] [1790686970.801622364] [depth_angular_controller]: COMPUTE_DEADLINE
[depth_angular_controller-1] [INFO] [1790686970.962703498] [depth_angular_controller]: NO_REGULAR_FIELD
[depth_angular_controller-1] [INFO] [1790686971.125398621] [depth_angular_controller]: COMPUTE_DEADLINE
[depth_angular_controller-1] [INFO] [1790686971.199898552] [depth_angular_controller]: NO_REGULAR_FIELD
[depth_angular_controller-1] [INFO] [1790686971.416234334] [depth_angular_controller]: COMPUTE_DEADLINE
[depth_angular_controller-1] [INFO] [1790686971.416268668] [depth_angular_controller]: PAPER_BUILD reason=NO_CERTIFIED_DIRECTION required=0.0100 best=0.0000 free=0 refined=0 tubes=256 revoked_tubes=0 proofs=128
[depth_angular_controller-1] [INFO] [1790686971.416279619] [depth_angular_controller]: PAPER_EVIDENCE retained=32 balls=32 revoked_balls=0 expired_views=0 evicted_views=179 radius=0.580 clearance=0.000 best_prefix=0.000
[depth_angular_controller-1] [INFO] [1790686971.573909857] [depth_angular_controller]: NO_REGULAR_FIELD
[depth_angular_controller-1] [INFO] [1790686971.812622800] [depth_angular_controller]: COMPUTE_DEADLINE
[depth_angular_controller-1] [INFO] [1790686971.890832032] [depth_angular_controller]: NO_REGULAR_FIELD
[depth_angular_controller-1] [INFO] [1790686972.130486231] [depth_angular_controller]: COMPUTE_DEADLINE
[depth_angular_controller-1] [INFO] [1790686972.208089436] [depth_angular_controller]: NO_REGULAR_FIELD
[depth_angular_controller-1] [INFO] [1790686972.364813404] [depth_angular_controller]: PAPER_BUILD reason=NO_CERTIFIED_DIRECTION required=0.0100 best=0.0000 free=0 refined=0 tubes=256 revoked_tubes=0 proofs=128
[depth_angular_controller-1] [INFO] [1790686972.364851305] [depth_angular_controller]: PAPER_EVIDENCE retained=32 balls=32 revoked_balls=0 expired_views=0 evicted_views=179 radius=0.580 clearance=0.000 best_prefix=0.000
[depth_angular_controller-1] [INFO] [1790686973.476484703] [depth_angular_controller]: COMPUTE_DEADLINE
[depth_angular_controller-1] [INFO] [1790686973.476520169] [depth_angular_controller]: PAPER_BUILD reason=NO_CERTIFIED_DIRECTION required=0.0100 best=0.0000 free=0 refined=0 tubes=256 revoked_tubes=0 proofs=128
[depth_angular_controller-1] [INFO] [1790686973.476532252] [depth_angular_controller]: PAPER_EVIDENCE retained=32 balls=32 revoked_balls=0 expired_views=0 evicted_views=179 radius=0.580 clearance=0.000 best_prefix=0.000
[depth_angular_controller-1] [INFO] [1790686973.545653651] [depth_angular_controller]: [PERF CTRL] run=iteration15_ego1p1_1 elapsed=204.92s callbacks=4439 commands=4439 guidance=4338 command_fps(ros/wall)=23.58/23.18 guidance_wall_fps=22.93 avoid_ms(mean/p50/p95/max)=26.421/1.848/70.126/99.614 cycle_ms(mean/p95/max)=43.136/82.580/390.268 depth_to_cmd_ms(mean/p95/max)=27.032/33.333/50.000 callback_to_publish_ms(mean/p95/max)=36.088/82.006/111.078
[depth_angular_controller-1] [INFO] [1790686973.545728050] [depth_angular_controller]: NO_REGULAR_FIELD
[depth_angular_controller-1] [INFO] [1790686973.776489742] [depth_angular_controller]: COMPUTE_DEADLINE
[depth_angular_controller-1] [INFO] [1790686973.853243083] [depth_angular_controller]: NO_REGULAR_FIELD
[depth_angular_controller-1] [INFO] [1790686974.010249601] [depth_angular_controller]: COMPUTE_DEADLINE
[depth_angular_controller-1] [INFO] [1790686974.083280556] [depth_angular_controller]: NO_REGULAR_FIELD
[depth_angular_controller-1] [INFO] [1790686974.460335782] [depth_angular_controller]: COMPUTE_DEADLINE
[depth_angular_controller-1] [INFO] [1790686974.538361490] [depth_angular_controller]: NO_REGULAR_FIELD
[depth_angular_controller-1] [INFO] [1790686974.538399802] [depth_angular_controller]: PAPER_BUILD reason=NO_CERTIFIED_DIRECTION required=0.0100 best=0.0000 free=0 refined=0 tubes=256 revoked_tubes=0 proofs=128
[depth_angular_controller-1] [INFO] [1790686974.538409661] [depth_angular_controller]: PAPER_EVIDENCE retained=32 balls=32 revoked_balls=0 expired_views=0 evicted_views=179 radius=0.580 clearance=0.000 best_prefix=0.000
[depth_angular_controller-1] [INFO] [1790686974.778252123] [depth_angular_controller]: COMPUTE_DEADLINE
[depth_angular_controller-1] [INFO] [1790686974.937601007] [depth_angular_controller]: NO_REGULAR_FIELD
[depth_angular_controller-1] [INFO] [1790686975.019916004] [depth_angular_controller]: COMPUTE_DEADLINE
[depth_angular_controller-1] [INFO] [1790686975.092819359] [depth_angular_controller]: NO_REGULAR_FIELD
[position_cmd_to_twist-2] [INFO] [1790686975.174484196] [position_cmd_to_twist]: [PERF BRIDGE] run=iteration15_ego1p1_1 elapsed=206.44s received=4460 published=4458 fps(ros/wall)=23.48/23.09 controller_to_bridge_ms(mean/p50/p95/max)=31.263/0.000/100.000/116.667 bridge_process_ms(mean/p95/max)=0.108/0.140/1.663
[NAV] t=190.0s position=(29.41,8.90,4.55) yaw=3.8deg command=(0.00,0.00,0.00) manual_active=1 collision_blocks=0
[depth_angular_controller-1] [INFO] [1790686975.308066417] [depth_angular_controller]: COMPUTE_DEADLINE
[depth_angular_controller-1] [INFO] [1790686975.466368447] [depth_angular_controller]: NO_REGULAR_FIELD
[depth_angular_controller-1] [INFO] [1790686975.543629810] [depth_angular_controller]: PAPER_BUILD reason=NO_CERTIFIED_DIRECTION required=0.0100 best=0.0000 free=0 refined=0 tubes=256 revoked_tubes=0 proofs=128
[depth_angular_controller-1] [INFO] [1790686975.543672921] [depth_angular_controller]: PAPER_EVIDENCE retained=32 balls=32 revoked_balls=0 expired_views=0 evicted_views=179 radius=0.580 clearance=0.000 best_prefix=0.000
[depth_angular_controller-1] [INFO] [1790686975.626308409] [depth_angular_controller]: COMPUTE_DEADLINE
[depth_angular_controller-1] [INFO] [1790686975.706401847] [depth_angular_controller]: NO_REGULAR_FIELD
[depth_angular_controller-1] [INFO] [1790686975.789323563] [depth_angular_controller]: COMPUTE_DEADLINE
[depth_angular_controller-1] [INFO] [1790686975.867300689] [depth_angular_controller]: NO_REGULAR_FIELD
[depth_angular_controller-1] [INFO] [1790686975.947987541] [depth_angular_controller]: COMPUTE_DEADLINE
[depth_angular_controller-1] [INFO] [1790686976.176647559] [depth_angular_controller]: NO_REGULAR_FIELD
[depth_angular_controller-1] [INFO] [1790686976.339153878] [depth_angular_controller]: COMPUTE_DEADLINE
[depth_angular_controller-1] [INFO] [1790686976.501019083] [depth_angular_controller]: PAPER_BUILD reason=NO_CERTIFIED_DIRECTION required=0.0100 best=0.0000 free=0 refined=0 tubes=256 revoked_tubes=0 proofs=128
[depth_angular_controller-1] [INFO] [1790686976.501057125] [depth_angular_controller]: PAPER_EVIDENCE retained=32 balls=32 revoked_balls=0 expired_views=0 evicted_views=179 radius=0.580 clearance=0.000 best_prefix=0.000
[depth_angular_controller-1] [INFO] [1790686976.580476768] [depth_angular_controller]: NO_REGULAR_FIELD
[depth_angular_controller-1] [INFO] [1790686977.026859340] [depth_angular_controller]: COMPUTE_DEADLINE
[depth_angular_controller-1] [INFO] [1790686977.103995118] [depth_angular_controller]: NO_REGULAR_FIELD
[depth_angular_controller-1] [INFO] [1790686977.342189267] [depth_angular_controller]: COMPUTE_DEADLINE
[depth_angular_controller-1] [INFO] [1790686977.502826509] [depth_angular_controller]: NO_REGULAR_FIELD
[depth_angular_controller-1] [INFO] [1790686977.502857697] [depth_angular_controller]: PAPER_BUILD reason=NO_CERTIFIED_DIRECTION required=0.0100 best=0.0000 free=0 refined=0 tubes=256 revoked_tubes=0 proofs=128
[depth_angular_controller-1] [INFO] [1790686977.502866764] [depth_angular_controller]: PAPER_EVIDENCE retained=32 balls=32 revoked_balls=0 expired_views=0 evicted_views=179 radius=0.580 clearance=0.000 best_prefix=0.000
[depth_angular_controller-1] [INFO] [1790686977.819669746] [depth_angular_controller]: COMPUTE_DEADLINE
[depth_angular_controller-1] [INFO] [1790686977.898087058] [depth_angular_controller]: NO_REGULAR_FIELD
[depth_angular_controller-1] [INFO] [1790686978.374197806] [depth_angular_controller]: COMPUTE_DEADLINE
[depth_angular_controller-1] [INFO] [1790686978.456352352] [depth_angular_controller]: PAPER_BUILD reason=NO_CERTIFIED_DIRECTION required=0.0100 best=0.0000 free=0 refined=0 tubes=256 revoked_tubes=0 proofs=128
[depth_angular_controller-1] [INFO] [1790686978.456394721] [depth_angular_controller]: PAPER_EVIDENCE retained=32 balls=32 revoked_balls=0 expired_views=0 evicted_views=179 radius=0.580 clearance=0.000 best_prefix=0.000
[depth_angular_controller-1] [INFO] [1790686978.534266751] [depth_angular_controller]: NO_REGULAR_FIELD
[depth_angular_controller-1] [INFO] [1790686978.600080002] [depth_angular_controller]: [PERF CTRL] run=iteration15_ego1p1_1 elapsed=209.98s callbacks=4504 commands=4504 guidance=4403 command_fps(ros/wall)=23.27/22.92 guidance_wall_fps=22.67 avoid_ms(mean/p50/p95/max)=27.006/1.933/70.143/99.614 cycle_ms(mean/p95/max)=43.636/82.625/390.268 depth_to_cmd_ms(mean/p95/max)=26.917/33.333/50.000 callback_to_publish_ms(mean/p95/max)=36.682/82.022/111.078
[depth_angular_controller-1] [INFO] [1790686978.880511130] [depth_angular_controller]: COMPUTE_DEADLINE
[depth_angular_controller-1] [INFO] [1790686978.957691442] [depth_angular_controller]: NO_REGULAR_FIELD
[depth_angular_controller-1] [INFO] [1790686979.039066314] [depth_angular_controller]: COMPUTE_DEADLINE
[depth_angular_controller-1] [INFO] [1790686979.118788997] [depth_angular_controller]: NO_REGULAR_FIELD
[depth_angular_controller-1] [INFO] [1790686979.359186190] [depth_angular_controller]: COMPUTE_DEADLINE
[depth_angular_controller-1] [INFO] [1790686979.521969568] [depth_angular_controller]: NO_REGULAR_FIELD
[depth_angular_controller-1] [INFO] [1790686979.522007930] [depth_angular_controller]: PAPER_BUILD reason=NO_CERTIFIED_DIRECTION required=0.0100 best=0.0000 free=0 refined=0 tubes=256 revoked_tubes=0 proofs=128
[depth_angular_controller-1] [INFO] [1790686979.522016687] [depth_angular_controller]: PAPER_EVIDENCE retained=32 balls=32 revoked_balls=0 expired_views=0 evicted_views=179 radius=0.580 clearance=0.000 best_prefix=0.000
[position_cmd_to_twist-2] [INFO] [1790686979.980536915] [position_cmd_to_twist]: [PERF BRIDGE] run=iteration15_ego1p1_1 elapsed=211.25s received=4522 published=4520 fps(ros/wall)=23.21/22.84 controller_to_bridge_ms(mean/p50/p95/max)=31.933/0.000/100.000/116.667 bridge_process_ms(mean/p95/max)=0.108/0.140/1.663
[depth_angular_controller-1] [INFO] [1790686980.035888825] [depth_angular_controller]: COMPUTE_DEADLINE
[NAV] t=195.0s position=(29.41,8.90,4.55) yaw=3.8deg command=(0.00,0.00,0.00) manual_active=1 collision_blocks=0
[depth_angular_controller-1] [INFO] [1790686980.115750198] [depth_angular_controller]: NO_REGULAR_FIELD
[depth_angular_controller-1] [INFO] [1790686980.565489970] [depth_angular_controller]: PAPER_BUILD reason=NO_CERTIFIED_DIRECTION required=0.0100 best=0.0000 free=0 refined=0 tubes=256 revoked_tubes=0 proofs=128
[depth_angular_controller-1] [INFO] [1790686980.565533662] [depth_angular_controller]: PAPER_EVIDENCE retained=32 balls=32 revoked_balls=0 expired_views=0 evicted_views=179 radius=0.580 clearance=0.000 best_prefix=0.000
[depth_angular_controller-1] [INFO] [1790686981.009981954] [depth_angular_controller]: COMPUTE_DEADLINE
[depth_angular_controller-1] [INFO] [1790686981.085766466] [depth_angular_controller]: NO_REGULAR_FIELD
[depth_angular_controller-1] [INFO] [1790686981.626849957] [depth_angular_controller]: PAPER_BUILD reason=NO_CERTIFIED_DIRECTION required=0.0100 best=0.0000 free=0 refined=0 tubes=256 revoked_tubes=0 proofs=128
[depth_angular_controller-1] [INFO] [1790686981.626892407] [depth_angular_controller]: PAPER_EVIDENCE retained=32 balls=32 revoked_balls=0 expired_views=0 evicted_views=179 radius=0.580 clearance=0.000 best_prefix=0.000
[depth_angular_controller-1] [INFO] [1790686982.103193602] [depth_angular_controller]: COMPUTE_DEADLINE
[depth_angular_controller-1] [INFO] [1790686982.182349160] [depth_angular_controller]: NO_REGULAR_FIELD
[depth_angular_controller-1] [INFO] [1790686982.345433854] [depth_angular_controller]: COMPUTE_DEADLINE
[depth_angular_controller-1] [INFO] [1790686982.501132618] [depth_angular_controller]: NO_REGULAR_FIELD
[depth_angular_controller-1] [INFO] [1790686982.641045589] [depth_angular_controller]: PAPER_BUILD reason=NO_CERTIFIED_DIRECTION required=0.0100 best=0.0000 free=0 refined=0 tubes=256 revoked_tubes=0 proofs=128
[depth_angular_controller-1] [INFO] [1790686982.641083220] [depth_angular_controller]: PAPER_EVIDENCE retained=32 balls=32 revoked_balls=0 expired_views=0 evicted_views=179 radius=0.580 clearance=0.000 best_prefix=0.000
[depth_angular_controller-1] [INFO] [1790686983.019641578] [depth_angular_controller]: COMPUTE_DEADLINE
[depth_angular_controller-1] [INFO] [1790686983.087656730] [depth_angular_controller]: NO_REGULAR_FIELD
[depth_angular_controller-1] [INFO] [1790686983.603945173] [depth_angular_controller]: [PERF CTRL] run=iteration15_ego1p1_1 elapsed=214.98s callbacks=4570 commands=4570 guidance=4469 command_fps(ros/wall)=23.03/22.68 guidance_wall_fps=22.43 avoid_ms(mean/p50/p95/max)=27.561/2.019/70.190/99.614 cycle_ms(mean/p95/max)=44.100/82.625/390.268 depth_to_cmd_ms(mean/p95/max)=26.822/33.333/50.000 callback_to_publish_ms(mean/p95/max)=37.241/82.022/111.078
[depth_angular_controller-1] [INFO] [1790686983.762349634] [depth_angular_controller]: PAPER_BUILD reason=NO_CERTIFIED_DIRECTION required=0.0100 best=0.0000 free=0 refined=0 tubes=256 revoked_tubes=0 proofs=128
[depth_angular_controller-1] [INFO] [1790686983.762390100] [depth_angular_controller]: PAPER_EVIDENCE retained=32 balls=32 revoked_balls=0 expired_views=0 evicted_views=179 radius=0.580 clearance=0.000 best_prefix=0.000
[depth_angular_controller-1] [INFO] [1790686984.158273118] [depth_angular_controller]: COMPUTE_DEADLINE
[depth_angular_controller-1] [INFO] [1790686984.235598572] [depth_angular_controller]: NO_REGULAR_FIELD
[depth_angular_controller-1] [INFO] [1790686984.320053304] [depth_angular_controller]: COMPUTE_DEADLINE
[depth_angular_controller-1] [INFO] [1790686984.487444058] [depth_angular_controller]: NO_REGULAR_FIELD
[depth_angular_controller-1] [INFO] [1790686984.568799705] [depth_angular_controller]: COMPUTE_DEADLINE
[depth_angular_controller-1] [INFO] [1790686984.639079347] [depth_angular_controller]: NO_REGULAR_FIELD
[depth_angular_controller-1] [INFO] [1790686984.780467857] [depth_angular_controller]: PAPER_BUILD reason=NO_CERTIFIED_DIRECTION required=0.0100 best=0.0000 free=0 refined=0 tubes=256 revoked_tubes=0 proofs=128
[depth_angular_controller-1] [INFO] [1790686984.780507802] [depth_angular_controller]: PAPER_EVIDENCE retained=32 balls=32 revoked_balls=0 expired_views=0 evicted_views=179 radius=0.580 clearance=0.000 best_prefix=0.000
[depth_angular_controller-1] [INFO] [1790686984.860736524] [depth_angular_controller]: COMPUTE_DEADLINE
[depth_angular_controller-1] [INFO] [1790686984.938526800] [depth_angular_controller]: NO_REGULAR_FIELD
[position_cmd_to_twist-2] [INFO] [1790686984.980586567] [position_cmd_to_twist]: [PERF BRIDGE] run=iteration15_ego1p1_1 elapsed=216.25s received=4587 published=4585 fps(ros/wall)=22.95/22.60 controller_to_bridge_ms(mean/p50/p95/max)=32.556/0.000/100.000/116.667 bridge_process_ms(mean/p95/max)=0.108/0.141/1.663
[depth_angular_controller-1] [INFO] [1790686985.018846032] [depth_angular_controller]: COMPUTE_DEADLINE
[NAV] t=200.0s position=(29.41,8.90,4.55) yaw=3.8deg command=(0.00,0.00,0.00) manual_active=1 collision_blocks=0
[depth_angular_controller-1] [INFO] [1790686985.097428354] [depth_angular_controller]: NO_REGULAR_FIELD
[depth_angular_controller-1] [INFO] [1790686985.257449209] [depth_angular_controller]: COMPUTE_DEADLINE
[depth_angular_controller-1] [INFO] [1790686985.335893212] [depth_angular_controller]: NO_REGULAR_FIELD
[depth_angular_controller-1] [INFO] [1790686985.421785311] [depth_angular_controller]: COMPUTE_DEADLINE
[depth_angular_controller-1] [INFO] [1790686985.501398698] [depth_angular_controller]: NO_REGULAR_FIELD
[depth_angular_controller-1] [INFO] [1790686985.583838279] [depth_angular_controller]: COMPUTE_DEADLINE
[depth_angular_controller-1] [INFO] [1790686985.661298185] [depth_angular_controller]: NO_REGULAR_FIELD
[depth_angular_controller-1] [INFO] [1790686985.738479128] [depth_angular_controller]: PAPER_BUILD reason=NO_CERTIFIED_DIRECTION required=0.0100 best=0.0000 free=0 refined=0 tubes=256 revoked_tubes=0 proofs=128
[depth_angular_controller-1] [INFO] [1790686985.738512831] [depth_angular_controller]: PAPER_EVIDENCE retained=32 balls=32 revoked_balls=0 expired_views=0 evicted_views=179 radius=0.580 clearance=0.000 best_prefix=0.000
[depth_angular_controller-1] [INFO] [1790686985.903260956] [depth_angular_controller]: COMPUTE_DEADLINE
[depth_angular_controller-1] [INFO] [1790686985.977921650] [depth_angular_controller]: NO_REGULAR_FIELD
[depth_angular_controller-1] [INFO] [1790686986.349851959] [depth_angular_controller]: COMPUTE_DEADLINE
[depth_angular_controller-1] [INFO] [1790686986.509442266] [depth_angular_controller]: NO_REGULAR_FIELD
[depth_angular_controller-1] [INFO] [1790686986.747880543] [depth_angular_controller]: COMPUTE_DEADLINE
[depth_angular_controller-1] [INFO] [1790686986.747916461] [depth_angular_controller]: PAPER_BUILD reason=NO_CERTIFIED_DIRECTION required=0.0100 best=0.0000 free=0 refined=0 tubes=256 revoked_tubes=0 proofs=128
[depth_angular_controller-1] [INFO] [1790686986.747927461] [depth_angular_controller]: PAPER_EVIDENCE retained=32 balls=32 revoked_balls=0 expired_views=0 evicted_views=179 radius=0.580 clearance=0.000 best_prefix=0.000
[depth_angular_controller-1] [INFO] [1790686986.823550240] [depth_angular_controller]: NO_REGULAR_FIELD
[depth_angular_controller-1] [INFO] [1790686987.431183524] [depth_angular_controller]: COMPUTE_DEADLINE
[depth_angular_controller-1] [INFO] [1790686987.594445050] [depth_angular_controller]: NO_REGULAR_FIELD
[depth_angular_controller-1] [INFO] [1790686987.750638963] [depth_angular_controller]: PAPER_BUILD reason=NO_CERTIFIED_DIRECTION required=0.0100 best=0.0000 free=0 refined=0 tubes=256 revoked_tubes=0 proofs=128
[depth_angular_controller-1] [INFO] [1790686987.750679529] [depth_angular_controller]: PAPER_EVIDENCE retained=32 balls=32 revoked_balls=0 expired_views=0 evicted_views=179 radius=0.580 clearance=0.000 best_prefix=0.000
[depth_angular_controller-1] [INFO] [1790686988.358265896] [depth_angular_controller]: COMPUTE_DEADLINE
[depth_angular_controller-1] [INFO] [1790686988.599202852] [depth_angular_controller]: NO_REGULAR_FIELD
[depth_angular_controller-1] [INFO] [1790686988.679717220] [depth_angular_controller]: [PERF CTRL] run=iteration15_ego1p1_1 elapsed=220.06s callbacks=4635 commands=4635 guidance=4534 command_fps(ros/wall)=22.75/22.43 guidance_wall_fps=22.19 avoid_ms(mean/p50/p95/max)=28.119/2.130/70.203/99.614 cycle_ms(mean/p95/max)=44.577/82.652/390.268 depth_to_cmd_ms(mean/p95/max)=26.717/33.333/50.000 callback_to_publish_ms(mean/p95/max)=37.811/82.044/111.078
[depth_angular_controller-1] [INFO] [1790686988.759317162] [depth_angular_controller]: PAPER_BUILD reason=NO_CERTIFIED_DIRECTION required=0.0100 best=0.0000 free=0 refined=0 tubes=256 revoked_tubes=0 proofs=128
[depth_angular_controller-1] [INFO] [1790686988.759357778] [depth_angular_controller]: PAPER_EVIDENCE retained=32 balls=32 revoked_balls=0 expired_views=0 evicted_views=179 radius=0.580 clearance=0.000 best_prefix=0.000
[depth_angular_controller-1] [INFO] [1790686988.920364753] [depth_angular_controller]: COMPUTE_DEADLINE
[depth_angular_controller-1] [INFO] [1790686989.000069592] [depth_angular_controller]: NO_REGULAR_FIELD
[depth_angular_controller-1] [INFO] [1790686989.081261541] [depth_angular_controller]: COMPUTE_DEADLINE
[depth_angular_controller-1] [INFO] [1790686989.159893397] [depth_angular_controller]: NO_REGULAR_FIELD
[depth_angular_controller-1] [INFO] [1790686989.489891499] [depth_angular_controller]: COMPUTE_DEADLINE
[depth_angular_controller-1] [INFO] [1790686989.568146658] [depth_angular_controller]: NO_REGULAR_FIELD
[depth_angular_controller-1] [INFO] [1790686989.646057069] [depth_angular_controller]: PAPER_BUILD reason=NO_CERTIFIED_DIRECTION required=0.0100 best=0.0000 free=0 refined=0 tubes=256 revoked_tubes=0 proofs=128
[depth_angular_controller-1] [INFO] [1790686989.646099358] [depth_angular_controller]: PAPER_EVIDENCE retained=32 balls=32 revoked_balls=0 expired_views=0 evicted_views=179 radius=0.580 clearance=0.000 best_prefix=0.000
[position_cmd_to_twist-2] [INFO] [1790686989.689255502] [position_cmd_to_twist]: [PERF BRIDGE] run=iteration15_ego1p1_1 elapsed=220.96s received=4647 published=4645 fps(ros/wall)=22.69/22.38 controller_to_bridge_ms(mean/p50/p95/max)=33.211/0.000/100.000/116.667 bridge_process_ms(mean/p95/max)=0.108/0.141/1.663
[NAV] t=205.0s position=(29.41,8.90,4.55) yaw=3.8deg command=(0.00,0.00,0.00) manual_active=1 collision_blocks=0
[depth_angular_controller-1] [INFO] [1790686989.886611568] [depth_angular_controller]: COMPUTE_DEADLINE
[depth_angular_controller-1] [INFO] [1790686990.042812895] [depth_angular_controller]: NO_REGULAR_FIELD
[depth_angular_controller-1] [INFO] [1790686990.264245771] [depth_angular_controller]: COMPUTE_DEADLINE
[depth_angular_controller-1] [INFO] [1790686990.340301983] [depth_angular_controller]: NO_REGULAR_FIELD
[depth_angular_controller-1] [INFO] [1790686990.499011236] [depth_angular_controller]: COMPUTE_DEADLINE
[depth_angular_controller-1] [INFO] [1790686990.578535586] [depth_angular_controller]: NO_REGULAR_FIELD
[depth_angular_controller-1] [INFO] [1790686990.658873173] [depth_angular_controller]: PAPER_BUILD reason=NO_CERTIFIED_DIRECTION required=0.0100 best=0.0000 free=0 refined=0 tubes=256 revoked_tubes=0 proofs=128
[depth_angular_controller-1] [INFO] [1790686990.658913518] [depth_angular_controller]: PAPER_EVIDENCE retained=32 balls=32 revoked_balls=0 expired_views=0 evicted_views=179 radius=0.580 clearance=0.000 best_prefix=0.000
[depth_angular_controller-1] [INFO] [1790686990.740025187] [depth_angular_controller]: COMPUTE_DEADLINE
[depth_angular_controller-1] [INFO] [1790686990.807476993] [depth_angular_controller]: NO_REGULAR_FIELD
[depth_angular_controller-1] [INFO] [1790686991.034180028] [depth_angular_controller]: COMPUTE_DEADLINE
[depth_angular_controller-1] [INFO] [1790686991.113829443] [depth_angular_controller]: NO_REGULAR_FIELD
[depth_angular_controller-1] [INFO] [1790686991.195118264] [depth_angular_controller]: COMPUTE_DEADLINE
[depth_angular_controller-1] [INFO] [1790686991.272237030] [depth_angular_controller]: NO_REGULAR_FIELD
[depth_angular_controller-1] [INFO] [1790686991.432430699] [depth_angular_controller]: COMPUTE_DEADLINE
[depth_angular_controller-1] [INFO] [1790686991.503940540] [depth_angular_controller]: NO_REGULAR_FIELD
[depth_angular_controller-1] [INFO] [1790686991.719189732] [depth_angular_controller]: PAPER_BUILD reason=NO_CERTIFIED_DIRECTION required=0.0100 best=0.0000 free=0 refined=0 tubes=256 revoked_tubes=0 proofs=128
[depth_angular_controller-1] [INFO] [1790686991.719229767] [depth_angular_controller]: PAPER_EVIDENCE retained=32 balls=32 revoked_balls=0 expired_views=0 evicted_views=179 radius=0.580 clearance=0.000 best_prefix=0.000
[depth_angular_controller-1] [INFO] [1790686992.037805736] [depth_angular_controller]: COMPUTE_DEADLINE
[depth_angular_controller-1] [INFO] [1790686992.115697182] [depth_angular_controller]: NO_REGULAR_FIELD
[depth_angular_controller-1] [INFO] [1790686992.197432831] [depth_angular_controller]: COMPUTE_DEADLINE
[depth_angular_controller-1] [INFO] [1790686992.275601818] [depth_angular_controller]: NO_REGULAR_FIELD
[depth_angular_controller-1] [INFO] [1790686992.435445921] [depth_angular_controller]: COMPUTE_DEADLINE
[depth_angular_controller-1] [INFO] [1790686992.673041597] [depth_angular_controller]: NO_REGULAR_FIELD
[depth_angular_controller-1] [INFO] [1790686992.673112290] [depth_angular_controller]: PAPER_BUILD reason=NO_CERTIFIED_DIRECTION required=0.0100 best=0.0000 free=0 refined=0 tubes=256 revoked_tubes=0 proofs=128
[depth_angular_controller-1] [INFO] [1790686992.673124222] [depth_angular_controller]: PAPER_EVIDENCE retained=32 balls=32 revoked_balls=0 expired_views=0 evicted_views=179 radius=0.580 clearance=0.000 best_prefix=0.000
[depth_angular_controller-1] [INFO] [1790686992.990875704] [depth_angular_controller]: COMPUTE_DEADLINE
[depth_angular_controller-1] [INFO] [1790686993.066251469] [depth_angular_controller]: NO_REGULAR_FIELD
[depth_angular_controller-1] [INFO] [1790686993.597593580] [depth_angular_controller]: COMPUTE_DEADLINE
[depth_angular_controller-1] [INFO] [1790686993.673574230] [depth_angular_controller]: NO_REGULAR_FIELD
[depth_angular_controller-1] [INFO] [1790686993.673621499] [depth_angular_controller]: PAPER_BUILD reason=NO_CERTIFIED_DIRECTION required=0.0100 best=0.0000 free=0 refined=0 tubes=256 revoked_tubes=0 proofs=128
[depth_angular_controller-1] [INFO] [1790686993.673632760] [depth_angular_controller]: PAPER_EVIDENCE retained=32 balls=32 revoked_balls=0 expired_views=0 evicted_views=179 radius=0.580 clearance=0.000 best_prefix=0.000
[depth_angular_controller-1] [INFO] [1790686993.751334841] [depth_angular_controller]: [PERF CTRL] run=iteration15_ego1p1_1 elapsed=225.13s callbacks=4700 commands=4700 guidance=4599 command_fps(ros/wall)=22.47/22.20 guidance_wall_fps=21.97 avoid_ms(mean/p50/p95/max)=28.660/2.209/70.218/99.614 cycle_ms(mean/p95/max)=45.040/82.720/390.268 depth_to_cmd_ms(mean/p95/max)=26.618/33.333/50.000 callback_to_publish_ms(mean/p95/max)=38.363/82.089/111.078
[depth_angular_controller-1] [INFO] [1790686993.911876783] [depth_angular_controller]: COMPUTE_DEADLINE
[depth_angular_controller-1] [INFO] [1790686993.979863012] [depth_angular_controller]: NO_REGULAR_FIELD
[position_cmd_to_twist-2] [INFO] [1790686994.565892065] [position_cmd_to_twist]: [PERF BRIDGE] run=iteration15_ego1p1_1 elapsed=225.83s received=4710 published=4707 fps(ros/wall)=22.45/22.16 controller_to_bridge_ms(mean/p50/p95/max)=33.829/0.000/100.000/116.667 bridge_process_ms(mean/p95/max)=0.109/0.141/1.663
[NAV] t=210.0s position=(29.41,8.90,4.55) yaw=3.8deg command=(0.00,0.00,0.00) manual_active=1 collision_blocks=0
[depth_angular_controller-1] [INFO] [1790686994.726996663] [depth_angular_controller]: COMPUTE_DEADLINE
[depth_angular_controller-1] [INFO] [1790686994.727032390] [depth_angular_controller]: PAPER_BUILD reason=NO_CERTIFIED_DIRECTION required=0.0100 best=0.0000 free=0 refined=0 tubes=256 revoked_tubes=0 proofs=128
[depth_angular_controller-1] [INFO] [1790686994.727042329] [depth_angular_controller]: PAPER_EVIDENCE retained=32 balls=32 revoked_balls=0 expired_views=0 evicted_views=179 radius=0.580 clearance=0.000 best_prefix=0.000
[depth_angular_controller-1] [INFO] [1790686994.804811175] [depth_angular_controller]: NO_REGULAR_FIELD
[depth_angular_controller-1] [INFO] [1790686995.044560432] [depth_angular_controller]: COMPUTE_DEADLINE
[depth_angular_controller-1] [INFO] [1790686995.125304601] [depth_angular_controller]: NO_REGULAR_FIELD
[depth_angular_controller-1] [INFO] [1790686995.440498002] [depth_angular_controller]: COMPUTE_DEADLINE
[depth_angular_controller-1] [INFO] [1790686995.601605296] [depth_angular_controller]: NO_REGULAR_FIELD
[depth_angular_controller-1] [INFO] [1790686995.679603091] [depth_angular_controller]: PAPER_BUILD reason=NO_CERTIFIED_DIRECTION required=0.0100 best=0.0000 free=0 refined=0 tubes=256 revoked_tubes=0 proofs=128
[depth_angular_controller-1] [INFO] [1790686995.680060069] [depth_angular_controller]: PAPER_EVIDENCE retained=32 balls=32 revoked_balls=0 expired_views=0 evicted_views=179 radius=0.580 clearance=0.000 best_prefix=0.000
[depth_angular_controller-1] [INFO] [1790686995.762757734] [depth_angular_controller]: COMPUTE_DEADLINE
[depth_angular_controller-1] [INFO] [1790686995.924240662] [depth_angular_controller]: NO_REGULAR_FIELD
[depth_angular_controller-1] [INFO] [1790686996.166130286] [depth_angular_controller]: COMPUTE_DEADLINE
[depth_angular_controller-1] [INFO] [1790686996.244095129] [depth_angular_controller]: NO_REGULAR_FIELD
[depth_angular_controller-1] [INFO] [1790686996.563434561] [depth_angular_controller]: COMPUTE_DEADLINE
[depth_angular_controller-1] [INFO] [1790686996.639880704] [depth_angular_controller]: NO_REGULAR_FIELD
[depth_angular_controller-1] [INFO] [1790686996.639915620] [depth_angular_controller]: PAPER_BUILD reason=NO_CERTIFIED_DIRECTION required=0.0100 best=0.0000 free=0 refined=0 tubes=256 revoked_tubes=0 proofs=128
[depth_angular_controller-1] [INFO] [1790686996.639926911] [depth_angular_controller]: PAPER_EVIDENCE retained=32 balls=32 revoked_balls=0 expired_views=0 evicted_views=179 radius=0.580 clearance=0.000 best_prefix=0.000
[depth_angular_controller-1] [INFO] [1790686997.511302507] [depth_angular_controller]: COMPUTE_DEADLINE
[depth_angular_controller-1] [INFO] [1790686997.590435232] [depth_angular_controller]: NO_REGULAR_FIELD
[depth_angular_controller-1] [INFO] [1790686997.671638743] [depth_angular_controller]: COMPUTE_DEADLINE
[depth_angular_controller-1] [INFO] [1790686997.753528542] [depth_angular_controller]: PAPER_BUILD reason=NO_CERTIFIED_DIRECTION required=0.0100 best=0.0000 free=0 refined=0 tubes=256 revoked_tubes=0 proofs=128
[depth_angular_controller-1] [INFO] [1790686997.753569619] [depth_angular_controller]: PAPER_EVIDENCE retained=32 balls=32 revoked_balls=0 expired_views=0 evicted_views=179 radius=0.580 clearance=0.000 best_prefix=0.000
[depth_angular_controller-1] [INFO] [1790686997.829713676] [depth_angular_controller]: NO_REGULAR_FIELD
[depth_angular_controller-1] [INFO] [1790686997.989603364] [depth_angular_controller]: COMPUTE_DEADLINE
[depth_angular_controller-1] [INFO] [1790686998.070126118] [depth_angular_controller]: NO_REGULAR_FIELD
[depth_angular_controller-1] [INFO] [1790686998.152749614] [depth_angular_controller]: COMPUTE_DEADLINE
[depth_angular_controller-1] [INFO] [1790686998.229446408] [depth_angular_controller]: NO_REGULAR_FIELD
[depth_angular_controller-1] [INFO] [1790686998.470929198] [depth_angular_controller]: COMPUTE_DEADLINE
[depth_angular_controller-1] [INFO] [1790686998.632827957] [depth_angular_controller]: PAPER_BUILD reason=NO_CERTIFIED_DIRECTION required=0.0100 best=0.0000 free=0 refined=0 tubes=256 revoked_tubes=0 proofs=128
[depth_angular_controller-1] [INFO] [1790686998.632869224] [depth_angular_controller]: PAPER_EVIDENCE retained=32 balls=32 revoked_balls=0 expired_views=0 evicted_views=179 radius=0.580 clearance=0.000 best_prefix=0.000
[depth_angular_controller-1] [INFO] [1790686998.712236139] [depth_angular_controller]: NO_REGULAR_FIELD
[depth_angular_controller-1] [INFO] [1790686998.790202395] [depth_angular_controller]: [PERF CTRL] run=iteration15_ego1p1_1 elapsed=230.17s callbacks=4765 commands=4765 guidance=4664 command_fps(ros/wall)=22.23/21.99 guidance_wall_fps=21.75 avoid_ms(mean/p50/p95/max)=29.179/2.316/70.225/99.614 cycle_ms(mean/p95/max)=45.483/82.691/390.268 depth_to_cmd_ms(mean/p95/max)=26.515/33.333/50.000 callback_to_publish_ms(mean/p95/max)=38.890/82.093/111.078
[depth_angular_controller-1] [INFO] [1790686998.874958463] [depth_angular_controller]: COMPUTE_DEADLINE
[depth_angular_controller-1] [INFO] [1790686998.954892091] [depth_angular_controller]: NO_REGULAR_FIELD
[depth_angular_controller-1] [INFO] [1790686999.037463980] [depth_angular_controller]: COMPUTE_DEADLINE
[depth_angular_controller-1] [INFO] [1790686999.113736728] [depth_angular_controller]: NO_REGULAR_FIELD
[position_cmd_to_twist-2] [INFO] [1790686999.323257000] [position_cmd_to_twist]: [PERF BRIDGE] run=iteration15_ego1p1_1 elapsed=230.59s received=4771 published=4768 fps(ros/wall)=22.21/21.95 controller_to_bridge_ms(mean/p50/p95/max)=34.444/0.000/100.000/116.667 bridge_process_ms(mean/p95/max)=0.109/0.141/1.663
[NAV] t=215.0s position=(29.41,8.90,4.55) yaw=3.8deg command=(0.00,0.00,0.00) manual_active=1 collision_blocks=0
[depth_angular_controller-1] [INFO] [1790686999.562100468] [depth_angular_controller]: COMPUTE_DEADLINE
[depth_angular_controller-1] [INFO] [1790686999.641284369] [depth_angular_controller]: NO_REGULAR_FIELD
[depth_angular_controller-1] [INFO] [1790686999.641324835] [depth_angular_controller]: PAPER_BUILD reason=NO_CERTIFIED_DIRECTION required=0.0100 best=0.0000 free=0 refined=0 tubes=256 revoked_tubes=0 proofs=128
[depth_angular_controller-1] [INFO] [1790686999.641335175] [depth_angular_controller]: PAPER_EVIDENCE retained=32 balls=32 revoked_balls=0 expired_views=0 evicted_views=179 radius=0.580 clearance=0.000 best_prefix=0.000
[depth_angular_controller-1] [INFO] [1790686999.801912283] [depth_angular_controller]: COMPUTE_DEADLINE
[depth_angular_controller-1] [INFO] [1790686999.879027582] [depth_angular_controller]: NO_REGULAR_FIELD
[depth_angular_controller-1] [INFO] [1790687000.038758773] [depth_angular_controller]: COMPUTE_DEADLINE
[depth_angular_controller-1] [INFO] [1790687000.114037306] [depth_angular_controller]: NO_REGULAR_FIELD
[depth_angular_controller-1] [INFO] [1790687000.196068390] [depth_angular_controller]: COMPUTE_DEADLINE
[depth_angular_controller-1] [INFO] [1790687000.273177338] [depth_angular_controller]: NO_REGULAR_FIELD
[depth_angular_controller-1] [INFO] [1790687000.511430748] [depth_angular_controller]: COMPUTE_DEADLINE
[depth_angular_controller-1] [INFO] [1790687000.595544761] [depth_angular_controller]: PAPER_BUILD reason=NO_CERTIFIED_DIRECTION required=0.0100 best=0.0000 free=0 refined=0 tubes=256 revoked_tubes=0 proofs=128
[depth_angular_controller-1] [INFO] [1790687000.595586359] [depth_angular_controller]: PAPER_EVIDENCE retained=32 balls=32 revoked_balls=0 expired_views=0 evicted_views=179 radius=0.580 clearance=0.000 best_prefix=0.000
[depth_angular_controller-1] [INFO] [1790687000.673875441] [depth_angular_controller]: NO_REGULAR_FIELD
[depth_angular_controller-1] [INFO] [1790687000.911905032] [depth_angular_controller]: COMPUTE_DEADLINE
[depth_angular_controller-1] [INFO] [1790687001.073151646] [depth_angular_controller]: NO_REGULAR_FIELD
[depth_angular_controller-1] [INFO] [1790687001.577351394] [depth_angular_controller]: COMPUTE_DEADLINE
[depth_angular_controller-1] [INFO] [1790687001.642342552] [depth_angular_controller]: NO_REGULAR_FIELD
[depth_angular_controller-1] [INFO] [1790687001.711196779] [depth_angular_controller]: PAPER_BUILD reason=NO_CERTIFIED_DIRECTION required=0.0100 best=0.0000 free=0 refined=0 tubes=256 revoked_tubes=0 proofs=128
[depth_angular_controller-1] [INFO] [1790687001.711277631] [depth_angular_controller]: PAPER_EVIDENCE retained=32 balls=32 revoked_balls=0 expired_views=0 evicted_views=179 radius=0.580 clearance=0.000 best_prefix=0.000
[depth_angular_controller-1] [INFO] [1790687001.947915630] [depth_angular_controller]: COMPUTE_DEADLINE
[depth_angular_controller-1] [INFO] [1790687002.026747741] [depth_angular_controller]: NO_REGULAR_FIELD
[depth_angular_controller-1] [INFO] [1790687002.267735804] [depth_angular_controller]: COMPUTE_DEADLINE
[depth_angular_controller-1] [INFO] [1790687002.347714296] [depth_angular_controller]: NO_REGULAR_FIELD
[depth_angular_controller-1] [INFO] [1790687002.586564597] [depth_angular_controller]: COMPUTE_DEADLINE
[depth_angular_controller-1] [INFO] [1790687002.668899300] [depth_angular_controller]: PAPER_BUILD reason=NO_CERTIFIED_DIRECTION required=0.0100 best=0.0000 free=0 refined=0 tubes=256 revoked_tubes=0 proofs=128
[depth_angular_controller-1] [INFO] [1790687002.668938825] [depth_angular_controller]: PAPER_EVIDENCE retained=32 balls=32 revoked_balls=0 expired_views=0 evicted_views=179 radius=0.580 clearance=0.000 best_prefix=0.000
[depth_angular_controller-1] [INFO] [1790687002.746234162] [depth_angular_controller]: NO_REGULAR_FIELD
[depth_angular_controller-1] [INFO] [1790687002.971987977] [depth_angular_controller]: COMPUTE_DEADLINE
[depth_angular_controller-1] [INFO] [1790687003.049199647] [depth_angular_controller]: NO_REGULAR_FIELD
[depth_angular_controller-1] [INFO] [1790687003.507565856] [depth_angular_controller]: COMPUTE_DEADLINE
[depth_angular_controller-1] [INFO] [1790687003.669002187] [depth_angular_controller]: NO_REGULAR_FIELD
[depth_angular_controller-1] [INFO] [1790687003.747906043] [depth_angular_controller]: PAPER_BUILD reason=NO_CERTIFIED_DIRECTION required=0.0100 best=0.0000 free=0 refined=0 tubes=256 revoked_tubes=0 proofs=128
[depth_angular_controller-1] [INFO] [1790687003.747942662] [depth_angular_controller]: PAPER_EVIDENCE retained=32 balls=32 revoked_balls=0 expired_views=0 evicted_views=179 radius=0.580 clearance=0.000 best_prefix=0.000
[depth_angular_controller-1] [INFO] [1790687003.831519566] [depth_angular_controller]: [PERF CTRL] run=iteration15_ego1p1_1 elapsed=235.21s callbacks=4830 commands=4830 guidance=4729 command_fps(ros/wall)=22.00/21.78 guidance_wall_fps=21.55 avoid_ms(mean/p50/p95/max)=29.686/2.424/70.277/99.614 cycle_ms(mean/p95/max)=45.915/82.743/390.268 depth_to_cmd_ms(mean/p95/max)=26.404/33.333/50.000 callback_to_publish_ms(mean/p95/max)=39.405/82.184/111.078
[depth_angular_controller-1] [INFO] [1790687003.831595689] [depth_angular_controller]: COMPUTE_DEADLINE
[depth_angular_controller-1] [INFO] [1790687003.910128318] [depth_angular_controller]: NO_REGULAR_FIELD
[depth_angular_controller-1] [INFO] [1790687004.073869795] [depth_angular_controller]: COMPUTE_DEADLINE
[position_cmd_to_twist-2] [INFO] [1790687004.128965233] [position_cmd_to_twist]: [PERF BRIDGE] run=iteration15_ego1p1_1 elapsed=235.40s received=4833 published=4830 fps(ros/wall)=21.99/21.76 controller_to_bridge_ms(mean/p50/p95/max)=35.037/0.000/100.000/116.667 bridge_process_ms(mean/p95/max)=0.109/0.141/1.751
[depth_angular_controller-1] [INFO] [1790687004.150925142] [depth_angular_controller]: NO_REGULAR_FIELD
[NAV] t=220.0s position=(29.41,8.90,4.55) yaw=3.8deg command=(0.00,0.00,0.00) manual_active=1 collision_blocks=0
[depth_angular_controller-1] [INFO] [1790687004.548724746] [depth_angular_controller]: COMPUTE_DEADLINE
[depth_angular_controller-1] [INFO] [1790687004.718694981] [depth_angular_controller]: PAPER_BUILD reason=NO_CERTIFIED_DIRECTION required=0.0100 best=0.0000 free=0 refined=0 tubes=256 revoked_tubes=0 proofs=128
[depth_angular_controller-1] [INFO] [1790687004.718734806] [depth_angular_controller]: PAPER_EVIDENCE retained=32 balls=32 revoked_balls=0 expired_views=0 evicted_views=179 radius=0.580 clearance=0.000 best_prefix=0.000
[depth_angular_controller-1] [INFO] [1790687004.796745766] [depth_angular_controller]: NO_REGULAR_FIELD
[depth_angular_controller-1] [INFO] [1790687004.877980886] [depth_angular_controller]: COMPUTE_DEADLINE
[depth_angular_controller-1] [INFO] [1790687005.025108647] [depth_angular_controller]: NO_REGULAR_FIELD
[depth_angular_controller-1] [INFO] [1790687005.246533868] [depth_angular_controller]: COMPUTE_DEADLINE
[depth_angular_controller-1] [INFO] [1790687005.325609226] [depth_angular_controller]: NO_REGULAR_FIELD
[depth_angular_controller-1] [INFO] [1790687005.406761281] [depth_angular_controller]: COMPUTE_DEADLINE
[depth_angular_controller-1] [INFO] [1790687005.483911035] [depth_angular_controller]: NO_REGULAR_FIELD
[depth_angular_controller-1] [INFO] [1790687005.567600040] [depth_angular_controller]: COMPUTE_DEADLINE
[depth_angular_controller-1] [INFO] [1790687005.730226173] [depth_angular_controller]: PAPER_BUILD reason=NO_CERTIFIED_DIRECTION required=0.0100 best=0.0000 free=0 refined=0 tubes=256 revoked_tubes=0 proofs=128
[depth_angular_controller-1] [INFO] [1790687005.730274113] [depth_angular_controller]: PAPER_EVIDENCE retained=32 balls=32 revoked_balls=0 expired_views=0 evicted_views=179 radius=0.580 clearance=0.000 best_prefix=0.000
[depth_angular_controller-1] [INFO] [1790687005.805554299] [depth_angular_controller]: NO_REGULAR_FIELD
[depth_angular_controller-1] [INFO] [1790687006.044136737] [depth_angular_controller]: COMPUTE_DEADLINE
[depth_angular_controller-1] [INFO] [1790687006.204638143] [depth_angular_controller]: NO_REGULAR_FIELD
[depth_angular_controller-1] [INFO] [1790687006.368955590] [depth_angular_controller]: COMPUTE_DEADLINE
[depth_angular_controller-1] [INFO] [1790687006.447029849] [depth_angular_controller]: NO_REGULAR_FIELD
[depth_angular_controller-1] [INFO] [1790687006.607906440] [depth_angular_controller]: COMPUTE_DEADLINE
[depth_angular_controller-1] [INFO] [1790687006.689918709] [depth_angular_controller]: PAPER_BUILD reason=NO_CERTIFIED_DIRECTION required=0.0100 best=0.0000 free=0 refined=0 tubes=256 revoked_tubes=0 proofs=128
[depth_angular_controller-1] [INFO] [1790687006.689955387] [depth_angular_controller]: PAPER_EVIDENCE retained=32 balls=32 revoked_balls=0 expired_views=0 evicted_views=179 radius=0.580 clearance=0.000 best_prefix=0.000
[depth_angular_controller-1] [INFO] [1790687006.851810454] [depth_angular_controller]: NO_REGULAR_FIELD
[depth_angular_controller-1] [INFO] [1790687006.933087132] [depth_angular_controller]: COMPUTE_DEADLINE
[depth_angular_controller-1] [INFO] [1790687007.009779919] [depth_angular_controller]: NO_REGULAR_FIELD
[depth_angular_controller-1] [INFO] [1790687007.536272189] [depth_angular_controller]: COMPUTE_DEADLINE
[depth_angular_controller-1] [INFO] [1790687007.615813601] [depth_angular_controller]: NO_REGULAR_FIELD
[depth_angular_controller-1] [INFO] [1790687007.697174849] [depth_angular_controller]: COMPUTE_DEADLINE
[depth_angular_controller-1] [INFO] [1790687007.697212129] [depth_angular_controller]: PAPER_BUILD reason=NO_CERTIFIED_DIRECTION required=0.0100 best=0.0000 free=0 refined=0 tubes=256 revoked_tubes=0 proofs=128
[depth_angular_controller-1] [INFO] [1790687007.697223991] [depth_angular_controller]: PAPER_EVIDENCE retained=32 balls=32 revoked_balls=0 expired_views=0 evicted_views=179 radius=0.580 clearance=0.000 best_prefix=0.000
[depth_angular_controller-1] [INFO] [1790687007.776453688] [depth_angular_controller]: NO_REGULAR_FIELD
[depth_angular_controller-1] [INFO] [1790687008.370462395] [depth_angular_controller]: COMPUTE_DEADLINE
[depth_angular_controller-1] [INFO] [1790687008.531308849] [depth_angular_controller]: NO_REGULAR_FIELD
[depth_angular_controller-1] [INFO] [1790687008.693946995] [depth_angular_controller]: COMPUTE_DEADLINE
[depth_angular_controller-1] [INFO] [1790687008.693982892] [depth_angular_controller]: PAPER_BUILD reason=NO_CERTIFIED_DIRECTION required=0.0100 best=0.0000 free=0 refined=0 tubes=256 revoked_tubes=0 proofs=128
[depth_angular_controller-1] [INFO] [1790687008.693991178] [depth_angular_controller]: PAPER_EVIDENCE retained=32 balls=32 revoked_balls=0 expired_views=0 evicted_views=179 radius=0.580 clearance=0.000 best_prefix=0.000
[position_cmd_to_twist-2] [INFO] [1790687008.809375671] [position_cmd_to_twist]: [PERF BRIDGE] run=iteration15_ego1p1_1 elapsed=240.08s received=4893 published=4890 fps(ros/wall)=21.76/21.57 controller_to_bridge_ms(mean/p50/p95/max)=35.633/0.000/100.000/116.667 bridge_process_ms(mean/p95/max)=0.109/0.141/1.751
[depth_angular_controller-1] [INFO] [1790687008.852087130] [depth_angular_controller]: [PERF CTRL] run=iteration15_ego1p1_1 elapsed=240.23s callbacks=4894 commands=4894 guidance=4793 command_fps(ros/wall)=21.76/21.58 guidance_wall_fps=21.35 avoid_ms(mean/p50/p95/max)=30.181/2.602/70.323/99.614 cycle_ms(mean/p95/max)=46.340/82.800/390.268 depth_to_cmd_ms(mean/p95/max)=26.306/33.333/50.000 callback_to_publish_ms(mean/p95/max)=39.911/82.274/111.078
[depth_angular_controller-1] [INFO] [1790687008.852156480] [depth_angular_controller]: NO_REGULAR_FIELD
[NAV] t=225.0s position=(29.41,8.90,4.55) yaw=3.8deg command=(0.00,0.00,0.00) manual_active=1 collision_blocks=0
[depth_angular_controller-1] [INFO] [1790687009.693293042] [depth_angular_controller]: COMPUTE_DEADLINE
[depth_angular_controller-1] [INFO] [1790687009.693328718] [depth_angular_controller]: PAPER_BUILD reason=NO_CERTIFIED_DIRECTION required=0.0100 best=0.0000 free=0 refined=0 tubes=256 revoked_tubes=0 proofs=128
[depth_angular_controller-1] [INFO] [1790687009.693338016] [depth_angular_controller]: PAPER_EVIDENCE retained=32 balls=32 revoked_balls=0 expired_views=0 evicted_views=179 radius=0.580 clearance=0.000 best_prefix=0.000
[depth_angular_controller-1] [INFO] [1790687009.771783772] [depth_angular_controller]: NO_REGULAR_FIELD
[depth_angular_controller-1] [INFO] [1790687009.936626335] [depth_angular_controller]: COMPUTE_DEADLINE
[depth_angular_controller-1] [INFO] [1790687010.096475337] [depth_angular_controller]: NO_REGULAR_FIELD
[depth_angular_controller-1] [INFO] [1790687010.702469325] [depth_angular_controller]: COMPUTE_DEADLINE
[depth_angular_controller-1] [INFO] [1790687010.702506024] [depth_angular_controller]: PAPER_BUILD reason=NO_CERTIFIED_DIRECTION required=0.0100 best=0.0000 free=0 refined=0 tubes=256 revoked_tubes=0 proofs=128
[depth_angular_controller-1] [INFO] [1790687010.702516173] [depth_angular_controller]: PAPER_EVIDENCE retained=32 balls=32 revoked_balls=0 expired_views=0 evicted_views=179 radius=0.580 clearance=0.000 best_prefix=0.000
[depth_angular_controller-1] [INFO] [1790687010.782480949] [depth_angular_controller]: NO_REGULAR_FIELD
[depth_angular_controller-1] [INFO] [1790687010.942308731] [depth_angular_controller]: COMPUTE_DEADLINE
[depth_angular_controller-1] [INFO] [1790687011.022372985] [depth_angular_controller]: NO_REGULAR_FIELD
[depth_angular_controller-1] [INFO] [1790687011.183987520] [depth_angular_controller]: COMPUTE_DEADLINE
[depth_angular_controller-1] [INFO] [1790687011.262128133] [depth_angular_controller]: NO_REGULAR_FIELD
[depth_angular_controller-1] [INFO] [1790687011.343309483] [depth_angular_controller]: COMPUTE_DEADLINE
[depth_angular_controller-1] [INFO] [1790687011.415656785] [depth_angular_controller]: NO_REGULAR_FIELD
[depth_angular_controller-1] [INFO] [1790687011.764168840] [depth_angular_controller]: PAPER_BUILD reason=NO_CERTIFIED_DIRECTION required=0.0100 best=0.0000 free=0 refined=0 tubes=256 revoked_tubes=0 proofs=128
[depth_angular_controller-1] [INFO] [1790687011.764207031] [depth_angular_controller]: PAPER_EVIDENCE retained=32 balls=32 revoked_balls=0 expired_views=0 evicted_views=179 radius=0.580 clearance=0.000 best_prefix=0.000
[depth_angular_controller-1] [INFO] [1790687012.134361799] [depth_angular_controller]: COMPUTE_DEADLINE
[depth_angular_controller-1] [INFO] [1790687012.211474173] [depth_angular_controller]: NO_REGULAR_FIELD
[depth_angular_controller-1] [INFO] [1790687012.295232809] [depth_angular_controller]: COMPUTE_DEADLINE
[depth_angular_controller-1] [INFO] [1790687012.372667297] [depth_angular_controller]: NO_REGULAR_FIELD
[depth_angular_controller-1] [INFO] [1790687012.453371782] [depth_angular_controller]: COMPUTE_DEADLINE
[depth_angular_controller-1] [INFO] [1790687012.616486332] [depth_angular_controller]: NO_REGULAR_FIELD
[depth_angular_controller-1] [INFO] [1790687012.778172652] [depth_angular_controller]: COMPUTE_DEADLINE
[depth_angular_controller-1] [INFO] [1790687012.778205423] [depth_angular_controller]: PAPER_BUILD reason=NO_CERTIFIED_DIRECTION required=0.0100 best=0.0000 free=0 refined=0 tubes=256 revoked_tubes=0 proofs=128
[depth_angular_controller-1] [INFO] [1790687012.778215502] [depth_angular_controller]: PAPER_EVIDENCE retained=32 balls=32 revoked_balls=0 expired_views=0 evicted_views=179 radius=0.580 clearance=0.000 best_prefix=0.000
[depth_angular_controller-1] [INFO] [1790687012.854424180] [depth_angular_controller]: NO_REGULAR_FIELD
[depth_angular_controller-1] [INFO] [1790687013.091315455] [depth_angular_controller]: COMPUTE_DEADLINE
[depth_angular_controller-1] [INFO] [1790687013.168420014] [depth_angular_controller]: NO_REGULAR_FIELD
[position_cmd_to_twist-2] [INFO] [1790687013.626177351] [position_cmd_to_twist]: [PERF BRIDGE] run=iteration15_ego1p1_1 elapsed=244.89s received=4955 published=4952 fps(ros/wall)=21.56/21.39 controller_to_bridge_ms(mean/p50/p95/max)=36.196/0.000/100.000/116.667 bridge_process_ms(mean/p95/max)=0.109/0.141/1.751
[NAV] t=230.0s position=(29.41,8.90,4.55) yaw=3.8deg command=(0.00,0.00,0.00) manual_active=1 collision_blocks=0
[depth_angular_controller-1] [INFO] [1790687013.720657897] [depth_angular_controller]: COMPUTE_DEADLINE
[depth_angular_controller-1] [INFO] [1790687013.720690258] [depth_angular_controller]: PAPER_BUILD reason=NO_CERTIFIED_DIRECTION required=0.0100 best=0.0000 free=0 refined=0 tubes=256 revoked_tubes=0 proofs=128
[depth_angular_controller-1] [INFO] [1790687013.720699345] [depth_angular_controller]: PAPER_EVIDENCE retained=32 balls=32 revoked_balls=0 expired_views=0 evicted_views=179 radius=0.580 clearance=0.000 best_prefix=0.000
[depth_angular_controller-1] [INFO] [1790687013.884219656] [depth_angular_controller]: [PERF CTRL] run=iteration15_ego1p1_1 elapsed=245.26s callbacks=4959 commands=4959 guidance=4858 command_fps(ros/wall)=21.54/21.39 guidance_wall_fps=21.17 avoid_ms(mean/p50/p95/max)=30.663/2.834/70.375/99.614 cycle_ms(mean/p95/max)=46.748/82.813/390.268 depth_to_cmd_ms(mean/p95/max)=26.214/33.333/50.000 callback_to_publish_ms(mean/p95/max)=40.399/82.320/111.078
[depth_angular_controller-1] [INFO] [1790687013.884280070] [depth_angular_controller]: NO_REGULAR_FIELD
[depth_angular_controller-1] [INFO] [1790687014.208514797] [depth_angular_controller]: COMPUTE_DEADLINE
[depth_angular_controller-1] [INFO] [1790687014.286021852] [depth_angular_controller]: NO_REGULAR_FIELD
[depth_angular_controller-1] [INFO] [1790687014.371536773] [depth_angular_controller]: COMPUTE_DEADLINE
[depth_angular_controller-1] [INFO] [1790687014.442339647] [depth_angular_controller]: NO_REGULAR_FIELD
[depth_angular_controller-1] [INFO] [1790687014.727772722] [depth_angular_controller]: PAPER_BUILD reason=NO_CERTIFIED_DIRECTION required=0.0100 best=0.0000 free=0 refined=0 tubes=256 revoked_tubes=0 proofs=128
[depth_angular_controller-1] [INFO] [1790687014.727812306] [depth_angular_controller]: PAPER_EVIDENCE retained=32 balls=32 revoked_balls=0 expired_views=0 evicted_views=179 radius=0.580 clearance=0.000 best_prefix=0.000
[depth_angular_controller-1] [INFO] [1790687015.136462682] [depth_angular_controller]: COMPUTE_DEADLINE
[depth_angular_controller-1] [INFO] [1790687015.211392901] [depth_angular_controller]: NO_REGULAR_FIELD
[depth_angular_controller-1] [INFO] [1790687015.665468439] [depth_angular_controller]: COMPUTE_DEADLINE
[depth_angular_controller-1] [INFO] [1790687015.741687237] [depth_angular_controller]: NO_REGULAR_FIELD
[depth_angular_controller-1] [INFO] [1790687015.902566262] [depth_angular_controller]: COMPUTE_DEADLINE
[depth_angular_controller-1] [INFO] [1790687015.902603872] [depth_angular_controller]: PAPER_BUILD reason=NO_CERTIFIED_DIRECTION required=0.0100 best=0.0000 free=0 refined=0 tubes=256 revoked_tubes=0 proofs=128
[depth_angular_controller-1] [INFO] [1790687015.902614572] [depth_angular_controller]: PAPER_EVIDENCE retained=32 balls=32 revoked_balls=0 expired_views=0 evicted_views=179 radius=0.580 clearance=0.000 best_prefix=0.000
[depth_angular_controller-1] [INFO] [1790687015.981342518] [depth_angular_controller]: NO_REGULAR_FIELD
[depth_angular_controller-1] [INFO] [1790687016.062358397] [depth_angular_controller]: COMPUTE_DEADLINE
[depth_angular_controller-1] [INFO] [1790687016.141423475] [depth_angular_controller]: NO_REGULAR_FIELD
[depth_angular_controller-1] [INFO] [1790687016.223130621] [depth_angular_controller]: COMPUTE_DEADLINE
[depth_angular_controller-1] [INFO] [1790687016.549263040] [depth_angular_controller]: NO_REGULAR_FIELD
[depth_angular_controller-1] [INFO] [1790687016.710427951] [depth_angular_controller]: COMPUTE_DEADLINE
[depth_angular_controller-1] [INFO] [1790687016.786798774] [depth_angular_controller]: NO_REGULAR_FIELD
[depth_angular_controller-1] [INFO] [1790687016.865495601] [depth_angular_controller]: PAPER_BUILD reason=NO_CERTIFIED_DIRECTION required=0.0100 best=0.0000 free=0 refined=0 tubes=256 revoked_tubes=0 proofs=128
[depth_angular_controller-1] [INFO] [1790687016.865536277] [depth_angular_controller]: PAPER_EVIDENCE retained=32 balls=32 revoked_balls=0 expired_views=0 evicted_views=179 radius=0.580 clearance=0.000 best_prefix=0.000
[depth_angular_controller-1] [INFO] [1790687017.340659402] [depth_angular_controller]: COMPUTE_DEADLINE
[depth_angular_controller-1] [INFO] [1790687017.418624967] [depth_angular_controller]: NO_REGULAR_FIELD
[depth_angular_controller-1] [INFO] [1790687017.660117055] [depth_angular_controller]: COMPUTE_DEADLINE
[depth_angular_controller-1] [INFO] [1790687017.821024924] [depth_angular_controller]: NO_REGULAR_FIELD
[depth_angular_controller-1] [INFO] [1790687017.821063075] [depth_angular_controller]: PAPER_BUILD reason=NO_CERTIFIED_DIRECTION required=0.0100 best=0.0000 free=0 refined=0 tubes=256 revoked_tubes=0 proofs=128
[depth_angular_controller-1] [INFO] [1790687017.821072483] [depth_angular_controller]: PAPER_EVIDENCE retained=32 balls=32 revoked_balls=0 expired_views=0 evicted_views=179 radius=0.580 clearance=0.000 best_prefix=0.000
[depth_angular_controller-1] [INFO] [1790687018.136444730] [depth_angular_controller]: COMPUTE_DEADLINE
[depth_angular_controller-1] [INFO] [1790687018.217462252] [depth_angular_controller]: NO_REGULAR_FIELD
[depth_angular_controller-1] [INFO] [1790687018.299067787] [depth_angular_controller]: COMPUTE_DEADLINE
[depth_angular_controller-1] [INFO] [1790687018.379717178] [depth_angular_controller]: NO_REGULAR_FIELD
[position_cmd_to_twist-2] [INFO] [1790687018.457430390] [position_cmd_to_twist]: [PERF BRIDGE] run=iteration15_ego1p1_1 elapsed=249.73s received=5017 published=5014 fps(ros/wall)=21.37/21.22 controller_to_bridge_ms(mean/p50/p95/max)=36.742/0.000/100.000/116.667 bridge_process_ms(mean/p95/max)=0.109/0.141/1.751
[depth_angular_controller-1] [INFO] [1790687018.464056224] [depth_angular_controller]: COMPUTE_DEADLINE
[NAV] t=235.0s position=(29.41,8.90,4.55) yaw=3.8deg command=(0.00,0.00,0.00) manual_active=1 collision_blocks=0
[depth_angular_controller-1] [INFO] [1790687018.544468610] [depth_angular_controller]: NO_REGULAR_FIELD
[depth_angular_controller-1] [INFO] [1790687018.704031135] [depth_angular_controller]: COMPUTE_DEADLINE
[depth_angular_controller-1] [INFO] [1790687018.787182391] [depth_angular_controller]: PAPER_BUILD reason=NO_CERTIFIED_DIRECTION required=0.0100 best=0.0000 free=0 refined=0 tubes=256 revoked_tubes=0 proofs=128
[depth_angular_controller-1] [INFO] [1790687018.787224860] [depth_angular_controller]: PAPER_EVIDENCE retained=32 balls=32 revoked_balls=0 expired_views=0 evicted_views=179 radius=0.580 clearance=0.000 best_prefix=0.000
[depth_angular_controller-1] [INFO] [1790687018.865163385] [depth_angular_controller]: NO_REGULAR_FIELD
[depth_angular_controller-1] [INFO] [1790687018.940638606] [depth_angular_controller]: [PERF CTRL] run=iteration15_ego1p1_1 elapsed=250.32s callbacks=5024 commands=5024 guidance=4923 command_fps(ros/wall)=21.34/21.21 guidance_wall_fps=20.99 avoid_ms(mean/p50/p95/max)=31.131/3.131/70.426/99.614 cycle_ms(mean/p95/max)=47.149/82.868/390.268 depth_to_cmd_ms(mean/p95/max)=26.105/33.333/50.000 callback_to_publish_ms(mean/p95/max)=40.879/82.372/111.078
[depth_angular_controller-1] [INFO] [1790687019.181810433] [depth_angular_controller]: COMPUTE_DEADLINE
[depth_angular_controller-1] [INFO] [1790687019.257058239] [depth_angular_controller]: NO_REGULAR_FIELD
[depth_angular_controller-1] [INFO] [1790687019.710573225] [depth_angular_controller]: COMPUTE_DEADLINE
[depth_angular_controller-1] [INFO] [1790687019.794871443] [depth_angular_controller]: PAPER_BUILD reason=NO_CERTIFIED_DIRECTION required=0.0100 best=0.0000 free=0 refined=0 tubes=256 revoked_tubes=0 proofs=128
[depth_angular_controller-1] [INFO] [1790687019.794919283] [depth_angular_controller]: PAPER_EVIDENCE retained=32 balls=32 revoked_balls=0 expired_views=0 evicted_views=179 radius=0.580 clearance=0.000 best_prefix=0.000
[depth_angular_controller-1] [INFO] [1790687019.975189556] [depth_angular_controller]: NO_REGULAR_FIELD
[depth_angular_controller-1] [INFO] [1790687020.218887343] [depth_angular_controller]: COMPUTE_DEADLINE
[depth_angular_controller-1] [INFO] [1790687020.293193060] [depth_angular_controller]: NO_REGULAR_FIELD
[depth_angular_controller-1] [INFO] [1790687020.604744808] [depth_angular_controller]: COMPUTE_DEADLINE
[depth_angular_controller-1] [INFO] [1790687020.831603345] [depth_angular_controller]: NO_REGULAR_FIELD
[depth_angular_controller-1] [INFO] [1790687020.909747385] [depth_angular_controller]: PAPER_BUILD reason=NO_CERTIFIED_DIRECTION required=0.0100 best=0.0000 free=0 refined=0 tubes=256 revoked_tubes=0 proofs=128
[depth_angular_controller-1] [INFO] [1790687020.909785687] [depth_angular_controller]: PAPER_EVIDENCE retained=32 balls=32 revoked_balls=0 expired_views=0 evicted_views=179 radius=0.580 clearance=0.000 best_prefix=0.000
[depth_angular_controller-1] [INFO] [1790687021.065875715] [depth_angular_controller]: COMPUTE_DEADLINE
[depth_angular_controller-1] [INFO] [1790687021.141737222] [depth_angular_controller]: NO_REGULAR_FIELD
[depth_angular_controller-1] [INFO] [1790687021.381115083] [depth_angular_controller]: COMPUTE_DEADLINE
[depth_angular_controller-1] [INFO] [1790687021.450310019] [depth_angular_controller]: NO_REGULAR_FIELD
[depth_angular_controller-1] [INFO] [1790687021.677763263] [depth_angular_controller]: COMPUTE_DEADLINE
[depth_angular_controller-1] [INFO] [1790687021.758313969] [depth_angular_controller]: NO_REGULAR_FIELD
[depth_angular_controller-1] [INFO] [1790687021.840100955] [depth_angular_controller]: COMPUTE_DEADLINE
[depth_angular_controller-1] [INFO] [1790687021.920025787] [depth_angular_controller]: NO_REGULAR_FIELD
[depth_angular_controller-1] [INFO] [1790687021.920063758] [depth_angular_controller]: PAPER_BUILD reason=NO_CERTIFIED_DIRECTION required=0.0100 best=0.0000 free=0 refined=0 tubes=256 revoked_tubes=0 proofs=128
[depth_angular_controller-1] [INFO] [1790687021.920073206] [depth_angular_controller]: PAPER_EVIDENCE retained=32 balls=32 revoked_balls=0 expired_views=0 evicted_views=179 radius=0.580 clearance=0.000 best_prefix=0.000
[depth_angular_controller-1] [INFO] [1790687022.445247733] [depth_angular_controller]: COMPUTE_DEADLINE
[depth_angular_controller-1] [INFO] [1790687022.514184025] [depth_angular_controller]: NO_REGULAR_FIELD
[depth_angular_controller-1] [INFO] [1790687022.829227194] [depth_angular_controller]: COMPUTE_DEADLINE
[depth_angular_controller-1] [INFO] [1790687022.988257479] [depth_angular_controller]: NO_REGULAR_FIELD
[depth_angular_controller-1] [INFO] [1790687022.988295541] [depth_angular_controller]: PAPER_BUILD reason=NO_CERTIFIED_DIRECTION required=0.0100 best=0.0000 free=0 refined=0 tubes=256 revoked_tubes=0 proofs=128
[depth_angular_controller-1] [INFO] [1790687022.988306832] [depth_angular_controller]: PAPER_EVIDENCE retained=32 balls=32 revoked_balls=0 expired_views=0 evicted_views=179 radius=0.580 clearance=0.000 best_prefix=0.000
[depth_angular_controller-1] [INFO] [1790687023.148589398] [depth_angular_controller]: COMPUTE_DEADLINE
[depth_angular_controller-1] [INFO] [1790687023.310392707] [depth_angular_controller]: NO_REGULAR_FIELD
[position_cmd_to_twist-2] [INFO] [1790687023.390199958] [position_cmd_to_twist]: [PERF BRIDGE] run=iteration15_ego1p1_1 elapsed=254.66s received=5081 published=5078 fps(ros/wall)=21.18/21.04 controller_to_bridge_ms(mean/p50/p95/max)=37.273/16.667/100.000/116.667 bridge_process_ms(mean/p95/max)=0.109/0.141/1.751
[NAV] t=240.0s position=(29.41,8.90,4.55) yaw=3.8deg command=(0.00,0.00,0.00) manual_active=1 collision_blocks=0
[depth_angular_controller-1] [INFO] [1790687023.708098355] [depth_angular_controller]: COMPUTE_DEADLINE
[depth_angular_controller-1] [INFO] [1790687023.869559472] [depth_angular_controller]: PAPER_BUILD reason=NO_CERTIFIED_DIRECTION required=0.0100 best=0.0000 free=0 refined=0 tubes=256 revoked_tubes=0 proofs=128
[depth_angular_controller-1] [INFO] [1790687023.869601641] [depth_angular_controller]: PAPER_EVIDENCE retained=32 balls=32 revoked_balls=0 expired_views=0 evicted_views=179 radius=0.580 clearance=0.000 best_prefix=0.000
[depth_angular_controller-1] [INFO] [1790687023.948365064] [depth_angular_controller]: [PERF CTRL] run=iteration15_ego1p1_1 elapsed=255.33s callbacks=5088 commands=5088 guidance=4987 command_fps(ros/wall)=21.15/21.03 guidance_wall_fps=20.82 avoid_ms(mean/p50/p95/max)=31.581/8.011/70.458/99.614 cycle_ms(mean/p95/max)=47.541/82.919/390.268 depth_to_cmd_ms(mean/p95/max)=26.008/33.333/50.000 callback_to_publish_ms(mean/p95/max)=41.343/82.401/111.078
[depth_angular_controller-1] [INFO] [1790687023.948431789] [depth_angular_controller]: NO_REGULAR_FIELD
[depth_angular_controller-1] [INFO] [1790687024.184787097] [depth_angular_controller]: COMPUTE_DEADLINE
[depth_angular_controller-1] [INFO] [1790687024.264840270] [depth_angular_controller]: NO_REGULAR_FIELD
[depth_angular_controller-1] [INFO] [1790687024.431337177] [depth_angular_controller]: COMPUTE_DEADLINE
[depth_angular_controller-1] [INFO] [1790687024.508923540] [depth_angular_controller]: NO_REGULAR_FIELD
[depth_angular_controller-1] [INFO] [1790687024.823186806] [depth_angular_controller]: PAPER_BUILD reason=NO_CERTIFIED_DIRECTION required=0.0100 best=0.0000 free=0 refined=0 tubes=256 revoked_tubes=0 proofs=128
[depth_angular_controller-1] [INFO] [1790687024.823229726] [depth_angular_controller]: PAPER_EVIDENCE retained=32 balls=32 revoked_balls=0 expired_views=0 evicted_views=179 radius=0.580 clearance=0.000 best_prefix=0.000
[depth_angular_controller-1] [INFO] [1790687024.908159019] [depth_angular_controller]: COMPUTE_DEADLINE
[depth_angular_controller-1] [INFO] [1790687025.067241473] [depth_angular_controller]: NO_REGULAR_FIELD
[BENCHMARK RESULT] TIMEOUT sim=240.000s
[PERF ISAAC FINAL] run=iteration15_ego1p1_1 result=TIMEOUT wall=243.15s sim_frames=14522 fps(sim/wall)=60.01/59.72 command_changes=2583 collision_blocks=0 frame_interval_ms(mean/p50/p95/max)=16.720/15.536/18.725/83.999
[256.321s] Simulation App Shutting Down
[depth_angular_controller-1] [INFO] [1790687025.992614637] [rclcpp]: signal_handler(SIGINT/SIGTERM)
[position_cmd_to_twist-2] [INFO] [1790687025.993797556] [position_cmd_to_twist]: [PERF BRIDGE FINAL] run=iteration15_ego1p1_1 elapsed=257.26s received=5106 published=5103 fps(ros/wall)=21.10/20.97 controller_to_bridge_ms(mean/p50/p95/max)=37.498/16.667/100.000/116.667 bridge_process_ms(mean/p95/max)=0.109/0.141/1.751
[position_cmd_to_twist-2] Failed to publish log message to rosout: publisher's context is invalid, at ./src/rcl/publisher.c:389
[depth_angular_controller-1] [INFO] [1790687025.993838443] [depth_angular_controller]: [PERF CTRL FINAL] run=iteration15_ego1p1_1 elapsed=257.37s callbacks=5106 commands=5106 guidance=5005 command_fps(ros/wall)=21.10/20.99 guidance_wall_fps=20.77 avoid_ms(mean/p50/p95/max)=31.710/8.963/70.464/99.614 cycle_ms(mean/p95/max)=47.651/82.937/390.268 depth_to_cmd_ms(mean/p95/max)=25.981/33.333/50.000 callback_to_publish_ms(mean/p95/max)=41.474/82.414/111.078
[INFO] [depth_angular_controller-1]: process has finished cleanly [pid 67604]
[INFO] [position_cmd_to_twist-2]: process has finished cleanly [pid 67606]
