[PERF] run=iteration2_ego1p1_1 log=/home/starry/isaac-data/EGO1P1/performance/navigation_benchmark_20260929/PERFORMANCE.md
[INPUT] mode=goal scene_mode=cloud
[INFO] [launch]: All log files can be found below /tmp/fov_gvf_ego1p1_isaac_ros_log/2026-09-29-19-50-59-585778-starry-System-Product-Name-49410
[INFO] [launch]: Default logging verbosity is set to INFO
[INFO] [depth_angular_controller-1]: process started with pid [49412]
[INFO] [position_cmd_to_twist-2]: process started with pid [49414]
[depth_angular_controller-1] [INFO] [1790682659.622186458] [depth_angular_controller]: C++ controller commands publish on /position_cmd; horizontal views=4
[ROS CHECK] ROS_DOMAIN_ID=42 /position_cmd publishers=1
Type: pc_gvf_msgs/msg/PositionCommand
Publisher count: 1
Subscription count: 1
/depth_angular_controller
/position_cmd_to_twist
WARNING: All log messages before absl::InitializeLog() is called are written to STDERR
E0000 00:00:1790682660.577941   49453 descriptor_database.cc:633] File already exists in database: grpc/health/v1/health.proto
W0000 00:00:1790682660.577969   49453 message.cc:301] Protobuf GeneratedMessageFactory: File is already registered: grpc/health/v1/health.proto
2026-09-29T11:51:00Z [Info] [carb] Logging to file: /home/starry/isaac-data/isaacsim/kit/logs/Kit/Isaac-Sim Python/6.0/kit_20260929_195100.log
[0.044s] [ext: omni.assets.plugins-0.0.0] startup
[0.044s] [ext: omni.blobkey-1.1.2] startup
[0.045s] [ext: omni.kit.async_engine-0.0.3] startup
[0.315s] [ext: omni.client.lib-1.1.1] startup
[0.323s] [ext: omni.client-1.3.0] startup
[0.325s] [ext: omni.protobuf.lib-1.0.0] startup
[0.326s] [ext: omni.grpc.lib-1.0.0] startup
[0.329s] [ext: omni.metrics.core-0.0.3] startup
[0.329s] [ext: omni.datastore-0.0.0] startup
[0.329s] [ext: omni.gpu_foundation.shadercache.vulkan-1.0.0] startup
[0.331s] [ext: omni.hsscclient-1.1.4] startup
[0.332s] [ext: omni.stats-1.0.1] startup
[0.332s] [ext: omni.ujitso.default-1.0.0] startup
[0.335s] [ext: omni.gpu_foundation-0.0.0] startup
[0.456s] [ext: carb.windowing.plugins-1.0.1] startup
[0.456s] [ext: omni.kit.renderer.init-1.0.1] startup
2026-09-29T11:51:00Z [653ms] [Warning] [omni.rtx] Skipping unsupported non-NVIDIA GPU: AMD Unknown (RADV RAPHAEL_MENDOCINO)
2026-09-29T11:51:00Z [653ms] [Warning] [omni.rtx] Skipping unsupported non-NVIDIA GPU: AMD Unknown (RADV RAPHAEL_MENDOCINO)

|---------------------------------------------------------------------------------------------|
| Driver Version: 580.178.04    | Graphics API: Vulkan
|=============================================================================================|
| GPU | Name                             | Active | LDA | GPU Memory | Vendor-ID | LUID       |
|     |                                  |        |     |            | Device-ID | UUID       |
|     |                                  |        |     |            | Bus-ID    |            |
|---------------------------------------------------------------------------------------------|
| 0   | NVIDIA GeForce RTX 5070          | Yes: 0 |     | 12227   MB | 10de      | 0          |
|     |                                  |        |     |            | 2f04      | 348d89fe.. |
|     |                                  |        |     |            | 1         |            |
|---------------------------------------------------------------------------------------------|
| 1   | AMD Unknown (RADV RAPHAEL_MEND.. |        |     | 10755   MB | 1002      | 0          |
|     |                                  |        |     |            | 13c0      | 00000000.. |
|     |                                  |        |     |            | c         |            |
|=============================================================================================|
| OS: 22.04.5 LTS (Jammy Jellyfish) ubuntu, Version: 22.04.5, Kernel: 6.8.0-138-generic
| XServer Vendor: The X.Org Foundation, XServer Version: 12101004 (1.21.1.4)
| Processor: AMD Ryzen 5 9600X 6-Core Processor
| Cores: 6 | Logical Cores: 12
|---------------------------------------------------------------------------------------------|
| Total Memory (MB): 31241 | Free Memory: 22715
| Total Page/Swap (MB): 15624 | Free Page/Swap: 15624
|---------------------------------------------------------------------------------------------|
2026-09-29T11:51:01Z [866ms] [Warning] [omni.rtx] CPU performance profile is set to powersave. This profile sets the CPU to the lowest frequency reducing performance.
2026-09-29T11:51:01Z [874ms] [Warning] [omni.rtx] IOMMU is enabled.
[0.972s] [ext: omni.kit.pipapi-0.0.0] startup
[0.973s] [ext: omni.kit.pip_archive-0.0.0] startup
[0.973s] [ext: isaacsim.pip.newton-0.6.1] startup
[0.974s] [ext: omni.pip.compute-1.9.2] startup
[0.974s] [ext: omni.isaac.core_archive-5.3.1] startup
[0.974s] [ext: omni.kit.telemetry-0.5.2] startup
[0.991s] [ext: omni.kit.loop-isaac-1.6.0] startup
[0.992s] [ext: omni.kit.test-2.0.7] startup
[1.043s] [ext: omni.materialx.libs-1.0.9] startup
[1.049s] [ext: omni.gpucompute.plugins-0.0.0] startup
[1.049s] [ext: omni.usd.config-1.0.7] startup
[1.052s] [ext: omni.usd.libs-1.0.3] startup
[1.106s] [ext: omni.iray.libs-0.0.1] startup
[1.109s] [ext: omni.mdl-57.0.3] startup
[1.169s] [ext: omni.mdl.neuraylib-0.2.20] startup
[1.171s] [ext: omni.kit.usd.mdl-1.1.9] startup
[1.254s] [ext: omni.appwindow-1.2.2] startup
[1.256s] [ext: omni.kit.renderer.core-1.2.2] startup
2026-09-29T11:51:06Z [6,496ms] [Warning] [carb.windowing-glfw.gamepad] Joystick with unknown remapping detected (will be ignored):  BEITONG BEITONG A2P3A BFM DONGLE [03000000bc2000001c51000011010000]
[6.526s] [ext: omni.kit.renderer.capture-2.0.1] startup
[6.529s] [ext: omni.kit.renderer.imgui-2.0.6] startup
[6.564s] [ext: omni.ui-3.2.0] startup
[6.571s] [ext: omni.kit.mainwindow-1.0.3] startup
[6.571s] [ext: carb.audio-0.1.0] startup
[6.573s] [ext: omni.uiaudio-1.0.0] startup
[6.574s] [ext: omni.kit.uiapp-0.0.0] startup
[6.574s] [ext: omni.usd.schema.metrics.assembler-110.1.0] startup
[6.576s] [ext: omni.usd.schema.audio-0.0.1] startup
[6.578s] [ext: omni.usd_resolver-1.0.0] startup
[6.581s] [ext: omni.usd.core-1.8.3] startup
[6.583s] [ext: omni.metropolis.schema-0.0.3] startup
[6.584s] [ext: isaacsim.anim.robot.schema-0.1.1] startup
[6.585s] [ext: omni.usd.schema.anim-0.0.1] startup
[6.597s] [ext: omni.usd.schema.geospatial-0.0.1] startup
[6.599s] [ext: omni.usd.schema.omnigraph-1.0.1] startup
[6.604s] [ext: omni.usd.schema.semantics-0.0.0] startup
[6.605s] [ext: omni.activity.core-1.0.3] startup
[6.606s] [ext: omni.cubric-0.1.0] startup
[6.606s] [ext: omni.graph.exec-0.9.6] startup
[6.607s] [ext: omni.hydra.scene_delegate-0.3.5] startup
[6.609s] [ext: usdrt.scenegraph-7.6.3] startup
[6.628s] [ext: omni.hydra.usdrt_delegate-7.5.2] startup
[6.632s] [ext: omni.inspect-1.0.2] startup
[6.633s] [ext: omni.kit.actions.core-1.0.0] startup
[6.634s] [ext: omni.kit.audiodeviceenum-1.0.2] startup
[6.635s] [ext: omni.kit.commands-1.5.0] startup
[6.637s] [ext: omni.kit.exec.core-0.13.5] startup
[6.638s] [ext: omni.kit.usd_undo-0.1.8] startup
[6.639s] [ext: omni.kit.window.popup_dialog-2.0.25] startup
[6.641s] [ext: omni.kit.widget.nucleus_connector-2.3.1] startup
[6.644s] [ext: omni.timeline-1.1.0] startup
[6.645s] [ext: omni.usd-1.16.0] startup
[6.670s] [ext: omni.graph.core-3.1.2] startup
[6.673s] [ext: omni.kit.notification_manager-1.0.11] startup
[6.674s] [ext: isaacsim.core.deprecation_manager-0.4.2] startup
[6.675s] [ext: isaacsim.replicator.agent.schema-0.1.1] startup
[6.675s] [ext: isaacsim.robot.schema-6.3.7] startup
[6.679s] [ext: isaacsim.robot_motion.schema-0.2.1] startup
[6.680s] [ext: omni.anim.behavior.schema-110.1.0] startup
[6.683s] [ext: omni.anim.graph.schema-110.1.1] startup
[6.687s] [ext: omni.anim.navigation.schema-110.1.0] startup
[6.689s] [ext: omni.behavior.tree.schema-110.1.0] startup
[6.690s] [ext: omni.isaac.ml_archive-3.3.0] startup
[6.690s] [ext: omni.kit.asset_converter-6.0.1] startup
[6.699s] [ext: omni.pip.cloud-1.5.4] startup
[6.701s] [ext: omni.usd.schema.flow-110.0.0] startup
[6.701s] [ext: omni.usd.schema.mujoco-1.1.1] startup
[6.701s] [ext: omni.usd.schema.newton-1.2.1] startup
[6.702s] [ext: omni.usd.schema.omni_lens_distortion-1.0.0] startup
[6.702s] [ext: omni.usd.schema.omni_projectors-1.0.0] startup
[6.703s] [ext: omni.usd.schema.omni_sensors-0.0.0] startup
[6.709s] [ext: omni.usd.schema.omniscripting-1.0.1] startup
[6.712s] [ext: omni.usd.schema.physical_lighting-0.1.0] startup
[6.714s] [ext: omni.usd.schema.physx-110.1.13] startup
[6.737s] [ext: omni.usd.schema.render_settings.rtx-1.0.2] startup
[6.740s] [ext: omni.usd.schema.usd_particle_field-1.0.0] startup
[6.741s] [ext: isaacsim.core.version-2.1.1] startup
[6.741s] [ext: omni.kit.menu.core-1.2.0] startup
[6.742s] [ext: omni.kit.menu.utils-2.2.4] startup
[6.747s] [ext: isaacsim.app.about-2.3.1] startup
[6.750s] [ext: isaacsim.asset.transformer-1.2.5] startup
[6.753s] [ext: omni.scene.optimizer.core-110.1.0] startup
[6.782s] [ext: isaacsim.asset.importer.utils-1.8.1] startup
[6.783s] [ext: omni.convexdecomposition-110.1.13] startup
[6.785s] [ext: omni.physics-110.1.13] startup
[6.787s] [ext: omni.physx.gpu-110.1.13] startup
[6.787s] [ext: omni.physx.foundation-110.1.13] startup
[6.789s] [ext: omni.usdphysics-110.1.13] startup
[6.790s] [ext: omni.physx.cooking-110.1.13] startup
[6.791s] [ext: omni.physx-110.1.13] startup
[6.798s] [ext: omni.physics.physx-110.1.13] startup
[6.800s] [ext: isaacsim.asset.exporter.urdf-2.0.5] startup
[6.807s] [ext: omni.kit.clipboard-1.1.1] startup
[6.807s] [ext: omni.kit.usd.layers-2.6.1] startup
[6.813s] [ext: omni.kit.widget.context_menu-1.4.0] startup
[6.814s] [ext: omni.kit.context_menu-1.9.0] startup
[6.816s] [ext: omni.kit.helper.file_utils-0.1.10] startup
[6.817s] [ext: omni.kit.widget.nucleus_info-2.0.2] startup
[6.817s] [ext: omni.kit.search_core-1.0.8] startup
[6.818s] [ext: omni.kit.widget.path_field-2.0.13] startup
[6.818s] [ext: omni.kit.widget.browser_bar-2.0.10] startup
[6.819s] [ext: omni.kit.widget.filebrowser-2.13.4] startup
[6.822s] [ext: omni.kit.widget.options_menu-1.1.6] startup
[6.824s] [ext: omni.kit.widget.options_button-1.0.3] startup
[6.825s] [ext: omni.kit.widget.search_delegate-1.0.9] startup
[6.825s] [ext: omni.ui.scene-2.0.3] startup
[6.829s] [ext: omni.kit.window.filepicker-2.15.5] startup
[6.838s] [ext: omni.kit.window.file_importer-1.1.21] startup
[6.840s] [ext: omni.kit.material.library-3.1.2] startup
[6.844s] [ext: isaacsim.asset.transformer.rules-1.7.10] startup
[6.851s] [ext: omni.usdex.libs-2.2.2] startup
[6.857s] [ext: isaacsim.asset.importer.mjcf-3.10.1] startup
[6.858s] [ext: isaacsim.asset.importer.urdf-3.11.2] startup
[6.862s] [ext: omni.kit.primitive.mesh-1.1.0] startup
[6.863s] [ext: omni.kit.stage_template.core-1.1.22] startup
[6.864s] [ext: omni.kit.stage_templates-2.0.2] startup
[6.865s] [ext: omni.usd.metrics.assembler-110.1.2] startup
[6.867s] [ext: omni.warp.core-1.13.0] startup
[7.048s] [ext: isaacsim.core.experimental.utils-0.17.2] startup
[7.049s] [ext: omni.physics.stageupdate-110.1.13] startup
[7.050s] [ext: omni.physics.tensors-110.1.13] startup
[7.054s] [ext: omni.physx.tensors-110.1.13] startup
[7.057s] [ext: isaacsim.core.simulation_manager-1.15.6] startup
[7.067s] [ext: isaacsim.storage.native-1.9.3] startup
[7.068s] [ext: omni.usd.metrics.assembler.physics-110.1.13] startup
[7.069s] [ext: isaacsim.core.utils-4.1.7] startup
[7.071s] [ext: isaacsim.core.prims-0.11.7] startup
[7.945s] [ext: isaacsim.core.api-5.2.13] startup
[7.951s] [ext: isaacsim.core.cloner-1.7.3] startup
[7.952s] [ext: isaacsim.test.docstring-1.3.2] startup
[7.954s] [ext: isaacsim.core.experimental.prims-1.8.9] startup
[7.972s] [ext: isaacsim.core.experimental.primdata-0.3.2] startup
[7.973s] [ext: omni.graph.tools-1.81.0] startup
[7.992s] [ext: omni.graph-1.142.5] startup
[8.024s] [ext: isaacsim.core.experimental.actuators-0.1.2] startup
[8.037s] [ext: isaacsim.core.experimental.materials-0.7.1] startup
[8.040s] [ext: isaacsim.core.experimental.objects-0.8.1] startup
[8.095s] [ext: omni.hydra.engine.stats-1.0.5] startup
[8.097s] [ext: omni.hydra.rtx.shadercache.vulkan-1.0.0] startup
[8.098s] [ext: omni.index.libs-387500.4413.0] startup
[8.098s] [ext: omni.index-1.0.1] startup
[8.099s] [ext: omni.ujitso.client-0.0.0] startup
[8.099s] [ext: omni.usd.schema.playback-1.0.0] startup
[8.102s] [ext: omni.volume-0.5.2] startup
[8.106s] [ext: omni.hydra.rtx-1.0.4] startup
2026-09-29T11:51:08Z [8,096ms] [Warning] [omni.log] Source: omni.hydra was already registered.
[8.127s] [ext: omni.kit.hydra_texture-1.6.0] startup
[8.130s] [ext: omni.kit.raycast.query-1.2.0] startup
[8.133s] [ext: omni.kit.viewport.legacy_gizmos-1.0.24] startup
[8.135s] [ext: omni.kit.viewport.registry-104.0.6] startup
[8.136s] [ext: omni.kit.viewport.scene_camera_model-1.0.7] startup
[8.138s] [ext: omni.kit.widget.viewport-109.2.0] startup
[8.142s] [ext: omni.kit.window.drop_support-1.0.8] startup
[8.142s] [ext: omni.kit.viewport.window-109.0.2] startup
[8.157s] [ext: omni.kit.viewport.utility-2.0.1] startup
[8.157s] [ext: isaacsim.core.rendering_manager-0.4.3] startup
[8.178s] [ext: omni.graph.action_core-1.1.9] startup
[8.180s] [ext: omni.graph.action_nodes_core-2.11.0] startup
[8.182s] [ext: omni.graph.action_nodes-2.11.0] startup
[8.198s] [ext: omni.graph.action-2.10.2] startup
[8.199s] [ext: omni.graph.image.core-0.6.1] startup
[8.199s] [ext: omni.graph.image.nodes-1.3.1] startup
[8.200s] [ext: omni.graph.nodes_core-2.11.0] startup
[8.204s] [ext: omni.graph.nodes-2.12.0] startup
[8.208s] [ext: omni.kit.hotkeys.core-1.3.12] startup
[8.209s] [ext: omni.kit.property.adapter.core-1.1.1] startup
[8.211s] [ext: omni.kit.property.adapter.usd-1.0.5] startup
[8.212s] [ext: omni.kit.widget.filter-1.1.5] startup
[8.213s] [ext: omni.kit.widget.highlight_label-1.0.3] startup
[8.214s] [ext: omni.kit.widget.searchfield-1.1.8] startup
[8.215s] [ext: omni.kit.window.file_exporter-1.0.36] startup
[8.216s] [ext: omni.kit.widget.stage-4.4.0] startup
[8.224s] [ext: omni.kit.window.content_browser_registry-0.0.6] startup
[8.224s] [ext: omni.kit.window.file-2.0.10] startup
[8.227s] [ext: omni.kit.window.content_browser-3.1.8] startup
[8.236s] [ext: omni.kit.window.property-1.15.1] startup
[8.245s] [ext: omni.kit.property.usd-4.9.4] startup
[8.253s] [ext: omni.graph.scriptnode-2.10.2] startup
[8.261s] [ext: omni.kit.widget.searchable_combobox-1.0.7] startup
[8.262s] [ext: omni.kit.widget.settings-2.0.0] startup
[8.263s] [ext: omni.kit.window.preferences-1.8.3] startup
[8.267s] [ext: omni.kit.viewport.menubar.core-107.2.2] startup
[8.277s] [ext: omni.syntheticdata-0.6.15] startup
[8.300s] [ext: omni.replicator.nv-1.1.1] startup
[8.304s] [ext: omni.videoencoding-0.2.1] startup
[8.305s] [ext: omni.replicator.core-1.13.27] startup
2026-09-29T11:51:08Z [8,291ms] [Warning] [pxr.Semantics] pxr.Semantics is deprecated - please use Semantics instead
2026-09-29T11:51:08Z [8,356ms] [Warning] [omni.replicator.core.scripts.extension] No material configuration file, adding configuration to material settings directly.
[8.505s] [ext: isaacsim.core.nodes-5.10.5] startup
[8.531s] [ext: isaacsim.core.throttling-2.3.5] startup
[8.532s] [ext: omni.kit.manipulator.viewport-107.0.1] startup
[8.533s] [ext: omni.graph.visualization.nodes-2.1.4] startup
[8.545s] [ext: omni.kit.window.extensions-1.5.10] startup
[8.549s] [ext: isaacsim.gui.components-1.8.5] startup
[8.553s] [ext: isaacsim.robot.surface_gripper-3.6.2] startup
[8.562s] [ext: isaacsim.robot.manipulators-3.4.4] startup
[8.572s] [ext: isaacsim.robot_motion.lula-4.1.3] startup
[8.577s] [ext: isaacsim.robot_motion.motion_generation-8.2.9] startup
[8.582s] [ext: isaacsim.cortex.framework-1.0.18] startup
[8.583s] [ext: isaacsim.cortex.behaviors-2.0.17] startup
[8.584s] [ext: isaacsim.examples.base-1.3.2] startup
[8.586s] [ext: omni.kit.widget.zoombar-1.0.7] startup
[8.586s] [ext: omni.kit.browser.core-2.3.18] startup
[8.589s] [ext: omni.kit.browser.folder.core-2.0.2] startup
[8.592s] [ext: omni.kit.widget.stage_icons-1.0.8] startup
[8.593s] [ext: omni.kit.window.stage-2.6.1] startup
[8.596s] [ext: omni.kit.menu.stage-1.2.7] startup
[8.597s] [ext: omni.kit.usd.collect-3.0.6] startup
[8.599s] [ext: omni.kit.widget.prompt-1.0.7] startup
[8.599s] [ext: omni.kit.tool.collect-2.2.19] startup
[8.601s] [ext: isaacsim.examples.browser-0.3.2] startup
[8.603s] [ext: omni.kit.search.files-1.0.4] startup
[8.604s] [ext: omni.kit.widget.calendar-1.0.9] startup
[8.605s] [ext: omni.kit.widget.extended_searchfield-1.0.31] startup
[8.610s] [ext: omni.simready.content.browser-0.3.7] startup
[8.696s] [ext: isaacsim.gui.content_browser-0.4.3] startup
[8.698s] [ext: omni.kit.selection-0.1.6] startup
[8.699s] [ext: isaacsim.gui.menu-2.10.5] startup
[8.706s] [ext: isaacsim.gui.property-1.6.4] startup
[8.711s] [ext: omni.kit.viewport.actions-110.0.0] startup
[8.715s] [ext: omni.kit.viewport.menubar.display-107.1.3] startup
[8.717s] [ext: isaacsim.gui.sensors.icon-2.2.1] startup
[8.719s] [ext: omni.behavior.scripting.core-110.1.0] startup
[8.721s] [ext: isaacsim.replicator.behavior-1.5.4] startup
[8.722s] [ext: isaacsim.replicator.experimental.domain_randomization-1.2.5] startup
[8.735s] [ext: isaacsim.replicator.domain_randomization-1.2.2] startup
[8.806s] [ext: isaacsim.replicator.writers-1.5.4] startup
[8.829s] [ext: isaacsim.robot.experimental.wheeled_robots-0.2.11] startup
[8.850s] [ext: isaacsim.robot.policy.examples-5.2.12] startup
[8.868s] [ext: isaacsim.robot.wheeled_robots-5.2.4] startup
[8.872s] [ext: isaacsim.robot.wheeled_robots.nodes-0.1.5] startup
[8.888s] [ext: isaacsim.robot_motion.experimental.motion_generation-6.1.3] startup
[8.898s] [ext: isaacsim.robot_motion.cumotion-1.3.1] startup
[8.910s] [ext: omni.kit.numpy.common-0.1.3] startup
[8.912s] [ext: isaacsim.sensors.camera-1.7.9] startup
[8.940s] [ext: isaacsim.sensors.experimental.physics-3.0.2] startup
[8.947s] [ext: omni.sensors.net-1.0.1] startup
[8.948s] [ext: omni.sensors.nv.common-3.0.0] startup
[8.958s] [ext: omni.sensors.nv.materials-2.0.0] startup
[8.960s] [ext: omni.sensors.nv.acoustic-3.0.0] startup
[8.962s] [ext: omni.sensors.nv.ids-2.0.1] startup
[8.964s] [ext: omni.sensors.nv.lidar-3.0.0] startup
[8.967s] [ext: omni.sensors.nv.radar-3.0.0] startup
[8.969s] [ext: isaacsim.sensors.experimental.rtx-1.4.6] startup
[9.200s] [ext: isaacsim.sensors.physics.nodes-1.5.3] startup
[9.205s] [ext: isaacsim.util.debug_draw-3.2.3] startup
[9.209s] [ext: isaacsim.sensors.physx-2.5.5] startup
[9.215s] [ext: isaacsim.sensors.rtx-15.17.1] startup
[9.223s] [ext: isaacsim.simulation_app-2.18.4] startup
[9.224s] [ext: omni.anim.curve.core-1.6.0] startup
[9.232s] [ext: omni.graph.ui_nodes-2.11.1] startup
[9.252s] [ext: omni.hydra.scene_api-0.1.3] startup
[9.255s] [ext: omni.kit.manipulator.camera-110.0.0] startup
[9.259s] [ext: omni.kit.manipulator.selector-1.1.4] startup
[9.260s] [ext: omni.kit.manipulator.transform-107.0.0] startup
[9.263s] [ext: omni.kit.widget.toolbar-2.1.0] startup
[9.268s] [ext: omni.kit.manipulator.tool.snap-1.5.14] startup
[9.272s] [ext: omni.kit.viewport.manipulator.transform-107.0.4] startup
[9.273s] [ext: omni.kit.manipulator.prim.core-108.0.2] startup
[9.278s] [ext: omni.kit.manipulator.prim.usd-107.0.3] startup
[9.279s] [ext: omni.kit.manipulator.prim-108.0.0] startup
[9.279s] [ext: omni.kit.manipulator.selection-109.0.1] startup
[9.280s] [ext: omni.kit.menu.create-2.0.2] startup
[9.281s] [ext: omni.kit.property.audio-1.0.16] startup
[9.284s] [ext: omni.kit.property.camera-1.0.14] startup
[9.285s] [ext: omni.kit.property.geometry-2.1.2] startup
[9.288s] [ext: omni.kit.property.light-1.0.14] startup
2026-09-29T11:51:09Z [9,286ms] [Warning] [omni.usd] Encountered USD Warnings but USD Diagnostics are currently muted. To view USD Warnings, please set the '/persistent/app/usd/muteUsdDiagnostics' setting to false in Preferences page.
[9.314s] [ext: omni.kit.property.material-1.14.6] startup
[9.319s] [ext: omni.kit.property.render-1.2.2] startup
[9.320s] [ext: omni.kit.property.transform-1.6.9] startup
[9.323s] [ext: omni.kit.property.bundle-1.5.1] startup
[9.324s] [ext: omni.kit.usdz_export-1.1.0] startup
[9.326s] [ext: omni.kit.tool.asset_importer-6.0.1] startup
[9.331s] [ext: omni.kit.ui.actions-1.0.5] startup
[9.332s] [ext: omni.kit.viewport.menubar.camera-107.0.10] startup
[9.337s] [ext: omni.kit.viewport.menubar.lighting-107.3.2] startup
[9.339s] [ext: omni.kit.viewport.menubar.render-110.0.0] startup
[9.341s] [ext: omni.kit.viewport.menubar.settings-110.0.1] startup
[9.344s] [ext: omni.kit.window.console-1.1.9] startup
[9.348s] [ext: omni.kit.window.status_bar-0.1.11] startup
[9.349s] [ext: omni.kit.window.toolbar-3.0.3] startup
[9.352s] [ext: omni.ocio-0.1.1] startup
[9.353s] [ext: omni.physx.commands-110.1.13] startup
[9.356s] [ext: omni.replicator.replicator_yaml-2.0.12] startup
[9.364s] [ext: omni.rtx.window.settings-0.8.0] startup
[9.368s] [ext: omni.rtx.settings.core-0.7.1] startup
[9.370s] [ext: omni.usd.metrics.assembler.ui-110.1.1] startup
[9.376s] [ext: semantics.schema.editor-2.0.2] startup
[9.379s] [ext: semantics.schema.property-2.0.2] startup
[9.380s] [ext: omni.kit.menu.common-2.0.2] startup
[9.381s] [ext: isaacsim.exp.base-6.0.1] startup
[9.381s] [ext: isaacsim.exp.base.python-6.0.1] startup
[9.382s] Simulation App Starting
[10.433s] Simulation App Startup Complete
[10.438s] app ready
Starting kit application with the following args:  ['/home/starry/isaac-data/isaacsim/exts/isaacsim.simulation_app/isaacsim/simulation_app/simulation_app.py', '/home/starry/isaac-data/isaacsim/apps/isaacsim.exp.base.python.kit', '--/app/tokens/exe-path=/home/starry/isaac-data/isaacsim/kit', '--/persistent/app/viewport/displayOptions=3094', '--/rtx/materialDb/syncLoads=True', '--/rtx/hydra/materialSyncLoads=True', '--/omni/kit/plugin/syncUsdLoads=True', '--/app/renderer/resolution/width=1280', '--/app/renderer/resolution/height=720', '--/app/window/width=1440', '--/app/window/height=900', '--/renderer/multiGpu/enabled=False', '--/app/fastShutdown=True', '--/app/installSignalHandlers=0', '--ext-folder', '/home/starry/isaac-data/isaacsim/exts', '--ext-folder', '/home/starry/isaac-data/isaacsim/apps', '--/renderer/activeGpu=0', '--/physics/cudaDevice=0', '--/plugins/carb.tasking.plugin/threadCount=12', '--/plugins/omni.tbb.globalcontrol/maxThreadCount=12', '--portable', '--no-window', '--/app/window/hideUi=1']
Passing the following args to the base kit application:  []
Warp 1.13.0 initialized:
   CUDA Toolkit 12.9, Driver 13.0
   Devices:
     "cpu"      : "x86_64"
     "cuda:0"   : "NVIDIA GeForce RTX 5070" (11 GiB, sm_120, mempool enabled)
   Kernel cache:
     /home/starry/.cache/warp/1.13.0
[LIGHTING] sun=800.0 (1) dome=0.0 (1) ambient=0.05 constant_color=(0.6, 0.65, 0.7)
[RENDER] mode=MinimalRendering minimal_shading_mode=2 anti_aliasing=TAA
[DEPTH CAMERAS] count=4 resolution_each=320x240 horizontal_coverage=360deg
[ESDF] path=/home/starry/isaac-data/EGO1P1/scenes/ego_swarm_cloud/occupancy.bin shape=(400, 300, 50) resolution=0.40m
[depth_angular_controller-1] [INFO] [1790682673.411107241] [depth_angular_controller]: WAITING_ODOMETRY
[NAV] t=0.0s position=(-64.00,-11.20,2.80) yaw=1.2deg command=(0.00,0.00,0.00) manual_active=0 collision_blocks=0
[depth_angular_controller-1] [INFO] [1790682673.780514035] [depth_angular_controller]: WAITING_VERIFIED_START_POSE
[depth_angular_controller-1] [INFO] [1790682673.817618293] [depth_angular_controller]: VERIFIED_FREE_SEED center=(-64.000,-11.200,2.800) radius=2.500 balls=1: verified fixed Cloud free ball; USD and occupancy SHA-256 matched
[depth_angular_controller-1] [INFO] [1790682673.817736625] [depth_angular_controller]: ZERO_INTENT
[depth_angular_controller-1] [INFO] [1790682675.492929100] [depth_angular_controller]: 3D guidance switched to view 0
[depth_angular_controller-1] [INFO] [1790682675.494144611] [depth_angular_controller]: INTENT_DIRECT
[depth_angular_controller-1] [INFO] [1790682675.494155832] [depth_angular_controller]: PAPER_BUILD reason=READY required=0.0100 best=8.0717 free=25 refined=0 tubes=0 revoked_tubes=0 proofs=0
[depth_angular_controller-1] [INFO] [1790682675.494164298] [depth_angular_controller]: PAPER_EVIDENCE retained=7 balls=1 revoked_balls=0 expired_views=0 evicted_views=0 radius=0.580 clearance=0.500 best_prefix=8.072
[depth_angular_controller-1] [INFO] [1790682676.408267353] [depth_angular_controller]: PAPER_BUILD reason=READY required=0.5039 best=8.0717 free=9 refined=0 tubes=1 revoked_tubes=0 proofs=46
[depth_angular_controller-1] [INFO] [1790682676.408308811] [depth_angular_controller]: PAPER_EVIDENCE retained=11 balls=4 revoked_balls=0 expired_views=0 evicted_views=0 radius=0.580 clearance=0.919 best_prefix=8.072
[10.982s] [ext: isaacsim.sensors.rtx.nodes-0.1.2] startup
[10.990s] [ext: isaacsim.ros2.core-1.9.4] startup
[11.004s] Attempting to load system rclpy
[11.005s] Could not import system rclpy: No module named 'rclpy'
[11.005s] Attempting to load internal rclpy for ROS Distro: humble
[11.016s] rclpy loaded
[11.019s] [ext: isaacsim.ros2.nodes-1.18.13] startup
[11.054s] [ext: isaacsim.ros2.examples-1.2.4] startup
[11.059s] [ext: isaacsim.ros2.ui-1.6.5] startup
[11.289s] [ext: isaacsim.ros2.bridge-5.1.2] startup
2026-09-29T11:51:13Z [13,547ms] [Warning] [omni.timeline.plugin] Deprecated: direct use of ITimeline callbacks is deprecated. Use ITimeline::getTimeline (Python: omni.timeline.get_timeline_interface) instead.
[depth_angular_controller-1] [INFO] [1790682676.928531396] [depth_angular_controller]: OUTSIDE_FLOW_BOX
[depth_angular_controller-1] [INFO] [1790682677.113529982] [depth_angular_controller]: INTENT_DIRECT
[depth_angular_controller-1] [INFO] [1790682677.530124185] [depth_angular_controller]: PAPER_BUILD reason=READY required=0.4959 best=8.0717 free=120 refined=0 tubes=4 revoked_tubes=0 proofs=91
[depth_angular_controller-1] [INFO] [1790682677.530164160] [depth_angular_controller]: PAPER_EVIDENCE retained=15 balls=13 revoked_balls=0 expired_views=0 evicted_views=0 radius=0.580 clearance=0.500 best_prefix=8.072
[position_cmd_to_twist-2] [INFO] [1790682678.575559770] [position_cmd_to_twist]: [PERF BRIDGE] run=iteration2_ego1p1_1 elapsed=18.83s received=245 published=245 fps(ros/wall)=49.80/51.05 controller_to_bridge_ms(mean/p50/p95/max)=0.476/0.000/0.000/16.667 bridge_process_ms(mean/p95/max)=0.093/0.129/0.264
[NAV] t=5.0s position=(-61.54,-10.77,2.80) yaw=9.9deg command=(1.38,0.24,0.00) manual_active=1 collision_blocks=0
[depth_angular_controller-1] [INFO] [1790682678.654600763] [depth_angular_controller]: PAPER_BUILD reason=READY required=1.0215 best=8.0717 free=266 refined=0 tubes=6 revoked_tubes=0 proofs=128
[depth_angular_controller-1] [INFO] [1790682678.654639025] [depth_angular_controller]: PAPER_EVIDENCE retained=19 balls=20 revoked_balls=0 expired_views=0 evicted_views=0 radius=0.580 clearance=1.562 best_prefix=8.072
[depth_angular_controller-1] [INFO] [1790682678.793425282] [depth_angular_controller]: [PERF CTRL] run=iteration2_ego1p1_1 elapsed=19.17s callbacks=258 commands=257 guidance=157 command_fps(ros/wall)=49.71/51.07 guidance_wall_fps=47.27 avoid_ms(mean/p50/p95/max)=1.119/0.069/8.408/14.739 cycle_ms(mean/p95/max)=19.582/32.553/97.308 depth_to_cmd_ms(mean/p95/max)=33.439/33.333/50.000 callback_to_publish_ms(mean/p95/max)=6.845/13.528/20.910
[depth_angular_controller-1] [INFO] [1790682678.920601122] [depth_angular_controller]: OUTSIDE_FLOW_BOX
[depth_angular_controller-1] [INFO] [1790682679.229077548] [depth_angular_controller]: INTENT_DIRECT
[depth_angular_controller-1] [INFO] [1790682679.647104680] [depth_angular_controller]: PAPER_BUILD reason=READY required=0.5898 best=8.0717 free=352 refined=0 tubes=8 revoked_tubes=0 proofs=128
[depth_angular_controller-1] [INFO] [1790682679.647140968] [depth_angular_controller]: PAPER_EVIDENCE retained=23 balls=30 revoked_balls=0 expired_views=0 evicted_views=0 radius=0.580 clearance=0.500 best_prefix=8.072
[depth_angular_controller-1] [INFO] [1790682680.012635000] [depth_angular_controller]: OUTSIDE_FLOW_BOX
[depth_angular_controller-1] [INFO] [1790682680.546870972] [depth_angular_controller]: INTENT_DIRECT
[depth_angular_controller-1] [INFO] [1790682680.769957541] [depth_angular_controller]: PAPER_BUILD reason=READY required=0.0280 best=8.0717 free=352 refined=0 tubes=9 revoked_tubes=0 proofs=128
[depth_angular_controller-1] [INFO] [1790682680.769994972] [depth_angular_controller]: PAPER_EVIDENCE retained=27 balls=32 revoked_balls=0 expired_views=0 evicted_views=0 radius=0.580 clearance=0.500 best_prefix=8.072
[depth_angular_controller-1] [INFO] [1790682681.560393581] [depth_angular_controller]: OUTSIDE_FLOW_BOX
[depth_angular_controller-1] [INFO] [1790682681.801275995] [depth_angular_controller]: PAPER_BUILD reason=READY required=0.3250 best=8.0717 free=260 refined=0 tubes=10 revoked_tubes=0 proofs=128
[depth_angular_controller-1] [INFO] [1790682681.801317864] [depth_angular_controller]: PAPER_EVIDENCE retained=31 balls=32 revoked_balls=0 expired_views=0 evicted_views=0 radius=0.580 clearance=0.000 best_prefix=8.072
[depth_angular_controller-1] [INFO] [1790682681.896775273] [depth_angular_controller]: INTENT_DIRECT
[depth_angular_controller-1] [INFO] [1790682681.993172816] [depth_angular_controller]: OUTSIDE_FLOW_BOX
[depth_angular_controller-1] [INFO] [1790682682.331976713] [depth_angular_controller]: TARGET_HOLD
[depth_angular_controller-1] [INFO] [1790682682.544112062] [depth_angular_controller]: SINGULAR_FIELD
[depth_angular_controller-1] [INFO] [1790682682.555015603] [depth_angular_controller]: REFERENCE_INITIALIZATION
[depth_angular_controller-1] [INFO] [1790682682.663174106] [depth_angular_controller]: SINGULAR_FIELD
[depth_angular_controller-1] [INFO] [1790682682.677165902] [depth_angular_controller]: STATE_OUTSIDE_FREE_DOMAIN
[depth_angular_controller-1] [INFO] [1790682682.755712387] [depth_angular_controller]: TARGET_HOLD
[depth_angular_controller-1] [INFO] [1790682682.755748625] [depth_angular_controller]: PAPER_BUILD reason=READY required=0.0100 best=8.0717 free=161 refined=0 tubes=12 revoked_tubes=0 proofs=128
[depth_angular_controller-1] [INFO] [1790682682.755759305] [depth_angular_controller]: PAPER_EVIDENCE retained=32 balls=32 revoked_balls=0 expired_views=0 evicted_views=3 radius=0.580 clearance=0.500 best_prefix=8.072
[depth_angular_controller-1] [INFO] [1790682682.955192668] [depth_angular_controller]: OUTSIDE_FLOW_BOX
[depth_angular_controller-1] [INFO] [1790682682.976387732] [depth_angular_controller]: TRACKING
[depth_angular_controller-1] [INFO] [1790682683.142352160] [depth_angular_controller]: SINGULAR_FIELD
[depth_angular_controller-1] [INFO] [1790682683.155923416] [depth_angular_controller]: REFERENCE_INITIALIZATION
[depth_angular_controller-1] [INFO] [1790682683.252731741] [depth_angular_controller]: OUTSIDE_FLOW_BOX
[depth_angular_controller-1] [INFO] [1790682683.266329748] [depth_angular_controller]: TRACKING
[depth_angular_controller-1] [INFO] [1790682683.278219048] [depth_angular_controller]: INTENT_PROGRESS_BLOCKED
[depth_angular_controller-1] [INFO] [1790682683.336506036] [depth_angular_controller]: REFERENCE_INITIALIZATION
[depth_angular_controller-1] [INFO] [1790682683.359358229] [depth_angular_controller]: TARGET_HOLD
[depth_angular_controller-1] [INFO] [1790682683.694959155] [depth_angular_controller]: OUTSIDE_FLOW_BOX
[depth_angular_controller-1] [INFO] [1790682683.710584697] [depth_angular_controller]: TRACKING
[position_cmd_to_twist-2] [INFO] [1790682683.783002331] [position_cmd_to_twist]: [PERF BRIDGE] run=iteration2_ego1p1_1 elapsed=24.05s received=495 published=495 fps(ros/wall)=49.90/49.43 controller_to_bridge_ms(mean/p50/p95/max)=1.987/0.000/16.667/16.667 bridge_process_ms(mean/p95/max)=0.101/0.132/0.953
[depth_angular_controller-1] [INFO] [1790682683.803225330] [depth_angular_controller]: [PERF CTRL] run=iteration2_ego1p1_1 elapsed=24.18s callbacks=497 commands=496 guidance=396 command_fps(ros/wall)=49.92/49.39 guidance_wall_fps=47.53 avoid_ms(mean/p50/p95/max)=1.593/0.148/9.480/14.739 cycle_ms(mean/p95/max)=20.248/38.062/106.600 depth_to_cmd_ms(mean/p95/max)=32.534/33.333/50.000 callback_to_publish_ms(mean/p95/max)=9.018/18.629/26.908
[depth_angular_controller-1] [INFO] [1790682683.803277528] [depth_angular_controller]: OUTSIDE_FLOW_BOX
[depth_angular_controller-1] [INFO] [1790682683.884503562] [depth_angular_controller]: TRACKING
[NAV] t=10.0s position=(-59.01,-10.32,2.75) yaw=9.9deg command=(0.05,0.05,-0.00) manual_active=1 collision_blocks=0
[depth_angular_controller-1] [INFO] [1790682683.954770239] [depth_angular_controller]: PAPER_BUILD reason=READY required=0.0272 best=8.0717 free=191 refined=0 tubes=13 revoked_tubes=0 proofs=128
[depth_angular_controller-1] [INFO] [1790682683.954811978] [depth_angular_controller]: PAPER_EVIDENCE retained=32 balls=32 revoked_balls=0 expired_views=0 evicted_views=3 radius=0.580 clearance=0.500 best_prefix=8.072
[depth_angular_controller-1] [INFO] [1790682683.993346289] [depth_angular_controller]: OUTSIDE_FLOW_BOX
[depth_angular_controller-1] [INFO] [1790682684.002950060] [depth_angular_controller]: TRACKING
[depth_angular_controller-1] [INFO] [1790682684.164577690] [depth_angular_controller]: SINGULAR_FIELD
[depth_angular_controller-1] [INFO] [1790682684.175967053] [depth_angular_controller]: TARGET_HOLD
[depth_angular_controller-1] [INFO] [1790682684.389456863] [depth_angular_controller]: OUTSIDE_FLOW_BOX
[depth_angular_controller-1] [INFO] [1790682684.401700098] [depth_angular_controller]: STATE_OUTSIDE_FREE_DOMAIN
[depth_angular_controller-1] [INFO] [1790682684.488123455] [depth_angular_controller]: OUTSIDE_FLOW_BOX
[depth_angular_controller-1] [INFO] [1790682684.529397176] [depth_angular_controller]: REFERENCE_INITIALIZATION
[depth_angular_controller-1] [INFO] [1790682684.542281564] [depth_angular_controller]: TARGET_HOLD
[depth_angular_controller-1] [INFO] [1790682684.653784122] [depth_angular_controller]: 3D guidance switched to view 1
[depth_angular_controller-1] [INFO] [1790682684.766410269] [depth_angular_controller]: 3D guidance switched to view 0
[depth_angular_controller-1] [INFO] [1790682685.023088114] [depth_angular_controller]: PAPER_BUILD reason=READY required=0.0856 best=8.0717 free=218 refined=0 tubes=14 revoked_tubes=0 proofs=128
[depth_angular_controller-1] [INFO] [1790682685.023127989] [depth_angular_controller]: PAPER_EVIDENCE retained=32 balls=32 revoked_balls=0 expired_views=0 evicted_views=3 radius=0.580 clearance=0.500 best_prefix=8.072
[depth_angular_controller-1] [INFO] [1790682685.926370784] [depth_angular_controller]: OUTSIDE_FLOW_BOX
[depth_angular_controller-1] [INFO] [1790682685.942750421] [depth_angular_controller]: STATE_OUTSIDE_FREE_DOMAIN
[depth_angular_controller-1] [INFO] [1790682686.087703941] [depth_angular_controller]: OUTSIDE_FLOW_BOX
[depth_angular_controller-1] [INFO] [1790682686.087749857] [depth_angular_controller]: PAPER_BUILD reason=READY required=0.8776 best=8.0717 free=5 refined=0 tubes=17 revoked_tubes=0 proofs=128
[depth_angular_controller-1] [INFO] [1790682686.087763964] [depth_angular_controller]: PAPER_EVIDENCE retained=32 balls=32 revoked_balls=0 expired_views=0 evicted_views=7 radius=0.580 clearance=0.000 best_prefix=8.072
[depth_angular_controller-1] [INFO] [1790682687.156403622] [depth_angular_controller]: TARGET_HOLD
[depth_angular_controller-1] [INFO] [1790682687.156462473] [depth_angular_controller]: PAPER_BUILD reason=READY required=0.0371 best=8.0717 free=6 refined=0 tubes=18 revoked_tubes=0 proofs=128
[depth_angular_controller-1] [INFO] [1790682687.156474465] [depth_angular_controller]: PAPER_EVIDENCE retained=32 balls=32 revoked_balls=0 expired_views=0 evicted_views=11 radius=0.580 clearance=0.500 best_prefix=8.072
[depth_angular_controller-1] [INFO] [1790682687.411741111] [depth_angular_controller]: INTENT_DIRECT
[depth_angular_controller-1] [INFO] [1790682687.472531907] [depth_angular_controller]: TARGET_HOLD
[depth_angular_controller-1] [INFO] [1790682687.532021051] [depth_angular_controller]: INTENT_DIRECT
[depth_angular_controller-1] [INFO] [1790682687.651087683] [depth_angular_controller]: TARGET_HOLD
[depth_angular_controller-1] [INFO] [1790682687.695621082] [depth_angular_controller]: OUTSIDE_FLOW_BOX
[depth_angular_controller-1] [INFO] [1790682687.714274826] [depth_angular_controller]: STATE_OUTSIDE_FREE_DOMAIN
[depth_angular_controller-1] [INFO] [1790682687.811522545] [depth_angular_controller]: OUTSIDE_FLOW_BOX
[depth_angular_controller-1] [INFO] [1790682687.992969406] [depth_angular_controller]: TARGET_HOLD
[depth_angular_controller-1] [INFO] [1790682688.211547034] [depth_angular_controller]: PAPER_BUILD reason=READY required=0.0107 best=8.0717 free=10 refined=0 tubes=18 revoked_tubes=0 proofs=128
[depth_angular_controller-1] [INFO] [1790682688.211588602] [depth_angular_controller]: PAPER_EVIDENCE retained=32 balls=32 revoked_balls=0 expired_views=0 evicted_views=15 radius=0.580 clearance=0.500 best_prefix=8.072
[depth_angular_controller-1] [INFO] [1790682688.254364312] [depth_angular_controller]: INTENT_DIRECT
[depth_angular_controller-1] [INFO] [1790682688.378783589] [depth_angular_controller]: TARGET_HOLD
[depth_angular_controller-1] [INFO] [1790682688.414893330] [depth_angular_controller]: INTENT_DIRECT
[depth_angular_controller-1] [INFO] [1790682688.470795633] [depth_angular_controller]: TARGET_HOLD
[depth_angular_controller-1] [INFO] [1790682688.527986974] [depth_angular_controller]: INTENT_DIRECT
[depth_angular_controller-1] [INFO] [1790682688.803851023] [depth_angular_controller]: [PERF CTRL] run=iteration2_ego1p1_1 elapsed=29.18s callbacks=730 commands=729 guidance=629 command_fps(ros/wall)=49.86/48.46 guidance_wall_fps=47.18 avoid_ms(mean/p50/p95/max)=1.756/0.169/10.209/20.962 cycle_ms(mean/p95/max)=20.636/38.564/106.600 depth_to_cmd_ms(mean/p95/max)=31.267/33.333/50.000 callback_to_publish_ms(mean/p95/max)=10.939/21.380/36.786
[position_cmd_to_twist-2] [INFO] [1790682689.073393388] [position_cmd_to_twist]: [PERF BRIDGE] run=iteration2_ego1p1_1 elapsed=29.34s received=741 published=741 fps(ros/wall)=49.72/48.48 controller_to_bridge_ms(mean/p50/p95/max)=4.318/0.000/16.667/50.000 bridge_process_ms(mean/p95/max)=0.105/0.139/1.291
[NAV] t=15.0s position=(-56.92,-9.59,2.66) yaw=9.8deg command=(1.10,0.19,0.00) manual_active=1 collision_blocks=0
[depth_angular_controller-1] [INFO] [1790682689.217779844] [depth_angular_controller]: PAPER_BUILD reason=READY required=0.7510 best=8.0717 free=162 refined=0 tubes=20 revoked_tubes=0 proofs=128
[depth_angular_controller-1] [INFO] [1790682689.217824227] [depth_angular_controller]: PAPER_EVIDENCE retained=32 balls=32 revoked_balls=0 expired_views=0 evicted_views=19 radius=0.580 clearance=1.259 best_prefix=8.072
[depth_angular_controller-1] [INFO] [1790682690.323641210] [depth_angular_controller]: PAPER_BUILD reason=READY required=2.0287 best=8.0717 free=289 refined=0 tubes=23 revoked_tubes=0 proofs=128
[depth_angular_controller-1] [INFO] [1790682690.323682407] [depth_angular_controller]: PAPER_EVIDENCE retained=32 balls=32 revoked_balls=0 expired_views=0 evicted_views=23 radius=0.580 clearance=2.117 best_prefix=8.072
[depth_angular_controller-1] [INFO] [1790682690.844284845] [depth_angular_controller]: OUTSIDE_FLOW_BOX
[depth_angular_controller-1] [INFO] [1790682690.858021132] [depth_angular_controller]: INTENT_DIRECT
[depth_angular_controller-1] [INFO] [1790682690.945227518] [depth_angular_controller]: OUTSIDE_FLOW_BOX
[depth_angular_controller-1] [INFO] [1790682690.960789340] [depth_angular_controller]: INTENT_DIRECT
[depth_angular_controller-1] [INFO] [1790682691.059291663] [depth_angular_controller]: OUTSIDE_FLOW_BOX
[depth_angular_controller-1] [INFO] [1790682691.075501321] [depth_angular_controller]: INTENT_DIRECT
[depth_angular_controller-1] [INFO] [1790682691.187659880] [depth_angular_controller]: OUTSIDE_FLOW_BOX
[depth_angular_controller-1] [INFO] [1790682691.203861874] [depth_angular_controller]: INTENT_DIRECT
[depth_angular_controller-1] [INFO] [1790682691.413240109] [depth_angular_controller]: PAPER_BUILD reason=READY required=1.0445 best=8.0717 free=232 refined=0 tubes=27 revoked_tubes=0 proofs=128
[depth_angular_controller-1] [INFO] [1790682691.413280144] [depth_angular_controller]: PAPER_EVIDENCE retained=32 balls=32 revoked_balls=0 expired_views=0 evicted_views=27 radius=0.580 clearance=0.500 best_prefix=8.072
[depth_angular_controller-1] [INFO] [1790682691.505257372] [depth_angular_controller]: OUTSIDE_FLOW_BOX
[depth_angular_controller-1] [INFO] [1790682691.519871226] [depth_angular_controller]: INTENT_DIRECT
[depth_angular_controller-1] [INFO] [1790682691.613744542] [depth_angular_controller]: OUTSIDE_FLOW_BOX
[depth_angular_controller-1] [INFO] [1790682691.631131970] [depth_angular_controller]: INTENT_DIRECT
[depth_angular_controller-1] [INFO] [1790682692.253017590] [depth_angular_controller]: OUTSIDE_FLOW_BOX
[depth_angular_controller-1] [INFO] [1790682692.272278303] [depth_angular_controller]: INTENT_DIRECT
[depth_angular_controller-1] [INFO] [1790682692.346178229] [depth_angular_controller]: OUTSIDE_FLOW_BOX
[depth_angular_controller-1] [INFO] [1790682692.362080139] [depth_angular_controller]: INTENT_DIRECT
[depth_angular_controller-1] [INFO] [1790682692.377495567] [depth_angular_controller]: PAPER_BUILD reason=READY required=0.2628 best=8.0717 free=239 refined=0 tubes=29 revoked_tubes=0 proofs=128
[depth_angular_controller-1] [INFO] [1790682692.377535051] [depth_angular_controller]: PAPER_EVIDENCE retained=32 balls=32 revoked_balls=0 expired_views=0 evicted_views=31 radius=0.580 clearance=0.500 best_prefix=8.072
[depth_angular_controller-1] [INFO] [1790682692.893315911] [depth_angular_controller]: OUTSIDE_FLOW_BOX
[depth_angular_controller-1] [INFO] [1790682692.913559078] [depth_angular_controller]: INTENT_DIRECT
[depth_angular_controller-1] [INFO] [1790682693.027631318] [depth_angular_controller]: OUTSIDE_FLOW_BOX
[depth_angular_controller-1] [INFO] [1790682693.047150056] [depth_angular_controller]: INTENT_DIRECT
[depth_angular_controller-1] [INFO] [1790682693.373183038] [depth_angular_controller]: PAPER_BUILD reason=READY required=0.0784 best=8.0717 free=243 refined=0 tubes=29 revoked_tubes=0 proofs=128
[depth_angular_controller-1] [INFO] [1790682693.373225117] [depth_angular_controller]: PAPER_EVIDENCE retained=32 balls=32 revoked_balls=0 expired_views=0 evicted_views=35 radius=0.580 clearance=0.212 best_prefix=8.072
[depth_angular_controller-1] [INFO] [1790682693.481489328] [depth_angular_controller]: OUTSIDE_FLOW_BOX
[depth_angular_controller-1] [INFO] [1790682693.502262440] [depth_angular_controller]: INTENT_DIRECT
[depth_angular_controller-1] [INFO] [1790682693.584889993] [depth_angular_controller]: OUTSIDE_FLOW_BOX
[depth_angular_controller-1] [INFO] [1790682693.691042091] [depth_angular_controller]: INTENT_DIRECT
[depth_angular_controller-1] [INFO] [1790682693.826191634] [depth_angular_controller]: [PERF CTRL] run=iteration2_ego1p1_1 elapsed=34.20s callbacks=955 commands=954 guidance=854 command_fps(ros/wall)=48.71/47.54 guidance_wall_fps=46.53 avoid_ms(mean/p50/p95/max)=2.255/0.270/12.435/21.487 cycle_ms(mean/p95/max)=21.034/39.535/106.600 depth_to_cmd_ms(mean/p95/max)=29.196/33.333/50.000 callback_to_publish_ms(mean/p95/max)=12.952/25.181/42.513
[depth_angular_controller-1] [INFO] [1790682693.968808509] [depth_angular_controller]: OUTSIDE_FLOW_BOX
[depth_angular_controller-1] [INFO] [1790682693.993129438] [depth_angular_controller]: INTENT_DIRECT
[depth_angular_controller-1] [INFO] [1790682694.137599130] [depth_angular_controller]: OUTSIDE_FLOW_BOX
[position_cmd_to_twist-2] [INFO] [1790682694.243174075] [position_cmd_to_twist]: [PERF BRIDGE] run=iteration2_ego1p1_1 elapsed=34.51s received=966 published=966 fps(ros/wall)=48.57/47.21 controller_to_bridge_ms(mean/p50/p95/max)=7.419/0.000/33.333/50.000 bridge_process_ms(mean/p95/max)=0.105/0.137/1.291
[depth_angular_controller-1] [INFO] [1790682694.254482255] [depth_angular_controller]: TARGET_HOLD
[NAV] t=20.0s position=(-52.09,-8.76,2.67) yaw=9.8deg command=(0.01,0.01,0.00) manual_active=1 collision_blocks=0
[depth_angular_controller-1] [INFO] [1790682694.458199718] [depth_angular_controller]: 3D guidance switched to view 1
[depth_angular_controller-1] [INFO] [1790682694.523324557] [depth_angular_controller]: PAPER_BUILD reason=READY required=0.0222 best=8.0717 free=86 refined=0 tubes=30 revoked_tubes=0 proofs=128
[depth_angular_controller-1] [INFO] [1790682694.523460001] [depth_angular_controller]: PAPER_EVIDENCE retained=32 balls=32 revoked_balls=0 expired_views=0 evicted_views=39 radius=0.580 clearance=0.500 best_prefix=8.072
[depth_angular_controller-1] [INFO] [1790682694.689861329] [depth_angular_controller]: 3D guidance switched to view 0
[depth_angular_controller-1] [INFO] [1790682695.093404742] [depth_angular_controller]: INTENT_DIRECT
[depth_angular_controller-1] [INFO] [1790682695.121313884] [depth_angular_controller]: TRACKING
[depth_angular_controller-1] [INFO] [1790682695.181491299] [depth_angular_controller]: OUTSIDE_FLOW_BOX
[depth_angular_controller-1] [INFO] [1790682695.208068853] [depth_angular_controller]: TARGET_HOLD
[depth_angular_controller-1] [INFO] [1790682695.294307182] [depth_angular_controller]: INTENT_DIRECT
[depth_angular_controller-1] [INFO] [1790682695.316258975] [depth_angular_controller]: TARGET_HOLD
[depth_angular_controller-1] [INFO] [1790682695.423084066] [depth_angular_controller]: INTENT_DIRECT
[depth_angular_controller-1] [INFO] [1790682695.438660265] [depth_angular_controller]: TARGET_HOLD
[depth_angular_controller-1] [INFO] [1790682695.581570611] [depth_angular_controller]: INTENT_DIRECT
[depth_angular_controller-1] [INFO] [1790682695.627223500] [depth_angular_controller]: TARGET_HOLD
[depth_angular_controller-1] [INFO] [1790682695.676993676] [depth_angular_controller]: PAPER_BUILD reason=READY required=0.1471 best=8.0717 free=248 refined=0 tubes=32 revoked_tubes=0 proofs=128
[depth_angular_controller-1] [INFO] [1790682695.677033260] [depth_angular_controller]: PAPER_EVIDENCE retained=32 balls=32 revoked_balls=0 expired_views=0 evicted_views=43 radius=0.580 clearance=0.500 best_prefix=8.072
[depth_angular_controller-1] [INFO] [1790682695.716210908] [depth_angular_controller]: INTENT_DIRECT
[depth_angular_controller-1] [INFO] [1790682695.739913186] [depth_angular_controller]: TARGET_HOLD
[depth_angular_controller-1] [INFO] [1790682695.823917664] [depth_angular_controller]: INTENT_DIRECT
[depth_angular_controller-1] [INFO] [1790682695.893611687] [depth_angular_controller]: TARGET_HOLD
[depth_angular_controller-1] [INFO] [1790682695.929189460] [depth_angular_controller]: INTENT_DIRECT
[depth_angular_controller-1] [INFO] [1790682696.816654588] [depth_angular_controller]: PAPER_BUILD reason=READY required=1.0442 best=8.0717 free=283 refined=0 tubes=34 revoked_tubes=0 proofs=128
[depth_angular_controller-1] [INFO] [1790682696.816707407] [depth_angular_controller]: PAPER_EVIDENCE retained=32 balls=32 revoked_balls=0 expired_views=0 evicted_views=47 radius=0.580 clearance=1.693 best_prefix=8.072
[depth_angular_controller-1] [INFO] [1790682697.384463991] [depth_angular_controller]: OUTSIDE_FLOW_BOX
[depth_angular_controller-1] [INFO] [1790682697.406948655] [depth_angular_controller]: INTENT_DIRECT
[depth_angular_controller-1] [INFO] [1790682697.824384046] [depth_angular_controller]: PAPER_BUILD reason=READY required=1.1476 best=8.0717 free=352 refined=0 tubes=38 revoked_tubes=0 proofs=128
[depth_angular_controller-1] [INFO] [1790682697.824806789] [depth_angular_controller]: PAPER_EVIDENCE retained=32 balls=32 revoked_balls=0 expired_views=0 evicted_views=51 radius=0.580 clearance=0.500 best_prefix=8.072
[depth_angular_controller-1] [INFO] [1790682698.599427842] [depth_angular_controller]: OUTSIDE_FLOW_BOX
[depth_angular_controller-1] [INFO] [1790682698.613904808] [depth_angular_controller]: INTENT_DIRECT
[depth_angular_controller-1] [INFO] [1790682698.838576663] [depth_angular_controller]: [PERF CTRL] run=iteration2_ego1p1_1 elapsed=39.22s callbacks=1139 commands=1138 guidance=1038 command_fps(ros/wall)=47.02/45.37 guidance_wall_fps=44.42 avoid_ms(mean/p50/p95/max)=2.851/0.352/15.697/46.895 cycle_ms(mean/p95/max)=22.039/42.417/106.600 depth_to_cmd_ms(mean/p95/max)=27.874/33.333/50.000 callback_to_publish_ms(mean/p95/max)=14.667/32.299/60.757
[depth_angular_controller-1] [INFO] [1790682698.838616467] [depth_angular_controller]: PAPER_BUILD reason=READY required=0.2704 best=8.0717 free=352 refined=0 tubes=40 revoked_tubes=0 proofs=128
[depth_angular_controller-1] [INFO] [1790682698.838623210] [depth_angular_controller]: PAPER_EVIDENCE retained=32 balls=32 revoked_balls=0 expired_views=0 evicted_views=55 radius=0.580 clearance=0.349 best_prefix=8.072
[depth_angular_controller-1] [INFO] [1790682699.051402758] [depth_angular_controller]: OUTSIDE_FLOW_BOX
[depth_angular_controller-1] [INFO] [1790682699.067444421] [depth_angular_controller]: INTENT_DIRECT
[depth_angular_controller-1] [INFO] [1790682699.432061978] [depth_angular_controller]: OUTSIDE_FLOW_BOX
[depth_angular_controller-1] [INFO] [1790682699.446963862] [depth_angular_controller]: INTENT_DIRECT
[position_cmd_to_twist-2] [INFO] [1790682699.569199541] [position_cmd_to_twist]: [PERF BRIDGE] run=iteration2_ego1p1_1 elapsed=39.84s received=1167 published=1167 fps(ros/wall)=46.86/45.22 controller_to_bridge_ms(mean/p50/p95/max)=9.997/0.000/33.333/66.667 bridge_process_ms(mean/p95/max)=0.106/0.139/1.291
[NAV] t=25.0s position=(-47.88,-7.87,2.69) yaw=9.7deg command=(0.18,0.03,0.00) manual_active=1 collision_blocks=0
[depth_angular_controller-1] [INFO] [1790682699.986460275] [depth_angular_controller]: PAPER_BUILD reason=READY required=0.0358 best=2.0217 free=348 refined=0 tubes=41 revoked_tubes=0 proofs=128
[depth_angular_controller-1] [INFO] [1790682699.986494349] [depth_angular_controller]: PAPER_EVIDENCE retained=32 balls=32 revoked_balls=0 expired_views=0 evicted_views=59 radius=0.580 clearance=0.046 best_prefix=2.022
[depth_angular_controller-1] [INFO] [1790682700.081379023] [depth_angular_controller]: OUTSIDE_FLOW_BOX
[depth_angular_controller-1] [INFO] [1790682700.098370117] [depth_angular_controller]: INTENT_DIRECT
[depth_angular_controller-1] [INFO] [1790682700.353154419] [depth_angular_controller]: OUTSIDE_FLOW_BOX
[depth_angular_controller-1] [INFO] [1790682700.374751366] [depth_angular_controller]: INTENT_DIRECT
[depth_angular_controller-1] [INFO] [1790682700.396803377] [depth_angular_controller]: BRAKING_FALLBACK
[depth_angular_controller-1] [INFO] [1790682700.412964905] [depth_angular_controller]: INTENT_DIRECT
[depth_angular_controller-1] [INFO] [1790682700.452759241] [depth_angular_controller]: OUTSIDE_FLOW_BOX
[depth_angular_controller-1] [INFO] [1790682700.469509814] [depth_angular_controller]: INTENT_DIRECT
[depth_angular_controller-1] [INFO] [1790682700.554509328] [depth_angular_controller]: TARGET_HOLD
[depth_angular_controller-1] [INFO] [1790682700.646378984] [depth_angular_controller]: STATE_OUTSIDE_FREE_DOMAIN
[depth_angular_controller-1] [INFO] [1790682700.688208569] [depth_angular_controller]: OUTSIDE_FLOW_BOX
[depth_angular_controller-1] [INFO] [1790682700.709504592] [depth_angular_controller]: TARGET_HOLD
[depth_angular_controller-1] [INFO] [1790682700.837283483] [depth_angular_controller]: 3D guidance switched to view 3
[depth_angular_controller-1] [INFO] [1790682700.837391626] [depth_angular_controller]: STATE_OUTSIDE_FREE_DOMAIN
[depth_angular_controller-1] [INFO] [1790682700.912349708] [depth_angular_controller]: OUTSIDE_FLOW_BOX
[depth_angular_controller-1] [INFO] [1790682700.926645965] [depth_angular_controller]: 3D guidance switched to view 0
[depth_angular_controller-1] [INFO] [1790682700.928647421] [depth_angular_controller]: TARGET_HOLD
[depth_angular_controller-1] [INFO] [1790682700.992729032] [depth_angular_controller]: PAPER_BUILD reason=READY required=0.0100 best=8.0717 free=56 refined=0 tubes=42 revoked_tubes=0 proofs=128
[depth_angular_controller-1] [INFO] [1790682700.992772263] [depth_angular_controller]: PAPER_EVIDENCE retained=32 balls=32 revoked_balls=0 expired_views=0 evicted_views=59 radius=0.580 clearance=0.500 best_prefix=8.072
[depth_angular_controller-1] [INFO] [1790682701.041630938] [depth_angular_controller]: 3D guidance switched to view 3
[depth_angular_controller-1] [INFO] [1790682701.094291377] [depth_angular_controller]: SINGULAR_FIELD
[depth_angular_controller-1] [INFO] [1790682701.110702603] [depth_angular_controller]: STATE_OUTSIDE_FREE_DOMAIN
[depth_angular_controller-1] [INFO] [1790682701.199375170] [depth_angular_controller]: OUTSIDE_FLOW_BOX
[depth_angular_controller-1] [INFO] [1790682701.215859424] [depth_angular_controller]: 3D guidance switched to view 0
[depth_angular_controller-1] [INFO] [1790682701.216879398] [depth_angular_controller]: TARGET_HOLD
[depth_angular_controller-1] [INFO] [1790682701.290117832] [depth_angular_controller]: REFERENCE_INITIALIZATION
[depth_angular_controller-1] [INFO] [1790682701.322301756] [depth_angular_controller]: TRACKING
[depth_angular_controller-1] [INFO] [1790682701.340411189] [depth_angular_controller]: 3D guidance switched to view 3
[depth_angular_controller-1] [INFO] [1790682701.342181662] [depth_angular_controller]: REFERENCE_INITIALIZATION
[depth_angular_controller-1] [INFO] [1790682701.388427163] [depth_angular_controller]: SINGULAR_FIELD
[depth_angular_controller-1] [INFO] [1790682701.399667085] [depth_angular_controller]: STATE_OUTSIDE_FREE_DOMAIN
[depth_angular_controller-1] [INFO] [1790682701.489104928] [depth_angular_controller]: 3D guidance switched to view 0
[depth_angular_controller-1] [INFO] [1790682701.490127377] [depth_angular_controller]: TARGET_HOLD
[depth_angular_controller-1] [INFO] [1790682701.541059893] [depth_angular_controller]: TRACKING
[depth_angular_controller-1] [INFO] [1790682701.625870994] [depth_angular_controller]: ANGULAR_STEP_BLOCKED
[depth_angular_controller-1] [INFO] [1790682701.643107559] [depth_angular_controller]: 3D guidance switched to view 3
[depth_angular_controller-1] [INFO] [1790682701.678672979] [depth_angular_controller]: SINGULAR_FIELD
[depth_angular_controller-1] [INFO] [1790682701.694579598] [depth_angular_controller]: 3D guidance switched to view 0
[depth_angular_controller-1] [INFO] [1790682701.695561190] [depth_angular_controller]: REFERENCE_INITIALIZATION
[depth_angular_controller-1] [INFO] [1790682701.740298752] [depth_angular_controller]: TARGET_HOLD
[depth_angular_controller-1] [INFO] [1790682701.805811809] [depth_angular_controller]: 3D guidance switched to view 3
[depth_angular_controller-1] [INFO] [1790682701.846991184] [depth_angular_controller]: OUTSIDE_FLOW_BOX
[depth_angular_controller-1] [INFO] [1790682701.864776709] [depth_angular_controller]: TARGET_HOLD
[depth_angular_controller-1] [INFO] [1790682701.959837183] [depth_angular_controller]: OUTSIDE_FLOW_BOX
[depth_angular_controller-1] [INFO] [1790682701.975711752] [depth_angular_controller]: STATE_OUTSIDE_FREE_DOMAIN
[depth_angular_controller-1] [INFO] [1790682701.993633964] [depth_angular_controller]: PAPER_BUILD reason=READY required=0.0184 best=2.0217 free=133 refined=0 tubes=43 revoked_tubes=0 proofs=128
[depth_angular_controller-1] [INFO] [1790682701.993692694] [depth_angular_controller]: PAPER_EVIDENCE retained=32 balls=32 revoked_balls=0 expired_views=0 evicted_views=59 radius=0.580 clearance=0.000 best_prefix=2.022
[depth_angular_controller-1] [INFO] [1790682702.102922067] [depth_angular_controller]: 3D guidance switched to view 0
[depth_angular_controller-1] [INFO] [1790682702.103089070] [depth_angular_controller]: INTENT_PROGRESS_BLOCKED
[depth_angular_controller-1] [INFO] [1790682702.139629239] [depth_angular_controller]: TARGET_HOLD
[depth_angular_controller-1] [INFO] [1790682702.265737766] [depth_angular_controller]: 3D guidance switched to view 3
[depth_angular_controller-1] [INFO] [1790682702.339753308] [depth_angular_controller]: OUTSIDE_FLOW_BOX
[depth_angular_controller-1] [INFO] [1790682702.357742756] [depth_angular_controller]: STATE_OUTSIDE_FREE_DOMAIN
[depth_angular_controller-1] [INFO] [1790682702.436616916] [depth_angular_controller]: OUTSIDE_FLOW_BOX
[depth_angular_controller-1] [INFO] [1790682702.452015011] [depth_angular_controller]: 3D guidance switched to view 0
[depth_angular_controller-1] [INFO] [1790682702.453437791] [depth_angular_controller]: INTENT_PROGRESS_BLOCKED
[depth_angular_controller-1] [INFO] [1790682702.484661303] [depth_angular_controller]: REFERENCE_INITIALIZATION
[depth_angular_controller-1] [INFO] [1790682702.530446160] [depth_angular_controller]: TARGET_HOLD
[depth_angular_controller-1] [INFO] [1790682702.631386738] [depth_angular_controller]: 3D guidance switched to view 3
[depth_angular_controller-1] [INFO] [1790682702.658165670] [depth_angular_controller]: OUTSIDE_FLOW_BOX
[depth_angular_controller-1] [INFO] [1790682702.672707228] [depth_angular_controller]: STATE_OUTSIDE_FREE_DOMAIN
[depth_angular_controller-1] [INFO] [1790682702.755457972] [depth_angular_controller]: OUTSIDE_FLOW_BOX
[depth_angular_controller-1] [INFO] [1790682702.770674627] [depth_angular_controller]: 3D guidance switched to view 0
[depth_angular_controller-1] [INFO] [1790682702.770974750] [depth_angular_controller]: INTENT_PROGRESS_BLOCKED
[depth_angular_controller-1] [INFO] [1790682702.836385014] [depth_angular_controller]: TARGET_HOLD
[depth_angular_controller-1] [INFO] [1790682702.958711584] [depth_angular_controller]: 3D guidance switched to view 3
[depth_angular_controller-1] [INFO] [1790682702.960599136] [depth_angular_controller]: PAPER_BUILD reason=READY required=0.0100 best=2.0217 free=60 refined=0 tubes=43 revoked_tubes=0 proofs=128
[depth_angular_controller-1] [INFO] [1790682702.960628482] [depth_angular_controller]: PAPER_EVIDENCE retained=32 balls=32 revoked_balls=0 expired_views=0 evicted_views=59 radius=0.580 clearance=0.500 best_prefix=2.022
[depth_angular_controller-1] [INFO] [1790682703.069222071] [depth_angular_controller]: OUTSIDE_FLOW_BOX
[depth_angular_controller-1] [INFO] [1790682703.088464510] [depth_angular_controller]: STATE_OUTSIDE_FREE_DOMAIN
[depth_angular_controller-1] [INFO] [1790682703.170862152] [depth_angular_controller]: OUTSIDE_FLOW_BOX
[depth_angular_controller-1] [INFO] [1790682703.220197301] [depth_angular_controller]: 3D guidance switched to view 0
[depth_angular_controller-1] [INFO] [1790682703.221597569] [depth_angular_controller]: TARGET_HOLD
[depth_angular_controller-1] [INFO] [1790682703.269312808] [depth_angular_controller]: REFERENCE_INITIALIZATION
[depth_angular_controller-1] [INFO] [1790682703.302139739] [depth_angular_controller]: TRACKING
[depth_angular_controller-1] [INFO] [1790682703.357531263] [depth_angular_controller]: TARGET_HOLD
[depth_angular_controller-1] [INFO] [1790682703.373931148] [depth_angular_controller]: 3D guidance switched to view 3
[depth_angular_controller-1] [INFO] [1790682703.493282745] [depth_angular_controller]: SINGULAR_FIELD
[depth_angular_controller-1] [INFO] [1790682703.638276691] [depth_angular_controller]: 3D guidance switched to view 0
[depth_angular_controller-1] [INFO] [1790682703.639374321] [depth_angular_controller]: REFERENCE_INITIALIZATION
[depth_angular_controller-1] [INFO] [1790682703.671211835] [depth_angular_controller]: TARGET_HOLD
[depth_angular_controller-1] [INFO] [1790682703.846157757] [depth_angular_controller]: [PERF CTRL] run=iteration2_ego1p1_1 elapsed=44.22s callbacks=1350 commands=1349 guidance=1249 command_fps(ros/wall)=46.32/44.84 guidance_wall_fps=44.02 avoid_ms(mean/p50/p95/max)=3.428/0.487/18.781/46.895 cycle_ms(mean/p95/max)=22.304/45.179/106.600 depth_to_cmd_ms(mean/p95/max)=26.755/33.333/50.000 callback_to_publish_ms(mean/p95/max)=15.670/36.470/60.757
[depth_angular_controller-1] [INFO] [1790682703.898162977] [depth_angular_controller]: OUTSIDE_FLOW_BOX
[depth_angular_controller-1] [INFO] [1790682703.913932859] [depth_angular_controller]: STATE_OUTSIDE_FREE_DOMAIN
[depth_angular_controller-1] [INFO] [1790682703.914316048] [depth_angular_controller]: PAPER_BUILD reason=READY required=0.0322 best=8.0717 free=126 refined=0 tubes=44 revoked_tubes=0 proofs=126
[depth_angular_controller-1] [INFO] [1790682703.914516154] [depth_angular_controller]: PAPER_EVIDENCE retained=32 balls=32 revoked_balls=0 expired_views=0 evicted_views=59 radius=0.580 clearance=0.000 best_prefix=8.072
[depth_angular_controller-1] [INFO] [1790682704.011212728] [depth_angular_controller]: OUTSIDE_FLOW_BOX
[depth_angular_controller-1] [INFO] [1790682704.027964924] [depth_angular_controller]: TARGET_HOLD
[depth_angular_controller-1] [INFO] [1790682704.122354740] [depth_angular_controller]: REFERENCE_INITIALIZATION
[depth_angular_controller-1] [INFO] [1790682704.154379165] [depth_angular_controller]: STATE_OUTSIDE_FREE_DOMAIN
[depth_angular_controller-1] [INFO] [1790682704.216550562] [depth_angular_controller]: OUTSIDE_FLOW_BOX
[depth_angular_controller-1] [INFO] [1790682704.233824627] [depth_angular_controller]: INTENT_PROGRESS_BLOCKED
[depth_angular_controller-1] [INFO] [1790682704.317914334] [depth_angular_controller]: TARGET_HOLD
[depth_angular_controller-1] [INFO] [1790682704.595572449] [depth_angular_controller]: OUTSIDE_FLOW_BOX
[depth_angular_controller-1] [INFO] [1790682704.612727441] [depth_angular_controller]: STATE_OUTSIDE_FREE_DOMAIN
[position_cmd_to_twist-2] [INFO] [1790682704.645507864] [position_cmd_to_twist]: [PERF BRIDGE] run=iteration2_ego1p1_1 elapsed=44.91s received=1385 published=1385 fps(ros/wall)=46.29/44.84 controller_to_bridge_ms(mean/p50/p95/max)=11.516/16.667/33.333/66.667 bridge_process_ms(mean/p95/max)=0.107/0.141/1.291
[depth_angular_controller-1] [INFO] [1790682704.683995898] [depth_angular_controller]: OUTSIDE_FLOW_BOX
[depth_angular_controller-1] [INFO] [1790682704.700467718] [depth_angular_controller]: REFERENCE_INITIALIZATION
[NAV] t=30.0s position=(-47.73,-7.94,2.60) yaw=9.7deg command=(0.00,-0.00,-0.00) manual_active=1 collision_blocks=0
[depth_angular_controller-1] [INFO] [1790682704.719763417] [depth_angular_controller]: TARGET_HOLD
[depth_angular_controller-1] [INFO] [1790682704.973384035] [depth_angular_controller]: PAPER_BUILD reason=READY required=0.0185 best=2.0217 free=134 refined=0 tubes=44 revoked_tubes=0 proofs=128
[depth_angular_controller-1] [INFO] [1790682704.973459416] [depth_angular_controller]: PAPER_EVIDENCE retained=32 balls=32 revoked_balls=0 expired_views=0 evicted_views=59 radius=0.580 clearance=0.500 best_prefix=2.022
[depth_angular_controller-1] [INFO] [1790682705.065529399] [depth_angular_controller]: OUTSIDE_FLOW_BOX
[depth_angular_controller-1] [INFO] [1790682705.081346440] [depth_angular_controller]: STATE_OUTSIDE_FREE_DOMAIN
[depth_angular_controller-1] [INFO] [1790682705.189334794] [depth_angular_controller]: OUTSIDE_FLOW_BOX
[depth_angular_controller-1] [INFO] [1790682705.294977245] [depth_angular_controller]: TARGET_HOLD
[depth_angular_controller-1] [INFO] [1790682705.501489433] [depth_angular_controller]: OUTSIDE_FLOW_BOX
[depth_angular_controller-1] [INFO] [1790682705.515508360] [depth_angular_controller]: STATE_OUTSIDE_FREE_DOMAIN
[depth_angular_controller-1] [INFO] [1790682705.597968429] [depth_angular_controller]: OUTSIDE_FLOW_BOX
[depth_angular_controller-1] [INFO] [1790682705.611087166] [depth_angular_controller]: TARGET_HOLD
[depth_angular_controller-1] [INFO] [1790682705.747360899] [depth_angular_controller]: TRACKING
[depth_angular_controller-1] [INFO] [1790682705.811106319] [depth_angular_controller]: STATE_OUTSIDE_FREE_DOMAIN
[depth_angular_controller-1] [INFO] [1790682705.844726729] [depth_angular_controller]: OUTSIDE_FLOW_BOX
[depth_angular_controller-1] [INFO] [1790682705.861434502] [depth_angular_controller]: REFERENCE_INITIALIZATION
[depth_angular_controller-1] [INFO] [1790682705.875594433] [depth_angular_controller]: TARGET_HOLD
[depth_angular_controller-1] [INFO] [1790682705.986532392] [depth_angular_controller]: PAPER_BUILD reason=READY required=0.0100 best=8.0717 free=99 refined=0 tubes=45 revoked_tubes=0 proofs=128
[depth_angular_controller-1] [INFO] [1790682705.986572818] [depth_angular_controller]: PAPER_EVIDENCE retained=32 balls=32 revoked_balls=0 expired_views=0 evicted_views=63 radius=0.580 clearance=0.500 best_prefix=8.072
[depth_angular_controller-1] [INFO] [1790682706.260126260] [depth_angular_controller]: OUTSIDE_FLOW_BOX
[depth_angular_controller-1] [INFO] [1790682706.274887791] [depth_angular_controller]: STATE_OUTSIDE_FREE_DOMAIN
[depth_angular_controller-1] [INFO] [1790682706.355313813] [depth_angular_controller]: OUTSIDE_FLOW_BOX
[depth_angular_controller-1] [INFO] [1790682706.519676445] [depth_angular_controller]: TARGET_HOLD
[depth_angular_controller-1] [INFO] [1790682706.656770977] [depth_angular_controller]: STATE_OUTSIDE_FREE_DOMAIN
[depth_angular_controller-1] [INFO] [1790682706.692782935] [depth_angular_controller]: TARGET_HOLD
[depth_angular_controller-1] [INFO] [1790682706.729626443] [depth_angular_controller]: OUTSIDE_FLOW_BOX
[depth_angular_controller-1] [INFO] [1790682706.743343834] [depth_angular_controller]: TARGET_HOLD
[depth_angular_controller-1] [INFO] [1790682706.917821287] [depth_angular_controller]: OUTSIDE_FLOW_BOX
[depth_angular_controller-1] [INFO] [1790682706.931764612] [depth_angular_controller]: TARGET_HOLD
[depth_angular_controller-1] [INFO] [1790682707.014423875] [depth_angular_controller]: OUTSIDE_FLOW_BOX
[depth_angular_controller-1] [INFO] [1790682707.027301630] [depth_angular_controller]: TARGET_HOLD
[depth_angular_controller-1] [INFO] [1790682707.061429873] [depth_angular_controller]: PAPER_BUILD reason=READY required=0.0219 best=8.0717 free=117 refined=0 tubes=46 revoked_tubes=0 proofs=128
[depth_angular_controller-1] [INFO] [1790682707.061470990] [depth_angular_controller]: PAPER_EVIDENCE retained=32 balls=32 revoked_balls=0 expired_views=0 evicted_views=63 radius=0.580 clearance=0.500 best_prefix=8.072
[depth_angular_controller-1] [INFO] [1790682707.132344286] [depth_angular_controller]: OUTSIDE_FLOW_BOX
[depth_angular_controller-1] [INFO] [1790682707.146207111] [depth_angular_controller]: TARGET_HOLD
[depth_angular_controller-1] [INFO] [1790682707.254965600] [depth_angular_controller]: SINGULAR_FIELD
[depth_angular_controller-1] [INFO] [1790682707.350805065] [depth_angular_controller]: OUTSIDE_FLOW_BOX
[depth_angular_controller-1] [INFO] [1790682707.364895096] [depth_angular_controller]: TARGET_HOLD
[depth_angular_controller-1] [INFO] [1790682707.541645354] [depth_angular_controller]: OUTSIDE_FLOW_BOX
[depth_angular_controller-1] [INFO] [1790682707.557084546] [depth_angular_controller]: TARGET_HOLD
[depth_angular_controller-1] [INFO] [1790682707.637358122] [depth_angular_controller]: OUTSIDE_FLOW_BOX
[depth_angular_controller-1] [INFO] [1790682707.650688256] [depth_angular_controller]: TARGET_HOLD
[depth_angular_controller-1] [INFO] [1790682707.728316478] [depth_angular_controller]: SINGULAR_FIELD
[depth_angular_controller-1] [INFO] [1790682707.741958368] [depth_angular_controller]: STATE_OUTSIDE_FREE_DOMAIN
[depth_angular_controller-1] [INFO] [1790682707.800850932] [depth_angular_controller]: TARGET_HOLD
[depth_angular_controller-1] [INFO] [1790682708.111157462] [depth_angular_controller]: OUTSIDE_FLOW_BOX
[depth_angular_controller-1] [INFO] [1790682708.111214008] [depth_angular_controller]: PAPER_BUILD reason=READY required=0.0251 best=8.0717 free=110 refined=0 tubes=46 revoked_tubes=0 proofs=128
[depth_angular_controller-1] [INFO] [1790682708.111222925] [depth_angular_controller]: PAPER_EVIDENCE retained=32 balls=32 revoked_balls=0 expired_views=0 evicted_views=63 radius=0.580 clearance=0.000 best_prefix=8.072
[depth_angular_controller-1] [INFO] [1790682708.124501633] [depth_angular_controller]: STATE_OUTSIDE_FREE_DOMAIN
[depth_angular_controller-1] [INFO] [1790682708.224601714] [depth_angular_controller]: OUTSIDE_FLOW_BOX
[depth_angular_controller-1] [INFO] [1790682708.237213491] [depth_angular_controller]: TARGET_HOLD
[depth_angular_controller-1] [INFO] [1790682708.371118338] [depth_angular_controller]: TRACKING
[depth_angular_controller-1] [INFO] [1790682708.432711339] [depth_angular_controller]: STATE_OUTSIDE_FREE_DOMAIN
[depth_angular_controller-1] [INFO] [1790682708.464615178] [depth_angular_controller]: OUTSIDE_FLOW_BOX
[depth_angular_controller-1] [INFO] [1790682708.501665434] [depth_angular_controller]: REFERENCE_INITIALIZATION
[depth_angular_controller-1] [INFO] [1790682708.513059255] [depth_angular_controller]: TRACKING
[depth_angular_controller-1] [INFO] [1790682708.566460143] [depth_angular_controller]: REFERENCE_INITIALIZATION
[depth_angular_controller-1] [INFO] [1790682708.581906429] [depth_angular_controller]: TRACKING
[depth_angular_controller-1] [INFO] [1790682708.628448737] [depth_angular_controller]: TARGET_HOLD
[depth_angular_controller-1] [INFO] [1790682708.849139150] [depth_angular_controller]: [PERF CTRL] run=iteration2_ego1p1_1 elapsed=49.23s callbacks=1571 commands=1570 guidance=1470 command_fps(ros/wall)=46.26/44.74 guidance_wall_fps=44.04 avoid_ms(mean/p50/p95/max)=3.632/0.432/20.573/46.895 cycle_ms(mean/p95/max)=22.351/46.220/115.344 depth_to_cmd_ms(mean/p95/max)=26.825/33.333/50.000 callback_to_publish_ms(mean/p95/max)=15.972/37.190/60.757
[depth_angular_controller-1] [INFO] [1790682709.143086442] [depth_angular_controller]: PAPER_BUILD reason=READY required=0.1776 best=4.0383 free=196 refined=0 tubes=47 revoked_tubes=0 proofs=128
[depth_angular_controller-1] [INFO] [1790682709.143541516] [depth_angular_controller]: PAPER_EVIDENCE retained=32 balls=32 revoked_balls=0 expired_views=0 evicted_views=67 radius=0.580 clearance=0.500 best_prefix=4.038
[depth_angular_controller-1] [INFO] [1790682709.586462191] [depth_angular_controller]: OUTSIDE_FLOW_BOX
[depth_angular_controller-1] [INFO] [1790682709.618246556] [depth_angular_controller]: STATE_OUTSIDE_FREE_DOMAIN
[depth_angular_controller-1] [INFO] [1790682709.713194148] [depth_angular_controller]: OUTSIDE_FLOW_BOX
[position_cmd_to_twist-2] [INFO] [1790682709.873984266] [position_cmd_to_twist]: [PERF BRIDGE] run=iteration2_ego1p1_1 elapsed=50.14s received=1612 published=1612 fps(ros/wall)=46.18/44.66 controller_to_bridge_ms(mean/p50/p95/max)=11.962/16.667/33.333/66.667 bridge_process_ms(mean/p95/max)=0.109/0.142/1.415
[NAV] t=35.0s position=(-47.19,-7.92,1.86) yaw=9.8deg command=(0.32,0.04,-0.45) manual_active=1 collision_blocks=0
[depth_angular_controller-1] [INFO] [1790682710.298814524] [depth_angular_controller]: PAPER_BUILD reason=READY required=0.0913 best=4.0383 free=213 refined=0 tubes=49 revoked_tubes=0 proofs=128
[depth_angular_controller-1] [INFO] [1790682710.298853928] [depth_angular_controller]: PAPER_EVIDENCE retained=32 balls=32 revoked_balls=0 expired_views=0 evicted_views=71 radius=0.580 clearance=0.000 best_prefix=4.038
[depth_angular_controller-1] [INFO] [1790682710.512383584] [depth_angular_controller]: TARGET_HOLD
[depth_angular_controller-1] [INFO] [1790682710.652990287] [depth_angular_controller]: 3D guidance switched to view 3
[depth_angular_controller-1] [INFO] [1790682710.653122255] [depth_angular_controller]: STATE_OUTSIDE_FREE_DOMAIN
[depth_angular_controller-1] [INFO] [1790682710.690386923] [depth_angular_controller]: SINGULAR_FIELD
[depth_angular_controller-1] [INFO] [1790682710.707377687] [depth_angular_controller]: REFERENCE_INITIALIZATION
[depth_angular_controller-1] [INFO] [1790682710.723084050] [depth_angular_controller]: 3D guidance switched to view 0
[depth_angular_controller-1] [INFO] [1790682710.723437965] [depth_angular_controller]: TRACKING
[depth_angular_controller-1] [INFO] [1790682710.777215440] [depth_angular_controller]: REFERENCE_INITIALIZATION
[depth_angular_controller-1] [INFO] [1790682710.811442027] [depth_angular_controller]: 3D guidance switched to view 3
[depth_angular_controller-1] [INFO] [1790682710.811574335] [depth_angular_controller]: STATE_OUTSIDE_FREE_DOMAIN
[depth_angular_controller-1] [INFO] [1790682710.875786412] [depth_angular_controller]: TARGET_HOLD
[depth_angular_controller-1] [INFO] [1790682710.892623998] [depth_angular_controller]: 3D guidance switched to view 0
[depth_angular_controller-1] [INFO] [1790682711.015515979] [depth_angular_controller]: STATE_OUTSIDE_FREE_DOMAIN
[depth_angular_controller-1] [INFO] [1790682711.053079548] [depth_angular_controller]: 3D guidance switched to view 3
[depth_angular_controller-1] [INFO] [1790682711.087380765] [depth_angular_controller]: 3D guidance switched to view 0
[depth_angular_controller-1] [INFO] [1790682711.104131819] [depth_angular_controller]: TARGET_HOLD
[depth_angular_controller-1] [INFO] [1790682711.226841398] [depth_angular_controller]: 3D guidance switched to view 3
[depth_angular_controller-1] [INFO] [1790682711.245381249] [depth_angular_controller]: PAPER_BUILD reason=READY required=0.0100 best=4.0383 free=37 refined=0 tubes=49 revoked_tubes=0 proofs=128
[depth_angular_controller-1] [INFO] [1790682711.245443796] [depth_angular_controller]: PAPER_EVIDENCE retained=32 balls=32 revoked_balls=0 expired_views=0 evicted_views=71 radius=0.580 clearance=0.500 best_prefix=4.038
[depth_angular_controller-1] [INFO] [1790682711.288081427] [depth_angular_controller]: OUTSIDE_FLOW_BOX
[depth_angular_controller-1] [INFO] [1790682711.315540325] [depth_angular_controller]: STATE_OUTSIDE_FREE_DOMAIN
[depth_angular_controller-1] [INFO] [1790682711.373156874] [depth_angular_controller]: 3D guidance switched to view 0
[depth_angular_controller-1] [INFO] [1790682711.388200564] [depth_angular_controller]: TARGET_HOLD
[depth_angular_controller-1] [INFO] [1790682711.590960961] [depth_angular_controller]: 3D guidance switched to view 3
[depth_angular_controller-1] [INFO] [1790682711.643811406] [depth_angular_controller]: OUTSIDE_FLOW_BOX
[depth_angular_controller-1] [INFO] [1790682711.662422501] [depth_angular_controller]: STATE_OUTSIDE_FREE_DOMAIN
[depth_angular_controller-1] [INFO] [1790682711.740587690] [depth_angular_controller]: 3D guidance switched to view 0
[depth_angular_controller-1] [INFO] [1790682711.756884442] [depth_angular_controller]: TARGET_HOLD
[depth_angular_controller-1] [INFO] [1790682711.882444078] [depth_angular_controller]: 3D guidance switched to view 3
[depth_angular_controller-1] [INFO] [1790682711.953379141] [depth_angular_controller]: OUTSIDE_FLOW_BOX
[depth_angular_controller-1] [INFO] [1790682711.973461295] [depth_angular_controller]: TRACKING
[depth_angular_controller-1] [INFO] [1790682711.991109793] [depth_angular_controller]: STATE_OUTSIDE_FREE_DOMAIN
[depth_angular_controller-1] [INFO] [1790682712.045496221] [depth_angular_controller]: OUTSIDE_FLOW_BOX
[depth_angular_controller-1] [INFO] [1790682712.066514032] [depth_angular_controller]: 3D guidance switched to view 0
[depth_angular_controller-1] [INFO] [1790682712.066775963] [depth_angular_controller]: REFERENCE_INITIALIZATION
[depth_angular_controller-1] [INFO] [1790682712.080929934] [depth_angular_controller]: TRACKING
[depth_angular_controller-1] [INFO] [1790682712.223214105] [depth_angular_controller]: TARGET_HOLD
[depth_angular_controller-1] [INFO] [1790682712.284895783] [depth_angular_controller]: STATE_OUTSIDE_FREE_DOMAIN
[depth_angular_controller-1] [INFO] [1790682712.313679396] [depth_angular_controller]: OUTSIDE_FLOW_BOX
[depth_angular_controller-1] [INFO] [1790682712.313709813] [depth_angular_controller]: PAPER_BUILD reason=READY required=0.0169 best=2.0217 free=211 refined=0 tubes=50 revoked_tubes=0 proofs=128
[depth_angular_controller-1] [INFO] [1790682712.313718670] [depth_angular_controller]: PAPER_EVIDENCE retained=32 balls=32 revoked_balls=0 expired_views=0 evicted_views=71 radius=0.580 clearance=0.000 best_prefix=2.022
[depth_angular_controller-1] [INFO] [1790682712.326982069] [depth_angular_controller]: 3D guidance switched to view 3
[depth_angular_controller-1] [INFO] [1790682712.327227379] [depth_angular_controller]: TRACKING
[depth_angular_controller-1] [INFO] [1790682712.439351264] [depth_angular_controller]: 3D guidance switched to view 0
[depth_angular_controller-1] [INFO] [1790682712.440092735] [depth_angular_controller]: REFERENCE_INITIALIZATION
[depth_angular_controller-1] [INFO] [1790682712.532584038] [depth_angular_controller]: 3D guidance switched to view 3
[depth_angular_controller-1] [INFO] [1790682712.533164247] [depth_angular_controller]: STATE_OUTSIDE_FREE_DOMAIN
[depth_angular_controller-1] [INFO] [1790682712.590573808] [depth_angular_controller]: TRACKING
[depth_angular_controller-1] [INFO] [1790682712.609739503] [depth_angular_controller]: 3D guidance switched to view 0
[depth_angular_controller-1] [INFO] [1790682712.610005863] [depth_angular_controller]: REFERENCE_INITIALIZATION
[depth_angular_controller-1] [INFO] [1790682712.628413225] [depth_angular_controller]: TRACKING
[depth_angular_controller-1] [INFO] [1790682712.708942791] [depth_angular_controller]: TARGET_HOLD
[depth_angular_controller-1] [INFO] [1790682712.728197163] [depth_angular_controller]: STATE_OUTSIDE_FREE_DOMAIN
[depth_angular_controller-1] [INFO] [1790682712.803849126] [depth_angular_controller]: SINGULAR_FIELD
[depth_angular_controller-1] [INFO] [1790682712.821761088] [depth_angular_controller]: TARGET_HOLD
[depth_angular_controller-1] [INFO] [1790682712.952797803] [depth_angular_controller]: 3D guidance switched to view 3
[depth_angular_controller-1] [INFO] [1790682713.004046253] [depth_angular_controller]: OUTSIDE_FLOW_BOX
[depth_angular_controller-1] [INFO] [1790682713.026267391] [depth_angular_controller]: TRACKING
[depth_angular_controller-1] [INFO] [1790682713.040240402] [depth_angular_controller]: REFERENCE_INITIALIZATION
[depth_angular_controller-1] [INFO] [1790682713.093995976] [depth_angular_controller]: OUTSIDE_FLOW_BOX
[depth_angular_controller-1] [INFO] [1790682713.114584101] [depth_angular_controller]: TRACKING
[depth_angular_controller-1] [INFO] [1790682713.203760173] [depth_angular_controller]: OUTSIDE_FLOW_BOX
[depth_angular_controller-1] [INFO] [1790682713.224646707] [depth_angular_controller]: TARGET_HOLD
[depth_angular_controller-1] [INFO] [1790682713.268478248] [depth_angular_controller]: 3D guidance switched to view 0
[depth_angular_controller-1] [INFO] [1790682713.304758309] [depth_angular_controller]: TRACKING
[depth_angular_controller-1] [INFO] [1790682713.380778513] [depth_angular_controller]: TARGET_HOLD
[depth_angular_controller-1] [INFO] [1790682713.380811044] [depth_angular_controller]: PAPER_BUILD reason=READY required=0.0100 best=4.0383 free=35 refined=0 tubes=50 revoked_tubes=0 proofs=128
[depth_angular_controller-1] [INFO] [1790682713.380821594] [depth_angular_controller]: PAPER_EVIDENCE retained=32 balls=32 revoked_balls=0 expired_views=0 evicted_views=71 radius=0.580 clearance=0.500 best_prefix=4.038
[depth_angular_controller-1] [INFO] [1790682713.413326972] [depth_angular_controller]: 3D guidance switched to view 3
[depth_angular_controller-1] [INFO] [1790682713.413465111] [depth_angular_controller]: STATE_OUTSIDE_FREE_DOMAIN
[depth_angular_controller-1] [INFO] [1790682713.482613500] [depth_angular_controller]: OUTSIDE_FLOW_BOX
[depth_angular_controller-1] [INFO] [1790682713.503733212] [depth_angular_controller]: 3D guidance switched to view 0
[depth_angular_controller-1] [INFO] [1790682713.504006785] [depth_angular_controller]: TARGET_HOLD
[depth_angular_controller-1] [INFO] [1790682713.662831586] [depth_angular_controller]: 3D guidance switched to view 3
[depth_angular_controller-1] [INFO] [1790682713.673510705] [depth_angular_controller]: SINGULAR_FIELD
[depth_angular_controller-1] [INFO] [1790682713.691900975] [depth_angular_controller]: REFERENCE_INITIALIZATION
[depth_angular_controller-1] [INFO] [1790682713.844690069] [depth_angular_controller]: SINGULAR_FIELD
[depth_angular_controller-1] [INFO] [1790682713.864007559] [depth_angular_controller]: [PERF CTRL] run=iteration2_ego1p1_1 elapsed=54.24s callbacks=1779 commands=1778 guidance=1678 command_fps(ros/wall)=45.92/44.33 guidance_wall_fps=43.71 avoid_ms(mean/p50/p95/max)=3.669/0.380/20.573/46.895 cycle_ms(mean/p95/max)=22.557/46.041/115.344 depth_to_cmd_ms(mean/p95/max)=26.053/33.333/50.000 callback_to_publish_ms(mean/p95/max)=16.556/37.375/60.757
[depth_angular_controller-1] [INFO] [1790682713.864067942] [depth_angular_controller]: REFERENCE_INITIALIZATION
[depth_angular_controller-1] [INFO] [1790682713.945840461] [depth_angular_controller]: TARGET_HOLD
[depth_angular_controller-1] [INFO] [1790682714.187234565] [depth_angular_controller]: OUTSIDE_FLOW_BOX
[depth_angular_controller-1] [INFO] [1790682714.206657854] [depth_angular_controller]: 3D guidance switched to view 0
[depth_angular_controller-1] [INFO] [1790682714.206782458] [depth_angular_controller]: STATE_OUTSIDE_FREE_DOMAIN
[depth_angular_controller-1] [INFO] [1790682714.266976674] [depth_angular_controller]: OUTSIDE_FLOW_BOX
[depth_angular_controller-1] [INFO] [1790682714.463803156] [depth_angular_controller]: TARGET_HOLD
[depth_angular_controller-1] [INFO] [1790682714.482373654] [depth_angular_controller]: PAPER_BUILD reason=READY required=0.0169 best=8.0717 free=228 refined=0 tubes=51 revoked_tubes=0 proofs=128
[depth_angular_controller-1] [INFO] [1790682714.482440319] [depth_angular_controller]: PAPER_EVIDENCE retained=32 balls=32 revoked_balls=0 expired_views=0 evicted_views=71 radius=0.580 clearance=0.500 best_prefix=8.072
[depth_angular_controller-1] [INFO] [1790682714.597620098] [depth_angular_controller]: STATE_OUTSIDE_FREE_DOMAIN
[depth_angular_controller-1] [INFO] [1790682714.649086286] [depth_angular_controller]: OUTSIDE_FLOW_BOX
[depth_angular_controller-1] [INFO] [1790682714.669629385] [depth_angular_controller]: REFERENCE_INITIALIZATION
[depth_angular_controller-1] [INFO] [1790682714.690367311] [depth_angular_controller]: TRACKING
[depth_angular_controller-1] [INFO] [1790682714.781010255] [depth_angular_controller]: TARGET_HOLD
[depth_angular_controller-1] [INFO] [1790682714.884203541] [depth_angular_controller]: 3D guidance switched to view 3
[depth_angular_controller-1] [INFO] [1790682715.009158022] [depth_angular_controller]: OUTSIDE_FLOW_BOX
[depth_angular_controller-1] [INFO] [1790682715.028528712] [depth_angular_controller]: STATE_OUTSIDE_FREE_DOMAIN
[depth_angular_controller-1] [INFO] [1790682715.116027577] [depth_angular_controller]: SINGULAR_FIELD
[position_cmd_to_twist-2] [INFO] [1790682715.148238652] [position_cmd_to_twist]: [PERF BRIDGE] run=iteration2_ego1p1_1 elapsed=55.42s received=1826 published=1826 fps(ros/wall)=45.76/44.13 controller_to_bridge_ms(mean/p50/p95/max)=12.997/16.667/33.333/66.667 bridge_process_ms(mean/p95/max)=0.110/0.144/1.415
[depth_angular_controller-1] [INFO] [1790682715.172306356] [depth_angular_controller]: 3D guidance switched to view 0
[depth_angular_controller-1] [INFO] [1790682715.172549292] [depth_angular_controller]: REFERENCE_INITIALIZATION
[depth_angular_controller-1] [INFO] [1790682715.209163710] [depth_angular_controller]: TARGET_HOLD
[NAV] t=40.0s position=(-47.00,-8.02,1.67) yaw=9.8deg command=(0.00,-0.00,-0.00) manual_active=1 collision_blocks=0
[depth_angular_controller-1] [INFO] [1790682715.331793429] [depth_angular_controller]: 3D guidance switched to view 3
[depth_angular_controller-1] [INFO] [1790682715.417312147] [depth_angular_controller]: OUTSIDE_FLOW_BOX
[depth_angular_controller-1] [INFO] [1790682715.436954948] [depth_angular_controller]: STATE_OUTSIDE_FREE_DOMAIN
[depth_angular_controller-1] [INFO] [1790682715.525154006] [depth_angular_controller]: OUTSIDE_FLOW_BOX
[depth_angular_controller-1] [INFO] [1790682715.525186818] [depth_angular_controller]: PAPER_BUILD reason=READY required=0.0150 best=2.0217 free=15 refined=0 tubes=52 revoked_tubes=0 proofs=128
[depth_angular_controller-1] [INFO] [1790682715.525195975] [depth_angular_controller]: PAPER_EVIDENCE retained=32 balls=32 revoked_balls=0 expired_views=0 evicted_views=75 radius=0.580 clearance=0.000 best_prefix=2.022
[depth_angular_controller-1] [INFO] [1790682715.545099434] [depth_angular_controller]: 3D guidance switched to view 0
[depth_angular_controller-1] [INFO] [1790682715.545323014] [depth_angular_controller]: TARGET_HOLD
[depth_angular_controller-1] [INFO] [1790682715.751571396] [depth_angular_controller]: 3D guidance switched to view 3
[depth_angular_controller-1] [INFO] [1790682715.779667329] [depth_angular_controller]: OUTSIDE_FLOW_BOX
[depth_angular_controller-1] [INFO] [1790682715.797154033] [depth_angular_controller]: TRACKING
[depth_angular_controller-1] [INFO] [1790682715.904463924] [depth_angular_controller]: OUTSIDE_FLOW_BOX
[depth_angular_controller-1] [INFO] [1790682715.984117807] [depth_angular_controller]: 3D guidance switched to view 0
[depth_angular_controller-1] [INFO] [1790682715.984344072] [depth_angular_controller]: TARGET_HOLD
[depth_angular_controller-1] [INFO] [1790682716.134025875] [depth_angular_controller]: 3D guidance switched to view 3
[depth_angular_controller-1] [INFO] [1790682716.134565227] [depth_angular_controller]: STATE_OUTSIDE_FREE_DOMAIN
[depth_angular_controller-1] [INFO] [1790682716.162143308] [depth_angular_controller]: SINGULAR_FIELD
[depth_angular_controller-1] [INFO] [1790682716.175937724] [depth_angular_controller]: REFERENCE_INITIALIZATION
[depth_angular_controller-1] [INFO] [1790682716.210658448] [depth_angular_controller]: 3D guidance switched to view 0
[depth_angular_controller-1] [INFO] [1790682716.211513493] [depth_angular_controller]: TRACKING
[depth_angular_controller-1] [INFO] [1790682716.287092870] [depth_angular_controller]: TARGET_HOLD
[depth_angular_controller-1] [INFO] [1790682716.305170994] [depth_angular_controller]: 3D guidance switched to view 3
[depth_angular_controller-1] [INFO] [1790682716.305588237] [depth_angular_controller]: STATE_OUTSIDE_FREE_DOMAIN
[depth_angular_controller-1] [INFO] [1790682716.361101039] [depth_angular_controller]: 3D guidance switched to view 0
[depth_angular_controller-1] [INFO] [1790682716.378727916] [depth_angular_controller]: TARGET_HOLD
[depth_angular_controller-1] [INFO] [1790682716.580843142] [depth_angular_controller]: 3D guidance switched to view 3
[depth_angular_controller-1] [INFO] [1790682716.656781022] [depth_angular_controller]: OUTSIDE_FLOW_BOX
[depth_angular_controller-1] [INFO] [1790682716.675539573] [depth_angular_controller]: STATE_OUTSIDE_FREE_DOMAIN
[depth_angular_controller-1] [INFO] [1790682716.675577274] [depth_angular_controller]: PAPER_BUILD reason=READY required=0.0206 best=8.0717 free=15 refined=0 tubes=52 revoked_tubes=0 proofs=128
[depth_angular_controller-1] [INFO] [1790682716.675600628] [depth_angular_controller]: PAPER_EVIDENCE retained=32 balls=32 revoked_balls=0 expired_views=0 evicted_views=75 radius=0.580 clearance=0.000 best_prefix=8.072
[depth_angular_controller-1] [INFO] [1790682716.758902617] [depth_angular_controller]: OUTSIDE_FLOW_BOX
[depth_angular_controller-1] [INFO] [1790682716.779834767] [depth_angular_controller]: 3D guidance switched to view 0
[depth_angular_controller-1] [INFO] [1790682716.780079656] [depth_angular_controller]: TARGET_HOLD
[depth_angular_controller-1] [INFO] [1790682716.912086562] [depth_angular_controller]: 3D guidance switched to view 3
[depth_angular_controller-1] [INFO] [1790682716.924253644] [depth_angular_controller]: OUTSIDE_FLOW_BOX
[depth_angular_controller-1] [INFO] [1790682716.941104234] [depth_angular_controller]: TRACKING
[depth_angular_controller-1] [INFO] [1790682717.041503387] [depth_angular_controller]: OUTSIDE_FLOW_BOX
[depth_angular_controller-1] [INFO] [1790682717.059456406] [depth_angular_controller]: TRACKING
[depth_angular_controller-1] [INFO] [1790682717.141657089] [depth_angular_controller]: TARGET_HOLD
[depth_angular_controller-1] [INFO] [1790682717.258276128] [depth_angular_controller]: 3D guidance switched to view 0
[depth_angular_controller-1] [INFO] [1790682717.258941116] [depth_angular_controller]: REFERENCE_INITIALIZATION
[depth_angular_controller-1] [INFO] [1790682717.275909017] [depth_angular_controller]: 3D guidance switched to view 3
[depth_angular_controller-1] [INFO] [1790682717.294278307] [depth_angular_controller]: TARGET_HOLD
[depth_angular_controller-1] [INFO] [1790682717.739732878] [depth_angular_controller]: 3D guidance switched to view 0
[depth_angular_controller-1] [INFO] [1790682717.815304390] [depth_angular_controller]: OUTSIDE_FLOW_BOX
[depth_angular_controller-1] [INFO] [1790682717.815340538] [depth_angular_controller]: PAPER_BUILD reason=READY required=0.1763 best=8.0717 free=182 refined=0 tubes=53 revoked_tubes=0 proofs=128
[depth_angular_controller-1] [INFO] [1790682717.815351809] [depth_angular_controller]: PAPER_EVIDENCE retained=32 balls=32 revoked_balls=0 expired_views=0 evicted_views=75 radius=0.580 clearance=0.000 best_prefix=8.072
[depth_angular_controller-1] [INFO] [1790682717.830883285] [depth_angular_controller]: STATE_OUTSIDE_FREE_DOMAIN
[depth_angular_controller-1] [INFO] [1790682717.902278220] [depth_angular_controller]: OUTSIDE_FLOW_BOX
[depth_angular_controller-1] [INFO] [1790682718.258895754] [depth_angular_controller]: TARGET_HOLD
[depth_angular_controller-1] [INFO] [1790682718.426855086] [depth_angular_controller]: 3D guidance switched to view 3
[depth_angular_controller-1] [INFO] [1790682718.426971645] [depth_angular_controller]: STATE_OUTSIDE_FREE_DOMAIN
[depth_angular_controller-1] [INFO] [1790682718.500092188] [depth_angular_controller]: OUTSIDE_FLOW_BOX
[depth_angular_controller-1] [INFO] [1790682718.514705781] [depth_angular_controller]: 3D guidance switched to view 0
[depth_angular_controller-1] [INFO] [1790682718.515247177] [depth_angular_controller]: REFERENCE_INITIALIZATION
[depth_angular_controller-1] [INFO] [1790682718.529278677] [depth_angular_controller]: TARGET_HOLD
[depth_angular_controller-1] [INFO] [1790682718.671514047] [depth_angular_controller]: 3D guidance switched to view 3
[depth_angular_controller-1] [INFO] [1790682718.672085820] [depth_angular_controller]: STATE_OUTSIDE_FREE_DOMAIN
[depth_angular_controller-1] [INFO] [1790682718.702168541] [depth_angular_controller]: OUTSIDE_FLOW_BOX
[depth_angular_controller-1] [INFO] [1790682718.723239631] [depth_angular_controller]: STATE_OUTSIDE_FREE_DOMAIN
[depth_angular_controller-1] [INFO] [1790682718.739746798] [depth_angular_controller]: 3D guidance switched to view 0
[depth_angular_controller-1] [INFO] [1790682718.740290618] [depth_angular_controller]: REFERENCE_INITIALIZATION
[depth_angular_controller-1] [INFO] [1790682718.753947105] [depth_angular_controller]: TRACKING
[depth_angular_controller-1] [INFO] [1790682718.807136346] [depth_angular_controller]: TARGET_HOLD
[depth_angular_controller-1] [INFO] [1790682718.807168427] [depth_angular_controller]: PAPER_BUILD reason=READY required=0.0100 best=8.0717 free=4 refined=0 tubes=54 revoked_tubes=0 proofs=128
[depth_angular_controller-1] [INFO] [1790682718.807180750] [depth_angular_controller]: PAPER_EVIDENCE retained=32 balls=32 revoked_balls=0 expired_views=0 evicted_views=79 radius=0.580 clearance=0.500 best_prefix=8.072
[depth_angular_controller-1] [INFO] [1790682718.868687549] [depth_angular_controller]: 3D guidance switched to view 3
[depth_angular_controller-1] [INFO] [1790682718.869073013] [depth_angular_controller]: [PERF CTRL] run=iteration2_ego1p1_1 elapsed=59.25s callbacks=1982 commands=1981 guidance=1881 command_fps(ros/wall)=45.57/43.91 guidance_wall_fps=43.34 avoid_ms(mean/p50/p95/max)=3.737/0.302/20.682/58.602 cycle_ms(mean/p95/max)=22.772/46.443/115.344 depth_to_cmd_ms(mean/p95/max)=25.572/33.333/50.000 callback_to_publish_ms(mean/p95/max)=16.991/37.375/73.269
[depth_angular_controller-1] [INFO] [1790682718.869119730] [depth_angular_controller]: STATE_OUTSIDE_FREE_DOMAIN
[depth_angular_controller-1] [INFO] [1790682718.912885228] [depth_angular_controller]: OUTSIDE_FLOW_BOX
[depth_angular_controller-1] [INFO] [1790682718.928761099] [depth_angular_controller]: 3D guidance switched to view 0
[depth_angular_controller-1] [INFO] [1790682718.928994898] [depth_angular_controller]: REFERENCE_INITIALIZATION
[depth_angular_controller-1] [INFO] [1790682718.944582609] [depth_angular_controller]: TRACKING
[depth_angular_controller-1] [INFO] [1790682718.966310312] [depth_angular_controller]: TARGET_HOLD
[depth_angular_controller-1] [INFO] [1790682719.145103553] [depth_angular_controller]: 3D guidance switched to view 3
[depth_angular_controller-1] [INFO] [1790682719.145224891] [depth_angular_controller]: STATE_OUTSIDE_FREE_DOMAIN
[depth_angular_controller-1] [INFO] [1790682719.186153996] [depth_angular_controller]: OUTSIDE_FLOW_BOX
[depth_angular_controller-1] [INFO] [1790682719.201788064] [depth_angular_controller]: TRACKING
[depth_angular_controller-1] [INFO] [1790682719.225511491] [depth_angular_controller]: 3D guidance switched to view 0
[depth_angular_controller-1] [INFO] [1790682719.241353249] [depth_angular_controller]: TARGET_HOLD
[depth_angular_controller-1] [INFO] [1790682719.353976350] [depth_angular_controller]: 3D guidance switched to view 3
[depth_angular_controller-1] [INFO] [1790682719.354089803] [depth_angular_controller]: STATE_OUTSIDE_FREE_DOMAIN
[depth_angular_controller-1] [INFO] [1790682719.394978622] [depth_angular_controller]: OUTSIDE_FLOW_BOX
[depth_angular_controller-1] [INFO] [1790682719.421110439] [depth_angular_controller]: TRACKING
[depth_angular_controller-1] [INFO] [1790682719.437895738] [depth_angular_controller]: 3D guidance switched to view 0
[depth_angular_controller-1] [INFO] [1790682719.438724944] [depth_angular_controller]: TARGET_HOLD
[depth_angular_controller-1] [INFO] [1790682719.549939111] [depth_angular_controller]: 3D guidance switched to view 3
[depth_angular_controller-1] [INFO] [1790682719.550082089] [depth_angular_controller]: STATE_OUTSIDE_FREE_DOMAIN
[depth_angular_controller-1] [INFO] [1790682719.592306575] [depth_angular_controller]: OUTSIDE_FLOW_BOX
[depth_angular_controller-1] [INFO] [1790682719.612285466] [depth_angular_controller]: TRACKING
[depth_angular_controller-1] [INFO] [1790682719.627210904] [depth_angular_controller]: 3D guidance switched to view 0
[depth_angular_controller-1] [INFO] [1790682719.627436718] [depth_angular_controller]: TARGET_HOLD
[depth_angular_controller-1] [INFO] [1790682719.747929406] [depth_angular_controller]: 3D guidance switched to view 3
[depth_angular_controller-1] [INFO] [1790682719.748058508] [depth_angular_controller]: STATE_OUTSIDE_FREE_DOMAIN
[depth_angular_controller-1] [INFO] [1790682719.836458003] [depth_angular_controller]: OUTSIDE_FLOW_BOX
[depth_angular_controller-1] [INFO] [1790682719.852523400] [depth_angular_controller]: 3D guidance switched to view 0
[depth_angular_controller-1] [INFO] [1790682719.853186194] [depth_angular_controller]: TARGET_HOLD
[depth_angular_controller-1] [INFO] [1790682719.853255985] [depth_angular_controller]: PAPER_BUILD reason=READY required=0.0122 best=4.0383 free=153 refined=0 tubes=54 revoked_tubes=0 proofs=128
[depth_angular_controller-1] [INFO] [1790682719.853268719] [depth_angular_controller]: PAPER_EVIDENCE retained=32 balls=32 revoked_balls=0 expired_views=0 evicted_views=79 radius=0.580 clearance=0.500 best_prefix=4.038
[depth_angular_controller-1] [INFO] [1790682719.919527165] [depth_angular_controller]: REFERENCE_INITIALIZATION
[depth_angular_controller-1] [INFO] [1790682719.995048944] [depth_angular_controller]: 3D guidance switched to view 3
[depth_angular_controller-1] [INFO] [1790682720.012995942] [depth_angular_controller]: TARGET_HOLD
[depth_angular_controller-1] [INFO] [1790682720.119562578] [depth_angular_controller]: OUTSIDE_FLOW_BOX
[depth_angular_controller-1] [INFO] [1790682720.137517812] [depth_angular_controller]: STATE_OUTSIDE_FREE_DOMAIN
[depth_angular_controller-1] [INFO] [1790682720.218077605] [depth_angular_controller]: OUTSIDE_FLOW_BOX
[depth_angular_controller-1] [INFO] [1790682720.344031241] [depth_angular_controller]: 3D guidance switched to view 0
[depth_angular_controller-1] [INFO] [1790682720.344246034] [depth_angular_controller]: TARGET_HOLD
[position_cmd_to_twist-2] [INFO] [1790682720.394845536] [position_cmd_to_twist]: [PERF BRIDGE] run=iteration2_ego1p1_1 elapsed=60.66s received=2049 published=2049 fps(ros/wall)=45.61/43.94 controller_to_bridge_ms(mean/p50/p95/max)=13.299/16.667/33.333/66.667 bridge_process_ms(mean/p95/max)=0.110/0.145/1.415
[NAV] t=45.0s position=(-46.74,-8.23,1.48) yaw=10.0deg command=(0.03,-0.03,-0.00) manual_active=1 collision_blocks=0
[depth_angular_controller-1] [INFO] [1790682720.473967291] [depth_angular_controller]: 3D guidance switched to view 3
[depth_angular_controller-1] [INFO] [1790682720.485838638] [depth_angular_controller]: OUTSIDE_FLOW_BOX
[depth_angular_controller-1] [INFO] [1790682720.501574446] [depth_angular_controller]: STATE_OUTSIDE_FREE_DOMAIN
[depth_angular_controller-1] [INFO] [1790682720.555882097] [depth_angular_controller]: 3D guidance switched to view 0
[depth_angular_controller-1] [INFO] [1790682720.556005869] [depth_angular_controller]: SINGULAR_FIELD
[depth_angular_controller-1] [INFO] [1790682720.603561018] [depth_angular_controller]: TARGET_HOLD
[depth_angular_controller-1] [INFO] [1790682720.739668658] [depth_angular_controller]: 3D guidance switched to view 3
[depth_angular_controller-1] [INFO] [1790682720.782252839] [depth_angular_controller]: SINGULAR_FIELD
[depth_angular_controller-1] [INFO] [1790682720.798936937] [depth_angular_controller]: STATE_OUTSIDE_FREE_DOMAIN
[depth_angular_controller-1] [INFO] [1790682720.866503779] [depth_angular_controller]: 3D guidance switched to view 0
[depth_angular_controller-1] [INFO] [1790682720.866732548] [depth_angular_controller]: REFERENCE_INITIALIZATION
[depth_angular_controller-1] [INFO] [1790682720.866739471] [depth_angular_controller]: PAPER_BUILD reason=READY required=0.0157 best=2.0217 free=8 refined=0 tubes=54 revoked_tubes=0 proofs=128
[depth_angular_controller-1] [INFO] [1790682720.866749410] [depth_angular_controller]: PAPER_EVIDENCE retained=32 balls=32 revoked_balls=0 expired_views=0 evicted_views=79 radius=0.580 clearance=0.500 best_prefix=2.022
[depth_angular_controller-1] [INFO] [1790682720.898700296] [depth_angular_controller]: TRACKING
[depth_angular_controller-1] [INFO] [1790682721.010945208] [depth_angular_controller]: 3D guidance switched to view 3
[depth_angular_controller-1] [INFO] [1790682721.105681233] [depth_angular_controller]: SINGULAR_FIELD
[depth_angular_controller-1] [INFO] [1790682721.121267131] [depth_angular_controller]: STATE_OUTSIDE_FREE_DOMAIN
[depth_angular_controller-1] [INFO] [1790682721.232563652] [depth_angular_controller]: SINGULAR_FIELD
[depth_angular_controller-1] [INFO] [1790682721.247778123] [depth_angular_controller]: 3D guidance switched to view 0
[depth_angular_controller-1] [INFO] [1790682721.248040706] [depth_angular_controller]: TARGET_HOLD
[depth_angular_controller-1] [INFO] [1790682721.391037594] [depth_angular_controller]: 3D guidance switched to view 3
[depth_angular_controller-1] [INFO] [1790682721.405729414] [depth_angular_controller]: SINGULAR_FIELD
[depth_angular_controller-1] [INFO] [1790682721.420991854] [depth_angular_controller]: STATE_OUTSIDE_FREE_DOMAIN
[depth_angular_controller-1] [INFO] [1790682721.495107775] [depth_angular_controller]: 3D guidance switched to view 0
[depth_angular_controller-1] [INFO] [1790682721.512938996] [depth_angular_controller]: TARGET_HOLD
[depth_angular_controller-1] [INFO] [1790682721.629638687] [depth_angular_controller]: 3D guidance switched to view 3
[depth_angular_controller-1] [INFO] [1790682721.706141587] [depth_angular_controller]: SINGULAR_FIELD
[depth_angular_controller-1] [INFO] [1790682721.722529710] [depth_angular_controller]: STATE_OUTSIDE_FREE_DOMAIN
[depth_angular_controller-1] [INFO] [1790682721.806924810] [depth_angular_controller]: SINGULAR_FIELD
[depth_angular_controller-1] [INFO] [1790682721.825961964] [depth_angular_controller]: 3D guidance switched to view 0
[depth_angular_controller-1] [INFO] [1790682721.826352727] [depth_angular_controller]: REFERENCE_INITIALIZATION
[depth_angular_controller-1] [INFO] [1790682721.826370491] [depth_angular_controller]: PAPER_BUILD reason=READY required=0.0129 best=2.0217 free=6 refined=0 tubes=55 revoked_tubes=0 proofs=128
[depth_angular_controller-1] [INFO] [1790682721.826380810] [depth_angular_controller]: PAPER_EVIDENCE retained=32 balls=32 revoked_balls=0 expired_views=0 evicted_views=79 radius=0.580 clearance=0.500 best_prefix=2.022
[depth_angular_controller-1] [INFO] [1790682721.841706309] [depth_angular_controller]: TARGET_HOLD
[depth_angular_controller-1] [INFO] [1790682721.922334831] [depth_angular_controller]: TRACKING
[depth_angular_controller-1] [INFO] [1790682721.938293047] [depth_angular_controller]: 3D guidance switched to view 3
[depth_angular_controller-1] [INFO] [1790682721.938427930] [depth_angular_controller]: STATE_OUTSIDE_FREE_DOMAIN
[depth_angular_controller-1] [INFO] [1790682721.998741711] [depth_angular_controller]: 3D guidance switched to view 0
[depth_angular_controller-1] [INFO] [1790682721.998969649] [depth_angular_controller]: REFERENCE_INITIALIZATION
[depth_angular_controller-1] [INFO] [1790682722.039625190] [depth_angular_controller]: TARGET_HOLD
[depth_angular_controller-1] [INFO] [1790682722.158011516] [depth_angular_controller]: 3D guidance switched to view 3
[depth_angular_controller-1] [INFO] [1790682722.232763411] [depth_angular_controller]: SINGULAR_FIELD
[depth_angular_controller-1] [INFO] [1790682722.248168719] [depth_angular_controller]: STATE_OUTSIDE_FREE_DOMAIN
[depth_angular_controller-1] [INFO] [1790682722.333326531] [depth_angular_controller]: SINGULAR_FIELD
[depth_angular_controller-1] [INFO] [1790682722.357341566] [depth_angular_controller]: 3D guidance switched to view 0
[depth_angular_controller-1] [INFO] [1790682722.357564244] [depth_angular_controller]: REFERENCE_INITIALIZATION
[depth_angular_controller-1] [INFO] [1790682722.372502245] [depth_angular_controller]: TARGET_HOLD
[depth_angular_controller-1] [INFO] [1790682722.475879907] [depth_angular_controller]: 3D guidance switched to view 3
[depth_angular_controller-1] [INFO] [1790682722.534376007] [depth_angular_controller]: SINGULAR_FIELD
[depth_angular_controller-1] [INFO] [1790682722.551514458] [depth_angular_controller]: STATE_OUTSIDE_FREE_DOMAIN
[depth_angular_controller-1] [INFO] [1790682722.654087169] [depth_angular_controller]: 3D guidance switched to view 0
[depth_angular_controller-1] [INFO] [1790682722.671436756] [depth_angular_controller]: TARGET_HOLD
[depth_angular_controller-1] [INFO] [1790682722.778074135] [depth_angular_controller]: 3D guidance switched to view 3
[depth_angular_controller-1] [INFO] [1790682722.796297511] [depth_angular_controller]: PAPER_BUILD reason=READY required=0.0100 best=8.0717 free=25 refined=0 tubes=55 revoked_tubes=0 proofs=128
[depth_angular_controller-1] [INFO] [1790682722.796336114] [depth_angular_controller]: PAPER_EVIDENCE retained=32 balls=32 revoked_balls=0 expired_views=0 evicted_views=79 radius=0.580 clearance=0.500 best_prefix=8.072
[depth_angular_controller-1] [INFO] [1790682722.849051787] [depth_angular_controller]: SINGULAR_FIELD
[depth_angular_controller-1] [INFO] [1790682722.864348391] [depth_angular_controller]: STATE_OUTSIDE_FREE_DOMAIN
[depth_angular_controller-1] [INFO] [1790682723.003513589] [depth_angular_controller]: SINGULAR_FIELD
[depth_angular_controller-1] [INFO] [1790682723.019284354] [depth_angular_controller]: 3D guidance switched to view 0
[depth_angular_controller-1] [INFO] [1790682723.019509035] [depth_angular_controller]: TARGET_HOLD
[depth_angular_controller-1] [INFO] [1790682723.113564644] [depth_angular_controller]: TRACKING
[depth_angular_controller-1] [INFO] [1790682723.164928069] [depth_angular_controller]: 3D guidance switched to view 3
[depth_angular_controller-1] [INFO] [1790682723.165044117] [depth_angular_controller]: STATE_OUTSIDE_FREE_DOMAIN
[depth_angular_controller-1] [INFO] [1790682723.227665738] [depth_angular_controller]: OUTSIDE_FLOW_BOX
[depth_angular_controller-1] [INFO] [1790682723.244755829] [depth_angular_controller]: 3D guidance switched to view 0
[depth_angular_controller-1] [INFO] [1790682723.244975551] [depth_angular_controller]: TARGET_HOLD
[depth_angular_controller-1] [INFO] [1790682723.314799748] [depth_angular_controller]: REFERENCE_INITIALIZATION
[depth_angular_controller-1] [INFO] [1790682723.361741847] [depth_angular_controller]: 3D guidance switched to view 3
[depth_angular_controller-1] [INFO] [1790682723.361866731] [depth_angular_controller]: STATE_OUTSIDE_FREE_DOMAIN
[depth_angular_controller-1] [INFO] [1790682723.380636112] [depth_angular_controller]: REFERENCE_INITIALIZATION
[depth_angular_controller-1] [INFO] [1790682723.419803692] [depth_angular_controller]: SINGULAR_FIELD
[depth_angular_controller-1] [INFO] [1790682723.435255848] [depth_angular_controller]: 3D guidance switched to view 0
[depth_angular_controller-1] [INFO] [1790682723.435459370] [depth_angular_controller]: TARGET_HOLD
[depth_angular_controller-1] [INFO] [1790682723.552801336] [depth_angular_controller]: 3D guidance switched to view 3
[depth_angular_controller-1] [INFO] [1790682723.552939415] [depth_angular_controller]: STATE_OUTSIDE_FREE_DOMAIN
[depth_angular_controller-1] [INFO] [1790682723.602562595] [depth_angular_controller]: 3D guidance switched to view 0
[depth_angular_controller-1] [INFO] [1790682723.602777969] [depth_angular_controller]: TARGET_HOLD
[depth_angular_controller-1] [INFO] [1790682723.730956701] [depth_angular_controller]: 3D guidance switched to view 3
[depth_angular_controller-1] [INFO] [1790682723.798199554] [depth_angular_controller]: PAPER_BUILD reason=READY required=0.0100 best=8.0717 free=24 refined=0 tubes=55 revoked_tubes=0 proofs=128
[depth_angular_controller-1] [INFO] [1790682723.798239509] [depth_angular_controller]: PAPER_EVIDENCE retained=32 balls=32 revoked_balls=0 expired_views=0 evicted_views=79 radius=0.580 clearance=0.500 best_prefix=8.072
[depth_angular_controller-1] [INFO] [1790682723.826137280] [depth_angular_controller]: SINGULAR_FIELD
[depth_angular_controller-1] [INFO] [1790682723.842785231] [depth_angular_controller]: STATE_OUTSIDE_FREE_DOMAIN
[depth_angular_controller-1] [INFO] [1790682723.871473666] [depth_angular_controller]: [PERF CTRL] run=iteration2_ego1p1_1 elapsed=64.25s callbacks=2219 commands=2218 guidance=2118 command_fps(ros/wall)=45.73/44.26 guidance_wall_fps=43.76 avoid_ms(mean/p50/p95/max)=3.714/0.248/20.241/58.602 cycle_ms(mean/p95/max)=22.594/46.220/115.344 depth_to_cmd_ms(mean/p95/max)=25.071/33.333/50.000 callback_to_publish_ms(mean/p95/max)=17.111/37.177/73.269
[depth_angular_controller-1] [INFO] [1790682723.918671213] [depth_angular_controller]: OUTSIDE_FLOW_BOX
[depth_angular_controller-1] [INFO] [1790682723.937202508] [depth_angular_controller]: 3D guidance switched to view 0
[depth_angular_controller-1] [INFO] [1790682723.937446185] [depth_angular_controller]: REFERENCE_INITIALIZATION
[depth_angular_controller-1] [INFO] [1790682723.949731279] [depth_angular_controller]: TARGET_HOLD
[depth_angular_controller-1] [INFO] [1790682724.078417513] [depth_angular_controller]: 3D guidance switched to view 3
[depth_angular_controller-1] [INFO] [1790682724.139852908] [depth_angular_controller]: SINGULAR_FIELD
[depth_angular_controller-1] [INFO] [1790682724.159173795] [depth_angular_controller]: STATE_OUTSIDE_FREE_DOMAIN
[depth_angular_controller-1] [INFO] [1790682724.232890917] [depth_angular_controller]: SINGULAR_FIELD
[depth_angular_controller-1] [INFO] [1790682724.250468562] [depth_angular_controller]: 3D guidance switched to view 0
[depth_angular_controller-1] [INFO] [1790682724.250702491] [depth_angular_controller]: TARGET_HOLD
[depth_angular_controller-1] [INFO] [1790682724.324028139] [depth_angular_controller]: REFERENCE_INITIALIZATION
[depth_angular_controller-1] [INFO] [1790682724.373256238] [depth_angular_controller]: 3D guidance switched to view 3
[depth_angular_controller-1] [INFO] [1790682724.373418141] [depth_angular_controller]: STATE_OUTSIDE_FREE_DOMAIN
[depth_angular_controller-1] [INFO] [1790682724.454045241] [depth_angular_controller]: OUTSIDE_FLOW_BOX
[depth_angular_controller-1] [INFO] [1790682724.470426521] [depth_angular_controller]: 3D guidance switched to view 0
[depth_angular_controller-1] [INFO] [1790682724.470643137] [depth_angular_controller]: TARGET_HOLD
[depth_angular_controller-1] [INFO] [1790682724.584959796] [depth_angular_controller]: 3D guidance switched to view 3
[depth_angular_controller-1] [INFO] [1790682724.585141187] [depth_angular_controller]: STATE_OUTSIDE_FREE_DOMAIN
[depth_angular_controller-1] [INFO] [1790682724.607549417] [depth_angular_controller]: OUTSIDE_FLOW_BOX
[depth_angular_controller-1] [INFO] [1790682724.625114268] [depth_angular_controller]: STATE_OUTSIDE_FREE_DOMAIN
[depth_angular_controller-1] [INFO] [1790682724.642005835] [depth_angular_controller]: 3D guidance switched to view 0
[depth_angular_controller-1] [INFO] [1790682724.642239043] [depth_angular_controller]: REFERENCE_INITIALIZATION
[depth_angular_controller-1] [INFO] [1790682724.658481813] [depth_angular_controller]: TRACKING
[depth_angular_controller-1] [INFO] [1790682724.719068035] [depth_angular_controller]: TARGET_HOLD
[depth_angular_controller-1] [INFO] [1790682724.738576423] [depth_angular_controller]: PAPER_BUILD reason=READY required=0.0100 best=8.0717 free=21 refined=0 tubes=55 revoked_tubes=0 proofs=128
[depth_angular_controller-1] [INFO] [1790682724.738610377] [depth_angular_controller]: PAPER_EVIDENCE retained=32 balls=32 revoked_balls=0 expired_views=0 evicted_views=83 radius=0.580 clearance=0.500 best_prefix=8.072
[depth_angular_controller-1] [INFO] [1790682724.795717330] [depth_angular_controller]: 3D guidance switched to view 3
[depth_angular_controller-1] [INFO] [1790682724.822036950] [depth_angular_controller]: SINGULAR_FIELD
[depth_angular_controller-1] [INFO] [1790682724.838439780] [depth_angular_controller]: STATE_OUTSIDE_FREE_DOMAIN
[depth_angular_controller-1] [INFO] [1790682724.905225285] [depth_angular_controller]: 3D guidance switched to view 0
[depth_angular_controller-1] [INFO] [1790682724.905441752] [depth_angular_controller]: REFERENCE_INITIALIZATION
[depth_angular_controller-1] [INFO] [1790682724.960604977] [depth_angular_controller]: TARGET_HOLD
[depth_angular_controller-1] [INFO] [1790682725.059234809] [depth_angular_controller]: 3D guidance switched to view 3
[depth_angular_controller-1] [INFO] [1790682725.126881390] [depth_angular_controller]: OUTSIDE_FLOW_BOX
[depth_angular_controller-1] [INFO] [1790682725.143154548] [depth_angular_controller]: STATE_OUTSIDE_FREE_DOMAIN
[position_cmd_to_twist-2] [INFO] [1790682725.207849530] [position_cmd_to_twist]: [PERF BRIDGE] run=iteration2_ego1p1_1 elapsed=65.48s received=2281 published=2281 fps(ros/wall)=45.69/44.34 controller_to_bridge_ms(mean/p50/p95/max)=13.532/16.667/33.333/66.667 bridge_process_ms(mean/p95/max)=0.111/0.144/2.238
[depth_angular_controller-1] [INFO] [1790682725.231955265] [depth_angular_controller]: OUTSIDE_FLOW_BOX
[depth_angular_controller-1] [INFO] [1790682725.255037860] [depth_angular_controller]: 3D guidance switched to view 0
[depth_angular_controller-1] [INFO] [1790682725.255257132] [depth_angular_controller]: TARGET_HOLD
[NAV] t=50.0s position=(-46.64,-8.35,1.46) yaw=10.0deg command=(0.00,-0.00,-0.00) manual_active=1 collision_blocks=0
[depth_angular_controller-1] [INFO] [1790682725.339221313] [depth_angular_controller]: REFERENCE_INITIALIZATION
[depth_angular_controller-1] [INFO] [1790682725.397586117] [depth_angular_controller]: 3D guidance switched to view 3
[depth_angular_controller-1] [INFO] [1790682725.398560495] [depth_angular_controller]: STATE_OUTSIDE_FREE_DOMAIN
[depth_angular_controller-1] [INFO] [1790682725.467009843] [depth_angular_controller]: OUTSIDE_FLOW_BOX
[depth_angular_controller-1] [INFO] [1790682725.483406161] [depth_angular_controller]: 3D guidance switched to view 0
[depth_angular_controller-1] [INFO] [1790682725.484062363] [depth_angular_controller]: TARGET_HOLD
[depth_angular_controller-1] [INFO] [1790682725.593901079] [depth_angular_controller]: 3D guidance switched to view 3
[depth_angular_controller-1] [INFO] [1790682725.594023639] [depth_angular_controller]: STATE_OUTSIDE_FREE_DOMAIN
[depth_angular_controller-1] [INFO] [1790682725.649784927] [depth_angular_controller]: OUTSIDE_FLOW_BOX
[depth_angular_controller-1] [INFO] [1790682725.667216548] [depth_angular_controller]: 3D guidance switched to view 0
[depth_angular_controller-1] [INFO] [1790682725.667432733] [depth_angular_controller]: TARGET_HOLD
[depth_angular_controller-1] [INFO] [1790682725.683286113] [depth_angular_controller]: PAPER_BUILD reason=READY required=0.0177 best=8.0717 free=150 refined=0 tubes=56 revoked_tubes=0 proofs=128
[depth_angular_controller-1] [INFO] [1790682725.683319996] [depth_angular_controller]: PAPER_EVIDENCE retained=32 balls=32 revoked_balls=0 expired_views=0 evicted_views=83 radius=0.580 clearance=0.500 best_prefix=8.072
[depth_angular_controller-1] [INFO] [1790682725.819872552] [depth_angular_controller]: 3D guidance switched to view 3
[depth_angular_controller-1] [INFO] [1790682725.844202738] [depth_angular_controller]: OUTSIDE_FLOW_BOX
[depth_angular_controller-1] [INFO] [1790682725.863937110] [depth_angular_controller]: STATE_OUTSIDE_FREE_DOMAIN
[depth_angular_controller-1] [INFO] [1790682725.938554292] [depth_angular_controller]: 3D guidance switched to view 0
[depth_angular_controller-1] [INFO] [1790682725.957002270] [depth_angular_controller]: TARGET_HOLD
[depth_angular_controller-1] [INFO] [1790682726.083481222] [depth_angular_controller]: 3D guidance switched to view 3
[depth_angular_controller-1] [INFO] [1790682726.205299138] [depth_angular_controller]: OUTSIDE_FLOW_BOX
[depth_angular_controller-1] [INFO] [1790682726.221970181] [depth_angular_controller]: STATE_OUTSIDE_FREE_DOMAIN
[depth_angular_controller-1] [INFO] [1790682726.271655898] [depth_angular_controller]: 3D guidance switched to view 0
[depth_angular_controller-1] [INFO] [1790682726.271847478] [depth_angular_controller]: REFERENCE_INITIALIZATION
[depth_angular_controller-1] [INFO] [1790682726.344602655] [depth_angular_controller]: TARGET_HOLD
[depth_angular_controller-1] [INFO] [1790682726.383838433] [depth_angular_controller]: REFERENCE_INITIALIZATION
[depth_angular_controller-1] [INFO] [1790682726.456163473] [depth_angular_controller]: TARGET_HOLD
[depth_angular_controller-1] [INFO] [1790682726.472645412] [depth_angular_controller]: 3D guidance switched to view 3
[depth_angular_controller-1] [INFO] [1790682726.517305658] [depth_angular_controller]: OUTSIDE_FLOW_BOX
[depth_angular_controller-1] [INFO] [1790682726.533894358] [depth_angular_controller]: TARGET_HOLD
[depth_angular_controller-1] [INFO] [1790682726.605280216] [depth_angular_controller]: OUTSIDE_FLOW_BOX
[depth_angular_controller-1] [INFO] [1790682726.617782286] [depth_angular_controller]: TARGET_HOLD
[depth_angular_controller-1] [INFO] [1790682726.732969709] [depth_angular_controller]: OUTSIDE_FLOW_BOX
[depth_angular_controller-1] [INFO] [1790682726.749997903] [depth_angular_controller]: TRACKING
[depth_angular_controller-1] [INFO] [1790682726.815725784] [depth_angular_controller]: PAPER_BUILD reason=READY required=0.0177 best=4.0383 free=141 refined=0 tubes=56 revoked_tubes=0 proofs=128
[depth_angular_controller-1] [INFO] [1790682726.815770588] [depth_angular_controller]: PAPER_EVIDENCE retained=32 balls=32 revoked_balls=0 expired_views=0 evicted_views=83 radius=0.580 clearance=0.500 best_prefix=4.038
[depth_angular_controller-1] [INFO] [1790682726.856177823] [depth_angular_controller]: OUTSIDE_FLOW_BOX
[depth_angular_controller-1] [INFO] [1790682726.873598845] [depth_angular_controller]: TARGET_HOLD
[depth_angular_controller-1] [INFO] [1790682726.979631168] [depth_angular_controller]: OUTSIDE_FLOW_BOX
[depth_angular_controller-1] [INFO] [1790682726.997192091] [depth_angular_controller]: TARGET_HOLD
[depth_angular_controller-1] [INFO] [1790682727.051509600] [depth_angular_controller]: OUTSIDE_FLOW_BOX
[depth_angular_controller-1] [INFO] [1790682727.069864754] [depth_angular_controller]: TRACKING
[depth_angular_controller-1] [INFO] [1790682727.101750799] [depth_angular_controller]: 3D guidance switched to view 0
[depth_angular_controller-1] [INFO] [1790682727.102561741] [depth_angular_controller]: TARGET_HOLD
[depth_angular_controller-1] [INFO] [1790682727.139071072] [depth_angular_controller]: 3D guidance switched to view 3
[depth_angular_controller-1] [INFO] [1790682727.139332913] [depth_angular_controller]: TRACKING
[depth_angular_controller-1] [INFO] [1790682727.171804227] [depth_angular_controller]: TARGET_HOLD
[depth_angular_controller-1] [INFO] [1790682727.379409726] [depth_angular_controller]: OUTSIDE_FLOW_BOX
[depth_angular_controller-1] [INFO] [1790682727.391051592] [depth_angular_controller]: STATE_OUTSIDE_FREE_DOMAIN
[depth_angular_controller-1] [INFO] [1790682727.593424502] [depth_angular_controller]: OUTSIDE_FLOW_BOX
[depth_angular_controller-1] [INFO] [1790682727.625437856] [depth_angular_controller]: 3D guidance switched to view 0
[depth_angular_controller-1] [INFO] [1790682727.625677445] [depth_angular_controller]: TARGET_HOLD
[depth_angular_controller-1] [INFO] [1790682727.768516137] [depth_angular_controller]: 3D guidance switched to view 3
[depth_angular_controller-1] [INFO] [1790682727.792334373] [depth_angular_controller]: OUTSIDE_FLOW_BOX
[depth_angular_controller-1] [INFO] [1790682727.815073664] [depth_angular_controller]: STATE_OUTSIDE_FREE_DOMAIN
[depth_angular_controller-1] [INFO] [1790682727.846712816] [depth_angular_controller]: 3D guidance switched to view 0
[depth_angular_controller-1] [INFO] [1790682727.846937988] [depth_angular_controller]: TARGET_HOLD
[depth_angular_controller-1] [INFO] [1790682727.908286160] [depth_angular_controller]: PAPER_BUILD reason=READY required=0.0100 best=8.0717 free=16 refined=0 tubes=57 revoked_tubes=0 proofs=128
[depth_angular_controller-1] [INFO] [1790682727.908324873] [depth_angular_controller]: PAPER_EVIDENCE retained=32 balls=32 revoked_balls=0 expired_views=0 evicted_views=83 radius=0.580 clearance=0.500 best_prefix=8.072
[depth_angular_controller-1] [INFO] [1790682728.010356268] [depth_angular_controller]: 3D guidance switched to view 3
[depth_angular_controller-1] [INFO] [1790682728.111232075] [depth_angular_controller]: OUTSIDE_FLOW_BOX
[depth_angular_controller-1] [INFO] [1790682728.128188474] [depth_angular_controller]: STATE_OUTSIDE_FREE_DOMAIN
[depth_angular_controller-1] [INFO] [1790682728.259011889] [depth_angular_controller]: OUTSIDE_FLOW_BOX
[depth_angular_controller-1] [INFO] [1790682728.313198542] [depth_angular_controller]: 3D guidance switched to view 0
[depth_angular_controller-1] [INFO] [1790682728.313417733] [depth_angular_controller]: TARGET_HOLD
[depth_angular_controller-1] [INFO] [1790682728.463153948] [depth_angular_controller]: 3D guidance switched to view 3
[depth_angular_controller-1] [INFO] [1790682728.472868167] [depth_angular_controller]: SINGULAR_FIELD
[depth_angular_controller-1] [INFO] [1790682728.552190238] [depth_angular_controller]: STATE_OUTSIDE_FREE_DOMAIN
[depth_angular_controller-1] [INFO] [1790682728.589938393] [depth_angular_controller]: 3D guidance switched to view 0
[depth_angular_controller-1] [INFO] [1790682728.590175578] [depth_angular_controller]: REFERENCE_INITIALIZATION
[depth_angular_controller-1] [INFO] [1790682728.644523194] [depth_angular_controller]: TARGET_HOLD
[depth_angular_controller-1] [INFO] [1790682728.745043363] [depth_angular_controller]: 3D guidance switched to view 3
[depth_angular_controller-1] [INFO] [1790682728.756616320] [depth_angular_controller]: OUTSIDE_FLOW_BOX
[depth_angular_controller-1] [INFO] [1790682728.775256419] [depth_angular_controller]: STATE_OUTSIDE_FREE_DOMAIN
[depth_angular_controller-1] [INFO] [1790682728.838233558] [depth_angular_controller]: 3D guidance switched to view 0
[depth_angular_controller-1] [INFO] [1790682728.850759613] [depth_angular_controller]: TARGET_HOLD
[depth_angular_controller-1] [INFO] [1790682728.871742919] [depth_angular_controller]: [PERF CTRL] run=iteration2_ego1p1_1 elapsed=69.25s callbacks=2426 commands=2425 guidance=2325 command_fps(ros/wall)=45.49/44.00 guidance_wall_fps=43.54 avoid_ms(mean/p50/p95/max)=3.765/0.214/20.341/58.602 cycle_ms(mean/p95/max)=22.727/46.579/124.420 depth_to_cmd_ms(mean/p95/max)=24.624/33.333/50.000 callback_to_publish_ms(mean/p95/max)=17.423/37.238/73.269
[depth_angular_controller-1] [INFO] [1790682728.989264723] [depth_angular_controller]: 3D guidance switched to view 3
[depth_angular_controller-1] [INFO] [1790682728.989911176] [depth_angular_controller]: PAPER_BUILD reason=READY required=0.0100 best=8.0717 free=8 refined=0 tubes=57 revoked_tubes=0 proofs=128
[depth_angular_controller-1] [INFO] [1790682728.989932325] [depth_angular_controller]: PAPER_EVIDENCE retained=32 balls=32 revoked_balls=0 expired_views=0 evicted_views=83 radius=0.580 clearance=0.500 best_prefix=8.072
[depth_angular_controller-1] [INFO] [1790682729.040977433] [depth_angular_controller]: SINGULAR_FIELD
[depth_angular_controller-1] [INFO] [1790682729.061081369] [depth_angular_controller]: STATE_OUTSIDE_FREE_DOMAIN
[depth_angular_controller-1] [INFO] [1790682729.136618888] [depth_angular_controller]: SINGULAR_FIELD
[depth_angular_controller-1] [INFO] [1790682729.156534941] [depth_angular_controller]: 3D guidance switched to view 0
[depth_angular_controller-1] [INFO] [1790682729.156774510] [depth_angular_controller]: REFERENCE_INITIALIZATION
[depth_angular_controller-1] [INFO] [1790682729.178312487] [depth_angular_controller]: TRACKING
[depth_angular_controller-1] [INFO] [1790682729.256167174] [depth_angular_controller]: TARGET_HOLD
[depth_angular_controller-1] [INFO] [1790682729.280726110] [depth_angular_controller]: 3D guidance switched to view 3
[depth_angular_controller-1] [INFO] [1790682729.280914904] [depth_angular_controller]: STATE_OUTSIDE_FREE_DOMAIN
[depth_angular_controller-1] [INFO] [1790682729.326604703] [depth_angular_controller]: 3D guidance switched to view 0
[depth_angular_controller-1] [INFO] [1790682729.327249623] [depth_angular_controller]: REFERENCE_INITIALIZATION
[depth_angular_controller-1] [INFO] [1790682729.361248583] [depth_angular_controller]: TRACKING
[depth_angular_controller-1] [INFO] [1790682729.525157283] [depth_angular_controller]: 3D guidance switched to view 3
[depth_angular_controller-1] [INFO] [1790682729.557801601] [depth_angular_controller]: 3D guidance switched to view 0
[depth_angular_controller-1] [INFO] [1790682729.583626623] [depth_angular_controller]: 3D guidance switched to view 3
[depth_angular_controller-1] [INFO] [1790682729.618071750] [depth_angular_controller]: SINGULAR_FIELD
[depth_angular_controller-1] [INFO] [1790682729.643153056] [depth_angular_controller]: STATE_OUTSIDE_FREE_DOMAIN
[depth_angular_controller-1] [INFO] [1790682729.721838372] [depth_angular_controller]: SINGULAR_FIELD
[depth_angular_controller-1] [INFO] [1790682729.745770000] [depth_angular_controller]: 3D guidance switched to view 0
[depth_angular_controller-1] [INFO] [1790682729.745988590] [depth_angular_controller]: REFERENCE_INITIALIZATION
[depth_angular_controller-1] [INFO] [1790682729.768899824] [depth_angular_controller]: TRACKING
[depth_angular_controller-1] [INFO] [1790682729.882995839] [depth_angular_controller]: 3D guidance switched to view 3
[depth_angular_controller-1] [INFO] [1790682729.883128518] [depth_angular_controller]: STATE_OUTSIDE_FREE_DOMAIN
[depth_angular_controller-1] [INFO] [1790682729.926079928] [depth_angular_controller]: OUTSIDE_FLOW_BOX
[depth_angular_controller-1] [INFO] [1790682729.950081578] [depth_angular_controller]: STATE_OUTSIDE_FREE_DOMAIN
[depth_angular_controller-1] [INFO] [1790682729.974652466] [depth_angular_controller]: 3D guidance switched to view 0
[depth_angular_controller-1] [INFO] [1790682729.974900662] [depth_angular_controller]: REFERENCE_INITIALIZATION
[depth_angular_controller-1] [INFO] [1790682730.009899518] [depth_angular_controller]: TRACKING
[depth_angular_controller-1] [INFO] [1790682730.010312553] [depth_angular_controller]: PAPER_BUILD reason=READY required=0.0100 best=8.0717 free=8 refined=0 tubes=58 revoked_tubes=0 proofs=128
[depth_angular_controller-1] [INFO] [1790682730.010324636] [depth_angular_controller]: PAPER_EVIDENCE retained=32 balls=32 revoked_balls=0 expired_views=0 evicted_views=83 radius=0.580 clearance=0.500 best_prefix=8.072
[depth_angular_controller-1] [INFO] [1790682730.083899632] [depth_angular_controller]: TARGET_HOLD
[depth_angular_controller-1] [INFO] [1790682730.108406219] [depth_angular_controller]: 3D guidance switched to view 3
[depth_angular_controller-1] [INFO] [1790682730.127463261] [depth_angular_controller]: SINGULAR_FIELD
[depth_angular_controller-1] [INFO] [1790682730.152465187] [depth_angular_controller]: STATE_OUTSIDE_FREE_DOMAIN
[depth_angular_controller-1] [INFO] [1790682730.215077722] [depth_angular_controller]: SINGULAR_FIELD
[depth_angular_controller-1] [INFO] [1790682730.238058326] [depth_angular_controller]: 3D guidance switched to view 0
[depth_angular_controller-1] [INFO] [1790682730.238253532] [depth_angular_controller]: REFERENCE_INITIALIZATION
[depth_angular_controller-1] [INFO] [1790682730.256314755] [depth_angular_controller]: TRACKING
[depth_angular_controller-1] [INFO] [1790682730.452649163] [depth_angular_controller]: 3D guidance switched to view 3
[depth_angular_controller-1] [INFO] [1790682730.452796159] [depth_angular_controller]: STATE_OUTSIDE_FREE_DOMAIN
[depth_angular_controller-1] [INFO] [1790682730.493388411] [depth_angular_controller]: OUTSIDE_FLOW_BOX
[position_cmd_to_twist-2] [INFO] [1790682730.499861438] [position_cmd_to_twist]: [PERF BRIDGE] run=iteration2_ego1p1_1 elapsed=70.77s received=2483 published=2483 fps(ros/wall)=45.24/43.76 controller_to_bridge_ms(mean/p50/p95/max)=14.150/16.667/33.333/66.667 bridge_process_ms(mean/p95/max)=0.111/0.146/2.238
[depth_angular_controller-1] [INFO] [1790682730.516764327] [depth_angular_controller]: STATE_OUTSIDE_FREE_DOMAIN
[NAV] t=55.0s position=(-46.53,-8.50,1.44) yaw=10.1deg command=(0.00,0.00,0.00) manual_active=1 collision_blocks=0
[depth_angular_controller-1] [INFO] [1790682730.565812067] [depth_angular_controller]: 3D guidance switched to view 0
[depth_angular_controller-1] [INFO] [1790682730.566456917] [depth_angular_controller]: REFERENCE_INITIALIZATION
[depth_angular_controller-1] [INFO] [1790682730.602645556] [depth_angular_controller]: TRACKING
[depth_angular_controller-1] [INFO] [1790682730.679144228] [depth_angular_controller]: TARGET_HOLD
[depth_angular_controller-1] [INFO] [1790682730.704053782] [depth_angular_controller]: 3D guidance switched to view 3
[depth_angular_controller-1] [INFO] [1790682730.720378756] [depth_angular_controller]: SINGULAR_FIELD
[depth_angular_controller-1] [INFO] [1790682730.749046512] [depth_angular_controller]: STATE_OUTSIDE_FREE_DOMAIN
[depth_angular_controller-1] [INFO] [1790682730.810682204] [depth_angular_controller]: SINGULAR_FIELD
[depth_angular_controller-1] [INFO] [1790682730.828724200] [depth_angular_controller]: 3D guidance switched to view 0
[depth_angular_controller-1] [INFO] [1790682730.828897145] [depth_angular_controller]: REFERENCE_INITIALIZATION
[depth_angular_controller-1] [INFO] [1790682730.872810359] [depth_angular_controller]: TRACKING
[depth_angular_controller-1] [INFO] [1790682731.002882805] [depth_angular_controller]: 3D guidance switched to view 3
[depth_angular_controller-1] [INFO] [1790682731.003457974] [depth_angular_controller]: STATE_OUTSIDE_FREE_DOMAIN
[depth_angular_controller-1] [INFO] [1790682731.072056021] [depth_angular_controller]: OUTSIDE_FLOW_BOX
[depth_angular_controller-1] [INFO] [1790682731.072094132] [depth_angular_controller]: PAPER_BUILD reason=READY required=0.0172 best=8.0717 free=157 refined=0 tubes=58 revoked_tubes=0 proofs=128
[depth_angular_controller-1] [INFO] [1790682731.072104802] [depth_angular_controller]: PAPER_EVIDENCE retained=32 balls=32 revoked_balls=0 expired_views=0 evicted_views=83 radius=0.580 clearance=0.000 best_prefix=8.072
[depth_angular_controller-1] [INFO] [1790682731.098468124] [depth_angular_controller]: 3D guidance switched to view 0
[depth_angular_controller-1] [INFO] [1790682731.098722702] [depth_angular_controller]: REFERENCE_INITIALIZATION
[depth_angular_controller-1] [INFO] [1790682731.126682539] [depth_angular_controller]: TRACKING
[depth_angular_controller-1] [INFO] [1790682731.218820038] [depth_angular_controller]: 3D guidance switched to view 3
[depth_angular_controller-1] [INFO] [1790682731.219068575] [depth_angular_controller]: STATE_OUTSIDE_FREE_DOMAIN
[depth_angular_controller-1] [INFO] [1790682731.268906728] [depth_angular_controller]: OUTSIDE_FLOW_BOX
[depth_angular_controller-1] [INFO] [1790682731.295860748] [depth_angular_controller]: 3D guidance switched to view 0
[depth_angular_controller-1] [INFO] [1790682731.296103383] [depth_angular_controller]: REFERENCE_INITIALIZATION
[depth_angular_controller-1] [INFO] [1790682731.316571141] [depth_angular_controller]: TRACKING
[depth_angular_controller-1] [INFO] [1790682731.474864985] [depth_angular_controller]: 3D guidance switched to view 3
[depth_angular_controller-1] [INFO] [1790682731.474988026] [depth_angular_controller]: STATE_OUTSIDE_FREE_DOMAIN
[depth_angular_controller-1] [INFO] [1790682731.553175608] [depth_angular_controller]: OUTSIDE_FLOW_BOX
[depth_angular_controller-1] [INFO] [1790682731.580858375] [depth_angular_controller]: 3D guidance switched to view 0
[depth_angular_controller-1] [INFO] [1790682731.581112322] [depth_angular_controller]: REFERENCE_INITIALIZATION
[depth_angular_controller-1] [INFO] [1790682731.607255711] [depth_angular_controller]: TRACKING
[depth_angular_controller-1] [INFO] [1790682731.726240820] [depth_angular_controller]: 3D guidance switched to view 3
[depth_angular_controller-1] [INFO] [1790682731.726392745] [depth_angular_controller]: STATE_OUTSIDE_FREE_DOMAIN
[depth_angular_controller-1] [INFO] [1790682731.769107491] [depth_angular_controller]: OUTSIDE_FLOW_BOX
[depth_angular_controller-1] [INFO] [1790682731.788121982] [depth_angular_controller]: STATE_OUTSIDE_FREE_DOMAIN
[depth_angular_controller-1] [INFO] [1790682731.896359874] [depth_angular_controller]: 3D guidance switched to view 0
[depth_angular_controller-1] [INFO] [1790682731.896571542] [depth_angular_controller]: TARGET_HOLD
[depth_angular_controller-1] [INFO] [1790682732.070879426] [depth_angular_controller]: 3D guidance switched to view 3
[depth_angular_controller-1] [INFO] [1790682732.141012403] [depth_angular_controller]: SINGULAR_FIELD
[depth_angular_controller-1] [INFO] [1790682732.141045826] [depth_angular_controller]: PAPER_BUILD reason=READY required=0.0240 best=8.0717 free=148 refined=0 tubes=58 revoked_tubes=0 proofs=128
[depth_angular_controller-1] [INFO] [1790682732.141060063] [depth_angular_controller]: PAPER_EVIDENCE retained=32 balls=32 revoked_balls=0 expired_views=0 evicted_views=87 radius=0.580 clearance=0.000 best_prefix=8.072
[depth_angular_controller-1] [INFO] [1790682732.171159024] [depth_angular_controller]: STATE_OUTSIDE_FREE_DOMAIN
[depth_angular_controller-1] [INFO] [1790682732.241569853] [depth_angular_controller]: SINGULAR_FIELD
[depth_angular_controller-1] [INFO] [1790682732.302865115] [depth_angular_controller]: 3D guidance switched to view 0
[depth_angular_controller-1] [INFO] [1790682732.303435896] [depth_angular_controller]: REFERENCE_INITIALIZATION
[depth_angular_controller-1] [INFO] [1790682732.335811450] [depth_angular_controller]: TARGET_HOLD
[depth_angular_controller-1] [INFO] [1790682732.496611647] [depth_angular_controller]: 3D guidance switched to view 3
[depth_angular_controller-1] [INFO] [1790682732.509269390] [depth_angular_controller]: SINGULAR_FIELD
[depth_angular_controller-1] [INFO] [1790682732.538254972] [depth_angular_controller]: STATE_OUTSIDE_FREE_DOMAIN
[depth_angular_controller-1] [INFO] [1790682732.595895026] [depth_angular_controller]: 3D guidance switched to view 0
[depth_angular_controller-1] [INFO] [1790682732.607538565] [depth_angular_controller]: TARGET_HOLD
[depth_angular_controller-1] [INFO] [1790682732.736982702] [depth_angular_controller]: 3D guidance switched to view 3
[depth_angular_controller-1] [INFO] [1790682732.806024411] [depth_angular_controller]: SINGULAR_FIELD
[depth_angular_controller-1] [INFO] [1790682732.826720868] [depth_angular_controller]: STATE_OUTSIDE_FREE_DOMAIN
[depth_angular_controller-1] [INFO] [1790682732.960334469] [depth_angular_controller]: 3D guidance switched to view 0
[depth_angular_controller-1] [INFO] [1790682732.973863356] [depth_angular_controller]: TARGET_HOLD
[depth_angular_controller-1] [INFO] [1790682733.143369590] [depth_angular_controller]: 3D guidance switched to view 3
[depth_angular_controller-1] [INFO] [1790682733.183679744] [depth_angular_controller]: SINGULAR_FIELD
[depth_angular_controller-1] [INFO] [1790682733.184104591] [depth_angular_controller]: PAPER_BUILD reason=READY required=0.0208 best=8.0717 free=150 refined=0 tubes=58 revoked_tubes=0 proofs=128
[depth_angular_controller-1] [INFO] [1790682733.184257628] [depth_angular_controller]: PAPER_EVIDENCE retained=32 balls=32 revoked_balls=0 expired_views=0 evicted_views=87 radius=0.580 clearance=0.000 best_prefix=8.072
[depth_angular_controller-1] [INFO] [1790682733.214569399] [depth_angular_controller]: STATE_OUTSIDE_FREE_DOMAIN
[depth_angular_controller-1] [INFO] [1790682733.287626062] [depth_angular_controller]: SINGULAR_FIELD
[depth_angular_controller-1] [INFO] [1790682733.317474945] [depth_angular_controller]: 3D guidance switched to view 0
[depth_angular_controller-1] [INFO] [1790682733.317760180] [depth_angular_controller]: REFERENCE_INITIALIZATION
[depth_angular_controller-1] [INFO] [1790682733.348056272] [depth_angular_controller]: TRACKING
[depth_angular_controller-1] [INFO] [1790682733.393427232] [depth_angular_controller]: TARGET_HOLD
[depth_angular_controller-1] [INFO] [1790682733.456297330] [depth_angular_controller]: 3D guidance switched to view 3
[depth_angular_controller-1] [INFO] [1790682733.456427203] [depth_angular_controller]: STATE_OUTSIDE_FREE_DOMAIN
[depth_angular_controller-1] [INFO] [1790682733.505481926] [depth_angular_controller]: OUTSIDE_FLOW_BOX
[depth_angular_controller-1] [INFO] [1790682733.534605127] [depth_angular_controller]: 3D guidance switched to view 0
[depth_angular_controller-1] [INFO] [1790682733.534852150] [depth_angular_controller]: TARGET_HOLD
[depth_angular_controller-1] [INFO] [1790682733.672826885] [depth_angular_controller]: 3D guidance switched to view 3
[depth_angular_controller-1] [INFO] [1790682733.673368902] [depth_angular_controller]: STATE_OUTSIDE_FREE_DOMAIN
[depth_angular_controller-1] [INFO] [1790682733.717519772] [depth_angular_controller]: OUTSIDE_FLOW_BOX
[depth_angular_controller-1] [INFO] [1790682733.748196588] [depth_angular_controller]: STATE_OUTSIDE_FREE_DOMAIN
[depth_angular_controller-1] [INFO] [1790682733.765759386] [depth_angular_controller]: 3D guidance switched to view 0
[depth_angular_controller-1] [INFO] [1790682733.766336428] [depth_angular_controller]: TARGET_HOLD
[depth_angular_controller-1] [INFO] [1790682733.883908877] [depth_angular_controller]: [PERF CTRL] run=iteration2_ego1p1_1 elapsed=74.26s callbacks=2584 commands=2583 guidance=2483 command_fps(ros/wall)=44.40/42.96 guidance_wall_fps=42.51 avoid_ms(mean/p50/p95/max)=3.768/0.206/20.193/58.602 cycle_ms(mean/p95/max)=23.278/46.673/124.420 depth_to_cmd_ms(mean/p95/max)=24.292/33.333/50.000 callback_to_publish_ms(mean/p95/max)=18.114/38.218/73.269
[depth_angular_controller-1] [INFO] [1790682733.978650202] [depth_angular_controller]: 3D guidance switched to view 3
[depth_angular_controller-1] [INFO] [1790682733.990641945] [depth_angular_controller]: SINGULAR_FIELD
[depth_angular_controller-1] [INFO] [1790682734.020904304] [depth_angular_controller]: STATE_OUTSIDE_FREE_DOMAIN
[depth_angular_controller-1] [INFO] [1790682734.095447106] [depth_angular_controller]: SINGULAR_FIELD
[depth_angular_controller-1] [INFO] [1790682734.125600249] [depth_angular_controller]: 3D guidance switched to view 0
[depth_angular_controller-1] [INFO] [1790682734.125798180] [depth_angular_controller]: TARGET_HOLD
[depth_angular_controller-1] [INFO] [1790682734.157420781] [depth_angular_controller]: PAPER_BUILD reason=READY required=0.0129 best=8.0717 free=5 refined=0 tubes=58 revoked_tubes=0 proofs=128
[depth_angular_controller-1] [INFO] [1790682734.157458502] [depth_angular_controller]: PAPER_EVIDENCE retained=32 balls=32 revoked_balls=0 expired_views=0 evicted_views=87 radius=0.580 clearance=0.500 best_prefix=8.072
[depth_angular_controller-1] [INFO] [1790682734.265529160] [depth_angular_controller]: 3D guidance switched to view 3
[depth_angular_controller-1] [INFO] [1790682734.265653834] [depth_angular_controller]: STATE_OUTSIDE_FREE_DOMAIN
[depth_angular_controller-1] [INFO] [1790682734.309043677] [depth_angular_controller]: OUTSIDE_FLOW_BOX
[depth_angular_controller-1] [INFO] [1790682734.341803692] [depth_angular_controller]: 3D guidance switched to view 0
[depth_angular_controller-1] [INFO] [1790682734.342005912] [depth_angular_controller]: TARGET_HOLD
[depth_angular_controller-1] [INFO] [1790682734.486513405] [depth_angular_controller]: 3D guidance switched to view 3
[depth_angular_controller-1] [INFO] [1790682734.487018953] [depth_angular_controller]: STATE_OUTSIDE_FREE_DOMAIN
[depth_angular_controller-1] [INFO] [1790682734.533738364] [depth_angular_controller]: SINGULAR_FIELD
[depth_angular_controller-1] [INFO] [1790682734.568802713] [depth_angular_controller]: 3D guidance switched to view 0
[depth_angular_controller-1] [INFO] [1790682734.569034138] [depth_angular_controller]: REFERENCE_INITIALIZATION
[depth_angular_controller-1] [INFO] [1790682734.616732565] [depth_angular_controller]: TARGET_HOLD
[depth_angular_controller-1] [INFO] [1790682734.777633401] [depth_angular_controller]: 3D guidance switched to view 3
[depth_angular_controller-1] [INFO] [1790682734.777771390] [depth_angular_controller]: STATE_OUTSIDE_FREE_DOMAIN
[depth_angular_controller-1] [INFO] [1790682734.811262638] [depth_angular_controller]: TARGET_HOLD
[depth_angular_controller-1] [INFO] [1790682734.873846669] [depth_angular_controller]: 3D guidance switched to view 0
[depth_angular_controller-1] [INFO] [1790682735.019883131] [depth_angular_controller]: 3D guidance switched to view 3
[depth_angular_controller-1] [INFO] [1790682735.032849212] [depth_angular_controller]: SINGULAR_FIELD
[depth_angular_controller-1] [INFO] [1790682735.064624670] [depth_angular_controller]: STATE_OUTSIDE_FREE_DOMAIN
[depth_angular_controller-1] [INFO] [1790682735.128992027] [depth_angular_controller]: 3D guidance switched to view 0
[depth_angular_controller-1] [INFO] [1790682735.142664574] [depth_angular_controller]: TARGET_HOLD
[depth_angular_controller-1] [INFO] [1790682735.207277222] [depth_angular_controller]: PAPER_BUILD reason=READY required=0.0100 best=8.0717 free=12 refined=0 tubes=59 revoked_tubes=0 proofs=128
[depth_angular_controller-1] [INFO] [1790682735.207318450] [depth_angular_controller]: PAPER_EVIDENCE retained=32 balls=32 revoked_balls=0 expired_views=0 evicted_views=87 radius=0.580 clearance=0.500 best_prefix=8.072
[depth_angular_controller-1] [INFO] [1790682735.283549369] [depth_angular_controller]: 3D guidance switched to view 3
[depth_angular_controller-1] [INFO] [1790682735.363007315] [depth_angular_controller]: SINGULAR_FIELD
[depth_angular_controller-1] [INFO] [1790682735.394687835] [depth_angular_controller]: STATE_OUTSIDE_FREE_DOMAIN
[depth_angular_controller-1] [INFO] [1790682735.470691197] [depth_angular_controller]: SINGULAR_FIELD
[depth_angular_controller-1] [INFO] [1790682735.498148332] [depth_angular_controller]: 3D guidance switched to view 0
[depth_angular_controller-1] [INFO] [1790682735.498332377] [depth_angular_controller]: TARGET_HOLD
[position_cmd_to_twist-2] [INFO] [1790682735.714338901] [position_cmd_to_twist]: [PERF BRIDGE] run=iteration2_ego1p1_1 elapsed=75.98s received=2630 published=2630 fps(ros/wall)=43.93/42.46 controller_to_bridge_ms(mean/p50/p95/max)=15.146/16.667/33.333/66.667 bridge_process_ms(mean/p95/max)=0.111/0.146/2.238
[NAV] t=60.0s position=(-46.42,-8.61,1.45) yaw=10.2deg command=(0.05,-0.04,0.00) manual_active=1 collision_blocks=0
[depth_angular_controller-1] [INFO] [1790682735.792794996] [depth_angular_controller]: 3D guidance switched to view 3
[depth_angular_controller-1] [INFO] [1790682735.807988237] [depth_angular_controller]: OUTSIDE_FLOW_BOX
[depth_angular_controller-1] [INFO] [1790682735.836865025] [depth_angular_controller]: STATE_OUTSIDE_FREE_DOMAIN
[depth_angular_controller-1] [INFO] [1790682735.908171544] [depth_angular_controller]: OUTSIDE_FLOW_BOX
[depth_angular_controller-1] [INFO] [1790682735.937426061] [depth_angular_controller]: 3D guidance switched to view 0
[depth_angular_controller-1] [INFO] [1790682735.937674868] [depth_angular_controller]: REFERENCE_INITIALIZATION
[depth_angular_controller-1] [INFO] [1790682735.973351777] [depth_angular_controller]: TRACKING
[depth_angular_controller-1] [INFO] [1790682736.014691763] [depth_angular_controller]: TARGET_HOLD
[depth_angular_controller-1] [INFO] [1790682736.073940685] [depth_angular_controller]: 3D guidance switched to view 3
[depth_angular_controller-1] [INFO] [1790682736.074471271] [depth_angular_controller]: STATE_OUTSIDE_FREE_DOMAIN
[depth_angular_controller-1] [INFO] [1790682736.122199976] [depth_angular_controller]: OUTSIDE_FLOW_BOX
[depth_angular_controller-1] [INFO] [1790682736.153978048] [depth_angular_controller]: 3D guidance switched to view 0
[depth_angular_controller-1] [INFO] [1790682736.154218029] [depth_angular_controller]: TARGET_HOLD
[depth_angular_controller-1] [INFO] [1790682736.261997981] [depth_angular_controller]: PAPER_BUILD reason=READY required=0.0100 best=8.0717 free=13 refined=0 tubes=59 revoked_tubes=0 proofs=128
[depth_angular_controller-1] [INFO] [1790682736.262038407] [depth_angular_controller]: PAPER_EVIDENCE retained=32 balls=32 revoked_balls=0 expired_views=0 evicted_views=87 radius=0.580 clearance=0.500 best_prefix=8.072
[depth_angular_controller-1] [INFO] [1790682736.292014578] [depth_angular_controller]: 3D guidance switched to view 3
[depth_angular_controller-1] [INFO] [1790682736.292140966] [depth_angular_controller]: STATE_OUTSIDE_FREE_DOMAIN
[depth_angular_controller-1] [INFO] [1790682736.337165305] [depth_angular_controller]: OUTSIDE_FLOW_BOX
[depth_angular_controller-1] [INFO] [1790682736.366503660] [depth_angular_controller]: STATE_OUTSIDE_FREE_DOMAIN
[depth_angular_controller-1] [INFO] [1790682736.387099418] [depth_angular_controller]: 3D guidance switched to view 0
[depth_angular_controller-1] [INFO] [1790682736.387257274] [depth_angular_controller]: TARGET_HOLD
[depth_angular_controller-1] [INFO] [1790682736.624049503] [depth_angular_controller]: 3D guidance switched to view 3
[depth_angular_controller-1] [INFO] [1790682736.738105403] [depth_angular_controller]: SINGULAR_FIELD
[depth_angular_controller-1] [INFO] [1790682736.768995579] [depth_angular_controller]: STATE_OUTSIDE_FREE_DOMAIN
[depth_angular_controller-1] [INFO] [1790682736.872344176] [depth_angular_controller]: SINGULAR_FIELD
[depth_angular_controller-1] [INFO] [1790682736.901850616] [depth_angular_controller]: 3D guidance switched to view 0
[depth_angular_controller-1] [INFO] [1790682736.902079676] [depth_angular_controller]: TARGET_HOLD
[depth_angular_controller-1] [INFO] [1790682737.035023920] [depth_angular_controller]: 3D guidance switched to view 3
[depth_angular_controller-1] [INFO] [1790682737.035154295] [depth_angular_controller]: STATE_OUTSIDE_FREE_DOMAIN
[depth_angular_controller-1] [INFO] [1790682737.084021085] [depth_angular_controller]: OUTSIDE_FLOW_BOX
[depth_angular_controller-1] [INFO] [1790682737.113343019] [depth_angular_controller]: 3D guidance switched to view 0
[depth_angular_controller-1] [INFO] [1790682737.113560707] [depth_angular_controller]: REFERENCE_INITIALIZATION
[depth_angular_controller-1] [INFO] [1790682737.189383431] [depth_angular_controller]: TARGET_HOLD
[depth_angular_controller-1] [INFO] [1790682737.246081617] [depth_angular_controller]: 3D guidance switched to view 3
[depth_angular_controller-1] [INFO] [1790682737.246552451] [depth_angular_controller]: STATE_OUTSIDE_FREE_DOMAIN
[depth_angular_controller-1] [INFO] [1790682737.296321284] [depth_angular_controller]: OUTSIDE_FLOW_BOX
[depth_angular_controller-1] [INFO] [1790682737.296358343] [depth_angular_controller]: PAPER_BUILD reason=READY required=0.0144 best=8.0717 free=137 refined=0 tubes=59 revoked_tubes=0 proofs=128
[depth_angular_controller-1] [INFO] [1790682737.296369945] [depth_angular_controller]: PAPER_EVIDENCE retained=32 balls=32 revoked_balls=0 expired_views=0 evicted_views=87 radius=0.580 clearance=0.000 best_prefix=8.072
[depth_angular_controller-1] [INFO] [1790682737.325113393] [depth_angular_controller]: 3D guidance switched to view 0
[depth_angular_controller-1] [INFO] [1790682737.325331392] [depth_angular_controller]: TARGET_HOLD
[depth_angular_controller-1] [INFO] [1790682737.460737857] [depth_angular_controller]: 3D guidance switched to view 3
[depth_angular_controller-1] [INFO] [1790682737.475721584] [depth_angular_controller]: SINGULAR_FIELD
[depth_angular_controller-1] [INFO] [1790682737.505455972] [depth_angular_controller]: STATE_OUTSIDE_FREE_DOMAIN
[depth_angular_controller-1] [INFO] [1790682737.599685878] [depth_angular_controller]: SINGULAR_FIELD
[depth_angular_controller-1] [INFO] [1790682737.632560758] [depth_angular_controller]: 3D guidance switched to view 0
[depth_angular_controller-1] [INFO] [1790682737.632837227] [depth_angular_controller]: REFERENCE_INITIALIZATION
[depth_angular_controller-1] [INFO] [1790682737.663903204] [depth_angular_controller]: TRACKING
[depth_angular_controller-1] [INFO] [1790682737.693012268] [depth_angular_controller]: TARGET_HOLD
[depth_angular_controller-1] [INFO] [1790682737.819490578] [depth_angular_controller]: 3D guidance switched to view 3
[depth_angular_controller-1] [INFO] [1790682737.855192334] [depth_angular_controller]: SINGULAR_FIELD
[depth_angular_controller-1] [INFO] [1790682737.884545827] [depth_angular_controller]: STATE_OUTSIDE_FREE_DOMAIN
[depth_angular_controller-1] [INFO] [1790682737.957003616] [depth_angular_controller]: OUTSIDE_FLOW_BOX
[depth_angular_controller-1] [INFO] [1790682737.983150662] [depth_angular_controller]: 3D guidance switched to view 0
[depth_angular_controller-1] [INFO] [1790682737.983381385] [depth_angular_controller]: TARGET_HOLD
[depth_angular_controller-1] [INFO] [1790682738.121744378] [depth_angular_controller]: REFERENCE_INITIALIZATION
[depth_angular_controller-1] [INFO] [1790682738.204648170] [depth_angular_controller]: 3D guidance switched to view 3
[depth_angular_controller-1] [INFO] [1790682738.226149367] [depth_angular_controller]: SINGULAR_FIELD
[depth_angular_controller-1] [INFO] [1790682738.253517044] [depth_angular_controller]: STATE_OUTSIDE_FREE_DOMAIN
[depth_angular_controller-1] [INFO] [1790682738.322111483] [depth_angular_controller]: SINGULAR_FIELD
[depth_angular_controller-1] [INFO] [1790682738.350790330] [depth_angular_controller]: 3D guidance switched to view 0
[depth_angular_controller-1] [INFO] [1790682738.351002388] [depth_angular_controller]: REFERENCE_INITIALIZATION
[depth_angular_controller-1] [INFO] [1790682738.351008239] [depth_angular_controller]: PAPER_BUILD reason=READY required=0.0182 best=8.0717 free=135 refined=0 tubes=59 revoked_tubes=0 proofs=128
[depth_angular_controller-1] [INFO] [1790682738.351017567] [depth_angular_controller]: PAPER_EVIDENCE retained=32 balls=32 revoked_balls=0 expired_views=0 evicted_views=87 radius=0.580 clearance=0.500 best_prefix=8.072
[depth_angular_controller-1] [INFO] [1790682738.418664278] [depth_angular_controller]: TARGET_HOLD
[depth_angular_controller-1] [INFO] [1790682738.507053453] [depth_angular_controller]: 3D guidance switched to view 3
[depth_angular_controller-1] [INFO] [1790682738.521392761] [depth_angular_controller]: OUTSIDE_FLOW_BOX
[depth_angular_controller-1] [INFO] [1790682738.550196994] [depth_angular_controller]: STATE_OUTSIDE_FREE_DOMAIN
[depth_angular_controller-1] [INFO] [1790682738.617457640] [depth_angular_controller]: SINGULAR_FIELD
[depth_angular_controller-1] [INFO] [1790682738.646000793] [depth_angular_controller]: 3D guidance switched to view 0
[depth_angular_controller-1] [INFO] [1790682738.646230484] [depth_angular_controller]: TARGET_HOLD
[depth_angular_controller-1] [INFO] [1790682738.797290944] [depth_angular_controller]: 3D guidance switched to view 3
[depth_angular_controller-1] [INFO] [1790682738.816167186] [depth_angular_controller]: OUTSIDE_FLOW_BOX
[depth_angular_controller-1] [INFO] [1790682738.843813805] [depth_angular_controller]: TRACKING
[depth_angular_controller-1] [INFO] [1790682738.915370925] [depth_angular_controller]: [PERF CTRL] run=iteration2_ego1p1_1 elapsed=79.29s callbacks=2722 commands=2721 guidance=2621 command_fps(ros/wall)=43.11/41.76 guidance_wall_fps=41.31 avoid_ms(mean/p50/p95/max)=3.821/0.198/20.043/58.602 cycle_ms(mean/p95/max)=23.947/47.695/133.755 depth_to_cmd_ms(mean/p95/max)=24.011/33.333/50.000 callback_to_publish_ms(mean/p95/max)=18.866/39.931/73.269
[depth_angular_controller-1] [INFO] [1790682738.915472596] [depth_angular_controller]: OUTSIDE_FLOW_BOX
[depth_angular_controller-1] [INFO] [1790682738.941983013] [depth_angular_controller]: STATE_OUTSIDE_FREE_DOMAIN
[depth_angular_controller-1] [INFO] [1790682738.995729831] [depth_angular_controller]: 3D guidance switched to view 0
[depth_angular_controller-1] [INFO] [1790682739.010567755] [depth_angular_controller]: TARGET_HOLD
[depth_angular_controller-1] [INFO] [1790682739.131824417] [depth_angular_controller]: 3D guidance switched to view 3
[depth_angular_controller-1] [INFO] [1790682739.223831361] [depth_angular_controller]: SINGULAR_FIELD
[depth_angular_controller-1] [INFO] [1790682739.251418499] [depth_angular_controller]: STATE_OUTSIDE_FREE_DOMAIN
[depth_angular_controller-1] [INFO] [1790682739.279616233] [depth_angular_controller]: PAPER_BUILD reason=READY required=0.0247 best=8.0717 free=5 refined=0 tubes=60 revoked_tubes=0 proofs=128
[depth_angular_controller-1] [INFO] [1790682739.279653694] [depth_angular_controller]: PAPER_EVIDENCE retained=32 balls=32 revoked_balls=0 expired_views=0 evicted_views=89 radius=0.580 clearance=0.000 best_prefix=8.072
[depth_angular_controller-1] [INFO] [1790682739.319851767] [depth_angular_controller]: OUTSIDE_FLOW_BOX
[depth_angular_controller-1] [INFO] [1790682739.374695493] [depth_angular_controller]: 3D guidance switched to view 0
[depth_angular_controller-1] [INFO] [1790682739.375283656] [depth_angular_controller]: TARGET_HOLD
[depth_angular_controller-1] [INFO] [1790682739.533277537] [depth_angular_controller]: 3D guidance switched to view 3
[depth_angular_controller-1] [INFO] [1790682739.630950774] [depth_angular_controller]: OUTSIDE_FLOW_BOX
[depth_angular_controller-1] [INFO] [1790682739.660055470] [depth_angular_controller]: STATE_OUTSIDE_FREE_DOMAIN
[depth_angular_controller-1] [INFO] [1790682739.735890317] [depth_angular_controller]: OUTSIDE_FLOW_BOX
[depth_angular_controller-1] [INFO] [1790682739.828321988] [depth_angular_controller]: STATE_OUTSIDE_FREE_DOMAIN
[depth_angular_controller-1] [INFO] [1790682739.853169345] [depth_angular_controller]: 3D guidance switched to view 0
[depth_angular_controller-1] [INFO] [1790682739.853358219] [depth_angular_controller]: TARGET_HOLD
[depth_angular_controller-1] [INFO] [1790682739.997812413] [depth_angular_controller]: 3D guidance switched to view 3
[depth_angular_controller-1] [INFO] [1790682740.026523320] [depth_angular_controller]: OUTSIDE_FLOW_BOX
[depth_angular_controller-1] [INFO] [1790682740.104130031] [depth_angular_controller]: STATE_OUTSIDE_FREE_DOMAIN
[depth_angular_controller-1] [INFO] [1790682740.128003300] [depth_angular_controller]: 3D guidance switched to view 0
[depth_angular_controller-1] [INFO] [1790682740.128200691] [depth_angular_controller]: REFERENCE_INITIALIZATION
[depth_angular_controller-1] [INFO] [1790682740.156485137] [depth_angular_controller]: TRACKING
[depth_angular_controller-1] [INFO] [1790682740.199596778] [depth_angular_controller]: TARGET_HOLD
[depth_angular_controller-1] [INFO] [1790682740.274634208] [depth_angular_controller]: 3D guidance switched to view 3
[depth_angular_controller-1] [INFO] [1790682740.287926602] [depth_angular_controller]: OUTSIDE_FLOW_BOX
[depth_angular_controller-1] [INFO] [1790682740.305544913] [depth_angular_controller]: STATE_OUTSIDE_FREE_DOMAIN
[depth_angular_controller-1] [INFO] [1790682740.408110731] [depth_angular_controller]: 3D guidance switched to view 0
[depth_angular_controller-1] [INFO] [1790682740.408329953] [depth_angular_controller]: TARGET_HOLD
[depth_angular_controller-1] [INFO] [1790682740.408336034] [depth_angular_controller]: PAPER_BUILD reason=READY required=0.0115 best=8.0717 free=99 refined=0 tubes=60 revoked_tubes=0 proofs=128
[depth_angular_controller-1] [INFO] [1790682740.408346434] [depth_angular_controller]: PAPER_EVIDENCE retained=32 balls=32 revoked_balls=0 expired_views=0 evicted_views=91 radius=0.580 clearance=0.500 best_prefix=8.072
[depth_angular_controller-1] [INFO] [1790682740.549893972] [depth_angular_controller]: 3D guidance switched to view 3
[depth_angular_controller-1] [INFO] [1790682740.569780430] [depth_angular_controller]: OUTSIDE_FLOW_BOX
[depth_angular_controller-1] [INFO] [1790682740.595112526] [depth_angular_controller]: STATE_OUTSIDE_FREE_DOMAIN
[depth_angular_controller-1] [INFO] [1790682740.672351508] [depth_angular_controller]: 3D guidance switched to view 0
[depth_angular_controller-1] [INFO] [1790682740.689077174] [depth_angular_controller]: TARGET_HOLD
[position_cmd_to_twist-2] [INFO] [1790682740.793034574] [position_cmd_to_twist]: [PERF BRIDGE] run=iteration2_ego1p1_1 elapsed=81.06s received=2780 published=2780 fps(ros/wall)=42.83/41.51 controller_to_bridge_ms(mean/p50/p95/max)=16.031/16.667/33.333/66.667 bridge_process_ms(mean/p95/max)=0.111/0.146/2.238
[NAV] t=65.0s position=(-46.30,-8.73,1.45) yaw=10.2deg command=(0.03,-0.03,0.00) manual_active=1 collision_blocks=0
[depth_angular_controller-1] [INFO] [1790682740.897724899] [depth_angular_controller]: 3D guidance switched to view 3
[depth_angular_controller-1] [INFO] [1790682740.937378570] [depth_angular_controller]: OUTSIDE_FLOW_BOX
[depth_angular_controller-1] [INFO] [1790682740.962360419] [depth_angular_controller]: STATE_OUTSIDE_FREE_DOMAIN
[depth_angular_controller-1] [INFO] [1790682741.036718876] [depth_angular_controller]: 3D guidance switched to view 0
[depth_angular_controller-1] [INFO] [1790682741.052229612] [depth_angular_controller]: TARGET_HOLD
[depth_angular_controller-1] [INFO] [1790682741.194564678] [depth_angular_controller]: 3D guidance switched to view 3
[depth_angular_controller-1] [INFO] [1790682741.258914784] [depth_angular_controller]: OUTSIDE_FLOW_BOX
[depth_angular_controller-1] [INFO] [1790682741.284115714] [depth_angular_controller]: STATE_OUTSIDE_FREE_DOMAIN
[depth_angular_controller-1] [INFO] [1790682741.385170517] [depth_angular_controller]: OUTSIDE_FLOW_BOX
[depth_angular_controller-1] [INFO] [1790682741.385205302] [depth_angular_controller]: PAPER_BUILD reason=READY required=0.0118 best=8.0717 free=3 refined=0 tubes=60 revoked_tubes=0 proofs=128
[depth_angular_controller-1] [INFO] [1790682741.385215451] [depth_angular_controller]: PAPER_EVIDENCE retained=32 balls=32 revoked_balls=0 expired_views=0 evicted_views=91 radius=0.580 clearance=0.000 best_prefix=8.072
[depth_angular_controller-1] [INFO] [1790682741.408198229] [depth_angular_controller]: 3D guidance switched to view 0
[depth_angular_controller-1] [INFO] [1790682741.408408684] [depth_angular_controller]: TARGET_HOLD
[depth_angular_controller-1] [INFO] [1790682741.527543014] [depth_angular_controller]: 3D guidance switched to view 3
[depth_angular_controller-1] [INFO] [1790682741.527657528] [depth_angular_controller]: STATE_OUTSIDE_FREE_DOMAIN
[depth_angular_controller-1] [INFO] [1790682741.569741140] [depth_angular_controller]: SINGULAR_FIELD
[depth_angular_controller-1] [INFO] [1790682741.597484211] [depth_angular_controller]: 3D guidance switched to view 0
[depth_angular_controller-1] [INFO] [1790682741.598122719] [depth_angular_controller]: REFERENCE_INITIALIZATION
[depth_angular_controller-1] [INFO] [1790682741.687885482] [depth_angular_controller]: TARGET_HOLD
[depth_angular_controller-1] [INFO] [1790682741.736079770] [depth_angular_controller]: 3D guidance switched to view 3
[depth_angular_controller-1] [INFO] [1790682741.736178836] [depth_angular_controller]: STATE_OUTSIDE_FREE_DOMAIN
[depth_angular_controller-1] [INFO] [1790682741.852527307] [depth_angular_controller]: OUTSIDE_FLOW_BOX
[depth_angular_controller-1] [INFO] [1790682741.880518794] [depth_angular_controller]: 3D guidance switched to view 0
[depth_angular_controller-1] [INFO] [1790682741.880749147] [depth_angular_controller]: TARGET_HOLD
[depth_angular_controller-1] [INFO] [1790682742.023832828] [depth_angular_controller]: 3D guidance switched to view 3
[depth_angular_controller-1] [INFO] [1790682742.023966549] [depth_angular_controller]: STATE_OUTSIDE_FREE_DOMAIN
[depth_angular_controller-1] [INFO] [1790682742.078204368] [depth_angular_controller]: OUTSIDE_FLOW_BOX
[depth_angular_controller-1] [INFO] [1790682742.175552665] [depth_angular_controller]: 3D guidance switched to view 0
[depth_angular_controller-1] [INFO] [1790682742.175758562] [depth_angular_controller]: TARGET_HOLD
[depth_angular_controller-1] [INFO] [1790682742.329357596] [depth_angular_controller]: 3D guidance switched to view 3
[depth_angular_controller-1] [INFO] [1790682742.344198144] [depth_angular_controller]: SINGULAR_FIELD
[depth_angular_controller-1] [INFO] [1790682742.369711741] [depth_angular_controller]: STATE_OUTSIDE_FREE_DOMAIN
[depth_angular_controller-1] [INFO] [1790682742.421776152] [depth_angular_controller]: 3D guidance switched to view 0
[depth_angular_controller-1] [INFO] [1790682742.422428366] [depth_angular_controller]: REFERENCE_INITIALIZATION
[depth_angular_controller-1] [INFO] [1790682742.471967869] [depth_angular_controller]: TARGET_HOLD
[depth_angular_controller-1] [INFO] [1790682742.472006210] [depth_angular_controller]: PAPER_BUILD reason=READY required=0.0100 best=8.0717 free=14 refined=0 tubes=60 revoked_tubes=0 proofs=128
[depth_angular_controller-1] [INFO] [1790682742.472017031] [depth_angular_controller]: PAPER_EVIDENCE retained=32 balls=32 revoked_balls=0 expired_views=0 evicted_views=91 radius=0.580 clearance=0.500 best_prefix=8.072
[depth_angular_controller-1] [INFO] [1790682742.591270744] [depth_angular_controller]: 3D guidance switched to view 3
[depth_angular_controller-1] [INFO] [1790682742.687583869] [depth_angular_controller]: SINGULAR_FIELD
[depth_angular_controller-1] [INFO] [1790682742.713669179] [depth_angular_controller]: STATE_OUTSIDE_FREE_DOMAIN
[depth_angular_controller-1] [INFO] [1790682742.805984492] [depth_angular_controller]: SINGULAR_FIELD
[depth_angular_controller-1] [INFO] [1790682742.831493290] [depth_angular_controller]: 3D guidance switched to view 0
[depth_angular_controller-1] [INFO] [1790682742.831721498] [depth_angular_controller]: TARGET_HOLD
[depth_angular_controller-1] [INFO] [1790682743.098966142] [depth_angular_controller]: 3D guidance switched to view 3
[depth_angular_controller-1] [INFO] [1790682743.163315506] [depth_angular_controller]: OUTSIDE_FLOW_BOX
[depth_angular_controller-1] [INFO] [1790682743.191151841] [depth_angular_controller]: STATE_OUTSIDE_FREE_DOMAIN
[depth_angular_controller-1] [INFO] [1790682743.283665697] [depth_angular_controller]: OUTSIDE_FLOW_BOX
[depth_angular_controller-1] [INFO] [1790682743.312057986] [depth_angular_controller]: 3D guidance switched to view 0
[depth_angular_controller-1] [INFO] [1790682743.312267569] [depth_angular_controller]: TARGET_HOLD
[depth_angular_controller-1] [INFO] [1790682743.364230590] [depth_angular_controller]: TRACKING
[depth_angular_controller-1] [INFO] [1790682743.442763028] [depth_angular_controller]: 3D guidance switched to view 3
[depth_angular_controller-1] [INFO] [1790682743.443408219] [depth_angular_controller]: STATE_OUTSIDE_FREE_DOMAIN
[depth_angular_controller-1] [INFO] [1790682743.565880562] [depth_angular_controller]: SINGULAR_FIELD
[depth_angular_controller-1] [INFO] [1790682743.583510666] [depth_angular_controller]: 3D guidance switched to view 0
[depth_angular_controller-1] [INFO] [1790682743.583664284] [depth_angular_controller]: REFERENCE_INITIALIZATION
[depth_angular_controller-1] [INFO] [1790682743.658974066] [depth_angular_controller]: PAPER_BUILD reason=READY required=0.0193 best=8.0717 free=115 refined=0 tubes=60 revoked_tubes=0 proofs=128
[depth_angular_controller-1] [INFO] [1790682743.659019240] [depth_angular_controller]: PAPER_EVIDENCE retained=32 balls=32 revoked_balls=0 expired_views=0 evicted_views=91 radius=0.580 clearance=0.500 best_prefix=8.072
[depth_angular_controller-1] [INFO] [1790682743.778984619] [depth_angular_controller]: TARGET_HOLD
[depth_angular_controller-1] [INFO] [1790682743.855843147] [depth_angular_controller]: 3D guidance switched to view 3
[depth_angular_controller-1] [INFO] [1790682743.855984462] [depth_angular_controller]: STATE_OUTSIDE_FREE_DOMAIN
[depth_angular_controller-1] [INFO] [1790682743.922786629] [depth_angular_controller]: [PERF CTRL] run=iteration2_ego1p1_1 elapsed=84.30s callbacks=2879 commands=2878 guidance=2778 command_fps(ros/wall)=42.45/41.02 guidance_wall_fps=40.58 avoid_ms(mean/p50/p95/max)=3.828/0.186/19.802/58.602 cycle_ms(mean/p95/max)=24.380/48.105/133.755 depth_to_cmd_ms(mean/p95/max)=23.740/33.333/50.000 callback_to_publish_ms(mean/p95/max)=19.365/40.390/73.269
[depth_angular_controller-1] [INFO] [1790682743.922843876] [depth_angular_controller]: SINGULAR_FIELD
[depth_angular_controller-1] [INFO] [1790682743.949577503] [depth_angular_controller]: 3D guidance switched to view 0
[depth_angular_controller-1] [INFO] [1790682743.949804729] [depth_angular_controller]: REFERENCE_INITIALIZATION
[depth_angular_controller-1] [INFO] [1790682744.019220210] [depth_angular_controller]: TARGET_HOLD
[depth_angular_controller-1] [INFO] [1790682744.168832823] [depth_angular_controller]: 3D guidance switched to view 3
[depth_angular_controller-1] [INFO] [1790682744.184128095] [depth_angular_controller]: SINGULAR_FIELD
[depth_angular_controller-1] [INFO] [1790682744.211954061] [depth_angular_controller]: STATE_OUTSIDE_FREE_DOMAIN
[depth_angular_controller-1] [INFO] [1790682744.262975254] [depth_angular_controller]: 3D guidance switched to view 0
[depth_angular_controller-1] [INFO] [1790682744.279291021] [depth_angular_controller]: TARGET_HOLD
[depth_angular_controller-1] [INFO] [1790682744.426906877] [depth_angular_controller]: 3D guidance switched to view 3
[depth_angular_controller-1] [INFO] [1790682744.487558452] [depth_angular_controller]: SINGULAR_FIELD
[depth_angular_controller-1] [INFO] [1790682744.506355816] [depth_angular_controller]: STATE_OUTSIDE_FREE_DOMAIN
[depth_angular_controller-1] [INFO] [1790682744.632957528] [depth_angular_controller]: 3D guidance switched to view 0
[depth_angular_controller-1] [INFO] [1790682744.633217767] [depth_angular_controller]: TARGET_HOLD
[depth_angular_controller-1] [INFO] [1790682744.779596191] [depth_angular_controller]: 3D guidance switched to view 3
[depth_angular_controller-1] [INFO] [1790682744.791989297] [depth_angular_controller]: OUTSIDE_FLOW_BOX
[depth_angular_controller-1] [INFO] [1790682744.792010977] [depth_angular_controller]: PAPER_BUILD reason=READY required=0.0118 best=8.0717 free=92 refined=0 tubes=60 revoked_tubes=0 proofs=128
[depth_angular_controller-1] [INFO] [1790682744.792021477] [depth_angular_controller]: PAPER_EVIDENCE retained=32 balls=32 revoked_balls=0 expired_views=0 evicted_views=91 radius=0.580 clearance=0.000 best_prefix=8.072
[depth_angular_controller-1] [INFO] [1790682744.810302222] [depth_angular_controller]: STATE_OUTSIDE_FREE_DOMAIN
[depth_angular_controller-1] [INFO] [1790682744.931287354] [depth_angular_controller]: 3D guidance switched to view 0
[depth_angular_controller-1] [INFO] [1790682744.931650536] [depth_angular_controller]: REFERENCE_INITIALIZATION
[depth_angular_controller-1] [INFO] [1790682744.974869007] [depth_angular_controller]: TARGET_HOLD
[depth_angular_controller-1] [INFO] [1790682745.083332462] [depth_angular_controller]: 3D guidance switched to view 3
[depth_angular_controller-1] [INFO] [1790682745.100139982] [depth_angular_controller]: SINGULAR_FIELD
[depth_angular_controller-1] [INFO] [1790682745.125341674] [depth_angular_controller]: STATE_OUTSIDE_FREE_DOMAIN
[depth_angular_controller-1] [INFO] [1790682745.194744010] [depth_angular_controller]: SINGULAR_FIELD
[depth_angular_controller-1] [INFO] [1790682745.221132699] [depth_angular_controller]: 3D guidance switched to view 0
[depth_angular_controller-1] [INFO] [1790682745.221325110] [depth_angular_controller]: TARGET_HOLD
[depth_angular_controller-1] [INFO] [1790682745.342057438] [depth_angular_controller]: 3D guidance switched to view 3
[depth_angular_controller-1] [INFO] [1790682745.342185639] [depth_angular_controller]: STATE_OUTSIDE_FREE_DOMAIN
[depth_angular_controller-1] [INFO] [1790682745.382165703] [depth_angular_controller]: OUTSIDE_FLOW_BOX
[depth_angular_controller-1] [INFO] [1790682745.410282174] [depth_angular_controller]: STATE_OUTSIDE_FREE_DOMAIN
[depth_angular_controller-1] [INFO] [1790682745.437047109] [depth_angular_controller]: 3D guidance switched to view 0
[depth_angular_controller-1] [INFO] [1790682745.438120143] [depth_angular_controller]: REFERENCE_INITIALIZATION
[depth_angular_controller-1] [INFO] [1790682745.468763015] [depth_angular_controller]: TRACKING
[depth_angular_controller-1] [INFO] [1790682745.510540612] [depth_angular_controller]: TARGET_HOLD
[depth_angular_controller-1] [INFO] [1790682745.592213955] [depth_angular_controller]: 3D guidance switched to view 3
[depth_angular_controller-1] [INFO] [1790682745.592353357] [depth_angular_controller]: STATE_OUTSIDE_FREE_DOMAIN
[depth_angular_controller-1] [INFO] [1790682745.641546389] [depth_angular_controller]: OUTSIDE_FLOW_BOX
[depth_angular_controller-1] [INFO] [1790682745.671551024] [depth_angular_controller]: STATE_OUTSIDE_FREE_DOMAIN
[depth_angular_controller-1] [INFO] [1790682745.697582563] [depth_angular_controller]: 3D guidance switched to view 0
[depth_angular_controller-1] [INFO] [1790682745.698007661] [depth_angular_controller]: REFERENCE_INITIALIZATION
[depth_angular_controller-1] [INFO] [1790682745.739704115] [depth_angular_controller]: TARGET_HOLD
[depth_angular_controller-1] [INFO] [1790682745.766727155] [depth_angular_controller]: PAPER_BUILD reason=READY required=0.0100 best=8.0717 free=16 refined=0 tubes=61 revoked_tubes=0 proofs=128
[depth_angular_controller-1] [INFO] [1790682745.766767170] [depth_angular_controller]: PAPER_EVIDENCE retained=32 balls=32 revoked_balls=0 expired_views=0 evicted_views=91 radius=0.580 clearance=0.500 best_prefix=8.072
[depth_angular_controller-1] [INFO] [1790682745.847353423] [depth_angular_controller]: 3D guidance switched to view 3
[depth_angular_controller-1] [INFO] [1790682745.864058411] [depth_angular_controller]: OUTSIDE_FLOW_BOX
[depth_angular_controller-1] [INFO] [1790682745.890657384] [depth_angular_controller]: STATE_OUTSIDE_FREE_DOMAIN
[depth_angular_controller-1] [INFO] [1790682745.969934280] [depth_angular_controller]: 3D guidance switched to view 0
[depth_angular_controller-1] [INFO] [1790682745.985233981] [depth_angular_controller]: TARGET_HOLD
[position_cmd_to_twist-2] [INFO] [1790682746.037867199] [position_cmd_to_twist]: [PERF BRIDGE] run=iteration2_ego1p1_1 elapsed=86.30s received=2944 published=2944 fps(ros/wall)=42.13/40.74 controller_to_bridge_ms(mean/p50/p95/max)=16.718/16.667/50.000/66.667 bridge_process_ms(mean/p95/max)=0.112/0.146/2.745
[NAV] t=70.0s position=(-46.19,-8.84,1.46) yaw=10.3deg command=(0.04,-0.04,0.01) manual_active=1 collision_blocks=0
[depth_angular_controller-1] [INFO] [1790682746.138847491] [depth_angular_controller]: 3D guidance switched to view 3
[depth_angular_controller-1] [INFO] [1790682746.212400236] [depth_angular_controller]: SINGULAR_FIELD
[depth_angular_controller-1] [INFO] [1790682746.238112496] [depth_angular_controller]: STATE_OUTSIDE_FREE_DOMAIN
[depth_angular_controller-1] [INFO] [1790682746.313368075] [depth_angular_controller]: SINGULAR_FIELD
[depth_angular_controller-1] [INFO] [1790682746.365745303] [depth_angular_controller]: 3D guidance switched to view 0
[depth_angular_controller-1] [INFO] [1790682746.365941301] [depth_angular_controller]: TARGET_HOLD
[depth_angular_controller-1] [INFO] [1790682746.530957108] [depth_angular_controller]: 3D guidance switched to view 3
[depth_angular_controller-1] [INFO] [1790682746.626741842] [depth_angular_controller]: SINGULAR_FIELD
[depth_angular_controller-1] [INFO] [1790682746.653856052] [depth_angular_controller]: STATE_OUTSIDE_FREE_DOMAIN
[depth_angular_controller-1] [INFO] [1790682746.706932422] [depth_angular_controller]: PAPER_BUILD reason=READY required=0.0331 best=8.0717 free=8 refined=0 tubes=61 revoked_tubes=0 proofs=128
[depth_angular_controller-1] [INFO] [1790682746.706974982] [depth_angular_controller]: PAPER_EVIDENCE retained=32 balls=32 revoked_balls=0 expired_views=0 evicted_views=93 radius=0.580 clearance=0.000 best_prefix=8.072
[depth_angular_controller-1] [INFO] [1790682746.753871605] [depth_angular_controller]: SINGULAR_FIELD
[depth_angular_controller-1] [INFO] [1790682746.783242861] [depth_angular_controller]: 3D guidance switched to view 0
[depth_angular_controller-1] [INFO] [1790682746.783443998] [depth_angular_controller]: TARGET_HOLD
[depth_angular_controller-1] [INFO] [1790682746.934390475] [depth_angular_controller]: 3D guidance switched to view 3
[depth_angular_controller-1] [INFO] [1790682746.934540747] [depth_angular_controller]: STATE_OUTSIDE_FREE_DOMAIN
[depth_angular_controller-1] [INFO] [1790682746.979094543] [depth_angular_controller]: OUTSIDE_FLOW_BOX
[depth_angular_controller-1] [INFO] [1790682747.000009421] [depth_angular_controller]: STATE_OUTSIDE_FREE_DOMAIN
[depth_angular_controller-1] [INFO] [1790682747.100094955] [depth_angular_controller]: 3D guidance switched to view 0
[depth_angular_controller-1] [INFO] [1790682747.100514141] [depth_angular_controller]: TARGET_HOLD
[depth_angular_controller-1] [INFO] [1790682747.141328030] [depth_angular_controller]: TRACKING
[depth_angular_controller-1] [INFO] [1790682747.290605725] [depth_angular_controller]: 3D guidance switched to view 3
[depth_angular_controller-1] [INFO] [1790682747.290798576] [depth_angular_controller]: STATE_OUTSIDE_FREE_DOMAIN
[depth_angular_controller-1] [INFO] [1790682747.368229558] [depth_angular_controller]: 3D guidance switched to view 0
[depth_angular_controller-1] [INFO] [1790682747.385915867] [depth_angular_controller]: TARGET_HOLD
[depth_angular_controller-1] [INFO] [1790682747.543459283] [depth_angular_controller]: 3D guidance switched to view 3
[depth_angular_controller-1] [INFO] [1790682747.613432911] [depth_angular_controller]: OUTSIDE_FLOW_BOX
[depth_angular_controller-1] [INFO] [1790682747.632301167] [depth_angular_controller]: STATE_OUTSIDE_FREE_DOMAIN
[depth_angular_controller-1] [INFO] [1790682747.743921898] [depth_angular_controller]: PAPER_BUILD reason=READY required=0.0234 best=8.0717 free=7 refined=0 tubes=61 revoked_tubes=0 proofs=128
[depth_angular_controller-1] [INFO] [1790682747.743964097] [depth_angular_controller]: PAPER_EVIDENCE retained=32 balls=32 revoked_balls=0 expired_views=0 evicted_views=95 radius=0.580 clearance=0.000 best_prefix=8.072
[depth_angular_controller-1] [INFO] [1790682747.787008000] [depth_angular_controller]: OUTSIDE_FLOW_BOX
[depth_angular_controller-1] [INFO] [1790682747.813436564] [depth_angular_controller]: 3D guidance switched to view 0
[depth_angular_controller-1] [INFO] [1790682747.813693546] [depth_angular_controller]: TARGET_HOLD
[depth_angular_controller-1] [INFO] [1790682747.944526910] [depth_angular_controller]: 3D guidance switched to view 3
[depth_angular_controller-1] [INFO] [1790682748.041598588] [depth_angular_controller]: OUTSIDE_FLOW_BOX
[depth_angular_controller-1] [INFO] [1790682748.069919984] [depth_angular_controller]: STATE_OUTSIDE_FREE_DOMAIN
[depth_angular_controller-1] [INFO] [1790682748.140214554] [depth_angular_controller]: OUTSIDE_FLOW_BOX
[depth_angular_controller-1] [INFO] [1790682748.197995692] [depth_angular_controller]: 3D guidance switched to view 0
[depth_angular_controller-1] [INFO] [1790682748.198254308] [depth_angular_controller]: TARGET_HOLD
[depth_angular_controller-1] [INFO] [1790682748.347331616] [depth_angular_controller]: 3D guidance switched to view 3
[depth_angular_controller-1] [INFO] [1790682748.390278938] [depth_angular_controller]: OUTSIDE_FLOW_BOX
[depth_angular_controller-1] [INFO] [1790682748.416357445] [depth_angular_controller]: STATE_OUTSIDE_FREE_DOMAIN
[depth_angular_controller-1] [INFO] [1790682748.498054242] [depth_angular_controller]: 3D guidance switched to view 0
[depth_angular_controller-1] [INFO] [1790682748.517859828] [depth_angular_controller]: TARGET_HOLD
[depth_angular_controller-1] [INFO] [1790682748.673213665] [depth_angular_controller]: 3D guidance switched to view 3
[depth_angular_controller-1] [INFO] [1790682748.699309354] [depth_angular_controller]: PAPER_BUILD reason=READY required=0.0100 best=8.0717 free=17 refined=0 tubes=61 revoked_tubes=0 proofs=128
[depth_angular_controller-1] [INFO] [1790682748.699696030] [depth_angular_controller]: PAPER_EVIDENCE retained=32 balls=32 revoked_balls=0 expired_views=0 evicted_views=95 radius=0.580 clearance=0.500 best_prefix=8.072
[depth_angular_controller-1] [INFO] [1790682748.743857039] [depth_angular_controller]: OUTSIDE_FLOW_BOX
[depth_angular_controller-1] [INFO] [1790682748.773293648] [depth_angular_controller]: STATE_OUTSIDE_FREE_DOMAIN
[depth_angular_controller-1] [INFO] [1790682748.836261700] [depth_angular_controller]: OUTSIDE_FLOW_BOX
[depth_angular_controller-1] [INFO] [1790682748.930455167] [depth_angular_controller]: [PERF CTRL] run=iteration2_ego1p1_1 elapsed=89.31s callbacks=3036 commands=3035 guidance=2935 command_fps(ros/wall)=41.69/40.37 guidance_wall_fps=39.95 avoid_ms(mean/p50/p95/max)=3.847/0.179/19.454/58.602 cycle_ms(mean/p95/max)=24.769/47.290/133.755 depth_to_cmd_ms(mean/p95/max)=23.470/33.333/50.000 callback_to_publish_ms(mean/p95/max)=19.901/41.163/73.269
[depth_angular_controller-1] [INFO] [1790682748.957454783] [depth_angular_controller]: 3D guidance switched to view 0
[depth_angular_controller-1] [INFO] [1790682748.957783530] [depth_angular_controller]: TARGET_HOLD
[depth_angular_controller-1] [INFO] [1790682749.112472419] [depth_angular_controller]: 3D guidance switched to view 3
[depth_angular_controller-1] [INFO] [1790682749.129731556] [depth_angular_controller]: OUTSIDE_FLOW_BOX
[depth_angular_controller-1] [INFO] [1790682749.159021700] [depth_angular_controller]: STATE_OUTSIDE_FREE_DOMAIN
[depth_angular_controller-1] [INFO] [1790682749.211267601] [depth_angular_controller]: 3D guidance switched to view 0
[depth_angular_controller-1] [INFO] [1790682749.211481993] [depth_angular_controller]: TARGET_HOLD
[depth_angular_controller-1] [INFO] [1790682749.358054562] [depth_angular_controller]: 3D guidance switched to view 3
[depth_angular_controller-1] [INFO] [1790682749.371640566] [depth_angular_controller]: OUTSIDE_FLOW_BOX
[depth_angular_controller-1] [INFO] [1790682749.400465748] [depth_angular_controller]: STATE_OUTSIDE_FREE_DOMAIN
[depth_angular_controller-1] [INFO] [1790682749.529318945] [depth_angular_controller]: 3D guidance switched to view 0
[depth_angular_controller-1] [INFO] [1790682749.548880663] [depth_angular_controller]: TARGET_HOLD
[depth_angular_controller-1] [INFO] [1790682749.700307351] [depth_angular_controller]: 3D guidance switched to view 3
[depth_angular_controller-1] [INFO] [1790682749.755256995] [depth_angular_controller]: PAPER_BUILD reason=READY required=0.0100 best=8.0717 free=16 refined=0 tubes=61 revoked_tubes=0 proofs=128
[depth_angular_controller-1] [INFO] [1790682749.755681843] [depth_angular_controller]: PAPER_EVIDENCE retained=32 balls=32 revoked_balls=0 expired_views=0 evicted_views=95 radius=0.580 clearance=0.500 best_prefix=8.072
[depth_angular_controller-1] [INFO] [1790682749.797142565] [depth_angular_controller]: OUTSIDE_FLOW_BOX
[depth_angular_controller-1] [INFO] [1790682749.822824158] [depth_angular_controller]: STATE_OUTSIDE_FREE_DOMAIN
[depth_angular_controller-1] [INFO] [1790682749.891309302] [depth_angular_controller]: OUTSIDE_FLOW_BOX
[depth_angular_controller-1] [INFO] [1790682749.921470891] [depth_angular_controller]: 3D guidance switched to view 0
[depth_angular_controller-1] [INFO] [1790682749.921700142] [depth_angular_controller]: TARGET_HOLD
[depth_angular_controller-1] [INFO] [1790682750.075781621] [depth_angular_controller]: 3D guidance switched to view 3
[depth_angular_controller-1] [INFO] [1790682750.091978264] [depth_angular_controller]: OUTSIDE_FLOW_BOX
[depth_angular_controller-1] [INFO] [1790682750.120010908] [depth_angular_controller]: STATE_OUTSIDE_FREE_DOMAIN
[depth_angular_controller-1] [INFO] [1790682750.253432559] [depth_angular_controller]: TARGET_HOLD
[depth_angular_controller-1] [INFO] [1790682750.278989397] [depth_angular_controller]: 3D guidance switched to view 0
[depth_angular_controller-1] [INFO] [1790682750.462976565] [depth_angular_controller]: 3D guidance switched to view 3
[depth_angular_controller-1] [INFO] [1790682750.463209502] [depth_angular_controller]: STATE_OUTSIDE_FREE_DOMAIN
[depth_angular_controller-1] [INFO] [1790682750.541311092] [depth_angular_controller]: 3D guidance switched to view 0
[depth_angular_controller-1] [INFO] [1790682750.554868233] [depth_angular_controller]: TARGET_HOLD
[depth_angular_controller-1] [INFO] [1790682750.701682715] [depth_angular_controller]: 3D guidance switched to view 3
[depth_angular_controller-1] [INFO] [1790682750.798913853] [depth_angular_controller]: OUTSIDE_FLOW_BOX
[depth_angular_controller-1] [INFO] [1790682750.828770329] [depth_angular_controller]: STATE_OUTSIDE_FREE_DOMAIN
[depth_angular_controller-1] [INFO] [1790682750.828808501] [depth_angular_controller]: PAPER_BUILD reason=READY required=0.0296 best=8.0717 free=8 refined=0 tubes=61 revoked_tubes=0 proofs=128
[depth_angular_controller-1] [INFO] [1790682750.828818890] [depth_angular_controller]: PAPER_EVIDENCE retained=32 balls=32 revoked_balls=0 expired_views=0 evicted_views=95 radius=0.580 clearance=0.000 best_prefix=8.072
[depth_angular_controller-1] [INFO] [1790682750.898459483] [depth_angular_controller]: OUTSIDE_FLOW_BOX
[depth_angular_controller-1] [INFO] [1790682750.952320666] [depth_angular_controller]: 3D guidance switched to view 0
[depth_angular_controller-1] [INFO] [1790682750.952598357] [depth_angular_controller]: TARGET_HOLD
[position_cmd_to_twist-2] [INFO] [1790682751.069569677] [position_cmd_to_twist]: [PERF BRIDGE] run=iteration2_ego1p1_1 elapsed=91.34s received=3100 published=3100 fps(ros/wall)=41.40/40.11 controller_to_bridge_ms(mean/p50/p95/max)=17.441/16.667/50.000/66.667 bridge_process_ms(mean/p95/max)=0.111/0.146/2.745
[depth_angular_controller-1] [INFO] [1790682751.097827083] [depth_angular_controller]: 3D guidance switched to view 3
[depth_angular_controller-1] [INFO] [1790682751.140457040] [depth_angular_controller]: OUTSIDE_FLOW_BOX
[NAV] t=75.0s position=(-46.03,-8.99,1.48) yaw=10.4deg command=(0.07,-0.07,0.01) manual_active=1 collision_blocks=0
[depth_angular_controller-1] [INFO] [1790682751.167998232] [depth_angular_controller]: STATE_OUTSIDE_FREE_DOMAIN
[depth_angular_controller-1] [INFO] [1790682751.245434414] [depth_angular_controller]: 3D guidance switched to view 0
[depth_angular_controller-1] [INFO] [1790682751.260414214] [depth_angular_controller]: TARGET_HOLD
[depth_angular_controller-1] [INFO] [1790682751.396295560] [depth_angular_controller]: 3D guidance switched to view 3
[depth_angular_controller-1] [INFO] [1790682751.573394151] [depth_angular_controller]: OUTSIDE_FLOW_BOX
[depth_angular_controller-1] [INFO] [1790682751.602086313] [depth_angular_controller]: STATE_OUTSIDE_FREE_DOMAIN
[depth_angular_controller-1] [INFO] [1790682751.672341800] [depth_angular_controller]: OUTSIDE_FLOW_BOX
[depth_angular_controller-1] [INFO] [1790682751.723639061] [depth_angular_controller]: 3D guidance switched to view 0
[depth_angular_controller-1] [INFO] [1790682751.724588612] [depth_angular_controller]: TARGET_HOLD
[depth_angular_controller-1] [INFO] [1790682751.846002299] [depth_angular_controller]: PAPER_BUILD reason=READY required=0.0100 best=8.0717 free=16 refined=0 tubes=61 revoked_tubes=0 proofs=128
[depth_angular_controller-1] [INFO] [1790682751.846042274] [depth_angular_controller]: PAPER_EVIDENCE retained=32 balls=32 revoked_balls=0 expired_views=0 evicted_views=95 radius=0.580 clearance=0.500 best_prefix=8.072
[depth_angular_controller-1] [INFO] [1790682751.872202996] [depth_angular_controller]: 3D guidance switched to view 3
[depth_angular_controller-1] [INFO] [1790682751.887957199] [depth_angular_controller]: OUTSIDE_FLOW_BOX
[depth_angular_controller-1] [INFO] [1790682751.906600243] [depth_angular_controller]: STATE_OUTSIDE_FREE_DOMAIN
[depth_angular_controller-1] [INFO] [1790682752.074203416] [depth_angular_controller]: 3D guidance switched to view 0
[depth_angular_controller-1] [INFO] [1790682752.074500925] [depth_angular_controller]: TARGET_HOLD
[depth_angular_controller-1] [INFO] [1790682752.237129503] [depth_angular_controller]: 3D guidance switched to view 3
[depth_angular_controller-1] [INFO] [1790682752.332076233] [depth_angular_controller]: OUTSIDE_FLOW_BOX
[depth_angular_controller-1] [INFO] [1790682752.354569092] [depth_angular_controller]: STATE_OUTSIDE_FREE_DOMAIN
[depth_angular_controller-1] [INFO] [1790682752.508087214] [depth_angular_controller]: OUTSIDE_FLOW_BOX
[depth_angular_controller-1] [INFO] [1790682752.534788700] [depth_angular_controller]: 3D guidance switched to view 0
[depth_angular_controller-1] [INFO] [1790682752.535119080] [depth_angular_controller]: TARGET_HOLD
[depth_angular_controller-1] [INFO] [1790682752.622880067] [depth_angular_controller]: TRACKING
[depth_angular_controller-1] [INFO] [1790682752.677674620] [depth_angular_controller]: 3D guidance switched to view 3
[depth_angular_controller-1] [INFO] [1790682752.677860599] [depth_angular_controller]: STATE_OUTSIDE_FREE_DOMAIN
[depth_angular_controller-1] [INFO] [1790682752.748763681] [depth_angular_controller]: OUTSIDE_FLOW_BOX
[depth_angular_controller-1] [INFO] [1790682752.776310744] [depth_angular_controller]: 3D guidance switched to view 0
[depth_angular_controller-1] [INFO] [1790682752.776579960] [depth_angular_controller]: REFERENCE_INITIALIZATION
[depth_angular_controller-1] [INFO] [1790682752.802697079] [depth_angular_controller]: TRACKING
[depth_angular_controller-1] [INFO] [1790682752.899712893] [depth_angular_controller]: 3D guidance switched to view 3
[depth_angular_controller-1] [INFO] [1790682752.899899162] [depth_angular_controller]: STATE_OUTSIDE_FREE_DOMAIN
[depth_angular_controller-1] [INFO] [1790682752.969170081] [depth_angular_controller]: SINGULAR_FIELD
[depth_angular_controller-1] [INFO] [1790682752.969205558] [depth_angular_controller]: PAPER_BUILD reason=READY required=0.0183 best=8.0717 free=84 refined=0 tubes=62 revoked_tubes=0 proofs=128
[depth_angular_controller-1] [INFO] [1790682752.969216759] [depth_angular_controller]: PAPER_EVIDENCE retained=32 balls=32 revoked_balls=0 expired_views=0 evicted_views=95 radius=0.580 clearance=0.000 best_prefix=8.072
[depth_angular_controller-1] [INFO] [1790682752.994865560] [depth_angular_controller]: 3D guidance switched to view 0
[depth_angular_controller-1] [INFO] [1790682752.995161545] [depth_angular_controller]: REFERENCE_INITIALIZATION
[depth_angular_controller-1] [INFO] [1790682753.061954094] [depth_angular_controller]: TARGET_HOLD
[depth_angular_controller-1] [INFO] [1790682753.195591128] [depth_angular_controller]: 3D guidance switched to view 3
[depth_angular_controller-1] [INFO] [1790682753.195768531] [depth_angular_controller]: STATE_OUTSIDE_FREE_DOMAIN
[depth_angular_controller-1] [INFO] [1790682753.239137454] [depth_angular_controller]: TARGET_HOLD
[depth_angular_controller-1] [INFO] [1790682753.339472627] [depth_angular_controller]: OUTSIDE_FLOW_BOX
[depth_angular_controller-1] [INFO] [1790682753.369067262] [depth_angular_controller]: TARGET_HOLD
[depth_angular_controller-1] [INFO] [1790682753.418741978] [depth_angular_controller]: 3D guidance switched to view 0
[depth_angular_controller-1] [INFO] [1790682753.571528477] [depth_angular_controller]: 3D guidance switched to view 3
[depth_angular_controller-1] [INFO] [1790682753.611645067] [depth_angular_controller]: SINGULAR_FIELD
[depth_angular_controller-1] [INFO] [1790682753.640417740] [depth_angular_controller]: TARGET_HOLD
[depth_angular_controller-1] [INFO] [1790682753.734247765] [depth_angular_controller]: SINGULAR_FIELD
[depth_angular_controller-1] [INFO] [1790682753.762550416] [depth_angular_controller]: TARGET_HOLD
[depth_angular_controller-1] [INFO] [1790682753.900011807] [depth_angular_controller]: OUTSIDE_FLOW_BOX
[depth_angular_controller-1] [INFO] [1790682753.928316482] [depth_angular_controller]: TARGET_HOLD
[depth_angular_controller-1] [INFO] [1790682753.954479137] [depth_angular_controller]: [PERF CTRL] run=iteration2_ego1p1_1 elapsed=94.33s callbacks=3190 commands=3189 guidance=3089 command_fps(ros/wall)=41.15/39.76 guidance_wall_fps=39.36 avoid_ms(mean/p50/p95/max)=3.853/0.185/19.262/58.602 cycle_ms(mean/p95/max)=25.149/47.290/133.755 depth_to_cmd_ms(mean/p95/max)=23.238/33.333/50.000 callback_to_publish_ms(mean/p95/max)=20.340/41.609/73.269
[depth_angular_controller-1] [INFO] [1790682753.983122387] [depth_angular_controller]: 3D guidance switched to view 0
[depth_angular_controller-1] [INFO] [1790682754.053664091] [depth_angular_controller]: 3D guidance switched to view 3
[depth_angular_controller-1] [INFO] [1790682754.053963242] [depth_angular_controller]: STATE_OUTSIDE_FREE_DOMAIN
[depth_angular_controller-1] [INFO] [1790682754.131789706] [depth_angular_controller]: TARGET_HOLD
[depth_angular_controller-1] [INFO] [1790682754.131828970] [depth_angular_controller]: PAPER_BUILD reason=READY required=0.0177 best=8.0717 free=90 refined=0 tubes=62 revoked_tubes=0 proofs=128
[depth_angular_controller-1] [INFO] [1790682754.131841754] [depth_angular_controller]: PAPER_EVIDENCE retained=32 balls=32 revoked_balls=0 expired_views=0 evicted_views=99 radius=0.580 clearance=0.500 best_prefix=8.072
[depth_angular_controller-1] [INFO] [1790682754.158885553] [depth_angular_controller]: 3D guidance switched to view 0
[depth_angular_controller-1] [INFO] [1790682754.287910482] [depth_angular_controller]: 3D guidance switched to view 3
[depth_angular_controller-1] [INFO] [1790682754.288230543] [depth_angular_controller]: STATE_OUTSIDE_FREE_DOMAIN
[depth_angular_controller-1] [INFO] [1790682754.361327081] [depth_angular_controller]: OUTSIDE_FLOW_BOX
[depth_angular_controller-1] [INFO] [1790682754.389369243] [depth_angular_controller]: 3D guidance switched to view 0
[depth_angular_controller-1] [INFO] [1790682754.389758493] [depth_angular_controller]: TARGET_HOLD
[depth_angular_controller-1] [INFO] [1790682754.515422606] [depth_angular_controller]: 3D guidance switched to view 3
[depth_angular_controller-1] [INFO] [1790682754.515691270] [depth_angular_controller]: STATE_OUTSIDE_FREE_DOMAIN
[depth_angular_controller-1] [INFO] [1790682754.587829340] [depth_angular_controller]: TARGET_HOLD
[depth_angular_controller-1] [INFO] [1790682754.614643989] [depth_angular_controller]: 3D guidance switched to view 0
[depth_angular_controller-1] [INFO] [1790682754.813703360] [depth_angular_controller]: 3D guidance switched to view 3
[depth_angular_controller-1] [INFO] [1790682754.813887756] [depth_angular_controller]: STATE_OUTSIDE_FREE_DOMAIN
[depth_angular_controller-1] [INFO] [1790682754.887358737] [depth_angular_controller]: SINGULAR_FIELD
[depth_angular_controller-1] [INFO] [1790682754.914818166] [depth_angular_controller]: 3D guidance switched to view 0
[depth_angular_controller-1] [INFO] [1790682754.916581575] [depth_angular_controller]: TARGET_HOLD
[depth_angular_controller-1] [INFO] [1790682755.039341237] [depth_angular_controller]: 3D guidance switched to view 3
[depth_angular_controller-1] [INFO] [1790682755.039570648] [depth_angular_controller]: STATE_OUTSIDE_FREE_DOMAIN
[depth_angular_controller-1] [INFO] [1790682755.112116222] [depth_angular_controller]: TARGET_HOLD
[depth_angular_controller-1] [INFO] [1790682755.112151148] [depth_angular_controller]: PAPER_BUILD reason=READY required=0.0136 best=8.0717 free=20 refined=0 tubes=62 revoked_tubes=0 proofs=128
[depth_angular_controller-1] [INFO] [1790682755.112162599] [depth_angular_controller]: PAPER_EVIDENCE retained=32 balls=32 revoked_balls=0 expired_views=0 evicted_views=99 radius=0.580 clearance=0.500 best_prefix=8.072
[depth_angular_controller-1] [INFO] [1790682755.138342016] [depth_angular_controller]: 3D guidance switched to view 0
[depth_angular_controller-1] [INFO] [1790682755.241345756] [depth_angular_controller]: 3D guidance switched to view 3
[depth_angular_controller-1] [INFO] [1790682755.241615472] [depth_angular_controller]: STATE_OUTSIDE_FREE_DOMAIN
[depth_angular_controller-1] [INFO] [1790682755.326957699] [depth_angular_controller]: 3D guidance switched to view 0
[depth_angular_controller-1] [INFO] [1790682755.341614653] [depth_angular_controller]: TARGET_HOLD
[depth_angular_controller-1] [INFO] [1790682755.565838467] [depth_angular_controller]: 3D guidance switched to view 3
[depth_angular_controller-1] [INFO] [1790682755.607446285] [depth_angular_controller]: SINGULAR_FIELD
[depth_angular_controller-1] [INFO] [1790682755.633982752] [depth_angular_controller]: STATE_OUTSIDE_FREE_DOMAIN
[depth_angular_controller-1] [INFO] [1790682755.700392412] [depth_angular_controller]: SINGULAR_FIELD
[depth_angular_controller-1] [INFO] [1790682755.729218375] [depth_angular_controller]: 3D guidance switched to view 0
[depth_angular_controller-1] [INFO] [1790682755.729613647] [depth_angular_controller]: TARGET_HOLD
[depth_angular_controller-1] [INFO] [1790682755.857009048] [depth_angular_controller]: 3D guidance switched to view 3
[depth_angular_controller-1] [INFO] [1790682755.858209371] [depth_angular_controller]: STATE_OUTSIDE_FREE_DOMAIN
[depth_angular_controller-1] [INFO] [1790682755.911150457] [depth_angular_controller]: 3D guidance switched to view 0
[depth_angular_controller-1] [INFO] [1790682755.925993049] [depth_angular_controller]: TARGET_HOLD
[depth_angular_controller-1] [INFO] [1790682756.080907361] [depth_angular_controller]: 3D guidance switched to view 3
[depth_angular_controller-1] [INFO] [1790682756.122118585] [depth_angular_controller]: SINGULAR_FIELD
[depth_angular_controller-1] [INFO] [1790682756.122152088] [depth_angular_controller]: PAPER_BUILD reason=READY required=0.0182 best=8.0717 free=17 refined=0 tubes=62 revoked_tubes=0 proofs=128
[depth_angular_controller-1] [INFO] [1790682756.122163199] [depth_angular_controller]: PAPER_EVIDENCE retained=32 balls=32 revoked_balls=0 expired_views=0 evicted_views=99 radius=0.580 clearance=0.000 best_prefix=8.072
[depth_angular_controller-1] [INFO] [1790682756.148153932] [depth_angular_controller]: STATE_OUTSIDE_FREE_DOMAIN
[depth_angular_controller-1] [INFO] [1790682756.233515956] [depth_angular_controller]: 3D guidance switched to view 0
[depth_angular_controller-1] [INFO] [1790682756.252193014] [depth_angular_controller]: TARGET_HOLD
[position_cmd_to_twist-2] [INFO] [1790682756.338319534] [position_cmd_to_twist]: [PERF BRIDGE] run=iteration2_ego1p1_1 elapsed=96.61s received=3260 published=3260 fps(ros/wall)=40.81/39.49 controller_to_bridge_ms(mean/p50/p95/max)=18.016/16.667/50.000/66.667 bridge_process_ms(mean/p95/max)=0.111/0.146/2.745
[depth_angular_controller-1] [INFO] [1790682756.382991622] [depth_angular_controller]: 3D guidance switched to view 3
[NAV] t=80.0s position=(-45.91,-9.10,1.50) yaw=10.5deg command=(0.06,-0.05,0.03) manual_active=1 collision_blocks=0
[depth_angular_controller-1] [INFO] [1790682756.459265483] [depth_angular_controller]: SINGULAR_FIELD
[depth_angular_controller-1] [INFO] [1790682756.487549399] [depth_angular_controller]: STATE_OUTSIDE_FREE_DOMAIN
[depth_angular_controller-1] [INFO] [1790682756.587074982] [depth_angular_controller]: SINGULAR_FIELD
[depth_angular_controller-1] [INFO] [1790682756.615798512] [depth_angular_controller]: 3D guidance switched to view 0
[depth_angular_controller-1] [INFO] [1790682756.616092765] [depth_angular_controller]: REFERENCE_INITIALIZATION
[depth_angular_controller-1] [INFO] [1790682756.643705250] [depth_angular_controller]: TARGET_HOLD
[depth_angular_controller-1] [INFO] [1790682756.777069743] [depth_angular_controller]: 3D guidance switched to view 3
[depth_angular_controller-1] [INFO] [1790682756.777736615] [depth_angular_controller]: STATE_OUTSIDE_FREE_DOMAIN
[depth_angular_controller-1] [INFO] [1790682756.822920925] [depth_angular_controller]: TARGET_HOLD
[depth_angular_controller-1] [INFO] [1790682756.882705202] [depth_angular_controller]: 3D guidance switched to view 0
[depth_angular_controller-1] [INFO] [1790682756.907288673] [depth_angular_controller]: 3D guidance switched to view 3
[depth_angular_controller-1] [INFO] [1790682756.920161400] [depth_angular_controller]: OUTSIDE_FLOW_BOX
[depth_angular_controller-1] [INFO] [1790682756.939591010] [depth_angular_controller]: TARGET_HOLD
[depth_angular_controller-1] [INFO] [1790682757.030412750] [depth_angular_controller]: 3D guidance switched to view 0
[depth_angular_controller-1] [INFO] [1790682757.092001714] [depth_angular_controller]: 3D guidance switched to view 3
[depth_angular_controller-1] [INFO] [1790682757.114856381] [depth_angular_controller]: OUTSIDE_FLOW_BOX
[depth_angular_controller-1] [INFO] [1790682757.143672075] [depth_angular_controller]: 3D guidance switched to view 0
[depth_angular_controller-1] [INFO] [1790682757.144002896] [depth_angular_controller]: STATE_OUTSIDE_FREE_DOMAIN
[depth_angular_controller-1] [INFO] [1790682757.144021881] [depth_angular_controller]: PAPER_BUILD reason=READY required=0.0116 best=8.0717 free=28 refined=0 tubes=63 revoked_tubes=0 proofs=128
[depth_angular_controller-1] [INFO] [1790682757.144033313] [depth_angular_controller]: PAPER_EVIDENCE retained=32 balls=32 revoked_balls=0 expired_views=0 evicted_views=99 radius=0.580 clearance=0.000 best_prefix=8.072
[depth_angular_controller-1] [INFO] [1790682757.220293958] [depth_angular_controller]: TARGET_HOLD
[depth_angular_controller-1] [INFO] [1790682757.381880691] [depth_angular_controller]: 3D guidance switched to view 3
[depth_angular_controller-1] [INFO] [1790682757.420191533] [depth_angular_controller]: OUTSIDE_FLOW_BOX
[depth_angular_controller-1] [INFO] [1790682757.444700174] [depth_angular_controller]: STATE_OUTSIDE_FREE_DOMAIN
[depth_angular_controller-1] [INFO] [1790682757.586007793] [depth_angular_controller]: OUTSIDE_FLOW_BOX
[depth_angular_controller-1] [INFO] [1790682757.677158550] [depth_angular_controller]: 3D guidance switched to view 0
[depth_angular_controller-1] [INFO] [1790682757.677788332] [depth_angular_controller]: TARGET_HOLD
[depth_angular_controller-1] [INFO] [1790682757.876651475] [depth_angular_controller]: SINGULAR_FIELD
[depth_angular_controller-1] [INFO] [1790682757.896739421] [depth_angular_controller]: TARGET_HOLD
[depth_angular_controller-1] [INFO] [1790682757.969984688] [depth_angular_controller]: 3D guidance switched to view 3
[depth_angular_controller-1] [INFO] [1790682758.075211089] [depth_angular_controller]: OUTSIDE_FLOW_BOX
[depth_angular_controller-1] [INFO] [1790682758.106155477] [depth_angular_controller]: TARGET_HOLD
[depth_angular_controller-1] [INFO] [1790682758.166701594] [depth_angular_controller]: 3D guidance switched to view 0
[depth_angular_controller-1] [INFO] [1790682758.199885315] [depth_angular_controller]: 3D guidance switched to view 3
[depth_angular_controller-1] [INFO] [1790682758.255487634] [depth_angular_controller]: PAPER_BUILD reason=READY required=0.0114 best=8.0717 free=32 refined=0 tubes=63 revoked_tubes=0 proofs=128
[depth_angular_controller-1] [INFO] [1790682758.255526828] [depth_angular_controller]: PAPER_EVIDENCE retained=32 balls=32 revoked_balls=0 expired_views=0 evicted_views=99 radius=0.580 clearance=0.500 best_prefix=8.072
[depth_angular_controller-1] [INFO] [1790682758.421088610] [depth_angular_controller]: OUTSIDE_FLOW_BOX
[depth_angular_controller-1] [INFO] [1790682758.447008640] [depth_angular_controller]: STATE_OUTSIDE_FREE_DOMAIN
[depth_angular_controller-1] [INFO] [1790682758.539553593] [depth_angular_controller]: TARGET_HOLD
[depth_angular_controller-1] [INFO] [1790682758.632388080] [depth_angular_controller]: 3D guidance switched to view 0
[depth_angular_controller-1] [INFO] [1790682758.658190530] [depth_angular_controller]: OUTSIDE_FLOW_BOX
[depth_angular_controller-1] [INFO] [1790682758.684845779] [depth_angular_controller]: STATE_OUTSIDE_FREE_DOMAIN
[depth_angular_controller-1] [INFO] [1790682758.765844827] [depth_angular_controller]: OUTSIDE_FLOW_BOX
[depth_angular_controller-1] [INFO] [1790682758.793950879] [depth_angular_controller]: TARGET_HOLD
[depth_angular_controller-1] [INFO] [1790682758.934575044] [depth_angular_controller]: 3D guidance switched to view 3
[depth_angular_controller-1] [INFO] [1790682758.934766995] [depth_angular_controller]: STATE_OUTSIDE_FREE_DOMAIN
[depth_angular_controller-1] [INFO] [1790682758.975995612] [depth_angular_controller]: [PERF CTRL] run=iteration2_ego1p1_1 elapsed=99.35s callbacks=3336 commands=3335 guidance=3235 command_fps(ros/wall)=40.45/39.13 guidance_wall_fps=38.74 avoid_ms(mean/p50/p95/max)=3.906/0.194/19.262/58.602 cycle_ms(mean/p95/max)=25.553/48.297/133.755 depth_to_cmd_ms(mean/p95/max)=23.086/33.333/50.000 callback_to_publish_ms(mean/p95/max)=20.845/42.428/73.269
[depth_angular_controller-1] [INFO] [1790682758.976045766] [depth_angular_controller]: TARGET_HOLD
[depth_angular_controller-1] [INFO] [1790682758.997109132] [depth_angular_controller]: 3D guidance switched to view 0
[depth_angular_controller-1] [INFO] [1790682759.194064956] [depth_angular_controller]: 3D guidance switched to view 3
[depth_angular_controller-1] [INFO] [1790682759.194267236] [depth_angular_controller]: STATE_OUTSIDE_FREE_DOMAIN
[depth_angular_controller-1] [INFO] [1790682759.267140495] [depth_angular_controller]: TARGET_HOLD
[depth_angular_controller-1] [INFO] [1790682759.267175210] [depth_angular_controller]: PAPER_BUILD reason=READY required=0.0186 best=8.0717 free=37 refined=0 tubes=64 revoked_tubes=0 proofs=128
[depth_angular_controller-1] [INFO] [1790682759.267186211] [depth_angular_controller]: PAPER_EVIDENCE retained=32 balls=32 revoked_balls=0 expired_views=0 evicted_views=99 radius=0.580 clearance=0.500 best_prefix=8.072
[depth_angular_controller-1] [INFO] [1790682759.295782983] [depth_angular_controller]: 3D guidance switched to view 0
[depth_angular_controller-1] [INFO] [1790682759.500947812] [depth_angular_controller]: STATE_OUTSIDE_FREE_DOMAIN
[depth_angular_controller-1] [INFO] [1790682759.531168282] [depth_angular_controller]: 3D guidance switched to view 3
[depth_angular_controller-1] [INFO] [1790682759.548358119] [depth_angular_controller]: TARGET_HOLD
[depth_angular_controller-1] [INFO] [1790682759.609045902] [depth_angular_controller]: 3D guidance switched to view 0
[depth_angular_controller-1] [INFO] [1790682759.690252439] [depth_angular_controller]: STATE_OUTSIDE_FREE_DOMAIN
[depth_angular_controller-1] [INFO] [1790682759.763272062] [depth_angular_controller]: OUTSIDE_FLOW_BOX
[depth_angular_controller-1] [INFO] [1790682759.801692449] [depth_angular_controller]: TARGET_HOLD
[depth_angular_controller-1] [INFO] [1790682759.999923517] [depth_angular_controller]: 3D guidance switched to view 3
[depth_angular_controller-1] [INFO] [1790682760.187917534] [depth_angular_controller]: 3D guidance switched to view 0
[depth_angular_controller-1] [INFO] [1790682760.347624419] [depth_angular_controller]: PAPER_BUILD reason=READY required=0.1204 best=8.0717 free=8 refined=0 tubes=65 revoked_tubes=0 proofs=128
[depth_angular_controller-1] [INFO] [1790682760.348044267] [depth_angular_controller]: PAPER_EVIDENCE retained=32 balls=32 revoked_balls=0 expired_views=0 evicted_views=103 radius=0.580 clearance=0.500 best_prefix=8.072
[depth_angular_controller-1] [INFO] [1790682760.490314071] [depth_angular_controller]: OUTSIDE_FLOW_BOX
[depth_angular_controller-1] [INFO] [1790682760.509668580] [depth_angular_controller]: STATE_OUTSIDE_FREE_DOMAIN
[depth_angular_controller-1] [INFO] [1790682760.669381227] [depth_angular_controller]: TARGET_HOLD
[depth_angular_controller-1] [INFO] [1790682761.215359994] [depth_angular_controller]: OUTSIDE_FLOW_BOX
[depth_angular_controller-1] [INFO] [1790682761.285218556] [depth_angular_controller]: STATE_OUTSIDE_FREE_DOMAIN
[depth_angular_controller-1] [INFO] [1790682761.409681755] [depth_angular_controller]: OUTSIDE_FLOW_BOX
[depth_angular_controller-1] [INFO] [1790682761.561083416] [depth_angular_controller]: TARGET_HOLD
[depth_angular_controller-1] [INFO] [1790682761.658321516] [depth_angular_controller]: PAPER_BUILD reason=READY required=0.0100 best=8.0717 free=39 refined=0 tubes=67 revoked_tubes=0 proofs=128
[depth_angular_controller-1] [INFO] [1790682761.658360900] [depth_angular_controller]: PAPER_EVIDENCE retained=32 balls=32 revoked_balls=0 expired_views=0 evicted_views=134 radius=0.580 clearance=0.500 best_prefix=8.072
[depth_angular_controller-1] [INFO] [1790682761.727743910] [depth_angular_controller]: STATE_OUTSIDE_FREE_DOMAIN
[depth_angular_controller-1] [INFO] [1790682761.786623710] [depth_angular_controller]: TARGET_HOLD
[position_cmd_to_twist-2] [INFO] [1790682761.815771507] [position_cmd_to_twist]: [PERF BRIDGE] run=iteration2_ego1p1_1 elapsed=102.08s received=3408 published=3408 fps(ros/wall)=40.16/38.71 controller_to_bridge_ms(mean/p50/p95/max)=18.589/16.667/50.000/66.667 bridge_process_ms(mean/p95/max)=0.111/0.146/2.745
[NAV] t=85.0s position=(-45.45,-9.35,1.58) yaw=10.6deg command=(0.04,-0.02,0.01) manual_active=1 collision_blocks=0
[depth_angular_controller-1] [INFO] [1790682761.996441159] [depth_angular_controller]: STATE_OUTSIDE_FREE_DOMAIN
[depth_angular_controller-1] [INFO] [1790682762.129019828] [depth_angular_controller]: TARGET_HOLD
[depth_angular_controller-1] [INFO] [1790682762.410206003] [depth_angular_controller]: TRACKING
[depth_angular_controller-1] [INFO] [1790682762.548966331] [depth_angular_controller]: TARGET_HOLD
[depth_angular_controller-1] [INFO] [1790682762.653327729] [depth_angular_controller]: SINGULAR_FIELD
[depth_angular_controller-1] [INFO] [1790682762.688061779] [depth_angular_controller]: TARGET_HOLD
[depth_angular_controller-1] [INFO] [1790682762.805798485] [depth_angular_controller]: COMPUTE_DEADLINE
[depth_angular_controller-1] [INFO] [1790682762.837620821] [depth_angular_controller]: STATE_OUTSIDE_FREE_DOMAIN
[depth_angular_controller-1] [INFO] [1790682762.837651048] [depth_angular_controller]: PAPER_BUILD reason=READY required=0.0993 best=8.0717 free=77 refined=0 tubes=68 revoked_tubes=0 proofs=128
[depth_angular_controller-1] [INFO] [1790682762.837660546] [depth_angular_controller]: PAPER_EVIDENCE retained=32 balls=32 revoked_balls=0 expired_views=0 evicted_views=213 radius=0.580 clearance=0.000 best_prefix=8.072
[depth_angular_controller-1] [INFO] [1790682762.882946206] [depth_angular_controller]: OUTSIDE_FLOW_BOX
[depth_angular_controller-1] [INFO] [1790682763.125657902] [depth_angular_controller]: REFERENCE_INITIALIZATION
[depth_angular_controller-1] [INFO] [1790682763.181570084] [depth_angular_controller]: TARGET_HOLD
[depth_angular_controller-1] [INFO] [1790682763.339062303] [depth_angular_controller]: STATE_OUTSIDE_FREE_DOMAIN
[depth_angular_controller-1] [INFO] [1790682763.395781458] [depth_angular_controller]: OUTSIDE_FLOW_BOX
[depth_angular_controller-1] [INFO] [1790682763.420788685] [depth_angular_controller]: REFERENCE_INITIALIZATION
[depth_angular_controller-1] [INFO] [1790682763.459164779] [depth_angular_controller]: TARGET_HOLD
[depth_angular_controller-1] [INFO] [1790682763.612325521] [depth_angular_controller]: STATE_OUTSIDE_FREE_DOMAIN
[depth_angular_controller-1] [INFO] [1790682763.706059516] [depth_angular_controller]: OUTSIDE_FLOW_BOX
[depth_angular_controller-1] [INFO] [1790682763.731441275] [depth_angular_controller]: REFERENCE_INITIALIZATION
[depth_angular_controller-1] [INFO] [1790682763.800678121] [depth_angular_controller]: TRACKING
[depth_angular_controller-1] [INFO] [1790682763.960300668] [depth_angular_controller]: STATE_OUTSIDE_FREE_DOMAIN
[depth_angular_controller-1] [INFO] [1790682764.022744796] [depth_angular_controller]: [PERF CTRL] run=iteration2_ego1p1_1 elapsed=104.40s callbacks=3461 commands=3460 guidance=3360 command_fps(ros/wall)=39.93/38.33 guidance_wall_fps=37.94 avoid_ms(mean/p50/p95/max)=4.031/0.208/19.811/58.602 cycle_ms(mean/p95/max)=26.089/50.333/133.755 depth_to_cmd_ms(mean/p95/max)=22.996/33.333/50.000 callback_to_publish_ms(mean/p95/max)=21.387/43.116/81.872
[depth_angular_controller-1] [INFO] [1790682764.022849553] [depth_angular_controller]: OUTSIDE_FLOW_BOX
[depth_angular_controller-1] [INFO] [1790682764.058782161] [depth_angular_controller]: REFERENCE_INITIALIZATION
[depth_angular_controller-1] [INFO] [1790682764.110481838] [depth_angular_controller]: TARGET_HOLD
[depth_angular_controller-1] [INFO] [1790682764.110519218] [depth_angular_controller]: PAPER_BUILD reason=READY required=0.0100 best=8.0717 free=38 refined=0 tubes=68 revoked_tubes=0 proofs=128
[depth_angular_controller-1] [INFO] [1790682764.110531771] [depth_angular_controller]: PAPER_EVIDENCE retained=32 balls=32 revoked_balls=0 expired_views=0 evicted_views=294 radius=0.580 clearance=0.500 best_prefix=8.072
[depth_angular_controller-1] [INFO] [1790682764.278057138] [depth_angular_controller]: 3D guidance switched to view 3
[depth_angular_controller-1] [INFO] [1790682764.435677598] [depth_angular_controller]: 3D guidance switched to view 0
[depth_angular_controller-1] [INFO] [1790682764.956841660] [depth_angular_controller]: SINGULAR_FIELD
[depth_angular_controller-1] [INFO] [1790682764.996195619] [depth_angular_controller]: STATE_OUTSIDE_FREE_DOMAIN
[depth_angular_controller-1] [INFO] [1790682765.082206452] [depth_angular_controller]: SINGULAR_FIELD
[depth_angular_controller-1] [INFO] [1790682765.276995540] [depth_angular_controller]: PAPER_BUILD reason=READY required=0.1977 best=8.0717 free=22 refined=0 tubes=70 revoked_tubes=0 proofs=128
[depth_angular_controller-1] [INFO] [1790682765.277032910] [depth_angular_controller]: PAPER_EVIDENCE retained=32 balls=32 revoked_balls=0 expired_views=0 evicted_views=362 radius=0.580 clearance=0.000 best_prefix=8.072
[depth_angular_controller-1] [INFO] [1790682765.622662876] [depth_angular_controller]: TARGET_HOLD
[depth_angular_controller-1] [INFO] [1790682765.792338218] [depth_angular_controller]: STATE_OUTSIDE_FREE_DOMAIN
[depth_angular_controller-1] [INFO] [1790682765.864178899] [depth_angular_controller]: TARGET_HOLD
[depth_angular_controller-1] [INFO] [1790682766.028654964] [depth_angular_controller]: STATE_OUTSIDE_FREE_DOMAIN
[depth_angular_controller-1] [INFO] [1790682766.087158568] [depth_angular_controller]: TARGET_HOLD
[depth_angular_controller-1] [INFO] [1790682766.367564068] [depth_angular_controller]: PAPER_BUILD reason=READY required=0.0158 best=8.0717 free=24 refined=0 tubes=70 revoked_tubes=0 proofs=128
[depth_angular_controller-1] [INFO] [1790682766.367607640] [depth_angular_controller]: PAPER_EVIDENCE retained=32 balls=32 revoked_balls=0 expired_views=0 evicted_views=408 radius=0.580 clearance=0.500 best_prefix=8.072
[depth_angular_controller-1] [INFO] [1790682766.552079628] [depth_angular_controller]: SINGULAR_FIELD
[depth_angular_controller-1] [INFO] [1790682766.588271113] [depth_angular_controller]: STATE_OUTSIDE_FREE_DOMAIN
[depth_angular_controller-1] [INFO] [1790682766.673935595] [depth_angular_controller]: SINGULAR_FIELD
[depth_angular_controller-1] [INFO] [1790682766.863335540] [depth_angular_controller]: TARGET_HOLD
[depth_angular_controller-1] [INFO] [1790682767.084515943] [depth_angular_controller]: 3D guidance switched to view 3
[depth_angular_controller-1] [INFO] [1790682767.312841694] [depth_angular_controller]: TRACKING
[depth_angular_controller-1] [INFO] [1790682767.349396460] [depth_angular_controller]: 3D guidance switched to view 0
[depth_angular_controller-1] [INFO] [1790682767.455212407] [depth_angular_controller]: TARGET_HOLD
[depth_angular_controller-1] [INFO] [1790682767.494227871] [depth_angular_controller]: PAPER_BUILD reason=READY required=0.1118 best=8.0717 free=22 refined=0 tubes=71 revoked_tubes=0 proofs=128
[depth_angular_controller-1] [INFO] [1790682767.494284497] [depth_angular_controller]: PAPER_EVIDENCE retained=32 balls=32 revoked_balls=0 expired_views=0 evicted_views=454 radius=0.580 clearance=0.500 best_prefix=8.072
[depth_angular_controller-1] [INFO] [1790682767.551030834] [depth_angular_controller]: TRACKING
[position_cmd_to_twist-2] [INFO] [1790682767.577788976] [position_cmd_to_twist]: [PERF BRIDGE] run=iteration2_ego1p1_1 elapsed=107.84s received=3539 published=3539 fps(ros/wall)=39.38/37.73 controller_to_bridge_ms(mean/p50/p95/max)=19.247/16.667/50.000/83.333 bridge_process_ms(mean/p95/max)=0.112/0.146/2.745
[depth_angular_controller-1] [INFO] [1790682767.653846681] [depth_angular_controller]: TARGET_HOLD
[NAV] t=90.0s position=(-44.69,-9.59,1.87) yaw=10.8deg command=(0.55,-0.15,0.24) manual_active=1 collision_blocks=0
[depth_angular_controller-1] [INFO] [1790682767.781541695] [depth_angular_controller]: TRACKING
[depth_angular_controller-1] [INFO] [1790682767.869389815] [depth_angular_controller]: SINGULAR_FIELD
[depth_angular_controller-1] [INFO] [1790682767.901877399] [depth_angular_controller]: STATE_OUTSIDE_FREE_DOMAIN
[depth_angular_controller-1] [INFO] [1790682768.023564469] [depth_angular_controller]: INTENT_DIRECT
[depth_angular_controller-1] [INFO] [1790682768.061325459] [depth_angular_controller]: TARGET_HOLD
[depth_angular_controller-1] [INFO] [1790682768.150180127] [depth_angular_controller]: INTENT_DIRECT
[depth_angular_controller-1] [INFO] [1790682768.188021428] [depth_angular_controller]: TARGET_HOLD
[depth_angular_controller-1] [INFO] [1790682768.276590861] [depth_angular_controller]: INTENT_DIRECT
[depth_angular_controller-1] [INFO] [1790682768.306654978] [depth_angular_controller]: TARGET_HOLD
[depth_angular_controller-1] [INFO] [1790682768.392387938] [depth_angular_controller]: INTENT_DIRECT
[depth_angular_controller-1] [INFO] [1790682768.423289576] [depth_angular_controller]: TARGET_HOLD
[depth_angular_controller-1] [INFO] [1790682768.504674618] [depth_angular_controller]: INTENT_DIRECT
[depth_angular_controller-1] [INFO] [1790682768.535293826] [depth_angular_controller]: TARGET_HOLD
[depth_angular_controller-1] [INFO] [1790682768.535328892] [depth_angular_controller]: PAPER_BUILD reason=READY required=0.1669 best=8.0717 free=106 refined=0 tubes=73 revoked_tubes=0 proofs=128
[depth_angular_controller-1] [INFO] [1790682768.535338770] [depth_angular_controller]: PAPER_EVIDENCE retained=32 balls=32 revoked_balls=0 expired_views=0 evicted_views=474 radius=0.580 clearance=0.500 best_prefix=8.072
[depth_angular_controller-1] [INFO] [1790682768.620497033] [depth_angular_controller]: INTENT_DIRECT
[depth_angular_controller-1] [INFO] [1790682768.650046012] [depth_angular_controller]: TARGET_HOLD
[depth_angular_controller-1] [INFO] [1790682768.731978822] [depth_angular_controller]: INTENT_DIRECT
[depth_angular_controller-1] [INFO] [1790682768.821128705] [depth_angular_controller]: TARGET_HOLD
[depth_angular_controller-1] [INFO] [1790682768.871042680] [depth_angular_controller]: INTENT_DIRECT
[depth_angular_controller-1] [INFO] [1790682769.070245170] [depth_angular_controller]: [PERF CTRL] run=iteration2_ego1p1_1 elapsed=109.45s callbacks=3578 commands=3577 guidance=3477 command_fps(ros/wall)=39.19/37.53 guidance_wall_fps=37.15 avoid_ms(mean/p50/p95/max)=4.136/0.216/20.143/58.602 cycle_ms(mean/p95/max)=26.647/53.161/133.755 depth_to_cmd_ms(mean/p95/max)=22.879/33.333/50.000 callback_to_publish_ms(mean/p95/max)=22.027/44.001/81.872
[depth_angular_controller-1] [INFO] [1790682769.387567276] [depth_angular_controller]: COMPUTE_DEADLINE
[depth_angular_controller-1] [INFO] [1790682769.509465272] [depth_angular_controller]: INTENT_DIRECT
[depth_angular_controller-1] [INFO] [1790682769.697464228] [depth_angular_controller]: PAPER_BUILD reason=READY required=0.6755 best=8.0717 free=133 refined=0 tubes=75 revoked_tubes=0 proofs=128
[depth_angular_controller-1] [INFO] [1790682769.697509032] [depth_angular_controller]: PAPER_EVIDENCE retained=32 balls=32 revoked_balls=0 expired_views=0 evicted_views=478 radius=0.580 clearance=0.500 best_prefix=8.072
[depth_angular_controller-1] [INFO] [1790682770.758043080] [depth_angular_controller]: PAPER_BUILD reason=READY required=0.8145 best=8.0717 free=275 refined=0 tubes=77 revoked_tubes=0 proofs=128
[depth_angular_controller-1] [INFO] [1790682770.758088144] [depth_angular_controller]: PAPER_EVIDENCE retained=32 balls=32 revoked_balls=0 expired_views=0 evicted_views=482 radius=0.580 clearance=1.352 best_prefix=8.072
[depth_angular_controller-1] [INFO] [1790682771.848093276] [depth_angular_controller]: NO_REGULAR_FIELD
[depth_angular_controller-1] [INFO] [1790682771.848131477] [depth_angular_controller]: PAPER_BUILD reason=STATE_OUTSIDE_COMPONENT required=2.0391 best=8.0717 free=1283 refined=1 tubes=81 revoked_tubes=0 proofs=128
[depth_angular_controller-1] [INFO] [1790682771.848141847] [depth_angular_controller]: PAPER_EVIDENCE retained=32 balls=32 revoked_balls=0 expired_views=0 evicted_views=486 radius=0.580 clearance=0.000 best_prefix=8.072
[position_cmd_to_twist-2] [INFO] [1790682772.800533121] [position_cmd_to_twist]: [PERF BRIDGE] run=iteration2_ego1p1_1 elapsed=113.07s received=3686 published=3685 fps(ros/wall)=38.89/37.23 controller_to_bridge_ms(mean/p50/p95/max)=19.705/16.667/50.000/116.667 bridge_process_ms(mean/p95/max)=0.112/0.147/2.745
[depth_angular_controller-1] [INFO] [1790682772.821796683] [depth_angular_controller]: COMPUTE_DEADLINE
[depth_angular_controller-1] [INFO] [1790682772.821831528] [depth_angular_controller]: PAPER_BUILD reason=STATE_OUTSIDE_COMPONENT required=0.5333 best=8.0717 free=1117 refined=1 tubes=84 revoked_tubes=0 proofs=128
[depth_angular_controller-1] [INFO] [1790682772.821841066] [depth_angular_controller]: PAPER_EVIDENCE retained=32 balls=32 revoked_balls=0 expired_views=0 evicted_views=490 radius=0.580 clearance=0.000 best_prefix=8.072
[NAV] t=95.0s position=(-39.19,-8.70,2.07) yaw=10.9deg command=(0.70,0.13,0.00) manual_active=1 collision_blocks=0
[depth_angular_controller-1] [INFO] [1790682772.932405484] [depth_angular_controller]: INTENT_DIRECT
[depth_angular_controller-1] [INFO] [1790682773.541606721] [depth_angular_controller]: COMPUTE_DEADLINE
[depth_angular_controller-1] [INFO] [1790682773.806887118] [depth_angular_controller]: PAPER_BUILD reason=READY required=0.2248 best=8.0717 free=831 refined=1 tubes=85 revoked_tubes=0 proofs=128
[depth_angular_controller-1] [INFO] [1790682773.806922655] [depth_angular_controller]: PAPER_EVIDENCE retained=32 balls=32 revoked_balls=0 expired_views=0 evicted_views=494 radius=0.580 clearance=0.366 best_prefix=8.072
[depth_angular_controller-1] [INFO] [1790682773.842387326] [depth_angular_controller]: INTENT_DIRECT
[depth_angular_controller-1] [INFO] [1790682774.117605151] [depth_angular_controller]: [PERF CTRL] run=iteration2_ego1p1_1 elapsed=114.49s callbacks=3729 commands=3728 guidance=3628 command_fps(ros/wall)=38.71/37.14 guidance_wall_fps=36.78 avoid_ms(mean/p50/p95/max)=4.556/0.229/21.101/133.811 cycle_ms(mean/p95/max)=26.922/55.434/147.543 depth_to_cmd_ms(mean/p95/max)=22.951/33.333/50.000 callback_to_publish_ms(mean/p95/max)=22.369/44.655/147.475
[depth_angular_controller-1] [INFO] [1790682774.858378277] [depth_angular_controller]: PAPER_BUILD reason=READY required=0.0417 best=4.0383 free=318 refined=0 tubes=86 revoked_tubes=0 proofs=128
[depth_angular_controller-1] [INFO] [1790682774.858423151] [depth_angular_controller]: PAPER_EVIDENCE retained=32 balls=32 revoked_balls=0 expired_views=0 evicted_views=498 radius=0.580 clearance=0.048 best_prefix=4.038
[depth_angular_controller-1] [INFO] [1790682775.248340484] [depth_angular_controller]: COMPUTE_DEADLINE
[depth_angular_controller-1] [INFO] [1790682775.290213891] [depth_angular_controller]: TARGET_HOLD
[depth_angular_controller-1] [INFO] [1790682775.693119166] [depth_angular_controller]: COMPUTE_DEADLINE
[depth_angular_controller-1] [INFO] [1790682775.845748761] [depth_angular_controller]: PAPER_BUILD reason=STATE_DIRECTION_UNCERTIFIED required=0.0424 best=8.0717 free=797 refined=1 tubes=92 revoked_tubes=0 proofs=128
[depth_angular_controller-1] [INFO] [1790682775.845791631] [depth_angular_controller]: PAPER_EVIDENCE retained=32 balls=32 revoked_balls=0 expired_views=0 evicted_views=500 radius=0.580 clearance=0.000 best_prefix=8.072
[depth_angular_controller-1] [INFO] [1790682775.880892549] [depth_angular_controller]: TARGET_HOLD
[depth_angular_controller-1] [INFO] [1790682776.271508012] [depth_angular_controller]: COMPUTE_DEADLINE
[depth_angular_controller-1] [INFO] [1790682776.325234321] [depth_angular_controller]: TARGET_HOLD
[depth_angular_controller-1] [INFO] [1790682776.433276737] [depth_angular_controller]: OUTSIDE_FLOW_BOX
[depth_angular_controller-1] [INFO] [1790682776.452201199] [depth_angular_controller]: STATE_OUTSIDE_FREE_DOMAIN
[depth_angular_controller-1] [INFO] [1790682776.562163086] [depth_angular_controller]: TARGET_HOLD
[depth_angular_controller-1] [INFO] [1790682776.868546725] [depth_angular_controller]: COMPUTE_DEADLINE
[depth_angular_controller-1] [INFO] [1790682776.868583444] [depth_angular_controller]: PAPER_BUILD reason=READY required=0.0237 best=4.0383 free=856 refined=1 tubes=114 revoked_tubes=0 proofs=128
[depth_angular_controller-1] [INFO] [1790682776.868593563] [depth_angular_controller]: PAPER_EVIDENCE retained=32 balls=32 revoked_balls=0 expired_views=0 evicted_views=502 radius=0.580 clearance=0.037 best_prefix=4.038
[depth_angular_controller-1] [INFO] [1790682777.018749726] [depth_angular_controller]: REFERENCE_INITIALIZATION
[depth_angular_controller-1] [INFO] [1790682777.042120933] [depth_angular_controller]: TARGET_HOLD
[depth_angular_controller-1] [INFO] [1790682777.144566566] [depth_angular_controller]: STATE_OUTSIDE_FREE_DOMAIN
[depth_angular_controller-1] [INFO] [1790682777.216159232] [depth_angular_controller]: TARGET_HOLD
[depth_angular_controller-1] [INFO] [1790682777.379559779] [depth_angular_controller]: STATE_OUTSIDE_FREE_DOMAIN
[depth_angular_controller-1] [INFO] [1790682777.538349202] [depth_angular_controller]: COMPUTE_DEADLINE
[depth_angular_controller-1] [INFO] [1790682777.579150006] [depth_angular_controller]: TARGET_HOLD
[position_cmd_to_twist-2] [INFO] [1790682777.667101300] [position_cmd_to_twist]: [PERF BRIDGE] run=iteration2_ego1p1_1 elapsed=117.93s received=3828 published=3818 fps(ros/wall)=38.31/36.74 controller_to_bridge_ms(mean/p50/p95/max)=20.158/16.667/50.000/183.333 bridge_process_ms(mean/p95/max)=0.112/0.146/2.745
[NAV] t=100.0s position=(-38.34,-8.52,2.19) yaw=10.9deg command=(0.03,0.01,0.06) manual_active=1 collision_blocks=0
[depth_angular_controller-1] [INFO] [1790682777.972381428] [depth_angular_controller]: COMPUTE_DEADLINE
[depth_angular_controller-1] [INFO] [1790682777.972416474] [depth_angular_controller]: PAPER_BUILD reason=READY required=0.0242 best=8.0717 free=825 refined=1 tubes=135 revoked_tubes=0 proofs=128
[depth_angular_controller-1] [INFO] [1790682777.972427715] [depth_angular_controller]: PAPER_EVIDENCE retained=32 balls=32 revoked_balls=0 expired_views=0 evicted_views=502 radius=0.580 clearance=0.040 best_prefix=8.072
[depth_angular_controller-1] [INFO] [1790682778.029892119] [depth_angular_controller]: TARGET_HOLD
[depth_angular_controller-1] [INFO] [1790682778.247278522] [depth_angular_controller]: OUTSIDE_FLOW_BOX
[depth_angular_controller-1] [INFO] [1790682778.268746457] [depth_angular_controller]: STATE_OUTSIDE_FREE_DOMAIN
[depth_angular_controller-1] [INFO] [1790682778.345061695] [depth_angular_controller]: OUTSIDE_FLOW_BOX
[depth_angular_controller-1] [INFO] [1790682778.369927667] [depth_angular_controller]: TARGET_HOLD
[depth_angular_controller-1] [INFO] [1790682778.475382397] [depth_angular_controller]: STATE_OUTSIDE_FREE_DOMAIN
[depth_angular_controller-1] [INFO] [1790682778.540128936] [depth_angular_controller]: TARGET_HOLD
[depth_angular_controller-1] [INFO] [1790682778.742246566] [depth_angular_controller]: OUTSIDE_FLOW_BOX
[depth_angular_controller-1] [INFO] [1790682778.766041007] [depth_angular_controller]: TARGET_HOLD
[depth_angular_controller-1] [INFO] [1790682778.844386475] [depth_angular_controller]: OUTSIDE_FLOW_BOX
[depth_angular_controller-1] [INFO] [1790682778.870815200] [depth_angular_controller]: TARGET_HOLD
[depth_angular_controller-1] [INFO] [1790682778.896811372] [depth_angular_controller]: PAPER_BUILD reason=READY required=0.0231 best=8.0717 free=193 refined=0 tubes=159 revoked_tubes=0 proofs=128
[depth_angular_controller-1] [INFO] [1790682778.896847440] [depth_angular_controller]: PAPER_EVIDENCE retained=32 balls=32 revoked_balls=0 expired_views=0 evicted_views=502 radius=0.580 clearance=0.150 best_prefix=8.072
[depth_angular_controller-1] [INFO] [1790682778.949775211] [depth_angular_controller]: OUTSIDE_FLOW_BOX
[depth_angular_controller-1] [INFO] [1790682778.968445656] [depth_angular_controller]: TARGET_HOLD
[depth_angular_controller-1] [INFO] [1790682779.120741234] [depth_angular_controller]: [PERF CTRL] run=iteration2_ego1p1_1 elapsed=119.50s callbacks=3867 commands=3866 guidance=3766 command_fps(ros/wall)=38.11/36.69 guidance_wall_fps=36.33 avoid_ms(mean/p50/p95/max)=4.994/0.247/23.642/154.870 cycle_ms(mean/p95/max)=27.255/55.959/178.087 depth_to_cmd_ms(mean/p95/max)=22.902/33.333/50.000 callback_to_publish_ms(mean/p95/max)=22.789/45.288/177.970
[depth_angular_controller-1] [INFO] [1790682779.142268972] [depth_angular_controller]: STATE_OUTSIDE_FREE_DOMAIN
[depth_angular_controller-1] [INFO] [1790682779.207733558] [depth_angular_controller]: OUTSIDE_FLOW_BOX
[depth_angular_controller-1] [INFO] [1790682779.231117359] [depth_angular_controller]: TARGET_HOLD
[depth_angular_controller-1] [INFO] [1790682779.348146748] [depth_angular_controller]: 3D guidance switched to view 1
[depth_angular_controller-1] [INFO] [1790682779.348321797] [depth_angular_controller]: STATE_OUTSIDE_FREE_DOMAIN
[depth_angular_controller-1] [INFO] [1790682779.423076076] [depth_angular_controller]: TARGET_HOLD
[depth_angular_controller-1] [INFO] [1790682779.496120005] [depth_angular_controller]: 3D guidance switched to view 0
[depth_angular_controller-1] [INFO] [1790682780.079627046] [depth_angular_controller]: PAPER_BUILD reason=READY required=0.1003 best=4.0383 free=195 refined=0 tubes=175 revoked_tubes=0 proofs=128
[depth_angular_controller-1] [INFO] [1790682780.079668754] [depth_angular_controller]: PAPER_EVIDENCE retained=32 balls=32 revoked_balls=0 expired_views=0 evicted_views=503 radius=0.580 clearance=0.500 best_prefix=4.038
[depth_angular_controller-1] [INFO] [1790682780.720052135] [depth_angular_controller]: COMPUTE_DEADLINE
[depth_angular_controller-1] [INFO] [1790682781.040616024] [depth_angular_controller]: PAPER_BUILD reason=STATE_OUTSIDE_COMPONENT required=0.3144 best=8.0717 free=1135 refined=1 tubes=178 revoked_tubes=0 proofs=128
[depth_angular_controller-1] [INFO] [1790682781.040659836] [depth_angular_controller]: PAPER_EVIDENCE retained=32 balls=32 revoked_balls=0 expired_views=0 evicted_views=506 radius=0.580 clearance=0.000 best_prefix=8.072
[depth_angular_controller-1] [INFO] [1790682781.190753241] [depth_angular_controller]: REFERENCE_INITIALIZATION
[depth_angular_controller-1] [INFO] [1790682781.390638252] [depth_angular_controller]: TARGET_HOLD
[depth_angular_controller-1] [INFO] [1790682781.685628221] [depth_angular_controller]: COMPUTE_DEADLINE
[depth_angular_controller-1] [INFO] [1790682781.894240739] [depth_angular_controller]: TARGET_HOLD
[depth_angular_controller-1] [INFO] [1790682782.111505023] [depth_angular_controller]: PAPER_BUILD reason=READY required=0.0263 best=8.0717 free=257 refined=0 tubes=179 revoked_tubes=0 proofs=128
[depth_angular_controller-1] [INFO] [1790682782.111540349] [depth_angular_controller]: PAPER_EVIDENCE retained=32 balls=32 revoked_balls=0 expired_views=0 evicted_views=510 radius=0.580 clearance=0.030 best_prefix=8.072
[depth_angular_controller-1] [INFO] [1790682782.255556150] [depth_angular_controller]: COMPUTE_DEADLINE
[depth_angular_controller-1] [INFO] [1790682782.399619049] [depth_angular_controller]: TARGET_HOLD
[depth_angular_controller-1] [INFO] [1790682782.472559674] [depth_angular_controller]: 3D guidance switched to view 1
[depth_angular_controller-1] [INFO] [1790682782.571085301] [depth_angular_controller]: 3D guidance switched to view 0
[depth_angular_controller-1] [INFO] [1790682782.670287798] [depth_angular_controller]: COMPUTE_DEADLINE
[position_cmd_to_twist-2] [INFO] [1790682782.672097093] [position_cmd_to_twist]: [PERF BRIDGE] run=iteration2_ego1p1_1 elapsed=122.94s received=3967 published=3949 fps(ros/wall)=37.85/36.29 controller_to_bridge_ms(mean/p50/p95/max)=20.620/16.667/50.000/200.000 bridge_process_ms(mean/p95/max)=0.111/0.146/2.745
[NAV] t=105.0s position=(-37.54,-8.28,2.97) yaw=10.9deg command=(0.02,0.03,0.01) manual_active=1 collision_blocks=0
[depth_angular_controller-1] [INFO] [1790682782.811644077] [depth_angular_controller]: TARGET_HOLD
[depth_angular_controller-1] [INFO] [1790682782.910110453] [depth_angular_controller]: 3D guidance switched to view 1
[depth_angular_controller-1] [INFO] [1790682783.073696247] [depth_angular_controller]: COMPUTE_DEADLINE
[depth_angular_controller-1] [INFO] [1790682783.073730361] [depth_angular_controller]: PAPER_BUILD reason=READY required=0.0355 best=8.0717 free=851 refined=1 tubes=192 revoked_tubes=0 proofs=128
[depth_angular_controller-1] [INFO] [1790682783.073739378] [depth_angular_controller]: PAPER_EVIDENCE retained=32 balls=32 revoked_balls=0 expired_views=0 evicted_views=512 radius=0.580 clearance=0.131 best_prefix=8.072
[depth_angular_controller-1] [INFO] [1790682783.282948837] [depth_angular_controller]: 3D guidance switched to view 0
[depth_angular_controller-1] [INFO] [1790682783.285853227] [depth_angular_controller]: TARGET_HOLD
[depth_angular_controller-1] [INFO] [1790682783.602941414] [depth_angular_controller]: COMPUTE_DEADLINE
[depth_angular_controller-1] [INFO] [1790682783.620369969] [depth_angular_controller]: TARGET_HOLD
[depth_angular_controller-1] [INFO] [1790682783.726025295] [depth_angular_controller]: COMPUTE_DEADLINE
[depth_angular_controller-1] [INFO] [1790682783.864912170] [depth_angular_controller]: TARGET_HOLD
[depth_angular_controller-1] [INFO] [1790682784.181954381] [depth_angular_controller]: [PERF CTRL] run=iteration2_ego1p1_1 elapsed=124.56s callbacks=4006 commands=4005 guidance=3905 command_fps(ros/wall)=37.64/36.27 guidance_wall_fps=35.92 avoid_ms(mean/p50/p95/max)=5.439/0.269/24.377/154.870 cycle_ms(mean/p95/max)=27.573/57.413/178.087 depth_to_cmd_ms(mean/p95/max)=22.821/33.333/50.000 callback_to_publish_ms(mean/p95/max)=23.178/46.165/177.970
[depth_angular_controller-1] [INFO] [1790682784.182015506] [depth_angular_controller]: COMPUTE_DEADLINE
[depth_angular_controller-1] [INFO] [1790682784.182021036] [depth_angular_controller]: PAPER_BUILD reason=READY required=0.0251 best=8.0717 free=851 refined=1 tubes=215 revoked_tubes=0 proofs=128
[depth_angular_controller-1] [INFO] [1790682784.182026626] [depth_angular_controller]: PAPER_EVIDENCE retained=32 balls=32 revoked_balls=0 expired_views=0 evicted_views=514 radius=0.580 clearance=0.030 best_prefix=8.072
[depth_angular_controller-1] [INFO] [1790682784.204896162] [depth_angular_controller]: TARGET_HOLD
[depth_angular_controller-1] [INFO] [1790682784.317219220] [depth_angular_controller]: COMPUTE_DEADLINE
[depth_angular_controller-1] [INFO] [1790682784.470270796] [depth_angular_controller]: TARGET_HOLD
[depth_angular_controller-1] [INFO] [1790682784.746217139] [depth_angular_controller]: COMPUTE_DEADLINE
[depth_angular_controller-1] [INFO] [1790682784.902380445] [depth_angular_controller]: TARGET_HOLD
[depth_angular_controller-1] [INFO] [1790682785.178765050] [depth_angular_controller]: COMPUTE_DEADLINE
[depth_angular_controller-1] [INFO] [1790682785.178812298] [depth_angular_controller]: PAPER_BUILD reason=READY required=0.0234 best=8.0717 free=871 refined=1 tubes=232 revoked_tubes=0 proofs=128
[depth_angular_controller-1] [INFO] [1790682785.178823419] [depth_angular_controller]: PAPER_EVIDENCE retained=32 balls=32 revoked_balls=0 expired_views=0 evicted_views=514 radius=0.580 clearance=0.034 best_prefix=8.072
[depth_angular_controller-1] [INFO] [1790682785.351396829] [depth_angular_controller]: TARGET_HOLD
[depth_angular_controller-1] [INFO] [1790682785.848750640] [depth_angular_controller]: COMPUTE_DEADLINE
[depth_angular_controller-1] [INFO] [1790682785.871953030] [depth_angular_controller]: TARGET_HOLD
[depth_angular_controller-1] [INFO] [1790682786.030020980] [depth_angular_controller]: COMPUTE_DEADLINE
[depth_angular_controller-1] [INFO] [1790682786.082893527] [depth_angular_controller]: TARGET_HOLD
[depth_angular_controller-1] [INFO] [1790682786.157413877] [depth_angular_controller]: PAPER_BUILD reason=READY required=0.0351 best=8.0717 free=201 refined=0 tubes=254 revoked_tubes=0 proofs=128
[depth_angular_controller-1] [INFO] [1790682786.157453321] [depth_angular_controller]: PAPER_EVIDENCE retained=32 balls=32 revoked_balls=0 expired_views=0 evicted_views=516 radius=0.580 clearance=0.048 best_prefix=8.072
[depth_angular_controller-1] [INFO] [1790682786.430352485] [depth_angular_controller]: COMPUTE_DEADLINE
[depth_angular_controller-1] [INFO] [1790682786.618390044] [depth_angular_controller]: TARGET_HOLD
[depth_angular_controller-1] [INFO] [1790682787.163450679] [depth_angular_controller]: PAPER_BUILD reason=READY required=0.2039 best=8.0717 free=118 refined=0 tubes=256 revoked_tubes=0 proofs=128
[depth_angular_controller-1] [INFO] [1790682787.163492718] [depth_angular_controller]: PAPER_EVIDENCE retained=32 balls=32 revoked_balls=0 expired_views=0 evicted_views=518 radius=0.580 clearance=0.500 best_prefix=8.072
[position_cmd_to_twist-2] [INFO] [1790682787.515435981] [position_cmd_to_twist]: [PERF BRIDGE] run=iteration2_ego1p1_1 elapsed=127.78s received=4081 published=4051 fps(ros/wall)=37.14/35.62 controller_to_bridge_ms(mean/p50/p95/max)=21.261/16.667/50.000/200.000 bridge_process_ms(mean/p95/max)=0.112/0.146/2.745
[NAV] t=110.0s position=(-36.93,-7.91,3.13) yaw=10.7deg command=(0.84,0.28,0.03) manual_active=1 collision_blocks=0
[depth_angular_controller-1] [INFO] [1790682787.592413662] [depth_angular_controller]: COMPUTE_DEADLINE
[depth_angular_controller-1] [INFO] [1790682787.835043105] [depth_angular_controller]: TARGET_HOLD
[depth_angular_controller-1] [INFO] [1790682787.980104788] [depth_angular_controller]: COMPUTE_DEADLINE
[depth_angular_controller-1] [INFO] [1790682788.009608102] [depth_angular_controller]: TARGET_HOLD
[depth_angular_controller-1] [INFO] [1790682788.120408653] [depth_angular_controller]: COMPUTE_DEADLINE
[depth_angular_controller-1] [INFO] [1790682788.155511044] [depth_angular_controller]: TARGET_HOLD
[depth_angular_controller-1] [INFO] [1790682788.261322071] [depth_angular_controller]: COMPUTE_DEADLINE
[depth_angular_controller-1] [INFO] [1790682788.288909380] [depth_angular_controller]: TARGET_HOLD
[depth_angular_controller-1] [INFO] [1790682788.526461124] [depth_angular_controller]: COMPUTE_DEADLINE
[depth_angular_controller-1] [INFO] [1790682788.526497953] [depth_angular_controller]: PAPER_BUILD reason=READY required=0.0689 best=8.0717 free=783 refined=1 tubes=256 revoked_tubes=0 proofs=128
[depth_angular_controller-1] [INFO] [1790682788.526509805] [depth_angular_controller]: PAPER_EVIDENCE retained=32 balls=32 revoked_balls=0 expired_views=0 evicted_views=522 radius=0.580 clearance=0.325 best_prefix=8.072
[depth_angular_controller-1] [INFO] [1790682788.704191491] [depth_angular_controller]: TARGET_HOLD
[depth_angular_controller-1] [INFO] [1790682788.846663875] [depth_angular_controller]: 3D guidance switched to view 1
[depth_angular_controller-1] [INFO] [1790682788.945321960] [depth_angular_controller]: TRACKING
[depth_angular_controller-1] [INFO] [1790682789.146486021] [depth_angular_controller]: 3D guidance switched to view 0
[depth_angular_controller-1] [INFO] [1790682789.226770007] [depth_angular_controller]: [PERF CTRL] run=iteration2_ego1p1_1 elapsed=129.60s callbacks=4110 commands=4109 guidance=4009 command_fps(ros/wall)=36.90/35.58 guidance_wall_fps=35.24 avoid_ms(mean/p50/p95/max)=5.890/0.296/25.662/154.870 cycle_ms(mean/p95/max)=28.103/59.459/178.087 depth_to_cmd_ms(mean/p95/max)=22.765/33.333/50.000 callback_to_publish_ms(mean/p95/max)=23.776/48.488/177.970
[depth_angular_controller-1] [INFO] [1790682789.341378293] [depth_angular_controller]: COMPUTE_DEADLINE
[depth_angular_controller-1] [INFO] [1790682789.372153734] [depth_angular_controller]: TRACKING
[depth_angular_controller-1] [INFO] [1790682789.438537846] [depth_angular_controller]: INTENT_DIRECT
[depth_angular_controller-1] [INFO] [1790682789.460058461] [depth_angular_controller]: TARGET_HOLD
[depth_angular_controller-1] [INFO] [1790682789.636770978] [depth_angular_controller]: INTENT_DIRECT
[depth_angular_controller-1] [INFO] [1790682789.636806344] [depth_angular_controller]: PAPER_BUILD reason=READY required=0.1588 best=8.0717 free=205 refined=0 tubes=256 revoked_tubes=0 proofs=128
[depth_angular_controller-1] [INFO] [1790682789.636816743] [depth_angular_controller]: PAPER_EVIDENCE retained=32 balls=32 revoked_balls=0 expired_views=0 evicted_views=526 radius=0.580 clearance=0.500 best_prefix=8.072
[depth_angular_controller-1] [INFO] [1790682789.672699519] [depth_angular_controller]: TARGET_HOLD
[depth_angular_controller-1] [INFO] [1790682789.738633917] [depth_angular_controller]: INTENT_DIRECT
[depth_angular_controller-1] [INFO] [1790682789.770655657] [depth_angular_controller]: TARGET_HOLD
[depth_angular_controller-1] [INFO] [1790682789.870697719] [depth_angular_controller]: INTENT_DIRECT
[depth_angular_controller-1] [INFO] [1790682789.902884038] [depth_angular_controller]: TARGET_HOLD
[depth_angular_controller-1] [INFO] [1790682789.958119749] [depth_angular_controller]: INTENT_DIRECT
[depth_angular_controller-1] [INFO] [1790682789.989855052] [depth_angular_controller]: TARGET_HOLD
[depth_angular_controller-1] [INFO] [1790682790.075671419] [depth_angular_controller]: INTENT_DIRECT
[depth_angular_controller-1] [INFO] [1790682790.107953427] [depth_angular_controller]: TARGET_HOLD
[depth_angular_controller-1] [INFO] [1790682790.197966520] [depth_angular_controller]: INTENT_DIRECT
[depth_angular_controller-1] [INFO] [1790682790.575373056] [depth_angular_controller]: PAPER_BUILD reason=READY required=0.8243 best=8.0717 free=219 refined=0 tubes=256 revoked_tubes=0 proofs=128
[depth_angular_controller-1] [INFO] [1790682790.575415145] [depth_angular_controller]: PAPER_EVIDENCE retained=32 balls=32 revoked_balls=0 expired_views=0 evicted_views=530 radius=0.580 clearance=1.352 best_prefix=8.072
[depth_angular_controller-1] [INFO] [1790682790.712399781] [depth_angular_controller]: COMPUTE_DEADLINE
[depth_angular_controller-1] [INFO] [1790682790.819317596] [depth_angular_controller]: INTENT_DIRECT
[depth_angular_controller-1] [INFO] [1790682791.590059740] [depth_angular_controller]: PAPER_BUILD reason=READY required=0.4016 best=8.0717 free=352 refined=0 tubes=256 revoked_tubes=0 proofs=128
[depth_angular_controller-1] [INFO] [1790682791.590103963] [depth_angular_controller]: PAPER_EVIDENCE retained=32 balls=32 revoked_balls=0 expired_views=0 evicted_views=534 radius=0.580 clearance=0.667 best_prefix=8.072
[depth_angular_controller-1] [INFO] [1790682792.527383078] [depth_angular_controller]: PAPER_BUILD reason=READY required=0.3469 best=8.0717 free=352 refined=0 tubes=256 revoked_tubes=0 proofs=128
[depth_angular_controller-1] [INFO] [1790682792.527424506] [depth_angular_controller]: PAPER_EVIDENCE retained=32 balls=32 revoked_balls=0 expired_views=0 evicted_views=538 radius=0.580 clearance=0.335 best_prefix=8.072
[position_cmd_to_twist-2] [INFO] [1790682792.632113549] [position_cmd_to_twist]: [PERF BRIDGE] run=iteration2_ego1p1_1 elapsed=132.90s received=4198 published=4165 fps(ros/wall)=36.54/35.04 controller_to_bridge_ms(mean/p50/p95/max)=21.828/16.667/50.000/200.000 bridge_process_ms(mean/p95/max)=0.112/0.146/3.102
[NAV] t=115.0s position=(-33.65,-7.03,3.13) yaw=10.6deg command=(0.44,0.08,-0.00) manual_active=1 collision_blocks=0
[depth_angular_controller-1] [INFO] [1790682793.290560326] [depth_angular_controller]: OUTSIDE_FLOW_BOX
[depth_angular_controller-1] [INFO] [1790682793.310541702] [depth_angular_controller]: INTENT_DIRECT
[depth_angular_controller-1] [INFO] [1790682793.513407887] [depth_angular_controller]: OUTSIDE_FLOW_BOX
[depth_angular_controller-1] [INFO] [1790682793.513440899] [depth_angular_controller]: PAPER_BUILD reason=READY required=0.0291 best=8.0717 free=346 refined=0 tubes=256 revoked_tubes=0 proofs=128
[depth_angular_controller-1] [INFO] [1790682793.513449295] [depth_angular_controller]: PAPER_EVIDENCE retained=32 balls=32 revoked_balls=0 expired_views=0 evicted_views=542 radius=0.580 clearance=0.000 best_prefix=8.072
[depth_angular_controller-1] [INFO] [1790682793.539948221] [depth_angular_controller]: INTENT_DIRECT
[depth_angular_controller-1] [INFO] [1790682794.012582465] [depth_angular_controller]: COMPUTE_DEADLINE
[depth_angular_controller-1] [INFO] [1790682794.151208471] [depth_angular_controller]: REFERENCE_INITIALIZATION
[depth_angular_controller-1] [INFO] [1790682794.171230604] [depth_angular_controller]: SINGULAR_FIELD
[depth_angular_controller-1] [INFO] [1790682794.189775013] [depth_angular_controller]: REFERENCE_INITIALIZATION
[depth_angular_controller-1] [INFO] [1790682794.204125061] [depth_angular_controller]: SINGULAR_FIELD
[depth_angular_controller-1] [INFO] [1790682794.255450385] [depth_angular_controller]: [PERF CTRL] run=iteration2_ego1p1_1 elapsed=134.63s callbacks=4243 commands=4242 guidance=4142 command_fps(ros/wall)=36.43/35.20 guidance_wall_fps=34.87 avoid_ms(mean/p50/p95/max)=6.143/0.318/27.259/154.870 cycle_ms(mean/p95/max)=28.407/60.604/178.087 depth_to_cmd_ms(mean/p95/max)=22.702/33.333/50.000 callback_to_publish_ms(mean/p95/max)=24.139/49.878/177.970
[depth_angular_controller-1] [INFO] [1790682794.255528572] [depth_angular_controller]: REFERENCE_INITIALIZATION
[depth_angular_controller-1] [INFO] [1790682794.311437947] [depth_angular_controller]: SINGULAR_FIELD
[depth_angular_controller-1] [INFO] [1790682794.334391380] [depth_angular_controller]: REFERENCE_INITIALIZATION
[depth_angular_controller-1] [INFO] [1790682794.356987543] [depth_angular_controller]: TARGET_HOLD
[depth_angular_controller-1] [INFO] [1790682794.442072487] [depth_angular_controller]: TRACKING
[depth_angular_controller-1] [INFO] [1790682794.490746045] [depth_angular_controller]: 3D guidance switched to view 3
[depth_angular_controller-1] [INFO] [1790682794.490881489] [depth_angular_controller]: STATE_OUTSIDE_FREE_DOMAIN
[depth_angular_controller-1] [INFO] [1790682794.582788396] [depth_angular_controller]: TRACKING
[depth_angular_controller-1] [INFO] [1790682794.605761505] [depth_angular_controller]: 3D guidance switched to view 0
[depth_angular_controller-1] [INFO] [1790682794.607927430] [depth_angular_controller]: PAPER_BUILD reason=READY required=0.0119 best=8.0717 free=238 refined=0 tubes=256 revoked_tubes=0 proofs=128
[depth_angular_controller-1] [INFO] [1790682794.607952447] [depth_angular_controller]: PAPER_EVIDENCE retained=32 balls=32 revoked_balls=0 expired_views=0 evicted_views=543 radius=0.580 clearance=0.024 best_prefix=8.072
[depth_angular_controller-1] [INFO] [1790682794.669942333] [depth_angular_controller]: TARGET_HOLD
[depth_angular_controller-1] [INFO] [1790682794.741805517] [depth_angular_controller]: 3D guidance switched to view 3
[depth_angular_controller-1] [INFO] [1790682794.741948856] [depth_angular_controller]: STATE_OUTSIDE_FREE_DOMAIN
[depth_angular_controller-1] [INFO] [1790682794.811328910] [depth_angular_controller]: OUTSIDE_FLOW_BOX
[depth_angular_controller-1] [INFO] [1790682794.833512057] [depth_angular_controller]: 3D guidance switched to view 0
[depth_angular_controller-1] [INFO] [1790682794.837351492] [depth_angular_controller]: REFERENCE_INITIALIZATION
[depth_angular_controller-1] [INFO] [1790682794.908424302] [depth_angular_controller]: TRACKING
[depth_angular_controller-1] [INFO] [1790682794.957736528] [depth_angular_controller]: 3D guidance switched to view 3
[depth_angular_controller-1] [INFO] [1790682794.957851835] [depth_angular_controller]: STATE_OUTSIDE_FREE_DOMAIN
[depth_angular_controller-1] [INFO] [1790682795.023701674] [depth_angular_controller]: SINGULAR_FIELD
[depth_angular_controller-1] [INFO] [1790682795.041300930] [depth_angular_controller]: 3D guidance switched to view 0
[depth_angular_controller-1] [INFO] [1790682795.043997159] [depth_angular_controller]: REFERENCE_INITIALIZATION
[depth_angular_controller-1] [INFO] [1790682795.195078489] [depth_angular_controller]: 3D guidance switched to view 3
[depth_angular_controller-1] [INFO] [1790682795.195223451] [depth_angular_controller]: STATE_OUTSIDE_FREE_DOMAIN
[depth_angular_controller-1] [INFO] [1790682795.246551018] [depth_angular_controller]: 3D guidance switched to view 0
[depth_angular_controller-1] [INFO] [1790682795.263725587] [depth_angular_controller]: TRACKING
[depth_angular_controller-1] [INFO] [1790682795.368421763] [depth_angular_controller]: REFERENCE_INITIALIZATION
[depth_angular_controller-1] [INFO] [1790682795.459255606] [depth_angular_controller]: TRACKING
[depth_angular_controller-1] [INFO] [1790682795.487643477] [depth_angular_controller]: STATE_OUTSIDE_FREE_DOMAIN
[depth_angular_controller-1] [INFO] [1790682795.516512510] [depth_angular_controller]: 3D guidance switched to view 3
[depth_angular_controller-1] [INFO] [1790682795.574433210] [depth_angular_controller]: 3D guidance switched to view 0
[depth_angular_controller-1] [INFO] [1790682795.590617381] [depth_angular_controller]: SINGULAR_FIELD
[depth_angular_controller-1] [INFO] [1790682795.590645443] [depth_angular_controller]: PAPER_BUILD reason=READY required=0.0100 best=0.0150 free=85 refined=0 tubes=256 revoked_tubes=0 proofs=128
[depth_angular_controller-1] [INFO] [1790682795.590653128] [depth_angular_controller]: PAPER_EVIDENCE retained=32 balls=32 revoked_balls=0 expired_views=0 evicted_views=543 radius=0.580 clearance=0.000 best_prefix=0.015
[depth_angular_controller-1] [INFO] [1790682796.652478759] [depth_angular_controller]: PAPER_BUILD reason=READY required=0.0100 best=0.0150 free=85 refined=0 tubes=256 revoked_tubes=0 proofs=128
[depth_angular_controller-1] [INFO] [1790682796.652518113] [depth_angular_controller]: PAPER_EVIDENCE retained=32 balls=32 revoked_balls=0 expired_views=0 evicted_views=543 radius=0.580 clearance=0.000 best_prefix=0.015
[depth_angular_controller-1] [INFO] [1790682797.556572061] [depth_angular_controller]: PAPER_BUILD reason=READY required=0.0100 best=0.0150 free=85 refined=0 tubes=256 revoked_tubes=0 proofs=128
[depth_angular_controller-1] [INFO] [1790682797.556615051] [depth_angular_controller]: PAPER_EVIDENCE retained=32 balls=32 revoked_balls=0 expired_views=0 evicted_views=543 radius=0.580 clearance=0.000 best_prefix=0.015
[position_cmd_to_twist-2] [INFO] [1790682797.610827673] [position_cmd_to_twist]: [PERF BRIDGE] run=iteration2_ego1p1_1 elapsed=137.88s received=4338 published=4303 fps(ros/wall)=36.19/34.75 controller_to_bridge_ms(mean/p50/p95/max)=22.203/16.667/50.000/200.000 bridge_process_ms(mean/p95/max)=0.113/0.146/3.418
[NAV] t=120.0s position=(-33.44,-7.01,3.14) yaw=10.6deg command=(0.00,0.00,0.00) manual_active=1 collision_blocks=0
[depth_angular_controller-1] [INFO] [1790682798.389155361] [depth_angular_controller]: PAPER_BUILD reason=READY required=0.0100 best=0.0150 free=85 refined=0 tubes=256 revoked_tubes=0 proofs=128
[depth_angular_controller-1] [INFO] [1790682798.389199624] [depth_angular_controller]: PAPER_EVIDENCE retained=32 balls=32 revoked_balls=0 expired_views=0 evicted_views=543 radius=0.580 clearance=0.000 best_prefix=0.015
[depth_angular_controller-1] [INFO] [1790682799.276812470] [depth_angular_controller]: [PERF CTRL] run=iteration2_ego1p1_1 elapsed=139.65s callbacks=4388 commands=4387 guidance=4287 command_fps(ros/wall)=36.01/34.95 guidance_wall_fps=34.63 avoid_ms(mean/p50/p95/max)=6.133/0.314/27.052/154.870 cycle_ms(mean/p95/max)=28.613/60.219/178.087 depth_to_cmd_ms(mean/p95/max)=22.623/33.333/50.000 callback_to_publish_ms(mean/p95/max)=24.408/49.677/177.970
[depth_angular_controller-1] [INFO] [1790682799.305962390] [depth_angular_controller]: PAPER_BUILD reason=READY required=0.0100 best=0.0150 free=85 refined=0 tubes=256 revoked_tubes=0 proofs=128
[depth_angular_controller-1] [INFO] [1790682799.306002075] [depth_angular_controller]: PAPER_EVIDENCE retained=32 balls=32 revoked_balls=0 expired_views=0 evicted_views=543 radius=0.580 clearance=0.000 best_prefix=0.015
[depth_angular_controller-1] [INFO] [1790682800.120063248] [depth_angular_controller]: PAPER_BUILD reason=READY required=0.0100 best=0.0150 free=85 refined=0 tubes=256 revoked_tubes=0 proofs=128
[depth_angular_controller-1] [INFO] [1790682800.120105237] [depth_angular_controller]: PAPER_EVIDENCE retained=32 balls=32 revoked_balls=0 expired_views=0 evicted_views=543 radius=0.580 clearance=0.000 best_prefix=0.015
[depth_angular_controller-1] [INFO] [1790682800.965099206] [depth_angular_controller]: PAPER_BUILD reason=READY required=0.0100 best=0.0150 free=85 refined=0 tubes=256 revoked_tubes=0 proofs=128
[depth_angular_controller-1] [INFO] [1790682800.965517101] [depth_angular_controller]: PAPER_EVIDENCE retained=32 balls=32 revoked_balls=0 expired_views=0 evicted_views=543 radius=0.580 clearance=0.000 best_prefix=0.015
[depth_angular_controller-1] [INFO] [1790682801.800567381] [depth_angular_controller]: PAPER_BUILD reason=READY required=0.0100 best=0.0150 free=85 refined=0 tubes=256 revoked_tubes=0 proofs=128
[depth_angular_controller-1] [INFO] [1790682801.800602146] [depth_angular_controller]: PAPER_EVIDENCE retained=32 balls=32 revoked_balls=0 expired_views=0 evicted_views=543 radius=0.580 clearance=0.000 best_prefix=0.015
[position_cmd_to_twist-2] [INFO] [1790682801.823237993] [position_cmd_to_twist]: [PERF BRIDGE] run=iteration2_ego1p1_1 elapsed=142.09s received=4459 published=4424 fps(ros/wall)=35.71/34.55 controller_to_bridge_ms(mean/p50/p95/max)=22.726/16.667/50.000/200.000 bridge_process_ms(mean/p95/max)=0.113/0.145/3.418
[NAV] t=125.0s position=(-33.44,-7.01,3.14) yaw=10.6deg command=(0.00,0.00,0.00) manual_active=1 collision_blocks=0
[depth_angular_controller-1] [INFO] [1790682802.633736230] [depth_angular_controller]: PAPER_BUILD reason=READY required=0.0100 best=0.0150 free=85 refined=0 tubes=256 revoked_tubes=0 proofs=128
[depth_angular_controller-1] [INFO] [1790682802.633777818] [depth_angular_controller]: PAPER_EVIDENCE retained=32 balls=32 revoked_balls=0 expired_views=0 evicted_views=543 radius=0.580 clearance=0.000 best_prefix=0.015
[depth_angular_controller-1] [INFO] [1790682803.551090827] [depth_angular_controller]: PAPER_BUILD reason=READY required=0.0100 best=0.0150 free=85 refined=0 tubes=256 revoked_tubes=0 proofs=128
[depth_angular_controller-1] [INFO] [1790682803.551129589] [depth_angular_controller]: PAPER_EVIDENCE retained=32 balls=32 revoked_balls=0 expired_views=0 evicted_views=543 radius=0.580 clearance=0.000 best_prefix=0.015
[depth_angular_controller-1] [INFO] [1790682804.300331372] [depth_angular_controller]: [PERF CTRL] run=iteration2_ego1p1_1 elapsed=144.68s callbacks=4530 commands=4529 guidance=4429 command_fps(ros/wall)=35.46/34.69 guidance_wall_fps=34.38 avoid_ms(mean/p50/p95/max)=6.103/0.303/26.750/154.870 cycle_ms(mean/p95/max)=28.825/59.707/178.087 depth_to_cmd_ms(mean/p95/max)=22.594/33.333/50.000 callback_to_publish_ms(mean/p95/max)=24.720/49.408/177.970
[depth_angular_controller-1] [INFO] [1790682804.454002210] [depth_angular_controller]: PAPER_BUILD reason=READY required=0.0100 best=0.0150 free=85 refined=0 tubes=256 revoked_tubes=0 proofs=128
[depth_angular_controller-1] [INFO] [1790682804.454043097] [depth_angular_controller]: PAPER_EVIDENCE retained=32 balls=32 revoked_balls=0 expired_views=0 evicted_views=543 radius=0.580 clearance=0.000 best_prefix=0.015
[depth_angular_controller-1] [INFO] [1790682805.333280646] [depth_angular_controller]: PAPER_BUILD reason=READY required=0.0100 best=0.0150 free=85 refined=0 tubes=256 revoked_tubes=0 proofs=128
[depth_angular_controller-1] [INFO] [1790682805.333329407] [depth_angular_controller]: PAPER_EVIDENCE retained=32 balls=32 revoked_balls=0 expired_views=0 evicted_views=543 radius=0.580 clearance=0.000 best_prefix=0.015
[position_cmd_to_twist-2] [INFO] [1790682806.210857538] [position_cmd_to_twist]: [PERF BRIDGE] run=iteration2_ego1p1_1 elapsed=146.48s received=4582 published=4547 fps(ros/wall)=35.29/34.34 controller_to_bridge_ms(mean/p50/p95/max)=23.159/16.667/50.000/200.000 bridge_process_ms(mean/p95/max)=0.112/0.145/3.418
[depth_angular_controller-1] [INFO] [1790682806.241709012] [depth_angular_controller]: PAPER_BUILD reason=READY required=0.0100 best=0.0150 free=85 refined=0 tubes=256 revoked_tubes=0 proofs=128
[depth_angular_controller-1] [INFO] [1790682806.242146052] [depth_angular_controller]: PAPER_EVIDENCE retained=32 balls=32 revoked_balls=0 expired_views=0 evicted_views=543 radius=0.580 clearance=0.000 best_prefix=0.015
[NAV] t=130.0s position=(-33.44,-7.01,3.14) yaw=10.6deg command=(0.00,0.00,0.00) manual_active=1 collision_blocks=0
[depth_angular_controller-1] [INFO] [1790682807.075049734] [depth_angular_controller]: PAPER_BUILD reason=READY required=0.0100 best=0.0150 free=85 refined=0 tubes=256 revoked_tubes=0 proofs=128
[depth_angular_controller-1] [INFO] [1790682807.075094719] [depth_angular_controller]: PAPER_EVIDENCE retained=32 balls=32 revoked_balls=0 expired_views=0 evicted_views=543 radius=0.580 clearance=0.000 best_prefix=0.015
[depth_angular_controller-1] [INFO] [1790682808.095268459] [depth_angular_controller]: PAPER_BUILD reason=READY required=0.0100 best=0.0150 free=85 refined=0 tubes=256 revoked_tubes=0 proofs=128
[depth_angular_controller-1] [INFO] [1790682808.095312622] [depth_angular_controller]: PAPER_EVIDENCE retained=32 balls=32 revoked_balls=0 expired_views=0 evicted_views=543 radius=0.580 clearance=0.000 best_prefix=0.015
[depth_angular_controller-1] [INFO] [1790682808.933761239] [depth_angular_controller]: PAPER_BUILD reason=READY required=0.0100 best=0.0150 free=85 refined=0 tubes=256 revoked_tubes=0 proofs=128
[depth_angular_controller-1] [INFO] [1790682808.933794862] [depth_angular_controller]: PAPER_EVIDENCE retained=32 balls=32 revoked_balls=0 expired_views=0 evicted_views=543 radius=0.580 clearance=0.000 best_prefix=0.015
[depth_angular_controller-1] [INFO] [1790682809.343360576] [depth_angular_controller]: [PERF CTRL] run=iteration2_ego1p1_1 elapsed=149.72s callbacks=4671 commands=4670 guidance=4570 command_fps(ros/wall)=35.01/34.44 guidance_wall_fps=34.14 avoid_ms(mean/p50/p95/max)=6.070/0.290/26.535/154.870 cycle_ms(mean/p95/max)=29.035/59.375/178.087 depth_to_cmd_ms(mean/p95/max)=22.516/33.333/50.000 callback_to_publish_ms(mean/p95/max)=24.977/48.953/177.970
[depth_angular_controller-1] [INFO] [1790682809.880897432] [depth_angular_controller]: PAPER_BUILD reason=READY required=0.0100 best=0.0150 free=85 refined=0 tubes=256 revoked_tubes=0 proofs=128
[depth_angular_controller-1] [INFO] [1790682809.880936936] [depth_angular_controller]: PAPER_EVIDENCE retained=32 balls=32 revoked_balls=0 expired_views=0 evicted_views=543 radius=0.580 clearance=0.000 best_prefix=0.015
[position_cmd_to_twist-2] [INFO] [1790682810.738184179] [position_cmd_to_twist]: [PERF BRIDGE] run=iteration2_ego1p1_1 elapsed=151.00s received=4710 published=4675 fps(ros/wall)=34.92/34.13 controller_to_bridge_ms(mean/p50/p95/max)=23.577/16.667/50.000/200.000 bridge_process_ms(mean/p95/max)=0.113/0.145/3.418
[NAV] t=135.0s position=(-33.44,-7.01,3.14) yaw=10.6deg command=(0.00,0.00,0.00) manual_active=1 collision_blocks=0
[depth_angular_controller-1] [INFO] [1790682810.815061833] [depth_angular_controller]: PAPER_BUILD reason=READY required=0.0100 best=0.0150 free=85 refined=0 tubes=256 revoked_tubes=0 proofs=128
[depth_angular_controller-1] [INFO] [1790682810.815099804] [depth_angular_controller]: PAPER_EVIDENCE retained=32 balls=32 revoked_balls=0 expired_views=0 evicted_views=543 radius=0.580 clearance=0.000 best_prefix=0.015
[depth_angular_controller-1] [INFO] [1790682811.900315417] [depth_angular_controller]: PAPER_BUILD reason=READY required=0.0100 best=0.0150 free=85 refined=0 tubes=256 revoked_tubes=0 proofs=128
[depth_angular_controller-1] [INFO] [1790682811.900357416] [depth_angular_controller]: PAPER_EVIDENCE retained=32 balls=32 revoked_balls=0 expired_views=0 evicted_views=543 radius=0.580 clearance=0.000 best_prefix=0.015
[depth_angular_controller-1] [INFO] [1790682812.801783563] [depth_angular_controller]: PAPER_BUILD reason=READY required=0.0100 best=0.0150 free=85 refined=0 tubes=256 revoked_tubes=0 proofs=128
[depth_angular_controller-1] [INFO] [1790682812.801822456] [depth_angular_controller]: PAPER_EVIDENCE retained=32 balls=32 revoked_balls=0 expired_views=0 evicted_views=543 radius=0.580 clearance=0.000 best_prefix=0.015
[depth_angular_controller-1] [INFO] [1790682813.641449464] [depth_angular_controller]: PAPER_BUILD reason=READY required=0.0100 best=0.0150 free=85 refined=0 tubes=256 revoked_tubes=0 proofs=128
[depth_angular_controller-1] [INFO] [1790682813.641491864] [depth_angular_controller]: PAPER_EVIDENCE retained=32 balls=32 revoked_balls=0 expired_views=0 evicted_views=543 radius=0.580 clearance=0.000 best_prefix=0.015
[depth_angular_controller-1] [INFO] [1790682814.371606719] [depth_angular_controller]: [PERF CTRL] run=iteration2_ego1p1_1 elapsed=154.75s callbacks=4813 commands=4812 guidance=4712 command_fps(ros/wall)=34.65/34.22 guidance_wall_fps=33.92 avoid_ms(mean/p50/p95/max)=6.038/0.278/25.923/154.870 cycle_ms(mean/p95/max)=29.223/58.877/178.087 depth_to_cmd_ms(mean/p95/max)=22.478/33.333/50.000 callback_to_publish_ms(mean/p95/max)=25.211/48.562/177.970
[depth_angular_controller-1] [INFO] [1790682814.477000293] [depth_angular_controller]: PAPER_BUILD reason=READY required=0.0100 best=0.0150 free=85 refined=0 tubes=256 revoked_tubes=0 proofs=128
[depth_angular_controller-1] [INFO] [1790682814.477045288] [depth_angular_controller]: PAPER_EVIDENCE retained=32 balls=32 revoked_balls=0 expired_views=0 evicted_views=543 radius=0.580 clearance=0.000 best_prefix=0.015
[position_cmd_to_twist-2] [INFO] [1790682815.188828072] [position_cmd_to_twist]: [PERF BRIDGE] run=iteration2_ego1p1_1 elapsed=155.46s received=4835 published=4800 fps(ros/wall)=34.57/33.94 controller_to_bridge_ms(mean/p50/p95/max)=23.978/16.667/50.000/200.000 bridge_process_ms(mean/p95/max)=0.113/0.145/3.418
[NAV] t=140.0s position=(-33.44,-7.01,3.14) yaw=10.6deg command=(0.00,0.00,0.00) manual_active=1 collision_blocks=0
[depth_angular_controller-1] [INFO] [1790682815.282528915] [depth_angular_controller]: PAPER_BUILD reason=READY required=0.0100 best=0.0150 free=85 refined=0 tubes=256 revoked_tubes=0 proofs=128
[depth_angular_controller-1] [INFO] [1790682815.283101429] [depth_angular_controller]: PAPER_EVIDENCE retained=32 balls=32 revoked_balls=0 expired_views=0 evicted_views=543 radius=0.580 clearance=0.000 best_prefix=0.015
[depth_angular_controller-1] [INFO] [1790682816.215420086] [depth_angular_controller]: PAPER_BUILD reason=READY required=0.0100 best=0.0150 free=85 refined=0 tubes=256 revoked_tubes=0 proofs=128
[depth_angular_controller-1] [INFO] [1790682816.215470501] [depth_angular_controller]: PAPER_EVIDENCE retained=32 balls=32 revoked_balls=0 expired_views=0 evicted_views=543 radius=0.580 clearance=0.000 best_prefix=0.015
[depth_angular_controller-1] [INFO] [1790682817.051934253] [depth_angular_controller]: PAPER_BUILD reason=READY required=0.0100 best=0.0150 free=85 refined=0 tubes=256 revoked_tubes=0 proofs=128
[depth_angular_controller-1] [INFO] [1790682817.051982404] [depth_angular_controller]: PAPER_EVIDENCE retained=32 balls=32 revoked_balls=0 expired_views=0 evicted_views=543 radius=0.580 clearance=0.000 best_prefix=0.015
[depth_angular_controller-1] [INFO] [1790682817.945872108] [depth_angular_controller]: PAPER_BUILD reason=READY required=0.0100 best=0.0150 free=85 refined=0 tubes=256 revoked_tubes=0 proofs=128
[depth_angular_controller-1] [INFO] [1790682817.945912123] [depth_angular_controller]: PAPER_EVIDENCE retained=32 balls=32 revoked_balls=0 expired_views=0 evicted_views=543 radius=0.580 clearance=0.000 best_prefix=0.015
[depth_angular_controller-1] [INFO] [1790682818.932078557] [depth_angular_controller]: PAPER_BUILD reason=READY required=0.0100 best=0.0150 free=85 refined=0 tubes=256 revoked_tubes=0 proofs=128
[depth_angular_controller-1] [INFO] [1790682818.932123832] [depth_angular_controller]: PAPER_EVIDENCE retained=32 balls=32 revoked_balls=0 expired_views=0 evicted_views=543 radius=0.580 clearance=0.000 best_prefix=0.015
[depth_angular_controller-1] [INFO] [1790682819.380151111] [depth_angular_controller]: [PERF CTRL] run=iteration2_ego1p1_1 elapsed=159.76s callbacks=4955 commands=4954 guidance=4854 command_fps(ros/wall)=34.26/34.02 guidance_wall_fps=33.73 avoid_ms(mean/p50/p95/max)=6.008/0.267/25.598/154.870 cycle_ms(mean/p95/max)=29.396/58.348/178.087 depth_to_cmd_ms(mean/p95/max)=22.432/33.333/50.000 callback_to_publish_ms(mean/p95/max)=25.451/48.461/177.970
[position_cmd_to_twist-2] [INFO] [1790682819.625044682] [position_cmd_to_twist]: [PERF BRIDGE] run=iteration2_ego1p1_1 elapsed=159.89s received=4960 published=4925 fps(ros/wall)=34.24/33.77 controller_to_bridge_ms(mean/p50/p95/max)=24.368/16.667/50.000/200.000 bridge_process_ms(mean/p95/max)=0.113/0.145/3.418
[NAV] t=145.0s position=(-33.44,-7.01,3.14) yaw=10.6deg command=(0.00,0.00,0.00) manual_active=1 collision_blocks=0
[depth_angular_controller-1] [INFO] [1790682819.764190013] [depth_angular_controller]: PAPER_BUILD reason=READY required=0.0100 best=0.0150 free=85 refined=0 tubes=256 revoked_tubes=0 proofs=128
[depth_angular_controller-1] [INFO] [1790682819.764228805] [depth_angular_controller]: PAPER_EVIDENCE retained=32 balls=32 revoked_balls=0 expired_views=0 evicted_views=543 radius=0.580 clearance=0.000 best_prefix=0.015
[depth_angular_controller-1] [INFO] [1790682820.586903201] [depth_angular_controller]: PAPER_BUILD reason=READY required=0.0100 best=0.0150 free=85 refined=0 tubes=256 revoked_tubes=0 proofs=128
[depth_angular_controller-1] [INFO] [1790682820.586945381] [depth_angular_controller]: PAPER_EVIDENCE retained=32 balls=32 revoked_balls=0 expired_views=0 evicted_views=543 radius=0.580 clearance=0.000 best_prefix=0.015
[depth_angular_controller-1] [INFO] [1790682821.550044468] [depth_angular_controller]: PAPER_BUILD reason=READY required=0.0100 best=0.0150 free=85 refined=0 tubes=256 revoked_tubes=0 proofs=128
[depth_angular_controller-1] [INFO] [1790682821.550087379] [depth_angular_controller]: PAPER_EVIDENCE retained=32 balls=32 revoked_balls=0 expired_views=0 evicted_views=543 radius=0.580 clearance=0.000 best_prefix=0.015
[depth_angular_controller-1] [INFO] [1790682822.543147790] [depth_angular_controller]: PAPER_BUILD reason=READY required=0.0100 best=0.0150 free=85 refined=0 tubes=256 revoked_tubes=0 proofs=128
[depth_angular_controller-1] [INFO] [1790682822.543950787] [depth_angular_controller]: PAPER_EVIDENCE retained=32 balls=32 revoked_balls=0 expired_views=0 evicted_views=543 radius=0.580 clearance=0.000 best_prefix=0.015
[depth_angular_controller-1] [INFO] [1790682823.501474683] [depth_angular_controller]: PAPER_BUILD reason=READY required=0.0100 best=0.0150 free=85 refined=0 tubes=256 revoked_tubes=0 proofs=128
[depth_angular_controller-1] [INFO] [1790682823.501511432] [depth_angular_controller]: PAPER_EVIDENCE retained=32 balls=32 revoked_balls=0 expired_views=0 evicted_views=543 radius=0.580 clearance=0.000 best_prefix=0.015
[position_cmd_to_twist-2] [INFO] [1790682824.211538832] [position_cmd_to_twist]: [PERF BRIDGE] run=iteration2_ego1p1_1 elapsed=164.48s received=5087 published=5052 fps(ros/wall)=33.93/33.58 controller_to_bridge_ms(mean/p50/p95/max)=24.720/16.667/50.000/200.000 bridge_process_ms(mean/p95/max)=0.113/0.146/3.418
[NAV] t=150.0s position=(-33.44,-7.01,3.14) yaw=10.6deg command=(0.00,0.00,0.00) manual_active=1 collision_blocks=0
[depth_angular_controller-1] [INFO] [1790682824.418046881] [depth_angular_controller]: [PERF CTRL] run=iteration2_ego1p1_1 elapsed=164.80s callbacks=5094 commands=5093 guidance=4993 command_fps(ros/wall)=33.92/33.80 guidance_wall_fps=33.52 avoid_ms(mean/p50/p95/max)=5.982/0.260/25.089/154.870 cycle_ms(mean/p95/max)=29.583/57.970/178.087 depth_to_cmd_ms(mean/p95/max)=22.365/33.333/50.000 callback_to_publish_ms(mean/p95/max)=25.664/48.213/177.970
[depth_angular_controller-1] [INFO] [1790682824.418098919] [depth_angular_controller]: PAPER_BUILD reason=READY required=0.0100 best=0.0150 free=85 refined=0 tubes=256 revoked_tubes=0 proofs=128
[depth_angular_controller-1] [INFO] [1790682824.418106884] [depth_angular_controller]: PAPER_EVIDENCE retained=32 balls=32 revoked_balls=0 expired_views=0 evicted_views=543 radius=0.580 clearance=0.000 best_prefix=0.015
[depth_angular_controller-1] [INFO] [1790682825.254155718] [depth_angular_controller]: PAPER_BUILD reason=READY required=0.0100 best=0.0150 free=85 refined=0 tubes=256 revoked_tubes=0 proofs=128
[depth_angular_controller-1] [INFO] [1790682825.254198558] [depth_angular_controller]: PAPER_EVIDENCE retained=32 balls=32 revoked_balls=0 expired_views=0 evicted_views=543 radius=0.580 clearance=0.000 best_prefix=0.015
[depth_angular_controller-1] [INFO] [1790682826.084047708] [depth_angular_controller]: PAPER_BUILD reason=READY required=0.0100 best=0.0150 free=85 refined=0 tubes=256 revoked_tubes=0 proofs=128
[depth_angular_controller-1] [INFO] [1790682826.084088575] [depth_angular_controller]: PAPER_EVIDENCE retained=32 balls=32 revoked_balls=0 expired_views=0 evicted_views=543 radius=0.580 clearance=0.000 best_prefix=0.015
[depth_angular_controller-1] [INFO] [1790682827.074620301] [depth_angular_controller]: PAPER_BUILD reason=READY required=0.0100 best=0.0150 free=85 refined=0 tubes=256 revoked_tubes=0 proofs=128
[depth_angular_controller-1] [INFO] [1790682827.074659595] [depth_angular_controller]: PAPER_EVIDENCE retained=32 balls=32 revoked_balls=0 expired_views=0 evicted_views=543 radius=0.580 clearance=0.000 best_prefix=0.015
[depth_angular_controller-1] [INFO] [1790682827.892387108] [depth_angular_controller]: PAPER_BUILD reason=READY required=0.0100 best=0.0150 free=85 refined=0 tubes=256 revoked_tubes=0 proofs=128
[depth_angular_controller-1] [INFO] [1790682827.892428766] [depth_angular_controller]: PAPER_EVIDENCE retained=32 balls=32 revoked_balls=0 expired_views=0 evicted_views=543 radius=0.580 clearance=0.000 best_prefix=0.015
[position_cmd_to_twist-2] [INFO] [1790682828.602856818] [position_cmd_to_twist]: [PERF BRIDGE] run=iteration2_ego1p1_1 elapsed=168.87s received=5213 published=5178 fps(ros/wall)=33.65/33.44 controller_to_bridge_ms(mean/p50/p95/max)=25.059/16.667/50.000/200.000 bridge_process_ms(mean/p95/max)=0.114/0.145/3.418
[NAV] t=155.0s position=(-33.44,-7.01,3.14) yaw=10.6deg command=(0.00,0.00,0.00) manual_active=1 collision_blocks=0
[depth_angular_controller-1] [INFO] [1790682829.034058352] [depth_angular_controller]: PAPER_BUILD reason=READY required=0.0100 best=0.0150 free=85 refined=0 tubes=256 revoked_tubes=0 proofs=128
[depth_angular_controller-1] [INFO] [1790682829.034100722] [depth_angular_controller]: PAPER_EVIDENCE retained=32 balls=32 revoked_balls=0 expired_views=0 evicted_views=543 radius=0.580 clearance=0.000 best_prefix=0.015
[depth_angular_controller-1] [INFO] [1790682829.420517937] [depth_angular_controller]: [PERF CTRL] run=iteration2_ego1p1_1 elapsed=169.80s callbacks=5235 commands=5234 guidance=5134 command_fps(ros/wall)=33.62/33.62 guidance_wall_fps=33.35 avoid_ms(mean/p50/p95/max)=5.950/0.250/24.830/154.870 cycle_ms(mean/p95/max)=29.742/57.713/178.087 depth_to_cmd_ms(mean/p95/max)=22.332/33.333/50.000 callback_to_publish_ms(mean/p95/max)=25.865/48.191/177.970
[depth_angular_controller-1] [INFO] [1790682829.875739505] [depth_angular_controller]: PAPER_BUILD reason=READY required=0.0100 best=0.0150 free=85 refined=0 tubes=256 revoked_tubes=0 proofs=128
[depth_angular_controller-1] [INFO] [1790682829.875781093] [depth_angular_controller]: PAPER_EVIDENCE retained=32 balls=32 revoked_balls=0 expired_views=0 evicted_views=543 radius=0.580 clearance=0.000 best_prefix=0.015
[depth_angular_controller-1] [INFO] [1790682830.723053198] [depth_angular_controller]: PAPER_BUILD reason=READY required=0.0100 best=0.0150 free=85 refined=0 tubes=256 revoked_tubes=0 proofs=128
[depth_angular_controller-1] [INFO] [1790682830.723093483] [depth_angular_controller]: PAPER_EVIDENCE retained=32 balls=32 revoked_balls=0 expired_views=0 evicted_views=543 radius=0.580 clearance=0.000 best_prefix=0.015
[depth_angular_controller-1] [INFO] [1790682831.730530934] [depth_angular_controller]: PAPER_BUILD reason=READY required=0.0100 best=0.0150 free=85 refined=0 tubes=256 revoked_tubes=0 proofs=128
[depth_angular_controller-1] [INFO] [1790682831.730911338] [depth_angular_controller]: PAPER_EVIDENCE retained=32 balls=32 revoked_balls=0 expired_views=0 evicted_views=543 radius=0.580 clearance=0.000 best_prefix=0.015
[depth_angular_controller-1] [INFO] [1790682832.569742933] [depth_angular_controller]: PAPER_BUILD reason=READY required=0.0100 best=0.0150 free=85 refined=0 tubes=256 revoked_tubes=0 proofs=128
[depth_angular_controller-1] [INFO] [1790682832.569781997] [depth_angular_controller]: PAPER_EVIDENCE retained=32 balls=32 revoked_balls=0 expired_views=0 evicted_views=543 radius=0.580 clearance=0.000 best_prefix=0.015
[position_cmd_to_twist-2] [INFO] [1790682833.098781903] [position_cmd_to_twist]: [PERF BRIDGE] run=iteration2_ego1p1_1 elapsed=173.36s received=5337 published=5302 fps(ros/wall)=33.39/33.28 controller_to_bridge_ms(mean/p50/p95/max)=25.404/16.667/50.000/200.000 bridge_process_ms(mean/p95/max)=0.113/0.146/3.418
[NAV] t=160.0s position=(-33.44,-7.01,3.14) yaw=10.6deg command=(0.00,0.00,0.00) manual_active=1 collision_blocks=0
[depth_angular_controller-1] [INFO] [1790682833.385359445] [depth_angular_controller]: PAPER_BUILD reason=READY required=0.0100 best=0.0150 free=85 refined=0 tubes=256 revoked_tubes=0 proofs=128
[depth_angular_controller-1] [INFO] [1790682833.385396354] [depth_angular_controller]: PAPER_EVIDENCE retained=32 balls=32 revoked_balls=0 expired_views=0 evicted_views=543 radius=0.580 clearance=0.000 best_prefix=0.015
[depth_angular_controller-1] [INFO] [1790682834.443501484] [depth_angular_controller]: [PERF CTRL] run=iteration2_ego1p1_1 elapsed=174.82s callbacks=5377 commands=5376 guidance=5276 command_fps(ros/wall)=33.34/33.46 guidance_wall_fps=33.19 avoid_ms(mean/p50/p95/max)=5.921/0.242/24.493/154.870 cycle_ms(mean/p95/max)=29.891/57.145/178.087 depth_to_cmd_ms(mean/p95/max)=22.302/33.333/50.000 callback_to_publish_ms(mean/p95/max)=26.066/48.108/177.970
[depth_angular_controller-1] [INFO] [1790682834.443548823] [depth_angular_controller]: PAPER_BUILD reason=READY required=0.0100 best=0.0150 free=85 refined=0 tubes=256 revoked_tubes=0 proofs=128
[depth_angular_controller-1] [INFO] [1790682834.443556057] [depth_angular_controller]: PAPER_EVIDENCE retained=32 balls=32 revoked_balls=0 expired_views=0 evicted_views=543 radius=0.580 clearance=0.000 best_prefix=0.015
[depth_angular_controller-1] [INFO] [1790682835.363274148] [depth_angular_controller]: PAPER_BUILD reason=READY required=0.0100 best=0.0150 free=85 refined=0 tubes=256 revoked_tubes=0 proofs=128
[depth_angular_controller-1] [INFO] [1790682835.363319323] [depth_angular_controller]: PAPER_EVIDENCE retained=32 balls=32 revoked_balls=0 expired_views=0 evicted_views=543 radius=0.580 clearance=0.000 best_prefix=0.015
[depth_angular_controller-1] [INFO] [1790682836.319105218] [depth_angular_controller]: PAPER_BUILD reason=READY required=0.0100 best=0.0150 free=85 refined=0 tubes=256 revoked_tubes=0 proofs=128
[depth_angular_controller-1] [INFO] [1790682836.319147096] [depth_angular_controller]: PAPER_EVIDENCE retained=32 balls=32 revoked_balls=0 expired_views=0 evicted_views=543 radius=0.580 clearance=0.000 best_prefix=0.015
[depth_angular_controller-1] [INFO] [1790682837.163095003] [depth_angular_controller]: PAPER_BUILD reason=READY required=0.0100 best=0.0150 free=85 refined=0 tubes=256 revoked_tubes=0 proofs=128
[depth_angular_controller-1] [INFO] [1790682837.163135910] [depth_angular_controller]: PAPER_EVIDENCE retained=32 balls=32 revoked_balls=0 expired_views=0 evicted_views=543 radius=0.580 clearance=0.000 best_prefix=0.015
[position_cmd_to_twist-2] [INFO] [1790682837.658085189] [position_cmd_to_twist]: [PERF BRIDGE] run=iteration2_ego1p1_1 elapsed=177.92s received=5465 published=5430 fps(ros/wall)=33.15/33.14 controller_to_bridge_ms(mean/p50/p95/max)=25.679/16.667/50.000/200.000 bridge_process_ms(mean/p95/max)=0.113/0.146/3.418
[NAV] t=165.0s position=(-33.44,-7.01,3.14) yaw=10.6deg command=(0.00,0.00,0.00) manual_active=1 collision_blocks=0
[depth_angular_controller-1] [INFO] [1790682837.996715009] [depth_angular_controller]: PAPER_BUILD reason=READY required=0.0100 best=0.0150 free=85 refined=0 tubes=256 revoked_tubes=0 proofs=128
[depth_angular_controller-1] [INFO] [1790682837.997108477] [depth_angular_controller]: PAPER_EVIDENCE retained=32 balls=32 revoked_balls=0 expired_views=0 evicted_views=543 radius=0.580 clearance=0.000 best_prefix=0.015
[depth_angular_controller-1] [INFO] [1790682838.936130273] [depth_angular_controller]: PAPER_BUILD reason=READY required=0.0100 best=0.0150 free=85 refined=0 tubes=256 revoked_tubes=0 proofs=128
[depth_angular_controller-1] [INFO] [1790682838.936167874] [depth_angular_controller]: PAPER_EVIDENCE retained=32 balls=32 revoked_balls=0 expired_views=0 evicted_views=543 radius=0.580 clearance=0.000 best_prefix=0.015
[depth_angular_controller-1] [INFO] [1790682839.477330123] [depth_angular_controller]: [PERF CTRL] run=iteration2_ego1p1_1 elapsed=179.85s callbacks=5517 commands=5516 guidance=5416 command_fps(ros/wall)=33.05/33.28 guidance_wall_fps=33.02 avoid_ms(mean/p50/p95/max)=5.898/0.236/24.240/154.870 cycle_ms(mean/p95/max)=30.045/56.722/178.087 depth_to_cmd_ms(mean/p95/max)=22.255/33.333/50.000 callback_to_publish_ms(mean/p95/max)=26.253/48.043/177.970
[depth_angular_controller-1] [INFO] [1790682839.943754935] [depth_angular_controller]: PAPER_BUILD reason=READY required=0.0100 best=0.0150 free=85 refined=0 tubes=256 revoked_tubes=0 proofs=128
[depth_angular_controller-1] [INFO] [1790682839.943793116] [depth_angular_controller]: PAPER_EVIDENCE retained=32 balls=32 revoked_balls=0 expired_views=0 evicted_views=543 radius=0.580 clearance=0.000 best_prefix=0.015
[depth_angular_controller-1] [INFO] [1790682840.825423185] [depth_angular_controller]: PAPER_BUILD reason=READY required=0.0100 best=0.0150 free=85 refined=0 tubes=256 revoked_tubes=0 proofs=128
[depth_angular_controller-1] [INFO] [1790682840.825465224] [depth_angular_controller]: PAPER_EVIDENCE retained=32 balls=32 revoked_balls=0 expired_views=0 evicted_views=543 radius=0.580 clearance=0.000 best_prefix=0.015
[depth_angular_controller-1] [INFO] [1790682841.720739135] [depth_angular_controller]: PAPER_BUILD reason=READY required=0.0100 best=0.0150 free=85 refined=0 tubes=256 revoked_tubes=0 proofs=128
[depth_angular_controller-1] [INFO] [1790682841.720778589] [depth_angular_controller]: PAPER_EVIDENCE retained=32 balls=32 revoked_balls=0 expired_views=0 evicted_views=543 radius=0.580 clearance=0.000 best_prefix=0.015
[position_cmd_to_twist-2] [INFO] [1790682842.168869036] [position_cmd_to_twist]: [PERF BRIDGE] run=iteration2_ego1p1_1 elapsed=182.44s received=5594 published=5559 fps(ros/wall)=32.93/33.01 controller_to_bridge_ms(mean/p50/p95/max)=25.953/16.667/50.000/200.000 bridge_process_ms(mean/p95/max)=0.114/0.146/3.418
[NAV] t=170.0s position=(-33.44,-7.01,3.14) yaw=10.6deg command=(0.00,0.00,0.00) manual_active=1 collision_blocks=0
[depth_angular_controller-1] [INFO] [1790682842.554075118] [depth_angular_controller]: PAPER_BUILD reason=READY required=0.0100 best=0.0150 free=85 refined=0 tubes=256 revoked_tubes=0 proofs=128
[depth_angular_controller-1] [INFO] [1790682842.554118540] [depth_angular_controller]: PAPER_EVIDENCE retained=32 balls=32 revoked_balls=0 expired_views=0 evicted_views=543 radius=0.580 clearance=0.000 best_prefix=0.015
[depth_angular_controller-1] [INFO] [1790682843.396896200] [depth_angular_controller]: PAPER_BUILD reason=READY required=0.0100 best=0.0150 free=85 refined=0 tubes=256 revoked_tubes=0 proofs=128
[depth_angular_controller-1] [INFO] [1790682843.396938590] [depth_angular_controller]: PAPER_EVIDENCE retained=32 balls=32 revoked_balls=0 expired_views=0 evicted_views=543 radius=0.580 clearance=0.000 best_prefix=0.015
[depth_angular_controller-1] [INFO] [1790682844.385261902] [depth_angular_controller]: PAPER_BUILD reason=READY required=0.0100 best=0.0150 free=85 refined=0 tubes=256 revoked_tubes=0 proofs=128
[depth_angular_controller-1] [INFO] [1790682844.385301777] [depth_angular_controller]: PAPER_EVIDENCE retained=32 balls=32 revoked_balls=0 expired_views=0 evicted_views=543 radius=0.580 clearance=0.000 best_prefix=0.015
[depth_angular_controller-1] [INFO] [1790682844.489178996] [depth_angular_controller]: [PERF CTRL] run=iteration2_ego1p1_1 elapsed=184.87s callbacks=5663 commands=5662 guidance=5562 command_fps(ros/wall)=32.82/33.16 guidance_wall_fps=32.91 avoid_ms(mean/p50/p95/max)=5.870/0.228/24.029/154.870 cycle_ms(mean/p95/max)=30.155/56.119/178.087 depth_to_cmd_ms(mean/p95/max)=22.249/33.333/50.000 callback_to_publish_ms(mean/p95/max)=26.415/47.783/177.970
[depth_angular_controller-1] [INFO] [1790682845.397708241] [depth_angular_controller]: PAPER_BUILD reason=READY required=0.0100 best=0.0150 free=85 refined=0 tubes=256 revoked_tubes=0 proofs=128
[depth_angular_controller-1] [INFO] [1790682845.397754118] [depth_angular_controller]: PAPER_EVIDENCE retained=32 balls=32 revoked_balls=0 expired_views=0 evicted_views=543 radius=0.580 clearance=0.000 best_prefix=0.015
[depth_angular_controller-1] [INFO] [1790682846.354121303] [depth_angular_controller]: PAPER_BUILD reason=READY required=0.0100 best=0.0150 free=85 refined=0 tubes=256 revoked_tubes=0 proofs=128
[depth_angular_controller-1] [INFO] [1790682846.354164394] [depth_angular_controller]: PAPER_EVIDENCE retained=32 balls=32 revoked_balls=0 expired_views=0 evicted_views=543 radius=0.580 clearance=0.000 best_prefix=0.015
[position_cmd_to_twist-2] [INFO] [1790682846.768303880] [position_cmd_to_twist]: [PERF BRIDGE] run=iteration2_ego1p1_1 elapsed=187.03s received=5727 published=5692 fps(ros/wall)=32.75/32.90 controller_to_bridge_ms(mean/p50/p95/max)=26.189/33.333/50.000/200.000 bridge_process_ms(mean/p95/max)=0.114/0.145/3.418
[NAV] t=175.0s position=(-33.44,-7.01,3.14) yaw=10.6deg command=(0.00,0.00,0.00) manual_active=1 collision_blocks=0
[depth_angular_controller-1] [INFO] [1790682847.322181921] [depth_angular_controller]: PAPER_BUILD reason=READY required=0.0100 best=0.0150 free=85 refined=0 tubes=256 revoked_tubes=0 proofs=128
[depth_angular_controller-1] [INFO] [1790682847.322221205] [depth_angular_controller]: PAPER_EVIDENCE retained=32 balls=32 revoked_balls=0 expired_views=0 evicted_views=543 radius=0.580 clearance=0.000 best_prefix=0.015
[depth_angular_controller-1] [INFO] [1790682848.229902740] [depth_angular_controller]: PAPER_BUILD reason=READY required=0.0100 best=0.0150 free=85 refined=0 tubes=256 revoked_tubes=0 proofs=128
[depth_angular_controller-1] [INFO] [1790682848.229944388] [depth_angular_controller]: PAPER_EVIDENCE retained=32 balls=32 revoked_balls=0 expired_views=0 evicted_views=543 radius=0.580 clearance=0.000 best_prefix=0.015
[depth_angular_controller-1] [INFO] [1790682849.197572495] [depth_angular_controller]: PAPER_BUILD reason=READY required=0.0100 best=0.0150 free=85 refined=0 tubes=256 revoked_tubes=0 proofs=128
[depth_angular_controller-1] [INFO] [1790682849.197612199] [depth_angular_controller]: PAPER_EVIDENCE retained=32 balls=32 revoked_balls=0 expired_views=0 evicted_views=543 radius=0.580 clearance=0.000 best_prefix=0.015
[depth_angular_controller-1] [INFO] [1790682849.521374269] [depth_angular_controller]: [PERF CTRL] run=iteration2_ego1p1_1 elapsed=189.90s callbacks=5807 commands=5806 guidance=5706 command_fps(ros/wall)=32.67/33.03 guidance_wall_fps=32.78 avoid_ms(mean/p50/p95/max)=5.836/0.219/23.708/154.870 cycle_ms(mean/p95/max)=30.273/55.986/178.087 depth_to_cmd_ms(mean/p95/max)=22.211/33.333/50.000 callback_to_publish_ms(mean/p95/max)=26.533/47.666/177.970
[depth_angular_controller-1] [INFO] [1790682850.101450021] [depth_angular_controller]: PAPER_BUILD reason=READY required=0.0100 best=0.0150 free=85 refined=0 tubes=256 revoked_tubes=0 proofs=128
[depth_angular_controller-1] [INFO] [1790682850.101488864] [depth_angular_controller]: PAPER_EVIDENCE retained=32 balls=32 revoked_balls=0 expired_views=0 evicted_views=543 radius=0.580 clearance=0.000 best_prefix=0.015
[depth_angular_controller-1] [INFO] [1790682850.995881973] [depth_angular_controller]: PAPER_BUILD reason=READY required=0.0100 best=0.0150 free=85 refined=0 tubes=256 revoked_tubes=0 proofs=128
[depth_angular_controller-1] [INFO] [1790682850.995917199] [depth_angular_controller]: PAPER_EVIDENCE retained=32 balls=32 revoked_balls=0 expired_views=0 evicted_views=543 radius=0.580 clearance=0.000 best_prefix=0.015
[position_cmd_to_twist-2] [INFO] [1790682851.427558478] [position_cmd_to_twist]: [PERF BRIDGE] run=iteration2_ego1p1_1 elapsed=191.69s received=5859 published=5824 fps(ros/wall)=32.57/32.78 controller_to_bridge_ms(mean/p50/p95/max)=26.410/33.333/50.000/200.000 bridge_process_ms(mean/p95/max)=0.114/0.145/3.418
[NAV] t=180.0s position=(-33.44,-7.01,3.14) yaw=10.6deg command=(0.00,0.00,0.00) manual_active=1 collision_blocks=0
[depth_angular_controller-1] [INFO] [1790682851.883709601] [depth_angular_controller]: PAPER_BUILD reason=READY required=0.0100 best=0.0150 free=85 refined=0 tubes=256 revoked_tubes=0 proofs=128
[depth_angular_controller-1] [INFO] [1790682851.883749135] [depth_angular_controller]: PAPER_EVIDENCE retained=32 balls=32 revoked_balls=0 expired_views=0 evicted_views=543 radius=0.580 clearance=0.000 best_prefix=0.015
[depth_angular_controller-1] [INFO] [1790682852.862597297] [depth_angular_controller]: PAPER_BUILD reason=READY required=0.0100 best=0.0150 free=85 refined=0 tubes=256 revoked_tubes=0 proofs=128
[depth_angular_controller-1] [INFO] [1790682852.862639506] [depth_angular_controller]: PAPER_EVIDENCE retained=32 balls=32 revoked_balls=0 expired_views=0 evicted_views=543 radius=0.580 clearance=0.000 best_prefix=0.015
[depth_angular_controller-1] [INFO] [1790682853.771115462] [depth_angular_controller]: PAPER_BUILD reason=READY required=0.0100 best=0.0150 free=85 refined=0 tubes=256 revoked_tubes=0 proofs=128
[depth_angular_controller-1] [INFO] [1790682853.771154275] [depth_angular_controller]: PAPER_EVIDENCE retained=32 balls=32 revoked_balls=0 expired_views=0 evicted_views=543 radius=0.580 clearance=0.000 best_prefix=0.015
[depth_angular_controller-1] [INFO] [1790682854.537414598] [depth_angular_controller]: [PERF CTRL] run=iteration2_ego1p1_1 elapsed=194.91s callbacks=5949 commands=5948 guidance=5848 command_fps(ros/wall)=32.44/32.90 guidance_wall_fps=32.66 avoid_ms(mean/p50/p95/max)=5.814/0.214/23.432/154.870 cycle_ms(mean/p95/max)=30.394/55.936/178.087 depth_to_cmd_ms(mean/p95/max)=22.184/33.333/50.000 callback_to_publish_ms(mean/p95/max)=26.688/47.568/177.970
[depth_angular_controller-1] [INFO] [1790682854.688405317] [depth_angular_controller]: PAPER_BUILD reason=READY required=0.0100 best=0.0150 free=85 refined=0 tubes=256 revoked_tubes=0 proofs=128
[depth_angular_controller-1] [INFO] [1790682854.688732952] [depth_angular_controller]: PAPER_EVIDENCE retained=32 balls=32 revoked_balls=0 expired_views=0 evicted_views=543 radius=0.580 clearance=0.000 best_prefix=0.015
[depth_angular_controller-1] [INFO] [1790682855.642990047] [depth_angular_controller]: PAPER_BUILD reason=READY required=0.0100 best=0.0150 free=85 refined=0 tubes=256 revoked_tubes=0 proofs=128
[depth_angular_controller-1] [INFO] [1790682855.643033218] [depth_angular_controller]: PAPER_EVIDENCE retained=32 balls=32 revoked_balls=0 expired_views=0 evicted_views=543 radius=0.580 clearance=0.000 best_prefix=0.015
[position_cmd_to_twist-2] [INFO] [1790682856.019484332] [position_cmd_to_twist]: [PERF BRIDGE] run=iteration2_ego1p1_1 elapsed=196.29s received=5991 published=5956 fps(ros/wall)=32.40/32.68 controller_to_bridge_ms(mean/p50/p95/max)=26.632/33.333/50.000/200.000 bridge_process_ms(mean/p95/max)=0.114/0.146/3.418
[NAV] t=185.0s position=(-33.44,-7.01,3.14) yaw=10.6deg command=(0.00,0.00,0.00) manual_active=1 collision_blocks=0
[depth_angular_controller-1] [INFO] [1790682856.553472709] [depth_angular_controller]: PAPER_BUILD reason=READY required=0.0100 best=0.0150 free=85 refined=0 tubes=256 revoked_tubes=0 proofs=128
[depth_angular_controller-1] [INFO] [1790682856.553890032] [depth_angular_controller]: PAPER_EVIDENCE retained=32 balls=32 revoked_balls=0 expired_views=0 evicted_views=543 radius=0.580 clearance=0.000 best_prefix=0.015
[depth_angular_controller-1] [INFO] [1790682857.371734895] [depth_angular_controller]: PAPER_BUILD reason=READY required=0.0100 best=0.0150 free=85 refined=0 tubes=256 revoked_tubes=0 proofs=128
[depth_angular_controller-1] [INFO] [1790682857.371778196] [depth_angular_controller]: PAPER_EVIDENCE retained=32 balls=32 revoked_balls=0 expired_views=0 evicted_views=543 radius=0.580 clearance=0.000 best_prefix=0.015
[depth_angular_controller-1] [INFO] [1790682858.216290131] [depth_angular_controller]: PAPER_BUILD reason=READY required=0.0100 best=0.0150 free=85 refined=0 tubes=256 revoked_tubes=0 proofs=128
[depth_angular_controller-1] [INFO] [1790682858.216327361] [depth_angular_controller]: PAPER_EVIDENCE retained=32 balls=32 revoked_balls=0 expired_views=0 evicted_views=543 radius=0.580 clearance=0.000 best_prefix=0.015
[depth_angular_controller-1] [INFO] [1790682859.115718930] [depth_angular_controller]: PAPER_BUILD reason=READY required=0.0100 best=0.0150 free=85 refined=0 tubes=256 revoked_tubes=0 proofs=128
[depth_angular_controller-1] [INFO] [1790682859.115757502] [depth_angular_controller]: PAPER_EVIDENCE retained=32 balls=32 revoked_balls=0 expired_views=0 evicted_views=543 radius=0.580 clearance=0.000 best_prefix=0.015
[depth_angular_controller-1] [INFO] [1790682859.561496757] [depth_angular_controller]: [PERF CTRL] run=iteration2_ego1p1_1 elapsed=199.94s callbacks=6093 commands=6092 guidance=5992 command_fps(ros/wall)=32.23/32.79 guidance_wall_fps=32.55 avoid_ms(mean/p50/p95/max)=5.792/0.208/22.839/154.870 cycle_ms(mean/p95/max)=30.501/55.741/178.087 depth_to_cmd_ms(mean/p95/max)=22.177/33.333/50.000 callback_to_publish_ms(mean/p95/max)=26.838/47.502/177.970
[depth_angular_controller-1] [INFO] [1790682860.010008584] [depth_angular_controller]: PAPER_BUILD reason=READY required=0.0100 best=0.0150 free=85 refined=0 tubes=256 revoked_tubes=0 proofs=128
[depth_angular_controller-1] [INFO] [1790682860.010052647] [depth_angular_controller]: PAPER_EVIDENCE retained=32 balls=32 revoked_balls=0 expired_views=0 evicted_views=543 radius=0.580 clearance=0.000 best_prefix=0.015
[position_cmd_to_twist-2] [INFO] [1790682860.351368628] [position_cmd_to_twist]: [PERF BRIDGE] run=iteration2_ego1p1_1 elapsed=200.62s received=6115 published=6080 fps(ros/wall)=32.20/32.59 controller_to_bridge_ms(mean/p50/p95/max)=26.896/33.333/50.000/200.000 bridge_process_ms(mean/p95/max)=0.114/0.146/3.418
[NAV] t=190.0s position=(-33.44,-7.01,3.14) yaw=10.6deg command=(0.00,0.00,0.00) manual_active=1 collision_blocks=0
[depth_angular_controller-1] [INFO] [1790682860.900378934] [depth_angular_controller]: PAPER_BUILD reason=READY required=0.0100 best=0.0150 free=85 refined=0 tubes=256 revoked_tubes=0 proofs=128
[depth_angular_controller-1] [INFO] [1790682860.900415082] [depth_angular_controller]: PAPER_EVIDENCE retained=32 balls=32 revoked_balls=0 expired_views=0 evicted_views=543 radius=0.580 clearance=0.000 best_prefix=0.015
[depth_angular_controller-1] [INFO] [1790682861.732320380] [depth_angular_controller]: PAPER_BUILD reason=READY required=0.0100 best=0.0150 free=85 refined=0 tubes=256 revoked_tubes=0 proofs=128
[depth_angular_controller-1] [INFO] [1790682861.732356989] [depth_angular_controller]: PAPER_EVIDENCE retained=32 balls=32 revoked_balls=0 expired_views=0 evicted_views=543 radius=0.580 clearance=0.000 best_prefix=0.015
[depth_angular_controller-1] [INFO] [1790682862.590533837] [depth_angular_controller]: PAPER_BUILD reason=READY required=0.0100 best=0.0150 free=85 refined=0 tubes=256 revoked_tubes=0 proofs=128
[depth_angular_controller-1] [INFO] [1790682862.590570045] [depth_angular_controller]: PAPER_EVIDENCE retained=32 balls=32 revoked_balls=0 expired_views=0 evicted_views=543 radius=0.580 clearance=0.000 best_prefix=0.015
[depth_angular_controller-1] [INFO] [1790682863.521176940] [depth_angular_controller]: PAPER_BUILD reason=READY required=0.0100 best=0.0150 free=85 refined=0 tubes=256 revoked_tubes=0 proofs=128
[depth_angular_controller-1] [INFO] [1790682863.521219540] [depth_angular_controller]: PAPER_EVIDENCE retained=32 balls=32 revoked_balls=0 expired_views=0 evicted_views=543 radius=0.580 clearance=0.000 best_prefix=0.015
[depth_angular_controller-1] [INFO] [1790682864.366255188] [depth_angular_controller]: PAPER_BUILD reason=READY required=0.0100 best=0.0150 free=85 refined=0 tubes=256 revoked_tubes=0 proofs=128
[depth_angular_controller-1] [INFO] [1790682864.366298228] [depth_angular_controller]: PAPER_EVIDENCE retained=32 balls=32 revoked_balls=0 expired_views=0 evicted_views=543 radius=0.580 clearance=0.000 best_prefix=0.015
[position_cmd_to_twist-2] [INFO] [1790682864.573223681] [position_cmd_to_twist]: [PERF BRIDGE] run=iteration2_ego1p1_1 elapsed=204.84s received=6235 published=6200 fps(ros/wall)=32.00/32.50 controller_to_bridge_ms(mean/p50/p95/max)=27.177/33.333/50.000/200.000 bridge_process_ms(mean/p95/max)=0.114/0.146/3.418
[depth_angular_controller-1] [INFO] [1790682864.578910483] [depth_angular_controller]: [PERF CTRL] run=iteration2_ego1p1_1 elapsed=204.96s callbacks=6237 commands=6236 guidance=6136 command_fps(ros/wall)=32.00/32.68 guidance_wall_fps=32.45 avoid_ms(mean/p50/p95/max)=5.776/0.201/22.688/154.870 cycle_ms(mean/p95/max)=30.601/55.262/178.087 depth_to_cmd_ms(mean/p95/max)=22.124/33.333/50.000 callback_to_publish_ms(mean/p95/max)=27.003/47.499/177.970
[NAV] t=195.0s position=(-33.44,-7.01,3.14) yaw=10.6deg command=(0.00,0.00,0.00) manual_active=1 collision_blocks=0
[depth_angular_controller-1] [INFO] [1790682865.329063580] [depth_angular_controller]: PAPER_BUILD reason=READY required=0.0100 best=0.0150 free=85 refined=0 tubes=256 revoked_tubes=0 proofs=128
[depth_angular_controller-1] [INFO] [1790682865.329163588] [depth_angular_controller]: PAPER_EVIDENCE retained=32 balls=32 revoked_balls=0 expired_views=0 evicted_views=543 radius=0.580 clearance=0.000 best_prefix=0.015
[depth_angular_controller-1] [INFO] [1790682866.182002969] [depth_angular_controller]: PAPER_BUILD reason=READY required=0.0100 best=0.0150 free=85 refined=0 tubes=256 revoked_tubes=0 proofs=128
[depth_angular_controller-1] [INFO] [1790682866.182403912] [depth_angular_controller]: PAPER_EVIDENCE retained=32 balls=32 revoked_balls=0 expired_views=0 evicted_views=543 radius=0.580 clearance=0.000 best_prefix=0.015
[depth_angular_controller-1] [INFO] [1790682867.210514476] [depth_angular_controller]: PAPER_BUILD reason=READY required=0.0100 best=0.0150 free=85 refined=0 tubes=256 revoked_tubes=0 proofs=128
[depth_angular_controller-1] [INFO] [1790682867.210955994] [depth_angular_controller]: PAPER_EVIDENCE retained=32 balls=32 revoked_balls=0 expired_views=0 evicted_views=543 radius=0.580 clearance=0.000 best_prefix=0.015
[depth_angular_controller-1] [INFO] [1790682868.041978155] [depth_angular_controller]: PAPER_BUILD reason=READY required=0.0100 best=0.0150 free=85 refined=0 tubes=256 revoked_tubes=0 proofs=128
[depth_angular_controller-1] [INFO] [1790682868.042018281] [depth_angular_controller]: PAPER_EVIDENCE retained=32 balls=32 revoked_balls=0 expired_views=0 evicted_views=543 radius=0.580 clearance=0.000 best_prefix=0.015
[depth_angular_controller-1] [INFO] [1790682869.069844261] [depth_angular_controller]: PAPER_BUILD reason=READY required=0.0100 best=0.0150 free=85 refined=0 tubes=256 revoked_tubes=0 proofs=128
[depth_angular_controller-1] [INFO] [1790682869.069890928] [depth_angular_controller]: PAPER_EVIDENCE retained=32 balls=32 revoked_balls=0 expired_views=0 evicted_views=543 radius=0.580 clearance=0.000 best_prefix=0.015
[position_cmd_to_twist-2] [INFO] [1790682869.232345540] [position_cmd_to_twist]: [PERF BRIDGE] run=iteration2_ego1p1_1 elapsed=209.50s received=6367 published=6332 fps(ros/wall)=31.86/32.40 controller_to_bridge_ms(mean/p50/p95/max)=27.336/33.333/50.000/200.000 bridge_process_ms(mean/p95/max)=0.114/0.145/3.418
[NAV] t=200.0s position=(-33.44,-7.01,3.14) yaw=10.6deg command=(0.00,0.00,0.00) manual_active=1 collision_blocks=0
[depth_angular_controller-1] [INFO] [1790682869.598061178] [depth_angular_controller]: [PERF CTRL] run=iteration2_ego1p1_1 elapsed=209.97s callbacks=6379 commands=6378 guidance=6278 command_fps(ros/wall)=31.85/32.57 guidance_wall_fps=32.34 avoid_ms(mean/p50/p95/max)=5.750/0.195/22.297/154.870 cycle_ms(mean/p95/max)=30.707/55.139/178.087 depth_to_cmd_ms(mean/p95/max)=22.130/33.333/50.000 callback_to_publish_ms(mean/p95/max)=27.107/47.396/177.970
[depth_angular_controller-1] [INFO] [1790682869.974869140] [depth_angular_controller]: PAPER_BUILD reason=READY required=0.0100 best=0.0150 free=85 refined=0 tubes=256 revoked_tubes=0 proofs=128
[depth_angular_controller-1] [INFO] [1790682869.974905669] [depth_angular_controller]: PAPER_EVIDENCE retained=32 balls=32 revoked_balls=0 expired_views=0 evicted_views=543 radius=0.580 clearance=0.000 best_prefix=0.015
[depth_angular_controller-1] [INFO] [1790682870.829532214] [depth_angular_controller]: PAPER_BUILD reason=READY required=0.0100 best=0.0150 free=85 refined=0 tubes=256 revoked_tubes=0 proofs=128
[depth_angular_controller-1] [INFO] [1790682870.829575135] [depth_angular_controller]: PAPER_EVIDENCE retained=32 balls=32 revoked_balls=0 expired_views=0 evicted_views=543 radius=0.580 clearance=0.000 best_prefix=0.015
[depth_angular_controller-1] [INFO] [1790682871.745473289] [depth_angular_controller]: PAPER_BUILD reason=READY required=0.0100 best=0.0150 free=85 refined=0 tubes=256 revoked_tubes=0 proofs=128
[depth_angular_controller-1] [INFO] [1790682871.745864733] [depth_angular_controller]: PAPER_EVIDENCE retained=32 balls=32 revoked_balls=0 expired_views=0 evicted_views=543 radius=0.580 clearance=0.000 best_prefix=0.015
[depth_angular_controller-1] [INFO] [1790682872.640468798] [depth_angular_controller]: PAPER_BUILD reason=READY required=0.0100 best=0.0150 free=85 refined=0 tubes=256 revoked_tubes=0 proofs=128
[depth_angular_controller-1] [INFO] [1790682872.640512440] [depth_angular_controller]: PAPER_EVIDENCE retained=32 balls=32 revoked_balls=0 expired_views=0 evicted_views=543 radius=0.580 clearance=0.000 best_prefix=0.015
[depth_angular_controller-1] [INFO] [1790682873.534295995] [depth_angular_controller]: PAPER_BUILD reason=READY required=0.0100 best=0.0150 free=85 refined=0 tubes=256 revoked_tubes=0 proofs=128
[depth_angular_controller-1] [INFO] [1790682873.534334928] [depth_angular_controller]: PAPER_EVIDENCE retained=32 balls=32 revoked_balls=0 expired_views=0 evicted_views=543 radius=0.580 clearance=0.000 best_prefix=0.015
[position_cmd_to_twist-2] [INFO] [1790682873.615349324] [position_cmd_to_twist]: [PERF BRIDGE] run=iteration2_ego1p1_1 elapsed=213.88s received=6492 published=6457 fps(ros/wall)=31.69/32.31 controller_to_bridge_ms(mean/p50/p95/max)=27.572/33.333/50.000/200.000 bridge_process_ms(mean/p95/max)=0.114/0.145/3.418
[NAV] t=205.0s position=(-33.44,-7.01,3.14) yaw=10.6deg command=(0.00,0.00,0.00) manual_active=1 collision_blocks=0
[depth_angular_controller-1] [INFO] [1790682874.374184644] [depth_angular_controller]: PAPER_BUILD reason=READY required=0.0100 best=0.0150 free=85 refined=0 tubes=256 revoked_tubes=0 proofs=128
[depth_angular_controller-1] [INFO] [1790682874.374229849] [depth_angular_controller]: PAPER_EVIDENCE retained=32 balls=32 revoked_balls=0 expired_views=0 evicted_views=543 radius=0.580 clearance=0.000 best_prefix=0.015
[depth_angular_controller-1] [INFO] [1790682874.608051844] [depth_angular_controller]: [PERF CTRL] run=iteration2_ego1p1_1 elapsed=214.98s callbacks=6523 commands=6522 guidance=6422 command_fps(ros/wall)=31.65/32.47 guidance_wall_fps=32.25 avoid_ms(mean/p50/p95/max)=5.733/0.191/22.014/154.870 cycle_ms(mean/p95/max)=30.797/54.637/178.087 depth_to_cmd_ms(mean/p95/max)=22.109/33.333/50.000 callback_to_publish_ms(mean/p95/max)=27.252/47.309/177.970
[depth_angular_controller-1] [INFO] [1790682875.231480809] [depth_angular_controller]: PAPER_BUILD reason=READY required=0.0100 best=0.0150 free=85 refined=0 tubes=256 revoked_tubes=0 proofs=128
[depth_angular_controller-1] [INFO] [1790682875.231522457] [depth_angular_controller]: PAPER_EVIDENCE retained=32 balls=32 revoked_balls=0 expired_views=0 evicted_views=543 radius=0.580 clearance=0.000 best_prefix=0.015
[depth_angular_controller-1] [INFO] [1790682876.116490870] [depth_angular_controller]: PAPER_BUILD reason=READY required=0.0100 best=0.0150 free=85 refined=0 tubes=256 revoked_tubes=0 proofs=128
[depth_angular_controller-1] [INFO] [1790682876.116531286] [depth_angular_controller]: PAPER_EVIDENCE retained=32 balls=32 revoked_balls=0 expired_views=0 evicted_views=543 radius=0.580 clearance=0.000 best_prefix=0.015
[depth_angular_controller-1] [INFO] [1790682877.040136963] [depth_angular_controller]: PAPER_BUILD reason=READY required=0.0100 best=0.0150 free=85 refined=0 tubes=256 revoked_tubes=0 proofs=128
[depth_angular_controller-1] [INFO] [1790682877.040178852] [depth_angular_controller]: PAPER_EVIDENCE retained=32 balls=32 revoked_balls=0 expired_views=0 evicted_views=543 radius=0.580 clearance=0.000 best_prefix=0.015
[depth_angular_controller-1] [INFO] [1790682878.073753539] [depth_angular_controller]: PAPER_BUILD reason=READY required=0.0100 best=0.0150 free=85 refined=0 tubes=256 revoked_tubes=0 proofs=128
[depth_angular_controller-1] [INFO] [1790682878.074001605] [depth_angular_controller]: PAPER_EVIDENCE retained=32 balls=32 revoked_balls=0 expired_views=0 evicted_views=543 radius=0.580 clearance=0.000 best_prefix=0.015
[position_cmd_to_twist-2] [INFO] [1790682878.087932196] [position_cmd_to_twist]: [PERF BRIDGE] run=iteration2_ego1p1_1 elapsed=218.35s received=6621 published=6586 fps(ros/wall)=31.54/32.23 controller_to_bridge_ms(mean/p50/p95/max)=27.780/33.333/66.667/200.000 bridge_process_ms(mean/p95/max)=0.114/0.145/3.418
[NAV] t=210.0s position=(-33.44,-7.01,3.14) yaw=10.6deg command=(0.00,0.00,0.00) manual_active=1 collision_blocks=0
[depth_angular_controller-1] [INFO] [1790682878.966766689] [depth_angular_controller]: PAPER_BUILD reason=READY required=0.0100 best=0.0150 free=85 refined=0 tubes=256 revoked_tubes=0 proofs=128
[depth_angular_controller-1] [INFO] [1790682878.966805642] [depth_angular_controller]: PAPER_EVIDENCE retained=32 balls=32 revoked_balls=0 expired_views=0 evicted_views=543 radius=0.580 clearance=0.000 best_prefix=0.015
[depth_angular_controller-1] [INFO] [1790682879.616381853] [depth_angular_controller]: [PERF CTRL] run=iteration2_ego1p1_1 elapsed=219.99s callbacks=6667 commands=6666 guidance=6566 command_fps(ros/wall)=31.50/32.38 guidance_wall_fps=32.16 avoid_ms(mean/p50/p95/max)=5.711/0.184/21.277/154.870 cycle_ms(mean/p95/max)=30.883/54.369/178.087 depth_to_cmd_ms(mean/p95/max)=22.091/33.333/50.000 callback_to_publish_ms(mean/p95/max)=27.363/47.271/177.970
[depth_angular_controller-1] [INFO] [1790682879.865126080] [depth_angular_controller]: PAPER_BUILD reason=READY required=0.0100 best=0.0150 free=85 refined=0 tubes=256 revoked_tubes=0 proofs=128
[depth_angular_controller-1] [INFO] [1790682879.866895641] [depth_angular_controller]: PAPER_EVIDENCE retained=32 balls=32 revoked_balls=0 expired_views=0 evicted_views=543 radius=0.580 clearance=0.000 best_prefix=0.015
[depth_angular_controller-1] [INFO] [1790682880.707410265] [depth_angular_controller]: PAPER_BUILD reason=READY required=0.0100 best=0.0150 free=85 refined=0 tubes=256 revoked_tubes=0 proofs=128
[depth_angular_controller-1] [INFO] [1790682880.707788855] [depth_angular_controller]: PAPER_EVIDENCE retained=32 balls=32 revoked_balls=0 expired_views=0 evicted_views=543 radius=0.580 clearance=0.000 best_prefix=0.015
[depth_angular_controller-1] [INFO] [1790682881.550198575] [depth_angular_controller]: PAPER_BUILD reason=READY required=0.0100 best=0.0150 free=85 refined=0 tubes=256 revoked_tubes=0 proofs=128
[depth_angular_controller-1] [INFO] [1790682881.550598386] [depth_angular_controller]: PAPER_EVIDENCE retained=32 balls=32 revoked_balls=0 expired_views=0 evicted_views=543 radius=0.580 clearance=0.000 best_prefix=0.015
[position_cmd_to_twist-2] [INFO] [1790682882.483922189] [position_cmd_to_twist]: [PERF BRIDGE] run=iteration2_ego1p1_1 elapsed=222.75s received=6747 published=6712 fps(ros/wall)=31.40/32.16 controller_to_bridge_ms(mean/p50/p95/max)=27.993/33.333/66.667/200.000 bridge_process_ms(mean/p95/max)=0.114/0.145/3.418
[depth_angular_controller-1] [INFO] [1790682882.516256285] [depth_angular_controller]: PAPER_BUILD reason=READY required=0.0100 best=0.0150 free=85 refined=0 tubes=256 revoked_tubes=0 proofs=128
[depth_angular_controller-1] [INFO] [1790682882.516670793] [depth_angular_controller]: PAPER_EVIDENCE retained=32 balls=32 revoked_balls=0 expired_views=0 evicted_views=543 radius=0.580 clearance=0.000 best_prefix=0.015
[NAV] t=215.0s position=(-33.44,-7.01,3.14) yaw=10.6deg command=(0.00,0.00,0.00) manual_active=1 collision_blocks=0
[depth_angular_controller-1] [INFO] [1790682883.452456847] [depth_angular_controller]: PAPER_BUILD reason=READY required=0.0100 best=0.0150 free=85 refined=0 tubes=256 revoked_tubes=0 proofs=128
[depth_angular_controller-1] [INFO] [1790682883.452511279] [depth_angular_controller]: PAPER_EVIDENCE retained=32 balls=32 revoked_balls=0 expired_views=0 evicted_views=543 radius=0.580 clearance=0.000 best_prefix=0.015
[depth_angular_controller-1] [INFO] [1790682884.509295069] [depth_angular_controller]: PAPER_BUILD reason=READY required=0.0100 best=0.0150 free=85 refined=0 tubes=256 revoked_tubes=0 proofs=128
[depth_angular_controller-1] [INFO] [1790682884.509333041] [depth_angular_controller]: PAPER_EVIDENCE retained=32 balls=32 revoked_balls=0 expired_views=0 evicted_views=543 radius=0.580 clearance=0.000 best_prefix=0.015
[depth_angular_controller-1] [INFO] [1790682884.641891842] [depth_angular_controller]: [PERF CTRL] run=iteration2_ego1p1_1 elapsed=225.02s callbacks=6810 commands=6809 guidance=6709 command_fps(ros/wall)=31.36/32.29 guidance_wall_fps=32.07 avoid_ms(mean/p50/p95/max)=5.694/0.177/20.922/154.870 cycle_ms(mean/p95/max)=30.972/54.102/178.087 depth_to_cmd_ms(mean/p95/max)=22.043/33.333/50.000 callback_to_publish_ms(mean/p95/max)=27.500/47.229/177.970
[depth_angular_controller-1] [INFO] [1790682885.537416183] [depth_angular_controller]: PAPER_BUILD reason=READY required=0.0100 best=0.0150 free=85 refined=0 tubes=256 revoked_tubes=0 proofs=128
[depth_angular_controller-1] [INFO] [1790682885.537452962] [depth_angular_controller]: PAPER_EVIDENCE retained=32 balls=32 revoked_balls=0 expired_views=0 evicted_views=543 radius=0.580 clearance=0.000 best_prefix=0.015
[depth_angular_controller-1] [INFO] [1790682886.466176794] [depth_angular_controller]: PAPER_BUILD reason=READY required=0.0100 best=0.0150 free=85 refined=0 tubes=256 revoked_tubes=0 proofs=128
[depth_angular_controller-1] [INFO] [1790682886.466221127] [depth_angular_controller]: PAPER_EVIDENCE retained=32 balls=32 revoked_balls=0 expired_views=0 evicted_views=543 radius=0.580 clearance=0.000 best_prefix=0.015
[position_cmd_to_twist-2] [INFO] [1790682887.393811471] [position_cmd_to_twist]: [PERF BRIDGE] run=iteration2_ego1p1_1 elapsed=227.66s received=6887 published=6852 fps(ros/wall)=31.32/32.08 controller_to_bridge_ms(mean/p50/p95/max)=28.118/33.333/66.667/200.000 bridge_process_ms(mean/p95/max)=0.114/0.145/3.418
[NAV] t=220.0s position=(-33.44,-7.01,3.14) yaw=10.6deg command=(0.00,0.00,0.00) manual_active=1 collision_blocks=0
[depth_angular_controller-1] [INFO] [1790682887.505976453] [depth_angular_controller]: PAPER_BUILD reason=READY required=0.0100 best=0.0150 free=85 refined=0 tubes=256 revoked_tubes=0 proofs=128
[depth_angular_controller-1] [INFO] [1790682887.506018171] [depth_angular_controller]: PAPER_EVIDENCE retained=32 balls=32 revoked_balls=0 expired_views=0 evicted_views=543 radius=0.580 clearance=0.000 best_prefix=0.015
[depth_angular_controller-1] [INFO] [1790682888.545793064] [depth_angular_controller]: PAPER_BUILD reason=READY required=0.0100 best=0.0150 free=85 refined=0 tubes=256 revoked_tubes=0 proofs=128
[depth_angular_controller-1] [INFO] [1790682888.545833870] [depth_angular_controller]: PAPER_EVIDENCE retained=32 balls=32 revoked_balls=0 expired_views=0 evicted_views=543 radius=0.580 clearance=0.000 best_prefix=0.015
[depth_angular_controller-1] [INFO] [1790682889.680613613] [depth_angular_controller]: [PERF CTRL] run=iteration2_ego1p1_1 elapsed=230.06s callbacks=6950 commands=6949 guidance=6849 command_fps(ros/wall)=31.30/32.18 guidance_wall_fps=31.97 avoid_ms(mean/p50/p95/max)=5.670/0.172/20.612/154.870 cycle_ms(mean/p95/max)=31.074/54.026/178.087 depth_to_cmd_ms(mean/p95/max)=22.035/33.333/50.000 callback_to_publish_ms(mean/p95/max)=27.600/47.200/177.970
[depth_angular_controller-1] [INFO] [1790682889.795019419] [depth_angular_controller]: PAPER_BUILD reason=READY required=0.0100 best=0.0150 free=85 refined=0 tubes=256 revoked_tubes=0 proofs=128
[depth_angular_controller-1] [INFO] [1790682889.795061488] [depth_angular_controller]: PAPER_EVIDENCE retained=32 balls=32 revoked_balls=0 expired_views=0 evicted_views=543 radius=0.580 clearance=0.000 best_prefix=0.015
[depth_angular_controller-1] [INFO] [1790682890.708564527] [depth_angular_controller]: PAPER_BUILD reason=READY required=0.0100 best=0.0150 free=85 refined=0 tubes=256 revoked_tubes=0 proofs=128
[depth_angular_controller-1] [INFO] [1790682890.708602097] [depth_angular_controller]: PAPER_EVIDENCE retained=32 balls=32 revoked_balls=0 expired_views=0 evicted_views=543 radius=0.580 clearance=0.000 best_prefix=0.015
[depth_angular_controller-1] [INFO] [1790682891.563473903] [depth_angular_controller]: PAPER_BUILD reason=READY required=0.0100 best=0.0150 free=85 refined=0 tubes=256 revoked_tubes=0 proofs=128
[depth_angular_controller-1] [INFO] [1790682891.563514439] [depth_angular_controller]: PAPER_EVIDENCE retained=32 balls=32 revoked_balls=0 expired_views=0 evicted_views=543 radius=0.580 clearance=0.000 best_prefix=0.015
[position_cmd_to_twist-2] [INFO] [1790682892.247450118] [position_cmd_to_twist]: [PERF BRIDGE] run=iteration2_ego1p1_1 elapsed=232.51s received=7022 published=6987 fps(ros/wall)=31.23/31.98 controller_to_bridge_ms(mean/p50/p95/max)=28.264/33.333/66.667/200.000 bridge_process_ms(mean/p95/max)=0.114/0.146/3.418
[NAV] t=225.0s position=(-33.44,-7.01,3.14) yaw=10.6deg command=(0.00,0.00,0.00) manual_active=1 collision_blocks=0
[depth_angular_controller-1] [INFO] [1790682892.444217228] [depth_angular_controller]: PAPER_BUILD reason=READY required=0.0100 best=0.0150 free=85 refined=0 tubes=256 revoked_tubes=0 proofs=128
[depth_angular_controller-1] [INFO] [1790682892.444257684] [depth_angular_controller]: PAPER_EVIDENCE retained=32 balls=32 revoked_balls=0 expired_views=0 evicted_views=543 radius=0.580 clearance=0.000 best_prefix=0.015
[depth_angular_controller-1] [INFO] [1790682893.366244272] [depth_angular_controller]: PAPER_BUILD reason=READY required=0.0100 best=0.0150 free=85 refined=0 tubes=256 revoked_tubes=0 proofs=128
[depth_angular_controller-1] [INFO] [1790682893.366287033] [depth_angular_controller]: PAPER_EVIDENCE retained=32 balls=32 revoked_balls=0 expired_views=0 evicted_views=543 radius=0.580 clearance=0.000 best_prefix=0.015
[depth_angular_controller-1] [INFO] [1790682894.246284157] [depth_angular_controller]: PAPER_BUILD reason=READY required=0.0100 best=0.0150 free=85 refined=0 tubes=256 revoked_tubes=0 proofs=128
[depth_angular_controller-1] [INFO] [1790682894.246321687] [depth_angular_controller]: PAPER_EVIDENCE retained=32 balls=32 revoked_balls=0 expired_views=0 evicted_views=543 radius=0.580 clearance=0.000 best_prefix=0.015
[depth_angular_controller-1] [INFO] [1790682894.707226090] [depth_angular_controller]: [PERF CTRL] run=iteration2_ego1p1_1 elapsed=235.08s callbacks=7095 commands=7094 guidance=6994 command_fps(ros/wall)=31.17/32.11 guidance_wall_fps=31.90 avoid_ms(mean/p50/p95/max)=5.652/0.166/20.341/154.870 cycle_ms(mean/p95/max)=31.147/53.725/178.087 depth_to_cmd_ms(mean/p95/max)=22.019/33.333/50.000 callback_to_publish_ms(mean/p95/max)=27.707/47.090/177.970
[depth_angular_controller-1] [INFO] [1790682895.184244331] [depth_angular_controller]: PAPER_BUILD reason=READY required=0.0100 best=0.0150 free=85 refined=0 tubes=256 revoked_tubes=0 proofs=128
[depth_angular_controller-1] [INFO] [1790682895.184285748] [depth_angular_controller]: PAPER_EVIDENCE retained=32 balls=32 revoked_balls=0 expired_views=0 evicted_views=543 radius=0.580 clearance=0.000 best_prefix=0.015
[depth_angular_controller-1] [INFO] [1790682896.078788012] [depth_angular_controller]: PAPER_BUILD reason=READY required=0.0100 best=0.0150 free=85 refined=0 tubes=256 revoked_tubes=0 proofs=128
[depth_angular_controller-1] [INFO] [1790682896.078829139] [depth_angular_controller]: PAPER_EVIDENCE retained=32 balls=32 revoked_balls=0 expired_views=0 evicted_views=543 radius=0.580 clearance=0.000 best_prefix=0.015
[position_cmd_to_twist-2] [INFO] [1790682896.774646133] [position_cmd_to_twist]: [PERF BRIDGE] run=iteration2_ego1p1_1 elapsed=237.04s received=7153 published=7118 fps(ros/wall)=31.12/31.92 controller_to_bridge_ms(mean/p50/p95/max)=28.422/33.333/66.667/200.000 bridge_process_ms(mean/p95/max)=0.114/0.146/3.418
[NAV] t=230.0s position=(-33.44,-7.01,3.14) yaw=10.6deg command=(0.00,0.00,0.00) manual_active=1 collision_blocks=0
[depth_angular_controller-1] [INFO] [1790682896.969495244] [depth_angular_controller]: PAPER_BUILD reason=READY required=0.0100 best=0.0150 free=85 refined=0 tubes=256 revoked_tubes=0 proofs=128
[depth_angular_controller-1] [INFO] [1790682896.969533666] [depth_angular_controller]: PAPER_EVIDENCE retained=32 balls=32 revoked_balls=0 expired_views=0 evicted_views=543 radius=0.580 clearance=0.000 best_prefix=0.015
[depth_angular_controller-1] [INFO] [1790682897.949980898] [depth_angular_controller]: PAPER_BUILD reason=READY required=0.0100 best=0.0150 free=85 refined=0 tubes=256 revoked_tubes=0 proofs=128
[depth_angular_controller-1] [INFO] [1790682897.950024330] [depth_angular_controller]: PAPER_EVIDENCE retained=32 balls=32 revoked_balls=0 expired_views=0 evicted_views=543 radius=0.580 clearance=0.000 best_prefix=0.015
[depth_angular_controller-1] [INFO] [1790682898.854874341] [depth_angular_controller]: PAPER_BUILD reason=READY required=0.0100 best=0.0150 free=85 refined=0 tubes=256 revoked_tubes=0 proofs=128
[depth_angular_controller-1] [INFO] [1790682898.855304248] [depth_angular_controller]: PAPER_EVIDENCE retained=32 balls=32 revoked_balls=0 expired_views=0 evicted_views=543 radius=0.580 clearance=0.000 best_prefix=0.015
[depth_angular_controller-1] [INFO] [1790682899.742254099] [depth_angular_controller]: [PERF CTRL] run=iteration2_ego1p1_1 elapsed=240.12s callbacks=7240 commands=7239 guidance=7139 command_fps(ros/wall)=31.04/32.03 guidance_wall_fps=31.83 avoid_ms(mean/p50/p95/max)=5.635/0.162/20.200/154.870 cycle_ms(mean/p95/max)=31.219/53.485/178.087 depth_to_cmd_ms(mean/p95/max)=22.004/33.333/50.000 callback_to_publish_ms(mean/p95/max)=27.810/47.074/177.970
[depth_angular_controller-1] [INFO] [1790682899.742313330] [depth_angular_controller]: PAPER_BUILD reason=READY required=0.0100 best=0.0150 free=85 refined=0 tubes=256 revoked_tubes=0 proofs=128
[depth_angular_controller-1] [INFO] [1790682899.742322197] [depth_angular_controller]: PAPER_EVIDENCE retained=32 balls=32 revoked_balls=0 expired_views=0 evicted_views=543 radius=0.580 clearance=0.000 best_prefix=0.015
[depth_angular_controller-1] [INFO] [1790682900.771759180] [depth_angular_controller]: PAPER_BUILD reason=READY required=0.0100 best=0.0150 free=85 refined=0 tubes=256 revoked_tubes=0 proofs=128
[depth_angular_controller-1] [INFO] [1790682900.771800718] [depth_angular_controller]: PAPER_EVIDENCE retained=32 balls=32 revoked_balls=0 expired_views=0 evicted_views=543 radius=0.580 clearance=0.000 best_prefix=0.015
[position_cmd_to_twist-2] [INFO] [1790682901.400618125] [position_cmd_to_twist]: [PERF BRIDGE] run=iteration2_ego1p1_1 elapsed=241.67s received=7285 published=7250 fps(ros/wall)=31.02/31.85 controller_to_bridge_ms(mean/p50/p95/max)=28.554/33.333/66.667/200.000 bridge_process_ms(mean/p95/max)=0.114/0.146/3.418
[NAV] t=235.0s position=(-33.44,-7.01,3.14) yaw=10.6deg command=(0.00,0.00,0.00) manual_active=1 collision_blocks=0
[depth_angular_controller-1] [INFO] [1790682901.640509219] [depth_angular_controller]: PAPER_BUILD reason=READY required=0.0100 best=0.0150 free=85 refined=0 tubes=256 revoked_tubes=0 proofs=128
[depth_angular_controller-1] [INFO] [1790682901.640550396] [depth_angular_controller]: PAPER_EVIDENCE retained=32 balls=32 revoked_balls=0 expired_views=0 evicted_views=543 radius=0.580 clearance=0.000 best_prefix=0.015
[depth_angular_controller-1] [INFO] [1790682902.554274500] [depth_angular_controller]: PAPER_BUILD reason=READY required=0.0100 best=0.0150 free=85 refined=0 tubes=256 revoked_tubes=0 proofs=128
[depth_angular_controller-1] [INFO] [1790682902.554314906] [depth_angular_controller]: PAPER_EVIDENCE retained=32 balls=32 revoked_balls=0 expired_views=0 evicted_views=543 radius=0.580 clearance=0.000 best_prefix=0.015
[depth_angular_controller-1] [INFO] [1790682903.475668256] [depth_angular_controller]: PAPER_BUILD reason=READY required=0.0100 best=0.0150 free=85 refined=0 tubes=256 revoked_tubes=0 proofs=128
[depth_angular_controller-1] [INFO] [1790682903.475704454] [depth_angular_controller]: PAPER_EVIDENCE retained=32 balls=32 revoked_balls=0 expired_views=0 evicted_views=543 radius=0.580 clearance=0.000 best_prefix=0.015
[depth_angular_controller-1] [INFO] [1790682904.521168202] [depth_angular_controller]: PAPER_BUILD reason=READY required=0.0100 best=0.0150 free=85 refined=0 tubes=256 revoked_tubes=0 proofs=128
[depth_angular_controller-1] [INFO] [1790682904.521209830] [depth_angular_controller]: PAPER_EVIDENCE retained=32 balls=32 revoked_balls=0 expired_views=0 evicted_views=543 radius=0.580 clearance=0.000 best_prefix=0.015
[depth_angular_controller-1] [INFO] [1790682904.749289409] [depth_angular_controller]: [PERF CTRL] run=iteration2_ego1p1_1 elapsed=245.13s callbacks=7381 commands=7380 guidance=7280 command_fps(ros/wall)=30.94/31.95 guidance_wall_fps=31.75 avoid_ms(mean/p50/p95/max)=5.616/0.157/20.143/154.870 cycle_ms(mean/p95/max)=31.301/53.465/178.087 depth_to_cmd_ms(mean/p95/max)=22.003/33.333/50.000 callback_to_publish_ms(mean/p95/max)=27.898/47.090/177.970
[depth_angular_controller-1] [INFO] [1790682905.538287300] [depth_angular_controller]: PAPER_BUILD reason=READY required=0.0100 best=0.0150 free=85 refined=0 tubes=256 revoked_tubes=0 proofs=128
[depth_angular_controller-1] [INFO] [1790682905.538330221] [depth_angular_controller]: PAPER_EVIDENCE retained=32 balls=32 revoked_balls=0 expired_views=0 evicted_views=543 radius=0.580 clearance=0.000 best_prefix=0.015
[position_cmd_to_twist-2] [INFO] [1790682906.088240957] [position_cmd_to_twist]: [PERF BRIDGE] run=iteration2_ego1p1_1 elapsed=246.35s received=7414 published=7379 fps(ros/wall)=30.91/31.76 controller_to_bridge_ms(mean/p50/p95/max)=28.696/33.333/66.667/200.000 bridge_process_ms(mean/p95/max)=0.114/0.146/3.418
[NAV] t=240.0s position=(-33.44,-7.01,3.14) yaw=10.6deg command=(0.00,0.00,0.00) manual_active=1 collision_blocks=0
[depth_angular_controller-1] [INFO] [1790682906.376148355] [depth_angular_controller]: PAPER_BUILD reason=READY required=0.0100 best=0.0150 free=85 refined=0 tubes=256 revoked_tubes=0 proofs=128
[depth_angular_controller-1] [INFO] [1790682906.376188711] [depth_angular_controller]: PAPER_EVIDENCE retained=32 balls=32 revoked_balls=0 expired_views=0 evicted_views=543 radius=0.580 clearance=0.000 best_prefix=0.015
[depth_angular_controller-1] [INFO] [1790682907.209519013] [depth_angular_controller]: PAPER_BUILD reason=READY required=0.0100 best=0.0150 free=85 refined=0 tubes=256 revoked_tubes=0 proofs=128
[depth_angular_controller-1] [INFO] [1790682907.209556904] [depth_angular_controller]: PAPER_EVIDENCE retained=32 balls=32 revoked_balls=0 expired_views=0 evicted_views=543 radius=0.580 clearance=0.000 best_prefix=0.015
[BENCHMARK RESULT] TIMEOUT sim=240.000s
[PERF ISAAC FINAL] run=iteration2_ego1p1_1 result=TIMEOUT wall=234.41s sim_frames=14522 fps(sim/wall)=60.01/61.95 command_changes=3143 collision_blocks=0 frame_interval_ms(mean/p50/p95/max)=16.119/14.785/18.045/79.887
[247.833s] Simulation App Shutting Down
[depth_angular_controller-1] [INFO] [1790682908.484735610] [rclcpp]: signal_handler(SIGINT/SIGTERM)
[depth_angular_controller-1] [INFO] [1790682908.486431472] [depth_angular_controller]: [PERF CTRL FINAL] run=iteration2_ego1p1_1 elapsed=248.86s callbacks=7467 commands=7466 guidance=7366 command_fps(ros/wall)=30.85/31.89 guidance_wall_fps=31.69 avoid_ms(mean/p50/p95/max)=5.611/0.155/20.064/154.870 cycle_ms(mean/p95/max)=31.358/53.287/178.087 depth_to_cmd_ms(mean/p95/max)=21.986/33.333/50.000 callback_to_publish_ms(mean/p95/max)=27.970/47.090/177.970
[position_cmd_to_twist-2] [INFO] [1790682908.486749078] [position_cmd_to_twist]: [PERF BRIDGE FINAL] run=iteration2_ego1p1_1 elapsed=248.75s received=7466 published=7431 fps(ros/wall)=30.85/31.74 controller_to_bridge_ms(mean/p50/p95/max)=28.777/33.333/66.667/200.000 bridge_process_ms(mean/p95/max)=0.114/0.146/3.418
[position_cmd_to_twist-2] Failed to publish log message to rosout: publisher's context is invalid, at ./src/rcl/publisher.c:389
[INFO] [depth_angular_controller-1]: process has finished cleanly [pid 49412]
[INFO] [position_cmd_to_twist-2]: process has finished cleanly [pid 49414]
