[PERF] run=iteration4_ego1p1_1 log=/home/starry/isaac-data/EGO1P1/performance/navigation_benchmark_20260929/PERFORMANCE.md
[INPUT] mode=goal scene_mode=cloud
[INFO] [launch]: All log files can be found below /tmp/fov_gvf_ego1p1_isaac_ros_log/2026-09-29-20-02-05-490121-starry-System-Product-Name-52797
[INFO] [launch]: Default logging verbosity is set to INFO
[INFO] [depth_angular_controller-1]: process started with pid [52799]
[INFO] [position_cmd_to_twist-2]: process started with pid [52801]
[depth_angular_controller-1] [INFO] [1790683325.525693902] [depth_angular_controller]: C++ controller commands publish on /position_cmd; horizontal views=4
[ROS CHECK] ROS_DOMAIN_ID=42 /position_cmd publishers=1
Type: pc_gvf_msgs/msg/PositionCommand
Publisher count: 1
Subscription count: 1
/depth_angular_controller
/position_cmd_to_twist
WARNING: All log messages before absl::InitializeLog() is called are written to STDERR
E0000 00:00:1790683326.489908   52843 descriptor_database.cc:633] File already exists in database: grpc/health/v1/health.proto
W0000 00:00:1790683326.489936   52843 message.cc:301] Protobuf GeneratedMessageFactory: File is already registered: grpc/health/v1/health.proto
2026-09-29T12:02:06Z [Info] [carb] Logging to file: /home/starry/isaac-data/isaacsim/kit/logs/Kit/Isaac-Sim Python/6.0/kit_20260929_200206.log
[0.043s] [ext: omni.assets.plugins-0.0.0] startup
[0.044s] [ext: omni.blobkey-1.1.2] startup
[0.044s] [ext: omni.kit.async_engine-0.0.3] startup
[0.316s] [ext: omni.client.lib-1.1.1] startup
[0.324s] [ext: omni.client-1.3.0] startup
[0.327s] [ext: omni.protobuf.lib-1.0.0] startup
[0.327s] [ext: omni.grpc.lib-1.0.0] startup
[0.330s] [ext: omni.metrics.core-0.0.3] startup
[0.331s] [ext: omni.datastore-0.0.0] startup
[0.331s] [ext: omni.gpu_foundation.shadercache.vulkan-1.0.0] startup
[0.333s] [ext: omni.hsscclient-1.1.4] startup
[0.333s] [ext: omni.stats-1.0.1] startup
[0.334s] [ext: omni.ujitso.default-1.0.0] startup
[0.337s] [ext: omni.gpu_foundation-0.0.0] startup
[0.459s] [ext: carb.windowing.plugins-1.0.1] startup
[0.459s] [ext: omni.kit.renderer.init-1.0.1] startup
2026-09-29T12:02:06Z [666ms] [Warning] [omni.rtx] Skipping unsupported non-NVIDIA GPU: AMD Unknown (RADV RAPHAEL_MENDOCINO)
2026-09-29T12:02:06Z [666ms] [Warning] [omni.rtx] Skipping unsupported non-NVIDIA GPU: AMD Unknown (RADV RAPHAEL_MENDOCINO)

|---------------------------------------------------------------------------------------------|
| Driver Version: 580.178.04    | Graphics API: Vulkan
|=============================================================================================|
| GPU | Name                             | Active | LDA | GPU Memory | Vendor-ID | LUID       |
|     |                                  |        |     |            | Device-ID | UUID       |
|     |                                  |        |     |            | Bus-ID    |            |
|---------------------------------------------------------------------------------------------|
| 0   | NVIDIA GeForce RTX 5070          | Yes: 0 |     | 12227   MB | 10de      | 0          |
|     |                                  |        |     |            | 2f04      | 348d89fe.. |
|     |                                  |        |     |            | 1         |            |
|---------------------------------------------------------------------------------------------|
| 1   | AMD Unknown (RADV RAPHAEL_MEND.. |        |     | 10755   MB | 1002      | 0          |
|     |                                  |        |     |            | 13c0      | 00000000.. |
|     |                                  |        |     |            | c         |            |
|=============================================================================================|
| OS: 22.04.5 LTS (Jammy Jellyfish) ubuntu, Version: 22.04.5, Kernel: 6.8.0-138-generic
| XServer Vendor: The X.Org Foundation, XServer Version: 12101004 (1.21.1.4)
| Processor: AMD Ryzen 5 9600X 6-Core Processor
| Cores: 6 | Logical Cores: 12
|---------------------------------------------------------------------------------------------|
| Total Memory (MB): 31241 | Free Memory: 22779
| Total Page/Swap (MB): 15624 | Free Page/Swap: 15624
|---------------------------------------------------------------------------------------------|
2026-09-29T12:02:07Z [879ms] [Warning] [omni.rtx] CPU performance profile is set to powersave. This profile sets the CPU to the lowest frequency reducing performance.
2026-09-29T12:02:07Z [887ms] [Warning] [omni.rtx] IOMMU is enabled.
[0.989s] [ext: omni.kit.pipapi-0.0.0] startup
[0.990s] [ext: omni.kit.pip_archive-0.0.0] startup
[0.990s] [ext: isaacsim.pip.newton-0.6.1] startup
[0.990s] [ext: omni.pip.compute-1.9.2] startup
[0.990s] [ext: omni.isaac.core_archive-5.3.1] startup
[0.990s] [ext: omni.kit.telemetry-0.5.2] startup
[1.008s] [ext: omni.kit.loop-isaac-1.6.0] startup
[1.009s] [ext: omni.kit.test-2.0.7] startup
[1.060s] [ext: omni.materialx.libs-1.0.9] startup
[1.066s] [ext: omni.gpucompute.plugins-0.0.0] startup
[1.066s] [ext: omni.usd.config-1.0.7] startup
[1.069s] [ext: omni.usd.libs-1.0.3] startup
[1.125s] [ext: omni.iray.libs-0.0.1] startup
[1.128s] [ext: omni.mdl-57.0.3] startup
[1.189s] [ext: omni.mdl.neuraylib-0.2.20] startup
[1.191s] [ext: omni.kit.usd.mdl-1.1.9] startup
[1.276s] [ext: omni.appwindow-1.2.2] startup
[1.277s] [ext: omni.kit.renderer.core-1.2.2] startup
2026-09-29T12:02:12Z [6,515ms] [Warning] [carb.windowing-glfw.gamepad] Joystick with unknown remapping detected (will be ignored):  BEITONG BEITONG A2P3A BFM DONGLE [03000000bc2000001c51000011010000]
[6.546s] [ext: omni.kit.renderer.capture-2.0.1] startup
[6.547s] [ext: omni.kit.renderer.imgui-2.0.6] startup
[6.583s] [ext: omni.ui-3.2.0] startup
[6.590s] [ext: omni.kit.mainwindow-1.0.3] startup
[6.590s] [ext: carb.audio-0.1.0] startup
[6.592s] [ext: omni.uiaudio-1.0.0] startup
[6.593s] [ext: omni.kit.uiapp-0.0.0] startup
[6.593s] [ext: omni.usd.schema.metrics.assembler-110.1.0] startup
[6.595s] [ext: omni.usd.schema.audio-0.0.1] startup
[6.597s] [ext: omni.usd_resolver-1.0.0] startup
[6.600s] [ext: omni.usd.core-1.8.3] startup
[6.602s] [ext: omni.metropolis.schema-0.0.3] startup
[6.602s] [ext: isaacsim.anim.robot.schema-0.1.1] startup
[6.603s] [ext: omni.usd.schema.anim-0.0.1] startup
[6.616s] [ext: omni.usd.schema.geospatial-0.0.1] startup
[6.617s] [ext: omni.usd.schema.omnigraph-1.0.1] startup
[6.621s] [ext: omni.usd.schema.semantics-0.0.0] startup
[6.623s] [ext: omni.activity.core-1.0.3] startup
[6.624s] [ext: omni.cubric-0.1.0] startup
[6.624s] [ext: omni.graph.exec-0.9.6] startup
[6.624s] [ext: omni.hydra.scene_delegate-0.3.5] startup
[6.627s] [ext: usdrt.scenegraph-7.6.3] startup
[6.645s] [ext: omni.hydra.usdrt_delegate-7.5.2] startup
[6.649s] [ext: omni.inspect-1.0.2] startup
[6.650s] [ext: omni.kit.actions.core-1.0.0] startup
[6.652s] [ext: omni.kit.audiodeviceenum-1.0.2] startup
[6.653s] [ext: omni.kit.commands-1.5.0] startup
[6.655s] [ext: omni.kit.exec.core-0.13.5] startup
[6.656s] [ext: omni.kit.usd_undo-0.1.8] startup
[6.657s] [ext: omni.kit.window.popup_dialog-2.0.25] startup
[6.660s] [ext: omni.kit.widget.nucleus_connector-2.3.1] startup
[6.662s] [ext: omni.timeline-1.1.0] startup
[6.663s] [ext: omni.usd-1.16.0] startup
[6.689s] [ext: omni.graph.core-3.1.2] startup
[6.691s] [ext: omni.kit.notification_manager-1.0.11] startup
[6.692s] [ext: isaacsim.core.deprecation_manager-0.4.2] startup
[6.693s] [ext: isaacsim.replicator.agent.schema-0.1.1] startup
[6.694s] [ext: isaacsim.robot.schema-6.3.7] startup
[6.698s] [ext: isaacsim.robot_motion.schema-0.2.1] startup
[6.698s] [ext: omni.anim.behavior.schema-110.1.0] startup
[6.701s] [ext: omni.anim.graph.schema-110.1.1] startup
[6.705s] [ext: omni.anim.navigation.schema-110.1.0] startup
[6.708s] [ext: omni.behavior.tree.schema-110.1.0] startup
[6.708s] [ext: omni.isaac.ml_archive-3.3.0] startup
[6.708s] [ext: omni.kit.asset_converter-6.0.1] startup
[6.718s] [ext: omni.pip.cloud-1.5.4] startup
[6.720s] [ext: omni.usd.schema.flow-110.0.0] startup
[6.720s] [ext: omni.usd.schema.mujoco-1.1.1] startup
[6.720s] [ext: omni.usd.schema.newton-1.2.1] startup
[6.721s] [ext: omni.usd.schema.omni_lens_distortion-1.0.0] startup
[6.721s] [ext: omni.usd.schema.omni_projectors-1.0.0] startup
[6.722s] [ext: omni.usd.schema.omni_sensors-0.0.0] startup
[6.728s] [ext: omni.usd.schema.omniscripting-1.0.1] startup
[6.731s] [ext: omni.usd.schema.physical_lighting-0.1.0] startup
[6.734s] [ext: omni.usd.schema.physx-110.1.13] startup
[6.757s] [ext: omni.usd.schema.render_settings.rtx-1.0.2] startup
[6.760s] [ext: omni.usd.schema.usd_particle_field-1.0.0] startup
[6.761s] [ext: isaacsim.core.version-2.1.1] startup
[6.761s] [ext: omni.kit.menu.core-1.2.0] startup
[6.762s] [ext: omni.kit.menu.utils-2.2.4] startup
[6.767s] [ext: isaacsim.app.about-2.3.1] startup
[6.771s] [ext: isaacsim.asset.transformer-1.2.5] startup
[6.774s] [ext: omni.scene.optimizer.core-110.1.0] startup
[6.803s] [ext: isaacsim.asset.importer.utils-1.8.1] startup
[6.805s] [ext: omni.convexdecomposition-110.1.13] startup
[6.807s] [ext: omni.physics-110.1.13] startup
[6.809s] [ext: omni.physx.gpu-110.1.13] startup
[6.809s] [ext: omni.physx.foundation-110.1.13] startup
[6.810s] [ext: omni.usdphysics-110.1.13] startup
[6.811s] [ext: omni.physx.cooking-110.1.13] startup
[6.813s] [ext: omni.physx-110.1.13] startup
[6.820s] [ext: omni.physics.physx-110.1.13] startup
[6.821s] [ext: isaacsim.asset.exporter.urdf-2.0.5] startup
[6.827s] [ext: omni.kit.clipboard-1.1.1] startup
[6.828s] [ext: omni.kit.usd.layers-2.6.1] startup
[6.833s] [ext: omni.kit.widget.context_menu-1.4.0] startup
[6.834s] [ext: omni.kit.context_menu-1.9.0] startup
[6.835s] [ext: omni.kit.helper.file_utils-0.1.10] startup
[6.836s] [ext: omni.kit.widget.nucleus_info-2.0.2] startup
[6.837s] [ext: omni.kit.search_core-1.0.8] startup
[6.837s] [ext: omni.kit.widget.path_field-2.0.13] startup
[6.838s] [ext: omni.kit.widget.browser_bar-2.0.10] startup
[6.838s] [ext: omni.kit.widget.filebrowser-2.13.4] startup
[6.841s] [ext: omni.kit.widget.options_menu-1.1.6] startup
[6.843s] [ext: omni.kit.widget.options_button-1.0.3] startup
[6.844s] [ext: omni.kit.widget.search_delegate-1.0.9] startup
[6.844s] [ext: omni.ui.scene-2.0.3] startup
[6.848s] [ext: omni.kit.window.filepicker-2.15.5] startup
[6.857s] [ext: omni.kit.window.file_importer-1.1.21] startup
[6.859s] [ext: omni.kit.material.library-3.1.2] startup
[6.862s] [ext: isaacsim.asset.transformer.rules-1.7.10] startup
[6.870s] [ext: omni.usdex.libs-2.2.2] startup
[6.876s] [ext: isaacsim.asset.importer.mjcf-3.10.1] startup
[6.877s] [ext: isaacsim.asset.importer.urdf-3.11.2] startup
[6.880s] [ext: omni.kit.primitive.mesh-1.1.0] startup
[6.882s] [ext: omni.kit.stage_template.core-1.1.22] startup
[6.883s] [ext: omni.kit.stage_templates-2.0.2] startup
[6.884s] [ext: omni.usd.metrics.assembler-110.1.2] startup
[6.886s] [ext: omni.warp.core-1.13.0] startup
[7.068s] [ext: isaacsim.core.experimental.utils-0.17.2] startup
[7.069s] [ext: omni.physics.stageupdate-110.1.13] startup
[7.071s] [ext: omni.physics.tensors-110.1.13] startup
[7.074s] [ext: omni.physx.tensors-110.1.13] startup
[7.077s] [ext: isaacsim.core.simulation_manager-1.15.6] startup
[7.087s] [ext: isaacsim.storage.native-1.9.3] startup
[7.088s] [ext: omni.usd.metrics.assembler.physics-110.1.13] startup
[7.089s] [ext: isaacsim.core.utils-4.1.7] startup
[7.090s] [ext: isaacsim.core.prims-0.11.7] startup
[7.956s] [ext: isaacsim.core.api-5.2.13] startup
[7.962s] [ext: isaacsim.core.cloner-1.7.3] startup
[7.963s] [ext: isaacsim.test.docstring-1.3.2] startup
[7.965s] [ext: isaacsim.core.experimental.prims-1.8.9] startup
[7.983s] [ext: isaacsim.core.experimental.primdata-0.3.2] startup
[7.985s] [ext: omni.graph.tools-1.81.0] startup
[8.003s] [ext: omni.graph-1.142.5] startup
[8.035s] [ext: isaacsim.core.experimental.actuators-0.1.2] startup
[8.047s] [ext: isaacsim.core.experimental.materials-0.7.1] startup
[8.050s] [ext: isaacsim.core.experimental.objects-0.8.1] startup
[8.104s] [ext: omni.hydra.engine.stats-1.0.5] startup
[8.106s] [ext: omni.hydra.rtx.shadercache.vulkan-1.0.0] startup
[8.106s] [ext: omni.index.libs-387500.4413.0] startup
[8.107s] [ext: omni.index-1.0.1] startup
[8.107s] [ext: omni.ujitso.client-0.0.0] startup
[8.107s] [ext: omni.usd.schema.playback-1.0.0] startup
[8.110s] [ext: omni.volume-0.5.2] startup
[8.113s] [ext: omni.hydra.rtx-1.0.4] startup
2026-09-29T12:02:14Z [8,103ms] [Warning] [omni.log] Source: omni.hydra was already registered.
[8.134s] [ext: omni.kit.hydra_texture-1.6.0] startup
[8.137s] [ext: omni.kit.raycast.query-1.2.0] startup
[8.140s] [ext: omni.kit.viewport.legacy_gizmos-1.0.24] startup
[8.142s] [ext: omni.kit.viewport.registry-104.0.6] startup
[8.143s] [ext: omni.kit.viewport.scene_camera_model-1.0.7] startup
[8.145s] [ext: omni.kit.widget.viewport-109.2.0] startup
[8.149s] [ext: omni.kit.window.drop_support-1.0.8] startup
[8.149s] [ext: omni.kit.viewport.window-109.0.2] startup
[8.163s] [ext: omni.kit.viewport.utility-2.0.1] startup
[8.164s] [ext: isaacsim.core.rendering_manager-0.4.3] startup
[8.184s] [ext: omni.graph.action_core-1.1.9] startup
[8.186s] [ext: omni.graph.action_nodes_core-2.11.0] startup
[8.187s] [ext: omni.graph.action_nodes-2.11.0] startup
[8.203s] [ext: omni.graph.action-2.10.2] startup
[8.204s] [ext: omni.graph.image.core-0.6.1] startup
[8.205s] [ext: omni.graph.image.nodes-1.3.1] startup
[8.205s] [ext: omni.graph.nodes_core-2.11.0] startup
[8.210s] [ext: omni.graph.nodes-2.12.0] startup
[8.214s] [ext: omni.kit.hotkeys.core-1.3.12] startup
[8.215s] [ext: omni.kit.property.adapter.core-1.1.1] startup
[8.217s] [ext: omni.kit.property.adapter.usd-1.0.5] startup
[8.218s] [ext: omni.kit.widget.filter-1.1.5] startup
[8.219s] [ext: omni.kit.widget.highlight_label-1.0.3] startup
[8.219s] [ext: omni.kit.widget.searchfield-1.1.8] startup
[8.220s] [ext: omni.kit.window.file_exporter-1.0.36] startup
[8.221s] [ext: omni.kit.widget.stage-4.4.0] startup
[8.229s] [ext: omni.kit.window.content_browser_registry-0.0.6] startup
[8.229s] [ext: omni.kit.window.file-2.0.10] startup
[8.232s] [ext: omni.kit.window.content_browser-3.1.8] startup
[8.241s] [ext: omni.kit.window.property-1.15.1] startup
[8.250s] [ext: omni.kit.property.usd-4.9.4] startup
[8.259s] [ext: omni.graph.scriptnode-2.10.2] startup
[8.267s] [ext: omni.kit.widget.searchable_combobox-1.0.7] startup
[8.268s] [ext: omni.kit.widget.settings-2.0.0] startup
[8.269s] [ext: omni.kit.window.preferences-1.8.3] startup
[8.273s] [ext: omni.kit.viewport.menubar.core-107.2.2] startup
[8.283s] [ext: omni.syntheticdata-0.6.15] startup
[8.306s] [ext: omni.replicator.nv-1.1.1] startup
[8.311s] [ext: omni.videoencoding-0.2.1] startup
[8.312s] [ext: omni.replicator.core-1.13.27] startup
2026-09-29T12:02:14Z [8,298ms] [Warning] [pxr.Semantics] pxr.Semantics is deprecated - please use Semantics instead
2026-09-29T12:02:14Z [8,365ms] [Warning] [omni.replicator.core.scripts.extension] No material configuration file, adding configuration to material settings directly.
[8.514s] [ext: isaacsim.core.nodes-5.10.5] startup
[8.540s] [ext: isaacsim.core.throttling-2.3.5] startup
[8.541s] [ext: omni.kit.manipulator.viewport-107.0.1] startup
[8.542s] [ext: omni.graph.visualization.nodes-2.1.4] startup
[8.554s] [ext: omni.kit.window.extensions-1.5.10] startup
[8.558s] [ext: isaacsim.gui.components-1.8.5] startup
[8.563s] [ext: isaacsim.robot.surface_gripper-3.6.2] startup
[8.573s] [ext: isaacsim.robot.manipulators-3.4.4] startup
[8.582s] [ext: isaacsim.robot_motion.lula-4.1.3] startup
[8.588s] [ext: isaacsim.robot_motion.motion_generation-8.2.9] startup
[8.592s] [ext: isaacsim.cortex.framework-1.0.18] startup
[8.594s] [ext: isaacsim.cortex.behaviors-2.0.17] startup
[8.595s] [ext: isaacsim.examples.base-1.3.2] startup
[8.597s] [ext: omni.kit.widget.zoombar-1.0.7] startup
[8.597s] [ext: omni.kit.browser.core-2.3.18] startup
[8.600s] [ext: omni.kit.browser.folder.core-2.0.2] startup
[8.603s] [ext: omni.kit.widget.stage_icons-1.0.8] startup
[8.604s] [ext: omni.kit.window.stage-2.6.1] startup
[8.607s] [ext: omni.kit.menu.stage-1.2.7] startup
[8.608s] [ext: omni.kit.usd.collect-3.0.6] startup
[8.610s] [ext: omni.kit.widget.prompt-1.0.7] startup
[8.611s] [ext: omni.kit.tool.collect-2.2.19] startup
[8.613s] [ext: isaacsim.examples.browser-0.3.2] startup
[8.615s] [ext: omni.kit.search.files-1.0.4] startup
[8.615s] [ext: omni.kit.widget.calendar-1.0.9] startup
[8.617s] [ext: omni.kit.widget.extended_searchfield-1.0.31] startup
[8.623s] [ext: omni.simready.content.browser-0.3.7] startup
[8.709s] [ext: isaacsim.gui.content_browser-0.4.3] startup
[8.711s] [ext: omni.kit.selection-0.1.6] startup
[8.712s] [ext: isaacsim.gui.menu-2.10.5] startup
[8.719s] [ext: isaacsim.gui.property-1.6.4] startup
[8.724s] [ext: omni.kit.viewport.actions-110.0.0] startup
[8.728s] [ext: omni.kit.viewport.menubar.display-107.1.3] startup
[8.730s] [ext: isaacsim.gui.sensors.icon-2.2.1] startup
[8.732s] [ext: omni.behavior.scripting.core-110.1.0] startup
[8.734s] [ext: isaacsim.replicator.behavior-1.5.4] startup
[8.735s] [ext: isaacsim.replicator.experimental.domain_randomization-1.2.5] startup
[8.748s] [ext: isaacsim.replicator.domain_randomization-1.2.2] startup
[8.815s] [ext: isaacsim.replicator.writers-1.5.4] startup
[8.836s] [ext: isaacsim.robot.experimental.wheeled_robots-0.2.11] startup
[8.856s] [ext: isaacsim.robot.policy.examples-5.2.12] startup
[8.874s] [ext: isaacsim.robot.wheeled_robots-5.2.4] startup
[8.877s] [ext: isaacsim.robot.wheeled_robots.nodes-0.1.5] startup
[8.893s] [ext: isaacsim.robot_motion.experimental.motion_generation-6.1.3] startup
[8.903s] [ext: isaacsim.robot_motion.cumotion-1.3.1] startup
[8.915s] [ext: omni.kit.numpy.common-0.1.3] startup
[8.916s] [ext: isaacsim.sensors.camera-1.7.9] startup
[8.943s] [ext: isaacsim.sensors.experimental.physics-3.0.2] startup
[8.950s] [ext: omni.sensors.net-1.0.1] startup
[8.952s] [ext: omni.sensors.nv.common-3.0.0] startup
[8.961s] [ext: omni.sensors.nv.materials-2.0.0] startup
[8.963s] [ext: omni.sensors.nv.acoustic-3.0.0] startup
[8.966s] [ext: omni.sensors.nv.ids-2.0.1] startup
[8.967s] [ext: omni.sensors.nv.lidar-3.0.0] startup
[8.970s] [ext: omni.sensors.nv.radar-3.0.0] startup
[8.972s] [ext: isaacsim.sensors.experimental.rtx-1.4.6] startup
[9.204s] [ext: isaacsim.sensors.physics.nodes-1.5.3] startup
[9.210s] [ext: isaacsim.util.debug_draw-3.2.3] startup
[9.214s] [ext: isaacsim.sensors.physx-2.5.5] startup
[9.220s] [ext: isaacsim.sensors.rtx-15.17.1] startup
[9.229s] [ext: isaacsim.simulation_app-2.18.4] startup
[9.229s] [ext: omni.anim.curve.core-1.6.0] startup
[9.238s] [ext: omni.graph.ui_nodes-2.11.1] startup
[9.257s] [ext: omni.hydra.scene_api-0.1.3] startup
[9.260s] [ext: omni.kit.manipulator.camera-110.0.0] startup
[9.264s] [ext: omni.kit.manipulator.selector-1.1.4] startup
[9.265s] [ext: omni.kit.manipulator.transform-107.0.0] startup
[9.268s] [ext: omni.kit.widget.toolbar-2.1.0] startup
[9.273s] [ext: omni.kit.manipulator.tool.snap-1.5.14] startup
[9.277s] [ext: omni.kit.viewport.manipulator.transform-107.0.4] startup
[9.278s] [ext: omni.kit.manipulator.prim.core-108.0.2] startup
[9.283s] [ext: omni.kit.manipulator.prim.usd-107.0.3] startup
[9.284s] [ext: omni.kit.manipulator.prim-108.0.0] startup
[9.284s] [ext: omni.kit.manipulator.selection-109.0.1] startup
[9.285s] [ext: omni.kit.menu.create-2.0.2] startup
[9.287s] [ext: omni.kit.property.audio-1.0.16] startup
[9.289s] [ext: omni.kit.property.camera-1.0.14] startup
[9.290s] [ext: omni.kit.property.geometry-2.1.2] startup
[9.293s] [ext: omni.kit.property.light-1.0.14] startup
2026-09-29T12:02:15Z [9,295ms] [Warning] [omni.usd] Encountered USD Warnings but USD Diagnostics are currently muted. To view USD Warnings, please set the '/persistent/app/usd/muteUsdDiagnostics' setting to false in Preferences page.
[9.319s] [ext: omni.kit.property.material-1.14.6] startup
[9.324s] [ext: omni.kit.property.render-1.2.2] startup
[9.325s] [ext: omni.kit.property.transform-1.6.9] startup
[9.328s] [ext: omni.kit.property.bundle-1.5.1] startup
[9.329s] [ext: omni.kit.usdz_export-1.1.0] startup
[9.331s] [ext: omni.kit.tool.asset_importer-6.0.1] startup
[9.336s] [ext: omni.kit.ui.actions-1.0.5] startup
[9.337s] [ext: omni.kit.viewport.menubar.camera-107.0.10] startup
[9.342s] [ext: omni.kit.viewport.menubar.lighting-107.3.2] startup
[9.344s] [ext: omni.kit.viewport.menubar.render-110.0.0] startup
[9.346s] [ext: omni.kit.viewport.menubar.settings-110.0.1] startup
[9.349s] [ext: omni.kit.window.console-1.1.9] startup
[9.352s] [ext: omni.kit.window.status_bar-0.1.11] startup
[9.354s] [ext: omni.kit.window.toolbar-3.0.3] startup
[9.356s] [ext: omni.ocio-0.1.1] startup
[9.357s] [ext: omni.physx.commands-110.1.13] startup
[9.360s] [ext: omni.replicator.replicator_yaml-2.0.12] startup
[9.369s] [ext: omni.rtx.window.settings-0.8.0] startup
[9.373s] [ext: omni.rtx.settings.core-0.7.1] startup
[9.375s] [ext: omni.usd.metrics.assembler.ui-110.1.1] startup
[9.381s] [ext: semantics.schema.editor-2.0.2] startup
[9.383s] [ext: semantics.schema.property-2.0.2] startup
[9.384s] [ext: omni.kit.menu.common-2.0.2] startup
[9.385s] [ext: isaacsim.exp.base-6.0.1] startup
[9.386s] [ext: isaacsim.exp.base.python-6.0.1] startup
[9.387s] Simulation App Starting
[10.432s] Simulation App Startup Complete
[10.437s] app ready
Starting kit application with the following args:  ['/home/starry/isaac-data/isaacsim/exts/isaacsim.simulation_app/isaacsim/simulation_app/simulation_app.py', '/home/starry/isaac-data/isaacsim/apps/isaacsim.exp.base.python.kit', '--/app/tokens/exe-path=/home/starry/isaac-data/isaacsim/kit', '--/persistent/app/viewport/displayOptions=3094', '--/rtx/materialDb/syncLoads=True', '--/rtx/hydra/materialSyncLoads=True', '--/omni/kit/plugin/syncUsdLoads=True', '--/app/renderer/resolution/width=1280', '--/app/renderer/resolution/height=720', '--/app/window/width=1440', '--/app/window/height=900', '--/renderer/multiGpu/enabled=False', '--/app/fastShutdown=True', '--/app/installSignalHandlers=0', '--ext-folder', '/home/starry/isaac-data/isaacsim/exts', '--ext-folder', '/home/starry/isaac-data/isaacsim/apps', '--/renderer/activeGpu=0', '--/physics/cudaDevice=0', '--/plugins/carb.tasking.plugin/threadCount=12', '--/plugins/omni.tbb.globalcontrol/maxThreadCount=12', '--portable', '--no-window', '--/app/window/hideUi=1']
Passing the following args to the base kit application:  []
Warp 1.13.0 initialized:
   CUDA Toolkit 12.9, Driver 13.0
   Devices:
     "cpu"      : "x86_64"
     "cuda:0"   : "NVIDIA GeForce RTX 5070" (11 GiB, sm_120, mempool enabled)
   Kernel cache:
     /home/starry/.cache/warp/1.13.0
[LIGHTING] sun=800.0 (1) dome=0.0 (1) ambient=0.05 constant_color=(0.6, 0.65, 0.7)
[RENDER] mode=MinimalRendering minimal_shading_mode=2 anti_aliasing=TAA
[DEPTH CAMERAS] count=4 resolution_each=320x240 horizontal_coverage=360deg
[ESDF] path=/home/starry/isaac-data/EGO1P1/scenes/ego_swarm_cloud/occupancy.bin shape=(400, 300, 50) resolution=0.40m
[depth_angular_controller-1] [INFO] [1790683338.983506119] [depth_angular_controller]: WAITING_ODOMETRY
[NAV] t=0.0s position=(-64.00,-11.20,2.80) yaw=1.2deg command=(0.00,0.00,0.00) manual_active=0 collision_blocks=0
[depth_angular_controller-1] [INFO] [1790683339.360034568] [depth_angular_controller]: WAITING_VERIFIED_START_POSE
[depth_angular_controller-1] [INFO] [1790683339.397378034] [depth_angular_controller]: VERIFIED_FREE_SEED center=(-64.000,-11.200,2.800) radius=2.500 balls=1: verified fixed Cloud free ball; USD and occupancy SHA-256 matched
[depth_angular_controller-1] [INFO] [1790683339.398174809] [depth_angular_controller]: ZERO_INTENT
[depth_angular_controller-1] [INFO] [1790683341.069496901] [depth_angular_controller]: 3D guidance switched to view 0
[depth_angular_controller-1] [INFO] [1790683341.071438445] [depth_angular_controller]: TARGET_HOLD
[depth_angular_controller-1] [INFO] [1790683341.071460716] [depth_angular_controller]: PAPER_BUILD reason=READY required=0.0100 best=8.0717 free=25 refined=0 tubes=0 revoked_tubes=0 proofs=0
[depth_angular_controller-1] [INFO] [1790683341.071471476] [depth_angular_controller]: PAPER_EVIDENCE retained=7 balls=1 revoked_balls=0 expired_views=0 evicted_views=0 radius=0.580 clearance=0.500 best_prefix=8.072
[depth_angular_controller-1] [INFO] [1790683341.271437089] [depth_angular_controller]: OUTSIDE_FLOW_BOX
[depth_angular_controller-1] [INFO] [1790683341.303720129] [depth_angular_controller]: TARGET_HOLD
[depth_angular_controller-1] [INFO] [1790683341.550287000] [depth_angular_controller]: INTENT_DIRECT
[depth_angular_controller-1] [INFO] [1790683341.610830301] [depth_angular_controller]: TARGET_HOLD
[depth_angular_controller-1] [INFO] [1790683341.982439980] [depth_angular_controller]: INTENT_DIRECT
[depth_angular_controller-1] [INFO] [1790683342.043330893] [depth_angular_controller]: TARGET_HOLD
[depth_angular_controller-1] [INFO] [1790683342.151841106] [depth_angular_controller]: INTENT_DIRECT
[depth_angular_controller-1] [INFO] [1790683342.183313245] [depth_angular_controller]: PAPER_BUILD reason=READY required=0.2704 best=8.0717 free=16 refined=0 tubes=2 revoked_tubes=0 proofs=49
[depth_angular_controller-1] [INFO] [1790683342.183397443] [depth_angular_controller]: PAPER_EVIDENCE retained=7 balls=3 revoked_balls=0 expired_views=0 evicted_views=0 radius=0.580 clearance=0.606 best_prefix=8.072
[10.975s] [ext: isaacsim.sensors.rtx.nodes-0.1.2] startup
[10.983s] [ext: isaacsim.ros2.core-1.9.4] startup
[10.997s] Attempting to load system rclpy
[10.997s] Could not import system rclpy: No module named 'rclpy'
[10.997s] Attempting to load internal rclpy for ROS Distro: humble
[11.008s] rclpy loaded
[11.011s] [ext: isaacsim.ros2.nodes-1.18.13] startup
[11.046s] [ext: isaacsim.ros2.examples-1.2.4] startup
[11.051s] [ext: isaacsim.ros2.ui-1.6.5] startup
[11.279s] [ext: isaacsim.ros2.bridge-5.1.2] startup
2026-09-29T12:02:19Z [13,217ms] [Warning] [omni.timeline.plugin] Deprecated: direct use of ITimeline callbacks is deprecated. Use ITimeline::getTimeline (Python: omni.timeline.get_timeline_interface) instead.
[depth_angular_controller-1] [INFO] [1790683342.648958905] [depth_angular_controller]: TARGET_HOLD
[depth_angular_controller-1] [INFO] [1790683343.108489089] [depth_angular_controller]: OUTSIDE_FLOW_BOX
[depth_angular_controller-1] [INFO] [1790683343.126594003] [depth_angular_controller]: TARGET_HOLD
[depth_angular_controller-1] [INFO] [1790683343.199554285] [depth_angular_controller]: OUTSIDE_FLOW_BOX
[depth_angular_controller-1] [INFO] [1790683343.216936854] [depth_angular_controller]: TARGET_HOLD
[depth_angular_controller-1] [INFO] [1790683343.291754713] [depth_angular_controller]: OUTSIDE_FLOW_BOX
[depth_angular_controller-1] [INFO] [1790683343.312958051] [depth_angular_controller]: TARGET_HOLD
[depth_angular_controller-1] [INFO] [1790683343.360257861] [depth_angular_controller]: PAPER_BUILD reason=READY required=0.9018 best=8.0717 free=38 refined=0 tubes=4 revoked_tubes=0 proofs=96
[depth_angular_controller-1] [INFO] [1790683343.360293047] [depth_angular_controller]: PAPER_EVIDENCE retained=11 balls=11 revoked_balls=0 expired_views=0 evicted_views=0 radius=0.580 clearance=0.500 best_prefix=8.072
[depth_angular_controller-1] [INFO] [1790683343.400809608] [depth_angular_controller]: OUTSIDE_FLOW_BOX
[depth_angular_controller-1] [INFO] [1790683343.408494138] [depth_angular_controller]: TARGET_HOLD
[depth_angular_controller-1] [INFO] [1790683343.507010698] [depth_angular_controller]: OUTSIDE_FLOW_BOX
[depth_angular_controller-1] [INFO] [1790683343.513265415] [depth_angular_controller]: TARGET_HOLD
[depth_angular_controller-1] [INFO] [1790683343.625034313] [depth_angular_controller]: OUTSIDE_FLOW_BOX
[depth_angular_controller-1] [INFO] [1790683343.632412819] [depth_angular_controller]: TARGET_HOLD
[depth_angular_controller-1] [INFO] [1790683343.711064912] [depth_angular_controller]: OUTSIDE_FLOW_BOX
[depth_angular_controller-1] [INFO] [1790683343.716679959] [depth_angular_controller]: TARGET_HOLD
[depth_angular_controller-1] [INFO] [1790683343.819916326] [depth_angular_controller]: OUTSIDE_FLOW_BOX
[depth_angular_controller-1] [INFO] [1790683343.829404110] [depth_angular_controller]: TARGET_HOLD
[depth_angular_controller-1] [INFO] [1790683343.909222011] [depth_angular_controller]: OUTSIDE_FLOW_BOX
[depth_angular_controller-1] [INFO] [1790683343.915197845] [depth_angular_controller]: TARGET_HOLD
[depth_angular_controller-1] [INFO] [1790683344.016489873] [depth_angular_controller]: OUTSIDE_FLOW_BOX
[depth_angular_controller-1] [INFO] [1790683344.026118882] [depth_angular_controller]: TARGET_HOLD
[depth_angular_controller-1] [INFO] [1790683344.114053544] [depth_angular_controller]: OUTSIDE_FLOW_BOX
[depth_angular_controller-1] [INFO] [1790683344.123519127] [depth_angular_controller]: TARGET_HOLD
[position_cmd_to_twist-2] [INFO] [1790683344.218491055] [position_cmd_to_twist]: [PERF BRIDGE] run=iteration4_ego1p1_1 elapsed=18.58s received=246 published=246 fps(ros/wall)=50.00/50.64 controller_to_bridge_ms(mean/p50/p95/max)=0.542/0.000/0.000/16.667 bridge_process_ms(mean/p95/max)=0.093/0.114/0.242
[depth_angular_controller-1] [INFO] [1790683344.222097492] [depth_angular_controller]: OUTSIDE_FLOW_BOX
[depth_angular_controller-1] [INFO] [1790683344.245048961] [depth_angular_controller]: TARGET_HOLD
[NAV] t=5.0s position=(-62.20,-10.77,2.78) yaw=9.9deg command=(0.09,0.03,-0.01) manual_active=1 collision_blocks=0
[depth_angular_controller-1] [INFO] [1790683344.294834556] [depth_angular_controller]: PAPER_BUILD reason=READY required=0.0440 best=8.0717 free=50 refined=0 tubes=5 revoked_tubes=0 proofs=128
[depth_angular_controller-1] [INFO] [1790683344.294870393] [depth_angular_controller]: PAPER_EVIDENCE retained=15 balls=15 revoked_balls=0 expired_views=0 evicted_views=0 radius=0.580 clearance=0.500 best_prefix=8.072
[depth_angular_controller-1] [INFO] [1790683344.351974691] [depth_angular_controller]: OUTSIDE_FLOW_BOX
[depth_angular_controller-1] [INFO] [1790683344.361508241] [depth_angular_controller]: [PERF CTRL] run=iteration4_ego1p1_1 elapsed=18.84s callbacks=255 commands=254 guidance=154 command_fps(ros/wall)=49.93/50.59 guidance_wall_fps=46.48 avoid_ms(mean/p50/p95/max)=1.103/0.054/8.653/15.170 cycle_ms(mean/p95/max)=19.769/35.157/92.983 depth_to_cmd_ms(mean/p95/max)=28.896/33.333/50.000 callback_to_publish_ms(mean/p95/max)=6.522/13.195/22.316
[depth_angular_controller-1] [INFO] [1790683344.361591397] [depth_angular_controller]: TRACKING
[depth_angular_controller-1] [INFO] [1790683344.461274847] [depth_angular_controller]: TARGET_HOLD
[depth_angular_controller-1] [INFO] [1790683345.010513491] [depth_angular_controller]: OUTSIDE_FLOW_BOX
[depth_angular_controller-1] [INFO] [1790683345.035072006] [depth_angular_controller]: TARGET_HOLD
[depth_angular_controller-1] [INFO] [1790683345.138741956] [depth_angular_controller]: OUTSIDE_FLOW_BOX
[depth_angular_controller-1] [INFO] [1790683345.147327978] [depth_angular_controller]: TARGET_HOLD
[depth_angular_controller-1] [INFO] [1790683345.233499482] [depth_angular_controller]: OUTSIDE_FLOW_BOX
[depth_angular_controller-1] [INFO] [1790683345.241788396] [depth_angular_controller]: TARGET_HOLD
[depth_angular_controller-1] [INFO] [1790683345.344229511] [depth_angular_controller]: OUTSIDE_FLOW_BOX
[depth_angular_controller-1] [INFO] [1790683345.355344799] [depth_angular_controller]: TARGET_HOLD
[depth_angular_controller-1] [INFO] [1790683345.369562419] [depth_angular_controller]: PAPER_BUILD reason=READY required=0.0432 best=8.0717 free=55 refined=0 tubes=6 revoked_tubes=0 proofs=128
[depth_angular_controller-1] [INFO] [1790683345.369601091] [depth_angular_controller]: PAPER_EVIDENCE retained=19 balls=17 revoked_balls=0 expired_views=0 evicted_views=0 radius=0.580 clearance=0.500 best_prefix=8.072
[depth_angular_controller-1] [INFO] [1790683345.436297489] [depth_angular_controller]: OUTSIDE_FLOW_BOX
[depth_angular_controller-1] [INFO] [1790683345.449515193] [depth_angular_controller]: TARGET_HOLD
[depth_angular_controller-1] [INFO] [1790683345.548697281] [depth_angular_controller]: OUTSIDE_FLOW_BOX
[depth_angular_controller-1] [INFO] [1790683345.557982826] [depth_angular_controller]: TRACKING
[depth_angular_controller-1] [INFO] [1790683345.601778891] [depth_angular_controller]: TARGET_HOLD
[depth_angular_controller-1] [INFO] [1790683345.646043385] [depth_angular_controller]: OUTSIDE_FLOW_BOX
[depth_angular_controller-1] [INFO] [1790683345.654618256] [depth_angular_controller]: TARGET_HOLD
[depth_angular_controller-1] [INFO] [1790683345.750801707] [depth_angular_controller]: OUTSIDE_FLOW_BOX
[depth_angular_controller-1] [INFO] [1790683345.758891027] [depth_angular_controller]: TRACKING
[depth_angular_controller-1] [INFO] [1790683345.806074458] [depth_angular_controller]: TARGET_HOLD
[depth_angular_controller-1] [INFO] [1790683346.077239609] [depth_angular_controller]: OUTSIDE_FLOW_BOX
[depth_angular_controller-1] [INFO] [1790683346.101290972] [depth_angular_controller]: STATE_OUTSIDE_FREE_DOMAIN
[depth_angular_controller-1] [INFO] [1790683346.172420970] [depth_angular_controller]: OUTSIDE_FLOW_BOX
[depth_angular_controller-1] [INFO] [1790683346.261551226] [depth_angular_controller]: TARGET_HOLD
[depth_angular_controller-1] [INFO] [1790683346.310298802] [depth_angular_controller]: PAPER_BUILD reason=READY required=0.0100 best=8.0717 free=21 refined=0 tubes=7 revoked_tubes=0 proofs=128
[depth_angular_controller-1] [INFO] [1790683346.310335691] [depth_angular_controller]: PAPER_EVIDENCE retained=23 balls=17 revoked_balls=0 expired_views=0 evicted_views=0 radius=0.580 clearance=0.500 best_prefix=8.072
[depth_angular_controller-1] [INFO] [1790683346.391271841] [depth_angular_controller]: 3D guidance switched to view 1
[depth_angular_controller-1] [INFO] [1790683346.494553572] [depth_angular_controller]: SINGULAR_FIELD
[depth_angular_controller-1] [INFO] [1790683346.503300055] [depth_angular_controller]: STATE_OUTSIDE_FREE_DOMAIN
[depth_angular_controller-1] [INFO] [1790683346.589975535] [depth_angular_controller]: SINGULAR_FIELD
[depth_angular_controller-1] [INFO] [1790683346.612703755] [depth_angular_controller]: 3D guidance switched to view 0
[depth_angular_controller-1] [INFO] [1790683346.613190038] [depth_angular_controller]: REFERENCE_INITIALIZATION
[depth_angular_controller-1] [INFO] [1790683346.641376120] [depth_angular_controller]: TARGET_HOLD
[depth_angular_controller-1] [INFO] [1790683346.736882701] [depth_angular_controller]: STATE_OUTSIDE_FREE_DOMAIN
[depth_angular_controller-1] [INFO] [1790683346.783511692] [depth_angular_controller]: REFERENCE_INITIALIZATION
[depth_angular_controller-1] [INFO] [1790683346.804683732] [depth_angular_controller]: TARGET_HOLD
[depth_angular_controller-1] [INFO] [1790683346.920761516] [depth_angular_controller]: 3D guidance switched to view 1
[depth_angular_controller-1] [INFO] [1790683347.028898779] [depth_angular_controller]: SINGULAR_FIELD
[depth_angular_controller-1] [INFO] [1790683347.037768504] [depth_angular_controller]: REFERENCE_INITIALIZATION
[depth_angular_controller-1] [INFO] [1790683347.126917785] [depth_angular_controller]: SINGULAR_FIELD
[depth_angular_controller-1] [INFO] [1790683347.135301668] [depth_angular_controller]: TARGET_HOLD
[depth_angular_controller-1] [INFO] [1790683347.298611234] [depth_angular_controller]: SINGULAR_FIELD
[depth_angular_controller-1] [INFO] [1790683347.371609477] [depth_angular_controller]: TARGET_HOLD
[depth_angular_controller-1] [INFO] [1790683347.391606222] [depth_angular_controller]: PAPER_BUILD reason=READY required=0.0189 best=8.0717 free=55 refined=0 tubes=8 revoked_tubes=0 proofs=128
[depth_angular_controller-1] [INFO] [1790683347.391650124] [depth_angular_controller]: PAPER_EVIDENCE retained=23 balls=18 revoked_balls=0 expired_views=0 evicted_views=0 radius=0.580 clearance=0.500 best_prefix=8.072
[depth_angular_controller-1] [INFO] [1790683347.439827030] [depth_angular_controller]: 3D guidance switched to view 0
[depth_angular_controller-1] [INFO] [1790683348.093476034] [depth_angular_controller]: OUTSIDE_FLOW_BOX
[depth_angular_controller-1] [INFO] [1790683348.102308629] [depth_angular_controller]: STATE_OUTSIDE_FREE_DOMAIN
[depth_angular_controller-1] [INFO] [1790683348.197497584] [depth_angular_controller]: OUTSIDE_FLOW_BOX
[depth_angular_controller-1] [INFO] [1790683348.464785268] [depth_angular_controller]: PAPER_BUILD reason=READY required=0.0827 best=8.0717 free=72 refined=0 tubes=10 revoked_tubes=0 proofs=128
[depth_angular_controller-1] [INFO] [1790683348.464825554] [depth_angular_controller]: PAPER_EVIDENCE retained=27 balls=20 revoked_balls=0 expired_views=0 evicted_views=0 radius=0.580 clearance=0.000 best_prefix=8.072
[depth_angular_controller-1] [INFO] [1790683348.653000481] [depth_angular_controller]: REFERENCE_INITIALIZATION
[depth_angular_controller-1] [INFO] [1790683348.674577661] [depth_angular_controller]: TARGET_HOLD
[depth_angular_controller-1] [INFO] [1790683348.789502261] [depth_angular_controller]: 3D guidance switched to view 1
[depth_angular_controller-1] [INFO] [1790683348.798654505] [depth_angular_controller]: TRACKING
[depth_angular_controller-1] [INFO] [1790683348.905907289] [depth_angular_controller]: TARGET_HOLD
[depth_angular_controller-1] [INFO] [1790683349.049643865] [depth_angular_controller]: 3D guidance switched to view 0
[depth_angular_controller-1] [INFO] [1790683349.322441339] [depth_angular_controller]: 3D guidance switched to view 1
[depth_angular_controller-1] [INFO] [1790683349.375221443] [depth_angular_controller]: [PERF CTRL] run=iteration4_ego1p1_1 elapsed=23.85s callbacks=497 commands=496 guidance=396 command_fps(ros/wall)=50.00/49.43 guidance_wall_fps=47.56 avoid_ms(mean/p50/p95/max)=1.368/0.081/8.700/15.170 cycle_ms(mean/p95/max)=20.233/37.757/92.983 depth_to_cmd_ms(mean/p95/max)=29.377/33.333/50.000 callback_to_publish_ms(mean/p95/max)=7.858/15.902/23.584
[position_cmd_to_twist-2] [INFO] [1790683349.378885989] [position_cmd_to_twist]: [PERF BRIDGE] run=iteration4_ego1p1_1 elapsed=23.74s received=496 published=496 fps(ros/wall)=50.00/49.43 controller_to_bridge_ms(mean/p50/p95/max)=1.008/0.000/16.667/16.667 bridge_process_ms(mean/p95/max)=0.100/0.127/0.547
[NAV] t=10.0s position=(-61.49,-10.31,2.80) yaw=9.7deg command=(0.30,0.60,0.05) manual_active=1 collision_blocks=0
[depth_angular_controller-1] [INFO] [1790683349.587731174] [depth_angular_controller]: PAPER_BUILD reason=READY required=0.2494 best=8.0717 free=61 refined=0 tubes=11 revoked_tubes=0 proofs=128
[depth_angular_controller-1] [INFO] [1790683349.587770618] [depth_angular_controller]: PAPER_EVIDENCE retained=31 balls=21 revoked_balls=0 expired_views=0 evicted_views=0 radius=0.580 clearance=0.646 best_prefix=8.072
[depth_angular_controller-1] [INFO] [1790683349.674795994] [depth_angular_controller]: CERTIFIED_DIRECT
[depth_angular_controller-1] [INFO] [1790683349.979191683] [depth_angular_controller]: 3D guidance switched to view 0
[depth_angular_controller-1] [INFO] [1790683350.721986843] [depth_angular_controller]: PAPER_BUILD reason=CERTIFIED_INTENT_CORRIDOR required=1.2171 best=7.2671 free=0 refined=0 tubes=15 revoked_tubes=0 proofs=128
[depth_angular_controller-1] [INFO] [1790683350.722029132] [depth_angular_controller]: PAPER_EVIDENCE retained=32 balls=29 revoked_balls=0 expired_views=0 evicted_views=3 radius=0.580 clearance=7.267 best_prefix=8.072
[depth_angular_controller-1] [INFO] [1790683351.736224725] [depth_angular_controller]: PAPER_BUILD reason=CERTIFIED_INTENT_CORRIDOR required=2.0465 best=8.0965 free=0 refined=0 tubes=19 revoked_tubes=0 proofs=128
[depth_angular_controller-1] [INFO] [1790683351.736635606] [depth_angular_controller]: PAPER_EVIDENCE retained=32 balls=32 revoked_balls=0 expired_views=0 evicted_views=7 radius=0.580 clearance=8.096 best_prefix=8.072
[depth_angular_controller-1] [INFO] [1790683352.752776729] [depth_angular_controller]: PAPER_BUILD reason=CERTIFIED_INTENT_CORRIDOR required=2.0665 best=8.1165 free=0 refined=0 tubes=23 revoked_tubes=0 proofs=128
[depth_angular_controller-1] [INFO] [1790683352.752820431] [depth_angular_controller]: PAPER_EVIDENCE retained=32 balls=32 revoked_balls=0 expired_views=0 evicted_views=11 radius=0.580 clearance=8.116 best_prefix=8.072
[depth_angular_controller-1] [INFO] [1790683353.055589808] [depth_angular_controller]: OUTSIDE_FLOW_BOX
[depth_angular_controller-1] [INFO] [1790683353.082542565] [depth_angular_controller]: INTENT_DIRECT
[depth_angular_controller-1] [INFO] [1790683353.185403688] [depth_angular_controller]: TARGET_HOLD
[depth_angular_controller-1] [INFO] [1790683353.404802657] [depth_angular_controller]: OUTSIDE_FLOW_BOX
[depth_angular_controller-1] [INFO] [1790683353.476599486] [depth_angular_controller]: CERTIFIED_DIRECT
[depth_angular_controller-1] [INFO] [1790683353.760903472] [depth_angular_controller]: PAPER_BUILD reason=CERTIFIED_INTENT_CORRIDOR required=0.8889 best=6.9389 free=0 refined=0 tubes=26 revoked_tubes=0 proofs=128
[depth_angular_controller-1] [INFO] [1790683353.760940322] [depth_angular_controller]: PAPER_EVIDENCE retained=32 balls=32 revoked_balls=0 expired_views=0 evicted_views=15 radius=0.580 clearance=6.939 best_prefix=8.072
[depth_angular_controller-1] [INFO] [1790683354.281378070] [depth_angular_controller]: TARGET_HOLD
[depth_angular_controller-1] [INFO] [1790683354.418774540] [depth_angular_controller]: [PERF CTRL] run=iteration4_ego1p1_1 elapsed=28.89s callbacks=733 commands=732 guidance=632 command_fps(ros/wall)=49.90/48.54 guidance_wall_fps=47.27 avoid_ms(mean/p50/p95/max)=1.107/0.156/8.560/32.386 cycle_ms(mean/p95/max)=20.600/38.133/97.118 depth_to_cmd_ms(mean/p95/max)=29.272/33.333/50.000 callback_to_publish_ms(mean/p95/max)=8.775/15.555/44.110
[depth_angular_controller-1] [INFO] [1790683354.418839882] [depth_angular_controller]: SINGULAR_FIELD
[depth_angular_controller-1] [INFO] [1790683354.430799084] [depth_angular_controller]: TARGET_HOLD
[depth_angular_controller-1] [INFO] [1790683354.513542114] [depth_angular_controller]: OUTSIDE_FLOW_BOX
[depth_angular_controller-1] [INFO] [1790683354.528872793] [depth_angular_controller]: TARGET_HOLD
[depth_angular_controller-1] [INFO] [1790683354.622681468] [depth_angular_controller]: OUTSIDE_FLOW_BOX
[position_cmd_to_twist-2] [INFO] [1790683354.629887550] [position_cmd_to_twist]: [PERF BRIDGE] run=iteration4_ego1p1_1 elapsed=29.00s received=741 published=741 fps(ros/wall)=49.78/48.48 controller_to_bridge_ms(mean/p50/p95/max)=1.215/0.000/16.667/33.333 bridge_process_ms(mean/p95/max)=0.109/0.141/2.887
[depth_angular_controller-1] [INFO] [1790683354.637223446] [depth_angular_controller]: TARGET_HOLD
[NAV] t=15.0s position=(-54.33,-8.40,2.83) yaw=9.4deg command=(0.61,0.07,-0.04) manual_active=1 collision_blocks=0
[depth_angular_controller-1] [INFO] [1790683354.708243748] [depth_angular_controller]: OUTSIDE_FLOW_BOX
[depth_angular_controller-1] [INFO] [1790683354.708278443] [depth_angular_controller]: PAPER_BUILD reason=READY required=0.3324 best=8.0717 free=92 refined=0 tubes=28 revoked_tubes=0 proofs=128
[depth_angular_controller-1] [INFO] [1790683354.708288342] [depth_angular_controller]: PAPER_EVIDENCE retained=32 balls=32 revoked_balls=0 expired_views=0 evicted_views=19 radius=0.580 clearance=0.000 best_prefix=8.072
[depth_angular_controller-1] [INFO] [1790683354.721021015] [depth_angular_controller]: TARGET_HOLD
[depth_angular_controller-1] [INFO] [1790683354.814285159] [depth_angular_controller]: OUTSIDE_FLOW_BOX
[depth_angular_controller-1] [INFO] [1790683354.827195024] [depth_angular_controller]: TARGET_HOLD
[depth_angular_controller-1] [INFO] [1790683354.952297744] [depth_angular_controller]: CERTIFIED_DIRECT
[depth_angular_controller-1] [INFO] [1790683355.484210656] [depth_angular_controller]: TARGET_HOLD
[depth_angular_controller-1] [INFO] [1790683355.794728624] [depth_angular_controller]: PAPER_BUILD reason=READY required=0.3817 best=8.0717 free=94 refined=0 tubes=30 revoked_tubes=0 proofs=128
[depth_angular_controller-1] [INFO] [1790683355.794764321] [depth_angular_controller]: PAPER_EVIDENCE retained=32 balls=32 revoked_balls=0 expired_views=0 evicted_views=23 radius=0.580 clearance=0.752 best_prefix=8.072
[depth_angular_controller-1] [INFO] [1790683356.753422685] [depth_angular_controller]: PAPER_BUILD reason=READY required=1.5628 best=8.0717 free=154 refined=0 tubes=33 revoked_tubes=0 proofs=128
[depth_angular_controller-1] [INFO] [1790683356.753465075] [depth_angular_controller]: PAPER_EVIDENCE retained=32 balls=32 revoked_balls=0 expired_views=0 evicted_views=27 radius=0.580 clearance=2.117 best_prefix=8.072
[depth_angular_controller-1] [INFO] [1790683357.761911148] [depth_angular_controller]: PAPER_BUILD reason=READY required=1.8864 best=8.0717 free=319 refined=0 tubes=37 revoked_tubes=0 proofs=128
[depth_angular_controller-1] [INFO] [1790683357.761953708] [depth_angular_controller]: PAPER_EVIDENCE retained=32 balls=32 revoked_balls=0 expired_views=0 evicted_views=31 radius=0.580 clearance=2.117 best_prefix=8.072
[depth_angular_controller-1] [INFO] [1790683358.475299856] [depth_angular_controller]: OUTSIDE_FLOW_BOX
[depth_angular_controller-1] [INFO] [1790683358.486822388] [depth_angular_controller]: TARGET_HOLD
[depth_angular_controller-1] [INFO] [1790683358.581713635] [depth_angular_controller]: OUTSIDE_FLOW_BOX
[depth_angular_controller-1] [INFO] [1790683358.594016251] [depth_angular_controller]: TARGET_HOLD
[depth_angular_controller-1] [INFO] [1790683358.693848490] [depth_angular_controller]: OUTSIDE_FLOW_BOX
[depth_angular_controller-1] [INFO] [1790683358.706687673] [depth_angular_controller]: TARGET_HOLD
[depth_angular_controller-1] [INFO] [1790683358.792945909] [depth_angular_controller]: OUTSIDE_FLOW_BOX
[depth_angular_controller-1] [INFO] [1790683358.792982919] [depth_angular_controller]: PAPER_BUILD reason=READY required=1.4617 best=8.0717 free=242 refined=0 tubes=41 revoked_tubes=0 proofs=128
[depth_angular_controller-1] [INFO] [1790683358.792992266] [depth_angular_controller]: PAPER_EVIDENCE retained=32 balls=32 revoked_balls=0 expired_views=0 evicted_views=35 radius=0.580 clearance=0.000 best_prefix=8.072
[depth_angular_controller-1] [INFO] [1790683358.804168399] [depth_angular_controller]: TARGET_HOLD
[depth_angular_controller-1] [INFO] [1790683358.880636964] [depth_angular_controller]: OUTSIDE_FLOW_BOX
[depth_angular_controller-1] [INFO] [1790683358.941692096] [depth_angular_controller]: TARGET_HOLD
[depth_angular_controller-1] [INFO] [1790683359.051587659] [depth_angular_controller]: OUTSIDE_FLOW_BOX
[depth_angular_controller-1] [INFO] [1790683359.067672002] [depth_angular_controller]: TARGET_HOLD
[depth_angular_controller-1] [INFO] [1790683359.176363766] [depth_angular_controller]: OUTSIDE_FLOW_BOX
[depth_angular_controller-1] [INFO] [1790683359.188866758] [depth_angular_controller]: TARGET_HOLD
[depth_angular_controller-1] [INFO] [1790683359.422461917] [depth_angular_controller]: [PERF CTRL] run=iteration4_ego1p1_1 elapsed=33.90s callbacks=973 commands=972 guidance=872 command_fps(ros/wall)=49.54/48.40 guidance_wall_fps=47.46 avoid_ms(mean/p50/p95/max)=1.679/0.163/11.241/32.386 cycle_ms(mean/p95/max)=20.662/40.051/97.273 depth_to_cmd_ms(mean/p95/max)=28.402/33.333/50.000 callback_to_publish_ms(mean/p95/max)=10.126/20.040/44.110
[depth_angular_controller-1] [INFO] [1790683359.778067593] [depth_angular_controller]: OUTSIDE_FLOW_BOX
[position_cmd_to_twist-2] [INFO] [1790683359.779476768] [position_cmd_to_twist]: [PERF BRIDGE] run=iteration4_ego1p1_1 elapsed=34.15s received=986 published=986 fps(ros/wall)=49.54/48.24 controller_to_bridge_ms(mean/p50/p95/max)=2.654/0.000/16.667/33.333 bridge_process_ms(mean/p95/max)=0.113/0.142/2.887
[depth_angular_controller-1] [INFO] [1790683359.790784577] [depth_angular_controller]: TARGET_HOLD
[NAV] t=20.0s position=(-48.42,-8.34,3.70) yaw=9.9deg command=(0.48,-0.29,-0.06) manual_active=1 collision_blocks=0
[depth_angular_controller-1] [INFO] [1790683359.863926651] [depth_angular_controller]: OUTSIDE_FLOW_BOX
[depth_angular_controller-1] [INFO] [1790683359.863961516] [depth_angular_controller]: PAPER_BUILD reason=READY required=0.2772 best=8.0717 free=139 refined=0 tubes=43 revoked_tubes=0 proofs=128
[depth_angular_controller-1] [INFO] [1790683359.863973228] [depth_angular_controller]: PAPER_EVIDENCE retained=32 balls=32 revoked_balls=0 expired_views=0 evicted_views=39 radius=0.580 clearance=0.000 best_prefix=8.072
[depth_angular_controller-1] [INFO] [1790683359.876300491] [depth_angular_controller]: TARGET_HOLD
[depth_angular_controller-1] [INFO] [1790683359.967441930] [depth_angular_controller]: OUTSIDE_FLOW_BOX
[depth_angular_controller-1] [INFO] [1790683359.980831617] [depth_angular_controller]: TARGET_HOLD
[depth_angular_controller-1] [INFO] [1790683360.072784950] [depth_angular_controller]: OUTSIDE_FLOW_BOX
[depth_angular_controller-1] [INFO] [1790683360.086017061] [depth_angular_controller]: TARGET_HOLD
[depth_angular_controller-1] [INFO] [1790683360.244899810] [depth_angular_controller]: SINGULAR_FIELD
[depth_angular_controller-1] [INFO] [1790683360.263352457] [depth_angular_controller]: TARGET_HOLD
[depth_angular_controller-1] [INFO] [1790683360.275149103] [depth_angular_controller]: 3D guidance switched to view 3
[depth_angular_controller-1] [INFO] [1790683360.591778098] [depth_angular_controller]: 3D guidance switched to view 0
[depth_angular_controller-1] [INFO] [1790683360.694400964] [depth_angular_controller]: OUTSIDE_FLOW_BOX
[depth_angular_controller-1] [INFO] [1790683360.709332142] [depth_angular_controller]: STATE_OUTSIDE_FREE_DOMAIN
[depth_angular_controller-1] [INFO] [1790683360.867350820] [depth_angular_controller]: OUTSIDE_FLOW_BOX
[depth_angular_controller-1] [INFO] [1790683360.934442319] [depth_angular_controller]: PAPER_BUILD reason=READY required=0.0866 best=8.0717 free=96 refined=0 tubes=45 revoked_tubes=0 proofs=128
[depth_angular_controller-1] [INFO] [1790683360.934477145] [depth_angular_controller]: PAPER_EVIDENCE retained=32 balls=32 revoked_balls=0 expired_views=0 evicted_views=43 radius=0.580 clearance=0.000 best_prefix=8.072
[depth_angular_controller-1] [INFO] [1790683361.030869568] [depth_angular_controller]: TARGET_HOLD
[depth_angular_controller-1] [INFO] [1790683361.189866241] [depth_angular_controller]: 3D guidance switched to view 3
[depth_angular_controller-1] [INFO] [1790683361.219331543] [depth_angular_controller]: OUTSIDE_FLOW_BOX
[depth_angular_controller-1] [INFO] [1790683361.238619708] [depth_angular_controller]: STATE_OUTSIDE_FREE_DOMAIN
[depth_angular_controller-1] [INFO] [1790683361.294083608] [depth_angular_controller]: 3D guidance switched to view 0
[depth_angular_controller-1] [INFO] [1790683361.294606539] [depth_angular_controller]: TARGET_HOLD
[depth_angular_controller-1] [INFO] [1790683361.445746058] [depth_angular_controller]: 3D guidance switched to view 3
[depth_angular_controller-1] [INFO] [1790683361.522462178] [depth_angular_controller]: OUTSIDE_FLOW_BOX
[depth_angular_controller-1] [INFO] [1790683361.538017208] [depth_angular_controller]: STATE_OUTSIDE_FREE_DOMAIN
[depth_angular_controller-1] [INFO] [1790683361.642463655] [depth_angular_controller]: OUTSIDE_FLOW_BOX
[depth_angular_controller-1] [INFO] [1790683361.662750905] [depth_angular_controller]: 3D guidance switched to view 0
[depth_angular_controller-1] [INFO] [1790683361.662950850] [depth_angular_controller]: TARGET_HOLD
[depth_angular_controller-1] [INFO] [1790683361.777015426] [depth_angular_controller]: 3D guidance switched to view 3
[depth_angular_controller-1] [INFO] [1790683361.777127687] [depth_angular_controller]: STATE_OUTSIDE_FREE_DOMAIN
[depth_angular_controller-1] [INFO] [1790683361.811368260] [depth_angular_controller]: TARGET_HOLD
[depth_angular_controller-1] [INFO] [1790683361.843233146] [depth_angular_controller]: OUTSIDE_FLOW_BOX
[depth_angular_controller-1] [INFO] [1790683361.862056278] [depth_angular_controller]: 3D guidance switched to view 0
[depth_angular_controller-1] [INFO] [1790683361.862259499] [depth_angular_controller]: TARGET_HOLD
[depth_angular_controller-1] [INFO] [1790683361.878865892] [depth_angular_controller]: PAPER_BUILD reason=READY required=0.0115 best=8.0717 free=78 refined=0 tubes=45 revoked_tubes=0 proofs=128
[depth_angular_controller-1] [INFO] [1790683361.878905326] [depth_angular_controller]: PAPER_EVIDENCE retained=32 balls=32 revoked_balls=0 expired_views=0 evicted_views=43 radius=0.580 clearance=0.500 best_prefix=8.072
[depth_angular_controller-1] [INFO] [1790683361.984645992] [depth_angular_controller]: 3D guidance switched to view 3
[depth_angular_controller-1] [INFO] [1790683361.984793238] [depth_angular_controller]: STATE_OUTSIDE_FREE_DOMAIN
[depth_angular_controller-1] [INFO] [1790683362.002587359] [depth_angular_controller]: TARGET_HOLD
[depth_angular_controller-1] [INFO] [1790683362.035397559] [depth_angular_controller]: OUTSIDE_FLOW_BOX
[depth_angular_controller-1] [INFO] [1790683362.052508779] [depth_angular_controller]: 3D guidance switched to view 0
[depth_angular_controller-1] [INFO] [1790683362.052795657] [depth_angular_controller]: TARGET_HOLD
[depth_angular_controller-1] [INFO] [1790683362.257510952] [depth_angular_controller]: 3D guidance switched to view 3
[depth_angular_controller-1] [INFO] [1790683362.257631107] [depth_angular_controller]: STATE_OUTSIDE_FREE_DOMAIN
[depth_angular_controller-1] [INFO] [1790683362.298605988] [depth_angular_controller]: OUTSIDE_FLOW_BOX
[depth_angular_controller-1] [INFO] [1790683362.319251400] [depth_angular_controller]: STATE_OUTSIDE_FREE_DOMAIN
[depth_angular_controller-1] [INFO] [1790683362.340289579] [depth_angular_controller]: 3D guidance switched to view 0
[depth_angular_controller-1] [INFO] [1790683362.340797823] [depth_angular_controller]: TARGET_HOLD
[depth_angular_controller-1] [INFO] [1790683362.489720210] [depth_angular_controller]: 3D guidance switched to view 3
[depth_angular_controller-1] [INFO] [1790683362.504713506] [depth_angular_controller]: OUTSIDE_FLOW_BOX
[depth_angular_controller-1] [INFO] [1790683362.526131177] [depth_angular_controller]: STATE_OUTSIDE_FREE_DOMAIN
[depth_angular_controller-1] [INFO] [1790683362.589346893] [depth_angular_controller]: 3D guidance switched to view 0
[depth_angular_controller-1] [INFO] [1790683362.601207490] [depth_angular_controller]: TARGET_HOLD
[depth_angular_controller-1] [INFO] [1790683362.742825571] [depth_angular_controller]: 3D guidance switched to view 3
[depth_angular_controller-1] [INFO] [1790683362.815534823] [depth_angular_controller]: OUTSIDE_FLOW_BOX
[depth_angular_controller-1] [INFO] [1790683362.839167340] [depth_angular_controller]: STATE_OUTSIDE_FREE_DOMAIN
[depth_angular_controller-1] [INFO] [1790683362.956949422] [depth_angular_controller]: OUTSIDE_FLOW_BOX
[depth_angular_controller-1] [INFO] [1790683362.957010877] [depth_angular_controller]: PAPER_BUILD reason=READY required=0.0290 best=8.0717 free=84 refined=0 tubes=46 revoked_tubes=0 proofs=128
[depth_angular_controller-1] [INFO] [1790683362.957019523] [depth_angular_controller]: PAPER_EVIDENCE retained=32 balls=32 revoked_balls=0 expired_views=0 evicted_views=43 radius=0.580 clearance=0.000 best_prefix=8.072
[depth_angular_controller-1] [INFO] [1790683362.997452918] [depth_angular_controller]: 3D guidance switched to view 0
[depth_angular_controller-1] [INFO] [1790683362.997685845] [depth_angular_controller]: TARGET_HOLD
[depth_angular_controller-1] [INFO] [1790683363.161758723] [depth_angular_controller]: 3D guidance switched to view 3
[depth_angular_controller-1] [INFO] [1790683363.176566511] [depth_angular_controller]: OUTSIDE_FLOW_BOX
[depth_angular_controller-1] [INFO] [1790683363.198946237] [depth_angular_controller]: STATE_OUTSIDE_FREE_DOMAIN
[depth_angular_controller-1] [INFO] [1790683363.263182579] [depth_angular_controller]: 3D guidance switched to view 0
[depth_angular_controller-1] [INFO] [1790683363.263770622] [depth_angular_controller]: TARGET_HOLD
[depth_angular_controller-1] [INFO] [1790683363.417914057] [depth_angular_controller]: 3D guidance switched to view 3
[depth_angular_controller-1] [INFO] [1790683363.522264194] [depth_angular_controller]: OUTSIDE_FLOW_BOX
[depth_angular_controller-1] [INFO] [1790683363.546279409] [depth_angular_controller]: STATE_OUTSIDE_FREE_DOMAIN
[depth_angular_controller-1] [INFO] [1790683363.625463611] [depth_angular_controller]: OUTSIDE_FLOW_BOX
[depth_angular_controller-1] [INFO] [1790683363.650176957] [depth_angular_controller]: 3D guidance switched to view 0
[depth_angular_controller-1] [INFO] [1790683363.651334118] [depth_angular_controller]: TARGET_HOLD
[depth_angular_controller-1] [INFO] [1790683363.786679578] [depth_angular_controller]: 3D guidance switched to view 3
[depth_angular_controller-1] [INFO] [1790683363.786761422] [depth_angular_controller]: STATE_OUTSIDE_FREE_DOMAIN
[depth_angular_controller-1] [INFO] [1790683363.884720586] [depth_angular_controller]: OUTSIDE_FLOW_BOX
[depth_angular_controller-1] [INFO] [1790683363.903545451] [depth_angular_controller]: 3D guidance switched to view 0
[depth_angular_controller-1] [INFO] [1790683363.903798195] [depth_angular_controller]: TARGET_HOLD
[depth_angular_controller-1] [INFO] [1790683363.975726662] [depth_angular_controller]: PAPER_BUILD reason=READY required=0.0150 best=8.0717 free=80 refined=0 tubes=46 revoked_tubes=0 proofs=128
[depth_angular_controller-1] [INFO] [1790683363.975767007] [depth_angular_controller]: PAPER_EVIDENCE retained=32 balls=32 revoked_balls=0 expired_views=0 evicted_views=43 radius=0.580 clearance=0.500 best_prefix=8.072
[depth_angular_controller-1] [INFO] [1790683364.036547594] [depth_angular_controller]: 3D guidance switched to view 3
[depth_angular_controller-1] [INFO] [1790683364.037133784] [depth_angular_controller]: STATE_OUTSIDE_FREE_DOMAIN
[depth_angular_controller-1] [INFO] [1790683364.106897718] [depth_angular_controller]: 3D guidance switched to view 0
[depth_angular_controller-1] [INFO] [1790683364.118424128] [depth_angular_controller]: TARGET_HOLD
[depth_angular_controller-1] [INFO] [1790683364.276450069] [depth_angular_controller]: 3D guidance switched to view 3
[depth_angular_controller-1] [INFO] [1790683364.375495692] [depth_angular_controller]: OUTSIDE_FLOW_BOX
[depth_angular_controller-1] [INFO] [1790683364.398871477] [depth_angular_controller]: STATE_OUTSIDE_FREE_DOMAIN
[depth_angular_controller-1] [INFO] [1790683364.445574046] [depth_angular_controller]: [PERF CTRL] run=iteration4_ego1p1_1 elapsed=38.92s callbacks=1187 commands=1186 guidance=1086 command_fps(ros/wall)=48.37/47.24 guidance_wall_fps=46.42 avoid_ms(mean/p50/p95/max)=1.918/0.154/13.455/32.386 cycle_ms(mean/p95/max)=21.169/40.854/97.273 depth_to_cmd_ms(mean/p95/max)=26.765/33.333/50.000 callback_to_publish_ms(mean/p95/max)=11.870/27.583/47.618
[depth_angular_controller-1] [INFO] [1790683364.493389163] [depth_angular_controller]: OUTSIDE_FLOW_BOX
[depth_angular_controller-1] [INFO] [1790683364.521702764] [depth_angular_controller]: 3D guidance switched to view 0
[depth_angular_controller-1] [INFO] [1790683364.521991827] [depth_angular_controller]: TARGET_HOLD
[depth_angular_controller-1] [INFO] [1790683364.644426159] [depth_angular_controller]: 3D guidance switched to view 3
[depth_angular_controller-1] [INFO] [1790683364.644538229] [depth_angular_controller]: STATE_OUTSIDE_FREE_DOMAIN
[depth_angular_controller-1] [INFO] [1790683364.663880986] [depth_angular_controller]: TARGET_HOLD
[depth_angular_controller-1] [INFO] [1790683364.704970833] [depth_angular_controller]: OUTSIDE_FLOW_BOX
[depth_angular_controller-1] [INFO] [1790683364.728986940] [depth_angular_controller]: STATE_OUTSIDE_FREE_DOMAIN
[depth_angular_controller-1] [INFO] [1790683364.772901497] [depth_angular_controller]: 3D guidance switched to view 0
[depth_angular_controller-1] [INFO] [1790683364.773699514] [depth_angular_controller]: TARGET_HOLD
[position_cmd_to_twist-2] [INFO] [1790683364.792821047] [position_cmd_to_twist]: [PERF BRIDGE] run=iteration4_ego1p1_1 elapsed=39.16s received=1198 published=1198 fps(ros/wall)=48.14/47.10 controller_to_bridge_ms(mean/p50/p95/max)=5.551/0.000/33.333/50.000 bridge_process_ms(mean/p95/max)=0.113/0.144/2.887
[NAV] t=25.0s position=(-48.12,-8.57,3.78) yaw=10.0deg command=(0.01,-0.02,0.02) manual_active=1 collision_blocks=0
[depth_angular_controller-1] [INFO] [1790683364.909615205] [depth_angular_controller]: PAPER_BUILD reason=READY required=0.0112 best=8.0717 free=16 refined=0 tubes=46 revoked_tubes=0 proofs=128
[depth_angular_controller-1] [INFO] [1790683364.909682912] [depth_angular_controller]: PAPER_EVIDENCE retained=32 balls=32 revoked_balls=0 expired_views=0 evicted_views=43 radius=0.580 clearance=0.500 best_prefix=8.072
[depth_angular_controller-1] [INFO] [1790683364.929109847] [depth_angular_controller]: 3D guidance switched to view 3
[depth_angular_controller-1] [INFO] [1790683365.017664934] [depth_angular_controller]: OUTSIDE_FLOW_BOX
[depth_angular_controller-1] [INFO] [1790683365.041997144] [depth_angular_controller]: STATE_OUTSIDE_FREE_DOMAIN
[depth_angular_controller-1] [INFO] [1790683365.120259255] [depth_angular_controller]: OUTSIDE_FLOW_BOX
[depth_angular_controller-1] [INFO] [1790683365.162156427] [depth_angular_controller]: 3D guidance switched to view 0
[depth_angular_controller-1] [INFO] [1790683365.162375037] [depth_angular_controller]: TARGET_HOLD
[depth_angular_controller-1] [INFO] [1790683365.342961504] [depth_angular_controller]: 3D guidance switched to view 3
[depth_angular_controller-1] [INFO] [1790683365.414315111] [depth_angular_controller]: OUTSIDE_FLOW_BOX
[depth_angular_controller-1] [INFO] [1790683365.432821479] [depth_angular_controller]: STATE_OUTSIDE_FREE_DOMAIN
[depth_angular_controller-1] [INFO] [1790683365.513893784] [depth_angular_controller]: OUTSIDE_FLOW_BOX
[depth_angular_controller-1] [INFO] [1790683365.554573030] [depth_angular_controller]: 3D guidance switched to view 0
[depth_angular_controller-1] [INFO] [1790683365.554798333] [depth_angular_controller]: TARGET_HOLD
[depth_angular_controller-1] [INFO] [1790683365.729619811] [depth_angular_controller]: 3D guidance switched to view 3
[depth_angular_controller-1] [INFO] [1790683365.873825658] [depth_angular_controller]: OUTSIDE_FLOW_BOX
[depth_angular_controller-1] [INFO] [1790683365.892554133] [depth_angular_controller]: STATE_OUTSIDE_FREE_DOMAIN
[depth_angular_controller-1] [INFO] [1790683365.916290234] [depth_angular_controller]: PAPER_BUILD reason=READY required=0.0266 best=8.0717 free=82 refined=0 tubes=46 revoked_tubes=0 proofs=128
[depth_angular_controller-1] [INFO] [1790683365.916333536] [depth_angular_controller]: PAPER_EVIDENCE retained=32 balls=32 revoked_balls=0 expired_views=0 evicted_views=43 radius=0.580 clearance=0.000 best_prefix=8.072
[depth_angular_controller-1] [INFO] [1790683365.992785420] [depth_angular_controller]: OUTSIDE_FLOW_BOX
[depth_angular_controller-1] [INFO] [1790683366.006328334] [depth_angular_controller]: 3D guidance switched to view 0
[depth_angular_controller-1] [INFO] [1790683366.006510466] [depth_angular_controller]: TARGET_HOLD
[depth_angular_controller-1] [INFO] [1790683366.182310971] [depth_angular_controller]: 3D guidance switched to view 3
[depth_angular_controller-1] [INFO] [1790683366.182436196] [depth_angular_controller]: STATE_OUTSIDE_FREE_DOMAIN
[depth_angular_controller-1] [INFO] [1790683366.224368594] [depth_angular_controller]: 3D guidance switched to view 0
[depth_angular_controller-1] [INFO] [1790683366.234964016] [depth_angular_controller]: TARGET_HOLD
[depth_angular_controller-1] [INFO] [1790683366.429119426] [depth_angular_controller]: 3D guidance switched to view 3
[depth_angular_controller-1] [INFO] [1790683366.509352776] [depth_angular_controller]: OUTSIDE_FLOW_BOX
[depth_angular_controller-1] [INFO] [1790683366.529760863] [depth_angular_controller]: STATE_OUTSIDE_FREE_DOMAIN
[depth_angular_controller-1] [INFO] [1790683366.606992981] [depth_angular_controller]: OUTSIDE_FLOW_BOX
[depth_angular_controller-1] [INFO] [1790683366.625395645] [depth_angular_controller]: 3D guidance switched to view 0
[depth_angular_controller-1] [INFO] [1790683366.625677904] [depth_angular_controller]: TARGET_HOLD
[depth_angular_controller-1] [INFO] [1790683366.744491422] [depth_angular_controller]: 3D guidance switched to view 3
[depth_angular_controller-1] [INFO] [1790683366.744616326] [depth_angular_controller]: STATE_OUTSIDE_FREE_DOMAIN
[depth_angular_controller-1] [INFO] [1790683366.788682728] [depth_angular_controller]: TARGET_HOLD
[depth_angular_controller-1] [INFO] [1790683366.801926481] [depth_angular_controller]: 3D guidance switched to view 0
[depth_angular_controller-1] [INFO] [1790683366.897321673] [depth_angular_controller]: 3D guidance switched to view 3
[depth_angular_controller-1] [INFO] [1790683366.936296040] [depth_angular_controller]: OUTSIDE_FLOW_BOX
[depth_angular_controller-1] [INFO] [1790683366.956283216] [depth_angular_controller]: STATE_OUTSIDE_FREE_DOMAIN
[depth_angular_controller-1] [INFO] [1790683366.998801633] [depth_angular_controller]: PAPER_BUILD reason=READY required=0.0148 best=8.0717 free=86 refined=0 tubes=46 revoked_tubes=0 proofs=128
[depth_angular_controller-1] [INFO] [1790683366.998841919] [depth_angular_controller]: PAPER_EVIDENCE retained=32 balls=32 revoked_balls=0 expired_views=0 evicted_views=45 radius=0.580 clearance=0.000 best_prefix=8.072
[depth_angular_controller-1] [INFO] [1790683367.012277030] [depth_angular_controller]: 3D guidance switched to view 0
[depth_angular_controller-1] [INFO] [1790683367.012424056] [depth_angular_controller]: TARGET_HOLD
[depth_angular_controller-1] [INFO] [1790683367.227301281] [depth_angular_controller]: 3D guidance switched to view 3
[depth_angular_controller-1] [INFO] [1790683367.303845619] [depth_angular_controller]: OUTSIDE_FLOW_BOX
[depth_angular_controller-1] [INFO] [1790683367.323892057] [depth_angular_controller]: STATE_OUTSIDE_FREE_DOMAIN
[depth_angular_controller-1] [INFO] [1790683367.409777774] [depth_angular_controller]: OUTSIDE_FLOW_BOX
[depth_angular_controller-1] [INFO] [1790683367.429101425] [depth_angular_controller]: 3D guidance switched to view 0
[depth_angular_controller-1] [INFO] [1790683367.429721629] [depth_angular_controller]: TARGET_HOLD
[depth_angular_controller-1] [INFO] [1790683367.558724748] [depth_angular_controller]: 3D guidance switched to view 3
[depth_angular_controller-1] [INFO] [1790683367.558853359] [depth_angular_controller]: STATE_OUTSIDE_FREE_DOMAIN
[depth_angular_controller-1] [INFO] [1790683367.607880651] [depth_angular_controller]: OUTSIDE_FLOW_BOX
[depth_angular_controller-1] [INFO] [1790683367.625157501] [depth_angular_controller]: 3D guidance switched to view 0
[depth_angular_controller-1] [INFO] [1790683367.625411057] [depth_angular_controller]: TARGET_HOLD
[depth_angular_controller-1] [INFO] [1790683367.760522077] [depth_angular_controller]: 3D guidance switched to view 3
[depth_angular_controller-1] [INFO] [1790683367.760647553] [depth_angular_controller]: STATE_OUTSIDE_FREE_DOMAIN
[depth_angular_controller-1] [INFO] [1790683367.812318595] [depth_angular_controller]: OUTSIDE_FLOW_BOX
[depth_angular_controller-1] [INFO] [1790683367.826422321] [depth_angular_controller]: 3D guidance switched to view 0
[depth_angular_controller-1] [INFO] [1790683367.827225378] [depth_angular_controller]: TARGET_HOLD
[depth_angular_controller-1] [INFO] [1790683367.947378991] [depth_angular_controller]: 3D guidance switched to view 3
[depth_angular_controller-1] [INFO] [1790683367.947462307] [depth_angular_controller]: STATE_OUTSIDE_FREE_DOMAIN
[depth_angular_controller-1] [INFO] [1790683368.054554459] [depth_angular_controller]: OUTSIDE_FLOW_BOX
[depth_angular_controller-1] [INFO] [1790683368.075160046] [depth_angular_controller]: 3D guidance switched to view 0
[depth_angular_controller-1] [INFO] [1790683368.075402571] [depth_angular_controller]: TARGET_HOLD
[depth_angular_controller-1] [INFO] [1790683368.075409995] [depth_angular_controller]: PAPER_BUILD reason=READY required=0.0146 best=8.0717 free=84 refined=0 tubes=46 revoked_tubes=0 proofs=128
[depth_angular_controller-1] [INFO] [1790683368.075419593] [depth_angular_controller]: PAPER_EVIDENCE retained=32 balls=32 revoked_balls=0 expired_views=0 evicted_views=46 radius=0.580 clearance=0.500 best_prefix=8.072
[depth_angular_controller-1] [INFO] [1790683368.201832131] [depth_angular_controller]: 3D guidance switched to view 3
[depth_angular_controller-1] [INFO] [1790683368.202010405] [depth_angular_controller]: STATE_OUTSIDE_FREE_DOMAIN
[depth_angular_controller-1] [INFO] [1790683368.257522786] [depth_angular_controller]: 3D guidance switched to view 0
[depth_angular_controller-1] [INFO] [1790683368.257763748] [depth_angular_controller]: REFERENCE_INITIALIZATION
[depth_angular_controller-1] [INFO] [1790683368.282027269] [depth_angular_controller]: TARGET_HOLD
[depth_angular_controller-1] [INFO] [1790683368.385635574] [depth_angular_controller]: 3D guidance switched to view 3
[depth_angular_controller-1] [INFO] [1790683368.402383672] [depth_angular_controller]: OUTSIDE_FLOW_BOX
[depth_angular_controller-1] [INFO] [1790683368.417021310] [depth_angular_controller]: STATE_OUTSIDE_FREE_DOMAIN
[depth_angular_controller-1] [INFO] [1790683368.477612452] [depth_angular_controller]: 3D guidance switched to view 0
[depth_angular_controller-1] [INFO] [1790683368.490996056] [depth_angular_controller]: TARGET_HOLD
[depth_angular_controller-1] [INFO] [1790683368.751930128] [depth_angular_controller]: OUTSIDE_FLOW_BOX
[depth_angular_controller-1] [INFO] [1790683368.765426264] [depth_angular_controller]: STATE_OUTSIDE_FREE_DOMAIN
[depth_angular_controller-1] [INFO] [1790683368.837527504] [depth_angular_controller]: TARGET_HOLD
[depth_angular_controller-1] [INFO] [1790683369.046347903] [depth_angular_controller]: OUTSIDE_FLOW_BOX
[depth_angular_controller-1] [INFO] [1790683369.067789689] [depth_angular_controller]: STATE_OUTSIDE_FREE_DOMAIN
[depth_angular_controller-1] [INFO] [1790683369.068238982] [depth_angular_controller]: PAPER_BUILD reason=READY required=0.0238 best=8.0717 free=69 refined=0 tubes=47 revoked_tubes=0 proofs=128
[depth_angular_controller-1] [INFO] [1790683369.068251185] [depth_angular_controller]: PAPER_EVIDENCE retained=32 balls=32 revoked_balls=0 expired_views=0 evicted_views=46 radius=0.580 clearance=0.000 best_prefix=8.072
[depth_angular_controller-1] [INFO] [1790683369.177179473] [depth_angular_controller]: TARGET_HOLD
[depth_angular_controller-1] [INFO] [1790683369.387507631] [depth_angular_controller]: OUTSIDE_FLOW_BOX
[depth_angular_controller-1] [INFO] [1790683369.399761355] [depth_angular_controller]: STATE_OUTSIDE_FREE_DOMAIN
[depth_angular_controller-1] [INFO] [1790683369.462103622] [depth_angular_controller]: [PERF CTRL] run=iteration4_ego1p1_1 elapsed=43.94s callbacks=1400 commands=1399 guidance=1299 command_fps(ros/wall)=47.44/46.44 guidance_wall_fps=45.72 avoid_ms(mean/p50/p95/max)=2.114/0.147/14.641/32.386 cycle_ms(mean/p95/max)=21.532/40.973/97.273 depth_to_cmd_ms(mean/p95/max)=25.648/33.333/50.000 callback_to_publish_ms(mean/p95/max)=13.152/30.227/47.709
[depth_angular_controller-1] [INFO] [1790683369.488682529] [depth_angular_controller]: OUTSIDE_FLOW_BOX
[depth_angular_controller-1] [INFO] [1790683369.502519043] [depth_angular_controller]: TARGET_HOLD
[depth_angular_controller-1] [INFO] [1790683369.809521333] [depth_angular_controller]: OUTSIDE_FLOW_BOX
[depth_angular_controller-1] [INFO] [1790683369.828745749] [depth_angular_controller]: STATE_OUTSIDE_FREE_DOMAIN
[position_cmd_to_twist-2] [INFO] [1790683369.879911323] [position_cmd_to_twist]: [PERF BRIDGE] run=iteration4_ego1p1_1 elapsed=44.25s received=1421 published=1421 fps(ros/wall)=47.49/46.53 controller_to_bridge_ms(mean/p50/p95/max)=7.389/0.000/33.333/50.000 bridge_process_ms(mean/p95/max)=0.113/0.143/2.887
[depth_angular_controller-1] [INFO] [1790683369.899524047] [depth_angular_controller]: OUTSIDE_FLOW_BOX
[NAV] t=30.0s position=(-47.98,-8.71,3.85) yaw=10.1deg command=(0.02,-0.01,-0.00) manual_active=1 collision_blocks=0
[depth_angular_controller-1] [INFO] [1790683370.005832027] [depth_angular_controller]: TARGET_HOLD
[depth_angular_controller-1] [INFO] [1790683370.020418158] [depth_angular_controller]: PAPER_BUILD reason=READY required=0.0100 best=8.0717 free=17 refined=0 tubes=47 revoked_tubes=0 proofs=128
[depth_angular_controller-1] [INFO] [1790683370.020458434] [depth_angular_controller]: PAPER_EVIDENCE retained=32 balls=32 revoked_balls=0 expired_views=0 evicted_views=47 radius=0.580 clearance=0.500 best_prefix=8.072
[depth_angular_controller-1] [INFO] [1790683370.239475647] [depth_angular_controller]: SINGULAR_FIELD
[depth_angular_controller-1] [INFO] [1790683370.252305633] [depth_angular_controller]: STATE_OUTSIDE_FREE_DOMAIN
[depth_angular_controller-1] [INFO] [1790683370.362302696] [depth_angular_controller]: OUTSIDE_FLOW_BOX
[depth_angular_controller-1] [INFO] [1790683370.374966270] [depth_angular_controller]: TRACKING
[depth_angular_controller-1] [INFO] [1790683370.448421311] [depth_angular_controller]: TARGET_HOLD
[depth_angular_controller-1] [INFO] [1790683370.495591828] [depth_angular_controller]: 3D guidance switched to view 3
[depth_angular_controller-1] [INFO] [1790683370.496034228] [depth_angular_controller]: SINGULAR_FIELD
[depth_angular_controller-1] [INFO] [1790683370.505321025] [depth_angular_controller]: TRACKING
[depth_angular_controller-1] [INFO] [1790683370.539932384] [depth_angular_controller]: TARGET_HOLD
[depth_angular_controller-1] [INFO] [1790683370.584880170] [depth_angular_controller]: 3D guidance switched to view 0
[depth_angular_controller-1] [INFO] [1790683370.912179549] [depth_angular_controller]: SINGULAR_FIELD
[depth_angular_controller-1] [INFO] [1790683370.932582866] [depth_angular_controller]: STATE_OUTSIDE_FREE_DOMAIN
[depth_angular_controller-1] [INFO] [1790683371.008912792] [depth_angular_controller]: OUTSIDE_FLOW_BOX
[depth_angular_controller-1] [INFO] [1790683371.035819603] [depth_angular_controller]: PAPER_BUILD reason=READY required=0.0439 best=8.0717 free=69 refined=0 tubes=48 revoked_tubes=0 proofs=128
[depth_angular_controller-1] [INFO] [1790683371.035856693] [depth_angular_controller]: PAPER_EVIDENCE retained=32 balls=32 revoked_balls=0 expired_views=0 evicted_views=47 radius=0.580 clearance=0.000 best_prefix=8.072
[depth_angular_controller-1] [INFO] [1790683371.087157631] [depth_angular_controller]: TARGET_HOLD
[depth_angular_controller-1] [INFO] [1790683371.244610006] [depth_angular_controller]: OUTSIDE_FLOW_BOX
[depth_angular_controller-1] [INFO] [1790683371.259990748] [depth_angular_controller]: STATE_OUTSIDE_FREE_DOMAIN
[depth_angular_controller-1] [INFO] [1790683371.315432346] [depth_angular_controller]: REFERENCE_INITIALIZATION
[depth_angular_controller-1] [INFO] [1790683371.327909600] [depth_angular_controller]: TARGET_HOLD
[depth_angular_controller-1] [INFO] [1790683371.453765643] [depth_angular_controller]: OUTSIDE_FLOW_BOX
[depth_angular_controller-1] [INFO] [1790683371.467015257] [depth_angular_controller]: TARGET_HOLD
[depth_angular_controller-1] [INFO] [1790683371.549378784] [depth_angular_controller]: OUTSIDE_FLOW_BOX
[depth_angular_controller-1] [INFO] [1790683371.566768928] [depth_angular_controller]: TARGET_HOLD
[depth_angular_controller-1] [INFO] [1790683371.663893425] [depth_angular_controller]: OUTSIDE_FLOW_BOX
[depth_angular_controller-1] [INFO] [1790683371.679563510] [depth_angular_controller]: STATE_OUTSIDE_FREE_DOMAIN
[depth_angular_controller-1] [INFO] [1790683371.702049917] [depth_angular_controller]: TARGET_HOLD
[depth_angular_controller-1] [INFO] [1790683371.904016434] [depth_angular_controller]: STATE_OUTSIDE_FREE_DOMAIN
[depth_angular_controller-1] [INFO] [1790683371.930529066] [depth_angular_controller]: TARGET_HOLD
[depth_angular_controller-1] [INFO] [1790683372.028433928] [depth_angular_controller]: OUTSIDE_FLOW_BOX
[depth_angular_controller-1] [INFO] [1790683372.048922525] [depth_angular_controller]: STATE_OUTSIDE_FREE_DOMAIN
[depth_angular_controller-1] [INFO] [1790683372.063829899] [depth_angular_controller]: PAPER_BUILD reason=READY required=0.0117 best=8.0717 free=30 refined=0 tubes=48 revoked_tubes=0 proofs=128
[depth_angular_controller-1] [INFO] [1790683372.063868291] [depth_angular_controller]: PAPER_EVIDENCE retained=32 balls=32 revoked_balls=0 expired_views=0 evicted_views=47 radius=0.580 clearance=0.000 best_prefix=8.072
[depth_angular_controller-1] [INFO] [1790683372.082438960] [depth_angular_controller]: TARGET_HOLD
[depth_angular_controller-1] [INFO] [1790683372.232882853] [depth_angular_controller]: SINGULAR_FIELD
[depth_angular_controller-1] [INFO] [1790683372.251630684] [depth_angular_controller]: TARGET_HOLD
[depth_angular_controller-1] [INFO] [1790683372.440492970] [depth_angular_controller]: OUTSIDE_FLOW_BOX
[depth_angular_controller-1] [INFO] [1790683372.454488303] [depth_angular_controller]: TARGET_HOLD
[depth_angular_controller-1] [INFO] [1790683372.535491067] [depth_angular_controller]: OUTSIDE_FLOW_BOX
[depth_angular_controller-1] [INFO] [1790683372.548821562] [depth_angular_controller]: TARGET_HOLD
[depth_angular_controller-1] [INFO] [1790683372.647506879] [depth_angular_controller]: OUTSIDE_FLOW_BOX
[depth_angular_controller-1] [INFO] [1790683372.660774816] [depth_angular_controller]: STATE_OUTSIDE_FREE_DOMAIN
[depth_angular_controller-1] [INFO] [1790683372.713591529] [depth_angular_controller]: TARGET_HOLD
[depth_angular_controller-1] [INFO] [1790683373.014267778] [depth_angular_controller]: PAPER_BUILD reason=READY required=0.0239 best=8.0717 free=76 refined=0 tubes=48 revoked_tubes=0 proofs=128
[depth_angular_controller-1] [INFO] [1790683373.014307102] [depth_angular_controller]: PAPER_EVIDENCE retained=32 balls=32 revoked_balls=0 expired_views=0 evicted_views=50 radius=0.580 clearance=0.500 best_prefix=8.072
[depth_angular_controller-1] [INFO] [1790683373.050238298] [depth_angular_controller]: OUTSIDE_FLOW_BOX
[depth_angular_controller-1] [INFO] [1790683373.064561636] [depth_angular_controller]: STATE_OUTSIDE_FREE_DOMAIN
[depth_angular_controller-1] [INFO] [1790683373.139755901] [depth_angular_controller]: OUTSIDE_FLOW_BOX
[depth_angular_controller-1] [INFO] [1790683373.256919512] [depth_angular_controller]: TARGET_HOLD
[depth_angular_controller-1] [INFO] [1790683373.723649927] [depth_angular_controller]: OUTSIDE_FLOW_BOX
[depth_angular_controller-1] [INFO] [1790683373.739145906] [depth_angular_controller]: STATE_OUTSIDE_FREE_DOMAIN
[depth_angular_controller-1] [INFO] [1790683373.837244261] [depth_angular_controller]: OUTSIDE_FLOW_BOX
[depth_angular_controller-1] [INFO] [1790683373.970921100] [depth_angular_controller]: TARGET_HOLD
[depth_angular_controller-1] [INFO] [1790683374.032585325] [depth_angular_controller]: PAPER_BUILD reason=READY required=0.0100 best=8.0717 free=15 refined=0 tubes=49 revoked_tubes=0 proofs=128
[depth_angular_controller-1] [INFO] [1790683374.032652461] [depth_angular_controller]: PAPER_EVIDENCE retained=32 balls=32 revoked_balls=0 expired_views=0 evicted_views=51 radius=0.580 clearance=0.500 best_prefix=8.072
[depth_angular_controller-1] [INFO] [1790683374.220638303] [depth_angular_controller]: OUTSIDE_FLOW_BOX
[depth_angular_controller-1] [INFO] [1790683374.233990158] [depth_angular_controller]: TARGET_HOLD
[depth_angular_controller-1] [INFO] [1790683374.316845829] [depth_angular_controller]: OUTSIDE_FLOW_BOX
[depth_angular_controller-1] [INFO] [1790683374.331544462] [depth_angular_controller]: STATE_OUTSIDE_FREE_DOMAIN
[depth_angular_controller-1] [INFO] [1790683374.401989404] [depth_angular_controller]: TARGET_HOLD
[depth_angular_controller-1] [INFO] [1790683374.484876034] [depth_angular_controller]: [PERF CTRL] run=iteration4_ego1p1_1 elapsed=48.96s callbacks=1653 commands=1652 guidance=1552 command_fps(ros/wall)=47.79/47.00 guidance_wall_fps=46.42 avoid_ms(mean/p50/p95/max)=2.158/0.145/14.007/32.386 cycle_ms(mean/p95/max)=21.275/40.756/97.273 depth_to_cmd_ms(mean/p95/max)=25.537/33.333/50.000 callback_to_publish_ms(mean/p95/max)=13.457/28.895/47.709
[depth_angular_controller-1] [INFO] [1790683374.796060853] [depth_angular_controller]: SINGULAR_FIELD
[depth_angular_controller-1] [INFO] [1790683374.805648935] [depth_angular_controller]: STATE_OUTSIDE_FREE_DOMAIN
[position_cmd_to_twist-2] [INFO] [1790683374.947730606] [position_cmd_to_twist]: [PERF BRIDGE] run=iteration4_ego1p1_1 elapsed=49.31s received=1670 published=1670 fps(ros/wall)=47.82/46.90 controller_to_bridge_ms(mean/p50/p95/max)=7.655/0.000/33.333/50.000 bridge_process_ms(mean/p95/max)=0.111/0.142/2.887
[depth_angular_controller-1] [INFO] [1790683374.970678849] [depth_angular_controller]: SINGULAR_FIELD
[NAV] t=35.0s position=(-47.66,-8.87,3.83) yaw=10.2deg command=(0.01,-0.00,0.00) manual_active=1 collision_blocks=0
[depth_angular_controller-1] [INFO] [1790683375.070796273] [depth_angular_controller]: TARGET_HOLD
[depth_angular_controller-1] [INFO] [1790683375.119199263] [depth_angular_controller]: PAPER_BUILD reason=READY required=0.0100 best=8.0717 free=15 refined=0 tubes=49 revoked_tubes=0 proofs=128
[depth_angular_controller-1] [INFO] [1790683375.119242023] [depth_angular_controller]: PAPER_EVIDENCE retained=32 balls=32 revoked_balls=0 expired_views=0 evicted_views=51 radius=0.580 clearance=0.500 best_prefix=8.072
[depth_angular_controller-1] [INFO] [1790683375.544317782] [depth_angular_controller]: OUTSIDE_FLOW_BOX
[depth_angular_controller-1] [INFO] [1790683375.558556722] [depth_angular_controller]: STATE_OUTSIDE_FREE_DOMAIN
[depth_angular_controller-1] [INFO] [1790683375.697884705] [depth_angular_controller]: OUTSIDE_FLOW_BOX
[depth_angular_controller-1] [INFO] [1790683375.876279990] [depth_angular_controller]: TARGET_HOLD
[depth_angular_controller-1] [INFO] [1790683376.111962376] [depth_angular_controller]: SINGULAR_FIELD
[depth_angular_controller-1] [INFO] [1790683376.125811284] [depth_angular_controller]: TARGET_HOLD
[depth_angular_controller-1] [INFO] [1790683376.253204201] [depth_angular_controller]: PAPER_BUILD reason=READY required=0.0266 best=8.0717 free=32 refined=0 tubes=49 revoked_tubes=0 proofs=128
[depth_angular_controller-1] [INFO] [1790683376.253248584] [depth_angular_controller]: PAPER_EVIDENCE retained=32 balls=32 revoked_balls=0 expired_views=0 evicted_views=54 radius=0.580 clearance=0.500 best_prefix=8.072
[depth_angular_controller-1] [INFO] [1790683376.286366201] [depth_angular_controller]: OUTSIDE_FLOW_BOX
[depth_angular_controller-1] [INFO] [1790683376.301511271] [depth_angular_controller]: TARGET_HOLD
[depth_angular_controller-1] [INFO] [1790683376.385608953] [depth_angular_controller]: OUTSIDE_FLOW_BOX
[depth_angular_controller-1] [INFO] [1790683376.400813845] [depth_angular_controller]: STATE_OUTSIDE_FREE_DOMAIN
[depth_angular_controller-1] [INFO] [1790683376.450179051] [depth_angular_controller]: TARGET_HOLD
[depth_angular_controller-1] [INFO] [1790683376.909492849] [depth_angular_controller]: OUTSIDE_FLOW_BOX
[depth_angular_controller-1] [INFO] [1790683376.922544380] [depth_angular_controller]: STATE_OUTSIDE_FREE_DOMAIN
[depth_angular_controller-1] [INFO] [1790683377.070763378] [depth_angular_controller]: OUTSIDE_FLOW_BOX
[depth_angular_controller-1] [INFO] [1790683377.279134604] [depth_angular_controller]: TARGET_HOLD
[depth_angular_controller-1] [INFO] [1790683377.279168548] [depth_angular_controller]: PAPER_BUILD reason=READY required=0.0135 best=8.0717 free=73 refined=0 tubes=50 revoked_tubes=0 proofs=128
[depth_angular_controller-1] [INFO] [1790683377.279177635] [depth_angular_controller]: PAPER_EVIDENCE retained=32 balls=32 revoked_balls=0 expired_views=0 evicted_views=55 radius=0.580 clearance=0.500 best_prefix=8.072
[depth_angular_controller-1] [INFO] [1790683377.558610640] [depth_angular_controller]: OUTSIDE_FLOW_BOX
[depth_angular_controller-1] [INFO] [1790683377.580480079] [depth_angular_controller]: STATE_OUTSIDE_FREE_DOMAIN
[depth_angular_controller-1] [INFO] [1790683377.671078159] [depth_angular_controller]: OUTSIDE_FLOW_BOX
[depth_angular_controller-1] [INFO] [1790683377.780060939] [depth_angular_controller]: TARGET_HOLD
[depth_angular_controller-1] [INFO] [1790683378.108285263] [depth_angular_controller]: SINGULAR_FIELD
[depth_angular_controller-1] [INFO] [1790683378.123102448] [depth_angular_controller]: STATE_OUTSIDE_FREE_DOMAIN
[depth_angular_controller-1] [INFO] [1790683378.294591954] [depth_angular_controller]: OUTSIDE_FLOW_BOX
[depth_angular_controller-1] [INFO] [1790683378.316394828] [depth_angular_controller]: TARGET_HOLD
[depth_angular_controller-1] [INFO] [1790683378.434007201] [depth_angular_controller]: PAPER_BUILD reason=READY required=0.0100 best=8.0717 free=16 refined=0 tubes=50 revoked_tubes=0 proofs=128
[depth_angular_controller-1] [INFO] [1790683378.434046896] [depth_angular_controller]: PAPER_EVIDENCE retained=32 balls=32 revoked_balls=0 expired_views=0 evicted_views=58 radius=0.580 clearance=0.500 best_prefix=8.072
[depth_angular_controller-1] [INFO] [1790683378.538010046] [depth_angular_controller]: OUTSIDE_FLOW_BOX
[depth_angular_controller-1] [INFO] [1790683378.561750015] [depth_angular_controller]: STATE_OUTSIDE_FREE_DOMAIN
[depth_angular_controller-1] [INFO] [1790683378.644227607] [depth_angular_controller]: OUTSIDE_FLOW_BOX
[depth_angular_controller-1] [INFO] [1790683378.660015263] [depth_angular_controller]: TARGET_HOLD
[depth_angular_controller-1] [INFO] [1790683378.900284476] [depth_angular_controller]: OUTSIDE_FLOW_BOX
[depth_angular_controller-1] [INFO] [1790683378.927817052] [depth_angular_controller]: TARGET_HOLD
[depth_angular_controller-1] [INFO] [1790683378.989578910] [depth_angular_controller]: OUTSIDE_FLOW_BOX
[depth_angular_controller-1] [INFO] [1790683379.015844709] [depth_angular_controller]: STATE_OUTSIDE_FREE_DOMAIN
[depth_angular_controller-1] [INFO] [1790683379.071078166] [depth_angular_controller]: TARGET_HOLD
[depth_angular_controller-1] [INFO] [1790683379.334724007] [depth_angular_controller]: OUTSIDE_FLOW_BOX
[depth_angular_controller-1] [INFO] [1790683379.362790725] [depth_angular_controller]: STATE_OUTSIDE_FREE_DOMAIN
[depth_angular_controller-1] [INFO] [1790683379.430767766] [depth_angular_controller]: OUTSIDE_FLOW_BOX
[depth_angular_controller-1] [INFO] [1790683379.458073736] [depth_angular_controller]: PAPER_BUILD reason=READY required=0.0327 best=8.0717 free=37 refined=0 tubes=50 revoked_tubes=0 proofs=128
[depth_angular_controller-1] [INFO] [1790683379.458491561] [depth_angular_controller]: PAPER_EVIDENCE retained=32 balls=32 revoked_balls=0 expired_views=0 evicted_views=58 radius=0.580 clearance=0.000 best_prefix=8.072
[depth_angular_controller-1] [INFO] [1790683379.483869193] [depth_angular_controller]: TARGET_HOLD
[depth_angular_controller-1] [INFO] [1790683379.527494196] [depth_angular_controller]: [PERF CTRL] run=iteration4_ego1p1_1 elapsed=54.00s callbacks=1858 commands=1857 guidance=1757 command_fps(ros/wall)=47.39/46.21 guidance_wall_fps=45.66 avoid_ms(mean/p50/p95/max)=2.262/0.144/14.330/32.386 cycle_ms(mean/p95/max)=21.642/41.288/100.847 depth_to_cmd_ms(mean/p95/max)=25.175/33.333/50.000 callback_to_publish_ms(mean/p95/max)=14.100/30.157/47.709
[depth_angular_controller-1] [INFO] [1790683379.727373917] [depth_angular_controller]: OUTSIDE_FLOW_BOX
[depth_angular_controller-1] [INFO] [1790683379.753308044] [depth_angular_controller]: STATE_OUTSIDE_FREE_DOMAIN
[depth_angular_controller-1] [INFO] [1790683379.849624785] [depth_angular_controller]: OUTSIDE_FLOW_BOX
[depth_angular_controller-1] [INFO] [1790683379.879250880] [depth_angular_controller]: TARGET_HOLD
[depth_angular_controller-1] [INFO] [1790683380.070609280] [depth_angular_controller]: OUTSIDE_FLOW_BOX
[depth_angular_controller-1] [INFO] [1790683380.099893333] [depth_angular_controller]: STATE_OUTSIDE_FREE_DOMAIN
[depth_angular_controller-1] [INFO] [1790683380.177700961] [depth_angular_controller]: OUTSIDE_FLOW_BOX
[position_cmd_to_twist-2] [INFO] [1790683380.187589357] [position_cmd_to_twist]: [PERF BRIDGE] run=iteration4_ego1p1_1 elapsed=54.55s received=1877 published=1877 fps(ros/wall)=47.08/45.96 controller_to_bridge_ms(mean/p50/p95/max)=8.791/0.000/33.333/50.000 bridge_process_ms(mean/p95/max)=0.112/0.142/2.887
[depth_angular_controller-1] [INFO] [1790683380.210158198] [depth_angular_controller]: TARGET_HOLD
[NAV] t=40.0s position=(-47.31,-9.02,3.82) yaw=10.3deg command=(0.01,-0.01,0.00) manual_active=1 collision_blocks=0
[depth_angular_controller-1] [INFO] [1790683380.392716335] [depth_angular_controller]: OUTSIDE_FLOW_BOX
[depth_angular_controller-1] [INFO] [1790683380.392755218] [depth_angular_controller]: PAPER_BUILD reason=READY required=0.0175 best=8.0717 free=33 refined=0 tubes=51 revoked_tubes=0 proofs=128
[depth_angular_controller-1] [INFO] [1790683380.392767561] [depth_angular_controller]: PAPER_EVIDENCE retained=32 balls=32 revoked_balls=0 expired_views=0 evicted_views=59 radius=0.580 clearance=0.000 best_prefix=8.072
[depth_angular_controller-1] [INFO] [1790683380.422360032] [depth_angular_controller]: STATE_OUTSIDE_FREE_DOMAIN
[depth_angular_controller-1] [INFO] [1790683380.494729636] [depth_angular_controller]: OUTSIDE_FLOW_BOX
[depth_angular_controller-1] [INFO] [1790683380.522728828] [depth_angular_controller]: TARGET_HOLD
[depth_angular_controller-1] [INFO] [1790683380.775892949] [depth_angular_controller]: OUTSIDE_FLOW_BOX
[depth_angular_controller-1] [INFO] [1790683380.808126917] [depth_angular_controller]: STATE_OUTSIDE_FREE_DOMAIN
[depth_angular_controller-1] [INFO] [1790683380.883092352] [depth_angular_controller]: OUTSIDE_FLOW_BOX
[depth_angular_controller-1] [INFO] [1790683380.913387301] [depth_angular_controller]: TARGET_HOLD
[depth_angular_controller-1] [INFO] [1790683381.097176728] [depth_angular_controller]: OUTSIDE_FLOW_BOX
[depth_angular_controller-1] [INFO] [1790683381.129321128] [depth_angular_controller]: STATE_OUTSIDE_FREE_DOMAIN
[depth_angular_controller-1] [INFO] [1790683381.204414444] [depth_angular_controller]: OUTSIDE_FLOW_BOX
[depth_angular_controller-1] [INFO] [1790683381.235243105] [depth_angular_controller]: TARGET_HOLD
[depth_angular_controller-1] [INFO] [1790683381.395556348] [depth_angular_controller]: OUTSIDE_FLOW_BOX
[depth_angular_controller-1] [INFO] [1790683381.395593317] [depth_angular_controller]: PAPER_BUILD reason=READY required=0.0140 best=8.0717 free=36 refined=0 tubes=51 revoked_tubes=0 proofs=128
[depth_angular_controller-1] [INFO] [1790683381.395603446] [depth_angular_controller]: PAPER_EVIDENCE retained=32 balls=32 revoked_balls=0 expired_views=0 evicted_views=59 radius=0.580 clearance=0.000 best_prefix=8.072
[depth_angular_controller-1] [INFO] [1790683381.426735296] [depth_angular_controller]: TARGET_HOLD
[depth_angular_controller-1] [INFO] [1790683381.531956788] [depth_angular_controller]: OUTSIDE_FLOW_BOX
[depth_angular_controller-1] [INFO] [1790683381.563326504] [depth_angular_controller]: STATE_OUTSIDE_FREE_DOMAIN
[depth_angular_controller-1] [INFO] [1790683381.643385968] [depth_angular_controller]: TARGET_HOLD
[depth_angular_controller-1] [INFO] [1790683381.936226764] [depth_angular_controller]: OUTSIDE_FLOW_BOX
[depth_angular_controller-1] [INFO] [1790683381.968840254] [depth_angular_controller]: STATE_OUTSIDE_FREE_DOMAIN
[depth_angular_controller-1] [INFO] [1790683382.043754944] [depth_angular_controller]: OUTSIDE_FLOW_BOX
[depth_angular_controller-1] [INFO] [1790683382.077167073] [depth_angular_controller]: TARGET_HOLD
[depth_angular_controller-1] [INFO] [1790683382.419672416] [depth_angular_controller]: SINGULAR_FIELD
[depth_angular_controller-1] [INFO] [1790683382.449584327] [depth_angular_controller]: STATE_OUTSIDE_FREE_DOMAIN
[depth_angular_controller-1] [INFO] [1790683382.480299976] [depth_angular_controller]: PAPER_BUILD reason=READY required=0.0365 best=8.0717 free=39 refined=0 tubes=51 revoked_tubes=0 proofs=128
[depth_angular_controller-1] [INFO] [1790683382.480339921] [depth_angular_controller]: PAPER_EVIDENCE retained=32 balls=32 revoked_balls=0 expired_views=0 evicted_views=59 radius=0.580 clearance=0.000 best_prefix=8.072
[depth_angular_controller-1] [INFO] [1790683382.530686237] [depth_angular_controller]: SINGULAR_FIELD
[depth_angular_controller-1] [INFO] [1790683382.612922476] [depth_angular_controller]: TARGET_HOLD
[depth_angular_controller-1] [INFO] [1790683382.798552387] [depth_angular_controller]: OUTSIDE_FLOW_BOX
[depth_angular_controller-1] [INFO] [1790683382.823074534] [depth_angular_controller]: STATE_OUTSIDE_FREE_DOMAIN
[depth_angular_controller-1] [INFO] [1790683382.939294114] [depth_angular_controller]: TARGET_HOLD
[depth_angular_controller-1] [INFO] [1790683383.147942620] [depth_angular_controller]: OUTSIDE_FLOW_BOX
[depth_angular_controller-1] [INFO] [1790683383.181010723] [depth_angular_controller]: STATE_OUTSIDE_FREE_DOMAIN
[depth_angular_controller-1] [INFO] [1790683383.272298357] [depth_angular_controller]: TARGET_HOLD
[depth_angular_controller-1] [INFO] [1790683383.474804687] [depth_angular_controller]: SINGULAR_FIELD
[depth_angular_controller-1] [INFO] [1790683383.507105751] [depth_angular_controller]: STATE_OUTSIDE_FREE_DOMAIN
[depth_angular_controller-1] [INFO] [1790683383.537605565] [depth_angular_controller]: PAPER_BUILD reason=READY required=0.0237 best=8.0717 free=36 refined=0 tubes=52 revoked_tubes=0 proofs=128
[depth_angular_controller-1] [INFO] [1790683383.537641392] [depth_angular_controller]: PAPER_EVIDENCE retained=32 balls=32 revoked_balls=0 expired_views=0 evicted_views=59 radius=0.580 clearance=0.000 best_prefix=8.072
[depth_angular_controller-1] [INFO] [1790683383.572527247] [depth_angular_controller]: OUTSIDE_FLOW_BOX
[depth_angular_controller-1] [INFO] [1790683383.691342858] [depth_angular_controller]: TARGET_HOLD
[depth_angular_controller-1] [INFO] [1790683383.918593983] [depth_angular_controller]: SINGULAR_FIELD
[depth_angular_controller-1] [INFO] [1790683383.953003583] [depth_angular_controller]: STATE_OUTSIDE_FREE_DOMAIN
[depth_angular_controller-1] [INFO] [1790683384.030203532] [depth_angular_controller]: SINGULAR_FIELD
[depth_angular_controller-1] [INFO] [1790683384.060719025] [depth_angular_controller]: TARGET_HOLD
[depth_angular_controller-1] [INFO] [1790683384.232035687] [depth_angular_controller]: OUTSIDE_FLOW_BOX
[depth_angular_controller-1] [INFO] [1790683384.264714199] [depth_angular_controller]: TARGET_HOLD
[depth_angular_controller-1] [INFO] [1790683384.340554275] [depth_angular_controller]: OUTSIDE_FLOW_BOX
[depth_angular_controller-1] [INFO] [1790683384.373253737] [depth_angular_controller]: STATE_OUTSIDE_FREE_DOMAIN
[depth_angular_controller-1] [INFO] [1790683384.463919524] [depth_angular_controller]: TARGET_HOLD
[depth_angular_controller-1] [INFO] [1790683384.554751624] [depth_angular_controller]: [PERF CTRL] run=iteration4_ego1p1_1 elapsed=59.03s callbacks=1993 commands=1992 guidance=1892 command_fps(ros/wall)=45.08/44.05 guidance_wall_fps=43.49 avoid_ms(mean/p50/p95/max)=2.496/0.147/14.969/32.386 cycle_ms(mean/p95/max)=22.699/45.895/100.847 depth_to_cmd_ms(mean/p95/max)=24.692/33.333/50.000 callback_to_publish_ms(mean/p95/max)=15.518/34.810/59.587
[depth_angular_controller-1] [INFO] [1790683384.554829440] [depth_angular_controller]: PAPER_BUILD reason=READY required=0.0100 best=8.0717 free=15 refined=0 tubes=52 revoked_tubes=0 proofs=128
[depth_angular_controller-1] [INFO] [1790683384.554838948] [depth_angular_controller]: PAPER_EVIDENCE retained=32 balls=32 revoked_balls=0 expired_views=0 evicted_views=62 radius=0.580 clearance=0.500 best_prefix=8.072
[depth_angular_controller-1] [INFO] [1790683384.635293443] [depth_angular_controller]: OUTSIDE_FLOW_BOX
[depth_angular_controller-1] [INFO] [1790683384.668206426] [depth_angular_controller]: STATE_OUTSIDE_FREE_DOMAIN
[depth_angular_controller-1] [INFO] [1790683384.733286651] [depth_angular_controller]: OUTSIDE_FLOW_BOX
[depth_angular_controller-1] [INFO] [1790683384.841283671] [depth_angular_controller]: TARGET_HOLD
[depth_angular_controller-1] [INFO] [1790683385.006002632] [depth_angular_controller]: OUTSIDE_FLOW_BOX
[depth_angular_controller-1] [INFO] [1790683385.039877860] [depth_angular_controller]: TARGET_HOLD
[depth_angular_controller-1] [INFO] [1790683385.116651899] [depth_angular_controller]: SINGULAR_FIELD
[depth_angular_controller-1] [INFO] [1790683385.148106574] [depth_angular_controller]: STATE_OUTSIDE_FREE_DOMAIN
[depth_angular_controller-1] [INFO] [1790683385.185270083] [depth_angular_controller]: TARGET_HOLD
[position_cmd_to_twist-2] [INFO] [1790683385.237859198] [position_cmd_to_twist]: [PERF BRIDGE] run=iteration4_ego1p1_1 elapsed=59.60s received=2009 published=2009 fps(ros/wall)=44.82/43.82 controller_to_bridge_ms(mean/p50/p95/max)=10.577/0.000/33.333/66.667 bridge_process_ms(mean/p95/max)=0.112/0.143/2.887
[NAV] t=45.0s position=(-47.13,-9.09,3.82) yaw=10.3deg command=(0.04,-0.02,-0.01) manual_active=1 collision_blocks=0
[depth_angular_controller-1] [INFO] [1790683385.435307336] [depth_angular_controller]: OUTSIDE_FLOW_BOX
[depth_angular_controller-1] [INFO] [1790683385.467835226] [depth_angular_controller]: STATE_OUTSIDE_FREE_DOMAIN
[depth_angular_controller-1] [INFO] [1790683385.543723713] [depth_angular_controller]: OUTSIDE_FLOW_BOX
[depth_angular_controller-1] [INFO] [1790683385.543758499] [depth_angular_controller]: PAPER_BUILD reason=READY required=0.0274 best=8.0717 free=39 refined=0 tubes=52 revoked_tubes=0 proofs=128
[depth_angular_controller-1] [INFO] [1790683385.543769569] [depth_angular_controller]: PAPER_EVIDENCE retained=32 balls=32 revoked_balls=0 expired_views=0 evicted_views=62 radius=0.580 clearance=0.000 best_prefix=8.072
[depth_angular_controller-1] [INFO] [1790683385.633656395] [depth_angular_controller]: TARGET_HOLD
[depth_angular_controller-1] [INFO] [1790683385.802841086] [depth_angular_controller]: SINGULAR_FIELD
[depth_angular_controller-1] [INFO] [1790683385.834534530] [depth_angular_controller]: STATE_OUTSIDE_FREE_DOMAIN
[depth_angular_controller-1] [INFO] [1790683385.913534906] [depth_angular_controller]: SINGULAR_FIELD
[depth_angular_controller-1] [INFO] [1790683385.946286326] [depth_angular_controller]: TARGET_HOLD
[depth_angular_controller-1] [INFO] [1790683386.141728509] [depth_angular_controller]: OUTSIDE_FLOW_BOX
[depth_angular_controller-1] [INFO] [1790683386.174659385] [depth_angular_controller]: STATE_OUTSIDE_FREE_DOMAIN
[depth_angular_controller-1] [INFO] [1790683386.258553956] [depth_angular_controller]: SINGULAR_FIELD
[depth_angular_controller-1] [INFO] [1790683386.293917617] [depth_angular_controller]: TARGET_HOLD
[depth_angular_controller-1] [INFO] [1790683386.490568980] [depth_angular_controller]: OUTSIDE_FLOW_BOX
[depth_angular_controller-1] [INFO] [1790683386.521509932] [depth_angular_controller]: TARGET_HOLD
[depth_angular_controller-1] [INFO] [1790683386.521545348] [depth_angular_controller]: PAPER_BUILD reason=READY required=0.0132 best=8.0717 free=34 refined=0 tubes=52 revoked_tubes=0 proofs=128
[depth_angular_controller-1] [INFO] [1790683386.521557181] [depth_angular_controller]: PAPER_EVIDENCE retained=32 balls=32 revoked_balls=0 expired_views=0 evicted_views=63 radius=0.580 clearance=0.500 best_prefix=8.072
[depth_angular_controller-1] [INFO] [1790683386.832313505] [depth_angular_controller]: SINGULAR_FIELD
[depth_angular_controller-1] [INFO] [1790683386.870175254] [depth_angular_controller]: STATE_OUTSIDE_FREE_DOMAIN
[depth_angular_controller-1] [INFO] [1790683386.914955536] [depth_angular_controller]: SINGULAR_FIELD
[depth_angular_controller-1] [INFO] [1790683386.983116322] [depth_angular_controller]: TARGET_HOLD
[depth_angular_controller-1] [INFO] [1790683387.325617176] [depth_angular_controller]: SINGULAR_FIELD
[depth_angular_controller-1] [INFO] [1790683387.358331566] [depth_angular_controller]: STATE_OUTSIDE_FREE_DOMAIN
[depth_angular_controller-1] [INFO] [1790683387.443507021] [depth_angular_controller]: TARGET_HOLD
[depth_angular_controller-1] [INFO] [1790683387.647066517] [depth_angular_controller]: SINGULAR_FIELD
[depth_angular_controller-1] [INFO] [1790683387.647517413] [depth_angular_controller]: PAPER_BUILD reason=READY required=0.0245 best=8.0717 free=38 refined=0 tubes=53 revoked_tubes=0 proofs=128
[depth_angular_controller-1] [INFO] [1790683387.647678315] [depth_angular_controller]: PAPER_EVIDENCE retained=32 balls=32 revoked_balls=0 expired_views=0 evicted_views=63 radius=0.580 clearance=0.000 best_prefix=8.072
[depth_angular_controller-1] [INFO] [1790683387.674449302] [depth_angular_controller]: STATE_OUTSIDE_FREE_DOMAIN
[depth_angular_controller-1] [INFO] [1790683387.803724060] [depth_angular_controller]: OUTSIDE_FLOW_BOX
[depth_angular_controller-1] [INFO] [1790683387.901590289] [depth_angular_controller]: TARGET_HOLD
[depth_angular_controller-1] [INFO] [1790683388.142571649] [depth_angular_controller]: SINGULAR_FIELD
[depth_angular_controller-1] [INFO] [1790683388.175541418] [depth_angular_controller]: STATE_OUTSIDE_FREE_DOMAIN
[depth_angular_controller-1] [INFO] [1790683388.268414016] [depth_angular_controller]: TARGET_HOLD
[depth_angular_controller-1] [INFO] [1790683388.438209293] [depth_angular_controller]: SINGULAR_FIELD
[depth_angular_controller-1] [INFO] [1790683388.471615801] [depth_angular_controller]: STATE_OUTSIDE_FREE_DOMAIN
[depth_angular_controller-1] [INFO] [1790683388.550996682] [depth_angular_controller]: OUTSIDE_FLOW_BOX
[depth_angular_controller-1] [INFO] [1790683388.582830740] [depth_angular_controller]: TARGET_HOLD
[depth_angular_controller-1] [INFO] [1790683388.806080546] [depth_angular_controller]: OUTSIDE_FLOW_BOX
[depth_angular_controller-1] [INFO] [1790683388.806117565] [depth_angular_controller]: PAPER_BUILD reason=READY required=0.0164 best=8.0717 free=76 refined=0 tubes=53 revoked_tubes=0 proofs=128
[depth_angular_controller-1] [INFO] [1790683388.806125740] [depth_angular_controller]: PAPER_EVIDENCE retained=32 balls=32 revoked_balls=0 expired_views=0 evicted_views=63 radius=0.580 clearance=0.000 best_prefix=8.072
[depth_angular_controller-1] [INFO] [1790683388.840617335] [depth_angular_controller]: STATE_OUTSIDE_FREE_DOMAIN
[depth_angular_controller-1] [INFO] [1790683388.923310552] [depth_angular_controller]: SINGULAR_FIELD
[depth_angular_controller-1] [INFO] [1790683388.990402672] [depth_angular_controller]: TARGET_HOLD
[depth_angular_controller-1] [INFO] [1790683389.321102912] [depth_angular_controller]: SINGULAR_FIELD
[depth_angular_controller-1] [INFO] [1790683389.357139376] [depth_angular_controller]: STATE_OUTSIDE_FREE_DOMAIN
[depth_angular_controller-1] [INFO] [1790683389.408102230] [depth_angular_controller]: OUTSIDE_FLOW_BOX
[depth_angular_controller-1] [INFO] [1790683389.475169093] [depth_angular_controller]: TARGET_HOLD
[depth_angular_controller-1] [INFO] [1790683389.573679892] [depth_angular_controller]: [PERF CTRL] run=iteration4_ego1p1_1 elapsed=64.05s callbacks=2121 commands=2120 guidance=2020 command_fps(ros/wall)=43.35/42.20 guidance_wall_fps=41.63 avoid_ms(mean/p50/p95/max)=2.678/0.151/15.583/32.386 cycle_ms(mean/p95/max)=23.697/48.335/132.686 depth_to_cmd_ms(mean/p95/max)=24.406/33.333/50.000 callback_to_publish_ms(mean/p95/max)=16.705/37.013/63.716
[depth_angular_controller-1] [INFO] [1790683389.704865726] [depth_angular_controller]: SINGULAR_FIELD
[depth_angular_controller-1] [INFO] [1790683389.769509462] [depth_angular_controller]: STATE_OUTSIDE_FREE_DOMAIN
[depth_angular_controller-1] [INFO] [1790683389.888978159] [depth_angular_controller]: TARGET_HOLD
[depth_angular_controller-1] [INFO] [1790683390.035874806] [depth_angular_controller]: PAPER_BUILD reason=READY required=0.0100 best=8.0717 free=14 refined=0 tubes=53 revoked_tubes=0 proofs=128
[depth_angular_controller-1] [INFO] [1790683390.035920041] [depth_angular_controller]: PAPER_EVIDENCE retained=32 balls=32 revoked_balls=0 expired_views=0 evicted_views=63 radius=0.580 clearance=0.500 best_prefix=8.072
[depth_angular_controller-1] [INFO] [1790683390.090075054] [depth_angular_controller]: OUTSIDE_FLOW_BOX
[depth_angular_controller-1] [INFO] [1790683390.124505705] [depth_angular_controller]: STATE_OUTSIDE_FREE_DOMAIN
[depth_angular_controller-1] [INFO] [1790683390.218875583] [depth_angular_controller]: TARGET_HOLD
[depth_angular_controller-1] [INFO] [1790683390.396933835] [depth_angular_controller]: OUTSIDE_FLOW_BOX
[depth_angular_controller-1] [INFO] [1790683390.431657205] [depth_angular_controller]: STATE_OUTSIDE_FREE_DOMAIN
[depth_angular_controller-1] [INFO] [1790683390.510559878] [depth_angular_controller]: OUTSIDE_FLOW_BOX
[depth_angular_controller-1] [INFO] [1790683390.534138044] [depth_angular_controller]: TARGET_HOLD
[position_cmd_to_twist-2] [INFO] [1790683390.733659923] [position_cmd_to_twist]: [PERF BRIDGE] run=iteration4_ego1p1_1 elapsed=65.10s received=2146 published=2146 fps(ros/wall)=43.03/41.77 controller_to_bridge_ms(mean/p50/p95/max)=12.015/0.000/33.333/83.333 bridge_process_ms(mean/p95/max)=0.112/0.144/2.887
[depth_angular_controller-1] [INFO] [1790683390.752350737] [depth_angular_controller]: OUTSIDE_FLOW_BOX
[depth_angular_controller-1] [INFO] [1790683390.777693303] [depth_angular_controller]: TARGET_HOLD
[NAV] t=50.0s position=(-46.95,-9.16,3.81) yaw=10.4deg command=(0.06,-0.02,-0.00) manual_active=1 collision_blocks=0
[depth_angular_controller-1] [INFO] [1790683390.913540916] [depth_angular_controller]: OUTSIDE_FLOW_BOX
[depth_angular_controller-1] [INFO] [1790683390.947644262] [depth_angular_controller]: STATE_OUTSIDE_FREE_DOMAIN
[depth_angular_controller-1] [INFO] [1790683391.041119551] [depth_angular_controller]: TARGET_HOLD
[depth_angular_controller-1] [INFO] [1790683391.134984292] [depth_angular_controller]: PAPER_BUILD reason=READY required=0.0100 best=8.0717 free=14 refined=0 tubes=53 revoked_tubes=0 proofs=128
[depth_angular_controller-1] [INFO] [1790683391.135021932] [depth_angular_controller]: PAPER_EVIDENCE retained=32 balls=32 revoked_balls=0 expired_views=0 evicted_views=64 radius=0.580 clearance=0.500 best_prefix=8.072
[depth_angular_controller-1] [INFO] [1790683391.267519298] [depth_angular_controller]: SINGULAR_FIELD
[depth_angular_controller-1] [INFO] [1790683391.290372202] [depth_angular_controller]: STATE_OUTSIDE_FREE_DOMAIN
[depth_angular_controller-1] [INFO] [1790683391.420213374] [depth_angular_controller]: OUTSIDE_FLOW_BOX
[depth_angular_controller-1] [INFO] [1790683391.455767913] [depth_angular_controller]: TARGET_HOLD
[depth_angular_controller-1] [INFO] [1790683391.635244477] [depth_angular_controller]: OUTSIDE_FLOW_BOX
[depth_angular_controller-1] [INFO] [1790683391.669203913] [depth_angular_controller]: TARGET_HOLD
[depth_angular_controller-1] [INFO] [1790683391.752605529] [depth_angular_controller]: OUTSIDE_FLOW_BOX
[depth_angular_controller-1] [INFO] [1790683391.787603434] [depth_angular_controller]: STATE_OUTSIDE_FREE_DOMAIN
[depth_angular_controller-1] [INFO] [1790683391.878330416] [depth_angular_controller]: TARGET_HOLD
[depth_angular_controller-1] [INFO] [1790683392.049504911] [depth_angular_controller]: OUTSIDE_FLOW_BOX
[depth_angular_controller-1] [INFO] [1790683392.081355229] [depth_angular_controller]: STATE_OUTSIDE_FREE_DOMAIN
[depth_angular_controller-1] [INFO] [1790683392.163715370] [depth_angular_controller]: OUTSIDE_FLOW_BOX
[depth_angular_controller-1] [INFO] [1790683392.198959697] [depth_angular_controller]: TARGET_HOLD
[depth_angular_controller-1] [INFO] [1790683392.199000254] [depth_angular_controller]: PAPER_BUILD reason=READY required=0.0137 best=8.0717 free=36 refined=0 tubes=53 revoked_tubes=0 proofs=128
[depth_angular_controller-1] [INFO] [1790683392.199011084] [depth_angular_controller]: PAPER_EVIDENCE retained=32 balls=32 revoked_balls=0 expired_views=0 evicted_views=66 radius=0.580 clearance=0.500 best_prefix=8.072
[depth_angular_controller-1] [INFO] [1790683392.533950439] [depth_angular_controller]: OUTSIDE_FLOW_BOX
[depth_angular_controller-1] [INFO] [1790683392.568921804] [depth_angular_controller]: STATE_OUTSIDE_FREE_DOMAIN
[depth_angular_controller-1] [INFO] [1790683392.643259341] [depth_angular_controller]: OUTSIDE_FLOW_BOX
[depth_angular_controller-1] [INFO] [1790683392.832159127] [depth_angular_controller]: SINGULAR_FIELD
[depth_angular_controller-1] [INFO] [1790683392.920670712] [depth_angular_controller]: TARGET_HOLD
[depth_angular_controller-1] [INFO] [1790683393.095348251] [depth_angular_controller]: OUTSIDE_FLOW_BOX
[depth_angular_controller-1] [INFO] [1790683393.129228057] [depth_angular_controller]: STATE_OUTSIDE_FREE_DOMAIN
[depth_angular_controller-1] [INFO] [1790683393.221661502] [depth_angular_controller]: TARGET_HOLD
[depth_angular_controller-1] [INFO] [1790683393.221694193] [depth_angular_controller]: PAPER_BUILD reason=READY required=0.0103 best=8.0717 free=14 refined=0 tubes=54 revoked_tubes=0 proofs=128
[depth_angular_controller-1] [INFO] [1790683393.221703841] [depth_angular_controller]: PAPER_EVIDENCE retained=32 balls=32 revoked_balls=0 expired_views=0 evicted_views=67 radius=0.580 clearance=0.500 best_prefix=8.072
[depth_angular_controller-1] [INFO] [1790683393.399370829] [depth_angular_controller]: OUTSIDE_FLOW_BOX
[depth_angular_controller-1] [INFO] [1790683393.434991523] [depth_angular_controller]: STATE_OUTSIDE_FREE_DOMAIN
[depth_angular_controller-1] [INFO] [1790683393.530594415] [depth_angular_controller]: TARGET_HOLD
[depth_angular_controller-1] [INFO] [1790683393.784745267] [depth_angular_controller]: OUTSIDE_FLOW_BOX
[depth_angular_controller-1] [INFO] [1790683393.815894831] [depth_angular_controller]: STATE_OUTSIDE_FREE_DOMAIN
[depth_angular_controller-1] [INFO] [1790683393.890736994] [depth_angular_controller]: OUTSIDE_FLOW_BOX
[depth_angular_controller-1] [INFO] [1790683393.925562005] [depth_angular_controller]: TARGET_HOLD
[depth_angular_controller-1] [INFO] [1790683394.203073254] [depth_angular_controller]: OUTSIDE_FLOW_BOX
[depth_angular_controller-1] [INFO] [1790683394.233469333] [depth_angular_controller]: STATE_OUTSIDE_FREE_DOMAIN
[depth_angular_controller-1] [INFO] [1790683394.233503267] [depth_angular_controller]: PAPER_BUILD reason=READY required=0.0342 best=8.0717 free=38 refined=0 tubes=54 revoked_tubes=0 proofs=128
[depth_angular_controller-1] [INFO] [1790683394.233514448] [depth_angular_controller]: PAPER_EVIDENCE retained=32 balls=32 revoked_balls=0 expired_views=0 evicted_views=67 radius=0.580 clearance=0.000 best_prefix=8.072
[depth_angular_controller-1] [INFO] [1790683394.315175347] [depth_angular_controller]: OUTSIDE_FLOW_BOX
[depth_angular_controller-1] [INFO] [1790683394.385267888] [depth_angular_controller]: TARGET_HOLD
[depth_angular_controller-1] [INFO] [1790683394.570906836] [depth_angular_controller]: OUTSIDE_FLOW_BOX
[depth_angular_controller-1] [INFO] [1790683394.603745549] [depth_angular_controller]: [PERF CTRL] run=iteration4_ego1p1_1 elapsed=69.08s callbacks=2240 commands=2239 guidance=2139 command_fps(ros/wall)=41.69/40.51 guidance_wall_fps=39.94 avoid_ms(mean/p50/p95/max)=2.951/0.154/16.929/33.370 cycle_ms(mean/p95/max)=24.684/51.670/132.686 depth_to_cmd_ms(mean/p95/max)=24.131/33.333/50.000 callback_to_publish_ms(mean/p95/max)=17.871/43.093/66.227
[depth_angular_controller-1] [INFO] [1790683394.604171438] [depth_angular_controller]: TARGET_HOLD
[depth_angular_controller-1] [INFO] [1790683394.683763966] [depth_angular_controller]: OUTSIDE_FLOW_BOX
[depth_angular_controller-1] [INFO] [1790683394.718765167] [depth_angular_controller]: STATE_OUTSIDE_FREE_DOMAIN
[depth_angular_controller-1] [INFO] [1790683394.811296976] [depth_angular_controller]: TARGET_HOLD
[depth_angular_controller-1] [INFO] [1790683395.015207161] [depth_angular_controller]: OUTSIDE_FLOW_BOX
[depth_angular_controller-1] [INFO] [1790683395.037956490] [depth_angular_controller]: STATE_OUTSIDE_FREE_DOMAIN
[depth_angular_controller-1] [INFO] [1790683395.211521812] [depth_angular_controller]: TARGET_HOLD
[depth_angular_controller-1] [INFO] [1790683395.246499108] [depth_angular_controller]: PAPER_BUILD reason=READY required=0.0100 best=8.0717 free=16 refined=0 tubes=54 revoked_tubes=0 proofs=128
[depth_angular_controller-1] [INFO] [1790683395.246537500] [depth_angular_controller]: PAPER_EVIDENCE retained=32 balls=32 revoked_balls=0 expired_views=0 evicted_views=67 radius=0.580 clearance=0.500 best_prefix=8.072
[depth_angular_controller-1] [INFO] [1790683395.383323443] [depth_angular_controller]: OUTSIDE_FLOW_BOX
[depth_angular_controller-1] [INFO] [1790683395.415527004] [depth_angular_controller]: STATE_OUTSIDE_FREE_DOMAIN
[depth_angular_controller-1] [INFO] [1790683395.497444124] [depth_angular_controller]: OUTSIDE_FLOW_BOX
[depth_angular_controller-1] [INFO] [1790683395.533688358] [depth_angular_controller]: TARGET_HOLD
[position_cmd_to_twist-2] [INFO] [1790683395.765740161] [position_cmd_to_twist]: [PERF BRIDGE] run=iteration4_ego1p1_1 elapsed=70.13s received=2266 published=2266 fps(ros/wall)=41.31/40.19 controller_to_bridge_ms(mean/p50/p95/max)=13.467/0.000/50.000/83.333 bridge_process_ms(mean/p95/max)=0.112/0.145/2.887
[NAV] t=55.0s position=(-46.73,-9.24,3.80) yaw=10.5deg command=(0.20,-0.07,-0.02) manual_active=1 collision_blocks=0
[depth_angular_controller-1] [INFO] [1790683395.886915711] [depth_angular_controller]: OUTSIDE_FLOW_BOX
[depth_angular_controller-1] [INFO] [1790683395.916825989] [depth_angular_controller]: STATE_OUTSIDE_FREE_DOMAIN
[depth_angular_controller-1] [INFO] [1790683395.997244306] [depth_angular_controller]: OUTSIDE_FLOW_BOX
[depth_angular_controller-1] [INFO] [1790683396.140816875] [depth_angular_controller]: SINGULAR_FIELD
[depth_angular_controller-1] [INFO] [1790683396.201484861] [depth_angular_controller]: TARGET_HOLD
[depth_angular_controller-1] [INFO] [1790683396.201517933] [depth_angular_controller]: PAPER_BUILD reason=READY required=0.0100 best=8.0717 free=15 refined=0 tubes=55 revoked_tubes=0 proofs=128
[depth_angular_controller-1] [INFO] [1790683396.201527040] [depth_angular_controller]: PAPER_EVIDENCE retained=32 balls=32 revoked_balls=0 expired_views=0 evicted_views=70 radius=0.580 clearance=0.500 best_prefix=8.072
[depth_angular_controller-1] [INFO] [1790683396.620807924] [depth_angular_controller]: OUTSIDE_FLOW_BOX
[depth_angular_controller-1] [INFO] [1790683396.651840648] [depth_angular_controller]: STATE_OUTSIDE_FREE_DOMAIN
[depth_angular_controller-1] [INFO] [1790683396.732320251] [depth_angular_controller]: OUTSIDE_FLOW_BOX
[depth_angular_controller-1] [INFO] [1790683397.008187796] [depth_angular_controller]: TRACKING
[depth_angular_controller-1] [INFO] [1790683397.111907078] [depth_angular_controller]: TARGET_HOLD
[depth_angular_controller-1] [INFO] [1790683397.143791140] [depth_angular_controller]: 3D guidance switched to view 3
[depth_angular_controller-1] [INFO] [1790683397.144376388] [depth_angular_controller]: TRACKING
[depth_angular_controller-1] [INFO] [1790683397.175941481] [depth_angular_controller]: 3D guidance switched to view 0
[depth_angular_controller-1] [INFO] [1790683397.204561177] [depth_angular_controller]: SINGULAR_FIELD
[depth_angular_controller-1] [INFO] [1790683397.204957390] [depth_angular_controller]: PAPER_BUILD reason=READY required=0.0146 best=8.0717 free=39 refined=0 tubes=55 revoked_tubes=0 proofs=128
[depth_angular_controller-1] [INFO] [1790683397.204969543] [depth_angular_controller]: PAPER_EVIDENCE retained=32 balls=32 revoked_balls=0 expired_views=0 evicted_views=71 radius=0.580 clearance=0.000 best_prefix=8.072
[depth_angular_controller-1] [INFO] [1790683397.236309434] [depth_angular_controller]: 3D guidance switched to view 3
[depth_angular_controller-1] [INFO] [1790683397.236672725] [depth_angular_controller]: STATE_OUTSIDE_FREE_DOMAIN
[depth_angular_controller-1] [INFO] [1790683397.300113704] [depth_angular_controller]: SINGULAR_FIELD
[depth_angular_controller-1] [INFO] [1790683397.324097321] [depth_angular_controller]: 3D guidance switched to view 0
[depth_angular_controller-1] [INFO] [1790683397.325094261] [depth_angular_controller]: TARGET_HOLD
[depth_angular_controller-1] [INFO] [1790683397.491313197] [depth_angular_controller]: COMPUTE_DEADLINE
[depth_angular_controller-1] [INFO] [1790683397.527635276] [depth_angular_controller]: TARGET_HOLD
[depth_angular_controller-1] [INFO] [1790683397.610280242] [depth_angular_controller]: COMPUTE_DEADLINE
[depth_angular_controller-1] [INFO] [1790683397.645890777] [depth_angular_controller]: TARGET_HOLD
[depth_angular_controller-1] [INFO] [1790683397.729109009] [depth_angular_controller]: COMPUTE_DEADLINE
[depth_angular_controller-1] [INFO] [1790683397.762383299] [depth_angular_controller]: TRACKING
[depth_angular_controller-1] [INFO] [1790683397.826455483] [depth_angular_controller]: TARGET_HOLD
[depth_angular_controller-1] [INFO] [1790683398.392205151] [depth_angular_controller]: PAPER_BUILD reason=READY required=0.1443 best=8.0717 free=25 refined=0 tubes=56 revoked_tubes=0 proofs=128
[depth_angular_controller-1] [INFO] [1790683398.392256968] [depth_angular_controller]: PAPER_EVIDENCE retained=32 balls=32 revoked_balls=0 expired_views=0 evicted_views=71 radius=0.580 clearance=0.500 best_prefix=8.072
[depth_angular_controller-1] [INFO] [1790683398.585043468] [depth_angular_controller]: COMPUTE_DEADLINE
[depth_angular_controller-1] [INFO] [1790683399.149497726] [depth_angular_controller]: TARGET_HOLD
[depth_angular_controller-1] [INFO] [1790683399.338863477] [depth_angular_controller]: COMPUTE_DEADLINE
[depth_angular_controller-1] [INFO] [1790683399.473027841] [depth_angular_controller]: TARGET_HOLD
[depth_angular_controller-1] [INFO] [1790683399.581815685] [depth_angular_controller]: COMPUTE_DEADLINE
[depth_angular_controller-1] [INFO] [1790683399.581851352] [depth_angular_controller]: PAPER_BUILD reason=READY required=0.0100 best=8.0717 free=21 refined=0 tubes=57 revoked_tubes=0 proofs=128
[depth_angular_controller-1] [INFO] [1790683399.581861641] [depth_angular_controller]: PAPER_EVIDENCE retained=32 balls=32 revoked_balls=0 expired_views=0 evicted_views=75 radius=0.580 clearance=0.500 best_prefix=8.072
[depth_angular_controller-1] [INFO] [1790683399.690595033] [depth_angular_controller]: [PERF CTRL] run=iteration4_ego1p1_1 elapsed=74.16s callbacks=2343 commands=2342 guidance=2242 command_fps(ros/wall)=40.03/38.80 guidance_wall_fps=38.23 avoid_ms(mean/p50/p95/max)=3.570/0.160/19.050/95.210 cycle_ms(mean/p95/max)=25.771/56.559/132.686 depth_to_cmd_ms(mean/p95/max)=23.870/33.333/50.000 callback_to_publish_ms(mean/p95/max)=19.165/46.234/129.066
[depth_angular_controller-1] [INFO] [1790683400.436084659] [depth_angular_controller]: PAPER_BUILD reason=READY required=0.0100 best=8.0717 free=21 refined=0 tubes=57 revoked_tubes=0 proofs=128
[depth_angular_controller-1] [INFO] [1790683400.436122781] [depth_angular_controller]: PAPER_EVIDENCE retained=32 balls=32 revoked_balls=0 expired_views=0 evicted_views=76 radius=0.580 clearance=0.500 best_prefix=8.072
[position_cmd_to_twist-2] [INFO] [1790683400.768539272] [position_cmd_to_twist]: [PERF BRIDGE] run=iteration4_ego1p1_1 elapsed=75.13s received=2352 published=2337 fps(ros/wall)=39.34/38.04 controller_to_bridge_ms(mean/p50/p95/max)=15.065/16.667/50.000/133.333 bridge_process_ms(mean/p95/max)=0.112/0.145/2.887
[NAV] t=60.0s position=(-46.20,-9.35,3.83) yaw=10.6deg command=(0.00,0.00,0.00) manual_active=1 collision_blocks=0
[depth_angular_controller-1] [INFO] [1790683401.305012662] [depth_angular_controller]: PAPER_BUILD reason=READY required=0.0100 best=8.0717 free=21 refined=0 tubes=57 revoked_tubes=0 proofs=128
[depth_angular_controller-1] [INFO] [1790683401.305443430] [depth_angular_controller]: PAPER_EVIDENCE retained=32 balls=32 revoked_balls=0 expired_views=0 evicted_views=76 radius=0.580 clearance=0.500 best_prefix=8.072
[depth_angular_controller-1] [INFO] [1790683401.544874060] [depth_angular_controller]: TARGET_HOLD
[depth_angular_controller-1] [INFO] [1790683401.696759839] [depth_angular_controller]: COMPUTE_DEADLINE
[depth_angular_controller-1] [INFO] [1790683402.156832871] [depth_angular_controller]: TARGET_HOLD
[depth_angular_controller-1] [INFO] [1790683402.302742706] [depth_angular_controller]: COMPUTE_DEADLINE
[depth_angular_controller-1] [INFO] [1790683402.302780246] [depth_angular_controller]: PAPER_BUILD reason=READY required=0.0100 best=8.0717 free=22 refined=0 tubes=57 revoked_tubes=0 proofs=128
[depth_angular_controller-1] [INFO] [1790683402.302791458] [depth_angular_controller]: PAPER_EVIDENCE retained=32 balls=32 revoked_balls=0 expired_views=0 evicted_views=76 radius=0.580 clearance=0.500 best_prefix=8.072
[depth_angular_controller-1] [INFO] [1790683403.197509456] [depth_angular_controller]: PAPER_BUILD reason=READY required=0.0100 best=8.0717 free=22 refined=0 tubes=57 revoked_tubes=0 proofs=128
[depth_angular_controller-1] [INFO] [1790683403.197550132] [depth_angular_controller]: PAPER_EVIDENCE retained=32 balls=32 revoked_balls=0 expired_views=0 evicted_views=78 radius=0.580 clearance=0.500 best_prefix=8.072
[depth_angular_controller-1] [INFO] [1790683403.436208102] [depth_angular_controller]: TARGET_HOLD
[depth_angular_controller-1] [INFO] [1790683403.589387278] [depth_angular_controller]: COMPUTE_DEADLINE
[depth_angular_controller-1] [INFO] [1790683403.721525369] [depth_angular_controller]: TARGET_HOLD
[depth_angular_controller-1] [INFO] [1790683403.867689882] [depth_angular_controller]: COMPUTE_DEADLINE
[depth_angular_controller-1] [INFO] [1790683404.199565528] [depth_angular_controller]: PAPER_BUILD reason=READY required=0.0100 best=8.0717 free=22 refined=0 tubes=57 revoked_tubes=0 proofs=128
[depth_angular_controller-1] [INFO] [1790683404.199606665] [depth_angular_controller]: PAPER_EVIDENCE retained=32 balls=32 revoked_balls=0 expired_views=0 evicted_views=78 radius=0.580 clearance=0.500 best_prefix=8.072
[depth_angular_controller-1] [INFO] [1790683404.750492671] [depth_angular_controller]: [PERF CTRL] run=iteration4_ego1p1_1 elapsed=79.22s callbacks=2395 commands=2394 guidance=2294 command_fps(ros/wall)=37.27/36.60 guidance_wall_fps=36.01 avoid_ms(mean/p50/p95/max)=4.892/0.162/23.519/95.210 cycle_ms(mean/p95/max)=27.326/62.346/132.686 depth_to_cmd_ms(mean/p95/max)=23.721/33.333/50.000 callback_to_publish_ms(mean/p95/max)=20.857/52.547/129.066
[depth_angular_controller-1] [INFO] [1790683404.992871253] [depth_angular_controller]: TARGET_HOLD
[depth_angular_controller-1] [INFO] [1790683405.147180239] [depth_angular_controller]: COMPUTE_DEADLINE
[depth_angular_controller-1] [INFO] [1790683405.147221166] [depth_angular_controller]: PAPER_BUILD reason=READY required=0.0100 best=8.0717 free=22 refined=0 tubes=57 revoked_tubes=0 proofs=128
[depth_angular_controller-1] [INFO] [1790683405.147232186] [depth_angular_controller]: PAPER_EVIDENCE retained=32 balls=32 revoked_balls=0 expired_views=0 evicted_views=78 radius=0.580 clearance=0.500 best_prefix=8.072
[position_cmd_to_twist-2] [INFO] [1790683405.299124377] [position_cmd_to_twist]: [PERF BRIDGE] run=iteration4_ego1p1_1 elapsed=79.66s received=2400 published=2352 fps(ros/wall)=37.06/35.67 controller_to_bridge_ms(mean/p50/p95/max)=16.840/16.667/50.000/150.000 bridge_process_ms(mean/p95/max)=0.112/0.145/2.887
[NAV] t=65.0s position=(-46.18,-9.35,3.83) yaw=10.6deg command=(0.00,0.00,0.00) manual_active=1 collision_blocks=0
[depth_angular_controller-1] [INFO] [1790683405.891733788] [depth_angular_controller]: OUTSIDE_FLOW_BOX
[depth_angular_controller-1] [INFO] [1790683406.013092793] [depth_angular_controller]: COMPUTE_DEADLINE
[depth_angular_controller-1] [INFO] [1790683406.117921207] [depth_angular_controller]: PAPER_BUILD reason=READY required=0.0100 best=8.0717 free=26 refined=0 tubes=57 revoked_tubes=0 proofs=128
[depth_angular_controller-1] [INFO] [1790683406.117963115] [depth_angular_controller]: PAPER_EVIDENCE retained=32 balls=32 revoked_balls=0 expired_views=0 evicted_views=78 radius=0.580 clearance=0.500 best_prefix=8.072
[depth_angular_controller-1] [INFO] [1790683406.156603846] [depth_angular_controller]: OUTSIDE_FLOW_BOX
[depth_angular_controller-1] [INFO] [1790683406.278386275] [depth_angular_controller]: COMPUTE_DEADLINE
[depth_angular_controller-1] [INFO] [1790683407.007692022] [depth_angular_controller]: PAPER_BUILD reason=READY required=0.0100 best=8.0717 free=26 refined=0 tubes=57 revoked_tubes=0 proofs=128
[depth_angular_controller-1] [INFO] [1790683407.007737487] [depth_angular_controller]: PAPER_EVIDENCE retained=32 balls=32 revoked_balls=0 expired_views=0 evicted_views=78 radius=0.580 clearance=0.500 best_prefix=8.072
[depth_angular_controller-1] [INFO] [1790683407.622492676] [depth_angular_controller]: OUTSIDE_FLOW_BOX
[depth_angular_controller-1] [INFO] [1790683407.893289806] [depth_angular_controller]: COMPUTE_DEADLINE
[depth_angular_controller-1] [INFO] [1790683408.043832464] [depth_angular_controller]: OUTSIDE_FLOW_BOX
[depth_angular_controller-1] [INFO] [1790683408.164214014] [depth_angular_controller]: COMPUTE_DEADLINE
[depth_angular_controller-1] [INFO] [1790683408.164260561] [depth_angular_controller]: PAPER_BUILD reason=READY required=0.0100 best=8.0717 free=26 refined=0 tubes=57 revoked_tubes=0 proofs=128
[depth_angular_controller-1] [INFO] [1790683408.164269518] [depth_angular_controller]: PAPER_EVIDENCE retained=32 balls=32 revoked_balls=0 expired_views=0 evicted_views=78 radius=0.580 clearance=0.500 best_prefix=8.072
[depth_angular_controller-1] [INFO] [1790683408.927425546] [depth_angular_controller]: OUTSIDE_FLOW_BOX
[depth_angular_controller-1] [INFO] [1790683409.054063076] [depth_angular_controller]: COMPUTE_DEADLINE
[depth_angular_controller-1] [INFO] [1790683409.054101608] [depth_angular_controller]: PAPER_BUILD reason=READY required=0.0100 best=8.0717 free=26 refined=0 tubes=57 revoked_tubes=0 proofs=128
[depth_angular_controller-1] [INFO] [1790683409.054113110] [depth_angular_controller]: PAPER_EVIDENCE retained=32 balls=32 revoked_balls=0 expired_views=0 evicted_views=78 radius=0.580 clearance=0.500 best_prefix=8.072
[depth_angular_controller-1] [INFO] [1790683409.327651824] [depth_angular_controller]: OUTSIDE_FLOW_BOX
[depth_angular_controller-1] [INFO] [1790683409.448100661] [depth_angular_controller]: COMPUTE_DEADLINE
[depth_angular_controller-1] [INFO] [1790683409.814574301] [depth_angular_controller]: [PERF CTRL] run=iteration4_ego1p1_1 elapsed=84.29s callbacks=2443 commands=2442 guidance=2342 command_fps(ros/wall)=35.03/34.65 guidance_wall_fps=34.05 avoid_ms(mean/p50/p95/max)=6.184/0.165/27.849/95.210 cycle_ms(mean/p95/max)=28.863/79.029/151.549 depth_to_cmd_ms(mean/p95/max)=23.591/33.333/50.000 callback_to_publish_ms(mean/p95/max)=22.471/59.554/129.066
[position_cmd_to_twist-2] [INFO] [1790683409.874054347] [position_cmd_to_twist]: [PERF BRIDGE] run=iteration4_ego1p1_1 elapsed=84.24s received=2442 published=2365 fps(ros/wall)=35.03/33.55 controller_to_bridge_ms(mean/p50/p95/max)=18.571/16.667/66.667/166.667 bridge_process_ms(mean/p95/max)=0.112/0.145/2.887
[NAV] t=70.0s position=(-46.18,-9.35,3.83) yaw=10.6deg command=(0.00,0.00,0.00) manual_active=1 collision_blocks=0
[depth_angular_controller-1] [INFO] [1790683409.935033346] [depth_angular_controller]: PAPER_BUILD reason=READY required=0.0100 best=8.0717 free=26 refined=0 tubes=57 revoked_tubes=0 proofs=128
[depth_angular_controller-1] [INFO] [1790683409.935073742] [depth_angular_controller]: PAPER_EVIDENCE retained=32 balls=32 revoked_balls=0 expired_views=0 evicted_views=78 radius=0.580 clearance=0.500 best_prefix=8.072
[depth_angular_controller-1] [INFO] [1790683410.805891851] [depth_angular_controller]: PAPER_BUILD reason=READY required=0.0100 best=8.0717 free=26 refined=0 tubes=57 revoked_tubes=0 proofs=128
[depth_angular_controller-1] [INFO] [1790683410.805933489] [depth_angular_controller]: PAPER_EVIDENCE retained=32 balls=32 revoked_balls=0 expired_views=0 evicted_views=78 radius=0.580 clearance=0.500 best_prefix=8.072
[depth_angular_controller-1] [INFO] [1790683411.315145062] [depth_angular_controller]: OUTSIDE_FLOW_BOX
[depth_angular_controller-1] [INFO] [1790683411.439579357] [depth_angular_controller]: COMPUTE_DEADLINE
[depth_angular_controller-1] [INFO] [1790683411.811213591] [depth_angular_controller]: PAPER_BUILD reason=READY required=0.0100 best=8.0717 free=26 refined=0 tubes=57 revoked_tubes=0 proofs=128
[depth_angular_controller-1] [INFO] [1790683411.811647686] [depth_angular_controller]: PAPER_EVIDENCE retained=32 balls=32 revoked_balls=0 expired_views=0 evicted_views=78 radius=0.580 clearance=0.500 best_prefix=8.072
[depth_angular_controller-1] [INFO] [1790683412.324235274] [depth_angular_controller]: OUTSIDE_FLOW_BOX
[depth_angular_controller-1] [INFO] [1790683412.474229413] [depth_angular_controller]: COMPUTE_DEADLINE
[depth_angular_controller-1] [INFO] [1790683412.620242221] [depth_angular_controller]: OUTSIDE_FLOW_BOX
[depth_angular_controller-1] [INFO] [1790683412.742447914] [depth_angular_controller]: COMPUTE_DEADLINE
[depth_angular_controller-1] [INFO] [1790683412.864529865] [depth_angular_controller]: PAPER_BUILD reason=READY required=0.0100 best=8.0717 free=26 refined=0 tubes=57 revoked_tubes=0 proofs=128
[depth_angular_controller-1] [INFO] [1790683412.864930046] [depth_angular_controller]: PAPER_EVIDENCE retained=32 balls=32 revoked_balls=0 expired_views=0 evicted_views=78 radius=0.580 clearance=0.500 best_prefix=8.072
[depth_angular_controller-1] [INFO] [1790683413.010087208] [depth_angular_controller]: OUTSIDE_FLOW_BOX
[depth_angular_controller-1] [INFO] [1790683413.136758531] [depth_angular_controller]: COMPUTE_DEADLINE
[depth_angular_controller-1] [INFO] [1790683413.276385646] [depth_angular_controller]: OUTSIDE_FLOW_BOX
[depth_angular_controller-1] [INFO] [1790683413.370013311] [depth_angular_controller]: COMPUTE_DEADLINE
[depth_angular_controller-1] [INFO] [1790683413.409729440] [depth_angular_controller]: OUTSIDE_FLOW_BOX
[depth_angular_controller-1] [INFO] [1790683413.533504358] [depth_angular_controller]: COMPUTE_DEADLINE
[depth_angular_controller-1] [INFO] [1790683413.801208574] [depth_angular_controller]: OUTSIDE_FLOW_BOX
[depth_angular_controller-1] [INFO] [1790683413.961516237] [depth_angular_controller]: COMPUTE_DEADLINE
[depth_angular_controller-1] [INFO] [1790683413.961551673] [depth_angular_controller]: PAPER_BUILD reason=READY required=0.0100 best=8.0717 free=26 refined=0 tubes=57 revoked_tubes=0 proofs=128
[depth_angular_controller-1] [INFO] [1790683413.961561642] [depth_angular_controller]: PAPER_EVIDENCE retained=32 balls=32 revoked_balls=0 expired_views=0 evicted_views=78 radius=0.580 clearance=0.500 best_prefix=8.072
[position_cmd_to_twist-2] [INFO] [1790683414.343123265] [position_cmd_to_twist]: [PERF BRIDGE] run=iteration4_ego1p1_1 elapsed=88.71s received=2486 published=2382 fps(ros/wall)=33.24/31.76 controller_to_bridge_ms(mean/p50/p95/max)=20.267/16.667/66.667/166.667 bridge_process_ms(mean/p95/max)=0.112/0.145/2.887
[NAV] t=75.0s position=(-46.18,-9.35,3.83) yaw=10.6deg command=(0.00,0.00,0.00) manual_active=1 collision_blocks=0
[depth_angular_controller-1] [INFO] [1790683414.815676297] [depth_angular_controller]: [PERF CTRL] run=iteration4_ego1p1_1 elapsed=89.29s callbacks=2491 commands=2490 guidance=2390 command_fps(ros/wall)=33.04/32.99 guidance_wall_fps=32.40 avoid_ms(mean/p50/p95/max)=7.442/0.168/70.743/95.210 cycle_ms(mean/p95/max)=30.316/99.060/151.549 depth_to_cmd_ms(mean/p95/max)=23.480/33.333/50.000 callback_to_publish_ms(mean/p95/max)=24.041/94.954/129.066
[depth_angular_controller-1] [INFO] [1790683414.815734636] [depth_angular_controller]: PAPER_BUILD reason=READY required=0.0100 best=8.0717 free=26 refined=0 tubes=57 revoked_tubes=0 proofs=128
[depth_angular_controller-1] [INFO] [1790683414.815743383] [depth_angular_controller]: PAPER_EVIDENCE retained=32 balls=32 revoked_balls=0 expired_views=0 evicted_views=78 radius=0.580 clearance=0.500 best_prefix=8.072
[depth_angular_controller-1] [INFO] [1790683415.549872911] [depth_angular_controller]: OUTSIDE_FLOW_BOX
[depth_angular_controller-1] [INFO] [1790683415.776616002] [depth_angular_controller]: COMPUTE_DEADLINE
[depth_angular_controller-1] [INFO] [1790683415.776652581] [depth_angular_controller]: PAPER_BUILD reason=READY required=0.0100 best=8.0717 free=26 refined=0 tubes=57 revoked_tubes=0 proofs=128
[depth_angular_controller-1] [INFO] [1790683415.776662670] [depth_angular_controller]: PAPER_EVIDENCE retained=32 balls=32 revoked_balls=0 expired_views=0 evicted_views=78 radius=0.580 clearance=0.500 best_prefix=8.072
[depth_angular_controller-1] [INFO] [1790683416.643089920] [depth_angular_controller]: PAPER_BUILD reason=READY required=0.0100 best=8.0717 free=26 refined=0 tubes=57 revoked_tubes=0 proofs=128
[depth_angular_controller-1] [INFO] [1790683416.643129895] [depth_angular_controller]: PAPER_EVIDENCE retained=32 balls=32 revoked_balls=0 expired_views=0 evicted_views=78 radius=0.580 clearance=0.500 best_prefix=8.072
[depth_angular_controller-1] [INFO] [1790683416.782025397] [depth_angular_controller]: OUTSIDE_FLOW_BOX
[depth_angular_controller-1] [INFO] [1790683416.945311739] [depth_angular_controller]: COMPUTE_DEADLINE
[depth_angular_controller-1] [INFO] [1790683417.334235648] [depth_angular_controller]: OUTSIDE_FLOW_BOX
[depth_angular_controller-1] [INFO] [1790683417.493021475] [depth_angular_controller]: COMPUTE_DEADLINE
[depth_angular_controller-1] [INFO] [1790683417.645771415] [depth_angular_controller]: OUTSIDE_FLOW_BOX
[depth_angular_controller-1] [INFO] [1790683417.683542544] [depth_angular_controller]: PAPER_BUILD reason=READY required=0.0100 best=8.0717 free=26 refined=0 tubes=57 revoked_tubes=0 proofs=128
[depth_angular_controller-1] [INFO] [1790683417.683588019] [depth_angular_controller]: PAPER_EVIDENCE retained=32 balls=32 revoked_balls=0 expired_views=0 evicted_views=78 radius=0.580 clearance=0.000 best_prefix=8.072
[depth_angular_controller-1] [INFO] [1790683417.806388789] [depth_angular_controller]: COMPUTE_DEADLINE
[depth_angular_controller-1] [INFO] [1790683418.546656957] [depth_angular_controller]: PAPER_BUILD reason=READY required=0.0100 best=8.0717 free=26 refined=0 tubes=57 revoked_tubes=0 proofs=128
[depth_angular_controller-1] [INFO] [1790683418.546698375] [depth_angular_controller]: PAPER_EVIDENCE retained=32 balls=32 revoked_balls=0 expired_views=0 evicted_views=78 radius=0.580 clearance=0.500 best_prefix=8.072
[position_cmd_to_twist-2] [INFO] [1790683418.755903225] [position_cmd_to_twist]: [PERF BRIDGE] run=iteration4_ego1p1_1 elapsed=93.12s received=2529 published=2396 fps(ros/wall)=31.74/30.20 controller_to_bridge_ms(mean/p50/p95/max)=21.853/16.667/116.667/166.667 bridge_process_ms(mean/p95/max)=0.112/0.145/2.887
[NAV] t=80.0s position=(-46.18,-9.35,3.83) yaw=10.6deg command=(0.00,0.00,0.00) manual_active=1 collision_blocks=0
[depth_angular_controller-1] [INFO] [1790683418.940751760] [depth_angular_controller]: OUTSIDE_FLOW_BOX
[depth_angular_controller-1] [INFO] [1790683419.063569661] [depth_angular_controller]: COMPUTE_DEADLINE
[depth_angular_controller-1] [INFO] [1790683419.316614108] [depth_angular_controller]: OUTSIDE_FLOW_BOX
[depth_angular_controller-1] [INFO] [1790683419.500099825] [depth_angular_controller]: COMPUTE_DEADLINE
[depth_angular_controller-1] [INFO] [1790683419.622585053] [depth_angular_controller]: PAPER_BUILD reason=READY required=0.0100 best=8.0717 free=26 refined=0 tubes=57 revoked_tubes=0 proofs=128
[depth_angular_controller-1] [INFO] [1790683419.622623164] [depth_angular_controller]: PAPER_EVIDENCE retained=32 balls=32 revoked_balls=0 expired_views=0 evicted_views=78 radius=0.580 clearance=0.500 best_prefix=8.072
[depth_angular_controller-1] [INFO] [1790683419.871054845] [depth_angular_controller]: [PERF CTRL] run=iteration4_ego1p1_1 elapsed=94.34s callbacks=2542 commands=2541 guidance=2441 command_fps(ros/wall)=31.41/31.55 guidance_wall_fps=30.96 avoid_ms(mean/p50/p95/max)=8.621/0.172/74.376/95.210 cycle_ms(mean/p95/max)=31.697/110.075/154.935 depth_to_cmd_ms(mean/p95/max)=23.378/33.333/50.000 callback_to_publish_ms(mean/p95/max)=25.522/109.393/129.066
[depth_angular_controller-1] [INFO] [1790683420.379052038] [depth_angular_controller]: OUTSIDE_FLOW_BOX
[depth_angular_controller-1] [INFO] [1790683420.500697450] [depth_angular_controller]: COMPUTE_DEADLINE
[depth_angular_controller-1] [INFO] [1790683420.626646708] [depth_angular_controller]: PAPER_BUILD reason=READY required=0.0100 best=8.0717 free=26 refined=0 tubes=57 revoked_tubes=0 proofs=128
[depth_angular_controller-1] [INFO] [1790683420.626687965] [depth_angular_controller]: PAPER_EVIDENCE retained=32 balls=32 revoked_balls=0 expired_views=0 evicted_views=78 radius=0.580 clearance=0.500 best_prefix=8.072
[depth_angular_controller-1] [INFO] [1790683421.489339771] [depth_angular_controller]: PAPER_BUILD reason=READY required=0.0100 best=8.0717 free=26 refined=0 tubes=57 revoked_tubes=0 proofs=128
[depth_angular_controller-1] [INFO] [1790683421.489378603] [depth_angular_controller]: PAPER_EVIDENCE retained=32 balls=32 revoked_balls=0 expired_views=0 evicted_views=78 radius=0.580 clearance=0.500 best_prefix=8.072
[depth_angular_controller-1] [INFO] [1790683422.376608811] [depth_angular_controller]: OUTSIDE_FLOW_BOX
[depth_angular_controller-1] [INFO] [1790683422.376648165] [depth_angular_controller]: PAPER_BUILD reason=READY required=0.0100 best=8.0717 free=26 refined=0 tubes=57 revoked_tubes=0 proofs=128
[depth_angular_controller-1] [INFO] [1790683422.376657051] [depth_angular_controller]: PAPER_EVIDENCE retained=32 balls=32 revoked_balls=0 expired_views=0 evicted_views=78 radius=0.580 clearance=0.000 best_prefix=8.072
[depth_angular_controller-1] [INFO] [1790683422.496471597] [depth_angular_controller]: COMPUTE_DEADLINE
[position_cmd_to_twist-2] [INFO] [1790683423.173224507] [position_cmd_to_twist]: [PERF BRIDGE] run=iteration4_ego1p1_1 elapsed=97.54s received=2569 published=2406 fps(ros/wall)=30.32/28.72 controller_to_bridge_ms(mean/p50/p95/max)=23.466/16.667/133.333/166.667 bridge_process_ms(mean/p95/max)=0.112/0.145/2.887
[depth_angular_controller-1] [INFO] [1790683423.229875344] [depth_angular_controller]: PAPER_BUILD reason=READY required=0.0100 best=8.0717 free=26 refined=0 tubes=57 revoked_tubes=0 proofs=128
[depth_angular_controller-1] [INFO] [1790683423.229929005] [depth_angular_controller]: PAPER_EVIDENCE retained=32 balls=32 revoked_balls=0 expired_views=0 evicted_views=78 radius=0.580 clearance=0.500 best_prefix=8.072
[NAV] t=85.0s position=(-46.18,-9.35,3.83) yaw=10.6deg command=(0.00,0.00,0.00) manual_active=1 collision_blocks=0
[depth_angular_controller-1] [INFO] [1790683424.095182051] [depth_angular_controller]: PAPER_BUILD reason=READY required=0.0100 best=8.0717 free=26 refined=0 tubes=57 revoked_tubes=0 proofs=128
[depth_angular_controller-1] [INFO] [1790683424.095226084] [depth_angular_controller]: PAPER_EVIDENCE retained=32 balls=32 revoked_balls=0 expired_views=0 evicted_views=78 radius=0.580 clearance=0.500 best_prefix=8.072
[depth_angular_controller-1] [INFO] [1790683424.963091663] [depth_angular_controller]: [PERF CTRL] run=iteration4_ego1p1_1 elapsed=99.44s callbacks=2585 commands=2584 guidance=2484 command_fps(ros/wall)=29.71/30.17 guidance_wall_fps=29.60 avoid_ms(mean/p50/p95/max)=9.891/0.174/84.637/95.210 cycle_ms(mean/p95/max)=33.141/119.246/154.935 depth_to_cmd_ms(mean/p95/max)=23.276/33.333/50.000 callback_to_publish_ms(mean/p95/max)=27.063/118.801/129.066
[depth_angular_controller-1] [INFO] [1790683424.963561585] [depth_angular_controller]: PAPER_BUILD reason=READY required=0.0100 best=8.0717 free=26 refined=0 tubes=57 revoked_tubes=0 proofs=128
[depth_angular_controller-1] [INFO] [1790683424.963694424] [depth_angular_controller]: PAPER_EVIDENCE retained=32 balls=32 revoked_balls=0 expired_views=0 evicted_views=78 radius=0.580 clearance=0.500 best_prefix=8.072
[depth_angular_controller-1] [INFO] [1790683425.834350800] [depth_angular_controller]: PAPER_BUILD reason=READY required=0.0100 best=8.0717 free=26 refined=0 tubes=57 revoked_tubes=0 proofs=128
[depth_angular_controller-1] [INFO] [1790683425.834672113] [depth_angular_controller]: PAPER_EVIDENCE retained=32 balls=32 revoked_balls=0 expired_views=0 evicted_views=78 radius=0.580 clearance=0.500 best_prefix=8.072
[depth_angular_controller-1] [INFO] [1790683426.480699004] [depth_angular_controller]: OUTSIDE_FLOW_BOX
[depth_angular_controller-1] [INFO] [1790683426.635104902] [depth_angular_controller]: COMPUTE_DEADLINE
[depth_angular_controller-1] [INFO] [1790683426.784190706] [depth_angular_controller]: OUTSIDE_FLOW_BOX
[depth_angular_controller-1] [INFO] [1790683426.784225191] [depth_angular_controller]: PAPER_BUILD reason=READY required=0.0100 best=8.0717 free=26 refined=0 tubes=57 revoked_tubes=0 proofs=128
[depth_angular_controller-1] [INFO] [1790683426.784235140] [depth_angular_controller]: PAPER_EVIDENCE retained=32 balls=32 revoked_balls=0 expired_views=0 evicted_views=78 radius=0.580 clearance=0.000 best_prefix=8.072
[depth_angular_controller-1] [INFO] [1790683426.905137477] [depth_angular_controller]: COMPUTE_DEADLINE
[position_cmd_to_twist-2] [INFO] [1790683427.388596945] [position_cmd_to_twist]: [PERF BRIDGE] run=iteration4_ego1p1_1 elapsed=101.75s received=2605 published=2411 fps(ros/wall)=29.06/27.41 controller_to_bridge_ms(mean/p50/p95/max)=25.029/16.667/133.333/166.667 bridge_process_ms(mean/p95/max)=0.112/0.145/2.887
[NAV] t=90.0s position=(-46.18,-9.35,3.83) yaw=10.6deg command=(0.00,0.00,0.00) manual_active=1 collision_blocks=0
[depth_angular_controller-1] [INFO] [1790683427.634416564] [depth_angular_controller]: PAPER_BUILD reason=READY required=0.0100 best=8.0717 free=26 refined=0 tubes=57 revoked_tubes=0 proofs=128
[depth_angular_controller-1] [INFO] [1790683427.634460136] [depth_angular_controller]: PAPER_EVIDENCE retained=32 balls=32 revoked_balls=0 expired_views=0 evicted_views=78 radius=0.580 clearance=0.500 best_prefix=8.072
[depth_angular_controller-1] [INFO] [1790683428.496574793] [depth_angular_controller]: PAPER_BUILD reason=READY required=0.0100 best=8.0717 free=26 refined=0 tubes=57 revoked_tubes=0 proofs=128
[depth_angular_controller-1] [INFO] [1790683428.496615960] [depth_angular_controller]: PAPER_EVIDENCE retained=32 balls=32 revoked_balls=0 expired_views=0 evicted_views=78 radius=0.580 clearance=0.500 best_prefix=8.072
[depth_angular_controller-1] [INFO] [1790683429.353220648] [depth_angular_controller]: PAPER_BUILD reason=READY required=0.0100 best=8.0717 free=26 refined=0 tubes=57 revoked_tubes=0 proofs=128
[depth_angular_controller-1] [INFO] [1790683429.353256204] [depth_angular_controller]: PAPER_EVIDENCE retained=32 balls=32 revoked_balls=0 expired_views=0 evicted_views=78 radius=0.580 clearance=0.500 best_prefix=8.072
[depth_angular_controller-1] [INFO] [1790683429.380774944] [depth_angular_controller]: OUTSIDE_FLOW_BOX
[depth_angular_controller-1] [INFO] [1790683429.477775860] [depth_angular_controller]: COMPUTE_DEADLINE
[depth_angular_controller-1] [INFO] [1790683429.969433922] [depth_angular_controller]: [PERF CTRL] run=iteration4_ego1p1_1 elapsed=104.44s callbacks=2629 commands=2628 guidance=2528 command_fps(ros/wall)=28.29/28.99 guidance_wall_fps=28.43 avoid_ms(mean/p50/p95/max)=11.082/0.177/85.339/95.210 cycle_ms(mean/p95/max)=34.491/120.792/154.935 depth_to_cmd_ms(mean/p95/max)=23.167/33.333/50.000 callback_to_publish_ms(mean/p95/max)=28.509/120.610/131.115
[depth_angular_controller-1] [INFO] [1790683430.216179318] [depth_angular_controller]: PAPER_BUILD reason=READY required=0.0100 best=8.0717 free=26 refined=0 tubes=57 revoked_tubes=0 proofs=128
[depth_angular_controller-1] [INFO] [1790683430.216218973] [depth_angular_controller]: PAPER_EVIDENCE retained=32 balls=32 revoked_balls=0 expired_views=0 evicted_views=78 radius=0.580 clearance=0.500 best_prefix=8.072
[depth_angular_controller-1] [INFO] [1790683431.080540551] [depth_angular_controller]: PAPER_BUILD reason=READY required=0.0100 best=8.0717 free=26 refined=0 tubes=57 revoked_tubes=0 proofs=128
[depth_angular_controller-1] [INFO] [1790683431.080589914] [depth_angular_controller]: PAPER_EVIDENCE retained=32 balls=32 revoked_balls=0 expired_views=0 evicted_views=78 radius=0.580 clearance=0.500 best_prefix=8.072
[position_cmd_to_twist-2] [INFO] [1790683431.583260382] [position_cmd_to_twist]: [PERF BRIDGE] run=iteration4_ego1p1_1 elapsed=105.95s received=2641 published=2415 fps(ros/wall)=27.84/26.18 controller_to_bridge_ms(mean/p50/p95/max)=26.625/16.667/150.000/166.667 bridge_process_ms(mean/p95/max)=0.112/0.145/2.887
[depth_angular_controller-1] [INFO] [1790683431.597792853] [depth_angular_controller]: OUTSIDE_FLOW_BOX
[NAV] t=95.0s position=(-46.18,-9.35,3.83) yaw=10.6deg command=(0.00,0.00,0.00) manual_active=1 collision_blocks=0
[depth_angular_controller-1] [INFO] [1790683431.717208430] [depth_angular_controller]: COMPUTE_DEADLINE
[depth_angular_controller-1] [INFO] [1790683431.963025664] [depth_angular_controller]: PAPER_BUILD reason=READY required=0.0100 best=8.0717 free=26 refined=0 tubes=57 revoked_tubes=0 proofs=128
[depth_angular_controller-1] [INFO] [1790683431.963073795] [depth_angular_controller]: PAPER_EVIDENCE retained=32 balls=32 revoked_balls=0 expired_views=0 evicted_views=78 radius=0.580 clearance=0.500 best_prefix=8.072
[depth_angular_controller-1] [INFO] [1790683432.728131752] [depth_angular_controller]: OUTSIDE_FLOW_BOX
[depth_angular_controller-1] [INFO] [1790683432.890475124] [depth_angular_controller]: COMPUTE_DEADLINE
[depth_angular_controller-1] [INFO] [1790683432.890512034] [depth_angular_controller]: PAPER_BUILD reason=READY required=0.0100 best=8.0717 free=26 refined=0 tubes=57 revoked_tubes=0 proofs=128
[depth_angular_controller-1] [INFO] [1790683432.890522804] [depth_angular_controller]: PAPER_EVIDENCE retained=32 balls=32 revoked_balls=0 expired_views=0 evicted_views=78 radius=0.580 clearance=0.500 best_prefix=8.072
[depth_angular_controller-1] [INFO] [1790683433.154665256] [depth_angular_controller]: OUTSIDE_FLOW_BOX
[depth_angular_controller-1] [INFO] [1790683433.246696436] [depth_angular_controller]: COMPUTE_DEADLINE
[depth_angular_controller-1] [INFO] [1790683433.286885843] [depth_angular_controller]: OUTSIDE_FLOW_BOX
[depth_angular_controller-1] [INFO] [1790683433.411957273] [depth_angular_controller]: COMPUTE_DEADLINE
[depth_angular_controller-1] [INFO] [1790683433.778031364] [depth_angular_controller]: PAPER_BUILD reason=READY required=0.0100 best=8.0717 free=26 refined=0 tubes=57 revoked_tubes=0 proofs=128
[depth_angular_controller-1] [INFO] [1790683433.778065107] [depth_angular_controller]: PAPER_EVIDENCE retained=32 balls=32 revoked_balls=0 expired_views=0 evicted_views=78 radius=0.580 clearance=0.500 best_prefix=8.072
[depth_angular_controller-1] [INFO] [1790683433.922130941] [depth_angular_controller]: OUTSIDE_FLOW_BOX
[depth_angular_controller-1] [INFO] [1790683434.085399019] [depth_angular_controller]: COMPUTE_DEADLINE
[depth_angular_controller-1] [INFO] [1790683434.703561993] [depth_angular_controller]: PAPER_BUILD reason=READY required=0.0100 best=8.0717 free=26 refined=0 tubes=57 revoked_tubes=0 proofs=128
[depth_angular_controller-1] [INFO] [1790683434.703601738] [depth_angular_controller]: PAPER_EVIDENCE retained=32 balls=32 revoked_balls=0 expired_views=0 evicted_views=78 radius=0.580 clearance=0.500 best_prefix=8.072
[depth_angular_controller-1] [INFO] [1790683435.074177475] [depth_angular_controller]: [PERF CTRL] run=iteration4_ego1p1_1 elapsed=109.55s callbacks=2676 commands=2675 guidance=2575 command_fps(ros/wall)=27.07/27.94 guidance_wall_fps=27.38 avoid_ms(mean/p50/p95/max)=12.217/0.180/85.742/95.210 cycle_ms(mean/p95/max)=35.794/121.651/154.935 depth_to_cmd_ms(mean/p95/max)=23.061/33.333/50.000 callback_to_publish_ms(mean/p95/max)=29.910/121.401/131.115
[depth_angular_controller-1] [INFO] [1790683435.561291672] [depth_angular_controller]: PAPER_BUILD reason=READY required=0.0100 best=8.0717 free=26 refined=0 tubes=57 revoked_tubes=0 proofs=128
[depth_angular_controller-1] [INFO] [1790683435.561328511] [depth_angular_controller]: PAPER_EVIDENCE retained=32 balls=32 revoked_balls=0 expired_views=0 evicted_views=78 radius=0.580 clearance=0.500 best_prefix=8.072
[position_cmd_to_twist-2] [INFO] [1790683435.873643300] [position_cmd_to_twist]: [PERF BRIDGE] run=iteration4_ego1p1_1 elapsed=110.24s received=2681 published=2426 fps(ros/wall)=26.89/25.14 controller_to_bridge_ms(mean/p50/p95/max)=28.068/16.667/150.000/166.667 bridge_process_ms(mean/p95/max)=0.112/0.145/2.887
[NAV] t=100.0s position=(-46.18,-9.35,3.83) yaw=10.6deg command=(0.00,0.00,0.00) manual_active=1 collision_blocks=0
[depth_angular_controller-1] [INFO] [1790683436.429663480] [depth_angular_controller]: PAPER_BUILD reason=READY required=0.0100 best=8.0717 free=26 refined=0 tubes=57 revoked_tubes=0 proofs=128
[depth_angular_controller-1] [INFO] [1790683436.429700340] [depth_angular_controller]: PAPER_EVIDENCE retained=32 balls=32 revoked_balls=0 expired_views=0 evicted_views=78 radius=0.580 clearance=0.500 best_prefix=8.072
[depth_angular_controller-1] [INFO] [1790683436.825508918] [depth_angular_controller]: OUTSIDE_FLOW_BOX
[depth_angular_controller-1] [INFO] [1790683436.948095015] [depth_angular_controller]: COMPUTE_DEADLINE
[depth_angular_controller-1] [INFO] [1790683437.103751569] [depth_angular_controller]: OUTSIDE_FLOW_BOX
[depth_angular_controller-1] [INFO] [1790683437.216027539] [depth_angular_controller]: COMPUTE_DEADLINE
[depth_angular_controller-1] [INFO] [1790683437.250818896] [depth_angular_controller]: OUTSIDE_FLOW_BOX
[depth_angular_controller-1] [INFO] [1790683437.372159666] [depth_angular_controller]: COMPUTE_DEADLINE
[depth_angular_controller-1] [INFO] [1790683437.494694727] [depth_angular_controller]: PAPER_BUILD reason=READY required=0.0100 best=8.0717 free=26 refined=0 tubes=57 revoked_tubes=0 proofs=128
[depth_angular_controller-1] [INFO] [1790683437.494737077] [depth_angular_controller]: PAPER_EVIDENCE retained=32 balls=32 revoked_balls=0 expired_views=0 evicted_views=78 radius=0.580 clearance=0.500 best_prefix=8.072
[depth_angular_controller-1] [INFO] [1790683438.369901432] [depth_angular_controller]: PAPER_BUILD reason=READY required=0.0100 best=8.0717 free=26 refined=0 tubes=57 revoked_tubes=0 proofs=128
[depth_angular_controller-1] [INFO] [1790683438.369944383] [depth_angular_controller]: PAPER_EVIDENCE retained=32 balls=32 revoked_balls=0 expired_views=0 evicted_views=78 radius=0.580 clearance=0.500 best_prefix=8.072
[depth_angular_controller-1] [INFO] [1790683439.232109615] [depth_angular_controller]: PAPER_BUILD reason=READY required=0.0100 best=8.0717 free=26 refined=0 tubes=57 revoked_tubes=0 proofs=128
[depth_angular_controller-1] [INFO] [1790683439.232152475] [depth_angular_controller]: PAPER_EVIDENCE retained=32 balls=32 revoked_balls=0 expired_views=0 evicted_views=78 radius=0.580 clearance=0.500 best_prefix=8.072
[depth_angular_controller-1] [INFO] [1790683439.746240068] [depth_angular_controller]: OUTSIDE_FLOW_BOX
[depth_angular_controller-1] [INFO] [1790683439.912640965] [depth_angular_controller]: COMPUTE_DEADLINE
[depth_angular_controller-1] [INFO] [1790683440.178796785] [depth_angular_controller]: [PERF CTRL] run=iteration4_ego1p1_1 elapsed=114.65s callbacks=2721 commands=2720 guidance=2620 command_fps(ros/wall)=25.97/26.97 guidance_wall_fps=26.43 avoid_ms(mean/p50/p95/max)=13.328/0.183/86.123/99.247 cycle_ms(mean/p95/max)=37.079/122.094/154.935 depth_to_cmd_ms(mean/p95/max)=22.977/33.333/50.000 callback_to_publish_ms(mean/p95/max)=31.288/121.864/139.948
[depth_angular_controller-1] [INFO] [1790683440.178845907] [depth_angular_controller]: PAPER_BUILD reason=READY required=0.0100 best=8.0717 free=26 refined=0 tubes=57 revoked_tubes=0 proofs=128
[depth_angular_controller-1] [INFO] [1790683440.178854433] [depth_angular_controller]: PAPER_EVIDENCE retained=32 balls=32 revoked_balls=0 expired_views=0 evicted_views=78 radius=0.580 clearance=0.500 best_prefix=8.072
[position_cmd_to_twist-2] [INFO] [1790683440.227644409] [position_cmd_to_twist]: [PERF BRIDGE] run=iteration4_ego1p1_1 elapsed=114.59s received=2720 published=2435 fps(ros/wall)=25.97/24.14 controller_to_bridge_ms(mean/p50/p95/max)=29.510/16.667/150.000/166.667 bridge_process_ms(mean/p95/max)=0.112/0.145/2.887
[NAV] t=105.0s position=(-46.18,-9.35,3.83) yaw=10.6deg command=(0.00,0.00,0.00) manual_active=1 collision_blocks=0
[depth_angular_controller-1] [INFO] [1790683441.048937994] [depth_angular_controller]: PAPER_BUILD reason=READY required=0.0100 best=8.0717 free=26 refined=0 tubes=57 revoked_tubes=0 proofs=128
[depth_angular_controller-1] [INFO] [1790683441.048984532] [depth_angular_controller]: PAPER_EVIDENCE retained=32 balls=32 revoked_balls=0 expired_views=0 evicted_views=78 radius=0.580 clearance=0.500 best_prefix=8.072
[depth_angular_controller-1] [INFO] [1790683441.443474876] [depth_angular_controller]: OUTSIDE_FLOW_BOX
[depth_angular_controller-1] [INFO] [1790683441.605127042] [depth_angular_controller]: COMPUTE_DEADLINE
[depth_angular_controller-1] [INFO] [1790683442.000178149] [depth_angular_controller]: OUTSIDE_FLOW_BOX
[depth_angular_controller-1] [INFO] [1790683442.000215158] [depth_angular_controller]: PAPER_BUILD reason=READY required=0.0100 best=8.0717 free=26 refined=0 tubes=57 revoked_tubes=0 proofs=128
[depth_angular_controller-1] [INFO] [1790683442.000224886] [depth_angular_controller]: PAPER_EVIDENCE retained=32 balls=32 revoked_balls=0 expired_views=0 evicted_views=78 radius=0.580 clearance=0.000 best_prefix=8.072
[depth_angular_controller-1] [INFO] [1790683442.162483991] [depth_angular_controller]: COMPUTE_DEADLINE
[depth_angular_controller-1] [INFO] [1790683442.902652141] [depth_angular_controller]: PAPER_BUILD reason=READY required=0.0100 best=8.0717 free=26 refined=0 tubes=57 revoked_tubes=0 proofs=128
[depth_angular_controller-1] [INFO] [1790683442.902692818] [depth_angular_controller]: PAPER_EVIDENCE retained=32 balls=32 revoked_balls=0 expired_views=0 evicted_views=78 radius=0.580 clearance=0.500 best_prefix=8.072
[depth_angular_controller-1] [INFO] [1790683443.418093585] [depth_angular_controller]: OUTSIDE_FLOW_BOX
[depth_angular_controller-1] [INFO] [1790683443.536389841] [depth_angular_controller]: COMPUTE_DEADLINE
[depth_angular_controller-1] [INFO] [1790683443.577466613] [depth_angular_controller]: OUTSIDE_FLOW_BOX
[depth_angular_controller-1] [INFO] [1790683443.737596543] [depth_angular_controller]: COMPUTE_DEADLINE
[depth_angular_controller-1] [INFO] [1790683443.887134626] [depth_angular_controller]: OUTSIDE_FLOW_BOX
[depth_angular_controller-1] [INFO] [1790683444.007471823] [depth_angular_controller]: COMPUTE_DEADLINE
[depth_angular_controller-1] [INFO] [1790683444.007510916] [depth_angular_controller]: PAPER_BUILD reason=READY required=0.0100 best=8.0717 free=26 refined=0 tubes=57 revoked_tubes=0 proofs=128
[depth_angular_controller-1] [INFO] [1790683444.007520624] [depth_angular_controller]: PAPER_EVIDENCE retained=32 balls=32 revoked_balls=0 expired_views=0 evicted_views=78 radius=0.580 clearance=0.500 best_prefix=8.072
[position_cmd_to_twist-2] [INFO] [1790683444.636223797] [position_cmd_to_twist]: [PERF BRIDGE] run=iteration4_ego1p1_1 elapsed=119.00s received=2763 published=2449 fps(ros/wall)=25.17/23.26 controller_to_bridge_ms(mean/p50/p95/max)=30.866/16.667/150.000/166.667 bridge_process_ms(mean/p95/max)=0.112/0.145/2.887
[NAV] t=110.0s position=(-46.18,-9.35,3.83) yaw=10.6deg command=(0.00,0.00,0.00) manual_active=1 collision_blocks=0
[depth_angular_controller-1] [INFO] [1790683444.867453698] [depth_angular_controller]: PAPER_BUILD reason=READY required=0.0100 best=8.0717 free=26 refined=0 tubes=57 revoked_tubes=0 proofs=128
[depth_angular_controller-1] [INFO] [1790683444.867879356] [depth_angular_controller]: PAPER_EVIDENCE retained=32 balls=32 revoked_balls=0 expired_views=0 evicted_views=78 radius=0.580 clearance=0.500 best_prefix=8.072
[depth_angular_controller-1] [INFO] [1790683445.135757058] [depth_angular_controller]: OUTSIDE_FLOW_BOX
[depth_angular_controller-1] [INFO] [1790683445.259101909] [depth_angular_controller]: [PERF CTRL] run=iteration4_ego1p1_1 elapsed=119.73s callbacks=2770 commands=2769 guidance=2669 command_fps(ros/wall)=25.06/26.14 guidance_wall_fps=25.61 avoid_ms(mean/p50/p95/max)=14.331/0.188/86.244/99.247 cycle_ms(mean/p95/max)=38.258/122.493/154.935 depth_to_cmd_ms(mean/p95/max)=22.899/33.333/50.000 callback_to_publish_ms(mean/p95/max)=32.561/122.125/139.948
[depth_angular_controller-1] [INFO] [1790683445.259155770] [depth_angular_controller]: COMPUTE_DEADLINE
[depth_angular_controller-1] [INFO] [1790683445.752530534] [depth_angular_controller]: PAPER_BUILD reason=READY required=0.0100 best=8.0717 free=26 refined=0 tubes=57 revoked_tubes=0 proofs=128
[depth_angular_controller-1] [INFO] [1790683445.752571290] [depth_angular_controller]: PAPER_EVIDENCE retained=32 balls=32 revoked_balls=0 expired_views=0 evicted_views=78 radius=0.580 clearance=0.500 best_prefix=8.072
[depth_angular_controller-1] [INFO] [1790683446.609545802] [depth_angular_controller]: PAPER_BUILD reason=READY required=0.0100 best=8.0717 free=26 refined=0 tubes=57 revoked_tubes=0 proofs=128
[depth_angular_controller-1] [INFO] [1790683446.609587861] [depth_angular_controller]: PAPER_EVIDENCE retained=32 balls=32 revoked_balls=0 expired_views=0 evicted_views=78 radius=0.580 clearance=0.500 best_prefix=8.072
[depth_angular_controller-1] [INFO] [1790683447.003950716] [depth_angular_controller]: OUTSIDE_FLOW_BOX
[depth_angular_controller-1] [INFO] [1790683447.123481560] [depth_angular_controller]: COMPUTE_DEADLINE
[depth_angular_controller-1] [INFO] [1790683447.493007427] [depth_angular_controller]: PAPER_BUILD reason=READY required=0.0100 best=8.0717 free=26 refined=0 tubes=57 revoked_tubes=0 proofs=128
[depth_angular_controller-1] [INFO] [1790683447.493465237] [depth_angular_controller]: PAPER_EVIDENCE retained=32 balls=32 revoked_balls=0 expired_views=0 evicted_views=78 radius=0.580 clearance=0.500 best_prefix=8.072
[depth_angular_controller-1] [INFO] [1790683448.354942918] [depth_angular_controller]: PAPER_BUILD reason=READY required=0.0100 best=8.0717 free=26 refined=0 tubes=57 revoked_tubes=0 proofs=128
[depth_angular_controller-1] [INFO] [1790683448.354986781] [depth_angular_controller]: PAPER_EVIDENCE retained=32 balls=32 revoked_balls=0 expired_views=0 evicted_views=78 radius=0.580 clearance=0.500 best_prefix=8.072
[position_cmd_to_twist-2] [INFO] [1790683448.864585931] [position_cmd_to_twist]: [PERF BRIDGE] run=iteration4_ego1p1_1 elapsed=123.23s received=2799 published=2453 fps(ros/wall)=24.39/22.40 controller_to_bridge_ms(mean/p50/p95/max)=32.244/16.667/150.000/166.667 bridge_process_ms(mean/p95/max)=0.112/0.145/2.887
[NAV] t=115.0s position=(-46.18,-9.35,3.83) yaw=10.6deg command=(0.00,0.00,0.00) manual_active=1 collision_blocks=0
[depth_angular_controller-1] [INFO] [1790683449.236451849] [depth_angular_controller]: OUTSIDE_FLOW_BOX
[depth_angular_controller-1] [INFO] [1790683449.236490773] [depth_angular_controller]: PAPER_BUILD reason=READY required=0.0100 best=8.0717 free=26 refined=0 tubes=57 revoked_tubes=0 proofs=128
[depth_angular_controller-1] [INFO] [1790683449.236501703] [depth_angular_controller]: PAPER_EVIDENCE retained=32 balls=32 revoked_balls=0 expired_views=0 evicted_views=78 radius=0.580 clearance=0.000 best_prefix=8.072
[depth_angular_controller-1] [INFO] [1790683449.360204696] [depth_angular_controller]: COMPUTE_DEADLINE
[depth_angular_controller-1] [INFO] [1790683449.999699590] [depth_angular_controller]: OUTSIDE_FLOW_BOX
[depth_angular_controller-1] [INFO] [1790683450.120191577] [depth_angular_controller]: COMPUTE_DEADLINE
[depth_angular_controller-1] [INFO] [1790683450.120226372] [depth_angular_controller]: PAPER_BUILD reason=READY required=0.0100 best=8.0717 free=26 refined=0 tubes=57 revoked_tubes=0 proofs=128
[depth_angular_controller-1] [INFO] [1790683450.120237563] [depth_angular_controller]: PAPER_EVIDENCE retained=32 balls=32 revoked_balls=0 expired_views=0 evicted_views=78 radius=0.580 clearance=0.500 best_prefix=8.072
[depth_angular_controller-1] [INFO] [1790683450.359858590] [depth_angular_controller]: [PERF CTRL] run=iteration4_ego1p1_1 elapsed=124.83s callbacks=2814 commands=2813 guidance=2713 command_fps(ros/wall)=24.14/25.33 guidance_wall_fps=24.81 avoid_ms(mean/p50/p95/max)=15.392/0.193/86.401/99.247 cycle_ms(mean/p95/max)=39.473/122.896/154.935 depth_to_cmd_ms(mean/p95/max)=22.835/33.333/50.000 callback_to_publish_ms(mean/p95/max)=33.860/122.396/139.948
[depth_angular_controller-1] [INFO] [1790683451.004088990] [depth_angular_controller]: OUTSIDE_FLOW_BOX
[depth_angular_controller-1] [INFO] [1790683451.004125479] [depth_angular_controller]: PAPER_BUILD reason=READY required=0.0100 best=8.0717 free=26 refined=0 tubes=57 revoked_tubes=0 proofs=128
[depth_angular_controller-1] [INFO] [1790683451.004134916] [depth_angular_controller]: PAPER_EVIDENCE retained=32 balls=32 revoked_balls=0 expired_views=0 evicted_views=78 radius=0.580 clearance=0.000 best_prefix=8.072
[depth_angular_controller-1] [INFO] [1790683451.129987663] [depth_angular_controller]: COMPUTE_DEADLINE
[depth_angular_controller-1] [INFO] [1790683451.649046575] [depth_angular_controller]: OUTSIDE_FLOW_BOX
[depth_angular_controller-1] [INFO] [1790683451.814299547] [depth_angular_controller]: COMPUTE_DEADLINE
[depth_angular_controller-1] [INFO] [1790683451.936312659] [depth_angular_controller]: PAPER_BUILD reason=READY required=0.0100 best=8.0717 free=26 refined=0 tubes=57 revoked_tubes=0 proofs=128
[depth_angular_controller-1] [INFO] [1790683451.936716337] [depth_angular_controller]: PAPER_EVIDENCE retained=32 balls=32 revoked_balls=0 expired_views=0 evicted_views=78 radius=0.580 clearance=0.500 best_prefix=8.072
[depth_angular_controller-1] [INFO] [1790683452.448236842] [depth_angular_controller]: OUTSIDE_FLOW_BOX
[depth_angular_controller-1] [INFO] [1790683452.611257165] [depth_angular_controller]: COMPUTE_DEADLINE
[depth_angular_controller-1] [INFO] [1790683452.855784529] [depth_angular_controller]: PAPER_BUILD reason=READY required=0.0100 best=8.0717 free=26 refined=0 tubes=57 revoked_tubes=0 proofs=128
[depth_angular_controller-1] [INFO] [1790683452.855825085] [depth_angular_controller]: PAPER_EVIDENCE retained=32 balls=32 revoked_balls=0 expired_views=0 evicted_views=78 radius=0.580 clearance=0.500 best_prefix=8.072
[depth_angular_controller-1] [INFO] [1790683452.990329667] [depth_angular_controller]: OUTSIDE_FLOW_BOX
[depth_angular_controller-1] [INFO] [1790683453.196281273] [depth_angular_controller]: COMPUTE_DEADLINE
[depth_angular_controller-1] [INFO] [1790683453.337977360] [depth_angular_controller]: OUTSIDE_FLOW_BOX
[depth_angular_controller-1] [INFO] [1790683453.483147166] [depth_angular_controller]: COMPUTE_DEADLINE
[depth_angular_controller-1] [INFO] [1790683453.522303925] [depth_angular_controller]: OUTSIDE_FLOW_BOX
[position_cmd_to_twist-2] [INFO] [1790683453.533542424] [position_cmd_to_twist]: [PERF BRIDGE] run=iteration4_ego1p1_1 elapsed=127.90s received=2847 published=2474 fps(ros/wall)=23.75/21.66 controller_to_bridge_ms(mean/p50/p95/max)=33.439/16.667/150.000/166.667 bridge_process_ms(mean/p95/max)=0.112/0.145/2.887
[NAV] t=120.0s position=(-46.18,-9.35,3.83) yaw=10.6deg command=(0.00,0.00,0.00) manual_active=1 collision_blocks=0
[depth_angular_controller-1] [INFO] [1790683453.642757530] [depth_angular_controller]: COMPUTE_DEADLINE
[depth_angular_controller-1] [INFO] [1790683454.010256074] [depth_angular_controller]: PAPER_BUILD reason=READY required=0.0100 best=8.0717 free=26 refined=0 tubes=57 revoked_tubes=0 proofs=128
[depth_angular_controller-1] [INFO] [1790683454.010296009] [depth_angular_controller]: PAPER_EVIDENCE retained=32 balls=32 revoked_balls=0 expired_views=0 evicted_views=78 radius=0.580 clearance=0.500 best_prefix=8.072
[depth_angular_controller-1] [INFO] [1790683454.532488380] [depth_angular_controller]: OUTSIDE_FLOW_BOX
[depth_angular_controller-1] [INFO] [1790683454.655058186] [depth_angular_controller]: COMPUTE_DEADLINE
[depth_angular_controller-1] [INFO] [1790683454.918512437] [depth_angular_controller]: OUTSIDE_FLOW_BOX
[depth_angular_controller-1] [INFO] [1790683455.020109758] [depth_angular_controller]: COMPUTE_DEADLINE
[depth_angular_controller-1] [INFO] [1790683455.020143712] [depth_angular_controller]: PAPER_BUILD reason=READY required=0.0100 best=8.0717 free=26 refined=0 tubes=57 revoked_tubes=0 proofs=128
[depth_angular_controller-1] [INFO] [1790683455.020154021] [depth_angular_controller]: PAPER_EVIDENCE retained=32 balls=32 revoked_balls=0 expired_views=0 evicted_views=78 radius=0.580 clearance=0.500 best_prefix=8.072
[depth_angular_controller-1] [INFO] [1790683455.061346160] [depth_angular_controller]: OUTSIDE_FLOW_BOX
[depth_angular_controller-1] [INFO] [1790683455.185194986] [depth_angular_controller]: COMPUTE_DEADLINE
[depth_angular_controller-1] [INFO] [1790683455.428320760] [depth_angular_controller]: [PERF CTRL] run=iteration4_ego1p1_1 elapsed=129.90s callbacks=2866 commands=2865 guidance=2765 command_fps(ros/wall)=23.49/24.68 guidance_wall_fps=24.17 avoid_ms(mean/p50/p95/max)=16.268/0.200/86.505/99.247 cycle_ms(mean/p95/max)=40.527/123.070/154.935 depth_to_cmd_ms(mean/p95/max)=22.773/33.333/50.000 callback_to_publish_ms(mean/p95/max)=34.992/122.745/139.948
[depth_angular_controller-1] [INFO] [1790683455.916009965] [depth_angular_controller]: PAPER_BUILD reason=READY required=0.0100 best=8.0717 free=26 refined=0 tubes=57 revoked_tubes=0 proofs=128
[depth_angular_controller-1] [INFO] [1790683455.916049219] [depth_angular_controller]: PAPER_EVIDENCE retained=32 balls=32 revoked_balls=0 expired_views=0 evicted_views=78 radius=0.580 clearance=0.500 best_prefix=8.072
[depth_angular_controller-1] [INFO] [1790683456.541843442] [depth_angular_controller]: OUTSIDE_FLOW_BOX
[depth_angular_controller-1] [INFO] [1790683456.675744512] [depth_angular_controller]: COMPUTE_DEADLINE
[depth_angular_controller-1] [INFO] [1790683456.797659961] [depth_angular_controller]: PAPER_BUILD reason=READY required=0.0100 best=8.0717 free=26 refined=0 tubes=57 revoked_tubes=0 proofs=128
[depth_angular_controller-1] [INFO] [1790683456.797700166] [depth_angular_controller]: PAPER_EVIDENCE retained=32 balls=32 revoked_balls=0 expired_views=0 evicted_views=78 radius=0.580 clearance=0.500 best_prefix=8.072
[depth_angular_controller-1] [INFO] [1790683457.066948670] [depth_angular_controller]: OUTSIDE_FLOW_BOX
[depth_angular_controller-1] [INFO] [1790683457.187944894] [depth_angular_controller]: COMPUTE_DEADLINE
[depth_angular_controller-1] [INFO] [1790683457.685833588] [depth_angular_controller]: PAPER_BUILD reason=READY required=0.0100 best=8.0717 free=26 refined=0 tubes=57 revoked_tubes=0 proofs=128
[depth_angular_controller-1] [INFO] [1790683457.812713974] [depth_angular_controller]: PAPER_EVIDENCE retained=32 balls=32 revoked_balls=0 expired_views=0 evicted_views=78 radius=0.580 clearance=0.500 best_prefix=8.072
[position_cmd_to_twist-2] [INFO] [1790683457.925882168] [position_cmd_to_twist]: [PERF BRIDGE] run=iteration4_ego1p1_1 elapsed=132.29s received=2888 published=2486 fps(ros/wall)=23.12/20.96 controller_to_bridge_ms(mean/p50/p95/max)=34.678/16.667/150.000/166.667 bridge_process_ms(mean/p95/max)=0.112/0.145/2.887
[depth_angular_controller-1] [INFO] [1790683457.952425367] [depth_angular_controller]: OUTSIDE_FLOW_BOX
[NAV] t=125.0s position=(-46.18,-9.35,3.83) yaw=10.6deg command=(0.00,0.00,0.00) manual_active=1 collision_blocks=0
[depth_angular_controller-1] [INFO] [1790683458.118498439] [depth_angular_controller]: COMPUTE_DEADLINE
[depth_angular_controller-1] [INFO] [1790683458.371455571] [depth_angular_controller]: OUTSIDE_FLOW_BOX
[depth_angular_controller-1] [INFO] [1790683458.568752646] [depth_angular_controller]: COMPUTE_DEADLINE
[depth_angular_controller-1] [INFO] [1790683458.695487007] [depth_angular_controller]: PAPER_BUILD reason=READY required=0.0100 best=8.0717 free=26 refined=0 tubes=57 revoked_tubes=0 proofs=128
[depth_angular_controller-1] [INFO] [1790683458.818537906] [depth_angular_controller]: PAPER_EVIDENCE retained=32 balls=32 revoked_balls=0 expired_views=0 evicted_views=78 radius=0.580 clearance=0.500 best_prefix=8.072
[depth_angular_controller-1] [INFO] [1790683459.558553661] [depth_angular_controller]: PAPER_BUILD reason=READY required=0.0100 best=8.0717 free=26 refined=0 tubes=57 revoked_tubes=0 proofs=128
[depth_angular_controller-1] [INFO] [1790683459.587842672] [depth_angular_controller]: OUTSIDE_FLOW_BOX
[depth_angular_controller-1] [INFO] [1790683459.732534822] [depth_angular_controller]: COMPUTE_DEADLINE
[depth_angular_controller-1] [INFO] [1790683459.732570569] [depth_angular_controller]: PAPER_EVIDENCE retained=32 balls=32 revoked_balls=0 expired_views=0 evicted_views=78 radius=0.580 clearance=0.500 best_prefix=8.072
[depth_angular_controller-1] [INFO] [1790683460.244505903] [depth_angular_controller]: OUTSIDE_FLOW_BOX
[depth_angular_controller-1] [INFO] [1790683460.366053361] [depth_angular_controller]: COMPUTE_DEADLINE
[depth_angular_controller-1] [INFO] [1790683460.490130145] [depth_angular_controller]: [PERF CTRL] run=iteration4_ego1p1_1 elapsed=134.96s callbacks=2915 commands=2914 guidance=2814 command_fps(ros/wall)=22.83/24.05 guidance_wall_fps=23.56 avoid_ms(mean/p50/p95/max)=17.167/0.205/86.577/99.247 cycle_ms(mean/p95/max)=41.582/123.379/154.935 depth_to_cmd_ms(mean/p95/max)=22.714/33.333/50.000 callback_to_publish_ms(mean/p95/max)=36.114/122.973/139.948
[depth_angular_controller-1] [INFO] [1790683460.490183435] [depth_angular_controller]: PAPER_BUILD reason=READY required=0.0100 best=8.0717 free=26 refined=0 tubes=57 revoked_tubes=0 proofs=128
[depth_angular_controller-1] [INFO] [1790683460.610825875] [depth_angular_controller]: PAPER_EVIDENCE retained=32 balls=32 revoked_balls=0 expired_views=0 evicted_views=78 radius=0.580 clearance=0.500 best_prefix=8.072
[depth_angular_controller-1] [INFO] [1790683461.339601547] [depth_angular_controller]: PAPER_BUILD reason=READY required=0.0100 best=8.0717 free=26 refined=0 tubes=57 revoked_tubes=0 proofs=128
[depth_angular_controller-1] [INFO] [1790683461.468574238] [depth_angular_controller]: PAPER_EVIDENCE retained=32 balls=32 revoked_balls=0 expired_views=0 evicted_views=78 radius=0.580 clearance=0.500 best_prefix=8.072
[depth_angular_controller-1] [INFO] [1790683462.201126107] [depth_angular_controller]: PAPER_BUILD reason=READY required=0.0100 best=8.0717 free=26 refined=0 tubes=57 revoked_tubes=0 proofs=128
[position_cmd_to_twist-2] [INFO] [1790683462.296646003] [position_cmd_to_twist]: [PERF BRIDGE] run=iteration4_ego1p1_1 elapsed=136.66s received=2928 published=2496 fps(ros/wall)=22.58/20.31 controller_to_bridge_ms(mean/p50/p95/max)=35.844/16.667/150.000/166.667 bridge_process_ms(mean/p95/max)=0.112/0.145/2.887
[depth_angular_controller-1] [INFO] [1790683462.324038165] [depth_angular_controller]: PAPER_EVIDENCE retained=32 balls=32 revoked_balls=0 expired_views=0 evicted_views=78 radius=0.580 clearance=0.500 best_prefix=8.072
[NAV] t=130.0s position=(-46.18,-9.35,3.83) yaw=10.6deg command=(0.00,0.00,0.00) manual_active=1 collision_blocks=0
[depth_angular_controller-1] [INFO] [1790683462.590005322] [depth_angular_controller]: OUTSIDE_FLOW_BOX
[depth_angular_controller-1] [INFO] [1790683462.716007800] [depth_angular_controller]: COMPUTE_DEADLINE
[depth_angular_controller-1] [INFO] [1790683463.194773570] [depth_angular_controller]: PAPER_BUILD reason=READY required=0.0100 best=8.0717 free=26 refined=0 tubes=57 revoked_tubes=0 proofs=128
[depth_angular_controller-1] [INFO] [1790683463.233670792] [depth_angular_controller]: OUTSIDE_FLOW_BOX
[depth_angular_controller-1] [INFO] [1790683463.356275002] [depth_angular_controller]: COMPUTE_DEADLINE
[depth_angular_controller-1] [INFO] [1790683463.356311250] [depth_angular_controller]: PAPER_EVIDENCE retained=32 balls=32 revoked_balls=0 expired_views=0 evicted_views=78 radius=0.580 clearance=0.500 best_prefix=8.072
[depth_angular_controller-1] [INFO] [1790683464.111265227] [depth_angular_controller]: OUTSIDE_FLOW_BOX
[depth_angular_controller-1] [INFO] [1790683464.111304150] [depth_angular_controller]: PAPER_BUILD reason=READY required=0.0100 best=8.0717 free=26 refined=0 tubes=57 revoked_tubes=0 proofs=128
[depth_angular_controller-1] [INFO] [1790683464.233607056] [depth_angular_controller]: COMPUTE_DEADLINE
[depth_angular_controller-1] [INFO] [1790683464.340485867] [depth_angular_controller]: PAPER_EVIDENCE retained=32 balls=32 revoked_balls=0 expired_views=0 evicted_views=78 radius=0.580 clearance=0.500 best_prefix=8.072
[depth_angular_controller-1] [INFO] [1790683464.382162966] [depth_angular_controller]: OUTSIDE_FLOW_BOX
[depth_angular_controller-1] [INFO] [1790683464.507425665] [depth_angular_controller]: COMPUTE_DEADLINE
[depth_angular_controller-1] [INFO] [1790683464.998076508] [depth_angular_controller]: PAPER_BUILD reason=READY required=0.0100 best=8.0717 free=26 refined=0 tubes=57 revoked_tubes=0 proofs=128
[depth_angular_controller-1] [INFO] [1790683465.143547660] [depth_angular_controller]: OUTSIDE_FLOW_BOX
[depth_angular_controller-1] [INFO] [1790683465.262542958] [depth_angular_controller]: COMPUTE_DEADLINE
[depth_angular_controller-1] [INFO] [1790683465.262575319] [depth_angular_controller]: PAPER_EVIDENCE retained=32 balls=32 revoked_balls=0 expired_views=0 evicted_views=78 radius=0.580 clearance=0.500 best_prefix=8.072
[depth_angular_controller-1] [INFO] [1790683465.500687485] [depth_angular_controller]: [PERF CTRL] run=iteration4_ego1p1_1 elapsed=139.97s callbacks=2960 commands=2959 guidance=2859 command_fps(ros/wall)=22.20/23.45 guidance_wall_fps=22.97 avoid_ms(mean/p50/p95/max)=18.093/0.210/86.679/99.247 cycle_ms(mean/p95/max)=42.644/123.523/154.935 depth_to_cmd_ms(mean/p95/max)=22.642/33.333/50.000 callback_to_publish_ms(mean/p95/max)=37.254/123.119/139.948
[depth_angular_controller-1] [INFO] [1790683465.650651397] [depth_angular_controller]: OUTSIDE_FLOW_BOX
[depth_angular_controller-1] [INFO] [1790683465.777415765] [depth_angular_controller]: COMPUTE_DEADLINE
[depth_angular_controller-1] [INFO] [1790683466.029311415] [depth_angular_controller]: PAPER_BUILD reason=READY required=0.0100 best=8.0717 free=26 refined=0 tubes=57 revoked_tubes=0 proofs=128
[depth_angular_controller-1] [INFO] [1790683466.274679336] [depth_angular_controller]: PAPER_EVIDENCE retained=32 balls=32 revoked_balls=0 expired_views=0 evicted_views=78 radius=0.580 clearance=0.500 best_prefix=8.072
[depth_angular_controller-1] [INFO] [1790683466.420202515] [depth_angular_controller]: OUTSIDE_FLOW_BOX
[depth_angular_controller-1] [INFO] [1790683466.581129641] [depth_angular_controller]: COMPUTE_DEADLINE
[depth_angular_controller-1] [INFO] [1790683466.848301528] [depth_angular_controller]: OUTSIDE_FLOW_BOX
[position_cmd_to_twist-2] [INFO] [1790683466.961075452] [position_cmd_to_twist]: [PERF BRIDGE] run=iteration4_ego1p1_1 elapsed=141.33s received=2973 published=2515 fps(ros/wall)=22.06/19.72 controller_to_bridge_ms(mean/p50/p95/max)=36.983/16.667/150.000/166.667 bridge_process_ms(mean/p95/max)=0.112/0.145/2.887
[depth_angular_controller-1] [INFO] [1790683466.971797442] [depth_angular_controller]: COMPUTE_DEADLINE
[NAV] t=135.0s position=(-46.18,-9.35,3.83) yaw=10.6deg command=(0.00,0.00,0.00) manual_active=1 collision_blocks=0
[depth_angular_controller-1] [INFO] [1790683467.096029968] [depth_angular_controller]: PAPER_BUILD reason=READY required=0.0100 best=8.0717 free=26 refined=0 tubes=57 revoked_tubes=0 proofs=128
[depth_angular_controller-1] [INFO] [1790683467.334384419] [depth_angular_controller]: PAPER_EVIDENCE retained=32 balls=32 revoked_balls=0 expired_views=0 evicted_views=78 radius=0.580 clearance=0.500 best_prefix=8.072
[depth_angular_controller-1] [INFO] [1790683467.370405834] [depth_angular_controller]: OUTSIDE_FLOW_BOX
[depth_angular_controller-1] [INFO] [1790683467.527720370] [depth_angular_controller]: COMPUTE_DEADLINE
[depth_angular_controller-1] [INFO] [1790683468.016917735] [depth_angular_controller]: PAPER_BUILD reason=READY required=0.0100 best=8.0717 free=26 refined=0 tubes=57 revoked_tubes=0 proofs=128
[depth_angular_controller-1] [INFO] [1790683468.263634738] [depth_angular_controller]: PAPER_EVIDENCE retained=32 balls=32 revoked_balls=0 expired_views=0 evicted_views=78 radius=0.580 clearance=0.500 best_prefix=8.072
[depth_angular_controller-1] [INFO] [1790683468.409125286] [depth_angular_controller]: OUTSIDE_FLOW_BOX
[depth_angular_controller-1] [INFO] [1790683468.508233446] [depth_angular_controller]: COMPUTE_DEADLINE
[depth_angular_controller-1] [INFO] [1790683468.546933628] [depth_angular_controller]: OUTSIDE_FLOW_BOX
[depth_angular_controller-1] [INFO] [1790683468.670572140] [depth_angular_controller]: COMPUTE_DEADLINE
[depth_angular_controller-1] [INFO] [1790683468.817815858] [depth_angular_controller]: OUTSIDE_FLOW_BOX
[depth_angular_controller-1] [INFO] [1790683468.978892133] [depth_angular_controller]: COMPUTE_DEADLINE
[depth_angular_controller-1] [INFO] [1790683468.979308364] [depth_angular_controller]: PAPER_BUILD reason=READY required=0.0100 best=8.0717 free=26 refined=0 tubes=57 revoked_tubes=0 proofs=128
[depth_angular_controller-1] [INFO] [1790683469.222823237] [depth_angular_controller]: PAPER_EVIDENCE retained=32 balls=32 revoked_balls=0 expired_views=0 evicted_views=78 radius=0.580 clearance=0.500 best_prefix=8.072
[depth_angular_controller-1] [INFO] [1790683469.368820927] [depth_angular_controller]: OUTSIDE_FLOW_BOX
[depth_angular_controller-1] [INFO] [1790683469.492081199] [depth_angular_controller]: COMPUTE_DEADLINE
[depth_angular_controller-1] [INFO] [1790683469.862449007] [depth_angular_controller]: PAPER_BUILD reason=READY required=0.0100 best=8.0717 free=26 refined=0 tubes=57 revoked_tubes=0 proofs=128
[depth_angular_controller-1] [INFO] [1790683470.129355796] [depth_angular_controller]: OUTSIDE_FLOW_BOX
[depth_angular_controller-1] [INFO] [1790683470.229630996] [depth_angular_controller]: COMPUTE_DEADLINE
[depth_angular_controller-1] [INFO] [1790683470.230058078] [depth_angular_controller]: PAPER_EVIDENCE retained=32 balls=32 revoked_balls=0 expired_views=0 evicted_views=78 radius=0.580 clearance=0.500 best_prefix=8.072
[depth_angular_controller-1] [INFO] [1790683470.380368731] [depth_angular_controller]: OUTSIDE_FLOW_BOX
[depth_angular_controller-1] [INFO] [1790683470.501185748] [depth_angular_controller]: [PERF CTRL] run=iteration4_ego1p1_1 elapsed=144.98s callbacks=3011 commands=3010 guidance=2910 command_fps(ros/wall)=21.71/22.94 guidance_wall_fps=22.48 avoid_ms(mean/p50/p95/max)=18.888/0.214/86.756/99.247 cycle_ms(mean/p95/max)=43.583/123.641/154.935 depth_to_cmd_ms(mean/p95/max)=22.566/33.333/50.000 callback_to_publish_ms(mean/p95/max)=38.274/123.353/139.948
[depth_angular_controller-1] [INFO] [1790683470.501242675] [depth_angular_controller]: COMPUTE_DEADLINE
[depth_angular_controller-1] [INFO] [1790683470.870569078] [depth_angular_controller]: PAPER_BUILD reason=READY required=0.0100 best=8.0717 free=26 refined=0 tubes=57 revoked_tubes=0 proofs=128
[depth_angular_controller-1] [INFO] [1790683471.116865732] [depth_angular_controller]: PAPER_EVIDENCE retained=32 balls=32 revoked_balls=0 expired_views=0 evicted_views=78 radius=0.580 clearance=0.500 best_prefix=8.072
[depth_angular_controller-1] [INFO] [1790683471.390874479] [depth_angular_controller]: OUTSIDE_FLOW_BOX
[depth_angular_controller-1] [INFO] [1790683471.512086647] [depth_angular_controller]: COMPUTE_DEADLINE
[position_cmd_to_twist-2] [INFO] [1790683471.544251997] [position_cmd_to_twist]: [PERF BRIDGE] run=iteration4_ego1p1_1 elapsed=145.91s received=3019 published=2534 fps(ros/wall)=21.60/19.17 controller_to_bridge_ms(mean/p50/p95/max)=38.087/16.667/150.000/166.667 bridge_process_ms(mean/p95/max)=0.112/0.145/2.887
[NAV] t=140.0s position=(-46.18,-9.35,3.83) yaw=10.6deg command=(0.00,0.00,0.00) manual_active=1 collision_blocks=0
[depth_angular_controller-1] [INFO] [1790683471.867303113] [depth_angular_controller]: PAPER_BUILD reason=READY required=0.0100 best=8.0717 free=26 refined=0 tubes=57 revoked_tubes=0 proofs=128
[depth_angular_controller-1] [INFO] [1790683471.903240841] [depth_angular_controller]: OUTSIDE_FLOW_BOX
[depth_angular_controller-1] [INFO] [1790683472.026516773] [depth_angular_controller]: COMPUTE_DEADLINE
[depth_angular_controller-1] [INFO] [1790683472.151141585] [depth_angular_controller]: PAPER_EVIDENCE retained=32 balls=32 revoked_balls=0 expired_views=0 evicted_views=78 radius=0.580 clearance=0.500 best_prefix=8.072
[depth_angular_controller-1] [INFO] [1790683472.757191318] [depth_angular_controller]: PAPER_BUILD reason=READY required=0.0100 best=8.0717 free=26 refined=0 tubes=57 revoked_tubes=0 proofs=128
[depth_angular_controller-1] [INFO] [1790683473.005745869] [depth_angular_controller]: PAPER_EVIDENCE retained=32 balls=32 revoked_balls=0 expired_views=0 evicted_views=78 radius=0.580 clearance=0.500 best_prefix=8.072
[depth_angular_controller-1] [INFO] [1790683473.616050115] [depth_angular_controller]: PAPER_BUILD reason=READY required=0.0100 best=8.0717 free=26 refined=0 tubes=57 revoked_tubes=0 proofs=128
[depth_angular_controller-1] [INFO] [1790683473.873364454] [depth_angular_controller]: PAPER_EVIDENCE retained=32 balls=32 revoked_balls=0 expired_views=0 evicted_views=78 radius=0.580 clearance=0.500 best_prefix=8.072
[depth_angular_controller-1] [INFO] [1790683474.496636205] [depth_angular_controller]: PAPER_BUILD reason=READY required=0.0100 best=8.0717 free=26 refined=0 tubes=57 revoked_tubes=0 proofs=128
[depth_angular_controller-1] [INFO] [1790683474.740209729] [depth_angular_controller]: PAPER_EVIDENCE retained=32 balls=32 revoked_balls=0 expired_views=0 evicted_views=78 radius=0.580 clearance=0.500 best_prefix=8.072
[depth_angular_controller-1] [INFO] [1790683475.373996251] [depth_angular_controller]: OUTSIDE_FLOW_BOX
[depth_angular_controller-1] [INFO] [1790683475.374039422] [depth_angular_controller]: PAPER_BUILD reason=READY required=0.0100 best=8.0717 free=26 refined=0 tubes=57 revoked_tubes=0 proofs=128
[depth_angular_controller-1] [INFO] [1790683475.534457552] [depth_angular_controller]: [PERF CTRL] run=iteration4_ego1p1_1 elapsed=150.01s callbacks=3055 commands=3054 guidance=2954 command_fps(ros/wall)=21.14/22.42 guidance_wall_fps=21.96 avoid_ms(mean/p50/p95/max)=19.772/0.219/86.830/99.247 cycle_ms(mean/p95/max)=44.603/123.828/154.935 depth_to_cmd_ms(mean/p95/max)=22.495/33.333/50.000 callback_to_publish_ms(mean/p95/max)=39.367/123.528/139.948
[depth_angular_controller-1] [INFO] [1790683475.534518947] [depth_angular_controller]: COMPUTE_DEADLINE
[depth_angular_controller-1] [INFO] [1790683475.681643501] [depth_angular_controller]: OUTSIDE_FLOW_BOX
[depth_angular_controller-1] [INFO] [1790683475.721472912] [depth_angular_controller]: PAPER_EVIDENCE retained=32 balls=32 revoked_balls=0 expired_views=0 evicted_views=78 radius=0.580 clearance=0.000 best_prefix=8.072
[depth_angular_controller-1] [INFO] [1790683475.844101008] [depth_angular_controller]: COMPUTE_DEADLINE
[position_cmd_to_twist-2] [INFO] [1790683475.868364890] [position_cmd_to_twist]: [PERF BRIDGE] run=iteration4_ego1p1_1 elapsed=150.23s received=3058 published=2543 fps(ros/wall)=21.12/18.62 controller_to_bridge_ms(mean/p50/p95/max)=39.241/16.667/150.000/166.667 bridge_process_ms(mean/p95/max)=0.111/0.145/2.887
[NAV] t=145.0s position=(-46.18,-9.35,3.83) yaw=10.6deg command=(0.00,0.00,0.00) manual_active=1 collision_blocks=0
[depth_angular_controller-1] [INFO] [1790683476.343511709] [depth_angular_controller]: PAPER_BUILD reason=READY required=0.0100 best=8.0717 free=26 refined=0 tubes=57 revoked_tubes=0 proofs=128
[depth_angular_controller-1] [INFO] [1790683476.591667021] [depth_angular_controller]: PAPER_EVIDENCE retained=32 balls=32 revoked_balls=0 expired_views=0 evicted_views=78 radius=0.580 clearance=0.500 best_prefix=8.072
[depth_angular_controller-1] [INFO] [1790683477.210953623] [depth_angular_controller]: PAPER_BUILD reason=READY required=0.0100 best=8.0717 free=26 refined=0 tubes=57 revoked_tubes=0 proofs=128
[depth_angular_controller-1] [INFO] [1790683477.454003965] [depth_angular_controller]: PAPER_EVIDENCE retained=32 balls=32 revoked_balls=0 expired_views=0 evicted_views=78 radius=0.580 clearance=0.500 best_prefix=8.072
[depth_angular_controller-1] [INFO] [1790683477.604841096] [depth_angular_controller]: OUTSIDE_FLOW_BOX
[depth_angular_controller-1] [INFO] [1790683477.770346282] [depth_angular_controller]: COMPUTE_DEADLINE
[depth_angular_controller-1] [INFO] [1790683478.159271944] [depth_angular_controller]: OUTSIDE_FLOW_BOX
[depth_angular_controller-1] [INFO] [1790683478.159312250] [depth_angular_controller]: PAPER_BUILD reason=READY required=0.0100 best=8.0717 free=26 refined=0 tubes=57 revoked_tubes=0 proofs=128
[depth_angular_controller-1] [INFO] [1790683478.282563906] [depth_angular_controller]: COMPUTE_DEADLINE
[depth_angular_controller-1] [INFO] [1790683478.404670773] [depth_angular_controller]: PAPER_EVIDENCE retained=32 balls=32 revoked_balls=0 expired_views=0 evicted_views=78 radius=0.580 clearance=0.500 best_prefix=8.072
[depth_angular_controller-1] [INFO] [1790683479.014685937] [depth_angular_controller]: PAPER_BUILD reason=READY required=0.0100 best=8.0717 free=26 refined=0 tubes=57 revoked_tubes=0 proofs=128
[depth_angular_controller-1] [INFO] [1790683479.260769090] [depth_angular_controller]: PAPER_EVIDENCE retained=32 balls=32 revoked_balls=0 expired_views=0 evicted_views=78 radius=0.580 clearance=0.500 best_prefix=8.072
[depth_angular_controller-1] [INFO] [1790683479.879169810] [depth_angular_controller]: PAPER_BUILD reason=READY required=0.0100 best=8.0717 free=26 refined=0 tubes=57 revoked_tubes=0 proofs=128
[position_cmd_to_twist-2] [INFO] [1790683480.074684700] [position_cmd_to_twist]: [PERF BRIDGE] run=iteration4_ego1p1_1 elapsed=154.44s received=3094 published=2548 fps(ros/wall)=20.67/18.11 controller_to_bridge_ms(mean/p50/p95/max)=40.390/16.667/150.000/166.667 bridge_process_ms(mean/p95/max)=0.111/0.145/2.887
[depth_angular_controller-1] [INFO] [1790683480.125555682] [depth_angular_controller]: PAPER_EVIDENCE retained=32 balls=32 revoked_balls=0 expired_views=0 evicted_views=78 radius=0.580 clearance=0.500 best_prefix=8.072
[NAV] t=150.0s position=(-46.18,-9.35,3.83) yaw=10.6deg command=(0.00,0.00,0.00) manual_active=1 collision_blocks=0
[depth_angular_controller-1] [INFO] [1790683480.398274187] [depth_angular_controller]: OUTSIDE_FLOW_BOX
[depth_angular_controller-1] [INFO] [1790683480.564150900] [depth_angular_controller]: [PERF CTRL] run=iteration4_ego1p1_1 elapsed=155.04s callbacks=3101 commands=3100 guidance=3000 command_fps(ros/wall)=20.62/21.95 guidance_wall_fps=21.50 avoid_ms(mean/p50/p95/max)=20.582/0.225/86.853/99.247 cycle_ms(mean/p95/max)=45.564/124.100/154.935 depth_to_cmd_ms(mean/p95/max)=22.411/33.333/50.000 callback_to_publish_ms(mean/p95/max)=40.400/123.642/139.948
[depth_angular_controller-1] [INFO] [1790683480.564206735] [depth_angular_controller]: COMPUTE_DEADLINE
[depth_angular_controller-1] [INFO] [1790683480.809171069] [depth_angular_controller]: PAPER_BUILD reason=READY required=0.0100 best=8.0717 free=26 refined=0 tubes=57 revoked_tubes=0 proofs=128
[depth_angular_controller-1] [INFO] [1790683481.067402018] [depth_angular_controller]: OUTSIDE_FLOW_BOX
[depth_angular_controller-1] [INFO] [1790683481.067440731] [depth_angular_controller]: PAPER_EVIDENCE retained=32 balls=32 revoked_balls=0 expired_views=0 evicted_views=78 radius=0.580 clearance=0.000 best_prefix=8.072
[depth_angular_controller-1] [INFO] [1790683481.225041634] [depth_angular_controller]: COMPUTE_DEADLINE
[depth_angular_controller-1] [INFO] [1790683481.718495356] [depth_angular_controller]: PAPER_BUILD reason=READY required=0.0100 best=8.0717 free=26 refined=0 tubes=57 revoked_tubes=0 proofs=128
[depth_angular_controller-1] [INFO] [1790683481.971247615] [depth_angular_controller]: PAPER_EVIDENCE retained=32 balls=32 revoked_balls=0 expired_views=0 evicted_views=78 radius=0.580 clearance=0.500 best_prefix=8.072
[depth_angular_controller-1] [INFO] [1790683482.592420997] [depth_angular_controller]: PAPER_BUILD reason=READY required=0.0100 best=8.0717 free=26 refined=0 tubes=57 revoked_tubes=0 proofs=128
[depth_angular_controller-1] [INFO] [1790683482.831797195] [depth_angular_controller]: PAPER_EVIDENCE retained=32 balls=32 revoked_balls=0 expired_views=0 evicted_views=78 radius=0.580 clearance=0.500 best_prefix=8.072
[depth_angular_controller-1] [INFO] [1790683483.475096267] [depth_angular_controller]: OUTSIDE_FLOW_BOX
[depth_angular_controller-1] [INFO] [1790683483.513213445] [depth_angular_controller]: PAPER_BUILD reason=READY required=0.0100 best=8.0717 free=26 refined=0 tubes=57 revoked_tubes=0 proofs=128
[depth_angular_controller-1] [INFO] [1790683483.637401619] [depth_angular_controller]: COMPUTE_DEADLINE
[depth_angular_controller-1] [INFO] [1790683483.761288496] [depth_angular_controller]: PAPER_EVIDENCE retained=32 balls=32 revoked_balls=0 expired_views=0 evicted_views=78 radius=0.580 clearance=0.500 best_prefix=8.072
[depth_angular_controller-1] [INFO] [1790683484.276640993] [depth_angular_controller]: OUTSIDE_FLOW_BOX
[depth_angular_controller-1] [INFO] [1790683484.397762211] [depth_angular_controller]: COMPUTE_DEADLINE
[depth_angular_controller-1] [INFO] [1790683484.397797747] [depth_angular_controller]: PAPER_BUILD reason=READY required=0.0100 best=8.0717 free=26 refined=0 tubes=57 revoked_tubes=0 proofs=128
[position_cmd_to_twist-2] [INFO] [1790683484.408131128] [position_cmd_to_twist]: [PERF BRIDGE] run=iteration4_ego1p1_1 elapsed=158.77s received=3135 published=2559 fps(ros/wall)=20.25/17.64 controller_to_bridge_ms(mean/p50/p95/max)=41.478/16.667/150.000/166.667 bridge_process_ms(mean/p95/max)=0.111/0.144/2.887
[NAV] t=155.0s position=(-46.18,-9.35,3.83) yaw=10.6deg command=(0.00,0.00,0.00) manual_active=1 collision_blocks=0
[depth_angular_controller-1] [INFO] [1790683484.540900905] [depth_angular_controller]: OUTSIDE_FLOW_BOX
[depth_angular_controller-1] [INFO] [1790683484.667567459] [depth_angular_controller]: COMPUTE_DEADLINE
[depth_angular_controller-1] [INFO] [1790683484.791032436] [depth_angular_controller]: PAPER_EVIDENCE retained=32 balls=32 revoked_balls=0 expired_views=0 evicted_views=78 radius=0.580 clearance=0.500 best_prefix=8.072
[depth_angular_controller-1] [INFO] [1790683485.310026455] [depth_angular_controller]: OUTSIDE_FLOW_BOX
[depth_angular_controller-1] [INFO] [1790683485.349873660] [depth_angular_controller]: PAPER_BUILD reason=READY required=0.0100 best=8.0717 free=26 refined=0 tubes=57 revoked_tubes=0 proofs=128
[depth_angular_controller-1] [INFO] [1790683485.474353380] [depth_angular_controller]: COMPUTE_DEADLINE
[depth_angular_controller-1] [INFO] [1790683485.597745169] [depth_angular_controller]: [PERF CTRL] run=iteration4_ego1p1_1 elapsed=160.07s callbacks=3148 commands=3147 guidance=3047 command_fps(ros/wall)=20.16/21.51 guidance_wall_fps=21.08 avoid_ms(mean/p50/p95/max)=21.355/0.232/86.968/99.247 cycle_ms(mean/p95/max)=46.484/124.207/154.935 depth_to_cmd_ms(mean/p95/max)=22.328/33.333/50.000 callback_to_publish_ms(mean/p95/max)=41.394/123.788/139.948
[depth_angular_controller-1] [INFO] [1790683485.739668303] [depth_angular_controller]: OUTSIDE_FLOW_BOX
[depth_angular_controller-1] [INFO] [1790683485.739701755] [depth_angular_controller]: PAPER_EVIDENCE retained=32 balls=32 revoked_balls=0 expired_views=0 evicted_views=78 radius=0.580 clearance=0.000 best_prefix=8.072
[depth_angular_controller-1] [INFO] [1790683485.907347568] [depth_angular_controller]: COMPUTE_DEADLINE
[depth_angular_controller-1] [INFO] [1790683486.274521673] [depth_angular_controller]: PAPER_BUILD reason=READY required=0.0100 best=8.0717 free=26 refined=0 tubes=57 revoked_tubes=0 proofs=128
[depth_angular_controller-1] [INFO] [1790683486.646787512] [depth_angular_controller]: PAPER_EVIDENCE retained=32 balls=32 revoked_balls=0 expired_views=0 evicted_views=78 radius=0.580 clearance=0.500 best_prefix=8.072
[depth_angular_controller-1] [INFO] [1790683487.144642654] [depth_angular_controller]: PAPER_BUILD reason=READY required=0.0100 best=8.0717 free=26 refined=0 tubes=57 revoked_tubes=0 proofs=128
[depth_angular_controller-1] [INFO] [1790683487.532008690] [depth_angular_controller]: OUTSIDE_FLOW_BOX
[depth_angular_controller-1] [INFO] [1790683487.532044817] [depth_angular_controller]: PAPER_EVIDENCE retained=32 balls=32 revoked_balls=0 expired_views=0 evicted_views=78 radius=0.580 clearance=0.000 best_prefix=8.072
[depth_angular_controller-1] [INFO] [1790683487.699123767] [depth_angular_controller]: COMPUTE_DEADLINE
[depth_angular_controller-1] [INFO] [1790683488.065262058] [depth_angular_controller]: PAPER_BUILD reason=READY required=0.0100 best=8.0717 free=26 refined=0 tubes=57 revoked_tubes=0 proofs=128
[depth_angular_controller-1] [INFO] [1790683488.417818111] [depth_angular_controller]: PAPER_EVIDENCE retained=32 balls=32 revoked_balls=0 expired_views=0 evicted_views=78 radius=0.580 clearance=0.500 best_prefix=8.072
[depth_angular_controller-1] [INFO] [1790683488.455412939] [depth_angular_controller]: OUTSIDE_FLOW_BOX
[depth_angular_controller-1] [INFO] [1790683488.578403545] [depth_angular_controller]: COMPUTE_DEADLINE
[position_cmd_to_twist-2] [INFO] [1790683488.813049035] [position_cmd_to_twist]: [PERF BRIDGE] run=iteration4_ego1p1_1 elapsed=163.18s received=3176 published=2572 fps(ros/wall)=19.89/17.22 controller_to_bridge_ms(mean/p50/p95/max)=42.485/16.667/150.000/166.667 bridge_process_ms(mean/p95/max)=0.111/0.144/2.887
[NAV] t=160.0s position=(-46.18,-9.35,3.83) yaw=10.6deg command=(0.00,0.00,0.00) manual_active=1 collision_blocks=0
[depth_angular_controller-1] [INFO] [1790683488.948823951] [depth_angular_controller]: PAPER_BUILD reason=READY required=0.0100 best=8.0717 free=26 refined=0 tubes=57 revoked_tubes=0 proofs=128
[depth_angular_controller-1] [INFO] [1790683489.322270146] [depth_angular_controller]: PAPER_EVIDENCE retained=32 balls=32 revoked_balls=0 expired_views=0 evicted_views=78 radius=0.580 clearance=0.500 best_prefix=8.072
[depth_angular_controller-1] [INFO] [1790683489.823850929] [depth_angular_controller]: PAPER_BUILD reason=READY required=0.0100 best=8.0717 free=26 refined=0 tubes=57 revoked_tubes=0 proofs=128
[depth_angular_controller-1] [INFO] [1790683490.195966897] [depth_angular_controller]: PAPER_EVIDENCE retained=32 balls=32 revoked_balls=0 expired_views=0 evicted_views=78 radius=0.580 clearance=0.500 best_prefix=8.072
[depth_angular_controller-1] [INFO] [1790683490.345821935] [depth_angular_controller]: OUTSIDE_FLOW_BOX
[depth_angular_controller-1] [INFO] [1790683490.510427813] [depth_angular_controller]: COMPUTE_DEADLINE
[depth_angular_controller-1] [INFO] [1790683490.635368078] [depth_angular_controller]: [PERF CTRL] run=iteration4_ego1p1_1 elapsed=165.11s callbacks=3194 commands=3193 guidance=3093 command_fps(ros/wall)=19.72/21.10 guidance_wall_fps=20.67 avoid_ms(mean/p50/p95/max)=22.120/0.240/87.026/99.247 cycle_ms(mean/p95/max)=47.392/124.429/154.935 depth_to_cmd_ms(mean/p95/max)=22.249/33.333/50.000 callback_to_publish_ms(mean/p95/max)=42.371/124.073/139.948
[depth_angular_controller-1] [INFO] [1790683490.759089085] [depth_angular_controller]: PAPER_BUILD reason=READY required=0.0100 best=8.0717 free=26 refined=0 tubes=57 revoked_tubes=0 proofs=128
[depth_angular_controller-1] [INFO] [1790683491.130281770] [depth_angular_controller]: PAPER_EVIDENCE retained=32 balls=32 revoked_balls=0 expired_views=0 evicted_views=78 radius=0.580 clearance=0.500 best_prefix=8.072
[depth_angular_controller-1] [INFO] [1790683491.623963721] [depth_angular_controller]: PAPER_BUILD reason=READY required=0.0100 best=8.0717 free=26 refined=0 tubes=57 revoked_tubes=0 proofs=128
[depth_angular_controller-1] [INFO] [1790683491.997264472] [depth_angular_controller]: PAPER_EVIDENCE retained=32 balls=32 revoked_balls=0 expired_views=0 evicted_views=78 radius=0.580 clearance=0.500 best_prefix=8.072
[depth_angular_controller-1] [INFO] [1790683492.494435651] [depth_angular_controller]: PAPER_BUILD reason=READY required=0.0100 best=8.0717 free=26 refined=0 tubes=57 revoked_tubes=0 proofs=128
[depth_angular_controller-1] [INFO] [1790683492.867536737] [depth_angular_controller]: PAPER_EVIDENCE retained=32 balls=32 revoked_balls=0 expired_views=0 evicted_views=78 radius=0.580 clearance=0.500 best_prefix=8.072
[position_cmd_to_twist-2] [INFO] [1790683492.988209905] [position_cmd_to_twist]: [PERF BRIDGE] run=iteration4_ego1p1_1 elapsed=167.35s received=3211 published=2575 fps(ros/wall)=19.50/16.77 controller_to_bridge_ms(mean/p50/p95/max)=43.574/16.667/150.000/166.667 bridge_process_ms(mean/p95/max)=0.111/0.144/2.887
[NAV] t=165.0s position=(-46.18,-9.35,3.83) yaw=10.6deg command=(0.00,0.00,0.00) manual_active=1 collision_blocks=0
[depth_angular_controller-1] [INFO] [1790683493.363195418] [depth_angular_controller]: PAPER_BUILD reason=READY required=0.0100 best=8.0717 free=26 refined=0 tubes=57 revoked_tubes=0 proofs=128
[depth_angular_controller-1] [INFO] [1790683493.726850980] [depth_angular_controller]: PAPER_EVIDENCE retained=32 balls=32 revoked_balls=0 expired_views=0 evicted_views=78 radius=0.580 clearance=0.500 best_prefix=8.072
[depth_angular_controller-1] [INFO] [1790683493.870878652] [depth_angular_controller]: OUTSIDE_FLOW_BOX
[depth_angular_controller-1] [INFO] [1790683494.029952530] [depth_angular_controller]: COMPUTE_DEADLINE
[depth_angular_controller-1] [INFO] [1790683494.278497944] [depth_angular_controller]: PAPER_BUILD reason=READY required=0.0100 best=8.0717 free=26 refined=0 tubes=57 revoked_tubes=0 proofs=128
[depth_angular_controller-1] [INFO] [1790683494.651543787] [depth_angular_controller]: PAPER_EVIDENCE retained=32 balls=32 revoked_balls=0 expired_views=0 evicted_views=78 radius=0.580 clearance=0.500 best_prefix=8.072
[depth_angular_controller-1] [INFO] [1790683495.036234752] [depth_angular_controller]: OUTSIDE_FLOW_BOX
[depth_angular_controller-1] [INFO] [1790683495.196270294] [depth_angular_controller]: COMPUTE_DEADLINE
[depth_angular_controller-1] [INFO] [1790683495.196302014] [depth_angular_controller]: PAPER_BUILD reason=READY required=0.0100 best=8.0717 free=26 refined=0 tubes=57 revoked_tubes=0 proofs=128
[depth_angular_controller-1] [INFO] [1790683495.569659682] [depth_angular_controller]: PAPER_EVIDENCE retained=32 balls=32 revoked_balls=0 expired_views=0 evicted_views=78 radius=0.580 clearance=0.500 best_prefix=8.072
[depth_angular_controller-1] [INFO] [1790683495.692250648] [depth_angular_controller]: [PERF CTRL] run=iteration4_ego1p1_1 elapsed=170.17s callbacks=3238 commands=3237 guidance=3137 command_fps(ros/wall)=19.27/20.70 guidance_wall_fps=20.28 avoid_ms(mean/p50/p95/max)=22.910/0.250/87.171/99.247 cycle_ms(mean/p95/max)=48.310/124.622/154.935 depth_to_cmd_ms(mean/p95/max)=22.166/33.333/50.000 callback_to_publish_ms(mean/p95/max)=43.354/124.200/139.948
[depth_angular_controller-1] [INFO] [1790683496.060914007] [depth_angular_controller]: PAPER_BUILD reason=READY required=0.0100 best=8.0717 free=26 refined=0 tubes=57 revoked_tubes=0 proofs=128
[depth_angular_controller-1] [INFO] [1790683496.427469291] [depth_angular_controller]: PAPER_EVIDENCE retained=32 balls=32 revoked_balls=0 expired_views=0 evicted_views=78 radius=0.580 clearance=0.500 best_prefix=8.072
[depth_angular_controller-1] [INFO] [1790683496.930174283] [depth_angular_controller]: PAPER_BUILD reason=READY required=0.0100 best=8.0717 free=26 refined=0 tubes=57 revoked_tubes=0 proofs=128
[position_cmd_to_twist-2] [INFO] [1790683497.215330188] [position_cmd_to_twist]: [PERF BRIDGE] run=iteration4_ego1p1_1 elapsed=171.58s received=3249 published=2581 fps(ros/wall)=19.14/16.35 controller_to_bridge_ms(mean/p50/p95/max)=44.634/16.667/150.000/166.667 bridge_process_ms(mean/p95/max)=0.111/0.144/2.887
[NAV] t=170.0s position=(-46.18,-9.35,3.83) yaw=10.6deg command=(0.00,0.00,0.00) manual_active=1 collision_blocks=0
[depth_angular_controller-1] [INFO] [1790683497.300607414] [depth_angular_controller]: PAPER_EVIDENCE retained=32 balls=32 revoked_balls=0 expired_views=0 evicted_views=78 radius=0.580 clearance=0.500 best_prefix=8.072
[depth_angular_controller-1] [INFO] [1790683497.792087953] [depth_angular_controller]: PAPER_BUILD reason=READY required=0.0100 best=8.0717 free=26 refined=0 tubes=57 revoked_tubes=0 proofs=128
[depth_angular_controller-1] [INFO] [1790683498.168364659] [depth_angular_controller]: PAPER_EVIDENCE retained=32 balls=32 revoked_balls=0 expired_views=0 evicted_views=78 radius=0.580 clearance=0.500 best_prefix=8.072
[depth_angular_controller-1] [INFO] [1790683498.682725986] [depth_angular_controller]: OUTSIDE_FLOW_BOX
[depth_angular_controller-1] [INFO] [1790683498.683160391] [depth_angular_controller]: PAPER_BUILD reason=READY required=0.0100 best=8.0717 free=26 refined=0 tubes=57 revoked_tubes=0 proofs=128
[depth_angular_controller-1] [INFO] [1790683498.847926129] [depth_angular_controller]: COMPUTE_DEADLINE
[depth_angular_controller-1] [INFO] [1790683499.091414754] [depth_angular_controller]: PAPER_EVIDENCE retained=32 balls=32 revoked_balls=0 expired_views=0 evicted_views=78 radius=0.580 clearance=0.500 best_prefix=8.072
[depth_angular_controller-1] [INFO] [1790683499.587324525] [depth_angular_controller]: PAPER_BUILD reason=READY required=0.0100 best=8.0717 free=26 refined=0 tubes=57 revoked_tubes=0 proofs=128
[depth_angular_controller-1] [INFO] [1790683499.957458314] [depth_angular_controller]: PAPER_EVIDENCE retained=32 balls=32 revoked_balls=0 expired_views=0 evicted_views=78 radius=0.580 clearance=0.500 best_prefix=8.072
[depth_angular_controller-1] [INFO] [1790683500.459569653] [depth_angular_controller]: PAPER_BUILD reason=READY required=0.0100 best=8.0717 free=26 refined=0 tubes=57 revoked_tubes=0 proofs=128
[depth_angular_controller-1] [INFO] [1790683500.701220559] [depth_angular_controller]: [PERF CTRL] run=iteration4_ego1p1_1 elapsed=175.18s callbacks=3280 commands=3279 guidance=3179 command_fps(ros/wall)=18.85/20.32 guidance_wall_fps=19.91 avoid_ms(mean/p50/p95/max)=23.690/0.261/87.220/99.247 cycle_ms(mean/p95/max)=49.219/124.753/154.935 depth_to_cmd_ms(mean/p95/max)=22.098/33.333/50.000 callback_to_publish_ms(mean/p95/max)=44.323/124.512/139.948
[depth_angular_controller-1] [INFO] [1790683500.827961061] [depth_angular_controller]: PAPER_EVIDENCE retained=32 balls=32 revoked_balls=0 expired_views=0 evicted_views=78 radius=0.580 clearance=0.500 best_prefix=8.072
[depth_angular_controller-1] [INFO] [1790683500.978618265] [depth_angular_controller]: OUTSIDE_FLOW_BOX
[depth_angular_controller-1] [INFO] [1790683501.133773338] [depth_angular_controller]: COMPUTE_DEADLINE
[depth_angular_controller-1] [INFO] [1790683501.381310771] [depth_angular_controller]: PAPER_BUILD reason=READY required=0.0100 best=8.0717 free=26 refined=0 tubes=57 revoked_tubes=0 proofs=128
[position_cmd_to_twist-2] [INFO] [1790683501.451798704] [position_cmd_to_twist]: [PERF BRIDGE] run=iteration4_ego1p1_1 elapsed=175.82s received=3286 published=2587 fps(ros/wall)=18.81/15.96 controller_to_bridge_ms(mean/p50/p95/max)=45.638/16.667/150.000/166.667 bridge_process_ms(mean/p95/max)=0.111/0.144/2.887
[NAV] t=175.0s position=(-46.18,-9.35,3.83) yaw=10.6deg command=(0.00,0.00,0.00) manual_active=1 collision_blocks=0
[depth_angular_controller-1] [INFO] [1790683501.748723263] [depth_angular_controller]: PAPER_EVIDENCE retained=32 balls=32 revoked_balls=0 expired_views=0 evicted_views=78 radius=0.580 clearance=0.500 best_prefix=8.072
[depth_angular_controller-1] [INFO] [1790683502.245587705] [depth_angular_controller]: PAPER_BUILD reason=READY required=0.0100 best=8.0717 free=26 refined=0 tubes=57 revoked_tubes=0 proofs=128
[depth_angular_controller-1] [INFO] [1790683502.614992366] [depth_angular_controller]: PAPER_EVIDENCE retained=32 balls=32 revoked_balls=0 expired_views=0 evicted_views=78 radius=0.580 clearance=0.500 best_prefix=8.072
[depth_angular_controller-1] [INFO] [1790683503.113913989] [depth_angular_controller]: PAPER_BUILD reason=READY required=0.0100 best=8.0717 free=26 refined=0 tubes=57 revoked_tubes=0 proofs=128
[depth_angular_controller-1] [INFO] [1790683503.486459313] [depth_angular_controller]: PAPER_EVIDENCE retained=32 balls=32 revoked_balls=0 expired_views=0 evicted_views=78 radius=0.580 clearance=0.500 best_prefix=8.072
[depth_angular_controller-1] [INFO] [1790683504.004675813] [depth_angular_controller]: OUTSIDE_FLOW_BOX
[depth_angular_controller-1] [INFO] [1790683504.004714286] [depth_angular_controller]: PAPER_BUILD reason=READY required=0.0100 best=8.0717 free=26 refined=0 tubes=57 revoked_tubes=0 proofs=128
[depth_angular_controller-1] [INFO] [1790683504.170260960] [depth_angular_controller]: COMPUTE_DEADLINE
[depth_angular_controller-1] [INFO] [1790683504.316617663] [depth_angular_controller]: OUTSIDE_FLOW_BOX
[depth_angular_controller-1] [INFO] [1790683504.459754634] [depth_angular_controller]: COMPUTE_DEADLINE
[depth_angular_controller-1] [INFO] [1790683504.501070465] [depth_angular_controller]: OUTSIDE_FLOW_BOX
[depth_angular_controller-1] [INFO] [1790683504.501105160] [depth_angular_controller]: PAPER_EVIDENCE retained=32 balls=32 revoked_balls=0 expired_views=0 evicted_views=78 radius=0.580 clearance=0.000 best_prefix=8.072
[depth_angular_controller-1] [INFO] [1790683504.664715330] [depth_angular_controller]: COMPUTE_DEADLINE
[depth_angular_controller-1] [INFO] [1790683504.806185393] [depth_angular_controller]: OUTSIDE_FLOW_BOX
[depth_angular_controller-1] [INFO] [1790683504.965200711] [depth_angular_controller]: COMPUTE_DEADLINE
[depth_angular_controller-1] [INFO] [1790683505.088886391] [depth_angular_controller]: PAPER_BUILD reason=READY required=0.0100 best=8.0717 free=26 refined=0 tubes=57 revoked_tubes=0 proofs=128
[depth_angular_controller-1] [INFO] [1790683505.457746429] [depth_angular_controller]: PAPER_EVIDENCE retained=32 balls=32 revoked_balls=0 expired_views=0 evicted_views=78 radius=0.580 clearance=0.500 best_prefix=8.072
[depth_angular_controller-1] [INFO] [1790683505.732948636] [depth_angular_controller]: [PERF CTRL] run=iteration4_ego1p1_1 elapsed=180.21s callbacks=3329 commands=3328 guidance=3228 command_fps(ros/wall)=18.51/20.00 guidance_wall_fps=19.60 avoid_ms(mean/p50/p95/max)=24.329/0.281/87.241/99.247 cycle_ms(mean/p95/max)=50.007/124.911/154.935 depth_to_cmd_ms(mean/p95/max)=22.036/33.333/50.000 callback_to_publish_ms(mean/p95/max)=45.177/124.605/139.948
[depth_angular_controller-1] [INFO] [1790683505.733015110] [depth_angular_controller]: OUTSIDE_FLOW_BOX
[depth_angular_controller-1] [INFO] [1790683505.854169831] [depth_angular_controller]: COMPUTE_DEADLINE
[position_cmd_to_twist-2] [INFO] [1790683505.858550652] [position_cmd_to_twist]: [PERF BRIDGE] run=iteration4_ego1p1_1 elapsed=180.22s received=3329 published=2601 fps(ros/wall)=18.51/15.62 controller_to_bridge_ms(mean/p50/p95/max)=46.571/16.667/150.000/166.667 bridge_process_ms(mean/p95/max)=0.111/0.144/2.887
[NAV] t=180.0s position=(-46.18,-9.35,3.83) yaw=10.6deg command=(0.00,0.00,0.00) manual_active=1 collision_blocks=0
[depth_angular_controller-1] [INFO] [1790683505.980622163] [depth_angular_controller]: PAPER_BUILD reason=READY required=0.0100 best=8.0717 free=26 refined=0 tubes=57 revoked_tubes=0 proofs=128
[depth_angular_controller-1] [INFO] [1790683506.349258752] [depth_angular_controller]: PAPER_EVIDENCE retained=32 balls=32 revoked_balls=0 expired_views=0 evicted_views=78 radius=0.580 clearance=0.500 best_prefix=8.072
[depth_angular_controller-1] [INFO] [1790683506.740950755] [depth_angular_controller]: OUTSIDE_FLOW_BOX
[depth_angular_controller-1] [INFO] [1790683506.852661805] [depth_angular_controller]: COMPUTE_DEADLINE
[depth_angular_controller-1] [INFO] [1790683506.889817439] [depth_angular_controller]: OUTSIDE_FLOW_BOX
[depth_angular_controller-1] [INFO] [1790683507.016573821] [depth_angular_controller]: COMPUTE_DEADLINE
[depth_angular_controller-1] [INFO] [1790683507.016613285] [depth_angular_controller]: PAPER_BUILD reason=READY required=0.0100 best=8.0717 free=26 refined=0 tubes=57 revoked_tubes=0 proofs=128
[depth_angular_controller-1] [INFO] [1790683507.158755270] [depth_angular_controller]: OUTSIDE_FLOW_BOX
[depth_angular_controller-1] [INFO] [1790683507.280475933] [depth_angular_controller]: COMPUTE_DEADLINE
[depth_angular_controller-1] [INFO] [1790683507.403330413] [depth_angular_controller]: PAPER_EVIDENCE retained=32 balls=32 revoked_balls=0 expired_views=0 evicted_views=78 radius=0.580 clearance=0.500 best_prefix=8.072
[depth_angular_controller-1] [INFO] [1790683507.904454780] [depth_angular_controller]: PAPER_BUILD reason=READY required=0.0100 best=8.0717 free=26 refined=0 tubes=57 revoked_tubes=0 proofs=128
[depth_angular_controller-1] [INFO] [1790683508.276672158] [depth_angular_controller]: PAPER_EVIDENCE retained=32 balls=32 revoked_balls=0 expired_views=0 evicted_views=78 radius=0.580 clearance=0.500 best_prefix=8.072
[depth_angular_controller-1] [INFO] [1790683508.426095967] [depth_angular_controller]: OUTSIDE_FLOW_BOX
[depth_angular_controller-1] [INFO] [1790683508.531063031] [depth_angular_controller]: COMPUTE_DEADLINE
[depth_angular_controller-1] [INFO] [1790683508.572500851] [depth_angular_controller]: OUTSIDE_FLOW_BOX
[depth_angular_controller-1] [INFO] [1790683508.732642853] [depth_angular_controller]: COMPUTE_DEADLINE
[depth_angular_controller-1] [INFO] [1790683508.859580535] [depth_angular_controller]: PAPER_BUILD reason=READY required=0.0100 best=8.0717 free=26 refined=0 tubes=57 revoked_tubes=0 proofs=128
[depth_angular_controller-1] [INFO] [1790683509.240586566] [depth_angular_controller]: PAPER_EVIDENCE retained=32 balls=32 revoked_balls=0 expired_views=0 evicted_views=78 radius=0.580 clearance=0.500 best_prefix=8.072
[depth_angular_controller-1] [INFO] [1790683509.636900643] [depth_angular_controller]: OUTSIDE_FLOW_BOX
[depth_angular_controller-1] [INFO] [1790683509.806791058] [depth_angular_controller]: COMPUTE_DEADLINE
[depth_angular_controller-1] [INFO] [1790683509.806823288] [depth_angular_controller]: PAPER_BUILD reason=READY required=0.0100 best=8.0717 free=26 refined=0 tubes=57 revoked_tubes=0 proofs=128
[depth_angular_controller-1] [INFO] [1790683510.075862279] [depth_angular_controller]: OUTSIDE_FLOW_BOX
[depth_angular_controller-1] [INFO] [1790683510.188685425] [depth_angular_controller]: COMPUTE_DEADLINE
[depth_angular_controller-1] [INFO] [1790683510.226302816] [depth_angular_controller]: OUTSIDE_FLOW_BOX
[depth_angular_controller-1] [INFO] [1790683510.266934663] [depth_angular_controller]: PAPER_EVIDENCE retained=32 balls=32 revoked_balls=0 expired_views=0 evicted_views=78 radius=0.580 clearance=0.000 best_prefix=8.072
[depth_angular_controller-1] [INFO] [1790683510.387179877] [depth_angular_controller]: COMPUTE_DEADLINE
[position_cmd_to_twist-2] [INFO] [1790683510.484357113] [position_cmd_to_twist]: [PERF BRIDGE] run=iteration4_ego1p1_1 elapsed=184.85s received=3375 published=2621 fps(ros/wall)=18.27/15.32 controller_to_bridge_ms(mean/p50/p95/max)=47.383/16.667/150.000/166.667 bridge_process_ms(mean/p95/max)=0.111/0.144/2.887
[NAV] t=185.0s position=(-46.18,-9.35,3.83) yaw=10.6deg command=(0.00,0.00,0.00) manual_active=1 collision_blocks=0
[depth_angular_controller-1] [INFO] [1790683510.758280600] [depth_angular_controller]: [PERF CTRL] run=iteration4_ego1p1_1 elapsed=185.23s callbacks=3379 commands=3378 guidance=3278 command_fps(ros/wall)=18.24/19.70 guidance_wall_fps=19.31 avoid_ms(mean/p50/p95/max)=24.946/0.301/87.323/99.247 cycle_ms(mean/p95/max)=50.754/125.016/154.935 depth_to_cmd_ms(mean/p95/max)=21.970/33.333/50.000 callback_to_publish_ms(mean/p95/max)=45.992/124.680/139.948
[depth_angular_controller-1] [INFO] [1790683510.758321857] [depth_angular_controller]: PAPER_BUILD reason=READY required=0.0100 best=8.0717 free=26 refined=0 tubes=57 revoked_tubes=0 proofs=128
[depth_angular_controller-1] [INFO] [1790683511.135099022] [depth_angular_controller]: PAPER_EVIDENCE retained=32 balls=32 revoked_balls=0 expired_views=0 evicted_views=78 radius=0.580 clearance=0.500 best_prefix=8.072
[depth_angular_controller-1] [INFO] [1790683511.282357247] [depth_angular_controller]: OUTSIDE_FLOW_BOX
[depth_angular_controller-1] [INFO] [1790683511.446665417] [depth_angular_controller]: COMPUTE_DEADLINE
[depth_angular_controller-1] [INFO] [1790683511.693679247] [depth_angular_controller]: PAPER_BUILD reason=READY required=0.0100 best=8.0717 free=26 refined=0 tubes=57 revoked_tubes=0 proofs=128
[depth_angular_controller-1] [INFO] [1790683512.067672718] [depth_angular_controller]: PAPER_EVIDENCE retained=32 balls=32 revoked_balls=0 expired_views=0 evicted_views=78 radius=0.580 clearance=0.500 best_prefix=8.072
[depth_angular_controller-1] [INFO] [1790683512.211837328] [depth_angular_controller]: OUTSIDE_FLOW_BOX
[depth_angular_controller-1] [INFO] [1790683512.379845000] [depth_angular_controller]: COMPUTE_DEADLINE
[depth_angular_controller-1] [INFO] [1790683512.635395159] [depth_angular_controller]: PAPER_BUILD reason=READY required=0.0100 best=8.0717 free=26 refined=0 tubes=57 revoked_tubes=0 proofs=128
[depth_angular_controller-1] [INFO] [1790683512.905930086] [depth_angular_controller]: OUTSIDE_FLOW_BOX
[depth_angular_controller-1] [INFO] [1790683513.029605327] [depth_angular_controller]: COMPUTE_DEADLINE
[depth_angular_controller-1] [INFO] [1790683513.029642337] [depth_angular_controller]: PAPER_EVIDENCE retained=32 balls=32 revoked_balls=0 expired_views=0 evicted_views=78 radius=0.580 clearance=0.500 best_prefix=8.072
[depth_angular_controller-1] [INFO] [1790683513.519896886] [depth_angular_controller]: PAPER_BUILD reason=READY required=0.0100 best=8.0717 free=26 refined=0 tubes=57 revoked_tubes=0 proofs=128
[depth_angular_controller-1] [INFO] [1790683513.886192412] [depth_angular_controller]: PAPER_EVIDENCE retained=32 balls=32 revoked_balls=0 expired_views=0 evicted_views=78 radius=0.580 clearance=0.500 best_prefix=8.072
[depth_angular_controller-1] [INFO] [1790683514.369969105] [depth_angular_controller]: PAPER_BUILD reason=READY required=0.0100 best=8.0717 free=26 refined=0 tubes=57 revoked_tubes=0 proofs=128
[depth_angular_controller-1] [INFO] [1790683514.756065347] [depth_angular_controller]: OUTSIDE_FLOW_BOX
[depth_angular_controller-1] [INFO] [1790683514.861476966] [depth_angular_controller]: COMPUTE_DEADLINE
[depth_angular_controller-1] [INFO] [1790683514.861507173] [depth_angular_controller]: PAPER_EVIDENCE retained=32 balls=32 revoked_balls=0 expired_views=0 evicted_views=78 radius=0.580 clearance=0.500 best_prefix=8.072
[depth_angular_controller-1] [INFO] [1790683514.899276418] [depth_angular_controller]: OUTSIDE_FLOW_BOX
[position_cmd_to_twist-2] [INFO] [1790683514.913394551] [position_cmd_to_twist]: [PERF BRIDGE] run=iteration4_ego1p1_1 elapsed=189.28s received=3417 published=2634 fps(ros/wall)=17.99/15.00 controller_to_bridge_ms(mean/p50/p95/max)=48.293/16.667/150.000/166.667 bridge_process_ms(mean/p95/max)=0.111/0.144/2.887
[NAV] t=190.0s position=(-46.18,-9.35,3.83) yaw=10.6deg command=(0.00,0.00,0.00) manual_active=1 collision_blocks=0
[depth_angular_controller-1] [INFO] [1790683515.020393488] [depth_angular_controller]: COMPUTE_DEADLINE
[depth_angular_controller-1] [INFO] [1790683515.390702906] [depth_angular_controller]: PAPER_BUILD reason=READY required=0.0100 best=8.0717 free=26 refined=0 tubes=57 revoked_tubes=0 proofs=128
[depth_angular_controller-1] [INFO] [1790683515.760386089] [depth_angular_controller]: [PERF CTRL] run=iteration4_ego1p1_1 elapsed=190.23s callbacks=3425 commands=3424 guidance=3324 command_fps(ros/wall)=17.94/19.40 guidance_wall_fps=19.02 avoid_ms(mean/p50/p95/max)=25.607/0.338/87.340/99.247 cycle_ms(mean/p95/max)=51.534/125.083/154.935 depth_to_cmd_ms(mean/p95/max)=21.906/33.333/50.000 callback_to_publish_ms(mean/p95/max)=46.832/124.805/139.948
[depth_angular_controller-1] [INFO] [1790683515.760437486] [depth_angular_controller]: PAPER_EVIDENCE retained=32 balls=32 revoked_balls=0 expired_views=0 evicted_views=78 radius=0.580 clearance=0.500 best_prefix=8.072
[depth_angular_controller-1] [INFO] [1790683516.256209328] [depth_angular_controller]: PAPER_BUILD reason=READY required=0.0100 best=8.0717 free=26 refined=0 tubes=57 revoked_tubes=0 proofs=128
[depth_angular_controller-1] [INFO] [1790683516.631996085] [depth_angular_controller]: PAPER_EVIDENCE retained=32 balls=32 revoked_balls=0 expired_views=0 evicted_views=78 radius=0.580 clearance=0.500 best_prefix=8.072
[depth_angular_controller-1] [INFO] [1790683517.017450142] [depth_angular_controller]: OUTSIDE_FLOW_BOX
[depth_angular_controller-1] [INFO] [1790683517.138122107] [depth_angular_controller]: COMPUTE_DEADLINE
[depth_angular_controller-1] [INFO] [1790683517.138526917] [depth_angular_controller]: PAPER_BUILD reason=READY required=0.0100 best=8.0717 free=26 refined=0 tubes=57 revoked_tubes=0 proofs=128
[depth_angular_controller-1] [INFO] [1790683517.286294828] [depth_angular_controller]: OUTSIDE_FLOW_BOX
[depth_angular_controller-1] [INFO] [1790683517.409315290] [depth_angular_controller]: COMPUTE_DEADLINE
[depth_angular_controller-1] [INFO] [1790683517.553254527] [depth_angular_controller]: OUTSIDE_FLOW_BOX
[depth_angular_controller-1] [INFO] [1790683517.672865030] [depth_angular_controller]: COMPUTE_DEADLINE
[depth_angular_controller-1] [INFO] [1790683517.672905636] [depth_angular_controller]: PAPER_EVIDENCE retained=32 balls=32 revoked_balls=0 expired_views=0 evicted_views=78 radius=0.580 clearance=0.500 best_prefix=8.072
[depth_angular_controller-1] [INFO] [1790683518.170503836] [depth_angular_controller]: PAPER_BUILD reason=READY required=0.0100 best=8.0717 free=26 refined=0 tubes=57 revoked_tubes=0 proofs=128
[depth_angular_controller-1] [INFO] [1790683518.545622238] [depth_angular_controller]: PAPER_EVIDENCE retained=32 balls=32 revoked_balls=0 expired_views=0 evicted_views=78 radius=0.580 clearance=0.500 best_prefix=8.072
[depth_angular_controller-1] [INFO] [1790683519.034163242] [depth_angular_controller]: PAPER_BUILD reason=READY required=0.0100 best=8.0717 free=26 refined=0 tubes=57 revoked_tubes=0 proofs=128
[position_cmd_to_twist-2] [INFO] [1790683519.216927826] [position_cmd_to_twist]: [PERF BRIDGE] run=iteration4_ego1p1_1 elapsed=193.58s received=3454 published=2641 fps(ros/wall)=17.73/14.68 controller_to_bridge_ms(mean/p50/p95/max)=49.209/16.667/150.000/166.667 bridge_process_ms(mean/p95/max)=0.111/0.144/2.887
[NAV] t=195.0s position=(-46.18,-9.35,3.83) yaw=10.6deg command=(0.00,0.00,0.00) manual_active=1 collision_blocks=0
[depth_angular_controller-1] [INFO] [1790683519.394960951] [depth_angular_controller]: PAPER_EVIDENCE retained=32 balls=32 revoked_balls=0 expired_views=0 evicted_views=78 radius=0.580 clearance=0.500 best_prefix=8.072
[depth_angular_controller-1] [INFO] [1790683519.421433718] [depth_angular_controller]: OUTSIDE_FLOW_BOX
[depth_angular_controller-1] [INFO] [1790683519.531788593] [depth_angular_controller]: COMPUTE_DEADLINE
[depth_angular_controller-1] [INFO] [1790683520.020483064] [depth_angular_controller]: PAPER_BUILD reason=READY required=0.0100 best=8.0717 free=26 refined=0 tubes=57 revoked_tubes=0 proofs=128
[depth_angular_controller-1] [INFO] [1790683520.054934243] [depth_angular_controller]: OUTSIDE_FLOW_BOX
[depth_angular_controller-1] [INFO] [1790683520.203568190] [depth_angular_controller]: COMPUTE_DEADLINE
[depth_angular_controller-1] [INFO] [1790683520.242336360] [depth_angular_controller]: OUTSIDE_FLOW_BOX
[depth_angular_controller-1] [INFO] [1790683520.366709891] [depth_angular_controller]: COMPUTE_DEADLINE
[depth_angular_controller-1] [INFO] [1790683520.479510926] [depth_angular_controller]: PAPER_EVIDENCE retained=32 balls=32 revoked_balls=0 expired_views=0 evicted_views=78 radius=0.580 clearance=0.500 best_prefix=8.072
[depth_angular_controller-1] [INFO] [1790683520.520883202] [depth_angular_controller]: OUTSIDE_FLOW_BOX
[depth_angular_controller-1] [INFO] [1790683520.641542443] [depth_angular_controller]: COMPUTE_DEADLINE
[depth_angular_controller-1] [INFO] [1790683520.762073874] [depth_angular_controller]: [PERF CTRL] run=iteration4_ego1p1_1 elapsed=195.24s callbacks=3472 commands=3471 guidance=3371 command_fps(ros/wall)=17.68/19.13 guidance_wall_fps=18.75 avoid_ms(mean/p50/p95/max)=26.231/0.382/87.355/99.247 cycle_ms(mean/p95/max)=52.277/125.219/154.935 depth_to_cmd_ms(mean/p95/max)=21.848/33.333/50.000 callback_to_publish_ms(mean/p95/max)=47.629/124.843/139.948
[depth_angular_controller-1] [INFO] [1790683520.908097072] [depth_angular_controller]: OUTSIDE_FLOW_BOX
[depth_angular_controller-1] [INFO] [1790683521.034027815] [depth_angular_controller]: COMPUTE_DEADLINE
[depth_angular_controller-1] [INFO] [1790683521.160611313] [depth_angular_controller]: PAPER_BUILD reason=READY required=0.0100 best=8.0717 free=26 refined=0 tubes=57 revoked_tubes=0 proofs=128
[depth_angular_controller-1] [INFO] [1790683521.403852624] [depth_angular_controller]: PAPER_EVIDENCE retained=32 balls=32 revoked_balls=0 expired_views=0 evicted_views=78 radius=0.580 clearance=0.500 best_prefix=8.072
[depth_angular_controller-1] [INFO] [1790683522.023455479] [depth_angular_controller]: PAPER_BUILD reason=READY required=0.0100 best=8.0717 free=26 refined=0 tubes=57 revoked_tubes=0 proofs=128
[depth_angular_controller-1] [INFO] [1790683522.267255148] [depth_angular_controller]: PAPER_EVIDENCE retained=32 balls=32 revoked_balls=0 expired_views=0 evicted_views=78 radius=0.580 clearance=0.500 best_prefix=8.072
[depth_angular_controller-1] [INFO] [1790683522.884031569] [depth_angular_controller]: PAPER_BUILD reason=READY required=0.0100 best=8.0717 free=26 refined=0 tubes=57 revoked_tubes=0 proofs=128
[depth_angular_controller-1] [INFO] [1790683523.151796780] [depth_angular_controller]: OUTSIDE_FLOW_BOX
[depth_angular_controller-1] [INFO] [1790683523.151838097] [depth_angular_controller]: PAPER_EVIDENCE retained=32 balls=32 revoked_balls=0 expired_views=0 evicted_views=78 radius=0.580 clearance=0.000 best_prefix=8.072
[depth_angular_controller-1] [INFO] [1790683523.274313617] [depth_angular_controller]: COMPUTE_DEADLINE
[depth_angular_controller-1] [INFO] [1790683523.419037977] [depth_angular_controller]: OUTSIDE_FLOW_BOX
[depth_angular_controller-1] [INFO] [1790683523.540312382] [depth_angular_controller]: COMPUTE_DEADLINE
[position_cmd_to_twist-2] [INFO] [1790683523.853613963] [position_cmd_to_twist]: [PERF BRIDGE] run=iteration4_ego1p1_1 elapsed=198.22s received=3498 published=2657 fps(ros/wall)=17.51/14.40 controller_to_bridge_ms(mean/p50/p95/max)=50.038/16.667/150.000/166.667 bridge_process_ms(mean/p95/max)=0.111/0.144/2.887
[depth_angular_controller-1] [INFO] [1790683523.895851093] [depth_angular_controller]: PAPER_BUILD reason=READY required=0.0100 best=8.0717 free=26 refined=0 tubes=57 revoked_tubes=0 proofs=128
[NAV] t=200.0s position=(-46.18,-9.35,3.83) yaw=10.6deg command=(0.00,0.00,0.00) manual_active=1 collision_blocks=0
[depth_angular_controller-1] [INFO] [1790683523.933172137] [depth_angular_controller]: OUTSIDE_FLOW_BOX
[depth_angular_controller-1] [INFO] [1790683524.055403729] [depth_angular_controller]: COMPUTE_DEADLINE
[depth_angular_controller-1] [INFO] [1790683524.181751865] [depth_angular_controller]: PAPER_EVIDENCE retained=32 balls=32 revoked_balls=0 expired_views=0 evicted_views=78 radius=0.580 clearance=0.500 best_prefix=8.072
[depth_angular_controller-1] [INFO] [1790683524.799685018] [depth_angular_controller]: PAPER_BUILD reason=READY required=0.0100 best=8.0717 free=26 refined=0 tubes=57 revoked_tubes=0 proofs=128
[depth_angular_controller-1] [INFO] [1790683524.948992598] [depth_angular_controller]: OUTSIDE_FLOW_BOX
[depth_angular_controller-1] [INFO] [1790683525.110923778] [depth_angular_controller]: COMPUTE_DEADLINE
[depth_angular_controller-1] [INFO] [1790683525.110957040] [depth_angular_controller]: PAPER_EVIDENCE retained=32 balls=32 revoked_balls=0 expired_views=0 evicted_views=78 radius=0.580 clearance=0.500 best_prefix=8.072
[depth_angular_controller-1] [INFO] [1790683525.255793100] [depth_angular_controller]: OUTSIDE_FLOW_BOX
[depth_angular_controller-1] [INFO] [1790683525.383324306] [depth_angular_controller]: COMPUTE_DEADLINE
[depth_angular_controller-1] [INFO] [1790683525.751984169] [depth_angular_controller]: PAPER_BUILD reason=READY required=0.0100 best=8.0717 free=26 refined=0 tubes=57 revoked_tubes=0 proofs=128
[depth_angular_controller-1] [INFO] [1790683525.877182297] [depth_angular_controller]: [PERF CTRL] run=iteration4_ego1p1_1 elapsed=200.35s callbacks=3519 commands=3518 guidance=3418 command_fps(ros/wall)=17.40/18.86 guidance_wall_fps=18.49 avoid_ms(mean/p50/p95/max)=26.875/0.445/87.412/99.247 cycle_ms(mean/p95/max)=53.033/125.302/154.935 depth_to_cmd_ms(mean/p95/max)=21.796/33.333/50.000 callback_to_publish_ms(mean/p95/max)=48.443/124.949/139.948
[depth_angular_controller-1] [INFO] [1790683526.002811194] [depth_angular_controller]: PAPER_EVIDENCE retained=32 balls=32 revoked_balls=0 expired_views=0 evicted_views=78 radius=0.580 clearance=0.500 best_prefix=8.072
[depth_angular_controller-1] [INFO] [1790683526.639424651] [depth_angular_controller]: OUTSIDE_FLOW_BOX
[depth_angular_controller-1] [INFO] [1790683526.639459376] [depth_angular_controller]: PAPER_BUILD reason=READY required=0.0100 best=8.0717 free=26 refined=0 tubes=57 revoked_tubes=0 proofs=128
[depth_angular_controller-1] [INFO] [1790683526.790038873] [depth_angular_controller]: COMPUTE_DEADLINE
[depth_angular_controller-1] [INFO] [1790683526.819653817] [depth_angular_controller]: OUTSIDE_FLOW_BOX
[depth_angular_controller-1] [INFO] [1790683526.944743863] [depth_angular_controller]: COMPUTE_DEADLINE
[depth_angular_controller-1] [INFO] [1790683526.944782455] [depth_angular_controller]: PAPER_EVIDENCE retained=32 balls=32 revoked_balls=0 expired_views=0 evicted_views=78 radius=0.580 clearance=0.500 best_prefix=8.072
[depth_angular_controller-1] [INFO] [1790683527.564568244] [depth_angular_controller]: PAPER_BUILD reason=READY required=0.0100 best=8.0717 free=26 refined=0 tubes=57 revoked_tubes=0 proofs=128
[depth_angular_controller-1] [INFO] [1790683527.710126769] [depth_angular_controller]: OUTSIDE_FLOW_BOX
[depth_angular_controller-1] [INFO] [1790683527.804214709] [depth_angular_controller]: COMPUTE_DEADLINE
[depth_angular_controller-1] [INFO] [1790683527.843620645] [depth_angular_controller]: OUTSIDE_FLOW_BOX
[depth_angular_controller-1] [INFO] [1790683527.843657624] [depth_angular_controller]: PAPER_EVIDENCE retained=32 balls=32 revoked_balls=0 expired_views=0 evicted_views=78 radius=0.580 clearance=0.000 best_prefix=8.072
[depth_angular_controller-1] [INFO] [1790683527.966194509] [depth_angular_controller]: COMPUTE_DEADLINE
[position_cmd_to_twist-2] [INFO] [1790683528.263661165] [position_cmd_to_twist]: [PERF BRIDGE] run=iteration4_ego1p1_1 elapsed=202.63s received=3542 published=2674 fps(ros/wall)=17.30/14.15 controller_to_bridge_ms(mean/p50/p95/max)=50.805/16.667/150.000/166.667 bridge_process_ms(mean/p95/max)=0.111/0.144/2.887
[NAV] t=205.0s position=(-46.18,-9.35,3.83) yaw=10.6deg command=(0.00,0.00,0.00) manual_active=1 collision_blocks=0
[depth_angular_controller-1] [INFO] [1790683528.457545736] [depth_angular_controller]: PAPER_BUILD reason=READY required=0.0100 best=8.0717 free=26 refined=0 tubes=57 revoked_tubes=0 proofs=128
[depth_angular_controller-1] [INFO] [1790683528.724644496] [depth_angular_controller]: OUTSIDE_FLOW_BOX
[depth_angular_controller-1] [INFO] [1790683528.764619450] [depth_angular_controller]: PAPER_EVIDENCE retained=32 balls=32 revoked_balls=0 expired_views=0 evicted_views=78 radius=0.580 clearance=0.000 best_prefix=8.072
[depth_angular_controller-1] [INFO] [1790683528.888555531] [depth_angular_controller]: COMPUTE_DEADLINE
[depth_angular_controller-1] [INFO] [1790683529.383592133] [depth_angular_controller]: PAPER_BUILD reason=READY required=0.0100 best=8.0717 free=26 refined=0 tubes=57 revoked_tubes=0 proofs=128
[depth_angular_controller-1] [INFO] [1790683529.632478307] [depth_angular_controller]: PAPER_EVIDENCE retained=32 balls=32 revoked_balls=0 expired_views=0 evicted_views=78 radius=0.580 clearance=0.500 best_prefix=8.072
[depth_angular_controller-1] [INFO] [1790683529.782496821] [depth_angular_controller]: OUTSIDE_FLOW_BOX
[depth_angular_controller-1] [INFO] [1790683529.944787896] [depth_angular_controller]: COMPUTE_DEADLINE
[depth_angular_controller-1] [INFO] [1790683530.311044689] [depth_angular_controller]: PAPER_BUILD reason=READY required=0.0100 best=8.0717 free=26 refined=0 tubes=57 revoked_tubes=0 proofs=128
[depth_angular_controller-1] [INFO] [1790683530.563040438] [depth_angular_controller]: PAPER_EVIDENCE retained=32 balls=32 revoked_balls=0 expired_views=0 evicted_views=78 radius=0.580 clearance=0.500 best_prefix=8.072
[depth_angular_controller-1] [INFO] [1790683530.711991119] [depth_angular_controller]: OUTSIDE_FLOW_BOX
[depth_angular_controller-1] [INFO] [1790683530.833825184] [depth_angular_controller]: COMPUTE_DEADLINE
[depth_angular_controller-1] [INFO] [1790683530.962026839] [depth_angular_controller]: [PERF CTRL] run=iteration4_ego1p1_1 elapsed=205.44s callbacks=3569 commands=3568 guidance=3468 command_fps(ros/wall)=17.17/18.62 guidance_wall_fps=18.26 avoid_ms(mean/p50/p95/max)=27.447/0.570/87.493/99.247 cycle_ms(mean/p95/max)=53.715/125.407/154.935 depth_to_cmd_ms(mean/p95/max)=21.751/33.333/50.000 callback_to_publish_ms(mean/p95/max)=49.184/125.010/139.948
[depth_angular_controller-1] [INFO] [1790683531.208767597] [depth_angular_controller]: PAPER_BUILD reason=READY required=0.0100 best=8.0717 free=26 refined=0 tubes=57 revoked_tubes=0 proofs=128
[depth_angular_controller-1] [INFO] [1790683531.458633047] [depth_angular_controller]: OUTSIDE_FLOW_BOX
[depth_angular_controller-1] [INFO] [1790683531.635608538] [depth_angular_controller]: COMPUTE_DEADLINE
[depth_angular_controller-1] [INFO] [1790683531.635646840] [depth_angular_controller]: PAPER_EVIDENCE retained=32 balls=32 revoked_balls=0 expired_views=0 evicted_views=78 radius=0.580 clearance=0.500 best_prefix=8.072
[depth_angular_controller-1] [INFO] [1790683531.672077533] [depth_angular_controller]: OUTSIDE_FLOW_BOX
[depth_angular_controller-1] [INFO] [1790683531.835375748] [depth_angular_controller]: COMPUTE_DEADLINE
[depth_angular_controller-1] [INFO] [1790683532.326209544] [depth_angular_controller]: PAPER_BUILD reason=READY required=0.0100 best=8.0717 free=26 refined=0 tubes=57 revoked_tubes=0 proofs=128
[depth_angular_controller-1] [INFO] [1790683532.554163587] [depth_angular_controller]: PAPER_EVIDENCE retained=32 balls=32 revoked_balls=0 expired_views=0 evicted_views=78 radius=0.580 clearance=0.500 best_prefix=8.072
[depth_angular_controller-1] [INFO] [1790683532.582166947] [depth_angular_controller]: OUTSIDE_FLOW_BOX
[depth_angular_controller-1] [INFO] [1790683532.758090453] [depth_angular_controller]: COMPUTE_DEADLINE
[position_cmd_to_twist-2] [INFO] [1790683532.891450117] [position_cmd_to_twist]: [PERF BRIDGE] run=iteration4_ego1p1_1 elapsed=207.26s received=3589 published=2692 fps(ros/wall)=17.11/13.91 controller_to_bridge_ms(mean/p50/p95/max)=51.528/16.667/150.000/166.667 bridge_process_ms(mean/p95/max)=0.111/0.144/2.887
[NAV] t=210.0s position=(-46.18,-9.35,3.83) yaw=10.6deg command=(0.00,0.00,0.00) manual_active=1 collision_blocks=0
[depth_angular_controller-1] [INFO] [1790683533.268434120] [depth_angular_controller]: OUTSIDE_FLOW_BOX
[depth_angular_controller-1] [INFO] [1790683533.388025207] [depth_angular_controller]: COMPUTE_DEADLINE
[depth_angular_controller-1] [INFO] [1790683533.388059261] [depth_angular_controller]: PAPER_BUILD reason=READY required=0.0100 best=8.0717 free=26 refined=0 tubes=57 revoked_tubes=0 proofs=128
[depth_angular_controller-1] [INFO] [1790683533.512617809] [depth_angular_controller]: PAPER_EVIDENCE retained=32 balls=32 revoked_balls=0 expired_views=0 evicted_views=78 radius=0.580 clearance=0.500 best_prefix=8.072
[depth_angular_controller-1] [INFO] [1790683534.250387108] [depth_angular_controller]: PAPER_BUILD reason=READY required=0.0100 best=8.0717 free=26 refined=0 tubes=57 revoked_tubes=0 proofs=128
[depth_angular_controller-1] [INFO] [1790683534.372975489] [depth_angular_controller]: PAPER_EVIDENCE retained=32 balls=32 revoked_balls=0 expired_views=0 evicted_views=78 radius=0.580 clearance=0.500 best_prefix=8.072
[depth_angular_controller-1] [INFO] [1790683534.892483784] [depth_angular_controller]: OUTSIDE_FLOW_BOX
[depth_angular_controller-1] [INFO] [1790683535.055385074] [depth_angular_controller]: COMPUTE_DEADLINE
[depth_angular_controller-1] [INFO] [1790683535.178696682] [depth_angular_controller]: PAPER_BUILD reason=READY required=0.0100 best=8.0717 free=26 refined=0 tubes=57 revoked_tubes=0 proofs=128
[depth_angular_controller-1] [INFO] [1790683535.300588997] [depth_angular_controller]: PAPER_EVIDENCE retained=32 balls=32 revoked_balls=0 expired_views=0 evicted_views=78 radius=0.580 clearance=0.500 best_prefix=8.072
[depth_angular_controller-1] [INFO] [1790683535.443850672] [depth_angular_controller]: OUTSIDE_FLOW_BOX
[depth_angular_controller-1] [INFO] [1790683535.548668637] [depth_angular_controller]: COMPUTE_DEADLINE
[depth_angular_controller-1] [INFO] [1790683535.588616981] [depth_angular_controller]: OUTSIDE_FLOW_BOX
[depth_angular_controller-1] [INFO] [1790683535.708166149] [depth_angular_controller]: COMPUTE_DEADLINE
[depth_angular_controller-1] [INFO] [1790683536.084122163] [depth_angular_controller]: [PERF CTRL] run=iteration4_ego1p1_1 elapsed=210.56s callbacks=3620 commands=3619 guidance=3519 command_fps(ros/wall)=16.96/18.39 guidance_wall_fps=18.04 avoid_ms(mean/p50/p95/max)=27.999/1.300/87.551/99.247 cycle_ms(mean/p95/max)=54.374/125.466/154.935 depth_to_cmd_ms(mean/p95/max)=21.711/33.333/50.000 callback_to_publish_ms(mean/p95/max)=49.878/125.077/139.948
[depth_angular_controller-1] [INFO] [1790683536.084177958] [depth_angular_controller]: PAPER_BUILD reason=READY required=0.0100 best=8.0717 free=26 refined=0 tubes=57 revoked_tubes=0 proofs=128
[depth_angular_controller-1] [INFO] [1790683536.202897760] [depth_angular_controller]: PAPER_EVIDENCE retained=32 balls=32 revoked_balls=0 expired_views=0 evicted_views=78 radius=0.580 clearance=0.500 best_prefix=8.072
[depth_angular_controller-1] [INFO] [1790683536.474124576] [depth_angular_controller]: OUTSIDE_FLOW_BOX
[depth_angular_controller-1] [INFO] [1790683536.618472349] [depth_angular_controller]: COMPUTE_DEADLINE
[depth_angular_controller-1] [INFO] [1790683536.659320933] [depth_angular_controller]: OUTSIDE_FLOW_BOX
[depth_angular_controller-1] [INFO] [1790683536.807954319] [depth_angular_controller]: COMPUTE_DEADLINE
[depth_angular_controller-1] [INFO] [1790683536.841262142] [depth_angular_controller]: OUTSIDE_FLOW_BOX
[depth_angular_controller-1] [INFO] [1790683536.980758391] [depth_angular_controller]: COMPUTE_DEADLINE
[depth_angular_controller-1] [INFO] [1790683537.019250904] [depth_angular_controller]: OUTSIDE_FLOW_BOX
[depth_angular_controller-1] [INFO] [1790683537.180825414] [depth_angular_controller]: COMPUTE_DEADLINE
[depth_angular_controller-1] [INFO] [1790683537.180862503] [depth_angular_controller]: PAPER_BUILD reason=READY required=0.0100 best=8.0717 free=26 refined=0 tubes=57 revoked_tubes=0 proofs=128
[depth_angular_controller-1] [INFO] [1790683537.306705342] [depth_angular_controller]: PAPER_EVIDENCE retained=32 balls=32 revoked_balls=0 expired_views=0 evicted_views=78 radius=0.580 clearance=0.500 best_prefix=8.072
[position_cmd_to_twist-2] [INFO] [1790683537.462497000] [position_cmd_to_twist]: [PERF BRIDGE] run=iteration4_ego1p1_1 elapsed=211.83s received=3636 published=2713 fps(ros/wall)=16.93/13.69 controller_to_bridge_ms(mean/p50/p95/max)=52.223/33.333/150.000/166.667 bridge_process_ms(mean/p95/max)=0.111/0.144/2.887
[NAV] t=215.0s position=(-46.18,-9.35,3.83) yaw=10.6deg command=(0.00,0.00,0.00) manual_active=1 collision_blocks=0
[depth_angular_controller-1] [INFO] [1790683538.052927453] [depth_angular_controller]: PAPER_BUILD reason=READY required=0.0100 best=8.0717 free=26 refined=0 tubes=57 revoked_tubes=0 proofs=128
[depth_angular_controller-1] [INFO] [1790683538.193104970] [depth_angular_controller]: OUTSIDE_FLOW_BOX
[depth_angular_controller-1] [INFO] [1790683538.193138423] [depth_angular_controller]: PAPER_EVIDENCE retained=32 balls=32 revoked_balls=0 expired_views=0 evicted_views=78 radius=0.580 clearance=0.000 best_prefix=8.072
[depth_angular_controller-1] [INFO] [1790683538.354169353] [depth_angular_controller]: COMPUTE_DEADLINE
[depth_angular_controller-1] [INFO] [1790683538.977942845] [depth_angular_controller]: PAPER_BUILD reason=READY required=0.0100 best=8.0717 free=26 refined=0 tubes=57 revoked_tubes=0 proofs=128
[depth_angular_controller-1] [INFO] [1790683539.086306293] [depth_angular_controller]: PAPER_EVIDENCE retained=32 balls=32 revoked_balls=0 expired_views=0 evicted_views=78 radius=0.580 clearance=0.500 best_prefix=8.072
[depth_angular_controller-1] [INFO] [1790683539.126415719] [depth_angular_controller]: OUTSIDE_FLOW_BOX
[depth_angular_controller-1] [INFO] [1790683539.288125984] [depth_angular_controller]: COMPUTE_DEADLINE
[depth_angular_controller-1] [INFO] [1790683539.430423550] [depth_angular_controller]: OUTSIDE_FLOW_BOX
[depth_angular_controller-1] [INFO] [1790683539.531675323] [depth_angular_controller]: COMPUTE_DEADLINE
[depth_angular_controller-1] [INFO] [1790683539.568724066] [depth_angular_controller]: OUTSIDE_FLOW_BOX
[depth_angular_controller-1] [INFO] [1790683539.690221560] [depth_angular_controller]: COMPUTE_DEADLINE
[depth_angular_controller-1] [INFO] [1790683539.951711615] [depth_angular_controller]: PAPER_BUILD reason=READY required=0.0100 best=8.0717 free=26 refined=0 tubes=57 revoked_tubes=0 proofs=128
[depth_angular_controller-1] [INFO] [1790683540.075529543] [depth_angular_controller]: PAPER_EVIDENCE retained=32 balls=32 revoked_balls=0 expired_views=0 evicted_views=78 radius=0.580 clearance=0.500 best_prefix=8.072
[depth_angular_controller-1] [INFO] [1790683540.812136100] [depth_angular_controller]: PAPER_BUILD reason=READY required=0.0100 best=8.0717 free=26 refined=0 tubes=57 revoked_tubes=0 proofs=128
[depth_angular_controller-1] [INFO] [1790683540.932597520] [depth_angular_controller]: PAPER_EVIDENCE retained=32 balls=32 revoked_balls=0 expired_views=0 evicted_views=78 radius=0.580 clearance=0.500 best_prefix=8.072
[depth_angular_controller-1] [INFO] [1790683541.173492839] [depth_angular_controller]: [PERF CTRL] run=iteration4_ego1p1_1 elapsed=215.65s callbacks=3672 commands=3671 guidance=3571 command_fps(ros/wall)=16.76/18.19 guidance_wall_fps=17.84 avoid_ms(mean/p50/p95/max)=28.501/2.113/87.601/99.247 cycle_ms(mean/p95/max)=54.990/125.538/154.935 depth_to_cmd_ms(mean/p95/max)=21.656/33.333/50.000 callback_to_publish_ms(mean/p95/max)=50.551/125.116/139.948
[depth_angular_controller-1] [INFO] [1790683541.427837014] [depth_angular_controller]: OUTSIDE_FLOW_BOX
[depth_angular_controller-1] [INFO] [1790683541.538178554] [depth_angular_controller]: COMPUTE_DEADLINE
[depth_angular_controller-1] [INFO] [1790683541.795315309] [depth_angular_controller]: PAPER_BUILD reason=READY required=0.0100 best=8.0717 free=26 refined=0 tubes=57 revoked_tubes=0 proofs=128
[position_cmd_to_twist-2] [INFO] [1790683541.891776532] [position_cmd_to_twist]: [PERF BRIDGE] run=iteration4_ego1p1_1 elapsed=216.26s received=3677 published=2727 fps(ros/wall)=16.74/13.47 controller_to_bridge_ms(mean/p50/p95/max)=52.973/33.333/150.000/166.667 bridge_process_ms(mean/p95/max)=0.111/0.144/2.887
[depth_angular_controller-1] [INFO] [1790683541.920360521] [depth_angular_controller]: PAPER_EVIDENCE retained=32 balls=32 revoked_balls=0 expired_views=0 evicted_views=78 radius=0.580 clearance=0.500 best_prefix=8.072
[NAV] t=220.0s position=(-46.18,-9.35,3.83) yaw=10.6deg command=(0.00,0.00,0.00) manual_active=1 collision_blocks=0
[depth_angular_controller-1] [INFO] [1790683542.661294589] [depth_angular_controller]: PAPER_BUILD reason=READY required=0.0100 best=8.0717 free=26 refined=0 tubes=57 revoked_tubes=0 proofs=128
[depth_angular_controller-1] [INFO] [1790683542.786637930] [depth_angular_controller]: PAPER_EVIDENCE retained=32 balls=32 revoked_balls=0 expired_views=0 evicted_views=78 radius=0.580 clearance=0.500 best_prefix=8.072
[depth_angular_controller-1] [INFO] [1790683543.533339149] [depth_angular_controller]: PAPER_BUILD reason=READY required=0.0100 best=8.0717 free=26 refined=0 tubes=57 revoked_tubes=0 proofs=128
[depth_angular_controller-1] [INFO] [1790683543.656235188] [depth_angular_controller]: PAPER_EVIDENCE retained=32 balls=32 revoked_balls=0 expired_views=0 evicted_views=78 radius=0.580 clearance=0.500 best_prefix=8.072
[depth_angular_controller-1] [INFO] [1790683544.295885503] [depth_angular_controller]: OUTSIDE_FLOW_BOX
[depth_angular_controller-1] [INFO] [1790683544.420389529] [depth_angular_controller]: COMPUTE_DEADLINE
[depth_angular_controller-1] [INFO] [1790683544.420426158] [depth_angular_controller]: PAPER_BUILD reason=READY required=0.0100 best=8.0717 free=26 refined=0 tubes=57 revoked_tubes=0 proofs=128
[depth_angular_controller-1] [INFO] [1790683544.661612372] [depth_angular_controller]: PAPER_EVIDENCE retained=32 balls=32 revoked_balls=0 expired_views=0 evicted_views=78 radius=0.580 clearance=0.500 best_prefix=8.072
[depth_angular_controller-1] [INFO] [1790683544.933612900] [depth_angular_controller]: OUTSIDE_FLOW_BOX
[depth_angular_controller-1] [INFO] [1790683545.035442367] [depth_angular_controller]: COMPUTE_DEADLINE
[depth_angular_controller-1] [INFO] [1790683545.073160767] [depth_angular_controller]: OUTSIDE_FLOW_BOX
[depth_angular_controller-1] [INFO] [1790683545.217851824] [depth_angular_controller]: COMPUTE_DEADLINE
[depth_angular_controller-1] [INFO] [1790683545.256031930] [depth_angular_controller]: OUTSIDE_FLOW_BOX
[depth_angular_controller-1] [INFO] [1790683545.419576417] [depth_angular_controller]: COMPUTE_DEADLINE
[depth_angular_controller-1] [INFO] [1790683545.548152074] [depth_angular_controller]: PAPER_BUILD reason=READY required=0.0100 best=8.0717 free=26 refined=0 tubes=57 revoked_tubes=0 proofs=128
[depth_angular_controller-1] [INFO] [1790683545.799248535] [depth_angular_controller]: PAPER_EVIDENCE retained=32 balls=32 revoked_balls=0 expired_views=0 evicted_views=78 radius=0.580 clearance=0.500 best_prefix=8.072
[depth_angular_controller-1] [INFO] [1790683546.173552108] [depth_angular_controller]: [PERF CTRL] run=iteration4_ego1p1_1 elapsed=220.65s callbacks=3718 commands=3717 guidance=3617 command_fps(ros/wall)=16.54/17.97 guidance_wall_fps=17.63 avoid_ms(mean/p50/p95/max)=29.069/2.229/87.685/99.247 cycle_ms(mean/p95/max)=55.655/125.605/154.935 depth_to_cmd_ms(mean/p95/max)=21.602/33.333/50.000 callback_to_publish_ms(mean/p95/max)=51.262/125.190/139.948
[position_cmd_to_twist-2] [INFO] [1790683546.249896411] [position_cmd_to_twist]: [PERF BRIDGE] run=iteration4_ego1p1_1 elapsed=220.62s received=3717 published=2737 fps(ros/wall)=16.54/13.23 controller_to_bridge_ms(mean/p50/p95/max)=53.749/33.333/150.000/166.667 bridge_process_ms(mean/p95/max)=0.111/0.144/2.887
[NAV] t=225.0s position=(-46.18,-9.35,3.83) yaw=10.6deg command=(0.00,0.00,0.00) manual_active=1 collision_blocks=0
[depth_angular_controller-1] [INFO] [1790683546.415086145] [depth_angular_controller]: PAPER_BUILD reason=READY required=0.0100 best=8.0717 free=26 refined=0 tubes=57 revoked_tubes=0 proofs=128
[depth_angular_controller-1] [INFO] [1790683546.680843457] [depth_angular_controller]: OUTSIDE_FLOW_BOX
[depth_angular_controller-1] [INFO] [1790683546.805273725] [depth_angular_controller]: COMPUTE_DEADLINE
[depth_angular_controller-1] [INFO] [1790683546.805313800] [depth_angular_controller]: PAPER_EVIDENCE retained=32 balls=32 revoked_balls=0 expired_views=0 evicted_views=78 radius=0.580 clearance=0.500 best_prefix=8.072
[depth_angular_controller-1] [INFO] [1790683547.458560109] [depth_angular_controller]: PAPER_BUILD reason=READY required=0.0100 best=8.0717 free=26 refined=0 tubes=57 revoked_tubes=0 proofs=128
[depth_angular_controller-1] [INFO] [1790683547.725249981] [depth_angular_controller]: OUTSIDE_FLOW_BOX
[depth_angular_controller-1] [INFO] [1790683547.898109818] [depth_angular_controller]: COMPUTE_DEADLINE
[depth_angular_controller-1] [INFO] [1790683547.898144003] [depth_angular_controller]: PAPER_EVIDENCE retained=32 balls=32 revoked_balls=0 expired_views=0 evicted_views=78 radius=0.580 clearance=0.500 best_prefix=8.072
[depth_angular_controller-1] [INFO] [1790683548.531061744] [depth_angular_controller]: PAPER_BUILD reason=READY required=0.0100 best=8.0717 free=26 refined=0 tubes=57 revoked_tubes=0 proofs=128
[depth_angular_controller-1] [INFO] [1790683548.805996098] [depth_angular_controller]: OUTSIDE_FLOW_BOX
[depth_angular_controller-1] [INFO] [1790683548.931374534] [depth_angular_controller]: COMPUTE_DEADLINE
[depth_angular_controller-1] [INFO] [1790683548.931412125] [depth_angular_controller]: PAPER_EVIDENCE retained=32 balls=32 revoked_balls=0 expired_views=0 evicted_views=78 radius=0.580 clearance=0.500 best_prefix=8.072
[depth_angular_controller-1] [INFO] [1790683549.450880445] [depth_angular_controller]: OUTSIDE_FLOW_BOX
[depth_angular_controller-1] [INFO] [1790683549.619457956] [depth_angular_controller]: COMPUTE_DEADLINE
[depth_angular_controller-1] [INFO] [1790683549.619492511] [depth_angular_controller]: PAPER_BUILD reason=READY required=0.0100 best=8.0717 free=26 refined=0 tubes=57 revoked_tubes=0 proofs=128
[depth_angular_controller-1] [INFO] [1790683550.006272547] [depth_angular_controller]: PAPER_EVIDENCE retained=32 balls=32 revoked_balls=0 expired_views=0 evicted_views=78 radius=0.580 clearance=0.500 best_prefix=8.072
[depth_angular_controller-1] [INFO] [1790683550.622651803] [depth_angular_controller]: PAPER_BUILD reason=READY required=0.0100 best=8.0717 free=26 refined=0 tubes=57 revoked_tubes=0 proofs=128
[depth_angular_controller-1] [INFO] [1790683550.897777916] [depth_angular_controller]: OUTSIDE_FLOW_BOX
[depth_angular_controller-1] [INFO] [1790683551.065040530] [depth_angular_controller]: COMPUTE_DEADLINE
[depth_angular_controller-1] [INFO] [1790683551.065080525] [depth_angular_controller]: PAPER_EVIDENCE retained=32 balls=32 revoked_balls=0 expired_views=0 evicted_views=78 radius=0.580 clearance=0.500 best_prefix=8.072
[position_cmd_to_twist-2] [INFO] [1790683551.134291662] [position_cmd_to_twist]: [PERF BRIDGE] run=iteration4_ego1p1_1 elapsed=225.50s received=3762 published=2751 fps(ros/wall)=16.37/12.99 controller_to_bridge_ms(mean/p50/p95/max)=54.444/33.333/150.000/166.667 bridge_process_ms(mean/p95/max)=0.111/0.144/2.887
[depth_angular_controller-1] [INFO] [1790683551.198616200] [depth_angular_controller]: [PERF CTRL] run=iteration4_ego1p1_1 elapsed=225.67s callbacks=3764 commands=3763 guidance=3663 command_fps(ros/wall)=16.37/17.76 guidance_wall_fps=17.43 avoid_ms(mean/p50/p95/max)=29.609/2.348/87.763/99.418 cycle_ms(mean/p95/max)=56.310/125.829/157.228 depth_to_cmd_ms(mean/p95/max)=21.558/33.333/50.000 callback_to_publish_ms(mean/p95/max)=51.968/125.418/157.109
[NAV] t=230.0s position=(-46.18,-9.35,3.83) yaw=10.6deg command=(0.00,0.00,0.00) manual_active=1 collision_blocks=0
[depth_angular_controller-1] [INFO] [1790683551.697432866] [depth_angular_controller]: PAPER_BUILD reason=READY required=0.0100 best=8.0717 free=26 refined=0 tubes=57 revoked_tubes=0 proofs=128
[depth_angular_controller-1] [INFO] [1790683551.844217342] [depth_angular_controller]: OUTSIDE_FLOW_BOX
[depth_angular_controller-1] [INFO] [1790683552.005702424] [depth_angular_controller]: COMPUTE_DEADLINE
[depth_angular_controller-1] [INFO] [1790683552.127167047] [depth_angular_controller]: PAPER_EVIDENCE retained=32 balls=32 revoked_balls=0 expired_views=0 evicted_views=78 radius=0.580 clearance=0.500 best_prefix=8.072
[depth_angular_controller-1] [INFO] [1790683552.280405834] [depth_angular_controller]: OUTSIDE_FLOW_BOX
[depth_angular_controller-1] [INFO] [1790683552.408951535] [depth_angular_controller]: COMPUTE_DEADLINE
[depth_angular_controller-1] [INFO] [1790683552.776264099] [depth_angular_controller]: PAPER_BUILD reason=READY required=0.0100 best=8.0717 free=26 refined=0 tubes=57 revoked_tubes=0 proofs=128
[depth_angular_controller-1] [INFO] [1790683552.925309117] [depth_angular_controller]: OUTSIDE_FLOW_BOX
[depth_angular_controller-1] [INFO] [1790683553.088082226] [depth_angular_controller]: COMPUTE_DEADLINE
[depth_angular_controller-1] [INFO] [1790683553.212208724] [depth_angular_controller]: PAPER_EVIDENCE retained=32 balls=32 revoked_balls=0 expired_views=0 evicted_views=78 radius=0.580 clearance=0.500 best_prefix=8.072
[depth_angular_controller-1] [INFO] [1790683553.364913499] [depth_angular_controller]: OUTSIDE_FLOW_BOX
[depth_angular_controller-1] [INFO] [1790683553.528382665] [depth_angular_controller]: COMPUTE_DEADLINE
[depth_angular_controller-1] [INFO] [1790683553.674339979] [depth_angular_controller]: OUTSIDE_FLOW_BOX
[depth_angular_controller-1] [INFO] [1790683553.834668961] [depth_angular_controller]: COMPUTE_DEADLINE
[depth_angular_controller-1] [INFO] [1790683553.945343957] [depth_angular_controller]: PAPER_BUILD reason=READY required=0.0100 best=8.0717 free=26 refined=0 tubes=57 revoked_tubes=0 proofs=128
[depth_angular_controller-1] [INFO] [1790683553.985489912] [depth_angular_controller]: OUTSIDE_FLOW_BOX
[depth_angular_controller-1] [INFO] [1790683554.148433751] [depth_angular_controller]: COMPUTE_DEADLINE
[depth_angular_controller-1] [INFO] [1790683554.500447788] [depth_angular_controller]: PAPER_EVIDENCE retained=32 balls=32 revoked_balls=0 expired_views=0 evicted_views=78 radius=0.580 clearance=0.500 best_prefix=8.072
[depth_angular_controller-1] [INFO] [1790683555.001833014] [depth_angular_controller]: PAPER_BUILD reason=READY required=0.0100 best=8.0717 free=26 refined=0 tubes=57 revoked_tubes=0 proofs=128
[depth_angular_controller-1] [INFO] [1790683555.269642868] [depth_angular_controller]: OUTSIDE_FLOW_BOX
[depth_angular_controller-1] [INFO] [1790683555.376242756] [depth_angular_controller]: COMPUTE_DEADLINE
[depth_angular_controller-1] [INFO] [1790683555.411707237] [depth_angular_controller]: OUTSIDE_FLOW_BOX
[depth_angular_controller-1] [INFO] [1790683555.449472104] [depth_angular_controller]: PAPER_EVIDENCE retained=32 balls=32 revoked_balls=0 expired_views=0 evicted_views=78 radius=0.580 clearance=0.000 best_prefix=8.072
[depth_angular_controller-1] [INFO] [1790683555.572269818] [depth_angular_controller]: COMPUTE_DEADLINE
[depth_angular_controller-1] [INFO] [1790683556.064132655] [depth_angular_controller]: PAPER_BUILD reason=READY required=0.0100 best=8.0717 free=26 refined=0 tubes=57 revoked_tubes=0 proofs=128
[position_cmd_to_twist-2] [INFO] [1790683556.111697051] [position_cmd_to_twist]: [PERF BRIDGE] run=iteration4_ego1p1_1 elapsed=230.48s received=3812 published=2773 fps(ros/wall)=16.24/12.79 controller_to_bridge_ms(mean/p50/p95/max)=55.041/33.333/150.000/166.667 bridge_process_ms(mean/p95/max)=0.111/0.144/2.887
[NAV] t=235.0s position=(-46.18,-9.35,3.83) yaw=10.6deg command=(0.00,0.00,0.00) manual_active=1 collision_blocks=0
[depth_angular_controller-1] [INFO] [1790683556.309739675] [depth_angular_controller]: [PERF CTRL] run=iteration4_ego1p1_1 elapsed=230.78s callbacks=3815 commands=3814 guidance=3714 command_fps(ros/wall)=16.23/17.58 guidance_wall_fps=17.25 avoid_ms(mean/p50/p95/max)=30.075/2.437/87.819/145.797 cycle_ms(mean/p95/max)=56.897/125.961/210.742 depth_to_cmd_ms(mean/p95/max)=21.491/33.333/50.000 callback_to_publish_ms(mean/p95/max)=52.609/125.460/209.961
[depth_angular_controller-1] [INFO] [1790683556.309792935] [depth_angular_controller]: PAPER_EVIDENCE retained=32 balls=32 revoked_balls=0 expired_views=0 evicted_views=78 radius=0.580 clearance=0.500 best_prefix=8.072
[depth_angular_controller-1] [INFO] [1790683556.702001227] [depth_angular_controller]: OUTSIDE_FLOW_BOX
[depth_angular_controller-1] [INFO] [1790683556.870042241] [depth_angular_controller]: COMPUTE_DEADLINE
[depth_angular_controller-1] [INFO] [1790683556.998385953] [depth_angular_controller]: PAPER_BUILD reason=READY required=0.0100 best=8.0717 free=26 refined=0 tubes=57 revoked_tubes=0 proofs=128
[depth_angular_controller-1] [INFO] [1790683557.244069095] [depth_angular_controller]: PAPER_EVIDENCE retained=32 balls=32 revoked_balls=0 expired_views=0 evicted_views=78 radius=0.580 clearance=0.500 best_prefix=8.072
[depth_angular_controller-1] [INFO] [1790683557.855445554] [depth_angular_controller]: PAPER_BUILD reason=READY required=0.0100 best=8.0717 free=26 refined=0 tubes=57 revoked_tubes=0 proofs=128
[depth_angular_controller-1] [INFO] [1790683558.097399679] [depth_angular_controller]: PAPER_EVIDENCE retained=32 balls=32 revoked_balls=0 expired_views=0 evicted_views=78 radius=0.580 clearance=0.500 best_prefix=8.072
[depth_angular_controller-1] [INFO] [1790683558.492441268] [depth_angular_controller]: OUTSIDE_FLOW_BOX
[depth_angular_controller-1] [INFO] [1790683558.639794751] [depth_angular_controller]: COMPUTE_DEADLINE
[depth_angular_controller-1] [INFO] [1790683558.680375252] [depth_angular_controller]: OUTSIDE_FLOW_BOX
[depth_angular_controller-1] [INFO] [1790683558.842146321] [depth_angular_controller]: COMPUTE_DEADLINE
[depth_angular_controller-1] [INFO] [1790683558.842180936] [depth_angular_controller]: PAPER_BUILD reason=READY required=0.0100 best=8.0717 free=26 refined=0 tubes=57 revoked_tubes=0 proofs=128
[depth_angular_controller-1] [INFO] [1790683558.984483221] [depth_angular_controller]: OUTSIDE_FLOW_BOX
[depth_angular_controller-1] [INFO] [1790683559.129099027] [depth_angular_controller]: COMPUTE_DEADLINE
[depth_angular_controller-1] [INFO] [1790683559.166600771] [depth_angular_controller]: OUTSIDE_FLOW_BOX
[depth_angular_controller-1] [INFO] [1790683559.203553363] [depth_angular_controller]: PAPER_EVIDENCE retained=32 balls=32 revoked_balls=0 expired_views=0 evicted_views=78 radius=0.580 clearance=0.000 best_prefix=8.072
[depth_angular_controller-1] [INFO] [1790683559.322396426] [depth_angular_controller]: COMPUTE_DEADLINE
[depth_angular_controller-1] [INFO] [1790683559.814683119] [depth_angular_controller]: PAPER_BUILD reason=READY required=0.0100 best=8.0717 free=26 refined=0 tubes=57 revoked_tubes=0 proofs=128
[depth_angular_controller-1] [INFO] [1790683560.064115627] [depth_angular_controller]: PAPER_EVIDENCE retained=32 balls=32 revoked_balls=0 expired_views=0 evicted_views=78 radius=0.580 clearance=0.500 best_prefix=8.072
[position_cmd_to_twist-2] [INFO] [1790683560.531547880] [position_cmd_to_twist]: [PERF BRIDGE] run=iteration4_ego1p1_1 elapsed=234.90s received=3855 published=2788 fps(ros/wall)=16.08/12.61 controller_to_bridge_ms(mean/p50/p95/max)=55.707/33.333/150.000/166.667 bridge_process_ms(mean/p95/max)=0.111/0.144/2.887
[NAV] t=240.0s position=(-46.18,-9.35,3.83) yaw=10.6deg command=(0.00,0.00,0.00) manual_active=1 collision_blocks=0
[depth_angular_controller-1] [INFO] [1790683560.682108542] [depth_angular_controller]: PAPER_BUILD reason=READY required=0.0100 best=8.0717 free=26 refined=0 tubes=57 revoked_tubes=0 proofs=128
[depth_angular_controller-1] [INFO] [1790683560.829988464] [depth_angular_controller]: OUTSIDE_FLOW_BOX
[depth_angular_controller-1] [INFO] [1790683560.990485221] [depth_angular_controller]: COMPUTE_DEADLINE
[depth_angular_controller-1] [INFO] [1790683560.990518814] [depth_angular_controller]: PAPER_EVIDENCE retained=32 balls=32 revoked_balls=0 expired_views=0 evicted_views=78 radius=0.580 clearance=0.500 best_prefix=8.072
[depth_angular_controller-1] [INFO] [1790683561.364224946] [depth_angular_controller]: [PERF CTRL] run=iteration4_ego1p1_1 elapsed=235.84s callbacks=3865 commands=3864 guidance=3764 command_fps(ros/wall)=16.05/17.40 guidance_wall_fps=17.08 avoid_ms(mean/p50/p95/max)=30.539/2.491/87.870/145.797 cycle_ms(mean/p95/max)=57.469/125.986/210.742 depth_to_cmd_ms(mean/p95/max)=21.436/33.333/50.000 callback_to_publish_ms(mean/p95/max)=53.234/125.536/209.961
[depth_angular_controller-1] [INFO] [1790683561.608068226] [depth_angular_controller]: PAPER_BUILD reason=READY required=0.0100 best=8.0717 free=26 refined=0 tubes=57 revoked_tubes=0 proofs=128
[depth_angular_controller-1] [INFO] [1790683561.859820007] [depth_angular_controller]: PAPER_EVIDENCE retained=32 balls=32 revoked_balls=0 expired_views=0 evicted_views=78 radius=0.580 clearance=0.500 best_prefix=8.072
[BENCHMARK RESULT] TIMEOUT sim=240.000s
[PERF ISAAC FINAL] run=iteration4_ego1p1_1 result=TIMEOUT wall=223.33s sim_frames=14522 fps(sim/wall)=60.01/65.02 command_changes=1746 collision_blocks=0 frame_interval_ms(mean/p50/p95/max)=15.356/14.116/17.282/81.636
[depth_angular_controller-1] [INFO] [1790683562.384979767] [depth_angular_controller]: OUTSIDE_FLOW_BOX
[236.416s] Simulation App Shutting Down
[depth_angular_controller-1] [INFO] [1790683562.904240908] [rclcpp]: signal_handler(SIGINT/SIGTERM)
[depth_angular_controller-1] [INFO] [1790683562.905286851] [depth_angular_controller]: [PERF CTRL FINAL] run=iteration4_ego1p1_1 elapsed=237.38s callbacks=3874 commands=3873 guidance=3773 command_fps(ros/wall)=16.00/17.36 guidance_wall_fps=17.04 avoid_ms(mean/p50/p95/max)=30.649/2.495/87.876/145.797 cycle_ms(mean/p95/max)=57.599/125.987/210.742 depth_to_cmd_ms(mean/p95/max)=21.424/33.333/50.000 callback_to_publish_ms(mean/p95/max)=53.374/125.541/209.961
[position_cmd_to_twist-2] [INFO] [1790683562.905368254] [position_cmd_to_twist]: [PERF BRIDGE FINAL] run=iteration4_ego1p1_1 elapsed=237.27s received=3873 published=2793 fps(ros/wall)=16.00/12.52 controller_to_bridge_ms(mean/p50/p95/max)=56.016/33.333/150.000/166.667 bridge_process_ms(mean/p95/max)=0.111/0.144/2.887
[position_cmd_to_twist-2] Failed to publish log message to rosout: publisher's context is invalid, at ./src/rcl/publisher.c:389
[INFO] [depth_angular_controller-1]: process has finished cleanly [pid 52799]
[INFO] [position_cmd_to_twist-2]: process has finished cleanly [pid 52801]
