[PERF] run=iteration10_ego1p1_1 log=/home/starry/isaac-data/EGO1P1/performance/navigation_benchmark_20260929/PERFORMANCE.md
[INPUT] mode=goal scene_mode=cloud
[INFO] [launch]: All log files can be found below /tmp/fov_gvf_ego1p1_isaac_ros_log/2026-09-29-20-33-37-216497-starry-System-Product-Name-60276
[INFO] [launch]: Default logging verbosity is set to INFO
[INFO] [depth_angular_controller-1]: process started with pid [60278]
[INFO] [position_cmd_to_twist-2]: process started with pid [60280]
[depth_angular_controller-1] [INFO] [1790685217.252467136] [depth_angular_controller]: C++ controller commands publish on /position_cmd; horizontal views=4
[ROS CHECK] ROS_DOMAIN_ID=42 /position_cmd publishers=1
Type: pc_gvf_msgs/msg/PositionCommand
Publisher count: 1
Subscription count: 1
/depth_angular_controller
/position_cmd_to_twist
WARNING: All log messages before absl::InitializeLog() is called are written to STDERR
E0000 00:00:1790685218.207250   60322 descriptor_database.cc:633] File already exists in database: grpc/health/v1/health.proto
W0000 00:00:1790685218.207273   60322 message.cc:301] Protobuf GeneratedMessageFactory: File is already registered: grpc/health/v1/health.proto
2026-09-29T12:33:37Z [Info] [carb] Logging to file: /home/starry/isaac-data/isaacsim/kit/logs/Kit/Isaac-Sim Python/6.0/kit_20260929_203337.log
[0.043s] [ext: omni.assets.plugins-0.0.0] startup
[0.044s] [ext: omni.blobkey-1.1.2] startup
[0.044s] [ext: omni.kit.async_engine-0.0.3] startup
[0.314s] [ext: omni.client.lib-1.1.1] startup
[0.322s] [ext: omni.client-1.3.0] startup
[0.324s] [ext: omni.protobuf.lib-1.0.0] startup
[0.325s] [ext: omni.grpc.lib-1.0.0] startup
[0.328s] [ext: omni.metrics.core-0.0.3] startup
[0.328s] [ext: omni.datastore-0.0.0] startup
[0.328s] [ext: omni.gpu_foundation.shadercache.vulkan-1.0.0] startup
[0.330s] [ext: omni.hsscclient-1.1.4] startup
[0.330s] [ext: omni.stats-1.0.1] startup
[0.331s] [ext: omni.ujitso.default-1.0.0] startup
[0.334s] [ext: omni.gpu_foundation-0.0.0] startup
[0.457s] [ext: carb.windowing.plugins-1.0.1] startup
[0.458s] [ext: omni.kit.renderer.init-1.0.1] startup
2026-09-29T12:33:38Z [663ms] [Warning] [omni.rtx] Skipping unsupported non-NVIDIA GPU: AMD Unknown (RADV RAPHAEL_MENDOCINO)
2026-09-29T12:33:38Z [663ms] [Warning] [omni.rtx] Skipping unsupported non-NVIDIA GPU: AMD Unknown (RADV RAPHAEL_MENDOCINO)

|---------------------------------------------------------------------------------------------|
| Driver Version: 580.178.04    | Graphics API: Vulkan
|=============================================================================================|
| GPU | Name                             | Active | LDA | GPU Memory | Vendor-ID | LUID       |
|     |                                  |        |     |            | Device-ID | UUID       |
|     |                                  |        |     |            | Bus-ID    |            |
|---------------------------------------------------------------------------------------------|
| 0   | NVIDIA GeForce RTX 5070          | Yes: 0 |     | 12227   MB | 10de      | 0          |
|     |                                  |        |     |            | 2f04      | 348d89fe.. |
|     |                                  |        |     |            | 1         |            |
|---------------------------------------------------------------------------------------------|
| 1   | AMD Unknown (RADV RAPHAEL_MEND.. |        |     | 10755   MB | 1002      | 0          |
|     |                                  |        |     |            | 13c0      | 00000000.. |
|     |                                  |        |     |            | c         |            |
|=============================================================================================|
| OS: 22.04.5 LTS (Jammy Jellyfish) ubuntu, Version: 22.04.5, Kernel: 6.8.0-138-generic
| XServer Vendor: The X.Org Foundation, XServer Version: 12101004 (1.21.1.4)
| Processor: AMD Ryzen 5 9600X 6-Core Processor
| Cores: 6 | Logical Cores: 12
|---------------------------------------------------------------------------------------------|
| Total Memory (MB): 31241 | Free Memory: 22684
| Total Page/Swap (MB): 15624 | Free Page/Swap: 15624
|---------------------------------------------------------------------------------------------|
2026-09-29T12:33:38Z [865ms] [Warning] [omni.rtx] CPU performance profile is set to powersave. This profile sets the CPU to the lowest frequency reducing performance.
2026-09-29T12:33:38Z [873ms] [Warning] [omni.rtx] IOMMU is enabled.
[0.974s] [ext: omni.kit.pipapi-0.0.0] startup
[0.975s] [ext: omni.kit.pip_archive-0.0.0] startup
[0.975s] [ext: isaacsim.pip.newton-0.6.1] startup
[0.976s] [ext: omni.pip.compute-1.9.2] startup
[0.976s] [ext: omni.isaac.core_archive-5.3.1] startup
[0.976s] [ext: omni.kit.telemetry-0.5.2] startup
[0.993s] [ext: omni.kit.loop-isaac-1.6.0] startup
[0.994s] [ext: omni.kit.test-2.0.7] startup
[1.045s] [ext: omni.materialx.libs-1.0.9] startup
[1.051s] [ext: omni.gpucompute.plugins-0.0.0] startup
[1.051s] [ext: omni.usd.config-1.0.7] startup
[1.054s] [ext: omni.usd.libs-1.0.3] startup
[1.109s] [ext: omni.iray.libs-0.0.1] startup
[1.112s] [ext: omni.mdl-57.0.3] startup
[1.172s] [ext: omni.mdl.neuraylib-0.2.20] startup
[1.174s] [ext: omni.kit.usd.mdl-1.1.9] startup
[1.258s] [ext: omni.appwindow-1.2.2] startup
[1.259s] [ext: omni.kit.renderer.core-1.2.2] startup
2026-09-29T12:33:44Z [6,501ms] [Warning] [carb.windowing-glfw.gamepad] Joystick with unknown remapping detected (will be ignored):  BEITONG BEITONG A2P3A BFM DONGLE [03000000bc2000001c51000011010000]
[6.532s] [ext: omni.kit.renderer.capture-2.0.1] startup
[6.534s] [ext: omni.kit.renderer.imgui-2.0.6] startup
[6.570s] [ext: omni.ui-3.2.0] startup
[6.577s] [ext: omni.kit.mainwindow-1.0.3] startup
[6.577s] [ext: carb.audio-0.1.0] startup
[6.579s] [ext: omni.uiaudio-1.0.0] startup
[6.580s] [ext: omni.kit.uiapp-0.0.0] startup
[6.580s] [ext: omni.usd.schema.metrics.assembler-110.1.0] startup
[6.582s] [ext: omni.usd.schema.audio-0.0.1] startup
[6.585s] [ext: omni.usd_resolver-1.0.0] startup
[6.587s] [ext: omni.usd.core-1.8.3] startup
[6.589s] [ext: omni.metropolis.schema-0.0.3] startup
[6.590s] [ext: isaacsim.anim.robot.schema-0.1.1] startup
[6.590s] [ext: omni.usd.schema.anim-0.0.1] startup
[6.603s] [ext: omni.usd.schema.geospatial-0.0.1] startup
[6.604s] [ext: omni.usd.schema.omnigraph-1.0.1] startup
[6.609s] [ext: omni.usd.schema.semantics-0.0.0] startup
[6.610s] [ext: omni.activity.core-1.0.3] startup
[6.611s] [ext: omni.cubric-0.1.0] startup
[6.611s] [ext: omni.graph.exec-0.9.6] startup
[6.612s] [ext: omni.hydra.scene_delegate-0.3.5] startup
[6.614s] [ext: usdrt.scenegraph-7.6.3] startup
[6.632s] [ext: omni.hydra.usdrt_delegate-7.5.2] startup
[6.636s] [ext: omni.inspect-1.0.2] startup
[6.637s] [ext: omni.kit.actions.core-1.0.0] startup
[6.638s] [ext: omni.kit.audiodeviceenum-1.0.2] startup
[6.639s] [ext: omni.kit.commands-1.5.0] startup
[6.641s] [ext: omni.kit.exec.core-0.13.5] startup
[6.642s] [ext: omni.kit.usd_undo-0.1.8] startup
[6.642s] [ext: omni.kit.window.popup_dialog-2.0.25] startup
[6.645s] [ext: omni.kit.widget.nucleus_connector-2.3.1] startup
[6.647s] [ext: omni.timeline-1.1.0] startup
[6.648s] [ext: omni.usd-1.16.0] startup
[6.673s] [ext: omni.graph.core-3.1.2] startup
[6.676s] [ext: omni.kit.notification_manager-1.0.11] startup
[6.677s] [ext: isaacsim.core.deprecation_manager-0.4.2] startup
[6.678s] [ext: isaacsim.replicator.agent.schema-0.1.1] startup
[6.678s] [ext: isaacsim.robot.schema-6.3.7] startup
[6.682s] [ext: isaacsim.robot_motion.schema-0.2.1] startup
[6.683s] [ext: omni.anim.behavior.schema-110.1.0] startup
[6.686s] [ext: omni.anim.graph.schema-110.1.1] startup
[6.690s] [ext: omni.anim.navigation.schema-110.1.0] startup
[6.693s] [ext: omni.behavior.tree.schema-110.1.0] startup
[6.693s] [ext: omni.isaac.ml_archive-3.3.0] startup
[6.693s] [ext: omni.kit.asset_converter-6.0.1] startup
[6.703s] [ext: omni.pip.cloud-1.5.4] startup
[6.704s] [ext: omni.usd.schema.flow-110.0.0] startup
[6.705s] [ext: omni.usd.schema.mujoco-1.1.1] startup
[6.705s] [ext: omni.usd.schema.newton-1.2.1] startup
[6.706s] [ext: omni.usd.schema.omni_lens_distortion-1.0.0] startup
[6.706s] [ext: omni.usd.schema.omni_projectors-1.0.0] startup
[6.707s] [ext: omni.usd.schema.omni_sensors-0.0.0] startup
[6.713s] [ext: omni.usd.schema.omniscripting-1.0.1] startup
[6.716s] [ext: omni.usd.schema.physical_lighting-0.1.0] startup
[6.719s] [ext: omni.usd.schema.physx-110.1.13] startup
[6.742s] [ext: omni.usd.schema.render_settings.rtx-1.0.2] startup
[6.745s] [ext: omni.usd.schema.usd_particle_field-1.0.0] startup
[6.745s] [ext: isaacsim.core.version-2.1.1] startup
[6.746s] [ext: omni.kit.menu.core-1.2.0] startup
[6.746s] [ext: omni.kit.menu.utils-2.2.4] startup
[6.752s] [ext: isaacsim.app.about-2.3.1] startup
[6.755s] [ext: isaacsim.asset.transformer-1.2.5] startup
[6.758s] [ext: omni.scene.optimizer.core-110.1.0] startup
[6.788s] [ext: isaacsim.asset.importer.utils-1.8.1] startup
[6.789s] [ext: omni.convexdecomposition-110.1.13] startup
[6.791s] [ext: omni.physics-110.1.13] startup
[6.793s] [ext: omni.physx.gpu-110.1.13] startup
[6.793s] [ext: omni.physx.foundation-110.1.13] startup
[6.794s] [ext: omni.usdphysics-110.1.13] startup
[6.796s] [ext: omni.physx.cooking-110.1.13] startup
[6.797s] [ext: omni.physx-110.1.13] startup
[6.804s] [ext: omni.physics.physx-110.1.13] startup
[6.805s] [ext: isaacsim.asset.exporter.urdf-2.0.5] startup
[6.812s] [ext: omni.kit.clipboard-1.1.1] startup
[6.812s] [ext: omni.kit.usd.layers-2.6.1] startup
[6.817s] [ext: omni.kit.widget.context_menu-1.4.0] startup
[6.818s] [ext: omni.kit.context_menu-1.9.0] startup
[6.819s] [ext: omni.kit.helper.file_utils-0.1.10] startup
[6.821s] [ext: omni.kit.widget.nucleus_info-2.0.2] startup
[6.821s] [ext: omni.kit.search_core-1.0.8] startup
[6.822s] [ext: omni.kit.widget.path_field-2.0.13] startup
[6.822s] [ext: omni.kit.widget.browser_bar-2.0.10] startup
[6.823s] [ext: omni.kit.widget.filebrowser-2.13.4] startup
[6.826s] [ext: omni.kit.widget.options_menu-1.1.6] startup
[6.828s] [ext: omni.kit.widget.options_button-1.0.3] startup
[6.829s] [ext: omni.kit.widget.search_delegate-1.0.9] startup
[6.829s] [ext: omni.ui.scene-2.0.3] startup
[6.833s] [ext: omni.kit.window.filepicker-2.15.5] startup
[6.843s] [ext: omni.kit.window.file_importer-1.1.21] startup
[6.844s] [ext: omni.kit.material.library-3.1.2] startup
[6.848s] [ext: isaacsim.asset.transformer.rules-1.7.10] startup
[6.856s] [ext: omni.usdex.libs-2.2.2] startup
[6.861s] [ext: isaacsim.asset.importer.mjcf-3.10.1] startup
[6.863s] [ext: isaacsim.asset.importer.urdf-3.11.2] startup
[6.866s] [ext: omni.kit.primitive.mesh-1.1.0] startup
[6.868s] [ext: omni.kit.stage_template.core-1.1.22] startup
[6.868s] [ext: omni.kit.stage_templates-2.0.2] startup
[6.869s] [ext: omni.usd.metrics.assembler-110.1.2] startup
[6.871s] [ext: omni.warp.core-1.13.0] startup
[7.054s] [ext: isaacsim.core.experimental.utils-0.17.2] startup
[7.055s] [ext: omni.physics.stageupdate-110.1.13] startup
[7.057s] [ext: omni.physics.tensors-110.1.13] startup
[7.060s] [ext: omni.physx.tensors-110.1.13] startup
[7.063s] [ext: isaacsim.core.simulation_manager-1.15.6] startup
[7.073s] [ext: isaacsim.storage.native-1.9.3] startup
[7.073s] [ext: omni.usd.metrics.assembler.physics-110.1.13] startup
[7.075s] [ext: isaacsim.core.utils-4.1.7] startup
[7.076s] [ext: isaacsim.core.prims-0.11.7] startup
[7.945s] [ext: isaacsim.core.api-5.2.13] startup
[7.951s] [ext: isaacsim.core.cloner-1.7.3] startup
[7.952s] [ext: isaacsim.test.docstring-1.3.2] startup
[7.954s] [ext: isaacsim.core.experimental.prims-1.8.9] startup
[7.972s] [ext: isaacsim.core.experimental.primdata-0.3.2] startup
[7.973s] [ext: omni.graph.tools-1.81.0] startup
[7.992s] [ext: omni.graph-1.142.5] startup
[8.023s] [ext: isaacsim.core.experimental.actuators-0.1.2] startup
[8.035s] [ext: isaacsim.core.experimental.materials-0.7.1] startup
[8.038s] [ext: isaacsim.core.experimental.objects-0.8.1] startup
[8.091s] [ext: omni.hydra.engine.stats-1.0.5] startup
[8.093s] [ext: omni.hydra.rtx.shadercache.vulkan-1.0.0] startup
[8.093s] [ext: omni.index.libs-387500.4413.0] startup
[8.094s] [ext: omni.index-1.0.1] startup
[8.094s] [ext: omni.ujitso.client-0.0.0] startup
[8.094s] [ext: omni.usd.schema.playback-1.0.0] startup
[8.097s] [ext: omni.volume-0.5.2] startup
[8.100s] [ext: omni.hydra.rtx-1.0.4] startup
2026-09-29T12:33:45Z [8,090ms] [Warning] [omni.log] Source: omni.hydra was already registered.
[8.121s] [ext: omni.kit.hydra_texture-1.6.0] startup
[8.124s] [ext: omni.kit.raycast.query-1.2.0] startup
[8.127s] [ext: omni.kit.viewport.legacy_gizmos-1.0.24] startup
[8.128s] [ext: omni.kit.viewport.registry-104.0.6] startup
[8.129s] [ext: omni.kit.viewport.scene_camera_model-1.0.7] startup
[8.132s] [ext: omni.kit.widget.viewport-109.2.0] startup
[8.135s] [ext: omni.kit.window.drop_support-1.0.8] startup
[8.135s] [ext: omni.kit.viewport.window-109.0.2] startup
[8.149s] [ext: omni.kit.viewport.utility-2.0.1] startup
[8.150s] [ext: isaacsim.core.rendering_manager-0.4.3] startup
[8.171s] [ext: omni.graph.action_core-1.1.9] startup
[8.173s] [ext: omni.graph.action_nodes_core-2.11.0] startup
[8.175s] [ext: omni.graph.action_nodes-2.11.0] startup
[8.191s] [ext: omni.graph.action-2.10.2] startup
[8.192s] [ext: omni.graph.image.core-0.6.1] startup
[8.192s] [ext: omni.graph.image.nodes-1.3.1] startup
[8.193s] [ext: omni.graph.nodes_core-2.11.0] startup
[8.197s] [ext: omni.graph.nodes-2.12.0] startup
[8.201s] [ext: omni.kit.hotkeys.core-1.3.12] startup
[8.202s] [ext: omni.kit.property.adapter.core-1.1.1] startup
[8.204s] [ext: omni.kit.property.adapter.usd-1.0.5] startup
[8.205s] [ext: omni.kit.widget.filter-1.1.5] startup
[8.206s] [ext: omni.kit.widget.highlight_label-1.0.3] startup
[8.206s] [ext: omni.kit.widget.searchfield-1.1.8] startup
[8.208s] [ext: omni.kit.window.file_exporter-1.0.36] startup
[8.209s] [ext: omni.kit.widget.stage-4.4.0] startup
[8.215s] [ext: omni.kit.window.content_browser_registry-0.0.6] startup
[8.216s] [ext: omni.kit.window.file-2.0.10] startup
[8.219s] [ext: omni.kit.window.content_browser-3.1.8] startup
[8.227s] [ext: omni.kit.window.property-1.15.1] startup
[8.237s] [ext: omni.kit.property.usd-4.9.4] startup
[8.245s] [ext: omni.graph.scriptnode-2.10.2] startup
[8.253s] [ext: omni.kit.widget.searchable_combobox-1.0.7] startup
[8.254s] [ext: omni.kit.widget.settings-2.0.0] startup
[8.256s] [ext: omni.kit.window.preferences-1.8.3] startup
[8.260s] [ext: omni.kit.viewport.menubar.core-107.2.2] startup
[8.269s] [ext: omni.syntheticdata-0.6.15] startup
[8.292s] [ext: omni.replicator.nv-1.1.1] startup
[8.296s] [ext: omni.videoencoding-0.2.1] startup
[8.298s] [ext: omni.replicator.core-1.13.27] startup
2026-09-29T12:33:46Z [8,285ms] [Warning] [pxr.Semantics] pxr.Semantics is deprecated - please use Semantics instead
2026-09-29T12:33:46Z [8,350ms] [Warning] [omni.replicator.core.scripts.extension] No material configuration file, adding configuration to material settings directly.
[8.498s] [ext: isaacsim.core.nodes-5.10.5] startup
[8.525s] [ext: isaacsim.core.throttling-2.3.5] startup
[8.526s] [ext: omni.kit.manipulator.viewport-107.0.1] startup
[8.527s] [ext: omni.graph.visualization.nodes-2.1.4] startup
[8.539s] [ext: omni.kit.window.extensions-1.5.10] startup
[8.543s] [ext: isaacsim.gui.components-1.8.5] startup
[8.547s] [ext: isaacsim.robot.surface_gripper-3.6.2] startup
[8.557s] [ext: isaacsim.robot.manipulators-3.4.4] startup
[8.566s] [ext: isaacsim.robot_motion.lula-4.1.3] startup
[8.571s] [ext: isaacsim.robot_motion.motion_generation-8.2.9] startup
[8.576s] [ext: isaacsim.cortex.framework-1.0.18] startup
[8.577s] [ext: isaacsim.cortex.behaviors-2.0.17] startup
[8.578s] [ext: isaacsim.examples.base-1.3.2] startup
[8.580s] [ext: omni.kit.widget.zoombar-1.0.7] startup
[8.580s] [ext: omni.kit.browser.core-2.3.18] startup
[8.583s] [ext: omni.kit.browser.folder.core-2.0.2] startup
[8.586s] [ext: omni.kit.widget.stage_icons-1.0.8] startup
[8.587s] [ext: omni.kit.window.stage-2.6.1] startup
[8.590s] [ext: omni.kit.menu.stage-1.2.7] startup
[8.591s] [ext: omni.kit.usd.collect-3.0.6] startup
[8.593s] [ext: omni.kit.widget.prompt-1.0.7] startup
[8.593s] [ext: omni.kit.tool.collect-2.2.19] startup
[8.595s] [ext: isaacsim.examples.browser-0.3.2] startup
[8.597s] [ext: omni.kit.search.files-1.0.4] startup
[8.598s] [ext: omni.kit.widget.calendar-1.0.9] startup
[8.599s] [ext: omni.kit.widget.extended_searchfield-1.0.31] startup
[8.605s] [ext: omni.simready.content.browser-0.3.7] startup
[8.693s] [ext: isaacsim.gui.content_browser-0.4.3] startup
[8.695s] [ext: omni.kit.selection-0.1.6] startup
[8.696s] [ext: isaacsim.gui.menu-2.10.5] startup
[8.703s] [ext: isaacsim.gui.property-1.6.4] startup
[8.709s] [ext: omni.kit.viewport.actions-110.0.0] startup
[8.712s] [ext: omni.kit.viewport.menubar.display-107.1.3] startup
[8.714s] [ext: isaacsim.gui.sensors.icon-2.2.1] startup
[8.717s] [ext: omni.behavior.scripting.core-110.1.0] startup
[8.719s] [ext: isaacsim.replicator.behavior-1.5.4] startup
[8.720s] [ext: isaacsim.replicator.experimental.domain_randomization-1.2.5] startup
[8.733s] [ext: isaacsim.replicator.domain_randomization-1.2.2] startup
[8.802s] [ext: isaacsim.replicator.writers-1.5.4] startup
[8.824s] [ext: isaacsim.robot.experimental.wheeled_robots-0.2.11] startup
[8.843s] [ext: isaacsim.robot.policy.examples-5.2.12] startup
[8.860s] [ext: isaacsim.robot.wheeled_robots-5.2.4] startup
[8.863s] [ext: isaacsim.robot.wheeled_robots.nodes-0.1.5] startup
[8.880s] [ext: isaacsim.robot_motion.experimental.motion_generation-6.1.3] startup
[8.890s] [ext: isaacsim.robot_motion.cumotion-1.3.1] startup
[8.901s] [ext: omni.kit.numpy.common-0.1.3] startup
[8.903s] [ext: isaacsim.sensors.camera-1.7.9] startup
[8.930s] [ext: isaacsim.sensors.experimental.physics-3.0.2] startup
[8.936s] [ext: omni.sensors.net-1.0.1] startup
[8.938s] [ext: omni.sensors.nv.common-3.0.0] startup
[8.947s] [ext: omni.sensors.nv.materials-2.0.0] startup
[8.949s] [ext: omni.sensors.nv.acoustic-3.0.0] startup
[8.951s] [ext: omni.sensors.nv.ids-2.0.1] startup
[8.952s] [ext: omni.sensors.nv.lidar-3.0.0] startup
[8.955s] [ext: omni.sensors.nv.radar-3.0.0] startup
[8.958s] [ext: isaacsim.sensors.experimental.rtx-1.4.6] startup
[9.190s] [ext: isaacsim.sensors.physics.nodes-1.5.3] startup
[9.195s] [ext: isaacsim.util.debug_draw-3.2.3] startup
[9.200s] [ext: isaacsim.sensors.physx-2.5.5] startup
[9.206s] [ext: isaacsim.sensors.rtx-15.17.1] startup
[9.215s] [ext: isaacsim.simulation_app-2.18.4] startup
[9.215s] [ext: omni.anim.curve.core-1.6.0] startup
[9.224s] [ext: omni.graph.ui_nodes-2.11.1] startup
[9.243s] [ext: omni.hydra.scene_api-0.1.3] startup
[9.246s] [ext: omni.kit.manipulator.camera-110.0.0] startup
[9.249s] [ext: omni.kit.manipulator.selector-1.1.4] startup
[9.251s] [ext: omni.kit.manipulator.transform-107.0.0] startup
[9.254s] [ext: omni.kit.widget.toolbar-2.1.0] startup
[9.260s] [ext: omni.kit.manipulator.tool.snap-1.5.14] startup
[9.263s] [ext: omni.kit.viewport.manipulator.transform-107.0.4] startup
[9.265s] [ext: omni.kit.manipulator.prim.core-108.0.2] startup
[9.270s] [ext: omni.kit.manipulator.prim.usd-107.0.3] startup
[9.271s] [ext: omni.kit.manipulator.prim-108.0.0] startup
[9.271s] [ext: omni.kit.manipulator.selection-109.0.1] startup
[9.272s] [ext: omni.kit.menu.create-2.0.2] startup
[9.273s] [ext: omni.kit.property.audio-1.0.16] startup
[9.276s] [ext: omni.kit.property.camera-1.0.14] startup
[9.277s] [ext: omni.kit.property.geometry-2.1.2] startup
[9.280s] [ext: omni.kit.property.light-1.0.14] startup
2026-09-29T12:33:47Z [9,279ms] [Warning] [omni.usd] Encountered USD Warnings but USD Diagnostics are currently muted. To view USD Warnings, please set the '/persistent/app/usd/muteUsdDiagnostics' setting to false in Preferences page.
[9.306s] [ext: omni.kit.property.material-1.14.6] startup
[9.311s] [ext: omni.kit.property.render-1.2.2] startup
[9.312s] [ext: omni.kit.property.transform-1.6.9] startup
[9.314s] [ext: omni.kit.property.bundle-1.5.1] startup
[9.316s] [ext: omni.kit.usdz_export-1.1.0] startup
[9.318s] [ext: omni.kit.tool.asset_importer-6.0.1] startup
[9.322s] [ext: omni.kit.ui.actions-1.0.5] startup
[9.324s] [ext: omni.kit.viewport.menubar.camera-107.0.10] startup
[9.328s] [ext: omni.kit.viewport.menubar.lighting-107.3.2] startup
[9.330s] [ext: omni.kit.viewport.menubar.render-110.0.0] startup
[9.331s] [ext: omni.kit.viewport.menubar.settings-110.0.1] startup
[9.334s] [ext: omni.kit.window.console-1.1.9] startup
[9.337s] [ext: omni.kit.window.status_bar-0.1.11] startup
[9.339s] [ext: omni.kit.window.toolbar-3.0.3] startup
[9.341s] [ext: omni.ocio-0.1.1] startup
[9.342s] [ext: omni.physx.commands-110.1.13] startup
[9.345s] [ext: omni.replicator.replicator_yaml-2.0.12] startup
[9.354s] [ext: omni.rtx.window.settings-0.8.0] startup
[9.358s] [ext: omni.rtx.settings.core-0.7.1] startup
[9.360s] [ext: omni.usd.metrics.assembler.ui-110.1.1] startup
[9.366s] [ext: semantics.schema.editor-2.0.2] startup
[9.369s] [ext: semantics.schema.property-2.0.2] startup
[9.370s] [ext: omni.kit.menu.common-2.0.2] startup
[9.371s] [ext: isaacsim.exp.base-6.0.1] startup
[9.371s] [ext: isaacsim.exp.base.python-6.0.1] startup
[9.373s] Simulation App Starting
[10.406s] Simulation App Startup Complete
[10.411s] app ready
Starting kit application with the following args:  ['/home/starry/isaac-data/isaacsim/exts/isaacsim.simulation_app/isaacsim/simulation_app/simulation_app.py', '/home/starry/isaac-data/isaacsim/apps/isaacsim.exp.base.python.kit', '--/app/tokens/exe-path=/home/starry/isaac-data/isaacsim/kit', '--/persistent/app/viewport/displayOptions=3094', '--/rtx/materialDb/syncLoads=True', '--/rtx/hydra/materialSyncLoads=True', '--/omni/kit/plugin/syncUsdLoads=True', '--/app/renderer/resolution/width=1280', '--/app/renderer/resolution/height=720', '--/app/window/width=1440', '--/app/window/height=900', '--/renderer/multiGpu/enabled=False', '--/app/fastShutdown=True', '--/app/installSignalHandlers=0', '--ext-folder', '/home/starry/isaac-data/isaacsim/exts', '--ext-folder', '/home/starry/isaac-data/isaacsim/apps', '--/renderer/activeGpu=0', '--/physics/cudaDevice=0', '--/plugins/carb.tasking.plugin/threadCount=12', '--/plugins/omni.tbb.globalcontrol/maxThreadCount=12', '--portable', '--no-window', '--/app/window/hideUi=1']
Passing the following args to the base kit application:  []
Warp 1.13.0 initialized:
   CUDA Toolkit 12.9, Driver 13.0
   Devices:
     "cpu"      : "x86_64"
     "cuda:0"   : "NVIDIA GeForce RTX 5070" (11 GiB, sm_120, mempool enabled)
   Kernel cache:
     /home/starry/.cache/warp/1.13.0
[LIGHTING] sun=800.0 (1) dome=0.0 (1) ambient=0.05 constant_color=(0.6, 0.65, 0.7)
[RENDER] mode=MinimalRendering minimal_shading_mode=2 anti_aliasing=TAA
[DEPTH CAMERAS] count=4 resolution_each=320x240 horizontal_coverage=360deg
[ESDF] path=/home/starry/isaac-data/EGO1P1/scenes/ego_swarm_cloud/occupancy.bin shape=(400, 300, 50) resolution=0.40m
[depth_angular_controller-1] [INFO] [1790685230.669846259] [depth_angular_controller]: WAITING_ODOMETRY
[NAV] t=0.0s position=(-64.00,-11.20,2.80) yaw=1.2deg command=(0.00,0.00,0.00) manual_active=0 collision_blocks=0
[depth_angular_controller-1] [INFO] [1790685231.034416277] [depth_angular_controller]: WAITING_VERIFIED_START_POSE
[depth_angular_controller-1] [INFO] [1790685231.073344247] [depth_angular_controller]: VERIFIED_FREE_SEED center=(-64.000,-11.200,2.800) radius=2.500 balls=1: verified fixed Cloud free ball; USD and occupancy SHA-256 matched
[depth_angular_controller-1] [INFO] [1790685231.074517699] [depth_angular_controller]: ZERO_INTENT
[depth_angular_controller-1] [INFO] [1790685232.691711728] [depth_angular_controller]: 3D guidance switched to view 0
[depth_angular_controller-1] [INFO] [1790685232.692395852] [depth_angular_controller]: DEPTH_PROPOSAL_CERTIFIED
[depth_angular_controller-1] [INFO] [1790685232.692406652] [depth_angular_controller]: PAPER_BUILD reason=FULL_MOTION_CERTIFICATE required=0.0000 best=0.0000 free=0 refined=0 tubes=0 revoked_tubes=0 proofs=0
[depth_angular_controller-1] [INFO] [1790685232.692414948] [depth_angular_controller]: PAPER_EVIDENCE retained=7 balls=1 revoked_balls=0 expired_views=0 evicted_views=0 radius=0.580 clearance=0.000 best_prefix=0.000
[depth_angular_controller-1] [INFO] [1790685233.815014874] [depth_angular_controller]: PAPER_BUILD reason=FULL_MOTION_CERTIFICATE required=0.0000 best=0.0000 free=0 refined=0 tubes=1 revoked_tubes=0 proofs=46
[depth_angular_controller-1] [INFO] [1790685233.815053276] [depth_angular_controller]: PAPER_EVIDENCE retained=11 balls=4 revoked_balls=0 expired_views=0 evicted_views=0 radius=0.580 clearance=0.000 best_prefix=0.000
[10.951s] [ext: isaacsim.sensors.rtx.nodes-0.1.2] startup
[10.960s] [ext: isaacsim.ros2.core-1.9.4] startup
[10.974s] Attempting to load system rclpy
[10.974s] Could not import system rclpy: No module named 'rclpy'
[10.974s] Attempting to load internal rclpy for ROS Distro: humble
[10.986s] rclpy loaded
[10.989s] [ext: isaacsim.ros2.nodes-1.18.13] startup
[11.024s] [ext: isaacsim.ros2.examples-1.2.4] startup
[11.029s] [ext: isaacsim.ros2.ui-1.6.5] startup
[11.256s] [ext: isaacsim.ros2.bridge-5.1.2] startup
2026-09-29T12:33:51Z [13,174ms] [Warning] [omni.timeline.plugin] Deprecated: direct use of ITimeline callbacks is deprecated. Use ITimeline::getTimeline (Python: omni.timeline.get_timeline_interface) instead.
[depth_angular_controller-1] [INFO] [1790685234.885922047] [depth_angular_controller]: PAPER_BUILD reason=FULL_MOTION_CERTIFICATE required=0.0000 best=0.0000 free=0 refined=0 tubes=4 revoked_tubes=0 proofs=93
[depth_angular_controller-1] [INFO] [1790685234.885959658] [depth_angular_controller]: PAPER_EVIDENCE retained=15 balls=15 revoked_balls=0 expired_views=0 evicted_views=0 radius=0.580 clearance=0.000 best_prefix=0.000
[position_cmd_to_twist-2] [INFO] [1790685235.877619952] [position_cmd_to_twist]: [PERF BRIDGE] run=iteration10_ego1p1_1 elapsed=18.51s received=246 published=246 fps(ros/wall)=50.00/50.74 controller_to_bridge_ms(mean/p50/p95/max)=0.000/0.000/0.000/0.000 bridge_process_ms(mean/p95/max)=0.094/0.116/0.218
[NAV] t=5.0s position=(-60.40,-10.20,2.73) yaw=9.8deg command=(1.96,0.40,-0.02) manual_active=1 collision_blocks=0
[depth_angular_controller-1] [INFO] [1790685235.956617764] [depth_angular_controller]: PAPER_BUILD reason=FULL_MOTION_CERTIFICATE required=0.0000 best=0.0000 free=0 refined=0 tubes=8 revoked_tubes=0 proofs=128
[depth_angular_controller-1] [INFO] [1790685235.956654944] [depth_angular_controller]: PAPER_EVIDENCE retained=19 balls=30 revoked_balls=0 expired_views=0 evicted_views=0 radius=0.580 clearance=0.000 best_prefix=0.000
[depth_angular_controller-1] [INFO] [1790685236.050213680] [depth_angular_controller]: [PERF CTRL] run=iteration10_ego1p1_1 elapsed=18.80s callbacks=257 commands=256 guidance=156 command_fps(ros/wall)=50.00/50.84 guidance_wall_fps=46.16 avoid_ms(mean/p50/p95/max)=0.882/0.830/1.345/1.696 cycle_ms(mean/p95/max)=19.670/33.575/95.706 depth_to_cmd_ms(mean/p95/max)=17.094/16.667/33.333 callback_to_publish_ms(mean/p95/max)=6.700/9.680/14.757
[depth_angular_controller-1] [INFO] [1790685236.972880575] [depth_angular_controller]: PAPER_BUILD reason=FULL_MOTION_CERTIFICATE required=0.0000 best=0.0000 free=0 refined=0 tubes=12 revoked_tubes=0 proofs=128
[depth_angular_controller-1] [INFO] [1790685236.972917174] [depth_angular_controller]: PAPER_EVIDENCE retained=23 balls=32 revoked_balls=0 expired_views=0 evicted_views=0 radius=0.580 clearance=0.000 best_prefix=0.000
[depth_angular_controller-1] [INFO] [1790685238.002334751] [depth_angular_controller]: PAPER_BUILD reason=FULL_MOTION_CERTIFICATE required=0.0000 best=0.0000 free=0 refined=0 tubes=16 revoked_tubes=0 proofs=128
[depth_angular_controller-1] [INFO] [1790685238.002374595] [depth_angular_controller]: PAPER_EVIDENCE retained=27 balls=32 revoked_balls=0 expired_views=0 evicted_views=0 radius=0.580 clearance=0.000 best_prefix=0.000
[depth_angular_controller-1] [INFO] [1790685239.276036084] [depth_angular_controller]: PAPER_BUILD reason=FULL_MOTION_CERTIFICATE required=0.0000 best=0.0000 free=0 refined=0 tubes=21 revoked_tubes=0 proofs=128
[depth_angular_controller-1] [INFO] [1790685239.276077912] [depth_angular_controller]: PAPER_EVIDENCE retained=31 balls=32 revoked_balls=0 expired_views=0 evicted_views=0 radius=0.580 clearance=0.000 best_prefix=0.000
[depth_angular_controller-1] [INFO] [1790685240.293966024] [depth_angular_controller]: PAPER_BUILD reason=FULL_MOTION_CERTIFICATE required=0.0000 best=0.0000 free=0 refined=0 tubes=25 revoked_tubes=0 proofs=128
[depth_angular_controller-1] [INFO] [1790685240.294006620] [depth_angular_controller]: PAPER_EVIDENCE retained=32 balls=32 revoked_balls=0 expired_views=0 evicted_views=3 radius=0.580 clearance=0.000 best_prefix=0.000
[depth_angular_controller-1] [INFO] [1790685241.051840210] [depth_angular_controller]: [PERF CTRL] run=iteration10_ego1p1_1 elapsed=23.80s callbacks=488 commands=487 guidance=387 command_fps(ros/wall)=50.02/48.52 guidance_wall_fps=46.17 avoid_ms(mean/p50/p95/max)=1.097/0.928/1.931/2.520 cycle_ms(mean/p95/max)=20.612/35.197/98.746 depth_to_cmd_ms(mean/p95/max)=17.399/16.667/33.333 callback_to_publish_ms(mean/p95/max)=8.995/14.958/18.395
[position_cmd_to_twist-2] [INFO] [1790685241.231786846] [position_cmd_to_twist]: [PERF BRIDGE] run=iteration10_ego1p1_1 elapsed=23.87s received=496 published=496 fps(ros/wall)=50.00/48.56 controller_to_bridge_ms(mean/p50/p95/max)=0.739/0.000/0.000/16.667 bridge_process_ms(mean/p95/max)=0.104/0.133/1.421
[NAV] t=10.0s position=(-50.58,-8.98,2.45) yaw=10.0deg command=(1.98,-0.23,0.09) manual_active=1 collision_blocks=0
[depth_angular_controller-1] [INFO] [1790685241.323902514] [depth_angular_controller]: PAPER_BUILD reason=FULL_MOTION_CERTIFICATE required=0.0000 best=0.0000 free=0 refined=0 tubes=29 revoked_tubes=0 proofs=128
[depth_angular_controller-1] [INFO] [1790685241.323944202] [depth_angular_controller]: PAPER_EVIDENCE retained=32 balls=32 revoked_balls=0 expired_views=0 evicted_views=7 radius=0.580 clearance=0.000 best_prefix=0.000
[depth_angular_controller-1] [INFO] [1790685242.338161636] [depth_angular_controller]: PAPER_BUILD reason=FULL_MOTION_CERTIFICATE required=0.0000 best=0.0000 free=0 refined=0 tubes=33 revoked_tubes=0 proofs=128
[depth_angular_controller-1] [INFO] [1790685242.338204246] [depth_angular_controller]: PAPER_EVIDENCE retained=32 balls=32 revoked_balls=0 expired_views=0 evicted_views=11 radius=0.580 clearance=0.000 best_prefix=0.000
[depth_angular_controller-1] [INFO] [1790685243.358270755] [depth_angular_controller]: PAPER_BUILD reason=FULL_MOTION_CERTIFICATE required=0.0000 best=0.0000 free=0 refined=0 tubes=37 revoked_tubes=0 proofs=128
[depth_angular_controller-1] [INFO] [1790685243.358312333] [depth_angular_controller]: PAPER_EVIDENCE retained=32 balls=32 revoked_balls=0 expired_views=0 evicted_views=15 radius=0.580 clearance=0.000 best_prefix=0.000
[depth_angular_controller-1] [INFO] [1790685244.526609982] [depth_angular_controller]: PAPER_BUILD reason=FULL_MOTION_CERTIFICATE required=0.0000 best=0.0000 free=0 refined=0 tubes=41 revoked_tubes=0 proofs=128
[depth_angular_controller-1] [INFO] [1790685244.526651420] [depth_angular_controller]: PAPER_EVIDENCE retained=32 balls=32 revoked_balls=0 expired_views=0 evicted_views=19 radius=0.580 clearance=0.000 best_prefix=0.000
[depth_angular_controller-1] [INFO] [1790685245.598871537] [depth_angular_controller]: PAPER_BUILD reason=FULL_MOTION_CERTIFICATE required=0.0000 best=0.0000 free=0 refined=0 tubes=45 revoked_tubes=0 proofs=128
[depth_angular_controller-1] [INFO] [1790685245.598913025] [depth_angular_controller]: PAPER_EVIDENCE retained=32 balls=32 revoked_balls=0 expired_views=0 evicted_views=23 radius=0.580 clearance=0.000 best_prefix=0.000
[depth_angular_controller-1] [INFO] [1790685246.061857626] [depth_angular_controller]: [PERF CTRL] run=iteration10_ego1p1_1 elapsed=28.81s callbacks=726 commands=725 guidance=625 command_fps(ros/wall)=49.99/48.18 guidance_wall_fps=46.67 avoid_ms(mean/p50/p95/max)=1.172/1.040/2.043/2.638 cycle_ms(mean/p95/max)=20.756/35.197/143.378 depth_to_cmd_ms(mean/p95/max)=17.413/16.667/33.333 callback_to_publish_ms(mean/p95/max)=10.415/16.694/23.236
[position_cmd_to_twist-2] [INFO] [1790685246.529391760] [position_cmd_to_twist]: [PERF BRIDGE] run=iteration10_ego1p1_1 elapsed=29.17s received=746 published=746 fps(ros/wall)=50.00/48.09 controller_to_bridge_ms(mean/p50/p95/max)=1.564/0.000/16.667/33.333 bridge_process_ms(mean/p95/max)=0.109/0.141/1.699
[NAV] t=15.0s position=(-40.92,-8.70,3.02) yaw=10.7deg command=(1.81,0.82,0.23) manual_active=1 collision_blocks=0
[depth_angular_controller-1] [INFO] [1790685246.617367970] [depth_angular_controller]: PAPER_BUILD reason=FULL_MOTION_CERTIFICATE required=0.0000 best=0.0000 free=0 refined=0 tubes=49 revoked_tubes=0 proofs=128
[depth_angular_controller-1] [INFO] [1790685246.617405110] [depth_angular_controller]: PAPER_EVIDENCE retained=32 balls=32 revoked_balls=0 expired_views=0 evicted_views=27 radius=0.580 clearance=0.000 best_prefix=0.000
[depth_angular_controller-1] [INFO] [1790685247.569304551] [depth_angular_controller]: PAPER_BUILD reason=FULL_MOTION_CERTIFICATE required=0.0000 best=0.0000 free=0 refined=0 tubes=53 revoked_tubes=0 proofs=128
[depth_angular_controller-1] [INFO] [1790685247.569342322] [depth_angular_controller]: PAPER_EVIDENCE retained=32 balls=32 revoked_balls=0 expired_views=0 evicted_views=31 radius=0.580 clearance=0.000 best_prefix=0.000
[depth_angular_controller-1] [INFO] [1790685248.593587603] [depth_angular_controller]: PAPER_BUILD reason=FULL_MOTION_CERTIFICATE required=0.0000 best=0.0000 free=0 refined=0 tubes=57 revoked_tubes=0 proofs=128
[depth_angular_controller-1] [INFO] [1790685248.593631004] [depth_angular_controller]: PAPER_EVIDENCE retained=32 balls=32 revoked_balls=0 expired_views=0 evicted_views=33 radius=0.580 clearance=0.000 best_prefix=0.000
[depth_angular_controller-1] [INFO] [1790685249.601632573] [depth_angular_controller]: PAPER_BUILD reason=FULL_MOTION_CERTIFICATE required=0.0000 best=0.0000 free=0 refined=0 tubes=61 revoked_tubes=0 proofs=128
[depth_angular_controller-1] [INFO] [1790685249.601671937] [depth_angular_controller]: PAPER_EVIDENCE retained=32 balls=32 revoked_balls=0 expired_views=0 evicted_views=37 radius=0.580 clearance=0.000 best_prefix=0.000
[depth_angular_controller-1] [INFO] [1790685250.564989144] [depth_angular_controller]: PAPER_BUILD reason=FULL_MOTION_CERTIFICATE required=0.0000 best=0.0000 free=0 refined=0 tubes=65 revoked_tubes=0 proofs=128
[depth_angular_controller-1] [INFO] [1790685250.565030131] [depth_angular_controller]: PAPER_EVIDENCE retained=32 balls=32 revoked_balls=0 expired_views=0 evicted_views=41 radius=0.580 clearance=0.000 best_prefix=0.000
[depth_angular_controller-1] [INFO] [1790685250.900439738] [depth_angular_controller]: NO_REGULAR_FIELD
[depth_angular_controller-1] [INFO] [1790685251.066555420] [depth_angular_controller]: [PERF CTRL] run=iteration10_ego1p1_1 elapsed=33.81s callbacks=974 commands=973 guidance=873 command_fps(ros/wall)=49.97/48.52 guidance_wall_fps=47.46 avoid_ms(mean/p50/p95/max)=1.240/1.123/2.030/7.212 cycle_ms(mean/p95/max)=20.609/34.774/143.378 depth_to_cmd_ms(mean/p95/max)=17.411/16.667/33.333 callback_to_publish_ms(mean/p95/max)=10.531/16.280/23.236
[position_cmd_to_twist-2] [INFO] [1790685251.564571103] [position_cmd_to_twist]: [PERF BRIDGE] run=iteration10_ego1p1_1 elapsed=34.20s received=994 published=994 fps(ros/wall)=49.98/48.40 controller_to_bridge_ms(mean/p50/p95/max)=1.660/0.000/16.667/33.333 bridge_process_ms(mean/p95/max)=0.110/0.141/1.923
[NAV] t=20.0s position=(-32.10,-9.05,4.13) yaw=11.9deg command=(1.06,-0.47,-0.05) manual_active=1 collision_blocks=0
[depth_angular_controller-1] [INFO] [1790685251.654518342] [depth_angular_controller]: PAPER_BUILD reason=NO_CERTIFIED_DIRECTION required=0.8190 best=0.0000 free=0 refined=0 tubes=69 revoked_tubes=0 proofs=128
[depth_angular_controller-1] [INFO] [1790685251.654552897] [depth_angular_controller]: PAPER_EVIDENCE retained=32 balls=32 revoked_balls=0 expired_views=0 evicted_views=42 radius=0.580 clearance=0.000 best_prefix=0.000
[depth_angular_controller-1] [INFO] [1790685252.756636664] [depth_angular_controller]: DEPTH_PROPOSAL_CERTIFIED
[depth_angular_controller-1] [INFO] [1790685252.822485071] [depth_angular_controller]: PAPER_BUILD reason=FULL_MOTION_CERTIFICATE required=0.0000 best=0.0000 free=0 refined=0 tubes=70 revoked_tubes=0 proofs=128
[depth_angular_controller-1] [INFO] [1790685252.822518253] [depth_angular_controller]: PAPER_EVIDENCE retained=32 balls=32 revoked_balls=0 expired_views=0 evicted_views=46 radius=0.580 clearance=0.000 best_prefix=0.037
[depth_angular_controller-1] [INFO] [1790685253.095149204] [depth_angular_controller]: NO_REGULAR_FIELD
[depth_angular_controller-1] [INFO] [1790685253.169711513] [depth_angular_controller]: DEPTH_PROPOSAL_CERTIFIED
[depth_angular_controller-1] [INFO] [1790685253.338650112] [depth_angular_controller]: NO_REGULAR_FIELD
[depth_angular_controller-1] [INFO] [1790685253.383445743] [depth_angular_controller]: DEPTH_PROPOSAL_CERTIFIED
[depth_angular_controller-1] [INFO] [1790685253.614065438] [depth_angular_controller]: TARGET_HOLD
[depth_angular_controller-1] [INFO] [1790685253.670906282] [depth_angular_controller]: DEPTH_PROPOSAL_CERTIFIED
[depth_angular_controller-1] [INFO] [1790685253.954421869] [depth_angular_controller]: PAPER_BUILD reason=FULL_MOTION_CERTIFICATE required=0.0000 best=0.0000 free=0 refined=0 tubes=99 revoked_tubes=0 proofs=128
[depth_angular_controller-1] [INFO] [1790685253.954459880] [depth_angular_controller]: PAPER_EVIDENCE retained=32 balls=32 revoked_balls=0 expired_views=0 evicted_views=47 radius=0.580 clearance=0.000 best_prefix=0.037
[depth_angular_controller-1] [INFO] [1790685254.981377646] [depth_angular_controller]: PAPER_BUILD reason=FULL_MOTION_CERTIFICATE required=0.0000 best=0.0000 free=0 refined=0 tubes=147 revoked_tubes=0 proofs=128
[depth_angular_controller-1] [INFO] [1790685254.981419704] [depth_angular_controller]: PAPER_EVIDENCE retained=32 balls=32 revoked_balls=0 expired_views=0 evicted_views=47 radius=0.580 clearance=0.000 best_prefix=0.037
[depth_angular_controller-1] [INFO] [1790685255.574013196] [depth_angular_controller]: TARGET_HOLD
[depth_angular_controller-1] [INFO] [1790685255.590697545] [depth_angular_controller]: DEPTH_PROPOSAL_CERTIFIED
[depth_angular_controller-1] [INFO] [1790685255.788611717] [depth_angular_controller]: NO_REGULAR_FIELD
[depth_angular_controller-1] [INFO] [1790685255.830362384] [depth_angular_controller]: DEPTH_PROPOSAL_CERTIFIED
[depth_angular_controller-1] [INFO] [1790685255.958851849] [depth_angular_controller]: NO_REGULAR_FIELD
[depth_angular_controller-1] [INFO] [1790685256.078602685] [depth_angular_controller]: [PERF CTRL] run=iteration10_ego1p1_1 elapsed=38.83s callbacks=1196 commands=1195 guidance=1095 command_fps(ros/wall)=49.85/47.68 guidance_wall_fps=46.78 avoid_ms(mean/p50/p95/max)=1.802/1.237/6.445/21.717 cycle_ms(mean/p95/max)=20.975/35.201/143.378 depth_to_cmd_ms(mean/p95/max)=17.397/16.667/50.000 callback_to_publish_ms(mean/p95/max)=11.395/18.468/34.107
[depth_angular_controller-1] [INFO] [1790685256.079066936] [depth_angular_controller]: DEPTH_PROPOSAL_CERTIFIED
[depth_angular_controller-1] [INFO] [1790685256.124606323] [depth_angular_controller]: PAPER_BUILD reason=FULL_MOTION_CERTIFICATE required=0.0000 best=0.0000 free=0 refined=0 tubes=186 revoked_tubes=0 proofs=128
[depth_angular_controller-1] [INFO] [1790685256.124641008] [depth_angular_controller]: PAPER_EVIDENCE retained=32 balls=32 revoked_balls=0 expired_views=0 evicted_views=47 radius=0.580 clearance=0.000 best_prefix=0.000
[depth_angular_controller-1] [INFO] [1790685256.194654721] [depth_angular_controller]: NO_REGULAR_FIELD
[depth_angular_controller-1] [INFO] [1790685256.242945670] [depth_angular_controller]: DEPTH_PROPOSAL_CERTIFIED
[depth_angular_controller-1] [INFO] [1790685256.369388495] [depth_angular_controller]: NO_REGULAR_FIELD
[depth_angular_controller-1] [INFO] [1790685256.418708505] [depth_angular_controller]: DEPTH_PROPOSAL_CERTIFIED
[depth_angular_controller-1] [INFO] [1790685256.507103662] [depth_angular_controller]: NO_REGULAR_FIELD
[depth_angular_controller-1] [INFO] [1790685256.568628134] [depth_angular_controller]: DEPTH_PROPOSAL_CERTIFIED
[depth_angular_controller-1] [INFO] [1790685256.657820136] [depth_angular_controller]: NO_REGULAR_FIELD
[depth_angular_controller-1] [INFO] [1790685256.783517251] [depth_angular_controller]: DEPTH_PROPOSAL_CERTIFIED
[depth_angular_controller-1] [INFO] [1790685256.856505476] [depth_angular_controller]: NO_REGULAR_FIELD
[depth_angular_controller-1] [INFO] [1790685256.901718119] [depth_angular_controller]: DEPTH_PROPOSAL_CERTIFIED
[depth_angular_controller-1] [INFO] [1790685256.996316777] [depth_angular_controller]: NO_REGULAR_FIELD
[position_cmd_to_twist-2] [INFO] [1790685257.022570282] [position_cmd_to_twist]: [PERF BRIDGE] run=iteration10_ego1p1_1 elapsed=39.66s received=1243 published=1243 fps(ros/wall)=49.88/47.80 controller_to_bridge_ms(mean/p50/p95/max)=2.816/0.000/16.667/33.333 bridge_process_ms(mean/p95/max)=0.118/0.144/3.892
[depth_angular_controller-1] [INFO] [1790685257.064630910] [depth_angular_controller]: DEPTH_PROPOSAL_CERTIFIED
[NAV] t=25.0s position=(-31.57,-9.26,4.11) yaw=12.1deg command=(0.00,-0.00,0.00) manual_active=1 collision_blocks=0
[depth_angular_controller-1] [INFO] [1790685257.107151552] [depth_angular_controller]: PAPER_BUILD reason=FULL_MOTION_CERTIFICATE required=0.0000 best=0.0000 free=0 refined=0 tubes=217 revoked_tubes=0 proofs=128
[depth_angular_controller-1] [INFO] [1790685257.107186698] [depth_angular_controller]: PAPER_EVIDENCE retained=32 balls=32 revoked_balls=0 expired_views=0 evicted_views=47 radius=0.580 clearance=0.000 best_prefix=0.000
[depth_angular_controller-1] [INFO] [1790685257.133159967] [depth_angular_controller]: NO_REGULAR_FIELD
[depth_angular_controller-1] [INFO] [1790685257.199274343] [depth_angular_controller]: DEPTH_PROPOSAL_CERTIFIED
[depth_angular_controller-1] [INFO] [1790685257.262791916] [depth_angular_controller]: NO_REGULAR_FIELD
[depth_angular_controller-1] [INFO] [1790685257.310652248] [depth_angular_controller]: DEPTH_PROPOSAL_CERTIFIED
[depth_angular_controller-1] [INFO] [1790685257.448266275] [depth_angular_controller]: NO_REGULAR_FIELD
[depth_angular_controller-1] [INFO] [1790685258.123323483] [depth_angular_controller]: PAPER_BUILD reason=NO_CERTIFIED_DIRECTION required=0.0100 best=0.0000 free=0 refined=0 tubes=226 revoked_tubes=0 proofs=128
[depth_angular_controller-1] [INFO] [1790685258.123365942] [depth_angular_controller]: PAPER_EVIDENCE retained=32 balls=32 revoked_balls=0 expired_views=0 evicted_views=47 radius=0.580 clearance=0.000 best_prefix=0.000
[depth_angular_controller-1] [INFO] [1790685258.983460068] [depth_angular_controller]: PAPER_BUILD reason=NO_CERTIFIED_DIRECTION required=0.0100 best=0.0000 free=0 refined=0 tubes=226 revoked_tubes=0 proofs=128
[depth_angular_controller-1] [INFO] [1790685258.983498079] [depth_angular_controller]: PAPER_EVIDENCE retained=32 balls=32 revoked_balls=0 expired_views=0 evicted_views=47 radius=0.580 clearance=0.000 best_prefix=0.000
[depth_angular_controller-1] [INFO] [1790685259.978117406] [depth_angular_controller]: PAPER_BUILD reason=NO_CERTIFIED_DIRECTION required=0.0100 best=0.0000 free=0 refined=0 tubes=226 revoked_tubes=0 proofs=128
[depth_angular_controller-1] [INFO] [1790685259.978158643] [depth_angular_controller]: PAPER_EVIDENCE retained=32 balls=32 revoked_balls=0 expired_views=0 evicted_views=47 radius=0.580 clearance=0.000 best_prefix=0.000
[depth_angular_controller-1] [INFO] [1790685260.844951279] [depth_angular_controller]: PAPER_BUILD reason=NO_CERTIFIED_DIRECTION required=0.0100 best=0.0000 free=0 refined=0 tubes=226 revoked_tubes=0 proofs=128
[depth_angular_controller-1] [INFO] [1790685260.844989320] [depth_angular_controller]: PAPER_EVIDENCE retained=32 balls=32 revoked_balls=0 expired_views=0 evicted_views=47 radius=0.580 clearance=0.000 best_prefix=0.000
[depth_angular_controller-1] [INFO] [1790685261.084775256] [depth_angular_controller]: [PERF CTRL] run=iteration10_ego1p1_1 elapsed=43.83s callbacks=1457 commands=1456 guidance=1356 command_fps(ros/wall)=49.72/48.42 guidance_wall_fps=47.72 avoid_ms(mean/p50/p95/max)=2.325/1.412/6.325/21.717 cycle_ms(mean/p95/max)=20.653/34.974/143.378 depth_to_cmd_ms(mean/p95/max)=17.392/16.667/50.000 callback_to_publish_ms(mean/p95/max)=12.321/19.093/34.107
[position_cmd_to_twist-2] [INFO] [1790685261.692970936] [position_cmd_to_twist]: [PERF BRIDGE] run=iteration10_ego1p1_1 elapsed=44.33s received=1486 published=1486 fps(ros/wall)=49.72/48.46 controller_to_bridge_ms(mean/p50/p95/max)=5.238/0.000/16.667/33.333 bridge_process_ms(mean/p95/max)=0.118/0.144/3.892
[NAV] t=30.0s position=(-31.57,-9.26,4.11) yaw=12.1deg command=(0.00,0.00,0.00) manual_active=1 collision_blocks=0
[depth_angular_controller-1] [INFO] [1790685261.774111229] [depth_angular_controller]: PAPER_BUILD reason=NO_CERTIFIED_DIRECTION required=0.0100 best=0.0000 free=0 refined=0 tubes=226 revoked_tubes=0 proofs=128
[depth_angular_controller-1] [INFO] [1790685261.774149310] [depth_angular_controller]: PAPER_EVIDENCE retained=32 balls=32 revoked_balls=0 expired_views=0 evicted_views=47 radius=0.580 clearance=0.000 best_prefix=0.000
[depth_angular_controller-1] [INFO] [1790685262.645495791] [depth_angular_controller]: PAPER_BUILD reason=NO_CERTIFIED_DIRECTION required=0.0100 best=0.0000 free=0 refined=0 tubes=226 revoked_tubes=0 proofs=128
[depth_angular_controller-1] [INFO] [1790685262.645918705] [depth_angular_controller]: PAPER_EVIDENCE retained=32 balls=32 revoked_balls=0 expired_views=0 evicted_views=47 radius=0.580 clearance=0.000 best_prefix=0.000
[depth_angular_controller-1] [INFO] [1790685263.647584925] [depth_angular_controller]: PAPER_BUILD reason=NO_CERTIFIED_DIRECTION required=0.0100 best=0.0000 free=0 refined=0 tubes=226 revoked_tubes=0 proofs=128
[depth_angular_controller-1] [INFO] [1790685263.647995425] [depth_angular_controller]: PAPER_EVIDENCE retained=32 balls=32 revoked_balls=0 expired_views=0 evicted_views=47 radius=0.580 clearance=0.000 best_prefix=0.000
[depth_angular_controller-1] [INFO] [1790685264.582442957] [depth_angular_controller]: PAPER_BUILD reason=NO_CERTIFIED_DIRECTION required=0.0100 best=0.0000 free=0 refined=0 tubes=226 revoked_tubes=0 proofs=128
[depth_angular_controller-1] [INFO] [1790685264.582872103] [depth_angular_controller]: PAPER_EVIDENCE retained=32 balls=32 revoked_balls=0 expired_views=0 evicted_views=47 radius=0.580 clearance=0.000 best_prefix=0.000
[depth_angular_controller-1] [INFO] [1790685265.493466604] [depth_angular_controller]: PAPER_BUILD reason=NO_CERTIFIED_DIRECTION required=0.0100 best=0.0000 free=0 refined=0 tubes=226 revoked_tubes=0 proofs=128
[depth_angular_controller-1] [INFO] [1790685265.493505477] [depth_angular_controller]: PAPER_EVIDENCE retained=32 balls=32 revoked_balls=0 expired_views=0 evicted_views=47 radius=0.580 clearance=0.000 best_prefix=0.000
[depth_angular_controller-1] [INFO] [1790685266.090110196] [depth_angular_controller]: [PERF CTRL] run=iteration10_ego1p1_1 elapsed=48.84s callbacks=1721 commands=1720 guidance=1620 command_fps(ros/wall)=49.56/49.04 guidance_wall_fps=48.48 avoid_ms(mean/p50/p95/max)=2.774/1.577/6.290/21.717 cycle_ms(mean/p95/max)=20.393/34.501/143.378 depth_to_cmd_ms(mean/p95/max)=17.356/16.667/50.000 callback_to_publish_ms(mean/p95/max)=13.022/19.323/34.107
[position_cmd_to_twist-2] [INFO] [1790685266.270076649] [position_cmd_to_twist]: [PERF BRIDGE] run=iteration10_ego1p1_1 elapsed=48.91s received=1730 published=1730 fps(ros/wall)=49.57/49.08 controller_to_bridge_ms(mean/p50/p95/max)=7.110/0.000/33.333/33.333 bridge_process_ms(mean/p95/max)=0.116/0.142/3.892
[NAV] t=35.0s position=(-31.57,-9.26,4.11) yaw=12.1deg command=(0.00,0.00,0.00) manual_active=1 collision_blocks=0
[depth_angular_controller-1] [INFO] [1790685266.351327168] [depth_angular_controller]: PAPER_BUILD reason=NO_CERTIFIED_DIRECTION required=0.0100 best=0.0000 free=0 refined=0 tubes=226 revoked_tubes=0 proofs=128
[depth_angular_controller-1] [INFO] [1790685266.351366492] [depth_angular_controller]: PAPER_EVIDENCE retained=32 balls=32 revoked_balls=0 expired_views=0 evicted_views=47 radius=0.580 clearance=0.000 best_prefix=0.000
[depth_angular_controller-1] [INFO] [1790685267.212330269] [depth_angular_controller]: PAPER_BUILD reason=NO_CERTIFIED_DIRECTION required=0.0100 best=0.0000 free=0 refined=0 tubes=226 revoked_tubes=0 proofs=128
[depth_angular_controller-1] [INFO] [1790685267.212374272] [depth_angular_controller]: PAPER_EVIDENCE retained=32 balls=32 revoked_balls=0 expired_views=0 evicted_views=47 radius=0.580 clearance=0.000 best_prefix=0.000
[depth_angular_controller-1] [INFO] [1790685268.158318558] [depth_angular_controller]: PAPER_BUILD reason=NO_CERTIFIED_DIRECTION required=0.0100 best=0.0000 free=0 refined=0 tubes=226 revoked_tubes=0 proofs=128
[depth_angular_controller-1] [INFO] [1790685268.158366288] [depth_angular_controller]: PAPER_EVIDENCE retained=32 balls=32 revoked_balls=0 expired_views=0 evicted_views=47 radius=0.580 clearance=0.000 best_prefix=0.000
[depth_angular_controller-1] [INFO] [1790685269.178170475] [depth_angular_controller]: PAPER_BUILD reason=NO_CERTIFIED_DIRECTION required=0.0100 best=0.0000 free=0 refined=0 tubes=226 revoked_tubes=0 proofs=128
[depth_angular_controller-1] [INFO] [1790685269.178214467] [depth_angular_controller]: PAPER_EVIDENCE retained=32 balls=32 revoked_balls=0 expired_views=0 evicted_views=47 radius=0.580 clearance=0.000 best_prefix=0.000
[depth_angular_controller-1] [INFO] [1790685270.044684788] [depth_angular_controller]: PAPER_BUILD reason=NO_CERTIFIED_DIRECTION required=0.0100 best=0.0000 free=0 refined=0 tubes=226 revoked_tubes=0 proofs=128
[depth_angular_controller-1] [INFO] [1790685270.044728951] [depth_angular_controller]: PAPER_EVIDENCE retained=32 balls=32 revoked_balls=0 expired_views=0 evicted_views=47 radius=0.580 clearance=0.000 best_prefix=0.000
[position_cmd_to_twist-2] [INFO] [1790685270.946586487] [position_cmd_to_twist]: [PERF BRIDGE] run=iteration10_ego1p1_1 elapsed=53.58s received=1972 published=1972 fps(ros/wall)=49.44/49.40 controller_to_bridge_ms(mean/p50/p95/max)=8.435/0.000/33.333/33.333 bridge_process_ms(mean/p95/max)=0.115/0.141/3.892
[NAV] t=40.0s position=(-31.57,-9.26,4.11) yaw=12.1deg command=(0.00,0.00,0.00) manual_active=1 collision_blocks=0
[depth_angular_controller-1] [INFO] [1790685271.031044175] [depth_angular_controller]: PAPER_BUILD reason=NO_CERTIFIED_DIRECTION required=0.0100 best=0.0000 free=0 refined=0 tubes=226 revoked_tubes=0 proofs=128
[depth_angular_controller-1] [INFO] [1790685271.031084270] [depth_angular_controller]: PAPER_EVIDENCE retained=32 balls=32 revoked_balls=0 expired_views=0 evicted_views=47 radius=0.580 clearance=0.000 best_prefix=0.000
[depth_angular_controller-1] [INFO] [1790685271.106554572] [depth_angular_controller]: [PERF CTRL] run=iteration10_ego1p1_1 elapsed=53.85s callbacks=1981 commands=1980 guidance=1880 command_fps(ros/wall)=49.45/49.39 guidance_wall_fps=48.91 avoid_ms(mean/p50/p95/max)=3.100/1.957/6.364/21.717 cycle_ms(mean/p95/max)=20.249/34.144/143.378 depth_to_cmd_ms(mean/p95/max)=17.323/16.667/50.000 callback_to_publish_ms(mean/p95/max)=13.561/19.575/34.107
[depth_angular_controller-1] [INFO] [1790685271.945509369] [depth_angular_controller]: PAPER_BUILD reason=NO_CERTIFIED_DIRECTION required=0.0100 best=0.0000 free=0 refined=0 tubes=226 revoked_tubes=0 proofs=128
[depth_angular_controller-1] [INFO] [1790685271.945548092] [depth_angular_controller]: PAPER_EVIDENCE retained=32 balls=32 revoked_balls=0 expired_views=0 evicted_views=47 radius=0.580 clearance=0.000 best_prefix=0.000
[depth_angular_controller-1] [INFO] [1790685272.885777264] [depth_angular_controller]: PAPER_BUILD reason=NO_CERTIFIED_DIRECTION required=0.0100 best=0.0000 free=0 refined=0 tubes=226 revoked_tubes=0 proofs=128
[depth_angular_controller-1] [INFO] [1790685272.885811327] [depth_angular_controller]: PAPER_EVIDENCE retained=32 balls=32 revoked_balls=0 expired_views=0 evicted_views=47 radius=0.580 clearance=0.000 best_prefix=0.000
[depth_angular_controller-1] [INFO] [1790685273.759673740] [depth_angular_controller]: PAPER_BUILD reason=NO_CERTIFIED_DIRECTION required=0.0100 best=0.0000 free=0 refined=0 tubes=226 revoked_tubes=0 proofs=128
[depth_angular_controller-1] [INFO] [1790685273.759718434] [depth_angular_controller]: PAPER_EVIDENCE retained=32 balls=32 revoked_balls=0 expired_views=0 evicted_views=47 radius=0.580 clearance=0.000 best_prefix=0.000
[depth_angular_controller-1] [INFO] [1790685274.609187721] [depth_angular_controller]: PAPER_BUILD reason=NO_CERTIFIED_DIRECTION required=0.0100 best=0.0000 free=0 refined=0 tubes=226 revoked_tubes=0 proofs=128
[depth_angular_controller-1] [INFO] [1790685274.609233126] [depth_angular_controller]: PAPER_EVIDENCE retained=32 balls=32 revoked_balls=0 expired_views=0 evicted_views=47 radius=0.580 clearance=0.000 best_prefix=0.000
[position_cmd_to_twist-2] [INFO] [1790685275.460016230] [position_cmd_to_twist]: [PERF BRIDGE] run=iteration10_ego1p1_1 elapsed=58.10s received=2212 published=2212 fps(ros/wall)=49.28/49.79 controller_to_bridge_ms(mean/p50/p95/max)=9.569/0.000/33.333/33.333 bridge_process_ms(mean/p95/max)=0.114/0.140/3.892
[NAV] t=45.0s position=(-31.57,-9.26,4.11) yaw=12.1deg command=(0.00,0.00,0.00) manual_active=1 collision_blocks=0
[depth_angular_controller-1] [INFO] [1790685275.538814748] [depth_angular_controller]: PAPER_BUILD reason=NO_CERTIFIED_DIRECTION required=0.0100 best=0.0000 free=0 refined=0 tubes=226 revoked_tubes=0 proofs=128
[depth_angular_controller-1] [INFO] [1790685275.538852208] [depth_angular_controller]: PAPER_EVIDENCE retained=32 balls=32 revoked_balls=0 expired_views=0 evicted_views=47 radius=0.580 clearance=0.000 best_prefix=0.000
[depth_angular_controller-1] [INFO] [1790685276.121227314] [depth_angular_controller]: [PERF CTRL] run=iteration10_ego1p1_1 elapsed=58.87s callbacks=2251 commands=2250 guidance=2150 command_fps(ros/wall)=49.27/49.88 guidance_wall_fps=49.48 avoid_ms(mean/p50/p95/max)=3.357/3.957/6.315/21.717 cycle_ms(mean/p95/max)=20.047/33.760/143.378 depth_to_cmd_ms(mean/p95/max)=17.302/16.667/50.000 callback_to_publish_ms(mean/p95/max)=14.017/19.672/34.107
[depth_angular_controller-1] [INFO] [1790685276.404420356] [depth_angular_controller]: PAPER_BUILD reason=NO_CERTIFIED_DIRECTION required=0.0100 best=0.0000 free=0 refined=0 tubes=226 revoked_tubes=0 proofs=128
[depth_angular_controller-1] [INFO] [1790685276.404460381] [depth_angular_controller]: PAPER_EVIDENCE retained=32 balls=32 revoked_balls=0 expired_views=0 evicted_views=47 radius=0.580 clearance=0.000 best_prefix=0.000
[depth_angular_controller-1] [INFO] [1790685277.336655216] [depth_angular_controller]: PAPER_BUILD reason=NO_CERTIFIED_DIRECTION required=0.0100 best=0.0000 free=0 refined=0 tubes=226 revoked_tubes=0 proofs=128
[depth_angular_controller-1] [INFO] [1790685277.336692596] [depth_angular_controller]: PAPER_EVIDENCE retained=32 balls=32 revoked_balls=0 expired_views=0 evicted_views=47 radius=0.580 clearance=0.000 best_prefix=0.000
[depth_angular_controller-1] [INFO] [1790685278.264938831] [depth_angular_controller]: PAPER_BUILD reason=NO_CERTIFIED_DIRECTION required=0.0100 best=0.0000 free=0 refined=0 tubes=226 revoked_tubes=0 proofs=128
[depth_angular_controller-1] [INFO] [1790685278.264976933] [depth_angular_controller]: PAPER_EVIDENCE retained=32 balls=32 revoked_balls=0 expired_views=0 evicted_views=47 radius=0.580 clearance=0.000 best_prefix=0.000
[depth_angular_controller-1] [INFO] [1790685279.195347324] [depth_angular_controller]: PAPER_BUILD reason=NO_CERTIFIED_DIRECTION required=0.0100 best=0.0000 free=0 refined=0 tubes=226 revoked_tubes=0 proofs=128
[depth_angular_controller-1] [INFO] [1790685279.195390525] [depth_angular_controller]: PAPER_EVIDENCE retained=32 balls=32 revoked_balls=0 expired_views=0 evicted_views=47 radius=0.580 clearance=0.000 best_prefix=0.000
[position_cmd_to_twist-2] [INFO] [1790685280.042945911] [position_cmd_to_twist]: [PERF BRIDGE] run=iteration10_ego1p1_1 elapsed=62.68s received=2456 published=2456 fps(ros/wall)=49.21/50.10 controller_to_bridge_ms(mean/p50/p95/max)=10.396/16.667/33.333/33.333 bridge_process_ms(mean/p95/max)=0.114/0.140/3.892
[NAV] t=50.0s position=(-31.57,-9.26,4.11) yaw=12.1deg command=(0.00,0.00,0.00) manual_active=1 collision_blocks=0
[depth_angular_controller-1] [INFO] [1790685280.124461518] [depth_angular_controller]: PAPER_BUILD reason=NO_CERTIFIED_DIRECTION required=0.0100 best=0.0000 free=0 refined=0 tubes=226 revoked_tubes=0 proofs=128
[depth_angular_controller-1] [INFO] [1790685280.124503577] [depth_angular_controller]: PAPER_EVIDENCE retained=32 balls=32 revoked_balls=0 expired_views=0 evicted_views=47 radius=0.580 clearance=0.000 best_prefix=0.000
[depth_angular_controller-1] [INFO] [1790685281.125624734] [depth_angular_controller]: [PERF CTRL] run=iteration10_ego1p1_1 elapsed=63.87s callbacks=2511 commands=2510 guidance=2410 command_fps(ros/wall)=49.21/50.09 guidance_wall_fps=49.74 avoid_ms(mean/p50/p95/max)=3.546/4.321/6.307/21.717 cycle_ms(mean/p95/max)=19.964/33.556/143.378 depth_to_cmd_ms(mean/p95/max)=17.254/16.667/50.000 callback_to_publish_ms(mean/p95/max)=14.325/19.730/34.107
[depth_angular_controller-1] [INFO] [1790685281.125680739] [depth_angular_controller]: PAPER_BUILD reason=NO_CERTIFIED_DIRECTION required=0.0100 best=0.0000 free=0 refined=0 tubes=226 revoked_tubes=0 proofs=128
[depth_angular_controller-1] [INFO] [1790685281.125688634] [depth_angular_controller]: PAPER_EVIDENCE retained=32 balls=32 revoked_balls=0 expired_views=0 evicted_views=47 radius=0.580 clearance=0.000 best_prefix=0.000
[depth_angular_controller-1] [INFO] [1790685282.118648216] [depth_angular_controller]: PAPER_BUILD reason=NO_CERTIFIED_DIRECTION required=0.0100 best=0.0000 free=0 refined=0 tubes=226 revoked_tubes=0 proofs=128
[depth_angular_controller-1] [INFO] [1790685282.118687510] [depth_angular_controller]: PAPER_EVIDENCE retained=32 balls=32 revoked_balls=0 expired_views=0 evicted_views=47 radius=0.580 clearance=0.000 best_prefix=0.000
[depth_angular_controller-1] [INFO] [1790685283.057567700] [depth_angular_controller]: PAPER_BUILD reason=NO_CERTIFIED_DIRECTION required=0.0100 best=0.0000 free=0 refined=0 tubes=226 revoked_tubes=0 proofs=128
[depth_angular_controller-1] [INFO] [1790685283.057605351] [depth_angular_controller]: PAPER_EVIDENCE retained=32 balls=32 revoked_balls=0 expired_views=0 evicted_views=47 radius=0.580 clearance=0.000 best_prefix=0.000
[depth_angular_controller-1] [INFO] [1790685283.945147484] [depth_angular_controller]: PAPER_BUILD reason=NO_CERTIFIED_DIRECTION required=0.0100 best=0.0000 free=0 refined=0 tubes=226 revoked_tubes=0 proofs=128
[depth_angular_controller-1] [INFO] [1790685283.945186567] [depth_angular_controller]: PAPER_EVIDENCE retained=32 balls=32 revoked_balls=0 expired_views=0 evicted_views=47 radius=0.580 clearance=0.000 best_prefix=0.000
[position_cmd_to_twist-2] [INFO] [1790685284.722935419] [position_cmd_to_twist]: [PERF BRIDGE] run=iteration10_ego1p1_1 elapsed=67.36s received=2700 published=2700 fps(ros/wall)=49.18/50.28 controller_to_bridge_ms(mean/p50/p95/max)=11.130/16.667/33.333/33.333 bridge_process_ms(mean/p95/max)=0.113/0.140/3.892
[NAV] t=55.0s position=(-31.57,-9.26,4.11) yaw=12.1deg command=(0.00,0.00,0.00) manual_active=1 collision_blocks=0
[depth_angular_controller-1] [INFO] [1790685284.805376352] [depth_angular_controller]: PAPER_BUILD reason=NO_CERTIFIED_DIRECTION required=0.0100 best=0.0000 free=0 refined=0 tubes=226 revoked_tubes=0 proofs=128
[depth_angular_controller-1] [INFO] [1790685284.805426306] [depth_angular_controller]: PAPER_EVIDENCE retained=32 balls=32 revoked_balls=0 expired_views=0 evicted_views=47 radius=0.580 clearance=0.000 best_prefix=0.000
[depth_angular_controller-1] [INFO] [1790685285.815695099] [depth_angular_controller]: PAPER_BUILD reason=NO_CERTIFIED_DIRECTION required=0.0100 best=0.0000 free=0 refined=0 tubes=226 revoked_tubes=0 proofs=128
[depth_angular_controller-1] [INFO] [1790685285.815736797] [depth_angular_controller]: PAPER_EVIDENCE retained=32 balls=32 revoked_balls=0 expired_views=0 evicted_views=47 radius=0.580 clearance=0.000 best_prefix=0.000
[depth_angular_controller-1] [INFO] [1790685286.137458529] [depth_angular_controller]: [PERF CTRL] run=iteration10_ego1p1_1 elapsed=68.88s callbacks=2774 commands=2773 guidance=2673 command_fps(ros/wall)=49.18/50.31 guidance_wall_fps=50.00 avoid_ms(mean/p50/p95/max)=3.702/4.529/6.296/21.717 cycle_ms(mean/p95/max)=19.878/33.444/143.378 depth_to_cmd_ms(mean/p95/max)=17.278/16.667/50.000 callback_to_publish_ms(mean/p95/max)=14.601/19.807/34.107
[depth_angular_controller-1] [INFO] [1790685286.698745262] [depth_angular_controller]: PAPER_BUILD reason=NO_CERTIFIED_DIRECTION required=0.0100 best=0.0000 free=0 refined=0 tubes=226 revoked_tubes=0 proofs=128
[depth_angular_controller-1] [INFO] [1790685286.698787812] [depth_angular_controller]: PAPER_EVIDENCE retained=32 balls=32 revoked_balls=0 expired_views=0 evicted_views=47 radius=0.580 clearance=0.000 best_prefix=0.000
[depth_angular_controller-1] [INFO] [1790685287.579044273] [depth_angular_controller]: PAPER_BUILD reason=NO_CERTIFIED_DIRECTION required=0.0100 best=0.0000 free=0 refined=0 tubes=226 revoked_tubes=0 proofs=128
[depth_angular_controller-1] [INFO] [1790685287.579082515] [depth_angular_controller]: PAPER_EVIDENCE retained=32 balls=32 revoked_balls=0 expired_views=0 evicted_views=47 radius=0.580 clearance=0.000 best_prefix=0.000
[depth_angular_controller-1] [INFO] [1790685288.574254048] [depth_angular_controller]: PAPER_BUILD reason=NO_CERTIFIED_DIRECTION required=0.0100 best=0.0000 free=0 refined=0 tubes=226 revoked_tubes=0 proofs=128
[depth_angular_controller-1] [INFO] [1790685288.574299032] [depth_angular_controller]: PAPER_EVIDENCE retained=32 balls=32 revoked_balls=0 expired_views=0 evicted_views=47 radius=0.580 clearance=0.000 best_prefix=0.000
[position_cmd_to_twist-2] [INFO] [1790685289.383684030] [position_cmd_to_twist]: [PERF BRIDGE] run=iteration10_ego1p1_1 elapsed=72.02s received=2944 published=2944 fps(ros/wall)=49.15/50.44 controller_to_bridge_ms(mean/p50/p95/max)=11.651/16.667/33.333/33.333 bridge_process_ms(mean/p95/max)=0.112/0.139/3.892
[NAV] t=60.0s position=(-31.57,-9.26,4.11) yaw=12.1deg command=(0.00,0.00,0.00) manual_active=1 collision_blocks=0
[depth_angular_controller-1] [INFO] [1790685289.575337344] [depth_angular_controller]: PAPER_BUILD reason=NO_CERTIFIED_DIRECTION required=0.0100 best=0.0000 free=0 refined=0 tubes=226 revoked_tubes=0 proofs=128
[depth_angular_controller-1] [INFO] [1790685289.575770036] [depth_angular_controller]: PAPER_EVIDENCE retained=32 balls=32 revoked_balls=0 expired_views=0 evicted_views=47 radius=0.580 clearance=0.000 best_prefix=0.000
[depth_angular_controller-1] [INFO] [1790685290.680873951] [depth_angular_controller]: PAPER_BUILD reason=NO_CERTIFIED_DIRECTION required=0.0100 best=0.0000 free=0 refined=0 tubes=226 revoked_tubes=0 proofs=128
[depth_angular_controller-1] [INFO] [1790685290.681013282] [depth_angular_controller]: PAPER_EVIDENCE retained=32 balls=32 revoked_balls=0 expired_views=0 evicted_views=47 radius=0.580 clearance=0.000 best_prefix=0.000
[depth_angular_controller-1] [INFO] [1790685291.155177918] [depth_angular_controller]: [PERF CTRL] run=iteration10_ego1p1_1 elapsed=73.90s callbacks=3030 commands=3029 guidance=2929 command_fps(ros/wall)=49.17/50.37 guidance_wall_fps=50.08 avoid_ms(mean/p50/p95/max)=3.823/4.639/6.286/21.717 cycle_ms(mean/p95/max)=19.855/33.426/143.378 depth_to_cmd_ms(mean/p95/max)=17.253/16.667/50.000 callback_to_publish_ms(mean/p95/max)=14.783/19.780/34.107
[depth_angular_controller-1] [INFO] [1790685291.559974933] [depth_angular_controller]: PAPER_BUILD reason=NO_CERTIFIED_DIRECTION required=0.0100 best=0.0000 free=0 refined=0 tubes=226 revoked_tubes=0 proofs=128
[depth_angular_controller-1] [INFO] [1790685291.560011592] [depth_angular_controller]: PAPER_EVIDENCE retained=32 balls=32 revoked_balls=0 expired_views=0 evicted_views=47 radius=0.580 clearance=0.000 best_prefix=0.000
[depth_angular_controller-1] [INFO] [1790685292.479979222] [depth_angular_controller]: PAPER_BUILD reason=NO_CERTIFIED_DIRECTION required=0.0100 best=0.0000 free=0 refined=0 tubes=226 revoked_tubes=0 proofs=128
[depth_angular_controller-1] [INFO] [1790685292.480015621] [depth_angular_controller]: PAPER_EVIDENCE retained=32 balls=32 revoked_balls=0 expired_views=0 evicted_views=47 radius=0.580 clearance=0.000 best_prefix=0.000
[depth_angular_controller-1] [INFO] [1790685293.357797678] [depth_angular_controller]: PAPER_BUILD reason=NO_CERTIFIED_DIRECTION required=0.0100 best=0.0000 free=0 refined=0 tubes=226 revoked_tubes=0 proofs=128
[depth_angular_controller-1] [INFO] [1790685293.357841591] [depth_angular_controller]: PAPER_EVIDENCE retained=32 balls=32 revoked_balls=0 expired_views=0 evicted_views=47 radius=0.580 clearance=0.000 best_prefix=0.000
[position_cmd_to_twist-2] [INFO] [1790685294.152968343] [position_cmd_to_twist]: [PERF BRIDGE] run=iteration10_ego1p1_1 elapsed=76.79s received=3191 published=3191 fps(ros/wall)=49.17/50.54 controller_to_bridge_ms(mean/p50/p95/max)=12.107/16.667/33.333/33.333 bridge_process_ms(mean/p95/max)=0.111/0.139/3.892
[NAV] t=65.0s position=(-31.57,-9.26,4.11) yaw=12.1deg command=(0.00,0.00,0.00) manual_active=1 collision_blocks=0
[depth_angular_controller-1] [INFO] [1790685294.309462299] [depth_angular_controller]: PAPER_BUILD reason=NO_CERTIFIED_DIRECTION required=0.0100 best=0.0000 free=0 refined=0 tubes=226 revoked_tubes=0 proofs=128
[depth_angular_controller-1] [INFO] [1790685294.309500591] [depth_angular_controller]: PAPER_EVIDENCE retained=32 balls=32 revoked_balls=0 expired_views=0 evicted_views=47 radius=0.580 clearance=0.000 best_prefix=0.000
[depth_angular_controller-1] [INFO] [1790685295.290474842] [depth_angular_controller]: PAPER_BUILD reason=NO_CERTIFIED_DIRECTION required=0.0100 best=0.0000 free=0 refined=0 tubes=226 revoked_tubes=0 proofs=128
[depth_angular_controller-1] [INFO] [1790685295.290515208] [depth_angular_controller]: PAPER_EVIDENCE retained=32 balls=32 revoked_balls=0 expired_views=0 evicted_views=47 radius=0.580 clearance=0.000 best_prefix=0.000
[depth_angular_controller-1] [INFO] [1790685296.161095681] [depth_angular_controller]: [PERF CTRL] run=iteration10_ego1p1_1 elapsed=78.91s callbacks=3294 commands=3293 guidance=3193 command_fps(ros/wall)=49.13/50.55 guidance_wall_fps=50.29 avoid_ms(mean/p50/p95/max)=3.927/4.703/6.253/21.717 cycle_ms(mean/p95/max)=19.783/33.100/143.378 depth_to_cmd_ms(mean/p95/max)=17.230/16.667/50.000 callback_to_publish_ms(mean/p95/max)=14.970/19.807/34.107
[depth_angular_controller-1] [INFO] [1790685296.214836488] [depth_angular_controller]: PAPER_BUILD reason=NO_CERTIFIED_DIRECTION required=0.0100 best=0.0000 free=0 refined=0 tubes=226 revoked_tubes=0 proofs=128
[depth_angular_controller-1] [INFO] [1790685296.215276794] [depth_angular_controller]: PAPER_EVIDENCE retained=32 balls=32 revoked_balls=0 expired_views=0 evicted_views=47 radius=0.580 clearance=0.000 best_prefix=0.000
[depth_angular_controller-1] [INFO] [1790685297.084547650] [depth_angular_controller]: PAPER_BUILD reason=NO_CERTIFIED_DIRECTION required=0.0100 best=0.0000 free=0 refined=0 tubes=226 revoked_tubes=0 proofs=128
[depth_angular_controller-1] [INFO] [1790685297.084587304] [depth_angular_controller]: PAPER_EVIDENCE retained=32 balls=32 revoked_balls=0 expired_views=0 evicted_views=47 radius=0.580 clearance=0.000 best_prefix=0.000
[depth_angular_controller-1] [INFO] [1790685298.020424304] [depth_angular_controller]: PAPER_BUILD reason=NO_CERTIFIED_DIRECTION required=0.0100 best=0.0000 free=0 refined=0 tubes=226 revoked_tubes=0 proofs=128
[depth_angular_controller-1] [INFO] [1790685298.020462245] [depth_angular_controller]: PAPER_EVIDENCE retained=32 balls=32 revoked_balls=0 expired_views=0 evicted_views=47 radius=0.580 clearance=0.000 best_prefix=0.000
[position_cmd_to_twist-2] [INFO] [1790685298.793579035] [position_cmd_to_twist]: [PERF BRIDGE] run=iteration10_ego1p1_1 elapsed=81.43s received=3431 published=3431 fps(ros/wall)=49.08/50.62 controller_to_bridge_ms(mean/p50/p95/max)=12.552/16.667/33.333/33.333 bridge_process_ms(mean/p95/max)=0.111/0.138/3.892
[NAV] t=70.0s position=(-31.57,-9.26,4.11) yaw=12.1deg command=(0.00,0.00,0.00) manual_active=1 collision_blocks=0
[depth_angular_controller-1] [INFO] [1790685298.963327163] [depth_angular_controller]: PAPER_BUILD reason=NO_CERTIFIED_DIRECTION required=0.0100 best=0.0000 free=0 refined=0 tubes=226 revoked_tubes=0 proofs=128
[depth_angular_controller-1] [INFO] [1790685298.963362319] [depth_angular_controller]: PAPER_EVIDENCE retained=32 balls=32 revoked_balls=0 expired_views=0 evicted_views=47 radius=0.580 clearance=0.000 best_prefix=0.000
[depth_angular_controller-1] [INFO] [1790685299.819421132] [depth_angular_controller]: PAPER_BUILD reason=NO_CERTIFIED_DIRECTION required=0.0100 best=0.0000 free=0 refined=0 tubes=226 revoked_tubes=0 proofs=128
[depth_angular_controller-1] [INFO] [1790685299.819463782] [depth_angular_controller]: PAPER_EVIDENCE retained=32 balls=32 revoked_balls=0 expired_views=0 evicted_views=47 radius=0.580 clearance=0.000 best_prefix=0.000
[depth_angular_controller-1] [INFO] [1790685300.762575262] [depth_angular_controller]: PAPER_BUILD reason=NO_CERTIFIED_DIRECTION required=0.0100 best=0.0000 free=0 refined=0 tubes=226 revoked_tubes=0 proofs=128
[depth_angular_controller-1] [INFO] [1790685300.762613895] [depth_angular_controller]: PAPER_EVIDENCE retained=32 balls=32 revoked_balls=0 expired_views=0 evicted_views=47 radius=0.580 clearance=0.000 best_prefix=0.000
[depth_angular_controller-1] [INFO] [1790685301.169063231] [depth_angular_controller]: [PERF CTRL] run=iteration10_ego1p1_1 elapsed=83.92s callbacks=3563 commands=3562 guidance=3462 command_fps(ros/wall)=49.07/50.77 guidance_wall_fps=50.54 avoid_ms(mean/p50/p95/max)=4.022/4.788/6.244/21.717 cycle_ms(mean/p95/max)=19.695/32.642/143.378 depth_to_cmd_ms(mean/p95/max)=17.230/16.667/50.000 callback_to_publish_ms(mean/p95/max)=15.133/19.787/34.107
[depth_angular_controller-1] [INFO] [1790685301.725651477] [depth_angular_controller]: PAPER_BUILD reason=NO_CERTIFIED_DIRECTION required=0.0100 best=0.0000 free=0 refined=0 tubes=226 revoked_tubes=0 proofs=128
[depth_angular_controller-1] [INFO] [1790685301.725689028] [depth_angular_controller]: PAPER_EVIDENCE retained=32 balls=32 revoked_balls=0 expired_views=0 evicted_views=47 radius=0.580 clearance=0.000 best_prefix=0.000
[depth_angular_controller-1] [INFO] [1790685302.640307480] [depth_angular_controller]: PAPER_BUILD reason=NO_CERTIFIED_DIRECTION required=0.0100 best=0.0000 free=0 refined=0 tubes=226 revoked_tubes=0 proofs=128
[depth_angular_controller-1] [INFO] [1790685302.640345000] [depth_angular_controller]: PAPER_EVIDENCE retained=32 balls=32 revoked_balls=0 expired_views=0 evicted_views=47 radius=0.580 clearance=0.000 best_prefix=0.000
[position_cmd_to_twist-2] [INFO] [1790685303.344991443] [position_cmd_to_twist]: [PERF BRIDGE] run=iteration10_ego1p1_1 elapsed=85.98s received=3673 published=3673 fps(ros/wall)=49.04/50.78 controller_to_bridge_ms(mean/p50/p95/max)=12.923/16.667/33.333/33.333 bridge_process_ms(mean/p95/max)=0.110/0.137/3.892
[NAV] t=75.0s position=(-31.57,-9.26,4.11) yaw=12.1deg command=(0.00,0.00,0.00) manual_active=1 collision_blocks=0
[depth_angular_controller-1] [INFO] [1790685303.511624997] [depth_angular_controller]: PAPER_BUILD reason=NO_CERTIFIED_DIRECTION required=0.0100 best=0.0000 free=0 refined=0 tubes=226 revoked_tubes=0 proofs=128
[depth_angular_controller-1] [INFO] [1790685303.512087825] [depth_angular_controller]: PAPER_EVIDENCE retained=32 balls=32 revoked_balls=0 expired_views=0 evicted_views=47 radius=0.580 clearance=0.000 best_prefix=0.000
[depth_angular_controller-1] [INFO] [1790685304.382464907] [depth_angular_controller]: PAPER_BUILD reason=NO_CERTIFIED_DIRECTION required=0.0100 best=0.0000 free=0 refined=0 tubes=226 revoked_tubes=0 proofs=128
[depth_angular_controller-1] [INFO] [1790685304.382506746] [depth_angular_controller]: PAPER_EVIDENCE retained=32 balls=32 revoked_balls=0 expired_views=0 evicted_views=47 radius=0.580 clearance=0.000 best_prefix=0.000
[depth_angular_controller-1] [INFO] [1790685305.255783369] [depth_angular_controller]: PAPER_BUILD reason=NO_CERTIFIED_DIRECTION required=0.0100 best=0.0000 free=0 refined=0 tubes=226 revoked_tubes=0 proofs=128
[depth_angular_controller-1] [INFO] [1790685305.256163913] [depth_angular_controller]: PAPER_EVIDENCE retained=32 balls=32 revoked_balls=0 expired_views=0 evicted_views=47 radius=0.580 clearance=0.000 best_prefix=0.000
[depth_angular_controller-1] [INFO] [1790685306.183124285] [depth_angular_controller]: [PERF CTRL] run=iteration10_ego1p1_1 elapsed=88.93s callbacks=3824 commands=3823 guidance=3723 command_fps(ros/wall)=49.02/50.86 guidance_wall_fps=50.65 avoid_ms(mean/p50/p95/max)=4.098/4.819/6.253/21.717 cycle_ms(mean/p95/max)=19.662/32.417/143.378 depth_to_cmd_ms(mean/p95/max)=17.213/16.667/50.000 callback_to_publish_ms(mean/p95/max)=15.253/19.807/34.107
[depth_angular_controller-1] [INFO] [1790685306.366604732] [depth_angular_controller]: PAPER_BUILD reason=NO_CERTIFIED_DIRECTION required=0.0100 best=0.0000 free=0 refined=0 tubes=226 revoked_tubes=0 proofs=128
[depth_angular_controller-1] [INFO] [1790685306.366641130] [depth_angular_controller]: PAPER_EVIDENCE retained=32 balls=32 revoked_balls=0 expired_views=0 evicted_views=47 radius=0.580 clearance=0.000 best_prefix=0.000
[depth_angular_controller-1] [INFO] [1790685307.325759568] [depth_angular_controller]: PAPER_BUILD reason=NO_CERTIFIED_DIRECTION required=0.0100 best=0.0000 free=0 refined=0 tubes=226 revoked_tubes=0 proofs=128
[depth_angular_controller-1] [INFO] [1790685307.325802609] [depth_angular_controller]: PAPER_EVIDENCE retained=32 balls=32 revoked_balls=0 expired_views=0 evicted_views=47 radius=0.580 clearance=0.000 best_prefix=0.000
[position_cmd_to_twist-2] [INFO] [1790685307.961478957] [position_cmd_to_twist]: [PERF BRIDGE] run=iteration10_ego1p1_1 elapsed=90.60s received=3915 published=3915 fps(ros/wall)=49.01/50.89 controller_to_bridge_ms(mean/p50/p95/max)=13.265/16.667/33.333/33.333 bridge_process_ms(mean/p95/max)=0.110/0.137/3.892
[NAV] t=80.0s position=(-31.57,-9.26,4.11) yaw=12.1deg command=(0.00,0.00,0.00) manual_active=1 collision_blocks=0
[depth_angular_controller-1] [INFO] [1790685308.187615530] [depth_angular_controller]: PAPER_BUILD reason=NO_CERTIFIED_DIRECTION required=0.0100 best=0.0000 free=0 refined=0 tubes=226 revoked_tubes=0 proofs=128
[depth_angular_controller-1] [INFO] [1790685308.188025980] [depth_angular_controller]: PAPER_EVIDENCE retained=32 balls=32 revoked_balls=0 expired_views=0 evicted_views=47 radius=0.580 clearance=0.000 best_prefix=0.000
[depth_angular_controller-1] [INFO] [1790685309.076652288] [depth_angular_controller]: PAPER_BUILD reason=NO_CERTIFIED_DIRECTION required=0.0100 best=0.0000 free=0 refined=0 tubes=226 revoked_tubes=0 proofs=128
[depth_angular_controller-1] [INFO] [1790685309.076685911] [depth_angular_controller]: PAPER_EVIDENCE retained=32 balls=32 revoked_balls=0 expired_views=0 evicted_views=47 radius=0.580 clearance=0.000 best_prefix=0.000
[depth_angular_controller-1] [INFO] [1790685310.003185639] [depth_angular_controller]: PAPER_BUILD reason=NO_CERTIFIED_DIRECTION required=0.0100 best=0.0000 free=0 refined=0 tubes=226 revoked_tubes=0 proofs=128
[depth_angular_controller-1] [INFO] [1790685310.003227407] [depth_angular_controller]: PAPER_EVIDENCE retained=32 balls=32 revoked_balls=0 expired_views=0 evicted_views=47 radius=0.580 clearance=0.000 best_prefix=0.000
[depth_angular_controller-1] [INFO] [1790685310.880482746] [depth_angular_controller]: PAPER_BUILD reason=NO_CERTIFIED_DIRECTION required=0.0100 best=0.0000 free=0 refined=0 tubes=226 revoked_tubes=0 proofs=128
[depth_angular_controller-1] [INFO] [1790685310.880517712] [depth_angular_controller]: PAPER_EVIDENCE retained=32 balls=32 revoked_balls=0 expired_views=0 evicted_views=47 radius=0.580 clearance=0.000 best_prefix=0.000
[depth_angular_controller-1] [INFO] [1790685311.186125094] [depth_angular_controller]: [PERF CTRL] run=iteration10_ego1p1_1 elapsed=93.93s callbacks=4089 commands=4088 guidance=3988 command_fps(ros/wall)=49.02/50.99 guidance_wall_fps=50.79 avoid_ms(mean/p50/p95/max)=4.164/4.849/6.253/21.717 cycle_ms(mean/p95/max)=19.611/32.271/143.378 depth_to_cmd_ms(mean/p95/max)=17.181/16.667/50.000 callback_to_publish_ms(mean/p95/max)=15.367/19.814/34.107
[depth_angular_controller-1] [INFO] [1790685311.875400843] [depth_angular_controller]: PAPER_BUILD reason=NO_CERTIFIED_DIRECTION required=0.0100 best=0.0000 free=0 refined=0 tubes=226 revoked_tubes=0 proofs=128
[depth_angular_controller-1] [INFO] [1790685311.875444535] [depth_angular_controller]: PAPER_EVIDENCE retained=32 balls=32 revoked_balls=0 expired_views=0 evicted_views=47 radius=0.580 clearance=0.000 best_prefix=0.000
[position_cmd_to_twist-2] [INFO] [1790685312.517767546] [position_cmd_to_twist]: [PERF BRIDGE] run=iteration10_ego1p1_1 elapsed=95.16s received=4162 published=4162 fps(ros/wall)=49.03/51.08 controller_to_bridge_ms(mean/p50/p95/max)=13.555/16.667/33.333/33.333 bridge_process_ms(mean/p95/max)=0.110/0.137/3.892
[NAV] t=85.0s position=(-31.57,-9.26,4.11) yaw=12.1deg command=(0.00,0.00,0.00) manual_active=1 collision_blocks=0
[depth_angular_controller-1] [INFO] [1790685312.759521435] [depth_angular_controller]: PAPER_BUILD reason=NO_CERTIFIED_DIRECTION required=0.0100 best=0.0000 free=0 refined=0 tubes=226 revoked_tubes=0 proofs=128
[depth_angular_controller-1] [INFO] [1790685312.759557313] [depth_angular_controller]: PAPER_EVIDENCE retained=32 balls=32 revoked_balls=0 expired_views=0 evicted_views=47 radius=0.580 clearance=0.000 best_prefix=0.000
[depth_angular_controller-1] [INFO] [1790685313.807555837] [depth_angular_controller]: PAPER_BUILD reason=NO_CERTIFIED_DIRECTION required=0.0100 best=0.0000 free=0 refined=0 tubes=226 revoked_tubes=0 proofs=128
[depth_angular_controller-1] [INFO] [1790685313.807599880] [depth_angular_controller]: PAPER_EVIDENCE retained=32 balls=32 revoked_balls=0 expired_views=0 evicted_views=47 radius=0.580 clearance=0.000 best_prefix=0.000
[depth_angular_controller-1] [INFO] [1790685314.717178765] [depth_angular_controller]: PAPER_BUILD reason=NO_CERTIFIED_DIRECTION required=0.0100 best=0.0000 free=0 refined=0 tubes=226 revoked_tubes=0 proofs=128
[depth_angular_controller-1] [INFO] [1790685314.717220974] [depth_angular_controller]: PAPER_EVIDENCE retained=32 balls=32 revoked_balls=0 expired_views=0 evicted_views=47 radius=0.580 clearance=0.000 best_prefix=0.000
[depth_angular_controller-1] [INFO] [1790685315.722739714] [depth_angular_controller]: PAPER_BUILD reason=NO_CERTIFIED_DIRECTION required=0.0100 best=0.0000 free=0 refined=0 tubes=226 revoked_tubes=0 proofs=128
[depth_angular_controller-1] [INFO] [1790685315.722778387] [depth_angular_controller]: PAPER_EVIDENCE retained=32 balls=32 revoked_balls=0 expired_views=0 evicted_views=47 radius=0.580 clearance=0.000 best_prefix=0.000
[depth_angular_controller-1] [INFO] [1790685316.194281248] [depth_angular_controller]: [PERF CTRL] run=iteration10_ego1p1_1 elapsed=98.94s callbacks=4343 commands=4342 guidance=4242 command_fps(ros/wall)=49.01/50.98 guidance_wall_fps=50.79 avoid_ms(mean/p50/p95/max)=4.219/4.874/6.249/21.717 cycle_ms(mean/p95/max)=19.617/32.168/143.378 depth_to_cmd_ms(mean/p95/max)=17.181/16.667/50.000 callback_to_publish_ms(mean/p95/max)=15.465/19.827/34.107
[depth_angular_controller-1] [INFO] [1790685316.726320417] [depth_angular_controller]: PAPER_BUILD reason=NO_CERTIFIED_DIRECTION required=0.0100 best=0.0000 free=0 refined=0 tubes=226 revoked_tubes=0 proofs=128
[depth_angular_controller-1] [INFO] [1790685316.726357727] [depth_angular_controller]: PAPER_EVIDENCE retained=32 balls=32 revoked_balls=0 expired_views=0 evicted_views=47 radius=0.580 clearance=0.000 best_prefix=0.000
[position_cmd_to_twist-2] [INFO] [1790685317.350238059] [position_cmd_to_twist]: [PERF BRIDGE] run=iteration10_ego1p1_1 elapsed=99.99s received=4405 published=4405 fps(ros/wall)=49.01/51.03 controller_to_bridge_ms(mean/p50/p95/max)=13.799/16.667/33.333/33.333 bridge_process_ms(mean/p95/max)=0.110/0.137/3.892
[NAV] t=90.0s position=(-31.57,-9.26,4.11) yaw=12.1deg command=(0.00,0.00,0.00) manual_active=1 collision_blocks=0
[depth_angular_controller-1] [INFO] [1790685317.594324847] [depth_angular_controller]: PAPER_BUILD reason=NO_CERTIFIED_DIRECTION required=0.0100 best=0.0000 free=0 refined=0 tubes=226 revoked_tubes=0 proofs=128
[depth_angular_controller-1] [INFO] [1790685317.594369420] [depth_angular_controller]: PAPER_EVIDENCE retained=32 balls=32 revoked_balls=0 expired_views=0 evicted_views=47 radius=0.580 clearance=0.000 best_prefix=0.000
[depth_angular_controller-1] [INFO] [1790685318.589046525] [depth_angular_controller]: PAPER_BUILD reason=NO_CERTIFIED_DIRECTION required=0.0100 best=0.0000 free=0 refined=0 tubes=226 revoked_tubes=0 proofs=128
[depth_angular_controller-1] [INFO] [1790685318.589090267] [depth_angular_controller]: PAPER_EVIDENCE retained=32 balls=32 revoked_balls=0 expired_views=0 evicted_views=47 radius=0.580 clearance=0.000 best_prefix=0.000
[depth_angular_controller-1] [INFO] [1790685319.535741921] [depth_angular_controller]: PAPER_BUILD reason=NO_CERTIFIED_DIRECTION required=0.0100 best=0.0000 free=0 refined=0 tubes=226 revoked_tubes=0 proofs=128
[depth_angular_controller-1] [INFO] [1790685319.535782537] [depth_angular_controller]: PAPER_EVIDENCE retained=32 balls=32 revoked_balls=0 expired_views=0 evicted_views=47 radius=0.580 clearance=0.000 best_prefix=0.000
[depth_angular_controller-1] [INFO] [1790685320.391489961] [depth_angular_controller]: PAPER_BUILD reason=NO_CERTIFIED_DIRECTION required=0.0100 best=0.0000 free=0 refined=0 tubes=226 revoked_tubes=0 proofs=128
[depth_angular_controller-1] [INFO] [1790685320.391531429] [depth_angular_controller]: PAPER_EVIDENCE retained=32 balls=32 revoked_balls=0 expired_views=0 evicted_views=47 radius=0.580 clearance=0.000 best_prefix=0.000
[depth_angular_controller-1] [INFO] [1790685321.198841674] [depth_angular_controller]: [PERF CTRL] run=iteration10_ego1p1_1 elapsed=103.95s callbacks=4606 commands=4605 guidance=4505 command_fps(ros/wall)=48.97/51.06 guidance_wall_fps=50.89 avoid_ms(mean/p50/p95/max)=4.270/4.888/6.240/21.717 cycle_ms(mean/p95/max)=19.584/32.015/143.378 depth_to_cmd_ms(mean/p95/max)=17.177/16.667/50.000 callback_to_publish_ms(mean/p95/max)=15.575/19.846/34.107
[depth_angular_controller-1] [INFO] [1790685321.331230115] [depth_angular_controller]: PAPER_BUILD reason=NO_CERTIFIED_DIRECTION required=0.0100 best=0.0000 free=0 refined=0 tubes=226 revoked_tubes=0 proofs=128
[depth_angular_controller-1] [INFO] [1790685321.331270801] [depth_angular_controller]: PAPER_EVIDENCE retained=32 balls=32 revoked_balls=0 expired_views=0 evicted_views=47 radius=0.580 clearance=0.000 best_prefix=0.000
[position_cmd_to_twist-2] [INFO] [1790685321.959074616] [position_cmd_to_twist]: [PERF BRIDGE] run=iteration10_ego1p1_1 elapsed=104.60s received=4644 published=4644 fps(ros/wall)=48.94/51.07 controller_to_bridge_ms(mean/p50/p95/max)=14.018/16.667/33.333/33.333 bridge_process_ms(mean/p95/max)=0.110/0.137/3.892
[NAV] t=95.0s position=(-31.57,-9.26,4.11) yaw=12.1deg command=(0.00,0.00,0.00) manual_active=1 collision_blocks=0
[depth_angular_controller-1] [INFO] [1790685322.213458456] [depth_angular_controller]: PAPER_BUILD reason=NO_CERTIFIED_DIRECTION required=0.0100 best=0.0000 free=0 refined=0 tubes=226 revoked_tubes=0 proofs=128
[depth_angular_controller-1] [INFO] [1790685322.213502579] [depth_angular_controller]: PAPER_EVIDENCE retained=32 balls=32 revoked_balls=0 expired_views=0 evicted_views=47 radius=0.580 clearance=0.000 best_prefix=0.000
[depth_angular_controller-1] [INFO] [1790685323.281903850] [depth_angular_controller]: PAPER_BUILD reason=NO_CERTIFIED_DIRECTION required=0.0100 best=0.0000 free=0 refined=0 tubes=226 revoked_tubes=0 proofs=128
[depth_angular_controller-1] [INFO] [1790685323.281948193] [depth_angular_controller]: PAPER_EVIDENCE retained=32 balls=32 revoked_balls=0 expired_views=0 evicted_views=47 radius=0.580 clearance=0.000 best_prefix=0.000
[depth_angular_controller-1] [INFO] [1790685324.220113171] [depth_angular_controller]: PAPER_BUILD reason=NO_CERTIFIED_DIRECTION required=0.0100 best=0.0000 free=0 refined=0 tubes=226 revoked_tubes=0 proofs=128
[depth_angular_controller-1] [INFO] [1790685324.220153797] [depth_angular_controller]: PAPER_EVIDENCE retained=32 balls=32 revoked_balls=0 expired_views=0 evicted_views=47 radius=0.580 clearance=0.000 best_prefix=0.000
[depth_angular_controller-1] [INFO] [1790685325.153629456] [depth_angular_controller]: PAPER_BUILD reason=NO_CERTIFIED_DIRECTION required=0.0100 best=0.0000 free=0 refined=0 tubes=226 revoked_tubes=0 proofs=128
[depth_angular_controller-1] [INFO] [1790685325.153666926] [depth_angular_controller]: PAPER_EVIDENCE retained=32 balls=32 revoked_balls=0 expired_views=0 evicted_views=47 radius=0.580 clearance=0.000 best_prefix=0.000
[depth_angular_controller-1] [INFO] [1790685326.104417321] [depth_angular_controller]: PAPER_BUILD reason=NO_CERTIFIED_DIRECTION required=0.0100 best=0.0000 free=0 refined=0 tubes=226 revoked_tubes=0 proofs=128
[depth_angular_controller-1] [INFO] [1790685326.104459931] [depth_angular_controller]: PAPER_EVIDENCE retained=32 balls=32 revoked_balls=0 expired_views=0 evicted_views=47 radius=0.580 clearance=0.000 best_prefix=0.000
[depth_angular_controller-1] [INFO] [1790685326.205620562] [depth_angular_controller]: [PERF CTRL] run=iteration10_ego1p1_1 elapsed=108.95s callbacks=4862 commands=4861 guidance=4761 command_fps(ros/wall)=48.93/51.07 guidance_wall_fps=50.90 avoid_ms(mean/p50/p95/max)=4.315/4.906/6.240/21.717 cycle_ms(mean/p95/max)=19.582/31.774/143.378 depth_to_cmd_ms(mean/p95/max)=17.167/16.667/50.000 callback_to_publish_ms(mean/p95/max)=15.662/19.856/39.416
[position_cmd_to_twist-2] [INFO] [1790685326.688744330] [position_cmd_to_twist]: [PERF BRIDGE] run=iteration10_ego1p1_1 elapsed=109.33s received=4887 published=4887 fps(ros/wall)=48.92/51.09 controller_to_bridge_ms(mean/p50/p95/max)=14.238/16.667/33.333/33.333 bridge_process_ms(mean/p95/max)=0.110/0.137/3.892
[NAV] t=100.0s position=(-31.57,-9.26,4.11) yaw=12.1deg command=(0.00,0.00,0.00) manual_active=1 collision_blocks=0
[depth_angular_controller-1] [INFO] [1790685326.958898674] [depth_angular_controller]: PAPER_BUILD reason=NO_CERTIFIED_DIRECTION required=0.0100 best=0.0000 free=0 refined=0 tubes=226 revoked_tubes=0 proofs=128
[depth_angular_controller-1] [INFO] [1790685326.959305468] [depth_angular_controller]: PAPER_EVIDENCE retained=32 balls=32 revoked_balls=0 expired_views=0 evicted_views=47 radius=0.580 clearance=0.000 best_prefix=0.000
[depth_angular_controller-1] [INFO] [1790685328.012505413] [depth_angular_controller]: PAPER_BUILD reason=NO_CERTIFIED_DIRECTION required=0.0100 best=0.0000 free=0 refined=0 tubes=226 revoked_tubes=0 proofs=128
[depth_angular_controller-1] [INFO] [1790685328.012553603] [depth_angular_controller]: PAPER_EVIDENCE retained=32 balls=32 revoked_balls=0 expired_views=0 evicted_views=47 radius=0.580 clearance=0.000 best_prefix=0.000
[depth_angular_controller-1] [INFO] [1790685328.896894659] [depth_angular_controller]: PAPER_BUILD reason=NO_CERTIFIED_DIRECTION required=0.0100 best=0.0000 free=0 refined=0 tubes=226 revoked_tubes=0 proofs=128
[depth_angular_controller-1] [INFO] [1790685328.896935826] [depth_angular_controller]: PAPER_EVIDENCE retained=32 balls=32 revoked_balls=0 expired_views=0 evicted_views=47 radius=0.580 clearance=0.000 best_prefix=0.000
[depth_angular_controller-1] [INFO] [1790685329.753957897] [depth_angular_controller]: PAPER_BUILD reason=NO_CERTIFIED_DIRECTION required=0.0100 best=0.0000 free=0 refined=0 tubes=226 revoked_tubes=0 proofs=128
[depth_angular_controller-1] [INFO] [1790685329.754000126] [depth_angular_controller]: PAPER_EVIDENCE retained=32 balls=32 revoked_balls=0 expired_views=0 evicted_views=47 radius=0.580 clearance=0.000 best_prefix=0.000
[depth_angular_controller-1] [INFO] [1790685330.740891220] [depth_angular_controller]: PAPER_BUILD reason=NO_CERTIFIED_DIRECTION required=0.0100 best=0.0000 free=0 refined=0 tubes=226 revoked_tubes=0 proofs=128
[depth_angular_controller-1] [INFO] [1790685330.740930013] [depth_angular_controller]: PAPER_EVIDENCE retained=32 balls=32 revoked_balls=0 expired_views=0 evicted_views=47 radius=0.580 clearance=0.000 best_prefix=0.000
[depth_angular_controller-1] [INFO] [1790685331.211887300] [depth_angular_controller]: [PERF CTRL] run=iteration10_ego1p1_1 elapsed=113.96s callbacks=5121 commands=5120 guidance=5020 command_fps(ros/wall)=48.90/51.10 guidance_wall_fps=50.94 avoid_ms(mean/p50/p95/max)=4.358/4.920/6.244/21.717 cycle_ms(mean/p95/max)=19.570/31.660/143.378 depth_to_cmd_ms(mean/p95/max)=17.175/16.667/50.000 callback_to_publish_ms(mean/p95/max)=15.736/19.842/39.416
[position_cmd_to_twist-2] [INFO] [1790685331.383194594] [position_cmd_to_twist]: [PERF BRIDGE] run=iteration10_ego1p1_1 elapsed=114.02s received=5128 published=5128 fps(ros/wall)=48.89/51.10 controller_to_bridge_ms(mean/p50/p95/max)=14.411/16.667/33.333/33.333 bridge_process_ms(mean/p95/max)=0.110/0.137/3.892
[NAV] t=105.0s position=(-31.57,-9.26,4.11) yaw=12.1deg command=(0.00,0.00,0.00) manual_active=1 collision_blocks=0
[depth_angular_controller-1] [INFO] [1790685331.810040675] [depth_angular_controller]: PAPER_BUILD reason=NO_CERTIFIED_DIRECTION required=0.0100 best=0.0000 free=0 refined=0 tubes=226 revoked_tubes=0 proofs=128
[depth_angular_controller-1] [INFO] [1790685331.810076543] [depth_angular_controller]: PAPER_EVIDENCE retained=32 balls=32 revoked_balls=0 expired_views=0 evicted_views=47 radius=0.580 clearance=0.000 best_prefix=0.000
[depth_angular_controller-1] [INFO] [1790685332.824080916] [depth_angular_controller]: PAPER_BUILD reason=NO_CERTIFIED_DIRECTION required=0.0100 best=0.0000 free=0 refined=0 tubes=226 revoked_tubes=0 proofs=128
[depth_angular_controller-1] [INFO] [1790685332.824123877] [depth_angular_controller]: PAPER_EVIDENCE retained=32 balls=32 revoked_balls=0 expired_views=0 evicted_views=47 radius=0.580 clearance=0.000 best_prefix=0.000
[depth_angular_controller-1] [INFO] [1790685333.765473511] [depth_angular_controller]: PAPER_BUILD reason=NO_CERTIFIED_DIRECTION required=0.0100 best=0.0000 free=0 refined=0 tubes=226 revoked_tubes=0 proofs=128
[depth_angular_controller-1] [INFO] [1790685333.765513736] [depth_angular_controller]: PAPER_EVIDENCE retained=32 balls=32 revoked_balls=0 expired_views=0 evicted_views=47 radius=0.580 clearance=0.000 best_prefix=0.000
[depth_angular_controller-1] [INFO] [1790685334.756860842] [depth_angular_controller]: PAPER_BUILD reason=NO_CERTIFIED_DIRECTION required=0.0100 best=0.0000 free=0 refined=0 tubes=226 revoked_tubes=0 proofs=128
[depth_angular_controller-1] [INFO] [1790685334.756903923] [depth_angular_controller]: PAPER_EVIDENCE retained=32 balls=32 revoked_balls=0 expired_views=0 evicted_views=47 radius=0.580 clearance=0.000 best_prefix=0.000
[depth_angular_controller-1] [INFO] [1790685335.742451086] [depth_angular_controller]: PAPER_BUILD reason=NO_CERTIFIED_DIRECTION required=0.0100 best=0.0000 free=0 refined=0 tubes=226 revoked_tubes=0 proofs=128
[depth_angular_controller-1] [INFO] [1790685335.742486422] [depth_angular_controller]: PAPER_EVIDENCE retained=32 balls=32 revoked_balls=0 expired_views=0 evicted_views=47 radius=0.580 clearance=0.000 best_prefix=0.000
[depth_angular_controller-1] [INFO] [1790685336.230529471] [depth_angular_controller]: [PERF CTRL] run=iteration10_ego1p1_1 elapsed=118.98s callbacks=5370 commands=5369 guidance=5269 command_fps(ros/wall)=48.88/51.03 guidance_wall_fps=50.88 avoid_ms(mean/p50/p95/max)=4.391/4.928/6.244/21.717 cycle_ms(mean/p95/max)=19.597/31.654/143.378 depth_to_cmd_ms(mean/p95/max)=17.182/16.667/50.000 callback_to_publish_ms(mean/p95/max)=15.792/19.837/39.416
[position_cmd_to_twist-2] [INFO] [1790685336.293198542] [position_cmd_to_twist]: [PERF BRIDGE] run=iteration10_ego1p1_1 elapsed=118.93s received=5372 published=5372 fps(ros/wall)=48.88/51.03 controller_to_bridge_ms(mean/p50/p95/max)=14.541/16.667/33.333/33.333 bridge_process_ms(mean/p95/max)=0.110/0.137/3.892
[NAV] t=110.0s position=(-31.57,-9.26,4.11) yaw=12.1deg command=(0.00,0.00,0.00) manual_active=1 collision_blocks=0
[depth_angular_controller-1] [INFO] [1790685336.621769987] [depth_angular_controller]: PAPER_BUILD reason=NO_CERTIFIED_DIRECTION required=0.0100 best=0.0000 free=0 refined=0 tubes=226 revoked_tubes=0 proofs=128
[depth_angular_controller-1] [INFO] [1790685336.621809421] [depth_angular_controller]: PAPER_EVIDENCE retained=32 balls=32 revoked_balls=0 expired_views=0 evicted_views=47 radius=0.580 clearance=0.000 best_prefix=0.000
[depth_angular_controller-1] [INFO] [1790685337.476985398] [depth_angular_controller]: PAPER_BUILD reason=NO_CERTIFIED_DIRECTION required=0.0100 best=0.0000 free=0 refined=0 tubes=226 revoked_tubes=0 proofs=128
[depth_angular_controller-1] [INFO] [1790685337.477021646] [depth_angular_controller]: PAPER_EVIDENCE retained=32 balls=32 revoked_balls=0 expired_views=0 evicted_views=47 radius=0.580 clearance=0.000 best_prefix=0.000
[depth_angular_controller-1] [INFO] [1790685338.417006419] [depth_angular_controller]: PAPER_BUILD reason=NO_CERTIFIED_DIRECTION required=0.0100 best=0.0000 free=0 refined=0 tubes=226 revoked_tubes=0 proofs=128
[depth_angular_controller-1] [INFO] [1790685338.417052375] [depth_angular_controller]: PAPER_EVIDENCE retained=32 balls=32 revoked_balls=0 expired_views=0 evicted_views=47 radius=0.580 clearance=0.000 best_prefix=0.000
[depth_angular_controller-1] [INFO] [1790685339.345125766] [depth_angular_controller]: PAPER_BUILD reason=NO_CERTIFIED_DIRECTION required=0.0100 best=0.0000 free=0 refined=0 tubes=226 revoked_tubes=0 proofs=128
[depth_angular_controller-1] [INFO] [1790685339.345169308] [depth_angular_controller]: PAPER_EVIDENCE retained=32 balls=32 revoked_balls=0 expired_views=0 evicted_views=47 radius=0.580 clearance=0.000 best_prefix=0.000
[depth_angular_controller-1] [INFO] [1790685340.283545993] [depth_angular_controller]: PAPER_BUILD reason=NO_CERTIFIED_DIRECTION required=0.0100 best=0.0000 free=0 refined=0 tubes=226 revoked_tubes=0 proofs=128
[depth_angular_controller-1] [INFO] [1790685340.283589785] [depth_angular_controller]: PAPER_EVIDENCE retained=32 balls=32 revoked_balls=0 expired_views=0 evicted_views=47 radius=0.580 clearance=0.000 best_prefix=0.000
[position_cmd_to_twist-2] [INFO] [1790685340.828087624] [position_cmd_to_twist]: [PERF BRIDGE] run=iteration10_ego1p1_1 elapsed=123.47s received=5616 published=5616 fps(ros/wall)=48.88/51.14 controller_to_bridge_ms(mean/p50/p95/max)=14.720/16.667/33.333/33.333 bridge_process_ms(mean/p95/max)=0.110/0.137/3.892
[NAV] t=115.0s position=(-31.57,-9.26,4.11) yaw=12.1deg command=(0.00,0.00,0.00) manual_active=1 collision_blocks=0
[depth_angular_controller-1] [INFO] [1790685341.161656066] [depth_angular_controller]: PAPER_BUILD reason=NO_CERTIFIED_DIRECTION required=0.0100 best=0.0000 free=0 refined=0 tubes=226 revoked_tubes=0 proofs=128
[depth_angular_controller-1] [INFO] [1790685341.161697864] [depth_angular_controller]: PAPER_EVIDENCE retained=32 balls=32 revoked_balls=0 expired_views=0 evicted_views=47 radius=0.580 clearance=0.000 best_prefix=0.000
[depth_angular_controller-1] [INFO] [1790685341.232218549] [depth_angular_controller]: [PERF CTRL] run=iteration10_ego1p1_1 elapsed=123.98s callbacks=5640 commands=5639 guidance=5539 command_fps(ros/wall)=48.88/51.16 guidance_wall_fps=51.02 avoid_ms(mean/p50/p95/max)=4.429/4.940/6.257/21.717 cycle_ms(mean/p95/max)=19.545/31.420/143.378 depth_to_cmd_ms(mean/p95/max)=17.181/16.667/50.000 callback_to_publish_ms(mean/p95/max)=15.866/19.833/39.416
[depth_angular_controller-1] [INFO] [1790685342.095545721] [depth_angular_controller]: PAPER_BUILD reason=NO_CERTIFIED_DIRECTION required=0.0100 best=0.0000 free=0 refined=0 tubes=226 revoked_tubes=0 proofs=128
[depth_angular_controller-1] [INFO] [1790685342.095586137] [depth_angular_controller]: PAPER_EVIDENCE retained=32 balls=32 revoked_balls=0 expired_views=0 evicted_views=47 radius=0.580 clearance=0.000 best_prefix=0.000
[depth_angular_controller-1] [INFO] [1790685343.030520643] [depth_angular_controller]: PAPER_BUILD reason=NO_CERTIFIED_DIRECTION required=0.0100 best=0.0000 free=0 refined=0 tubes=226 revoked_tubes=0 proofs=128
[depth_angular_controller-1] [INFO] [1790685343.030565958] [depth_angular_controller]: PAPER_EVIDENCE retained=32 balls=32 revoked_balls=0 expired_views=0 evicted_views=47 radius=0.580 clearance=0.000 best_prefix=0.000
[depth_angular_controller-1] [INFO] [1790685343.912199563] [depth_angular_controller]: PAPER_BUILD reason=NO_CERTIFIED_DIRECTION required=0.0100 best=0.0000 free=0 refined=0 tubes=226 revoked_tubes=0 proofs=128
[depth_angular_controller-1] [INFO] [1790685343.912236853] [depth_angular_controller]: PAPER_EVIDENCE retained=32 balls=32 revoked_balls=0 expired_views=0 evicted_views=47 radius=0.580 clearance=0.000 best_prefix=0.000
[depth_angular_controller-1] [INFO] [1790685344.796150076] [depth_angular_controller]: PAPER_BUILD reason=NO_CERTIFIED_DIRECTION required=0.0100 best=0.0000 free=0 refined=0 tubes=226 revoked_tubes=0 proofs=128
[depth_angular_controller-1] [INFO] [1790685344.796187126] [depth_angular_controller]: PAPER_EVIDENCE retained=32 balls=32 revoked_balls=0 expired_views=0 evicted_views=47 radius=0.580 clearance=0.000 best_prefix=0.000
[position_cmd_to_twist-2] [INFO] [1790685345.324121162] [position_cmd_to_twist]: [PERF BRIDGE] run=iteration10_ego1p1_1 elapsed=127.96s received=5858 published=5858 fps(ros/wall)=48.86/51.25 controller_to_bridge_ms(mean/p50/p95/max)=14.886/16.667/33.333/33.333 bridge_process_ms(mean/p95/max)=0.109/0.137/3.892
[NAV] t=120.0s position=(-31.57,-9.26,4.11) yaw=12.1deg command=(0.00,0.00,0.00) manual_active=1 collision_blocks=0
[depth_angular_controller-1] [INFO] [1790685345.720757523] [depth_angular_controller]: PAPER_BUILD reason=NO_CERTIFIED_DIRECTION required=0.0100 best=0.0000 free=0 refined=0 tubes=226 revoked_tubes=0 proofs=128
[depth_angular_controller-1] [INFO] [1790685345.720800083] [depth_angular_controller]: PAPER_EVIDENCE retained=32 balls=32 revoked_balls=0 expired_views=0 evicted_views=47 radius=0.580 clearance=0.000 best_prefix=0.000
[depth_angular_controller-1] [INFO] [1790685346.243350396] [depth_angular_controller]: [PERF CTRL] run=iteration10_ego1p1_1 elapsed=128.99s callbacks=5908 commands=5907 guidance=5807 command_fps(ros/wall)=48.86/51.26 guidance_wall_fps=51.13 avoid_ms(mean/p50/p95/max)=4.460/4.947/6.244/21.717 cycle_ms(mean/p95/max)=19.507/31.227/143.378 depth_to_cmd_ms(mean/p95/max)=17.155/16.667/50.000 callback_to_publish_ms(mean/p95/max)=15.932/19.834/39.416
[depth_angular_controller-1] [INFO] [1790685346.589453230] [depth_angular_controller]: PAPER_BUILD reason=NO_CERTIFIED_DIRECTION required=0.0100 best=0.0000 free=0 refined=0 tubes=226 revoked_tubes=0 proofs=128
[depth_angular_controller-1] [INFO] [1790685346.589490560] [depth_angular_controller]: PAPER_EVIDENCE retained=32 balls=32 revoked_balls=0 expired_views=0 evicted_views=47 radius=0.580 clearance=0.000 best_prefix=0.000
[depth_angular_controller-1] [INFO] [1790685347.447287074] [depth_angular_controller]: PAPER_BUILD reason=NO_CERTIFIED_DIRECTION required=0.0100 best=0.0000 free=0 refined=0 tubes=226 revoked_tubes=0 proofs=128
[depth_angular_controller-1] [INFO] [1790685347.447330906] [depth_angular_controller]: PAPER_EVIDENCE retained=32 balls=32 revoked_balls=0 expired_views=0 evicted_views=47 radius=0.580 clearance=0.000 best_prefix=0.000
[depth_angular_controller-1] [INFO] [1790685348.445419203] [depth_angular_controller]: PAPER_BUILD reason=NO_CERTIFIED_DIRECTION required=0.0100 best=0.0000 free=0 refined=0 tubes=226 revoked_tubes=0 proofs=128
[depth_angular_controller-1] [INFO] [1790685348.445462824] [depth_angular_controller]: PAPER_EVIDENCE retained=32 balls=32 revoked_balls=0 expired_views=0 evicted_views=47 radius=0.580 clearance=0.000 best_prefix=0.000
[depth_angular_controller-1] [INFO] [1790685349.384476455] [depth_angular_controller]: PAPER_BUILD reason=NO_CERTIFIED_DIRECTION required=0.0100 best=0.0000 free=0 refined=0 tubes=226 revoked_tubes=0 proofs=128
[depth_angular_controller-1] [INFO] [1790685349.384518885] [depth_angular_controller]: PAPER_EVIDENCE retained=32 balls=32 revoked_balls=0 expired_views=0 evicted_views=47 radius=0.580 clearance=0.000 best_prefix=0.000
[position_cmd_to_twist-2] [INFO] [1790685349.923371009] [position_cmd_to_twist]: [PERF BRIDGE] run=iteration10_ego1p1_1 elapsed=132.56s received=6101 published=6101 fps(ros/wall)=48.85/51.31 controller_to_bridge_ms(mean/p50/p95/max)=15.006/16.667/33.333/33.333 bridge_process_ms(mean/p95/max)=0.109/0.136/3.892
[NAV] t=125.0s position=(-31.57,-9.26,4.11) yaw=12.1deg command=(0.00,0.00,0.00) manual_active=1 collision_blocks=0
[depth_angular_controller-1] [INFO] [1790685350.326887741] [depth_angular_controller]: PAPER_BUILD reason=NO_CERTIFIED_DIRECTION required=0.0100 best=0.0000 free=0 refined=0 tubes=226 revoked_tubes=0 proofs=128
[depth_angular_controller-1] [INFO] [1790685350.327353956] [depth_angular_controller]: PAPER_EVIDENCE retained=32 balls=32 revoked_balls=0 expired_views=0 evicted_views=47 radius=0.580 clearance=0.000 best_prefix=0.000
[depth_angular_controller-1] [INFO] [1790685351.190569990] [depth_angular_controller]: PAPER_BUILD reason=NO_CERTIFIED_DIRECTION required=0.0100 best=0.0000 free=0 refined=0 tubes=226 revoked_tubes=0 proofs=128
[depth_angular_controller-1] [INFO] [1790685351.190614313] [depth_angular_controller]: PAPER_EVIDENCE retained=32 balls=32 revoked_balls=0 expired_views=0 evicted_views=47 radius=0.580 clearance=0.000 best_prefix=0.000
[depth_angular_controller-1] [INFO] [1790685351.259079000] [depth_angular_controller]: [PERF CTRL] run=iteration10_ego1p1_1 elapsed=134.01s callbacks=6172 commands=6171 guidance=6071 command_fps(ros/wall)=48.83/51.32 guidance_wall_fps=51.19 avoid_ms(mean/p50/p95/max)=4.488/4.958/6.235/21.717 cycle_ms(mean/p95/max)=19.485/31.038/143.378 depth_to_cmd_ms(mean/p95/max)=17.153/16.667/50.000 callback_to_publish_ms(mean/p95/max)=15.984/19.834/39.416
[depth_angular_controller-1] [INFO] [1790685352.046688445] [depth_angular_controller]: PAPER_BUILD reason=NO_CERTIFIED_DIRECTION required=0.0100 best=0.0000 free=0 refined=0 tubes=226 revoked_tubes=0 proofs=128
[depth_angular_controller-1] [INFO] [1790685352.046864836] [depth_angular_controller]: PAPER_EVIDENCE retained=32 balls=32 revoked_balls=0 expired_views=0 evicted_views=47 radius=0.580 clearance=0.000 best_prefix=0.000
[depth_angular_controller-1] [INFO] [1790685353.056525889] [depth_angular_controller]: PAPER_BUILD reason=NO_CERTIFIED_DIRECTION required=0.0100 best=0.0000 free=0 refined=0 tubes=226 revoked_tubes=0 proofs=128
[depth_angular_controller-1] [INFO] [1790685353.056565544] [depth_angular_controller]: PAPER_EVIDENCE retained=32 balls=32 revoked_balls=0 expired_views=0 evicted_views=47 radius=0.580 clearance=0.000 best_prefix=0.000
[depth_angular_controller-1] [INFO] [1790685354.113854662] [depth_angular_controller]: PAPER_BUILD reason=NO_CERTIFIED_DIRECTION required=0.0100 best=0.0000 free=0 refined=0 tubes=226 revoked_tubes=0 proofs=128
[depth_angular_controller-1] [INFO] [1790685354.113893365] [depth_angular_controller]: PAPER_EVIDENCE retained=32 balls=32 revoked_balls=0 expired_views=0 evicted_views=47 radius=0.580 clearance=0.000 best_prefix=0.000
[position_cmd_to_twist-2] [INFO] [1790685354.701359264] [position_cmd_to_twist]: [PERF BRIDGE] run=iteration10_ego1p1_1 elapsed=137.34s received=6343 published=6343 fps(ros/wall)=48.83/51.28 controller_to_bridge_ms(mean/p50/p95/max)=15.124/16.667/33.333/33.333 bridge_process_ms(mean/p95/max)=0.109/0.137/3.892
[NAV] t=130.0s position=(-31.57,-9.26,4.11) yaw=12.1deg command=(0.00,0.00,0.00) manual_active=1 collision_blocks=0
[depth_angular_controller-1] [INFO] [1790685355.065610735] [depth_angular_controller]: PAPER_BUILD reason=NO_CERTIFIED_DIRECTION required=0.0100 best=0.0000 free=0 refined=0 tubes=226 revoked_tubes=0 proofs=128
[depth_angular_controller-1] [INFO] [1790685355.065663433] [depth_angular_controller]: PAPER_EVIDENCE retained=32 balls=32 revoked_balls=0 expired_views=0 evicted_views=47 radius=0.580 clearance=0.000 best_prefix=0.000
[depth_angular_controller-1] [INFO] [1790685355.976614183] [depth_angular_controller]: PAPER_BUILD reason=NO_CERTIFIED_DIRECTION required=0.0100 best=0.0000 free=0 refined=0 tubes=226 revoked_tubes=0 proofs=128
[depth_angular_controller-1] [INFO] [1790685355.976657865] [depth_angular_controller]: PAPER_EVIDENCE retained=32 balls=32 revoked_balls=0 expired_views=0 evicted_views=47 radius=0.580 clearance=0.000 best_prefix=0.000
[depth_angular_controller-1] [INFO] [1790685356.265641723] [depth_angular_controller]: [PERF CTRL] run=iteration10_ego1p1_1 elapsed=139.01s callbacks=6429 commands=6428 guidance=6328 command_fps(ros/wall)=48.83/51.32 guidance_wall_fps=51.20 avoid_ms(mean/p50/p95/max)=4.513/4.972/6.241/21.717 cycle_ms(mean/p95/max)=19.485/30.940/143.378 depth_to_cmd_ms(mean/p95/max)=17.143/16.667/50.000 callback_to_publish_ms(mean/p95/max)=16.023/19.835/39.416
[depth_angular_controller-1] [INFO] [1790685356.923816260] [depth_angular_controller]: PAPER_BUILD reason=NO_CERTIFIED_DIRECTION required=0.0100 best=0.0000 free=0 refined=0 tubes=226 revoked_tubes=0 proofs=128
[depth_angular_controller-1] [INFO] [1790685356.923858429] [depth_angular_controller]: PAPER_EVIDENCE retained=32 balls=32 revoked_balls=0 expired_views=0 evicted_views=47 radius=0.580 clearance=0.000 best_prefix=0.000
[depth_angular_controller-1] [INFO] [1790685357.853429340] [depth_angular_controller]: PAPER_BUILD reason=NO_CERTIFIED_DIRECTION required=0.0100 best=0.0000 free=0 refined=0 tubes=226 revoked_tubes=0 proofs=128
[depth_angular_controller-1] [INFO] [1790685357.853473944] [depth_angular_controller]: PAPER_EVIDENCE retained=32 balls=32 revoked_balls=0 expired_views=0 evicted_views=47 radius=0.580 clearance=0.000 best_prefix=0.000
[depth_angular_controller-1] [INFO] [1790685358.779956770] [depth_angular_controller]: PAPER_BUILD reason=NO_CERTIFIED_DIRECTION required=0.0100 best=0.0000 free=0 refined=0 tubes=226 revoked_tubes=0 proofs=128
[depth_angular_controller-1] [INFO] [1790685358.779996064] [depth_angular_controller]: PAPER_EVIDENCE retained=32 balls=32 revoked_balls=0 expired_views=0 evicted_views=47 radius=0.580 clearance=0.000 best_prefix=0.000
[position_cmd_to_twist-2] [INFO] [1790685359.289264713] [position_cmd_to_twist]: [PERF BRIDGE] run=iteration10_ego1p1_1 elapsed=141.93s received=6586 published=6586 fps(ros/wall)=48.82/51.34 controller_to_bridge_ms(mean/p50/p95/max)=15.262/16.667/33.333/33.333 bridge_process_ms(mean/p95/max)=0.109/0.137/3.892
[NAV] t=135.0s position=(-31.57,-9.26,4.11) yaw=12.1deg command=(0.00,0.00,0.00) manual_active=1 collision_blocks=0
[depth_angular_controller-1] [INFO] [1790685359.727564237] [depth_angular_controller]: PAPER_BUILD reason=NO_CERTIFIED_DIRECTION required=0.0100 best=0.0000 free=0 refined=0 tubes=226 revoked_tubes=0 proofs=128
[depth_angular_controller-1] [INFO] [1790685359.729378972] [depth_angular_controller]: PAPER_EVIDENCE retained=32 balls=32 revoked_balls=0 expired_views=0 evicted_views=47 radius=0.580 clearance=0.000 best_prefix=0.000
[depth_angular_controller-1] [INFO] [1790685360.733522622] [depth_angular_controller]: PAPER_BUILD reason=NO_CERTIFIED_DIRECTION required=0.0100 best=0.0000 free=0 refined=0 tubes=226 revoked_tubes=0 proofs=128
[depth_angular_controller-1] [INFO] [1790685360.733562336] [depth_angular_controller]: PAPER_EVIDENCE retained=32 balls=32 revoked_balls=0 expired_views=0 evicted_views=47 radius=0.580 clearance=0.000 best_prefix=0.000
[depth_angular_controller-1] [INFO] [1790685361.306560507] [depth_angular_controller]: [PERF CTRL] run=iteration10_ego1p1_1 elapsed=144.05s callbacks=6682 commands=6681 guidance=6581 command_fps(ros/wall)=48.81/51.28 guidance_wall_fps=51.16 avoid_ms(mean/p50/p95/max)=4.536/4.978/6.241/21.717 cycle_ms(mean/p95/max)=19.502/30.832/143.378 depth_to_cmd_ms(mean/p95/max)=17.143/16.667/50.000 callback_to_publish_ms(mean/p95/max)=16.064/19.837/39.416
[depth_angular_controller-1] [INFO] [1790685361.830932358] [depth_angular_controller]: PAPER_BUILD reason=NO_CERTIFIED_DIRECTION required=0.0100 best=0.0000 free=0 refined=0 tubes=226 revoked_tubes=0 proofs=128
[depth_angular_controller-1] [INFO] [1790685361.831375630] [depth_angular_controller]: PAPER_EVIDENCE retained=32 balls=32 revoked_balls=0 expired_views=0 evicted_views=47 radius=0.580 clearance=0.000 best_prefix=0.000
[depth_angular_controller-1] [INFO] [1790685362.823188390] [depth_angular_controller]: PAPER_BUILD reason=NO_CERTIFIED_DIRECTION required=0.0100 best=0.0000 free=0 refined=0 tubes=226 revoked_tubes=0 proofs=128
[depth_angular_controller-1] [INFO] [1790685362.823231200] [depth_angular_controller]: PAPER_EVIDENCE retained=32 balls=32 revoked_balls=0 expired_views=0 evicted_views=47 radius=0.580 clearance=0.000 best_prefix=0.000
[depth_angular_controller-1] [INFO] [1790685363.751535324] [depth_angular_controller]: PAPER_BUILD reason=NO_CERTIFIED_DIRECTION required=0.0100 best=0.0000 free=0 refined=0 tubes=226 revoked_tubes=0 proofs=128
[depth_angular_controller-1] [INFO] [1790685363.751569829] [depth_angular_controller]: PAPER_EVIDENCE retained=32 balls=32 revoked_balls=0 expired_views=0 evicted_views=47 radius=0.580 clearance=0.000 best_prefix=0.000
[position_cmd_to_twist-2] [INFO] [1790685364.360539611] [position_cmd_to_twist]: [PERF BRIDGE] run=iteration10_ego1p1_1 elapsed=147.00s received=6825 published=6825 fps(ros/wall)=48.79/51.19 controller_to_bridge_ms(mean/p50/p95/max)=15.353/16.667/33.333/33.333 bridge_process_ms(mean/p95/max)=0.109/0.136/3.892
[NAV] t=140.0s position=(-31.57,-9.26,4.11) yaw=12.1deg command=(0.00,0.00,0.00) manual_active=1 collision_blocks=0
[depth_angular_controller-1] [INFO] [1790685364.754290227] [depth_angular_controller]: PAPER_BUILD reason=NO_CERTIFIED_DIRECTION required=0.0100 best=0.0000 free=0 refined=0 tubes=226 revoked_tubes=0 proofs=128
[depth_angular_controller-1] [INFO] [1790685364.754335973] [depth_angular_controller]: PAPER_EVIDENCE retained=32 balls=32 revoked_balls=0 expired_views=0 evicted_views=47 radius=0.580 clearance=0.000 best_prefix=0.000
[depth_angular_controller-1] [INFO] [1790685365.626602110] [depth_angular_controller]: PAPER_BUILD reason=NO_CERTIFIED_DIRECTION required=0.0100 best=0.0000 free=0 refined=0 tubes=226 revoked_tubes=0 proofs=128
[depth_angular_controller-1] [INFO] [1790685365.626639190] [depth_angular_controller]: PAPER_EVIDENCE retained=32 balls=32 revoked_balls=0 expired_views=0 evicted_views=47 radius=0.580 clearance=0.000 best_prefix=0.000
[depth_angular_controller-1] [INFO] [1790685366.321755228] [depth_angular_controller]: [PERF CTRL] run=iteration10_ego1p1_1 elapsed=149.07s callbacks=6929 commands=6928 guidance=6828 command_fps(ros/wall)=48.78/51.20 guidance_wall_fps=51.09 avoid_ms(mean/p50/p95/max)=4.556/4.987/6.224/21.717 cycle_ms(mean/p95/max)=19.530/30.832/143.378 depth_to_cmd_ms(mean/p95/max)=17.150/16.667/50.000 callback_to_publish_ms(mean/p95/max)=16.102/19.850/39.416
[depth_angular_controller-1] [INFO] [1790685366.672424471] [depth_angular_controller]: PAPER_BUILD reason=NO_CERTIFIED_DIRECTION required=0.0100 best=0.0000 free=0 refined=0 tubes=226 revoked_tubes=0 proofs=128
[depth_angular_controller-1] [INFO] [1790685366.672461500] [depth_angular_controller]: PAPER_EVIDENCE retained=32 balls=32 revoked_balls=0 expired_views=0 evicted_views=47 radius=0.580 clearance=0.000 best_prefix=0.000
[depth_angular_controller-1] [INFO] [1790685367.603218407] [depth_angular_controller]: PAPER_BUILD reason=NO_CERTIFIED_DIRECTION required=0.0100 best=0.0000 free=0 refined=0 tubes=226 revoked_tubes=0 proofs=128
[depth_angular_controller-1] [INFO] [1790685367.603259684] [depth_angular_controller]: PAPER_EVIDENCE retained=32 balls=32 revoked_balls=0 expired_views=0 evicted_views=47 radius=0.580 clearance=0.000 best_prefix=0.000
[depth_angular_controller-1] [INFO] [1790685368.510843696] [depth_angular_controller]: PAPER_BUILD reason=NO_CERTIFIED_DIRECTION required=0.0100 best=0.0000 free=0 refined=0 tubes=226 revoked_tubes=0 proofs=128
[depth_angular_controller-1] [INFO] [1790685368.511300634] [depth_angular_controller]: PAPER_EVIDENCE retained=32 balls=32 revoked_balls=0 expired_views=0 evicted_views=47 radius=0.580 clearance=0.000 best_prefix=0.000
[position_cmd_to_twist-2] [INFO] [1790685369.054320188] [position_cmd_to_twist]: [PERF BRIDGE] run=iteration10_ego1p1_1 elapsed=151.69s received=7065 published=7065 fps(ros/wall)=48.76/51.19 controller_to_bridge_ms(mean/p50/p95/max)=15.471/16.667/33.333/33.333 bridge_process_ms(mean/p95/max)=0.109/0.136/3.892
[NAV] t=145.0s position=(-31.57,-9.26,4.11) yaw=12.1deg command=(0.00,0.00,0.00) manual_active=1 collision_blocks=0
[depth_angular_controller-1] [INFO] [1790685369.452430085] [depth_angular_controller]: PAPER_BUILD reason=NO_CERTIFIED_DIRECTION required=0.0100 best=0.0000 free=0 refined=0 tubes=226 revoked_tubes=0 proofs=128
[depth_angular_controller-1] [INFO] [1790685369.452833502] [depth_angular_controller]: PAPER_EVIDENCE retained=32 balls=32 revoked_balls=0 expired_views=0 evicted_views=47 radius=0.580 clearance=0.000 best_prefix=0.000
[depth_angular_controller-1] [INFO] [1790685370.303048910] [depth_angular_controller]: PAPER_BUILD reason=NO_CERTIFIED_DIRECTION required=0.0100 best=0.0000 free=0 refined=0 tubes=226 revoked_tubes=0 proofs=128
[depth_angular_controller-1] [INFO] [1790685370.303503052] [depth_angular_controller]: PAPER_EVIDENCE retained=32 balls=32 revoked_balls=0 expired_views=0 evicted_views=47 radius=0.580 clearance=0.000 best_prefix=0.000
[depth_angular_controller-1] [INFO] [1790685371.240439414] [depth_angular_controller]: PAPER_BUILD reason=NO_CERTIFIED_DIRECTION required=0.0100 best=0.0000 free=0 refined=0 tubes=226 revoked_tubes=0 proofs=128
[depth_angular_controller-1] [INFO] [1790685371.240477797] [depth_angular_controller]: PAPER_EVIDENCE retained=32 balls=32 revoked_balls=0 expired_views=0 evicted_views=47 radius=0.580 clearance=0.000 best_prefix=0.000
[depth_angular_controller-1] [INFO] [1790685371.331944527] [depth_angular_controller]: [PERF CTRL] run=iteration10_ego1p1_1 elapsed=154.08s callbacks=7192 commands=7191 guidance=7091 command_fps(ros/wall)=48.76/51.25 guidance_wall_fps=51.14 avoid_ms(mean/p50/p95/max)=4.577/4.994/6.239/21.717 cycle_ms(mean/p95/max)=19.513/30.430/143.378 depth_to_cmd_ms(mean/p95/max)=17.141/16.667/50.000 callback_to_publish_ms(mean/p95/max)=16.143/19.870/39.416
[depth_angular_controller-1] [INFO] [1790685372.160692470] [depth_angular_controller]: PAPER_BUILD reason=NO_CERTIFIED_DIRECTION required=0.0100 best=0.0000 free=0 refined=0 tubes=226 revoked_tubes=0 proofs=128
[depth_angular_controller-1] [INFO] [1790685372.160733758] [depth_angular_controller]: PAPER_EVIDENCE retained=32 balls=32 revoked_balls=0 expired_views=0 evicted_views=47 radius=0.580 clearance=0.000 best_prefix=0.000
[depth_angular_controller-1] [INFO] [1790685373.044292195] [depth_angular_controller]: PAPER_BUILD reason=NO_CERTIFIED_DIRECTION required=0.0100 best=0.0000 free=0 refined=0 tubes=226 revoked_tubes=0 proofs=128
[depth_angular_controller-1] [INFO] [1790685373.044334695] [depth_angular_controller]: PAPER_EVIDENCE retained=32 balls=32 revoked_balls=0 expired_views=0 evicted_views=47 radius=0.580 clearance=0.000 best_prefix=0.000
[position_cmd_to_twist-2] [INFO] [1790685373.507650703] [position_cmd_to_twist]: [PERF BRIDGE] run=iteration10_ego1p1_1 elapsed=156.14s received=7308 published=7308 fps(ros/wall)=48.75/51.29 controller_to_bridge_ms(mean/p50/p95/max)=15.572/16.667/33.333/33.333 bridge_process_ms(mean/p95/max)=0.109/0.136/3.892
[NAV] t=150.0s position=(-31.57,-9.26,4.11) yaw=12.1deg command=(0.00,0.00,0.00) manual_active=1 collision_blocks=0
[depth_angular_controller-1] [INFO] [1790685373.893455218] [depth_angular_controller]: PAPER_BUILD reason=NO_CERTIFIED_DIRECTION required=0.0100 best=0.0000 free=0 refined=0 tubes=226 revoked_tubes=0 proofs=128
[depth_angular_controller-1] [INFO] [1790685373.893494241] [depth_angular_controller]: PAPER_EVIDENCE retained=32 balls=32 revoked_balls=0 expired_views=0 evicted_views=47 radius=0.580 clearance=0.000 best_prefix=0.000
[depth_angular_controller-1] [INFO] [1790685374.832751799] [depth_angular_controller]: PAPER_BUILD reason=NO_CERTIFIED_DIRECTION required=0.0100 best=0.0000 free=0 refined=0 tubes=226 revoked_tubes=0 proofs=128
[depth_angular_controller-1] [INFO] [1790685374.832793428] [depth_angular_controller]: PAPER_EVIDENCE retained=32 balls=32 revoked_balls=0 expired_views=0 evicted_views=47 radius=0.580 clearance=0.000 best_prefix=0.000
[depth_angular_controller-1] [INFO] [1790685375.879727665] [depth_angular_controller]: PAPER_BUILD reason=NO_CERTIFIED_DIRECTION required=0.0100 best=0.0000 free=0 refined=0 tubes=226 revoked_tubes=0 proofs=128
[depth_angular_controller-1] [INFO] [1790685375.879767540] [depth_angular_controller]: PAPER_EVIDENCE retained=32 balls=32 revoked_balls=0 expired_views=0 evicted_views=47 radius=0.580 clearance=0.000 best_prefix=0.000
[depth_angular_controller-1] [INFO] [1790685376.337630595] [depth_angular_controller]: [PERF CTRL] run=iteration10_ego1p1_1 elapsed=159.08s callbacks=7452 commands=7451 guidance=7351 command_fps(ros/wall)=48.76/51.27 guidance_wall_fps=51.17 avoid_ms(mean/p50/p95/max)=4.596/5.001/6.230/21.717 cycle_ms(mean/p95/max)=19.504/30.339/143.378 depth_to_cmd_ms(mean/p95/max)=17.150/16.667/50.000 callback_to_publish_ms(mean/p95/max)=16.173/19.879/39.416
[depth_angular_controller-1] [INFO] [1790685376.809898923] [depth_angular_controller]: PAPER_BUILD reason=NO_CERTIFIED_DIRECTION required=0.0100 best=0.0000 free=0 refined=0 tubes=226 revoked_tubes=0 proofs=128
[depth_angular_controller-1] [INFO] [1790685376.809942524] [depth_angular_controller]: PAPER_EVIDENCE retained=32 balls=32 revoked_balls=0 expired_views=0 evicted_views=47 radius=0.580 clearance=0.000 best_prefix=0.000
[depth_angular_controller-1] [INFO] [1790685377.801270294] [depth_angular_controller]: PAPER_BUILD reason=NO_CERTIFIED_DIRECTION required=0.0100 best=0.0000 free=0 refined=0 tubes=226 revoked_tubes=0 proofs=128
[depth_angular_controller-1] [INFO] [1790685377.801311682] [depth_angular_controller]: PAPER_EVIDENCE retained=32 balls=32 revoked_balls=0 expired_views=0 evicted_views=47 radius=0.580 clearance=0.000 best_prefix=0.000
[position_cmd_to_twist-2] [INFO] [1790685378.403794161] [position_cmd_to_twist]: [PERF BRIDGE] run=iteration10_ego1p1_1 elapsed=161.04s received=7553 published=7553 fps(ros/wall)=48.76/51.25 controller_to_bridge_ms(mean/p50/p95/max)=15.645/16.667/33.333/33.333 bridge_process_ms(mean/p95/max)=0.108/0.136/3.892
[NAV] t=155.0s position=(-31.57,-9.26,4.11) yaw=12.1deg command=(0.00,0.00,0.00) manual_active=1 collision_blocks=0
[depth_angular_controller-1] [INFO] [1790685378.979249652] [depth_angular_controller]: PAPER_BUILD reason=NO_CERTIFIED_DIRECTION required=0.0100 best=0.0000 free=0 refined=0 tubes=226 revoked_tubes=0 proofs=128
[depth_angular_controller-1] [INFO] [1790685378.979291260] [depth_angular_controller]: PAPER_EVIDENCE retained=32 balls=32 revoked_balls=0 expired_views=0 evicted_views=47 radius=0.580 clearance=0.000 best_prefix=0.000
[depth_angular_controller-1] [INFO] [1790685379.926913936] [depth_angular_controller]: PAPER_BUILD reason=NO_CERTIFIED_DIRECTION required=0.0100 best=0.0000 free=0 refined=0 tubes=226 revoked_tubes=0 proofs=128
[depth_angular_controller-1] [INFO] [1790685379.926949613] [depth_angular_controller]: PAPER_EVIDENCE retained=32 balls=32 revoked_balls=0 expired_views=0 evicted_views=47 radius=0.580 clearance=0.000 best_prefix=0.000
[depth_angular_controller-1] [INFO] [1790685380.797931630] [depth_angular_controller]: PAPER_BUILD reason=NO_CERTIFIED_DIRECTION required=0.0100 best=0.0000 free=0 refined=0 tubes=226 revoked_tubes=0 proofs=128
[depth_angular_controller-1] [INFO] [1790685380.797978538] [depth_angular_controller]: PAPER_EVIDENCE retained=32 balls=32 revoked_balls=0 expired_views=0 evicted_views=47 radius=0.580 clearance=0.000 best_prefix=0.000
[depth_angular_controller-1] [INFO] [1790685381.353825724] [depth_angular_controller]: [PERF CTRL] run=iteration10_ego1p1_1 elapsed=164.10s callbacks=7703 commands=7702 guidance=7602 command_fps(ros/wall)=48.77/51.23 guidance_wall_fps=51.13 avoid_ms(mean/p50/p95/max)=4.612/5.007/6.217/21.717 cycle_ms(mean/p95/max)=19.519/30.328/143.378 depth_to_cmd_ms(mean/p95/max)=17.142/16.667/50.000 callback_to_publish_ms(mean/p95/max)=16.200/19.879/39.416
[depth_angular_controller-1] [INFO] [1790685381.737680090] [depth_angular_controller]: PAPER_BUILD reason=NO_CERTIFIED_DIRECTION required=0.0100 best=0.0000 free=0 refined=0 tubes=226 revoked_tubes=0 proofs=128
[depth_angular_controller-1] [INFO] [1790685381.737719353] [depth_angular_controller]: PAPER_EVIDENCE retained=32 balls=32 revoked_balls=0 expired_views=0 evicted_views=47 radius=0.580 clearance=0.000 best_prefix=0.000
[depth_angular_controller-1] [INFO] [1790685382.721762002] [depth_angular_controller]: PAPER_BUILD reason=NO_CERTIFIED_DIRECTION required=0.0100 best=0.0000 free=0 refined=0 tubes=226 revoked_tubes=0 proofs=128
[depth_angular_controller-1] [INFO] [1790685382.721807668] [depth_angular_controller]: PAPER_EVIDENCE retained=32 balls=32 revoked_balls=0 expired_views=0 evicted_views=47 radius=0.580 clearance=0.000 best_prefix=0.000
[position_cmd_to_twist-2] [INFO] [1790685383.193427959] [position_cmd_to_twist]: [PERF BRIDGE] run=iteration10_ego1p1_1 elapsed=165.83s received=7798 published=7798 fps(ros/wall)=48.77/51.25 controller_to_bridge_ms(mean/p50/p95/max)=15.722/16.667/33.333/33.333 bridge_process_ms(mean/p95/max)=0.108/0.136/3.892
[NAV] t=160.0s position=(-31.57,-9.26,4.11) yaw=12.1deg command=(0.00,0.00,0.00) manual_active=1 collision_blocks=0
[depth_angular_controller-1] [INFO] [1790685383.648101730] [depth_angular_controller]: PAPER_BUILD reason=NO_CERTIFIED_DIRECTION required=0.0100 best=0.0000 free=0 refined=0 tubes=226 revoked_tubes=0 proofs=128
[depth_angular_controller-1] [INFO] [1790685383.648142767] [depth_angular_controller]: PAPER_EVIDENCE retained=32 balls=32 revoked_balls=0 expired_views=0 evicted_views=47 radius=0.580 clearance=0.000 best_prefix=0.000
[depth_angular_controller-1] [INFO] [1790685384.579467740] [depth_angular_controller]: PAPER_BUILD reason=NO_CERTIFIED_DIRECTION required=0.0100 best=0.0000 free=0 refined=0 tubes=226 revoked_tubes=0 proofs=128
[depth_angular_controller-1] [INFO] [1790685384.579507394] [depth_angular_controller]: PAPER_EVIDENCE retained=32 balls=32 revoked_balls=0 expired_views=0 evicted_views=47 radius=0.580 clearance=0.000 best_prefix=0.000
[depth_angular_controller-1] [INFO] [1790685385.441388984] [depth_angular_controller]: PAPER_BUILD reason=NO_CERTIFIED_DIRECTION required=0.0100 best=0.0000 free=0 refined=0 tubes=226 revoked_tubes=0 proofs=128
[depth_angular_controller-1] [INFO] [1790685385.441468142] [depth_angular_controller]: PAPER_EVIDENCE retained=32 balls=32 revoked_balls=0 expired_views=0 evicted_views=47 radius=0.580 clearance=0.000 best_prefix=0.000
[depth_angular_controller-1] [INFO] [1790685386.353957750] [depth_angular_controller]: [PERF CTRL] run=iteration10_ego1p1_1 elapsed=169.10s callbacks=7968 commands=7967 guidance=7867 command_fps(ros/wall)=48.77/51.29 guidance_wall_fps=51.19 avoid_ms(mean/p50/p95/max)=4.629/5.016/6.220/21.717 cycle_ms(mean/p95/max)=19.498/30.229/143.378 depth_to_cmd_ms(mean/p95/max)=17.141/16.667/50.000 callback_to_publish_ms(mean/p95/max)=16.229/19.900/39.416
[depth_angular_controller-1] [INFO] [1790685386.371122991] [depth_angular_controller]: PAPER_BUILD reason=NO_CERTIFIED_DIRECTION required=0.0100 best=0.0000 free=0 refined=0 tubes=226 revoked_tubes=0 proofs=128
[depth_angular_controller-1] [INFO] [1790685386.371161593] [depth_angular_controller]: PAPER_EVIDENCE retained=32 balls=32 revoked_balls=0 expired_views=0 evicted_views=47 radius=0.580 clearance=0.000 best_prefix=0.000
[depth_angular_controller-1] [INFO] [1790685387.245866847] [depth_angular_controller]: PAPER_BUILD reason=NO_CERTIFIED_DIRECTION required=0.0100 best=0.0000 free=0 refined=0 tubes=226 revoked_tubes=0 proofs=128
[depth_angular_controller-1] [INFO] [1790685387.245904007] [depth_angular_controller]: PAPER_EVIDENCE retained=32 balls=32 revoked_balls=0 expired_views=0 evicted_views=47 radius=0.580 clearance=0.000 best_prefix=0.000
[position_cmd_to_twist-2] [INFO] [1790685387.692825310] [position_cmd_to_twist]: [PERF BRIDGE] run=iteration10_ego1p1_1 elapsed=170.33s received=8040 published=8040 fps(ros/wall)=48.76/51.32 controller_to_bridge_ms(mean/p50/p95/max)=15.802/16.667/33.333/33.333 bridge_process_ms(mean/p95/max)=0.108/0.136/3.892
[NAV] t=165.0s position=(-31.57,-9.26,4.11) yaw=12.1deg command=(0.00,0.00,0.00) manual_active=1 collision_blocks=0
[depth_angular_controller-1] [INFO] [1790685388.106370752] [depth_angular_controller]: PAPER_BUILD reason=NO_CERTIFIED_DIRECTION required=0.0100 best=0.0000 free=0 refined=0 tubes=226 revoked_tubes=0 proofs=128
[depth_angular_controller-1] [INFO] [1790685388.106411057] [depth_angular_controller]: PAPER_EVIDENCE retained=32 balls=32 revoked_balls=0 expired_views=0 evicted_views=47 radius=0.580 clearance=0.000 best_prefix=0.000
[depth_angular_controller-1] [INFO] [1790685389.110947013] [depth_angular_controller]: PAPER_BUILD reason=NO_CERTIFIED_DIRECTION required=0.0100 best=0.0000 free=0 refined=0 tubes=226 revoked_tubes=0 proofs=128
[depth_angular_controller-1] [INFO] [1790685389.110990314] [depth_angular_controller]: PAPER_EVIDENCE retained=32 balls=32 revoked_balls=0 expired_views=0 evicted_views=47 radius=0.580 clearance=0.000 best_prefix=0.000
[depth_angular_controller-1] [INFO] [1790685389.992960100] [depth_angular_controller]: PAPER_BUILD reason=NO_CERTIFIED_DIRECTION required=0.0100 best=0.0000 free=0 refined=0 tubes=226 revoked_tubes=0 proofs=128
[depth_angular_controller-1] [INFO] [1790685389.993002470] [depth_angular_controller]: PAPER_EVIDENCE retained=32 balls=32 revoked_balls=0 expired_views=0 evicted_views=47 radius=0.580 clearance=0.000 best_prefix=0.000
[depth_angular_controller-1] [INFO] [1790685390.945248612] [depth_angular_controller]: PAPER_BUILD reason=NO_CERTIFIED_DIRECTION required=0.0100 best=0.0000 free=0 refined=0 tubes=226 revoked_tubes=0 proofs=128
[depth_angular_controller-1] [INFO] [1790685390.945292334] [depth_angular_controller]: PAPER_EVIDENCE retained=32 balls=32 revoked_balls=0 expired_views=0 evicted_views=47 radius=0.580 clearance=0.000 best_prefix=0.000
[depth_angular_controller-1] [INFO] [1790685391.359417614] [depth_angular_controller]: [PERF CTRL] run=iteration10_ego1p1_1 elapsed=174.11s callbacks=8238 commands=8237 guidance=8137 command_fps(ros/wall)=48.77/51.37 guidance_wall_fps=51.28 avoid_ms(mean/p50/p95/max)=4.645/5.022/6.220/21.717 cycle_ms(mean/p95/max)=19.466/30.085/143.378 depth_to_cmd_ms(mean/p95/max)=17.132/16.667/50.000 callback_to_publish_ms(mean/p95/max)=16.260/19.911/39.416
[depth_angular_controller-1] [INFO] [1790685391.803847211] [depth_angular_controller]: PAPER_BUILD reason=NO_CERTIFIED_DIRECTION required=0.0100 best=0.0000 free=0 refined=0 tubes=226 revoked_tubes=0 proofs=128
[depth_angular_controller-1] [INFO] [1790685391.803888969] [depth_angular_controller]: PAPER_EVIDENCE retained=32 balls=32 revoked_balls=0 expired_views=0 evicted_views=47 radius=0.580 clearance=0.000 best_prefix=0.000
[position_cmd_to_twist-2] [INFO] [1790685392.298832197] [position_cmd_to_twist]: [PERF BRIDGE] run=iteration10_ego1p1_1 elapsed=174.94s received=8285 published=8285 fps(ros/wall)=48.76/51.37 controller_to_bridge_ms(mean/p50/p95/max)=15.866/16.667/33.333/33.333 bridge_process_ms(mean/p95/max)=0.109/0.136/3.892
[NAV] t=170.0s position=(-31.57,-9.26,4.11) yaw=12.1deg command=(0.00,0.00,0.00) manual_active=1 collision_blocks=0
[depth_angular_controller-1] [INFO] [1790685392.752083288] [depth_angular_controller]: PAPER_BUILD reason=NO_CERTIFIED_DIRECTION required=0.0100 best=0.0000 free=0 refined=0 tubes=226 revoked_tubes=0 proofs=128
[depth_angular_controller-1] [INFO] [1790685392.752123142] [depth_angular_controller]: PAPER_EVIDENCE retained=32 balls=32 revoked_balls=0 expired_views=0 evicted_views=47 radius=0.580 clearance=0.000 best_prefix=0.000
[depth_angular_controller-1] [INFO] [1790685393.737958095] [depth_angular_controller]: PAPER_BUILD reason=NO_CERTIFIED_DIRECTION required=0.0100 best=0.0000 free=0 refined=0 tubes=226 revoked_tubes=0 proofs=128
[depth_angular_controller-1] [INFO] [1790685393.738006626] [depth_angular_controller]: PAPER_EVIDENCE retained=32 balls=32 revoked_balls=0 expired_views=0 evicted_views=47 radius=0.580 clearance=0.000 best_prefix=0.000
[depth_angular_controller-1] [INFO] [1790685394.606915703] [depth_angular_controller]: PAPER_BUILD reason=NO_CERTIFIED_DIRECTION required=0.0100 best=0.0000 free=0 refined=0 tubes=226 revoked_tubes=0 proofs=128
[depth_angular_controller-1] [INFO] [1790685394.606952873] [depth_angular_controller]: PAPER_EVIDENCE retained=32 balls=32 revoked_balls=0 expired_views=0 evicted_views=47 radius=0.580 clearance=0.000 best_prefix=0.000
[depth_angular_controller-1] [INFO] [1790685395.543844121] [depth_angular_controller]: PAPER_BUILD reason=NO_CERTIFIED_DIRECTION required=0.0100 best=0.0000 free=0 refined=0 tubes=226 revoked_tubes=0 proofs=128
[depth_angular_controller-1] [INFO] [1790685395.543882543] [depth_angular_controller]: PAPER_EVIDENCE retained=32 balls=32 revoked_balls=0 expired_views=0 evicted_views=47 radius=0.580 clearance=0.000 best_prefix=0.000
[depth_angular_controller-1] [INFO] [1790685396.379162694] [depth_angular_controller]: [PERF CTRL] run=iteration10_ego1p1_1 elapsed=179.13s callbacks=8505 commands=8504 guidance=8404 command_fps(ros/wall)=48.76/51.43 guidance_wall_fps=51.34 avoid_ms(mean/p50/p95/max)=4.661/5.027/6.211/21.717 cycle_ms(mean/p95/max)=19.445/29.971/143.378 depth_to_cmd_ms(mean/p95/max)=17.125/16.667/50.000 callback_to_publish_ms(mean/p95/max)=16.288/19.924/39.416
[depth_angular_controller-1] [INFO] [1790685396.397351756] [depth_angular_controller]: PAPER_BUILD reason=NO_CERTIFIED_DIRECTION required=0.0100 best=0.0000 free=0 refined=0 tubes=226 revoked_tubes=0 proofs=128
[depth_angular_controller-1] [INFO] [1790685396.397743932] [depth_angular_controller]: PAPER_EVIDENCE retained=32 balls=32 revoked_balls=0 expired_views=0 evicted_views=47 radius=0.580 clearance=0.000 best_prefix=0.000
[position_cmd_to_twist-2] [INFO] [1790685396.816162930] [position_cmd_to_twist]: [PERF BRIDGE] run=iteration10_ego1p1_1 elapsed=179.45s received=8528 published=8528 fps(ros/wall)=48.76/51.44 controller_to_bridge_ms(mean/p50/p95/max)=15.944/16.667/33.333/33.333 bridge_process_ms(mean/p95/max)=0.109/0.135/3.892
[NAV] t=175.0s position=(-31.57,-9.26,4.11) yaw=12.1deg command=(0.00,0.00,0.00) manual_active=1 collision_blocks=0
[depth_angular_controller-1] [INFO] [1790685397.326741387] [depth_angular_controller]: PAPER_BUILD reason=NO_CERTIFIED_DIRECTION required=0.0100 best=0.0000 free=0 refined=0 tubes=226 revoked_tubes=0 proofs=128
[depth_angular_controller-1] [INFO] [1790685397.326782334] [depth_angular_controller]: PAPER_EVIDENCE retained=32 balls=32 revoked_balls=0 expired_views=0 evicted_views=47 radius=0.580 clearance=0.000 best_prefix=0.000
[depth_angular_controller-1] [INFO] [1790685398.346330511] [depth_angular_controller]: PAPER_BUILD reason=NO_CERTIFIED_DIRECTION required=0.0100 best=0.0000 free=0 refined=0 tubes=226 revoked_tubes=0 proofs=128
[depth_angular_controller-1] [INFO] [1790685398.346374193] [depth_angular_controller]: PAPER_EVIDENCE retained=32 balls=32 revoked_balls=0 expired_views=0 evicted_views=47 radius=0.580 clearance=0.000 best_prefix=0.000
[depth_angular_controller-1] [INFO] [1790685399.211182504] [depth_angular_controller]: PAPER_BUILD reason=NO_CERTIFIED_DIRECTION required=0.0100 best=0.0000 free=0 refined=0 tubes=226 revoked_tubes=0 proofs=128
[depth_angular_controller-1] [INFO] [1790685399.211222630] [depth_angular_controller]: PAPER_EVIDENCE retained=32 balls=32 revoked_balls=0 expired_views=0 evicted_views=47 radius=0.580 clearance=0.000 best_prefix=0.000
[depth_angular_controller-1] [INFO] [1790685400.209977567] [depth_angular_controller]: PAPER_BUILD reason=NO_CERTIFIED_DIRECTION required=0.0100 best=0.0000 free=0 refined=0 tubes=226 revoked_tubes=0 proofs=128
[depth_angular_controller-1] [INFO] [1790685400.210021049] [depth_angular_controller]: PAPER_EVIDENCE retained=32 balls=32 revoked_balls=0 expired_views=0 evicted_views=47 radius=0.580 clearance=0.000 best_prefix=0.000
[depth_angular_controller-1] [INFO] [1790685401.070682348] [depth_angular_controller]: PAPER_BUILD reason=NO_CERTIFIED_DIRECTION required=0.0100 best=0.0000 free=0 refined=0 tubes=226 revoked_tubes=0 proofs=128
[depth_angular_controller-1] [INFO] [1790685401.070999343] [depth_angular_controller]: PAPER_EVIDENCE retained=32 balls=32 revoked_balls=0 expired_views=0 evicted_views=47 radius=0.580 clearance=0.000 best_prefix=0.000
[depth_angular_controller-1] [INFO] [1790685401.384605245] [depth_angular_controller]: [PERF CTRL] run=iteration10_ego1p1_1 elapsed=184.13s callbacks=8765 commands=8764 guidance=8664 command_fps(ros/wall)=48.75/51.44 guidance_wall_fps=51.35 avoid_ms(mean/p50/p95/max)=4.675/5.030/6.215/21.717 cycle_ms(mean/p95/max)=19.440/29.779/143.378 depth_to_cmd_ms(mean/p95/max)=17.119/16.667/50.000 callback_to_publish_ms(mean/p95/max)=16.314/19.935/39.416
[position_cmd_to_twist-2] [INFO] [1790685401.508866806] [position_cmd_to_twist]: [PERF BRIDGE] run=iteration10_ego1p1_1 elapsed=184.15s received=8771 published=8771 fps(ros/wall)=48.75/51.45 controller_to_bridge_ms(mean/p50/p95/max)=16.017/16.667/33.333/33.333 bridge_process_ms(mean/p95/max)=0.109/0.135/3.892
[NAV] t=180.0s position=(-31.57,-9.26,4.11) yaw=12.1deg command=(0.00,0.00,0.00) manual_active=1 collision_blocks=0
[depth_angular_controller-1] [INFO] [1790685401.994106194] [depth_angular_controller]: PAPER_BUILD reason=NO_CERTIFIED_DIRECTION required=0.0100 best=0.0000 free=0 refined=0 tubes=226 revoked_tubes=0 proofs=128
[depth_angular_controller-1] [INFO] [1790685401.994539497] [depth_angular_controller]: PAPER_EVIDENCE retained=32 balls=32 revoked_balls=0 expired_views=0 evicted_views=47 radius=0.580 clearance=0.000 best_prefix=0.000
[depth_angular_controller-1] [INFO] [1790685402.864564739] [depth_angular_controller]: PAPER_BUILD reason=NO_CERTIFIED_DIRECTION required=0.0100 best=0.0000 free=0 refined=0 tubes=226 revoked_tubes=0 proofs=128
[depth_angular_controller-1] [INFO] [1790685402.864992762] [depth_angular_controller]: PAPER_EVIDENCE retained=32 balls=32 revoked_balls=0 expired_views=0 evicted_views=47 radius=0.580 clearance=0.000 best_prefix=0.000
[depth_angular_controller-1] [INFO] [1790685403.798554733] [depth_angular_controller]: PAPER_BUILD reason=NO_CERTIFIED_DIRECTION required=0.0100 best=0.0000 free=0 refined=0 tubes=226 revoked_tubes=0 proofs=128
[depth_angular_controller-1] [INFO] [1790685403.798968219] [depth_angular_controller]: PAPER_EVIDENCE retained=32 balls=32 revoked_balls=0 expired_views=0 evicted_views=47 radius=0.580 clearance=0.000 best_prefix=0.000
[depth_angular_controller-1] [INFO] [1790685404.743242341] [depth_angular_controller]: PAPER_BUILD reason=NO_CERTIFIED_DIRECTION required=0.0100 best=0.0000 free=0 refined=0 tubes=226 revoked_tubes=0 proofs=128
[depth_angular_controller-1] [INFO] [1790685404.743668891] [depth_angular_controller]: PAPER_EVIDENCE retained=32 balls=32 revoked_balls=0 expired_views=0 evicted_views=47 radius=0.580 clearance=0.000 best_prefix=0.000
[depth_angular_controller-1] [INFO] [1790685405.658095383] [depth_angular_controller]: PAPER_BUILD reason=NO_CERTIFIED_DIRECTION required=0.0100 best=0.0000 free=0 refined=0 tubes=226 revoked_tubes=0 proofs=128
[depth_angular_controller-1] [INFO] [1790685405.658133044] [depth_angular_controller]: PAPER_EVIDENCE retained=32 balls=32 revoked_balls=0 expired_views=0 evicted_views=47 radius=0.580 clearance=0.000 best_prefix=0.000
[position_cmd_to_twist-2] [INFO] [1790685406.010846703] [position_cmd_to_twist]: [PERF BRIDGE] run=iteration10_ego1p1_1 elapsed=188.65s received=9011 published=9011 fps(ros/wall)=48.74/51.50 controller_to_bridge_ms(mean/p50/p95/max)=16.103/16.667/33.333/33.333 bridge_process_ms(mean/p95/max)=0.109/0.136/3.892
[NAV] t=185.0s position=(-31.57,-9.26,4.11) yaw=12.1deg command=(0.00,0.00,0.00) manual_active=1 collision_blocks=0
[depth_angular_controller-1] [INFO] [1790685406.394853284] [depth_angular_controller]: [PERF CTRL] run=iteration10_ego1p1_1 elapsed=189.14s callbacks=9032 commands=9031 guidance=8931 command_fps(ros/wall)=48.74/51.49 guidance_wall_fps=51.41 avoid_ms(mean/p50/p95/max)=4.688/5.031/6.214/21.717 cycle_ms(mean/p95/max)=19.420/29.558/143.378 depth_to_cmd_ms(mean/p95/max)=17.107/16.667/50.000 callback_to_publish_ms(mean/p95/max)=16.343/19.944/39.416
[depth_angular_controller-1] [INFO] [1790685406.592456403] [depth_angular_controller]: PAPER_BUILD reason=NO_CERTIFIED_DIRECTION required=0.0100 best=0.0000 free=0 refined=0 tubes=226 revoked_tubes=0 proofs=128
[depth_angular_controller-1] [INFO] [1790685406.592497280] [depth_angular_controller]: PAPER_EVIDENCE retained=32 balls=32 revoked_balls=0 expired_views=0 evicted_views=47 radius=0.580 clearance=0.000 best_prefix=0.000
[depth_angular_controller-1] [INFO] [1790685407.474223218] [depth_angular_controller]: PAPER_BUILD reason=NO_CERTIFIED_DIRECTION required=0.0100 best=0.0000 free=0 refined=0 tubes=226 revoked_tubes=0 proofs=128
[depth_angular_controller-1] [INFO] [1790685407.474266389] [depth_angular_controller]: PAPER_EVIDENCE retained=32 balls=32 revoked_balls=0 expired_views=0 evicted_views=47 radius=0.580 clearance=0.000 best_prefix=0.000
[depth_angular_controller-1] [INFO] [1790685408.481381765] [depth_angular_controller]: PAPER_BUILD reason=NO_CERTIFIED_DIRECTION required=0.0100 best=0.0000 free=0 refined=0 tubes=226 revoked_tubes=0 proofs=128
[depth_angular_controller-1] [INFO] [1790685408.481421820] [depth_angular_controller]: PAPER_EVIDENCE retained=32 balls=32 revoked_balls=0 expired_views=0 evicted_views=47 radius=0.580 clearance=0.000 best_prefix=0.000
[depth_angular_controller-1] [INFO] [1790685409.409057790] [depth_angular_controller]: PAPER_BUILD reason=NO_CERTIFIED_DIRECTION required=0.0100 best=0.0000 free=0 refined=0 tubes=226 revoked_tubes=0 proofs=128
[depth_angular_controller-1] [INFO] [1790685409.409099469] [depth_angular_controller]: PAPER_EVIDENCE retained=32 balls=32 revoked_balls=0 expired_views=0 evicted_views=47 radius=0.580 clearance=0.000 best_prefix=0.000
[depth_angular_controller-1] [INFO] [1790685410.417685103] [depth_angular_controller]: PAPER_BUILD reason=NO_CERTIFIED_DIRECTION required=0.0100 best=0.0000 free=0 refined=0 tubes=226 revoked_tubes=0 proofs=128
[depth_angular_controller-1] [INFO] [1790685410.417731891] [depth_angular_controller]: PAPER_EVIDENCE retained=32 balls=32 revoked_balls=0 expired_views=0 evicted_views=47 radius=0.580 clearance=0.000 best_prefix=0.000
[position_cmd_to_twist-2] [INFO] [1790685410.807455942] [position_cmd_to_twist]: [PERF BRIDGE] run=iteration10_ego1p1_1 elapsed=193.44s received=9256 published=9256 fps(ros/wall)=48.74/51.48 controller_to_bridge_ms(mean/p50/p95/max)=16.141/16.667/33.333/33.333 bridge_process_ms(mean/p95/max)=0.109/0.136/3.892
[NAV] t=190.0s position=(-31.57,-9.26,4.11) yaw=12.1deg command=(0.00,0.00,0.00) manual_active=1 collision_blocks=0
[depth_angular_controller-1] [INFO] [1790685411.344913308] [depth_angular_controller]: PAPER_BUILD reason=NO_CERTIFIED_DIRECTION required=0.0100 best=0.0000 free=0 refined=0 tubes=226 revoked_tubes=0 proofs=128
[depth_angular_controller-1] [INFO] [1790685411.344949306] [depth_angular_controller]: PAPER_EVIDENCE retained=32 balls=32 revoked_balls=0 expired_views=0 evicted_views=47 radius=0.580 clearance=0.000 best_prefix=0.000
[depth_angular_controller-1] [INFO] [1790685411.402587165] [depth_angular_controller]: [PERF CTRL] run=iteration10_ego1p1_1 elapsed=194.15s callbacks=9290 commands=9289 guidance=9189 command_fps(ros/wall)=48.74/51.50 guidance_wall_fps=51.41 avoid_ms(mean/p50/p95/max)=4.699/5.033/6.206/21.717 cycle_ms(mean/p95/max)=19.419/29.512/143.378 depth_to_cmd_ms(mean/p95/max)=17.113/16.667/50.000 callback_to_publish_ms(mean/p95/max)=16.365/19.944/39.416
[depth_angular_controller-1] [INFO] [1790685412.343145525] [depth_angular_controller]: PAPER_BUILD reason=NO_CERTIFIED_DIRECTION required=0.0100 best=0.0000 free=0 refined=0 tubes=226 revoked_tubes=0 proofs=128
[depth_angular_controller-1] [INFO] [1790685412.343184738] [depth_angular_controller]: PAPER_EVIDENCE retained=32 balls=32 revoked_balls=0 expired_views=0 evicted_views=47 radius=0.580 clearance=0.000 best_prefix=0.000
[depth_angular_controller-1] [INFO] [1790685413.284613000] [depth_angular_controller]: PAPER_BUILD reason=NO_CERTIFIED_DIRECTION required=0.0100 best=0.0000 free=0 refined=0 tubes=226 revoked_tubes=0 proofs=128
[depth_angular_controller-1] [INFO] [1790685413.284650571] [depth_angular_controller]: PAPER_EVIDENCE retained=32 balls=32 revoked_balls=0 expired_views=0 evicted_views=47 radius=0.580 clearance=0.000 best_prefix=0.000
[depth_angular_controller-1] [INFO] [1790685414.208930924] [depth_angular_controller]: PAPER_BUILD reason=NO_CERTIFIED_DIRECTION required=0.0100 best=0.0000 free=0 refined=0 tubes=226 revoked_tubes=0 proofs=128
[depth_angular_controller-1] [INFO] [1790685414.209013829] [depth_angular_controller]: PAPER_EVIDENCE retained=32 balls=32 revoked_balls=0 expired_views=0 evicted_views=47 radius=0.580 clearance=0.000 best_prefix=0.000
[depth_angular_controller-1] [INFO] [1790685415.073670747] [depth_angular_controller]: PAPER_BUILD reason=NO_CERTIFIED_DIRECTION required=0.0100 best=0.0000 free=0 refined=0 tubes=226 revoked_tubes=0 proofs=128
[depth_angular_controller-1] [INFO] [1790685415.073710752] [depth_angular_controller]: PAPER_EVIDENCE retained=32 balls=32 revoked_balls=0 expired_views=0 evicted_views=47 radius=0.580 clearance=0.000 best_prefix=0.000
[position_cmd_to_twist-2] [INFO] [1790685415.375528123] [position_cmd_to_twist]: [PERF BRIDGE] run=iteration10_ego1p1_1 elapsed=198.01s received=9497 published=9497 fps(ros/wall)=48.73/51.52 controller_to_bridge_ms(mean/p50/p95/max)=16.209/16.667/33.333/33.333 bridge_process_ms(mean/p95/max)=0.109/0.135/3.892
[NAV] t=195.0s position=(-31.57,-9.26,4.11) yaw=12.1deg command=(0.00,0.00,0.00) manual_active=1 collision_blocks=0
[depth_angular_controller-1] [INFO] [1790685415.931888411] [depth_angular_controller]: PAPER_BUILD reason=NO_CERTIFIED_DIRECTION required=0.0100 best=0.0000 free=0 refined=0 tubes=226 revoked_tubes=0 proofs=128
[depth_angular_controller-1] [INFO] [1790685415.931927745] [depth_angular_controller]: PAPER_EVIDENCE retained=32 balls=32 revoked_balls=0 expired_views=0 evicted_views=47 radius=0.580 clearance=0.000 best_prefix=0.000
[depth_angular_controller-1] [INFO] [1790685416.403745828] [depth_angular_controller]: [PERF CTRL] run=iteration10_ego1p1_1 elapsed=199.15s callbacks=9552 commands=9551 guidance=9451 command_fps(ros/wall)=48.72/51.52 guidance_wall_fps=51.44 avoid_ms(mean/p50/p95/max)=4.711/5.037/6.206/21.717 cycle_ms(mean/p95/max)=19.410/29.355/143.378 depth_to_cmd_ms(mean/p95/max)=17.127/16.667/50.000 callback_to_publish_ms(mean/p95/max)=16.385/19.940/39.416
[depth_angular_controller-1] [INFO] [1790685416.857595322] [depth_angular_controller]: PAPER_BUILD reason=NO_CERTIFIED_DIRECTION required=0.0100 best=0.0000 free=0 refined=0 tubes=226 revoked_tubes=0 proofs=128
[depth_angular_controller-1] [INFO] [1790685416.857634265] [depth_angular_controller]: PAPER_EVIDENCE retained=32 balls=32 revoked_balls=0 expired_views=0 evicted_views=47 radius=0.580 clearance=0.000 best_prefix=0.000
[depth_angular_controller-1] [INFO] [1790685417.847815643] [depth_angular_controller]: PAPER_BUILD reason=NO_CERTIFIED_DIRECTION required=0.0100 best=0.0000 free=0 refined=0 tubes=226 revoked_tubes=0 proofs=128
[depth_angular_controller-1] [INFO] [1790685417.847859866] [depth_angular_controller]: PAPER_EVIDENCE retained=32 balls=32 revoked_balls=0 expired_views=0 evicted_views=47 radius=0.580 clearance=0.000 best_prefix=0.000
[depth_angular_controller-1] [INFO] [1790685418.712688025] [depth_angular_controller]: PAPER_BUILD reason=NO_CERTIFIED_DIRECTION required=0.0100 best=0.0000 free=0 refined=0 tubes=226 revoked_tubes=0 proofs=128
[depth_angular_controller-1] [INFO] [1790685418.712727540] [depth_angular_controller]: PAPER_EVIDENCE retained=32 balls=32 revoked_balls=0 expired_views=0 evicted_views=47 radius=0.580 clearance=0.000 best_prefix=0.000
[depth_angular_controller-1] [INFO] [1790685419.702164471] [depth_angular_controller]: PAPER_BUILD reason=NO_CERTIFIED_DIRECTION required=0.0100 best=0.0000 free=0 refined=0 tubes=226 revoked_tubes=0 proofs=128
[depth_angular_controller-1] [INFO] [1790685419.702199086] [depth_angular_controller]: PAPER_EVIDENCE retained=32 balls=32 revoked_balls=0 expired_views=0 evicted_views=47 radius=0.580 clearance=0.000 best_prefix=0.000
[position_cmd_to_twist-2] [INFO] [1790685420.010597186] [position_cmd_to_twist]: [PERF BRIDGE] run=iteration10_ego1p1_1 elapsed=202.64s received=9737 published=9737 fps(ros/wall)=48.71/51.52 controller_to_bridge_ms(mean/p50/p95/max)=16.258/16.667/33.333/33.333 bridge_process_ms(mean/p95/max)=0.109/0.135/3.892
[NAV] t=200.0s position=(-31.57,-9.26,4.11) yaw=12.1deg command=(0.00,0.00,0.00) manual_active=1 collision_blocks=0
[depth_angular_controller-1] [INFO] [1790685420.643086162] [depth_angular_controller]: PAPER_BUILD reason=NO_CERTIFIED_DIRECTION required=0.0100 best=0.0000 free=0 refined=0 tubes=226 revoked_tubes=0 proofs=128
[depth_angular_controller-1] [INFO] [1790685420.643127219] [depth_angular_controller]: PAPER_EVIDENCE retained=32 balls=32 revoked_balls=0 expired_views=0 evicted_views=47 radius=0.580 clearance=0.000 best_prefix=0.000
[depth_angular_controller-1] [INFO] [1790685421.418061249] [depth_angular_controller]: [PERF CTRL] run=iteration10_ego1p1_1 elapsed=204.16s callbacks=9811 commands=9810 guidance=9710 command_fps(ros/wall)=48.71/51.52 guidance_wall_fps=51.45 avoid_ms(mean/p50/p95/max)=4.722/5.039/6.211/21.717 cycle_ms(mean/p95/max)=19.409/29.313/143.378 depth_to_cmd_ms(mean/p95/max)=17.125/16.667/50.000 callback_to_publish_ms(mean/p95/max)=16.407/19.935/39.416
[depth_angular_controller-1] [INFO] [1790685421.582797743] [depth_angular_controller]: PAPER_BUILD reason=NO_CERTIFIED_DIRECTION required=0.0100 best=0.0000 free=0 refined=0 tubes=226 revoked_tubes=0 proofs=128
[depth_angular_controller-1] [INFO] [1790685421.582839020] [depth_angular_controller]: PAPER_EVIDENCE retained=32 balls=32 revoked_balls=0 expired_views=0 evicted_views=47 radius=0.580 clearance=0.000 best_prefix=0.000
[depth_angular_controller-1] [INFO] [1790685422.437821874] [depth_angular_controller]: PAPER_BUILD reason=NO_CERTIFIED_DIRECTION required=0.0100 best=0.0000 free=0 refined=0 tubes=226 revoked_tubes=0 proofs=128
[depth_angular_controller-1] [INFO] [1790685422.438240570] [depth_angular_controller]: PAPER_EVIDENCE retained=32 balls=32 revoked_balls=0 expired_views=0 evicted_views=47 radius=0.580 clearance=0.000 best_prefix=0.000
[depth_angular_controller-1] [INFO] [1790685423.297790595] [depth_angular_controller]: PAPER_BUILD reason=NO_CERTIFIED_DIRECTION required=0.0100 best=0.0000 free=0 refined=0 tubes=226 revoked_tubes=0 proofs=128
[depth_angular_controller-1] [INFO] [1790685423.297836250] [depth_angular_controller]: PAPER_EVIDENCE retained=32 balls=32 revoked_balls=0 expired_views=0 evicted_views=47 radius=0.580 clearance=0.000 best_prefix=0.000
[depth_angular_controller-1] [INFO] [1790685424.241156663] [depth_angular_controller]: PAPER_BUILD reason=NO_CERTIFIED_DIRECTION required=0.0100 best=0.0000 free=0 refined=0 tubes=226 revoked_tubes=0 proofs=128
[depth_angular_controller-1] [INFO] [1790685424.241193452] [depth_angular_controller]: PAPER_EVIDENCE retained=32 balls=32 revoked_balls=0 expired_views=0 evicted_views=47 radius=0.580 clearance=0.000 best_prefix=0.000
[position_cmd_to_twist-2] [INFO] [1790685424.548219176] [position_cmd_to_twist]: [PERF BRIDGE] run=iteration10_ego1p1_1 elapsed=207.18s received=9981 published=9981 fps(ros/wall)=48.71/51.57 controller_to_bridge_ms(mean/p50/p95/max)=16.323/16.667/33.333/33.333 bridge_process_ms(mean/p95/max)=0.109/0.135/3.892
[NAV] t=205.0s position=(-31.57,-9.26,4.11) yaw=12.1deg command=(0.00,0.00,0.00) manual_active=1 collision_blocks=0
[depth_angular_controller-1] [INFO] [1790685425.122252559] [depth_angular_controller]: PAPER_BUILD reason=NO_CERTIFIED_DIRECTION required=0.0100 best=0.0000 free=0 refined=0 tubes=226 revoked_tubes=0 proofs=128
[depth_angular_controller-1] [INFO] [1790685425.122356654] [depth_angular_controller]: PAPER_EVIDENCE retained=32 balls=32 revoked_balls=0 expired_views=0 evicted_views=47 radius=0.580 clearance=0.000 best_prefix=0.000
[depth_angular_controller-1] [INFO] [1790685425.978715731] [depth_angular_controller]: PAPER_BUILD reason=NO_CERTIFIED_DIRECTION required=0.0100 best=0.0000 free=0 refined=0 tubes=226 revoked_tubes=0 proofs=128
[depth_angular_controller-1] [INFO] [1790685425.978751147] [depth_angular_controller]: PAPER_EVIDENCE retained=32 balls=32 revoked_balls=0 expired_views=0 evicted_views=47 radius=0.580 clearance=0.000 best_prefix=0.000
[depth_angular_controller-1] [INFO] [1790685426.434937156] [depth_angular_controller]: [PERF CTRL] run=iteration10_ego1p1_1 elapsed=209.18s callbacks=10086 commands=10085 guidance=9985 command_fps(ros/wall)=48.70/51.61 guidance_wall_fps=51.53 avoid_ms(mean/p50/p95/max)=4.735/5.043/6.219/21.717 cycle_ms(mean/p95/max)=19.377/28.828/143.378 depth_to_cmd_ms(mean/p95/max)=17.129/16.667/50.000 callback_to_publish_ms(mean/p95/max)=16.433/19.929/39.416
[depth_angular_controller-1] [INFO] [1790685426.905717581] [depth_angular_controller]: PAPER_BUILD reason=NO_CERTIFIED_DIRECTION required=0.0100 best=0.0000 free=0 refined=0 tubes=226 revoked_tubes=0 proofs=128
[depth_angular_controller-1] [INFO] [1790685426.905757957] [depth_angular_controller]: PAPER_EVIDENCE retained=32 balls=32 revoked_balls=0 expired_views=0 evicted_views=47 radius=0.580 clearance=0.000 best_prefix=0.000
[depth_angular_controller-1] [INFO] [1790685427.837126321] [depth_angular_controller]: PAPER_BUILD reason=NO_CERTIFIED_DIRECTION required=0.0100 best=0.0000 free=0 refined=0 tubes=226 revoked_tubes=0 proofs=128
[depth_angular_controller-1] [INFO] [1790685427.837167508] [depth_angular_controller]: PAPER_EVIDENCE retained=32 balls=32 revoked_balls=0 expired_views=0 evicted_views=47 radius=0.580 clearance=0.000 best_prefix=0.000
[depth_angular_controller-1] [INFO] [1790685428.885913485] [depth_angular_controller]: PAPER_BUILD reason=NO_CERTIFIED_DIRECTION required=0.0100 best=0.0000 free=0 refined=0 tubes=226 revoked_tubes=0 proofs=128
[depth_angular_controller-1] [INFO] [1790685428.885951977] [depth_angular_controller]: PAPER_EVIDENCE retained=32 balls=32 revoked_balls=0 expired_views=0 evicted_views=47 radius=0.580 clearance=0.000 best_prefix=0.000
[position_cmd_to_twist-2] [INFO] [1790685429.250637211] [position_cmd_to_twist]: [PERF BRIDGE] run=iteration10_ego1p1_1 elapsed=211.89s received=10220 published=10220 fps(ros/wall)=48.69/51.56 controller_to_bridge_ms(mean/p50/p95/max)=16.381/16.667/33.333/33.333 bridge_process_ms(mean/p95/max)=0.109/0.135/3.892
[NAV] t=210.0s position=(-31.57,-9.26,4.11) yaw=12.1deg command=(0.00,0.00,0.00) manual_active=1 collision_blocks=0
[depth_angular_controller-1] [INFO] [1790685429.811733157] [depth_angular_controller]: PAPER_BUILD reason=NO_CERTIFIED_DIRECTION required=0.0100 best=0.0000 free=0 refined=0 tubes=226 revoked_tubes=0 proofs=128
[depth_angular_controller-1] [INFO] [1790685429.811773553] [depth_angular_controller]: PAPER_EVIDENCE retained=32 balls=32 revoked_balls=0 expired_views=0 evicted_views=47 radius=0.580 clearance=0.000 best_prefix=0.000
[depth_angular_controller-1] [INFO] [1790685430.863086948] [depth_angular_controller]: PAPER_BUILD reason=NO_CERTIFIED_DIRECTION required=0.0100 best=0.0000 free=0 refined=0 tubes=226 revoked_tubes=0 proofs=128
[depth_angular_controller-1] [INFO] [1790685430.863126812] [depth_angular_controller]: PAPER_EVIDENCE retained=32 balls=32 revoked_balls=0 expired_views=0 evicted_views=47 radius=0.580 clearance=0.000 best_prefix=0.000
[depth_angular_controller-1] [INFO] [1790685431.435464093] [depth_angular_controller]: [PERF CTRL] run=iteration10_ego1p1_1 elapsed=214.18s callbacks=10333 commands=10332 guidance=10232 command_fps(ros/wall)=48.69/51.55 guidance_wall_fps=51.48 avoid_ms(mean/p50/p95/max)=4.743/5.045/6.215/21.717 cycle_ms(mean/p95/max)=19.398/28.892/143.378 depth_to_cmd_ms(mean/p95/max)=17.133/16.667/50.000 callback_to_publish_ms(mean/p95/max)=16.451/19.935/39.416
[depth_angular_controller-1] [INFO] [1790685431.754644175] [depth_angular_controller]: PAPER_BUILD reason=NO_CERTIFIED_DIRECTION required=0.0100 best=0.0000 free=0 refined=0 tubes=226 revoked_tubes=0 proofs=128
[depth_angular_controller-1] [INFO] [1790685431.754682767] [depth_angular_controller]: PAPER_EVIDENCE retained=32 balls=32 revoked_balls=0 expired_views=0 evicted_views=47 radius=0.580 clearance=0.000 best_prefix=0.000
[depth_angular_controller-1] [INFO] [1790685432.761529228] [depth_angular_controller]: PAPER_BUILD reason=NO_CERTIFIED_DIRECTION required=0.0100 best=0.0000 free=0 refined=0 tubes=226 revoked_tubes=0 proofs=128
[depth_angular_controller-1] [INFO] [1790685432.761571127] [depth_angular_controller]: PAPER_EVIDENCE retained=32 balls=32 revoked_balls=0 expired_views=0 evicted_views=47 radius=0.580 clearance=0.000 best_prefix=0.000
[depth_angular_controller-1] [INFO] [1790685433.754932794] [depth_angular_controller]: PAPER_BUILD reason=NO_CERTIFIED_DIRECTION required=0.0100 best=0.0000 free=0 refined=0 tubes=226 revoked_tubes=0 proofs=128
[depth_angular_controller-1] [INFO] [1790685433.754974762] [depth_angular_controller]: PAPER_EVIDENCE retained=32 balls=32 revoked_balls=0 expired_views=0 evicted_views=47 radius=0.580 clearance=0.000 best_prefix=0.000
[position_cmd_to_twist-2] [INFO] [1790685434.085885287] [position_cmd_to_twist]: [PERF BRIDGE] run=iteration10_ego1p1_1 elapsed=216.72s received=10465 published=10465 fps(ros/wall)=48.70/51.54 controller_to_bridge_ms(mean/p50/p95/max)=16.401/16.667/33.333/33.333 bridge_process_ms(mean/p95/max)=0.109/0.135/3.892
[NAV] t=215.0s position=(-31.57,-9.26,4.11) yaw=12.1deg command=(0.00,0.00,0.00) manual_active=1 collision_blocks=0
[depth_angular_controller-1] [INFO] [1790685434.701965432] [depth_angular_controller]: PAPER_BUILD reason=NO_CERTIFIED_DIRECTION required=0.0100 best=0.0000 free=0 refined=0 tubes=226 revoked_tubes=0 proofs=128
[depth_angular_controller-1] [INFO] [1790685434.702013122] [depth_angular_controller]: PAPER_EVIDENCE retained=32 balls=32 revoked_balls=0 expired_views=0 evicted_views=47 radius=0.580 clearance=0.000 best_prefix=0.000
[depth_angular_controller-1] [INFO] [1790685435.793809584] [depth_angular_controller]: PAPER_BUILD reason=NO_CERTIFIED_DIRECTION required=0.0100 best=0.0000 free=0 refined=0 tubes=226 revoked_tubes=0 proofs=128
[depth_angular_controller-1] [INFO] [1790685435.793847986] [depth_angular_controller]: PAPER_EVIDENCE retained=32 balls=32 revoked_balls=0 expired_views=0 evicted_views=47 radius=0.580 clearance=0.000 best_prefix=0.000
[depth_angular_controller-1] [INFO] [1790685436.476420356] [depth_angular_controller]: [PERF CTRL] run=iteration10_ego1p1_1 elapsed=219.22s callbacks=10582 commands=10581 guidance=10481 command_fps(ros/wall)=48.71/51.50 guidance_wall_fps=51.43 avoid_ms(mean/p50/p95/max)=4.758/5.053/6.226/21.717 cycle_ms(mean/p95/max)=19.418/29.055/143.378 depth_to_cmd_ms(mean/p95/max)=17.139/16.667/50.000 callback_to_publish_ms(mean/p95/max)=16.472/19.949/39.416
[depth_angular_controller-1] [INFO] [1790685436.873507814] [depth_angular_controller]: PAPER_BUILD reason=NO_CERTIFIED_DIRECTION required=0.0100 best=0.0000 free=0 refined=0 tubes=226 revoked_tubes=0 proofs=128
[depth_angular_controller-1] [INFO] [1790685436.873543952] [depth_angular_controller]: PAPER_EVIDENCE retained=32 balls=32 revoked_balls=0 expired_views=0 evicted_views=47 radius=0.580 clearance=0.000 best_prefix=0.000
[depth_angular_controller-1] [INFO] [1790685437.988652731] [depth_angular_controller]: PAPER_BUILD reason=NO_CERTIFIED_DIRECTION required=0.0100 best=0.0000 free=0 refined=0 tubes=226 revoked_tubes=0 proofs=128
[depth_angular_controller-1] [INFO] [1790685437.988694009] [depth_angular_controller]: PAPER_EVIDENCE retained=32 balls=32 revoked_balls=0 expired_views=0 evicted_views=47 radius=0.580 clearance=0.000 best_prefix=0.000
[depth_angular_controller-1] [INFO] [1790685438.981110752] [depth_angular_controller]: PAPER_BUILD reason=NO_CERTIFIED_DIRECTION required=0.0100 best=0.0000 free=0 refined=0 tubes=226 revoked_tubes=0 proofs=128
[depth_angular_controller-1] [INFO] [1790685438.981148463] [depth_angular_controller]: PAPER_EVIDENCE retained=32 balls=32 revoked_balls=0 expired_views=0 evicted_views=47 radius=0.580 clearance=0.000 best_prefix=0.000
[position_cmd_to_twist-2] [INFO] [1790685439.286257791] [position_cmd_to_twist]: [PERF BRIDGE] run=iteration10_ego1p1_1 elapsed=221.92s received=10716 published=10716 fps(ros/wall)=48.73/51.45 controller_to_bridge_ms(mean/p50/p95/max)=16.370/16.667/33.333/33.333 bridge_process_ms(mean/p95/max)=0.110/0.136/3.892
[NAV] t=220.0s position=(-31.57,-9.26,4.11) yaw=12.1deg command=(0.00,0.00,0.00) manual_active=1 collision_blocks=0
[depth_angular_controller-1] [INFO] [1790685439.943356899] [depth_angular_controller]: PAPER_BUILD reason=NO_CERTIFIED_DIRECTION required=0.0100 best=0.0000 free=0 refined=0 tubes=226 revoked_tubes=0 proofs=128
[depth_angular_controller-1] [INFO] [1790685439.943763272] [depth_angular_controller]: PAPER_EVIDENCE retained=32 balls=32 revoked_balls=0 expired_views=0 evicted_views=47 radius=0.580 clearance=0.000 best_prefix=0.000
[depth_angular_controller-1] [INFO] [1790685440.966364347] [depth_angular_controller]: PAPER_BUILD reason=NO_CERTIFIED_DIRECTION required=0.0100 best=0.0000 free=0 refined=0 tubes=226 revoked_tubes=0 proofs=128
[depth_angular_controller-1] [INFO] [1790685440.966409722] [depth_angular_controller]: PAPER_EVIDENCE retained=32 balls=32 revoked_balls=0 expired_views=0 evicted_views=47 radius=0.580 clearance=0.000 best_prefix=0.000
[depth_angular_controller-1] [INFO] [1790685441.491598687] [depth_angular_controller]: [PERF CTRL] run=iteration10_ego1p1_1 elapsed=224.24s callbacks=10828 commands=10827 guidance=10727 command_fps(ros/wall)=48.74/51.44 guidance_wall_fps=51.37 avoid_ms(mean/p50/p95/max)=4.769/5.057/6.229/21.717 cycle_ms(mean/p95/max)=19.440/29.167/143.378 depth_to_cmd_ms(mean/p95/max)=17.147/16.667/50.000 callback_to_publish_ms(mean/p95/max)=16.489/19.975/39.416
[depth_angular_controller-1] [INFO] [1790685441.975472893] [depth_angular_controller]: PAPER_BUILD reason=NO_CERTIFIED_DIRECTION required=0.0100 best=0.0000 free=0 refined=0 tubes=226 revoked_tubes=0 proofs=128
[depth_angular_controller-1] [INFO] [1790685441.975515964] [depth_angular_controller]: PAPER_EVIDENCE retained=32 balls=32 revoked_balls=0 expired_views=0 evicted_views=47 radius=0.580 clearance=0.000 best_prefix=0.000
[depth_angular_controller-1] [INFO] [1790685442.983748907] [depth_angular_controller]: PAPER_BUILD reason=NO_CERTIFIED_DIRECTION required=0.0100 best=0.0000 free=0 refined=0 tubes=226 revoked_tubes=0 proofs=128
[depth_angular_controller-1] [INFO] [1790685442.983786328] [depth_angular_controller]: PAPER_EVIDENCE retained=32 balls=32 revoked_balls=0 expired_views=0 evicted_views=47 radius=0.580 clearance=0.000 best_prefix=0.000
[depth_angular_controller-1] [INFO] [1790685443.990403509] [depth_angular_controller]: PAPER_BUILD reason=NO_CERTIFIED_DIRECTION required=0.0100 best=0.0000 free=0 refined=0 tubes=226 revoked_tubes=0 proofs=128
[depth_angular_controller-1] [INFO] [1790685443.990448954] [depth_angular_controller]: PAPER_EVIDENCE retained=32 balls=32 revoked_balls=0 expired_views=0 evicted_views=47 radius=0.580 clearance=0.000 best_prefix=0.000
[position_cmd_to_twist-2] [INFO] [1790685444.304541689] [position_cmd_to_twist]: [PERF BRIDGE] run=iteration10_ego1p1_1 elapsed=226.94s received=10965 published=10965 fps(ros/wall)=48.75/51.41 controller_to_bridge_ms(mean/p50/p95/max)=16.347/16.667/33.333/33.333 bridge_process_ms(mean/p95/max)=0.110/0.136/3.892
[NAV] t=225.0s position=(-31.57,-9.26,4.11) yaw=12.1deg command=(0.00,0.00,0.00) manual_active=1 collision_blocks=0
[depth_angular_controller-1] [INFO] [1790685445.007296522] [depth_angular_controller]: PAPER_BUILD reason=NO_CERTIFIED_DIRECTION required=0.0100 best=0.0000 free=0 refined=0 tubes=226 revoked_tubes=0 proofs=128
[depth_angular_controller-1] [INFO] [1790685445.007337940] [depth_angular_controller]: PAPER_EVIDENCE retained=32 balls=32 revoked_balls=0 expired_views=0 evicted_views=47 radius=0.580 clearance=0.000 best_prefix=0.000
[depth_angular_controller-1] [INFO] [1790685446.078956048] [depth_angular_controller]: PAPER_BUILD reason=NO_CERTIFIED_DIRECTION required=0.0100 best=0.0000 free=0 refined=0 tubes=226 revoked_tubes=0 proofs=128
[depth_angular_controller-1] [INFO] [1790685446.078999840] [depth_angular_controller]: PAPER_EVIDENCE retained=32 balls=32 revoked_balls=0 expired_views=0 evicted_views=47 radius=0.580 clearance=0.000 best_prefix=0.000
[depth_angular_controller-1] [INFO] [1790685446.505830702] [depth_angular_controller]: [PERF CTRL] run=iteration10_ego1p1_1 elapsed=229.25s callbacks=11073 commands=11072 guidance=10972 command_fps(ros/wall)=48.77/51.38 guidance_wall_fps=51.31 avoid_ms(mean/p50/p95/max)=4.781/5.062/6.235/21.717 cycle_ms(mean/p95/max)=19.463/29.292/143.378 depth_to_cmd_ms(mean/p95/max)=17.148/16.667/50.000 callback_to_publish_ms(mean/p95/max)=16.509/19.999/39.416
[depth_angular_controller-1] [INFO] [1790685447.082446291] [depth_angular_controller]: PAPER_BUILD reason=NO_CERTIFIED_DIRECTION required=0.0100 best=0.0000 free=0 refined=0 tubes=226 revoked_tubes=0 proofs=128
[depth_angular_controller-1] [INFO] [1790685447.082483310] [depth_angular_controller]: PAPER_EVIDENCE retained=32 balls=32 revoked_balls=0 expired_views=0 evicted_views=47 radius=0.580 clearance=0.000 best_prefix=0.000
[depth_angular_controller-1] [INFO] [1790685448.097273188] [depth_angular_controller]: PAPER_BUILD reason=NO_CERTIFIED_DIRECTION required=0.0100 best=0.0000 free=0 refined=0 tubes=226 revoked_tubes=0 proofs=128
[depth_angular_controller-1] [INFO] [1790685448.097310437] [depth_angular_controller]: PAPER_EVIDENCE retained=32 balls=32 revoked_balls=0 expired_views=0 evicted_views=47 radius=0.580 clearance=0.000 best_prefix=0.000
[depth_angular_controller-1] [INFO] [1790685449.090020932] [depth_angular_controller]: PAPER_BUILD reason=NO_CERTIFIED_DIRECTION required=0.0100 best=0.0000 free=0 refined=0 tubes=226 revoked_tubes=0 proofs=128
[depth_angular_controller-1] [INFO] [1790685449.090063161] [depth_angular_controller]: PAPER_EVIDENCE retained=32 balls=32 revoked_balls=0 expired_views=0 evicted_views=47 radius=0.580 clearance=0.000 best_prefix=0.000
[position_cmd_to_twist-2] [INFO] [1790685449.543655493] [position_cmd_to_twist]: [PERF BRIDGE] run=iteration10_ego1p1_1 elapsed=232.18s received=11214 published=11214 fps(ros/wall)=48.78/51.32 controller_to_bridge_ms(mean/p50/p95/max)=16.331/16.667/33.333/33.333 bridge_process_ms(mean/p95/max)=0.111/0.136/3.892
[NAV] t=230.0s position=(-31.57,-9.26,4.11) yaw=12.1deg command=(0.00,0.00,0.00) manual_active=1 collision_blocks=0
[depth_angular_controller-1] [INFO] [1790685450.246633905] [depth_angular_controller]: PAPER_BUILD reason=NO_CERTIFIED_DIRECTION required=0.0100 best=0.0000 free=0 refined=0 tubes=226 revoked_tubes=0 proofs=128
[depth_angular_controller-1] [INFO] [1790685450.246677237] [depth_angular_controller]: PAPER_EVIDENCE retained=32 balls=32 revoked_balls=0 expired_views=0 evicted_views=47 radius=0.580 clearance=0.000 best_prefix=0.000
[depth_angular_controller-1] [INFO] [1790685451.365457345] [depth_angular_controller]: PAPER_BUILD reason=NO_CERTIFIED_DIRECTION required=0.0100 best=0.0000 free=0 refined=0 tubes=226 revoked_tubes=0 proofs=128
[depth_angular_controller-1] [INFO] [1790685451.365492301] [depth_angular_controller]: PAPER_EVIDENCE retained=32 balls=32 revoked_balls=0 expired_views=0 evicted_views=47 radius=0.580 clearance=0.000 best_prefix=0.000
[depth_angular_controller-1] [INFO] [1790685451.541257350] [depth_angular_controller]: [PERF CTRL] run=iteration10_ego1p1_1 elapsed=234.29s callbacks=11306 commands=11305 guidance=11205 command_fps(ros/wall)=48.79/51.26 guidance_wall_fps=51.20 avoid_ms(mean/p50/p95/max)=4.790/5.066/6.241/21.717 cycle_ms(mean/p95/max)=19.507/29.493/143.378 depth_to_cmd_ms(mean/p95/max)=17.153/16.667/50.000 callback_to_publish_ms(mean/p95/max)=16.524/20.006/39.416
[depth_angular_controller-1] [INFO] [1790685452.426192500] [depth_angular_controller]: PAPER_BUILD reason=NO_CERTIFIED_DIRECTION required=0.0100 best=0.0000 free=0 refined=0 tubes=226 revoked_tubes=0 proofs=128
[depth_angular_controller-1] [INFO] [1790685452.426230381] [depth_angular_controller]: PAPER_EVIDENCE retained=32 balls=32 revoked_balls=0 expired_views=0 evicted_views=47 radius=0.580 clearance=0.000 best_prefix=0.000
[depth_angular_controller-1] [INFO] [1790685453.417355040] [depth_angular_controller]: PAPER_BUILD reason=NO_CERTIFIED_DIRECTION required=0.0100 best=0.0000 free=0 refined=0 tubes=226 revoked_tubes=0 proofs=128
[depth_angular_controller-1] [INFO] [1790685453.417396738] [depth_angular_controller]: PAPER_EVIDENCE retained=32 balls=32 revoked_balls=0 expired_views=0 evicted_views=47 radius=0.580 clearance=0.000 best_prefix=0.000
[depth_angular_controller-1] [INFO] [1790685454.488495641] [depth_angular_controller]: PAPER_BUILD reason=NO_CERTIFIED_DIRECTION required=0.0100 best=0.0000 free=0 refined=0 tubes=226 revoked_tubes=0 proofs=128
[depth_angular_controller-1] [INFO] [1790685454.488536809] [depth_angular_controller]: PAPER_EVIDENCE retained=32 balls=32 revoked_balls=0 expired_views=0 evicted_views=47 radius=0.580 clearance=0.000 best_prefix=0.000
[position_cmd_to_twist-2] [INFO] [1790685454.788594697] [position_cmd_to_twist]: [PERF BRIDGE] run=iteration10_ego1p1_1 elapsed=237.42s received=11463 published=11463 fps(ros/wall)=48.80/51.23 controller_to_bridge_ms(mean/p50/p95/max)=16.325/16.667/33.333/33.333 bridge_process_ms(mean/p95/max)=0.111/0.137/3.892
[NAV] t=235.0s position=(-31.57,-9.26,4.11) yaw=12.1deg command=(0.00,0.00,0.00) manual_active=1 collision_blocks=0
[depth_angular_controller-1] [INFO] [1790685455.480665351] [depth_angular_controller]: PAPER_BUILD reason=NO_CERTIFIED_DIRECTION required=0.0100 best=0.0000 free=0 refined=0 tubes=226 revoked_tubes=0 proofs=128
[depth_angular_controller-1] [INFO] [1790685455.480704875] [depth_angular_controller]: PAPER_EVIDENCE retained=32 balls=32 revoked_balls=0 expired_views=0 evicted_views=47 radius=0.580 clearance=0.000 best_prefix=0.000
[depth_angular_controller-1] [INFO] [1790685456.437241579] [depth_angular_controller]: PAPER_BUILD reason=NO_CERTIFIED_DIRECTION required=0.0100 best=0.0000 free=0 refined=0 tubes=226 revoked_tubes=0 proofs=128
[depth_angular_controller-1] [INFO] [1790685456.437285291] [depth_angular_controller]: PAPER_EVIDENCE retained=32 balls=32 revoked_balls=0 expired_views=0 evicted_views=47 radius=0.580 clearance=0.000 best_prefix=0.000
[depth_angular_controller-1] [INFO] [1790685456.542681300] [depth_angular_controller]: [PERF CTRL] run=iteration10_ego1p1_1 elapsed=239.29s callbacks=11553 commands=11552 guidance=11452 command_fps(ros/wall)=48.80/51.22 guidance_wall_fps=51.16 avoid_ms(mean/p50/p95/max)=4.800/5.069/6.241/21.717 cycle_ms(mean/p95/max)=19.523/29.467/143.378 depth_to_cmd_ms(mean/p95/max)=17.157/16.667/50.000 callback_to_publish_ms(mean/p95/max)=16.545/20.019/39.416
[depth_angular_controller-1] [INFO] [1790685457.440001902] [depth_angular_controller]: PAPER_BUILD reason=NO_CERTIFIED_DIRECTION required=0.0100 best=0.0000 free=0 refined=0 tubes=226 revoked_tubes=0 proofs=128
[depth_angular_controller-1] [INFO] [1790685457.440044322] [depth_angular_controller]: PAPER_EVIDENCE retained=32 balls=32 revoked_balls=0 expired_views=0 evicted_views=47 radius=0.580 clearance=0.000 best_prefix=0.000
[depth_angular_controller-1] [INFO] [1790685458.438831620] [depth_angular_controller]: PAPER_BUILD reason=NO_CERTIFIED_DIRECTION required=0.0100 best=0.0000 free=0 refined=0 tubes=226 revoked_tubes=0 proofs=128
[depth_angular_controller-1] [INFO] [1790685458.438870753] [depth_angular_controller]: PAPER_EVIDENCE retained=32 balls=32 revoked_balls=0 expired_views=0 evicted_views=47 radius=0.580 clearance=0.000 best_prefix=0.000
[depth_angular_controller-1] [INFO] [1790685459.296036153] [depth_angular_controller]: PAPER_BUILD reason=NO_CERTIFIED_DIRECTION required=0.0100 best=0.0000 free=0 refined=0 tubes=226 revoked_tubes=0 proofs=128
[depth_angular_controller-1] [INFO] [1790685459.296075206] [depth_angular_controller]: PAPER_EVIDENCE retained=32 balls=32 revoked_balls=0 expired_views=0 evicted_views=47 radius=0.580 clearance=0.000 best_prefix=0.000
[position_cmd_to_twist-2] [INFO] [1790685459.573637972] [position_cmd_to_twist]: [PERF BRIDGE] run=iteration10_ego1p1_1 elapsed=242.21s received=11708 published=11708 fps(ros/wall)=48.81/51.23 controller_to_bridge_ms(mean/p50/p95/max)=16.329/16.667/33.333/33.333 bridge_process_ms(mean/p95/max)=0.111/0.137/3.892
[NAV] t=240.0s position=(-31.57,-9.26,4.11) yaw=12.1deg command=(0.00,0.00,0.00) manual_active=1 collision_blocks=0
[depth_angular_controller-1] [INFO] [1790685460.154184116] [depth_angular_controller]: PAPER_BUILD reason=NO_CERTIFIED_DIRECTION required=0.0100 best=0.0000 free=0 refined=0 tubes=226 revoked_tubes=0 proofs=128
[depth_angular_controller-1] [INFO] [1790685460.154229121] [depth_angular_controller]: PAPER_EVIDENCE retained=32 balls=32 revoked_balls=0 expired_views=0 evicted_views=47 radius=0.580 clearance=0.000 best_prefix=0.000
[depth_angular_controller-1] [INFO] [1790685461.089093816] [depth_angular_controller]: PAPER_BUILD reason=NO_CERTIFIED_DIRECTION required=0.0100 best=0.0000 free=0 refined=0 tubes=226 revoked_tubes=0 proofs=128
[depth_angular_controller-1] [INFO] [1790685461.089133440] [depth_angular_controller]: PAPER_EVIDENCE retained=32 balls=32 revoked_balls=0 expired_views=0 evicted_views=47 radius=0.580 clearance=0.000 best_prefix=0.000
[BENCHMARK RESULT] TIMEOUT sim=240.000s
[PERF ISAAC FINAL] run=iteration10_ego1p1_1 result=TIMEOUT wall=230.77s sim_frames=14522 fps(sim/wall)=60.01/62.93 command_changes=952 collision_blocks=0 frame_interval_ms(mean/p50/p95/max)=15.869/14.672/17.490/81.835
[243.821s] Simulation App Shutting Down
[depth_angular_controller-1] [INFO] [1790685462.037229043] [rclcpp]: signal_handler(SIGINT/SIGTERM)
[depth_angular_controller-1] [INFO] [1790685462.039588461] [depth_angular_controller]: [PERF CTRL FINAL] run=iteration10_ego1p1_1 elapsed=244.79s callbacks=11810 commands=11809 guidance=11709 command_fps(ros/wall)=48.80/51.25 guidance_wall_fps=51.18 avoid_ms(mean/p50/p95/max)=4.807/5.070/6.242/21.717 cycle_ms(mean/p95/max)=19.513/29.355/143.378 depth_to_cmd_ms(mean/p95/max)=17.152/16.667/50.000 callback_to_publish_ms(mean/p95/max)=16.565/20.029/39.416
[position_cmd_to_twist-2] [INFO] [1790685462.039822180] [position_cmd_to_twist]: [PERF BRIDGE FINAL] run=iteration10_ego1p1_1 elapsed=244.68s received=11809 published=11809 fps(ros/wall)=48.80/51.25 controller_to_bridge_ms(mean/p50/p95/max)=16.351/16.667/33.333/33.333 bridge_process_ms(mean/p95/max)=0.111/0.137/3.892
[position_cmd_to_twist-2] Failed to publish log message to rosout: publisher's context is invalid, at ./src/rcl/publisher.c:389
[INFO] [depth_angular_controller-1]: process has finished cleanly [pid 60278]
[INFO] [position_cmd_to_twist-2]: process has finished cleanly [pid 60280]
