[PERF] run=iteration5_ego1p1_1 log=/home/starry/isaac-data/EGO1P1/performance/navigation_benchmark_20260929/PERFORMANCE.md
[INPUT] mode=goal scene_mode=cloud
[INFO] [launch]: All log files can be found below /tmp/fov_gvf_ego1p1_isaac_ros_log/2026-09-29-20-06-36-766350-starry-System-Product-Name-54169
[INFO] [launch]: Default logging verbosity is set to INFO
[INFO] [depth_angular_controller-1]: process started with pid [54171]
[INFO] [position_cmd_to_twist-2]: process started with pid [54173]
[depth_angular_controller-1] [INFO] [1790683596.801207215] [depth_angular_controller]: C++ controller commands publish on /position_cmd; horizontal views=4
[ROS CHECK] ROS_DOMAIN_ID=42 /position_cmd publishers=1
Type: pc_gvf_msgs/msg/PositionCommand
Publisher count: 1
Subscription count: 1
/depth_angular_controller
/position_cmd_to_twist
WARNING: All log messages before absl::InitializeLog() is called are written to STDERR
E0000 00:00:1790683597.768555   54212 descriptor_database.cc:633] File already exists in database: grpc/health/v1/health.proto
W0000 00:00:1790683597.768576   54212 message.cc:301] Protobuf GeneratedMessageFactory: File is already registered: grpc/health/v1/health.proto
2026-09-29T12:06:37Z [Info] [carb] Logging to file: /home/starry/isaac-data/isaacsim/kit/logs/Kit/Isaac-Sim Python/6.0/kit_20260929_200637.log
[0.044s] [ext: omni.assets.plugins-0.0.0] startup
[0.044s] [ext: omni.blobkey-1.1.2] startup
[0.044s] [ext: omni.kit.async_engine-0.0.3] startup
[0.324s] [ext: omni.client.lib-1.1.1] startup
[0.332s] [ext: omni.client-1.3.0] startup
[0.334s] [ext: omni.protobuf.lib-1.0.0] startup
[0.334s] [ext: omni.grpc.lib-1.0.0] startup
[0.338s] [ext: omni.metrics.core-0.0.3] startup
[0.338s] [ext: omni.datastore-0.0.0] startup
[0.338s] [ext: omni.gpu_foundation.shadercache.vulkan-1.0.0] startup
[0.340s] [ext: omni.hsscclient-1.1.4] startup
[0.340s] [ext: omni.stats-1.0.1] startup
[0.341s] [ext: omni.ujitso.default-1.0.0] startup
[0.344s] [ext: omni.gpu_foundation-0.0.0] startup
[0.464s] [ext: carb.windowing.plugins-1.0.1] startup
[0.465s] [ext: omni.kit.renderer.init-1.0.1] startup
2026-09-29T12:06:38Z [661ms] [Warning] [omni.rtx] Skipping unsupported non-NVIDIA GPU: AMD Unknown (RADV RAPHAEL_MENDOCINO)
2026-09-29T12:06:38Z [662ms] [Warning] [omni.rtx] Skipping unsupported non-NVIDIA GPU: AMD Unknown (RADV RAPHAEL_MENDOCINO)

|---------------------------------------------------------------------------------------------|
| Driver Version: 580.178.04    | Graphics API: Vulkan
|=============================================================================================|
| GPU | Name                             | Active | LDA | GPU Memory | Vendor-ID | LUID       |
|     |                                  |        |     |            | Device-ID | UUID       |
|     |                                  |        |     |            | Bus-ID    |            |
|---------------------------------------------------------------------------------------------|
| 0   | NVIDIA GeForce RTX 5070          | Yes: 0 |     | 12227   MB | 10de      | 0          |
|     |                                  |        |     |            | 2f04      | 348d89fe.. |
|     |                                  |        |     |            | 1         |            |
|---------------------------------------------------------------------------------------------|
| 1   | AMD Unknown (RADV RAPHAEL_MEND.. |        |     | 10755   MB | 1002      | 0          |
|     |                                  |        |     |            | 13c0      | 00000000.. |
|     |                                  |        |     |            | c         |            |
|=============================================================================================|
| OS: 22.04.5 LTS (Jammy Jellyfish) ubuntu, Version: 22.04.5, Kernel: 6.8.0-138-generic
| XServer Vendor: The X.Org Foundation, XServer Version: 12101004 (1.21.1.4)
| Processor: AMD Ryzen 5 9600X 6-Core Processor
| Cores: 6 | Logical Cores: 12
|---------------------------------------------------------------------------------------------|
| Total Memory (MB): 31241 | Free Memory: 22619
| Total Page/Swap (MB): 15624 | Free Page/Swap: 15624
|---------------------------------------------------------------------------------------------|
2026-09-29T12:06:38Z [870ms] [Warning] [omni.rtx] CPU performance profile is set to powersave. This profile sets the CPU to the lowest frequency reducing performance.
2026-09-29T12:06:38Z [878ms] [Warning] [omni.rtx] IOMMU is enabled.
[0.978s] [ext: omni.kit.pipapi-0.0.0] startup
[0.979s] [ext: omni.kit.pip_archive-0.0.0] startup
[0.979s] [ext: isaacsim.pip.newton-0.6.1] startup
[0.979s] [ext: omni.pip.compute-1.9.2] startup
[0.979s] [ext: omni.isaac.core_archive-5.3.1] startup
[0.979s] [ext: omni.kit.telemetry-0.5.2] startup
[0.997s] [ext: omni.kit.loop-isaac-1.6.0] startup
[0.998s] [ext: omni.kit.test-2.0.7] startup
[1.049s] [ext: omni.materialx.libs-1.0.9] startup
[1.054s] [ext: omni.gpucompute.plugins-0.0.0] startup
[1.055s] [ext: omni.usd.config-1.0.7] startup
[1.058s] [ext: omni.usd.libs-1.0.3] startup
[1.112s] [ext: omni.iray.libs-0.0.1] startup
[1.115s] [ext: omni.mdl-57.0.3] startup
[1.175s] [ext: omni.mdl.neuraylib-0.2.20] startup
[1.177s] [ext: omni.kit.usd.mdl-1.1.9] startup
[1.264s] [ext: omni.appwindow-1.2.2] startup
[1.266s] [ext: omni.kit.renderer.core-1.2.2] startup
2026-09-29T12:06:43Z [6,487ms] [Warning] [carb.windowing-glfw.gamepad] Joystick with unknown remapping detected (will be ignored):  BEITONG BEITONG A2P3A BFM DONGLE [03000000bc2000001c51000011010000]
[6.520s] [ext: omni.kit.renderer.capture-2.0.1] startup
[6.521s] [ext: omni.kit.renderer.imgui-2.0.6] startup
[6.557s] [ext: omni.ui-3.2.0] startup
[6.563s] [ext: omni.kit.mainwindow-1.0.3] startup
[6.564s] [ext: carb.audio-0.1.0] startup
[6.566s] [ext: omni.uiaudio-1.0.0] startup
[6.567s] [ext: omni.kit.uiapp-0.0.0] startup
[6.567s] [ext: omni.usd.schema.metrics.assembler-110.1.0] startup
[6.569s] [ext: omni.usd.schema.audio-0.0.1] startup
[6.571s] [ext: omni.usd_resolver-1.0.0] startup
[6.574s] [ext: omni.usd.core-1.8.3] startup
[6.576s] [ext: omni.metropolis.schema-0.0.3] startup
[6.576s] [ext: isaacsim.anim.robot.schema-0.1.1] startup
[6.577s] [ext: omni.usd.schema.anim-0.0.1] startup
[6.590s] [ext: omni.usd.schema.geospatial-0.0.1] startup
[6.592s] [ext: omni.usd.schema.omnigraph-1.0.1] startup
[6.596s] [ext: omni.usd.schema.semantics-0.0.0] startup
[6.597s] [ext: omni.activity.core-1.0.3] startup
[6.598s] [ext: omni.cubric-0.1.0] startup
[6.599s] [ext: omni.graph.exec-0.9.6] startup
[6.599s] [ext: omni.hydra.scene_delegate-0.3.5] startup
[6.601s] [ext: usdrt.scenegraph-7.6.3] startup
[6.620s] [ext: omni.hydra.usdrt_delegate-7.5.2] startup
[6.623s] [ext: omni.inspect-1.0.2] startup
[6.625s] [ext: omni.kit.actions.core-1.0.0] startup
[6.626s] [ext: omni.kit.audiodeviceenum-1.0.2] startup
[6.627s] [ext: omni.kit.commands-1.5.0] startup
[6.629s] [ext: omni.kit.exec.core-0.13.5] startup
[6.630s] [ext: omni.kit.usd_undo-0.1.8] startup
[6.630s] [ext: omni.kit.window.popup_dialog-2.0.25] startup
[6.633s] [ext: omni.kit.widget.nucleus_connector-2.3.1] startup
[6.635s] [ext: omni.timeline-1.1.0] startup
[6.636s] [ext: omni.usd-1.16.0] startup
[6.661s] [ext: omni.graph.core-3.1.2] startup
[6.664s] [ext: omni.kit.notification_manager-1.0.11] startup
[6.665s] [ext: isaacsim.core.deprecation_manager-0.4.2] startup
[6.666s] [ext: isaacsim.replicator.agent.schema-0.1.1] startup
[6.666s] [ext: isaacsim.robot.schema-6.3.7] startup
[6.670s] [ext: isaacsim.robot_motion.schema-0.2.1] startup
[6.671s] [ext: omni.anim.behavior.schema-110.1.0] startup
[6.674s] [ext: omni.anim.graph.schema-110.1.1] startup
[6.678s] [ext: omni.anim.navigation.schema-110.1.0] startup
[6.680s] [ext: omni.behavior.tree.schema-110.1.0] startup
[6.681s] [ext: omni.isaac.ml_archive-3.3.0] startup
[6.681s] [ext: omni.kit.asset_converter-6.0.1] startup
[6.690s] [ext: omni.pip.cloud-1.5.4] startup
[6.692s] [ext: omni.usd.schema.flow-110.0.0] startup
[6.692s] [ext: omni.usd.schema.mujoco-1.1.1] startup
[6.693s] [ext: omni.usd.schema.newton-1.2.1] startup
[6.693s] [ext: omni.usd.schema.omni_lens_distortion-1.0.0] startup
[6.694s] [ext: omni.usd.schema.omni_projectors-1.0.0] startup
[6.694s] [ext: omni.usd.schema.omni_sensors-0.0.0] startup
[6.700s] [ext: omni.usd.schema.omniscripting-1.0.1] startup
[6.703s] [ext: omni.usd.schema.physical_lighting-0.1.0] startup
[6.705s] [ext: omni.usd.schema.physx-110.1.13] startup
[6.729s] [ext: omni.usd.schema.render_settings.rtx-1.0.2] startup
[6.732s] [ext: omni.usd.schema.usd_particle_field-1.0.0] startup
[6.732s] [ext: isaacsim.core.version-2.1.1] startup
[6.733s] [ext: omni.kit.menu.core-1.2.0] startup
[6.733s] [ext: omni.kit.menu.utils-2.2.4] startup
[6.739s] [ext: isaacsim.app.about-2.3.1] startup
[6.742s] [ext: isaacsim.asset.transformer-1.2.5] startup
[6.745s] [ext: omni.scene.optimizer.core-110.1.0] startup
[6.775s] [ext: isaacsim.asset.importer.utils-1.8.1] startup
[6.777s] [ext: omni.convexdecomposition-110.1.13] startup
[6.778s] [ext: omni.physics-110.1.13] startup
[6.781s] [ext: omni.physx.gpu-110.1.13] startup
[6.781s] [ext: omni.physx.foundation-110.1.13] startup
[6.782s] [ext: omni.usdphysics-110.1.13] startup
[6.783s] [ext: omni.physx.cooking-110.1.13] startup
[6.785s] [ext: omni.physx-110.1.13] startup
[6.792s] [ext: omni.physics.physx-110.1.13] startup
[6.793s] [ext: isaacsim.asset.exporter.urdf-2.0.5] startup
[6.799s] [ext: omni.kit.clipboard-1.1.1] startup
[6.800s] [ext: omni.kit.usd.layers-2.6.1] startup
[6.805s] [ext: omni.kit.widget.context_menu-1.4.0] startup
[6.806s] [ext: omni.kit.context_menu-1.9.0] startup
[6.807s] [ext: omni.kit.helper.file_utils-0.1.10] startup
[6.808s] [ext: omni.kit.widget.nucleus_info-2.0.2] startup
[6.809s] [ext: omni.kit.search_core-1.0.8] startup
[6.809s] [ext: omni.kit.widget.path_field-2.0.13] startup
[6.810s] [ext: omni.kit.widget.browser_bar-2.0.10] startup
[6.810s] [ext: omni.kit.widget.filebrowser-2.13.4] startup
[6.814s] [ext: omni.kit.widget.options_menu-1.1.6] startup
[6.816s] [ext: omni.kit.widget.options_button-1.0.3] startup
[6.816s] [ext: omni.kit.widget.search_delegate-1.0.9] startup
[6.817s] [ext: omni.ui.scene-2.0.3] startup
[6.820s] [ext: omni.kit.window.filepicker-2.15.5] startup
[6.830s] [ext: omni.kit.window.file_importer-1.1.21] startup
[6.831s] [ext: omni.kit.material.library-3.1.2] startup
[6.835s] [ext: isaacsim.asset.transformer.rules-1.7.10] startup
[6.843s] [ext: omni.usdex.libs-2.2.2] startup
[6.849s] [ext: isaacsim.asset.importer.mjcf-3.10.1] startup
[6.850s] [ext: isaacsim.asset.importer.urdf-3.11.2] startup
[6.853s] [ext: omni.kit.primitive.mesh-1.1.0] startup
[6.855s] [ext: omni.kit.stage_template.core-1.1.22] startup
[6.856s] [ext: omni.kit.stage_templates-2.0.2] startup
[6.857s] [ext: omni.usd.metrics.assembler-110.1.2] startup
[6.859s] [ext: omni.warp.core-1.13.0] startup
[7.043s] [ext: isaacsim.core.experimental.utils-0.17.2] startup
[7.044s] [ext: omni.physics.stageupdate-110.1.13] startup
[7.045s] [ext: omni.physics.tensors-110.1.13] startup
[7.049s] [ext: omni.physx.tensors-110.1.13] startup
[7.052s] [ext: isaacsim.core.simulation_manager-1.15.6] startup
[7.062s] [ext: isaacsim.storage.native-1.9.3] startup
[7.063s] [ext: omni.usd.metrics.assembler.physics-110.1.13] startup
[7.064s] [ext: isaacsim.core.utils-4.1.7] startup
[7.065s] [ext: isaacsim.core.prims-0.11.7] startup
[7.952s] [ext: isaacsim.core.api-5.2.13] startup
[7.957s] [ext: isaacsim.core.cloner-1.7.3] startup
[7.958s] [ext: isaacsim.test.docstring-1.3.2] startup
[7.960s] [ext: isaacsim.core.experimental.prims-1.8.9] startup
[7.980s] [ext: isaacsim.core.experimental.primdata-0.3.2] startup
[7.982s] [ext: omni.graph.tools-1.81.0] startup
[8.001s] [ext: omni.graph-1.142.5] startup
[8.032s] [ext: isaacsim.core.experimental.actuators-0.1.2] startup
[8.045s] [ext: isaacsim.core.experimental.materials-0.7.1] startup
[8.047s] [ext: isaacsim.core.experimental.objects-0.8.1] startup
[8.104s] [ext: omni.hydra.engine.stats-1.0.5] startup
[8.106s] [ext: omni.hydra.rtx.shadercache.vulkan-1.0.0] startup
[8.107s] [ext: omni.index.libs-387500.4413.0] startup
[8.107s] [ext: omni.index-1.0.1] startup
[8.108s] [ext: omni.ujitso.client-0.0.0] startup
[8.108s] [ext: omni.usd.schema.playback-1.0.0] startup
[8.111s] [ext: omni.volume-0.5.2] startup
[8.115s] [ext: omni.hydra.rtx-1.0.4] startup
2026-09-29T12:06:45Z [8,105ms] [Warning] [omni.log] Source: omni.hydra was already registered.
[8.136s] [ext: omni.kit.hydra_texture-1.6.0] startup
[8.139s] [ext: omni.kit.raycast.query-1.2.0] startup
[8.142s] [ext: omni.kit.viewport.legacy_gizmos-1.0.24] startup
[8.144s] [ext: omni.kit.viewport.registry-104.0.6] startup
[8.145s] [ext: omni.kit.viewport.scene_camera_model-1.0.7] startup
[8.147s] [ext: omni.kit.widget.viewport-109.2.0] startup
[8.151s] [ext: omni.kit.window.drop_support-1.0.8] startup
[8.152s] [ext: omni.kit.viewport.window-109.0.2] startup
[8.166s] [ext: omni.kit.viewport.utility-2.0.1] startup
[8.167s] [ext: isaacsim.core.rendering_manager-0.4.3] startup
[8.188s] [ext: omni.graph.action_core-1.1.9] startup
[8.189s] [ext: omni.graph.action_nodes_core-2.11.0] startup
[8.191s] [ext: omni.graph.action_nodes-2.11.0] startup
[8.208s] [ext: omni.graph.action-2.10.2] startup
[8.209s] [ext: omni.graph.image.core-0.6.1] startup
[8.209s] [ext: omni.graph.image.nodes-1.3.1] startup
[8.210s] [ext: omni.graph.nodes_core-2.11.0] startup
[8.214s] [ext: omni.graph.nodes-2.12.0] startup
[8.218s] [ext: omni.kit.hotkeys.core-1.3.12] startup
[8.219s] [ext: omni.kit.property.adapter.core-1.1.1] startup
[8.221s] [ext: omni.kit.property.adapter.usd-1.0.5] startup
[8.222s] [ext: omni.kit.widget.filter-1.1.5] startup
[8.223s] [ext: omni.kit.widget.highlight_label-1.0.3] startup
[8.224s] [ext: omni.kit.widget.searchfield-1.1.8] startup
[8.225s] [ext: omni.kit.window.file_exporter-1.0.36] startup
[8.226s] [ext: omni.kit.widget.stage-4.4.0] startup
[8.232s] [ext: omni.kit.window.content_browser_registry-0.0.6] startup
[8.233s] [ext: omni.kit.window.file-2.0.10] startup
[8.236s] [ext: omni.kit.window.content_browser-3.1.8] startup
[8.244s] [ext: omni.kit.window.property-1.15.1] startup
[8.254s] [ext: omni.kit.property.usd-4.9.4] startup
[8.263s] [ext: omni.graph.scriptnode-2.10.2] startup
[8.270s] [ext: omni.kit.widget.searchable_combobox-1.0.7] startup
[8.271s] [ext: omni.kit.widget.settings-2.0.0] startup
[8.273s] [ext: omni.kit.window.preferences-1.8.3] startup
[8.277s] [ext: omni.kit.viewport.menubar.core-107.2.2] startup
[8.287s] [ext: omni.syntheticdata-0.6.15] startup
[8.309s] [ext: omni.replicator.nv-1.1.1] startup
[8.313s] [ext: omni.videoencoding-0.2.1] startup
[8.315s] [ext: omni.replicator.core-1.13.27] startup
2026-09-29T12:06:45Z [8,301ms] [Warning] [pxr.Semantics] pxr.Semantics is deprecated - please use Semantics instead
2026-09-29T12:06:45Z [8,367ms] [Warning] [omni.replicator.core.scripts.extension] No material configuration file, adding configuration to material settings directly.
[8.513s] [ext: isaacsim.core.nodes-5.10.5] startup
[8.539s] [ext: isaacsim.core.throttling-2.3.5] startup
[8.540s] [ext: omni.kit.manipulator.viewport-107.0.1] startup
[8.541s] [ext: omni.graph.visualization.nodes-2.1.4] startup
[8.553s] [ext: omni.kit.window.extensions-1.5.10] startup
[8.558s] [ext: isaacsim.gui.components-1.8.5] startup
[8.561s] [ext: isaacsim.robot.surface_gripper-3.6.2] startup
[8.571s] [ext: isaacsim.robot.manipulators-3.4.4] startup
[8.580s] [ext: isaacsim.robot_motion.lula-4.1.3] startup
[8.586s] [ext: isaacsim.robot_motion.motion_generation-8.2.9] startup
[8.590s] [ext: isaacsim.cortex.framework-1.0.18] startup
[8.591s] [ext: isaacsim.cortex.behaviors-2.0.17] startup
[8.593s] [ext: isaacsim.examples.base-1.3.2] startup
[8.594s] [ext: omni.kit.widget.zoombar-1.0.7] startup
[8.595s] [ext: omni.kit.browser.core-2.3.18] startup
[8.598s] [ext: omni.kit.browser.folder.core-2.0.2] startup
[8.601s] [ext: omni.kit.widget.stage_icons-1.0.8] startup
[8.602s] [ext: omni.kit.window.stage-2.6.1] startup
[8.605s] [ext: omni.kit.menu.stage-1.2.7] startup
[8.606s] [ext: omni.kit.usd.collect-3.0.6] startup
[8.608s] [ext: omni.kit.widget.prompt-1.0.7] startup
[8.609s] [ext: omni.kit.tool.collect-2.2.19] startup
[8.610s] [ext: isaacsim.examples.browser-0.3.2] startup
[8.612s] [ext: omni.kit.search.files-1.0.4] startup
[8.613s] [ext: omni.kit.widget.calendar-1.0.9] startup
[8.614s] [ext: omni.kit.widget.extended_searchfield-1.0.31] startup
[8.621s] [ext: omni.simready.content.browser-0.3.7] startup
[8.711s] [ext: isaacsim.gui.content_browser-0.4.3] startup
[8.713s] [ext: omni.kit.selection-0.1.6] startup
[8.715s] [ext: isaacsim.gui.menu-2.10.5] startup
[8.721s] [ext: isaacsim.gui.property-1.6.4] startup
[8.727s] [ext: omni.kit.viewport.actions-110.0.0] startup
[8.731s] [ext: omni.kit.viewport.menubar.display-107.1.3] startup
[8.732s] [ext: isaacsim.gui.sensors.icon-2.2.1] startup
[8.735s] [ext: omni.behavior.scripting.core-110.1.0] startup
[8.737s] [ext: isaacsim.replicator.behavior-1.5.4] startup
[8.738s] [ext: isaacsim.replicator.experimental.domain_randomization-1.2.5] startup
[8.751s] [ext: isaacsim.replicator.domain_randomization-1.2.2] startup
[8.821s] [ext: isaacsim.replicator.writers-1.5.4] startup
[8.845s] [ext: isaacsim.robot.experimental.wheeled_robots-0.2.11] startup
[8.865s] [ext: isaacsim.robot.policy.examples-5.2.12] startup
[8.882s] [ext: isaacsim.robot.wheeled_robots-5.2.4] startup
[8.885s] [ext: isaacsim.robot.wheeled_robots.nodes-0.1.5] startup
[8.901s] [ext: isaacsim.robot_motion.experimental.motion_generation-6.1.3] startup
[8.911s] [ext: isaacsim.robot_motion.cumotion-1.3.1] startup
[8.922s] [ext: omni.kit.numpy.common-0.1.3] startup
[8.924s] [ext: isaacsim.sensors.camera-1.7.9] startup
[8.951s] [ext: isaacsim.sensors.experimental.physics-3.0.2] startup
[8.958s] [ext: omni.sensors.net-1.0.1] startup
[8.960s] [ext: omni.sensors.nv.common-3.0.0] startup
[8.969s] [ext: omni.sensors.nv.materials-2.0.0] startup
[8.971s] [ext: omni.sensors.nv.acoustic-3.0.0] startup
[8.973s] [ext: omni.sensors.nv.ids-2.0.1] startup
[8.975s] [ext: omni.sensors.nv.lidar-3.0.0] startup
[8.978s] [ext: omni.sensors.nv.radar-3.0.0] startup
[8.980s] [ext: isaacsim.sensors.experimental.rtx-1.4.6] startup
[9.222s] [ext: isaacsim.sensors.physics.nodes-1.5.3] startup
[9.227s] [ext: isaacsim.util.debug_draw-3.2.3] startup
[9.232s] [ext: isaacsim.sensors.physx-2.5.5] startup
[9.238s] [ext: isaacsim.sensors.rtx-15.17.1] startup
[9.247s] [ext: isaacsim.simulation_app-2.18.4] startup
[9.247s] [ext: omni.anim.curve.core-1.6.0] startup
[9.256s] [ext: omni.graph.ui_nodes-2.11.1] startup
[9.276s] [ext: omni.hydra.scene_api-0.1.3] startup
[9.279s] [ext: omni.kit.manipulator.camera-110.0.0] startup
[9.282s] [ext: omni.kit.manipulator.selector-1.1.4] startup
[9.284s] [ext: omni.kit.manipulator.transform-107.0.0] startup
[9.287s] [ext: omni.kit.widget.toolbar-2.1.0] startup
[9.292s] [ext: omni.kit.manipulator.tool.snap-1.5.14] startup
[9.295s] [ext: omni.kit.viewport.manipulator.transform-107.0.4] startup
[9.297s] [ext: omni.kit.manipulator.prim.core-108.0.2] startup
[9.302s] [ext: omni.kit.manipulator.prim.usd-107.0.3] startup
[9.303s] [ext: omni.kit.manipulator.prim-108.0.0] startup
[9.303s] [ext: omni.kit.manipulator.selection-109.0.1] startup
[9.304s] [ext: omni.kit.menu.create-2.0.2] startup
[9.305s] [ext: omni.kit.property.audio-1.0.16] startup
[9.308s] [ext: omni.kit.property.camera-1.0.14] startup
[9.309s] [ext: omni.kit.property.geometry-2.1.2] startup
[9.312s] [ext: omni.kit.property.light-1.0.14] startup
2026-09-29T12:06:46Z [9,313ms] [Warning] [omni.usd] Encountered USD Warnings but USD Diagnostics are currently muted. To view USD Warnings, please set the '/persistent/app/usd/muteUsdDiagnostics' setting to false in Preferences page.
[9.339s] [ext: omni.kit.property.material-1.14.6] startup
[9.344s] [ext: omni.kit.property.render-1.2.2] startup
[9.345s] [ext: omni.kit.property.transform-1.6.9] startup
[9.348s] [ext: omni.kit.property.bundle-1.5.1] startup
[9.349s] [ext: omni.kit.usdz_export-1.1.0] startup
[9.351s] [ext: omni.kit.tool.asset_importer-6.0.1] startup
[9.356s] [ext: omni.kit.ui.actions-1.0.5] startup
[9.357s] [ext: omni.kit.viewport.menubar.camera-107.0.10] startup
[9.361s] [ext: omni.kit.viewport.menubar.lighting-107.3.2] startup
[9.363s] [ext: omni.kit.viewport.menubar.render-110.0.0] startup
[9.365s] [ext: omni.kit.viewport.menubar.settings-110.0.1] startup
[9.368s] [ext: omni.kit.window.console-1.1.9] startup
[9.372s] [ext: omni.kit.window.status_bar-0.1.11] startup
[9.374s] [ext: omni.kit.window.toolbar-3.0.3] startup
[9.376s] [ext: omni.ocio-0.1.1] startup
[9.377s] [ext: omni.physx.commands-110.1.13] startup
[9.380s] [ext: omni.replicator.replicator_yaml-2.0.12] startup
[9.389s] [ext: omni.rtx.window.settings-0.8.0] startup
[9.393s] [ext: omni.rtx.settings.core-0.7.1] startup
[9.395s] [ext: omni.usd.metrics.assembler.ui-110.1.1] startup
[9.402s] [ext: semantics.schema.editor-2.0.2] startup
[9.404s] [ext: semantics.schema.property-2.0.2] startup
[9.405s] [ext: omni.kit.menu.common-2.0.2] startup
[9.406s] [ext: isaacsim.exp.base-6.0.1] startup
[9.407s] [ext: isaacsim.exp.base.python-6.0.1] startup
[9.408s] Simulation App Starting
[10.449s] Simulation App Startup Complete
[10.454s] app ready
Starting kit application with the following args:  ['/home/starry/isaac-data/isaacsim/exts/isaacsim.simulation_app/isaacsim/simulation_app/simulation_app.py', '/home/starry/isaac-data/isaacsim/apps/isaacsim.exp.base.python.kit', '--/app/tokens/exe-path=/home/starry/isaac-data/isaacsim/kit', '--/persistent/app/viewport/displayOptions=3094', '--/rtx/materialDb/syncLoads=True', '--/rtx/hydra/materialSyncLoads=True', '--/omni/kit/plugin/syncUsdLoads=True', '--/app/renderer/resolution/width=1280', '--/app/renderer/resolution/height=720', '--/app/window/width=1440', '--/app/window/height=900', '--/renderer/multiGpu/enabled=False', '--/app/fastShutdown=True', '--/app/installSignalHandlers=0', '--ext-folder', '/home/starry/isaac-data/isaacsim/exts', '--ext-folder', '/home/starry/isaac-data/isaacsim/apps', '--/renderer/activeGpu=0', '--/physics/cudaDevice=0', '--/plugins/carb.tasking.plugin/threadCount=12', '--/plugins/omni.tbb.globalcontrol/maxThreadCount=12', '--portable', '--no-window', '--/app/window/hideUi=1']
Passing the following args to the base kit application:  []
Warp 1.13.0 initialized:
   CUDA Toolkit 12.9, Driver 13.0
   Devices:
     "cpu"      : "x86_64"
     "cuda:0"   : "NVIDIA GeForce RTX 5070" (11 GiB, sm_120, mempool enabled)
   Kernel cache:
     /home/starry/.cache/warp/1.13.0
[LIGHTING] sun=800.0 (1) dome=0.0 (1) ambient=0.05 constant_color=(0.6, 0.65, 0.7)
[RENDER] mode=MinimalRendering minimal_shading_mode=2 anti_aliasing=TAA
[DEPTH CAMERAS] count=4 resolution_each=320x240 horizontal_coverage=360deg
[ESDF] path=/home/starry/isaac-data/EGO1P1/scenes/ego_swarm_cloud/occupancy.bin shape=(400, 300, 50) resolution=0.40m
[depth_angular_controller-1] [INFO] [1790683610.244340317] [depth_angular_controller]: WAITING_ODOMETRY
[NAV] t=0.0s position=(-64.00,-11.20,2.80) yaw=1.2deg command=(0.00,0.00,0.00) manual_active=0 collision_blocks=0
[depth_angular_controller-1] [INFO] [1790683610.612781078] [depth_angular_controller]: WAITING_VERIFIED_START_POSE
[depth_angular_controller-1] [INFO] [1790683610.648694901] [depth_angular_controller]: VERIFIED_FREE_SEED center=(-64.000,-11.200,2.800) radius=2.500 balls=1: verified fixed Cloud free ball; USD and occupancy SHA-256 matched
[depth_angular_controller-1] [INFO] [1790683610.649826525] [depth_angular_controller]: ZERO_INTENT
[depth_angular_controller-1] [INFO] [1790683612.279021624] [depth_angular_controller]: 3D guidance switched to view 0
[depth_angular_controller-1] [INFO] [1790683612.280348785] [depth_angular_controller]: TARGET_HOLD
[depth_angular_controller-1] [INFO] [1790683612.280366358] [depth_angular_controller]: PAPER_BUILD reason=READY required=0.0100 best=8.0717 free=25 refined=0 tubes=0 revoked_tubes=0 proofs=0
[depth_angular_controller-1] [INFO] [1790683612.280378541] [depth_angular_controller]: PAPER_EVIDENCE retained=7 balls=1 revoked_balls=0 expired_views=0 evicted_views=0 radius=0.580 clearance=0.500 best_prefix=8.072
[depth_angular_controller-1] [INFO] [1790683612.550765140] [depth_angular_controller]: CERTIFIED_REENTRY
[depth_angular_controller-1] [INFO] [1790683612.598369892] [depth_angular_controller]: TARGET_HOLD
[depth_angular_controller-1] [INFO] [1790683612.690073267] [depth_angular_controller]: INTENT_DIRECT
[depth_angular_controller-1] [INFO] [1790683612.734656779] [depth_angular_controller]: TARGET_HOLD
[depth_angular_controller-1] [INFO] [1790683612.911015843] [depth_angular_controller]: INTENT_DIRECT
[depth_angular_controller-1] [INFO] [1790683612.955912783] [depth_angular_controller]: TARGET_HOLD
[depth_angular_controller-1] [INFO] [1790683613.341352564] [depth_angular_controller]: PAPER_BUILD reason=READY required=0.4382 best=8.0717 free=20 refined=0 tubes=2 revoked_tubes=0 proofs=47
[depth_angular_controller-1] [INFO] [1790683613.341393471] [depth_angular_controller]: PAPER_EVIDENCE retained=11 balls=4 revoked_balls=0 expired_views=0 evicted_views=0 radius=0.580 clearance=0.919 best_prefix=8.072
[depth_angular_controller-1] [INFO] [1790683613.358052452] [depth_angular_controller]: INTENT_DIRECT
[depth_angular_controller-1] [INFO] [1790683613.382971133] [depth_angular_controller]: TARGET_HOLD
[depth_angular_controller-1] [INFO] [1790683613.445495722] [depth_angular_controller]: INTENT_DIRECT
[depth_angular_controller-1] [INFO] [1790683613.474132520] [depth_angular_controller]: TARGET_HOLD
[10.981s] [ext: isaacsim.sensors.rtx.nodes-0.1.2] startup
[10.989s] [ext: isaacsim.ros2.core-1.9.4] startup
[11.003s] Attempting to load system rclpy
[11.003s] Could not import system rclpy: No module named 'rclpy'
[11.003s] Attempting to load internal rclpy for ROS Distro: humble
[11.014s] rclpy loaded
[11.017s] [ext: isaacsim.ros2.nodes-1.18.13] startup
[11.053s] [ext: isaacsim.ros2.examples-1.2.4] startup
[11.058s] [ext: isaacsim.ros2.ui-1.6.5] startup
[11.285s] [ext: isaacsim.ros2.bridge-5.1.2] startup
2026-09-29T12:06:50Z [13,201ms] [Warning] [omni.timeline.plugin] Deprecated: direct use of ITimeline callbacks is deprecated. Use ITimeline::getTimeline (Python: omni.timeline.get_timeline_interface) instead.
[depth_angular_controller-1] [INFO] [1790683613.854089362] [depth_angular_controller]: CERTIFIED_REENTRY
[depth_angular_controller-1] [INFO] [1790683614.335999963] [depth_angular_controller]: PAPER_BUILD reason=READY required=1.9062 best=8.0717 free=46 refined=0 tubes=5 revoked_tubes=0 proofs=93
[depth_angular_controller-1] [INFO] [1790683614.336040279] [depth_angular_controller]: PAPER_EVIDENCE retained=15 balls=15 revoked_balls=0 expired_views=0 evicted_views=0 radius=0.580 clearance=7.901 best_prefix=8.072
[depth_angular_controller-1] [INFO] [1790683614.587989631] [depth_angular_controller]: TARGET_HOLD
[depth_angular_controller-1] [INFO] [1790683614.672908924] [depth_angular_controller]: CERTIFIED_DIRECT
[depth_angular_controller-1] [INFO] [1790683614.700968078] [depth_angular_controller]: TARGET_HOLD
[depth_angular_controller-1] [INFO] [1790683614.858125309] [depth_angular_controller]: CERTIFIED_DIRECT
[position_cmd_to_twist-2] [INFO] [1790683615.205046889] [position_cmd_to_twist]: [PERF BRIDGE] run=iteration5_ego1p1_1 elapsed=18.29s received=246 published=246 fps(ros/wall)=50.00/53.53 controller_to_bridge_ms(mean/p50/p95/max)=1.694/0.000/16.667/33.333 bridge_process_ms(mean/p95/max)=0.101/0.130/0.909
[depth_angular_controller-1] [INFO] [1790683615.239794785] [depth_angular_controller]: CERTIFIED_REENTRY
[NAV] t=5.0s position=(-60.31,-10.18,2.59) yaw=9.8deg command=(1.96,0.37,-0.01) manual_active=1 collision_blocks=0
[depth_angular_controller-1] [INFO] [1790683615.287052145] [depth_angular_controller]: PAPER_BUILD reason=READY required=2.0659 best=8.0717 free=104 refined=0 tubes=9 revoked_tubes=0 proofs=128
[depth_angular_controller-1] [INFO] [1790683615.287093412] [depth_angular_controller]: PAPER_EVIDENCE retained=19 balls=30 revoked_balls=0 expired_views=0 evicted_views=0 radius=0.580 clearance=8.061 best_prefix=8.072
[depth_angular_controller-1] [INFO] [1790683615.437444501] [depth_angular_controller]: CERTIFIED_DIRECT
[depth_angular_controller-1] [INFO] [1790683615.624124713] [depth_angular_controller]: [PERF CTRL] run=iteration5_ego1p1_1 elapsed=18.82s callbacks=270 commands=269 guidance=169 command_fps(ros/wall)=49.94/53.48 guidance_wall_fps=50.22 avoid_ms(mean/p50/p95/max)=3.056/0.511/11.262/15.519 cycle_ms(mean/p95/max)=18.699/31.751/91.780 depth_to_cmd_ms(mean/p95/max)=32.840/33.333/50.000 callback_to_publish_ms(mean/p95/max)=8.253/16.401/21.680
[depth_angular_controller-1] [INFO] [1790683615.705534481] [depth_angular_controller]: CERTIFIED_REENTRY
[depth_angular_controller-1] [INFO] [1790683615.944090560] [depth_angular_controller]: TARGET_HOLD
[depth_angular_controller-1] [INFO] [1790683616.148667916] [depth_angular_controller]: CERTIFIED_REENTRY
[depth_angular_controller-1] [INFO] [1790683616.292926422] [depth_angular_controller]: PAPER_BUILD reason=READY required=2.0555 best=8.0717 free=4 refined=0 tubes=13 revoked_tubes=0 proofs=128
[depth_angular_controller-1] [INFO] [1790683616.292965425] [depth_angular_controller]: PAPER_EVIDENCE retained=23 balls=32 revoked_balls=0 expired_views=0 evicted_views=0 radius=0.580 clearance=8.050 best_prefix=8.072
[depth_angular_controller-1] [INFO] [1790683616.338000234] [depth_angular_controller]: CERTIFIED_DIRECT
[depth_angular_controller-1] [INFO] [1790683617.236325311] [depth_angular_controller]: PAPER_BUILD reason=CERTIFIED_INTENT_CORRIDOR required=2.0654 best=8.1154 free=0 refined=0 tubes=17 revoked_tubes=0 proofs=128
[depth_angular_controller-1] [INFO] [1790683617.236359285] [depth_angular_controller]: PAPER_EVIDENCE retained=27 balls=32 revoked_balls=0 expired_views=0 evicted_views=0 radius=0.580 clearance=8.115 best_prefix=8.072
[depth_angular_controller-1] [INFO] [1790683617.582883880] [depth_angular_controller]: CERTIFIED_REENTRY
[depth_angular_controller-1] [INFO] [1790683618.028628545] [depth_angular_controller]: TARGET_HOLD
[depth_angular_controller-1] [INFO] [1790683618.571334681] [depth_angular_controller]: PAPER_BUILD reason=READY required=2.0287 best=8.0717 free=49 refined=0 tubes=21 revoked_tubes=0 proofs=128
[depth_angular_controller-1] [INFO] [1790683618.571368365] [depth_angular_controller]: PAPER_EVIDENCE retained=31 balls=32 revoked_balls=0 expired_views=0 evicted_views=0 radius=0.580 clearance=2.117 best_prefix=8.072
[depth_angular_controller-1] [INFO] [1790683619.350103036] [depth_angular_controller]: TRACKING
[depth_angular_controller-1] [INFO] [1790683619.464849502] [depth_angular_controller]: TARGET_HOLD
[depth_angular_controller-1] [INFO] [1790683619.577226642] [depth_angular_controller]: CERTIFIED_REENTRY
[depth_angular_controller-1] [INFO] [1790683619.645630854] [depth_angular_controller]: TARGET_HOLD
[depth_angular_controller-1] [INFO] [1790683619.657231373] [depth_angular_controller]: PAPER_BUILD reason=READY required=2.0319 best=8.0717 free=131 refined=0 tubes=26 revoked_tubes=0 proofs=128
[depth_angular_controller-1] [INFO] [1790683619.657643136] [depth_angular_controller]: PAPER_EVIDENCE retained=32 balls=32 revoked_balls=0 expired_views=0 evicted_views=3 radius=0.580 clearance=2.117 best_prefix=8.072
[depth_angular_controller-1] [INFO] [1790683620.192965727] [depth_angular_controller]: TRACKING
[depth_angular_controller-1] [INFO] [1790683620.214211375] [depth_angular_controller]: REFERENCE_INITIALIZATION
[depth_angular_controller-1] [INFO] [1790683620.319386009] [depth_angular_controller]: TRACKING
[depth_angular_controller-1] [INFO] [1790683620.347293979] [depth_angular_controller]: REFERENCE_INITIALIZATION
[depth_angular_controller-1] [INFO] [1790683620.494262250] [depth_angular_controller]: TARGET_HOLD
[depth_angular_controller-1] [INFO] [1790683620.633272347] [depth_angular_controller]: [PERF CTRL] run=iteration5_ego1p1_1 elapsed=23.83s callbacks=492 commands=491 guidance=391 command_fps(ros/wall)=49.92/48.90 guidance_wall_fps=46.68 avoid_ms(mean/p50/p95/max)=2.762/0.376/11.170/15.520 cycle_ms(mean/p95/max)=20.450/35.605/103.294 depth_to_cmd_ms(mean/p95/max)=31.756/33.333/50.000 callback_to_publish_ms(mean/p95/max)=10.055/21.379/26.978
[position_cmd_to_twist-2] [INFO] [1790683620.706474142] [position_cmd_to_twist]: [PERF BRIDGE] run=iteration5_ego1p1_1 elapsed=23.80s received=494 published=494 fps(ros/wall)=49.88/48.93 controller_to_bridge_ms(mean/p50/p95/max)=2.699/0.000/16.667/33.333 bridge_process_ms(mean/p95/max)=0.110/0.134/1.251
[NAV] t=10.0s position=(-51.27,-6.68,2.95) yaw=8.8deg command=(1.84,0.62,0.08) manual_active=1 collision_blocks=0
[depth_angular_controller-1] [INFO] [1790683620.789147702] [depth_angular_controller]: PAPER_BUILD reason=READY required=1.9877 best=8.0717 free=352 refined=0 tubes=30 revoked_tubes=0 proofs=128
[depth_angular_controller-1] [INFO] [1790683620.789596414] [depth_angular_controller]: PAPER_EVIDENCE retained=32 balls=32 revoked_balls=0 expired_views=0 evicted_views=7 radius=0.580 clearance=2.117 best_prefix=8.072
[depth_angular_controller-1] [INFO] [1790683621.372789065] [depth_angular_controller]: CERTIFIED_REENTRY
[depth_angular_controller-1] [INFO] [1790683621.461389216] [depth_angular_controller]: TARGET_HOLD
[depth_angular_controller-1] [INFO] [1790683621.739380576] [depth_angular_controller]: PAPER_BUILD reason=READY required=1.1922 best=8.0717 free=352 refined=0 tubes=34 revoked_tubes=0 proofs=128
[depth_angular_controller-1] [INFO] [1790683621.739416914] [depth_angular_controller]: PAPER_EVIDENCE retained=32 balls=32 revoked_balls=0 expired_views=0 evicted_views=11 radius=0.580 clearance=0.744 best_prefix=8.072
[depth_angular_controller-1] [INFO] [1790683621.879078043] [depth_angular_controller]: CERTIFIED_REENTRY
[depth_angular_controller-1] [INFO] [1790683621.932747375] [depth_angular_controller]: TARGET_HOLD
[depth_angular_controller-1] [INFO] [1790683622.177142661] [depth_angular_controller]: CERTIFIED_REENTRY
[depth_angular_controller-1] [INFO] [1790683622.290464924] [depth_angular_controller]: TARGET_HOLD
[depth_angular_controller-1] [INFO] [1790683622.314064410] [depth_angular_controller]: CERTIFIED_REENTRY
[depth_angular_controller-1] [INFO] [1790683622.360161512] [depth_angular_controller]: TARGET_HOLD
[depth_angular_controller-1] [INFO] [1790683622.873157276] [depth_angular_controller]: PAPER_BUILD reason=READY required=0.3134 best=4.0383 free=321 refined=0 tubes=37 revoked_tubes=0 proofs=128
[depth_angular_controller-1] [INFO] [1790683622.873192623] [depth_angular_controller]: PAPER_EVIDENCE retained=32 balls=32 revoked_balls=0 expired_views=0 evicted_views=15 radius=0.580 clearance=0.455 best_prefix=4.038
[depth_angular_controller-1] [INFO] [1790683623.148259064] [depth_angular_controller]: 3D guidance switched to view 1
[depth_angular_controller-1] [INFO] [1790683623.662569896] [depth_angular_controller]: CERTIFIED_REENTRY
[depth_angular_controller-1] [INFO] [1790683623.710136085] [depth_angular_controller]: NO_REGULAR_FIELD
[depth_angular_controller-1] [INFO] [1790683623.750412425] [depth_angular_controller]: CERTIFIED_REENTRY
[depth_angular_controller-1] [INFO] [1790683623.969411564] [depth_angular_controller]: PAPER_BUILD reason=STATE_OUTSIDE_COMPONENT required=0.2626 best=8.0717 free=836 refined=1 tubes=40 revoked_tubes=0 proofs=128
[depth_angular_controller-1] [INFO] [1790683623.969450788] [depth_angular_controller]: PAPER_EVIDENCE retained=32 balls=32 revoked_balls=0 expired_views=0 evicted_views=19 radius=0.580 clearance=0.508 best_prefix=8.072
[depth_angular_controller-1] [INFO] [1790683624.047031791] [depth_angular_controller]: TARGET_HOLD
[depth_angular_controller-1] [INFO] [1790683624.753205780] [depth_angular_controller]: CERTIFIED_REENTRY
[depth_angular_controller-1] [INFO] [1790683624.919437330] [depth_angular_controller]: TARGET_HOLD
[depth_angular_controller-1] [INFO] [1790683625.083679185] [depth_angular_controller]: PAPER_BUILD reason=READY required=0.7281 best=8.0717 free=393 refined=1 tubes=42 revoked_tubes=0 proofs=128
[depth_angular_controller-1] [INFO] [1790683625.083717477] [depth_angular_controller]: PAPER_EVIDENCE retained=32 balls=32 revoked_balls=0 expired_views=0 evicted_views=23 radius=0.580 clearance=1.317 best_prefix=8.072
[depth_angular_controller-1] [INFO] [1790683625.350439419] [depth_angular_controller]: CERTIFIED_REENTRY
[depth_angular_controller-1] [INFO] [1790683625.506237159] [depth_angular_controller]: TARGET_HOLD
[depth_angular_controller-1] [INFO] [1790683625.656595852] [depth_angular_controller]: [PERF CTRL] run=iteration5_ego1p1_1 elapsed=28.86s callbacks=645 commands=644 guidance=544 command_fps(ros/wall)=44.34/42.74 guidance_wall_fps=40.59 avoid_ms(mean/p50/p95/max)=6.194/0.675/33.014/60.328 cycle_ms(mean/p95/max)=23.396/56.259/103.294 depth_to_cmd_ms(mean/p95/max)=28.891/33.333/50.000 callback_to_publish_ms(mean/p95/max)=14.533/39.621/79.075
[depth_angular_controller-1] [INFO] [1790683625.893058633] [depth_angular_controller]: CERTIFIED_REENTRY
[position_cmd_to_twist-2] [INFO] [1790683626.038413596] [position_cmd_to_twist]: [PERF BRIDGE] run=iteration5_ego1p1_1 elapsed=29.13s received=657 published=657 fps(ros/wall)=44.22/42.62 controller_to_bridge_ms(mean/p50/p95/max)=8.676/0.000/33.333/83.333 bridge_process_ms(mean/p95/max)=0.112/0.134/1.251
[depth_angular_controller-1] [INFO] [1790683626.107429587] [depth_angular_controller]: TARGET_HOLD
[NAV] t=15.0s position=(-48.26,-3.63,3.79) yaw=7.5deg command=(0.56,1.74,0.26) manual_active=1 collision_blocks=0
[depth_angular_controller-1] [INFO] [1790683626.188943841] [depth_angular_controller]: PAPER_BUILD reason=READY required=1.7498 best=8.0717 free=9 refined=0 tubes=46 revoked_tubes=0 proofs=128
[depth_angular_controller-1] [INFO] [1790683626.188985039] [depth_angular_controller]: PAPER_EVIDENCE retained=32 balls=32 revoked_balls=0 expired_views=0 evicted_views=27 radius=0.580 clearance=2.117 best_prefix=8.072
[depth_angular_controller-1] [INFO] [1790683626.784005645] [depth_angular_controller]: CERTIFIED_REENTRY
[depth_angular_controller-1] [INFO] [1790683627.003140519] [depth_angular_controller]: 3D guidance switched to view 0
[depth_angular_controller-1] [INFO] [1790683627.168808530] [depth_angular_controller]: PAPER_BUILD reason=READY required=2.0339 best=8.0717 free=416 refined=1 tubes=50 revoked_tubes=0 proofs=128
[depth_angular_controller-1] [INFO] [1790683627.169230472] [depth_angular_controller]: PAPER_EVIDENCE retained=32 balls=32 revoked_balls=0 expired_views=0 evicted_views=31 radius=0.580 clearance=8.029 best_prefix=8.072
[depth_angular_controller-1] [INFO] [1790683627.360505055] [depth_angular_controller]: 3D guidance switched to view 1
[depth_angular_controller-1] [INFO] [1790683627.557297443] [depth_angular_controller]: TARGET_HOLD
[depth_angular_controller-1] [INFO] [1790683628.168482151] [depth_angular_controller]: PAPER_BUILD reason=READY required=1.9980 best=8.0717 free=128 refined=0 tubes=55 revoked_tubes=0 proofs=128
[depth_angular_controller-1] [INFO] [1790683628.168524761] [depth_angular_controller]: PAPER_EVIDENCE retained=32 balls=32 revoked_balls=0 expired_views=0 evicted_views=35 radius=0.580 clearance=2.117 best_prefix=8.072
[depth_angular_controller-1] [INFO] [1790683628.182854401] [depth_angular_controller]: 3D guidance switched to view 0
[depth_angular_controller-1] [INFO] [1790683628.386152116] [depth_angular_controller]: 3D guidance switched to view 1
[depth_angular_controller-1] [INFO] [1790683628.551771276] [depth_angular_controller]: CERTIFIED_REENTRY
[depth_angular_controller-1] [INFO] [1790683628.566315900] [depth_angular_controller]: 3D guidance switched to view 0
[depth_angular_controller-1] [INFO] [1790683628.727521237] [depth_angular_controller]: COMPUTE_DEADLINE
[depth_angular_controller-1] [INFO] [1790683628.837522428] [depth_angular_controller]: TARGET_HOLD
[depth_angular_controller-1] [INFO] [1790683628.925892016] [depth_angular_controller]: COMPUTE_DEADLINE
[depth_angular_controller-1] [INFO] [1790683629.001778530] [depth_angular_controller]: TARGET_HOLD
[depth_angular_controller-1] [INFO] [1790683629.157279914] [depth_angular_controller]: COMPUTE_DEADLINE
[depth_angular_controller-1] [INFO] [1790683629.180429575] [depth_angular_controller]: TARGET_HOLD
[depth_angular_controller-1] [INFO] [1790683629.303596181] [depth_angular_controller]: COMPUTE_DEADLINE
[depth_angular_controller-1] [INFO] [1790683629.303629053] [depth_angular_controller]: PAPER_BUILD reason=READY required=1.1848 best=8.0717 free=271 refined=0 tubes=59 revoked_tubes=0 proofs=128
[depth_angular_controller-1] [INFO] [1790683629.303636948] [depth_angular_controller]: PAPER_EVIDENCE retained=32 balls=32 revoked_balls=0 expired_views=0 evicted_views=39 radius=0.580 clearance=0.500 best_prefix=8.072
[depth_angular_controller-1] [INFO] [1790683629.325188299] [depth_angular_controller]: TARGET_HOLD
[depth_angular_controller-1] [INFO] [1790683629.420625340] [depth_angular_controller]: COMPUTE_DEADLINE
[depth_angular_controller-1] [INFO] [1790683630.349550620] [depth_angular_controller]: PAPER_BUILD reason=READY required=0.0770 best=8.0717 free=286 refined=0 tubes=61 revoked_tubes=0 proofs=128
[depth_angular_controller-1] [INFO] [1790683630.349593630] [depth_angular_controller]: PAPER_EVIDENCE retained=32 balls=32 revoked_balls=0 expired_views=0 evicted_views=43 radius=0.580 clearance=6.072 best_prefix=8.072
[depth_angular_controller-1] [INFO] [1790683630.776261046] [depth_angular_controller]: [PERF CTRL] run=iteration5_ego1p1_1 elapsed=33.97s callbacks=788 commands=787 guidance=687 command_fps(ros/wall)=40.17/38.98 guidance_wall_fps=37.09 avoid_ms(mean/p50/p95/max)=8.914/0.810/41.819/142.132 cycle_ms(mean/p95/max)=25.653/66.129/154.785 depth_to_cmd_ms(mean/p95/max)=27.802/33.333/66.667 callback_to_publish_ms(mean/p95/max)=17.885/55.695/154.713
[position_cmd_to_twist-2] [INFO] [1790683630.901362403] [position_cmd_to_twist]: [PERF BRIDGE] run=iteration5_ego1p1_1 elapsed=33.99s received=787 published=777 fps(ros/wall)=40.17/38.49 controller_to_bridge_ms(mean/p50/p95/max)=12.431/0.000/50.000/183.333 bridge_process_ms(mean/p95/max)=0.113/0.141/1.496
[NAV] t=20.0s position=(-44.21,1.71,4.35) yaw=5.0deg command=(0.00,0.00,0.00) manual_active=1 collision_blocks=0
[depth_angular_controller-1] [INFO] [1790683631.235438218] [depth_angular_controller]: PAPER_BUILD reason=READY required=0.0100 best=8.0717 free=24 refined=0 tubes=61 revoked_tubes=0 proofs=128
[depth_angular_controller-1] [INFO] [1790683631.235480136] [depth_angular_controller]: PAPER_EVIDENCE retained=32 balls=32 revoked_balls=0 expired_views=0 evicted_views=43 radius=0.580 clearance=0.500 best_prefix=8.072
[depth_angular_controller-1] [INFO] [1790683631.694412889] [depth_angular_controller]: TARGET_HOLD
[depth_angular_controller-1] [INFO] [1790683631.875428301] [depth_angular_controller]: COMPUTE_DEADLINE
[depth_angular_controller-1] [INFO] [1790683632.022877684] [depth_angular_controller]: TARGET_HOLD
[depth_angular_controller-1] [INFO] [1790683632.173477961] [depth_angular_controller]: COMPUTE_DEADLINE
[depth_angular_controller-1] [INFO] [1790683632.188342685] [depth_angular_controller]: TARGET_HOLD
[depth_angular_controller-1] [INFO] [1790683632.362659035] [depth_angular_controller]: COMPUTE_DEADLINE
[depth_angular_controller-1] [INFO] [1790683632.362689573] [depth_angular_controller]: PAPER_BUILD reason=READY required=0.0100 best=8.0717 free=24 refined=0 tubes=61 revoked_tubes=0 proofs=128
[depth_angular_controller-1] [INFO] [1790683632.362697387] [depth_angular_controller]: PAPER_EVIDENCE retained=32 balls=32 revoked_balls=0 expired_views=0 evicted_views=43 radius=0.580 clearance=0.500 best_prefix=8.072
[depth_angular_controller-1] [INFO] [1790683633.273429196] [depth_angular_controller]: PAPER_BUILD reason=READY required=0.0100 best=8.0717 free=24 refined=0 tubes=61 revoked_tubes=0 proofs=128
[depth_angular_controller-1] [INFO] [1790683633.273894299] [depth_angular_controller]: PAPER_EVIDENCE retained=32 balls=32 revoked_balls=0 expired_views=0 evicted_views=43 radius=0.580 clearance=0.500 best_prefix=8.072
[depth_angular_controller-1] [INFO] [1790683634.195579292] [depth_angular_controller]: PAPER_BUILD reason=READY required=0.0100 best=8.0717 free=24 refined=0 tubes=61 revoked_tubes=0 proofs=128
[depth_angular_controller-1] [INFO] [1790683634.195620830] [depth_angular_controller]: PAPER_EVIDENCE retained=32 balls=32 revoked_balls=0 expired_views=0 evicted_views=43 radius=0.580 clearance=0.500 best_prefix=8.072
[depth_angular_controller-1] [INFO] [1790683634.815139427] [depth_angular_controller]: CERTIFIED_REENTRY
[depth_angular_controller-1] [INFO] [1790683634.965217965] [depth_angular_controller]: COMPUTE_DEADLINE
[depth_angular_controller-1] [INFO] [1790683635.115654454] [depth_angular_controller]: TARGET_HOLD
[depth_angular_controller-1] [INFO] [1790683635.268821627] [depth_angular_controller]: COMPUTE_DEADLINE
[depth_angular_controller-1] [INFO] [1790683635.268852365] [depth_angular_controller]: PAPER_BUILD reason=READY required=0.0100 best=8.0717 free=24 refined=0 tubes=61 revoked_tubes=0 proofs=128
[depth_angular_controller-1] [INFO] [1790683635.268860460] [depth_angular_controller]: PAPER_EVIDENCE retained=32 balls=32 revoked_balls=0 expired_views=0 evicted_views=43 radius=0.580 clearance=0.500 best_prefix=8.072
[position_cmd_to_twist-2] [INFO] [1790683635.424561779] [position_cmd_to_twist]: [PERF BRIDGE] run=iteration5_ego1p1_1 elapsed=38.52s received=825 published=792 fps(ros/wall)=33.56/32.08 controller_to_bridge_ms(mean/p50/p95/max)=17.798/0.000/83.333/200.000 bridge_process_ms(mean/p95/max)=0.113/0.141/1.496
[NAV] t=25.0s position=(-44.19,1.71,4.36) yaw=5.0deg command=(0.00,0.00,0.00) manual_active=1 collision_blocks=0
[depth_angular_controller-1] [INFO] [1790683635.882926045] [depth_angular_controller]: [PERF CTRL] run=iteration5_ego1p1_1 elapsed=39.08s callbacks=830 commands=829 guidance=729 command_fps(ros/wall)=32.73/32.77 guidance_wall_fps=30.84 avoid_ms(mean/p50/p95/max)=14.653/0.887/110.465/149.060 cycle_ms(mean/p95/max)=30.519/115.697/180.342 depth_to_cmd_ms(mean/p95/max)=27.298/33.333/66.667 callback_to_publish_ms(mean/p95/max)=23.082/115.613/161.703
[depth_angular_controller-1] [INFO] [1790683636.198544744] [depth_angular_controller]: PAPER_BUILD reason=READY required=0.0100 best=8.0717 free=24 refined=0 tubes=61 revoked_tubes=0 proofs=128
[depth_angular_controller-1] [INFO] [1790683636.198584108] [depth_angular_controller]: PAPER_EVIDENCE retained=32 balls=32 revoked_balls=0 expired_views=0 evicted_views=43 radius=0.580 clearance=0.500 best_prefix=8.072
[depth_angular_controller-1] [INFO] [1790683636.994661544] [depth_angular_controller]: PAPER_BUILD reason=READY required=0.0100 best=8.0717 free=24 refined=0 tubes=61 revoked_tubes=0 proofs=128
[depth_angular_controller-1] [INFO] [1790683636.994705146] [depth_angular_controller]: PAPER_EVIDENCE retained=32 balls=32 revoked_balls=0 expired_views=0 evicted_views=43 radius=0.580 clearance=0.500 best_prefix=8.072
[depth_angular_controller-1] [INFO] [1790683637.769678309] [depth_angular_controller]: TARGET_HOLD
[depth_angular_controller-1] [INFO] [1790683637.928118167] [depth_angular_controller]: COMPUTE_DEADLINE
[depth_angular_controller-1] [INFO] [1790683638.089424123] [depth_angular_controller]: PAPER_BUILD reason=READY required=0.0100 best=8.0717 free=24 refined=0 tubes=61 revoked_tubes=0 proofs=128
[depth_angular_controller-1] [INFO] [1790683638.089467644] [depth_angular_controller]: PAPER_EVIDENCE retained=32 balls=32 revoked_balls=0 expired_views=0 evicted_views=43 radius=0.580 clearance=0.500 best_prefix=8.072
[depth_angular_controller-1] [INFO] [1790683638.247171180] [depth_angular_controller]: TARGET_HOLD
[depth_angular_controller-1] [INFO] [1790683638.414164329] [depth_angular_controller]: COMPUTE_DEADLINE
[depth_angular_controller-1] [INFO] [1790683638.535157206] [depth_angular_controller]: TARGET_HOLD
[depth_angular_controller-1] [INFO] [1790683638.716996824] [depth_angular_controller]: COMPUTE_DEADLINE
[depth_angular_controller-1] [INFO] [1790683639.211634458] [depth_angular_controller]: PAPER_BUILD reason=READY required=0.0100 best=8.0717 free=24 refined=0 tubes=62 revoked_tubes=0 proofs=128
[depth_angular_controller-1] [INFO] [1790683639.211673612] [depth_angular_controller]: PAPER_EVIDENCE retained=32 balls=32 revoked_balls=0 expired_views=0 evicted_views=43 radius=0.580 clearance=0.500 best_prefix=8.072
[position_cmd_to_twist-2] [INFO] [1790683639.846267879] [position_cmd_to_twist]: [PERF BRIDGE] run=iteration5_ego1p1_1 elapsed=42.94s received=858 published=801 fps(ros/wall)=29.02/27.49 controller_to_bridge_ms(mean/p50/p95/max)=22.980/0.000/166.667/216.667 bridge_process_ms(mean/p95/max)=0.113/0.141/1.496
[NAV] t=30.0s position=(-44.17,1.72,4.37) yaw=5.0deg command=(0.00,0.00,0.00) manual_active=1 collision_blocks=0
[depth_angular_controller-1] [INFO] [1790683640.186869650] [depth_angular_controller]: PAPER_BUILD reason=READY required=0.0100 best=8.0717 free=24 refined=0 tubes=62 revoked_tubes=0 proofs=128
[depth_angular_controller-1] [INFO] [1790683640.187265763] [depth_angular_controller]: PAPER_EVIDENCE retained=32 balls=32 revoked_balls=0 expired_views=0 evicted_views=43 radius=0.580 clearance=0.500 best_prefix=8.072
[depth_angular_controller-1] [INFO] [1790683641.000307694] [depth_angular_controller]: [PERF CTRL] run=iteration5_ego1p1_1 elapsed=44.20s callbacks=867 commands=866 guidance=766 command_fps(ros/wall)=27.98/28.47 guidance_wall_fps=26.64 avoid_ms(mean/p50/p95/max)=19.989/1.011/142.132/154.362 cycle_ms(mean/p95/max)=35.130/153.494/180.342 depth_to_cmd_ms(mean/p95/max)=26.936/33.333/66.667 callback_to_publish_ms(mean/p95/max)=27.990/153.064/171.402
[depth_angular_controller-1] [INFO] [1790683641.150557352] [depth_angular_controller]: PAPER_BUILD reason=READY required=0.0100 best=8.0717 free=24 refined=0 tubes=62 revoked_tubes=0 proofs=128
[depth_angular_controller-1] [INFO] [1790683641.150591586] [depth_angular_controller]: PAPER_EVIDENCE retained=32 balls=32 revoked_balls=0 expired_views=0 evicted_views=43 radius=0.580 clearance=0.500 best_prefix=8.072
[depth_angular_controller-1] [INFO] [1790683641.806074913] [depth_angular_controller]: TARGET_HOLD
[depth_angular_controller-1] [INFO] [1790683641.967297813] [depth_angular_controller]: COMPUTE_DEADLINE
[depth_angular_controller-1] [INFO] [1790683642.132350831] [depth_angular_controller]: PAPER_BUILD reason=READY required=0.0100 best=8.0717 free=24 refined=0 tubes=62 revoked_tubes=0 proofs=128
[depth_angular_controller-1] [INFO] [1790683642.132389894] [depth_angular_controller]: PAPER_EVIDENCE retained=32 balls=32 revoked_balls=0 expired_views=0 evicted_views=43 radius=0.580 clearance=0.500 best_prefix=8.072
[depth_angular_controller-1] [INFO] [1790683642.949336973] [depth_angular_controller]: PAPER_BUILD reason=READY required=0.0100 best=8.0717 free=24 refined=0 tubes=62 revoked_tubes=0 proofs=128
[depth_angular_controller-1] [INFO] [1790683642.949371848] [depth_angular_controller]: PAPER_EVIDENCE retained=32 balls=32 revoked_balls=0 expired_views=0 evicted_views=43 radius=0.580 clearance=0.500 best_prefix=8.072
[depth_angular_controller-1] [INFO] [1790683643.756237048] [depth_angular_controller]: TARGET_HOLD
[depth_angular_controller-1] [INFO] [1790683643.920320536] [depth_angular_controller]: COMPUTE_DEADLINE
[depth_angular_controller-1] [INFO] [1790683643.920357555] [depth_angular_controller]: PAPER_BUILD reason=READY required=0.0100 best=8.0717 free=24 refined=0 tubes=62 revoked_tubes=0 proofs=128
[depth_angular_controller-1] [INFO] [1790683643.920368586] [depth_angular_controller]: PAPER_EVIDENCE retained=32 balls=32 revoked_balls=0 expired_views=0 evicted_views=43 radius=0.580 clearance=0.500 best_prefix=8.072
[position_cmd_to_twist-2] [INFO] [1790683644.503961207] [position_cmd_to_twist]: [PERF BRIDGE] run=iteration5_ego1p1_1 elapsed=47.60s received=889 published=806 fps(ros/wall)=25.69/23.83 controller_to_bridge_ms(mean/p50/p95/max)=27.859/0.000/183.333/216.667 bridge_process_ms(mean/p95/max)=0.114/0.143/1.496
[NAV] t=35.0s position=(-44.17,1.72,4.37) yaw=5.0deg command=(0.00,0.00,0.00) manual_active=1 collision_blocks=0
[depth_angular_controller-1] [INFO] [1790683644.886684170] [depth_angular_controller]: PAPER_BUILD reason=READY required=0.0100 best=8.0717 free=24 refined=0 tubes=62 revoked_tubes=0 proofs=128
[depth_angular_controller-1] [INFO] [1790683644.886734905] [depth_angular_controller]: PAPER_EVIDENCE retained=32 balls=32 revoked_balls=0 expired_views=0 evicted_views=43 radius=0.580 clearance=0.500 best_prefix=8.072
[depth_angular_controller-1] [INFO] [1790683645.857920297] [depth_angular_controller]: PAPER_BUILD reason=READY required=0.0100 best=8.0717 free=24 refined=0 tubes=62 revoked_tubes=0 proofs=128
[depth_angular_controller-1] [INFO] [1790683645.857961815] [depth_angular_controller]: PAPER_EVIDENCE retained=32 balls=32 revoked_balls=0 expired_views=0 evicted_views=43 radius=0.580 clearance=0.500 best_prefix=8.072
[depth_angular_controller-1] [INFO] [1790683646.020150918] [depth_angular_controller]: [PERF CTRL] run=iteration5_ego1p1_1 elapsed=49.22s callbacks=900 commands=899 guidance=799 command_fps(ros/wall)=24.56/25.36 guidance_wall_fps=23.65 avoid_ms(mean/p50/p95/max)=24.888/1.256/146.720/156.732 cycle_ms(mean/p95/max)=39.429/158.281/180.342 depth_to_cmd_ms(mean/p95/max)=26.617/33.333/66.667 callback_to_publish_ms(mean/p95/max)=32.536/157.764/171.659
[depth_angular_controller-1] [INFO] [1790683646.820901644] [depth_angular_controller]: PAPER_BUILD reason=READY required=0.0100 best=8.0717 free=24 refined=0 tubes=62 revoked_tubes=0 proofs=128
[depth_angular_controller-1] [INFO] [1790683646.820937411] [depth_angular_controller]: PAPER_EVIDENCE retained=32 balls=32 revoked_balls=0 expired_views=0 evicted_views=43 radius=0.580 clearance=0.500 best_prefix=8.072
[depth_angular_controller-1] [INFO] [1790683647.631690627] [depth_angular_controller]: PAPER_BUILD reason=READY required=0.0100 best=8.0717 free=24 refined=0 tubes=62 revoked_tubes=0 proofs=128
[depth_angular_controller-1] [INFO] [1790683647.631733247] [depth_angular_controller]: PAPER_EVIDENCE retained=32 balls=32 revoked_balls=0 expired_views=0 evicted_views=43 radius=0.580 clearance=0.500 best_prefix=8.072
[depth_angular_controller-1] [INFO] [1790683648.572960040] [depth_angular_controller]: PAPER_BUILD reason=READY required=0.0100 best=8.0717 free=24 refined=0 tubes=62 revoked_tubes=0 proofs=128
[depth_angular_controller-1] [INFO] [1790683648.572997982] [depth_angular_controller]: PAPER_EVIDENCE retained=32 balls=32 revoked_balls=0 expired_views=0 evicted_views=43 radius=0.580 clearance=0.500 best_prefix=8.072
[position_cmd_to_twist-2] [INFO] [1790683648.748724027] [position_cmd_to_twist]: [PERF BRIDGE] run=iteration5_ego1p1_1 elapsed=51.84s received=916 published=807 fps(ros/wall)=23.04/21.15 controller_to_bridge_ms(mean/p50/p95/max)=32.624/0.000/200.000/216.667 bridge_process_ms(mean/p95/max)=0.114/0.143/1.496
[NAV] t=40.0s position=(-44.17,1.72,4.37) yaw=5.0deg command=(0.00,0.00,0.00) manual_active=1 collision_blocks=0
[depth_angular_controller-1] [INFO] [1790683649.523161375] [depth_angular_controller]: PAPER_BUILD reason=READY required=0.0100 best=8.0717 free=24 refined=0 tubes=62 revoked_tubes=0 proofs=128
[depth_angular_controller-1] [INFO] [1790683649.523200438] [depth_angular_controller]: PAPER_EVIDENCE retained=32 balls=32 revoked_balls=0 expired_views=0 evicted_views=43 radius=0.580 clearance=0.500 best_prefix=8.072
[depth_angular_controller-1] [INFO] [1790683649.842992078] [depth_angular_controller]: TARGET_HOLD
[depth_angular_controller-1] [INFO] [1790683650.004678127] [depth_angular_controller]: COMPUTE_DEADLINE
[depth_angular_controller-1] [INFO] [1790683650.612719888] [depth_angular_controller]: PAPER_BUILD reason=READY required=0.0100 best=8.0717 free=24 refined=0 tubes=62 revoked_tubes=0 proofs=128
[depth_angular_controller-1] [INFO] [1790683650.612758340] [depth_angular_controller]: PAPER_EVIDENCE retained=32 balls=32 revoked_balls=0 expired_views=0 evicted_views=43 radius=0.580 clearance=0.500 best_prefix=8.072
[depth_angular_controller-1] [INFO] [1790683651.078954543] [depth_angular_controller]: [PERF CTRL] run=iteration5_ego1p1_1 elapsed=54.28s callbacks=933 commands=932 guidance=832 command_fps(ros/wall)=22.00/23.01 guidance_wall_fps=21.42 avoid_ms(mean/p50/p95/max)=29.467/1.662/147.870/156.732 cycle_ms(mean/p95/max)=43.465/161.165/180.342 depth_to_cmd_ms(mean/p95/max)=26.322/33.333/66.667 callback_to_publish_ms(mean/p95/max)=36.799/160.805/171.659
[depth_angular_controller-1] [INFO] [1790683651.548495252] [depth_angular_controller]: PAPER_BUILD reason=READY required=0.0100 best=8.0717 free=24 refined=0 tubes=62 revoked_tubes=0 proofs=128
[depth_angular_controller-1] [INFO] [1790683651.548532292] [depth_angular_controller]: PAPER_EVIDENCE retained=32 balls=32 revoked_balls=0 expired_views=0 evicted_views=43 radius=0.580 clearance=0.500 best_prefix=8.072
[depth_angular_controller-1] [INFO] [1790683652.618829520] [depth_angular_controller]: PAPER_BUILD reason=READY required=0.0100 best=8.0717 free=24 refined=0 tubes=62 revoked_tubes=0 proofs=128
[depth_angular_controller-1] [INFO] [1790683652.618868954] [depth_angular_controller]: PAPER_EVIDENCE retained=32 balls=32 revoked_balls=0 expired_views=0 evicted_views=43 radius=0.580 clearance=0.500 best_prefix=8.072
[position_cmd_to_twist-2] [INFO] [1790683653.213184708] [position_cmd_to_twist]: [PERF BRIDGE] run=iteration5_ego1p1_1 elapsed=56.31s received=945 published=813 fps(ros/wall)=21.15/19.12 controller_to_bridge_ms(mean/p50/p95/max)=36.878/0.000/200.000/216.667 bridge_process_ms(mean/p95/max)=0.115/0.144/1.496
[depth_angular_controller-1] [INFO] [1790683653.236048703] [depth_angular_controller]: TARGET_HOLD
[NAV] t=45.0s position=(-44.16,1.72,4.37) yaw=5.0deg command=(0.02,-0.00,0.01) manual_active=1 collision_blocks=0
[depth_angular_controller-1] [INFO] [1790683653.396595354] [depth_angular_controller]: COMPUTE_DEADLINE
[depth_angular_controller-1] [INFO] [1790683653.557015809] [depth_angular_controller]: PAPER_BUILD reason=READY required=0.0100 best=8.0717 free=24 refined=0 tubes=62 revoked_tubes=0 proofs=128
[depth_angular_controller-1] [INFO] [1790683653.557053028] [depth_angular_controller]: PAPER_EVIDENCE retained=32 balls=32 revoked_balls=0 expired_views=0 evicted_views=43 radius=0.580 clearance=0.500 best_prefix=8.072
[depth_angular_controller-1] [INFO] [1790683654.503795452] [depth_angular_controller]: PAPER_BUILD reason=READY required=0.0100 best=8.0717 free=24 refined=0 tubes=62 revoked_tubes=0 proofs=128
[depth_angular_controller-1] [INFO] [1790683654.503838002] [depth_angular_controller]: PAPER_EVIDENCE retained=32 balls=32 revoked_balls=0 expired_views=0 evicted_views=43 radius=0.580 clearance=0.500 best_prefix=8.072
[depth_angular_controller-1] [INFO] [1790683655.324723431] [depth_angular_controller]: PAPER_BUILD reason=READY required=0.0100 best=8.0717 free=24 refined=0 tubes=62 revoked_tubes=0 proofs=128
[depth_angular_controller-1] [INFO] [1790683655.324762655] [depth_angular_controller]: PAPER_EVIDENCE retained=32 balls=32 revoked_balls=0 expired_views=0 evicted_views=43 radius=0.580 clearance=0.500 best_prefix=8.072
[depth_angular_controller-1] [INFO] [1790683656.107071123] [depth_angular_controller]: [PERF CTRL] run=iteration5_ego1p1_1 elapsed=59.31s callbacks=966 commands=965 guidance=865 command_fps(ros/wall)=20.04/21.19 guidance_wall_fps=19.71 avoid_ms(mean/p50/p95/max)=33.654/4.252/148.648/156.732 cycle_ms(mean/p95/max)=47.193/161.754/180.342 depth_to_cmd_ms(mean/p95/max)=26.031/33.333/66.667 callback_to_publish_ms(mean/p95/max)=40.738/161.196/171.659
[depth_angular_controller-1] [INFO] [1790683656.265464123] [depth_angular_controller]: PAPER_BUILD reason=READY required=0.0100 best=8.0717 free=24 refined=0 tubes=62 revoked_tubes=0 proofs=128
[depth_angular_controller-1] [INFO] [1790683656.265504599] [depth_angular_controller]: PAPER_EVIDENCE retained=32 balls=32 revoked_balls=0 expired_views=0 evicted_views=43 radius=0.580 clearance=0.500 best_prefix=8.072
[depth_angular_controller-1] [INFO] [1790683657.222079614] [depth_angular_controller]: PAPER_BUILD reason=READY required=0.0100 best=8.0717 free=24 refined=0 tubes=62 revoked_tubes=0 proofs=128
[depth_angular_controller-1] [INFO] [1790683657.222115562] [depth_angular_controller]: PAPER_EVIDENCE retained=32 balls=32 revoked_balls=0 expired_views=0 evicted_views=43 radius=0.580 clearance=0.500 best_prefix=8.072
[position_cmd_to_twist-2] [INFO] [1790683657.538017021] [position_cmd_to_twist]: [PERF BRIDGE] run=iteration5_ego1p1_1 elapsed=60.63s received=973 published=815 fps(ros/wall)=19.63/17.40 controller_to_bridge_ms(mean/p50/p95/max)=40.819/16.667/200.000/216.667 bridge_process_ms(mean/p95/max)=0.115/0.144/1.496
[NAV] t=50.0s position=(-44.16,1.72,4.37) yaw=5.0deg command=(0.00,0.00,0.00) manual_active=1 collision_blocks=0
[depth_angular_controller-1] [INFO] [1790683657.879148225] [depth_angular_controller]: TARGET_HOLD
[depth_angular_controller-1] [INFO] [1790683658.043002263] [depth_angular_controller]: COMPUTE_DEADLINE
[depth_angular_controller-1] [INFO] [1790683658.208547083] [depth_angular_controller]: PAPER_BUILD reason=READY required=0.0100 best=8.0717 free=24 refined=0 tubes=62 revoked_tubes=0 proofs=128
[depth_angular_controller-1] [INFO] [1790683658.208586407] [depth_angular_controller]: PAPER_EVIDENCE retained=32 balls=32 revoked_balls=0 expired_views=0 evicted_views=43 radius=0.580 clearance=0.500 best_prefix=8.072
[depth_angular_controller-1] [INFO] [1790683659.162845697] [depth_angular_controller]: PAPER_BUILD reason=READY required=0.0100 best=8.0717 free=24 refined=0 tubes=62 revoked_tubes=0 proofs=128
[depth_angular_controller-1] [INFO] [1790683659.162884209] [depth_angular_controller]: PAPER_EVIDENCE retained=32 balls=32 revoked_balls=0 expired_views=0 evicted_views=43 radius=0.580 clearance=0.500 best_prefix=8.072
[depth_angular_controller-1] [INFO] [1790683660.115103050] [depth_angular_controller]: PAPER_BUILD reason=READY required=0.0100 best=8.0717 free=24 refined=0 tubes=62 revoked_tubes=0 proofs=128
[depth_angular_controller-1] [INFO] [1790683660.115142273] [depth_angular_controller]: PAPER_EVIDENCE retained=32 balls=32 revoked_balls=0 expired_views=0 evicted_views=43 radius=0.580 clearance=0.500 best_prefix=8.072
[depth_angular_controller-1] [INFO] [1790683661.070123037] [depth_angular_controller]: PAPER_BUILD reason=READY required=0.0100 best=8.0717 free=24 refined=0 tubes=62 revoked_tubes=0 proofs=128
[depth_angular_controller-1] [INFO] [1790683661.070162601] [depth_angular_controller]: PAPER_EVIDENCE retained=32 balls=32 revoked_balls=0 expired_views=0 evicted_views=43 radius=0.580 clearance=0.500 best_prefix=8.072
[depth_angular_controller-1] [INFO] [1790683661.230106050] [depth_angular_controller]: [PERF CTRL] run=iteration5_ego1p1_1 elapsed=64.43s callbacks=999 commands=998 guidance=898 command_fps(ros/wall)=18.51/19.70 guidance_wall_fps=18.32 avoid_ms(mean/p50/p95/max)=37.640/5.550/149.239/156.732 cycle_ms(mean/p95/max)=50.770/162.530/180.342 depth_to_cmd_ms(mean/p95/max)=25.798/33.333/66.667 callback_to_publish_ms(mean/p95/max)=44.513/161.991/171.659
[position_cmd_to_twist-2] [INFO] [1790683661.940297118] [position_cmd_to_twist]: [PERF BRIDGE] run=iteration5_ego1p1_1 elapsed=65.03s received=1002 published=817 fps(ros/wall)=18.32/15.92 controller_to_bridge_ms(mean/p50/p95/max)=44.744/16.667/200.000/216.667 bridge_process_ms(mean/p95/max)=0.115/0.144/1.496
[NAV] t=55.0s position=(-44.15,1.72,4.37) yaw=5.0deg command=(0.00,0.00,0.00) manual_active=1 collision_blocks=0
[depth_angular_controller-1] [INFO] [1790683662.032324170] [depth_angular_controller]: PAPER_BUILD reason=READY required=0.0100 best=8.0717 free=24 refined=0 tubes=62 revoked_tubes=0 proofs=128
[depth_angular_controller-1] [INFO] [1790683662.032363423] [depth_angular_controller]: PAPER_EVIDENCE retained=32 balls=32 revoked_balls=0 expired_views=0 evicted_views=43 radius=0.580 clearance=0.500 best_prefix=8.072
[depth_angular_controller-1] [INFO] [1790683662.972379285] [depth_angular_controller]: PAPER_BUILD reason=READY required=0.0100 best=8.0717 free=24 refined=0 tubes=62 revoked_tubes=0 proofs=128
[depth_angular_controller-1] [INFO] [1790683662.972423167] [depth_angular_controller]: PAPER_EVIDENCE retained=32 balls=32 revoked_balls=0 expired_views=0 evicted_views=43 radius=0.580 clearance=0.500 best_prefix=8.072
[depth_angular_controller-1] [INFO] [1790683663.942848062] [depth_angular_controller]: PAPER_BUILD reason=READY required=0.0100 best=8.0717 free=24 refined=0 tubes=62 revoked_tubes=0 proofs=128
[depth_angular_controller-1] [INFO] [1790683663.942885071] [depth_angular_controller]: PAPER_EVIDENCE retained=32 balls=32 revoked_balls=0 expired_views=0 evicted_views=43 radius=0.580 clearance=0.500 best_prefix=8.072
[depth_angular_controller-1] [INFO] [1790683664.902960555] [depth_angular_controller]: PAPER_BUILD reason=READY required=0.0100 best=8.0717 free=24 refined=0 tubes=62 revoked_tubes=0 proofs=128
[depth_angular_controller-1] [INFO] [1790683664.903003787] [depth_angular_controller]: PAPER_EVIDENCE retained=32 balls=32 revoked_balls=0 expired_views=0 evicted_views=43 radius=0.580 clearance=0.500 best_prefix=8.072
[depth_angular_controller-1] [INFO] [1790683665.853517267] [depth_angular_controller]: PAPER_BUILD reason=READY required=0.0100 best=8.0717 free=24 refined=0 tubes=62 revoked_tubes=0 proofs=128
[depth_angular_controller-1] [INFO] [1790683665.853557563] [depth_angular_controller]: PAPER_EVIDENCE retained=32 balls=32 revoked_balls=0 expired_views=0 evicted_views=43 radius=0.580 clearance=0.500 best_prefix=8.072
[position_cmd_to_twist-2] [INFO] [1790683666.129284173] [position_cmd_to_twist]: [PERF BRIDGE] run=iteration5_ego1p1_1 elapsed=69.22s received=1028 published=817 fps(ros/wall)=17.24/14.73 controller_to_bridge_ms(mean/p50/p95/max)=48.395/16.667/200.000/216.667 bridge_process_ms(mean/p95/max)=0.115/0.144/1.496
[NAV] t=60.0s position=(-44.15,1.72,4.37) yaw=5.0deg command=(0.00,0.00,0.00) manual_active=1 collision_blocks=0
[depth_angular_controller-1] [INFO] [1790683666.324183929] [depth_angular_controller]: [PERF CTRL] run=iteration5_ego1p1_1 elapsed=69.52s callbacks=1031 commands=1030 guidance=930 command_fps(ros/wall)=17.16/18.47 guidance_wall_fps=17.19 avoid_ms(mean/p50/p95/max)=41.375/6.095/149.276/156.732 cycle_ms(mean/p95/max)=54.141/162.821/180.342 depth_to_cmd_ms(mean/p95/max)=25.627/33.333/66.667 callback_to_publish_ms(mean/p95/max)=48.058/162.290/171.659
[depth_angular_controller-1] [INFO] [1790683666.782523629] [depth_angular_controller]: PAPER_BUILD reason=READY required=0.0100 best=8.0717 free=24 refined=0 tubes=62 revoked_tubes=0 proofs=128
[depth_angular_controller-1] [INFO] [1790683666.782562492] [depth_angular_controller]: PAPER_EVIDENCE retained=32 balls=32 revoked_balls=0 expired_views=0 evicted_views=43 radius=0.580 clearance=0.500 best_prefix=8.072
[depth_angular_controller-1] [INFO] [1790683667.595564858] [depth_angular_controller]: PAPER_BUILD reason=READY required=0.0100 best=8.0717 free=24 refined=0 tubes=62 revoked_tubes=0 proofs=128
[depth_angular_controller-1] [INFO] [1790683667.595602669] [depth_angular_controller]: PAPER_EVIDENCE retained=32 balls=32 revoked_balls=0 expired_views=0 evicted_views=43 radius=0.580 clearance=0.500 best_prefix=8.072
[depth_angular_controller-1] [INFO] [1790683668.545778716] [depth_angular_controller]: PAPER_BUILD reason=READY required=0.0100 best=8.0717 free=24 refined=0 tubes=62 revoked_tubes=0 proofs=128
[depth_angular_controller-1] [INFO] [1790683668.546191040] [depth_angular_controller]: PAPER_EVIDENCE retained=32 balls=32 revoked_balls=0 expired_views=0 evicted_views=43 radius=0.580 clearance=0.500 best_prefix=8.072
[depth_angular_controller-1] [INFO] [1790683668.874248731] [depth_angular_controller]: TARGET_HOLD
[depth_angular_controller-1] [INFO] [1790683669.032379759] [depth_angular_controller]: COMPUTE_DEADLINE
[depth_angular_controller-1] [INFO] [1790683669.517788285] [depth_angular_controller]: PAPER_BUILD reason=READY required=0.0100 best=8.0717 free=24 refined=0 tubes=62 revoked_tubes=0 proofs=128
[depth_angular_controller-1] [INFO] [1790683669.517831716] [depth_angular_controller]: PAPER_EVIDENCE retained=32 balls=32 revoked_balls=0 expired_views=0 evicted_views=43 radius=0.580 clearance=0.500 best_prefix=8.072
[depth_angular_controller-1] [INFO] [1790683670.328431013] [depth_angular_controller]: PAPER_BUILD reason=READY required=0.0100 best=8.0717 free=24 refined=0 tubes=62 revoked_tubes=0 proofs=128
[depth_angular_controller-1] [INFO] [1790683670.328467662] [depth_angular_controller]: PAPER_EVIDENCE retained=32 balls=32 revoked_balls=0 expired_views=0 evicted_views=43 radius=0.580 clearance=0.500 best_prefix=8.072
[position_cmd_to_twist-2] [INFO] [1790683670.458498720] [position_cmd_to_twist]: [PERF BRIDGE] run=iteration5_ego1p1_1 elapsed=73.55s received=1056 published=820 fps(ros/wall)=16.34/13.72 controller_to_bridge_ms(mean/p50/p95/max)=51.831/16.667/200.000/216.667 bridge_process_ms(mean/p95/max)=0.115/0.144/1.496
[NAV] t=65.0s position=(-44.15,1.72,4.38) yaw=5.0deg command=(0.00,0.00,0.00) manual_active=1 collision_blocks=0
[depth_angular_controller-1] [INFO] [1790683671.288500937] [depth_angular_controller]: PAPER_BUILD reason=READY required=0.0100 best=8.0717 free=24 refined=0 tubes=62 revoked_tubes=0 proofs=128
[depth_angular_controller-1] [INFO] [1790683671.288541633] [depth_angular_controller]: PAPER_EVIDENCE retained=32 balls=32 revoked_balls=0 expired_views=0 evicted_views=43 radius=0.580 clearance=0.500 best_prefix=8.072
[depth_angular_controller-1] [INFO] [1790683671.449730059] [depth_angular_controller]: [PERF CTRL] run=iteration5_ego1p1_1 elapsed=74.65s callbacks=1064 commands=1063 guidance=963 command_fps(ros/wall)=16.13/17.46 guidance_wall_fps=16.26 avoid_ms(mean/p50/p95/max)=44.832/7.061/149.442/156.732 cycle_ms(mean/p95/max)=57.285/163.353/180.342 depth_to_cmd_ms(mean/p95/max)=25.424/33.333/66.667 callback_to_publish_ms(mean/p95/max)=51.380/162.874/171.659
[depth_angular_controller-1] [INFO] [1790683671.912599759] [depth_angular_controller]: TARGET_HOLD
[depth_angular_controller-1] [INFO] [1790683672.090728444] [depth_angular_controller]: COMPUTE_DEADLINE
[depth_angular_controller-1] [INFO] [1790683672.258096816] [depth_angular_controller]: PAPER_BUILD reason=READY required=0.0100 best=8.0717 free=24 refined=0 tubes=62 revoked_tubes=0 proofs=128
[depth_angular_controller-1] [INFO] [1790683672.258136120] [depth_angular_controller]: PAPER_EVIDENCE retained=32 balls=32 revoked_balls=0 expired_views=0 evicted_views=43 radius=0.580 clearance=0.500 best_prefix=8.072
[depth_angular_controller-1] [INFO] [1790683673.105381875] [depth_angular_controller]: PAPER_BUILD reason=READY required=0.0100 best=8.0717 free=24 refined=0 tubes=62 revoked_tubes=0 proofs=128
[depth_angular_controller-1] [INFO] [1790683673.106171396] [depth_angular_controller]: PAPER_EVIDENCE retained=32 balls=32 revoked_balls=0 expired_views=0 evicted_views=43 radius=0.580 clearance=0.500 best_prefix=8.072
[depth_angular_controller-1] [INFO] [1790683673.958919347] [depth_angular_controller]: PAPER_BUILD reason=READY required=0.0100 best=8.0717 free=24 refined=0 tubes=62 revoked_tubes=0 proofs=128
[depth_angular_controller-1] [INFO] [1790683673.958953992] [depth_angular_controller]: PAPER_EVIDENCE retained=32 balls=32 revoked_balls=0 expired_views=0 evicted_views=43 radius=0.580 clearance=0.500 best_prefix=8.072
[position_cmd_to_twist-2] [INFO] [1790683674.769517862] [position_cmd_to_twist]: [PERF BRIDGE] run=iteration5_ego1p1_1 elapsed=77.86s received=1084 published=823 fps(ros/wall)=15.56/12.84 controller_to_bridge_ms(mean/p50/p95/max)=55.089/16.667/200.000/216.667 bridge_process_ms(mean/p95/max)=0.115/0.146/1.496
[NAV] t=70.0s position=(-44.15,1.72,4.38) yaw=5.0deg command=(0.00,0.00,0.00) manual_active=1 collision_blocks=0
[depth_angular_controller-1] [INFO] [1790683674.966984735] [depth_angular_controller]: PAPER_BUILD reason=READY required=0.0100 best=8.0717 free=24 refined=0 tubes=62 revoked_tubes=0 proofs=128
[depth_angular_controller-1] [INFO] [1790683674.967024269] [depth_angular_controller]: PAPER_EVIDENCE retained=32 balls=32 revoked_balls=0 expired_views=0 evicted_views=43 radius=0.580 clearance=0.500 best_prefix=8.072
[depth_angular_controller-1] [INFO] [1790683675.959571277] [depth_angular_controller]: PAPER_BUILD reason=READY required=0.0100 best=8.0717 free=24 refined=0 tubes=62 revoked_tubes=0 proofs=128
[depth_angular_controller-1] [INFO] [1790683675.959613456] [depth_angular_controller]: PAPER_EVIDENCE retained=32 balls=32 revoked_balls=0 expired_views=0 evicted_views=43 radius=0.580 clearance=0.500 best_prefix=8.072
[depth_angular_controller-1] [INFO] [1790683676.456521591] [depth_angular_controller]: [PERF CTRL] run=iteration5_ego1p1_1 elapsed=79.66s callbacks=1096 commands=1095 guidance=995 command_fps(ros/wall)=15.25/16.62 guidance_wall_fps=15.49 avoid_ms(mean/p50/p95/max)=48.001/7.847/151.398/160.447 cycle_ms(mean/p95/max)=60.186/164.901/180.342 depth_to_cmd_ms(mean/p95/max)=25.293/33.333/66.667 callback_to_publish_ms(mean/p95/max)=54.439/164.365/174.981
[depth_angular_controller-1] [INFO] [1790683676.792194332] [depth_angular_controller]: TARGET_HOLD
[depth_angular_controller-1] [INFO] [1790683676.963188188] [depth_angular_controller]: COMPUTE_DEADLINE
[depth_angular_controller-1] [INFO] [1790683676.963225949] [depth_angular_controller]: PAPER_BUILD reason=READY required=0.0100 best=8.0717 free=24 refined=0 tubes=62 revoked_tubes=0 proofs=128
[depth_angular_controller-1] [INFO] [1790683676.963235367] [depth_angular_controller]: PAPER_EVIDENCE retained=32 balls=32 revoked_balls=0 expired_views=0 evicted_views=43 radius=0.580 clearance=0.500 best_prefix=8.072
[depth_angular_controller-1] [INFO] [1790683677.909799015] [depth_angular_controller]: PAPER_BUILD reason=READY required=0.0100 best=8.0717 free=24 refined=0 tubes=62 revoked_tubes=0 proofs=128
[depth_angular_controller-1] [INFO] [1790683677.909842457] [depth_angular_controller]: PAPER_EVIDENCE retained=32 balls=32 revoked_balls=0 expired_views=0 evicted_views=43 radius=0.580 clearance=0.500 best_prefix=8.072
[depth_angular_controller-1] [INFO] [1790683678.527061940] [depth_angular_controller]: TARGET_HOLD
[depth_angular_controller-1] [INFO] [1790683678.683542290] [depth_angular_controller]: COMPUTE_DEADLINE
[depth_angular_controller-1] [INFO] [1790683678.999731781] [depth_angular_controller]: PAPER_BUILD reason=READY required=0.0100 best=8.0717 free=24 refined=0 tubes=62 revoked_tubes=0 proofs=128
[depth_angular_controller-1] [INFO] [1790683678.999769031] [depth_angular_controller]: PAPER_EVIDENCE retained=32 balls=32 revoked_balls=0 expired_views=0 evicted_views=43 radius=0.580 clearance=0.500 best_prefix=8.072
[position_cmd_to_twist-2] [INFO] [1790683679.184276936] [position_cmd_to_twist]: [PERF BRIDGE] run=iteration5_ego1p1_1 elapsed=82.28s received=1114 published=827 fps(ros/wall)=14.90/12.05 controller_to_bridge_ms(mean/p50/p95/max)=58.214/16.667/200.000/216.667 bridge_process_ms(mean/p95/max)=0.115/0.147/1.496
[NAV] t=75.0s position=(-44.14,1.72,4.38) yaw=5.0deg command=(0.00,0.00,0.00) manual_active=1 collision_blocks=0
[depth_angular_controller-1] [INFO] [1790683679.923217964] [depth_angular_controller]: PAPER_BUILD reason=READY required=0.0100 best=8.0717 free=24 refined=0 tubes=62 revoked_tubes=0 proofs=128
[depth_angular_controller-1] [INFO] [1790683679.923258149] [depth_angular_controller]: PAPER_EVIDENCE retained=32 balls=32 revoked_balls=0 expired_views=0 evicted_views=43 radius=0.580 clearance=0.500 best_prefix=8.072
[depth_angular_controller-1] [INFO] [1790683680.393262428] [depth_angular_controller]: TARGET_HOLD
[depth_angular_controller-1] [INFO] [1790683680.532689347] [depth_angular_controller]: COMPUTE_DEADLINE
[depth_angular_controller-1] [INFO] [1790683680.545893465] [depth_angular_controller]: TARGET_HOLD
[depth_angular_controller-1] [INFO] [1790683680.686603923] [depth_angular_controller]: COMPUTE_DEADLINE
[depth_angular_controller-1] [INFO] [1790683680.696584131] [depth_angular_controller]: TARGET_HOLD
[depth_angular_controller-1] [INFO] [1790683680.929711923] [depth_angular_controller]: COMPUTE_DEADLINE
[depth_angular_controller-1] [INFO] [1790683681.091264061] [depth_angular_controller]: PAPER_BUILD reason=READY required=0.0100 best=8.0717 free=24 refined=0 tubes=62 revoked_tubes=0 proofs=128
[depth_angular_controller-1] [INFO] [1790683681.091304637] [depth_angular_controller]: PAPER_EVIDENCE retained=32 balls=32 revoked_balls=0 expired_views=0 evicted_views=43 radius=0.580 clearance=0.500 best_prefix=8.072
[depth_angular_controller-1] [INFO] [1790683681.392998386] [depth_angular_controller]: TARGET_HOLD
[depth_angular_controller-1] [INFO] [1790683681.548641225] [depth_angular_controller]: [PERF CTRL] run=iteration5_ego1p1_1 elapsed=84.75s callbacks=1136 commands=1135 guidance=1035 command_fps(ros/wall)=14.71/15.99 guidance_wall_fps=14.93 avoid_ms(mean/p50/p95/max)=50.514/8.532/151.415/160.447 cycle_ms(mean/p95/max)=62.554/164.936/180.342 depth_to_cmd_ms(mean/p95/max)=25.217/33.333/66.667 callback_to_publish_ms(mean/p95/max)=56.917/164.460/174.981
[depth_angular_controller-1] [INFO] [1790683681.548699364] [depth_angular_controller]: COMPUTE_DEADLINE
[depth_angular_controller-1] [INFO] [1790683682.156858645] [depth_angular_controller]: PAPER_BUILD reason=READY required=0.0100 best=8.0717 free=24 refined=0 tubes=62 revoked_tubes=0 proofs=128
[depth_angular_controller-1] [INFO] [1790683682.156897609] [depth_angular_controller]: PAPER_EVIDENCE retained=32 balls=32 revoked_balls=0 expired_views=0 evicted_views=43 radius=0.580 clearance=0.500 best_prefix=8.072
[depth_angular_controller-1] [INFO] [1790683683.080247636] [depth_angular_controller]: PAPER_BUILD reason=READY required=0.0100 best=8.0717 free=24 refined=0 tubes=62 revoked_tubes=0 proofs=128
[depth_angular_controller-1] [INFO] [1790683683.080290376] [depth_angular_controller]: PAPER_EVIDENCE retained=32 balls=32 revoked_balls=0 expired_views=0 evicted_views=43 radius=0.580 clearance=0.500 best_prefix=8.072
[position_cmd_to_twist-2] [INFO] [1790683683.933287975] [position_cmd_to_twist]: [PERF BRIDGE] run=iteration5_ego1p1_1 elapsed=87.03s received=1150 published=838 fps(ros/wall)=14.42/11.43 controller_to_bridge_ms(mean/p50/p95/max)=60.652/16.667/200.000/216.667 bridge_process_ms(mean/p95/max)=0.115/0.147/1.496
[NAV] t=80.0s position=(-44.13,1.71,4.38) yaw=5.0deg command=(0.00,0.00,0.00) manual_active=1 collision_blocks=0
[depth_angular_controller-1] [INFO] [1790683683.998453941] [depth_angular_controller]: PAPER_BUILD reason=READY required=0.0100 best=8.0717 free=24 refined=0 tubes=62 revoked_tubes=0 proofs=128
[depth_angular_controller-1] [INFO] [1790683683.998489648] [depth_angular_controller]: PAPER_EVIDENCE retained=32 balls=32 revoked_balls=0 expired_views=0 evicted_views=43 radius=0.580 clearance=0.500 best_prefix=8.072
[depth_angular_controller-1] [INFO] [1790683684.463299129] [depth_angular_controller]: TARGET_HOLD
[depth_angular_controller-1] [INFO] [1790683684.616165888] [depth_angular_controller]: COMPUTE_DEADLINE
[depth_angular_controller-1] [INFO] [1790683684.920971125] [depth_angular_controller]: PAPER_BUILD reason=READY required=0.0100 best=8.0717 free=24 refined=0 tubes=62 revoked_tubes=0 proofs=128
[depth_angular_controller-1] [INFO] [1790683684.921013194] [depth_angular_controller]: PAPER_EVIDENCE retained=32 balls=32 revoked_balls=0 expired_views=0 evicted_views=43 radius=0.580 clearance=0.500 best_prefix=8.072
[depth_angular_controller-1] [INFO] [1790683685.697378009] [depth_angular_controller]: TARGET_HOLD
[depth_angular_controller-1] [INFO] [1790683685.850501530] [depth_angular_controller]: COMPUTE_DEADLINE
[depth_angular_controller-1] [INFO] [1790683685.850538089] [depth_angular_controller]: PAPER_BUILD reason=READY required=0.0100 best=8.0717 free=24 refined=0 tubes=62 revoked_tubes=0 proofs=128
[depth_angular_controller-1] [INFO] [1790683685.850549120] [depth_angular_controller]: PAPER_EVIDENCE retained=32 balls=32 revoked_balls=0 expired_views=0 evicted_views=43 radius=0.580 clearance=0.500 best_prefix=8.072
[depth_angular_controller-1] [INFO] [1790683686.615929001] [depth_angular_controller]: [PERF CTRL] run=iteration5_ego1p1_1 elapsed=89.81s callbacks=1171 commands=1170 guidance=1070 command_fps(ros/wall)=14.13/15.38 guidance_wall_fps=14.38 avoid_ms(mean/p50/p95/max)=53.176/9.412/151.415/160.447 cycle_ms(mean/p95/max)=65.015/164.936/180.342 depth_to_cmd_ms(mean/p95/max)=25.062/33.333/66.667 callback_to_publish_ms(mean/p95/max)=59.532/164.460/174.981
[depth_angular_controller-1] [INFO] [1790683686.776969369] [depth_angular_controller]: PAPER_BUILD reason=READY required=0.0100 best=8.0717 free=24 refined=0 tubes=62 revoked_tubes=0 proofs=128
[depth_angular_controller-1] [INFO] [1790683686.777004114] [depth_angular_controller]: PAPER_EVIDENCE retained=32 balls=32 revoked_balls=0 expired_views=0 evicted_views=43 radius=0.580 clearance=0.500 best_prefix=8.072
[depth_angular_controller-1] [INFO] [1790683687.726120633] [depth_angular_controller]: TARGET_HOLD
[depth_angular_controller-1] [INFO] [1790683687.892008808] [depth_angular_controller]: COMPUTE_DEADLINE
[depth_angular_controller-1] [INFO] [1790683687.892043823] [depth_angular_controller]: PAPER_BUILD reason=READY required=0.0100 best=8.0717 free=24 refined=0 tubes=62 revoked_tubes=0 proofs=128
[depth_angular_controller-1] [INFO] [1790683687.892053612] [depth_angular_controller]: PAPER_EVIDENCE retained=32 balls=32 revoked_balls=0 expired_views=0 evicted_views=43 radius=0.580 clearance=0.500 best_prefix=8.072
[position_cmd_to_twist-2] [INFO] [1790683688.424089355] [position_cmd_to_twist]: [PERF BRIDGE] run=iteration5_ego1p1_1 elapsed=91.52s received=1182 published=845 fps(ros/wall)=13.95/10.85 controller_to_bridge_ms(mean/p50/p95/max)=63.268/16.667/200.000/216.667 bridge_process_ms(mean/p95/max)=0.115/0.147/1.496
[NAV] t=85.0s position=(-44.12,1.72,4.39) yaw=5.0deg command=(0.00,0.00,0.00) manual_active=1 collision_blocks=0
[depth_angular_controller-1] [INFO] [1790683688.698977842] [depth_angular_controller]: PAPER_BUILD reason=READY required=0.0100 best=8.0717 free=24 refined=0 tubes=62 revoked_tubes=0 proofs=128
[depth_angular_controller-1] [INFO] [1790683688.699016424] [depth_angular_controller]: PAPER_EVIDENCE retained=32 balls=32 revoked_balls=0 expired_views=0 evicted_views=43 radius=0.580 clearance=0.500 best_prefix=8.072
[depth_angular_controller-1] [INFO] [1790683689.631434058] [depth_angular_controller]: PAPER_BUILD reason=READY required=0.0100 best=8.0717 free=24 refined=0 tubes=62 revoked_tubes=0 proofs=128
[depth_angular_controller-1] [INFO] [1790683689.631476267] [depth_angular_controller]: PAPER_EVIDENCE retained=32 balls=32 revoked_balls=0 expired_views=0 evicted_views=43 radius=0.580 clearance=0.500 best_prefix=8.072
[depth_angular_controller-1] [INFO] [1790683689.646206008] [depth_angular_controller]: TARGET_HOLD
[depth_angular_controller-1] [INFO] [1790683689.808018304] [depth_angular_controller]: COMPUTE_DEADLINE
[depth_angular_controller-1] [INFO] [1790683690.576120343] [depth_angular_controller]: PAPER_BUILD reason=READY required=0.0100 best=8.0717 free=24 refined=0 tubes=62 revoked_tubes=0 proofs=128
[depth_angular_controller-1] [INFO] [1790683690.576160498] [depth_angular_controller]: PAPER_EVIDENCE retained=32 balls=32 revoked_balls=0 expired_views=0 evicted_views=43 radius=0.580 clearance=0.500 best_prefix=8.072
[depth_angular_controller-1] [INFO] [1790683691.523257127] [depth_angular_controller]: PAPER_BUILD reason=READY required=0.0100 best=8.0717 free=24 refined=0 tubes=62 revoked_tubes=0 proofs=128
[depth_angular_controller-1] [INFO] [1790683691.523299737] [depth_angular_controller]: PAPER_EVIDENCE retained=32 balls=32 revoked_balls=0 expired_views=0 evicted_views=43 radius=0.580 clearance=0.500 best_prefix=8.072
[depth_angular_controller-1] [INFO] [1790683691.679896787] [depth_angular_controller]: [PERF CTRL] run=iteration5_ego1p1_1 elapsed=94.88s callbacks=1205 commands=1204 guidance=1104 command_fps(ros/wall)=13.59/14.84 guidance_wall_fps=13.89 avoid_ms(mean/p50/p95/max)=55.720/10.227/151.398/160.447 cycle_ms(mean/p95/max)=67.387/164.958/180.342 depth_to_cmd_ms(mean/p95/max)=24.925/33.333/66.667 callback_to_publish_ms(mean/p95/max)=62.044/164.460/174.981
[depth_angular_controller-1] [INFO] [1790683691.995196327] [depth_angular_controller]: TARGET_HOLD
[depth_angular_controller-1] [INFO] [1790683692.171789630] [depth_angular_controller]: COMPUTE_DEADLINE
[depth_angular_controller-1] [INFO] [1790683692.596740615] [depth_angular_controller]: PAPER_BUILD reason=READY required=0.0100 best=8.0717 free=24 refined=0 tubes=62 revoked_tubes=0 proofs=128
[depth_angular_controller-1] [INFO] [1790683692.596779939] [depth_angular_controller]: PAPER_EVIDENCE retained=32 balls=32 revoked_balls=0 expired_views=0 evicted_views=43 radius=0.580 clearance=0.500 best_prefix=8.072
[depth_angular_controller-1] [INFO] [1790683692.918872216] [depth_angular_controller]: TARGET_HOLD
[position_cmd_to_twist-2] [INFO] [1790683692.960080174] [position_cmd_to_twist]: [PERF BRIDGE] run=iteration5_ego1p1_1 elapsed=96.05s received=1215 published=853 fps(ros/wall)=13.51/10.35 controller_to_bridge_ms(mean/p50/p95/max)=65.693/16.667/200.000/216.667 bridge_process_ms(mean/p95/max)=0.115/0.147/1.496
[NAV] t=90.0s position=(-44.11,1.72,4.40) yaw=5.0deg command=(0.05,0.01,0.02) manual_active=1 collision_blocks=0
[depth_angular_controller-1] [INFO] [1790683693.080568274] [depth_angular_controller]: COMPUTE_DEADLINE
[depth_angular_controller-1] [INFO] [1790683693.703960801] [depth_angular_controller]: PAPER_BUILD reason=READY required=0.0100 best=8.0717 free=24 refined=0 tubes=62 revoked_tubes=0 proofs=128
[depth_angular_controller-1] [INFO] [1790683693.704000024] [depth_angular_controller]: PAPER_EVIDENCE retained=32 balls=32 revoked_balls=0 expired_views=0 evicted_views=43 radius=0.580 clearance=0.500 best_prefix=8.072
[depth_angular_controller-1] [INFO] [1790683694.681723275] [depth_angular_controller]: PAPER_BUILD reason=READY required=0.0100 best=8.0717 free=24 refined=0 tubes=62 revoked_tubes=0 proofs=128
[depth_angular_controller-1] [INFO] [1790683694.681768410] [depth_angular_controller]: PAPER_EVIDENCE retained=32 balls=32 revoked_balls=0 expired_views=0 evicted_views=43 radius=0.580 clearance=0.500 best_prefix=8.072
[depth_angular_controller-1] [INFO] [1790683695.509533118] [depth_angular_controller]: PAPER_BUILD reason=READY required=0.0100 best=8.0717 free=24 refined=0 tubes=62 revoked_tubes=0 proofs=128
[depth_angular_controller-1] [INFO] [1790683695.509572352] [depth_angular_controller]: PAPER_EVIDENCE retained=32 balls=32 revoked_balls=0 expired_views=0 evicted_views=43 radius=0.580 clearance=0.500 best_prefix=8.072
[depth_angular_controller-1] [INFO] [1790683696.467131444] [depth_angular_controller]: PAPER_BUILD reason=READY required=0.0100 best=8.0717 free=24 refined=0 tubes=62 revoked_tubes=0 proofs=128
[depth_angular_controller-1] [INFO] [1790683696.467183822] [depth_angular_controller]: PAPER_EVIDENCE retained=32 balls=32 revoked_balls=0 expired_views=0 evicted_views=43 radius=0.580 clearance=0.500 best_prefix=8.072
[depth_angular_controller-1] [INFO] [1790683696.796222193] [depth_angular_controller]: [PERF CTRL] run=iteration5_ego1p1_1 elapsed=99.99s callbacks=1240 commands=1239 guidance=1139 command_fps(ros/wall)=13.17/14.36 guidance_wall_fps=13.46 avoid_ms(mean/p50/p95/max)=58.102/10.828/152.097/160.447 cycle_ms(mean/p95/max)=69.615/165.094/180.342 depth_to_cmd_ms(mean/p95/max)=24.759/33.333/66.667 callback_to_publish_ms(mean/p95/max)=64.413/164.865/174.981
[position_cmd_to_twist-2] [INFO] [1790683697.417346234] [position_cmd_to_twist]: [PERF BRIDGE] run=iteration5_ego1p1_1 elapsed=100.51s received=1242 published=854 fps(ros/wall)=13.13/9.84 controller_to_bridge_ms(mean/p50/p95/max)=68.196/16.667/200.000/216.667 bridge_process_ms(mean/p95/max)=0.115/0.147/1.496
[depth_angular_controller-1] [INFO] [1790683697.444339046] [depth_angular_controller]: PAPER_BUILD reason=READY required=0.0100 best=8.0717 free=24 refined=0 tubes=62 revoked_tubes=0 proofs=128
[depth_angular_controller-1] [INFO] [1790683697.444380935] [depth_angular_controller]: PAPER_EVIDENCE retained=32 balls=32 revoked_balls=0 expired_views=0 evicted_views=43 radius=0.580 clearance=0.500 best_prefix=8.072
[NAV] t=95.0s position=(-44.10,1.72,4.40) yaw=5.0deg command=(0.00,0.00,0.00) manual_active=1 collision_blocks=0
[depth_angular_controller-1] [INFO] [1790683698.268724544] [depth_angular_controller]: PAPER_BUILD reason=READY required=0.0100 best=8.0717 free=24 refined=0 tubes=62 revoked_tubes=0 proofs=128
[depth_angular_controller-1] [INFO] [1790683698.268771432] [depth_angular_controller]: PAPER_EVIDENCE retained=32 balls=32 revoked_balls=0 expired_views=0 evicted_views=43 radius=0.580 clearance=0.500 best_prefix=8.072
[depth_angular_controller-1] [INFO] [1790683699.096663349] [depth_angular_controller]: PAPER_BUILD reason=READY required=0.0100 best=8.0717 free=24 refined=0 tubes=62 revoked_tubes=0 proofs=128
[depth_angular_controller-1] [INFO] [1790683699.096705788] [depth_angular_controller]: PAPER_EVIDENCE retained=32 balls=32 revoked_balls=0 expired_views=0 evicted_views=43 radius=0.580 clearance=0.500 best_prefix=8.072
[depth_angular_controller-1] [INFO] [1790683699.922542128] [depth_angular_controller]: PAPER_BUILD reason=READY required=0.0100 best=8.0717 free=24 refined=0 tubes=62 revoked_tubes=0 proofs=128
[depth_angular_controller-1] [INFO] [1790683699.922579989] [depth_angular_controller]: PAPER_EVIDENCE retained=32 balls=32 revoked_balls=0 expired_views=0 evicted_views=43 radius=0.580 clearance=0.500 best_prefix=8.072
[depth_angular_controller-1] [INFO] [1790683700.903270287] [depth_angular_controller]: PAPER_BUILD reason=READY required=0.0100 best=8.0717 free=24 refined=0 tubes=62 revoked_tubes=0 proofs=128
[depth_angular_controller-1] [INFO] [1790683700.903313649] [depth_angular_controller]: PAPER_EVIDENCE retained=32 balls=32 revoked_balls=0 expired_views=0 evicted_views=43 radius=0.580 clearance=0.500 best_prefix=8.072
[position_cmd_to_twist-2] [INFO] [1790683701.594271023] [position_cmd_to_twist]: [PERF BRIDGE] run=iteration5_ego1p1_1 elapsed=104.69s received=1268 published=856 fps(ros/wall)=12.71/9.40 controller_to_bridge_ms(mean/p50/p95/max)=70.833/16.667/200.000/216.667 bridge_process_ms(mean/p95/max)=0.115/0.147/1.496
[NAV] t=100.0s position=(-44.10,1.72,4.40) yaw=5.0deg command=(0.00,0.00,0.00) manual_active=1 collision_blocks=0
[depth_angular_controller-1] [INFO] [1790683701.869715184] [depth_angular_controller]: [PERF CTRL] run=iteration5_ego1p1_1 elapsed=105.07s callbacks=1271 commands=1270 guidance=1170 command_fps(ros/wall)=12.68/13.91 guidance_wall_fps=13.05 avoid_ms(mean/p50/p95/max)=60.549/11.632/152.459/160.447 cycle_ms(mean/p95/max)=71.912/165.876/180.342 depth_to_cmd_ms(mean/p95/max)=24.658/33.333/66.667 callback_to_publish_ms(mean/p95/max)=66.824/165.635/174.981
[depth_angular_controller-1] [INFO] [1790683701.869766079] [depth_angular_controller]: PAPER_BUILD reason=READY required=0.0100 best=8.0717 free=24 refined=0 tubes=62 revoked_tubes=0 proofs=128
[depth_angular_controller-1] [INFO] [1790683701.869774315] [depth_angular_controller]: PAPER_EVIDENCE retained=32 balls=32 revoked_balls=0 expired_views=0 evicted_views=43 radius=0.580 clearance=0.500 best_prefix=8.072
[depth_angular_controller-1] [INFO] [1790683702.703682742] [depth_angular_controller]: PAPER_BUILD reason=READY required=0.0100 best=8.0717 free=24 refined=0 tubes=62 revoked_tubes=0 proofs=128
[depth_angular_controller-1] [INFO] [1790683702.703726083] [depth_angular_controller]: PAPER_EVIDENCE retained=32 balls=32 revoked_balls=0 expired_views=0 evicted_views=43 radius=0.580 clearance=0.500 best_prefix=8.072
[depth_angular_controller-1] [INFO] [1790683702.865135674] [depth_angular_controller]: TARGET_HOLD
[depth_angular_controller-1] [INFO] [1790683703.034935929] [depth_angular_controller]: COMPUTE_DEADLINE
[depth_angular_controller-1] [INFO] [1790683703.698897586] [depth_angular_controller]: PAPER_BUILD reason=READY required=0.0100 best=8.0717 free=24 refined=0 tubes=62 revoked_tubes=0 proofs=128
[depth_angular_controller-1] [INFO] [1790683703.698931760] [depth_angular_controller]: PAPER_EVIDENCE retained=32 balls=32 revoked_balls=0 expired_views=0 evicted_views=43 radius=0.580 clearance=0.500 best_prefix=8.072
[depth_angular_controller-1] [INFO] [1790683704.679123783] [depth_angular_controller]: PAPER_BUILD reason=READY required=0.0100 best=8.0717 free=24 refined=0 tubes=62 revoked_tubes=0 proofs=128
[depth_angular_controller-1] [INFO] [1790683704.679163277] [depth_angular_controller]: PAPER_EVIDENCE retained=32 balls=32 revoked_balls=0 expired_views=0 evicted_views=43 radius=0.580 clearance=0.500 best_prefix=8.072
[depth_angular_controller-1] [INFO] [1790683705.639099069] [depth_angular_controller]: PAPER_BUILD reason=READY required=0.0100 best=8.0717 free=24 refined=0 tubes=62 revoked_tubes=0 proofs=128
[depth_angular_controller-1] [INFO] [1790683705.639135548] [depth_angular_controller]: PAPER_EVIDENCE retained=32 balls=32 revoked_balls=0 expired_views=0 evicted_views=43 radius=0.580 clearance=0.500 best_prefix=8.072
[position_cmd_to_twist-2] [INFO] [1790683706.008180563] [position_cmd_to_twist]: [PERF BRIDGE] run=iteration5_ego1p1_1 elapsed=109.10s received=1296 published=858 fps(ros/wall)=12.37/8.99 controller_to_bridge_ms(mean/p50/p95/max)=73.187/16.667/200.000/216.667 bridge_process_ms(mean/p95/max)=0.115/0.148/1.496
[NAV] t=105.0s position=(-44.10,1.72,4.40) yaw=5.0deg command=(0.00,0.00,0.00) manual_active=1 collision_blocks=0
[depth_angular_controller-1] [INFO] [1790683706.620134946] [depth_angular_controller]: PAPER_BUILD reason=READY required=0.0100 best=8.0717 free=24 refined=0 tubes=62 revoked_tubes=0 proofs=128
[depth_angular_controller-1] [INFO] [1790683706.620176143] [depth_angular_controller]: PAPER_EVIDENCE retained=32 balls=32 revoked_balls=0 expired_views=0 evicted_views=43 radius=0.580 clearance=0.500 best_prefix=8.072
[depth_angular_controller-1] [INFO] [1790683706.948555889] [depth_angular_controller]: [PERF CTRL] run=iteration5_ego1p1_1 elapsed=110.15s callbacks=1303 commands=1302 guidance=1202 command_fps(ros/wall)=12.30/13.50 guidance_wall_fps=12.69 avoid_ms(mean/p50/p95/max)=62.821/12.743/152.917/160.447 cycle_ms(mean/p95/max)=74.047/166.455/180.342 depth_to_cmd_ms(mean/p95/max)=24.501/33.333/66.667 callback_to_publish_ms(mean/p95/max)=69.077/166.140/174.981
[depth_angular_controller-1] [INFO] [1790683707.440488517] [depth_angular_controller]: PAPER_BUILD reason=READY required=0.0100 best=8.0717 free=24 refined=0 tubes=62 revoked_tubes=0 proofs=128
[depth_angular_controller-1] [INFO] [1790683707.440530396] [depth_angular_controller]: PAPER_EVIDENCE retained=32 balls=32 revoked_balls=0 expired_views=0 evicted_views=43 radius=0.580 clearance=0.500 best_prefix=8.072
[depth_angular_controller-1] [INFO] [1790683708.275076700] [depth_angular_controller]: PAPER_BUILD reason=READY required=0.0100 best=8.0717 free=24 refined=0 tubes=62 revoked_tubes=0 proofs=128
[depth_angular_controller-1] [INFO] [1790683708.275461081] [depth_angular_controller]: PAPER_EVIDENCE retained=32 balls=32 revoked_balls=0 expired_views=0 evicted_views=43 radius=0.580 clearance=0.500 best_prefix=8.072
[depth_angular_controller-1] [INFO] [1790683709.115013199] [depth_angular_controller]: PAPER_BUILD reason=READY required=0.0100 best=8.0717 free=24 refined=0 tubes=62 revoked_tubes=0 proofs=128
[depth_angular_controller-1] [INFO] [1790683709.115055909] [depth_angular_controller]: PAPER_EVIDENCE retained=32 balls=32 revoked_balls=0 expired_views=0 evicted_views=43 radius=0.580 clearance=0.500 best_prefix=8.072
[depth_angular_controller-1] [INFO] [1790683710.079356171] [depth_angular_controller]: PAPER_BUILD reason=READY required=0.0100 best=8.0717 free=24 refined=0 tubes=62 revoked_tubes=0 proofs=128
[depth_angular_controller-1] [INFO] [1790683710.079391557] [depth_angular_controller]: PAPER_EVIDENCE retained=32 balls=32 revoked_balls=0 expired_views=0 evicted_views=43 radius=0.580 clearance=0.500 best_prefix=8.072
[position_cmd_to_twist-2] [INFO] [1790683710.231503010] [position_cmd_to_twist]: [PERF BRIDGE] run=iteration5_ego1p1_1 elapsed=113.32s received=1321 published=858 fps(ros/wall)=12.04/8.62 controller_to_bridge_ms(mean/p50/p95/max)=75.486/16.667/216.667/216.667 bridge_process_ms(mean/p95/max)=0.115/0.148/1.496
[NAV] t=110.0s position=(-44.10,1.72,4.40) yaw=5.0deg command=(0.00,0.00,0.00) manual_active=1 collision_blocks=0
[depth_angular_controller-1] [INFO] [1790683710.902558207] [depth_angular_controller]: TARGET_HOLD
[depth_angular_controller-1] [INFO] [1790683711.069199355] [depth_angular_controller]: COMPUTE_DEADLINE
[depth_angular_controller-1] [INFO] [1790683711.069236925] [depth_angular_controller]: PAPER_BUILD reason=READY required=0.0100 best=8.0717 free=24 refined=0 tubes=62 revoked_tubes=0 proofs=128
[depth_angular_controller-1] [INFO] [1790683711.069247746] [depth_angular_controller]: PAPER_EVIDENCE retained=32 balls=32 revoked_balls=0 expired_views=0 evicted_views=43 radius=0.580 clearance=0.500 best_prefix=8.072
[depth_angular_controller-1] [INFO] [1790683712.043823290] [depth_angular_controller]: [PERF CTRL] run=iteration5_ego1p1_1 elapsed=115.24s callbacks=1335 commands=1334 guidance=1234 command_fps(ros/wall)=11.92/13.14 guidance_wall_fps=12.36 avoid_ms(mean/p50/p95/max)=64.980/14.574/153.110/160.447 cycle_ms(mean/p95/max)=76.092/166.840/180.342 depth_to_cmd_ms(mean/p95/max)=24.433/33.333/66.667 callback_to_publish_ms(mean/p95/max)=71.226/166.391/174.981
[depth_angular_controller-1] [INFO] [1790683712.043868755] [depth_angular_controller]: PAPER_BUILD reason=READY required=0.0100 best=8.0717 free=24 refined=0 tubes=62 revoked_tubes=0 proofs=128
[depth_angular_controller-1] [INFO] [1790683712.043877201] [depth_angular_controller]: PAPER_EVIDENCE retained=32 balls=32 revoked_balls=0 expired_views=0 evicted_views=43 radius=0.580 clearance=0.500 best_prefix=8.072
[depth_angular_controller-1] [INFO] [1790683713.145169603] [depth_angular_controller]: PAPER_BUILD reason=READY required=0.0100 best=8.0717 free=24 refined=0 tubes=62 revoked_tubes=0 proofs=128
[depth_angular_controller-1] [INFO] [1790683713.145211942] [depth_angular_controller]: PAPER_EVIDENCE retained=32 balls=32 revoked_balls=0 expired_views=0 evicted_views=43 radius=0.580 clearance=0.500 best_prefix=8.072
[depth_angular_controller-1] [INFO] [1790683713.958971199] [depth_angular_controller]: PAPER_BUILD reason=READY required=0.0100 best=8.0717 free=24 refined=0 tubes=62 revoked_tubes=0 proofs=128
[depth_angular_controller-1] [INFO] [1790683713.959010393] [depth_angular_controller]: PAPER_EVIDENCE retained=32 balls=32 revoked_balls=0 expired_views=0 evicted_views=43 radius=0.580 clearance=0.500 best_prefix=8.072
[depth_angular_controller-1] [INFO] [1790683714.122659876] [depth_angular_controller]: TARGET_HOLD
[depth_angular_controller-1] [INFO] [1790683714.278815027] [depth_angular_controller]: COMPUTE_DEADLINE
[position_cmd_to_twist-2] [INFO] [1790683714.600892526] [position_cmd_to_twist]: [PERF BRIDGE] run=iteration5_ego1p1_1 elapsed=117.69s received=1350 published=862 fps(ros/wall)=11.78/8.29 controller_to_bridge_ms(mean/p50/p95/max)=77.556/16.667/216.667/216.667 bridge_process_ms(mean/p95/max)=0.115/0.148/1.496
[NAV] t=115.0s position=(-44.09,1.72,4.40) yaw=5.0deg command=(0.00,0.00,0.00) manual_active=1 collision_blocks=0
[depth_angular_controller-1] [INFO] [1790683714.925828028] [depth_angular_controller]: PAPER_BUILD reason=READY required=0.0100 best=8.0717 free=23 refined=0 tubes=62 revoked_tubes=0 proofs=128
[depth_angular_controller-1] [INFO] [1790683714.925869256] [depth_angular_controller]: PAPER_EVIDENCE retained=32 balls=32 revoked_balls=0 expired_views=0 evicted_views=43 radius=0.580 clearance=0.500 best_prefix=8.072
[depth_angular_controller-1] [INFO] [1790683715.743602029] [depth_angular_controller]: PAPER_BUILD reason=READY required=0.0100 best=8.0717 free=23 refined=0 tubes=62 revoked_tubes=0 proofs=128
[depth_angular_controller-1] [INFO] [1790683715.743645731] [depth_angular_controller]: PAPER_EVIDENCE retained=32 balls=32 revoked_balls=0 expired_views=0 evicted_views=43 radius=0.580 clearance=0.500 best_prefix=8.072
[depth_angular_controller-1] [INFO] [1790683716.559793500] [depth_angular_controller]: PAPER_BUILD reason=READY required=0.0100 best=8.0717 free=23 refined=0 tubes=62 revoked_tubes=0 proofs=128
[depth_angular_controller-1] [INFO] [1790683716.559834887] [depth_angular_controller]: PAPER_EVIDENCE retained=32 balls=32 revoked_balls=0 expired_views=0 evicted_views=43 radius=0.580 clearance=0.500 best_prefix=8.072
[depth_angular_controller-1] [INFO] [1790683717.052771900] [depth_angular_controller]: [PERF CTRL] run=iteration5_ego1p1_1 elapsed=120.25s callbacks=1367 commands=1366 guidance=1266 command_fps(ros/wall)=11.59/12.82 guidance_wall_fps=12.07 avoid_ms(mean/p50/p95/max)=66.977/17.474/153.247/160.447 cycle_ms(mean/p95/max)=77.978/166.951/180.342 depth_to_cmd_ms(mean/p95/max)=24.342/33.333/66.667 callback_to_publish_ms(mean/p95/max)=73.215/166.425/174.981
[depth_angular_controller-1] [INFO] [1790683717.514274145] [depth_angular_controller]: PAPER_BUILD reason=READY required=0.0100 best=8.0717 free=23 refined=0 tubes=62 revoked_tubes=0 proofs=128
[depth_angular_controller-1] [INFO] [1790683717.514312076] [depth_angular_controller]: PAPER_EVIDENCE retained=32 balls=32 revoked_balls=0 expired_views=0 evicted_views=43 radius=0.580 clearance=0.500 best_prefix=8.072
[depth_angular_controller-1] [INFO] [1790683718.480983026] [depth_angular_controller]: PAPER_BUILD reason=READY required=0.0100 best=8.0717 free=23 refined=0 tubes=62 revoked_tubes=0 proofs=128
[depth_angular_controller-1] [INFO] [1790683718.481021829] [depth_angular_controller]: PAPER_EVIDENCE retained=32 balls=32 revoked_balls=0 expired_views=0 evicted_views=43 radius=0.580 clearance=0.500 best_prefix=8.072
[depth_angular_controller-1] [INFO] [1790683718.787494565] [depth_angular_controller]: TARGET_HOLD
[depth_angular_controller-1] [INFO] [1790683719.011152798] [depth_angular_controller]: COMPUTE_DEADLINE
[depth_angular_controller-1] [INFO] [1790683719.023984637] [depth_angular_controller]: TARGET_HOLD
[position_cmd_to_twist-2] [INFO] [1790683719.052884338] [position_cmd_to_twist]: [PERF BRIDGE] run=iteration5_ego1p1_1 elapsed=122.15s received=1384 published=871 fps(ros/wall)=11.54/8.02 controller_to_bridge_ms(mean/p50/p95/max)=79.347/16.667/216.667/216.667 bridge_process_ms(mean/p95/max)=0.115/0.147/1.496
[depth_angular_controller-1] [INFO] [1790683719.178424789] [depth_angular_controller]: COMPUTE_DEADLINE
[NAV] t=120.0s position=(-44.09,1.72,4.40) yaw=5.0deg command=(0.04,0.01,0.02) manual_active=1 collision_blocks=0
[depth_angular_controller-1] [INFO] [1790683719.189814873] [depth_angular_controller]: TARGET_HOLD
[depth_angular_controller-1] [INFO] [1790683719.335911228] [depth_angular_controller]: COMPUTE_DEADLINE
[depth_angular_controller-1] [INFO] [1790683719.737892669] [depth_angular_controller]: PAPER_BUILD reason=READY required=0.0100 best=8.0717 free=23 refined=0 tubes=62 revoked_tubes=0 proofs=128
[depth_angular_controller-1] [INFO] [1790683719.737933616] [depth_angular_controller]: PAPER_EVIDENCE retained=32 balls=32 revoked_balls=0 expired_views=0 evicted_views=43 radius=0.580 clearance=0.500 best_prefix=8.072
[depth_angular_controller-1] [INFO] [1790683720.706066260] [depth_angular_controller]: PAPER_BUILD reason=READY required=0.0100 best=8.0717 free=23 refined=0 tubes=62 revoked_tubes=0 proofs=128
[depth_angular_controller-1] [INFO] [1790683720.706108830] [depth_angular_controller]: PAPER_EVIDENCE retained=32 balls=32 revoked_balls=0 expired_views=0 evicted_views=43 radius=0.580 clearance=0.500 best_prefix=8.072
[depth_angular_controller-1] [INFO] [1790683721.699623173] [depth_angular_controller]: PAPER_BUILD reason=READY required=0.0100 best=8.0717 free=23 refined=0 tubes=62 revoked_tubes=0 proofs=128
[depth_angular_controller-1] [INFO] [1790683721.699659952] [depth_angular_controller]: PAPER_EVIDENCE retained=32 balls=32 revoked_balls=0 expired_views=0 evicted_views=43 radius=0.580 clearance=0.500 best_prefix=8.072
[depth_angular_controller-1] [INFO] [1790683722.204209927] [depth_angular_controller]: [PERF CTRL] run=iteration5_ego1p1_1 elapsed=125.40s callbacks=1407 commands=1406 guidance=1306 command_fps(ros/wall)=11.41/12.59 guidance_wall_fps=11.87 avoid_ms(mean/p50/p95/max)=68.458/19.352/153.699/160.447 cycle_ms(mean/p95/max)=79.424/167.086/180.342 depth_to_cmd_ms(mean/p95/max)=24.298/33.333/66.667 callback_to_publish_ms(mean/p95/max)=74.741/166.601/174.981
[depth_angular_controller-1] [INFO] [1790683722.540785682] [depth_angular_controller]: PAPER_BUILD reason=READY required=0.0100 best=8.0717 free=23 refined=0 tubes=62 revoked_tubes=0 proofs=128
[depth_angular_controller-1] [INFO] [1790683722.540827661] [depth_angular_controller]: PAPER_EVIDENCE retained=32 balls=32 revoked_balls=0 expired_views=0 evicted_views=43 radius=0.580 clearance=0.500 best_prefix=8.072
[depth_angular_controller-1] [INFO] [1790683723.535748694] [depth_angular_controller]: PAPER_BUILD reason=READY required=0.0100 best=8.0717 free=23 refined=0 tubes=62 revoked_tubes=0 proofs=128
[depth_angular_controller-1] [INFO] [1790683723.535789761] [depth_angular_controller]: PAPER_EVIDENCE retained=32 balls=32 revoked_balls=0 expired_views=0 evicted_views=43 radius=0.580 clearance=0.500 best_prefix=8.072
[position_cmd_to_twist-2] [INFO] [1790683723.543836962] [position_cmd_to_twist]: [PERF BRIDGE] run=iteration5_ego1p1_1 elapsed=126.64s received=1414 published=875 fps(ros/wall)=11.33/7.74 controller_to_bridge_ms(mean/p50/p95/max)=81.188/16.667/216.667/216.667 bridge_process_ms(mean/p95/max)=0.115/0.147/1.496
[NAV] t=125.0s position=(-44.08,1.73,4.41) yaw=5.0deg command=(0.00,0.00,0.00) manual_active=1 collision_blocks=0
[depth_angular_controller-1] [INFO] [1790683724.381641721] [depth_angular_controller]: PAPER_BUILD reason=READY required=0.0100 best=8.0717 free=23 refined=0 tubes=62 revoked_tubes=0 proofs=128
[depth_angular_controller-1] [INFO] [1790683724.381683930] [depth_angular_controller]: PAPER_EVIDENCE retained=32 balls=32 revoked_balls=0 expired_views=0 evicted_views=43 radius=0.580 clearance=0.500 best_prefix=8.072
[depth_angular_controller-1] [INFO] [1790683725.233222761] [depth_angular_controller]: PAPER_BUILD reason=READY required=0.0100 best=8.0717 free=23 refined=0 tubes=62 revoked_tubes=0 proofs=128
[depth_angular_controller-1] [INFO] [1790683725.233260492] [depth_angular_controller]: PAPER_EVIDENCE retained=32 balls=32 revoked_balls=0 expired_views=0 evicted_views=43 radius=0.580 clearance=0.500 best_prefix=8.072
[depth_angular_controller-1] [INFO] [1790683726.068307085] [depth_angular_controller]: PAPER_BUILD reason=READY required=0.0100 best=8.0717 free=23 refined=0 tubes=62 revoked_tubes=0 proofs=128
[depth_angular_controller-1] [INFO] [1790683726.068347150] [depth_angular_controller]: PAPER_EVIDENCE retained=32 balls=32 revoked_balls=0 expired_views=0 evicted_views=43 radius=0.580 clearance=0.500 best_prefix=8.072
[depth_angular_controller-1] [INFO] [1790683727.067087069] [depth_angular_controller]: PAPER_BUILD reason=READY required=0.0100 best=8.0717 free=23 refined=0 tubes=62 revoked_tubes=0 proofs=128
[depth_angular_controller-1] [INFO] [1790683727.067130491] [depth_angular_controller]: PAPER_EVIDENCE retained=32 balls=32 revoked_balls=0 expired_views=0 evicted_views=43 radius=0.580 clearance=0.500 best_prefix=8.072
[depth_angular_controller-1] [INFO] [1790683727.234781113] [depth_angular_controller]: [PERF CTRL] run=iteration5_ego1p1_1 elapsed=130.43s callbacks=1437 commands=1436 guidance=1336 command_fps(ros/wall)=11.11/12.30 guidance_wall_fps=11.61 avoid_ms(mean/p50/p95/max)=70.390/25.100/154.321/160.447 cycle_ms(mean/p95/max)=81.270/167.680/180.342 depth_to_cmd_ms(mean/p95/max)=24.214/33.333/66.667 callback_to_publish_ms(mean/p95/max)=76.674/167.014/175.346
[position_cmd_to_twist-2] [INFO] [1790683727.652593852] [position_cmd_to_twist]: [PERF BRIDGE] run=iteration5_ego1p1_1 elapsed=130.74s received=1438 published=875 fps(ros/wall)=11.09/7.47 controller_to_bridge_ms(mean/p50/p95/max)=83.241/33.333/216.667/216.667 bridge_process_ms(mean/p95/max)=0.115/0.147/1.496
[NAV] t=130.0s position=(-44.08,1.73,4.41) yaw=5.0deg command=(0.00,0.00,0.00) manual_active=1 collision_blocks=0
[depth_angular_controller-1] [INFO] [1790683727.898826045] [depth_angular_controller]: PAPER_BUILD reason=READY required=0.0100 best=8.0717 free=23 refined=0 tubes=62 revoked_tubes=0 proofs=128
[depth_angular_controller-1] [INFO] [1790683727.898865530] [depth_angular_controller]: PAPER_EVIDENCE retained=32 balls=32 revoked_balls=0 expired_views=0 evicted_views=43 radius=0.580 clearance=0.500 best_prefix=8.072
[depth_angular_controller-1] [INFO] [1790683728.746042526] [depth_angular_controller]: PAPER_BUILD reason=READY required=0.0100 best=8.0717 free=23 refined=0 tubes=62 revoked_tubes=0 proofs=128
[depth_angular_controller-1] [INFO] [1790683728.746080968] [depth_angular_controller]: PAPER_EVIDENCE retained=32 balls=32 revoked_balls=0 expired_views=0 evicted_views=43 radius=0.580 clearance=0.500 best_prefix=8.072
[depth_angular_controller-1] [INFO] [1790683729.592695098] [depth_angular_controller]: PAPER_BUILD reason=READY required=0.0100 best=8.0717 free=23 refined=0 tubes=62 revoked_tubes=0 proofs=128
[depth_angular_controller-1] [INFO] [1790683729.592738088] [depth_angular_controller]: PAPER_EVIDENCE retained=32 balls=32 revoked_balls=0 expired_views=0 evicted_views=43 radius=0.580 clearance=0.500 best_prefix=8.072
[depth_angular_controller-1] [INFO] [1790683730.594559861] [depth_angular_controller]: PAPER_BUILD reason=READY required=0.0100 best=8.0717 free=23 refined=0 tubes=62 revoked_tubes=0 proofs=128
[depth_angular_controller-1] [INFO] [1790683730.594601068] [depth_angular_controller]: PAPER_EVIDENCE retained=32 balls=32 revoked_balls=0 expired_views=0 evicted_views=43 radius=0.580 clearance=0.500 best_prefix=8.072
[depth_angular_controller-1] [INFO] [1790683731.563577034] [depth_angular_controller]: PAPER_BUILD reason=READY required=0.0100 best=8.0717 free=23 refined=0 tubes=62 revoked_tubes=0 proofs=128
[depth_angular_controller-1] [INFO] [1790683731.563617810] [depth_angular_controller]: PAPER_EVIDENCE retained=32 balls=32 revoked_balls=0 expired_views=0 evicted_views=43 radius=0.580 clearance=0.500 best_prefix=8.072
[position_cmd_to_twist-2] [INFO] [1790683731.998579200] [position_cmd_to_twist]: [PERF BRIDGE] run=iteration5_ego1p1_1 elapsed=135.09s received=1464 published=875 fps(ros/wall)=10.86/7.21 controller_to_bridge_ms(mean/p50/p95/max)=85.178/33.333/216.667/233.333 bridge_process_ms(mean/p95/max)=0.115/0.147/1.496
[NAV] t=135.0s position=(-44.08,1.73,4.41) yaw=5.0deg command=(0.00,0.00,0.00) manual_active=1 collision_blocks=0
[depth_angular_controller-1] [INFO] [1790683732.378037987] [depth_angular_controller]: [PERF CTRL] run=iteration5_ego1p1_1 elapsed=135.58s callbacks=1468 commands=1467 guidance=1367 command_fps(ros/wall)=10.85/12.04 guidance_wall_fps=11.37 avoid_ms(mean/p50/p95/max)=72.265/33.818/154.991/160.469 cycle_ms(mean/p95/max)=83.059/168.253/180.342 depth_to_cmd_ms(mean/p95/max)=24.140/33.333/66.667 callback_to_publish_ms(mean/p95/max)=78.551/167.713/175.346
[depth_angular_controller-1] [INFO] [1790683732.543821466] [depth_angular_controller]: PAPER_BUILD reason=READY required=0.0100 best=8.0717 free=23 refined=0 tubes=62 revoked_tubes=0 proofs=128
[depth_angular_controller-1] [INFO] [1790683732.543855179] [depth_angular_controller]: PAPER_EVIDENCE retained=32 balls=32 revoked_balls=0 expired_views=0 evicted_views=43 radius=0.580 clearance=0.500 best_prefix=8.072
[depth_angular_controller-1] [INFO] [1790683733.532640177] [depth_angular_controller]: PAPER_BUILD reason=READY required=0.0100 best=8.0717 free=23 refined=0 tubes=62 revoked_tubes=0 proofs=128
[depth_angular_controller-1] [INFO] [1790683733.532680853] [depth_angular_controller]: PAPER_EVIDENCE retained=32 balls=32 revoked_balls=0 expired_views=0 evicted_views=43 radius=0.580 clearance=0.500 best_prefix=8.072
[depth_angular_controller-1] [INFO] [1790683734.524240799] [depth_angular_controller]: PAPER_BUILD reason=READY required=0.0100 best=8.0717 free=23 refined=0 tubes=62 revoked_tubes=0 proofs=128
[depth_angular_controller-1] [INFO] [1790683734.524283329] [depth_angular_controller]: PAPER_EVIDENCE retained=32 balls=32 revoked_balls=0 expired_views=0 evicted_views=43 radius=0.580 clearance=0.500 best_prefix=8.072
[depth_angular_controller-1] [INFO] [1790683735.508761385] [depth_angular_controller]: PAPER_BUILD reason=READY required=0.0100 best=8.0717 free=23 refined=0 tubes=62 revoked_tubes=0 proofs=128
[depth_angular_controller-1] [INFO] [1790683735.508802813] [depth_angular_controller]: PAPER_EVIDENCE retained=32 balls=32 revoked_balls=0 expired_views=0 evicted_views=43 radius=0.580 clearance=0.500 best_prefix=8.072
[position_cmd_to_twist-2] [INFO] [1790683736.289867066] [position_cmd_to_twist]: [PERF BRIDGE] run=iteration5_ego1p1_1 elapsed=139.38s received=1490 published=876 fps(ros/wall)=10.67/6.97 controller_to_bridge_ms(mean/p50/p95/max)=87.013/33.333/216.667/233.333 bridge_process_ms(mean/p95/max)=0.115/0.147/1.496
[depth_angular_controller-1] [INFO] [1790683736.345515122] [depth_angular_controller]: PAPER_BUILD reason=READY required=0.0100 best=8.0717 free=23 refined=0 tubes=62 revoked_tubes=0 proofs=128
[depth_angular_controller-1] [INFO] [1790683736.345555758] [depth_angular_controller]: PAPER_EVIDENCE retained=32 balls=32 revoked_balls=0 expired_views=0 evicted_views=43 radius=0.580 clearance=0.500 best_prefix=8.072
[NAV] t=140.0s position=(-44.08,1.73,4.41) yaw=5.0deg command=(0.00,0.00,0.00) manual_active=1 collision_blocks=0
[depth_angular_controller-1] [INFO] [1790683737.341646305] [depth_angular_controller]: PAPER_BUILD reason=READY required=0.0100 best=8.0717 free=23 refined=0 tubes=62 revoked_tubes=0 proofs=128
[depth_angular_controller-1] [INFO] [1790683737.341691680] [depth_angular_controller]: PAPER_EVIDENCE retained=32 balls=32 revoked_balls=0 expired_views=0 evicted_views=43 radius=0.580 clearance=0.500 best_prefix=8.072
[depth_angular_controller-1] [INFO] [1790683737.489977814] [depth_angular_controller]: [PERF CTRL] run=iteration5_ego1p1_1 elapsed=140.69s callbacks=1499 commands=1498 guidance=1398 command_fps(ros/wall)=10.61/11.80 guidance_wall_fps=11.16 avoid_ms(mean/p50/p95/max)=74.035/41.093/155.156/160.469 cycle_ms(mean/p95/max)=84.754/168.495/180.342 depth_to_cmd_ms(mean/p95/max)=24.094/33.333/66.667 callback_to_publish_ms(mean/p95/max)=80.331/168.047/175.346
[depth_angular_controller-1] [INFO] [1790683737.503169589] [depth_angular_controller]: TARGET_HOLD
[depth_angular_controller-1] [INFO] [1790683737.670185280] [depth_angular_controller]: COMPUTE_DEADLINE
[depth_angular_controller-1] [INFO] [1790683738.353708314] [depth_angular_controller]: PAPER_BUILD reason=READY required=0.0100 best=8.0717 free=23 refined=0 tubes=62 revoked_tubes=0 proofs=128
[depth_angular_controller-1] [INFO] [1790683738.353749872] [depth_angular_controller]: PAPER_EVIDENCE retained=32 balls=32 revoked_balls=0 expired_views=0 evicted_views=43 radius=0.580 clearance=0.500 best_prefix=8.072
[depth_angular_controller-1] [INFO] [1790683738.998124142] [depth_angular_controller]: TARGET_HOLD
[depth_angular_controller-1] [INFO] [1790683739.210276372] [depth_angular_controller]: COMPUTE_DEADLINE
[depth_angular_controller-1] [INFO] [1790683739.373510236] [depth_angular_controller]: PAPER_BUILD reason=READY required=0.0100 best=8.0717 free=22 refined=0 tubes=62 revoked_tubes=0 proofs=128
[depth_angular_controller-1] [INFO] [1790683739.373553968] [depth_angular_controller]: PAPER_EVIDENCE retained=32 balls=32 revoked_balls=0 expired_views=0 evicted_views=43 radius=0.580 clearance=0.500 best_prefix=8.072
[depth_angular_controller-1] [INFO] [1790683740.171294585] [depth_angular_controller]: TARGET_HOLD
[depth_angular_controller-1] [INFO] [1790683740.325833914] [depth_angular_controller]: COMPUTE_DEADLINE
[depth_angular_controller-1] [INFO] [1790683740.325869721] [depth_angular_controller]: PAPER_BUILD reason=READY required=0.0100 best=8.0717 free=22 refined=0 tubes=62 revoked_tubes=0 proofs=128
[depth_angular_controller-1] [INFO] [1790683740.325879920] [depth_angular_controller]: PAPER_EVIDENCE retained=32 balls=32 revoked_balls=0 expired_views=0 evicted_views=43 radius=0.580 clearance=0.500 best_prefix=8.072
[position_cmd_to_twist-2] [INFO] [1790683740.816774190] [position_cmd_to_twist]: [PERF BRIDGE] run=iteration5_ego1p1_1 elapsed=143.91s received=1522 published=883 fps(ros/wall)=10.51/6.78 controller_to_bridge_ms(mean/p50/p95/max)=88.513/33.333/216.667/233.333 bridge_process_ms(mean/p95/max)=0.114/0.147/1.496
[NAV] t=145.0s position=(-44.06,1.73,4.41) yaw=5.0deg command=(0.00,0.00,0.00) manual_active=1 collision_blocks=0
[depth_angular_controller-1] [INFO] [1790683741.275877482] [depth_angular_controller]: PAPER_BUILD reason=READY required=0.0100 best=8.0717 free=22 refined=0 tubes=62 revoked_tubes=0 proofs=128
[depth_angular_controller-1] [INFO] [1790683741.275928258] [depth_angular_controller]: PAPER_EVIDENCE retained=32 balls=32 revoked_balls=0 expired_views=0 evicted_views=43 radius=0.580 clearance=0.500 best_prefix=8.072
[depth_angular_controller-1] [INFO] [1790683741.914067437] [depth_angular_controller]: TARGET_HOLD
[depth_angular_controller-1] [INFO] [1790683742.077792964] [depth_angular_controller]: COMPUTE_DEADLINE
[depth_angular_controller-1] [INFO] [1790683742.238886501] [depth_angular_controller]: PAPER_BUILD reason=READY required=0.0100 best=8.0717 free=23 refined=0 tubes=62 revoked_tubes=0 proofs=128
[depth_angular_controller-1] [INFO] [1790683742.238925354] [depth_angular_controller]: PAPER_EVIDENCE retained=32 balls=32 revoked_balls=0 expired_views=0 evicted_views=43 radius=0.580 clearance=0.500 best_prefix=8.072
[depth_angular_controller-1] [INFO] [1790683742.395683977] [depth_angular_controller]: TARGET_HOLD
[depth_angular_controller-1] [INFO] [1790683742.556132324] [depth_angular_controller]: [PERF CTRL] run=iteration5_ego1p1_1 elapsed=145.75s callbacks=1536 commands=1535 guidance=1435 command_fps(ros/wall)=10.46/11.63 guidance_wall_fps=11.01 avoid_ms(mean/p50/p95/max)=75.312/51.724/155.172/164.572 cycle_ms(mean/p95/max)=86.013/168.525/185.706 depth_to_cmd_ms(mean/p95/max)=24.030/33.333/66.667 callback_to_publish_ms(mean/p95/max)=81.661/168.103/183.480
[depth_angular_controller-1] [INFO] [1790683742.556187096] [depth_angular_controller]: COMPUTE_DEADLINE
[depth_angular_controller-1] [INFO] [1790683743.045545394] [depth_angular_controller]: TARGET_HOLD
[depth_angular_controller-1] [INFO] [1790683743.203878241] [depth_angular_controller]: COMPUTE_DEADLINE
[depth_angular_controller-1] [INFO] [1790683743.367016775] [depth_angular_controller]: PAPER_BUILD reason=READY required=0.0100 best=8.0717 free=23 refined=0 tubes=62 revoked_tubes=0 proofs=128
[depth_angular_controller-1] [INFO] [1790683743.367055198] [depth_angular_controller]: PAPER_EVIDENCE retained=32 balls=32 revoked_balls=0 expired_views=0 evicted_views=43 radius=0.580 clearance=0.500 best_prefix=8.072
[depth_angular_controller-1] [INFO] [1790683744.190412235] [depth_angular_controller]: PAPER_BUILD reason=READY required=0.0100 best=8.0717 free=23 refined=0 tubes=62 revoked_tubes=0 proofs=128
[depth_angular_controller-1] [INFO] [1790683744.190454234] [depth_angular_controller]: PAPER_EVIDENCE retained=32 balls=32 revoked_balls=0 expired_views=0 evicted_views=43 radius=0.580 clearance=0.500 best_prefix=8.072
[depth_angular_controller-1] [INFO] [1790683745.021302799] [depth_angular_controller]: PAPER_BUILD reason=READY required=0.0100 best=8.0717 free=23 refined=0 tubes=62 revoked_tubes=0 proofs=128
[depth_angular_controller-1] [INFO] [1790683745.021709532] [depth_angular_controller]: PAPER_EVIDENCE retained=32 balls=32 revoked_balls=0 expired_views=0 evicted_views=43 radius=0.580 clearance=0.500 best_prefix=8.072
[position_cmd_to_twist-2] [INFO] [1790683745.162554743] [position_cmd_to_twist]: [PERF BRIDGE] run=iteration5_ego1p1_1 elapsed=148.25s received=1551 published=889 fps(ros/wall)=10.37/6.61 controller_to_bridge_ms(mean/p50/p95/max)=89.996/33.333/216.667/233.333 bridge_process_ms(mean/p95/max)=0.114/0.147/1.496
[NAV] t=150.0s position=(-44.05,1.73,4.42) yaw=5.0deg command=(0.00,0.00,0.00) manual_active=1 collision_blocks=0
[depth_angular_controller-1] [INFO] [1790683745.985387626] [depth_angular_controller]: PAPER_BUILD reason=READY required=0.0100 best=8.0717 free=23 refined=0 tubes=62 revoked_tubes=0 proofs=128
[depth_angular_controller-1] [INFO] [1790683745.985425788] [depth_angular_controller]: PAPER_EVIDENCE retained=32 balls=32 revoked_balls=0 expired_views=0 evicted_views=43 radius=0.580 clearance=0.500 best_prefix=8.072
[depth_angular_controller-1] [INFO] [1790683746.812927453] [depth_angular_controller]: PAPER_BUILD reason=READY required=0.0100 best=8.0717 free=23 refined=0 tubes=62 revoked_tubes=0 proofs=128
[depth_angular_controller-1] [INFO] [1790683746.812967969] [depth_angular_controller]: PAPER_EVIDENCE retained=32 balls=32 revoked_balls=0 expired_views=0 evicted_views=43 radius=0.580 clearance=0.500 best_prefix=8.072
[depth_angular_controller-1] [INFO] [1790683747.623180830] [depth_angular_controller]: [PERF CTRL] run=iteration5_ego1p1_1 elapsed=150.82s callbacks=1568 commands=1567 guidance=1467 command_fps(ros/wall)=10.26/11.43 guidance_wall_fps=10.83 avoid_ms(mean/p50/p95/max)=76.830/98.826/155.172/164.572 cycle_ms(mean/p95/max)=87.491/168.524/185.706 depth_to_cmd_ms(mean/p95/max)=23.949/33.333/66.667 callback_to_publish_ms(mean/p95/max)=83.220/168.047/183.480
[depth_angular_controller-1] [INFO] [1790683747.787623803] [depth_angular_controller]: PAPER_BUILD reason=READY required=0.0100 best=8.0717 free=23 refined=0 tubes=62 revoked_tubes=0 proofs=128
[depth_angular_controller-1] [INFO] [1790683747.787665281] [depth_angular_controller]: PAPER_EVIDENCE retained=32 balls=32 revoked_balls=0 expired_views=0 evicted_views=43 radius=0.580 clearance=0.500 best_prefix=8.072
[depth_angular_controller-1] [INFO] [1790683748.613912081] [depth_angular_controller]: PAPER_BUILD reason=READY required=0.0100 best=8.0717 free=23 refined=0 tubes=62 revoked_tubes=0 proofs=128
[depth_angular_controller-1] [INFO] [1790683748.613949511] [depth_angular_controller]: PAPER_EVIDENCE retained=32 balls=32 revoked_balls=0 expired_views=0 evicted_views=43 radius=0.580 clearance=0.500 best_prefix=8.072
[position_cmd_to_twist-2] [INFO] [1790683749.345327627] [position_cmd_to_twist]: [PERF BRIDGE] run=iteration5_ego1p1_1 elapsed=152.44s received=1577 published=889 fps(ros/wall)=10.19/6.40 controller_to_bridge_ms(mean/p50/p95/max)=91.767/50.000/216.667/233.333 bridge_process_ms(mean/p95/max)=0.114/0.147/1.496
[NAV] t=155.0s position=(-44.05,1.73,4.42) yaw=5.0deg command=(0.00,0.00,0.00) manual_active=1 collision_blocks=0
[depth_angular_controller-1] [INFO] [1790683749.583072834] [depth_angular_controller]: PAPER_BUILD reason=READY required=0.0100 best=8.0717 free=23 refined=0 tubes=62 revoked_tubes=0 proofs=128
[depth_angular_controller-1] [INFO] [1790683749.583112208] [depth_angular_controller]: PAPER_EVIDENCE retained=32 balls=32 revoked_balls=0 expired_views=0 evicted_views=43 radius=0.580 clearance=0.500 best_prefix=8.072
[depth_angular_controller-1] [INFO] [1790683750.554809410] [depth_angular_controller]: PAPER_BUILD reason=READY required=0.0100 best=8.0717 free=23 refined=0 tubes=62 revoked_tubes=0 proofs=128
[depth_angular_controller-1] [INFO] [1790683750.555229058] [depth_angular_controller]: PAPER_EVIDENCE retained=32 balls=32 revoked_balls=0 expired_views=0 evicted_views=43 radius=0.580 clearance=0.500 best_prefix=8.072
[depth_angular_controller-1] [INFO] [1790683751.361920191] [depth_angular_controller]: TARGET_HOLD
[depth_angular_controller-1] [INFO] [1790683751.527194393] [depth_angular_controller]: COMPUTE_DEADLINE
[depth_angular_controller-1] [INFO] [1790683751.527232064] [depth_angular_controller]: PAPER_BUILD reason=READY required=0.0100 best=8.0717 free=23 refined=0 tubes=62 revoked_tubes=0 proofs=128
[depth_angular_controller-1] [INFO] [1790683751.527241772] [depth_angular_controller]: PAPER_EVIDENCE retained=32 balls=32 revoked_balls=0 expired_views=0 evicted_views=43 radius=0.580 clearance=0.500 best_prefix=8.072
[depth_angular_controller-1] [INFO] [1790683752.514351477] [depth_angular_controller]: PAPER_BUILD reason=READY required=0.0100 best=8.0717 free=23 refined=0 tubes=62 revoked_tubes=0 proofs=128
[depth_angular_controller-1] [INFO] [1790683752.514397192] [depth_angular_controller]: PAPER_EVIDENCE retained=32 balls=32 revoked_balls=0 expired_views=0 evicted_views=43 radius=0.580 clearance=0.500 best_prefix=8.072
[depth_angular_controller-1] [INFO] [1790683752.684944961] [depth_angular_controller]: [PERF CTRL] run=iteration5_ego1p1_1 elapsed=155.88s callbacks=1600 commands=1599 guidance=1499 command_fps(ros/wall)=10.09/11.25 guidance_wall_fps=10.67 avoid_ms(mean/p50/p95/max)=78.289/119.975/155.221/164.572 cycle_ms(mean/p95/max)=88.906/168.537/185.706 depth_to_cmd_ms(mean/p95/max)=23.871/33.333/66.667 callback_to_publish_ms(mean/p95/max)=84.709/168.126/183.480
[depth_angular_controller-1] [INFO] [1790683753.329834388] [depth_angular_controller]: TARGET_HOLD
[depth_angular_controller-1] [INFO] [1790683753.492716942] [depth_angular_controller]: COMPUTE_DEADLINE
[depth_angular_controller-1] [INFO] [1790683753.492752279] [depth_angular_controller]: PAPER_BUILD reason=READY required=0.0100 best=8.0717 free=23 refined=0 tubes=62 revoked_tubes=0 proofs=128
[depth_angular_controller-1] [INFO] [1790683753.492762618] [depth_angular_controller]: PAPER_EVIDENCE retained=32 balls=32 revoked_balls=0 expired_views=0 evicted_views=43 radius=0.580 clearance=0.500 best_prefix=8.072
[position_cmd_to_twist-2] [INFO] [1790683753.891116933] [position_cmd_to_twist]: [PERF BRIDGE] run=iteration5_ego1p1_1 elapsed=156.98s received=1607 published=894 fps(ros/wall)=10.06/6.24 controller_to_bridge_ms(mean/p50/p95/max)=93.165/50.000/216.667/233.333 bridge_process_ms(mean/p95/max)=0.114/0.146/1.496
[NAV] t=160.0s position=(-44.04,1.73,4.42) yaw=5.0deg command=(0.00,0.00,0.00) manual_active=1 collision_blocks=0
[depth_angular_controller-1] [INFO] [1790683754.325180228] [depth_angular_controller]: PAPER_BUILD reason=READY required=0.0100 best=8.0717 free=22 refined=0 tubes=62 revoked_tubes=0 proofs=128
[depth_angular_controller-1] [INFO] [1790683754.325221726] [depth_angular_controller]: PAPER_EVIDENCE retained=32 balls=32 revoked_balls=0 expired_views=0 evicted_views=43 radius=0.580 clearance=0.500 best_prefix=8.072
[depth_angular_controller-1] [INFO] [1790683755.322287052] [depth_angular_controller]: PAPER_BUILD reason=READY required=0.0100 best=8.0717 free=22 refined=0 tubes=62 revoked_tubes=0 proofs=128
[depth_angular_controller-1] [INFO] [1790683755.322326817] [depth_angular_controller]: PAPER_EVIDENCE retained=32 balls=32 revoked_balls=0 expired_views=0 evicted_views=43 radius=0.580 clearance=0.500 best_prefix=8.072
[depth_angular_controller-1] [INFO] [1790683755.995995348] [depth_angular_controller]: TARGET_HOLD
[depth_angular_controller-1] [INFO] [1790683756.169413203] [depth_angular_controller]: COMPUTE_DEADLINE
[depth_angular_controller-1] [INFO] [1790683756.311114660] [depth_angular_controller]: PAPER_BUILD reason=READY required=0.0100 best=8.0717 free=22 refined=0 tubes=62 revoked_tubes=0 proofs=128
[depth_angular_controller-1] [INFO] [1790683756.311147242] [depth_angular_controller]: PAPER_EVIDENCE retained=32 balls=32 revoked_balls=0 expired_views=0 evicted_views=43 radius=0.580 clearance=0.500 best_prefix=8.072
[depth_angular_controller-1] [INFO] [1790683756.323309314] [depth_angular_controller]: TARGET_HOLD
[depth_angular_controller-1] [INFO] [1790683756.476691992] [depth_angular_controller]: COMPUTE_DEADLINE
[depth_angular_controller-1] [INFO] [1790683757.242734416] [depth_angular_controller]: PAPER_BUILD reason=READY required=0.0100 best=8.0717 free=21 refined=0 tubes=62 revoked_tubes=0 proofs=128
[depth_angular_controller-1] [INFO] [1790683757.242778228] [depth_angular_controller]: PAPER_EVIDENCE retained=32 balls=32 revoked_balls=0 expired_views=0 evicted_views=43 radius=0.580 clearance=0.500 best_prefix=8.072
[depth_angular_controller-1] [INFO] [1790683757.723117251] [depth_angular_controller]: [PERF CTRL] run=iteration5_ego1p1_1 elapsed=160.92s callbacks=1634 commands=1633 guidance=1533 command_fps(ros/wall)=9.95/11.09 guidance_wall_fps=10.53 avoid_ms(mean/p50/p95/max)=79.557/127.866/155.390/164.572 cycle_ms(mean/p95/max)=90.141/168.689/185.706 depth_to_cmd_ms(mean/p95/max)=23.831/33.333/66.667 callback_to_publish_ms(mean/p95/max)=86.022/168.360/183.480
[depth_angular_controller-1] [INFO] [1790683758.199196950] [depth_angular_controller]: PAPER_BUILD reason=READY required=0.0100 best=8.0717 free=21 refined=0 tubes=62 revoked_tubes=0 proofs=128
[depth_angular_controller-1] [INFO] [1790683758.199236495] [depth_angular_controller]: PAPER_EVIDENCE retained=32 balls=32 revoked_balls=0 expired_views=0 evicted_views=43 radius=0.580 clearance=0.500 best_prefix=8.072
[position_cmd_to_twist-2] [INFO] [1790683758.313661818] [position_cmd_to_twist]: [PERF BRIDGE] run=iteration5_ego1p1_1 elapsed=161.41s received=1636 published=898 fps(ros/wall)=9.93/6.08 controller_to_bridge_ms(mean/p50/p95/max)=94.580/66.667/216.667/233.333 bridge_process_ms(mean/p95/max)=0.114/0.146/1.496
[depth_angular_controller-1] [INFO] [1790683758.355075652] [depth_angular_controller]: TARGET_HOLD
[NAV] t=165.0s position=(-44.03,1.73,4.43) yaw=5.0deg command=(0.01,0.00,0.01) manual_active=1 collision_blocks=0
[depth_angular_controller-1] [INFO] [1790683758.522500540] [depth_angular_controller]: COMPUTE_DEADLINE
[depth_angular_controller-1] [INFO] [1790683759.150277635] [depth_angular_controller]: TARGET_HOLD
[depth_angular_controller-1] [INFO] [1790683759.307116980] [depth_angular_controller]: COMPUTE_DEADLINE
[depth_angular_controller-1] [INFO] [1790683759.307157556] [depth_angular_controller]: PAPER_BUILD reason=READY required=0.0100 best=8.0717 free=21 refined=0 tubes=62 revoked_tubes=0 proofs=128
[depth_angular_controller-1] [INFO] [1790683759.307169558] [depth_angular_controller]: PAPER_EVIDENCE retained=32 balls=32 revoked_balls=0 expired_views=0 evicted_views=43 radius=0.580 clearance=0.500 best_prefix=8.072
[depth_angular_controller-1] [INFO] [1790683759.621639101] [depth_angular_controller]: TARGET_HOLD
[depth_angular_controller-1] [INFO] [1790683759.785031152] [depth_angular_controller]: COMPUTE_DEADLINE
[depth_angular_controller-1] [INFO] [1790683760.267753627] [depth_angular_controller]: PAPER_BUILD reason=READY required=0.0100 best=8.0717 free=21 refined=0 tubes=62 revoked_tubes=0 proofs=128
[depth_angular_controller-1] [INFO] [1790683760.267792970] [depth_angular_controller]: PAPER_EVIDENCE retained=32 balls=32 revoked_balls=0 expired_views=0 evicted_views=43 radius=0.580 clearance=0.500 best_prefix=8.072
[depth_angular_controller-1] [INFO] [1790683760.591827071] [depth_angular_controller]: TARGET_HOLD
[depth_angular_controller-1] [INFO] [1790683760.757332237] [depth_angular_controller]: COMPUTE_DEADLINE
[depth_angular_controller-1] [INFO] [1790683761.240808447] [depth_angular_controller]: TARGET_HOLD
[depth_angular_controller-1] [INFO] [1790683761.241192537] [depth_angular_controller]: PAPER_BUILD reason=READY required=0.0100 best=8.0717 free=21 refined=0 tubes=62 revoked_tubes=0 proofs=128
[depth_angular_controller-1] [INFO] [1790683761.241318664] [depth_angular_controller]: PAPER_EVIDENCE retained=32 balls=32 revoked_balls=0 expired_views=0 evicted_views=43 radius=0.580 clearance=0.500 best_prefix=8.072
[depth_angular_controller-1] [INFO] [1790683761.396378930] [depth_angular_controller]: COMPUTE_DEADLINE
[depth_angular_controller-1] [INFO] [1790683762.168107004] [depth_angular_controller]: PAPER_BUILD reason=READY required=0.0100 best=8.0717 free=21 refined=0 tubes=62 revoked_tubes=0 proofs=128
[depth_angular_controller-1] [INFO] [1790683762.168150435] [depth_angular_controller]: PAPER_EVIDENCE retained=32 balls=32 revoked_balls=0 expired_views=0 evicted_views=43 radius=0.580 clearance=0.500 best_prefix=8.072
[depth_angular_controller-1] [INFO] [1790683762.814193306] [depth_angular_controller]: [PERF CTRL] run=iteration5_ego1p1_1 elapsed=166.01s callbacks=1672 commands=1671 guidance=1571 command_fps(ros/wall)=9.84/10.97 guidance_wall_fps=10.43 avoid_ms(mean/p50/p95/max)=80.548/130.616/155.353/164.572 cycle_ms(mean/p95/max)=91.138/168.656/185.706 depth_to_cmd_ms(mean/p95/max)=23.690/33.333/66.667 callback_to_publish_ms(mean/p95/max)=87.105/168.291/183.480
[position_cmd_to_twist-2] [INFO] [1790683762.832581312] [position_cmd_to_twist]: [PERF BRIDGE] run=iteration5_ego1p1_1 elapsed=165.92s received=1671 published=909 fps(ros/wall)=9.84/5.97 controller_to_bridge_ms(mean/p50/p95/max)=95.611/66.667/216.667/233.333 bridge_process_ms(mean/p95/max)=0.114/0.147/1.496
[NAV] t=170.0s position=(-44.02,1.74,4.44) yaw=5.0deg command=(0.00,0.00,0.00) manual_active=1 collision_blocks=0
[depth_angular_controller-1] [INFO] [1790683762.976605929] [depth_angular_controller]: PAPER_BUILD reason=READY required=0.0100 best=8.0717 free=21 refined=0 tubes=62 revoked_tubes=0 proofs=128
[depth_angular_controller-1] [INFO] [1790683762.976648168] [depth_angular_controller]: PAPER_EVIDENCE retained=32 balls=32 revoked_balls=0 expired_views=0 evicted_views=43 radius=0.580 clearance=0.500 best_prefix=8.072
[depth_angular_controller-1] [INFO] [1790683763.291556905] [depth_angular_controller]: TARGET_HOLD
[depth_angular_controller-1] [INFO] [1790683763.431418861] [depth_angular_controller]: COMPUTE_DEADLINE
[depth_angular_controller-1] [INFO] [1790683763.444256321] [depth_angular_controller]: TARGET_HOLD
[depth_angular_controller-1] [INFO] [1790683763.613678918] [depth_angular_controller]: COMPUTE_DEADLINE
[depth_angular_controller-1] [INFO] [1790683764.081027373] [depth_angular_controller]: TARGET_HOLD
[depth_angular_controller-1] [INFO] [1790683764.081065735] [depth_angular_controller]: PAPER_BUILD reason=READY required=0.0100 best=8.0717 free=21 refined=0 tubes=62 revoked_tubes=0 proofs=128
[depth_angular_controller-1] [INFO] [1790683764.081077186] [depth_angular_controller]: PAPER_EVIDENCE retained=32 balls=32 revoked_balls=0 expired_views=0 evicted_views=43 radius=0.580 clearance=0.500 best_prefix=8.072
[depth_angular_controller-1] [INFO] [1790683764.250133426] [depth_angular_controller]: COMPUTE_DEADLINE
[depth_angular_controller-1] [INFO] [1790683765.068272692] [depth_angular_controller]: PAPER_BUILD reason=READY required=0.0100 best=8.0717 free=21 refined=0 tubes=63 revoked_tubes=0 proofs=128
[depth_angular_controller-1] [INFO] [1790683765.068312998] [depth_angular_controller]: PAPER_EVIDENCE retained=32 balls=32 revoked_balls=0 expired_views=0 evicted_views=47 radius=0.580 clearance=0.500 best_prefix=8.072
[depth_angular_controller-1] [INFO] [1790683765.227642304] [depth_angular_controller]: TARGET_HOLD
[depth_angular_controller-1] [INFO] [1790683765.391334208] [depth_angular_controller]: COMPUTE_DEADLINE
[depth_angular_controller-1] [INFO] [1790683766.024430735] [depth_angular_controller]: PAPER_BUILD reason=READY required=0.0100 best=8.0717 free=21 refined=0 tubes=63 revoked_tubes=0 proofs=128
[depth_angular_controller-1] [INFO] [1790683766.024471802] [depth_angular_controller]: PAPER_EVIDENCE retained=32 balls=32 revoked_balls=0 expired_views=0 evicted_views=47 radius=0.580 clearance=0.500 best_prefix=8.072
[depth_angular_controller-1] [INFO] [1790683766.979704779] [depth_angular_controller]: PAPER_BUILD reason=READY required=0.0100 best=8.0717 free=21 refined=0 tubes=63 revoked_tubes=0 proofs=128
[depth_angular_controller-1] [INFO] [1790683766.979743411] [depth_angular_controller]: PAPER_EVIDENCE retained=32 balls=32 revoked_balls=0 expired_views=0 evicted_views=47 radius=0.580 clearance=0.500 best_prefix=8.072
[position_cmd_to_twist-2] [INFO] [1790683767.402278593] [position_cmd_to_twist]: [PERF BRIDGE] run=iteration5_ego1p1_1 elapsed=170.49s received=1705 published=919 fps(ros/wall)=9.76/5.86 controller_to_bridge_ms(mean/p50/p95/max)=96.559/83.333/216.667/233.333 bridge_process_ms(mean/p95/max)=0.114/0.146/1.496
[NAV] t=175.0s position=(-44.00,1.74,4.44) yaw=5.0deg command=(0.00,0.00,0.00) manual_active=1 collision_blocks=0
[depth_angular_controller-1] [INFO] [1790683767.796999209] [depth_angular_controller]: PAPER_BUILD reason=READY required=0.0100 best=8.0717 free=21 refined=0 tubes=63 revoked_tubes=0 proofs=128
[depth_angular_controller-1] [INFO] [1790683767.797039435] [depth_angular_controller]: PAPER_EVIDENCE retained=32 balls=32 revoked_balls=0 expired_views=0 evicted_views=47 radius=0.580 clearance=0.500 best_prefix=8.072
[depth_angular_controller-1] [INFO] [1790683767.962254085] [depth_angular_controller]: [PERF CTRL] run=iteration5_ego1p1_1 elapsed=171.16s callbacks=1710 commands=1709 guidance=1609 command_fps(ros/wall)=9.74/10.85 guidance_wall_fps=10.33 avoid_ms(mean/p50/p95/max)=81.559/132.473/155.227/164.572 cycle_ms(mean/p95/max)=92.125/168.593/185.706 depth_to_cmd_ms(mean/p95/max)=23.659/33.333/66.667 callback_to_publish_ms(mean/p95/max)=88.169/168.255/183.480
[depth_angular_controller-1] [INFO] [1790683768.760811275] [depth_angular_controller]: PAPER_BUILD reason=READY required=0.0100 best=8.0717 free=21 refined=0 tubes=63 revoked_tubes=0 proofs=128
[depth_angular_controller-1] [INFO] [1790683768.760855017] [depth_angular_controller]: PAPER_EVIDENCE retained=32 balls=32 revoked_balls=0 expired_views=0 evicted_views=47 radius=0.580 clearance=0.500 best_prefix=8.072
[depth_angular_controller-1] [INFO] [1790683769.569988152] [depth_angular_controller]: PAPER_BUILD reason=READY required=0.0100 best=8.0717 free=21 refined=0 tubes=63 revoked_tubes=0 proofs=128
[depth_angular_controller-1] [INFO] [1790683769.570030562] [depth_angular_controller]: PAPER_EVIDENCE retained=32 balls=32 revoked_balls=0 expired_views=0 evicted_views=47 radius=0.580 clearance=0.500 best_prefix=8.072
[depth_angular_controller-1] [INFO] [1790683770.531582316] [depth_angular_controller]: PAPER_BUILD reason=READY required=0.0100 best=8.0717 free=21 refined=0 tubes=63 revoked_tubes=0 proofs=128
[depth_angular_controller-1] [INFO] [1790683770.531623203] [depth_angular_controller]: PAPER_EVIDENCE retained=32 balls=32 revoked_balls=0 expired_views=0 evicted_views=47 radius=0.580 clearance=0.500 best_prefix=8.072
[depth_angular_controller-1] [INFO] [1790683771.346665487] [depth_angular_controller]: PAPER_BUILD reason=READY required=0.0100 best=8.0717 free=21 refined=0 tubes=63 revoked_tubes=0 proofs=128
[depth_angular_controller-1] [INFO] [1790683771.346707175] [depth_angular_controller]: PAPER_EVIDENCE retained=32 balls=32 revoked_balls=0 expired_views=0 evicted_views=47 radius=0.580 clearance=0.500 best_prefix=8.072
[position_cmd_to_twist-2] [INFO] [1790683771.572127134] [position_cmd_to_twist]: [PERF BRIDGE] run=iteration5_ego1p1_1 elapsed=174.66s received=1731 published=919 fps(ros/wall)=9.63/5.71 controller_to_bridge_ms(mean/p50/p95/max)=98.007/83.333/216.667/233.333 bridge_process_ms(mean/p95/max)=0.114/0.146/1.496
[NAV] t=180.0s position=(-44.00,1.74,4.44) yaw=5.0deg command=(0.00,0.00,0.00) manual_active=1 collision_blocks=0
[depth_angular_controller-1] [INFO] [1790683771.999119088] [depth_angular_controller]: TARGET_HOLD
[depth_angular_controller-1] [INFO] [1790683772.153597001] [depth_angular_controller]: COMPUTE_DEADLINE
[depth_angular_controller-1] [INFO] [1790683772.291405253] [depth_angular_controller]: PAPER_BUILD reason=READY required=0.0128 best=8.0717 free=125 refined=0 tubes=63 revoked_tubes=0 proofs=128
[depth_angular_controller-1] [INFO] [1790683772.291440149] [depth_angular_controller]: PAPER_EVIDENCE retained=32 balls=32 revoked_balls=0 expired_views=0 evicted_views=47 radius=0.580 clearance=6.008 best_prefix=8.072
[depth_angular_controller-1] [INFO] [1790683772.449927115] [depth_angular_controller]: TARGET_HOLD
[depth_angular_controller-1] [INFO] [1790683772.579643802] [depth_angular_controller]: COMPUTE_DEADLINE
[depth_angular_controller-1] [INFO] [1790683772.591149173] [depth_angular_controller]: TARGET_HOLD
[depth_angular_controller-1] [INFO] [1790683772.797965901] [depth_angular_controller]: COMPUTE_DEADLINE
[depth_angular_controller-1] [INFO] [1790683773.081477320] [depth_angular_controller]: [PERF CTRL] run=iteration5_ego1p1_1 elapsed=176.28s callbacks=1748 commands=1747 guidance=1647 command_fps(ros/wall)=9.64/10.75 guidance_wall_fps=10.24 avoid_ms(mean/p50/p95/max)=82.484/133.502/155.220/164.572 cycle_ms(mean/p95/max)=93.052/168.543/185.706 depth_to_cmd_ms(mean/p95/max)=23.629/33.333/66.667 callback_to_publish_ms(mean/p95/max)=89.146/168.180/183.480
[depth_angular_controller-1] [INFO] [1790683773.394882585] [depth_angular_controller]: PAPER_BUILD reason=READY required=0.0100 best=8.0717 free=21 refined=0 tubes=63 revoked_tubes=0 proofs=128
[depth_angular_controller-1] [INFO] [1790683773.394924865] [depth_angular_controller]: PAPER_EVIDENCE retained=32 balls=32 revoked_balls=0 expired_views=0 evicted_views=47 radius=0.580 clearance=0.500 best_prefix=8.072
[depth_angular_controller-1] [INFO] [1790683774.333892469] [depth_angular_controller]: PAPER_BUILD reason=READY required=0.0100 best=8.0717 free=21 refined=0 tubes=63 revoked_tubes=0 proofs=128
[depth_angular_controller-1] [INFO] [1790683774.333928847] [depth_angular_controller]: PAPER_EVIDENCE retained=32 balls=32 revoked_balls=0 expired_views=0 evicted_views=47 radius=0.580 clearance=0.500 best_prefix=8.072
[depth_angular_controller-1] [INFO] [1790683774.485765093] [depth_angular_controller]: TARGET_HOLD
[depth_angular_controller-1] [INFO] [1790683774.638143066] [depth_angular_controller]: COMPUTE_DEADLINE
[depth_angular_controller-1] [INFO] [1790683775.236710327] [depth_angular_controller]: TARGET_HOLD
[depth_angular_controller-1] [INFO] [1790683775.406049588] [depth_angular_controller]: COMPUTE_DEADLINE
[depth_angular_controller-1] [INFO] [1790683775.423005867] [depth_angular_controller]: TARGET_HOLD
[depth_angular_controller-1] [INFO] [1790683775.434916578] [depth_angular_controller]: PAPER_BUILD reason=READY required=0.0100 best=8.0717 free=21 refined=0 tubes=63 revoked_tubes=0 proofs=128
[depth_angular_controller-1] [INFO] [1790683775.434951994] [depth_angular_controller]: PAPER_EVIDENCE retained=32 balls=32 revoked_balls=0 expired_views=0 evicted_views=47 radius=0.580 clearance=0.500 best_prefix=8.072
[depth_angular_controller-1] [INFO] [1790683775.593631351] [depth_angular_controller]: COMPUTE_DEADLINE
[depth_angular_controller-1] [INFO] [1790683775.607788448] [depth_angular_controller]: TARGET_HOLD
[depth_angular_controller-1] [INFO] [1790683775.779637067] [depth_angular_controller]: COMPUTE_DEADLINE
[position_cmd_to_twist-2] [INFO] [1790683776.396073992] [position_cmd_to_twist]: [PERF BRIDGE] run=iteration5_ego1p1_1 elapsed=179.49s received=1777 published=942 fps(ros/wall)=9.62/5.68 controller_to_bridge_ms(mean/p50/p95/max)=98.171/100.000/216.667/233.333 bridge_process_ms(mean/p95/max)=0.114/0.146/1.496
[depth_angular_controller-1] [INFO] [1790683776.409355575] [depth_angular_controller]: PAPER_BUILD reason=READY required=0.0100 best=8.0717 free=20 refined=0 tubes=63 revoked_tubes=0 proofs=128
[depth_angular_controller-1] [INFO] [1790683776.409785041] [depth_angular_controller]: PAPER_EVIDENCE retained=32 balls=32 revoked_balls=0 expired_views=0 evicted_views=47 radius=0.580 clearance=0.500 best_prefix=8.072
[depth_angular_controller-1] [INFO] [1790683776.422572297] [depth_angular_controller]: TARGET_HOLD
[NAV] t=185.0s position=(-43.97,1.75,4.45) yaw=5.0deg command=(0.02,0.00,0.01) manual_active=1 collision_blocks=0
[depth_angular_controller-1] [INFO] [1790683776.578755540] [depth_angular_controller]: COMPUTE_DEADLINE
[depth_angular_controller-1] [INFO] [1790683777.162745767] [depth_angular_controller]: TARGET_HOLD
[depth_angular_controller-1] [INFO] [1790683777.325009851] [depth_angular_controller]: COMPUTE_DEADLINE
[depth_angular_controller-1] [INFO] [1790683777.473731232] [depth_angular_controller]: PAPER_BUILD reason=READY required=0.0137 best=8.0717 free=120 refined=0 tubes=63 revoked_tubes=0 proofs=128
[depth_angular_controller-1] [INFO] [1790683777.473770676] [depth_angular_controller]: PAPER_EVIDENCE retained=32 balls=32 revoked_balls=0 expired_views=0 evicted_views=47 radius=0.580 clearance=6.009 best_prefix=8.072
[depth_angular_controller-1] [INFO] [1790683778.218953397] [depth_angular_controller]: [PERF CTRL] run=iteration5_ego1p1_1 elapsed=181.42s callbacks=1794 commands=1793 guidance=1693 command_fps(ros/wall)=9.59/10.69 guidance_wall_fps=10.20 avoid_ms(mean/p50/p95/max)=82.929/133.655/155.156/164.572 cycle_ms(mean/p95/max)=93.530/168.525/185.706 depth_to_cmd_ms(mean/p95/max)=23.548/33.333/66.667 callback_to_publish_ms(mean/p95/max)=89.701/168.103/183.480
[depth_angular_controller-1] [INFO] [1790683778.366422648] [depth_angular_controller]: PAPER_BUILD reason=READY required=0.0100 best=8.0717 free=20 refined=0 tubes=63 revoked_tubes=0 proofs=128
[depth_angular_controller-1] [INFO] [1790683778.366458455] [depth_angular_controller]: PAPER_EVIDENCE retained=32 balls=32 revoked_balls=0 expired_views=0 evicted_views=47 radius=0.580 clearance=0.500 best_prefix=8.072
[depth_angular_controller-1] [INFO] [1790683779.251305670] [depth_angular_controller]: PAPER_BUILD reason=READY required=0.0100 best=8.0717 free=20 refined=0 tubes=63 revoked_tubes=0 proofs=128
[depth_angular_controller-1] [INFO] [1790683779.251349452] [depth_angular_controller]: PAPER_EVIDENCE retained=32 balls=32 revoked_balls=0 expired_views=0 evicted_views=47 radius=0.580 clearance=0.500 best_prefix=8.072
[depth_angular_controller-1] [INFO] [1790683779.400771648] [depth_angular_controller]: TARGET_HOLD
[depth_angular_controller-1] [INFO] [1790683779.546999981] [depth_angular_controller]: COMPUTE_DEADLINE
[depth_angular_controller-1] [INFO] [1790683780.409827275] [depth_angular_controller]: PAPER_BUILD reason=READY required=0.0100 best=8.0717 free=20 refined=0 tubes=63 revoked_tubes=0 proofs=128
[depth_angular_controller-1] [INFO] [1790683780.409869665] [depth_angular_controller]: PAPER_EVIDENCE retained=32 balls=32 revoked_balls=0 expired_views=0 evicted_views=47 radius=0.580 clearance=0.500 best_prefix=8.072
[position_cmd_to_twist-2] [INFO] [1790683780.847459507] [position_cmd_to_twist]: [PERF BRIDGE] run=iteration5_ego1p1_1 elapsed=183.94s received=1811 published=952 fps(ros/wall)=9.55/5.59 controller_to_bridge_ms(mean/p50/p95/max)=99.043/100.000/216.667/233.333 bridge_process_ms(mean/p95/max)=0.113/0.144/1.496
[NAV] t=190.0s position=(-43.96,1.75,4.46) yaw=5.0deg command=(0.00,0.00,0.00) manual_active=1 collision_blocks=0
[depth_angular_controller-1] [INFO] [1790683781.300290209] [depth_angular_controller]: PAPER_BUILD reason=READY required=0.0100 best=8.0717 free=20 refined=0 tubes=63 revoked_tubes=0 proofs=128
[depth_angular_controller-1] [INFO] [1790683781.300328380] [depth_angular_controller]: PAPER_EVIDENCE retained=32 balls=32 revoked_balls=0 expired_views=0 evicted_views=47 radius=0.580 clearance=0.500 best_prefix=8.072
[depth_angular_controller-1] [INFO] [1790683781.311546091] [depth_angular_controller]: TARGET_HOLD
[depth_angular_controller-1] [INFO] [1790683781.490905134] [depth_angular_controller]: COMPUTE_DEADLINE
[depth_angular_controller-1] [INFO] [1790683782.221261212] [depth_angular_controller]: PAPER_BUILD reason=READY required=0.0100 best=8.0717 free=20 refined=0 tubes=63 revoked_tubes=0 proofs=128
[depth_angular_controller-1] [INFO] [1790683782.221301858] [depth_angular_controller]: PAPER_EVIDENCE retained=32 balls=32 revoked_balls=0 expired_views=0 evicted_views=47 radius=0.580 clearance=0.500 best_prefix=8.072
[depth_angular_controller-1] [INFO] [1790683782.364073504] [depth_angular_controller]: TARGET_HOLD
[depth_angular_controller-1] [INFO] [1790683782.510441488] [depth_angular_controller]: COMPUTE_DEADLINE
[depth_angular_controller-1] [INFO] [1790683783.225106401] [depth_angular_controller]: [PERF CTRL] run=iteration5_ego1p1_1 elapsed=186.42s callbacks=1832 commands=1831 guidance=1731 command_fps(ros/wall)=9.51/10.60 guidance_wall_fps=10.12 avoid_ms(mean/p50/p95/max)=83.704/133.546/155.136/164.572 cycle_ms(mean/p95/max)=94.322/168.525/185.706 depth_to_cmd_ms(mean/p95/max)=23.541/33.333/66.667 callback_to_publish_ms(mean/p95/max)=90.552/168.027/183.480
[depth_angular_controller-1] [INFO] [1790683783.225433314] [depth_angular_controller]: PAPER_BUILD reason=READY required=0.0100 best=8.0717 free=18 refined=0 tubes=63 revoked_tubes=0 proofs=128
[depth_angular_controller-1] [INFO] [1790683783.225446670] [depth_angular_controller]: PAPER_EVIDENCE retained=32 balls=32 revoked_balls=0 expired_views=0 evicted_views=47 radius=0.580 clearance=0.500 best_prefix=8.072
[depth_angular_controller-1] [INFO] [1790683783.367520967] [depth_angular_controller]: TARGET_HOLD
[depth_angular_controller-1] [INFO] [1790683783.511202650] [depth_angular_controller]: COMPUTE_DEADLINE
[depth_angular_controller-1] [INFO] [1790683784.215025898] [depth_angular_controller]: PAPER_BUILD reason=READY required=0.0100 best=8.0717 free=18 refined=0 tubes=63 revoked_tubes=0 proofs=128
[depth_angular_controller-1] [INFO] [1790683784.215065983] [depth_angular_controller]: PAPER_EVIDENCE retained=32 balls=32 revoked_balls=0 expired_views=0 evicted_views=47 radius=0.580 clearance=0.500 best_prefix=8.072
[depth_angular_controller-1] [INFO] [1790683785.059448456] [depth_angular_controller]: PAPER_BUILD reason=READY required=0.0100 best=8.0717 free=18 refined=0 tubes=63 revoked_tubes=0 proofs=128
[depth_angular_controller-1] [INFO] [1790683785.059498920] [depth_angular_controller]: PAPER_EVIDENCE retained=32 balls=32 revoked_balls=0 expired_views=0 evicted_views=47 radius=0.580 clearance=0.500 best_prefix=8.072
[position_cmd_to_twist-2] [INFO] [1790683785.151297834] [position_cmd_to_twist]: [PERF BRIDGE] run=iteration5_ego1p1_1 elapsed=188.24s received=1845 published=959 fps(ros/wall)=9.48/5.49 controller_to_bridge_ms(mean/p50/p95/max)=99.919/100.000/216.667/233.333 bridge_process_ms(mean/p95/max)=0.113/0.144/1.496
[NAV] t=195.0s position=(-43.95,1.75,4.47) yaw=5.0deg command=(0.00,0.00,0.00) manual_active=1 collision_blocks=0
[depth_angular_controller-1] [INFO] [1790683785.915957413] [depth_angular_controller]: PAPER_BUILD reason=READY required=0.0100 best=8.0717 free=18 refined=0 tubes=63 revoked_tubes=0 proofs=128
[depth_angular_controller-1] [INFO] [1790683785.916001045] [depth_angular_controller]: PAPER_EVIDENCE retained=32 balls=32 revoked_balls=0 expired_views=0 evicted_views=47 radius=0.580 clearance=0.500 best_prefix=8.072
[depth_angular_controller-1] [INFO] [1790683786.772232122] [depth_angular_controller]: PAPER_BUILD reason=READY required=0.0100 best=8.0717 free=18 refined=0 tubes=63 revoked_tubes=0 proofs=128
[depth_angular_controller-1] [INFO] [1790683786.772277066] [depth_angular_controller]: PAPER_EVIDENCE retained=32 balls=32 revoked_balls=0 expired_views=0 evicted_views=47 radius=0.580 clearance=0.500 best_prefix=8.072
[depth_angular_controller-1] [INFO] [1790683787.637946965] [depth_angular_controller]: PAPER_BUILD reason=READY required=0.0100 best=8.0717 free=18 refined=0 tubes=63 revoked_tubes=0 proofs=128
[depth_angular_controller-1] [INFO] [1790683787.637989505] [depth_angular_controller]: PAPER_EVIDENCE retained=32 balls=32 revoked_balls=0 expired_views=0 evicted_views=47 radius=0.580 clearance=0.500 best_prefix=8.072
[depth_angular_controller-1] [INFO] [1790683788.349684815] [depth_angular_controller]: [PERF CTRL] run=iteration5_ego1p1_1 elapsed=191.55s callbacks=1869 commands=1868 guidance=1768 command_fps(ros/wall)=9.40/10.50 guidance_wall_fps=10.04 avoid_ms(mean/p50/p95/max)=84.583/132.473/155.113/164.572 cycle_ms(mean/p95/max)=95.199/168.495/185.706 depth_to_cmd_ms(mean/p95/max)=23.482/33.333/66.667 callback_to_publish_ms(mean/p95/max)=91.496/168.022/183.480
[depth_angular_controller-1] [INFO] [1790683788.488052406] [depth_angular_controller]: PAPER_BUILD reason=READY required=0.0100 best=8.0717 free=18 refined=0 tubes=63 revoked_tubes=0 proofs=128
[depth_angular_controller-1] [INFO] [1790683788.488092000] [depth_angular_controller]: PAPER_EVIDENCE retained=32 balls=32 revoked_balls=0 expired_views=0 evicted_views=47 radius=0.580 clearance=0.500 best_prefix=8.072
[depth_angular_controller-1] [INFO] [1790683788.769886858] [depth_angular_controller]: TARGET_HOLD
[depth_angular_controller-1] [INFO] [1790683788.909889708] [depth_angular_controller]: COMPUTE_DEADLINE
[position_cmd_to_twist-2] [INFO] [1790683789.345994904] [position_cmd_to_twist]: [PERF BRIDGE] run=iteration5_ego1p1_1 elapsed=192.44s received=1876 published=962 fps(ros/wall)=9.39/5.38 controller_to_bridge_ms(mean/p50/p95/max)=100.968/100.000/216.667/233.333 bridge_process_ms(mean/p95/max)=0.113/0.144/1.496
[NAV] t=200.0s position=(-43.94,1.75,4.47) yaw=5.0deg command=(0.00,0.00,0.00) manual_active=1 collision_blocks=0
[depth_angular_controller-1] [INFO] [1790683789.474503124] [depth_angular_controller]: PAPER_BUILD reason=READY required=0.0100 best=8.0717 free=18 refined=0 tubes=63 revoked_tubes=0 proofs=128
[depth_angular_controller-1] [INFO] [1790683789.474540444] [depth_angular_controller]: PAPER_EVIDENCE retained=32 balls=32 revoked_balls=0 expired_views=0 evicted_views=47 radius=0.580 clearance=0.500 best_prefix=8.072
[depth_angular_controller-1] [INFO] [1790683790.050315936] [depth_angular_controller]: TARGET_HOLD
[depth_angular_controller-1] [INFO] [1790683790.210098373] [depth_angular_controller]: COMPUTE_DEADLINE
[depth_angular_controller-1] [INFO] [1790683790.486736765] [depth_angular_controller]: PAPER_BUILD reason=READY required=0.0100 best=8.0717 free=18 refined=0 tubes=63 revoked_tubes=0 proofs=128
[depth_angular_controller-1] [INFO] [1790683790.486777621] [depth_angular_controller]: PAPER_EVIDENCE retained=32 balls=32 revoked_balls=0 expired_views=0 evicted_views=47 radius=0.580 clearance=0.500 best_prefix=8.072
[depth_angular_controller-1] [INFO] [1790683791.373555099] [depth_angular_controller]: PAPER_BUILD reason=READY required=0.0100 best=8.0717 free=18 refined=0 tubes=63 revoked_tubes=0 proofs=128
[depth_angular_controller-1] [INFO] [1790683791.373596687] [depth_angular_controller]: PAPER_EVIDENCE retained=32 balls=32 revoked_balls=0 expired_views=0 evicted_views=47 radius=0.580 clearance=0.500 best_prefix=8.072
[depth_angular_controller-1] [INFO] [1790683791.789040050] [depth_angular_controller]: TARGET_HOLD
[depth_angular_controller-1] [INFO] [1790683791.950913792] [depth_angular_controller]: COMPUTE_DEADLINE
[depth_angular_controller-1] [INFO] [1790683792.393145785] [depth_angular_controller]: PAPER_BUILD reason=READY required=0.0100 best=8.0717 free=18 refined=0 tubes=63 revoked_tubes=0 proofs=128
[depth_angular_controller-1] [INFO] [1790683792.393549773] [depth_angular_controller]: PAPER_EVIDENCE retained=32 balls=32 revoked_balls=0 expired_views=0 evicted_views=47 radius=0.580 clearance=0.500 best_prefix=8.072
[depth_angular_controller-1] [INFO] [1790683793.269069275] [depth_angular_controller]: PAPER_BUILD reason=READY required=0.0100 best=8.0717 free=18 refined=0 tubes=63 revoked_tubes=0 proofs=128
[depth_angular_controller-1] [INFO] [1790683793.269110553] [depth_angular_controller]: PAPER_EVIDENCE retained=32 balls=32 revoked_balls=0 expired_views=0 evicted_views=47 radius=0.580 clearance=0.500 best_prefix=8.072
[depth_angular_controller-1] [INFO] [1790683793.417133362] [depth_angular_controller]: [PERF CTRL] run=iteration5_ego1p1_1 elapsed=196.62s callbacks=1909 commands=1908 guidance=1808 command_fps(ros/wall)=9.33/10.43 guidance_wall_fps=9.98 avoid_ms(mean/p50/p95/max)=85.226/132.436/155.086/164.572 cycle_ms(mean/p95/max)=95.860/168.460/185.706 depth_to_cmd_ms(mean/p95/max)=23.470/33.333/66.667 callback_to_publish_ms(mean/p95/max)=92.217/167.966/183.480
[position_cmd_to_twist-2] [INFO] [1790683793.777456471] [position_cmd_to_twist]: [PERF BRIDGE] run=iteration5_ego1p1_1 elapsed=196.87s received=1910 published=970 fps(ros/wall)=9.33/5.29 controller_to_bridge_ms(mean/p50/p95/max)=101.728/100.000/216.667/233.333 bridge_process_ms(mean/p95/max)=0.113/0.144/1.496
[NAV] t=205.0s position=(-43.93,1.76,4.47) yaw=5.0deg command=(0.00,0.00,0.00) manual_active=1 collision_blocks=0
[depth_angular_controller-1] [INFO] [1790683794.009912993] [depth_angular_controller]: TARGET_HOLD
[depth_angular_controller-1] [INFO] [1790683794.139813045] [depth_angular_controller]: COMPUTE_DEADLINE
[depth_angular_controller-1] [INFO] [1790683794.152191393] [depth_angular_controller]: TARGET_HOLD
[depth_angular_controller-1] [INFO] [1790683794.289582933] [depth_angular_controller]: COMPUTE_DEADLINE
[depth_angular_controller-1] [INFO] [1790683794.289619271] [depth_angular_controller]: PAPER_BUILD reason=READY required=0.0119 best=8.0717 free=123 refined=0 tubes=63 revoked_tubes=0 proofs=128
[depth_angular_controller-1] [INFO] [1790683794.289629190] [depth_angular_controller]: PAPER_EVIDENCE retained=32 balls=32 revoked_balls=0 expired_views=0 evicted_views=47 radius=0.580 clearance=6.007 best_prefix=8.072
[depth_angular_controller-1] [INFO] [1790683794.836406947] [depth_angular_controller]: TARGET_HOLD
[depth_angular_controller-1] [INFO] [1790683794.984432352] [depth_angular_controller]: COMPUTE_DEADLINE
[depth_angular_controller-1] [INFO] [1790683795.263758827] [depth_angular_controller]: PAPER_BUILD reason=READY required=0.0100 best=8.0717 free=18 refined=0 tubes=63 revoked_tubes=0 proofs=128
[depth_angular_controller-1] [INFO] [1790683795.263800004] [depth_angular_controller]: PAPER_EVIDENCE retained=32 balls=32 revoked_balls=0 expired_views=0 evicted_views=47 radius=0.580 clearance=0.500 best_prefix=8.072
[depth_angular_controller-1] [INFO] [1790683795.670243359] [depth_angular_controller]: TARGET_HOLD
[depth_angular_controller-1] [INFO] [1790683795.837307541] [depth_angular_controller]: COMPUTE_DEADLINE
[depth_angular_controller-1] [INFO] [1790683796.237929611] [depth_angular_controller]: TARGET_HOLD
[depth_angular_controller-1] [INFO] [1790683796.237965719] [depth_angular_controller]: PAPER_BUILD reason=READY required=0.0100 best=8.0717 free=18 refined=0 tubes=63 revoked_tubes=0 proofs=128
[depth_angular_controller-1] [INFO] [1790683796.237976670] [depth_angular_controller]: PAPER_EVIDENCE retained=32 balls=32 revoked_balls=0 expired_views=0 evicted_views=47 radius=0.580 clearance=0.500 best_prefix=8.072
[depth_angular_controller-1] [INFO] [1790683796.399707443] [depth_angular_controller]: COMPUTE_DEADLINE
[depth_angular_controller-1] [INFO] [1790683797.072994358] [depth_angular_controller]: PAPER_BUILD reason=READY required=0.0100 best=8.0717 free=18 refined=0 tubes=63 revoked_tubes=0 proofs=128
[depth_angular_controller-1] [INFO] [1790683797.073037580] [depth_angular_controller]: PAPER_EVIDENCE retained=32 balls=32 revoked_balls=0 expired_views=0 evicted_views=47 radius=0.580 clearance=0.500 best_prefix=8.072
[depth_angular_controller-1] [INFO] [1790683797.998536369] [depth_angular_controller]: PAPER_BUILD reason=READY required=0.0100 best=8.0717 free=18 refined=0 tubes=63 revoked_tubes=0 proofs=128
[depth_angular_controller-1] [INFO] [1790683797.998575863] [depth_angular_controller]: PAPER_EVIDENCE retained=32 balls=32 revoked_balls=0 expired_views=0 evicted_views=47 radius=0.580 clearance=0.500 best_prefix=8.072
[position_cmd_to_twist-2] [INFO] [1790683798.328763782] [position_cmd_to_twist]: [PERF BRIDGE] run=iteration5_ego1p1_1 elapsed=201.42s received=1953 published=986 fps(ros/wall)=9.31/5.25 controller_to_bridge_ms(mean/p50/p95/max)=102.048/100.000/216.667/233.333 bridge_process_ms(mean/p95/max)=0.114/0.147/1.496
[NAV] t=210.0s position=(-43.91,1.76,4.48) yaw=5.0deg command=(0.00,0.00,0.00) manual_active=1 collision_blocks=0
[depth_angular_controller-1] [INFO] [1790683798.532516070] [depth_angular_controller]: [PERF CTRL] run=iteration5_ego1p1_1 elapsed=201.73s callbacks=1956 commands=1955 guidance=1855 command_fps(ros/wall)=9.30/10.40 guidance_wall_fps=9.95 avoid_ms(mean/p50/p95/max)=85.506/130.945/154.995/164.572 cycle_ms(mean/p95/max)=96.172/168.365/185.706 depth_to_cmd_ms(mean/p95/max)=23.414/33.333/66.667 callback_to_publish_ms(mean/p95/max)=92.608/167.801/183.480
[depth_angular_controller-1] [INFO] [1790683798.802344642] [depth_angular_controller]: PAPER_BUILD reason=READY required=0.0100 best=8.0717 free=18 refined=0 tubes=63 revoked_tubes=0 proofs=128
[depth_angular_controller-1] [INFO] [1790683798.802386441] [depth_angular_controller]: PAPER_EVIDENCE retained=32 balls=32 revoked_balls=0 expired_views=0 evicted_views=47 radius=0.580 clearance=0.500 best_prefix=8.072
[depth_angular_controller-1] [INFO] [1790683799.472369607] [depth_angular_controller]: TARGET_HOLD
[depth_angular_controller-1] [INFO] [1790683799.628560845] [depth_angular_controller]: COMPUTE_DEADLINE
[depth_angular_controller-1] [INFO] [1790683799.768937697] [depth_angular_controller]: PAPER_BUILD reason=READY required=0.0163 best=8.0717 free=125 refined=0 tubes=63 revoked_tubes=0 proofs=128
[depth_angular_controller-1] [INFO] [1790683799.769353547] [depth_angular_controller]: PAPER_EVIDENCE retained=32 balls=32 revoked_balls=0 expired_views=0 evicted_views=47 radius=0.580 clearance=6.011 best_prefix=8.072
[depth_angular_controller-1] [INFO] [1790683800.701996814] [depth_angular_controller]: PAPER_BUILD reason=READY required=0.0100 best=8.0717 free=18 refined=0 tubes=63 revoked_tubes=0 proofs=128
[depth_angular_controller-1] [INFO] [1790683800.702058339] [depth_angular_controller]: PAPER_EVIDENCE retained=32 balls=32 revoked_balls=0 expired_views=0 evicted_views=47 radius=0.580 clearance=0.500 best_prefix=8.072
[depth_angular_controller-1] [INFO] [1790683800.964384653] [depth_angular_controller]: TARGET_HOLD
[depth_angular_controller-1] [INFO] [1790683801.085902435] [depth_angular_controller]: COMPUTE_DEADLINE
[depth_angular_controller-1] [INFO] [1790683801.719317871] [depth_angular_controller]: PAPER_BUILD reason=READY required=0.0100 best=8.0717 free=18 refined=0 tubes=63 revoked_tubes=0 proofs=128
[depth_angular_controller-1] [INFO] [1790683801.719352796] [depth_angular_controller]: PAPER_EVIDENCE retained=32 balls=32 revoked_balls=0 expired_views=0 evicted_views=47 radius=0.580 clearance=0.500 best_prefix=8.072
[position_cmd_to_twist-2] [INFO] [1790683802.629895380] [position_cmd_to_twist]: [PERF BRIDGE] run=iteration5_ego1p1_1 elapsed=205.72s received=1988 published=991 fps(ros/wall)=9.26/5.16 controller_to_bridge_ms(mean/p50/p95/max)=102.700/116.667/216.667/233.333 bridge_process_ms(mean/p95/max)=0.114/0.146/1.496
[depth_angular_controller-1] [INFO] [1790683802.636579864] [depth_angular_controller]: PAPER_BUILD reason=READY required=0.0100 best=8.0717 free=18 refined=0 tubes=63 revoked_tubes=0 proofs=128
[depth_angular_controller-1] [INFO] [1790683802.636619097] [depth_angular_controller]: PAPER_EVIDENCE retained=32 balls=32 revoked_balls=0 expired_views=0 evicted_views=47 radius=0.580 clearance=0.500 best_prefix=8.072
[NAV] t=215.0s position=(-43.91,1.76,4.48) yaw=5.0deg command=(0.00,0.00,0.00) manual_active=1 collision_blocks=0
[depth_angular_controller-1] [INFO] [1790683803.155862816] [depth_angular_controller]: TARGET_HOLD
[depth_angular_controller-1] [INFO] [1790683803.301412905] [depth_angular_controller]: COMPUTE_DEADLINE
[depth_angular_controller-1] [INFO] [1790683803.576428471] [depth_angular_controller]: [PERF CTRL] run=iteration5_ego1p1_1 elapsed=206.77s callbacks=1999 commands=1998 guidance=1898 command_fps(ros/wall)=9.25/10.35 guidance_wall_fps=9.92 avoid_ms(mean/p50/p95/max)=85.914/129.212/154.974/164.572 cycle_ms(mean/p95/max)=96.627/168.304/185.706 depth_to_cmd_ms(mean/p95/max)=23.349/33.333/66.667 callback_to_publish_ms(mean/p95/max)=93.123/167.764/183.480
[depth_angular_controller-1] [INFO] [1790683803.576478164] [depth_angular_controller]: PAPER_BUILD reason=READY required=0.0100 best=8.0717 free=18 refined=0 tubes=63 revoked_tubes=0 proofs=128
[depth_angular_controller-1] [INFO] [1790683803.576486380] [depth_angular_controller]: PAPER_EVIDENCE retained=32 balls=32 revoked_balls=0 expired_views=0 evicted_views=47 radius=0.580 clearance=0.500 best_prefix=8.072
[depth_angular_controller-1] [INFO] [1790683804.219070050] [depth_angular_controller]: TARGET_HOLD
[depth_angular_controller-1] [INFO] [1790683804.372196958] [depth_angular_controller]: COMPUTE_DEADLINE
[depth_angular_controller-1] [INFO] [1790683804.508389147] [depth_angular_controller]: PAPER_BUILD reason=READY required=0.0126 best=8.0717 free=124 refined=0 tubes=63 revoked_tubes=0 proofs=128
[depth_angular_controller-1] [INFO] [1790683804.508431446] [depth_angular_controller]: PAPER_EVIDENCE retained=32 balls=32 revoked_balls=0 expired_views=0 evicted_views=47 radius=0.580 clearance=6.008 best_prefix=8.072
[depth_angular_controller-1] [INFO] [1790683805.144236185] [depth_angular_controller]: TARGET_HOLD
[depth_angular_controller-1] [INFO] [1790683805.298253123] [depth_angular_controller]: COMPUTE_DEADLINE
[depth_angular_controller-1] [INFO] [1790683805.307656719] [depth_angular_controller]: TARGET_HOLD
[depth_angular_controller-1] [INFO] [1790683805.496852031] [depth_angular_controller]: COMPUTE_DEADLINE
[depth_angular_controller-1] [INFO] [1790683805.624319778] [depth_angular_controller]: PAPER_BUILD reason=READY required=0.0100 best=8.0717 free=18 refined=0 tubes=63 revoked_tubes=0 proofs=128
[depth_angular_controller-1] [INFO] [1790683805.624361767] [depth_angular_controller]: PAPER_EVIDENCE retained=32 balls=32 revoked_balls=0 expired_views=0 evicted_views=47 radius=0.580 clearance=0.500 best_prefix=8.072
[depth_angular_controller-1] [INFO] [1790683806.629449307] [depth_angular_controller]: PAPER_BUILD reason=READY required=0.0100 best=8.0717 free=18 refined=0 tubes=63 revoked_tubes=0 proofs=128
[depth_angular_controller-1] [INFO] [1790683806.629490655] [depth_angular_controller]: PAPER_EVIDENCE retained=32 balls=32 revoked_balls=0 expired_views=0 evicted_views=47 radius=0.580 clearance=0.500 best_prefix=8.072
[depth_angular_controller-1] [INFO] [1790683807.003841317] [depth_angular_controller]: TARGET_HOLD
[depth_angular_controller-1] [INFO] [1790683807.156651240] [depth_angular_controller]: COMPUTE_DEADLINE
[position_cmd_to_twist-2] [INFO] [1790683807.431499051] [position_cmd_to_twist]: [PERF BRIDGE] run=iteration5_ego1p1_1 elapsed=210.52s received=2036 published=1008 fps(ros/wall)=9.27/5.12 controller_to_bridge_ms(mean/p50/p95/max)=102.685/116.667/216.667/233.333 bridge_process_ms(mean/p95/max)=0.113/0.146/1.496
[NAV] t=220.0s position=(-43.89,1.76,4.49) yaw=5.0deg command=(0.00,0.00,0.00) manual_active=1 collision_blocks=0
[depth_angular_controller-1] [INFO] [1790683807.691026202] [depth_angular_controller]: PAPER_BUILD reason=READY required=0.0100 best=8.0717 free=18 refined=0 tubes=63 revoked_tubes=0 proofs=128
[depth_angular_controller-1] [INFO] [1790683807.691060246] [depth_angular_controller]: PAPER_EVIDENCE retained=32 balls=32 revoked_balls=0 expired_views=0 evicted_views=47 radius=0.580 clearance=0.500 best_prefix=8.072
[depth_angular_controller-1] [INFO] [1790683807.941866122] [depth_angular_controller]: TARGET_HOLD
[depth_angular_controller-1] [INFO] [1790683808.104345249] [depth_angular_controller]: COMPUTE_DEADLINE
[depth_angular_controller-1] [INFO] [1790683808.501107397] [depth_angular_controller]: TARGET_HOLD
[depth_angular_controller-1] [INFO] [1790683808.650725841] [depth_angular_controller]: [PERF CTRL] run=iteration5_ego1p1_1 elapsed=211.85s callbacks=2051 commands=2050 guidance=1950 command_fps(ros/wall)=9.27/10.35 guidance_wall_fps=9.93 avoid_ms(mean/p50/p95/max)=85.836/127.818/154.958/164.572 cycle_ms(mean/p95/max)=96.651/168.278/188.590 depth_to_cmd_ms(mean/p95/max)=23.274/33.333/66.667 callback_to_publish_ms(mean/p95/max)=93.168/167.713/183.480
[depth_angular_controller-1] [INFO] [1790683808.650980539] [depth_angular_controller]: COMPUTE_DEADLINE
[depth_angular_controller-1] [INFO] [1790683808.776172776] [depth_angular_controller]: PAPER_BUILD reason=READY required=0.0100 best=8.0717 free=18 refined=0 tubes=63 revoked_tubes=0 proofs=128
[depth_angular_controller-1] [INFO] [1790683808.776210978] [depth_angular_controller]: PAPER_EVIDENCE retained=32 balls=32 revoked_balls=0 expired_views=0 evicted_views=47 radius=0.580 clearance=0.500 best_prefix=8.072
[depth_angular_controller-1] [INFO] [1790683808.895732244] [depth_angular_controller]: TARGET_HOLD
[depth_angular_controller-1] [INFO] [1790683809.061177908] [depth_angular_controller]: COMPUTE_DEADLINE
[depth_angular_controller-1] [INFO] [1790683809.073049696] [depth_angular_controller]: TARGET_HOLD
[depth_angular_controller-1] [INFO] [1790683809.273670698] [depth_angular_controller]: COMPUTE_DEADLINE
[depth_angular_controller-1] [INFO] [1790683809.528121573] [depth_angular_controller]: TARGET_HOLD
[depth_angular_controller-1] [INFO] [1790683809.707292644] [depth_angular_controller]: COMPUTE_DEADLINE
[depth_angular_controller-1] [INFO] [1790683809.962476235] [depth_angular_controller]: PAPER_BUILD reason=READY required=0.0100 best=8.0717 free=19 refined=0 tubes=63 revoked_tubes=0 proofs=128
[depth_angular_controller-1] [INFO] [1790683809.962510749] [depth_angular_controller]: PAPER_EVIDENCE retained=32 balls=32 revoked_balls=0 expired_views=0 evicted_views=47 radius=0.580 clearance=0.500 best_prefix=8.072
[depth_angular_controller-1] [INFO] [1790683810.878806870] [depth_angular_controller]: PAPER_BUILD reason=READY required=0.0100 best=8.0717 free=19 refined=0 tubes=63 revoked_tubes=0 proofs=128
[depth_angular_controller-1] [INFO] [1790683810.878850111] [depth_angular_controller]: PAPER_EVIDENCE retained=32 balls=32 revoked_balls=0 expired_views=0 evicted_views=47 radius=0.580 clearance=0.500 best_prefix=8.072
[depth_angular_controller-1] [INFO] [1790683811.661997624] [depth_angular_controller]: TARGET_HOLD
[depth_angular_controller-1] [INFO] [1790683811.794887396] [depth_angular_controller]: COMPUTE_DEADLINE
[depth_angular_controller-1] [INFO] [1790683811.923563110] [depth_angular_controller]: PAPER_BUILD reason=READY required=0.0103 best=8.0717 free=19 refined=0 tubes=63 revoked_tubes=0 proofs=128
[depth_angular_controller-1] [INFO] [1790683811.923600580] [depth_angular_controller]: PAPER_EVIDENCE retained=32 balls=32 revoked_balls=0 expired_views=0 evicted_views=47 radius=0.580 clearance=0.500 best_prefix=8.072
[position_cmd_to_twist-2] [INFO] [1790683812.416693546] [position_cmd_to_twist]: [PERF BRIDGE] run=iteration5_ego1p1_1 elapsed=215.51s received=2085 published=1027 fps(ros/wall)=9.28/5.09 controller_to_bridge_ms(mean/p50/p95/max)=102.590/116.667/216.667/233.333 bridge_process_ms(mean/p95/max)=0.113/0.144/1.496
[NAV] t=225.0s position=(-43.87,1.77,4.50) yaw=5.0deg command=(0.00,0.00,0.00) manual_active=1 collision_blocks=0
[depth_angular_controller-1] [INFO] [1790683812.818172855] [depth_angular_controller]: TARGET_HOLD
[depth_angular_controller-1] [INFO] [1790683813.001840574] [depth_angular_controller]: COMPUTE_DEADLINE
[depth_angular_controller-1] [INFO] [1790683813.001875970] [depth_angular_controller]: PAPER_BUILD reason=READY required=0.0100 best=8.0717 free=19 refined=0 tubes=63 revoked_tubes=0 proofs=128
[depth_angular_controller-1] [INFO] [1790683813.001886691] [depth_angular_controller]: PAPER_EVIDENCE retained=32 balls=32 revoked_balls=0 expired_views=0 evicted_views=47 radius=0.580 clearance=0.500 best_prefix=8.072
[depth_angular_controller-1] [INFO] [1790683813.772793924] [depth_angular_controller]: [PERF CTRL] run=iteration5_ego1p1_1 elapsed=216.97s callbacks=2101 commands=2100 guidance=2000 command_fps(ros/wall)=9.28/10.33 guidance_wall_fps=9.92 avoid_ms(mean/p50/p95/max)=85.864/125.768/154.873/164.572 cycle_ms(mean/p95/max)=96.789/168.253/199.922 depth_to_cmd_ms(mean/p95/max)=23.225/33.333/66.667 callback_to_publish_ms(mean/p95/max)=93.308/167.558/183.480
[depth_angular_controller-1] [INFO] [1790683814.031443569] [depth_angular_controller]: PAPER_BUILD reason=READY required=0.0100 best=8.0717 free=18 refined=0 tubes=63 revoked_tubes=0 proofs=128
[depth_angular_controller-1] [INFO] [1790683814.031485167] [depth_angular_controller]: PAPER_EVIDENCE retained=32 balls=32 revoked_balls=0 expired_views=0 evicted_views=47 radius=0.580 clearance=0.500 best_prefix=8.072
[depth_angular_controller-1] [INFO] [1790683814.808980633] [depth_angular_controller]: TARGET_HOLD
[depth_angular_controller-1] [INFO] [1790683814.986271736] [depth_angular_controller]: COMPUTE_DEADLINE
[depth_angular_controller-1] [INFO] [1790683815.124823994] [depth_angular_controller]: PAPER_BUILD reason=READY required=0.0133 best=8.0717 free=123 refined=0 tubes=63 revoked_tubes=0 proofs=128
[depth_angular_controller-1] [INFO] [1790683815.124866353] [depth_angular_controller]: PAPER_EVIDENCE retained=32 balls=32 revoked_balls=0 expired_views=0 evicted_views=47 radius=0.580 clearance=6.008 best_prefix=8.072
[depth_angular_controller-1] [INFO] [1790683815.756743913] [depth_angular_controller]: TARGET_HOLD
[depth_angular_controller-1] [INFO] [1790683815.892608908] [depth_angular_controller]: COMPUTE_DEADLINE
[depth_angular_controller-1] [INFO] [1790683815.905120416] [depth_angular_controller]: TARGET_HOLD
[depth_angular_controller-1] [INFO] [1790683816.105986548] [depth_angular_controller]: COMPUTE_DEADLINE
[depth_angular_controller-1] [INFO] [1790683816.246510757] [depth_angular_controller]: PAPER_BUILD reason=READY required=0.0216 best=8.0717 free=121 refined=0 tubes=63 revoked_tubes=0 proofs=128
[depth_angular_controller-1] [INFO] [1790683816.246546604] [depth_angular_controller]: PAPER_EVIDENCE retained=32 balls=32 revoked_balls=0 expired_views=0 evicted_views=47 radius=0.580 clearance=6.017 best_prefix=8.072
[depth_angular_controller-1] [INFO] [1790683817.247170729] [depth_angular_controller]: PAPER_BUILD reason=READY required=0.0100 best=8.0717 free=19 refined=0 tubes=63 revoked_tubes=0 proofs=128
[depth_angular_controller-1] [INFO] [1790683817.247210413] [depth_angular_controller]: PAPER_EVIDENCE retained=32 balls=32 revoked_balls=0 expired_views=0 evicted_views=47 radius=0.580 clearance=0.500 best_prefix=8.072
[position_cmd_to_twist-2] [INFO] [1790683817.297706220] [position_cmd_to_twist]: [PERF BRIDGE] run=iteration5_ego1p1_1 elapsed=220.39s received=2134 published=1043 fps(ros/wall)=9.28/5.04 controller_to_bridge_ms(mean/p50/p95/max)=102.562/116.667/216.667/233.333 bridge_process_ms(mean/p95/max)=0.113/0.144/1.496
[NAV] t=230.0s position=(-43.85,1.77,4.51) yaw=5.0deg command=(0.00,0.00,0.00) manual_active=1 collision_blocks=0
[depth_angular_controller-1] [INFO] [1790683817.492733676] [depth_angular_controller]: TARGET_HOLD
[depth_angular_controller-1] [INFO] [1790683817.639592251] [depth_angular_controller]: COMPUTE_DEADLINE
[depth_angular_controller-1] [INFO] [1790683817.650207130] [depth_angular_controller]: TARGET_HOLD
[depth_angular_controller-1] [INFO] [1790683817.837040900] [depth_angular_controller]: COMPUTE_DEADLINE
[depth_angular_controller-1] [INFO] [1790683818.345318600] [depth_angular_controller]: PAPER_BUILD reason=READY required=0.0100 best=8.0717 free=20 refined=0 tubes=63 revoked_tubes=0 proofs=128
[depth_angular_controller-1] [INFO] [1790683818.345362182] [depth_angular_controller]: PAPER_EVIDENCE retained=32 balls=32 revoked_balls=0 expired_views=0 evicted_views=47 radius=0.580 clearance=0.500 best_prefix=8.072
[depth_angular_controller-1] [INFO] [1790683818.471482741] [depth_angular_controller]: TARGET_HOLD
[depth_angular_controller-1] [INFO] [1790683818.609887553] [depth_angular_controller]: COMPUTE_DEADLINE
[depth_angular_controller-1] [INFO] [1790683818.624994541] [depth_angular_controller]: TARGET_HOLD
[depth_angular_controller-1] [INFO] [1790683818.774872953] [depth_angular_controller]: [PERF CTRL] run=iteration5_ego1p1_1 elapsed=221.97s callbacks=2157 commands=2156 guidance=2056 command_fps(ros/wall)=9.33/10.35 guidance_wall_fps=9.95 avoid_ms(mean/p50/p95/max)=85.560/122.596/154.831/164.572 cycle_ms(mean/p95/max)=96.595/168.142/199.922 depth_to_cmd_ms(mean/p95/max)=23.192/33.333/66.667 callback_to_publish_ms(mean/p95/max)=93.140/167.515/183.480
[depth_angular_controller-1] [INFO] [1790683818.774944027] [depth_angular_controller]: COMPUTE_DEADLINE
[depth_angular_controller-1] [INFO] [1790683818.893988097] [depth_angular_controller]: TARGET_HOLD
[depth_angular_controller-1] [INFO] [1790683819.071508670] [depth_angular_controller]: COMPUTE_DEADLINE
[depth_angular_controller-1] [INFO] [1790683819.462452249] [depth_angular_controller]: PAPER_BUILD reason=READY required=0.0100 best=8.0717 free=20 refined=0 tubes=63 revoked_tubes=0 proofs=128
[depth_angular_controller-1] [INFO] [1790683819.462496171] [depth_angular_controller]: PAPER_EVIDENCE retained=32 balls=32 revoked_balls=0 expired_views=0 evicted_views=47 radius=0.580 clearance=0.500 best_prefix=8.072
[depth_angular_controller-1] [INFO] [1790683820.472980159] [depth_angular_controller]: PAPER_BUILD reason=READY required=0.0100 best=8.0717 free=20 refined=0 tubes=63 revoked_tubes=0 proofs=128
[depth_angular_controller-1] [INFO] [1790683820.473024742] [depth_angular_controller]: PAPER_EVIDENCE retained=32 balls=32 revoked_balls=0 expired_views=0 evicted_views=47 radius=0.580 clearance=0.500 best_prefix=8.072
[depth_angular_controller-1] [INFO] [1790683821.477659092] [depth_angular_controller]: PAPER_BUILD reason=READY required=0.0100 best=8.0717 free=20 refined=0 tubes=63 revoked_tubes=0 proofs=128
[depth_angular_controller-1] [INFO] [1790683821.477705369] [depth_angular_controller]: PAPER_EVIDENCE retained=32 balls=32 revoked_balls=0 expired_views=0 evicted_views=47 radius=0.580 clearance=0.500 best_prefix=8.072
[position_cmd_to_twist-2] [INFO] [1790683822.245952481] [position_cmd_to_twist]: [PERF BRIDGE] run=iteration5_ego1p1_1 elapsed=225.34s received=2185 published=1061 fps(ros/wall)=9.30/5.01 controller_to_bridge_ms(mean/p50/p95/max)=102.426/116.667/216.667/233.333 bridge_process_ms(mean/p95/max)=0.113/0.145/1.496
[NAV] t=235.0s position=(-43.82,1.78,4.52) yaw=5.0deg command=(0.00,0.00,0.00) manual_active=1 collision_blocks=0
[depth_angular_controller-1] [INFO] [1790683822.496749720] [depth_angular_controller]: PAPER_BUILD reason=READY required=0.0100 best=8.0717 free=20 refined=0 tubes=63 revoked_tubes=0 proofs=128
[depth_angular_controller-1] [INFO] [1790683822.496795085] [depth_angular_controller]: PAPER_EVIDENCE retained=32 balls=32 revoked_balls=0 expired_views=0 evicted_views=47 radius=0.580 clearance=0.500 best_prefix=8.072
[depth_angular_controller-1] [INFO] [1790683823.383934633] [depth_angular_controller]: TARGET_HOLD
[depth_angular_controller-1] [INFO] [1790683823.528607927] [depth_angular_controller]: COMPUTE_DEADLINE
[depth_angular_controller-1] [INFO] [1790683823.528643854] [depth_angular_controller]: PAPER_BUILD reason=READY required=0.0100 best=8.0717 free=20 refined=0 tubes=63 revoked_tubes=0 proofs=128
[depth_angular_controller-1] [INFO] [1790683823.528655586] [depth_angular_controller]: PAPER_EVIDENCE retained=32 balls=32 revoked_balls=0 expired_views=0 evicted_views=47 radius=0.580 clearance=0.500 best_prefix=8.072
[depth_angular_controller-1] [INFO] [1790683823.543421084] [depth_angular_controller]: TARGET_HOLD
[depth_angular_controller-1] [INFO] [1790683823.674620785] [depth_angular_controller]: COMPUTE_DEADLINE
[depth_angular_controller-1] [INFO] [1790683823.837265443] [depth_angular_controller]: [PERF CTRL] run=iteration5_ego1p1_1 elapsed=227.04s callbacks=2200 commands=2199 guidance=2099 command_fps(ros/wall)=9.30/10.31 guidance_wall_fps=9.92 avoid_ms(mean/p50/p95/max)=85.911/120.405/154.743/164.572 cycle_ms(mean/p95/max)=97.008/168.093/199.922 depth_to_cmd_ms(mean/p95/max)=23.130/33.333/66.667 callback_to_publish_ms(mean/p95/max)=93.579/167.486/183.480
[depth_angular_controller-1] [INFO] [1790683824.440399685] [depth_angular_controller]: TARGET_HOLD
[depth_angular_controller-1] [INFO] [1790683824.619377593] [depth_angular_controller]: COMPUTE_DEADLINE
[depth_angular_controller-1] [INFO] [1790683824.619414472] [depth_angular_controller]: PAPER_BUILD reason=READY required=0.0100 best=8.0717 free=20 refined=0 tubes=63 revoked_tubes=0 proofs=128
[depth_angular_controller-1] [INFO] [1790683824.619425583] [depth_angular_controller]: PAPER_EVIDENCE retained=32 balls=32 revoked_balls=0 expired_views=0 evicted_views=47 radius=0.580 clearance=0.500 best_prefix=8.072
[depth_angular_controller-1] [INFO] [1790683824.631860427] [depth_angular_controller]: TARGET_HOLD
[depth_angular_controller-1] [INFO] [1790683824.772985473] [depth_angular_controller]: COMPUTE_DEADLINE
[depth_angular_controller-1] [INFO] [1790683825.644379904] [depth_angular_controller]: PAPER_BUILD reason=READY required=0.0100 best=8.0717 free=20 refined=0 tubes=63 revoked_tubes=0 proofs=128
[depth_angular_controller-1] [INFO] [1790683825.644424578] [depth_angular_controller]: PAPER_EVIDENCE retained=32 balls=32 revoked_balls=0 expired_views=0 evicted_views=47 radius=0.580 clearance=0.500 best_prefix=8.072
[depth_angular_controller-1] [INFO] [1790683826.142205931] [depth_angular_controller]: TARGET_HOLD
[depth_angular_controller-1] [INFO] [1790683826.254365302] [depth_angular_controller]: COMPUTE_DEADLINE
[depth_angular_controller-1] [INFO] [1790683826.271545411] [depth_angular_controller]: TARGET_HOLD
[depth_angular_controller-1] [INFO] [1790683826.409713128] [depth_angular_controller]: COMPUTE_DEADLINE
[depth_angular_controller-1] [INFO] [1790683826.673825814] [depth_angular_controller]: PAPER_BUILD reason=READY required=0.0100 best=8.0717 free=20 refined=0 tubes=63 revoked_tubes=0 proofs=128
[depth_angular_controller-1] [INFO] [1790683826.673869977] [depth_angular_controller]: PAPER_EVIDENCE retained=32 balls=32 revoked_balls=0 expired_views=0 evicted_views=47 radius=0.580 clearance=0.500 best_prefix=8.072
[depth_angular_controller-1] [INFO] [1790683827.161151197] [depth_angular_controller]: TARGET_HOLD
[depth_angular_controller-1] [INFO] [1790683827.312115336] [depth_angular_controller]: COMPUTE_DEADLINE
[position_cmd_to_twist-2] [INFO] [1790683827.328395847] [position_cmd_to_twist]: [PERF BRIDGE] run=iteration5_ego1p1_1 elapsed=230.42s received=2236 published=1080 fps(ros/wall)=9.32/4.98 controller_to_bridge_ms(mean/p50/p95/max)=102.296/116.667/216.667/233.333 bridge_process_ms(mean/p95/max)=0.115/0.146/1.560
[NAV] t=240.0s position=(-43.80,1.78,4.53) yaw=5.0deg command=(0.00,0.00,0.00) manual_active=1 collision_blocks=0
[depth_angular_controller-1] [INFO] [1790683827.689584289] [depth_angular_controller]: PAPER_BUILD reason=READY required=0.0100 best=8.0717 free=19 refined=0 tubes=63 revoked_tubes=0 proofs=128
[depth_angular_controller-1] [INFO] [1790683827.689630876] [depth_angular_controller]: PAPER_EVIDENCE retained=32 balls=32 revoked_balls=0 expired_views=0 evicted_views=47 radius=0.580 clearance=0.500 best_prefix=8.072
[depth_angular_controller-1] [INFO] [1790683828.621224623] [depth_angular_controller]: PAPER_BUILD reason=READY required=0.0100 best=8.0717 free=19 refined=0 tubes=63 revoked_tubes=0 proofs=128
[depth_angular_controller-1] [INFO] [1790683828.621670350] [depth_angular_controller]: PAPER_EVIDENCE retained=32 balls=32 revoked_balls=0 expired_views=0 evicted_views=47 radius=0.580 clearance=0.500 best_prefix=8.072
[depth_angular_controller-1] [INFO] [1790683828.860433868] [depth_angular_controller]: [PERF CTRL] run=iteration5_ego1p1_1 elapsed=232.06s callbacks=2250 commands=2249 guidance=2149 command_fps(ros/wall)=9.31/10.30 guidance_wall_fps=9.92 avoid_ms(mean/p50/p95/max)=85.925/118.276/154.669/164.572 cycle_ms(mean/p95/max)=97.085/168.040/199.922 depth_to_cmd_ms(mean/p95/max)=23.065/33.333/66.667 callback_to_publish_ms(mean/p95/max)=93.707/167.464/183.480
[BENCHMARK RESULT] TIMEOUT sim=240.000s
[PERF ISAAC FINAL] run=iteration5_ego1p1_1 result=TIMEOUT wall=218.99s sim_frames=14522 fps(sim/wall)=60.01/66.31 command_changes=915 collision_blocks=0 frame_interval_ms(mean/p50/p95/max)=15.057/13.870/17.203/79.716
[depth_angular_controller-1] [INFO] [1790683829.335144268] [depth_angular_controller]: TARGET_HOLD
[232.087s] Simulation App Shutting Down
[depth_angular_controller-1] [INFO] [1790683829.894474830] [rclcpp]: signal_handler(SIGINT/SIGTERM)
[position_cmd_to_twist-2] [INFO] [1790683829.895184402] [position_cmd_to_twist]: [PERF BRIDGE FINAL] run=iteration5_ego1p1_1 elapsed=232.99s received=2254 published=1082 fps(ros/wall)=9.31/4.94 controller_to_bridge_ms(mean/p50/p95/max)=102.403/116.667/216.667/233.333 bridge_process_ms(mean/p95/max)=0.115/0.146/1.560
[position_cmd_to_twist-2] Failed to publish log message to rosout: publisher's context is invalid, at ./src/rcl/publisher.c:389
[depth_angular_controller-1] [INFO] [1790683829.895306942] [depth_angular_controller]: [PERF CTRL FINAL] run=iteration5_ego1p1_1 elapsed=233.09s callbacks=2255 commands=2254 guidance=2154 command_fps(ros/wall)=9.31/10.30 guidance_wall_fps=9.92 avoid_ms(mean/p50/p95/max)=85.911/118.125/154.659/164.572 cycle_ms(mean/p95/max)=97.081/168.018/199.922 depth_to_cmd_ms(mean/p95/max)=23.050/33.333/66.667 callback_to_publish_ms(mean/p95/max)=93.709/167.416/183.480
[INFO] [depth_angular_controller-1]: process has finished cleanly [pid 54171]
[INFO] [position_cmd_to_twist-2]: process has finished cleanly [pid 54173]
