[PERF] run=iteration3_ego1p1_1 log=/home/starry/isaac-data/EGO1P1/performance/navigation_benchmark_20260929/PERFORMANCE.md
[INPUT] mode=goal scene_mode=cloud
[INFO] [launch]: All log files can be found below /tmp/fov_gvf_ego1p1_isaac_ros_log/2026-09-29-19-55-28-943692-starry-System-Product-Name-50943
[INFO] [launch]: Default logging verbosity is set to INFO
[INFO] [depth_angular_controller-1]: process started with pid [50945]
[INFO] [position_cmd_to_twist-2]: process started with pid [50947]
[depth_angular_controller-1] [INFO] [1790682928.980025310] [depth_angular_controller]: C++ controller commands publish on /position_cmd; horizontal views=4
[ROS CHECK] ROS_DOMAIN_ID=42 /position_cmd publishers=1
Type: pc_gvf_msgs/msg/PositionCommand
Publisher count: 1
Subscription count: 1
/depth_angular_controller
/position_cmd_to_twist
WARNING: All log messages before absl::InitializeLog() is called are written to STDERR
E0000 00:00:1790682929.939310   50989 descriptor_database.cc:633] File already exists in database: grpc/health/v1/health.proto
W0000 00:00:1790682929.939332   50989 message.cc:301] Protobuf GeneratedMessageFactory: File is already registered: grpc/health/v1/health.proto
2026-09-29T11:55:29Z [Info] [carb] Logging to file: /home/starry/isaac-data/isaacsim/kit/logs/Kit/Isaac-Sim Python/6.0/kit_20260929_195529.log
[0.044s] [ext: omni.assets.plugins-0.0.0] startup
[0.045s] [ext: omni.blobkey-1.1.2] startup
[0.045s] [ext: omni.kit.async_engine-0.0.3] startup
[0.322s] [ext: omni.client.lib-1.1.1] startup
[0.330s] [ext: omni.client-1.3.0] startup
[0.332s] [ext: omni.protobuf.lib-1.0.0] startup
[0.333s] [ext: omni.grpc.lib-1.0.0] startup
[0.336s] [ext: omni.metrics.core-0.0.3] startup
[0.336s] [ext: omni.datastore-0.0.0] startup
[0.336s] [ext: omni.gpu_foundation.shadercache.vulkan-1.0.0] startup
[0.338s] [ext: omni.hsscclient-1.1.4] startup
[0.339s] [ext: omni.stats-1.0.1] startup
[0.339s] [ext: omni.ujitso.default-1.0.0] startup
[0.342s] [ext: omni.gpu_foundation-0.0.0] startup
[0.465s] [ext: carb.windowing.plugins-1.0.1] startup
[0.465s] [ext: omni.kit.renderer.init-1.0.1] startup
2026-09-29T11:55:30Z [664ms] [Warning] [omni.rtx] Skipping unsupported non-NVIDIA GPU: AMD Unknown (RADV RAPHAEL_MENDOCINO)
2026-09-29T11:55:30Z [665ms] [Warning] [omni.rtx] Skipping unsupported non-NVIDIA GPU: AMD Unknown (RADV RAPHAEL_MENDOCINO)

|---------------------------------------------------------------------------------------------|
| Driver Version: 580.178.04    | Graphics API: Vulkan
|=============================================================================================|
| GPU | Name                             | Active | LDA | GPU Memory | Vendor-ID | LUID       |
|     |                                  |        |     |            | Device-ID | UUID       |
|     |                                  |        |     |            | Bus-ID    |            |
|---------------------------------------------------------------------------------------------|
| 0   | NVIDIA GeForce RTX 5070          | Yes: 0 |     | 12227   MB | 10de      | 0          |
|     |                                  |        |     |            | 2f04      | 348d89fe.. |
|     |                                  |        |     |            | 1         |            |
|---------------------------------------------------------------------------------------------|
| 1   | AMD Unknown (RADV RAPHAEL_MEND.. |        |     | 10755   MB | 1002      | 0          |
|     |                                  |        |     |            | 13c0      | 00000000.. |
|     |                                  |        |     |            | c         |            |
|=============================================================================================|
| OS: 22.04.5 LTS (Jammy Jellyfish) ubuntu, Version: 22.04.5, Kernel: 6.8.0-138-generic
| XServer Vendor: The X.Org Foundation, XServer Version: 12101004 (1.21.1.4)
| Processor: AMD Ryzen 5 9600X 6-Core Processor
| Cores: 6 | Logical Cores: 12
|---------------------------------------------------------------------------------------------|
| Total Memory (MB): 31241 | Free Memory: 22732
| Total Page/Swap (MB): 15624 | Free Page/Swap: 15624
|---------------------------------------------------------------------------------------------|
2026-09-29T11:55:30Z [880ms] [Warning] [omni.rtx] CPU performance profile is set to powersave. This profile sets the CPU to the lowest frequency reducing performance.
2026-09-29T11:55:30Z [888ms] [Warning] [omni.rtx] IOMMU is enabled.
[0.988s] [ext: omni.kit.pipapi-0.0.0] startup
[0.989s] [ext: omni.kit.pip_archive-0.0.0] startup
[0.990s] [ext: isaacsim.pip.newton-0.6.1] startup
[0.990s] [ext: omni.pip.compute-1.9.2] startup
[0.990s] [ext: omni.isaac.core_archive-5.3.1] startup
[0.990s] [ext: omni.kit.telemetry-0.5.2] startup
[1.007s] [ext: omni.kit.loop-isaac-1.6.0] startup
[1.008s] [ext: omni.kit.test-2.0.7] startup
[1.058s] [ext: omni.materialx.libs-1.0.9] startup
[1.064s] [ext: omni.gpucompute.plugins-0.0.0] startup
[1.064s] [ext: omni.usd.config-1.0.7] startup
[1.067s] [ext: omni.usd.libs-1.0.3] startup
[1.121s] [ext: omni.iray.libs-0.0.1] startup
[1.124s] [ext: omni.mdl-57.0.3] startup
[1.183s] [ext: omni.mdl.neuraylib-0.2.20] startup
[1.185s] [ext: omni.kit.usd.mdl-1.1.9] startup
[1.270s] [ext: omni.appwindow-1.2.2] startup
[1.272s] [ext: omni.kit.renderer.core-1.2.2] startup
2026-09-29T11:55:36Z [6,517ms] [Warning] [carb.windowing-glfw.gamepad] Joystick with unknown remapping detected (will be ignored):  BEITONG BEITONG A2P3A BFM DONGLE [03000000bc2000001c51000011010000]
[6.548s] [ext: omni.kit.renderer.capture-2.0.1] startup
[6.550s] [ext: omni.kit.renderer.imgui-2.0.6] startup
[6.585s] [ext: omni.ui-3.2.0] startup
[6.592s] [ext: omni.kit.mainwindow-1.0.3] startup
[6.593s] [ext: carb.audio-0.1.0] startup
[6.595s] [ext: omni.uiaudio-1.0.0] startup
[6.595s] [ext: omni.kit.uiapp-0.0.0] startup
[6.595s] [ext: omni.usd.schema.metrics.assembler-110.1.0] startup
[6.597s] [ext: omni.usd.schema.audio-0.0.1] startup
[6.600s] [ext: omni.usd_resolver-1.0.0] startup
[6.602s] [ext: omni.usd.core-1.8.3] startup
[6.604s] [ext: omni.metropolis.schema-0.0.3] startup
[6.605s] [ext: isaacsim.anim.robot.schema-0.1.1] startup
[6.606s] [ext: omni.usd.schema.anim-0.0.1] startup
[6.619s] [ext: omni.usd.schema.geospatial-0.0.1] startup
[6.621s] [ext: omni.usd.schema.omnigraph-1.0.1] startup
[6.625s] [ext: omni.usd.schema.semantics-0.0.0] startup
[6.627s] [ext: omni.activity.core-1.0.3] startup
[6.628s] [ext: omni.cubric-0.1.0] startup
[6.628s] [ext: omni.graph.exec-0.9.6] startup
[6.628s] [ext: omni.hydra.scene_delegate-0.3.5] startup
[6.631s] [ext: usdrt.scenegraph-7.6.3] startup
[6.651s] [ext: omni.hydra.usdrt_delegate-7.5.2] startup
[6.654s] [ext: omni.inspect-1.0.2] startup
[6.655s] [ext: omni.kit.actions.core-1.0.0] startup
[6.657s] [ext: omni.kit.audiodeviceenum-1.0.2] startup
[6.657s] [ext: omni.kit.commands-1.5.0] startup
[6.660s] [ext: omni.kit.exec.core-0.13.5] startup
[6.661s] [ext: omni.kit.usd_undo-0.1.8] startup
[6.661s] [ext: omni.kit.window.popup_dialog-2.0.25] startup
[6.664s] [ext: omni.kit.widget.nucleus_connector-2.3.1] startup
[6.666s] [ext: omni.timeline-1.1.0] startup
[6.667s] [ext: omni.usd-1.16.0] startup
[6.692s] [ext: omni.graph.core-3.1.2] startup
[6.695s] [ext: omni.kit.notification_manager-1.0.11] startup
[6.696s] [ext: isaacsim.core.deprecation_manager-0.4.2] startup
[6.697s] [ext: isaacsim.replicator.agent.schema-0.1.1] startup
[6.698s] [ext: isaacsim.robot.schema-6.3.7] startup
[6.702s] [ext: isaacsim.robot_motion.schema-0.2.1] startup
[6.703s] [ext: omni.anim.behavior.schema-110.1.0] startup
[6.706s] [ext: omni.anim.graph.schema-110.1.1] startup
[6.710s] [ext: omni.anim.navigation.schema-110.1.0] startup
[6.712s] [ext: omni.behavior.tree.schema-110.1.0] startup
[6.713s] [ext: omni.isaac.ml_archive-3.3.0] startup
[6.713s] [ext: omni.kit.asset_converter-6.0.1] startup
[6.722s] [ext: omni.pip.cloud-1.5.4] startup
[6.724s] [ext: omni.usd.schema.flow-110.0.0] startup
[6.724s] [ext: omni.usd.schema.mujoco-1.1.1] startup
[6.725s] [ext: omni.usd.schema.newton-1.2.1] startup
[6.725s] [ext: omni.usd.schema.omni_lens_distortion-1.0.0] startup
[6.726s] [ext: omni.usd.schema.omni_projectors-1.0.0] startup
[6.726s] [ext: omni.usd.schema.omni_sensors-0.0.0] startup
[6.732s] [ext: omni.usd.schema.omniscripting-1.0.1] startup
[6.735s] [ext: omni.usd.schema.physical_lighting-0.1.0] startup
[6.738s] [ext: omni.usd.schema.physx-110.1.13] startup
[6.761s] [ext: omni.usd.schema.render_settings.rtx-1.0.2] startup
[6.764s] [ext: omni.usd.schema.usd_particle_field-1.0.0] startup
[6.764s] [ext: isaacsim.core.version-2.1.1] startup
[6.764s] [ext: omni.kit.menu.core-1.2.0] startup
[6.765s] [ext: omni.kit.menu.utils-2.2.4] startup
[6.770s] [ext: isaacsim.app.about-2.3.1] startup
[6.774s] [ext: isaacsim.asset.transformer-1.2.5] startup
[6.777s] [ext: omni.scene.optimizer.core-110.1.0] startup
[6.806s] [ext: isaacsim.asset.importer.utils-1.8.1] startup
[6.808s] [ext: omni.convexdecomposition-110.1.13] startup
[6.810s] [ext: omni.physics-110.1.13] startup
[6.812s] [ext: omni.physx.gpu-110.1.13] startup
[6.812s] [ext: omni.physx.foundation-110.1.13] startup
[6.813s] [ext: omni.usdphysics-110.1.13] startup
[6.814s] [ext: omni.physx.cooking-110.1.13] startup
[6.816s] [ext: omni.physx-110.1.13] startup
[6.822s] [ext: omni.physics.physx-110.1.13] startup
[6.824s] [ext: isaacsim.asset.exporter.urdf-2.0.5] startup
[6.830s] [ext: omni.kit.clipboard-1.1.1] startup
[6.831s] [ext: omni.kit.usd.layers-2.6.1] startup
[6.836s] [ext: omni.kit.widget.context_menu-1.4.0] startup
[6.837s] [ext: omni.kit.context_menu-1.9.0] startup
[6.838s] [ext: omni.kit.helper.file_utils-0.1.10] startup
[6.839s] [ext: omni.kit.widget.nucleus_info-2.0.2] startup
[6.839s] [ext: omni.kit.search_core-1.0.8] startup
[6.840s] [ext: omni.kit.widget.path_field-2.0.13] startup
[6.840s] [ext: omni.kit.widget.browser_bar-2.0.10] startup
[6.841s] [ext: omni.kit.widget.filebrowser-2.13.4] startup
[6.844s] [ext: omni.kit.widget.options_menu-1.1.6] startup
[6.846s] [ext: omni.kit.widget.options_button-1.0.3] startup
[6.847s] [ext: omni.kit.widget.search_delegate-1.0.9] startup
[6.847s] [ext: omni.ui.scene-2.0.3] startup
[6.851s] [ext: omni.kit.window.filepicker-2.15.5] startup
[6.860s] [ext: omni.kit.window.file_importer-1.1.21] startup
[6.862s] [ext: omni.kit.material.library-3.1.2] startup
[6.865s] [ext: isaacsim.asset.transformer.rules-1.7.10] startup
[6.873s] [ext: omni.usdex.libs-2.2.2] startup
[6.879s] [ext: isaacsim.asset.importer.mjcf-3.10.1] startup
[6.880s] [ext: isaacsim.asset.importer.urdf-3.11.2] startup
[6.883s] [ext: omni.kit.primitive.mesh-1.1.0] startup
[6.885s] [ext: omni.kit.stage_template.core-1.1.22] startup
[6.886s] [ext: omni.kit.stage_templates-2.0.2] startup
[6.887s] [ext: omni.usd.metrics.assembler-110.1.2] startup
[6.889s] [ext: omni.warp.core-1.13.0] startup
[7.072s] [ext: isaacsim.core.experimental.utils-0.17.2] startup
[7.073s] [ext: omni.physics.stageupdate-110.1.13] startup
[7.074s] [ext: omni.physics.tensors-110.1.13] startup
[7.078s] [ext: omni.physx.tensors-110.1.13] startup
[7.081s] [ext: isaacsim.core.simulation_manager-1.15.6] startup
[7.091s] [ext: isaacsim.storage.native-1.9.3] startup
[7.092s] [ext: omni.usd.metrics.assembler.physics-110.1.13] startup
[7.093s] [ext: isaacsim.core.utils-4.1.7] startup
[7.094s] [ext: isaacsim.core.prims-0.11.7] startup
[7.967s] [ext: isaacsim.core.api-5.2.13] startup
[7.972s] [ext: isaacsim.core.cloner-1.7.3] startup
[7.973s] [ext: isaacsim.test.docstring-1.3.2] startup
[7.975s] [ext: isaacsim.core.experimental.prims-1.8.9] startup
[7.994s] [ext: isaacsim.core.experimental.primdata-0.3.2] startup
[7.995s] [ext: omni.graph.tools-1.81.0] startup
[8.014s] [ext: omni.graph-1.142.5] startup
[8.044s] [ext: isaacsim.core.experimental.actuators-0.1.2] startup
[8.057s] [ext: isaacsim.core.experimental.materials-0.7.1] startup
[8.060s] [ext: isaacsim.core.experimental.objects-0.8.1] startup
[8.112s] [ext: omni.hydra.engine.stats-1.0.5] startup
[8.114s] [ext: omni.hydra.rtx.shadercache.vulkan-1.0.0] startup
[8.115s] [ext: omni.index.libs-387500.4413.0] startup
[8.115s] [ext: omni.index-1.0.1] startup
[8.116s] [ext: omni.ujitso.client-0.0.0] startup
[8.116s] [ext: omni.usd.schema.playback-1.0.0] startup
[8.118s] [ext: omni.volume-0.5.2] startup
[8.122s] [ext: omni.hydra.rtx-1.0.4] startup
2026-09-29T11:55:37Z [8,112ms] [Warning] [omni.log] Source: omni.hydra was already registered.
[8.142s] [ext: omni.kit.hydra_texture-1.6.0] startup
[8.145s] [ext: omni.kit.raycast.query-1.2.0] startup
[8.148s] [ext: omni.kit.viewport.legacy_gizmos-1.0.24] startup
[8.150s] [ext: omni.kit.viewport.registry-104.0.6] startup
[8.151s] [ext: omni.kit.viewport.scene_camera_model-1.0.7] startup
[8.153s] [ext: omni.kit.widget.viewport-109.2.0] startup
[8.157s] [ext: omni.kit.window.drop_support-1.0.8] startup
[8.157s] [ext: omni.kit.viewport.window-109.0.2] startup
[8.171s] [ext: omni.kit.viewport.utility-2.0.1] startup
[8.172s] [ext: isaacsim.core.rendering_manager-0.4.3] startup
[8.191s] [ext: omni.graph.action_core-1.1.9] startup
[8.193s] [ext: omni.graph.action_nodes_core-2.11.0] startup
[8.195s] [ext: omni.graph.action_nodes-2.11.0] startup
[8.211s] [ext: omni.graph.action-2.10.2] startup
[8.212s] [ext: omni.graph.image.core-0.6.1] startup
[8.212s] [ext: omni.graph.image.nodes-1.3.1] startup
[8.213s] [ext: omni.graph.nodes_core-2.11.0] startup
[8.217s] [ext: omni.graph.nodes-2.12.0] startup
[8.221s] [ext: omni.kit.hotkeys.core-1.3.12] startup
[8.222s] [ext: omni.kit.property.adapter.core-1.1.1] startup
[8.224s] [ext: omni.kit.property.adapter.usd-1.0.5] startup
[8.225s] [ext: omni.kit.widget.filter-1.1.5] startup
[8.225s] [ext: omni.kit.widget.highlight_label-1.0.3] startup
[8.226s] [ext: omni.kit.widget.searchfield-1.1.8] startup
[8.227s] [ext: omni.kit.window.file_exporter-1.0.36] startup
[8.228s] [ext: omni.kit.widget.stage-4.4.0] startup
[8.235s] [ext: omni.kit.window.content_browser_registry-0.0.6] startup
[8.236s] [ext: omni.kit.window.file-2.0.10] startup
[8.239s] [ext: omni.kit.window.content_browser-3.1.8] startup
[8.247s] [ext: omni.kit.window.property-1.15.1] startup
[8.256s] [ext: omni.kit.property.usd-4.9.4] startup
[8.264s] [ext: omni.graph.scriptnode-2.10.2] startup
[8.272s] [ext: omni.kit.widget.searchable_combobox-1.0.7] startup
[8.273s] [ext: omni.kit.widget.settings-2.0.0] startup
[8.275s] [ext: omni.kit.window.preferences-1.8.3] startup
[8.279s] [ext: omni.kit.viewport.menubar.core-107.2.2] startup
[8.289s] [ext: omni.syntheticdata-0.6.15] startup
[8.312s] [ext: omni.replicator.nv-1.1.1] startup
[8.316s] [ext: omni.videoencoding-0.2.1] startup
[8.317s] [ext: omni.replicator.core-1.13.27] startup
2026-09-29T11:55:37Z [8,303ms] [Warning] [pxr.Semantics] pxr.Semantics is deprecated - please use Semantics instead
2026-09-29T11:55:37Z [8,370ms] [Warning] [omni.replicator.core.scripts.extension] No material configuration file, adding configuration to material settings directly.
[8.523s] [ext: isaacsim.core.nodes-5.10.5] startup
[8.549s] [ext: isaacsim.core.throttling-2.3.5] startup
[8.550s] [ext: omni.kit.manipulator.viewport-107.0.1] startup
[8.551s] [ext: omni.graph.visualization.nodes-2.1.4] startup
[8.562s] [ext: omni.kit.window.extensions-1.5.10] startup
[8.567s] [ext: isaacsim.gui.components-1.8.5] startup
[8.570s] [ext: isaacsim.robot.surface_gripper-3.6.2] startup
[8.580s] [ext: isaacsim.robot.manipulators-3.4.4] startup
[8.590s] [ext: isaacsim.robot_motion.lula-4.1.3] startup
[8.595s] [ext: isaacsim.robot_motion.motion_generation-8.2.9] startup
[8.600s] [ext: isaacsim.cortex.framework-1.0.18] startup
[8.601s] [ext: isaacsim.cortex.behaviors-2.0.17] startup
[8.602s] [ext: isaacsim.examples.base-1.3.2] startup
[8.603s] [ext: omni.kit.widget.zoombar-1.0.7] startup
[8.604s] [ext: omni.kit.browser.core-2.3.18] startup
[8.607s] [ext: omni.kit.browser.folder.core-2.0.2] startup
[8.610s] [ext: omni.kit.widget.stage_icons-1.0.8] startup
[8.611s] [ext: omni.kit.window.stage-2.6.1] startup
[8.614s] [ext: omni.kit.menu.stage-1.2.7] startup
[8.615s] [ext: omni.kit.usd.collect-3.0.6] startup
[8.617s] [ext: omni.kit.widget.prompt-1.0.7] startup
[8.617s] [ext: omni.kit.tool.collect-2.2.19] startup
[8.619s] [ext: isaacsim.examples.browser-0.3.2] startup
[8.621s] [ext: omni.kit.search.files-1.0.4] startup
[8.621s] [ext: omni.kit.widget.calendar-1.0.9] startup
[8.622s] [ext: omni.kit.widget.extended_searchfield-1.0.31] startup
[8.628s] [ext: omni.simready.content.browser-0.3.7] startup
[8.714s] [ext: isaacsim.gui.content_browser-0.4.3] startup
[8.716s] [ext: omni.kit.selection-0.1.6] startup
[8.718s] [ext: isaacsim.gui.menu-2.10.5] startup
[8.725s] [ext: isaacsim.gui.property-1.6.4] startup
[8.730s] [ext: omni.kit.viewport.actions-110.0.0] startup
[8.734s] [ext: omni.kit.viewport.menubar.display-107.1.3] startup
[8.735s] [ext: isaacsim.gui.sensors.icon-2.2.1] startup
[8.738s] [ext: omni.behavior.scripting.core-110.1.0] startup
[8.740s] [ext: isaacsim.replicator.behavior-1.5.4] startup
[8.741s] [ext: isaacsim.replicator.experimental.domain_randomization-1.2.5] startup
[8.754s] [ext: isaacsim.replicator.domain_randomization-1.2.2] startup
[8.820s] [ext: isaacsim.replicator.writers-1.5.4] startup
[8.842s] [ext: isaacsim.robot.experimental.wheeled_robots-0.2.11] startup
[8.861s] [ext: isaacsim.robot.policy.examples-5.2.12] startup
[8.878s] [ext: isaacsim.robot.wheeled_robots-5.2.4] startup
[8.881s] [ext: isaacsim.robot.wheeled_robots.nodes-0.1.5] startup
[8.898s] [ext: isaacsim.robot_motion.experimental.motion_generation-6.1.3] startup
[8.908s] [ext: isaacsim.robot_motion.cumotion-1.3.1] startup
[8.920s] [ext: omni.kit.numpy.common-0.1.3] startup
[8.922s] [ext: isaacsim.sensors.camera-1.7.9] startup
[8.949s] [ext: isaacsim.sensors.experimental.physics-3.0.2] startup
[8.956s] [ext: omni.sensors.net-1.0.1] startup
[8.958s] [ext: omni.sensors.nv.common-3.0.0] startup
[8.966s] [ext: omni.sensors.nv.materials-2.0.0] startup
[8.969s] [ext: omni.sensors.nv.acoustic-3.0.0] startup
[8.971s] [ext: omni.sensors.nv.ids-2.0.1] startup
[8.972s] [ext: omni.sensors.nv.lidar-3.0.0] startup
[8.975s] [ext: omni.sensors.nv.radar-3.0.0] startup
[8.977s] [ext: isaacsim.sensors.experimental.rtx-1.4.6] startup
[9.205s] [ext: isaacsim.sensors.physics.nodes-1.5.3] startup
[9.211s] [ext: isaacsim.util.debug_draw-3.2.3] startup
[9.215s] [ext: isaacsim.sensors.physx-2.5.5] startup
[9.221s] [ext: isaacsim.sensors.rtx-15.17.1] startup
[9.229s] [ext: isaacsim.simulation_app-2.18.4] startup
[9.230s] [ext: omni.anim.curve.core-1.6.0] startup
[9.238s] [ext: omni.graph.ui_nodes-2.11.1] startup
[9.258s] [ext: omni.hydra.scene_api-0.1.3] startup
[9.262s] [ext: omni.kit.manipulator.camera-110.0.0] startup
[9.265s] [ext: omni.kit.manipulator.selector-1.1.4] startup
[9.266s] [ext: omni.kit.manipulator.transform-107.0.0] startup
[9.270s] [ext: omni.kit.widget.toolbar-2.1.0] startup
[9.275s] [ext: omni.kit.manipulator.tool.snap-1.5.14] startup
[9.278s] [ext: omni.kit.viewport.manipulator.transform-107.0.4] startup
[9.280s] [ext: omni.kit.manipulator.prim.core-108.0.2] startup
[9.285s] [ext: omni.kit.manipulator.prim.usd-107.0.3] startup
[9.286s] [ext: omni.kit.manipulator.prim-108.0.0] startup
[9.286s] [ext: omni.kit.manipulator.selection-109.0.1] startup
[9.287s] [ext: omni.kit.menu.create-2.0.2] startup
[9.289s] [ext: omni.kit.property.audio-1.0.16] startup
[9.291s] [ext: omni.kit.property.camera-1.0.14] startup
[9.293s] [ext: omni.kit.property.geometry-2.1.2] startup
[9.295s] [ext: omni.kit.property.light-1.0.14] startup
2026-09-29T11:55:38Z [9,294ms] [Warning] [omni.usd] Encountered USD Warnings but USD Diagnostics are currently muted. To view USD Warnings, please set the '/persistent/app/usd/muteUsdDiagnostics' setting to false in Preferences page.
[9.321s] [ext: omni.kit.property.material-1.14.6] startup
[9.326s] [ext: omni.kit.property.render-1.2.2] startup
[9.327s] [ext: omni.kit.property.transform-1.6.9] startup
[9.330s] [ext: omni.kit.property.bundle-1.5.1] startup
[9.332s] [ext: omni.kit.usdz_export-1.1.0] startup
[9.334s] [ext: omni.kit.tool.asset_importer-6.0.1] startup
[9.338s] [ext: omni.kit.ui.actions-1.0.5] startup
[9.340s] [ext: omni.kit.viewport.menubar.camera-107.0.10] startup
[9.344s] [ext: omni.kit.viewport.menubar.lighting-107.3.2] startup
[9.348s] [ext: omni.kit.viewport.menubar.render-110.0.0] startup
[9.350s] [ext: omni.kit.viewport.menubar.settings-110.0.1] startup
[9.352s] [ext: omni.kit.window.console-1.1.9] startup
[9.356s] [ext: omni.kit.window.status_bar-0.1.11] startup
[9.357s] [ext: omni.kit.window.toolbar-3.0.3] startup
[9.359s] [ext: omni.ocio-0.1.1] startup
[9.360s] [ext: omni.physx.commands-110.1.13] startup
[9.363s] [ext: omni.replicator.replicator_yaml-2.0.12] startup
[9.372s] [ext: omni.rtx.window.settings-0.8.0] startup
[9.376s] [ext: omni.rtx.settings.core-0.7.1] startup
[9.378s] [ext: omni.usd.metrics.assembler.ui-110.1.1] startup
[9.384s] [ext: semantics.schema.editor-2.0.2] startup
[9.387s] [ext: semantics.schema.property-2.0.2] startup
[9.388s] [ext: omni.kit.menu.common-2.0.2] startup
[9.389s] [ext: isaacsim.exp.base-6.0.1] startup
[9.389s] [ext: isaacsim.exp.base.python-6.0.1] startup
[9.390s] Simulation App Starting
[10.445s] Simulation App Startup Complete
[10.450s] app ready
Starting kit application with the following args:  ['/home/starry/isaac-data/isaacsim/exts/isaacsim.simulation_app/isaacsim/simulation_app/simulation_app.py', '/home/starry/isaac-data/isaacsim/apps/isaacsim.exp.base.python.kit', '--/app/tokens/exe-path=/home/starry/isaac-data/isaacsim/kit', '--/persistent/app/viewport/displayOptions=3094', '--/rtx/materialDb/syncLoads=True', '--/rtx/hydra/materialSyncLoads=True', '--/omni/kit/plugin/syncUsdLoads=True', '--/app/renderer/resolution/width=1280', '--/app/renderer/resolution/height=720', '--/app/window/width=1440', '--/app/window/height=900', '--/renderer/multiGpu/enabled=False', '--/app/fastShutdown=True', '--/app/installSignalHandlers=0', '--ext-folder', '/home/starry/isaac-data/isaacsim/exts', '--ext-folder', '/home/starry/isaac-data/isaacsim/apps', '--/renderer/activeGpu=0', '--/physics/cudaDevice=0', '--/plugins/carb.tasking.plugin/threadCount=12', '--/plugins/omni.tbb.globalcontrol/maxThreadCount=12', '--portable', '--no-window', '--/app/window/hideUi=1']
Passing the following args to the base kit application:  []
Warp 1.13.0 initialized:
   CUDA Toolkit 12.9, Driver 13.0
   Devices:
     "cpu"      : "x86_64"
     "cuda:0"   : "NVIDIA GeForce RTX 5070" (11 GiB, sm_120, mempool enabled)
   Kernel cache:
     /home/starry/.cache/warp/1.13.0
[LIGHTING] sun=800.0 (1) dome=0.0 (1) ambient=0.05 constant_color=(0.6, 0.65, 0.7)
[RENDER] mode=MinimalRendering minimal_shading_mode=2 anti_aliasing=TAA
[DEPTH CAMERAS] count=4 resolution_each=320x240 horizontal_coverage=360deg
[ESDF] path=/home/starry/isaac-data/EGO1P1/scenes/ego_swarm_cloud/occupancy.bin shape=(400, 300, 50) resolution=0.40m
[depth_angular_controller-1] [INFO] [1790682942.436885651] [depth_angular_controller]: WAITING_ODOMETRY
[NAV] t=0.0s position=(-64.00,-11.20,2.80) yaw=1.2deg command=(0.00,0.00,0.00) manual_active=0 collision_blocks=0
[depth_angular_controller-1] [INFO] [1790682942.808864051] [depth_angular_controller]: WAITING_VERIFIED_START_POSE
[depth_angular_controller-1] [INFO] [1790682942.844470327] [depth_angular_controller]: VERIFIED_FREE_SEED center=(-64.000,-11.200,2.800) radius=2.500 balls=1: verified fixed Cloud free ball; USD and occupancy SHA-256 matched
[depth_angular_controller-1] [INFO] [1790682942.844598518] [depth_angular_controller]: ZERO_INTENT
[depth_angular_controller-1] [INFO] [1790682944.521101182] [depth_angular_controller]: 3D guidance switched to view 0
[depth_angular_controller-1] [INFO] [1790682944.521188926] [depth_angular_controller]: CERTIFIED_DIRECT
[depth_angular_controller-1] [INFO] [1790682944.521196671] [depth_angular_controller]: PAPER_BUILD reason=CERTIFIED_INTENT_CORRIDOR required=0.0000 best=1.0500 free=0 refined=0 tubes=0 revoked_tubes=0 proofs=0
[depth_angular_controller-1] [INFO] [1790682944.521203143] [depth_angular_controller]: PAPER_EVIDENCE retained=7 balls=1 revoked_balls=0 expired_views=0 evicted_views=0 radius=0.580 clearance=1.050 best_prefix=0.000
[depth_angular_controller-1] [INFO] [1790682945.612493957] [depth_angular_controller]: PAPER_BUILD reason=CERTIFIED_INTENT_CORRIDOR required=0.5354 best=1.5854 free=0 refined=0 tubes=1 revoked_tubes=0 proofs=44
[depth_angular_controller-1] [INFO] [1790682945.612541807] [depth_angular_controller]: PAPER_EVIDENCE retained=11 balls=4 revoked_balls=0 expired_views=0 evicted_views=0 radius=0.580 clearance=1.585 best_prefix=0.000
[10.987s] [ext: isaacsim.sensors.rtx.nodes-0.1.2] startup
[10.996s] [ext: isaacsim.ros2.core-1.9.4] startup
[11.009s] Attempting to load system rclpy
[11.010s] Could not import system rclpy: No module named 'rclpy'
[11.010s] Attempting to load internal rclpy for ROS Distro: humble
[11.021s] rclpy loaded
[11.024s] [ext: isaacsim.ros2.nodes-1.18.13] startup
[11.058s] [ext: isaacsim.ros2.examples-1.2.4] startup
[11.063s] [ext: isaacsim.ros2.ui-1.6.5] startup
[11.288s] [ext: isaacsim.ros2.bridge-5.1.2] startup
2026-09-29T11:55:42Z [13,223ms] [Warning] [omni.timeline.plugin] Deprecated: direct use of ITimeline callbacks is deprecated. Use ITimeline::getTimeline (Python: omni.timeline.get_timeline_interface) instead.
[depth_angular_controller-1] [INFO] [1790682946.609264300] [depth_angular_controller]: PAPER_BUILD reason=CERTIFIED_INTENT_CORRIDOR required=1.9555 best=3.0055 free=0 refined=0 tubes=4 revoked_tubes=0 proofs=91
[depth_angular_controller-1] [INFO] [1790682946.609298654] [depth_angular_controller]: PAPER_EVIDENCE retained=15 balls=15 revoked_balls=0 expired_views=0 evicted_views=0 radius=0.580 clearance=3.006 best_prefix=0.000
[depth_angular_controller-1] [INFO] [1790682946.830315179] [depth_angular_controller]: INTENT_DIRECT
[depth_angular_controller-1] [INFO] [1790682947.158940396] [depth_angular_controller]: OUTSIDE_FLOW_BOX
[depth_angular_controller-1] [INFO] [1790682947.436714388] [depth_angular_controller]: INTENT_DIRECT
[position_cmd_to_twist-2] [INFO] [1790682947.591630964] [position_cmd_to_twist]: [PERF BRIDGE] run=iteration3_ego1p1_1 elapsed=18.49s received=246 published=246 fps(ros/wall)=50.00/51.41 controller_to_bridge_ms(mean/p50/p95/max)=0.000/0.000/0.000/0.000 bridge_process_ms(mean/p95/max)=0.092/0.118/0.171
[NAV] t=5.0s position=(-60.31,-10.55,2.80) yaw=9.9deg command=(1.36,0.24,0.00) manual_active=1 collision_blocks=0
[depth_angular_controller-1] [INFO] [1790682947.669688582] [depth_angular_controller]: PAPER_BUILD reason=READY required=1.1549 best=8.0717 free=352 refined=0 tubes=8 revoked_tubes=0 proofs=128
[depth_angular_controller-1] [INFO] [1790682947.669724529] [depth_angular_controller]: PAPER_EVIDENCE retained=19 balls=30 revoked_balls=0 expired_views=0 evicted_views=0 radius=0.580 clearance=0.500 best_prefix=8.072
[depth_angular_controller-1] [INFO] [1790682947.810549051] [depth_angular_controller]: [PERF CTRL] run=iteration3_ego1p1_1 elapsed=18.83s callbacks=259 commands=258 guidance=158 command_fps(ros/wall)=49.90/51.38 guidance_wall_fps=47.73 avoid_ms(mean/p50/p95/max)=0.538/0.055/4.838/8.194 cycle_ms(mean/p95/max)=19.462/32.502/91.360 depth_to_cmd_ms(mean/p95/max)=33.333/33.333/33.333 callback_to_publish_ms(mean/p95/max)=6.677/10.729/15.397
[depth_angular_controller-1] [INFO] [1790682947.943325140] [depth_angular_controller]: OUTSIDE_FLOW_BOX
[depth_angular_controller-1] [INFO] [1790682948.160064599] [depth_angular_controller]: INTENT_DIRECT
[depth_angular_controller-1] [INFO] [1790682948.604287017] [depth_angular_controller]: PAPER_BUILD reason=READY required=0.1703 best=8.0717 free=344 refined=0 tubes=10 revoked_tubes=0 proofs=128
[depth_angular_controller-1] [INFO] [1790682948.604327804] [depth_angular_controller]: PAPER_EVIDENCE retained=23 balls=32 revoked_balls=0 expired_views=0 evicted_views=0 radius=0.580 clearance=0.500 best_prefix=8.072
[depth_angular_controller-1] [INFO] [1790682948.854839197] [depth_angular_controller]: OUTSIDE_FLOW_BOX
[depth_angular_controller-1] [INFO] [1790682949.060595816] [depth_angular_controller]: INTENT_DIRECT
[depth_angular_controller-1] [INFO] [1790682949.662987815] [depth_angular_controller]: OUTSIDE_FLOW_BOX
[depth_angular_controller-1] [INFO] [1790682949.677714590] [depth_angular_controller]: PAPER_BUILD reason=READY required=0.1711 best=8.0717 free=261 refined=0 tubes=11 revoked_tubes=0 proofs=128
[depth_angular_controller-1] [INFO] [1790682949.677749896] [depth_angular_controller]: PAPER_EVIDENCE retained=27 balls=32 revoked_balls=0 expired_views=0 evicted_views=0 radius=0.580 clearance=0.000 best_prefix=8.072
[depth_angular_controller-1] [INFO] [1790682949.868170627] [depth_angular_controller]: INTENT_DIRECT
[depth_angular_controller-1] [INFO] [1790682950.183539908] [depth_angular_controller]: OUTSIDE_FLOW_BOX
[depth_angular_controller-1] [INFO] [1790682950.402672298] [depth_angular_controller]: INTENT_DIRECT
[depth_angular_controller-1] [INFO] [1790682950.490494088] [depth_angular_controller]: TARGET_HOLD
[depth_angular_controller-1] [INFO] [1790682950.531442830] [depth_angular_controller]: STATE_OUTSIDE_FREE_DOMAIN
[depth_angular_controller-1] [INFO] [1790682950.603344506] [depth_angular_controller]: TARGET_HOLD
[depth_angular_controller-1] [INFO] [1790682950.623310723] [depth_angular_controller]: PAPER_BUILD reason=READY required=0.0100 best=4.0383 free=142 refined=0 tubes=11 revoked_tubes=0 proofs=128
[depth_angular_controller-1] [INFO] [1790682950.623346230] [depth_angular_controller]: PAPER_EVIDENCE retained=27 balls=32 revoked_balls=0 expired_views=0 evicted_views=0 radius=0.580 clearance=0.500 best_prefix=4.038
[depth_angular_controller-1] [INFO] [1790682950.813019839] [depth_angular_controller]: SINGULAR_FIELD
[depth_angular_controller-1] [INFO] [1790682950.826286434] [depth_angular_controller]: REFERENCE_INITIALIZATION
[depth_angular_controller-1] [INFO] [1790682950.920040186] [depth_angular_controller]: SINGULAR_FIELD
[depth_angular_controller-1] [INFO] [1790682950.934047130] [depth_angular_controller]: REFERENCE_INITIALIZATION
[depth_angular_controller-1] [INFO] [1790682951.034256998] [depth_angular_controller]: SINGULAR_FIELD
[depth_angular_controller-1] [INFO] [1790682951.053477556] [depth_angular_controller]: STATE_OUTSIDE_FREE_DOMAIN
[depth_angular_controller-1] [INFO] [1790682951.125205686] [depth_angular_controller]: REFERENCE_INITIALIZATION
[depth_angular_controller-1] [INFO] [1790682951.163241842] [depth_angular_controller]: TARGET_HOLD
[depth_angular_controller-1] [INFO] [1790682951.273319627] [depth_angular_controller]: REFERENCE_INITIALIZATION
[depth_angular_controller-1] [INFO] [1790682951.496773325] [depth_angular_controller]: SINGULAR_FIELD
[depth_angular_controller-1] [INFO] [1790682951.508790756] [depth_angular_controller]: STATE_OUTSIDE_FREE_DOMAIN
[depth_angular_controller-1] [INFO] [1790682951.585783155] [depth_angular_controller]: SINGULAR_FIELD
[depth_angular_controller-1] [INFO] [1790682951.585815065] [depth_angular_controller]: PAPER_BUILD reason=READY required=0.0627 best=8.0717 free=235 refined=0 tubes=12 revoked_tubes=0 proofs=128
[depth_angular_controller-1] [INFO] [1790682951.585826276] [depth_angular_controller]: PAPER_EVIDENCE retained=31 balls=32 revoked_balls=0 expired_views=0 evicted_views=0 radius=0.580 clearance=0.000 best_prefix=8.072
[depth_angular_controller-1] [INFO] [1790682951.787629025] [depth_angular_controller]: TRACKING
[depth_angular_controller-1] [INFO] [1790682951.855109986] [depth_angular_controller]: TARGET_HOLD
[depth_angular_controller-1] [INFO] [1790682951.909890022] [depth_angular_controller]: 3D guidance switched to view 3
[depth_angular_controller-1] [INFO] [1790682951.910410980] [depth_angular_controller]: SINGULAR_FIELD
[depth_angular_controller-1] [INFO] [1790682951.926809382] [depth_angular_controller]: 3D guidance switched to view 0
[depth_angular_controller-1] [INFO] [1790682951.927106790] [depth_angular_controller]: STATE_OUTSIDE_FREE_DOMAIN
[depth_angular_controller-1] [INFO] [1790682951.982343093] [depth_angular_controller]: TARGET_HOLD
[depth_angular_controller-1] [INFO] [1790682952.197327188] [depth_angular_controller]: OUTSIDE_FLOW_BOX
[depth_angular_controller-1] [INFO] [1790682952.315694749] [depth_angular_controller]: STATE_OUTSIDE_FREE_DOMAIN
[depth_angular_controller-1] [INFO] [1790682952.359198976] [depth_angular_controller]: OUTSIDE_FLOW_BOX
[depth_angular_controller-1] [INFO] [1790682952.376813189] [depth_angular_controller]: TARGET_HOLD
[depth_angular_controller-1] [INFO] [1790682952.521009719] [depth_angular_controller]: STATE_OUTSIDE_FREE_DOMAIN
[position_cmd_to_twist-2] [INFO] [1790682952.557868656] [position_cmd_to_twist]: [PERF BRIDGE] run=iteration3_ego1p1_1 elapsed=23.47s received=495 published=495 fps(ros/wall)=49.90/50.70 controller_to_bridge_ms(mean/p50/p95/max)=2.121/0.000/16.667/16.667 bridge_process_ms(mean/p95/max)=0.098/0.120/0.719
[depth_angular_controller-1] [INFO] [1790682952.575260372] [depth_angular_controller]: TARGET_HOLD
[NAV] t=10.0s position=(-58.90,-10.30,2.71) yaw=9.9deg command=(0.01,0.01,0.00) manual_active=1 collision_blocks=0
[depth_angular_controller-1] [INFO] [1790682952.722462392] [depth_angular_controller]: PAPER_BUILD reason=READY required=0.0113 best=4.0383 free=137 refined=0 tubes=13 revoked_tubes=0 proofs=128
[depth_angular_controller-1] [INFO] [1790682952.722501695] [depth_angular_controller]: PAPER_EVIDENCE retained=31 balls=32 revoked_balls=0 expired_views=0 evicted_views=0 radius=0.580 clearance=0.500 best_prefix=4.038
[depth_angular_controller-1] [INFO] [1790682952.821056757] [depth_angular_controller]: [PERF CTRL] run=iteration3_ego1p1_1 elapsed=23.84s callbacks=507 commands=506 guidance=406 command_fps(ros/wall)=49.92/50.44 guidance_wall_fps=48.80 avoid_ms(mean/p50/p95/max)=1.475/0.141/10.023/14.110 cycle_ms(mean/p95/max)=19.826/35.422/92.362 depth_to_cmd_ms(mean/p95/max)=32.184/33.333/50.000 callback_to_publish_ms(mean/p95/max)=9.241/20.030/26.833
[depth_angular_controller-1] [INFO] [1790682952.874643465] [depth_angular_controller]: OUTSIDE_FLOW_BOX
[depth_angular_controller-1] [INFO] [1790682952.884844187] [depth_angular_controller]: STATE_OUTSIDE_FREE_DOMAIN
[depth_angular_controller-1] [INFO] [1790682952.991903637] [depth_angular_controller]: OUTSIDE_FLOW_BOX
[depth_angular_controller-1] [INFO] [1790682953.005012386] [depth_angular_controller]: TARGET_HOLD
[depth_angular_controller-1] [INFO] [1790682953.200747901] [depth_angular_controller]: STATE_OUTSIDE_FREE_DOMAIN
[depth_angular_controller-1] [INFO] [1790682953.257319128] [depth_angular_controller]: TARGET_HOLD
[depth_angular_controller-1] [INFO] [1790682953.460627163] [depth_angular_controller]: OUTSIDE_FLOW_BOX
[depth_angular_controller-1] [INFO] [1790682953.488137847] [depth_angular_controller]: STATE_OUTSIDE_FREE_DOMAIN
[depth_angular_controller-1] [INFO] [1790682953.589245089] [depth_angular_controller]: TARGET_HOLD
[depth_angular_controller-1] [INFO] [1790682953.737483543] [depth_angular_controller]: PAPER_BUILD reason=READY required=0.0100 best=8.0717 free=132 refined=0 tubes=13 revoked_tubes=0 proofs=128
[depth_angular_controller-1] [INFO] [1790682953.737524650] [depth_angular_controller]: PAPER_EVIDENCE retained=31 balls=32 revoked_balls=0 expired_views=0 evicted_views=0 radius=0.580 clearance=0.500 best_prefix=8.072
[depth_angular_controller-1] [INFO] [1790682953.806682116] [depth_angular_controller]: OUTSIDE_FLOW_BOX
[depth_angular_controller-1] [INFO] [1790682953.864280622] [depth_angular_controller]: STATE_OUTSIDE_FREE_DOMAIN
[depth_angular_controller-1] [INFO] [1790682953.905398140] [depth_angular_controller]: OUTSIDE_FLOW_BOX
[depth_angular_controller-1] [INFO] [1790682953.960209055] [depth_angular_controller]: TARGET_HOLD
[depth_angular_controller-1] [INFO] [1790682954.251659371] [depth_angular_controller]: OUTSIDE_FLOW_BOX
[depth_angular_controller-1] [INFO] [1790682954.264332934] [depth_angular_controller]: TARGET_HOLD
[depth_angular_controller-1] [INFO] [1790682954.364666473] [depth_angular_controller]: OUTSIDE_FLOW_BOX
[depth_angular_controller-1] [INFO] [1790682954.376032211] [depth_angular_controller]: STATE_OUTSIDE_FREE_DOMAIN
[depth_angular_controller-1] [INFO] [1790682954.473026334] [depth_angular_controller]: OUTSIDE_FLOW_BOX
[depth_angular_controller-1] [INFO] [1790682954.484764060] [depth_angular_controller]: TARGET_HOLD
[depth_angular_controller-1] [INFO] [1790682954.624819529] [depth_angular_controller]: STATE_OUTSIDE_FREE_DOMAIN
[depth_angular_controller-1] [INFO] [1790682954.680438299] [depth_angular_controller]: OUTSIDE_FLOW_BOX
[depth_angular_controller-1] [INFO] [1790682954.680477303] [depth_angular_controller]: PAPER_BUILD reason=READY required=0.0119 best=8.0717 free=172 refined=0 tubes=13 revoked_tubes=0 proofs=128
[depth_angular_controller-1] [INFO] [1790682954.680488303] [depth_angular_controller]: PAPER_EVIDENCE retained=31 balls=32 revoked_balls=0 expired_views=0 evicted_views=0 radius=0.580 clearance=0.000 best_prefix=8.072
[depth_angular_controller-1] [INFO] [1790682954.691623318] [depth_angular_controller]: TARGET_HOLD
[depth_angular_controller-1] [INFO] [1790682954.825836474] [depth_angular_controller]: STATE_OUTSIDE_FREE_DOMAIN
[depth_angular_controller-1] [INFO] [1790682954.880516423] [depth_angular_controller]: OUTSIDE_FLOW_BOX
[depth_angular_controller-1] [INFO] [1790682954.909222440] [depth_angular_controller]: TARGET_HOLD
[depth_angular_controller-1] [INFO] [1790682955.394638009] [depth_angular_controller]: OUTSIDE_FLOW_BOX
[depth_angular_controller-1] [INFO] [1790682955.407662951] [depth_angular_controller]: STATE_OUTSIDE_FREE_DOMAIN
[depth_angular_controller-1] [INFO] [1790682955.568379180] [depth_angular_controller]: OUTSIDE_FLOW_BOX
[depth_angular_controller-1] [INFO] [1790682955.743904700] [depth_angular_controller]: TARGET_HOLD
[depth_angular_controller-1] [INFO] [1790682955.754411787] [depth_angular_controller]: PAPER_BUILD reason=READY required=0.0333 best=8.0717 free=145 refined=0 tubes=14 revoked_tubes=0 proofs=128
[depth_angular_controller-1] [INFO] [1790682955.754446342] [depth_angular_controller]: PAPER_EVIDENCE retained=32 balls=32 revoked_balls=0 expired_views=0 evicted_views=3 radius=0.580 clearance=0.500 best_prefix=8.072
[depth_angular_controller-1] [INFO] [1790682956.123474375] [depth_angular_controller]: OUTSIDE_FLOW_BOX
[depth_angular_controller-1] [INFO] [1790682956.136416081] [depth_angular_controller]: STATE_OUTSIDE_FREE_DOMAIN
[depth_angular_controller-1] [INFO] [1790682956.217471113] [depth_angular_controller]: OUTSIDE_FLOW_BOX
[depth_angular_controller-1] [INFO] [1790682956.429213896] [depth_angular_controller]: TARGET_HOLD
[depth_angular_controller-1] [INFO] [1790682956.608260553] [depth_angular_controller]: OUTSIDE_FLOW_BOX
[depth_angular_controller-1] [INFO] [1790682956.620397528] [depth_angular_controller]: TARGET_HOLD
[depth_angular_controller-1] [INFO] [1790682956.723234024] [depth_angular_controller]: OUTSIDE_FLOW_BOX
[depth_angular_controller-1] [INFO] [1790682956.735589680] [depth_angular_controller]: TARGET_HOLD
[depth_angular_controller-1] [INFO] [1790682956.762408516] [depth_angular_controller]: PAPER_BUILD reason=READY required=0.0171 best=8.0717 free=45 refined=0 tubes=15 revoked_tubes=0 proofs=128
[depth_angular_controller-1] [INFO] [1790682956.762447660] [depth_angular_controller]: PAPER_EVIDENCE retained=32 balls=32 revoked_balls=0 expired_views=0 evicted_views=3 radius=0.580 clearance=0.500 best_prefix=8.072
[depth_angular_controller-1] [INFO] [1790682956.829143307] [depth_angular_controller]: OUTSIDE_FLOW_BOX
[depth_angular_controller-1] [INFO] [1790682956.843630572] [depth_angular_controller]: TRACKING
[depth_angular_controller-1] [INFO] [1790682956.926431892] [depth_angular_controller]: OUTSIDE_FLOW_BOX
[depth_angular_controller-1] [INFO] [1790682956.941719550] [depth_angular_controller]: TARGET_HOLD
[depth_angular_controller-1] [INFO] [1790682957.038981575] [depth_angular_controller]: OUTSIDE_FLOW_BOX
[depth_angular_controller-1] [INFO] [1790682957.054183492] [depth_angular_controller]: TRACKING
[depth_angular_controller-1] [INFO] [1790682957.153526392] [depth_angular_controller]: OUTSIDE_FLOW_BOX
[depth_angular_controller-1] [INFO] [1790682957.174278104] [depth_angular_controller]: TARGET_HOLD
[depth_angular_controller-1] [INFO] [1790682957.280691322] [depth_angular_controller]: OUTSIDE_FLOW_BOX
[depth_angular_controller-1] [INFO] [1790682957.294096056] [depth_angular_controller]: TRACKING
[depth_angular_controller-1] [INFO] [1790682957.393034217] [depth_angular_controller]: OUTSIDE_FLOW_BOX
[depth_angular_controller-1] [INFO] [1790682957.406864810] [depth_angular_controller]: TARGET_HOLD
[depth_angular_controller-1] [INFO] [1790682957.496141411] [depth_angular_controller]: OUTSIDE_FLOW_BOX
[depth_angular_controller-1] [INFO] [1790682957.510385711] [depth_angular_controller]: TARGET_HOLD
[depth_angular_controller-1] [INFO] [1790682957.603142181] [depth_angular_controller]: OUTSIDE_FLOW_BOX
[position_cmd_to_twist-2] [INFO] [1790682957.605394438] [position_cmd_to_twist]: [PERF BRIDGE] run=iteration3_ego1p1_1 elapsed=28.52s received=745 published=745 fps(ros/wall)=49.93/50.29 controller_to_bridge_ms(mean/p50/p95/max)=2.729/0.000/16.667/16.667 bridge_process_ms(mean/p95/max)=0.103/0.130/1.214
[depth_angular_controller-1] [INFO] [1790682957.615998306] [depth_angular_controller]: TRACKING
[NAV] t=15.0s position=(-58.61,-10.09,2.69) yaw=9.9deg command=(0.02,0.01,-0.00) manual_active=1 collision_blocks=0
[depth_angular_controller-1] [INFO] [1790682957.698831826] [depth_angular_controller]: TARGET_HOLD
[depth_angular_controller-1] [INFO] [1790682957.713285259] [depth_angular_controller]: PAPER_BUILD reason=READY required=0.0100 best=8.0717 free=4 refined=0 tubes=15 revoked_tubes=0 proofs=128
[depth_angular_controller-1] [INFO] [1790682957.713346263] [depth_angular_controller]: PAPER_EVIDENCE retained=32 balls=32 revoked_balls=0 expired_views=0 evicted_views=3 radius=0.580 clearance=0.500 best_prefix=8.072
[depth_angular_controller-1] [INFO] [1790682957.842275864] [depth_angular_controller]: [PERF CTRL] run=iteration3_ego1p1_1 elapsed=28.86s callbacks=758 commands=757 guidance=657 command_fps(ros/wall)=49.90/50.29 guidance_wall_fps=49.25 avoid_ms(mean/p50/p95/max)=1.483/0.159/8.820/14.110 cycle_ms(mean/p95/max)=19.885/36.633/92.362 depth_to_cmd_ms(mean/p95/max)=32.141/33.333/50.000 callback_to_publish_ms(mean/p95/max)=10.327/19.843/26.833
[depth_angular_controller-1] [INFO] [1790682958.037997282] [depth_angular_controller]: OUTSIDE_FLOW_BOX
[depth_angular_controller-1] [INFO] [1790682958.050443527] [depth_angular_controller]: STATE_OUTSIDE_FREE_DOMAIN
[depth_angular_controller-1] [INFO] [1790682958.153080078] [depth_angular_controller]: OUTSIDE_FLOW_BOX
[depth_angular_controller-1] [INFO] [1790682958.319970804] [depth_angular_controller]: TARGET_HOLD
[depth_angular_controller-1] [INFO] [1790682958.740142371] [depth_angular_controller]: OUTSIDE_FLOW_BOX
[depth_angular_controller-1] [INFO] [1790682958.740177006] [depth_angular_controller]: PAPER_BUILD reason=READY required=0.0723 best=8.0717 free=3 refined=0 tubes=15 revoked_tubes=0 proofs=128
[depth_angular_controller-1] [INFO] [1790682958.740186684] [depth_angular_controller]: PAPER_EVIDENCE retained=32 balls=32 revoked_balls=0 expired_views=0 evicted_views=7 radius=0.580 clearance=0.000 best_prefix=8.072
[depth_angular_controller-1] [INFO] [1790682958.760300989] [depth_angular_controller]: STATE_OUTSIDE_FREE_DOMAIN
[depth_angular_controller-1] [INFO] [1790682958.866208508] [depth_angular_controller]: OUTSIDE_FLOW_BOX
[depth_angular_controller-1] [INFO] [1790682958.981908803] [depth_angular_controller]: TARGET_HOLD
[depth_angular_controller-1] [INFO] [1790682959.348323242] [depth_angular_controller]: OUTSIDE_FLOW_BOX
[depth_angular_controller-1] [INFO] [1790682959.362383567] [depth_angular_controller]: STATE_OUTSIDE_FREE_DOMAIN
[depth_angular_controller-1] [INFO] [1790682959.477175839] [depth_angular_controller]: OUTSIDE_FLOW_BOX
[depth_angular_controller-1] [INFO] [1790682959.492397012] [depth_angular_controller]: TARGET_HOLD
[depth_angular_controller-1] [INFO] [1790682959.766710380] [depth_angular_controller]: OUTSIDE_FLOW_BOX
[depth_angular_controller-1] [INFO] [1790682959.783160469] [depth_angular_controller]: TARGET_HOLD
[depth_angular_controller-1] [INFO] [1790682959.834391616] [depth_angular_controller]: PAPER_BUILD reason=READY required=0.0197 best=8.0717 free=3 refined=0 tubes=16 revoked_tubes=0 proofs=128
[depth_angular_controller-1] [INFO] [1790682959.834434066] [depth_angular_controller]: PAPER_EVIDENCE retained=32 balls=32 revoked_balls=0 expired_views=0 evicted_views=7 radius=0.580 clearance=0.134 best_prefix=8.072
[depth_angular_controller-1] [INFO] [1790682959.873919592] [depth_angular_controller]: OUTSIDE_FLOW_BOX
[depth_angular_controller-1] [INFO] [1790682959.890333793] [depth_angular_controller]: TARGET_HOLD
[depth_angular_controller-1] [INFO] [1790682959.969524067] [depth_angular_controller]: OUTSIDE_FLOW_BOX
[depth_angular_controller-1] [INFO] [1790682959.986314404] [depth_angular_controller]: TARGET_HOLD
[depth_angular_controller-1] [INFO] [1790682960.065952879] [depth_angular_controller]: OUTSIDE_FLOW_BOX
[depth_angular_controller-1] [INFO] [1790682960.080909776] [depth_angular_controller]: TARGET_HOLD
[depth_angular_controller-1] [INFO] [1790682960.171729231] [depth_angular_controller]: OUTSIDE_FLOW_BOX
[depth_angular_controller-1] [INFO] [1790682960.188637460] [depth_angular_controller]: TRACKING
[depth_angular_controller-1] [INFO] [1790682960.274584934] [depth_angular_controller]: TARGET_HOLD
[depth_angular_controller-1] [INFO] [1790682960.367681472] [depth_angular_controller]: OUTSIDE_FLOW_BOX
[depth_angular_controller-1] [INFO] [1790682960.385088798] [depth_angular_controller]: TARGET_HOLD
[depth_angular_controller-1] [INFO] [1790682960.483655812] [depth_angular_controller]: OUTSIDE_FLOW_BOX
[depth_angular_controller-1] [INFO] [1790682960.499979454] [depth_angular_controller]: TRACKING
[depth_angular_controller-1] [INFO] [1790682960.593621857] [depth_angular_controller]: OUTSIDE_FLOW_BOX
[depth_angular_controller-1] [INFO] [1790682960.617174434] [depth_angular_controller]: STATE_OUTSIDE_FREE_DOMAIN
[depth_angular_controller-1] [INFO] [1790682960.655740024] [depth_angular_controller]: TARGET_HOLD
[depth_angular_controller-1] [INFO] [1790682960.779902780] [depth_angular_controller]: PAPER_BUILD reason=READY required=0.0107 best=8.0717 free=4 refined=0 tubes=17 revoked_tubes=0 proofs=128
[depth_angular_controller-1] [INFO] [1790682960.779943306] [depth_angular_controller]: PAPER_EVIDENCE retained=32 balls=32 revoked_balls=0 expired_views=0 evicted_views=7 radius=0.580 clearance=0.161 best_prefix=8.072
[depth_angular_controller-1] [INFO] [1790682960.900150398] [depth_angular_controller]: OUTSIDE_FLOW_BOX
[depth_angular_controller-1] [INFO] [1790682960.916063991] [depth_angular_controller]: STATE_OUTSIDE_FREE_DOMAIN
[depth_angular_controller-1] [INFO] [1790682961.015100145] [depth_angular_controller]: OUTSIDE_FLOW_BOX
[depth_angular_controller-1] [INFO] [1790682961.032752841] [depth_angular_controller]: TARGET_HOLD
[depth_angular_controller-1] [INFO] [1790682961.216090400] [depth_angular_controller]: OUTSIDE_FLOW_BOX
[depth_angular_controller-1] [INFO] [1790682961.234805139] [depth_angular_controller]: TARGET_HOLD
[depth_angular_controller-1] [INFO] [1790682961.321932937] [depth_angular_controller]: OUTSIDE_FLOW_BOX
[depth_angular_controller-1] [INFO] [1790682961.340871737] [depth_angular_controller]: TRACKING
[depth_angular_controller-1] [INFO] [1790682961.394200650] [depth_angular_controller]: TARGET_HOLD
[depth_angular_controller-1] [INFO] [1790682961.421898035] [depth_angular_controller]: OUTSIDE_FLOW_BOX
[depth_angular_controller-1] [INFO] [1790682961.441624703] [depth_angular_controller]: TARGET_HOLD
[depth_angular_controller-1] [INFO] [1790682961.865074962] [depth_angular_controller]: PAPER_BUILD reason=READY required=0.0439 best=8.0717 free=7 refined=0 tubes=26 revoked_tubes=0 proofs=128
[depth_angular_controller-1] [INFO] [1790682961.865117662] [depth_angular_controller]: PAPER_EVIDENCE retained=32 balls=32 revoked_balls=0 expired_views=0 evicted_views=7 radius=0.580 clearance=0.137 best_prefix=8.072
[depth_angular_controller-1] [INFO] [1790682961.997129196] [depth_angular_controller]: OUTSIDE_FLOW_BOX
[depth_angular_controller-1] [INFO] [1790682962.015827955] [depth_angular_controller]: STATE_OUTSIDE_FREE_DOMAIN
[depth_angular_controller-1] [INFO] [1790682962.102568156] [depth_angular_controller]: NO_REGULAR_FIELD
[depth_angular_controller-1] [INFO] [1790682962.120743693] [depth_angular_controller]: CERTIFIED_DIRECT
[position_cmd_to_twist-2] [INFO] [1790682962.703360583] [position_cmd_to_twist]: [PERF BRIDGE] run=iteration3_ego1p1_1 elapsed=33.61s received=984 published=984 fps(ros/wall)=49.44/49.43 controller_to_bridge_ms(mean/p50/p95/max)=5.268/0.000/16.667/83.333 bridge_process_ms(mean/p95/max)=0.104/0.133/1.214
[NAV] t=20.0s position=(-58.02,-9.94,2.67) yaw=9.8deg command=(0.65,0.11,0.00) manual_active=1 collision_blocks=0
[depth_angular_controller-1] [INFO] [1790682962.826346179] [depth_angular_controller]: PAPER_BUILD reason=CERTIFIED_INTENT_CORRIDOR required=0.3273 best=1.3773 free=0 refined=0 tubes=36 revoked_tubes=0 proofs=128
[depth_angular_controller-1] [INFO] [1790682962.826385623] [depth_angular_controller]: PAPER_EVIDENCE retained=32 balls=32 revoked_balls=0 expired_views=0 evicted_views=11 radius=0.580 clearance=1.377 best_prefix=8.072
[depth_angular_controller-1] [INFO] [1790682962.849327525] [depth_angular_controller]: [PERF CTRL] run=iteration3_ego1p1_1 elapsed=33.87s callbacks=992 commands=991 guidance=891 command_fps(ros/wall)=49.38/49.40 guidance_wall_fps=48.56 avoid_ms(mean/p50/p95/max)=1.802/0.239/9.873/48.611 cycle_ms(mean/p95/max)=20.243/36.864/97.396 depth_to_cmd_ms(mean/p95/max)=30.397/33.333/50.000 callback_to_publish_ms(mean/p95/max)=12.009/21.717/70.415
[depth_angular_controller-1] [INFO] [1790682963.908955943] [depth_angular_controller]: PAPER_BUILD reason=CERTIFIED_INTENT_CORRIDOR required=1.7715 best=2.8215 free=0 refined=0 tubes=39 revoked_tubes=0 proofs=128
[depth_angular_controller-1] [INFO] [1790682963.908991921] [depth_angular_controller]: PAPER_EVIDENCE retained=32 balls=32 revoked_balls=0 expired_views=0 evicted_views=15 radius=0.580 clearance=2.821 best_prefix=8.072
[depth_angular_controller-1] [INFO] [1790682964.670775764] [depth_angular_controller]: INTENT_DIRECT
[depth_angular_controller-1] [INFO] [1790682964.703047963] [depth_angular_controller]: CERTIFIED_DIRECT
[depth_angular_controller-1] [INFO] [1790682964.777403925] [depth_angular_controller]: INTENT_DIRECT
[depth_angular_controller-1] [INFO] [1790682964.906629711] [depth_angular_controller]: PAPER_BUILD reason=READY required=2.0682 best=8.0717 free=1162 refined=1 tubes=42 revoked_tubes=0 proofs=128
[depth_angular_controller-1] [INFO] [1790682964.906944883] [depth_angular_controller]: PAPER_EVIDENCE retained=32 balls=32 revoked_balls=0 expired_views=0 evicted_views=19 radius=0.580 clearance=2.117 best_prefix=8.072
[depth_angular_controller-1] [INFO] [1790682965.303898219] [depth_angular_controller]: OUTSIDE_FLOW_BOX
[depth_angular_controller-1] [INFO] [1790682965.320481518] [depth_angular_controller]: INTENT_DIRECT
[depth_angular_controller-1] [INFO] [1790682965.388557405] [depth_angular_controller]: OUTSIDE_FLOW_BOX
[depth_angular_controller-1] [INFO] [1790682965.573959598] [depth_angular_controller]: INTENT_DIRECT
[depth_angular_controller-1] [INFO] [1790682965.648488384] [depth_angular_controller]: OUTSIDE_FLOW_BOX
[depth_angular_controller-1] [INFO] [1790682965.726814275] [depth_angular_controller]: INTENT_DIRECT
[depth_angular_controller-1] [INFO] [1790682965.895630094] [depth_angular_controller]: OUTSIDE_FLOW_BOX
[depth_angular_controller-1] [INFO] [1790682966.047222983] [depth_angular_controller]: PAPER_BUILD reason=READY required=0.8014 best=8.0717 free=199 refined=0 tubes=46 revoked_tubes=0 proofs=128
[depth_angular_controller-1] [INFO] [1790682966.047268198] [depth_angular_controller]: PAPER_EVIDENCE retained=32 balls=32 revoked_balls=0 expired_views=0 evicted_views=23 radius=0.580 clearance=0.000 best_prefix=8.072
[depth_angular_controller-1] [INFO] [1790682966.088079231] [depth_angular_controller]: INTENT_DIRECT
[depth_angular_controller-1] [INFO] [1790682966.577912149] [depth_angular_controller]: OUTSIDE_FLOW_BOX
[depth_angular_controller-1] [INFO] [1790682966.614225572] [depth_angular_controller]: INTENT_DIRECT
[depth_angular_controller-1] [INFO] [1790682967.140633324] [depth_angular_controller]: PAPER_BUILD reason=READY required=0.1322 best=8.0717 free=293 refined=0 tubes=47 revoked_tubes=0 proofs=128
[depth_angular_controller-1] [INFO] [1790682967.140677617] [depth_angular_controller]: PAPER_EVIDENCE retained=32 balls=32 revoked_balls=0 expired_views=0 evicted_views=27 radius=0.580 clearance=0.363 best_prefix=8.072
[depth_angular_controller-1] [INFO] [1790682967.375107934] [depth_angular_controller]: OUTSIDE_FLOW_BOX
[depth_angular_controller-1] [INFO] [1790682967.498718313] [depth_angular_controller]: INTENT_DIRECT
[depth_angular_controller-1] [INFO] [1790682967.783951503] [depth_angular_controller]: OUTSIDE_FLOW_BOX
[depth_angular_controller-1] [INFO] [1790682967.865059725] [depth_angular_controller]: [PERF CTRL] run=iteration3_ego1p1_1 elapsed=38.88s callbacks=1194 commands=1193 guidance=1093 command_fps(ros/wall)=48.32/47.57 guidance_wall_fps=46.78 avoid_ms(mean/p50/p95/max)=2.140/0.286/10.574/49.922 cycle_ms(mean/p95/max)=21.020/39.648/97.396 depth_to_cmd_ms(mean/p95/max)=29.201/33.333/50.000 callback_to_publish_ms(mean/p95/max)=13.443/23.936/70.415
[depth_angular_controller-1] [INFO] [1790682967.927512459] [depth_angular_controller]: INTENT_DIRECT
[position_cmd_to_twist-2] [INFO] [1790682968.150510643] [position_cmd_to_twist]: [PERF BRIDGE] run=iteration3_ego1p1_1 elapsed=39.06s received=1202 published=1202 fps(ros/wall)=48.30/47.43 controller_to_bridge_ms(mean/p50/p95/max)=7.557/0.000/33.333/83.333 bridge_process_ms(mean/p95/max)=0.106/0.135/1.214
[NAV] t=25.0s position=(-52.34,-8.95,2.67) yaw=9.8deg command=(0.14,0.02,0.00) manual_active=1 collision_blocks=0
[depth_angular_controller-1] [INFO] [1790682968.302236622] [depth_angular_controller]: PAPER_BUILD reason=READY required=0.0441 best=8.0717 free=320 refined=0 tubes=48 revoked_tubes=0 proofs=128
[depth_angular_controller-1] [INFO] [1790682968.302282488] [depth_angular_controller]: PAPER_EVIDENCE retained=32 balls=32 revoked_balls=0 expired_views=0 evicted_views=31 radius=0.580 clearance=0.089 best_prefix=8.072
[depth_angular_controller-1] [INFO] [1790682968.427599289] [depth_angular_controller]: OUTSIDE_FLOW_BOX
[depth_angular_controller-1] [INFO] [1790682968.542107097] [depth_angular_controller]: INTENT_DIRECT
[depth_angular_controller-1] [INFO] [1790682968.644670431] [depth_angular_controller]: TARGET_HOLD
[depth_angular_controller-1] [INFO] [1790682968.668258775] [depth_angular_controller]: STATE_OUTSIDE_FREE_DOMAIN
[depth_angular_controller-1] [INFO] [1790682968.751733187] [depth_angular_controller]: TARGET_HOLD
[depth_angular_controller-1] [INFO] [1790682968.918498598] [depth_angular_controller]: 3D guidance switched to view 1
[depth_angular_controller-1] [INFO] [1790682968.953823727] [depth_angular_controller]: REFERENCE_INITIALIZATION
[depth_angular_controller-1] [INFO] [1790682969.000698669] [depth_angular_controller]: TARGET_HOLD
[depth_angular_controller-1] [INFO] [1790682969.052858680] [depth_angular_controller]: 3D guidance switched to view 0
[depth_angular_controller-1] [INFO] [1790682969.069352511] [depth_angular_controller]: TRACKING
[depth_angular_controller-1] [INFO] [1790682969.096905034] [depth_angular_controller]: TARGET_HOLD
[depth_angular_controller-1] [INFO] [1790682969.121990668] [depth_angular_controller]: TRACKING
[depth_angular_controller-1] [INFO] [1790682969.182443870] [depth_angular_controller]: OUTSIDE_FLOW_BOX
[depth_angular_controller-1] [INFO] [1790682969.201194647] [depth_angular_controller]: TRACKING
[depth_angular_controller-1] [INFO] [1790682969.353083131] [depth_angular_controller]: OUTSIDE_FLOW_BOX
[depth_angular_controller-1] [INFO] [1790682969.353119890] [depth_angular_controller]: PAPER_BUILD reason=READY required=0.0813 best=8.0717 free=75 refined=0 tubes=49 revoked_tubes=0 proofs=128
[depth_angular_controller-1] [INFO] [1790682969.353130480] [depth_angular_controller]: PAPER_EVIDENCE retained=32 balls=32 revoked_balls=0 expired_views=0 evicted_views=35 radius=0.580 clearance=0.000 best_prefix=8.072
[depth_angular_controller-1] [INFO] [1790682969.376876510] [depth_angular_controller]: TARGET_HOLD
[depth_angular_controller-1] [INFO] [1790682969.469123575] [depth_angular_controller]: OUTSIDE_FLOW_BOX
[depth_angular_controller-1] [INFO] [1790682969.497767927] [depth_angular_controller]: TARGET_HOLD
[depth_angular_controller-1] [INFO] [1790682969.934837222] [depth_angular_controller]: CERTIFIED_DIRECT
[depth_angular_controller-1] [INFO] [1790682970.315438383] [depth_angular_controller]: PAPER_BUILD reason=CERTIFIED_INTENT_CORRIDOR required=0.3731 best=1.4231 free=0 refined=0 tubes=51 revoked_tubes=0 proofs=128
[depth_angular_controller-1] [INFO] [1790682970.315892144] [depth_angular_controller]: PAPER_EVIDENCE retained=32 balls=32 revoked_balls=0 expired_views=0 evicted_views=39 radius=0.580 clearance=1.423 best_prefix=8.072
[depth_angular_controller-1] [INFO] [1790682971.276156783] [depth_angular_controller]: PAPER_BUILD reason=CERTIFIED_INTENT_CORRIDOR required=1.8443 best=2.8943 free=0 refined=0 tubes=54 revoked_tubes=0 proofs=128
[depth_angular_controller-1] [INFO] [1790682971.276202359] [depth_angular_controller]: PAPER_EVIDENCE retained=32 balls=32 revoked_balls=0 expired_views=0 evicted_views=43 radius=0.580 clearance=2.894 best_prefix=8.072
[depth_angular_controller-1] [INFO] [1790682971.430229836] [depth_angular_controller]: COMPUTE_DEADLINE
[depth_angular_controller-1] [INFO] [1790682971.721599782] [depth_angular_controller]: OUTSIDE_FLOW_BOX
[depth_angular_controller-1] [INFO] [1790682972.003386444] [depth_angular_controller]: INTENT_DIRECT
[depth_angular_controller-1] [INFO] [1790682972.378423143] [depth_angular_controller]: PAPER_BUILD reason=READY required=0.5935 best=8.0717 free=352 refined=0 tubes=57 revoked_tubes=0 proofs=128
[depth_angular_controller-1] [INFO] [1790682972.378484608] [depth_angular_controller]: PAPER_EVIDENCE retained=32 balls=32 revoked_balls=0 expired_views=0 evicted_views=47 radius=0.580 clearance=0.500 best_prefix=8.072
[depth_angular_controller-1] [INFO] [1790682972.873658900] [depth_angular_controller]: [PERF CTRL] run=iteration3_ego1p1_1 elapsed=43.89s callbacks=1377 commands=1376 guidance=1276 command_fps(ros/wall)=46.58/45.73 guidance_wall_fps=44.97 avoid_ms(mean/p50/p95/max)=2.552/0.313/12.534/106.664 cycle_ms(mean/p95/max)=21.865/41.469/125.194 depth_to_cmd_ms(mean/p95/max)=28.370/33.333/50.000 callback_to_publish_ms(mean/p95/max)=14.932/27.554/125.120
[depth_angular_controller-1] [INFO] [1790682972.874137428] [depth_angular_controller]: OUTSIDE_FLOW_BOX
[depth_angular_controller-1] [INFO] [1790682972.888213512] [depth_angular_controller]: INTENT_DIRECT
[depth_angular_controller-1] [INFO] [1790682973.006443564] [depth_angular_controller]: OUTSIDE_FLOW_BOX
[depth_angular_controller-1] [INFO] [1790682973.020971046] [depth_angular_controller]: INTENT_DIRECT
[position_cmd_to_twist-2] [INFO] [1790682973.217468921] [position_cmd_to_twist]: [PERF BRIDGE] run=iteration3_ego1p1_1 elapsed=44.13s received=1390 published=1387 fps(ros/wall)=46.51/45.64 controller_to_bridge_ms(mean/p50/p95/max)=9.640/0.000/33.333/133.333 bridge_process_ms(mean/p95/max)=0.108/0.137/1.214
[NAV] t=30.0s position=(-48.48,-8.16,2.71) yaw=9.8deg command=(0.37,0.06,0.00) manual_active=1 collision_blocks=0
[depth_angular_controller-1] [INFO] [1790682973.471299252] [depth_angular_controller]: PAPER_BUILD reason=READY required=0.1417 best=8.0717 free=352 refined=0 tubes=58 revoked_tubes=0 proofs=128
[depth_angular_controller-1] [INFO] [1790682973.471341591] [depth_angular_controller]: PAPER_EVIDENCE retained=32 balls=32 revoked_balls=0 expired_views=0 evicted_views=51 radius=0.580 clearance=0.500 best_prefix=8.072
[depth_angular_controller-1] [INFO] [1790682973.969958503] [depth_angular_controller]: OUTSIDE_FLOW_BOX
[depth_angular_controller-1] [INFO] [1790682973.985716112] [depth_angular_controller]: INTENT_DIRECT
[depth_angular_controller-1] [INFO] [1790682974.085143772] [depth_angular_controller]: OUTSIDE_FLOW_BOX
[depth_angular_controller-1] [INFO] [1790682974.103574167] [depth_angular_controller]: INTENT_DIRECT
[depth_angular_controller-1] [INFO] [1790682974.461232064] [depth_angular_controller]: OUTSIDE_FLOW_BOX
[depth_angular_controller-1] [INFO] [1790682974.478392446] [depth_angular_controller]: INTENT_DIRECT
[depth_angular_controller-1] [INFO] [1790682974.567572075] [depth_angular_controller]: OUTSIDE_FLOW_BOX
[depth_angular_controller-1] [INFO] [1790682974.567607241] [depth_angular_controller]: PAPER_BUILD reason=READY required=0.1156 best=8.0717 free=290 refined=0 tubes=59 revoked_tubes=0 proofs=128
[depth_angular_controller-1] [INFO] [1790682974.567617790] [depth_angular_controller]: PAPER_EVIDENCE retained=32 balls=32 revoked_balls=0 expired_views=0 evicted_views=55 radius=0.580 clearance=0.000 best_prefix=8.072
[depth_angular_controller-1] [INFO] [1790682974.584237738] [depth_angular_controller]: INTENT_DIRECT
[depth_angular_controller-1] [INFO] [1790682974.684549928] [depth_angular_controller]: OUTSIDE_FLOW_BOX
[depth_angular_controller-1] [INFO] [1790682974.700532399] [depth_angular_controller]: INTENT_DIRECT
[depth_angular_controller-1] [INFO] [1790682975.169108468] [depth_angular_controller]: OUTSIDE_FLOW_BOX
[depth_angular_controller-1] [INFO] [1790682975.187141918] [depth_angular_controller]: INTENT_DIRECT
[depth_angular_controller-1] [INFO] [1790682975.279752746] [depth_angular_controller]: OUTSIDE_FLOW_BOX
[depth_angular_controller-1] [INFO] [1790682975.298949950] [depth_angular_controller]: INTENT_DIRECT
[depth_angular_controller-1] [INFO] [1790682975.500916467] [depth_angular_controller]: OUTSIDE_FLOW_BOX
[depth_angular_controller-1] [INFO] [1790682975.518460799] [depth_angular_controller]: INTENT_DIRECT
[depth_angular_controller-1] [INFO] [1790682975.619295800] [depth_angular_controller]: OUTSIDE_FLOW_BOX
[depth_angular_controller-1] [INFO] [1790682975.619332659] [depth_angular_controller]: PAPER_BUILD reason=READY required=0.0455 best=8.0717 free=237 refined=0 tubes=60 revoked_tubes=0 proofs=128
[depth_angular_controller-1] [INFO] [1790682975.619343719] [depth_angular_controller]: PAPER_EVIDENCE retained=32 balls=32 revoked_balls=0 expired_views=0 evicted_views=59 radius=0.580 clearance=0.000 best_prefix=8.072
[depth_angular_controller-1] [INFO] [1790682975.636673550] [depth_angular_controller]: INTENT_DIRECT
[depth_angular_controller-1] [INFO] [1790682975.807052862] [depth_angular_controller]: OUTSIDE_FLOW_BOX
[depth_angular_controller-1] [INFO] [1790682975.829785010] [depth_angular_controller]: INTENT_DIRECT
[depth_angular_controller-1] [INFO] [1790682975.904896218] [depth_angular_controller]: OUTSIDE_FLOW_BOX
[depth_angular_controller-1] [INFO] [1790682976.000671414] [depth_angular_controller]: INTENT_DIRECT
[depth_angular_controller-1] [INFO] [1790682976.073091803] [depth_angular_controller]: TARGET_HOLD
[depth_angular_controller-1] [INFO] [1790682976.216522506] [depth_angular_controller]: OUTSIDE_FLOW_BOX
[depth_angular_controller-1] [INFO] [1790682976.230718164] [depth_angular_controller]: TARGET_HOLD
[depth_angular_controller-1] [INFO] [1790682976.373441519] [depth_angular_controller]: OUTSIDE_FLOW_BOX
[depth_angular_controller-1] [INFO] [1790682976.388687359] [depth_angular_controller]: STATE_OUTSIDE_FREE_DOMAIN
[depth_angular_controller-1] [INFO] [1790682976.468465956] [depth_angular_controller]: OUTSIDE_FLOW_BOX
[depth_angular_controller-1] [INFO] [1790682976.483136446] [depth_angular_controller]: REFERENCE_INITIALIZATION
[depth_angular_controller-1] [INFO] [1790682976.498586398] [depth_angular_controller]: TARGET_HOLD
[depth_angular_controller-1] [INFO] [1790682976.617570175] [depth_angular_controller]: 3D guidance switched to view 3
[depth_angular_controller-1] [INFO] [1790682976.618390104] [depth_angular_controller]: PAPER_BUILD reason=READY required=0.0100 best=8.0717 free=61 refined=0 tubes=61 revoked_tubes=0 proofs=128
[depth_angular_controller-1] [INFO] [1790682976.618577495] [depth_angular_controller]: PAPER_EVIDENCE retained=32 balls=32 revoked_balls=0 expired_views=0 evicted_views=59 radius=0.580 clearance=0.500 best_prefix=8.072
[depth_angular_controller-1] [INFO] [1790682976.653476995] [depth_angular_controller]: SINGULAR_FIELD
[depth_angular_controller-1] [INFO] [1790682976.667472589] [depth_angular_controller]: STATE_OUTSIDE_FREE_DOMAIN
[depth_angular_controller-1] [INFO] [1790682976.793950539] [depth_angular_controller]: 3D guidance switched to view 0
[depth_angular_controller-1] [INFO] [1790682976.815030145] [depth_angular_controller]: TARGET_HOLD
[depth_angular_controller-1] [INFO] [1790682976.943342267] [depth_angular_controller]: 3D guidance switched to view 3
[depth_angular_controller-1] [INFO] [1790682977.028868931] [depth_angular_controller]: OUTSIDE_FLOW_BOX
[depth_angular_controller-1] [INFO] [1790682977.046176509] [depth_angular_controller]: STATE_OUTSIDE_FREE_DOMAIN
[depth_angular_controller-1] [INFO] [1790682977.157470115] [depth_angular_controller]: OUTSIDE_FLOW_BOX
[depth_angular_controller-1] [INFO] [1790682977.176187048] [depth_angular_controller]: 3D guidance switched to view 0
[depth_angular_controller-1] [INFO] [1790682977.176710120] [depth_angular_controller]: TARGET_HOLD
[depth_angular_controller-1] [INFO] [1790682977.287148571] [depth_angular_controller]: STATE_OUTSIDE_FREE_DOMAIN
[depth_angular_controller-1] [INFO] [1790682977.295693095] [depth_angular_controller]: TARGET_HOLD
[depth_angular_controller-1] [INFO] [1790682977.335307513] [depth_angular_controller]: OUTSIDE_FLOW_BOX
[depth_angular_controller-1] [INFO] [1790682977.351384182] [depth_angular_controller]: TARGET_HOLD
[depth_angular_controller-1] [INFO] [1790682977.361046153] [depth_angular_controller]: 3D guidance switched to view 3
[depth_angular_controller-1] [INFO] [1790682977.381289811] [depth_angular_controller]: 3D guidance switched to view 0
[depth_angular_controller-1] [INFO] [1790682977.474096566] [depth_angular_controller]: 3D guidance switched to view 3
[depth_angular_controller-1] [INFO] [1790682977.656124177] [depth_angular_controller]: OUTSIDE_FLOW_BOX
[depth_angular_controller-1] [INFO] [1790682977.656160465] [depth_angular_controller]: PAPER_BUILD reason=READY required=0.0432 best=2.0217 free=111 refined=0 tubes=61 revoked_tubes=0 proofs=128
[depth_angular_controller-1] [INFO] [1790682977.656171626] [depth_angular_controller]: PAPER_EVIDENCE retained=32 balls=32 revoked_balls=0 expired_views=0 evicted_views=59 radius=0.580 clearance=0.000 best_prefix=2.022
[depth_angular_controller-1] [INFO] [1790682977.670369458] [depth_angular_controller]: TRACKING
[depth_angular_controller-1] [INFO] [1790682977.770785102] [depth_angular_controller]: OUTSIDE_FLOW_BOX
[depth_angular_controller-1] [INFO] [1790682977.785836927] [depth_angular_controller]: TARGET_HOLD
[depth_angular_controller-1] [INFO] [1790682977.878285920] [depth_angular_controller]: [PERF CTRL] run=iteration3_ego1p1_1 elapsed=48.90s callbacks=1577 commands=1576 guidance=1476 command_fps(ros/wall)=45.85/44.91 guidance_wall_fps=44.22 avoid_ms(mean/p50/p95/max)=3.220/0.336/17.686/106.664 cycle_ms(mean/p95/max)=22.266/46.604/125.194 depth_to_cmd_ms(mean/p95/max)=27.620/33.333/50.000 callback_to_publish_ms(mean/p95/max)=15.805/34.919/125.120
[depth_angular_controller-1] [INFO] [1790682977.878340763] [depth_angular_controller]: OUTSIDE_FLOW_BOX
[depth_angular_controller-1] [INFO] [1790682977.889251858] [depth_angular_controller]: TRACKING
[depth_angular_controller-1] [INFO] [1790682978.016621532] [depth_angular_controller]: OUTSIDE_FLOW_BOX
[depth_angular_controller-1] [INFO] [1790682978.033047696] [depth_angular_controller]: TRACKING
[depth_angular_controller-1] [INFO] [1790682978.115923586] [depth_angular_controller]: OUTSIDE_FLOW_BOX
[depth_angular_controller-1] [INFO] [1790682978.133155732] [depth_angular_controller]: TARGET_HOLD
[depth_angular_controller-1] [INFO] [1790682978.232112738] [depth_angular_controller]: OUTSIDE_FLOW_BOX
[depth_angular_controller-1] [INFO] [1790682978.250293235] [depth_angular_controller]: TRACKING
[depth_angular_controller-1] [INFO] [1790682978.331398021] [depth_angular_controller]: OUTSIDE_FLOW_BOX
[depth_angular_controller-1] [INFO] [1790682978.350477143] [depth_angular_controller]: STATE_OUTSIDE_FREE_DOMAIN
[depth_angular_controller-1] [INFO] [1790682978.387063549] [depth_angular_controller]: 3D guidance switched to view 0
[depth_angular_controller-1] [INFO] [1790682978.387316293] [depth_angular_controller]: TARGET_HOLD
[position_cmd_to_twist-2] [INFO] [1790682978.425046475] [position_cmd_to_twist]: [PERF BRIDGE] run=iteration3_ego1p1_1 elapsed=49.34s received=1596 published=1593 fps(ros/wall)=45.75/44.71 controller_to_bridge_ms(mean/p50/p95/max)=10.923/0.000/33.333/133.333 bridge_process_ms(mean/p95/max)=0.109/0.139/1.214
[NAV] t=35.0s position=(-47.55,-8.09,2.62) yaw=9.8deg command=(0.02,-0.02,-0.02) manual_active=1 collision_blocks=0
[depth_angular_controller-1] [INFO] [1790682978.552324396] [depth_angular_controller]: 3D guidance switched to view 3
[depth_angular_controller-1] [INFO] [1790682978.648364278] [depth_angular_controller]: OUTSIDE_FLOW_BOX
[depth_angular_controller-1] [INFO] [1790682978.667555000] [depth_angular_controller]: TARGET_HOLD
[depth_angular_controller-1] [INFO] [1790682978.667589736] [depth_angular_controller]: PAPER_BUILD reason=READY required=0.0274 best=2.0217 free=97 refined=0 tubes=62 revoked_tubes=0 proofs=128
[depth_angular_controller-1] [INFO] [1790682978.667599754] [depth_angular_controller]: PAPER_EVIDENCE retained=32 balls=32 revoked_balls=0 expired_views=0 evicted_views=59 radius=0.580 clearance=0.500 best_prefix=2.022
[depth_angular_controller-1] [INFO] [1790682978.746009473] [depth_angular_controller]: OUTSIDE_FLOW_BOX
[depth_angular_controller-1] [INFO] [1790682978.766084054] [depth_angular_controller]: TARGET_HOLD
[depth_angular_controller-1] [INFO] [1790682978.864824513] [depth_angular_controller]: OUTSIDE_FLOW_BOX
[depth_angular_controller-1] [INFO] [1790682978.883988906] [depth_angular_controller]: 3D guidance switched to view 0
[depth_angular_controller-1] [INFO] [1790682978.884272979] [depth_angular_controller]: TRACKING
[depth_angular_controller-1] [INFO] [1790682978.958927050] [depth_angular_controller]: OUTSIDE_FLOW_BOX
[depth_angular_controller-1] [INFO] [1790682978.980612533] [depth_angular_controller]: TRACKING
[depth_angular_controller-1] [INFO] [1790682979.042424175] [depth_angular_controller]: 3D guidance switched to view 3
[depth_angular_controller-1] [INFO] [1790682979.069067121] [depth_angular_controller]: SINGULAR_FIELD
[depth_angular_controller-1] [INFO] [1790682979.092096427] [depth_angular_controller]: REFERENCE_INITIALIZATION
[depth_angular_controller-1] [INFO] [1790682979.156704055] [depth_angular_controller]: OUTSIDE_FLOW_BOX
[depth_angular_controller-1] [INFO] [1790682979.181482082] [depth_angular_controller]: TARGET_HOLD
[depth_angular_controller-1] [INFO] [1790682979.203084409] [depth_angular_controller]: 3D guidance switched to view 0
[depth_angular_controller-1] [INFO] [1790682979.311183571] [depth_angular_controller]: STATE_OUTSIDE_FREE_DOMAIN
[depth_angular_controller-1] [INFO] [1790682979.375760191] [depth_angular_controller]: OUTSIDE_FLOW_BOX
[depth_angular_controller-1] [INFO] [1790682979.398234545] [depth_angular_controller]: TARGET_HOLD
[depth_angular_controller-1] [INFO] [1790682979.534250985] [depth_angular_controller]: STATE_OUTSIDE_FREE_DOMAIN
[depth_angular_controller-1] [INFO] [1790682979.609704576] [depth_angular_controller]: OUTSIDE_FLOW_BOX
[depth_angular_controller-1] [INFO] [1790682979.631995866] [depth_angular_controller]: TARGET_HOLD
[depth_angular_controller-1] [INFO] [1790682979.632027015] [depth_angular_controller]: PAPER_BUILD reason=READY required=0.0185 best=4.0383 free=98 refined=0 tubes=62 revoked_tubes=0 proofs=128
[depth_angular_controller-1] [INFO] [1790682979.632037715] [depth_angular_controller]: PAPER_EVIDENCE retained=32 balls=32 revoked_balls=0 expired_views=0 evicted_views=63 radius=0.580 clearance=0.500 best_prefix=4.038
[depth_angular_controller-1] [INFO] [1790682979.744346265] [depth_angular_controller]: STATE_OUTSIDE_FREE_DOMAIN
[depth_angular_controller-1] [INFO] [1790682979.769598252] [depth_angular_controller]: TARGET_HOLD
[depth_angular_controller-1] [INFO] [1790682979.928132807] [depth_angular_controller]: 3D guidance switched to view 3
[depth_angular_controller-1] [INFO] [1790682980.021415245] [depth_angular_controller]: OUTSIDE_FLOW_BOX
[depth_angular_controller-1] [INFO] [1790682980.045917955] [depth_angular_controller]: TARGET_HOLD
[depth_angular_controller-1] [INFO] [1790682980.153297216] [depth_angular_controller]: OUTSIDE_FLOW_BOX
[depth_angular_controller-1] [INFO] [1790682980.179277619] [depth_angular_controller]: TARGET_HOLD
[depth_angular_controller-1] [INFO] [1790682980.255601363] [depth_angular_controller]: SINGULAR_FIELD
[depth_angular_controller-1] [INFO] [1790682980.279480874] [depth_angular_controller]: 3D guidance switched to view 0
[depth_angular_controller-1] [INFO] [1790682980.389445927] [depth_angular_controller]: TARGET_HOLD
[depth_angular_controller-1] [INFO] [1790682980.538837555] [depth_angular_controller]: OUTSIDE_FLOW_BOX
[depth_angular_controller-1] [INFO] [1790682980.565849153] [depth_angular_controller]: TARGET_HOLD
[depth_angular_controller-1] [INFO] [1790682980.565884510] [depth_angular_controller]: PAPER_BUILD reason=READY required=0.0123 best=8.0717 free=103 refined=0 tubes=62 revoked_tubes=0 proofs=128
[depth_angular_controller-1] [INFO] [1790682980.565896031] [depth_angular_controller]: PAPER_EVIDENCE retained=32 balls=32 revoked_balls=0 expired_views=0 evicted_views=63 radius=0.580 clearance=0.500 best_prefix=8.072
[depth_angular_controller-1] [INFO] [1790682980.650524770] [depth_angular_controller]: SINGULAR_FIELD
[depth_angular_controller-1] [INFO] [1790682980.676213626] [depth_angular_controller]: STATE_OUTSIDE_FREE_DOMAIN
[depth_angular_controller-1] [INFO] [1790682980.732785325] [depth_angular_controller]: OUTSIDE_FLOW_BOX
[depth_angular_controller-1] [INFO] [1790682980.758778802] [depth_angular_controller]: TARGET_HOLD
[depth_angular_controller-1] [INFO] [1790682980.914365556] [depth_angular_controller]: 3D guidance switched to view 3
[depth_angular_controller-1] [INFO] [1790682980.949918893] [depth_angular_controller]: OUTSIDE_FLOW_BOX
[depth_angular_controller-1] [INFO] [1790682980.978042558] [depth_angular_controller]: TARGET_HOLD
[depth_angular_controller-1] [INFO] [1790682981.054676224] [depth_angular_controller]: OUTSIDE_FLOW_BOX
[depth_angular_controller-1] [INFO] [1790682981.081944644] [depth_angular_controller]: TARGET_HOLD
[depth_angular_controller-1] [INFO] [1790682981.116047990] [depth_angular_controller]: 3D guidance switched to view 0
[depth_angular_controller-1] [INFO] [1790682981.163979986] [depth_angular_controller]: SINGULAR_FIELD
[depth_angular_controller-1] [INFO] [1790682981.267506828] [depth_angular_controller]: TARGET_HOLD
[depth_angular_controller-1] [INFO] [1790682981.402470872] [depth_angular_controller]: 3D guidance switched to view 3
[depth_angular_controller-1] [INFO] [1790682981.485717197] [depth_angular_controller]: OUTSIDE_FLOW_BOX
[depth_angular_controller-1] [INFO] [1790682981.514249458] [depth_angular_controller]: STATE_OUTSIDE_FREE_DOMAIN
[depth_angular_controller-1] [INFO] [1790682981.514284384] [depth_angular_controller]: PAPER_BUILD reason=READY required=0.0231 best=4.0383 free=77 refined=0 tubes=63 revoked_tubes=0 proofs=128
[depth_angular_controller-1] [INFO] [1790682981.514293331] [depth_angular_controller]: PAPER_EVIDENCE retained=32 balls=32 revoked_balls=0 expired_views=0 evicted_views=63 radius=0.580 clearance=0.000 best_prefix=4.038
[depth_angular_controller-1] [INFO] [1790682981.592821061] [depth_angular_controller]: OUTSIDE_FLOW_BOX
[depth_angular_controller-1] [INFO] [1790682981.620664159] [depth_angular_controller]: 3D guidance switched to view 0
[depth_angular_controller-1] [INFO] [1790682981.620966096] [depth_angular_controller]: TARGET_HOLD
[depth_angular_controller-1] [INFO] [1790682981.758078251] [depth_angular_controller]: STATE_OUTSIDE_FREE_DOMAIN
[depth_angular_controller-1] [INFO] [1790682981.813983269] [depth_angular_controller]: OUTSIDE_FLOW_BOX
[depth_angular_controller-1] [INFO] [1790682981.841064067] [depth_angular_controller]: SINGULAR_FIELD
[depth_angular_controller-1] [INFO] [1790682981.923153831] [depth_angular_controller]: TARGET_HOLD
[depth_angular_controller-1] [INFO] [1790682982.061396668] [depth_angular_controller]: 3D guidance switched to view 3
[depth_angular_controller-1] [INFO] [1790682982.139379656] [depth_angular_controller]: OUTSIDE_FLOW_BOX
[depth_angular_controller-1] [INFO] [1790682982.170730607] [depth_angular_controller]: STATE_OUTSIDE_FREE_DOMAIN
[depth_angular_controller-1] [INFO] [1790682982.267194174] [depth_angular_controller]: OUTSIDE_FLOW_BOX
[depth_angular_controller-1] [INFO] [1790682982.299594765] [depth_angular_controller]: 3D guidance switched to view 0
[depth_angular_controller-1] [INFO] [1790682982.299927099] [depth_angular_controller]: TARGET_HOLD
[depth_angular_controller-1] [INFO] [1790682982.471882269] [depth_angular_controller]: OUTSIDE_FLOW_BOX
[depth_angular_controller-1] [INFO] [1790682982.471918507] [depth_angular_controller]: PAPER_BUILD reason=READY required=0.0154 best=4.0383 free=75 refined=0 tubes=63 revoked_tubes=0 proofs=128
[depth_angular_controller-1] [INFO] [1790682982.471928746] [depth_angular_controller]: PAPER_EVIDENCE retained=32 balls=32 revoked_balls=0 expired_views=0 evicted_views=63 radius=0.580 clearance=0.000 best_prefix=4.038
[depth_angular_controller-1] [INFO] [1790682982.501434013] [depth_angular_controller]: 3D guidance switched to view 3
[depth_angular_controller-1] [INFO] [1790682982.501815269] [depth_angular_controller]: TARGET_HOLD
[depth_angular_controller-1] [INFO] [1790682982.547818145] [depth_angular_controller]: OUTSIDE_FLOW_BOX
[depth_angular_controller-1] [INFO] [1790682982.580424832] [depth_angular_controller]: TARGET_HOLD
[depth_angular_controller-1] [INFO] [1790682982.610755980] [depth_angular_controller]: 3D guidance switched to view 0
[depth_angular_controller-1] [INFO] [1790682982.678034851] [depth_angular_controller]: OUTSIDE_FLOW_BOX
[depth_angular_controller-1] [INFO] [1790682982.710656486] [depth_angular_controller]: TARGET_HOLD
[depth_angular_controller-1] [INFO] [1790682982.770451744] [depth_angular_controller]: OUTSIDE_FLOW_BOX
[depth_angular_controller-1] [INFO] [1790682982.802629226] [depth_angular_controller]: TRACKING
[depth_angular_controller-1] [INFO] [1790682982.852699164] [depth_angular_controller]: TARGET_HOLD
[depth_angular_controller-1] [INFO] [1790682982.887259638] [depth_angular_controller]: [PERF CTRL] run=iteration3_ego1p1_1 elapsed=53.91s callbacks=1733 commands=1732 guidance=1632 command_fps(ros/wall)=43.64/43.19 guidance_wall_fps=42.51 avoid_ms(mean/p50/p95/max)=3.593/0.313/21.442/106.664 cycle_ms(mean/p95/max)=23.153/50.306/125.194 depth_to_cmd_ms(mean/p95/max)=26.818/33.333/50.000 callback_to_publish_ms(mean/p95/max)=17.179/40.538/125.120
[depth_angular_controller-1] [INFO] [1790682982.975281033] [depth_angular_controller]: OUTSIDE_FLOW_BOX
[depth_angular_controller-1] [INFO] [1790682982.996783764] [depth_angular_controller]: 3D guidance switched to view 3
[depth_angular_controller-1] [INFO] [1790682982.997024566] [depth_angular_controller]: TARGET_HOLD
[depth_angular_controller-1] [INFO] [1790682983.196993324] [depth_angular_controller]: OUTSIDE_FLOW_BOX
[position_cmd_to_twist-2] [INFO] [1790682983.204821794] [position_cmd_to_twist]: [PERF BRIDGE] run=iteration3_ego1p1_1 elapsed=54.12s received=1737 published=1734 fps(ros/wall)=43.56/42.91 controller_to_bridge_ms(mean/p50/p95/max)=12.905/16.667/33.333/133.333 bridge_process_ms(mean/p95/max)=0.110/0.141/1.214
[depth_angular_controller-1] [INFO] [1790682983.228943199] [depth_angular_controller]: 3D guidance switched to view 0
[depth_angular_controller-1] [INFO] [1790682983.229264412] [depth_angular_controller]: TARGET_HOLD
[NAV] t=40.0s position=(-47.40,-8.19,2.46) yaw=9.9deg command=(0.02,-0.01,-0.02) manual_active=1 collision_blocks=0
[depth_angular_controller-1] [INFO] [1790682983.339960096] [depth_angular_controller]: STATE_OUTSIDE_FREE_DOMAIN
[depth_angular_controller-1] [INFO] [1790682983.433070060] [depth_angular_controller]: OUTSIDE_FLOW_BOX
[depth_angular_controller-1] [INFO] [1790682983.464253767] [depth_angular_controller]: REFERENCE_INITIALIZATION
[depth_angular_controller-1] [INFO] [1790682983.516396044] [depth_angular_controller]: TARGET_HOLD
[depth_angular_controller-1] [INFO] [1790682983.516432773] [depth_angular_controller]: PAPER_BUILD reason=READY required=0.0100 best=8.0717 free=60 refined=0 tubes=63 revoked_tubes=0 proofs=128
[depth_angular_controller-1] [INFO] [1790682983.516442571] [depth_angular_controller]: PAPER_EVIDENCE retained=32 balls=32 revoked_balls=0 expired_views=0 evicted_views=63 radius=0.580 clearance=0.500 best_prefix=8.072
[depth_angular_controller-1] [INFO] [1790682983.583458669] [depth_angular_controller]: 3D guidance switched to view 3
[depth_angular_controller-1] [INFO] [1790682983.728399946] [depth_angular_controller]: OUTSIDE_FLOW_BOX
[depth_angular_controller-1] [INFO] [1790682983.759532848] [depth_angular_controller]: STATE_OUTSIDE_FREE_DOMAIN
[depth_angular_controller-1] [INFO] [1790682983.844491957] [depth_angular_controller]: OUTSIDE_FLOW_BOX
[depth_angular_controller-1] [INFO] [1790682983.905242367] [depth_angular_controller]: 3D guidance switched to view 0
[depth_angular_controller-1] [INFO] [1790682983.923538540] [depth_angular_controller]: TARGET_HOLD
[depth_angular_controller-1] [INFO] [1790682984.066644293] [depth_angular_controller]: 3D guidance switched to view 3
[depth_angular_controller-1] [INFO] [1790682984.156960074] [depth_angular_controller]: OUTSIDE_FLOW_BOX
[depth_angular_controller-1] [INFO] [1790682984.188722858] [depth_angular_controller]: STATE_OUTSIDE_FREE_DOMAIN
[depth_angular_controller-1] [INFO] [1790682984.273171248] [depth_angular_controller]: OUTSIDE_FLOW_BOX
[depth_angular_controller-1] [INFO] [1790682984.303878491] [depth_angular_controller]: 3D guidance switched to view 0
[depth_angular_controller-1] [INFO] [1790682984.304590958] [depth_angular_controller]: TARGET_HOLD
[depth_angular_controller-1] [INFO] [1790682984.448861807] [depth_angular_controller]: STATE_OUTSIDE_FREE_DOMAIN
[depth_angular_controller-1] [INFO] [1790682984.448898316] [depth_angular_controller]: PAPER_BUILD reason=READY required=0.0100 best=4.0383 free=59 refined=0 tubes=63 revoked_tubes=0 proofs=128
[depth_angular_controller-1] [INFO] [1790682984.448907703] [depth_angular_controller]: PAPER_EVIDENCE retained=32 balls=32 revoked_balls=0 expired_views=0 evicted_views=67 radius=0.580 clearance=0.000 best_prefix=4.038
[depth_angular_controller-1] [INFO] [1790682984.503006852] [depth_angular_controller]: OUTSIDE_FLOW_BOX
[depth_angular_controller-1] [INFO] [1790682984.533926754] [depth_angular_controller]: 3D guidance switched to view 3
[depth_angular_controller-1] [INFO] [1790682984.534250722] [depth_angular_controller]: TARGET_HOLD
[depth_angular_controller-1] [INFO] [1790682984.567009375] [depth_angular_controller]: 3D guidance switched to view 0
[depth_angular_controller-1] [INFO] [1790682984.683108349] [depth_angular_controller]: STATE_OUTSIDE_FREE_DOMAIN
[depth_angular_controller-1] [INFO] [1790682984.729010345] [depth_angular_controller]: OUTSIDE_FLOW_BOX
[depth_angular_controller-1] [INFO] [1790682984.761411818] [depth_angular_controller]: TARGET_HOLD
[depth_angular_controller-1] [INFO] [1790682984.909818207] [depth_angular_controller]: 3D guidance switched to view 3
[depth_angular_controller-1] [INFO] [1790682984.931286954] [depth_angular_controller]: OUTSIDE_FLOW_BOX
[depth_angular_controller-1] [INFO] [1790682984.963499041] [depth_angular_controller]: TARGET_HOLD
[depth_angular_controller-1] [INFO] [1790682985.042366699] [depth_angular_controller]: OUTSIDE_FLOW_BOX
[depth_angular_controller-1] [INFO] [1790682985.074234240] [depth_angular_controller]: 3D guidance switched to view 0
[depth_angular_controller-1] [INFO] [1790682985.074517030] [depth_angular_controller]: TARGET_HOLD
[depth_angular_controller-1] [INFO] [1790682985.189804000] [depth_angular_controller]: STATE_OUTSIDE_FREE_DOMAIN
[depth_angular_controller-1] [INFO] [1790682985.249907346] [depth_angular_controller]: OUTSIDE_FLOW_BOX
[depth_angular_controller-1] [INFO] [1790682985.278577036] [depth_angular_controller]: TARGET_HOLD
[depth_angular_controller-1] [INFO] [1790682985.419775730] [depth_angular_controller]: 3D guidance switched to view 3
[depth_angular_controller-1] [INFO] [1790682985.439289197] [depth_angular_controller]: OUTSIDE_FLOW_BOX
[depth_angular_controller-1] [INFO] [1790682985.439322410] [depth_angular_controller]: PAPER_BUILD reason=READY required=0.0148 best=4.0383 free=62 refined=0 tubes=63 revoked_tubes=0 proofs=128
[depth_angular_controller-1] [INFO] [1790682985.439333320] [depth_angular_controller]: PAPER_EVIDENCE retained=32 balls=32 revoked_balls=0 expired_views=0 evicted_views=67 radius=0.580 clearance=0.000 best_prefix=4.038
[depth_angular_controller-1] [INFO] [1790682985.471722490] [depth_angular_controller]: TARGET_HOLD
[depth_angular_controller-1] [INFO] [1790682985.558262916] [depth_angular_controller]: OUTSIDE_FLOW_BOX
[depth_angular_controller-1] [INFO] [1790682985.588762649] [depth_angular_controller]: 3D guidance switched to view 0
[depth_angular_controller-1] [INFO] [1790682985.589107527] [depth_angular_controller]: TARGET_HOLD
[depth_angular_controller-1] [INFO] [1790682985.641753398] [depth_angular_controller]: OUTSIDE_FLOW_BOX
[depth_angular_controller-1] [INFO] [1790682985.673255533] [depth_angular_controller]: TARGET_HOLD
[depth_angular_controller-1] [INFO] [1790682985.846811577] [depth_angular_controller]: 3D guidance switched to view 3
[depth_angular_controller-1] [INFO] [1790682985.877504984] [depth_angular_controller]: OUTSIDE_FLOW_BOX
[depth_angular_controller-1] [INFO] [1790682985.910688404] [depth_angular_controller]: REFERENCE_INITIALIZATION
[depth_angular_controller-1] [INFO] [1790682985.974212840] [depth_angular_controller]: SINGULAR_FIELD
[depth_angular_controller-1] [INFO] [1790682986.006576942] [depth_angular_controller]: STATE_OUTSIDE_FREE_DOMAIN
[depth_angular_controller-1] [INFO] [1790682986.070204752] [depth_angular_controller]: 3D guidance switched to view 0
[depth_angular_controller-1] [INFO] [1790682986.090969207] [depth_angular_controller]: TARGET_HOLD
[depth_angular_controller-1] [INFO] [1790682986.304552954] [depth_angular_controller]: 3D guidance switched to view 3
[depth_angular_controller-1] [INFO] [1790682986.324416759] [depth_angular_controller]: OUTSIDE_FLOW_BOX
[depth_angular_controller-1] [INFO] [1790682986.354160133] [depth_angular_controller]: STATE_OUTSIDE_FREE_DOMAIN
[depth_angular_controller-1] [INFO] [1790682986.433956895] [depth_angular_controller]: OUTSIDE_FLOW_BOX
[depth_angular_controller-1] [INFO] [1790682986.433995527] [depth_angular_controller]: PAPER_BUILD reason=READY required=0.0236 best=4.0383 free=175 refined=0 tubes=64 revoked_tubes=0 proofs=128
[depth_angular_controller-1] [INFO] [1790682986.434035332] [depth_angular_controller]: PAPER_EVIDENCE retained=32 balls=32 revoked_balls=0 expired_views=0 evicted_views=67 radius=0.580 clearance=0.000 best_prefix=4.038
[depth_angular_controller-1] [INFO] [1790682986.464147969] [depth_angular_controller]: 3D guidance switched to view 0
[depth_angular_controller-1] [INFO] [1790682986.464522482] [depth_angular_controller]: REFERENCE_INITIALIZATION
[depth_angular_controller-1] [INFO] [1790682986.497419575] [depth_angular_controller]: TRACKING
[depth_angular_controller-1] [INFO] [1790682986.546225420] [depth_angular_controller]: TARGET_HOLD
[depth_angular_controller-1] [INFO] [1790682986.610605542] [depth_angular_controller]: 3D guidance switched to view 3
[depth_angular_controller-1] [INFO] [1790682986.610814284] [depth_angular_controller]: STATE_OUTSIDE_FREE_DOMAIN
[depth_angular_controller-1] [INFO] [1790682986.661303829] [depth_angular_controller]: OUTSIDE_FLOW_BOX
[depth_angular_controller-1] [INFO] [1790682986.683717178] [depth_angular_controller]: STATE_OUTSIDE_FREE_DOMAIN
[depth_angular_controller-1] [INFO] [1790682986.781255703] [depth_angular_controller]: 3D guidance switched to view 0
[depth_angular_controller-1] [INFO] [1790682986.781543603] [depth_angular_controller]: REFERENCE_INITIALIZATION
[depth_angular_controller-1] [INFO] [1790682986.833725925] [depth_angular_controller]: TARGET_HOLD
[depth_angular_controller-1] [INFO] [1790682986.937126309] [depth_angular_controller]: 3D guidance switched to view 3
[depth_angular_controller-1] [INFO] [1790682986.961428433] [depth_angular_controller]: SINGULAR_FIELD
[depth_angular_controller-1] [INFO] [1790682986.992943422] [depth_angular_controller]: STATE_OUTSIDE_FREE_DOMAIN
[depth_angular_controller-1] [INFO] [1790682987.055992586] [depth_angular_controller]: 3D guidance switched to view 0
[depth_angular_controller-1] [INFO] [1790682987.075127393] [depth_angular_controller]: TARGET_HOLD
[depth_angular_controller-1] [INFO] [1790682987.224105475] [depth_angular_controller]: 3D guidance switched to view 3
[depth_angular_controller-1] [INFO] [1790682987.278603993] [depth_angular_controller]: OUTSIDE_FLOW_BOX
[depth_angular_controller-1] [INFO] [1790682987.310120936] [depth_angular_controller]: STATE_OUTSIDE_FREE_DOMAIN
[depth_angular_controller-1] [INFO] [1790682987.359151153] [depth_angular_controller]: OUTSIDE_FLOW_BOX
[depth_angular_controller-1] [INFO] [1790682987.422018025] [depth_angular_controller]: PAPER_BUILD reason=READY required=0.0339 best=4.0383 free=174 refined=0 tubes=64 revoked_tubes=0 proofs=128
[depth_angular_controller-1] [INFO] [1790682987.422058000] [depth_angular_controller]: PAPER_EVIDENCE retained=32 balls=32 revoked_balls=0 expired_views=0 evicted_views=67 radius=0.580 clearance=0.000 best_prefix=4.038
[depth_angular_controller-1] [INFO] [1790682987.455023100] [depth_angular_controller]: 3D guidance switched to view 0
[depth_angular_controller-1] [INFO] [1790682987.471991161] [depth_angular_controller]: TARGET_HOLD
[depth_angular_controller-1] [INFO] [1790682987.620558953] [depth_angular_controller]: 3D guidance switched to view 3
[depth_angular_controller-1] [INFO] [1790682987.671925094] [depth_angular_controller]: OUTSIDE_FLOW_BOX
[depth_angular_controller-1] [INFO] [1790682987.702440757] [depth_angular_controller]: STATE_OUTSIDE_FREE_DOMAIN
[depth_angular_controller-1] [INFO] [1790682987.789999945] [depth_angular_controller]: OUTSIDE_FLOW_BOX
[depth_angular_controller-1] [INFO] [1790682987.826116309] [depth_angular_controller]: 3D guidance switched to view 0
[depth_angular_controller-1] [INFO] [1790682987.826424748] [depth_angular_controller]: REFERENCE_INITIALIZATION
[depth_angular_controller-1] [INFO] [1790682987.875974419] [depth_angular_controller]: TARGET_HOLD
[depth_angular_controller-1] [INFO] [1790682987.910661601] [depth_angular_controller]: [PERF CTRL] run=iteration3_ego1p1_1 elapsed=58.93s callbacks=1858 commands=1857 guidance=1757 command_fps(ros/wall)=41.43/41.15 guidance_wall_fps=40.47 avoid_ms(mean/p50/p95/max)=3.887/0.312/22.229/106.664 cycle_ms(mean/p95/max)=24.300/52.476/127.137 depth_to_cmd_ms(mean/p95/max)=26.247/33.333/50.000 callback_to_publish_ms(mean/p95/max)=18.601/47.230/125.120
[depth_angular_controller-1] [INFO] [1790682987.974930534] [depth_angular_controller]: 3D guidance switched to view 3
[position_cmd_to_twist-2] [INFO] [1790682987.975685460] [position_cmd_to_twist]: [PERF BRIDGE] run=iteration3_ego1p1_1 elapsed=58.89s received=1858 published=1855 fps(ros/wall)=41.42/41.08 controller_to_bridge_ms(mean/p50/p95/max)=14.729/16.667/50.000/133.333 bridge_process_ms(mean/p95/max)=0.111/0.143/1.214
[depth_angular_controller-1] [INFO] [1790682987.995022156] [depth_angular_controller]: SINGULAR_FIELD
[depth_angular_controller-1] [INFO] [1790682988.016467038] [depth_angular_controller]: STATE_OUTSIDE_FREE_DOMAIN
[NAV] t=45.0s position=(-47.29,-8.31,2.42) yaw=9.9deg command=(0.00,-0.00,0.00) manual_active=1 collision_blocks=0
[depth_angular_controller-1] [INFO] [1790682988.155632988] [depth_angular_controller]: 3D guidance switched to view 0
[depth_angular_controller-1] [INFO] [1790682988.170130453] [depth_angular_controller]: TARGET_HOLD
[depth_angular_controller-1] [INFO] [1790682988.435003356] [depth_angular_controller]: 3D guidance switched to view 3
[depth_angular_controller-1] [INFO] [1790682988.525188461] [depth_angular_controller]: SINGULAR_FIELD
[depth_angular_controller-1] [INFO] [1790682988.560621022] [depth_angular_controller]: STATE_OUTSIDE_FREE_DOMAIN
[depth_angular_controller-1] [INFO] [1790682988.560655757] [depth_angular_controller]: PAPER_BUILD reason=READY required=0.0223 best=4.0383 free=176 refined=0 tubes=64 revoked_tubes=0 proofs=128
[depth_angular_controller-1] [INFO] [1790682988.560694109] [depth_angular_controller]: PAPER_EVIDENCE retained=32 balls=32 revoked_balls=0 expired_views=0 evicted_views=67 radius=0.580 clearance=0.000 best_prefix=4.038
[depth_angular_controller-1] [INFO] [1790682988.653140237] [depth_angular_controller]: SINGULAR_FIELD
[depth_angular_controller-1] [INFO] [1790682988.688929928] [depth_angular_controller]: 3D guidance switched to view 0
[depth_angular_controller-1] [INFO] [1790682988.689237505] [depth_angular_controller]: REFERENCE_INITIALIZATION
[depth_angular_controller-1] [INFO] [1790682988.721742091] [depth_angular_controller]: TRACKING
[depth_angular_controller-1] [INFO] [1790682988.773552915] [depth_angular_controller]: TARGET_HOLD
[depth_angular_controller-1] [INFO] [1790682988.805472854] [depth_angular_controller]: 3D guidance switched to view 3
[depth_angular_controller-1] [INFO] [1790682988.805648844] [depth_angular_controller]: STATE_OUTSIDE_FREE_DOMAIN
[depth_angular_controller-1] [INFO] [1790682988.900244016] [depth_angular_controller]: OUTSIDE_FLOW_BOX
[depth_angular_controller-1] [INFO] [1790682988.935564866] [depth_angular_controller]: 3D guidance switched to view 0
[depth_angular_controller-1] [INFO] [1790682988.935921275] [depth_angular_controller]: REFERENCE_INITIALIZATION
[depth_angular_controller-1] [INFO] [1790682988.988175281] [depth_angular_controller]: TARGET_HOLD
[depth_angular_controller-1] [INFO] [1790682989.192613527] [depth_angular_controller]: 3D guidance switched to view 3
[depth_angular_controller-1] [INFO] [1790682989.254599065] [depth_angular_controller]: SINGULAR_FIELD
[depth_angular_controller-1] [INFO] [1790682989.287927587] [depth_angular_controller]: STATE_OUTSIDE_FREE_DOMAIN
[depth_angular_controller-1] [INFO] [1790682989.343499740] [depth_angular_controller]: SINGULAR_FIELD
[depth_angular_controller-1] [INFO] [1790682989.449762415] [depth_angular_controller]: 3D guidance switched to view 0
[depth_angular_controller-1] [INFO] [1790682989.484819030] [depth_angular_controller]: TARGET_HOLD
[depth_angular_controller-1] [INFO] [1790682989.610169194] [depth_angular_controller]: PAPER_BUILD reason=READY required=0.0103 best=8.0717 free=7 refined=0 tubes=65 revoked_tubes=0 proofs=128
[depth_angular_controller-1] [INFO] [1790682989.610209740] [depth_angular_controller]: PAPER_EVIDENCE retained=32 balls=32 revoked_balls=0 expired_views=0 evicted_views=67 radius=0.580 clearance=0.500 best_prefix=8.072
[depth_angular_controller-1] [INFO] [1790682989.641882786] [depth_angular_controller]: 3D guidance switched to view 3
[depth_angular_controller-1] [INFO] [1790682989.730581522] [depth_angular_controller]: SINGULAR_FIELD
[depth_angular_controller-1] [INFO] [1790682989.761073401] [depth_angular_controller]: STATE_OUTSIDE_FREE_DOMAIN
[depth_angular_controller-1] [INFO] [1790682989.859105030] [depth_angular_controller]: SINGULAR_FIELD
[depth_angular_controller-1] [INFO] [1790682989.891116491] [depth_angular_controller]: 3D guidance switched to view 0
[depth_angular_controller-1] [INFO] [1790682989.891699645] [depth_angular_controller]: REFERENCE_INITIALIZATION
[depth_angular_controller-1] [INFO] [1790682989.949118203] [depth_angular_controller]: TARGET_HOLD
[depth_angular_controller-1] [INFO] [1790682990.104221269] [depth_angular_controller]: 3D guidance switched to view 3
[depth_angular_controller-1] [INFO] [1790682990.104757836] [depth_angular_controller]: STATE_OUTSIDE_FREE_DOMAIN
[depth_angular_controller-1] [INFO] [1790682990.191090302] [depth_angular_controller]: SINGULAR_FIELD
[depth_angular_controller-1] [INFO] [1790682990.224702246] [depth_angular_controller]: 3D guidance switched to view 0
[depth_angular_controller-1] [INFO] [1790682990.225453506] [depth_angular_controller]: REFERENCE_INITIALIZATION
[depth_angular_controller-1] [INFO] [1790682990.257620418] [depth_angular_controller]: TRACKING
[depth_angular_controller-1] [INFO] [1790682990.313312556] [depth_angular_controller]: TARGET_HOLD
[depth_angular_controller-1] [INFO] [1790682990.380625271] [depth_angular_controller]: 3D guidance switched to view 3
[depth_angular_controller-1] [INFO] [1790682990.409392834] [depth_angular_controller]: OUTSIDE_FLOW_BOX
[depth_angular_controller-1] [INFO] [1790682990.445778573] [depth_angular_controller]: STATE_OUTSIDE_FREE_DOMAIN
[depth_angular_controller-1] [INFO] [1790682990.501849923] [depth_angular_controller]: OUTSIDE_FLOW_BOX
[depth_angular_controller-1] [INFO] [1790682990.525757216] [depth_angular_controller]: 3D guidance switched to view 0
[depth_angular_controller-1] [INFO] [1790682990.525980655] [depth_angular_controller]: REFERENCE_INITIALIZATION
[depth_angular_controller-1] [INFO] [1790682990.572816885] [depth_angular_controller]: TRACKING
[depth_angular_controller-1] [INFO] [1790682990.656398428] [depth_angular_controller]: TARGET_HOLD
[depth_angular_controller-1] [INFO] [1790682990.735369781] [depth_angular_controller]: PAPER_BUILD reason=READY required=0.0100 best=8.0717 free=7 refined=0 tubes=65 revoked_tubes=0 proofs=128
[depth_angular_controller-1] [INFO] [1790682990.735407251] [depth_angular_controller]: PAPER_EVIDENCE retained=32 balls=32 revoked_balls=0 expired_views=0 evicted_views=67 radius=0.580 clearance=0.500 best_prefix=8.072
[depth_angular_controller-1] [INFO] [1790682990.922045895] [depth_angular_controller]: 3D guidance switched to view 3
[depth_angular_controller-1] [INFO] [1790682990.983546613] [depth_angular_controller]: OUTSIDE_FLOW_BOX
[depth_angular_controller-1] [INFO] [1790682991.016847483] [depth_angular_controller]: STATE_OUTSIDE_FREE_DOMAIN
[depth_angular_controller-1] [INFO] [1790682991.076557641] [depth_angular_controller]: OUTSIDE_FLOW_BOX
[depth_angular_controller-1] [INFO] [1790682991.178412255] [depth_angular_controller]: 3D guidance switched to view 0
[depth_angular_controller-1] [INFO] [1790682991.201653748] [depth_angular_controller]: TARGET_HOLD
[depth_angular_controller-1] [INFO] [1790682991.476839443] [depth_angular_controller]: 3D guidance switched to view 3
[depth_angular_controller-1] [INFO] [1790682991.502757610] [depth_angular_controller]: OUTSIDE_FLOW_BOX
[depth_angular_controller-1] [INFO] [1790682991.534645819] [depth_angular_controller]: STATE_OUTSIDE_FREE_DOMAIN
[depth_angular_controller-1] [INFO] [1790682991.629556693] [depth_angular_controller]: OUTSIDE_FLOW_BOX
[depth_angular_controller-1] [INFO] [1790682991.665495433] [depth_angular_controller]: 3D guidance switched to view 0
[depth_angular_controller-1] [INFO] [1790682991.665774456] [depth_angular_controller]: REFERENCE_INITIALIZATION
[depth_angular_controller-1] [INFO] [1790682991.721823164] [depth_angular_controller]: TARGET_HOLD
[depth_angular_controller-1] [INFO] [1790682991.789648099] [depth_angular_controller]: 3D guidance switched to view 3
[depth_angular_controller-1] [INFO] [1790682991.817412340] [depth_angular_controller]: SINGULAR_FIELD
[depth_angular_controller-1] [INFO] [1790682991.849400597] [depth_angular_controller]: STATE_OUTSIDE_FREE_DOMAIN
[depth_angular_controller-1] [INFO] [1790682991.849631781] [depth_angular_controller]: PAPER_BUILD reason=READY required=0.0114 best=4.0383 free=194 refined=0 tubes=65 revoked_tubes=0 proofs=128
[depth_angular_controller-1] [INFO] [1790682991.849643072] [depth_angular_controller]: PAPER_EVIDENCE retained=32 balls=32 revoked_balls=0 expired_views=0 evicted_views=71 radius=0.580 clearance=0.000 best_prefix=4.038
[depth_angular_controller-1] [INFO] [1790682991.902059012] [depth_angular_controller]: OUTSIDE_FLOW_BOX
[depth_angular_controller-1] [INFO] [1790682991.934878289] [depth_angular_controller]: 3D guidance switched to view 0
[depth_angular_controller-1] [INFO] [1790682991.935188561] [depth_angular_controller]: REFERENCE_INITIALIZATION
[depth_angular_controller-1] [INFO] [1790682991.989552958] [depth_angular_controller]: TARGET_HOLD
[depth_angular_controller-1] [INFO] [1790682992.091142644] [depth_angular_controller]: 3D guidance switched to view 3
[depth_angular_controller-1] [INFO] [1790682992.119629972] [depth_angular_controller]: OUTSIDE_FLOW_BOX
[depth_angular_controller-1] [INFO] [1790682992.153196741] [depth_angular_controller]: 3D guidance switched to view 0
[depth_angular_controller-1] [INFO] [1790682992.154033260] [depth_angular_controller]: TARGET_HOLD
[depth_angular_controller-1] [INFO] [1790682992.199655963] [depth_angular_controller]: OUTSIDE_FLOW_BOX
[depth_angular_controller-1] [INFO] [1790682992.232203840] [depth_angular_controller]: STATE_OUTSIDE_FREE_DOMAIN
[depth_angular_controller-1] [INFO] [1790682992.322187017] [depth_angular_controller]: TARGET_HOLD
[depth_angular_controller-1] [INFO] [1790682992.480254125] [depth_angular_controller]: OUTSIDE_FLOW_BOX
[depth_angular_controller-1] [INFO] [1790682992.564666337] [depth_angular_controller]: STATE_OUTSIDE_FREE_DOMAIN
[depth_angular_controller-1] [INFO] [1790682992.660374727] [depth_angular_controller]: TARGET_HOLD
[depth_angular_controller-1] [INFO] [1790682992.791276519] [depth_angular_controller]: 3D guidance switched to view 3
[depth_angular_controller-1] [INFO] [1790682992.852499877] [depth_angular_controller]: OUTSIDE_FLOW_BOX
[depth_angular_controller-1] [INFO] [1790682992.852932478] [depth_angular_controller]: PAPER_BUILD reason=READY required=0.0167 best=4.0383 free=170 refined=0 tubes=66 revoked_tubes=0 proofs=128
[depth_angular_controller-1] [INFO] [1790682992.853093350] [depth_angular_controller]: PAPER_EVIDENCE retained=32 balls=32 revoked_balls=0 expired_views=0 evicted_views=71 radius=0.580 clearance=0.000 best_prefix=4.038
[depth_angular_controller-1] [INFO] [1790682992.888324833] [depth_angular_controller]: STATE_OUTSIDE_FREE_DOMAIN
[depth_angular_controller-1] [INFO] [1790682992.914271944] [depth_angular_controller]: [PERF CTRL] run=iteration3_ego1p1_1 elapsed=63.93s callbacks=1973 commands=1972 guidance=1872 command_fps(ros/wall)=39.86/39.34 guidance_wall_fps=38.66 avoid_ms(mean/p50/p95/max)=4.168/0.323/23.578/106.664 cycle_ms(mean/p95/max)=25.421/56.070/127.137 depth_to_cmd_ms(mean/p95/max)=25.970/33.333/50.000 callback_to_publish_ms(mean/p95/max)=19.785/49.952/125.120
[depth_angular_controller-1] [INFO] [1790682993.012929087] [depth_angular_controller]: OUTSIDE_FLOW_BOX
[depth_angular_controller-1] [INFO] [1790682993.046635929] [depth_angular_controller]: 3D guidance switched to view 0
[depth_angular_controller-1] [INFO] [1790682993.047304724] [depth_angular_controller]: REFERENCE_INITIALIZATION
[depth_angular_controller-1] [INFO] [1790682993.080232214] [depth_angular_controller]: TRACKING
[depth_angular_controller-1] [INFO] [1790682993.136510422] [depth_angular_controller]: TARGET_HOLD
[depth_angular_controller-1] [INFO] [1790682993.277442385] [depth_angular_controller]: 3D guidance switched to view 3
[depth_angular_controller-1] [INFO] [1790682993.297475348] [depth_angular_controller]: OUTSIDE_FLOW_BOX
[depth_angular_controller-1] [INFO] [1790682993.330083378] [depth_angular_controller]: STATE_OUTSIDE_FREE_DOMAIN
[position_cmd_to_twist-2] [INFO] [1790682993.424605712] [position_cmd_to_twist]: [PERF BRIDGE] run=iteration3_ego1p1_1 elapsed=64.34s received=1983 published=1980 fps(ros/wall)=39.80/39.15 controller_to_bridge_ms(mean/p50/p95/max)=16.104/16.667/50.000/133.333 bridge_process_ms(mean/p95/max)=0.111/0.145/1.214
[depth_angular_controller-1] [INFO] [1790682993.426340878] [depth_angular_controller]: SINGULAR_FIELD
[depth_angular_controller-1] [INFO] [1790682993.460078418] [depth_angular_controller]: 3D guidance switched to view 0
[depth_angular_controller-1] [INFO] [1790682993.460397988] [depth_angular_controller]: REFERENCE_INITIALIZATION
[NAV] t=50.0s position=(-47.17,-8.47,2.44) yaw=10.0deg command=(0.01,-0.01,-0.00) manual_active=1 collision_blocks=0
[depth_angular_controller-1] [INFO] [1790682993.516946753] [depth_angular_controller]: TARGET_HOLD
[depth_angular_controller-1] [INFO] [1790682993.586757446] [depth_angular_controller]: 3D guidance switched to view 3
[depth_angular_controller-1] [INFO] [1790682993.610327195] [depth_angular_controller]: SINGULAR_FIELD
[depth_angular_controller-1] [INFO] [1790682993.646535451] [depth_angular_controller]: STATE_OUTSIDE_FREE_DOMAIN
[depth_angular_controller-1] [INFO] [1790682993.716157269] [depth_angular_controller]: 3D guidance switched to view 0
[depth_angular_controller-1] [INFO] [1790682993.736523266] [depth_angular_controller]: TARGET_HOLD
[depth_angular_controller-1] [INFO] [1790682993.859102160] [depth_angular_controller]: 3D guidance switched to view 3
[depth_angular_controller-1] [INFO] [1790682993.894104933] [depth_angular_controller]: PAPER_BUILD reason=READY required=0.0100 best=4.0383 free=35 refined=0 tubes=67 revoked_tubes=0 proofs=128
[depth_angular_controller-1] [INFO] [1790682993.894144548] [depth_angular_controller]: PAPER_EVIDENCE retained=32 balls=32 revoked_balls=0 expired_views=0 evicted_views=71 radius=0.580 clearance=0.500 best_prefix=4.038
[depth_angular_controller-1] [INFO] [1790682993.941040359] [depth_angular_controller]: SINGULAR_FIELD
[depth_angular_controller-1] [INFO] [1790682993.975534018] [depth_angular_controller]: STATE_OUTSIDE_FREE_DOMAIN
[depth_angular_controller-1] [INFO] [1790682994.020638418] [depth_angular_controller]: SINGULAR_FIELD
[depth_angular_controller-1] [INFO] [1790682994.086111160] [depth_angular_controller]: 3D guidance switched to view 0
[depth_angular_controller-1] [INFO] [1790682994.086928964] [depth_angular_controller]: TARGET_HOLD
[depth_angular_controller-1] [INFO] [1790682994.248985719] [depth_angular_controller]: OUTSIDE_FLOW_BOX
[depth_angular_controller-1] [INFO] [1790682994.274100839] [depth_angular_controller]: TARGET_HOLD
[depth_angular_controller-1] [INFO] [1790682994.409585270] [depth_angular_controller]: OUTSIDE_FLOW_BOX
[depth_angular_controller-1] [INFO] [1790682994.434796429] [depth_angular_controller]: TRACKING
[depth_angular_controller-1] [INFO] [1790682994.601984573] [depth_angular_controller]: OUTSIDE_FLOW_BOX
[depth_angular_controller-1] [INFO] [1790682994.637943311] [depth_angular_controller]: TARGET_HOLD
[depth_angular_controller-1] [INFO] [1790682994.727811271] [depth_angular_controller]: OUTSIDE_FLOW_BOX
[depth_angular_controller-1] [INFO] [1790682994.769218113] [depth_angular_controller]: TARGET_HOLD
[depth_angular_controller-1] [INFO] [1790682994.919037544] [depth_angular_controller]: 3D guidance switched to view 3
[depth_angular_controller-1] [INFO] [1790682994.919240886] [depth_angular_controller]: STATE_OUTSIDE_FREE_DOMAIN
[depth_angular_controller-1] [INFO] [1790682994.952499737] [depth_angular_controller]: 3D guidance switched to view 0
[depth_angular_controller-1] [INFO] [1790682994.998584356] [depth_angular_controller]: OUTSIDE_FLOW_BOX
[depth_angular_controller-1] [INFO] [1790682994.998615545] [depth_angular_controller]: PAPER_BUILD reason=READY required=0.0127 best=2.0217 free=51 refined=0 tubes=68 revoked_tubes=0 proofs=128
[depth_angular_controller-1] [INFO] [1790682994.998624281] [depth_angular_controller]: PAPER_EVIDENCE retained=32 balls=32 revoked_balls=0 expired_views=0 evicted_views=71 radius=0.580 clearance=0.000 best_prefix=2.022
[depth_angular_controller-1] [INFO] [1790682995.033823373] [depth_angular_controller]: SINGULAR_FIELD
[depth_angular_controller-1] [INFO] [1790682995.118115480] [depth_angular_controller]: TARGET_HOLD
[depth_angular_controller-1] [INFO] [1790682995.347924154] [depth_angular_controller]: SINGULAR_FIELD
[depth_angular_controller-1] [INFO] [1790682995.379219300] [depth_angular_controller]: STATE_OUTSIDE_FREE_DOMAIN
[depth_angular_controller-1] [INFO] [1790682995.459999888] [depth_angular_controller]: TARGET_HOLD
[depth_angular_controller-1] [INFO] [1790682995.684126068] [depth_angular_controller]: SINGULAR_FIELD
[depth_angular_controller-1] [INFO] [1790682995.711216565] [depth_angular_controller]: STATE_OUTSIDE_FREE_DOMAIN
[depth_angular_controller-1] [INFO] [1790682995.861714649] [depth_angular_controller]: SINGULAR_FIELD
[depth_angular_controller-1] [INFO] [1790682995.893784740] [depth_angular_controller]: REFERENCE_INITIALIZATION
[depth_angular_controller-1] [INFO] [1790682995.943929258] [depth_angular_controller]: TARGET_HOLD
[depth_angular_controller-1] [INFO] [1790682996.009206202] [depth_angular_controller]: 3D guidance switched to view 3
[depth_angular_controller-1] [INFO] [1790682996.020972221] [depth_angular_controller]: OUTSIDE_FLOW_BOX
[depth_angular_controller-1] [INFO] [1790682996.052752759] [depth_angular_controller]: STATE_OUTSIDE_FREE_DOMAIN
[depth_angular_controller-1] [INFO] [1790682996.052786402] [depth_angular_controller]: PAPER_BUILD reason=READY required=0.0117 best=4.0383 free=196 refined=0 tubes=68 revoked_tubes=0 proofs=128
[depth_angular_controller-1] [INFO] [1790682996.052795799] [depth_angular_controller]: PAPER_EVIDENCE retained=32 balls=32 revoked_balls=0 expired_views=0 evicted_views=71 radius=0.580 clearance=0.000 best_prefix=4.038
[depth_angular_controller-1] [INFO] [1790682996.123690175] [depth_angular_controller]: 3D guidance switched to view 0
[depth_angular_controller-1] [INFO] [1790682996.124108200] [depth_angular_controller]: TARGET_HOLD
[depth_angular_controller-1] [INFO] [1790682996.300076750] [depth_angular_controller]: 3D guidance switched to view 3
[depth_angular_controller-1] [INFO] [1790682996.326985546] [depth_angular_controller]: 3D guidance switched to view 0
[depth_angular_controller-1] [INFO] [1790682996.438557875] [depth_angular_controller]: OUTSIDE_FLOW_BOX
[depth_angular_controller-1] [INFO] [1790682996.476581397] [depth_angular_controller]: TRACKING
[depth_angular_controller-1] [INFO] [1790682996.553559640] [depth_angular_controller]: OUTSIDE_FLOW_BOX
[depth_angular_controller-1] [INFO] [1790682996.646854040] [depth_angular_controller]: REFERENCE_INITIALIZATION
[depth_angular_controller-1] [INFO] [1790682996.699734832] [depth_angular_controller]: TARGET_HOLD
[depth_angular_controller-1] [INFO] [1790682997.032625282] [depth_angular_controller]: OUTSIDE_FLOW_BOX
[depth_angular_controller-1] [INFO] [1790682997.066021642] [depth_angular_controller]: STATE_OUTSIDE_FREE_DOMAIN
[depth_angular_controller-1] [INFO] [1790682997.122741068] [depth_angular_controller]: OUTSIDE_FLOW_BOX
[depth_angular_controller-1] [INFO] [1790682997.207499981] [depth_angular_controller]: TARGET_HOLD
[depth_angular_controller-1] [INFO] [1790682997.242208382] [depth_angular_controller]: PAPER_BUILD reason=READY required=0.0100 best=2.0217 free=21 refined=0 tubes=68 revoked_tubes=0 proofs=128
[depth_angular_controller-1] [INFO] [1790682997.242252365] [depth_angular_controller]: PAPER_EVIDENCE retained=32 balls=32 revoked_balls=0 expired_views=0 evicted_views=71 radius=0.580 clearance=0.147 best_prefix=2.022
[depth_angular_controller-1] [INFO] [1790682997.455247357] [depth_angular_controller]: OUTSIDE_FLOW_BOX
[depth_angular_controller-1] [INFO] [1790682997.487997013] [depth_angular_controller]: STATE_OUTSIDE_FREE_DOMAIN
[depth_angular_controller-1] [INFO] [1790682997.558128787] [depth_angular_controller]: OUTSIDE_FLOW_BOX
[depth_angular_controller-1] [INFO] [1790682997.672770226] [depth_angular_controller]: TARGET_HOLD
[depth_angular_controller-1] [INFO] [1790682997.837209502] [depth_angular_controller]: 3D guidance switched to view 3
[depth_angular_controller-1] [INFO] [1790682997.920114436] [depth_angular_controller]: [PERF CTRL] run=iteration3_ego1p1_1 elapsed=68.94s callbacks=2097 commands=2096 guidance=1996 command_fps(ros/wall)=38.75/38.01 guidance_wall_fps=37.36 avoid_ms(mean/p50/p95/max)=4.342/0.347/23.577/106.664 cycle_ms(mean/p95/max)=26.306/56.575/127.137 depth_to_cmd_ms(mean/p95/max)=25.735/33.333/50.000 callback_to_publish_ms(mean/p95/max)=20.764/51.467/125.120
[depth_angular_controller-1] [INFO] [1790682997.920170791] [depth_angular_controller]: SINGULAR_FIELD
[depth_angular_controller-1] [INFO] [1790682997.954656445] [depth_angular_controller]: TRACKING
[depth_angular_controller-1] [INFO] [1790682998.005080327] [depth_angular_controller]: SINGULAR_FIELD
[depth_angular_controller-1] [INFO] [1790682998.041359496] [depth_angular_controller]: TRACKING
[depth_angular_controller-1] [INFO] [1790682998.128367389] [depth_angular_controller]: SINGULAR_FIELD
[depth_angular_controller-1] [INFO] [1790682998.151299522] [depth_angular_controller]: REFERENCE_INITIALIZATION
[depth_angular_controller-1] [INFO] [1790682998.280310265] [depth_angular_controller]: OUTSIDE_FLOW_BOX
[depth_angular_controller-1] [INFO] [1790682998.280395185] [depth_angular_controller]: PAPER_BUILD reason=READY required=0.0180 best=2.0217 free=20 refined=0 tubes=78 revoked_tubes=0 proofs=128
[depth_angular_controller-1] [INFO] [1790682998.280407508] [depth_angular_controller]: PAPER_EVIDENCE retained=32 balls=32 revoked_balls=0 expired_views=0 evicted_views=75 radius=0.580 clearance=0.000 best_prefix=2.022
[depth_angular_controller-1] [INFO] [1790682998.310969368] [depth_angular_controller]: TARGET_HOLD
[depth_angular_controller-1] [INFO] [1790682998.358985933] [depth_angular_controller]: SINGULAR_FIELD
[depth_angular_controller-1] [INFO] [1790682998.391416450] [depth_angular_controller]: STATE_OUTSIDE_FREE_DOMAIN
[depth_angular_controller-1] [INFO] [1790682998.421821255] [depth_angular_controller]: 3D guidance switched to view 0
[depth_angular_controller-1] [INFO] [1790682998.423151161] [depth_angular_controller]: REFERENCE_INITIALIZATION
[depth_angular_controller-1] [INFO] [1790682998.475809386] [depth_angular_controller]: TARGET_HOLD
[depth_angular_controller-1] [INFO] [1790682998.570135702] [depth_angular_controller]: 3D guidance switched to view 3
[depth_angular_controller-1] [INFO] [1790682998.592819780] [depth_angular_controller]: SINGULAR_FIELD
[depth_angular_controller-1] [INFO] [1790682998.623115100] [depth_angular_controller]: STATE_OUTSIDE_FREE_DOMAIN
[depth_angular_controller-1] [INFO] [1790682998.721488942] [depth_angular_controller]: SINGULAR_FIELD
[depth_angular_controller-1] [INFO] [1790682998.756832876] [depth_angular_controller]: 3D guidance switched to view 0
[depth_angular_controller-1] [INFO] [1790682998.757772760] [depth_angular_controller]: TARGET_HOLD
[position_cmd_to_twist-2] [INFO] [1790682998.780527630] [position_cmd_to_twist]: [PERF BRIDGE] run=iteration3_ego1p1_1 elapsed=69.69s received=2116 published=2113 fps(ros/wall)=38.56/37.75 controller_to_bridge_ms(mean/p50/p95/max)=17.313/16.667/50.000/133.333 bridge_process_ms(mean/p95/max)=0.112/0.145/1.214
[NAV] t=55.0s position=(-47.04,-8.55,2.27) yaw=10.1deg command=(0.01,-0.01,-0.02) manual_active=1 collision_blocks=0
[depth_angular_controller-1] [INFO] [1790682998.938111301] [depth_angular_controller]: 3D guidance switched to view 3
[depth_angular_controller-1] [INFO] [1790682998.954363509] [depth_angular_controller]: SINGULAR_FIELD
[depth_angular_controller-1] [INFO] [1790682998.987594067] [depth_angular_controller]: REFERENCE_INITIALIZATION
[depth_angular_controller-1] [INFO] [1790682999.068902976] [depth_angular_controller]: OUTSIDE_FLOW_BOX
[depth_angular_controller-1] [INFO] [1790682999.101940482] [depth_angular_controller]: STATE_OUTSIDE_FREE_DOMAIN
[depth_angular_controller-1] [INFO] [1790682999.160747976] [depth_angular_controller]: 3D guidance switched to view 0
[depth_angular_controller-1] [INFO] [1790682999.183678546] [depth_angular_controller]: TARGET_HOLD
[depth_angular_controller-1] [INFO] [1790682999.308161182] [depth_angular_controller]: PAPER_BUILD reason=READY required=0.0100 best=2.0217 free=22 refined=0 tubes=82 revoked_tubes=0 proofs=128
[depth_angular_controller-1] [INFO] [1790682999.308201057] [depth_angular_controller]: PAPER_EVIDENCE retained=32 balls=32 revoked_balls=0 expired_views=0 evicted_views=75 radius=0.580 clearance=0.500 best_prefix=2.022
[depth_angular_controller-1] [INFO] [1790682999.338625049] [depth_angular_controller]: 3D guidance switched to view 3
[depth_angular_controller-1] [INFO] [1790682999.386978415] [depth_angular_controller]: OUTSIDE_FLOW_BOX
[depth_angular_controller-1] [INFO] [1790682999.421519142] [depth_angular_controller]: TARGET_HOLD
[depth_angular_controller-1] [INFO] [1790682999.497075797] [depth_angular_controller]: OUTSIDE_FLOW_BOX
[depth_angular_controller-1] [INFO] [1790682999.529008149] [depth_angular_controller]: TARGET_HOLD
[depth_angular_controller-1] [INFO] [1790682999.611194294] [depth_angular_controller]: SINGULAR_FIELD
[depth_angular_controller-1] [INFO] [1790682999.639656725] [depth_angular_controller]: 3D guidance switched to view 0
[depth_angular_controller-1] [INFO] [1790682999.639817707] [depth_angular_controller]: STATE_OUTSIDE_FREE_DOMAIN
[depth_angular_controller-1] [INFO] [1790682999.688156115] [depth_angular_controller]: TARGET_HOLD
[depth_angular_controller-1] [INFO] [1790682999.903346828] [depth_angular_controller]: 3D guidance switched to view 3
[depth_angular_controller-1] [INFO] [1790682999.979107836] [depth_angular_controller]: SINGULAR_FIELD
[depth_angular_controller-1] [INFO] [1790683000.000102563] [depth_angular_controller]: TRACKING
[depth_angular_controller-1] [INFO] [1790683000.175086446] [depth_angular_controller]: SINGULAR_FIELD
[depth_angular_controller-1] [INFO] [1790683000.204117685] [depth_angular_controller]: TRACKING
[depth_angular_controller-1] [INFO] [1790683000.256887699] [depth_angular_controller]: SINGULAR_FIELD
[depth_angular_controller-1] [INFO] [1790683000.287679722] [depth_angular_controller]: REFERENCE_INITIALIZATION
[depth_angular_controller-1] [INFO] [1790683000.349904829] [depth_angular_controller]: 3D guidance switched to view 0
[depth_angular_controller-1] [INFO] [1790683000.374443777] [depth_angular_controller]: TARGET_HOLD
[depth_angular_controller-1] [INFO] [1790683000.374478943] [depth_angular_controller]: PAPER_BUILD reason=READY required=0.0100 best=4.0383 free=26 refined=0 tubes=83 revoked_tubes=0 proofs=128
[depth_angular_controller-1] [INFO] [1790683000.374489142] [depth_angular_controller]: PAPER_EVIDENCE retained=32 balls=32 revoked_balls=0 expired_views=0 evicted_views=75 radius=0.580 clearance=0.500 best_prefix=4.038
[depth_angular_controller-1] [INFO] [1790683000.404762071] [depth_angular_controller]: 3D guidance switched to view 3
[depth_angular_controller-1] [INFO] [1790683000.477415056] [depth_angular_controller]: SINGULAR_FIELD
[depth_angular_controller-1] [INFO] [1790683000.509252520] [depth_angular_controller]: STATE_OUTSIDE_FREE_DOMAIN
[depth_angular_controller-1] [INFO] [1790683000.591676983] [depth_angular_controller]: SINGULAR_FIELD
[depth_angular_controller-1] [INFO] [1790683000.615660709] [depth_angular_controller]: 3D guidance switched to view 0
[depth_angular_controller-1] [INFO] [1790683000.616441123] [depth_angular_controller]: TARGET_HOLD
[depth_angular_controller-1] [INFO] [1790683000.865253508] [depth_angular_controller]: 3D guidance switched to view 3
[depth_angular_controller-1] [INFO] [1790683000.884125753] [depth_angular_controller]: SINGULAR_FIELD
[depth_angular_controller-1] [INFO] [1790683000.912044854] [depth_angular_controller]: REFERENCE_INITIALIZATION
[depth_angular_controller-1] [INFO] [1790683000.988282296] [depth_angular_controller]: SINGULAR_FIELD
[depth_angular_controller-1] [INFO] [1790683001.015806937] [depth_angular_controller]: REFERENCE_INITIALIZATION
[depth_angular_controller-1] [INFO] [1790683001.075901747] [depth_angular_controller]: 3D guidance switched to view 0
[depth_angular_controller-1] [INFO] [1790683001.101407599] [depth_angular_controller]: TARGET_HOLD
[depth_angular_controller-1] [INFO] [1790683001.127156187] [depth_angular_controller]: 3D guidance switched to view 3
[depth_angular_controller-1] [INFO] [1790683001.127622432] [depth_angular_controller]: STATE_OUTSIDE_FREE_DOMAIN
[depth_angular_controller-1] [INFO] [1790683001.186474190] [depth_angular_controller]: 3D guidance switched to view 0
[depth_angular_controller-1] [INFO] [1790683001.211969643] [depth_angular_controller]: TARGET_HOLD
[depth_angular_controller-1] [INFO] [1790683001.346380078] [depth_angular_controller]: 3D guidance switched to view 3
[depth_angular_controller-1] [INFO] [1790683001.430640967] [depth_angular_controller]: SINGULAR_FIELD
[depth_angular_controller-1] [INFO] [1790683001.430680591] [depth_angular_controller]: PAPER_BUILD reason=READY required=0.0232 best=4.0383 free=164 refined=0 tubes=84 revoked_tubes=0 proofs=128
[depth_angular_controller-1] [INFO] [1790683001.430728200] [depth_angular_controller]: PAPER_EVIDENCE retained=32 balls=32 revoked_balls=0 expired_views=0 evicted_views=75 radius=0.580 clearance=0.000 best_prefix=4.038
[depth_angular_controller-1] [INFO] [1790683001.458751136] [depth_angular_controller]: STATE_OUTSIDE_FREE_DOMAIN
[depth_angular_controller-1] [INFO] [1790683001.535361007] [depth_angular_controller]: SINGULAR_FIELD
[depth_angular_controller-1] [INFO] [1790683001.587178635] [depth_angular_controller]: 3D guidance switched to view 0
[depth_angular_controller-1] [INFO] [1790683001.587553729] [depth_angular_controller]: TARGET_HOLD
[depth_angular_controller-1] [INFO] [1790683001.771984640] [depth_angular_controller]: 3D guidance switched to view 3
[depth_angular_controller-1] [INFO] [1790683001.818913323] [depth_angular_controller]: OUTSIDE_FLOW_BOX
[depth_angular_controller-1] [INFO] [1790683001.844296185] [depth_angular_controller]: STATE_OUTSIDE_FREE_DOMAIN
[depth_angular_controller-1] [INFO] [1790683001.927888619] [depth_angular_controller]: SINGULAR_FIELD
[depth_angular_controller-1] [INFO] [1790683001.954315460] [depth_angular_controller]: 3D guidance switched to view 0
[depth_angular_controller-1] [INFO] [1790683001.954617246] [depth_angular_controller]: REFERENCE_INITIALIZATION
[depth_angular_controller-1] [INFO] [1790683002.034376767] [depth_angular_controller]: TARGET_HOLD
[depth_angular_controller-1] [INFO] [1790683002.087427218] [depth_angular_controller]: 3D guidance switched to view 3
[depth_angular_controller-1] [INFO] [1790683002.087573332] [depth_angular_controller]: STATE_OUTSIDE_FREE_DOMAIN
[depth_angular_controller-1] [INFO] [1790683002.130076371] [depth_angular_controller]: SINGULAR_FIELD
[depth_angular_controller-1] [INFO] [1790683002.156094495] [depth_angular_controller]: STATE_OUTSIDE_FREE_DOMAIN
[depth_angular_controller-1] [INFO] [1790683002.184983225] [depth_angular_controller]: 3D guidance switched to view 0
[depth_angular_controller-1] [INFO] [1790683002.185286745] [depth_angular_controller]: REFERENCE_INITIALIZATION
[depth_angular_controller-1] [INFO] [1790683002.235897808] [depth_angular_controller]: TARGET_HOLD
[depth_angular_controller-1] [INFO] [1790683002.370877362] [depth_angular_controller]: 3D guidance switched to view 3
[depth_angular_controller-1] [INFO] [1790683002.371254430] [depth_angular_controller]: PAPER_BUILD reason=READY required=0.0107 best=4.0383 free=29 refined=0 tubes=85 revoked_tubes=0 proofs=128
[depth_angular_controller-1] [INFO] [1790683002.371266542] [depth_angular_controller]: PAPER_EVIDENCE retained=32 balls=32 revoked_balls=0 expired_views=0 evicted_views=75 radius=0.580 clearance=0.500 best_prefix=4.038
[depth_angular_controller-1] [INFO] [1790683002.434982938] [depth_angular_controller]: SINGULAR_FIELD
[depth_angular_controller-1] [INFO] [1790683002.454111664] [depth_angular_controller]: STATE_OUTSIDE_FREE_DOMAIN
[depth_angular_controller-1] [INFO] [1790683002.646675256] [depth_angular_controller]: SINGULAR_FIELD
[depth_angular_controller-1] [INFO] [1790683002.671188235] [depth_angular_controller]: 3D guidance switched to view 0
[depth_angular_controller-1] [INFO] [1790683002.671529877] [depth_angular_controller]: TARGET_HOLD
[depth_angular_controller-1] [INFO] [1790683002.852423229] [depth_angular_controller]: SINGULAR_FIELD
[depth_angular_controller-1] [INFO] [1790683002.877175247] [depth_angular_controller]: TARGET_HOLD
[depth_angular_controller-1] [INFO] [1790683002.944433109] [depth_angular_controller]: [PERF CTRL] run=iteration3_ego1p1_1 elapsed=73.96s callbacks=2230 commands=2229 guidance=2129 command_fps(ros/wall)=37.82/37.05 guidance_wall_fps=36.42 avoid_ms(mean/p50/p95/max)=4.549/0.377/24.424/106.664 cycle_ms(mean/p95/max)=26.991/56.575/127.137 depth_to_cmd_ms(mean/p95/max)=25.333/33.333/50.000 callback_to_publish_ms(mean/p95/max)=21.602/51.944/125.120
[depth_angular_controller-1] [INFO] [1790683002.944496688] [depth_angular_controller]: SINGULAR_FIELD
[depth_angular_controller-1] [INFO] [1790683002.970289198] [depth_angular_controller]: 3D guidance switched to view 3
[depth_angular_controller-1] [INFO] [1790683002.970655806] [depth_angular_controller]: TARGET_HOLD
[depth_angular_controller-1] [INFO] [1790683003.018535114] [depth_angular_controller]: 3D guidance switched to view 0
[depth_angular_controller-1] [INFO] [1790683003.067839876] [depth_angular_controller]: 3D guidance switched to view 3
[depth_angular_controller-1] [INFO] [1790683003.137002872] [depth_angular_controller]: SINGULAR_FIELD
[depth_angular_controller-1] [INFO] [1790683003.160701453] [depth_angular_controller]: STATE_OUTSIDE_FREE_DOMAIN
[depth_angular_controller-1] [INFO] [1790683003.327109173] [depth_angular_controller]: SINGULAR_FIELD
[depth_angular_controller-1] [INFO] [1790683003.353904666] [depth_angular_controller]: 3D guidance switched to view 0
[depth_angular_controller-1] [INFO] [1790683003.354191654] [depth_angular_controller]: REFERENCE_INITIALIZATION
[depth_angular_controller-1] [INFO] [1790683003.382326140] [depth_angular_controller]: TARGET_HOLD
[depth_angular_controller-1] [INFO] [1790683003.545974301] [depth_angular_controller]: 3D guidance switched to view 3
[depth_angular_controller-1] [INFO] [1790683003.573127645] [depth_angular_controller]: PAPER_BUILD reason=READY required=0.0100 best=4.0383 free=22 refined=0 tubes=85 revoked_tubes=0 proofs=128
[depth_angular_controller-1] [INFO] [1790683003.573167139] [depth_angular_controller]: PAPER_EVIDENCE retained=32 balls=32 revoked_balls=0 expired_views=0 evicted_views=75 radius=0.580 clearance=0.500 best_prefix=4.038
[depth_angular_controller-1] [INFO] [1790683003.610684862] [depth_angular_controller]: SINGULAR_FIELD
[depth_angular_controller-1] [INFO] [1790683003.634590542] [depth_angular_controller]: STATE_OUTSIDE_FREE_DOMAIN
[depth_angular_controller-1] [INFO] [1790683003.723101897] [depth_angular_controller]: SINGULAR_FIELD
[depth_angular_controller-1] [INFO] [1790683003.744924708] [depth_angular_controller]: 3D guidance switched to view 0
[depth_angular_controller-1] [INFO] [1790683003.745147857] [depth_angular_controller]: TARGET_HOLD
[depth_angular_controller-1] [INFO] [1790683003.886432923] [depth_angular_controller]: STATE_OUTSIDE_FREE_DOMAIN
[depth_angular_controller-1] [INFO] [1790683003.957890325] [depth_angular_controller]: OUTSIDE_FLOW_BOX
[position_cmd_to_twist-2] [INFO] [1790683003.958103866] [position_cmd_to_twist]: [PERF BRIDGE] run=iteration3_ego1p1_1 elapsed=74.87s received=2260 published=2257 fps(ros/wall)=37.75/36.92 controller_to_bridge_ms(mean/p50/p95/max)=18.333/16.667/50.000/133.333 bridge_process_ms(mean/p95/max)=0.112/0.146/1.866
[depth_angular_controller-1] [INFO] [1790683003.982582932] [depth_angular_controller]: REFERENCE_INITIALIZATION
[NAV] t=60.0s position=(-46.90,-8.66,2.16) yaw=10.2deg command=(0.00,-0.00,-0.01) manual_active=1 collision_blocks=0
[depth_angular_controller-1] [INFO] [1790683004.079896013] [depth_angular_controller]: TARGET_HOLD
[depth_angular_controller-1] [INFO] [1790683004.126193602] [depth_angular_controller]: STATE_OUTSIDE_FREE_DOMAIN
[depth_angular_controller-1] [INFO] [1790683004.192954611] [depth_angular_controller]: OUTSIDE_FLOW_BOX
[depth_angular_controller-1] [INFO] [1790683004.216682277] [depth_angular_controller]: REFERENCE_INITIALIZATION
[depth_angular_controller-1] [INFO] [1790683004.314586738] [depth_angular_controller]: TARGET_HOLD
[depth_angular_controller-1] [INFO] [1790683004.365002395] [depth_angular_controller]: STATE_OUTSIDE_FREE_DOMAIN
[depth_angular_controller-1] [INFO] [1790683004.416191613] [depth_angular_controller]: OUTSIDE_FLOW_BOX
[depth_angular_controller-1] [INFO] [1790683004.438732291] [depth_angular_controller]: INTENT_PROGRESS_BLOCKED
[depth_angular_controller-1] [INFO] [1790683004.512635683] [depth_angular_controller]: TARGET_HOLD
[depth_angular_controller-1] [INFO] [1790683004.512674657] [depth_angular_controller]: PAPER_BUILD reason=READY required=0.0100 best=4.0383 free=20 refined=0 tubes=86 revoked_tubes=0 proofs=128
[depth_angular_controller-1] [INFO] [1790683004.512685347] [depth_angular_controller]: PAPER_EVIDENCE retained=32 balls=32 revoked_balls=0 expired_views=0 evicted_views=75 radius=0.580 clearance=0.500 best_prefix=4.038
[depth_angular_controller-1] [INFO] [1790683004.686876132] [depth_angular_controller]: OUTSIDE_FLOW_BOX
[depth_angular_controller-1] [INFO] [1790683004.710356724] [depth_angular_controller]: STATE_OUTSIDE_FREE_DOMAIN
[depth_angular_controller-1] [INFO] [1790683004.783192192] [depth_angular_controller]: OUTSIDE_FLOW_BOX
[depth_angular_controller-1] [INFO] [1790683004.804776315] [depth_angular_controller]: TARGET_HOLD
[depth_angular_controller-1] [INFO] [1790683004.937458227] [depth_angular_controller]: 3D guidance switched to view 3
[depth_angular_controller-1] [INFO] [1790683004.980417512] [depth_angular_controller]: 3D guidance switched to view 0
[depth_angular_controller-1] [INFO] [1790683005.016881858] [depth_angular_controller]: OUTSIDE_FLOW_BOX
[depth_angular_controller-1] [INFO] [1790683005.039575353] [depth_angular_controller]: STATE_OUTSIDE_FREE_DOMAIN
[depth_angular_controller-1] [INFO] [1790683005.093363208] [depth_angular_controller]: OUTSIDE_FLOW_BOX
[depth_angular_controller-1] [INFO] [1790683005.135969380] [depth_angular_controller]: REFERENCE_INITIALIZATION
[depth_angular_controller-1] [INFO] [1790683005.156766857] [depth_angular_controller]: TARGET_HOLD
[depth_angular_controller-1] [INFO] [1790683005.275884345] [depth_angular_controller]: 3D guidance switched to view 3
[depth_angular_controller-1] [INFO] [1790683005.386148490] [depth_angular_controller]: 3D guidance switched to view 0
[depth_angular_controller-1] [INFO] [1790683005.556772321] [depth_angular_controller]: OUTSIDE_FLOW_BOX
[depth_angular_controller-1] [INFO] [1790683005.556803670] [depth_angular_controller]: PAPER_BUILD reason=READY required=0.0642 best=4.0383 free=149 refined=0 tubes=86 revoked_tubes=0 proofs=128
[depth_angular_controller-1] [INFO] [1790683005.556812126] [depth_angular_controller]: PAPER_EVIDENCE retained=32 balls=32 revoked_balls=0 expired_views=0 evicted_views=79 radius=0.580 clearance=0.000 best_prefix=4.038
[depth_angular_controller-1] [INFO] [1790683005.580095558] [depth_angular_controller]: STATE_OUTSIDE_FREE_DOMAIN
[depth_angular_controller-1] [INFO] [1790683005.663672493] [depth_angular_controller]: OUTSIDE_FLOW_BOX
[depth_angular_controller-1] [INFO] [1790683005.786775049] [depth_angular_controller]: TARGET_HOLD
[depth_angular_controller-1] [INFO] [1790683005.928326415] [depth_angular_controller]: 3D guidance switched to view 3
[depth_angular_controller-1] [INFO] [1790683006.000143221] [depth_angular_controller]: 3D guidance switched to view 0
[depth_angular_controller-1] [INFO] [1790683006.044716765] [depth_angular_controller]: SINGULAR_FIELD
[depth_angular_controller-1] [INFO] [1790683006.166078815] [depth_angular_controller]: OUTSIDE_FLOW_BOX
[depth_angular_controller-1] [INFO] [1790683006.204925562] [depth_angular_controller]: REFERENCE_INITIALIZATION
[depth_angular_controller-1] [INFO] [1790683006.263849455] [depth_angular_controller]: TARGET_HOLD
[depth_angular_controller-1] [INFO] [1790683006.471360547] [depth_angular_controller]: OUTSIDE_FLOW_BOX
[depth_angular_controller-1] [INFO] [1790683006.489189433] [depth_angular_controller]: STATE_OUTSIDE_FREE_DOMAIN
[depth_angular_controller-1] [INFO] [1790683006.508089409] [depth_angular_controller]: PAPER_BUILD reason=READY required=0.0272 best=8.0717 free=4 refined=0 tubes=87 revoked_tubes=0 proofs=128
[depth_angular_controller-1] [INFO] [1790683006.508129905] [depth_angular_controller]: PAPER_EVIDENCE retained=32 balls=32 revoked_balls=0 expired_views=0 evicted_views=79 radius=0.580 clearance=0.000 best_prefix=8.072
[depth_angular_controller-1] [INFO] [1790683006.572767811] [depth_angular_controller]: OUTSIDE_FLOW_BOX
[depth_angular_controller-1] [INFO] [1790683006.606856539] [depth_angular_controller]: TARGET_HOLD
[depth_angular_controller-1] [INFO] [1790683006.801821918] [depth_angular_controller]: 3D guidance switched to view 3
[depth_angular_controller-1] [INFO] [1790683006.812332271] [depth_angular_controller]: SINGULAR_FIELD
[depth_angular_controller-1] [INFO] [1790683006.830373046] [depth_angular_controller]: REFERENCE_INITIALIZATION
[depth_angular_controller-1] [INFO] [1790683006.927845366] [depth_angular_controller]: OUTSIDE_FLOW_BOX
[depth_angular_controller-1] [INFO] [1790683006.950664106] [depth_angular_controller]: TRACKING
[depth_angular_controller-1] [INFO] [1790683006.990743536] [depth_angular_controller]: 3D guidance switched to view 0
[depth_angular_controller-1] [INFO] [1790683007.026832839] [depth_angular_controller]: TARGET_HOLD
[depth_angular_controller-1] [INFO] [1790683007.044831414] [depth_angular_controller]: 3D guidance switched to view 3
[depth_angular_controller-1] [INFO] [1790683007.045012544] [depth_angular_controller]: STATE_OUTSIDE_FREE_DOMAIN
[depth_angular_controller-1] [INFO] [1790683007.083424515] [depth_angular_controller]: 3D guidance switched to view 0
[depth_angular_controller-1] [INFO] [1790683007.084142513] [depth_angular_controller]: TARGET_HOLD
[depth_angular_controller-1] [INFO] [1790683007.226015091] [depth_angular_controller]: 3D guidance switched to view 3
[depth_angular_controller-1] [INFO] [1790683007.242498894] [depth_angular_controller]: SINGULAR_FIELD
[depth_angular_controller-1] [INFO] [1790683007.263936252] [depth_angular_controller]: STATE_OUTSIDE_FREE_DOMAIN
[depth_angular_controller-1] [INFO] [1790683007.304953532] [depth_angular_controller]: 3D guidance switched to view 0
[depth_angular_controller-1] [INFO] [1790683007.305253956] [depth_angular_controller]: REFERENCE_INITIALIZATION
[depth_angular_controller-1] [INFO] [1790683007.342157126] [depth_angular_controller]: TARGET_HOLD
[depth_angular_controller-1] [INFO] [1790683007.593131598] [depth_angular_controller]: SINGULAR_FIELD
[depth_angular_controller-1] [INFO] [1790683007.593166984] [depth_angular_controller]: PAPER_BUILD reason=READY required=0.0220 best=8.0717 free=106 refined=0 tubes=87 revoked_tubes=0 proofs=128
[depth_angular_controller-1] [INFO] [1790683007.593178456] [depth_angular_controller]: PAPER_EVIDENCE retained=32 balls=32 revoked_balls=0 expired_views=0 evicted_views=79 radius=0.580 clearance=0.000 best_prefix=8.072
[depth_angular_controller-1] [INFO] [1790683007.611083645] [depth_angular_controller]: 3D guidance switched to view 3
[depth_angular_controller-1] [INFO] [1790683007.611367067] [depth_angular_controller]: REFERENCE_INITIALIZATION
[depth_angular_controller-1] [INFO] [1790683007.707376141] [depth_angular_controller]: SINGULAR_FIELD
[depth_angular_controller-1] [INFO] [1790683007.726450936] [depth_angular_controller]: REFERENCE_INITIALIZATION
[depth_angular_controller-1] [INFO] [1790683007.796171839] [depth_angular_controller]: SINGULAR_FIELD
[depth_angular_controller-1] [INFO] [1790683007.813573665] [depth_angular_controller]: REFERENCE_INITIALIZATION
[depth_angular_controller-1] [INFO] [1790683007.897190134] [depth_angular_controller]: SINGULAR_FIELD
[depth_angular_controller-1] [INFO] [1790683007.915370119] [depth_angular_controller]: STATE_OUTSIDE_FREE_DOMAIN
[depth_angular_controller-1] [INFO] [1790683007.960495268] [depth_angular_controller]: [PERF CTRL] run=iteration3_ego1p1_1 elapsed=78.98s callbacks=2414 commands=2413 guidance=2313 command_fps(ros/wall)=37.72/37.02 guidance_wall_fps=36.44 avoid_ms(mean/p50/p95/max)=4.571/0.343/24.320/106.664 cycle_ms(mean/p95/max)=27.011/56.369/127.137 depth_to_cmd_ms(mean/p95/max)=24.953/33.333/50.000 callback_to_publish_ms(mean/p95/max)=21.880/51.470/125.120
[depth_angular_controller-1] [INFO] [1790683007.979204276] [depth_angular_controller]: 3D guidance switched to view 0
[depth_angular_controller-1] [INFO] [1790683007.979471287] [depth_angular_controller]: REFERENCE_INITIALIZATION
[depth_angular_controller-1] [INFO] [1790683008.016111153] [depth_angular_controller]: TARGET_HOLD
[depth_angular_controller-1] [INFO] [1790683008.122534229] [depth_angular_controller]: 3D guidance switched to view 3
[depth_angular_controller-1] [INFO] [1790683008.135576864] [depth_angular_controller]: SINGULAR_FIELD
[depth_angular_controller-1] [INFO] [1790683008.152778223] [depth_angular_controller]: STATE_OUTSIDE_FREE_DOMAIN
[depth_angular_controller-1] [INFO] [1790683008.224585943] [depth_angular_controller]: 3D guidance switched to view 0
[depth_angular_controller-1] [INFO] [1790683008.224874074] [depth_angular_controller]: REFERENCE_INITIALIZATION
[depth_angular_controller-1] [INFO] [1790683008.261535079] [depth_angular_controller]: TARGET_HOLD
[depth_angular_controller-1] [INFO] [1790683008.361178814] [depth_angular_controller]: 3D guidance switched to view 3
[depth_angular_controller-1] [INFO] [1790683008.376219098] [depth_angular_controller]: OUTSIDE_FLOW_BOX
[depth_angular_controller-1] [INFO] [1790683008.395041729] [depth_angular_controller]: TARGET_HOLD
[depth_angular_controller-1] [INFO] [1790683008.484494841] [depth_angular_controller]: OUTSIDE_FLOW_BOX
[depth_angular_controller-1] [INFO] [1790683008.500693127] [depth_angular_controller]: TRACKING
[depth_angular_controller-1] [INFO] [1790683008.615221103] [depth_angular_controller]: PAPER_BUILD reason=READY required=0.0148 best=8.0717 free=105 refined=0 tubes=87 revoked_tubes=0 proofs=128
[depth_angular_controller-1] [INFO] [1790683008.615263823] [depth_angular_controller]: PAPER_EVIDENCE retained=32 balls=32 revoked_balls=0 expired_views=0 evicted_views=79 radius=0.580 clearance=0.500 best_prefix=8.072
[depth_angular_controller-1] [INFO] [1790683008.670679653] [depth_angular_controller]: OUTSIDE_FLOW_BOX
[depth_angular_controller-1] [INFO] [1790683008.688884355] [depth_angular_controller]: TARGET_HOLD
[depth_angular_controller-1] [INFO] [1790683008.771920795] [depth_angular_controller]: OUTSIDE_FLOW_BOX
[depth_angular_controller-1] [INFO] [1790683008.791127297] [depth_angular_controller]: TRACKING
[depth_angular_controller-1] [INFO] [1790683008.826632954] [depth_angular_controller]: TARGET_HOLD
[depth_angular_controller-1] [INFO] [1790683008.875229988] [depth_angular_controller]: OUTSIDE_FLOW_BOX
[depth_angular_controller-1] [INFO] [1790683008.894241694] [depth_angular_controller]: STATE_OUTSIDE_FREE_DOMAIN
[position_cmd_to_twist-2] [INFO] [1790683008.938320971] [position_cmd_to_twist]: [PERF BRIDGE] run=iteration3_ego1p1_1 elapsed=79.85s received=2455 published=2452 fps(ros/wall)=37.82/37.07 controller_to_bridge_ms(mean/p50/p95/max)=18.798/16.667/50.000/133.333 bridge_process_ms(mean/p95/max)=0.113/0.146/1.866
[depth_angular_controller-1] [INFO] [1790683008.952158177] [depth_angular_controller]: 3D guidance switched to view 0
[depth_angular_controller-1] [INFO] [1790683008.952419287] [depth_angular_controller]: TARGET_HOLD
[NAV] t=65.0s position=(-46.73,-8.77,2.05) yaw=10.2deg command=(0.01,-0.00,-0.00) manual_active=1 collision_blocks=0
[depth_angular_controller-1] [INFO] [1790683009.085581430] [depth_angular_controller]: 3D guidance switched to view 3
[depth_angular_controller-1] [INFO] [1790683009.099895831] [depth_angular_controller]: OUTSIDE_FLOW_BOX
[depth_angular_controller-1] [INFO] [1790683009.117248524] [depth_angular_controller]: TARGET_HOLD
[depth_angular_controller-1] [INFO] [1790683009.187392702] [depth_angular_controller]: OUTSIDE_FLOW_BOX
[depth_angular_controller-1] [INFO] [1790683009.254467200] [depth_angular_controller]: TARGET_HOLD
[depth_angular_controller-1] [INFO] [1790683009.271612233] [depth_angular_controller]: 3D guidance switched to view 0
[depth_angular_controller-1] [INFO] [1790683009.404061949] [depth_angular_controller]: 3D guidance switched to view 3
[depth_angular_controller-1] [INFO] [1790683009.404220687] [depth_angular_controller]: STATE_OUTSIDE_FREE_DOMAIN
[depth_angular_controller-1] [INFO] [1790683009.433243930] [depth_angular_controller]: TRACKING
[depth_angular_controller-1] [INFO] [1790683009.493614217] [depth_angular_controller]: 3D guidance switched to view 0
[depth_angular_controller-1] [INFO] [1790683009.493888582] [depth_angular_controller]: TARGET_HOLD
[depth_angular_controller-1] [INFO] [1790683009.540425881] [depth_angular_controller]: 3D guidance switched to view 3
[depth_angular_controller-1] [INFO] [1790683009.574046992] [depth_angular_controller]: TRACKING
[depth_angular_controller-1] [INFO] [1790683009.591555217] [depth_angular_controller]: TARGET_HOLD
[depth_angular_controller-1] [INFO] [1790683009.648947235] [depth_angular_controller]: PAPER_BUILD reason=READY required=0.0135 best=8.0717 free=101 refined=0 tubes=88 revoked_tubes=0 proofs=128
[depth_angular_controller-1] [INFO] [1790683009.648987040] [depth_angular_controller]: PAPER_EVIDENCE retained=32 balls=32 revoked_balls=0 expired_views=0 evicted_views=79 radius=0.580 clearance=0.500 best_prefix=8.072
[depth_angular_controller-1] [INFO] [1790683009.717254245] [depth_angular_controller]: SINGULAR_FIELD
[depth_angular_controller-1] [INFO] [1790683009.729651629] [depth_angular_controller]: STATE_OUTSIDE_FREE_DOMAIN
[depth_angular_controller-1] [INFO] [1790683009.838638497] [depth_angular_controller]: SINGULAR_FIELD
[depth_angular_controller-1] [INFO] [1790683009.920463474] [depth_angular_controller]: 3D guidance switched to view 0
[depth_angular_controller-1] [INFO] [1790683009.920694588] [depth_angular_controller]: TARGET_HOLD
[depth_angular_controller-1] [INFO] [1790683010.106263414] [depth_angular_controller]: OUTSIDE_FLOW_BOX
[depth_angular_controller-1] [INFO] [1790683010.123144722] [depth_angular_controller]: TARGET_HOLD
[depth_angular_controller-1] [INFO] [1790683010.203895083] [depth_angular_controller]: SINGULAR_FIELD
[depth_angular_controller-1] [INFO] [1790683010.225747209] [depth_angular_controller]: 3D guidance switched to view 3
[depth_angular_controller-1] [INFO] [1790683010.226061329] [depth_angular_controller]: REFERENCE_INITIALIZATION
[depth_angular_controller-1] [INFO] [1790683010.300394007] [depth_angular_controller]: OUTSIDE_FLOW_BOX
[depth_angular_controller-1] [INFO] [1790683010.317555491] [depth_angular_controller]: TARGET_HOLD
[depth_angular_controller-1] [INFO] [1790683010.357970210] [depth_angular_controller]: 3D guidance switched to view 0
[depth_angular_controller-1] [INFO] [1790683010.397099347] [depth_angular_controller]: 3D guidance switched to view 3
[depth_angular_controller-1] [INFO] [1790683010.640650139] [depth_angular_controller]: OUTSIDE_FLOW_BOX
[depth_angular_controller-1] [INFO] [1790683010.654710734] [depth_angular_controller]: TRACKING
[depth_angular_controller-1] [INFO] [1790683010.671479120] [depth_angular_controller]: PAPER_BUILD reason=READY required=0.0484 best=2.0217 free=86 refined=0 tubes=88 revoked_tubes=0 proofs=128
[depth_angular_controller-1] [INFO] [1790683010.671515619] [depth_angular_controller]: PAPER_EVIDENCE retained=32 balls=32 revoked_balls=0 expired_views=0 evicted_views=83 radius=0.580 clearance=0.500 best_prefix=2.022
[depth_angular_controller-1] [INFO] [1790683010.767790291] [depth_angular_controller]: OUTSIDE_FLOW_BOX
[depth_angular_controller-1] [INFO] [1790683010.779726841] [depth_angular_controller]: STATE_OUTSIDE_FREE_DOMAIN
[depth_angular_controller-1] [INFO] [1790683010.933580232] [depth_angular_controller]: SINGULAR_FIELD
[depth_angular_controller-1] [INFO] [1790683010.949414425] [depth_angular_controller]: 3D guidance switched to view 0
[depth_angular_controller-1] [INFO] [1790683010.949678230] [depth_angular_controller]: REFERENCE_INITIALIZATION
[depth_angular_controller-1] [INFO] [1790683011.026115698] [depth_angular_controller]: TARGET_HOLD
[depth_angular_controller-1] [INFO] [1790683011.104544682] [depth_angular_controller]: 3D guidance switched to view 3
[depth_angular_controller-1] [INFO] [1790683011.104709021] [depth_angular_controller]: STATE_OUTSIDE_FREE_DOMAIN
[depth_angular_controller-1] [INFO] [1790683011.150415521] [depth_angular_controller]: TARGET_HOLD
[depth_angular_controller-1] [INFO] [1790683011.185051336] [depth_angular_controller]: 3D guidance switched to view 0
[depth_angular_controller-1] [INFO] [1790683011.339383696] [depth_angular_controller]: 3D guidance switched to view 3
[depth_angular_controller-1] [INFO] [1790683011.339540179] [depth_angular_controller]: STATE_OUTSIDE_FREE_DOMAIN
[depth_angular_controller-1] [INFO] [1790683011.412681421] [depth_angular_controller]: 3D guidance switched to view 0
[depth_angular_controller-1] [INFO] [1790683011.435061518] [depth_angular_controller]: TARGET_HOLD
[depth_angular_controller-1] [INFO] [1790683011.643040478] [depth_angular_controller]: 3D guidance switched to view 3
[depth_angular_controller-1] [INFO] [1790683011.702956893] [depth_angular_controller]: OUTSIDE_FLOW_BOX
[depth_angular_controller-1] [INFO] [1790683011.723081868] [depth_angular_controller]: TRACKING
[depth_angular_controller-1] [INFO] [1790683011.814509986] [depth_angular_controller]: SINGULAR_FIELD
[depth_angular_controller-1] [INFO] [1790683011.814546695] [depth_angular_controller]: PAPER_BUILD reason=READY required=0.0273 best=8.0717 free=71 refined=0 tubes=89 revoked_tubes=0 proofs=128
[depth_angular_controller-1] [INFO] [1790683011.814557505] [depth_angular_controller]: PAPER_EVIDENCE retained=32 balls=32 revoked_balls=0 expired_views=0 evicted_views=83 radius=0.580 clearance=0.000 best_prefix=8.072
[depth_angular_controller-1] [INFO] [1790683011.832181567] [depth_angular_controller]: STATE_OUTSIDE_FREE_DOMAIN
[depth_angular_controller-1] [INFO] [1790683011.905192375] [depth_angular_controller]: 3D guidance switched to view 0
[depth_angular_controller-1] [INFO] [1790683011.924616645] [depth_angular_controller]: TARGET_HOLD
[depth_angular_controller-1] [INFO] [1790683012.057946102] [depth_angular_controller]: 3D guidance switched to view 3
[depth_angular_controller-1] [INFO] [1790683012.143443411] [depth_angular_controller]: OUTSIDE_FLOW_BOX
[depth_angular_controller-1] [INFO] [1790683012.161857996] [depth_angular_controller]: TRACKING
[depth_angular_controller-1] [INFO] [1790683012.282028100] [depth_angular_controller]: SINGULAR_FIELD
[depth_angular_controller-1] [INFO] [1790683012.301779053] [depth_angular_controller]: STATE_OUTSIDE_FREE_DOMAIN
[depth_angular_controller-1] [INFO] [1790683012.388587061] [depth_angular_controller]: 3D guidance switched to view 0
[depth_angular_controller-1] [INFO] [1790683012.408716254] [depth_angular_controller]: TARGET_HOLD
[depth_angular_controller-1] [INFO] [1790683012.536390890] [depth_angular_controller]: 3D guidance switched to view 3
[depth_angular_controller-1] [INFO] [1790683012.633440787] [depth_angular_controller]: OUTSIDE_FLOW_BOX
[depth_angular_controller-1] [INFO] [1790683012.649453135] [depth_angular_controller]: TARGET_HOLD
[depth_angular_controller-1] [INFO] [1790683012.810527136] [depth_angular_controller]: SINGULAR_FIELD
[depth_angular_controller-1] [INFO] [1790683012.827785341] [depth_angular_controller]: STATE_OUTSIDE_FREE_DOMAIN
[depth_angular_controller-1] [INFO] [1790683012.987443616] [depth_angular_controller]: [PERF CTRL] run=iteration3_ego1p1_1 elapsed=84.01s callbacks=2624 commands=2623 guidance=2523 command_fps(ros/wall)=38.22/37.36 guidance_wall_fps=36.84 avoid_ms(mean/p50/p95/max)=4.501/0.329/23.779/106.664 cycle_ms(mean/p95/max)=26.765/56.323/127.137 depth_to_cmd_ms(mean/p95/max)=24.785/33.333/50.000 callback_to_publish_ms(mean/p95/max)=21.735/50.897/125.120
[depth_angular_controller-1] [INFO] [1790683012.987495493] [depth_angular_controller]: SINGULAR_FIELD
[depth_angular_controller-1] [INFO] [1790683012.987499781] [depth_angular_controller]: PAPER_BUILD reason=READY required=0.0160 best=8.0717 free=56 refined=0 tubes=89 revoked_tubes=0 proofs=128
[depth_angular_controller-1] [INFO] [1790683012.987505001] [depth_angular_controller]: PAPER_EVIDENCE retained=32 balls=32 revoked_balls=0 expired_views=0 evicted_views=83 radius=0.580 clearance=0.000 best_prefix=8.072
[depth_angular_controller-1] [INFO] [1790683013.007483090] [depth_angular_controller]: 3D guidance switched to view 0
[depth_angular_controller-1] [INFO] [1790683013.007829991] [depth_angular_controller]: REFERENCE_INITIALIZATION
[depth_angular_controller-1] [INFO] [1790683013.025497024] [depth_angular_controller]: TARGET_HOLD
[depth_angular_controller-1] [INFO] [1790683013.146130186] [depth_angular_controller]: 3D guidance switched to view 3
[depth_angular_controller-1] [INFO] [1790683013.146342665] [depth_angular_controller]: STATE_OUTSIDE_FREE_DOMAIN
[depth_angular_controller-1] [INFO] [1790683013.202257180] [depth_angular_controller]: 3D guidance switched to view 0
[depth_angular_controller-1] [INFO] [1790683013.221063231] [depth_angular_controller]: TARGET_HOLD
[depth_angular_controller-1] [INFO] [1790683013.347041393] [depth_angular_controller]: 3D guidance switched to view 3
[depth_angular_controller-1] [INFO] [1790683013.442131703] [depth_angular_controller]: OUTSIDE_FLOW_BOX
[depth_angular_controller-1] [INFO] [1790683013.463536239] [depth_angular_controller]: TARGET_HOLD
[depth_angular_controller-1] [INFO] [1790683013.568220162] [depth_angular_controller]: OUTSIDE_FLOW_BOX
[depth_angular_controller-1] [INFO] [1790683013.589415496] [depth_angular_controller]: TARGET_HOLD
[depth_angular_controller-1] [INFO] [1790683013.690061011] [depth_angular_controller]: SINGULAR_FIELD
[depth_angular_controller-1] [INFO] [1790683013.712401694] [depth_angular_controller]: STATE_OUTSIDE_FREE_DOMAIN
[depth_angular_controller-1] [INFO] [1790683013.776998903] [depth_angular_controller]: 3D guidance switched to view 0
[depth_angular_controller-1] [INFO] [1790683013.798399081] [depth_angular_controller]: TARGET_HOLD
[depth_angular_controller-1] [INFO] [1790683014.002514280] [depth_angular_controller]: 3D guidance switched to view 3
[depth_angular_controller-1] [INFO] [1790683014.002978130] [depth_angular_controller]: PAPER_BUILD reason=READY required=0.0100 best=8.0717 free=5 refined=0 tubes=89 revoked_tubes=0 proofs=128
[depth_angular_controller-1] [INFO] [1790683014.002990724] [depth_angular_controller]: PAPER_EVIDENCE retained=32 balls=32 revoked_balls=0 expired_views=0 evicted_views=83 radius=0.580 clearance=0.500 best_prefix=8.072
[depth_angular_controller-1] [INFO] [1790683014.051463865] [depth_angular_controller]: OUTSIDE_FLOW_BOX
[depth_angular_controller-1] [INFO] [1790683014.073466123] [depth_angular_controller]: TARGET_HOLD
[depth_angular_controller-1] [INFO] [1790683014.183520394] [depth_angular_controller]: OUTSIDE_FLOW_BOX
[depth_angular_controller-1] [INFO] [1790683014.205634862] [depth_angular_controller]: TARGET_HOLD
[position_cmd_to_twist-2] [INFO] [1790683014.266797757] [position_cmd_to_twist]: [PERF BRIDGE] run=iteration3_ego1p1_1 elapsed=85.18s received=2675 published=2672 fps(ros/wall)=38.26/37.39 controller_to_bridge_ms(mean/p50/p95/max)=18.804/16.667/50.000/133.333 bridge_process_ms(mean/p95/max)=0.114/0.146/2.004
[depth_angular_controller-1] [INFO] [1790683014.283821382] [depth_angular_controller]: SINGULAR_FIELD
[depth_angular_controller-1] [INFO] [1790683014.306166443] [depth_angular_controller]: STATE_OUTSIDE_FREE_DOMAIN
[NAV] t=70.0s position=(-46.52,-8.95,2.02) yaw=10.3deg command=(0.00,0.00,0.00) manual_active=1 collision_blocks=0
[depth_angular_controller-1] [INFO] [1790683014.352697360] [depth_angular_controller]: 3D guidance switched to view 0
[depth_angular_controller-1] [INFO] [1790683014.353001521] [depth_angular_controller]: REFERENCE_INITIALIZATION
[depth_angular_controller-1] [INFO] [1790683014.377830644] [depth_angular_controller]: TRACKING
[depth_angular_controller-1] [INFO] [1790683014.431994444] [depth_angular_controller]: TARGET_HOLD
[depth_angular_controller-1] [INFO] [1790683014.531283453] [depth_angular_controller]: 3D guidance switched to view 3
[depth_angular_controller-1] [INFO] [1790683014.547733231] [depth_angular_controller]: TRACKING
[depth_angular_controller-1] [INFO] [1790683014.665883855] [depth_angular_controller]: OUTSIDE_FLOW_BOX
[depth_angular_controller-1] [INFO] [1790683014.690506290] [depth_angular_controller]: TARGET_HOLD
[depth_angular_controller-1] [INFO] [1790683014.781177357] [depth_angular_controller]: OUTSIDE_FLOW_BOX
[depth_angular_controller-1] [INFO] [1790683014.810934397] [depth_angular_controller]: TARGET_HOLD
[depth_angular_controller-1] [INFO] [1790683014.901822231] [depth_angular_controller]: OUTSIDE_FLOW_BOX
[depth_angular_controller-1] [INFO] [1790683014.929245953] [depth_angular_controller]: STATE_OUTSIDE_FREE_DOMAIN
[depth_angular_controller-1] [INFO] [1790683014.954883974] [depth_angular_controller]: PAPER_BUILD reason=READY required=0.0265 best=8.0717 free=50 refined=0 tubes=89 revoked_tubes=0 proofs=128
[depth_angular_controller-1] [INFO] [1790683014.954925572] [depth_angular_controller]: PAPER_EVIDENCE retained=32 balls=32 revoked_balls=0 expired_views=0 evicted_views=87 radius=0.580 clearance=0.000 best_prefix=8.072
[depth_angular_controller-1] [INFO] [1790683015.007092485] [depth_angular_controller]: 3D guidance switched to view 0
[depth_angular_controller-1] [INFO] [1790683015.032814383] [depth_angular_controller]: TARGET_HOLD
[depth_angular_controller-1] [INFO] [1790683015.168449256] [depth_angular_controller]: 3D guidance switched to view 3
[depth_angular_controller-1] [INFO] [1790683015.234787462] [depth_angular_controller]: SINGULAR_FIELD
[depth_angular_controller-1] [INFO] [1790683015.263314945] [depth_angular_controller]: REFERENCE_INITIALIZATION
[depth_angular_controller-1] [INFO] [1790683015.361823209] [depth_angular_controller]: SINGULAR_FIELD
[depth_angular_controller-1] [INFO] [1790683015.387086636] [depth_angular_controller]: TARGET_HOLD
[depth_angular_controller-1] [INFO] [1790683015.480255621] [depth_angular_controller]: OUTSIDE_FLOW_BOX
[depth_angular_controller-1] [INFO] [1790683015.507848991] [depth_angular_controller]: TARGET_HOLD
[depth_angular_controller-1] [INFO] [1790683015.609451021] [depth_angular_controller]: OUTSIDE_FLOW_BOX
[depth_angular_controller-1] [INFO] [1790683015.637506418] [depth_angular_controller]: 3D guidance switched to view 0
[depth_angular_controller-1] [INFO] [1790683015.637683209] [depth_angular_controller]: STATE_OUTSIDE_FREE_DOMAIN
[depth_angular_controller-1] [INFO] [1790683015.722928846] [depth_angular_controller]: TARGET_HOLD
[depth_angular_controller-1] [INFO] [1790683015.858359656] [depth_angular_controller]: 3D guidance switched to view 3
[depth_angular_controller-1] [INFO] [1790683015.858817986] [depth_angular_controller]: PAPER_BUILD reason=READY required=0.0100 best=8.0717 free=9 refined=0 tubes=89 revoked_tubes=0 proofs=128
[depth_angular_controller-1] [INFO] [1790683015.858830950] [depth_angular_controller]: PAPER_EVIDENCE retained=32 balls=32 revoked_balls=0 expired_views=0 evicted_views=87 radius=0.580 clearance=0.500 best_prefix=8.072
[depth_angular_controller-1] [INFO] [1790683015.918970745] [depth_angular_controller]: SINGULAR_FIELD
[depth_angular_controller-1] [INFO] [1790683015.945643848] [depth_angular_controller]: REFERENCE_INITIALIZATION
[depth_angular_controller-1] [INFO] [1790683016.048335352] [depth_angular_controller]: SINGULAR_FIELD
[depth_angular_controller-1] [INFO] [1790683016.075181379] [depth_angular_controller]: TARGET_HOLD
[depth_angular_controller-1] [INFO] [1790683016.177806258] [depth_angular_controller]: OUTSIDE_FLOW_BOX
[depth_angular_controller-1] [INFO] [1790683016.204672073] [depth_angular_controller]: TARGET_HOLD
[depth_angular_controller-1] [INFO] [1790683016.306930975] [depth_angular_controller]: OUTSIDE_FLOW_BOX
[depth_angular_controller-1] [INFO] [1790683016.334576232] [depth_angular_controller]: 3D guidance switched to view 0
[depth_angular_controller-1] [INFO] [1790683016.335300832] [depth_angular_controller]: TARGET_HOLD
[depth_angular_controller-1] [INFO] [1790683016.416160979] [depth_angular_controller]: OUTSIDE_FLOW_BOX
[depth_angular_controller-1] [INFO] [1790683016.445186406] [depth_angular_controller]: TARGET_HOLD
[depth_angular_controller-1] [INFO] [1790683016.520005978] [depth_angular_controller]: OUTSIDE_FLOW_BOX
[depth_angular_controller-1] [INFO] [1790683016.553873591] [depth_angular_controller]: TARGET_HOLD
[depth_angular_controller-1] [INFO] [1790683016.681464580] [depth_angular_controller]: STATE_OUTSIDE_FREE_DOMAIN
[depth_angular_controller-1] [INFO] [1790683016.756604433] [depth_angular_controller]: OUTSIDE_FLOW_BOX
[depth_angular_controller-1] [INFO] [1790683016.782416961] [depth_angular_controller]: REFERENCE_INITIALIZATION
[depth_angular_controller-1] [INFO] [1790683016.852350283] [depth_angular_controller]: TARGET_HOLD
[depth_angular_controller-1] [INFO] [1790683016.935946244] [depth_angular_controller]: PAPER_BUILD reason=READY required=0.0100 best=8.0717 free=11 refined=0 tubes=90 revoked_tubes=0 proofs=128
[depth_angular_controller-1] [INFO] [1790683016.935994544] [depth_angular_controller]: PAPER_EVIDENCE retained=32 balls=32 revoked_balls=0 expired_views=0 evicted_views=87 radius=0.580 clearance=0.500 best_prefix=8.072
[depth_angular_controller-1] [INFO] [1790683017.000779676] [depth_angular_controller]: STATE_OUTSIDE_FREE_DOMAIN
[depth_angular_controller-1] [INFO] [1790683017.058157126] [depth_angular_controller]: OUTSIDE_FLOW_BOX
[depth_angular_controller-1] [INFO] [1790683017.090362411] [depth_angular_controller]: REFERENCE_INITIALIZATION
[depth_angular_controller-1] [INFO] [1790683017.185695877] [depth_angular_controller]: TARGET_HOLD
[depth_angular_controller-1] [INFO] [1790683017.219132161] [depth_angular_controller]: 3D guidance switched to view 3
[depth_angular_controller-1] [INFO] [1790683017.219310706] [depth_angular_controller]: STATE_OUTSIDE_FREE_DOMAIN
[depth_angular_controller-1] [INFO] [1790683017.281399749] [depth_angular_controller]: 3D guidance switched to view 0
[depth_angular_controller-1] [INFO] [1790683017.314274129] [depth_angular_controller]: TARGET_HOLD
[depth_angular_controller-1] [INFO] [1790683017.441012968] [depth_angular_controller]: 3D guidance switched to view 3
[depth_angular_controller-1] [INFO] [1790683017.488953500] [depth_angular_controller]: OUTSIDE_FLOW_BOX
[depth_angular_controller-1] [INFO] [1790683017.520187171] [depth_angular_controller]: STATE_OUTSIDE_FREE_DOMAIN
[depth_angular_controller-1] [INFO] [1790683017.599644195] [depth_angular_controller]: OUTSIDE_FLOW_BOX
[depth_angular_controller-1] [INFO] [1790683017.630152405] [depth_angular_controller]: 3D guidance switched to view 0
[depth_angular_controller-1] [INFO] [1790683017.630789180] [depth_angular_controller]: TARGET_HOLD
[depth_angular_controller-1] [INFO] [1790683017.768925687] [depth_angular_controller]: 3D guidance switched to view 3
[depth_angular_controller-1] [INFO] [1790683017.817773201] [depth_angular_controller]: OUTSIDE_FLOW_BOX
[depth_angular_controller-1] [INFO] [1790683017.848069754] [depth_angular_controller]: STATE_OUTSIDE_FREE_DOMAIN
[depth_angular_controller-1] [INFO] [1790683017.881680626] [depth_angular_controller]: PAPER_BUILD reason=READY required=0.0150 best=8.0717 free=43 refined=0 tubes=91 revoked_tubes=0 proofs=128
[depth_angular_controller-1] [INFO] [1790683017.881717746] [depth_angular_controller]: PAPER_EVIDENCE retained=32 balls=32 revoked_balls=0 expired_views=0 evicted_views=87 radius=0.580 clearance=0.000 best_prefix=8.072
[depth_angular_controller-1] [INFO] [1790683017.927376536] [depth_angular_controller]: OUTSIDE_FLOW_BOX
[depth_angular_controller-1] [INFO] [1790683017.959185987] [depth_angular_controller]: 3D guidance switched to view 0
[depth_angular_controller-1] [INFO] [1790683017.959425246] [depth_angular_controller]: TARGET_HOLD
[depth_angular_controller-1] [INFO] [1790683017.991805168] [depth_angular_controller]: [PERF CTRL] run=iteration3_ego1p1_1 elapsed=89.01s callbacks=2783 commands=2782 guidance=2682 command_fps(ros/wall)=37.67/36.99 guidance_wall_fps=36.49 avoid_ms(mean/p50/p95/max)=4.571/0.346/24.188/106.664 cycle_ms(mean/p95/max)=27.034/56.369/127.137 depth_to_cmd_ms(mean/p95/max)=24.509/33.333/50.000 callback_to_publish_ms(mean/p95/max)=22.237/51.127/125.120
[depth_angular_controller-1] [INFO] [1790683018.162536561] [depth_angular_controller]: 3D guidance switched to view 3
[depth_angular_controller-1] [INFO] [1790683018.207443000] [depth_angular_controller]: OUTSIDE_FLOW_BOX
[depth_angular_controller-1] [INFO] [1790683018.240126632] [depth_angular_controller]: STATE_OUTSIDE_FREE_DOMAIN
[depth_angular_controller-1] [INFO] [1790683018.315214817] [depth_angular_controller]: OUTSIDE_FLOW_BOX
[depth_angular_controller-1] [INFO] [1790683018.346679742] [depth_angular_controller]: 3D guidance switched to view 0
[depth_angular_controller-1] [INFO] [1790683018.346957674] [depth_angular_controller]: TARGET_HOLD
[depth_angular_controller-1] [INFO] [1790683018.508576798] [depth_angular_controller]: 3D guidance switched to view 3
[depth_angular_controller-1] [INFO] [1790683018.508827238] [depth_angular_controller]: STATE_OUTSIDE_FREE_DOMAIN
[depth_angular_controller-1] [INFO] [1790683018.561001845] [depth_angular_controller]: TRACKING
[depth_angular_controller-1] [INFO] [1790683018.593983005] [depth_angular_controller]: 3D guidance switched to view 0
[depth_angular_controller-1] [INFO] [1790683018.594519803] [depth_angular_controller]: TARGET_HOLD
[depth_angular_controller-1] [INFO] [1790683018.768661896] [depth_angular_controller]: STATE_OUTSIDE_FREE_DOMAIN
[depth_angular_controller-1] [INFO] [1790683018.853236193] [depth_angular_controller]: OUTSIDE_FLOW_BOX
[depth_angular_controller-1] [INFO] [1790683018.885789340] [depth_angular_controller]: TARGET_HOLD
[depth_angular_controller-1] [INFO] [1790683018.922043953] [depth_angular_controller]: PAPER_BUILD reason=READY required=0.0194 best=8.0717 free=11 refined=0 tubes=91 revoked_tubes=0 proofs=128
[depth_angular_controller-1] [INFO] [1790683018.922080962] [depth_angular_controller]: PAPER_EVIDENCE retained=32 balls=32 revoked_balls=0 expired_views=0 evicted_views=87 radius=0.580 clearance=0.500 best_prefix=8.072
[depth_angular_controller-1] [INFO] [1790683019.052095980] [depth_angular_controller]: 3D guidance switched to view 3
[position_cmd_to_twist-2] [INFO] [1790683019.078111378] [position_cmd_to_twist]: [PERF BRIDGE] run=iteration3_ego1p1_1 elapsed=89.99s received=2809 published=2806 fps(ros/wall)=37.52/36.79 controller_to_bridge_ms(mean/p50/p95/max)=19.639/16.667/50.000/133.333 bridge_process_ms(mean/p95/max)=0.114/0.147/2.004
[depth_angular_controller-1] [INFO] [1790683019.100058373] [depth_angular_controller]: OUTSIDE_FLOW_BOX
[depth_angular_controller-1] [INFO] [1790683019.134014372] [depth_angular_controller]: STATE_OUTSIDE_FREE_DOMAIN
[NAV] t=75.0s position=(-46.33,-9.09,2.01) yaw=10.4deg command=(0.05,-0.04,0.01) manual_active=1 collision_blocks=0
[depth_angular_controller-1] [INFO] [1790683019.210452261] [depth_angular_controller]: OUTSIDE_FLOW_BOX
[depth_angular_controller-1] [INFO] [1790683019.245856187] [depth_angular_controller]: 3D guidance switched to view 0
[depth_angular_controller-1] [INFO] [1790683019.246126014] [depth_angular_controller]: TARGET_HOLD
[depth_angular_controller-1] [INFO] [1790683019.377476146] [depth_angular_controller]: 3D guidance switched to view 3
[depth_angular_controller-1] [INFO] [1790683019.377652978] [depth_angular_controller]: STATE_OUTSIDE_FREE_DOMAIN
[depth_angular_controller-1] [INFO] [1790683019.428022639] [depth_angular_controller]: TRACKING
[depth_angular_controller-1] [INFO] [1790683019.460287815] [depth_angular_controller]: 3D guidance switched to view 0
[depth_angular_controller-1] [INFO] [1790683019.460746436] [depth_angular_controller]: TARGET_HOLD
[depth_angular_controller-1] [INFO] [1790683019.599625076] [depth_angular_controller]: STATE_OUTSIDE_FREE_DOMAIN
[depth_angular_controller-1] [INFO] [1790683019.653542494] [depth_angular_controller]: OUTSIDE_FLOW_BOX
[depth_angular_controller-1] [INFO] [1790683019.688731217] [depth_angular_controller]: TARGET_HOLD
[depth_angular_controller-1] [INFO] [1790683019.827224374] [depth_angular_controller]: STATE_OUTSIDE_FREE_DOMAIN
[depth_angular_controller-1] [INFO] [1790683019.882020361] [depth_angular_controller]: OUTSIDE_FLOW_BOX
[depth_angular_controller-1] [INFO] [1790683019.882057641] [depth_angular_controller]: PAPER_BUILD reason=READY required=0.0169 best=8.0717 free=17 refined=0 tubes=91 revoked_tubes=0 proofs=128
[depth_angular_controller-1] [INFO] [1790683019.882069333] [depth_angular_controller]: PAPER_EVIDENCE retained=32 balls=32 revoked_balls=0 expired_views=0 evicted_views=87 radius=0.580 clearance=0.000 best_prefix=8.072
[depth_angular_controller-1] [INFO] [1790683019.915344024] [depth_angular_controller]: REFERENCE_INITIALIZATION
[depth_angular_controller-1] [INFO] [1790683019.946776077] [depth_angular_controller]: TARGET_HOLD
[depth_angular_controller-1] [INFO] [1790683020.048414515] [depth_angular_controller]: 3D guidance switched to view 3
[depth_angular_controller-1] [INFO] [1790683020.048632013] [depth_angular_controller]: STATE_OUTSIDE_FREE_DOMAIN
[depth_angular_controller-1] [INFO] [1790683020.096806013] [depth_angular_controller]: OUTSIDE_FLOW_BOX
[depth_angular_controller-1] [INFO] [1790683020.127018077] [depth_angular_controller]: 3D guidance switched to view 0
[depth_angular_controller-1] [INFO] [1790683020.127329291] [depth_angular_controller]: REFERENCE_INITIALIZATION
[depth_angular_controller-1] [INFO] [1790683020.159643951] [depth_angular_controller]: TARGET_HOLD
[depth_angular_controller-1] [INFO] [1790683020.263975542] [depth_angular_controller]: 3D guidance switched to view 3
[depth_angular_controller-1] [INFO] [1790683020.264183513] [depth_angular_controller]: STATE_OUTSIDE_FREE_DOMAIN
[depth_angular_controller-1] [INFO] [1790683020.311102327] [depth_angular_controller]: OUTSIDE_FLOW_BOX
[depth_angular_controller-1] [INFO] [1790683020.342747110] [depth_angular_controller]: STATE_OUTSIDE_FREE_DOMAIN
[depth_angular_controller-1] [INFO] [1790683020.375387380] [depth_angular_controller]: 3D guidance switched to view 0
[depth_angular_controller-1] [INFO] [1790683020.375673137] [depth_angular_controller]: REFERENCE_INITIALIZATION
[depth_angular_controller-1] [INFO] [1790683020.441171276] [depth_angular_controller]: TARGET_HOLD
[depth_angular_controller-1] [INFO] [1790683020.566083168] [depth_angular_controller]: 3D guidance switched to view 3
[depth_angular_controller-1] [INFO] [1790683020.579692656] [depth_angular_controller]: OUTSIDE_FLOW_BOX
[depth_angular_controller-1] [INFO] [1790683020.678540788] [depth_angular_controller]: STATE_OUTSIDE_FREE_DOMAIN
[depth_angular_controller-1] [INFO] [1790683020.712241318] [depth_angular_controller]: 3D guidance switched to view 0
[depth_angular_controller-1] [INFO] [1790683020.713100100] [depth_angular_controller]: TARGET_HOLD
[depth_angular_controller-1] [INFO] [1790683020.875760017] [depth_angular_controller]: 3D guidance switched to view 3
[depth_angular_controller-1] [INFO] [1790683020.893423142] [depth_angular_controller]: OUTSIDE_FLOW_BOX
[depth_angular_controller-1] [INFO] [1790683020.925687537] [depth_angular_controller]: STATE_OUTSIDE_FREE_DOMAIN
[depth_angular_controller-1] [INFO] [1790683020.960278488] [depth_angular_controller]: PAPER_BUILD reason=READY required=0.0161 best=8.0717 free=13 refined=0 tubes=91 revoked_tubes=0 proofs=128
[depth_angular_controller-1] [INFO] [1790683020.960315327] [depth_angular_controller]: PAPER_EVIDENCE retained=32 balls=32 revoked_balls=0 expired_views=0 evicted_views=91 radius=0.580 clearance=0.000 best_prefix=8.072
[depth_angular_controller-1] [INFO] [1790683021.001020352] [depth_angular_controller]: OUTSIDE_FLOW_BOX
[depth_angular_controller-1] [INFO] [1790683021.026428862] [depth_angular_controller]: 3D guidance switched to view 0
[depth_angular_controller-1] [INFO] [1790683021.026545471] [depth_angular_controller]: SINGULAR_FIELD
[depth_angular_controller-1] [INFO] [1790683021.172742484] [depth_angular_controller]: TARGET_HOLD
[depth_angular_controller-1] [INFO] [1790683021.312281484] [depth_angular_controller]: 3D guidance switched to view 3
[depth_angular_controller-1] [INFO] [1790683021.364193178] [depth_angular_controller]: SINGULAR_FIELD
[depth_angular_controller-1] [INFO] [1790683021.397647686] [depth_angular_controller]: STATE_OUTSIDE_FREE_DOMAIN
[depth_angular_controller-1] [INFO] [1790683021.484166201] [depth_angular_controller]: SINGULAR_FIELD
[depth_angular_controller-1] [INFO] [1790683021.517318362] [depth_angular_controller]: 3D guidance switched to view 0
[depth_angular_controller-1] [INFO] [1790683021.517615570] [depth_angular_controller]: REFERENCE_INITIALIZATION
[depth_angular_controller-1] [INFO] [1790683021.591436918] [depth_angular_controller]: TARGET_HOLD
[depth_angular_controller-1] [INFO] [1790683021.731391117] [depth_angular_controller]: 3D guidance switched to view 3
[depth_angular_controller-1] [INFO] [1790683021.779883024] [depth_angular_controller]: OUTSIDE_FLOW_BOX
[depth_angular_controller-1] [INFO] [1790683021.813958447] [depth_angular_controller]: STATE_OUTSIDE_FREE_DOMAIN
[depth_angular_controller-1] [INFO] [1790683021.896543541] [depth_angular_controller]: OUTSIDE_FLOW_BOX
[depth_angular_controller-1] [INFO] [1790683021.928915148] [depth_angular_controller]: 3D guidance switched to view 0
[depth_angular_controller-1] [INFO] [1790683021.932123368] [depth_angular_controller]: TARGET_HOLD
[depth_angular_controller-1] [INFO] [1790683021.932142714] [depth_angular_controller]: PAPER_BUILD reason=READY required=0.0231 best=8.0717 free=4 refined=0 tubes=92 revoked_tubes=0 proofs=128
[depth_angular_controller-1] [INFO] [1790683021.932153655] [depth_angular_controller]: PAPER_EVIDENCE retained=32 balls=32 revoked_balls=0 expired_views=0 evicted_views=91 radius=0.580 clearance=0.219 best_prefix=8.072
[depth_angular_controller-1] [INFO] [1790683022.173334759] [depth_angular_controller]: OUTSIDE_FLOW_BOX
[depth_angular_controller-1] [INFO] [1790683022.207167087] [depth_angular_controller]: 3D guidance switched to view 3
[depth_angular_controller-1] [INFO] [1790683022.207455438] [depth_angular_controller]: TARGET_HOLD
[depth_angular_controller-1] [INFO] [1790683022.289247654] [depth_angular_controller]: OUTSIDE_FLOW_BOX
[depth_angular_controller-1] [INFO] [1790683022.322188438] [depth_angular_controller]: TARGET_HOLD
[depth_angular_controller-1] [INFO] [1790683022.379548907] [depth_angular_controller]: 3D guidance switched to view 0
[depth_angular_controller-1] [INFO] [1790683022.484814231] [depth_angular_controller]: 3D guidance switched to view 3
[depth_angular_controller-1] [INFO] [1790683022.484998597] [depth_angular_controller]: STATE_OUTSIDE_FREE_DOMAIN
[depth_angular_controller-1] [INFO] [1790683022.519280227] [depth_angular_controller]: TARGET_HOLD
[depth_angular_controller-1] [INFO] [1790683022.587709167] [depth_angular_controller]: 3D guidance switched to view 0
[depth_angular_controller-1] [INFO] [1790683022.656418412] [depth_angular_controller]: 3D guidance switched to view 3
[depth_angular_controller-1] [INFO] [1790683022.702288378] [depth_angular_controller]: OUTSIDE_FLOW_BOX
[depth_angular_controller-1] [INFO] [1790683022.735183878] [depth_angular_controller]: STATE_OUTSIDE_FREE_DOMAIN
[depth_angular_controller-1] [INFO] [1790683022.801414372] [depth_angular_controller]: 3D guidance switched to view 0
[depth_angular_controller-1] [INFO] [1790683022.836945517] [depth_angular_controller]: TARGET_HOLD
[depth_angular_controller-1] [INFO] [1790683022.976670947] [depth_angular_controller]: 3D guidance switched to view 3
[depth_angular_controller-1] [INFO] [1790683022.977364959] [depth_angular_controller]: PAPER_BUILD reason=READY required=0.0100 best=8.0717 free=14 refined=0 tubes=92 revoked_tubes=0 proofs=128
[depth_angular_controller-1] [INFO] [1790683022.977382091] [depth_angular_controller]: PAPER_EVIDENCE retained=32 balls=32 revoked_balls=0 expired_views=0 evicted_views=91 radius=0.580 clearance=0.500 best_prefix=8.072
[depth_angular_controller-1] [INFO] [1790683023.025470691] [depth_angular_controller]: [PERF CTRL] run=iteration3_ego1p1_1 elapsed=94.04s callbacks=2903 commands=2902 guidance=2802 command_fps(ros/wall)=36.79/36.16 guidance_wall_fps=35.68 avoid_ms(mean/p50/p95/max)=4.765/0.351/24.858/106.664 cycle_ms(mean/p95/max)=27.651/57.179/127.137 depth_to_cmd_ms(mean/p95/max)=24.322/33.333/50.000 callback_to_publish_ms(mean/p95/max)=22.981/51.994/125.120
[depth_angular_controller-1] [INFO] [1790683023.025600975] [depth_angular_controller]: OUTSIDE_FLOW_BOX
[depth_angular_controller-1] [INFO] [1790683023.062583895] [depth_angular_controller]: TARGET_HOLD
[depth_angular_controller-1] [INFO] [1790683023.102647175] [depth_angular_controller]: OUTSIDE_FLOW_BOX
[depth_angular_controller-1] [INFO] [1790683023.128460344] [depth_angular_controller]: TARGET_HOLD
[depth_angular_controller-1] [INFO] [1790683023.239182899] [depth_angular_controller]: 3D guidance switched to view 0
[depth_angular_controller-1] [INFO] [1790683023.294598218] [depth_angular_controller]: OUTSIDE_FLOW_BOX
[depth_angular_controller-1] [INFO] [1790683023.327548129] [depth_angular_controller]: STATE_OUTSIDE_FREE_DOMAIN
[depth_angular_controller-1] [INFO] [1790683023.426721181] [depth_angular_controller]: TARGET_HOLD
[depth_angular_controller-1] [INFO] [1790683023.655342597] [depth_angular_controller]: 3D guidance switched to view 3
[depth_angular_controller-1] [INFO] [1790683023.670305816] [depth_angular_controller]: OUTSIDE_FLOW_BOX
[depth_angular_controller-1] [INFO] [1790683023.704231458] [depth_angular_controller]: STATE_OUTSIDE_FREE_DOMAIN
[depth_angular_controller-1] [INFO] [1790683023.773747497] [depth_angular_controller]: 3D guidance switched to view 0
[depth_angular_controller-1] [INFO] [1790683023.814286039] [depth_angular_controller]: TARGET_HOLD
[depth_angular_controller-1] [INFO] [1790683023.955040911] [depth_angular_controller]: 3D guidance switched to view 3
[depth_angular_controller-1] [INFO] [1790683024.007977398] [depth_angular_controller]: OUTSIDE_FLOW_BOX
[depth_angular_controller-1] [INFO] [1790683024.050937033] [depth_angular_controller]: TARGET_HOLD
[depth_angular_controller-1] [INFO] [1790683024.101377346] [depth_angular_controller]: OUTSIDE_FLOW_BOX
[depth_angular_controller-1] [INFO] [1790683024.101414195] [depth_angular_controller]: PAPER_BUILD reason=READY required=0.0236 best=8.0717 free=3 refined=0 tubes=92 revoked_tubes=0 proofs=128
[depth_angular_controller-1] [INFO] [1790683024.101424735] [depth_angular_controller]: PAPER_EVIDENCE retained=32 balls=32 revoked_balls=0 expired_views=0 evicted_views=91 radius=0.580 clearance=0.000 best_prefix=8.072
[depth_angular_controller-1] [INFO] [1790683024.134600611] [depth_angular_controller]: 3D guidance switched to view 0
[depth_angular_controller-1] [INFO] [1790683024.135308309] [depth_angular_controller]: TARGET_HOLD
[position_cmd_to_twist-2] [INFO] [1790683024.142148154] [position_cmd_to_twist]: [PERF BRIDGE] run=iteration3_ego1p1_1 elapsed=95.05s received=2927 published=2924 fps(ros/wall)=36.64/35.94 controller_to_bridge_ms(mean/p50/p95/max)=20.499/16.667/50.000/133.333 bridge_process_ms(mean/p95/max)=0.114/0.147/2.004
[NAV] t=80.0s position=(-46.18,-9.19,2.02) yaw=10.5deg command=(0.03,-0.02,0.00) manual_active=1 collision_blocks=0
[depth_angular_controller-1] [INFO] [1790683024.284973410] [depth_angular_controller]: STATE_OUTSIDE_FREE_DOMAIN
[depth_angular_controller-1] [INFO] [1790683024.341458977] [depth_angular_controller]: OUTSIDE_FLOW_BOX
[depth_angular_controller-1] [INFO] [1790683024.374960895] [depth_angular_controller]: TARGET_HOLD
[depth_angular_controller-1] [INFO] [1790683024.518116090] [depth_angular_controller]: 3D guidance switched to view 3
[depth_angular_controller-1] [INFO] [1790683024.570004811] [depth_angular_controller]: OUTSIDE_FLOW_BOX
[depth_angular_controller-1] [INFO] [1790683024.603232855] [depth_angular_controller]: TARGET_HOLD
[depth_angular_controller-1] [INFO] [1790683024.686968898] [depth_angular_controller]: OUTSIDE_FLOW_BOX
[depth_angular_controller-1] [INFO] [1790683024.721459010] [depth_angular_controller]: 3D guidance switched to view 0
[depth_angular_controller-1] [INFO] [1790683024.722146771] [depth_angular_controller]: TARGET_HOLD
[depth_angular_controller-1] [INFO] [1790683024.810290525] [depth_angular_controller]: OUTSIDE_FLOW_BOX
[depth_angular_controller-1] [INFO] [1790683024.838538203] [depth_angular_controller]: TARGET_HOLD
[depth_angular_controller-1] [INFO] [1790683024.982248661] [depth_angular_controller]: OUTSIDE_FLOW_BOX
[depth_angular_controller-1] [INFO] [1790683025.016720658] [depth_angular_controller]: STATE_OUTSIDE_FREE_DOMAIN
[depth_angular_controller-1] [INFO] [1790683025.122510807] [depth_angular_controller]: TARGET_HOLD
[depth_angular_controller-1] [INFO] [1790683025.122546845] [depth_angular_controller]: PAPER_BUILD reason=READY required=0.0100 best=8.0717 free=16 refined=0 tubes=92 revoked_tubes=0 proofs=128
[depth_angular_controller-1] [INFO] [1790683025.122556884] [depth_angular_controller]: PAPER_EVIDENCE retained=32 balls=32 revoked_balls=0 expired_views=0 evicted_views=91 radius=0.580 clearance=0.500 best_prefix=8.072
[depth_angular_controller-1] [INFO] [1790683025.261845834] [depth_angular_controller]: 3D guidance switched to view 3
[depth_angular_controller-1] [INFO] [1790683025.601928531] [depth_angular_controller]: 3D guidance switched to view 0
[depth_angular_controller-1] [INFO] [1790683025.721254670] [depth_angular_controller]: COMPUTE_DEADLINE
[depth_angular_controller-1] [INFO] [1790683025.755578380] [depth_angular_controller]: TARGET_HOLD
[depth_angular_controller-1] [INFO] [1790683026.046636771] [depth_angular_controller]: COMPUTE_DEADLINE
[depth_angular_controller-1] [INFO] [1790683026.046685813] [depth_angular_controller]: PAPER_BUILD reason=READY required=0.1215 best=8.0717 free=67 refined=0 tubes=94 revoked_tubes=0 proofs=128
[depth_angular_controller-1] [INFO] [1790683026.046697174] [depth_angular_controller]: PAPER_EVIDENCE retained=32 balls=32 revoked_balls=0 expired_views=0 evicted_views=109 radius=0.580 clearance=0.500 best_prefix=8.072
[depth_angular_controller-1] [INFO] [1790683026.080694341] [depth_angular_controller]: TARGET_HOLD
[depth_angular_controller-1] [INFO] [1790683026.367448354] [depth_angular_controller]: COMPUTE_DEADLINE
[depth_angular_controller-1] [INFO] [1790683026.403143167] [depth_angular_controller]: TARGET_HOLD
[depth_angular_controller-1] [INFO] [1790683026.487516546] [depth_angular_controller]: COMPUTE_DEADLINE
[depth_angular_controller-1] [INFO] [1790683026.513385921] [depth_angular_controller]: STATE_OUTSIDE_FREE_DOMAIN
[depth_angular_controller-1] [INFO] [1790683026.580909131] [depth_angular_controller]: OUTSIDE_FLOW_BOX
[depth_angular_controller-1] [INFO] [1790683026.758239557] [depth_angular_controller]: TARGET_HOLD
[depth_angular_controller-1] [INFO] [1790683027.003549710] [depth_angular_controller]: COMPUTE_DEADLINE
[depth_angular_controller-1] [INFO] [1790683027.116933609] [depth_angular_controller]: TARGET_HOLD
[depth_angular_controller-1] [INFO] [1790683027.209447714] [depth_angular_controller]: COMPUTE_DEADLINE
[depth_angular_controller-1] [INFO] [1790683027.243242391] [depth_angular_controller]: STATE_OUTSIDE_FREE_DOMAIN
[depth_angular_controller-1] [INFO] [1790683027.243665676] [depth_angular_controller]: PAPER_BUILD reason=READY required=0.0100 best=8.0717 free=38 refined=0 tubes=95 revoked_tubes=0 proofs=128
[depth_angular_controller-1] [INFO] [1790683027.243807792] [depth_angular_controller]: PAPER_EVIDENCE retained=32 balls=32 revoked_balls=0 expired_views=0 evicted_views=166 radius=0.580 clearance=0.000 best_prefix=8.072
[depth_angular_controller-1] [INFO] [1790683027.329916087] [depth_angular_controller]: COMPUTE_DEADLINE
[depth_angular_controller-1] [INFO] [1790683027.623910859] [depth_angular_controller]: TARGET_HOLD
[depth_angular_controller-1] [INFO] [1790683027.775301909] [depth_angular_controller]: COMPUTE_DEADLINE
[depth_angular_controller-1] [INFO] [1790683027.801580962] [depth_angular_controller]: TARGET_HOLD
[depth_angular_controller-1] [INFO] [1790683028.054832167] [depth_angular_controller]: [PERF CTRL] run=iteration3_ego1p1_1 elapsed=99.07s callbacks=3006 commands=3005 guidance=2905 command_fps(ros/wall)=35.94/35.24 guidance_wall_fps=34.76 avoid_ms(mean/p50/p95/max)=5.119/0.366/25.793/106.664 cycle_ms(mean/p95/max)=28.377/60.057/127.137 depth_to_cmd_ms(mean/p95/max)=24.217/33.333/50.000 callback_to_publish_ms(mean/p95/max)=23.761/52.983/125.120
[depth_angular_controller-1] [INFO] [1790683028.257928364] [depth_angular_controller]: COMPUTE_DEADLINE
[depth_angular_controller-1] [INFO] [1790683028.293511657] [depth_angular_controller]: TARGET_HOLD
[depth_angular_controller-1] [INFO] [1790683028.377957713] [depth_angular_controller]: COMPUTE_DEADLINE
[depth_angular_controller-1] [INFO] [1790683028.377996556] [depth_angular_controller]: PAPER_BUILD reason=READY required=0.0741 best=8.0717 free=22 refined=0 tubes=95 revoked_tubes=0 proofs=128
[depth_angular_controller-1] [INFO] [1790683028.378007316] [depth_angular_controller]: PAPER_EVIDENCE retained=32 balls=32 revoked_balls=0 expired_views=0 evicted_views=227 radius=0.580 clearance=0.000 best_prefix=8.072
[depth_angular_controller-1] [INFO] [1790683028.413376026] [depth_angular_controller]: STATE_OUTSIDE_FREE_DOMAIN
[depth_angular_controller-1] [INFO] [1790683028.499631398] [depth_angular_controller]: COMPUTE_DEADLINE
[depth_angular_controller-1] [INFO] [1790683028.537552177] [depth_angular_controller]: TARGET_HOLD
[depth_angular_controller-1] [INFO] [1790683028.621362250] [depth_angular_controller]: COMPUTE_DEADLINE
[depth_angular_controller-1] [INFO] [1790683028.701127271] [depth_angular_controller]: TARGET_HOLD
[depth_angular_controller-1] [INFO] [1790683028.821822921] [depth_angular_controller]: COMPUTE_DEADLINE
[depth_angular_controller-1] [INFO] [1790683028.858976661] [depth_angular_controller]: STATE_OUTSIDE_FREE_DOMAIN
[depth_angular_controller-1] [INFO] [1790683028.953450785] [depth_angular_controller]: COMPUTE_DEADLINE
[depth_angular_controller-1] [INFO] [1790683029.154419940] [depth_angular_controller]: TARGET_HOLD
[position_cmd_to_twist-2] [INFO] [1790683029.225277196] [position_cmd_to_twist]: [PERF BRIDGE] run=iteration3_ego1p1_1 elapsed=100.14s received=3022 published=3016 fps(ros/wall)=35.63/34.92 controller_to_bridge_ms(mean/p50/p95/max)=21.437/16.667/50.000/133.333 bridge_process_ms(mean/p95/max)=0.114/0.148/2.004
[depth_angular_controller-1] [INFO] [1790683029.236592340] [depth_angular_controller]: COMPUTE_DEADLINE
[depth_angular_controller-1] [INFO] [1790683029.275044617] [depth_angular_controller]: TARGET_HOLD
[depth_angular_controller-1] [INFO] [1790683029.275081105] [depth_angular_controller]: PAPER_BUILD reason=READY required=0.0100 best=8.0717 free=36 refined=0 tubes=95 revoked_tubes=0 proofs=128
[depth_angular_controller-1] [INFO] [1790683029.275090563] [depth_angular_controller]: PAPER_EVIDENCE retained=32 balls=32 revoked_balls=0 expired_views=0 evicted_views=253 radius=0.580 clearance=0.500 best_prefix=8.072
[NAV] t=85.0s position=(-45.68,-9.41,2.07) yaw=10.6deg command=(0.01,-0.00,0.00) manual_active=1 collision_blocks=0
[depth_angular_controller-1] [INFO] [1790683029.525246288] [depth_angular_controller]: COMPUTE_DEADLINE
[depth_angular_controller-1] [INFO] [1790683029.560027817] [depth_angular_controller]: TARGET_HOLD
[depth_angular_controller-1] [INFO] [1790683029.648200346] [depth_angular_controller]: COMPUTE_DEADLINE
[depth_angular_controller-1] [INFO] [1790683029.686906870] [depth_angular_controller]: TARGET_HOLD
[depth_angular_controller-1] [INFO] [1790683029.770728554] [depth_angular_controller]: COMPUTE_DEADLINE
[depth_angular_controller-1] [INFO] [1790683029.895254692] [depth_angular_controller]: TARGET_HOLD
[depth_angular_controller-1] [INFO] [1790683029.977008555] [depth_angular_controller]: COMPUTE_DEADLINE
[depth_angular_controller-1] [INFO] [1790683030.015090417] [depth_angular_controller]: TARGET_HOLD
[depth_angular_controller-1] [INFO] [1790683030.097639874] [depth_angular_controller]: COMPUTE_DEADLINE
[depth_angular_controller-1] [INFO] [1790683030.136790692] [depth_angular_controller]: TARGET_HOLD
[depth_angular_controller-1] [INFO] [1790683030.255498110] [depth_angular_controller]: PAPER_BUILD reason=READY required=0.0100 best=8.0717 free=35 refined=0 tubes=96 revoked_tubes=0 proofs=128
[depth_angular_controller-1] [INFO] [1790683030.255539959] [depth_angular_controller]: PAPER_EVIDENCE retained=32 balls=32 revoked_balls=0 expired_views=0 evicted_views=283 radius=0.580 clearance=0.500 best_prefix=8.072
[depth_angular_controller-1] [INFO] [1790683030.343313188] [depth_angular_controller]: COMPUTE_DEADLINE
[depth_angular_controller-1] [INFO] [1790683030.475989480] [depth_angular_controller]: CERTIFIED_DIRECT
[depth_angular_controller-1] [INFO] [1790683030.743157650] [depth_angular_controller]: COMPUTE_DEADLINE
[depth_angular_controller-1] [INFO] [1790683030.778367823] [depth_angular_controller]: CERTIFIED_DIRECT
[depth_angular_controller-1] [INFO] [1790683030.988290560] [depth_angular_controller]: COMPUTE_DEADLINE
[depth_angular_controller-1] [INFO] [1790683031.116594547] [depth_angular_controller]: CERTIFIED_DIRECT
[depth_angular_controller-1] [INFO] [1790683031.270848940] [depth_angular_controller]: PAPER_BUILD reason=CERTIFIED_INTENT_CORRIDOR required=0.0160 best=1.0660 free=0 refined=0 tubes=97 revoked_tubes=0 proofs=128
[depth_angular_controller-1] [INFO] [1790683031.270892242] [depth_angular_controller]: PAPER_EVIDENCE retained=32 balls=32 revoked_balls=0 expired_views=0 evicted_views=319 radius=0.580 clearance=1.066 best_prefix=8.072
[depth_angular_controller-1] [INFO] [1790683032.355278780] [depth_angular_controller]: PAPER_BUILD reason=CERTIFIED_INTENT_CORRIDOR required=0.7950 best=1.8450 free=0 refined=0 tubes=98 revoked_tubes=0 proofs=128
[depth_angular_controller-1] [INFO] [1790683032.355316360] [depth_angular_controller]: PAPER_EVIDENCE retained=32 balls=32 revoked_balls=0 expired_views=0 evicted_views=344 radius=0.580 clearance=1.845 best_prefix=8.072
[depth_angular_controller-1] [INFO] [1790683032.423121729] [depth_angular_controller]: OUTSIDE_FLOW_BOX
[depth_angular_controller-1] [INFO] [1790683032.468914791] [depth_angular_controller]: CERTIFIED_DIRECT
[depth_angular_controller-1] [INFO] [1790683033.071215920] [depth_angular_controller]: [PERF CTRL] run=iteration3_ego1p1_1 elapsed=104.09s callbacks=3104 commands=3103 guidance=3003 command_fps(ros/wall)=34.98/34.37 guidance_wall_fps=33.90 avoid_ms(mean/p50/p95/max)=5.480/0.398/27.323/106.664 cycle_ms(mean/p95/max)=29.098/62.740/127.137 depth_to_cmd_ms(mean/p95/max)=24.104/33.333/50.000 callback_to_publish_ms(mean/p95/max)=24.560/54.613/125.120
[depth_angular_controller-1] [INFO] [1790683033.438670741] [depth_angular_controller]: PAPER_BUILD reason=CERTIFIED_INTENT_CORRIDOR required=0.5167 best=1.5667 free=0 refined=0 tubes=102 revoked_tubes=0 proofs=128
[depth_angular_controller-1] [INFO] [1790683033.438712509] [depth_angular_controller]: PAPER_EVIDENCE retained=32 balls=32 revoked_balls=0 expired_views=0 evicted_views=348 radius=0.580 clearance=1.567 best_prefix=8.072
[position_cmd_to_twist-2] [INFO] [1790683034.461274902] [position_cmd_to_twist]: [PERF BRIDGE] run=iteration3_ego1p1_1 elapsed=105.37s received=3151 published=3145 fps(ros/wall)=35.04/34.32 controller_to_bridge_ms(mean/p50/p95/max)=22.083/16.667/66.667/133.333 bridge_process_ms(mean/p95/max)=0.114/0.147/2.004
[NAV] t=90.0s position=(-42.66,-8.86,2.12) yaw=10.7deg command=(1.89,0.36,0.01) manual_active=1 collision_blocks=0
[depth_angular_controller-1] [INFO] [1790683034.639122539] [depth_angular_controller]: PAPER_BUILD reason=CERTIFIED_INTENT_CORRIDOR required=1.9376 best=2.9876 free=0 refined=0 tubes=105 revoked_tubes=0 proofs=128
[depth_angular_controller-1] [INFO] [1790683034.639434565] [depth_angular_controller]: PAPER_EVIDENCE retained=32 balls=32 revoked_balls=0 expired_views=0 evicted_views=352 radius=0.580 clearance=2.988 best_prefix=8.072
[depth_angular_controller-1] [INFO] [1790683035.024811207] [depth_angular_controller]: INTENT_DIRECT
[depth_angular_controller-1] [INFO] [1790683035.489171555] [depth_angular_controller]: NO_REGULAR_FIELD
[depth_angular_controller-1] [INFO] [1790683035.618898191] [depth_angular_controller]: PAPER_BUILD reason=STATE_OUTSIDE_COMPONENT required=1.9596 best=8.0717 free=1314 refined=1 tubes=109 revoked_tubes=0 proofs=128
[depth_angular_controller-1] [INFO] [1790683035.618934850] [depth_angular_controller]: PAPER_EVIDENCE retained=32 balls=32 revoked_balls=0 expired_views=0 evicted_views=356 radius=0.580 clearance=0.000 best_prefix=8.072
[depth_angular_controller-1] [INFO] [1790683036.305674320] [depth_angular_controller]: INTENT_DIRECT
[depth_angular_controller-1] [INFO] [1790683036.423044479] [depth_angular_controller]: COMPUTE_DEADLINE
[depth_angular_controller-1] [INFO] [1790683036.438018498] [depth_angular_controller]: INTENT_DIRECT
[depth_angular_controller-1] [INFO] [1790683036.532987230] [depth_angular_controller]: PAPER_BUILD reason=READY required=0.4309 best=8.0717 free=332 refined=0 tubes=112 revoked_tubes=0 proofs=128
[depth_angular_controller-1] [INFO] [1790683036.533390607] [depth_angular_controller]: PAPER_EVIDENCE retained=32 balls=32 revoked_balls=0 expired_views=0 evicted_views=360 radius=0.580 clearance=0.500 best_prefix=8.072
[depth_angular_controller-1] [INFO] [1790683037.064473051] [depth_angular_controller]: COMPUTE_DEADLINE
[depth_angular_controller-1] [INFO] [1790683037.498190025] [depth_angular_controller]: PAPER_BUILD reason=READY required=0.0924 best=8.0717 free=917 refined=1 tubes=113 revoked_tubes=0 proofs=128
[depth_angular_controller-1] [INFO] [1790683037.498228618] [depth_angular_controller]: PAPER_EVIDENCE retained=32 balls=32 revoked_balls=0 expired_views=0 evicted_views=363 radius=0.580 clearance=0.136 best_prefix=8.072
[depth_angular_controller-1] [INFO] [1790683037.552117843] [depth_angular_controller]: INTENT_DIRECT
[depth_angular_controller-1] [INFO] [1790683037.653863542] [depth_angular_controller]: TARGET_HOLD
[depth_angular_controller-1] [INFO] [1790683037.668344246] [depth_angular_controller]: STATE_OUTSIDE_FREE_DOMAIN
[depth_angular_controller-1] [INFO] [1790683037.776881980] [depth_angular_controller]: INTENT_DIRECT
[depth_angular_controller-1] [INFO] [1790683037.881835369] [depth_angular_controller]: TARGET_HOLD
[depth_angular_controller-1] [INFO] [1790683037.898899430] [depth_angular_controller]: STATE_OUTSIDE_FREE_DOMAIN
[depth_angular_controller-1] [INFO] [1790683037.941778093] [depth_angular_controller]: REFERENCE_INITIALIZATION
[depth_angular_controller-1] [INFO] [1790683037.951562234] [depth_angular_controller]: TARGET_HOLD
[depth_angular_controller-1] [INFO] [1790683038.096279771] [depth_angular_controller]: [PERF CTRL] run=iteration3_ego1p1_1 elapsed=109.12s callbacks=3266 commands=3265 guidance=3165 command_fps(ros/wall)=34.83/34.25 guidance_wall_fps=33.81 avoid_ms(mean/p50/p95/max)=5.737/0.405/28.526/155.390 cycle_ms(mean/p95/max)=29.193/64.000/169.185 depth_to_cmd_ms(mean/p95/max)=24.086/33.333/50.000 callback_to_publish_ms(mean/p95/max)=24.720/55.567/169.094
[depth_angular_controller-1] [INFO] [1790683038.508077674] [depth_angular_controller]: PAPER_BUILD reason=READY required=0.1152 best=8.0717 free=235 refined=0 tubes=114 revoked_tubes=0 proofs=128
[depth_angular_controller-1] [INFO] [1790683038.508112108] [depth_angular_controller]: PAPER_EVIDENCE retained=32 balls=32 revoked_balls=0 expired_views=0 evicted_views=367 radius=0.580 clearance=0.500 best_prefix=8.072
[depth_angular_controller-1] [INFO] [1790683039.330355556] [depth_angular_controller]: COMPUTE_DEADLINE
[depth_angular_controller-1] [INFO] [1790683039.341852410] [depth_angular_controller]: TARGET_HOLD
[depth_angular_controller-1] [INFO] [1790683039.515767317] [depth_angular_controller]: COMPUTE_DEADLINE
[position_cmd_to_twist-2] [INFO] [1790683039.561946674] [position_cmd_to_twist]: [PERF BRIDGE] run=iteration3_ego1p1_1 elapsed=110.47s received=3312 published=3301 fps(ros/wall)=34.94/34.12 controller_to_bridge_ms(mean/p50/p95/max)=22.197/16.667/66.667/183.333 bridge_process_ms(mean/p95/max)=0.114/0.147/2.005
[NAV] t=95.0s position=(-38.20,-7.98,2.43) yaw=10.6deg command=(0.63,0.20,0.26) manual_active=1 collision_blocks=0
[depth_angular_controller-1] [INFO] [1790683039.731987862] [depth_angular_controller]: TARGET_HOLD
[depth_angular_controller-1] [INFO] [1790683039.776893659] [depth_angular_controller]: PAPER_BUILD reason=READY required=0.2652 best=8.0717 free=169 refined=0 tubes=116 revoked_tubes=0 proofs=128
[depth_angular_controller-1] [INFO] [1790683039.776933574] [depth_angular_controller]: PAPER_EVIDENCE retained=32 balls=32 revoked_balls=0 expired_views=0 evicted_views=371 radius=0.580 clearance=0.500 best_prefix=8.072
[depth_angular_controller-1] [INFO] [1790683040.317289651] [depth_angular_controller]: COMPUTE_DEADLINE
[depth_angular_controller-1] [INFO] [1790683040.331231533] [depth_angular_controller]: TARGET_HOLD
[depth_angular_controller-1] [INFO] [1790683040.450629818] [depth_angular_controller]: COMPUTE_DEADLINE
[depth_angular_controller-1] [INFO] [1790683040.466822354] [depth_angular_controller]: TARGET_HOLD
[depth_angular_controller-1] [INFO] [1790683040.597325127] [depth_angular_controller]: COMPUTE_DEADLINE
[depth_angular_controller-1] [INFO] [1790683040.867389772] [depth_angular_controller]: PAPER_BUILD reason=READY required=0.0201 best=8.0717 free=163 refined=0 tubes=117 revoked_tubes=0 proofs=128
[depth_angular_controller-1] [INFO] [1790683040.867431400] [depth_angular_controller]: PAPER_EVIDENCE retained=32 balls=32 revoked_balls=0 expired_views=0 evicted_views=375 radius=0.580 clearance=0.500 best_prefix=8.072
[depth_angular_controller-1] [INFO] [1790683041.556979230] [depth_angular_controller]: SINGULAR_FIELD
[depth_angular_controller-1] [INFO] [1790683041.682951431] [depth_angular_controller]: COMPUTE_DEADLINE
[depth_angular_controller-1] [INFO] [1790683041.799310613] [depth_angular_controller]: PAPER_BUILD reason=READY required=0.0100 best=8.0717 free=10 refined=0 tubes=117 revoked_tubes=0 proofs=128
[depth_angular_controller-1] [INFO] [1790683041.799350518] [depth_angular_controller]: PAPER_EVIDENCE retained=32 balls=32 revoked_balls=0 expired_views=0 evicted_views=375 radius=0.580 clearance=0.500 best_prefix=8.072
[depth_angular_controller-1] [INFO] [1790683042.599923710] [depth_angular_controller]: PAPER_BUILD reason=READY required=0.0100 best=8.0717 free=10 refined=0 tubes=117 revoked_tubes=0 proofs=128
[depth_angular_controller-1] [INFO] [1790683042.599970849] [depth_angular_controller]: PAPER_EVIDENCE retained=32 balls=32 revoked_balls=0 expired_views=0 evicted_views=375 radius=0.580 clearance=0.500 best_prefix=8.072
[depth_angular_controller-1] [INFO] [1790683043.170898303] [depth_angular_controller]: [PERF CTRL] run=iteration3_ego1p1_1 elapsed=114.19s callbacks=3363 commands=3362 guidance=3262 command_fps(ros/wall)=33.98/33.49 guidance_wall_fps=33.06 avoid_ms(mean/p50/p95/max)=6.554/0.428/31.837/155.390 cycle_ms(mean/p95/max)=29.861/67.832/169.185 depth_to_cmd_ms(mean/p95/max)=24.167/33.333/50.000 callback_to_publish_ms(mean/p95/max)=25.338/57.138/169.094
[depth_angular_controller-1] [INFO] [1790683043.281919879] [depth_angular_controller]: SINGULAR_FIELD
[depth_angular_controller-1] [INFO] [1790683043.433945941] [depth_angular_controller]: COMPUTE_DEADLINE
[depth_angular_controller-1] [INFO] [1790683043.546116092] [depth_angular_controller]: PAPER_BUILD reason=READY required=0.0100 best=8.0717 free=10 refined=0 tubes=117 revoked_tubes=0 proofs=128
[depth_angular_controller-1] [INFO] [1790683043.546153713] [depth_angular_controller]: PAPER_EVIDENCE retained=32 balls=32 revoked_balls=0 expired_views=0 evicted_views=375 radius=0.580 clearance=0.500 best_prefix=8.072
[depth_angular_controller-1] [INFO] [1790683043.659121881] [depth_angular_controller]: SINGULAR_FIELD
[depth_angular_controller-1] [INFO] [1790683043.822849492] [depth_angular_controller]: COMPUTE_DEADLINE
[depth_angular_controller-1] [INFO] [1790683043.935289048] [depth_angular_controller]: SINGULAR_FIELD
[position_cmd_to_twist-2] [INFO] [1790683044.071559955] [position_cmd_to_twist]: [PERF BRIDGE] run=iteration3_ego1p1_1 elapsed=114.98s received=3379 published=3342 fps(ros/wall)=33.85/33.03 controller_to_bridge_ms(mean/p50/p95/max)=23.148/16.667/66.667/183.333 bridge_process_ms(mean/p95/max)=0.114/0.148/2.005
[depth_angular_controller-1] [INFO] [1790683044.080556117] [depth_angular_controller]: COMPUTE_DEADLINE
[NAV] t=100.0s position=(-37.79,-7.91,2.57) yaw=10.6deg command=(0.00,0.00,0.00) manual_active=1 collision_blocks=0
[depth_angular_controller-1] [INFO] [1790683044.425170177] [depth_angular_controller]: SINGULAR_FIELD
[depth_angular_controller-1] [INFO] [1790683044.569488615] [depth_angular_controller]: COMPUTE_DEADLINE
[depth_angular_controller-1] [INFO] [1790683044.569520655] [depth_angular_controller]: PAPER_BUILD reason=READY required=0.0100 best=8.0717 free=10 refined=0 tubes=117 revoked_tubes=0 proofs=128
[depth_angular_controller-1] [INFO] [1790683044.569530313] [depth_angular_controller]: PAPER_EVIDENCE retained=32 balls=32 revoked_balls=0 expired_views=0 evicted_views=375 radius=0.580 clearance=0.500 best_prefix=8.072
[depth_angular_controller-1] [INFO] [1790683045.485655122] [depth_angular_controller]: PAPER_BUILD reason=READY required=0.0100 best=8.0717 free=10 refined=0 tubes=117 revoked_tubes=0 proofs=128
[depth_angular_controller-1] [INFO] [1790683045.485697281] [depth_angular_controller]: PAPER_EVIDENCE retained=32 balls=32 revoked_balls=0 expired_views=0 evicted_views=375 radius=0.580 clearance=0.500 best_prefix=8.072
[depth_angular_controller-1] [INFO] [1790683046.293959923] [depth_angular_controller]: PAPER_BUILD reason=READY required=0.0100 best=8.0717 free=10 refined=0 tubes=117 revoked_tubes=0 proofs=128
[depth_angular_controller-1] [INFO] [1790683046.294012282] [depth_angular_controller]: PAPER_EVIDENCE retained=32 balls=32 revoked_balls=0 expired_views=0 evicted_views=375 radius=0.580 clearance=0.500 best_prefix=8.072
[depth_angular_controller-1] [INFO] [1790683047.096848030] [depth_angular_controller]: PAPER_BUILD reason=READY required=0.0100 best=8.0717 free=10 refined=0 tubes=117 revoked_tubes=0 proofs=128
[depth_angular_controller-1] [INFO] [1790683047.096890720] [depth_angular_controller]: PAPER_EVIDENCE retained=32 balls=32 revoked_balls=0 expired_views=0 evicted_views=375 radius=0.580 clearance=0.500 best_prefix=8.072
[depth_angular_controller-1] [INFO] [1790683047.905219897] [depth_angular_controller]: PAPER_BUILD reason=READY required=0.0100 best=8.0717 free=10 refined=0 tubes=117 revoked_tubes=0 proofs=128
[depth_angular_controller-1] [INFO] [1790683047.905260423] [depth_angular_controller]: PAPER_EVIDENCE retained=32 balls=32 revoked_balls=0 expired_views=0 evicted_views=375 radius=0.580 clearance=0.500 best_prefix=8.072
[position_cmd_to_twist-2] [INFO] [1790683048.186942689] [position_cmd_to_twist]: [PERF BRIDGE] run=iteration3_ego1p1_1 elapsed=119.10s received=3417 published=3345 fps(ros/wall)=32.62/31.75 controller_to_bridge_ms(mean/p50/p95/max)=24.354/16.667/66.667/183.333 bridge_process_ms(mean/p95/max)=0.114/0.148/2.005
[NAV] t=105.0s position=(-37.79,-7.91,2.57) yaw=10.6deg command=(0.00,0.00,0.00) manual_active=1 collision_blocks=0
[depth_angular_controller-1] [INFO] [1790683048.257441302] [depth_angular_controller]: [PERF CTRL] run=iteration3_ego1p1_1 elapsed=119.28s callbacks=3419 commands=3418 guidance=3318 command_fps(ros/wall)=32.59/32.40 guidance_wall_fps=31.98 avoid_ms(mean/p50/p95/max)=7.731/0.442/37.004/155.390 cycle_ms(mean/p95/max)=30.860/75.360/169.185 depth_to_cmd_ms(mean/p95/max)=24.146/33.333/50.000 callback_to_publish_ms(mean/p95/max)=26.392/62.997/169.094
[depth_angular_controller-1] [INFO] [1790683048.713767824] [depth_angular_controller]: SINGULAR_FIELD
[depth_angular_controller-1] [INFO] [1790683048.879863699] [depth_angular_controller]: COMPUTE_DEADLINE
[depth_angular_controller-1] [INFO] [1790683048.879898434] [depth_angular_controller]: PAPER_BUILD reason=READY required=0.0100 best=8.0717 free=10 refined=0 tubes=117 revoked_tubes=0 proofs=128
[depth_angular_controller-1] [INFO] [1790683048.879908984] [depth_angular_controller]: PAPER_EVIDENCE retained=32 balls=32 revoked_balls=0 expired_views=0 evicted_views=375 radius=0.580 clearance=0.500 best_prefix=8.072
[depth_angular_controller-1] [INFO] [1790683049.112139963] [depth_angular_controller]: SINGULAR_FIELD
[depth_angular_controller-1] [INFO] [1790683049.263665315] [depth_angular_controller]: COMPUTE_DEADLINE
[depth_angular_controller-1] [INFO] [1790683049.843660125] [depth_angular_controller]: PAPER_BUILD reason=READY required=0.0100 best=8.0717 free=10 refined=0 tubes=117 revoked_tubes=0 proofs=128
[depth_angular_controller-1] [INFO] [1790683049.843697034] [depth_angular_controller]: PAPER_EVIDENCE retained=32 balls=32 revoked_balls=0 expired_views=0 evicted_views=375 radius=0.580 clearance=0.500 best_prefix=8.072
[depth_angular_controller-1] [INFO] [1790683050.653942117] [depth_angular_controller]: PAPER_BUILD reason=READY required=0.0100 best=8.0717 free=10 refined=0 tubes=117 revoked_tubes=0 proofs=128
[depth_angular_controller-1] [INFO] [1790683050.653983715] [depth_angular_controller]: PAPER_EVIDENCE retained=32 balls=32 revoked_balls=0 expired_views=0 evicted_views=375 radius=0.580 clearance=0.500 best_prefix=8.072
[depth_angular_controller-1] [INFO] [1790683050.766739184] [depth_angular_controller]: SINGULAR_FIELD
[depth_angular_controller-1] [INFO] [1790683050.905610481] [depth_angular_controller]: COMPUTE_DEADLINE
[depth_angular_controller-1] [INFO] [1790683051.246553281] [depth_angular_controller]: SINGULAR_FIELD
[depth_angular_controller-1] [INFO] [1790683051.372623436] [depth_angular_controller]: COMPUTE_DEADLINE
[depth_angular_controller-1] [INFO] [1790683051.705231977] [depth_angular_controller]: PAPER_BUILD reason=READY required=0.0100 best=8.0717 free=10 refined=0 tubes=117 revoked_tubes=0 proofs=128
[depth_angular_controller-1] [INFO] [1790683051.705268977] [depth_angular_controller]: PAPER_EVIDENCE retained=32 balls=32 revoked_balls=0 expired_views=0 evicted_views=375 radius=0.580 clearance=0.500 best_prefix=8.072
[depth_angular_controller-1] [INFO] [1790683051.719003530] [depth_angular_controller]: SINGULAR_FIELD
[depth_angular_controller-1] [INFO] [1790683051.847157906] [depth_angular_controller]: COMPUTE_DEADLINE
[depth_angular_controller-1] [INFO] [1790683052.548295985] [depth_angular_controller]: PAPER_BUILD reason=READY required=0.0100 best=8.0717 free=10 refined=0 tubes=117 revoked_tubes=0 proofs=128
[depth_angular_controller-1] [INFO] [1790683052.548338766] [depth_angular_controller]: PAPER_EVIDENCE retained=32 balls=32 revoked_balls=0 expired_views=0 evicted_views=375 radius=0.580 clearance=0.500 best_prefix=8.072
[position_cmd_to_twist-2] [INFO] [1790683052.563938319] [position_cmd_to_twist]: [PERF BRIDGE] run=iteration3_ego1p1_1 elapsed=123.47s received=3468 published=3364 fps(ros/wall)=31.59/30.65 controller_to_bridge_ms(mean/p50/p95/max)=25.413/16.667/66.667/183.333 bridge_process_ms(mean/p95/max)=0.114/0.148/2.005
[NAV] t=110.0s position=(-37.79,-7.91,2.57) yaw=10.6deg command=(0.00,0.00,0.00) manual_active=1 collision_blocks=0
[depth_angular_controller-1] [INFO] [1790683053.122026179] [depth_angular_controller]: SINGULAR_FIELD
[depth_angular_controller-1] [INFO] [1790683053.273698948] [depth_angular_controller]: [PERF CTRL] run=iteration3_ego1p1_1 elapsed=124.29s callbacks=3478 commands=3477 guidance=3377 command_fps(ros/wall)=31.44/31.47 guidance_wall_fps=31.04 avoid_ms(mean/p50/p95/max)=8.817/0.452/47.961/155.390 cycle_ms(mean/p95/max)=31.779/82.356/169.185 depth_to_cmd_ms(mean/p95/max)=24.109/33.333/50.000 callback_to_publish_ms(mean/p95/max)=27.366/72.733/169.094
[depth_angular_controller-1] [INFO] [1790683053.273764491] [depth_angular_controller]: COMPUTE_DEADLINE
[depth_angular_controller-1] [INFO] [1790683053.489672300] [depth_angular_controller]: PAPER_BUILD reason=READY required=0.0100 best=8.0717 free=10 refined=0 tubes=117 revoked_tubes=0 proofs=128
[depth_angular_controller-1] [INFO] [1790683053.489707706] [depth_angular_controller]: PAPER_EVIDENCE retained=32 balls=32 revoked_balls=0 expired_views=0 evicted_views=375 radius=0.580 clearance=0.500 best_prefix=8.072
[depth_angular_controller-1] [INFO] [1790683053.503337463] [depth_angular_controller]: SINGULAR_FIELD
[depth_angular_controller-1] [INFO] [1790683053.640362715] [depth_angular_controller]: COMPUTE_DEADLINE
[depth_angular_controller-1] [INFO] [1790683054.340074698] [depth_angular_controller]: PAPER_BUILD reason=READY required=0.0100 best=8.0717 free=10 refined=0 tubes=117 revoked_tubes=0 proofs=128
[depth_angular_controller-1] [INFO] [1790683054.340125754] [depth_angular_controller]: PAPER_EVIDENCE retained=32 balls=32 revoked_balls=0 expired_views=0 evicted_views=375 radius=0.580 clearance=0.500 best_prefix=8.072
[depth_angular_controller-1] [INFO] [1790683055.024609271] [depth_angular_controller]: SINGULAR_FIELD
[depth_angular_controller-1] [INFO] [1790683055.235602026] [depth_angular_controller]: COMPUTE_DEADLINE
[depth_angular_controller-1] [INFO] [1790683055.335984146] [depth_angular_controller]: PAPER_BUILD reason=READY required=0.0100 best=8.0717 free=10 refined=0 tubes=117 revoked_tubes=0 proofs=128
[depth_angular_controller-1] [INFO] [1790683055.336022588] [depth_angular_controller]: PAPER_EVIDENCE retained=32 balls=32 revoked_balls=0 expired_views=0 evicted_views=375 radius=0.580 clearance=0.500 best_prefix=8.072
[depth_angular_controller-1] [INFO] [1790683055.348125700] [depth_angular_controller]: SINGULAR_FIELD
[depth_angular_controller-1] [INFO] [1790683055.567399585] [depth_angular_controller]: COMPUTE_DEADLINE
[depth_angular_controller-1] [INFO] [1790683056.247965550] [depth_angular_controller]: PAPER_BUILD reason=READY required=0.0100 best=8.0717 free=10 refined=0 tubes=117 revoked_tubes=0 proofs=128
[depth_angular_controller-1] [INFO] [1790683056.248008550] [depth_angular_controller]: PAPER_EVIDENCE retained=32 balls=32 revoked_balls=0 expired_views=0 evicted_views=375 radius=0.580 clearance=0.500 best_prefix=8.072
[depth_angular_controller-1] [INFO] [1790683056.363228474] [depth_angular_controller]: SINGULAR_FIELD
[depth_angular_controller-1] [INFO] [1790683056.493732339] [depth_angular_controller]: COMPUTE_DEADLINE
[position_cmd_to_twist-2] [INFO] [1790683057.053248911] [position_cmd_to_twist]: [PERF BRIDGE] run=iteration3_ego1p1_1 elapsed=127.96s received=3518 published=3383 fps(ros/wall)=30.68/29.63 controller_to_bridge_ms(mean/p50/p95/max)=26.412/16.667/83.333/183.333 bridge_process_ms(mean/p95/max)=0.114/0.148/2.005
[NAV] t=115.0s position=(-37.79,-7.91,2.57) yaw=10.6deg command=(0.00,0.00,0.00) manual_active=1 collision_blocks=0
[depth_angular_controller-1] [INFO] [1790683057.178318368] [depth_angular_controller]: PAPER_BUILD reason=READY required=0.0100 best=8.0717 free=10 refined=0 tubes=117 revoked_tubes=0 proofs=128
[depth_angular_controller-1] [INFO] [1790683057.178362240] [depth_angular_controller]: PAPER_EVIDENCE retained=32 balls=32 revoked_balls=0 expired_views=0 evicted_views=375 radius=0.580 clearance=0.500 best_prefix=8.072
[depth_angular_controller-1] [INFO] [1790683057.993199780] [depth_angular_controller]: PAPER_BUILD reason=READY required=0.0100 best=8.0717 free=10 refined=0 tubes=117 revoked_tubes=0 proofs=128
[depth_angular_controller-1] [INFO] [1790683057.993758589] [depth_angular_controller]: PAPER_EVIDENCE retained=32 balls=32 revoked_balls=0 expired_views=0 evicted_views=375 radius=0.580 clearance=0.500 best_prefix=8.072
[depth_angular_controller-1] [INFO] [1790683058.341169868] [depth_angular_controller]: [PERF CTRL] run=iteration3_ego1p1_1 elapsed=129.36s callbacks=3531 commands=3530 guidance=3430 command_fps(ros/wall)=30.32/30.55 guidance_wall_fps=30.13 avoid_ms(mean/p50/p95/max)=9.892/0.464/57.985/155.390 cycle_ms(mean/p95/max)=32.738/94.936/172.009 depth_to_cmd_ms(mean/p95/max)=24.072/33.333/50.000 callback_to_publish_ms(mean/p95/max)=28.339/86.522/169.094
[depth_angular_controller-1] [INFO] [1790683058.813208685] [depth_angular_controller]: PAPER_BUILD reason=READY required=0.0100 best=8.0717 free=10 refined=0 tubes=117 revoked_tubes=0 proofs=128
[depth_angular_controller-1] [INFO] [1790683058.813245834] [depth_angular_controller]: PAPER_EVIDENCE retained=32 balls=32 revoked_balls=0 expired_views=0 evicted_views=375 radius=0.580 clearance=0.500 best_prefix=8.072
[depth_angular_controller-1] [INFO] [1790683059.383318094] [depth_angular_controller]: SINGULAR_FIELD
[depth_angular_controller-1] [INFO] [1790683059.538175339] [depth_angular_controller]: COMPUTE_DEADLINE
[depth_angular_controller-1] [INFO] [1790683059.768143001] [depth_angular_controller]: PAPER_BUILD reason=READY required=0.0100 best=8.0717 free=10 refined=0 tubes=117 revoked_tubes=0 proofs=128
[depth_angular_controller-1] [INFO] [1790683059.768182906] [depth_angular_controller]: PAPER_EVIDENCE retained=32 balls=32 revoked_balls=0 expired_views=0 evicted_views=375 radius=0.580 clearance=0.500 best_prefix=8.072
[depth_angular_controller-1] [INFO] [1790683060.453047367] [depth_angular_controller]: SINGULAR_FIELD
[depth_angular_controller-1] [INFO] [1790683060.599622410] [depth_angular_controller]: COMPUTE_DEADLINE
[depth_angular_controller-1] [INFO] [1790683060.717239042] [depth_angular_controller]: PAPER_BUILD reason=READY required=0.0100 best=8.0717 free=10 refined=0 tubes=117 revoked_tubes=0 proofs=128
[depth_angular_controller-1] [INFO] [1790683060.717280269] [depth_angular_controller]: PAPER_EVIDENCE retained=32 balls=32 revoked_balls=0 expired_views=0 evicted_views=375 radius=0.580 clearance=0.500 best_prefix=8.072
[position_cmd_to_twist-2] [INFO] [1790683061.161263969] [position_cmd_to_twist]: [PERF BRIDGE] run=iteration3_ego1p1_1 elapsed=132.07s received=3560 published=3392 fps(ros/wall)=29.75/28.68 controller_to_bridge_ms(mean/p50/p95/max)=27.481/16.667/100.000/183.333 bridge_process_ms(mean/p95/max)=0.114/0.148/2.005
[NAV] t=120.0s position=(-37.79,-7.91,2.57) yaw=10.6deg command=(0.00,0.00,0.00) manual_active=1 collision_blocks=0
[depth_angular_controller-1] [INFO] [1790683061.525357193] [depth_angular_controller]: PAPER_BUILD reason=READY required=0.0100 best=8.0717 free=10 refined=0 tubes=117 revoked_tubes=0 proofs=128
[depth_angular_controller-1] [INFO] [1790683061.525804602] [depth_angular_controller]: PAPER_EVIDENCE retained=32 balls=32 revoked_balls=0 expired_views=0 evicted_views=375 radius=0.580 clearance=0.500 best_prefix=8.072
[depth_angular_controller-1] [INFO] [1790683061.654858506] [depth_angular_controller]: SINGULAR_FIELD
[depth_angular_controller-1] [INFO] [1790683061.789327131] [depth_angular_controller]: COMPUTE_DEADLINE
[depth_angular_controller-1] [INFO] [1790683062.477503978] [depth_angular_controller]: PAPER_BUILD reason=READY required=0.0100 best=8.0717 free=10 refined=0 tubes=117 revoked_tubes=0 proofs=128
[depth_angular_controller-1] [INFO] [1790683062.477927292] [depth_angular_controller]: PAPER_EVIDENCE retained=32 balls=32 revoked_balls=0 expired_views=0 evicted_views=375 radius=0.580 clearance=0.500 best_prefix=8.072
[depth_angular_controller-1] [INFO] [1790683063.297162455] [depth_angular_controller]: PAPER_BUILD reason=READY required=0.0100 best=8.0717 free=10 refined=0 tubes=117 revoked_tubes=0 proofs=128
[depth_angular_controller-1] [INFO] [1790683063.297201809] [depth_angular_controller]: PAPER_EVIDENCE retained=32 balls=32 revoked_balls=0 expired_views=0 evicted_views=375 radius=0.580 clearance=0.500 best_prefix=8.072
[depth_angular_controller-1] [INFO] [1790683063.411582498] [depth_angular_controller]: [PERF CTRL] run=iteration3_ego1p1_1 elapsed=134.43s callbacks=3583 commands=3582 guidance=3482 command_fps(ros/wall)=29.24/29.69 guidance_wall_fps=29.28 avoid_ms(mean/p50/p95/max)=10.975/0.476/97.829/155.390 cycle_ms(mean/p95/max)=33.678/111.254/172.009 depth_to_cmd_ms(mean/p95/max)=24.052/33.333/50.000 callback_to_publish_ms(mean/p95/max)=29.323/109.715/169.094
[depth_angular_controller-1] [INFO] [1790683064.205692472] [depth_angular_controller]: PAPER_BUILD reason=READY required=0.0100 best=8.0717 free=10 refined=0 tubes=117 revoked_tubes=0 proofs=128
[depth_angular_controller-1] [INFO] [1790683064.205728379] [depth_angular_controller]: PAPER_EVIDENCE retained=32 balls=32 revoked_balls=0 expired_views=0 evicted_views=375 radius=0.580 clearance=0.500 best_prefix=8.072
[depth_angular_controller-1] [INFO] [1790683064.216129167] [depth_angular_controller]: SINGULAR_FIELD
[depth_angular_controller-1] [INFO] [1790683064.369249151] [depth_angular_controller]: COMPUTE_DEADLINE
[depth_angular_controller-1] [INFO] [1790683064.490215329] [depth_angular_controller]: SINGULAR_FIELD
[depth_angular_controller-1] [INFO] [1790683064.637972019] [depth_angular_controller]: COMPUTE_DEADLINE
[depth_angular_controller-1] [INFO] [1790683064.752726460] [depth_angular_controller]: SINGULAR_FIELD
[depth_angular_controller-1] [INFO] [1790683064.902846535] [depth_angular_controller]: COMPUTE_DEADLINE
[depth_angular_controller-1] [INFO] [1790683065.243631479] [depth_angular_controller]: PAPER_BUILD reason=READY required=0.0100 best=8.0717 free=10 refined=0 tubes=117 revoked_tubes=0 proofs=128
[depth_angular_controller-1] [INFO] [1790683065.243673789] [depth_angular_controller]: PAPER_EVIDENCE retained=32 balls=32 revoked_balls=0 expired_views=0 evicted_views=375 radius=0.580 clearance=0.500 best_prefix=8.072
[depth_angular_controller-1] [INFO] [1790683065.366770354] [depth_angular_controller]: SINGULAR_FIELD
[depth_angular_controller-1] [INFO] [1790683065.478444774] [depth_angular_controller]: COMPUTE_DEADLINE
[position_cmd_to_twist-2] [INFO] [1790683065.552281191] [position_cmd_to_twist]: [PERF BRIDGE] run=iteration3_ego1p1_1 elapsed=136.46s received=3609 published=3410 fps(ros/wall)=28.94/27.79 controller_to_bridge_ms(mean/p50/p95/max)=28.457/16.667/133.333/183.333 bridge_process_ms(mean/p95/max)=0.114/0.148/2.005
[NAV] t=125.0s position=(-37.79,-7.91,2.57) yaw=10.6deg command=(0.00,0.00,0.00) manual_active=1 collision_blocks=0
[depth_angular_controller-1] [INFO] [1790683066.154382134] [depth_angular_controller]: PAPER_BUILD reason=READY required=0.0100 best=8.0717 free=10 refined=0 tubes=117 revoked_tubes=0 proofs=128
[depth_angular_controller-1] [INFO] [1790683066.154424132] [depth_angular_controller]: PAPER_EVIDENCE retained=32 balls=32 revoked_balls=0 expired_views=0 evicted_views=375 radius=0.580 clearance=0.500 best_prefix=8.072
[depth_angular_controller-1] [INFO] [1790683066.170066816] [depth_angular_controller]: SINGULAR_FIELD
[depth_angular_controller-1] [INFO] [1790683066.300056516] [depth_angular_controller]: COMPUTE_DEADLINE
[depth_angular_controller-1] [INFO] [1790683066.648059606] [depth_angular_controller]: SINGULAR_FIELD
[depth_angular_controller-1] [INFO] [1790683066.793188395] [depth_angular_controller]: COMPUTE_DEADLINE
[depth_angular_controller-1] [INFO] [1790683067.021665069] [depth_angular_controller]: PAPER_BUILD reason=READY required=0.0100 best=8.0717 free=10 refined=0 tubes=117 revoked_tubes=0 proofs=128
[depth_angular_controller-1] [INFO] [1790683067.022032078] [depth_angular_controller]: PAPER_EVIDENCE retained=32 balls=32 revoked_balls=0 expired_views=0 evicted_views=375 radius=0.580 clearance=0.500 best_prefix=8.072
[depth_angular_controller-1] [INFO] [1790683067.134699983] [depth_angular_controller]: SINGULAR_FIELD
[depth_angular_controller-1] [INFO] [1790683067.279172941] [depth_angular_controller]: COMPUTE_DEADLINE
[depth_angular_controller-1] [INFO] [1790683067.393416744] [depth_angular_controller]: SINGULAR_FIELD
[depth_angular_controller-1] [INFO] [1790683067.610243807] [depth_angular_controller]: COMPUTE_DEADLINE
[depth_angular_controller-1] [INFO] [1790683068.070603297] [depth_angular_controller]: PAPER_BUILD reason=READY required=0.0100 best=8.0717 free=10 refined=0 tubes=117 revoked_tubes=0 proofs=128
[depth_angular_controller-1] [INFO] [1790683068.070644464] [depth_angular_controller]: PAPER_EVIDENCE retained=32 balls=32 revoked_balls=0 expired_views=0 evicted_views=375 radius=0.580 clearance=0.500 best_prefix=8.072
[depth_angular_controller-1] [INFO] [1790683068.300704810] [depth_angular_controller]: SINGULAR_FIELD
[depth_angular_controller-1] [INFO] [1790683068.463422556] [depth_angular_controller]: [PERF CTRL] run=iteration3_ego1p1_1 elapsed=139.48s callbacks=3648 commands=3647 guidance=3547 command_fps(ros/wall)=28.50/29.02 guidance_wall_fps=28.61 avoid_ms(mean/p50/p95/max)=11.902/0.487/98.727/155.390 cycle_ms(mean/p95/max)=34.464/112.983/193.250 depth_to_cmd_ms(mean/p95/max)=24.020/33.333/50.000 callback_to_publish_ms(mean/p95/max)=30.140/112.343/169.094
[depth_angular_controller-1] [INFO] [1790683068.463494501] [depth_angular_controller]: COMPUTE_DEADLINE
[depth_angular_controller-1] [INFO] [1790683069.034980804] [depth_angular_controller]: PAPER_BUILD reason=READY required=0.0100 best=8.0717 free=10 refined=0 tubes=117 revoked_tubes=0 proofs=128
[depth_angular_controller-1] [INFO] [1790683069.035026039] [depth_angular_controller]: PAPER_EVIDENCE retained=32 balls=32 revoked_balls=0 expired_views=0 evicted_views=375 radius=0.580 clearance=0.500 best_prefix=8.072
[depth_angular_controller-1] [INFO] [1790683069.948660745] [depth_angular_controller]: PAPER_BUILD reason=READY required=0.0100 best=8.0717 free=10 refined=0 tubes=117 revoked_tubes=0 proofs=128
[depth_angular_controller-1] [INFO] [1790683069.949092475] [depth_angular_controller]: PAPER_EVIDENCE retained=32 balls=32 revoked_balls=0 expired_views=0 evicted_views=375 radius=0.580 clearance=0.500 best_prefix=8.072
[position_cmd_to_twist-2] [INFO] [1790683069.991138917] [position_cmd_to_twist]: [PERF BRIDGE] run=iteration3_ego1p1_1 elapsed=140.90s received=3660 published=3429 fps(ros/wall)=28.21/26.96 controller_to_bridge_ms(mean/p50/p95/max)=29.413/16.667/133.333/183.333 bridge_process_ms(mean/p95/max)=0.114/0.148/2.005
[NAV] t=130.0s position=(-37.79,-7.91,2.57) yaw=10.6deg command=(0.00,0.00,0.00) manual_active=1 collision_blocks=0
[depth_angular_controller-1] [INFO] [1790683070.293866996] [depth_angular_controller]: SINGULAR_FIELD
[depth_angular_controller-1] [INFO] [1790683070.438733202] [depth_angular_controller]: COMPUTE_DEADLINE
[depth_angular_controller-1] [INFO] [1790683070.895893579] [depth_angular_controller]: PAPER_BUILD reason=READY required=0.0100 best=8.0717 free=10 refined=0 tubes=117 revoked_tubes=0 proofs=128
[depth_angular_controller-1] [INFO] [1790683070.897144196] [depth_angular_controller]: PAPER_EVIDENCE retained=32 balls=32 revoked_balls=0 expired_views=0 evicted_views=375 radius=0.580 clearance=0.500 best_prefix=8.072
[depth_angular_controller-1] [INFO] [1790683071.354763244] [depth_angular_controller]: SINGULAR_FIELD
[depth_angular_controller-1] [INFO] [1790683071.514341578] [depth_angular_controller]: COMPUTE_DEADLINE
[depth_angular_controller-1] [INFO] [1790683071.862761930] [depth_angular_controller]: PAPER_BUILD reason=READY required=0.0100 best=8.0717 free=10 refined=0 tubes=117 revoked_tubes=0 proofs=128
[depth_angular_controller-1] [INFO] [1790683071.862802406] [depth_angular_controller]: PAPER_EVIDENCE retained=32 balls=32 revoked_balls=0 expired_views=0 evicted_views=375 radius=0.580 clearance=0.500 best_prefix=8.072
[depth_angular_controller-1] [INFO] [1790683072.676308979] [depth_angular_controller]: PAPER_BUILD reason=READY required=0.0100 best=8.0717 free=10 refined=0 tubes=117 revoked_tubes=0 proofs=128
[depth_angular_controller-1] [INFO] [1790683072.676354244] [depth_angular_controller]: PAPER_EVIDENCE retained=32 balls=32 revoked_balls=0 expired_views=0 evicted_views=375 radius=0.580 clearance=0.500 best_prefix=8.072
[depth_angular_controller-1] [INFO] [1790683073.478752070] [depth_angular_controller]: [PERF CTRL] run=iteration3_ego1p1_1 elapsed=144.50s callbacks=3699 commands=3698 guidance=3598 command_fps(ros/wall)=27.60/28.29 guidance_wall_fps=27.89 avoid_ms(mean/p50/p95/max)=12.919/0.502/99.325/155.390 cycle_ms(mean/p95/max)=35.345/113.866/193.250 depth_to_cmd_ms(mean/p95/max)=23.990/33.333/50.000 callback_to_publish_ms(mean/p95/max)=31.072/113.122/169.094
[depth_angular_controller-1] [INFO] [1790683073.478836959] [depth_angular_controller]: SINGULAR_FIELD
[depth_angular_controller-1] [INFO] [1790683073.622783169] [depth_angular_controller]: COMPUTE_DEADLINE
[depth_angular_controller-1] [INFO] [1790683073.622815821] [depth_angular_controller]: PAPER_BUILD reason=READY required=0.0100 best=8.0717 free=10 refined=0 tubes=117 revoked_tubes=0 proofs=128
[depth_angular_controller-1] [INFO] [1790683073.622825669] [depth_angular_controller]: PAPER_EVIDENCE retained=32 balls=32 revoked_balls=0 expired_views=0 evicted_views=375 radius=0.580 clearance=0.500 best_prefix=8.072
[depth_angular_controller-1] [INFO] [1790683073.971907032] [depth_angular_controller]: SINGULAR_FIELD
[depth_angular_controller-1] [INFO] [1790683074.123485604] [depth_angular_controller]: COMPUTE_DEADLINE
[position_cmd_to_twist-2] [INFO] [1790683074.292796782] [position_cmd_to_twist]: [PERF BRIDGE] run=iteration3_ego1p1_1 elapsed=145.20s received=3709 published=3446 fps(ros/wall)=27.53/26.21 controller_to_bridge_ms(mean/p50/p95/max)=30.350/16.667/133.333/183.333 bridge_process_ms(mean/p95/max)=0.114/0.148/2.005
[NAV] t=135.0s position=(-37.79,-7.91,2.57) yaw=10.6deg command=(0.00,0.00,0.00) manual_active=1 collision_blocks=0
[depth_angular_controller-1] [INFO] [1790683074.589279933] [depth_angular_controller]: PAPER_BUILD reason=READY required=0.0100 best=8.0717 free=10 refined=0 tubes=117 revoked_tubes=0 proofs=128
[depth_angular_controller-1] [INFO] [1790683074.589316902] [depth_angular_controller]: PAPER_EVIDENCE retained=32 balls=32 revoked_balls=0 expired_views=0 evicted_views=375 radius=0.580 clearance=0.500 best_prefix=8.072
[depth_angular_controller-1] [INFO] [1790683075.411465562] [depth_angular_controller]: PAPER_BUILD reason=READY required=0.0100 best=8.0717 free=10 refined=0 tubes=117 revoked_tubes=0 proofs=128
[depth_angular_controller-1] [INFO] [1790683075.411876673] [depth_angular_controller]: PAPER_EVIDENCE retained=32 balls=32 revoked_balls=0 expired_views=0 evicted_views=375 radius=0.580 clearance=0.500 best_prefix=8.072
[depth_angular_controller-1] [INFO] [1790683075.645963365] [depth_angular_controller]: SINGULAR_FIELD
[depth_angular_controller-1] [INFO] [1790683075.791373853] [depth_angular_controller]: COMPUTE_DEADLINE
[depth_angular_controller-1] [INFO] [1790683075.801550469] [depth_angular_controller]: SINGULAR_FIELD
[depth_angular_controller-1] [INFO] [1790683075.958550686] [depth_angular_controller]: COMPUTE_DEADLINE
[depth_angular_controller-1] [INFO] [1790683076.425768716] [depth_angular_controller]: PAPER_BUILD reason=READY required=0.0100 best=8.0717 free=10 refined=0 tubes=117 revoked_tubes=0 proofs=128
[depth_angular_controller-1] [INFO] [1790683076.425808390] [depth_angular_controller]: PAPER_EVIDENCE retained=32 balls=32 revoked_balls=0 expired_views=0 evicted_views=375 radius=0.580 clearance=0.500 best_prefix=8.072
[depth_angular_controller-1] [INFO] [1790683077.226566670] [depth_angular_controller]: PAPER_BUILD reason=READY required=0.0100 best=8.0717 free=10 refined=0 tubes=117 revoked_tubes=0 proofs=128
[depth_angular_controller-1] [INFO] [1790683077.226607637] [depth_angular_controller]: PAPER_EVIDENCE retained=32 balls=32 revoked_balls=0 expired_views=0 evicted_views=375 radius=0.580 clearance=0.500 best_prefix=8.072
[depth_angular_controller-1] [INFO] [1790683078.030787989] [depth_angular_controller]: PAPER_BUILD reason=READY required=0.0100 best=8.0717 free=10 refined=0 tubes=117 revoked_tubes=0 proofs=128
[depth_angular_controller-1] [INFO] [1790683078.030832572] [depth_angular_controller]: PAPER_EVIDENCE retained=32 balls=32 revoked_balls=0 expired_views=0 evicted_views=375 radius=0.580 clearance=0.500 best_prefix=8.072
[position_cmd_to_twist-2] [INFO] [1790683078.458046624] [position_cmd_to_twist]: [PERF BRIDGE] run=iteration3_ego1p1_1 elapsed=149.37s received=3751 published=3455 fps(ros/wall)=26.85/25.48 controller_to_bridge_ms(mean/p50/p95/max)=31.316/16.667/133.333/183.333 bridge_process_ms(mean/p95/max)=0.114/0.148/2.005
[depth_angular_controller-1] [INFO] [1790683078.490559515] [depth_angular_controller]: [PERF CTRL] run=iteration3_ego1p1_1 elapsed=149.51s callbacks=3753 commands=3752 guidance=3652 command_fps(ros/wall)=26.83/27.65 guidance_wall_fps=27.25 avoid_ms(mean/p50/p95/max)=13.873/0.516/99.683/155.390 cycle_ms(mean/p95/max)=36.172/114.162/193.250 depth_to_cmd_ms(mean/p95/max)=23.978/33.333/50.000 callback_to_publish_ms(mean/p95/max)=31.943/113.658/169.094
[NAV] t=140.0s position=(-37.79,-7.91,2.57) yaw=10.6deg command=(0.00,0.00,0.00) manual_active=1 collision_blocks=0
[depth_angular_controller-1] [INFO] [1790683078.610182271] [depth_angular_controller]: SINGULAR_FIELD
[depth_angular_controller-1] [INFO] [1790683078.757227988] [depth_angular_controller]: COMPUTE_DEADLINE
[depth_angular_controller-1] [INFO] [1790683078.988172803] [depth_angular_controller]: PAPER_BUILD reason=READY required=0.0100 best=8.0717 free=10 refined=0 tubes=117 revoked_tubes=0 proofs=128
[depth_angular_controller-1] [INFO] [1790683078.988207569] [depth_angular_controller]: PAPER_EVIDENCE retained=32 balls=32 revoked_balls=0 expired_views=0 evicted_views=375 radius=0.580 clearance=0.500 best_prefix=8.072
[depth_angular_controller-1] [INFO] [1790683079.108095232] [depth_angular_controller]: SINGULAR_FIELD
[depth_angular_controller-1] [INFO] [1790683079.247545896] [depth_angular_controller]: COMPUTE_DEADLINE
[depth_angular_controller-1] [INFO] [1790683079.941110122] [depth_angular_controller]: PAPER_BUILD reason=READY required=0.0100 best=8.0717 free=10 refined=0 tubes=117 revoked_tubes=0 proofs=128
[depth_angular_controller-1] [INFO] [1790683079.941156619] [depth_angular_controller]: PAPER_EVIDENCE retained=32 balls=32 revoked_balls=0 expired_views=0 evicted_views=375 radius=0.580 clearance=0.500 best_prefix=8.072
[depth_angular_controller-1] [INFO] [1790683080.864015255] [depth_angular_controller]: PAPER_BUILD reason=READY required=0.0100 best=8.0717 free=10 refined=0 tubes=117 revoked_tubes=0 proofs=128
[depth_angular_controller-1] [INFO] [1790683080.864395338] [depth_angular_controller]: PAPER_EVIDENCE retained=32 balls=32 revoked_balls=0 expired_views=0 evicted_views=375 radius=0.580 clearance=0.500 best_prefix=8.072
[depth_angular_controller-1] [INFO] [1790683081.319687990] [depth_angular_controller]: SINGULAR_FIELD
[depth_angular_controller-1] [INFO] [1790683081.473327530] [depth_angular_controller]: COMPUTE_DEADLINE
[depth_angular_controller-1] [INFO] [1790683081.704924660] [depth_angular_controller]: SINGULAR_FIELD
[depth_angular_controller-1] [INFO] [1790683081.857221430] [depth_angular_controller]: COMPUTE_DEADLINE
[depth_angular_controller-1] [INFO] [1790683081.857256085] [depth_angular_controller]: PAPER_BUILD reason=READY required=0.0100 best=8.0717 free=10 refined=0 tubes=117 revoked_tubes=0 proofs=128
[depth_angular_controller-1] [INFO] [1790683081.857267215] [depth_angular_controller]: PAPER_EVIDENCE retained=32 balls=32 revoked_balls=0 expired_views=0 evicted_views=375 radius=0.580 clearance=0.500 best_prefix=8.072
[depth_angular_controller-1] [INFO] [1790683081.980677629] [depth_angular_controller]: SINGULAR_FIELD
[depth_angular_controller-1] [INFO] [1790683082.122057884] [depth_angular_controller]: COMPUTE_DEADLINE
[depth_angular_controller-1] [INFO] [1790683082.816127198] [depth_angular_controller]: PAPER_BUILD reason=READY required=0.0100 best=8.0717 free=10 refined=0 tubes=117 revoked_tubes=0 proofs=128
[depth_angular_controller-1] [INFO] [1790683082.816165721] [depth_angular_controller]: PAPER_EVIDENCE retained=32 balls=32 revoked_balls=0 expired_views=0 evicted_views=375 radius=0.580 clearance=0.500 best_prefix=8.072
[position_cmd_to_twist-2] [INFO] [1790683082.844392269] [position_cmd_to_twist]: [PERF BRIDGE] run=iteration3_ego1p1_1 elapsed=153.76s received=3801 published=3473 fps(ros/wall)=26.26/24.80 controller_to_bridge_ms(mean/p50/p95/max)=32.202/16.667/133.333/183.333 bridge_process_ms(mean/p95/max)=0.114/0.148/2.005
[NAV] t=145.0s position=(-37.79,-7.91,2.57) yaw=10.6deg command=(0.00,0.00,0.00) manual_active=1 collision_blocks=0
[depth_angular_controller-1] [INFO] [1790683083.492250697] [depth_angular_controller]: [PERF CTRL] run=iteration3_ego1p1_1 elapsed=154.51s callbacks=3808 commands=3807 guidance=3707 command_fps(ros/wall)=26.14/27.05 guidance_wall_fps=26.67 avoid_ms(mean/p50/p95/max)=14.784/0.531/99.970/155.390 cycle_ms(mean/p95/max)=36.963/114.686/193.250 depth_to_cmd_ms(mean/p95/max)=23.959/33.333/50.000 callback_to_publish_ms(mean/p95/max)=32.773/113.963/169.094
[depth_angular_controller-1] [INFO] [1790683083.504445321] [depth_angular_controller]: SINGULAR_FIELD
[depth_angular_controller-1] [INFO] [1790683083.659325629] [depth_angular_controller]: COMPUTE_DEADLINE
[depth_angular_controller-1] [INFO] [1790683083.774008024] [depth_angular_controller]: PAPER_BUILD reason=READY required=0.0100 best=8.0717 free=10 refined=0 tubes=117 revoked_tubes=0 proofs=128
[depth_angular_controller-1] [INFO] [1790683083.774043931] [depth_angular_controller]: PAPER_EVIDENCE retained=32 balls=32 revoked_balls=0 expired_views=0 evicted_views=375 radius=0.580 clearance=0.500 best_prefix=8.072
[depth_angular_controller-1] [INFO] [1790683084.586043366] [depth_angular_controller]: PAPER_BUILD reason=READY required=0.0100 best=8.0717 free=10 refined=0 tubes=117 revoked_tubes=0 proofs=128
[depth_angular_controller-1] [INFO] [1790683084.586080846] [depth_angular_controller]: PAPER_EVIDENCE retained=32 balls=32 revoked_balls=0 expired_views=0 evicted_views=375 radius=0.580 clearance=0.500 best_prefix=8.072
[depth_angular_controller-1] [INFO] [1790683085.398828184] [depth_angular_controller]: PAPER_BUILD reason=READY required=0.0100 best=8.0717 free=10 refined=0 tubes=117 revoked_tubes=0 proofs=128
[depth_angular_controller-1] [INFO] [1790683085.398869281] [depth_angular_controller]: PAPER_EVIDENCE retained=32 balls=32 revoked_balls=0 expired_views=0 evicted_views=375 radius=0.580 clearance=0.500 best_prefix=8.072
[depth_angular_controller-1] [INFO] [1790683085.626993584] [depth_angular_controller]: SINGULAR_FIELD
[depth_angular_controller-1] [INFO] [1790683085.758149332] [depth_angular_controller]: COMPUTE_DEADLINE
[depth_angular_controller-1] [INFO] [1790683086.337275301] [depth_angular_controller]: PAPER_BUILD reason=READY required=0.0100 best=8.0717 free=10 refined=0 tubes=117 revoked_tubes=0 proofs=128
[depth_angular_controller-1] [INFO] [1790683086.337311129] [depth_angular_controller]: PAPER_EVIDENCE retained=32 balls=32 revoked_balls=0 expired_views=0 evicted_views=375 radius=0.580 clearance=0.500 best_prefix=8.072
[position_cmd_to_twist-2] [INFO] [1790683087.007247647] [position_cmd_to_twist]: [PERF BRIDGE] run=iteration3_ego1p1_1 elapsed=157.92s received=3842 published=3481 fps(ros/wall)=25.67/24.15 controller_to_bridge_ms(mean/p50/p95/max)=33.125/16.667/133.333/183.333 bridge_process_ms(mean/p95/max)=0.114/0.148/2.005
[NAV] t=150.0s position=(-37.79,-7.91,2.57) yaw=10.6deg command=(0.00,0.00,0.00) manual_active=1 collision_blocks=0
[depth_angular_controller-1] [INFO] [1790683087.149466596] [depth_angular_controller]: PAPER_BUILD reason=READY required=0.0100 best=8.0717 free=10 refined=0 tubes=117 revoked_tubes=0 proofs=128
[depth_angular_controller-1] [INFO] [1790683087.149509636] [depth_angular_controller]: PAPER_EVIDENCE retained=32 balls=32 revoked_balls=0 expired_views=0 evicted_views=375 radius=0.580 clearance=0.500 best_prefix=8.072
[depth_angular_controller-1] [INFO] [1790683087.269403902] [depth_angular_controller]: SINGULAR_FIELD
[depth_angular_controller-1] [INFO] [1790683087.399139555] [depth_angular_controller]: COMPUTE_DEADLINE
[depth_angular_controller-1] [INFO] [1790683087.409909095] [depth_angular_controller]: SINGULAR_FIELD
[depth_angular_controller-1] [INFO] [1790683087.575310105] [depth_angular_controller]: COMPUTE_DEADLINE
[depth_angular_controller-1] [INFO] [1790683088.145958186] [depth_angular_controller]: PAPER_BUILD reason=READY required=0.0100 best=8.0717 free=10 refined=0 tubes=117 revoked_tubes=0 proofs=128
[depth_angular_controller-1] [INFO] [1790683088.146005845] [depth_angular_controller]: PAPER_EVIDENCE retained=32 balls=32 revoked_balls=0 expired_views=0 evicted_views=375 radius=0.580 clearance=0.500 best_prefix=8.072
[depth_angular_controller-1] [INFO] [1790683088.256667626] [depth_angular_controller]: SINGULAR_FIELD
[depth_angular_controller-1] [INFO] [1790683088.425016989] [depth_angular_controller]: COMPUTE_DEADLINE
[depth_angular_controller-1] [INFO] [1790683088.540874048] [depth_angular_controller]: [PERF CTRL] run=iteration3_ego1p1_1 elapsed=159.56s callbacks=3866 commands=3865 guidance=3765 command_fps(ros/wall)=25.52/26.51 guidance_wall_fps=26.14 avoid_ms(mean/p50/p95/max)=15.670/0.548/100.119/155.390 cycle_ms(mean/p95/max)=37.715/115.119/193.250 depth_to_cmd_ms(mean/p95/max)=23.949/33.333/50.000 callback_to_publish_ms(mean/p95/max)=33.566/114.370/169.094
[depth_angular_controller-1] [INFO] [1790683089.005302965] [depth_angular_controller]: PAPER_BUILD reason=READY required=0.0100 best=8.0717 free=10 refined=0 tubes=117 revoked_tubes=0 proofs=128
[depth_angular_controller-1] [INFO] [1790683089.005345765] [depth_angular_controller]: PAPER_EVIDENCE retained=32 balls=32 revoked_balls=0 expired_views=0 evicted_views=375 radius=0.580 clearance=0.500 best_prefix=8.072
[depth_angular_controller-1] [INFO] [1790683089.454126167] [depth_angular_controller]: SINGULAR_FIELD
[depth_angular_controller-1] [INFO] [1790683089.601381737] [depth_angular_controller]: COMPUTE_DEADLINE
[depth_angular_controller-1] [INFO] [1790683089.950326573] [depth_angular_controller]: PAPER_BUILD reason=READY required=0.0100 best=8.0717 free=10 refined=0 tubes=117 revoked_tubes=0 proofs=128
[depth_angular_controller-1] [INFO] [1790683089.950365366] [depth_angular_controller]: PAPER_EVIDENCE retained=32 balls=32 revoked_balls=0 expired_views=0 evicted_views=375 radius=0.580 clearance=0.500 best_prefix=8.072
[depth_angular_controller-1] [INFO] [1790683090.287830281] [depth_angular_controller]: SINGULAR_FIELD
[depth_angular_controller-1] [INFO] [1790683090.435632867] [depth_angular_controller]: COMPUTE_DEADLINE
[depth_angular_controller-1] [INFO] [1790683090.549912988] [depth_angular_controller]: SINGULAR_FIELD
[depth_angular_controller-1] [INFO] [1790683090.683255740] [depth_angular_controller]: COMPUTE_DEADLINE
[depth_angular_controller-1] [INFO] [1790683090.912513269] [depth_angular_controller]: PAPER_BUILD reason=READY required=0.0100 best=8.0717 free=10 refined=0 tubes=117 revoked_tubes=0 proofs=128
[depth_angular_controller-1] [INFO] [1790683090.912547493] [depth_angular_controller]: PAPER_EVIDENCE retained=32 balls=32 revoked_balls=0 expired_views=0 evicted_views=375 radius=0.580 clearance=0.500 best_prefix=8.072
[position_cmd_to_twist-2] [INFO] [1790683091.433559530] [position_cmd_to_twist]: [PERF BRIDGE] run=iteration3_ego1p1_1 elapsed=162.34s received=3896 published=3504 fps(ros/wall)=25.18/23.58 controller_to_bridge_ms(mean/p50/p95/max)=33.911/16.667/133.333/183.333 bridge_process_ms(mean/p95/max)=0.114/0.148/2.005
[NAV] t=155.0s position=(-37.79,-7.91,2.57) yaw=10.6deg command=(0.00,0.00,0.00) manual_active=1 collision_blocks=0
[depth_angular_controller-1] [INFO] [1790683091.725064870] [depth_angular_controller]: PAPER_BUILD reason=READY required=0.0100 best=8.0717 free=10 refined=0 tubes=117 revoked_tubes=0 proofs=128
[depth_angular_controller-1] [INFO] [1790683091.725500136] [depth_angular_controller]: PAPER_EVIDENCE retained=32 balls=32 revoked_balls=0 expired_views=0 evicted_views=375 radius=0.580 clearance=0.500 best_prefix=8.072
[depth_angular_controller-1] [INFO] [1790683092.535314931] [depth_angular_controller]: PAPER_BUILD reason=READY required=0.0100 best=8.0717 free=10 refined=0 tubes=117 revoked_tubes=0 proofs=128
[depth_angular_controller-1] [INFO] [1790683092.535356379] [depth_angular_controller]: PAPER_EVIDENCE retained=32 balls=32 revoked_balls=0 expired_views=0 evicted_views=375 radius=0.580 clearance=0.500 best_prefix=8.072
[depth_angular_controller-1] [INFO] [1790683092.762343788] [depth_angular_controller]: SINGULAR_FIELD
[depth_angular_controller-1] [INFO] [1790683092.996123794] [depth_angular_controller]: COMPUTE_DEADLINE
[depth_angular_controller-1] [INFO] [1790683093.573494300] [depth_angular_controller]: [PERF CTRL] run=iteration3_ego1p1_1 elapsed=164.59s callbacks=3920 commands=3919 guidance=3819 command_fps(ros/wall)=24.92/25.99 guidance_wall_fps=25.62 avoid_ms(mean/p50/p95/max)=16.536/0.560/100.275/155.390 cycle_ms(mean/p95/max)=38.480/115.377/193.250 depth_to_cmd_ms(mean/p95/max)=23.885/33.333/50.000 callback_to_publish_ms(mean/p95/max)=34.358/114.649/169.094
[depth_angular_controller-1] [INFO] [1790683093.573548421] [depth_angular_controller]: PAPER_BUILD reason=READY required=0.0100 best=8.0717 free=10 refined=0 tubes=117 revoked_tubes=0 proofs=128
[depth_angular_controller-1] [INFO] [1790683093.573557378] [depth_angular_controller]: PAPER_EVIDENCE retained=32 balls=32 revoked_balls=0 expired_views=0 evicted_views=375 radius=0.580 clearance=0.500 best_prefix=8.072
[depth_angular_controller-1] [INFO] [1790683094.368885187] [depth_angular_controller]: PAPER_BUILD reason=READY required=0.0100 best=8.0717 free=10 refined=0 tubes=117 revoked_tubes=0 proofs=128
[depth_angular_controller-1] [INFO] [1790683094.368928008] [depth_angular_controller]: PAPER_EVIDENCE retained=32 balls=32 revoked_balls=0 expired_views=0 evicted_views=375 radius=0.580 clearance=0.500 best_prefix=8.072
[depth_angular_controller-1] [INFO] [1790683095.177233410] [depth_angular_controller]: PAPER_BUILD reason=READY required=0.0100 best=8.0717 free=10 refined=0 tubes=117 revoked_tubes=0 proofs=128
[depth_angular_controller-1] [INFO] [1790683095.177277352] [depth_angular_controller]: PAPER_EVIDENCE retained=32 balls=32 revoked_balls=0 expired_views=0 evicted_views=375 radius=0.580 clearance=0.500 best_prefix=8.072
[depth_angular_controller-1] [INFO] [1790683095.291369280] [depth_angular_controller]: SINGULAR_FIELD
[depth_angular_controller-1] [INFO] [1790683095.439452713] [depth_angular_controller]: COMPUTE_DEADLINE
[position_cmd_to_twist-2] [INFO] [1790683095.672117286] [position_cmd_to_twist]: [PERF BRIDGE] run=iteration3_ego1p1_1 elapsed=166.58s received=3940 published=3514 fps(ros/wall)=24.65/22.98 controller_to_bridge_ms(mean/p50/p95/max)=34.810/16.667/150.000/183.333 bridge_process_ms(mean/p95/max)=0.114/0.148/2.005
[NAV] t=160.0s position=(-37.79,-7.91,2.57) yaw=10.6deg command=(0.00,0.00,0.00) manual_active=1 collision_blocks=0
[depth_angular_controller-1] [INFO] [1790683096.122297504] [depth_angular_controller]: PAPER_BUILD reason=READY required=0.0100 best=8.0717 free=10 refined=0 tubes=117 revoked_tubes=0 proofs=128
[depth_angular_controller-1] [INFO] [1790683096.122339253] [depth_angular_controller]: PAPER_EVIDENCE retained=32 balls=32 revoked_balls=0 expired_views=0 evicted_views=375 radius=0.580 clearance=0.500 best_prefix=8.072
[depth_angular_controller-1] [INFO] [1790683096.799648947] [depth_angular_controller]: SINGULAR_FIELD
[depth_angular_controller-1] [INFO] [1790683096.973929350] [depth_angular_controller]: COMPUTE_DEADLINE
[depth_angular_controller-1] [INFO] [1790683097.085704931] [depth_angular_controller]: PAPER_BUILD reason=READY required=0.0100 best=8.0717 free=10 refined=0 tubes=117 revoked_tubes=0 proofs=128
[depth_angular_controller-1] [INFO] [1790683097.085742972] [depth_angular_controller]: PAPER_EVIDENCE retained=32 balls=32 revoked_balls=0 expired_views=0 evicted_views=375 radius=0.580 clearance=0.500 best_prefix=8.072
[depth_angular_controller-1] [INFO] [1790683097.904497613] [depth_angular_controller]: PAPER_BUILD reason=READY required=0.0100 best=8.0717 free=10 refined=0 tubes=117 revoked_tubes=0 proofs=128
[depth_angular_controller-1] [INFO] [1790683097.904539131] [depth_angular_controller]: PAPER_EVIDENCE retained=32 balls=32 revoked_balls=0 expired_views=0 evicted_views=375 radius=0.580 clearance=0.500 best_prefix=8.072
[depth_angular_controller-1] [INFO] [1790683098.242979395] [depth_angular_controller]: SINGULAR_FIELD
[depth_angular_controller-1] [INFO] [1790683098.398874949] [depth_angular_controller]: COMPUTE_DEADLINE
[depth_angular_controller-1] [INFO] [1790683098.630108266] [depth_angular_controller]: [PERF CTRL] run=iteration3_ego1p1_1 elapsed=169.65s callbacks=3975 commands=3974 guidance=3874 command_fps(ros/wall)=24.33/25.50 guidance_wall_fps=25.13 avoid_ms(mean/p50/p95/max)=17.401/0.574/100.349/155.390 cycle_ms(mean/p95/max)=39.220/115.537/193.250 depth_to_cmd_ms(mean/p95/max)=23.834/33.333/50.000 callback_to_publish_ms(mean/p95/max)=35.149/114.814/169.094
[depth_angular_controller-1] [INFO] [1790683098.862354323] [depth_angular_controller]: PAPER_BUILD reason=READY required=0.0100 best=8.0717 free=10 refined=0 tubes=117 revoked_tubes=0 proofs=128
[depth_angular_controller-1] [INFO] [1790683098.862397885] [depth_angular_controller]: PAPER_EVIDENCE retained=32 balls=32 revoked_balls=0 expired_views=0 evicted_views=375 radius=0.580 clearance=0.500 best_prefix=8.072
[depth_angular_controller-1] [INFO] [1790683099.674221930] [depth_angular_controller]: SINGULAR_FIELD
[depth_angular_controller-1] [INFO] [1790683099.834674094] [depth_angular_controller]: COMPUTE_DEADLINE
[depth_angular_controller-1] [INFO] [1790683099.834707827] [depth_angular_controller]: PAPER_BUILD reason=READY required=0.0100 best=8.0717 free=10 refined=0 tubes=117 revoked_tubes=0 proofs=128
[depth_angular_controller-1] [INFO] [1790683099.834717626] [depth_angular_controller]: PAPER_EVIDENCE retained=32 balls=32 revoked_balls=0 expired_views=0 evicted_views=375 radius=0.580 clearance=0.500 best_prefix=8.072
[position_cmd_to_twist-2] [INFO] [1790683099.907190624] [position_cmd_to_twist]: [PERF BRIDGE] run=iteration3_ego1p1_1 elapsed=170.82s received=3988 published=3530 fps(ros/wall)=24.21/22.47 controller_to_bridge_ms(mean/p50/p95/max)=35.603/16.667/150.000/183.333 bridge_process_ms(mean/p95/max)=0.114/0.148/2.005
[NAV] t=165.0s position=(-37.79,-7.91,2.57) yaw=10.6deg command=(0.00,0.00,0.00) manual_active=1 collision_blocks=0
[depth_angular_controller-1] [INFO] [1790683100.061818779] [depth_angular_controller]: SINGULAR_FIELD
[depth_angular_controller-1] [INFO] [1790683100.215959178] [depth_angular_controller]: COMPUTE_DEADLINE
[depth_angular_controller-1] [INFO] [1790683100.672536671] [depth_angular_controller]: SINGULAR_FIELD
[depth_angular_controller-1] [INFO] [1790683100.810854379] [depth_angular_controller]: COMPUTE_DEADLINE
[depth_angular_controller-1] [INFO] [1790683100.810888684] [depth_angular_controller]: PAPER_BUILD reason=READY required=0.0100 best=8.0717 free=10 refined=0 tubes=117 revoked_tubes=0 proofs=128
[depth_angular_controller-1] [INFO] [1790683100.810898782] [depth_angular_controller]: PAPER_EVIDENCE retained=32 balls=32 revoked_balls=0 expired_views=0 evicted_views=375 radius=0.580 clearance=0.500 best_prefix=8.072
[depth_angular_controller-1] [INFO] [1790683101.160694356] [depth_angular_controller]: SINGULAR_FIELD
[depth_angular_controller-1] [INFO] [1790683101.298904331] [depth_angular_controller]: COMPUTE_DEADLINE
[depth_angular_controller-1] [INFO] [1790683101.759636190] [depth_angular_controller]: PAPER_BUILD reason=READY required=0.0100 best=8.0717 free=10 refined=0 tubes=117 revoked_tubes=0 proofs=128
[depth_angular_controller-1] [INFO] [1790683101.759676285] [depth_angular_controller]: PAPER_EVIDENCE retained=32 balls=32 revoked_balls=0 expired_views=0 evicted_views=375 radius=0.580 clearance=0.500 best_prefix=8.072
[depth_angular_controller-1] [INFO] [1790683101.999466730] [depth_angular_controller]: SINGULAR_FIELD
[depth_angular_controller-1] [INFO] [1790683102.136555712] [depth_angular_controller]: COMPUTE_DEADLINE
[depth_angular_controller-1] [INFO] [1790683102.708124250] [depth_angular_controller]: PAPER_BUILD reason=READY required=0.0100 best=8.0717 free=10 refined=0 tubes=117 revoked_tubes=0 proofs=128
[depth_angular_controller-1] [INFO] [1790683102.708164746] [depth_angular_controller]: PAPER_EVIDENCE retained=32 balls=32 revoked_balls=0 expired_views=0 evicted_views=375 radius=0.580 clearance=0.500 best_prefix=8.072
[depth_angular_controller-1] [INFO] [1790683102.934316918] [depth_angular_controller]: SINGULAR_FIELD
[depth_angular_controller-1] [INFO] [1790683103.085731923] [depth_angular_controller]: COMPUTE_DEADLINE
[depth_angular_controller-1] [INFO] [1790683103.662558067] [depth_angular_controller]: [PERF CTRL] run=iteration3_ego1p1_1 elapsed=174.68s callbacks=4036 commands=4035 guidance=3935 command_fps(ros/wall)=23.87/25.08 guidance_wall_fps=24.72 avoid_ms(mean/p50/p95/max)=18.178/0.586/100.465/155.390 cycle_ms(mean/p95/max)=39.874/115.743/193.250 depth_to_cmd_ms(mean/p95/max)=23.808/33.333/66.667 callback_to_publish_ms(mean/p95/max)=35.846/114.958/169.094
[depth_angular_controller-1] [INFO] [1790683103.662615254] [depth_angular_controller]: PAPER_BUILD reason=READY required=0.0100 best=8.0717 free=10 refined=0 tubes=117 revoked_tubes=0 proofs=128
[depth_angular_controller-1] [INFO] [1790683103.662623319] [depth_angular_controller]: PAPER_EVIDENCE retained=32 balls=32 revoked_balls=0 expired_views=0 evicted_views=375 radius=0.580 clearance=0.500 best_prefix=8.072
[depth_angular_controller-1] [INFO] [1790683104.255109570] [depth_angular_controller]: SINGULAR_FIELD
[position_cmd_to_twist-2] [INFO] [1790683104.360197821] [position_cmd_to_twist]: [PERF BRIDGE] run=iteration3_ego1p1_1 elapsed=175.27s received=4043 published=3554 fps(ros/wall)=23.80/22.00 controller_to_bridge_ms(mean/p50/p95/max)=36.322/16.667/150.000/183.333 bridge_process_ms(mean/p95/max)=0.114/0.148/2.005
[depth_angular_controller-1] [INFO] [1790683104.417166064] [depth_angular_controller]: COMPUTE_DEADLINE
[NAV] t=170.0s position=(-37.79,-7.91,2.57) yaw=10.6deg command=(0.00,0.00,0.00) manual_active=1 collision_blocks=0
[depth_angular_controller-1] [INFO] [1790683104.529525791] [depth_angular_controller]: PAPER_BUILD reason=READY required=0.0100 best=8.0717 free=10 refined=0 tubes=117 revoked_tubes=0 proofs=128
[depth_angular_controller-1] [INFO] [1790683104.529562029] [depth_angular_controller]: PAPER_EVIDENCE retained=32 balls=32 revoked_balls=0 expired_views=0 evicted_views=375 radius=0.580 clearance=0.500 best_prefix=8.072
[depth_angular_controller-1] [INFO] [1790683105.223393287] [depth_angular_controller]: SINGULAR_FIELD
[depth_angular_controller-1] [INFO] [1790683105.349133252] [depth_angular_controller]: COMPUTE_DEADLINE
[depth_angular_controller-1] [INFO] [1790683105.463432458] [depth_angular_controller]: PAPER_BUILD reason=READY required=0.0100 best=8.0717 free=10 refined=0 tubes=117 revoked_tubes=0 proofs=128
[depth_angular_controller-1] [INFO] [1790683105.463471231] [depth_angular_controller]: PAPER_EVIDENCE retained=32 balls=32 revoked_balls=0 expired_views=0 evicted_views=375 radius=0.580 clearance=0.500 best_prefix=8.072
[depth_angular_controller-1] [INFO] [1790683106.268172831] [depth_angular_controller]: PAPER_BUILD reason=READY required=0.0100 best=8.0717 free=10 refined=0 tubes=117 revoked_tubes=0 proofs=128
[depth_angular_controller-1] [INFO] [1790683106.268214940] [depth_angular_controller]: PAPER_EVIDENCE retained=32 balls=32 revoked_balls=0 expired_views=0 evicted_views=375 radius=0.580 clearance=0.500 best_prefix=8.072
[depth_angular_controller-1] [INFO] [1790683106.502421997] [depth_angular_controller]: SINGULAR_FIELD
[depth_angular_controller-1] [INFO] [1790683106.657220392] [depth_angular_controller]: COMPUTE_DEADLINE
[depth_angular_controller-1] [INFO] [1790683107.002112714] [depth_angular_controller]: SINGULAR_FIELD
[depth_angular_controller-1] [INFO] [1790683107.140029399] [depth_angular_controller]: COMPUTE_DEADLINE
[depth_angular_controller-1] [INFO] [1790683107.256821313] [depth_angular_controller]: PAPER_BUILD reason=READY required=0.0100 best=8.0717 free=10 refined=0 tubes=117 revoked_tubes=0 proofs=128
[depth_angular_controller-1] [INFO] [1790683107.256862670] [depth_angular_controller]: PAPER_EVIDENCE retained=32 balls=32 revoked_balls=0 expired_views=0 evicted_views=375 radius=0.580 clearance=0.500 best_prefix=8.072
[depth_angular_controller-1] [INFO] [1790683107.726797820] [depth_angular_controller]: SINGULAR_FIELD
[depth_angular_controller-1] [INFO] [1790683107.858049398] [depth_angular_controller]: COMPUTE_DEADLINE
[depth_angular_controller-1] [INFO] [1790683108.200655009] [depth_angular_controller]: PAPER_BUILD reason=READY required=0.0100 best=8.0717 free=10 refined=0 tubes=117 revoked_tubes=0 proofs=128
[depth_angular_controller-1] [INFO] [1790683108.200700173] [depth_angular_controller]: PAPER_EVIDENCE retained=32 balls=32 revoked_balls=0 expired_views=0 evicted_views=375 radius=0.580 clearance=0.500 best_prefix=8.072
[position_cmd_to_twist-2] [INFO] [1790683108.682139861] [position_cmd_to_twist]: [PERF BRIDGE] run=iteration3_ego1p1_1 elapsed=179.59s received=4088 published=3566 fps(ros/wall)=23.39/21.50 controller_to_bridge_ms(mean/p50/p95/max)=37.129/16.667/150.000/183.333 bridge_process_ms(mean/p95/max)=0.114/0.148/2.005
[depth_angular_controller-1] [INFO] [1790683108.755634546] [depth_angular_controller]: [PERF CTRL] run=iteration3_ego1p1_1 elapsed=179.78s callbacks=4090 commands=4089 guidance=3989 command_fps(ros/wall)=23.38/24.63 guidance_wall_fps=24.28 avoid_ms(mean/p50/p95/max)=18.994/0.605/100.510/155.390 cycle_ms(mean/p95/max)=40.594/115.910/193.250 depth_to_cmd_ms(mean/p95/max)=23.782/33.333/66.667 callback_to_publish_ms(mean/p95/max)=36.588/115.135/169.094
[depth_angular_controller-1] [INFO] [1790683108.767645525] [depth_angular_controller]: SINGULAR_FIELD
[NAV] t=175.0s position=(-37.79,-7.91,2.57) yaw=10.6deg command=(0.00,0.00,0.00) manual_active=1 collision_blocks=0
[depth_angular_controller-1] [INFO] [1790683108.933071453] [depth_angular_controller]: COMPUTE_DEADLINE
[depth_angular_controller-1] [INFO] [1790683109.047511503] [depth_angular_controller]: SINGULAR_FIELD
[depth_angular_controller-1] [INFO] [1790683109.179765633] [depth_angular_controller]: COMPUTE_DEADLINE
[depth_angular_controller-1] [INFO] [1790683109.179800067] [depth_angular_controller]: PAPER_BUILD reason=READY required=0.0100 best=8.0717 free=10 refined=0 tubes=117 revoked_tubes=0 proofs=128
[depth_angular_controller-1] [INFO] [1790683109.179810427] [depth_angular_controller]: PAPER_EVIDENCE retained=32 balls=32 revoked_balls=0 expired_views=0 evicted_views=375 radius=0.580 clearance=0.500 best_prefix=8.072
[depth_angular_controller-1] [INFO] [1790683109.403740860] [depth_angular_controller]: SINGULAR_FIELD
[depth_angular_controller-1] [INFO] [1790683109.557883634] [depth_angular_controller]: COMPUTE_DEADLINE
[depth_angular_controller-1] [INFO] [1790683110.140258470] [depth_angular_controller]: PAPER_BUILD reason=READY required=0.0100 best=8.0717 free=10 refined=0 tubes=117 revoked_tubes=0 proofs=128
[depth_angular_controller-1] [INFO] [1790683110.140298565] [depth_angular_controller]: PAPER_EVIDENCE retained=32 balls=32 revoked_balls=0 expired_views=0 evicted_views=375 radius=0.580 clearance=0.500 best_prefix=8.072
[depth_angular_controller-1] [INFO] [1790683110.606348764] [depth_angular_controller]: SINGULAR_FIELD
[depth_angular_controller-1] [INFO] [1790683110.733474880] [depth_angular_controller]: COMPUTE_DEADLINE
[depth_angular_controller-1] [INFO] [1790683111.078329562] [depth_angular_controller]: PAPER_BUILD reason=READY required=0.0100 best=8.0717 free=10 refined=0 tubes=117 revoked_tubes=0 proofs=128
[depth_angular_controller-1] [INFO] [1790683111.078370769] [depth_angular_controller]: PAPER_EVIDENCE retained=32 balls=32 revoked_balls=0 expired_views=0 evicted_views=375 radius=0.580 clearance=0.500 best_prefix=8.072
[depth_angular_controller-1] [INFO] [1790683111.429362046] [depth_angular_controller]: SINGULAR_FIELD
[depth_angular_controller-1] [INFO] [1790683111.557506042] [depth_angular_controller]: COMPUTE_DEADLINE
[depth_angular_controller-1] [INFO] [1790683111.793478793] [depth_angular_controller]: SINGULAR_FIELD
[depth_angular_controller-1] [INFO] [1790683111.929198856] [depth_angular_controller]: COMPUTE_DEADLINE
[depth_angular_controller-1] [INFO] [1790683111.942432299] [depth_angular_controller]: SINGULAR_FIELD
[depth_angular_controller-1] [INFO] [1790683112.104587239] [depth_angular_controller]: COMPUTE_DEADLINE
[depth_angular_controller-1] [INFO] [1790683112.104622515] [depth_angular_controller]: PAPER_BUILD reason=READY required=0.0100 best=8.0717 free=10 refined=0 tubes=117 revoked_tubes=0 proofs=128
[depth_angular_controller-1] [INFO] [1790683112.104633035] [depth_angular_controller]: PAPER_EVIDENCE retained=32 balls=32 revoked_balls=0 expired_views=0 evicted_views=375 radius=0.580 clearance=0.500 best_prefix=8.072
[depth_angular_controller-1] [INFO] [1790683113.019488842] [depth_angular_controller]: PAPER_BUILD reason=READY required=0.0100 best=8.0717 free=10 refined=0 tubes=117 revoked_tubes=0 proofs=128
[depth_angular_controller-1] [INFO] [1790683113.019531833] [depth_angular_controller]: PAPER_EVIDENCE retained=32 balls=32 revoked_balls=0 expired_views=0 evicted_views=375 radius=0.580 clearance=0.500 best_prefix=8.072
[position_cmd_to_twist-2] [INFO] [1790683113.181503298] [position_cmd_to_twist]: [PERF BRIDGE] run=iteration3_ego1p1_1 elapsed=184.09s received=4145 published=3593 fps(ros/wall)=23.06/21.09 controller_to_bridge_ms(mean/p50/p95/max)=37.780/16.667/150.000/183.333 bridge_process_ms(mean/p95/max)=0.114/0.148/2.005
[NAV] t=180.0s position=(-37.79,-7.91,2.57) yaw=10.6deg command=(0.00,0.00,0.00) manual_active=1 collision_blocks=0
[depth_angular_controller-1] [INFO] [1790683113.829092461] [depth_angular_controller]: [PERF CTRL] run=iteration3_ego1p1_1 elapsed=184.85s callbacks=4152 commands=4151 guidance=4051 command_fps(ros/wall)=22.98/24.27 guidance_wall_fps=23.92 avoid_ms(mean/p50/p95/max)=19.724/0.616/100.596/155.390 cycle_ms(mean/p95/max)=41.210/116.110/193.250 depth_to_cmd_ms(mean/p95/max)=23.743/33.333/66.667 callback_to_publish_ms(mean/p95/max)=37.240/115.278/169.094
[depth_angular_controller-1] [INFO] [1790683113.829143687] [depth_angular_controller]: PAPER_BUILD reason=READY required=0.0100 best=8.0717 free=10 refined=0 tubes=117 revoked_tubes=0 proofs=128
[depth_angular_controller-1] [INFO] [1790683113.829151972] [depth_angular_controller]: PAPER_EVIDENCE retained=32 balls=32 revoked_balls=0 expired_views=0 evicted_views=375 radius=0.580 clearance=0.500 best_prefix=8.072
[depth_angular_controller-1] [INFO] [1790683114.059517230] [depth_angular_controller]: SINGULAR_FIELD
[depth_angular_controller-1] [INFO] [1790683114.204351206] [depth_angular_controller]: COMPUTE_DEADLINE
[depth_angular_controller-1] [INFO] [1790683114.316700063] [depth_angular_controller]: SINGULAR_FIELD
[depth_angular_controller-1] [INFO] [1790683114.470722872] [depth_angular_controller]: COMPUTE_DEADLINE
[depth_angular_controller-1] [INFO] [1790683114.816674231] [depth_angular_controller]: PAPER_BUILD reason=READY required=0.0100 best=8.0717 free=10 refined=0 tubes=117 revoked_tubes=0 proofs=128
[depth_angular_controller-1] [INFO] [1790683114.816715829] [depth_angular_controller]: PAPER_EVIDENCE retained=32 balls=32 revoked_balls=0 expired_views=0 evicted_views=375 radius=0.580 clearance=0.500 best_prefix=8.072
[depth_angular_controller-1] [INFO] [1790683115.628572475] [depth_angular_controller]: PAPER_BUILD reason=READY required=0.0100 best=8.0717 free=10 refined=0 tubes=117 revoked_tubes=0 proofs=128
[depth_angular_controller-1] [INFO] [1790683115.628612651] [depth_angular_controller]: PAPER_EVIDENCE retained=32 balls=32 revoked_balls=0 expired_views=0 evicted_views=375 radius=0.580 clearance=0.500 best_prefix=8.072
[depth_angular_controller-1] [INFO] [1790683115.743099329] [depth_angular_controller]: SINGULAR_FIELD
[depth_angular_controller-1] [INFO] [1790683115.884827607] [depth_angular_controller]: COMPUTE_DEADLINE
[depth_angular_controller-1] [INFO] [1790683116.579204248] [depth_angular_controller]: PAPER_BUILD reason=READY required=0.0100 best=8.0717 free=10 refined=0 tubes=117 revoked_tubes=0 proofs=128
[depth_angular_controller-1] [INFO] [1790683116.579244884] [depth_angular_controller]: PAPER_EVIDENCE retained=32 balls=32 revoked_balls=0 expired_views=0 evicted_views=375 radius=0.580 clearance=0.500 best_prefix=8.072
[depth_angular_controller-1] [INFO] [1790683117.385973818] [depth_angular_controller]: SINGULAR_FIELD
[position_cmd_to_twist-2] [INFO] [1790683117.478535433] [position_cmd_to_twist]: [PERF BRIDGE] run=iteration3_ego1p1_1 elapsed=188.39s received=4192 published=3608 fps(ros/wall)=22.68/20.66 controller_to_bridge_ms(mean/p50/p95/max)=38.510/16.667/150.000/183.333 bridge_process_ms(mean/p95/max)=0.114/0.148/2.005
[NAV] t=185.0s position=(-37.79,-7.91,2.57) yaw=10.6deg command=(0.00,0.00,0.00) manual_active=1 collision_blocks=0
[depth_angular_controller-1] [INFO] [1790683117.539434953] [depth_angular_controller]: COMPUTE_DEADLINE
[depth_angular_controller-1] [INFO] [1790683117.539471241] [depth_angular_controller]: PAPER_BUILD reason=READY required=0.0100 best=8.0717 free=10 refined=0 tubes=117 revoked_tubes=0 proofs=128
[depth_angular_controller-1] [INFO] [1790683117.539482422] [depth_angular_controller]: PAPER_EVIDENCE retained=32 balls=32 revoked_balls=0 expired_views=0 evicted_views=375 radius=0.580 clearance=0.500 best_prefix=8.072
[depth_angular_controller-1] [INFO] [1790683117.883866811] [depth_angular_controller]: SINGULAR_FIELD
[depth_angular_controller-1] [INFO] [1790683118.046087083] [depth_angular_controller]: COMPUTE_DEADLINE
[depth_angular_controller-1] [INFO] [1790683118.509055769] [depth_angular_controller]: PAPER_BUILD reason=READY required=0.0100 best=8.0717 free=10 refined=0 tubes=117 revoked_tubes=0 proofs=128
[depth_angular_controller-1] [INFO] [1790683118.509095153] [depth_angular_controller]: PAPER_EVIDENCE retained=32 balls=32 revoked_balls=0 expired_views=0 evicted_views=375 radius=0.580 clearance=0.500 best_prefix=8.072
[depth_angular_controller-1] [INFO] [1790683118.840214269] [depth_angular_controller]: [PERF CTRL] run=iteration3_ego1p1_1 elapsed=189.86s callbacks=4209 commands=4208 guidance=4108 command_fps(ros/wall)=22.57/23.90 guidance_wall_fps=23.56 avoid_ms(mean/p50/p95/max)=20.460/0.632/100.701/155.390 cycle_ms(mean/p95/max)=41.842/116.261/193.250 depth_to_cmd_ms(mean/p95/max)=23.722/33.333/66.667 callback_to_publish_ms(mean/p95/max)=37.903/115.454/169.094
[depth_angular_controller-1] [INFO] [1790683118.853006985] [depth_angular_controller]: SINGULAR_FIELD
[depth_angular_controller-1] [INFO] [1790683119.014528446] [depth_angular_controller]: COMPUTE_DEADLINE
[depth_angular_controller-1] [INFO] [1790683119.473311327] [depth_angular_controller]: PAPER_BUILD reason=READY required=0.0100 best=8.0717 free=10 refined=0 tubes=117 revoked_tubes=0 proofs=128
[depth_angular_controller-1] [INFO] [1790683119.473351432] [depth_angular_controller]: PAPER_EVIDENCE retained=32 balls=32 revoked_balls=0 expired_views=0 evicted_views=375 radius=0.580 clearance=0.500 best_prefix=8.072
[depth_angular_controller-1] [INFO] [1790683119.926328479] [depth_angular_controller]: SINGULAR_FIELD
[depth_angular_controller-1] [INFO] [1790683120.069281455] [depth_angular_controller]: COMPUTE_DEADLINE
[depth_angular_controller-1] [INFO] [1790683120.294724416] [depth_angular_controller]: SINGULAR_FIELD
[depth_angular_controller-1] [INFO] [1790683120.470698728] [depth_angular_controller]: COMPUTE_DEADLINE
[depth_angular_controller-1] [INFO] [1790683120.470736870] [depth_angular_controller]: PAPER_BUILD reason=READY required=0.0100 best=8.0717 free=10 refined=0 tubes=117 revoked_tubes=0 proofs=128
[depth_angular_controller-1] [INFO] [1790683120.470748371] [depth_angular_controller]: PAPER_EVIDENCE retained=32 balls=32 revoked_balls=0 expired_views=0 evicted_views=375 radius=0.580 clearance=0.500 best_prefix=8.072
[depth_angular_controller-1] [INFO] [1790683120.815859915] [depth_angular_controller]: SINGULAR_FIELD
[depth_angular_controller-1] [INFO] [1790683120.949472844] [depth_angular_controller]: COMPUTE_DEADLINE
[depth_angular_controller-1] [INFO] [1790683121.060560003] [depth_angular_controller]: SINGULAR_FIELD
[depth_angular_controller-1] [INFO] [1790683121.201110530] [depth_angular_controller]: COMPUTE_DEADLINE
[depth_angular_controller-1] [INFO] [1790683121.320301807] [depth_angular_controller]: SINGULAR_FIELD
[depth_angular_controller-1] [INFO] [1790683121.478393381] [depth_angular_controller]: COMPUTE_DEADLINE
[depth_angular_controller-1] [INFO] [1790683121.478430180] [depth_angular_controller]: PAPER_BUILD reason=READY required=0.0100 best=8.0717 free=10 refined=0 tubes=117 revoked_tubes=0 proofs=128
[depth_angular_controller-1] [INFO] [1790683121.478441051] [depth_angular_controller]: PAPER_EVIDENCE retained=32 balls=32 revoked_balls=0 expired_views=0 evicted_views=375 radius=0.580 clearance=0.500 best_prefix=8.072
[depth_angular_controller-1] [INFO] [1790683121.707982443] [depth_angular_controller]: SINGULAR_FIELD
[depth_angular_controller-1] [INFO] [1790683121.836428566] [depth_angular_controller]: COMPUTE_DEADLINE
[depth_angular_controller-1] [INFO] [1790683122.062602980] [depth_angular_controller]: SINGULAR_FIELD
[position_cmd_to_twist-2] [INFO] [1790683122.111536195] [position_cmd_to_twist]: [PERF BRIDGE] run=iteration3_ego1p1_1 elapsed=193.02s received=4257 published=3644 fps(ros/wall)=22.41/20.32 controller_to_bridge_ms(mean/p50/p95/max)=39.077/16.667/150.000/183.333 bridge_process_ms(mean/p95/max)=0.114/0.149/2.005
[NAV] t=190.0s position=(-37.79,-7.91,2.57) yaw=10.6deg command=(0.00,0.00,0.00) manual_active=1 collision_blocks=0
[depth_angular_controller-1] [INFO] [1790683122.226675568] [depth_angular_controller]: COMPUTE_DEADLINE
[depth_angular_controller-1] [INFO] [1790683122.454793138] [depth_angular_controller]: PAPER_BUILD reason=READY required=0.0100 best=8.0717 free=10 refined=0 tubes=117 revoked_tubes=0 proofs=128
[depth_angular_controller-1] [INFO] [1790683122.456343187] [depth_angular_controller]: PAPER_EVIDENCE retained=32 balls=32 revoked_balls=0 expired_views=0 evicted_views=375 radius=0.580 clearance=0.500 best_prefix=8.072
[depth_angular_controller-1] [INFO] [1790683123.432650951] [depth_angular_controller]: PAPER_BUILD reason=READY required=0.0100 best=8.0717 free=10 refined=0 tubes=117 revoked_tubes=0 proofs=128
[depth_angular_controller-1] [INFO] [1790683123.432692699] [depth_angular_controller]: PAPER_EVIDENCE retained=32 balls=32 revoked_balls=0 expired_views=0 evicted_views=375 radius=0.580 clearance=0.500 best_prefix=8.072
[depth_angular_controller-1] [INFO] [1790683123.898817729] [depth_angular_controller]: [PERF CTRL] run=iteration3_ego1p1_1 elapsed=194.92s callbacks=4274 commands=4273 guidance=4173 command_fps(ros/wall)=22.27/23.59 guidance_wall_fps=23.26 avoid_ms(mean/p50/p95/max)=21.110/0.639/100.765/155.390 cycle_ms(mean/p95/max)=42.390/116.358/193.250 depth_to_cmd_ms(mean/p95/max)=23.680/33.333/66.667 callback_to_publish_ms(mean/p95/max)=38.482/115.574/169.094
[depth_angular_controller-1] [INFO] [1790683124.015974728] [depth_angular_controller]: SINGULAR_FIELD
[depth_angular_controller-1] [INFO] [1790683124.171572693] [depth_angular_controller]: COMPUTE_DEADLINE
[depth_angular_controller-1] [INFO] [1790683124.406649592] [depth_angular_controller]: SINGULAR_FIELD
[depth_angular_controller-1] [INFO] [1790683124.559920601] [depth_angular_controller]: COMPUTE_DEADLINE
[depth_angular_controller-1] [INFO] [1790683124.559956448] [depth_angular_controller]: PAPER_BUILD reason=READY required=0.0100 best=8.0717 free=10 refined=0 tubes=117 revoked_tubes=0 proofs=128
[depth_angular_controller-1] [INFO] [1790683124.559968731] [depth_angular_controller]: PAPER_EVIDENCE retained=32 balls=32 revoked_balls=0 expired_views=0 evicted_views=375 radius=0.580 clearance=0.500 best_prefix=8.072
[depth_angular_controller-1] [INFO] [1790683125.478886591] [depth_angular_controller]: PAPER_BUILD reason=READY required=0.0100 best=8.0717 free=10 refined=0 tubes=117 revoked_tubes=0 proofs=128
[depth_angular_controller-1] [INFO] [1790683125.478930473] [depth_angular_controller]: PAPER_EVIDENCE retained=32 balls=32 revoked_balls=0 expired_views=0 evicted_views=375 radius=0.580 clearance=0.500 best_prefix=8.072
[depth_angular_controller-1] [INFO] [1790683125.714692198] [depth_angular_controller]: SINGULAR_FIELD
[depth_angular_controller-1] [INFO] [1790683125.864662773] [depth_angular_controller]: COMPUTE_DEADLINE
[depth_angular_controller-1] [INFO] [1790683126.432887656] [depth_angular_controller]: PAPER_BUILD reason=READY required=0.0100 best=8.0717 free=10 refined=0 tubes=117 revoked_tubes=0 proofs=128
[depth_angular_controller-1] [INFO] [1790683126.432931559] [depth_angular_controller]: PAPER_EVIDENCE retained=32 balls=32 revoked_balls=0 expired_views=0 evicted_views=375 radius=0.580 clearance=0.500 best_prefix=8.072
[position_cmd_to_twist-2] [INFO] [1790683126.748260143] [position_cmd_to_twist]: [PERF BRIDGE] run=iteration3_ego1p1_1 elapsed=197.66s received=4302 published=3654 fps(ros/wall)=22.09/19.87 controller_to_bridge_ms(mean/p50/p95/max)=39.784/16.667/150.000/183.333 bridge_process_ms(mean/p95/max)=0.114/0.148/2.005
[NAV] t=195.0s position=(-37.79,-7.91,2.57) yaw=10.6deg command=(0.00,0.00,0.00) manual_active=1 collision_blocks=0
[depth_angular_controller-1] [INFO] [1790683127.122089998] [depth_angular_controller]: SINGULAR_FIELD
[depth_angular_controller-1] [INFO] [1790683127.301355505] [depth_angular_controller]: COMPUTE_DEADLINE
[depth_angular_controller-1] [INFO] [1790683127.415516572] [depth_angular_controller]: PAPER_BUILD reason=READY required=0.0100 best=8.0717 free=10 refined=0 tubes=117 revoked_tubes=0 proofs=128
[depth_angular_controller-1] [INFO] [1790683127.415553672] [depth_angular_controller]: PAPER_EVIDENCE retained=32 balls=32 revoked_balls=0 expired_views=0 evicted_views=375 radius=0.580 clearance=0.500 best_prefix=8.072
[depth_angular_controller-1] [INFO] [1790683128.351452868] [depth_angular_controller]: PAPER_BUILD reason=READY required=0.0100 best=8.0717 free=10 refined=0 tubes=117 revoked_tubes=0 proofs=128
[depth_angular_controller-1] [INFO] [1790683128.351496069] [depth_angular_controller]: PAPER_EVIDENCE retained=32 balls=32 revoked_balls=0 expired_views=0 evicted_views=375 radius=0.580 clearance=0.500 best_prefix=8.072
[depth_angular_controller-1] [INFO] [1790683128.935417558] [depth_angular_controller]: [PERF CTRL] run=iteration3_ego1p1_1 elapsed=199.95s callbacks=4327 commands=4326 guidance=4226 command_fps(ros/wall)=21.93/23.24 guidance_wall_fps=22.91 avoid_ms(mean/p50/p95/max)=21.837/0.667/100.913/155.390 cycle_ms(mean/p95/max)=43.035/116.478/193.250 depth_to_cmd_ms(mean/p95/max)=23.651/33.333/66.667 callback_to_publish_ms(mean/p95/max)=39.147/115.695/169.094
[depth_angular_controller-1] [INFO] [1790683129.283649897] [depth_angular_controller]: PAPER_BUILD reason=READY required=0.0100 best=8.0717 free=10 refined=0 tubes=117 revoked_tubes=0 proofs=128
[depth_angular_controller-1] [INFO] [1790683129.283694311] [depth_angular_controller]: PAPER_EVIDENCE retained=32 balls=32 revoked_balls=0 expired_views=0 evicted_views=375 radius=0.580 clearance=0.500 best_prefix=8.072
[depth_angular_controller-1] [INFO] [1790683129.510875614] [depth_angular_controller]: SINGULAR_FIELD
[depth_angular_controller-1] [INFO] [1790683129.669443582] [depth_angular_controller]: COMPUTE_DEADLINE
[depth_angular_controller-1] [INFO] [1790683130.364782950] [depth_angular_controller]: PAPER_BUILD reason=READY required=0.0100 best=8.0717 free=10 refined=0 tubes=117 revoked_tubes=0 proofs=128
[depth_angular_controller-1] [INFO] [1790683130.364826321] [depth_angular_controller]: PAPER_EVIDENCE retained=32 balls=32 revoked_balls=0 expired_views=0 evicted_views=375 radius=0.580 clearance=0.500 best_prefix=8.072
[depth_angular_controller-1] [INFO] [1790683130.602656277] [depth_angular_controller]: SINGULAR_FIELD
[depth_angular_controller-1] [INFO] [1790683130.761488251] [depth_angular_controller]: COMPUTE_DEADLINE
[depth_angular_controller-1] [INFO] [1790683131.335475397] [depth_angular_controller]: PAPER_BUILD reason=READY required=0.0100 best=8.0717 free=10 refined=0 tubes=117 revoked_tubes=0 proofs=128
[depth_angular_controller-1] [INFO] [1790683131.335519920] [depth_angular_controller]: PAPER_EVIDENCE retained=32 balls=32 revoked_balls=0 expired_views=0 evicted_views=375 radius=0.580 clearance=0.500 best_prefix=8.072
[position_cmd_to_twist-2] [INFO] [1790683131.360324597] [position_cmd_to_twist]: [PERF BRIDGE] run=iteration3_ego1p1_1 elapsed=202.27s received=4351 published=3667 fps(ros/wall)=21.78/19.45 controller_to_bridge_ms(mean/p50/p95/max)=40.485/16.667/150.000/183.333 bridge_process_ms(mean/p95/max)=0.114/0.148/2.005
[NAV] t=200.0s position=(-37.79,-7.91,2.57) yaw=10.6deg command=(0.00,0.00,0.00) manual_active=1 collision_blocks=0
[depth_angular_controller-1] [INFO] [1790683132.135904629] [depth_angular_controller]: SINGULAR_FIELD
[depth_angular_controller-1] [INFO] [1790683132.298561641] [depth_angular_controller]: COMPUTE_DEADLINE
[depth_angular_controller-1] [INFO] [1790683132.298597708] [depth_angular_controller]: PAPER_BUILD reason=READY required=0.0100 best=8.0717 free=10 refined=0 tubes=117 revoked_tubes=0 proofs=128
[depth_angular_controller-1] [INFO] [1790683132.298609450] [depth_angular_controller]: PAPER_EVIDENCE retained=32 balls=32 revoked_balls=0 expired_views=0 evicted_views=375 radius=0.580 clearance=0.500 best_prefix=8.072
[depth_angular_controller-1] [INFO] [1790683133.102755978] [depth_angular_controller]: SINGULAR_FIELD
[depth_angular_controller-1] [INFO] [1790683133.256450541] [depth_angular_controller]: COMPUTE_DEADLINE
[depth_angular_controller-1] [INFO] [1790683133.256484756] [depth_angular_controller]: PAPER_BUILD reason=READY required=0.0100 best=8.0717 free=10 refined=0 tubes=117 revoked_tubes=0 proofs=128
[depth_angular_controller-1] [INFO] [1790683133.256495245] [depth_angular_controller]: PAPER_EVIDENCE retained=32 balls=32 revoked_balls=0 expired_views=0 evicted_views=375 radius=0.580 clearance=0.500 best_prefix=8.072
[depth_angular_controller-1] [INFO] [1790683133.949298574] [depth_angular_controller]: [PERF CTRL] run=iteration3_ego1p1_1 elapsed=204.97s callbacks=4379 commands=4378 guidance=4278 command_fps(ros/wall)=21.58/22.90 guidance_wall_fps=22.58 avoid_ms(mean/p50/p95/max)=22.545/0.685/100.967/155.390 cycle_ms(mean/p95/max)=43.669/116.635/193.250 depth_to_cmd_ms(mean/p95/max)=23.629/33.333/66.667 callback_to_publish_ms(mean/p95/max)=39.796/115.792/169.094
[depth_angular_controller-1] [INFO] [1790683134.067848166] [depth_angular_controller]: PAPER_BUILD reason=READY required=0.0100 best=8.0717 free=10 refined=0 tubes=117 revoked_tubes=0 proofs=128
[depth_angular_controller-1] [INFO] [1790683134.067893311] [depth_angular_controller]: PAPER_EVIDENCE retained=32 balls=32 revoked_balls=0 expired_views=0 evicted_views=375 radius=0.580 clearance=0.500 best_prefix=8.072
[depth_angular_controller-1] [INFO] [1790683134.517493190] [depth_angular_controller]: SINGULAR_FIELD
[depth_angular_controller-1] [INFO] [1790683134.673470587] [depth_angular_controller]: COMPUTE_DEADLINE
[depth_angular_controller-1] [INFO] [1790683135.019806127] [depth_angular_controller]: PAPER_BUILD reason=READY required=0.0100 best=8.0717 free=10 refined=0 tubes=117 revoked_tubes=0 proofs=128
[depth_angular_controller-1] [INFO] [1790683135.019846914] [depth_angular_controller]: PAPER_EVIDENCE retained=32 balls=32 revoked_balls=0 expired_views=0 evicted_views=375 radius=0.580 clearance=0.500 best_prefix=8.072
[position_cmd_to_twist-2] [INFO] [1790683135.588948322] [position_cmd_to_twist]: [PERF BRIDGE] run=iteration3_ego1p1_1 elapsed=206.50s received=4394 published=3678 fps(ros/wall)=21.47/19.08 controller_to_bridge_ms(mean/p50/p95/max)=41.174/16.667/150.000/183.333 bridge_process_ms(mean/p95/max)=0.114/0.148/2.005
[NAV] t=205.0s position=(-37.79,-7.91,2.57) yaw=10.6deg command=(0.00,0.00,0.00) manual_active=1 collision_blocks=0
[depth_angular_controller-1] [INFO] [1790683135.941636142] [depth_angular_controller]: PAPER_BUILD reason=READY required=0.0100 best=8.0717 free=10 refined=0 tubes=117 revoked_tubes=0 proofs=128
[depth_angular_controller-1] [INFO] [1790683135.941677851] [depth_angular_controller]: PAPER_EVIDENCE retained=32 balls=32 revoked_balls=0 expired_views=0 evicted_views=375 radius=0.580 clearance=0.500 best_prefix=8.072
[depth_angular_controller-1] [INFO] [1790683136.750958954] [depth_angular_controller]: PAPER_BUILD reason=READY required=0.0100 best=8.0717 free=10 refined=0 tubes=117 revoked_tubes=0 proofs=128
[depth_angular_controller-1] [INFO] [1790683136.751365076] [depth_angular_controller]: PAPER_EVIDENCE retained=32 balls=32 revoked_balls=0 expired_views=0 evicted_views=375 radius=0.580 clearance=0.500 best_prefix=8.072
[depth_angular_controller-1] [INFO] [1790683137.562124974] [depth_angular_controller]: PAPER_BUILD reason=READY required=0.0100 best=8.0717 free=10 refined=0 tubes=117 revoked_tubes=0 proofs=128
[depth_angular_controller-1] [INFO] [1790683137.562175439] [depth_angular_controller]: PAPER_EVIDENCE retained=32 balls=32 revoked_balls=0 expired_views=0 evicted_views=375 radius=0.580 clearance=0.500 best_prefix=8.072
[depth_angular_controller-1] [INFO] [1790683138.365489475] [depth_angular_controller]: SINGULAR_FIELD
[depth_angular_controller-1] [INFO] [1790683138.516997164] [depth_angular_controller]: COMPUTE_DEADLINE
[depth_angular_controller-1] [INFO] [1790683138.517026970] [depth_angular_controller]: PAPER_BUILD reason=READY required=0.0100 best=8.0717 free=10 refined=0 tubes=117 revoked_tubes=0 proofs=128
[depth_angular_controller-1] [INFO] [1790683138.517035997] [depth_angular_controller]: PAPER_EVIDENCE retained=32 balls=32 revoked_balls=0 expired_views=0 evicted_views=375 radius=0.580 clearance=0.500 best_prefix=8.072
[depth_angular_controller-1] [INFO] [1790683138.975226266] [depth_angular_controller]: [PERF CTRL] run=iteration3_ego1p1_1 elapsed=209.99s callbacks=4427 commands=4426 guidance=4326 command_fps(ros/wall)=21.18/22.56 guidance_wall_fps=22.24 avoid_ms(mean/p50/p95/max)=23.287/0.713/101.001/155.390 cycle_ms(mean/p95/max)=44.331/116.750/193.250 depth_to_cmd_ms(mean/p95/max)=23.590/33.333/66.667 callback_to_publish_ms(mean/p95/max)=40.485/115.918/169.094
[depth_angular_controller-1] [INFO] [1790683139.205044758] [depth_angular_controller]: SINGULAR_FIELD
[depth_angular_controller-1] [INFO] [1790683139.329022256] [depth_angular_controller]: COMPUTE_DEADLINE
[depth_angular_controller-1] [INFO] [1790683139.441885739] [depth_angular_controller]: PAPER_BUILD reason=READY required=0.0100 best=8.0717 free=10 refined=0 tubes=117 revoked_tubes=0 proofs=128
[depth_angular_controller-1] [INFO] [1790683139.441921325] [depth_angular_controller]: PAPER_EVIDENCE retained=32 balls=32 revoked_balls=0 expired_views=0 evicted_views=375 radius=0.580 clearance=0.500 best_prefix=8.072
[depth_angular_controller-1] [INFO] [1790683139.668902784] [depth_angular_controller]: SINGULAR_FIELD
[position_cmd_to_twist-2] [INFO] [1790683139.800061357] [position_cmd_to_twist]: [PERF BRIDGE] run=iteration3_ego1p1_1 elapsed=210.71s received=4438 published=3689 fps(ros/wall)=21.15/18.73 controller_to_bridge_ms(mean/p50/p95/max)=41.873/16.667/150.000/183.333 bridge_process_ms(mean/p95/max)=0.114/0.148/2.005
[depth_angular_controller-1] [INFO] [1790683139.816511436] [depth_angular_controller]: COMPUTE_DEADLINE
[NAV] t=210.0s position=(-37.79,-7.91,2.57) yaw=10.6deg command=(0.00,0.00,0.00) manual_active=1 collision_blocks=0
[depth_angular_controller-1] [INFO] [1790683140.270916002] [depth_angular_controller]: SINGULAR_FIELD
[depth_angular_controller-1] [INFO] [1790683140.420209536] [depth_angular_controller]: COMPUTE_DEADLINE
[depth_angular_controller-1] [INFO] [1790683140.420243239] [depth_angular_controller]: PAPER_BUILD reason=READY required=0.0100 best=8.0717 free=10 refined=0 tubes=117 revoked_tubes=0 proofs=128
[depth_angular_controller-1] [INFO] [1790683140.420254050] [depth_angular_controller]: PAPER_EVIDENCE retained=32 balls=32 revoked_balls=0 expired_views=0 evicted_views=375 radius=0.580 clearance=0.500 best_prefix=8.072
[depth_angular_controller-1] [INFO] [1790683141.226392345] [depth_angular_controller]: SINGULAR_FIELD
[depth_angular_controller-1] [INFO] [1790683141.362453278] [depth_angular_controller]: COMPUTE_DEADLINE
[depth_angular_controller-1] [INFO] [1790683141.362488815] [depth_angular_controller]: PAPER_BUILD reason=READY required=0.0100 best=8.0717 free=10 refined=0 tubes=117 revoked_tubes=0 proofs=128
[depth_angular_controller-1] [INFO] [1790683141.362499805] [depth_angular_controller]: PAPER_EVIDENCE retained=32 balls=32 revoked_balls=0 expired_views=0 evicted_views=375 radius=0.580 clearance=0.500 best_prefix=8.072
[depth_angular_controller-1] [INFO] [1790683141.819911624] [depth_angular_controller]: SINGULAR_FIELD
[depth_angular_controller-1] [INFO] [1790683142.003146050] [depth_angular_controller]: COMPUTE_DEADLINE
[depth_angular_controller-1] [INFO] [1790683142.346440062] [depth_angular_controller]: PAPER_BUILD reason=READY required=0.0100 best=8.0717 free=10 refined=0 tubes=117 revoked_tubes=0 proofs=128
[depth_angular_controller-1] [INFO] [1790683142.346482342] [depth_angular_controller]: PAPER_EVIDENCE retained=32 balls=32 revoked_balls=0 expired_views=0 evicted_views=375 radius=0.580 clearance=0.500 best_prefix=8.072
[depth_angular_controller-1] [INFO] [1790683143.041102009] [depth_angular_controller]: SINGULAR_FIELD
[depth_angular_controller-1] [INFO] [1790683143.189725326] [depth_angular_controller]: COMPUTE_DEADLINE
[depth_angular_controller-1] [INFO] [1790683143.304468555] [depth_angular_controller]: PAPER_BUILD reason=READY required=0.0100 best=8.0717 free=10 refined=0 tubes=117 revoked_tubes=0 proofs=128
[depth_angular_controller-1] [INFO] [1790683143.304506566] [depth_angular_controller]: PAPER_EVIDENCE retained=32 balls=32 revoked_balls=0 expired_views=0 evicted_views=375 radius=0.580 clearance=0.500 best_prefix=8.072
[depth_angular_controller-1] [INFO] [1790683143.994923227] [depth_angular_controller]: [PERF CTRL] run=iteration3_ego1p1_1 elapsed=215.01s callbacks=4487 commands=4486 guidance=4386 command_fps(ros/wall)=20.90/22.29 guidance_wall_fps=21.98 avoid_ms(mean/p50/p95/max)=23.908/0.736/101.010/155.390 cycle_ms(mean/p95/max)=44.857/116.771/193.250 depth_to_cmd_ms(mean/p95/max)=23.586/33.333/66.667 callback_to_publish_ms(mean/p95/max)=41.041/115.921/169.094
[depth_angular_controller-1] [INFO] [1790683144.111220041] [depth_angular_controller]: SINGULAR_FIELD
[depth_angular_controller-1] [INFO] [1790683144.159772702] [depth_angular_controller]: PAPER_BUILD reason=READY required=0.0100 best=8.0717 free=10 refined=0 tubes=117 revoked_tubes=0 proofs=128
[depth_angular_controller-1] [INFO] [1790683144.159808048] [depth_angular_controller]: PAPER_EVIDENCE retained=32 balls=32 revoked_balls=0 expired_views=0 evicted_views=375 radius=0.580 clearance=0.000 best_prefix=8.072
[position_cmd_to_twist-2] [INFO] [1790683144.214144503] [position_cmd_to_twist]: [PERF BRIDGE] run=iteration3_ego1p1_1 elapsed=215.12s received=4491 published=3710 fps(ros/wall)=20.90/18.42 controller_to_bridge_ms(mean/p50/p95/max)=42.485/16.667/150.000/183.333 bridge_process_ms(mean/p95/max)=0.114/0.148/2.005
[NAV] t=215.0s position=(-37.79,-7.91,2.57) yaw=10.6deg command=(0.00,0.00,0.00) manual_active=1 collision_blocks=0
[depth_angular_controller-1] [INFO] [1790683144.276385179] [depth_angular_controller]: COMPUTE_DEADLINE
[depth_angular_controller-1] [INFO] [1790683144.613457236] [depth_angular_controller]: SINGULAR_FIELD
[depth_angular_controller-1] [INFO] [1790683144.756645454] [depth_angular_controller]: COMPUTE_DEADLINE
[depth_angular_controller-1] [INFO] [1790683145.100852891] [depth_angular_controller]: PAPER_BUILD reason=READY required=0.0100 best=8.0717 free=10 refined=0 tubes=117 revoked_tubes=0 proofs=128
[depth_angular_controller-1] [INFO] [1790683145.100893106] [depth_angular_controller]: PAPER_EVIDENCE retained=32 balls=32 revoked_balls=0 expired_views=0 evicted_views=375 radius=0.580 clearance=0.500 best_prefix=8.072
[depth_angular_controller-1] [INFO] [1790683145.904953573] [depth_angular_controller]: PAPER_BUILD reason=READY required=0.0100 best=8.0717 free=10 refined=0 tubes=117 revoked_tubes=0 proofs=128
[depth_angular_controller-1] [INFO] [1790683145.904998948] [depth_angular_controller]: PAPER_EVIDENCE retained=32 balls=32 revoked_balls=0 expired_views=0 evicted_views=375 radius=0.580 clearance=0.500 best_prefix=8.072
[depth_angular_controller-1] [INFO] [1790683146.017393961] [depth_angular_controller]: SINGULAR_FIELD
[depth_angular_controller-1] [INFO] [1790683146.175189069] [depth_angular_controller]: COMPUTE_DEADLINE
[depth_angular_controller-1] [INFO] [1790683146.288102194] [depth_angular_controller]: SINGULAR_FIELD
[depth_angular_controller-1] [INFO] [1790683146.447604926] [depth_angular_controller]: COMPUTE_DEADLINE
[depth_angular_controller-1] [INFO] [1790683146.910102468] [depth_angular_controller]: PAPER_BUILD reason=READY required=0.0100 best=8.0717 free=10 refined=0 tubes=117 revoked_tubes=0 proofs=128
[depth_angular_controller-1] [INFO] [1790683146.910142443] [depth_angular_controller]: PAPER_EVIDENCE retained=32 balls=32 revoked_balls=0 expired_views=0 evicted_views=375 radius=0.580 clearance=0.500 best_prefix=8.072
[depth_angular_controller-1] [INFO] [1790683147.022845454] [depth_angular_controller]: SINGULAR_FIELD
[depth_angular_controller-1] [INFO] [1790683147.192109755] [depth_angular_controller]: COMPUTE_DEADLINE
[depth_angular_controller-1] [INFO] [1790683147.894333291] [depth_angular_controller]: PAPER_BUILD reason=READY required=0.0100 best=8.0717 free=10 refined=0 tubes=117 revoked_tubes=0 proofs=128
[depth_angular_controller-1] [INFO] [1790683147.894373897] [depth_angular_controller]: PAPER_EVIDENCE retained=32 balls=32 revoked_balls=0 expired_views=0 evicted_views=375 radius=0.580 clearance=0.500 best_prefix=8.072
[depth_angular_controller-1] [INFO] [1790683148.119937515] [depth_angular_controller]: SINGULAR_FIELD
[depth_angular_controller-1] [INFO] [1790683148.282120056] [depth_angular_controller]: COMPUTE_DEADLINE
[position_cmd_to_twist-2] [INFO] [1790683148.643849152] [position_cmd_to_twist]: [PERF BRIDGE] run=iteration3_ego1p1_1 elapsed=219.55s received=4545 published=3732 fps(ros/wall)=20.68/18.13 controller_to_bridge_ms(mean/p50/p95/max)=43.066/16.667/150.000/183.333 bridge_process_ms(mean/p95/max)=0.114/0.148/2.005
[NAV] t=220.0s position=(-37.79,-7.91,2.57) yaw=10.6deg command=(0.00,0.00,0.00) manual_active=1 collision_blocks=0
[depth_angular_controller-1] [INFO] [1790683148.863372425] [depth_angular_controller]: PAPER_BUILD reason=READY required=0.0100 best=8.0717 free=10 refined=0 tubes=117 revoked_tubes=0 proofs=128
[depth_angular_controller-1] [INFO] [1790683148.863420065] [depth_angular_controller]: PAPER_EVIDENCE retained=32 balls=32 revoked_balls=0 expired_views=0 evicted_views=375 radius=0.580 clearance=0.500 best_prefix=8.072
[depth_angular_controller-1] [INFO] [1790683149.105953076] [depth_angular_controller]: [PERF CTRL] run=iteration3_ego1p1_1 elapsed=220.13s callbacks=4550 commands=4549 guidance=4449 command_fps(ros/wall)=20.65/22.05 guidance_wall_fps=21.74 avoid_ms(mean/p50/p95/max)=24.498/0.751/101.053/155.390 cycle_ms(mean/p95/max)=45.360/116.877/193.250 depth_to_cmd_ms(mean/p95/max)=23.575/33.333/66.667 callback_to_publish_ms(mean/p95/max)=41.574/116.009/169.094
[depth_angular_controller-1] [INFO] [1790683149.459040687] [depth_angular_controller]: SINGULAR_FIELD
[depth_angular_controller-1] [INFO] [1790683149.603003127] [depth_angular_controller]: COMPUTE_DEADLINE
[depth_angular_controller-1] [INFO] [1790683149.832748662] [depth_angular_controller]: PAPER_BUILD reason=READY required=0.0100 best=8.0717 free=10 refined=0 tubes=117 revoked_tubes=0 proofs=128
[depth_angular_controller-1] [INFO] [1790683149.832786193] [depth_angular_controller]: PAPER_EVIDENCE retained=32 balls=32 revoked_balls=0 expired_views=0 evicted_views=375 radius=0.580 clearance=0.500 best_prefix=8.072
[depth_angular_controller-1] [INFO] [1790683150.293499697] [depth_angular_controller]: SINGULAR_FIELD
[depth_angular_controller-1] [INFO] [1790683150.436440771] [depth_angular_controller]: COMPUTE_DEADLINE
[depth_angular_controller-1] [INFO] [1790683150.547470011] [depth_angular_controller]: SINGULAR_FIELD
[depth_angular_controller-1] [INFO] [1790683150.696284156] [depth_angular_controller]: COMPUTE_DEADLINE
[depth_angular_controller-1] [INFO] [1790683150.811851762] [depth_angular_controller]: PAPER_BUILD reason=READY required=0.0100 best=8.0717 free=10 refined=0 tubes=117 revoked_tubes=0 proofs=128
[depth_angular_controller-1] [INFO] [1790683150.811888862] [depth_angular_controller]: PAPER_EVIDENCE retained=32 balls=32 revoked_balls=0 expired_views=0 evicted_views=375 radius=0.580 clearance=0.500 best_prefix=8.072
[depth_angular_controller-1] [INFO] [1790683151.710866934] [depth_angular_controller]: PAPER_BUILD reason=READY required=0.0100 best=8.0717 free=10 refined=0 tubes=117 revoked_tubes=0 proofs=128
[depth_angular_controller-1] [INFO] [1790683151.710913582] [depth_angular_controller]: PAPER_EVIDENCE retained=32 balls=32 revoked_balls=0 expired_views=0 evicted_views=375 radius=0.580 clearance=0.500 best_prefix=8.072
[depth_angular_controller-1] [INFO] [1790683151.726421743] [depth_angular_controller]: SINGULAR_FIELD
[depth_angular_controller-1] [INFO] [1790683151.878231670] [depth_angular_controller]: COMPUTE_DEADLINE
[depth_angular_controller-1] [INFO] [1790683152.566283783] [depth_angular_controller]: PAPER_BUILD reason=READY required=0.0100 best=8.0717 free=10 refined=0 tubes=117 revoked_tubes=0 proofs=128
[depth_angular_controller-1] [INFO] [1790683152.566320772] [depth_angular_controller]: PAPER_EVIDENCE retained=32 balls=32 revoked_balls=0 expired_views=0 evicted_views=375 radius=0.580 clearance=0.500 best_prefix=8.072
[position_cmd_to_twist-2] [INFO] [1790683153.030145114] [position_cmd_to_twist]: [PERF BRIDGE] run=iteration3_ego1p1_1 elapsed=223.94s received=4591 published=3746 fps(ros/wall)=20.43/17.82 controller_to_bridge_ms(mean/p50/p95/max)=43.680/16.667/150.000/183.333 bridge_process_ms(mean/p95/max)=0.114/0.149/2.005
[depth_angular_controller-1] [INFO] [1790683153.142030661] [depth_angular_controller]: SINGULAR_FIELD
[NAV] t=225.0s position=(-37.79,-7.91,2.57) yaw=10.6deg command=(0.00,0.00,0.00) manual_active=1 collision_blocks=0
[depth_angular_controller-1] [INFO] [1790683153.320980637] [depth_angular_controller]: COMPUTE_DEADLINE
[depth_angular_controller-1] [INFO] [1790683153.550641193] [depth_angular_controller]: PAPER_BUILD reason=READY required=0.0100 best=8.0717 free=10 refined=0 tubes=117 revoked_tubes=0 proofs=128
[depth_angular_controller-1] [INFO] [1790683153.550679735] [depth_angular_controller]: PAPER_EVIDENCE retained=32 balls=32 revoked_balls=0 expired_views=0 evicted_views=375 radius=0.580 clearance=0.500 best_prefix=8.072
[depth_angular_controller-1] [INFO] [1790683153.663036286] [depth_angular_controller]: SINGULAR_FIELD
[depth_angular_controller-1] [INFO] [1790683153.821634591] [depth_angular_controller]: COMPUTE_DEADLINE
[depth_angular_controller-1] [INFO] [1790683154.155992374] [depth_angular_controller]: [PERF CTRL] run=iteration3_ego1p1_1 elapsed=225.18s callbacks=4611 commands=4610 guidance=4510 command_fps(ros/wall)=20.39/21.81 guidance_wall_fps=21.51 avoid_ms(mean/p50/p95/max)=25.081/0.762/101.103/155.390 cycle_ms(mean/p95/max)=45.855/116.915/193.250 depth_to_cmd_ms(mean/p95/max)=23.562/33.333/66.667 callback_to_publish_ms(mean/p95/max)=42.098/116.038/169.094
[depth_angular_controller-1] [INFO] [1790683154.169344009] [depth_angular_controller]: SINGULAR_FIELD
[depth_angular_controller-1] [INFO] [1790683154.326447068] [depth_angular_controller]: COMPUTE_DEADLINE
[depth_angular_controller-1] [INFO] [1790683154.556535878] [depth_angular_controller]: PAPER_BUILD reason=READY required=0.0100 best=8.0717 free=10 refined=0 tubes=117 revoked_tubes=0 proofs=128
[depth_angular_controller-1] [INFO] [1790683154.556574049] [depth_angular_controller]: PAPER_EVIDENCE retained=32 balls=32 revoked_balls=0 expired_views=0 evicted_views=375 radius=0.580 clearance=0.500 best_prefix=8.072
[depth_angular_controller-1] [INFO] [1790683155.242768346] [depth_angular_controller]: SINGULAR_FIELD
[depth_angular_controller-1] [INFO] [1790683155.376871034] [depth_angular_controller]: COMPUTE_DEADLINE
[depth_angular_controller-1] [INFO] [1790683155.495277067] [depth_angular_controller]: PAPER_BUILD reason=READY required=0.0100 best=8.0717 free=10 refined=0 tubes=117 revoked_tubes=0 proofs=128
[depth_angular_controller-1] [INFO] [1790683155.495312293] [depth_angular_controller]: PAPER_EVIDENCE retained=32 balls=32 revoked_balls=0 expired_views=0 evicted_views=375 radius=0.580 clearance=0.500 best_prefix=8.072
[depth_angular_controller-1] [INFO] [1790683156.193596758] [depth_angular_controller]: SINGULAR_FIELD
[depth_angular_controller-1] [INFO] [1790683156.350231688] [depth_angular_controller]: COMPUTE_DEADLINE
[depth_angular_controller-1] [INFO] [1790683156.470665526] [depth_angular_controller]: PAPER_BUILD reason=READY required=0.0100 best=8.0717 free=10 refined=0 tubes=117 revoked_tubes=0 proofs=128
[depth_angular_controller-1] [INFO] [1790683156.470700462] [depth_angular_controller]: PAPER_EVIDENCE retained=32 balls=32 revoked_balls=0 expired_views=0 evicted_views=375 radius=0.580 clearance=0.500 best_prefix=8.072
[depth_angular_controller-1] [INFO] [1790683157.272505717] [depth_angular_controller]: SINGULAR_FIELD
[depth_angular_controller-1] [INFO] [1790683157.427144431] [depth_angular_controller]: COMPUTE_DEADLINE
[depth_angular_controller-1] [INFO] [1790683157.427188564] [depth_angular_controller]: PAPER_BUILD reason=READY required=0.0100 best=8.0717 free=10 refined=0 tubes=117 revoked_tubes=0 proofs=128
[depth_angular_controller-1] [INFO] [1790683157.427198322] [depth_angular_controller]: PAPER_EVIDENCE retained=32 balls=32 revoked_balls=0 expired_views=0 evicted_views=375 radius=0.580 clearance=0.500 best_prefix=8.072
[position_cmd_to_twist-2] [INFO] [1790683157.478336375] [position_cmd_to_twist]: [PERF BRIDGE] run=iteration3_ego1p1_1 elapsed=228.39s received=4648 published=3772 fps(ros/wall)=20.23/17.57 controller_to_bridge_ms(mean/p50/p95/max)=44.191/16.667/150.000/183.333 bridge_process_ms(mean/p95/max)=0.113/0.148/2.005
[NAV] t=230.0s position=(-37.79,-7.91,2.57) yaw=10.6deg command=(0.00,0.00,0.00) manual_active=1 collision_blocks=0
[depth_angular_controller-1] [INFO] [1790683157.887740605] [depth_angular_controller]: SINGULAR_FIELD
[depth_angular_controller-1] [INFO] [1790683158.034490527] [depth_angular_controller]: COMPUTE_DEADLINE
[depth_angular_controller-1] [INFO] [1790683158.374844502] [depth_angular_controller]: PAPER_BUILD reason=READY required=0.0100 best=8.0717 free=10 refined=0 tubes=117 revoked_tubes=0 proofs=128
[depth_angular_controller-1] [INFO] [1790683158.374886972] [depth_angular_controller]: PAPER_EVIDENCE retained=32 balls=32 revoked_balls=0 expired_views=0 evicted_views=375 radius=0.580 clearance=0.500 best_prefix=8.072
[depth_angular_controller-1] [INFO] [1790683159.059260272] [depth_angular_controller]: SINGULAR_FIELD
[depth_angular_controller-1] [INFO] [1790683159.198932401] [depth_angular_controller]: [PERF CTRL] run=iteration3_ego1p1_1 elapsed=230.22s callbacks=4670 commands=4669 guidance=4569 command_fps(ros/wall)=20.14/21.57 guidance_wall_fps=21.28 avoid_ms(mean/p50/p95/max)=25.663/0.781/101.136/155.390 cycle_ms(mean/p95/max)=46.356/116.983/193.250 depth_to_cmd_ms(mean/p95/max)=23.550/33.333/66.667 callback_to_publish_ms(mean/p95/max)=42.622/116.097/169.094
[depth_angular_controller-1] [INFO] [1790683159.199001300] [depth_angular_controller]: COMPUTE_DEADLINE
[depth_angular_controller-1] [INFO] [1790683159.315047435] [depth_angular_controller]: PAPER_BUILD reason=READY required=0.0100 best=8.0717 free=10 refined=0 tubes=117 revoked_tubes=0 proofs=128
[depth_angular_controller-1] [INFO] [1790683159.315083442] [depth_angular_controller]: PAPER_EVIDENCE retained=32 balls=32 revoked_balls=0 expired_views=0 evicted_views=375 radius=0.580 clearance=0.500 best_prefix=8.072
[depth_angular_controller-1] [INFO] [1790683159.889232502] [depth_angular_controller]: SINGULAR_FIELD
[depth_angular_controller-1] [INFO] [1790683160.040002988] [depth_angular_controller]: COMPUTE_DEADLINE
[depth_angular_controller-1] [INFO] [1790683160.268977977] [depth_angular_controller]: PAPER_BUILD reason=READY required=0.0100 best=8.0717 free=10 refined=0 tubes=117 revoked_tubes=0 proofs=128
[depth_angular_controller-1] [INFO] [1790683160.269017652] [depth_angular_controller]: PAPER_EVIDENCE retained=32 balls=32 revoked_balls=0 expired_views=0 evicted_views=375 radius=0.580 clearance=0.500 best_prefix=8.072
[depth_angular_controller-1] [INFO] [1790683161.194645544] [depth_angular_controller]: PAPER_BUILD reason=READY required=0.0100 best=8.0717 free=10 refined=0 tubes=117 revoked_tubes=0 proofs=128
[depth_angular_controller-1] [INFO] [1790683161.194681301] [depth_angular_controller]: PAPER_EVIDENCE retained=32 balls=32 revoked_balls=0 expired_views=0 evicted_views=375 radius=0.580 clearance=0.500 best_prefix=8.072
[depth_angular_controller-1] [INFO] [1790683161.648042549] [depth_angular_controller]: SINGULAR_FIELD
[depth_angular_controller-1] [INFO] [1790683161.796032447] [depth_angular_controller]: COMPUTE_DEADLINE
[position_cmd_to_twist-2] [INFO] [1790683161.815676068] [position_cmd_to_twist]: [PERF BRIDGE] run=iteration3_ego1p1_1 elapsed=232.73s received=4696 published=3787 fps(ros/wall)=20.00/17.29 controller_to_bridge_ms(mean/p50/p95/max)=44.783/16.667/150.000/183.333 bridge_process_ms(mean/p95/max)=0.113/0.148/2.005
[NAV] t=235.0s position=(-37.79,-7.91,2.57) yaw=10.6deg command=(0.00,0.00,0.00) manual_active=1 collision_blocks=0
[depth_angular_controller-1] [INFO] [1790683162.140070756] [depth_angular_controller]: PAPER_BUILD reason=READY required=0.0100 best=8.0717 free=10 refined=0 tubes=117 revoked_tubes=0 proofs=128
[depth_angular_controller-1] [INFO] [1790683162.140463844] [depth_angular_controller]: PAPER_EVIDENCE retained=32 balls=32 revoked_balls=0 expired_views=0 evicted_views=375 radius=0.580 clearance=0.500 best_prefix=8.072
[depth_angular_controller-1] [INFO] [1790683162.255960417] [depth_angular_controller]: SINGULAR_FIELD
[depth_angular_controller-1] [INFO] [1790683162.425335124] [depth_angular_controller]: COMPUTE_DEADLINE
[depth_angular_controller-1] [INFO] [1790683163.001338654] [depth_angular_controller]: SINGULAR_FIELD
[depth_angular_controller-1] [INFO] [1790683163.142204514] [depth_angular_controller]: COMPUTE_DEADLINE
[depth_angular_controller-1] [INFO] [1790683163.142240281] [depth_angular_controller]: PAPER_BUILD reason=READY required=0.0100 best=8.0717 free=10 refined=0 tubes=117 revoked_tubes=0 proofs=128
[depth_angular_controller-1] [INFO] [1790683163.142251812] [depth_angular_controller]: PAPER_EVIDENCE retained=32 balls=32 revoked_balls=0 expired_views=0 evicted_views=375 radius=0.580 clearance=0.500 best_prefix=8.072
[depth_angular_controller-1] [INFO] [1790683163.252742241] [depth_angular_controller]: SINGULAR_FIELD
[depth_angular_controller-1] [INFO] [1790683163.425948198] [depth_angular_controller]: COMPUTE_DEADLINE
[depth_angular_controller-1] [INFO] [1790683163.998713522] [depth_angular_controller]: SINGULAR_FIELD
[depth_angular_controller-1] [INFO] [1790683164.140109045] [depth_angular_controller]: COMPUTE_DEADLINE
[depth_angular_controller-1] [INFO] [1790683164.140152867] [depth_angular_controller]: PAPER_BUILD reason=READY required=0.0100 best=8.0717 free=10 refined=0 tubes=117 revoked_tubes=0 proofs=128
[depth_angular_controller-1] [INFO] [1790683164.140165742] [depth_angular_controller]: PAPER_EVIDENCE retained=32 balls=32 revoked_balls=0 expired_views=0 evicted_views=375 radius=0.580 clearance=0.500 best_prefix=8.072
[depth_angular_controller-1] [INFO] [1790683164.243050649] [depth_angular_controller]: [PERF CTRL] run=iteration3_ego1p1_1 elapsed=235.26s callbacks=4730 commands=4729 guidance=4629 command_fps(ros/wall)=19.91/21.35 guidance_wall_fps=21.06 avoid_ms(mean/p50/p95/max)=26.216/0.797/101.150/155.390 cycle_ms(mean/p95/max)=46.835/117.011/193.250 depth_to_cmd_ms(mean/p95/max)=23.515/33.333/66.667 callback_to_publish_ms(mean/p95/max)=43.124/116.099/169.094
[depth_angular_controller-1] [INFO] [1790683164.253711023] [depth_angular_controller]: SINGULAR_FIELD
[depth_angular_controller-1] [INFO] [1790683164.407178099] [depth_angular_controller]: COMPUTE_DEADLINE
[depth_angular_controller-1] [INFO] [1790683164.982725293] [depth_angular_controller]: SINGULAR_FIELD
[depth_angular_controller-1] [INFO] [1790683165.131076268] [depth_angular_controller]: COMPUTE_DEADLINE
[depth_angular_controller-1] [INFO] [1790683165.131111695] [depth_angular_controller]: PAPER_BUILD reason=READY required=0.0100 best=8.0717 free=10 refined=0 tubes=117 revoked_tubes=0 proofs=128
[depth_angular_controller-1] [INFO] [1790683165.131122415] [depth_angular_controller]: PAPER_EVIDENCE retained=32 balls=32 revoked_balls=0 expired_views=0 evicted_views=375 radius=0.580 clearance=0.500 best_prefix=8.072
[depth_angular_controller-1] [INFO] [1790683165.821721688] [depth_angular_controller]: SINGULAR_FIELD
[depth_angular_controller-1] [INFO] [1790683165.980924928] [depth_angular_controller]: COMPUTE_DEADLINE
[depth_angular_controller-1] [INFO] [1790683166.098386058] [depth_angular_controller]: PAPER_BUILD reason=READY required=0.0100 best=8.0717 free=10 refined=0 tubes=117 revoked_tubes=0 proofs=128
[depth_angular_controller-1] [INFO] [1790683166.098428808] [depth_angular_controller]: PAPER_EVIDENCE retained=32 balls=32 revoked_balls=0 expired_views=0 evicted_views=375 radius=0.580 clearance=0.500 best_prefix=8.072
[position_cmd_to_twist-2] [INFO] [1790683166.326206470] [position_cmd_to_twist]: [PERF BRIDGE] run=iteration3_ego1p1_1 elapsed=237.24s received=4754 published=3816 fps(ros/wall)=19.83/17.08 controller_to_bridge_ms(mean/p50/p95/max)=45.229/16.667/150.000/183.333 bridge_process_ms(mean/p95/max)=0.113/0.148/2.005
[depth_angular_controller-1] [INFO] [1790683166.443248063] [depth_angular_controller]: SINGULAR_FIELD
[NAV] t=240.0s position=(-37.79,-7.91,2.57) yaw=10.6deg command=(0.00,0.00,0.00) manual_active=1 collision_blocks=0
[depth_angular_controller-1] [INFO] [1790683166.609561626] [depth_angular_controller]: COMPUTE_DEADLINE
[depth_angular_controller-1] [INFO] [1790683166.951097019] [depth_angular_controller]: SINGULAR_FIELD
[depth_angular_controller-1] [INFO] [1790683167.105493869] [depth_angular_controller]: COMPUTE_DEADLINE
[depth_angular_controller-1] [INFO] [1790683167.105532562] [depth_angular_controller]: PAPER_BUILD reason=READY required=0.0100 best=8.0717 free=10 refined=0 tubes=117 revoked_tubes=0 proofs=128
[depth_angular_controller-1] [INFO] [1790683167.105543663] [depth_angular_controller]: PAPER_EVIDENCE retained=32 balls=32 revoked_balls=0 expired_views=0 evicted_views=375 radius=0.580 clearance=0.500 best_prefix=8.072
[depth_angular_controller-1] [INFO] [1790683167.912865830] [depth_angular_controller]: PAPER_BUILD reason=READY required=0.0100 best=8.0717 free=10 refined=0 tubes=117 revoked_tubes=0 proofs=128
[depth_angular_controller-1] [INFO] [1790683167.912902930] [depth_angular_controller]: PAPER_EVIDENCE retained=32 balls=32 revoked_balls=0 expired_views=0 evicted_views=375 radius=0.580 clearance=0.500 best_prefix=8.072
[BENCHMARK RESULT] TIMEOUT sim=240.000s
[PERF ISAAC FINAL] run=iteration3_ego1p1_1 result=TIMEOUT wall=225.69s sim_frames=14522 fps(sim/wall)=60.01/64.34 command_changes=2418 collision_blocks=0 frame_interval_ms(mean/p50/p95/max)=15.518/14.372/17.536/80.606
[238.783s] Simulation App Shutting Down
[depth_angular_controller-1] [INFO] [1790683168.778816125] [rclcpp]: signal_handler(SIGINT/SIGTERM)
[depth_angular_controller-1] [INFO] [1790683168.780079195] [depth_angular_controller]: [PERF CTRL FINAL] run=iteration3_ego1p1_1 elapsed=239.80s callbacks=4780 commands=4779 guidance=4679 command_fps(ros/wall)=19.75/21.19 guidance_wall_fps=20.91 avoid_ms(mean/p50/p95/max)=26.629/0.818/101.166/155.390 cycle_ms(mean/p95/max)=47.183/117.012/193.250 depth_to_cmd_ms(mean/p95/max)=23.513/33.333/66.667 callback_to_publish_ms(mean/p95/max)=43.488/116.108/169.094
[position_cmd_to_twist-2] [INFO] [1790683168.780117447] [position_cmd_to_twist]: [PERF BRIDGE FINAL] run=iteration3_ego1p1_1 elapsed=239.69s received=4779 published=3827 fps(ros/wall)=19.75/16.97 controller_to_bridge_ms(mean/p50/p95/max)=45.438/16.667/150.000/183.333 bridge_process_ms(mean/p95/max)=0.113/0.148/2.005
[position_cmd_to_twist-2] Failed to publish log message to rosout: publisher's context is invalid, at ./src/rcl/publisher.c:389
[INFO] [depth_angular_controller-1]: process has finished cleanly [pid 50945]
[INFO] [position_cmd_to_twist-2]: process has finished cleanly [pid 50947]
