[PERF] run=iteration8_ego1p1_1 log=/home/starry/isaac-data/EGO1P1/performance/navigation_benchmark_20260929/PERFORMANCE.md
[INPUT] mode=goal scene_mode=cloud
[INFO] [launch]: All log files can be found below /tmp/fov_gvf_ego1p1_isaac_ros_log/2026-09-29-20-19-39-984494-starry-System-Product-Name-57499
[INFO] [launch]: Default logging verbosity is set to INFO
[INFO] [depth_angular_controller-1]: process started with pid [57501]
[INFO] [position_cmd_to_twist-2]: process started with pid [57503]
[depth_angular_controller-1] [INFO] [1790684380.021019901] [depth_angular_controller]: C++ controller commands publish on /position_cmd; horizontal views=4
[ROS CHECK] ROS_DOMAIN_ID=42 /position_cmd publishers=1
Type: pc_gvf_msgs/msg/PositionCommand
Publisher count: 1
Subscription count: 1
/depth_angular_controller
/position_cmd_to_twist
WARNING: All log messages before absl::InitializeLog() is called are written to STDERR
E0000 00:00:1790684380.980007   57542 descriptor_database.cc:633] File already exists in database: grpc/health/v1/health.proto
W0000 00:00:1790684380.980030   57542 message.cc:301] Protobuf GeneratedMessageFactory: File is already registered: grpc/health/v1/health.proto
2026-09-29T12:19:40Z [Info] [carb] Logging to file: /home/starry/isaac-data/isaacsim/kit/logs/Kit/Isaac-Sim Python/6.0/kit_20260929_201940.log
[0.047s] [ext: omni.assets.plugins-0.0.0] startup
[0.048s] [ext: omni.blobkey-1.1.2] startup
[0.048s] [ext: omni.kit.async_engine-0.0.3] startup
[0.320s] [ext: omni.client.lib-1.1.1] startup
[0.328s] [ext: omni.client-1.3.0] startup
[0.330s] [ext: omni.protobuf.lib-1.0.0] startup
[0.331s] [ext: omni.grpc.lib-1.0.0] startup
[0.334s] [ext: omni.metrics.core-0.0.3] startup
[0.334s] [ext: omni.datastore-0.0.0] startup
[0.335s] [ext: omni.gpu_foundation.shadercache.vulkan-1.0.0] startup
[0.337s] [ext: omni.hsscclient-1.1.4] startup
[0.337s] [ext: omni.stats-1.0.1] startup
[0.338s] [ext: omni.ujitso.default-1.0.0] startup
[0.340s] [ext: omni.gpu_foundation-0.0.0] startup
[0.467s] [ext: carb.windowing.plugins-1.0.1] startup
[0.467s] [ext: omni.kit.renderer.init-1.0.1] startup
2026-09-29T12:19:41Z [667ms] [Warning] [omni.rtx] Skipping unsupported non-NVIDIA GPU: AMD Unknown (RADV RAPHAEL_MENDOCINO)
2026-09-29T12:19:41Z [667ms] [Warning] [omni.rtx] Skipping unsupported non-NVIDIA GPU: AMD Unknown (RADV RAPHAEL_MENDOCINO)

|---------------------------------------------------------------------------------------------|
| Driver Version: 580.178.04    | Graphics API: Vulkan
|=============================================================================================|
| GPU | Name                             | Active | LDA | GPU Memory | Vendor-ID | LUID       |
|     |                                  |        |     |            | Device-ID | UUID       |
|     |                                  |        |     |            | Bus-ID    |            |
|---------------------------------------------------------------------------------------------|
| 0   | NVIDIA GeForce RTX 5070          | Yes: 0 |     | 12227   MB | 10de      | 0          |
|     |                                  |        |     |            | 2f04      | 348d89fe.. |
|     |                                  |        |     |            | 1         |            |
|---------------------------------------------------------------------------------------------|
| 1   | AMD Unknown (RADV RAPHAEL_MEND.. |        |     | 10755   MB | 1002      | 0          |
|     |                                  |        |     |            | 13c0      | 00000000.. |
|     |                                  |        |     |            | c         |            |
|=============================================================================================|
| OS: 22.04.5 LTS (Jammy Jellyfish) ubuntu, Version: 22.04.5, Kernel: 6.8.0-138-generic
| XServer Vendor: The X.Org Foundation, XServer Version: 12101004 (1.21.1.4)
| Processor: AMD Ryzen 5 9600X 6-Core Processor
| Cores: 6 | Logical Cores: 12
|---------------------------------------------------------------------------------------------|
| Total Memory (MB): 31241 | Free Memory: 22780
| Total Page/Swap (MB): 15624 | Free Page/Swap: 15624
|---------------------------------------------------------------------------------------------|
2026-09-29T12:19:41Z [884ms] [Warning] [omni.rtx] CPU performance profile is set to powersave. This profile sets the CPU to the lowest frequency reducing performance.
2026-09-29T12:19:41Z [892ms] [Warning] [omni.rtx] IOMMU is enabled.
[0.996s] [ext: omni.kit.pipapi-0.0.0] startup
[0.997s] [ext: omni.kit.pip_archive-0.0.0] startup
[0.997s] [ext: isaacsim.pip.newton-0.6.1] startup
[0.997s] [ext: omni.pip.compute-1.9.2] startup
[0.997s] [ext: omni.isaac.core_archive-5.3.1] startup
[0.998s] [ext: omni.kit.telemetry-0.5.2] startup
[1.016s] [ext: omni.kit.loop-isaac-1.6.0] startup
[1.017s] [ext: omni.kit.test-2.0.7] startup
[1.068s] [ext: omni.materialx.libs-1.0.9] startup
[1.074s] [ext: omni.gpucompute.plugins-0.0.0] startup
[1.074s] [ext: omni.usd.config-1.0.7] startup
[1.077s] [ext: omni.usd.libs-1.0.3] startup
[1.132s] [ext: omni.iray.libs-0.0.1] startup
[1.135s] [ext: omni.mdl-57.0.3] startup
[1.196s] [ext: omni.mdl.neuraylib-0.2.20] startup
[1.198s] [ext: omni.kit.usd.mdl-1.1.9] startup
[1.284s] [ext: omni.appwindow-1.2.2] startup
[1.286s] [ext: omni.kit.renderer.core-1.2.2] startup
2026-09-29T12:19:47Z [6,531ms] [Warning] [carb.windowing-glfw.gamepad] Joystick with unknown remapping detected (will be ignored):  BEITONG BEITONG A2P3A BFM DONGLE [03000000bc2000001c51000011010000]
[6.564s] [ext: omni.kit.renderer.capture-2.0.1] startup
[6.566s] [ext: omni.kit.renderer.imgui-2.0.6] startup
[6.601s] [ext: omni.ui-3.2.0] startup
[6.607s] [ext: omni.kit.mainwindow-1.0.3] startup
[6.608s] [ext: carb.audio-0.1.0] startup
[6.610s] [ext: omni.uiaudio-1.0.0] startup
[6.611s] [ext: omni.kit.uiapp-0.0.0] startup
[6.611s] [ext: omni.usd.schema.metrics.assembler-110.1.0] startup
[6.613s] [ext: omni.usd.schema.audio-0.0.1] startup
[6.615s] [ext: omni.usd_resolver-1.0.0] startup
[6.617s] [ext: omni.usd.core-1.8.3] startup
[6.620s] [ext: omni.metropolis.schema-0.0.3] startup
[6.620s] [ext: isaacsim.anim.robot.schema-0.1.1] startup
[6.621s] [ext: omni.usd.schema.anim-0.0.1] startup
[6.633s] [ext: omni.usd.schema.geospatial-0.0.1] startup
[6.635s] [ext: omni.usd.schema.omnigraph-1.0.1] startup
[6.639s] [ext: omni.usd.schema.semantics-0.0.0] startup
[6.641s] [ext: omni.activity.core-1.0.3] startup
[6.642s] [ext: omni.cubric-0.1.0] startup
[6.642s] [ext: omni.graph.exec-0.9.6] startup
[6.642s] [ext: omni.hydra.scene_delegate-0.3.5] startup
[6.644s] [ext: usdrt.scenegraph-7.6.3] startup
[6.663s] [ext: omni.hydra.usdrt_delegate-7.5.2] startup
[6.667s] [ext: omni.inspect-1.0.2] startup
[6.668s] [ext: omni.kit.actions.core-1.0.0] startup
[6.669s] [ext: omni.kit.audiodeviceenum-1.0.2] startup
[6.670s] [ext: omni.kit.commands-1.5.0] startup
[6.672s] [ext: omni.kit.exec.core-0.13.5] startup
[6.673s] [ext: omni.kit.usd_undo-0.1.8] startup
[6.673s] [ext: omni.kit.window.popup_dialog-2.0.25] startup
[6.676s] [ext: omni.kit.widget.nucleus_connector-2.3.1] startup
[6.678s] [ext: omni.timeline-1.1.0] startup
[6.679s] [ext: omni.usd-1.16.0] startup
[6.704s] [ext: omni.graph.core-3.1.2] startup
[6.706s] [ext: omni.kit.notification_manager-1.0.11] startup
[6.708s] [ext: isaacsim.core.deprecation_manager-0.4.2] startup
[6.708s] [ext: isaacsim.replicator.agent.schema-0.1.1] startup
[6.709s] [ext: isaacsim.robot.schema-6.3.7] startup
[6.713s] [ext: isaacsim.robot_motion.schema-0.2.1] startup
[6.713s] [ext: omni.anim.behavior.schema-110.1.0] startup
[6.716s] [ext: omni.anim.graph.schema-110.1.1] startup
[6.721s] [ext: omni.anim.navigation.schema-110.1.0] startup
[6.723s] [ext: omni.behavior.tree.schema-110.1.0] startup
[6.723s] [ext: omni.isaac.ml_archive-3.3.0] startup
[6.724s] [ext: omni.kit.asset_converter-6.0.1] startup
[6.732s] [ext: omni.pip.cloud-1.5.4] startup
[6.734s] [ext: omni.usd.schema.flow-110.0.0] startup
[6.735s] [ext: omni.usd.schema.mujoco-1.1.1] startup
[6.735s] [ext: omni.usd.schema.newton-1.2.1] startup
[6.736s] [ext: omni.usd.schema.omni_lens_distortion-1.0.0] startup
[6.736s] [ext: omni.usd.schema.omni_projectors-1.0.0] startup
[6.737s] [ext: omni.usd.schema.omni_sensors-0.0.0] startup
[6.743s] [ext: omni.usd.schema.omniscripting-1.0.1] startup
[6.746s] [ext: omni.usd.schema.physical_lighting-0.1.0] startup
[6.748s] [ext: omni.usd.schema.physx-110.1.13] startup
[6.771s] [ext: omni.usd.schema.render_settings.rtx-1.0.2] startup
[6.774s] [ext: omni.usd.schema.usd_particle_field-1.0.0] startup
[6.774s] [ext: isaacsim.core.version-2.1.1] startup
[6.775s] [ext: omni.kit.menu.core-1.2.0] startup
[6.775s] [ext: omni.kit.menu.utils-2.2.4] startup
[6.781s] [ext: isaacsim.app.about-2.3.1] startup
[6.784s] [ext: isaacsim.asset.transformer-1.2.5] startup
[6.787s] [ext: omni.scene.optimizer.core-110.1.0] startup
[6.816s] [ext: isaacsim.asset.importer.utils-1.8.1] startup
[6.818s] [ext: omni.convexdecomposition-110.1.13] startup
[6.819s] [ext: omni.physics-110.1.13] startup
[6.822s] [ext: omni.physx.gpu-110.1.13] startup
[6.822s] [ext: omni.physx.foundation-110.1.13] startup
[6.823s] [ext: omni.usdphysics-110.1.13] startup
[6.824s] [ext: omni.physx.cooking-110.1.13] startup
[6.826s] [ext: omni.physx-110.1.13] startup
[6.832s] [ext: omni.physics.physx-110.1.13] startup
[6.834s] [ext: isaacsim.asset.exporter.urdf-2.0.5] startup
[6.840s] [ext: omni.kit.clipboard-1.1.1] startup
[6.841s] [ext: omni.kit.usd.layers-2.6.1] startup
[6.846s] [ext: omni.kit.widget.context_menu-1.4.0] startup
[6.847s] [ext: omni.kit.context_menu-1.9.0] startup
[6.848s] [ext: omni.kit.helper.file_utils-0.1.10] startup
[6.849s] [ext: omni.kit.widget.nucleus_info-2.0.2] startup
[6.850s] [ext: omni.kit.search_core-1.0.8] startup
[6.850s] [ext: omni.kit.widget.path_field-2.0.13] startup
[6.850s] [ext: omni.kit.widget.browser_bar-2.0.10] startup
[6.851s] [ext: omni.kit.widget.filebrowser-2.13.4] startup
[6.854s] [ext: omni.kit.widget.options_menu-1.1.6] startup
[6.856s] [ext: omni.kit.widget.options_button-1.0.3] startup
[6.857s] [ext: omni.kit.widget.search_delegate-1.0.9] startup
[6.858s] [ext: omni.ui.scene-2.0.3] startup
[6.861s] [ext: omni.kit.window.filepicker-2.15.5] startup
[6.870s] [ext: omni.kit.window.file_importer-1.1.21] startup
[6.872s] [ext: omni.kit.material.library-3.1.2] startup
[6.876s] [ext: isaacsim.asset.transformer.rules-1.7.10] startup
[6.884s] [ext: omni.usdex.libs-2.2.2] startup
[6.890s] [ext: isaacsim.asset.importer.mjcf-3.10.1] startup
[6.891s] [ext: isaacsim.asset.importer.urdf-3.11.2] startup
[6.894s] [ext: omni.kit.primitive.mesh-1.1.0] startup
[6.896s] [ext: omni.kit.stage_template.core-1.1.22] startup
[6.897s] [ext: omni.kit.stage_templates-2.0.2] startup
[6.898s] [ext: omni.usd.metrics.assembler-110.1.2] startup
[6.900s] [ext: omni.warp.core-1.13.0] startup
[7.081s] [ext: isaacsim.core.experimental.utils-0.17.2] startup
[7.082s] [ext: omni.physics.stageupdate-110.1.13] startup
[7.084s] [ext: omni.physics.tensors-110.1.13] startup
[7.087s] [ext: omni.physx.tensors-110.1.13] startup
[7.090s] [ext: isaacsim.core.simulation_manager-1.15.6] startup
[7.100s] [ext: isaacsim.storage.native-1.9.3] startup
[7.101s] [ext: omni.usd.metrics.assembler.physics-110.1.13] startup
[7.102s] [ext: isaacsim.core.utils-4.1.7] startup
[7.103s] [ext: isaacsim.core.prims-0.11.7] startup
[7.972s] [ext: isaacsim.core.api-5.2.13] startup
[7.978s] [ext: isaacsim.core.cloner-1.7.3] startup
[7.979s] [ext: isaacsim.test.docstring-1.3.2] startup
[7.981s] [ext: isaacsim.core.experimental.prims-1.8.9] startup
[7.999s] [ext: isaacsim.core.experimental.primdata-0.3.2] startup
[8.000s] [ext: omni.graph.tools-1.81.0] startup
[8.019s] [ext: omni.graph-1.142.5] startup
[8.050s] [ext: isaacsim.core.experimental.actuators-0.1.2] startup
[8.063s] [ext: isaacsim.core.experimental.materials-0.7.1] startup
[8.066s] [ext: isaacsim.core.experimental.objects-0.8.1] startup
[8.119s] [ext: omni.hydra.engine.stats-1.0.5] startup
[8.121s] [ext: omni.hydra.rtx.shadercache.vulkan-1.0.0] startup
[8.122s] [ext: omni.index.libs-387500.4413.0] startup
[8.122s] [ext: omni.index-1.0.1] startup
[8.123s] [ext: omni.ujitso.client-0.0.0] startup
[8.123s] [ext: omni.usd.schema.playback-1.0.0] startup
[8.126s] [ext: omni.volume-0.5.2] startup
[8.129s] [ext: omni.hydra.rtx-1.0.4] startup
2026-09-29T12:19:48Z [8,116ms] [Warning] [omni.log] Source: omni.hydra was already registered.
[8.150s] [ext: omni.kit.hydra_texture-1.6.0] startup
[8.153s] [ext: omni.kit.raycast.query-1.2.0] startup
[8.156s] [ext: omni.kit.viewport.legacy_gizmos-1.0.24] startup
[8.158s] [ext: omni.kit.viewport.registry-104.0.6] startup
[8.158s] [ext: omni.kit.viewport.scene_camera_model-1.0.7] startup
[8.161s] [ext: omni.kit.widget.viewport-109.2.0] startup
[8.164s] [ext: omni.kit.window.drop_support-1.0.8] startup
[8.165s] [ext: omni.kit.viewport.window-109.0.2] startup
[8.178s] [ext: omni.kit.viewport.utility-2.0.1] startup
[8.179s] [ext: isaacsim.core.rendering_manager-0.4.3] startup
[8.199s] [ext: omni.graph.action_core-1.1.9] startup
[8.201s] [ext: omni.graph.action_nodes_core-2.11.0] startup
[8.202s] [ext: omni.graph.action_nodes-2.11.0] startup
[8.218s] [ext: omni.graph.action-2.10.2] startup
[8.219s] [ext: omni.graph.image.core-0.6.1] startup
[8.220s] [ext: omni.graph.image.nodes-1.3.1] startup
[8.220s] [ext: omni.graph.nodes_core-2.11.0] startup
[8.224s] [ext: omni.graph.nodes-2.12.0] startup
[8.228s] [ext: omni.kit.hotkeys.core-1.3.12] startup
[8.229s] [ext: omni.kit.property.adapter.core-1.1.1] startup
[8.231s] [ext: omni.kit.property.adapter.usd-1.0.5] startup
[8.232s] [ext: omni.kit.widget.filter-1.1.5] startup
[8.233s] [ext: omni.kit.widget.highlight_label-1.0.3] startup
[8.234s] [ext: omni.kit.widget.searchfield-1.1.8] startup
[8.235s] [ext: omni.kit.window.file_exporter-1.0.36] startup
[8.236s] [ext: omni.kit.widget.stage-4.4.0] startup
[8.243s] [ext: omni.kit.window.content_browser_registry-0.0.6] startup
[8.244s] [ext: omni.kit.window.file-2.0.10] startup
[8.246s] [ext: omni.kit.window.content_browser-3.1.8] startup
[8.255s] [ext: omni.kit.window.property-1.15.1] startup
[8.264s] [ext: omni.kit.property.usd-4.9.4] startup
[8.273s] [ext: omni.graph.scriptnode-2.10.2] startup
[8.280s] [ext: omni.kit.widget.searchable_combobox-1.0.7] startup
[8.281s] [ext: omni.kit.widget.settings-2.0.0] startup
[8.283s] [ext: omni.kit.window.preferences-1.8.3] startup
[8.287s] [ext: omni.kit.viewport.menubar.core-107.2.2] startup
[8.297s] [ext: omni.syntheticdata-0.6.15] startup
[8.320s] [ext: omni.replicator.nv-1.1.1] startup
[8.324s] [ext: omni.videoencoding-0.2.1] startup
[8.325s] [ext: omni.replicator.core-1.13.27] startup
2026-09-29T12:19:48Z [8,308ms] [Warning] [pxr.Semantics] pxr.Semantics is deprecated - please use Semantics instead
2026-09-29T12:19:49Z [8,373ms] [Warning] [omni.replicator.core.scripts.extension] No material configuration file, adding configuration to material settings directly.
[8.524s] [ext: isaacsim.core.nodes-5.10.5] startup
[8.551s] [ext: isaacsim.core.throttling-2.3.5] startup
[8.552s] [ext: omni.kit.manipulator.viewport-107.0.1] startup
[8.553s] [ext: omni.graph.visualization.nodes-2.1.4] startup
[8.564s] [ext: omni.kit.window.extensions-1.5.10] startup
[8.569s] [ext: isaacsim.gui.components-1.8.5] startup
[8.573s] [ext: isaacsim.robot.surface_gripper-3.6.2] startup
[8.583s] [ext: isaacsim.robot.manipulators-3.4.4] startup
[8.592s] [ext: isaacsim.robot_motion.lula-4.1.3] startup
[8.597s] [ext: isaacsim.robot_motion.motion_generation-8.2.9] startup
[8.602s] [ext: isaacsim.cortex.framework-1.0.18] startup
[8.604s] [ext: isaacsim.cortex.behaviors-2.0.17] startup
[8.605s] [ext: isaacsim.examples.base-1.3.2] startup
[8.606s] [ext: omni.kit.widget.zoombar-1.0.7] startup
[8.607s] [ext: omni.kit.browser.core-2.3.18] startup
[8.610s] [ext: omni.kit.browser.folder.core-2.0.2] startup
[8.613s] [ext: omni.kit.widget.stage_icons-1.0.8] startup
[8.614s] [ext: omni.kit.window.stage-2.6.1] startup
[8.617s] [ext: omni.kit.menu.stage-1.2.7] startup
[8.618s] [ext: omni.kit.usd.collect-3.0.6] startup
[8.620s] [ext: omni.kit.widget.prompt-1.0.7] startup
[8.621s] [ext: omni.kit.tool.collect-2.2.19] startup
[8.622s] [ext: isaacsim.examples.browser-0.3.2] startup
[8.625s] [ext: omni.kit.search.files-1.0.4] startup
[8.625s] [ext: omni.kit.widget.calendar-1.0.9] startup
[8.626s] [ext: omni.kit.widget.extended_searchfield-1.0.31] startup
[8.633s] [ext: omni.simready.content.browser-0.3.7] startup
[8.718s] [ext: isaacsim.gui.content_browser-0.4.3] startup
[8.721s] [ext: omni.kit.selection-0.1.6] startup
[8.722s] [ext: isaacsim.gui.menu-2.10.5] startup
[8.729s] [ext: isaacsim.gui.property-1.6.4] startup
[8.734s] [ext: omni.kit.viewport.actions-110.0.0] startup
[8.738s] [ext: omni.kit.viewport.menubar.display-107.1.3] startup
[8.740s] [ext: isaacsim.gui.sensors.icon-2.2.1] startup
[8.742s] [ext: omni.behavior.scripting.core-110.1.0] startup
[8.745s] [ext: isaacsim.replicator.behavior-1.5.4] startup
[8.746s] [ext: isaacsim.replicator.experimental.domain_randomization-1.2.5] startup
[8.759s] [ext: isaacsim.replicator.domain_randomization-1.2.2] startup
[8.825s] [ext: isaacsim.replicator.writers-1.5.4] startup
[8.846s] [ext: isaacsim.robot.experimental.wheeled_robots-0.2.11] startup
[8.866s] [ext: isaacsim.robot.policy.examples-5.2.12] startup
[8.883s] [ext: isaacsim.robot.wheeled_robots-5.2.4] startup
[8.887s] [ext: isaacsim.robot.wheeled_robots.nodes-0.1.5] startup
[8.903s] [ext: isaacsim.robot_motion.experimental.motion_generation-6.1.3] startup
[8.914s] [ext: isaacsim.robot_motion.cumotion-1.3.1] startup
[8.926s] [ext: omni.kit.numpy.common-0.1.3] startup
[8.928s] [ext: isaacsim.sensors.camera-1.7.9] startup
[8.957s] [ext: isaacsim.sensors.experimental.physics-3.0.2] startup
[8.964s] [ext: omni.sensors.net-1.0.1] startup
[8.966s] [ext: omni.sensors.nv.common-3.0.0] startup
[8.975s] [ext: omni.sensors.nv.materials-2.0.0] startup
[8.978s] [ext: omni.sensors.nv.acoustic-3.0.0] startup
[8.980s] [ext: omni.sensors.nv.ids-2.0.1] startup
[8.981s] [ext: omni.sensors.nv.lidar-3.0.0] startup
[8.984s] [ext: omni.sensors.nv.radar-3.0.0] startup
[8.987s] [ext: isaacsim.sensors.experimental.rtx-1.4.6] startup
[9.227s] [ext: isaacsim.sensors.physics.nodes-1.5.3] startup
[9.232s] [ext: isaacsim.util.debug_draw-3.2.3] startup
[9.236s] [ext: isaacsim.sensors.physx-2.5.5] startup
[9.243s] [ext: isaacsim.sensors.rtx-15.17.1] startup
[9.251s] [ext: isaacsim.simulation_app-2.18.4] startup
[9.252s] [ext: omni.anim.curve.core-1.6.0] startup
[9.260s] [ext: omni.graph.ui_nodes-2.11.1] startup
[9.280s] [ext: omni.hydra.scene_api-0.1.3] startup
[9.283s] [ext: omni.kit.manipulator.camera-110.0.0] startup
[9.286s] [ext: omni.kit.manipulator.selector-1.1.4] startup
[9.287s] [ext: omni.kit.manipulator.transform-107.0.0] startup
[9.291s] [ext: omni.kit.widget.toolbar-2.1.0] startup
[9.296s] [ext: omni.kit.manipulator.tool.snap-1.5.14] startup
[9.299s] [ext: omni.kit.viewport.manipulator.transform-107.0.4] startup
[9.301s] [ext: omni.kit.manipulator.prim.core-108.0.2] startup
[9.306s] [ext: omni.kit.manipulator.prim.usd-107.0.3] startup
[9.307s] [ext: omni.kit.manipulator.prim-108.0.0] startup
[9.307s] [ext: omni.kit.manipulator.selection-109.0.1] startup
[9.308s] [ext: omni.kit.menu.create-2.0.2] startup
[9.309s] [ext: omni.kit.property.audio-1.0.16] startup
[9.312s] [ext: omni.kit.property.camera-1.0.14] startup
[9.313s] [ext: omni.kit.property.geometry-2.1.2] startup
[9.316s] [ext: omni.kit.property.light-1.0.14] startup
2026-09-29T12:19:49Z [9,312ms] [Warning] [omni.usd] Encountered USD Warnings but USD Diagnostics are currently muted. To view USD Warnings, please set the '/persistent/app/usd/muteUsdDiagnostics' setting to false in Preferences page.
[9.343s] [ext: omni.kit.property.material-1.14.6] startup
[9.348s] [ext: omni.kit.property.render-1.2.2] startup
[9.349s] [ext: omni.kit.property.transform-1.6.9] startup
[9.352s] [ext: omni.kit.property.bundle-1.5.1] startup
[9.353s] [ext: omni.kit.usdz_export-1.1.0] startup
[9.355s] [ext: omni.kit.tool.asset_importer-6.0.1] startup
[9.359s] [ext: omni.kit.ui.actions-1.0.5] startup
[9.361s] [ext: omni.kit.viewport.menubar.camera-107.0.10] startup
[9.365s] [ext: omni.kit.viewport.menubar.lighting-107.3.2] startup
[9.367s] [ext: omni.kit.viewport.menubar.render-110.0.0] startup
[9.369s] [ext: omni.kit.viewport.menubar.settings-110.0.1] startup
[9.372s] [ext: omni.kit.window.console-1.1.9] startup
[9.375s] [ext: omni.kit.window.status_bar-0.1.11] startup
[9.377s] [ext: omni.kit.window.toolbar-3.0.3] startup
[9.379s] [ext: omni.ocio-0.1.1] startup
[9.379s] [ext: omni.physx.commands-110.1.13] startup
[9.382s] [ext: omni.replicator.replicator_yaml-2.0.12] startup
[9.392s] [ext: omni.rtx.window.settings-0.8.0] startup
[9.395s] [ext: omni.rtx.settings.core-0.7.1] startup
[9.398s] [ext: omni.usd.metrics.assembler.ui-110.1.1] startup
[9.405s] [ext: semantics.schema.editor-2.0.2] startup
[9.407s] [ext: semantics.schema.property-2.0.2] startup
[9.408s] [ext: omni.kit.menu.common-2.0.2] startup
[9.410s] [ext: isaacsim.exp.base-6.0.1] startup
[9.410s] [ext: isaacsim.exp.base.python-6.0.1] startup
[9.411s] Simulation App Starting
[10.454s] Simulation App Startup Complete
[10.460s] app ready
Starting kit application with the following args:  ['/home/starry/isaac-data/isaacsim/exts/isaacsim.simulation_app/isaacsim/simulation_app/simulation_app.py', '/home/starry/isaac-data/isaacsim/apps/isaacsim.exp.base.python.kit', '--/app/tokens/exe-path=/home/starry/isaac-data/isaacsim/kit', '--/persistent/app/viewport/displayOptions=3094', '--/rtx/materialDb/syncLoads=True', '--/rtx/hydra/materialSyncLoads=True', '--/omni/kit/plugin/syncUsdLoads=True', '--/app/renderer/resolution/width=1280', '--/app/renderer/resolution/height=720', '--/app/window/width=1440', '--/app/window/height=900', '--/renderer/multiGpu/enabled=False', '--/app/fastShutdown=True', '--/app/installSignalHandlers=0', '--ext-folder', '/home/starry/isaac-data/isaacsim/exts', '--ext-folder', '/home/starry/isaac-data/isaacsim/apps', '--/renderer/activeGpu=0', '--/physics/cudaDevice=0', '--/plugins/carb.tasking.plugin/threadCount=12', '--/plugins/omni.tbb.globalcontrol/maxThreadCount=12', '--portable', '--no-window', '--/app/window/hideUi=1']
Passing the following args to the base kit application:  []
Warp 1.13.0 initialized:
   CUDA Toolkit 12.9, Driver 13.0
   Devices:
     "cpu"      : "x86_64"
     "cuda:0"   : "NVIDIA GeForce RTX 5070" (11 GiB, sm_120, mempool enabled)
   Kernel cache:
     /home/starry/.cache/warp/1.13.0
[LIGHTING] sun=800.0 (1) dome=0.0 (1) ambient=0.05 constant_color=(0.6, 0.65, 0.7)
[RENDER] mode=MinimalRendering minimal_shading_mode=2 anti_aliasing=TAA
[DEPTH CAMERAS] count=4 resolution_each=320x240 horizontal_coverage=360deg
[ESDF] path=/home/starry/isaac-data/EGO1P1/scenes/ego_swarm_cloud/occupancy.bin shape=(400, 300, 50) resolution=0.40m
[depth_angular_controller-1] [INFO] [1790684393.818796684] [depth_angular_controller]: WAITING_ODOMETRY
[NAV] t=0.0s position=(-64.00,-11.20,2.80) yaw=1.2deg command=(0.00,0.00,0.00) manual_active=0 collision_blocks=0
[depth_angular_controller-1] [INFO] [1790684394.249487910] [depth_angular_controller]: WAITING_VERIFIED_START_POSE
[depth_angular_controller-1] [INFO] [1790684394.285608031] [depth_angular_controller]: VERIFIED_FREE_SEED center=(-64.000,-11.200,2.800) radius=2.500 balls=1: verified fixed Cloud free ball; USD and occupancy SHA-256 matched
[depth_angular_controller-1] [INFO] [1790684394.285809068] [depth_angular_controller]: ZERO_INTENT
[depth_angular_controller-1] [INFO] [1790684396.029946621] [depth_angular_controller]: 3D guidance switched to view 0
[depth_angular_controller-1] [INFO] [1790684396.034477273] [depth_angular_controller]: TARGET_HOLD
[depth_angular_controller-1] [INFO] [1790684396.034495777] [depth_angular_controller]: PAPER_BUILD reason=READY required=0.0100 best=8.0717 free=31 refined=0 tubes=0 revoked_tubes=0 proofs=0
[depth_angular_controller-1] [INFO] [1790684396.034506407] [depth_angular_controller]: PAPER_EVIDENCE retained=6 balls=1 revoked_balls=0 expired_views=0 evicted_views=0 radius=0.580 clearance=0.500 best_prefix=8.072
[10.991s] [ext: isaacsim.sensors.rtx.nodes-0.1.2] startup
[10.999s] [ext: isaacsim.ros2.core-1.9.4] startup
[11.013s] Attempting to load system rclpy
[11.013s] Could not import system rclpy: No module named 'rclpy'
[11.013s] Attempting to load internal rclpy for ROS Distro: humble
[11.024s] rclpy loaded
[11.027s] [ext: isaacsim.ros2.nodes-1.18.13] startup
[11.064s] [ext: isaacsim.ros2.examples-1.2.4] startup
[11.068s] [ext: isaacsim.ros2.ui-1.6.5] startup
[11.306s] [ext: isaacsim.ros2.bridge-5.1.2] startup
2026-09-29T12:19:54Z [13,617ms] [Warning] [omni.timeline.plugin] Deprecated: direct use of ITimeline callbacks is deprecated. Use ITimeline::getTimeline (Python: omni.timeline.get_timeline_interface) instead.
[depth_angular_controller-1] [INFO] [1790684397.010321497] [depth_angular_controller]: PAPER_BUILD reason=READY required=0.4893 best=8.0717 free=19 refined=0 tubes=1 revoked_tubes=0 proofs=46
[depth_angular_controller-1] [INFO] [1790684397.010357114] [depth_angular_controller]: PAPER_EVIDENCE retained=10 balls=4 revoked_balls=0 expired_views=0 evicted_views=0 radius=0.580 clearance=0.919 best_prefix=8.072
[depth_angular_controller-1] [INFO] [1790684397.518402719] [depth_angular_controller]: CERTIFIED_TRACKING
[depth_angular_controller-1] [INFO] [1790684397.522588724] [depth_angular_controller]: TARGET_HOLD
[depth_angular_controller-1] [INFO] [1790684397.675997661] [depth_angular_controller]: CERTIFIED_TRACKING
[depth_angular_controller-1] [INFO] [1790684397.683163117] [depth_angular_controller]: TRACKING
[depth_angular_controller-1] [INFO] [1790684397.781847542] [depth_angular_controller]: CERTIFIED_TRACKING
[depth_angular_controller-1] [INFO] [1790684397.788533388] [depth_angular_controller]: TARGET_HOLD
[depth_angular_controller-1] [INFO] [1790684397.874626735] [depth_angular_controller]: CERTIFIED_TRACKING
[depth_angular_controller-1] [INFO] [1790684397.882576583] [depth_angular_controller]: TARGET_HOLD
[depth_angular_controller-1] [INFO] [1790684398.022346336] [depth_angular_controller]: PAPER_BUILD reason=READY required=1.8005 best=8.0717 free=136 refined=0 tubes=5 revoked_tubes=0 proofs=90
[depth_angular_controller-1] [INFO] [1790684398.022382614] [depth_angular_controller]: PAPER_EVIDENCE retained=14 balls=15 revoked_balls=0 expired_views=0 evicted_views=0 radius=0.580 clearance=2.117 best_prefix=8.072
[depth_angular_controller-1] [INFO] [1790684398.608090975] [depth_angular_controller]: CERTIFIED_TRACKING
[depth_angular_controller-1] [INFO] [1790684398.615043141] [depth_angular_controller]: TARGET_HOLD
[depth_angular_controller-1] [INFO] [1790684398.805126609] [depth_angular_controller]: CERTIFIED_TRACKING
[depth_angular_controller-1] [INFO] [1790684398.908190693] [depth_angular_controller]: TARGET_HOLD
[position_cmd_to_twist-2] [INFO] [1790684398.997687877] [position_cmd_to_twist]: [PERF BRIDGE] run=iteration8_ego1p1_1 elapsed=18.86s received=243 published=243 fps(ros/wall)=49.39/51.13 controller_to_bridge_ms(mean/p50/p95/max)=1.783/0.000/16.667/33.333 bridge_process_ms(mean/p95/max)=0.095/0.119/0.969
[depth_angular_controller-1] [INFO] [1790684399.008294821] [depth_angular_controller]: CERTIFIED_TRACKING
[depth_angular_controller-1] [INFO] [1790684399.028285615] [depth_angular_controller]: TARGET_HOLD
[NAV] t=5.0s position=(-60.26,-10.39,2.72) yaw=9.9deg command=(1.90,0.48,-0.34) manual_active=1 collision_blocks=0
[depth_angular_controller-1] [INFO] [1790684399.074919886] [depth_angular_controller]: PAPER_BUILD reason=READY required=2.0488 best=8.0717 free=270 refined=0 tubes=9 revoked_tubes=0 proofs=128
[depth_angular_controller-1] [INFO] [1790684399.074958378] [depth_angular_controller]: PAPER_EVIDENCE retained=18 balls=32 revoked_balls=0 expired_views=0 evicted_views=0 radius=0.580 clearance=2.117 best_prefix=8.072
[depth_angular_controller-1] [INFO] [1790684399.129749746] [depth_angular_controller]: CERTIFIED_TRACKING
[depth_angular_controller-1] [INFO] [1790684399.137516761] [depth_angular_controller]: TARGET_HOLD
[depth_angular_controller-1] [INFO] [1790684399.256666830] [depth_angular_controller]: [PERF CTRL] run=iteration8_ego1p1_1 elapsed=19.24s callbacks=258 commands=257 guidance=157 command_fps(ros/wall)=49.39/51.13 guidance_wall_fps=48.35 avoid_ms(mean/p50/p95/max)=3.156/0.301/20.655/48.081 cycle_ms(mean/p95/max)=19.559/38.817/125.352 depth_to_cmd_ms(mean/p95/max)=29.087/33.333/33.333 callback_to_publish_ms(mean/p95/max)=7.771/19.787/53.336
[depth_angular_controller-1] [INFO] [1790684399.356277342] [depth_angular_controller]: CERTIFIED_TRACKING
[depth_angular_controller-1] [INFO] [1790684399.554136241] [depth_angular_controller]: TARGET_HOLD
[depth_angular_controller-1] [INFO] [1790684399.863651497] [depth_angular_controller]: CERTIFIED_TRACKING
[depth_angular_controller-1] [INFO] [1790684399.903044930] [depth_angular_controller]: CERTIFIED_DIRECT
[depth_angular_controller-1] [INFO] [1790684400.093081019] [depth_angular_controller]: PAPER_BUILD reason=CERTIFIED_INTENT_CORRIDOR required=2.0557 best=8.1057 free=0 refined=0 tubes=13 revoked_tubes=0 proofs=128
[depth_angular_controller-1] [INFO] [1790684400.093122307] [depth_angular_controller]: PAPER_EVIDENCE retained=22 balls=32 revoked_balls=0 expired_views=0 evicted_views=0 radius=0.580 clearance=8.106 best_prefix=8.072
[depth_angular_controller-1] [INFO] [1790684401.028909563] [depth_angular_controller]: PAPER_BUILD reason=CERTIFIED_INTENT_CORRIDOR required=2.0666 best=8.1166 free=0 refined=0 tubes=17 revoked_tubes=0 proofs=128
[depth_angular_controller-1] [INFO] [1790684401.028947604] [depth_angular_controller]: PAPER_EVIDENCE retained=26 balls=32 revoked_balls=0 expired_views=0 evicted_views=0 radius=0.580 clearance=8.117 best_prefix=8.072
[depth_angular_controller-1] [INFO] [1790684401.554044877] [depth_angular_controller]: CERTIFIED_TRACKING
[depth_angular_controller-1] [INFO] [1790684401.649320064] [depth_angular_controller]: TARGET_HOLD
[depth_angular_controller-1] [INFO] [1790684401.746374730] [depth_angular_controller]: CERTIFIED_TRACKING
[depth_angular_controller-1] [INFO] [1790684401.758765021] [depth_angular_controller]: TARGET_HOLD
[depth_angular_controller-1] [INFO] [1790684401.902932637] [depth_angular_controller]: CERTIFIED_TRACKING
[depth_angular_controller-1] [INFO] [1790684401.915189898] [depth_angular_controller]: TARGET_HOLD
[depth_angular_controller-1] [INFO] [1790684402.020508452] [depth_angular_controller]: CERTIFIED_TRACKING
[depth_angular_controller-1] [INFO] [1790684402.037051605] [depth_angular_controller]: TARGET_HOLD
[depth_angular_controller-1] [INFO] [1790684402.127300090] [depth_angular_controller]: PAPER_BUILD reason=READY required=2.0310 best=8.0717 free=83 refined=0 tubes=21 revoked_tubes=0 proofs=128
[depth_angular_controller-1] [INFO] [1790684402.127339053] [depth_angular_controller]: PAPER_EVIDENCE retained=30 balls=32 revoked_balls=0 expired_views=0 evicted_views=0 radius=0.580 clearance=2.117 best_prefix=8.072
[depth_angular_controller-1] [INFO] [1790684403.147668956] [depth_angular_controller]: PAPER_BUILD reason=READY required=2.0305 best=8.0717 free=135 refined=0 tubes=25 revoked_tubes=0 proofs=128
[depth_angular_controller-1] [INFO] [1790684403.147714932] [depth_angular_controller]: PAPER_EVIDENCE retained=32 balls=32 revoked_balls=0 expired_views=0 evicted_views=2 radius=0.580 clearance=2.117 best_prefix=8.072
[depth_angular_controller-1] [INFO] [1790684403.539809261] [depth_angular_controller]: CERTIFIED_TRACKING
[depth_angular_controller-1] [INFO] [1790684403.633346066] [depth_angular_controller]: TARGET_HOLD
[position_cmd_to_twist-2] [INFO] [1790684403.986831583] [position_cmd_to_twist]: [PERF BRIDGE] run=iteration8_ego1p1_1 elapsed=23.86s received=482 published=482 fps(ros/wall)=48.83/49.42 controller_to_bridge_ms(mean/p50/p95/max)=3.527/0.000/16.667/50.000 bridge_process_ms(mean/p95/max)=0.108/0.131/1.975
[NAV] t=10.0s position=(-50.72,-7.90,2.36) yaw=9.5deg command=(1.90,0.35,0.16) manual_active=1 collision_blocks=0
[depth_angular_controller-1] [INFO] [1790684404.151646844] [depth_angular_controller]: PAPER_BUILD reason=READY required=1.9577 best=8.0717 free=320 refined=0 tubes=29 revoked_tubes=0 proofs=128
[depth_angular_controller-1] [INFO] [1790684404.152073044] [depth_angular_controller]: PAPER_EVIDENCE retained=32 balls=32 revoked_balls=0 expired_views=0 evicted_views=6 radius=0.580 clearance=2.117 best_prefix=8.072
[depth_angular_controller-1] [INFO] [1790684404.315270480] [depth_angular_controller]: [PERF CTRL] run=iteration8_ego1p1_1 elapsed=24.29s callbacks=493 commands=492 guidance=392 command_fps(ros/wall)=48.69/48.78 guidance_wall_fps=47.19 avoid_ms(mean/p50/p95/max)=3.313/0.362/23.644/48.081 cycle_ms(mean/p95/max)=20.501/44.665/129.314 depth_to_cmd_ms(mean/p95/max)=29.252/33.333/50.000 callback_to_publish_ms(mean/p95/max)=10.549/30.894/58.074
[depth_angular_controller-1] [INFO] [1790684404.777678624] [depth_angular_controller]: CERTIFIED_TRACKING
[depth_angular_controller-1] [INFO] [1790684404.789802495] [depth_angular_controller]: TARGET_HOLD
[depth_angular_controller-1] [INFO] [1790684404.869767552] [depth_angular_controller]: CERTIFIED_TRACKING
[depth_angular_controller-1] [INFO] [1790684404.882645237] [depth_angular_controller]: TARGET_HOLD
[depth_angular_controller-1] [INFO] [1790684405.016569070] [depth_angular_controller]: COMPUTE_DEADLINE
[depth_angular_controller-1] [INFO] [1790684405.029398886] [depth_angular_controller]: TARGET_HOLD
[depth_angular_controller-1] [INFO] [1790684405.104856454] [depth_angular_controller]: CERTIFIED_TRACKING
[depth_angular_controller-1] [INFO] [1790684405.114737336] [depth_angular_controller]: TARGET_HOLD
[depth_angular_controller-1] [INFO] [1790684405.285452058] [depth_angular_controller]: COMPUTE_DEADLINE
[depth_angular_controller-1] [INFO] [1790684405.285488587] [depth_angular_controller]: PAPER_BUILD reason=READY required=1.7415 best=8.0717 free=215 refined=0 tubes=33 revoked_tubes=0 proofs=128
[depth_angular_controller-1] [INFO] [1790684405.285497273] [depth_angular_controller]: PAPER_EVIDENCE retained=32 balls=32 revoked_balls=0 expired_views=0 evicted_views=10 radius=0.580 clearance=0.000 best_prefix=8.072
[depth_angular_controller-1] [INFO] [1790684405.298270142] [depth_angular_controller]: TARGET_HOLD
[depth_angular_controller-1] [INFO] [1790684405.421735148] [depth_angular_controller]: COMPUTE_DEADLINE
[depth_angular_controller-1] [INFO] [1790684405.528314508] [depth_angular_controller]: TARGET_HOLD
[depth_angular_controller-1] [INFO] [1790684405.605055184] [depth_angular_controller]: CERTIFIED_TRACKING
[depth_angular_controller-1] [INFO] [1790684405.618539728] [depth_angular_controller]: TARGET_HOLD
[depth_angular_controller-1] [INFO] [1790684405.687508530] [depth_angular_controller]: CERTIFIED_TRACKING
[depth_angular_controller-1] [INFO] [1790684405.699661135] [depth_angular_controller]: TARGET_HOLD
[depth_angular_controller-1] [INFO] [1790684405.850437983] [depth_angular_controller]: CERTIFIED_TRACKING
[depth_angular_controller-1] [INFO] [1790684405.861043354] [depth_angular_controller]: TARGET_HOLD
[depth_angular_controller-1] [INFO] [1790684405.963035316] [depth_angular_controller]: CERTIFIED_TRACKING
[depth_angular_controller-1] [INFO] [1790684405.976961078] [depth_angular_controller]: TARGET_HOLD
[depth_angular_controller-1] [INFO] [1790684406.049260420] [depth_angular_controller]: CERTIFIED_TRACKING
[depth_angular_controller-1] [INFO] [1790684406.059086229] [depth_angular_controller]: TARGET_HOLD
[depth_angular_controller-1] [INFO] [1790684406.166602426] [depth_angular_controller]: CERTIFIED_TRACKING
[depth_angular_controller-1] [INFO] [1790684406.179208232] [depth_angular_controller]: TARGET_HOLD
[depth_angular_controller-1] [INFO] [1790684406.263630052] [depth_angular_controller]: CERTIFIED_TRACKING
[depth_angular_controller-1] [INFO] [1790684406.278793096] [depth_angular_controller]: TARGET_HOLD
[depth_angular_controller-1] [INFO] [1790684406.292685686] [depth_angular_controller]: PAPER_BUILD reason=READY required=0.4255 best=8.0717 free=240 refined=0 tubes=37 revoked_tubes=0 proofs=128
[depth_angular_controller-1] [INFO] [1790684406.292718267] [depth_angular_controller]: PAPER_EVIDENCE retained=32 balls=32 revoked_balls=0 expired_views=0 evicted_views=14 radius=0.580 clearance=0.688 best_prefix=8.072
[depth_angular_controller-1] [INFO] [1790684406.395539825] [depth_angular_controller]: CERTIFIED_TRACKING
[depth_angular_controller-1] [INFO] [1790684406.408219860] [depth_angular_controller]: TARGET_HOLD
[depth_angular_controller-1] [INFO] [1790684406.500688650] [depth_angular_controller]: CERTIFIED_TRACKING
[depth_angular_controller-1] [INFO] [1790684406.516885785] [depth_angular_controller]: TARGET_HOLD
[depth_angular_controller-1] [INFO] [1790684406.591818018] [depth_angular_controller]: CERTIFIED_TRACKING
[depth_angular_controller-1] [INFO] [1790684406.610353210] [depth_angular_controller]: TARGET_HOLD
[depth_angular_controller-1] [INFO] [1790684407.339595648] [depth_angular_controller]: PAPER_BUILD reason=READY required=1.5973 best=8.0717 free=9 refined=0 tubes=40 revoked_tubes=0 proofs=128
[depth_angular_controller-1] [INFO] [1790684407.339639099] [depth_angular_controller]: PAPER_EVIDENCE retained=32 balls=32 revoked_balls=0 expired_views=0 evicted_views=18 radius=0.580 clearance=2.117 best_prefix=8.072
[depth_angular_controller-1] [INFO] [1790684407.783662053] [depth_angular_controller]: CERTIFIED_DIRECT
[depth_angular_controller-1] [INFO] [1790684408.237604040] [depth_angular_controller]: COMPUTE_DEADLINE
[depth_angular_controller-1] [INFO] [1790684408.258674259] [depth_angular_controller]: TARGET_HOLD
[depth_angular_controller-1] [INFO] [1790684408.409343976] [depth_angular_controller]: COMPUTE_DEADLINE
[depth_angular_controller-1] [INFO] [1790684408.460755131] [depth_angular_controller]: TARGET_HOLD
[depth_angular_controller-1] [INFO] [1790684408.460788423] [depth_angular_controller]: PAPER_BUILD reason=READY required=1.5495 best=8.0717 free=94 refined=0 tubes=44 revoked_tubes=0 proofs=128
[depth_angular_controller-1] [INFO] [1790684408.460799124] [depth_angular_controller]: PAPER_EVIDENCE retained=32 balls=32 revoked_balls=0 expired_views=0 evicted_views=22 radius=0.580 clearance=0.500 best_prefix=8.072
[depth_angular_controller-1] [INFO] [1790684408.890936401] [depth_angular_controller]: COMPUTE_DEADLINE
[position_cmd_to_twist-2] [INFO] [1790684409.265706279] [position_cmd_to_twist]: [PERF BRIDGE] run=iteration8_ego1p1_1 elapsed=29.14s received=634 published=630 fps(ros/wall)=43.11/42.10 controller_to_bridge_ms(mean/p50/p95/max)=9.017/0.000/50.000/166.667 bridge_process_ms(mean/p95/max)=0.107/0.132/1.975
[NAV] t=15.0s position=(-43.72,-9.51,2.53) yaw=10.9deg command=(0.56,0.02,0.01) manual_active=1 collision_blocks=0
[depth_angular_controller-1] [INFO] [1790684409.423195292] [depth_angular_controller]: [PERF CTRL] run=iteration8_ego1p1_1 elapsed=29.40s callbacks=637 commands=636 guidance=536 command_fps(ros/wall)=42.47/41.85 guidance_wall_fps=39.95 avoid_ms(mean/p50/p95/max)=7.434/0.494/48.081/156.625 cycle_ms(mean/p95/max)=23.896/72.172/169.825 depth_to_cmd_ms(mean/p95/max)=27.363/33.333/50.000 callback_to_publish_ms(mean/p95/max)=15.366/58.019/169.703
[depth_angular_controller-1] [INFO] [1790684409.537330381] [depth_angular_controller]: PAPER_BUILD reason=READY required=0.1874 best=8.0717 free=163 refined=0 tubes=46 revoked_tubes=0 proofs=128
[depth_angular_controller-1] [INFO] [1790684409.537370496] [depth_angular_controller]: PAPER_EVIDENCE retained=32 balls=32 revoked_balls=0 expired_views=0 evicted_views=26 radius=0.580 clearance=0.500 best_prefix=8.072
[depth_angular_controller-1] [INFO] [1790684409.666185592] [depth_angular_controller]: CERTIFIED_DIRECT
[depth_angular_controller-1] [INFO] [1790684410.646252450] [depth_angular_controller]: COMPUTE_DEADLINE
[depth_angular_controller-1] [INFO] [1790684410.646285101] [depth_angular_controller]: PAPER_BUILD reason=READY required=0.0407 best=8.0717 free=715 refined=1 tubes=47 revoked_tubes=0 proofs=128
[depth_angular_controller-1] [INFO] [1790684410.646293788] [depth_angular_controller]: PAPER_EVIDENCE retained=32 balls=32 revoked_balls=0 expired_views=0 evicted_views=26 radius=0.580 clearance=0.500 best_prefix=8.072
[depth_angular_controller-1] [INFO] [1790684410.670812558] [depth_angular_controller]: CERTIFIED_DIRECT
[depth_angular_controller-1] [INFO] [1790684410.774566466] [depth_angular_controller]: TARGET_HOLD
[depth_angular_controller-1] [INFO] [1790684410.790956462] [depth_angular_controller]: CERTIFIED_TRACKING
[depth_angular_controller-1] [INFO] [1790684410.864511671] [depth_angular_controller]: TARGET_HOLD
[depth_angular_controller-1] [INFO] [1790684411.374930369] [depth_angular_controller]: COMPUTE_DEADLINE
[depth_angular_controller-1] [INFO] [1790684411.434249293] [depth_angular_controller]: TARGET_HOLD
[depth_angular_controller-1] [INFO] [1790684411.701460103] [depth_angular_controller]: COMPUTE_DEADLINE
[depth_angular_controller-1] [INFO] [1790684411.701493155] [depth_angular_controller]: PAPER_BUILD reason=READY required=0.1328 best=8.0717 free=181 refined=0 tubes=49 revoked_tubes=0 proofs=128
[depth_angular_controller-1] [INFO] [1790684411.701501420] [depth_angular_controller]: PAPER_EVIDENCE retained=32 balls=32 revoked_balls=0 expired_views=0 evicted_views=30 radius=0.580 clearance=0.500 best_prefix=8.072
[depth_angular_controller-1] [INFO] [1790684411.719943888] [depth_angular_controller]: TARGET_HOLD
[depth_angular_controller-1] [INFO] [1790684412.713185970] [depth_angular_controller]: PAPER_BUILD reason=READY required=0.4847 best=8.0717 free=190 refined=0 tubes=50 revoked_tubes=0 proofs=128
[depth_angular_controller-1] [INFO] [1790684412.713227849] [depth_angular_controller]: PAPER_EVIDENCE retained=32 balls=32 revoked_balls=0 expired_views=0 evicted_views=34 radius=0.580 clearance=0.989 best_prefix=8.072
[depth_angular_controller-1] [INFO] [1790684413.913633621] [depth_angular_controller]: PAPER_BUILD reason=READY required=1.8860 best=8.0717 free=352 refined=0 tubes=53 revoked_tubes=0 proofs=128
[depth_angular_controller-1] [INFO] [1790684413.913676561] [depth_angular_controller]: PAPER_EVIDENCE retained=32 balls=32 revoked_balls=0 expired_views=0 evicted_views=38 radius=0.580 clearance=2.117 best_prefix=8.072
[depth_angular_controller-1] [INFO] [1790684414.457072392] [depth_angular_controller]: [PERF CTRL] run=iteration8_ego1p1_1 elapsed=34.44s callbacks=778 commands=777 guidance=677 command_fps(ros/wall)=39.16/38.40 guidance_wall_fps=36.69 avoid_ms(mean/p50/p95/max)=9.418/0.435/55.823/797.200 cycle_ms(mean/p95/max)=26.041/75.212/814.617 depth_to_cmd_ms(mean/p95/max)=26.268/33.333/50.000 callback_to_publish_ms(mean/p95/max)=18.028/61.779/812.263
[position_cmd_to_twist-2] [INFO] [1790684414.516199746] [position_cmd_to_twist]: [PERF BRIDGE] run=iteration8_ego1p1_1 elapsed=34.39s received=781 published=771 fps(ros/wall)=39.20/38.00 controller_to_bridge_ms(mean/p50/p95/max)=12.633/0.000/66.667/883.333 bridge_process_ms(mean/p95/max)=0.106/0.133/1.975
[NAV] t=20.0s position=(-40.09,-8.63,2.86) yaw=10.8deg command=(1.78,0.86,0.14) manual_active=1 collision_blocks=0
[depth_angular_controller-1] [INFO] [1790684414.999675315] [depth_angular_controller]: PAPER_BUILD reason=READY required=2.0448 best=8.0717 free=201 refined=0 tubes=58 revoked_tubes=0 proofs=128
[depth_angular_controller-1] [INFO] [1790684414.999714919] [depth_angular_controller]: PAPER_EVIDENCE retained=32 balls=32 revoked_balls=0 expired_views=0 evicted_views=42 radius=0.580 clearance=2.117 best_prefix=8.072
[depth_angular_controller-1] [INFO] [1790684415.167085365] [depth_angular_controller]: CERTIFIED_TRACKING
[depth_angular_controller-1] [INFO] [1790684415.180611708] [depth_angular_controller]: TRACKING
[depth_angular_controller-1] [INFO] [1790684415.315145084] [depth_angular_controller]: CERTIFIED_TRACKING
[depth_angular_controller-1] [INFO] [1790684415.564988935] [depth_angular_controller]: TRACKING
[depth_angular_controller-1] [INFO] [1790684415.686112758] [depth_angular_controller]: CERTIFIED_TRACKING
[depth_angular_controller-1] [INFO] [1790684415.703146171] [depth_angular_controller]: TRACKING
[depth_angular_controller-1] [INFO] [1790684415.856790049] [depth_angular_controller]: CERTIFIED_TRACKING
[depth_angular_controller-1] [INFO] [1790684415.868513489] [depth_angular_controller]: TARGET_HOLD
[depth_angular_controller-1] [INFO] [1790684415.998859187] [depth_angular_controller]: CERTIFIED_TRACKING
[depth_angular_controller-1] [INFO] [1790684416.010081866] [depth_angular_controller]: TARGET_HOLD
[depth_angular_controller-1] [INFO] [1790684416.089168986] [depth_angular_controller]: CERTIFIED_TRACKING
[depth_angular_controller-1] [INFO] [1790684416.100902074] [depth_angular_controller]: TARGET_HOLD
[depth_angular_controller-1] [INFO] [1790684416.150621003] [depth_angular_controller]: PAPER_BUILD reason=READY required=2.0157 best=8.0717 free=176 refined=0 tubes=62 revoked_tubes=0 proofs=128
[depth_angular_controller-1] [INFO] [1790684416.150997339] [depth_angular_controller]: PAPER_EVIDENCE retained=32 balls=32 revoked_balls=0 expired_views=0 evicted_views=46 radius=0.580 clearance=2.117 best_prefix=8.072
[depth_angular_controller-1] [INFO] [1790684416.208347929] [depth_angular_controller]: CERTIFIED_TRACKING
[depth_angular_controller-1] [INFO] [1790684416.220608607] [depth_angular_controller]: TARGET_HOLD
[depth_angular_controller-1] [INFO] [1790684416.314767109] [depth_angular_controller]: CERTIFIED_TRACKING
[depth_angular_controller-1] [INFO] [1790684416.328519355] [depth_angular_controller]: TRACKING
[depth_angular_controller-1] [INFO] [1790684416.405734332] [depth_angular_controller]: TARGET_HOLD
[depth_angular_controller-1] [INFO] [1790684417.172854659] [depth_angular_controller]: PAPER_BUILD reason=READY required=2.0420 best=8.0717 free=302 refined=0 tubes=66 revoked_tubes=0 proofs=128
[depth_angular_controller-1] [INFO] [1790684417.172897800] [depth_angular_controller]: PAPER_EVIDENCE retained=32 balls=32 revoked_balls=0 expired_views=0 evicted_views=50 radius=0.580 clearance=2.117 best_prefix=8.072
[depth_angular_controller-1] [INFO] [1790684417.499656513] [depth_angular_controller]: COMPUTE_DEADLINE
[depth_angular_controller-1] [INFO] [1790684417.542892868] [depth_angular_controller]: TARGET_HOLD
[depth_angular_controller-1] [INFO] [1790684417.812292505] [depth_angular_controller]: TRACKING
[depth_angular_controller-1] [INFO] [1790684417.899702814] [depth_angular_controller]: TARGET_HOLD
[depth_angular_controller-1] [INFO] [1790684418.178251660] [depth_angular_controller]: PAPER_BUILD reason=READY required=0.7322 best=8.0717 free=352 refined=0 tubes=68 revoked_tubes=0 proofs=128
[depth_angular_controller-1] [INFO] [1790684418.178295322] [depth_angular_controller]: PAPER_EVIDENCE retained=32 balls=32 revoked_balls=0 expired_views=0 evicted_views=54 radius=0.580 clearance=0.567 best_prefix=8.072
[depth_angular_controller-1] [INFO] [1790684419.103672864] [depth_angular_controller]: COMPUTE_DEADLINE
[depth_angular_controller-1] [INFO] [1790684419.261427816] [depth_angular_controller]: PAPER_BUILD reason=READY required=1.2083 best=8.0717 free=182 refined=1 tubes=71 revoked_tubes=0 proofs=128
[depth_angular_controller-1] [INFO] [1790684419.262260930] [depth_angular_controller]: PAPER_EVIDENCE retained=32 balls=32 revoked_balls=0 expired_views=0 evicted_views=58 radius=0.580 clearance=0.500 best_prefix=8.072
[depth_angular_controller-1] [INFO] [1790684419.461075212] [depth_angular_controller]: [PERF CTRL] run=iteration8_ego1p1_1 elapsed=39.44s callbacks=958 commands=957 guidance=857 command_fps(ros/wall)=38.73/37.92 guidance_wall_fps=36.53 avoid_ms(mean/p50/p95/max)=9.842/0.396/50.311/797.200 cycle_ms(mean/p95/max)=26.372/75.072/814.617 depth_to_cmd_ms(mean/p95/max)=26.196/33.333/50.000 callback_to_publish_ms(mean/p95/max)=18.719/59.938/812.263
[depth_angular_controller-1] [INFO] [1790684419.461709943] [depth_angular_controller]: TARGET_HOLD
[depth_angular_controller-1] [INFO] [1790684419.547488810] [depth_angular_controller]: CERTIFIED_TRACKING
[depth_angular_controller-1] [INFO] [1790684419.563931775] [depth_angular_controller]: TARGET_HOLD
[position_cmd_to_twist-2] [INFO] [1790684419.636184390] [position_cmd_to_twist]: [PERF BRIDGE] run=iteration8_ego1p1_1 elapsed=39.51s received=966 published=952 fps(ros/wall)=38.78/37.50 controller_to_bridge_ms(mean/p50/p95/max)=13.354/0.000/50.000/883.333 bridge_process_ms(mean/p95/max)=0.107/0.139/1.975
[depth_angular_controller-1] [INFO] [1790684419.665534146] [depth_angular_controller]: CERTIFIED_TRACKING
[depth_angular_controller-1] [INFO] [1790684419.678658263] [depth_angular_controller]: TARGET_HOLD
[NAV] t=25.0s position=(-33.09,-5.37,5.23) yaw=9.7deg command=(0.56,0.35,0.17) manual_active=1 collision_blocks=0
[depth_angular_controller-1] [INFO] [1790684419.810574168] [depth_angular_controller]: COMPUTE_DEADLINE
[depth_angular_controller-1] [INFO] [1790684419.823156890] [depth_angular_controller]: TARGET_HOLD
[depth_angular_controller-1] [INFO] [1790684419.914098134] [depth_angular_controller]: CERTIFIED_TRACKING
[depth_angular_controller-1] [INFO] [1790684419.926226824] [depth_angular_controller]: TARGET_HOLD
[depth_angular_controller-1] [INFO] [1790684420.011699757] [depth_angular_controller]: CERTIFIED_TRACKING
[depth_angular_controller-1] [INFO] [1790684420.027017611] [depth_angular_controller]: CERTIFIED_DIRECT
[depth_angular_controller-1] [INFO] [1790684420.189770413] [depth_angular_controller]: PAPER_BUILD reason=CERTIFIED_INTENT_CORRIDOR required=0.1641 best=6.2141 free=0 refined=0 tubes=74 revoked_tubes=0 proofs=128
[depth_angular_controller-1] [INFO] [1790684420.206363420] [depth_angular_controller]: PAPER_EVIDENCE retained=32 balls=32 revoked_balls=0 expired_views=0 evicted_views=62 radius=0.580 clearance=6.214 best_prefix=8.072
[depth_angular_controller-1] [INFO] [1790684420.801904693] [depth_angular_controller]: COMPUTE_DEADLINE
[depth_angular_controller-1] [INFO] [1790684421.195497042] [depth_angular_controller]: PAPER_BUILD reason=READY required=0.1907 best=8.0717 free=170 refined=0 tubes=75 revoked_tubes=0 proofs=128
[depth_angular_controller-1] [INFO] [1790684421.209274486] [depth_angular_controller]: TARGET_HOLD
[depth_angular_controller-1] [INFO] [1790684421.209306336] [depth_angular_controller]: PAPER_EVIDENCE retained=32 balls=32 revoked_balls=0 expired_views=0 evicted_views=66 radius=0.580 clearance=0.500 best_prefix=8.072
[depth_angular_controller-1] [INFO] [1790684421.309608186] [depth_angular_controller]: COMPUTE_DEADLINE
[depth_angular_controller-1] [INFO] [1790684421.415336398] [depth_angular_controller]: TARGET_HOLD
[depth_angular_controller-1] [INFO] [1790684421.577333702] [depth_angular_controller]: COMPUTE_DEADLINE
[depth_angular_controller-1] [INFO] [1790684421.775210144] [depth_angular_controller]: TARGET_HOLD
[depth_angular_controller-1] [INFO] [1790684422.023453180] [depth_angular_controller]: COMPUTE_DEADLINE
[depth_angular_controller-1] [INFO] [1790684422.035870331] [depth_angular_controller]: TARGET_HOLD
[depth_angular_controller-1] [INFO] [1790684422.424405931] [depth_angular_controller]: COMPUTE_DEADLINE
[depth_angular_controller-1] [INFO] [1790684422.424442670] [depth_angular_controller]: PAPER_BUILD reason=READY required=0.0323 best=8.0717 free=77 refined=0 tubes=76 revoked_tubes=0 proofs=128
[depth_angular_controller-1] [INFO] [1790684422.424453761] [depth_angular_controller]: PAPER_EVIDENCE retained=32 balls=32 revoked_balls=0 expired_views=0 evicted_views=66 radius=0.580 clearance=0.500 best_prefix=8.072
[depth_angular_controller-1] [INFO] [1790684422.530191762] [depth_angular_controller]: TARGET_HOLD
[depth_angular_controller-1] [INFO] [1790684422.651987917] [depth_angular_controller]: COMPUTE_DEADLINE
[depth_angular_controller-1] [INFO] [1790684422.666413747] [depth_angular_controller]: TARGET_HOLD
[depth_angular_controller-1] [INFO] [1790684422.770816342] [depth_angular_controller]: COMPUTE_DEADLINE
[depth_angular_controller-1] [INFO] [1790684422.880006231] [depth_angular_controller]: TARGET_HOLD
[depth_angular_controller-1] [INFO] [1790684423.005913470] [depth_angular_controller]: CERTIFIED_TRACKING
[depth_angular_controller-1] [INFO] [1790684423.132758098] [depth_angular_controller]: COMPUTE_DEADLINE
[depth_angular_controller-1] [INFO] [1790684423.238109283] [depth_angular_controller]: TARGET_HOLD
[depth_angular_controller-1] [INFO] [1790684423.508967137] [depth_angular_controller]: COMPUTE_DEADLINE
[depth_angular_controller-1] [INFO] [1790684423.509004587] [depth_angular_controller]: PAPER_BUILD reason=READY required=0.0178 best=8.0717 free=85 refined=0 tubes=76 revoked_tubes=0 proofs=128
[depth_angular_controller-1] [INFO] [1790684423.509014666] [depth_angular_controller]: PAPER_EVIDENCE retained=32 balls=32 revoked_balls=0 expired_views=0 evicted_views=66 radius=0.580 clearance=0.500 best_prefix=8.072
[depth_angular_controller-1] [INFO] [1790684423.698229264] [depth_angular_controller]: TARGET_HOLD
[depth_angular_controller-1] [INFO] [1790684423.795272298] [depth_angular_controller]: COMPUTE_DEADLINE
[depth_angular_controller-1] [INFO] [1790684423.811584569] [depth_angular_controller]: TARGET_HOLD
[depth_angular_controller-1] [INFO] [1790684423.914030492] [depth_angular_controller]: COMPUTE_DEADLINE
[depth_angular_controller-1] [INFO] [1790684424.114508055] [depth_angular_controller]: TARGET_HOLD
[depth_angular_controller-1] [INFO] [1790684424.331520766] [depth_angular_controller]: COMPUTE_DEADLINE
[depth_angular_controller-1] [INFO] [1790684424.443227087] [depth_angular_controller]: TARGET_HOLD
[depth_angular_controller-1] [INFO] [1790684424.443262183] [depth_angular_controller]: PAPER_BUILD reason=READY required=0.0429 best=8.0717 free=80 refined=0 tubes=76 revoked_tubes=0 proofs=128
[depth_angular_controller-1] [INFO] [1790684424.443273614] [depth_angular_controller]: PAPER_EVIDENCE retained=32 balls=32 revoked_balls=0 expired_views=0 evicted_views=70 radius=0.580 clearance=0.500 best_prefix=8.072
[depth_angular_controller-1] [INFO] [1790684424.519142024] [depth_angular_controller]: [PERF CTRL] run=iteration8_ego1p1_1 elapsed=44.50s callbacks=1074 commands=1073 guidance=973 command_fps(ros/wall)=36.26/35.42 guidance_wall_fps=34.12 avoid_ms(mean/p50/p95/max)=11.776/0.445/65.001/797.200 cycle_ms(mean/p95/max)=28.237/85.563/814.617 depth_to_cmd_ms(mean/p95/max)=26.002/33.333/50.000 callback_to_publish_ms(mean/p95/max)=20.783/74.944/812.263
[depth_angular_controller-1] [INFO] [1790684424.537363738] [depth_angular_controller]: CERTIFIED_TRACKING
[depth_angular_controller-1] [INFO] [1790684424.628452569] [depth_angular_controller]: COMPUTE_DEADLINE
[depth_angular_controller-1] [INFO] [1790684424.740130196] [depth_angular_controller]: TARGET_HOLD
[position_cmd_to_twist-2] [INFO] [1790684424.755133750] [position_cmd_to_twist]: [PERF BRIDGE] run=iteration8_ego1p1_1 elapsed=44.62s received=1077 published=1056 fps(ros/wall)=36.03/34.60 controller_to_bridge_ms(mean/p50/p95/max)=15.645/0.000/66.667/883.333 bridge_process_ms(mean/p95/max)=0.108/0.146/1.975
[NAV] t=30.0s position=(-31.99,-5.10,5.27) yaw=9.6deg command=(0.04,0.01,-0.00) manual_active=1 collision_blocks=0
[depth_angular_controller-1] [INFO] [1790684424.908121978] [depth_angular_controller]: COMPUTE_DEADLINE
[depth_angular_controller-1] [INFO] [1790684424.918603186] [depth_angular_controller]: TARGET_HOLD
[depth_angular_controller-1] [INFO] [1790684425.168176579] [depth_angular_controller]: COMPUTE_DEADLINE
[depth_angular_controller-1] [INFO] [1790684425.183030072] [depth_angular_controller]: TARGET_HOLD
[depth_angular_controller-1] [INFO] [1790684425.279421223] [depth_angular_controller]: COMPUTE_DEADLINE
[depth_angular_controller-1] [INFO] [1790684425.456886102] [depth_angular_controller]: PAPER_BUILD reason=READY required=0.0108 best=8.0717 free=31 refined=0 tubes=77 revoked_tubes=0 proofs=128
[depth_angular_controller-1] [INFO] [1790684425.456926047] [depth_angular_controller]: PAPER_EVIDENCE retained=32 balls=32 revoked_balls=0 expired_views=0 evicted_views=70 radius=0.580 clearance=0.500 best_prefix=8.072
[depth_angular_controller-1] [INFO] [1790684425.475571526] [depth_angular_controller]: TARGET_HOLD
[depth_angular_controller-1] [INFO] [1790684425.558315809] [depth_angular_controller]: COMPUTE_DEADLINE
[depth_angular_controller-1] [INFO] [1790684425.658078396] [depth_angular_controller]: TARGET_HOLD
[depth_angular_controller-1] [INFO] [1790684425.892933891] [depth_angular_controller]: COMPUTE_DEADLINE
[depth_angular_controller-1] [INFO] [1790684425.909475331] [depth_angular_controller]: TARGET_HOLD
[depth_angular_controller-1] [INFO] [1790684426.016197429] [depth_angular_controller]: COMPUTE_DEADLINE
[depth_angular_controller-1] [INFO] [1790684426.033763773] [depth_angular_controller]: TARGET_HOLD
[depth_angular_controller-1] [INFO] [1790684426.138445201] [depth_angular_controller]: COMPUTE_DEADLINE
[depth_angular_controller-1] [INFO] [1790684426.154440947] [depth_angular_controller]: TARGET_HOLD
[depth_angular_controller-1] [INFO] [1790684426.431972294] [depth_angular_controller]: COMPUTE_DEADLINE
[depth_angular_controller-1] [INFO] [1790684426.449531775] [depth_angular_controller]: TARGET_HOLD
[depth_angular_controller-1] [INFO] [1790684426.449568214] [depth_angular_controller]: PAPER_BUILD reason=READY required=0.0379 best=8.0717 free=90 refined=0 tubes=77 revoked_tubes=0 proofs=128
[depth_angular_controller-1] [INFO] [1790684426.449579174] [depth_angular_controller]: PAPER_EVIDENCE retained=32 balls=32 revoked_balls=0 expired_views=0 evicted_views=70 radius=0.580 clearance=0.500 best_prefix=8.072
[depth_angular_controller-1] [INFO] [1790684426.533450922] [depth_angular_controller]: COMPUTE_DEADLINE
[depth_angular_controller-1] [INFO] [1790684426.554288875] [depth_angular_controller]: TARGET_HOLD
[depth_angular_controller-1] [INFO] [1790684426.647085962] [depth_angular_controller]: COMPUTE_DEADLINE
[depth_angular_controller-1] [INFO] [1790684426.663295169] [depth_angular_controller]: TARGET_HOLD
[depth_angular_controller-1] [INFO] [1790684426.753974683] [depth_angular_controller]: COMPUTE_DEADLINE
[depth_angular_controller-1] [INFO] [1790684426.947983286] [depth_angular_controller]: REFERENCE_INITIALIZATION
[depth_angular_controller-1] [INFO] [1790684427.031006031] [depth_angular_controller]: COMPUTE_DEADLINE
[depth_angular_controller-1] [INFO] [1790684427.055081179] [depth_angular_controller]: TARGET_HOLD
[depth_angular_controller-1] [INFO] [1790684427.239427892] [depth_angular_controller]: COMPUTE_DEADLINE
[depth_angular_controller-1] [INFO] [1790684427.259818586] [depth_angular_controller]: TARGET_HOLD
[depth_angular_controller-1] [INFO] [1790684427.439727621] [depth_angular_controller]: COMPUTE_DEADLINE
[depth_angular_controller-1] [INFO] [1790684427.439760302] [depth_angular_controller]: PAPER_BUILD reason=READY required=0.0281 best=8.0717 free=191 refined=0 tubes=77 revoked_tubes=0 proofs=128
[depth_angular_controller-1] [INFO] [1790684427.439770832] [depth_angular_controller]: PAPER_EVIDENCE retained=32 balls=32 revoked_balls=0 expired_views=0 evicted_views=70 radius=0.580 clearance=0.500 best_prefix=8.072
[depth_angular_controller-1] [INFO] [1790684427.984455692] [depth_angular_controller]: REFERENCE_INITIALIZATION
[depth_angular_controller-1] [INFO] [1790684428.067434925] [depth_angular_controller]: COMPUTE_DEADLINE
[depth_angular_controller-1] [INFO] [1790684428.142586610] [depth_angular_controller]: CERTIFIED_TRACKING
[depth_angular_controller-1] [INFO] [1790684428.160651018] [depth_angular_controller]: TARGET_HOLD
[depth_angular_controller-1] [INFO] [1790684428.241521865] [depth_angular_controller]: COMPUTE_DEADLINE
[depth_angular_controller-1] [INFO] [1790684428.261796311] [depth_angular_controller]: TARGET_HOLD
[depth_angular_controller-1] [INFO] [1790684428.374715437] [depth_angular_controller]: COMPUTE_DEADLINE
[depth_angular_controller-1] [INFO] [1790684428.374752667] [depth_angular_controller]: PAPER_BUILD reason=READY required=0.0179 best=8.0717 free=194 refined=0 tubes=77 revoked_tubes=0 proofs=128
[depth_angular_controller-1] [INFO] [1790684428.374763377] [depth_angular_controller]: PAPER_EVIDENCE retained=32 balls=32 revoked_balls=0 expired_views=0 evicted_views=70 radius=0.580 clearance=0.500 best_prefix=8.072
[depth_angular_controller-1] [INFO] [1790684428.521227131] [depth_angular_controller]: TARGET_HOLD
[depth_angular_controller-1] [INFO] [1790684429.156703935] [depth_angular_controller]: COMPUTE_DEADLINE
[depth_angular_controller-1] [INFO] [1790684429.170679290] [depth_angular_controller]: TARGET_HOLD
[depth_angular_controller-1] [INFO] [1790684429.478100777] [depth_angular_controller]: COMPUTE_DEADLINE
[depth_angular_controller-1] [INFO] [1790684429.495597360] [depth_angular_controller]: TARGET_HOLD
[depth_angular_controller-1] [INFO] [1790684429.495663013] [depth_angular_controller]: PAPER_BUILD reason=READY required=0.1639 best=8.0717 free=100 refined=0 tubes=78 revoked_tubes=0 proofs=128
[depth_angular_controller-1] [INFO] [1790684429.495675567] [depth_angular_controller]: PAPER_EVIDENCE retained=32 balls=32 revoked_balls=0 expired_views=0 evicted_views=74 radius=0.580 clearance=0.500 best_prefix=8.072
[depth_angular_controller-1] [INFO] [1790684429.574025112] [depth_angular_controller]: [PERF CTRL] run=iteration8_ego1p1_1 elapsed=49.55s callbacks=1168 commands=1167 guidance=1067 command_fps(ros/wall)=33.54/33.01 guidance_wall_fps=31.78 avoid_ms(mean/p50/p95/max)=13.712/0.467/70.389/797.200 cycle_ms(mean/p95/max)=30.295/91.680/814.617 depth_to_cmd_ms(mean/p95/max)=25.461/33.333/50.000 callback_to_publish_ms(mean/p95/max)=23.196/83.328/812.263
[position_cmd_to_twist-2] [INFO] [1790684429.631400589] [position_cmd_to_twist]: [PERF BRIDGE] run=iteration8_ego1p1_1 elapsed=49.50s received=1168 published=1145 fps(ros/wall)=33.49/32.37 controller_to_bridge_ms(mean/p50/p95/max)=18.507/0.000/83.333/883.333 bridge_process_ms(mean/p95/max)=0.108/0.146/1.975
[NAV] t=35.0s position=(-31.45,-4.99,5.26) yaw=9.6deg command=(0.24,0.04,-0.01) manual_active=1 collision_blocks=0
[depth_angular_controller-1] [INFO] [1790684430.600840305] [depth_angular_controller]: PAPER_BUILD reason=READY required=0.5564 best=8.0717 free=197 refined=0 tubes=79 revoked_tubes=0 proofs=128
[depth_angular_controller-1] [INFO] [1790684430.601305879] [depth_angular_controller]: PAPER_EVIDENCE retained=32 balls=32 revoked_balls=0 expired_views=0 evicted_views=78 radius=0.580 clearance=0.989 best_prefix=8.072
[depth_angular_controller-1] [INFO] [1790684431.627358912] [depth_angular_controller]: COMPUTE_DEADLINE
[depth_angular_controller-1] [INFO] [1790684431.692765420] [depth_angular_controller]: TARGET_HOLD
[depth_angular_controller-1] [INFO] [1790684431.731318265] [depth_angular_controller]: PAPER_BUILD reason=READY required=1.9418 best=8.0717 free=277 refined=0 tubes=82 revoked_tubes=0 proofs=128
[depth_angular_controller-1] [INFO] [1790684431.731359743] [depth_angular_controller]: PAPER_EVIDENCE retained=32 balls=32 revoked_balls=0 expired_views=0 evicted_views=82 radius=0.580 clearance=0.500 best_prefix=8.072
[depth_angular_controller-1] [INFO] [1790684432.123706305] [depth_angular_controller]: COMPUTE_DEADLINE
[depth_angular_controller-1] [INFO] [1790684432.141039621] [depth_angular_controller]: TARGET_HOLD
[depth_angular_controller-1] [INFO] [1790684432.224689232] [depth_angular_controller]: COMPUTE_DEADLINE
[depth_angular_controller-1] [INFO] [1790684432.242605553] [depth_angular_controller]: TARGET_HOLD
[depth_angular_controller-1] [INFO] [1790684432.638571476] [depth_angular_controller]: CERTIFIED_DIRECT
[depth_angular_controller-1] [INFO] [1790684432.908221363] [depth_angular_controller]: COMPUTE_DEADLINE
[depth_angular_controller-1] [INFO] [1790684432.908647754] [depth_angular_controller]: PAPER_BUILD reason=READY required=0.4145 best=8.0717 free=520 refined=1 tubes=85 revoked_tubes=0 proofs=128
[depth_angular_controller-1] [INFO] [1790684432.908661349] [depth_angular_controller]: PAPER_EVIDENCE retained=32 balls=32 revoked_balls=0 expired_views=0 evicted_views=86 radius=0.580 clearance=0.500 best_prefix=8.072
[depth_angular_controller-1] [INFO] [1790684433.411903530] [depth_angular_controller]: CERTIFIED_DIRECT
[depth_angular_controller-1] [INFO] [1790684433.755247216] [depth_angular_controller]: TARGET_HOLD
[depth_angular_controller-1] [INFO] [1790684433.946514195] [depth_angular_controller]: PAPER_BUILD reason=READY required=0.1310 best=8.0717 free=350 refined=0 tubes=86 revoked_tubes=0 proofs=128
[depth_angular_controller-1] [INFO] [1790684433.946560081] [depth_angular_controller]: PAPER_EVIDENCE retained=32 balls=32 revoked_balls=0 expired_views=0 evicted_views=90 radius=0.580 clearance=0.500 best_prefix=8.072
[depth_angular_controller-1] [INFO] [1790684434.610953047] [depth_angular_controller]: [PERF CTRL] run=iteration8_ego1p1_1 elapsed=54.59s callbacks=1300 commands=1299 guidance=1199 command_fps(ros/wall)=32.76/32.16 guidance_wall_fps=31.05 avoid_ms(mean/p50/p95/max)=14.181/0.496/69.532/797.200 cycle_ms(mean/p95/max)=31.095/90.690/814.617 depth_to_cmd_ms(mean/p95/max)=25.076/33.333/50.000 callback_to_publish_ms(mean/p95/max)=24.243/83.260/812.263
[position_cmd_to_twist-2] [INFO] [1790684434.947520407] [position_cmd_to_twist]: [PERF BRIDGE] run=iteration8_ego1p1_1 elapsed=54.82s received=1310 published=1284 fps(ros/wall)=32.83/31.53 controller_to_bridge_ms(mean/p50/p95/max)=19.669/0.000/83.333/883.333 bridge_process_ms(mean/p95/max)=0.108/0.147/1.975
[depth_angular_controller-1] [INFO] [1790684435.008674705] [depth_angular_controller]: PAPER_BUILD reason=READY required=1.1441 best=8.0717 free=249 refined=0 tubes=88 revoked_tubes=0 proofs=128
[depth_angular_controller-1] [INFO] [1790684435.008708979] [depth_angular_controller]: PAPER_EVIDENCE retained=32 balls=32 revoked_balls=0 expired_views=0 evicted_views=94 radius=0.580 clearance=2.006 best_prefix=8.072
[NAV] t=40.0s position=(-26.83,-4.10,5.37) yaw=9.6deg command=(1.55,0.33,0.27) manual_active=1 collision_blocks=0
[depth_angular_controller-1] [INFO] [1790684435.631631474] [depth_angular_controller]: COMPUTE_DEADLINE
[depth_angular_controller-1] [INFO] [1790684435.658847296] [depth_angular_controller]: TARGET_HOLD
[depth_angular_controller-1] [INFO] [1790684435.787715561] [depth_angular_controller]: CERTIFIED_TRACKING
[depth_angular_controller-1] [INFO] [1790684435.798217569] [depth_angular_controller]: TARGET_HOLD
[depth_angular_controller-1] [INFO] [1790684435.937978585] [depth_angular_controller]: CERTIFIED_TRACKING
[depth_angular_controller-1] [INFO] [1790684435.952803063] [depth_angular_controller]: TRACKING
[depth_angular_controller-1] [INFO] [1790684436.091010995] [depth_angular_controller]: COMPUTE_DEADLINE
[depth_angular_controller-1] [INFO] [1790684436.109384814] [depth_angular_controller]: TARGET_HOLD
[depth_angular_controller-1] [INFO] [1790684436.205199243] [depth_angular_controller]: COMPUTE_DEADLINE
[depth_angular_controller-1] [INFO] [1790684436.205231003] [depth_angular_controller]: PAPER_BUILD reason=READY required=1.1646 best=8.0717 free=234 refined=0 tubes=92 revoked_tubes=0 proofs=128
[depth_angular_controller-1] [INFO] [1790684436.205238798] [depth_angular_controller]: PAPER_EVIDENCE retained=32 balls=32 revoked_balls=0 expired_views=0 evicted_views=98 radius=0.580 clearance=0.500 best_prefix=8.072
[depth_angular_controller-1] [INFO] [1790684436.221410114] [depth_angular_controller]: TARGET_HOLD
[depth_angular_controller-1] [INFO] [1790684436.321150560] [depth_angular_controller]: COMPUTE_DEADLINE
[depth_angular_controller-1] [INFO] [1790684436.336857414] [depth_angular_controller]: TARGET_HOLD
[depth_angular_controller-1] [INFO] [1790684436.435898659] [depth_angular_controller]: COMPUTE_DEADLINE
[depth_angular_controller-1] [INFO] [1790684436.503377214] [depth_angular_controller]: TARGET_HOLD
[depth_angular_controller-1] [INFO] [1790684437.241143427] [depth_angular_controller]: COMPUTE_DEADLINE
[depth_angular_controller-1] [INFO] [1790684437.257543603] [depth_angular_controller]: TARGET_HOLD
[depth_angular_controller-1] [INFO] [1790684437.337790579] [depth_angular_controller]: PAPER_BUILD reason=READY required=0.3680 best=8.0717 free=266 refined=0 tubes=94 revoked_tubes=0 proofs=128
[depth_angular_controller-1] [INFO] [1790684437.337825244] [depth_angular_controller]: PAPER_EVIDENCE retained=32 balls=32 revoked_balls=0 expired_views=0 evicted_views=102 radius=0.580 clearance=0.500 best_prefix=8.072
[depth_angular_controller-1] [INFO] [1790684437.549461707] [depth_angular_controller]: COMPUTE_DEADLINE
[depth_angular_controller-1] [INFO] [1790684437.626839128] [depth_angular_controller]: TARGET_HOLD
[depth_angular_controller-1] [INFO] [1790684437.789915096] [depth_angular_controller]: COMPUTE_DEADLINE
[depth_angular_controller-1] [INFO] [1790684437.971271898] [depth_angular_controller]: TARGET_HOLD
[depth_angular_controller-1] [INFO] [1790684438.350413490] [depth_angular_controller]: COMPUTE_DEADLINE
[depth_angular_controller-1] [INFO] [1790684438.441225572] [depth_angular_controller]: PAPER_BUILD reason=READY required=0.1105 best=8.0717 free=151 refined=0 tubes=96 revoked_tubes=0 proofs=128
[depth_angular_controller-1] [INFO] [1790684438.441647073] [depth_angular_controller]: PAPER_EVIDENCE retained=32 balls=32 revoked_balls=0 expired_views=0 evicted_views=106 radius=0.580 clearance=0.500 best_prefix=8.072
[depth_angular_controller-1] [INFO] [1790684438.650548544] [depth_angular_controller]: TARGET_HOLD
[depth_angular_controller-1] [INFO] [1790684438.792935067] [depth_angular_controller]: COMPUTE_DEADLINE
[depth_angular_controller-1] [INFO] [1790684438.814335024] [depth_angular_controller]: CERTIFIED_TRACKING
[depth_angular_controller-1] [INFO] [1790684438.897802103] [depth_angular_controller]: COMPUTE_DEADLINE
[depth_angular_controller-1] [INFO] [1790684438.917773540] [depth_angular_controller]: TARGET_HOLD
[depth_angular_controller-1] [INFO] [1790684439.034540688] [depth_angular_controller]: COMPUTE_DEADLINE
[depth_angular_controller-1] [INFO] [1790684439.426485976] [depth_angular_controller]: PAPER_BUILD reason=READY required=0.0100 best=8.0717 free=162 refined=0 tubes=96 revoked_tubes=0 proofs=128
[depth_angular_controller-1] [INFO] [1790684439.426528636] [depth_angular_controller]: PAPER_EVIDENCE retained=32 balls=32 revoked_balls=0 expired_views=0 evicted_views=106 radius=0.580 clearance=0.500 best_prefix=8.072
[depth_angular_controller-1] [INFO] [1790684439.693125324] [depth_angular_controller]: [PERF CTRL] run=iteration8_ego1p1_1 elapsed=59.67s callbacks=1417 commands=1416 guidance=1316 command_fps(ros/wall)=31.94/31.14 guidance_wall_fps=30.12 avoid_ms(mean/p50/p95/max)=15.061/0.514/72.172/797.200 cycle_ms(mean/p95/max)=32.116/92.654/814.617 depth_to_cmd_ms(mean/p95/max)=24.886/33.333/50.000 callback_to_publish_ms(mean/p95/max)=25.396/87.030/812.263
[depth_angular_controller-1] [INFO] [1790684439.710536196] [depth_angular_controller]: TARGET_HOLD
[depth_angular_controller-1] [INFO] [1790684439.800770564] [depth_angular_controller]: COMPUTE_DEADLINE
[position_cmd_to_twist-2] [INFO] [1790684440.114394389] [position_cmd_to_twist]: [PERF BRIDGE] run=iteration8_ego1p1_1 elapsed=59.98s received=1421 published=1383 fps(ros/wall)=31.71/30.14 controller_to_bridge_ms(mean/p50/p95/max)=21.217/0.000/100.000/883.333 bridge_process_ms(mean/p95/max)=0.107/0.146/1.975
[NAV] t=45.0s position=(-24.16,-3.33,5.91) yaw=9.4deg command=(0.00,0.00,0.00) manual_active=1 collision_blocks=0
[depth_angular_controller-1] [INFO] [1790684440.279889056] [depth_angular_controller]: PAPER_BUILD reason=READY required=0.0100 best=8.0717 free=162 refined=0 tubes=96 revoked_tubes=0 proofs=128
[depth_angular_controller-1] [INFO] [1790684440.279928019] [depth_angular_controller]: PAPER_EVIDENCE retained=32 balls=32 revoked_balls=0 expired_views=0 evicted_views=106 radius=0.580 clearance=0.500 best_prefix=8.072
[depth_angular_controller-1] [INFO] [1790684440.482019170] [depth_angular_controller]: TARGET_HOLD
[depth_angular_controller-1] [INFO] [1790684440.571846203] [depth_angular_controller]: COMPUTE_DEADLINE
[depth_angular_controller-1] [INFO] [1790684440.588626762] [depth_angular_controller]: TARGET_HOLD
[depth_angular_controller-1] [INFO] [1790684440.689618908] [depth_angular_controller]: COMPUTE_DEADLINE
[depth_angular_controller-1] [INFO] [1790684440.706277999] [depth_angular_controller]: TARGET_HOLD
[depth_angular_controller-1] [INFO] [1790684440.845292204] [depth_angular_controller]: COMPUTE_DEADLINE
[depth_angular_controller-1] [INFO] [1790684440.862627985] [depth_angular_controller]: CERTIFIED_TRACKING
[depth_angular_controller-1] [INFO] [1790684440.961985403] [depth_angular_controller]: COMPUTE_DEADLINE
[depth_angular_controller-1] [INFO] [1790684441.219229390] [depth_angular_controller]: PAPER_BUILD reason=READY required=0.0100 best=8.0717 free=160 refined=0 tubes=96 revoked_tubes=0 proofs=128
[depth_angular_controller-1] [INFO] [1790684441.219271799] [depth_angular_controller]: PAPER_EVIDENCE retained=32 balls=32 revoked_balls=0 expired_views=0 evicted_views=106 radius=0.580 clearance=0.500 best_prefix=8.072
[depth_angular_controller-1] [INFO] [1790684441.321995674] [depth_angular_controller]: TARGET_HOLD
[depth_angular_controller-1] [INFO] [1790684441.403747424] [depth_angular_controller]: COMPUTE_DEADLINE
[depth_angular_controller-1] [INFO] [1790684441.420057270] [depth_angular_controller]: TARGET_HOLD
[depth_angular_controller-1] [INFO] [1790684441.530769615] [depth_angular_controller]: COMPUTE_DEADLINE
[depth_angular_controller-1] [INFO] [1790684441.871058729] [depth_angular_controller]: TARGET_HOLD
[depth_angular_controller-1] [INFO] [1790684441.993794657] [depth_angular_controller]: COMPUTE_DEADLINE
[depth_angular_controller-1] [INFO] [1790684442.208590228] [depth_angular_controller]: PAPER_BUILD reason=READY required=0.0100 best=8.0717 free=159 refined=0 tubes=96 revoked_tubes=0 proofs=128
[depth_angular_controller-1] [INFO] [1790684442.208628751] [depth_angular_controller]: PAPER_EVIDENCE retained=32 balls=32 revoked_balls=0 expired_views=0 evicted_views=108 radius=0.580 clearance=0.500 best_prefix=8.072
[depth_angular_controller-1] [INFO] [1790684443.004569069] [depth_angular_controller]: TARGET_HOLD
[depth_angular_controller-1] [INFO] [1790684443.156630859] [depth_angular_controller]: COMPUTE_DEADLINE
[depth_angular_controller-1] [INFO] [1790684443.156668649] [depth_angular_controller]: PAPER_BUILD reason=READY required=0.0100 best=8.0717 free=14 refined=0 tubes=96 revoked_tubes=0 proofs=128
[depth_angular_controller-1] [INFO] [1790684443.156678628] [depth_angular_controller]: PAPER_EVIDENCE retained=32 balls=32 revoked_balls=0 expired_views=0 evicted_views=108 radius=0.580 clearance=0.500 best_prefix=8.072
[depth_angular_controller-1] [INFO] [1790684443.753754431] [depth_angular_controller]: TARGET_HOLD
[depth_angular_controller-1] [INFO] [1790684443.878283143] [depth_angular_controller]: COMPUTE_DEADLINE
[depth_angular_controller-1] [INFO] [1790684444.067525613] [depth_angular_controller]: PAPER_BUILD reason=READY required=0.0100 best=8.0717 free=159 refined=0 tubes=96 revoked_tubes=0 proofs=128
[depth_angular_controller-1] [INFO] [1790684444.067991467] [depth_angular_controller]: PAPER_EVIDENCE retained=32 balls=32 revoked_balls=0 expired_views=0 evicted_views=110 radius=0.580 clearance=0.500 best_prefix=8.072
[position_cmd_to_twist-2] [INFO] [1790684444.586509734] [position_cmd_to_twist]: [PERF BRIDGE] run=iteration8_ego1p1_1 elapsed=64.46s received=1481 published=1418 fps(ros/wall)=29.77/28.19 controller_to_bridge_ms(mean/p50/p95/max)=23.621/16.667/100.000/883.333 bridge_process_ms(mean/p95/max)=0.108/0.147/1.975
[NAV] t=50.0s position=(-24.13,-3.32,5.93) yaw=9.4deg command=(0.00,0.00,0.00) manual_active=1 collision_blocks=0
[depth_angular_controller-1] [INFO] [1790684444.696625160] [depth_angular_controller]: [PERF CTRL] run=iteration8_ego1p1_1 elapsed=64.68s callbacks=1484 commands=1483 guidance=1383 command_fps(ros/wall)=29.68/29.38 guidance_wall_fps=28.40 avoid_ms(mean/p50/p95/max)=17.070/0.531/77.678/797.200 cycle_ms(mean/p95/max)=34.040/97.762/814.617 depth_to_cmd_ms(mean/p95/max)=24.620/33.333/50.000 callback_to_publish_ms(mean/p95/max)=27.586/93.122/812.263
[depth_angular_controller-1] [INFO] [1790684444.802213991] [depth_angular_controller]: TARGET_HOLD
[depth_angular_controller-1] [INFO] [1790684444.891899238] [depth_angular_controller]: COMPUTE_DEADLINE
[depth_angular_controller-1] [INFO] [1790684444.891939323] [depth_angular_controller]: PAPER_BUILD reason=READY required=0.0100 best=8.0717 free=14 refined=0 tubes=96 revoked_tubes=0 proofs=128
[depth_angular_controller-1] [INFO] [1790684444.891952027] [depth_angular_controller]: PAPER_EVIDENCE retained=32 balls=32 revoked_balls=0 expired_views=0 evicted_views=110 radius=0.580 clearance=0.500 best_prefix=8.072
[depth_angular_controller-1] [INFO] [1790684444.990982992] [depth_angular_controller]: TARGET_HOLD
[depth_angular_controller-1] [INFO] [1790684445.143075789] [depth_angular_controller]: COMPUTE_DEADLINE
[depth_angular_controller-1] [INFO] [1790684445.255578595] [depth_angular_controller]: TARGET_HOLD
[depth_angular_controller-1] [INFO] [1790684445.340052743] [depth_angular_controller]: COMPUTE_DEADLINE
[depth_angular_controller-1] [INFO] [1790684445.357642200] [depth_angular_controller]: CERTIFIED_TRACKING
[depth_angular_controller-1] [INFO] [1790684445.524526174] [depth_angular_controller]: COMPUTE_DEADLINE
[depth_angular_controller-1] [INFO] [1790684445.542910052] [depth_angular_controller]: TARGET_HOLD
[depth_angular_controller-1] [INFO] [1790684445.629728700] [depth_angular_controller]: COMPUTE_DEADLINE
[depth_angular_controller-1] [INFO] [1790684445.646318150] [depth_angular_controller]: TARGET_HOLD
[depth_angular_controller-1] [INFO] [1790684445.757516117] [depth_angular_controller]: COMPUTE_DEADLINE
[depth_angular_controller-1] [INFO] [1790684445.769790561] [depth_angular_controller]: TARGET_HOLD
[depth_angular_controller-1] [INFO] [1790684445.911394235] [depth_angular_controller]: COMPUTE_DEADLINE
[depth_angular_controller-1] [INFO] [1790684445.934997357] [depth_angular_controller]: TARGET_HOLD
[depth_angular_controller-1] [INFO] [1790684446.043605223] [depth_angular_controller]: COMPUTE_DEADLINE
[depth_angular_controller-1] [INFO] [1790684446.043655036] [depth_angular_controller]: PAPER_BUILD reason=READY required=0.0100 best=8.0717 free=15 refined=0 tubes=96 revoked_tubes=0 proofs=128
[depth_angular_controller-1] [INFO] [1790684446.043664634] [depth_angular_controller]: PAPER_EVIDENCE retained=32 balls=32 revoked_balls=0 expired_views=0 evicted_views=110 radius=0.580 clearance=0.500 best_prefix=8.072
[depth_angular_controller-1] [INFO] [1790684446.864400102] [depth_angular_controller]: PAPER_BUILD reason=READY required=0.0100 best=8.0717 free=161 refined=0 tubes=96 revoked_tubes=0 proofs=128
[depth_angular_controller-1] [INFO] [1790684446.864439606] [depth_angular_controller]: PAPER_EVIDENCE retained=32 balls=32 revoked_balls=0 expired_views=0 evicted_views=110 radius=0.580 clearance=0.500 best_prefix=8.072
[depth_angular_controller-1] [INFO] [1790684447.167427022] [depth_angular_controller]: TARGET_HOLD
[depth_angular_controller-1] [INFO] [1790684447.304774990] [depth_angular_controller]: COMPUTE_DEADLINE
[depth_angular_controller-1] [INFO] [1790684447.806917919] [depth_angular_controller]: PAPER_BUILD reason=READY required=0.0100 best=8.0717 free=160 refined=0 tubes=96 revoked_tubes=0 proofs=128
[depth_angular_controller-1] [INFO] [1790684447.806953485] [depth_angular_controller]: PAPER_EVIDENCE retained=32 balls=32 revoked_balls=0 expired_views=0 evicted_views=110 radius=0.580 clearance=0.500 best_prefix=8.072
[depth_angular_controller-1] [INFO] [1790684448.500965943] [depth_angular_controller]: TARGET_HOLD
[depth_angular_controller-1] [INFO] [1790684448.651131464] [depth_angular_controller]: COMPUTE_DEADLINE
[depth_angular_controller-1] [INFO] [1790684448.754476153] [depth_angular_controller]: PAPER_BUILD reason=READY required=0.0144 best=8.0717 free=160 refined=0 tubes=96 revoked_tubes=0 proofs=128
[depth_angular_controller-1] [INFO] [1790684448.754514385] [depth_angular_controller]: PAPER_EVIDENCE retained=32 balls=32 revoked_balls=0 expired_views=0 evicted_views=110 radius=0.580 clearance=0.500 best_prefix=8.072
[depth_angular_controller-1] [INFO] [1790684449.150140070] [depth_angular_controller]: TARGET_HOLD
[position_cmd_to_twist-2] [INFO] [1790684449.222907070] [position_cmd_to_twist]: [PERF BRIDGE] run=iteration8_ego1p1_1 elapsed=69.09s received=1546 published=1455 fps(ros/wall)=28.16/26.47 controller_to_bridge_ms(mean/p50/p95/max)=25.787/16.667/116.667/883.333 bridge_process_ms(mean/p95/max)=0.108/0.147/1.975
[depth_angular_controller-1] [INFO] [1790684449.269881349] [depth_angular_controller]: COMPUTE_DEADLINE
[depth_angular_controller-1] [INFO] [1790684449.283391982] [depth_angular_controller]: TARGET_HOLD
[NAV] t=55.0s position=(-24.10,-3.30,5.95) yaw=9.3deg command=(0.02,0.01,0.01) manual_active=1 collision_blocks=0
[depth_angular_controller-1] [INFO] [1790684449.446748897] [depth_angular_controller]: COMPUTE_DEADLINE
[depth_angular_controller-1] [INFO] [1790684449.462582769] [depth_angular_controller]: TARGET_HOLD
[depth_angular_controller-1] [INFO] [1790684449.553002475] [depth_angular_controller]: COMPUTE_DEADLINE
[depth_angular_controller-1] [INFO] [1790684449.740274407] [depth_angular_controller]: [PERF CTRL] run=iteration8_ego1p1_1 elapsed=69.72s callbacks=1554 commands=1553 guidance=1453 command_fps(ros/wall)=28.07/27.97 guidance_wall_fps=27.03 avoid_ms(mean/p50/p95/max)=18.787/0.557/81.243/797.200 cycle_ms(mean/p95/max)=35.754/100.262/814.617 depth_to_cmd_ms(mean/p95/max)=24.398/33.333/50.000 callback_to_publish_ms(mean/p95/max)=29.424/97.786/812.263
[depth_angular_controller-1] [INFO] [1790684449.832253819] [depth_angular_controller]: PAPER_BUILD reason=READY required=0.0100 best=8.0717 free=158 refined=0 tubes=96 revoked_tubes=0 proofs=128
[depth_angular_controller-1] [INFO] [1790684449.832296800] [depth_angular_controller]: PAPER_EVIDENCE retained=32 balls=32 revoked_balls=0 expired_views=0 evicted_views=110 radius=0.580 clearance=0.500 best_prefix=8.072
[depth_angular_controller-1] [INFO] [1790684450.469133666] [depth_angular_controller]: TARGET_HOLD
[depth_angular_controller-1] [INFO] [1790684450.617459595] [depth_angular_controller]: COMPUTE_DEADLINE
[depth_angular_controller-1] [INFO] [1790684450.635647364] [depth_angular_controller]: TARGET_HOLD
[depth_angular_controller-1] [INFO] [1790684450.735222440] [depth_angular_controller]: COMPUTE_DEADLINE
[depth_angular_controller-1] [INFO] [1790684450.735266914] [depth_angular_controller]: PAPER_BUILD reason=READY required=0.0292 best=8.0717 free=161 refined=0 tubes=96 revoked_tubes=0 proofs=128
[depth_angular_controller-1] [INFO] [1790684450.735279508] [depth_angular_controller]: PAPER_EVIDENCE retained=32 balls=32 revoked_balls=0 expired_views=0 evicted_views=110 radius=0.580 clearance=0.500 best_prefix=8.072
[depth_angular_controller-1] [INFO] [1790684451.178043860] [depth_angular_controller]: TARGET_HOLD
[depth_angular_controller-1] [INFO] [1790684451.259719858] [depth_angular_controller]: COMPUTE_DEADLINE
[depth_angular_controller-1] [INFO] [1790684451.277071098] [depth_angular_controller]: TARGET_HOLD
[depth_angular_controller-1] [INFO] [1790684451.463436368] [depth_angular_controller]: COMPUTE_DEADLINE
[depth_angular_controller-1] [INFO] [1790684451.484483214] [depth_angular_controller]: TARGET_HOLD
[depth_angular_controller-1] [INFO] [1790684451.569975693] [depth_angular_controller]: COMPUTE_DEADLINE
[depth_angular_controller-1] [INFO] [1790684451.586930640] [depth_angular_controller]: TARGET_HOLD
[depth_angular_controller-1] [INFO] [1790684451.679279976] [depth_angular_controller]: COMPUTE_DEADLINE
[depth_angular_controller-1] [INFO] [1790684451.679325341] [depth_angular_controller]: PAPER_BUILD reason=READY required=0.0248 best=8.0717 free=151 refined=0 tubes=97 revoked_tubes=0 proofs=128
[depth_angular_controller-1] [INFO] [1790684451.679336001] [depth_angular_controller]: PAPER_EVIDENCE retained=32 balls=32 revoked_balls=0 expired_views=0 evicted_views=110 radius=0.580 clearance=0.500 best_prefix=8.072
[depth_angular_controller-1] [INFO] [1790684451.862122687] [depth_angular_controller]: TARGET_HOLD
[depth_angular_controller-1] [INFO] [1790684452.051479281] [depth_angular_controller]: COMPUTE_DEADLINE
[depth_angular_controller-1] [INFO] [1790684452.067547954] [depth_angular_controller]: TARGET_HOLD
[depth_angular_controller-1] [INFO] [1790684452.150505617] [depth_angular_controller]: COMPUTE_DEADLINE
[depth_angular_controller-1] [INFO] [1790684452.165831947] [depth_angular_controller]: TARGET_HOLD
[depth_angular_controller-1] [INFO] [1790684452.533337995] [depth_angular_controller]: COMPUTE_DEADLINE
[depth_angular_controller-1] [INFO] [1790684452.716110413] [depth_angular_controller]: PAPER_BUILD reason=READY required=0.0277 best=8.0717 free=114 refined=0 tubes=97 revoked_tubes=0 proofs=128
[depth_angular_controller-1] [INFO] [1790684452.716153965] [depth_angular_controller]: PAPER_EVIDENCE retained=32 balls=32 revoked_balls=0 expired_views=0 evicted_views=110 radius=0.580 clearance=0.500 best_prefix=8.072
[depth_angular_controller-1] [INFO] [1790684452.788324976] [depth_angular_controller]: TARGET_HOLD
[depth_angular_controller-1] [INFO] [1790684453.635991391] [depth_angular_controller]: COMPUTE_DEADLINE
[depth_angular_controller-1] [INFO] [1790684453.905100784] [depth_angular_controller]: PAPER_BUILD reason=READY required=0.1635 best=8.0717 free=129 refined=0 tubes=98 revoked_tubes=0 proofs=128
[depth_angular_controller-1] [INFO] [1790684453.905136471] [depth_angular_controller]: PAPER_EVIDENCE retained=32 balls=32 revoked_balls=0 expired_views=0 evicted_views=114 radius=0.580 clearance=0.500 best_prefix=8.072
[position_cmd_to_twist-2] [INFO] [1790684454.038728601] [position_cmd_to_twist]: [PERF BRIDGE] run=iteration8_ego1p1_1 elapsed=73.91s received=1628 published=1523 fps(ros/wall)=27.22/25.46 controller_to_bridge_ms(mean/p50/p95/max)=27.406/16.667/116.667/883.333 bridge_process_ms(mean/p95/max)=0.109/0.148/1.975
[NAV] t=60.0s position=(-23.68,-3.16,6.28) yaw=9.3deg command=(0.00,0.00,0.00) manual_active=1 collision_blocks=0
[depth_angular_controller-1] [INFO] [1790684454.200572396] [depth_angular_controller]: TARGET_HOLD
[depth_angular_controller-1] [INFO] [1790684454.629866882] [depth_angular_controller]: COMPUTE_DEADLINE
[depth_angular_controller-1] [INFO] [1790684454.734037201] [depth_angular_controller]: TARGET_HOLD
[depth_angular_controller-1] [INFO] [1790684454.751286710] [depth_angular_controller]: [PERF CTRL] run=iteration8_ego1p1_1 elapsed=74.73s callbacks=1644 commands=1643 guidance=1543 command_fps(ros/wall)=27.10/27.14 guidance_wall_fps=26.26 avoid_ms(mean/p50/p95/max)=19.920/0.561/81.722/797.200 cycle_ms(mean/p95/max)=36.846/100.800/814.617 depth_to_cmd_ms(mean/p95/max)=24.120/33.333/50.000 callback_to_publish_ms(mean/p95/max)=30.714/98.401/812.263
[depth_angular_controller-1] [INFO] [1790684454.882420938] [depth_angular_controller]: COMPUTE_DEADLINE
[depth_angular_controller-1] [INFO] [1790684454.882452006] [depth_angular_controller]: PAPER_BUILD reason=READY required=0.1242 best=8.0717 free=126 refined=0 tubes=99 revoked_tubes=0 proofs=128
[depth_angular_controller-1] [INFO] [1790684454.882460262] [depth_angular_controller]: PAPER_EVIDENCE retained=32 balls=32 revoked_balls=0 expired_views=0 evicted_views=118 radius=0.580 clearance=0.500 best_prefix=8.072
[depth_angular_controller-1] [INFO] [1790684454.956102253] [depth_angular_controller]: TARGET_HOLD
[depth_angular_controller-1] [INFO] [1790684455.316446822] [depth_angular_controller]: COMPUTE_DEADLINE
[depth_angular_controller-1] [INFO] [1790684455.419636711] [depth_angular_controller]: TARGET_HOLD
[depth_angular_controller-1] [INFO] [1790684455.805872726] [depth_angular_controller]: PAPER_BUILD reason=READY required=0.0912 best=8.0717 free=131 refined=0 tubes=100 revoked_tubes=0 proofs=128
[depth_angular_controller-1] [INFO] [1790684455.805912811] [depth_angular_controller]: PAPER_EVIDENCE retained=32 balls=32 revoked_balls=0 expired_views=0 evicted_views=122 radius=0.580 clearance=0.500 best_prefix=8.072
[depth_angular_controller-1] [INFO] [1790684455.941616875] [depth_angular_controller]: TRACKING
[depth_angular_controller-1] [INFO] [1790684456.084889190] [depth_angular_controller]: TARGET_HOLD
[depth_angular_controller-1] [INFO] [1790684456.884878537] [depth_angular_controller]: COMPUTE_DEADLINE
[depth_angular_controller-1] [INFO] [1790684456.884912110] [depth_angular_controller]: PAPER_BUILD reason=READY required=1.1460 best=8.0717 free=233 refined=0 tubes=103 revoked_tubes=0 proofs=128
[depth_angular_controller-1] [INFO] [1790684456.884922650] [depth_angular_controller]: PAPER_EVIDENCE retained=32 balls=32 revoked_balls=0 expired_views=0 evicted_views=126 radius=0.580 clearance=1.794 best_prefix=8.072
[depth_angular_controller-1] [INFO] [1790684456.947596028] [depth_angular_controller]: TARGET_HOLD
[depth_angular_controller-1] [INFO] [1790684458.042654272] [depth_angular_controller]: PAPER_BUILD reason=READY required=0.6498 best=8.0717 free=238 refined=0 tubes=106 revoked_tubes=0 proofs=128
[depth_angular_controller-1] [INFO] [1790684458.042693466] [depth_angular_controller]: PAPER_EVIDENCE retained=32 balls=32 revoked_balls=0 expired_views=0 evicted_views=130 radius=0.580 clearance=0.994 best_prefix=8.072
[depth_angular_controller-1] [INFO] [1790684458.649731543] [depth_angular_controller]: COMPUTE_DEADLINE
[position_cmd_to_twist-2] [INFO] [1790684459.013066373] [position_cmd_to_twist]: [PERF BRIDGE] run=iteration8_ego1p1_1 elapsed=78.88s received=1766 published=1655 fps(ros/wall)=27.29/25.57 controller_to_bridge_ms(mean/p50/p95/max)=27.718/16.667/116.667/883.333 bridge_process_ms(mean/p95/max)=0.109/0.148/1.975
[NAV] t=65.0s position=(-19.86,-1.62,6.34) yaw=8.7deg command=(1.05,0.44,-0.13) manual_active=1 collision_blocks=0
[depth_angular_controller-1] [INFO] [1790684459.096995859] [depth_angular_controller]: PAPER_BUILD reason=STATE_OUTSIDE_COMPONENT required=1.0336 best=8.0717 free=779 refined=1 tubes=109 revoked_tubes=0 proofs=128
[depth_angular_controller-1] [INFO] [1790684459.097031306] [depth_angular_controller]: PAPER_EVIDENCE retained=32 balls=32 revoked_balls=0 expired_views=0 evicted_views=133 radius=0.580 clearance=0.000 best_prefix=8.072
[depth_angular_controller-1] [INFO] [1790684459.801603750] [depth_angular_controller]: [PERF CTRL] run=iteration8_ego1p1_1 elapsed=79.78s callbacks=1771 commands=1770 guidance=1670 command_fps(ros/wall)=26.99/26.99 guidance_wall_fps=26.17 avoid_ms(mean/p50/p95/max)=20.076/0.525/81.966/797.200 cycle_ms(mean/p95/max)=37.056/101.310/814.617 depth_to_cmd_ms(mean/p95/max)=23.882/33.333/50.000 callback_to_publish_ms(mean/p95/max)=31.150/98.517/812.263
[depth_angular_controller-1] [INFO] [1790684459.862996766] [depth_angular_controller]: TARGET_HOLD
[depth_angular_controller-1] [INFO] [1790684460.167549539] [depth_angular_controller]: COMPUTE_DEADLINE
[depth_angular_controller-1] [INFO] [1790684460.167583854] [depth_angular_controller]: PAPER_BUILD reason=READY required=0.0389 best=8.0717 free=1037 refined=1 tubes=111 revoked_tubes=0 proofs=128
[depth_angular_controller-1] [INFO] [1790684460.167594394] [depth_angular_controller]: PAPER_EVIDENCE retained=32 balls=32 revoked_balls=0 expired_views=0 evicted_views=137 radius=0.580 clearance=0.500 best_prefix=8.072
[depth_angular_controller-1] [INFO] [1790684460.235097786] [depth_angular_controller]: TARGET_HOLD
[depth_angular_controller-1] [INFO] [1790684460.395475901] [depth_angular_controller]: COMPUTE_DEADLINE
[depth_angular_controller-1] [INFO] [1790684460.414040969] [depth_angular_controller]: TARGET_HOLD
[depth_angular_controller-1] [INFO] [1790684460.518008618] [depth_angular_controller]: COMPUTE_DEADLINE
[depth_angular_controller-1] [INFO] [1790684460.592209298] [depth_angular_controller]: TARGET_HOLD
[depth_angular_controller-1] [INFO] [1790684460.725643041] [depth_angular_controller]: CERTIFIED_TRACKING
[depth_angular_controller-1] [INFO] [1790684460.818534134] [depth_angular_controller]: TARGET_HOLD
[depth_angular_controller-1] [INFO] [1790684461.305172237] [depth_angular_controller]: COMPUTE_DEADLINE
[depth_angular_controller-1] [INFO] [1790684461.305207653] [depth_angular_controller]: PAPER_BUILD reason=READY required=0.1941 best=8.0717 free=914 refined=1 tubes=111 revoked_tubes=0 proofs=128
[depth_angular_controller-1] [INFO] [1790684461.305217021] [depth_angular_controller]: PAPER_EVIDENCE retained=32 balls=32 revoked_balls=0 expired_views=0 evicted_views=141 radius=0.580 clearance=0.500 best_prefix=8.072
[depth_angular_controller-1] [INFO] [1790684461.613651719] [depth_angular_controller]: TARGET_HOLD
[depth_angular_controller-1] [INFO] [1790684461.887820626] [depth_angular_controller]: COMPUTE_DEADLINE
[depth_angular_controller-1] [INFO] [1790684461.910470319] [depth_angular_controller]: TARGET_HOLD
[depth_angular_controller-1] [INFO] [1790684462.008114421] [depth_angular_controller]: COMPUTE_DEADLINE
[depth_angular_controller-1] [INFO] [1790684462.125031650] [depth_angular_controller]: TARGET_HOLD
[depth_angular_controller-1] [INFO] [1790684462.217566265] [depth_angular_controller]: COMPUTE_DEADLINE
[depth_angular_controller-1] [INFO] [1790684462.241377087] [depth_angular_controller]: TARGET_HOLD
[depth_angular_controller-1] [INFO] [1790684462.322892383] [depth_angular_controller]: COMPUTE_DEADLINE
[depth_angular_controller-1] [INFO] [1790684462.322922038] [depth_angular_controller]: PAPER_BUILD reason=READY required=0.0229 best=8.0717 free=199 refined=0 tubes=112 revoked_tubes=0 proofs=128
[depth_angular_controller-1] [INFO] [1790684462.322931707] [depth_angular_controller]: PAPER_EVIDENCE retained=32 balls=32 revoked_balls=0 expired_views=0 evicted_views=145 radius=0.580 clearance=0.500 best_prefix=8.072
[depth_angular_controller-1] [INFO] [1790684462.346160737] [depth_angular_controller]: TARGET_HOLD
[depth_angular_controller-1] [INFO] [1790684462.434152466] [depth_angular_controller]: COMPUTE_DEADLINE
[depth_angular_controller-1] [INFO] [1790684462.455856665] [depth_angular_controller]: TARGET_HOLD
[depth_angular_controller-1] [INFO] [1790684462.647802488] [depth_angular_controller]: COMPUTE_DEADLINE
[depth_angular_controller-1] [INFO] [1790684462.671520896] [depth_angular_controller]: TARGET_HOLD
[depth_angular_controller-1] [INFO] [1790684462.783114665] [depth_angular_controller]: COMPUTE_DEADLINE
[depth_angular_controller-1] [INFO] [1790684462.807857035] [depth_angular_controller]: TARGET_HOLD
[depth_angular_controller-1] [INFO] [1790684463.035259684] [depth_angular_controller]: COMPUTE_DEADLINE
[depth_angular_controller-1] [INFO] [1790684463.061321229] [depth_angular_controller]: TARGET_HOLD
[depth_angular_controller-1] [INFO] [1790684463.149967697] [depth_angular_controller]: COMPUTE_DEADLINE
[depth_angular_controller-1] [INFO] [1790684463.274525324] [depth_angular_controller]: TARGET_HOLD
[depth_angular_controller-1] [INFO] [1790684463.274556943] [depth_angular_controller]: PAPER_BUILD reason=READY required=0.0415 best=8.0717 free=195 refined=0 tubes=112 revoked_tubes=0 proofs=128
[depth_angular_controller-1] [INFO] [1790684463.274566271] [depth_angular_controller]: PAPER_EVIDENCE retained=32 balls=32 revoked_balls=0 expired_views=0 evicted_views=145 radius=0.580 clearance=0.500 best_prefix=8.072
[depth_angular_controller-1] [INFO] [1790684463.497476640] [depth_angular_controller]: COMPUTE_DEADLINE
[depth_angular_controller-1] [INFO] [1790684463.524931480] [depth_angular_controller]: TARGET_HOLD
[depth_angular_controller-1] [INFO] [1790684463.609532677] [depth_angular_controller]: COMPUTE_DEADLINE
[depth_angular_controller-1] [INFO] [1790684463.681323825] [depth_angular_controller]: TARGET_HOLD
[depth_angular_controller-1] [INFO] [1790684463.877836017] [depth_angular_controller]: COMPUTE_DEADLINE
[depth_angular_controller-1] [INFO] [1790684463.905317958] [depth_angular_controller]: TARGET_HOLD
[position_cmd_to_twist-2] [INFO] [1790684463.929382956] [position_cmd_to_twist]: [PERF BRIDGE] run=iteration8_ego1p1_1 elapsed=83.80s received=1845 published=1726 fps(ros/wall)=26.40/24.76 controller_to_bridge_ms(mean/p50/p95/max)=29.241/16.667/116.667/883.333 bridge_process_ms(mean/p95/max)=0.110/0.148/1.975
[depth_angular_controller-1] [INFO] [1790684463.993718504] [depth_angular_controller]: COMPUTE_DEADLINE
[NAV] t=70.0s position=(-18.74,-1.22,6.25) yaw=8.5deg command=(0.11,0.03,0.01) manual_active=1 collision_blocks=0
[depth_angular_controller-1] [INFO] [1790684464.114396400] [depth_angular_controller]: TARGET_HOLD
[depth_angular_controller-1] [INFO] [1790684464.218219859] [depth_angular_controller]: CERTIFIED_DIRECT
[depth_angular_controller-1] [INFO] [1790684464.276279089] [depth_angular_controller]: PAPER_BUILD reason=CERTIFIED_INTENT_CORRIDOR required=0.0162 best=6.0662 free=0 refined=0 tubes=113 revoked_tubes=0 proofs=128
[depth_angular_controller-1] [INFO] [1790684464.276317110] [depth_angular_controller]: PAPER_EVIDENCE retained=32 balls=32 revoked_balls=0 expired_views=0 evicted_views=147 radius=0.580 clearance=6.066 best_prefix=8.072
[depth_angular_controller-1] [INFO] [1790684464.808323518] [depth_angular_controller]: [PERF CTRL] run=iteration8_ego1p1_1 elapsed=84.79s callbacks=1870 commands=1869 guidance=1769 command_fps(ros/wall)=26.40/26.47 guidance_wall_fps=25.71 avoid_ms(mean/p50/p95/max)=20.549/0.607/81.959/797.200 cycle_ms(mean/p95/max)=37.772/100.989/814.617 depth_to_cmd_ms(mean/p95/max)=23.601/33.333/50.000 callback_to_publish_ms(mean/p95/max)=32.134/98.466/812.263
[depth_angular_controller-1] [INFO] [1790684465.463692570] [depth_angular_controller]: PAPER_BUILD reason=CERTIFIED_INTENT_CORRIDOR required=0.7906 best=6.8406 free=0 refined=0 tubes=115 revoked_tubes=0 proofs=128
[depth_angular_controller-1] [INFO] [1790684465.463736082] [depth_angular_controller]: PAPER_EVIDENCE retained=32 balls=32 revoked_balls=0 expired_views=0 evicted_views=151 radius=0.580 clearance=6.841 best_prefix=8.072
[depth_angular_controller-1] [INFO] [1790684465.803720033] [depth_angular_controller]: COMPUTE_DEADLINE
[depth_angular_controller-1] [INFO] [1790684466.370876331] [depth_angular_controller]: CERTIFIED_DIRECT
[depth_angular_controller-1] [INFO] [1790684466.486520421] [depth_angular_controller]: PAPER_BUILD reason=CERTIFIED_INTENT_CORRIDOR required=0.1537 best=6.2037 free=0 refined=0 tubes=118 revoked_tubes=0 proofs=128
[depth_angular_controller-1] [INFO] [1790684466.486556949] [depth_angular_controller]: PAPER_EVIDENCE retained=32 balls=32 revoked_balls=0 expired_views=0 evicted_views=155 radius=0.580 clearance=6.204 best_prefix=8.072
[depth_angular_controller-1] [INFO] [1790684467.384896935] [depth_angular_controller]: COMPUTE_DEADLINE
[depth_angular_controller-1] [INFO] [1790684467.508665030] [depth_angular_controller]: PAPER_BUILD reason=READY required=0.0100 best=8.0717 free=52 refined=0 tubes=118 revoked_tubes=0 proofs=128
[depth_angular_controller-1] [INFO] [1790684467.508704864] [depth_angular_controller]: PAPER_EVIDENCE retained=32 balls=32 revoked_balls=0 expired_views=0 evicted_views=159 radius=0.580 clearance=0.500 best_prefix=8.072
[depth_angular_controller-1] [INFO] [1790684467.766682859] [depth_angular_controller]: TARGET_HOLD
[depth_angular_controller-1] [INFO] [1790684467.913658313] [depth_angular_controller]: COMPUTE_DEADLINE
[depth_angular_controller-1] [INFO] [1790684468.409318125] [depth_angular_controller]: PAPER_BUILD reason=READY required=0.0100 best=8.0717 free=53 refined=0 tubes=119 revoked_tubes=0 proofs=128
[depth_angular_controller-1] [INFO] [1790684468.409360345] [depth_angular_controller]: PAPER_EVIDENCE retained=32 balls=32 revoked_balls=0 expired_views=0 evicted_views=159 radius=0.580 clearance=0.500 best_prefix=8.072
[position_cmd_to_twist-2] [INFO] [1790684468.860867333] [position_cmd_to_twist]: [PERF BRIDGE] run=iteration8_ego1p1_1 elapsed=88.73s received=1921 published=1788 fps(ros/wall)=25.71/23.97 controller_to_bridge_ms(mean/p50/p95/max)=30.557/16.667/116.667/883.333 bridge_process_ms(mean/p95/max)=0.111/0.148/1.975
[NAV] t=75.0s position=(-16.87,-0.93,6.18) yaw=8.5deg command=(0.00,0.00,0.00) manual_active=1 collision_blocks=0
[depth_angular_controller-1] [INFO] [1790684469.290339101] [depth_angular_controller]: PAPER_BUILD reason=READY required=0.0100 best=8.0717 free=53 refined=0 tubes=119 revoked_tubes=0 proofs=128
[depth_angular_controller-1] [INFO] [1790684469.290383985] [depth_angular_controller]: PAPER_EVIDENCE retained=32 balls=32 revoked_balls=0 expired_views=0 evicted_views=159 radius=0.580 clearance=0.500 best_prefix=8.072
[depth_angular_controller-1] [INFO] [1790684469.902088068] [depth_angular_controller]: [PERF CTRL] run=iteration8_ego1p1_1 elapsed=89.88s callbacks=1931 commands=1930 guidance=1830 command_fps(ros/wall)=25.38/25.50 guidance_wall_fps=24.76 avoid_ms(mean/p50/p95/max)=21.653/0.673/84.465/797.200 cycle_ms(mean/p95/max)=39.218/106.614/814.617 depth_to_cmd_ms(mean/p95/max)=23.434/33.333/50.000 callback_to_publish_ms(mean/p95/max)=33.653/100.734/812.263
[depth_angular_controller-1] [INFO] [1790684469.926693511] [depth_angular_controller]: TARGET_HOLD
[depth_angular_controller-1] [INFO] [1790684470.048077462] [depth_angular_controller]: COMPUTE_DEADLINE
[depth_angular_controller-1] [INFO] [1790684470.218536074] [depth_angular_controller]: TARGET_HOLD
[depth_angular_controller-1] [INFO] [1790684470.350098806] [depth_angular_controller]: COMPUTE_DEADLINE
[depth_angular_controller-1] [INFO] [1790684470.350137328] [depth_angular_controller]: PAPER_BUILD reason=READY required=0.0100 best=8.0717 free=53 refined=0 tubes=119 revoked_tubes=0 proofs=128
[depth_angular_controller-1] [INFO] [1790684470.350148188] [depth_angular_controller]: PAPER_EVIDENCE retained=32 balls=32 revoked_balls=0 expired_views=0 evicted_views=159 radius=0.580 clearance=0.500 best_prefix=8.072
[depth_angular_controller-1] [INFO] [1790684471.197978090] [depth_angular_controller]: PAPER_BUILD reason=READY required=0.0100 best=8.0717 free=52 refined=0 tubes=119 revoked_tubes=0 proofs=128
[depth_angular_controller-1] [INFO] [1790684471.198020289] [depth_angular_controller]: PAPER_EVIDENCE retained=32 balls=32 revoked_balls=0 expired_views=0 evicted_views=159 radius=0.580 clearance=0.500 best_prefix=8.072
[depth_angular_controller-1] [INFO] [1790684471.859754936] [depth_angular_controller]: TARGET_HOLD
[depth_angular_controller-1] [INFO] [1790684471.989941255] [depth_angular_controller]: COMPUTE_DEADLINE
[depth_angular_controller-1] [INFO] [1790684472.123921153] [depth_angular_controller]: PAPER_BUILD reason=READY required=0.0100 best=8.0717 free=53 refined=0 tubes=119 revoked_tubes=0 proofs=128
[depth_angular_controller-1] [INFO] [1790684472.123965957] [depth_angular_controller]: PAPER_EVIDENCE retained=32 balls=32 revoked_balls=0 expired_views=0 evicted_views=159 radius=0.580 clearance=0.500 best_prefix=8.072
[depth_angular_controller-1] [INFO] [1790684473.032918537] [depth_angular_controller]: PAPER_BUILD reason=READY required=0.0100 best=8.0717 free=53 refined=0 tubes=119 revoked_tubes=0 proofs=128
[depth_angular_controller-1] [INFO] [1790684473.032959454] [depth_angular_controller]: PAPER_EVIDENCE retained=32 balls=32 revoked_balls=0 expired_views=0 evicted_views=159 radius=0.580 clearance=0.500 best_prefix=8.072
[position_cmd_to_twist-2] [INFO] [1790684473.210203648] [position_cmd_to_twist]: [PERF BRIDGE] run=iteration8_ego1p1_1 elapsed=93.08s received=1957 published=1794 fps(ros/wall)=24.54/22.72 controller_to_bridge_ms(mean/p50/p95/max)=32.550/16.667/116.667/883.333 bridge_process_ms(mean/p95/max)=0.111/0.148/1.975
[NAV] t=80.0s position=(-16.86,-0.93,6.18) yaw=8.5deg command=(0.00,0.00,0.00) manual_active=1 collision_blocks=0
[depth_angular_controller-1] [INFO] [1790684473.955692323] [depth_angular_controller]: PAPER_BUILD reason=READY required=0.0100 best=8.0717 free=53 refined=0 tubes=119 revoked_tubes=0 proofs=128
[depth_angular_controller-1] [INFO] [1790684473.955730795] [depth_angular_controller]: PAPER_EVIDENCE retained=32 balls=32 revoked_balls=0 expired_views=0 evicted_views=159 radius=0.580 clearance=0.500 best_prefix=8.072
[depth_angular_controller-1] [INFO] [1790684474.849590433] [depth_angular_controller]: PAPER_BUILD reason=READY required=0.0100 best=8.0717 free=53 refined=0 tubes=119 revoked_tubes=0 proofs=128
[depth_angular_controller-1] [INFO] [1790684474.849630488] [depth_angular_controller]: PAPER_EVIDENCE retained=32 balls=32 revoked_balls=0 expired_views=0 evicted_views=159 radius=0.580 clearance=0.500 best_prefix=8.072
[depth_angular_controller-1] [INFO] [1790684474.981870120] [depth_angular_controller]: [PERF CTRL] run=iteration8_ego1p1_1 elapsed=94.96s callbacks=1972 commands=1971 guidance=1871 command_fps(ros/wall)=24.07/24.40 guidance_wall_fps=23.69 avoid_ms(mean/p50/p95/max)=23.336/0.705/96.246/797.200 cycle_ms(mean/p95/max)=40.981/122.235/814.617 depth_to_cmd_ms(mean/p95/max)=23.303/33.333/50.000 callback_to_publish_ms(mean/p95/max)=35.516/113.862/812.263
[depth_angular_controller-1] [INFO] [1790684475.776158249] [depth_angular_controller]: PAPER_BUILD reason=READY required=0.0100 best=8.0717 free=53 refined=0 tubes=119 revoked_tubes=0 proofs=128
[depth_angular_controller-1] [INFO] [1790684475.776198895] [depth_angular_controller]: PAPER_EVIDENCE retained=32 balls=32 revoked_balls=0 expired_views=0 evicted_views=159 radius=0.580 clearance=0.500 best_prefix=8.072
[depth_angular_controller-1] [INFO] [1790684475.918478838] [depth_angular_controller]: TARGET_HOLD
[depth_angular_controller-1] [INFO] [1790684476.055568972] [depth_angular_controller]: COMPUTE_DEADLINE
[depth_angular_controller-1] [INFO] [1790684476.080722434] [depth_angular_controller]: TARGET_HOLD
[depth_angular_controller-1] [INFO] [1790684476.261237686] [depth_angular_controller]: COMPUTE_DEADLINE
[depth_angular_controller-1] [INFO] [1790684476.280664802] [depth_angular_controller]: TARGET_HOLD
[depth_angular_controller-1] [INFO] [1790684476.458810378] [depth_angular_controller]: COMPUTE_DEADLINE
[depth_angular_controller-1] [INFO] [1790684476.849986584] [depth_angular_controller]: PAPER_BUILD reason=READY required=0.0100 best=8.0717 free=53 refined=0 tubes=119 revoked_tubes=0 proofs=128
[depth_angular_controller-1] [INFO] [1790684476.850028923] [depth_angular_controller]: PAPER_EVIDENCE retained=32 balls=32 revoked_balls=0 expired_views=0 evicted_views=159 radius=0.580 clearance=0.500 best_prefix=8.072
[position_cmd_to_twist-2] [INFO] [1790684477.588713800] [position_cmd_to_twist]: [PERF BRIDGE] run=iteration8_ego1p1_1 elapsed=97.46s received=1995 published=1804 fps(ros/wall)=23.56/21.66 controller_to_bridge_ms(mean/p50/p95/max)=34.394/16.667/133.333/883.333 bridge_process_ms(mean/p95/max)=0.111/0.148/1.975
[NAV] t=85.0s position=(-16.84,-0.93,6.19) yaw=8.5deg command=(0.00,0.00,0.00) manual_active=1 collision_blocks=0
[depth_angular_controller-1] [INFO] [1790684477.761424487] [depth_angular_controller]: TARGET_HOLD
[depth_angular_controller-1] [INFO] [1790684477.761464142] [depth_angular_controller]: PAPER_BUILD reason=READY required=0.0100 best=8.0717 free=53 refined=0 tubes=119 revoked_tubes=0 proofs=128
[depth_angular_controller-1] [INFO] [1790684477.761476124] [depth_angular_controller]: PAPER_EVIDENCE retained=32 balls=32 revoked_balls=0 expired_views=0 evicted_views=159 radius=0.580 clearance=0.500 best_prefix=8.072
[depth_angular_controller-1] [INFO] [1790684477.951727588] [depth_angular_controller]: COMPUTE_DEADLINE
[depth_angular_controller-1] [INFO] [1790684477.970326669] [depth_angular_controller]: TARGET_HOLD
[depth_angular_controller-1] [INFO] [1790684478.107285617] [depth_angular_controller]: COMPUTE_DEADLINE
[depth_angular_controller-1] [INFO] [1790684478.132180934] [depth_angular_controller]: TARGET_HOLD
[depth_angular_controller-1] [INFO] [1790684478.262105252] [depth_angular_controller]: COMPUTE_DEADLINE
[depth_angular_controller-1] [INFO] [1790684478.640689558] [depth_angular_controller]: TARGET_HOLD
[depth_angular_controller-1] [INFO] [1790684478.755861462] [depth_angular_controller]: COMPUTE_DEADLINE
[depth_angular_controller-1] [INFO] [1790684478.933934812] [depth_angular_controller]: PAPER_BUILD reason=READY required=0.0142 best=8.0717 free=69 refined=0 tubes=120 revoked_tubes=0 proofs=128
[depth_angular_controller-1] [INFO] [1790684478.933978745] [depth_angular_controller]: PAPER_EVIDENCE retained=32 balls=32 revoked_balls=0 expired_views=0 evicted_views=159 radius=0.580 clearance=0.500 best_prefix=8.072
[depth_angular_controller-1] [INFO] [1790684479.073225336] [depth_angular_controller]: TARGET_HOLD
[depth_angular_controller-1] [INFO] [1790684479.238740110] [depth_angular_controller]: COMPUTE_DEADLINE
[depth_angular_controller-1] [INFO] [1790684479.891574586] [depth_angular_controller]: PAPER_BUILD reason=READY required=0.0100 best=8.0717 free=53 refined=0 tubes=120 revoked_tubes=0 proofs=128
[depth_angular_controller-1] [INFO] [1790684479.892070516] [depth_angular_controller]: PAPER_EVIDENCE retained=32 balls=32 revoked_balls=0 expired_views=0 evicted_views=159 radius=0.580 clearance=0.500 best_prefix=8.072
[depth_angular_controller-1] [INFO] [1790684480.022545367] [depth_angular_controller]: [PERF CTRL] run=iteration8_ego1p1_1 elapsed=100.00s callbacks=2020 commands=2019 guidance=1919 command_fps(ros/wall)=23.12/23.53 guidance_wall_fps=22.84 avoid_ms(mean/p50/p95/max)=24.700/0.738/101.277/797.200 cycle_ms(mean/p95/max)=42.504/127.623/814.617 depth_to_cmd_ms(mean/p95/max)=23.198/33.333/50.000 callback_to_publish_ms(mean/p95/max)=37.103/124.751/812.263
[depth_angular_controller-1] [INFO] [1790684480.801007397] [depth_angular_controller]: PAPER_BUILD reason=READY required=0.0100 best=8.0717 free=53 refined=0 tubes=120 revoked_tubes=0 proofs=128
[depth_angular_controller-1] [INFO] [1790684480.801045689] [depth_angular_controller]: PAPER_EVIDENCE retained=32 balls=32 revoked_balls=0 expired_views=0 evicted_views=159 radius=0.580 clearance=0.500 best_prefix=8.072
[depth_angular_controller-1] [INFO] [1790684481.715112175] [depth_angular_controller]: PAPER_BUILD reason=READY required=0.0100 best=8.0717 free=53 refined=0 tubes=120 revoked_tubes=0 proofs=128
[depth_angular_controller-1] [INFO] [1790684481.715158011] [depth_angular_controller]: PAPER_EVIDENCE retained=32 balls=32 revoked_balls=0 expired_views=0 evicted_views=159 radius=0.580 clearance=0.500 best_prefix=8.072
[depth_angular_controller-1] [INFO] [1790684481.871913468] [depth_angular_controller]: TARGET_HOLD
[depth_angular_controller-1] [INFO] [1790684482.001982698] [depth_angular_controller]: COMPUTE_DEADLINE
[position_cmd_to_twist-2] [INFO] [1790684482.203346383] [position_cmd_to_twist]: [PERF BRIDGE] run=iteration8_ego1p1_1 elapsed=102.07s received=2035 published=1817 fps(ros/wall)=22.72/20.69 controller_to_bridge_ms(mean/p50/p95/max)=36.093/16.667/150.000/883.333 bridge_process_ms(mean/p95/max)=0.111/0.148/1.975
[NAV] t=90.0s position=(-16.82,-0.93,6.19) yaw=8.5deg command=(0.00,0.00,0.00) manual_active=1 collision_blocks=0
[depth_angular_controller-1] [INFO] [1790684482.739730877] [depth_angular_controller]: PAPER_BUILD reason=READY required=0.0100 best=8.0717 free=54 refined=0 tubes=120 revoked_tubes=0 proofs=128
[depth_angular_controller-1] [INFO] [1790684482.739770411] [depth_angular_controller]: PAPER_EVIDENCE retained=32 balls=32 revoked_balls=0 expired_views=0 evicted_views=159 radius=0.580 clearance=0.500 best_prefix=8.072
[depth_angular_controller-1] [INFO] [1790684483.217748773] [depth_angular_controller]: TARGET_HOLD
[depth_angular_controller-1] [INFO] [1790684483.355337073] [depth_angular_controller]: COMPUTE_DEADLINE
[depth_angular_controller-1] [INFO] [1790684483.812291533] [depth_angular_controller]: PAPER_BUILD reason=READY required=0.0100 best=8.0717 free=54 refined=0 tubes=121 revoked_tubes=0 proofs=128
[depth_angular_controller-1] [INFO] [1790684483.812327140] [depth_angular_controller]: PAPER_EVIDENCE retained=32 balls=32 revoked_balls=0 expired_views=0 evicted_views=159 radius=0.580 clearance=0.500 best_prefix=8.072
[depth_angular_controller-1] [INFO] [1790684483.840566021] [depth_angular_controller]: TARGET_HOLD
[depth_angular_controller-1] [INFO] [1790684483.996620492] [depth_angular_controller]: COMPUTE_DEADLINE
[depth_angular_controller-1] [INFO] [1790684484.753876399] [depth_angular_controller]: PAPER_BUILD reason=READY required=0.0100 best=8.0717 free=55 refined=0 tubes=121 revoked_tubes=0 proofs=128
[depth_angular_controller-1] [INFO] [1790684484.753912106] [depth_angular_controller]: PAPER_EVIDENCE retained=32 balls=32 revoked_balls=0 expired_views=0 evicted_views=159 radius=0.580 clearance=0.500 best_prefix=8.072
[depth_angular_controller-1] [INFO] [1790684485.049134691] [depth_angular_controller]: [PERF CTRL] run=iteration8_ego1p1_1 elapsed=105.03s callbacks=2057 commands=2056 guidance=1956 command_fps(ros/wall)=22.11/22.63 guidance_wall_fps=21.96 avoid_ms(mean/p50/p95/max)=26.288/0.777/103.599/797.200 cycle_ms(mean/p95/max)=44.185/130.310/814.617 depth_to_cmd_ms(mean/p95/max)=23.108/33.333/50.000 callback_to_publish_ms(mean/p95/max)=38.871/128.901/812.263
[depth_angular_controller-1] [INFO] [1790684485.661713195] [depth_angular_controller]: PAPER_BUILD reason=READY required=0.0100 best=8.0717 free=55 refined=0 tubes=121 revoked_tubes=0 proofs=128
[depth_angular_controller-1] [INFO] [1790684485.661753931] [depth_angular_controller]: PAPER_EVIDENCE retained=32 balls=32 revoked_balls=0 expired_views=0 evicted_views=159 radius=0.580 clearance=0.500 best_prefix=8.072
[depth_angular_controller-1] [INFO] [1790684485.973612474] [depth_angular_controller]: TARGET_HOLD
[depth_angular_controller-1] [INFO] [1790684486.128150570] [depth_angular_controller]: COMPUTE_DEADLINE
[depth_angular_controller-1] [INFO] [1790684486.557722667] [depth_angular_controller]: PAPER_BUILD reason=READY required=0.0100 best=8.0717 free=56 refined=0 tubes=121 revoked_tubes=0 proofs=128
[depth_angular_controller-1] [INFO] [1790684486.557764365] [depth_angular_controller]: PAPER_EVIDENCE retained=32 balls=32 revoked_balls=0 expired_views=0 evicted_views=159 radius=0.580 clearance=0.500 best_prefix=8.072
[position_cmd_to_twist-2] [INFO] [1790684486.595390351] [position_cmd_to_twist]: [PERF BRIDGE] run=iteration8_ego1p1_1 elapsed=106.46s received=2067 published=1824 fps(ros/wall)=21.82/19.75 controller_to_bridge_ms(mean/p50/p95/max)=38.042/16.667/150.000/883.333 bridge_process_ms(mean/p95/max)=0.111/0.148/1.975
[NAV] t=95.0s position=(-16.81,-0.92,6.20) yaw=8.5deg command=(0.00,0.00,0.00) manual_active=1 collision_blocks=0
[depth_angular_controller-1] [INFO] [1790684487.421971980] [depth_angular_controller]: PAPER_BUILD reason=READY required=0.0100 best=8.0717 free=56 refined=0 tubes=121 revoked_tubes=0 proofs=128
[depth_angular_controller-1] [INFO] [1790684487.422049285] [depth_angular_controller]: PAPER_EVIDENCE retained=32 balls=32 revoked_balls=0 expired_views=0 evicted_views=159 radius=0.580 clearance=0.500 best_prefix=8.072
[depth_angular_controller-1] [INFO] [1790684488.427245469] [depth_angular_controller]: PAPER_BUILD reason=READY required=0.0100 best=8.0717 free=56 refined=0 tubes=121 revoked_tubes=0 proofs=128
[depth_angular_controller-1] [INFO] [1790684488.427285825] [depth_angular_controller]: PAPER_EVIDENCE retained=32 balls=32 revoked_balls=0 expired_views=0 evicted_views=159 radius=0.580 clearance=0.500 best_prefix=8.072
[depth_angular_controller-1] [INFO] [1790684489.291444568] [depth_angular_controller]: PAPER_BUILD reason=READY required=0.0100 best=8.0717 free=56 refined=0 tubes=121 revoked_tubes=0 proofs=128
[depth_angular_controller-1] [INFO] [1790684489.291482269] [depth_angular_controller]: PAPER_EVIDENCE retained=32 balls=32 revoked_balls=0 expired_views=0 evicted_views=159 radius=0.580 clearance=0.500 best_prefix=8.072
[depth_angular_controller-1] [INFO] [1790684490.158815358] [depth_angular_controller]: [PERF CTRL] run=iteration8_ego1p1_1 elapsed=110.14s callbacks=2093 commands=2092 guidance=1992 command_fps(ros/wall)=21.11/21.80 guidance_wall_fps=21.15 avoid_ms(mean/p50/p95/max)=27.854/0.840/108.033/797.200 cycle_ms(mean/p95/max)=45.868/134.192/814.617 depth_to_cmd_ms(mean/p95/max)=23.009/33.333/50.000 callback_to_publish_ms(mean/p95/max)=40.636/131.594/812.263
[depth_angular_controller-1] [INFO] [1790684490.158874650] [depth_angular_controller]: PAPER_BUILD reason=READY required=0.0100 best=8.0717 free=56 refined=0 tubes=121 revoked_tubes=0 proofs=128
[depth_angular_controller-1] [INFO] [1790684490.158882895] [depth_angular_controller]: PAPER_EVIDENCE retained=32 balls=32 revoked_balls=0 expired_views=0 evicted_views=159 radius=0.580 clearance=0.500 best_prefix=8.072
[position_cmd_to_twist-2] [INFO] [1790684490.722220407] [position_cmd_to_twist]: [PERF BRIDGE] run=iteration8_ego1p1_1 elapsed=110.59s received=2095 published=1824 fps(ros/wall)=21.03/18.92 controller_to_bridge_ms(mean/p50/p95/max)=39.873/16.667/166.667/883.333 bridge_process_ms(mean/p95/max)=0.111/0.148/1.975
[NAV] t=100.0s position=(-16.81,-0.92,6.20) yaw=8.5deg command=(0.00,0.00,0.00) manual_active=1 collision_blocks=0
[depth_angular_controller-1] [INFO] [1790684491.031653939] [depth_angular_controller]: PAPER_BUILD reason=READY required=0.0100 best=8.0717 free=56 refined=0 tubes=121 revoked_tubes=0 proofs=128
[depth_angular_controller-1] [INFO] [1790684491.031694976] [depth_angular_controller]: PAPER_EVIDENCE retained=32 balls=32 revoked_balls=0 expired_views=0 evicted_views=159 radius=0.580 clearance=0.500 best_prefix=8.072
[depth_angular_controller-1] [INFO] [1790684491.885112954] [depth_angular_controller]: PAPER_BUILD reason=READY required=0.0100 best=8.0717 free=56 refined=0 tubes=121 revoked_tubes=0 proofs=128
[depth_angular_controller-1] [INFO] [1790684491.885153410] [depth_angular_controller]: PAPER_EVIDENCE retained=32 balls=32 revoked_balls=0 expired_views=0 evicted_views=159 radius=0.580 clearance=0.500 best_prefix=8.072
[depth_angular_controller-1] [INFO] [1790684492.756591092] [depth_angular_controller]: PAPER_BUILD reason=READY required=0.0100 best=8.0717 free=56 refined=0 tubes=121 revoked_tubes=0 proofs=128
[depth_angular_controller-1] [INFO] [1790684492.756631468] [depth_angular_controller]: PAPER_EVIDENCE retained=32 balls=32 revoked_balls=0 expired_views=0 evicted_views=159 radius=0.580 clearance=0.500 best_prefix=8.072
[depth_angular_controller-1] [INFO] [1790684493.623604311] [depth_angular_controller]: PAPER_BUILD reason=READY required=0.0100 best=8.0717 free=56 refined=0 tubes=121 revoked_tubes=0 proofs=128
[depth_angular_controller-1] [INFO] [1790684493.623699209] [depth_angular_controller]: PAPER_EVIDENCE retained=32 balls=32 revoked_balls=0 expired_views=0 evicted_views=159 radius=0.580 clearance=0.500 best_prefix=8.072
[depth_angular_controller-1] [INFO] [1790684494.614337946] [depth_angular_controller]: PAPER_BUILD reason=READY required=0.0100 best=8.0717 free=56 refined=0 tubes=121 revoked_tubes=0 proofs=128
[depth_angular_controller-1] [INFO] [1790684494.614390154] [depth_angular_controller]: PAPER_EVIDENCE retained=32 balls=32 revoked_balls=0 expired_views=0 evicted_views=159 radius=0.580 clearance=0.500 best_prefix=8.072
[depth_angular_controller-1] [INFO] [1790684494.766644775] [depth_angular_controller]: TARGET_HOLD
[depth_angular_controller-1] [INFO] [1790684494.928397099] [depth_angular_controller]: COMPUTE_DEADLINE
[position_cmd_to_twist-2] [INFO] [1790684494.940667805] [position_cmd_to_twist]: [PERF BRIDGE] run=iteration8_ego1p1_1 elapsed=114.81s received=2127 published=1827 fps(ros/wall)=20.30/18.14 controller_to_bridge_ms(mean/p50/p95/max)=41.678/16.667/166.667/883.333 bridge_process_ms(mean/p95/max)=0.111/0.148/1.975
[NAV] t=105.0s position=(-16.81,-0.92,6.20) yaw=8.5deg command=(0.00,0.00,0.00) manual_active=1 collision_blocks=0
[depth_angular_controller-1] [INFO] [1790684495.226569960] [depth_angular_controller]: [PERF CTRL] run=iteration8_ego1p1_1 elapsed=115.21s callbacks=2130 commands=2129 guidance=2029 command_fps(ros/wall)=20.25/21.07 guidance_wall_fps=20.44 avoid_ms(mean/p50/p95/max)=29.330/0.889/114.192/797.200 cycle_ms(mean/p95/max)=47.452/142.029/814.617 depth_to_cmd_ms(mean/p95/max)=22.909/33.333/50.000 callback_to_publish_ms(mean/p95/max)=42.296/141.102/812.263
[depth_angular_controller-1] [INFO] [1790684495.516426676] [depth_angular_controller]: PAPER_BUILD reason=READY required=0.0100 best=8.0717 free=56 refined=0 tubes=121 revoked_tubes=0 proofs=128
[depth_angular_controller-1] [INFO] [1790684495.516467192] [depth_angular_controller]: PAPER_EVIDENCE retained=32 balls=32 revoked_balls=0 expired_views=0 evicted_views=159 radius=0.580 clearance=0.500 best_prefix=8.072
[depth_angular_controller-1] [INFO] [1790684496.388706138] [depth_angular_controller]: PAPER_BUILD reason=READY required=0.0100 best=8.0717 free=56 refined=0 tubes=121 revoked_tubes=0 proofs=128
[depth_angular_controller-1] [INFO] [1790684496.388749439] [depth_angular_controller]: PAPER_EVIDENCE retained=32 balls=32 revoked_balls=0 expired_views=0 evicted_views=159 radius=0.580 clearance=0.500 best_prefix=8.072
[depth_angular_controller-1] [INFO] [1790684496.973149265] [depth_angular_controller]: TARGET_HOLD
[depth_angular_controller-1] [INFO] [1790684497.112756052] [depth_angular_controller]: COMPUTE_DEADLINE
[depth_angular_controller-1] [INFO] [1790684497.404308079] [depth_angular_controller]: PAPER_BUILD reason=READY required=0.0100 best=8.0717 free=56 refined=0 tubes=121 revoked_tubes=0 proofs=128
[depth_angular_controller-1] [INFO] [1790684497.404343946] [depth_angular_controller]: PAPER_EVIDENCE retained=32 balls=32 revoked_balls=0 expired_views=0 evicted_views=159 radius=0.580 clearance=0.500 best_prefix=8.072
[depth_angular_controller-1] [INFO] [1790684498.281778973] [depth_angular_controller]: TARGET_HOLD
[depth_angular_controller-1] [INFO] [1790684498.281811504] [depth_angular_controller]: PAPER_BUILD reason=READY required=0.0100 best=8.0717 free=56 refined=0 tubes=121 revoked_tubes=0 proofs=128
[depth_angular_controller-1] [INFO] [1790684498.281822274] [depth_angular_controller]: PAPER_EVIDENCE retained=32 balls=32 revoked_balls=0 expired_views=0 evicted_views=159 radius=0.580 clearance=0.500 best_prefix=8.072
[depth_angular_controller-1] [INFO] [1790684498.424669902] [depth_angular_controller]: COMPUTE_DEADLINE
[depth_angular_controller-1] [INFO] [1790684498.455063367] [depth_angular_controller]: TARGET_HOLD
[depth_angular_controller-1] [INFO] [1790684498.598920179] [depth_angular_controller]: COMPUTE_DEADLINE
[depth_angular_controller-1] [INFO] [1790684498.900708385] [depth_angular_controller]: TARGET_HOLD
[depth_angular_controller-1] [INFO] [1790684499.071159792] [depth_angular_controller]: COMPUTE_DEADLINE
[position_cmd_to_twist-2] [INFO] [1790684499.330076428] [position_cmd_to_twist]: [PERF BRIDGE] run=iteration8_ego1p1_1 elapsed=119.20s received=2161 published=1836 fps(ros/wall)=19.71/17.48 controller_to_bridge_ms(mean/p50/p95/max)=43.267/16.667/166.667/883.333 bridge_process_ms(mean/p95/max)=0.111/0.148/1.975
[depth_angular_controller-1] [INFO] [1790684499.347631821] [depth_angular_controller]: PAPER_BUILD reason=READY required=0.0100 best=8.0717 free=56 refined=0 tubes=121 revoked_tubes=0 proofs=128
[depth_angular_controller-1] [INFO] [1790684499.347666937] [depth_angular_controller]: PAPER_EVIDENCE retained=32 balls=32 revoked_balls=0 expired_views=0 evicted_views=161 radius=0.580 clearance=0.500 best_prefix=8.072
[NAV] t=110.0s position=(-16.80,-0.92,6.20) yaw=8.5deg command=(0.00,0.00,0.00) manual_active=1 collision_blocks=0
[depth_angular_controller-1] [INFO] [1790684500.175845572] [depth_angular_controller]: PAPER_BUILD reason=READY required=0.0100 best=8.0717 free=56 refined=0 tubes=121 revoked_tubes=0 proofs=128
[depth_angular_controller-1] [INFO] [1790684500.175888453] [depth_angular_controller]: PAPER_EVIDENCE retained=32 balls=32 revoked_balls=0 expired_views=0 evicted_views=161 radius=0.580 clearance=0.500 best_prefix=8.072
[depth_angular_controller-1] [INFO] [1790684500.313647602] [depth_angular_controller]: [PERF CTRL] run=iteration8_ego1p1_1 elapsed=120.29s callbacks=2170 commands=2169 guidance=2069 command_fps(ros/wall)=19.54/20.44 guidance_wall_fps=19.83 avoid_ms(mean/p50/p95/max)=30.653/0.923/114.846/797.200 cycle_ms(mean/p95/max)=48.922/143.872/814.617 depth_to_cmd_ms(mean/p95/max)=22.821/33.333/50.000 callback_to_publish_ms(mean/p95/max)=43.840/142.396/812.263
[depth_angular_controller-1] [INFO] [1790684501.019125566] [depth_angular_controller]: TARGET_HOLD
[depth_angular_controller-1] [INFO] [1790684501.049083032] [depth_angular_controller]: PAPER_BUILD reason=READY required=0.0100 best=8.0717 free=56 refined=0 tubes=121 revoked_tubes=0 proofs=128
[depth_angular_controller-1] [INFO] [1790684501.049118969] [depth_angular_controller]: PAPER_EVIDENCE retained=32 balls=32 revoked_balls=0 expired_views=0 evicted_views=161 radius=0.580 clearance=0.500 best_prefix=8.072
[depth_angular_controller-1] [INFO] [1790684501.188398001] [depth_angular_controller]: COMPUTE_DEADLINE
[depth_angular_controller-1] [INFO] [1790684501.882139570] [depth_angular_controller]: PAPER_BUILD reason=READY required=0.0100 best=8.0717 free=56 refined=0 tubes=121 revoked_tubes=0 proofs=128
[depth_angular_controller-1] [INFO] [1790684501.882181068] [depth_angular_controller]: PAPER_EVIDENCE retained=32 balls=32 revoked_balls=0 expired_views=0 evicted_views=161 radius=0.580 clearance=0.500 best_prefix=8.072
[depth_angular_controller-1] [INFO] [1790684502.697688515] [depth_angular_controller]: PAPER_BUILD reason=READY required=0.0100 best=8.0717 free=56 refined=0 tubes=121 revoked_tubes=0 proofs=128
[depth_angular_controller-1] [INFO] [1790684502.697731496] [depth_angular_controller]: PAPER_EVIDENCE retained=32 balls=32 revoked_balls=0 expired_views=0 evicted_views=161 radius=0.580 clearance=0.500 best_prefix=8.072
[depth_angular_controller-1] [INFO] [1790684503.130771620] [depth_angular_controller]: TARGET_HOLD
[depth_angular_controller-1] [INFO] [1790684503.297520049] [depth_angular_controller]: COMPUTE_DEADLINE
[position_cmd_to_twist-2] [INFO] [1790684503.552944422] [position_cmd_to_twist]: [PERF BRIDGE] run=iteration8_ego1p1_1 elapsed=123.42s received=2194 published=1842 fps(ros/wall)=19.14/16.85 controller_to_bridge_ms(mean/p50/p95/max)=44.926/16.667/166.667/883.333 bridge_process_ms(mean/p95/max)=0.111/0.148/1.975
[NAV] t=115.0s position=(-16.79,-0.92,6.21) yaw=8.5deg command=(0.00,0.00,0.00) manual_active=1 collision_blocks=0
[depth_angular_controller-1] [INFO] [1790684503.629031482] [depth_angular_controller]: PAPER_BUILD reason=READY required=0.0100 best=8.0717 free=56 refined=0 tubes=122 revoked_tubes=0 proofs=128
[depth_angular_controller-1] [INFO] [1790684503.629071106] [depth_angular_controller]: PAPER_EVIDENCE retained=32 balls=32 revoked_balls=0 expired_views=0 evicted_views=161 radius=0.580 clearance=0.500 best_prefix=8.072
[depth_angular_controller-1] [INFO] [1790684503.779697401] [depth_angular_controller]: TARGET_HOLD
[depth_angular_controller-1] [INFO] [1790684503.917811908] [depth_angular_controller]: COMPUTE_DEADLINE
[depth_angular_controller-1] [INFO] [1790684504.599522882] [depth_angular_controller]: PAPER_BUILD reason=READY required=0.0100 best=8.0717 free=56 refined=0 tubes=122 revoked_tubes=0 proofs=128
[depth_angular_controller-1] [INFO] [1790684504.599570200] [depth_angular_controller]: PAPER_EVIDENCE retained=32 balls=32 revoked_balls=0 expired_views=0 evicted_views=161 radius=0.580 clearance=0.500 best_prefix=8.072
[depth_angular_controller-1] [INFO] [1790684505.413229780] [depth_angular_controller]: [PERF CTRL] run=iteration8_ego1p1_1 elapsed=125.39s callbacks=2210 commands=2209 guidance=2109 command_fps(ros/wall)=18.89/19.86 guidance_wall_fps=19.27 avoid_ms(mean/p50/p95/max)=31.927/0.955/114.846/797.200 cycle_ms(mean/p95/max)=50.346/143.888/814.617 depth_to_cmd_ms(mean/p95/max)=22.728/33.333/50.000 callback_to_publish_ms(mean/p95/max)=45.347/142.573/812.263
[depth_angular_controller-1] [INFO] [1790684505.552259384] [depth_angular_controller]: PAPER_BUILD reason=READY required=0.0100 best=8.0717 free=56 refined=0 tubes=122 revoked_tubes=0 proofs=128
[depth_angular_controller-1] [INFO] [1790684505.552297515] [depth_angular_controller]: PAPER_EVIDENCE retained=32 balls=32 revoked_balls=0 expired_views=0 evicted_views=161 radius=0.580 clearance=0.500 best_prefix=8.072
[depth_angular_controller-1] [INFO] [1790684506.122991261] [depth_angular_controller]: TARGET_HOLD
[depth_angular_controller-1] [INFO] [1790684506.259818091] [depth_angular_controller]: COMPUTE_DEADLINE
[depth_angular_controller-1] [INFO] [1790684506.549935737] [depth_angular_controller]: TARGET_HOLD
[depth_angular_controller-1] [INFO] [1790684506.549969400] [depth_angular_controller]: PAPER_BUILD reason=READY required=0.0100 best=8.0717 free=56 refined=0 tubes=122 revoked_tubes=0 proofs=128
[depth_angular_controller-1] [INFO] [1790684506.550340076] [depth_angular_controller]: PAPER_EVIDENCE retained=32 balls=32 revoked_balls=0 expired_views=0 evicted_views=161 radius=0.580 clearance=0.500 best_prefix=8.072
[depth_angular_controller-1] [INFO] [1790684506.669743640] [depth_angular_controller]: COMPUTE_DEADLINE
[depth_angular_controller-1] [INFO] [1790684506.698236649] [depth_angular_controller]: TARGET_HOLD
[depth_angular_controller-1] [INFO] [1790684506.833248693] [depth_angular_controller]: COMPUTE_DEADLINE
[depth_angular_controller-1] [INFO] [1790684507.486788603] [depth_angular_controller]: PAPER_BUILD reason=READY required=0.0100 best=8.0717 free=56 refined=0 tubes=122 revoked_tubes=0 proofs=128
[depth_angular_controller-1] [INFO] [1790684507.486827816] [depth_angular_controller]: PAPER_EVIDENCE retained=32 balls=32 revoked_balls=0 expired_views=0 evicted_views=161 radius=0.580 clearance=0.500 best_prefix=8.072
[position_cmd_to_twist-2] [INFO] [1790684508.003157767] [position_cmd_to_twist]: [PERF BRIDGE] run=iteration8_ego1p1_1 elapsed=127.87s received=2230 published=1850 fps(ros/wall)=18.64/16.27 controller_to_bridge_ms(mean/p50/p95/max)=46.413/16.667/166.667/883.333 bridge_process_ms(mean/p95/max)=0.111/0.148/1.975
[NAV] t=120.0s position=(-16.78,-0.92,6.21) yaw=8.5deg command=(0.00,0.00,0.00) manual_active=1 collision_blocks=0
[depth_angular_controller-1] [INFO] [1790684508.413135915] [depth_angular_controller]: PAPER_BUILD reason=READY required=0.0100 best=8.0717 free=56 refined=0 tubes=122 revoked_tubes=0 proofs=128
[depth_angular_controller-1] [INFO] [1790684508.413182041] [depth_angular_controller]: PAPER_EVIDENCE retained=32 balls=32 revoked_balls=0 expired_views=0 evicted_views=161 radius=0.580 clearance=0.500 best_prefix=8.072
[depth_angular_controller-1] [INFO] [1790684509.337718325] [depth_angular_controller]: PAPER_BUILD reason=READY required=0.0100 best=8.0717 free=56 refined=0 tubes=122 revoked_tubes=0 proofs=128
[depth_angular_controller-1] [INFO] [1790684509.337758600] [depth_angular_controller]: PAPER_EVIDENCE retained=32 balls=32 revoked_balls=0 expired_views=0 evicted_views=161 radius=0.580 clearance=0.500 best_prefix=8.072
[depth_angular_controller-1] [INFO] [1790684509.599590366] [depth_angular_controller]: TARGET_HOLD
[depth_angular_controller-1] [INFO] [1790684509.757241454] [depth_angular_controller]: COMPUTE_DEADLINE
[depth_angular_controller-1] [INFO] [1790684510.175202943] [depth_angular_controller]: TARGET_HOLD
[depth_angular_controller-1] [INFO] [1790684510.308566304] [depth_angular_controller]: COMPUTE_DEADLINE
[depth_angular_controller-1] [INFO] [1790684510.440911023] [depth_angular_controller]: [PERF CTRL] run=iteration8_ego1p1_1 elapsed=130.42s callbacks=2253 commands=2252 guidance=2152 command_fps(ros/wall)=18.38/19.37 guidance_wall_fps=18.80 avoid_ms(mean/p50/p95/max)=33.019/1.007/114.619/797.200 cycle_ms(mean/p95/max)=51.618/143.872/814.617 depth_to_cmd_ms(mean/p95/max)=22.630/33.333/50.000 callback_to_publish_ms(mean/p95/max)=46.694/142.330/812.263
[depth_angular_controller-1] [INFO] [1790684510.440955637] [depth_angular_controller]: PAPER_BUILD reason=READY required=0.0100 best=8.0717 free=56 refined=0 tubes=122 revoked_tubes=0 proofs=128
[depth_angular_controller-1] [INFO] [1790684510.440961387] [depth_angular_controller]: PAPER_EVIDENCE retained=32 balls=32 revoked_balls=0 expired_views=0 evicted_views=161 radius=0.580 clearance=0.500 best_prefix=8.072
[depth_angular_controller-1] [INFO] [1790684511.359726251] [depth_angular_controller]: PAPER_BUILD reason=READY required=0.0100 best=8.0717 free=56 refined=0 tubes=122 revoked_tubes=0 proofs=128
[depth_angular_controller-1] [INFO] [1790684511.359763631] [depth_angular_controller]: PAPER_EVIDENCE retained=32 balls=32 revoked_balls=0 expired_views=0 evicted_views=161 radius=0.580 clearance=0.500 best_prefix=8.072
[depth_angular_controller-1] [INFO] [1790684512.263398422] [depth_angular_controller]: PAPER_BUILD reason=READY required=0.0100 best=8.0717 free=56 refined=0 tubes=122 revoked_tubes=0 proofs=128
[depth_angular_controller-1] [INFO] [1790684512.263443466] [depth_angular_controller]: PAPER_EVIDENCE retained=32 balls=32 revoked_balls=0 expired_views=0 evicted_views=161 radius=0.580 clearance=0.500 best_prefix=8.072
[depth_angular_controller-1] [INFO] [1790684512.401197376] [depth_angular_controller]: TARGET_HOLD
[position_cmd_to_twist-2] [INFO] [1790684512.489866547] [position_cmd_to_twist]: [PERF BRIDGE] run=iteration8_ego1p1_1 elapsed=132.36s received=2270 published=1861 fps(ros/wall)=18.17/15.73 controller_to_bridge_ms(mean/p50/p95/max)=47.827/16.667/166.667/883.333 bridge_process_ms(mean/p95/max)=0.111/0.148/1.975
[depth_angular_controller-1] [INFO] [1790684512.582056364] [depth_angular_controller]: COMPUTE_DEADLINE
[depth_angular_controller-1] [INFO] [1790684512.605248074] [depth_angular_controller]: TARGET_HOLD
[NAV] t=125.0s position=(-16.77,-0.91,6.22) yaw=8.5deg command=(0.02,0.01,0.01) manual_active=1 collision_blocks=0
[depth_angular_controller-1] [INFO] [1790684512.787869650] [depth_angular_controller]: COMPUTE_DEADLINE
[depth_angular_controller-1] [INFO] [1790684513.381495859] [depth_angular_controller]: PAPER_BUILD reason=READY required=0.0100 best=8.0717 free=57 refined=0 tubes=122 revoked_tubes=0 proofs=128
[depth_angular_controller-1] [INFO] [1790684513.381544000] [depth_angular_controller]: PAPER_EVIDENCE retained=32 balls=32 revoked_balls=0 expired_views=0 evicted_views=161 radius=0.580 clearance=0.500 best_prefix=8.072
[depth_angular_controller-1] [INFO] [1790684514.212980929] [depth_angular_controller]: PAPER_BUILD reason=READY required=0.0100 best=8.0717 free=57 refined=0 tubes=122 revoked_tubes=0 proofs=128
[depth_angular_controller-1] [INFO] [1790684514.214136016] [depth_angular_controller]: PAPER_EVIDENCE retained=32 balls=32 revoked_balls=0 expired_views=0 evicted_views=161 radius=0.580 clearance=0.500 best_prefix=8.072
[depth_angular_controller-1] [INFO] [1790684515.025125916] [depth_angular_controller]: PAPER_BUILD reason=READY required=0.0100 best=8.0717 free=57 refined=0 tubes=122 revoked_tubes=0 proofs=128
[depth_angular_controller-1] [INFO] [1790684515.025167975] [depth_angular_controller]: PAPER_EVIDENCE retained=32 balls=32 revoked_balls=0 expired_views=0 evicted_views=161 radius=0.580 clearance=0.500 best_prefix=8.072
[depth_angular_controller-1] [INFO] [1790684515.443821212] [depth_angular_controller]: [PERF CTRL] run=iteration8_ego1p1_1 elapsed=135.42s callbacks=2294 commands=2293 guidance=2193 command_fps(ros/wall)=17.87/18.91 guidance_wall_fps=18.36 avoid_ms(mean/p50/p95/max)=34.104/1.053/114.609/797.200 cycle_ms(mean/p95/max)=52.877/143.805/814.617 depth_to_cmd_ms(mean/p95/max)=22.549/33.333/50.000 callback_to_publish_ms(mean/p95/max)=48.011/142.327/812.263
[depth_angular_controller-1] [INFO] [1790684515.852276492] [depth_angular_controller]: PAPER_BUILD reason=READY required=0.0100 best=8.0717 free=57 refined=0 tubes=122 revoked_tubes=0 proofs=128
[depth_angular_controller-1] [INFO] [1790684515.852315846] [depth_angular_controller]: PAPER_EVIDENCE retained=32 balls=32 revoked_balls=0 expired_views=0 evicted_views=161 radius=0.580 clearance=0.500 best_prefix=8.072
[depth_angular_controller-1] [INFO] [1790684516.272779390] [depth_angular_controller]: TARGET_HOLD
[depth_angular_controller-1] [INFO] [1790684516.408919281] [depth_angular_controller]: COMPUTE_DEADLINE
[position_cmd_to_twist-2] [INFO] [1790684516.738523855] [position_cmd_to_twist]: [PERF BRIDGE] run=iteration8_ego1p1_1 elapsed=136.61s received=2302 published=1867 fps(ros/wall)=17.77/15.25 controller_to_bridge_ms(mean/p50/p95/max)=49.269/16.667/166.667/883.333 bridge_process_ms(mean/p95/max)=0.110/0.148/1.975
[depth_angular_controller-1] [INFO] [1790684516.762769313] [depth_angular_controller]: PAPER_BUILD reason=READY required=0.0100 best=8.0717 free=57 refined=0 tubes=123 revoked_tubes=0 proofs=128
[depth_angular_controller-1] [INFO] [1790684516.762810079] [depth_angular_controller]: PAPER_EVIDENCE retained=32 balls=32 revoked_balls=0 expired_views=0 evicted_views=161 radius=0.580 clearance=0.500 best_prefix=8.072
[NAV] t=130.0s position=(-16.76,-0.91,6.22) yaw=8.5deg command=(0.00,0.00,0.00) manual_active=1 collision_blocks=0
[depth_angular_controller-1] [INFO] [1790684517.670058932] [depth_angular_controller]: PAPER_BUILD reason=READY required=0.0100 best=8.0717 free=57 refined=0 tubes=123 revoked_tubes=0 proofs=128
[depth_angular_controller-1] [INFO] [1790684517.670101512] [depth_angular_controller]: PAPER_EVIDENCE retained=32 balls=32 revoked_balls=0 expired_views=0 evicted_views=161 radius=0.580 clearance=0.500 best_prefix=8.072
[depth_angular_controller-1] [INFO] [1790684518.577262710] [depth_angular_controller]: PAPER_BUILD reason=READY required=0.0100 best=8.0717 free=57 refined=0 tubes=123 revoked_tubes=0 proofs=128
[depth_angular_controller-1] [INFO] [1790684518.577301082] [depth_angular_controller]: PAPER_EVIDENCE retained=32 balls=32 revoked_balls=0 expired_views=0 evicted_views=161 radius=0.580 clearance=0.500 best_prefix=8.072
[depth_angular_controller-1] [INFO] [1790684519.479150483] [depth_angular_controller]: PAPER_BUILD reason=READY required=0.0100 best=8.0717 free=57 refined=0 tubes=123 revoked_tubes=0 proofs=128
[depth_angular_controller-1] [INFO] [1790684519.479211758] [depth_angular_controller]: PAPER_EVIDENCE retained=32 balls=32 revoked_balls=0 expired_views=0 evicted_views=161 radius=0.580 clearance=0.500 best_prefix=8.072
[depth_angular_controller-1] [INFO] [1790684519.792517246] [depth_angular_controller]: TARGET_HOLD
[depth_angular_controller-1] [INFO] [1790684519.940380236] [depth_angular_controller]: COMPUTE_DEADLINE
[depth_angular_controller-1] [INFO] [1790684520.385336782] [depth_angular_controller]: PAPER_BUILD reason=READY required=0.0100 best=8.0717 free=57 refined=0 tubes=123 revoked_tubes=0 proofs=128
[depth_angular_controller-1] [INFO] [1790684520.385383279] [depth_angular_controller]: PAPER_EVIDENCE retained=32 balls=32 revoked_balls=0 expired_views=0 evicted_views=161 radius=0.580 clearance=0.500 best_prefix=8.072
[depth_angular_controller-1] [INFO] [1790684520.537157339] [depth_angular_controller]: [PERF CTRL] run=iteration8_ego1p1_1 elapsed=140.52s callbacks=2330 commands=2329 guidance=2229 command_fps(ros/wall)=17.33/18.43 guidance_wall_fps=17.89 avoid_ms(mean/p50/p95/max)=35.334/1.155/116.124/797.200 cycle_ms(mean/p95/max)=54.247/145.671/814.617 depth_to_cmd_ms(mean/p95/max)=22.484/33.333/50.000 callback_to_publish_ms(mean/p95/max)=49.450/144.176/812.263
[position_cmd_to_twist-2] [INFO] [1790684520.873112921] [position_cmd_to_twist]: [PERF BRIDGE] run=iteration8_ego1p1_1 elapsed=140.74s received=2331 published=1869 fps(ros/wall)=17.30/14.76 controller_to_bridge_ms(mean/p50/p95/max)=50.844/16.667/183.333/883.333 bridge_process_ms(mean/p95/max)=0.111/0.148/1.975
[NAV] t=135.0s position=(-16.75,-0.91,6.22) yaw=8.5deg command=(0.00,0.00,0.00) manual_active=1 collision_blocks=0
[depth_angular_controller-1] [INFO] [1790684521.158874422] [depth_angular_controller]: TARGET_HOLD
[depth_angular_controller-1] [INFO] [1790684521.311810972] [depth_angular_controller]: COMPUTE_DEADLINE
[depth_angular_controller-1] [INFO] [1790684521.311841530] [depth_angular_controller]: PAPER_BUILD reason=READY required=0.0100 best=8.0717 free=57 refined=0 tubes=123 revoked_tubes=0 proofs=128
[depth_angular_controller-1] [INFO] [1790684521.311849655] [depth_angular_controller]: PAPER_EVIDENCE retained=32 balls=32 revoked_balls=0 expired_views=0 evicted_views=161 radius=0.580 clearance=0.500 best_prefix=8.072
[depth_angular_controller-1] [INFO] [1790684522.062727202] [depth_angular_controller]: TARGET_HOLD
[depth_angular_controller-1] [INFO] [1790684522.200564368] [depth_angular_controller]: COMPUTE_DEADLINE
[depth_angular_controller-1] [INFO] [1790684522.200601077] [depth_angular_controller]: PAPER_BUILD reason=READY required=0.0100 best=8.0717 free=56 refined=0 tubes=123 revoked_tubes=0 proofs=128
[depth_angular_controller-1] [INFO] [1790684522.200612027] [depth_angular_controller]: PAPER_EVIDENCE retained=32 balls=32 revoked_balls=0 expired_views=0 evicted_views=161 radius=0.580 clearance=0.500 best_prefix=8.072
[depth_angular_controller-1] [INFO] [1790684522.957578440] [depth_angular_controller]: TARGET_HOLD
[depth_angular_controller-1] [INFO] [1790684523.099407016] [depth_angular_controller]: COMPUTE_DEADLINE
[depth_angular_controller-1] [INFO] [1790684523.099442192] [depth_angular_controller]: PAPER_BUILD reason=READY required=0.0100 best=8.0717 free=56 refined=0 tubes=124 revoked_tubes=0 proofs=128
[depth_angular_controller-1] [INFO] [1790684523.099450999] [depth_angular_controller]: PAPER_EVIDENCE retained=32 balls=32 revoked_balls=0 expired_views=0 evicted_views=161 radius=0.580 clearance=0.500 best_prefix=8.072
[depth_angular_controller-1] [INFO] [1790684523.943109833] [depth_angular_controller]: PAPER_BUILD reason=READY required=0.0100 best=8.0717 free=57 refined=0 tubes=124 revoked_tubes=0 proofs=128
[depth_angular_controller-1] [INFO] [1790684523.943148506] [depth_angular_controller]: PAPER_EVIDENCE retained=32 balls=32 revoked_balls=0 expired_views=0 evicted_views=161 radius=0.580 clearance=0.500 best_prefix=8.072
[depth_angular_controller-1] [INFO] [1790684524.119885599] [depth_angular_controller]: TARGET_HOLD
[depth_angular_controller-1] [INFO] [1790684524.277767910] [depth_angular_controller]: COMPUTE_DEADLINE
[depth_angular_controller-1] [INFO] [1790684525.007512691] [depth_angular_controller]: PAPER_BUILD reason=READY required=0.0100 best=8.0717 free=59 refined=0 tubes=125 revoked_tubes=0 proofs=128
[depth_angular_controller-1] [INFO] [1790684525.007553718] [depth_angular_controller]: PAPER_EVIDENCE retained=32 balls=32 revoked_balls=0 expired_views=0 evicted_views=161 radius=0.580 clearance=0.500 best_prefix=8.072
[depth_angular_controller-1] [INFO] [1790684525.041753685] [depth_angular_controller]: TARGET_HOLD
[depth_angular_controller-1] [INFO] [1790684525.183095989] [depth_angular_controller]: COMPUTE_DEADLINE
[depth_angular_controller-1] [INFO] [1790684525.213861822] [depth_angular_controller]: TARGET_HOLD
[depth_angular_controller-1] [INFO] [1790684525.374127686] [depth_angular_controller]: COMPUTE_DEADLINE
[position_cmd_to_twist-2] [INFO] [1790684525.439360397] [position_cmd_to_twist]: [PERF BRIDGE] run=iteration8_ego1p1_1 elapsed=145.31s received=2364 published=1881 fps(ros/wall)=16.92/14.34 controller_to_bridge_ms(mean/p50/p95/max)=52.228/16.667/183.333/883.333 bridge_process_ms(mean/p95/max)=0.111/0.148/1.975
[NAV] t=140.0s position=(-16.73,-0.91,6.23) yaw=8.5deg command=(0.00,0.00,0.00) manual_active=1 collision_blocks=0
[depth_angular_controller-1] [INFO] [1790684525.702293600] [depth_angular_controller]: [PERF CTRL] run=iteration8_ego1p1_1 elapsed=145.68s callbacks=2367 commands=2366 guidance=2266 command_fps(ros/wall)=16.89/17.99 guidance_wall_fps=17.47 avoid_ms(mean/p50/p95/max)=36.522/1.226/117.016/797.200 cycle_ms(mean/p95/max)=55.582/146.865/814.617 depth_to_cmd_ms(mean/p95/max)=22.396/33.333/50.000 callback_to_publish_ms(mean/p95/max)=50.853/145.929/812.263
[depth_angular_controller-1] [INFO] [1790684526.006304657] [depth_angular_controller]: PAPER_BUILD reason=READY required=0.0100 best=8.0717 free=59 refined=0 tubes=126 revoked_tubes=0 proofs=128
[depth_angular_controller-1] [INFO] [1790684526.006345093] [depth_angular_controller]: PAPER_EVIDENCE retained=32 balls=32 revoked_balls=0 expired_views=0 evicted_views=161 radius=0.580 clearance=0.500 best_prefix=8.072
[depth_angular_controller-1] [INFO] [1790684526.823862382] [depth_angular_controller]: PAPER_BUILD reason=READY required=0.0100 best=8.0717 free=59 refined=0 tubes=126 revoked_tubes=0 proofs=128
[depth_angular_controller-1] [INFO] [1790684526.823907757] [depth_angular_controller]: PAPER_EVIDENCE retained=32 balls=32 revoked_balls=0 expired_views=0 evicted_views=161 radius=0.580 clearance=0.500 best_prefix=8.072
[depth_angular_controller-1] [INFO] [1790684527.636358348] [depth_angular_controller]: PAPER_BUILD reason=READY required=0.0100 best=8.0717 free=59 refined=0 tubes=126 revoked_tubes=0 proofs=128
[depth_angular_controller-1] [INFO] [1790684527.636430143] [depth_angular_controller]: PAPER_EVIDENCE retained=32 balls=32 revoked_balls=0 expired_views=0 evicted_views=161 radius=0.580 clearance=0.500 best_prefix=8.072
[depth_angular_controller-1] [INFO] [1790684528.586633491] [depth_angular_controller]: PAPER_BUILD reason=READY required=0.0100 best=8.0717 free=59 refined=0 tubes=126 revoked_tubes=0 proofs=128
[depth_angular_controller-1] [INFO] [1790684528.586677083] [depth_angular_controller]: PAPER_EVIDENCE retained=32 balls=32 revoked_balls=0 expired_views=0 evicted_views=161 radius=0.580 clearance=0.500 best_prefix=8.072
[depth_angular_controller-1] [INFO] [1790684529.414359236] [depth_angular_controller]: PAPER_BUILD reason=READY required=0.0100 best=8.0717 free=59 refined=0 tubes=126 revoked_tubes=0 proofs=128
[depth_angular_controller-1] [INFO] [1790684529.414405674] [depth_angular_controller]: PAPER_EVIDENCE retained=32 balls=32 revoked_balls=0 expired_views=0 evicted_views=161 radius=0.580 clearance=0.500 best_prefix=8.072
[position_cmd_to_twist-2] [INFO] [1790684529.633073181] [position_cmd_to_twist]: [PERF BRIDGE] run=iteration8_ego1p1_1 elapsed=149.50s received=2390 published=1881 fps(ros/wall)=16.52/13.89 controller_to_bridge_ms(mean/p50/p95/max)=53.752/16.667/183.333/883.333 bridge_process_ms(mean/p95/max)=0.111/0.148/1.975
[NAV] t=145.0s position=(-16.73,-0.91,6.23) yaw=8.5deg command=(0.00,0.00,0.00) manual_active=1 collision_blocks=0
[depth_angular_controller-1] [INFO] [1790684530.226899716] [depth_angular_controller]: PAPER_BUILD reason=READY required=0.0100 best=8.0717 free=59 refined=0 tubes=126 revoked_tubes=0 proofs=128
[depth_angular_controller-1] [INFO] [1790684530.226941595] [depth_angular_controller]: PAPER_EVIDENCE retained=32 balls=32 revoked_balls=0 expired_views=0 evicted_views=161 radius=0.580 clearance=0.500 best_prefix=8.072
[depth_angular_controller-1] [INFO] [1790684530.703553623] [depth_angular_controller]: [PERF CTRL] run=iteration8_ego1p1_1 elapsed=150.68s callbacks=2398 commands=2397 guidance=2297 command_fps(ros/wall)=16.42/17.56 guidance_wall_fps=17.05 avoid_ms(mean/p50/p95/max)=37.773/1.315/118.711/797.200 cycle_ms(mean/p95/max)=56.951/149.825/814.617 depth_to_cmd_ms(mean/p95/max)=22.348/33.333/50.000 callback_to_publish_ms(mean/p95/max)=52.276/148.857/812.263
[depth_angular_controller-1] [INFO] [1790684531.185179841] [depth_angular_controller]: PAPER_BUILD reason=READY required=0.0100 best=8.0717 free=59 refined=0 tubes=126 revoked_tubes=0 proofs=128
[depth_angular_controller-1] [INFO] [1790684531.185216760] [depth_angular_controller]: PAPER_EVIDENCE retained=32 balls=32 revoked_balls=0 expired_views=0 evicted_views=161 radius=0.580 clearance=0.500 best_prefix=8.072
[depth_angular_controller-1] [INFO] [1790684531.342447709] [depth_angular_controller]: TARGET_HOLD
[depth_angular_controller-1] [INFO] [1790684531.582491950] [depth_angular_controller]: COMPUTE_DEADLINE
[depth_angular_controller-1] [INFO] [1790684532.226068724] [depth_angular_controller]: PAPER_BUILD reason=READY required=0.0100 best=8.0717 free=59 refined=0 tubes=126 revoked_tubes=0 proofs=128
[depth_angular_controller-1] [INFO] [1790684532.226111234] [depth_angular_controller]: PAPER_EVIDENCE retained=32 balls=32 revoked_balls=0 expired_views=0 evicted_views=161 radius=0.580 clearance=0.500 best_prefix=8.072
[depth_angular_controller-1] [INFO] [1790684533.181922866] [depth_angular_controller]: PAPER_BUILD reason=READY required=0.0100 best=8.0717 free=59 refined=0 tubes=126 revoked_tubes=0 proofs=128
[depth_angular_controller-1] [INFO] [1790684533.181971788] [depth_angular_controller]: PAPER_EVIDENCE retained=32 balls=32 revoked_balls=0 expired_views=0 evicted_views=161 radius=0.580 clearance=0.500 best_prefix=8.072
[position_cmd_to_twist-2] [INFO] [1790684533.898922270] [position_cmd_to_twist]: [PERF BRIDGE] run=iteration8_ego1p1_1 elapsed=153.77s received=2420 published=1886 fps(ros/wall)=16.17/13.51 controller_to_bridge_ms(mean/p50/p95/max)=55.124/16.667/183.333/883.333 bridge_process_ms(mean/p95/max)=0.111/0.148/1.975
[NAV] t=150.0s position=(-16.73,-0.91,6.23) yaw=8.5deg command=(0.00,0.00,0.00) manual_active=1 collision_blocks=0
[depth_angular_controller-1] [INFO] [1790684534.133600922] [depth_angular_controller]: PAPER_BUILD reason=READY required=0.0100 best=8.0717 free=59 refined=0 tubes=126 revoked_tubes=0 proofs=128
[depth_angular_controller-1] [INFO] [1790684534.133649042] [depth_angular_controller]: PAPER_EVIDENCE retained=32 balls=32 revoked_balls=0 expired_views=0 evicted_views=161 radius=0.580 clearance=0.500 best_prefix=8.072
[depth_angular_controller-1] [INFO] [1790684534.304968008] [depth_angular_controller]: TARGET_HOLD
[depth_angular_controller-1] [INFO] [1790684534.460696969] [depth_angular_controller]: COMPUTE_DEADLINE
[depth_angular_controller-1] [INFO] [1790684535.099426106] [depth_angular_controller]: PAPER_BUILD reason=READY required=0.0100 best=8.0717 free=59 refined=0 tubes=126 revoked_tubes=0 proofs=128
[depth_angular_controller-1] [INFO] [1790684535.099470118] [depth_angular_controller]: PAPER_EVIDENCE retained=32 balls=32 revoked_balls=0 expired_views=0 evicted_views=161 radius=0.580 clearance=0.500 best_prefix=8.072
[depth_angular_controller-1] [INFO] [1790684535.740476789] [depth_angular_controller]: [PERF CTRL] run=iteration8_ego1p1_1 elapsed=155.72s callbacks=2434 commands=2433 guidance=2333 command_fps(ros/wall)=16.01/17.19 guidance_wall_fps=16.69 avoid_ms(mean/p50/p95/max)=38.871/1.412/123.875/797.200 cycle_ms(mean/p95/max)=58.179/152.885/814.617 depth_to_cmd_ms(mean/p95/max)=22.282/33.333/50.000 callback_to_publish_ms(mean/p95/max)=53.567/151.992/812.263
[depth_angular_controller-1] [INFO] [1790684535.898933268] [depth_angular_controller]: PAPER_BUILD reason=READY required=0.0100 best=8.0717 free=59 refined=0 tubes=126 revoked_tubes=0 proofs=128
[depth_angular_controller-1] [INFO] [1790684535.898976799] [depth_angular_controller]: PAPER_EVIDENCE retained=32 balls=32 revoked_balls=0 expired_views=0 evicted_views=161 radius=0.580 clearance=0.500 best_prefix=8.072
[depth_angular_controller-1] [INFO] [1790684536.856059197] [depth_angular_controller]: PAPER_BUILD reason=READY required=0.0100 best=8.0717 free=59 refined=0 tubes=126 revoked_tubes=0 proofs=128
[depth_angular_controller-1] [INFO] [1790684536.856102738] [depth_angular_controller]: PAPER_EVIDENCE retained=32 balls=32 revoked_balls=0 expired_views=0 evicted_views=161 radius=0.580 clearance=0.500 best_prefix=8.072
[depth_angular_controller-1] [INFO] [1790684537.796488434] [depth_angular_controller]: PAPER_BUILD reason=READY required=0.0100 best=8.0717 free=59 refined=0 tubes=126 revoked_tubes=0 proofs=128
[depth_angular_controller-1] [INFO] [1790684537.796525563] [depth_angular_controller]: PAPER_EVIDENCE retained=32 balls=32 revoked_balls=0 expired_views=0 evicted_views=161 radius=0.580 clearance=0.500 best_prefix=8.072
[position_cmd_to_twist-2] [INFO] [1790684538.106957279] [position_cmd_to_twist]: [PERF BRIDGE] run=iteration8_ego1p1_1 elapsed=157.98s received=2447 published=1888 fps(ros/wall)=15.83/13.13 controller_to_bridge_ms(mean/p50/p95/max)=56.525/16.667/183.333/883.333 bridge_process_ms(mean/p95/max)=0.111/0.148/1.975
[NAV] t=155.0s position=(-16.72,-0.91,6.24) yaw=8.5deg command=(0.00,0.00,0.00) manual_active=1 collision_blocks=0
[depth_angular_controller-1] [INFO] [1790684538.615296675] [depth_angular_controller]: PAPER_BUILD reason=READY required=0.0100 best=8.0717 free=59 refined=0 tubes=126 revoked_tubes=0 proofs=128
[depth_angular_controller-1] [INFO] [1790684538.615339215] [depth_angular_controller]: PAPER_EVIDENCE retained=32 balls=32 revoked_balls=0 expired_views=0 evicted_views=161 radius=0.580 clearance=0.500 best_prefix=8.072
[depth_angular_controller-1] [INFO] [1790684539.427499551] [depth_angular_controller]: PAPER_BUILD reason=READY required=0.0100 best=8.0717 free=59 refined=0 tubes=126 revoked_tubes=0 proofs=128
[depth_angular_controller-1] [INFO] [1790684539.427543173] [depth_angular_controller]: PAPER_EVIDENCE retained=32 balls=32 revoked_balls=0 expired_views=0 evicted_views=161 radius=0.580 clearance=0.500 best_prefix=8.072
[depth_angular_controller-1] [INFO] [1790684540.236287248] [depth_angular_controller]: PAPER_BUILD reason=READY required=0.0100 best=8.0717 free=59 refined=0 tubes=126 revoked_tubes=0 proofs=128
[depth_angular_controller-1] [INFO] [1790684540.236330049] [depth_angular_controller]: PAPER_EVIDENCE retained=32 balls=32 revoked_balls=0 expired_views=0 evicted_views=161 radius=0.580 clearance=0.500 best_prefix=8.072
[depth_angular_controller-1] [INFO] [1790684540.880299810] [depth_angular_controller]: [PERF CTRL] run=iteration8_ego1p1_1 elapsed=160.86s callbacks=2466 commands=2465 guidance=2365 command_fps(ros/wall)=15.58/16.80 guidance_wall_fps=16.32 avoid_ms(mean/p50/p95/max)=40.085/1.551/126.935/797.200 cycle_ms(mean/p95/max)=59.509/157.293/814.617 depth_to_cmd_ms(mean/p95/max)=22.227/33.333/50.000 callback_to_publish_ms(mean/p95/max)=54.952/156.508/812.263
[depth_angular_controller-1] [INFO] [1790684541.040758095] [depth_angular_controller]: PAPER_BUILD reason=READY required=0.0100 best=8.0717 free=59 refined=0 tubes=126 revoked_tubes=0 proofs=128
[depth_angular_controller-1] [INFO] [1790684541.040806927] [depth_angular_controller]: PAPER_EVIDENCE retained=32 balls=32 revoked_balls=0 expired_views=0 evicted_views=161 radius=0.580 clearance=0.500 best_prefix=8.072
[depth_angular_controller-1] [INFO] [1790684542.002547896] [depth_angular_controller]: PAPER_BUILD reason=READY required=0.0100 best=8.0717 free=59 refined=0 tubes=126 revoked_tubes=0 proofs=128
[depth_angular_controller-1] [INFO] [1790684542.002594754] [depth_angular_controller]: PAPER_EVIDENCE retained=32 balls=32 revoked_balls=0 expired_views=0 evicted_views=161 radius=0.580 clearance=0.500 best_prefix=8.072
[position_cmd_to_twist-2] [INFO] [1790684542.150498039] [position_cmd_to_twist]: [PERF BRIDGE] run=iteration8_ego1p1_1 elapsed=162.02s received=2472 published=1888 fps(ros/wall)=15.49/12.77 controller_to_bridge_ms(mean/p50/p95/max)=57.976/16.667/183.333/883.333 bridge_process_ms(mean/p95/max)=0.111/0.148/1.975
[NAV] t=160.0s position=(-16.72,-0.91,6.24) yaw=8.5deg command=(0.00,0.00,0.00) manual_active=1 collision_blocks=0
[depth_angular_controller-1] [INFO] [1790684542.477029857] [depth_angular_controller]: TARGET_HOLD
[depth_angular_controller-1] [INFO] [1790684542.658344981] [depth_angular_controller]: COMPUTE_DEADLINE
[depth_angular_controller-1] [INFO] [1790684542.692396951] [depth_angular_controller]: TARGET_HOLD
[depth_angular_controller-1] [INFO] [1790684542.852616228] [depth_angular_controller]: COMPUTE_DEADLINE
[depth_angular_controller-1] [INFO] [1790684543.162532015] [depth_angular_controller]: PAPER_BUILD reason=READY required=0.0100 best=8.0717 free=59 refined=0 tubes=126 revoked_tubes=0 proofs=128
[depth_angular_controller-1] [INFO] [1790684543.162577290] [depth_angular_controller]: PAPER_EVIDENCE retained=32 balls=32 revoked_balls=0 expired_views=0 evicted_views=161 radius=0.580 clearance=0.500 best_prefix=8.072
[depth_angular_controller-1] [INFO] [1790684544.093807375] [depth_angular_controller]: PAPER_BUILD reason=READY required=0.0100 best=8.0717 free=59 refined=0 tubes=126 revoked_tubes=0 proofs=128
[depth_angular_controller-1] [INFO] [1790684544.093850636] [depth_angular_controller]: PAPER_EVIDENCE retained=32 balls=32 revoked_balls=0 expired_views=0 evicted_views=161 radius=0.580 clearance=0.500 best_prefix=8.072
[depth_angular_controller-1] [INFO] [1790684545.038480996] [depth_angular_controller]: PAPER_BUILD reason=READY required=0.0100 best=8.0717 free=59 refined=0 tubes=126 revoked_tubes=0 proofs=128
[depth_angular_controller-1] [INFO] [1790684545.038518336] [depth_angular_controller]: PAPER_EVIDENCE retained=32 balls=32 revoked_balls=0 expired_views=0 evicted_views=161 radius=0.580 clearance=0.500 best_prefix=8.072
[depth_angular_controller-1] [INFO] [1790684545.971368201] [depth_angular_controller]: [PERF CTRL] run=iteration8_ego1p1_1 elapsed=165.95s callbacks=2501 commands=2500 guidance=2400 command_fps(ros/wall)=15.23/16.47 guidance_wall_fps=16.00 avoid_ms(mean/p50/p95/max)=41.165/1.698/127.409/797.200 cycle_ms(mean/p95/max)=60.713/158.548/814.617 depth_to_cmd_ms(mean/p95/max)=22.153/33.333/50.000 callback_to_publish_ms(mean/p95/max)=56.212/157.760/812.263
[depth_angular_controller-1] [INFO] [1790684545.971414868] [depth_angular_controller]: PAPER_BUILD reason=READY required=0.0100 best=8.0717 free=59 refined=0 tubes=126 revoked_tubes=0 proofs=128
[depth_angular_controller-1] [INFO] [1790684545.971422272] [depth_angular_controller]: PAPER_EVIDENCE retained=32 balls=32 revoked_balls=0 expired_views=0 evicted_views=161 radius=0.580 clearance=0.500 best_prefix=8.072
[position_cmd_to_twist-2] [INFO] [1790684546.562676931] [position_cmd_to_twist]: [PERF BRIDGE] run=iteration8_ego1p1_1 elapsed=166.43s received=2503 published=1894 fps(ros/wall)=15.20/12.44 controller_to_bridge_ms(mean/p50/p95/max)=59.282/16.667/200.000/883.333 bridge_process_ms(mean/p95/max)=0.111/0.148/1.975
[NAV] t=165.0s position=(-16.72,-0.91,6.24) yaw=8.5deg command=(0.00,0.00,0.00) manual_active=1 collision_blocks=0
[depth_angular_controller-1] [INFO] [1790684546.904965187] [depth_angular_controller]: PAPER_BUILD reason=READY required=0.0100 best=8.0717 free=59 refined=0 tubes=126 revoked_tubes=0 proofs=128
[depth_angular_controller-1] [INFO] [1790684546.905009961] [depth_angular_controller]: PAPER_EVIDENCE retained=32 balls=32 revoked_balls=0 expired_views=0 evicted_views=161 radius=0.580 clearance=0.500 best_prefix=8.072
[depth_angular_controller-1] [INFO] [1790684547.821360483] [depth_angular_controller]: PAPER_BUILD reason=READY required=0.0100 best=8.0717 free=59 refined=0 tubes=126 revoked_tubes=0 proofs=128
[depth_angular_controller-1] [INFO] [1790684547.821405127] [depth_angular_controller]: PAPER_EVIDENCE retained=32 balls=32 revoked_balls=0 expired_views=0 evicted_views=161 radius=0.580 clearance=0.500 best_prefix=8.072
[depth_angular_controller-1] [INFO] [1790684548.443954241] [depth_angular_controller]: TARGET_HOLD
[depth_angular_controller-1] [INFO] [1790684548.599690426] [depth_angular_controller]: COMPUTE_DEADLINE
[depth_angular_controller-1] [INFO] [1790684548.918556328] [depth_angular_controller]: PAPER_BUILD reason=READY required=0.0100 best=8.0717 free=59 refined=0 tubes=126 revoked_tubes=0 proofs=128
[depth_angular_controller-1] [INFO] [1790684548.918591634] [depth_angular_controller]: PAPER_EVIDENCE retained=32 balls=32 revoked_balls=0 expired_views=0 evicted_views=161 radius=0.580 clearance=0.500 best_prefix=8.072
[depth_angular_controller-1] [INFO] [1790684549.878515504] [depth_angular_controller]: PAPER_BUILD reason=READY required=0.0100 best=8.0717 free=59 refined=0 tubes=126 revoked_tubes=0 proofs=128
[depth_angular_controller-1] [INFO] [1790684549.878558084] [depth_angular_controller]: PAPER_EVIDENCE retained=32 balls=32 revoked_balls=0 expired_views=0 evicted_views=161 radius=0.580 clearance=0.500 best_prefix=8.072
[depth_angular_controller-1] [INFO] [1790684550.692948084] [depth_angular_controller]: TARGET_HOLD
[depth_angular_controller-1] [INFO] [1790684550.854445399] [depth_angular_controller]: COMPUTE_DEADLINE
[depth_angular_controller-1] [INFO] [1790684550.854497146] [depth_angular_controller]: PAPER_BUILD reason=READY required=0.0100 best=8.0717 free=59 refined=0 tubes=126 revoked_tubes=0 proofs=128
[depth_angular_controller-1] [INFO] [1790684550.854512225] [depth_angular_controller]: PAPER_EVIDENCE retained=32 balls=32 revoked_balls=0 expired_views=0 evicted_views=161 radius=0.580 clearance=0.500 best_prefix=8.072
[position_cmd_to_twist-2] [INFO] [1790684550.948308556] [position_cmd_to_twist]: [PERF BRIDGE] run=iteration8_ego1p1_1 elapsed=170.82s received=2533 published=1899 fps(ros/wall)=14.93/12.12 controller_to_bridge_ms(mean/p50/p95/max)=60.561/16.667/200.000/883.333 bridge_process_ms(mean/p95/max)=0.111/0.148/1.975
[NAV] t=170.0s position=(-16.71,-0.91,6.24) yaw=8.5deg command=(0.00,0.00,0.00) manual_active=1 collision_blocks=0
[depth_angular_controller-1] [INFO] [1790684551.021091386] [depth_angular_controller]: [PERF CTRL] run=iteration8_ego1p1_1 elapsed=171.00s callbacks=2535 commands=2534 guidance=2434 command_fps(ros/wall)=14.92/16.16 guidance_wall_fps=15.70 avoid_ms(mean/p50/p95/max)=42.228/1.862/127.807/797.200 cycle_ms(mean/p95/max)=61.892/159.041/814.617 depth_to_cmd_ms(mean/p95/max)=22.097/33.333/50.000 callback_to_publish_ms(mean/p95/max)=57.444/158.577/812.263
[depth_angular_controller-1] [INFO] [1790684551.806862191] [depth_angular_controller]: PAPER_BUILD reason=READY required=0.0100 best=8.0717 free=60 refined=0 tubes=126 revoked_tubes=0 proofs=128
[depth_angular_controller-1] [INFO] [1790684551.806900754] [depth_angular_controller]: PAPER_EVIDENCE retained=32 balls=32 revoked_balls=0 expired_views=0 evicted_views=161 radius=0.580 clearance=0.500 best_prefix=8.072
[depth_angular_controller-1] [INFO] [1790684552.745539100] [depth_angular_controller]: PAPER_BUILD reason=READY required=0.0100 best=8.0717 free=60 refined=0 tubes=126 revoked_tubes=0 proofs=128
[depth_angular_controller-1] [INFO] [1790684552.745583413] [depth_angular_controller]: PAPER_EVIDENCE retained=32 balls=32 revoked_balls=0 expired_views=0 evicted_views=161 radius=0.580 clearance=0.500 best_prefix=8.072
[depth_angular_controller-1] [INFO] [1790684553.383849090] [depth_angular_controller]: TARGET_HOLD
[depth_angular_controller-1] [INFO] [1790684553.567575950] [depth_angular_controller]: COMPUTE_DEADLINE
[depth_angular_controller-1] [INFO] [1790684553.730330685] [depth_angular_controller]: PAPER_BUILD reason=READY required=0.0100 best=8.0717 free=60 refined=0 tubes=126 revoked_tubes=0 proofs=128
[depth_angular_controller-1] [INFO] [1790684553.730389856] [depth_angular_controller]: PAPER_EVIDENCE retained=32 balls=32 revoked_balls=0 expired_views=0 evicted_views=161 radius=0.580 clearance=0.500 best_prefix=8.072
[depth_angular_controller-1] [INFO] [1790684554.661452396] [depth_angular_controller]: PAPER_BUILD reason=READY required=0.0100 best=8.0717 free=60 refined=0 tubes=126 revoked_tubes=0 proofs=128
[depth_angular_controller-1] [INFO] [1790684554.661493733] [depth_angular_controller]: PAPER_EVIDENCE retained=32 balls=32 revoked_balls=0 expired_views=0 evicted_views=161 radius=0.580 clearance=0.500 best_prefix=8.072
[depth_angular_controller-1] [INFO] [1790684554.818642368] [depth_angular_controller]: TARGET_HOLD
[depth_angular_controller-1] [INFO] [1790684555.097470929] [depth_angular_controller]: COMPUTE_DEADLINE
[position_cmd_to_twist-2] [INFO] [1790684555.507219837] [position_cmd_to_twist]: [PERF BRIDGE] run=iteration8_ego1p1_1 elapsed=175.38s received=2565 published=1906 fps(ros/wall)=14.68/11.82 controller_to_bridge_ms(mean/p50/p95/max)=61.728/16.667/200.000/883.333 bridge_process_ms(mean/p95/max)=0.111/0.148/1.975
[NAV] t=175.0s position=(-16.70,-0.91,6.24) yaw=8.5deg command=(0.00,0.00,0.00) manual_active=1 collision_blocks=0
[depth_angular_controller-1] [INFO] [1790684555.743096137] [depth_angular_controller]: TARGET_HOLD
[depth_angular_controller-1] [INFO] [1790684555.883404600] [depth_angular_controller]: COMPUTE_DEADLINE
[depth_angular_controller-1] [INFO] [1790684555.883443924] [depth_angular_controller]: PAPER_BUILD reason=READY required=0.0100 best=8.0717 free=60 refined=0 tubes=126 revoked_tubes=0 proofs=128
[depth_angular_controller-1] [INFO] [1790684555.883458121] [depth_angular_controller]: PAPER_EVIDENCE retained=32 balls=32 revoked_balls=0 expired_views=0 evicted_views=161 radius=0.580 clearance=0.500 best_prefix=8.072
[depth_angular_controller-1] [INFO] [1790684555.912286318] [depth_angular_controller]: TARGET_HOLD
[depth_angular_controller-1] [INFO] [1790684556.077190977] [depth_angular_controller]: [PERF CTRL] run=iteration8_ego1p1_1 elapsed=176.06s callbacks=2572 commands=2571 guidance=2471 command_fps(ros/wall)=14.67/15.88 guidance_wall_fps=15.43 avoid_ms(mean/p50/p95/max)=43.158/2.068/127.972/797.200 cycle_ms(mean/p95/max)=62.968/159.395/814.617 depth_to_cmd_ms(mean/p95/max)=22.063/33.333/50.000 callback_to_publish_ms(mean/p95/max)=58.531/158.746/812.263
[depth_angular_controller-1] [INFO] [1790684556.077259896] [depth_angular_controller]: COMPUTE_DEADLINE
[depth_angular_controller-1] [INFO] [1790684556.431269918] [depth_angular_controller]: TARGET_HOLD
[depth_angular_controller-1] [INFO] [1790684556.591326189] [depth_angular_controller]: COMPUTE_DEADLINE
[depth_angular_controller-1] [INFO] [1790684556.894131653] [depth_angular_controller]: PAPER_BUILD reason=READY required=0.0100 best=8.0717 free=59 refined=0 tubes=126 revoked_tubes=0 proofs=128
[depth_angular_controller-1] [INFO] [1790684556.894169404] [depth_angular_controller]: PAPER_EVIDENCE retained=32 balls=32 revoked_balls=0 expired_views=0 evicted_views=161 radius=0.580 clearance=0.500 best_prefix=8.072
[depth_angular_controller-1] [INFO] [1790684557.218643431] [depth_angular_controller]: TARGET_HOLD
[depth_angular_controller-1] [INFO] [1790684557.371725935] [depth_angular_controller]: COMPUTE_DEADLINE
[depth_angular_controller-1] [INFO] [1790684557.822652534] [depth_angular_controller]: PAPER_BUILD reason=READY required=0.0100 best=8.0717 free=60 refined=0 tubes=126 revoked_tubes=0 proofs=128
[depth_angular_controller-1] [INFO] [1790684557.822688231] [depth_angular_controller]: PAPER_EVIDENCE retained=32 balls=32 revoked_balls=0 expired_views=0 evicted_views=161 radius=0.580 clearance=0.500 best_prefix=8.072
[depth_angular_controller-1] [INFO] [1790684557.989623982] [depth_angular_controller]: TARGET_HOLD
[depth_angular_controller-1] [INFO] [1790684558.130910060] [depth_angular_controller]: COMPUTE_DEADLINE
[depth_angular_controller-1] [INFO] [1790684558.881901941] [depth_angular_controller]: PAPER_BUILD reason=READY required=0.0100 best=8.0717 free=60 refined=0 tubes=126 revoked_tubes=0 proofs=128
[depth_angular_controller-1] [INFO] [1790684558.881941395] [depth_angular_controller]: PAPER_EVIDENCE retained=32 balls=32 revoked_balls=0 expired_views=0 evicted_views=161 radius=0.580 clearance=0.500 best_prefix=8.072
[depth_angular_controller-1] [INFO] [1790684559.781791023] [depth_angular_controller]: PAPER_BUILD reason=READY required=0.0100 best=8.0717 free=60 refined=0 tubes=126 revoked_tubes=0 proofs=128
[depth_angular_controller-1] [INFO] [1790684559.781838032] [depth_angular_controller]: PAPER_EVIDENCE retained=32 balls=32 revoked_balls=0 expired_views=0 evicted_views=161 radius=0.580 clearance=0.500 best_prefix=8.072
[position_cmd_to_twist-2] [INFO] [1790684560.088923638] [position_cmd_to_twist]: [PERF BRIDGE] run=iteration8_ego1p1_1 elapsed=179.96s received=2600 published=1916 fps(ros/wall)=14.46/11.55 controller_to_bridge_ms(mean/p50/p95/max)=62.859/16.667/200.000/883.333 bridge_process_ms(mean/p95/max)=0.111/0.148/1.975
[NAV] t=180.0s position=(-16.69,-0.91,6.25) yaw=8.5deg command=(0.00,0.00,0.00) manual_active=1 collision_blocks=0
[depth_angular_controller-1] [INFO] [1790684560.540966682] [depth_angular_controller]: TARGET_HOLD
[depth_angular_controller-1] [INFO] [1790684560.684279924] [depth_angular_controller]: COMPUTE_DEADLINE
[depth_angular_controller-1] [INFO] [1790684560.684319819] [depth_angular_controller]: PAPER_BUILD reason=READY required=0.0100 best=8.0717 free=60 refined=0 tubes=126 revoked_tubes=0 proofs=128
[depth_angular_controller-1] [INFO] [1790684560.684331060] [depth_angular_controller]: PAPER_EVIDENCE retained=32 balls=32 revoked_balls=0 expired_views=0 evicted_views=161 radius=0.580 clearance=0.500 best_prefix=8.072
[depth_angular_controller-1] [INFO] [1790684561.116736964] [depth_angular_controller]: [PERF CTRL] run=iteration8_ego1p1_1 elapsed=181.10s callbacks=2609 commands=2608 guidance=2508 command_fps(ros/wall)=14.41/15.62 guidance_wall_fps=15.19 avoid_ms(mean/p50/p95/max)=44.070/2.448/128.022/797.200 cycle_ms(mean/p95/max)=64.007/159.482/814.617 depth_to_cmd_ms(mean/p95/max)=21.983/33.333/50.000 callback_to_publish_ms(mean/p95/max)=59.628/158.909/812.263
[depth_angular_controller-1] [INFO] [1790684561.576440233] [depth_angular_controller]: TARGET_HOLD
[depth_angular_controller-1] [INFO] [1790684561.576475669] [depth_angular_controller]: PAPER_BUILD reason=READY required=0.0100 best=8.0717 free=60 refined=0 tubes=126 revoked_tubes=0 proofs=128
[depth_angular_controller-1] [INFO] [1790684561.576485658] [depth_angular_controller]: PAPER_EVIDENCE retained=32 balls=32 revoked_balls=0 expired_views=0 evicted_views=161 radius=0.580 clearance=0.500 best_prefix=8.072
[depth_angular_controller-1] [INFO] [1790684561.703344353] [depth_angular_controller]: COMPUTE_DEADLINE
[depth_angular_controller-1] [INFO] [1790684561.732936744] [depth_angular_controller]: TARGET_HOLD
[depth_angular_controller-1] [INFO] [1790684561.912697431] [depth_angular_controller]: COMPUTE_DEADLINE
[depth_angular_controller-1] [INFO] [1790684562.525512198] [depth_angular_controller]: PAPER_BUILD reason=READY required=0.0100 best=8.0717 free=61 refined=0 tubes=126 revoked_tubes=0 proofs=128
[depth_angular_controller-1] [INFO] [1790684562.525556862] [depth_angular_controller]: PAPER_EVIDENCE retained=32 balls=32 revoked_balls=0 expired_views=0 evicted_views=161 radius=0.580 clearance=0.500 best_prefix=8.072
[depth_angular_controller-1] [INFO] [1790684563.364249617] [depth_angular_controller]: PAPER_BUILD reason=READY required=0.0100 best=8.0717 free=61 refined=0 tubes=126 revoked_tubes=0 proofs=128
[depth_angular_controller-1] [INFO] [1790684563.364293219] [depth_angular_controller]: PAPER_EVIDENCE retained=32 balls=32 revoked_balls=0 expired_views=0 evicted_views=161 radius=0.580 clearance=0.500 best_prefix=8.072
[depth_angular_controller-1] [INFO] [1790684563.718114938] [depth_angular_controller]: TARGET_HOLD
[depth_angular_controller-1] [INFO] [1790684563.870177538] [depth_angular_controller]: COMPUTE_DEADLINE
[depth_angular_controller-1] [INFO] [1790684563.900975502] [depth_angular_controller]: TARGET_HOLD
[depth_angular_controller-1] [INFO] [1790684564.061719693] [depth_angular_controller]: COMPUTE_DEADLINE
[depth_angular_controller-1] [INFO] [1790684564.572542119] [depth_angular_controller]: PAPER_BUILD reason=READY required=0.0100 best=8.0717 free=61 refined=0 tubes=127 revoked_tubes=0 proofs=128
[depth_angular_controller-1] [INFO] [1790684564.572577455] [depth_angular_controller]: PAPER_EVIDENCE retained=32 balls=32 revoked_balls=0 expired_views=0 evicted_views=161 radius=0.580 clearance=0.500 best_prefix=8.072
[position_cmd_to_twist-2] [INFO] [1790684564.688823094] [position_cmd_to_twist]: [PERF BRIDGE] run=iteration8_ego1p1_1 elapsed=184.56s received=2633 published=1927 fps(ros/wall)=14.26/11.31 controller_to_bridge_ms(mean/p50/p95/max)=63.919/16.667/200.000/883.333 bridge_process_ms(mean/p95/max)=0.111/0.148/1.975
[NAV] t=185.0s position=(-16.67,-0.90,6.25) yaw=8.5deg command=(0.00,0.00,0.00) manual_active=1 collision_blocks=0
[depth_angular_controller-1] [INFO] [1790684565.523857655] [depth_angular_controller]: PAPER_BUILD reason=READY required=0.0100 best=8.0717 free=61 refined=0 tubes=127 revoked_tubes=0 proofs=128
[depth_angular_controller-1] [INFO] [1790684565.523902809] [depth_angular_controller]: PAPER_EVIDENCE retained=32 balls=32 revoked_balls=0 expired_views=0 evicted_views=161 radius=0.580 clearance=0.500 best_prefix=8.072
[depth_angular_controller-1] [INFO] [1790684565.867271582] [depth_angular_controller]: TARGET_HOLD
[depth_angular_controller-1] [INFO] [1790684566.027863458] [depth_angular_controller]: COMPUTE_DEADLINE
[depth_angular_controller-1] [INFO] [1790684566.183565729] [depth_angular_controller]: [PERF CTRL] run=iteration8_ego1p1_1 elapsed=186.16s callbacks=2645 commands=2644 guidance=2544 command_fps(ros/wall)=14.19/15.37 guidance_wall_fps=14.95 avoid_ms(mean/p50/p95/max)=45.010/2.841/128.573/797.200 cycle_ms(mean/p95/max)=65.052/160.110/814.617 depth_to_cmd_ms(mean/p95/max)=21.908/33.333/50.000 callback_to_publish_ms(mean/p95/max)=60.727/159.451/812.263
[depth_angular_controller-1] [INFO] [1790684566.648727451] [depth_angular_controller]: PAPER_BUILD reason=READY required=0.0100 best=8.0717 free=60 refined=0 tubes=127 revoked_tubes=0 proofs=128
[depth_angular_controller-1] [INFO] [1790684566.648762637] [depth_angular_controller]: PAPER_EVIDENCE retained=32 balls=32 revoked_balls=0 expired_views=0 evicted_views=161 radius=0.580 clearance=0.500 best_prefix=8.072
[depth_angular_controller-1] [INFO] [1790684566.987623019] [depth_angular_controller]: TARGET_HOLD
[depth_angular_controller-1] [INFO] [1790684567.132572352] [depth_angular_controller]: COMPUTE_DEADLINE
[depth_angular_controller-1] [INFO] [1790684567.171115479] [depth_angular_controller]: TARGET_HOLD
[depth_angular_controller-1] [INFO] [1790684567.330322777] [depth_angular_controller]: COMPUTE_DEADLINE
[depth_angular_controller-1] [INFO] [1790684567.662565001] [depth_angular_controller]: PAPER_BUILD reason=READY required=0.0100 best=8.0717 free=60 refined=0 tubes=127 revoked_tubes=0 proofs=128
[depth_angular_controller-1] [INFO] [1790684567.662608192] [depth_angular_controller]: PAPER_EVIDENCE retained=32 balls=32 revoked_balls=0 expired_views=0 evicted_views=161 radius=0.580 clearance=0.500 best_prefix=8.072
[depth_angular_controller-1] [INFO] [1790684568.642489091] [depth_angular_controller]: PAPER_BUILD reason=READY required=0.0100 best=8.0717 free=60 refined=0 tubes=127 revoked_tubes=0 proofs=128
[depth_angular_controller-1] [INFO] [1790684568.642531902] [depth_angular_controller]: PAPER_EVIDENCE retained=32 balls=32 revoked_balls=0 expired_views=0 evicted_views=161 radius=0.580 clearance=0.500 best_prefix=8.072
[position_cmd_to_twist-2] [INFO] [1790684569.292123943] [position_cmd_to_twist]: [PERF BRIDGE] run=iteration8_ego1p1_1 elapsed=189.16s received=2664 published=1934 fps(ros/wall)=14.05/11.05 controller_to_bridge_ms(mean/p50/p95/max)=65.028/33.333/200.000/883.333 bridge_process_ms(mean/p95/max)=0.111/0.148/1.975
[NAV] t=190.0s position=(-16.67,-0.90,6.26) yaw=8.5deg command=(0.00,0.00,0.00) manual_active=1 collision_blocks=0
[depth_angular_controller-1] [INFO] [1790684569.474525455] [depth_angular_controller]: PAPER_BUILD reason=READY required=0.0100 best=8.0717 free=60 refined=0 tubes=127 revoked_tubes=0 proofs=128
[depth_angular_controller-1] [INFO] [1790684569.474568947] [depth_angular_controller]: PAPER_EVIDENCE retained=32 balls=32 revoked_balls=0 expired_views=0 evicted_views=161 radius=0.580 clearance=0.500 best_prefix=8.072
[depth_angular_controller-1] [INFO] [1790684570.160458392] [depth_angular_controller]: TARGET_HOLD
[depth_angular_controller-1] [INFO] [1790684570.329444710] [depth_angular_controller]: COMPUTE_DEADLINE
[depth_angular_controller-1] [INFO] [1790684570.499093452] [depth_angular_controller]: PAPER_BUILD reason=READY required=0.0100 best=8.0717 free=60 refined=0 tubes=127 revoked_tubes=0 proofs=128
[depth_angular_controller-1] [INFO] [1790684570.499134529] [depth_angular_controller]: PAPER_EVIDENCE retained=32 balls=32 revoked_balls=0 expired_views=0 evicted_views=161 radius=0.580 clearance=0.500 best_prefix=8.072
[depth_angular_controller-1] [INFO] [1790684571.325387540] [depth_angular_controller]: [PERF CTRL] run=iteration8_ego1p1_1 elapsed=191.30s callbacks=2679 commands=2678 guidance=2578 command_fps(ros/wall)=13.94/15.12 guidance_wall_fps=14.70 avoid_ms(mean/p50/p95/max)=46.011/3.434/129.419/797.200 cycle_ms(mean/p95/max)=66.147/160.883/814.617 depth_to_cmd_ms(mean/p95/max)=21.845/33.333/50.000 callback_to_publish_ms(mean/p95/max)=61.868/160.157/812.263
[depth_angular_controller-1] [INFO] [1790684571.497882172] [depth_angular_controller]: PAPER_BUILD reason=READY required=0.0100 best=8.0717 free=60 refined=0 tubes=127 revoked_tubes=0 proofs=128
[depth_angular_controller-1] [INFO] [1790684571.497918130] [depth_angular_controller]: PAPER_EVIDENCE retained=32 balls=32 revoked_balls=0 expired_views=0 evicted_views=161 radius=0.580 clearance=0.500 best_prefix=8.072
[depth_angular_controller-1] [INFO] [1790684572.510391120] [depth_angular_controller]: PAPER_BUILD reason=READY required=0.0100 best=8.0717 free=60 refined=0 tubes=127 revoked_tubes=0 proofs=128
[depth_angular_controller-1] [INFO] [1790684572.510436014] [depth_angular_controller]: PAPER_EVIDENCE retained=32 balls=32 revoked_balls=0 expired_views=0 evicted_views=161 radius=0.580 clearance=0.500 best_prefix=8.072
[depth_angular_controller-1] [INFO] [1790684573.522701504] [depth_angular_controller]: PAPER_BUILD reason=READY required=0.0100 best=8.0717 free=60 refined=0 tubes=127 revoked_tubes=0 proofs=128
[depth_angular_controller-1] [INFO] [1790684573.522742972] [depth_angular_controller]: PAPER_EVIDENCE retained=32 balls=32 revoked_balls=0 expired_views=0 evicted_views=161 radius=0.580 clearance=0.500 best_prefix=8.072
[position_cmd_to_twist-2] [INFO] [1790684573.732336701] [position_cmd_to_twist]: [PERF BRIDGE] run=iteration8_ego1p1_1 elapsed=193.60s received=2692 published=1936 fps(ros/wall)=13.82/10.78 controller_to_bridge_ms(mean/p50/p95/max)=66.258/33.333/200.000/883.333 bridge_process_ms(mean/p95/max)=0.111/0.148/1.975
[NAV] t=195.0s position=(-16.66,-0.90,6.26) yaw=8.5deg command=(0.00,0.00,0.00) manual_active=1 collision_blocks=0
[depth_angular_controller-1] [INFO] [1790684574.527674790] [depth_angular_controller]: PAPER_BUILD reason=READY required=0.0100 best=8.0717 free=60 refined=0 tubes=127 revoked_tubes=0 proofs=128
[depth_angular_controller-1] [INFO] [1790684574.527715787] [depth_angular_controller]: PAPER_EVIDENCE retained=32 balls=32 revoked_balls=0 expired_views=0 evicted_views=161 radius=0.580 clearance=0.500 best_prefix=8.072
[depth_angular_controller-1] [INFO] [1790684575.518690685] [depth_angular_controller]: PAPER_BUILD reason=READY required=0.0100 best=8.0717 free=60 refined=0 tubes=127 revoked_tubes=0 proofs=128
[depth_angular_controller-1] [INFO] [1790684575.519184321] [depth_angular_controller]: PAPER_EVIDENCE retained=32 balls=32 revoked_balls=0 expired_views=0 evicted_views=161 radius=0.580 clearance=0.500 best_prefix=8.072
[depth_angular_controller-1] [INFO] [1790684576.370148053] [depth_angular_controller]: [PERF CTRL] run=iteration8_ego1p1_1 elapsed=196.35s callbacks=2709 commands=2708 guidance=2608 command_fps(ros/wall)=13.68/14.86 guidance_wall_fps=14.46 avoid_ms(mean/p50/p95/max)=47.066/4.704/130.724/797.200 cycle_ms(mean/p95/max)=67.278/162.171/814.617 depth_to_cmd_ms(mean/p95/max)=21.798/33.333/50.000 callback_to_publish_ms(mean/p95/max)=63.041/161.270/812.263
[depth_angular_controller-1] [INFO] [1790684576.370195452] [depth_angular_controller]: PAPER_BUILD reason=READY required=0.0100 best=8.0717 free=60 refined=0 tubes=127 revoked_tubes=0 proofs=128
[depth_angular_controller-1] [INFO] [1790684576.370201433] [depth_angular_controller]: PAPER_EVIDENCE retained=32 balls=32 revoked_balls=0 expired_views=0 evicted_views=161 radius=0.580 clearance=0.500 best_prefix=8.072
[depth_angular_controller-1] [INFO] [1790684577.211969800] [depth_angular_controller]: PAPER_BUILD reason=READY required=0.0100 best=8.0717 free=60 refined=0 tubes=127 revoked_tubes=0 proofs=128
[depth_angular_controller-1] [INFO] [1790684577.212007521] [depth_angular_controller]: PAPER_EVIDENCE retained=32 balls=32 revoked_balls=0 expired_views=0 evicted_views=161 radius=0.580 clearance=0.500 best_prefix=8.072
[position_cmd_to_twist-2] [INFO] [1790684577.898285565] [position_cmd_to_twist]: [PERF BRIDGE] run=iteration8_ego1p1_1 elapsed=197.77s received=2716 published=1936 fps(ros/wall)=13.61/10.55 controller_to_bridge_ms(mean/p50/p95/max)=67.452/33.333/200.000/883.333 bridge_process_ms(mean/p95/max)=0.111/0.148/1.975
[NAV] t=200.0s position=(-16.66,-0.90,6.26) yaw=8.5deg command=(0.00,0.00,0.00) manual_active=1 collision_blocks=0
[depth_angular_controller-1] [INFO] [1790684578.064209456] [depth_angular_controller]: PAPER_BUILD reason=READY required=0.0100 best=8.0717 free=60 refined=0 tubes=127 revoked_tubes=0 proofs=128
[depth_angular_controller-1] [INFO] [1790684578.064248930] [depth_angular_controller]: PAPER_EVIDENCE retained=32 balls=32 revoked_balls=0 expired_views=0 evicted_views=161 radius=0.580 clearance=0.500 best_prefix=8.072
[depth_angular_controller-1] [INFO] [1790684579.042097546] [depth_angular_controller]: PAPER_BUILD reason=READY required=0.0100 best=8.0717 free=60 refined=0 tubes=127 revoked_tubes=0 proofs=128
[depth_angular_controller-1] [INFO] [1790684579.042144144] [depth_angular_controller]: PAPER_EVIDENCE retained=32 balls=32 revoked_balls=0 expired_views=0 evicted_views=161 radius=0.580 clearance=0.500 best_prefix=8.072
[depth_angular_controller-1] [INFO] [1790684580.039031106] [depth_angular_controller]: PAPER_BUILD reason=READY required=0.0100 best=8.0717 free=60 refined=0 tubes=127 revoked_tubes=0 proofs=128
[depth_angular_controller-1] [INFO] [1790684580.039501278] [depth_angular_controller]: PAPER_EVIDENCE retained=32 balls=32 revoked_balls=0 expired_views=0 evicted_views=161 radius=0.580 clearance=0.500 best_prefix=8.072
[depth_angular_controller-1] [INFO] [1790684580.892817034] [depth_angular_controller]: PAPER_BUILD reason=READY required=0.0100 best=8.0717 free=60 refined=0 tubes=127 revoked_tubes=0 proofs=128
[depth_angular_controller-1] [INFO] [1790684580.892857600] [depth_angular_controller]: PAPER_EVIDENCE retained=32 balls=32 revoked_balls=0 expired_views=0 evicted_views=161 radius=0.580 clearance=0.500 best_prefix=8.072
[depth_angular_controller-1] [INFO] [1790684581.407422348] [depth_angular_controller]: [PERF CTRL] run=iteration8_ego1p1_1 elapsed=201.39s callbacks=2739 commands=2738 guidance=2638 command_fps(ros/wall)=13.43/14.62 guidance_wall_fps=14.23 avoid_ms(mean/p50/p95/max)=48.093/5.360/133.247/797.200 cycle_ms(mean/p95/max)=68.381/164.416/814.617 depth_to_cmd_ms(mean/p95/max)=21.759/33.333/50.000 callback_to_publish_ms(mean/p95/max)=64.187/163.216/812.263
[depth_angular_controller-1] [INFO] [1790684581.750085106] [depth_angular_controller]: PAPER_BUILD reason=READY required=0.0100 best=8.0717 free=60 refined=0 tubes=127 revoked_tubes=0 proofs=128
[depth_angular_controller-1] [INFO] [1790684581.750123428] [depth_angular_controller]: PAPER_EVIDENCE retained=32 balls=32 revoked_balls=0 expired_views=0 evicted_views=161 radius=0.580 clearance=0.500 best_prefix=8.072
[position_cmd_to_twist-2] [INFO] [1790684582.142236471] [position_cmd_to_twist]: [PERF BRIDGE] run=iteration8_ego1p1_1 elapsed=202.01s received=2742 published=1936 fps(ros/wall)=13.39/10.30 controller_to_bridge_ms(mean/p50/p95/max)=68.697/33.333/200.000/883.333 bridge_process_ms(mean/p95/max)=0.111/0.148/1.975
[NAV] t=205.0s position=(-16.66,-0.90,6.26) yaw=8.5deg command=(0.00,0.00,0.00) manual_active=1 collision_blocks=0
[depth_angular_controller-1] [INFO] [1790684582.609087894] [depth_angular_controller]: PAPER_BUILD reason=READY required=0.0100 best=8.0717 free=60 refined=0 tubes=127 revoked_tubes=0 proofs=128
[depth_angular_controller-1] [INFO] [1790684582.609130504] [depth_angular_controller]: PAPER_EVIDENCE retained=32 balls=32 revoked_balls=0 expired_views=0 evicted_views=161 radius=0.580 clearance=0.500 best_prefix=8.072
[depth_angular_controller-1] [INFO] [1790684583.456006335] [depth_angular_controller]: PAPER_BUILD reason=READY required=0.0100 best=8.0717 free=60 refined=0 tubes=127 revoked_tubes=0 proofs=128
[depth_angular_controller-1] [INFO] [1790684583.456045979] [depth_angular_controller]: PAPER_EVIDENCE retained=32 balls=32 revoked_balls=0 expired_views=0 evicted_views=161 radius=0.580 clearance=0.500 best_prefix=8.072
[depth_angular_controller-1] [INFO] [1790684584.310092195] [depth_angular_controller]: PAPER_BUILD reason=READY required=0.0100 best=8.0717 free=60 refined=0 tubes=127 revoked_tubes=0 proofs=128
[depth_angular_controller-1] [INFO] [1790684584.310136929] [depth_angular_controller]: PAPER_EVIDENCE retained=32 balls=32 revoked_balls=0 expired_views=0 evicted_views=161 radius=0.580 clearance=0.500 best_prefix=8.072
[depth_angular_controller-1] [INFO] [1790684585.316481579] [depth_angular_controller]: TARGET_HOLD
[depth_angular_controller-1] [INFO] [1790684585.316518879] [depth_angular_controller]: PAPER_BUILD reason=READY required=0.0100 best=8.0717 free=60 refined=0 tubes=127 revoked_tubes=0 proofs=128
[depth_angular_controller-1] [INFO] [1790684585.316530020] [depth_angular_controller]: PAPER_EVIDENCE retained=32 balls=32 revoked_balls=0 expired_views=0 evicted_views=161 radius=0.580 clearance=0.500 best_prefix=8.072
[depth_angular_controller-1] [INFO] [1790684585.482058139] [depth_angular_controller]: COMPUTE_DEADLINE
[depth_angular_controller-1] [INFO] [1790684586.232702378] [depth_angular_controller]: PAPER_BUILD reason=READY required=0.0100 best=8.0717 free=61 refined=0 tubes=127 revoked_tubes=0 proofs=128
[depth_angular_controller-1] [INFO] [1790684586.232752242] [depth_angular_controller]: PAPER_EVIDENCE retained=32 balls=32 revoked_balls=0 expired_views=0 evicted_views=161 radius=0.580 clearance=0.500 best_prefix=8.072
[depth_angular_controller-1] [INFO] [1790684586.419394051] [depth_angular_controller]: [PERF CTRL] run=iteration8_ego1p1_1 elapsed=206.40s callbacks=2769 commands=2768 guidance=2668 command_fps(ros/wall)=13.20/14.40 guidance_wall_fps=14.01 avoid_ms(mean/p50/p95/max)=49.086/6.722/135.729/797.200 cycle_ms(mean/p95/max)=69.451/166.198/814.617 depth_to_cmd_ms(mean/p95/max)=21.727/33.333/50.000 callback_to_publish_ms(mean/p95/max)=65.296/165.302/812.263
[position_cmd_to_twist-2] [INFO] [1790684586.430652749] [position_cmd_to_twist]: [PERF BRIDGE] run=iteration8_ego1p1_1 elapsed=206.30s received=2768 published=1939 fps(ros/wall)=13.20/10.08 controller_to_bridge_ms(mean/p50/p95/max)=69.870/33.333/200.000/883.333 bridge_process_ms(mean/p95/max)=0.111/0.148/1.975
[NAV] t=210.0s position=(-16.66,-0.90,6.26) yaw=8.5deg command=(0.00,0.00,0.00) manual_active=1 collision_blocks=0
[depth_angular_controller-1] [INFO] [1790684587.153355855] [depth_angular_controller]: PAPER_BUILD reason=READY required=0.0100 best=8.0717 free=61 refined=0 tubes=127 revoked_tubes=0 proofs=128
[depth_angular_controller-1] [INFO] [1790684587.153394658] [depth_angular_controller]: PAPER_EVIDENCE retained=32 balls=32 revoked_balls=0 expired_views=0 evicted_views=161 radius=0.580 clearance=0.500 best_prefix=8.072
[depth_angular_controller-1] [INFO] [1790684587.717866779] [depth_angular_controller]: TARGET_HOLD
[depth_angular_controller-1] [INFO] [1790684587.936342837] [depth_angular_controller]: COMPUTE_DEADLINE
[depth_angular_controller-1] [INFO] [1790684588.301134460] [depth_angular_controller]: PAPER_BUILD reason=READY required=0.0100 best=8.0717 free=61 refined=0 tubes=127 revoked_tubes=0 proofs=128
[depth_angular_controller-1] [INFO] [1790684588.301177321] [depth_angular_controller]: PAPER_EVIDENCE retained=32 balls=32 revoked_balls=0 expired_views=0 evicted_views=161 radius=0.580 clearance=0.500 best_prefix=8.072
[depth_angular_controller-1] [INFO] [1790684589.213078324] [depth_angular_controller]: PAPER_BUILD reason=READY required=0.0100 best=8.0717 free=61 refined=0 tubes=127 revoked_tubes=0 proofs=128
[depth_angular_controller-1] [INFO] [1790684589.213120212] [depth_angular_controller]: PAPER_EVIDENCE retained=32 balls=32 revoked_balls=0 expired_views=0 evicted_views=161 radius=0.580 clearance=0.500 best_prefix=8.072
[depth_angular_controller-1] [INFO] [1790684590.119237963] [depth_angular_controller]: PAPER_BUILD reason=READY required=0.0100 best=8.0717 free=61 refined=0 tubes=127 revoked_tubes=0 proofs=128
[depth_angular_controller-1] [INFO] [1790684590.119282657] [depth_angular_controller]: PAPER_EVIDENCE retained=32 balls=32 revoked_balls=0 expired_views=0 evicted_views=161 radius=0.580 clearance=0.500 best_prefix=8.072
[position_cmd_to_twist-2] [INFO] [1790684590.959697363] [position_cmd_to_twist]: [PERF BRIDGE] run=iteration8_ego1p1_1 elapsed=210.83s received=2794 published=1942 fps(ros/wall)=13.02/9.87 controller_to_bridge_ms(mean/p50/p95/max)=70.974/33.333/200.000/883.333 bridge_process_ms(mean/p95/max)=0.111/0.148/1.975
[NAV] t=215.0s position=(-16.65,-0.90,6.26) yaw=8.5deg command=(0.00,0.00,0.00) manual_active=1 collision_blocks=0
[depth_angular_controller-1] [INFO] [1790684591.057911195] [depth_angular_controller]: PAPER_BUILD reason=READY required=0.0100 best=8.0717 free=61 refined=0 tubes=127 revoked_tubes=0 proofs=128
[depth_angular_controller-1] [INFO] [1790684591.057951400] [depth_angular_controller]: PAPER_EVIDENCE retained=32 balls=32 revoked_balls=0 expired_views=0 evicted_views=161 radius=0.580 clearance=0.500 best_prefix=8.072
[depth_angular_controller-1] [INFO] [1790684591.600665581] [depth_angular_controller]: [PERF CTRL] run=iteration8_ego1p1_1 elapsed=211.58s callbacks=2799 commands=2798 guidance=2698 command_fps(ros/wall)=12.99/14.17 guidance_wall_fps=13.79 avoid_ms(mean/p50/p95/max)=50.119/9.701/136.909/797.200 cycle_ms(mean/p95/max)=70.558/167.701/814.617 depth_to_cmd_ms(mean/p95/max)=21.683/33.333/50.000 callback_to_publish_ms(mean/p95/max)=66.443/166.996/812.263
[depth_angular_controller-1] [INFO] [1790684591.967394972] [depth_angular_controller]: PAPER_BUILD reason=READY required=0.0100 best=8.0717 free=61 refined=0 tubes=127 revoked_tubes=0 proofs=128
[depth_angular_controller-1] [INFO] [1790684591.967490110] [depth_angular_controller]: PAPER_EVIDENCE retained=32 balls=32 revoked_balls=0 expired_views=0 evicted_views=161 radius=0.580 clearance=0.500 best_prefix=8.072
[depth_angular_controller-1] [INFO] [1790684592.875468893] [depth_angular_controller]: PAPER_BUILD reason=READY required=0.0100 best=8.0717 free=61 refined=0 tubes=127 revoked_tubes=0 proofs=128
[depth_angular_controller-1] [INFO] [1790684592.875511893] [depth_angular_controller]: PAPER_EVIDENCE retained=32 balls=32 revoked_balls=0 expired_views=0 evicted_views=161 radius=0.580 clearance=0.500 best_prefix=8.072
[depth_angular_controller-1] [INFO] [1790684593.953559276] [depth_angular_controller]: PAPER_BUILD reason=READY required=0.0100 best=8.0717 free=61 refined=0 tubes=127 revoked_tubes=0 proofs=128
[depth_angular_controller-1] [INFO] [1790684593.953600303] [depth_angular_controller]: PAPER_EVIDENCE retained=32 balls=32 revoked_balls=0 expired_views=0 evicted_views=161 radius=0.580 clearance=0.500 best_prefix=8.072
[depth_angular_controller-1] [INFO] [1790684594.877855629] [depth_angular_controller]: PAPER_BUILD reason=READY required=0.0100 best=8.0717 free=61 refined=0 tubes=127 revoked_tubes=0 proofs=128
[depth_angular_controller-1] [INFO] [1790684594.877899161] [depth_angular_controller]: PAPER_EVIDENCE retained=32 balls=32 revoked_balls=0 expired_views=0 evicted_views=161 radius=0.580 clearance=0.500 best_prefix=8.072
[position_cmd_to_twist-2] [INFO] [1790684595.278833798] [position_cmd_to_twist]: [PERF BRIDGE] run=iteration8_ego1p1_1 elapsed=215.15s received=2818 published=1942 fps(ros/wall)=12.82/9.66 controller_to_bridge_ms(mean/p50/p95/max)=72.167/33.333/200.000/883.333 bridge_process_ms(mean/p95/max)=0.111/0.148/1.975
[NAV] t=220.0s position=(-16.65,-0.90,6.26) yaw=8.5deg command=(0.00,0.00,0.00) manual_active=1 collision_blocks=0
[depth_angular_controller-1] [INFO] [1790684595.809774045] [depth_angular_controller]: PAPER_BUILD reason=READY required=0.0100 best=8.0717 free=61 refined=0 tubes=127 revoked_tubes=0 proofs=128
[depth_angular_controller-1] [INFO] [1790684595.809820532] [depth_angular_controller]: PAPER_EVIDENCE retained=32 balls=32 revoked_balls=0 expired_views=0 evicted_views=161 radius=0.580 clearance=0.500 best_prefix=8.072
[depth_angular_controller-1] [INFO] [1790684596.719732453] [depth_angular_controller]: [PERF CTRL] run=iteration8_ego1p1_1 elapsed=216.70s callbacks=2827 commands=2826 guidance=2726 command_fps(ros/wall)=12.76/13.95 guidance_wall_fps=13.58 avoid_ms(mean/p50/p95/max)=51.171/19.170/138.524/797.200 cycle_ms(mean/p95/max)=71.671/169.280/814.617 depth_to_cmd_ms(mean/p95/max)=21.631/33.333/50.000 callback_to_publish_ms(mean/p95/max)=67.593/168.539/812.263
[depth_angular_controller-1] [INFO] [1790684596.719782867] [depth_angular_controller]: PAPER_BUILD reason=READY required=0.0100 best=8.0717 free=61 refined=0 tubes=127 revoked_tubes=0 proofs=128
[depth_angular_controller-1] [INFO] [1790684596.719790141] [depth_angular_controller]: PAPER_EVIDENCE retained=32 balls=32 revoked_balls=0 expired_views=0 evicted_views=161 radius=0.580 clearance=0.500 best_prefix=8.072
[depth_angular_controller-1] [INFO] [1790684597.625624249] [depth_angular_controller]: PAPER_BUILD reason=READY required=0.0100 best=8.0717 free=61 refined=0 tubes=127 revoked_tubes=0 proofs=128
[depth_angular_controller-1] [INFO] [1790684597.625666999] [depth_angular_controller]: PAPER_EVIDENCE retained=32 balls=32 revoked_balls=0 expired_views=0 evicted_views=161 radius=0.580 clearance=0.500 best_prefix=8.072
[depth_angular_controller-1] [INFO] [1790684598.714795556] [depth_angular_controller]: PAPER_BUILD reason=READY required=0.0100 best=8.0717 free=61 refined=0 tubes=127 revoked_tubes=0 proofs=128
[depth_angular_controller-1] [INFO] [1790684598.714832996] [depth_angular_controller]: PAPER_EVIDENCE retained=32 balls=32 revoked_balls=0 expired_views=0 evicted_views=161 radius=0.580 clearance=0.500 best_prefix=8.072
[depth_angular_controller-1] [INFO] [1790684599.774270246] [depth_angular_controller]: PAPER_BUILD reason=READY required=0.0100 best=8.0717 free=61 refined=0 tubes=127 revoked_tubes=0 proofs=128
[depth_angular_controller-1] [INFO] [1790684599.774306944] [depth_angular_controller]: PAPER_EVIDENCE retained=32 balls=32 revoked_balls=0 expired_views=0 evicted_views=161 radius=0.580 clearance=0.500 best_prefix=8.072
[position_cmd_to_twist-2] [INFO] [1790684599.868609606] [position_cmd_to_twist]: [PERF BRIDGE] run=iteration8_ego1p1_1 elapsed=219.74s received=2843 published=1942 fps(ros/wall)=12.65/9.44 controller_to_bridge_ms(mean/p50/p95/max)=73.291/33.333/216.667/883.333 bridge_process_ms(mean/p95/max)=0.111/0.148/1.975
[NAV] t=225.0s position=(-16.65,-0.90,6.26) yaw=8.5deg command=(0.00,0.00,0.00) manual_active=1 collision_blocks=0
[depth_angular_controller-1] [INFO] [1790684600.680528930] [depth_angular_controller]: PAPER_BUILD reason=READY required=0.0100 best=8.0717 free=61 refined=0 tubes=127 revoked_tubes=0 proofs=128
[depth_angular_controller-1] [INFO] [1790684600.680573524] [depth_angular_controller]: PAPER_EVIDENCE retained=32 balls=32 revoked_balls=0 expired_views=0 evicted_views=161 radius=0.580 clearance=0.500 best_prefix=8.072
[depth_angular_controller-1] [INFO] [1790684601.604490926] [depth_angular_controller]: PAPER_BUILD reason=READY required=0.0100 best=8.0717 free=61 refined=0 tubes=127 revoked_tubes=0 proofs=128
[depth_angular_controller-1] [INFO] [1790684601.604533105] [depth_angular_controller]: PAPER_EVIDENCE retained=32 balls=32 revoked_balls=0 expired_views=0 evicted_views=161 radius=0.580 clearance=0.500 best_prefix=8.072
[depth_angular_controller-1] [INFO] [1790684601.789287994] [depth_angular_controller]: [PERF CTRL] run=iteration8_ego1p1_1 elapsed=221.77s callbacks=2855 commands=2854 guidance=2754 command_fps(ros/wall)=12.57/13.75 guidance_wall_fps=13.38 avoid_ms(mean/p50/p95/max)=52.191/22.501/140.168/797.200 cycle_ms(mean/p95/max)=72.744/170.912/814.617 depth_to_cmd_ms(mean/p95/max)=21.593/33.333/50.000 callback_to_publish_ms(mean/p95/max)=68.703/169.888/812.263
[depth_angular_controller-1] [INFO] [1790684602.519067991] [depth_angular_controller]: PAPER_BUILD reason=READY required=0.0100 best=8.0717 free=61 refined=0 tubes=127 revoked_tubes=0 proofs=128
[depth_angular_controller-1] [INFO] [1790684602.519108978] [depth_angular_controller]: PAPER_EVIDENCE retained=32 balls=32 revoked_balls=0 expired_views=0 evicted_views=161 radius=0.580 clearance=0.500 best_prefix=8.072
[depth_angular_controller-1] [INFO] [1790684603.433600542] [depth_angular_controller]: PAPER_BUILD reason=READY required=0.0100 best=8.0717 free=61 refined=0 tubes=127 revoked_tubes=0 proofs=128
[depth_angular_controller-1] [INFO] [1790684603.433642000] [depth_angular_controller]: PAPER_EVIDENCE retained=32 balls=32 revoked_balls=0 expired_views=0 evicted_views=161 radius=0.580 clearance=0.500 best_prefix=8.072
[position_cmd_to_twist-2] [INFO] [1790684604.069036429] [position_cmd_to_twist]: [PERF BRIDGE] run=iteration8_ego1p1_1 elapsed=223.94s received=2866 published=1942 fps(ros/wall)=12.48/9.25 controller_to_bridge_ms(mean/p50/p95/max)=74.424/33.333/216.667/883.333 bridge_process_ms(mean/p95/max)=0.111/0.148/1.975
[NAV] t=230.0s position=(-16.65,-0.90,6.26) yaw=8.5deg command=(0.00,0.00,0.00) manual_active=1 collision_blocks=0
[depth_angular_controller-1] [INFO] [1790684604.364108862] [depth_angular_controller]: PAPER_BUILD reason=READY required=0.0100 best=8.0717 free=61 refined=0 tubes=127 revoked_tubes=0 proofs=128
[depth_angular_controller-1] [INFO] [1790684604.364152885] [depth_angular_controller]: PAPER_EVIDENCE retained=32 balls=32 revoked_balls=0 expired_views=0 evicted_views=161 radius=0.580 clearance=0.500 best_prefix=8.072
[depth_angular_controller-1] [INFO] [1790684605.462146246] [depth_angular_controller]: PAPER_BUILD reason=READY required=0.0100 best=8.0717 free=61 refined=0 tubes=127 revoked_tubes=0 proofs=128
[depth_angular_controller-1] [INFO] [1790684605.462190148] [depth_angular_controller]: PAPER_EVIDENCE retained=32 balls=32 revoked_balls=0 expired_views=0 evicted_views=161 radius=0.580 clearance=0.500 best_prefix=8.072
[depth_angular_controller-1] [INFO] [1790684606.372613408] [depth_angular_controller]: PAPER_BUILD reason=READY required=0.0100 best=8.0717 free=61 refined=0 tubes=127 revoked_tubes=0 proofs=128
[depth_angular_controller-1] [INFO] [1790684606.372656048] [depth_angular_controller]: PAPER_EVIDENCE retained=32 balls=32 revoked_balls=0 expired_views=0 evicted_views=161 radius=0.580 clearance=0.500 best_prefix=8.072
[depth_angular_controller-1] [INFO] [1790684606.915467753] [depth_angular_controller]: [PERF CTRL] run=iteration8_ego1p1_1 elapsed=226.89s callbacks=2883 commands=2882 guidance=2782 command_fps(ros/wall)=12.37/13.55 guidance_wall_fps=13.19 avoid_ms(mean/p50/p95/max)=53.200/25.949/143.465/797.200 cycle_ms(mean/p95/max)=73.817/173.193/814.617 depth_to_cmd_ms(mean/p95/max)=21.567/33.333/50.000 callback_to_publish_ms(mean/p95/max)=69.810/172.440/812.263
[depth_angular_controller-1] [INFO] [1790684607.289308958] [depth_angular_controller]: PAPER_BUILD reason=READY required=0.0100 best=8.0717 free=61 refined=0 tubes=127 revoked_tubes=0 proofs=128
[depth_angular_controller-1] [INFO] [1790684607.289352129] [depth_angular_controller]: PAPER_EVIDENCE retained=32 balls=32 revoked_balls=0 expired_views=0 evicted_views=161 radius=0.580 clearance=0.500 best_prefix=8.072
[depth_angular_controller-1] [INFO] [1790684608.214083639] [depth_angular_controller]: PAPER_BUILD reason=READY required=0.0100 best=8.0717 free=61 refined=0 tubes=127 revoked_tubes=0 proofs=128
[depth_angular_controller-1] [INFO] [1790684608.214124225] [depth_angular_controller]: PAPER_EVIDENCE retained=32 balls=32 revoked_balls=0 expired_views=0 evicted_views=161 radius=0.580 clearance=0.500 best_prefix=8.072
[position_cmd_to_twist-2] [INFO] [1790684608.436034447] [position_cmd_to_twist]: [PERF BRIDGE] run=iteration8_ego1p1_1 elapsed=228.31s received=2890 published=1942 fps(ros/wall)=12.31/9.06 controller_to_bridge_ms(mean/p50/p95/max)=75.554/33.333/216.667/883.333 bridge_process_ms(mean/p95/max)=0.111/0.148/1.975
[NAV] t=235.0s position=(-16.65,-0.90,6.26) yaw=8.5deg command=(0.00,0.00,0.00) manual_active=1 collision_blocks=0
[depth_angular_controller-1] [INFO] [1790684609.141732984] [depth_angular_controller]: PAPER_BUILD reason=READY required=0.0100 best=8.0717 free=61 refined=0 tubes=127 revoked_tubes=0 proofs=128
[depth_angular_controller-1] [INFO] [1790684609.141773631] [depth_angular_controller]: PAPER_EVIDENCE retained=32 balls=32 revoked_balls=0 expired_views=0 evicted_views=161 radius=0.580 clearance=0.500 best_prefix=8.072
[depth_angular_controller-1] [INFO] [1790684610.209857837] [depth_angular_controller]: PAPER_BUILD reason=READY required=0.0100 best=8.0717 free=61 refined=0 tubes=127 revoked_tubes=0 proofs=128
[depth_angular_controller-1] [INFO] [1790684610.209903693] [depth_angular_controller]: PAPER_EVIDENCE retained=32 balls=32 revoked_balls=0 expired_views=0 evicted_views=161 radius=0.580 clearance=0.500 best_prefix=8.072
[depth_angular_controller-1] [INFO] [1790684611.162760731] [depth_angular_controller]: PAPER_BUILD reason=READY required=0.0100 best=8.0717 free=61 refined=0 tubes=127 revoked_tubes=0 proofs=128
[depth_angular_controller-1] [INFO] [1790684611.162801077] [depth_angular_controller]: PAPER_EVIDENCE retained=32 balls=32 revoked_balls=0 expired_views=0 evicted_views=161 radius=0.580 clearance=0.500 best_prefix=8.072
[depth_angular_controller-1] [INFO] [1790684612.083403017] [depth_angular_controller]: [PERF CTRL] run=iteration8_ego1p1_1 elapsed=232.06s callbacks=2911 commands=2910 guidance=2810 command_fps(ros/wall)=12.18/13.35 guidance_wall_fps=13.00 avoid_ms(mean/p50/p95/max)=54.189/28.590/151.850/797.200 cycle_ms(mean/p95/max)=74.883/179.934/814.617 depth_to_cmd_ms(mean/p95/max)=21.524/33.333/50.000 callback_to_publish_ms(mean/p95/max)=70.910/179.282/812.263
[depth_angular_controller-1] [INFO] [1790684612.083456397] [depth_angular_controller]: PAPER_BUILD reason=READY required=0.0100 best=8.0717 free=61 refined=0 tubes=127 revoked_tubes=0 proofs=128
[depth_angular_controller-1] [INFO] [1790684612.083464633] [depth_angular_controller]: PAPER_EVIDENCE retained=32 balls=32 revoked_balls=0 expired_views=0 evicted_views=161 radius=0.580 clearance=0.500 best_prefix=8.072
[position_cmd_to_twist-2] [INFO] [1790684612.764396825] [position_cmd_to_twist]: [PERF BRIDGE] run=iteration8_ego1p1_1 elapsed=232.63s received=2913 published=1942 fps(ros/wall)=12.16/8.89 controller_to_bridge_ms(mean/p50/p95/max)=76.633/33.333/216.667/883.333 bridge_process_ms(mean/p95/max)=0.111/0.148/1.975
[NAV] t=240.0s position=(-16.65,-0.90,6.26) yaw=8.5deg command=(0.00,0.00,0.00) manual_active=1 collision_blocks=0
[depth_angular_controller-1] [INFO] [1790684613.018000561] [depth_angular_controller]: PAPER_BUILD reason=READY required=0.0100 best=8.0717 free=61 refined=0 tubes=127 revoked_tubes=0 proofs=128
[depth_angular_controller-1] [INFO] [1790684613.018043582] [depth_angular_controller]: PAPER_EVIDENCE retained=32 balls=32 revoked_balls=0 expired_views=0 evicted_views=161 radius=0.580 clearance=0.500 best_prefix=8.072
[depth_angular_controller-1] [INFO] [1790684613.963092758] [depth_angular_controller]: PAPER_BUILD reason=READY required=0.0100 best=8.0717 free=61 refined=0 tubes=127 revoked_tubes=0 proofs=128
[depth_angular_controller-1] [INFO] [1790684613.963131871] [depth_angular_controller]: PAPER_EVIDENCE retained=32 balls=32 revoked_balls=0 expired_views=0 evicted_views=161 radius=0.580 clearance=0.500 best_prefix=8.072
[BENCHMARK RESULT] TIMEOUT sim=240.000s
[PERF ISAAC FINAL] run=iteration8_ego1p1_1 result=TIMEOUT wall=220.68s sim_frames=14522 fps(sim/wall)=60.01/65.81 command_changes=1688 collision_blocks=0 frame_interval_ms(mean/p50/p95/max)=15.169/14.035/17.137/79.912
[234.113s] Simulation App Shutting Down
[depth_angular_controller-1] [INFO] [1790684615.121722295] [rclcpp]: signal_handler(SIGINT/SIGTERM)
[position_cmd_to_twist-2] [INFO] [1790684615.122602146] [position_cmd_to_twist]: [PERF BRIDGE FINAL] run=iteration8_ego1p1_1 elapsed=234.99s received=2924 published=1943 fps(ros/wall)=12.08/8.81 controller_to_bridge_ms(mean/p50/p95/max)=77.109/33.333/216.667/883.333 bridge_process_ms(mean/p95/max)=0.111/0.148/1.975
[position_cmd_to_twist-2] Failed to publish log message to rosout: publisher's context is invalid, at ./src/rcl/publisher.c:389
[depth_angular_controller-1] [INFO] [1790684615.122606505] [depth_angular_controller]: [PERF CTRL FINAL] run=iteration8_ego1p1_1 elapsed=235.10s callbacks=2925 commands=2924 guidance=2824 command_fps(ros/wall)=12.08/13.26 guidance_wall_fps=12.91 avoid_ms(mean/p50/p95/max)=54.679/29.721/152.764/797.200 cycle_ms(mean/p95/max)=75.407/182.010/814.617 depth_to_cmd_ms(mean/p95/max)=21.500/33.333/50.000 callback_to_publish_ms(mean/p95/max)=71.452/181.645/812.263
[INFO] [depth_angular_controller-1]: process has finished cleanly [pid 57501]
[INFO] [position_cmd_to_twist-2]: process has finished cleanly [pid 57503]
