[PERF] run=omni_final_v17_ego1p3_3 log=/home/starry/isaac-data/EGO1P3/performance/navigation_benchmark_20260929/PERFORMANCE.md
[INPUT] mode=goal scene_mode=cloud
[LOCK] Waiting for shared Isaac navigation slot
[INFO] [launch]: All log files can be found below /tmp/fov_gvf_ego1p3_isaac_ros_log/2026-10-07-00-39-57-293100-starry-System-Product-Name-175774
[INFO] [launch]: Default logging verbosity is set to INFO
[INFO] [depth_angular_controller-1]: process started with pid [175776]
[INFO] [position_cmd_to_twist-2]: process started with pid [175778]
[depth_angular_controller-1] [INFO] [1791304797.327100566] [depth_angular_controller]: PROCESSING_RATES control=60.0 Hz depth_limit=10.0 Hz (0=unlimited)
[depth_angular_controller-1] [INFO] [1791304797.329268220] [depth_angular_controller]: C++ controller commands publish on /position_cmd; horizontal views=4
[ROS CHECK] ROS_DOMAIN_ID=42 /position_cmd publishers=1
Type: pc_gvf_msgs/msg/PositionCommand
Publisher count: 1
Subscription count: 1
/depth_angular_controller
/position_cmd_to_twist
WARNING: All log messages before absl::InitializeLog() is called are written to STDERR
E0000 00:00:1791304798.282728  175817 descriptor_database.cc:633] File already exists in database: grpc/health/v1/health.proto
W0000 00:00:1791304798.282753  175817 message.cc:301] Protobuf GeneratedMessageFactory: File is already registered: grpc/health/v1/health.proto
2026-10-06T16:39:57Z [Info] [carb] Logging to file: /home/starry/isaac-data/isaacsim/kit/logs/Kit/Isaac-Sim Python/6.0/kit_20261007_003957.log
[0.045s] [ext: omni.assets.plugins-0.0.0] startup
[0.045s] [ext: omni.blobkey-1.1.2] startup
[0.046s] [ext: omni.kit.async_engine-0.0.3] startup
[0.316s] [ext: omni.client.lib-1.1.1] startup
[0.324s] [ext: omni.client-1.3.0] startup
[0.326s] [ext: omni.protobuf.lib-1.0.0] startup
[0.327s] [ext: omni.grpc.lib-1.0.0] startup
[0.330s] [ext: omni.metrics.core-0.0.3] startup
[0.330s] [ext: omni.datastore-0.0.0] startup
[0.331s] [ext: omni.gpu_foundation.shadercache.vulkan-1.0.0] startup
[0.332s] [ext: omni.hsscclient-1.1.4] startup
[0.333s] [ext: omni.stats-1.0.1] startup
[0.333s] [ext: omni.ujitso.default-1.0.0] startup
[0.336s] [ext: omni.gpu_foundation-0.0.0] startup
[0.469s] [ext: carb.windowing.plugins-1.0.1] startup
[0.470s] [ext: omni.kit.renderer.init-1.0.1] startup
2026-10-06T16:39:58Z [671ms] [Warning] [omni.rtx] Skipping unsupported non-NVIDIA GPU: AMD Unknown (RADV RAPHAEL_MENDOCINO)
2026-10-06T16:39:58Z [672ms] [Warning] [omni.rtx] Skipping unsupported non-NVIDIA GPU: AMD Unknown (RADV RAPHAEL_MENDOCINO)

|---------------------------------------------------------------------------------------------|
| Driver Version: 580.178.04    | Graphics API: Vulkan
|=============================================================================================|
| GPU | Name                             | Active | LDA | GPU Memory | Vendor-ID | LUID       |
|     |                                  |        |     |            | Device-ID | UUID       |
|     |                                  |        |     |            | Bus-ID    |            |
|---------------------------------------------------------------------------------------------|
| 0   | NVIDIA GeForce RTX 5070          | Yes: 0 |     | 12227   MB | 10de      | 0          |
|     |                                  |        |     |            | 2f04      | 348d89fe.. |
|     |                                  |        |     |            | 1         |            |
|---------------------------------------------------------------------------------------------|
| 1   | AMD Unknown (RADV RAPHAEL_MEND.. |        |     | 10755   MB | 1002      | 0          |
|     |                                  |        |     |            | 13c0      | 00000000.. |
|     |                                  |        |     |            | c         |            |
|=============================================================================================|
| OS: 22.04.5 LTS (Jammy Jellyfish) ubuntu, Version: 22.04.5, Kernel: 6.8.0-138-generic
| XServer Vendor: The X.Org Foundation, XServer Version: 12101004 (1.21.1.4)
| Processor: AMD Ryzen 5 9600X 6-Core Processor
| Cores: 6 | Logical Cores: 12
|---------------------------------------------------------------------------------------------|
| Total Memory (MB): 31241 | Free Memory: 22708
| Total Page/Swap (MB): 15624 | Free Page/Swap: 15624
|---------------------------------------------------------------------------------------------|
2026-10-06T16:39:58Z [880ms] [Warning] [omni.rtx] CPU performance profile is set to powersave. This profile sets the CPU to the lowest frequency reducing performance.
2026-10-06T16:39:58Z [888ms] [Warning] [omni.rtx] IOMMU is enabled.
[0.990s] [ext: omni.kit.pipapi-0.0.0] startup
[0.991s] [ext: omni.kit.pip_archive-0.0.0] startup
[0.991s] [ext: isaacsim.pip.newton-0.6.1] startup
[0.991s] [ext: omni.pip.compute-1.9.2] startup
[0.991s] [ext: omni.isaac.core_archive-5.3.1] startup
[0.992s] [ext: omni.kit.telemetry-0.5.2] startup
[1.011s] [ext: omni.kit.loop-isaac-1.6.0] startup
[1.012s] [ext: omni.kit.test-2.0.7] startup
[1.061s] [ext: omni.materialx.libs-1.0.9] startup
[1.067s] [ext: omni.gpucompute.plugins-0.0.0] startup
[1.068s] [ext: omni.usd.config-1.0.7] startup
[1.070s] [ext: omni.usd.libs-1.0.3] startup
[1.126s] [ext: omni.iray.libs-0.0.1] startup
[1.128s] [ext: omni.mdl-57.0.3] startup
[1.188s] [ext: omni.mdl.neuraylib-0.2.20] startup
[1.190s] [ext: omni.kit.usd.mdl-1.1.9] startup
[1.274s] [ext: omni.appwindow-1.2.2] startup
[1.275s] [ext: omni.kit.renderer.core-1.2.2] startup
2026-10-06T16:40:04Z [6,490ms] [Warning] [carb.windowing-glfw.gamepad] Joystick with unknown remapping detected (will be ignored):  BEITONG BEITONG A2P3A BFM DONGLE [03000000bc2000001c51000011010000]
[6.522s] [ext: omni.kit.renderer.capture-2.0.1] startup
[6.524s] [ext: omni.kit.renderer.imgui-2.0.6] startup
[6.563s] [ext: omni.ui-3.2.0] startup
[6.570s] [ext: omni.kit.mainwindow-1.0.3] startup
[6.571s] [ext: carb.audio-0.1.0] startup
[6.573s] [ext: omni.uiaudio-1.0.0] startup
[6.574s] [ext: omni.kit.uiapp-0.0.0] startup
[6.574s] [ext: omni.usd.schema.metrics.assembler-110.1.0] startup
[6.576s] [ext: omni.usd.schema.audio-0.0.1] startup
[6.579s] [ext: omni.usd_resolver-1.0.0] startup
[6.581s] [ext: omni.usd.core-1.8.3] startup
[6.584s] [ext: omni.metropolis.schema-0.0.3] startup
[6.584s] [ext: isaacsim.anim.robot.schema-0.1.1] startup
[6.585s] [ext: omni.usd.schema.anim-0.0.1] startup
[6.598s] [ext: omni.usd.schema.geospatial-0.0.1] startup
[6.600s] [ext: omni.usd.schema.omnigraph-1.0.1] startup
[6.604s] [ext: omni.usd.schema.semantics-0.0.0] startup
[6.606s] [ext: omni.activity.core-1.0.3] startup
[6.607s] [ext: omni.cubric-0.1.0] startup
[6.607s] [ext: omni.graph.exec-0.9.6] startup
[6.607s] [ext: omni.hydra.scene_delegate-0.3.5] startup
[6.610s] [ext: usdrt.scenegraph-7.6.3] startup
[6.629s] [ext: omni.hydra.usdrt_delegate-7.5.2] startup
[6.633s] [ext: omni.inspect-1.0.2] startup
[6.634s] [ext: omni.kit.actions.core-1.0.0] startup
[6.635s] [ext: omni.kit.audiodeviceenum-1.0.2] startup
[6.636s] [ext: omni.kit.commands-1.5.0] startup
[6.639s] [ext: omni.kit.exec.core-0.13.5] startup
[6.640s] [ext: omni.kit.usd_undo-0.1.8] startup
[6.640s] [ext: omni.kit.window.popup_dialog-2.0.25] startup
[6.643s] [ext: omni.kit.widget.nucleus_connector-2.3.1] startup
[6.645s] [ext: omni.timeline-1.1.0] startup
[6.646s] [ext: omni.usd-1.16.0] startup
[6.672s] [ext: omni.graph.core-3.1.2] startup
[6.675s] [ext: omni.kit.notification_manager-1.0.11] startup
[6.676s] [ext: isaacsim.core.deprecation_manager-0.4.2] startup
[6.677s] [ext: isaacsim.replicator.agent.schema-0.1.1] startup
[6.678s] [ext: isaacsim.robot.schema-6.3.7] startup
[6.682s] [ext: isaacsim.robot_motion.schema-0.2.1] startup
[6.682s] [ext: omni.anim.behavior.schema-110.1.0] startup
[6.685s] [ext: omni.anim.graph.schema-110.1.1] startup
[6.690s] [ext: omni.anim.navigation.schema-110.1.0] startup
[6.692s] [ext: omni.behavior.tree.schema-110.1.0] startup
[6.693s] [ext: omni.isaac.ml_archive-3.3.0] startup
[6.693s] [ext: omni.kit.asset_converter-6.0.1] startup
[6.703s] [ext: omni.pip.cloud-1.5.4] startup
[6.704s] [ext: omni.usd.schema.flow-110.0.0] startup
[6.705s] [ext: omni.usd.schema.mujoco-1.1.1] startup
[6.705s] [ext: omni.usd.schema.newton-1.2.1] startup
[6.706s] [ext: omni.usd.schema.omni_lens_distortion-1.0.0] startup
[6.706s] [ext: omni.usd.schema.omni_projectors-1.0.0] startup
[6.707s] [ext: omni.usd.schema.omni_sensors-0.0.0] startup
[6.713s] [ext: omni.usd.schema.omniscripting-1.0.1] startup
[6.716s] [ext: omni.usd.schema.physical_lighting-0.1.0] startup
[6.718s] [ext: omni.usd.schema.physx-110.1.13] startup
[6.741s] [ext: omni.usd.schema.render_settings.rtx-1.0.2] startup
[6.744s] [ext: omni.usd.schema.usd_particle_field-1.0.0] startup
[6.744s] [ext: isaacsim.core.version-2.1.1] startup
[6.745s] [ext: omni.kit.menu.core-1.2.0] startup
[6.745s] [ext: omni.kit.menu.utils-2.2.4] startup
[6.751s] [ext: isaacsim.app.about-2.3.1] startup
[6.754s] [ext: isaacsim.asset.transformer-1.2.5] startup
[6.757s] [ext: omni.scene.optimizer.core-110.1.0] startup
[6.786s] [ext: isaacsim.asset.importer.utils-1.8.1] startup
[6.788s] [ext: omni.convexdecomposition-110.1.13] startup
[6.789s] [ext: omni.physics-110.1.13] startup
[6.792s] [ext: omni.physx.gpu-110.1.13] startup
[6.792s] [ext: omni.physx.foundation-110.1.13] startup
[6.793s] [ext: omni.usdphysics-110.1.13] startup
[6.794s] [ext: omni.physx.cooking-110.1.13] startup
[6.795s] [ext: omni.physx-110.1.13] startup
[6.802s] [ext: omni.physics.physx-110.1.13] startup
[6.803s] [ext: isaacsim.asset.exporter.urdf-2.0.5] startup
[6.810s] [ext: omni.kit.clipboard-1.1.1] startup
[6.810s] [ext: omni.kit.usd.layers-2.6.1] startup
[6.815s] [ext: omni.kit.widget.context_menu-1.4.0] startup
[6.816s] [ext: omni.kit.context_menu-1.9.0] startup
[6.817s] [ext: omni.kit.helper.file_utils-0.1.10] startup
[6.818s] [ext: omni.kit.widget.nucleus_info-2.0.2] startup
[6.819s] [ext: omni.kit.search_core-1.0.8] startup
[6.819s] [ext: omni.kit.widget.path_field-2.0.13] startup
[6.820s] [ext: omni.kit.widget.browser_bar-2.0.10] startup
[6.820s] [ext: omni.kit.widget.filebrowser-2.13.4] startup
[6.824s] [ext: omni.kit.widget.options_menu-1.1.6] startup
[6.826s] [ext: omni.kit.widget.options_button-1.0.3] startup
[6.826s] [ext: omni.kit.widget.search_delegate-1.0.9] startup
[6.827s] [ext: omni.ui.scene-2.0.3] startup
[6.830s] [ext: omni.kit.window.filepicker-2.15.5] startup
[6.840s] [ext: omni.kit.window.file_importer-1.1.21] startup
[6.841s] [ext: omni.kit.material.library-3.1.2] startup
[6.845s] [ext: isaacsim.asset.transformer.rules-1.7.10] startup
[6.852s] [ext: omni.usdex.libs-2.2.2] startup
[6.858s] [ext: isaacsim.asset.importer.mjcf-3.10.1] startup
[6.860s] [ext: isaacsim.asset.importer.urdf-3.11.2] startup
[6.862s] [ext: omni.kit.primitive.mesh-1.1.0] startup
[6.864s] [ext: omni.kit.stage_template.core-1.1.22] startup
[6.865s] [ext: omni.kit.stage_templates-2.0.2] startup
[6.866s] [ext: omni.usd.metrics.assembler-110.1.2] startup
[6.868s] [ext: omni.warp.core-1.13.0] startup
[7.051s] [ext: isaacsim.core.experimental.utils-0.17.2] startup
[7.052s] [ext: omni.physics.stageupdate-110.1.13] startup
[7.053s] [ext: omni.physics.tensors-110.1.13] startup
[7.057s] [ext: omni.physx.tensors-110.1.13] startup
[7.059s] [ext: isaacsim.core.simulation_manager-1.15.6] startup
[7.070s] [ext: isaacsim.storage.native-1.9.3] startup
[7.071s] [ext: omni.usd.metrics.assembler.physics-110.1.13] startup
[7.072s] [ext: isaacsim.core.utils-4.1.7] startup
[7.074s] [ext: isaacsim.core.prims-0.11.7] startup
[7.944s] [ext: isaacsim.core.api-5.2.13] startup
[7.950s] [ext: isaacsim.core.cloner-1.7.3] startup
[7.951s] [ext: isaacsim.test.docstring-1.3.2] startup
[7.953s] [ext: isaacsim.core.experimental.prims-1.8.9] startup
[7.971s] [ext: isaacsim.core.experimental.primdata-0.3.2] startup
[7.973s] [ext: omni.graph.tools-1.81.0] startup
[7.991s] [ext: omni.graph-1.142.5] startup
[8.022s] [ext: isaacsim.core.experimental.actuators-0.1.2] startup
[8.035s] [ext: isaacsim.core.experimental.materials-0.7.1] startup
[8.037s] [ext: isaacsim.core.experimental.objects-0.8.1] startup
[8.089s] [ext: omni.hydra.engine.stats-1.0.5] startup
[8.091s] [ext: omni.hydra.rtx.shadercache.vulkan-1.0.0] startup
[8.092s] [ext: omni.index.libs-387500.4413.0] startup
[8.092s] [ext: omni.index-1.0.1] startup
[8.093s] [ext: omni.ujitso.client-0.0.0] startup
[8.093s] [ext: omni.usd.schema.playback-1.0.0] startup
[8.095s] [ext: omni.volume-0.5.2] startup
[8.099s] [ext: omni.hydra.rtx-1.0.4] startup
2026-10-06T16:40:06Z [8,089ms] [Warning] [omni.log] Source: omni.hydra was already registered.
[8.120s] [ext: omni.kit.hydra_texture-1.6.0] startup
[8.123s] [ext: omni.kit.raycast.query-1.2.0] startup
[8.126s] [ext: omni.kit.viewport.legacy_gizmos-1.0.24] startup
[8.128s] [ext: omni.kit.viewport.registry-104.0.6] startup
[8.129s] [ext: omni.kit.viewport.scene_camera_model-1.0.7] startup
[8.131s] [ext: omni.kit.widget.viewport-109.2.0] startup
[8.135s] [ext: omni.kit.window.drop_support-1.0.8] startup
[8.135s] [ext: omni.kit.viewport.window-109.0.2] startup
[8.149s] [ext: omni.kit.viewport.utility-2.0.1] startup
[8.150s] [ext: isaacsim.core.rendering_manager-0.4.3] startup
[8.169s] [ext: omni.graph.action_core-1.1.9] startup
[8.171s] [ext: omni.graph.action_nodes_core-2.11.0] startup
[8.173s] [ext: omni.graph.action_nodes-2.11.0] startup
[8.189s] [ext: omni.graph.action-2.10.2] startup
[8.190s] [ext: omni.graph.image.core-0.6.1] startup
[8.190s] [ext: omni.graph.image.nodes-1.3.1] startup
[8.191s] [ext: omni.graph.nodes_core-2.11.0] startup
[8.195s] [ext: omni.graph.nodes-2.12.0] startup
[8.199s] [ext: omni.kit.hotkeys.core-1.3.12] startup
[8.200s] [ext: omni.kit.property.adapter.core-1.1.1] startup
[8.202s] [ext: omni.kit.property.adapter.usd-1.0.5] startup
[8.203s] [ext: omni.kit.widget.filter-1.1.5] startup
[8.204s] [ext: omni.kit.widget.highlight_label-1.0.3] startup
[8.204s] [ext: omni.kit.widget.searchfield-1.1.8] startup
[8.205s] [ext: omni.kit.window.file_exporter-1.0.36] startup
[8.206s] [ext: omni.kit.widget.stage-4.4.0] startup
[8.213s] [ext: omni.kit.window.content_browser_registry-0.0.6] startup
[8.214s] [ext: omni.kit.window.file-2.0.10] startup
[8.217s] [ext: omni.kit.window.content_browser-3.1.8] startup
[8.225s] [ext: omni.kit.window.property-1.15.1] startup
[8.235s] [ext: omni.kit.property.usd-4.9.4] startup
[8.243s] [ext: omni.graph.scriptnode-2.10.2] startup
[8.251s] [ext: omni.kit.widget.searchable_combobox-1.0.7] startup
[8.252s] [ext: omni.kit.widget.settings-2.0.0] startup
[8.253s] [ext: omni.kit.window.preferences-1.8.3] startup
[8.257s] [ext: omni.kit.viewport.menubar.core-107.2.2] startup
[8.267s] [ext: omni.syntheticdata-0.6.15] startup
[8.289s] [ext: omni.replicator.nv-1.1.1] startup
[8.293s] [ext: omni.videoencoding-0.2.1] startup
[8.295s] [ext: omni.replicator.core-1.13.27] startup
2026-10-06T16:40:06Z [8,281ms] [Warning] [pxr.Semantics] pxr.Semantics is deprecated - please use Semantics instead
2026-10-06T16:40:06Z [8,345ms] [Warning] [omni.replicator.core.scripts.extension] No material configuration file, adding configuration to material settings directly.
[8.490s] [ext: isaacsim.core.nodes-5.10.5] startup
[8.516s] [ext: isaacsim.core.throttling-2.3.5] startup
[8.518s] [ext: omni.kit.manipulator.viewport-107.0.1] startup
[8.519s] [ext: omni.graph.visualization.nodes-2.1.4] startup
[8.531s] [ext: omni.kit.window.extensions-1.5.10] startup
[8.536s] [ext: isaacsim.gui.components-1.8.5] startup
[8.539s] [ext: isaacsim.robot.surface_gripper-3.6.2] startup
[8.549s] [ext: isaacsim.robot.manipulators-3.4.4] startup
[8.558s] [ext: isaacsim.robot_motion.lula-4.1.3] startup
[8.563s] [ext: isaacsim.robot_motion.motion_generation-8.2.9] startup
[8.567s] [ext: isaacsim.cortex.framework-1.0.18] startup
[8.568s] [ext: isaacsim.cortex.behaviors-2.0.17] startup
[8.570s] [ext: isaacsim.examples.base-1.3.2] startup
[8.571s] [ext: omni.kit.widget.zoombar-1.0.7] startup
[8.572s] [ext: omni.kit.browser.core-2.3.18] startup
[8.575s] [ext: omni.kit.browser.folder.core-2.0.2] startup
[8.578s] [ext: omni.kit.widget.stage_icons-1.0.8] startup
[8.579s] [ext: omni.kit.window.stage-2.6.1] startup
[8.581s] [ext: omni.kit.menu.stage-1.2.7] startup
[8.583s] [ext: omni.kit.usd.collect-3.0.6] startup
[8.585s] [ext: omni.kit.widget.prompt-1.0.7] startup
[8.585s] [ext: omni.kit.tool.collect-2.2.19] startup
[8.587s] [ext: isaacsim.examples.browser-0.3.2] startup
[8.589s] [ext: omni.kit.search.files-1.0.4] startup
[8.590s] [ext: omni.kit.widget.calendar-1.0.9] startup
[8.591s] [ext: omni.kit.widget.extended_searchfield-1.0.31] startup
[8.597s] [ext: omni.simready.content.browser-0.3.7] startup
[8.682s] [ext: isaacsim.gui.content_browser-0.4.3] startup
[8.684s] [ext: omni.kit.selection-0.1.6] startup
[8.685s] [ext: isaacsim.gui.menu-2.10.5] startup
[8.692s] [ext: isaacsim.gui.property-1.6.4] startup
[8.698s] [ext: omni.kit.viewport.actions-110.0.0] startup
[8.701s] [ext: omni.kit.viewport.menubar.display-107.1.3] startup
[8.703s] [ext: isaacsim.gui.sensors.icon-2.2.1] startup
[8.705s] [ext: omni.behavior.scripting.core-110.1.0] startup
[8.708s] [ext: isaacsim.replicator.behavior-1.5.4] startup
[8.708s] [ext: isaacsim.replicator.experimental.domain_randomization-1.2.5] startup
[8.721s] [ext: isaacsim.replicator.domain_randomization-1.2.2] startup
[8.787s] [ext: isaacsim.replicator.writers-1.5.4] startup
[8.809s] [ext: isaacsim.robot.experimental.wheeled_robots-0.2.11] startup
[8.828s] [ext: isaacsim.robot.policy.examples-5.2.12] startup
[8.845s] [ext: isaacsim.robot.wheeled_robots-5.2.4] startup
[8.848s] [ext: isaacsim.robot.wheeled_robots.nodes-0.1.5] startup
[8.864s] [ext: isaacsim.robot_motion.experimental.motion_generation-6.1.3] startup
[8.875s] [ext: isaacsim.robot_motion.cumotion-1.3.1] startup
[8.887s] [ext: omni.kit.numpy.common-0.1.3] startup
[8.888s] [ext: isaacsim.sensors.camera-1.7.9] startup
[8.915s] [ext: isaacsim.sensors.experimental.physics-3.0.2] startup
[8.922s] [ext: omni.sensors.net-1.0.1] startup
[8.924s] [ext: omni.sensors.nv.common-3.0.0] startup
[8.933s] [ext: omni.sensors.nv.materials-2.0.0] startup
[8.935s] [ext: omni.sensors.nv.acoustic-3.0.0] startup
[8.937s] [ext: omni.sensors.nv.ids-2.0.1] startup
[8.938s] [ext: omni.sensors.nv.lidar-3.0.0] startup
[8.941s] [ext: omni.sensors.nv.radar-3.0.0] startup
[8.944s] [ext: isaacsim.sensors.experimental.rtx-1.4.6] startup
[9.174s] [ext: isaacsim.sensors.physics.nodes-1.5.3] startup
[9.179s] [ext: isaacsim.util.debug_draw-3.2.3] startup
[9.183s] [ext: isaacsim.sensors.physx-2.5.5] startup
[9.189s] [ext: isaacsim.sensors.rtx-15.17.1] startup
[9.197s] [ext: isaacsim.simulation_app-2.18.4] startup
[9.197s] [ext: omni.anim.curve.core-1.6.0] startup
[9.205s] [ext: omni.graph.ui_nodes-2.11.1] startup
[9.225s] [ext: omni.hydra.scene_api-0.1.3] startup
[9.228s] [ext: omni.kit.manipulator.camera-110.0.0] startup
[9.231s] [ext: omni.kit.manipulator.selector-1.1.4] startup
[9.232s] [ext: omni.kit.manipulator.transform-107.0.0] startup
[9.235s] [ext: omni.kit.widget.toolbar-2.1.0] startup
[9.240s] [ext: omni.kit.manipulator.tool.snap-1.5.14] startup
[9.243s] [ext: omni.kit.viewport.manipulator.transform-107.0.4] startup
[9.245s] [ext: omni.kit.manipulator.prim.core-108.0.2] startup
[9.250s] [ext: omni.kit.manipulator.prim.usd-107.0.3] startup
[9.251s] [ext: omni.kit.manipulator.prim-108.0.0] startup
[9.251s] [ext: omni.kit.manipulator.selection-109.0.1] startup
[9.252s] [ext: omni.kit.menu.create-2.0.2] startup
[9.253s] [ext: omni.kit.property.audio-1.0.16] startup
[9.256s] [ext: omni.kit.property.camera-1.0.14] startup
[9.257s] [ext: omni.kit.property.geometry-2.1.2] startup
[9.259s] [ext: omni.kit.property.light-1.0.14] startup
2026-10-06T16:40:07Z [9,258ms] [Warning] [omni.usd] Encountered USD Warnings but USD Diagnostics are currently muted. To view USD Warnings, please set the '/persistent/app/usd/muteUsdDiagnostics' setting to false in Preferences page.
[9.285s] [ext: omni.kit.property.material-1.14.6] startup
[9.289s] [ext: omni.kit.property.render-1.2.2] startup
[9.290s] [ext: omni.kit.property.transform-1.6.9] startup
[9.293s] [ext: omni.kit.property.bundle-1.5.1] startup
[9.294s] [ext: omni.kit.usdz_export-1.1.0] startup
[9.296s] [ext: omni.kit.tool.asset_importer-6.0.1] startup
[9.301s] [ext: omni.kit.ui.actions-1.0.5] startup
[9.302s] [ext: omni.kit.viewport.menubar.camera-107.0.10] startup
[9.306s] [ext: omni.kit.viewport.menubar.lighting-107.3.2] startup
[9.308s] [ext: omni.kit.viewport.menubar.render-110.0.0] startup
[9.310s] [ext: omni.kit.viewport.menubar.settings-110.0.1] startup
[9.313s] [ext: omni.kit.window.console-1.1.9] startup
[9.316s] [ext: omni.kit.window.status_bar-0.1.11] startup
[9.318s] [ext: omni.kit.window.toolbar-3.0.3] startup
[9.319s] [ext: omni.ocio-0.1.1] startup
[9.320s] [ext: omni.physx.commands-110.1.13] startup
[9.323s] [ext: omni.replicator.replicator_yaml-2.0.12] startup
[9.332s] [ext: omni.rtx.window.settings-0.8.0] startup
[9.335s] [ext: omni.rtx.settings.core-0.7.1] startup
[9.338s] [ext: omni.usd.metrics.assembler.ui-110.1.1] startup
[9.344s] [ext: semantics.schema.editor-2.0.2] startup
[9.346s] [ext: semantics.schema.property-2.0.2] startup
[9.347s] [ext: omni.kit.menu.common-2.0.2] startup
[9.348s] [ext: isaacsim.exp.base-6.0.1] startup
[9.349s] [ext: isaacsim.exp.base.python-6.0.1] startup
[9.350s] Simulation App Starting
[10.400s] Simulation App Startup Complete
[10.405s] app ready
Starting kit application with the following args:  ['/home/starry/isaac-data/isaacsim/exts/isaacsim.simulation_app/isaacsim/simulation_app/simulation_app.py', '/home/starry/isaac-data/isaacsim/apps/isaacsim.exp.base.python.kit', '--/app/tokens/exe-path=/home/starry/isaac-data/isaacsim/kit', '--/persistent/app/viewport/displayOptions=3094', '--/rtx/materialDb/syncLoads=True', '--/rtx/hydra/materialSyncLoads=True', '--/omni/kit/plugin/syncUsdLoads=True', '--/app/renderer/resolution/width=1280', '--/app/renderer/resolution/height=720', '--/app/window/width=1440', '--/app/window/height=900', '--/renderer/multiGpu/enabled=False', '--/app/fastShutdown=True', '--/app/installSignalHandlers=0', '--ext-folder', '/home/starry/isaac-data/isaacsim/exts', '--ext-folder', '/home/starry/isaac-data/isaacsim/apps', '--/renderer/activeGpu=0', '--/physics/cudaDevice=0', '--/plugins/carb.tasking.plugin/threadCount=12', '--/plugins/omni.tbb.globalcontrol/maxThreadCount=12', '--portable', '--no-window', '--/app/window/hideUi=1']
Passing the following args to the base kit application:  []
Warp 1.13.0 initialized:
   CUDA Toolkit 12.9, Driver 13.0
   Devices:
     "cpu"      : "x86_64"
     "cuda:0"   : "NVIDIA GeForce RTX 5070" (11 GiB, sm_120, mempool enabled)
   Kernel cache:
     /home/starry/.cache/warp/1.13.0
[LIGHTING] sun=800.0 (1) dome=0.0 (1) ambient=0.05 constant_color=(0.6, 0.65, 0.7)
[RENDER] mode=MinimalRendering minimal_shading_mode=2 anti_aliasing=TAA
[DEPTH CAMERAS] count=4 resolution_each=320x240 horizontal_coverage=360deg
[ESDF] path=/home/starry/isaac-data/EGO1P3/scenes/ego_swarm_cloud/occupancy.bin shape=(400, 300, 50) resolution=0.40m
[depth_angular_controller-1] [INFO] [1791304810.714720911] [depth_angular_controller]: WAITING_ODOMETRY
[NAV] t=0.0s position=(-64.00,-11.20,2.80) yaw=1.2deg command=(0.00,0.00,0.00) manual_active=0 collision_blocks=0
[depth_angular_controller-1] [INFO] [1791304811.081257017] [depth_angular_controller]: WAITING_VERIFIED_START_POSE
[depth_angular_controller-1] [INFO] [1791304811.118298850] [depth_angular_controller]: VERIFIED_FREE_SEED center=(-64.000,-11.200,2.800) radius=2.500 balls=1: verified fixed Cloud free ball; USD and occupancy SHA-256 matched
[depth_angular_controller-1] [INFO] [1791304811.118503905] [depth_angular_controller]: ZERO_INTENT
[depth_angular_controller-1] [INFO] [1791304813.079509338] [depth_angular_controller]: OMNI_DEPTH views=4 azimuth_bins=180 elevation_bins=37 valid=1 certificates=1 short=0 held=0 local_candidates=3 yaw=31.36
[depth_angular_controller-1] [INFO] [1791304813.079623152] [depth_angular_controller]: DEPTH_PROPOSAL_CERTIFIED
[depth_angular_controller-1] [INFO] [1791304813.079631237] [depth_angular_controller]: PAPER_BUILD reason=FULL_MOTION_CERTIFICATE required=0.0000 best=0.0000 free=0 refined=0 tubes=0 revoked_tubes=0 proofs=0
[depth_angular_controller-1] [INFO] [1791304813.079637809] [depth_angular_controller]: PAPER_EVIDENCE retained=8 balls=1 revoked_balls=0 expired_views=0 evicted_views=0 radius=0.580 clearance=0.000 best_prefix=0.000
[depth_angular_controller-1] [INFO] [1791304814.032861034] [depth_angular_controller]: OMNI_DEPTH views=4 azimuth_bins=180 elevation_bins=37 valid=1 certificates=1 short=0 held=0 local_candidates=3 yaw=21.27
[depth_angular_controller-1] [INFO] [1791304814.033843780] [depth_angular_controller]: PAPER_BUILD reason=FULL_MOTION_CERTIFICATE required=0.0000 best=0.0000 free=0 refined=0 tubes=1 revoked_tubes=0 proofs=54
[depth_angular_controller-1] [INFO] [1791304814.033874468] [depth_angular_controller]: PAPER_EVIDENCE retained=12 balls=4 revoked_balls=0 expired_views=0 evicted_views=0 radius=0.580 clearance=0.000 best_prefix=0.000
[10.955s] [ext: isaacsim.sensors.rtx.nodes-0.1.2] startup
[10.963s] [ext: isaacsim.ros2.core-1.9.4] startup
[10.977s] Attempting to load system rclpy
[10.977s] Could not import system rclpy: No module named 'rclpy'
[10.977s] Attempting to load internal rclpy for ROS Distro: humble
[10.988s] rclpy loaded
[10.991s] [ext: isaacsim.ros2.nodes-1.18.13] startup
[11.025s] [ext: isaacsim.ros2.examples-1.2.4] startup
[11.029s] [ext: isaacsim.ros2.ui-1.6.5] startup
[11.240s] [ext: isaacsim.ros2.bridge-5.1.2] startup
2026-10-06T16:40:11Z [13,146ms] [Warning] [omni.timeline.plugin] Deprecated: direct use of ITimeline callbacks is deprecated. Use ITimeline::getTimeline (Python: omni.timeline.get_timeline_interface) instead.
[depth_angular_controller-1] [INFO] [1791304815.132994959] [depth_angular_controller]: OMNI_DEPTH views=4 azimuth_bins=180 elevation_bins=37 valid=1 certificates=2 short=0 held=0 local_candidates=3 yaw=8.85
[depth_angular_controller-1] [INFO] [1791304815.133198211] [depth_angular_controller]: PAPER_BUILD reason=FULL_MOTION_CERTIFICATE required=0.0000 best=0.0000 free=0 refined=0 tubes=4 revoked_tubes=0 proofs=108
[depth_angular_controller-1] [INFO] [1791304815.133205635] [depth_angular_controller]: PAPER_EVIDENCE retained=16 balls=15 revoked_balls=0 expired_views=0 evicted_views=0 radius=0.580 clearance=0.000 best_prefix=0.000
[position_cmd_to_twist-2] [INFO] [1791304816.018025639] [position_cmd_to_twist]: [PERF BRIDGE] run=omni_final_v17_ego1p3_3 elapsed=18.57s received=295 published=295 fps(ros/wall)=60.00/59.83 controller_to_bridge_ms(mean/p50/p95/max)=0.000/0.000/0.000/0.000 bridge_process_ms(mean/p95/max)=0.088/0.114/0.202
[NAV] t=5.0s position=(-60.39,-10.16,2.96) yaw=9.7deg command=(1.88,0.31,-0.02) manual_active=1 collision_blocks=0
[depth_angular_controller-1] [INFO] [1791304816.084288898] [depth_angular_controller]: [PERF CTRL] run=omni_final_v17_ego1p3_3 elapsed=18.75s callbacks=301 commands=300 guidance=180 command_fps(ros/wall)=60.00/59.76 guidance_wall_fps=59.50 avoid_ms(mean/p50/p95/max)=3.303/3.621/5.082/6.735 cycle_ms(mean/p95/max)=16.733/19.521/80.025 depth_to_cmd_ms(mean/p95/max)=49.352/83.333/100.000 callback_to_publish_ms(mean/p95/max)=3.243/7.686/13.322
[depth_angular_controller-1] [INFO] [1791304816.084353569] [depth_angular_controller]: EVIDENCE_COST ingest(mean/p95/max)=1.179/4.189/13.225 record=0.010/0.014/0.131 ms
[depth_angular_controller-1] [INFO] [1791304816.084360573] [depth_angular_controller]: EVIDENCE_PHASE per_view_mean_ms balls=0.051 tubes=0.008 history=0.211 eviction=0.000
[depth_angular_controller-1] [INFO] [1791304816.090903799] [depth_angular_controller]: OMNI_DEPTH views=4 azimuth_bins=180 elevation_bins=37 valid=1 certificates=1 short=0 held=0 local_candidates=3 yaw=10.64
[depth_angular_controller-1] [INFO] [1791304816.095737984] [depth_angular_controller]: PAPER_BUILD reason=FULL_MOTION_CERTIFICATE required=0.0000 best=0.0000 free=0 refined=0 tubes=8 revoked_tubes=0 proofs=128
[depth_angular_controller-1] [INFO] [1791304816.095762761] [depth_angular_controller]: PAPER_EVIDENCE retained=16 balls=30 revoked_balls=0 expired_views=0 evicted_views=4 radius=0.580 clearance=0.000 best_prefix=0.000
[depth_angular_controller-1] [INFO] [1791304817.062107815] [depth_angular_controller]: OMNI_DEPTH views=4 azimuth_bins=180 elevation_bins=37 valid=1 certificates=1 short=0 held=0 local_candidates=2 yaw=21.08
[depth_angular_controller-1] [INFO] [1791304817.062544276] [depth_angular_controller]: PAPER_BUILD reason=FULL_MOTION_CERTIFICATE required=0.0000 best=0.0000 free=0 refined=0 tubes=11 revoked_tubes=0 proofs=128
[depth_angular_controller-1] [INFO] [1791304817.062558893] [depth_angular_controller]: PAPER_EVIDENCE retained=16 balls=32 revoked_balls=0 expired_views=0 evicted_views=8 radius=0.580 clearance=0.000 best_prefix=0.000
[depth_angular_controller-1] [INFO] [1791304818.080214386] [depth_angular_controller]: OMNI_DEPTH views=4 azimuth_bins=180 elevation_bins=37 valid=1 certificates=1 short=0 held=0 local_candidates=0 yaw=9.66
[depth_angular_controller-1] [INFO] [1791304818.080522485] [depth_angular_controller]: PAPER_BUILD reason=FULL_MOTION_CERTIFICATE required=0.0000 best=0.0000 free=0 refined=0 tubes=15 revoked_tubes=0 proofs=128
[depth_angular_controller-1] [INFO] [1791304818.080529218] [depth_angular_controller]: PAPER_EVIDENCE retained=16 balls=32 revoked_balls=0 expired_views=0 evicted_views=12 radius=0.580 clearance=0.000 best_prefix=0.000
[depth_angular_controller-1] [INFO] [1791304819.118594076] [depth_angular_controller]: OMNI_DEPTH views=4 azimuth_bins=180 elevation_bins=37 valid=1 certificates=2 short=0 held=0 local_candidates=3 yaw=9.65
[depth_angular_controller-1] [INFO] [1791304819.118820912] [depth_angular_controller]: PAPER_BUILD reason=FULL_MOTION_CERTIFICATE required=0.0000 best=0.0000 free=0 refined=0 tubes=19 revoked_tubes=0 proofs=128
[depth_angular_controller-1] [INFO] [1791304819.118827204] [depth_angular_controller]: PAPER_EVIDENCE retained=16 balls=32 revoked_balls=0 expired_views=0 evicted_views=15 radius=0.580 clearance=0.000 best_prefix=0.000
[depth_angular_controller-1] [INFO] [1791304820.215631903] [depth_angular_controller]: OMNI_DEPTH views=4 azimuth_bins=180 elevation_bins=37 valid=1 certificates=1 short=0 held=0 local_candidates=2 yaw=2.11
[depth_angular_controller-1] [INFO] [1791304820.215832119] [depth_angular_controller]: PAPER_BUILD reason=FULL_MOTION_CERTIFICATE required=0.0000 best=0.0000 free=0 refined=0 tubes=23 revoked_tubes=0 proofs=128
[depth_angular_controller-1] [INFO] [1791304820.215837990] [depth_angular_controller]: PAPER_EVIDENCE retained=16 balls=32 revoked_balls=0 expired_views=0 evicted_views=19 radius=0.580 clearance=0.000 best_prefix=0.000
[depth_angular_controller-1] [INFO] [1791304821.099006089] [depth_angular_controller]: [PERF CTRL] run=omni_final_v17_ego1p3_3 elapsed=23.77s callbacks=589 commands=588 guidance=468 command_fps(ros/wall)=60.00/58.60 guidance_wall_fps=58.21 avoid_ms(mean/p50/p95/max)=3.486/3.434/7.266/13.760 cycle_ms(mean/p95/max)=17.066/21.736/80.025 depth_to_cmd_ms(mean/p95/max)=44.979/83.333/100.000 callback_to_publish_ms(mean/p95/max)=4.502/10.569/16.277
[depth_angular_controller-1] [INFO] [1791304821.099075820] [depth_angular_controller]: EVIDENCE_COST ingest(mean/p95/max)=1.638/5.330/13.225 record=0.015/0.016/0.253 ms
[depth_angular_controller-1] [INFO] [1791304821.099081010] [depth_angular_controller]: EVIDENCE_PHASE per_view_mean_ms balls=0.060 tubes=0.042 history=0.285 eviction=0.000
[position_cmd_to_twist-2] [INFO] [1791304821.288369893] [position_cmd_to_twist]: [PERF BRIDGE] run=omni_final_v17_ego1p3_3 elapsed=23.85s received=595 published=595 fps(ros/wall)=60.00/58.28 controller_to_bridge_ms(mean/p50/p95/max)=0.028/0.000/0.000/16.667 bridge_process_ms(mean/p95/max)=0.089/0.113/0.202
[NAV] t=10.0s position=(-51.11,-8.74,2.35) yaw=9.8deg command=(1.98,-0.14,-0.16) manual_active=1 collision_blocks=0
[depth_angular_controller-1] [INFO] [1791304821.369681764] [depth_angular_controller]: OMNI_DEPTH views=4 azimuth_bins=180 elevation_bins=37 valid=1 certificates=1 short=0 held=0 local_candidates=2 yaw=-6.45
[depth_angular_controller-1] [INFO] [1791304821.370341634] [depth_angular_controller]: PAPER_BUILD reason=FULL_MOTION_CERTIFICATE required=0.0000 best=0.0000 free=0 refined=0 tubes=27 revoked_tubes=0 proofs=128
[depth_angular_controller-1] [INFO] [1791304821.370361872] [depth_angular_controller]: PAPER_EVIDENCE retained=16 balls=32 revoked_balls=0 expired_views=0 evicted_views=23 radius=0.580 clearance=0.000 best_prefix=0.000
[depth_angular_controller-1] [INFO] [1791304822.455694581] [depth_angular_controller]: OMNI_DEPTH views=4 azimuth_bins=180 elevation_bins=37 valid=1 certificates=1 short=0 held=0 local_candidates=2 yaw=-7.75
[depth_angular_controller-1] [INFO] [1791304822.455984055] [depth_angular_controller]: PAPER_BUILD reason=FULL_MOTION_CERTIFICATE required=0.0000 best=0.0000 free=0 refined=0 tubes=31 revoked_tubes=0 proofs=128
[depth_angular_controller-1] [INFO] [1791304822.455990998] [depth_angular_controller]: PAPER_EVIDENCE retained=16 balls=32 revoked_balls=0 expired_views=0 evicted_views=27 radius=0.580 clearance=0.000 best_prefix=0.000
[depth_angular_controller-1] [INFO] [1791304823.601591410] [depth_angular_controller]: OMNI_DEPTH views=4 azimuth_bins=180 elevation_bins=37 valid=1 certificates=1 short=0 held=0 local_candidates=1 yaw=-16.67
[depth_angular_controller-1] [INFO] [1791304823.601872247] [depth_angular_controller]: PAPER_BUILD reason=FULL_MOTION_CERTIFICATE required=0.0000 best=0.0000 free=0 refined=0 tubes=35 revoked_tubes=0 proofs=128
[depth_angular_controller-1] [INFO] [1791304823.601880503] [depth_angular_controller]: PAPER_EVIDENCE retained=16 balls=32 revoked_balls=0 expired_views=0 evicted_views=31 radius=0.580 clearance=0.000 best_prefix=0.000
[depth_angular_controller-1] [INFO] [1791304824.570477109] [depth_angular_controller]: OMNI_DEPTH views=4 azimuth_bins=180 elevation_bins=37 valid=1 certificates=1 short=0 held=0 local_candidates=2 yaw=-14.53
[depth_angular_controller-1] [INFO] [1791304824.571719844] [depth_angular_controller]: PAPER_BUILD reason=FULL_MOTION_CERTIFICATE required=0.0000 best=0.0000 free=0 refined=0 tubes=40 revoked_tubes=0 proofs=128
[depth_angular_controller-1] [INFO] [1791304824.571732107] [depth_angular_controller]: PAPER_EVIDENCE retained=16 balls=32 revoked_balls=0 expired_views=0 evicted_views=35 radius=0.580 clearance=0.000 best_prefix=0.000
[depth_angular_controller-1] [INFO] [1791304825.586160455] [depth_angular_controller]: OMNI_DEPTH views=4 azimuth_bins=180 elevation_bins=37 valid=1 certificates=1 short=0 held=0 local_candidates=3 yaw=30.73
[depth_angular_controller-1] [INFO] [1791304825.587205730] [depth_angular_controller]: PAPER_BUILD reason=FULL_MOTION_CERTIFICATE required=0.0000 best=0.0000 free=0 refined=0 tubes=44 revoked_tubes=0 proofs=128
[depth_angular_controller-1] [INFO] [1791304825.587224705] [depth_angular_controller]: PAPER_EVIDENCE retained=16 balls=32 revoked_balls=0 expired_views=0 evicted_views=39 radius=0.580 clearance=0.000 best_prefix=0.000
[depth_angular_controller-1] [INFO] [1791304826.117985601] [depth_angular_controller]: [PERF CTRL] run=omni_final_v17_ego1p3_3 elapsed=28.79s callbacks=875 commands=874 guidance=754 command_fps(ros/wall)=60.00/58.06 guidance_wall_fps=57.74 avoid_ms(mean/p50/p95/max)=3.255/3.019/7.057/13.760 cycle_ms(mean/p95/max)=17.224/22.124/85.128 depth_to_cmd_ms(mean/p95/max)=44.739/83.333/100.000 callback_to_publish_ms(mean/p95/max)=4.673/10.586/18.319
[depth_angular_controller-1] [INFO] [1791304826.118075831] [depth_angular_controller]: EVIDENCE_COST ingest(mean/p95/max)=1.776/5.673/13.225 record=0.015/0.017/0.253 ms
[depth_angular_controller-1] [INFO] [1791304826.118081361] [depth_angular_controller]: EVIDENCE_PHASE per_view_mean_ms balls=0.066 tubes=0.060 history=0.294 eviction=0.001
[position_cmd_to_twist-2] [INFO] [1791304826.464358143] [position_cmd_to_twist]: [PERF BRIDGE] run=omni_final_v17_ego1p3_3 elapsed=29.03s received=895 published=895 fps(ros/wall)=60.00/58.17 controller_to_bridge_ms(mean/p50/p95/max)=0.037/0.000/0.000/16.667 bridge_process_ms(mean/p95/max)=0.088/0.112/0.242
[NAV] t=15.0s position=(-41.60,-9.28,3.02) yaw=11.0deg command=(1.72,0.92,0.41) manual_active=1 collision_blocks=0
[depth_angular_controller-1] [INFO] [1791304826.545329915] [depth_angular_controller]: OMNI_DEPTH views=4 azimuth_bins=180 elevation_bins=37 valid=1 certificates=1 short=0 held=0 local_candidates=3 yaw=27.46
[depth_angular_controller-1] [INFO] [1791304826.545577230] [depth_angular_controller]: PAPER_BUILD reason=FULL_MOTION_CERTIFICATE required=0.0000 best=0.0000 free=0 refined=0 tubes=48 revoked_tubes=0 proofs=128
[depth_angular_controller-1] [INFO] [1791304826.545583952] [depth_angular_controller]: PAPER_EVIDENCE retained=16 balls=32 revoked_balls=0 expired_views=0 evicted_views=43 radius=0.580 clearance=0.000 best_prefix=0.000
[depth_angular_controller-1] [INFO] [1791304827.497827215] [depth_angular_controller]: OMNI_DEPTH views=4 azimuth_bins=180 elevation_bins=37 valid=1 certificates=1 short=0 held=0 local_candidates=3 yaw=34.63
[depth_angular_controller-1] [INFO] [1791304827.498126948] [depth_angular_controller]: PAPER_BUILD reason=FULL_MOTION_CERTIFICATE required=0.0000 best=0.0000 free=0 refined=0 tubes=52 revoked_tubes=0 proofs=128
[depth_angular_controller-1] [INFO] [1791304827.498133841] [depth_angular_controller]: PAPER_EVIDENCE retained=16 balls=32 revoked_balls=0 expired_views=0 evicted_views=45 radius=0.580 clearance=0.000 best_prefix=0.000
[depth_angular_controller-1] [INFO] [1791304828.581392924] [depth_angular_controller]: OMNI_DEPTH views=4 azimuth_bins=180 elevation_bins=37 valid=1 certificates=1 short=0 held=0 local_candidates=3 yaw=40.27
[depth_angular_controller-1] [INFO] [1791304828.581679212] [depth_angular_controller]: PAPER_BUILD reason=FULL_MOTION_CERTIFICATE required=0.0000 best=0.0000 free=0 refined=0 tubes=56 revoked_tubes=0 proofs=128
[depth_angular_controller-1] [INFO] [1791304828.581687227] [depth_angular_controller]: PAPER_EVIDENCE retained=16 balls=32 revoked_balls=0 expired_views=0 evicted_views=49 radius=0.580 clearance=0.000 best_prefix=0.000
[depth_angular_controller-1] [INFO] [1791304829.588329162] [depth_angular_controller]: OMNI_DEPTH views=4 azimuth_bins=180 elevation_bins=37 valid=1 certificates=1 short=0 held=0 local_candidates=3 yaw=38.32
[depth_angular_controller-1] [INFO] [1791304829.589805787] [depth_angular_controller]: PAPER_BUILD reason=FULL_MOTION_CERTIFICATE required=0.0000 best=0.0000 free=0 refined=0 tubes=60 revoked_tubes=0 proofs=128
[depth_angular_controller-1] [INFO] [1791304829.589829732] [depth_angular_controller]: PAPER_EVIDENCE retained=16 balls=32 revoked_balls=0 expired_views=0 evicted_views=53 radius=0.580 clearance=0.000 best_prefix=0.000
[depth_angular_controller-1] [INFO] [1791304830.598222577] [depth_angular_controller]: OMNI_DEPTH views=4 azimuth_bins=180 elevation_bins=37 valid=1 certificates=1 short=0 held=0 local_candidates=3 yaw=33.49
[depth_angular_controller-1] [INFO] [1791304830.598487856] [depth_angular_controller]: PAPER_BUILD reason=FULL_MOTION_CERTIFICATE required=0.0000 best=0.0000 free=0 refined=0 tubes=64 revoked_tubes=0 proofs=128
[depth_angular_controller-1] [INFO] [1791304830.598494879] [depth_angular_controller]: PAPER_EVIDENCE retained=16 balls=32 revoked_balls=0 expired_views=0 evicted_views=57 radius=0.580 clearance=0.000 best_prefix=0.000
[depth_angular_controller-1] [INFO] [1791304831.122406423] [depth_angular_controller]: [PERF CTRL] run=omni_final_v17_ego1p3_3 elapsed=33.79s callbacks=1175 commands=1174 guidance=1054 command_fps(ros/wall)=60.00/58.53 guidance_wall_fps=58.35 avoid_ms(mean/p50/p95/max)=2.732/2.036/6.761/13.760 cycle_ms(mean/p95/max)=17.085/22.066/85.128 depth_to_cmd_ms(mean/p95/max)=45.462/83.333/100.000 callback_to_publish_ms(mean/p95/max)=4.273/9.678/18.319
[depth_angular_controller-1] [INFO] [1791304831.122526488] [depth_angular_controller]: EVIDENCE_COST ingest(mean/p95/max)=1.722/5.651/13.225 record=0.015/0.017/0.253 ms
[depth_angular_controller-1] [INFO] [1791304831.122534884] [depth_angular_controller]: EVIDENCE_PHASE per_view_mean_ms balls=0.062 tubes=0.050 history=0.293 eviction=0.001
[position_cmd_to_twist-2] [INFO] [1791304831.468920491] [position_cmd_to_twist]: [PERF BRIDGE] run=omni_final_v17_ego1p3_3 elapsed=34.03s received=1195 published=1195 fps(ros/wall)=60.00/58.61 controller_to_bridge_ms(mean/p50/p95/max)=0.028/0.000/0.000/16.667 bridge_process_ms(mean/p95/max)=0.088/0.113/0.242
[NAV] t=20.0s position=(-33.45,-3.66,3.51) yaw=8.7deg command=(1.74,0.92,-0.23) manual_active=1 collision_blocks=0
[depth_angular_controller-1] [INFO] [1791304831.551416236] [depth_angular_controller]: OMNI_DEPTH views=4 azimuth_bins=180 elevation_bins=37 valid=1 certificates=2 short=0 held=0 local_candidates=2 yaw=7.79
[depth_angular_controller-1] [INFO] [1791304831.551687566] [depth_angular_controller]: PAPER_BUILD reason=FULL_MOTION_CERTIFICATE required=0.0000 best=0.0000 free=0 refined=0 tubes=68 revoked_tubes=0 proofs=128
[depth_angular_controller-1] [INFO] [1791304831.551694429] [depth_angular_controller]: PAPER_EVIDENCE retained=16 balls=32 revoked_balls=0 expired_views=0 evicted_views=61 radius=0.580 clearance=0.000 best_prefix=0.000
[depth_angular_controller-1] [INFO] [1791304832.585803543] [depth_angular_controller]: OMNI_DEPTH views=4 azimuth_bins=180 elevation_bins=37 valid=1 certificates=1 short=0 held=0 local_candidates=3 yaw=7.53
[depth_angular_controller-1] [INFO] [1791304832.586086655] [depth_angular_controller]: PAPER_BUILD reason=FULL_MOTION_CERTIFICATE required=0.0000 best=0.0000 free=0 refined=0 tubes=72 revoked_tubes=0 proofs=128
[depth_angular_controller-1] [INFO] [1791304832.586097516] [depth_angular_controller]: PAPER_EVIDENCE retained=16 balls=32 revoked_balls=0 expired_views=0 evicted_views=65 radius=0.580 clearance=0.000 best_prefix=0.000
[depth_angular_controller-1] [INFO] [1791304833.723701239] [depth_angular_controller]: OMNI_DEPTH views=4 azimuth_bins=180 elevation_bins=37 valid=1 certificates=1 short=0 held=0 local_candidates=0 yaw=8.26
[depth_angular_controller-1] [INFO] [1791304833.724019888] [depth_angular_controller]: PAPER_BUILD reason=FULL_MOTION_CERTIFICATE required=0.0000 best=0.0000 free=0 refined=0 tubes=76 revoked_tubes=0 proofs=128
[depth_angular_controller-1] [INFO] [1791304833.724032131] [depth_angular_controller]: PAPER_EVIDENCE retained=16 balls=32 revoked_balls=0 expired_views=0 evicted_views=69 radius=0.580 clearance=0.000 best_prefix=0.000
[depth_angular_controller-1] [INFO] [1791304834.750068313] [depth_angular_controller]: OMNI_DEPTH views=4 azimuth_bins=180 elevation_bins=37 valid=1 certificates=1 short=0 held=0 local_candidates=0 yaw=8.26
[depth_angular_controller-1] [INFO] [1791304834.750386161] [depth_angular_controller]: PAPER_BUILD reason=FULL_MOTION_CERTIFICATE required=0.0000 best=0.0000 free=0 refined=0 tubes=80 revoked_tubes=0 proofs=128
[depth_angular_controller-1] [INFO] [1791304834.750394907] [depth_angular_controller]: PAPER_EVIDENCE retained=16 balls=32 revoked_balls=0 expired_views=0 evicted_views=73 radius=0.580 clearance=0.000 best_prefix=0.000
[depth_angular_controller-1] [INFO] [1791304835.824606386] [depth_angular_controller]: OMNI_DEPTH views=4 azimuth_bins=180 elevation_bins=37 valid=1 certificates=1 short=0 held=0 local_candidates=0 yaw=8.26
[depth_angular_controller-1] [INFO] [1791304835.824911480] [depth_angular_controller]: PAPER_BUILD reason=FULL_MOTION_CERTIFICATE required=0.0000 best=0.0000 free=0 refined=0 tubes=84 revoked_tubes=0 proofs=128
[depth_angular_controller-1] [INFO] [1791304835.824917140] [depth_angular_controller]: PAPER_EVIDENCE retained=16 balls=32 revoked_balls=0 expired_views=0 evicted_views=77 radius=0.580 clearance=0.000 best_prefix=0.000
[depth_angular_controller-1] [INFO] [1791304836.125328567] [depth_angular_controller]: [PERF CTRL] run=omni_final_v17_ego1p3_3 elapsed=38.80s callbacks=1457 commands=1456 guidance=1336 command_fps(ros/wall)=60.00/58.10 guidance_wall_fps=57.92 avoid_ms(mean/p50/p95/max)=2.449/1.758/6.600/13.760 cycle_ms(mean/p95/max)=17.212/22.050/85.128 depth_to_cmd_ms(mean/p95/max)=45.896/83.333/100.000 callback_to_publish_ms(mean/p95/max)=4.104/9.433/18.319
[depth_angular_controller-1] [INFO] [1791304836.125479611] [depth_angular_controller]: EVIDENCE_COST ingest(mean/p95/max)=1.760/5.651/13.225 record=0.015/0.018/0.253 ms
[depth_angular_controller-1] [INFO] [1791304836.125489740] [depth_angular_controller]: EVIDENCE_PHASE per_view_mean_ms balls=0.064 tubes=0.050 history=0.301 eviction=0.001
[position_cmd_to_twist-2] [INFO] [1791304836.950450049] [position_cmd_to_twist]: [PERF BRIDGE] run=omni_final_v17_ego1p3_3 elapsed=39.51s received=1495 published=1495 fps(ros/wall)=60.00/57.79 controller_to_bridge_ms(mean/p50/p95/max)=0.022/0.000/0.000/16.667 bridge_process_ms(mean/p95/max)=0.088/0.112/1.527
[NAV] t=25.0s position=(-23.82,-1.54,2.96) yaw=8.3deg command=(1.98,0.29,-0.00) manual_active=1 collision_blocks=0
[depth_angular_controller-1] [INFO] [1791304837.029773172] [depth_angular_controller]: OMNI_DEPTH views=4 azimuth_bins=180 elevation_bins=37 valid=1 certificates=1 short=0 held=0 local_candidates=0 yaw=8.26
[depth_angular_controller-1] [INFO] [1791304837.030118741] [depth_angular_controller]: PAPER_BUILD reason=FULL_MOTION_CERTIFICATE required=0.0000 best=0.0000 free=0 refined=0 tubes=88 revoked_tubes=0 proofs=128
[depth_angular_controller-1] [INFO] [1791304837.030124472] [depth_angular_controller]: PAPER_EVIDENCE retained=16 balls=32 revoked_balls=0 expired_views=0 evicted_views=81 radius=0.580 clearance=0.000 best_prefix=0.000
[depth_angular_controller-1] [INFO] [1791304838.048605957] [depth_angular_controller]: OMNI_DEPTH views=4 azimuth_bins=180 elevation_bins=37 valid=1 certificates=1 short=0 held=0 local_candidates=0 yaw=8.26
[depth_angular_controller-1] [INFO] [1791304838.048921841] [depth_angular_controller]: PAPER_BUILD reason=FULL_MOTION_CERTIFICATE required=0.0000 best=0.0000 free=0 refined=0 tubes=92 revoked_tubes=0 proofs=128
[depth_angular_controller-1] [INFO] [1791304838.048929415] [depth_angular_controller]: PAPER_EVIDENCE retained=16 balls=32 revoked_balls=0 expired_views=0 evicted_views=85 radius=0.580 clearance=0.000 best_prefix=0.000
[depth_angular_controller-1] [INFO] [1791304839.017553633] [depth_angular_controller]: OMNI_DEPTH views=4 azimuth_bins=180 elevation_bins=37 valid=1 certificates=1 short=0 held=0 local_candidates=0 yaw=8.26
[depth_angular_controller-1] [INFO] [1791304839.017858105] [depth_angular_controller]: PAPER_BUILD reason=FULL_MOTION_CERTIFICATE required=0.0000 best=0.0000 free=0 refined=0 tubes=96 revoked_tubes=0 proofs=128
[depth_angular_controller-1] [INFO] [1791304839.017868625] [depth_angular_controller]: PAPER_EVIDENCE retained=16 balls=32 revoked_balls=0 expired_views=0 evicted_views=89 radius=0.580 clearance=0.000 best_prefix=0.000
[depth_angular_controller-1] [INFO] [1791304839.969552937] [depth_angular_controller]: OMNI_DEPTH views=4 azimuth_bins=180 elevation_bins=37 valid=1 certificates=1 short=0 held=0 local_candidates=3 yaw=27.94
[depth_angular_controller-1] [INFO] [1791304839.970308797] [depth_angular_controller]: PAPER_BUILD reason=FULL_MOTION_CERTIFICATE required=0.0000 best=0.0000 free=0 refined=0 tubes=100 revoked_tubes=0 proofs=128
[depth_angular_controller-1] [INFO] [1791304839.970326471] [depth_angular_controller]: PAPER_EVIDENCE retained=16 balls=32 revoked_balls=0 expired_views=0 evicted_views=93 radius=0.580 clearance=0.000 best_prefix=0.000
[depth_angular_controller-1] [INFO] [1791304841.096378264] [depth_angular_controller]: OMNI_DEPTH views=4 azimuth_bins=180 elevation_bins=37 valid=1 certificates=1 short=0 held=0 local_candidates=3 yaw=34.84
[depth_angular_controller-1] [INFO] [1791304841.096689389] [depth_angular_controller]: PAPER_BUILD reason=FULL_MOTION_CERTIFICATE required=0.0000 best=0.0000 free=0 refined=0 tubes=104 revoked_tubes=0 proofs=128
[depth_angular_controller-1] [INFO] [1791304841.096695871] [depth_angular_controller]: PAPER_EVIDENCE retained=16 balls=32 revoked_balls=0 expired_views=0 evicted_views=97 radius=0.580 clearance=0.000 best_prefix=0.000
[depth_angular_controller-1] [INFO] [1791304841.129750160] [depth_angular_controller]: [PERF CTRL] run=omni_final_v17_ego1p3_3 elapsed=43.80s callbacks=1744 commands=1743 guidance=1623 command_fps(ros/wall)=60.00/57.97 guidance_wall_fps=57.82 avoid_ms(mean/p50/p95/max)=2.248/1.508/6.416/13.760 cycle_ms(mean/p95/max)=17.249/22.019/85.128 depth_to_cmd_ms(mean/p95/max)=46.252/83.333/100.000 callback_to_publish_ms(mean/p95/max)=3.946/9.021/18.319
[depth_angular_controller-1] [INFO] [1791304841.129913828] [depth_angular_controller]: EVIDENCE_COST ingest(mean/p95/max)=1.756/5.495/13.225 record=0.015/0.018/0.253 ms
[depth_angular_controller-1] [INFO] [1791304841.129922865] [depth_angular_controller]: EVIDENCE_PHASE per_view_mean_ms balls=0.062 tubes=0.050 history=0.302 eviction=0.001
[position_cmd_to_twist-2] [INFO] [1791304842.105618372] [position_cmd_to_twist]: [PERF BRIDGE] run=omni_final_v17_ego1p3_3 elapsed=44.67s received=1795 published=1795 fps(ros/wall)=60.00/57.85 controller_to_bridge_ms(mean/p50/p95/max)=0.019/0.000/0.000/16.667 bridge_process_ms(mean/p95/max)=0.089/0.112/1.688
[NAV] t=30.0s position=(-14.44,1.31,2.92) yaw=7.2deg command=(1.65,1.13,-0.06) manual_active=1 collision_blocks=0
[depth_angular_controller-1] [INFO] [1791304842.185638695] [depth_angular_controller]: OMNI_DEPTH views=4 azimuth_bins=180 elevation_bins=37 valid=1 certificates=1 short=0 held=0 local_candidates=3 yaw=34.42
[depth_angular_controller-1] [INFO] [1791304842.185957394] [depth_angular_controller]: PAPER_BUILD reason=FULL_MOTION_CERTIFICATE required=0.0000 best=0.0000 free=0 refined=0 tubes=108 revoked_tubes=0 proofs=128
[depth_angular_controller-1] [INFO] [1791304842.185965038] [depth_angular_controller]: PAPER_EVIDENCE retained=16 balls=32 revoked_balls=0 expired_views=0 evicted_views=101 radius=0.580 clearance=0.000 best_prefix=0.000
[depth_angular_controller-1] [INFO] [1791304843.201154988] [depth_angular_controller]: OMNI_DEPTH views=4 azimuth_bins=180 elevation_bins=37 valid=1 certificates=1 short=0 held=0 local_candidates=0 yaw=6.57
[depth_angular_controller-1] [INFO] [1791304843.201509975] [depth_angular_controller]: PAPER_BUILD reason=FULL_MOTION_CERTIFICATE required=0.0000 best=0.0000 free=0 refined=0 tubes=113 revoked_tubes=0 proofs=128
[depth_angular_controller-1] [INFO] [1791304843.201521086] [depth_angular_controller]: PAPER_EVIDENCE retained=16 balls=32 revoked_balls=0 expired_views=0 evicted_views=105 radius=0.580 clearance=0.000 best_prefix=0.000
[depth_angular_controller-1] [INFO] [1791304844.227050145] [depth_angular_controller]: OMNI_DEPTH views=4 azimuth_bins=180 elevation_bins=37 valid=1 certificates=1 short=0 held=0 local_candidates=0 yaw=6.45
[depth_angular_controller-1] [INFO] [1791304844.227372110] [depth_angular_controller]: PAPER_BUILD reason=FULL_MOTION_CERTIFICATE required=0.0000 best=0.0000 free=0 refined=0 tubes=117 revoked_tubes=0 proofs=128
[depth_angular_controller-1] [INFO] [1791304844.227379244] [depth_angular_controller]: PAPER_EVIDENCE retained=16 balls=32 revoked_balls=0 expired_views=0 evicted_views=109 radius=0.580 clearance=0.000 best_prefix=0.000
[depth_angular_controller-1] [INFO] [1791304845.248363633] [depth_angular_controller]: OMNI_DEPTH views=4 azimuth_bins=180 elevation_bins=37 valid=1 certificates=1 short=0 held=0 local_candidates=0 yaw=6.45
[depth_angular_controller-1] [INFO] [1791304845.248624894] [depth_angular_controller]: PAPER_BUILD reason=FULL_MOTION_CERTIFICATE required=0.0000 best=0.0000 free=0 refined=0 tubes=121 revoked_tubes=0 proofs=128
[depth_angular_controller-1] [INFO] [1791304845.248632488] [depth_angular_controller]: PAPER_EVIDENCE retained=16 balls=32 revoked_balls=0 expired_views=0 evicted_views=113 radius=0.580 clearance=0.000 best_prefix=0.000
[depth_angular_controller-1] [INFO] [1791304846.131040248] [depth_angular_controller]: [PERF CTRL] run=omni_final_v17_ego1p3_3 elapsed=48.80s callbacks=2037 commands=2036 guidance=1916 command_fps(ros/wall)=60.00/58.06 guidance_wall_fps=57.93 avoid_ms(mean/p50/p95/max)=2.017/1.234/6.201/13.760 cycle_ms(mean/p95/max)=17.223/22.004/85.128 depth_to_cmd_ms(mean/p95/max)=46.468/83.333/100.000 callback_to_publish_ms(mean/p95/max)=3.721/8.774/18.319
[depth_angular_controller-1] [INFO] [1791304846.131225546] [depth_angular_controller]: EVIDENCE_COST ingest(mean/p95/max)=1.726/5.449/13.225 record=0.015/0.018/0.253 ms
[depth_angular_controller-1] [INFO] [1791304846.131233371] [depth_angular_controller]: EVIDENCE_PHASE per_view_mean_ms balls=0.060 tubes=0.047 history=0.298 eviction=0.001
[depth_angular_controller-1] [INFO] [1791304846.213962946] [depth_angular_controller]: OMNI_DEPTH views=4 azimuth_bins=180 elevation_bins=37 valid=1 certificates=1 short=0 held=0 local_candidates=3 yaw=6.45
[depth_angular_controller-1] [INFO] [1791304846.214302053] [depth_angular_controller]: PAPER_BUILD reason=FULL_MOTION_CERTIFICATE required=0.0000 best=0.0000 free=0 refined=0 tubes=125 revoked_tubes=0 proofs=128
[depth_angular_controller-1] [INFO] [1791304846.214309818] [depth_angular_controller]: PAPER_EVIDENCE retained=16 balls=32 revoked_balls=0 expired_views=0 evicted_views=117 radius=0.580 clearance=0.000 best_prefix=0.000
[position_cmd_to_twist-2] [INFO] [1791304847.149099900] [position_cmd_to_twist]: [PERF BRIDGE] run=omni_final_v17_ego1p3_3 elapsed=49.71s received=2095 published=2095 fps(ros/wall)=60.00/58.07 controller_to_bridge_ms(mean/p50/p95/max)=0.056/0.000/0.000/16.667 bridge_process_ms(mean/p95/max)=0.088/0.111/1.688
[NAV] t=35.0s position=(-4.88,3.42,2.89) yaw=6.4deg command=(1.99,0.23,-0.00) manual_active=1 collision_blocks=0
[depth_angular_controller-1] [INFO] [1791304847.230894238] [depth_angular_controller]: OMNI_DEPTH views=4 azimuth_bins=180 elevation_bins=37 valid=1 certificates=2 short=0 held=0 local_candidates=2 yaw=7.34
[depth_angular_controller-1] [INFO] [1791304847.231212876] [depth_angular_controller]: PAPER_BUILD reason=FULL_MOTION_CERTIFICATE required=0.0000 best=0.0000 free=0 refined=0 tubes=129 revoked_tubes=0 proofs=128
[depth_angular_controller-1] [INFO] [1791304847.231218397] [depth_angular_controller]: PAPER_EVIDENCE retained=16 balls=32 revoked_balls=0 expired_views=0 evicted_views=121 radius=0.580 clearance=0.000 best_prefix=0.000
[depth_angular_controller-1] [INFO] [1791304848.191030784] [depth_angular_controller]: OMNI_DEPTH views=4 azimuth_bins=180 elevation_bins=37 valid=1 certificates=1 short=0 held=0 local_candidates=2 yaw=5.73
[depth_angular_controller-1] [INFO] [1791304848.191340977] [depth_angular_controller]: PAPER_BUILD reason=FULL_MOTION_CERTIFICATE required=0.0000 best=0.0000 free=0 refined=0 tubes=133 revoked_tubes=0 proofs=128
[depth_angular_controller-1] [INFO] [1791304848.191348942] [depth_angular_controller]: PAPER_EVIDENCE retained=16 balls=32 revoked_balls=0 expired_views=0 evicted_views=125 radius=0.580 clearance=0.000 best_prefix=0.000
[depth_angular_controller-1] [INFO] [1791304849.160853294] [depth_angular_controller]: OMNI_DEPTH views=4 azimuth_bins=180 elevation_bins=37 valid=1 certificates=1 short=0 held=0 local_candidates=0 yaw=6.47
[depth_angular_controller-1] [INFO] [1791304849.161152677] [depth_angular_controller]: PAPER_BUILD reason=FULL_MOTION_CERTIFICATE required=0.0000 best=0.0000 free=0 refined=0 tubes=137 revoked_tubes=0 proofs=128
[depth_angular_controller-1] [INFO] [1791304849.161158187] [depth_angular_controller]: PAPER_EVIDENCE retained=16 balls=32 revoked_balls=0 expired_views=0 evicted_views=129 radius=0.580 clearance=0.000 best_prefix=0.000
[depth_angular_controller-1] [INFO] [1791304850.120170852] [depth_angular_controller]: OMNI_DEPTH views=4 azimuth_bins=180 elevation_bins=37 valid=1 certificates=1 short=0 held=0 local_candidates=0 yaw=6.46
[depth_angular_controller-1] [INFO] [1791304850.120505481] [depth_angular_controller]: PAPER_BUILD reason=FULL_MOTION_CERTIFICATE required=0.0000 best=0.0000 free=0 refined=0 tubes=141 revoked_tubes=0 proofs=128
[depth_angular_controller-1] [INFO] [1791304850.120513716] [depth_angular_controller]: PAPER_EVIDENCE retained=16 balls=32 revoked_balls=0 expired_views=0 evicted_views=133 radius=0.580 clearance=0.000 best_prefix=0.000
[depth_angular_controller-1] [INFO] [1791304851.146196875] [depth_angular_controller]: OMNI_DEPTH views=4 azimuth_bins=180 elevation_bins=37 valid=1 certificates=1 short=0 held=0 local_candidates=2 yaw=22.98
[depth_angular_controller-1] [INFO] [1791304851.146870231] [depth_angular_controller]: [PERF CTRL] run=omni_final_v17_ego1p3_3 elapsed=53.82s callbacks=2342 commands=2341 guidance=2221 command_fps(ros/wall)=60.00/58.40 guidance_wall_fps=58.31 avoid_ms(mean/p50/p95/max)=2.230/1.300/6.902/14.412 cycle_ms(mean/p95/max)=17.122/22.003/85.128 depth_to_cmd_ms(mean/p95/max)=46.263/83.333/100.000 callback_to_publish_ms(mean/p95/max)=3.967/9.642/19.530
[depth_angular_controller-1] [INFO] [1791304851.147052804] [depth_angular_controller]: EVIDENCE_COST ingest(mean/p95/max)=1.754/5.452/13.225 record=0.015/0.018/0.253 ms
[depth_angular_controller-1] [INFO] [1791304851.147062242] [depth_angular_controller]: EVIDENCE_PHASE per_view_mean_ms balls=0.061 tubes=0.045 history=0.306 eviction=0.001
[depth_angular_controller-1] [INFO] [1791304851.147068333] [depth_angular_controller]: PAPER_BUILD reason=FULL_MOTION_CERTIFICATE required=0.0000 best=0.0000 free=0 refined=0 tubes=145 revoked_tubes=0 proofs=128
[depth_angular_controller-1] [INFO] [1791304851.147074204] [depth_angular_controller]: PAPER_EVIDENCE retained=16 balls=32 revoked_balls=0 expired_views=0 evicted_views=137 radius=0.580 clearance=0.000 best_prefix=0.000
[position_cmd_to_twist-2] [INFO] [1791304852.081740154] [position_cmd_to_twist]: [PERF BRIDGE] run=omni_final_v17_ego1p3_3 elapsed=54.64s received=2395 published=2395 fps(ros/wall)=60.00/58.40 controller_to_bridge_ms(mean/p50/p95/max)=0.070/0.000/0.000/16.667 bridge_process_ms(mean/p95/max)=0.089/0.111/1.688
[NAV] t=40.0s position=(4.89,4.91,2.36) yaw=6.1deg command=(1.70,1.02,-0.04) manual_active=1 collision_blocks=0
[depth_angular_controller-1] [INFO] [1791304852.228475926] [depth_angular_controller]: OMNI_DEPTH views=4 azimuth_bins=180 elevation_bins=37 valid=1 certificates=1 short=0 held=0 local_candidates=2 yaw=38.34
[depth_angular_controller-1] [INFO] [1791304852.228835562] [depth_angular_controller]: PAPER_BUILD reason=FULL_MOTION_CERTIFICATE required=0.0000 best=0.0000 free=0 refined=0 tubes=149 revoked_tubes=0 proofs=128
[depth_angular_controller-1] [INFO] [1791304852.228846563] [depth_angular_controller]: PAPER_EVIDENCE retained=16 balls=32 revoked_balls=0 expired_views=0 evicted_views=141 radius=0.580 clearance=0.000 best_prefix=0.000
[depth_angular_controller-1] [INFO] [1791304853.321222298] [depth_angular_controller]: OMNI_DEPTH views=4 azimuth_bins=180 elevation_bins=37 valid=1 certificates=1 short=0 held=0 local_candidates=3 yaw=32.06
[depth_angular_controller-1] [INFO] [1791304853.321549423] [depth_angular_controller]: PAPER_BUILD reason=FULL_MOTION_CERTIFICATE required=0.0000 best=0.0000 free=0 refined=0 tubes=153 revoked_tubes=0 proofs=128
[depth_angular_controller-1] [INFO] [1791304853.321560203] [depth_angular_controller]: PAPER_EVIDENCE retained=16 balls=32 revoked_balls=0 expired_views=0 evicted_views=145 radius=0.580 clearance=0.000 best_prefix=0.000
[depth_angular_controller-1] [INFO] [1791304854.337609918] [depth_angular_controller]: OMNI_DEPTH views=4 azimuth_bins=180 elevation_bins=37 valid=1 certificates=1 short=0 held=0 local_candidates=3 yaw=25.82
[depth_angular_controller-1] [INFO] [1791304854.337881168] [depth_angular_controller]: PAPER_BUILD reason=FULL_MOTION_CERTIFICATE required=0.0000 best=0.0000 free=0 refined=0 tubes=157 revoked_tubes=0 proofs=128
[depth_angular_controller-1] [INFO] [1791304854.337886528] [depth_angular_controller]: PAPER_EVIDENCE retained=16 balls=32 revoked_balls=0 expired_views=0 evicted_views=149 radius=0.580 clearance=0.000 best_prefix=0.000
[depth_angular_controller-1] [INFO] [1791304855.366982471] [depth_angular_controller]: OMNI_DEPTH views=4 azimuth_bins=180 elevation_bins=37 valid=1 certificates=1 short=0 held=0 local_candidates=2 yaw=19.99
[depth_angular_controller-1] [INFO] [1791304855.367316769] [depth_angular_controller]: PAPER_BUILD reason=FULL_MOTION_CERTIFICATE required=0.0000 best=0.0000 free=0 refined=0 tubes=161 revoked_tubes=0 proofs=128
[depth_angular_controller-1] [INFO] [1791304855.367328091] [depth_angular_controller]: PAPER_EVIDENCE retained=16 balls=32 revoked_balls=0 expired_views=0 evicted_views=153 radius=0.580 clearance=0.000 best_prefix=0.000
[depth_angular_controller-1] [INFO] [1791304856.162999496] [depth_angular_controller]: [PERF CTRL] run=omni_final_v17_ego1p3_3 elapsed=58.83s callbacks=2620 commands=2619 guidance=2499 command_fps(ros/wall)=60.00/58.07 guidance_wall_fps=57.98 avoid_ms(mean/p50/p95/max)=2.327/1.561/6.885/14.412 cycle_ms(mean/p95/max)=17.220/22.094/85.128 depth_to_cmd_ms(mean/p95/max)=45.818/83.333/100.000 callback_to_publish_ms(mean/p95/max)=4.090/9.678/19.530
[depth_angular_controller-1] [INFO] [1791304856.163213047] [depth_angular_controller]: EVIDENCE_COST ingest(mean/p95/max)=1.772/5.453/13.225 record=0.015/0.018/0.253 ms
[depth_angular_controller-1] [INFO] [1791304856.163222696] [depth_angular_controller]: EVIDENCE_PHASE per_view_mean_ms balls=0.061 tubes=0.046 history=0.309 eviction=0.001
[depth_angular_controller-1] [INFO] [1791304856.514787075] [depth_angular_controller]: OMNI_DEPTH views=4 azimuth_bins=180 elevation_bins=37 valid=1 certificates=1 short=0 held=0 local_candidates=2 yaw=16.26
[depth_angular_controller-1] [INFO] [1791304856.515153934] [depth_angular_controller]: PAPER_BUILD reason=FULL_MOTION_CERTIFICATE required=0.0000 best=0.0000 free=0 refined=0 tubes=165 revoked_tubes=0 proofs=128
[depth_angular_controller-1] [INFO] [1791304856.515169433] [depth_angular_controller]: PAPER_EVIDENCE retained=16 balls=32 revoked_balls=0 expired_views=0 evicted_views=156 radius=0.580 clearance=0.000 best_prefix=0.000
[position_cmd_to_twist-2] [INFO] [1791304857.457345928] [position_cmd_to_twist]: [PERF BRIDGE] run=omni_final_v17_ego1p3_3 elapsed=60.02s received=2695 published=2695 fps(ros/wall)=60.00/58.11 controller_to_bridge_ms(mean/p50/p95/max)=0.080/0.000/0.000/16.667 bridge_process_ms(mean/p95/max)=0.088/0.110/1.688
[NAV] t=45.0s position=(13.80,8.95,3.29) yaw=2.6deg command=(1.97,0.28,0.03) manual_active=1 collision_blocks=0
[depth_angular_controller-1] [INFO] [1791304857.538930591] [depth_angular_controller]: OMNI_DEPTH views=4 azimuth_bins=180 elevation_bins=37 valid=1 certificates=1 short=0 held=0 local_candidates=0 yaw=2.57
[depth_angular_controller-1] [INFO] [1791304857.539311306] [depth_angular_controller]: PAPER_BUILD reason=FULL_MOTION_CERTIFICATE required=0.0000 best=0.0000 free=0 refined=0 tubes=169 revoked_tubes=0 proofs=128
[depth_angular_controller-1] [INFO] [1791304857.539319542] [depth_angular_controller]: PAPER_EVIDENCE retained=16 balls=32 revoked_balls=0 expired_views=0 evicted_views=160 radius=0.580 clearance=0.000 best_prefix=0.000
[depth_angular_controller-1] [INFO] [1791304858.558894382] [depth_angular_controller]: OMNI_DEPTH views=4 azimuth_bins=180 elevation_bins=37 valid=1 certificates=1 short=0 held=0 local_candidates=0 yaw=2.50
[depth_angular_controller-1] [INFO] [1791304858.559464583] [depth_angular_controller]: PAPER_BUILD reason=FULL_MOTION_CERTIFICATE required=0.0000 best=0.0000 free=0 refined=0 tubes=173 revoked_tubes=0 proofs=128
[depth_angular_controller-1] [INFO] [1791304858.559488588] [depth_angular_controller]: PAPER_EVIDENCE retained=16 balls=32 revoked_balls=0 expired_views=0 evicted_views=164 radius=0.580 clearance=0.000 best_prefix=0.000
[depth_angular_controller-1] [INFO] [1791304859.516267786] [depth_angular_controller]: OMNI_DEPTH views=4 azimuth_bins=180 elevation_bins=37 valid=1 certificates=1 short=0 held=0 local_candidates=0 yaw=2.50
[depth_angular_controller-1] [INFO] [1791304859.516622542] [depth_angular_controller]: PAPER_BUILD reason=FULL_MOTION_CERTIFICATE required=0.0000 best=0.0000 free=0 refined=0 tubes=177 revoked_tubes=0 proofs=128
[depth_angular_controller-1] [INFO] [1791304859.516630828] [depth_angular_controller]: PAPER_EVIDENCE retained=16 balls=32 revoked_balls=0 expired_views=0 evicted_views=168 radius=0.580 clearance=0.000 best_prefix=0.000
[depth_angular_controller-1] [INFO] [1791304860.480404209] [depth_angular_controller]: OMNI_DEPTH views=4 azimuth_bins=180 elevation_bins=37 valid=1 certificates=1 short=0 held=0 local_candidates=0 yaw=2.50
[depth_angular_controller-1] [INFO] [1791304860.481154990] [depth_angular_controller]: PAPER_BUILD reason=FULL_MOTION_CERTIFICATE required=0.0000 best=0.0000 free=0 refined=0 tubes=181 revoked_tubes=0 proofs=128
[depth_angular_controller-1] [INFO] [1791304860.481166071] [depth_angular_controller]: PAPER_EVIDENCE retained=16 balls=32 revoked_balls=0 expired_views=0 evicted_views=172 radius=0.580 clearance=0.000 best_prefix=0.000
[depth_angular_controller-1] [INFO] [1791304861.164882167] [depth_angular_controller]: [PERF CTRL] run=omni_final_v17_ego1p3_3 elapsed=63.84s callbacks=2925 commands=2924 guidance=2804 command_fps(ros/wall)=60.00/58.36 guidance_wall_fps=58.29 avoid_ms(mean/p50/p95/max)=2.223/1.403/6.759/17.232 cycle_ms(mean/p95/max)=17.134/22.254/86.351 depth_to_cmd_ms(mean/p95/max)=45.364/83.333/100.000 callback_to_publish_ms(mean/p95/max)=4.031/9.609/25.565
[depth_angular_controller-1] [INFO] [1791304861.165119734] [depth_angular_controller]: EVIDENCE_COST ingest(mean/p95/max)=1.799/5.533/13.225 record=0.018/0.019/0.893 ms
[depth_angular_controller-1] [INFO] [1791304861.165127048] [depth_angular_controller]: EVIDENCE_PHASE per_view_mean_ms balls=0.063 tubes=0.052 history=0.308 eviction=0.001
[depth_angular_controller-1] [INFO] [1791304861.426373411] [depth_angular_controller]: OMNI_DEPTH views=4 azimuth_bins=180 elevation_bins=37 valid=1 certificates=1 short=0 held=0 local_candidates=3 yaw=12.58
[depth_angular_controller-1] [INFO] [1791304861.426796897] [depth_angular_controller]: PAPER_BUILD reason=FULL_MOTION_CERTIFICATE required=0.0000 best=0.0000 free=0 refined=0 tubes=185 revoked_tubes=0 proofs=128
[depth_angular_controller-1] [INFO] [1791304861.426803970] [depth_angular_controller]: PAPER_EVIDENCE retained=16 balls=32 revoked_balls=0 expired_views=0 evicted_views=176 radius=0.580 clearance=0.000 best_prefix=0.000
[position_cmd_to_twist-2] [INFO] [1791304862.425519599] [position_cmd_to_twist]: [PERF BRIDGE] run=omni_final_v17_ego1p3_3 elapsed=64.99s received=2995 published=2995 fps(ros/wall)=60.00/58.33 controller_to_bridge_ms(mean/p50/p95/max)=0.072/0.000/0.000/16.667 bridge_process_ms(mean/p95/max)=0.088/0.109/1.688
[NAV] t=50.0s position=(23.72,9.79,3.43) yaw=2.0deg command=(1.90,0.56,0.25) manual_active=1 collision_blocks=0
[depth_angular_controller-1] [INFO] [1791304862.506304219] [depth_angular_controller]: OMNI_DEPTH views=4 azimuth_bins=180 elevation_bins=37 valid=1 certificates=1 short=0 held=0 local_candidates=3 yaw=18.60
[depth_angular_controller-1] [INFO] [1791304862.506614552] [depth_angular_controller]: PAPER_BUILD reason=FULL_MOTION_CERTIFICATE required=0.0000 best=0.0000 free=0 refined=0 tubes=189 revoked_tubes=0 proofs=128
[depth_angular_controller-1] [INFO] [1791304862.506625903] [depth_angular_controller]: PAPER_EVIDENCE retained=16 balls=32 revoked_balls=0 expired_views=0 evicted_views=180 radius=0.580 clearance=0.000 best_prefix=0.000
[depth_angular_controller-1] [INFO] [1791304863.480003675] [depth_angular_controller]: OMNI_DEPTH views=4 azimuth_bins=180 elevation_bins=37 valid=1 certificates=1 short=0 held=0 local_candidates=3 yaw=25.12
[depth_angular_controller-1] [INFO] [1791304863.480799300] [depth_angular_controller]: PAPER_BUILD reason=FULL_MOTION_CERTIFICATE required=0.0000 best=0.0000 free=0 refined=0 tubes=193 revoked_tubes=0 proofs=128
[depth_angular_controller-1] [INFO] [1791304863.480833735] [depth_angular_controller]: PAPER_EVIDENCE retained=16 balls=32 revoked_balls=0 expired_views=0 evicted_views=184 radius=0.580 clearance=0.000 best_prefix=0.000
[depth_angular_controller-1] [INFO] [1791304864.569207028] [depth_angular_controller]: OMNI_DEPTH views=4 azimuth_bins=180 elevation_bins=37 valid=1 certificates=1 short=0 held=0 local_candidates=3 yaw=26.00
[depth_angular_controller-1] [INFO] [1791304864.569559531] [depth_angular_controller]: PAPER_BUILD reason=FULL_MOTION_CERTIFICATE required=0.0000 best=0.0000 free=0 refined=0 tubes=197 revoked_tubes=0 proofs=128
[depth_angular_controller-1] [INFO] [1791304864.569565422] [depth_angular_controller]: PAPER_EVIDENCE retained=16 balls=32 revoked_balls=0 expired_views=0 evicted_views=188 radius=0.580 clearance=0.000 best_prefix=0.000
[depth_angular_controller-1] [INFO] [1791304865.653987189] [depth_angular_controller]: OMNI_DEPTH views=4 azimuth_bins=180 elevation_bins=37 valid=1 certificates=1 short=0 held=0 local_candidates=0 yaw=-1.55
[depth_angular_controller-1] [INFO] [1791304865.654343970] [depth_angular_controller]: PAPER_BUILD reason=FULL_MOTION_CERTIFICATE required=0.0000 best=0.0000 free=0 refined=0 tubes=201 revoked_tubes=0 proofs=128
[depth_angular_controller-1] [INFO] [1791304865.654349360] [depth_angular_controller]: PAPER_EVIDENCE retained=16 balls=32 revoked_balls=0 expired_views=0 evicted_views=192 radius=0.580 clearance=0.000 best_prefix=0.000
[depth_angular_controller-1] [INFO] [1791304866.175622866] [depth_angular_controller]: [PERF CTRL] run=omni_final_v17_ego1p3_3 elapsed=68.85s callbacks=3211 commands=3210 guidance=3090 command_fps(ros/wall)=60.00/58.25 guidance_wall_fps=58.17 avoid_ms(mean/p50/p95/max)=2.154/1.348/6.643/17.232 cycle_ms(mean/p95/max)=17.169/22.223/86.351 depth_to_cmd_ms(mean/p95/max)=45.000/83.333/100.000 callback_to_publish_ms(mean/p95/max)=3.959/9.377/25.565
[depth_angular_controller-1] [INFO] [1791304866.175911869] [depth_angular_controller]: EVIDENCE_COST ingest(mean/p95/max)=1.783/5.479/13.225 record=0.018/0.019/0.893 ms
[depth_angular_controller-1] [INFO] [1791304866.175919634] [depth_angular_controller]: EVIDENCE_PHASE per_view_mean_ms balls=0.062 tubes=0.050 history=0.307 eviction=0.001
[depth_angular_controller-1] [INFO] [1791304866.665766860] [depth_angular_controller]: OMNI_DEPTH views=4 azimuth_bins=180 elevation_bins=37 valid=1 certificates=1 short=0 held=0 local_candidates=0 yaw=-2.41
[depth_angular_controller-1] [INFO] [1791304866.666117579] [depth_angular_controller]: PAPER_BUILD reason=FULL_MOTION_CERTIFICATE required=0.0000 best=0.0000 free=0 refined=0 tubes=205 revoked_tubes=0 proofs=128
[depth_angular_controller-1] [INFO] [1791304866.666123149] [depth_angular_controller]: PAPER_EVIDENCE retained=16 balls=32 revoked_balls=0 expired_views=0 evicted_views=196 radius=0.580 clearance=0.000 best_prefix=0.000
[position_cmd_to_twist-2] [INFO] [1791304867.608191310] [position_cmd_to_twist]: [PERF BRIDGE] run=omni_final_v17_ego1p3_3 elapsed=70.17s received=3295 published=3295 fps(ros/wall)=60.00/58.29 controller_to_bridge_ms(mean/p50/p95/max)=0.066/0.000/0.000/16.667 bridge_process_ms(mean/p95/max)=0.088/0.109/1.688
[NAV] t=55.0s position=(33.00,12.52,4.44) yaw=-2.4deg command=(2.00,-0.09,-0.10) manual_active=1 collision_blocks=0
[depth_angular_controller-1] [INFO] [1791304867.696217960] [depth_angular_controller]: OMNI_DEPTH views=4 azimuth_bins=180 elevation_bins=37 valid=1 certificates=1 short=0 held=0 local_candidates=3 yaw=-1.55
[depth_angular_controller-1] [INFO] [1791304867.696518464] [depth_angular_controller]: PAPER_BUILD reason=FULL_MOTION_CERTIFICATE required=0.0000 best=0.0000 free=0 refined=0 tubes=209 revoked_tubes=0 proofs=128
[depth_angular_controller-1] [INFO] [1791304867.696525608] [depth_angular_controller]: PAPER_EVIDENCE retained=16 balls=32 revoked_balls=0 expired_views=0 evicted_views=200 radius=0.580 clearance=0.000 best_prefix=0.000
[depth_angular_controller-1] [INFO] [1791304868.788340369] [depth_angular_controller]: OMNI_DEPTH views=4 azimuth_bins=180 elevation_bins=37 valid=1 certificates=1 short=0 held=0 local_candidates=3 yaw=-25.37
[depth_angular_controller-1] [INFO] [1791304868.788892096] [depth_angular_controller]: PAPER_BUILD reason=FULL_MOTION_CERTIFICATE required=0.0000 best=0.0000 free=0 refined=0 tubes=214 revoked_tubes=0 proofs=128
[depth_angular_controller-1] [INFO] [1791304868.788916442] [depth_angular_controller]: PAPER_EVIDENCE retained=16 balls=32 revoked_balls=0 expired_views=0 evicted_views=204 radius=0.580 clearance=0.000 best_prefix=0.000
[depth_angular_controller-1] [INFO] [1791304869.802947092] [depth_angular_controller]: OMNI_DEPTH views=4 azimuth_bins=180 elevation_bins=37 valid=1 certificates=1 short=0 held=0 local_candidates=0 yaw=-0.54
[depth_angular_controller-1] [INFO] [1791304869.803243720] [depth_angular_controller]: PAPER_BUILD reason=FULL_MOTION_CERTIFICATE required=0.0000 best=0.0000 free=0 refined=0 tubes=218 revoked_tubes=0 proofs=128
[depth_angular_controller-1] [INFO] [1791304869.803251584] [depth_angular_controller]: PAPER_EVIDENCE retained=16 balls=32 revoked_balls=0 expired_views=0 evicted_views=208 radius=0.580 clearance=0.000 best_prefix=0.000
[depth_angular_controller-1] [INFO] [1791304870.946389438] [depth_angular_controller]: OMNI_DEPTH views=4 azimuth_bins=180 elevation_bins=37 valid=1 certificates=1 short=0 held=0 local_candidates=0 yaw=0.70
[depth_angular_controller-1] [INFO] [1791304870.946769342] [depth_angular_controller]: PAPER_BUILD reason=FULL_MOTION_CERTIFICATE required=0.0000 best=0.0000 free=0 refined=0 tubes=222 revoked_tubes=0 proofs=128
[depth_angular_controller-1] [INFO] [1791304870.946785021] [depth_angular_controller]: PAPER_EVIDENCE retained=16 balls=32 revoked_balls=0 expired_views=0 evicted_views=212 radius=0.580 clearance=0.000 best_prefix=0.000
[depth_angular_controller-1] [INFO] [1791304871.187445788] [depth_angular_controller]: [PERF CTRL] run=omni_final_v17_ego1p3_3 elapsed=73.86s callbacks=3497 commands=3496 guidance=3376 command_fps(ros/wall)=60.00/58.15 guidance_wall_fps=58.08 avoid_ms(mean/p50/p95/max)=2.086/1.287/6.497/17.232 cycle_ms(mean/p95/max)=17.198/22.124/86.351 depth_to_cmd_ms(mean/p95/max)=44.431/83.333/100.000 callback_to_publish_ms(mean/p95/max)=3.895/9.166/25.565
[depth_angular_controller-1] [INFO] [1791304871.187759438] [depth_angular_controller]: EVIDENCE_COST ingest(mean/p95/max)=1.778/5.467/13.225 record=0.018/0.019/0.893 ms
[depth_angular_controller-1] [INFO] [1791304871.187766541] [depth_angular_controller]: EVIDENCE_PHASE per_view_mean_ms balls=0.060 tubes=0.052 history=0.304 eviction=0.001
[depth_angular_controller-1] [INFO] [1791304872.022232664] [depth_angular_controller]: OMNI_DEPTH views=4 azimuth_bins=180 elevation_bins=37 valid=1 certificates=2 short=0 held=0 local_candidates=2 yaw=0.77
[depth_angular_controller-1] [INFO] [1791304872.022565289] [depth_angular_controller]: PAPER_BUILD reason=FULL_MOTION_CERTIFICATE required=0.0000 best=0.0000 free=0 refined=0 tubes=226 revoked_tubes=0 proofs=128
[depth_angular_controller-1] [INFO] [1791304872.022573594] [depth_angular_controller]: PAPER_EVIDENCE retained=16 balls=32 revoked_balls=0 expired_views=0 evicted_views=216 radius=0.580 clearance=0.000 best_prefix=0.000
[position_cmd_to_twist-2] [INFO] [1791304872.960965626] [position_cmd_to_twist]: [PERF BRIDGE] run=omni_final_v17_ego1p3_3 elapsed=75.52s received=3595 published=3595 fps(ros/wall)=60.00/58.09 controller_to_bridge_ms(mean/p50/p95/max)=0.060/0.000/0.000/16.667 bridge_process_ms(mean/p95/max)=0.088/0.109/1.688
[NAV] t=60.0s position=(42.56,11.01,4.26) yaw=0.5deg command=(1.91,0.26,-0.49) manual_active=1 collision_blocks=0
[depth_angular_controller-1] [INFO] [1791304873.047702322] [depth_angular_controller]: OMNI_DEPTH views=4 azimuth_bins=180 elevation_bins=37 valid=1 certificates=1 short=0 held=0 local_candidates=2 yaw=4.73
[depth_angular_controller-1] [INFO] [1791304873.048004820] [depth_angular_controller]: PAPER_BUILD reason=FULL_MOTION_CERTIFICATE required=0.0000 best=0.0000 free=0 refined=0 tubes=230 revoked_tubes=0 proofs=128
[depth_angular_controller-1] [INFO] [1791304873.048012565] [depth_angular_controller]: PAPER_EVIDENCE retained=16 balls=32 revoked_balls=0 expired_views=0 evicted_views=220 radius=0.580 clearance=0.000 best_prefix=0.000
[depth_angular_controller-1] [INFO] [1791304874.058310280] [depth_angular_controller]: OMNI_DEPTH views=4 azimuth_bins=180 elevation_bins=37 valid=1 certificates=1 short=0 held=0 local_candidates=3 yaw=8.16
[depth_angular_controller-1] [INFO] [1791304874.058670397] [depth_angular_controller]: PAPER_BUILD reason=FULL_MOTION_CERTIFICATE required=0.0000 best=0.0000 free=0 refined=0 tubes=234 revoked_tubes=0 proofs=128
[depth_angular_controller-1] [INFO] [1791304874.058677440] [depth_angular_controller]: PAPER_EVIDENCE retained=16 balls=32 revoked_balls=0 expired_views=0 evicted_views=224 radius=0.580 clearance=0.000 best_prefix=0.000
[depth_angular_controller-1] [INFO] [1791304875.025358897] [depth_angular_controller]: OMNI_DEPTH views=4 azimuth_bins=180 elevation_bins=37 valid=1 certificates=1 short=0 held=0 local_candidates=3 yaw=9.22
[depth_angular_controller-1] [INFO] [1791304875.025748349] [depth_angular_controller]: PAPER_BUILD reason=FULL_MOTION_CERTIFICATE required=0.0000 best=0.0000 free=0 refined=0 tubes=238 revoked_tubes=0 proofs=128
[depth_angular_controller-1] [INFO] [1791304875.025756544] [depth_angular_controller]: PAPER_EVIDENCE retained=16 balls=32 revoked_balls=0 expired_views=0 evicted_views=228 radius=0.580 clearance=0.000 best_prefix=0.000
[depth_angular_controller-1] [INFO] [1791304876.168534431] [depth_angular_controller]: OMNI_DEPTH views=4 azimuth_bins=180 elevation_bins=37 valid=1 certificates=5 short=0 held=0 local_candidates=2 yaw=11.42
[depth_angular_controller-1] [INFO] [1791304876.173440491] [depth_angular_controller]: PAPER_BUILD reason=FULL_MOTION_CERTIFICATE required=0.0000 best=0.0000 free=0 refined=0 tubes=242 revoked_tubes=0 proofs=128
[depth_angular_controller-1] [INFO] [1791304876.173463454] [depth_angular_controller]: PAPER_EVIDENCE retained=16 balls=32 revoked_balls=0 expired_views=0 evicted_views=232 radius=0.580 clearance=0.000 best_prefix=0.000
[depth_angular_controller-1] [INFO] [1791304876.277290939] [depth_angular_controller]: [PERF CTRL] run=omni_final_v17_ego1p3_3 elapsed=78.95s callbacks=3778 commands=3777 guidance=3657 command_fps(ros/wall)=59.89/57.92 guidance_wall_fps=57.85 avoid_ms(mean/p50/p95/max)=2.280/1.403/6.611/93.944 cycle_ms(mean/p95/max)=17.266/22.124/103.313 depth_to_cmd_ms(mean/p95/max)=43.879/83.333/100.000 callback_to_publish_ms(mean/p95/max)=4.091/9.540/102.805
[depth_angular_controller-1] [INFO] [1791304876.277607003] [depth_angular_controller]: EVIDENCE_COST ingest(mean/p95/max)=1.782/5.479/13.225 record=0.018/0.019/0.893 ms
[depth_angular_controller-1] [INFO] [1791304876.277614988] [depth_angular_controller]: EVIDENCE_PHASE per_view_mean_ms balls=0.060 tubes=0.053 history=0.304 eviction=0.001
[depth_angular_controller-1] [INFO] [1791304876.277635446] [depth_angular_controller]: COMPUTE_DEADLINE
[depth_angular_controller-1] [INFO] [1791304876.314868258] [depth_angular_controller]: DEPTH_PROPOSAL_CERTIFIED
[depth_angular_controller-1] [INFO] [1791304877.212666682] [depth_angular_controller]: COMPUTE_DEADLINE
[depth_angular_controller-1] [INFO] [1791304877.212701387] [depth_angular_controller]: PAPER_BUILD reason=STATE_DIRECTION_UNCERTIFIED required=1.0505 best=4.0383 free=182 refined=1 tubes=245 revoked_tubes=0 proofs=128
[depth_angular_controller-1] [INFO] [1791304877.212709933] [depth_angular_controller]: PAPER_EVIDENCE retained=16 balls=32 revoked_balls=0 expired_views=0 evicted_views=236 radius=0.580 clearance=0.000 best_prefix=4.038
[depth_angular_controller-1] [INFO] [1791304877.252384314] [depth_angular_controller]: OMNI_DEPTH views=4 azimuth_bins=180 elevation_bins=37 valid=1 certificates=8 short=0 held=0 local_candidates=1 yaw=-5.32
[depth_angular_controller-1] [INFO] [1791304877.815917609] [depth_angular_controller]: UNOBSERVED_BODY_ENVELOPE
[position_cmd_to_twist-2] [INFO] [1791304878.093183338] [position_cmd_to_twist]: [PERF BRIDGE] run=omni_final_v17_ego1p3_3 elapsed=80.66s received=3804 published=3801 fps(ros/wall)=58.63/56.72 controller_to_bridge_ms(mean/p50/p95/max)=0.613/0.000/0.000/600.000 bridge_process_ms(mean/p95/max)=0.088/0.110/1.688
[NAV] t=65.0s position=(50.09,12.23,1.86) yaw=-4.2deg command=(0.00,0.00,0.00) manual_active=1 collision_blocks=0
[depth_angular_controller-1] [INFO] [1791304878.227258908] [depth_angular_controller]: PAPER_BUILD reason= required=0.0000 best=0.0000 free=0 refined=0 tubes=245 revoked_tubes=0 proofs=128
[depth_angular_controller-1] [INFO] [1791304878.227293623] [depth_angular_controller]: PAPER_EVIDENCE retained=16 balls=32 revoked_balls=0 expired_views=0 evicted_views=241 radius=0.580 clearance=0.000 best_prefix=8.072
[depth_angular_controller-1] [INFO] [1791304878.252463075] [depth_angular_controller]: OMNI_DEPTH views=4 azimuth_bins=180 elevation_bins=37 valid=0 certificates=64 short=0 held=0 local_candidates=0 yaw=0.00
[depth_angular_controller-1] [INFO] [1791304879.269812663] [depth_angular_controller]: PAPER_BUILD reason= required=0.0000 best=0.0000 free=0 refined=0 tubes=245 revoked_tubes=0 proofs=128
[depth_angular_controller-1] [INFO] [1791304879.269850123] [depth_angular_controller]: PAPER_EVIDENCE retained=16 balls=32 revoked_balls=0 expired_views=0 evicted_views=241 radius=0.580 clearance=0.000 best_prefix=8.072
[depth_angular_controller-1] [INFO] [1791304879.318332106] [depth_angular_controller]: OMNI_DEPTH views=4 azimuth_bins=180 elevation_bins=37 valid=0 certificates=64 short=0 held=0 local_candidates=0 yaw=0.00
[depth_angular_controller-1] [INFO] [1791304880.216448597] [depth_angular_controller]: PAPER_BUILD reason= required=0.0000 best=0.0000 free=0 refined=0 tubes=245 revoked_tubes=0 proofs=128
[depth_angular_controller-1] [INFO] [1791304880.216488102] [depth_angular_controller]: PAPER_EVIDENCE retained=16 balls=32 revoked_balls=0 expired_views=0 evicted_views=241 radius=0.580 clearance=0.000 best_prefix=8.072
[depth_angular_controller-1] [INFO] [1791304880.243965510] [depth_angular_controller]: OMNI_DEPTH views=4 azimuth_bins=180 elevation_bins=37 valid=0 certificates=64 short=0 held=0 local_candidates=0 yaw=0.00
[depth_angular_controller-1] [INFO] [1791304881.169038482] [depth_angular_controller]: PAPER_BUILD reason= required=0.0000 best=0.0000 free=0 refined=0 tubes=245 revoked_tubes=0 proofs=128
[depth_angular_controller-1] [INFO] [1791304881.169079308] [depth_angular_controller]: PAPER_EVIDENCE retained=16 balls=32 revoked_balls=0 expired_views=0 evicted_views=241 radius=0.580 clearance=0.000 best_prefix=8.072
[depth_angular_controller-1] [INFO] [1791304881.197345920] [depth_angular_controller]: OMNI_DEPTH views=4 azimuth_bins=180 elevation_bins=37 valid=0 certificates=64 short=0 held=0 local_candidates=0 yaw=0.00
[depth_angular_controller-1] [INFO] [1791304881.295447233] [depth_angular_controller]: [PERF CTRL] run=omni_final_v17_ego1p3_3 elapsed=83.97s callbacks=3930 commands=3929 guidance=3809 command_fps(ros/wall)=57.60/55.94 guidance_wall_fps=55.82 avoid_ms(mean/p50/p95/max)=3.309/1.512/10.611/556.971 cycle_ms(mean/p95/max)=17.875/23.914/570.165 depth_to_cmd_ms(mean/p95/max)=43.235/83.333/100.000 callback_to_publish_ms(mean/p95/max)=5.148/13.464/570.033
[depth_angular_controller-1] [INFO] [1791304881.296181253] [depth_angular_controller]: EVIDENCE_COST ingest(mean/p95/max)=1.836/5.569/13.225 record=0.020/0.038/0.893 ms
[depth_angular_controller-1] [INFO] [1791304881.296192604] [depth_angular_controller]: EVIDENCE_PHASE per_view_mean_ms balls=0.063 tubes=0.054 history=0.312 eviction=0.001
[depth_angular_controller-1] [INFO] [1791304882.033505656] [depth_angular_controller]: PAPER_BUILD reason= required=0.0000 best=0.0000 free=0 refined=0 tubes=245 revoked_tubes=0 proofs=128
[depth_angular_controller-1] [INFO] [1791304882.033544649] [depth_angular_controller]: PAPER_EVIDENCE retained=16 balls=32 revoked_balls=0 expired_views=0 evicted_views=241 radius=0.580 clearance=0.000 best_prefix=8.072
[depth_angular_controller-1] [INFO] [1791304882.062437878] [depth_angular_controller]: OMNI_DEPTH views=4 azimuth_bins=180 elevation_bins=37 valid=0 certificates=64 short=0 held=0 local_candidates=0 yaw=0.00
[position_cmd_to_twist-2] [INFO] [1791304882.815252573] [position_cmd_to_twist]: [PERF BRIDGE] run=omni_final_v17_ego1p3_3 elapsed=85.38s received=3989 published=3986 fps(ros/wall)=57.07/55.56 controller_to_bridge_ms(mean/p50/p95/max)=1.817/0.000/16.667/600.000 bridge_process_ms(mean/p95/max)=0.089/0.112/1.688
[NAV] t=70.0s position=(50.09,12.23,1.86) yaw=-4.2deg command=(0.00,0.00,0.00) manual_active=1 collision_blocks=0
[depth_angular_controller-1] [INFO] [1791304882.976294591] [depth_angular_controller]: PAPER_BUILD reason= required=0.0000 best=0.0000 free=0 refined=0 tubes=245 revoked_tubes=0 proofs=128
[depth_angular_controller-1] [INFO] [1791304882.976332011] [depth_angular_controller]: PAPER_EVIDENCE retained=16 balls=32 revoked_balls=0 expired_views=0 evicted_views=241 radius=0.580 clearance=0.000 best_prefix=8.072
[depth_angular_controller-1] [INFO] [1791304883.002239119] [depth_angular_controller]: OMNI_DEPTH views=4 azimuth_bins=180 elevation_bins=37 valid=0 certificates=64 short=0 held=0 local_candidates=0 yaw=0.00
[depth_angular_controller-1] [INFO] [1791304883.846147296] [depth_angular_controller]: PAPER_BUILD reason= required=0.0000 best=0.0000 free=0 refined=0 tubes=245 revoked_tubes=0 proofs=128
[depth_angular_controller-1] [INFO] [1791304883.846185027] [depth_angular_controller]: PAPER_EVIDENCE retained=16 balls=32 revoked_balls=0 expired_views=0 evicted_views=241 radius=0.580 clearance=0.000 best_prefix=8.072
[depth_angular_controller-1] [INFO] [1791304883.896240938] [depth_angular_controller]: OMNI_DEPTH views=4 azimuth_bins=180 elevation_bins=37 valid=0 certificates=64 short=0 held=0 local_candidates=0 yaw=0.00
[depth_angular_controller-1] [INFO] [1791304884.792624733] [depth_angular_controller]: PAPER_BUILD reason= required=0.0000 best=0.0000 free=0 refined=0 tubes=245 revoked_tubes=0 proofs=128
[depth_angular_controller-1] [INFO] [1791304884.792666852] [depth_angular_controller]: PAPER_EVIDENCE retained=16 balls=32 revoked_balls=0 expired_views=0 evicted_views=241 radius=0.580 clearance=0.000 best_prefix=8.072
[depth_angular_controller-1] [INFO] [1791304884.842195672] [depth_angular_controller]: OMNI_DEPTH views=4 azimuth_bins=180 elevation_bins=37 valid=0 certificates=64 short=0 held=0 local_candidates=0 yaw=0.00
[depth_angular_controller-1] [INFO] [1791304885.678459864] [depth_angular_controller]: PAPER_BUILD reason= required=0.0000 best=0.0000 free=0 refined=0 tubes=245 revoked_tubes=0 proofs=128
[depth_angular_controller-1] [INFO] [1791304885.678498216] [depth_angular_controller]: PAPER_EVIDENCE retained=16 balls=32 revoked_balls=0 expired_views=0 evicted_views=241 radius=0.580 clearance=0.000 best_prefix=8.072
[depth_angular_controller-1] [INFO] [1791304885.705581104] [depth_angular_controller]: OMNI_DEPTH views=4 azimuth_bins=180 elevation_bins=37 valid=0 certificates=64 short=0 held=0 local_candidates=0 yaw=0.00
[depth_angular_controller-1] [INFO] [1791304886.301968011] [depth_angular_controller]: [PERF CTRL] run=omni_final_v17_ego1p3_3 elapsed=88.97s callbacks=4130 commands=4129 guidance=4009 command_fps(ros/wall)=55.92/54.88 guidance_wall_fps=54.74 avoid_ms(mean/p50/p95/max)=4.206/1.651/21.190/556.971 cycle_ms(mean/p95/max)=18.222/26.100/570.165 depth_to_cmd_ms(mean/p95/max)=42.405/83.333/100.000 callback_to_publish_ms(mean/p95/max)=6.086/24.007/570.033
[depth_angular_controller-1] [INFO] [1791304886.302331985] [depth_angular_controller]: EVIDENCE_COST ingest(mean/p95/max)=1.895/5.633/13.225 record=0.022/0.075/0.893 ms
[depth_angular_controller-1] [INFO] [1791304886.302339940] [depth_angular_controller]: EVIDENCE_PHASE per_view_mean_ms balls=0.066 tubes=0.057 history=0.322 eviction=0.001
[depth_angular_controller-1] [INFO] [1791304886.525644579] [depth_angular_controller]: PAPER_BUILD reason= required=0.0000 best=0.0000 free=0 refined=0 tubes=245 revoked_tubes=0 proofs=128
[depth_angular_controller-1] [INFO] [1791304886.525678834] [depth_angular_controller]: PAPER_EVIDENCE retained=16 balls=32 revoked_balls=0 expired_views=0 evicted_views=241 radius=0.580 clearance=0.000 best_prefix=8.072
[depth_angular_controller-1] [INFO] [1791304886.551111620] [depth_angular_controller]: OMNI_DEPTH views=4 azimuth_bins=180 elevation_bins=37 valid=0 certificates=64 short=0 held=0 local_candidates=0 yaw=0.00
[position_cmd_to_twist-2] [INFO] [1791304887.214419853] [position_cmd_to_twist]: [PERF BRIDGE] run=omni_final_v17_ego1p3_3 elapsed=89.78s received=4165 published=4162 fps(ros/wall)=55.63/54.67 controller_to_bridge_ms(mean/p50/p95/max)=2.929/0.000/33.333/600.000 bridge_process_ms(mean/p95/max)=0.089/0.113/1.688
[NAV] t=75.0s position=(50.09,12.23,1.86) yaw=-4.2deg command=(0.00,0.00,0.00) manual_active=1 collision_blocks=0
[depth_angular_controller-1] [INFO] [1791304887.386754634] [depth_angular_controller]: PAPER_BUILD reason= required=0.0000 best=0.0000 free=0 refined=0 tubes=245 revoked_tubes=0 proofs=128
[depth_angular_controller-1] [INFO] [1791304887.386792646] [depth_angular_controller]: PAPER_EVIDENCE retained=16 balls=32 revoked_balls=0 expired_views=0 evicted_views=241 radius=0.580 clearance=0.000 best_prefix=8.072
[depth_angular_controller-1] [INFO] [1791304887.412805813] [depth_angular_controller]: OMNI_DEPTH views=4 azimuth_bins=180 elevation_bins=37 valid=0 certificates=64 short=0 held=0 local_candidates=0 yaw=0.00
[depth_angular_controller-1] [INFO] [1791304888.389047386] [depth_angular_controller]: PAPER_BUILD reason= required=0.0000 best=0.0000 free=0 refined=0 tubes=245 revoked_tubes=0 proofs=128
[depth_angular_controller-1] [INFO] [1791304888.389083454] [depth_angular_controller]: PAPER_EVIDENCE retained=16 balls=32 revoked_balls=0 expired_views=0 evicted_views=241 radius=0.580 clearance=0.000 best_prefix=8.072
[depth_angular_controller-1] [INFO] [1791304888.414826332] [depth_angular_controller]: OMNI_DEPTH views=4 azimuth_bins=180 elevation_bins=37 valid=0 certificates=64 short=0 held=0 local_candidates=0 yaw=0.00
[depth_angular_controller-1] [INFO] [1791304889.274218018] [depth_angular_controller]: PAPER_BUILD reason= required=0.0000 best=0.0000 free=0 refined=0 tubes=245 revoked_tubes=0 proofs=128
[depth_angular_controller-1] [INFO] [1791304889.274256050] [depth_angular_controller]: PAPER_EVIDENCE retained=16 balls=32 revoked_balls=0 expired_views=0 evicted_views=241 radius=0.580 clearance=0.000 best_prefix=8.072
[depth_angular_controller-1] [INFO] [1791304889.298287653] [depth_angular_controller]: OMNI_DEPTH views=4 azimuth_bins=180 elevation_bins=37 valid=0 certificates=64 short=0 held=0 local_candidates=0 yaw=0.00
[depth_angular_controller-1] [INFO] [1791304890.143380256] [depth_angular_controller]: PAPER_BUILD reason= required=0.0000 best=0.0000 free=0 refined=0 tubes=245 revoked_tubes=0 proofs=128
[depth_angular_controller-1] [INFO] [1791304890.143418788] [depth_angular_controller]: PAPER_EVIDENCE retained=16 balls=32 revoked_balls=0 expired_views=0 evicted_views=241 radius=0.580 clearance=0.000 best_prefix=8.072
[depth_angular_controller-1] [INFO] [1791304890.163969780] [depth_angular_controller]: OMNI_DEPTH views=4 azimuth_bins=180 elevation_bins=37 valid=0 certificates=64 short=0 held=0 local_candidates=0 yaw=0.00
[depth_angular_controller-1] [INFO] [1791304891.134956377] [depth_angular_controller]: PAPER_BUILD reason= required=0.0000 best=0.0000 free=0 refined=0 tubes=245 revoked_tubes=0 proofs=128
[depth_angular_controller-1] [INFO] [1791304891.134997635] [depth_angular_controller]: PAPER_EVIDENCE retained=16 balls=32 revoked_balls=0 expired_views=0 evicted_views=241 radius=0.580 clearance=0.000 best_prefix=8.072
[depth_angular_controller-1] [INFO] [1791304891.156640328] [depth_angular_controller]: OMNI_DEPTH views=4 azimuth_bins=180 elevation_bins=37 valid=0 certificates=64 short=0 held=0 local_candidates=0 yaw=0.00
[depth_angular_controller-1] [INFO] [1791304891.304482620] [depth_angular_controller]: [PERF CTRL] run=omni_final_v17_ego1p3_3 elapsed=93.97s callbacks=4327 commands=4326 guidance=4206 command_fps(ros/wall)=54.52/53.91 guidance_wall_fps=53.75 avoid_ms(mean/p50/p95/max)=5.003/1.778/21.507/556.971 cycle_ms(mean/p95/max)=18.549/26.494/570.165 depth_to_cmd_ms(mean/p95/max)=41.643/83.333/100.000 callback_to_publish_ms(mean/p95/max)=6.919/25.366/570.033
[depth_angular_controller-1] [INFO] [1791304891.304828420] [depth_angular_controller]: EVIDENCE_COST ingest(mean/p95/max)=1.946/5.646/13.225 record=0.024/0.078/0.893 ms
[depth_angular_controller-1] [INFO] [1791304891.304836706] [depth_angular_controller]: EVIDENCE_PHASE per_view_mean_ms balls=0.069 tubes=0.058 history=0.329 eviction=0.001
[position_cmd_to_twist-2] [INFO] [1791304891.770671214] [position_cmd_to_twist]: [PERF BRIDGE] run=omni_final_v17_ego1p3_3 elapsed=94.33s received=4345 published=4342 fps(ros/wall)=54.38/53.80 controller_to_bridge_ms(mean/p50/p95/max)=3.955/0.000/33.333/600.000 bridge_process_ms(mean/p95/max)=0.089/0.114/1.688
[NAV] t=80.0s position=(50.09,12.23,1.86) yaw=-4.2deg command=(0.00,0.00,0.00) manual_active=1 collision_blocks=0
[depth_angular_controller-1] [INFO] [1791304891.989197283] [depth_angular_controller]: PAPER_BUILD reason= required=0.0000 best=0.0000 free=0 refined=0 tubes=245 revoked_tubes=0 proofs=128
[depth_angular_controller-1] [INFO] [1791304891.989230566] [depth_angular_controller]: PAPER_EVIDENCE retained=16 balls=32 revoked_balls=0 expired_views=0 evicted_views=241 radius=0.580 clearance=0.000 best_prefix=8.072
[depth_angular_controller-1] [INFO] [1791304892.036120116] [depth_angular_controller]: OMNI_DEPTH views=4 azimuth_bins=180 elevation_bins=37 valid=0 certificates=64 short=0 held=0 local_candidates=0 yaw=0.00
[depth_angular_controller-1] [INFO] [1791304892.920390446] [depth_angular_controller]: PAPER_BUILD reason= required=0.0000 best=0.0000 free=0 refined=0 tubes=245 revoked_tubes=0 proofs=128
[depth_angular_controller-1] [INFO] [1791304892.920428498] [depth_angular_controller]: PAPER_EVIDENCE retained=16 balls=32 revoked_balls=0 expired_views=0 evicted_views=241 radius=0.580 clearance=0.000 best_prefix=8.072
[depth_angular_controller-1] [INFO] [1791304892.969094366] [depth_angular_controller]: OMNI_DEPTH views=4 azimuth_bins=180 elevation_bins=37 valid=0 certificates=64 short=0 held=0 local_candidates=0 yaw=0.00
[depth_angular_controller-1] [INFO] [1791304893.783766951] [depth_angular_controller]: PAPER_BUILD reason= required=0.0000 best=0.0000 free=0 refined=0 tubes=245 revoked_tubes=0 proofs=128
[depth_angular_controller-1] [INFO] [1791304893.783803149] [depth_angular_controller]: PAPER_EVIDENCE retained=16 balls=32 revoked_balls=0 expired_views=0 evicted_views=241 radius=0.580 clearance=0.000 best_prefix=8.072
[depth_angular_controller-1] [INFO] [1791304893.857024845] [depth_angular_controller]: OMNI_DEPTH views=4 azimuth_bins=180 elevation_bins=37 valid=0 certificates=64 short=0 held=0 local_candidates=0 yaw=0.00
[depth_angular_controller-1] [INFO] [1791304894.838111534] [depth_angular_controller]: PAPER_BUILD reason= required=0.0000 best=0.0000 free=0 refined=0 tubes=245 revoked_tubes=0 proofs=128
[depth_angular_controller-1] [INFO] [1791304894.838145518] [depth_angular_controller]: PAPER_EVIDENCE retained=16 balls=32 revoked_balls=0 expired_views=0 evicted_views=241 radius=0.580 clearance=0.000 best_prefix=8.072
[depth_angular_controller-1] [INFO] [1791304894.912031282] [depth_angular_controller]: OMNI_DEPTH views=4 azimuth_bins=180 elevation_bins=37 valid=0 certificates=64 short=0 held=0 local_candidates=0 yaw=0.00
[depth_angular_controller-1] [INFO] [1791304895.726457013] [depth_angular_controller]: PAPER_BUILD reason= required=0.0000 best=0.0000 free=0 refined=0 tubes=245 revoked_tubes=0 proofs=128
[depth_angular_controller-1] [INFO] [1791304895.726492770] [depth_angular_controller]: PAPER_EVIDENCE retained=16 balls=32 revoked_balls=0 expired_views=0 evicted_views=241 radius=0.580 clearance=0.000 best_prefix=8.072
[depth_angular_controller-1] [INFO] [1791304895.802207511] [depth_angular_controller]: OMNI_DEPTH views=4 azimuth_bins=180 elevation_bins=37 valid=0 certificates=64 short=0 held=0 local_candidates=0 yaw=0.00
[depth_angular_controller-1] [INFO] [1791304896.313993818] [depth_angular_controller]: [PERF CTRL] run=omni_final_v17_ego1p3_3 elapsed=98.98s callbacks=4525 commands=4524 guidance=4404 command_fps(ros/wall)=53.34/53.07 guidance_wall_fps=52.90 avoid_ms(mean/p50/p95/max)=5.728/1.924/21.646/556.971 cycle_ms(mean/p95/max)=18.844/26.761/570.165 depth_to_cmd_ms(mean/p95/max)=40.989/83.333/100.000 callback_to_publish_ms(mean/p95/max)=7.679/25.836/570.033
[depth_angular_controller-1] [INFO] [1791304896.314368492] [depth_angular_controller]: EVIDENCE_COST ingest(mean/p95/max)=1.992/5.667/13.225 record=0.027/0.079/0.961 ms
[depth_angular_controller-1] [INFO] [1791304896.314376247] [depth_angular_controller]: EVIDENCE_PHASE per_view_mean_ms balls=0.072 tubes=0.060 history=0.336 eviction=0.001
[position_cmd_to_twist-2] [INFO] [1791304896.377842670] [position_cmd_to_twist]: [PERF BRIDGE] run=omni_final_v17_ego1p3_3 elapsed=98.94s received=4526 published=4523 fps(ros/wall)=53.32/53.03 controller_to_bridge_ms(mean/p50/p95/max)=4.890/0.000/33.333/600.000 bridge_process_ms(mean/p95/max)=0.090/0.114/1.688
[NAV] t=85.0s position=(50.09,12.23,1.86) yaw=-4.2deg command=(0.00,0.00,0.00) manual_active=1 collision_blocks=0
[depth_angular_controller-1] [INFO] [1791304896.626963907] [depth_angular_controller]: PAPER_BUILD reason= required=0.0000 best=0.0000 free=0 refined=0 tubes=245 revoked_tubes=0 proofs=128
[depth_angular_controller-1] [INFO] [1791304896.626998391] [depth_angular_controller]: PAPER_EVIDENCE retained=16 balls=32 revoked_balls=0 expired_views=0 evicted_views=241 radius=0.580 clearance=0.000 best_prefix=8.072
[depth_angular_controller-1] [INFO] [1791304896.701182446] [depth_angular_controller]: OMNI_DEPTH views=4 azimuth_bins=180 elevation_bins=37 valid=0 certificates=64 short=0 held=0 local_candidates=0 yaw=0.00
[depth_angular_controller-1] [INFO] [1791304897.562346954] [depth_angular_controller]: PAPER_BUILD reason= required=0.0000 best=0.0000 free=0 refined=0 tubes=245 revoked_tubes=0 proofs=128
[depth_angular_controller-1] [INFO] [1791304897.562386558] [depth_angular_controller]: PAPER_EVIDENCE retained=16 balls=32 revoked_balls=0 expired_views=0 evicted_views=241 radius=0.580 clearance=0.000 best_prefix=8.072
[depth_angular_controller-1] [INFO] [1791304897.639905761] [depth_angular_controller]: OMNI_DEPTH views=4 azimuth_bins=180 elevation_bins=37 valid=0 certificates=64 short=0 held=0 local_candidates=0 yaw=0.00
[depth_angular_controller-1] [INFO] [1791304898.493992647] [depth_angular_controller]: PAPER_BUILD reason= required=0.0000 best=0.0000 free=0 refined=0 tubes=245 revoked_tubes=0 proofs=128
[depth_angular_controller-1] [INFO] [1791304898.494037822] [depth_angular_controller]: PAPER_EVIDENCE retained=16 balls=32 revoked_balls=0 expired_views=0 evicted_views=241 radius=0.580 clearance=0.000 best_prefix=8.072
[depth_angular_controller-1] [INFO] [1791304898.567888140] [depth_angular_controller]: OMNI_DEPTH views=4 azimuth_bins=180 elevation_bins=37 valid=0 certificates=64 short=0 held=0 local_candidates=0 yaw=0.00
[depth_angular_controller-1] [INFO] [1791304899.487167473] [depth_angular_controller]: PAPER_BUILD reason= required=0.0000 best=0.0000 free=0 refined=0 tubes=245 revoked_tubes=0 proofs=128
[depth_angular_controller-1] [INFO] [1791304899.487202659] [depth_angular_controller]: PAPER_EVIDENCE retained=16 balls=32 revoked_balls=0 expired_views=0 evicted_views=241 radius=0.580 clearance=0.000 best_prefix=8.072
[depth_angular_controller-1] [INFO] [1791304899.562349364] [depth_angular_controller]: OMNI_DEPTH views=4 azimuth_bins=180 elevation_bins=37 valid=0 certificates=64 short=0 held=0 local_candidates=0 yaw=0.00
[depth_angular_controller-1] [INFO] [1791304900.346708850] [depth_angular_controller]: PAPER_BUILD reason= required=0.0000 best=0.0000 free=0 refined=0 tubes=245 revoked_tubes=0 proofs=128
[depth_angular_controller-1] [INFO] [1791304900.346742894] [depth_angular_controller]: PAPER_EVIDENCE retained=16 balls=32 revoked_balls=0 expired_views=0 evicted_views=241 radius=0.580 clearance=0.000 best_prefix=8.072
[depth_angular_controller-1] [INFO] [1791304900.501584861] [depth_angular_controller]: OMNI_DEPTH views=4 azimuth_bins=180 elevation_bins=37 valid=0 certificates=64 short=0 held=0 local_candidates=0 yaw=0.00
[position_cmd_to_twist-2] [INFO] [1791304901.016201617] [position_cmd_to_twist]: [PERF BRIDGE] run=omni_final_v17_ego1p3_3 elapsed=103.58s received=4708 published=4705 fps(ros/wall)=52.37/52.31 controller_to_bridge_ms(mean/p50/p95/max)=5.735/0.000/33.333/600.000 bridge_process_ms(mean/p95/max)=0.090/0.115/1.688
[NAV] t=90.0s position=(50.09,12.23,1.86) yaw=-4.2deg command=(0.00,0.00,0.00) manual_active=1 collision_blocks=0
[depth_angular_controller-1] [INFO] [1791304901.289693543] [depth_angular_controller]: PAPER_BUILD reason= required=0.0000 best=0.0000 free=0 refined=0 tubes=245 revoked_tubes=0 proofs=128
[depth_angular_controller-1] [INFO] [1791304901.290115526] [depth_angular_controller]: PAPER_EVIDENCE retained=16 balls=32 revoked_balls=0 expired_views=0 evicted_views=241 radius=0.580 clearance=0.000 best_prefix=8.072
[depth_angular_controller-1] [INFO] [1791304901.386019400] [depth_angular_controller]: [PERF CTRL] run=omni_final_v17_ego1p3_3 elapsed=104.06s callbacks=4722 commands=4721 guidance=4601 command_fps(ros/wall)=52.30/52.27 guidance_wall_fps=52.09 avoid_ms(mean/p50/p95/max)=6.387/2.054/21.760/556.971 cycle_ms(mean/p95/max)=19.132/27.151/570.165 depth_to_cmd_ms(mean/p95/max)=40.799/83.333/100.000 callback_to_publish_ms(mean/p95/max)=8.368/26.162/570.033
[depth_angular_controller-1] [INFO] [1791304901.386779128] [depth_angular_controller]: EVIDENCE_COST ingest(mean/p95/max)=2.031/5.764/13.225 record=0.028/0.079/0.961 ms
[depth_angular_controller-1] [INFO] [1791304901.386898362] [depth_angular_controller]: EVIDENCE_PHASE per_view_mean_ms balls=0.074 tubes=0.061 history=0.342 eviction=0.001
[depth_angular_controller-1] [INFO] [1791304901.436284093] [depth_angular_controller]: OMNI_DEPTH views=4 azimuth_bins=180 elevation_bins=37 valid=0 certificates=64 short=0 held=0 local_candidates=0 yaw=0.00
[depth_angular_controller-1] [INFO] [1791304902.274050488] [depth_angular_controller]: PAPER_BUILD reason= required=0.0000 best=0.0000 free=0 refined=0 tubes=245 revoked_tubes=0 proofs=128
[depth_angular_controller-1] [INFO] [1791304902.274087798] [depth_angular_controller]: PAPER_EVIDENCE retained=16 balls=32 revoked_balls=0 expired_views=0 evicted_views=241 radius=0.580 clearance=0.000 best_prefix=8.072
[depth_angular_controller-1] [INFO] [1791304902.373344603] [depth_angular_controller]: OMNI_DEPTH views=4 azimuth_bins=180 elevation_bins=37 valid=0 certificates=64 short=0 held=0 local_candidates=0 yaw=0.00
[depth_angular_controller-1] [INFO] [1791304903.259857267] [depth_angular_controller]: PAPER_BUILD reason= required=0.0000 best=0.0000 free=0 refined=0 tubes=245 revoked_tubes=0 proofs=128
[depth_angular_controller-1] [INFO] [1791304903.259896010] [depth_angular_controller]: PAPER_EVIDENCE retained=16 balls=32 revoked_balls=0 expired_views=0 evicted_views=241 radius=0.580 clearance=0.000 best_prefix=8.072
[depth_angular_controller-1] [INFO] [1791304903.356426461] [depth_angular_controller]: OMNI_DEPTH views=4 azimuth_bins=180 elevation_bins=37 valid=0 certificates=64 short=0 held=0 local_candidates=0 yaw=0.00
[depth_angular_controller-1] [INFO] [1791304904.124916895] [depth_angular_controller]: PAPER_BUILD reason= required=0.0000 best=0.0000 free=0 refined=0 tubes=245 revoked_tubes=0 proofs=128
[depth_angular_controller-1] [INFO] [1791304904.124959615] [depth_angular_controller]: PAPER_EVIDENCE retained=16 balls=32 revoked_balls=0 expired_views=0 evicted_views=241 radius=0.580 clearance=0.000 best_prefix=8.072
[depth_angular_controller-1] [INFO] [1791304904.286344067] [depth_angular_controller]: OMNI_DEPTH views=4 azimuth_bins=180 elevation_bins=37 valid=0 certificates=64 short=0 held=0 local_candidates=0 yaw=0.00
[depth_angular_controller-1] [INFO] [1791304905.169437706] [depth_angular_controller]: PAPER_BUILD reason= required=0.0000 best=0.0000 free=0 refined=0 tubes=245 revoked_tubes=0 proofs=128
[depth_angular_controller-1] [INFO] [1791304905.169474996] [depth_angular_controller]: PAPER_EVIDENCE retained=16 balls=32 revoked_balls=0 expired_views=0 evicted_views=241 radius=0.580 clearance=0.000 best_prefix=8.072
[depth_angular_controller-1] [INFO] [1791304905.265853912] [depth_angular_controller]: OMNI_DEPTH views=4 azimuth_bins=180 elevation_bins=37 valid=0 certificates=64 short=0 held=0 local_candidates=0 yaw=0.00
[position_cmd_to_twist-2] [INFO] [1791304905.754956138] [position_cmd_to_twist]: [PERF BRIDGE] run=omni_final_v17_ego1p3_3 elapsed=108.32s received=4889 published=4886 fps(ros/wall)=51.53/51.61 controller_to_bridge_ms(mean/p50/p95/max)=6.528/0.000/33.333/600.000 bridge_process_ms(mean/p95/max)=0.090/0.115/1.688
[NAV] t=95.0s position=(50.09,12.23,1.86) yaw=-4.2deg command=(0.00,0.00,0.00) manual_active=1 collision_blocks=0
[depth_angular_controller-1] [INFO] [1791304906.032611669] [depth_angular_controller]: PAPER_BUILD reason= required=0.0000 best=0.0000 free=0 refined=0 tubes=245 revoked_tubes=0 proofs=128
[depth_angular_controller-1] [INFO] [1791304906.032649491] [depth_angular_controller]: PAPER_EVIDENCE retained=16 balls=32 revoked_balls=0 expired_views=0 evicted_views=241 radius=0.580 clearance=0.000 best_prefix=8.072
[depth_angular_controller-1] [INFO] [1791304906.129883564] [depth_angular_controller]: OMNI_DEPTH views=4 azimuth_bins=180 elevation_bins=37 valid=0 certificates=64 short=0 held=0 local_candidates=0 yaw=0.00
[depth_angular_controller-1] [INFO] [1791304906.401350605] [depth_angular_controller]: [PERF CTRL] run=omni_final_v17_ego1p3_3 elapsed=109.07s callbacks=4917 commands=4916 guidance=4796 command_fps(ros/wall)=51.39/51.56 guidance_wall_fps=51.38 avoid_ms(mean/p50/p95/max)=6.984/2.170/21.852/556.971 cycle_ms(mean/p95/max)=19.394/27.457/570.165 depth_to_cmd_ms(mean/p95/max)=40.478/83.333/100.000 callback_to_publish_ms(mean/p95/max)=8.997/26.468/570.033
[depth_angular_controller-1] [INFO] [1791304906.401779471] [depth_angular_controller]: EVIDENCE_COST ingest(mean/p95/max)=2.068/5.854/13.225 record=0.030/0.080/0.961 ms
[depth_angular_controller-1] [INFO] [1791304906.401787637] [depth_angular_controller]: EVIDENCE_PHASE per_view_mean_ms balls=0.076 tubes=0.063 history=0.347 eviction=0.001
[depth_angular_controller-1] [INFO] [1791304906.890172665] [depth_angular_controller]: PAPER_BUILD reason= required=0.0000 best=0.0000 free=0 refined=0 tubes=245 revoked_tubes=0 proofs=128
[depth_angular_controller-1] [INFO] [1791304906.890204244] [depth_angular_controller]: PAPER_EVIDENCE retained=16 balls=32 revoked_balls=0 expired_views=0 evicted_views=241 radius=0.580 clearance=0.000 best_prefix=8.072
[depth_angular_controller-1] [INFO] [1791304906.987348649] [depth_angular_controller]: OMNI_DEPTH views=4 azimuth_bins=180 elevation_bins=37 valid=0 certificates=64 short=0 held=0 local_candidates=0 yaw=0.00
[depth_angular_controller-1] [INFO] [1791304907.952819110] [depth_angular_controller]: PAPER_BUILD reason= required=0.0000 best=0.0000 free=0 refined=0 tubes=245 revoked_tubes=0 proofs=128
[depth_angular_controller-1] [INFO] [1791304907.952855789] [depth_angular_controller]: PAPER_EVIDENCE retained=16 balls=32 revoked_balls=0 expired_views=0 evicted_views=241 radius=0.580 clearance=0.000 best_prefix=8.072
[depth_angular_controller-1] [INFO] [1791304908.032744064] [depth_angular_controller]: OMNI_DEPTH views=4 azimuth_bins=180 elevation_bins=37 valid=0 certificates=64 short=0 held=0 local_candidates=0 yaw=0.00
[depth_angular_controller-1] [INFO] [1791304908.885535255] [depth_angular_controller]: PAPER_BUILD reason= required=0.0000 best=0.0000 free=0 refined=0 tubes=245 revoked_tubes=0 proofs=128
[depth_angular_controller-1] [INFO] [1791304908.885566954] [depth_angular_controller]: PAPER_EVIDENCE retained=16 balls=32 revoked_balls=0 expired_views=0 evicted_views=241 radius=0.580 clearance=0.000 best_prefix=8.072
[depth_angular_controller-1] [INFO] [1791304908.985265058] [depth_angular_controller]: OMNI_DEPTH views=4 azimuth_bins=180 elevation_bins=37 valid=0 certificates=64 short=0 held=0 local_candidates=0 yaw=0.00
[depth_angular_controller-1] [INFO] [1791304909.748554127] [depth_angular_controller]: PAPER_BUILD reason= required=0.0000 best=0.0000 free=0 refined=0 tubes=245 revoked_tubes=0 proofs=128
[depth_angular_controller-1] [INFO] [1791304909.748588993] [depth_angular_controller]: PAPER_EVIDENCE retained=16 balls=32 revoked_balls=0 expired_views=0 evicted_views=241 radius=0.580 clearance=0.000 best_prefix=8.072
[depth_angular_controller-1] [INFO] [1791304909.851447095] [depth_angular_controller]: OMNI_DEPTH views=4 azimuth_bins=180 elevation_bins=37 valid=0 certificates=64 short=0 held=0 local_candidates=0 yaw=0.00
[position_cmd_to_twist-2] [INFO] [1791304910.392400546] [position_cmd_to_twist]: [PERF BRIDGE] run=omni_final_v17_ego1p3_3 elapsed=112.95s received=5068 published=5065 fps(ros/wall)=50.75/51.00 controller_to_bridge_ms(mean/p50/p95/max)=7.268/0.000/33.333/600.000 bridge_process_ms(mean/p95/max)=0.090/0.116/1.688
[NAV] t=100.0s position=(50.09,12.23,1.86) yaw=-4.2deg command=(0.00,0.00,0.00) manual_active=1 collision_blocks=0
[depth_angular_controller-1] [INFO] [1791304910.686519307] [depth_angular_controller]: PAPER_BUILD reason= required=0.0000 best=0.0000 free=0 refined=0 tubes=245 revoked_tubes=0 proofs=128
[depth_angular_controller-1] [INFO] [1791304910.686554934] [depth_angular_controller]: PAPER_EVIDENCE retained=16 balls=32 revoked_balls=0 expired_views=0 evicted_views=241 radius=0.580 clearance=0.000 best_prefix=8.072
[depth_angular_controller-1] [INFO] [1791304910.811567662] [depth_angular_controller]: OMNI_DEPTH views=4 azimuth_bins=180 elevation_bins=37 valid=0 certificates=64 short=0 held=0 local_candidates=0 yaw=0.00
[depth_angular_controller-1] [INFO] [1791304911.401842132] [depth_angular_controller]: [PERF CTRL] run=omni_final_v17_ego1p3_3 elapsed=114.07s callbacks=5111 commands=5110 guidance=4990 command_fps(ros/wall)=50.57/50.93 guidance_wall_fps=50.74 avoid_ms(mean/p50/p95/max)=7.539/2.320/21.924/556.971 cycle_ms(mean/p95/max)=19.636/27.731/570.165 depth_to_cmd_ms(mean/p95/max)=40.247/83.333/100.000 callback_to_publish_ms(mean/p95/max)=9.581/26.694/570.033
[depth_angular_controller-1] [INFO] [1791304911.402229029] [depth_angular_controller]: EVIDENCE_COST ingest(mean/p95/max)=2.103/5.919/13.225 record=0.032/0.080/0.961 ms
[depth_angular_controller-1] [INFO] [1791304911.402234830] [depth_angular_controller]: EVIDENCE_PHASE per_view_mean_ms balls=0.078 tubes=0.064 history=0.353 eviction=0.001
[depth_angular_controller-1] [INFO] [1791304911.551386874] [depth_angular_controller]: PAPER_BUILD reason= required=0.0000 best=0.0000 free=0 refined=0 tubes=245 revoked_tubes=0 proofs=128
[depth_angular_controller-1] [INFO] [1791304911.551423432] [depth_angular_controller]: PAPER_EVIDENCE retained=16 balls=32 revoked_balls=0 expired_views=0 evicted_views=241 radius=0.580 clearance=0.000 best_prefix=8.072
[depth_angular_controller-1] [INFO] [1791304911.678094948] [depth_angular_controller]: OMNI_DEPTH views=4 azimuth_bins=180 elevation_bins=37 valid=0 certificates=64 short=0 held=0 local_candidates=0 yaw=0.00
[depth_angular_controller-1] [INFO] [1791304912.434189526] [depth_angular_controller]: PAPER_BUILD reason= required=0.0000 best=0.0000 free=0 refined=0 tubes=245 revoked_tubes=0 proofs=128
[depth_angular_controller-1] [INFO] [1791304912.434224532] [depth_angular_controller]: PAPER_EVIDENCE retained=16 balls=32 revoked_balls=0 expired_views=0 evicted_views=241 radius=0.580 clearance=0.000 best_prefix=8.072
[depth_angular_controller-1] [INFO] [1791304912.560496907] [depth_angular_controller]: OMNI_DEPTH views=4 azimuth_bins=180 elevation_bins=37 valid=0 certificates=64 short=0 held=0 local_candidates=0 yaw=0.00
[depth_angular_controller-1] [INFO] [1791304913.373996537] [depth_angular_controller]: PAPER_BUILD reason= required=0.0000 best=0.0000 free=0 refined=0 tubes=245 revoked_tubes=0 proofs=128
[depth_angular_controller-1] [INFO] [1791304913.374036642] [depth_angular_controller]: PAPER_EVIDENCE retained=16 balls=32 revoked_balls=0 expired_views=0 evicted_views=241 radius=0.580 clearance=0.000 best_prefix=8.072
[depth_angular_controller-1] [INFO] [1791304913.496243698] [depth_angular_controller]: OMNI_DEPTH views=4 azimuth_bins=180 elevation_bins=37 valid=0 certificates=64 short=0 held=0 local_candidates=0 yaw=0.00
[depth_angular_controller-1] [INFO] [1791304914.324826514] [depth_angular_controller]: PAPER_BUILD reason= required=0.0000 best=0.0000 free=0 refined=0 tubes=245 revoked_tubes=0 proofs=128
[depth_angular_controller-1] [INFO] [1791304914.324862752] [depth_angular_controller]: PAPER_EVIDENCE retained=16 balls=32 revoked_balls=0 expired_views=0 evicted_views=241 radius=0.580 clearance=0.000 best_prefix=8.072
[depth_angular_controller-1] [INFO] [1791304914.445355265] [depth_angular_controller]: OMNI_DEPTH views=4 azimuth_bins=180 elevation_bins=37 valid=0 certificates=64 short=0 held=0 local_candidates=0 yaw=0.00
[position_cmd_to_twist-2] [INFO] [1791304914.875125979] [position_cmd_to_twist]: [PERF BRIDGE] run=omni_final_v17_ego1p3_3 elapsed=117.44s received=5247 published=5244 fps(ros/wall)=50.03/50.52 controller_to_bridge_ms(mean/p50/p95/max)=7.966/0.000/33.333/600.000 bridge_process_ms(mean/p95/max)=0.091/0.116/1.688
[NAV] t=105.0s position=(50.09,12.23,1.86) yaw=-4.2deg command=(0.00,0.00,0.00) manual_active=1 collision_blocks=0
[depth_angular_controller-1] [INFO] [1791304915.190053846] [depth_angular_controller]: PAPER_BUILD reason= required=0.0000 best=0.0000 free=0 refined=0 tubes=245 revoked_tubes=0 proofs=128
[depth_angular_controller-1] [INFO] [1791304915.190092289] [depth_angular_controller]: PAPER_EVIDENCE retained=16 balls=32 revoked_balls=0 expired_views=0 evicted_views=241 radius=0.580 clearance=0.000 best_prefix=8.072
[depth_angular_controller-1] [INFO] [1791304915.312937153] [depth_angular_controller]: OMNI_DEPTH views=4 azimuth_bins=180 elevation_bins=37 valid=0 certificates=64 short=0 held=0 local_candidates=0 yaw=0.00
[depth_angular_controller-1] [INFO] [1791304916.078969357] [depth_angular_controller]: PAPER_BUILD reason= required=0.0000 best=0.0000 free=0 refined=0 tubes=245 revoked_tubes=0 proofs=128
[depth_angular_controller-1] [INFO] [1791304916.079007879] [depth_angular_controller]: PAPER_EVIDENCE retained=16 balls=32 revoked_balls=0 expired_views=0 evicted_views=241 radius=0.580 clearance=0.000 best_prefix=8.072
[depth_angular_controller-1] [INFO] [1791304916.178128217] [depth_angular_controller]: OMNI_DEPTH views=4 azimuth_bins=180 elevation_bins=37 valid=0 certificates=64 short=0 held=0 local_candidates=0 yaw=0.00
[depth_angular_controller-1] [INFO] [1791304916.428051641] [depth_angular_controller]: [PERF CTRL] run=omni_final_v17_ego1p3_3 elapsed=119.10s callbacks=5311 commands=5310 guidance=5190 command_fps(ros/wall)=49.77/50.40 guidance_wall_fps=50.21 avoid_ms(mean/p50/p95/max)=8.067/2.593/21.990/556.971 cycle_ms(mean/p95/max)=19.843/28.016/570.165 depth_to_cmd_ms(mean/p95/max)=40.006/83.333/100.000 callback_to_publish_ms(mean/p95/max)=10.144/26.922/570.033
[depth_angular_controller-1] [INFO] [1791304916.428489294] [depth_angular_controller]: EVIDENCE_COST ingest(mean/p95/max)=2.141/6.012/13.225 record=0.033/0.080/0.961 ms
[depth_angular_controller-1] [INFO] [1791304916.428495365] [depth_angular_controller]: EVIDENCE_PHASE per_view_mean_ms balls=0.080 tubes=0.065 history=0.359 eviction=0.001
[depth_angular_controller-1] [INFO] [1791304917.002012493] [depth_angular_controller]: PAPER_BUILD reason= required=0.0000 best=0.0000 free=0 refined=0 tubes=245 revoked_tubes=0 proofs=128
[depth_angular_controller-1] [INFO] [1791304917.002052258] [depth_angular_controller]: PAPER_EVIDENCE retained=16 balls=32 revoked_balls=0 expired_views=0 evicted_views=241 radius=0.580 clearance=0.000 best_prefix=8.072
[depth_angular_controller-1] [INFO] [1791304917.099090143] [depth_angular_controller]: OMNI_DEPTH views=4 azimuth_bins=180 elevation_bins=37 valid=0 certificates=64 short=0 held=0 local_candidates=0 yaw=0.00
[depth_angular_controller-1] [INFO] [1791304917.878452187] [depth_angular_controller]: PAPER_BUILD reason= required=0.0000 best=0.0000 free=0 refined=0 tubes=245 revoked_tubes=0 proofs=128
[depth_angular_controller-1] [INFO] [1791304917.878486041] [depth_angular_controller]: PAPER_EVIDENCE retained=16 balls=32 revoked_balls=0 expired_views=0 evicted_views=241 radius=0.580 clearance=0.000 best_prefix=8.072
[depth_angular_controller-1] [INFO] [1791304917.974435570] [depth_angular_controller]: OMNI_DEPTH views=4 azimuth_bins=180 elevation_bins=37 valid=0 certificates=64 short=0 held=0 local_candidates=0 yaw=0.00
[depth_angular_controller-1] [INFO] [1791304918.758269369] [depth_angular_controller]: PAPER_BUILD reason= required=0.0000 best=0.0000 free=0 refined=0 tubes=245 revoked_tubes=0 proofs=128
[depth_angular_controller-1] [INFO] [1791304918.758305767] [depth_angular_controller]: PAPER_EVIDENCE retained=16 balls=32 revoked_balls=0 expired_views=0 evicted_views=241 radius=0.580 clearance=0.000 best_prefix=8.072
[depth_angular_controller-1] [INFO] [1791304918.833640545] [depth_angular_controller]: OMNI_DEPTH views=4 azimuth_bins=180 elevation_bins=37 valid=0 certificates=64 short=0 held=0 local_candidates=0 yaw=0.00
[position_cmd_to_twist-2] [INFO] [1791304919.250648804] [position_cmd_to_twist]: [PERF BRIDGE] run=omni_final_v17_ego1p3_3 elapsed=121.81s received=5423 published=5420 fps(ros/wall)=49.35/50.10 controller_to_bridge_ms(mean/p50/p95/max)=8.621/0.000/33.333/600.000 bridge_process_ms(mean/p95/max)=0.091/0.117/1.688
[NAV] t=110.0s position=(50.09,12.23,1.86) yaw=-4.2deg command=(0.00,0.00,0.00) manual_active=1 collision_blocks=0
[depth_angular_controller-1] [INFO] [1791304919.684971292] [depth_angular_controller]: PAPER_BUILD reason= required=0.0000 best=0.0000 free=0 refined=0 tubes=245 revoked_tubes=0 proofs=128
[depth_angular_controller-1] [INFO] [1791304919.685006428] [depth_angular_controller]: PAPER_EVIDENCE retained=16 balls=32 revoked_balls=0 expired_views=0 evicted_views=241 radius=0.580 clearance=0.000 best_prefix=8.072
[depth_angular_controller-1] [INFO] [1791304919.756716984] [depth_angular_controller]: OMNI_DEPTH views=4 azimuth_bins=180 elevation_bins=37 valid=0 certificates=64 short=0 held=0 local_candidates=0 yaw=0.00
[depth_angular_controller-1] [INFO] [1791304920.622763717] [depth_angular_controller]: PAPER_BUILD reason= required=0.0000 best=0.0000 free=0 refined=0 tubes=245 revoked_tubes=0 proofs=128
[depth_angular_controller-1] [INFO] [1791304920.622806427] [depth_angular_controller]: PAPER_EVIDENCE retained=16 balls=32 revoked_balls=0 expired_views=0 evicted_views=241 radius=0.580 clearance=0.000 best_prefix=8.072
[depth_angular_controller-1] [INFO] [1791304920.698503776] [depth_angular_controller]: OMNI_DEPTH views=4 azimuth_bins=180 elevation_bins=37 valid=0 certificates=64 short=0 held=0 local_candidates=0 yaw=0.00
[depth_angular_controller-1] [INFO] [1791304921.445428321] [depth_angular_controller]: [PERF CTRL] run=omni_final_v17_ego1p3_3 elapsed=124.12s callbacks=5510 commands=5509 guidance=5389 command_fps(ros/wall)=49.08/49.91 guidance_wall_fps=49.72 avoid_ms(mean/p50/p95/max)=8.549/3.005/22.023/556.971 cycle_ms(mean/p95/max)=20.037/28.257/570.165 depth_to_cmd_ms(mean/p95/max)=39.732/83.333/100.000 callback_to_publish_ms(mean/p95/max)=10.655/27.068/570.033
[depth_angular_controller-1] [INFO] [1791304921.445909175] [depth_angular_controller]: EVIDENCE_COST ingest(mean/p95/max)=2.173/6.128/13.225 record=0.035/0.081/0.961 ms
[depth_angular_controller-1] [INFO] [1791304921.445916769] [depth_angular_controller]: EVIDENCE_PHASE per_view_mean_ms balls=0.082 tubes=0.067 history=0.363 eviction=0.001
[depth_angular_controller-1] [INFO] [1791304921.566520000] [depth_angular_controller]: PAPER_BUILD reason= required=0.0000 best=0.0000 free=0 refined=0 tubes=245 revoked_tubes=0 proofs=128
[depth_angular_controller-1] [INFO] [1791304921.566554495] [depth_angular_controller]: PAPER_EVIDENCE retained=16 balls=32 revoked_balls=0 expired_views=0 evicted_views=241 radius=0.580 clearance=0.000 best_prefix=8.072
[depth_angular_controller-1] [INFO] [1791304921.695776714] [depth_angular_controller]: OMNI_DEPTH views=4 azimuth_bins=180 elevation_bins=37 valid=0 certificates=64 short=0 held=0 local_candidates=0 yaw=0.00
[depth_angular_controller-1] [INFO] [1791304922.505981652] [depth_angular_controller]: PAPER_BUILD reason= required=0.0000 best=0.0000 free=0 refined=0 tubes=245 revoked_tubes=0 proofs=128
[depth_angular_controller-1] [INFO] [1791304922.506015396] [depth_angular_controller]: PAPER_EVIDENCE retained=16 balls=32 revoked_balls=0 expired_views=0 evicted_views=241 radius=0.580 clearance=0.000 best_prefix=8.072
[depth_angular_controller-1] [INFO] [1791304922.551545972] [depth_angular_controller]: OMNI_DEPTH views=4 azimuth_bins=180 elevation_bins=37 valid=0 certificates=64 short=0 held=0 local_candidates=0 yaw=0.00
[depth_angular_controller-1] [INFO] [1791304923.446255270] [depth_angular_controller]: PAPER_BUILD reason= required=0.0000 best=0.0000 free=0 refined=0 tubes=245 revoked_tubes=0 proofs=128
[depth_angular_controller-1] [INFO] [1791304923.446292931] [depth_angular_controller]: PAPER_EVIDENCE retained=16 balls=32 revoked_balls=0 expired_views=0 evicted_views=241 radius=0.580 clearance=0.000 best_prefix=8.072
[depth_angular_controller-1] [INFO] [1791304923.470933328] [depth_angular_controller]: OMNI_DEPTH views=4 azimuth_bins=180 elevation_bins=37 valid=0 certificates=64 short=0 held=0 local_candidates=0 yaw=0.00
[position_cmd_to_twist-2] [INFO] [1791304923.953931292] [position_cmd_to_twist]: [PERF BRIDGE] run=omni_final_v17_ego1p3_3 elapsed=126.51s received=5606 published=5603 fps(ros/wall)=48.80/49.64 controller_to_bridge_ms(mean/p50/p95/max)=9.213/0.000/33.333/600.000 bridge_process_ms(mean/p95/max)=0.091/0.117/1.688
[NAV] t=115.0s position=(50.09,12.23,1.86) yaw=-4.2deg command=(0.00,0.00,0.00) manual_active=1 collision_blocks=0
[depth_angular_controller-1] [INFO] [1791304924.400255996] [depth_angular_controller]: PAPER_BUILD reason= required=0.0000 best=0.0000 free=0 refined=0 tubes=245 revoked_tubes=0 proofs=128
[depth_angular_controller-1] [INFO] [1791304924.400298045] [depth_angular_controller]: PAPER_EVIDENCE retained=16 balls=32 revoked_balls=0 expired_views=0 evicted_views=241 radius=0.580 clearance=0.000 best_prefix=8.072
[depth_angular_controller-1] [INFO] [1791304924.424330329] [depth_angular_controller]: OMNI_DEPTH views=4 azimuth_bins=180 elevation_bins=37 valid=0 certificates=64 short=0 held=0 local_candidates=0 yaw=0.00
[depth_angular_controller-1] [INFO] [1791304925.279819350] [depth_angular_controller]: PAPER_BUILD reason= required=0.0000 best=0.0000 free=0 refined=0 tubes=245 revoked_tubes=0 proofs=128
[depth_angular_controller-1] [INFO] [1791304925.279855769] [depth_angular_controller]: PAPER_EVIDENCE retained=16 balls=32 revoked_balls=0 expired_views=0 evicted_views=241 radius=0.580 clearance=0.000 best_prefix=8.072
[depth_angular_controller-1] [INFO] [1791304925.303587859] [depth_angular_controller]: OMNI_DEPTH views=4 azimuth_bins=180 elevation_bins=37 valid=0 certificates=64 short=0 held=0 local_candidates=0 yaw=0.00
[depth_angular_controller-1] [INFO] [1791304926.217679413] [depth_angular_controller]: OMNI_DEPTH views=4 azimuth_bins=180 elevation_bins=37 valid=0 certificates=64 short=0 held=0 local_candidates=0 yaw=0.00
[depth_angular_controller-1] [INFO] [1791304926.217979727] [depth_angular_controller]: PAPER_BUILD reason= required=0.0000 best=0.0000 free=0 refined=0 tubes=245 revoked_tubes=0 proofs=128
[depth_angular_controller-1] [INFO] [1791304926.217986810] [depth_angular_controller]: PAPER_EVIDENCE retained=16 balls=32 revoked_balls=0 expired_views=0 evicted_views=241 radius=0.580 clearance=0.000 best_prefix=8.072
[depth_angular_controller-1] [INFO] [1791304926.464820308] [depth_angular_controller]: [PERF CTRL] run=omni_final_v17_ego1p3_3 elapsed=129.13s callbacks=5709 commands=5708 guidance=5588 command_fps(ros/wall)=48.49/49.46 guidance_wall_fps=49.27 avoid_ms(mean/p50/p95/max)=8.995/3.325/22.053/556.971 cycle_ms(mean/p95/max)=20.218/28.257/570.165 depth_to_cmd_ms(mean/p95/max)=39.304/83.333/100.000 callback_to_publish_ms(mean/p95/max)=11.127/27.041/570.033
[depth_angular_controller-1] [INFO] [1791304926.465269382] [depth_angular_controller]: EVIDENCE_COST ingest(mean/p95/max)=2.200/6.116/13.225 record=0.036/0.081/0.961 ms
[depth_angular_controller-1] [INFO] [1791304926.465275583] [depth_angular_controller]: EVIDENCE_PHASE per_view_mean_ms balls=0.083 tubes=0.068 history=0.367 eviction=0.001
[depth_angular_controller-1] [INFO] [1791304927.150390098] [depth_angular_controller]: OMNI_DEPTH views=4 azimuth_bins=180 elevation_bins=37 valid=0 certificates=64 short=0 held=0 local_candidates=0 yaw=0.00
[depth_angular_controller-1] [INFO] [1791304927.150620280] [depth_angular_controller]: PAPER_BUILD reason= required=0.0000 best=0.0000 free=0 refined=0 tubes=245 revoked_tubes=0 proofs=128
[depth_angular_controller-1] [INFO] [1791304927.150626402] [depth_angular_controller]: PAPER_EVIDENCE retained=16 balls=32 revoked_balls=0 expired_views=0 evicted_views=241 radius=0.580 clearance=0.000 best_prefix=8.072
[depth_angular_controller-1] [INFO] [1791304928.101662105] [depth_angular_controller]: OMNI_DEPTH views=4 azimuth_bins=180 elevation_bins=37 valid=0 certificates=64 short=0 held=0 local_candidates=0 yaw=0.00
[depth_angular_controller-1] [INFO] [1791304928.101951930] [depth_angular_controller]: PAPER_BUILD reason= required=0.0000 best=0.0000 free=0 refined=0 tubes=245 revoked_tubes=0 proofs=128
[depth_angular_controller-1] [INFO] [1791304928.101959154] [depth_angular_controller]: PAPER_EVIDENCE retained=16 balls=32 revoked_balls=0 expired_views=0 evicted_views=241 radius=0.580 clearance=0.000 best_prefix=8.072
[position_cmd_to_twist-2] [INFO] [1791304928.539612210] [position_cmd_to_twist]: [PERF BRIDGE] run=omni_final_v17_ego1p3_3 elapsed=131.10s received=5787 published=5784 fps(ros/wall)=48.27/49.24 controller_to_bridge_ms(mean/p50/p95/max)=9.775/0.000/33.333/600.000 bridge_process_ms(mean/p95/max)=0.091/0.117/1.688
[NAV] t=120.0s position=(50.09,12.23,1.86) yaw=-4.2deg command=(0.00,0.00,0.00) manual_active=1 collision_blocks=0
[depth_angular_controller-1] [INFO] [1791304929.085421867] [depth_angular_controller]: OMNI_DEPTH views=4 azimuth_bins=180 elevation_bins=37 valid=0 certificates=64 short=0 held=0 local_candidates=0 yaw=0.00
[depth_angular_controller-1] [INFO] [1791304929.085644115] [depth_angular_controller]: PAPER_BUILD reason= required=0.0000 best=0.0000 free=0 refined=0 tubes=245 revoked_tubes=0 proofs=128
[depth_angular_controller-1] [INFO] [1791304929.085654254] [depth_angular_controller]: PAPER_EVIDENCE retained=16 balls=32 revoked_balls=0 expired_views=0 evicted_views=241 radius=0.580 clearance=0.000 best_prefix=8.072
[depth_angular_controller-1] [INFO] [1791304929.948777232] [depth_angular_controller]: OMNI_DEPTH views=4 azimuth_bins=180 elevation_bins=37 valid=0 certificates=64 short=0 held=0 local_candidates=0 yaw=0.00
[depth_angular_controller-1] [INFO] [1791304929.949475635] [depth_angular_controller]: PAPER_BUILD reason= required=0.0000 best=0.0000 free=0 refined=0 tubes=245 revoked_tubes=0 proofs=128
[depth_angular_controller-1] [INFO] [1791304929.949492206] [depth_angular_controller]: PAPER_EVIDENCE retained=16 balls=32 revoked_balls=0 expired_views=0 evicted_views=241 radius=0.580 clearance=0.000 best_prefix=8.072
[depth_angular_controller-1] [INFO] [1791304930.878716960] [depth_angular_controller]: OMNI_DEPTH views=4 azimuth_bins=180 elevation_bins=37 valid=0 certificates=64 short=0 held=0 local_candidates=0 yaw=0.00
[depth_angular_controller-1] [INFO] [1791304930.879012776] [depth_angular_controller]: PAPER_BUILD reason= required=0.0000 best=0.0000 free=0 refined=0 tubes=245 revoked_tubes=0 proofs=128
[depth_angular_controller-1] [INFO] [1791304930.879019719] [depth_angular_controller]: PAPER_EVIDENCE retained=16 balls=32 revoked_balls=0 expired_views=0 evicted_views=241 radius=0.580 clearance=0.000 best_prefix=8.072
[depth_angular_controller-1] [INFO] [1791304931.469044229] [depth_angular_controller]: [PERF CTRL] run=omni_final_v17_ego1p3_3 elapsed=134.14s callbacks=5905 commands=5904 guidance=5784 command_fps(ros/wall)=47.94/49.03 guidance_wall_fps=48.85 avoid_ms(mean/p50/p95/max)=9.408/3.700/22.095/556.971 cycle_ms(mean/p95/max)=20.394/28.286/570.165 depth_to_cmd_ms(mean/p95/max)=38.872/83.333/100.000 callback_to_publish_ms(mean/p95/max)=11.562/27.056/570.033
[depth_angular_controller-1] [INFO] [1791304931.469533459] [depth_angular_controller]: EVIDENCE_COST ingest(mean/p95/max)=2.224/6.108/13.225 record=0.037/0.081/0.961 ms
[depth_angular_controller-1] [INFO] [1791304931.469541193] [depth_angular_controller]: EVIDENCE_PHASE per_view_mean_ms balls=0.085 tubes=0.069 history=0.371 eviction=0.001
[depth_angular_controller-1] [INFO] [1791304931.738289024] [depth_angular_controller]: OMNI_DEPTH views=4 azimuth_bins=180 elevation_bins=37 valid=0 certificates=64 short=0 held=0 local_candidates=0 yaw=0.00
[depth_angular_controller-1] [INFO] [1791304931.738687694] [depth_angular_controller]: PAPER_BUILD reason= required=0.0000 best=0.0000 free=0 refined=0 tubes=245 revoked_tubes=0 proofs=128
[depth_angular_controller-1] [INFO] [1791304931.738704705] [depth_angular_controller]: PAPER_EVIDENCE retained=16 balls=32 revoked_balls=0 expired_views=0 evicted_views=241 radius=0.580 clearance=0.000 best_prefix=8.072
[depth_angular_controller-1] [INFO] [1791304932.674703790] [depth_angular_controller]: OMNI_DEPTH views=4 azimuth_bins=180 elevation_bins=37 valid=0 certificates=64 short=0 held=0 local_candidates=0 yaw=0.00
[depth_angular_controller-1] [INFO] [1791304932.674929955] [depth_angular_controller]: PAPER_BUILD reason= required=0.0000 best=0.0000 free=0 refined=0 tubes=245 revoked_tubes=0 proofs=128
[depth_angular_controller-1] [INFO] [1791304932.674935746] [depth_angular_controller]: PAPER_EVIDENCE retained=16 balls=32 revoked_balls=0 expired_views=0 evicted_views=241 radius=0.580 clearance=0.000 best_prefix=8.072
[position_cmd_to_twist-2] [INFO] [1791304933.043913511] [position_cmd_to_twist]: [PERF BRIDGE] run=omni_final_v17_ego1p3_3 elapsed=135.61s received=5966 published=5963 fps(ros/wall)=47.76/48.88 controller_to_bridge_ms(mean/p50/p95/max)=10.311/0.000/33.333/600.000 bridge_process_ms(mean/p95/max)=0.092/0.117/1.688
[NAV] t=125.0s position=(50.09,12.23,1.86) yaw=-4.2deg command=(0.00,0.00,0.00) manual_active=1 collision_blocks=0
[depth_angular_controller-1] [INFO] [1791304933.617749879] [depth_angular_controller]: OMNI_DEPTH views=4 azimuth_bins=180 elevation_bins=37 valid=0 certificates=64 short=0 held=0 local_candidates=0 yaw=0.00
[depth_angular_controller-1] [INFO] [1791304933.618040545] [depth_angular_controller]: PAPER_BUILD reason= required=0.0000 best=0.0000 free=0 refined=0 tubes=245 revoked_tubes=0 proofs=128
[depth_angular_controller-1] [INFO] [1791304933.618047418] [depth_angular_controller]: PAPER_EVIDENCE retained=16 balls=32 revoked_balls=0 expired_views=0 evicted_views=241 radius=0.580 clearance=0.000 best_prefix=8.072
[depth_angular_controller-1] [INFO] [1791304934.479331440] [depth_angular_controller]: OMNI_DEPTH views=4 azimuth_bins=180 elevation_bins=37 valid=0 certificates=64 short=0 held=0 local_candidates=0 yaw=0.00
[depth_angular_controller-1] [INFO] [1791304934.479592150] [depth_angular_controller]: PAPER_BUILD reason= required=0.0000 best=0.0000 free=0 refined=0 tubes=245 revoked_tubes=0 proofs=128
[depth_angular_controller-1] [INFO] [1791304934.479597811] [depth_angular_controller]: PAPER_EVIDENCE retained=16 balls=32 revoked_balls=0 expired_views=0 evicted_views=241 radius=0.580 clearance=0.000 best_prefix=8.072
[depth_angular_controller-1] [INFO] [1791304935.342028187] [depth_angular_controller]: OMNI_DEPTH views=4 azimuth_bins=180 elevation_bins=37 valid=0 certificates=64 short=0 held=0 local_candidates=0 yaw=0.00
[depth_angular_controller-1] [INFO] [1791304935.342329333] [depth_angular_controller]: PAPER_BUILD reason= required=0.0000 best=0.0000 free=0 refined=0 tubes=245 revoked_tubes=0 proofs=128
[depth_angular_controller-1] [INFO] [1791304935.342348549] [depth_angular_controller]: PAPER_EVIDENCE retained=16 balls=32 revoked_balls=0 expired_views=0 evicted_views=241 radius=0.580 clearance=0.000 best_prefix=8.072
[depth_angular_controller-1] [INFO] [1791304936.295876276] [depth_angular_controller]: OMNI_DEPTH views=4 azimuth_bins=180 elevation_bins=37 valid=0 certificates=64 short=0 held=0 local_candidates=0 yaw=0.00
[depth_angular_controller-1] [INFO] [1791304936.296669997] [depth_angular_controller]: PAPER_BUILD reason= required=0.0000 best=0.0000 free=0 refined=0 tubes=245 revoked_tubes=0 proofs=128
[depth_angular_controller-1] [INFO] [1791304936.296694734] [depth_angular_controller]: PAPER_EVIDENCE retained=16 balls=32 revoked_balls=0 expired_views=0 evicted_views=241 radius=0.580 clearance=0.000 best_prefix=8.072
[depth_angular_controller-1] [INFO] [1791304936.508499131] [depth_angular_controller]: [PERF CTRL] run=omni_final_v17_ego1p3_3 elapsed=139.18s callbacks=6103 commands=6102 guidance=5982 command_fps(ros/wall)=47.42/48.64 guidance_wall_fps=48.46 avoid_ms(mean/p50/p95/max)=9.798/4.033/22.123/556.971 cycle_ms(mean/p95/max)=20.558/28.325/570.165 depth_to_cmd_ms(mean/p95/max)=38.521/83.333/100.000 callback_to_publish_ms(mean/p95/max)=11.978/27.139/570.033
[depth_angular_controller-1] [INFO] [1791304936.509387630] [depth_angular_controller]: EVIDENCE_COST ingest(mean/p95/max)=2.250/6.128/13.225 record=0.038/0.081/0.961 ms
[depth_angular_controller-1] [INFO] [1791304936.509397880] [depth_angular_controller]: EVIDENCE_PHASE per_view_mean_ms balls=0.086 tubes=0.070 history=0.374 eviction=0.001
[depth_angular_controller-1] [INFO] [1791304937.254131767] [depth_angular_controller]: OMNI_DEPTH views=4 azimuth_bins=180 elevation_bins=37 valid=0 certificates=64 short=0 held=0 local_candidates=0 yaw=0.00
[depth_angular_controller-1] [INFO] [1791304937.254352091] [depth_angular_controller]: PAPER_BUILD reason= required=0.0000 best=0.0000 free=0 refined=0 tubes=245 revoked_tubes=0 proofs=128
[depth_angular_controller-1] [INFO] [1791304937.254359145] [depth_angular_controller]: PAPER_EVIDENCE retained=16 balls=32 revoked_balls=0 expired_views=0 evicted_views=241 radius=0.580 clearance=0.000 best_prefix=8.072
[position_cmd_to_twist-2] [INFO] [1791304937.572527392] [position_cmd_to_twist]: [PERF BRIDGE] run=omni_final_v17_ego1p3_3 elapsed=140.13s received=6144 published=6141 fps(ros/wall)=47.31/48.55 controller_to_bridge_ms(mean/p50/p95/max)=10.821/0.000/33.333/600.000 bridge_process_ms(mean/p95/max)=0.092/0.117/1.688
[NAV] t=130.0s position=(50.09,12.23,1.86) yaw=-4.2deg command=(0.00,0.00,0.00) manual_active=1 collision_blocks=0
[depth_angular_controller-1] [INFO] [1791304938.122345422] [depth_angular_controller]: OMNI_DEPTH views=4 azimuth_bins=180 elevation_bins=37 valid=0 certificates=64 short=0 held=0 local_candidates=0 yaw=0.00
[depth_angular_controller-1] [INFO] [1791304938.122571487] [depth_angular_controller]: PAPER_BUILD reason= required=0.0000 best=0.0000 free=0 refined=0 tubes=245 revoked_tubes=0 proofs=128
[depth_angular_controller-1] [INFO] [1791304938.122577088] [depth_angular_controller]: PAPER_EVIDENCE retained=16 balls=32 revoked_balls=0 expired_views=0 evicted_views=241 radius=0.580 clearance=0.000 best_prefix=8.072
[depth_angular_controller-1] [INFO] [1791304939.005605554] [depth_angular_controller]: OMNI_DEPTH views=4 azimuth_bins=180 elevation_bins=37 valid=0 certificates=64 short=0 held=0 local_candidates=0 yaw=0.00
[depth_angular_controller-1] [INFO] [1791304939.005887845] [depth_angular_controller]: PAPER_BUILD reason= required=0.0000 best=0.0000 free=0 refined=0 tubes=245 revoked_tubes=0 proofs=128
[depth_angular_controller-1] [INFO] [1791304939.005903644] [depth_angular_controller]: PAPER_EVIDENCE retained=16 balls=32 revoked_balls=0 expired_views=0 evicted_views=241 radius=0.580 clearance=0.000 best_prefix=8.072
[depth_angular_controller-1] [INFO] [1791304939.940837097] [depth_angular_controller]: OMNI_DEPTH views=4 azimuth_bins=180 elevation_bins=37 valid=0 certificates=64 short=0 held=0 local_candidates=0 yaw=0.00
[depth_angular_controller-1] [INFO] [1791304939.941053744] [depth_angular_controller]: PAPER_BUILD reason= required=0.0000 best=0.0000 free=0 refined=0 tubes=245 revoked_tubes=0 proofs=128
[depth_angular_controller-1] [INFO] [1791304939.941060557] [depth_angular_controller]: PAPER_EVIDENCE retained=16 balls=32 revoked_balls=0 expired_views=0 evicted_views=241 radius=0.580 clearance=0.000 best_prefix=8.072
[depth_angular_controller-1] [INFO] [1791304940.928224236] [depth_angular_controller]: OMNI_DEPTH views=4 azimuth_bins=180 elevation_bins=37 valid=0 certificates=64 short=0 held=0 local_candidates=0 yaw=0.00
[depth_angular_controller-1] [INFO] [1791304940.928518389] [depth_angular_controller]: PAPER_BUILD reason= required=0.0000 best=0.0000 free=0 refined=0 tubes=245 revoked_tubes=0 proofs=128
[depth_angular_controller-1] [INFO] [1791304940.928527025] [depth_angular_controller]: PAPER_EVIDENCE retained=16 balls=32 revoked_balls=0 expired_views=0 evicted_views=241 radius=0.580 clearance=0.000 best_prefix=8.072
[depth_angular_controller-1] [INFO] [1791304941.520517089] [depth_angular_controller]: [PERF CTRL] run=omni_final_v17_ego1p3_3 elapsed=144.19s callbacks=6302 commands=6301 guidance=6181 command_fps(ros/wall)=46.94/48.30 guidance_wall_fps=48.11 avoid_ms(mean/p50/p95/max)=10.165/4.427/22.141/556.971 cycle_ms(mean/p95/max)=20.704/28.394/570.165 depth_to_cmd_ms(mean/p95/max)=38.351/83.333/100.000 callback_to_publish_ms(mean/p95/max)=12.371/27.372/570.033
[depth_angular_controller-1] [INFO] [1791304941.521668363] [depth_angular_controller]: EVIDENCE_COST ingest(mean/p95/max)=2.275/6.241/13.225 record=0.039/0.081/0.961 ms
[depth_angular_controller-1] [INFO] [1791304941.521692558] [depth_angular_controller]: EVIDENCE_PHASE per_view_mean_ms balls=0.087 tubes=0.070 history=0.378 eviction=0.001
[depth_angular_controller-1] [INFO] [1791304941.798699932] [depth_angular_controller]: OMNI_DEPTH views=4 azimuth_bins=180 elevation_bins=37 valid=0 certificates=64 short=0 held=0 local_candidates=0 yaw=0.00
[depth_angular_controller-1] [INFO] [1791304941.798926057] [depth_angular_controller]: PAPER_BUILD reason= required=0.0000 best=0.0000 free=0 refined=0 tubes=245 revoked_tubes=0 proofs=128
[depth_angular_controller-1] [INFO] [1791304941.798931647] [depth_angular_controller]: PAPER_EVIDENCE retained=16 balls=32 revoked_balls=0 expired_views=0 evicted_views=241 radius=0.580 clearance=0.000 best_prefix=8.072
[position_cmd_to_twist-2] [INFO] [1791304942.097662726] [position_cmd_to_twist]: [PERF BRIDGE] run=omni_final_v17_ego1p3_3 elapsed=144.66s received=6324 published=6321 fps(ros/wall)=46.88/48.24 controller_to_bridge_ms(mean/p50/p95/max)=11.298/0.000/33.333/600.000 bridge_process_ms(mean/p95/max)=0.092/0.117/1.688
[NAV] t=135.0s position=(50.09,12.23,1.86) yaw=-4.2deg command=(0.00,0.00,0.00) manual_active=1 collision_blocks=0
[depth_angular_controller-1] [INFO] [1791304942.660296651] [depth_angular_controller]: OMNI_DEPTH views=4 azimuth_bins=180 elevation_bins=37 valid=0 certificates=64 short=0 held=0 local_candidates=0 yaw=0.00
[depth_angular_controller-1] [INFO] [1791304942.660528337] [depth_angular_controller]: PAPER_BUILD reason= required=0.0000 best=0.0000 free=0 refined=0 tubes=245 revoked_tubes=0 proofs=128
[depth_angular_controller-1] [INFO] [1791304942.660534138] [depth_angular_controller]: PAPER_EVIDENCE retained=16 balls=32 revoked_balls=0 expired_views=0 evicted_views=241 radius=0.580 clearance=0.000 best_prefix=8.072
[depth_angular_controller-1] [INFO] [1791304943.671667534] [depth_angular_controller]: OMNI_DEPTH views=4 azimuth_bins=180 elevation_bins=37 valid=0 certificates=64 short=0 held=0 local_candidates=0 yaw=0.00
[depth_angular_controller-1] [INFO] [1791304943.671890222] [depth_angular_controller]: PAPER_BUILD reason= required=0.0000 best=0.0000 free=0 refined=0 tubes=245 revoked_tubes=0 proofs=128
[depth_angular_controller-1] [INFO] [1791304943.671897075] [depth_angular_controller]: PAPER_EVIDENCE retained=16 balls=32 revoked_balls=0 expired_views=0 evicted_views=241 radius=0.580 clearance=0.000 best_prefix=8.072
[depth_angular_controller-1] [INFO] [1791304944.529511531] [depth_angular_controller]: OMNI_DEPTH views=4 azimuth_bins=180 elevation_bins=37 valid=0 certificates=64 short=0 held=0 local_candidates=0 yaw=0.00
[depth_angular_controller-1] [INFO] [1791304944.529761210] [depth_angular_controller]: PAPER_BUILD reason= required=0.0000 best=0.0000 free=0 refined=0 tubes=245 revoked_tubes=0 proofs=128
[depth_angular_controller-1] [INFO] [1791304944.529768934] [depth_angular_controller]: PAPER_EVIDENCE retained=16 balls=32 revoked_balls=0 expired_views=0 evicted_views=241 radius=0.580 clearance=0.000 best_prefix=8.072
[depth_angular_controller-1] [INFO] [1791304945.385883261] [depth_angular_controller]: OMNI_DEPTH views=4 azimuth_bins=180 elevation_bins=37 valid=0 certificates=64 short=0 held=0 local_candidates=0 yaw=0.00
[depth_angular_controller-1] [INFO] [1791304945.386161143] [depth_angular_controller]: PAPER_BUILD reason= required=0.0000 best=0.0000 free=0 refined=0 tubes=245 revoked_tubes=0 proofs=128
[depth_angular_controller-1] [INFO] [1791304945.386168747] [depth_angular_controller]: PAPER_EVIDENCE retained=16 balls=32 revoked_balls=0 expired_views=0 evicted_views=241 radius=0.580 clearance=0.000 best_prefix=8.072
[depth_angular_controller-1] [INFO] [1791304946.365919175] [depth_angular_controller]: OMNI_DEPTH views=4 azimuth_bins=180 elevation_bins=37 valid=0 certificates=64 short=0 held=0 local_candidates=0 yaw=0.00
[depth_angular_controller-1] [INFO] [1791304946.366136904] [depth_angular_controller]: PAPER_BUILD reason= required=0.0000 best=0.0000 free=0 refined=0 tubes=245 revoked_tubes=0 proofs=128
[depth_angular_controller-1] [INFO] [1791304946.366143797] [depth_angular_controller]: PAPER_EVIDENCE retained=16 balls=32 revoked_balls=0 expired_views=0 evicted_views=241 radius=0.580 clearance=0.000 best_prefix=8.072
[depth_angular_controller-1] [INFO] [1791304946.539058818] [depth_angular_controller]: [PERF CTRL] run=omni_final_v17_ego1p3_3 elapsed=149.21s callbacks=6500 commands=6499 guidance=6379 command_fps(ros/wall)=46.50/47.97 guidance_wall_fps=47.79 avoid_ms(mean/p50/p95/max)=10.508/4.813/22.159/556.971 cycle_ms(mean/p95/max)=20.846/28.514/570.165 depth_to_cmd_ms(mean/p95/max)=38.183/83.333/100.000 callback_to_publish_ms(mean/p95/max)=12.734/27.510/570.033
[depth_angular_controller-1] [INFO] [1791304946.539570350] [depth_angular_controller]: EVIDENCE_COST ingest(mean/p95/max)=2.296/6.355/13.225 record=0.040/0.081/0.961 ms
[depth_angular_controller-1] [INFO] [1791304946.539577112] [depth_angular_controller]: EVIDENCE_PHASE per_view_mean_ms balls=0.089 tubes=0.071 history=0.381 eviction=0.001
[position_cmd_to_twist-2] [INFO] [1791304946.646883024] [position_cmd_to_twist]: [PERF BRIDGE] run=omni_final_v17_ego1p3_3 elapsed=149.21s received=6503 published=6500 fps(ros/wall)=46.49/47.94 controller_to_bridge_ms(mean/p50/p95/max)=11.751/0.000/33.333/600.000 bridge_process_ms(mean/p95/max)=0.092/0.117/1.688
[NAV] t=140.0s position=(50.09,12.23,1.86) yaw=-4.2deg command=(0.00,0.00,0.00) manual_active=1 collision_blocks=0
[depth_angular_controller-1] [INFO] [1791304947.294420589] [depth_angular_controller]: OMNI_DEPTH views=4 azimuth_bins=180 elevation_bins=37 valid=0 certificates=64 short=0 held=0 local_candidates=0 yaw=0.00
[depth_angular_controller-1] [INFO] [1791304947.294639941] [depth_angular_controller]: PAPER_BUILD reason= required=0.0000 best=0.0000 free=0 refined=0 tubes=245 revoked_tubes=0 proofs=128
[depth_angular_controller-1] [INFO] [1791304947.294645302] [depth_angular_controller]: PAPER_EVIDENCE retained=16 balls=32 revoked_balls=0 expired_views=0 evicted_views=241 radius=0.580 clearance=0.000 best_prefix=8.072
[depth_angular_controller-1] [INFO] [1791304948.157379829] [depth_angular_controller]: OMNI_DEPTH views=4 azimuth_bins=180 elevation_bins=37 valid=0 certificates=64 short=0 held=0 local_candidates=0 yaw=0.00
[depth_angular_controller-1] [INFO] [1791304948.157616975] [depth_angular_controller]: PAPER_BUILD reason= required=0.0000 best=0.0000 free=0 refined=0 tubes=245 revoked_tubes=0 proofs=128
[depth_angular_controller-1] [INFO] [1791304948.157623057] [depth_angular_controller]: PAPER_EVIDENCE retained=16 balls=32 revoked_balls=0 expired_views=0 evicted_views=241 radius=0.580 clearance=0.000 best_prefix=8.072
[depth_angular_controller-1] [INFO] [1791304949.088661579] [depth_angular_controller]: OMNI_DEPTH views=4 azimuth_bins=180 elevation_bins=37 valid=0 certificates=64 short=0 held=0 local_candidates=0 yaw=0.00
[depth_angular_controller-1] [INFO] [1791304949.088964448] [depth_angular_controller]: PAPER_BUILD reason= required=0.0000 best=0.0000 free=0 refined=0 tubes=245 revoked_tubes=0 proofs=128
[depth_angular_controller-1] [INFO] [1791304949.088972634] [depth_angular_controller]: PAPER_EVIDENCE retained=16 balls=32 revoked_balls=0 expired_views=0 evicted_views=241 radius=0.580 clearance=0.000 best_prefix=8.072
[depth_angular_controller-1] [INFO] [1791304950.132005138] [depth_angular_controller]: OMNI_DEPTH views=4 azimuth_bins=180 elevation_bins=37 valid=0 certificates=64 short=0 held=0 local_candidates=0 yaw=0.00
[depth_angular_controller-1] [INFO] [1791304950.132287909] [depth_angular_controller]: PAPER_BUILD reason= required=0.0000 best=0.0000 free=0 refined=0 tubes=245 revoked_tubes=0 proofs=128
[depth_angular_controller-1] [INFO] [1791304950.132296686] [depth_angular_controller]: PAPER_EVIDENCE retained=16 balls=32 revoked_balls=0 expired_views=0 evicted_views=241 radius=0.580 clearance=0.000 best_prefix=8.072
[depth_angular_controller-1] [INFO] [1791304951.012623184] [depth_angular_controller]: OMNI_DEPTH views=4 azimuth_bins=180 elevation_bins=37 valid=0 certificates=64 short=0 held=0 local_candidates=0 yaw=0.00
[depth_angular_controller-1] [INFO] [1791304951.012852245] [depth_angular_controller]: PAPER_BUILD reason= required=0.0000 best=0.0000 free=0 refined=0 tubes=245 revoked_tubes=0 proofs=128
[depth_angular_controller-1] [INFO] [1791304951.012860210] [depth_angular_controller]: PAPER_EVIDENCE retained=16 balls=32 revoked_balls=0 expired_views=0 evicted_views=241 radius=0.580 clearance=0.000 best_prefix=8.072
[position_cmd_to_twist-2] [INFO] [1791304951.274046561] [position_cmd_to_twist]: [PERF BRIDGE] run=omni_final_v17_ego1p3_3 elapsed=153.84s received=6683 published=6680 fps(ros/wall)=46.13/47.65 controller_to_bridge_ms(mean/p50/p95/max)=12.175/0.000/33.333/600.000 bridge_process_ms(mean/p95/max)=0.092/0.117/1.688
[NAV] t=145.0s position=(50.09,12.23,1.86) yaw=-4.2deg command=(0.00,0.00,0.00) manual_active=1 collision_blocks=0
[depth_angular_controller-1] [INFO] [1791304951.558329076] [depth_angular_controller]: [PERF CTRL] run=omni_final_v17_ego1p3_3 elapsed=154.23s callbacks=6696 commands=6695 guidance=6575 command_fps(ros/wall)=46.10/47.65 guidance_wall_fps=47.47 avoid_ms(mean/p50/p95/max)=10.825/5.265/22.172/556.971 cycle_ms(mean/p95/max)=20.985/28.681/570.165 depth_to_cmd_ms(mean/p95/max)=38.314/83.333/100.000 callback_to_publish_ms(mean/p95/max)=13.072/27.785/570.033
[depth_angular_controller-1] [INFO] [1791304951.558901783] [depth_angular_controller]: EVIDENCE_COST ingest(mean/p95/max)=2.316/6.536/13.225 record=0.041/0.081/0.961 ms
[depth_angular_controller-1] [INFO] [1791304951.558911251] [depth_angular_controller]: EVIDENCE_PHASE per_view_mean_ms balls=0.090 tubes=0.072 history=0.384 eviction=0.001
[depth_angular_controller-1] [INFO] [1791304951.878303298] [depth_angular_controller]: OMNI_DEPTH views=4 azimuth_bins=180 elevation_bins=37 valid=0 certificates=64 short=0 held=0 local_candidates=0 yaw=0.00
[depth_angular_controller-1] [INFO] [1791304951.878898687] [depth_angular_controller]: PAPER_BUILD reason= required=0.0000 best=0.0000 free=0 refined=0 tubes=245 revoked_tubes=0 proofs=128
[depth_angular_controller-1] [INFO] [1791304951.878922953] [depth_angular_controller]: PAPER_EVIDENCE retained=16 balls=32 revoked_balls=0 expired_views=0 evicted_views=241 radius=0.580 clearance=0.000 best_prefix=8.072
[depth_angular_controller-1] [INFO] [1791304952.887873366] [depth_angular_controller]: OMNI_DEPTH views=4 azimuth_bins=180 elevation_bins=37 valid=0 certificates=64 short=0 held=0 local_candidates=0 yaw=0.00
[depth_angular_controller-1] [INFO] [1791304952.888164834] [depth_angular_controller]: PAPER_BUILD reason= required=0.0000 best=0.0000 free=0 refined=0 tubes=245 revoked_tubes=0 proofs=128
[depth_angular_controller-1] [INFO] [1791304952.888171526] [depth_angular_controller]: PAPER_EVIDENCE retained=16 balls=32 revoked_balls=0 expired_views=0 evicted_views=241 radius=0.580 clearance=0.000 best_prefix=8.072
[depth_angular_controller-1] [INFO] [1791304953.816669905] [depth_angular_controller]: OMNI_DEPTH views=4 azimuth_bins=180 elevation_bins=37 valid=0 certificates=64 short=0 held=0 local_candidates=0 yaw=0.00
[depth_angular_controller-1] [INFO] [1791304953.816978174] [depth_angular_controller]: PAPER_BUILD reason= required=0.0000 best=0.0000 free=0 refined=0 tubes=245 revoked_tubes=0 proofs=128
[depth_angular_controller-1] [INFO] [1791304953.816986069] [depth_angular_controller]: PAPER_EVIDENCE retained=16 balls=32 revoked_balls=0 expired_views=0 evicted_views=241 radius=0.580 clearance=0.000 best_prefix=8.072
[depth_angular_controller-1] [INFO] [1791304954.813775258] [depth_angular_controller]: OMNI_DEPTH views=4 azimuth_bins=180 elevation_bins=37 valid=0 certificates=64 short=0 held=0 local_candidates=0 yaw=0.00
[depth_angular_controller-1] [INFO] [1791304954.814065834] [depth_angular_controller]: PAPER_BUILD reason= required=0.0000 best=0.0000 free=0 refined=0 tubes=245 revoked_tubes=0 proofs=128
[depth_angular_controller-1] [INFO] [1791304954.814073668] [depth_angular_controller]: PAPER_EVIDENCE retained=16 balls=32 revoked_balls=0 expired_views=0 evicted_views=241 radius=0.580 clearance=0.000 best_prefix=8.072
[depth_angular_controller-1] [INFO] [1791304955.738633576] [depth_angular_controller]: OMNI_DEPTH views=4 azimuth_bins=180 elevation_bins=37 valid=0 certificates=64 short=0 held=0 local_candidates=0 yaw=0.00
[depth_angular_controller-1] [INFO] [1791304955.738868988] [depth_angular_controller]: PAPER_BUILD reason= required=0.0000 best=0.0000 free=0 refined=0 tubes=245 revoked_tubes=0 proofs=128
[depth_angular_controller-1] [INFO] [1791304955.738876322] [depth_angular_controller]: PAPER_EVIDENCE retained=16 balls=32 revoked_balls=0 expired_views=0 evicted_views=241 radius=0.580 clearance=0.000 best_prefix=8.072
[position_cmd_to_twist-2] [INFO] [1791304956.033946130] [position_cmd_to_twist]: [PERF BRIDGE] run=omni_final_v17_ego1p3_3 elapsed=158.60s received=6865 published=6862 fps(ros/wall)=45.80/47.34 controller_to_bridge_ms(mean/p50/p95/max)=12.561/0.000/33.333/600.000 bridge_process_ms(mean/p95/max)=0.092/0.117/1.688
[NAV] t=150.0s position=(50.09,12.23,1.86) yaw=-4.2deg command=(0.00,0.00,0.00) manual_active=1 collision_blocks=0
[depth_angular_controller-1] [INFO] [1791304956.560689215] [depth_angular_controller]: [PERF CTRL] run=omni_final_v17_ego1p3_3 elapsed=159.23s callbacks=6887 commands=6886 guidance=6766 command_fps(ros/wall)=45.77/47.33 guidance_wall_fps=47.15 avoid_ms(mean/p50/p95/max)=11.112/5.895/22.187/556.971 cycle_ms(mean/p95/max)=21.130/28.826/570.165 depth_to_cmd_ms(mean/p95/max)=38.472/83.333/100.000 callback_to_publish_ms(mean/p95/max)=13.380/28.003/570.033
[depth_angular_controller-1] [INFO] [1791304956.561240892] [depth_angular_controller]: EVIDENCE_COST ingest(mean/p95/max)=2.336/6.658/13.225 record=0.042/0.081/0.961 ms
[depth_angular_controller-1] [INFO] [1791304956.561249077] [depth_angular_controller]: EVIDENCE_PHASE per_view_mean_ms balls=0.091 tubes=0.073 history=0.387 eviction=0.001
[depth_angular_controller-1] [INFO] [1791304956.733295727] [depth_angular_controller]: OMNI_DEPTH views=4 azimuth_bins=180 elevation_bins=37 valid=0 certificates=64 short=0 held=0 local_candidates=0 yaw=0.00
[depth_angular_controller-1] [INFO] [1791304956.733516041] [depth_angular_controller]: PAPER_BUILD reason= required=0.0000 best=0.0000 free=0 refined=0 tubes=245 revoked_tubes=0 proofs=128
[depth_angular_controller-1] [INFO] [1791304956.733522894] [depth_angular_controller]: PAPER_EVIDENCE retained=16 balls=32 revoked_balls=0 expired_views=0 evicted_views=241 radius=0.580 clearance=0.000 best_prefix=8.072
[depth_angular_controller-1] [INFO] [1791304957.731163843] [depth_angular_controller]: OMNI_DEPTH views=4 azimuth_bins=180 elevation_bins=37 valid=0 certificates=64 short=0 held=0 local_candidates=0 yaw=0.00
[depth_angular_controller-1] [INFO] [1791304957.731458867] [depth_angular_controller]: PAPER_BUILD reason= required=0.0000 best=0.0000 free=0 refined=0 tubes=245 revoked_tubes=0 proofs=128
[depth_angular_controller-1] [INFO] [1791304957.731466291] [depth_angular_controller]: PAPER_EVIDENCE retained=16 balls=32 revoked_balls=0 expired_views=0 evicted_views=241 radius=0.580 clearance=0.000 best_prefix=8.072
[depth_angular_controller-1] [INFO] [1791304958.656511911] [depth_angular_controller]: OMNI_DEPTH views=4 azimuth_bins=180 elevation_bins=37 valid=0 certificates=64 short=0 held=0 local_candidates=0 yaw=0.00
[depth_angular_controller-1] [INFO] [1791304958.656885243] [depth_angular_controller]: PAPER_BUILD reason= required=0.0000 best=0.0000 free=0 refined=0 tubes=245 revoked_tubes=0 proofs=128
[depth_angular_controller-1] [INFO] [1791304958.656897145] [depth_angular_controller]: PAPER_EVIDENCE retained=16 balls=32 revoked_balls=0 expired_views=0 evicted_views=241 radius=0.580 clearance=0.000 best_prefix=8.072
[depth_angular_controller-1] [INFO] [1791304959.615151345] [depth_angular_controller]: OMNI_DEPTH views=4 azimuth_bins=180 elevation_bins=37 valid=0 certificates=64 short=0 held=0 local_candidates=0 yaw=0.00
[depth_angular_controller-1] [INFO] [1791304959.615371368] [depth_angular_controller]: PAPER_BUILD reason= required=0.0000 best=0.0000 free=0 refined=0 tubes=245 revoked_tubes=0 proofs=128
[depth_angular_controller-1] [INFO] [1791304959.615376307] [depth_angular_controller]: PAPER_EVIDENCE retained=16 balls=32 revoked_balls=0 expired_views=0 evicted_views=241 radius=0.580 clearance=0.000 best_prefix=8.072
[depth_angular_controller-1] [INFO] [1791304960.538643635] [depth_angular_controller]: OMNI_DEPTH views=4 azimuth_bins=180 elevation_bins=37 valid=0 certificates=64 short=0 held=0 local_candidates=0 yaw=0.00
[depth_angular_controller-1] [INFO] [1791304960.538871213] [depth_angular_controller]: PAPER_BUILD reason= required=0.0000 best=0.0000 free=0 refined=0 tubes=245 revoked_tubes=0 proofs=128
[depth_angular_controller-1] [INFO] [1791304960.538876493] [depth_angular_controller]: PAPER_EVIDENCE retained=16 balls=32 revoked_balls=0 expired_views=0 evicted_views=241 radius=0.580 clearance=0.000 best_prefix=8.072
[position_cmd_to_twist-2] [INFO] [1791304960.751887487] [position_cmd_to_twist]: [PERF BRIDGE] run=omni_final_v17_ego1p3_3 elapsed=163.31s received=7049 published=7046 fps(ros/wall)=45.51/47.07 controller_to_bridge_ms(mean/p50/p95/max)=12.933/0.000/33.333/600.000 bridge_process_ms(mean/p95/max)=0.092/0.118/1.688
[NAV] t=155.0s position=(50.09,12.23,1.86) yaw=-4.2deg command=(0.00,0.00,0.00) manual_active=1 collision_blocks=0
[depth_angular_controller-1] [INFO] [1791304961.408473297] [depth_angular_controller]: OMNI_DEPTH views=4 azimuth_bins=180 elevation_bins=37 valid=0 certificates=64 short=0 held=0 local_candidates=0 yaw=0.00
[depth_angular_controller-1] [INFO] [1791304961.408756309] [depth_angular_controller]: PAPER_BUILD reason= required=0.0000 best=0.0000 free=0 refined=0 tubes=245 revoked_tubes=0 proofs=128
[depth_angular_controller-1] [INFO] [1791304961.408763683] [depth_angular_controller]: PAPER_EVIDENCE retained=16 balls=32 revoked_balls=0 expired_views=0 evicted_views=241 radius=0.580 clearance=0.000 best_prefix=8.072
[depth_angular_controller-1] [INFO] [1791304961.588312822] [depth_angular_controller]: [PERF CTRL] run=omni_final_v17_ego1p3_3 elapsed=164.26s callbacks=7084 commands=7083 guidance=6963 command_fps(ros/wall)=45.44/47.05 guidance_wall_fps=46.88 avoid_ms(mean/p50/p95/max)=11.396/6.655/22.203/556.971 cycle_ms(mean/p95/max)=21.252/28.934/570.165 depth_to_cmd_ms(mean/p95/max)=38.417/83.333/100.000 callback_to_publish_ms(mean/p95/max)=13.684/28.127/570.033
[depth_angular_controller-1] [INFO] [1791304961.588921195] [depth_angular_controller]: EVIDENCE_COST ingest(mean/p95/max)=2.354/6.731/13.225 record=0.042/0.081/0.961 ms
[depth_angular_controller-1] [INFO] [1791304961.588930352] [depth_angular_controller]: EVIDENCE_PHASE per_view_mean_ms balls=0.092 tubes=0.073 history=0.390 eviction=0.000
[depth_angular_controller-1] [INFO] [1791304962.340873128] [depth_angular_controller]: OMNI_DEPTH views=4 azimuth_bins=180 elevation_bins=37 valid=0 certificates=64 short=0 held=0 local_candidates=0 yaw=0.00
[depth_angular_controller-1] [INFO] [1791304962.342513581] [depth_angular_controller]: PAPER_BUILD reason= required=0.0000 best=0.0000 free=0 refined=0 tubes=245 revoked_tubes=0 proofs=128
[depth_angular_controller-1] [INFO] [1791304962.342540191] [depth_angular_controller]: PAPER_EVIDENCE retained=16 balls=32 revoked_balls=0 expired_views=0 evicted_views=241 radius=0.580 clearance=0.000 best_prefix=8.072
[depth_angular_controller-1] [INFO] [1791304963.275559867] [depth_angular_controller]: OMNI_DEPTH views=4 azimuth_bins=180 elevation_bins=37 valid=0 certificates=64 short=0 held=0 local_candidates=0 yaw=0.00
[depth_angular_controller-1] [INFO] [1791304963.276218885] [depth_angular_controller]: PAPER_BUILD reason= required=0.0000 best=0.0000 free=0 refined=0 tubes=245 revoked_tubes=0 proofs=128
[depth_angular_controller-1] [INFO] [1791304963.276228864] [depth_angular_controller]: PAPER_EVIDENCE retained=16 balls=32 revoked_balls=0 expired_views=0 evicted_views=241 radius=0.580 clearance=0.000 best_prefix=8.072
[depth_angular_controller-1] [INFO] [1791304964.216056093] [depth_angular_controller]: OMNI_DEPTH views=4 azimuth_bins=180 elevation_bins=37 valid=0 certificates=64 short=0 held=0 local_candidates=0 yaw=0.00
[depth_angular_controller-1] [INFO] [1791304964.216344836] [depth_angular_controller]: PAPER_BUILD reason= required=0.0000 best=0.0000 free=0 refined=0 tubes=245 revoked_tubes=0 proofs=128
[depth_angular_controller-1] [INFO] [1791304964.216353332] [depth_angular_controller]: PAPER_EVIDENCE retained=16 balls=32 revoked_balls=0 expired_views=0 evicted_views=241 radius=0.580 clearance=0.000 best_prefix=8.072
[depth_angular_controller-1] [INFO] [1791304965.097171705] [depth_angular_controller]: OMNI_DEPTH views=4 azimuth_bins=180 elevation_bins=37 valid=0 certificates=64 short=0 held=0 local_candidates=0 yaw=0.00
[depth_angular_controller-1] [INFO] [1791304965.097415202] [depth_angular_controller]: PAPER_BUILD reason= required=0.0000 best=0.0000 free=0 refined=0 tubes=245 revoked_tubes=0 proofs=128
[depth_angular_controller-1] [INFO] [1791304965.097424149] [depth_angular_controller]: PAPER_EVIDENCE retained=16 balls=32 revoked_balls=0 expired_views=0 evicted_views=241 radius=0.580 clearance=0.000 best_prefix=8.072
[position_cmd_to_twist-2] [INFO] [1791304965.254821919] [position_cmd_to_twist]: [PERF BRIDGE] run=omni_final_v17_ego1p3_3 elapsed=167.82s received=7228 published=7225 fps(ros/wall)=45.21/46.86 controller_to_bridge_ms(mean/p50/p95/max)=13.302/0.000/33.333/600.000 bridge_process_ms(mean/p95/max)=0.092/0.118/1.688
[NAV] t=160.0s position=(50.09,12.23,1.86) yaw=-4.2deg command=(0.00,0.00,0.00) manual_active=1 collision_blocks=0
[depth_angular_controller-1] [INFO] [1791304966.033248185] [depth_angular_controller]: OMNI_DEPTH views=4 azimuth_bins=180 elevation_bins=37 valid=0 certificates=64 short=0 held=0 local_candidates=0 yaw=0.00
[depth_angular_controller-1] [INFO] [1791304966.033576292] [depth_angular_controller]: PAPER_BUILD reason= required=0.0000 best=0.0000 free=0 refined=0 tubes=245 revoked_tubes=0 proofs=128
[depth_angular_controller-1] [INFO] [1791304966.033587042] [depth_angular_controller]: PAPER_EVIDENCE retained=16 balls=32 revoked_balls=0 expired_views=0 evicted_views=241 radius=0.580 clearance=0.000 best_prefix=8.072
[depth_angular_controller-1] [INFO] [1791304966.606996077] [depth_angular_controller]: [PERF CTRL] run=omni_final_v17_ego1p3_3 elapsed=169.28s callbacks=7282 commands=7281 guidance=7161 command_fps(ros/wall)=45.13/46.81 guidance_wall_fps=46.64 avoid_ms(mean/p50/p95/max)=11.663/8.750/22.213/556.971 cycle_ms(mean/p95/max)=21.363/28.964/570.165 depth_to_cmd_ms(mean/p95/max)=38.323/83.333/100.000 callback_to_publish_ms(mean/p95/max)=13.969/28.153/570.033
[depth_angular_controller-1] [INFO] [1791304966.607649264] [depth_angular_controller]: EVIDENCE_COST ingest(mean/p95/max)=2.370/6.794/13.225 record=0.043/0.081/0.961 ms
[depth_angular_controller-1] [INFO] [1791304966.607662429] [depth_angular_controller]: EVIDENCE_PHASE per_view_mean_ms balls=0.093 tubes=0.074 history=0.393 eviction=0.000
[depth_angular_controller-1] [INFO] [1791304967.049326744] [depth_angular_controller]: OMNI_DEPTH views=4 azimuth_bins=180 elevation_bins=37 valid=0 certificates=64 short=0 held=0 local_candidates=0 yaw=0.00
[depth_angular_controller-1] [INFO] [1791304967.049547870] [depth_angular_controller]: PAPER_BUILD reason= required=0.0000 best=0.0000 free=0 refined=0 tubes=245 revoked_tubes=0 proofs=128
[depth_angular_controller-1] [INFO] [1791304967.049552649] [depth_angular_controller]: PAPER_EVIDENCE retained=16 balls=32 revoked_balls=0 expired_views=0 evicted_views=241 radius=0.580 clearance=0.000 best_prefix=8.072
[depth_angular_controller-1] [INFO] [1791304967.976684369] [depth_angular_controller]: OMNI_DEPTH views=4 azimuth_bins=180 elevation_bins=37 valid=0 certificates=64 short=0 held=0 local_candidates=0 yaw=0.00
[depth_angular_controller-1] [INFO] [1791304967.976916626] [depth_angular_controller]: PAPER_BUILD reason= required=0.0000 best=0.0000 free=0 refined=0 tubes=245 revoked_tubes=0 proofs=128
[depth_angular_controller-1] [INFO] [1791304967.976922557] [depth_angular_controller]: PAPER_EVIDENCE retained=16 balls=32 revoked_balls=0 expired_views=0 evicted_views=241 radius=0.580 clearance=0.000 best_prefix=8.072
[depth_angular_controller-1] [INFO] [1791304968.840318829] [depth_angular_controller]: OMNI_DEPTH views=4 azimuth_bins=180 elevation_bins=37 valid=0 certificates=64 short=0 held=0 local_candidates=0 yaw=0.00
[depth_angular_controller-1] [INFO] [1791304968.840541086] [depth_angular_controller]: PAPER_BUILD reason= required=0.0000 best=0.0000 free=0 refined=0 tubes=245 revoked_tubes=0 proofs=128
[depth_angular_controller-1] [INFO] [1791304968.840546597] [depth_angular_controller]: PAPER_EVIDENCE retained=16 balls=32 revoked_balls=0 expired_views=0 evicted_views=241 radius=0.580 clearance=0.000 best_prefix=8.072
[depth_angular_controller-1] [INFO] [1791304969.713458130] [depth_angular_controller]: OMNI_DEPTH views=4 azimuth_bins=180 elevation_bins=37 valid=0 certificates=64 short=0 held=0 local_candidates=0 yaw=0.00
[depth_angular_controller-1] [INFO] [1791304969.714125424] [depth_angular_controller]: PAPER_BUILD reason= required=0.0000 best=0.0000 free=0 refined=0 tubes=245 revoked_tubes=0 proofs=128
[depth_angular_controller-1] [INFO] [1791304969.714134551] [depth_angular_controller]: PAPER_EVIDENCE retained=16 balls=32 revoked_balls=0 expired_views=0 evicted_views=241 radius=0.580 clearance=0.000 best_prefix=8.072
[position_cmd_to_twist-2] [INFO] [1791304969.834421889] [position_cmd_to_twist]: [PERF BRIDGE] run=omni_final_v17_ego1p3_3 elapsed=172.40s received=7407 published=7404 fps(ros/wall)=44.93/46.64 controller_to_bridge_ms(mean/p50/p95/max)=13.643/0.000/33.333/600.000 bridge_process_ms(mean/p95/max)=0.093/0.118/1.688
[NAV] t=165.0s position=(50.09,12.23,1.86) yaw=-4.2deg command=(0.00,0.00,0.00) manual_active=1 collision_blocks=0
[depth_angular_controller-1] [INFO] [1791304970.647880071] [depth_angular_controller]: OMNI_DEPTH views=4 azimuth_bins=180 elevation_bins=37 valid=0 certificates=64 short=0 held=0 local_candidates=0 yaw=0.00
[depth_angular_controller-1] [INFO] [1791304970.648470962] [depth_angular_controller]: PAPER_BUILD reason= required=0.0000 best=0.0000 free=0 refined=0 tubes=245 revoked_tubes=0 proofs=128
[depth_angular_controller-1] [INFO] [1791304970.648480349] [depth_angular_controller]: PAPER_EVIDENCE retained=16 balls=32 revoked_balls=0 expired_views=0 evicted_views=241 radius=0.580 clearance=0.000 best_prefix=8.072
[depth_angular_controller-1] [INFO] [1791304971.536537426] [depth_angular_controller]: OMNI_DEPTH views=4 azimuth_bins=180 elevation_bins=37 valid=0 certificates=64 short=0 held=0 local_candidates=0 yaw=0.00
[depth_angular_controller-1] [INFO] [1791304971.536801843] [depth_angular_controller]: PAPER_BUILD reason= required=0.0000 best=0.0000 free=0 refined=0 tubes=245 revoked_tubes=0 proofs=128
[depth_angular_controller-1] [INFO] [1791304971.536809778] [depth_angular_controller]: PAPER_EVIDENCE retained=16 balls=32 revoked_balls=0 expired_views=0 evicted_views=241 radius=0.580 clearance=0.000 best_prefix=8.072
[depth_angular_controller-1] [INFO] [1791304971.634086341] [depth_angular_controller]: [PERF CTRL] run=omni_final_v17_ego1p3_3 elapsed=174.30s callbacks=7481 commands=7480 guidance=7360 command_fps(ros/wall)=44.82/46.58 guidance_wall_fps=46.41 avoid_ms(mean/p50/p95/max)=11.924/16.754/22.237/556.971 cycle_ms(mean/p95/max)=21.467/29.022/570.165 depth_to_cmd_ms(mean/p95/max)=38.240/83.333/100.000 callback_to_publish_ms(mean/p95/max)=14.248/28.223/570.033
[depth_angular_controller-1] [INFO] [1791304971.634718139] [depth_angular_controller]: EVIDENCE_COST ingest(mean/p95/max)=2.386/6.894/13.225 record=0.044/0.082/0.961 ms
[depth_angular_controller-1] [INFO] [1791304971.634729029] [depth_angular_controller]: EVIDENCE_PHASE per_view_mean_ms balls=0.094 tubes=0.074 history=0.395 eviction=0.000
[depth_angular_controller-1] [INFO] [1791304972.421995389] [depth_angular_controller]: OMNI_DEPTH views=4 azimuth_bins=180 elevation_bins=37 valid=0 certificates=64 short=0 held=0 local_candidates=0 yaw=0.00
[depth_angular_controller-1] [INFO] [1791304972.422219069] [depth_angular_controller]: PAPER_BUILD reason= required=0.0000 best=0.0000 free=0 refined=0 tubes=245 revoked_tubes=0 proofs=128
[depth_angular_controller-1] [INFO] [1791304972.422224419] [depth_angular_controller]: PAPER_EVIDENCE retained=16 balls=32 revoked_balls=0 expired_views=0 evicted_views=241 radius=0.580 clearance=0.000 best_prefix=8.072
[depth_angular_controller-1] [INFO] [1791304973.369731261] [depth_angular_controller]: OMNI_DEPTH views=4 azimuth_bins=180 elevation_bins=37 valid=0 certificates=64 short=0 held=0 local_candidates=0 yaw=0.00
[depth_angular_controller-1] [INFO] [1791304973.369940624] [depth_angular_controller]: PAPER_BUILD reason= required=0.0000 best=0.0000 free=0 refined=0 tubes=245 revoked_tubes=0 proofs=128
[depth_angular_controller-1] [INFO] [1791304973.369946084] [depth_angular_controller]: PAPER_EVIDENCE retained=16 balls=32 revoked_balls=0 expired_views=0 evicted_views=241 radius=0.580 clearance=0.000 best_prefix=8.072
[depth_angular_controller-1] [INFO] [1791304974.255738615] [depth_angular_controller]: OMNI_DEPTH views=4 azimuth_bins=180 elevation_bins=37 valid=0 certificates=64 short=0 held=0 local_candidates=0 yaw=0.00
[depth_angular_controller-1] [INFO] [1791304974.257139919] [depth_angular_controller]: PAPER_BUILD reason= required=0.0000 best=0.0000 free=0 refined=0 tubes=245 revoked_tubes=0 proofs=128
[depth_angular_controller-1] [INFO] [1791304974.257156470] [depth_angular_controller]: PAPER_EVIDENCE retained=16 balls=32 revoked_balls=0 expired_views=0 evicted_views=241 radius=0.580 clearance=0.000 best_prefix=8.072
[position_cmd_to_twist-2] [INFO] [1791304974.330937468] [position_cmd_to_twist]: [PERF BRIDGE] run=omni_final_v17_ego1p3_3 elapsed=176.89s received=7587 published=7584 fps(ros/wall)=44.66/46.46 controller_to_bridge_ms(mean/p50/p95/max)=13.973/0.000/33.333/600.000 bridge_process_ms(mean/p95/max)=0.093/0.118/1.688
[NAV] t=170.0s position=(50.09,12.23,1.86) yaw=-4.2deg command=(0.00,0.00,0.00) manual_active=1 collision_blocks=0
[depth_angular_controller-1] [INFO] [1791304975.252581295] [depth_angular_controller]: OMNI_DEPTH views=4 azimuth_bins=180 elevation_bins=37 valid=0 certificates=64 short=0 held=0 local_candidates=0 yaw=0.00
[depth_angular_controller-1] [INFO] [1791304975.252907648] [depth_angular_controller]: PAPER_BUILD reason= required=0.0000 best=0.0000 free=0 refined=0 tubes=245 revoked_tubes=0 proofs=128
[depth_angular_controller-1] [INFO] [1791304975.252923568] [depth_angular_controller]: PAPER_EVIDENCE retained=16 balls=32 revoked_balls=0 expired_views=0 evicted_views=241 radius=0.580 clearance=0.000 best_prefix=8.072
[depth_angular_controller-1] [INFO] [1791304976.153420243] [depth_angular_controller]: OMNI_DEPTH views=4 azimuth_bins=180 elevation_bins=37 valid=0 certificates=64 short=0 held=0 local_candidates=0 yaw=0.00
[depth_angular_controller-1] [INFO] [1791304976.154337166] [depth_angular_controller]: PAPER_BUILD reason= required=0.0000 best=0.0000 free=0 refined=0 tubes=245 revoked_tubes=0 proofs=128
[depth_angular_controller-1] [INFO] [1791304976.154358646] [depth_angular_controller]: PAPER_EVIDENCE retained=16 balls=32 revoked_balls=0 expired_views=0 evicted_views=241 radius=0.580 clearance=0.000 best_prefix=8.072
[depth_angular_controller-1] [INFO] [1791304976.655337322] [depth_angular_controller]: [PERF CTRL] run=omni_final_v17_ego1p3_3 elapsed=179.32s callbacks=7681 commands=7680 guidance=7560 command_fps(ros/wall)=44.55/46.38 guidance_wall_fps=46.21 avoid_ms(mean/p50/p95/max)=12.172/19.657/22.249/556.971 cycle_ms(mean/p95/max)=21.562/29.032/570.165 depth_to_cmd_ms(mean/p95/max)=38.210/83.333/100.000 callback_to_publish_ms(mean/p95/max)=14.514/28.289/570.033
[depth_angular_controller-1] [INFO] [1791304976.655923784] [depth_angular_controller]: EVIDENCE_COST ingest(mean/p95/max)=2.402/6.942/13.225 record=0.045/0.082/0.961 ms
[depth_angular_controller-1] [INFO] [1791304976.655930266] [depth_angular_controller]: EVIDENCE_PHASE per_view_mean_ms balls=0.095 tubes=0.075 history=0.397 eviction=0.000
[depth_angular_controller-1] [INFO] [1791304977.043817457] [depth_angular_controller]: OMNI_DEPTH views=4 azimuth_bins=180 elevation_bins=37 valid=0 certificates=64 short=0 held=0 local_candidates=0 yaw=0.00
[depth_angular_controller-1] [INFO] [1791304977.044124705] [depth_angular_controller]: PAPER_BUILD reason= required=0.0000 best=0.0000 free=0 refined=0 tubes=245 revoked_tubes=0 proofs=128
[depth_angular_controller-1] [INFO] [1791304977.044140535] [depth_angular_controller]: PAPER_EVIDENCE retained=16 balls=32 revoked_balls=0 expired_views=0 evicted_views=241 radius=0.580 clearance=0.000 best_prefix=8.072
[depth_angular_controller-1] [INFO] [1791304978.041358489] [depth_angular_controller]: OMNI_DEPTH views=4 azimuth_bins=180 elevation_bins=37 valid=0 certificates=64 short=0 held=0 local_candidates=0 yaw=0.00
[depth_angular_controller-1] [INFO] [1791304978.041658543] [depth_angular_controller]: PAPER_BUILD reason= required=0.0000 best=0.0000 free=0 refined=0 tubes=245 revoked_tubes=0 proofs=128
[depth_angular_controller-1] [INFO] [1791304978.041666598] [depth_angular_controller]: PAPER_EVIDENCE retained=16 balls=32 revoked_balls=0 expired_views=0 evicted_views=241 radius=0.580 clearance=0.000 best_prefix=8.072
[depth_angular_controller-1] [INFO] [1791304978.929101686] [depth_angular_controller]: OMNI_DEPTH views=4 azimuth_bins=180 elevation_bins=37 valid=0 certificates=64 short=0 held=0 local_candidates=0 yaw=0.00
[depth_angular_controller-1] [INFO] [1791304978.929328061] [depth_angular_controller]: PAPER_BUILD reason= required=0.0000 best=0.0000 free=0 refined=0 tubes=245 revoked_tubes=0 proofs=128
[depth_angular_controller-1] [INFO] [1791304978.929333532] [depth_angular_controller]: PAPER_EVIDENCE retained=16 balls=32 revoked_balls=0 expired_views=0 evicted_views=241 radius=0.580 clearance=0.000 best_prefix=8.072
[position_cmd_to_twist-2] [INFO] [1791304978.969132907] [position_cmd_to_twist]: [PERF BRIDGE] run=omni_final_v17_ego1p3_3 elapsed=181.53s received=7771 published=7768 fps(ros/wall)=44.43/46.27 controller_to_bridge_ms(mean/p50/p95/max)=14.282/16.667/33.333/600.000 bridge_process_ms(mean/p95/max)=0.093/0.118/1.688
[NAV] t=175.0s position=(50.09,12.23,1.86) yaw=-4.2deg command=(0.00,0.00,0.00) manual_active=1 collision_blocks=0
[depth_angular_controller-1] [INFO] [1791304979.925226696] [depth_angular_controller]: OMNI_DEPTH views=4 azimuth_bins=180 elevation_bins=37 valid=0 certificates=64 short=0 held=0 local_candidates=0 yaw=0.00
[depth_angular_controller-1] [INFO] [1791304979.925515810] [depth_angular_controller]: PAPER_BUILD reason= required=0.0000 best=0.0000 free=0 refined=0 tubes=245 revoked_tubes=0 proofs=128
[depth_angular_controller-1] [INFO] [1791304979.925522733] [depth_angular_controller]: PAPER_EVIDENCE retained=16 balls=32 revoked_balls=0 expired_views=0 evicted_views=241 radius=0.580 clearance=0.000 best_prefix=8.072
[depth_angular_controller-1] [INFO] [1791304980.791664644] [depth_angular_controller]: OMNI_DEPTH views=4 azimuth_bins=180 elevation_bins=37 valid=0 certificates=64 short=0 held=0 local_candidates=0 yaw=0.00
[depth_angular_controller-1] [INFO] [1791304980.791953878] [depth_angular_controller]: PAPER_BUILD reason= required=0.0000 best=0.0000 free=0 refined=0 tubes=245 revoked_tubes=0 proofs=128
[depth_angular_controller-1] [INFO] [1791304980.791965610] [depth_angular_controller]: PAPER_EVIDENCE retained=16 balls=32 revoked_balls=0 expired_views=0 evicted_views=241 radius=0.580 clearance=0.000 best_prefix=8.072
[depth_angular_controller-1] [INFO] [1791304981.679257839] [depth_angular_controller]: [PERF CTRL] run=omni_final_v17_ego1p3_3 elapsed=184.35s callbacks=7877 commands=7876 guidance=7756 command_fps(ros/wall)=44.28/46.16 guidance_wall_fps=46.00 avoid_ms(mean/p50/p95/max)=12.400/20.079/22.257/556.971 cycle_ms(mean/p95/max)=21.663/29.126/570.165 depth_to_cmd_ms(mean/p95/max)=38.392/83.333/100.000 callback_to_publish_ms(mean/p95/max)=14.759/28.337/570.033
[depth_angular_controller-1] [INFO] [1791304981.679934160] [depth_angular_controller]: EVIDENCE_COST ingest(mean/p95/max)=2.417/6.995/13.225 record=0.045/0.082/0.961 ms
[depth_angular_controller-1] [INFO] [1791304981.679944039] [depth_angular_controller]: EVIDENCE_PHASE per_view_mean_ms balls=0.096 tubes=0.075 history=0.400 eviction=0.000
[depth_angular_controller-1] [INFO] [1791304981.708755454] [depth_angular_controller]: OMNI_DEPTH views=4 azimuth_bins=180 elevation_bins=37 valid=0 certificates=64 short=0 held=0 local_candidates=0 yaw=0.00
[depth_angular_controller-1] [INFO] [1791304981.708977291] [depth_angular_controller]: PAPER_BUILD reason= required=0.0000 best=0.0000 free=0 refined=0 tubes=245 revoked_tubes=0 proofs=128
[depth_angular_controller-1] [INFO] [1791304981.708982731] [depth_angular_controller]: PAPER_EVIDENCE retained=16 balls=32 revoked_balls=0 expired_views=0 evicted_views=241 radius=0.580 clearance=0.000 best_prefix=8.072
[depth_angular_controller-1] [INFO] [1791304982.586710526] [depth_angular_controller]: OMNI_DEPTH views=4 azimuth_bins=180 elevation_bins=37 valid=0 certificates=64 short=0 held=0 local_candidates=0 yaw=0.00
[depth_angular_controller-1] [INFO] [1791304982.587121809] [depth_angular_controller]: PAPER_BUILD reason= required=0.0000 best=0.0000 free=0 refined=0 tubes=245 revoked_tubes=0 proofs=128
[depth_angular_controller-1] [INFO] [1791304982.587136106] [depth_angular_controller]: PAPER_EVIDENCE retained=16 balls=32 revoked_balls=0 expired_views=0 evicted_views=241 radius=0.580 clearance=0.000 best_prefix=8.072
[position_cmd_to_twist-2] [INFO] [1791304983.447990942] [position_cmd_to_twist]: [PERF BRIDGE] run=omni_final_v17_ego1p3_3 elapsed=186.01s received=7947 published=7944 fps(ros/wall)=44.18/46.09 controller_to_bridge_ms(mean/p50/p95/max)=14.593/16.667/33.333/600.000 bridge_process_ms(mean/p95/max)=0.093/0.119/1.688
[depth_angular_controller-1] [INFO] [1791304983.451518581] [depth_angular_controller]: OMNI_DEPTH views=4 azimuth_bins=180 elevation_bins=37 valid=0 certificates=64 short=0 held=0 local_candidates=0 yaw=0.00
[depth_angular_controller-1] [INFO] [1791304983.451742482] [depth_angular_controller]: PAPER_BUILD reason= required=0.0000 best=0.0000 free=0 refined=0 tubes=245 revoked_tubes=0 proofs=128
[depth_angular_controller-1] [INFO] [1791304983.451748443] [depth_angular_controller]: PAPER_EVIDENCE retained=16 balls=32 revoked_balls=0 expired_views=0 evicted_views=241 radius=0.580 clearance=0.000 best_prefix=8.072
[NAV] t=180.0s position=(50.09,12.23,1.86) yaw=-4.2deg command=(0.00,0.00,0.00) manual_active=1 collision_blocks=0
[depth_angular_controller-1] [INFO] [1791304984.373697514] [depth_angular_controller]: OMNI_DEPTH views=4 azimuth_bins=180 elevation_bins=37 valid=0 certificates=64 short=0 held=0 local_candidates=0 yaw=0.00
[depth_angular_controller-1] [INFO] [1791304984.373992137] [depth_angular_controller]: PAPER_BUILD reason= required=0.0000 best=0.0000 free=0 refined=0 tubes=245 revoked_tubes=0 proofs=128
[depth_angular_controller-1] [INFO] [1791304984.374007226] [depth_angular_controller]: PAPER_EVIDENCE retained=16 balls=32 revoked_balls=0 expired_views=0 evicted_views=241 radius=0.580 clearance=0.000 best_prefix=8.072
[depth_angular_controller-1] [INFO] [1791304985.315011637] [depth_angular_controller]: OMNI_DEPTH views=4 azimuth_bins=180 elevation_bins=37 valid=0 certificates=64 short=0 held=0 local_candidates=0 yaw=0.00
[depth_angular_controller-1] [INFO] [1791304985.315239626] [depth_angular_controller]: PAPER_BUILD reason= required=0.0000 best=0.0000 free=0 refined=0 tubes=245 revoked_tubes=0 proofs=128
[depth_angular_controller-1] [INFO] [1791304985.315245607] [depth_angular_controller]: PAPER_EVIDENCE retained=16 balls=32 revoked_balls=0 expired_views=0 evicted_views=241 radius=0.580 clearance=0.000 best_prefix=8.072
[depth_angular_controller-1] [INFO] [1791304986.315033271] [depth_angular_controller]: OMNI_DEPTH views=4 azimuth_bins=180 elevation_bins=37 valid=0 certificates=64 short=0 held=0 local_candidates=0 yaw=0.00
[depth_angular_controller-1] [INFO] [1791304986.315322915] [depth_angular_controller]: PAPER_BUILD reason= required=0.0000 best=0.0000 free=0 refined=0 tubes=245 revoked_tubes=0 proofs=128
[depth_angular_controller-1] [INFO] [1791304986.315333445] [depth_angular_controller]: PAPER_EVIDENCE retained=16 balls=32 revoked_balls=0 expired_views=0 evicted_views=241 radius=0.580 clearance=0.000 best_prefix=8.072
[depth_angular_controller-1] [INFO] [1791304986.687053062] [depth_angular_controller]: [PERF CTRL] run=omni_final_v17_ego1p3_3 elapsed=189.36s callbacks=8075 commands=8074 guidance=7954 command_fps(ros/wall)=44.03/45.97 guidance_wall_fps=45.81 avoid_ms(mean/p50/p95/max)=12.618/20.214/22.259/556.971 cycle_ms(mean/p95/max)=21.752/29.170/570.165 depth_to_cmd_ms(mean/p95/max)=38.454/83.333/100.000 callback_to_publish_ms(mean/p95/max)=14.993/28.415/570.033
[depth_angular_controller-1] [INFO] [1791304986.688148912] [depth_angular_controller]: EVIDENCE_COST ingest(mean/p95/max)=2.431/7.064/13.225 record=0.046/0.082/0.961 ms
[depth_angular_controller-1] [INFO] [1791304986.688168418] [depth_angular_controller]: EVIDENCE_PHASE per_view_mean_ms balls=0.097 tubes=0.076 history=0.402 eviction=0.000
[depth_angular_controller-1] [INFO] [1791304987.162734025] [depth_angular_controller]: OMNI_DEPTH views=4 azimuth_bins=180 elevation_bins=37 valid=0 certificates=64 short=0 held=0 local_candidates=0 yaw=0.00
[depth_angular_controller-1] [INFO] [1791304987.163021956] [depth_angular_controller]: PAPER_BUILD reason= required=0.0000 best=0.0000 free=0 refined=0 tubes=245 revoked_tubes=0 proofs=128
[depth_angular_controller-1] [INFO] [1791304987.163030783] [depth_angular_controller]: PAPER_EVIDENCE retained=16 balls=32 revoked_balls=0 expired_views=0 evicted_views=241 radius=0.580 clearance=0.000 best_prefix=8.072
[position_cmd_to_twist-2] [INFO] [1791304988.072223330] [position_cmd_to_twist]: [PERF BRIDGE] run=omni_final_v17_ego1p3_3 elapsed=190.63s received=8128 published=8125 fps(ros/wall)=43.96/45.90 controller_to_bridge_ms(mean/p50/p95/max)=14.875/16.667/33.333/600.000 bridge_process_ms(mean/p95/max)=0.093/0.119/1.688
[depth_angular_controller-1] [INFO] [1791304988.102640493] [depth_angular_controller]: OMNI_DEPTH views=4 azimuth_bins=180 elevation_bins=37 valid=0 certificates=64 short=0 held=0 local_candidates=0 yaw=0.00
[depth_angular_controller-1] [INFO] [1791304988.102880905] [depth_angular_controller]: PAPER_BUILD reason= required=0.0000 best=0.0000 free=0 refined=0 tubes=245 revoked_tubes=0 proofs=128
[depth_angular_controller-1] [INFO] [1791304988.102888620] [depth_angular_controller]: PAPER_EVIDENCE retained=16 balls=32 revoked_balls=0 expired_views=0 evicted_views=241 radius=0.580 clearance=0.000 best_prefix=8.072
[NAV] t=185.0s position=(50.09,12.23,1.86) yaw=-4.2deg command=(0.00,0.00,0.00) manual_active=1 collision_blocks=0
[depth_angular_controller-1] [INFO] [1791304988.967609631] [depth_angular_controller]: OMNI_DEPTH views=4 azimuth_bins=180 elevation_bins=37 valid=0 certificates=64 short=0 held=0 local_candidates=0 yaw=0.00
[depth_angular_controller-1] [INFO] [1791304988.967882975] [depth_angular_controller]: PAPER_BUILD reason= required=0.0000 best=0.0000 free=0 refined=0 tubes=245 revoked_tubes=0 proofs=128
[depth_angular_controller-1] [INFO] [1791304988.967893905] [depth_angular_controller]: PAPER_EVIDENCE retained=16 balls=32 revoked_balls=0 expired_views=0 evicted_views=241 radius=0.580 clearance=0.000 best_prefix=8.072
[depth_angular_controller-1] [INFO] [1791304989.832710366] [depth_angular_controller]: OMNI_DEPTH views=4 azimuth_bins=180 elevation_bins=37 valid=0 certificates=64 short=0 held=0 local_candidates=0 yaw=0.00
[depth_angular_controller-1] [INFO] [1791304989.833418877] [depth_angular_controller]: PAPER_BUILD reason= required=0.0000 best=0.0000 free=0 refined=0 tubes=245 revoked_tubes=0 proofs=128
[depth_angular_controller-1] [INFO] [1791304989.833436220] [depth_angular_controller]: PAPER_EVIDENCE retained=16 balls=32 revoked_balls=0 expired_views=0 evicted_views=241 radius=0.580 clearance=0.000 best_prefix=8.072
[depth_angular_controller-1] [INFO] [1791304990.695375022] [depth_angular_controller]: OMNI_DEPTH views=4 azimuth_bins=180 elevation_bins=37 valid=0 certificates=64 short=0 held=0 local_candidates=0 yaw=0.00
[depth_angular_controller-1] [INFO] [1791304990.695595617] [depth_angular_controller]: PAPER_BUILD reason= required=0.0000 best=0.0000 free=0 refined=0 tubes=245 revoked_tubes=0 proofs=128
[depth_angular_controller-1] [INFO] [1791304990.695601408] [depth_angular_controller]: PAPER_EVIDENCE retained=16 balls=32 revoked_balls=0 expired_views=0 evicted_views=241 radius=0.580 clearance=0.000 best_prefix=8.072
[depth_angular_controller-1] [INFO] [1791304991.636533173] [depth_angular_controller]: OMNI_DEPTH views=4 azimuth_bins=180 elevation_bins=37 valid=0 certificates=64 short=0 held=0 local_candidates=0 yaw=0.00
[depth_angular_controller-1] [INFO] [1791304991.637167365] [depth_angular_controller]: PAPER_BUILD reason= required=0.0000 best=0.0000 free=0 refined=0 tubes=245 revoked_tubes=0 proofs=128
[depth_angular_controller-1] [INFO] [1791304991.637325221] [depth_angular_controller]: PAPER_EVIDENCE retained=16 balls=32 revoked_balls=0 expired_views=0 evicted_views=241 radius=0.580 clearance=0.000 best_prefix=8.072
[depth_angular_controller-1] [INFO] [1791304991.711617149] [depth_angular_controller]: [PERF CTRL] run=omni_final_v17_ego1p3_3 elapsed=194.38s callbacks=8275 commands=8274 guidance=8154 command_fps(ros/wall)=43.76/45.80 guidance_wall_fps=45.64 avoid_ms(mean/p50/p95/max)=12.831/20.301/22.281/556.971 cycle_ms(mean/p95/max)=21.834/29.304/570.165 depth_to_cmd_ms(mean/p95/max)=38.648/83.333/100.000 callback_to_publish_ms(mean/p95/max)=15.224/28.510/570.033
[depth_angular_controller-1] [INFO] [1791304991.712308759] [depth_angular_controller]: EVIDENCE_COST ingest(mean/p95/max)=2.447/7.170/13.225 record=0.046/0.082/0.961 ms
[depth_angular_controller-1] [INFO] [1791304991.712317886] [depth_angular_controller]: EVIDENCE_PHASE per_view_mean_ms balls=0.098 tubes=0.076 history=0.404 eviction=0.000
[position_cmd_to_twist-2] [INFO] [1791304992.489719416] [position_cmd_to_twist]: [PERF BRIDGE] run=omni_final_v17_ego1p3_3 elapsed=195.05s received=8303 published=8300 fps(ros/wall)=43.73/45.75 controller_to_bridge_ms(mean/p50/p95/max)=15.153/16.667/33.333/600.000 bridge_process_ms(mean/p95/max)=0.093/0.119/1.688
[NAV] t=190.0s position=(50.09,12.23,1.86) yaw=-4.2deg command=(0.00,0.00,0.00) manual_active=1 collision_blocks=0
[depth_angular_controller-1] [INFO] [1791304992.568028143] [depth_angular_controller]: OMNI_DEPTH views=4 azimuth_bins=180 elevation_bins=37 valid=0 certificates=64 short=0 held=0 local_candidates=0 yaw=0.00
[depth_angular_controller-1] [INFO] [1791304992.568330251] [depth_angular_controller]: PAPER_BUILD reason= required=0.0000 best=0.0000 free=0 refined=0 tubes=245 revoked_tubes=0 proofs=128
[depth_angular_controller-1] [INFO] [1791304992.568343666] [depth_angular_controller]: PAPER_EVIDENCE retained=16 balls=32 revoked_balls=0 expired_views=0 evicted_views=241 radius=0.580 clearance=0.000 best_prefix=8.072
[depth_angular_controller-1] [INFO] [1791304993.434225388] [depth_angular_controller]: OMNI_DEPTH views=4 azimuth_bins=180 elevation_bins=37 valid=0 certificates=64 short=0 held=0 local_candidates=0 yaw=0.00
[depth_angular_controller-1] [INFO] [1791304993.434445502] [depth_angular_controller]: PAPER_BUILD reason= required=0.0000 best=0.0000 free=0 refined=0 tubes=245 revoked_tubes=0 proofs=128
[depth_angular_controller-1] [INFO] [1791304993.434450351] [depth_angular_controller]: PAPER_EVIDENCE retained=16 balls=32 revoked_balls=0 expired_views=0 evicted_views=241 radius=0.580 clearance=0.000 best_prefix=8.072
[depth_angular_controller-1] [INFO] [1791304994.314545325] [depth_angular_controller]: OMNI_DEPTH views=4 azimuth_bins=180 elevation_bins=37 valid=0 certificates=64 short=0 held=0 local_candidates=0 yaw=0.00
[depth_angular_controller-1] [INFO] [1791304994.314771410] [depth_angular_controller]: PAPER_BUILD reason= required=0.0000 best=0.0000 free=0 refined=0 tubes=245 revoked_tubes=0 proofs=128
[depth_angular_controller-1] [INFO] [1791304994.314776870] [depth_angular_controller]: PAPER_EVIDENCE retained=16 balls=32 revoked_balls=0 expired_views=0 evicted_views=241 radius=0.580 clearance=0.000 best_prefix=8.072
[depth_angular_controller-1] [INFO] [1791304995.243277743] [depth_angular_controller]: OMNI_DEPTH views=4 azimuth_bins=180 elevation_bins=37 valid=0 certificates=64 short=0 held=0 local_candidates=0 yaw=0.00
[depth_angular_controller-1] [INFO] [1791304995.243566296] [depth_angular_controller]: PAPER_BUILD reason= required=0.0000 best=0.0000 free=0 refined=0 tubes=245 revoked_tubes=0 proofs=128
[depth_angular_controller-1] [INFO] [1791304995.243573139] [depth_angular_controller]: PAPER_EVIDENCE retained=16 balls=32 revoked_balls=0 expired_views=0 evicted_views=241 radius=0.580 clearance=0.000 best_prefix=8.072
[depth_angular_controller-1] [INFO] [1791304996.140932447] [depth_angular_controller]: OMNI_DEPTH views=4 azimuth_bins=180 elevation_bins=37 valid=0 certificates=64 short=0 held=0 local_candidates=0 yaw=0.00
[depth_angular_controller-1] [INFO] [1791304996.141232311] [depth_angular_controller]: PAPER_BUILD reason= required=0.0000 best=0.0000 free=0 refined=0 tubes=245 revoked_tubes=0 proofs=128
[depth_angular_controller-1] [INFO] [1791304996.141239835] [depth_angular_controller]: PAPER_EVIDENCE retained=16 balls=32 revoked_balls=0 expired_views=0 evicted_views=241 radius=0.580 clearance=0.000 best_prefix=8.072
[depth_angular_controller-1] [INFO] [1791304996.728393620] [depth_angular_controller]: [PERF CTRL] run=omni_final_v17_ego1p3_3 elapsed=199.40s callbacks=8473 commands=8472 guidance=8352 command_fps(ros/wall)=43.53/45.63 guidance_wall_fps=45.47 avoid_ms(mean/p50/p95/max)=13.032/20.363/22.294/556.971 cycle_ms(mean/p95/max)=21.915/29.435/570.165 depth_to_cmd_ms(mean/p95/max)=38.827/83.333/100.000 callback_to_publish_ms(mean/p95/max)=15.442/28.641/570.033
[depth_angular_controller-1] [INFO] [1791304996.729129764] [depth_angular_controller]: EVIDENCE_COST ingest(mean/p95/max)=2.461/7.295/13.225 record=0.047/0.082/0.961 ms
[depth_angular_controller-1] [INFO] [1791304996.729138220] [depth_angular_controller]: EVIDENCE_PHASE per_view_mean_ms balls=0.098 tubes=0.077 history=0.406 eviction=0.000
[position_cmd_to_twist-2] [INFO] [1791304996.978504998] [position_cmd_to_twist]: [PERF BRIDGE] run=omni_final_v17_ego1p3_3 elapsed=199.54s received=8482 published=8479 fps(ros/wall)=43.52/45.61 controller_to_bridge_ms(mean/p50/p95/max)=15.423/16.667/33.333/600.000 bridge_process_ms(mean/p95/max)=0.093/0.119/1.688
[NAV] t=195.0s position=(50.09,12.23,1.86) yaw=-4.2deg command=(0.00,0.00,0.00) manual_active=1 collision_blocks=0
[depth_angular_controller-1] [INFO] [1791304997.071920174] [depth_angular_controller]: OMNI_DEPTH views=4 azimuth_bins=180 elevation_bins=37 valid=0 certificates=64 short=0 held=0 local_candidates=0 yaw=0.00
[depth_angular_controller-1] [INFO] [1791304997.072254643] [depth_angular_controller]: PAPER_BUILD reason= required=0.0000 best=0.0000 free=0 refined=0 tubes=245 revoked_tubes=0 proofs=128
[depth_angular_controller-1] [INFO] [1791304997.072270503] [depth_angular_controller]: PAPER_EVIDENCE retained=16 balls=32 revoked_balls=0 expired_views=0 evicted_views=241 radius=0.580 clearance=0.000 best_prefix=8.072
[depth_angular_controller-1] [INFO] [1791304997.999025886] [depth_angular_controller]: OMNI_DEPTH views=4 azimuth_bins=180 elevation_bins=37 valid=0 certificates=64 short=0 held=0 local_candidates=0 yaw=0.00
[depth_angular_controller-1] [INFO] [1791304997.999309068] [depth_angular_controller]: PAPER_BUILD reason= required=0.0000 best=0.0000 free=0 refined=0 tubes=245 revoked_tubes=0 proofs=128
[depth_angular_controller-1] [INFO] [1791304997.999315460] [depth_angular_controller]: PAPER_EVIDENCE retained=16 balls=32 revoked_balls=0 expired_views=0 evicted_views=241 radius=0.580 clearance=0.000 best_prefix=8.072
[depth_angular_controller-1] [INFO] [1791304999.050232912] [depth_angular_controller]: OMNI_DEPTH views=4 azimuth_bins=180 elevation_bins=37 valid=0 certificates=64 short=0 held=0 local_candidates=0 yaw=0.00
[depth_angular_controller-1] [INFO] [1791304999.050462805] [depth_angular_controller]: PAPER_BUILD reason= required=0.0000 best=0.0000 free=0 refined=0 tubes=245 revoked_tubes=0 proofs=128
[depth_angular_controller-1] [INFO] [1791304999.050470509] [depth_angular_controller]: PAPER_EVIDENCE retained=16 balls=32 revoked_balls=0 expired_views=0 evicted_views=241 radius=0.580 clearance=0.000 best_prefix=8.072
[depth_angular_controller-1] [INFO] [1791305000.004914898] [depth_angular_controller]: OMNI_DEPTH views=4 azimuth_bins=180 elevation_bins=37 valid=0 certificates=64 short=0 held=0 local_candidates=0 yaw=0.00
[depth_angular_controller-1] [INFO] [1791305000.005159218] [depth_angular_controller]: PAPER_BUILD reason= required=0.0000 best=0.0000 free=0 refined=0 tubes=245 revoked_tubes=0 proofs=128
[depth_angular_controller-1] [INFO] [1791305000.005166982] [depth_angular_controller]: PAPER_EVIDENCE retained=16 balls=32 revoked_balls=0 expired_views=0 evicted_views=241 radius=0.580 clearance=0.000 best_prefix=8.072
[depth_angular_controller-1] [INFO] [1791305000.874494029] [depth_angular_controller]: OMNI_DEPTH views=4 azimuth_bins=180 elevation_bins=37 valid=0 certificates=64 short=0 held=0 local_candidates=0 yaw=0.00
[depth_angular_controller-1] [INFO] [1791305000.874788403] [depth_angular_controller]: PAPER_BUILD reason= required=0.0000 best=0.0000 free=0 refined=0 tubes=245 revoked_tubes=0 proofs=128
[depth_angular_controller-1] [INFO] [1791305000.874796518] [depth_angular_controller]: PAPER_EVIDENCE retained=16 balls=32 revoked_balls=0 expired_views=0 evicted_views=241 radius=0.580 clearance=0.000 best_prefix=8.072
[position_cmd_to_twist-2] [INFO] [1791305001.650815160] [position_cmd_to_twist]: [PERF BRIDGE] run=omni_final_v17_ego1p3_3 elapsed=204.21s received=8663 published=8660 fps(ros/wall)=43.34/45.44 controller_to_bridge_ms(mean/p50/p95/max)=15.668/16.667/33.333/600.000 bridge_process_ms(mean/p95/max)=0.093/0.119/1.688
[NAV] t=200.0s position=(50.09,12.23,1.86) yaw=-4.2deg command=(0.00,0.00,0.00) manual_active=1 collision_blocks=0
[depth_angular_controller-1] [INFO] [1791305001.745639284] [depth_angular_controller]: [PERF CTRL] run=omni_final_v17_ego1p3_3 elapsed=204.42s callbacks=8668 commands=8667 guidance=8547 command_fps(ros/wall)=43.33/45.45 guidance_wall_fps=45.30 avoid_ms(mean/p50/p95/max)=13.218/20.404/22.304/556.971 cycle_ms(mean/p95/max)=22.001/29.573/570.165 depth_to_cmd_ms(mean/p95/max)=39.150/83.333/100.000 callback_to_publish_ms(mean/p95/max)=15.642/28.714/570.033
[depth_angular_controller-1] [INFO] [1791305001.746299324] [depth_angular_controller]: EVIDENCE_COST ingest(mean/p95/max)=2.474/7.398/13.225 record=0.047/0.082/0.961 ms
[depth_angular_controller-1] [INFO] [1791305001.746306508] [depth_angular_controller]: EVIDENCE_PHASE per_view_mean_ms balls=0.099 tubes=0.077 history=0.408 eviction=0.000
[depth_angular_controller-1] [INFO] [1791305001.768625021] [depth_angular_controller]: OMNI_DEPTH views=4 azimuth_bins=180 elevation_bins=37 valid=0 certificates=64 short=0 held=0 local_candidates=0 yaw=0.00
[depth_angular_controller-1] [INFO] [1791305001.769003502] [depth_angular_controller]: PAPER_BUILD reason= required=0.0000 best=0.0000 free=0 refined=0 tubes=245 revoked_tubes=0 proofs=128
[depth_angular_controller-1] [INFO] [1791305001.769013241] [depth_angular_controller]: PAPER_EVIDENCE retained=16 balls=32 revoked_balls=0 expired_views=0 evicted_views=241 radius=0.580 clearance=0.000 best_prefix=8.072
[depth_angular_controller-1] [INFO] [1791305002.766698293] [depth_angular_controller]: OMNI_DEPTH views=4 azimuth_bins=180 elevation_bins=37 valid=0 certificates=64 short=0 held=0 local_candidates=0 yaw=0.00
[depth_angular_controller-1] [INFO] [1791305002.767360067] [depth_angular_controller]: PAPER_BUILD reason= required=0.0000 best=0.0000 free=0 refined=0 tubes=245 revoked_tubes=0 proofs=128
[depth_angular_controller-1] [INFO] [1791305002.767503436] [depth_angular_controller]: PAPER_EVIDENCE retained=16 balls=32 revoked_balls=0 expired_views=0 evicted_views=241 radius=0.580 clearance=0.000 best_prefix=8.072
[depth_angular_controller-1] [INFO] [1791305003.632042094] [depth_angular_controller]: OMNI_DEPTH views=4 azimuth_bins=180 elevation_bins=37 valid=0 certificates=64 short=0 held=0 local_candidates=0 yaw=0.00
[depth_angular_controller-1] [INFO] [1791305003.632273710] [depth_angular_controller]: PAPER_BUILD reason= required=0.0000 best=0.0000 free=0 refined=0 tubes=245 revoked_tubes=0 proofs=128
[depth_angular_controller-1] [INFO] [1791305003.632279891] [depth_angular_controller]: PAPER_EVIDENCE retained=16 balls=32 revoked_balls=0 expired_views=0 evicted_views=241 radius=0.580 clearance=0.000 best_prefix=8.072
[depth_angular_controller-1] [INFO] [1791305004.511166965] [depth_angular_controller]: OMNI_DEPTH views=4 azimuth_bins=180 elevation_bins=37 valid=0 certificates=64 short=0 held=0 local_candidates=0 yaw=0.00
[depth_angular_controller-1] [INFO] [1791305004.511494170] [depth_angular_controller]: PAPER_BUILD reason= required=0.0000 best=0.0000 free=0 refined=0 tubes=245 revoked_tubes=0 proofs=128
[depth_angular_controller-1] [INFO] [1791305004.511508036] [depth_angular_controller]: PAPER_EVIDENCE retained=16 balls=32 revoked_balls=0 expired_views=0 evicted_views=241 radius=0.580 clearance=0.000 best_prefix=8.072
[depth_angular_controller-1] [INFO] [1791305005.374285565] [depth_angular_controller]: OMNI_DEPTH views=4 azimuth_bins=180 elevation_bins=37 valid=0 certificates=64 short=0 held=0 local_candidates=0 yaw=0.00
[depth_angular_controller-1] [INFO] [1791305005.374570079] [depth_angular_controller]: PAPER_BUILD reason= required=0.0000 best=0.0000 free=0 refined=0 tubes=245 revoked_tubes=0 proofs=128
[depth_angular_controller-1] [INFO] [1791305005.374579687] [depth_angular_controller]: PAPER_EVIDENCE retained=16 balls=32 revoked_balls=0 expired_views=0 evicted_views=241 radius=0.580 clearance=0.000 best_prefix=8.072
[position_cmd_to_twist-2] [INFO] [1791305006.101730231] [position_cmd_to_twist]: [PERF BRIDGE] run=omni_final_v17_ego1p3_3 elapsed=208.66s received=8840 published=8837 fps(ros/wall)=43.15/45.31 controller_to_bridge_ms(mean/p50/p95/max)=15.911/16.667/33.333/600.000 bridge_process_ms(mean/p95/max)=0.093/0.119/1.688
[NAV] t=205.0s position=(50.09,12.23,1.86) yaw=-4.2deg command=(0.00,0.00,0.00) manual_active=1 collision_blocks=0
[depth_angular_controller-1] [INFO] [1791305006.240056910] [depth_angular_controller]: OMNI_DEPTH views=4 azimuth_bins=180 elevation_bins=37 valid=0 certificates=64 short=0 held=0 local_candidates=0 yaw=0.00
[depth_angular_controller-1] [INFO] [1791305006.240339771] [depth_angular_controller]: PAPER_BUILD reason= required=0.0000 best=0.0000 free=0 refined=0 tubes=245 revoked_tubes=0 proofs=128
[depth_angular_controller-1] [INFO] [1791305006.240346825] [depth_angular_controller]: PAPER_EVIDENCE retained=16 balls=32 revoked_balls=0 expired_views=0 evicted_views=241 radius=0.580 clearance=0.000 best_prefix=8.072
[depth_angular_controller-1] [INFO] [1791305006.748475838] [depth_angular_controller]: [PERF CTRL] run=omni_final_v17_ego1p3_3 elapsed=209.42s callbacks=8866 commands=8865 guidance=8745 command_fps(ros/wall)=43.12/45.30 guidance_wall_fps=45.15 avoid_ms(mean/p50/p95/max)=13.399/20.449/22.305/556.971 cycle_ms(mean/p95/max)=22.074/29.625/570.165 depth_to_cmd_ms(mean/p95/max)=39.352/83.333/100.000 callback_to_publish_ms(mean/p95/max)=15.838/28.790/570.033
[depth_angular_controller-1] [INFO] [1791305006.749572128] [depth_angular_controller]: EVIDENCE_COST ingest(mean/p95/max)=2.486/7.461/13.225 record=0.048/0.082/0.961 ms
[depth_angular_controller-1] [INFO] [1791305006.749582838] [depth_angular_controller]: EVIDENCE_PHASE per_view_mean_ms balls=0.100 tubes=0.078 history=0.410 eviction=0.000
[depth_angular_controller-1] [INFO] [1791305007.171354719] [depth_angular_controller]: OMNI_DEPTH views=4 azimuth_bins=180 elevation_bins=37 valid=0 certificates=64 short=0 held=0 local_candidates=0 yaw=0.00
[depth_angular_controller-1] [INFO] [1791305007.171625408] [depth_angular_controller]: PAPER_BUILD reason= required=0.0000 best=0.0000 free=0 refined=0 tubes=245 revoked_tubes=0 proofs=128
[depth_angular_controller-1] [INFO] [1791305007.171633123] [depth_angular_controller]: PAPER_EVIDENCE retained=16 balls=32 revoked_balls=0 expired_views=0 evicted_views=241 radius=0.580 clearance=0.000 best_prefix=8.072
[depth_angular_controller-1] [INFO] [1791305008.099640859] [depth_angular_controller]: OMNI_DEPTH views=4 azimuth_bins=180 elevation_bins=37 valid=0 certificates=64 short=0 held=0 local_candidates=0 yaw=0.00
[depth_angular_controller-1] [INFO] [1791305008.099933279] [depth_angular_controller]: PAPER_BUILD reason= required=0.0000 best=0.0000 free=0 refined=0 tubes=245 revoked_tubes=0 proofs=128
[depth_angular_controller-1] [INFO] [1791305008.099942506] [depth_angular_controller]: PAPER_EVIDENCE retained=16 balls=32 revoked_balls=0 expired_views=0 evicted_views=241 radius=0.580 clearance=0.000 best_prefix=8.072
[depth_angular_controller-1] [INFO] [1791305008.967486312] [depth_angular_controller]: OMNI_DEPTH views=4 azimuth_bins=180 elevation_bins=37 valid=0 certificates=64 short=0 held=0 local_candidates=0 yaw=0.00
[depth_angular_controller-1] [INFO] [1791305008.967778662] [depth_angular_controller]: PAPER_BUILD reason= required=0.0000 best=0.0000 free=0 refined=0 tubes=245 revoked_tubes=0 proofs=128
[depth_angular_controller-1] [INFO] [1791305008.967789983] [depth_angular_controller]: PAPER_EVIDENCE retained=16 balls=32 revoked_balls=0 expired_views=0 evicted_views=241 radius=0.580 clearance=0.000 best_prefix=8.072
[depth_angular_controller-1] [INFO] [1791305009.909474342] [depth_angular_controller]: OMNI_DEPTH views=4 azimuth_bins=180 elevation_bins=37 valid=0 certificates=64 short=0 held=0 local_candidates=0 yaw=0.00
[depth_angular_controller-1] [INFO] [1791305009.909692442] [depth_angular_controller]: PAPER_BUILD reason= required=0.0000 best=0.0000 free=0 refined=0 tubes=245 revoked_tubes=0 proofs=128
[depth_angular_controller-1] [INFO] [1791305009.909697502] [depth_angular_controller]: PAPER_EVIDENCE retained=16 balls=32 revoked_balls=0 expired_views=0 evicted_views=241 radius=0.580 clearance=0.000 best_prefix=8.072
[position_cmd_to_twist-2] [INFO] [1791305010.611117770] [position_cmd_to_twist]: [PERF BRIDGE] run=omni_final_v17_ego1p3_3 elapsed=213.17s received=9018 published=9015 fps(ros/wall)=42.97/45.18 controller_to_bridge_ms(mean/p50/p95/max)=16.147/16.667/33.333/600.000 bridge_process_ms(mean/p95/max)=0.093/0.119/1.688
[NAV] t=210.0s position=(50.09,12.23,1.86) yaw=-4.2deg command=(0.00,0.00,0.00) manual_active=1 collision_blocks=0
[depth_angular_controller-1] [INFO] [1791305010.780075053] [depth_angular_controller]: OMNI_DEPTH views=4 azimuth_bins=180 elevation_bins=37 valid=0 certificates=64 short=0 held=0 local_candidates=0 yaw=0.00
[depth_angular_controller-1] [INFO] [1791305010.780727479] [depth_angular_controller]: PAPER_BUILD reason= required=0.0000 best=0.0000 free=0 refined=0 tubes=245 revoked_tubes=0 proofs=128
[depth_angular_controller-1] [INFO] [1791305010.780745413] [depth_angular_controller]: PAPER_EVIDENCE retained=16 balls=32 revoked_balls=0 expired_views=0 evicted_views=241 radius=0.580 clearance=0.000 best_prefix=8.072
[depth_angular_controller-1] [INFO] [1791305011.765912039] [depth_angular_controller]: OMNI_DEPTH views=4 azimuth_bins=180 elevation_bins=37 valid=0 certificates=64 short=0 held=0 local_candidates=0 yaw=0.00
[depth_angular_controller-1] [INFO] [1791305011.767502979] [depth_angular_controller]: [PERF CTRL] run=omni_final_v17_ego1p3_3 elapsed=214.44s callbacks=9063 commands=9062 guidance=8942 command_fps(ros/wall)=42.93/45.15 guidance_wall_fps=45.00 avoid_ms(mean/p50/p95/max)=13.570/20.487/22.310/556.971 cycle_ms(mean/p95/max)=22.148/29.693/570.165 depth_to_cmd_ms(mean/p95/max)=39.477/83.333/100.000 callback_to_publish_ms(mean/p95/max)=16.025/28.843/570.033
[depth_angular_controller-1] [INFO] [1791305011.768200901] [depth_angular_controller]: EVIDENCE_COST ingest(mean/p95/max)=2.501/7.520/13.225 record=0.048/0.082/0.961 ms
[depth_angular_controller-1] [INFO] [1791305011.768221960] [depth_angular_controller]: EVIDENCE_PHASE per_view_mean_ms balls=0.101 tubes=0.078 history=0.413 eviction=0.000
[depth_angular_controller-1] [INFO] [1791305011.768227120] [depth_angular_controller]: PAPER_BUILD reason= required=0.0000 best=0.0000 free=0 refined=0 tubes=245 revoked_tubes=0 proofs=128
[depth_angular_controller-1] [INFO] [1791305011.768232210] [depth_angular_controller]: PAPER_EVIDENCE retained=16 balls=32 revoked_balls=0 expired_views=0 evicted_views=241 radius=0.580 clearance=0.000 best_prefix=8.072
[depth_angular_controller-1] [INFO] [1791305012.688076344] [depth_angular_controller]: OMNI_DEPTH views=4 azimuth_bins=180 elevation_bins=37 valid=0 certificates=64 short=0 held=0 local_candidates=0 yaw=0.00
[depth_angular_controller-1] [INFO] [1791305012.688364566] [depth_angular_controller]: PAPER_BUILD reason= required=0.0000 best=0.0000 free=0 refined=0 tubes=245 revoked_tubes=0 proofs=128
[depth_angular_controller-1] [INFO] [1791305012.688371078] [depth_angular_controller]: PAPER_EVIDENCE retained=16 balls=32 revoked_balls=0 expired_views=0 evicted_views=241 radius=0.580 clearance=0.000 best_prefix=8.072
[depth_angular_controller-1] [INFO] [1791305013.693128191] [depth_angular_controller]: OMNI_DEPTH views=4 azimuth_bins=180 elevation_bins=37 valid=0 certificates=64 short=0 held=0 local_candidates=0 yaw=0.00
[depth_angular_controller-1] [INFO] [1791305013.693384453] [depth_angular_controller]: PAPER_BUILD reason= required=0.0000 best=0.0000 free=0 refined=0 tubes=245 revoked_tubes=0 proofs=128
[depth_angular_controller-1] [INFO] [1791305013.693391937] [depth_angular_controller]: PAPER_EVIDENCE retained=16 balls=32 revoked_balls=0 expired_views=0 evicted_views=241 radius=0.580 clearance=0.000 best_prefix=8.072
[depth_angular_controller-1] [INFO] [1791305014.578486005] [depth_angular_controller]: OMNI_DEPTH views=4 azimuth_bins=180 elevation_bins=37 valid=0 certificates=64 short=0 held=0 local_candidates=0 yaw=0.00
[depth_angular_controller-1] [INFO] [1791305014.578740513] [depth_angular_controller]: PAPER_BUILD reason= required=0.0000 best=0.0000 free=0 refined=0 tubes=245 revoked_tubes=0 proofs=128
[depth_angular_controller-1] [INFO] [1791305014.578745733] [depth_angular_controller]: PAPER_EVIDENCE retained=16 balls=32 revoked_balls=0 expired_views=0 evicted_views=241 radius=0.580 clearance=0.000 best_prefix=8.072
[position_cmd_to_twist-2] [INFO] [1791305015.243116974] [position_cmd_to_twist]: [PERF BRIDGE] run=omni_final_v17_ego1p3_3 elapsed=217.80s received=9198 published=9195 fps(ros/wall)=42.80/45.04 controller_to_bridge_ms(mean/p50/p95/max)=16.362/16.667/33.333/600.000 bridge_process_ms(mean/p95/max)=0.093/0.119/1.688
[NAV] t=215.0s position=(50.09,12.23,1.86) yaw=-4.2deg command=(0.00,0.00,0.00) manual_active=1 collision_blocks=0
[depth_angular_controller-1] [INFO] [1791305015.446377204] [depth_angular_controller]: OMNI_DEPTH views=4 azimuth_bins=180 elevation_bins=37 valid=0 certificates=64 short=0 held=0 local_candidates=0 yaw=0.00
[depth_angular_controller-1] [INFO] [1791305015.446599101] [depth_angular_controller]: PAPER_BUILD reason= required=0.0000 best=0.0000 free=0 refined=0 tubes=245 revoked_tubes=0 proofs=128
[depth_angular_controller-1] [INFO] [1791305015.446605834] [depth_angular_controller]: PAPER_EVIDENCE retained=16 balls=32 revoked_balls=0 expired_views=0 evicted_views=241 radius=0.580 clearance=0.000 best_prefix=8.072
[depth_angular_controller-1] [INFO] [1791305016.358364904] [depth_angular_controller]: OMNI_DEPTH views=4 azimuth_bins=180 elevation_bins=37 valid=0 certificates=64 short=0 held=0 local_candidates=0 yaw=0.00
[depth_angular_controller-1] [INFO] [1791305016.358582513] [depth_angular_controller]: PAPER_BUILD reason= required=0.0000 best=0.0000 free=0 refined=0 tubes=245 revoked_tubes=0 proofs=128
[depth_angular_controller-1] [INFO] [1791305016.358587743] [depth_angular_controller]: PAPER_EVIDENCE retained=16 balls=32 revoked_balls=0 expired_views=0 evicted_views=241 radius=0.580 clearance=0.000 best_prefix=8.072
[depth_angular_controller-1] [INFO] [1791305016.776724683] [depth_angular_controller]: [PERF CTRL] run=omni_final_v17_ego1p3_3 elapsed=219.45s callbacks=9260 commands=9259 guidance=9139 command_fps(ros/wall)=42.74/45.01 guidance_wall_fps=44.86 avoid_ms(mean/p50/p95/max)=13.734/20.518/22.320/556.971 cycle_ms(mean/p95/max)=22.218/29.796/570.165 depth_to_cmd_ms(mean/p95/max)=39.731/83.333/116.667 callback_to_publish_ms(mean/p95/max)=16.202/28.892/570.033
[depth_angular_controller-1] [INFO] [1791305016.777438164] [depth_angular_controller]: EVIDENCE_COST ingest(mean/p95/max)=2.511/7.586/13.225 record=0.049/0.082/0.961 ms
[depth_angular_controller-1] [INFO] [1791305016.777444456] [depth_angular_controller]: EVIDENCE_PHASE per_view_mean_ms balls=0.101 tubes=0.078 history=0.414 eviction=0.000
[depth_angular_controller-1] [INFO] [1791305017.221842348] [depth_angular_controller]: OMNI_DEPTH views=4 azimuth_bins=180 elevation_bins=37 valid=0 certificates=64 short=0 held=0 local_candidates=0 yaw=0.00
[depth_angular_controller-1] [INFO] [1791305017.222071759] [depth_angular_controller]: PAPER_BUILD reason= required=0.0000 best=0.0000 free=0 refined=0 tubes=245 revoked_tubes=0 proofs=128
[depth_angular_controller-1] [INFO] [1791305017.222077360] [depth_angular_controller]: PAPER_EVIDENCE retained=16 balls=32 revoked_balls=0 expired_views=0 evicted_views=241 radius=0.580 clearance=0.000 best_prefix=8.072
[depth_angular_controller-1] [INFO] [1791305018.215164010] [depth_angular_controller]: OMNI_DEPTH views=4 azimuth_bins=180 elevation_bins=37 valid=0 certificates=64 short=0 held=0 local_candidates=0 yaw=0.00
[depth_angular_controller-1] [INFO] [1791305018.215452152] [depth_angular_controller]: PAPER_BUILD reason= required=0.0000 best=0.0000 free=0 refined=0 tubes=245 revoked_tubes=0 proofs=128
[depth_angular_controller-1] [INFO] [1791305018.215461279] [depth_angular_controller]: PAPER_EVIDENCE retained=16 balls=32 revoked_balls=0 expired_views=0 evicted_views=241 radius=0.580 clearance=0.000 best_prefix=8.072
[depth_angular_controller-1] [INFO] [1791305019.208941469] [depth_angular_controller]: OMNI_DEPTH views=4 azimuth_bins=180 elevation_bins=37 valid=0 certificates=64 short=0 held=0 local_candidates=0 yaw=0.00
[depth_angular_controller-1] [INFO] [1791305019.209173244] [depth_angular_controller]: PAPER_BUILD reason= required=0.0000 best=0.0000 free=0 refined=0 tubes=245 revoked_tubes=0 proofs=128
[depth_angular_controller-1] [INFO] [1791305019.209178684] [depth_angular_controller]: PAPER_EVIDENCE retained=16 balls=32 revoked_balls=0 expired_views=0 evicted_views=241 radius=0.580 clearance=0.000 best_prefix=8.072
[position_cmd_to_twist-2] [INFO] [1791305019.935286338] [position_cmd_to_twist]: [PERF BRIDGE] run=omni_final_v17_ego1p3_3 elapsed=222.50s received=9378 published=9375 fps(ros/wall)=42.65/44.89 controller_to_bridge_ms(mean/p50/p95/max)=16.569/16.667/33.333/600.000 bridge_process_ms(mean/p95/max)=0.094/0.119/1.688
[NAV] t=220.0s position=(50.09,12.23,1.86) yaw=-4.2deg command=(0.00,0.00,0.00) manual_active=1 collision_blocks=0
[depth_angular_controller-1] [INFO] [1791305020.139450917] [depth_angular_controller]: OMNI_DEPTH views=4 azimuth_bins=180 elevation_bins=37 valid=0 certificates=64 short=0 held=0 local_candidates=0 yaw=0.00
[depth_angular_controller-1] [INFO] [1791305020.139672764] [depth_angular_controller]: PAPER_BUILD reason= required=0.0000 best=0.0000 free=0 refined=0 tubes=245 revoked_tubes=0 proofs=128
[depth_angular_controller-1] [INFO] [1791305020.139680899] [depth_angular_controller]: PAPER_EVIDENCE retained=16 balls=32 revoked_balls=0 expired_views=0 evicted_views=241 radius=0.580 clearance=0.000 best_prefix=8.072
[depth_angular_controller-1] [INFO] [1791305021.066193075] [depth_angular_controller]: OMNI_DEPTH views=4 azimuth_bins=180 elevation_bins=37 valid=0 certificates=64 short=0 held=0 local_candidates=0 yaw=0.00
[depth_angular_controller-1] [INFO] [1791305021.066408921] [depth_angular_controller]: PAPER_BUILD reason= required=0.0000 best=0.0000 free=0 refined=0 tubes=245 revoked_tubes=0 proofs=128
[depth_angular_controller-1] [INFO] [1791305021.066414742] [depth_angular_controller]: PAPER_EVIDENCE retained=16 balls=32 revoked_balls=0 expired_views=0 evicted_views=241 radius=0.580 clearance=0.000 best_prefix=8.072
[depth_angular_controller-1] [INFO] [1791305021.782324310] [depth_angular_controller]: [PERF CTRL] run=omni_final_v17_ego1p3_3 elapsed=224.45s callbacks=9450 commands=9449 guidance=9329 command_fps(ros/wall)=42.59/44.84 guidance_wall_fps=44.69 avoid_ms(mean/p50/p95/max)=13.884/20.544/22.329/556.971 cycle_ms(mean/p95/max)=22.301/29.920/570.165 depth_to_cmd_ms(mean/p95/max)=39.958/83.333/116.667 callback_to_publish_ms(mean/p95/max)=16.362/28.944/570.033
[depth_angular_controller-1] [INFO] [1791305021.783128601] [depth_angular_controller]: EVIDENCE_COST ingest(mean/p95/max)=2.520/7.622/13.225 record=0.049/0.082/0.961 ms
[depth_angular_controller-1] [INFO] [1791305021.783138490] [depth_angular_controller]: EVIDENCE_PHASE per_view_mean_ms balls=0.102 tubes=0.079 history=0.415 eviction=0.000
[depth_angular_controller-1] [INFO] [1791305022.057606270] [depth_angular_controller]: OMNI_DEPTH views=4 azimuth_bins=180 elevation_bins=37 valid=0 certificates=64 short=0 held=0 local_candidates=0 yaw=0.00
[depth_angular_controller-1] [INFO] [1791305022.057829199] [depth_angular_controller]: PAPER_BUILD reason= required=0.0000 best=0.0000 free=0 refined=0 tubes=245 revoked_tubes=0 proofs=128
[depth_angular_controller-1] [INFO] [1791305022.057834419] [depth_angular_controller]: PAPER_EVIDENCE retained=16 balls=32 revoked_balls=0 expired_views=0 evicted_views=241 radius=0.580 clearance=0.000 best_prefix=8.072
[depth_angular_controller-1] [INFO] [1791305022.916965475] [depth_angular_controller]: OMNI_DEPTH views=4 azimuth_bins=180 elevation_bins=37 valid=0 certificates=64 short=0 held=0 local_candidates=0 yaw=0.00
[depth_angular_controller-1] [INFO] [1791305022.917253246] [depth_angular_controller]: PAPER_BUILD reason= required=0.0000 best=0.0000 free=0 refined=0 tubes=245 revoked_tubes=0 proofs=128
[depth_angular_controller-1] [INFO] [1791305022.917261051] [depth_angular_controller]: PAPER_EVIDENCE retained=16 balls=32 revoked_balls=0 expired_views=0 evicted_views=241 radius=0.580 clearance=0.000 best_prefix=8.072
[depth_angular_controller-1] [INFO] [1791305023.777497073] [depth_angular_controller]: OMNI_DEPTH views=4 azimuth_bins=180 elevation_bins=37 valid=0 certificates=64 short=0 held=0 local_candidates=0 yaw=0.00
[depth_angular_controller-1] [INFO] [1791305023.777734489] [depth_angular_controller]: PAPER_BUILD reason= required=0.0000 best=0.0000 free=0 refined=0 tubes=245 revoked_tubes=0 proofs=128
[depth_angular_controller-1] [INFO] [1791305023.777741031] [depth_angular_controller]: PAPER_EVIDENCE retained=16 balls=32 revoked_balls=0 expired_views=0 evicted_views=241 radius=0.580 clearance=0.000 best_prefix=8.072
[position_cmd_to_twist-2] [INFO] [1791305024.479004415] [position_cmd_to_twist]: [PERF BRIDGE] run=omni_final_v17_ego1p3_3 elapsed=227.04s received=9557 published=9554 fps(ros/wall)=42.50/44.77 controller_to_bridge_ms(mean/p50/p95/max)=16.771/16.667/33.333/600.000 bridge_process_ms(mean/p95/max)=0.094/0.120/1.688
[NAV] t=225.0s position=(50.09,12.23,1.86) yaw=-4.2deg command=(0.00,0.00,0.00) manual_active=1 collision_blocks=0
[depth_angular_controller-1] [INFO] [1791305024.704964805] [depth_angular_controller]: OMNI_DEPTH views=4 azimuth_bins=180 elevation_bins=37 valid=0 certificates=64 short=0 held=0 local_candidates=0 yaw=0.00
[depth_angular_controller-1] [INFO] [1791305024.705650253] [depth_angular_controller]: PAPER_BUILD reason= required=0.0000 best=0.0000 free=0 refined=0 tubes=245 revoked_tubes=0 proofs=128
[depth_angular_controller-1] [INFO] [1791305024.705667265] [depth_angular_controller]: PAPER_EVIDENCE retained=16 balls=32 revoked_balls=0 expired_views=0 evicted_views=241 radius=0.580 clearance=0.000 best_prefix=8.072
[depth_angular_controller-1] [INFO] [1791305025.571541503] [depth_angular_controller]: OMNI_DEPTH views=4 azimuth_bins=180 elevation_bins=37 valid=0 certificates=64 short=0 held=0 local_candidates=0 yaw=0.00
[depth_angular_controller-1] [INFO] [1791305025.571760255] [depth_angular_controller]: PAPER_BUILD reason= required=0.0000 best=0.0000 free=0 refined=0 tubes=245 revoked_tubes=0 proofs=128
[depth_angular_controller-1] [INFO] [1791305025.571765655] [depth_angular_controller]: PAPER_EVIDENCE retained=16 balls=32 revoked_balls=0 expired_views=0 evicted_views=241 radius=0.580 clearance=0.000 best_prefix=8.072
[depth_angular_controller-1] [INFO] [1791305026.437123202] [depth_angular_controller]: OMNI_DEPTH views=4 azimuth_bins=180 elevation_bins=37 valid=0 certificates=64 short=0 held=0 local_candidates=0 yaw=0.00
[depth_angular_controller-1] [INFO] [1791305026.437412516] [depth_angular_controller]: PAPER_BUILD reason= required=0.0000 best=0.0000 free=0 refined=0 tubes=245 revoked_tubes=0 proofs=128
[depth_angular_controller-1] [INFO] [1791305026.437419188] [depth_angular_controller]: PAPER_EVIDENCE retained=16 balls=32 revoked_balls=0 expired_views=0 evicted_views=241 radius=0.580 clearance=0.000 best_prefix=8.072
[depth_angular_controller-1] [INFO] [1791305026.783700148] [depth_angular_controller]: [PERF CTRL] run=omni_final_v17_ego1p3_3 elapsed=229.45s callbacks=9652 commands=9651 guidance=9531 command_fps(ros/wall)=42.41/44.74 guidance_wall_fps=44.59 avoid_ms(mean/p50/p95/max)=14.040/20.573/22.335/556.971 cycle_ms(mean/p95/max)=22.352/29.907/570.165 depth_to_cmd_ms(mean/p95/max)=39.952/83.333/116.667 callback_to_publish_ms(mean/p95/max)=16.532/28.944/570.033
[depth_angular_controller-1] [INFO] [1791305026.784496525] [depth_angular_controller]: EVIDENCE_COST ingest(mean/p95/max)=2.532/7.622/13.225 record=0.050/0.082/0.961 ms
[depth_angular_controller-1] [INFO] [1791305026.784506053] [depth_angular_controller]: EVIDENCE_PHASE per_view_mean_ms balls=0.103 tubes=0.079 history=0.417 eviction=0.000
[depth_angular_controller-1] [INFO] [1791305027.301415117] [depth_angular_controller]: OMNI_DEPTH views=4 azimuth_bins=180 elevation_bins=37 valid=0 certificates=64 short=0 held=0 local_candidates=0 yaw=0.00
[depth_angular_controller-1] [INFO] [1791305027.301715431] [depth_angular_controller]: PAPER_BUILD reason= required=0.0000 best=0.0000 free=0 refined=0 tubes=245 revoked_tubes=0 proofs=128
[depth_angular_controller-1] [INFO] [1791305027.301723236] [depth_angular_controller]: PAPER_EVIDENCE retained=16 balls=32 revoked_balls=0 expired_views=0 evicted_views=241 radius=0.580 clearance=0.000 best_prefix=8.072
[depth_angular_controller-1] [INFO] [1791305028.162234385] [depth_angular_controller]: OMNI_DEPTH views=4 azimuth_bins=180 elevation_bins=37 valid=0 certificates=64 short=0 held=0 local_candidates=0 yaw=0.00
[depth_angular_controller-1] [INFO] [1791305028.162525442] [depth_angular_controller]: PAPER_BUILD reason= required=0.0000 best=0.0000 free=0 refined=0 tubes=245 revoked_tubes=0 proofs=128
[depth_angular_controller-1] [INFO] [1791305028.162532746] [depth_angular_controller]: PAPER_EVIDENCE retained=16 balls=32 revoked_balls=0 expired_views=0 evicted_views=241 radius=0.580 clearance=0.000 best_prefix=8.072
[position_cmd_to_twist-2] [INFO] [1791305028.870418034] [position_cmd_to_twist]: [PERF BRIDGE] run=omni_final_v17_ego1p3_3 elapsed=231.43s received=9734 published=9731 fps(ros/wall)=42.34/44.68 controller_to_bridge_ms(mean/p50/p95/max)=16.980/16.667/33.333/600.000 bridge_process_ms(mean/p95/max)=0.094/0.120/1.688
[NAV] t=230.0s position=(50.09,12.23,1.86) yaw=-4.2deg command=(0.00,0.00,0.00) manual_active=1 collision_blocks=0
[depth_angular_controller-1] [INFO] [1791305029.086211898] [depth_angular_controller]: OMNI_DEPTH views=4 azimuth_bins=180 elevation_bins=37 valid=0 certificates=64 short=0 held=0 local_candidates=0 yaw=0.00
[depth_angular_controller-1] [INFO] [1791305029.086477016] [depth_angular_controller]: PAPER_BUILD reason= required=0.0000 best=0.0000 free=0 refined=0 tubes=245 revoked_tubes=0 proofs=128
[depth_angular_controller-1] [INFO] [1791305029.086484681] [depth_angular_controller]: PAPER_EVIDENCE retained=16 balls=32 revoked_balls=0 expired_views=0 evicted_views=241 radius=0.580 clearance=0.000 best_prefix=8.072
[depth_angular_controller-1] [INFO] [1791305030.030199756] [depth_angular_controller]: OMNI_DEPTH views=4 azimuth_bins=180 elevation_bins=37 valid=0 certificates=64 short=0 held=0 local_candidates=0 yaw=0.00
[depth_angular_controller-1] [INFO] [1791305030.030429929] [depth_angular_controller]: PAPER_BUILD reason= required=0.0000 best=0.0000 free=0 refined=0 tubes=245 revoked_tubes=0 proofs=128
[depth_angular_controller-1] [INFO] [1791305030.030435830] [depth_angular_controller]: PAPER_EVIDENCE retained=16 balls=32 revoked_balls=0 expired_views=0 evicted_views=241 radius=0.580 clearance=0.000 best_prefix=8.072
[depth_angular_controller-1] [INFO] [1791305031.144801051] [depth_angular_controller]: OMNI_DEPTH views=4 azimuth_bins=180 elevation_bins=37 valid=0 certificates=64 short=0 held=0 local_candidates=0 yaw=0.00
[depth_angular_controller-1] [INFO] [1791305031.145102908] [depth_angular_controller]: PAPER_BUILD reason= required=0.0000 best=0.0000 free=0 refined=0 tubes=245 revoked_tubes=0 proofs=128
[depth_angular_controller-1] [INFO] [1791305031.145110813] [depth_angular_controller]: PAPER_EVIDENCE retained=16 balls=32 revoked_balls=0 expired_views=0 evicted_views=241 radius=0.580 clearance=0.000 best_prefix=8.072
[depth_angular_controller-1] [INFO] [1791305031.792226235] [depth_angular_controller]: [PERF CTRL] run=omni_final_v17_ego1p3_3 elapsed=234.46s callbacks=9848 commands=9847 guidance=9727 command_fps(ros/wall)=42.28/44.61 guidance_wall_fps=44.47 avoid_ms(mean/p50/p95/max)=14.183/20.594/22.338/556.971 cycle_ms(mean/p95/max)=22.416/29.902/570.165 depth_to_cmd_ms(mean/p95/max)=39.832/83.333/116.667 callback_to_publish_ms(mean/p95/max)=16.685/28.921/570.033
[depth_angular_controller-1] [INFO] [1791305031.792982867] [depth_angular_controller]: EVIDENCE_COST ingest(mean/p95/max)=2.540/7.616/13.225 record=0.050/0.082/0.961 ms
[depth_angular_controller-1] [INFO] [1791305031.792989630] [depth_angular_controller]: EVIDENCE_PHASE per_view_mean_ms balls=0.103 tubes=0.079 history=0.418 eviction=0.000
[depth_angular_controller-1] [INFO] [1791305032.012704372] [depth_angular_controller]: OMNI_DEPTH views=4 azimuth_bins=180 elevation_bins=37 valid=0 certificates=64 short=0 held=0 local_candidates=0 yaw=0.00
[depth_angular_controller-1] [INFO] [1791305032.012985340] [depth_angular_controller]: PAPER_BUILD reason= required=0.0000 best=0.0000 free=0 refined=0 tubes=245 revoked_tubes=0 proofs=128
[depth_angular_controller-1] [INFO] [1791305032.012992574] [depth_angular_controller]: PAPER_EVIDENCE retained=16 balls=32 revoked_balls=0 expired_views=0 evicted_views=241 radius=0.580 clearance=0.000 best_prefix=8.072
[depth_angular_controller-1] [INFO] [1791305032.946034111] [depth_angular_controller]: OMNI_DEPTH views=4 azimuth_bins=180 elevation_bins=37 valid=0 certificates=64 short=0 held=0 local_candidates=0 yaw=0.00
[depth_angular_controller-1] [INFO] [1791305032.947205632] [depth_angular_controller]: PAPER_BUILD reason= required=0.0000 best=0.0000 free=0 refined=0 tubes=245 revoked_tubes=0 proofs=128
[depth_angular_controller-1] [INFO] [1791305032.947229417] [depth_angular_controller]: PAPER_EVIDENCE retained=16 balls=32 revoked_balls=0 expired_views=0 evicted_views=241 radius=0.580 clearance=0.000 best_prefix=8.072
[position_cmd_to_twist-2] [INFO] [1791305033.574335315] [position_cmd_to_twist]: [PERF BRIDGE] run=omni_final_v17_ego1p3_3 elapsed=236.13s received=9918 published=9915 fps(ros/wall)=42.22/44.56 controller_to_bridge_ms(mean/p50/p95/max)=17.159/16.667/33.333/600.000 bridge_process_ms(mean/p95/max)=0.094/0.120/1.688
[NAV] t=235.0s position=(50.09,12.23,1.86) yaw=-4.2deg command=(0.00,0.00,0.00) manual_active=1 collision_blocks=0
[depth_angular_controller-1] [INFO] [1791305033.812853716] [depth_angular_controller]: OMNI_DEPTH views=4 azimuth_bins=180 elevation_bins=37 valid=0 certificates=64 short=0 held=0 local_candidates=0 yaw=0.00
[depth_angular_controller-1] [INFO] [1791305033.813134764] [depth_angular_controller]: PAPER_BUILD reason= required=0.0000 best=0.0000 free=0 refined=0 tubes=245 revoked_tubes=0 proofs=128
[depth_angular_controller-1] [INFO] [1791305033.813142769] [depth_angular_controller]: PAPER_EVIDENCE retained=16 balls=32 revoked_balls=0 expired_views=0 evicted_views=241 radius=0.580 clearance=0.000 best_prefix=8.072
[depth_angular_controller-1] [INFO] [1791305034.680165045] [depth_angular_controller]: OMNI_DEPTH views=4 azimuth_bins=180 elevation_bins=37 valid=0 certificates=64 short=0 held=0 local_candidates=0 yaw=0.00
[depth_angular_controller-1] [INFO] [1791305034.680464838] [depth_angular_controller]: PAPER_BUILD reason= required=0.0000 best=0.0000 free=0 refined=0 tubes=245 revoked_tubes=0 proofs=128
[depth_angular_controller-1] [INFO] [1791305034.680471431] [depth_angular_controller]: PAPER_EVIDENCE retained=16 balls=32 revoked_balls=0 expired_views=0 evicted_views=241 radius=0.580 clearance=0.000 best_prefix=8.072
[depth_angular_controller-1] [INFO] [1791305035.557703354] [depth_angular_controller]: OMNI_DEPTH views=4 azimuth_bins=180 elevation_bins=37 valid=0 certificates=64 short=0 held=0 local_candidates=0 yaw=0.00
[depth_angular_controller-1] [INFO] [1791305035.557952642] [depth_angular_controller]: PAPER_BUILD reason= required=0.0000 best=0.0000 free=0 refined=0 tubes=245 revoked_tubes=0 proofs=128
[depth_angular_controller-1] [INFO] [1791305035.557959295] [depth_angular_controller]: PAPER_EVIDENCE retained=16 balls=32 revoked_balls=0 expired_views=0 evicted_views=241 radius=0.580 clearance=0.000 best_prefix=8.072
[depth_angular_controller-1] [INFO] [1791305036.498147252] [depth_angular_controller]: OMNI_DEPTH views=4 azimuth_bins=180 elevation_bins=37 valid=0 certificates=64 short=0 held=0 local_candidates=0 yaw=0.00
[depth_angular_controller-1] [INFO] [1791305036.498438119] [depth_angular_controller]: PAPER_BUILD reason= required=0.0000 best=0.0000 free=0 refined=0 tubes=245 revoked_tubes=0 proofs=128
[depth_angular_controller-1] [INFO] [1791305036.498450592] [depth_angular_controller]: PAPER_EVIDENCE retained=16 balls=32 revoked_balls=0 expired_views=0 evicted_views=241 radius=0.580 clearance=0.000 best_prefix=8.072
[depth_angular_controller-1] [INFO] [1791305036.800261679] [depth_angular_controller]: [PERF CTRL] run=omni_final_v17_ego1p3_3 elapsed=239.47s callbacks=10049 commands=10048 guidance=9928 command_fps(ros/wall)=42.12/44.51 guidance_wall_fps=44.37 avoid_ms(mean/p50/p95/max)=14.325/20.615/22.346/556.971 cycle_ms(mean/p95/max)=22.466/29.904/570.165 depth_to_cmd_ms(mean/p95/max)=39.788/83.333/116.667 callback_to_publish_ms(mean/p95/max)=16.840/28.953/570.033
[depth_angular_controller-1] [INFO] [1791305036.801110334] [depth_angular_controller]: EVIDENCE_COST ingest(mean/p95/max)=2.550/7.622/13.225 record=0.051/0.082/0.961 ms
[depth_angular_controller-1] [INFO] [1791305036.801125603] [depth_angular_controller]: EVIDENCE_PHASE per_view_mean_ms balls=0.104 tubes=0.080 history=0.420 eviction=0.000
[depth_angular_controller-1] [INFO] [1791305037.372522015] [depth_angular_controller]: OMNI_DEPTH views=4 azimuth_bins=180 elevation_bins=37 valid=0 certificates=64 short=0 held=0 local_candidates=0 yaw=0.00
[depth_angular_controller-1] [INFO] [1791305037.372843790] [depth_angular_controller]: PAPER_BUILD reason= required=0.0000 best=0.0000 free=0 refined=0 tubes=245 revoked_tubes=0 proofs=128
[depth_angular_controller-1] [INFO] [1791305037.372852216] [depth_angular_controller]: PAPER_EVIDENCE retained=16 balls=32 revoked_balls=0 expired_views=0 evicted_views=241 radius=0.580 clearance=0.000 best_prefix=8.072
[position_cmd_to_twist-2] [INFO] [1791305037.935108481] [position_cmd_to_twist]: [PERF BRIDGE] run=omni_final_v17_ego1p3_3 elapsed=240.50s received=10093 published=10090 fps(ros/wall)=42.07/44.48 controller_to_bridge_ms(mean/p50/p95/max)=17.354/16.667/33.333/600.000 bridge_process_ms(mean/p95/max)=0.094/0.120/1.688
[NAV] t=240.0s position=(50.09,12.23,1.86) yaw=-4.2deg command=(0.00,0.00,0.00) manual_active=1 collision_blocks=0
[depth_angular_controller-1] [INFO] [1791305038.243336789] [depth_angular_controller]: OMNI_DEPTH views=4 azimuth_bins=180 elevation_bins=37 valid=0 certificates=64 short=0 held=0 local_candidates=0 yaw=0.00
[depth_angular_controller-1] [INFO] [1791305038.243556341] [depth_angular_controller]: PAPER_BUILD reason= required=0.0000 best=0.0000 free=0 refined=0 tubes=245 revoked_tubes=0 proofs=128
[depth_angular_controller-1] [INFO] [1791305038.243561872] [depth_angular_controller]: PAPER_EVIDENCE retained=16 balls=32 revoked_balls=0 expired_views=0 evicted_views=241 radius=0.580 clearance=0.000 best_prefix=8.072
[depth_angular_controller-1] [INFO] [1791305039.175266256] [depth_angular_controller]: OMNI_DEPTH views=4 azimuth_bins=180 elevation_bins=37 valid=0 certificates=64 short=0 held=0 local_candidates=0 yaw=0.00
[depth_angular_controller-1] [INFO] [1791305039.175557813] [depth_angular_controller]: PAPER_BUILD reason= required=0.0000 best=0.0000 free=0 refined=0 tubes=245 revoked_tubes=0 proofs=128
[depth_angular_controller-1] [INFO] [1791305039.175564807] [depth_angular_controller]: PAPER_EVIDENCE retained=16 balls=32 revoked_balls=0 expired_views=0 evicted_views=241 radius=0.580 clearance=0.000 best_prefix=8.072
[BENCHMARK RESULT] TIMEOUT sim=240.000s
[PERF ISAAC FINAL] run=omni_final_v17_ego1p3_3 result=TIMEOUT wall=229.26s sim_frames=14522 fps(sim/wall)=60.01/63.34 command_changes=3341 collision_blocks=0 frame_interval_ms(mean/p50/p95/max)=15.765/14.841/17.225/80.260
[242.272s] Simulation App Shutting Down
[depth_angular_controller-1] [INFO] [1791305040.617445481] [rclcpp]: signal_handler(SIGINT/SIGTERM)
[depth_angular_controller-1] [INFO] [1791305040.619467191] [depth_angular_controller]: [PERF CTRL FINAL] run=omni_final_v17_ego1p3_3 elapsed=243.29s callbacks=10173 commands=10172 guidance=10052 command_fps(ros/wall)=42.03/44.43 guidance_wall_fps=44.29 avoid_ms(mean/p50/p95/max)=14.408/20.625/22.346/556.971 cycle_ms(mean/p95/max)=22.506/29.925/570.165 depth_to_cmd_ms(mean/p95/max)=39.848/83.333/116.667 callback_to_publish_ms(mean/p95/max)=16.930/28.979/570.033
[position_cmd_to_twist-2] [INFO] [1791305040.619555617] [position_cmd_to_twist]: [PERF BRIDGE FINAL] run=omni_final_v17_ego1p3_3 elapsed=243.18s received=10172 published=10169 fps(ros/wall)=42.03/44.42 controller_to_bridge_ms(mean/p50/p95/max)=17.417/16.667/33.333/600.000 bridge_process_ms(mean/p95/max)=0.094/0.120/1.688
[position_cmd_to_twist-2] Failed to publish log message to rosout: publisher's context is invalid, at ./src/rcl/publisher.c:389
[depth_angular_controller-1] [INFO] [1791305040.620191442] [depth_angular_controller]: EVIDENCE_COST ingest(mean/p95/max)=2.556/7.667/13.225 record=0.051/0.082/0.961 ms
[depth_angular_controller-1] [INFO] [1791305040.620194698] [depth_angular_controller]: EVIDENCE_PHASE per_view_mean_ms balls=0.104 tubes=0.080 history=0.421 eviction=0.000
[INFO] [depth_angular_controller-1]: process has finished cleanly [pid 175776]
[INFO] [position_cmd_to_twist-2]: process has finished cleanly [pid 175778]
