[PERF] run=p5_six_final_20261007_default_ego1p5_2 log=/home/starry/isaac-data/EGO1P5/performance/navigation_benchmark_20260929/PERFORMANCE.md
[INPUT] mode=goal scene_mode=cloud
[LOCK] Waiting for shared Isaac navigation slot
[INFO] [launch]: All log files can be found below /tmp/fov_gvf_ego1p5_isaac_ros_log/2026-10-07-16-55-00-130061-starry-System-Product-Name-251169
[INFO] [launch]: Default logging verbosity is set to INFO
[INFO] [depth_angular_controller-1]: process started with pid [251171]
[INFO] [position_cmd_to_twist-2]: process started with pid [251173]
[depth_angular_controller-1] [INFO] [1791363300.165257916] [depth_angular_controller]: PROCESSING_RATES control=60.0 Hz depth_limit=10.0 Hz (0=unlimited)
[depth_angular_controller-1] [INFO] [1791363300.167923155] [depth_angular_controller]: C++ controller commands publish on /position_cmd; horizontal views=4
[ROS CHECK] ROS_DOMAIN_ID=42 /position_cmd publishers=1
Type: pc_gvf_msgs/msg/PositionCommand
Publisher count: 1
Subscription count: 1
/depth_angular_controller
/position_cmd_to_twist
WARNING: All log messages before absl::InitializeLog() is called are written to STDERR
E0000 00:00:1791363301.124854  251212 descriptor_database.cc:633] File already exists in database: grpc/health/v1/health.proto
W0000 00:00:1791363301.124875  251212 message.cc:301] Protobuf GeneratedMessageFactory: File is already registered: grpc/health/v1/health.proto
2026-10-07T08:55:00Z [Info] [carb] Logging to file: /home/starry/isaac-data/isaacsim/kit/logs/Kit/Isaac-Sim Python/6.0/kit_20261007_165500.log
[0.044s] [ext: omni.assets.plugins-0.0.0] startup
[0.045s] [ext: omni.blobkey-1.1.2] startup
[0.045s] [ext: omni.kit.async_engine-0.0.3] startup
[0.312s] [ext: omni.client.lib-1.1.1] startup
[0.320s] [ext: omni.client-1.3.0] startup
[0.322s] [ext: omni.protobuf.lib-1.0.0] startup
[0.323s] [ext: omni.grpc.lib-1.0.0] startup
[0.326s] [ext: omni.metrics.core-0.0.3] startup
[0.326s] [ext: omni.datastore-0.0.0] startup
[0.327s] [ext: omni.gpu_foundation.shadercache.vulkan-1.0.0] startup
[0.328s] [ext: omni.hsscclient-1.1.4] startup
[0.329s] [ext: omni.stats-1.0.1] startup
[0.329s] [ext: omni.ujitso.default-1.0.0] startup
[0.332s] [ext: omni.gpu_foundation-0.0.0] startup
[0.455s] [ext: carb.windowing.plugins-1.0.1] startup
[0.456s] [ext: omni.kit.renderer.init-1.0.1] startup
2026-10-07T08:55:01Z [662ms] [Warning] [omni.rtx] Skipping unsupported non-NVIDIA GPU: AMD Unknown (RADV RAPHAEL_MENDOCINO)
2026-10-07T08:55:01Z [662ms] [Warning] [omni.rtx] Skipping unsupported non-NVIDIA GPU: AMD Unknown (RADV RAPHAEL_MENDOCINO)

|---------------------------------------------------------------------------------------------|
| Driver Version: 580.178.04    | Graphics API: Vulkan
|=============================================================================================|
| GPU | Name                             | Active | LDA | GPU Memory | Vendor-ID | LUID       |
|     |                                  |        |     |            | Device-ID | UUID       |
|     |                                  |        |     |            | Bus-ID    |            |
|---------------------------------------------------------------------------------------------|
| 0   | NVIDIA GeForce RTX 5070          | Yes: 0 |     | 12227   MB | 10de      | 0          |
|     |                                  |        |     |            | 2f04      | 348d89fe.. |
|     |                                  |        |     |            | 1         |            |
|---------------------------------------------------------------------------------------------|
| 1   | AMD Unknown (RADV RAPHAEL_MEND.. |        |     | 10755   MB | 1002      | 0          |
|     |                                  |        |     |            | 13c0      | 00000000.. |
|     |                                  |        |     |            | c         |            |
|=============================================================================================|
| OS: 22.04.5 LTS (Jammy Jellyfish) ubuntu, Version: 22.04.5, Kernel: 6.8.0-138-generic
| XServer Vendor: The X.Org Foundation, XServer Version: 12101004 (1.21.1.4)
| Processor: AMD Ryzen 5 9600X 6-Core Processor
| Cores: 6 | Logical Cores: 12
|---------------------------------------------------------------------------------------------|
| Total Memory (MB): 31241 | Free Memory: 23229
| Total Page/Swap (MB): 15624 | Free Page/Swap: 15624
|---------------------------------------------------------------------------------------------|
2026-10-07T08:55:01Z [870ms] [Warning] [omni.rtx] CPU performance profile is set to powersave. This profile sets the CPU to the lowest frequency reducing performance.
2026-10-07T08:55:01Z [879ms] [Warning] [omni.rtx] IOMMU is enabled.
[0.981s] [ext: omni.kit.pipapi-0.0.0] startup
[0.982s] [ext: omni.kit.pip_archive-0.0.0] startup
[0.982s] [ext: isaacsim.pip.newton-0.6.1] startup
[0.983s] [ext: omni.pip.compute-1.9.2] startup
[0.983s] [ext: omni.isaac.core_archive-5.3.1] startup
[0.983s] [ext: omni.kit.telemetry-0.5.2] startup
[1.002s] [ext: omni.kit.loop-isaac-1.6.0] startup
[1.004s] [ext: omni.kit.test-2.0.7] startup
[1.057s] [ext: omni.materialx.libs-1.0.9] startup
[1.063s] [ext: omni.gpucompute.plugins-0.0.0] startup
[1.064s] [ext: omni.usd.config-1.0.7] startup
[1.066s] [ext: omni.usd.libs-1.0.3] startup
[1.121s] [ext: omni.iray.libs-0.0.1] startup
[1.124s] [ext: omni.mdl-57.0.3] startup
[1.183s] [ext: omni.mdl.neuraylib-0.2.20] startup
[1.185s] [ext: omni.kit.usd.mdl-1.1.9] startup
[1.268s] [ext: omni.appwindow-1.2.2] startup
[1.269s] [ext: omni.kit.renderer.core-1.2.2] startup
2026-10-07T08:55:07Z [6,487ms] [Warning] [carb.windowing-glfw.gamepad] Joystick with unknown remapping detected (will be ignored):  BEITONG BEITONG A2P3A BFM DONGLE [03000000bc2000001c51000011010000]
[6.518s] [ext: omni.kit.renderer.capture-2.0.1] startup
[6.520s] [ext: omni.kit.renderer.imgui-2.0.6] startup
[6.557s] [ext: omni.ui-3.2.0] startup
[6.564s] [ext: omni.kit.mainwindow-1.0.3] startup
[6.565s] [ext: carb.audio-0.1.0] startup
[6.567s] [ext: omni.uiaudio-1.0.0] startup
[6.567s] [ext: omni.kit.uiapp-0.0.0] startup
[6.567s] [ext: omni.usd.schema.metrics.assembler-110.1.0] startup
[6.569s] [ext: omni.usd.schema.audio-0.0.1] startup
[6.572s] [ext: omni.usd_resolver-1.0.0] startup
[6.574s] [ext: omni.usd.core-1.8.3] startup
[6.576s] [ext: omni.metropolis.schema-0.0.3] startup
[6.577s] [ext: isaacsim.anim.robot.schema-0.1.1] startup
[6.577s] [ext: omni.usd.schema.anim-0.0.1] startup
[6.590s] [ext: omni.usd.schema.geospatial-0.0.1] startup
[6.592s] [ext: omni.usd.schema.omnigraph-1.0.1] startup
[6.596s] [ext: omni.usd.schema.semantics-0.0.0] startup
[6.598s] [ext: omni.activity.core-1.0.3] startup
[6.599s] [ext: omni.cubric-0.1.0] startup
[6.599s] [ext: omni.graph.exec-0.9.6] startup
[6.599s] [ext: omni.hydra.scene_delegate-0.3.5] startup
[6.602s] [ext: usdrt.scenegraph-7.6.3] startup
[6.620s] [ext: omni.hydra.usdrt_delegate-7.5.2] startup
[6.623s] [ext: omni.inspect-1.0.2] startup
[6.624s] [ext: omni.kit.actions.core-1.0.0] startup
[6.626s] [ext: omni.kit.audiodeviceenum-1.0.2] startup
[6.626s] [ext: omni.kit.commands-1.5.0] startup
[6.629s] [ext: omni.kit.exec.core-0.13.5] startup
[6.630s] [ext: omni.kit.usd_undo-0.1.8] startup
[6.630s] [ext: omni.kit.window.popup_dialog-2.0.25] startup
[6.632s] [ext: omni.kit.widget.nucleus_connector-2.3.1] startup
[6.635s] [ext: omni.timeline-1.1.0] startup
[6.636s] [ext: omni.usd-1.16.0] startup
[6.660s] [ext: omni.graph.core-3.1.2] startup
[6.663s] [ext: omni.kit.notification_manager-1.0.11] startup
[6.664s] [ext: isaacsim.core.deprecation_manager-0.4.2] startup
[6.665s] [ext: isaacsim.replicator.agent.schema-0.1.1] startup
[6.665s] [ext: isaacsim.robot.schema-6.3.7] startup
[6.669s] [ext: isaacsim.robot_motion.schema-0.2.1] startup
[6.670s] [ext: omni.anim.behavior.schema-110.1.0] startup
[6.673s] [ext: omni.anim.graph.schema-110.1.1] startup
[6.677s] [ext: omni.anim.navigation.schema-110.1.0] startup
[6.679s] [ext: omni.behavior.tree.schema-110.1.0] startup
[6.680s] [ext: omni.isaac.ml_archive-3.3.0] startup
[6.680s] [ext: omni.kit.asset_converter-6.0.1] startup
[6.689s] [ext: omni.pip.cloud-1.5.4] startup
[6.691s] [ext: omni.usd.schema.flow-110.0.0] startup
[6.691s] [ext: omni.usd.schema.mujoco-1.1.1] startup
[6.692s] [ext: omni.usd.schema.newton-1.2.1] startup
[6.692s] [ext: omni.usd.schema.omni_lens_distortion-1.0.0] startup
[6.693s] [ext: omni.usd.schema.omni_projectors-1.0.0] startup
[6.693s] [ext: omni.usd.schema.omni_sensors-0.0.0] startup
[6.699s] [ext: omni.usd.schema.omniscripting-1.0.1] startup
[6.702s] [ext: omni.usd.schema.physical_lighting-0.1.0] startup
[6.705s] [ext: omni.usd.schema.physx-110.1.13] startup
[6.728s] [ext: omni.usd.schema.render_settings.rtx-1.0.2] startup
[6.731s] [ext: omni.usd.schema.usd_particle_field-1.0.0] startup
[6.731s] [ext: isaacsim.core.version-2.1.1] startup
[6.732s] [ext: omni.kit.menu.core-1.2.0] startup
[6.732s] [ext: omni.kit.menu.utils-2.2.4] startup
[6.737s] [ext: isaacsim.app.about-2.3.1] startup
[6.741s] [ext: isaacsim.asset.transformer-1.2.5] startup
[6.744s] [ext: omni.scene.optimizer.core-110.1.0] startup
[6.773s] [ext: isaacsim.asset.importer.utils-1.8.1] startup
[6.775s] [ext: omni.convexdecomposition-110.1.13] startup
[6.777s] [ext: omni.physics-110.1.13] startup
[6.779s] [ext: omni.physx.gpu-110.1.13] startup
[6.779s] [ext: omni.physx.foundation-110.1.13] startup
[6.780s] [ext: omni.usdphysics-110.1.13] startup
[6.782s] [ext: omni.physx.cooking-110.1.13] startup
[6.783s] [ext: omni.physx-110.1.13] startup
[6.790s] [ext: omni.physics.physx-110.1.13] startup
[6.791s] [ext: isaacsim.asset.exporter.urdf-2.0.5] startup
[6.798s] [ext: omni.kit.clipboard-1.1.1] startup
[6.798s] [ext: omni.kit.usd.layers-2.6.1] startup
[6.804s] [ext: omni.kit.widget.context_menu-1.4.0] startup
[6.805s] [ext: omni.kit.context_menu-1.9.0] startup
[6.806s] [ext: omni.kit.helper.file_utils-0.1.10] startup
[6.807s] [ext: omni.kit.widget.nucleus_info-2.0.2] startup
[6.807s] [ext: omni.kit.search_core-1.0.8] startup
[6.808s] [ext: omni.kit.widget.path_field-2.0.13] startup
[6.808s] [ext: omni.kit.widget.browser_bar-2.0.10] startup
[6.809s] [ext: omni.kit.widget.filebrowser-2.13.4] startup
[6.812s] [ext: omni.kit.widget.options_menu-1.1.6] startup
[6.814s] [ext: omni.kit.widget.options_button-1.0.3] startup
[6.815s] [ext: omni.kit.widget.search_delegate-1.0.9] startup
[6.815s] [ext: omni.ui.scene-2.0.3] startup
[6.819s] [ext: omni.kit.window.filepicker-2.15.5] startup
[6.828s] [ext: omni.kit.window.file_importer-1.1.21] startup
[6.830s] [ext: omni.kit.material.library-3.1.2] startup
[6.834s] [ext: isaacsim.asset.transformer.rules-1.7.10] startup
[6.841s] [ext: omni.usdex.libs-2.2.2] startup
[6.847s] [ext: isaacsim.asset.importer.mjcf-3.10.1] startup
[6.848s] [ext: isaacsim.asset.importer.urdf-3.11.2] startup
[6.851s] [ext: omni.kit.primitive.mesh-1.1.0] startup
[6.853s] [ext: omni.kit.stage_template.core-1.1.22] startup
[6.854s] [ext: omni.kit.stage_templates-2.0.2] startup
[6.855s] [ext: omni.usd.metrics.assembler-110.1.2] startup
[6.857s] [ext: omni.warp.core-1.13.0] startup
[7.037s] [ext: isaacsim.core.experimental.utils-0.17.2] startup
[7.037s] [ext: omni.physics.stageupdate-110.1.13] startup
[7.039s] [ext: omni.physics.tensors-110.1.13] startup
[7.042s] [ext: omni.physx.tensors-110.1.13] startup
[7.045s] [ext: isaacsim.core.simulation_manager-1.15.6] startup
[7.055s] [ext: isaacsim.storage.native-1.9.3] startup
[7.056s] [ext: omni.usd.metrics.assembler.physics-110.1.13] startup
[7.057s] [ext: isaacsim.core.utils-4.1.7] startup
[7.059s] [ext: isaacsim.core.prims-0.11.7] startup
[7.939s] [ext: isaacsim.core.api-5.2.13] startup
[7.945s] [ext: isaacsim.core.cloner-1.7.3] startup
[7.946s] [ext: isaacsim.test.docstring-1.3.2] startup
[7.948s] [ext: isaacsim.core.experimental.prims-1.8.9] startup
[7.966s] [ext: isaacsim.core.experimental.primdata-0.3.2] startup
[7.967s] [ext: omni.graph.tools-1.81.0] startup
[7.985s] [ext: omni.graph-1.142.5] startup
[8.015s] [ext: isaacsim.core.experimental.actuators-0.1.2] startup
[8.028s] [ext: isaacsim.core.experimental.materials-0.7.1] startup
[8.030s] [ext: isaacsim.core.experimental.objects-0.8.1] startup
[8.081s] [ext: omni.hydra.engine.stats-1.0.5] startup
[8.083s] [ext: omni.hydra.rtx.shadercache.vulkan-1.0.0] startup
[8.084s] [ext: omni.index.libs-387500.4413.0] startup
[8.084s] [ext: omni.index-1.0.1] startup
[8.084s] [ext: omni.ujitso.client-0.0.0] startup
[8.085s] [ext: omni.usd.schema.playback-1.0.0] startup
[8.087s] [ext: omni.volume-0.5.2] startup
[8.091s] [ext: omni.hydra.rtx-1.0.4] startup
2026-10-07T08:55:08Z [8,081ms] [Warning] [omni.log] Source: omni.hydra was already registered.
[8.111s] [ext: omni.kit.hydra_texture-1.6.0] startup
[8.114s] [ext: omni.kit.raycast.query-1.2.0] startup
[8.117s] [ext: omni.kit.viewport.legacy_gizmos-1.0.24] startup
[8.119s] [ext: omni.kit.viewport.registry-104.0.6] startup
[8.120s] [ext: omni.kit.viewport.scene_camera_model-1.0.7] startup
[8.122s] [ext: omni.kit.widget.viewport-109.2.0] startup
[8.125s] [ext: omni.kit.window.drop_support-1.0.8] startup
[8.126s] [ext: omni.kit.viewport.window-109.0.2] startup
[8.139s] [ext: omni.kit.viewport.utility-2.0.1] startup
[8.140s] [ext: isaacsim.core.rendering_manager-0.4.3] startup
[8.159s] [ext: omni.graph.action_core-1.1.9] startup
[8.161s] [ext: omni.graph.action_nodes_core-2.11.0] startup
[8.163s] [ext: omni.graph.action_nodes-2.11.0] startup
[8.179s] [ext: omni.graph.action-2.10.2] startup
[8.180s] [ext: omni.graph.image.core-0.6.1] startup
[8.180s] [ext: omni.graph.image.nodes-1.3.1] startup
[8.181s] [ext: omni.graph.nodes_core-2.11.0] startup
[8.185s] [ext: omni.graph.nodes-2.12.0] startup
[8.189s] [ext: omni.kit.hotkeys.core-1.3.12] startup
[8.190s] [ext: omni.kit.property.adapter.core-1.1.1] startup
[8.191s] [ext: omni.kit.property.adapter.usd-1.0.5] startup
[8.193s] [ext: omni.kit.widget.filter-1.1.5] startup
[8.193s] [ext: omni.kit.widget.highlight_label-1.0.3] startup
[8.194s] [ext: omni.kit.widget.searchfield-1.1.8] startup
[8.195s] [ext: omni.kit.window.file_exporter-1.0.36] startup
[8.196s] [ext: omni.kit.widget.stage-4.4.0] startup
[8.203s] [ext: omni.kit.window.content_browser_registry-0.0.6] startup
[8.204s] [ext: omni.kit.window.file-2.0.10] startup
[8.206s] [ext: omni.kit.window.content_browser-3.1.8] startup
[8.214s] [ext: omni.kit.window.property-1.15.1] startup
[8.223s] [ext: omni.kit.property.usd-4.9.4] startup
[8.232s] [ext: omni.graph.scriptnode-2.10.2] startup
[8.239s] [ext: omni.kit.widget.searchable_combobox-1.0.7] startup
[8.240s] [ext: omni.kit.widget.settings-2.0.0] startup
[8.242s] [ext: omni.kit.window.preferences-1.8.3] startup
[8.246s] [ext: omni.kit.viewport.menubar.core-107.2.2] startup
[8.256s] [ext: omni.syntheticdata-0.6.15] startup
[8.278s] [ext: omni.replicator.nv-1.1.1] startup
[8.282s] [ext: omni.videoencoding-0.2.1] startup
[8.284s] [ext: omni.replicator.core-1.13.27] startup
2026-10-07T08:55:09Z [8,269ms] [Warning] [pxr.Semantics] pxr.Semantics is deprecated - please use Semantics instead
2026-10-07T08:55:09Z [8,335ms] [Warning] [omni.replicator.core.scripts.extension] No material configuration file, adding configuration to material settings directly.
[8.481s] [ext: isaacsim.core.nodes-5.10.5] startup
[8.505s] [ext: isaacsim.core.throttling-2.3.5] startup
[8.507s] [ext: omni.kit.manipulator.viewport-107.0.1] startup
[8.508s] [ext: omni.graph.visualization.nodes-2.1.4] startup
[8.519s] [ext: omni.kit.window.extensions-1.5.10] startup
[8.524s] [ext: isaacsim.gui.components-1.8.5] startup
[8.527s] [ext: isaacsim.robot.surface_gripper-3.6.2] startup
[8.536s] [ext: isaacsim.robot.manipulators-3.4.4] startup
[8.545s] [ext: isaacsim.robot_motion.lula-4.1.3] startup
[8.550s] [ext: isaacsim.robot_motion.motion_generation-8.2.9] startup
[8.555s] [ext: isaacsim.cortex.framework-1.0.18] startup
[8.556s] [ext: isaacsim.cortex.behaviors-2.0.17] startup
[8.557s] [ext: isaacsim.examples.base-1.3.2] startup
[8.559s] [ext: omni.kit.widget.zoombar-1.0.7] startup
[8.559s] [ext: omni.kit.browser.core-2.3.18] startup
[8.562s] [ext: omni.kit.browser.folder.core-2.0.2] startup
[8.565s] [ext: omni.kit.widget.stage_icons-1.0.8] startup
[8.566s] [ext: omni.kit.window.stage-2.6.1] startup
[8.569s] [ext: omni.kit.menu.stage-1.2.7] startup
[8.569s] [ext: omni.kit.usd.collect-3.0.6] startup
[8.572s] [ext: omni.kit.widget.prompt-1.0.7] startup
[8.572s] [ext: omni.kit.tool.collect-2.2.19] startup
[8.574s] [ext: isaacsim.examples.browser-0.3.2] startup
[8.576s] [ext: omni.kit.search.files-1.0.4] startup
[8.576s] [ext: omni.kit.widget.calendar-1.0.9] startup
[8.577s] [ext: omni.kit.widget.extended_searchfield-1.0.31] startup
[8.583s] [ext: omni.simready.content.browser-0.3.7] startup
[8.667s] [ext: isaacsim.gui.content_browser-0.4.3] startup
[8.669s] [ext: omni.kit.selection-0.1.6] startup
[8.670s] [ext: isaacsim.gui.menu-2.10.5] startup
[8.677s] [ext: isaacsim.gui.property-1.6.4] startup
[8.682s] [ext: omni.kit.viewport.actions-110.0.0] startup
[8.686s] [ext: omni.kit.viewport.menubar.display-107.1.3] startup
[8.688s] [ext: isaacsim.gui.sensors.icon-2.2.1] startup
[8.691s] [ext: omni.behavior.scripting.core-110.1.0] startup
[8.693s] [ext: isaacsim.replicator.behavior-1.5.4] startup
[8.694s] [ext: isaacsim.replicator.experimental.domain_randomization-1.2.5] startup
[8.707s] [ext: isaacsim.replicator.domain_randomization-1.2.2] startup
[8.773s] [ext: isaacsim.replicator.writers-1.5.4] startup
[8.795s] [ext: isaacsim.robot.experimental.wheeled_robots-0.2.11] startup
[8.814s] [ext: isaacsim.robot.policy.examples-5.2.12] startup
[8.831s] [ext: isaacsim.robot.wheeled_robots-5.2.4] startup
[8.834s] [ext: isaacsim.robot.wheeled_robots.nodes-0.1.5] startup
[8.850s] [ext: isaacsim.robot_motion.experimental.motion_generation-6.1.3] startup
[8.860s] [ext: isaacsim.robot_motion.cumotion-1.3.1] startup
[8.872s] [ext: omni.kit.numpy.common-0.1.3] startup
[8.873s] [ext: isaacsim.sensors.camera-1.7.9] startup
[8.900s] [ext: isaacsim.sensors.experimental.physics-3.0.2] startup
[8.906s] [ext: omni.sensors.net-1.0.1] startup
[8.908s] [ext: omni.sensors.nv.common-3.0.0] startup
[8.917s] [ext: omni.sensors.nv.materials-2.0.0] startup
[8.919s] [ext: omni.sensors.nv.acoustic-3.0.0] startup
[8.922s] [ext: omni.sensors.nv.ids-2.0.1] startup
[8.923s] [ext: omni.sensors.nv.lidar-3.0.0] startup
[8.926s] [ext: omni.sensors.nv.radar-3.0.0] startup
[8.928s] [ext: isaacsim.sensors.experimental.rtx-1.4.6] startup
[9.149s] [ext: isaacsim.sensors.physics.nodes-1.5.3] startup
[9.154s] [ext: isaacsim.util.debug_draw-3.2.3] startup
[9.158s] [ext: isaacsim.sensors.physx-2.5.5] startup
[9.164s] [ext: isaacsim.sensors.rtx-15.17.1] startup
[9.173s] [ext: isaacsim.simulation_app-2.18.4] startup
[9.173s] [ext: omni.anim.curve.core-1.6.0] startup
[9.181s] [ext: omni.graph.ui_nodes-2.11.1] startup
[9.201s] [ext: omni.hydra.scene_api-0.1.3] startup
[9.204s] [ext: omni.kit.manipulator.camera-110.0.0] startup
[9.207s] [ext: omni.kit.manipulator.selector-1.1.4] startup
[9.208s] [ext: omni.kit.manipulator.transform-107.0.0] startup
[9.211s] [ext: omni.kit.widget.toolbar-2.1.0] startup
[9.216s] [ext: omni.kit.manipulator.tool.snap-1.5.14] startup
[9.219s] [ext: omni.kit.viewport.manipulator.transform-107.0.4] startup
[9.221s] [ext: omni.kit.manipulator.prim.core-108.0.2] startup
[9.225s] [ext: omni.kit.manipulator.prim.usd-107.0.3] startup
[9.226s] [ext: omni.kit.manipulator.prim-108.0.0] startup
[9.226s] [ext: omni.kit.manipulator.selection-109.0.1] startup
[9.227s] [ext: omni.kit.menu.create-2.0.2] startup
[9.229s] [ext: omni.kit.property.audio-1.0.16] startup
[9.232s] [ext: omni.kit.property.camera-1.0.14] startup
[9.233s] [ext: omni.kit.property.geometry-2.1.2] startup
[9.235s] [ext: omni.kit.property.light-1.0.14] startup
2026-10-07T08:55:10Z [9,234ms] [Warning] [omni.usd] Encountered USD Warnings but USD Diagnostics are currently muted. To view USD Warnings, please set the '/persistent/app/usd/muteUsdDiagnostics' setting to false in Preferences page.
[9.262s] [ext: omni.kit.property.material-1.14.6] startup
[9.267s] [ext: omni.kit.property.render-1.2.2] startup
[9.268s] [ext: omni.kit.property.transform-1.6.9] startup
[9.271s] [ext: omni.kit.property.bundle-1.5.1] startup
[9.272s] [ext: omni.kit.usdz_export-1.1.0] startup
[9.274s] [ext: omni.kit.tool.asset_importer-6.0.1] startup
[9.278s] [ext: omni.kit.ui.actions-1.0.5] startup
[9.280s] [ext: omni.kit.viewport.menubar.camera-107.0.10] startup
[9.283s] [ext: omni.kit.viewport.menubar.lighting-107.3.2] startup
[9.285s] [ext: omni.kit.viewport.menubar.render-110.0.0] startup
[9.287s] [ext: omni.kit.viewport.menubar.settings-110.0.1] startup
[9.290s] [ext: omni.kit.window.console-1.1.9] startup
[9.293s] [ext: omni.kit.window.status_bar-0.1.11] startup
[9.295s] [ext: omni.kit.window.toolbar-3.0.3] startup
[9.297s] [ext: omni.ocio-0.1.1] startup
[9.298s] [ext: omni.physx.commands-110.1.13] startup
[9.300s] [ext: omni.replicator.replicator_yaml-2.0.12] startup
[9.309s] [ext: omni.rtx.window.settings-0.8.0] startup
[9.312s] [ext: omni.rtx.settings.core-0.7.1] startup
[9.315s] [ext: omni.usd.metrics.assembler.ui-110.1.1] startup
[9.320s] [ext: semantics.schema.editor-2.0.2] startup
[9.323s] [ext: semantics.schema.property-2.0.2] startup
[9.324s] [ext: omni.kit.menu.common-2.0.2] startup
[9.325s] [ext: isaacsim.exp.base-6.0.1] startup
[9.325s] [ext: isaacsim.exp.base.python-6.0.1] startup
[9.326s] Simulation App Starting
[10.370s] Simulation App Startup Complete
[10.375s] app ready
Starting kit application with the following args:  ['/home/starry/isaac-data/isaacsim/exts/isaacsim.simulation_app/isaacsim/simulation_app/simulation_app.py', '/home/starry/isaac-data/isaacsim/apps/isaacsim.exp.base.python.kit', '--/app/tokens/exe-path=/home/starry/isaac-data/isaacsim/kit', '--/persistent/app/viewport/displayOptions=3094', '--/rtx/materialDb/syncLoads=True', '--/rtx/hydra/materialSyncLoads=True', '--/omni/kit/plugin/syncUsdLoads=True', '--/app/renderer/resolution/width=1280', '--/app/renderer/resolution/height=720', '--/app/window/width=1440', '--/app/window/height=900', '--/renderer/multiGpu/enabled=False', '--/app/fastShutdown=True', '--/app/installSignalHandlers=0', '--ext-folder', '/home/starry/isaac-data/isaacsim/exts', '--ext-folder', '/home/starry/isaac-data/isaacsim/apps', '--/renderer/activeGpu=0', '--/physics/cudaDevice=0', '--/plugins/carb.tasking.plugin/threadCount=12', '--/plugins/omni.tbb.globalcontrol/maxThreadCount=12', '--portable', '--no-window', '--/app/window/hideUi=1']
Passing the following args to the base kit application:  []
Warp 1.13.0 initialized:
   CUDA Toolkit 12.9, Driver 13.0
   Devices:
     "cpu"      : "x86_64"
     "cuda:0"   : "NVIDIA GeForce RTX 5070" (11 GiB, sm_120, mempool enabled)
   Kernel cache:
     /home/starry/.cache/warp/1.13.0
[LIGHTING] sun=800.0 (1) dome=0.0 (1) ambient=0.05 constant_color=(0.6, 0.65, 0.7)
[RENDER] mode=MinimalRendering minimal_shading_mode=2 anti_aliasing=TAA
[DEPTH CAMERAS] count=4 resolution_each=320x240 horizontal_coverage=360deg
[ESDF] path=/home/starry/isaac-data/EGO1P5/scenes/ego_swarm_cloud/occupancy.bin shape=(400, 300, 50) resolution=0.40m
[depth_angular_controller-1] [INFO] [1791363313.513879720] [depth_angular_controller]: WAITING_ODOMETRY
[NAV] t=0.0s position=(-64.00,-11.20,2.80) yaw=1.2deg command=(0.00,0.00,0.00) manual_active=0 collision_blocks=0
[depth_angular_controller-1] [INFO] [1791363313.891886714] [depth_angular_controller]: VERIFIED_FREE_SEED center=(-64.000,-11.200,2.800) radius=2.500 balls=1: verified fixed Cloud free ball; USD and occupancy SHA-256 matched
[depth_angular_controller-1] [INFO] [1791363313.892021587] [depth_angular_controller]: ZERO_INTENT
[depth_angular_controller-1] [INFO] [1791363315.597506406] [depth_angular_controller]: OMNI_DEPTH views=4 azimuth_bins=180 elevation_bins=37 valid=1 certificates=0 short=0 held=0 local_candidates=3 yaw=31.36
[depth_angular_controller-1] [INFO] [1791363315.597591596] [depth_angular_controller]: DEPTH_PROPOSAL_CERTIFIED
[depth_angular_controller-1] [INFO] [1791363315.597599100] [depth_angular_controller]: PAPER_BUILD reason=FULL_MOTION_CERTIFICATE required=0.0000 best=0.0000 free=0 refined=0 tubes=0 revoked_tubes=0 proofs=0
[depth_angular_controller-1] [INFO] [1791363315.597605523] [depth_angular_controller]: PAPER_EVIDENCE retained=8 balls=1 revoked_balls=0 expired_views=0 evicted_views=0 radius=0.580 clearance=0.000 best_prefix=0.000
[depth_angular_controller-1] [INFO] [1791363316.550075912] [depth_angular_controller]: OMNI_DEPTH views=4 azimuth_bins=180 elevation_bins=37 valid=1 certificates=0 short=0 held=0 local_candidates=3 yaw=21.27
[depth_angular_controller-1] [INFO] [1791363316.550267923] [depth_angular_controller]: PAPER_BUILD reason=FULL_MOTION_CERTIFICATE required=0.0000 best=0.0000 free=0 refined=0 tubes=1 revoked_tubes=0 proofs=55
[depth_angular_controller-1] [INFO] [1791363316.550278052] [depth_angular_controller]: PAPER_EVIDENCE retained=12 balls=4 revoked_balls=0 expired_views=0 evicted_views=0 radius=0.580 clearance=0.000 best_prefix=0.000
[10.900s] [ext: isaacsim.sensors.rtx.nodes-0.1.2] startup
[10.908s] [ext: isaacsim.ros2.core-1.9.4] startup
[10.922s] Attempting to load system rclpy
[10.922s] Could not import system rclpy: No module named 'rclpy'
[10.922s] Attempting to load internal rclpy for ROS Distro: humble
[10.933s] rclpy loaded
[10.936s] [ext: isaacsim.ros2.nodes-1.18.13] startup
[10.970s] [ext: isaacsim.ros2.examples-1.2.4] startup
[10.974s] [ext: isaacsim.ros2.ui-1.6.5] startup
[11.182s] [ext: isaacsim.ros2.bridge-5.1.2] startup
2026-10-07T08:55:13Z [13,098ms] [Warning] [omni.timeline.plugin] Deprecated: direct use of ITimeline callbacks is deprecated. Use ITimeline::getTimeline (Python: omni.timeline.get_timeline_interface) instead.
[depth_angular_controller-1] [INFO] [1791363317.516017538] [depth_angular_controller]: OMNI_DEPTH views=4 azimuth_bins=180 elevation_bins=37 valid=1 certificates=0 short=0 held=0 local_candidates=3 yaw=8.85
[depth_angular_controller-1] [INFO] [1791363317.516277247] [depth_angular_controller]: PAPER_BUILD reason=FULL_MOTION_CERTIFICATE required=0.0000 best=0.0000 free=0 refined=0 tubes=4 revoked_tubes=0 proofs=108
[depth_angular_controller-1] [INFO] [1791363317.516284570] [depth_angular_controller]: PAPER_EVIDENCE retained=16 balls=15 revoked_balls=0 expired_views=0 evicted_views=0 radius=0.580 clearance=0.000 best_prefix=0.000
[position_cmd_to_twist-2] [INFO] [1791363318.463084994] [position_cmd_to_twist]: [PERF BRIDGE] run=p5_six_final_20261007_default_ego1p5_2 elapsed=18.18s received=295 published=295 fps(ros/wall)=60.00/64.57 controller_to_bridge_ms(mean/p50/p95/max)=0.000/0.000/0.000/0.000 bridge_process_ms(mean/p95/max)=0.091/0.130/0.222
[NAV] t=5.0s position=(-60.38,-10.16,2.96) yaw=9.7deg command=(1.97,0.33,-0.03) manual_active=1 collision_blocks=0
[depth_angular_controller-1] [INFO] [1791363318.597509700] [depth_angular_controller]: OMNI_DEPTH views=4 azimuth_bins=180 elevation_bins=37 valid=1 certificates=0 short=0 held=0 local_candidates=3 yaw=10.64
[depth_angular_controller-1] [INFO] [1791363318.603865906] [depth_angular_controller]: PAPER_BUILD reason=FULL_MOTION_CERTIFICATE required=0.0000 best=0.0000 free=0 refined=0 tubes=8 revoked_tubes=0 proofs=128
[depth_angular_controller-1] [INFO] [1791363318.603886554] [depth_angular_controller]: PAPER_EVIDENCE retained=16 balls=30 revoked_balls=0 expired_views=0 evicted_views=4 radius=0.580 clearance=0.000 best_prefix=0.000
[depth_angular_controller-1] [INFO] [1791363318.900977401] [depth_angular_controller]: [PERF CTRL] run=p5_six_final_20261007_default_ego1p5_2 elapsed=18.73s callbacks=321 commands=320 guidance=200 command_fps(ros/wall)=60.00/63.69 guidance_wall_fps=60.23 avoid_ms(mean/p50/p95/max)=1.763/1.102/6.157/10.601 cycle_ms(mean/p95/max)=15.702/19.174/79.625 depth_to_cmd_ms(mean/p95/max)=38.167/66.667/83.333 callback_to_publish_ms(mean/p95/max)=2.443/7.467/13.898
[depth_angular_controller-1] [INFO] [1791363318.901035210] [depth_angular_controller]: EVIDENCE_COST ingest(mean/p95/max)=1.232/3.888/13.827 record=0.011/0.017/0.039 ms
[depth_angular_controller-1] [INFO] [1791363318.901040269] [depth_angular_controller]: EVIDENCE_PHASE per_view_mean_ms balls=0.070 tubes=0.009 history=0.204 eviction=0.000
[depth_angular_controller-1] [INFO] [1791363319.613126883] [depth_angular_controller]: OMNI_DEPTH views=4 azimuth_bins=180 elevation_bins=37 valid=1 certificates=0 short=0 held=0 local_candidates=2 yaw=9.72
[depth_angular_controller-1] [INFO] [1791363319.613375951] [depth_angular_controller]: PAPER_BUILD reason=FULL_MOTION_CERTIFICATE required=0.0000 best=0.0000 free=0 refined=0 tubes=12 revoked_tubes=0 proofs=128
[depth_angular_controller-1] [INFO] [1791363319.613382373] [depth_angular_controller]: PAPER_EVIDENCE retained=16 balls=32 revoked_balls=0 expired_views=0 evicted_views=8 radius=0.580 clearance=0.000 best_prefix=0.000
[depth_angular_controller-1] [INFO] [1791363320.633840332] [depth_angular_controller]: OMNI_DEPTH views=4 azimuth_bins=180 elevation_bins=37 valid=1 certificates=0 short=0 held=0 local_candidates=1 yaw=9.68
[depth_angular_controller-1] [INFO] [1791363320.634084942] [depth_angular_controller]: PAPER_BUILD reason=FULL_MOTION_CERTIFICATE required=0.0000 best=0.0000 free=0 refined=0 tubes=16 revoked_tubes=0 proofs=128
[depth_angular_controller-1] [INFO] [1791363320.634092005] [depth_angular_controller]: PAPER_EVIDENCE retained=16 balls=32 revoked_balls=0 expired_views=0 evicted_views=12 radius=0.580 clearance=0.000 best_prefix=0.000
[depth_angular_controller-1] [INFO] [1791363321.666928919] [depth_angular_controller]: OMNI_DEPTH views=4 azimuth_bins=180 elevation_bins=37 valid=1 certificates=0 short=0 held=0 local_candidates=3 yaw=8.79
[depth_angular_controller-1] [INFO] [1791363321.667179450] [depth_angular_controller]: PAPER_BUILD reason=FULL_MOTION_CERTIFICATE required=0.0000 best=0.0000 free=0 refined=0 tubes=20 revoked_tubes=0 proofs=128
[depth_angular_controller-1] [INFO] [1791363321.667187074] [depth_angular_controller]: PAPER_EVIDENCE retained=16 balls=32 revoked_balls=0 expired_views=0 evicted_views=16 radius=0.580 clearance=0.000 best_prefix=0.000
[depth_angular_controller-1] [INFO] [1791363322.799593169] [depth_angular_controller]: OMNI_DEPTH views=4 azimuth_bins=180 elevation_bins=37 valid=1 certificates=0 short=0 held=0 local_candidates=2 yaw=-3.48
[depth_angular_controller-1] [INFO] [1791363322.799932918] [depth_angular_controller]: PAPER_BUILD reason=FULL_MOTION_CERTIFICATE required=0.0000 best=0.0000 free=0 refined=0 tubes=24 revoked_tubes=0 proofs=128
[depth_angular_controller-1] [INFO] [1791363322.799941975] [depth_angular_controller]: PAPER_EVIDENCE retained=16 balls=32 revoked_balls=0 expired_views=0 evicted_views=20 radius=0.580 clearance=0.000 best_prefix=0.000
[position_cmd_to_twist-2] [INFO] [1791363323.734992006] [position_cmd_to_twist]: [PERF BRIDGE] run=p5_six_final_20261007_default_ego1p5_2 elapsed=23.46s received=595 published=595 fps(ros/wall)=60.00/60.42 controller_to_bridge_ms(mean/p50/p95/max)=0.112/0.000/0.000/16.667 bridge_process_ms(mean/p95/max)=0.088/0.116/0.222
[NAV] t=10.0s position=(-50.57,-8.84,2.46) yaw=9.9deg command=(1.98,-0.18,-0.12) manual_active=1 collision_blocks=0
[depth_angular_controller-1] [INFO] [1791363323.819305768] [depth_angular_controller]: OMNI_DEPTH views=4 azimuth_bins=180 elevation_bins=37 valid=1 certificates=0 short=0 held=0 local_candidates=3 yaw=-6.87
[depth_angular_controller-1] [INFO] [1791363323.819953084] [depth_angular_controller]: PAPER_BUILD reason=FULL_MOTION_CERTIFICATE required=0.0000 best=0.0000 free=0 refined=0 tubes=28 revoked_tubes=0 proofs=128
[depth_angular_controller-1] [INFO] [1791363323.819969505] [depth_angular_controller]: PAPER_EVIDENCE retained=16 balls=32 revoked_balls=0 expired_views=0 evicted_views=24 radius=0.580 clearance=0.000 best_prefix=0.000
[depth_angular_controller-1] [INFO] [1791363323.919250706] [depth_angular_controller]: [PERF CTRL] run=p5_six_final_20261007_default_ego1p5_2 elapsed=23.75s callbacks=608 commands=607 guidance=487 command_fps(ros/wall)=60.00/60.44 guidance_wall_fps=58.40 avoid_ms(mean/p50/p95/max)=1.760/1.485/4.738/24.998 cycle_ms(mean/p95/max)=16.547/22.017/81.893 depth_to_cmd_ms(mean/p95/max)=36.927/66.667/83.333 callback_to_publish_ms(mean/p95/max)=3.286/7.990/29.959
[depth_angular_controller-1] [INFO] [1791363323.919332750] [depth_angular_controller]: EVIDENCE_COST ingest(mean/p95/max)=1.762/5.853/13.827 record=0.019/0.020/0.642 ms
[depth_angular_controller-1] [INFO] [1791363323.919340234] [depth_angular_controller]: EVIDENCE_PHASE per_view_mean_ms balls=0.079 tubes=0.048 history=0.290 eviction=0.001
[depth_angular_controller-1] [INFO] [1791363324.772075320] [depth_angular_controller]: OMNI_DEPTH views=4 azimuth_bins=180 elevation_bins=37 valid=1 certificates=0 short=0 held=0 local_candidates=2 yaw=-9.26
[depth_angular_controller-1] [INFO] [1791363324.772362429] [depth_angular_controller]: PAPER_BUILD reason=FULL_MOTION_CERTIFICATE required=0.0000 best=0.0000 free=0 refined=0 tubes=32 revoked_tubes=0 proofs=128
[depth_angular_controller-1] [INFO] [1791363324.772379061] [depth_angular_controller]: PAPER_EVIDENCE retained=16 balls=32 revoked_balls=0 expired_views=0 evicted_views=28 radius=0.580 clearance=0.000 best_prefix=0.000
[depth_angular_controller-1] [INFO] [1791363325.738726159] [depth_angular_controller]: OMNI_DEPTH views=4 azimuth_bins=180 elevation_bins=37 valid=1 certificates=0 short=0 held=0 local_candidates=2 yaw=-19.15
[depth_angular_controller-1] [INFO] [1791363325.739000094] [depth_angular_controller]: PAPER_BUILD reason=FULL_MOTION_CERTIFICATE required=0.0000 best=0.0000 free=0 refined=0 tubes=36 revoked_tubes=0 proofs=128
[depth_angular_controller-1] [INFO] [1791363325.739010433] [depth_angular_controller]: PAPER_EVIDENCE retained=16 balls=32 revoked_balls=0 expired_views=0 evicted_views=32 radius=0.580 clearance=0.000 best_prefix=0.000
[depth_angular_controller-1] [INFO] [1791363326.685886579] [depth_angular_controller]: OMNI_DEPTH views=4 azimuth_bins=180 elevation_bins=37 valid=1 certificates=0 short=0 held=0 local_candidates=3 yaw=11.88
[depth_angular_controller-1] [INFO] [1791363326.686976919] [depth_angular_controller]: PAPER_BUILD reason=FULL_MOTION_CERTIFICATE required=0.0000 best=0.0000 free=0 refined=0 tubes=40 revoked_tubes=0 proofs=128
[depth_angular_controller-1] [INFO] [1791363326.686998589] [depth_angular_controller]: PAPER_EVIDENCE retained=16 balls=32 revoked_balls=0 expired_views=0 evicted_views=36 radius=0.580 clearance=0.000 best_prefix=0.000
[depth_angular_controller-1] [INFO] [1791363327.708954885] [depth_angular_controller]: OMNI_DEPTH views=4 azimuth_bins=180 elevation_bins=37 valid=1 certificates=0 short=0 held=0 local_candidates=3 yaw=33.17
[depth_angular_controller-1] [INFO] [1791363327.709311735] [depth_angular_controller]: PAPER_BUILD reason=FULL_MOTION_CERTIFICATE required=0.0000 best=0.0000 free=0 refined=0 tubes=45 revoked_tubes=0 proofs=128
[depth_angular_controller-1] [INFO] [1791363327.709318748] [depth_angular_controller]: PAPER_EVIDENCE retained=16 balls=32 revoked_balls=0 expired_views=0 evicted_views=40 radius=0.580 clearance=0.000 best_prefix=0.000
[position_cmd_to_twist-2] [INFO] [1791363328.639219723] [position_cmd_to_twist]: [PERF BRIDGE] run=p5_six_final_20261007_default_ego1p5_2 elapsed=28.37s received=895 published=895 fps(ros/wall)=60.00/60.69 controller_to_bridge_ms(mean/p50/p95/max)=0.093/0.000/0.000/16.667 bridge_process_ms(mean/p95/max)=0.090/0.113/2.026
[NAV] t=15.0s position=(-41.14,-8.59,3.23) yaw=10.7deg command=(1.79,0.82,0.28) manual_active=1 collision_blocks=0
[depth_angular_controller-1] [INFO] [1791363328.718995567] [depth_angular_controller]: OMNI_DEPTH views=4 azimuth_bins=180 elevation_bins=37 valid=1 certificates=0 short=0 held=0 local_candidates=1 yaw=10.67
[depth_angular_controller-1] [INFO] [1791363328.719257449] [depth_angular_controller]: PAPER_BUILD reason=FULL_MOTION_CERTIFICATE required=0.0000 best=0.0000 free=0 refined=0 tubes=49 revoked_tubes=0 proofs=128
[depth_angular_controller-1] [INFO] [1791363328.719263771] [depth_angular_controller]: PAPER_EVIDENCE retained=16 balls=32 revoked_balls=0 expired_views=0 evicted_views=43 radius=0.580 clearance=0.000 best_prefix=0.000
[depth_angular_controller-1] [INFO] [1791363328.928572908] [depth_angular_controller]: [PERF CTRL] run=p5_six_final_20261007_default_ego1p5_2 elapsed=28.76s callbacks=915 commands=914 guidance=794 command_fps(ros/wall)=60.00/60.72 guidance_wall_fps=59.48 avoid_ms(mean/p50/p95/max)=1.907/1.535/4.835/24.998 cycle_ms(mean/p95/max)=16.469/22.075/81.893 depth_to_cmd_ms(mean/p95/max)=36.839/66.667/83.333 callback_to_publish_ms(mean/p95/max)=3.655/8.641/29.959
[depth_angular_controller-1] [INFO] [1791363328.928675461] [depth_angular_controller]: EVIDENCE_COST ingest(mean/p95/max)=1.891/6.161/13.827 record=0.017/0.019/0.642 ms
[depth_angular_controller-1] [INFO] [1791363328.928683095] [depth_angular_controller]: EVIDENCE_PHASE per_view_mean_ms balls=0.086 tubes=0.063 history=0.300 eviction=0.001
[depth_angular_controller-1] [INFO] [1791363329.733267491] [depth_angular_controller]: OMNI_DEPTH views=4 azimuth_bins=180 elevation_bins=37 valid=1 certificates=0 short=0 held=0 local_candidates=3 yaw=37.15
[depth_angular_controller-1] [INFO] [1791363329.733591921] [depth_angular_controller]: PAPER_BUILD reason=FULL_MOTION_CERTIFICATE required=0.0000 best=0.0000 free=0 refined=0 tubes=53 revoked_tubes=0 proofs=128
[depth_angular_controller-1] [INFO] [1791363329.733603452] [depth_angular_controller]: PAPER_EVIDENCE retained=16 balls=32 revoked_balls=0 expired_views=0 evicted_views=45 radius=0.580 clearance=0.000 best_prefix=0.000
[depth_angular_controller-1] [INFO] [1791363330.762979271] [depth_angular_controller]: OMNI_DEPTH views=4 azimuth_bins=180 elevation_bins=37 valid=1 certificates=0 short=0 held=0 local_candidates=3 yaw=41.33
[depth_angular_controller-1] [INFO] [1791363330.763734170] [depth_angular_controller]: PAPER_BUILD reason=FULL_MOTION_CERTIFICATE required=0.0000 best=0.0000 free=0 refined=0 tubes=57 revoked_tubes=0 proofs=128
[depth_angular_controller-1] [INFO] [1791363330.763749218] [depth_angular_controller]: PAPER_EVIDENCE retained=16 balls=32 revoked_balls=0 expired_views=0 evicted_views=49 radius=0.580 clearance=0.000 best_prefix=0.000
[depth_angular_controller-1] [INFO] [1791363331.839571274] [depth_angular_controller]: OMNI_DEPTH views=4 azimuth_bins=180 elevation_bins=37 valid=1 certificates=0 short=0 held=0 local_candidates=3 yaw=33.80
[depth_angular_controller-1] [INFO] [1791363331.839793853] [depth_angular_controller]: PAPER_BUILD reason=FULL_MOTION_CERTIFICATE required=0.0000 best=0.0000 free=0 refined=0 tubes=61 revoked_tubes=0 proofs=128
[depth_angular_controller-1] [INFO] [1791363331.839799633] [depth_angular_controller]: PAPER_EVIDENCE retained=16 balls=32 revoked_balls=0 expired_views=0 evicted_views=53 radius=0.580 clearance=0.000 best_prefix=0.000
[depth_angular_controller-1] [INFO] [1791363332.859620676] [depth_angular_controller]: OMNI_DEPTH views=4 azimuth_bins=180 elevation_bins=37 valid=1 certificates=0 short=0 held=0 local_candidates=3 yaw=32.17
[depth_angular_controller-1] [INFO] [1791363332.859913897] [depth_angular_controller]: PAPER_BUILD reason=FULL_MOTION_CERTIFICATE required=0.0000 best=0.0000 free=0 refined=0 tubes=65 revoked_tubes=0 proofs=128
[depth_angular_controller-1] [INFO] [1791363332.859921131] [depth_angular_controller]: PAPER_EVIDENCE retained=16 balls=32 revoked_balls=0 expired_views=0 evicted_views=57 radius=0.580 clearance=0.000 best_prefix=0.000
[position_cmd_to_twist-2] [INFO] [1791363333.737598421] [position_cmd_to_twist]: [PERF BRIDGE] run=p5_six_final_20261007_default_ego1p5_2 elapsed=33.46s received=1195 published=1195 fps(ros/wall)=60.00/60.21 controller_to_bridge_ms(mean/p50/p95/max)=0.070/0.000/0.000/16.667 bridge_process_ms(mean/p95/max)=0.090/0.113/2.026
[NAV] t=20.0s position=(-32.79,-3.43,3.49) yaw=8.6deg command=(1.78,0.82,-0.22) manual_active=1 collision_blocks=0
[depth_angular_controller-1] [INFO] [1791363333.818025258] [depth_angular_controller]: OMNI_DEPTH views=4 azimuth_bins=180 elevation_bins=37 valid=1 certificates=0 short=0 held=0 local_candidates=2 yaw=15.43
[depth_angular_controller-1] [INFO] [1791363333.818752174] [depth_angular_controller]: PAPER_BUILD reason=FULL_MOTION_CERTIFICATE required=0.0000 best=0.0000 free=0 refined=0 tubes=69 revoked_tubes=0 proofs=128
[depth_angular_controller-1] [INFO] [1791363333.818771611] [depth_angular_controller]: PAPER_EVIDENCE retained=16 balls=32 revoked_balls=0 expired_views=0 evicted_views=61 radius=0.580 clearance=0.000 best_prefix=0.000
[depth_angular_controller-1] [INFO] [1791363333.930183929] [depth_angular_controller]: [PERF CTRL] run=p5_six_final_20261007_default_ego1p5_2 elapsed=33.76s callbacks=1209 commands=1208 guidance=1088 command_fps(ros/wall)=60.00/60.24 guidance_wall_fps=59.29 avoid_ms(mean/p50/p95/max)=1.796/1.376/4.163/24.998 cycle_ms(mean/p95/max)=16.602/21.866/81.893 depth_to_cmd_ms(mean/p95/max)=36.520/66.667/83.333 callback_to_publish_ms(mean/p95/max)=3.569/8.018/29.959
[depth_angular_controller-1] [INFO] [1791363333.930299336] [depth_angular_controller]: EVIDENCE_COST ingest(mean/p95/max)=1.841/5.798/13.827 record=0.017/0.018/0.642 ms
[depth_angular_controller-1] [INFO] [1791363333.930306530] [depth_angular_controller]: EVIDENCE_PHASE per_view_mean_ms balls=0.083 tubes=0.054 history=0.299 eviction=0.001
[depth_angular_controller-1] [INFO] [1791363334.897899499] [depth_angular_controller]: OMNI_DEPTH views=4 azimuth_bins=180 elevation_bins=37 valid=1 certificates=0 short=0 held=0 local_candidates=3 yaw=7.60
[depth_angular_controller-1] [INFO] [1791363334.898316323] [depth_angular_controller]: PAPER_BUILD reason=FULL_MOTION_CERTIFICATE required=0.0000 best=0.0000 free=0 refined=0 tubes=73 revoked_tubes=0 proofs=128
[depth_angular_controller-1] [INFO] [1791363334.898329417] [depth_angular_controller]: PAPER_EVIDENCE retained=16 balls=32 revoked_balls=0 expired_views=0 evicted_views=65 radius=0.580 clearance=0.000 best_prefix=0.000
[depth_angular_controller-1] [INFO] [1791363335.970062960] [depth_angular_controller]: OMNI_DEPTH views=4 azimuth_bins=180 elevation_bins=37 valid=1 certificates=0 short=0 held=0 local_candidates=1 yaw=8.49
[depth_angular_controller-1] [INFO] [1791363335.970366981] [depth_angular_controller]: PAPER_BUILD reason=FULL_MOTION_CERTIFICATE required=0.0000 best=0.0000 free=0 refined=0 tubes=77 revoked_tubes=0 proofs=128
[depth_angular_controller-1] [INFO] [1791363335.970374345] [depth_angular_controller]: PAPER_EVIDENCE retained=16 balls=32 revoked_balls=0 expired_views=0 evicted_views=70 radius=0.580 clearance=0.000 best_prefix=0.000
[depth_angular_controller-1] [INFO] [1791363336.999482501] [depth_angular_controller]: OMNI_DEPTH views=4 azimuth_bins=180 elevation_bins=37 valid=1 certificates=0 short=0 held=0 local_candidates=2 yaw=9.38
[depth_angular_controller-1] [INFO] [1791363337.000011916] [depth_angular_controller]: PAPER_BUILD reason=FULL_MOTION_CERTIFICATE required=0.0000 best=0.0000 free=0 refined=0 tubes=81 revoked_tubes=0 proofs=128
[depth_angular_controller-1] [INFO] [1791363337.000034859] [depth_angular_controller]: PAPER_EVIDENCE retained=16 balls=32 revoked_balls=0 expired_views=0 evicted_views=73 radius=0.580 clearance=0.000 best_prefix=0.000
[depth_angular_controller-1] [INFO] [1791363338.016837579] [depth_angular_controller]: OMNI_DEPTH views=4 azimuth_bins=180 elevation_bins=37 valid=1 certificates=0 short=0 held=0 local_candidates=1 yaw=8.49
[depth_angular_controller-1] [INFO] [1791363338.017095604] [depth_angular_controller]: PAPER_BUILD reason=FULL_MOTION_CERTIFICATE required=0.0000 best=0.0000 free=0 refined=0 tubes=85 revoked_tubes=0 proofs=128
[depth_angular_controller-1] [INFO] [1791363338.017101024] [depth_angular_controller]: PAPER_EVIDENCE retained=16 balls=32 revoked_balls=0 expired_views=0 evicted_views=77 radius=0.580 clearance=0.000 best_prefix=0.000
[position_cmd_to_twist-2] [INFO] [1791363338.896410762] [position_cmd_to_twist]: [PERF BRIDGE] run=p5_six_final_20261007_default_ego1p5_2 elapsed=38.62s received=1495 published=1495 fps(ros/wall)=60.00/59.79 controller_to_bridge_ms(mean/p50/p95/max)=0.056/0.000/0.000/16.667 bridge_process_ms(mean/p95/max)=0.089/0.112/2.026
[depth_angular_controller-1] [INFO] [1791363338.931556682] [depth_angular_controller]: [PERF CTRL] run=p5_six_final_20261007_default_ego1p5_2 elapsed=38.76s callbacks=1499 commands=1498 guidance=1378 command_fps(ros/wall)=60.00/59.79 guidance_wall_fps=59.01 avoid_ms(mean/p50/p95/max)=1.661/1.285/3.971/24.998 cycle_ms(mean/p95/max)=16.726/21.742/81.893 depth_to_cmd_ms(mean/p95/max)=36.188/50.000/83.333 callback_to_publish_ms(mean/p95/max)=3.527/7.856/29.959
[depth_angular_controller-1] [INFO] [1791363338.931695403] [depth_angular_controller]: EVIDENCE_COST ingest(mean/p95/max)=1.893/5.633/13.827 record=0.017/0.019/0.642 ms
[depth_angular_controller-1] [INFO] [1791363338.931702176] [depth_angular_controller]: EVIDENCE_PHASE per_view_mean_ms balls=0.084 tubes=0.054 history=0.310 eviction=0.001
[NAV] t=25.0s position=(-23.00,-1.78,3.02) yaw=8.5deg command=(1.98,0.30,-0.01) manual_active=1 collision_blocks=0
[depth_angular_controller-1] [INFO] [1791363338.979136880] [depth_angular_controller]: OMNI_DEPTH views=4 azimuth_bins=180 elevation_bins=37 valid=1 certificates=0 short=0 held=0 local_candidates=1 yaw=8.49
[depth_angular_controller-1] [INFO] [1791363338.979504541] [depth_angular_controller]: PAPER_BUILD reason=FULL_MOTION_CERTIFICATE required=0.0000 best=0.0000 free=0 refined=0 tubes=89 revoked_tubes=0 proofs=128
[depth_angular_controller-1] [INFO] [1791363338.979511925] [depth_angular_controller]: PAPER_EVIDENCE retained=16 balls=32 revoked_balls=0 expired_views=0 evicted_views=82 radius=0.580 clearance=0.000 best_prefix=0.000
[depth_angular_controller-1] [INFO] [1791363340.098716150] [depth_angular_controller]: OMNI_DEPTH views=4 azimuth_bins=180 elevation_bins=37 valid=1 certificates=0 short=0 held=0 local_candidates=1 yaw=8.49
[depth_angular_controller-1] [INFO] [1791363340.099022756] [depth_angular_controller]: PAPER_BUILD reason=FULL_MOTION_CERTIFICATE required=0.0000 best=0.0000 free=0 refined=0 tubes=93 revoked_tubes=0 proofs=128
[depth_angular_controller-1] [INFO] [1791363340.099028978] [depth_angular_controller]: PAPER_EVIDENCE retained=16 balls=32 revoked_balls=0 expired_views=0 evicted_views=85 radius=0.580 clearance=0.000 best_prefix=0.000
[depth_angular_controller-1] [INFO] [1791363341.040446756] [depth_angular_controller]: OMNI_DEPTH views=4 azimuth_bins=180 elevation_bins=37 valid=1 certificates=0 short=0 held=0 local_candidates=3 yaw=21.07
[depth_angular_controller-1] [INFO] [1791363341.040730960] [depth_angular_controller]: PAPER_BUILD reason=FULL_MOTION_CERTIFICATE required=0.0000 best=0.0000 free=0 refined=0 tubes=97 revoked_tubes=0 proofs=128
[depth_angular_controller-1] [INFO] [1791363341.040745938] [depth_angular_controller]: PAPER_EVIDENCE retained=16 balls=32 revoked_balls=0 expired_views=0 evicted_views=89 radius=0.580 clearance=0.000 best_prefix=0.000
[depth_angular_controller-1] [INFO] [1791363342.018559265] [depth_angular_controller]: OMNI_DEPTH views=4 azimuth_bins=180 elevation_bins=37 valid=1 certificates=0 short=0 held=0 local_candidates=2 yaw=33.56
[depth_angular_controller-1] [INFO] [1791363342.019297342] [depth_angular_controller]: PAPER_BUILD reason=FULL_MOTION_CERTIFICATE required=0.0000 best=0.0000 free=0 refined=0 tubes=101 revoked_tubes=0 proofs=128
[depth_angular_controller-1] [INFO] [1791363342.019307952] [depth_angular_controller]: PAPER_EVIDENCE retained=16 balls=32 revoked_balls=0 expired_views=0 evicted_views=93 radius=0.580 clearance=0.000 best_prefix=0.000
[depth_angular_controller-1] [INFO] [1791363343.015507032] [depth_angular_controller]: OMNI_DEPTH views=4 azimuth_bins=180 elevation_bins=37 valid=1 certificates=0 short=0 held=0 local_candidates=3 yaw=36.22
[depth_angular_controller-1] [INFO] [1791363343.015780716] [depth_angular_controller]: PAPER_BUILD reason=FULL_MOTION_CERTIFICATE required=0.0000 best=0.0000 free=0 refined=0 tubes=105 revoked_tubes=0 proofs=128
[depth_angular_controller-1] [INFO] [1791363343.015786427] [depth_angular_controller]: PAPER_EVIDENCE retained=16 balls=32 revoked_balls=0 expired_views=0 evicted_views=97 radius=0.580 clearance=0.000 best_prefix=0.000
[position_cmd_to_twist-2] [INFO] [1791363343.885459354] [position_cmd_to_twist]: [PERF BRIDGE] run=p5_six_final_20261007_default_ego1p5_2 elapsed=43.61s received=1790 published=1790 fps(ros/wall)=59.83/59.67 controller_to_bridge_ms(mean/p50/p95/max)=0.205/0.000/0.000/50.000 bridge_process_ms(mean/p95/max)=0.090/0.112/2.026
[depth_angular_controller-1] [INFO] [1791363343.937304628] [depth_angular_controller]: [PERF CTRL] run=p5_six_final_20261007_default_ego1p5_2 elapsed=43.77s callbacks=1795 commands=1794 guidance=1674 command_fps(ros/wall)=59.83/59.68 guidance_wall_fps=59.03 avoid_ms(mean/p50/p95/max)=1.762/1.115/4.321/30.887 cycle_ms(mean/p95/max)=16.757/21.742/81.893 depth_to_cmd_ms(mean/p95/max)=36.041/50.000/83.333 callback_to_publish_ms(mean/p95/max)=3.620/8.046/35.530
[depth_angular_controller-1] [INFO] [1791363343.937464759] [depth_angular_controller]: EVIDENCE_COST ingest(mean/p95/max)=1.868/5.372/13.827 record=0.017/0.018/0.642 ms
[depth_angular_controller-1] [INFO] [1791363343.937470439] [depth_angular_controller]: EVIDENCE_PHASE per_view_mean_ms balls=0.081 tubes=0.052 history=0.308 eviction=0.001
[NAV] t=30.0s position=(-13.86,1.64,2.97) yaw=7.0deg command=(1.60,1.19,-0.05) manual_active=1 collision_blocks=0
[depth_angular_controller-1] [INFO] [1791363343.963836650] [depth_angular_controller]: OMNI_DEPTH views=4 azimuth_bins=180 elevation_bins=37 valid=1 certificates=0 short=0 held=0 local_candidates=3 yaw=35.46
[depth_angular_controller-1] [INFO] [1791363343.964156982] [depth_angular_controller]: PAPER_BUILD reason=FULL_MOTION_CERTIFICATE required=0.0000 best=0.0000 free=0 refined=0 tubes=109 revoked_tubes=0 proofs=128
[depth_angular_controller-1] [INFO] [1791363343.964164496] [depth_angular_controller]: PAPER_EVIDENCE retained=16 balls=32 revoked_balls=0 expired_views=0 evicted_views=101 radius=0.580 clearance=0.000 best_prefix=0.000
[depth_angular_controller-1] [INFO] [1791363344.909536836] [depth_angular_controller]: OMNI_DEPTH views=4 azimuth_bins=180 elevation_bins=37 valid=1 certificates=0 short=0 held=0 local_candidates=3 yaw=5.49
[depth_angular_controller-1] [INFO] [1791363344.910319878] [depth_angular_controller]: PAPER_BUILD reason=FULL_MOTION_CERTIFICATE required=0.0000 best=0.0000 free=0 refined=0 tubes=113 revoked_tubes=0 proofs=128
[depth_angular_controller-1] [INFO] [1791363344.910328955] [depth_angular_controller]: PAPER_EVIDENCE retained=16 balls=32 revoked_balls=0 expired_views=0 evicted_views=105 radius=0.580 clearance=0.000 best_prefix=0.000
[depth_angular_controller-1] [INFO] [1791363345.868217898] [depth_angular_controller]: OMNI_DEPTH views=4 azimuth_bins=180 elevation_bins=37 valid=1 certificates=0 short=0 held=0 local_candidates=3 yaw=5.22
[depth_angular_controller-1] [INFO] [1791363345.868533260] [depth_angular_controller]: PAPER_BUILD reason=FULL_MOTION_CERTIFICATE required=0.0000 best=0.0000 free=0 refined=0 tubes=117 revoked_tubes=0 proofs=128
[depth_angular_controller-1] [INFO] [1791363345.868540504] [depth_angular_controller]: PAPER_EVIDENCE retained=16 balls=32 revoked_balls=0 expired_views=0 evicted_views=109 radius=0.580 clearance=0.000 best_prefix=0.000
[depth_angular_controller-1] [INFO] [1791363346.947043017] [depth_angular_controller]: OMNI_DEPTH views=4 azimuth_bins=180 elevation_bins=37 valid=1 certificates=0 short=0 held=0 local_candidates=3 yaw=-10.12
[depth_angular_controller-1] [INFO] [1791363346.947371444] [depth_angular_controller]: PAPER_BUILD reason=FULL_MOTION_CERTIFICATE required=0.0000 best=0.0000 free=0 refined=0 tubes=121 revoked_tubes=0 proofs=128
[depth_angular_controller-1] [INFO] [1791363346.947384589] [depth_angular_controller]: PAPER_EVIDENCE retained=16 balls=32 revoked_balls=0 expired_views=0 evicted_views=113 radius=0.580 clearance=0.000 best_prefix=0.000
[depth_angular_controller-1] [INFO] [1791363347.905220713] [depth_angular_controller]: OMNI_DEPTH views=4 azimuth_bins=180 elevation_bins=37 valid=1 certificates=0 short=0 held=0 local_candidates=3 yaw=7.53
[depth_angular_controller-1] [INFO] [1791363347.905553388] [depth_angular_controller]: PAPER_BUILD reason=FULL_MOTION_CERTIFICATE required=0.0000 best=0.0000 free=0 refined=0 tubes=125 revoked_tubes=0 proofs=128
[depth_angular_controller-1] [INFO] [1791363347.905561503] [depth_angular_controller]: PAPER_EVIDENCE retained=16 balls=32 revoked_balls=0 expired_views=0 evicted_views=117 radius=0.580 clearance=0.000 best_prefix=0.000
[position_cmd_to_twist-2] [INFO] [1791363348.907786838] [position_cmd_to_twist]: [PERF BRIDGE] run=p5_six_final_20261007_default_ego1p5_2 elapsed=48.63s received=2090 published=2090 fps(ros/wall)=59.86/59.68 controller_to_bridge_ms(mean/p50/p95/max)=0.175/0.000/0.000/50.000 bridge_process_ms(mean/p95/max)=0.089/0.113/2.026
[depth_angular_controller-1] [INFO] [1791363348.943307162] [depth_angular_controller]: [PERF CTRL] run=p5_six_final_20261007_default_ego1p5_2 elapsed=48.78s callbacks=2094 commands=2093 guidance=1973 command_fps(ros/wall)=59.86/59.68 guidance_wall_fps=59.14 avoid_ms(mean/p50/p95/max)=1.699/1.118/4.057/30.887 cycle_ms(mean/p95/max)=16.755/21.496/81.893 depth_to_cmd_ms(mean/p95/max)=36.028/50.000/83.333 callback_to_publish_ms(mean/p95/max)=3.546/7.818/35.530
[depth_angular_controller-1] [INFO] [1791363348.943489023] [depth_angular_controller]: EVIDENCE_COST ingest(mean/p95/max)=1.836/5.208/13.827 record=0.017/0.019/0.642 ms
[depth_angular_controller-1] [INFO] [1791363348.943495025] [depth_angular_controller]: EVIDENCE_PHASE per_view_mean_ms balls=0.079 tubes=0.049 history=0.305 eviction=0.001
[NAV] t=35.0s position=(-4.41,2.93,2.93) yaw=6.9deg command=(1.95,-0.39,-0.06) manual_active=1 collision_blocks=0
[depth_angular_controller-1] [INFO] [1791363348.988291091] [depth_angular_controller]: OMNI_DEPTH views=4 azimuth_bins=180 elevation_bins=37 valid=1 certificates=0 short=0 held=0 local_candidates=3 yaw=-14.26
[depth_angular_controller-1] [INFO] [1791363348.988617384] [depth_angular_controller]: PAPER_BUILD reason=FULL_MOTION_CERTIFICATE required=0.0000 best=0.0000 free=0 refined=0 tubes=129 revoked_tubes=0 proofs=128
[depth_angular_controller-1] [INFO] [1791363348.988625158] [depth_angular_controller]: PAPER_EVIDENCE retained=16 balls=32 revoked_balls=0 expired_views=0 evicted_views=121 radius=0.580 clearance=0.000 best_prefix=0.000
[depth_angular_controller-1] [INFO] [1791363350.046013361] [depth_angular_controller]: OMNI_DEPTH views=4 azimuth_bins=180 elevation_bins=37 valid=1 certificates=0 short=0 held=0 local_candidates=3 yaw=13.65
[depth_angular_controller-1] [INFO] [1791363350.046332030] [depth_angular_controller]: PAPER_BUILD reason=FULL_MOTION_CERTIFICATE required=0.0000 best=0.0000 free=0 refined=0 tubes=133 revoked_tubes=0 proofs=128
[depth_angular_controller-1] [INFO] [1791363350.046350305] [depth_angular_controller]: PAPER_EVIDENCE retained=16 balls=32 revoked_balls=0 expired_views=0 evicted_views=126 radius=0.580 clearance=0.000 best_prefix=0.000
[depth_angular_controller-1] [INFO] [1791363351.130200438] [depth_angular_controller]: OMNI_DEPTH views=4 azimuth_bins=180 elevation_bins=37 valid=1 certificates=0 short=0 held=0 local_candidates=3 yaw=17.12
[depth_angular_controller-1] [INFO] [1791363351.130477438] [depth_angular_controller]: PAPER_BUILD reason=FULL_MOTION_CERTIFICATE required=0.0000 best=0.0000 free=0 refined=0 tubes=137 revoked_tubes=0 proofs=128
[depth_angular_controller-1] [INFO] [1791363351.130482668] [depth_angular_controller]: PAPER_EVIDENCE retained=16 balls=32 revoked_balls=0 expired_views=0 evicted_views=130 radius=0.580 clearance=0.000 best_prefix=0.000
[depth_angular_controller-1] [INFO] [1791363352.154376214] [depth_angular_controller]: OMNI_DEPTH views=4 azimuth_bins=180 elevation_bins=37 valid=1 certificates=0 short=0 held=0 local_candidates=3 yaw=23.28
[depth_angular_controller-1] [INFO] [1791363352.154668373] [depth_angular_controller]: PAPER_BUILD reason=FULL_MOTION_CERTIFICATE required=0.0000 best=0.0000 free=0 refined=0 tubes=141 revoked_tubes=0 proofs=128
[depth_angular_controller-1] [INFO] [1791363352.154674345] [depth_angular_controller]: PAPER_EVIDENCE retained=16 balls=32 revoked_balls=0 expired_views=0 evicted_views=133 radius=0.580 clearance=0.000 best_prefix=0.000
[depth_angular_controller-1] [INFO] [1791363353.170607441] [depth_angular_controller]: OMNI_DEPTH views=4 azimuth_bins=180 elevation_bins=37 valid=1 certificates=0 short=0 held=0 local_candidates=2 yaw=25.72
[depth_angular_controller-1] [INFO] [1791363353.170944724] [depth_angular_controller]: PAPER_BUILD reason=FULL_MOTION_CERTIFICATE required=0.0000 best=0.0000 free=0 refined=0 tubes=145 revoked_tubes=0 proofs=128
[depth_angular_controller-1] [INFO] [1791363353.170957248] [depth_angular_controller]: PAPER_EVIDENCE retained=16 balls=32 revoked_balls=0 expired_views=0 evicted_views=137 radius=0.580 clearance=0.000 best_prefix=0.000
[depth_angular_controller-1] [INFO] [1791363353.949958755] [depth_angular_controller]: [PERF CTRL] run=p5_six_final_20261007_default_ego1p5_2 elapsed=53.78s callbacks=2382 commands=2381 guidance=2261 command_fps(ros/wall)=59.87/59.41 guidance_wall_fps=58.93 avoid_ms(mean/p50/p95/max)=1.674/1.209/3.943/30.887 cycle_ms(mean/p95/max)=16.831/21.548/81.893 depth_to_cmd_ms(mean/p95/max)=36.090/50.000/83.333 callback_to_publish_ms(mean/p95/max)=3.558/7.707/35.530
[depth_angular_controller-1] [INFO] [1791363353.950154303] [depth_angular_controller]: EVIDENCE_COST ingest(mean/p95/max)=1.858/5.221/13.827 record=0.016/0.019/0.642 ms
[depth_angular_controller-1] [INFO] [1791363353.950161947] [depth_angular_controller]: EVIDENCE_PHASE per_view_mean_ms balls=0.080 tubes=0.047 history=0.310 eviction=0.001
[position_cmd_to_twist-2] [INFO] [1791363354.099201549] [position_cmd_to_twist]: [PERF BRIDGE] run=p5_six_final_20261007_default_ego1p5_2 elapsed=53.83s received=2390 published=2390 fps(ros/wall)=59.87/59.44 controller_to_bridge_ms(mean/p50/p95/max)=0.153/0.000/0.000/50.000 bridge_process_ms(mean/p95/max)=0.089/0.112/2.026
[NAV] t=40.0s position=(5.06,5.05,2.26) yaw=6.0deg command=(1.67,1.08,0.00) manual_active=1 collision_blocks=0
[depth_angular_controller-1] [INFO] [1791363354.181078472] [depth_angular_controller]: OMNI_DEPTH views=4 azimuth_bins=180 elevation_bins=37 valid=1 certificates=0 short=0 held=0 local_candidates=2 yaw=38.30
[depth_angular_controller-1] [INFO] [1791363354.181435683] [depth_angular_controller]: PAPER_BUILD reason=FULL_MOTION_CERTIFICATE required=0.0000 best=0.0000 free=0 refined=0 tubes=150 revoked_tubes=0 proofs=128
[depth_angular_controller-1] [INFO] [1791363354.181444540] [depth_angular_controller]: PAPER_EVIDENCE retained=16 balls=32 revoked_balls=0 expired_views=0 evicted_views=140 radius=0.580 clearance=0.000 best_prefix=0.000
[depth_angular_controller-1] [INFO] [1791363355.251717557] [depth_angular_controller]: OMNI_DEPTH views=4 azimuth_bins=180 elevation_bins=37 valid=1 certificates=0 short=0 held=0 local_candidates=3 yaw=30.64
[depth_angular_controller-1] [INFO] [1791363355.252098623] [depth_angular_controller]: PAPER_BUILD reason=FULL_MOTION_CERTIFICATE required=0.0000 best=0.0000 free=0 refined=0 tubes=154 revoked_tubes=0 proofs=128
[depth_angular_controller-1] [INFO] [1791363355.252108612] [depth_angular_controller]: PAPER_EVIDENCE retained=16 balls=32 revoked_balls=0 expired_views=0 evicted_views=144 radius=0.580 clearance=0.000 best_prefix=0.000
[depth_angular_controller-1] [INFO] [1791363356.326441389] [depth_angular_controller]: OMNI_DEPTH views=4 azimuth_bins=180 elevation_bins=37 valid=1 certificates=0 short=0 held=0 local_candidates=3 yaw=25.29
[depth_angular_controller-1] [INFO] [1791363356.327135814] [depth_angular_controller]: PAPER_BUILD reason=FULL_MOTION_CERTIFICATE required=0.0000 best=0.0000 free=0 refined=0 tubes=158 revoked_tubes=0 proofs=128
[depth_angular_controller-1] [INFO] [1791363356.327144641] [depth_angular_controller]: PAPER_EVIDENCE retained=16 balls=32 revoked_balls=0 expired_views=0 evicted_views=148 radius=0.580 clearance=0.000 best_prefix=0.000
[depth_angular_controller-1] [INFO] [1791363357.341566126] [depth_angular_controller]: OMNI_DEPTH views=4 azimuth_bins=180 elevation_bins=37 valid=1 certificates=0 short=0 held=0 local_candidates=2 yaw=21.98
[depth_angular_controller-1] [INFO] [1791363357.341921053] [depth_angular_controller]: PAPER_BUILD reason=FULL_MOTION_CERTIFICATE required=0.0000 best=0.0000 free=0 refined=0 tubes=162 revoked_tubes=0 proofs=128
[depth_angular_controller-1] [INFO] [1791363357.341940239] [depth_angular_controller]: PAPER_EVIDENCE retained=16 balls=32 revoked_balls=0 expired_views=0 evicted_views=152 radius=0.580 clearance=0.000 best_prefix=0.000
[depth_angular_controller-1] [INFO] [1791363358.365191077] [depth_angular_controller]: OMNI_DEPTH views=4 azimuth_bins=180 elevation_bins=37 valid=1 certificates=0 short=0 held=0 local_candidates=2 yaw=21.70
[depth_angular_controller-1] [INFO] [1791363358.365943241] [depth_angular_controller]: PAPER_BUILD reason=FULL_MOTION_CERTIFICATE required=0.0000 best=0.0000 free=0 refined=0 tubes=166 revoked_tubes=0 proofs=128
[depth_angular_controller-1] [INFO] [1791363358.365956506] [depth_angular_controller]: PAPER_EVIDENCE retained=16 balls=32 revoked_balls=0 expired_views=0 evicted_views=156 radius=0.580 clearance=0.000 best_prefix=0.000
[depth_angular_controller-1] [INFO] [1791363358.959495962] [depth_angular_controller]: [PERF CTRL] run=p5_six_final_20261007_default_ego1p5_2 elapsed=58.79s callbacks=2673 commands=2672 guidance=2552 command_fps(ros/wall)=59.87/59.27 guidance_wall_fps=58.83 avoid_ms(mean/p50/p95/max)=1.794/1.300/4.269/30.887 cycle_ms(mean/p95/max)=16.873/21.548/81.893 depth_to_cmd_ms(mean/p95/max)=36.135/50.000/83.333 callback_to_publish_ms(mean/p95/max)=3.703/7.959/35.530
[depth_angular_controller-1] [INFO] [1791363358.959735522] [depth_angular_controller]: EVIDENCE_COST ingest(mean/p95/max)=1.878/5.256/13.827 record=0.016/0.019/0.642 ms
[depth_angular_controller-1] [INFO] [1791363358.959743117] [depth_angular_controller]: EVIDENCE_PHASE per_view_mean_ms balls=0.081 tubes=0.048 history=0.313 eviction=0.001
[position_cmd_to_twist-2] [INFO] [1791363359.242975529] [position_cmd_to_twist]: [PERF BRIDGE] run=p5_six_final_20261007_default_ego1p5_2 elapsed=58.97s received=2689 published=2689 fps(ros/wall)=59.87/59.29 controller_to_bridge_ms(mean/p50/p95/max)=0.198/0.000/0.000/50.000 bridge_process_ms(mean/p95/max)=0.089/0.111/2.026
[NAV] t=45.0s position=(13.86,9.44,3.06) yaw=2.0deg command=(1.95,0.32,-0.04) manual_active=1 collision_blocks=0
[depth_angular_controller-1] [INFO] [1791363359.321504800] [depth_angular_controller]: OMNI_DEPTH views=4 azimuth_bins=180 elevation_bins=37 valid=1 certificates=0 short=0 held=0 local_candidates=1 yaw=2.01
[depth_angular_controller-1] [INFO] [1791363359.321844348] [depth_angular_controller]: PAPER_BUILD reason=FULL_MOTION_CERTIFICATE required=0.0000 best=0.0000 free=0 refined=0 tubes=170 revoked_tubes=0 proofs=128
[depth_angular_controller-1] [INFO] [1791363359.321850359] [depth_angular_controller]: PAPER_EVIDENCE retained=16 balls=32 revoked_balls=0 expired_views=0 evicted_views=160 radius=0.580 clearance=0.000 best_prefix=0.000
[depth_angular_controller-1] [INFO] [1791363360.447015987] [depth_angular_controller]: OMNI_DEPTH views=4 azimuth_bins=180 elevation_bins=37 valid=1 certificates=0 short=0 held=0 local_candidates=3 yaw=1.93
[depth_angular_controller-1] [INFO] [1791363360.447422702] [depth_angular_controller]: PAPER_BUILD reason=FULL_MOTION_CERTIFICATE required=0.0000 best=0.0000 free=0 refined=0 tubes=174 revoked_tubes=0 proofs=128
[depth_angular_controller-1] [INFO] [1791363360.447429765] [depth_angular_controller]: PAPER_EVIDENCE retained=16 balls=32 revoked_balls=0 expired_views=0 evicted_views=165 radius=0.580 clearance=0.000 best_prefix=0.000
[depth_angular_controller-1] [INFO] [1791363361.399150786] [depth_angular_controller]: OMNI_DEPTH views=4 azimuth_bins=180 elevation_bins=37 valid=1 certificates=0 short=0 held=0 local_candidates=1 yaw=1.93
[depth_angular_controller-1] [INFO] [1791363361.399546079] [depth_angular_controller]: PAPER_BUILD reason=FULL_MOTION_CERTIFICATE required=0.0000 best=0.0000 free=0 refined=0 tubes=178 revoked_tubes=0 proofs=128
[depth_angular_controller-1] [INFO] [1791363361.399558122] [depth_angular_controller]: PAPER_EVIDENCE retained=16 balls=32 revoked_balls=0 expired_views=0 evicted_views=168 radius=0.580 clearance=0.000 best_prefix=0.000
[depth_angular_controller-1] [INFO] [1791363362.413249916] [depth_angular_controller]: OMNI_DEPTH views=4 azimuth_bins=180 elevation_bins=37 valid=1 certificates=0 short=0 held=0 local_candidates=1 yaw=1.93
[depth_angular_controller-1] [INFO] [1791363362.413534120] [depth_angular_controller]: PAPER_BUILD reason=FULL_MOTION_CERTIFICATE required=0.0000 best=0.0000 free=0 refined=0 tubes=182 revoked_tubes=0 proofs=128
[depth_angular_controller-1] [INFO] [1791363362.413541433] [depth_angular_controller]: PAPER_EVIDENCE retained=16 balls=32 revoked_balls=0 expired_views=0 evicted_views=172 radius=0.580 clearance=0.000 best_prefix=0.000
[depth_angular_controller-1] [INFO] [1791363363.367111490] [depth_angular_controller]: OMNI_DEPTH views=4 azimuth_bins=180 elevation_bins=37 valid=1 certificates=0 short=0 held=0 local_candidates=3 yaw=11.19
[depth_angular_controller-1] [INFO] [1791363363.367475404] [depth_angular_controller]: PAPER_BUILD reason=FULL_MOTION_CERTIFICATE required=0.0000 best=0.0000 free=0 refined=0 tubes=186 revoked_tubes=0 proofs=128
[depth_angular_controller-1] [INFO] [1791363363.367483429] [depth_angular_controller]: PAPER_EVIDENCE retained=16 balls=32 revoked_balls=0 expired_views=0 evicted_views=177 radius=0.580 clearance=0.000 best_prefix=0.000
[depth_angular_controller-1] [INFO] [1791363363.974297081] [depth_angular_controller]: [PERF CTRL] run=p5_six_final_20261007_default_ego1p5_2 elapsed=63.81s callbacks=2974 commands=2973 guidance=2853 command_fps(ros/wall)=59.88/59.34 guidance_wall_fps=58.95 avoid_ms(mean/p50/p95/max)=1.668/1.195/4.026/30.887 cycle_ms(mean/p95/max)=16.851/21.412/81.893 depth_to_cmd_ms(mean/p95/max)=35.664/50.000/83.333 callback_to_publish_ms(mean/p95/max)=3.589/7.767/35.530
[depth_angular_controller-1] [INFO] [1791363363.974535860] [depth_angular_controller]: EVIDENCE_COST ingest(mean/p95/max)=1.877/5.221/13.827 record=0.016/0.019/0.642 ms
[depth_angular_controller-1] [INFO] [1791363363.974542773] [depth_angular_controller]: EVIDENCE_PHASE per_view_mean_ms balls=0.080 tubes=0.051 history=0.310 eviction=0.001
[position_cmd_to_twist-2] [INFO] [1791363364.234505625] [position_cmd_to_twist]: [PERF BRIDGE] run=p5_six_final_20261007_default_ego1p5_2 elapsed=63.96s received=2989 published=2989 fps(ros/wall)=59.88/59.37 controller_to_bridge_ms(mean/p50/p95/max)=0.178/0.000/0.000/50.000 bridge_process_ms(mean/p95/max)=0.089/0.112/2.026
[NAV] t=50.0s position=(23.80,10.12,3.22) yaw=1.5deg command=(1.92,0.45,0.33) manual_active=1 collision_blocks=0
[depth_angular_controller-1] [INFO] [1791363364.376954601] [depth_angular_controller]: OMNI_DEPTH views=4 azimuth_bins=180 elevation_bins=37 valid=1 certificates=0 short=0 held=0 local_candidates=3 yaw=17.78
[depth_angular_controller-1] [INFO] [1791363364.377353200] [depth_angular_controller]: PAPER_BUILD reason=FULL_MOTION_CERTIFICATE required=0.0000 best=0.0000 free=0 refined=0 tubes=190 revoked_tubes=0 proofs=128
[depth_angular_controller-1] [INFO] [1791363364.377365042] [depth_angular_controller]: PAPER_EVIDENCE retained=16 balls=32 revoked_balls=0 expired_views=0 evicted_views=180 radius=0.580 clearance=0.000 best_prefix=0.000
[depth_angular_controller-1] [INFO] [1791363365.467032578] [depth_angular_controller]: OMNI_DEPTH views=4 azimuth_bins=180 elevation_bins=37 valid=1 certificates=0 short=0 held=0 local_candidates=3 yaw=22.06
[depth_angular_controller-1] [INFO] [1791363365.467395340] [depth_angular_controller]: PAPER_BUILD reason=FULL_MOTION_CERTIFICATE required=0.0000 best=0.0000 free=0 refined=0 tubes=194 revoked_tubes=0 proofs=128
[depth_angular_controller-1] [INFO] [1791363365.467407793] [depth_angular_controller]: PAPER_EVIDENCE retained=16 balls=32 revoked_balls=0 expired_views=0 evicted_views=184 radius=0.580 clearance=0.000 best_prefix=0.000
[depth_angular_controller-1] [INFO] [1791363366.419724674] [depth_angular_controller]: OMNI_DEPTH views=4 azimuth_bins=180 elevation_bins=37 valid=1 certificates=0 short=0 held=0 local_candidates=3 yaw=24.58
[depth_angular_controller-1] [INFO] [1791363366.420160383] [depth_angular_controller]: PAPER_BUILD reason=FULL_MOTION_CERTIFICATE required=0.0000 best=0.0000 free=0 refined=0 tubes=198 revoked_tubes=0 proofs=128
[depth_angular_controller-1] [INFO] [1791363366.420169009] [depth_angular_controller]: PAPER_EVIDENCE retained=16 balls=32 revoked_balls=0 expired_views=0 evicted_views=188 radius=0.580 clearance=0.000 best_prefix=0.000
[depth_angular_controller-1] [INFO] [1791363367.517345497] [depth_angular_controller]: OMNI_DEPTH views=4 azimuth_bins=180 elevation_bins=37 valid=1 certificates=0 short=0 held=0 local_candidates=1 yaw=-1.84
[depth_angular_controller-1] [INFO] [1791363367.517733216] [depth_angular_controller]: PAPER_BUILD reason=FULL_MOTION_CERTIFICATE required=0.0000 best=0.0000 free=0 refined=0 tubes=202 revoked_tubes=0 proofs=128
[depth_angular_controller-1] [INFO] [1791363367.517740690] [depth_angular_controller]: PAPER_EVIDENCE retained=16 balls=32 revoked_balls=0 expired_views=0 evicted_views=192 radius=0.580 clearance=0.000 best_prefix=0.000
[depth_angular_controller-1] [INFO] [1791363368.683430085] [depth_angular_controller]: OMNI_DEPTH views=4 azimuth_bins=180 elevation_bins=37 valid=1 certificates=0 short=0 held=0 local_candidates=1 yaw=-2.71
[depth_angular_controller-1] [INFO] [1791363368.683767248] [depth_angular_controller]: PAPER_BUILD reason=FULL_MOTION_CERTIFICATE required=0.0000 best=0.0000 free=0 refined=0 tubes=206 revoked_tubes=0 proofs=128
[depth_angular_controller-1] [INFO] [1791363368.683780593] [depth_angular_controller]: PAPER_EVIDENCE retained=16 balls=32 revoked_balls=0 expired_views=0 evicted_views=196 radius=0.580 clearance=0.000 best_prefix=0.000
[depth_angular_controller-1] [INFO] [1791363368.981167757] [depth_angular_controller]: [PERF CTRL] run=p5_six_final_20261007_default_ego1p5_2 elapsed=68.81s callbacks=3254 commands=3253 guidance=3133 command_fps(ros/wall)=59.89/59.03 guidance_wall_fps=58.67 avoid_ms(mean/p50/p95/max)=1.646/1.185/3.953/30.887 cycle_ms(mean/p95/max)=16.940/21.342/81.893 depth_to_cmd_ms(mean/p95/max)=35.424/50.000/83.333 callback_to_publish_ms(mean/p95/max)=3.565/7.631/35.530
[depth_angular_controller-1] [INFO] [1791363368.981453985] [depth_angular_controller]: EVIDENCE_COST ingest(mean/p95/max)=1.869/5.156/13.827 record=0.016/0.019/0.642 ms
[depth_angular_controller-1] [INFO] [1791363368.981461248] [depth_angular_controller]: EVIDENCE_PHASE per_view_mean_ms balls=0.079 tubes=0.050 history=0.310 eviction=0.001
[position_cmd_to_twist-2] [INFO] [1791363369.658287426] [position_cmd_to_twist]: [PERF BRIDGE] run=p5_six_final_20261007_default_ego1p5_2 elapsed=69.38s received=3289 published=3289 fps(ros/wall)=59.89/58.97 controller_to_bridge_ms(mean/p50/p95/max)=0.162/0.000/0.000/50.000 bridge_process_ms(mean/p95/max)=0.089/0.113/2.026
[NAV] t=55.0s position=(33.11,12.68,4.42) yaw=-2.7deg command=(1.99,-0.10,-0.10) manual_active=1 collision_blocks=0
[depth_angular_controller-1] [INFO] [1791363369.740217979] [depth_angular_controller]: OMNI_DEPTH views=4 azimuth_bins=180 elevation_bins=37 valid=1 certificates=0 short=0 held=0 local_candidates=3 yaw=-1.85
[depth_angular_controller-1] [INFO] [1791363369.740611960] [depth_angular_controller]: PAPER_BUILD reason=FULL_MOTION_CERTIFICATE required=0.0000 best=0.0000 free=0 refined=0 tubes=210 revoked_tubes=0 proofs=128
[depth_angular_controller-1] [INFO] [1791363369.740625986] [depth_angular_controller]: PAPER_EVIDENCE retained=16 balls=32 revoked_balls=0 expired_views=0 evicted_views=200 radius=0.580 clearance=0.000 best_prefix=0.000
[depth_angular_controller-1] [INFO] [1791363370.862028312] [depth_angular_controller]: OMNI_DEPTH views=4 azimuth_bins=180 elevation_bins=37 valid=1 certificates=0 short=0 held=0 local_candidates=3 yaw=-29.29
[depth_angular_controller-1] [INFO] [1791363370.862473959] [depth_angular_controller]: PAPER_BUILD reason=FULL_MOTION_CERTIFICATE required=0.0000 best=0.0000 free=0 refined=0 tubes=214 revoked_tubes=0 proofs=128
[depth_angular_controller-1] [INFO] [1791363370.862500319] [depth_angular_controller]: PAPER_EVIDENCE retained=16 balls=32 revoked_balls=0 expired_views=0 evicted_views=204 radius=0.580 clearance=0.000 best_prefix=0.000
[depth_angular_controller-1] [INFO] [1791363371.872074184] [depth_angular_controller]: OMNI_DEPTH views=4 azimuth_bins=180 elevation_bins=37 valid=1 certificates=0 short=0 held=0 local_candidates=3 yaw=-20.73
[depth_angular_controller-1] [INFO] [1791363371.872448427] [depth_angular_controller]: PAPER_BUILD reason=FULL_MOTION_CERTIFICATE required=0.0000 best=0.0000 free=0 refined=0 tubes=218 revoked_tubes=0 proofs=128
[depth_angular_controller-1] [INFO] [1791363371.872455751] [depth_angular_controller]: PAPER_EVIDENCE retained=16 balls=32 revoked_balls=0 expired_views=0 evicted_views=208 radius=0.580 clearance=0.000 best_prefix=0.000
[depth_angular_controller-1] [INFO] [1791363372.824028504] [depth_angular_controller]: OMNI_DEPTH views=4 azimuth_bins=180 elevation_bins=37 valid=1 certificates=0 short=0 held=0 local_candidates=1 yaw=0.68
[depth_angular_controller-1] [INFO] [1791363372.824887989] [depth_angular_controller]: PAPER_BUILD reason=FULL_MOTION_CERTIFICATE required=0.0000 best=0.0000 free=0 refined=0 tubes=222 revoked_tubes=0 proofs=128
[depth_angular_controller-1] [INFO] [1791363372.824899741] [depth_angular_controller]: PAPER_EVIDENCE retained=16 balls=32 revoked_balls=0 expired_views=0 evicted_views=212 radius=0.580 clearance=0.000 best_prefix=0.000
[depth_angular_controller-1] [INFO] [1791363373.775725259] [depth_angular_controller]: OMNI_DEPTH views=4 azimuth_bins=180 elevation_bins=37 valid=1 certificates=0 short=0 held=0 local_candidates=1 yaw=0.79
[depth_angular_controller-1] [INFO] [1791363373.776572932] [depth_angular_controller]: PAPER_BUILD reason=FULL_MOTION_CERTIFICATE required=0.0000 best=0.0000 free=0 refined=0 tubes=226 revoked_tubes=0 proofs=128
[depth_angular_controller-1] [INFO] [1791363373.777331237] [depth_angular_controller]: PAPER_EVIDENCE retained=16 balls=32 revoked_balls=0 expired_views=0 evicted_views=216 radius=0.580 clearance=0.000 best_prefix=0.000
[depth_angular_controller-1] [INFO] [1791363373.990967066] [depth_angular_controller]: [PERF CTRL] run=p5_six_final_20261007_default_ego1p5_2 elapsed=73.82s callbacks=3549 commands=3548 guidance=3428 command_fps(ros/wall)=59.90/59.02 guidance_wall_fps=58.69 avoid_ms(mean/p50/p95/max)=1.593/1.158/3.789/30.887 cycle_ms(mean/p95/max)=16.943/21.340/84.045 depth_to_cmd_ms(mean/p95/max)=35.171/50.000/83.333 callback_to_publish_ms(mean/p95/max)=3.503/7.446/35.530
[depth_angular_controller-1] [INFO] [1791363373.991247353] [depth_angular_controller]: EVIDENCE_COST ingest(mean/p95/max)=1.852/5.120/13.827 record=0.016/0.019/0.642 ms
[depth_angular_controller-1] [INFO] [1791363373.991253524] [depth_angular_controller]: EVIDENCE_PHASE per_view_mean_ms balls=0.077 tubes=0.049 history=0.308 eviction=0.001
[position_cmd_to_twist-2] [INFO] [1791363374.650652641] [position_cmd_to_twist]: [PERF BRIDGE] run=p5_six_final_20261007_default_ego1p5_2 elapsed=74.38s received=3589 published=3589 fps(ros/wall)=59.90/59.07 controller_to_bridge_ms(mean/p50/p95/max)=0.149/0.000/0.000/50.000 bridge_process_ms(mean/p95/max)=0.089/0.113/2.026
[NAV] t=60.0s position=(42.62,11.00,4.26) yaw=0.5deg command=(1.91,0.29,-0.48) manual_active=1 collision_blocks=0
[depth_angular_controller-1] [INFO] [1791363374.733742573] [depth_angular_controller]: OMNI_DEPTH views=4 azimuth_bins=180 elevation_bins=37 valid=1 certificates=0 short=0 held=0 local_candidates=2 yaw=5.08
[depth_angular_controller-1] [INFO] [1791363374.734159136] [depth_angular_controller]: PAPER_BUILD reason=FULL_MOTION_CERTIFICATE required=0.0000 best=0.0000 free=0 refined=0 tubes=230 revoked_tubes=0 proofs=128
[depth_angular_controller-1] [INFO] [1791363374.734167131] [depth_angular_controller]: PAPER_EVIDENCE retained=16 balls=32 revoked_balls=0 expired_views=0 evicted_views=220 radius=0.580 clearance=0.000 best_prefix=0.000
[depth_angular_controller-1] [INFO] [1791363375.866485962] [depth_angular_controller]: OMNI_DEPTH views=4 azimuth_bins=180 elevation_bins=37 valid=1 certificates=0 short=0 held=0 local_candidates=3 yaw=8.14
[depth_angular_controller-1] [INFO] [1791363375.866909819] [depth_angular_controller]: PAPER_BUILD reason=FULL_MOTION_CERTIFICATE required=0.0000 best=0.0000 free=0 refined=0 tubes=234 revoked_tubes=0 proofs=128
[depth_angular_controller-1] [INFO] [1791363375.866925929] [depth_angular_controller]: PAPER_EVIDENCE retained=16 balls=32 revoked_balls=0 expired_views=0 evicted_views=224 radius=0.580 clearance=0.000 best_prefix=0.000
[depth_angular_controller-1] [INFO] [1791363376.936133264] [depth_angular_controller]: OMNI_DEPTH views=4 azimuth_bins=180 elevation_bins=37 valid=1 certificates=0 short=0 held=0 local_candidates=3 yaw=9.67
[depth_angular_controller-1] [INFO] [1791363376.936489654] [depth_angular_controller]: PAPER_BUILD reason=FULL_MOTION_CERTIFICATE required=0.0000 best=0.0000 free=0 refined=0 tubes=238 revoked_tubes=0 proofs=128
[depth_angular_controller-1] [INFO] [1791363376.936495345] [depth_angular_controller]: PAPER_EVIDENCE retained=16 balls=32 revoked_balls=0 expired_views=0 evicted_views=228 radius=0.580 clearance=0.000 best_prefix=0.000
[depth_angular_controller-1] [INFO] [1791363377.726081323] [depth_angular_controller]: COMPUTE_DEADLINE
[depth_angular_controller-1] [INFO] [1791363378.346258140] [depth_angular_controller]: PAPER_BUILD reason=STATE_DIRECTION_UNCERTIFIED required=1.8759 best=8.0717 free=569 refined=1 tubes=242 revoked_tubes=0 proofs=128
[depth_angular_controller-1] [INFO] [1791363378.346302693] [depth_angular_controller]: PAPER_EVIDENCE retained=16 balls=32 revoked_balls=0 expired_views=0 evicted_views=232 radius=0.580 clearance=0.000 best_prefix=8.072
[depth_angular_controller-1] [INFO] [1791363378.367621638] [depth_angular_controller]: OMNI_DEPTH views=4 azimuth_bins=180 elevation_bins=37 valid=1 certificates=0 short=0 held=0 local_candidates=1 yaw=65.11
[depth_angular_controller-1] [INFO] [1791363378.370753244] [depth_angular_controller]: DEPTH_PROPOSAL_CERTIFIED
[depth_angular_controller-1] [INFO] [1791363379.007237276] [depth_angular_controller]: [PERF CTRL] run=p5_six_final_20261007_default_ego1p5_2 elapsed=78.84s callbacks=3795 commands=3794 guidance=3674 command_fps(ros/wall)=59.27/58.25 guidance_wall_fps=57.92 avoid_ms(mean/p50/p95/max)=1.912/1.217/4.249/609.129 cycle_ms(mean/p95/max)=17.167/21.412/620.198 depth_to_cmd_ms(mean/p95/max)=34.989/50.000/83.333 callback_to_publish_ms(mean/p95/max)=3.830/7.725/620.056
[depth_angular_controller-1] [INFO] [1791363379.007546046] [depth_angular_controller]: EVIDENCE_COST ingest(mean/p95/max)=1.866/5.105/13.827 record=0.016/0.019/0.642 ms
[depth_angular_controller-1] [INFO] [1791363379.007554242] [depth_angular_controller]: EVIDENCE_PHASE per_view_mean_ms balls=0.078 tubes=0.049 history=0.310 eviction=0.001
[depth_angular_controller-1] [INFO] [1791363379.317610224] [depth_angular_controller]: PAPER_BUILD reason=FULL_MOTION_CERTIFICATE required=0.0000 best=0.0000 free=0 refined=0 tubes=246 revoked_tubes=0 proofs=128
[depth_angular_controller-1] [INFO] [1791363379.317643326] [depth_angular_controller]: PAPER_EVIDENCE retained=16 balls=32 revoked_balls=0 expired_views=0 evicted_views=237 radius=0.580 clearance=0.000 best_prefix=8.072
[depth_angular_controller-1] [INFO] [1791363379.396883653] [depth_angular_controller]: OMNI_DEPTH views=4 azimuth_bins=180 elevation_bins=37 valid=1 certificates=0 short=0 held=0 local_candidates=1 yaw=-0.79
[position_cmd_to_twist-2] [INFO] [1791363379.910961587] [position_cmd_to_twist]: [PERF BRIDGE] run=p5_six_final_20261007_default_ego1p5_2 elapsed=79.64s received=3820 published=3819 fps(ros/wall)=58.87/57.84 controller_to_bridge_ms(mean/p50/p95/max)=0.628/0.000/0.000/516.667 bridge_process_ms(mean/p95/max)=0.089/0.113/2.026
[NAV] t=65.0s position=(49.44,12.29,2.02) yaw=-4.3deg command=(0.09,0.12,-0.02) manual_active=1 collision_blocks=0
[depth_angular_controller-1] [INFO] [1791363380.370486307] [depth_angular_controller]: OMNI_DEPTH views=4 azimuth_bins=180 elevation_bins=37 valid=1 certificates=31 short=1 held=0 local_candidates=0 yaw=-12.95
[depth_angular_controller-1] [INFO] [1791363380.374797439] [depth_angular_controller]: COMPUTE_DEADLINE
[depth_angular_controller-1] [INFO] [1791363380.374987456] [depth_angular_controller]: PAPER_BUILD reason=FULL_MOTION_CERTIFICATE required=0.0000 best=0.0000 free=0 refined=0 tubes=247 revoked_tubes=0 proofs=128
[depth_angular_controller-1] [INFO] [1791363380.374995772] [depth_angular_controller]: PAPER_EVIDENCE retained=16 balls=32 revoked_balls=0 expired_views=0 evicted_views=241 radius=0.580 clearance=0.000 best_prefix=8.072
[depth_angular_controller-1] [INFO] [1791363380.443536662] [depth_angular_controller]: DEPTH_PROPOSAL_CERTIFIED
[depth_angular_controller-1] [INFO] [1791363380.924578179] [depth_angular_controller]: COMPUTE_DEADLINE
[depth_angular_controller-1] [INFO] [1791363381.372716772] [depth_angular_controller]: PAPER_BUILD reason=READY required=0.0100 best=4.0383 free=12 refined=0 tubes=249 revoked_tubes=0 proofs=128
[depth_angular_controller-1] [INFO] [1791363381.372752218] [depth_angular_controller]: PAPER_EVIDENCE retained=16 balls=32 revoked_balls=0 expired_views=0 evicted_views=241 radius=0.580 clearance=0.139 best_prefix=4.038
[depth_angular_controller-1] [INFO] [1791363381.443805369] [depth_angular_controller]: OMNI_DEPTH views=4 azimuth_bins=180 elevation_bins=37 valid=0 certificates=64 short=0 held=0 local_candidates=0 yaw=0.00
[depth_angular_controller-1] [INFO] [1791363382.316212535] [depth_angular_controller]: INCREMENTAL_GOAL_CERTIFIED
[depth_angular_controller-1] [INFO] [1791363382.376165616] [depth_angular_controller]: PAPER_BUILD reason=FULL_MOTION_CERTIFICATE required=0.0000 best=0.0000 free=0 refined=0 tubes=249 revoked_tubes=0 proofs=128
[depth_angular_controller-1] [INFO] [1791363382.376199179] [depth_angular_controller]: PAPER_EVIDENCE retained=16 balls=32 revoked_balls=0 expired_views=0 evicted_views=241 radius=0.580 clearance=0.000 best_prefix=4.038
[depth_angular_controller-1] [INFO] [1791363382.807592542] [depth_angular_controller]: COMPUTE_DEADLINE
[depth_angular_controller-1] [INFO] [1791363382.883967324] [depth_angular_controller]: OMNI_DEPTH views=4 azimuth_bins=180 elevation_bins=37 valid=0 certificates=64 short=0 held=0 local_candidates=0 yaw=0.00
[depth_angular_controller-1] [INFO] [1791363382.887752447] [depth_angular_controller]: INCREMENTAL_GOAL_CERTIFIED
[depth_angular_controller-1] [INFO] [1791363383.325062279] [depth_angular_controller]: COMPUTE_DEADLINE
[depth_angular_controller-1] [INFO] [1791363383.405226563] [depth_angular_controller]: INCREMENTAL_GOAL_CERTIFIED
[depth_angular_controller-1] [INFO] [1791363383.405263012] [depth_angular_controller]: PAPER_BUILD reason=FULL_MOTION_CERTIFICATE required=0.0000 best=0.0000 free=0 refined=0 tubes=250 revoked_tubes=0 proofs=128
[depth_angular_controller-1] [INFO] [1791363383.405273782] [depth_angular_controller]: PAPER_EVIDENCE retained=16 balls=32 revoked_balls=0 expired_views=0 evicted_views=241 radius=0.580 clearance=0.000 best_prefix=4.038
[depth_angular_controller-1] [INFO] [1791363383.840747172] [depth_angular_controller]: COMPUTE_DEADLINE
[depth_angular_controller-1] [INFO] [1791363383.910673265] [depth_angular_controller]: INCREMENTAL_GOAL_CERTIFIED
[depth_angular_controller-1] [INFO] [1791363383.972428473] [depth_angular_controller]: OMNI_DEPTH views=4 azimuth_bins=180 elevation_bins=37 valid=0 certificates=64 short=0 held=0 local_candidates=0 yaw=0.00
[depth_angular_controller-1] [INFO] [1791363384.419452821] [depth_angular_controller]: [PERF CTRL] run=p5_six_final_20261007_default_ego1p5_2 elapsed=84.25s callbacks=3846 commands=3845 guidance=3725 command_fps(ros/wall)=55.62/54.50 guidance_wall_fps=54.11 avoid_ms(mean/p50/p95/max)=3.231/1.231/5.469/609.129 cycle_ms(mean/p95/max)=18.347/22.154/620.198 depth_to_cmd_ms(mean/p95/max)=34.846/50.000/83.333 callback_to_publish_ms(mean/p95/max)=5.175/8.341/620.056
[depth_angular_controller-1] [INFO] [1791363384.420186690] [depth_angular_controller]: EVIDENCE_COST ingest(mean/p95/max)=1.921/5.228/14.945 record=0.028/0.019/2.065 ms
[depth_angular_controller-1] [INFO] [1791363384.420196819] [depth_angular_controller]: EVIDENCE_PHASE per_view_mean_ms balls=0.080 tubes=0.053 history=0.317 eviction=0.001
[depth_angular_controller-1] [INFO] [1791363384.420254618] [depth_angular_controller]: COMPUTE_DEADLINE
[depth_angular_controller-1] [INFO] [1791363384.420261681] [depth_angular_controller]: PAPER_BUILD reason=READY required=0.0100 best=4.0383 free=12 refined=0 tubes=251 revoked_tubes=0 proofs=128
[depth_angular_controller-1] [INFO] [1791363384.420268965] [depth_angular_controller]: PAPER_EVIDENCE retained=16 balls=32 revoked_balls=0 expired_views=0 evicted_views=241 radius=0.580 clearance=0.139 best_prefix=4.038
[position_cmd_to_twist-2] [INFO] [1791363384.668340559] [position_cmd_to_twist]: [PERF BRIDGE] run=p5_six_final_20261007_default_ego1p5_2 elapsed=84.39s received=3845 published=3836 fps(ros/wall)=55.62/54.38 controller_to_bridge_ms(mean/p50/p95/max)=1.855/0.000/0.000/550.000 bridge_process_ms(mean/p95/max)=0.089/0.114/2.026
[NAV] t=70.0s position=(49.48,12.31,2.01) yaw=-4.4deg command=(0.00,0.00,0.00) manual_active=1 collision_blocks=0
[depth_angular_controller-1] [INFO] [1791363384.934326340] [depth_angular_controller]: OMNI_DEPTH views=4 azimuth_bins=180 elevation_bins=37 valid=0 certificates=64 short=0 held=0 local_candidates=0 yaw=0.00
[depth_angular_controller-1] [INFO] [1791363385.301261505] [depth_angular_controller]: PAPER_BUILD reason=READY required=0.0100 best=4.0383 free=12 refined=0 tubes=251 revoked_tubes=0 proofs=128
[depth_angular_controller-1] [INFO] [1791363385.301297152] [depth_angular_controller]: PAPER_EVIDENCE retained=16 balls=32 revoked_balls=0 expired_views=0 evicted_views=241 radius=0.580 clearance=0.138 best_prefix=4.038
[depth_angular_controller-1] [INFO] [1791363385.815027803] [depth_angular_controller]: OMNI_DEPTH views=4 azimuth_bins=180 elevation_bins=37 valid=0 certificates=64 short=0 held=0 local_candidates=0 yaw=0.00
[depth_angular_controller-1] [INFO] [1791363386.188924412] [depth_angular_controller]: PAPER_BUILD reason=READY required=0.0100 best=4.0383 free=12 refined=0 tubes=251 revoked_tubes=0 proofs=128
[depth_angular_controller-1] [INFO] [1791363386.188966250] [depth_angular_controller]: PAPER_EVIDENCE retained=16 balls=32 revoked_balls=0 expired_views=0 evicted_views=241 radius=0.580 clearance=0.138 best_prefix=4.038
[depth_angular_controller-1] [INFO] [1791363386.702788463] [depth_angular_controller]: OMNI_DEPTH views=4 azimuth_bins=180 elevation_bins=37 valid=0 certificates=64 short=0 held=0 local_candidates=0 yaw=0.00
[depth_angular_controller-1] [INFO] [1791363387.076587809] [depth_angular_controller]: PAPER_BUILD reason=READY required=0.0100 best=4.0383 free=12 refined=0 tubes=251 revoked_tubes=0 proofs=128
[depth_angular_controller-1] [INFO] [1791363387.076622113] [depth_angular_controller]: PAPER_EVIDENCE retained=16 balls=32 revoked_balls=0 expired_views=0 evicted_views=241 radius=0.580 clearance=0.138 best_prefix=4.038
[depth_angular_controller-1] [INFO] [1791363387.583846647] [depth_angular_controller]: INCREMENTAL_GOAL_CERTIFIED
[depth_angular_controller-1] [INFO] [1791363387.651975833] [depth_angular_controller]: OMNI_DEPTH views=4 azimuth_bins=180 elevation_bins=37 valid=0 certificates=64 short=0 held=0 local_candidates=0 yaw=0.00
[depth_angular_controller-1] [INFO] [1791363388.021669593] [depth_angular_controller]: COMPUTE_DEADLINE
[depth_angular_controller-1] [INFO] [1791363388.021708686] [depth_angular_controller]: PAPER_BUILD reason=READY required=0.0100 best=4.0383 free=12 refined=0 tubes=251 revoked_tubes=0 proofs=128
[depth_angular_controller-1] [INFO] [1791363388.021719557] [depth_angular_controller]: PAPER_EVIDENCE retained=16 balls=32 revoked_balls=0 expired_views=0 evicted_views=241 radius=0.580 clearance=0.138 best_prefix=4.038
[depth_angular_controller-1] [INFO] [1791363388.541407553] [depth_angular_controller]: OMNI_DEPTH views=4 azimuth_bins=180 elevation_bins=37 valid=0 certificates=64 short=0 held=0 local_candidates=0 yaw=0.00
[depth_angular_controller-1] [INFO] [1791363388.918716334] [depth_angular_controller]: PAPER_BUILD reason=READY required=0.0100 best=4.0383 free=12 refined=0 tubes=251 revoked_tubes=0 proofs=128
[depth_angular_controller-1] [INFO] [1791363388.919134390] [depth_angular_controller]: PAPER_EVIDENCE retained=16 balls=32 revoked_balls=0 expired_views=0 evicted_views=241 radius=0.580 clearance=0.138 best_prefix=4.038
[position_cmd_to_twist-2] [INFO] [1791363388.969189419] [position_cmd_to_twist]: [PERF BRIDGE] run=p5_six_final_20261007_default_ego1p5_2 elapsed=88.70s received=3856 published=3837 fps(ros/wall)=51.87/51.13 controller_to_bridge_ms(mean/p50/p95/max)=3.207/0.000/0.000/550.000 bridge_process_ms(mean/p95/max)=0.089/0.114/2.026
[NAV] t=75.0s position=(49.48,12.31,2.01) yaw=-4.4deg command=(0.00,0.00,0.00) manual_active=1 collision_blocks=0
[depth_angular_controller-1] [INFO] [1791363389.435513578] [depth_angular_controller]: OMNI_DEPTH views=4 azimuth_bins=180 elevation_bins=37 valid=0 certificates=64 short=0 held=0 local_candidates=0 yaw=0.00
[depth_angular_controller-1] [INFO] [1791363389.809088081] [depth_angular_controller]: [PERF CTRL] run=p5_six_final_20261007_default_ego1p5_2 elapsed=89.64s callbacks=3859 commands=3858 guidance=3738 command_fps(ros/wall)=51.17/50.81 guidance_wall_fps=50.36 avoid_ms(mean/p50/p95/max)=4.614/1.233/5.845/609.129 cycle_ms(mean/p95/max)=19.683/22.443/620.198 depth_to_cmd_ms(mean/p95/max)=34.809/50.000/83.333 callback_to_publish_ms(mean/p95/max)=6.554/8.641/620.056
[depth_angular_controller-1] [INFO] [1791363389.809794569] [depth_angular_controller]: EVIDENCE_COST ingest(mean/p95/max)=1.956/5.279/15.122 record=0.032/0.019/2.065 ms
[depth_angular_controller-1] [INFO] [1791363389.809938409] [depth_angular_controller]: EVIDENCE_PHASE per_view_mean_ms balls=0.082 tubes=0.056 history=0.322 eviction=0.001
[depth_angular_controller-1] [INFO] [1791363389.810035251] [depth_angular_controller]: PAPER_BUILD reason=READY required=0.0100 best=4.0383 free=12 refined=0 tubes=251 revoked_tubes=0 proofs=128
[depth_angular_controller-1] [INFO] [1791363389.810129318] [depth_angular_controller]: PAPER_EVIDENCE retained=16 balls=32 revoked_balls=0 expired_views=0 evicted_views=241 radius=0.580 clearance=0.138 best_prefix=4.038
[depth_angular_controller-1] [INFO] [1791363390.747869545] [depth_angular_controller]: OMNI_DEPTH views=4 azimuth_bins=180 elevation_bins=37 valid=0 certificates=64 short=0 held=0 local_candidates=0 yaw=0.00
[depth_angular_controller-1] [INFO] [1791363390.751073757] [depth_angular_controller]: INCREMENTAL_GOAL_CERTIFIED
[depth_angular_controller-1] [INFO] [1791363390.751089025] [depth_angular_controller]: PAPER_BUILD reason=FULL_MOTION_CERTIFICATE required=0.0000 best=0.0000 free=0 refined=0 tubes=251 revoked_tubes=0 proofs=128
[depth_angular_controller-1] [INFO] [1791363390.751096890] [depth_angular_controller]: PAPER_EVIDENCE retained=16 balls=32 revoked_balls=0 expired_views=0 evicted_views=241 radius=0.580 clearance=0.000 best_prefix=4.038
[depth_angular_controller-1] [INFO] [1791363391.200734530] [depth_angular_controller]: COMPUTE_DEADLINE
[depth_angular_controller-1] [INFO] [1791363391.278880801] [depth_angular_controller]: DEPTH_PROPOSAL_CERTIFIED
[depth_angular_controller-1] [INFO] [1791363391.585504222] [depth_angular_controller]: COMPUTE_DEADLINE
[depth_angular_controller-1] [INFO] [1791363391.614811099] [depth_angular_controller]: DEPTH_PROPOSAL_CERTIFIED
[depth_angular_controller-1] [INFO] [1791363391.649187132] [depth_angular_controller]: OMNI_DEPTH views=4 azimuth_bins=180 elevation_bins=37 valid=1 certificates=0 short=0 held=0 local_candidates=1 yaw=-10.38
[depth_angular_controller-1] [INFO] [1791363391.654138377] [depth_angular_controller]: PAPER_BUILD reason=FULL_MOTION_CERTIFICATE required=0.0000 best=0.0000 free=0 refined=0 tubes=256 revoked_tubes=0 proofs=128
[depth_angular_controller-1] [INFO] [1791363391.654160509] [depth_angular_controller]: PAPER_EVIDENCE retained=16 balls=32 revoked_balls=0 expired_views=0 evicted_views=241 radius=0.580 clearance=0.000 best_prefix=4.038
[depth_angular_controller-1] [INFO] [1791363392.122033609] [depth_angular_controller]: COMPUTE_DEADLINE
[depth_angular_controller-1] [INFO] [1791363392.200097906] [depth_angular_controller]: DEPTH_PROPOSAL_CERTIFIED
[depth_angular_controller-1] [INFO] [1791363392.282481250] [depth_angular_controller]: COMPUTE_DEADLINE
[depth_angular_controller-1] [INFO] [1791363392.443839082] [depth_angular_controller]: DEPTH_PROPOSAL_CERTIFIED
[depth_angular_controller-1] [INFO] [1791363392.530935754] [depth_angular_controller]: COMPUTE_DEADLINE
[depth_angular_controller-1] [INFO] [1791363392.597657104] [depth_angular_controller]: DEPTH_PROPOSAL_CERTIFIED
[depth_angular_controller-1] [INFO] [1791363392.691841336] [depth_angular_controller]: OMNI_DEPTH views=4 azimuth_bins=180 elevation_bins=37 valid=1 certificates=0 short=0 held=0 local_candidates=2 yaw=-5.02
[depth_angular_controller-1] [INFO] [1791363392.705488092] [depth_angular_controller]: PAPER_BUILD reason=FULL_MOTION_CERTIFICATE required=0.0000 best=0.0000 free=0 refined=0 tubes=256 revoked_tubes=0 proofs=128
[depth_angular_controller-1] [INFO] [1791363392.705524821] [depth_angular_controller]: PAPER_EVIDENCE retained=16 balls=32 revoked_balls=0 expired_views=0 evicted_views=245 radius=0.580 clearance=0.000 best_prefix=4.038
[depth_angular_controller-1] [INFO] [1791363393.039949159] [depth_angular_controller]: COMPUTE_DEADLINE
[depth_angular_controller-1] [INFO] [1791363393.103572748] [depth_angular_controller]: DEPTH_PROPOSAL_CERTIFIED
[position_cmd_to_twist-2] [INFO] [1791363393.747633720] [position_cmd_to_twist]: [PERF BRIDGE] run=p5_six_final_20261007_default_ego1p5_2 elapsed=93.47s received=3906 published=3882 fps(ros/wall)=48.91/48.62 controller_to_bridge_ms(mean/p50/p95/max)=4.455/0.000/0.000/550.000 bridge_process_ms(mean/p95/max)=0.089/0.114/2.026
[depth_angular_controller-1] [INFO] [1791363393.802154972] [depth_angular_controller]: OMNI_DEPTH views=4 azimuth_bins=180 elevation_bins=37 valid=1 certificates=0 short=0 held=0 local_candidates=2 yaw=-15.38
[depth_angular_controller-1] [INFO] [1791363393.810948418] [depth_angular_controller]: PAPER_BUILD reason=FULL_MOTION_CERTIFICATE required=0.0000 best=0.0000 free=0 refined=0 tubes=256 revoked_tubes=0 proofs=128
[depth_angular_controller-1] [INFO] [1791363393.810973886] [depth_angular_controller]: PAPER_EVIDENCE retained=16 balls=32 revoked_balls=0 expired_views=0 evicted_views=249 radius=0.580 clearance=0.000 best_prefix=4.038
[NAV] t=80.0s position=(50.07,12.18,1.96) yaw=-4.0deg command=(0.68,-0.09,-0.06) manual_active=1 collision_blocks=0
[depth_angular_controller-1] [INFO] [1791363394.826139099] [depth_angular_controller]: [PERF CTRL] run=p5_six_final_20261007_default_ego1p5_2 elapsed=94.66s callbacks=3959 commands=3958 guidance=3838 command_fps(ros/wall)=48.95/48.89 guidance_wall_fps=48.43 avoid_ms(mean/p50/p95/max)=5.425/1.240/8.425/609.129 cycle_ms(mean/p95/max)=20.453/24.529/620.198 depth_to_cmd_ms(mean/p95/max)=34.662/50.000/83.333 callback_to_publish_ms(mean/p95/max)=7.490/10.805/620.056
[depth_angular_controller-1] [INFO] [1791363394.826440305] [depth_angular_controller]: EVIDENCE_COST ingest(mean/p95/max)=2.054/5.673/16.653 record=0.080/0.024/8.869 ms
[depth_angular_controller-1] [INFO] [1791363394.826445364] [depth_angular_controller]: EVIDENCE_PHASE per_view_mean_ms balls=0.085 tubes=0.067 history=0.332 eviction=0.001
[depth_angular_controller-1] [INFO] [1791363394.948393232] [depth_angular_controller]: OMNI_DEPTH views=4 azimuth_bins=180 elevation_bins=37 valid=1 certificates=0 short=0 held=0 local_candidates=1 yaw=-3.70
[depth_angular_controller-1] [INFO] [1791363394.948758469] [depth_angular_controller]: PAPER_BUILD reason=FULL_MOTION_CERTIFICATE required=0.0000 best=0.0000 free=0 refined=0 tubes=256 revoked_tubes=0 proofs=128
[depth_angular_controller-1] [INFO] [1791363394.948770121] [depth_angular_controller]: PAPER_EVIDENCE retained=16 balls=32 revoked_balls=0 expired_views=0 evicted_views=253 radius=0.580 clearance=0.000 best_prefix=4.038
[depth_angular_controller-1] [INFO] [1791363396.033497933] [depth_angular_controller]: OMNI_DEPTH views=4 azimuth_bins=180 elevation_bins=37 valid=1 certificates=0 short=0 held=0 local_candidates=1 yaw=-3.64
[depth_angular_controller-1] [INFO] [1791363396.033831801] [depth_angular_controller]: PAPER_BUILD reason=FULL_MOTION_CERTIFICATE required=0.0000 best=0.0000 free=0 refined=0 tubes=256 revoked_tubes=0 proofs=128
[depth_angular_controller-1] [INFO] [1791363396.033843232] [depth_angular_controller]: PAPER_EVIDENCE retained=16 balls=32 revoked_balls=0 expired_views=0 evicted_views=257 radius=0.580 clearance=0.000 best_prefix=4.038
[depth_angular_controller-1] [INFO] [1791363397.187993141] [depth_angular_controller]: OMNI_DEPTH views=4 azimuth_bins=180 elevation_bins=37 valid=1 certificates=0 short=0 held=0 local_candidates=1 yaw=-3.64
[depth_angular_controller-1] [INFO] [1791363397.188355552] [depth_angular_controller]: PAPER_BUILD reason=FULL_MOTION_CERTIFICATE required=0.0000 best=0.0000 free=0 refined=0 tubes=256 revoked_tubes=0 proofs=128
[depth_angular_controller-1] [INFO] [1791363397.188361112] [depth_angular_controller]: PAPER_EVIDENCE retained=16 balls=32 revoked_balls=0 expired_views=0 evicted_views=261 radius=0.580 clearance=0.000 best_prefix=4.038
[depth_angular_controller-1] [INFO] [1791363398.137471477] [depth_angular_controller]: OMNI_DEPTH views=4 azimuth_bins=180 elevation_bins=37 valid=1 certificates=0 short=0 held=0 local_candidates=1 yaw=-3.64
[depth_angular_controller-1] [INFO] [1791363398.137877951] [depth_angular_controller]: PAPER_BUILD reason=FULL_MOTION_CERTIFICATE required=0.0000 best=0.0000 free=0 refined=0 tubes=256 revoked_tubes=0 proofs=128
[depth_angular_controller-1] [INFO] [1791363398.137897638] [depth_angular_controller]: PAPER_EVIDENCE retained=16 balls=32 revoked_balls=0 expired_views=0 evicted_views=265 radius=0.580 clearance=0.000 best_prefix=4.038
[position_cmd_to_twist-2] [INFO] [1791363399.174570541] [position_cmd_to_twist]: [PERF BRIDGE] run=p5_six_final_20261007_default_ego1p5_2 elapsed=98.90s received=4202 published=4178 fps(ros/wall)=49.48/48.98 controller_to_bridge_ms(mean/p50/p95/max)=4.196/0.000/0.000/550.000 bridge_process_ms(mean/p95/max)=0.089/0.114/2.026
[depth_angular_controller-1] [INFO] [1791363399.223589332] [depth_angular_controller]: OMNI_DEPTH views=4 azimuth_bins=180 elevation_bins=37 valid=1 certificates=0 short=0 held=0 local_candidates=1 yaw=-3.64
[depth_angular_controller-1] [INFO] [1791363399.223951293] [depth_angular_controller]: PAPER_BUILD reason=FULL_MOTION_CERTIFICATE required=0.0000 best=0.0000 free=0 refined=0 tubes=256 revoked_tubes=0 proofs=128
[depth_angular_controller-1] [INFO] [1791363399.223957725] [depth_angular_controller]: PAPER_EVIDENCE retained=16 balls=32 revoked_balls=0 expired_views=0 evicted_views=269 radius=0.580 clearance=0.000 best_prefix=4.038
[NAV] t=85.0s position=(59.28,11.50,2.48) yaw=-3.6deg command=(1.99,-0.13,0.13) manual_active=1 collision_blocks=0
[depth_angular_controller-1] [INFO] [1791363399.826315664] [depth_angular_controller]: [PERF CTRL] run=p5_six_final_20261007_default_ego1p5_2 elapsed=99.66s callbacks=4241 commands=4240 guidance=4120 command_fps(ros/wall)=49.56/49.33 guidance_wall_fps=48.90 avoid_ms(mean/p50/p95/max)=5.091/1.174/7.343/609.129 cycle_ms(mean/p95/max)=20.272/24.429/620.198 depth_to_cmd_ms(mean/p95/max)=34.664/50.000/83.333 callback_to_publish_ms(mean/p95/max)=7.206/10.336/620.056
[depth_angular_controller-1] [INFO] [1791363399.826692492] [depth_angular_controller]: EVIDENCE_COST ingest(mean/p95/max)=2.090/5.884/16.653 record=0.076/0.022/8.869 ms
[depth_angular_controller-1] [INFO] [1791363399.826699916] [depth_angular_controller]: EVIDENCE_PHASE per_view_mean_ms balls=0.084 tubes=0.070 history=0.338 eviction=0.001
[depth_angular_controller-1] [INFO] [1791363400.236193773] [depth_angular_controller]: OMNI_DEPTH views=4 azimuth_bins=180 elevation_bins=37 valid=1 certificates=0 short=0 held=0 local_candidates=1 yaw=-3.64
[depth_angular_controller-1] [INFO] [1791363400.236568978] [depth_angular_controller]: PAPER_BUILD reason=FULL_MOTION_CERTIFICATE required=0.0000 best=0.0000 free=0 refined=0 tubes=256 revoked_tubes=0 proofs=128
[depth_angular_controller-1] [INFO] [1791363400.236576793] [depth_angular_controller]: PAPER_EVIDENCE retained=16 balls=32 revoked_balls=0 expired_views=0 evicted_views=273 radius=0.580 clearance=0.000 best_prefix=4.038
[depth_angular_controller-1] [INFO] [1791363401.249693736] [depth_angular_controller]: OMNI_DEPTH views=4 azimuth_bins=180 elevation_bins=37 valid=1 certificates=0 short=0 held=0 local_candidates=1 yaw=-3.64
[depth_angular_controller-1] [INFO] [1791363401.249911285] [depth_angular_controller]: PAPER_BUILD reason=FULL_MOTION_CERTIFICATE required=0.0000 best=0.0000 free=0 refined=0 tubes=256 revoked_tubes=0 proofs=128
[depth_angular_controller-1] [INFO] [1791363401.249916635] [depth_angular_controller]: PAPER_EVIDENCE retained=16 balls=32 revoked_balls=0 expired_views=0 evicted_views=277 radius=0.580 clearance=0.000 best_prefix=4.038
[depth_angular_controller-1] [INFO] [1791363401.730785077] [depth_angular_controller]: ZERO_INTENT
[BENCHMARK RESULT] ARRIVED sim=86.650s
[PERF ISAAC FINAL] run=p5_six_final_20261007_default_ego1p5_2 result=ARRIVED wall=89.29s sim_frames=5321 fps(sim/wall)=60.02/59.59 command_changes=3976 collision_blocks=0 frame_interval_ms(mean/p50/p95/max)=16.720/15.655/17.690/79.484
[102.251s] Simulation App Shutting Down
[depth_angular_controller-1] [INFO] [1791363403.418212160] [rclcpp]: signal_handler(SIGINT/SIGTERM)
[depth_angular_controller-1] [INFO] [1791363403.419341903] [depth_angular_controller]: [PERF CTRL FINAL] run=p5_six_final_20261007_default_ego1p5_2 elapsed=103.25s callbacks=4427 commands=4426 guidance=4235 command_fps(ros/wall)=49.92/49.77 guidance_wall_fps=49.16 avoid_ms(mean/p50/p95/max)=4.964/1.149/7.225/609.129 cycle_ms(mean/p95/max)=20.092/24.232/620.198 depth_to_cmd_ms(mean/p95/max)=34.683/50.000/83.333 callback_to_publish_ms(mean/p95/max)=6.996/9.817/620.056
[position_cmd_to_twist-2] [INFO] [1791363403.419421773] [position_cmd_to_twist]: [PERF BRIDGE FINAL] run=p5_six_final_20261007_default_ego1p5_2 elapsed=103.15s received=4426 published=4402 fps(ros/wall)=49.92/49.50 controller_to_bridge_ms(mean/p50/p95/max)=3.984/0.000/0.000/550.000 bridge_process_ms(mean/p95/max)=0.089/0.113/2.026
[position_cmd_to_twist-2] Failed to publish log message to rosout: publisher's context is invalid, at ./src/rcl/publisher.c:389
[depth_angular_controller-1] [INFO] [1791363403.419654250] [depth_angular_controller]: EVIDENCE_COST ingest(mean/p95/max)=2.080/5.820/16.653 record=0.074/0.022/8.869 ms
[depth_angular_controller-1] [INFO] [1791363403.419659039] [depth_angular_controller]: EVIDENCE_PHASE per_view_mean_ms balls=0.084 tubes=0.068 history=0.338 eviction=0.001
[INFO] [depth_angular_controller-1]: process has finished cleanly [pid 251171]
[INFO] [position_cmd_to_twist-2]: process has finished cleanly [pid 251173]
