[PERF] run=p5_six_uncertainty_20261007_ego1p5_2 log=/home/starry/isaac-data/EGO1P5/performance/navigation_benchmark_20260929/PERFORMANCE.md
[INPUT] mode=goal scene_mode=cloud
[LOCK] Waiting for shared Isaac navigation slot
[INFO] [launch]: All log files can be found below /tmp/fov_gvf_ego1p5_isaac_ros_log/2026-10-07-16-25-26-210477-starry-System-Product-Name-241796
[INFO] [launch]: Default logging verbosity is set to INFO
[INFO] [depth_angular_controller-1]: process started with pid [241799]
[INFO] [position_cmd_to_twist-2]: process started with pid [241801]
[depth_angular_controller-1] [INFO] [1791361526.245700248] [depth_angular_controller]: PROCESSING_RATES control=60.0 Hz depth_limit=10.0 Hz (0=unlimited)
[depth_angular_controller-1] [INFO] [1791361526.247865447] [depth_angular_controller]: C++ controller commands publish on /position_cmd; horizontal views=4
[ROS CHECK] ROS_DOMAIN_ID=42 /position_cmd publishers=1
Type: pc_gvf_msgs/msg/PositionCommand
Publisher count: 1
Subscription count: 1
/depth_angular_controller
/position_cmd_to_twist
WARNING: All log messages before absl::InitializeLog() is called are written to STDERR
E0000 00:00:1791361527.194888  241840 descriptor_database.cc:633] File already exists in database: grpc/health/v1/health.proto
W0000 00:00:1791361527.194908  241840 message.cc:301] Protobuf GeneratedMessageFactory: File is already registered: grpc/health/v1/health.proto
2026-10-07T08:25:26Z [Info] [carb] Logging to file: /home/starry/isaac-data/isaacsim/kit/logs/Kit/Isaac-Sim Python/6.0/kit_20261007_162526.log
[0.044s] [ext: omni.assets.plugins-0.0.0] startup
[0.044s] [ext: omni.blobkey-1.1.2] startup
[0.044s] [ext: omni.kit.async_engine-0.0.3] startup
[0.313s] [ext: omni.client.lib-1.1.1] startup
[0.321s] [ext: omni.client-1.3.0] startup
[0.323s] [ext: omni.protobuf.lib-1.0.0] startup
[0.324s] [ext: omni.grpc.lib-1.0.0] startup
[0.327s] [ext: omni.metrics.core-0.0.3] startup
[0.327s] [ext: omni.datastore-0.0.0] startup
[0.328s] [ext: omni.gpu_foundation.shadercache.vulkan-1.0.0] startup
[0.330s] [ext: omni.hsscclient-1.1.4] startup
[0.330s] [ext: omni.stats-1.0.1] startup
[0.331s] [ext: omni.ujitso.default-1.0.0] startup
[0.333s] [ext: omni.gpu_foundation-0.0.0] startup
[0.456s] [ext: carb.windowing.plugins-1.0.1] startup
[0.456s] [ext: omni.kit.renderer.init-1.0.1] startup
2026-10-07T08:25:27Z [656ms] [Warning] [omni.rtx] Skipping unsupported non-NVIDIA GPU: AMD Unknown (RADV RAPHAEL_MENDOCINO)
2026-10-07T08:25:27Z [656ms] [Warning] [omni.rtx] Skipping unsupported non-NVIDIA GPU: AMD Unknown (RADV RAPHAEL_MENDOCINO)

|---------------------------------------------------------------------------------------------|
| Driver Version: 580.178.04    | Graphics API: Vulkan
|=============================================================================================|
| GPU | Name                             | Active | LDA | GPU Memory | Vendor-ID | LUID       |
|     |                                  |        |     |            | Device-ID | UUID       |
|     |                                  |        |     |            | Bus-ID    |            |
|---------------------------------------------------------------------------------------------|
| 0   | NVIDIA GeForce RTX 5070          | Yes: 0 |     | 12227   MB | 10de      | 0          |
|     |                                  |        |     |            | 2f04      | 348d89fe.. |
|     |                                  |        |     |            | 1         |            |
|---------------------------------------------------------------------------------------------|
| 1   | AMD Unknown (RADV RAPHAEL_MEND.. |        |     | 10755   MB | 1002      | 0          |
|     |                                  |        |     |            | 13c0      | 00000000.. |
|     |                                  |        |     |            | c         |            |
|=============================================================================================|
| OS: 22.04.5 LTS (Jammy Jellyfish) ubuntu, Version: 22.04.5, Kernel: 6.8.0-138-generic
| XServer Vendor: The X.Org Foundation, XServer Version: 12101004 (1.21.1.4)
| Processor: AMD Ryzen 5 9600X 6-Core Processor
| Cores: 6 | Logical Cores: 12
|---------------------------------------------------------------------------------------------|
| Total Memory (MB): 31241 | Free Memory: 23230
| Total Page/Swap (MB): 15624 | Free Page/Swap: 15624
|---------------------------------------------------------------------------------------------|
2026-10-07T08:25:27Z [863ms] [Warning] [omni.rtx] CPU performance profile is set to powersave. This profile sets the CPU to the lowest frequency reducing performance.
2026-10-07T08:25:27Z [871ms] [Warning] [omni.rtx] IOMMU is enabled.
[0.975s] [ext: omni.kit.pipapi-0.0.0] startup
[0.976s] [ext: omni.kit.pip_archive-0.0.0] startup
[0.976s] [ext: isaacsim.pip.newton-0.6.1] startup
[0.976s] [ext: omni.pip.compute-1.9.2] startup
[0.977s] [ext: omni.isaac.core_archive-5.3.1] startup
[0.977s] [ext: omni.kit.telemetry-0.5.2] startup
[0.995s] [ext: omni.kit.loop-isaac-1.6.0] startup
[0.997s] [ext: omni.kit.test-2.0.7] startup
[1.050s] [ext: omni.materialx.libs-1.0.9] startup
[1.056s] [ext: omni.gpucompute.plugins-0.0.0] startup
[1.057s] [ext: omni.usd.config-1.0.7] startup
[1.060s] [ext: omni.usd.libs-1.0.3] startup
[1.114s] [ext: omni.iray.libs-0.0.1] startup
[1.117s] [ext: omni.mdl-57.0.3] startup
[1.178s] [ext: omni.mdl.neuraylib-0.2.20] startup
[1.180s] [ext: omni.kit.usd.mdl-1.1.9] startup
[1.265s] [ext: omni.appwindow-1.2.2] startup
[1.266s] [ext: omni.kit.renderer.core-1.2.2] startup
2026-10-07T08:25:33Z [6,470ms] [Warning] [carb.windowing-glfw.gamepad] Joystick with unknown remapping detected (will be ignored):  BEITONG BEITONG A2P3A BFM DONGLE [03000000bc2000001c51000011010000]
[6.502s] [ext: omni.kit.renderer.capture-2.0.1] startup
[6.503s] [ext: omni.kit.renderer.imgui-2.0.6] startup
[6.540s] [ext: omni.ui-3.2.0] startup
[6.548s] [ext: omni.kit.mainwindow-1.0.3] startup
[6.548s] [ext: carb.audio-0.1.0] startup
[6.550s] [ext: omni.uiaudio-1.0.0] startup
[6.551s] [ext: omni.kit.uiapp-0.0.0] startup
[6.551s] [ext: omni.usd.schema.metrics.assembler-110.1.0] startup
[6.553s] [ext: omni.usd.schema.audio-0.0.1] startup
[6.556s] [ext: omni.usd_resolver-1.0.0] startup
[6.558s] [ext: omni.usd.core-1.8.3] startup
[6.560s] [ext: omni.metropolis.schema-0.0.3] startup
[6.561s] [ext: isaacsim.anim.robot.schema-0.1.1] startup
[6.561s] [ext: omni.usd.schema.anim-0.0.1] startup
[6.574s] [ext: omni.usd.schema.geospatial-0.0.1] startup
[6.576s] [ext: omni.usd.schema.omnigraph-1.0.1] startup
[6.580s] [ext: omni.usd.schema.semantics-0.0.0] startup
[6.581s] [ext: omni.activity.core-1.0.3] startup
[6.582s] [ext: omni.cubric-0.1.0] startup
[6.582s] [ext: omni.graph.exec-0.9.6] startup
[6.583s] [ext: omni.hydra.scene_delegate-0.3.5] startup
[6.585s] [ext: usdrt.scenegraph-7.6.3] startup
[6.603s] [ext: omni.hydra.usdrt_delegate-7.5.2] startup
[6.606s] [ext: omni.inspect-1.0.2] startup
[6.607s] [ext: omni.kit.actions.core-1.0.0] startup
[6.609s] [ext: omni.kit.audiodeviceenum-1.0.2] startup
[6.609s] [ext: omni.kit.commands-1.5.0] startup
[6.612s] [ext: omni.kit.exec.core-0.13.5] startup
[6.613s] [ext: omni.kit.usd_undo-0.1.8] startup
[6.613s] [ext: omni.kit.window.popup_dialog-2.0.25] startup
[6.615s] [ext: omni.kit.widget.nucleus_connector-2.3.1] startup
[6.617s] [ext: omni.timeline-1.1.0] startup
[6.619s] [ext: omni.usd-1.16.0] startup
[6.642s] [ext: omni.graph.core-3.1.2] startup
[6.645s] [ext: omni.kit.notification_manager-1.0.11] startup
[6.646s] [ext: isaacsim.core.deprecation_manager-0.4.2] startup
[6.647s] [ext: isaacsim.replicator.agent.schema-0.1.1] startup
[6.648s] [ext: isaacsim.robot.schema-6.3.7] startup
[6.651s] [ext: isaacsim.robot_motion.schema-0.2.1] startup
[6.652s] [ext: omni.anim.behavior.schema-110.1.0] startup
[6.655s] [ext: omni.anim.graph.schema-110.1.1] startup
[6.659s] [ext: omni.anim.navigation.schema-110.1.0] startup
[6.661s] [ext: omni.behavior.tree.schema-110.1.0] startup
[6.662s] [ext: omni.isaac.ml_archive-3.3.0] startup
[6.662s] [ext: omni.kit.asset_converter-6.0.1] startup
[6.671s] [ext: omni.pip.cloud-1.5.4] startup
[6.673s] [ext: omni.usd.schema.flow-110.0.0] startup
[6.673s] [ext: omni.usd.schema.mujoco-1.1.1] startup
[6.673s] [ext: omni.usd.schema.newton-1.2.1] startup
[6.674s] [ext: omni.usd.schema.omni_lens_distortion-1.0.0] startup
[6.674s] [ext: omni.usd.schema.omni_projectors-1.0.0] startup
[6.675s] [ext: omni.usd.schema.omni_sensors-0.0.0] startup
[6.681s] [ext: omni.usd.schema.omniscripting-1.0.1] startup
[6.683s] [ext: omni.usd.schema.physical_lighting-0.1.0] startup
[6.686s] [ext: omni.usd.schema.physx-110.1.13] startup
[6.709s] [ext: omni.usd.schema.render_settings.rtx-1.0.2] startup
[6.712s] [ext: omni.usd.schema.usd_particle_field-1.0.0] startup
[6.712s] [ext: isaacsim.core.version-2.1.1] startup
[6.713s] [ext: omni.kit.menu.core-1.2.0] startup
[6.713s] [ext: omni.kit.menu.utils-2.2.4] startup
[6.718s] [ext: isaacsim.app.about-2.3.1] startup
[6.722s] [ext: isaacsim.asset.transformer-1.2.5] startup
[6.725s] [ext: omni.scene.optimizer.core-110.1.0] startup
[6.753s] [ext: isaacsim.asset.importer.utils-1.8.1] startup
[6.755s] [ext: omni.convexdecomposition-110.1.13] startup
[6.757s] [ext: omni.physics-110.1.13] startup
[6.759s] [ext: omni.physx.gpu-110.1.13] startup
[6.759s] [ext: omni.physx.foundation-110.1.13] startup
[6.760s] [ext: omni.usdphysics-110.1.13] startup
[6.761s] [ext: omni.physx.cooking-110.1.13] startup
[6.763s] [ext: omni.physx-110.1.13] startup
[6.770s] [ext: omni.physics.physx-110.1.13] startup
[6.771s] [ext: isaacsim.asset.exporter.urdf-2.0.5] startup
[6.777s] [ext: omni.kit.clipboard-1.1.1] startup
[6.778s] [ext: omni.kit.usd.layers-2.6.1] startup
[6.783s] [ext: omni.kit.widget.context_menu-1.4.0] startup
[6.784s] [ext: omni.kit.context_menu-1.9.0] startup
[6.785s] [ext: omni.kit.helper.file_utils-0.1.10] startup
[6.786s] [ext: omni.kit.widget.nucleus_info-2.0.2] startup
[6.786s] [ext: omni.kit.search_core-1.0.8] startup
[6.787s] [ext: omni.kit.widget.path_field-2.0.13] startup
[6.787s] [ext: omni.kit.widget.browser_bar-2.0.10] startup
[6.788s] [ext: omni.kit.widget.filebrowser-2.13.4] startup
[6.791s] [ext: omni.kit.widget.options_menu-1.1.6] startup
[6.793s] [ext: omni.kit.widget.options_button-1.0.3] startup
[6.794s] [ext: omni.kit.widget.search_delegate-1.0.9] startup
[6.794s] [ext: omni.ui.scene-2.0.3] startup
[6.798s] [ext: omni.kit.window.filepicker-2.15.5] startup
[6.807s] [ext: omni.kit.window.file_importer-1.1.21] startup
[6.808s] [ext: omni.kit.material.library-3.1.2] startup
[6.812s] [ext: isaacsim.asset.transformer.rules-1.7.10] startup
[6.820s] [ext: omni.usdex.libs-2.2.2] startup
[6.825s] [ext: isaacsim.asset.importer.mjcf-3.10.1] startup
[6.827s] [ext: isaacsim.asset.importer.urdf-3.11.2] startup
[6.830s] [ext: omni.kit.primitive.mesh-1.1.0] startup
[6.832s] [ext: omni.kit.stage_template.core-1.1.22] startup
[6.832s] [ext: omni.kit.stage_templates-2.0.2] startup
[6.833s] [ext: omni.usd.metrics.assembler-110.1.2] startup
[6.835s] [ext: omni.warp.core-1.13.0] startup
[7.011s] [ext: isaacsim.core.experimental.utils-0.17.2] startup
[7.012s] [ext: omni.physics.stageupdate-110.1.13] startup
[7.014s] [ext: omni.physics.tensors-110.1.13] startup
[7.017s] [ext: omni.physx.tensors-110.1.13] startup
[7.020s] [ext: isaacsim.core.simulation_manager-1.15.6] startup
[7.030s] [ext: isaacsim.storage.native-1.9.3] startup
[7.031s] [ext: omni.usd.metrics.assembler.physics-110.1.13] startup
[7.032s] [ext: isaacsim.core.utils-4.1.7] startup
[7.033s] [ext: isaacsim.core.prims-0.11.7] startup
[7.897s] [ext: isaacsim.core.api-5.2.13] startup
[7.903s] [ext: isaacsim.core.cloner-1.7.3] startup
[7.904s] [ext: isaacsim.test.docstring-1.3.2] startup
[7.906s] [ext: isaacsim.core.experimental.prims-1.8.9] startup
[7.924s] [ext: isaacsim.core.experimental.primdata-0.3.2] startup
[7.925s] [ext: omni.graph.tools-1.81.0] startup
[7.943s] [ext: omni.graph-1.142.5] startup
[7.973s] [ext: isaacsim.core.experimental.actuators-0.1.2] startup
[7.986s] [ext: isaacsim.core.experimental.materials-0.7.1] startup
[7.989s] [ext: isaacsim.core.experimental.objects-0.8.1] startup
[8.042s] [ext: omni.hydra.engine.stats-1.0.5] startup
[8.044s] [ext: omni.hydra.rtx.shadercache.vulkan-1.0.0] startup
[8.045s] [ext: omni.index.libs-387500.4413.0] startup
[8.045s] [ext: omni.index-1.0.1] startup
[8.046s] [ext: omni.ujitso.client-0.0.0] startup
[8.046s] [ext: omni.usd.schema.playback-1.0.0] startup
[8.048s] [ext: omni.volume-0.5.2] startup
[8.052s] [ext: omni.hydra.rtx-1.0.4] startup
2026-10-07T08:25:34Z [8,042ms] [Warning] [omni.log] Source: omni.hydra was already registered.
[8.074s] [ext: omni.kit.hydra_texture-1.6.0] startup
[8.076s] [ext: omni.kit.raycast.query-1.2.0] startup
[8.080s] [ext: omni.kit.viewport.legacy_gizmos-1.0.24] startup
[8.081s] [ext: omni.kit.viewport.registry-104.0.6] startup
[8.082s] [ext: omni.kit.viewport.scene_camera_model-1.0.7] startup
[8.085s] [ext: omni.kit.widget.viewport-109.2.0] startup
[8.088s] [ext: omni.kit.window.drop_support-1.0.8] startup
[8.089s] [ext: omni.kit.viewport.window-109.0.2] startup
[8.102s] [ext: omni.kit.viewport.utility-2.0.1] startup
[8.103s] [ext: isaacsim.core.rendering_manager-0.4.3] startup
[8.122s] [ext: omni.graph.action_core-1.1.9] startup
[8.123s] [ext: omni.graph.action_nodes_core-2.11.0] startup
[8.125s] [ext: omni.graph.action_nodes-2.11.0] startup
[8.141s] [ext: omni.graph.action-2.10.2] startup
[8.142s] [ext: omni.graph.image.core-0.6.1] startup
[8.142s] [ext: omni.graph.image.nodes-1.3.1] startup
[8.143s] [ext: omni.graph.nodes_core-2.11.0] startup
[8.147s] [ext: omni.graph.nodes-2.12.0] startup
[8.151s] [ext: omni.kit.hotkeys.core-1.3.12] startup
[8.152s] [ext: omni.kit.property.adapter.core-1.1.1] startup
[8.154s] [ext: omni.kit.property.adapter.usd-1.0.5] startup
[8.155s] [ext: omni.kit.widget.filter-1.1.5] startup
[8.156s] [ext: omni.kit.widget.highlight_label-1.0.3] startup
[8.156s] [ext: omni.kit.widget.searchfield-1.1.8] startup
[8.158s] [ext: omni.kit.window.file_exporter-1.0.36] startup
[8.159s] [ext: omni.kit.widget.stage-4.4.0] startup
[8.166s] [ext: omni.kit.window.content_browser_registry-0.0.6] startup
[8.166s] [ext: omni.kit.window.file-2.0.10] startup
[8.169s] [ext: omni.kit.window.content_browser-3.1.8] startup
[8.177s] [ext: omni.kit.window.property-1.15.1] startup
[8.186s] [ext: omni.kit.property.usd-4.9.4] startup
[8.194s] [ext: omni.graph.scriptnode-2.10.2] startup
[8.202s] [ext: omni.kit.widget.searchable_combobox-1.0.7] startup
[8.203s] [ext: omni.kit.widget.settings-2.0.0] startup
[8.204s] [ext: omni.kit.window.preferences-1.8.3] startup
[8.208s] [ext: omni.kit.viewport.menubar.core-107.2.2] startup
[8.218s] [ext: omni.syntheticdata-0.6.15] startup
[8.241s] [ext: omni.replicator.nv-1.1.1] startup
[8.244s] [ext: omni.videoencoding-0.2.1] startup
[8.246s] [ext: omni.replicator.core-1.13.27] startup
2026-10-07T08:25:35Z [8,232ms] [Warning] [pxr.Semantics] pxr.Semantics is deprecated - please use Semantics instead
2026-10-07T08:25:35Z [8,296ms] [Warning] [omni.replicator.core.scripts.extension] No material configuration file, adding configuration to material settings directly.
[8.444s] [ext: isaacsim.core.nodes-5.10.5] startup
[8.469s] [ext: isaacsim.core.throttling-2.3.5] startup
[8.470s] [ext: omni.kit.manipulator.viewport-107.0.1] startup
[8.471s] [ext: omni.graph.visualization.nodes-2.1.4] startup
[8.482s] [ext: omni.kit.window.extensions-1.5.10] startup
[8.487s] [ext: isaacsim.gui.components-1.8.5] startup
[8.491s] [ext: isaacsim.robot.surface_gripper-3.6.2] startup
[8.500s] [ext: isaacsim.robot.manipulators-3.4.4] startup
[8.509s] [ext: isaacsim.robot_motion.lula-4.1.3] startup
[8.515s] [ext: isaacsim.robot_motion.motion_generation-8.2.9] startup
[8.520s] [ext: isaacsim.cortex.framework-1.0.18] startup
[8.521s] [ext: isaacsim.cortex.behaviors-2.0.17] startup
[8.522s] [ext: isaacsim.examples.base-1.3.2] startup
[8.523s] [ext: omni.kit.widget.zoombar-1.0.7] startup
[8.524s] [ext: omni.kit.browser.core-2.3.18] startup
[8.527s] [ext: omni.kit.browser.folder.core-2.0.2] startup
[8.530s] [ext: omni.kit.widget.stage_icons-1.0.8] startup
[8.531s] [ext: omni.kit.window.stage-2.6.1] startup
[8.534s] [ext: omni.kit.menu.stage-1.2.7] startup
[8.535s] [ext: omni.kit.usd.collect-3.0.6] startup
[8.537s] [ext: omni.kit.widget.prompt-1.0.7] startup
[8.538s] [ext: omni.kit.tool.collect-2.2.19] startup
[8.540s] [ext: isaacsim.examples.browser-0.3.2] startup
[8.541s] [ext: omni.kit.search.files-1.0.4] startup
[8.542s] [ext: omni.kit.widget.calendar-1.0.9] startup
[8.543s] [ext: omni.kit.widget.extended_searchfield-1.0.31] startup
[8.549s] [ext: omni.simready.content.browser-0.3.7] startup
[8.637s] [ext: isaacsim.gui.content_browser-0.4.3] startup
[8.639s] [ext: omni.kit.selection-0.1.6] startup
[8.640s] [ext: isaacsim.gui.menu-2.10.5] startup
[8.647s] [ext: isaacsim.gui.property-1.6.4] startup
[8.653s] [ext: omni.kit.viewport.actions-110.0.0] startup
[8.656s] [ext: omni.kit.viewport.menubar.display-107.1.3] startup
[8.658s] [ext: isaacsim.gui.sensors.icon-2.2.1] startup
[8.660s] [ext: omni.behavior.scripting.core-110.1.0] startup
[8.662s] [ext: isaacsim.replicator.behavior-1.5.4] startup
[8.663s] [ext: isaacsim.replicator.experimental.domain_randomization-1.2.5] startup
[8.676s] [ext: isaacsim.replicator.domain_randomization-1.2.2] startup
[8.743s] [ext: isaacsim.replicator.writers-1.5.4] startup
[8.765s] [ext: isaacsim.robot.experimental.wheeled_robots-0.2.11] startup
[8.784s] [ext: isaacsim.robot.policy.examples-5.2.12] startup
[8.801s] [ext: isaacsim.robot.wheeled_robots-5.2.4] startup
[8.804s] [ext: isaacsim.robot.wheeled_robots.nodes-0.1.5] startup
[8.820s] [ext: isaacsim.robot_motion.experimental.motion_generation-6.1.3] startup
[8.830s] [ext: isaacsim.robot_motion.cumotion-1.3.1] startup
[8.842s] [ext: omni.kit.numpy.common-0.1.3] startup
[8.844s] [ext: isaacsim.sensors.camera-1.7.9] startup
[8.871s] [ext: isaacsim.sensors.experimental.physics-3.0.2] startup
[8.878s] [ext: omni.sensors.net-1.0.1] startup
[8.879s] [ext: omni.sensors.nv.common-3.0.0] startup
[8.888s] [ext: omni.sensors.nv.materials-2.0.0] startup
[8.891s] [ext: omni.sensors.nv.acoustic-3.0.0] startup
[8.893s] [ext: omni.sensors.nv.ids-2.0.1] startup
[8.894s] [ext: omni.sensors.nv.lidar-3.0.0] startup
[8.897s] [ext: omni.sensors.nv.radar-3.0.0] startup
[8.899s] [ext: isaacsim.sensors.experimental.rtx-1.4.6] startup
[9.124s] [ext: isaacsim.sensors.physics.nodes-1.5.3] startup
[9.129s] [ext: isaacsim.util.debug_draw-3.2.3] startup
[9.134s] [ext: isaacsim.sensors.physx-2.5.5] startup
[9.140s] [ext: isaacsim.sensors.rtx-15.17.1] startup
[9.148s] [ext: isaacsim.simulation_app-2.18.4] startup
[9.149s] [ext: omni.anim.curve.core-1.6.0] startup
[9.157s] [ext: omni.graph.ui_nodes-2.11.1] startup
[9.177s] [ext: omni.hydra.scene_api-0.1.3] startup
[9.180s] [ext: omni.kit.manipulator.camera-110.0.0] startup
[9.183s] [ext: omni.kit.manipulator.selector-1.1.4] startup
[9.184s] [ext: omni.kit.manipulator.transform-107.0.0] startup
[9.187s] [ext: omni.kit.widget.toolbar-2.1.0] startup
[9.192s] [ext: omni.kit.manipulator.tool.snap-1.5.14] startup
[9.196s] [ext: omni.kit.viewport.manipulator.transform-107.0.4] startup
[9.197s] [ext: omni.kit.manipulator.prim.core-108.0.2] startup
[9.202s] [ext: omni.kit.manipulator.prim.usd-107.0.3] startup
[9.203s] [ext: omni.kit.manipulator.prim-108.0.0] startup
[9.203s] [ext: omni.kit.manipulator.selection-109.0.1] startup
[9.204s] [ext: omni.kit.menu.create-2.0.2] startup
[9.205s] [ext: omni.kit.property.audio-1.0.16] startup
[9.208s] [ext: omni.kit.property.camera-1.0.14] startup
[9.209s] [ext: omni.kit.property.geometry-2.1.2] startup
[9.212s] [ext: omni.kit.property.light-1.0.14] startup
2026-10-07T08:25:36Z [9,213ms] [Warning] [omni.usd] Encountered USD Warnings but USD Diagnostics are currently muted. To view USD Warnings, please set the '/persistent/app/usd/muteUsdDiagnostics' setting to false in Preferences page.
[9.239s] [ext: omni.kit.property.material-1.14.6] startup
[9.243s] [ext: omni.kit.property.render-1.2.2] startup
[9.244s] [ext: omni.kit.property.transform-1.6.9] startup
[9.247s] [ext: omni.kit.property.bundle-1.5.1] startup
[9.248s] [ext: omni.kit.usdz_export-1.1.0] startup
[9.250s] [ext: omni.kit.tool.asset_importer-6.0.1] startup
[9.254s] [ext: omni.kit.ui.actions-1.0.5] startup
[9.256s] [ext: omni.kit.viewport.menubar.camera-107.0.10] startup
[9.260s] [ext: omni.kit.viewport.menubar.lighting-107.3.2] startup
[9.262s] [ext: omni.kit.viewport.menubar.render-110.0.0] startup
[9.264s] [ext: omni.kit.viewport.menubar.settings-110.0.1] startup
[9.266s] [ext: omni.kit.window.console-1.1.9] startup
[9.269s] [ext: omni.kit.window.status_bar-0.1.11] startup
[9.271s] [ext: omni.kit.window.toolbar-3.0.3] startup
[9.273s] [ext: omni.ocio-0.1.1] startup
[9.274s] [ext: omni.physx.commands-110.1.13] startup
[9.277s] [ext: omni.replicator.replicator_yaml-2.0.12] startup
[9.285s] [ext: omni.rtx.window.settings-0.8.0] startup
[9.290s] [ext: omni.rtx.settings.core-0.7.1] startup
[9.292s] [ext: omni.usd.metrics.assembler.ui-110.1.1] startup
[9.298s] [ext: semantics.schema.editor-2.0.2] startup
[9.301s] [ext: semantics.schema.property-2.0.2] startup
[9.302s] [ext: omni.kit.menu.common-2.0.2] startup
[9.303s] [ext: isaacsim.exp.base-6.0.1] startup
[9.303s] [ext: isaacsim.exp.base.python-6.0.1] startup
[9.304s] Simulation App Starting
[10.346s] Simulation App Startup Complete
[10.350s] app ready
Starting kit application with the following args:  ['/home/starry/isaac-data/isaacsim/exts/isaacsim.simulation_app/isaacsim/simulation_app/simulation_app.py', '/home/starry/isaac-data/isaacsim/apps/isaacsim.exp.base.python.kit', '--/app/tokens/exe-path=/home/starry/isaac-data/isaacsim/kit', '--/persistent/app/viewport/displayOptions=3094', '--/rtx/materialDb/syncLoads=True', '--/rtx/hydra/materialSyncLoads=True', '--/omni/kit/plugin/syncUsdLoads=True', '--/app/renderer/resolution/width=1280', '--/app/renderer/resolution/height=720', '--/app/window/width=1440', '--/app/window/height=900', '--/renderer/multiGpu/enabled=False', '--/app/fastShutdown=True', '--/app/installSignalHandlers=0', '--ext-folder', '/home/starry/isaac-data/isaacsim/exts', '--ext-folder', '/home/starry/isaac-data/isaacsim/apps', '--/renderer/activeGpu=0', '--/physics/cudaDevice=0', '--/plugins/carb.tasking.plugin/threadCount=12', '--/plugins/omni.tbb.globalcontrol/maxThreadCount=12', '--portable', '--no-window', '--/app/window/hideUi=1']
Passing the following args to the base kit application:  []
Warp 1.13.0 initialized:
   CUDA Toolkit 12.9, Driver 13.0
   Devices:
     "cpu"      : "x86_64"
     "cuda:0"   : "NVIDIA GeForce RTX 5070" (11 GiB, sm_120, mempool enabled)
   Kernel cache:
     /home/starry/.cache/warp/1.13.0
[LIGHTING] sun=800.0 (1) dome=0.0 (1) ambient=0.05 constant_color=(0.6, 0.65, 0.7)
[RENDER] mode=MinimalRendering minimal_shading_mode=2 anti_aliasing=TAA
[DEPTH CAMERAS] count=4 resolution_each=320x240 horizontal_coverage=360deg
[ESDF] path=/home/starry/isaac-data/EGO1P5/scenes/ego_swarm_cloud/occupancy.bin shape=(400, 300, 50) resolution=0.40m
[depth_angular_controller-1] [INFO] [1791361539.583441103] [depth_angular_controller]: WAITING_ODOMETRY
[NAV] t=0.0s position=(-64.00,-11.20,2.80) yaw=1.2deg command=(0.00,0.00,0.00) manual_active=0 collision_blocks=0
[depth_angular_controller-1] [INFO] [1791361539.957968357] [depth_angular_controller]: WAITING_VERIFIED_START_POSE
[depth_angular_controller-1] [INFO] [1791361539.994965105] [depth_angular_controller]: VERIFIED_FREE_SEED center=(-64.000,-11.200,2.800) radius=2.500 balls=1: verified fixed Cloud free ball; USD and occupancy SHA-256 matched
[depth_angular_controller-1] [INFO] [1791361539.995098947] [depth_angular_controller]: ZERO_INTENT
[depth_angular_controller-1] [INFO] [1791361541.817254306] [depth_angular_controller]: OMNI_DEPTH views=4 azimuth_bins=180 elevation_bins=37 valid=1 certificates=0 short=0 held=0 local_candidates=3 yaw=21.12
[depth_angular_controller-1] [INFO] [1791361541.817349625] [depth_angular_controller]: DEPTH_PROPOSAL_CERTIFIED
[depth_angular_controller-1] [INFO] [1791361541.817356358] [depth_angular_controller]: PAPER_BUILD reason=FULL_MOTION_CERTIFICATE required=0.0000 best=0.0000 free=0 refined=0 tubes=0 revoked_tubes=0 proofs=0
[depth_angular_controller-1] [INFO] [1791361541.817362600] [depth_angular_controller]: PAPER_EVIDENCE retained=8 balls=1 revoked_balls=0 expired_views=0 evicted_views=0 radius=0.580 clearance=0.000 best_prefix=0.000
[depth_angular_controller-1] [INFO] [1791361542.833169478] [depth_angular_controller]: OMNI_DEPTH views=4 azimuth_bins=180 elevation_bins=37 valid=1 certificates=0 short=0 held=0 local_candidates=3 yaw=20.58
[depth_angular_controller-1] [INFO] [1791361542.833258255] [depth_angular_controller]: PAPER_BUILD reason=FULL_MOTION_CERTIFICATE required=0.0000 best=0.0000 free=0 refined=0 tubes=1 revoked_tubes=0 proofs=51
[depth_angular_controller-1] [INFO] [1791361542.833266902] [depth_angular_controller]: PAPER_EVIDENCE retained=12 balls=4 revoked_balls=0 expired_views=0 evicted_views=0 radius=0.580 clearance=0.000 best_prefix=0.000
[10.884s] [ext: isaacsim.sensors.rtx.nodes-0.1.2] startup
[10.892s] [ext: isaacsim.ros2.core-1.9.4] startup
[10.906s] Attempting to load system rclpy
[10.906s] Could not import system rclpy: No module named 'rclpy'
[10.906s] Attempting to load internal rclpy for ROS Distro: humble
[10.918s] rclpy loaded
[10.921s] [ext: isaacsim.ros2.nodes-1.18.13] startup
[10.956s] [ext: isaacsim.ros2.examples-1.2.4] startup
[10.960s] [ext: isaacsim.ros2.ui-1.6.5] startup
[11.175s] [ext: isaacsim.ros2.bridge-5.1.2] startup
2026-10-07T08:25:39Z [13,109ms] [Warning] [omni.timeline.plugin] Deprecated: direct use of ITimeline callbacks is deprecated. Use ITimeline::getTimeline (Python: omni.timeline.get_timeline_interface) instead.
[depth_angular_controller-1] [INFO] [1791361543.866921993] [depth_angular_controller]: OMNI_DEPTH views=4 azimuth_bins=180 elevation_bins=37 valid=1 certificates=0 short=0 held=0 local_candidates=3 yaw=8.93
[depth_angular_controller-1] [INFO] [1791361543.867224651] [depth_angular_controller]: PAPER_BUILD reason=FULL_MOTION_CERTIFICATE required=0.0000 best=0.0000 free=0 refined=0 tubes=4 revoked_tubes=0 proofs=108
[depth_angular_controller-1] [INFO] [1791361543.867233438] [depth_angular_controller]: PAPER_EVIDENCE retained=15 balls=15 revoked_balls=0 expired_views=0 evicted_views=0 radius=0.580 clearance=0.000 best_prefix=0.000
[position_cmd_to_twist-2] [INFO] [1791361544.751738009] [position_cmd_to_twist]: [PERF BRIDGE] run=p5_six_uncertainty_20261007_ego1p5_2 elapsed=18.39s received=294 published=294 fps(ros/wall)=59.80/61.43 controller_to_bridge_ms(mean/p50/p95/max)=0.000/0.000/0.000/0.000 bridge_process_ms(mean/p95/max)=0.091/0.121/0.482
[NAV] t=5.0s position=(-60.31,-10.13,2.79) yaw=9.7deg command=(1.97,0.34,-0.00) manual_active=1 collision_blocks=0
[depth_angular_controller-1] [INFO] [1791361544.824411355] [depth_angular_controller]: OMNI_DEPTH views=4 azimuth_bins=180 elevation_bins=37 valid=1 certificates=0 short=0 held=0 local_candidates=1 yaw=9.74
[depth_angular_controller-1] [INFO] [1791361544.824675361] [depth_angular_controller]: PAPER_BUILD reason=FULL_MOTION_CERTIFICATE required=0.0000 best=0.0000 free=0 refined=0 tubes=8 revoked_tubes=0 proofs=128
[depth_angular_controller-1] [INFO] [1791361544.824683616] [depth_angular_controller]: PAPER_EVIDENCE retained=16 balls=30 revoked_balls=0 expired_views=0 evicted_views=3 radius=0.580 clearance=0.000 best_prefix=0.000
[depth_angular_controller-1] [INFO] [1791361544.969800085] [depth_angular_controller]: [PERF CTRL] run=p5_six_uncertainty_20261007_ego1p5_2 elapsed=18.72s callbacks=310 commands=309 guidance=189 command_fps(ros/wall)=59.81/61.45 guidance_wall_fps=59.62 avoid_ms(mean/p50/p95/max)=0.896/0.777/1.651/2.908 cycle_ms(mean/p95/max)=16.272/20.894/76.936 depth_to_cmd_ms(mean/p95/max)=54.233/100.000/116.667 callback_to_publish_ms(mean/p95/max)=1.730/5.420/13.486
[depth_angular_controller-1] [INFO] [1791361544.969865508] [depth_angular_controller]: EVIDENCE_COST ingest(mean/p95/max)=1.097/4.643/13.425 record=0.011/0.017/0.031 ms
[depth_angular_controller-1] [INFO] [1791361544.969872301] [depth_angular_controller]: EVIDENCE_PHASE per_view_mean_ms balls=0.050 tubes=0.008 history=0.189 eviction=0.000
[depth_angular_controller-1] [INFO] [1791361545.787269716] [depth_angular_controller]: OMNI_DEPTH views=4 azimuth_bins=180 elevation_bins=37 valid=1 certificates=0 short=0 held=0 local_candidates=1 yaw=9.74
[depth_angular_controller-1] [INFO] [1791361545.787561936] [depth_angular_controller]: PAPER_BUILD reason=FULL_MOTION_CERTIFICATE required=0.0000 best=0.0000 free=0 refined=0 tubes=12 revoked_tubes=0 proofs=128
[depth_angular_controller-1] [INFO] [1791361545.787571914] [depth_angular_controller]: PAPER_EVIDENCE retained=16 balls=32 revoked_balls=0 expired_views=0 evicted_views=7 radius=0.580 clearance=0.000 best_prefix=0.000
[depth_angular_controller-1] [INFO] [1791361546.824729428] [depth_angular_controller]: OMNI_DEPTH views=4 azimuth_bins=180 elevation_bins=37 valid=1 certificates=0 short=0 held=0 local_candidates=2 yaw=30.63
[depth_angular_controller-1] [INFO] [1791361546.824976241] [depth_angular_controller]: PAPER_BUILD reason=FULL_MOTION_CERTIFICATE required=0.0000 best=0.0000 free=0 refined=0 tubes=16 revoked_tubes=0 proofs=128
[depth_angular_controller-1] [INFO] [1791361546.824981652] [depth_angular_controller]: PAPER_EVIDENCE retained=16 balls=32 revoked_balls=0 expired_views=0 evicted_views=11 radius=0.580 clearance=0.000 best_prefix=0.000
[depth_angular_controller-1] [INFO] [1791361547.858235990] [depth_angular_controller]: OMNI_DEPTH views=4 azimuth_bins=180 elevation_bins=37 valid=1 certificates=0 short=0 held=0 local_candidates=3 yaw=6.33
[depth_angular_controller-1] [INFO] [1791361547.858498834] [depth_angular_controller]: PAPER_BUILD reason=FULL_MOTION_CERTIFICATE required=0.0000 best=0.0000 free=0 refined=0 tubes=20 revoked_tubes=0 proofs=128
[depth_angular_controller-1] [INFO] [1791361547.858504705] [depth_angular_controller]: PAPER_EVIDENCE retained=16 balls=32 revoked_balls=0 expired_views=0 evicted_views=15 radius=0.580 clearance=0.000 best_prefix=0.000
[depth_angular_controller-1] [INFO] [1791361548.946230161] [depth_angular_controller]: OMNI_DEPTH views=4 azimuth_bins=180 elevation_bins=37 valid=1 certificates=0 short=0 held=0 local_candidates=2 yaw=-4.78
[depth_angular_controller-1] [INFO] [1791361548.946500118] [depth_angular_controller]: PAPER_BUILD reason=FULL_MOTION_CERTIFICATE required=0.0000 best=0.0000 free=0 refined=0 tubes=25 revoked_tubes=0 proofs=128
[depth_angular_controller-1] [INFO] [1791361548.946507853] [depth_angular_controller]: PAPER_EVIDENCE retained=16 balls=32 revoked_balls=0 expired_views=0 evicted_views=19 radius=0.580 clearance=0.000 best_prefix=0.000
[position_cmd_to_twist-2] [INFO] [1791361549.955047474] [position_cmd_to_twist]: [PERF BRIDGE] run=p5_six_uncertainty_20261007_ego1p5_2 elapsed=23.60s received=594 published=594 fps(ros/wall)=59.90/59.41 controller_to_bridge_ms(mean/p50/p95/max)=0.000/0.000/0.000/0.000 bridge_process_ms(mean/p95/max)=0.090/0.114/0.482
[depth_angular_controller-1] [INFO] [1791361549.976207049] [depth_angular_controller]: [PERF CTRL] run=p5_six_uncertainty_20261007_ego1p5_2 elapsed=23.73s callbacks=597 commands=596 guidance=476 command_fps(ros/wall)=59.90/59.39 guidance_wall_fps=58.21 avoid_ms(mean/p50/p95/max)=1.269/0.944/2.693/9.967 cycle_ms(mean/p95/max)=16.837/21.768/83.094 depth_to_cmd_ms(mean/p95/max)=47.164/83.333/116.667 callback_to_publish_ms(mean/p95/max)=2.633/6.769/13.486
[depth_angular_controller-1] [INFO] [1791361549.976282962] [depth_angular_controller]: EVIDENCE_COST ingest(mean/p95/max)=1.525/5.173/13.425 record=0.014/0.018/0.280 ms
[depth_angular_controller-1] [INFO] [1791361549.976287521] [depth_angular_controller]: EVIDENCE_PHASE per_view_mean_ms balls=0.058 tubes=0.039 history=0.257 eviction=0.000
[NAV] t=10.0s position=(-50.65,-8.63,2.36) yaw=9.8deg command=(1.97,-0.29,-0.09) manual_active=1 collision_blocks=0
[depth_angular_controller-1] [INFO] [1791361550.036927743] [depth_angular_controller]: OMNI_DEPTH views=4 azimuth_bins=180 elevation_bins=37 valid=1 certificates=0 short=0 held=0 local_candidates=3 yaw=-9.72
[depth_angular_controller-1] [INFO] [1791361550.037182632] [depth_angular_controller]: PAPER_BUILD reason=FULL_MOTION_CERTIFICATE required=0.0000 best=0.0000 free=0 refined=0 tubes=29 revoked_tubes=0 proofs=128
[depth_angular_controller-1] [INFO] [1791361550.037188523] [depth_angular_controller]: PAPER_EVIDENCE retained=16 balls=32 revoked_balls=0 expired_views=0 evicted_views=23 radius=0.580 clearance=0.000 best_prefix=0.000
[depth_angular_controller-1] [INFO] [1791361551.199587193] [depth_angular_controller]: OMNI_DEPTH views=4 azimuth_bins=180 elevation_bins=37 valid=1 certificates=0 short=0 held=0 local_candidates=2 yaw=-9.87
[depth_angular_controller-1] [INFO] [1791361551.199874443] [depth_angular_controller]: PAPER_BUILD reason=FULL_MOTION_CERTIFICATE required=0.0000 best=0.0000 free=0 refined=0 tubes=33 revoked_tubes=0 proofs=128
[depth_angular_controller-1] [INFO] [1791361551.199881977] [depth_angular_controller]: PAPER_EVIDENCE retained=16 balls=32 revoked_balls=0 expired_views=0 evicted_views=27 radius=0.580 clearance=0.000 best_prefix=0.000
[depth_angular_controller-1] [INFO] [1791361552.231287571] [depth_angular_controller]: OMNI_DEPTH views=4 azimuth_bins=180 elevation_bins=37 valid=1 certificates=0 short=0 held=0 local_candidates=2 yaw=-19.42
[depth_angular_controller-1] [INFO] [1791361552.231587915] [depth_angular_controller]: PAPER_BUILD reason=FULL_MOTION_CERTIFICATE required=0.0000 best=0.0000 free=0 refined=0 tubes=37 revoked_tubes=0 proofs=128
[depth_angular_controller-1] [INFO] [1791361552.231593987] [depth_angular_controller]: PAPER_EVIDENCE retained=16 balls=32 revoked_balls=0 expired_views=0 evicted_views=31 radius=0.580 clearance=0.000 best_prefix=0.000
[depth_angular_controller-1] [INFO] [1791361553.277071155] [depth_angular_controller]: OMNI_DEPTH views=4 azimuth_bins=180 elevation_bins=37 valid=1 certificates=0 short=0 held=0 local_candidates=2 yaw=11.80
[depth_angular_controller-1] [INFO] [1791361553.277346482] [depth_angular_controller]: PAPER_BUILD reason=FULL_MOTION_CERTIFICATE required=0.0000 best=0.0000 free=0 refined=0 tubes=41 revoked_tubes=0 proofs=128
[depth_angular_controller-1] [INFO] [1791361553.277352424] [depth_angular_controller]: PAPER_EVIDENCE retained=16 balls=32 revoked_balls=0 expired_views=0 evicted_views=35 radius=0.580 clearance=0.000 best_prefix=0.000
[depth_angular_controller-1] [INFO] [1791361554.254385915] [depth_angular_controller]: OMNI_DEPTH views=4 azimuth_bins=180 elevation_bins=37 valid=1 certificates=0 short=0 held=0 local_candidates=3 yaw=31.97
[depth_angular_controller-1] [INFO] [1791361554.254695888] [depth_angular_controller]: PAPER_BUILD reason=FULL_MOTION_CERTIFICATE required=0.0000 best=0.0000 free=0 refined=0 tubes=45 revoked_tubes=0 proofs=128
[depth_angular_controller-1] [INFO] [1791361554.254704033] [depth_angular_controller]: PAPER_EVIDENCE retained=16 balls=32 revoked_balls=0 expired_views=0 evicted_views=39 radius=0.580 clearance=0.000 best_prefix=0.000
[depth_angular_controller-1] [INFO] [1791361554.986108501] [depth_angular_controller]: [PERF CTRL] run=p5_six_uncertainty_20261007_ego1p5_2 elapsed=28.74s callbacks=878 commands=877 guidance=757 command_fps(ros/wall)=59.86/58.29 guidance_wall_fps=57.41 avoid_ms(mean/p50/p95/max)=1.698/1.393/4.087/17.034 cycle_ms(mean/p95/max)=17.155/22.424/83.094 depth_to_cmd_ms(mean/p95/max)=45.288/66.667/116.667 callback_to_publish_ms(mean/p95/max)=3.258/7.765/19.125
[depth_angular_controller-1] [INFO] [1791361554.986210031] [depth_angular_controller]: EVIDENCE_COST ingest(mean/p95/max)=1.690/5.543/13.425 record=0.014/0.019/0.280 ms
[depth_angular_controller-1] [INFO] [1791361554.986216994] [depth_angular_controller]: EVIDENCE_PHASE per_view_mean_ms balls=0.067 tubes=0.060 history=0.269 eviction=0.001
[position_cmd_to_twist-2] [INFO] [1791361555.264339524] [position_cmd_to_twist]: [PERF BRIDGE] run=p5_six_uncertainty_20261007_ego1p5_2 elapsed=28.91s received=893 published=893 fps(ros/wall)=59.87/58.33 controller_to_bridge_ms(mean/p50/p95/max)=0.037/0.000/0.000/16.667 bridge_process_ms(mean/p95/max)=0.091/0.120/0.482
[NAV] t=15.0s position=(-41.26,-8.76,3.08) yaw=10.7deg command=(1.77,0.85,0.34) manual_active=1 collision_blocks=0
[depth_angular_controller-1] [INFO] [1791361555.346506601] [depth_angular_controller]: OMNI_DEPTH views=4 azimuth_bins=180 elevation_bins=37 valid=1 certificates=0 short=0 held=0 local_candidates=3 yaw=19.95
[depth_angular_controller-1] [INFO] [1791361555.346765107] [depth_angular_controller]: PAPER_BUILD reason=FULL_MOTION_CERTIFICATE required=0.0000 best=0.0000 free=0 refined=0 tubes=49 revoked_tubes=0 proofs=128
[depth_angular_controller-1] [INFO] [1791361555.346773172] [depth_angular_controller]: PAPER_EVIDENCE retained=16 balls=32 revoked_balls=0 expired_views=0 evicted_views=43 radius=0.580 clearance=0.000 best_prefix=0.000
[depth_angular_controller-1] [INFO] [1791361556.353515245] [depth_angular_controller]: OMNI_DEPTH views=4 azimuth_bins=180 elevation_bins=37 valid=1 certificates=0 short=0 held=0 local_candidates=3 yaw=42.82
[depth_angular_controller-1] [INFO] [1791361556.353809108] [depth_angular_controller]: PAPER_BUILD reason=FULL_MOTION_CERTIFICATE required=0.0000 best=0.0000 free=0 refined=0 tubes=53 revoked_tubes=0 proofs=128
[depth_angular_controller-1] [INFO] [1791361556.353822423] [depth_angular_controller]: PAPER_EVIDENCE retained=16 balls=32 revoked_balls=0 expired_views=0 evicted_views=45 radius=0.580 clearance=0.000 best_prefix=0.000
[depth_angular_controller-1] [INFO] [1791361557.313736491] [depth_angular_controller]: OMNI_DEPTH views=4 azimuth_bins=180 elevation_bins=37 valid=1 certificates=0 short=0 held=0 local_candidates=3 yaw=42.35
[depth_angular_controller-1] [INFO] [1791361557.315390550] [depth_angular_controller]: PAPER_BUILD reason=FULL_MOTION_CERTIFICATE required=0.0000 best=0.0000 free=0 refined=0 tubes=57 revoked_tubes=0 proofs=128
[depth_angular_controller-1] [INFO] [1791361557.315420827] [depth_angular_controller]: PAPER_EVIDENCE retained=16 balls=32 revoked_balls=0 expired_views=0 evicted_views=48 radius=0.580 clearance=0.000 best_prefix=0.000
[depth_angular_controller-1] [INFO] [1791361558.268946730] [depth_angular_controller]: OMNI_DEPTH views=4 azimuth_bins=180 elevation_bins=37 valid=1 certificates=0 short=0 held=0 local_candidates=3 yaw=35.26
[depth_angular_controller-1] [INFO] [1791361558.269251352] [depth_angular_controller]: PAPER_BUILD reason=FULL_MOTION_CERTIFICATE required=0.0000 best=0.0000 free=0 refined=0 tubes=61 revoked_tubes=0 proofs=128
[depth_angular_controller-1] [INFO] [1791361558.269264046] [depth_angular_controller]: PAPER_EVIDENCE retained=16 balls=32 revoked_balls=0 expired_views=0 evicted_views=52 radius=0.580 clearance=0.000 best_prefix=0.000
[depth_angular_controller-1] [INFO] [1791361559.413018679] [depth_angular_controller]: OMNI_DEPTH views=4 azimuth_bins=180 elevation_bins=37 valid=1 certificates=0 short=0 held=0 local_candidates=3 yaw=30.54
[depth_angular_controller-1] [INFO] [1791361559.413319083] [depth_angular_controller]: PAPER_BUILD reason=FULL_MOTION_CERTIFICATE required=0.0000 best=0.0000 free=0 refined=0 tubes=65 revoked_tubes=0 proofs=128
[depth_angular_controller-1] [INFO] [1791361559.413326758] [depth_angular_controller]: PAPER_EVIDENCE retained=16 balls=32 revoked_balls=0 expired_views=0 evicted_views=56 radius=0.580 clearance=0.000 best_prefix=0.000
[depth_angular_controller-1] [INFO] [1791361559.995805738] [depth_angular_controller]: [PERF CTRL] run=p5_six_uncertainty_20261007_ego1p5_2 elapsed=33.75s callbacks=1177 commands=1176 guidance=1056 command_fps(ros/wall)=59.90/58.64 guidance_wall_fps=58.03 avoid_ms(mean/p50/p95/max)=1.640/1.277/3.734/17.034 cycle_ms(mean/p95/max)=17.053/22.124/83.094 depth_to_cmd_ms(mean/p95/max)=46.039/83.333/116.667 callback_to_publish_ms(mean/p95/max)=3.205/7.475/19.125
[depth_angular_controller-1] [INFO] [1791361559.995924451] [depth_angular_controller]: EVIDENCE_COST ingest(mean/p95/max)=1.624/5.429/13.425 record=0.015/0.019/0.647 ms
[depth_angular_controller-1] [INFO] [1791361559.995932035] [depth_angular_controller]: EVIDENCE_PHASE per_view_mean_ms balls=0.064 tubes=0.050 history=0.265 eviction=0.001
[position_cmd_to_twist-2] [INFO] [1791361560.343151950] [position_cmd_to_twist]: [PERF BRIDGE] run=p5_six_uncertainty_20261007_ego1p5_2 elapsed=33.99s received=1193 published=1193 fps(ros/wall)=59.90/58.52 controller_to_bridge_ms(mean/p50/p95/max)=0.028/0.000/0.000/16.667 bridge_process_ms(mean/p95/max)=0.090/0.118/0.482
[NAV] t=20.0s position=(-33.06,-3.30,3.17) yaw=8.5deg command=(1.82,0.73,-0.31) manual_active=1 collision_blocks=0
[depth_angular_controller-1] [INFO] [1791361560.425257162] [depth_angular_controller]: OMNI_DEPTH views=4 azimuth_bins=180 elevation_bins=37 valid=1 certificates=0 short=0 held=0 local_candidates=2 yaw=8.51
[depth_angular_controller-1] [INFO] [1791361560.425580329] [depth_angular_controller]: PAPER_BUILD reason=FULL_MOTION_CERTIFICATE required=0.0000 best=0.0000 free=0 refined=0 tubes=69 revoked_tubes=0 proofs=128
[depth_angular_controller-1] [INFO] [1791361560.425587202] [depth_angular_controller]: PAPER_EVIDENCE retained=16 balls=32 revoked_balls=0 expired_views=0 evicted_views=60 radius=0.580 clearance=0.000 best_prefix=0.000
[depth_angular_controller-1] [INFO] [1791361561.563177309] [depth_angular_controller]: OMNI_DEPTH views=4 azimuth_bins=180 elevation_bins=37 valid=1 certificates=0 short=0 held=0 local_candidates=1 yaw=8.41
[depth_angular_controller-1] [INFO] [1791361561.563466733] [depth_angular_controller]: PAPER_BUILD reason=FULL_MOTION_CERTIFICATE required=0.0000 best=0.0000 free=0 refined=0 tubes=73 revoked_tubes=0 proofs=128
[depth_angular_controller-1] [INFO] [1791361561.563472163] [depth_angular_controller]: PAPER_EVIDENCE retained=16 balls=32 revoked_balls=0 expired_views=0 evicted_views=64 radius=0.580 clearance=0.000 best_prefix=0.000
[depth_angular_controller-1] [INFO] [1791361562.582164715] [depth_angular_controller]: OMNI_DEPTH views=4 azimuth_bins=180 elevation_bins=37 valid=1 certificates=0 short=0 held=0 local_candidates=1 yaw=8.41
[depth_angular_controller-1] [INFO] [1791361562.582485759] [depth_angular_controller]: PAPER_BUILD reason=FULL_MOTION_CERTIFICATE required=0.0000 best=0.0000 free=0 refined=0 tubes=77 revoked_tubes=0 proofs=128
[depth_angular_controller-1] [INFO] [1791361562.582493002] [depth_angular_controller]: PAPER_EVIDENCE retained=16 balls=32 revoked_balls=0 expired_views=0 evicted_views=68 radius=0.580 clearance=0.000 best_prefix=0.000
[depth_angular_controller-1] [INFO] [1791361563.723030439] [depth_angular_controller]: OMNI_DEPTH views=4 azimuth_bins=180 elevation_bins=37 valid=1 certificates=0 short=0 held=0 local_candidates=2 yaw=9.31
[depth_angular_controller-1] [INFO] [1791361563.723313300] [depth_angular_controller]: PAPER_BUILD reason=FULL_MOTION_CERTIFICATE required=0.0000 best=0.0000 free=0 refined=0 tubes=81 revoked_tubes=0 proofs=128
[depth_angular_controller-1] [INFO] [1791361563.723321726] [depth_angular_controller]: PAPER_EVIDENCE retained=16 balls=32 revoked_balls=0 expired_views=0 evicted_views=72 radius=0.580 clearance=0.000 best_prefix=0.000
[depth_angular_controller-1] [INFO] [1791361564.811653512] [depth_angular_controller]: OMNI_DEPTH views=4 azimuth_bins=180 elevation_bins=37 valid=1 certificates=0 short=0 held=0 local_candidates=1 yaw=8.41
[depth_angular_controller-1] [INFO] [1791361564.811969405] [depth_angular_controller]: PAPER_BUILD reason=FULL_MOTION_CERTIFICATE required=0.0000 best=0.0000 free=0 refined=0 tubes=85 revoked_tubes=0 proofs=128
[depth_angular_controller-1] [INFO] [1791361564.811976839] [depth_angular_controller]: PAPER_EVIDENCE retained=16 balls=32 revoked_balls=0 expired_views=0 evicted_views=76 radius=0.580 clearance=0.000 best_prefix=0.000
[depth_angular_controller-1] [INFO] [1791361565.002138042] [depth_angular_controller]: [PERF CTRL] run=p5_six_uncertainty_20261007_ego1p5_2 elapsed=38.75s callbacks=1451 commands=1450 guidance=1330 command_fps(ros/wall)=59.88/57.86 guidance_wall_fps=57.32 avoid_ms(mean/p50/p95/max)=1.502/1.177/3.564/17.034 cycle_ms(mean/p95/max)=17.284/22.292/83.094 depth_to_cmd_ms(mean/p95/max)=48.947/100.000/116.667 callback_to_publish_ms(mean/p95/max)=3.129/7.690/19.125
[depth_angular_controller-1] [INFO] [1791361565.002272705] [depth_angular_controller]: EVIDENCE_COST ingest(mean/p95/max)=1.644/5.818/13.425 record=0.015/0.020/0.647 ms
[depth_angular_controller-1] [INFO] [1791361565.002281411] [depth_angular_controller]: EVIDENCE_PHASE per_view_mean_ms balls=0.065 tubes=0.049 history=0.270 eviction=0.001
[position_cmd_to_twist-2] [INFO] [1791361565.690494719] [position_cmd_to_twist]: [PERF BRIDGE] run=p5_six_uncertainty_20261007_ego1p5_2 elapsed=39.34s received=1491 published=1491 fps(ros/wall)=59.84/57.94 controller_to_bridge_ms(mean/p50/p95/max)=0.022/0.000/0.000/16.667 bridge_process_ms(mean/p95/max)=0.089/0.115/0.482
[NAV] t=25.0s position=(-23.22,-1.70,3.00) yaw=8.4deg command=(1.98,0.29,-0.00) manual_active=1 collision_blocks=0
[depth_angular_controller-1] [INFO] [1791361565.769440954] [depth_angular_controller]: OMNI_DEPTH views=4 azimuth_bins=180 elevation_bins=37 valid=1 certificates=0 short=0 held=0 local_candidates=1 yaw=8.41
[depth_angular_controller-1] [INFO] [1791361565.769883956] [depth_angular_controller]: PAPER_BUILD reason=FULL_MOTION_CERTIFICATE required=0.0000 best=0.0000 free=0 refined=0 tubes=89 revoked_tubes=0 proofs=128
[depth_angular_controller-1] [INFO] [1791361565.769904425] [depth_angular_controller]: PAPER_EVIDENCE retained=16 balls=32 revoked_balls=0 expired_views=0 evicted_views=80 radius=0.580 clearance=0.000 best_prefix=0.000
[depth_angular_controller-1] [INFO] [1791361566.910366840] [depth_angular_controller]: OMNI_DEPTH views=4 azimuth_bins=180 elevation_bins=37 valid=1 certificates=0 short=0 held=0 local_candidates=1 yaw=8.41
[depth_angular_controller-1] [INFO] [1791361566.910685619] [depth_angular_controller]: PAPER_BUILD reason=FULL_MOTION_CERTIFICATE required=0.0000 best=0.0000 free=0 refined=0 tubes=93 revoked_tubes=0 proofs=128
[depth_angular_controller-1] [INFO] [1791361566.910692622] [depth_angular_controller]: PAPER_EVIDENCE retained=16 balls=32 revoked_balls=0 expired_views=0 evicted_views=84 radius=0.580 clearance=0.000 best_prefix=0.000
[depth_angular_controller-1] [INFO] [1791361567.939015473] [depth_angular_controller]: OMNI_DEPTH views=4 azimuth_bins=180 elevation_bins=37 valid=1 certificates=0 short=0 held=0 local_candidates=3 yaw=23.04
[depth_angular_controller-1] [INFO] [1791361567.939955850] [depth_angular_controller]: PAPER_BUILD reason=FULL_MOTION_CERTIFICATE required=0.0000 best=0.0000 free=0 refined=0 tubes=97 revoked_tubes=0 proofs=128
[depth_angular_controller-1] [INFO] [1791361567.939976148] [depth_angular_controller]: PAPER_EVIDENCE retained=16 balls=32 revoked_balls=0 expired_views=0 evicted_views=88 radius=0.580 clearance=0.000 best_prefix=0.000
[depth_angular_controller-1] [INFO] [1791361568.967958538] [depth_angular_controller]: OMNI_DEPTH views=4 azimuth_bins=180 elevation_bins=37 valid=1 certificates=0 short=0 held=0 local_candidates=2 yaw=29.28
[depth_angular_controller-1] [INFO] [1791361568.968216814] [depth_angular_controller]: PAPER_BUILD reason=FULL_MOTION_CERTIFICATE required=0.0000 best=0.0000 free=0 refined=0 tubes=101 revoked_tubes=0 proofs=128
[depth_angular_controller-1] [INFO] [1791361568.968222494] [depth_angular_controller]: PAPER_EVIDENCE retained=16 balls=32 revoked_balls=0 expired_views=0 evicted_views=92 radius=0.580 clearance=0.000 best_prefix=0.000
[depth_angular_controller-1] [INFO] [1791361570.030731962] [depth_angular_controller]: [PERF CTRL] run=p5_six_uncertainty_20261007_ego1p5_2 elapsed=43.78s callbacks=1733 commands=1732 guidance=1612 command_fps(ros/wall)=59.86/57.56 guidance_wall_fps=57.10 avoid_ms(mean/p50/p95/max)=1.577/1.130/4.511/17.034 cycle_ms(mean/p95/max)=17.373/22.286/83.094 depth_to_cmd_ms(mean/p95/max)=49.628/100.000/116.667 callback_to_publish_ms(mean/p95/max)=3.210/7.846/19.125
[depth_angular_controller-1] [INFO] [1791361570.030895078] [depth_angular_controller]: EVIDENCE_COST ingest(mean/p95/max)=1.637/5.730/13.425 record=0.016/0.020/0.647 ms
[depth_angular_controller-1] [INFO] [1791361570.030902593] [depth_angular_controller]: EVIDENCE_PHASE per_view_mean_ms balls=0.062 tubes=0.048 history=0.271 eviction=0.001
[depth_angular_controller-1] [INFO] [1791361570.110988429] [depth_angular_controller]: OMNI_DEPTH views=4 azimuth_bins=180 elevation_bins=37 valid=1 certificates=0 short=0 held=0 local_candidates=3 yaw=35.01
[depth_angular_controller-1] [INFO] [1791361570.112305775] [depth_angular_controller]: PAPER_BUILD reason=FULL_MOTION_CERTIFICATE required=0.0000 best=0.0000 free=0 refined=0 tubes=105 revoked_tubes=0 proofs=128
[depth_angular_controller-1] [INFO] [1791361570.112537821] [depth_angular_controller]: PAPER_EVIDENCE retained=16 balls=32 revoked_balls=0 expired_views=0 evicted_views=96 radius=0.580 clearance=0.000 best_prefix=0.000
[position_cmd_to_twist-2] [INFO] [1791361571.056302620] [position_cmd_to_twist]: [PERF BRIDGE] run=p5_six_uncertainty_20261007_ego1p5_2 elapsed=44.70s received=1791 published=1791 fps(ros/wall)=59.87/57.59 controller_to_bridge_ms(mean/p50/p95/max)=0.037/0.000/0.000/16.667 bridge_process_ms(mean/p95/max)=0.089/0.114/0.482
[NAV] t=30.0s position=(-14.01,1.61,2.95) yaw=7.0deg command=(1.63,1.16,-0.06) manual_active=1 collision_blocks=0
[depth_angular_controller-1] [INFO] [1791361571.137373317] [depth_angular_controller]: OMNI_DEPTH views=4 azimuth_bins=180 elevation_bins=37 valid=1 certificates=0 short=0 held=0 local_candidates=3 yaw=36.78
[depth_angular_controller-1] [INFO] [1791361571.137815648] [depth_angular_controller]: PAPER_BUILD reason=FULL_MOTION_CERTIFICATE required=0.0000 best=0.0000 free=0 refined=0 tubes=109 revoked_tubes=0 proofs=128
[depth_angular_controller-1] [INFO] [1791361571.137830346] [depth_angular_controller]: PAPER_EVIDENCE retained=16 balls=32 revoked_balls=0 expired_views=0 evicted_views=100 radius=0.580 clearance=0.000 best_prefix=0.000
[depth_angular_controller-1] [INFO] [1791361572.090616158] [depth_angular_controller]: OMNI_DEPTH views=4 azimuth_bins=180 elevation_bins=37 valid=1 certificates=0 short=0 held=0 local_candidates=3 yaw=5.46
[depth_angular_controller-1] [INFO] [1791361572.090869745] [depth_angular_controller]: PAPER_BUILD reason=FULL_MOTION_CERTIFICATE required=0.0000 best=0.0000 free=0 refined=0 tubes=113 revoked_tubes=0 proofs=128
[depth_angular_controller-1] [INFO] [1791361572.090878481] [depth_angular_controller]: PAPER_EVIDENCE retained=16 balls=32 revoked_balls=0 expired_views=0 evicted_views=104 radius=0.580 clearance=0.000 best_prefix=0.000
[depth_angular_controller-1] [INFO] [1791361573.110833315] [depth_angular_controller]: OMNI_DEPTH views=4 azimuth_bins=180 elevation_bins=37 valid=1 certificates=0 short=0 held=0 local_candidates=3 yaw=-5.95
[depth_angular_controller-1] [INFO] [1791361573.111143388] [depth_angular_controller]: PAPER_BUILD reason=FULL_MOTION_CERTIFICATE required=0.0000 best=0.0000 free=0 refined=0 tubes=117 revoked_tubes=0 proofs=128
[depth_angular_controller-1] [INFO] [1791361573.111153517] [depth_angular_controller]: PAPER_EVIDENCE retained=16 balls=32 revoked_balls=0 expired_views=0 evicted_views=108 radius=0.580 clearance=0.000 best_prefix=0.000
[depth_angular_controller-1] [INFO] [1791361574.069297539] [depth_angular_controller]: OMNI_DEPTH views=4 azimuth_bins=180 elevation_bins=37 valid=1 certificates=0 short=0 held=0 local_candidates=3 yaw=-7.94
[depth_angular_controller-1] [INFO] [1791361574.069730994] [depth_angular_controller]: PAPER_BUILD reason=FULL_MOTION_CERTIFICATE required=0.0000 best=0.0000 free=0 refined=0 tubes=121 revoked_tubes=0 proofs=128
[depth_angular_controller-1] [INFO] [1791361574.069739239] [depth_angular_controller]: PAPER_EVIDENCE retained=16 balls=32 revoked_balls=0 expired_views=0 evicted_views=112 radius=0.580 clearance=0.000 best_prefix=0.000
[depth_angular_controller-1] [INFO] [1791361575.053033326] [depth_angular_controller]: [PERF CTRL] run=p5_six_uncertainty_20261007_ego1p5_2 elapsed=48.80s callbacks=2035 commands=2034 guidance=1914 command_fps(ros/wall)=59.88/57.93 guidance_wall_fps=57.56 avoid_ms(mean/p50/p95/max)=1.562/1.150/4.301/17.034 cycle_ms(mean/p95/max)=17.263/22.068/83.094 depth_to_cmd_ms(mean/p95/max)=50.618/100.000/116.667 callback_to_publish_ms(mean/p95/max)=3.177/7.669/19.125
[depth_angular_controller-1] [INFO] [1791361575.053722041] [depth_angular_controller]: EVIDENCE_COST ingest(mean/p95/max)=1.600/5.682/13.425 record=0.016/0.020/0.647 ms
[depth_angular_controller-1] [INFO] [1791361575.053906858] [depth_angular_controller]: EVIDENCE_PHASE per_view_mean_ms balls=0.061 tubes=0.045 history=0.266 eviction=0.001
[depth_angular_controller-1] [INFO] [1791361575.095071068] [depth_angular_controller]: OMNI_DEPTH views=4 azimuth_bins=180 elevation_bins=37 valid=1 certificates=0 short=0 held=0 local_candidates=3 yaw=7.56
[depth_angular_controller-1] [INFO] [1791361575.095342619] [depth_angular_controller]: PAPER_BUILD reason=FULL_MOTION_CERTIFICATE required=0.0000 best=0.0000 free=0 refined=0 tubes=125 revoked_tubes=0 proofs=128
[depth_angular_controller-1] [INFO] [1791361575.095348901] [depth_angular_controller]: PAPER_EVIDENCE retained=16 balls=32 revoked_balls=0 expired_views=0 evicted_views=116 radius=0.580 clearance=0.000 best_prefix=0.000
[position_cmd_to_twist-2] [INFO] [1791361575.968103559] [position_cmd_to_twist]: [PERF BRIDGE] run=p5_six_uncertainty_20261007_ego1p5_2 elapsed=49.61s received=2091 published=2091 fps(ros/wall)=59.89/58.06 controller_to_bridge_ms(mean/p50/p95/max)=0.048/0.000/0.000/16.667 bridge_process_ms(mean/p95/max)=0.090/0.115/1.438
[NAV] t=35.0s position=(-4.51,2.94,2.90) yaw=6.9deg command=(1.95,-0.37,-0.06) manual_active=1 collision_blocks=0
[depth_angular_controller-1] [INFO] [1791361576.049587794] [depth_angular_controller]: OMNI_DEPTH views=4 azimuth_bins=180 elevation_bins=37 valid=1 certificates=0 short=0 held=0 local_candidates=3 yaw=-19.82
[depth_angular_controller-1] [INFO] [1791361576.049932552] [depth_angular_controller]: PAPER_BUILD reason=FULL_MOTION_CERTIFICATE required=0.0000 best=0.0000 free=0 refined=0 tubes=129 revoked_tubes=0 proofs=128
[depth_angular_controller-1] [INFO] [1791361576.049940417] [depth_angular_controller]: PAPER_EVIDENCE retained=16 balls=32 revoked_balls=0 expired_views=0 evicted_views=120 radius=0.580 clearance=0.000 best_prefix=0.000
[depth_angular_controller-1] [INFO] [1791361577.069290885] [depth_angular_controller]: OMNI_DEPTH views=4 azimuth_bins=180 elevation_bins=37 valid=1 certificates=0 short=0 held=0 local_candidates=3 yaw=14.06
[depth_angular_controller-1] [INFO] [1791361577.069668124] [depth_angular_controller]: PAPER_BUILD reason=FULL_MOTION_CERTIFICATE required=0.0000 best=0.0000 free=0 refined=0 tubes=134 revoked_tubes=0 proofs=128
[depth_angular_controller-1] [INFO] [1791361577.069688131] [depth_angular_controller]: PAPER_EVIDENCE retained=16 balls=32 revoked_balls=0 expired_views=0 evicted_views=124 radius=0.580 clearance=0.000 best_prefix=0.000
[depth_angular_controller-1] [INFO] [1791361578.155737247] [depth_angular_controller]: OMNI_DEPTH views=4 azimuth_bins=180 elevation_bins=37 valid=1 certificates=0 short=0 held=0 local_candidates=3 yaw=19.16
[depth_angular_controller-1] [INFO] [1791361578.156080452] [depth_angular_controller]: PAPER_BUILD reason=FULL_MOTION_CERTIFICATE required=0.0000 best=0.0000 free=0 refined=0 tubes=138 revoked_tubes=0 proofs=128
[depth_angular_controller-1] [INFO] [1791361578.156087796] [depth_angular_controller]: PAPER_EVIDENCE retained=16 balls=32 revoked_balls=0 expired_views=0 evicted_views=128 radius=0.580 clearance=0.000 best_prefix=0.000
[depth_angular_controller-1] [INFO] [1791361579.196840265] [depth_angular_controller]: OMNI_DEPTH views=4 azimuth_bins=180 elevation_bins=37 valid=1 certificates=0 short=0 held=0 local_candidates=3 yaw=22.10
[depth_angular_controller-1] [INFO] [1791361579.197170776] [depth_angular_controller]: PAPER_BUILD reason=FULL_MOTION_CERTIFICATE required=0.0000 best=0.0000 free=0 refined=0 tubes=142 revoked_tubes=0 proofs=128
[depth_angular_controller-1] [INFO] [1791361579.197177679] [depth_angular_controller]: PAPER_EVIDENCE retained=16 balls=32 revoked_balls=0 expired_views=0 evicted_views=132 radius=0.580 clearance=0.000 best_prefix=0.000
[depth_angular_controller-1] [INFO] [1791361580.053194292] [depth_angular_controller]: [PERF CTRL] run=p5_six_uncertainty_20261007_ego1p5_2 elapsed=53.81s callbacks=2328 commands=2327 guidance=2207 command_fps(ros/wall)=59.90/58.01 guidance_wall_fps=57.69 avoid_ms(mean/p50/p95/max)=1.616/1.222/4.301/18.989 cycle_ms(mean/p95/max)=17.238/22.026/83.094 depth_to_cmd_ms(mean/p95/max)=49.947/100.000/116.667 callback_to_publish_ms(mean/p95/max)=3.252/7.643/24.625
[depth_angular_controller-1] [INFO] [1791361580.053396322] [depth_angular_controller]: EVIDENCE_COST ingest(mean/p95/max)=1.611/5.641/13.425 record=0.016/0.020/0.647 ms
[depth_angular_controller-1] [INFO] [1791361580.053405920] [depth_angular_controller]: EVIDENCE_PHASE per_view_mean_ms balls=0.060 tubes=0.043 history=0.271 eviction=0.001
[depth_angular_controller-1] [INFO] [1791361580.214199662] [depth_angular_controller]: OMNI_DEPTH views=4 azimuth_bins=180 elevation_bins=37 valid=1 certificates=0 short=0 held=0 local_candidates=2 yaw=25.86
[depth_angular_controller-1] [INFO] [1791361580.214486170] [depth_angular_controller]: PAPER_BUILD reason=FULL_MOTION_CERTIFICATE required=0.0000 best=0.0000 free=0 refined=0 tubes=146 revoked_tubes=0 proofs=128
[depth_angular_controller-1] [INFO] [1791361580.214497411] [depth_angular_controller]: PAPER_EVIDENCE retained=16 balls=32 revoked_balls=0 expired_views=0 evicted_views=136 radius=0.580 clearance=0.000 best_prefix=0.000
[position_cmd_to_twist-2] [INFO] [1791361581.157508965] [position_cmd_to_twist]: [PERF BRIDGE] run=p5_six_uncertainty_20261007_ego1p5_2 elapsed=54.80s received=2391 published=2391 fps(ros/wall)=59.90/58.03 controller_to_bridge_ms(mean/p50/p95/max)=0.042/0.000/0.000/16.667 bridge_process_ms(mean/p95/max)=0.089/0.116/1.438
[NAV] t=40.0s position=(4.91,4.96,2.22) yaw=6.0deg command=(1.67,1.07,-0.01) manual_active=1 collision_blocks=0
[depth_angular_controller-1] [INFO] [1791361581.240921713] [depth_angular_controller]: OMNI_DEPTH views=4 azimuth_bins=180 elevation_bins=37 valid=1 certificates=0 short=0 held=0 local_candidates=2 yaw=39.62
[depth_angular_controller-1] [INFO] [1791361581.241285447] [depth_angular_controller]: PAPER_BUILD reason=FULL_MOTION_CERTIFICATE required=0.0000 best=0.0000 free=0 refined=0 tubes=150 revoked_tubes=0 proofs=128
[depth_angular_controller-1] [INFO] [1791361581.241292701] [depth_angular_controller]: PAPER_EVIDENCE retained=16 balls=32 revoked_balls=0 expired_views=0 evicted_views=140 radius=0.580 clearance=0.000 best_prefix=0.000
[depth_angular_controller-1] [INFO] [1791361582.271926774] [depth_angular_controller]: OMNI_DEPTH views=4 azimuth_bins=180 elevation_bins=37 valid=1 certificates=0 short=0 held=0 local_candidates=3 yaw=30.71
[depth_angular_controller-1] [INFO] [1791361582.272304554] [depth_angular_controller]: PAPER_BUILD reason=FULL_MOTION_CERTIFICATE required=0.0000 best=0.0000 free=0 refined=0 tubes=154 revoked_tubes=0 proofs=128
[depth_angular_controller-1] [INFO] [1791361582.272312700] [depth_angular_controller]: PAPER_EVIDENCE retained=16 balls=32 revoked_balls=0 expired_views=0 evicted_views=144 radius=0.580 clearance=0.000 best_prefix=0.000
[depth_angular_controller-1] [INFO] [1791361583.292586253] [depth_angular_controller]: OMNI_DEPTH views=4 azimuth_bins=180 elevation_bins=37 valid=1 certificates=0 short=0 held=0 local_candidates=3 yaw=22.41
[depth_angular_controller-1] [INFO] [1791361583.292932223] [depth_angular_controller]: PAPER_BUILD reason=FULL_MOTION_CERTIFICATE required=0.0000 best=0.0000 free=0 refined=0 tubes=158 revoked_tubes=0 proofs=128
[depth_angular_controller-1] [INFO] [1791361583.292939266] [depth_angular_controller]: PAPER_EVIDENCE retained=16 balls=32 revoked_balls=0 expired_views=0 evicted_views=148 radius=0.580 clearance=0.000 best_prefix=0.000
[depth_angular_controller-1] [INFO] [1791361584.265598096] [depth_angular_controller]: OMNI_DEPTH views=4 azimuth_bins=180 elevation_bins=37 valid=1 certificates=0 short=0 held=0 local_candidates=2 yaw=14.93
[depth_angular_controller-1] [INFO] [1791361584.266090752] [depth_angular_controller]: PAPER_BUILD reason=FULL_MOTION_CERTIFICATE required=0.0000 best=0.0000 free=0 refined=0 tubes=162 revoked_tubes=0 proofs=128
[depth_angular_controller-1] [INFO] [1791361584.266101151] [depth_angular_controller]: PAPER_EVIDENCE retained=16 balls=32 revoked_balls=0 expired_views=0 evicted_views=152 radius=0.580 clearance=0.000 best_prefix=0.000
[depth_angular_controller-1] [INFO] [1791361585.062704859] [depth_angular_controller]: [PERF CTRL] run=p5_six_uncertainty_20261007_ego1p5_2 elapsed=58.81s callbacks=2617 commands=2616 guidance=2496 command_fps(ros/wall)=59.84/57.98 guidance_wall_fps=57.69 avoid_ms(mean/p50/p95/max)=1.753/1.322/4.603/22.143 cycle_ms(mean/p95/max)=17.248/21.993/83.094 depth_to_cmd_ms(mean/p95/max)=48.858/83.333/116.667 callback_to_publish_ms(mean/p95/max)=3.420/7.800/26.303
[depth_angular_controller-1] [INFO] [1791361585.062916096] [depth_angular_controller]: EVIDENCE_COST ingest(mean/p95/max)=1.640/5.543/13.425 record=0.016/0.019/0.647 ms
[depth_angular_controller-1] [INFO] [1791361585.062922949] [depth_angular_controller]: EVIDENCE_PHASE per_view_mean_ms balls=0.061 tubes=0.044 history=0.275 eviction=0.001
[depth_angular_controller-1] [INFO] [1791361585.354609369] [depth_angular_controller]: OMNI_DEPTH views=4 azimuth_bins=180 elevation_bins=37 valid=1 certificates=0 short=0 held=0 local_candidates=2 yaw=17.90
[depth_angular_controller-1] [INFO] [1791361585.356716739] [depth_angular_controller]: PAPER_BUILD reason=FULL_MOTION_CERTIFICATE required=0.0000 best=0.0000 free=0 refined=0 tubes=166 revoked_tubes=0 proofs=128
[depth_angular_controller-1] [INFO] [1791361585.356723251] [depth_angular_controller]: PAPER_EVIDENCE retained=16 balls=32 revoked_balls=0 expired_views=0 evicted_views=156 radius=0.580 clearance=0.000 best_prefix=0.000
[position_cmd_to_twist-2] [INFO] [1791361586.418330413] [position_cmd_to_twist]: [PERF BRIDGE] run=p5_six_uncertainty_20261007_ego1p5_2 elapsed=60.06s received=2688 published=2688 fps(ros/wall)=59.84/57.85 controller_to_bridge_ms(mean/p50/p95/max)=0.136/0.000/0.000/33.333 bridge_process_ms(mean/p95/max)=0.090/0.116/1.438
[NAV] t=45.0s position=(13.80,8.98,3.28) yaw=2.5deg command=(1.96,0.37,0.03) manual_active=1 collision_blocks=0
[depth_angular_controller-1] [INFO] [1791361586.502470479] [depth_angular_controller]: OMNI_DEPTH views=4 azimuth_bins=180 elevation_bins=37 valid=1 certificates=0 short=0 held=0 local_candidates=1 yaw=2.54
[depth_angular_controller-1] [INFO] [1791361586.502882242] [depth_angular_controller]: PAPER_BUILD reason=FULL_MOTION_CERTIFICATE required=0.0000 best=0.0000 free=0 refined=0 tubes=170 revoked_tubes=0 proofs=128
[depth_angular_controller-1] [INFO] [1791361586.502890017] [depth_angular_controller]: PAPER_EVIDENCE retained=16 balls=32 revoked_balls=0 expired_views=0 evicted_views=160 radius=0.580 clearance=0.000 best_prefix=0.000
[depth_angular_controller-1] [INFO] [1791361587.580234735] [depth_angular_controller]: OMNI_DEPTH views=4 azimuth_bins=180 elevation_bins=37 valid=1 certificates=0 short=0 held=0 local_candidates=1 yaw=2.43
[depth_angular_controller-1] [INFO] [1791361587.580577429] [depth_angular_controller]: PAPER_BUILD reason=FULL_MOTION_CERTIFICATE required=0.0000 best=0.0000 free=0 refined=0 tubes=174 revoked_tubes=0 proofs=128
[depth_angular_controller-1] [INFO] [1791361587.580587397] [depth_angular_controller]: PAPER_EVIDENCE retained=16 balls=32 revoked_balls=0 expired_views=0 evicted_views=164 radius=0.580 clearance=0.000 best_prefix=0.000
[depth_angular_controller-1] [INFO] [1791361588.723699813] [depth_angular_controller]: OMNI_DEPTH views=4 azimuth_bins=180 elevation_bins=37 valid=1 certificates=0 short=0 held=0 local_candidates=1 yaw=2.43
[depth_angular_controller-1] [INFO] [1791361588.724278050] [depth_angular_controller]: PAPER_BUILD reason=FULL_MOTION_CERTIFICATE required=0.0000 best=0.0000 free=0 refined=0 tubes=178 revoked_tubes=0 proofs=128
[depth_angular_controller-1] [INFO] [1791361588.724291064] [depth_angular_controller]: PAPER_EVIDENCE retained=16 balls=32 revoked_balls=0 expired_views=0 evicted_views=168 radius=0.580 clearance=0.000 best_prefix=0.000
[depth_angular_controller-1] [INFO] [1791361589.806561368] [depth_angular_controller]: OMNI_DEPTH views=4 azimuth_bins=180 elevation_bins=37 valid=1 certificates=0 short=0 held=0 local_candidates=1 yaw=2.43
[depth_angular_controller-1] [INFO] [1791361589.807338228] [depth_angular_controller]: PAPER_BUILD reason=FULL_MOTION_CERTIFICATE required=0.0000 best=0.0000 free=0 refined=0 tubes=182 revoked_tubes=0 proofs=128
[depth_angular_controller-1] [INFO] [1791361589.807355942] [depth_angular_controller]: PAPER_EVIDENCE retained=16 balls=32 revoked_balls=0 expired_views=0 evicted_views=172 radius=0.580 clearance=0.000 best_prefix=0.000
[depth_angular_controller-1] [INFO] [1791361590.078151120] [depth_angular_controller]: [PERF CTRL] run=p5_six_uncertainty_20261007_ego1p5_2 elapsed=63.83s callbacks=2890 commands=2889 guidance=2769 command_fps(ros/wall)=59.81/57.62 guidance_wall_fps=57.35 avoid_ms(mean/p50/p95/max)=1.745/1.271/5.042/22.143 cycle_ms(mean/p95/max)=17.354/22.027/83.094 depth_to_cmd_ms(mean/p95/max)=47.948/83.333/116.667 callback_to_publish_ms(mean/p95/max)=3.475/8.046/26.303
[depth_angular_controller-1] [INFO] [1791361590.078403344] [depth_angular_controller]: EVIDENCE_COST ingest(mean/p95/max)=1.680/5.572/13.425 record=0.028/0.020/2.290 ms
[depth_angular_controller-1] [INFO] [1791361590.078408915] [depth_angular_controller]: EVIDENCE_PHASE per_view_mean_ms balls=0.062 tubes=0.051 history=0.277 eviction=0.001
[depth_angular_controller-1] [INFO] [1791361590.894972724] [depth_angular_controller]: OMNI_DEPTH views=4 azimuth_bins=180 elevation_bins=37 valid=1 certificates=0 short=0 held=0 local_candidates=3 yaw=12.15
[depth_angular_controller-1] [INFO] [1791361590.895336938] [depth_angular_controller]: PAPER_BUILD reason=FULL_MOTION_CERTIFICATE required=0.0000 best=0.0000 free=0 refined=0 tubes=186 revoked_tubes=0 proofs=128
[depth_angular_controller-1] [INFO] [1791361590.895344693] [depth_angular_controller]: PAPER_EVIDENCE retained=16 balls=32 revoked_balls=0 expired_views=0 evicted_views=176 radius=0.580 clearance=0.000 best_prefix=0.000
[position_cmd_to_twist-2] [INFO] [1791361591.827475298] [position_cmd_to_twist]: [PERF BRIDGE] run=p5_six_uncertainty_20261007_ego1p5_2 elapsed=65.47s received=2986 published=2986 fps(ros/wall)=59.82/57.56 controller_to_bridge_ms(mean/p50/p95/max)=0.123/0.000/0.000/33.333 bridge_process_ms(mean/p95/max)=0.090/0.117/1.438
[NAV] t=50.0s position=(23.70,9.91,3.47) yaw=1.8deg command=(1.90,0.56,0.26) manual_active=1 collision_blocks=0
[depth_angular_controller-1] [INFO] [1791361591.909654127] [depth_angular_controller]: OMNI_DEPTH views=4 azimuth_bins=180 elevation_bins=37 valid=1 certificates=0 short=0 held=0 local_candidates=3 yaw=19.70
[depth_angular_controller-1] [INFO] [1791361591.910060832] [depth_angular_controller]: PAPER_BUILD reason=FULL_MOTION_CERTIFICATE required=0.0000 best=0.0000 free=0 refined=0 tubes=190 revoked_tubes=0 proofs=128
[depth_angular_controller-1] [INFO] [1791361591.910069067] [depth_angular_controller]: PAPER_EVIDENCE retained=16 balls=32 revoked_balls=0 expired_views=0 evicted_views=180 radius=0.580 clearance=0.000 best_prefix=0.000
[depth_angular_controller-1] [INFO] [1791361592.943367658] [depth_angular_controller]: OMNI_DEPTH views=4 azimuth_bins=180 elevation_bins=37 valid=1 certificates=0 short=0 held=0 local_candidates=3 yaw=22.20
[depth_angular_controller-1] [INFO] [1791361592.944070088] [depth_angular_controller]: PAPER_BUILD reason=FULL_MOTION_CERTIFICATE required=0.0000 best=0.0000 free=0 refined=0 tubes=194 revoked_tubes=0 proofs=128
[depth_angular_controller-1] [INFO] [1791361592.944087882] [depth_angular_controller]: PAPER_EVIDENCE retained=16 balls=32 revoked_balls=0 expired_views=0 evicted_views=184 radius=0.580 clearance=0.000 best_prefix=0.000
[depth_angular_controller-1] [INFO] [1791361593.971087064] [depth_angular_controller]: OMNI_DEPTH views=4 azimuth_bins=180 elevation_bins=37 valid=1 certificates=0 short=0 held=0 local_candidates=3 yaw=29.63
[depth_angular_controller-1] [INFO] [1791361593.971443113] [depth_angular_controller]: PAPER_BUILD reason=FULL_MOTION_CERTIFICATE required=0.0000 best=0.0000 free=0 refined=0 tubes=198 revoked_tubes=0 proofs=128
[depth_angular_controller-1] [INFO] [1791361593.971454104] [depth_angular_controller]: PAPER_EVIDENCE retained=16 balls=32 revoked_balls=0 expired_views=0 evicted_views=188 radius=0.580 clearance=0.000 best_prefix=0.000
[depth_angular_controller-1] [INFO] [1791361595.000009722] [depth_angular_controller]: OMNI_DEPTH views=4 azimuth_bins=180 elevation_bins=37 valid=1 certificates=0 short=0 held=0 local_candidates=2 yaw=22.05
[depth_angular_controller-1] [INFO] [1791361595.000397380] [depth_angular_controller]: PAPER_BUILD reason=FULL_MOTION_CERTIFICATE required=0.0000 best=0.0000 free=0 refined=0 tubes=202 revoked_tubes=0 proofs=128
[depth_angular_controller-1] [INFO] [1791361595.000413520] [depth_angular_controller]: PAPER_EVIDENCE retained=16 balls=32 revoked_balls=0 expired_views=0 evicted_views=192 radius=0.580 clearance=0.000 best_prefix=0.000
[depth_angular_controller-1] [INFO] [1791361595.112223867] [depth_angular_controller]: [PERF CTRL] run=p5_six_uncertainty_20261007_ego1p5_2 elapsed=68.86s callbacks=3175 commands=3174 guidance=3054 command_fps(ros/wall)=59.81/57.53 guidance_wall_fps=57.28 avoid_ms(mean/p50/p95/max)=1.729/1.260/4.924/22.143 cycle_ms(mean/p95/max)=17.382/21.998/83.094 depth_to_cmd_ms(mean/p95/max)=47.195/83.333/116.667 callback_to_publish_ms(mean/p95/max)=3.455/7.916/26.303
[depth_angular_controller-1] [INFO] [1791361595.112477784] [depth_angular_controller]: EVIDENCE_COST ingest(mean/p95/max)=1.668/5.473/13.425 record=0.027/0.020/2.290 ms
[depth_angular_controller-1] [INFO] [1791361595.112482874] [depth_angular_controller]: EVIDENCE_PHASE per_view_mean_ms balls=0.062 tubes=0.050 history=0.276 eviction=0.001
[depth_angular_controller-1] [INFO] [1791361596.079427014] [depth_angular_controller]: OMNI_DEPTH views=4 azimuth_bins=180 elevation_bins=37 valid=1 certificates=0 short=0 held=0 local_candidates=2 yaw=-2.74
[depth_angular_controller-1] [INFO] [1791361596.079910713] [depth_angular_controller]: PAPER_BUILD reason=FULL_MOTION_CERTIFICATE required=0.0000 best=0.0000 free=0 refined=0 tubes=206 revoked_tubes=0 proofs=128
[depth_angular_controller-1] [INFO] [1791361596.079921854] [depth_angular_controller]: PAPER_EVIDENCE retained=16 balls=32 revoked_balls=0 expired_views=0 evicted_views=196 radius=0.580 clearance=0.000 best_prefix=0.000
[position_cmd_to_twist-2] [INFO] [1791361597.082558091] [position_cmd_to_twist]: [PERF BRIDGE] run=p5_six_uncertainty_20261007_ego1p5_2 elapsed=70.73s received=3285 published=3285 fps(ros/wall)=59.82/57.57 controller_to_bridge_ms(mean/p50/p95/max)=0.112/0.000/0.000/33.333 bridge_process_ms(mean/p95/max)=0.090/0.117/1.438
[NAV] t=55.0s position=(32.98,12.73,4.55) yaw=-2.8deg command=(1.99,-0.11,-0.10) manual_active=1 collision_blocks=0
[depth_angular_controller-1] [INFO] [1791361597.164337270] [depth_angular_controller]: OMNI_DEPTH views=4 azimuth_bins=180 elevation_bins=37 valid=1 certificates=0 short=0 held=0 local_candidates=3 yaw=-3.71
[depth_angular_controller-1] [INFO] [1791361597.164743423] [depth_angular_controller]: PAPER_BUILD reason=FULL_MOTION_CERTIFICATE required=0.0000 best=0.0000 free=0 refined=0 tubes=210 revoked_tubes=0 proofs=128
[depth_angular_controller-1] [INFO] [1791361597.164763411] [depth_angular_controller]: PAPER_EVIDENCE retained=16 balls=32 revoked_balls=0 expired_views=0 evicted_views=200 radius=0.580 clearance=0.000 best_prefix=0.000
[depth_angular_controller-1] [INFO] [1791361598.127094772] [depth_angular_controller]: OMNI_DEPTH views=4 azimuth_bins=180 elevation_bins=37 valid=1 certificates=0 short=0 held=0 local_candidates=3 yaw=-29.29
[depth_angular_controller-1] [INFO] [1791361598.127557161] [depth_angular_controller]: PAPER_BUILD reason=FULL_MOTION_CERTIFICATE required=0.0000 best=0.0000 free=0 refined=0 tubes=215 revoked_tubes=0 proofs=128
[depth_angular_controller-1] [INFO] [1791361598.127572360] [depth_angular_controller]: PAPER_EVIDENCE retained=16 balls=32 revoked_balls=0 expired_views=0 evicted_views=204 radius=0.580 clearance=0.000 best_prefix=0.000
[depth_angular_controller-1] [INFO] [1791361599.147218343] [depth_angular_controller]: OMNI_DEPTH views=4 azimuth_bins=180 elevation_bins=37 valid=1 certificates=0 short=0 held=0 local_candidates=3 yaw=-24.43
[depth_angular_controller-1] [INFO] [1791361599.147580584] [depth_angular_controller]: PAPER_BUILD reason=FULL_MOTION_CERTIFICATE required=0.0000 best=0.0000 free=0 refined=0 tubes=219 revoked_tubes=0 proofs=128
[depth_angular_controller-1] [INFO] [1791361599.147587387] [depth_angular_controller]: PAPER_EVIDENCE retained=16 balls=32 revoked_balls=0 expired_views=0 evicted_views=208 radius=0.580 clearance=0.000 best_prefix=0.000
[depth_angular_controller-1] [INFO] [1791361600.112763134] [depth_angular_controller]: [PERF CTRL] run=p5_six_uncertainty_20261007_ego1p5_2 elapsed=73.86s callbacks=3465 commands=3464 guidance=3344 command_fps(ros/wall)=59.83/57.57 guidance_wall_fps=57.35 avoid_ms(mean/p50/p95/max)=1.670/1.225/4.675/22.143 cycle_ms(mean/p95/max)=17.371/21.994/83.607 depth_to_cmd_ms(mean/p95/max)=46.661/83.333/116.667 callback_to_publish_ms(mean/p95/max)=3.390/7.758/26.303
[depth_angular_controller-1] [INFO] [1791361600.113062016] [depth_angular_controller]: EVIDENCE_COST ingest(mean/p95/max)=1.656/5.407/13.425 record=0.026/0.020/2.290 ms
[depth_angular_controller-1] [INFO] [1791361600.113069219] [depth_angular_controller]: EVIDENCE_PHASE per_view_mean_ms balls=0.060 tubes=0.049 history=0.274 eviction=0.001
[depth_angular_controller-1] [INFO] [1791361600.222000966] [depth_angular_controller]: OMNI_DEPTH views=4 azimuth_bins=180 elevation_bins=37 valid=1 certificates=0 short=0 held=0 local_candidates=1 yaw=0.99
[depth_angular_controller-1] [INFO] [1791361600.222349932] [depth_angular_controller]: PAPER_BUILD reason=FULL_MOTION_CERTIFICATE required=0.0000 best=0.0000 free=0 refined=0 tubes=223 revoked_tubes=0 proofs=128
[depth_angular_controller-1] [INFO] [1791361600.222359279] [depth_angular_controller]: PAPER_EVIDENCE retained=16 balls=32 revoked_balls=0 expired_views=0 evicted_views=212 radius=0.580 clearance=0.000 best_prefix=0.000
[depth_angular_controller-1] [INFO] [1791361601.355486620] [depth_angular_controller]: OMNI_DEPTH views=4 azimuth_bins=180 elevation_bins=37 valid=1 certificates=0 short=0 held=0 local_candidates=1 yaw=1.39
[depth_angular_controller-1] [INFO] [1791361601.355845855] [depth_angular_controller]: PAPER_BUILD reason=FULL_MOTION_CERTIFICATE required=0.0000 best=0.0000 free=0 refined=0 tubes=227 revoked_tubes=0 proofs=128
[depth_angular_controller-1] [INFO] [1791361601.355852668] [depth_angular_controller]: PAPER_EVIDENCE retained=16 balls=32 revoked_balls=0 expired_views=0 evicted_views=216 radius=0.580 clearance=0.000 best_prefix=0.000
[position_cmd_to_twist-2] [INFO] [1791361602.352530928] [position_cmd_to_twist]: [PERF BRIDGE] run=p5_six_uncertainty_20261007_ego1p5_2 elapsed=76.00s received=3585 published=3585 fps(ros/wall)=59.83/57.45 controller_to_bridge_ms(mean/p50/p95/max)=0.102/0.000/0.000/33.333 bridge_process_ms(mean/p95/max)=0.090/0.117/1.438
[NAV] t=60.0s position=(42.41,10.83,4.36) yaw=1.0deg command=(1.90,0.40,-0.43) manual_active=1 collision_blocks=0
[depth_angular_controller-1] [INFO] [1791361602.434014270] [depth_angular_controller]: OMNI_DEPTH views=4 azimuth_bins=180 elevation_bins=37 valid=1 certificates=0 short=0 held=0 local_candidates=2 yaw=16.22
[depth_angular_controller-1] [INFO] [1791361602.434367825] [depth_angular_controller]: PAPER_BUILD reason=FULL_MOTION_CERTIFICATE required=0.0000 best=0.0000 free=0 refined=0 tubes=231 revoked_tubes=0 proofs=128
[depth_angular_controller-1] [INFO] [1791361602.434377102] [depth_angular_controller]: PAPER_EVIDENCE retained=16 balls=32 revoked_balls=0 expired_views=0 evicted_views=220 radius=0.580 clearance=0.000 best_prefix=0.000
[depth_angular_controller-1] [INFO] [1791361603.452825505] [depth_angular_controller]: OMNI_DEPTH views=4 azimuth_bins=180 elevation_bins=37 valid=1 certificates=0 short=0 held=0 local_candidates=3 yaw=8.33
[depth_angular_controller-1] [INFO] [1791361603.453200851] [depth_angular_controller]: PAPER_BUILD reason=FULL_MOTION_CERTIFICATE required=0.0000 best=0.0000 free=0 refined=0 tubes=235 revoked_tubes=0 proofs=128
[depth_angular_controller-1] [INFO] [1791361603.453211972] [depth_angular_controller]: PAPER_EVIDENCE retained=16 balls=32 revoked_balls=0 expired_views=0 evicted_views=224 radius=0.580 clearance=0.000 best_prefix=0.000
[depth_angular_controller-1] [INFO] [1791361604.473808652] [depth_angular_controller]: OMNI_DEPTH views=4 azimuth_bins=180 elevation_bins=37 valid=1 certificates=0 short=0 held=0 local_candidates=3 yaw=20.53
[depth_angular_controller-1] [INFO] [1791361604.474111190] [depth_angular_controller]: PAPER_BUILD reason=FULL_MOTION_CERTIFICATE required=0.0000 best=0.0000 free=0 refined=0 tubes=239 revoked_tubes=0 proofs=128
[depth_angular_controller-1] [INFO] [1791361604.474119606] [depth_angular_controller]: PAPER_EVIDENCE retained=16 balls=32 revoked_balls=0 expired_views=0 evicted_views=228 radius=0.580 clearance=0.000 best_prefix=0.000
[depth_angular_controller-1] [INFO] [1791361605.115202842] [depth_angular_controller]: [PERF CTRL] run=p5_six_uncertainty_20261007_ego1p5_2 elapsed=78.87s callbacks=3748 commands=3747 guidance=3627 command_fps(ros/wall)=59.84/57.49 guidance_wall_fps=57.28 avoid_ms(mean/p50/p95/max)=1.657/1.264/4.441/22.143 cycle_ms(mean/p95/max)=17.394/22.026/83.607 depth_to_cmd_ms(mean/p95/max)=46.439/83.333/116.667 callback_to_publish_ms(mean/p95/max)=3.379/7.629/26.303
[depth_angular_controller-1] [INFO] [1791361605.115531660] [depth_angular_controller]: EVIDENCE_COST ingest(mean/p95/max)=1.653/5.398/13.425 record=0.026/0.020/2.290 ms
[depth_angular_controller-1] [INFO] [1791361605.115540066] [depth_angular_controller]: EVIDENCE_PHASE per_view_mean_ms balls=0.060 tubes=0.049 history=0.273 eviction=0.001
[depth_angular_controller-1] [INFO] [1791361605.499246741] [depth_angular_controller]: OMNI_DEPTH views=4 azimuth_bins=180 elevation_bins=37 valid=1 certificates=0 short=0 held=0 local_candidates=1 yaw=45.87
[depth_angular_controller-1] [INFO] [1791361605.499592390] [depth_angular_controller]: PAPER_BUILD reason=FULL_MOTION_CERTIFICATE required=0.0000 best=0.0000 free=0 refined=0 tubes=243 revoked_tubes=0 proofs=128
[depth_angular_controller-1] [INFO] [1791361605.499610965] [depth_angular_controller]: PAPER_EVIDENCE retained=16 balls=32 revoked_balls=0 expired_views=0 evicted_views=232 radius=0.580 clearance=0.000 best_prefix=0.000
[depth_angular_controller-1] [INFO] [1791361606.521973875] [depth_angular_controller]: PAPER_BUILD reason=FULL_MOTION_CERTIFICATE required=0.0000 best=0.0000 free=0 refined=0 tubes=247 revoked_tubes=0 proofs=128
[depth_angular_controller-1] [INFO] [1791361606.522016084] [depth_angular_controller]: PAPER_EVIDENCE retained=16 balls=32 revoked_balls=0 expired_views=0 evicted_views=236 radius=0.580 clearance=0.000 best_prefix=0.000
[depth_angular_controller-1] [INFO] [1791361606.530570290] [depth_angular_controller]: OMNI_DEPTH views=4 azimuth_bins=180 elevation_bins=37 valid=1 certificates=0 short=0 held=0 local_candidates=2 yaw=-5.94
[position_cmd_to_twist-2] [INFO] [1791361607.478724368] [position_cmd_to_twist]: [PERF BRIDGE] run=p5_six_uncertainty_20261007_ego1p5_2 elapsed=81.12s received=3865 published=3865 fps(ros/wall)=59.54/57.23 controller_to_bridge_ms(mean/p50/p95/max)=0.272/0.000/0.000/50.000 bridge_process_ms(mean/p95/max)=0.090/0.117/1.438
[NAV] t=65.0s position=(50.14,14.16,2.02) yaw=-12.1deg command=(0.57,0.61,-0.17) manual_active=1 collision_blocks=0
[depth_angular_controller-1] [INFO] [1791361607.562864644] [depth_angular_controller]: OMNI_DEPTH views=4 azimuth_bins=180 elevation_bins=37 valid=1 certificates=0 short=0 held=0 local_candidates=2 yaw=-12.25
[depth_angular_controller-1] [INFO] [1791361607.565357930] [depth_angular_controller]: PAPER_BUILD reason=FULL_MOTION_CERTIFICATE required=0.0000 best=0.0000 free=0 refined=0 tubes=250 revoked_tubes=0 proofs=128
[depth_angular_controller-1] [INFO] [1791361607.565372677] [depth_angular_controller]: PAPER_EVIDENCE retained=16 balls=32 revoked_balls=0 expired_views=0 evicted_views=240 radius=0.580 clearance=0.000 best_prefix=0.000
[depth_angular_controller-1] [INFO] [1791361608.651133081] [depth_angular_controller]: OMNI_DEPTH views=4 azimuth_bins=180 elevation_bins=37 valid=1 certificates=0 short=0 held=0 local_candidates=2 yaw=-57.05
[depth_angular_controller-1] [INFO] [1791361608.660795139] [depth_angular_controller]: PAPER_BUILD reason=FULL_MOTION_CERTIFICATE required=0.0000 best=0.0000 free=0 refined=0 tubes=251 revoked_tubes=0 proofs=128
[depth_angular_controller-1] [INFO] [1791361608.660824854] [depth_angular_controller]: PAPER_EVIDENCE retained=16 balls=32 revoked_balls=0 expired_views=0 evicted_views=244 radius=0.580 clearance=0.000 best_prefix=0.000
[depth_angular_controller-1] [INFO] [1791361610.000866612] [depth_angular_controller]: COMPUTE_DEADLINE
[depth_angular_controller-1] [INFO] [1791361610.000905164] [depth_angular_controller]: PAPER_BUILD reason=STATE_DIRECTION_UNCERTIFIED required=0.0129 best=4.0383 free=856 refined=1 tubes=255 revoked_tubes=0 proofs=128
[depth_angular_controller-1] [INFO] [1791361610.000916977] [depth_angular_controller]: PAPER_EVIDENCE retained=16 balls=32 revoked_balls=0 expired_views=0 evicted_views=248 radius=0.580 clearance=0.000 best_prefix=4.038
[depth_angular_controller-1] [INFO] [1791361610.041059407] [depth_angular_controller]: OMNI_DEPTH views=4 azimuth_bins=180 elevation_bins=37 valid=0 certificates=64 short=0 held=0 local_candidates=0 yaw=0.00
[depth_angular_controller-1] [INFO] [1791361610.170984677] [depth_angular_controller]: [PERF CTRL] run=p5_six_uncertainty_20261007_ego1p5_2 elapsed=83.92s callbacks=3961 commands=3960 guidance=3840 command_fps(ros/wall)=58.75/56.39 guidance_wall_fps=56.16 avoid_ms(mean/p50/p95/max)=2.422/1.323/7.186/613.025 cycle_ms(mean/p95/max)=17.735/22.555/621.009 depth_to_cmd_ms(mean/p95/max)=45.924/83.333/116.667 callback_to_publish_ms(mean/p95/max)=4.165/9.565/620.939
[depth_angular_controller-1] [INFO] [1791361610.171316420] [depth_angular_controller]: EVIDENCE_COST ingest(mean/p95/max)=1.683/5.427/13.425 record=0.038/0.022/2.290 ms
[depth_angular_controller-1] [INFO] [1791361610.171323774] [depth_angular_controller]: EVIDENCE_PHASE per_view_mean_ms balls=0.061 tubes=0.052 history=0.276 eviction=0.001
[depth_angular_controller-1] [INFO] [1791361610.546187310] [depth_angular_controller]: TARGET_HOLD
[depth_angular_controller-1] [INFO] [1791361610.693892935] [depth_angular_controller]: COMPUTE_DEADLINE
[depth_angular_controller-1] [INFO] [1791361610.739615592] [depth_angular_controller]: TARGET_HOLD
[depth_angular_controller-1] [INFO] [1791361610.901007398] [depth_angular_controller]: COMPUTE_DEADLINE
[depth_angular_controller-1] [INFO] [1791361611.154599567] [depth_angular_controller]: PAPER_BUILD reason=READY required=0.0131 best=8.0717 free=205 refined=0 tubes=256 revoked_tubes=0 proofs=128
[depth_angular_controller-1] [INFO] [1791361611.154639151] [depth_angular_controller]: PAPER_EVIDENCE retained=16 balls=32 revoked_balls=0 expired_views=0 evicted_views=248 radius=0.580 clearance=0.000 best_prefix=8.072
[depth_angular_controller-1] [INFO] [1791361611.194825985] [depth_angular_controller]: OMNI_DEPTH views=4 azimuth_bins=180 elevation_bins=37 valid=0 certificates=64 short=0 held=0 local_candidates=0 yaw=0.00
[depth_angular_controller-1] [INFO] [1791361612.036661337] [depth_angular_controller]: PAPER_BUILD reason=READY required=0.0100 best=2.0217 free=38 refined=0 tubes=256 revoked_tubes=0 proofs=128
[depth_angular_controller-1] [INFO] [1791361612.036701242] [depth_angular_controller]: PAPER_EVIDENCE retained=16 balls=32 revoked_balls=0 expired_views=0 evicted_views=248 radius=0.580 clearance=0.042 best_prefix=2.022
[depth_angular_controller-1] [INFO] [1791361612.078091276] [depth_angular_controller]: OMNI_DEPTH views=4 azimuth_bins=180 elevation_bins=37 valid=0 certificates=64 short=0 held=0 local_candidates=0 yaw=0.00
[position_cmd_to_twist-2] [INFO] [1791361612.372489202] [position_cmd_to_twist]: [PERF BRIDGE] run=p5_six_uncertainty_20261007_ego1p5_2 elapsed=86.02s received=3973 published=3962 fps(ros/wall)=57.14/54.82 controller_to_bridge_ms(mean/p50/p95/max)=1.401/0.000/0.000/700.000 bridge_process_ms(mean/p95/max)=0.090/0.117/1.438
[NAV] t=70.0s position=(50.51,14.47,1.93) yaw=-13.6deg command=(0.00,0.00,0.00) manual_active=1 collision_blocks=0
[depth_angular_controller-1] [INFO] [1791361613.086720957] [depth_angular_controller]: PAPER_BUILD reason=READY required=0.0100 best=2.0217 free=38 refined=0 tubes=256 revoked_tubes=0 proofs=128
[depth_angular_controller-1] [INFO] [1791361613.086763347] [depth_angular_controller]: PAPER_EVIDENCE retained=16 balls=32 revoked_balls=0 expired_views=0 evicted_views=248 radius=0.580 clearance=0.042 best_prefix=2.022
[depth_angular_controller-1] [INFO] [1791361613.128451071] [depth_angular_controller]: OMNI_DEPTH views=4 azimuth_bins=180 elevation_bins=37 valid=0 certificates=64 short=0 held=0 local_candidates=0 yaw=0.00
[depth_angular_controller-1] [INFO] [1791361613.308893148] [depth_angular_controller]: TARGET_HOLD
[depth_angular_controller-1] [INFO] [1791361613.471133659] [depth_angular_controller]: COMPUTE_DEADLINE
[depth_angular_controller-1] [INFO] [1791361614.190675032] [depth_angular_controller]: PAPER_BUILD reason=READY required=0.0100 best=2.0217 free=39 refined=0 tubes=256 revoked_tubes=0 proofs=128
[depth_angular_controller-1] [INFO] [1791361614.190718474] [depth_angular_controller]: PAPER_EVIDENCE retained=16 balls=32 revoked_balls=0 expired_views=0 evicted_views=248 radius=0.580 clearance=0.043 best_prefix=2.022
[depth_angular_controller-1] [INFO] [1791361614.230837900] [depth_angular_controller]: OMNI_DEPTH views=4 azimuth_bins=180 elevation_bins=37 valid=0 certificates=64 short=0 held=0 local_candidates=0 yaw=0.00
[depth_angular_controller-1] [INFO] [1791361614.239456487] [depth_angular_controller]: TARGET_HOLD
[depth_angular_controller-1] [INFO] [1791361614.416282529] [depth_angular_controller]: COMPUTE_DEADLINE
[depth_angular_controller-1] [INFO] [1791361615.132850805] [depth_angular_controller]: PAPER_BUILD reason=READY required=0.0100 best=2.0217 free=41 refined=0 tubes=256 revoked_tubes=0 proofs=128
[depth_angular_controller-1] [INFO] [1791361615.132896340] [depth_angular_controller]: PAPER_EVIDENCE retained=16 balls=32 revoked_balls=0 expired_views=0 evicted_views=248 radius=0.580 clearance=0.042 best_prefix=2.022
[depth_angular_controller-1] [INFO] [1791361615.172712457] [depth_angular_controller]: OMNI_DEPTH views=4 azimuth_bins=180 elevation_bins=37 valid=0 certificates=64 short=0 held=0 local_candidates=0 yaw=0.00
[depth_angular_controller-1] [INFO] [1791361615.313592785] [depth_angular_controller]: [PERF CTRL] run=p5_six_uncertainty_20261007_ego1p5_2 elapsed=89.07s callbacks=3993 commands=3992 guidance=3872 command_fps(ros/wall)=54.82/52.96 guidance_wall_fps=52.67 avoid_ms(mean/p50/p95/max)=3.633/1.331/8.196/613.025 cycle_ms(mean/p95/max)=18.881/23.003/621.009 depth_to_cmd_ms(mean/p95/max)=45.786/83.333/116.667 callback_to_publish_ms(mean/p95/max)=5.418/10.842/620.939
[depth_angular_controller-1] [INFO] [1791361615.313935419] [depth_angular_controller]: EVIDENCE_COST ingest(mean/p95/max)=1.756/5.578/14.582 record=0.044/0.024/2.290 ms
[depth_angular_controller-1] [INFO] [1791361615.313944406] [depth_angular_controller]: EVIDENCE_PHASE per_view_mean_ms balls=0.063 tubes=0.056 history=0.288 eviction=0.001
[depth_angular_controller-1] [INFO] [1791361616.204955845] [depth_angular_controller]: PAPER_BUILD reason=READY required=0.0100 best=2.0217 free=41 refined=0 tubes=256 revoked_tubes=0 proofs=128
[depth_angular_controller-1] [INFO] [1791361616.204994087] [depth_angular_controller]: PAPER_EVIDENCE retained=16 balls=32 revoked_balls=0 expired_views=0 evicted_views=248 radius=0.580 clearance=0.042 best_prefix=2.022
[depth_angular_controller-1] [INFO] [1791361616.236950593] [depth_angular_controller]: OMNI_DEPTH views=4 azimuth_bins=180 elevation_bins=37 valid=0 certificates=64 short=0 held=0 local_candidates=0 yaw=0.00
[depth_angular_controller-1] [INFO] [1791361616.243467871] [depth_angular_controller]: TARGET_HOLD
[depth_angular_controller-1] [INFO] [1791361616.488807121] [depth_angular_controller]: COMPUTE_DEADLINE
[position_cmd_to_twist-2] [INFO] [1791361617.086233161] [position_cmd_to_twist]: [PERF BRIDGE] run=p5_six_uncertainty_20261007_ego1p5_2 elapsed=90.73s received=4003 published=3966 fps(ros/wall)=53.61/51.43 controller_to_bridge_ms(mean/p50/p95/max)=2.673/0.000/0.000/700.000 bridge_process_ms(mean/p95/max)=0.090/0.117/1.438
[NAV] t=75.0s position=(50.52,14.45,1.94) yaw=-13.6deg command=(0.00,0.00,0.00) manual_active=1 collision_blocks=0
[depth_angular_controller-1] [INFO] [1791361617.234630506] [depth_angular_controller]: PAPER_BUILD reason=READY required=0.0100 best=2.0217 free=42 refined=0 tubes=256 revoked_tubes=0 proofs=128
[depth_angular_controller-1] [INFO] [1791361617.234673286] [depth_angular_controller]: PAPER_EVIDENCE retained=16 balls=32 revoked_balls=0 expired_views=0 evicted_views=248 radius=0.580 clearance=0.043 best_prefix=2.022
[depth_angular_controller-1] [INFO] [1791361617.276143071] [depth_angular_controller]: OMNI_DEPTH views=4 azimuth_bins=180 elevation_bins=37 valid=0 certificates=64 short=0 held=0 local_candidates=0 yaw=0.00
[depth_angular_controller-1] [INFO] [1791361617.284750868] [depth_angular_controller]: TARGET_HOLD
[depth_angular_controller-1] [INFO] [1791361617.465102345] [depth_angular_controller]: COMPUTE_DEADLINE
[depth_angular_controller-1] [INFO] [1791361618.065410632] [depth_angular_controller]: TARGET_HOLD
[depth_angular_controller-1] [INFO] [1791361618.243672822] [depth_angular_controller]: COMPUTE_DEADLINE
[depth_angular_controller-1] [INFO] [1791361618.243703850] [depth_angular_controller]: PAPER_BUILD reason=READY required=0.0100 best=2.0217 free=15 refined=0 tubes=256 revoked_tubes=0 proofs=128
[depth_angular_controller-1] [INFO] [1791361618.243711915] [depth_angular_controller]: PAPER_EVIDENCE retained=16 balls=32 revoked_balls=0 expired_views=0 evicted_views=248 radius=0.580 clearance=0.043 best_prefix=2.022
[depth_angular_controller-1] [INFO] [1791361618.282532191] [depth_angular_controller]: OMNI_DEPTH views=4 azimuth_bins=180 elevation_bins=37 valid=0 certificates=64 short=0 held=0 local_candidates=0 yaw=0.00
[depth_angular_controller-1] [INFO] [1791361619.035715478] [depth_angular_controller]: TARGET_HOLD
[depth_angular_controller-1] [INFO] [1791361619.218638768] [depth_angular_controller]: COMPUTE_DEADLINE
[depth_angular_controller-1] [INFO] [1791361619.218679484] [depth_angular_controller]: PAPER_BUILD reason=READY required=0.0100 best=4.0383 free=15 refined=0 tubes=256 revoked_tubes=0 proofs=128
[depth_angular_controller-1] [INFO] [1791361619.218690234] [depth_angular_controller]: PAPER_EVIDENCE retained=16 balls=32 revoked_balls=0 expired_views=0 evicted_views=248 radius=0.580 clearance=0.042 best_prefix=4.038
[depth_angular_controller-1] [INFO] [1791361619.260465844] [depth_angular_controller]: OMNI_DEPTH views=4 azimuth_bins=180 elevation_bins=37 valid=0 certificates=64 short=0 held=0 local_candidates=0 yaw=0.00
[depth_angular_controller-1] [INFO] [1791361619.430758647] [depth_angular_controller]: TARGET_HOLD
[depth_angular_controller-1] [INFO] [1791361619.603212763] [depth_angular_controller]: COMPUTE_DEADLINE
[depth_angular_controller-1] [INFO] [1791361619.978466682] [depth_angular_controller]: TARGET_HOLD
[depth_angular_controller-1] [INFO] [1791361620.161050945] [depth_angular_controller]: COMPUTE_DEADLINE
[depth_angular_controller-1] [INFO] [1791361620.322701988] [depth_angular_controller]: [PERF CTRL] run=p5_six_uncertainty_20261007_ego1p5_2 elapsed=94.07s callbacks=4026 commands=4025 guidance=3905 command_fps(ros/wall)=51.47/50.07 guidance_wall_fps=49.73 avoid_ms(mean/p50/p95/max)=4.786/1.338/10.507/613.025 cycle_ms(mean/p95/max)=19.971/24.441/621.009 depth_to_cmd_ms(mean/p95/max)=45.668/83.333/116.667 callback_to_publish_ms(mean/p95/max)=6.608/13.486/620.939
[depth_angular_controller-1] [INFO] [1791361620.323024464] [depth_angular_controller]: EVIDENCE_COST ingest(mean/p95/max)=1.819/5.732/14.582 record=0.051/0.036/2.290 ms
[depth_angular_controller-1] [INFO] [1791361620.323030465] [depth_angular_controller]: EVIDENCE_PHASE per_view_mean_ms balls=0.066 tubes=0.059 history=0.298 eviction=0.001
[depth_angular_controller-1] [INFO] [1791361620.503137442] [depth_angular_controller]: PAPER_BUILD reason=READY required=0.0100 best=4.0383 free=45 refined=0 tubes=256 revoked_tubes=0 proofs=128
[depth_angular_controller-1] [INFO] [1791361620.503175344] [depth_angular_controller]: PAPER_EVIDENCE retained=16 balls=32 revoked_balls=0 expired_views=0 evicted_views=248 radius=0.580 clearance=0.047 best_prefix=4.038
[depth_angular_controller-1] [INFO] [1791361620.546066870] [depth_angular_controller]: OMNI_DEPTH views=4 azimuth_bins=180 elevation_bins=37 valid=0 certificates=64 short=0 held=0 local_candidates=0 yaw=0.00
[depth_angular_controller-1] [INFO] [1791361621.397964893] [depth_angular_controller]: PAPER_BUILD reason=READY required=0.0100 best=4.0383 free=45 refined=0 tubes=256 revoked_tubes=0 proofs=128
[depth_angular_controller-1] [INFO] [1791361621.398406543] [depth_angular_controller]: PAPER_EVIDENCE retained=16 balls=32 revoked_balls=0 expired_views=0 evicted_views=248 radius=0.580 clearance=0.047 best_prefix=4.038
[depth_angular_controller-1] [INFO] [1791361621.439991835] [depth_angular_controller]: OMNI_DEPTH views=4 azimuth_bins=180 elevation_bins=37 valid=0 certificates=64 short=0 held=0 local_candidates=0 yaw=0.00
[position_cmd_to_twist-2] [INFO] [1791361621.711233703] [position_cmd_to_twist]: [PERF BRIDGE] run=p5_six_uncertainty_20261007_ego1p5_2 elapsed=95.36s received=4032 published=3972 fps(ros/wall)=50.68/48.65 controller_to_bridge_ms(mean/p50/p95/max)=3.861/0.000/0.000/700.000 bridge_process_ms(mean/p95/max)=0.090/0.117/1.438
[NAV] t=80.0s position=(50.53,14.44,1.94) yaw=-13.5deg command=(0.00,0.00,0.00) manual_active=1 collision_blocks=0
[depth_angular_controller-1] [INFO] [1791361622.456495503] [depth_angular_controller]: PAPER_BUILD reason=READY required=0.0100 best=4.0383 free=45 refined=0 tubes=256 revoked_tubes=0 proofs=128
[depth_angular_controller-1] [INFO] [1791361622.456537802] [depth_angular_controller]: PAPER_EVIDENCE retained=16 balls=32 revoked_balls=0 expired_views=0 evicted_views=248 radius=0.580 clearance=0.047 best_prefix=4.038
[depth_angular_controller-1] [INFO] [1791361622.500147118] [depth_angular_controller]: OMNI_DEPTH views=4 azimuth_bins=180 elevation_bins=37 valid=0 certificates=64 short=0 held=0 local_candidates=0 yaw=0.00
[depth_angular_controller-1] [INFO] [1791361623.038234102] [depth_angular_controller]: TARGET_HOLD
[depth_angular_controller-1] [INFO] [1791361623.214873442] [depth_angular_controller]: COMPUTE_DEADLINE
[depth_angular_controller-1] [INFO] [1791361623.581468258] [depth_angular_controller]: PAPER_BUILD reason=READY required=0.0100 best=4.0383 free=45 refined=0 tubes=256 revoked_tubes=0 proofs=128
[depth_angular_controller-1] [INFO] [1791361623.581503665] [depth_angular_controller]: PAPER_EVIDENCE retained=16 balls=32 revoked_balls=0 expired_views=0 evicted_views=248 radius=0.580 clearance=0.049 best_prefix=4.038
[depth_angular_controller-1] [INFO] [1791361623.624885263] [depth_angular_controller]: OMNI_DEPTH views=4 azimuth_bins=180 elevation_bins=37 valid=0 certificates=64 short=0 held=0 local_candidates=0 yaw=0.00
[depth_angular_controller-1] [INFO] [1791361623.632480657] [depth_angular_controller]: TARGET_HOLD
[depth_angular_controller-1] [INFO] [1791361623.806186234] [depth_angular_controller]: COMPUTE_DEADLINE
[depth_angular_controller-1] [INFO] [1791361624.726768746] [depth_angular_controller]: PAPER_BUILD reason=READY required=0.0100 best=4.0383 free=45 refined=0 tubes=256 revoked_tubes=0 proofs=128
[depth_angular_controller-1] [INFO] [1791361624.726811486] [depth_angular_controller]: PAPER_EVIDENCE retained=16 balls=32 revoked_balls=0 expired_views=0 evicted_views=248 radius=0.580 clearance=0.051 best_prefix=4.038
[depth_angular_controller-1] [INFO] [1791361624.769637390] [depth_angular_controller]: OMNI_DEPTH views=4 azimuth_bins=180 elevation_bins=37 valid=0 certificates=64 short=0 held=0 local_candidates=0 yaw=0.00
[depth_angular_controller-1] [INFO] [1791361625.496242708] [depth_angular_controller]: [PERF CTRL] run=p5_six_uncertainty_20261007_ego1p5_2 elapsed=99.25s callbacks=4056 commands=4055 guidance=3935 command_fps(ros/wall)=48.51/47.39 guidance_wall_fps=47.01 avoid_ms(mean/p50/p95/max)=5.974/1.348/13.916/613.025 cycle_ms(mean/p95/max)=21.100/35.071/621.009 depth_to_cmd_ms(mean/p95/max)=45.553/83.333/116.667 callback_to_publish_ms(mean/p95/max)=7.833/15.115/620.939
[depth_angular_controller-1] [INFO] [1791361625.496558602] [depth_angular_controller]: EVIDENCE_COST ingest(mean/p95/max)=1.886/5.910/14.582 record=0.056/0.070/2.290 ms
[depth_angular_controller-1] [INFO] [1791361625.496564243] [depth_angular_controller]: EVIDENCE_PHASE per_view_mean_ms balls=0.068 tubes=0.063 history=0.308 eviction=0.001
[depth_angular_controller-1] [INFO] [1791361625.547319568] [depth_angular_controller]: TARGET_HOLD
[depth_angular_controller-1] [INFO] [1791361625.740497199] [depth_angular_controller]: COMPUTE_DEADLINE
[depth_angular_controller-1] [INFO] [1791361625.740531473] [depth_angular_controller]: PAPER_BUILD reason=READY required=0.0100 best=4.0383 free=17 refined=0 tubes=256 revoked_tubes=0 proofs=128
[depth_angular_controller-1] [INFO] [1791361625.740541662] [depth_angular_controller]: PAPER_EVIDENCE retained=16 balls=32 revoked_balls=0 expired_views=0 evicted_views=248 radius=0.580 clearance=0.049 best_prefix=4.038
[depth_angular_controller-1] [INFO] [1791361625.784182597] [depth_angular_controller]: OMNI_DEPTH views=4 azimuth_bins=180 elevation_bins=37 valid=0 certificates=64 short=0 held=0 local_candidates=0 yaw=0.00
[depth_angular_controller-1] [INFO] [1791361626.182984160] [depth_angular_controller]: TARGET_HOLD
[depth_angular_controller-1] [INFO] [1791361626.383205519] [depth_angular_controller]: COMPUTE_DEADLINE
[position_cmd_to_twist-2] [INFO] [1791361626.517778614] [position_cmd_to_twist]: [PERF BRIDGE] run=p5_six_uncertainty_20261007_ego1p5_2 elapsed=100.16s received=4061 published=3977 fps(ros/wall)=48.02/46.01 controller_to_bridge_ms(mean/p50/p95/max)=5.073/0.000/16.667/700.000 bridge_process_ms(mean/p95/max)=0.090/0.117/1.438
[NAV] t=85.0s position=(50.54,14.42,1.95) yaw=-13.5deg command=(0.00,0.00,0.00) manual_active=1 collision_blocks=0
[depth_angular_controller-1] [INFO] [1791361626.637168935] [depth_angular_controller]: TARGET_HOLD
[depth_angular_controller-1] [INFO] [1791361626.637204262] [depth_angular_controller]: PAPER_BUILD reason=READY required=0.0100 best=8.0717 free=20 refined=0 tubes=256 revoked_tubes=0 proofs=128
[depth_angular_controller-1] [INFO] [1791361626.637212888] [depth_angular_controller]: PAPER_EVIDENCE retained=16 balls=32 revoked_balls=0 expired_views=0 evicted_views=248 radius=0.580 clearance=0.047 best_prefix=8.072
[depth_angular_controller-1] [INFO] [1791361626.679090469] [depth_angular_controller]: OMNI_DEPTH views=4 azimuth_bins=180 elevation_bins=37 valid=0 certificates=64 short=0 held=0 local_candidates=0 yaw=0.00
[depth_angular_controller-1] [INFO] [1791361626.845577230] [depth_angular_controller]: COMPUTE_DEADLINE
[depth_angular_controller-1] [INFO] [1791361627.520668628] [depth_angular_controller]: TARGET_HOLD
[depth_angular_controller-1] [INFO] [1791361627.520702862] [depth_angular_controller]: PAPER_BUILD reason=READY required=0.0100 best=8.0717 free=20 refined=0 tubes=256 revoked_tubes=0 proofs=128
[depth_angular_controller-1] [INFO] [1791361627.520712851] [depth_angular_controller]: PAPER_EVIDENCE retained=16 balls=32 revoked_balls=0 expired_views=0 evicted_views=248 radius=0.580 clearance=0.047 best_prefix=8.072
[depth_angular_controller-1] [INFO] [1791361627.719566769] [depth_angular_controller]: COMPUTE_DEADLINE
[depth_angular_controller-1] [INFO] [1791361627.764172538] [depth_angular_controller]: OMNI_DEPTH views=4 azimuth_bins=180 elevation_bins=37 valid=0 certificates=64 short=0 held=0 local_candidates=0 yaw=0.00
[depth_angular_controller-1] [INFO] [1791361628.530246059] [depth_angular_controller]: PAPER_BUILD reason=READY required=0.0100 best=8.0717 free=48 refined=0 tubes=256 revoked_tubes=0 proofs=128
[depth_angular_controller-1] [INFO] [1791361628.530292807] [depth_angular_controller]: PAPER_EVIDENCE retained=16 balls=32 revoked_balls=0 expired_views=0 evicted_views=248 radius=0.580 clearance=0.047 best_prefix=8.072
[depth_angular_controller-1] [INFO] [1791361628.784641598] [depth_angular_controller]: OMNI_DEPTH views=4 azimuth_bins=180 elevation_bins=37 valid=0 certificates=64 short=0 held=0 local_candidates=0 yaw=0.00
[depth_angular_controller-1] [INFO] [1791361629.217506246] [depth_angular_controller]: TARGET_HOLD
[depth_angular_controller-1] [INFO] [1791361629.423427136] [depth_angular_controller]: COMPUTE_DEADLINE
[depth_angular_controller-1] [INFO] [1791361629.423840623] [depth_angular_controller]: PAPER_BUILD reason=READY required=0.0100 best=8.0717 free=19 refined=0 tubes=256 revoked_tubes=0 proofs=128
[depth_angular_controller-1] [INFO] [1791361629.423853186] [depth_angular_controller]: PAPER_EVIDENCE retained=16 balls=32 revoked_balls=0 expired_views=0 evicted_views=248 radius=0.580 clearance=0.047 best_prefix=8.072
[depth_angular_controller-1] [INFO] [1791361629.709554789] [depth_angular_controller]: OMNI_DEPTH views=4 azimuth_bins=180 elevation_bins=37 valid=0 certificates=64 short=0 held=0 local_candidates=0 yaw=0.00
[depth_angular_controller-1] [INFO] [1791361630.388687311] [depth_angular_controller]: PAPER_BUILD reason=READY required=0.0100 best=8.0717 free=48 refined=0 tubes=256 revoked_tubes=0 proofs=128
[depth_angular_controller-1] [INFO] [1791361630.388727146] [depth_angular_controller]: PAPER_EVIDENCE retained=16 balls=32 revoked_balls=0 expired_views=0 evicted_views=248 radius=0.580 clearance=0.047 best_prefix=8.072
[depth_angular_controller-1] [INFO] [1791361630.633206159] [depth_angular_controller]: [PERF CTRL] run=p5_six_uncertainty_20261007_ego1p5_2 elapsed=104.38s callbacks=4084 commands=4083 guidance=3963 command_fps(ros/wall)=45.76/45.02 guidance_wall_fps=44.61 avoid_ms(mean/p50/p95/max)=7.146/1.355/14.879/613.025 cycle_ms(mean/p95/max)=22.213/51.000/621.009 depth_to_cmd_ms(mean/p95/max)=45.416/83.333/116.667 callback_to_publish_ms(mean/p95/max)=9.036/17.597/620.939
[depth_angular_controller-1] [INFO] [1791361630.633554694] [depth_angular_controller]: EVIDENCE_COST ingest(mean/p95/max)=1.945/6.139/14.582 record=0.061/0.347/2.290 ms
[depth_angular_controller-1] [INFO] [1791361630.633562689] [depth_angular_controller]: EVIDENCE_PHASE per_view_mean_ms balls=0.070 tubes=0.066 history=0.317 eviction=0.001
[depth_angular_controller-1] [INFO] [1791361630.678254008] [depth_angular_controller]: OMNI_DEPTH views=4 azimuth_bins=180 elevation_bins=37 valid=0 certificates=64 short=0 held=0 local_candidates=0 yaw=0.00
[position_cmd_to_twist-2] [INFO] [1791361630.998236555] [position_cmd_to_twist]: [PERF BRIDGE] run=p5_six_uncertainty_20261007_ego1p5_2 elapsed=104.64s received=4084 published=3980 fps(ros/wall)=45.63/43.77 controller_to_bridge_ms(mean/p50/p95/max)=6.268/0.000/16.667/700.000 bridge_process_ms(mean/p95/max)=0.090/0.117/1.438
[NAV] t=90.0s position=(50.54,14.42,1.95) yaw=-13.4deg command=(0.00,0.00,0.00) manual_active=1 collision_blocks=0
[depth_angular_controller-1] [INFO] [1791361631.359684248] [depth_angular_controller]: PAPER_BUILD reason=READY required=0.0100 best=8.0717 free=48 refined=0 tubes=256 revoked_tubes=0 proofs=128
[depth_angular_controller-1] [INFO] [1791361631.359724434] [depth_angular_controller]: PAPER_EVIDENCE retained=16 balls=32 revoked_balls=0 expired_views=0 evicted_views=248 radius=0.580 clearance=0.047 best_prefix=8.072
[depth_angular_controller-1] [INFO] [1791361631.650424199] [depth_angular_controller]: OMNI_DEPTH views=4 azimuth_bins=180 elevation_bins=37 valid=0 certificates=64 short=0 held=0 local_candidates=0 yaw=0.00
[depth_angular_controller-1] [INFO] [1791361632.349797430] [depth_angular_controller]: TARGET_HOLD
[depth_angular_controller-1] [INFO] [1791361632.349829811] [depth_angular_controller]: PAPER_BUILD reason=READY required=0.0100 best=8.0717 free=48 refined=0 tubes=256 revoked_tubes=0 proofs=128
[depth_angular_controller-1] [INFO] [1791361632.349838598] [depth_angular_controller]: PAPER_EVIDENCE retained=16 balls=32 revoked_balls=0 expired_views=0 evicted_views=248 radius=0.580 clearance=0.047 best_prefix=8.072
[depth_angular_controller-1] [INFO] [1791361632.588507221] [depth_angular_controller]: COMPUTE_DEADLINE
[depth_angular_controller-1] [INFO] [1791361632.887913970] [depth_angular_controller]: OMNI_DEPTH views=4 azimuth_bins=180 elevation_bins=37 valid=0 certificates=64 short=0 held=0 local_candidates=0 yaw=0.00
[depth_angular_controller-1] [INFO] [1791361633.328320732] [depth_angular_controller]: PAPER_BUILD reason=READY required=0.0100 best=8.0717 free=48 refined=0 tubes=256 revoked_tubes=0 proofs=128
[depth_angular_controller-1] [INFO] [1791361633.328363502] [depth_angular_controller]: PAPER_EVIDENCE retained=16 balls=32 revoked_balls=0 expired_views=0 evicted_views=248 radius=0.580 clearance=0.047 best_prefix=8.072
[depth_angular_controller-1] [INFO] [1791361633.876159031] [depth_angular_controller]: OMNI_DEPTH views=4 azimuth_bins=180 elevation_bins=37 valid=0 certificates=64 short=0 held=0 local_candidates=0 yaw=0.00
[depth_angular_controller-1] [INFO] [1791361634.114844506] [depth_angular_controller]: TARGET_HOLD
[depth_angular_controller-1] [INFO] [1791361634.360021009] [depth_angular_controller]: COMPUTE_DEADLINE
[depth_angular_controller-1] [INFO] [1791361634.360058029] [depth_angular_controller]: PAPER_BUILD reason=READY required=0.0100 best=8.0717 free=19 refined=0 tubes=256 revoked_tubes=0 proofs=128
[depth_angular_controller-1] [INFO] [1791361634.360068679] [depth_angular_controller]: PAPER_EVIDENCE retained=16 balls=32 revoked_balls=0 expired_views=0 evicted_views=248 radius=0.580 clearance=0.047 best_prefix=8.072
[depth_angular_controller-1] [INFO] [1791361634.893552952] [depth_angular_controller]: OMNI_DEPTH views=4 azimuth_bins=180 elevation_bins=37 valid=0 certificates=64 short=0 held=0 local_candidates=0 yaw=0.00
[depth_angular_controller-1] [INFO] [1791361635.566091503] [depth_angular_controller]: PAPER_BUILD reason=READY required=0.0100 best=8.0717 free=50 refined=0 tubes=256 revoked_tubes=0 proofs=128
[depth_angular_controller-1] [INFO] [1791361635.566130596] [depth_angular_controller]: PAPER_EVIDENCE retained=16 balls=32 revoked_balls=0 expired_views=0 evicted_views=248 radius=0.580 clearance=0.047 best_prefix=8.072
[depth_angular_controller-1] [INFO] [1791361635.806942487] [depth_angular_controller]: [PERF CTRL] run=p5_six_uncertainty_20261007_ego1p5_2 elapsed=109.56s callbacks=4107 commands=4106 guidance=3986 command_fps(ros/wall)=43.37/42.83 guidance_wall_fps=42.40 avoid_ms(mean/p50/p95/max)=8.329/1.365/16.472/613.025 cycle_ms(mean/p95/max)=23.349/72.289/621.009 depth_to_cmd_ms(mean/p95/max)=45.321/83.333/116.667 callback_to_publish_ms(mean/p95/max)=10.245/19.093/620.939
[depth_angular_controller-1] [INFO] [1791361635.807262739] [depth_angular_controller]: EVIDENCE_COST ingest(mean/p95/max)=1.999/6.392/14.582 record=0.065/0.598/2.290 ms
[depth_angular_controller-1] [INFO] [1791361635.807272908] [depth_angular_controller]: EVIDENCE_PHASE per_view_mean_ms balls=0.072 tubes=0.069 history=0.326 eviction=0.001
[position_cmd_to_twist-2] [INFO] [1791361635.851546121] [position_cmd_to_twist]: [PERF BRIDGE] run=p5_six_uncertainty_20261007_ego1p5_2 elapsed=109.50s received=4106 published=3982 fps(ros/wall)=43.37/41.53 controller_to_bridge_ms(mean/p50/p95/max)=7.477/0.000/16.667/700.000 bridge_process_ms(mean/p95/max)=0.090/0.117/1.438
[depth_angular_controller-1] [INFO] [1791361635.855801388] [depth_angular_controller]: TARGET_HOLD
[NAV] t=95.0s position=(50.55,14.41,1.96) yaw=-13.4deg command=(0.02,-0.02,0.01) manual_active=1 collision_blocks=0
[depth_angular_controller-1] [INFO] [1791361636.102999501] [depth_angular_controller]: COMPUTE_DEADLINE
[depth_angular_controller-1] [INFO] [1791361636.139194673] [depth_angular_controller]: OMNI_DEPTH views=4 azimuth_bins=180 elevation_bins=37 valid=0 certificates=64 short=0 held=0 local_candidates=0 yaw=0.00
[depth_angular_controller-1] [INFO] [1791361636.594714266] [depth_angular_controller]: PAPER_BUILD reason=READY required=0.0100 best=8.0717 free=51 refined=0 tubes=256 revoked_tubes=0 proofs=128
[depth_angular_controller-1] [INFO] [1791361636.594749743] [depth_angular_controller]: PAPER_EVIDENCE retained=16 balls=32 revoked_balls=0 expired_views=0 evicted_views=248 radius=0.580 clearance=0.048 best_prefix=8.072
[depth_angular_controller-1] [INFO] [1791361637.148206932] [depth_angular_controller]: OMNI_DEPTH views=4 azimuth_bins=180 elevation_bins=37 valid=0 certificates=64 short=0 held=0 local_candidates=0 yaw=0.00
[depth_angular_controller-1] [INFO] [1791361637.609662722] [depth_angular_controller]: PAPER_BUILD reason=READY required=0.0100 best=8.0717 free=51 refined=0 tubes=256 revoked_tubes=0 proofs=128
[depth_angular_controller-1] [INFO] [1791361637.609702156] [depth_angular_controller]: PAPER_EVIDENCE retained=16 balls=32 revoked_balls=0 expired_views=0 evicted_views=248 radius=0.580 clearance=0.048 best_prefix=8.072
[depth_angular_controller-1] [INFO] [1791361638.153926093] [depth_angular_controller]: OMNI_DEPTH views=4 azimuth_bins=180 elevation_bins=37 valid=0 certificates=64 short=0 held=0 local_candidates=0 yaw=0.00
[depth_angular_controller-1] [INFO] [1791361638.613127706] [depth_angular_controller]: PAPER_BUILD reason=READY required=0.0100 best=8.0717 free=51 refined=0 tubes=256 revoked_tubes=0 proofs=128
[depth_angular_controller-1] [INFO] [1791361638.613167211] [depth_angular_controller]: PAPER_EVIDENCE retained=16 balls=32 revoked_balls=0 expired_views=0 evicted_views=248 radius=0.580 clearance=0.048 best_prefix=8.072
[depth_angular_controller-1] [INFO] [1791361639.168060769] [depth_angular_controller]: OMNI_DEPTH views=4 azimuth_bins=180 elevation_bins=37 valid=0 certificates=64 short=0 held=0 local_candidates=0 yaw=0.00
[depth_angular_controller-1] [INFO] [1791361639.636226228] [depth_angular_controller]: PAPER_BUILD reason=READY required=0.0100 best=8.0717 free=51 refined=0 tubes=256 revoked_tubes=0 proofs=128
[depth_angular_controller-1] [INFO] [1791361639.636266183] [depth_angular_controller]: PAPER_EVIDENCE retained=16 balls=32 revoked_balls=0 expired_views=0 evicted_views=248 radius=0.580 clearance=0.048 best_prefix=8.072
[depth_angular_controller-1] [INFO] [1791361640.177525329] [depth_angular_controller]: OMNI_DEPTH views=4 azimuth_bins=180 elevation_bins=37 valid=0 certificates=64 short=0 held=0 local_candidates=0 yaw=0.00
[position_cmd_to_twist-2] [INFO] [1791361640.258190193] [position_cmd_to_twist]: [PERF BRIDGE] run=p5_six_uncertainty_20261007_ego1p5_2 elapsed=113.90s received=4124 published=3983 fps(ros/wall)=41.41/39.75 controller_to_bridge_ms(mean/p50/p95/max)=8.632/0.000/16.667/700.000 bridge_process_ms(mean/p95/max)=0.090/0.117/1.438
[NAV] t=100.0s position=(50.55,14.41,1.96) yaw=-13.4deg command=(0.00,0.00,0.00) manual_active=1 collision_blocks=0
[depth_angular_controller-1] [INFO] [1791361640.642285899] [depth_angular_controller]: PAPER_BUILD reason=READY required=0.0100 best=8.0717 free=51 refined=0 tubes=256 revoked_tubes=0 proofs=128
[depth_angular_controller-1] [INFO] [1791361640.642715116] [depth_angular_controller]: PAPER_EVIDENCE retained=16 balls=32 revoked_balls=0 expired_views=0 evicted_views=248 radius=0.580 clearance=0.048 best_prefix=8.072
[depth_angular_controller-1] [INFO] [1791361640.896580167] [depth_angular_controller]: [PERF CTRL] run=p5_six_uncertainty_20261007_ego1p5_2 elapsed=114.65s callbacks=4128 commands=4127 guidance=4007 command_fps(ros/wall)=41.12/40.88 guidance_wall_fps=40.43 avoid_ms(mean/p50/p95/max)=9.492/1.373/19.175/613.025 cycle_ms(mean/p95/max)=24.464/75.196/621.009 depth_to_cmd_ms(mean/p95/max)=45.287/83.333/116.667 callback_to_publish_ms(mean/p95/max)=11.425/21.669/620.939
[depth_angular_controller-1] [INFO] [1791361640.896925516] [depth_angular_controller]: EVIDENCE_COST ingest(mean/p95/max)=2.045/6.688/16.327 record=0.069/0.639/2.290 ms
[depth_angular_controller-1] [INFO] [1791361640.896931858] [depth_angular_controller]: EVIDENCE_PHASE per_view_mean_ms balls=0.073 tubes=0.072 history=0.333 eviction=0.001
[depth_angular_controller-1] [INFO] [1791361641.176216361] [depth_angular_controller]: OMNI_DEPTH views=4 azimuth_bins=180 elevation_bins=37 valid=0 certificates=64 short=0 held=0 local_candidates=0 yaw=0.00
[depth_angular_controller-1] [INFO] [1791361641.624304599] [depth_angular_controller]: PAPER_BUILD reason=READY required=0.0100 best=8.0717 free=51 refined=0 tubes=256 revoked_tubes=0 proofs=128
[depth_angular_controller-1] [INFO] [1791361641.624340467] [depth_angular_controller]: PAPER_EVIDENCE retained=16 balls=32 revoked_balls=0 expired_views=0 evicted_views=248 radius=0.580 clearance=0.048 best_prefix=8.072
[depth_angular_controller-1] [INFO] [1791361642.160464892] [depth_angular_controller]: OMNI_DEPTH views=4 azimuth_bins=180 elevation_bins=37 valid=0 certificates=64 short=0 held=0 local_candidates=0 yaw=0.00
[depth_angular_controller-1] [INFO] [1791361642.628925937] [depth_angular_controller]: PAPER_BUILD reason=READY required=0.0100 best=8.0717 free=51 refined=0 tubes=256 revoked_tubes=0 proofs=128
[depth_angular_controller-1] [INFO] [1791361642.628967896] [depth_angular_controller]: PAPER_EVIDENCE retained=16 balls=32 revoked_balls=0 expired_views=0 evicted_views=248 radius=0.580 clearance=0.048 best_prefix=8.072
[depth_angular_controller-1] [INFO] [1791361643.159890525] [depth_angular_controller]: OMNI_DEPTH views=4 azimuth_bins=180 elevation_bins=37 valid=0 certificates=64 short=0 held=0 local_candidates=0 yaw=0.00
[depth_angular_controller-1] [INFO] [1791361643.849317083] [depth_angular_controller]: PAPER_BUILD reason=READY required=0.0100 best=8.0717 free=51 refined=0 tubes=256 revoked_tubes=0 proofs=128
[depth_angular_controller-1] [INFO] [1791361643.849356367] [depth_angular_controller]: PAPER_EVIDENCE retained=16 balls=32 revoked_balls=0 expired_views=0 evicted_views=248 radius=0.580 clearance=0.048 best_prefix=8.072
[depth_angular_controller-1] [INFO] [1791361644.149814001] [depth_angular_controller]: OMNI_DEPTH views=4 azimuth_bins=180 elevation_bins=37 valid=0 certificates=64 short=0 held=0 local_candidates=0 yaw=0.00
[depth_angular_controller-1] [INFO] [1791361644.874123004] [depth_angular_controller]: PAPER_BUILD reason=READY required=0.0100 best=8.0717 free=51 refined=0 tubes=256 revoked_tubes=0 proofs=128
[depth_angular_controller-1] [INFO] [1791361644.874558092] [depth_angular_controller]: PAPER_EVIDENCE retained=16 balls=32 revoked_balls=0 expired_views=0 evicted_views=248 radius=0.580 clearance=0.048 best_prefix=8.072
[position_cmd_to_twist-2] [INFO] [1791361644.921695037] [position_cmd_to_twist]: [PERF BRIDGE] run=p5_six_uncertainty_20261007_ego1p5_2 elapsed=118.57s received=4143 published=3983 fps(ros/wall)=39.62/37.95 controller_to_bridge_ms(mean/p50/p95/max)=9.816/0.000/33.333/700.000 bridge_process_ms(mean/p95/max)=0.090/0.117/1.438
[NAV] t=105.0s position=(50.55,14.41,1.96) yaw=-13.4deg command=(0.00,0.00,0.00) manual_active=1 collision_blocks=0
[depth_angular_controller-1] [INFO] [1791361645.174080638] [depth_angular_controller]: OMNI_DEPTH views=4 azimuth_bins=180 elevation_bins=37 valid=0 certificates=64 short=0 held=0 local_candidates=0 yaw=0.00
[depth_angular_controller-1] [INFO] [1791361645.862578040] [depth_angular_controller]: PAPER_BUILD reason=READY required=0.0100 best=8.0717 free=51 refined=0 tubes=256 revoked_tubes=0 proofs=128
[depth_angular_controller-1] [INFO] [1791361645.862616683] [depth_angular_controller]: PAPER_EVIDENCE retained=16 balls=32 revoked_balls=0 expired_views=0 evicted_views=248 radius=0.580 clearance=0.048 best_prefix=8.072
[depth_angular_controller-1] [INFO] [1791361646.117047117] [depth_angular_controller]: [PERF CTRL] run=p5_six_uncertainty_20261007_ego1p5_2 elapsed=119.87s callbacks=4149 commands=4148 guidance=4028 command_fps(ros/wall)=39.17/39.06 guidance_wall_fps=38.61 avoid_ms(mean/p50/p95/max)=10.672/1.378/28.900/613.025 cycle_ms(mean/p95/max)=25.599/76.892/621.009 depth_to_cmd_ms(mean/p95/max)=45.279/83.333/116.667 callback_to_publish_ms(mean/p95/max)=12.625/30.085/620.939
[depth_angular_controller-1] [INFO] [1791361646.117409789] [depth_angular_controller]: EVIDENCE_COST ingest(mean/p95/max)=2.094/6.981/16.327 record=0.073/0.687/2.290 ms
[depth_angular_controller-1] [INFO] [1791361646.117417423] [depth_angular_controller]: EVIDENCE_PHASE per_view_mean_ms balls=0.075 tubes=0.075 history=0.341 eviction=0.001
[depth_angular_controller-1] [INFO] [1791361646.161594616] [depth_angular_controller]: OMNI_DEPTH views=4 azimuth_bins=180 elevation_bins=37 valid=0 certificates=64 short=0 held=0 local_candidates=0 yaw=0.00
[depth_angular_controller-1] [INFO] [1791361646.860255809] [depth_angular_controller]: PAPER_BUILD reason=READY required=0.0100 best=8.0717 free=51 refined=0 tubes=256 revoked_tubes=0 proofs=128
[depth_angular_controller-1] [INFO] [1791361646.860296725] [depth_angular_controller]: PAPER_EVIDENCE retained=16 balls=32 revoked_balls=0 expired_views=0 evicted_views=248 radius=0.580 clearance=0.048 best_prefix=8.072
[depth_angular_controller-1] [INFO] [1791361647.160597324] [depth_angular_controller]: OMNI_DEPTH views=4 azimuth_bins=180 elevation_bins=37 valid=0 certificates=64 short=0 held=0 local_candidates=0 yaw=0.00
[depth_angular_controller-1] [INFO] [1791361647.873769097] [depth_angular_controller]: PAPER_BUILD reason=READY required=0.0100 best=8.0717 free=51 refined=0 tubes=256 revoked_tubes=0 proofs=128
[depth_angular_controller-1] [INFO] [1791361647.873810845] [depth_angular_controller]: PAPER_EVIDENCE retained=16 balls=32 revoked_balls=0 expired_views=0 evicted_views=248 radius=0.580 clearance=0.048 best_prefix=8.072
[depth_angular_controller-1] [INFO] [1791361648.167513745] [depth_angular_controller]: OMNI_DEPTH views=4 azimuth_bins=180 elevation_bins=37 valid=0 certificates=64 short=0 held=0 local_candidates=0 yaw=0.00
[depth_angular_controller-1] [INFO] [1791361648.858328422] [depth_angular_controller]: PAPER_BUILD reason=READY required=0.0100 best=8.0717 free=51 refined=0 tubes=256 revoked_tubes=0 proofs=128
[depth_angular_controller-1] [INFO] [1791361648.858369218] [depth_angular_controller]: PAPER_EVIDENCE retained=16 balls=32 revoked_balls=0 expired_views=0 evicted_views=248 radius=0.580 clearance=0.048 best_prefix=8.072
[depth_angular_controller-1] [INFO] [1791361649.155069691] [depth_angular_controller]: OMNI_DEPTH views=4 azimuth_bins=180 elevation_bins=37 valid=0 certificates=64 short=0 held=0 local_candidates=0 yaw=0.00
[position_cmd_to_twist-2] [INFO] [1791361649.499182888] [position_cmd_to_twist]: [PERF BRIDGE] run=p5_six_uncertainty_20261007_ego1p5_2 elapsed=123.14s received=4161 published=3983 fps(ros/wall)=38.00/36.40 controller_to_bridge_ms(mean/p50/p95/max)=10.951/0.000/33.333/700.000 bridge_process_ms(mean/p95/max)=0.090/0.117/1.438
[NAV] t=110.0s position=(50.55,14.41,1.96) yaw=-13.4deg command=(0.00,0.00,0.00) manual_active=1 collision_blocks=0
[depth_angular_controller-1] [INFO] [1791361649.869473960] [depth_angular_controller]: PAPER_BUILD reason=READY required=0.0100 best=8.0717 free=51 refined=0 tubes=256 revoked_tubes=0 proofs=128
[depth_angular_controller-1] [INFO] [1791361649.869512132] [depth_angular_controller]: PAPER_EVIDENCE retained=16 balls=32 revoked_balls=0 expired_views=0 evicted_views=248 radius=0.580 clearance=0.048 best_prefix=8.072
[depth_angular_controller-1] [INFO] [1791361650.153557612] [depth_angular_controller]: OMNI_DEPTH views=4 azimuth_bins=180 elevation_bins=37 valid=0 certificates=64 short=0 held=0 local_candidates=0 yaw=0.00
[depth_angular_controller-1] [INFO] [1791361650.870377050] [depth_angular_controller]: PAPER_BUILD reason=READY required=0.0100 best=8.0717 free=51 refined=0 tubes=256 revoked_tubes=0 proofs=128
[depth_angular_controller-1] [INFO] [1791361650.870418097] [depth_angular_controller]: PAPER_EVIDENCE retained=16 balls=32 revoked_balls=0 expired_views=0 evicted_views=248 radius=0.580 clearance=0.048 best_prefix=8.072
[depth_angular_controller-1] [INFO] [1791361651.123207397] [depth_angular_controller]: [PERF CTRL] run=p5_six_uncertainty_20261007_ego1p5_2 elapsed=124.87s callbacks=4169 commands=4168 guidance=4048 command_fps(ros/wall)=37.39/37.48 guidance_wall_fps=37.02 avoid_ms(mean/p50/p95/max)=11.795/1.383/37.192/613.025 cycle_ms(mean/p95/max)=26.677/78.548/621.009 depth_to_cmd_ms(mean/p95/max)=45.240/83.333/116.667 callback_to_publish_ms(mean/p95/max)=13.764/45.609/620.939
[depth_angular_controller-1] [INFO] [1791361651.123547967] [depth_angular_controller]: EVIDENCE_COST ingest(mean/p95/max)=2.137/7.449/16.327 record=0.078/0.726/2.290 ms
[depth_angular_controller-1] [INFO] [1791361651.123555852] [depth_angular_controller]: EVIDENCE_PHASE per_view_mean_ms balls=0.076 tubes=0.077 history=0.347 eviction=0.001
[depth_angular_controller-1] [INFO] [1791361651.169342590] [depth_angular_controller]: OMNI_DEPTH views=4 azimuth_bins=180 elevation_bins=37 valid=0 certificates=64 short=0 held=0 local_candidates=0 yaw=0.00
[depth_angular_controller-1] [INFO] [1791361651.886309846] [depth_angular_controller]: PAPER_BUILD reason=READY required=0.0100 best=8.0717 free=51 refined=0 tubes=256 revoked_tubes=0 proofs=128
[depth_angular_controller-1] [INFO] [1791361651.886345382] [depth_angular_controller]: PAPER_EVIDENCE retained=16 balls=32 revoked_balls=0 expired_views=0 evicted_views=248 radius=0.580 clearance=0.048 best_prefix=8.072
[depth_angular_controller-1] [INFO] [1791361652.184680798] [depth_angular_controller]: OMNI_DEPTH views=4 azimuth_bins=180 elevation_bins=37 valid=0 certificates=64 short=0 held=0 local_candidates=0 yaw=0.00
[depth_angular_controller-1] [INFO] [1791361652.681732814] [depth_angular_controller]: TARGET_HOLD
[depth_angular_controller-1] [INFO] [1791361652.937564712] [depth_angular_controller]: COMPUTE_DEADLINE
[depth_angular_controller-1] [INFO] [1791361652.937599487] [depth_angular_controller]: PAPER_BUILD reason=READY required=0.0100 best=8.0717 free=21 refined=0 tubes=256 revoked_tubes=0 proofs=128
[depth_angular_controller-1] [INFO] [1791361652.937611119] [depth_angular_controller]: PAPER_EVIDENCE retained=16 balls=32 revoked_balls=0 expired_views=0 evicted_views=248 radius=0.580 clearance=0.048 best_prefix=8.072
[depth_angular_controller-1] [INFO] [1791361653.243417976] [depth_angular_controller]: OMNI_DEPTH views=4 azimuth_bins=180 elevation_bins=37 valid=0 certificates=64 short=0 held=0 local_candidates=0 yaw=0.00
[position_cmd_to_twist-2] [INFO] [1791361654.151812814] [position_cmd_to_twist]: [PERF BRIDGE] run=p5_six_uncertainty_20261007_ego1p5_2 elapsed=127.80s received=4180 published=3984 fps(ros/wall)=36.51/34.95 controller_to_bridge_ms(mean/p50/p95/max)=12.077/0.000/66.667/700.000 bridge_process_ms(mean/p95/max)=0.090/0.117/1.438
[depth_angular_controller-1] [INFO] [1791361654.191482896] [depth_angular_controller]: PAPER_BUILD reason=READY required=0.0100 best=8.0717 free=51 refined=0 tubes=256 revoked_tubes=0 proofs=128
[depth_angular_controller-1] [INFO] [1791361654.191890823] [depth_angular_controller]: PAPER_EVIDENCE retained=16 balls=32 revoked_balls=0 expired_views=0 evicted_views=248 radius=0.580 clearance=0.047 best_prefix=8.072
[NAV] t=115.0s position=(50.56,14.40,1.96) yaw=-13.4deg command=(0.00,0.00,0.00) manual_active=1 collision_blocks=0
[depth_angular_controller-1] [INFO] [1791361654.498972435] [depth_angular_controller]: OMNI_DEPTH views=4 azimuth_bins=180 elevation_bins=37 valid=0 certificates=64 short=0 held=0 local_candidates=0 yaw=0.00
[depth_angular_controller-1] [INFO] [1791361655.231413571] [depth_angular_controller]: PAPER_BUILD reason=READY required=0.0100 best=8.0717 free=51 refined=0 tubes=256 revoked_tubes=0 proofs=128
[depth_angular_controller-1] [INFO] [1791361655.231457454] [depth_angular_controller]: PAPER_EVIDENCE retained=16 balls=32 revoked_balls=0 expired_views=0 evicted_views=248 radius=0.580 clearance=0.047 best_prefix=8.072
[depth_angular_controller-1] [INFO] [1791361655.537780310] [depth_angular_controller]: OMNI_DEPTH views=4 azimuth_bins=180 elevation_bins=37 valid=0 certificates=64 short=0 held=0 local_candidates=0 yaw=0.00
[depth_angular_controller-1] [INFO] [1791361656.224361230] [depth_angular_controller]: [PERF CTRL] run=p5_six_uncertainty_20261007_ego1p5_2 elapsed=129.98s callbacks=4190 commands=4189 guidance=4069 command_fps(ros/wall)=35.84/36.02 guidance_wall_fps=35.56 avoid_ms(mean/p50/p95/max)=12.922/1.387/151.180/613.025 cycle_ms(mean/p95/max)=27.762/83.607/621.009 depth_to_cmd_ms(mean/p95/max)=45.179/83.333/116.667 callback_to_publish_ms(mean/p95/max)=14.912/53.756/620.939
[depth_angular_controller-1] [INFO] [1791361656.224711419] [depth_angular_controller]: EVIDENCE_COST ingest(mean/p95/max)=2.185/8.231/16.327 record=0.081/0.755/2.290 ms
[depth_angular_controller-1] [INFO] [1791361656.224733570] [depth_angular_controller]: EVIDENCE_PHASE per_view_mean_ms balls=0.078 tubes=0.080 history=0.355 eviction=0.001
[depth_angular_controller-1] [INFO] [1791361656.482628926] [depth_angular_controller]: PAPER_BUILD reason=READY required=0.0100 best=8.0717 free=51 refined=0 tubes=256 revoked_tubes=0 proofs=128
[depth_angular_controller-1] [INFO] [1791361656.483041982] [depth_angular_controller]: PAPER_EVIDENCE retained=16 balls=32 revoked_balls=0 expired_views=0 evicted_views=248 radius=0.580 clearance=0.047 best_prefix=8.072
[depth_angular_controller-1] [INFO] [1791361656.770727393] [depth_angular_controller]: OMNI_DEPTH views=4 azimuth_bins=180 elevation_bins=37 valid=0 certificates=64 short=0 held=0 local_candidates=0 yaw=0.00
[depth_angular_controller-1] [INFO] [1791361656.778435880] [depth_angular_controller]: TARGET_HOLD
[depth_angular_controller-1] [INFO] [1791361657.021635819] [depth_angular_controller]: COMPUTE_DEADLINE
[depth_angular_controller-1] [INFO] [1791361657.545231228] [depth_angular_controller]: PAPER_BUILD reason=READY required=0.0100 best=8.0717 free=52 refined=0 tubes=256 revoked_tubes=0 proofs=128
[depth_angular_controller-1] [INFO] [1791361657.545267426] [depth_angular_controller]: PAPER_EVIDENCE retained=16 balls=32 revoked_balls=0 expired_views=0 evicted_views=248 radius=0.580 clearance=0.048 best_prefix=8.072
[depth_angular_controller-1] [INFO] [1791361657.839937563] [depth_angular_controller]: OMNI_DEPTH views=4 azimuth_bins=180 elevation_bins=37 valid=0 certificates=64 short=0 held=0 local_candidates=0 yaw=0.00
[depth_angular_controller-1] [INFO] [1791361658.572654548] [depth_angular_controller]: PAPER_BUILD reason=READY required=0.0100 best=8.0717 free=52 refined=0 tubes=256 revoked_tubes=0 proofs=128
[depth_angular_controller-1] [INFO] [1791361658.572691076] [depth_angular_controller]: PAPER_EVIDENCE retained=16 balls=32 revoked_balls=0 expired_views=0 evicted_views=248 radius=0.580 clearance=0.048 best_prefix=8.072
[depth_angular_controller-1] [INFO] [1791361658.873110639] [depth_angular_controller]: OMNI_DEPTH views=4 azimuth_bins=180 elevation_bins=37 valid=0 certificates=64 short=0 held=0 local_candidates=0 yaw=0.00
[position_cmd_to_twist-2] [INFO] [1791361658.908381373] [position_cmd_to_twist]: [PERF BRIDGE] run=p5_six_uncertainty_20261007_ego1p5_2 elapsed=132.55s received=4200 published=3985 fps(ros/wall)=35.12/33.52 controller_to_bridge_ms(mean/p50/p95/max)=13.246/0.000/133.333/700.000 bridge_process_ms(mean/p95/max)=0.090/0.117/1.438
[NAV] t=120.0s position=(50.56,14.40,1.96) yaw=-13.4deg command=(0.00,0.00,0.00) manual_active=1 collision_blocks=0
[depth_angular_controller-1] [INFO] [1791361659.617582254] [depth_angular_controller]: PAPER_BUILD reason=READY required=0.0100 best=8.0717 free=52 refined=0 tubes=256 revoked_tubes=0 proofs=128
[depth_angular_controller-1] [INFO] [1791361659.618016670] [depth_angular_controller]: PAPER_EVIDENCE retained=16 balls=32 revoked_balls=0 expired_views=0 evicted_views=248 radius=0.580 clearance=0.048 best_prefix=8.072
[depth_angular_controller-1] [INFO] [1791361659.924031648] [depth_angular_controller]: OMNI_DEPTH views=4 azimuth_bins=180 elevation_bins=37 valid=0 certificates=64 short=0 held=0 local_candidates=0 yaw=0.00
[depth_angular_controller-1] [INFO] [1791361660.630381500] [depth_angular_controller]: PAPER_BUILD reason=READY required=0.0100 best=8.0717 free=52 refined=0 tubes=256 revoked_tubes=0 proofs=128
[depth_angular_controller-1] [INFO] [1791361660.630827418] [depth_angular_controller]: PAPER_EVIDENCE retained=16 balls=32 revoked_balls=0 expired_views=0 evicted_views=248 radius=0.580 clearance=0.048 best_prefix=8.072
[depth_angular_controller-1] [INFO] [1791361660.936726388] [depth_angular_controller]: OMNI_DEPTH views=4 azimuth_bins=180 elevation_bins=37 valid=0 certificates=64 short=0 held=0 local_candidates=0 yaw=0.00
[depth_angular_controller-1] [INFO] [1791361661.415188127] [depth_angular_controller]: [PERF CTRL] run=p5_six_uncertainty_20261007_ego1p5_2 elapsed=135.17s callbacks=4211 commands=4210 guidance=4090 command_fps(ros/wall)=34.39/34.65 guidance_wall_fps=34.19 avoid_ms(mean/p50/p95/max)=14.062/1.393/163.320/613.025 cycle_ms(mean/p95/max)=28.856/172.454/621.009 depth_to_cmd_ms(mean/p95/max)=45.065/83.333/116.667 callback_to_publish_ms(mean/p95/max)=16.069/172.349/620.939
[depth_angular_controller-1] [INFO] [1791361661.415530390] [depth_angular_controller]: EVIDENCE_COST ingest(mean/p95/max)=2.230/9.403/16.327 record=0.084/0.762/2.290 ms
[depth_angular_controller-1] [INFO] [1791361661.415539297] [depth_angular_controller]: EVIDENCE_PHASE per_view_mean_ms balls=0.079 tubes=0.083 history=0.362 eviction=0.001
[depth_angular_controller-1] [INFO] [1791361661.675420114] [depth_angular_controller]: PAPER_BUILD reason=READY required=0.0100 best=8.0717 free=52 refined=0 tubes=256 revoked_tubes=0 proofs=128
[depth_angular_controller-1] [INFO] [1791361661.675455561] [depth_angular_controller]: PAPER_EVIDENCE retained=16 balls=32 revoked_balls=0 expired_views=0 evicted_views=248 radius=0.580 clearance=0.048 best_prefix=8.072
[depth_angular_controller-1] [INFO] [1791361661.981515593] [depth_angular_controller]: OMNI_DEPTH views=4 azimuth_bins=180 elevation_bins=37 valid=0 certificates=64 short=0 held=0 local_candidates=0 yaw=0.00
[depth_angular_controller-1] [INFO] [1791361662.720987833] [depth_angular_controller]: PAPER_BUILD reason=READY required=0.0100 best=8.0717 free=52 refined=0 tubes=256 revoked_tubes=0 proofs=128
[depth_angular_controller-1] [INFO] [1791361662.721027077] [depth_angular_controller]: PAPER_EVIDENCE retained=16 balls=32 revoked_balls=0 expired_views=0 evicted_views=248 radius=0.580 clearance=0.048 best_prefix=8.072
[depth_angular_controller-1] [INFO] [1791361663.026302785] [depth_angular_controller]: OMNI_DEPTH views=4 azimuth_bins=180 elevation_bins=37 valid=0 certificates=64 short=0 held=0 local_candidates=0 yaw=0.00
[position_cmd_to_twist-2] [INFO] [1791361663.302467315] [position_cmd_to_twist]: [PERF BRIDGE] run=p5_six_uncertainty_20261007_ego1p5_2 elapsed=136.95s received=4217 published=3985 fps(ros/wall)=33.85/32.32 controller_to_bridge_ms(mean/p50/p95/max)=14.386/0.000/183.333/700.000 bridge_process_ms(mean/p95/max)=0.090/0.117/1.438
[NAV] t=125.0s position=(50.56,14.40,1.96) yaw=-13.4deg command=(0.00,0.00,0.00) manual_active=1 collision_blocks=0
[depth_angular_controller-1] [INFO] [1791361663.752889068] [depth_angular_controller]: PAPER_BUILD reason=READY required=0.0100 best=8.0717 free=52 refined=0 tubes=256 revoked_tubes=0 proofs=128
[depth_angular_controller-1] [INFO] [1791361663.753306983] [depth_angular_controller]: PAPER_EVIDENCE retained=16 balls=32 revoked_balls=0 expired_views=0 evicted_views=248 radius=0.580 clearance=0.048 best_prefix=8.072
[depth_angular_controller-1] [INFO] [1791361664.042565751] [depth_angular_controller]: OMNI_DEPTH views=4 azimuth_bins=180 elevation_bins=37 valid=0 certificates=64 short=0 held=0 local_candidates=0 yaw=0.00
[depth_angular_controller-1] [INFO] [1791361664.786611826] [depth_angular_controller]: PAPER_BUILD reason=READY required=0.0100 best=8.0717 free=52 refined=0 tubes=256 revoked_tubes=0 proofs=128
[depth_angular_controller-1] [INFO] [1791361664.786650228] [depth_angular_controller]: PAPER_EVIDENCE retained=16 balls=32 revoked_balls=0 expired_views=0 evicted_views=248 radius=0.580 clearance=0.048 best_prefix=8.072
[depth_angular_controller-1] [INFO] [1791361665.093154145] [depth_angular_controller]: OMNI_DEPTH views=4 azimuth_bins=180 elevation_bins=37 valid=0 certificates=64 short=0 held=0 local_candidates=0 yaw=0.00
[depth_angular_controller-1] [INFO] [1791361665.829723620] [depth_angular_controller]: PAPER_BUILD reason=READY required=0.0100 best=8.0717 free=52 refined=0 tubes=256 revoked_tubes=0 proofs=128
[depth_angular_controller-1] [INFO] [1791361665.830131446] [depth_angular_controller]: PAPER_EVIDENCE retained=16 balls=32 revoked_balls=0 expired_views=0 evicted_views=248 radius=0.580 clearance=0.048 best_prefix=8.072
[depth_angular_controller-1] [INFO] [1791361666.134202070] [depth_angular_controller]: OMNI_DEPTH views=4 azimuth_bins=180 elevation_bins=37 valid=0 certificates=64 short=0 held=0 local_candidates=0 yaw=0.00
[depth_angular_controller-1] [INFO] [1791361666.612275138] [depth_angular_controller]: [PERF CTRL] run=p5_six_uncertainty_20261007_ego1p5_2 elapsed=140.36s callbacks=4231 commands=4230 guidance=4110 command_fps(ros/wall)=32.96/33.39 guidance_wall_fps=32.93 avoid_ms(mean/p50/p95/max)=15.197/1.397/167.628/613.025 cycle_ms(mean/p95/max)=29.949/179.035/621.009 depth_to_cmd_ms(mean/p95/max)=44.968/83.333/116.667 callback_to_publish_ms(mean/p95/max)=17.221/178.967/620.939
[depth_angular_controller-1] [INFO] [1791361666.612613845] [depth_angular_controller]: EVIDENCE_COST ingest(mean/p95/max)=2.273/10.116/16.327 record=0.087/0.776/2.290 ms
[depth_angular_controller-1] [INFO] [1791361666.612622171] [depth_angular_controller]: EVIDENCE_PHASE per_view_mean_ms balls=0.081 tubes=0.086 history=0.368 eviction=0.001
[depth_angular_controller-1] [INFO] [1791361666.867552855] [depth_angular_controller]: PAPER_BUILD reason=READY required=0.0100 best=8.0717 free=52 refined=0 tubes=256 revoked_tubes=0 proofs=128
[depth_angular_controller-1] [INFO] [1791361666.867587320] [depth_angular_controller]: PAPER_EVIDENCE retained=16 balls=32 revoked_balls=0 expired_views=0 evicted_views=248 radius=0.580 clearance=0.048 best_prefix=8.072
[depth_angular_controller-1] [INFO] [1791361667.165260000] [depth_angular_controller]: OMNI_DEPTH views=4 azimuth_bins=180 elevation_bins=37 valid=0 certificates=64 short=0 held=0 local_candidates=0 yaw=0.00
[position_cmd_to_twist-2] [INFO] [1791361667.859619709] [position_cmd_to_twist]: [PERF BRIDGE] run=p5_six_uncertainty_20261007_ego1p5_2 elapsed=141.51s received=4234 published=3985 fps(ros/wall)=32.70/31.21 controller_to_bridge_ms(mean/p50/p95/max)=15.462/0.000/200.000/700.000 bridge_process_ms(mean/p95/max)=0.090/0.117/1.438
[depth_angular_controller-1] [INFO] [1791361667.888278117] [depth_angular_controller]: PAPER_BUILD reason=READY required=0.0100 best=8.0717 free=52 refined=0 tubes=256 revoked_tubes=0 proofs=128
[depth_angular_controller-1] [INFO] [1791361667.888317331] [depth_angular_controller]: PAPER_EVIDENCE retained=16 balls=32 revoked_balls=0 expired_views=0 evicted_views=248 radius=0.580 clearance=0.048 best_prefix=8.072
[NAV] t=130.0s position=(50.56,14.40,1.96) yaw=-13.4deg command=(0.00,0.00,0.00) manual_active=1 collision_blocks=0
[depth_angular_controller-1] [INFO] [1791361668.177202306] [depth_angular_controller]: OMNI_DEPTH views=4 azimuth_bins=180 elevation_bins=37 valid=0 certificates=64 short=0 held=0 local_candidates=0 yaw=0.00
[depth_angular_controller-1] [INFO] [1791361668.897333067] [depth_angular_controller]: PAPER_BUILD reason=READY required=0.0100 best=8.0717 free=52 refined=0 tubes=256 revoked_tubes=0 proofs=128
[depth_angular_controller-1] [INFO] [1791361668.897370006] [depth_angular_controller]: PAPER_EVIDENCE retained=16 balls=32 revoked_balls=0 expired_views=0 evicted_views=248 radius=0.580 clearance=0.048 best_prefix=8.072
[depth_angular_controller-1] [INFO] [1791361669.201558441] [depth_angular_controller]: OMNI_DEPTH views=4 azimuth_bins=180 elevation_bins=37 valid=0 certificates=64 short=0 held=0 local_candidates=0 yaw=0.00
[depth_angular_controller-1] [INFO] [1791361669.935547627] [depth_angular_controller]: PAPER_BUILD reason=READY required=0.0100 best=8.0717 free=52 refined=0 tubes=256 revoked_tubes=0 proofs=128
[depth_angular_controller-1] [INFO] [1791361669.935586530] [depth_angular_controller]: PAPER_EVIDENCE retained=16 balls=32 revoked_balls=0 expired_views=0 evicted_views=248 radius=0.580 clearance=0.048 best_prefix=8.072
[depth_angular_controller-1] [INFO] [1791361670.240378649] [depth_angular_controller]: OMNI_DEPTH views=4 azimuth_bins=180 elevation_bins=37 valid=0 certificates=64 short=0 held=0 local_candidates=0 yaw=0.00
[depth_angular_controller-1] [INFO] [1791361670.978459314] [depth_angular_controller]: PAPER_BUILD reason=READY required=0.0100 best=8.0717 free=52 refined=0 tubes=256 revoked_tubes=0 proofs=128
[depth_angular_controller-1] [INFO] [1791361670.978492967] [depth_angular_controller]: PAPER_EVIDENCE retained=16 balls=32 revoked_balls=0 expired_views=0 evicted_views=248 radius=0.580 clearance=0.048 best_prefix=8.072
[depth_angular_controller-1] [INFO] [1791361671.288310882] [depth_angular_controller]: OMNI_DEPTH views=4 azimuth_bins=180 elevation_bins=37 valid=0 certificates=64 short=0 held=0 local_candidates=0 yaw=0.00
[depth_angular_controller-1] [INFO] [1791361671.768515647] [depth_angular_controller]: [PERF CTRL] run=p5_six_uncertainty_20261007_ego1p5_2 elapsed=145.52s callbacks=4251 commands=4250 guidance=4130 command_fps(ros/wall)=31.71/32.24 guidance_wall_fps=31.77 avoid_ms(mean/p50/p95/max)=16.312/1.402/172.302/613.025 cycle_ms(mean/p95/max)=31.021/182.092/621.009 depth_to_cmd_ms(mean/p95/max)=44.843/83.333/116.667 callback_to_publish_ms(mean/p95/max)=18.352/181.805/620.939
[depth_angular_controller-1] [INFO] [1791361671.768854614] [depth_angular_controller]: EVIDENCE_COST ingest(mean/p95/max)=2.317/10.483/16.327 record=0.091/0.783/2.290 ms
[depth_angular_controller-1] [INFO] [1791361671.768862198] [depth_angular_controller]: EVIDENCE_PHASE per_view_mean_ms balls=0.082 tubes=0.088 history=0.375 eviction=0.001
[depth_angular_controller-1] [INFO] [1791361672.028681139] [depth_angular_controller]: PAPER_BUILD reason=READY required=0.0100 best=8.0717 free=52 refined=0 tubes=256 revoked_tubes=0 proofs=128
[depth_angular_controller-1] [INFO] [1791361672.028723278] [depth_angular_controller]: PAPER_EVIDENCE retained=16 balls=32 revoked_balls=0 expired_views=0 evicted_views=248 radius=0.580 clearance=0.048 best_prefix=8.072
[position_cmd_to_twist-2] [INFO] [1791361672.290730291] [position_cmd_to_twist]: [PERF BRIDGE] run=p5_six_uncertainty_20261007_ego1p5_2 elapsed=145.94s received=4251 published=3985 fps(ros/wall)=31.65/30.17 controller_to_bridge_ms(mean/p50/p95/max)=16.576/0.000/200.000/700.000 bridge_process_ms(mean/p95/max)=0.090/0.117/1.438
[depth_angular_controller-1] [INFO] [1791361672.339277617] [depth_angular_controller]: OMNI_DEPTH views=4 azimuth_bins=180 elevation_bins=37 valid=0 certificates=64 short=0 held=0 local_candidates=0 yaw=0.00
[NAV] t=135.0s position=(50.56,14.40,1.96) yaw=-13.4deg command=(0.00,0.00,0.00) manual_active=1 collision_blocks=0
[depth_angular_controller-1] [INFO] [1791361673.063347921] [depth_angular_controller]: PAPER_BUILD reason=READY required=0.0100 best=8.0717 free=52 refined=0 tubes=256 revoked_tubes=0 proofs=128
[depth_angular_controller-1] [INFO] [1791361673.063385913] [depth_angular_controller]: PAPER_EVIDENCE retained=16 balls=32 revoked_balls=0 expired_views=0 evicted_views=248 radius=0.580 clearance=0.048 best_prefix=8.072
[depth_angular_controller-1] [INFO] [1791361673.370843772] [depth_angular_controller]: OMNI_DEPTH views=4 azimuth_bins=180 elevation_bins=37 valid=0 certificates=64 short=0 held=0 local_candidates=0 yaw=0.00
[depth_angular_controller-1] [INFO] [1791361674.112906600] [depth_angular_controller]: PAPER_BUILD reason=READY required=0.0100 best=8.0717 free=52 refined=0 tubes=256 revoked_tubes=0 proofs=128
[depth_angular_controller-1] [INFO] [1791361674.112944491] [depth_angular_controller]: PAPER_EVIDENCE retained=16 balls=32 revoked_balls=0 expired_views=0 evicted_views=248 radius=0.580 clearance=0.048 best_prefix=8.072
[depth_angular_controller-1] [INFO] [1791361674.419964257] [depth_angular_controller]: OMNI_DEPTH views=4 azimuth_bins=180 elevation_bins=37 valid=0 certificates=64 short=0 held=0 local_candidates=0 yaw=0.00
[depth_angular_controller-1] [INFO] [1791361675.121557921] [depth_angular_controller]: PAPER_BUILD reason=READY required=0.0100 best=8.0717 free=52 refined=0 tubes=256 revoked_tubes=0 proofs=128
[depth_angular_controller-1] [INFO] [1791361675.121598427] [depth_angular_controller]: PAPER_EVIDENCE retained=16 balls=32 revoked_balls=0 expired_views=0 evicted_views=248 radius=0.580 clearance=0.048 best_prefix=8.072
[depth_angular_controller-1] [INFO] [1791361675.423929763] [depth_angular_controller]: OMNI_DEPTH views=4 azimuth_bins=180 elevation_bins=37 valid=0 certificates=64 short=0 held=0 local_candidates=0 yaw=0.00
[depth_angular_controller-1] [INFO] [1791361676.162569588] [depth_angular_controller]: PAPER_BUILD reason=READY required=0.0100 best=8.0717 free=52 refined=0 tubes=256 revoked_tubes=0 proofs=128
[depth_angular_controller-1] [INFO] [1791361676.162617708] [depth_angular_controller]: PAPER_EVIDENCE retained=16 balls=32 revoked_balls=0 expired_views=0 evicted_views=248 radius=0.580 clearance=0.048 best_prefix=8.072
[depth_angular_controller-1] [INFO] [1791361676.452353913] [depth_angular_controller]: OMNI_DEPTH views=4 azimuth_bins=180 elevation_bins=37 valid=0 certificates=64 short=0 held=0 local_candidates=0 yaw=0.00
[position_cmd_to_twist-2] [INFO] [1791361676.818635901] [position_cmd_to_twist]: [PERF BRIDGE] run=p5_six_uncertainty_20261007_ego1p5_2 elapsed=150.46s received=4269 published=3985 fps(ros/wall)=30.61/29.14 controller_to_bridge_ms(mean/p50/p95/max)=17.709/0.000/200.000/700.000 bridge_process_ms(mean/p95/max)=0.090/0.117/1.438
[NAV] t=140.0s position=(50.56,14.40,1.96) yaw=-13.4deg command=(0.00,0.00,0.00) manual_active=1 collision_blocks=0
[depth_angular_controller-1] [INFO] [1791361676.934448680] [depth_angular_controller]: [PERF CTRL] run=p5_six_uncertainty_20261007_ego1p5_2 elapsed=150.69s callbacks=4271 commands=4270 guidance=4150 command_fps(ros/wall)=30.55/31.17 guidance_wall_fps=30.71 avoid_ms(mean/p50/p95/max)=17.416/1.406/182.720/613.025 cycle_ms(mean/p95/max)=32.086/187.260/621.009 depth_to_cmd_ms(mean/p95/max)=44.755/83.333/116.667 callback_to_publish_ms(mean/p95/max)=19.475/187.175/620.939
[depth_angular_controller-1] [INFO] [1791361676.934778460] [depth_angular_controller]: EVIDENCE_COST ingest(mean/p95/max)=2.361/10.765/16.327 record=0.094/0.794/2.290 ms
[depth_angular_controller-1] [INFO] [1791361676.934809227] [depth_angular_controller]: EVIDENCE_PHASE per_view_mean_ms balls=0.083 tubes=0.091 history=0.382 eviction=0.001
[depth_angular_controller-1] [INFO] [1791361677.192810593] [depth_angular_controller]: PAPER_BUILD reason=READY required=0.0100 best=8.0717 free=52 refined=0 tubes=256 revoked_tubes=0 proofs=128
[depth_angular_controller-1] [INFO] [1791361677.192848985] [depth_angular_controller]: PAPER_EVIDENCE retained=16 balls=32 revoked_balls=0 expired_views=0 evicted_views=248 radius=0.580 clearance=0.048 best_prefix=8.072
[depth_angular_controller-1] [INFO] [1791361677.497826884] [depth_angular_controller]: OMNI_DEPTH views=4 azimuth_bins=180 elevation_bins=37 valid=0 certificates=64 short=0 held=0 local_candidates=0 yaw=0.00
[depth_angular_controller-1] [INFO] [1791361678.219724986] [depth_angular_controller]: PAPER_BUILD reason=READY required=0.0100 best=8.0717 free=52 refined=0 tubes=256 revoked_tubes=0 proofs=128
[depth_angular_controller-1] [INFO] [1791361678.219769049] [depth_angular_controller]: PAPER_EVIDENCE retained=16 balls=32 revoked_balls=0 expired_views=0 evicted_views=248 radius=0.580 clearance=0.048 best_prefix=8.072
[depth_angular_controller-1] [INFO] [1791361678.524076778] [depth_angular_controller]: OMNI_DEPTH views=4 azimuth_bins=180 elevation_bins=37 valid=0 certificates=64 short=0 held=0 local_candidates=0 yaw=0.00
[depth_angular_controller-1] [INFO] [1791361679.261968588] [depth_angular_controller]: PAPER_BUILD reason=READY required=0.0100 best=8.0717 free=52 refined=0 tubes=256 revoked_tubes=0 proofs=128
[depth_angular_controller-1] [INFO] [1791361679.262011268] [depth_angular_controller]: PAPER_EVIDENCE retained=16 balls=32 revoked_balls=0 expired_views=0 evicted_views=248 radius=0.580 clearance=0.048 best_prefix=8.072
[depth_angular_controller-1] [INFO] [1791361679.567421329] [depth_angular_controller]: OMNI_DEPTH views=4 azimuth_bins=180 elevation_bins=37 valid=0 certificates=64 short=0 held=0 local_candidates=0 yaw=0.00
[depth_angular_controller-1] [INFO] [1791361680.291298701] [depth_angular_controller]: PAPER_BUILD reason=READY required=0.0100 best=8.0717 free=52 refined=0 tubes=256 revoked_tubes=0 proofs=128
[depth_angular_controller-1] [INFO] [1791361680.291341311] [depth_angular_controller]: PAPER_EVIDENCE retained=16 balls=32 revoked_balls=0 expired_views=0 evicted_views=248 radius=0.580 clearance=0.048 best_prefix=8.072
[depth_angular_controller-1] [INFO] [1791361680.599895831] [depth_angular_controller]: OMNI_DEPTH views=4 azimuth_bins=180 elevation_bins=37 valid=0 certificates=64 short=0 held=0 local_candidates=0 yaw=0.00
[position_cmd_to_twist-2] [INFO] [1791361681.183048527] [position_cmd_to_twist]: [PERF BRIDGE] run=p5_six_uncertainty_20261007_ego1p5_2 elapsed=154.83s received=4286 published=3985 fps(ros/wall)=29.65/28.23 controller_to_bridge_ms(mean/p50/p95/max)=18.817/0.000/216.667/700.000 bridge_process_ms(mean/p95/max)=0.090/0.117/1.438
[NAV] t=145.0s position=(50.56,14.40,1.96) yaw=-13.4deg command=(0.00,0.00,0.00) manual_active=1 collision_blocks=0
[depth_angular_controller-1] [INFO] [1791361681.342166139] [depth_angular_controller]: PAPER_BUILD reason=READY required=0.0100 best=8.0717 free=52 refined=0 tubes=256 revoked_tubes=0 proofs=128
[depth_angular_controller-1] [INFO] [1791361681.342202898] [depth_angular_controller]: PAPER_EVIDENCE retained=16 balls=32 revoked_balls=0 expired_views=0 evicted_views=248 radius=0.580 clearance=0.048 best_prefix=8.072
[depth_angular_controller-1] [INFO] [1791361681.649832190] [depth_angular_controller]: OMNI_DEPTH views=4 azimuth_bins=180 elevation_bins=37 valid=0 certificates=64 short=0 held=0 local_candidates=0 yaw=0.00
[depth_angular_controller-1] [INFO] [1791361682.132889816] [depth_angular_controller]: [PERF CTRL] run=p5_six_uncertainty_20261007_ego1p5_2 elapsed=155.88s callbacks=4291 commands=4290 guidance=4170 command_fps(ros/wall)=29.43/30.17 guidance_wall_fps=29.71 avoid_ms(mean/p50/p95/max)=18.518/1.414/211.311/613.025 cycle_ms(mean/p95/max)=33.149/208.877/621.009 depth_to_cmd_ms(mean/p95/max)=44.680/83.333/116.667 callback_to_publish_ms(mean/p95/max)=20.595/208.755/620.939
[depth_angular_controller-1] [INFO] [1791361682.133252197] [depth_angular_controller]: EVIDENCE_COST ingest(mean/p95/max)=2.405/10.942/16.327 record=0.097/0.803/2.290 ms
[depth_angular_controller-1] [INFO] [1791361682.133261304] [depth_angular_controller]: EVIDENCE_PHASE per_view_mean_ms balls=0.085 tubes=0.094 history=0.388 eviction=0.001
[depth_angular_controller-1] [INFO] [1791361682.396344039] [depth_angular_controller]: PAPER_BUILD reason=READY required=0.0100 best=8.0717 free=52 refined=0 tubes=256 revoked_tubes=0 proofs=128
[depth_angular_controller-1] [INFO] [1791361682.396384715] [depth_angular_controller]: PAPER_EVIDENCE retained=16 balls=32 revoked_balls=0 expired_views=0 evicted_views=248 radius=0.580 clearance=0.048 best_prefix=8.072
[depth_angular_controller-1] [INFO] [1791361682.707470232] [depth_angular_controller]: OMNI_DEPTH views=4 azimuth_bins=180 elevation_bins=37 valid=0 certificates=64 short=0 held=0 local_candidates=0 yaw=0.00
[depth_angular_controller-1] [INFO] [1791361683.412195281] [depth_angular_controller]: PAPER_BUILD reason=READY required=0.0100 best=8.0717 free=52 refined=0 tubes=256 revoked_tubes=0 proofs=128
[depth_angular_controller-1] [INFO] [1791361683.412240867] [depth_angular_controller]: PAPER_EVIDENCE retained=16 balls=32 revoked_balls=0 expired_views=0 evicted_views=248 radius=0.580 clearance=0.048 best_prefix=8.072
[depth_angular_controller-1] [INFO] [1791361683.716624699] [depth_angular_controller]: OMNI_DEPTH views=4 azimuth_bins=180 elevation_bins=37 valid=0 certificates=64 short=0 held=0 local_candidates=0 yaw=0.00
[depth_angular_controller-1] [INFO] [1791361684.454498835] [depth_angular_controller]: PAPER_BUILD reason=READY required=0.0100 best=8.0717 free=52 refined=0 tubes=256 revoked_tubes=0 proofs=128
[depth_angular_controller-1] [INFO] [1791361684.454537318] [depth_angular_controller]: PAPER_EVIDENCE retained=16 balls=32 revoked_balls=0 expired_views=0 evicted_views=248 radius=0.580 clearance=0.048 best_prefix=8.072
[depth_angular_controller-1] [INFO] [1791361684.743332494] [depth_angular_controller]: OMNI_DEPTH views=4 azimuth_bins=180 elevation_bins=37 valid=0 certificates=64 short=0 held=0 local_candidates=0 yaw=0.00
[depth_angular_controller-1] [INFO] [1791361685.709155638] [depth_angular_controller]: PAPER_BUILD reason=READY required=0.0100 best=8.0717 free=52 refined=0 tubes=256 revoked_tubes=0 proofs=128
[depth_angular_controller-1] [INFO] [1791361685.709200442] [depth_angular_controller]: PAPER_EVIDENCE retained=16 balls=32 revoked_balls=0 expired_views=0 evicted_views=248 radius=0.580 clearance=0.048 best_prefix=8.072
[depth_angular_controller-1] [INFO] [1791361685.754746447] [depth_angular_controller]: OMNI_DEPTH views=4 azimuth_bins=180 elevation_bins=37 valid=0 certificates=64 short=0 held=0 local_candidates=0 yaw=0.00
[position_cmd_to_twist-2] [INFO] [1791361685.765663243] [position_cmd_to_twist]: [PERF BRIDGE] run=p5_six_uncertainty_20261007_ego1p5_2 elapsed=159.41s received=4304 published=3985 fps(ros/wall)=28.78/27.33 controller_to_bridge_ms(mean/p50/p95/max)=19.912/0.000/216.667/700.000 bridge_process_ms(mean/p95/max)=0.090/0.117/1.438
[NAV] t=150.0s position=(50.56,14.40,1.96) yaw=-13.4deg command=(0.00,0.00,0.00) manual_active=1 collision_blocks=0
[depth_angular_controller-1] [INFO] [1791361686.752889310] [depth_angular_controller]: PAPER_BUILD reason=READY required=0.0100 best=8.0717 free=52 refined=0 tubes=256 revoked_tubes=0 proofs=128
[depth_angular_controller-1] [INFO] [1791361686.753319739] [depth_angular_controller]: PAPER_EVIDENCE retained=16 balls=32 revoked_balls=0 expired_views=0 evicted_views=248 radius=0.580 clearance=0.048 best_prefix=8.072
[depth_angular_controller-1] [INFO] [1791361686.798105495] [depth_angular_controller]: OMNI_DEPTH views=4 azimuth_bins=180 elevation_bins=37 valid=0 certificates=64 short=0 held=0 local_candidates=0 yaw=0.00
[depth_angular_controller-1] [INFO] [1791361687.276612119] [depth_angular_controller]: [PERF CTRL] run=p5_six_uncertainty_20261007_ego1p5_2 elapsed=161.03s callbacks=4311 commands=4310 guidance=4190 command_fps(ros/wall)=28.47/29.25 guidance_wall_fps=28.80 avoid_ms(mean/p50/p95/max)=19.597/1.420/227.559/613.025 cycle_ms(mean/p95/max)=34.188/238.498/621.009 depth_to_cmd_ms(mean/p95/max)=44.598/83.333/116.667 callback_to_publish_ms(mean/p95/max)=21.692/238.300/620.939
[depth_angular_controller-1] [INFO] [1791361687.276945665] [depth_angular_controller]: EVIDENCE_COST ingest(mean/p95/max)=2.447/11.139/16.327 record=0.100/0.810/2.290 ms
[depth_angular_controller-1] [INFO] [1791361687.276953901] [depth_angular_controller]: EVIDENCE_PHASE per_view_mean_ms balls=0.086 tubes=0.096 history=0.395 eviction=0.001
[depth_angular_controller-1] [INFO] [1791361687.795672525] [depth_angular_controller]: PAPER_BUILD reason=READY required=0.0100 best=8.0717 free=52 refined=0 tubes=256 revoked_tubes=0 proofs=128
[depth_angular_controller-1] [INFO] [1791361687.795710487] [depth_angular_controller]: PAPER_EVIDENCE retained=16 balls=32 revoked_balls=0 expired_views=0 evicted_views=248 radius=0.580 clearance=0.048 best_prefix=8.072
[depth_angular_controller-1] [INFO] [1791361687.840974442] [depth_angular_controller]: OMNI_DEPTH views=4 azimuth_bins=180 elevation_bins=37 valid=0 certificates=64 short=0 held=0 local_candidates=0 yaw=0.00
[depth_angular_controller-1] [INFO] [1791361688.817762251] [depth_angular_controller]: PAPER_BUILD reason=READY required=0.0100 best=8.0717 free=52 refined=0 tubes=256 revoked_tubes=0 proofs=128
[depth_angular_controller-1] [INFO] [1791361688.818151743] [depth_angular_controller]: PAPER_EVIDENCE retained=16 balls=32 revoked_balls=0 expired_views=0 evicted_views=248 radius=0.580 clearance=0.048 best_prefix=8.072
[depth_angular_controller-1] [INFO] [1791361688.863869451] [depth_angular_controller]: OMNI_DEPTH views=4 azimuth_bins=180 elevation_bins=37 valid=0 certificates=64 short=0 held=0 local_candidates=0 yaw=0.00
[depth_angular_controller-1] [INFO] [1791361689.861602494] [depth_angular_controller]: PAPER_BUILD reason=READY required=0.0100 best=8.0717 free=52 refined=0 tubes=256 revoked_tubes=0 proofs=128
[depth_angular_controller-1] [INFO] [1791361689.861640034] [depth_angular_controller]: PAPER_EVIDENCE retained=16 balls=32 revoked_balls=0 expired_views=0 evicted_views=248 radius=0.580 clearance=0.048 best_prefix=8.072
[depth_angular_controller-1] [INFO] [1791361689.905550045] [depth_angular_controller]: OMNI_DEPTH views=4 azimuth_bins=180 elevation_bins=37 valid=0 certificates=64 short=0 held=0 local_candidates=0 yaw=0.00
[position_cmd_to_twist-2] [INFO] [1791361690.172034873] [position_cmd_to_twist]: [PERF BRIDGE] run=p5_six_uncertainty_20261007_ego1p5_2 elapsed=163.82s received=4321 published=3985 fps(ros/wall)=27.95/26.53 controller_to_bridge_ms(mean/p50/p95/max)=20.987/0.000/216.667/700.000 bridge_process_ms(mean/p95/max)=0.090/0.117/1.438
[NAV] t=155.0s position=(50.56,14.40,1.96) yaw=-13.4deg command=(0.00,0.00,0.00) manual_active=1 collision_blocks=0
[depth_angular_controller-1] [INFO] [1791361690.902949069] [depth_angular_controller]: PAPER_BUILD reason=READY required=0.0100 best=8.0717 free=52 refined=0 tubes=256 revoked_tubes=0 proofs=128
[depth_angular_controller-1] [INFO] [1791361690.902991790] [depth_angular_controller]: PAPER_EVIDENCE retained=16 balls=32 revoked_balls=0 expired_views=0 evicted_views=248 radius=0.580 clearance=0.048 best_prefix=8.072
[depth_angular_controller-1] [INFO] [1791361690.949138454] [depth_angular_controller]: OMNI_DEPTH views=4 azimuth_bins=180 elevation_bins=37 valid=0 certificates=64 short=0 held=0 local_candidates=0 yaw=0.00
[depth_angular_controller-1] [INFO] [1791361691.921589012] [depth_angular_controller]: PAPER_BUILD reason=READY required=0.0100 best=8.0717 free=52 refined=0 tubes=256 revoked_tubes=0 proofs=128
[depth_angular_controller-1] [INFO] [1791361691.921626793] [depth_angular_controller]: PAPER_EVIDENCE retained=16 balls=32 revoked_balls=0 expired_views=0 evicted_views=248 radius=0.580 clearance=0.048 best_prefix=8.072
[depth_angular_controller-1] [INFO] [1791361691.967755574] [depth_angular_controller]: OMNI_DEPTH views=4 azimuth_bins=180 elevation_bins=37 valid=0 certificates=64 short=0 held=0 local_candidates=0 yaw=0.00
[depth_angular_controller-1] [INFO] [1791361692.441426690] [depth_angular_controller]: [PERF CTRL] run=p5_six_uncertainty_20261007_ego1p5_2 elapsed=166.19s callbacks=4331 commands=4330 guidance=4210 command_fps(ros/wall)=27.55/28.39 guidance_wall_fps=27.94 avoid_ms(mean/p50/p95/max)=20.670/1.427/231.005/613.025 cycle_ms(mean/p95/max)=35.224/242.211/621.009 depth_to_cmd_ms(mean/p95/max)=44.513/83.333/116.667 callback_to_publish_ms(mean/p95/max)=22.783/242.095/620.939
[depth_angular_controller-1] [INFO] [1791361692.441776998] [depth_angular_controller]: EVIDENCE_COST ingest(mean/p95/max)=2.490/11.280/16.327 record=0.103/0.814/2.290 ms
[depth_angular_controller-1] [INFO] [1791361692.441785945] [depth_angular_controller]: EVIDENCE_PHASE per_view_mean_ms balls=0.088 tubes=0.099 history=0.401 eviction=0.001
[depth_angular_controller-1] [INFO] [1791361692.932373002] [depth_angular_controller]: PAPER_BUILD reason=READY required=0.0100 best=8.0717 free=52 refined=0 tubes=256 revoked_tubes=0 proofs=128
[depth_angular_controller-1] [INFO] [1791361692.932411835] [depth_angular_controller]: PAPER_EVIDENCE retained=16 balls=32 revoked_balls=0 expired_views=0 evicted_views=248 radius=0.580 clearance=0.048 best_prefix=8.072
[depth_angular_controller-1] [INFO] [1791361692.979520006] [depth_angular_controller]: OMNI_DEPTH views=4 azimuth_bins=180 elevation_bins=37 valid=0 certificates=64 short=0 held=0 local_candidates=0 yaw=0.00
[depth_angular_controller-1] [INFO] [1791361692.985719196] [depth_angular_controller]: TARGET_HOLD
[depth_angular_controller-1] [INFO] [1791361693.246161378] [depth_angular_controller]: COMPUTE_DEADLINE
[depth_angular_controller-1] [INFO] [1791361694.024807718] [depth_angular_controller]: PAPER_BUILD reason=READY required=0.0100 best=8.0717 free=53 refined=0 tubes=256 revoked_tubes=0 proofs=128
[depth_angular_controller-1] [INFO] [1791361694.024845158] [depth_angular_controller]: PAPER_EVIDENCE retained=16 balls=32 revoked_balls=0 expired_views=0 evicted_views=248 radius=0.580 clearance=0.049 best_prefix=8.072
[depth_angular_controller-1] [INFO] [1791361694.069650001] [depth_angular_controller]: OMNI_DEPTH views=4 azimuth_bins=180 elevation_bins=37 valid=0 certificates=64 short=0 held=0 local_candidates=0 yaw=0.00
[depth_angular_controller-1] [INFO] [1791361694.320934743] [depth_angular_controller]: TARGET_HOLD
[depth_angular_controller-1] [INFO] [1791361694.578109084] [depth_angular_controller]: COMPUTE_DEADLINE
[position_cmd_to_twist-2] [INFO] [1791361694.901025525] [position_cmd_to_twist]: [PERF BRIDGE] run=p5_six_uncertainty_20261007_ego1p5_2 elapsed=168.55s received=4341 published=3987 fps(ros/wall)=27.18/25.74 controller_to_bridge_ms(mean/p50/p95/max)=22.034/0.000/233.333/700.000 bridge_process_ms(mean/p95/max)=0.090/0.117/1.438
[NAV] t=160.0s position=(50.56,14.40,1.97) yaw=-13.4deg command=(0.00,0.00,0.00) manual_active=1 collision_blocks=0
[depth_angular_controller-1] [INFO] [1791361695.257621400] [depth_angular_controller]: PAPER_BUILD reason=READY required=0.0100 best=8.0717 free=6 refined=0 tubes=256 revoked_tubes=0 proofs=128
[depth_angular_controller-1] [INFO] [1791361695.257660935] [depth_angular_controller]: PAPER_EVIDENCE retained=16 balls=32 revoked_balls=0 expired_views=0 evicted_views=248 radius=0.580 clearance=0.045 best_prefix=8.072
[depth_angular_controller-1] [INFO] [1791361695.303983259] [depth_angular_controller]: OMNI_DEPTH views=4 azimuth_bins=180 elevation_bins=37 valid=0 certificates=64 short=0 held=0 local_candidates=0 yaw=0.00
[depth_angular_controller-1] [INFO] [1791361696.200909474] [depth_angular_controller]: PAPER_BUILD reason=READY required=0.0100 best=8.0717 free=6 refined=0 tubes=256 revoked_tubes=0 proofs=128
[depth_angular_controller-1] [INFO] [1791361696.200948737] [depth_angular_controller]: PAPER_EVIDENCE retained=16 balls=32 revoked_balls=0 expired_views=0 evicted_views=248 radius=0.580 clearance=0.045 best_prefix=8.072
[depth_angular_controller-1] [INFO] [1791361696.245317831] [depth_angular_controller]: OMNI_DEPTH views=4 azimuth_bins=180 elevation_bins=37 valid=0 certificates=64 short=0 held=0 local_candidates=0 yaw=0.00
[depth_angular_controller-1] [INFO] [1791361697.133797862] [depth_angular_controller]: PAPER_BUILD reason=READY required=0.0100 best=8.0717 free=6 refined=0 tubes=256 revoked_tubes=0 proofs=128
[depth_angular_controller-1] [INFO] [1791361697.133841364] [depth_angular_controller]: PAPER_EVIDENCE retained=16 balls=32 revoked_balls=0 expired_views=0 evicted_views=248 radius=0.580 clearance=0.045 best_prefix=8.072
[depth_angular_controller-1] [INFO] [1791361697.179763186] [depth_angular_controller]: OMNI_DEPTH views=4 azimuth_bins=180 elevation_bins=37 valid=0 certificates=64 short=0 held=0 local_candidates=0 yaw=0.00
[depth_angular_controller-1] [INFO] [1791361697.594231692] [depth_angular_controller]: [PERF CTRL] run=p5_six_uncertainty_20261007_ego1p5_2 elapsed=171.35s callbacks=4354 commands=4353 guidance=4233 command_fps(ros/wall)=26.73/27.61 guidance_wall_fps=27.17 avoid_ms(mean/p50/p95/max)=21.707/1.432/231.827/613.025 cycle_ms(mean/p95/max)=36.221/243.012/621.009 depth_to_cmd_ms(mean/p95/max)=44.429/83.333/116.667 callback_to_publish_ms(mean/p95/max)=23.845/242.936/620.939
[depth_angular_controller-1] [INFO] [1791361697.594546714] [depth_angular_controller]: EVIDENCE_COST ingest(mean/p95/max)=2.537/11.398/16.327 record=0.106/0.814/2.290 ms
[depth_angular_controller-1] [INFO] [1791361697.594552244] [depth_angular_controller]: EVIDENCE_PHASE per_view_mean_ms balls=0.089 tubes=0.101 history=0.409 eviction=0.001
[depth_angular_controller-1] [INFO] [1791361697.638835506] [depth_angular_controller]: TARGET_HOLD
[depth_angular_controller-1] [INFO] [1791361697.863971156] [depth_angular_controller]: COMPUTE_DEADLINE
[depth_angular_controller-1] [INFO] [1791361698.088865964] [depth_angular_controller]: PAPER_BUILD reason=READY required=0.0100 best=8.0717 free=7 refined=0 tubes=256 revoked_tubes=0 proofs=128
[depth_angular_controller-1] [INFO] [1791361698.088908594] [depth_angular_controller]: PAPER_EVIDENCE retained=16 balls=32 revoked_balls=0 expired_views=0 evicted_views=248 radius=0.580 clearance=0.045 best_prefix=8.072
[depth_angular_controller-1] [INFO] [1791361698.133599412] [depth_angular_controller]: OMNI_DEPTH views=4 azimuth_bins=180 elevation_bins=37 valid=0 certificates=64 short=0 held=0 local_candidates=0 yaw=0.00
[depth_angular_controller-1] [INFO] [1791361699.197394776] [depth_angular_controller]: PAPER_BUILD reason=READY required=0.0100 best=8.0717 free=7 refined=0 tubes=256 revoked_tubes=0 proofs=128
[depth_angular_controller-1] [INFO] [1791361699.197436795] [depth_angular_controller]: PAPER_EVIDENCE retained=16 balls=32 revoked_balls=0 expired_views=0 evicted_views=248 radius=0.580 clearance=0.045 best_prefix=8.072
[depth_angular_controller-1] [INFO] [1791361699.241883655] [depth_angular_controller]: OMNI_DEPTH views=4 azimuth_bins=180 elevation_bins=37 valid=0 certificates=64 short=0 held=0 local_candidates=0 yaw=0.00
[position_cmd_to_twist-2] [INFO] [1791361699.313094913] [position_cmd_to_twist]: [PERF BRIDGE] run=p5_six_uncertainty_20261007_ego1p5_2 elapsed=172.96s received=4361 published=3988 fps(ros/wall)=26.50/25.04 controller_to_bridge_ms(mean/p50/p95/max)=23.068/0.000/250.000/700.000 bridge_process_ms(mean/p95/max)=0.090/0.117/1.438
[NAV] t=165.0s position=(50.57,14.39,1.97) yaw=-13.4deg command=(0.00,0.00,0.00) manual_active=1 collision_blocks=0
[depth_angular_controller-1] [INFO] [1791361700.100412890] [depth_angular_controller]: PAPER_BUILD reason=READY required=0.0100 best=8.0717 free=7 refined=0 tubes=256 revoked_tubes=0 proofs=128
[depth_angular_controller-1] [INFO] [1791361700.100451673] [depth_angular_controller]: PAPER_EVIDENCE retained=16 balls=32 revoked_balls=0 expired_views=0 evicted_views=248 radius=0.580 clearance=0.045 best_prefix=8.072
[depth_angular_controller-1] [INFO] [1791361700.142127134] [depth_angular_controller]: OMNI_DEPTH views=4 azimuth_bins=180 elevation_bins=37 valid=0 certificates=64 short=0 held=0 local_candidates=0 yaw=0.00
[depth_angular_controller-1] [INFO] [1791361701.191129938] [depth_angular_controller]: PAPER_BUILD reason=READY required=0.0100 best=8.0717 free=7 refined=0 tubes=256 revoked_tubes=0 proofs=128
[depth_angular_controller-1] [INFO] [1791361701.191169843] [depth_angular_controller]: PAPER_EVIDENCE retained=16 balls=32 revoked_balls=0 expired_views=0 evicted_views=248 radius=0.580 clearance=0.045 best_prefix=8.072
[depth_angular_controller-1] [INFO] [1791361701.235410074] [depth_angular_controller]: OMNI_DEPTH views=4 azimuth_bins=180 elevation_bins=37 valid=0 certificates=64 short=0 held=0 local_candidates=0 yaw=0.00
[depth_angular_controller-1] [INFO] [1791361702.097863895] [depth_angular_controller]: PAPER_BUILD reason=READY required=0.0100 best=8.0717 free=7 refined=0 tubes=256 revoked_tubes=0 proofs=128
[depth_angular_controller-1] [INFO] [1791361702.097907206] [depth_angular_controller]: PAPER_EVIDENCE retained=16 balls=32 revoked_balls=0 expired_views=0 evicted_views=248 radius=0.580 clearance=0.045 best_prefix=8.072
[depth_angular_controller-1] [INFO] [1791361702.143171321] [depth_angular_controller]: OMNI_DEPTH views=4 azimuth_bins=180 elevation_bins=37 valid=0 certificates=64 short=0 held=0 local_candidates=0 yaw=0.00
[depth_angular_controller-1] [INFO] [1791361702.757588093] [depth_angular_controller]: [PERF CTRL] run=p5_six_uncertainty_20261007_ego1p5_2 elapsed=176.51s callbacks=4378 commands=4377 guidance=4257 command_fps(ros/wall)=25.97/26.88 guidance_wall_fps=26.44 avoid_ms(mean/p50/p95/max)=22.730/1.440/231.545/613.025 cycle_ms(mean/p95/max)=37.203/242.866/621.009 depth_to_cmd_ms(mean/p95/max)=44.350/83.333/116.667 callback_to_publish_ms(mean/p95/max)=24.893/242.790/620.939
[depth_angular_controller-1] [INFO] [1791361702.757946937] [depth_angular_controller]: EVIDENCE_COST ingest(mean/p95/max)=2.585/11.560/16.327 record=0.109/0.814/2.290 ms
[depth_angular_controller-1] [INFO] [1791361702.757954501] [depth_angular_controller]: EVIDENCE_PHASE per_view_mean_ms balls=0.091 tubes=0.104 history=0.416 eviction=0.001
[depth_angular_controller-1] [INFO] [1791361702.804082099] [depth_angular_controller]: TARGET_HOLD
[depth_angular_controller-1] [INFO] [1791361703.009299156] [depth_angular_controller]: COMPUTE_DEADLINE
[depth_angular_controller-1] [INFO] [1791361703.054137261] [depth_angular_controller]: DEPTH_PROPOSAL_CERTIFIED
[depth_angular_controller-1] [INFO] [1791361703.265308308] [depth_angular_controller]: COMPUTE_DEADLINE
[depth_angular_controller-1] [INFO] [1791361703.265340829] [depth_angular_controller]: PAPER_BUILD reason=READY required=0.0100 best=8.0717 free=6 refined=0 tubes=256 revoked_tubes=0 proofs=128
[depth_angular_controller-1] [INFO] [1791361703.265352741] [depth_angular_controller]: PAPER_EVIDENCE retained=16 balls=32 revoked_balls=0 expired_views=0 evicted_views=248 radius=0.580 clearance=0.051 best_prefix=8.072
[depth_angular_controller-1] [INFO] [1791361703.308355046] [depth_angular_controller]: OMNI_DEPTH views=4 azimuth_bins=180 elevation_bins=37 valid=0 certificates=64 short=0 held=0 local_candidates=0 yaw=0.00
[depth_angular_controller-1] [INFO] [1791361703.944209175] [depth_angular_controller]: TARGET_HOLD
[position_cmd_to_twist-2] [INFO] [1791361704.082008873] [position_cmd_to_twist]: [PERF BRIDGE] run=p5_six_uncertainty_20261007_ego1p5_2 elapsed=177.73s received=4386 published=3992 fps(ros/wall)=25.83/24.33 controller_to_bridge_ms(mean/p50/p95/max)=24.084/0.000/250.000/700.000 bridge_process_ms(mean/p95/max)=0.090/0.117/1.438
[NAV] t=170.0s position=(50.57,14.39,1.97) yaw=-13.4deg command=(0.00,0.00,0.00) manual_active=1 collision_blocks=0
[depth_angular_controller-1] [INFO] [1791361704.194286578] [depth_angular_controller]: COMPUTE_DEADLINE
[depth_angular_controller-1] [INFO] [1791361704.399421912] [depth_angular_controller]: PAPER_BUILD reason=READY required=0.0100 best=8.0717 free=7 refined=0 tubes=256 revoked_tubes=0 proofs=128
[depth_angular_controller-1] [INFO] [1791361704.399465133] [depth_angular_controller]: PAPER_EVIDENCE retained=16 balls=32 revoked_balls=0 expired_views=0 evicted_views=248 radius=0.580 clearance=0.051 best_prefix=8.072
[depth_angular_controller-1] [INFO] [1791361704.442585540] [depth_angular_controller]: OMNI_DEPTH views=4 azimuth_bins=180 elevation_bins=37 valid=0 certificates=64 short=0 held=0 local_candidates=0 yaw=0.00
[depth_angular_controller-1] [INFO] [1791361704.639921405] [depth_angular_controller]: TARGET_HOLD
[depth_angular_controller-1] [INFO] [1791361704.845723081] [depth_angular_controller]: COMPUTE_DEADLINE
[depth_angular_controller-1] [INFO] [1791361705.462901512] [depth_angular_controller]: PAPER_BUILD reason=READY required=0.0100 best=8.0717 free=8 refined=0 tubes=256 revoked_tubes=0 proofs=128
[depth_angular_controller-1] [INFO] [1791361705.462945555] [depth_angular_controller]: PAPER_EVIDENCE retained=16 balls=32 revoked_balls=0 expired_views=0 evicted_views=248 radius=0.580 clearance=0.051 best_prefix=8.072
[depth_angular_controller-1] [INFO] [1791361705.509384819] [depth_angular_controller]: OMNI_DEPTH views=4 azimuth_bins=180 elevation_bins=37 valid=0 certificates=64 short=0 held=0 local_candidates=0 yaw=0.00
[depth_angular_controller-1] [INFO] [1791361706.499135039] [depth_angular_controller]: PAPER_BUILD reason=READY required=0.0100 best=8.0717 free=8 refined=0 tubes=256 revoked_tubes=0 proofs=128
[depth_angular_controller-1] [INFO] [1791361706.499592639] [depth_angular_controller]: PAPER_EVIDENCE retained=16 balls=32 revoked_balls=0 expired_views=0 evicted_views=248 radius=0.580 clearance=0.051 best_prefix=8.072
[depth_angular_controller-1] [INFO] [1791361706.545524009] [depth_angular_controller]: OMNI_DEPTH views=4 azimuth_bins=180 elevation_bins=37 valid=0 certificates=64 short=0 held=0 local_candidates=0 yaw=0.00
[depth_angular_controller-1] [INFO] [1791361706.763902290] [depth_angular_controller]: TARGET_HOLD
[depth_angular_controller-1] [INFO] [1791361706.964645088] [depth_angular_controller]: COMPUTE_DEADLINE
[depth_angular_controller-1] [INFO] [1791361707.480695107] [depth_angular_controller]: PAPER_BUILD reason=READY required=0.0100 best=8.0717 free=8 refined=0 tubes=256 revoked_tubes=0 proofs=128
[depth_angular_controller-1] [INFO] [1791361707.480737347] [depth_angular_controller]: PAPER_EVIDENCE retained=16 balls=32 revoked_balls=0 expired_views=0 evicted_views=248 radius=0.580 clearance=0.052 best_prefix=8.072
[depth_angular_controller-1] [INFO] [1791361707.530404577] [depth_angular_controller]: OMNI_DEPTH views=4 azimuth_bins=180 elevation_bins=37 valid=0 certificates=64 short=0 held=0 local_candidates=0 yaw=0.00
[depth_angular_controller-1] [INFO] [1791361707.826952453] [depth_angular_controller]: [PERF CTRL] run=p5_six_uncertainty_20261007_ego1p5_2 elapsed=181.58s callbacks=4408 commands=4407 guidance=4287 command_fps(ros/wall)=25.35/26.25 guidance_wall_fps=25.82 avoid_ms(mean/p50/p95/max)=23.676/1.445/231.485/613.025 cycle_ms(mean/p95/max)=38.100/242.826/621.009 depth_to_cmd_ms(mean/p95/max)=44.262/83.333/116.667 callback_to_publish_ms(mean/p95/max)=25.873/242.483/620.939
[depth_angular_controller-1] [INFO] [1791361707.827685711] [depth_angular_controller]: EVIDENCE_COST ingest(mean/p95/max)=2.635/11.657/16.327 record=0.113/0.820/2.290 ms
[depth_angular_controller-1] [INFO] [1791361707.827815756] [depth_angular_controller]: EVIDENCE_PHASE per_view_mean_ms balls=0.092 tubes=0.107 history=0.424 eviction=0.001
[depth_angular_controller-1] [INFO] [1791361708.342753475] [depth_angular_controller]: PAPER_BUILD reason=READY required=0.0100 best=8.0717 free=8 refined=0 tubes=256 revoked_tubes=0 proofs=128
[depth_angular_controller-1] [INFO] [1791361708.342796766] [depth_angular_controller]: PAPER_EVIDENCE retained=16 balls=32 revoked_balls=0 expired_views=0 evicted_views=248 radius=0.580 clearance=0.052 best_prefix=8.072
[depth_angular_controller-1] [INFO] [1791361708.390730529] [depth_angular_controller]: OMNI_DEPTH views=4 azimuth_bins=180 elevation_bins=37 valid=0 certificates=64 short=0 held=0 local_candidates=0 yaw=0.00
[depth_angular_controller-1] [INFO] [1791361708.538691834] [depth_angular_controller]: TARGET_HOLD
[depth_angular_controller-1] [INFO] [1791361708.775629183] [depth_angular_controller]: COMPUTE_DEADLINE
[position_cmd_to_twist-2] [INFO] [1791361708.822062396] [position_cmd_to_twist]: [PERF BRIDGE] run=p5_six_uncertainty_20261007_ego1p5_2 elapsed=182.47s received=4414 published=3997 fps(ros/wall)=25.26/23.67 controller_to_bridge_ms(mean/p50/p95/max)=25.068/0.000/250.000/700.000 bridge_process_ms(mean/p95/max)=0.090/0.117/1.438
[NAV] t=175.0s position=(50.58,14.38,1.98) yaw=-13.3deg command=(0.00,0.00,0.00) manual_active=1 collision_blocks=0
[depth_angular_controller-1] [INFO] [1791361709.014514814] [depth_angular_controller]: DEPTH_PROPOSAL_CERTIFIED
[depth_angular_controller-1] [INFO] [1791361709.710851008] [depth_angular_controller]: PAPER_BUILD reason=FULL_MOTION_CERTIFICATE required=0.0000 best=0.0000 free=0 refined=0 tubes=256 revoked_tubes=0 proofs=128
[depth_angular_controller-1] [INFO] [1791361709.710885432] [depth_angular_controller]: PAPER_EVIDENCE retained=16 balls=32 revoked_balls=0 expired_views=0 evicted_views=248 radius=0.580 clearance=0.000 best_prefix=8.072
[depth_angular_controller-1] [INFO] [1791361709.760783827] [depth_angular_controller]: OMNI_DEPTH views=4 azimuth_bins=180 elevation_bins=37 valid=1 certificates=0 short=0 held=0 local_candidates=2 yaw=-49.67
[depth_angular_controller-1] [INFO] [1791361710.726981615] [depth_angular_controller]: PAPER_BUILD reason=FULL_MOTION_CERTIFICATE required=0.0000 best=0.0000 free=0 refined=0 tubes=256 revoked_tubes=0 proofs=128
[depth_angular_controller-1] [INFO] [1791361710.727022802] [depth_angular_controller]: PAPER_EVIDENCE retained=16 balls=32 revoked_balls=0 expired_views=0 evicted_views=252 radius=0.580 clearance=0.000 best_prefix=8.072
[depth_angular_controller-1] [INFO] [1791361710.777467183] [depth_angular_controller]: OMNI_DEPTH views=4 azimuth_bins=180 elevation_bins=37 valid=1 certificates=0 short=0 held=0 local_candidates=3 yaw=-33.12
[depth_angular_controller-1] [INFO] [1791361711.752220649] [depth_angular_controller]: PAPER_BUILD reason=FULL_MOTION_CERTIFICATE required=0.0000 best=0.0000 free=0 refined=0 tubes=256 revoked_tubes=0 proofs=128
[depth_angular_controller-1] [INFO] [1791361711.752260284] [depth_angular_controller]: PAPER_EVIDENCE retained=16 balls=32 revoked_balls=0 expired_views=0 evicted_views=256 radius=0.580 clearance=0.000 best_prefix=8.072
[depth_angular_controller-1] [INFO] [1791361711.800618855] [depth_angular_controller]: OMNI_DEPTH views=4 azimuth_bins=180 elevation_bins=37 valid=1 certificates=0 short=0 held=0 local_candidates=1 yaw=-7.19
[depth_angular_controller-1] [INFO] [1791361712.831591605] [depth_angular_controller]: [PERF CTRL] run=p5_six_uncertainty_20261007_ego1p5_2 elapsed=186.58s callbacks=4618 commands=4617 guidance=4497 command_fps(ros/wall)=25.85/26.70 guidance_wall_fps=26.29 avoid_ms(mean/p50/p95/max)=22.940/1.452/229.493/613.025 cycle_ms(mean/p95/max)=37.451/240.946/621.009 depth_to_cmd_ms(mean/p95/max)=44.107/83.333/116.667 callback_to_publish_ms(mean/p95/max)=25.196/240.652/620.939
[depth_angular_controller-1] [INFO] [1791361712.831966760] [depth_angular_controller]: EVIDENCE_COST ingest(mean/p95/max)=2.643/11.572/16.327 record=0.116/0.826/2.290 ms
[depth_angular_controller-1] [INFO] [1791361712.831975026] [depth_angular_controller]: EVIDENCE_PHASE per_view_mean_ms balls=0.092 tubes=0.108 history=0.425 eviction=0.001
[depth_angular_controller-1] [INFO] [1791361712.844575987] [depth_angular_controller]: PAPER_BUILD reason=FULL_MOTION_CERTIFICATE required=0.0000 best=0.0000 free=0 refined=0 tubes=256 revoked_tubes=0 proofs=128
[depth_angular_controller-1] [INFO] [1791361712.844605863] [depth_angular_controller]: PAPER_EVIDENCE retained=16 balls=32 revoked_balls=0 expired_views=0 evicted_views=260 radius=0.580 clearance=0.000 best_prefix=8.072
[depth_angular_controller-1] [INFO] [1791361712.895635453] [depth_angular_controller]: OMNI_DEPTH views=4 azimuth_bins=180 elevation_bins=37 valid=1 certificates=0 short=0 held=0 local_candidates=1 yaw=-6.12
[depth_angular_controller-1] [INFO] [1791361713.931448580] [depth_angular_controller]: PAPER_BUILD reason=FULL_MOTION_CERTIFICATE required=0.0000 best=0.0000 free=0 refined=0 tubes=256 revoked_tubes=0 proofs=128
[depth_angular_controller-1] [INFO] [1791361713.931490048] [depth_angular_controller]: PAPER_EVIDENCE retained=16 balls=32 revoked_balls=0 expired_views=0 evicted_views=264 radius=0.580 clearance=0.000 best_prefix=8.072
[depth_angular_controller-1] [INFO] [1791361713.979475468] [depth_angular_controller]: OMNI_DEPTH views=4 azimuth_bins=180 elevation_bins=37 valid=1 certificates=0 short=0 held=0 local_candidates=1 yaw=-6.08
[position_cmd_to_twist-2] [INFO] [1791361714.299730257] [position_cmd_to_twist]: [PERF BRIDGE] run=p5_six_uncertainty_20261007_ego1p5_2 elapsed=187.95s received=4696 published=4278 fps(ros/wall)=26.10/24.54 controller_to_bridge_ms(mean/p50/p95/max)=23.673/0.000/250.000/700.000 bridge_process_ms(mean/p95/max)=0.090/0.116/1.438
[NAV] t=180.0s position=(57.44,11.90,2.85) yaw=-6.1deg command=(1.99,-0.21,-0.02) manual_active=1 collision_blocks=0
[depth_angular_controller-1] [INFO] [1791361714.952926336] [depth_angular_controller]: PAPER_BUILD reason=FULL_MOTION_CERTIFICATE required=0.0000 best=0.0000 free=0 refined=0 tubes=256 revoked_tubes=0 proofs=128
[depth_angular_controller-1] [INFO] [1791361714.952965420] [depth_angular_controller]: PAPER_EVIDENCE retained=16 balls=32 revoked_balls=0 expired_views=0 evicted_views=268 radius=0.580 clearance=0.000 best_prefix=8.072
[depth_angular_controller-1] [INFO] [1791361715.001434939] [depth_angular_controller]: OMNI_DEPTH views=4 azimuth_bins=180 elevation_bins=37 valid=1 certificates=0 short=0 held=0 local_candidates=1 yaw=-6.08
[depth_angular_controller-1] [INFO] [1791361716.036883821] [depth_angular_controller]: PAPER_BUILD reason=FULL_MOTION_CERTIFICATE required=0.0000 best=0.0000 free=0 refined=0 tubes=256 revoked_tubes=0 proofs=128
[depth_angular_controller-1] [INFO] [1791361716.036926141] [depth_angular_controller]: PAPER_EVIDENCE retained=16 balls=32 revoked_balls=0 expired_views=0 evicted_views=272 radius=0.580 clearance=0.000 best_prefix=8.072
[depth_angular_controller-1] [INFO] [1791361716.083256560] [depth_angular_controller]: OMNI_DEPTH views=4 azimuth_bins=180 elevation_bins=37 valid=1 certificates=0 short=0 held=0 local_candidates=1 yaw=-6.08
[depth_angular_controller-1] [INFO] [1791361716.998657064] [depth_angular_controller]: PAPER_BUILD reason=FULL_MOTION_CERTIFICATE required=0.0000 best=0.0000 free=0 refined=0 tubes=256 revoked_tubes=0 proofs=128
[depth_angular_controller-1] [INFO] [1791361716.998695005] [depth_angular_controller]: PAPER_EVIDENCE retained=16 balls=32 revoked_balls=0 expired_views=0 evicted_views=276 radius=0.580 clearance=0.000 best_prefix=8.072
[depth_angular_controller-1] [INFO] [1791361717.045632155] [depth_angular_controller]: OMNI_DEPTH views=4 azimuth_bins=180 elevation_bins=37 valid=1 certificates=0 short=0 held=0 local_candidates=1 yaw=-6.08
[depth_angular_controller-1] [INFO] [1791361717.824942843] [depth_angular_controller]: ZERO_INTENT
[depth_angular_controller-1] [INFO] [1791361717.838838147] [depth_angular_controller]: [PERF CTRL] run=p5_six_uncertainty_20261007_ego1p5_2 elapsed=191.59s callbacks=4906 commands=4905 guidance=4783 command_fps(ros/wall)=26.74/27.57 guidance_wall_fps=27.17 avoid_ms(mean/p50/p95/max)=21.601/1.382/227.387/613.025 cycle_ms(mean/p95/max)=36.272/237.699/621.009 depth_to_cmd_ms(mean/p95/max)=43.989/83.333/116.667 callback_to_publish_ms(mean/p95/max)=23.861/237.319/620.939
[depth_angular_controller-1] [INFO] [1791361717.839214704] [depth_angular_controller]: EVIDENCE_COST ingest(mean/p95/max)=2.594/11.426/16.327 record=0.111/0.819/2.290 ms
[depth_angular_controller-1] [INFO] [1791361717.839223250] [depth_angular_controller]: EVIDENCE_PHASE per_view_mean_ms balls=0.090 tubes=0.104 history=0.419 eviction=0.001
[BENCHMARK RESULT] ARRIVED sim=182.567s
[PERF ISAAC FINAL] run=p5_six_uncertainty_20261007_ego1p5_2 result=ARRIVED wall=179.33s sim_frames=11076 fps(sim/wall)=60.01/61.76 command_changes=4107 collision_blocks=0 frame_interval_ms(mean/p50/p95/max)=16.161/15.053/17.585/79.327
[192.298s] Simulation App Shutting Down
[depth_angular_controller-1] [INFO] [1791361719.586696800] [rclcpp]: signal_handler(SIGINT/SIGTERM)
[position_cmd_to_twist-2] [INFO] [1791361719.587793110] [position_cmd_to_twist]: [PERF BRIDGE FINAL] run=p5_six_uncertainty_20261007_ego1p5_2 elapsed=193.23s received=4974 published=4556 fps(ros/wall)=26.95/25.45 controller_to_bridge_ms(mean/p50/p95/max)=22.350/0.000/233.333/700.000 bridge_process_ms(mean/p95/max)=0.090/0.117/1.438
[position_cmd_to_twist-2] Failed to publish log message to rosout: publisher's context is invalid, at ./src/rcl/publisher.c:389
[depth_angular_controller-1] [INFO] [1791361719.587857120] [depth_angular_controller]: [PERF CTRL FINAL] run=p5_six_uncertainty_20261007_ego1p5_2 elapsed=193.34s callbacks=4975 commands=4974 guidance=4783 command_fps(ros/wall)=26.95/27.79 guidance_wall_fps=27.17 avoid_ms(mean/p50/p95/max)=21.601/1.382/227.387/613.025 cycle_ms(mean/p95/max)=35.984/236.987/621.009 depth_to_cmd_ms(mean/p95/max)=43.989/83.333/116.667 callback_to_publish_ms(mean/p95/max)=23.551/236.916/620.939
[depth_angular_controller-1] [INFO] [1791361719.588210755] [depth_angular_controller]: EVIDENCE_COST ingest(mean/p95/max)=2.579/11.391/16.327 record=0.109/0.815/2.290 ms
[depth_angular_controller-1] [INFO] [1791361719.588215333] [depth_angular_controller]: EVIDENCE_PHASE per_view_mean_ms balls=0.090 tubes=0.103 history=0.416 eviction=0.001
[INFO] [depth_angular_controller-1]: process has finished cleanly [pid 241799]
[INFO] [position_cmd_to_twist-2]: process has finished cleanly [pid 241801]
