[PERF] run=pilot_ego1p1_1 log=/home/starry/isaac-data/EGO1P1/performance/navigation_benchmark_20260929/PERFORMANCE.md
[INPUT] mode=goal scene_mode=cloud
[INFO] [launch]: All log files can be found below /tmp/fov_gvf_ego1p1_isaac_ros_log/2026-09-29-19-42-02-303608-starry-System-Product-Name-46577
[INFO] [launch]: Default logging verbosity is set to INFO
[INFO] [depth_angular_controller-1]: process started with pid [46579]
[INFO] [position_cmd_to_twist-2]: process started with pid [46581]
[depth_angular_controller-1] [INFO] [1790682122.673112173] [depth_angular_controller]: C++ controller commands publish on /position_cmd; horizontal views=4
[ROS CHECK] ROS_DOMAIN_ID=42 /position_cmd publishers=1
Type: pc_gvf_msgs/msg/PositionCommand
Publisher count: 1
Subscription count: 1
/depth_angular_controller
/position_cmd_to_twist
WARNING: All log messages before absl::InitializeLog() is called are written to STDERR
E0000 00:00:1790682123.701072   46629 descriptor_database.cc:633] File already exists in database: grpc/health/v1/health.proto
W0000 00:00:1790682123.701093   46629 message.cc:301] Protobuf GeneratedMessageFactory: File is already registered: grpc/health/v1/health.proto
2026-09-29T11:42:03Z [Info] [carb] Logging to file: /home/starry/isaac-data/isaacsim/kit/logs/Kit/Isaac-Sim Python/6.0/kit_20260929_194203.log
[0.044s] [ext: omni.assets.plugins-0.0.0] startup
[0.044s] [ext: omni.blobkey-1.1.2] startup
[0.044s] [ext: omni.kit.async_engine-0.0.3] startup
[0.317s] [ext: omni.client.lib-1.1.1] startup
[0.325s] [ext: omni.client-1.3.0] startup
[0.327s] [ext: omni.protobuf.lib-1.0.0] startup
[0.328s] [ext: omni.grpc.lib-1.0.0] startup
[0.331s] [ext: omni.metrics.core-0.0.3] startup
[0.331s] [ext: omni.datastore-0.0.0] startup
[0.332s] [ext: omni.gpu_foundation.shadercache.vulkan-1.0.0] startup
[0.334s] [ext: omni.hsscclient-1.1.4] startup
[0.334s] [ext: omni.stats-1.0.1] startup
[0.335s] [ext: omni.ujitso.default-1.0.0] startup
[0.338s] [ext: omni.gpu_foundation-0.0.0] startup
[0.460s] [ext: carb.windowing.plugins-1.0.1] startup
[0.461s] [ext: omni.kit.renderer.init-1.0.1] startup
2026-09-29T11:42:04Z [656ms] [Warning] [omni.rtx] Skipping unsupported non-NVIDIA GPU: AMD Unknown (RADV RAPHAEL_MENDOCINO)
2026-09-29T11:42:04Z [656ms] [Warning] [omni.rtx] Skipping unsupported non-NVIDIA GPU: AMD Unknown (RADV RAPHAEL_MENDOCINO)

|---------------------------------------------------------------------------------------------|
| Driver Version: 580.178.04    | Graphics API: Vulkan
|=============================================================================================|
| GPU | Name                             | Active | LDA | GPU Memory | Vendor-ID | LUID       |
|     |                                  |        |     |            | Device-ID | UUID       |
|     |                                  |        |     |            | Bus-ID    |            |
|---------------------------------------------------------------------------------------------|
| 0   | NVIDIA GeForce RTX 5070          | Yes: 0 |     | 12227   MB | 10de      | 0          |
|     |                                  |        |     |            | 2f04      | 348d89fe.. |
|     |                                  |        |     |            | 1         |            |
|---------------------------------------------------------------------------------------------|
| 1   | AMD Unknown (RADV RAPHAEL_MEND.. |        |     | 10755   MB | 1002      | 0          |
|     |                                  |        |     |            | 13c0      | 00000000.. |
|     |                                  |        |     |            | c         |            |
|=============================================================================================|
| OS: 22.04.5 LTS (Jammy Jellyfish) ubuntu, Version: 22.04.5, Kernel: 6.8.0-138-generic
| XServer Vendor: The X.Org Foundation, XServer Version: 12101004 (1.21.1.4)
| Processor: AMD Ryzen 5 9600X 6-Core Processor
| Cores: 6 | Logical Cores: 12
|---------------------------------------------------------------------------------------------|
| Total Memory (MB): 31241 | Free Memory: 22773
| Total Page/Swap (MB): 15624 | Free Page/Swap: 15624
|---------------------------------------------------------------------------------------------|
2026-09-29T11:42:04Z [868ms] [Warning] [omni.rtx] CPU performance profile is set to powersave. This profile sets the CPU to the lowest frequency reducing performance.
2026-09-29T11:42:04Z [876ms] [Warning] [omni.rtx] IOMMU is enabled.
[0.976s] [ext: omni.kit.pipapi-0.0.0] startup
[0.977s] [ext: omni.kit.pip_archive-0.0.0] startup
[0.977s] [ext: isaacsim.pip.newton-0.6.1] startup
[0.977s] [ext: omni.pip.compute-1.9.2] startup
[0.978s] [ext: omni.isaac.core_archive-5.3.1] startup
[0.978s] [ext: omni.kit.telemetry-0.5.2] startup
[0.995s] [ext: omni.kit.loop-isaac-1.6.0] startup
[0.996s] [ext: omni.kit.test-2.0.7] startup
[1.046s] [ext: omni.materialx.libs-1.0.9] startup
[1.052s] [ext: omni.gpucompute.plugins-0.0.0] startup
[1.053s] [ext: omni.usd.config-1.0.7] startup
[1.055s] [ext: omni.usd.libs-1.0.3] startup
[1.110s] [ext: omni.iray.libs-0.0.1] startup
[1.113s] [ext: omni.mdl-57.0.3] startup
[1.174s] [ext: omni.mdl.neuraylib-0.2.20] startup
[1.176s] [ext: omni.kit.usd.mdl-1.1.9] startup
[1.260s] [ext: omni.appwindow-1.2.2] startup
[1.262s] [ext: omni.kit.renderer.core-1.2.2] startup
2026-09-29T11:42:09Z [6,493ms] [Warning] [carb.windowing-glfw.gamepad] Joystick with unknown remapping detected (will be ignored):  BEITONG BEITONG A2P3A BFM DONGLE [03000000bc2000001c51000011010000]
[6.524s] [ext: omni.kit.renderer.capture-2.0.1] startup
[6.525s] [ext: omni.kit.renderer.imgui-2.0.6] startup
[6.561s] [ext: omni.ui-3.2.0] startup
[6.568s] [ext: omni.kit.mainwindow-1.0.3] startup
[6.568s] [ext: carb.audio-0.1.0] startup
[6.570s] [ext: omni.uiaudio-1.0.0] startup
[6.571s] [ext: omni.kit.uiapp-0.0.0] startup
[6.571s] [ext: omni.usd.schema.metrics.assembler-110.1.0] startup
[6.573s] [ext: omni.usd.schema.audio-0.0.1] startup
[6.575s] [ext: omni.usd_resolver-1.0.0] startup
[6.578s] [ext: omni.usd.core-1.8.3] startup
[6.580s] [ext: omni.metropolis.schema-0.0.3] startup
[6.581s] [ext: isaacsim.anim.robot.schema-0.1.1] startup
[6.581s] [ext: omni.usd.schema.anim-0.0.1] startup
[6.595s] [ext: omni.usd.schema.geospatial-0.0.1] startup
[6.596s] [ext: omni.usd.schema.omnigraph-1.0.1] startup
[6.601s] [ext: omni.usd.schema.semantics-0.0.0] startup
[6.602s] [ext: omni.activity.core-1.0.3] startup
[6.603s] [ext: omni.cubric-0.1.0] startup
[6.604s] [ext: omni.graph.exec-0.9.6] startup
[6.604s] [ext: omni.hydra.scene_delegate-0.3.5] startup
[6.606s] [ext: usdrt.scenegraph-7.6.3] startup
[6.625s] [ext: omni.hydra.usdrt_delegate-7.5.2] startup
[6.629s] [ext: omni.inspect-1.0.2] startup
[6.631s] [ext: omni.kit.actions.core-1.0.0] startup
[6.632s] [ext: omni.kit.audiodeviceenum-1.0.2] startup
[6.633s] [ext: omni.kit.commands-1.5.0] startup
[6.636s] [ext: omni.kit.exec.core-0.13.5] startup
[6.637s] [ext: omni.kit.usd_undo-0.1.8] startup
[6.638s] [ext: omni.kit.window.popup_dialog-2.0.25] startup
[6.641s] [ext: omni.kit.widget.nucleus_connector-2.3.1] startup
[6.644s] [ext: omni.timeline-1.1.0] startup
[6.646s] [ext: omni.usd-1.16.0] startup
[6.674s] [ext: omni.graph.core-3.1.2] startup
[6.677s] [ext: omni.kit.notification_manager-1.0.11] startup
[6.678s] [ext: isaacsim.core.deprecation_manager-0.4.2] startup
[6.679s] [ext: isaacsim.replicator.agent.schema-0.1.1] startup
[6.679s] [ext: isaacsim.robot.schema-6.3.7] startup
[6.683s] [ext: isaacsim.robot_motion.schema-0.2.1] startup
[6.684s] [ext: omni.anim.behavior.schema-110.1.0] startup
[6.687s] [ext: omni.anim.graph.schema-110.1.1] startup
[6.692s] [ext: omni.anim.navigation.schema-110.1.0] startup
[6.694s] [ext: omni.behavior.tree.schema-110.1.0] startup
[6.694s] [ext: omni.isaac.ml_archive-3.3.0] startup
[6.695s] [ext: omni.kit.asset_converter-6.0.1] startup
[6.704s] [ext: omni.pip.cloud-1.5.4] startup
[6.706s] [ext: omni.usd.schema.flow-110.0.0] startup
[6.706s] [ext: omni.usd.schema.mujoco-1.1.1] startup
[6.706s] [ext: omni.usd.schema.newton-1.2.1] startup
[6.707s] [ext: omni.usd.schema.omni_lens_distortion-1.0.0] startup
[6.708s] [ext: omni.usd.schema.omni_projectors-1.0.0] startup
[6.708s] [ext: omni.usd.schema.omni_sensors-0.0.0] startup
[6.714s] [ext: omni.usd.schema.omniscripting-1.0.1] startup
[6.717s] [ext: omni.usd.schema.physical_lighting-0.1.0] startup
[6.720s] [ext: omni.usd.schema.physx-110.1.13] startup
[6.744s] [ext: omni.usd.schema.render_settings.rtx-1.0.2] startup
[6.747s] [ext: omni.usd.schema.usd_particle_field-1.0.0] startup
[6.748s] [ext: isaacsim.core.version-2.1.1] startup
[6.748s] [ext: omni.kit.menu.core-1.2.0] startup
[6.749s] [ext: omni.kit.menu.utils-2.2.4] startup
[6.755s] [ext: isaacsim.app.about-2.3.1] startup
[6.759s] [ext: isaacsim.asset.transformer-1.2.5] startup
[6.763s] [ext: omni.scene.optimizer.core-110.1.0] startup
[6.793s] [ext: isaacsim.asset.importer.utils-1.8.1] startup
[6.795s] [ext: omni.convexdecomposition-110.1.13] startup
[6.796s] [ext: omni.physics-110.1.13] startup
[6.799s] [ext: omni.physx.gpu-110.1.13] startup
[6.799s] [ext: omni.physx.foundation-110.1.13] startup
[6.800s] [ext: omni.usdphysics-110.1.13] startup
[6.801s] [ext: omni.physx.cooking-110.1.13] startup
[6.803s] [ext: omni.physx-110.1.13] startup
[6.810s] [ext: omni.physics.physx-110.1.13] startup
[6.811s] [ext: isaacsim.asset.exporter.urdf-2.0.5] startup
[6.818s] [ext: omni.kit.clipboard-1.1.1] startup
[6.818s] [ext: omni.kit.usd.layers-2.6.1] startup
[6.824s] [ext: omni.kit.widget.context_menu-1.4.0] startup
[6.825s] [ext: omni.kit.context_menu-1.9.0] startup
[6.826s] [ext: omni.kit.helper.file_utils-0.1.10] startup
[6.827s] [ext: omni.kit.widget.nucleus_info-2.0.2] startup
[6.827s] [ext: omni.kit.search_core-1.0.8] startup
[6.828s] [ext: omni.kit.widget.path_field-2.0.13] startup
[6.828s] [ext: omni.kit.widget.browser_bar-2.0.10] startup
[6.829s] [ext: omni.kit.widget.filebrowser-2.13.4] startup
[6.832s] [ext: omni.kit.widget.options_menu-1.1.6] startup
[6.834s] [ext: omni.kit.widget.options_button-1.0.3] startup
[6.835s] [ext: omni.kit.widget.search_delegate-1.0.9] startup
[6.836s] [ext: omni.ui.scene-2.0.3] startup
[6.839s] [ext: omni.kit.window.filepicker-2.15.5] startup
[6.848s] [ext: omni.kit.window.file_importer-1.1.21] startup
[6.850s] [ext: omni.kit.material.library-3.1.2] startup
[6.854s] [ext: isaacsim.asset.transformer.rules-1.7.10] startup
[6.862s] [ext: omni.usdex.libs-2.2.2] startup
[6.868s] [ext: isaacsim.asset.importer.mjcf-3.10.1] startup
[6.869s] [ext: isaacsim.asset.importer.urdf-3.11.2] startup
[6.872s] [ext: omni.kit.primitive.mesh-1.1.0] startup
[6.874s] [ext: omni.kit.stage_template.core-1.1.22] startup
[6.874s] [ext: omni.kit.stage_templates-2.0.2] startup
[6.876s] [ext: omni.usd.metrics.assembler-110.1.2] startup
[6.877s] [ext: omni.warp.core-1.13.0] startup
[7.060s] [ext: isaacsim.core.experimental.utils-0.17.2] startup
[7.061s] [ext: omni.physics.stageupdate-110.1.13] startup
[7.062s] [ext: omni.physics.tensors-110.1.13] startup
[7.066s] [ext: omni.physx.tensors-110.1.13] startup
[7.069s] [ext: isaacsim.core.simulation_manager-1.15.6] startup
[7.079s] [ext: isaacsim.storage.native-1.9.3] startup
[7.080s] [ext: omni.usd.metrics.assembler.physics-110.1.13] startup
[7.081s] [ext: isaacsim.core.utils-4.1.7] startup
[7.082s] [ext: isaacsim.core.prims-0.11.7] startup
[7.969s] [ext: isaacsim.core.api-5.2.13] startup
[7.975s] [ext: isaacsim.core.cloner-1.7.3] startup
[7.976s] [ext: isaacsim.test.docstring-1.3.2] startup
[7.978s] [ext: isaacsim.core.experimental.prims-1.8.9] startup
[7.997s] [ext: isaacsim.core.experimental.primdata-0.3.2] startup
[7.998s] [ext: omni.graph.tools-1.81.0] startup
[8.018s] [ext: omni.graph-1.142.5] startup
[8.051s] [ext: isaacsim.core.experimental.actuators-0.1.2] startup
[8.063s] [ext: isaacsim.core.experimental.materials-0.7.1] startup
[8.066s] [ext: isaacsim.core.experimental.objects-0.8.1] startup
[8.120s] [ext: omni.hydra.engine.stats-1.0.5] startup
[8.122s] [ext: omni.hydra.rtx.shadercache.vulkan-1.0.0] startup
[8.123s] [ext: omni.index.libs-387500.4413.0] startup
[8.123s] [ext: omni.index-1.0.1] startup
[8.124s] [ext: omni.ujitso.client-0.0.0] startup
[8.124s] [ext: omni.usd.schema.playback-1.0.0] startup
[8.127s] [ext: omni.volume-0.5.2] startup
[8.130s] [ext: omni.hydra.rtx-1.0.4] startup
2026-09-29T11:42:11Z [8,121ms] [Warning] [omni.log] Source: omni.hydra was already registered.
[8.152s] [ext: omni.kit.hydra_texture-1.6.0] startup
[8.155s] [ext: omni.kit.raycast.query-1.2.0] startup
[8.158s] [ext: omni.kit.viewport.legacy_gizmos-1.0.24] startup
[8.160s] [ext: omni.kit.viewport.registry-104.0.6] startup
[8.160s] [ext: omni.kit.viewport.scene_camera_model-1.0.7] startup
[8.163s] [ext: omni.kit.widget.viewport-109.2.0] startup
[8.166s] [ext: omni.kit.window.drop_support-1.0.8] startup
[8.167s] [ext: omni.kit.viewport.window-109.0.2] startup
[8.180s] [ext: omni.kit.viewport.utility-2.0.1] startup
[8.181s] [ext: isaacsim.core.rendering_manager-0.4.3] startup
[8.201s] [ext: omni.graph.action_core-1.1.9] startup
[8.203s] [ext: omni.graph.action_nodes_core-2.11.0] startup
[8.205s] [ext: omni.graph.action_nodes-2.11.0] startup
[8.221s] [ext: omni.graph.action-2.10.2] startup
[8.222s] [ext: omni.graph.image.core-0.6.1] startup
[8.222s] [ext: omni.graph.image.nodes-1.3.1] startup
[8.223s] [ext: omni.graph.nodes_core-2.11.0] startup
[8.227s] [ext: omni.graph.nodes-2.12.0] startup
[8.231s] [ext: omni.kit.hotkeys.core-1.3.12] startup
[8.232s] [ext: omni.kit.property.adapter.core-1.1.1] startup
[8.234s] [ext: omni.kit.property.adapter.usd-1.0.5] startup
[8.235s] [ext: omni.kit.widget.filter-1.1.5] startup
[8.236s] [ext: omni.kit.widget.highlight_label-1.0.3] startup
[8.237s] [ext: omni.kit.widget.searchfield-1.1.8] startup
[8.238s] [ext: omni.kit.window.file_exporter-1.0.36] startup
[8.239s] [ext: omni.kit.widget.stage-4.4.0] startup
[8.246s] [ext: omni.kit.window.content_browser_registry-0.0.6] startup
[8.246s] [ext: omni.kit.window.file-2.0.10] startup
[8.249s] [ext: omni.kit.window.content_browser-3.1.8] startup
[8.257s] [ext: omni.kit.window.property-1.15.1] startup
[8.267s] [ext: omni.kit.property.usd-4.9.4] startup
[8.276s] [ext: omni.graph.scriptnode-2.10.2] startup
[8.283s] [ext: omni.kit.widget.searchable_combobox-1.0.7] startup
[8.284s] [ext: omni.kit.widget.settings-2.0.0] startup
[8.286s] [ext: omni.kit.window.preferences-1.8.3] startup
[8.290s] [ext: omni.kit.viewport.menubar.core-107.2.2] startup
[8.300s] [ext: omni.syntheticdata-0.6.15] startup
[8.323s] [ext: omni.replicator.nv-1.1.1] startup
[8.327s] [ext: omni.videoencoding-0.2.1] startup
[8.329s] [ext: omni.replicator.core-1.13.27] startup
2026-09-29T11:42:11Z [8,315ms] [Warning] [pxr.Semantics] pxr.Semantics is deprecated - please use Semantics instead
2026-09-29T11:42:11Z [8,382ms] [Warning] [omni.replicator.core.scripts.extension] No material configuration file, adding configuration to material settings directly.
[8.533s] [ext: isaacsim.core.nodes-5.10.5] startup
[8.559s] [ext: isaacsim.core.throttling-2.3.5] startup
[8.561s] [ext: omni.kit.manipulator.viewport-107.0.1] startup
[8.562s] [ext: omni.graph.visualization.nodes-2.1.4] startup
[8.575s] [ext: omni.kit.window.extensions-1.5.10] startup
[8.579s] [ext: isaacsim.gui.components-1.8.5] startup
[8.583s] [ext: isaacsim.robot.surface_gripper-3.6.2] startup
[8.593s] [ext: isaacsim.robot.manipulators-3.4.4] startup
[8.603s] [ext: isaacsim.robot_motion.lula-4.1.3] startup
[8.608s] [ext: isaacsim.robot_motion.motion_generation-8.2.9] startup
[8.613s] [ext: isaacsim.cortex.framework-1.0.18] startup
[8.614s] [ext: isaacsim.cortex.behaviors-2.0.17] startup
[8.615s] [ext: isaacsim.examples.base-1.3.2] startup
[8.617s] [ext: omni.kit.widget.zoombar-1.0.7] startup
[8.617s] [ext: omni.kit.browser.core-2.3.18] startup
[8.620s] [ext: omni.kit.browser.folder.core-2.0.2] startup
[8.623s] [ext: omni.kit.widget.stage_icons-1.0.8] startup
[8.624s] [ext: omni.kit.window.stage-2.6.1] startup
[8.627s] [ext: omni.kit.menu.stage-1.2.7] startup
[8.628s] [ext: omni.kit.usd.collect-3.0.6] startup
[8.630s] [ext: omni.kit.widget.prompt-1.0.7] startup
[8.631s] [ext: omni.kit.tool.collect-2.2.19] startup
[8.632s] [ext: isaacsim.examples.browser-0.3.2] startup
[8.634s] [ext: omni.kit.search.files-1.0.4] startup
[8.635s] [ext: omni.kit.widget.calendar-1.0.9] startup
[8.636s] [ext: omni.kit.widget.extended_searchfield-1.0.31] startup
[8.642s] [ext: omni.simready.content.browser-0.3.7] startup
[8.729s] [ext: isaacsim.gui.content_browser-0.4.3] startup
[8.731s] [ext: omni.kit.selection-0.1.6] startup
[8.732s] [ext: isaacsim.gui.menu-2.10.5] startup
[8.739s] [ext: isaacsim.gui.property-1.6.4] startup
[8.745s] [ext: omni.kit.viewport.actions-110.0.0] startup
[8.749s] [ext: omni.kit.viewport.menubar.display-107.1.3] startup
[8.750s] [ext: isaacsim.gui.sensors.icon-2.2.1] startup
[8.752s] [ext: omni.behavior.scripting.core-110.1.0] startup
[8.755s] [ext: isaacsim.replicator.behavior-1.5.4] startup
[8.755s] [ext: isaacsim.replicator.experimental.domain_randomization-1.2.5] startup
[8.768s] [ext: isaacsim.replicator.domain_randomization-1.2.2] startup
[8.835s] [ext: isaacsim.replicator.writers-1.5.4] startup
[8.856s] [ext: isaacsim.robot.experimental.wheeled_robots-0.2.11] startup
[8.876s] [ext: isaacsim.robot.policy.examples-5.2.12] startup
[8.893s] [ext: isaacsim.robot.wheeled_robots-5.2.4] startup
[8.896s] [ext: isaacsim.robot.wheeled_robots.nodes-0.1.5] startup
[8.912s] [ext: isaacsim.robot_motion.experimental.motion_generation-6.1.3] startup
[8.922s] [ext: isaacsim.robot_motion.cumotion-1.3.1] startup
[8.934s] [ext: omni.kit.numpy.common-0.1.3] startup
[8.936s] [ext: isaacsim.sensors.camera-1.7.9] startup
[8.963s] [ext: isaacsim.sensors.experimental.physics-3.0.2] startup
[8.969s] [ext: omni.sensors.net-1.0.1] startup
[8.971s] [ext: omni.sensors.nv.common-3.0.0] startup
[8.980s] [ext: omni.sensors.nv.materials-2.0.0] startup
[8.982s] [ext: omni.sensors.nv.acoustic-3.0.0] startup
[8.984s] [ext: omni.sensors.nv.ids-2.0.1] startup
[8.985s] [ext: omni.sensors.nv.lidar-3.0.0] startup
[8.988s] [ext: omni.sensors.nv.radar-3.0.0] startup
[8.990s] [ext: isaacsim.sensors.experimental.rtx-1.4.6] startup
[9.209s] [ext: isaacsim.sensors.physics.nodes-1.5.3] startup
[9.215s] [ext: isaacsim.util.debug_draw-3.2.3] startup
[9.219s] [ext: isaacsim.sensors.physx-2.5.5] startup
[9.225s] [ext: isaacsim.sensors.rtx-15.17.1] startup
[9.234s] [ext: isaacsim.simulation_app-2.18.4] startup
[9.234s] [ext: omni.anim.curve.core-1.6.0] startup
[9.243s] [ext: omni.graph.ui_nodes-2.11.1] startup
[9.262s] [ext: omni.hydra.scene_api-0.1.3] startup
[9.265s] [ext: omni.kit.manipulator.camera-110.0.0] startup
[9.269s] [ext: omni.kit.manipulator.selector-1.1.4] startup
[9.270s] [ext: omni.kit.manipulator.transform-107.0.0] startup
[9.274s] [ext: omni.kit.widget.toolbar-2.1.0] startup
[9.279s] [ext: omni.kit.manipulator.tool.snap-1.5.14] startup
[9.282s] [ext: omni.kit.viewport.manipulator.transform-107.0.4] startup
[9.284s] [ext: omni.kit.manipulator.prim.core-108.0.2] startup
[9.289s] [ext: omni.kit.manipulator.prim.usd-107.0.3] startup
[9.290s] [ext: omni.kit.manipulator.prim-108.0.0] startup
[9.290s] [ext: omni.kit.manipulator.selection-109.0.1] startup
[9.291s] [ext: omni.kit.menu.create-2.0.2] startup
[9.293s] [ext: omni.kit.property.audio-1.0.16] startup
[9.296s] [ext: omni.kit.property.camera-1.0.14] startup
[9.297s] [ext: omni.kit.property.geometry-2.1.2] startup
[9.300s] [ext: omni.kit.property.light-1.0.14] startup
2026-09-29T11:42:12Z [9,299ms] [Warning] [omni.usd] Encountered USD Warnings but USD Diagnostics are currently muted. To view USD Warnings, please set the '/persistent/app/usd/muteUsdDiagnostics' setting to false in Preferences page.
[9.326s] [ext: omni.kit.property.material-1.14.6] startup
[9.330s] [ext: omni.kit.property.render-1.2.2] startup
[9.331s] [ext: omni.kit.property.transform-1.6.9] startup
[9.334s] [ext: omni.kit.property.bundle-1.5.1] startup
[9.335s] [ext: omni.kit.usdz_export-1.1.0] startup
[9.337s] [ext: omni.kit.tool.asset_importer-6.0.1] startup
[9.342s] [ext: omni.kit.ui.actions-1.0.5] startup
[9.343s] [ext: omni.kit.viewport.menubar.camera-107.0.10] startup
[9.347s] [ext: omni.kit.viewport.menubar.lighting-107.3.2] startup
[9.349s] [ext: omni.kit.viewport.menubar.render-110.0.0] startup
[9.351s] [ext: omni.kit.viewport.menubar.settings-110.0.1] startup
[9.354s] [ext: omni.kit.window.console-1.1.9] startup
[9.357s] [ext: omni.kit.window.status_bar-0.1.11] startup
[9.359s] [ext: omni.kit.window.toolbar-3.0.3] startup
[9.361s] [ext: omni.ocio-0.1.1] startup
[9.362s] [ext: omni.physx.commands-110.1.13] startup
[9.365s] [ext: omni.replicator.replicator_yaml-2.0.12] startup
[9.373s] [ext: omni.rtx.window.settings-0.8.0] startup
[9.377s] [ext: omni.rtx.settings.core-0.7.1] startup
[9.380s] [ext: omni.usd.metrics.assembler.ui-110.1.1] startup
[9.386s] [ext: semantics.schema.editor-2.0.2] startup
[9.388s] [ext: semantics.schema.property-2.0.2] startup
[9.389s] [ext: omni.kit.menu.common-2.0.2] startup
[9.390s] [ext: isaacsim.exp.base-6.0.1] startup
[9.390s] [ext: isaacsim.exp.base.python-6.0.1] startup
[9.392s] Simulation App Starting
[10.448s] Simulation App Startup Complete
[10.453s] app ready
Starting kit application with the following args:  ['/home/starry/isaac-data/isaacsim/exts/isaacsim.simulation_app/isaacsim/simulation_app/simulation_app.py', '/home/starry/isaac-data/isaacsim/apps/isaacsim.exp.base.python.kit', '--/app/tokens/exe-path=/home/starry/isaac-data/isaacsim/kit', '--/persistent/app/viewport/displayOptions=3094', '--/rtx/materialDb/syncLoads=True', '--/rtx/hydra/materialSyncLoads=True', '--/omni/kit/plugin/syncUsdLoads=True', '--/app/renderer/resolution/width=1280', '--/app/renderer/resolution/height=720', '--/app/window/width=1440', '--/app/window/height=900', '--/renderer/multiGpu/enabled=False', '--/app/fastShutdown=True', '--/app/installSignalHandlers=0', '--ext-folder', '/home/starry/isaac-data/isaacsim/exts', '--ext-folder', '/home/starry/isaac-data/isaacsim/apps', '--/renderer/activeGpu=0', '--/physics/cudaDevice=0', '--/plugins/carb.tasking.plugin/threadCount=12', '--/plugins/omni.tbb.globalcontrol/maxThreadCount=12', '--portable', '--no-window', '--/app/window/hideUi=1']
Passing the following args to the base kit application:  []
Warp 1.13.0 initialized:
   CUDA Toolkit 12.9, Driver 13.0
   Devices:
     "cpu"      : "x86_64"
     "cuda:0"   : "NVIDIA GeForce RTX 5070" (11 GiB, sm_120, mempool enabled)
   Kernel cache:
     /home/starry/.cache/warp/1.13.0
[LIGHTING] sun=800.0 (1) dome=0.0 (1) ambient=0.05 constant_color=(0.6, 0.65, 0.7)
[RENDER] mode=MinimalRendering minimal_shading_mode=2 anti_aliasing=TAA
[DEPTH CAMERAS] count=4 resolution_each=320x240 horizontal_coverage=360deg
[ESDF] path=/home/starry/isaac-data/EGO1P1/scenes/ego_swarm_cloud/occupancy.bin shape=(400, 300, 50) resolution=0.40m
[depth_angular_controller-1] [INFO] [1790682136.217322379] [depth_angular_controller]: WAITING_ODOMETRY
[NAV] t=0.0s position=(-64.00,-11.20,2.80) yaw=1.2deg command=(0.00,0.00,0.00) manual_active=0 collision_blocks=0
[depth_angular_controller-1] [INFO] [1790682136.592045700] [depth_angular_controller]: WAITING_VERIFIED_START_POSE
[depth_angular_controller-1] [INFO] [1790682136.628140503] [depth_angular_controller]: VERIFIED_FREE_SEED center=(-64.000,-11.200,2.800) radius=2.500 balls=1: verified fixed Cloud free ball; USD and occupancy SHA-256 matched
[depth_angular_controller-1] [INFO] [1790682136.628274665] [depth_angular_controller]: ZERO_INTENT
[depth_angular_controller-1] [INFO] [1790682138.318003949] [depth_angular_controller]: 3D guidance switched to view 0
[depth_angular_controller-1] [INFO] [1790682138.320252749] [depth_angular_controller]: INTENT_DIRECT
[depth_angular_controller-1] [INFO] [1790682138.320261245] [depth_angular_controller]: PAPER_BUILD reason=READY required=0.0100 best=8.0717 free=25 refined=0 tubes=0 revoked_tubes=0 proofs=0
[depth_angular_controller-1] [INFO] [1790682138.320269891] [depth_angular_controller]: PAPER_EVIDENCE retained=8 balls=1 revoked_balls=0 expired_views=0 evicted_views=0 radius=0.580 clearance=0.500 best_prefix=8.072
[depth_angular_controller-1] [INFO] [1790682139.505529040] [depth_angular_controller]: PAPER_BUILD reason=READY required=0.5187 best=8.0717 free=7 refined=0 tubes=1 revoked_tubes=0 proofs=42
[depth_angular_controller-1] [INFO] [1790682139.505572281] [depth_angular_controller]: PAPER_EVIDENCE retained=12 balls=4 revoked_balls=0 expired_views=0 evicted_views=0 radius=0.580 clearance=0.919 best_prefix=8.072
[10.989s] [ext: isaacsim.sensors.rtx.nodes-0.1.2] startup
[10.997s] [ext: isaacsim.ros2.core-1.9.4] startup
[11.010s] Attempting to load system rclpy
[11.011s] Could not import system rclpy: No module named 'rclpy'
[11.011s] Attempting to load internal rclpy for ROS Distro: humble
[11.022s] rclpy loaded
[11.025s] [ext: isaacsim.ros2.nodes-1.18.13] startup
[11.061s] [ext: isaacsim.ros2.examples-1.2.4] startup
[11.065s] [ext: isaacsim.ros2.ui-1.6.5] startup
[11.296s] [ext: isaacsim.ros2.bridge-5.1.2] startup
2026-09-29T11:42:16Z [13,239ms] [Warning] [omni.timeline.plugin] Deprecated: direct use of ITimeline callbacks is deprecated. Use ITimeline::getTimeline (Python: omni.timeline.get_timeline_interface) instead.
[depth_angular_controller-1] [INFO] [1790682139.972171159] [depth_angular_controller]: OUTSIDE_FLOW_BOX
[depth_angular_controller-1] [INFO] [1790682140.224744532] [depth_angular_controller]: INTENT_DIRECT
[depth_angular_controller-1] [INFO] [1790682140.638158237] [depth_angular_controller]: PAPER_BUILD reason=READY required=0.4943 best=8.0717 free=120 refined=0 tubes=4 revoked_tubes=0 proofs=86
[depth_angular_controller-1] [INFO] [1790682140.638193052] [depth_angular_controller]: PAPER_EVIDENCE retained=16 balls=13 revoked_balls=0 expired_views=0 evicted_views=0 radius=0.580 clearance=0.500 best_prefix=8.072
[position_cmd_to_twist-2] [INFO] [1790682141.562228796] [position_cmd_to_twist]: [PERF BRIDGE] run=pilot_ego1p1_1 elapsed=18.87s received=245 published=245 fps(ros/wall)=49.80/49.25 controller_to_bridge_ms(mean/p50/p95/max)=1.361/0.000/16.667/16.667 bridge_process_ms(mean/p95/max)=0.092/0.114/0.181
[NAV] t=5.0s position=(-61.55,-10.77,2.80) yaw=9.9deg command=(1.37,0.24,0.00) manual_active=1 collision_blocks=0
[depth_angular_controller-1] [INFO] [1790682141.627290476] [depth_angular_controller]: [PERF CTRL] run=pilot_ego1p1_1 elapsed=18.95s callbacks=249 commands=248 guidance=148 command_fps(ros/wall)=49.73/49.05 guidance_wall_fps=44.42 avoid_ms(mean/p50/p95/max)=2.087/0.058/16.658/18.590 cycle_ms(mean/p95/max)=20.386/46.414/91.788 depth_to_cmd_ms(mean/p95/max)=32.207/33.333/50.000 callback_to_publish_ms(mean/p95/max)=6.667/21.220/25.488
[depth_angular_controller-1] [INFO] [1790682141.636052759] [depth_angular_controller]: PAPER_BUILD reason=READY required=1.0114 best=8.0717 free=264 refined=0 tubes=5 revoked_tubes=0 proofs=128
[depth_angular_controller-1] [INFO] [1790682141.636085120] [depth_angular_controller]: PAPER_EVIDENCE retained=20 balls=19 revoked_balls=0 expired_views=0 evicted_views=0 radius=0.580 clearance=1.530 best_prefix=8.072
[depth_angular_controller-1] [INFO] [1790682141.923792653] [depth_angular_controller]: OUTSIDE_FLOW_BOX
[depth_angular_controller-1] [INFO] [1790682142.300019014] [depth_angular_controller]: INTENT_DIRECT
[depth_angular_controller-1] [INFO] [1790682142.709522672] [depth_angular_controller]: PAPER_BUILD reason=READY required=0.6237 best=8.0717 free=352 refined=0 tubes=8 revoked_tubes=0 proofs=128
[depth_angular_controller-1] [INFO] [1790682142.709557287] [depth_angular_controller]: PAPER_EVIDENCE retained=24 balls=30 revoked_balls=0 expired_views=0 evicted_views=0 radius=0.580 clearance=0.500 best_prefix=8.072
[depth_angular_controller-1] [INFO] [1790682142.791021627] [depth_angular_controller]: OUTSIDE_FLOW_BOX
[depth_angular_controller-1] [INFO] [1790682143.381817475] [depth_angular_controller]: INTENT_DIRECT
[depth_angular_controller-1] [INFO] [1790682143.780009566] [depth_angular_controller]: PAPER_BUILD reason=READY required=0.0601 best=8.0717 free=352 refined=0 tubes=9 revoked_tubes=0 proofs=128
[depth_angular_controller-1] [INFO] [1790682143.780051896] [depth_angular_controller]: PAPER_EVIDENCE retained=28 balls=32 revoked_balls=0 expired_views=0 evicted_views=0 radius=0.580 clearance=0.500 best_prefix=8.072
[depth_angular_controller-1] [INFO] [1790682144.391567135] [depth_angular_controller]: OUTSIDE_FLOW_BOX
[depth_angular_controller-1] [INFO] [1790682144.790772958] [depth_angular_controller]: INTENT_DIRECT
[depth_angular_controller-1] [INFO] [1790682144.805653722] [depth_angular_controller]: PAPER_BUILD reason=READY required=0.2059 best=8.0717 free=282 refined=0 tubes=10 revoked_tubes=0 proofs=128
[depth_angular_controller-1] [INFO] [1790682144.805689339] [depth_angular_controller]: PAPER_EVIDENCE retained=32 balls=32 revoked_balls=0 expired_views=0 evicted_views=0 radius=0.580 clearance=0.319 best_prefix=8.072
[depth_angular_controller-1] [INFO] [1790682145.353098581] [depth_angular_controller]: OUTSIDE_FLOW_BOX
[depth_angular_controller-1] [INFO] [1790682145.569064047] [depth_angular_controller]: INTENT_DIRECT
[depth_angular_controller-1] [INFO] [1790682145.782669585] [depth_angular_controller]: PAPER_BUILD reason=READY required=0.0289 best=4.0383 free=307 refined=0 tubes=11 revoked_tubes=0 proofs=128
[depth_angular_controller-1] [INFO] [1790682145.782709811] [depth_angular_controller]: PAPER_EVIDENCE retained=32 balls=32 revoked_balls=0 expired_views=0 evicted_views=4 radius=0.580 clearance=0.069 best_prefix=4.038
[depth_angular_controller-1] [INFO] [1790682145.888404320] [depth_angular_controller]: OUTSIDE_FLOW_BOX
[depth_angular_controller-1] [INFO] [1790682146.107113124] [depth_angular_controller]: TARGET_HOLD
[depth_angular_controller-1] [INFO] [1790682146.216587176] [depth_angular_controller]: 3D guidance switched to view 1
[position_cmd_to_twist-2] [INFO] [1790682146.613165438] [position_cmd_to_twist]: [PERF BRIDGE] run=pilot_ego1p1_1 elapsed=23.93s received=486 published=486 fps(ros/wall)=48.99/48.41 controller_to_bridge_ms(mean/p50/p95/max)=4.355/0.000/16.667/33.333 bridge_process_ms(mean/p95/max)=0.106/0.131/2.132
[depth_angular_controller-1] [INFO] [1790682146.639206365] [depth_angular_controller]: [PERF CTRL] run=pilot_ego1p1_1 elapsed=23.97s callbacks=488 commands=487 guidance=387 command_fps(ros/wall)=49.01/48.37 guidance_wall_fps=46.39 avoid_ms(mean/p50/p95/max)=3.441/0.103/20.555/29.429 cycle_ms(mean/p95/max)=20.673/44.965/121.338 depth_to_cmd_ms(mean/p95/max)=30.189/33.333/50.000 callback_to_publish_ms(mean/p95/max)=10.287/29.567/42.559
[NAV] t=10.0s position=(-58.80,-10.19,2.80) yaw=9.9deg command=(0.30,0.44,-0.02) manual_active=1 collision_blocks=0
[depth_angular_controller-1] [INFO] [1790682146.769492361] [depth_angular_controller]: PAPER_BUILD reason=READY required=0.2598 best=8.0717 free=177 refined=0 tubes=12 revoked_tubes=0 proofs=128
[depth_angular_controller-1] [INFO] [1790682146.769532907] [depth_angular_controller]: PAPER_EVIDENCE retained=32 balls=32 revoked_balls=0 expired_views=0 evicted_views=4 radius=0.580 clearance=0.549 best_prefix=8.072
[depth_angular_controller-1] [INFO] [1790682146.810636069] [depth_angular_controller]: 3D guidance switched to view 0
[depth_angular_controller-1] [INFO] [1790682147.217395757] [depth_angular_controller]: INTENT_DIRECT
[depth_angular_controller-1] [INFO] [1790682147.230901160] [depth_angular_controller]: TARGET_HOLD
[depth_angular_controller-1] [INFO] [1790682147.326645848] [depth_angular_controller]: INTENT_DIRECT
[depth_angular_controller-1] [INFO] [1790682147.340450744] [depth_angular_controller]: TARGET_HOLD
[depth_angular_controller-1] [INFO] [1790682147.420321394] [depth_angular_controller]: INTENT_DIRECT
[depth_angular_controller-1] [INFO] [1790682147.438321431] [depth_angular_controller]: TARGET_HOLD
[depth_angular_controller-1] [INFO] [1790682147.544373341] [depth_angular_controller]: INTENT_DIRECT
[depth_angular_controller-1] [INFO] [1790682147.561211759] [depth_angular_controller]: TARGET_HOLD
[depth_angular_controller-1] [INFO] [1790682147.658351054] [depth_angular_controller]: OUTSIDE_FLOW_BOX
[depth_angular_controller-1] [INFO] [1790682147.675964186] [depth_angular_controller]: TARGET_HOLD
[depth_angular_controller-1] [INFO] [1790682147.727892892] [depth_angular_controller]: PAPER_BUILD reason=READY required=1.4839 best=8.0717 free=239 refined=0 tubes=15 revoked_tubes=0 proofs=128
[depth_angular_controller-1] [INFO] [1790682147.728226167] [depth_angular_controller]: PAPER_EVIDENCE retained=32 balls=32 revoked_balls=0 expired_views=0 evicted_views=8 radius=0.580 clearance=0.500 best_prefix=8.072
[depth_angular_controller-1] [INFO] [1790682147.766344688] [depth_angular_controller]: INTENT_DIRECT
[depth_angular_controller-1] [INFO] [1790682147.783209526] [depth_angular_controller]: TARGET_HOLD
[depth_angular_controller-1] [INFO] [1790682147.858702561] [depth_angular_controller]: INTENT_DIRECT
[depth_angular_controller-1] [INFO] [1790682147.876391895] [depth_angular_controller]: TARGET_HOLD
[depth_angular_controller-1] [INFO] [1790682147.974015610] [depth_angular_controller]: INTENT_DIRECT
[depth_angular_controller-1] [INFO] [1790682147.988839758] [depth_angular_controller]: TARGET_HOLD
[depth_angular_controller-1] [INFO] [1790682148.081214261] [depth_angular_controller]: INTENT_DIRECT
[depth_angular_controller-1] [INFO] [1790682148.096159807] [depth_angular_controller]: TARGET_HOLD
[depth_angular_controller-1] [INFO] [1790682148.220393476] [depth_angular_controller]: INTENT_DIRECT
[depth_angular_controller-1] [INFO] [1790682148.234893145] [depth_angular_controller]: TARGET_HOLD
[depth_angular_controller-1] [INFO] [1790682148.328291971] [depth_angular_controller]: INTENT_DIRECT
[depth_angular_controller-1] [INFO] [1790682148.342136280] [depth_angular_controller]: TARGET_HOLD
[depth_angular_controller-1] [INFO] [1790682148.438700847] [depth_angular_controller]: OUTSIDE_FLOW_BOX
[depth_angular_controller-1] [INFO] [1790682148.452975474] [depth_angular_controller]: TARGET_HOLD
[depth_angular_controller-1] [INFO] [1790682148.609052277] [depth_angular_controller]: OUTSIDE_FLOW_BOX
[depth_angular_controller-1] [INFO] [1790682148.625990613] [depth_angular_controller]: TARGET_HOLD
[depth_angular_controller-1] [INFO] [1790682148.704740279] [depth_angular_controller]: INTENT_DIRECT
[depth_angular_controller-1] [INFO] [1790682148.718091192] [depth_angular_controller]: TARGET_HOLD
[depth_angular_controller-1] [INFO] [1790682148.739805720] [depth_angular_controller]: PAPER_BUILD reason=READY required=0.3832 best=8.0717 free=352 refined=0 tubes=17 revoked_tubes=0 proofs=128
[depth_angular_controller-1] [INFO] [1790682148.763718333] [depth_angular_controller]: PAPER_EVIDENCE retained=32 balls=32 revoked_balls=0 expired_views=0 evicted_views=12 radius=0.580 clearance=0.500 best_prefix=8.072
[depth_angular_controller-1] [INFO] [1790682148.822667924] [depth_angular_controller]: INTENT_DIRECT
[depth_angular_controller-1] [INFO] [1790682148.837429365] [depth_angular_controller]: TARGET_HOLD
[depth_angular_controller-1] [INFO] [1790682148.914222059] [depth_angular_controller]: INTENT_DIRECT
[depth_angular_controller-1] [INFO] [1790682148.927788066] [depth_angular_controller]: TARGET_HOLD
[depth_angular_controller-1] [INFO] [1790682149.045560259] [depth_angular_controller]: INTENT_DIRECT
[depth_angular_controller-1] [INFO] [1790682149.060998189] [depth_angular_controller]: TARGET_HOLD
[depth_angular_controller-1] [INFO] [1790682149.162782350] [depth_angular_controller]: INTENT_DIRECT
[depth_angular_controller-1] [INFO] [1790682149.173268468] [depth_angular_controller]: TARGET_HOLD
[depth_angular_controller-1] [INFO] [1790682149.325766395] [depth_angular_controller]: INTENT_DIRECT
[depth_angular_controller-1] [INFO] [1790682149.337647801] [depth_angular_controller]: TARGET_HOLD
[depth_angular_controller-1] [INFO] [1790682149.486695685] [depth_angular_controller]: INTENT_DIRECT
[depth_angular_controller-1] [INFO] [1790682149.503569799] [depth_angular_controller]: TARGET_HOLD
[depth_angular_controller-1] [INFO] [1790682149.609728099] [depth_angular_controller]: INTENT_DIRECT
[depth_angular_controller-1] [INFO] [1790682149.628565268] [depth_angular_controller]: TARGET_HOLD
[depth_angular_controller-1] [INFO] [1790682149.731184206] [depth_angular_controller]: OUTSIDE_FLOW_BOX
[depth_angular_controller-1] [INFO] [1790682149.742840439] [depth_angular_controller]: TARGET_HOLD
[depth_angular_controller-1] [INFO] [1790682149.836518619] [depth_angular_controller]: OUTSIDE_FLOW_BOX
[depth_angular_controller-1] [INFO] [1790682149.836548215] [depth_angular_controller]: PAPER_BUILD reason=READY required=0.3988 best=8.0717 free=264 refined=0 tubes=18 revoked_tubes=0 proofs=128
[depth_angular_controller-1] [INFO] [1790682149.847393977] [depth_angular_controller]: TARGET_HOLD
[depth_angular_controller-1] [INFO] [1790682149.895840258] [depth_angular_controller]: PAPER_EVIDENCE retained=32 balls=32 revoked_balls=0 expired_views=0 evicted_views=16 radius=0.580 clearance=0.444 best_prefix=8.072
[depth_angular_controller-1] [INFO] [1790682150.018222823] [depth_angular_controller]: OUTSIDE_FLOW_BOX
[depth_angular_controller-1] [INFO] [1790682150.032314567] [depth_angular_controller]: TARGET_HOLD
[depth_angular_controller-1] [INFO] [1790682150.119365461] [depth_angular_controller]: OUTSIDE_FLOW_BOX
[depth_angular_controller-1] [INFO] [1790682150.133279631] [depth_angular_controller]: TARGET_HOLD
[depth_angular_controller-1] [INFO] [1790682150.232323510] [depth_angular_controller]: INTENT_DIRECT
[depth_angular_controller-1] [INFO] [1790682150.245750476] [depth_angular_controller]: TARGET_HOLD
[depth_angular_controller-1] [INFO] [1790682150.345619093] [depth_angular_controller]: INTENT_DIRECT
[depth_angular_controller-1] [INFO] [1790682150.361554978] [depth_angular_controller]: TARGET_HOLD
[depth_angular_controller-1] [INFO] [1790682150.448861551] [depth_angular_controller]: INTENT_DIRECT
[depth_angular_controller-1] [INFO] [1790682150.461514946] [depth_angular_controller]: TARGET_HOLD
[depth_angular_controller-1] [INFO] [1790682150.605923704] [depth_angular_controller]: OUTSIDE_FLOW_BOX
[depth_angular_controller-1] [INFO] [1790682150.620957685] [depth_angular_controller]: TARGET_HOLD
[depth_angular_controller-1] [INFO] [1790682150.729490140] [depth_angular_controller]: INTENT_DIRECT
[depth_angular_controller-1] [INFO] [1790682150.747520855] [depth_angular_controller]: TARGET_HOLD
[depth_angular_controller-1] [INFO] [1790682150.833940996] [depth_angular_controller]: INTENT_DIRECT
[depth_angular_controller-1] [INFO] [1790682150.850905330] [depth_angular_controller]: TARGET_HOLD
[depth_angular_controller-1] [INFO] [1790682150.888991820] [depth_angular_controller]: PAPER_BUILD reason=READY required=0.0752 best=8.0717 free=249 refined=0 tubes=19 revoked_tubes=0 proofs=128
[depth_angular_controller-1] [INFO] [1790682150.942296539] [depth_angular_controller]: OUTSIDE_FLOW_BOX
[depth_angular_controller-1] [INFO] [1790682150.942331544] [depth_angular_controller]: PAPER_EVIDENCE retained=32 balls=32 revoked_balls=0 expired_views=0 evicted_views=20 radius=0.580 clearance=0.000 best_prefix=8.072
[depth_angular_controller-1] [INFO] [1790682150.955681947] [depth_angular_controller]: TARGET_HOLD
[depth_angular_controller-1] [INFO] [1790682151.039236450] [depth_angular_controller]: OUTSIDE_FLOW_BOX
[depth_angular_controller-1] [INFO] [1790682151.052284705] [depth_angular_controller]: TARGET_HOLD
[depth_angular_controller-1] [INFO] [1790682151.161887428] [depth_angular_controller]: OUTSIDE_FLOW_BOX
[depth_angular_controller-1] [INFO] [1790682151.176048151] [depth_angular_controller]: TARGET_HOLD
[depth_angular_controller-1] [INFO] [1790682151.273212894] [depth_angular_controller]: OUTSIDE_FLOW_BOX
[depth_angular_controller-1] [INFO] [1790682151.287235248] [depth_angular_controller]: TARGET_HOLD
[depth_angular_controller-1] [INFO] [1790682151.405399156] [depth_angular_controller]: OUTSIDE_FLOW_BOX
[depth_angular_controller-1] [INFO] [1790682151.420412018] [depth_angular_controller]: INTENT_DIRECT
[depth_angular_controller-1] [INFO] [1790682151.438107735] [depth_angular_controller]: TARGET_HOLD
[depth_angular_controller-1] [INFO] [1790682151.514145192] [depth_angular_controller]: OUTSIDE_FLOW_BOX
[depth_angular_controller-1] [INFO] [1790682151.528799922] [depth_angular_controller]: INTENT_DIRECT
[depth_angular_controller-1] [INFO] [1790682151.567471410] [depth_angular_controller]: TARGET_HOLD
[depth_angular_controller-1] [INFO] [1790682151.644458379] [depth_angular_controller]: [PERF CTRL] run=pilot_ego1p1_1 elapsed=28.97s callbacks=713 commands=712 guidance=612 command_fps(ros/wall)=48.15/47.24 guidance_wall_fps=45.85 avoid_ms(mean/p50/p95/max)=4.324/0.271/25.771/40.653 cycle_ms(mean/p95/max)=21.171/49.606/121.338 depth_to_cmd_ms(mean/p95/max)=28.050/33.333/50.000 callback_to_publish_ms(mean/p95/max)=12.764/36.834/53.010
[depth_angular_controller-1] [INFO] [1790682151.687067757] [depth_angular_controller]: OUTSIDE_FLOW_BOX
[depth_angular_controller-1] [INFO] [1790682151.703362384] [depth_angular_controller]: INTENT_DIRECT
[position_cmd_to_twist-2] [INFO] [1790682151.773408628] [position_cmd_to_twist]: [PERF BRIDGE] run=pilot_ego1p1_1 elapsed=29.09s received=718 published=718 fps(ros/wall)=48.17/47.28 controller_to_bridge_ms(mean/p50/p95/max)=7.544/0.000/33.333/50.000 bridge_process_ms(mean/p95/max)=0.106/0.136/2.132
[depth_angular_controller-1] [INFO] [1790682151.799925448] [depth_angular_controller]: OUTSIDE_FLOW_BOX
[depth_angular_controller-1] [INFO] [1790682151.815862164] [depth_angular_controller]: INTENT_DIRECT
[NAV] t=15.0s position=(-56.41,-7.76,2.61) yaw=8.9deg command=(0.02,0.01,-0.00) manual_active=1 collision_blocks=0
[depth_angular_controller-1] [INFO] [1790682151.904667119] [depth_angular_controller]: TARGET_HOLD
[depth_angular_controller-1] [INFO] [1790682151.918861636] [depth_angular_controller]: STATE_OUTSIDE_FREE_DOMAIN
[depth_angular_controller-1] [INFO] [1790682151.928920041] [depth_angular_controller]: PAPER_BUILD reason=READY required=0.0104 best=8.0717 free=37 refined=0 tubes=28 revoked_tubes=0 proofs=128
[depth_angular_controller-1] [INFO] [1790682151.945148504] [depth_angular_controller]: SINGULAR_FIELD
[depth_angular_controller-1] [INFO] [1790682152.010439314] [depth_angular_controller]: TARGET_HOLD
[depth_angular_controller-1] [INFO] [1790682152.010479299] [depth_angular_controller]: PAPER_EVIDENCE retained=32 balls=32 revoked_balls=0 expired_views=0 evicted_views=24 radius=0.580 clearance=0.500 best_prefix=8.072
[depth_angular_controller-1] [INFO] [1790682152.122552819] [depth_angular_controller]: STATE_OUTSIDE_FREE_DOMAIN
[depth_angular_controller-1] [INFO] [1790682152.131871466] [depth_angular_controller]: TARGET_HOLD
[depth_angular_controller-1] [INFO] [1790682152.663441124] [depth_angular_controller]: INTENT_DIRECT
[depth_angular_controller-1] [INFO] [1790682152.677553457] [depth_angular_controller]: TARGET_HOLD
[depth_angular_controller-1] [INFO] [1790682152.768477118] [depth_angular_controller]: INTENT_DIRECT
[depth_angular_controller-1] [INFO] [1790682152.782380147] [depth_angular_controller]: TARGET_HOLD
[depth_angular_controller-1] [INFO] [1790682152.873432370] [depth_angular_controller]: INTENT_DIRECT
[depth_angular_controller-1] [INFO] [1790682152.887911601] [depth_angular_controller]: TARGET_HOLD
[depth_angular_controller-1] [INFO] [1790682152.898020861] [depth_angular_controller]: PAPER_BUILD reason=READY required=0.2766 best=8.0717 free=49 refined=0 tubes=44 revoked_tubes=0 proofs=128
[depth_angular_controller-1] [INFO] [1790682153.002075433] [depth_angular_controller]: INTENT_DIRECT
[depth_angular_controller-1] [INFO] [1790682153.002118333] [depth_angular_controller]: PAPER_EVIDENCE retained=32 balls=32 revoked_balls=0 expired_views=0 evicted_views=28 radius=0.580 clearance=0.756 best_prefix=8.072
[depth_angular_controller-1] [INFO] [1790682153.016933044] [depth_angular_controller]: TARGET_HOLD
[depth_angular_controller-1] [INFO] [1790682153.113029302] [depth_angular_controller]: INTENT_DIRECT
[depth_angular_controller-1] [INFO] [1790682153.128818220] [depth_angular_controller]: TARGET_HOLD
[depth_angular_controller-1] [INFO] [1790682153.230296217] [depth_angular_controller]: INTENT_DIRECT
[depth_angular_controller-1] [INFO] [1790682153.243103951] [depth_angular_controller]: TARGET_HOLD
[depth_angular_controller-1] [INFO] [1790682153.332248203] [depth_angular_controller]: INTENT_DIRECT
[depth_angular_controller-1] [INFO] [1790682153.344664433] [depth_angular_controller]: TARGET_HOLD
[depth_angular_controller-1] [INFO] [1790682153.420096483] [depth_angular_controller]: INTENT_DIRECT
[depth_angular_controller-1] [INFO] [1790682153.432336432] [depth_angular_controller]: TARGET_HOLD
[depth_angular_controller-1] [INFO] [1790682153.535394143] [depth_angular_controller]: INTENT_DIRECT
[depth_angular_controller-1] [INFO] [1790682153.547759037] [depth_angular_controller]: TARGET_HOLD
[depth_angular_controller-1] [INFO] [1790682153.734214537] [depth_angular_controller]: INTENT_DIRECT
[depth_angular_controller-1] [INFO] [1790682153.749420942] [depth_angular_controller]: TARGET_HOLD
[depth_angular_controller-1] [INFO] [1790682153.854309489] [depth_angular_controller]: INTENT_DIRECT
[depth_angular_controller-1] [INFO] [1790682153.867768766] [depth_angular_controller]: TARGET_HOLD
[depth_angular_controller-1] [INFO] [1790682153.964905065] [depth_angular_controller]: INTENT_DIRECT
[depth_angular_controller-1] [INFO] [1790682153.964943798] [depth_angular_controller]: PAPER_BUILD reason=READY required=1.7292 best=8.0717 free=54 refined=0 tubes=47 revoked_tubes=0 proofs=128
[depth_angular_controller-1] [INFO] [1790682153.979481128] [depth_angular_controller]: TARGET_HOLD
[depth_angular_controller-1] [INFO] [1790682154.064099066] [depth_angular_controller]: INTENT_DIRECT
[depth_angular_controller-1] [INFO] [1790682154.064135234] [depth_angular_controller]: PAPER_EVIDENCE retained=32 balls=32 revoked_balls=0 expired_views=0 evicted_views=32 radius=0.580 clearance=2.117 best_prefix=8.072
[depth_angular_controller-1] [INFO] [1790682154.077242801] [depth_angular_controller]: TARGET_HOLD
[depth_angular_controller-1] [INFO] [1790682154.199699194] [depth_angular_controller]: COMPUTE_DEADLINE
[depth_angular_controller-1] [INFO] [1790682154.213276212] [depth_angular_controller]: TARGET_HOLD
[depth_angular_controller-1] [INFO] [1790682154.344846518] [depth_angular_controller]: COMPUTE_DEADLINE
[depth_angular_controller-1] [INFO] [1790682154.570903181] [depth_angular_controller]: TARGET_HOLD
[depth_angular_controller-1] [INFO] [1790682154.651799586] [depth_angular_controller]: COMPUTE_DEADLINE
[depth_angular_controller-1] [INFO] [1790682154.668100415] [depth_angular_controller]: TARGET_HOLD
[depth_angular_controller-1] [INFO] [1790682154.765373050] [depth_angular_controller]: COMPUTE_DEADLINE
[depth_angular_controller-1] [INFO] [1790682154.867067894] [depth_angular_controller]: TARGET_HOLD
[depth_angular_controller-1] [INFO] [1790682154.941511189] [depth_angular_controller]: INTENT_DIRECT
[depth_angular_controller-1] [INFO] [1790682154.941546045] [depth_angular_controller]: PAPER_BUILD reason=READY required=0.7476 best=8.0717 free=127 refined=0 tubes=51 revoked_tubes=0 proofs=128
[depth_angular_controller-1] [INFO] [1790682154.950904576] [depth_angular_controller]: TARGET_HOLD
[depth_angular_controller-1] [INFO] [1790682155.110040861] [depth_angular_controller]: INTENT_DIRECT
[depth_angular_controller-1] [INFO] [1790682155.110079544] [depth_angular_controller]: PAPER_EVIDENCE retained=32 balls=32 revoked_balls=0 expired_views=0 evicted_views=36 radius=0.580 clearance=0.500 best_prefix=8.072
[depth_angular_controller-1] [INFO] [1790682155.123519163] [depth_angular_controller]: TARGET_HOLD
[depth_angular_controller-1] [INFO] [1790682155.237319514] [depth_angular_controller]: COMPUTE_DEADLINE
[depth_angular_controller-1] [INFO] [1790682155.251001168] [depth_angular_controller]: TARGET_HOLD
[depth_angular_controller-1] [INFO] [1790682155.324068691] [depth_angular_controller]: INTENT_DIRECT
[depth_angular_controller-1] [INFO] [1790682155.339008256] [depth_angular_controller]: TARGET_HOLD
[depth_angular_controller-1] [INFO] [1790682155.416862843] [depth_angular_controller]: INTENT_DIRECT
[depth_angular_controller-1] [INFO] [1790682155.431469152] [depth_angular_controller]: TARGET_HOLD
[depth_angular_controller-1] [INFO] [1790682155.543548593] [depth_angular_controller]: COMPUTE_DEADLINE
[depth_angular_controller-1] [INFO] [1790682155.558006634] [depth_angular_controller]: TARGET_HOLD
[depth_angular_controller-1] [INFO] [1790682155.645693030] [depth_angular_controller]: INTENT_DIRECT
[depth_angular_controller-1] [INFO] [1790682155.663155690] [depth_angular_controller]: TARGET_HOLD
[depth_angular_controller-1] [INFO] [1790682155.756800207] [depth_angular_controller]: INTENT_DIRECT
[depth_angular_controller-1] [INFO] [1790682155.769936688] [depth_angular_controller]: TARGET_HOLD
[depth_angular_controller-1] [INFO] [1790682155.901104378] [depth_angular_controller]: INTENT_DIRECT
[depth_angular_controller-1] [INFO] [1790682155.912973802] [depth_angular_controller]: TARGET_HOLD
[depth_angular_controller-1] [INFO] [1790682155.995533007] [depth_angular_controller]: INTENT_DIRECT
[depth_angular_controller-1] [INFO] [1790682155.995569826] [depth_angular_controller]: PAPER_BUILD reason=READY required=0.1057 best=8.0717 free=132 refined=0 tubes=52 revoked_tubes=0 proofs=128
[depth_angular_controller-1] [INFO] [1790682156.010086206] [depth_angular_controller]: TARGET_HOLD
[depth_angular_controller-1] [INFO] [1790682156.107494416] [depth_angular_controller]: INTENT_DIRECT
[depth_angular_controller-1] [INFO] [1790682156.107528861] [depth_angular_controller]: PAPER_EVIDENCE retained=32 balls=32 revoked_balls=0 expired_views=0 evicted_views=40 radius=0.580 clearance=0.500 best_prefix=8.072
[depth_angular_controller-1] [INFO] [1790682156.120672165] [depth_angular_controller]: TARGET_HOLD
[depth_angular_controller-1] [INFO] [1790682156.217373828] [depth_angular_controller]: INTENT_DIRECT
[depth_angular_controller-1] [INFO] [1790682156.246280353] [depth_angular_controller]: TARGET_HOLD
[depth_angular_controller-1] [INFO] [1790682156.320455865] [depth_angular_controller]: INTENT_DIRECT
[depth_angular_controller-1] [INFO] [1790682156.352959590] [depth_angular_controller]: TARGET_HOLD
[depth_angular_controller-1] [INFO] [1790682156.433170548] [depth_angular_controller]: INTENT_DIRECT
[depth_angular_controller-1] [INFO] [1790682156.700644081] [depth_angular_controller]: [PERF CTRL] run=pilot_ego1p1_1 elapsed=34.03s callbacks=893 commands=892 guidance=792 command_fps(ros/wall)=45.08/44.31 guidance_wall_fps=43.03 avoid_ms(mean/p50/p95/max)=6.199/0.312/29.683/122.137 cycle_ms(mean/p95/max)=22.568/63.237/131.569 depth_to_cmd_ms(mean/p95/max)=27.336/33.333/50.000 callback_to_publish_ms(mean/p95/max)=15.082/41.468/131.406
[position_cmd_to_twist-2] [INFO] [1790682156.785790331] [position_cmd_to_twist]: [PERF BRIDGE] run=pilot_ego1p1_1 elapsed=34.10s received=895 published=893 fps(ros/wall)=45.00/44.26 controller_to_bridge_ms(mean/p50/p95/max)=10.149/0.000/33.333/150.000 bridge_process_ms(mean/p95/max)=0.110/0.139/2.660
[NAV] t=20.0s position=(-52.03,-7.52,3.22) yaw=9.2deg command=(1.27,0.20,-0.00) manual_active=1 collision_blocks=0
[depth_angular_controller-1] [INFO] [1790682157.028974845] [depth_angular_controller]: PAPER_BUILD reason=READY required=1.0840 best=8.0717 free=297 refined=0 tubes=54 revoked_tubes=0 proofs=128
[depth_angular_controller-1] [INFO] [1790682157.181151750] [depth_angular_controller]: COMPUTE_DEADLINE
[depth_angular_controller-1] [INFO] [1790682157.181184311] [depth_angular_controller]: PAPER_EVIDENCE retained=32 balls=32 revoked_balls=0 expired_views=0 evicted_views=44 radius=0.580 clearance=1.906 best_prefix=8.072
[depth_angular_controller-1] [INFO] [1790682157.198365122] [depth_angular_controller]: INTENT_DIRECT
[depth_angular_controller-1] [INFO] [1790682157.306094519] [depth_angular_controller]: COMPUTE_DEADLINE
[depth_angular_controller-1] [INFO] [1790682157.426839762] [depth_angular_controller]: INTENT_DIRECT
[depth_angular_controller-1] [INFO] [1790682157.520752993] [depth_angular_controller]: COMPUTE_DEADLINE
[depth_angular_controller-1] [INFO] [1790682157.540052680] [depth_angular_controller]: INTENT_DIRECT
[depth_angular_controller-1] [INFO] [1790682157.648331579] [depth_angular_controller]: COMPUTE_DEADLINE
[depth_angular_controller-1] [INFO] [1790682157.663728612] [depth_angular_controller]: INTENT_DIRECT
[depth_angular_controller-1] [INFO] [1790682157.769207647] [depth_angular_controller]: COMPUTE_DEADLINE
[depth_angular_controller-1] [INFO] [1790682157.785087255] [depth_angular_controller]: INTENT_DIRECT
[depth_angular_controller-1] [INFO] [1790682158.192170922] [depth_angular_controller]: PAPER_BUILD reason=READY required=0.3979 best=8.0717 free=352 refined=0 tubes=57 revoked_tubes=0 proofs=128
[depth_angular_controller-1] [INFO] [1790682158.355585324] [depth_angular_controller]: PAPER_EVIDENCE retained=32 balls=32 revoked_balls=0 expired_views=0 evicted_views=48 radius=0.580 clearance=0.500 best_prefix=8.072
[depth_angular_controller-1] [INFO] [1790682159.387902091] [depth_angular_controller]: PAPER_BUILD reason=READY required=0.9226 best=8.0717 free=352 refined=0 tubes=59 revoked_tubes=0 proofs=128
[depth_angular_controller-1] [INFO] [1790682159.546830606] [depth_angular_controller]: PAPER_EVIDENCE retained=32 balls=32 revoked_balls=0 expired_views=0 evicted_views=52 radius=0.580 clearance=0.954 best_prefix=8.072
[depth_angular_controller-1] [INFO] [1790682159.749353938] [depth_angular_controller]: COMPUTE_DEADLINE
[depth_angular_controller-1] [INFO] [1790682159.775995311] [depth_angular_controller]: INTENT_DIRECT
[depth_angular_controller-1] [INFO] [1790682160.422364926] [depth_angular_controller]: PAPER_BUILD reason=READY required=0.3303 best=8.0717 free=352 refined=0 tubes=61 revoked_tubes=0 proofs=128
[depth_angular_controller-1] [INFO] [1790682160.595084510] [depth_angular_controller]: PAPER_EVIDENCE retained=32 balls=32 revoked_balls=0 expired_views=0 evicted_views=56 radius=0.580 clearance=0.300 best_prefix=8.072
[depth_angular_controller-1] [INFO] [1790682161.549278577] [depth_angular_controller]: PAPER_BUILD reason=READY required=0.0330 best=2.0217 free=352 refined=0 tubes=62 revoked_tubes=0 proofs=128
[depth_angular_controller-1] [INFO] [1790682161.737911052] [depth_angular_controller]: [PERF CTRL] run=pilot_ego1p1_1 elapsed=39.06s callbacks=1043 commands=1042 guidance=942 command_fps(ros/wall)=42.90/41.40 guidance_wall_fps=40.18 avoid_ms(mean/p50/p95/max)=7.731/0.356/47.130/122.137 cycle_ms(mean/p95/max)=24.155/71.921/131.569 depth_to_cmd_ms(mean/p95/max)=26.433/33.333/50.000 callback_to_publish_ms(mean/p95/max)=17.266/57.867/131.406
[depth_angular_controller-1] [INFO] [1790682161.737963320] [depth_angular_controller]: PAPER_EVIDENCE retained=32 balls=32 revoked_balls=0 expired_views=0 evicted_views=60 radius=0.580 clearance=0.030 best_prefix=2.022
[depth_angular_controller-1] [INFO] [1790682161.948480603] [depth_angular_controller]: COMPUTE_DEADLINE
[depth_angular_controller-1] [INFO] [1790682161.986726914] [depth_angular_controller]: INTENT_DIRECT
[position_cmd_to_twist-2] [INFO] [1790682162.303982554] [position_cmd_to_twist]: [PERF BRIDGE] run=pilot_ego1p1_1 elapsed=39.62s received=1049 published=1046 fps(ros/wall)=42.57/41.04 controller_to_bridge_ms(mean/p50/p95/max)=12.711/0.000/50.000/150.000 bridge_process_ms(mean/p95/max)=0.118/0.144/2.847
[NAV] t=25.0s position=(-48.38,-6.93,3.20) yaw=9.2deg command=(0.00,0.00,0.00) manual_active=1 collision_blocks=0
[depth_angular_controller-1] [INFO] [1790682162.382819966] [depth_angular_controller]: COMPUTE_DEADLINE
[depth_angular_controller-1] [INFO] [1790682162.717648583] [depth_angular_controller]: PAPER_BUILD reason=READY required=0.0100 best=0.0150 free=308 refined=0 tubes=62 revoked_tubes=0 proofs=128
[depth_angular_controller-1] [INFO] [1790682162.717688107] [depth_angular_controller]: PAPER_EVIDENCE retained=32 balls=32 revoked_balls=0 expired_views=0 evicted_views=60 radius=0.580 clearance=0.017 best_prefix=0.015
[depth_angular_controller-1] [INFO] [1790682163.839057745] [depth_angular_controller]: PAPER_BUILD reason=READY required=0.0100 best=0.0150 free=308 refined=0 tubes=62 revoked_tubes=0 proofs=128
[depth_angular_controller-1] [INFO] [1790682163.839105765] [depth_angular_controller]: PAPER_EVIDENCE retained=32 balls=32 revoked_balls=0 expired_views=0 evicted_views=60 radius=0.580 clearance=0.017 best_prefix=0.015
[depth_angular_controller-1] [INFO] [1790682165.277811474] [depth_angular_controller]: PAPER_BUILD reason=READY required=0.0100 best=0.0150 free=308 refined=0 tubes=62 revoked_tubes=0 proofs=128
[depth_angular_controller-1] [INFO] [1790682165.277853463] [depth_angular_controller]: PAPER_EVIDENCE retained=32 balls=32 revoked_balls=0 expired_views=0 evicted_views=60 radius=0.580 clearance=0.017 best_prefix=0.015
[depth_angular_controller-1] [INFO] [1790682166.306188839] [depth_angular_controller]: PAPER_BUILD reason=READY required=0.0100 best=0.0150 free=308 refined=0 tubes=62 revoked_tubes=0 proofs=128
[depth_angular_controller-1] [INFO] [1790682166.306232822] [depth_angular_controller]: PAPER_EVIDENCE retained=32 balls=32 revoked_balls=0 expired_views=0 evicted_views=60 radius=0.580 clearance=0.017 best_prefix=0.015
[depth_angular_controller-1] [INFO] [1790682166.980904315] [depth_angular_controller]: [PERF CTRL] run=pilot_ego1p1_1 elapsed=44.31s callbacks=1064 commands=1063 guidance=963 command_fps(ros/wall)=36.60/34.95 guidance_wall_fps=33.56 avoid_ms(mean/p50/p95/max)=12.494/0.370/57.439/379.594 cycle_ms(mean/p95/max)=28.615/76.338/428.127 depth_to_cmd_ms(mean/p95/max)=26.272/33.333/50.000 callback_to_publish_ms(mean/p95/max)=21.853/65.660/427.738
[depth_angular_controller-1] [INFO] [1790682167.315570638] [depth_angular_controller]: PAPER_BUILD reason=READY required=0.0100 best=0.0150 free=308 refined=0 tubes=62 revoked_tubes=0 proofs=128
[depth_angular_controller-1] [INFO] [1790682167.315618648] [depth_angular_controller]: PAPER_EVIDENCE retained=32 balls=32 revoked_balls=0 expired_views=0 evicted_views=60 radius=0.580 clearance=0.017 best_prefix=0.015
[position_cmd_to_twist-2] [INFO] [1790682167.442260366] [position_cmd_to_twist]: [PERF BRIDGE] run=pilot_ego1p1_1 elapsed=44.76s received=1064 published=1046 fps(ros/wall)=36.16/34.01 controller_to_bridge_ms(mean/p50/p95/max)=17.325/0.000/66.667/383.333 bridge_process_ms(mean/p95/max)=0.118/0.144/2.847
[NAV] t=30.0s position=(-48.38,-6.93,3.20) yaw=9.2deg command=(0.00,0.00,0.00) manual_active=1 collision_blocks=0
[depth_angular_controller-1] [INFO] [1790682168.308279409] [depth_angular_controller]: PAPER_BUILD reason=READY required=0.0100 best=0.0150 free=308 refined=0 tubes=62 revoked_tubes=0 proofs=128
[depth_angular_controller-1] [INFO] [1790682168.308324955] [depth_angular_controller]: PAPER_EVIDENCE retained=32 balls=32 revoked_balls=0 expired_views=0 evicted_views=60 radius=0.580 clearance=0.017 best_prefix=0.015
[depth_angular_controller-1] [INFO] [1790682169.316893448] [depth_angular_controller]: PAPER_BUILD reason=READY required=0.0100 best=0.0150 free=308 refined=0 tubes=62 revoked_tubes=0 proofs=128
[depth_angular_controller-1] [INFO] [1790682169.317346177] [depth_angular_controller]: PAPER_EVIDENCE retained=32 balls=32 revoked_balls=0 expired_views=0 evicted_views=60 radius=0.580 clearance=0.017 best_prefix=0.015
[depth_angular_controller-1] [INFO] [1790682170.328068872] [depth_angular_controller]: PAPER_BUILD reason=READY required=0.0100 best=0.0150 free=308 refined=0 tubes=62 revoked_tubes=0 proofs=128
[depth_angular_controller-1] [INFO] [1790682170.328534145] [depth_angular_controller]: PAPER_EVIDENCE retained=32 balls=32 revoked_balls=0 expired_views=0 evicted_views=60 radius=0.580 clearance=0.017 best_prefix=0.015
[depth_angular_controller-1] [INFO] [1790682171.323976396] [depth_angular_controller]: PAPER_BUILD reason=READY required=0.0100 best=0.0150 free=308 refined=0 tubes=62 revoked_tubes=0 proofs=128
[depth_angular_controller-1] [INFO] [1790682171.324016111] [depth_angular_controller]: PAPER_EVIDENCE retained=32 balls=32 revoked_balls=0 expired_views=0 evicted_views=60 radius=0.580 clearance=0.017 best_prefix=0.015
[depth_angular_controller-1] [INFO] [1790682171.994455984] [depth_angular_controller]: [PERF CTRL] run=pilot_ego1p1_1 elapsed=49.32s callbacks=1079 commands=1078 guidance=978 command_fps(ros/wall)=31.20/30.42 guidance_wall_fps=29.01 avoid_ms(mean/p50/p95/max)=17.105/0.380/65.313/379.594 cycle_ms(mean/p95/max)=32.871/83.180/428.127 depth_to_cmd_ms(mean/p95/max)=26.125/33.333/50.000 callback_to_publish_ms(mean/p95/max)=26.195/73.435/427.738
[position_cmd_to_twist-2] [INFO] [1790682172.009110163] [position_cmd_to_twist]: [PERF BRIDGE] run=pilot_ego1p1_1 elapsed=49.33s received=1078 published=1046 fps(ros/wall)=31.20/29.52 controller_to_bridge_ms(mean/p50/p95/max)=21.861/0.000/66.667/383.333 bridge_process_ms(mean/p95/max)=0.118/0.144/2.847
[NAV] t=35.0s position=(-48.38,-6.93,3.20) yaw=9.2deg command=(0.00,0.00,0.00) manual_active=1 collision_blocks=0
[depth_angular_controller-1] [INFO] [1790682172.320336990] [depth_angular_controller]: PAPER_BUILD reason=READY required=0.0100 best=0.0150 free=308 refined=0 tubes=62 revoked_tubes=0 proofs=128
[depth_angular_controller-1] [INFO] [1790682172.320383087] [depth_angular_controller]: PAPER_EVIDENCE retained=32 balls=32 revoked_balls=0 expired_views=0 evicted_views=60 radius=0.580 clearance=0.017 best_prefix=0.015
[depth_angular_controller-1] [INFO] [1790682173.318967674] [depth_angular_controller]: PAPER_BUILD reason=READY required=0.0100 best=0.0150 free=308 refined=0 tubes=62 revoked_tubes=0 proofs=128
[depth_angular_controller-1] [INFO] [1790682173.319011917] [depth_angular_controller]: PAPER_EVIDENCE retained=32 balls=32 revoked_balls=0 expired_views=0 evicted_views=60 radius=0.580 clearance=0.017 best_prefix=0.015
[depth_angular_controller-1] [INFO] [1790682174.311570297] [depth_angular_controller]: PAPER_BUILD reason=READY required=0.0100 best=0.0150 free=308 refined=0 tubes=62 revoked_tubes=0 proofs=128
[depth_angular_controller-1] [INFO] [1790682174.311615231] [depth_angular_controller]: PAPER_EVIDENCE retained=32 balls=32 revoked_balls=0 expired_views=0 evicted_views=60 radius=0.580 clearance=0.017 best_prefix=0.015
[depth_angular_controller-1] [INFO] [1790682175.310331596] [depth_angular_controller]: PAPER_BUILD reason=READY required=0.0100 best=0.0150 free=308 refined=0 tubes=62 revoked_tubes=0 proofs=128
[depth_angular_controller-1] [INFO] [1790682175.310370018] [depth_angular_controller]: PAPER_EVIDENCE retained=32 balls=32 revoked_balls=0 expired_views=0 evicted_views=60 radius=0.580 clearance=0.017 best_prefix=0.015
[depth_angular_controller-1] [INFO] [1790682176.306851389] [depth_angular_controller]: PAPER_BUILD reason=READY required=0.0100 best=0.0150 free=308 refined=0 tubes=62 revoked_tubes=0 proofs=128
[depth_angular_controller-1] [INFO] [1790682176.306895111] [depth_angular_controller]: PAPER_EVIDENCE retained=32 balls=32 revoked_balls=0 expired_views=0 evicted_views=60 radius=0.580 clearance=0.017 best_prefix=0.015
[position_cmd_to_twist-2] [INFO] [1790682176.644677491] [position_cmd_to_twist]: [PERF BRIDGE] run=pilot_ego1p1_1 elapsed=53.96s received=1092 published=1046 fps(ros/wall)=27.61/26.09 controller_to_bridge_ms(mean/p50/p95/max)=26.145/0.000/83.333/400.000 bridge_process_ms(mean/p95/max)=0.118/0.144/2.847
[NAV] t=40.0s position=(-48.38,-6.93,3.20) yaw=9.2deg command=(0.00,0.00,0.00) manual_active=1 collision_blocks=0
[depth_angular_controller-1] [INFO] [1790682177.314218527] [depth_angular_controller]: [PERF CTRL] run=pilot_ego1p1_1 elapsed=54.64s callbacks=1095 commands=1094 guidance=994 command_fps(ros/wall)=27.13/26.84 guidance_wall_fps=25.46 avoid_ms(mean/p50/p95/max)=21.857/0.386/82.519/379.594 cycle_ms(mean/p95/max)=37.257/100.160/428.127 depth_to_cmd_ms(mean/p95/max)=26.006/33.333/50.000 callback_to_publish_ms(mean/p95/max)=30.671/86.451/427.738
[depth_angular_controller-1] [INFO] [1790682177.314263822] [depth_angular_controller]: PAPER_BUILD reason=READY required=0.0100 best=0.0150 free=308 refined=0 tubes=62 revoked_tubes=0 proofs=128
[depth_angular_controller-1] [INFO] [1790682177.314270975] [depth_angular_controller]: PAPER_EVIDENCE retained=32 balls=32 revoked_balls=0 expired_views=0 evicted_views=60 radius=0.580 clearance=0.017 best_prefix=0.015
[depth_angular_controller-1] [INFO] [1790682178.323283131] [depth_angular_controller]: PAPER_BUILD reason=READY required=0.0100 best=0.0150 free=308 refined=0 tubes=62 revoked_tubes=0 proofs=128
[depth_angular_controller-1] [INFO] [1790682178.323323516] [depth_angular_controller]: PAPER_EVIDENCE retained=32 balls=32 revoked_balls=0 expired_views=0 evicted_views=60 radius=0.580 clearance=0.017 best_prefix=0.015
[depth_angular_controller-1] [INFO] [1790682179.317233702] [depth_angular_controller]: PAPER_BUILD reason=READY required=0.0100 best=0.0150 free=308 refined=0 tubes=62 revoked_tubes=0 proofs=128
[depth_angular_controller-1] [INFO] [1790682179.317277665] [depth_angular_controller]: PAPER_EVIDENCE retained=32 balls=32 revoked_balls=0 expired_views=0 evicted_views=60 radius=0.580 clearance=0.017 best_prefix=0.015
[depth_angular_controller-1] [INFO] [1790682180.325915127] [depth_angular_controller]: PAPER_BUILD reason=READY required=0.0100 best=0.0150 free=308 refined=0 tubes=62 revoked_tubes=0 proofs=128
[depth_angular_controller-1] [INFO] [1790682180.325959200] [depth_angular_controller]: PAPER_EVIDENCE retained=32 balls=32 revoked_balls=0 expired_views=0 evicted_views=60 radius=0.580 clearance=0.017 best_prefix=0.015
[position_cmd_to_twist-2] [INFO] [1790682181.161315213] [position_cmd_to_twist]: [PERF BRIDGE] run=pilot_ego1p1_1 elapsed=58.48s received=1105 published=1046 fps(ros/wall)=24.89/23.54 controller_to_bridge_ms(mean/p50/p95/max)=30.196/16.667/266.667/400.000 bridge_process_ms(mean/p95/max)=0.118/0.144/2.847
[NAV] t=45.0s position=(-48.38,-6.93,3.20) yaw=9.2deg command=(0.00,0.00,0.00) manual_active=1 collision_blocks=0
[depth_angular_controller-1] [INFO] [1790682181.306292218] [depth_angular_controller]: PAPER_BUILD reason=READY required=0.0100 best=0.0150 free=308 refined=0 tubes=62 revoked_tubes=0 proofs=128
[depth_angular_controller-1] [INFO] [1790682181.306335318] [depth_angular_controller]: PAPER_EVIDENCE retained=32 balls=32 revoked_balls=0 expired_views=0 evicted_views=60 radius=0.580 clearance=0.017 best_prefix=0.015
[depth_angular_controller-1] [INFO] [1790682182.317979332] [depth_angular_controller]: [PERF CTRL] run=pilot_ego1p1_1 elapsed=59.64s callbacks=1110 commands=1109 guidance=1009 command_fps(ros/wall)=24.12/24.23 guidance_wall_fps=22.91 avoid_ms(mean/p50/p95/max)=26.189/0.400/307.848/379.594 cycle_ms(mean/p95/max)=41.269/324.222/428.127 depth_to_cmd_ms(mean/p95/max)=25.867/33.333/50.000 callback_to_publish_ms(mean/p95/max)=34.766/324.140/427.738
[depth_angular_controller-1] [INFO] [1790682182.318033925] [depth_angular_controller]: PAPER_BUILD reason=READY required=0.0100 best=0.0150 free=308 refined=0 tubes=62 revoked_tubes=0 proofs=128
[depth_angular_controller-1] [INFO] [1790682182.318041689] [depth_angular_controller]: PAPER_EVIDENCE retained=32 balls=32 revoked_balls=0 expired_views=0 evicted_views=60 radius=0.580 clearance=0.017 best_prefix=0.015
[depth_angular_controller-1] [INFO] [1790682183.322777770] [depth_angular_controller]: PAPER_BUILD reason=READY required=0.0100 best=0.0150 free=308 refined=0 tubes=62 revoked_tubes=0 proofs=128
[depth_angular_controller-1] [INFO] [1790682183.322821042] [depth_angular_controller]: PAPER_EVIDENCE retained=32 balls=32 revoked_balls=0 expired_views=0 evicted_views=60 radius=0.580 clearance=0.017 best_prefix=0.015
[depth_angular_controller-1] [INFO] [1790682184.300776127] [depth_angular_controller]: PAPER_BUILD reason=READY required=0.0100 best=0.0150 free=308 refined=0 tubes=62 revoked_tubes=0 proofs=128
[depth_angular_controller-1] [INFO] [1790682184.300813738] [depth_angular_controller]: PAPER_EVIDENCE retained=32 balls=32 revoked_balls=0 expired_views=0 evicted_views=60 radius=0.580 clearance=0.017 best_prefix=0.015
[depth_angular_controller-1] [INFO] [1790682185.278439225] [depth_angular_controller]: PAPER_BUILD reason=READY required=0.0100 best=0.0150 free=308 refined=0 tubes=62 revoked_tubes=0 proofs=128
[depth_angular_controller-1] [INFO] [1790682185.278480432] [depth_angular_controller]: PAPER_EVIDENCE retained=32 balls=32 revoked_balls=0 expired_views=0 evicted_views=60 radius=0.580 clearance=0.017 best_prefix=0.015
[position_cmd_to_twist-2] [INFO] [1790682185.475034222] [position_cmd_to_twist]: [PERF BRIDGE] run=pilot_ego1p1_1 elapsed=62.79s received=1118 published=1046 fps(ros/wall)=22.64/21.46 controller_to_bridge_ms(mean/p50/p95/max)=34.347/16.667/316.667/450.000 bridge_process_ms(mean/p95/max)=0.118/0.144/2.847
[NAV] t=50.0s position=(-48.38,-6.93,3.20) yaw=9.2deg command=(0.00,0.00,0.00) manual_active=1 collision_blocks=0
[depth_angular_controller-1] [INFO] [1790682186.252504682] [depth_angular_controller]: PAPER_BUILD reason=READY required=0.0100 best=0.0150 free=308 refined=0 tubes=62 revoked_tubes=0 proofs=128
[depth_angular_controller-1] [INFO] [1790682186.252545338] [depth_angular_controller]: PAPER_EVIDENCE retained=32 balls=32 revoked_balls=0 expired_views=0 evicted_views=60 radius=0.580 clearance=0.017 best_prefix=0.015
[depth_angular_controller-1] [INFO] [1790682187.257772801] [depth_angular_controller]: PAPER_BUILD reason=READY required=0.0100 best=0.0150 free=308 refined=0 tubes=62 revoked_tubes=0 proofs=128
[depth_angular_controller-1] [INFO] [1790682187.257815070] [depth_angular_controller]: PAPER_EVIDENCE retained=32 balls=32 revoked_balls=0 expired_views=0 evicted_views=60 radius=0.580 clearance=0.017 best_prefix=0.015
[depth_angular_controller-1] [INFO] [1790682187.592942829] [depth_angular_controller]: [PERF CTRL] run=pilot_ego1p1_1 elapsed=64.92s callbacks=1126 commands=1125 guidance=1025 command_fps(ros/wall)=21.59/22.04 guidance_wall_fps=20.78 avoid_ms(mean/p50/p95/max)=30.613/0.424/312.440/379.594 cycle_ms(mean/p95/max)=45.374/330.740/428.127 depth_to_cmd_ms(mean/p95/max)=25.772/33.333/50.000 callback_to_publish_ms(mean/p95/max)=38.957/330.664/427.738
[depth_angular_controller-1] [INFO] [1790682188.259849492] [depth_angular_controller]: PAPER_BUILD reason=READY required=0.0100 best=0.0150 free=308 refined=0 tubes=62 revoked_tubes=0 proofs=128
[depth_angular_controller-1] [INFO] [1790682188.260289167] [depth_angular_controller]: PAPER_EVIDENCE retained=32 balls=32 revoked_balls=0 expired_views=0 evicted_views=60 radius=0.580 clearance=0.017 best_prefix=0.015
[depth_angular_controller-1] [INFO] [1790682189.257479538] [depth_angular_controller]: PAPER_BUILD reason=READY required=0.0100 best=0.0150 free=308 refined=0 tubes=62 revoked_tubes=0 proofs=128
[depth_angular_controller-1] [INFO] [1790682189.257518311] [depth_angular_controller]: PAPER_EVIDENCE retained=32 balls=32 revoked_balls=0 expired_views=0 evicted_views=60 radius=0.580 clearance=0.017 best_prefix=0.015
[position_cmd_to_twist-2] [INFO] [1790682189.615462265] [position_cmd_to_twist]: [PERF BRIDGE] run=pilot_ego1p1_1 elapsed=66.93s received=1131 published=1046 fps(ros/wall)=20.74/19.72 controller_to_bridge_ms(mean/p50/p95/max)=38.476/16.667/366.667/450.000 bridge_process_ms(mean/p95/max)=0.118/0.144/2.847
[NAV] t=55.0s position=(-48.38,-6.93,3.20) yaw=9.2deg command=(0.00,0.00,0.00) manual_active=1 collision_blocks=0
[depth_angular_controller-1] [INFO] [1790682190.235839654] [depth_angular_controller]: PAPER_BUILD reason=READY required=0.0100 best=0.0150 free=308 refined=0 tubes=62 revoked_tubes=0 proofs=128
[depth_angular_controller-1] [INFO] [1790682190.236262738] [depth_angular_controller]: PAPER_EVIDENCE retained=32 balls=32 revoked_balls=0 expired_views=0 evicted_views=60 radius=0.580 clearance=0.017 best_prefix=0.015
[depth_angular_controller-1] [INFO] [1790682191.228594101] [depth_angular_controller]: PAPER_BUILD reason=READY required=0.0100 best=0.0150 free=308 refined=0 tubes=62 revoked_tubes=0 proofs=128
[depth_angular_controller-1] [INFO] [1790682191.229007026] [depth_angular_controller]: PAPER_EVIDENCE retained=32 balls=32 revoked_balls=0 expired_views=0 evicted_views=60 radius=0.580 clearance=0.017 best_prefix=0.015
[depth_angular_controller-1] [INFO] [1790682192.225306735] [depth_angular_controller]: PAPER_BUILD reason=READY required=0.0100 best=0.0150 free=308 refined=0 tubes=62 revoked_tubes=0 proofs=128
[depth_angular_controller-1] [INFO] [1790682192.225348875] [depth_angular_controller]: PAPER_EVIDENCE retained=32 balls=32 revoked_balls=0 expired_views=0 evicted_views=60 radius=0.580 clearance=0.017 best_prefix=0.015
[depth_angular_controller-1] [INFO] [1790682192.896580774] [depth_angular_controller]: [PERF CTRL] run=pilot_ego1p1_1 elapsed=70.22s callbacks=1142 commands=1141 guidance=1041 command_fps(ros/wall)=19.55/20.25 guidance_wall_fps=19.06 avoid_ms(mean/p50/p95/max)=34.926/0.445/313.475/379.594 cycle_ms(mean/p95/max)=49.390/332.799/428.127 depth_to_cmd_ms(mean/p95/max)=25.728/33.333/50.000 callback_to_publish_ms(mean/p95/max)=43.053/332.643/427.738
[depth_angular_controller-1] [INFO] [1790682193.228788803] [depth_angular_controller]: PAPER_BUILD reason=READY required=0.0100 best=0.0150 free=308 refined=0 tubes=62 revoked_tubes=0 proofs=128
[depth_angular_controller-1] [INFO] [1790682193.228823388] [depth_angular_controller]: PAPER_EVIDENCE retained=32 balls=32 revoked_balls=0 expired_views=0 evicted_views=60 radius=0.580 clearance=0.017 best_prefix=0.015
[position_cmd_to_twist-2] [INFO] [1790682193.971353250] [position_cmd_to_twist]: [PERF BRIDGE] run=pilot_ego1p1_1 elapsed=71.29s received=1144 published=1046 fps(ros/wall)=19.23/18.24 controller_to_bridge_ms(mean/p50/p95/max)=42.308/16.667/366.667/450.000 bridge_process_ms(mean/p95/max)=0.118/0.144/2.847
[NAV] t=60.0s position=(-48.38,-6.93,3.20) yaw=9.2deg command=(0.00,0.00,0.00) manual_active=1 collision_blocks=0
[depth_angular_controller-1] [INFO] [1790682194.207610615] [depth_angular_controller]: PAPER_BUILD reason=READY required=0.0100 best=0.0150 free=308 refined=0 tubes=62 revoked_tubes=0 proofs=128
[depth_angular_controller-1] [INFO] [1790682194.207648867] [depth_angular_controller]: PAPER_EVIDENCE retained=32 balls=32 revoked_balls=0 expired_views=0 evicted_views=60 radius=0.580 clearance=0.017 best_prefix=0.015
[depth_angular_controller-1] [INFO] [1790682195.197951503] [depth_angular_controller]: PAPER_BUILD reason=READY required=0.0100 best=0.0150 free=308 refined=0 tubes=62 revoked_tubes=0 proofs=128
[depth_angular_controller-1] [INFO] [1790682195.197993923] [depth_angular_controller]: PAPER_EVIDENCE retained=32 balls=32 revoked_balls=0 expired_views=0 evicted_views=60 radius=0.580 clearance=0.017 best_prefix=0.015
[depth_angular_controller-1] [INFO] [1790682196.486436930] [depth_angular_controller]: PAPER_BUILD reason=READY required=0.0100 best=0.0150 free=308 refined=0 tubes=62 revoked_tubes=0 proofs=128
[depth_angular_controller-1] [INFO] [1790682196.486478397] [depth_angular_controller]: PAPER_EVIDENCE retained=32 balls=32 revoked_balls=0 expired_views=0 evicted_views=60 radius=0.580 clearance=0.017 best_prefix=0.015
[depth_angular_controller-1] [INFO] [1790682197.461868430] [depth_angular_controller]: PAPER_BUILD reason=READY required=0.0100 best=0.0150 free=308 refined=0 tubes=62 revoked_tubes=0 proofs=128
[depth_angular_controller-1] [INFO] [1790682197.461906010] [depth_angular_controller]: PAPER_EVIDENCE retained=32 balls=32 revoked_balls=0 expired_views=0 evicted_views=60 radius=0.580 clearance=0.017 best_prefix=0.015
[depth_angular_controller-1] [INFO] [1790682198.128853960] [depth_angular_controller]: [PERF CTRL] run=pilot_ego1p1_1 elapsed=75.46s callbacks=1158 commands=1157 guidance=1057 command_fps(ros/wall)=18.02/18.79 guidance_wall_fps=17.66 avoid_ms(mean/p50/p95/max)=39.050/0.468/313.682/379.594 cycle_ms(mean/p95/max)=53.232/333.197/428.127 depth_to_cmd_ms(mean/p95/max)=25.591/33.333/50.000 callback_to_publish_ms(mean/p95/max)=46.976/333.092/427.738
[position_cmd_to_twist-2] [INFO] [1790682198.406897869] [position_cmd_to_twist]: [PERF BRIDGE] run=pilot_ego1p1_1 elapsed=75.72s received=1157 published=1046 fps(ros/wall)=18.02/16.98 controller_to_bridge_ms(mean/p50/p95/max)=45.952/16.667/383.333/450.000 bridge_process_ms(mean/p95/max)=0.118/0.144/2.847
[NAV] t=65.0s position=(-48.38,-6.93,3.20) yaw=9.2deg command=(0.00,0.00,0.00) manual_active=1 collision_blocks=0
[depth_angular_controller-1] [INFO] [1790682198.464949295] [depth_angular_controller]: PAPER_BUILD reason=READY required=0.0100 best=0.0150 free=308 refined=0 tubes=62 revoked_tubes=0 proofs=128
[depth_angular_controller-1] [INFO] [1790682198.464989460] [depth_angular_controller]: PAPER_EVIDENCE retained=32 balls=32 revoked_balls=0 expired_views=0 evicted_views=60 radius=0.580 clearance=0.017 best_prefix=0.015
[depth_angular_controller-1] [INFO] [1790682199.455848851] [depth_angular_controller]: PAPER_BUILD reason=READY required=0.0100 best=0.0150 free=308 refined=0 tubes=62 revoked_tubes=0 proofs=128
[depth_angular_controller-1] [INFO] [1790682199.455886822] [depth_angular_controller]: PAPER_EVIDENCE retained=32 balls=32 revoked_balls=0 expired_views=0 evicted_views=60 radius=0.580 clearance=0.017 best_prefix=0.015
[depth_angular_controller-1] [INFO] [1790682200.462679593] [depth_angular_controller]: PAPER_BUILD reason=READY required=0.0100 best=0.0150 free=308 refined=0 tubes=62 revoked_tubes=0 proofs=128
[depth_angular_controller-1] [INFO] [1790682200.462724787] [depth_angular_controller]: PAPER_EVIDENCE retained=32 balls=32 revoked_balls=0 expired_views=0 evicted_views=60 radius=0.580 clearance=0.017 best_prefix=0.015
[depth_angular_controller-1] [INFO] [1790682201.452606414] [depth_angular_controller]: PAPER_BUILD reason=READY required=0.0100 best=0.0150 free=308 refined=0 tubes=62 revoked_tubes=0 proofs=128
[depth_angular_controller-1] [INFO] [1790682201.452645757] [depth_angular_controller]: PAPER_EVIDENCE retained=32 balls=32 revoked_balls=0 expired_views=0 evicted_views=60 radius=0.580 clearance=0.017 best_prefix=0.015
[depth_angular_controller-1] [INFO] [1790682202.423156784] [depth_angular_controller]: PAPER_BUILD reason=READY required=0.0100 best=0.0150 free=308 refined=0 tubes=62 revoked_tubes=0 proofs=128
[depth_angular_controller-1] [INFO] [1790682202.423213500] [depth_angular_controller]: PAPER_EVIDENCE retained=32 balls=32 revoked_balls=0 expired_views=0 evicted_views=60 radius=0.580 clearance=0.017 best_prefix=0.015
[position_cmd_to_twist-2] [INFO] [1790682202.741886671] [position_cmd_to_twist]: [PERF BRIDGE] run=pilot_ego1p1_1 elapsed=80.06s received=1170 published=1046 fps(ros/wall)=16.90/15.87 controller_to_bridge_ms(mean/p50/p95/max)=49.687/16.667/383.333/450.000 bridge_process_ms(mean/p95/max)=0.118/0.144/2.847
[NAV] t=70.0s position=(-48.38,-6.93,3.20) yaw=9.2deg command=(0.00,0.00,0.00) manual_active=1 collision_blocks=0
[depth_angular_controller-1] [INFO] [1790682203.434679290] [depth_angular_controller]: [PERF CTRL] run=pilot_ego1p1_1 elapsed=80.76s callbacks=1174 commands=1173 guidance=1073 command_fps(ros/wall)=16.66/17.53 guidance_wall_fps=16.46 avoid_ms(mean/p50/p95/max)=43.118/0.486/314.227/379.594 cycle_ms(mean/p95/max)=57.033/333.886/428.127 depth_to_cmd_ms(mean/p95/max)=25.520/33.333/50.000 callback_to_publish_ms(mean/p95/max)=50.855/333.607/427.738
[depth_angular_controller-1] [INFO] [1790682203.434731207] [depth_angular_controller]: PAPER_BUILD reason=READY required=0.0100 best=0.0150 free=308 refined=0 tubes=62 revoked_tubes=0 proofs=128
[depth_angular_controller-1] [INFO] [1790682203.434739022] [depth_angular_controller]: PAPER_EVIDENCE retained=32 balls=32 revoked_balls=0 expired_views=0 evicted_views=60 radius=0.580 clearance=0.017 best_prefix=0.015
[depth_angular_controller-1] [INFO] [1790682204.747593728] [depth_angular_controller]: PAPER_BUILD reason=READY required=0.0100 best=0.0150 free=308 refined=0 tubes=62 revoked_tubes=0 proofs=128
[depth_angular_controller-1] [INFO] [1790682204.747638733] [depth_angular_controller]: PAPER_EVIDENCE retained=32 balls=32 revoked_balls=0 expired_views=0 evicted_views=60 radius=0.580 clearance=0.017 best_prefix=0.015
[depth_angular_controller-1] [INFO] [1790682205.759648272] [depth_angular_controller]: PAPER_BUILD reason=READY required=0.0100 best=0.0150 free=308 refined=0 tubes=62 revoked_tubes=0 proofs=128
[depth_angular_controller-1] [INFO] [1790682205.759688809] [depth_angular_controller]: PAPER_EVIDENCE retained=32 balls=32 revoked_balls=0 expired_views=0 evicted_views=60 radius=0.580 clearance=0.017 best_prefix=0.015
[depth_angular_controller-1] [INFO] [1790682206.737746817] [depth_angular_controller]: PAPER_BUILD reason=READY required=0.0100 best=0.0150 free=308 refined=0 tubes=62 revoked_tubes=0 proofs=128
[depth_angular_controller-1] [INFO] [1790682206.737783336] [depth_angular_controller]: PAPER_EVIDENCE retained=32 balls=32 revoked_balls=0 expired_views=0 evicted_views=60 radius=0.580 clearance=0.017 best_prefix=0.015
[position_cmd_to_twist-2] [INFO] [1790682207.083958675] [position_cmd_to_twist]: [PERF BRIDGE] run=pilot_ego1p1_1 elapsed=84.40s received=1184 published=1046 fps(ros/wall)=15.89/14.83 controller_to_bridge_ms(mean/p50/p95/max)=53.646/16.667/383.333/450.000 bridge_process_ms(mean/p95/max)=0.118/0.144/2.847
[NAV] t=75.0s position=(-48.38,-6.93,3.20) yaw=9.2deg command=(0.00,0.00,0.00) manual_active=1 collision_blocks=0
[depth_angular_controller-1] [INFO] [1790682207.739124857] [depth_angular_controller]: PAPER_BUILD reason=READY required=0.0100 best=0.0150 free=308 refined=0 tubes=62 revoked_tubes=0 proofs=128
[depth_angular_controller-1] [INFO] [1790682207.739160925] [depth_angular_controller]: PAPER_EVIDENCE retained=32 balls=32 revoked_balls=0 expired_views=0 evicted_views=60 radius=0.580 clearance=0.017 best_prefix=0.015
[depth_angular_controller-1] [INFO] [1790682208.718300042] [depth_angular_controller]: [PERF CTRL] run=pilot_ego1p1_1 elapsed=86.04s callbacks=1190 commands=1189 guidance=1089 command_fps(ros/wall)=15.56/16.47 guidance_wall_fps=15.45 avoid_ms(mean/p50/p95/max)=47.035/0.525/314.674/379.594 cycle_ms(mean/p95/max)=60.712/334.781/428.127 depth_to_cmd_ms(mean/p95/max)=25.421/33.333/50.000 callback_to_publish_ms(mean/p95/max)=54.609/334.500/427.738
[depth_angular_controller-1] [INFO] [1790682208.718357079] [depth_angular_controller]: PAPER_BUILD reason=READY required=0.0100 best=0.0150 free=308 refined=0 tubes=62 revoked_tubes=0 proofs=128
[depth_angular_controller-1] [INFO] [1790682208.718365735] [depth_angular_controller]: PAPER_EVIDENCE retained=32 balls=32 revoked_balls=0 expired_views=0 evicted_views=60 radius=0.580 clearance=0.017 best_prefix=0.015
[depth_angular_controller-1] [INFO] [1790682209.713736402] [depth_angular_controller]: PAPER_BUILD reason=READY required=0.0100 best=0.0150 free=308 refined=0 tubes=62 revoked_tubes=0 proofs=128
[depth_angular_controller-1] [INFO] [1790682209.713771257] [depth_angular_controller]: PAPER_EVIDENCE retained=32 balls=32 revoked_balls=0 expired_views=0 evicted_views=60 radius=0.580 clearance=0.017 best_prefix=0.015
[depth_angular_controller-1] [INFO] [1790682210.721071951] [depth_angular_controller]: PAPER_BUILD reason=READY required=0.0100 best=0.0150 free=308 refined=0 tubes=62 revoked_tubes=0 proofs=128
[depth_angular_controller-1] [INFO] [1790682210.721112076] [depth_angular_controller]: PAPER_EVIDENCE retained=32 balls=32 revoked_balls=0 expired_views=0 evicted_views=60 radius=0.580 clearance=0.017 best_prefix=0.015
[position_cmd_to_twist-2] [INFO] [1790682211.321825295] [position_cmd_to_twist]: [PERF BRIDGE] run=pilot_ego1p1_1 elapsed=88.64s received=1196 published=1046 fps(ros/wall)=15.10/14.03 controller_to_bridge_ms(mean/p50/p95/max)=56.996/16.667/400.000/450.000 bridge_process_ms(mean/p95/max)=0.118/0.144/2.847
[NAV] t=80.0s position=(-48.38,-6.93,3.20) yaw=9.2deg command=(0.00,0.00,0.00) manual_active=1 collision_blocks=0
[depth_angular_controller-1] [INFO] [1790682211.727522048] [depth_angular_controller]: PAPER_BUILD reason=READY required=0.0100 best=0.0150 free=308 refined=0 tubes=62 revoked_tubes=0 proofs=128
[depth_angular_controller-1] [INFO] [1790682211.727946855] [depth_angular_controller]: PAPER_EVIDENCE retained=32 balls=32 revoked_balls=0 expired_views=0 evicted_views=60 radius=0.580 clearance=0.017 best_prefix=0.015
[depth_angular_controller-1] [INFO] [1790682212.726065970] [depth_angular_controller]: PAPER_BUILD reason=READY required=0.0100 best=0.0150 free=308 refined=0 tubes=62 revoked_tubes=0 proofs=128
[depth_angular_controller-1] [INFO] [1790682212.726457945] [depth_angular_controller]: PAPER_EVIDENCE retained=32 balls=32 revoked_balls=0 expired_views=0 evicted_views=60 radius=0.580 clearance=0.017 best_prefix=0.015
[depth_angular_controller-1] [INFO] [1790682213.723902924] [depth_angular_controller]: [PERF CTRL] run=pilot_ego1p1_1 elapsed=91.05s callbacks=1205 commands=1204 guidance=1104 command_fps(ros/wall)=14.58/15.60 guidance_wall_fps=14.63 avoid_ms(mean/p50/p95/max)=50.654/0.559/314.883/379.594 cycle_ms(mean/p95/max)=64.116/335.331/428.127 depth_to_cmd_ms(mean/p95/max)=25.332/33.333/50.000 callback_to_publish_ms(mean/p95/max)=58.083/334.926/427.738
[depth_angular_controller-1] [INFO] [1790682213.724311841] [depth_angular_controller]: PAPER_BUILD reason=READY required=0.0100 best=0.0150 free=308 refined=0 tubes=62 revoked_tubes=0 proofs=128
[depth_angular_controller-1] [INFO] [1790682213.724320778] [depth_angular_controller]: PAPER_EVIDENCE retained=32 balls=32 revoked_balls=0 expired_views=0 evicted_views=60 radius=0.580 clearance=0.017 best_prefix=0.015
[depth_angular_controller-1] [INFO] [1790682214.741624553] [depth_angular_controller]: PAPER_BUILD reason=READY required=0.0100 best=0.0150 free=308 refined=0 tubes=62 revoked_tubes=0 proofs=128
[depth_angular_controller-1] [INFO] [1790682214.741660801] [depth_angular_controller]: PAPER_EVIDENCE retained=32 balls=32 revoked_balls=0 expired_views=0 evicted_views=60 radius=0.580 clearance=0.017 best_prefix=0.015
[position_cmd_to_twist-2] [INFO] [1790682215.353936537] [position_cmd_to_twist]: [PERF BRIDGE] run=pilot_ego1p1_1 elapsed=92.67s received=1208 published=1046 fps(ros/wall)=14.34/13.31 controller_to_bridge_ms(mean/p50/p95/max)=60.568/16.667/400.000/450.000 bridge_process_ms(mean/p95/max)=0.118/0.144/2.847
[NAV] t=85.0s position=(-48.38,-6.93,3.20) yaw=9.2deg command=(0.00,0.00,0.00) manual_active=1 collision_blocks=0
[depth_angular_controller-1] [INFO] [1790682215.736888670] [depth_angular_controller]: PAPER_BUILD reason=READY required=0.0100 best=0.0150 free=308 refined=0 tubes=62 revoked_tubes=0 proofs=128
[depth_angular_controller-1] [INFO] [1790682215.736924477] [depth_angular_controller]: PAPER_EVIDENCE retained=32 balls=32 revoked_balls=0 expired_views=0 evicted_views=60 radius=0.580 clearance=0.017 best_prefix=0.015
[depth_angular_controller-1] [INFO] [1790682216.731237388] [depth_angular_controller]: PAPER_BUILD reason=READY required=0.0100 best=0.0150 free=308 refined=0 tubes=62 revoked_tubes=0 proofs=128
[depth_angular_controller-1] [INFO] [1790682216.731282573] [depth_angular_controller]: PAPER_EVIDENCE retained=32 balls=32 revoked_balls=0 expired_views=0 evicted_views=60 radius=0.580 clearance=0.017 best_prefix=0.015
[depth_angular_controller-1] [INFO] [1790682217.729286541] [depth_angular_controller]: PAPER_BUILD reason=READY required=0.0100 best=0.0150 free=308 refined=0 tubes=62 revoked_tubes=0 proofs=128
[depth_angular_controller-1] [INFO] [1790682217.729323481] [depth_angular_controller]: PAPER_EVIDENCE retained=32 balls=32 revoked_balls=0 expired_views=0 evicted_views=60 radius=0.580 clearance=0.017 best_prefix=0.015
[depth_angular_controller-1] [INFO] [1790682218.735199511] [depth_angular_controller]: [PERF CTRL] run=pilot_ego1p1_1 elapsed=96.06s callbacks=1220 commands=1219 guidance=1119 command_fps(ros/wall)=13.76/14.83 guidance_wall_fps=13.90 avoid_ms(mean/p50/p95/max)=54.177/0.622/315.840/379.594 cycle_ms(mean/p95/max)=67.441/336.146/428.127 depth_to_cmd_ms(mean/p95/max)=25.216/33.333/50.000 callback_to_publish_ms(mean/p95/max)=61.475/335.668/427.738
[depth_angular_controller-1] [INFO] [1790682218.735251558] [depth_angular_controller]: PAPER_BUILD reason=READY required=0.0100 best=0.0150 free=308 refined=0 tubes=62 revoked_tubes=0 proofs=128
[depth_angular_controller-1] [INFO] [1790682218.735259052] [depth_angular_controller]: PAPER_EVIDENCE retained=32 balls=32 revoked_balls=0 expired_views=0 evicted_views=60 radius=0.580 clearance=0.017 best_prefix=0.015
[position_cmd_to_twist-2] [INFO] [1790682219.581493700] [position_cmd_to_twist]: [PERF BRIDGE] run=pilot_ego1p1_1 elapsed=96.90s received=1221 published=1046 fps(ros/wall)=13.65/12.62 controller_to_bridge_ms(mean/p50/p95/max)=64.100/16.667/416.667/450.000 bridge_process_ms(mean/p95/max)=0.118/0.144/2.847
[NAV] t=90.0s position=(-48.38,-6.93,3.20) yaw=9.2deg command=(0.00,0.00,0.00) manual_active=1 collision_blocks=0
[depth_angular_controller-1] [INFO] [1790682219.727890399] [depth_angular_controller]: PAPER_BUILD reason=READY required=0.0100 best=0.0150 free=308 refined=0 tubes=62 revoked_tubes=0 proofs=128
[depth_angular_controller-1] [INFO] [1790682219.727933149] [depth_angular_controller]: PAPER_EVIDENCE retained=32 balls=32 revoked_balls=0 expired_views=0 evicted_views=60 radius=0.580 clearance=0.017 best_prefix=0.015
[depth_angular_controller-1] [INFO] [1790682220.721646285] [depth_angular_controller]: PAPER_BUILD reason=READY required=0.0100 best=0.0150 free=308 refined=0 tubes=62 revoked_tubes=0 proofs=128
[depth_angular_controller-1] [INFO] [1790682220.721683064] [depth_angular_controller]: PAPER_EVIDENCE retained=32 balls=32 revoked_balls=0 expired_views=0 evicted_views=60 radius=0.580 clearance=0.017 best_prefix=0.015
[depth_angular_controller-1] [INFO] [1790682221.733899763] [depth_angular_controller]: PAPER_BUILD reason=READY required=0.0100 best=0.0150 free=308 refined=0 tubes=62 revoked_tubes=0 proofs=128
[depth_angular_controller-1] [INFO] [1790682221.733941240] [depth_angular_controller]: PAPER_EVIDENCE retained=32 balls=32 revoked_balls=0 expired_views=0 evicted_views=60 radius=0.580 clearance=0.017 best_prefix=0.015
[depth_angular_controller-1] [INFO] [1790682222.741571152] [depth_angular_controller]: PAPER_BUILD reason=READY required=0.0100 best=0.0150 free=308 refined=0 tubes=62 revoked_tubes=0 proofs=128
[depth_angular_controller-1] [INFO] [1790682222.741607420] [depth_angular_controller]: PAPER_EVIDENCE retained=32 balls=32 revoked_balls=0 expired_views=0 evicted_views=60 radius=0.580 clearance=0.017 best_prefix=0.015
[position_cmd_to_twist-2] [INFO] [1790682223.608075667] [position_cmd_to_twist]: [PERF BRIDGE] run=pilot_ego1p1_1 elapsed=100.93s received=1233 published=1046 fps(ros/wall)=13.07/12.04 controller_to_bridge_ms(mean/p50/p95/max)=67.532/16.667/416.667/450.000 bridge_process_ms(mean/p95/max)=0.118/0.144/2.847
[NAV] t=95.0s position=(-48.38,-6.93,3.20) yaw=9.2deg command=(0.00,0.00,0.00) manual_active=1 collision_blocks=0
[depth_angular_controller-1] [INFO] [1790682223.751275466] [depth_angular_controller]: [PERF CTRL] run=pilot_ego1p1_1 elapsed=101.08s callbacks=1235 commands=1234 guidance=1134 command_fps(ros/wall)=13.02/14.15 guidance_wall_fps=13.26 avoid_ms(mean/p50/p95/max)=57.613/0.686/316.255/379.594 cycle_ms(mean/p95/max)=70.689/336.496/428.127 depth_to_cmd_ms(mean/p95/max)=25.103/33.333/50.000 callback_to_publish_ms(mean/p95/max)=64.790/336.050/427.738
[depth_angular_controller-1] [INFO] [1790682223.751329808] [depth_angular_controller]: PAPER_BUILD reason=READY required=0.0100 best=0.0150 free=308 refined=0 tubes=62 revoked_tubes=0 proofs=128
[depth_angular_controller-1] [INFO] [1790682223.751337953] [depth_angular_controller]: PAPER_EVIDENCE retained=32 balls=32 revoked_balls=0 expired_views=0 evicted_views=60 radius=0.580 clearance=0.017 best_prefix=0.015
[depth_angular_controller-1] [INFO] [1790682224.745216069] [depth_angular_controller]: PAPER_BUILD reason=READY required=0.0100 best=0.0150 free=308 refined=0 tubes=62 revoked_tubes=0 proofs=128
[depth_angular_controller-1] [INFO] [1790682224.745259190] [depth_angular_controller]: PAPER_EVIDENCE retained=32 balls=32 revoked_balls=0 expired_views=0 evicted_views=60 radius=0.580 clearance=0.017 best_prefix=0.015
[depth_angular_controller-1] [INFO] [1790682225.733083004] [depth_angular_controller]: PAPER_BUILD reason=READY required=0.0100 best=0.0150 free=308 refined=0 tubes=62 revoked_tubes=0 proofs=128
[depth_angular_controller-1] [INFO] [1790682225.733118541] [depth_angular_controller]: PAPER_EVIDENCE retained=32 balls=32 revoked_balls=0 expired_views=0 evicted_views=60 radius=0.580 clearance=0.017 best_prefix=0.015
[depth_angular_controller-1] [INFO] [1790682226.713794583] [depth_angular_controller]: PAPER_BUILD reason=READY required=0.0100 best=0.0150 free=308 refined=0 tubes=62 revoked_tubes=0 proofs=128
[depth_angular_controller-1] [INFO] [1790682226.713835820] [depth_angular_controller]: PAPER_EVIDENCE retained=32 balls=32 revoked_balls=0 expired_views=0 evicted_views=60 radius=0.580 clearance=0.017 best_prefix=0.015
[depth_angular_controller-1] [INFO] [1790682227.711222239] [depth_angular_controller]: PAPER_BUILD reason=READY required=0.0100 best=0.0150 free=308 refined=0 tubes=62 revoked_tubes=0 proofs=128
[depth_angular_controller-1] [INFO] [1790682227.711266472] [depth_angular_controller]: PAPER_EVIDENCE retained=32 balls=32 revoked_balls=0 expired_views=0 evicted_views=60 radius=0.580 clearance=0.017 best_prefix=0.015
[position_cmd_to_twist-2] [INFO] [1790682227.921363056] [position_cmd_to_twist]: [PERF BRIDGE] run=pilot_ego1p1_1 elapsed=105.24s received=1246 published=1046 fps(ros/wall)=12.53/11.47 controller_to_bridge_ms(mean/p50/p95/max)=70.827/16.667/416.667/450.000 bridge_process_ms(mean/p95/max)=0.118/0.144/2.847
[NAV] t=100.0s position=(-48.38,-6.93,3.20) yaw=9.2deg command=(0.00,0.00,0.00) manual_active=1 collision_blocks=0
[depth_angular_controller-1] [INFO] [1790682228.713619822] [depth_angular_controller]: PAPER_BUILD reason=READY required=0.0100 best=0.0150 free=308 refined=0 tubes=62 revoked_tubes=0 proofs=128
[depth_angular_controller-1] [INFO] [1790682228.713656761] [depth_angular_controller]: PAPER_EVIDENCE retained=32 balls=32 revoked_balls=0 expired_views=0 evicted_views=60 radius=0.580 clearance=0.017 best_prefix=0.015
[depth_angular_controller-1] [INFO] [1790682229.051308246] [depth_angular_controller]: [PERF CTRL] run=pilot_ego1p1_1 elapsed=106.38s callbacks=1251 commands=1250 guidance=1150 command_fps(ros/wall)=12.38/13.51 guidance_wall_fps=12.66 avoid_ms(mean/p50/p95/max)=61.137/0.770/316.374/379.594 cycle_ms(mean/p95/max)=74.027/336.921/428.127 depth_to_cmd_ms(mean/p95/max)=25.014/33.333/50.000 callback_to_publish_ms(mean/p95/max)=68.198/336.563/427.738
[depth_angular_controller-1] [INFO] [1790682229.719720624] [depth_angular_controller]: PAPER_BUILD reason=READY required=0.0100 best=0.0150 free=308 refined=0 tubes=62 revoked_tubes=0 proofs=128
[depth_angular_controller-1] [INFO] [1790682229.719755529] [depth_angular_controller]: PAPER_EVIDENCE retained=32 balls=32 revoked_balls=0 expired_views=0 evicted_views=60 radius=0.580 clearance=0.017 best_prefix=0.015
[depth_angular_controller-1] [INFO] [1790682230.707648824] [depth_angular_controller]: PAPER_BUILD reason=READY required=0.0100 best=0.0150 free=308 refined=0 tubes=62 revoked_tubes=0 proofs=128
[depth_angular_controller-1] [INFO] [1790682230.707692056] [depth_angular_controller]: PAPER_EVIDENCE retained=32 balls=32 revoked_balls=0 expired_views=0 evicted_views=60 radius=0.580 clearance=0.017 best_prefix=0.015
[depth_angular_controller-1] [INFO] [1790682231.716533841] [depth_angular_controller]: PAPER_BUILD reason=READY required=0.0100 best=0.0150 free=308 refined=0 tubes=62 revoked_tubes=0 proofs=128
[depth_angular_controller-1] [INFO] [1790682231.716574107] [depth_angular_controller]: PAPER_EVIDENCE retained=32 balls=32 revoked_balls=0 expired_views=0 evicted_views=60 radius=0.580 clearance=0.017 best_prefix=0.015
[position_cmd_to_twist-2] [INFO] [1790682231.981002435] [position_cmd_to_twist]: [PERF BRIDGE] run=pilot_ego1p1_1 elapsed=109.30s received=1258 published=1046 fps(ros/wall)=12.07/10.99 controller_to_bridge_ms(mean/p50/p95/max)=74.059/16.667/416.667/450.000 bridge_process_ms(mean/p95/max)=0.118/0.144/2.847
[NAV] t=105.0s position=(-48.38,-6.93,3.20) yaw=9.2deg command=(0.00,0.00,0.00) manual_active=1 collision_blocks=0
[depth_angular_controller-1] [INFO] [1790682232.707497097] [depth_angular_controller]: PAPER_BUILD reason=READY required=0.0100 best=0.0150 free=308 refined=0 tubes=62 revoked_tubes=0 proofs=128
[depth_angular_controller-1] [INFO] [1790682232.707538805] [depth_angular_controller]: PAPER_EVIDENCE retained=32 balls=32 revoked_balls=0 expired_views=0 evicted_views=60 radius=0.580 clearance=0.017 best_prefix=0.015
[depth_angular_controller-1] [INFO] [1790682233.703941939] [depth_angular_controller]: PAPER_BUILD reason=READY required=0.0100 best=0.0150 free=308 refined=0 tubes=62 revoked_tubes=0 proofs=128
[depth_angular_controller-1] [INFO] [1790682233.703984379] [depth_angular_controller]: PAPER_EVIDENCE retained=32 balls=32 revoked_balls=0 expired_views=0 evicted_views=60 radius=0.580 clearance=0.017 best_prefix=0.015
[depth_angular_controller-1] [INFO] [1790682234.371060770] [depth_angular_controller]: [PERF CTRL] run=pilot_ego1p1_1 elapsed=111.70s callbacks=1267 commands=1266 guidance=1166 command_fps(ros/wall)=11.79/12.94 guidance_wall_fps=12.13 avoid_ms(mean/p50/p95/max)=64.582/0.871/316.452/379.594 cycle_ms(mean/p95/max)=77.296/337.108/428.127 depth_to_cmd_ms(mean/p95/max)=24.943/33.333/50.000 callback_to_publish_ms(mean/p95/max)=71.533/336.623/427.738
[depth_angular_controller-1] [INFO] [1790682234.700326308] [depth_angular_controller]: PAPER_BUILD reason=READY required=0.0100 best=0.0150 free=308 refined=0 tubes=62 revoked_tubes=0 proofs=128
[depth_angular_controller-1] [INFO] [1790682234.700365281] [depth_angular_controller]: PAPER_EVIDENCE retained=32 balls=32 revoked_balls=0 expired_views=0 evicted_views=60 radius=0.580 clearance=0.017 best_prefix=0.015
[depth_angular_controller-1] [INFO] [1790682235.708937070] [depth_angular_controller]: PAPER_BUILD reason=READY required=0.0100 best=0.0150 free=308 refined=0 tubes=62 revoked_tubes=0 proofs=128
[depth_angular_controller-1] [INFO] [1790682235.709371736] [depth_angular_controller]: PAPER_EVIDENCE retained=32 balls=32 revoked_balls=0 expired_views=0 evicted_views=60 radius=0.580 clearance=0.017 best_prefix=0.015
[position_cmd_to_twist-2] [INFO] [1790682236.254408516] [position_cmd_to_twist]: [PERF BRIDGE] run=pilot_ego1p1_1 elapsed=113.57s received=1271 published=1046 fps(ros/wall)=11.62/10.51 controller_to_bridge_ms(mean/p50/p95/max)=77.288/16.667/416.667/450.000 bridge_process_ms(mean/p95/max)=0.118/0.144/2.847
[NAV] t=110.0s position=(-48.38,-6.93,3.20) yaw=9.2deg command=(0.00,0.00,0.00) manual_active=1 collision_blocks=0
[depth_angular_controller-1] [INFO] [1790682236.692872809] [depth_angular_controller]: PAPER_BUILD reason=READY required=0.0100 best=0.0150 free=308 refined=0 tubes=62 revoked_tubes=0 proofs=128
[depth_angular_controller-1] [INFO] [1790682236.692909978] [depth_angular_controller]: PAPER_EVIDENCE retained=32 balls=32 revoked_balls=0 expired_views=0 evicted_views=60 radius=0.580 clearance=0.017 best_prefix=0.015
[depth_angular_controller-1] [INFO] [1790682237.976425989] [depth_angular_controller]: PAPER_BUILD reason=READY required=0.0100 best=0.0150 free=308 refined=0 tubes=62 revoked_tubes=0 proofs=128
[depth_angular_controller-1] [INFO] [1790682237.976463880] [depth_angular_controller]: PAPER_EVIDENCE retained=32 balls=32 revoked_balls=0 expired_views=0 evicted_views=60 radius=0.580 clearance=0.017 best_prefix=0.015
[depth_angular_controller-1] [INFO] [1790682238.952638004] [depth_angular_controller]: PAPER_BUILD reason=READY required=0.0100 best=0.0150 free=308 refined=0 tubes=62 revoked_tubes=0 proofs=128
[depth_angular_controller-1] [INFO] [1790682238.952673571] [depth_angular_controller]: PAPER_EVIDENCE retained=32 balls=32 revoked_balls=0 expired_views=0 evicted_views=60 radius=0.580 clearance=0.017 best_prefix=0.015
[depth_angular_controller-1] [INFO] [1790682239.606772419] [depth_angular_controller]: [PERF CTRL] run=pilot_ego1p1_1 elapsed=116.93s callbacks=1283 commands=1282 guidance=1182 command_fps(ros/wall)=11.31/12.44 guidance_wall_fps=11.66 avoid_ms(mean/p50/p95/max)=67.869/0.911/316.404/379.594 cycle_ms(mean/p95/max)=80.417/337.045/428.127 depth_to_cmd_ms(mean/p95/max)=24.831/33.333/50.000 callback_to_publish_ms(mean/p95/max)=74.722/336.623/427.738
[depth_angular_controller-1] [INFO] [1790682239.941801723] [depth_angular_controller]: PAPER_BUILD reason=READY required=0.0100 best=0.0150 free=308 refined=0 tubes=62 revoked_tubes=0 proofs=128
[depth_angular_controller-1] [INFO] [1790682239.941837520] [depth_angular_controller]: PAPER_EVIDENCE retained=32 balls=32 revoked_balls=0 expired_views=0 evicted_views=60 radius=0.580 clearance=0.017 best_prefix=0.015
[position_cmd_to_twist-2] [INFO] [1790682240.683919822] [position_cmd_to_twist]: [PERF BRIDGE] run=pilot_ego1p1_1 elapsed=118.00s received=1285 published=1046 fps(ros/wall)=11.22/10.05 controller_to_bridge_ms(mean/p50/p95/max)=80.480/16.667/416.667/450.000 bridge_process_ms(mean/p95/max)=0.118/0.144/2.847
[NAV] t=115.0s position=(-48.38,-6.93,3.20) yaw=9.2deg command=(0.00,0.00,0.00) manual_active=1 collision_blocks=0
[depth_angular_controller-1] [INFO] [1790682240.946320206] [depth_angular_controller]: PAPER_BUILD reason=READY required=0.0100 best=0.0150 free=308 refined=0 tubes=62 revoked_tubes=0 proofs=128
[depth_angular_controller-1] [INFO] [1790682240.946363006] [depth_angular_controller]: PAPER_EVIDENCE retained=32 balls=32 revoked_balls=0 expired_views=0 evicted_views=60 radius=0.580 clearance=0.017 best_prefix=0.015
[depth_angular_controller-1] [INFO] [1790682241.936811917] [depth_angular_controller]: PAPER_BUILD reason=READY required=0.0100 best=0.0150 free=308 refined=0 tubes=62 revoked_tubes=0 proofs=128
[depth_angular_controller-1] [INFO] [1790682241.936854416] [depth_angular_controller]: PAPER_EVIDENCE retained=32 balls=32 revoked_balls=0 expired_views=0 evicted_views=60 radius=0.580 clearance=0.017 best_prefix=0.015
[depth_angular_controller-1] [INFO] [1790682242.920816033] [depth_angular_controller]: PAPER_BUILD reason=READY required=0.0100 best=0.0150 free=308 refined=0 tubes=62 revoked_tubes=0 proofs=128
[depth_angular_controller-1] [INFO] [1790682242.920852311] [depth_angular_controller]: PAPER_EVIDENCE retained=32 balls=32 revoked_balls=0 expired_views=0 evicted_views=60 radius=0.580 clearance=0.017 best_prefix=0.015
[depth_angular_controller-1] [INFO] [1790682243.918959112] [depth_angular_controller]: PAPER_BUILD reason=READY required=0.0100 best=0.0150 free=308 refined=0 tubes=62 revoked_tubes=0 proofs=128
[depth_angular_controller-1] [INFO] [1790682243.919004438] [depth_angular_controller]: PAPER_EVIDENCE retained=32 balls=32 revoked_balls=0 expired_views=0 evicted_views=60 radius=0.580 clearance=0.017 best_prefix=0.015
[depth_angular_controller-1] [INFO] [1790682244.913288415] [depth_angular_controller]: [PERF CTRL] run=pilot_ego1p1_1 elapsed=122.24s callbacks=1299 commands=1298 guidance=1198 command_fps(ros/wall)=10.86/11.97 guidance_wall_fps=11.23 avoid_ms(mean/p50/p95/max)=71.125/0.976/316.452/379.594 cycle_ms(mean/p95/max)=83.517/337.223/428.127 depth_to_cmd_ms(mean/p95/max)=24.736/33.333/50.000 callback_to_publish_ms(mean/p95/max)=77.886/336.738/427.738
[depth_angular_controller-1] [INFO] [1790682244.913331305] [depth_angular_controller]: PAPER_BUILD reason=READY required=0.0100 best=0.0150 free=308 refined=0 tubes=62 revoked_tubes=0 proofs=128
[depth_angular_controller-1] [INFO] [1790682244.913337547] [depth_angular_controller]: PAPER_EVIDENCE retained=32 balls=32 revoked_balls=0 expired_views=0 evicted_views=60 radius=0.580 clearance=0.017 best_prefix=0.015
[position_cmd_to_twist-2] [INFO] [1790682244.947483503] [position_cmd_to_twist]: [PERF BRIDGE] run=pilot_ego1p1_1 elapsed=122.26s received=1298 published=1046 fps(ros/wall)=10.86/9.65 controller_to_bridge_ms(mean/p50/p95/max)=83.577/16.667/416.667/450.000 bridge_process_ms(mean/p95/max)=0.118/0.144/2.847
[NAV] t=120.0s position=(-48.38,-6.93,3.20) yaw=9.2deg command=(0.00,0.00,0.00) manual_active=1 collision_blocks=0
[depth_angular_controller-1] [INFO] [1790682245.910644958] [depth_angular_controller]: PAPER_BUILD reason=READY required=0.0100 best=0.0150 free=308 refined=0 tubes=62 revoked_tubes=0 proofs=128
[depth_angular_controller-1] [INFO] [1790682245.910681767] [depth_angular_controller]: PAPER_EVIDENCE retained=32 balls=32 revoked_balls=0 expired_views=0 evicted_views=60 radius=0.580 clearance=0.017 best_prefix=0.015
[depth_angular_controller-1] [INFO] [1790682246.891738463] [depth_angular_controller]: PAPER_BUILD reason=READY required=0.0100 best=0.0150 free=308 refined=0 tubes=62 revoked_tubes=0 proofs=128
[depth_angular_controller-1] [INFO] [1790682246.891778869] [depth_angular_controller]: PAPER_EVIDENCE retained=32 balls=32 revoked_balls=0 expired_views=0 evicted_views=60 radius=0.580 clearance=0.017 best_prefix=0.015
[depth_angular_controller-1] [INFO] [1790682247.894981041] [depth_angular_controller]: PAPER_BUILD reason=READY required=0.0100 best=0.0150 free=308 refined=0 tubes=62 revoked_tubes=0 proofs=128
[depth_angular_controller-1] [INFO] [1790682247.895021668] [depth_angular_controller]: PAPER_EVIDENCE retained=32 balls=32 revoked_balls=0 expired_views=0 evicted_views=60 radius=0.580 clearance=0.017 best_prefix=0.015
[depth_angular_controller-1] [INFO] [1790682248.900136630] [depth_angular_controller]: PAPER_BUILD reason=READY required=0.0100 best=0.0150 free=308 refined=0 tubes=62 revoked_tubes=0 proofs=128
[depth_angular_controller-1] [INFO] [1790682248.900176845] [depth_angular_controller]: PAPER_EVIDENCE retained=32 balls=32 revoked_balls=0 expired_views=0 evicted_views=60 radius=0.580 clearance=0.017 best_prefix=0.015
[position_cmd_to_twist-2] [INFO] [1790682249.157328268] [position_cmd_to_twist]: [PERF BRIDGE] run=pilot_ego1p1_1 elapsed=126.47s received=1310 published=1046 fps(ros/wall)=10.54/9.30 controller_to_bridge_ms(mean/p50/p95/max)=86.412/16.667/416.667/450.000 bridge_process_ms(mean/p95/max)=0.118/0.144/2.847
[NAV] t=125.0s position=(-48.38,-6.93,3.20) yaw=9.2deg command=(0.00,0.00,0.00) manual_active=1 collision_blocks=0
[depth_angular_controller-1] [INFO] [1790682249.878929177] [depth_angular_controller]: PAPER_BUILD reason=READY required=0.0100 best=0.0150 free=308 refined=0 tubes=62 revoked_tubes=0 proofs=128
[depth_angular_controller-1] [INFO] [1790682249.878965264] [depth_angular_controller]: PAPER_EVIDENCE retained=32 balls=32 revoked_balls=0 expired_views=0 evicted_views=60 radius=0.580 clearance=0.017 best_prefix=0.015
[depth_angular_controller-1] [INFO] [1790682250.215135920] [depth_angular_controller]: [PERF CTRL] run=pilot_ego1p1_1 elapsed=127.54s callbacks=1315 commands=1314 guidance=1214 command_fps(ros/wall)=10.45/11.56 guidance_wall_fps=10.84 avoid_ms(mean/p50/p95/max)=74.283/1.027/316.452/379.594 cycle_ms(mean/p95/max)=86.537/337.159/428.127 depth_to_cmd_ms(mean/p95/max)=24.643/33.333/50.000 callback_to_publish_ms(mean/p95/max)=80.969/336.738/427.738
[depth_angular_controller-1] [INFO] [1790682250.880452840] [depth_angular_controller]: PAPER_BUILD reason=READY required=0.0100 best=0.0150 free=308 refined=0 tubes=62 revoked_tubes=0 proofs=128
[depth_angular_controller-1] [INFO] [1790682250.880493085] [depth_angular_controller]: PAPER_EVIDENCE retained=32 balls=32 revoked_balls=0 expired_views=0 evicted_views=60 radius=0.580 clearance=0.017 best_prefix=0.015
[depth_angular_controller-1] [INFO] [1790682251.881403297] [depth_angular_controller]: PAPER_BUILD reason=READY required=0.0100 best=0.0150 free=308 refined=0 tubes=62 revoked_tubes=0 proofs=128
[depth_angular_controller-1] [INFO] [1790682251.881444003] [depth_angular_controller]: PAPER_EVIDENCE retained=32 balls=32 revoked_balls=0 expired_views=0 evicted_views=60 radius=0.580 clearance=0.017 best_prefix=0.015
[depth_angular_controller-1] [INFO] [1790682252.869946792] [depth_angular_controller]: PAPER_BUILD reason=READY required=0.0100 best=0.0150 free=308 refined=0 tubes=62 revoked_tubes=0 proofs=128
[depth_angular_controller-1] [INFO] [1790682252.869983881] [depth_angular_controller]: PAPER_EVIDENCE retained=32 balls=32 revoked_balls=0 expired_views=0 evicted_views=60 radius=0.580 clearance=0.017 best_prefix=0.015
[position_cmd_to_twist-2] [INFO] [1790682253.322416987] [position_cmd_to_twist]: [PERF BRIDGE] run=pilot_ego1p1_1 elapsed=130.64s received=1323 published=1046 fps(ros/wall)=10.22/8.96 controller_to_bridge_ms(mean/p50/p95/max)=89.468/16.667/416.667/450.000 bridge_process_ms(mean/p95/max)=0.118/0.144/2.847
[NAV] t=130.0s position=(-48.38,-6.93,3.20) yaw=9.2deg command=(0.00,0.00,0.00) manual_active=1 collision_blocks=0
[depth_angular_controller-1] [INFO] [1790682253.884501388] [depth_angular_controller]: PAPER_BUILD reason=READY required=0.0100 best=0.0150 free=308 refined=0 tubes=62 revoked_tubes=0 proofs=128
[depth_angular_controller-1] [INFO] [1790682253.884545801] [depth_angular_controller]: PAPER_EVIDENCE retained=32 balls=32 revoked_balls=0 expired_views=0 evicted_views=60 radius=0.580 clearance=0.017 best_prefix=0.015
[depth_angular_controller-1] [INFO] [1790682254.863618834] [depth_angular_controller]: PAPER_BUILD reason=READY required=0.0100 best=0.0150 free=308 refined=0 tubes=62 revoked_tubes=0 proofs=128
[depth_angular_controller-1] [INFO] [1790682254.863655193] [depth_angular_controller]: PAPER_EVIDENCE retained=32 balls=32 revoked_balls=0 expired_views=0 evicted_views=60 radius=0.580 clearance=0.017 best_prefix=0.015
[depth_angular_controller-1] [INFO] [1790682255.526232992] [depth_angular_controller]: [PERF CTRL] run=pilot_ego1p1_1 elapsed=132.85s callbacks=1331 commands=1330 guidance=1230 command_fps(ros/wall)=10.06/11.17 guidance_wall_fps=10.49 avoid_ms(mean/p50/p95/max)=77.378/1.069/316.493/379.594 cycle_ms(mean/p95/max)=89.491/337.249/428.127 depth_to_cmd_ms(mean/p95/max)=24.553/33.333/50.000 callback_to_publish_ms(mean/p95/max)=83.986/336.791/427.738
[depth_angular_controller-1] [INFO] [1790682255.857836758] [depth_angular_controller]: PAPER_BUILD reason=READY required=0.0100 best=0.0150 free=308 refined=0 tubes=62 revoked_tubes=0 proofs=128
[depth_angular_controller-1] [INFO] [1790682255.857876302] [depth_angular_controller]: PAPER_EVIDENCE retained=32 balls=32 revoked_balls=0 expired_views=0 evicted_views=60 radius=0.580 clearance=0.017 best_prefix=0.015
[depth_angular_controller-1] [INFO] [1790682256.864874859] [depth_angular_controller]: PAPER_BUILD reason=READY required=0.0100 best=0.0150 free=308 refined=0 tubes=62 revoked_tubes=0 proofs=128
[depth_angular_controller-1] [INFO] [1790682256.864917018] [depth_angular_controller]: PAPER_EVIDENCE retained=32 balls=32 revoked_balls=0 expired_views=0 evicted_views=60 radius=0.580 clearance=0.017 best_prefix=0.015
[position_cmd_to_twist-2] [INFO] [1790682257.502886229] [position_cmd_to_twist]: [PERF BRIDGE] run=pilot_ego1p1_1 elapsed=134.82s received=1335 published=1046 fps(ros/wall)=9.94/8.66 controller_to_bridge_ms(mean/p50/p95/max)=92.235/16.667/416.667/450.000 bridge_process_ms(mean/p95/max)=0.118/0.144/2.847
[NAV] t=135.0s position=(-48.38,-6.93,3.20) yaw=9.2deg command=(0.00,0.00,0.00) manual_active=1 collision_blocks=0
[depth_angular_controller-1] [INFO] [1790682257.857206272] [depth_angular_controller]: PAPER_BUILD reason=READY required=0.0100 best=0.0150 free=308 refined=0 tubes=62 revoked_tubes=0 proofs=128
[depth_angular_controller-1] [INFO] [1790682257.857248181] [depth_angular_controller]: PAPER_EVIDENCE retained=32 balls=32 revoked_balls=0 expired_views=0 evicted_views=60 radius=0.580 clearance=0.017 best_prefix=0.015
[depth_angular_controller-1] [INFO] [1790682258.844886858] [depth_angular_controller]: PAPER_BUILD reason=READY required=0.0100 best=0.0150 free=308 refined=0 tubes=62 revoked_tubes=0 proofs=128
[depth_angular_controller-1] [INFO] [1790682258.844930179] [depth_angular_controller]: PAPER_EVIDENCE retained=32 balls=32 revoked_balls=0 expired_views=0 evicted_views=60 radius=0.580 clearance=0.017 best_prefix=0.015
[depth_angular_controller-1] [INFO] [1790682259.851007507] [depth_angular_controller]: PAPER_BUILD reason=READY required=0.0100 best=0.0150 free=308 refined=0 tubes=62 revoked_tubes=0 proofs=128
[depth_angular_controller-1] [INFO] [1790682259.851046170] [depth_angular_controller]: PAPER_EVIDENCE retained=32 balls=32 revoked_balls=0 expired_views=0 evicted_views=60 radius=0.580 clearance=0.017 best_prefix=0.015
[depth_angular_controller-1] [INFO] [1790682260.858133843] [depth_angular_controller]: [PERF CTRL] run=pilot_ego1p1_1 elapsed=138.18s callbacks=1347 commands=1346 guidance=1246 command_fps(ros/wall)=9.71/10.82 guidance_wall_fps=10.16 avoid_ms(mean/p50/p95/max)=80.402/1.119/316.493/379.594 cycle_ms(mean/p95/max)=92.391/337.338/428.127 depth_to_cmd_ms(mean/p95/max)=24.492/33.333/50.000 callback_to_publish_ms(mean/p95/max)=86.945/336.834/427.738
[depth_angular_controller-1] [INFO] [1790682260.858186031] [depth_angular_controller]: PAPER_BUILD reason=READY required=0.0100 best=0.0150 free=308 refined=0 tubes=62 revoked_tubes=0 proofs=128
[depth_angular_controller-1] [INFO] [1790682260.858194097] [depth_angular_controller]: PAPER_EVIDENCE retained=32 balls=32 revoked_balls=0 expired_views=0 evicted_views=60 radius=0.580 clearance=0.017 best_prefix=0.015
[position_cmd_to_twist-2] [INFO] [1790682261.658716083] [position_cmd_to_twist]: [PERF BRIDGE] run=pilot_ego1p1_1 elapsed=138.98s received=1348 published=1046 fps(ros/wall)=9.66/8.36 controller_to_bridge_ms(mean/p50/p95/max)=95.215/16.667/416.667/450.000 bridge_process_ms(mean/p95/max)=0.118/0.144/2.847
[NAV] t=140.0s position=(-48.38,-6.93,3.20) yaw=9.2deg command=(0.00,0.00,0.00) manual_active=1 collision_blocks=0
[depth_angular_controller-1] [INFO] [1790682261.869845354] [depth_angular_controller]: PAPER_BUILD reason=READY required=0.0100 best=0.0150 free=308 refined=0 tubes=62 revoked_tubes=0 proofs=128
[depth_angular_controller-1] [INFO] [1790682261.869882684] [depth_angular_controller]: PAPER_EVIDENCE retained=32 balls=32 revoked_balls=0 expired_views=0 evicted_views=60 radius=0.580 clearance=0.017 best_prefix=0.015
[depth_angular_controller-1] [INFO] [1790682262.854914169] [depth_angular_controller]: PAPER_BUILD reason=READY required=0.0100 best=0.0150 free=308 refined=0 tubes=62 revoked_tubes=0 proofs=128
[depth_angular_controller-1] [INFO] [1790682262.854955887] [depth_angular_controller]: PAPER_EVIDENCE retained=32 balls=32 revoked_balls=0 expired_views=0 evicted_views=60 radius=0.580 clearance=0.017 best_prefix=0.015
[depth_angular_controller-1] [INFO] [1790682263.835795536] [depth_angular_controller]: PAPER_BUILD reason=READY required=0.0100 best=0.0150 free=308 refined=0 tubes=62 revoked_tubes=0 proofs=128
[depth_angular_controller-1] [INFO] [1790682263.835838126] [depth_angular_controller]: PAPER_EVIDENCE retained=32 balls=32 revoked_balls=0 expired_views=0 evicted_views=60 radius=0.580 clearance=0.017 best_prefix=0.015
[depth_angular_controller-1] [INFO] [1790682264.823542666] [depth_angular_controller]: PAPER_BUILD reason=READY required=0.0100 best=0.0150 free=308 refined=0 tubes=62 revoked_tubes=0 proofs=128
[depth_angular_controller-1] [INFO] [1790682264.823584685] [depth_angular_controller]: PAPER_EVIDENCE retained=32 balls=32 revoked_balls=0 expired_views=0 evicted_views=60 radius=0.580 clearance=0.017 best_prefix=0.015
[depth_angular_controller-1] [INFO] [1790682265.825325977] [depth_angular_controller]: PAPER_BUILD reason=READY required=0.0100 best=0.0150 free=308 refined=0 tubes=62 revoked_tubes=0 proofs=128
[depth_angular_controller-1] [INFO] [1790682265.825367985] [depth_angular_controller]: PAPER_EVIDENCE retained=32 balls=32 revoked_balls=0 expired_views=0 evicted_views=60 radius=0.580 clearance=0.017 best_prefix=0.015
[position_cmd_to_twist-2] [INFO] [1790682265.906678277] [position_cmd_to_twist]: [PERF BRIDGE] run=pilot_ego1p1_1 elapsed=143.22s received=1361 published=1046 fps(ros/wall)=9.42/8.09 controller_to_bridge_ms(mean/p50/p95/max)=98.028/16.667/416.667/450.000 bridge_process_ms(mean/p95/max)=0.118/0.144/2.847
[NAV] t=145.0s position=(-48.38,-6.93,3.20) yaw=9.2deg command=(0.00,0.00,0.00) manual_active=1 collision_blocks=0
[depth_angular_controller-1] [INFO] [1790682266.159388015] [depth_angular_controller]: [PERF CTRL] run=pilot_ego1p1_1 elapsed=143.49s callbacks=1363 commands=1362 guidance=1262 command_fps(ros/wall)=9.40/10.50 guidance_wall_fps=9.86 avoid_ms(mean/p50/p95/max)=83.323/1.178/316.521/379.594 cycle_ms(mean/p95/max)=95.200/337.338/428.127 depth_to_cmd_ms(mean/p95/max)=24.406/33.333/50.000 callback_to_publish_ms(mean/p95/max)=89.813/336.834/427.738
[depth_angular_controller-1] [INFO] [1790682266.832463013] [depth_angular_controller]: PAPER_BUILD reason=READY required=0.0100 best=0.0150 free=308 refined=0 tubes=62 revoked_tubes=0 proofs=128
[depth_angular_controller-1] [INFO] [1790682266.832504311] [depth_angular_controller]: PAPER_EVIDENCE retained=32 balls=32 revoked_balls=0 expired_views=0 evicted_views=60 radius=0.580 clearance=0.017 best_prefix=0.015
[depth_angular_controller-1] [INFO] [1790682267.837271921] [depth_angular_controller]: PAPER_BUILD reason=READY required=0.0100 best=0.0150 free=308 refined=0 tubes=62 revoked_tubes=0 proofs=128
[depth_angular_controller-1] [INFO] [1790682267.837316354] [depth_angular_controller]: PAPER_EVIDENCE retained=32 balls=32 revoked_balls=0 expired_views=0 evicted_views=60 radius=0.580 clearance=0.017 best_prefix=0.015
[depth_angular_controller-1] [INFO] [1790682268.847665969] [depth_angular_controller]: PAPER_BUILD reason=READY required=0.0100 best=0.0150 free=308 refined=0 tubes=62 revoked_tubes=0 proofs=128
[depth_angular_controller-1] [INFO] [1790682268.847711955] [depth_angular_controller]: PAPER_EVIDENCE retained=32 balls=32 revoked_balls=0 expired_views=0 evicted_views=60 radius=0.580 clearance=0.017 best_prefix=0.015
[depth_angular_controller-1] [INFO] [1790682269.841008129] [depth_angular_controller]: PAPER_BUILD reason=READY required=0.0100 best=0.0150 free=308 refined=0 tubes=62 revoked_tubes=0 proofs=128
[depth_angular_controller-1] [INFO] [1790682269.841048986] [depth_angular_controller]: PAPER_EVIDENCE retained=32 balls=32 revoked_balls=0 expired_views=0 evicted_views=60 radius=0.580 clearance=0.017 best_prefix=0.015
[position_cmd_to_twist-2] [INFO] [1790682269.945441302] [position_cmd_to_twist]: [PERF BRIDGE] run=pilot_ego1p1_1 elapsed=147.26s received=1373 published=1046 fps(ros/wall)=9.19/7.84 controller_to_bridge_ms(mean/p50/p95/max)=100.801/16.667/416.667/450.000 bridge_process_ms(mean/p95/max)=0.118/0.144/2.847
[NAV] t=150.0s position=(-48.38,-6.93,3.20) yaw=9.2deg command=(0.00,0.00,0.00) manual_active=1 collision_blocks=0
[depth_angular_controller-1] [INFO] [1790682270.833622353] [depth_angular_controller]: PAPER_BUILD reason=READY required=0.0100 best=0.0150 free=308 refined=0 tubes=62 revoked_tubes=0 proofs=128
[depth_angular_controller-1] [INFO] [1790682270.833665664] [depth_angular_controller]: PAPER_EVIDENCE retained=32 balls=32 revoked_balls=0 expired_views=0 evicted_views=60 radius=0.580 clearance=0.017 best_prefix=0.015
[depth_angular_controller-1] [INFO] [1790682271.171426223] [depth_angular_controller]: [PERF CTRL] run=pilot_ego1p1_1 elapsed=148.50s callbacks=1378 commands=1377 guidance=1277 command_fps(ros/wall)=9.11/10.22 guidance_wall_fps=9.60 avoid_ms(mean/p50/p95/max)=86.028/1.222/316.660/379.594 cycle_ms(mean/p95/max)=97.805/337.488/428.127 depth_to_cmd_ms(mean/p95/max)=24.341/33.333/50.000 callback_to_publish_ms(mean/p95/max)=92.470/336.988/427.738
[depth_angular_controller-1] [INFO] [1790682271.831150328] [depth_angular_controller]: PAPER_BUILD reason=READY required=0.0100 best=0.0150 free=308 refined=0 tubes=62 revoked_tubes=0 proofs=128
[depth_angular_controller-1] [INFO] [1790682271.831185203] [depth_angular_controller]: PAPER_EVIDENCE retained=32 balls=32 revoked_balls=0 expired_views=0 evicted_views=60 radius=0.580 clearance=0.017 best_prefix=0.015
[depth_angular_controller-1] [INFO] [1790682272.835388094] [depth_angular_controller]: PAPER_BUILD reason=READY required=0.0100 best=0.0150 free=308 refined=0 tubes=62 revoked_tubes=0 proofs=128
[depth_angular_controller-1] [INFO] [1790682272.835431445] [depth_angular_controller]: PAPER_EVIDENCE retained=32 balls=32 revoked_balls=0 expired_views=0 evicted_views=60 radius=0.580 clearance=0.017 best_prefix=0.015
[depth_angular_controller-1] [INFO] [1790682273.834192023] [depth_angular_controller]: PAPER_BUILD reason=READY required=0.0100 best=0.0150 free=308 refined=0 tubes=62 revoked_tubes=0 proofs=128
[depth_angular_controller-1] [INFO] [1790682273.834236617] [depth_angular_controller]: PAPER_EVIDENCE retained=32 balls=32 revoked_balls=0 expired_views=0 evicted_views=60 radius=0.580 clearance=0.017 best_prefix=0.015
[position_cmd_to_twist-2] [INFO] [1790682274.102883712] [position_cmd_to_twist]: [PERF BRIDGE] run=pilot_ego1p1_1 elapsed=151.42s received=1385 published=1046 fps(ros/wall)=8.97/7.61 controller_to_bridge_ms(mean/p50/p95/max)=103.381/16.667/416.667/450.000 bridge_process_ms(mean/p95/max)=0.118/0.144/2.847
[NAV] t=155.0s position=(-48.38,-6.93,3.20) yaw=9.2deg command=(0.00,0.00,0.00) manual_active=1 collision_blocks=0
[depth_angular_controller-1] [INFO] [1790682274.821930918] [depth_angular_controller]: PAPER_BUILD reason=READY required=0.0100 best=0.0150 free=308 refined=0 tubes=62 revoked_tubes=0 proofs=128
[depth_angular_controller-1] [INFO] [1790682274.821976714] [depth_angular_controller]: PAPER_EVIDENCE retained=32 balls=32 revoked_balls=0 expired_views=0 evicted_views=60 radius=0.580 clearance=0.017 best_prefix=0.015
[depth_angular_controller-1] [INFO] [1790682275.817744927] [depth_angular_controller]: PAPER_BUILD reason=READY required=0.0100 best=0.0150 free=308 refined=0 tubes=62 revoked_tubes=0 proofs=128
[depth_angular_controller-1] [INFO] [1790682275.817783699] [depth_angular_controller]: PAPER_EVIDENCE retained=32 balls=32 revoked_balls=0 expired_views=0 evicted_views=60 radius=0.580 clearance=0.017 best_prefix=0.015
[depth_angular_controller-1] [INFO] [1790682276.480424658] [depth_angular_controller]: [PERF CTRL] run=pilot_ego1p1_1 elapsed=153.81s callbacks=1394 commands=1393 guidance=1293 command_fps(ros/wall)=8.85/9.95 guidance_wall_fps=9.35 avoid_ms(mean/p50/p95/max)=88.816/1.265/316.735/379.594 cycle_ms(mean/p95/max)=100.494/337.526/428.127 depth_to_cmd_ms(mean/p95/max)=24.272/33.333/50.000 callback_to_publish_ms(mean/p95/max)=95.215/337.034/427.738
[depth_angular_controller-1] [INFO] [1790682276.817382761] [depth_angular_controller]: PAPER_BUILD reason=READY required=0.0100 best=0.0150 free=308 refined=0 tubes=62 revoked_tubes=0 proofs=128
[depth_angular_controller-1] [INFO] [1790682276.817425731] [depth_angular_controller]: PAPER_EVIDENCE retained=32 balls=32 revoked_balls=0 expired_views=0 evicted_views=60 radius=0.580 clearance=0.017 best_prefix=0.015
[depth_angular_controller-1] [INFO] [1790682277.801793591] [depth_angular_controller]: PAPER_BUILD reason=READY required=0.0100 best=0.0150 free=308 refined=0 tubes=62 revoked_tubes=0 proofs=128
[depth_angular_controller-1] [INFO] [1790682277.801834127] [depth_angular_controller]: PAPER_EVIDENCE retained=32 balls=32 revoked_balls=0 expired_views=0 evicted_views=60 radius=0.580 clearance=0.017 best_prefix=0.015
[position_cmd_to_twist-2] [INFO] [1790682278.427307719] [position_cmd_to_twist]: [PERF BRIDGE] run=pilot_ego1p1_1 elapsed=155.74s received=1398 published=1046 fps(ros/wall)=8.78/7.38 controller_to_bridge_ms(mean/p50/p95/max)=105.961/16.667/416.667/450.000 bridge_process_ms(mean/p95/max)=0.118/0.144/2.847
[NAV] t=160.0s position=(-48.38,-6.93,3.20) yaw=9.2deg command=(0.00,0.00,0.00) manual_active=1 collision_blocks=0
[depth_angular_controller-1] [INFO] [1790682278.805354156] [depth_angular_controller]: PAPER_BUILD reason=READY required=0.0100 best=0.0150 free=308 refined=0 tubes=62 revoked_tubes=0 proofs=128
[depth_angular_controller-1] [INFO] [1790682278.805398860] [depth_angular_controller]: PAPER_EVIDENCE retained=32 balls=32 revoked_balls=0 expired_views=0 evicted_views=60 radius=0.580 clearance=0.017 best_prefix=0.015
[depth_angular_controller-1] [INFO] [1790682279.809575671] [depth_angular_controller]: PAPER_BUILD reason=READY required=0.0100 best=0.0150 free=308 refined=0 tubes=62 revoked_tubes=0 proofs=128
[depth_angular_controller-1] [INFO] [1790682279.809615115] [depth_angular_controller]: PAPER_EVIDENCE retained=32 balls=32 revoked_balls=0 expired_views=0 evicted_views=60 radius=0.580 clearance=0.017 best_prefix=0.015
[depth_angular_controller-1] [INFO] [1790682280.804346132] [depth_angular_controller]: PAPER_BUILD reason=READY required=0.0100 best=0.0150 free=308 refined=0 tubes=62 revoked_tubes=0 proofs=128
[depth_angular_controller-1] [INFO] [1790682280.804383892] [depth_angular_controller]: PAPER_EVIDENCE retained=32 balls=32 revoked_balls=0 expired_views=0 evicted_views=60 radius=0.580 clearance=0.017 best_prefix=0.015
[depth_angular_controller-1] [INFO] [1790682281.783621755] [depth_angular_controller]: [PERF CTRL] run=pilot_ego1p1_1 elapsed=159.11s callbacks=1410 commands=1409 guidance=1309 command_fps(ros/wall)=8.61/9.70 guidance_wall_fps=9.12 avoid_ms(mean/p50/p95/max)=91.531/1.356/316.940/379.594 cycle_ms(mean/p95/max)=103.119/337.593/428.127 depth_to_cmd_ms(mean/p95/max)=24.217/33.333/50.000 callback_to_publish_ms(mean/p95/max)=97.894/337.265/427.738
[depth_angular_controller-1] [INFO] [1790682281.783663634] [depth_angular_controller]: PAPER_BUILD reason=READY required=0.0100 best=0.0150 free=308 refined=0 tubes=62 revoked_tubes=0 proofs=128
[depth_angular_controller-1] [INFO] [1790682281.783670356] [depth_angular_controller]: PAPER_EVIDENCE retained=32 balls=32 revoked_balls=0 expired_views=0 evicted_views=60 radius=0.580 clearance=0.017 best_prefix=0.015
[depth_angular_controller-1] [INFO] [1790682282.765180153] [depth_angular_controller]: PAPER_BUILD reason=READY required=0.0100 best=0.0150 free=308 refined=0 tubes=62 revoked_tubes=0 proofs=128
[depth_angular_controller-1] [INFO] [1790682282.765218675] [depth_angular_controller]: PAPER_EVIDENCE retained=32 balls=32 revoked_balls=0 expired_views=0 evicted_views=60 radius=0.580 clearance=0.017 best_prefix=0.015
[position_cmd_to_twist-2] [INFO] [1790682282.794903830] [position_cmd_to_twist]: [PERF BRIDGE] run=pilot_ego1p1_1 elapsed=160.11s received=1412 published=1046 fps(ros/wall)=8.58/7.15 controller_to_bridge_ms(mean/p50/p95/max)=108.676/16.667/416.667/450.000 bridge_process_ms(mean/p95/max)=0.118/0.144/2.847
[NAV] t=165.0s position=(-48.38,-6.93,3.20) yaw=9.2deg command=(0.00,0.00,0.00) manual_active=1 collision_blocks=0
[depth_angular_controller-1] [INFO] [1790682283.776443993] [depth_angular_controller]: PAPER_BUILD reason=READY required=0.0100 best=0.0150 free=308 refined=0 tubes=62 revoked_tubes=0 proofs=128
[depth_angular_controller-1] [INFO] [1790682283.776859844] [depth_angular_controller]: PAPER_EVIDENCE retained=32 balls=32 revoked_balls=0 expired_views=0 evicted_views=60 radius=0.580 clearance=0.017 best_prefix=0.015
[depth_angular_controller-1] [INFO] [1790682284.772951423] [depth_angular_controller]: PAPER_BUILD reason=READY required=0.0100 best=0.0150 free=308 refined=0 tubes=62 revoked_tubes=0 proofs=128
[depth_angular_controller-1] [INFO] [1790682284.773383624] [depth_angular_controller]: PAPER_EVIDENCE retained=32 balls=32 revoked_balls=0 expired_views=0 evicted_views=60 radius=0.580 clearance=0.017 best_prefix=0.015
[depth_angular_controller-1] [INFO] [1790682285.772439025] [depth_angular_controller]: PAPER_BUILD reason=READY required=0.0100 best=0.0150 free=308 refined=0 tubes=62 revoked_tubes=0 proofs=128
[depth_angular_controller-1] [INFO] [1790682285.772472788] [depth_angular_controller]: PAPER_EVIDENCE retained=32 balls=32 revoked_balls=0 expired_views=0 evicted_views=60 radius=0.580 clearance=0.017 best_prefix=0.015
[depth_angular_controller-1] [INFO] [1790682286.760445262] [depth_angular_controller]: PAPER_BUILD reason=READY required=0.0100 best=0.0150 free=308 refined=0 tubes=62 revoked_tubes=0 proofs=128
[depth_angular_controller-1] [INFO] [1790682286.760490246] [depth_angular_controller]: PAPER_EVIDENCE retained=32 balls=32 revoked_balls=0 expired_views=0 evicted_views=60 radius=0.580 clearance=0.017 best_prefix=0.015
[position_cmd_to_twist-2] [INFO] [1790682287.049601032] [position_cmd_to_twist]: [PERF BRIDGE] run=pilot_ego1p1_1 elapsed=164.37s received=1424 published=1046 fps(ros/wall)=8.41/6.96 controller_to_bridge_ms(mean/p50/p95/max)=111.096/16.667/433.333/450.000 bridge_process_ms(mean/p95/max)=0.118/0.144/2.847
[depth_angular_controller-1] [INFO] [1790682287.087344690] [depth_angular_controller]: [PERF CTRL] run=pilot_ego1p1_1 elapsed=164.41s callbacks=1426 commands=1425 guidance=1325 command_fps(ros/wall)=8.40/9.46 guidance_wall_fps=8.90 avoid_ms(mean/p50/p95/max)=94.187/1.449/316.996/379.594 cycle_ms(mean/p95/max)=105.685/337.660/428.127 depth_to_cmd_ms(mean/p95/max)=24.189/33.333/50.000 callback_to_publish_ms(mean/p95/max)=100.513/337.291/427.738
[NAV] t=170.0s position=(-48.38,-6.93,3.20) yaw=9.2deg command=(0.00,0.00,0.00) manual_active=1 collision_blocks=0
[depth_angular_controller-1] [INFO] [1790682287.755826498] [depth_angular_controller]: PAPER_BUILD reason=READY required=0.0100 best=0.0150 free=308 refined=0 tubes=62 revoked_tubes=0 proofs=128
[depth_angular_controller-1] [INFO] [1790682287.755863528] [depth_angular_controller]: PAPER_EVIDENCE retained=32 balls=32 revoked_balls=0 expired_views=0 evicted_views=60 radius=0.580 clearance=0.017 best_prefix=0.015
[depth_angular_controller-1] [INFO] [1790682288.755010190] [depth_angular_controller]: PAPER_BUILD reason=READY required=0.0100 best=0.0150 free=308 refined=0 tubes=62 revoked_tubes=0 proofs=128
[depth_angular_controller-1] [INFO] [1790682288.755046488] [depth_angular_controller]: PAPER_EVIDENCE retained=32 balls=32 revoked_balls=0 expired_views=0 evicted_views=60 radius=0.580 clearance=0.017 best_prefix=0.015
[depth_angular_controller-1] [INFO] [1790682289.760557383] [depth_angular_controller]: PAPER_BUILD reason=READY required=0.0100 best=0.0150 free=308 refined=0 tubes=62 revoked_tubes=0 proofs=128
[depth_angular_controller-1] [INFO] [1790682289.760595595] [depth_angular_controller]: PAPER_EVIDENCE retained=32 balls=32 revoked_balls=0 expired_views=0 evicted_views=60 radius=0.580 clearance=0.017 best_prefix=0.015
[depth_angular_controller-1] [INFO] [1790682290.769299722] [depth_angular_controller]: PAPER_BUILD reason=READY required=0.0100 best=0.0150 free=308 refined=0 tubes=62 revoked_tubes=0 proofs=128
[depth_angular_controller-1] [INFO] [1790682290.769342232] [depth_angular_controller]: PAPER_EVIDENCE retained=32 balls=32 revoked_balls=0 expired_views=0 evicted_views=60 radius=0.580 clearance=0.017 best_prefix=0.015
[position_cmd_to_twist-2] [INFO] [1790682291.112699483] [position_cmd_to_twist]: [PERF BRIDGE] run=pilot_ego1p1_1 elapsed=168.43s received=1437 published=1046 fps(ros/wall)=8.23/6.76 controller_to_bridge_ms(mean/p50/p95/max)=113.767/16.667/433.333/450.000 bridge_process_ms(mean/p95/max)=0.118/0.144/2.847
[NAV] t=175.0s position=(-48.38,-6.93,3.20) yaw=9.2deg command=(0.00,0.00,0.00) manual_active=1 collision_blocks=0
[depth_angular_controller-1] [INFO] [1790682291.760582688] [depth_angular_controller]: PAPER_BUILD reason=READY required=0.0100 best=0.0150 free=308 refined=0 tubes=62 revoked_tubes=0 proofs=128
[depth_angular_controller-1] [INFO] [1790682291.760625528] [depth_angular_controller]: PAPER_EVIDENCE retained=32 balls=32 revoked_balls=0 expired_views=0 evicted_views=60 radius=0.580 clearance=0.017 best_prefix=0.015
[depth_angular_controller-1] [INFO] [1790682292.098358476] [depth_angular_controller]: [PERF CTRL] run=pilot_ego1p1_1 elapsed=169.43s callbacks=1441 commands=1440 guidance=1340 command_fps(ros/wall)=8.19/9.25 guidance_wall_fps=8.71 avoid_ms(mean/p50/p95/max)=96.646/1.570/317.023/379.594 cycle_ms(mean/p95/max)=108.065/337.665/428.127 depth_to_cmd_ms(mean/p95/max)=24.154/33.333/50.000 callback_to_publish_ms(mean/p95/max)=102.942/337.325/427.738
[depth_angular_controller-1] [INFO] [1790682292.761842916] [depth_angular_controller]: PAPER_BUILD reason=READY required=0.0100 best=0.0150 free=308 refined=0 tubes=62 revoked_tubes=0 proofs=128
[depth_angular_controller-1] [INFO] [1790682292.761882571] [depth_angular_controller]: PAPER_EVIDENCE retained=32 balls=32 revoked_balls=0 expired_views=0 evicted_views=60 radius=0.580 clearance=0.017 best_prefix=0.015
[depth_angular_controller-1] [INFO] [1790682293.764108752] [depth_angular_controller]: PAPER_BUILD reason=READY required=0.0100 best=0.0150 free=308 refined=0 tubes=62 revoked_tubes=0 proofs=128
[depth_angular_controller-1] [INFO] [1790682293.764152163] [depth_angular_controller]: PAPER_EVIDENCE retained=32 balls=32 revoked_balls=0 expired_views=0 evicted_views=60 radius=0.580 clearance=0.017 best_prefix=0.015
[depth_angular_controller-1] [INFO] [1790682294.758892828] [depth_angular_controller]: PAPER_BUILD reason=READY required=0.0100 best=0.0150 free=308 refined=0 tubes=62 revoked_tubes=0 proofs=128
[depth_angular_controller-1] [INFO] [1790682294.758934486] [depth_angular_controller]: PAPER_EVIDENCE retained=32 balls=32 revoked_balls=0 expired_views=0 evicted_views=60 radius=0.580 clearance=0.017 best_prefix=0.015
[position_cmd_to_twist-2] [INFO] [1790682295.354670865] [position_cmd_to_twist]: [PERF BRIDGE] run=pilot_ego1p1_1 elapsed=172.67s received=1449 published=1046 fps(ros/wall)=8.08/6.59 controller_to_bridge_ms(mean/p50/p95/max)=116.103/16.667/433.333/450.000 bridge_process_ms(mean/p95/max)=0.118/0.144/2.847
[NAV] t=180.0s position=(-48.38,-6.93,3.20) yaw=9.2deg command=(0.00,0.00,0.00) manual_active=1 collision_blocks=0
[depth_angular_controller-1] [INFO] [1790682295.734102902] [depth_angular_controller]: PAPER_BUILD reason=READY required=0.0100 best=0.0150 free=308 refined=0 tubes=62 revoked_tubes=0 proofs=128
[depth_angular_controller-1] [INFO] [1790682295.734139932] [depth_angular_controller]: PAPER_EVIDENCE retained=32 balls=32 revoked_balls=0 expired_views=0 evicted_views=60 radius=0.580 clearance=0.017 best_prefix=0.015
[depth_angular_controller-1] [INFO] [1790682296.739730777] [depth_angular_controller]: PAPER_BUILD reason=READY required=0.0100 best=0.0150 free=308 refined=0 tubes=62 revoked_tubes=0 proofs=128
[depth_angular_controller-1] [INFO] [1790682296.739769950] [depth_angular_controller]: PAPER_EVIDENCE retained=32 balls=32 revoked_balls=0 expired_views=0 evicted_views=60 radius=0.580 clearance=0.017 best_prefix=0.015
[depth_angular_controller-1] [INFO] [1790682297.385190964] [depth_angular_controller]: [PERF CTRL] run=pilot_ego1p1_1 elapsed=174.71s callbacks=1457 commands=1456 guidance=1356 command_fps(ros/wall)=8.00/9.05 guidance_wall_fps=8.52 avoid_ms(mean/p50/p95/max)=99.168/1.748/317.023/379.594 cycle_ms(mean/p95/max)=110.511/337.676/428.127 depth_to_cmd_ms(mean/p95/max)=24.103/33.333/50.000 callback_to_publish_ms(mean/p95/max)=105.439/337.420/427.738
[depth_angular_controller-1] [INFO] [1790682297.722523400] [depth_angular_controller]: PAPER_BUILD reason=READY required=0.0100 best=0.0150 free=308 refined=0 tubes=62 revoked_tubes=0 proofs=128
[depth_angular_controller-1] [INFO] [1790682297.722559267] [depth_angular_controller]: PAPER_EVIDENCE retained=32 balls=32 revoked_balls=0 expired_views=0 evicted_views=60 radius=0.580 clearance=0.017 best_prefix=0.015
[depth_angular_controller-1] [INFO] [1790682298.716049515] [depth_angular_controller]: PAPER_BUILD reason=READY required=0.0100 best=0.0150 free=308 refined=0 tubes=62 revoked_tubes=0 proofs=128
[depth_angular_controller-1] [INFO] [1790682298.716086805] [depth_angular_controller]: PAPER_EVIDENCE retained=32 balls=32 revoked_balls=0 expired_views=0 evicted_views=60 radius=0.580 clearance=0.017 best_prefix=0.015
[position_cmd_to_twist-2] [INFO] [1790682299.548721923] [position_cmd_to_twist]: [PERF BRIDGE] run=pilot_ego1p1_1 elapsed=176.87s received=1462 published=1046 fps(ros/wall)=7.93/6.42 controller_to_bridge_ms(mean/p50/p95/max)=118.536/16.667/433.333/450.000 bridge_process_ms(mean/p95/max)=0.118/0.144/2.847
[NAV] t=185.0s position=(-48.38,-6.93,3.20) yaw=9.2deg command=(0.00,0.00,0.00) manual_active=1 collision_blocks=0
[depth_angular_controller-1] [INFO] [1790682299.720172165] [depth_angular_controller]: PAPER_BUILD reason=READY required=0.0100 best=0.0150 free=308 refined=0 tubes=62 revoked_tubes=0 proofs=128
[depth_angular_controller-1] [INFO] [1790682299.720207832] [depth_angular_controller]: PAPER_EVIDENCE retained=32 balls=32 revoked_balls=0 expired_views=0 evicted_views=60 radius=0.580 clearance=0.017 best_prefix=0.015
[depth_angular_controller-1] [INFO] [1790682300.717914773] [depth_angular_controller]: PAPER_BUILD reason=READY required=0.0100 best=0.0150 free=308 refined=0 tubes=62 revoked_tubes=0 proofs=128
[depth_angular_controller-1] [INFO] [1790682300.717954958] [depth_angular_controller]: PAPER_EVIDENCE retained=32 balls=32 revoked_balls=0 expired_views=0 evicted_views=60 radius=0.580 clearance=0.017 best_prefix=0.015
[depth_angular_controller-1] [INFO] [1790682301.710307842] [depth_angular_controller]: PAPER_BUILD reason=READY required=0.0100 best=0.0150 free=308 refined=0 tubes=62 revoked_tubes=0 proofs=128
[depth_angular_controller-1] [INFO] [1790682301.710349700] [depth_angular_controller]: PAPER_EVIDENCE retained=32 balls=32 revoked_balls=0 expired_views=0 evicted_views=60 radius=0.580 clearance=0.017 best_prefix=0.015
[depth_angular_controller-1] [INFO] [1790682302.701607960] [depth_angular_controller]: [PERF CTRL] run=pilot_ego1p1_1 elapsed=180.03s callbacks=1473 commands=1472 guidance=1372 command_fps(ros/wall)=7.82/8.86 guidance_wall_fps=8.34 avoid_ms(mean/p50/p95/max)=101.649/2.426/317.047/379.594 cycle_ms(mean/p95/max)=112.923/337.762/428.127 depth_to_cmd_ms(mean/p95/max)=24.040/33.333/50.000 callback_to_publish_ms(mean/p95/max)=107.900/337.423/427.738
[depth_angular_controller-1] [INFO] [1790682302.701653906] [depth_angular_controller]: PAPER_BUILD reason=READY required=0.0100 best=0.0150 free=308 refined=0 tubes=62 revoked_tubes=0 proofs=128
[depth_angular_controller-1] [INFO] [1790682302.701661931] [depth_angular_controller]: PAPER_EVIDENCE retained=32 balls=32 revoked_balls=0 expired_views=0 evicted_views=60 radius=0.580 clearance=0.017 best_prefix=0.015
[depth_angular_controller-1] [INFO] [1790682303.701143091] [depth_angular_controller]: PAPER_BUILD reason=READY required=0.0100 best=0.0150 free=308 refined=0 tubes=62 revoked_tubes=0 proofs=128
[depth_angular_controller-1] [INFO] [1790682303.701178307] [depth_angular_controller]: PAPER_EVIDENCE retained=32 balls=32 revoked_balls=0 expired_views=0 evicted_views=60 radius=0.580 clearance=0.017 best_prefix=0.015
[position_cmd_to_twist-2] [INFO] [1790682303.788297890] [position_cmd_to_twist]: [PERF BRIDGE] run=pilot_ego1p1_1 elapsed=181.11s received=1475 published=1046 fps(ros/wall)=7.78/6.25 controller_to_bridge_ms(mean/p50/p95/max)=120.972/16.667/433.333/450.000 bridge_process_ms(mean/p95/max)=0.118/0.144/2.847
[NAV] t=190.0s position=(-48.38,-6.93,3.20) yaw=9.2deg command=(0.00,0.00,0.00) manual_active=1 collision_blocks=0
[depth_angular_controller-1] [INFO] [1790682304.676588247] [depth_angular_controller]: PAPER_BUILD reason=READY required=0.0100 best=0.0150 free=308 refined=0 tubes=62 revoked_tubes=0 proofs=128
[depth_angular_controller-1] [INFO] [1790682304.676630566] [depth_angular_controller]: PAPER_EVIDENCE retained=32 balls=32 revoked_balls=0 expired_views=0 evicted_views=60 radius=0.580 clearance=0.017 best_prefix=0.015
[depth_angular_controller-1] [INFO] [1790682305.660621709] [depth_angular_controller]: PAPER_BUILD reason=READY required=0.0100 best=0.0150 free=308 refined=0 tubes=62 revoked_tubes=0 proofs=128
[depth_angular_controller-1] [INFO] [1790682305.660661563] [depth_angular_controller]: PAPER_EVIDENCE retained=32 balls=32 revoked_balls=0 expired_views=0 evicted_views=60 radius=0.580 clearance=0.017 best_prefix=0.015
[depth_angular_controller-1] [INFO] [1790682306.668390992] [depth_angular_controller]: PAPER_BUILD reason=READY required=0.0100 best=0.0150 free=308 refined=0 tubes=62 revoked_tubes=0 proofs=128
[depth_angular_controller-1] [INFO] [1790682306.668434774] [depth_angular_controller]: PAPER_EVIDENCE retained=32 balls=32 revoked_balls=0 expired_views=0 evicted_views=60 radius=0.580 clearance=0.017 best_prefix=0.015
[depth_angular_controller-1] [INFO] [1790682307.682705146] [depth_angular_controller]: PAPER_BUILD reason=READY required=0.0100 best=0.0150 free=308 refined=0 tubes=62 revoked_tubes=0 proofs=128
[depth_angular_controller-1] [INFO] [1790682307.682745893] [depth_angular_controller]: PAPER_EVIDENCE retained=32 balls=32 revoked_balls=0 expired_views=0 evicted_views=60 radius=0.580 clearance=0.017 best_prefix=0.015
[depth_angular_controller-1] [INFO] [1790682308.020898978] [depth_angular_controller]: [PERF CTRL] run=pilot_ego1p1_1 elapsed=185.35s callbacks=1489 commands=1488 guidance=1388 command_fps(ros/wall)=7.65/8.67 guidance_wall_fps=8.17 avoid_ms(mean/p50/p95/max)=104.072/3.065/317.231/379.594 cycle_ms(mean/p95/max)=115.285/337.832/428.127 depth_to_cmd_ms(mean/p95/max)=23.979/33.333/50.000 callback_to_publish_ms(mean/p95/max)=110.312/337.525/427.738
[position_cmd_to_twist-2] [INFO] [1790682308.026361509] [position_cmd_to_twist]: [PERF BRIDGE] run=pilot_ego1p1_1 elapsed=185.34s received=1488 published=1046 fps(ros/wall)=7.65/6.10 controller_to_bridge_ms(mean/p50/p95/max)=123.320/16.667/433.333/450.000 bridge_process_ms(mean/p95/max)=0.118/0.144/2.847
[NAV] t=195.0s position=(-48.38,-6.93,3.20) yaw=9.2deg command=(0.00,0.00,0.00) manual_active=1 collision_blocks=0
[depth_angular_controller-1] [INFO] [1790682308.696547455] [depth_angular_controller]: PAPER_BUILD reason=READY required=0.0100 best=0.0150 free=308 refined=0 tubes=62 revoked_tubes=0 proofs=128
[depth_angular_controller-1] [INFO] [1790682308.696590656] [depth_angular_controller]: PAPER_EVIDENCE retained=32 balls=32 revoked_balls=0 expired_views=0 evicted_views=60 radius=0.580 clearance=0.017 best_prefix=0.015
[depth_angular_controller-1] [INFO] [1790682309.667685468] [depth_angular_controller]: PAPER_BUILD reason=READY required=0.0100 best=0.0150 free=308 refined=0 tubes=62 revoked_tubes=0 proofs=128
[depth_angular_controller-1] [INFO] [1790682309.667719102] [depth_angular_controller]: PAPER_EVIDENCE retained=32 balls=32 revoked_balls=0 expired_views=0 evicted_views=60 radius=0.580 clearance=0.017 best_prefix=0.015
[depth_angular_controller-1] [INFO] [1790682310.640960933] [depth_angular_controller]: PAPER_BUILD reason=READY required=0.0100 best=0.0150 free=308 refined=0 tubes=62 revoked_tubes=0 proofs=128
[depth_angular_controller-1] [INFO] [1790682310.641005005] [depth_angular_controller]: PAPER_EVIDENCE retained=32 balls=32 revoked_balls=0 expired_views=0 evicted_views=60 radius=0.580 clearance=0.017 best_prefix=0.015
[depth_angular_controller-1] [INFO] [1790682311.649581012] [depth_angular_controller]: PAPER_BUILD reason=READY required=0.0100 best=0.0150 free=308 refined=0 tubes=62 revoked_tubes=0 proofs=128
[depth_angular_controller-1] [INFO] [1790682311.649617691] [depth_angular_controller]: PAPER_EVIDENCE retained=32 balls=32 revoked_balls=0 expired_views=0 evicted_views=60 radius=0.580 clearance=0.017 best_prefix=0.015
[position_cmd_to_twist-2] [INFO] [1790682312.378017948] [position_cmd_to_twist]: [PERF BRIDGE] run=pilot_ego1p1_1 elapsed=189.70s received=1501 published=1046 fps(ros/wall)=7.52/5.95 controller_to_bridge_ms(mean/p50/p95/max)=125.527/16.667/433.333/450.000 bridge_process_ms(mean/p95/max)=0.118/0.144/2.847
[NAV] t=200.0s position=(-48.38,-6.93,3.20) yaw=9.2deg command=(0.00,0.00,0.00) manual_active=1 collision_blocks=0
[depth_angular_controller-1] [INFO] [1790682312.641962810] [depth_angular_controller]: PAPER_BUILD reason=READY required=0.0100 best=0.0150 free=308 refined=0 tubes=62 revoked_tubes=0 proofs=128
[depth_angular_controller-1] [INFO] [1790682312.642010239] [depth_angular_controller]: PAPER_EVIDENCE retained=32 balls=32 revoked_balls=0 expired_views=0 evicted_views=60 radius=0.580 clearance=0.017 best_prefix=0.015
[depth_angular_controller-1] [INFO] [1790682313.310090434] [depth_angular_controller]: [PERF CTRL] run=pilot_ego1p1_1 elapsed=190.64s callbacks=1505 commands=1504 guidance=1404 command_fps(ros/wall)=7.49/8.51 guidance_wall_fps=8.02 avoid_ms(mean/p50/p95/max)=106.434/3.951/317.245/379.594 cycle_ms(mean/p95/max)=117.577/337.872/428.127 depth_to_cmd_ms(mean/p95/max)=23.920/33.333/50.000 callback_to_publish_ms(mean/p95/max)=112.652/337.557/427.738
[depth_angular_controller-1] [INFO] [1790682313.631804641] [depth_angular_controller]: PAPER_BUILD reason=READY required=0.0100 best=0.0150 free=308 refined=0 tubes=62 revoked_tubes=0 proofs=128
[depth_angular_controller-1] [INFO] [1790682313.631841831] [depth_angular_controller]: PAPER_EVIDENCE retained=32 balls=32 revoked_balls=0 expired_views=0 evicted_views=60 radius=0.580 clearance=0.017 best_prefix=0.015
[depth_angular_controller-1] [INFO] [1790682314.627638778] [depth_angular_controller]: PAPER_BUILD reason=READY required=0.0100 best=0.0150 free=308 refined=0 tubes=62 revoked_tubes=0 proofs=128
[depth_angular_controller-1] [INFO] [1790682314.627681889] [depth_angular_controller]: PAPER_EVIDENCE retained=32 balls=32 revoked_balls=0 expired_views=0 evicted_views=60 radius=0.580 clearance=0.017 best_prefix=0.015
[depth_angular_controller-1] [INFO] [1790682315.631058288] [depth_angular_controller]: PAPER_BUILD reason=READY required=0.0100 best=0.0150 free=308 refined=0 tubes=62 revoked_tubes=0 proofs=128
[depth_angular_controller-1] [INFO] [1790682315.631100758] [depth_angular_controller]: PAPER_EVIDENCE retained=32 balls=32 revoked_balls=0 expired_views=0 evicted_views=60 radius=0.580 clearance=0.017 best_prefix=0.015
[position_cmd_to_twist-2] [INFO] [1790682316.562431211] [position_cmd_to_twist]: [PERF BRIDGE] run=pilot_ego1p1_1 elapsed=193.88s received=1513 published=1046 fps(ros/wall)=7.40/5.81 controller_to_bridge_ms(mean/p50/p95/max)=127.726/16.667/433.333/450.000 bridge_process_ms(mean/p95/max)=0.118/0.144/2.847
[NAV] t=205.0s position=(-48.38,-6.93,3.20) yaw=9.2deg command=(0.00,0.00,0.00) manual_active=1 collision_blocks=0
[depth_angular_controller-1] [INFO] [1790682316.624518870] [depth_angular_controller]: PAPER_BUILD reason=READY required=0.0100 best=0.0150 free=308 refined=0 tubes=62 revoked_tubes=0 proofs=128
[depth_angular_controller-1] [INFO] [1790682316.624562803] [depth_angular_controller]: PAPER_EVIDENCE retained=32 balls=32 revoked_balls=0 expired_views=0 evicted_views=60 radius=0.580 clearance=0.017 best_prefix=0.015
[depth_angular_controller-1] [INFO] [1790682317.632402378] [depth_angular_controller]: PAPER_BUILD reason=READY required=0.0100 best=0.0150 free=308 refined=0 tubes=62 revoked_tubes=0 proofs=128
[depth_angular_controller-1] [INFO] [1790682317.632441782] [depth_angular_controller]: PAPER_EVIDENCE retained=32 balls=32 revoked_balls=0 expired_views=0 evicted_views=60 radius=0.580 clearance=0.017 best_prefix=0.015
[depth_angular_controller-1] [INFO] [1790682318.631494307] [depth_angular_controller]: [PERF CTRL] run=pilot_ego1p1_1 elapsed=195.96s callbacks=1521 commands=1520 guidance=1420 command_fps(ros/wall)=7.34/8.34 guidance_wall_fps=7.87 avoid_ms(mean/p50/p95/max)=108.755/4.248/317.236/379.594 cycle_ms(mean/p95/max)=119.842/337.872/428.127 depth_to_cmd_ms(mean/p95/max)=23.862/33.333/50.000 callback_to_publish_ms(mean/p95/max)=114.964/337.557/427.738
[depth_angular_controller-1] [INFO] [1790682318.631790814] [depth_angular_controller]: PAPER_BUILD reason=READY required=0.0100 best=0.0150 free=308 refined=0 tubes=62 revoked_tubes=0 proofs=128
[depth_angular_controller-1] [INFO] [1790682318.631803197] [depth_angular_controller]: PAPER_EVIDENCE retained=32 balls=32 revoked_balls=0 expired_views=0 evicted_views=60 radius=0.580 clearance=0.017 best_prefix=0.015
[depth_angular_controller-1] [INFO] [1790682319.646790384] [depth_angular_controller]: PAPER_BUILD reason=READY required=0.0100 best=0.0150 free=308 refined=0 tubes=62 revoked_tubes=0 proofs=128
[depth_angular_controller-1] [INFO] [1790682319.647226733] [depth_angular_controller]: PAPER_EVIDENCE retained=32 balls=32 revoked_balls=0 expired_views=0 evicted_views=60 radius=0.580 clearance=0.017 best_prefix=0.015
[position_cmd_to_twist-2] [INFO] [1790682320.549706557] [position_cmd_to_twist]: [PERF BRIDGE] run=pilot_ego1p1_1 elapsed=197.87s received=1525 published=1046 fps(ros/wall)=7.28/5.69 controller_to_bridge_ms(mean/p50/p95/max)=129.967/16.667/433.333/450.000 bridge_process_ms(mean/p95/max)=0.118/0.144/2.847
[NAV] t=210.0s position=(-48.38,-6.93,3.20) yaw=9.2deg command=(0.00,0.00,0.00) manual_active=1 collision_blocks=0
[depth_angular_controller-1] [INFO] [1790682320.660629277] [depth_angular_controller]: PAPER_BUILD reason=READY required=0.0100 best=0.0150 free=308 refined=0 tubes=62 revoked_tubes=0 proofs=128
[depth_angular_controller-1] [INFO] [1790682320.660672619] [depth_angular_controller]: PAPER_EVIDENCE retained=32 balls=32 revoked_balls=0 expired_views=0 evicted_views=60 radius=0.580 clearance=0.017 best_prefix=0.015
[depth_angular_controller-1] [INFO] [1790682321.671848444] [depth_angular_controller]: PAPER_BUILD reason=READY required=0.0100 best=0.0150 free=308 refined=0 tubes=62 revoked_tubes=0 proofs=128
[depth_angular_controller-1] [INFO] [1790682321.671887016] [depth_angular_controller]: PAPER_EVIDENCE retained=32 balls=32 revoked_balls=0 expired_views=0 evicted_views=60 radius=0.580 clearance=0.017 best_prefix=0.015
[depth_angular_controller-1] [INFO] [1790682322.668967612] [depth_angular_controller]: PAPER_BUILD reason=READY required=0.0100 best=0.0150 free=308 refined=0 tubes=62 revoked_tubes=0 proofs=128
[depth_angular_controller-1] [INFO] [1790682322.669012285] [depth_angular_controller]: PAPER_EVIDENCE retained=32 balls=32 revoked_balls=0 expired_views=0 evicted_views=60 radius=0.580 clearance=0.017 best_prefix=0.015
[depth_angular_controller-1] [INFO] [1790682323.658536922] [depth_angular_controller]: [PERF CTRL] run=pilot_ego1p1_1 elapsed=200.99s callbacks=1536 commands=1535 guidance=1435 command_fps(ros/wall)=7.20/8.20 guidance_wall_fps=7.74 avoid_ms(mean/p50/p95/max)=110.901/4.489/317.303/379.594 cycle_ms(mean/p95/max)=121.947/337.988/428.127 depth_to_cmd_ms(mean/p95/max)=23.810/33.333/50.000 callback_to_publish_ms(mean/p95/max)=117.112/337.709/427.738
[depth_angular_controller-1] [INFO] [1790682323.658586615] [depth_angular_controller]: PAPER_BUILD reason=READY required=0.0100 best=0.0150 free=308 refined=0 tubes=62 revoked_tubes=0 proofs=128
[depth_angular_controller-1] [INFO] [1790682323.658595702] [depth_angular_controller]: PAPER_EVIDENCE retained=32 balls=32 revoked_balls=0 expired_views=0 evicted_views=60 radius=0.580 clearance=0.017 best_prefix=0.015
[depth_angular_controller-1] [INFO] [1790682324.651875956] [depth_angular_controller]: PAPER_BUILD reason=READY required=0.0100 best=0.0150 free=308 refined=0 tubes=62 revoked_tubes=0 proofs=128
[depth_angular_controller-1] [INFO] [1790682324.651909389] [depth_angular_controller]: PAPER_EVIDENCE retained=32 balls=32 revoked_balls=0 expired_views=0 evicted_views=60 radius=0.580 clearance=0.017 best_prefix=0.015
[position_cmd_to_twist-2] [INFO] [1790682324.752543782] [position_cmd_to_twist]: [PERF BRIDGE] run=pilot_ego1p1_1 elapsed=202.07s received=1538 published=1046 fps(ros/wall)=7.17/5.56 controller_to_bridge_ms(mean/p50/p95/max)=132.228/16.667/433.333/450.000 bridge_process_ms(mean/p95/max)=0.118/0.144/2.847
[NAV] t=215.0s position=(-48.38,-6.93,3.20) yaw=9.2deg command=(0.00,0.00,0.00) manual_active=1 collision_blocks=0
[depth_angular_controller-1] [INFO] [1790682325.659436677] [depth_angular_controller]: PAPER_BUILD reason=READY required=0.0100 best=0.0150 free=308 refined=0 tubes=62 revoked_tubes=0 proofs=128
[depth_angular_controller-1] [INFO] [1790682325.659870181] [depth_angular_controller]: PAPER_EVIDENCE retained=32 balls=32 revoked_balls=0 expired_views=0 evicted_views=60 radius=0.580 clearance=0.017 best_prefix=0.015
[depth_angular_controller-1] [INFO] [1790682326.644089982] [depth_angular_controller]: PAPER_BUILD reason=READY required=0.0100 best=0.0150 free=308 refined=0 tubes=62 revoked_tubes=0 proofs=128
[depth_angular_controller-1] [INFO] [1790682326.644127302] [depth_angular_controller]: PAPER_EVIDENCE retained=32 balls=32 revoked_balls=0 expired_views=0 evicted_views=60 radius=0.580 clearance=0.017 best_prefix=0.015
[depth_angular_controller-1] [INFO] [1790682327.637105139] [depth_angular_controller]: PAPER_BUILD reason=READY required=0.0100 best=0.0150 free=308 refined=0 tubes=62 revoked_tubes=0 proofs=128
[depth_angular_controller-1] [INFO] [1790682327.637145374] [depth_angular_controller]: PAPER_EVIDENCE retained=32 balls=32 revoked_balls=0 expired_views=0 evicted_views=60 radius=0.580 clearance=0.017 best_prefix=0.015
[depth_angular_controller-1] [INFO] [1790682328.634917177] [depth_angular_controller]: PAPER_BUILD reason=READY required=0.0100 best=0.0150 free=308 refined=0 tubes=62 revoked_tubes=0 proofs=128
[depth_angular_controller-1] [INFO] [1790682328.634958184] [depth_angular_controller]: PAPER_EVIDENCE retained=32 balls=32 revoked_balls=0 expired_views=0 evicted_views=60 radius=0.580 clearance=0.017 best_prefix=0.015
[position_cmd_to_twist-2] [INFO] [1790682328.948399547] [position_cmd_to_twist]: [PERF BRIDGE] run=pilot_ego1p1_1 elapsed=206.27s received=1550 published=1046 fps(ros/wall)=7.07/5.44 controller_to_bridge_ms(mean/p50/p95/max)=134.258/16.667/433.333/450.000 bridge_process_ms(mean/p95/max)=0.118/0.144/2.847
[depth_angular_controller-1] [INFO] [1790682328.978381990] [depth_angular_controller]: [PERF CTRL] run=pilot_ego1p1_1 elapsed=206.31s callbacks=1552 commands=1551 guidance=1451 command_fps(ros/wall)=7.06/8.06 guidance_wall_fps=7.61 avoid_ms(mean/p50/p95/max)=113.113/4.720/317.370/379.594 cycle_ms(mean/p95/max)=124.120/338.024/428.127 depth_to_cmd_ms(mean/p95/max)=23.742/33.333/50.000 callback_to_publish_ms(mean/p95/max)=119.331/337.761/427.738
[NAV] t=220.0s position=(-48.38,-6.93,3.20) yaw=9.2deg command=(0.00,0.00,0.00) manual_active=1 collision_blocks=0
[depth_angular_controller-1] [INFO] [1790682329.652407662] [depth_angular_controller]: PAPER_BUILD reason=READY required=0.0100 best=0.0150 free=308 refined=0 tubes=62 revoked_tubes=0 proofs=128
[depth_angular_controller-1] [INFO] [1790682329.652444531] [depth_angular_controller]: PAPER_EVIDENCE retained=32 balls=32 revoked_balls=0 expired_views=0 evicted_views=60 radius=0.580 clearance=0.017 best_prefix=0.015
[depth_angular_controller-1] [INFO] [1790682330.664471363] [depth_angular_controller]: PAPER_BUILD reason=READY required=0.0100 best=0.0150 free=308 refined=0 tubes=62 revoked_tubes=0 proofs=128
[depth_angular_controller-1] [INFO] [1790682330.664510326] [depth_angular_controller]: PAPER_EVIDENCE retained=32 balls=32 revoked_balls=0 expired_views=0 evicted_views=60 radius=0.580 clearance=0.017 best_prefix=0.015
[depth_angular_controller-1] [INFO] [1790682331.652765801] [depth_angular_controller]: PAPER_BUILD reason=READY required=0.0100 best=0.0150 free=308 refined=0 tubes=62 revoked_tubes=0 proofs=128
[depth_angular_controller-1] [INFO] [1790682331.652799624] [depth_angular_controller]: PAPER_EVIDENCE retained=32 balls=32 revoked_balls=0 expired_views=0 evicted_views=60 radius=0.580 clearance=0.017 best_prefix=0.015
[depth_angular_controller-1] [INFO] [1790682332.640300764] [depth_angular_controller]: PAPER_BUILD reason=READY required=0.0100 best=0.0150 free=308 refined=0 tubes=62 revoked_tubes=0 proofs=128
[depth_angular_controller-1] [INFO] [1790682332.640344987] [depth_angular_controller]: PAPER_EVIDENCE retained=32 balls=32 revoked_balls=0 expired_views=0 evicted_views=60 radius=0.580 clearance=0.017 best_prefix=0.015
[position_cmd_to_twist-2] [INFO] [1790682333.149951560] [position_cmd_to_twist]: [PERF BRIDGE] run=pilot_ego1p1_1 elapsed=210.47s received=1563 published=1046 fps(ros/wall)=6.96/5.32 controller_to_bridge_ms(mean/p50/p95/max)=136.490/16.667/433.333/450.000 bridge_process_ms(mean/p95/max)=0.118/0.144/2.847
[NAV] t=225.0s position=(-48.38,-6.93,3.20) yaw=9.2deg command=(0.00,0.00,0.00) manual_active=1 collision_blocks=0
[depth_angular_controller-1] [INFO] [1790682333.639204189] [depth_angular_controller]: PAPER_BUILD reason=READY required=0.0100 best=0.0150 free=308 refined=0 tubes=62 revoked_tubes=0 proofs=128
[depth_angular_controller-1] [INFO] [1790682333.639247120] [depth_angular_controller]: PAPER_EVIDENCE retained=32 balls=32 revoked_balls=0 expired_views=0 evicted_views=60 radius=0.580 clearance=0.017 best_prefix=0.015
[depth_angular_controller-1] [INFO] [1790682334.294299237] [depth_angular_controller]: [PERF CTRL] run=pilot_ego1p1_1 elapsed=211.62s callbacks=1568 commands=1567 guidance=1467 command_fps(ros/wall)=6.93/7.92 guidance_wall_fps=7.48 avoid_ms(mean/p50/p95/max)=115.290/4.917/317.418/379.594 cycle_ms(mean/p95/max)=126.247/338.033/428.127 depth_to_cmd_ms(mean/p95/max)=23.676/33.333/50.000 callback_to_publish_ms(mean/p95/max)=121.503/337.788/427.738
[depth_angular_controller-1] [INFO] [1790682334.615059895] [depth_angular_controller]: PAPER_BUILD reason=READY required=0.0100 best=0.0150 free=308 refined=0 tubes=62 revoked_tubes=0 proofs=128
[depth_angular_controller-1] [INFO] [1790682334.615098919] [depth_angular_controller]: PAPER_EVIDENCE retained=32 balls=32 revoked_balls=0 expired_views=0 evicted_views=60 radius=0.580 clearance=0.017 best_prefix=0.015
[depth_angular_controller-1] [INFO] [1790682335.621603078] [depth_angular_controller]: PAPER_BUILD reason=READY required=0.0100 best=0.0150 free=308 refined=0 tubes=62 revoked_tubes=0 proofs=128
[depth_angular_controller-1] [INFO] [1790682335.621644876] [depth_angular_controller]: PAPER_EVIDENCE retained=32 balls=32 revoked_balls=0 expired_views=0 evicted_views=60 radius=0.580 clearance=0.017 best_prefix=0.015
[depth_angular_controller-1] [INFO] [1790682336.645698397] [depth_angular_controller]: PAPER_BUILD reason=READY required=0.0100 best=0.0150 free=308 refined=0 tubes=62 revoked_tubes=0 proofs=128
[depth_angular_controller-1] [INFO] [1790682336.645738823] [depth_angular_controller]: PAPER_EVIDENCE retained=32 balls=32 revoked_balls=0 expired_views=0 evicted_views=60 radius=0.580 clearance=0.017 best_prefix=0.015
[position_cmd_to_twist-2] [INFO] [1790682337.300090656] [position_cmd_to_twist]: [PERF BRIDGE] run=pilot_ego1p1_1 elapsed=214.62s received=1575 published=1046 fps(ros/wall)=6.87/5.21 controller_to_bridge_ms(mean/p50/p95/max)=138.487/16.667/433.333/450.000 bridge_process_ms(mean/p95/max)=0.118/0.144/2.847
[NAV] t=230.0s position=(-48.38,-6.93,3.20) yaw=9.2deg command=(0.00,0.00,0.00) manual_active=1 collision_blocks=0
[depth_angular_controller-1] [INFO] [1790682337.659286890] [depth_angular_controller]: PAPER_BUILD reason=READY required=0.0100 best=0.0150 free=308 refined=0 tubes=62 revoked_tubes=0 proofs=128
[depth_angular_controller-1] [INFO] [1790682337.659326935] [depth_angular_controller]: PAPER_EVIDENCE retained=32 balls=32 revoked_balls=0 expired_views=0 evicted_views=60 radius=0.580 clearance=0.017 best_prefix=0.015
[depth_angular_controller-1] [INFO] [1790682338.654260832] [depth_angular_controller]: PAPER_BUILD reason=READY required=0.0100 best=0.0150 free=308 refined=0 tubes=62 revoked_tubes=0 proofs=128
[depth_angular_controller-1] [INFO] [1790682338.654301448] [depth_angular_controller]: PAPER_EVIDENCE retained=32 balls=32 revoked_balls=0 expired_views=0 evicted_views=60 radius=0.580 clearance=0.017 best_prefix=0.015
[depth_angular_controller-1] [INFO] [1790682339.319223447] [depth_angular_controller]: [PERF CTRL] run=pilot_ego1p1_1 elapsed=216.65s callbacks=1583 commands=1582 guidance=1482 command_fps(ros/wall)=6.82/7.80 guidance_wall_fps=7.37 avoid_ms(mean/p50/p95/max)=117.302/5.476/317.527/379.594 cycle_ms(mean/p95/max)=128.227/338.258/428.127 depth_to_cmd_ms(mean/p95/max)=23.617/33.333/50.000 callback_to_publish_ms(mean/p95/max)=123.525/337.884/427.738
[depth_angular_controller-1] [INFO] [1790682339.651931925] [depth_angular_controller]: PAPER_BUILD reason=READY required=0.0100 best=0.0150 free=308 refined=0 tubes=62 revoked_tubes=0 proofs=128
[depth_angular_controller-1] [INFO] [1790682339.651969556] [depth_angular_controller]: PAPER_EVIDENCE retained=32 balls=32 revoked_balls=0 expired_views=0 evicted_views=60 radius=0.580 clearance=0.017 best_prefix=0.015
[depth_angular_controller-1] [INFO] [1790682340.637936486] [depth_angular_controller]: PAPER_BUILD reason=READY required=0.0100 best=0.0150 free=308 refined=0 tubes=62 revoked_tubes=0 proofs=128
[depth_angular_controller-1] [INFO] [1790682340.637979276] [depth_angular_controller]: PAPER_EVIDENCE retained=32 balls=32 revoked_balls=0 expired_views=0 evicted_views=60 radius=0.580 clearance=0.017 best_prefix=0.015
[position_cmd_to_twist-2] [INFO] [1790682341.550959765] [position_cmd_to_twist]: [PERF BRIDGE] run=pilot_ego1p1_1 elapsed=218.87s received=1588 published=1046 fps(ros/wall)=6.77/5.10 controller_to_bridge_ms(mean/p50/p95/max)=140.596/16.667/433.333/450.000 bridge_process_ms(mean/p95/max)=0.118/0.144/2.847
[NAV] t=235.0s position=(-48.38,-6.93,3.20) yaw=9.2deg command=(0.00,0.00,0.00) manual_active=1 collision_blocks=0
[depth_angular_controller-1] [INFO] [1790682341.628238882] [depth_angular_controller]: PAPER_BUILD reason=READY required=0.0100 best=0.0150 free=308 refined=0 tubes=62 revoked_tubes=0 proofs=128
[depth_angular_controller-1] [INFO] [1790682341.628280911] [depth_angular_controller]: PAPER_EVIDENCE retained=32 balls=32 revoked_balls=0 expired_views=0 evicted_views=60 radius=0.580 clearance=0.017 best_prefix=0.015
[depth_angular_controller-1] [INFO] [1790682342.620590924] [depth_angular_controller]: PAPER_BUILD reason=READY required=0.0100 best=0.0150 free=308 refined=0 tubes=62 revoked_tubes=0 proofs=128
[depth_angular_controller-1] [INFO] [1790682342.620633123] [depth_angular_controller]: PAPER_EVIDENCE retained=32 balls=32 revoked_balls=0 expired_views=0 evicted_views=60 radius=0.580 clearance=0.017 best_prefix=0.015
[depth_angular_controller-1] [INFO] [1790682343.609926726] [depth_angular_controller]: PAPER_BUILD reason=READY required=0.0100 best=0.0150 free=308 refined=0 tubes=62 revoked_tubes=0 proofs=128
[depth_angular_controller-1] [INFO] [1790682343.610344299] [depth_angular_controller]: PAPER_EVIDENCE retained=32 balls=32 revoked_balls=0 expired_views=0 evicted_views=60 radius=0.580 clearance=0.017 best_prefix=0.015
[depth_angular_controller-1] [INFO] [1790682344.588486506] [depth_angular_controller]: [PERF CTRL] run=pilot_ego1p1_1 elapsed=221.92s callbacks=1599 commands=1598 guidance=1498 command_fps(ros/wall)=6.71/7.68 guidance_wall_fps=7.26 avoid_ms(mean/p50/p95/max)=119.356/5.801/317.527/379.594 cycle_ms(mean/p95/max)=130.242/338.258/428.127 depth_to_cmd_ms(mean/p95/max)=23.554/33.333/50.000 callback_to_publish_ms(mean/p95/max)=125.583/337.884/427.738
[depth_angular_controller-1] [INFO] [1790682344.588534346] [depth_angular_controller]: PAPER_BUILD reason=READY required=0.0100 best=0.0150 free=308 refined=0 tubes=62 revoked_tubes=0 proofs=128
[depth_angular_controller-1] [INFO] [1790682344.588542150] [depth_angular_controller]: PAPER_EVIDENCE retained=32 balls=32 revoked_balls=0 expired_views=0 evicted_views=60 radius=0.580 clearance=0.017 best_prefix=0.015
[depth_angular_controller-1] [INFO] [1790682345.575498197] [depth_angular_controller]: PAPER_BUILD reason=READY required=0.0100 best=0.0150 free=308 refined=0 tubes=62 revoked_tubes=0 proofs=128
[depth_angular_controller-1] [INFO] [1790682345.575541368] [depth_angular_controller]: PAPER_EVIDENCE retained=32 balls=32 revoked_balls=0 expired_views=0 evicted_views=60 radius=0.580 clearance=0.017 best_prefix=0.015
[position_cmd_to_twist-2] [INFO] [1790682345.896594284] [position_cmd_to_twist]: [PERF BRIDGE] run=pilot_ego1p1_1 elapsed=223.21s received=1601 published=1046 fps(ros/wall)=6.69/5.00 controller_to_bridge_ms(mean/p50/p95/max)=142.473/16.667/433.333/450.000 bridge_process_ms(mean/p95/max)=0.118/0.144/2.847
[NAV] t=240.0s position=(-48.38,-6.93,3.20) yaw=9.2deg command=(0.00,0.00,0.00) manual_active=1 collision_blocks=0
[depth_angular_controller-1] [INFO] [1790682346.571161182] [depth_angular_controller]: PAPER_BUILD reason=READY required=0.0100 best=0.0150 free=308 refined=0 tubes=62 revoked_tubes=0 proofs=128
[depth_angular_controller-1] [INFO] [1790682346.571199403] [depth_angular_controller]: PAPER_EVIDENCE retained=32 balls=32 revoked_balls=0 expired_views=0 evicted_views=60 radius=0.580 clearance=0.017 best_prefix=0.015
[depth_angular_controller-1] [INFO] [1790682347.563119344] [depth_angular_controller]: PAPER_BUILD reason=READY required=0.0100 best=0.0150 free=308 refined=0 tubes=62 revoked_tubes=0 proofs=128
[depth_angular_controller-1] [INFO] [1790682347.563162325] [depth_angular_controller]: PAPER_EVIDENCE retained=32 balls=32 revoked_balls=0 expired_views=0 evicted_views=60 radius=0.580 clearance=0.017 best_prefix=0.015
[BENCHMARK RESULT] TIMEOUT sim=240.000s
[PERF ISAAC FINAL] run=pilot_ego1p1_1 result=TIMEOUT wall=211.47s sim_frames=14522 fps(sim/wall)=60.01/68.67 command_changes=782 collision_blocks=0 frame_interval_ms(mean/p50/p95/max)=14.539/13.547/17.045/79.861
[224.583s] Simulation App Shutting Down
[depth_angular_controller-1] [INFO] [1790682348.331828473] [rclcpp]: signal_handler(SIGINT/SIGTERM)
[position_cmd_to_twist-2] [INFO] [1790682348.332409563] [position_cmd_to_twist]: [PERF BRIDGE FINAL] run=pilot_ego1p1_1 elapsed=225.65s received=1609 published=1047 fps(ros/wall)=6.65/4.94 controller_to_bridge_ms(mean/p50/p95/max)=143.298/16.667/433.333/450.000 bridge_process_ms(mean/p95/max)=0.118/0.144/2.847
[position_cmd_to_twist-2] Failed to publish log message to rosout: publisher's context is invalid, at ./src/rcl/publisher.c:389
[depth_angular_controller-1] [INFO] [1790682348.332570105] [depth_angular_controller]: [PERF CTRL FINAL] run=pilot_ego1p1_1 elapsed=225.66s callbacks=1610 commands=1609 guidance=1509 command_fps(ros/wall)=6.65/7.60 guidance_wall_fps=7.19 avoid_ms(mean/p50/p95/max)=120.705/5.972/317.527/379.594 cycle_ms(mean/p95/max)=131.568/338.258/428.127 depth_to_cmd_ms(mean/p95/max)=23.514/33.333/50.000 callback_to_publish_ms(mean/p95/max)=126.937/337.884/427.738
[INFO] [depth_angular_controller-1]: process has finished cleanly [pid 46579]
[INFO] [position_cmd_to_twist-2]: process has finished cleanly [pid 46581]
