[PERF] run=motion_cloud4 log=/home/starry/isaac-data/EGO1P1/performance/motion_consistency_20260929/performance.md
[INPUT] mode=trace scene_mode=cloud
[INFO] [launch]: All log files can be found below /tmp/fov_gvf_ego1p1_isaac_ros_log/2026-09-29-18-58-35-002585-starry-System-Product-Name-35228
[INFO] [launch]: Default logging verbosity is set to INFO
[INFO] [depth_angular_controller-1]: process started with pid [35230]
[INFO] [position_cmd_to_twist-2]: process started with pid [35232]
[depth_angular_controller-1] [INFO] [1790679515.371479362] [depth_angular_controller]: C++ controller commands publish on /position_cmd; horizontal views=4
[ROS CHECK] ROS_DOMAIN_ID=84 /position_cmd publishers=1
Type: pc_gvf_msgs/msg/PositionCommand
Publisher count: 1
Subscription count: 1
/depth_angular_controller
/position_cmd_to_twist
WARNING: All log messages before absl::InitializeLog() is called are written to STDERR
E0000 00:00:1790679516.398715   35282 descriptor_database.cc:633] File already exists in database: grpc/health/v1/health.proto
W0000 00:00:1790679516.398739   35282 message.cc:301] Protobuf GeneratedMessageFactory: File is already registered: grpc/health/v1/health.proto
2026-09-29T10:58:36Z [Info] [carb] Logging to file: /home/starry/isaac-data/isaacsim/kit/logs/Kit/Isaac-Sim Python/6.0/kit_20260929_185836.log
[0.043s] [ext: omni.assets.plugins-0.0.0] startup
[0.044s] [ext: omni.blobkey-1.1.2] startup
[0.044s] [ext: omni.kit.async_engine-0.0.3] startup
[0.317s] [ext: omni.client.lib-1.1.1] startup
[0.325s] [ext: omni.client-1.3.0] startup
[0.327s] [ext: omni.protobuf.lib-1.0.0] startup
[0.327s] [ext: omni.grpc.lib-1.0.0] startup
[0.330s] [ext: omni.metrics.core-0.0.3] startup
[0.331s] [ext: omni.datastore-0.0.0] startup
[0.331s] [ext: omni.gpu_foundation.shadercache.vulkan-1.0.0] startup
[0.333s] [ext: omni.hsscclient-1.1.4] startup
[0.333s] [ext: omni.stats-1.0.1] startup
[0.334s] [ext: omni.ujitso.default-1.0.0] startup
[0.337s] [ext: omni.gpu_foundation-0.0.0] startup
[0.455s] [ext: carb.windowing.plugins-1.0.1] startup
[0.455s] [ext: omni.kit.renderer.init-1.0.1] startup
2026-09-29T10:58:36Z [650ms] [Warning] [omni.rtx] Skipping unsupported non-NVIDIA GPU: AMD Unknown (RADV RAPHAEL_MENDOCINO)
2026-09-29T10:58:36Z [651ms] [Warning] [omni.rtx] Skipping unsupported non-NVIDIA GPU: AMD Unknown (RADV RAPHAEL_MENDOCINO)

|---------------------------------------------------------------------------------------------|
| Driver Version: 580.178.04    | Graphics API: Vulkan
|=============================================================================================|
| GPU | Name                             | Active | LDA | GPU Memory | Vendor-ID | LUID       |
|     |                                  |        |     |            | Device-ID | UUID       |
|     |                                  |        |     |            | Bus-ID    |            |
|---------------------------------------------------------------------------------------------|
| 0   | NVIDIA GeForce RTX 5070          | Yes: 0 |     | 12227   MB | 10de      | 0          |
|     |                                  |        |     |            | 2f04      | 348d89fe.. |
|     |                                  |        |     |            | 1         |            |
|---------------------------------------------------------------------------------------------|
| 1   | AMD Unknown (RADV RAPHAEL_MEND.. |        |     | 10755   MB | 1002      | 0          |
|     |                                  |        |     |            | 13c0      | 00000000.. |
|     |                                  |        |     |            | c         |            |
|=============================================================================================|
| OS: 22.04.5 LTS (Jammy Jellyfish) ubuntu, Version: 22.04.5, Kernel: 6.8.0-138-generic
| XServer Vendor: The X.Org Foundation, XServer Version: 12101004 (1.21.1.4)
| Processor: AMD Ryzen 5 9600X 6-Core Processor
| Cores: 6 | Logical Cores: 12
|---------------------------------------------------------------------------------------------|
| Total Memory (MB): 31241 | Free Memory: 22792
| Total Page/Swap (MB): 15624 | Free Page/Swap: 15624
|---------------------------------------------------------------------------------------------|
2026-09-29T10:58:36Z [858ms] [Warning] [omni.rtx] CPU performance profile is set to powersave. This profile sets the CPU to the lowest frequency reducing performance.
2026-09-29T10:58:36Z [866ms] [Warning] [omni.rtx] IOMMU is enabled.
[0.966s] [ext: omni.kit.pipapi-0.0.0] startup
[0.967s] [ext: omni.kit.pip_archive-0.0.0] startup
[0.967s] [ext: isaacsim.pip.newton-0.6.1] startup
[0.968s] [ext: omni.pip.compute-1.9.2] startup
[0.968s] [ext: omni.isaac.core_archive-5.3.1] startup
[0.968s] [ext: omni.kit.telemetry-0.5.2] startup
[0.983s] [ext: omni.kit.loop-isaac-1.6.0] startup
[0.985s] [ext: omni.kit.test-2.0.7] startup
[1.036s] [ext: omni.materialx.libs-1.0.9] startup
[1.042s] [ext: omni.gpucompute.plugins-0.0.0] startup
[1.042s] [ext: omni.usd.config-1.0.7] startup
[1.045s] [ext: omni.usd.libs-1.0.3] startup
[1.103s] [ext: omni.iray.libs-0.0.1] startup
[1.106s] [ext: omni.mdl-57.0.3] startup
[1.168s] [ext: omni.mdl.neuraylib-0.2.20] startup
[1.169s] [ext: omni.kit.usd.mdl-1.1.9] startup
[1.256s] [ext: omni.appwindow-1.2.2] startup
[1.258s] [ext: omni.kit.renderer.core-1.2.2] startup
2026-09-29T10:58:42Z [6,487ms] [Warning] [carb.windowing-glfw.gamepad] Joystick with unknown remapping detected (will be ignored):  BEITONG BEITONG A2P3A BFM DONGLE [03000000bc2000001c51000011010000]
[6.518s] [ext: omni.kit.renderer.capture-2.0.1] startup
[6.520s] [ext: omni.kit.renderer.imgui-2.0.6] startup
[6.557s] [ext: omni.ui-3.2.0] startup
[6.566s] [ext: omni.kit.mainwindow-1.0.3] startup
[6.566s] [ext: carb.audio-0.1.0] startup
[6.569s] [ext: omni.uiaudio-1.0.0] startup
[6.569s] [ext: omni.kit.uiapp-0.0.0] startup
[6.569s] [ext: omni.usd.schema.metrics.assembler-110.1.0] startup
[6.571s] [ext: omni.usd.schema.audio-0.0.1] startup
[6.574s] [ext: omni.usd_resolver-1.0.0] startup
[6.576s] [ext: omni.usd.core-1.8.3] startup
[6.579s] [ext: omni.metropolis.schema-0.0.3] startup
[6.579s] [ext: isaacsim.anim.robot.schema-0.1.1] startup
[6.580s] [ext: omni.usd.schema.anim-0.0.1] startup
[6.593s] [ext: omni.usd.schema.geospatial-0.0.1] startup
[6.594s] [ext: omni.usd.schema.omnigraph-1.0.1] startup
[6.598s] [ext: omni.usd.schema.semantics-0.0.0] startup
[6.600s] [ext: omni.activity.core-1.0.3] startup
[6.601s] [ext: omni.cubric-0.1.0] startup
[6.601s] [ext: omni.graph.exec-0.9.6] startup
[6.602s] [ext: omni.hydra.scene_delegate-0.3.5] startup
[6.604s] [ext: usdrt.scenegraph-7.6.3] startup
[6.625s] [ext: omni.hydra.usdrt_delegate-7.5.2] startup
[6.628s] [ext: omni.inspect-1.0.2] startup
[6.629s] [ext: omni.kit.actions.core-1.0.0] startup
[6.631s] [ext: omni.kit.audiodeviceenum-1.0.2] startup
[6.632s] [ext: omni.kit.commands-1.5.0] startup
[6.634s] [ext: omni.kit.exec.core-0.13.5] startup
[6.635s] [ext: omni.kit.usd_undo-0.1.8] startup
[6.635s] [ext: omni.kit.window.popup_dialog-2.0.25] startup
[6.638s] [ext: omni.kit.widget.nucleus_connector-2.3.1] startup
[6.640s] [ext: omni.timeline-1.1.0] startup
[6.641s] [ext: omni.usd-1.16.0] startup
[6.667s] [ext: omni.graph.core-3.1.2] startup
[6.669s] [ext: omni.kit.notification_manager-1.0.11] startup
[6.670s] [ext: isaacsim.core.deprecation_manager-0.4.2] startup
[6.671s] [ext: isaacsim.replicator.agent.schema-0.1.1] startup
[6.672s] [ext: isaacsim.robot.schema-6.3.7] startup
[6.676s] [ext: isaacsim.robot_motion.schema-0.2.1] startup
[6.676s] [ext: omni.anim.behavior.schema-110.1.0] startup
[6.679s] [ext: omni.anim.graph.schema-110.1.1] startup
[6.684s] [ext: omni.anim.navigation.schema-110.1.0] startup
[6.686s] [ext: omni.behavior.tree.schema-110.1.0] startup
[6.687s] [ext: omni.isaac.ml_archive-3.3.0] startup
[6.687s] [ext: omni.kit.asset_converter-6.0.1] startup
[6.696s] [ext: omni.pip.cloud-1.5.4] startup
[6.698s] [ext: omni.usd.schema.flow-110.0.0] startup
[6.698s] [ext: omni.usd.schema.mujoco-1.1.1] startup
[6.698s] [ext: omni.usd.schema.newton-1.2.1] startup
[6.699s] [ext: omni.usd.schema.omni_lens_distortion-1.0.0] startup
[6.700s] [ext: omni.usd.schema.omni_projectors-1.0.0] startup
[6.700s] [ext: omni.usd.schema.omni_sensors-0.0.0] startup
[6.706s] [ext: omni.usd.schema.omniscripting-1.0.1] startup
[6.709s] [ext: omni.usd.schema.physical_lighting-0.1.0] startup
[6.712s] [ext: omni.usd.schema.physx-110.1.13] startup
[6.736s] [ext: omni.usd.schema.render_settings.rtx-1.0.2] startup
[6.739s] [ext: omni.usd.schema.usd_particle_field-1.0.0] startup
[6.740s] [ext: isaacsim.core.version-2.1.1] startup
[6.740s] [ext: omni.kit.menu.core-1.2.0] startup
[6.741s] [ext: omni.kit.menu.utils-2.2.4] startup
[6.746s] [ext: isaacsim.app.about-2.3.1] startup
[6.750s] [ext: isaacsim.asset.transformer-1.2.5] startup
[6.753s] [ext: omni.scene.optimizer.core-110.1.0] startup
[6.783s] [ext: isaacsim.asset.importer.utils-1.8.1] startup
[6.785s] [ext: omni.convexdecomposition-110.1.13] startup
[6.787s] [ext: omni.physics-110.1.13] startup
[6.789s] [ext: omni.physx.gpu-110.1.13] startup
[6.789s] [ext: omni.physx.foundation-110.1.13] startup
[6.790s] [ext: omni.usdphysics-110.1.13] startup
[6.791s] [ext: omni.physx.cooking-110.1.13] startup
[6.793s] [ext: omni.physx-110.1.13] startup
[6.800s] [ext: omni.physics.physx-110.1.13] startup
[6.802s] [ext: isaacsim.asset.exporter.urdf-2.0.5] startup
[6.808s] [ext: omni.kit.clipboard-1.1.1] startup
[6.809s] [ext: omni.kit.usd.layers-2.6.1] startup
[6.815s] [ext: omni.kit.widget.context_menu-1.4.0] startup
[6.816s] [ext: omni.kit.context_menu-1.9.0] startup
[6.817s] [ext: omni.kit.helper.file_utils-0.1.10] startup
[6.818s] [ext: omni.kit.widget.nucleus_info-2.0.2] startup
[6.819s] [ext: omni.kit.search_core-1.0.8] startup
[6.819s] [ext: omni.kit.widget.path_field-2.0.13] startup
[6.820s] [ext: omni.kit.widget.browser_bar-2.0.10] startup
[6.820s] [ext: omni.kit.widget.filebrowser-2.13.4] startup
[6.823s] [ext: omni.kit.widget.options_menu-1.1.6] startup
[6.826s] [ext: omni.kit.widget.options_button-1.0.3] startup
[6.826s] [ext: omni.kit.widget.search_delegate-1.0.9] startup
[6.827s] [ext: omni.ui.scene-2.0.3] startup
[6.831s] [ext: omni.kit.window.filepicker-2.15.5] startup
[6.841s] [ext: omni.kit.window.file_importer-1.1.21] startup
[6.842s] [ext: omni.kit.material.library-3.1.2] startup
[6.846s] [ext: isaacsim.asset.transformer.rules-1.7.10] startup
[6.854s] [ext: omni.usdex.libs-2.2.2] startup
[6.860s] [ext: isaacsim.asset.importer.mjcf-3.10.1] startup
[6.862s] [ext: isaacsim.asset.importer.urdf-3.11.2] startup
[6.865s] [ext: omni.kit.primitive.mesh-1.1.0] startup
[6.868s] [ext: omni.kit.stage_template.core-1.1.22] startup
[6.868s] [ext: omni.kit.stage_templates-2.0.2] startup
[6.869s] [ext: omni.usd.metrics.assembler-110.1.2] startup
[6.871s] [ext: omni.warp.core-1.13.0] startup
[7.058s] [ext: isaacsim.core.experimental.utils-0.17.2] startup
[7.059s] [ext: omni.physics.stageupdate-110.1.13] startup
[7.061s] [ext: omni.physics.tensors-110.1.13] startup
[7.065s] [ext: omni.physx.tensors-110.1.13] startup
[7.068s] [ext: isaacsim.core.simulation_manager-1.15.6] startup
[7.078s] [ext: isaacsim.storage.native-1.9.3] startup
[7.079s] [ext: omni.usd.metrics.assembler.physics-110.1.13] startup
[7.080s] [ext: isaacsim.core.utils-4.1.7] startup
[7.081s] [ext: isaacsim.core.prims-0.11.7] startup
[7.970s] [ext: isaacsim.core.api-5.2.13] startup
[7.976s] [ext: isaacsim.core.cloner-1.7.3] startup
[7.977s] [ext: isaacsim.test.docstring-1.3.2] startup
[7.978s] [ext: isaacsim.core.experimental.prims-1.8.9] startup
[7.998s] [ext: isaacsim.core.experimental.primdata-0.3.2] startup
[7.999s] [ext: omni.graph.tools-1.81.0] startup
[8.019s] [ext: omni.graph-1.142.5] startup
[8.053s] [ext: isaacsim.core.experimental.actuators-0.1.2] startup
[8.066s] [ext: isaacsim.core.experimental.materials-0.7.1] startup
[8.069s] [ext: isaacsim.core.experimental.objects-0.8.1] startup
[8.124s] [ext: omni.hydra.engine.stats-1.0.5] startup
[8.126s] [ext: omni.hydra.rtx.shadercache.vulkan-1.0.0] startup
[8.127s] [ext: omni.index.libs-387500.4413.0] startup
[8.127s] [ext: omni.index-1.0.1] startup
[8.127s] [ext: omni.ujitso.client-0.0.0] startup
[8.128s] [ext: omni.usd.schema.playback-1.0.0] startup
[8.130s] [ext: omni.volume-0.5.2] startup
[8.134s] [ext: omni.hydra.rtx-1.0.4] startup
2026-09-29T10:58:44Z [8,124ms] [Warning] [omni.log] Source: omni.hydra was already registered.
[8.155s] [ext: omni.kit.hydra_texture-1.6.0] startup
[8.158s] [ext: omni.kit.raycast.query-1.2.0] startup
[8.161s] [ext: omni.kit.viewport.legacy_gizmos-1.0.24] startup
[8.163s] [ext: omni.kit.viewport.registry-104.0.6] startup
[8.163s] [ext: omni.kit.viewport.scene_camera_model-1.0.7] startup
[8.166s] [ext: omni.kit.widget.viewport-109.2.0] startup
[8.169s] [ext: omni.kit.window.drop_support-1.0.8] startup
[8.170s] [ext: omni.kit.viewport.window-109.0.2] startup
[8.184s] [ext: omni.kit.viewport.utility-2.0.1] startup
[8.185s] [ext: isaacsim.core.rendering_manager-0.4.3] startup
[8.204s] [ext: omni.graph.action_core-1.1.9] startup
[8.206s] [ext: omni.graph.action_nodes_core-2.11.0] startup
[8.208s] [ext: omni.graph.action_nodes-2.11.0] startup
[8.224s] [ext: omni.graph.action-2.10.2] startup
[8.225s] [ext: omni.graph.image.core-0.6.1] startup
[8.226s] [ext: omni.graph.image.nodes-1.3.1] startup
[8.227s] [ext: omni.graph.nodes_core-2.11.0] startup
[8.231s] [ext: omni.graph.nodes-2.12.0] startup
[8.235s] [ext: omni.kit.hotkeys.core-1.3.12] startup
[8.236s] [ext: omni.kit.property.adapter.core-1.1.1] startup
[8.238s] [ext: omni.kit.property.adapter.usd-1.0.5] startup
[8.240s] [ext: omni.kit.widget.filter-1.1.5] startup
[8.240s] [ext: omni.kit.widget.highlight_label-1.0.3] startup
[8.241s] [ext: omni.kit.widget.searchfield-1.1.8] startup
[8.242s] [ext: omni.kit.window.file_exporter-1.0.36] startup
[8.243s] [ext: omni.kit.widget.stage-4.4.0] startup
[8.250s] [ext: omni.kit.window.content_browser_registry-0.0.6] startup
[8.251s] [ext: omni.kit.window.file-2.0.10] startup
[8.254s] [ext: omni.kit.window.content_browser-3.1.8] startup
[8.262s] [ext: omni.kit.window.property-1.15.1] startup
[8.271s] [ext: omni.kit.property.usd-4.9.4] startup
[8.280s] [ext: omni.graph.scriptnode-2.10.2] startup
[8.288s] [ext: omni.kit.widget.searchable_combobox-1.0.7] startup
[8.289s] [ext: omni.kit.widget.settings-2.0.0] startup
[8.290s] [ext: omni.kit.window.preferences-1.8.3] startup
[8.295s] [ext: omni.kit.viewport.menubar.core-107.2.2] startup
[8.305s] [ext: omni.syntheticdata-0.6.15] startup
[8.328s] [ext: omni.replicator.nv-1.1.1] startup
[8.338s] [ext: omni.videoencoding-0.2.1] startup
[8.340s] [ext: omni.replicator.core-1.13.27] startup
2026-09-29T10:58:44Z [8,327ms] [Warning] [pxr.Semantics] pxr.Semantics is deprecated - please use Semantics instead
2026-09-29T10:58:44Z [8,411ms] [Warning] [omni.replicator.core.scripts.extension] No material configuration file, adding configuration to material settings directly.
[8.568s] [ext: isaacsim.core.nodes-5.10.5] startup
[8.594s] [ext: isaacsim.core.throttling-2.3.5] startup
[8.595s] [ext: omni.kit.manipulator.viewport-107.0.1] startup
[8.596s] [ext: omni.graph.visualization.nodes-2.1.4] startup
[8.609s] [ext: omni.kit.window.extensions-1.5.10] startup
[8.614s] [ext: isaacsim.gui.components-1.8.5] startup
[8.618s] [ext: isaacsim.robot.surface_gripper-3.6.2] startup
[8.627s] [ext: isaacsim.robot.manipulators-3.4.4] startup
[8.637s] [ext: isaacsim.robot_motion.lula-4.1.3] startup
[8.643s] [ext: isaacsim.robot_motion.motion_generation-8.2.9] startup
[8.647s] [ext: isaacsim.cortex.framework-1.0.18] startup
[8.648s] [ext: isaacsim.cortex.behaviors-2.0.17] startup
[8.650s] [ext: isaacsim.examples.base-1.3.2] startup
[8.651s] [ext: omni.kit.widget.zoombar-1.0.7] startup
[8.652s] [ext: omni.kit.browser.core-2.3.18] startup
[8.655s] [ext: omni.kit.browser.folder.core-2.0.2] startup
[8.658s] [ext: omni.kit.widget.stage_icons-1.0.8] startup
[8.659s] [ext: omni.kit.window.stage-2.6.1] startup
[8.662s] [ext: omni.kit.menu.stage-1.2.7] startup
[8.663s] [ext: omni.kit.usd.collect-3.0.6] startup
[8.665s] [ext: omni.kit.widget.prompt-1.0.7] startup
[8.666s] [ext: omni.kit.tool.collect-2.2.19] startup
[8.668s] [ext: isaacsim.examples.browser-0.3.2] startup
[8.670s] [ext: omni.kit.search.files-1.0.4] startup
[8.670s] [ext: omni.kit.widget.calendar-1.0.9] startup
[8.671s] [ext: omni.kit.widget.extended_searchfield-1.0.31] startup
[8.678s] [ext: omni.simready.content.browser-0.3.7] startup
[8.793s] [ext: isaacsim.gui.content_browser-0.4.3] startup
[8.795s] [ext: omni.kit.selection-0.1.6] startup
[8.796s] [ext: isaacsim.gui.menu-2.10.5] startup
[8.804s] [ext: isaacsim.gui.property-1.6.4] startup
[8.810s] [ext: omni.kit.viewport.actions-110.0.0] startup
[8.814s] [ext: omni.kit.viewport.menubar.display-107.1.3] startup
[8.815s] [ext: isaacsim.gui.sensors.icon-2.2.1] startup
[8.818s] [ext: omni.behavior.scripting.core-110.1.0] startup
[8.821s] [ext: isaacsim.replicator.behavior-1.5.4] startup
[8.821s] [ext: isaacsim.replicator.experimental.domain_randomization-1.2.5] startup
[8.839s] [ext: isaacsim.replicator.domain_randomization-1.2.2] startup
[8.911s] [ext: isaacsim.replicator.writers-1.5.4] startup
[8.934s] [ext: isaacsim.robot.experimental.wheeled_robots-0.2.11] startup
[8.955s] [ext: isaacsim.robot.policy.examples-5.2.12] startup
[8.975s] [ext: isaacsim.robot.wheeled_robots-5.2.4] startup
[8.979s] [ext: isaacsim.robot.wheeled_robots.nodes-0.1.5] startup
[8.996s] [ext: isaacsim.robot_motion.experimental.motion_generation-6.1.3] startup
[9.006s] [ext: isaacsim.robot_motion.cumotion-1.3.1] startup
[9.019s] [ext: omni.kit.numpy.common-0.1.3] startup
[9.020s] [ext: isaacsim.sensors.camera-1.7.9] startup
[9.049s] [ext: isaacsim.sensors.experimental.physics-3.0.2] startup
[9.056s] [ext: omni.sensors.net-1.0.1] startup
[9.058s] [ext: omni.sensors.nv.common-3.0.0] startup
[9.068s] [ext: omni.sensors.nv.materials-2.0.0] startup
[9.070s] [ext: omni.sensors.nv.acoustic-3.0.0] startup
[9.072s] [ext: omni.sensors.nv.ids-2.0.1] startup
[9.074s] [ext: omni.sensors.nv.lidar-3.0.0] startup
[9.077s] [ext: omni.sensors.nv.radar-3.0.0] startup
[9.079s] [ext: isaacsim.sensors.experimental.rtx-1.4.6] startup
[9.304s] [ext: isaacsim.sensors.physics.nodes-1.5.3] startup
[9.309s] [ext: isaacsim.util.debug_draw-3.2.3] startup
[9.313s] [ext: isaacsim.sensors.physx-2.5.5] startup
[9.319s] [ext: isaacsim.sensors.rtx-15.17.1] startup
[9.328s] [ext: isaacsim.simulation_app-2.18.4] startup
[9.328s] [ext: omni.anim.curve.core-1.6.0] startup
[9.337s] [ext: omni.graph.ui_nodes-2.11.1] startup
[9.357s] [ext: omni.hydra.scene_api-0.1.3] startup
[9.360s] [ext: omni.kit.manipulator.camera-110.0.0] startup
[9.363s] [ext: omni.kit.manipulator.selector-1.1.4] startup
[9.365s] [ext: omni.kit.manipulator.transform-107.0.0] startup
[9.368s] [ext: omni.kit.widget.toolbar-2.1.0] startup
[9.374s] [ext: omni.kit.manipulator.tool.snap-1.5.14] startup
[9.377s] [ext: omni.kit.viewport.manipulator.transform-107.0.4] startup
[9.379s] [ext: omni.kit.manipulator.prim.core-108.0.2] startup
[9.384s] [ext: omni.kit.manipulator.prim.usd-107.0.3] startup
[9.385s] [ext: omni.kit.manipulator.prim-108.0.0] startup
[9.385s] [ext: omni.kit.manipulator.selection-109.0.1] startup
[9.387s] [ext: omni.kit.menu.create-2.0.2] startup
[9.388s] [ext: omni.kit.property.audio-1.0.16] startup
[9.391s] [ext: omni.kit.property.camera-1.0.14] startup
[9.392s] [ext: omni.kit.property.geometry-2.1.2] startup
[9.395s] [ext: omni.kit.property.light-1.0.14] startup
2026-09-29T10:58:45Z [9,395ms] [Warning] [omni.usd] Encountered USD Warnings but USD Diagnostics are currently muted. To view USD Warnings, please set the '/persistent/app/usd/muteUsdDiagnostics' setting to false in Preferences page.
[9.421s] [ext: omni.kit.property.material-1.14.6] startup
[9.426s] [ext: omni.kit.property.render-1.2.2] startup
[9.427s] [ext: omni.kit.property.transform-1.6.9] startup
[9.430s] [ext: omni.kit.property.bundle-1.5.1] startup
[9.431s] [ext: omni.kit.usdz_export-1.1.0] startup
[9.433s] [ext: omni.kit.tool.asset_importer-6.0.1] startup
[9.437s] [ext: omni.kit.ui.actions-1.0.5] startup
[9.439s] [ext: omni.kit.viewport.menubar.camera-107.0.10] startup
[9.443s] [ext: omni.kit.viewport.menubar.lighting-107.3.2] startup
[9.445s] [ext: omni.kit.viewport.menubar.render-110.0.0] startup
[9.447s] [ext: omni.kit.viewport.menubar.settings-110.0.1] startup
[9.450s] [ext: omni.kit.window.console-1.1.9] startup
[9.453s] [ext: omni.kit.window.status_bar-0.1.11] startup
[9.455s] [ext: omni.kit.window.toolbar-3.0.3] startup
[9.457s] [ext: omni.ocio-0.1.1] startup
[9.458s] [ext: omni.physx.commands-110.1.13] startup
[9.460s] [ext: omni.replicator.replicator_yaml-2.0.12] startup
[9.469s] [ext: omni.rtx.window.settings-0.8.0] startup
[9.473s] [ext: omni.rtx.settings.core-0.7.1] startup
[9.476s] [ext: omni.usd.metrics.assembler.ui-110.1.1] startup
[9.482s] [ext: semantics.schema.editor-2.0.2] startup
[9.484s] [ext: semantics.schema.property-2.0.2] startup
[9.485s] [ext: omni.kit.menu.common-2.0.2] startup
[9.486s] [ext: isaacsim.exp.base-6.0.1] startup
[9.486s] [ext: isaacsim.exp.base.python-6.0.1] startup
[9.488s] Simulation App Starting
[10.510s] Simulation App Startup Complete
[10.515s] app ready
Starting kit application with the following args:  ['/home/starry/isaac-data/isaacsim/exts/isaacsim.simulation_app/isaacsim/simulation_app/simulation_app.py', '/home/starry/isaac-data/isaacsim/apps/isaacsim.exp.base.python.kit', '--/app/tokens/exe-path=/home/starry/isaac-data/isaacsim/kit', '--/persistent/app/viewport/displayOptions=3094', '--/rtx/materialDb/syncLoads=True', '--/rtx/hydra/materialSyncLoads=True', '--/omni/kit/plugin/syncUsdLoads=True', '--/app/renderer/resolution/width=1280', '--/app/renderer/resolution/height=720', '--/app/window/width=1440', '--/app/window/height=900', '--/renderer/multiGpu/enabled=False', '--/app/fastShutdown=True', '--/app/installSignalHandlers=0', '--ext-folder', '/home/starry/isaac-data/isaacsim/exts', '--ext-folder', '/home/starry/isaac-data/isaacsim/apps', '--/renderer/activeGpu=0', '--/physics/cudaDevice=0', '--/plugins/carb.tasking.plugin/threadCount=12', '--/plugins/omni.tbb.globalcontrol/maxThreadCount=12', '--portable', '--no-window', '--/app/window/hideUi=1']
Passing the following args to the base kit application:  []
Warp 1.13.0 initialized:
   CUDA Toolkit 12.9, Driver 13.0
   Devices:
     "cpu"      : "x86_64"
     "cuda:0"   : "NVIDIA GeForce RTX 5070" (11 GiB, sm_120, mempool enabled)
   Kernel cache:
     /home/starry/.cache/warp/1.13.0
[LIGHTING] sun=800.0 (1) dome=0.0 (1) ambient=0.05 constant_color=(0.6, 0.65, 0.7)
[RENDER] mode=MinimalRendering minimal_shading_mode=2 anti_aliasing=TAA
[DEPTH CAMERAS] count=4 resolution_each=320x240 horizontal_coverage=360deg
[ESDF] path=/home/starry/isaac-data/EGO1P1/scenes/ego_swarm_cloud/occupancy.bin shape=(400, 300, 50) resolution=0.40m
[depth_angular_controller-1] [INFO] [1790679528.971488316] [depth_angular_controller]: WAITING_ODOMETRY
[NAV] t=0.0s position=(-64.00,-11.20,2.80) yaw=0.0deg command=(0.00,0.00,0.00) manual_active=0 collision_blocks=0
[depth_angular_controller-1] [INFO] [1790679529.352598422] [depth_angular_controller]: WAITING_VERIFIED_START_POSE
[depth_angular_controller-1] [INFO] [1790679529.386540937] [depth_angular_controller]: VERIFIED_FREE_SEED center=(-64.000,-11.200,2.800) radius=2.500 balls=1: verified fixed Cloud free ball; USD and occupancy SHA-256 matched
[depth_angular_controller-1] [INFO] [1790679529.387280164] [depth_angular_controller]: ZERO_INTENT
[depth_angular_controller-1] [INFO] [1790679530.231907395] [depth_angular_controller]: 3D guidance switched to view 0
[depth_angular_controller-1] [INFO] [1790679530.233450801] [depth_angular_controller]: TARGET_HOLD
[depth_angular_controller-1] [INFO] [1790679530.233465659] [depth_angular_controller]: PAPER_BUILD reason=READY required=0.0100 best=3.6217 free=76 refined=0 tubes=0 revoked_tubes=0 proofs=0
[depth_angular_controller-1] [INFO] [1790679530.233476109] [depth_angular_controller]: PAPER_EVIDENCE retained=4 balls=1 revoked_balls=0 expired_views=0 evicted_views=0 radius=0.580 clearance=0.667 best_prefix=3.622
[depth_angular_controller-1] [INFO] [1790679531.208593349] [depth_angular_controller]: PAPER_BUILD reason=READY required=0.4877 best=3.6217 free=96 refined=0 tubes=1 revoked_tubes=0 proofs=42
[depth_angular_controller-1] [INFO] [1790679531.208628986] [depth_angular_controller]: PAPER_EVIDENCE retained=8 balls=4 revoked_balls=0 expired_views=0 evicted_views=0 radius=0.580 clearance=0.667 best_prefix=3.622
[depth_angular_controller-1] [INFO] [1790679531.792805523] [depth_angular_controller]: OUTSIDE_FLOW_BOX
[depth_angular_controller-1] [INFO] [1790679532.113348152] [depth_angular_controller]: TARGET_HOLD
[depth_angular_controller-1] [INFO] [1790679532.140530471] [depth_angular_controller]: PAPER_BUILD reason=READY required=0.2850 best=3.6217 free=352 refined=0 tubes=3 revoked_tubes=0 proofs=84
[depth_angular_controller-1] [INFO] [1790679532.140563763] [depth_angular_controller]: PAPER_EVIDENCE retained=12 balls=11 revoked_balls=0 expired_views=0 evicted_views=0 radius=0.580 clearance=0.667 best_prefix=3.622
[11.055s] [ext: isaacsim.sensors.rtx.nodes-0.1.2] startup
[11.063s] [ext: isaacsim.ros2.core-1.9.4] startup
[11.077s] Attempting to load system rclpy
[11.077s] Could not import system rclpy: No module named 'rclpy'
[11.077s] Attempting to load internal rclpy for ROS Distro: humble
[11.089s] rclpy loaded
[11.092s] [ext: isaacsim.ros2.nodes-1.18.13] startup
[11.128s] [ext: isaacsim.ros2.examples-1.2.4] startup
[11.132s] [ext: isaacsim.ros2.ui-1.6.5] startup
[11.365s] [ext: isaacsim.ros2.bridge-5.1.2] startup
2026-09-29T10:58:49Z [13,298ms] [Warning] [omni.timeline.plugin] Deprecated: direct use of ITimeline callbacks is deprecated. Use ITimeline::getTimeline (Python: omni.timeline.get_timeline_interface) instead.
[depth_angular_controller-1] [INFO] [1790679533.092049368] [depth_angular_controller]: PAPER_BUILD reason=READY required=0.5019 best=3.6217 free=352 refined=0 tubes=4 revoked_tubes=0 proofs=128
[depth_angular_controller-1] [INFO] [1790679533.092094302] [depth_angular_controller]: PAPER_EVIDENCE retained=16 balls=15 revoked_balls=0 expired_views=0 evicted_views=0 radius=0.580 clearance=0.667 best_prefix=3.622
[position_cmd_to_twist-2] [INFO] [1790679534.272774598] [position_cmd_to_twist]: [PERF BRIDGE] run=motion_cloud4 elapsed=18.88s received=245 published=245 fps(ros/wall)=49.97/49.94 controller_to_bridge_ms(mean/p50/p95/max)=0.068/0.000/0.000/16.667 bridge_process_ms(mean/p95/max)=0.095/0.125/0.377
[NAV] t=5.0s position=(-61.19,-11.10,2.80) yaw=6.8deg command=(0.99,0.12,0.00) manual_active=1 collision_blocks=0
[depth_angular_controller-1] [INFO] [1790679534.353799164] [depth_angular_controller]: [PERF CTRL] run=motion_cloud4 elapsed=18.98s callbacks=252 commands=251 guidance=201 command_fps(ros/wall)=50.00/49.99 guidance_wall_fps=48.52 avoid_ms(mean/p50/p95/max)=0.890/0.063/5.999/8.251 cycle_ms(mean/p95/max)=20.005/33.464/92.825 depth_to_cmd_ms(mean/p95/max)=17.330/16.667/33.333 callback_to_publish_ms(mean/p95/max)=6.425/12.880/17.695
[depth_angular_controller-1] [INFO] [1790679534.353844038] [depth_angular_controller]: PAPER_BUILD reason=READY required=0.6200 best=3.6217 free=318 refined=0 tubes=6 revoked_tubes=0 proofs=128
[depth_angular_controller-1] [INFO] [1790679534.353850610] [depth_angular_controller]: PAPER_EVIDENCE retained=20 balls=22 revoked_balls=0 expired_views=0 evicted_views=0 radius=0.580 clearance=0.667 best_prefix=3.622
[depth_angular_controller-1] [INFO] [1790679534.741675186] [depth_angular_controller]: OUTSIDE_FLOW_BOX
[depth_angular_controller-1] [INFO] [1790679534.749610677] [depth_angular_controller]: TARGET_HOLD
[depth_angular_controller-1] [INFO] [1790679535.304288769] [depth_angular_controller]: PAPER_BUILD reason=READY required=0.2404 best=3.6217 free=352 refined=0 tubes=8 revoked_tubes=0 proofs=128
[depth_angular_controller-1] [INFO] [1790679535.304327522] [depth_angular_controller]: PAPER_EVIDENCE retained=24 balls=27 revoked_balls=0 expired_views=0 evicted_views=0 radius=0.580 clearance=0.667 best_prefix=3.622
[depth_angular_controller-1] [INFO] [1790679536.184888154] [depth_angular_controller]: OUTSIDE_FLOW_BOX
[depth_angular_controller-1] [INFO] [1790679536.194932172] [depth_angular_controller]: TARGET_HOLD
[depth_angular_controller-1] [INFO] [1790679536.459549505] [depth_angular_controller]: PAPER_BUILD reason=READY required=0.4114 best=3.6217 free=352 refined=0 tubes=10 revoked_tubes=0 proofs=128
[depth_angular_controller-1] [INFO] [1790679536.459589931] [depth_angular_controller]: PAPER_EVIDENCE retained=28 balls=32 revoked_balls=0 expired_views=0 evicted_views=0 radius=0.580 clearance=0.667 best_prefix=3.622
[depth_angular_controller-1] [INFO] [1790679537.488324746] [depth_angular_controller]: PAPER_BUILD reason=READY required=0.1532 best=3.6217 free=264 refined=0 tubes=11 revoked_tubes=0 proofs=128
[depth_angular_controller-1] [INFO] [1790679537.488366024] [depth_angular_controller]: PAPER_EVIDENCE retained=32 balls=32 revoked_balls=0 expired_views=0 evicted_views=0 radius=0.580 clearance=0.151 best_prefix=3.622
[depth_angular_controller-1] [INFO] [1790679538.102823243] [depth_angular_controller]: OUTSIDE_FLOW_BOX
[depth_angular_controller-1] [INFO] [1790679538.206406261] [depth_angular_controller]: TARGET_HOLD
[depth_angular_controller-1] [INFO] [1790679538.454719980] [depth_angular_controller]: OUTSIDE_FLOW_BOX
[depth_angular_controller-1] [INFO] [1790679538.454755286] [depth_angular_controller]: PAPER_BUILD reason=READY required=0.0301 best=3.6217 free=162 refined=0 tubes=12 revoked_tubes=0 proofs=128
[depth_angular_controller-1] [INFO] [1790679538.454765234] [depth_angular_controller]: PAPER_EVIDENCE retained=32 balls=32 revoked_balls=0 expired_views=0 evicted_views=4 radius=0.580 clearance=0.000 best_prefix=3.622
[depth_angular_controller-1] [INFO] [1790679538.473492978] [depth_angular_controller]: TARGET_HOLD
[depth_angular_controller-1] [INFO] [1790679538.564981820] [depth_angular_controller]: OUTSIDE_FLOW_BOX
[depth_angular_controller-1] [INFO] [1790679538.643531771] [depth_angular_controller]: TARGET_HOLD
[depth_angular_controller-1] [INFO] [1790679538.733581432] [depth_angular_controller]: OUTSIDE_FLOW_BOX
[depth_angular_controller-1] [INFO] [1790679538.756607452] [depth_angular_controller]: TARGET_HOLD
[depth_angular_controller-1] [INFO] [1790679538.847954858] [depth_angular_controller]: OUTSIDE_FLOW_BOX
[depth_angular_controller-1] [INFO] [1790679538.866777920] [depth_angular_controller]: TARGET_HOLD
[depth_angular_controller-1] [INFO] [1790679538.954652129] [depth_angular_controller]: OUTSIDE_FLOW_BOX
[depth_angular_controller-1] [INFO] [1790679538.974918129] [depth_angular_controller]: TARGET_HOLD
[depth_angular_controller-1] [INFO] [1790679539.087405766] [depth_angular_controller]: OUTSIDE_FLOW_BOX
[depth_angular_controller-1] [INFO] [1790679539.107841895] [depth_angular_controller]: TRACKING
[depth_angular_controller-1] [INFO] [1790679539.260890656] [depth_angular_controller]: TARGET_HOLD
[depth_angular_controller-1] [INFO] [1790679539.382598986] [depth_angular_controller]: [PERF CTRL] run=motion_cloud4 elapsed=24.01s callbacks=475 commands=474 guidance=424 command_fps(ros/wall)=48.35/47.16 guidance_wall_fps=46.23 avoid_ms(mean/p50/p95/max)=2.595/0.165/16.372/25.556 cycle_ms(mean/p95/max)=21.205/40.759/92.825 depth_to_cmd_ms(mean/p95/max)=17.335/16.667/33.333 callback_to_publish_ms(mean/p95/max)=10.758/24.137/39.436
[depth_angular_controller-1] [INFO] [1790679539.383025516] [depth_angular_controller]: SINGULAR_FIELD
[depth_angular_controller-1] [INFO] [1790679539.404583591] [depth_angular_controller]: TARGET_HOLD
[position_cmd_to_twist-2] [INFO] [1790679539.469635763] [position_cmd_to_twist]: [PERF BRIDGE] run=motion_cloud4 elapsed=24.09s received=478 published=478 fps(ros/wall)=48.26/47.16 controller_to_bridge_ms(mean/p50/p95/max)=5.439/0.000/33.333/50.000 bridge_process_ms(mean/p95/max)=0.099/0.128/0.377
[depth_angular_controller-1] [INFO] [1790679539.505581967] [depth_angular_controller]: OUTSIDE_FLOW_BOX
[NAV] t=10.0s position=(-58.90,-10.54,2.77) yaw=56.8deg command=(0.03,0.04,-0.02) manual_active=1 collision_blocks=0
[depth_angular_controller-1] [INFO] [1790679539.582897923] [depth_angular_controller]: PAPER_BUILD reason=READY required=0.0218 best=3.6217 free=172 refined=0 tubes=12 revoked_tubes=0 proofs=128
[depth_angular_controller-1] [INFO] [1790679539.582941836] [depth_angular_controller]: PAPER_EVIDENCE retained=32 balls=32 revoked_balls=0 expired_views=0 evicted_views=8 radius=0.580 clearance=0.000 best_prefix=3.622
[depth_angular_controller-1] [INFO] [1790679539.602801233] [depth_angular_controller]: TARGET_HOLD
[depth_angular_controller-1] [INFO] [1790679540.666688413] [depth_angular_controller]: PAPER_BUILD reason=READY required=0.4319 best=3.6217 free=210 refined=0 tubes=13 revoked_tubes=0 proofs=128
[depth_angular_controller-1] [INFO] [1790679540.666728388] [depth_angular_controller]: PAPER_EVIDENCE retained=32 balls=32 revoked_balls=0 expired_views=0 evicted_views=12 radius=0.580 clearance=0.667 best_prefix=3.622
[depth_angular_controller-1] [INFO] [1790679541.717780923] [depth_angular_controller]: PAPER_BUILD reason=READY required=0.6202 best=3.6217 free=197 refined=0 tubes=15 revoked_tubes=0 proofs=128
[depth_angular_controller-1] [INFO] [1790679541.717825026] [depth_angular_controller]: PAPER_EVIDENCE retained=32 balls=32 revoked_balls=0 expired_views=0 evicted_views=16 radius=0.580 clearance=0.667 best_prefix=3.622
[depth_angular_controller-1] [INFO] [1790679542.764061193] [depth_angular_controller]: PAPER_BUILD reason=READY required=0.6217 best=3.6217 free=249 refined=0 tubes=17 revoked_tubes=0 proofs=128
[depth_angular_controller-1] [INFO] [1790679542.764103262] [depth_angular_controller]: PAPER_EVIDENCE retained=32 balls=32 revoked_balls=0 expired_views=0 evicted_views=20 radius=0.580 clearance=0.667 best_prefix=3.622
[depth_angular_controller-1] [INFO] [1790679543.727585910] [depth_angular_controller]: PAPER_BUILD reason=READY required=0.6217 best=3.6217 free=179 refined=0 tubes=19 revoked_tubes=0 proofs=128
[depth_angular_controller-1] [INFO] [1790679543.727626105] [depth_angular_controller]: PAPER_EVIDENCE retained=32 balls=32 revoked_balls=0 expired_views=0 evicted_views=24 radius=0.580 clearance=0.667 best_prefix=3.622
[depth_angular_controller-1] [INFO] [1790679544.388159318] [depth_angular_controller]: [PERF CTRL] run=motion_cloud4 elapsed=29.02s callbacks=715 commands=714 guidance=664 command_fps(ros/wall)=48.28/47.42 guidance_wall_fps=46.83 avoid_ms(mean/p50/p95/max)=2.660/0.166/15.607/25.556 cycle_ms(mean/p95/max)=21.088/39.322/92.825 depth_to_cmd_ms(mean/p95/max)=17.545/33.333/50.000 callback_to_publish_ms(mean/p95/max)=12.656/28.877/39.436
[position_cmd_to_twist-2] [INFO] [1790679544.521404006] [position_cmd_to_twist]: [PERF BRIDGE] run=motion_cloud4 elapsed=29.14s received=721 published=721 fps(ros/wall)=48.32/47.49 controller_to_bridge_ms(mean/p50/p95/max)=7.536/0.000/33.333/50.000 bridge_process_ms(mean/p95/max)=0.103/0.133/0.769
[NAV] t=15.0s position=(-58.91,-6.20,2.77) yaw=90.0deg command=(-0.00,1.00,0.00) manual_active=1 collision_blocks=0
[depth_angular_controller-1] [INFO] [1790679544.700389849] [depth_angular_controller]: PAPER_BUILD reason=READY required=0.6217 best=3.6217 free=169 refined=0 tubes=22 revoked_tubes=0 proofs=128
[depth_angular_controller-1] [INFO] [1790679544.700433902] [depth_angular_controller]: PAPER_EVIDENCE retained=32 balls=32 revoked_balls=0 expired_views=0 evicted_views=28 radius=0.580 clearance=0.667 best_prefix=3.622
[depth_angular_controller-1] [INFO] [1790679545.711009190] [depth_angular_controller]: PAPER_BUILD reason=READY required=0.6217 best=3.6217 free=245 refined=0 tubes=24 revoked_tubes=0 proofs=128
[depth_angular_controller-1] [INFO] [1790679545.711049786] [depth_angular_controller]: PAPER_EVIDENCE retained=32 balls=32 revoked_balls=0 expired_views=0 evicted_views=31 radius=0.580 clearance=0.667 best_prefix=3.622
[depth_angular_controller-1] [INFO] [1790679546.783469999] [depth_angular_controller]: PAPER_BUILD reason=READY required=0.6217 best=3.6217 free=254 refined=0 tubes=26 revoked_tubes=0 proofs=128
[depth_angular_controller-1] [INFO] [1790679546.783511487] [depth_angular_controller]: PAPER_EVIDENCE retained=32 balls=32 revoked_balls=0 expired_views=0 evicted_views=35 radius=0.580 clearance=0.667 best_prefix=3.622
[depth_angular_controller-1] [INFO] [1790679547.740799069] [depth_angular_controller]: PAPER_BUILD reason=READY required=0.6217 best=3.6217 free=300 refined=0 tubes=28 revoked_tubes=0 proofs=128
[depth_angular_controller-1] [INFO] [1790679547.741260906] [depth_angular_controller]: PAPER_EVIDENCE retained=32 balls=32 revoked_balls=0 expired_views=0 evicted_views=39 radius=0.580 clearance=0.667 best_prefix=3.622
[depth_angular_controller-1] [INFO] [1790679548.676143294] [depth_angular_controller]: PAPER_BUILD reason=READY required=0.2230 best=3.6217 free=246 refined=0 tubes=29 revoked_tubes=0 proofs=128
[depth_angular_controller-1] [INFO] [1790679548.676183850] [depth_angular_controller]: PAPER_EVIDENCE retained=32 balls=32 revoked_balls=0 expired_views=0 evicted_views=43 radius=0.580 clearance=0.220 best_prefix=3.622
[depth_angular_controller-1] [INFO] [1790679549.342705961] [depth_angular_controller]: COMPUTE_DEADLINE
[depth_angular_controller-1] [INFO] [1790679549.364443883] [depth_angular_controller]: TARGET_HOLD
[depth_angular_controller-1] [INFO] [1790679549.462242716] [depth_angular_controller]: [PERF CTRL] run=motion_cloud4 elapsed=34.09s callbacks=946 commands=945 guidance=895 command_fps(ros/wall)=47.92/46.94 guidance_wall_fps=46.49 avoid_ms(mean/p50/p95/max)=3.343/0.299/17.980/78.167 cycle_ms(mean/p95/max)=21.303/42.764/97.722 depth_to_cmd_ms(mean/p95/max)=17.486/33.333/50.000 callback_to_publish_ms(mean/p95/max)=13.593/30.958/96.689
[depth_angular_controller-1] [INFO] [1790679549.462849885] [depth_angular_controller]: COMPUTE_DEADLINE
[depth_angular_controller-1] [INFO] [1790679549.497619532] [depth_angular_controller]: TARGET_HOLD
[position_cmd_to_twist-2] [INFO] [1790679549.569141125] [position_cmd_to_twist]: [PERF BRIDGE] run=motion_cloud4 elapsed=34.19s received=949 published=949 fps(ros/wall)=47.68/46.95 controller_to_bridge_ms(mean/p50/p95/max)=8.483/0.000/33.333/100.000 bridge_process_ms(mean/p95/max)=0.103/0.132/0.769
[NAV] t=20.0s position=(-58.91,-2.09,2.77) yaw=90.0deg command=(-0.00,0.08,0.00) manual_active=1 collision_blocks=0
[depth_angular_controller-1] [INFO] [1790679549.751178283] [depth_angular_controller]: NO_REGULAR_FIELD
[depth_angular_controller-1] [INFO] [1790679549.843975831] [depth_angular_controller]: COMPUTE_DEADLINE
[depth_angular_controller-1] [INFO] [1790679549.844393465] [depth_angular_controller]: PAPER_BUILD reason=STATE_OUTSIDE_COMPONENT required=0.0219 best=0.0269 free=734 refined=1 tubes=30 revoked_tubes=0 proofs=128
[depth_angular_controller-1] [INFO] [1790679549.844405347] [depth_angular_controller]: PAPER_EVIDENCE retained=32 balls=32 revoked_balls=0 expired_views=0 evicted_views=47 radius=0.580 clearance=0.000 best_prefix=0.027
[depth_angular_controller-1] [INFO] [1790679549.877446019] [depth_angular_controller]: TARGET_HOLD
[depth_angular_controller-1] [INFO] [1790679550.146345668] [depth_angular_controller]: NO_REGULAR_FIELD
[depth_angular_controller-1] [INFO] [1790679550.340120363] [depth_angular_controller]: COMPUTE_DEADLINE
[depth_angular_controller-1] [INFO] [1790679550.723522941] [depth_angular_controller]: TARGET_HOLD
[depth_angular_controller-1] [INFO] [1790679550.759685641] [depth_angular_controller]: PAPER_BUILD reason=READY required=0.0100 best=0.0150 free=162 refined=0 tubes=36 revoked_tubes=0 proofs=128
[depth_angular_controller-1] [INFO] [1790679550.759721759] [depth_angular_controller]: PAPER_EVIDENCE retained=32 balls=32 revoked_balls=0 expired_views=0 evicted_views=47 radius=0.580 clearance=0.017 best_prefix=0.015
[depth_angular_controller-1] [INFO] [1790679550.963927228] [depth_angular_controller]: COMPUTE_DEADLINE
[depth_angular_controller-1] [INFO] [1790679550.985799091] [depth_angular_controller]: TARGET_HOLD
[depth_angular_controller-1] [INFO] [1790679551.278130000] [depth_angular_controller]: COMPUTE_DEADLINE
[depth_angular_controller-1] [INFO] [1790679551.348201331] [depth_angular_controller]: TARGET_HOLD
[depth_angular_controller-1] [INFO] [1790679551.768078004] [depth_angular_controller]: PAPER_BUILD reason=READY required=0.0243 best=3.6217 free=196 refined=0 tubes=67 revoked_tubes=0 proofs=128
[depth_angular_controller-1] [INFO] [1790679551.768112709] [depth_angular_controller]: PAPER_EVIDENCE retained=26 balls=32 revoked_balls=0 expired_views=0 evicted_views=47 radius=0.580 clearance=0.034 best_prefix=3.622
[depth_angular_controller-1] [INFO] [1790679552.202225506] [depth_angular_controller]: NO_REGULAR_FIELD
[depth_angular_controller-1] [INFO] [1790679552.234160593] [depth_angular_controller]: REFERENCE_INITIALIZATION
[depth_angular_controller-1] [INFO] [1790679552.300604958] [depth_angular_controller]: TRACKING
[depth_angular_controller-1] [INFO] [1790679552.703792213] [depth_angular_controller]: NO_REGULAR_FIELD
[depth_angular_controller-1] [INFO] [1790679552.826944823] [depth_angular_controller]: TARGET_HOLD
[depth_angular_controller-1] [INFO] [1790679552.852074489] [depth_angular_controller]: PAPER_BUILD reason=READY required=0.0100 best=0.0150 free=49 refined=0 tubes=97 revoked_tubes=0 proofs=128
[depth_angular_controller-1] [INFO] [1790679552.852480862] [depth_angular_controller]: PAPER_EVIDENCE retained=30 balls=32 revoked_balls=0 expired_views=0 evicted_views=47 radius=0.580 clearance=0.015 best_prefix=0.015
[depth_angular_controller-1] [INFO] [1790679552.922590866] [depth_angular_controller]: SINGULAR_FIELD
[depth_angular_controller-1] [INFO] [1790679552.945815958] [depth_angular_controller]: REFERENCE_INITIALIZATION
[depth_angular_controller-1] [INFO] [1790679552.980163292] [depth_angular_controller]: SINGULAR_FIELD
[depth_angular_controller-1] [INFO] [1790679553.012500083] [depth_angular_controller]: TARGET_HOLD
[depth_angular_controller-1] [INFO] [1790679553.172593995] [depth_angular_controller]: NO_REGULAR_FIELD
[depth_angular_controller-1] [INFO] [1790679553.917420126] [depth_angular_controller]: PAPER_BUILD reason=NO_CERTIFIED_DIRECTION required=0.0100 best=0.0000 free=0 refined=0 tubes=107 revoked_tubes=0 proofs=128
[depth_angular_controller-1] [INFO] [1790679553.917459851] [depth_angular_controller]: PAPER_EVIDENCE retained=30 balls=32 revoked_balls=0 expired_views=0 evicted_views=47 radius=0.580 clearance=0.000 best_prefix=0.000
[depth_angular_controller-1] [INFO] [1790679554.476390393] [depth_angular_controller]: [PERF CTRL] run=motion_cloud4 elapsed=39.10s callbacks=1098 commands=1097 guidance=1047 command_fps(ros/wall)=44.13/43.62 guidance_wall_fps=43.14 avoid_ms(mean/p50/p95/max)=4.579/0.500/19.678/110.020 cycle_ms(mean/p95/max)=22.923/46.496/129.387 depth_to_cmd_ms(mean/p95/max)=17.415/33.333/50.000 callback_to_publish_ms(mean/p95/max)=16.017/33.396/128.774
[position_cmd_to_twist-2] [INFO] [1790679554.571383360] [position_cmd_to_twist]: [PERF BRIDGE] run=motion_cloud4 elapsed=39.19s received=1099 published=1095 fps(ros/wall)=44.16/43.40 controller_to_bridge_ms(mean/p50/p95/max)=11.677/0.000/33.333/166.667 bridge_process_ms(mean/p95/max)=0.106/0.134/1.519
[NAV] t=25.0s position=(-58.91,-1.98,2.81) yaw=97.5deg command=(0.00,0.00,0.00) manual_active=1 collision_blocks=0
[depth_angular_controller-1] [INFO] [1790679554.815182488] [depth_angular_controller]: PAPER_BUILD reason=NO_CERTIFIED_DIRECTION required=0.0100 best=0.0000 free=0 refined=0 tubes=107 revoked_tubes=0 proofs=128
[depth_angular_controller-1] [INFO] [1790679554.815222282] [depth_angular_controller]: PAPER_EVIDENCE retained=30 balls=32 revoked_balls=0 expired_views=0 evicted_views=47 radius=0.580 clearance=0.000 best_prefix=0.000
[depth_angular_controller-1] [INFO] [1790679555.727803191] [depth_angular_controller]: PAPER_BUILD reason=NO_CERTIFIED_DIRECTION required=0.0100 best=0.0000 free=0 refined=0 tubes=107 revoked_tubes=0 proofs=128
[depth_angular_controller-1] [INFO] [1790679555.727846582] [depth_angular_controller]: PAPER_EVIDENCE retained=30 balls=32 revoked_balls=0 expired_views=0 evicted_views=47 radius=0.580 clearance=0.000 best_prefix=0.000
[depth_angular_controller-1] [INFO] [1790679556.742866161] [depth_angular_controller]: PAPER_BUILD reason=NO_CERTIFIED_DIRECTION required=0.0100 best=0.0000 free=0 refined=0 tubes=107 revoked_tubes=0 proofs=128
[depth_angular_controller-1] [INFO] [1790679556.742905174] [depth_angular_controller]: PAPER_EVIDENCE retained=30 balls=32 revoked_balls=0 expired_views=0 evicted_views=47 radius=0.580 clearance=0.000 best_prefix=0.000
[depth_angular_controller-1] [INFO] [1790679557.393617097] [depth_angular_controller]: 3D guidance switched to view 2
[depth_angular_controller-1] [INFO] [1790679557.428166189] [depth_angular_controller]: TRACKING
[depth_angular_controller-1] [INFO] [1790679557.631372082] [depth_angular_controller]: OUTSIDE_FLOW_BOX
[depth_angular_controller-1] [INFO] [1790679557.631408741] [depth_angular_controller]: PAPER_BUILD reason=READY required=0.0145 best=3.6217 free=141 refined=0 tubes=110 revoked_tubes=0 proofs=128
[depth_angular_controller-1] [INFO] [1790679557.631419621] [depth_angular_controller]: PAPER_EVIDENCE retained=30 balls=32 revoked_balls=0 expired_views=0 evicted_views=47 radius=0.580 clearance=0.000 best_prefix=3.622
[depth_angular_controller-1] [INFO] [1790679557.656825787] [depth_angular_controller]: STATE_OUTSIDE_FREE_DOMAIN
[depth_angular_controller-1] [INFO] [1790679557.778779487] [depth_angular_controller]: TRACKING
[depth_angular_controller-1] [INFO] [1790679557.853799986] [depth_angular_controller]: OUTSIDE_FLOW_BOX
[depth_angular_controller-1] [INFO] [1790679557.904770564] [depth_angular_controller]: TRACKING
[depth_angular_controller-1] [INFO] [1790679558.099142279] [depth_angular_controller]: STATE_OUTSIDE_FREE_DOMAIN
[depth_angular_controller-1] [INFO] [1790679558.177573297] [depth_angular_controller]: OUTSIDE_FLOW_BOX
[depth_angular_controller-1] [INFO] [1790679558.205689258] [depth_angular_controller]: TARGET_HOLD
[depth_angular_controller-1] [INFO] [1790679558.303526032] [depth_angular_controller]: TRACKING
[depth_angular_controller-1] [INFO] [1790679558.411479790] [depth_angular_controller]: OUTSIDE_FLOW_BOX
[depth_angular_controller-1] [INFO] [1790679558.504345927] [depth_angular_controller]: TARGET_HOLD
[depth_angular_controller-1] [INFO] [1790679558.594901067] [depth_angular_controller]: TRACKING
[depth_angular_controller-1] [INFO] [1790679558.594936433] [depth_angular_controller]: PAPER_BUILD reason=READY required=0.0100 best=3.6217 free=173 refined=0 tubes=112 revoked_tubes=0 proofs=122
[depth_angular_controller-1] [INFO] [1790679558.594948265] [depth_angular_controller]: PAPER_EVIDENCE retained=32 balls=32 revoked_balls=0 expired_views=0 evicted_views=49 radius=0.580 clearance=0.667 best_prefix=3.622
[depth_angular_controller-1] [INFO] [1790679558.676578717] [depth_angular_controller]: OUTSIDE_FLOW_BOX
[depth_angular_controller-1] [INFO] [1790679558.706182931] [depth_angular_controller]: STATE_OUTSIDE_FREE_DOMAIN
[depth_angular_controller-1] [INFO] [1790679558.730015053] [depth_angular_controller]: 3D guidance switched to view 1
[depth_angular_controller-1] [INFO] [1790679558.820937622] [depth_angular_controller]: TRACKING
[depth_angular_controller-1] [INFO] [1790679558.904817716] [depth_angular_controller]: OUTSIDE_FLOW_BOX
[depth_angular_controller-1] [INFO] [1790679559.031529014] [depth_angular_controller]: TRACKING
[depth_angular_controller-1] [INFO] [1790679559.114366541] [depth_angular_controller]: OUTSIDE_FLOW_BOX
[depth_angular_controller-1] [INFO] [1790679559.147198992] [depth_angular_controller]: TRACKING
[position_cmd_to_twist-2] [INFO] [1790679559.200576467] [position_cmd_to_twist]: [PERF BRIDGE] run=motion_cloud4 elapsed=43.82s received=1243 published=1239 fps(ros/wall)=41.61/41.48 controller_to_bridge_ms(mean/p50/p95/max)=14.240/16.667/33.333/166.667 bridge_process_ms(mean/p95/max)=0.105/0.135/1.519
[NAV] t=30.0s position=(-58.91,-2.03,2.81) yaw=146.3deg command=(0.00,-0.07,0.00) manual_active=1 collision_blocks=0
[depth_angular_controller-1] [INFO] [1790679559.308181892] [depth_angular_controller]: OUTSIDE_FLOW_BOX
[depth_angular_controller-1] [INFO] [1790679559.336120119] [depth_angular_controller]: STATE_OUTSIDE_FREE_DOMAIN
[depth_angular_controller-1] [INFO] [1790679559.428620078] [depth_angular_controller]: OUTSIDE_FLOW_BOX
[depth_angular_controller-1] [INFO] [1790679559.456684683] [depth_angular_controller]: TARGET_HOLD
[depth_angular_controller-1] [INFO] [1790679559.488245267] [depth_angular_controller]: [PERF CTRL] run=motion_cloud4 elapsed=44.12s callbacks=1252 commands=1251 guidance=1201 command_fps(ros/wall)=41.41/41.48 guidance_wall_fps=41.02 avoid_ms(mean/p50/p95/max)=5.018/0.644/21.315/110.020 cycle_ms(mean/p95/max)=24.108/52.609/129.387 depth_to_cmd_ms(mean/p95/max)=17.458/33.333/50.000 callback_to_publish_ms(mean/p95/max)=17.816/35.665/128.774
[depth_angular_controller-1] [INFO] [1790679559.488297154] [depth_angular_controller]: PAPER_BUILD reason=READY required=0.0183 best=3.6217 free=181 refined=0 tubes=112 revoked_tubes=0 proofs=128
[depth_angular_controller-1] [INFO] [1790679559.488305500] [depth_angular_controller]: PAPER_EVIDENCE retained=32 balls=32 revoked_balls=0 expired_views=0 evicted_views=53 radius=0.580 clearance=0.667 best_prefix=3.622
[depth_angular_controller-1] [INFO] [1790679559.561322589] [depth_angular_controller]: TRACKING
[depth_angular_controller-1] [INFO] [1790679559.595746477] [depth_angular_controller]: STATE_OUTSIDE_FREE_DOMAIN
[depth_angular_controller-1] [INFO] [1790679559.651118865] [depth_angular_controller]: OUTSIDE_FLOW_BOX
[depth_angular_controller-1] [INFO] [1790679559.682436153] [depth_angular_controller]: STATE_OUTSIDE_FREE_DOMAIN
[depth_angular_controller-1] [INFO] [1790679559.715582343] [depth_angular_controller]: TARGET_HOLD
[depth_angular_controller-1] [INFO] [1790679559.781643919] [depth_angular_controller]: TRACKING
[depth_angular_controller-1] [INFO] [1790679559.995196198] [depth_angular_controller]: STATE_OUTSIDE_FREE_DOMAIN
[depth_angular_controller-1] [INFO] [1790679560.033808224] [depth_angular_controller]: OUTSIDE_FLOW_BOX
[depth_angular_controller-1] [INFO] [1790679560.063336986] [depth_angular_controller]: STATE_OUTSIDE_FREE_DOMAIN
[depth_angular_controller-1] [INFO] [1790679560.118268427] [depth_angular_controller]: TARGET_HOLD
[depth_angular_controller-1] [INFO] [1790679560.158283556] [depth_angular_controller]: TRACKING
[depth_angular_controller-1] [INFO] [1790679560.267328232] [depth_angular_controller]: OUTSIDE_FLOW_BOX
[depth_angular_controller-1] [INFO] [1790679560.340773755] [depth_angular_controller]: TRACKING
[depth_angular_controller-1] [INFO] [1790679560.511939484] [depth_angular_controller]: OUTSIDE_FLOW_BOX
[depth_angular_controller-1] [INFO] [1790679560.539254321] [depth_angular_controller]: STATE_OUTSIDE_FREE_DOMAIN
[depth_angular_controller-1] [INFO] [1790679560.539291250] [depth_angular_controller]: PAPER_BUILD reason=READY required=0.0139 best=3.6217 free=128 refined=0 tubes=112 revoked_tubes=0 proofs=128
[depth_angular_controller-1] [INFO] [1790679560.539301850] [depth_angular_controller]: PAPER_EVIDENCE retained=9 balls=32 revoked_balls=0 expired_views=0 evicted_views=57 radius=0.580 clearance=0.000 best_prefix=3.622
[depth_angular_controller-1] [INFO] [1790679560.623454966] [depth_angular_controller]: TRACKING
[depth_angular_controller-1] [INFO] [1790679560.828398029] [depth_angular_controller]: OUTSIDE_FLOW_BOX
[depth_angular_controller-1] [INFO] [1790679560.854593926] [depth_angular_controller]: STATE_OUTSIDE_FREE_DOMAIN
[depth_angular_controller-1] [INFO] [1790679560.938198774] [depth_angular_controller]: OUTSIDE_FLOW_BOX
[depth_angular_controller-1] [INFO] [1790679560.960856121] [depth_angular_controller]: TARGET_HOLD
[depth_angular_controller-1] [INFO] [1790679561.039781257] [depth_angular_controller]: TRACKING
[depth_angular_controller-1] [INFO] [1790679561.135700001] [depth_angular_controller]: OUTSIDE_FLOW_BOX
[depth_angular_controller-1] [INFO] [1790679561.164426858] [depth_angular_controller]: STATE_OUTSIDE_FREE_DOMAIN
[depth_angular_controller-1] [INFO] [1790679561.239706192] [depth_angular_controller]: TRACKING
[depth_angular_controller-1] [INFO] [1790679561.427634857] [depth_angular_controller]: OUTSIDE_FLOW_BOX
[depth_angular_controller-1] [INFO] [1790679561.446970250] [depth_angular_controller]: TARGET_HOLD
[depth_angular_controller-1] [INFO] [1790679561.531697223] [depth_angular_controller]: PAPER_BUILD reason=READY required=0.0211 best=3.6217 free=130 refined=0 tubes=112 revoked_tubes=0 proofs=128
[depth_angular_controller-1] [INFO] [1790679561.531732169] [depth_angular_controller]: PAPER_EVIDENCE retained=13 balls=32 revoked_balls=0 expired_views=0 evicted_views=57 radius=0.580 clearance=0.667 best_prefix=3.622
[depth_angular_controller-1] [INFO] [1790679561.618967259] [depth_angular_controller]: OUTSIDE_FLOW_BOX
[depth_angular_controller-1] [INFO] [1790679561.641161346] [depth_angular_controller]: 3D guidance switched to view 0
[depth_angular_controller-1] [INFO] [1790679561.641314985] [depth_angular_controller]: STATE_OUTSIDE_FREE_DOMAIN
[depth_angular_controller-1] [INFO] [1790679561.718203869] [depth_angular_controller]: TARGET_HOLD
[depth_angular_controller-1] [INFO] [1790679561.760056006] [depth_angular_controller]: REFERENCE_INITIALIZATION
[depth_angular_controller-1] [INFO] [1790679561.786140044] [depth_angular_controller]: TRACKING
[depth_angular_controller-1] [INFO] [1790679561.955412489] [depth_angular_controller]: OUTSIDE_FLOW_BOX
[depth_angular_controller-1] [INFO] [1790679561.979552088] [depth_angular_controller]: STATE_OUTSIDE_FREE_DOMAIN
[depth_angular_controller-1] [INFO] [1790679562.051218743] [depth_angular_controller]: OUTSIDE_FLOW_BOX
[depth_angular_controller-1] [INFO] [1790679562.108704417] [depth_angular_controller]: TARGET_HOLD
[depth_angular_controller-1] [INFO] [1790679562.160282334] [depth_angular_controller]: TRACKING
[depth_angular_controller-1] [INFO] [1790679562.290365971] [depth_angular_controller]: STATE_OUTSIDE_FREE_DOMAIN
[depth_angular_controller-1] [INFO] [1790679562.357570292] [depth_angular_controller]: OUTSIDE_FLOW_BOX
[depth_angular_controller-1] [INFO] [1790679562.384098092] [depth_angular_controller]: TARGET_HOLD
[depth_angular_controller-1] [INFO] [1790679562.483499001] [depth_angular_controller]: TRACKING
[depth_angular_controller-1] [INFO] [1790679562.506725787] [depth_angular_controller]: OUTSIDE_FLOW_BOX
[depth_angular_controller-1] [INFO] [1790679562.506756475] [depth_angular_controller]: PAPER_BUILD reason=READY required=0.0100 best=3.6217 free=132 refined=0 tubes=112 revoked_tubes=0 proofs=128
[depth_angular_controller-1] [INFO] [1790679562.506765362] [depth_angular_controller]: PAPER_EVIDENCE retained=17 balls=32 revoked_balls=0 expired_views=0 evicted_views=57 radius=0.580 clearance=0.000 best_prefix=3.622
[depth_angular_controller-1] [INFO] [1790679562.529645948] [depth_angular_controller]: STATE_OUTSIDE_FREE_DOMAIN
[depth_angular_controller-1] [INFO] [1790679562.576310986] [depth_angular_controller]: TRACKING
[depth_angular_controller-1] [INFO] [1790679562.644527156] [depth_angular_controller]: OUTSIDE_FLOW_BOX
[depth_angular_controller-1] [INFO] [1790679562.693318164] [depth_angular_controller]: TRACKING
[depth_angular_controller-1] [INFO] [1790679562.874709020] [depth_angular_controller]: OUTSIDE_FLOW_BOX
[depth_angular_controller-1] [INFO] [1790679562.901739684] [depth_angular_controller]: STATE_OUTSIDE_FREE_DOMAIN
[depth_angular_controller-1] [INFO] [1790679562.993100275] [depth_angular_controller]: TRACKING
[depth_angular_controller-1] [INFO] [1790679563.240233760] [depth_angular_controller]: OUTSIDE_FLOW_BOX
[depth_angular_controller-1] [INFO] [1790679563.267387965] [depth_angular_controller]: STATE_OUTSIDE_FREE_DOMAIN
[depth_angular_controller-1] [INFO] [1790679563.330408496] [depth_angular_controller]: OUTSIDE_FLOW_BOX
[depth_angular_controller-1] [INFO] [1790679563.353692268] [depth_angular_controller]: TARGET_HOLD
[depth_angular_controller-1] [INFO] [1790679563.439920278] [depth_angular_controller]: TRACKING
[depth_angular_controller-1] [INFO] [1790679563.514948150] [depth_angular_controller]: PAPER_BUILD reason=READY required=0.0100 best=3.6217 free=133 refined=0 tubes=112 revoked_tubes=0 proofs=128
[depth_angular_controller-1] [INFO] [1790679563.514994558] [depth_angular_controller]: PAPER_EVIDENCE retained=21 balls=32 revoked_balls=0 expired_views=0 evicted_views=57 radius=0.580 clearance=0.667 best_prefix=3.622
[depth_angular_controller-1] [INFO] [1790679563.555779301] [depth_angular_controller]: TARGET_HOLD
[depth_angular_controller-1] [INFO] [1790679563.651566349] [depth_angular_controller]: OUTSIDE_FLOW_BOX
[depth_angular_controller-1] [INFO] [1790679563.673220153] [depth_angular_controller]: STATE_OUTSIDE_FREE_DOMAIN
[depth_angular_controller-1] [INFO] [1790679563.763100477] [depth_angular_controller]: OUTSIDE_FLOW_BOX
[depth_angular_controller-1] [INFO] [1790679563.860675950] [depth_angular_controller]: TRACKING
[depth_angular_controller-1] [INFO] [1790679564.077813566] [depth_angular_controller]: OUTSIDE_FLOW_BOX
[depth_angular_controller-1] [INFO] [1790679564.108374795] [depth_angular_controller]: TARGET_HOLD
[position_cmd_to_twist-2] [INFO] [1790679564.197504240] [position_cmd_to_twist]: [PERF BRIDGE] run=motion_cloud4 elapsed=48.82s received=1400 published=1396 fps(ros/wall)=40.12/40.06 controller_to_bridge_ms(mean/p50/p95/max)=16.060/16.667/50.000/166.667 bridge_process_ms(mean/p95/max)=0.106/0.137/1.519
[depth_angular_controller-1] [INFO] [1790679564.224993955] [depth_angular_controller]: OUTSIDE_FLOW_BOX
[depth_angular_controller-1] [INFO] [1790679564.251333522] [depth_angular_controller]: TARGET_HOLD
[NAV] t=35.0s position=(-58.91,-2.23,2.82) yaw=267.7deg command=(-0.00,-0.05,0.00) manual_active=1 collision_blocks=0
[depth_angular_controller-1] [INFO] [1790679564.322306956] [depth_angular_controller]: OUTSIDE_FLOW_BOX
[depth_angular_controller-1] [INFO] [1790679564.351096140] [depth_angular_controller]: TARGET_HOLD
[depth_angular_controller-1] [INFO] [1790679564.446847000] [depth_angular_controller]: TRACKING
[depth_angular_controller-1] [INFO] [1790679564.501035196] [depth_angular_controller]: [PERF CTRL] run=motion_cloud4 elapsed=49.13s callbacks=1411 commands=1410 guidance=1360 command_fps(ros/wall)=40.03/40.09 guidance_wall_fps=39.66 avoid_ms(mean/p50/p95/max)=5.051/0.543/21.315/110.020 cycle_ms(mean/p95/max)=24.946/51.931/129.387 depth_to_cmd_ms(mean/p95/max)=17.549/33.333/50.000 callback_to_publish_ms(mean/p95/max)=19.143/41.757/128.774
[depth_angular_controller-1] [INFO] [1790679564.534927436] [depth_angular_controller]: PAPER_BUILD reason=READY required=0.0100 best=3.6217 free=136 refined=0 tubes=113 revoked_tubes=0 proofs=128
[depth_angular_controller-1] [INFO] [1790679564.534968102] [depth_angular_controller]: PAPER_EVIDENCE retained=22 balls=32 revoked_balls=0 expired_views=0 evicted_views=57 radius=0.580 clearance=0.667 best_prefix=3.622
[depth_angular_controller-1] [INFO] [1790679564.577606845] [depth_angular_controller]: OUTSIDE_FLOW_BOX
[depth_angular_controller-1] [INFO] [1790679564.608211636] [depth_angular_controller]: STATE_OUTSIDE_FREE_DOMAIN
[depth_angular_controller-1] [INFO] [1790679564.665643800] [depth_angular_controller]: OUTSIDE_FLOW_BOX
[depth_angular_controller-1] [INFO] [1790679564.818501672] [depth_angular_controller]: TRACKING
[depth_angular_controller-1] [INFO] [1790679564.963940754] [depth_angular_controller]: OUTSIDE_FLOW_BOX
[depth_angular_controller-1] [INFO] [1790679565.069407225] [depth_angular_controller]: TARGET_HOLD
[depth_angular_controller-1] [INFO] [1790679565.141294985] [depth_angular_controller]: TRACKING
[depth_angular_controller-1] [INFO] [1790679565.268237677] [depth_angular_controller]: TARGET_HOLD
[depth_angular_controller-1] [INFO] [1790679565.359458276] [depth_angular_controller]: OUTSIDE_FLOW_BOX
[depth_angular_controller-1] [INFO] [1790679565.387644087] [depth_angular_controller]: STATE_OUTSIDE_FREE_DOMAIN
[depth_angular_controller-1] [INFO] [1790679565.453845336] [depth_angular_controller]: OUTSIDE_FLOW_BOX
[depth_angular_controller-1] [INFO] [1790679565.539040247] [depth_angular_controller]: PAPER_BUILD reason=READY required=0.0455 best=3.6217 free=145 refined=0 tubes=113 revoked_tubes=0 proofs=128
[depth_angular_controller-1] [INFO] [1790679565.539075273] [depth_angular_controller]: PAPER_EVIDENCE retained=22 balls=32 revoked_balls=0 expired_views=0 evicted_views=57 radius=0.580 clearance=0.000 best_prefix=3.622
[depth_angular_controller-1] [INFO] [1790679565.571426271] [depth_angular_controller]: TRACKING
[depth_angular_controller-1] [INFO] [1790679565.832187869] [depth_angular_controller]: OUTSIDE_FLOW_BOX
[depth_angular_controller-1] [INFO] [1790679565.862147659] [depth_angular_controller]: TARGET_HOLD
[depth_angular_controller-1] [INFO] [1790679565.964966392] [depth_angular_controller]: OUTSIDE_FLOW_BOX
[depth_angular_controller-1] [INFO] [1790679565.987529753] [depth_angular_controller]: TARGET_HOLD
[depth_angular_controller-1] [INFO] [1790679566.086960779] [depth_angular_controller]: OUTSIDE_FLOW_BOX
[depth_angular_controller-1] [INFO] [1790679566.112775801] [depth_angular_controller]: TARGET_HOLD
[depth_angular_controller-1] [INFO] [1790679566.185688244] [depth_angular_controller]: OUTSIDE_FLOW_BOX
[depth_angular_controller-1] [INFO] [1790679566.214950225] [depth_angular_controller]: TARGET_HOLD
[depth_angular_controller-1] [INFO] [1790679566.290168064] [depth_angular_controller]: TRACKING
[depth_angular_controller-1] [INFO] [1790679566.384068451] [depth_angular_controller]: TARGET_HOLD
[depth_angular_controller-1] [INFO] [1790679566.476467611] [depth_angular_controller]: OUTSIDE_FLOW_BOX
[depth_angular_controller-1] [INFO] [1790679566.499435742] [depth_angular_controller]: STATE_OUTSIDE_FREE_DOMAIN
[depth_angular_controller-1] [INFO] [1790679566.523687701] [depth_angular_controller]: PAPER_BUILD reason=READY required=0.0365 best=3.6217 free=149 refined=0 tubes=113 revoked_tubes=0 proofs=128
[depth_angular_controller-1] [INFO] [1790679566.523721966] [depth_angular_controller]: PAPER_EVIDENCE retained=23 balls=32 revoked_balls=0 expired_views=0 evicted_views=57 radius=0.580 clearance=0.000 best_prefix=3.622
[depth_angular_controller-1] [INFO] [1790679566.563548622] [depth_angular_controller]: OUTSIDE_FLOW_BOX
[depth_angular_controller-1] [INFO] [1790679566.664027343] [depth_angular_controller]: TRACKING
[depth_angular_controller-1] [INFO] [1790679566.878639290] [depth_angular_controller]: OUTSIDE_FLOW_BOX
[depth_angular_controller-1] [INFO] [1790679566.897441092] [depth_angular_controller]: TARGET_HOLD
[depth_angular_controller-1] [INFO] [1790679567.058210491] [depth_angular_controller]: OUTSIDE_FLOW_BOX
[depth_angular_controller-1] [INFO] [1790679567.128172608] [depth_angular_controller]: TARGET_HOLD
[depth_angular_controller-1] [INFO] [1790679567.242459651] [depth_angular_controller]: TRACKING
[depth_angular_controller-1] [INFO] [1790679567.369117058] [depth_angular_controller]: OUTSIDE_FLOW_BOX
[depth_angular_controller-1] [INFO] [1790679567.396744712] [depth_angular_controller]: STATE_OUTSIDE_FREE_DOMAIN
[depth_angular_controller-1] [INFO] [1790679567.476411620] [depth_angular_controller]: OUTSIDE_FLOW_BOX
[depth_angular_controller-1] [INFO] [1790679567.504672212] [depth_angular_controller]: TARGET_HOLD
[depth_angular_controller-1] [INFO] [1790679567.583507068] [depth_angular_controller]: TRACKING
[depth_angular_controller-1] [INFO] [1790679567.583540401] [depth_angular_controller]: PAPER_BUILD reason=READY required=0.0100 best=3.6217 free=147 refined=0 tubes=113 revoked_tubes=0 proofs=128
[depth_angular_controller-1] [INFO] [1790679567.583550409] [depth_angular_controller]: PAPER_EVIDENCE retained=25 balls=32 revoked_balls=0 expired_views=0 evicted_views=57 radius=0.580 clearance=0.667 best_prefix=3.622
[depth_angular_controller-1] [INFO] [1790679567.681820146] [depth_angular_controller]: TARGET_HOLD
[depth_angular_controller-1] [INFO] [1790679567.787107070] [depth_angular_controller]: OUTSIDE_FLOW_BOX
[depth_angular_controller-1] [INFO] [1790679567.813727965] [depth_angular_controller]: STATE_OUTSIDE_FREE_DOMAIN
[depth_angular_controller-1] [INFO] [1790679567.882432872] [depth_angular_controller]: OUTSIDE_FLOW_BOX
[depth_angular_controller-1] [INFO] [1790679567.987348700] [depth_angular_controller]: TRACKING
[depth_angular_controller-1] [INFO] [1790679568.191174877] [depth_angular_controller]: OUTSIDE_FLOW_BOX
[depth_angular_controller-1] [INFO] [1790679568.219079080] [depth_angular_controller]: TARGET_HOLD
[depth_angular_controller-1] [INFO] [1790679568.284939009] [depth_angular_controller]: OUTSIDE_FLOW_BOX
[depth_angular_controller-1] [INFO] [1790679568.310620140] [depth_angular_controller]: TARGET_HOLD
[depth_angular_controller-1] [INFO] [1790679568.380690319] [depth_angular_controller]: OUTSIDE_FLOW_BOX
[depth_angular_controller-1] [INFO] [1790679568.404087324] [depth_angular_controller]: TARGET_HOLD
[depth_angular_controller-1] [INFO] [1790679568.532193370] [depth_angular_controller]: PAPER_BUILD reason=READY required=0.0116 best=3.6217 free=156 refined=0 tubes=113 revoked_tubes=0 proofs=128
[depth_angular_controller-1] [INFO] [1790679568.532234968] [depth_angular_controller]: PAPER_EVIDENCE retained=26 balls=32 revoked_balls=0 expired_views=0 evicted_views=57 radius=0.580 clearance=0.667 best_prefix=3.622
[depth_angular_controller-1] [INFO] [1790679568.697073974] [depth_angular_controller]: OUTSIDE_FLOW_BOX
[depth_angular_controller-1] [INFO] [1790679568.723301901] [depth_angular_controller]: STATE_OUTSIDE_FREE_DOMAIN
[depth_angular_controller-1] [INFO] [1790679568.797177441] [depth_angular_controller]: OUTSIDE_FLOW_BOX
[depth_angular_controller-1] [INFO] [1790679568.899143765] [depth_angular_controller]: TRACKING
[depth_angular_controller-1] [INFO] [1790679569.045010478] [depth_angular_controller]: OUTSIDE_FLOW_BOX
[position_cmd_to_twist-2] [INFO] [1790679569.095412920] [position_cmd_to_twist]: [PERF BRIDGE] run=motion_cloud4 elapsed=53.71s received=1553 published=1549 fps(ros/wall)=38.95/38.97 controller_to_bridge_ms(mean/p50/p95/max)=17.600/16.667/50.000/166.667 bridge_process_ms(mean/p95/max)=0.106/0.137/1.519
[depth_angular_controller-1] [INFO] [1790679569.142378603] [depth_angular_controller]: TARGET_HOLD
[NAV] t=40.0s position=(-58.93,-2.55,2.82) yaw=269.0deg command=(-0.00,-0.00,0.00) manual_active=1 collision_blocks=0
[depth_angular_controller-1] [INFO] [1790679569.210511236] [depth_angular_controller]: TRACKING
[depth_angular_controller-1] [INFO] [1790679569.373224984] [depth_angular_controller]: OUTSIDE_FLOW_BOX
[depth_angular_controller-1] [INFO] [1790679569.401235967] [depth_angular_controller]: STATE_OUTSIDE_FREE_DOMAIN
[depth_angular_controller-1] [INFO] [1790679569.481364251] [depth_angular_controller]: TRACKING
[depth_angular_controller-1] [INFO] [1790679569.509115397] [depth_angular_controller]: [PERF CTRL] run=motion_cloud4 elapsed=54.14s callbacks=1567 commands=1566 guidance=1516 command_fps(ros/wall)=38.87/38.97 guidance_wall_fps=38.57 avoid_ms(mean/p50/p95/max)=5.014/0.462/20.723/110.020 cycle_ms(mean/p95/max)=25.659/50.503/129.387 depth_to_cmd_ms(mean/p95/max)=17.524/33.333/50.000 callback_to_publish_ms(mean/p95/max)=20.244/43.438/128.774
[depth_angular_controller-1] [INFO] [1790679569.509541757] [depth_angular_controller]: PAPER_BUILD reason=READY required=0.0100 best=3.6217 free=152 refined=0 tubes=113 revoked_tubes=0 proofs=128
[depth_angular_controller-1] [INFO] [1790679569.509721925] [depth_angular_controller]: PAPER_EVIDENCE retained=26 balls=32 revoked_balls=0 expired_views=0 evicted_views=57 radius=0.580 clearance=0.667 best_prefix=3.622
[depth_angular_controller-1] [INFO] [1790679569.674224259] [depth_angular_controller]: OUTSIDE_FLOW_BOX
[depth_angular_controller-1] [INFO] [1790679569.706760014] [depth_angular_controller]: TARGET_HOLD
[depth_angular_controller-1] [INFO] [1790679569.747774539] [depth_angular_controller]: OUTSIDE_FLOW_BOX
[depth_angular_controller-1] [INFO] [1790679569.777411303] [depth_angular_controller]: TARGET_HOLD
[depth_angular_controller-1] [INFO] [1790679569.842284640] [depth_angular_controller]: TRACKING
[depth_angular_controller-1] [INFO] [1790679569.975681854] [depth_angular_controller]: OUTSIDE_FLOW_BOX
[depth_angular_controller-1] [INFO] [1790679570.004202925] [depth_angular_controller]: STATE_OUTSIDE_FREE_DOMAIN
[depth_angular_controller-1] [INFO] [1790679570.068040979] [depth_angular_controller]: OUTSIDE_FLOW_BOX
[depth_angular_controller-1] [INFO] [1790679570.094656725] [depth_angular_controller]: TARGET_HOLD
[depth_angular_controller-1] [INFO] [1790679570.182702155] [depth_angular_controller]: TRACKING
[depth_angular_controller-1] [INFO] [1790679570.299996031] [depth_angular_controller]: TARGET_HOLD
[depth_angular_controller-1] [INFO] [1790679570.438680096] [depth_angular_controller]: PAPER_BUILD reason=READY required=0.0520 best=3.6217 free=161 refined=0 tubes=113 revoked_tubes=0 proofs=128
[depth_angular_controller-1] [INFO] [1790679570.438718418] [depth_angular_controller]: PAPER_EVIDENCE retained=27 balls=32 revoked_balls=0 expired_views=0 evicted_views=57 radius=0.580 clearance=0.667 best_prefix=3.622
[depth_angular_controller-1] [INFO] [1790679570.530320543] [depth_angular_controller]: OUTSIDE_FLOW_BOX
[depth_angular_controller-1] [INFO] [1790679570.559606859] [depth_angular_controller]: STATE_OUTSIDE_FREE_DOMAIN
[depth_angular_controller-1] [INFO] [1790679570.622245944] [depth_angular_controller]: OUTSIDE_FLOW_BOX
[depth_angular_controller-1] [INFO] [1790679570.851741119] [depth_angular_controller]: TARGET_HOLD
[depth_angular_controller-1] [INFO] [1790679570.915179954] [depth_angular_controller]: TRACKING
[depth_angular_controller-1] [INFO] [1790679570.998622778] [depth_angular_controller]: TARGET_HOLD
[depth_angular_controller-1] [INFO] [1790679571.293004845] [depth_angular_controller]: OUTSIDE_FLOW_BOX
[depth_angular_controller-1] [INFO] [1790679571.319865470] [depth_angular_controller]: STATE_OUTSIDE_FREE_DOMAIN
[depth_angular_controller-1] [INFO] [1790679571.410843904] [depth_angular_controller]: OUTSIDE_FLOW_BOX
[depth_angular_controller-1] [INFO] [1790679571.435695048] [depth_angular_controller]: PAPER_BUILD reason=READY required=0.0674 best=3.6217 free=169 refined=0 tubes=114 revoked_tubes=0 proofs=128
[depth_angular_controller-1] [INFO] [1790679571.435733641] [depth_angular_controller]: PAPER_EVIDENCE retained=30 balls=32 revoked_balls=0 expired_views=0 evicted_views=57 radius=0.580 clearance=0.000 best_prefix=3.622
[depth_angular_controller-1] [INFO] [1790679571.556513949] [depth_angular_controller]: TARGET_HOLD
[depth_angular_controller-1] [INFO] [1790679571.615547948] [depth_angular_controller]: TRACKING
[depth_angular_controller-1] [INFO] [1790679571.703021846] [depth_angular_controller]: TARGET_HOLD
[depth_angular_controller-1] [INFO] [1790679571.958897265] [depth_angular_controller]: OUTSIDE_FLOW_BOX
[depth_angular_controller-1] [INFO] [1790679571.978515249] [depth_angular_controller]: STATE_OUTSIDE_FREE_DOMAIN
[depth_angular_controller-1] [INFO] [1790679572.120809859] [depth_angular_controller]: OUTSIDE_FLOW_BOX
[depth_angular_controller-1] [INFO] [1790679572.319564519] [depth_angular_controller]: TARGET_HOLD
[depth_angular_controller-1] [INFO] [1790679572.406026077] [depth_angular_controller]: TRACKING
[depth_angular_controller-1] [INFO] [1790679572.586140057] [depth_angular_controller]: TARGET_HOLD
[depth_angular_controller-1] [INFO] [1790679572.609887841] [depth_angular_controller]: PAPER_BUILD reason=READY required=0.0220 best=3.6217 free=182 refined=0 tubes=114 revoked_tubes=0 proofs=128
[depth_angular_controller-1] [INFO] [1790679572.609928307] [depth_angular_controller]: PAPER_EVIDENCE retained=31 balls=32 revoked_balls=0 expired_views=0 evicted_views=57 radius=0.580 clearance=0.667 best_prefix=3.622
[depth_angular_controller-1] [INFO] [1790679572.950462480] [depth_angular_controller]: OUTSIDE_FLOW_BOX
[depth_angular_controller-1] [INFO] [1790679572.975661898] [depth_angular_controller]: STATE_OUTSIDE_FREE_DOMAIN
[depth_angular_controller-1] [INFO] [1790679573.053846063] [depth_angular_controller]: OUTSIDE_FLOW_BOX
[depth_angular_controller-1] [INFO] [1790679573.338817452] [depth_angular_controller]: TRACKING
[depth_angular_controller-1] [INFO] [1790679573.473357551] [depth_angular_controller]: OUTSIDE_FLOW_BOX
[depth_angular_controller-1] [INFO] [1790679573.499060824] [depth_angular_controller]: TRACKING
[depth_angular_controller-1] [INFO] [1790679573.531549139] [depth_angular_controller]: TARGET_HOLD
[depth_angular_controller-1] [INFO] [1790679573.594325501] [depth_angular_controller]: PAPER_BUILD reason=READY required=0.0157 best=3.6217 free=197 refined=0 tubes=114 revoked_tubes=0 proofs=128
[depth_angular_controller-1] [INFO] [1790679573.594365676] [depth_angular_controller]: PAPER_EVIDENCE retained=32 balls=32 revoked_balls=0 expired_views=0 evicted_views=59 radius=0.580 clearance=0.667 best_prefix=3.622
[depth_angular_controller-1] [INFO] [1790679573.625147910] [depth_angular_controller]: OUTSIDE_FLOW_BOX
[depth_angular_controller-1] [INFO] [1790679573.645398742] [depth_angular_controller]: STATE_OUTSIDE_FREE_DOMAIN
[depth_angular_controller-1] [INFO] [1790679573.705026014] [depth_angular_controller]: TARGET_HOLD
[depth_angular_controller-1] [INFO] [1790679573.739377576] [depth_angular_controller]: REFERENCE_INITIALIZATION
[depth_angular_controller-1] [INFO] [1790679573.761805423] [depth_angular_controller]: TRACKING
[depth_angular_controller-1] [INFO] [1790679573.931593826] [depth_angular_controller]: TARGET_HOLD
[depth_angular_controller-1] [INFO] [1790679574.139774374] [depth_angular_controller]: OUTSIDE_FLOW_BOX
[depth_angular_controller-1] [INFO] [1790679574.158937404] [depth_angular_controller]: STATE_OUTSIDE_FREE_DOMAIN
[position_cmd_to_twist-2] [INFO] [1790679574.169047035] [position_cmd_to_twist]: [PERF BRIDGE] run=motion_cloud4 elapsed=58.79s received=1728 published=1724 fps(ros/wall)=38.48/38.45 controller_to_bridge_ms(mean/p50/p95/max)=18.547/16.667/50.000/166.667 bridge_process_ms(mean/p95/max)=0.113/0.139/3.890
[depth_angular_controller-1] [INFO] [1790679574.226807425] [depth_angular_controller]: OUTSIDE_FLOW_BOX
[NAV] t=45.0s position=(-58.94,-3.16,2.83) yaw=269.5deg command=(-0.00,-0.23,0.00) manual_active=1 collision_blocks=0
[depth_angular_controller-1] [INFO] [1790679574.441869856] [depth_angular_controller]: TRACKING
[depth_angular_controller-1] [INFO] [1790679574.463823583] [depth_angular_controller]: OUTSIDE_FLOW_BOX
[depth_angular_controller-1] [INFO] [1790679574.544636151] [depth_angular_controller]: [PERF CTRL] run=motion_cloud4 elapsed=59.17s callbacks=1746 commands=1745 guidance=1695 command_fps(ros/wall)=38.53/38.59 guidance_wall_fps=38.23 avoid_ms(mean/p50/p95/max)=4.829/0.350/20.094/110.020 cycle_ms(mean/p95/max)=25.913/49.388/129.387 depth_to_cmd_ms(mean/p95/max)=17.493/33.333/50.000 callback_to_publish_ms(mean/p95/max)=20.789/42.390/128.774
[depth_angular_controller-1] [INFO] [1790679574.544701453] [depth_angular_controller]: TRACKING
[depth_angular_controller-1] [INFO] [1790679574.544706323] [depth_angular_controller]: PAPER_BUILD reason=READY required=0.0100 best=3.6217 free=193 refined=0 tubes=114 revoked_tubes=0 proofs=128
[depth_angular_controller-1] [INFO] [1790679574.544712875] [depth_angular_controller]: PAPER_EVIDENCE retained=32 balls=32 revoked_balls=0 expired_views=0 evicted_views=62 radius=0.580 clearance=0.667 best_prefix=3.622
[depth_angular_controller-1] [INFO] [1790679574.562867422] [depth_angular_controller]: OUTSIDE_FLOW_BOX
[depth_angular_controller-1] [INFO] [1790679574.620822938] [depth_angular_controller]: TRACKING
[depth_angular_controller-1] [INFO] [1790679574.729515363] [depth_angular_controller]: TARGET_HOLD
[depth_angular_controller-1] [INFO] [1790679574.823338355] [depth_angular_controller]: OUTSIDE_FLOW_BOX
[depth_angular_controller-1] [INFO] [1790679574.920331456] [depth_angular_controller]: STATE_OUTSIDE_FREE_DOMAIN
[depth_angular_controller-1] [INFO] [1790679574.958579750] [depth_angular_controller]: TARGET_HOLD
[depth_angular_controller-1] [INFO] [1790679574.988532758] [depth_angular_controller]: REFERENCE_INITIALIZATION
[depth_angular_controller-1] [INFO] [1790679575.025387687] [depth_angular_controller]: TRACKING
[depth_angular_controller-1] [INFO] [1790679575.240405375] [depth_angular_controller]: TARGET_HOLD
[depth_angular_controller-1] [INFO] [1790679575.603205241] [depth_angular_controller]: PAPER_BUILD reason=READY required=0.1494 best=3.6217 free=194 refined=0 tubes=115 revoked_tubes=0 proofs=128
[depth_angular_controller-1] [INFO] [1790679575.603244004] [depth_angular_controller]: PAPER_EVIDENCE retained=32 balls=32 revoked_balls=0 expired_views=0 evicted_views=63 radius=0.580 clearance=0.667 best_prefix=3.622
[depth_angular_controller-1] [INFO] [1790679576.749586474] [depth_angular_controller]: PAPER_BUILD reason=READY required=0.6065 best=3.6217 free=207 refined=0 tubes=116 revoked_tubes=0 proofs=128
[depth_angular_controller-1] [INFO] [1790679576.749631489] [depth_angular_controller]: PAPER_EVIDENCE retained=32 balls=32 revoked_balls=0 expired_views=0 evicted_views=67 radius=0.580 clearance=0.667 best_prefix=3.622
[depth_angular_controller-1] [INFO] [1790679577.701581986] [depth_angular_controller]: PAPER_BUILD reason=READY required=0.6215 best=3.6217 free=242 refined=0 tubes=118 revoked_tubes=0 proofs=128
[depth_angular_controller-1] [INFO] [1790679577.701622492] [depth_angular_controller]: PAPER_EVIDENCE retained=32 balls=32 revoked_balls=0 expired_views=0 evicted_views=70 radius=0.580 clearance=0.667 best_prefix=3.622
[depth_angular_controller-1] [INFO] [1790679578.714043514] [depth_angular_controller]: PAPER_BUILD reason=READY required=0.6217 best=3.6217 free=315 refined=0 tubes=120 revoked_tubes=0 proofs=128
[depth_angular_controller-1] [INFO] [1790679578.714085723] [depth_angular_controller]: PAPER_EVIDENCE retained=32 balls=32 revoked_balls=0 expired_views=0 evicted_views=74 radius=0.580 clearance=0.667 best_prefix=3.622
[depth_angular_controller-1] [INFO] [1790679578.765105764] [depth_angular_controller]: OUTSIDE_FLOW_BOX
[depth_angular_controller-1] [INFO] [1790679578.777484643] [depth_angular_controller]: STATE_OUTSIDE_FREE_DOMAIN
[depth_angular_controller-1] [INFO] [1790679578.852653110] [depth_angular_controller]: OUTSIDE_FLOW_BOX
[position_cmd_to_twist-2] [INFO] [1790679579.323014709] [position_cmd_to_twist]: [PERF BRIDGE] run=motion_cloud4 elapsed=63.94s received=1969 published=1965 fps(ros/wall)=39.45/39.31 controller_to_bridge_ms(mean/p50/p95/max)=17.742/16.667/50.000/166.667 bridge_process_ms(mean/p95/max)=0.112/0.139/3.890
[NAV] t=50.0s position=(-58.95,-6.63,2.83) yaw=270.0deg command=(-0.00,-0.28,0.00) manual_active=1 collision_blocks=0
[depth_angular_controller-1] [INFO] [1790679579.549917179] [depth_angular_controller]: [PERF CTRL] run=motion_cloud4 elapsed=64.18s callbacks=1980 commands=1979 guidance=1929 command_fps(ros/wall)=39.49/39.40 guidance_wall_fps=39.09 avoid_ms(mean/p50/p95/max)=4.548/0.347/18.997/110.020 cycle_ms(mean/p95/max)=25.378/48.971/129.387 depth_to_cmd_ms(mean/p95/max)=17.531/33.333/50.000 callback_to_publish_ms(mean/p95/max)=20.171/41.757/128.774
[depth_angular_controller-1] [INFO] [1790679579.578714558] [depth_angular_controller]: TARGET_HOLD
[depth_angular_controller-1] [INFO] [1790679579.893927646] [depth_angular_controller]: PAPER_BUILD reason=READY required=0.0310 best=3.6217 free=352 refined=0 tubes=122 revoked_tubes=0 proofs=128
[depth_angular_controller-1] [INFO] [1790679579.893969815] [depth_angular_controller]: PAPER_EVIDENCE retained=32 balls=32 revoked_balls=0 expired_views=0 evicted_views=78 radius=0.580 clearance=0.667 best_prefix=3.622
[depth_angular_controller-1] [INFO] [1790679581.089475101] [depth_angular_controller]: PAPER_BUILD reason=READY required=0.5608 best=3.6217 free=352 refined=0 tubes=123 revoked_tubes=0 proofs=128
[depth_angular_controller-1] [INFO] [1790679581.089520066] [depth_angular_controller]: PAPER_EVIDENCE retained=32 balls=32 revoked_balls=0 expired_views=0 evicted_views=82 radius=0.580 clearance=0.667 best_prefix=3.622
[depth_angular_controller-1] [INFO] [1790679582.106552812] [depth_angular_controller]: PAPER_BUILD reason=READY required=0.6211 best=3.6217 free=311 refined=0 tubes=125 revoked_tubes=0 proofs=128
[depth_angular_controller-1] [INFO] [1790679582.106593388] [depth_angular_controller]: PAPER_EVIDENCE retained=32 balls=32 revoked_balls=0 expired_views=0 evicted_views=86 radius=0.580 clearance=0.667 best_prefix=3.622
[depth_angular_controller-1] [INFO] [1790679582.153812236] [depth_angular_controller]: OUTSIDE_FLOW_BOX
[depth_angular_controller-1] [INFO] [1790679582.547562040] [depth_angular_controller]: TARGET_HOLD
[depth_angular_controller-1] [INFO] [1790679583.057312875] [depth_angular_controller]: PAPER_BUILD reason=READY required=0.1646 best=3.6217 free=352 refined=0 tubes=126 revoked_tubes=0 proofs=128
[depth_angular_controller-1] [INFO] [1790679583.057361506] [depth_angular_controller]: PAPER_EVIDENCE retained=32 balls=32 revoked_balls=0 expired_views=0 evicted_views=90 radius=0.580 clearance=0.667 best_prefix=3.622
[depth_angular_controller-1] [INFO] [1790679583.851161338] [depth_angular_controller]: OUTSIDE_FLOW_BOX
[depth_angular_controller-1] [INFO] [1790679583.960800981] [depth_angular_controller]: TARGET_HOLD
[depth_angular_controller-1] [INFO] [1790679584.068940879] [depth_angular_controller]: PAPER_BUILD reason=READY required=0.4279 best=3.6217 free=352 refined=0 tubes=127 revoked_tubes=0 proofs=128
[depth_angular_controller-1] [INFO] [1790679584.068987396] [depth_angular_controller]: PAPER_EVIDENCE retained=32 balls=32 revoked_balls=0 expired_views=0 evicted_views=94 radius=0.580 clearance=0.667 best_prefix=3.622
[depth_angular_controller-1] [INFO] [1790679584.556056969] [depth_angular_controller]: [PERF CTRL] run=motion_cloud4 elapsed=69.18s callbacks=2204 commands=2203 guidance=2153 command_fps(ros/wall)=40.27/39.89 guidance_wall_fps=39.61 avoid_ms(mean/p50/p95/max)=4.433/0.300/18.997/110.020 cycle_ms(mean/p95/max)=25.070/49.752/129.387 depth_to_cmd_ms(mean/p95/max)=17.534/33.333/50.000 callback_to_publish_ms(mean/p95/max)=19.644/41.147/128.774
[depth_angular_controller-1] [INFO] [1790679584.596326566] [depth_angular_controller]: OUTSIDE_FLOW_BOX
[position_cmd_to_twist-2] [INFO] [1790679584.764435728] [position_cmd_to_twist]: [PERF BRIDGE] run=motion_cloud4 elapsed=69.38s received=2214 published=2210 fps(ros/wall)=40.31/39.87 controller_to_bridge_ms(mean/p50/p95/max)=16.712/16.667/50.000/166.667 bridge_process_ms(mean/p95/max)=0.112/0.138/3.890
[depth_angular_controller-1] [INFO] [1790679584.799801373] [depth_angular_controller]: TARGET_HOLD
[NAV] t=55.0s position=(-58.95,-9.95,2.83) yaw=270.0deg command=(-0.00,-0.24,0.00) manual_active=1 collision_blocks=0
[depth_angular_controller-1] [INFO] [1790679585.159794452] [depth_angular_controller]: PAPER_BUILD reason=READY required=0.0727 best=3.6217 free=352 refined=0 tubes=128 revoked_tubes=0 proofs=128
[depth_angular_controller-1] [INFO] [1790679585.159839888] [depth_angular_controller]: PAPER_EVIDENCE retained=32 balls=32 revoked_balls=0 expired_views=0 evicted_views=98 radius=0.580 clearance=0.317 best_prefix=3.622
[depth_angular_controller-1] [INFO] [1790679585.421976716] [depth_angular_controller]: OUTSIDE_FLOW_BOX
[depth_angular_controller-1] [INFO] [1790679585.636554058] [depth_angular_controller]: TARGET_HOLD
[depth_angular_controller-1] [INFO] [1790679585.959439273] [depth_angular_controller]: OUTSIDE_FLOW_BOX
[depth_angular_controller-1] [INFO] [1790679586.088913726] [depth_angular_controller]: TARGET_HOLD
[depth_angular_controller-1] [INFO] [1790679586.110839420] [depth_angular_controller]: PAPER_BUILD reason=READY required=0.0347 best=3.6217 free=279 refined=0 tubes=129 revoked_tubes=0 proofs=128
[depth_angular_controller-1] [INFO] [1790679586.110880858] [depth_angular_controller]: PAPER_EVIDENCE retained=32 balls=32 revoked_balls=0 expired_views=0 evicted_views=102 radius=0.580 clearance=0.051 best_prefix=3.622
[depth_angular_controller-1] [INFO] [1790679586.389308246] [depth_angular_controller]: OUTSIDE_FLOW_BOX
[depth_angular_controller-1] [INFO] [1790679586.598297061] [depth_angular_controller]: COMPUTE_DEADLINE
[depth_angular_controller-1] [INFO] [1790679586.645963138] [depth_angular_controller]: TARGET_HOLD
[depth_angular_controller-1] [INFO] [1790679586.862751158] [depth_angular_controller]: OUTSIDE_FLOW_BOX
[depth_angular_controller-1] [INFO] [1790679586.883117957] [depth_angular_controller]: TARGET_HOLD
[depth_angular_controller-1] [INFO] [1790679586.994247776] [depth_angular_controller]: OUTSIDE_FLOW_BOX
[depth_angular_controller-1] [INFO] [1790679587.012812824] [depth_angular_controller]: TARGET_HOLD
[depth_angular_controller-1] [INFO] [1790679587.100528014] [depth_angular_controller]: OUTSIDE_FLOW_BOX
[depth_angular_controller-1] [INFO] [1790679587.100560365] [depth_angular_controller]: PAPER_BUILD reason=READY required=0.0343 best=3.6217 free=166 refined=0 tubes=130 revoked_tubes=0 proofs=128
[depth_angular_controller-1] [INFO] [1790679587.100569041] [depth_angular_controller]: PAPER_EVIDENCE retained=32 balls=32 revoked_balls=0 expired_views=0 evicted_views=106 radius=0.580 clearance=0.000 best_prefix=3.622
[depth_angular_controller-1] [INFO] [1790679587.123060397] [depth_angular_controller]: TARGET_HOLD
[depth_angular_controller-1] [INFO] [1790679587.219563268] [depth_angular_controller]: OUTSIDE_FLOW_BOX
[depth_angular_controller-1] [INFO] [1790679587.237923992] [depth_angular_controller]: TARGET_HOLD
[depth_angular_controller-1] [INFO] [1790679587.297016552] [depth_angular_controller]: OUTSIDE_FLOW_BOX
[depth_angular_controller-1] [INFO] [1790679587.316826566] [depth_angular_controller]: TARGET_HOLD
[depth_angular_controller-1] [INFO] [1790679587.417712011] [depth_angular_controller]: OUTSIDE_FLOW_BOX
[depth_angular_controller-1] [INFO] [1790679587.440867763] [depth_angular_controller]: TARGET_HOLD
[depth_angular_controller-1] [INFO] [1790679587.528842801] [depth_angular_controller]: OUTSIDE_FLOW_BOX
[depth_angular_controller-1] [INFO] [1790679587.551704833] [depth_angular_controller]: TARGET_HOLD
[depth_angular_controller-1] [INFO] [1790679587.665990804] [depth_angular_controller]: STATE_OUTSIDE_FREE_DOMAIN
[depth_angular_controller-1] [INFO] [1790679587.727579437] [depth_angular_controller]: TARGET_HOLD
[depth_angular_controller-1] [INFO] [1790679587.747926990] [depth_angular_controller]: 3D guidance switched to view 1
[depth_angular_controller-1] [INFO] [1790679587.858763108] [depth_angular_controller]: 3D guidance switched to view 0
[depth_angular_controller-1] [INFO] [1790679587.919240997] [depth_angular_controller]: OUTSIDE_FLOW_BOX
[depth_angular_controller-1] [INFO] [1790679587.939982108] [depth_angular_controller]: STATE_OUTSIDE_FREE_DOMAIN
[depth_angular_controller-1] [INFO] [1790679588.014726268] [depth_angular_controller]: TARGET_HOLD
[depth_angular_controller-1] [INFO] [1790679588.107013678] [depth_angular_controller]: PAPER_BUILD reason=READY required=0.0142 best=3.6217 free=239 refined=0 tubes=130 revoked_tubes=0 proofs=128
[depth_angular_controller-1] [INFO] [1790679588.107047592] [depth_angular_controller]: PAPER_EVIDENCE retained=32 balls=32 revoked_balls=0 expired_views=0 evicted_views=110 radius=0.580 clearance=0.667 best_prefix=3.622
[depth_angular_controller-1] [INFO] [1790679588.211745070] [depth_angular_controller]: STATE_OUTSIDE_FREE_DOMAIN
[depth_angular_controller-1] [INFO] [1790679588.292167436] [depth_angular_controller]: TARGET_HOLD
[depth_angular_controller-1] [INFO] [1790679588.497136206] [depth_angular_controller]: STATE_OUTSIDE_FREE_DOMAIN
[depth_angular_controller-1] [INFO] [1790679588.563069743] [depth_angular_controller]: TARGET_HOLD
[depth_angular_controller-1] [INFO] [1790679588.699648217] [depth_angular_controller]: STATE_OUTSIDE_FREE_DOMAIN
[depth_angular_controller-1] [INFO] [1790679588.769903724] [depth_angular_controller]: TARGET_HOLD
[depth_angular_controller-1] [INFO] [1790679588.911756305] [depth_angular_controller]: STATE_OUTSIDE_FREE_DOMAIN
[depth_angular_controller-1] [INFO] [1790679588.973919176] [depth_angular_controller]: TARGET_HOLD
[depth_angular_controller-1] [INFO] [1790679589.172681159] [depth_angular_controller]: STATE_OUTSIDE_FREE_DOMAIN
[depth_angular_controller-1] [INFO] [1790679589.193322123] [depth_angular_controller]: PAPER_BUILD reason=READY required=0.0100 best=3.6217 free=19 refined=0 tubes=131 revoked_tubes=0 proofs=128
[depth_angular_controller-1] [INFO] [1790679589.193361106] [depth_angular_controller]: PAPER_EVIDENCE retained=32 balls=32 revoked_balls=0 expired_views=0 evicted_views=114 radius=0.580 clearance=0.000 best_prefix=3.622
[depth_angular_controller-1] [INFO] [1790679589.246227091] [depth_angular_controller]: TARGET_HOLD
[depth_angular_controller-1] [INFO] [1790679589.366016600] [depth_angular_controller]: STATE_OUTSIDE_FREE_DOMAIN
[depth_angular_controller-1] [INFO] [1790679589.436792172] [depth_angular_controller]: TARGET_HOLD
[depth_angular_controller-1] [INFO] [1790679589.558285879] [depth_angular_controller]: [PERF CTRL] run=motion_cloud4 elapsed=74.19s callbacks=2384 commands=2383 guidance=2333 command_fps(ros/wall)=39.89/39.56 guidance_wall_fps=39.31 avoid_ms(mean/p50/p95/max)=4.834/0.338/21.738/162.498 cycle_ms(mean/p95/max)=25.275/51.360/184.077 depth_to_cmd_ms(mean/p95/max)=17.495/33.333/50.000 callback_to_publish_ms(mean/p95/max)=20.117/42.564/178.729
[depth_angular_controller-1] [INFO] [1790679589.577066462] [depth_angular_controller]: STATE_OUTSIDE_FREE_DOMAIN
[depth_angular_controller-1] [INFO] [1790679589.642932612] [depth_angular_controller]: TARGET_HOLD
[position_cmd_to_twist-2] [INFO] [1790679589.717076095] [position_cmd_to_twist]: [PERF BRIDGE] run=motion_cloud4 elapsed=74.34s received=2388 published=2383 fps(ros/wall)=39.87/39.48 controller_to_bridge_ms(mean/p50/p95/max)=17.413/16.667/50.000/200.000 bridge_process_ms(mean/p95/max)=0.112/0.139/3.890
[depth_angular_controller-1] [INFO] [1790679589.760324652] [depth_angular_controller]: STATE_OUTSIDE_FREE_DOMAIN
[NAV] t=60.0s position=(-59.03,-10.42,2.81) yaw=244.6deg command=(-0.00,-0.01,-0.00) manual_active=1 collision_blocks=0
[depth_angular_controller-1] [INFO] [1790679589.840470799] [depth_angular_controller]: TARGET_HOLD
[depth_angular_controller-1] [INFO] [1790679589.860356776] [depth_angular_controller]: 3D guidance switched to view 1
[depth_angular_controller-1] [INFO] [1790679590.023306506] [depth_angular_controller]: 3D guidance switched to view 2
[depth_angular_controller-1] [INFO] [1790679590.023436200] [depth_angular_controller]: STATE_OUTSIDE_FREE_DOMAIN
[depth_angular_controller-1] [INFO] [1790679590.044734146] [depth_angular_controller]: TARGET_HOLD
[depth_angular_controller-1] [INFO] [1790679590.124914187] [depth_angular_controller]: PAPER_BUILD reason=READY required=0.0281 best=3.6217 free=178 refined=0 tubes=131 revoked_tubes=0 proofs=128
[depth_angular_controller-1] [INFO] [1790679590.124952118] [depth_angular_controller]: PAPER_EVIDENCE retained=32 balls=32 revoked_balls=0 expired_views=0 evicted_views=118 radius=0.580 clearance=0.548 best_prefix=3.622
[depth_angular_controller-1] [INFO] [1790679590.241575796] [depth_angular_controller]: 3D guidance switched to view 1
[depth_angular_controller-1] [INFO] [1790679590.822579529] [depth_angular_controller]: BRAKING_FALLBACK
[depth_angular_controller-1] [INFO] [1790679590.848462890] [depth_angular_controller]: NO_REGULAR_FIELD
[depth_angular_controller-1] [INFO] [1790679591.153945829] [depth_angular_controller]: REFERENCE_INITIALIZATION
[depth_angular_controller-1] [INFO] [1790679591.265215019] [depth_angular_controller]: PAPER_BUILD reason=READY required=0.0192 best=0.0242 free=352 refined=0 tubes=132 revoked_tubes=0 proofs=128
[depth_angular_controller-1] [INFO] [1790679591.265254574] [depth_angular_controller]: PAPER_EVIDENCE retained=22 balls=32 revoked_balls=0 expired_views=0 evicted_views=119 radius=0.580 clearance=0.046 best_prefix=0.024
[depth_angular_controller-1] [INFO] [1790679591.448857621] [depth_angular_controller]: NO_REGULAR_FIELD
[depth_angular_controller-1] [INFO] [1790679591.501584394] [depth_angular_controller]: REFERENCE_INITIALIZATION
[depth_angular_controller-1] [INFO] [1790679591.536009915] [depth_angular_controller]: 3D guidance switched to view 0
[depth_angular_controller-1] [INFO] [1790679591.552289334] [depth_angular_controller]: TRACKING
[depth_angular_controller-1] [INFO] [1790679591.774272292] [depth_angular_controller]: BRAKING_FALLBACK
[depth_angular_controller-1] [INFO] [1790679591.819455360] [depth_angular_controller]: TARGET_HOLD
[depth_angular_controller-1] [INFO] [1790679592.094922423] [depth_angular_controller]: COMPUTE_DEADLINE
[depth_angular_controller-1] [INFO] [1790679592.337950363] [depth_angular_controller]: PAPER_BUILD reason=READY required=0.0100 best=0.0150 free=185 refined=0 tubes=132 revoked_tubes=0 proofs=128
[depth_angular_controller-1] [INFO] [1790679592.337989958] [depth_angular_controller]: PAPER_EVIDENCE retained=26 balls=32 revoked_balls=0 expired_views=0 evicted_views=119 radius=0.580 clearance=0.015 best_prefix=0.015
[depth_angular_controller-1] [INFO] [1790679592.858468854] [depth_angular_controller]: REFERENCE_INITIALIZATION
[depth_angular_controller-1] [INFO] [1790679592.908699644] [depth_angular_controller]: TRACKING
[depth_angular_controller-1] [INFO] [1790679592.993921996] [depth_angular_controller]: TARGET_HOLD
[depth_angular_controller-1] [INFO] [1790679593.085491169] [depth_angular_controller]: COMPUTE_DEADLINE
[depth_angular_controller-1] [INFO] [1790679593.187648030] [depth_angular_controller]: TARGET_HOLD
[depth_angular_controller-1] [INFO] [1790679593.285422296] [depth_angular_controller]: COMPUTE_DEADLINE
[depth_angular_controller-1] [INFO] [1790679593.285459065] [depth_angular_controller]: PAPER_BUILD reason=READY required=0.0100 best=0.0150 free=17 refined=1 tubes=134 revoked_tubes=0 proofs=128
[depth_angular_controller-1] [INFO] [1790679593.285468834] [depth_angular_controller]: PAPER_EVIDENCE retained=27 balls=32 revoked_balls=0 expired_views=0 evicted_views=119 radius=0.580 clearance=0.015 best_prefix=0.015
[depth_angular_controller-1] [INFO] [1790679593.310259494] [depth_angular_controller]: NO_REGULAR_FIELD
[depth_angular_controller-1] [INFO] [1790679594.134166854] [depth_angular_controller]: PAPER_BUILD reason=NO_CERTIFIED_DIRECTION required=0.0100 best=0.0000 free=0 refined=0 tubes=136 revoked_tubes=0 proofs=128
[depth_angular_controller-1] [INFO] [1790679594.134314571] [depth_angular_controller]: PAPER_EVIDENCE retained=27 balls=32 revoked_balls=0 expired_views=0 evicted_views=119 radius=0.580 clearance=0.000 best_prefix=0.000
[position_cmd_to_twist-2] [INFO] [1790679594.556340527] [position_cmd_to_twist]: [PERF BRIDGE] run=motion_cloud4 elapsed=79.17s received=2532 published=2521 fps(ros/wall)=39.02/38.65 controller_to_bridge_ms(mean/p50/p95/max)=18.253/16.667/50.000/200.000 bridge_process_ms(mean/p95/max)=0.113/0.140/3.890
[depth_angular_controller-1] [INFO] [1790679594.579245880] [depth_angular_controller]: [PERF CTRL] run=motion_cloud4 elapsed=79.21s callbacks=2534 commands=2533 guidance=2483 command_fps(ros/wall)=39.01/38.82 guidance_wall_fps=38.57 avoid_ms(mean/p50/p95/max)=5.453/0.432/22.582/162.498 cycle_ms(mean/p95/max)=25.761/53.021/217.020 depth_to_cmd_ms(mean/p95/max)=17.539/33.333/50.000 callback_to_publish_ms(mean/p95/max)=20.749/43.528/178.729
[NAV] t=65.0s position=(-58.81,-10.26,2.76) yaw=363.4deg command=(0.00,0.00,0.00) manual_active=1 collision_blocks=0
[depth_angular_controller-1] [INFO] [1790679595.036172969] [depth_angular_controller]: PAPER_BUILD reason=NO_CERTIFIED_DIRECTION required=0.0100 best=0.0000 free=0 refined=0 tubes=136 revoked_tubes=0 proofs=128
[depth_angular_controller-1] [INFO] [1790679595.036633623] [depth_angular_controller]: PAPER_EVIDENCE retained=27 balls=32 revoked_balls=0 expired_views=0 evicted_views=119 radius=0.580 clearance=0.000 best_prefix=0.000
[depth_angular_controller-1] [INFO] [1790679595.956931794] [depth_angular_controller]: PAPER_BUILD reason=NO_CERTIFIED_DIRECTION required=0.0100 best=0.0000 free=0 refined=0 tubes=136 revoked_tubes=0 proofs=128
[depth_angular_controller-1] [INFO] [1790679595.956970737] [depth_angular_controller]: PAPER_EVIDENCE retained=27 balls=32 revoked_balls=0 expired_views=0 evicted_views=119 radius=0.580 clearance=0.000 best_prefix=0.000
[depth_angular_controller-1] [INFO] [1790679596.803184445] [depth_angular_controller]: PAPER_BUILD reason=NO_CERTIFIED_DIRECTION required=0.0100 best=0.0000 free=0 refined=0 tubes=136 revoked_tubes=0 proofs=128
[depth_angular_controller-1] [INFO] [1790679596.803224200] [depth_angular_controller]: PAPER_EVIDENCE retained=27 balls=32 revoked_balls=0 expired_views=0 evicted_views=119 radius=0.580 clearance=0.000 best_prefix=0.000
[depth_angular_controller-1] [INFO] [1790679597.772625153] [depth_angular_controller]: PAPER_BUILD reason=NO_CERTIFIED_DIRECTION required=0.0100 best=0.0000 free=0 refined=0 tubes=136 revoked_tubes=0 proofs=128
[depth_angular_controller-1] [INFO] [1790679597.772669226] [depth_angular_controller]: PAPER_EVIDENCE retained=27 balls=32 revoked_balls=0 expired_views=0 evicted_views=119 radius=0.580 clearance=0.000 best_prefix=0.000
[depth_angular_controller-1] [INFO] [1790679598.663012445] [depth_angular_controller]: PAPER_BUILD reason=NO_CERTIFIED_DIRECTION required=0.0100 best=0.0000 free=0 refined=0 tubes=136 revoked_tubes=0 proofs=128
[depth_angular_controller-1] [INFO] [1790679598.663058742] [depth_angular_controller]: PAPER_EVIDENCE retained=27 balls=32 revoked_balls=0 expired_views=0 evicted_views=119 radius=0.580 clearance=0.000 best_prefix=0.000
[position_cmd_to_twist-2] [INFO] [1790679599.015677032] [position_cmd_to_twist]: [PERF BRIDGE] run=motion_cloud4 elapsed=83.63s received=2695 published=2684 fps(ros/wall)=38.56/38.52 controller_to_bridge_ms(mean/p50/p95/max)=18.992/16.667/50.000/200.000 bridge_process_ms(mean/p95/max)=0.113/0.140/3.890
[NAV] t=70.0s position=(-58.81,-10.26,2.76) yaw=363.4deg command=(0.00,0.00,0.00) manual_active=1 collision_blocks=0
[depth_angular_controller-1] [INFO] [1790679599.516641879] [depth_angular_controller]: PAPER_BUILD reason=NO_CERTIFIED_DIRECTION required=0.0100 best=0.0000 free=0 refined=0 tubes=136 revoked_tubes=0 proofs=128
[depth_angular_controller-1] [INFO] [1790679599.516685141] [depth_angular_controller]: PAPER_EVIDENCE retained=27 balls=32 revoked_balls=0 expired_views=0 evicted_views=119 radius=0.580 clearance=0.000 best_prefix=0.000
[depth_angular_controller-1] [INFO] [1790679599.600417998] [depth_angular_controller]: [PERF CTRL] run=motion_cloud4 elapsed=84.23s callbacks=2719 commands=2718 guidance=2668 command_fps(ros/wall)=38.50/38.68 guidance_wall_fps=38.45 avoid_ms(mean/p50/p95/max)=5.840/0.624/21.909/162.498 cycle_ms(mean/p95/max)=25.855/52.768/217.020 depth_to_cmd_ms(mean/p95/max)=17.404/33.333/50.000 callback_to_publish_ms(mean/p95/max)=21.096/42.829/178.729
[depth_angular_controller-1] [INFO] [1790679600.414558520] [depth_angular_controller]: PAPER_BUILD reason=NO_CERTIFIED_DIRECTION required=0.0100 best=0.0000 free=0 refined=0 tubes=136 revoked_tubes=0 proofs=128
[depth_angular_controller-1] [INFO] [1790679600.414596111] [depth_angular_controller]: PAPER_EVIDENCE retained=27 balls=32 revoked_balls=0 expired_views=0 evicted_views=119 radius=0.580 clearance=0.000 best_prefix=0.000
[depth_angular_controller-1] [INFO] [1790679601.471082383] [depth_angular_controller]: PAPER_BUILD reason=NO_CERTIFIED_DIRECTION required=0.0100 best=0.0000 free=0 refined=0 tubes=136 revoked_tubes=0 proofs=128
[depth_angular_controller-1] [INFO] [1790679601.471125824] [depth_angular_controller]: PAPER_EVIDENCE retained=27 balls=32 revoked_balls=0 expired_views=0 evicted_views=119 radius=0.580 clearance=0.000 best_prefix=0.000
[depth_angular_controller-1] [INFO] [1790679602.298830610] [depth_angular_controller]: PAPER_BUILD reason=NO_CERTIFIED_DIRECTION required=0.0100 best=0.0000 free=0 refined=0 tubes=136 revoked_tubes=0 proofs=128
[depth_angular_controller-1] [INFO] [1790679602.298873460] [depth_angular_controller]: PAPER_EVIDENCE retained=27 balls=32 revoked_balls=0 expired_views=0 evicted_views=119 radius=0.580 clearance=0.000 best_prefix=0.000
[depth_angular_controller-1] [INFO] [1790679603.243316500] [depth_angular_controller]: PAPER_BUILD reason=NO_CERTIFIED_DIRECTION required=0.0100 best=0.0000 free=0 refined=0 tubes=136 revoked_tubes=0 proofs=128
[depth_angular_controller-1] [INFO] [1790679603.243734033] [depth_angular_controller]: PAPER_EVIDENCE retained=27 balls=32 revoked_balls=0 expired_views=0 evicted_views=119 radius=0.580 clearance=0.000 best_prefix=0.000
[position_cmd_to_twist-2] [INFO] [1790679603.683889981] [position_cmd_to_twist]: [PERF BRIDGE] run=motion_cloud4 elapsed=88.30s received=2863 published=2852 fps(ros/wall)=38.23/38.36 controller_to_bridge_ms(mean/p50/p95/max)=19.583/16.667/50.000/200.000 bridge_process_ms(mean/p95/max)=0.114/0.140/3.890
[NAV] t=75.0s position=(-58.81,-10.26,2.76) yaw=363.4deg command=(0.00,0.00,0.00) manual_active=1 collision_blocks=0
[depth_angular_controller-1] [INFO] [1790679604.278300071] [depth_angular_controller]: PAPER_BUILD reason=NO_CERTIFIED_DIRECTION required=0.0100 best=0.0000 free=0 refined=0 tubes=136 revoked_tubes=0 proofs=128
[depth_angular_controller-1] [INFO] [1790679604.278758772] [depth_angular_controller]: PAPER_EVIDENCE retained=27 balls=32 revoked_balls=0 expired_views=0 evicted_views=119 radius=0.580 clearance=0.000 best_prefix=0.000
[depth_angular_controller-1] [INFO] [1790679604.619498431] [depth_angular_controller]: [PERF CTRL] run=motion_cloud4 elapsed=89.25s callbacks=2899 commands=2898 guidance=2848 command_fps(ros/wall)=38.15/38.49 guidance_wall_fps=38.27 avoid_ms(mean/p50/p95/max)=6.164/0.955/21.350/162.498 cycle_ms(mean/p95/max)=25.981/52.609/217.020 depth_to_cmd_ms(mean/p95/max)=17.357/33.333/50.000 callback_to_publish_ms(mean/p95/max)=21.371/42.205/178.729
[depth_angular_controller-1] [INFO] [1790679605.119479613] [depth_angular_controller]: PAPER_BUILD reason=NO_CERTIFIED_DIRECTION required=0.0100 best=0.0000 free=0 refined=0 tubes=136 revoked_tubes=0 proofs=128
[depth_angular_controller-1] [INFO] [1790679605.119522383] [depth_angular_controller]: PAPER_EVIDENCE retained=27 balls=32 revoked_balls=0 expired_views=0 evicted_views=119 radius=0.580 clearance=0.000 best_prefix=0.000
[depth_angular_controller-1] [INFO] [1790679606.100649241] [depth_angular_controller]: PAPER_BUILD reason=NO_CERTIFIED_DIRECTION required=0.0100 best=0.0000 free=0 refined=0 tubes=136 revoked_tubes=0 proofs=128
[depth_angular_controller-1] [INFO] [1790679606.100692532] [depth_angular_controller]: PAPER_EVIDENCE retained=27 balls=32 revoked_balls=0 expired_views=0 evicted_views=119 radius=0.580 clearance=0.000 best_prefix=0.000
[depth_angular_controller-1] [INFO] [1790679606.994160605] [depth_angular_controller]: PAPER_BUILD reason=NO_CERTIFIED_DIRECTION required=0.0100 best=0.0000 free=0 refined=0 tubes=136 revoked_tubes=0 proofs=128
[depth_angular_controller-1] [INFO] [1790679606.994204868] [depth_angular_controller]: PAPER_EVIDENCE retained=27 balls=32 revoked_balls=0 expired_views=0 evicted_views=119 radius=0.580 clearance=0.000 best_prefix=0.000
[depth_angular_controller-1] [INFO] [1790679607.976221886] [depth_angular_controller]: PAPER_BUILD reason=NO_CERTIFIED_DIRECTION required=0.0100 best=0.0000 free=0 refined=0 tubes=136 revoked_tubes=0 proofs=128
[depth_angular_controller-1] [INFO] [1790679607.976597110] [depth_angular_controller]: PAPER_EVIDENCE retained=27 balls=32 revoked_balls=0 expired_views=0 evicted_views=119 radius=0.580 clearance=0.000 best_prefix=0.000
[position_cmd_to_twist-2] [INFO] [1790679608.389346538] [position_cmd_to_twist]: [PERF BRIDGE] run=motion_cloud4 elapsed=93.01s received=3032 published=3021 fps(ros/wall)=37.94/38.21 controller_to_bridge_ms(mean/p50/p95/max)=20.069/16.667/50.000/200.000 bridge_process_ms(mean/p95/max)=0.114/0.141/3.890
[NAV] t=80.0s position=(-58.81,-10.26,2.76) yaw=363.4deg command=(0.00,0.00,0.00) manual_active=0 collision_blocks=0
[depth_angular_controller-1] [INFO] [1790679608.484730018] [depth_angular_controller]: ZERO_INTENT
[depth_angular_controller-1] [INFO] [1790679609.630548245] [depth_angular_controller]: [PERF CTRL] run=motion_cloud4 elapsed=94.26s callbacks=3089 commands=3088 guidance=2985 command_fps(ros/wall)=38.09/38.45 guidance_wall_fps=38.14 avoid_ms(mean/p50/p95/max)=6.381/1.179/20.961/162.498 cycle_ms(mean/p95/max)=26.005/52.768/217.020 depth_to_cmd_ms(mean/p95/max)=17.303/33.333/50.000 callback_to_publish_ms(mean/p95/max)=21.414/41.931/178.729
[MANUAL RESULT] TIMEOUT position=(-58.809,-10.257,2.763)
[PERF ISAAC FINAL] run=motion_cloud4 result=MANUAL_TIMEOUT wall=83.32s sim_frames=5043 fps(sim/wall)=60.02/60.53 command_changes=1520 collision_blocks=0 frame_interval_ms(mean/p50/p95/max)=16.454/15.145/18.029/80.081
[96.476s] Simulation App Shutting Down
[depth_angular_controller-1] [INFO] [1790679612.838247871] [rclcpp]: signal_handler(SIGINT/SIGTERM)
[depth_angular_controller-1] [INFO] [1790679612.839152108] [depth_angular_controller]: [PERF CTRL FINAL] run=motion_cloud4 elapsed=97.47s callbacks=3236 commands=3235 guidance=2985 command_fps(ros/wall)=38.50/38.99 guidance_wall_fps=38.14 avoid_ms(mean/p50/p95/max)=6.381/1.179/20.961/162.498 cycle_ms(mean/p95/max)=25.648/51.897/217.020 depth_to_cmd_ms(mean/p95/max)=17.303/33.333/50.000 callback_to_publish_ms(mean/p95/max)=21.061/41.476/178.729
[position_cmd_to_twist-2] [INFO] [1790679612.839216208] [position_cmd_to_twist]: [PERF BRIDGE FINAL] run=motion_cloud4 elapsed=97.46s received=3235 published=3224 fps(ros/wall)=38.50/38.86 controller_to_bridge_ms(mean/p50/p95/max)=19.547/16.667/50.000/200.000 bridge_process_ms(mean/p95/max)=0.114/0.141/3.890
[position_cmd_to_twist-2] Failed to publish log message to rosout: publisher's context is invalid, at ./src/rcl/publisher.c:389
[INFO] [depth_angular_controller-1]: process has finished cleanly [pid 35230]
[INFO] [position_cmd_to_twist-2]: process has finished cleanly [pid 35232]
