[PERF] run=motion_cloud12 log=/home/starry/isaac-data/EGO1P1/performance/motion_consistency_20260929/performance.md
[INPUT] mode=trace scene_mode=cloud
[INFO] [launch]: All log files can be found below /tmp/fov_gvf_ego1p1_isaac_ros_log/2026-09-29-19-17-30-124415-starry-System-Product-Name-41298
[INFO] [launch]: Default logging verbosity is set to INFO
[INFO] [depth_angular_controller-1]: process started with pid [41300]
[INFO] [position_cmd_to_twist-2]: process started with pid [41302]
[depth_angular_controller-1] [INFO] [1790680650.492443433] [depth_angular_controller]: C++ controller commands publish on /position_cmd; horizontal views=4
[ROS CHECK] ROS_DOMAIN_ID=84 /position_cmd publishers=1
Type: pc_gvf_msgs/msg/PositionCommand
Publisher count: 1
Subscription count: 1
/depth_angular_controller
/position_cmd_to_twist
WARNING: All log messages before absl::InitializeLog() is called are written to STDERR
E0000 00:00:1790680651.517647   41352 descriptor_database.cc:633] File already exists in database: grpc/health/v1/health.proto
W0000 00:00:1790680651.517670   41352 message.cc:301] Protobuf GeneratedMessageFactory: File is already registered: grpc/health/v1/health.proto
2026-09-29T11:17:31Z [Info] [carb] Logging to file: /home/starry/isaac-data/isaacsim/kit/logs/Kit/Isaac-Sim Python/6.0/kit_20260929_191731.log
[0.044s] [ext: omni.assets.plugins-0.0.0] startup
[0.044s] [ext: omni.blobkey-1.1.2] startup
[0.044s] [ext: omni.kit.async_engine-0.0.3] startup
[0.318s] [ext: omni.client.lib-1.1.1] startup
[0.326s] [ext: omni.client-1.3.0] startup
[0.328s] [ext: omni.protobuf.lib-1.0.0] startup
[0.329s] [ext: omni.grpc.lib-1.0.0] startup
[0.332s] [ext: omni.metrics.core-0.0.3] startup
[0.332s] [ext: omni.datastore-0.0.0] startup
[0.332s] [ext: omni.gpu_foundation.shadercache.vulkan-1.0.0] startup
[0.334s] [ext: omni.hsscclient-1.1.4] startup
[0.335s] [ext: omni.stats-1.0.1] startup
[0.335s] [ext: omni.ujitso.default-1.0.0] startup
[0.338s] [ext: omni.gpu_foundation-0.0.0] startup
[0.460s] [ext: carb.windowing.plugins-1.0.1] startup
[0.460s] [ext: omni.kit.renderer.init-1.0.1] startup
2026-09-29T11:17:31Z [659ms] [Warning] [omni.rtx] Skipping unsupported non-NVIDIA GPU: AMD Unknown (RADV RAPHAEL_MENDOCINO)
2026-09-29T11:17:31Z [660ms] [Warning] [omni.rtx] Skipping unsupported non-NVIDIA GPU: AMD Unknown (RADV RAPHAEL_MENDOCINO)

|---------------------------------------------------------------------------------------------|
| Driver Version: 580.178.04    | Graphics API: Vulkan
|=============================================================================================|
| GPU | Name                             | Active | LDA | GPU Memory | Vendor-ID | LUID       |
|     |                                  |        |     |            | Device-ID | UUID       |
|     |                                  |        |     |            | Bus-ID    |            |
|---------------------------------------------------------------------------------------------|
| 0   | NVIDIA GeForce RTX 5070          | Yes: 0 |     | 12227   MB | 10de      | 0          |
|     |                                  |        |     |            | 2f04      | 348d89fe.. |
|     |                                  |        |     |            | 1         |            |
|---------------------------------------------------------------------------------------------|
| 1   | AMD Unknown (RADV RAPHAEL_MEND.. |        |     | 10755   MB | 1002      | 0          |
|     |                                  |        |     |            | 13c0      | 00000000.. |
|     |                                  |        |     |            | c         |            |
|=============================================================================================|
| OS: 22.04.5 LTS (Jammy Jellyfish) ubuntu, Version: 22.04.5, Kernel: 6.8.0-138-generic
| XServer Vendor: The X.Org Foundation, XServer Version: 12101004 (1.21.1.4)
| Processor: AMD Ryzen 5 9600X 6-Core Processor
| Cores: 6 | Logical Cores: 12
|---------------------------------------------------------------------------------------------|
| Total Memory (MB): 31241 | Free Memory: 22800
| Total Page/Swap (MB): 15624 | Free Page/Swap: 15624
|---------------------------------------------------------------------------------------------|
2026-09-29T11:17:32Z [868ms] [Warning] [omni.rtx] CPU performance profile is set to powersave. This profile sets the CPU to the lowest frequency reducing performance.
2026-09-29T11:17:32Z [877ms] [Warning] [omni.rtx] IOMMU is enabled.
[0.977s] [ext: omni.kit.pipapi-0.0.0] startup
[0.978s] [ext: omni.kit.pip_archive-0.0.0] startup
[0.978s] [ext: isaacsim.pip.newton-0.6.1] startup
[0.978s] [ext: omni.pip.compute-1.9.2] startup
[0.978s] [ext: omni.isaac.core_archive-5.3.1] startup
[0.979s] [ext: omni.kit.telemetry-0.5.2] startup
[0.995s] [ext: omni.kit.loop-isaac-1.6.0] startup
[0.996s] [ext: omni.kit.test-2.0.7] startup
[1.047s] [ext: omni.materialx.libs-1.0.9] startup
[1.053s] [ext: omni.gpucompute.plugins-0.0.0] startup
[1.053s] [ext: omni.usd.config-1.0.7] startup
[1.056s] [ext: omni.usd.libs-1.0.3] startup
[1.111s] [ext: omni.iray.libs-0.0.1] startup
[1.114s] [ext: omni.mdl-57.0.3] startup
[1.174s] [ext: omni.mdl.neuraylib-0.2.20] startup
[1.176s] [ext: omni.kit.usd.mdl-1.1.9] startup
[1.259s] [ext: omni.appwindow-1.2.2] startup
[1.260s] [ext: omni.kit.renderer.core-1.2.2] startup
2026-09-29T11:17:37Z [6,499ms] [Warning] [carb.windowing-glfw.gamepad] Joystick with unknown remapping detected (will be ignored):  BEITONG BEITONG A2P3A BFM DONGLE [03000000bc2000001c51000011010000]
[6.529s] [ext: omni.kit.renderer.capture-2.0.1] startup
[6.531s] [ext: omni.kit.renderer.imgui-2.0.6] startup
[6.566s] [ext: omni.ui-3.2.0] startup
[6.573s] [ext: omni.kit.mainwindow-1.0.3] startup
[6.573s] [ext: carb.audio-0.1.0] startup
[6.575s] [ext: omni.uiaudio-1.0.0] startup
[6.576s] [ext: omni.kit.uiapp-0.0.0] startup
[6.576s] [ext: omni.usd.schema.metrics.assembler-110.1.0] startup
[6.578s] [ext: omni.usd.schema.audio-0.0.1] startup
[6.580s] [ext: omni.usd_resolver-1.0.0] startup
[6.583s] [ext: omni.usd.core-1.8.3] startup
[6.585s] [ext: omni.metropolis.schema-0.0.3] startup
[6.585s] [ext: isaacsim.anim.robot.schema-0.1.1] startup
[6.586s] [ext: omni.usd.schema.anim-0.0.1] startup
[6.598s] [ext: omni.usd.schema.geospatial-0.0.1] startup
[6.600s] [ext: omni.usd.schema.omnigraph-1.0.1] startup
[6.604s] [ext: omni.usd.schema.semantics-0.0.0] startup
[6.606s] [ext: omni.activity.core-1.0.3] startup
[6.607s] [ext: omni.cubric-0.1.0] startup
[6.607s] [ext: omni.graph.exec-0.9.6] startup
[6.607s] [ext: omni.hydra.scene_delegate-0.3.5] startup
[6.609s] [ext: usdrt.scenegraph-7.6.3] startup
[6.627s] [ext: omni.hydra.usdrt_delegate-7.5.2] startup
[6.631s] [ext: omni.inspect-1.0.2] startup
[6.632s] [ext: omni.kit.actions.core-1.0.0] startup
[6.633s] [ext: omni.kit.audiodeviceenum-1.0.2] startup
[6.634s] [ext: omni.kit.commands-1.5.0] startup
[6.636s] [ext: omni.kit.exec.core-0.13.5] startup
[6.637s] [ext: omni.kit.usd_undo-0.1.8] startup
[6.638s] [ext: omni.kit.window.popup_dialog-2.0.25] startup
[6.640s] [ext: omni.kit.widget.nucleus_connector-2.3.1] startup
[6.642s] [ext: omni.timeline-1.1.0] startup
[6.643s] [ext: omni.usd-1.16.0] startup
[6.668s] [ext: omni.graph.core-3.1.2] startup
[6.670s] [ext: omni.kit.notification_manager-1.0.11] startup
[6.671s] [ext: isaacsim.core.deprecation_manager-0.4.2] startup
[6.672s] [ext: isaacsim.replicator.agent.schema-0.1.1] startup
[6.673s] [ext: isaacsim.robot.schema-6.3.7] startup
[6.677s] [ext: isaacsim.robot_motion.schema-0.2.1] startup
[6.677s] [ext: omni.anim.behavior.schema-110.1.0] startup
[6.680s] [ext: omni.anim.graph.schema-110.1.1] startup
[6.684s] [ext: omni.anim.navigation.schema-110.1.0] startup
[6.686s] [ext: omni.behavior.tree.schema-110.1.0] startup
[6.687s] [ext: omni.isaac.ml_archive-3.3.0] startup
[6.687s] [ext: omni.kit.asset_converter-6.0.1] startup
[6.696s] [ext: omni.pip.cloud-1.5.4] startup
[6.698s] [ext: omni.usd.schema.flow-110.0.0] startup
[6.698s] [ext: omni.usd.schema.mujoco-1.1.1] startup
[6.699s] [ext: omni.usd.schema.newton-1.2.1] startup
[6.699s] [ext: omni.usd.schema.omni_lens_distortion-1.0.0] startup
[6.700s] [ext: omni.usd.schema.omni_projectors-1.0.0] startup
[6.700s] [ext: omni.usd.schema.omni_sensors-0.0.0] startup
[6.706s] [ext: omni.usd.schema.omniscripting-1.0.1] startup
[6.709s] [ext: omni.usd.schema.physical_lighting-0.1.0] startup
[6.711s] [ext: omni.usd.schema.physx-110.1.13] startup
[6.734s] [ext: omni.usd.schema.render_settings.rtx-1.0.2] startup
[6.737s] [ext: omni.usd.schema.usd_particle_field-1.0.0] startup
[6.737s] [ext: isaacsim.core.version-2.1.1] startup
[6.738s] [ext: omni.kit.menu.core-1.2.0] startup
[6.738s] [ext: omni.kit.menu.utils-2.2.4] startup
[6.744s] [ext: isaacsim.app.about-2.3.1] startup
[6.747s] [ext: isaacsim.asset.transformer-1.2.5] startup
[6.750s] [ext: omni.scene.optimizer.core-110.1.0] startup
[6.779s] [ext: isaacsim.asset.importer.utils-1.8.1] startup
[6.781s] [ext: omni.convexdecomposition-110.1.13] startup
[6.783s] [ext: omni.physics-110.1.13] startup
[6.785s] [ext: omni.physx.gpu-110.1.13] startup
[6.785s] [ext: omni.physx.foundation-110.1.13] startup
[6.786s] [ext: omni.usdphysics-110.1.13] startup
[6.788s] [ext: omni.physx.cooking-110.1.13] startup
[6.789s] [ext: omni.physx-110.1.13] startup
[6.796s] [ext: omni.physics.physx-110.1.13] startup
[6.797s] [ext: isaacsim.asset.exporter.urdf-2.0.5] startup
[6.803s] [ext: omni.kit.clipboard-1.1.1] startup
[6.804s] [ext: omni.kit.usd.layers-2.6.1] startup
[6.809s] [ext: omni.kit.widget.context_menu-1.4.0] startup
[6.810s] [ext: omni.kit.context_menu-1.9.0] startup
[6.811s] [ext: omni.kit.helper.file_utils-0.1.10] startup
[6.812s] [ext: omni.kit.widget.nucleus_info-2.0.2] startup
[6.813s] [ext: omni.kit.search_core-1.0.8] startup
[6.813s] [ext: omni.kit.widget.path_field-2.0.13] startup
[6.814s] [ext: omni.kit.widget.browser_bar-2.0.10] startup
[6.814s] [ext: omni.kit.widget.filebrowser-2.13.4] startup
[6.818s] [ext: omni.kit.widget.options_menu-1.1.6] startup
[6.820s] [ext: omni.kit.widget.options_button-1.0.3] startup
[6.820s] [ext: omni.kit.widget.search_delegate-1.0.9] startup
[6.821s] [ext: omni.ui.scene-2.0.3] startup
[6.824s] [ext: omni.kit.window.filepicker-2.15.5] startup
[6.833s] [ext: omni.kit.window.file_importer-1.1.21] startup
[6.835s] [ext: omni.kit.material.library-3.1.2] startup
[6.839s] [ext: isaacsim.asset.transformer.rules-1.7.10] startup
[6.846s] [ext: omni.usdex.libs-2.2.2] startup
[6.852s] [ext: isaacsim.asset.importer.mjcf-3.10.1] startup
[6.853s] [ext: isaacsim.asset.importer.urdf-3.11.2] startup
[6.856s] [ext: omni.kit.primitive.mesh-1.1.0] startup
[6.858s] [ext: omni.kit.stage_template.core-1.1.22] startup
[6.859s] [ext: omni.kit.stage_templates-2.0.2] startup
[6.860s] [ext: omni.usd.metrics.assembler-110.1.2] startup
[6.862s] [ext: omni.warp.core-1.13.0] startup
[7.042s] [ext: isaacsim.core.experimental.utils-0.17.2] startup
[7.043s] [ext: omni.physics.stageupdate-110.1.13] startup
[7.045s] [ext: omni.physics.tensors-110.1.13] startup
[7.048s] [ext: omni.physx.tensors-110.1.13] startup
[7.051s] [ext: isaacsim.core.simulation_manager-1.15.6] startup
[7.061s] [ext: isaacsim.storage.native-1.9.3] startup
[7.062s] [ext: omni.usd.metrics.assembler.physics-110.1.13] startup
[7.063s] [ext: isaacsim.core.utils-4.1.7] startup
[7.064s] [ext: isaacsim.core.prims-0.11.7] startup
[7.935s] [ext: isaacsim.core.api-5.2.13] startup
[7.940s] [ext: isaacsim.core.cloner-1.7.3] startup
[7.941s] [ext: isaacsim.test.docstring-1.3.2] startup
[7.943s] [ext: isaacsim.core.experimental.prims-1.8.9] startup
[7.962s] [ext: isaacsim.core.experimental.primdata-0.3.2] startup
[7.963s] [ext: omni.graph.tools-1.81.0] startup
[7.982s] [ext: omni.graph-1.142.5] startup
[8.013s] [ext: isaacsim.core.experimental.actuators-0.1.2] startup
[8.026s] [ext: isaacsim.core.experimental.materials-0.7.1] startup
[8.028s] [ext: isaacsim.core.experimental.objects-0.8.1] startup
[8.082s] [ext: omni.hydra.engine.stats-1.0.5] startup
[8.084s] [ext: omni.hydra.rtx.shadercache.vulkan-1.0.0] startup
[8.085s] [ext: omni.index.libs-387500.4413.0] startup
[8.085s] [ext: omni.index-1.0.1] startup
[8.085s] [ext: omni.ujitso.client-0.0.0] startup
[8.085s] [ext: omni.usd.schema.playback-1.0.0] startup
[8.088s] [ext: omni.volume-0.5.2] startup
[8.092s] [ext: omni.hydra.rtx-1.0.4] startup
2026-09-29T11:17:39Z [8,082ms] [Warning] [omni.log] Source: omni.hydra was already registered.
[8.112s] [ext: omni.kit.hydra_texture-1.6.0] startup
[8.115s] [ext: omni.kit.raycast.query-1.2.0] startup
[8.118s] [ext: omni.kit.viewport.legacy_gizmos-1.0.24] startup
[8.120s] [ext: omni.kit.viewport.registry-104.0.6] startup
[8.120s] [ext: omni.kit.viewport.scene_camera_model-1.0.7] startup
[8.123s] [ext: omni.kit.widget.viewport-109.2.0] startup
[8.127s] [ext: omni.kit.window.drop_support-1.0.8] startup
[8.127s] [ext: omni.kit.viewport.window-109.0.2] startup
[8.141s] [ext: omni.kit.viewport.utility-2.0.1] startup
[8.142s] [ext: isaacsim.core.rendering_manager-0.4.3] startup
[8.161s] [ext: omni.graph.action_core-1.1.9] startup
[8.163s] [ext: omni.graph.action_nodes_core-2.11.0] startup
[8.165s] [ext: omni.graph.action_nodes-2.11.0] startup
[8.180s] [ext: omni.graph.action-2.10.2] startup
[8.181s] [ext: omni.graph.image.core-0.6.1] startup
[8.182s] [ext: omni.graph.image.nodes-1.3.1] startup
[8.183s] [ext: omni.graph.nodes_core-2.11.0] startup
[8.187s] [ext: omni.graph.nodes-2.12.0] startup
[8.191s] [ext: omni.kit.hotkeys.core-1.3.12] startup
[8.192s] [ext: omni.kit.property.adapter.core-1.1.1] startup
[8.194s] [ext: omni.kit.property.adapter.usd-1.0.5] startup
[8.195s] [ext: omni.kit.widget.filter-1.1.5] startup
[8.196s] [ext: omni.kit.widget.highlight_label-1.0.3] startup
[8.196s] [ext: omni.kit.widget.searchfield-1.1.8] startup
[8.197s] [ext: omni.kit.window.file_exporter-1.0.36] startup
[8.198s] [ext: omni.kit.widget.stage-4.4.0] startup
[8.206s] [ext: omni.kit.window.content_browser_registry-0.0.6] startup
[8.206s] [ext: omni.kit.window.file-2.0.10] startup
[8.209s] [ext: omni.kit.window.content_browser-3.1.8] startup
[8.217s] [ext: omni.kit.window.property-1.15.1] startup
[8.227s] [ext: omni.kit.property.usd-4.9.4] startup
[8.235s] [ext: omni.graph.scriptnode-2.10.2] startup
[8.242s] [ext: omni.kit.widget.searchable_combobox-1.0.7] startup
[8.243s] [ext: omni.kit.widget.settings-2.0.0] startup
[8.245s] [ext: omni.kit.window.preferences-1.8.3] startup
[8.249s] [ext: omni.kit.viewport.menubar.core-107.2.2] startup
[8.260s] [ext: omni.syntheticdata-0.6.15] startup
[8.283s] [ext: omni.replicator.nv-1.1.1] startup
[8.287s] [ext: omni.videoencoding-0.2.1] startup
[8.289s] [ext: omni.replicator.core-1.13.27] startup
2026-09-29T11:17:39Z [8,275ms] [Warning] [pxr.Semantics] pxr.Semantics is deprecated - please use Semantics instead
2026-09-29T11:17:39Z [8,341ms] [Warning] [omni.replicator.core.scripts.extension] No material configuration file, adding configuration to material settings directly.
[8.493s] [ext: isaacsim.core.nodes-5.10.5] startup
[8.519s] [ext: isaacsim.core.throttling-2.3.5] startup
[8.520s] [ext: omni.kit.manipulator.viewport-107.0.1] startup
[8.521s] [ext: omni.graph.visualization.nodes-2.1.4] startup
[8.533s] [ext: omni.kit.window.extensions-1.5.10] startup
[8.537s] [ext: isaacsim.gui.components-1.8.5] startup
[8.541s] [ext: isaacsim.robot.surface_gripper-3.6.2] startup
[8.551s] [ext: isaacsim.robot.manipulators-3.4.4] startup
[8.560s] [ext: isaacsim.robot_motion.lula-4.1.3] startup
[8.565s] [ext: isaacsim.robot_motion.motion_generation-8.2.9] startup
[8.570s] [ext: isaacsim.cortex.framework-1.0.18] startup
[8.571s] [ext: isaacsim.cortex.behaviors-2.0.17] startup
[8.573s] [ext: isaacsim.examples.base-1.3.2] startup
[8.574s] [ext: omni.kit.widget.zoombar-1.0.7] startup
[8.575s] [ext: omni.kit.browser.core-2.3.18] startup
[8.578s] [ext: omni.kit.browser.folder.core-2.0.2] startup
[8.581s] [ext: omni.kit.widget.stage_icons-1.0.8] startup
[8.582s] [ext: omni.kit.window.stage-2.6.1] startup
[8.585s] [ext: omni.kit.menu.stage-1.2.7] startup
[8.586s] [ext: omni.kit.usd.collect-3.0.6] startup
[8.588s] [ext: omni.kit.widget.prompt-1.0.7] startup
[8.589s] [ext: omni.kit.tool.collect-2.2.19] startup
[8.590s] [ext: isaacsim.examples.browser-0.3.2] startup
[8.592s] [ext: omni.kit.search.files-1.0.4] startup
[8.593s] [ext: omni.kit.widget.calendar-1.0.9] startup
[8.594s] [ext: omni.kit.widget.extended_searchfield-1.0.31] startup
[8.600s] [ext: omni.simready.content.browser-0.3.7] startup
[8.687s] [ext: isaacsim.gui.content_browser-0.4.3] startup
[8.689s] [ext: omni.kit.selection-0.1.6] startup
[8.690s] [ext: isaacsim.gui.menu-2.10.5] startup
[8.697s] [ext: isaacsim.gui.property-1.6.4] startup
[8.703s] [ext: omni.kit.viewport.actions-110.0.0] startup
[8.707s] [ext: omni.kit.viewport.menubar.display-107.1.3] startup
[8.709s] [ext: isaacsim.gui.sensors.icon-2.2.1] startup
[8.711s] [ext: omni.behavior.scripting.core-110.1.0] startup
[8.713s] [ext: isaacsim.replicator.behavior-1.5.4] startup
[8.714s] [ext: isaacsim.replicator.experimental.domain_randomization-1.2.5] startup
[8.728s] [ext: isaacsim.replicator.domain_randomization-1.2.2] startup
[8.796s] [ext: isaacsim.replicator.writers-1.5.4] startup
[8.818s] [ext: isaacsim.robot.experimental.wheeled_robots-0.2.11] startup
[8.838s] [ext: isaacsim.robot.policy.examples-5.2.12] startup
[8.855s] [ext: isaacsim.robot.wheeled_robots-5.2.4] startup
[8.858s] [ext: isaacsim.robot.wheeled_robots.nodes-0.1.5] startup
[8.876s] [ext: isaacsim.robot_motion.experimental.motion_generation-6.1.3] startup
[8.887s] [ext: isaacsim.robot_motion.cumotion-1.3.1] startup
[8.899s] [ext: omni.kit.numpy.common-0.1.3] startup
[8.901s] [ext: isaacsim.sensors.camera-1.7.9] startup
[8.927s] [ext: isaacsim.sensors.experimental.physics-3.0.2] startup
[8.934s] [ext: omni.sensors.net-1.0.1] startup
[8.936s] [ext: omni.sensors.nv.common-3.0.0] startup
[8.944s] [ext: omni.sensors.nv.materials-2.0.0] startup
[8.947s] [ext: omni.sensors.nv.acoustic-3.0.0] startup
[8.949s] [ext: omni.sensors.nv.ids-2.0.1] startup
[8.950s] [ext: omni.sensors.nv.lidar-3.0.0] startup
[8.953s] [ext: omni.sensors.nv.radar-3.0.0] startup
[8.955s] [ext: isaacsim.sensors.experimental.rtx-1.4.6] startup
[9.191s] [ext: isaacsim.sensors.physics.nodes-1.5.3] startup
[9.196s] [ext: isaacsim.util.debug_draw-3.2.3] startup
[9.201s] [ext: isaacsim.sensors.physx-2.5.5] startup
[9.207s] [ext: isaacsim.sensors.rtx-15.17.1] startup
[9.216s] [ext: isaacsim.simulation_app-2.18.4] startup
[9.217s] [ext: omni.anim.curve.core-1.6.0] startup
[9.225s] [ext: omni.graph.ui_nodes-2.11.1] startup
[9.245s] [ext: omni.hydra.scene_api-0.1.3] startup
[9.248s] [ext: omni.kit.manipulator.camera-110.0.0] startup
[9.251s] [ext: omni.kit.manipulator.selector-1.1.4] startup
[9.252s] [ext: omni.kit.manipulator.transform-107.0.0] startup
[9.256s] [ext: omni.kit.widget.toolbar-2.1.0] startup
[9.261s] [ext: omni.kit.manipulator.tool.snap-1.5.14] startup
[9.264s] [ext: omni.kit.viewport.manipulator.transform-107.0.4] startup
[9.266s] [ext: omni.kit.manipulator.prim.core-108.0.2] startup
[9.270s] [ext: omni.kit.manipulator.prim.usd-107.0.3] startup
[9.271s] [ext: omni.kit.manipulator.prim-108.0.0] startup
[9.271s] [ext: omni.kit.manipulator.selection-109.0.1] startup
[9.272s] [ext: omni.kit.menu.create-2.0.2] startup
[9.274s] [ext: omni.kit.property.audio-1.0.16] startup
[9.277s] [ext: omni.kit.property.camera-1.0.14] startup
[9.278s] [ext: omni.kit.property.geometry-2.1.2] startup
[9.281s] [ext: omni.kit.property.light-1.0.14] startup
2026-09-29T11:17:40Z [9,281ms] [Warning] [omni.usd] Encountered USD Warnings but USD Diagnostics are currently muted. To view USD Warnings, please set the '/persistent/app/usd/muteUsdDiagnostics' setting to false in Preferences page.
[9.306s] [ext: omni.kit.property.material-1.14.6] startup
[9.311s] [ext: omni.kit.property.render-1.2.2] startup
[9.312s] [ext: omni.kit.property.transform-1.6.9] startup
[9.315s] [ext: omni.kit.property.bundle-1.5.1] startup
[9.316s] [ext: omni.kit.usdz_export-1.1.0] startup
[9.319s] [ext: omni.kit.tool.asset_importer-6.0.1] startup
[9.323s] [ext: omni.kit.ui.actions-1.0.5] startup
[9.325s] [ext: omni.kit.viewport.menubar.camera-107.0.10] startup
[9.329s] [ext: omni.kit.viewport.menubar.lighting-107.3.2] startup
[9.331s] [ext: omni.kit.viewport.menubar.render-110.0.0] startup
[9.333s] [ext: omni.kit.viewport.menubar.settings-110.0.1] startup
[9.335s] [ext: omni.kit.window.console-1.1.9] startup
[9.339s] [ext: omni.kit.window.status_bar-0.1.11] startup
[9.341s] [ext: omni.kit.window.toolbar-3.0.3] startup
[9.343s] [ext: omni.ocio-0.1.1] startup
[9.343s] [ext: omni.physx.commands-110.1.13] startup
[9.346s] [ext: omni.replicator.replicator_yaml-2.0.12] startup
[9.355s] [ext: omni.rtx.window.settings-0.8.0] startup
[9.359s] [ext: omni.rtx.settings.core-0.7.1] startup
[9.361s] [ext: omni.usd.metrics.assembler.ui-110.1.1] startup
[9.367s] [ext: semantics.schema.editor-2.0.2] startup
[9.369s] [ext: semantics.schema.property-2.0.2] startup
[9.371s] [ext: omni.kit.menu.common-2.0.2] startup
[9.372s] [ext: isaacsim.exp.base-6.0.1] startup
[9.372s] [ext: isaacsim.exp.base.python-6.0.1] startup
[9.373s] Simulation App Starting
[10.392s] Simulation App Startup Complete
[10.397s] app ready
Starting kit application with the following args:  ['/home/starry/isaac-data/isaacsim/exts/isaacsim.simulation_app/isaacsim/simulation_app/simulation_app.py', '/home/starry/isaac-data/isaacsim/apps/isaacsim.exp.base.python.kit', '--/app/tokens/exe-path=/home/starry/isaac-data/isaacsim/kit', '--/persistent/app/viewport/displayOptions=3094', '--/rtx/materialDb/syncLoads=True', '--/rtx/hydra/materialSyncLoads=True', '--/omni/kit/plugin/syncUsdLoads=True', '--/app/renderer/resolution/width=1280', '--/app/renderer/resolution/height=720', '--/app/window/width=1440', '--/app/window/height=900', '--/renderer/multiGpu/enabled=False', '--/app/fastShutdown=True', '--/app/installSignalHandlers=0', '--ext-folder', '/home/starry/isaac-data/isaacsim/exts', '--ext-folder', '/home/starry/isaac-data/isaacsim/apps', '--/renderer/activeGpu=0', '--/physics/cudaDevice=0', '--/plugins/carb.tasking.plugin/threadCount=12', '--/plugins/omni.tbb.globalcontrol/maxThreadCount=12', '--portable', '--no-window', '--/app/window/hideUi=1']
Passing the following args to the base kit application:  []
Warp 1.13.0 initialized:
   CUDA Toolkit 12.9, Driver 13.0
   Devices:
     "cpu"      : "x86_64"
     "cuda:0"   : "NVIDIA GeForce RTX 5070" (11 GiB, sm_120, mempool enabled)
   Kernel cache:
     /home/starry/.cache/warp/1.13.0
[LIGHTING] sun=800.0 (1) dome=0.0 (1) ambient=0.05 constant_color=(0.6, 0.65, 0.7)
[RENDER] mode=MinimalRendering minimal_shading_mode=2 anti_aliasing=TAA
[DEPTH CAMERAS] count=4 resolution_each=320x240 horizontal_coverage=360deg
[ESDF] path=/home/starry/isaac-data/EGO1P1/scenes/ego_swarm_cloud/occupancy.bin shape=(400, 300, 50) resolution=0.40m
[depth_angular_controller-1] [INFO] [1790680663.946066609] [depth_angular_controller]: WAITING_ODOMETRY
[NAV] t=0.0s position=(-64.00,-11.20,2.80) yaw=0.0deg command=(0.00,0.00,0.00) manual_active=0 collision_blocks=0
[depth_angular_controller-1] [INFO] [1790680664.320339795] [depth_angular_controller]: WAITING_VERIFIED_START_POSE
[depth_angular_controller-1] [INFO] [1790680664.353256144] [depth_angular_controller]: VERIFIED_FREE_SEED center=(-64.000,-11.200,2.800) radius=2.500 balls=1: verified fixed Cloud free ball; USD and occupancy SHA-256 matched
[depth_angular_controller-1] [INFO] [1790680664.353360019] [depth_angular_controller]: ZERO_INTENT
[depth_angular_controller-1] [INFO] [1790680665.163790789] [depth_angular_controller]: 3D guidance switched to view 0
[depth_angular_controller-1] [INFO] [1790680665.165329878] [depth_angular_controller]: INTENT_DIRECT
[depth_angular_controller-1] [INFO] [1790680665.165343443] [depth_angular_controller]: PAPER_BUILD reason=READY required=0.0100 best=3.6217 free=20 refined=0 tubes=0 revoked_tubes=0 proofs=0
[depth_angular_controller-1] [INFO] [1790680665.165353191] [depth_angular_controller]: PAPER_EVIDENCE retained=4 balls=1 revoked_balls=0 expired_views=0 evicted_views=0 radius=0.580 clearance=0.500 best_prefix=3.622
[depth_angular_controller-1] [INFO] [1790680666.140782788] [depth_angular_controller]: PAPER_BUILD reason=READY required=0.4877 best=3.6217 free=14 refined=0 tubes=1 revoked_tubes=0 proofs=44
[depth_angular_controller-1] [INFO] [1790680666.140823584] [depth_angular_controller]: PAPER_EVIDENCE retained=8 balls=4 revoked_balls=0 expired_views=0 evicted_views=0 radius=0.580 clearance=0.667 best_prefix=3.622
[depth_angular_controller-1] [INFO] [1790680666.770109370] [depth_angular_controller]: OUTSIDE_FLOW_BOX
[depth_angular_controller-1] [INFO] [1790680667.190621485] [depth_angular_controller]: INTENT_DIRECT
[depth_angular_controller-1] [INFO] [1790680667.199534351] [depth_angular_controller]: PAPER_BUILD reason=READY required=0.2038 best=3.6217 free=74 refined=0 tubes=3 revoked_tubes=0 proofs=82
[depth_angular_controller-1] [INFO] [1790680667.199572041] [depth_angular_controller]: PAPER_EVIDENCE retained=12 balls=10 revoked_balls=0 expired_views=0 evicted_views=0 radius=0.580 clearance=0.500 best_prefix=3.622
[depth_angular_controller-1] [INFO] [1790680667.337585168] [depth_angular_controller]: TARGET_HOLD
[depth_angular_controller-1] [INFO] [1790680667.363352661] [depth_angular_controller]: INTENT_DIRECT
[depth_angular_controller-1] [INFO] [1790680667.430579966] [depth_angular_controller]: TARGET_HOLD
[10.928s] [ext: isaacsim.sensors.rtx.nodes-0.1.2] startup
[10.936s] [ext: isaacsim.ros2.core-1.9.4] startup
[10.950s] Attempting to load system rclpy
[10.950s] Could not import system rclpy: No module named 'rclpy'
[10.950s] Attempting to load internal rclpy for ROS Distro: humble
[10.962s] rclpy loaded
[10.965s] [ext: isaacsim.ros2.nodes-1.18.13] startup
[11.000s] [ext: isaacsim.ros2.examples-1.2.4] startup
[11.005s] [ext: isaacsim.ros2.ui-1.6.5] startup
[11.236s] [ext: isaacsim.ros2.bridge-5.1.2] startup
2026-09-29T11:17:44Z [13,146ms] [Warning] [omni.timeline.plugin] Deprecated: direct use of ITimeline callbacks is deprecated. Use ITimeline::getTimeline (Python: omni.timeline.get_timeline_interface) instead.
[depth_angular_controller-1] [INFO] [1790680667.459665445] [depth_angular_controller]: INTENT_DIRECT
[depth_angular_controller-1] [INFO] [1790680668.128385311] [depth_angular_controller]: PAPER_BUILD reason=READY required=0.4969 best=3.6217 free=147 refined=0 tubes=4 revoked_tubes=0 proofs=125
[depth_angular_controller-1] [INFO] [1790680668.128820026] [depth_angular_controller]: PAPER_EVIDENCE retained=16 balls=14 revoked_balls=0 expired_views=0 evicted_views=0 radius=0.580 clearance=0.667 best_prefix=3.622
[depth_angular_controller-1] [INFO] [1790680668.275277799] [depth_angular_controller]: TARGET_HOLD
[depth_angular_controller-1] [INFO] [1790680668.375603193] [depth_angular_controller]: INTENT_DIRECT
[depth_angular_controller-1] [INFO] [1790680668.383140928] [depth_angular_controller]: TARGET_HOLD
[depth_angular_controller-1] [INFO] [1790680668.529949189] [depth_angular_controller]: INTENT_DIRECT
[depth_angular_controller-1] [INFO] [1790680668.581754573] [depth_angular_controller]: TARGET_HOLD
[depth_angular_controller-1] [INFO] [1790680668.642628946] [depth_angular_controller]: INTENT_DIRECT
[depth_angular_controller-1] [INFO] [1790680668.790958472] [depth_angular_controller]: TARGET_HOLD
[depth_angular_controller-1] [INFO] [1790680669.013475352] [depth_angular_controller]: INTENT_DIRECT
[depth_angular_controller-1] [INFO] [1790680669.020742048] [depth_angular_controller]: TARGET_HOLD
[depth_angular_controller-1] [INFO] [1790680669.183997803] [depth_angular_controller]: INTENT_DIRECT
[depth_angular_controller-1] [INFO] [1790680669.190949288] [depth_angular_controller]: TARGET_HOLD
[depth_angular_controller-1] [INFO] [1790680669.294816668] [depth_angular_controller]: INTENT_DIRECT
[position_cmd_to_twist-2] [INFO] [1790680669.299771897] [position_cmd_to_twist]: [PERF BRIDGE] run=motion_cloud12 elapsed=18.79s received=245 published=245 fps(ros/wall)=49.97/49.32 controller_to_bridge_ms(mean/p50/p95/max)=1.429/0.000/16.667/16.667 bridge_process_ms(mean/p95/max)=0.099/0.123/1.550
[depth_angular_controller-1] [INFO] [1790680669.327704734] [depth_angular_controller]: [PERF CTRL] run=motion_cloud12 elapsed=18.84s callbacks=249 commands=248 guidance=198 command_fps(ros/wall)=49.90/49.33 guidance_wall_fps=47.31 avoid_ms(mean/p50/p95/max)=1.749/0.041/12.486/15.826 cycle_ms(mean/p95/max)=20.273/42.247/96.539 depth_to_cmd_ms(mean/p95/max)=30.471/33.333/50.000 callback_to_publish_ms(mean/p95/max)=6.897/18.849/22.100
[depth_angular_controller-1] [INFO] [1790680669.327757182] [depth_angular_controller]: TARGET_HOLD
[NAV] t=5.0s position=(-61.28,-11.10,2.80) yaw=6.8deg command=(0.98,0.12,0.00) manual_active=1 collision_blocks=0
[depth_angular_controller-1] [INFO] [1790680669.373445598] [depth_angular_controller]: PAPER_BUILD reason=READY required=0.5987 best=3.6217 free=293 refined=0 tubes=6 revoked_tubes=0 proofs=128
[depth_angular_controller-1] [INFO] [1790680669.373481045] [depth_angular_controller]: PAPER_EVIDENCE retained=20 balls=20 revoked_balls=0 expired_views=0 evicted_views=0 radius=0.580 clearance=0.667 best_prefix=3.622
[depth_angular_controller-1] [INFO] [1790680669.401565266] [depth_angular_controller]: INTENT_DIRECT
[depth_angular_controller-1] [INFO] [1790680669.424775721] [depth_angular_controller]: TARGET_HOLD
[depth_angular_controller-1] [INFO] [1790680669.560437004] [depth_angular_controller]: INTENT_DIRECT
[depth_angular_controller-1] [INFO] [1790680669.820686401] [depth_angular_controller]: OUTSIDE_FLOW_BOX
[depth_angular_controller-1] [INFO] [1790680669.828110562] [depth_angular_controller]: INTENT_DIRECT
[depth_angular_controller-1] [INFO] [1790680669.929190983] [depth_angular_controller]: OUTSIDE_FLOW_BOX
[depth_angular_controller-1] [INFO] [1790680670.020522790] [depth_angular_controller]: INTENT_DIRECT
[depth_angular_controller-1] [INFO] [1790680670.039942262] [depth_angular_controller]: TARGET_HOLD
[depth_angular_controller-1] [INFO] [1790680670.150292738] [depth_angular_controller]: INTENT_DIRECT
[depth_angular_controller-1] [INFO] [1790680670.159690724] [depth_angular_controller]: TARGET_HOLD
[depth_angular_controller-1] [INFO] [1790680670.246511125] [depth_angular_controller]: INTENT_DIRECT
[depth_angular_controller-1] [INFO] [1790680670.265871626] [depth_angular_controller]: TARGET_HOLD
[depth_angular_controller-1] [INFO] [1790680670.358578433] [depth_angular_controller]: INTENT_DIRECT
[depth_angular_controller-1] [INFO] [1790680670.378451866] [depth_angular_controller]: TARGET_HOLD
[depth_angular_controller-1] [INFO] [1790680670.378486842] [depth_angular_controller]: PAPER_BUILD reason=READY required=0.1672 best=3.6217 free=352 refined=0 tubes=8 revoked_tubes=0 proofs=128
[depth_angular_controller-1] [INFO] [1790680670.378496771] [depth_angular_controller]: PAPER_EVIDENCE retained=24 balls=26 revoked_balls=0 expired_views=0 evicted_views=0 radius=0.580 clearance=0.500 best_prefix=3.622
[depth_angular_controller-1] [INFO] [1790680670.456328094] [depth_angular_controller]: INTENT_DIRECT
[depth_angular_controller-1] [INFO] [1790680670.520344493] [depth_angular_controller]: TARGET_HOLD
[depth_angular_controller-1] [INFO] [1790680670.565299372] [depth_angular_controller]: INTENT_DIRECT
[depth_angular_controller-1] [INFO] [1790680670.730778319] [depth_angular_controller]: TARGET_HOLD
[depth_angular_controller-1] [INFO] [1790680670.832775500] [depth_angular_controller]: INTENT_DIRECT
[depth_angular_controller-1] [INFO] [1790680670.842339838] [depth_angular_controller]: TARGET_HOLD
[depth_angular_controller-1] [INFO] [1790680670.987298918] [depth_angular_controller]: INTENT_DIRECT
[depth_angular_controller-1] [INFO] [1790680670.997171424] [depth_angular_controller]: TARGET_HOLD
[depth_angular_controller-1] [INFO] [1790680671.106068433] [depth_angular_controller]: INTENT_DIRECT
[depth_angular_controller-1] [INFO] [1790680671.155025022] [depth_angular_controller]: TARGET_HOLD
[depth_angular_controller-1] [INFO] [1790680671.204696672] [depth_angular_controller]: OUTSIDE_FLOW_BOX
[depth_angular_controller-1] [INFO] [1790680671.215261418] [depth_angular_controller]: INTENT_DIRECT
[depth_angular_controller-1] [INFO] [1790680671.255445284] [depth_angular_controller]: TARGET_HOLD
[depth_angular_controller-1] [INFO] [1790680671.325589281] [depth_angular_controller]: OUTSIDE_FLOW_BOX
[depth_angular_controller-1] [INFO] [1790680671.402361868] [depth_angular_controller]: PAPER_BUILD reason=READY required=0.4903 best=3.6217 free=286 refined=0 tubes=9 revoked_tubes=0 proofs=128
[depth_angular_controller-1] [INFO] [1790680671.402400160] [depth_angular_controller]: PAPER_EVIDENCE retained=28 balls=31 revoked_balls=0 expired_views=0 evicted_views=0 radius=0.580 clearance=0.000 best_prefix=3.622
[depth_angular_controller-1] [INFO] [1790680671.440347790] [depth_angular_controller]: INTENT_DIRECT
[depth_angular_controller-1] [INFO] [1790680671.483572703] [depth_angular_controller]: TARGET_HOLD
[depth_angular_controller-1] [INFO] [1790680671.543374172] [depth_angular_controller]: INTENT_DIRECT
[depth_angular_controller-1] [INFO] [1790680671.593066632] [depth_angular_controller]: TARGET_HOLD
[depth_angular_controller-1] [INFO] [1790680671.667707428] [depth_angular_controller]: INTENT_DIRECT
[depth_angular_controller-1] [INFO] [1790680671.952996953] [depth_angular_controller]: TARGET_HOLD
[depth_angular_controller-1] [INFO] [1790680671.991903372] [depth_angular_controller]: INTENT_DIRECT
[depth_angular_controller-1] [INFO] [1790680672.201405791] [depth_angular_controller]: OUTSIDE_FLOW_BOX
[depth_angular_controller-1] [INFO] [1790680672.214223333] [depth_angular_controller]: INTENT_DIRECT
[depth_angular_controller-1] [INFO] [1790680672.301812217] [depth_angular_controller]: OUTSIDE_FLOW_BOX
[depth_angular_controller-1] [INFO] [1790680672.409289231] [depth_angular_controller]: INTENT_DIRECT
[depth_angular_controller-1] [INFO] [1790680672.513884608] [depth_angular_controller]: PAPER_BUILD reason=READY required=0.0911 best=3.6217 free=352 refined=0 tubes=10 revoked_tubes=0 proofs=128
[depth_angular_controller-1] [INFO] [1790680672.514444258] [depth_angular_controller]: PAPER_EVIDENCE retained=32 balls=32 revoked_balls=0 expired_views=0 evicted_views=0 radius=0.580 clearance=0.398 best_prefix=3.622
[depth_angular_controller-1] [INFO] [1790680673.136502541] [depth_angular_controller]: OUTSIDE_FLOW_BOX
[depth_angular_controller-1] [INFO] [1790680673.156373089] [depth_angular_controller]: INTENT_DIRECT
[depth_angular_controller-1] [INFO] [1790680673.458450748] [depth_angular_controller]: OUTSIDE_FLOW_BOX
[depth_angular_controller-1] [INFO] [1790680673.521548282] [depth_angular_controller]: INTENT_DIRECT
[depth_angular_controller-1] [INFO] [1790680673.594734880] [depth_angular_controller]: PAPER_BUILD reason=READY required=0.0822 best=3.6217 free=261 refined=0 tubes=11 revoked_tubes=0 proofs=128
[depth_angular_controller-1] [INFO] [1790680673.594772921] [depth_angular_controller]: PAPER_EVIDENCE retained=32 balls=32 revoked_balls=0 expired_views=0 evicted_views=4 radius=0.580 clearance=0.081 best_prefix=3.622
[depth_angular_controller-1] [INFO] [1790680673.772209777] [depth_angular_controller]: OUTSIDE_FLOW_BOX
[depth_angular_controller-1] [INFO] [1790680673.793035547] [depth_angular_controller]: INTENT_DIRECT
[depth_angular_controller-1] [INFO] [1790680673.874623490] [depth_angular_controller]: OUTSIDE_FLOW_BOX
[depth_angular_controller-1] [INFO] [1790680673.892616114] [depth_angular_controller]: INTENT_DIRECT
[depth_angular_controller-1] [INFO] [1790680674.088991559] [depth_angular_controller]: OUTSIDE_FLOW_BOX
[depth_angular_controller-1] [INFO] [1790680674.263093988] [depth_angular_controller]: INTENT_DIRECT
[depth_angular_controller-1] [INFO] [1790680674.357724034] [depth_angular_controller]: [PERF CTRL] run=motion_cloud12 elapsed=23.87s callbacks=471 commands=470 guidance=420 command_fps(ros/wall)=48.18/46.73 guidance_wall_fps=45.57 avoid_ms(mean/p50/p95/max)=3.133/0.081/19.856/29.772 cycle_ms(mean/p95/max)=21.402/46.843/153.050 depth_to_cmd_ms(mean/p95/max)=28.016/33.333/50.000 callback_to_publish_ms(mean/p95/max)=10.745/28.508/48.518
[depth_angular_controller-1] [INFO] [1790680674.357775501] [depth_angular_controller]: TARGET_HOLD
[depth_angular_controller-1] [INFO] [1790680674.419717577] [depth_angular_controller]: STATE_OUTSIDE_FREE_DOMAIN
[depth_angular_controller-1] [INFO] [1790680674.470473342] [depth_angular_controller]: INTENT_DIRECT
[position_cmd_to_twist-2] [INFO] [1790680674.492228286] [position_cmd_to_twist]: [PERF BRIDGE] run=motion_cloud12 elapsed=23.99s received=474 published=474 fps(ros/wall)=48.02/46.60 controller_to_bridge_ms(mean/p50/p95/max)=5.731/0.000/33.333/50.000 bridge_process_ms(mean/p95/max)=0.100/0.125/1.550
[NAV] t=10.0s position=(-58.98,-10.56,2.80) yaw=25.0deg command=(0.02,0.02,-0.00) manual_active=1 collision_blocks=0
[depth_angular_controller-1] [INFO] [1790680674.592948832] [depth_angular_controller]: TARGET_HOLD
[depth_angular_controller-1] [INFO] [1790680674.630433242] [depth_angular_controller]: INTENT_DIRECT
[depth_angular_controller-1] [INFO] [1790680674.630467016] [depth_angular_controller]: PAPER_BUILD reason=READY required=0.0127 best=3.6217 free=252 refined=0 tubes=11 revoked_tubes=0 proofs=128
[depth_angular_controller-1] [INFO] [1790680674.630476614] [depth_angular_controller]: PAPER_EVIDENCE retained=32 balls=32 revoked_balls=0 expired_views=0 evicted_views=4 radius=0.580 clearance=0.031 best_prefix=3.622
[depth_angular_controller-1] [INFO] [1790680674.815519032] [depth_angular_controller]: OUTSIDE_FLOW_BOX
[depth_angular_controller-1] [INFO] [1790680674.837264588] [depth_angular_controller]: INTENT_DIRECT
[depth_angular_controller-1] [INFO] [1790680674.920130699] [depth_angular_controller]: OUTSIDE_FLOW_BOX
[depth_angular_controller-1] [INFO] [1790680674.945163634] [depth_angular_controller]: INTENT_DIRECT
[depth_angular_controller-1] [INFO] [1790680675.143026741] [depth_angular_controller]: OUTSIDE_FLOW_BOX
[depth_angular_controller-1] [INFO] [1790680675.167434113] [depth_angular_controller]: INTENT_DIRECT
[depth_angular_controller-1] [INFO] [1790680675.263427527] [depth_angular_controller]: OUTSIDE_FLOW_BOX
[depth_angular_controller-1] [INFO] [1790680675.285742903] [depth_angular_controller]: INTENT_DIRECT
[depth_angular_controller-1] [INFO] [1790680675.378549538] [depth_angular_controller]: OUTSIDE_FLOW_BOX
[depth_angular_controller-1] [INFO] [1790680675.400875523] [depth_angular_controller]: INTENT_DIRECT
[depth_angular_controller-1] [INFO] [1790680675.494989281] [depth_angular_controller]: OUTSIDE_FLOW_BOX
[depth_angular_controller-1] [INFO] [1790680675.522325979] [depth_angular_controller]: INTENT_DIRECT
[depth_angular_controller-1] [INFO] [1790680675.621826956] [depth_angular_controller]: TARGET_HOLD
[depth_angular_controller-1] [INFO] [1790680675.647135498] [depth_angular_controller]: STATE_OUTSIDE_FREE_DOMAIN
[depth_angular_controller-1] [INFO] [1790680675.647172608] [depth_angular_controller]: PAPER_BUILD reason=READY required=0.0100 best=3.6217 free=44 refined=0 tubes=42 revoked_tubes=0 proofs=128
[depth_angular_controller-1] [INFO] [1790680675.647183358] [depth_angular_controller]: PAPER_EVIDENCE retained=32 balls=32 revoked_balls=0 expired_views=0 evicted_views=9 radius=0.580 clearance=0.000 best_prefix=3.622
[depth_angular_controller-1] [INFO] [1790680675.748181394] [depth_angular_controller]: TARGET_HOLD
[depth_angular_controller-1] [INFO] [1790680676.068752276] [depth_angular_controller]: INTENT_DIRECT
[depth_angular_controller-1] [INFO] [1790680676.723969994] [depth_angular_controller]: PAPER_BUILD reason=READY required=0.3787 best=3.6217 free=108 refined=0 tubes=52 revoked_tubes=0 proofs=128
[depth_angular_controller-1] [INFO] [1790680676.724008256] [depth_angular_controller]: PAPER_EVIDENCE retained=32 balls=32 revoked_balls=0 expired_views=0 evicted_views=14 radius=0.580 clearance=0.667 best_prefix=3.622
[depth_angular_controller-1] [INFO] [1790680677.678152039] [depth_angular_controller]: PAPER_BUILD reason=READY required=0.6191 best=3.6217 free=118 refined=0 tubes=54 revoked_tubes=0 proofs=128
[depth_angular_controller-1] [INFO] [1790680677.678188608] [depth_angular_controller]: PAPER_EVIDENCE retained=32 balls=32 revoked_balls=0 expired_views=0 evicted_views=17 radius=0.580 clearance=0.667 best_prefix=3.622
[depth_angular_controller-1] [INFO] [1790680678.663978456] [depth_angular_controller]: PAPER_BUILD reason=READY required=0.6210 best=3.6217 free=89 refined=0 tubes=56 revoked_tubes=0 proofs=128
[depth_angular_controller-1] [INFO] [1790680678.664038468] [depth_angular_controller]: PAPER_EVIDENCE retained=32 balls=32 revoked_balls=0 expired_views=0 evicted_views=21 radius=0.580 clearance=0.667 best_prefix=3.622
[depth_angular_controller-1] [INFO] [1790680679.371585805] [depth_angular_controller]: [PERF CTRL] run=motion_cloud12 elapsed=28.88s callbacks=669 commands=668 guidance=618 command_fps(ros/wall)=44.92/44.32 guidance_wall_fps=43.43 avoid_ms(mean/p50/p95/max)=3.607/0.138/21.478/29.772 cycle_ms(mean/p95/max)=22.566/46.843/153.050 depth_to_cmd_ms(mean/p95/max)=25.647/33.333/50.000 callback_to_publish_ms(mean/p95/max)=14.397/36.135/53.579
[position_cmd_to_twist-2] [INFO] [1790680679.485186069] [position_cmd_to_twist]: [PERF BRIDGE] run=motion_cloud12 elapsed=28.98s received=670 published=670 fps(ros/wall)=44.95/44.35 controller_to_bridge_ms(mean/p50/p95/max)=10.398/0.000/33.333/50.000 bridge_process_ms(mean/p95/max)=0.107/0.132/3.183
[NAV] t=15.0s position=(-60.17,-7.55,2.74) yaw=98.5deg command=(-0.15,0.99,-0.01) manual_active=1 collision_blocks=0
[depth_angular_controller-1] [INFO] [1790680679.673442910] [depth_angular_controller]: PAPER_BUILD reason=READY required=0.6212 best=3.6217 free=56 refined=0 tubes=59 revoked_tubes=0 proofs=128
[depth_angular_controller-1] [INFO] [1790680679.707605978] [depth_angular_controller]: PAPER_EVIDENCE retained=32 balls=32 revoked_balls=0 expired_views=0 evicted_views=27 radius=0.580 clearance=0.667 best_prefix=3.622
[depth_angular_controller-1] [INFO] [1790680680.709897401] [depth_angular_controller]: PAPER_BUILD reason=READY required=0.6213 best=3.6217 free=92 refined=0 tubes=61 revoked_tubes=0 proofs=128
[depth_angular_controller-1] [INFO] [1790680680.778320059] [depth_angular_controller]: PAPER_EVIDENCE retained=32 balls=32 revoked_balls=0 expired_views=0 evicted_views=31 radius=0.580 clearance=0.667 best_prefix=3.622
[depth_angular_controller-1] [INFO] [1790680681.901957763] [depth_angular_controller]: PAPER_BUILD reason=READY required=0.6217 best=3.6217 free=304 refined=0 tubes=63 revoked_tubes=0 proofs=128
[depth_angular_controller-1] [INFO] [1790680681.991219225] [depth_angular_controller]: PAPER_EVIDENCE retained=32 balls=32 revoked_balls=0 expired_views=0 evicted_views=35 radius=0.580 clearance=0.667 best_prefix=3.622
[depth_angular_controller-1] [INFO] [1790680682.923907716] [depth_angular_controller]: PAPER_BUILD reason=READY required=0.6217 best=3.6217 free=293 refined=0 tubes=65 revoked_tubes=0 proofs=128
[depth_angular_controller-1] [INFO] [1790680682.995792751] [depth_angular_controller]: PAPER_EVIDENCE retained=32 balls=32 revoked_balls=0 expired_views=0 evicted_views=39 radius=0.580 clearance=0.667 best_prefix=3.622
[depth_angular_controller-1] [INFO] [1790680683.936782650] [depth_angular_controller]: PAPER_BUILD reason=READY required=0.6217 best=3.6217 free=352 refined=0 tubes=67 revoked_tubes=0 proofs=128
[depth_angular_controller-1] [INFO] [1790680684.002619655] [depth_angular_controller]: PAPER_EVIDENCE retained=32 balls=32 revoked_balls=0 expired_views=0 evicted_views=43 radius=0.580 clearance=0.667 best_prefix=3.622
[depth_angular_controller-1] [INFO] [1790680684.375848562] [depth_angular_controller]: [PERF CTRL] run=motion_cloud12 elapsed=33.88s callbacks=897 commands=896 guidance=846 command_fps(ros/wall)=45.74/44.63 guidance_wall_fps=43.98 avoid_ms(mean/p50/p95/max)=3.680/0.124/21.867/29.772 cycle_ms(mean/p95/max)=22.408/47.627/153.050 depth_to_cmd_ms(mean/p95/max)=26.182/33.333/50.000 callback_to_publish_ms(mean/p95/max)=14.357/34.162/53.579
[position_cmd_to_twist-2] [INFO] [1790680684.819232296] [position_cmd_to_twist]: [PERF BRIDGE] run=motion_cloud12 elapsed=34.32s received=913 published=913 fps(ros/wall)=45.83/44.49 controller_to_bridge_ms(mean/p50/p95/max)=9.493/0.000/33.333/50.000 bridge_process_ms(mean/p95/max)=0.107/0.135/3.183
[NAV] t=20.0s position=(-60.26,-2.56,2.74) yaw=90.0deg command=(-0.00,1.00,-0.00) manual_active=1 collision_blocks=0
[depth_angular_controller-1] [INFO] [1790680685.003956608] [depth_angular_controller]: PAPER_BUILD reason=READY required=0.6217 best=3.6217 free=268 refined=0 tubes=69 revoked_tubes=0 proofs=128
[depth_angular_controller-1] [INFO] [1790680685.149807051] [depth_angular_controller]: COMPUTE_DEADLINE
[depth_angular_controller-1] [INFO] [1790680685.149839151] [depth_angular_controller]: PAPER_EVIDENCE retained=32 balls=32 revoked_balls=0 expired_views=0 evicted_views=47 radius=0.580 clearance=0.500 best_prefix=3.622
[depth_angular_controller-1] [INFO] [1790680685.432199139] [depth_angular_controller]: INTENT_DIRECT
[depth_angular_controller-1] [INFO] [1790680686.023440013] [depth_angular_controller]: COMPUTE_DEADLINE
[depth_angular_controller-1] [INFO] [1790680686.038356584] [depth_angular_controller]: INTENT_DIRECT
[depth_angular_controller-1] [INFO] [1790680686.097613932] [depth_angular_controller]: PAPER_BUILD reason=READY required=0.1042 best=3.6217 free=294 refined=0 tubes=70 revoked_tubes=0 proofs=128
[depth_angular_controller-1] [INFO] [1790680686.225973213] [depth_angular_controller]: PAPER_EVIDENCE retained=32 balls=32 revoked_balls=0 expired_views=0 evicted_views=51 radius=0.580 clearance=0.087 best_prefix=3.622
[depth_angular_controller-1] [INFO] [1790680686.423694043] [depth_angular_controller]: COMPUTE_DEADLINE
[depth_angular_controller-1] [INFO] [1790680686.468088230] [depth_angular_controller]: INTENT_DIRECT
[depth_angular_controller-1] [INFO] [1790680686.771420874] [depth_angular_controller]: COMPUTE_DEADLINE
[depth_angular_controller-1] [INFO] [1790680686.795760097] [depth_angular_controller]: BRAKING_FALLBACK
[depth_angular_controller-1] [INFO] [1790680686.810649067] [depth_angular_controller]: INTENT_DIRECT
[depth_angular_controller-1] [INFO] [1790680687.222208472] [depth_angular_controller]: COMPUTE_DEADLINE
[depth_angular_controller-1] [INFO] [1790680687.222569970] [depth_angular_controller]: PAPER_BUILD reason=STATE_OUTSIDE_COMPONENT required=0.0170 best=3.6217 free=888 refined=1 tubes=70 revoked_tubes=0 proofs=128
[depth_angular_controller-1] [INFO] [1790680687.340441731] [depth_angular_controller]: PAPER_EVIDENCE retained=32 balls=32 revoked_balls=0 expired_views=0 evicted_views=51 radius=0.580 clearance=0.000 best_prefix=3.622
[depth_angular_controller-1] [INFO] [1790680687.381344757] [depth_angular_controller]: TARGET_HOLD
[depth_angular_controller-1] [INFO] [1790680687.872469809] [depth_angular_controller]: TRACKING
[depth_angular_controller-1] [INFO] [1790680688.022633537] [depth_angular_controller]: TARGET_HOLD
[depth_angular_controller-1] [INFO] [1790680688.200417073] [depth_angular_controller]: PAPER_BUILD reason=READY required=0.3276 best=3.6217 free=141 refined=0 tubes=80 revoked_tubes=0 proofs=128
[depth_angular_controller-1] [INFO] [1790680688.345544810] [depth_angular_controller]: PAPER_EVIDENCE retained=32 balls=32 revoked_balls=0 expired_views=0 evicted_views=55 radius=0.580 clearance=0.667 best_prefix=3.622
[depth_angular_controller-1] [INFO] [1790680688.541467005] [depth_angular_controller]: TRACKING
[depth_angular_controller-1] [INFO] [1790680688.794133773] [depth_angular_controller]: COMPUTE_DEADLINE
[depth_angular_controller-1] [INFO] [1790680688.827055952] [depth_angular_controller]: TRACKING
[depth_angular_controller-1] [INFO] [1790680688.948722373] [depth_angular_controller]: TARGET_HOLD
[depth_angular_controller-1] [INFO] [1790680689.201082385] [depth_angular_controller]: PAPER_BUILD reason=READY required=0.2473 best=3.6217 free=200 refined=0 tubes=81 revoked_tubes=0 proofs=128
[depth_angular_controller-1] [INFO] [1790680689.379241637] [depth_angular_controller]: [PERF CTRL] run=motion_cloud12 elapsed=38.89s callbacks=1069 commands=1068 guidance=1018 command_fps(ros/wall)=43.88/42.58 guidance_wall_fps=42.00 avoid_ms(mean/p50/p95/max)=4.932/0.196/23.195/148.372 cycle_ms(mean/p95/max)=23.485/50.131/176.522 depth_to_cmd_ms(mean/p95/max)=25.540/33.333/50.000 callback_to_publish_ms(mean/p95/max)=15.990/36.521/162.897
[depth_angular_controller-1] [INFO] [1790680689.411362934] [depth_angular_controller]: PAPER_EVIDENCE retained=32 balls=32 revoked_balls=0 expired_views=0 evicted_views=59 radius=0.580 clearance=0.500 best_prefix=3.622
[position_cmd_to_twist-2] [INFO] [1790680689.933467010] [position_cmd_to_twist]: [PERF BRIDGE] run=motion_cloud12 elapsed=39.43s received=1097 published=1090 fps(ros/wall)=44.02/42.53 controller_to_bridge_ms(mean/p50/p95/max)=11.395/0.000/33.333/150.000 bridge_process_ms(mean/p95/max)=0.106/0.136/3.183
[NAV] t=25.0s position=(-60.35,-0.75,4.18) yaw=90.7deg command=(-0.01,0.64,0.73) manual_active=1 collision_blocks=0
[depth_angular_controller-1] [INFO] [1790680690.270179202] [depth_angular_controller]: PAPER_BUILD reason=READY required=0.6062 best=3.6217 free=246 refined=0 tubes=83 revoked_tubes=0 proofs=128
[depth_angular_controller-1] [INFO] [1790680690.368371352] [depth_angular_controller]: INTENT_DIRECT
[depth_angular_controller-1] [INFO] [1790680690.420896828] [depth_angular_controller]: PAPER_EVIDENCE retained=32 balls=32 revoked_balls=0 expired_views=0 evicted_views=63 radius=0.580 clearance=0.667 best_prefix=3.622
[depth_angular_controller-1] [INFO] [1790680691.405159881] [depth_angular_controller]: PAPER_BUILD reason=READY required=0.6211 best=3.6217 free=267 refined=0 tubes=85 revoked_tubes=0 proofs=128
[depth_angular_controller-1] [INFO] [1790680691.554871139] [depth_angular_controller]: PAPER_EVIDENCE retained=32 balls=32 revoked_balls=0 expired_views=0 evicted_views=67 radius=0.580 clearance=0.667 best_prefix=3.622
[depth_angular_controller-1] [INFO] [1790680692.420656625] [depth_angular_controller]: PAPER_BUILD reason=READY required=0.6213 best=3.6217 free=268 refined=0 tubes=87 revoked_tubes=0 proofs=128
[depth_angular_controller-1] [INFO] [1790680692.502722644] [depth_angular_controller]: TARGET_HOLD
[depth_angular_controller-1] [INFO] [1790680692.571674695] [depth_angular_controller]: PAPER_EVIDENCE retained=32 balls=32 revoked_balls=0 expired_views=0 evicted_views=71 radius=0.580 clearance=0.667 best_prefix=3.622
[depth_angular_controller-1] [INFO] [1790680692.712015279] [depth_angular_controller]: OUTSIDE_FLOW_BOX
[depth_angular_controller-1] [INFO] [1790680692.724309369] [depth_angular_controller]: TARGET_HOLD
[depth_angular_controller-1] [INFO] [1790680692.807937190] [depth_angular_controller]: OUTSIDE_FLOW_BOX
[depth_angular_controller-1] [INFO] [1790680692.819244779] [depth_angular_controller]: INTENT_DIRECT
[depth_angular_controller-1] [INFO] [1790680692.919221569] [depth_angular_controller]: OUTSIDE_FLOW_BOX
[depth_angular_controller-1] [INFO] [1790680692.929541584] [depth_angular_controller]: INTENT_DIRECT
[depth_angular_controller-1] [INFO] [1790680693.033746408] [depth_angular_controller]: OUTSIDE_FLOW_BOX
[depth_angular_controller-1] [INFO] [1790680693.043909570] [depth_angular_controller]: INTENT_DIRECT
[depth_angular_controller-1] [INFO] [1790680693.131446356] [depth_angular_controller]: OUTSIDE_FLOW_BOX
[depth_angular_controller-1] [INFO] [1790680693.141079763] [depth_angular_controller]: INTENT_DIRECT
[depth_angular_controller-1] [INFO] [1790680693.181248741] [depth_angular_controller]: INTENT_REVERSAL_BRAKE
[depth_angular_controller-1] [INFO] [1790680693.364669777] [depth_angular_controller]: PAPER_BUILD reason= required=0.0000 best=0.0000 free=0 refined=0 tubes=89 revoked_tubes=0 proofs=128
[depth_angular_controller-1] [INFO] [1790680693.508990961] [depth_angular_controller]: 3D guidance switched to view 2
[depth_angular_controller-1] [INFO] [1790680693.525911272] [depth_angular_controller]: INTENT_DIRECT
[depth_angular_controller-1] [INFO] [1790680693.525945527] [depth_angular_controller]: PAPER_EVIDENCE retained=32 balls=32 revoked_balls=0 expired_views=0 evicted_views=75 radius=0.580 clearance=0.500 best_prefix=3.622
[depth_angular_controller-1] [INFO] [1790680694.385553209] [depth_angular_controller]: [PERF CTRL] run=motion_cloud12 elapsed=43.89s callbacks=1302 commands=1301 guidance=1251 command_fps(ros/wall)=44.70/43.24 guidance_wall_fps=42.78 avoid_ms(mean/p50/p95/max)=4.647/0.154/23.147/148.372 cycle_ms(mean/p95/max)=23.127/50.131/176.522 depth_to_cmd_ms(mean/p95/max)=25.806/33.333/50.000 callback_to_publish_ms(mean/p95/max)=15.586/35.950/162.897
[depth_angular_controller-1] [INFO] [1790680694.396449677] [depth_angular_controller]: 3D guidance switched to view 1
[depth_angular_controller-1] [INFO] [1790680694.498682650] [depth_angular_controller]: PAPER_BUILD reason=READY required=0.4058 best=3.6217 free=175 refined=0 tubes=90 revoked_tubes=0 proofs=128
[depth_angular_controller-1] [INFO] [1790680694.645085470] [depth_angular_controller]: PAPER_EVIDENCE retained=32 balls=32 revoked_balls=0 expired_views=0 evicted_views=79 radius=0.580 clearance=0.667 best_prefix=3.622
[position_cmd_to_twist-2] [INFO] [1790680695.154184722] [position_cmd_to_twist]: [PERF BRIDGE] run=motion_cloud12 elapsed=44.65s received=1341 published=1334 fps(ros/wall)=44.84/43.25 controller_to_bridge_ms(mean/p50/p95/max)=10.490/0.000/33.333/150.000 bridge_process_ms(mean/p95/max)=0.106/0.135/3.183
[NAV] t=30.0s position=(-60.33,0.49,6.00) yaw=205.7deg command=(0.03,-0.99,0.00) manual_active=1 collision_blocks=0
[depth_angular_controller-1] [INFO] [1790680695.443896957] [depth_angular_controller]: PAPER_BUILD reason=READY required=0.6193 best=3.6217 free=176 refined=0 tubes=92 revoked_tubes=0 proofs=128
[depth_angular_controller-1] [INFO] [1790680695.542149772] [depth_angular_controller]: 3D guidance switched to view 0
[depth_angular_controller-1] [INFO] [1790680695.588624373] [depth_angular_controller]: PAPER_EVIDENCE retained=32 balls=32 revoked_balls=0 expired_views=0 evicted_views=83 radius=0.580 clearance=0.667 best_prefix=3.622
[depth_angular_controller-1] [INFO] [1790680696.451620554] [depth_angular_controller]: PAPER_BUILD reason=READY required=0.6215 best=3.6217 free=225 refined=0 tubes=94 revoked_tubes=0 proofs=128
[depth_angular_controller-1] [INFO] [1790680696.600891516] [depth_angular_controller]: PAPER_EVIDENCE retained=32 balls=32 revoked_balls=0 expired_views=0 evicted_views=87 radius=0.580 clearance=0.667 best_prefix=3.622
[depth_angular_controller-1] [INFO] [1790680697.536125975] [depth_angular_controller]: OUTSIDE_FLOW_BOX
[depth_angular_controller-1] [INFO] [1790680697.557469076] [depth_angular_controller]: PAPER_BUILD reason=READY required=0.6217 best=3.6217 free=217 refined=0 tubes=96 revoked_tubes=0 proofs=128
[depth_angular_controller-1] [INFO] [1790680697.633555976] [depth_angular_controller]: INTENT_DIRECT
[depth_angular_controller-1] [INFO] [1790680697.683405861] [depth_angular_controller]: PAPER_EVIDENCE retained=32 balls=32 revoked_balls=0 expired_views=0 evicted_views=91 radius=0.580 clearance=0.500 best_prefix=3.622
[depth_angular_controller-1] [INFO] [1790680698.555848459] [depth_angular_controller]: PAPER_BUILD reason=READY required=0.4114 best=3.6217 free=352 refined=0 tubes=97 revoked_tubes=0 proofs=128
[depth_angular_controller-1] [INFO] [1790680698.701968478] [depth_angular_controller]: PAPER_EVIDENCE retained=32 balls=32 revoked_balls=0 expired_views=0 evicted_views=95 radius=0.580 clearance=0.667 best_prefix=3.622
[depth_angular_controller-1] [INFO] [1790680699.401142652] [depth_angular_controller]: [PERF CTRL] run=motion_cloud12 elapsed=48.91s callbacks=1552 commands=1551 guidance=1501 command_fps(ros/wall)=45.45/44.18 guidance_wall_fps=43.81 avoid_ms(mean/p50/p95/max)=4.354/0.136/22.215/148.372 cycle_ms(mean/p95/max)=22.633/48.576/176.522 depth_to_cmd_ms(mean/p95/max)=25.772/33.333/50.000 callback_to_publish_ms(mean/p95/max)=15.189/34.659/162.897
[depth_angular_controller-1] [INFO] [1790680699.539783035] [depth_angular_controller]: OUTSIDE_FLOW_BOX
[depth_angular_controller-1] [INFO] [1790680699.539814414] [depth_angular_controller]: PAPER_BUILD reason=READY required=0.6202 best=3.6217 free=262 refined=0 tubes=99 revoked_tubes=0 proofs=128
[depth_angular_controller-1] [INFO] [1790680699.735709117] [depth_angular_controller]: PAPER_EVIDENCE retained=32 balls=32 revoked_balls=0 expired_views=0 evicted_views=99 radius=0.580 clearance=0.000 best_prefix=3.622
[depth_angular_controller-1] [INFO] [1790680700.020003875] [depth_angular_controller]: INTENT_DIRECT
[position_cmd_to_twist-2] [INFO] [1790680700.291345647] [position_cmd_to_twist]: [PERF BRIDGE] run=motion_cloud12 elapsed=49.79s received=1586 published=1579 fps(ros/wall)=45.44/43.88 controller_to_bridge_ms(mean/p50/p95/max)=9.889/0.000/33.333/150.000 bridge_process_ms(mean/p95/max)=0.106/0.134/3.183
[NAV] t=35.0s position=(-60.30,-3.82,6.00) yaw=270.0deg command=(0.00,-0.30,0.00) manual_active=1 collision_blocks=0
[depth_angular_controller-1] [INFO] [1790680700.652185616] [depth_angular_controller]: PAPER_BUILD reason=READY required=0.1676 best=3.6217 free=316 refined=0 tubes=100 revoked_tubes=0 proofs=128
[depth_angular_controller-1] [INFO] [1790680700.800084703] [depth_angular_controller]: PAPER_EVIDENCE retained=32 balls=32 revoked_balls=0 expired_views=0 evicted_views=103 radius=0.580 clearance=0.571 best_prefix=3.622
[depth_angular_controller-1] [INFO] [1790680701.370893565] [depth_angular_controller]: OUTSIDE_FLOW_BOX
[depth_angular_controller-1] [INFO] [1790680701.637499951] [depth_angular_controller]: INTENT_DIRECT
[depth_angular_controller-1] [INFO] [1790680701.690676399] [depth_angular_controller]: PAPER_BUILD reason=READY required=0.3758 best=3.6217 free=352 refined=0 tubes=102 revoked_tubes=0 proofs=128
[depth_angular_controller-1] [INFO] [1790680701.822562267] [depth_angular_controller]: PAPER_EVIDENCE retained=32 balls=32 revoked_balls=0 expired_views=0 evicted_views=107 radius=0.580 clearance=0.500 best_prefix=3.622
[depth_angular_controller-1] [INFO] [1790680702.241602019] [depth_angular_controller]: OUTSIDE_FLOW_BOX
[depth_angular_controller-1] [INFO] [1790680702.449223929] [depth_angular_controller]: INTENT_DIRECT
[depth_angular_controller-1] [INFO] [1790680702.670410933] [depth_angular_controller]: PAPER_BUILD reason=READY required=0.0717 best=3.6217 free=352 refined=0 tubes=103 revoked_tubes=0 proofs=128
[depth_angular_controller-1] [INFO] [1790680702.777511030] [depth_angular_controller]: PAPER_EVIDENCE retained=32 balls=32 revoked_balls=0 expired_views=0 evicted_views=111 radius=0.580 clearance=0.307 best_prefix=3.622
[depth_angular_controller-1] [INFO] [1790680703.055974797] [depth_angular_controller]: OUTSIDE_FLOW_BOX
[depth_angular_controller-1] [INFO] [1790680703.247500772] [depth_angular_controller]: INTENT_DIRECT
[depth_angular_controller-1] [INFO] [1790680703.576677673] [depth_angular_controller]: OUTSIDE_FLOW_BOX
[depth_angular_controller-1] [INFO] [1790680703.614175309] [depth_angular_controller]: PAPER_BUILD reason=READY required=0.0619 best=3.6217 free=238 refined=0 tubes=104 revoked_tubes=0 proofs=128
[depth_angular_controller-1] [INFO] [1790680703.781320523] [depth_angular_controller]: PAPER_EVIDENCE retained=32 balls=32 revoked_balls=0 expired_views=0 evicted_views=115 radius=0.580 clearance=0.000 best_prefix=3.622
[depth_angular_controller-1] [INFO] [1790680703.828124051] [depth_angular_controller]: TARGET_HOLD
[depth_angular_controller-1] [INFO] [1790680704.401790806] [depth_angular_controller]: [PERF CTRL] run=motion_cloud12 elapsed=53.91s callbacks=1775 commands=1774 guidance=1724 command_fps(ros/wall)=45.50/44.24 guidance_wall_fps=43.91 avoid_ms(mean/p50/p95/max)=4.498/0.149/23.456/148.372 cycle_ms(mean/p95/max)=22.606/49.667/176.522 depth_to_cmd_ms(mean/p95/max)=25.706/33.333/50.000 callback_to_publish_ms(mean/p95/max)=15.344/35.950/162.897
[depth_angular_controller-1] [INFO] [1790680704.690036388] [depth_angular_controller]: PAPER_BUILD reason=READY required=0.3487 best=3.6217 free=77 refined=0 tubes=105 revoked_tubes=0 proofs=128
[depth_angular_controller-1] [INFO] [1790680704.798387814] [depth_angular_controller]: PAPER_EVIDENCE retained=32 balls=32 revoked_balls=0 expired_views=0 evicted_views=119 radius=0.580 clearance=0.667 best_prefix=3.622
[depth_angular_controller-1] [INFO] [1790680705.172422011] [depth_angular_controller]: INTENT_DIRECT
[position_cmd_to_twist-2] [INFO] [1790680705.329893031] [position_cmd_to_twist]: [PERF BRIDGE] run=motion_cloud12 elapsed=54.83s received=1819 published=1812 fps(ros/wall)=45.56/44.17 controller_to_bridge_ms(mean/p50/p95/max)=10.106/0.000/33.333/150.000 bridge_process_ms(mean/p95/max)=0.105/0.134/3.183
[NAV] t=40.0s position=(-60.19,-6.26,5.58) yaw=275.5deg command=(0.09,-0.90,-0.40) manual_active=1 collision_blocks=0
[depth_angular_controller-1] [INFO] [1790680705.705894831] [depth_angular_controller]: PAPER_BUILD reason=READY required=0.6183 best=3.6217 free=222 refined=0 tubes=107 revoked_tubes=0 proofs=128
[depth_angular_controller-1] [INFO] [1790680705.775656762] [depth_angular_controller]: OUTSIDE_FLOW_BOX
[depth_angular_controller-1] [INFO] [1790680705.787846456] [depth_angular_controller]: INTENT_DIRECT
[depth_angular_controller-1] [INFO] [1790680705.805272667] [depth_angular_controller]: PAPER_EVIDENCE retained=32 balls=32 revoked_balls=0 expired_views=0 evicted_views=123 radius=0.580 clearance=0.500 best_prefix=3.622
[depth_angular_controller-1] [INFO] [1790680705.867741912] [depth_angular_controller]: OUTSIDE_FLOW_BOX
[depth_angular_controller-1] [INFO] [1790680705.882023031] [depth_angular_controller]: INTENT_DIRECT
[depth_angular_controller-1] [INFO] [1790680705.971498655] [depth_angular_controller]: OUTSIDE_FLOW_BOX
[depth_angular_controller-1] [INFO] [1790680705.988112712] [depth_angular_controller]: INTENT_DIRECT
[depth_angular_controller-1] [INFO] [1790680706.066986782] [depth_angular_controller]: OUTSIDE_FLOW_BOX
[depth_angular_controller-1] [INFO] [1790680706.081827431] [depth_angular_controller]: INTENT_DIRECT
[depth_angular_controller-1] [INFO] [1790680706.165558646] [depth_angular_controller]: OUTSIDE_FLOW_BOX
[depth_angular_controller-1] [INFO] [1790680706.179927670] [depth_angular_controller]: INTENT_DIRECT
[depth_angular_controller-1] [INFO] [1790680706.264157880] [depth_angular_controller]: OUTSIDE_FLOW_BOX
[depth_angular_controller-1] [INFO] [1790680706.276817296] [depth_angular_controller]: INTENT_DIRECT
[depth_angular_controller-1] [INFO] [1790680706.374934987] [depth_angular_controller]: OUTSIDE_FLOW_BOX
[depth_angular_controller-1] [INFO] [1790680706.388458835] [depth_angular_controller]: INTENT_DIRECT
[depth_angular_controller-1] [INFO] [1790680706.481916923] [depth_angular_controller]: OUTSIDE_FLOW_BOX
[depth_angular_controller-1] [INFO] [1790680706.491351948] [depth_angular_controller]: INTENT_DIRECT
[depth_angular_controller-1] [INFO] [1790680706.639854558] [depth_angular_controller]: OUTSIDE_FLOW_BOX
[depth_angular_controller-1] [INFO] [1790680706.652191609] [depth_angular_controller]: INTENT_DIRECT
[depth_angular_controller-1] [INFO] [1790680706.738953009] [depth_angular_controller]: OUTSIDE_FLOW_BOX
[depth_angular_controller-1] [INFO] [1790680706.738989017] [depth_angular_controller]: PAPER_BUILD reason=READY required=0.0320 best=3.6217 free=273 refined=0 tubes=108 revoked_tubes=0 proofs=128
[depth_angular_controller-1] [INFO] [1790680706.752495562] [depth_angular_controller]: INTENT_DIRECT
[depth_angular_controller-1] [INFO] [1790680706.814185516] [depth_angular_controller]: PAPER_EVIDENCE retained=32 balls=32 revoked_balls=0 expired_views=0 evicted_views=127 radius=0.580 clearance=0.500 best_prefix=3.622
[depth_angular_controller-1] [INFO] [1790680706.848494788] [depth_angular_controller]: OUTSIDE_FLOW_BOX
[depth_angular_controller-1] [INFO] [1790680706.860936696] [depth_angular_controller]: INTENT_DIRECT
[depth_angular_controller-1] [INFO] [1790680706.943209043] [depth_angular_controller]: OUTSIDE_FLOW_BOX
[depth_angular_controller-1] [INFO] [1790680706.956115292] [depth_angular_controller]: INTENT_DIRECT
[depth_angular_controller-1] [INFO] [1790680707.031335295] [depth_angular_controller]: OUTSIDE_FLOW_BOX
[depth_angular_controller-1] [INFO] [1790680707.051899093] [depth_angular_controller]: INTENT_DIRECT
[depth_angular_controller-1] [INFO] [1790680707.165336162] [depth_angular_controller]: OUTSIDE_FLOW_BOX
[depth_angular_controller-1] [INFO] [1790680707.179020922] [depth_angular_controller]: INTENT_DIRECT
[depth_angular_controller-1] [INFO] [1790680707.261703679] [depth_angular_controller]: OUTSIDE_FLOW_BOX
[depth_angular_controller-1] [INFO] [1790680707.274802950] [depth_angular_controller]: INTENT_DIRECT
[depth_angular_controller-1] [INFO] [1790680707.356531646] [depth_angular_controller]: OUTSIDE_FLOW_BOX
[depth_angular_controller-1] [INFO] [1790680707.371207516] [depth_angular_controller]: INTENT_DIRECT
[depth_angular_controller-1] [INFO] [1790680707.449781012] [depth_angular_controller]: OUTSIDE_FLOW_BOX
[depth_angular_controller-1] [INFO] [1790680707.463308337] [depth_angular_controller]: INTENT_DIRECT
[depth_angular_controller-1] [INFO] [1790680707.564903754] [depth_angular_controller]: OUTSIDE_FLOW_BOX
[depth_angular_controller-1] [INFO] [1790680707.579955248] [depth_angular_controller]: INTENT_DIRECT
[depth_angular_controller-1] [INFO] [1790680707.682476503] [depth_angular_controller]: TRACKING
[depth_angular_controller-1] [INFO] [1790680707.682920306] [depth_angular_controller]: PAPER_BUILD reason=READY required=0.0100 best=3.6217 free=251 refined=0 tubes=108 revoked_tubes=0 proofs=128
[depth_angular_controller-1] [INFO] [1790680707.697427729] [depth_angular_controller]: STATE_OUTSIDE_FREE_DOMAIN
[depth_angular_controller-1] [INFO] [1790680707.767695469] [depth_angular_controller]: TRACKING
[depth_angular_controller-1] [INFO] [1790680707.767727630] [depth_angular_controller]: PAPER_EVIDENCE retained=32 balls=32 revoked_balls=0 expired_views=0 evicted_views=131 radius=0.580 clearance=0.500 best_prefix=3.622
[depth_angular_controller-1] [INFO] [1790680708.035654694] [depth_angular_controller]: INTENT_DIRECT
[depth_angular_controller-1] [INFO] [1790680708.226705747] [depth_angular_controller]: OUTSIDE_FLOW_BOX
[depth_angular_controller-1] [INFO] [1790680708.239604222] [depth_angular_controller]: STATE_OUTSIDE_FREE_DOMAIN
[depth_angular_controller-1] [INFO] [1790680708.334762039] [depth_angular_controller]: OUTSIDE_FLOW_BOX
[depth_angular_controller-1] [INFO] [1790680708.525009875] [depth_angular_controller]: REFERENCE_INITIALIZATION
[depth_angular_controller-1] [INFO] [1790680708.536548919] [depth_angular_controller]: TRACKING
[depth_angular_controller-1] [INFO] [1790680708.657387917] [depth_angular_controller]: 3D guidance switched to view 1
[depth_angular_controller-1] [INFO] [1790680708.677622688] [depth_angular_controller]: PAPER_BUILD reason=READY required=0.0107 best=3.6217 free=251 refined=0 tubes=109 revoked_tubes=0 proofs=128
[depth_angular_controller-1] [INFO] [1790680708.724802182] [depth_angular_controller]: SINGULAR_FIELD
[depth_angular_controller-1] [INFO] [1790680708.738249937] [depth_angular_controller]: 3D guidance switched to view 0
[depth_angular_controller-1] [INFO] [1790680708.738966803] [depth_angular_controller]: REFERENCE_INITIALIZATION
[depth_angular_controller-1] [INFO] [1790680708.831407931] [depth_angular_controller]: PAPER_EVIDENCE retained=32 balls=32 revoked_balls=0 expired_views=0 evicted_views=132 radius=0.580 clearance=0.500 best_prefix=3.622
[depth_angular_controller-1] [INFO] [1790680708.877901027] [depth_angular_controller]: SINGULAR_FIELD
[depth_angular_controller-1] [INFO] [1790680708.892182116] [depth_angular_controller]: REFERENCE_INITIALIZATION
[depth_angular_controller-1] [INFO] [1790680708.968729690] [depth_angular_controller]: SINGULAR_FIELD
[depth_angular_controller-1] [INFO] [1790680708.983007503] [depth_angular_controller]: REFERENCE_INITIALIZATION
[depth_angular_controller-1] [INFO] [1790680709.075635202] [depth_angular_controller]: SINGULAR_FIELD
[depth_angular_controller-1] [INFO] [1790680709.086432824] [depth_angular_controller]: REFERENCE_INITIALIZATION
[depth_angular_controller-1] [INFO] [1790680709.171686966] [depth_angular_controller]: SINGULAR_FIELD
[depth_angular_controller-1] [INFO] [1790680709.186500675] [depth_angular_controller]: STATE_OUTSIDE_FREE_DOMAIN
[depth_angular_controller-1] [INFO] [1790680709.243989264] [depth_angular_controller]: INTENT_DIRECT
[depth_angular_controller-1] [INFO] [1790680709.287520712] [depth_angular_controller]: TRACKING
[depth_angular_controller-1] [INFO] [1790680709.401902544] [depth_angular_controller]: [PERF CTRL] run=motion_cloud12 elapsed=58.91s callbacks=2014 commands=2013 guidance=1963 command_fps(ros/wall)=45.71/44.63 guidance_wall_fps=44.35 avoid_ms(mean/p50/p95/max)=4.437/0.156/23.288/148.372 cycle_ms(mean/p95/max)=22.406/49.616/176.522 depth_to_cmd_ms(mean/p95/max)=25.887/33.333/50.000 callback_to_publish_ms(mean/p95/max)=15.357/35.777/162.897
[depth_angular_controller-1] [INFO] [1790680709.499949232] [depth_angular_controller]: INTENT_DIRECT
[depth_angular_controller-1] [INFO] [1790680709.685880328] [depth_angular_controller]: PAPER_BUILD reason=READY required=0.1057 best=3.6217 free=249 refined=0 tubes=111 revoked_tubes=0 proofs=128
[depth_angular_controller-1] [INFO] [1790680709.798398371] [depth_angular_controller]: PAPER_EVIDENCE retained=32 balls=32 revoked_balls=0 expired_views=0 evicted_views=136 radius=0.580 clearance=0.500 best_prefix=3.622
[depth_angular_controller-1] [INFO] [1790680710.210957563] [depth_angular_controller]: OUTSIDE_FLOW_BOX
[depth_angular_controller-1] [INFO] [1790680710.224572051] [depth_angular_controller]: STATE_OUTSIDE_FREE_DOMAIN
[position_cmd_to_twist-2] [INFO] [1790680710.241256820] [position_cmd_to_twist]: [PERF BRIDGE] run=motion_cloud12 elapsed=59.74s received=2056 published=2049 fps(ros/wall)=45.77/44.61 controller_to_bridge_ms(mean/p50/p95/max)=9.963/0.000/33.333/150.000 bridge_process_ms(mean/p95/max)=0.105/0.135/3.183
[depth_angular_controller-1] [INFO] [1790680710.304589516] [depth_angular_controller]: OUTSIDE_FLOW_BOX
[NAV] t=45.0s position=(-60.17,-7.74,5.24) yaw=265.0deg command=(-0.07,-0.79,0.01) manual_active=1 collision_blocks=0
[depth_angular_controller-1] [INFO] [1790680710.695238492] [depth_angular_controller]: PAPER_BUILD reason=READY required=0.1949 best=3.6217 free=249 refined=0 tubes=112 revoked_tubes=0 proofs=128
[depth_angular_controller-1] [INFO] [1790680710.880774246] [depth_angular_controller]: PAPER_EVIDENCE retained=32 balls=32 revoked_balls=0 expired_views=0 evicted_views=140 radius=0.580 clearance=0.000 best_prefix=3.622
[depth_angular_controller-1] [INFO] [1790680711.068752173] [depth_angular_controller]: REFERENCE_INITIALIZATION
[depth_angular_controller-1] [INFO] [1790680711.098671257] [depth_angular_controller]: TRACKING
[depth_angular_controller-1] [INFO] [1790680711.141984135] [depth_angular_controller]: REFERENCE_INITIALIZATION
[depth_angular_controller-1] [INFO] [1790680711.159082721] [depth_angular_controller]: TRACKING
[depth_angular_controller-1] [INFO] [1790680711.206388021] [depth_angular_controller]: 3D guidance switched to view 1
[depth_angular_controller-1] [INFO] [1790680711.232292282] [depth_angular_controller]: SINGULAR_FIELD
[depth_angular_controller-1] [INFO] [1790680711.244892486] [depth_angular_controller]: 3D guidance switched to view 0
[depth_angular_controller-1] [INFO] [1790680711.245220201] [depth_angular_controller]: REFERENCE_INITIALIZATION
[depth_angular_controller-1] [INFO] [1790680711.321648341] [depth_angular_controller]: SINGULAR_FIELD
[depth_angular_controller-1] [INFO] [1790680711.346713848] [depth_angular_controller]: REFERENCE_INITIALIZATION
[depth_angular_controller-1] [INFO] [1790680711.365753987] [depth_angular_controller]: STATE_OUTSIDE_FREE_DOMAIN
[depth_angular_controller-1] [INFO] [1790680711.380779663] [depth_angular_controller]: REFERENCE_INITIALIZATION
[depth_angular_controller-1] [INFO] [1790680711.439108810] [depth_angular_controller]: TRACKING
[depth_angular_controller-1] [INFO] [1790680711.515996222] [depth_angular_controller]: OUTSIDE_FLOW_BOX
[depth_angular_controller-1] [INFO] [1790680711.545105145] [depth_angular_controller]: TRACKING
[depth_angular_controller-1] [INFO] [1790680711.719837817] [depth_angular_controller]: OUTSIDE_FLOW_BOX
[depth_angular_controller-1] [INFO] [1790680711.733621363] [depth_angular_controller]: TRACKING
[depth_angular_controller-1] [INFO] [1790680711.769624353] [depth_angular_controller]: PAPER_BUILD reason=READY required=0.0130 best=3.6217 free=247 refined=0 tubes=113 revoked_tubes=0 proofs=128
[depth_angular_controller-1] [INFO] [1790680711.906498442] [depth_angular_controller]: PAPER_EVIDENCE retained=32 balls=32 revoked_balls=0 expired_views=0 evicted_views=144 radius=0.580 clearance=0.500 best_prefix=3.622
[depth_angular_controller-1] [INFO] [1790680712.529557213] [depth_angular_controller]: OUTSIDE_FLOW_BOX
[depth_angular_controller-1] [INFO] [1790680712.544655836] [depth_angular_controller]: TRACKING
[depth_angular_controller-1] [INFO] [1790680712.620407126] [depth_angular_controller]: OUTSIDE_FLOW_BOX
[depth_angular_controller-1] [INFO] [1790680712.634242348] [depth_angular_controller]: STATE_OUTSIDE_FREE_DOMAIN
[depth_angular_controller-1] [INFO] [1790680712.719952977] [depth_angular_controller]: TRACKING
[depth_angular_controller-1] [INFO] [1790680712.732978650] [depth_angular_controller]: PAPER_BUILD reason=READY required=0.2792 best=3.6217 free=248 refined=0 tubes=114 revoked_tubes=0 proofs=128
[depth_angular_controller-1] [INFO] [1790680712.856567308] [depth_angular_controller]: PAPER_EVIDENCE retained=32 balls=32 revoked_balls=0 expired_views=0 evicted_views=148 radius=0.580 clearance=0.500 best_prefix=3.622
[depth_angular_controller-1] [INFO] [1790680713.207533638] [depth_angular_controller]: OUTSIDE_FLOW_BOX
[depth_angular_controller-1] [INFO] [1790680713.221546845] [depth_angular_controller]: TRACKING
[depth_angular_controller-1] [INFO] [1790680713.298168758] [depth_angular_controller]: OUTSIDE_FLOW_BOX
[depth_angular_controller-1] [INFO] [1790680713.315022745] [depth_angular_controller]: STATE_OUTSIDE_FREE_DOMAIN
[depth_angular_controller-1] [INFO] [1790680713.451590069] [depth_angular_controller]: OUTSIDE_FLOW_BOX
[depth_angular_controller-1] [INFO] [1790680713.690195309] [depth_angular_controller]: INTENT_DIRECT
[depth_angular_controller-1] [INFO] [1790680713.721922226] [depth_angular_controller]: TRACKING
[depth_angular_controller-1] [INFO] [1790680713.849063371] [depth_angular_controller]: PAPER_BUILD reason=READY required=0.0102 best=3.6217 free=273 refined=0 tubes=114 revoked_tubes=0 proofs=128
[depth_angular_controller-1] [INFO] [1790680713.894162811] [depth_angular_controller]: OUTSIDE_FLOW_BOX
[depth_angular_controller-1] [INFO] [1790680713.908736169] [depth_angular_controller]: STATE_OUTSIDE_FREE_DOMAIN
[depth_angular_controller-1] [INFO] [1790680714.029127236] [depth_angular_controller]: PAPER_EVIDENCE retained=32 balls=32 revoked_balls=0 expired_views=0 evicted_views=149 radius=0.580 clearance=0.000 best_prefix=3.622
[depth_angular_controller-1] [INFO] [1790680714.072687018] [depth_angular_controller]: TARGET_HOLD
[depth_angular_controller-1] [INFO] [1790680714.271506008] [depth_angular_controller]: OUTSIDE_FLOW_BOX
[depth_angular_controller-1] [INFO] [1790680714.285624302] [depth_angular_controller]: TARGET_HOLD
[depth_angular_controller-1] [INFO] [1790680714.367039650] [depth_angular_controller]: OUTSIDE_FLOW_BOX
[depth_angular_controller-1] [INFO] [1790680714.383026991] [depth_angular_controller]: TARGET_HOLD
[depth_angular_controller-1] [INFO] [1790680714.407831307] [depth_angular_controller]: [PERF CTRL] run=motion_cloud12 elapsed=63.92s callbacks=2250 commands=2249 guidance=2199 command_fps(ros/wall)=46.02/44.88 guidance_wall_fps=44.64 avoid_ms(mean/p50/p95/max)=4.261/0.143/22.761/148.372 cycle_ms(mean/p95/max)=22.281/49.616/176.522 depth_to_cmd_ms(mean/p95/max)=25.868/33.333/50.000 callback_to_publish_ms(mean/p95/max)=15.380/34.966/162.897
[depth_angular_controller-1] [INFO] [1790680714.482749544] [depth_angular_controller]: OUTSIDE_FLOW_BOX
[depth_angular_controller-1] [INFO] [1790680714.501593886] [depth_angular_controller]: TARGET_HOLD
[depth_angular_controller-1] [INFO] [1790680714.579037021] [depth_angular_controller]: OUTSIDE_FLOW_BOX
[depth_angular_controller-1] [INFO] [1790680714.596549133] [depth_angular_controller]: TARGET_HOLD
[depth_angular_controller-1] [INFO] [1790680714.672377106] [depth_angular_controller]: OUTSIDE_FLOW_BOX
[depth_angular_controller-1] [INFO] [1790680714.688617823] [depth_angular_controller]: TARGET_HOLD
[depth_angular_controller-1] [INFO] [1790680714.788355003] [depth_angular_controller]: OUTSIDE_FLOW_BOX
[depth_angular_controller-1] [INFO] [1790680714.807113033] [depth_angular_controller]: TRACKING
[depth_angular_controller-1] [INFO] [1790680714.840147323] [depth_angular_controller]: PAPER_BUILD reason=READY required=0.0138 best=3.6217 free=238 refined=0 tubes=115 revoked_tubes=0 proofs=128
[depth_angular_controller-1] [INFO] [1790680714.879769185] [depth_angular_controller]: OUTSIDE_FLOW_BOX
[depth_angular_controller-1] [INFO] [1790680714.896602383] [depth_angular_controller]: TRACKING
[depth_angular_controller-1] [INFO] [1790680714.977464383] [depth_angular_controller]: TARGET_HOLD
[depth_angular_controller-1] [INFO] [1790680714.977866818] [depth_angular_controller]: PAPER_EVIDENCE retained=32 balls=32 revoked_balls=0 expired_views=0 evicted_views=153 radius=0.580 clearance=0.500 best_prefix=3.622
[depth_angular_controller-1] [INFO] [1790680715.236926903] [depth_angular_controller]: OUTSIDE_FLOW_BOX
[depth_angular_controller-1] [INFO] [1790680715.252209682] [depth_angular_controller]: STATE_OUTSIDE_FREE_DOMAIN
[depth_angular_controller-1] [INFO] [1790680715.331018199] [depth_angular_controller]: OUTSIDE_FLOW_BOX
[depth_angular_controller-1] [INFO] [1790680715.401690868] [depth_angular_controller]: REFERENCE_INITIALIZATION
[depth_angular_controller-1] [INFO] [1790680715.431162473] [depth_angular_controller]: TARGET_HOLD
[position_cmd_to_twist-2] [INFO] [1790680715.447540577] [position_cmd_to_twist]: [PERF BRIDGE] run=motion_cloud12 elapsed=64.95s received=2300 published=2293 fps(ros/wall)=46.10/44.84 controller_to_bridge_ms(mean/p50/p95/max)=9.993/0.000/33.333/150.000 bridge_process_ms(mean/p95/max)=0.107/0.135/3.383
[NAV] t=50.0s position=(-60.07,-8.46,4.69) yaw=253.0deg command=(-0.01,-0.01,-0.01) manual_active=1 collision_blocks=0
[depth_angular_controller-1] [INFO] [1790680715.597195159] [depth_angular_controller]: TRACKING
[depth_angular_controller-1] [INFO] [1790680716.026453897] [depth_angular_controller]: PAPER_BUILD reason=READY required=0.1032 best=3.6217 free=274 refined=0 tubes=116 revoked_tubes=0 proofs=128
[depth_angular_controller-1] [INFO] [1790680716.155141834] [depth_angular_controller]: PAPER_EVIDENCE retained=32 balls=32 revoked_balls=0 expired_views=0 evicted_views=157 radius=0.580 clearance=0.500 best_prefix=3.622
[depth_angular_controller-1] [INFO] [1790680717.037003638] [depth_angular_controller]: PAPER_BUILD reason=READY required=0.6029 best=3.6217 free=246 refined=0 tubes=117 revoked_tubes=0 proofs=128
[depth_angular_controller-1] [INFO] [1790680717.101716804] [depth_angular_controller]: TARGET_HOLD
[depth_angular_controller-1] [INFO] [1790680717.172417677] [depth_angular_controller]: PAPER_EVIDENCE retained=32 balls=32 revoked_balls=0 expired_views=0 evicted_views=161 radius=0.580 clearance=0.667 best_prefix=3.622
[depth_angular_controller-1] [INFO] [1790680717.990456324] [depth_angular_controller]: PAPER_BUILD reason=READY required=0.6209 best=3.6217 free=216 refined=0 tubes=119 revoked_tubes=0 proofs=128
[depth_angular_controller-1] [INFO] [1790680718.117910486] [depth_angular_controller]: PAPER_EVIDENCE retained=32 balls=32 revoked_balls=0 expired_views=0 evicted_views=165 radius=0.580 clearance=0.667 best_prefix=3.622
[depth_angular_controller-1] [INFO] [1790680718.211295586] [depth_angular_controller]: OUTSIDE_FLOW_BOX
[depth_angular_controller-1] [INFO] [1790680718.228859275] [depth_angular_controller]: STATE_OUTSIDE_FREE_DOMAIN
[depth_angular_controller-1] [INFO] [1790680718.321488236] [depth_angular_controller]: OUTSIDE_FLOW_BOX
[depth_angular_controller-1] [INFO] [1790680718.998560806] [depth_angular_controller]: PAPER_BUILD reason=READY required=0.0475 best=3.6217 free=180 refined=0 tubes=121 revoked_tubes=0 proofs=128
[depth_angular_controller-1] [INFO] [1790680719.124192748] [depth_angular_controller]: TARGET_HOLD
[depth_angular_controller-1] [INFO] [1790680719.124231852] [depth_angular_controller]: PAPER_EVIDENCE retained=32 balls=32 revoked_balls=0 expired_views=0 evicted_views=169 radius=0.580 clearance=0.500 best_prefix=3.622
[depth_angular_controller-1] [INFO] [1790680719.270945214] [depth_angular_controller]: OUTSIDE_FLOW_BOX
[depth_angular_controller-1] [INFO] [1790680719.287831151] [depth_angular_controller]: STATE_OUTSIDE_FREE_DOMAIN
[depth_angular_controller-1] [INFO] [1790680719.408631016] [depth_angular_controller]: [PERF CTRL] run=motion_cloud12 elapsed=68.92s callbacks=2474 commands=2473 guidance=2423 command_fps(ros/wall)=45.99/44.87 guidance_wall_fps=44.65 avoid_ms(mean/p50/p95/max)=4.227/0.138/22.738/148.372 cycle_ms(mean/p95/max)=22.285/49.115/176.522 depth_to_cmd_ms(mean/p95/max)=25.623/33.333/50.000 callback_to_publish_ms(mean/p95/max)=15.674/35.373/162.897
[depth_angular_controller-1] [INFO] [1790680719.408690869] [depth_angular_controller]: TARGET_HOLD
[depth_angular_controller-1] [INFO] [1790680719.635241428] [depth_angular_controller]: OUTSIDE_FLOW_BOX
[depth_angular_controller-1] [INFO] [1790680719.652052475] [depth_angular_controller]: STATE_OUTSIDE_FREE_DOMAIN
[depth_angular_controller-1] [INFO] [1790680719.793327432] [depth_angular_controller]: OUTSIDE_FLOW_BOX
[depth_angular_controller-1] [INFO] [1790680719.809219985] [depth_angular_controller]: TARGET_HOLD
[depth_angular_controller-1] [INFO] [1790680719.915320306] [depth_angular_controller]: TRACKING
[depth_angular_controller-1] [INFO] [1790680720.014238459] [depth_angular_controller]: TARGET_HOLD
[depth_angular_controller-1] [INFO] [1790680720.050152974] [depth_angular_controller]: PAPER_BUILD reason=READY required=0.0181 best=3.6217 free=193 refined=0 tubes=122 revoked_tubes=0 proofs=128
[depth_angular_controller-1] [INFO] [1790680720.163427357] [depth_angular_controller]: PAPER_EVIDENCE retained=32 balls=32 revoked_balls=0 expired_views=0 evicted_views=173 radius=0.580 clearance=0.500 best_prefix=3.622
[position_cmd_to_twist-2] [INFO] [1790680720.572283048] [position_cmd_to_twist]: [PERF BRIDGE] run=motion_cloud12 elapsed=70.07s received=2516 published=2509 fps(ros/wall)=45.82/44.60 controller_to_bridge_ms(mean/p50/p95/max)=10.665/0.000/33.333/150.000 bridge_process_ms(mean/p95/max)=0.107/0.135/3.383
[NAV] t=55.0s position=(-61.40,-10.65,3.52) yaw=234.3deg command=(-0.46,-0.64,-0.15) manual_active=1 collision_blocks=0
[depth_angular_controller-1] [INFO] [1790680720.937270790] [depth_angular_controller]: OUTSIDE_FLOW_BOX
[depth_angular_controller-1] [INFO] [1790680720.956147483] [depth_angular_controller]: STATE_OUTSIDE_FREE_DOMAIN
[depth_angular_controller-1] [INFO] [1790680721.028357898] [depth_angular_controller]: OUTSIDE_FLOW_BOX
[depth_angular_controller-1] [INFO] [1790680721.028392573] [depth_angular_controller]: PAPER_BUILD reason=READY required=0.5578 best=3.6217 free=187 refined=0 tubes=123 revoked_tubes=0 proofs=128
[depth_angular_controller-1] [INFO] [1790680721.169905888] [depth_angular_controller]: PAPER_EVIDENCE retained=32 balls=32 revoked_balls=0 expired_views=0 evicted_views=177 radius=0.580 clearance=0.000 best_prefix=3.622
[depth_angular_controller-1] [INFO] [1790680721.880666043] [depth_angular_controller]: TARGET_HOLD
[depth_angular_controller-1] [INFO] [1790680722.081629858] [depth_angular_controller]: PAPER_BUILD reason=READY required=0.0140 best=3.6217 free=226 refined=0 tubes=124 revoked_tubes=0 proofs=128
[depth_angular_controller-1] [INFO] [1790680722.126844195] [depth_angular_controller]: OUTSIDE_FLOW_BOX
[depth_angular_controller-1] [INFO] [1790680722.145853476] [depth_angular_controller]: STATE_OUTSIDE_FREE_DOMAIN
[depth_angular_controller-1] [INFO] [1790680722.164648185] [depth_angular_controller]: PAPER_EVIDENCE retained=32 balls=32 revoked_balls=0 expired_views=0 evicted_views=181 radius=0.580 clearance=0.000 best_prefix=3.622
[depth_angular_controller-1] [INFO] [1790680722.224474151] [depth_angular_controller]: OUTSIDE_FLOW_BOX
[depth_angular_controller-1] [INFO] [1790680722.354789742] [depth_angular_controller]: TRACKING
[depth_angular_controller-1] [INFO] [1790680722.603252290] [depth_angular_controller]: OUTSIDE_FLOW_BOX
[depth_angular_controller-1] [INFO] [1790680722.619558880] [depth_angular_controller]: STATE_OUTSIDE_FREE_DOMAIN
[depth_angular_controller-1] [INFO] [1790680722.700560723] [depth_angular_controller]: OUTSIDE_FLOW_BOX
[depth_angular_controller-1] [INFO] [1790680722.716925843] [depth_angular_controller]: REFERENCE_INITIALIZATION
[depth_angular_controller-1] [INFO] [1790680722.736267829] [depth_angular_controller]: TRACKING
[depth_angular_controller-1] [INFO] [1790680722.786132050] [depth_angular_controller]: REFERENCE_INITIALIZATION
[depth_angular_controller-1] [INFO] [1790680722.798108765] [depth_angular_controller]: TRACKING
[depth_angular_controller-1] [INFO] [1790680723.134020956] [depth_angular_controller]: PAPER_BUILD reason=READY required=0.0654 best=3.6217 free=194 refined=0 tubes=126 revoked_tubes=0 proofs=128
[depth_angular_controller-1] [INFO] [1790680723.202888979] [depth_angular_controller]: PAPER_EVIDENCE retained=32 balls=32 revoked_balls=0 expired_views=0 evicted_views=185 radius=0.580 clearance=0.500 best_prefix=3.622
[depth_angular_controller-1] [INFO] [1790680724.081979913] [depth_angular_controller]: PAPER_BUILD reason=READY required=0.6004 best=3.6217 free=219 refined=0 tubes=127 revoked_tubes=0 proofs=128
[depth_angular_controller-1] [INFO] [1790680724.156825653] [depth_angular_controller]: PAPER_EVIDENCE retained=32 balls=32 revoked_balls=0 expired_views=0 evicted_views=189 radius=0.580 clearance=0.667 best_prefix=3.622
[depth_angular_controller-1] [INFO] [1790680724.413973319] [depth_angular_controller]: [PERF CTRL] run=motion_cloud12 elapsed=73.92s callbacks=2669 commands=2668 guidance=2618 command_fps(ros/wall)=45.41/44.38 guidance_wall_fps=44.17 avoid_ms(mean/p50/p95/max)=4.429/0.137/23.918/148.372 cycle_ms(mean/p95/max)=22.532/50.310/176.522 depth_to_cmd_ms(mean/p95/max)=25.312/33.333/50.000 callback_to_publish_ms(mean/p95/max)=16.179/36.885/162.897
[depth_angular_controller-1] [INFO] [1790680724.494448303] [depth_angular_controller]: INTENT_DIRECT
[depth_angular_controller-1] [INFO] [1790680725.053272155] [depth_angular_controller]: TRACKING
[depth_angular_controller-1] [INFO] [1790680725.150118230] [depth_angular_controller]: PAPER_BUILD reason=READY required=0.6210 best=3.6217 free=245 refined=0 tubes=129 revoked_tubes=0 proofs=128
[depth_angular_controller-1] [INFO] [1790680725.241796798] [depth_angular_controller]: PAPER_EVIDENCE retained=32 balls=32 revoked_balls=0 expired_views=0 evicted_views=193 radius=0.580 clearance=0.667 best_prefix=3.622
[depth_angular_controller-1] [INFO] [1790680725.496916779] [depth_angular_controller]: OUTSIDE_FLOW_BOX
[depth_angular_controller-1] [INFO] [1790680725.511240829] [depth_angular_controller]: STATE_OUTSIDE_FREE_DOMAIN
[depth_angular_controller-1] [INFO] [1790680725.598967310] [depth_angular_controller]: OUTSIDE_FLOW_BOX
[position_cmd_to_twist-2] [INFO] [1790680725.694074512] [position_cmd_to_twist]: [PERF BRIDGE] run=motion_cloud12 elapsed=75.19s received=2714 published=2707 fps(ros/wall)=45.33/44.12 controller_to_bridge_ms(mean/p50/p95/max)=11.330/16.667/33.333/150.000 bridge_process_ms(mean/p95/max)=0.107/0.135/3.383
[NAV] t=60.0s position=(-63.31,-12.98,3.39) yaw=234.1deg command=(-0.39,-0.53,0.03) manual_active=1 collision_blocks=0
[depth_angular_controller-1] [INFO] [1790680725.888546796] [depth_angular_controller]: INTENT_REVERSAL_BRAKE
[depth_angular_controller-1] [INFO] [1790680726.220111388] [depth_angular_controller]: PAPER_BUILD reason= required=0.0000 best=0.0000 free=0 refined=0 tubes=131 revoked_tubes=0 proofs=128
[depth_angular_controller-1] [INFO] [1790680726.318073838] [depth_angular_controller]: PAPER_EVIDENCE retained=32 balls=32 revoked_balls=0 expired_views=0 evicted_views=197 radius=0.580 clearance=0.000 best_prefix=3.622
[depth_angular_controller-1] [INFO] [1790680726.365552654] [depth_angular_controller]: 3D guidance switched to view 1
[depth_angular_controller-1] [INFO] [1790680726.390471294] [depth_angular_controller]: TARGET_HOLD
[depth_angular_controller-1] [INFO] [1790680726.502717488] [depth_angular_controller]: 3D guidance switched to view 2
[depth_angular_controller-1] [INFO] [1790680726.880738728] [depth_angular_controller]: 3D guidance switched to view 1
[depth_angular_controller-1] [INFO] [1790680727.223981805] [depth_angular_controller]: PAPER_BUILD reason=READY required=0.2914 best=3.6217 free=172 refined=0 tubes=132 revoked_tubes=0 proofs=128
[depth_angular_controller-1] [INFO] [1790680727.318242618] [depth_angular_controller]: PAPER_EVIDENCE retained=32 balls=32 revoked_balls=0 expired_views=0 evicted_views=201 radius=0.580 clearance=0.667 best_prefix=3.622
[depth_angular_controller-1] [INFO] [1790680728.198983689] [depth_angular_controller]: REFERENCE_INITIALIZATION
[depth_angular_controller-1] [INFO] [1790680728.268420699] [depth_angular_controller]: 3D guidance switched to view 0
[depth_angular_controller-1] [INFO] [1790680728.301527636] [depth_angular_controller]: TARGET_HOLD
[depth_angular_controller-1] [INFO] [1790680728.397593627] [depth_angular_controller]: REFERENCE_INITIALIZATION
[depth_angular_controller-1] [INFO] [1790680728.397632329] [depth_angular_controller]: PAPER_BUILD reason=READY required=0.6187 best=3.6217 free=150 refined=0 tubes=134 revoked_tubes=0 proofs=128
[depth_angular_controller-1] [INFO] [1790680728.455812777] [depth_angular_controller]: TRACKING
[depth_angular_controller-1] [INFO] [1790680728.504084140] [depth_angular_controller]: REFERENCE_INITIALIZATION
[depth_angular_controller-1] [INFO] [1790680728.504125417] [depth_angular_controller]: PAPER_EVIDENCE retained=32 balls=32 revoked_balls=0 expired_views=0 evicted_views=205 radius=0.580 clearance=0.667 best_prefix=3.622
[depth_angular_controller-1] [INFO] [1790680728.519867618] [depth_angular_controller]: TRACKING
[depth_angular_controller-1] [INFO] [1790680728.623891993] [depth_angular_controller]: OUTSIDE_FLOW_BOX
[depth_angular_controller-1] [INFO] [1790680728.641554257] [depth_angular_controller]: TRACKING
[depth_angular_controller-1] [INFO] [1790680728.718979208] [depth_angular_controller]: OUTSIDE_FLOW_BOX
[depth_angular_controller-1] [INFO] [1790680728.734207314] [depth_angular_controller]: TRACKING
[depth_angular_controller-1] [INFO] [1790680728.814708767] [depth_angular_controller]: OUTSIDE_FLOW_BOX
[depth_angular_controller-1] [INFO] [1790680728.831773099] [depth_angular_controller]: TRACKING
[depth_angular_controller-1] [INFO] [1790680728.920097052] [depth_angular_controller]: OUTSIDE_FLOW_BOX
[depth_angular_controller-1] [INFO] [1790680728.935081521] [depth_angular_controller]: TRACKING
[depth_angular_controller-1] [INFO] [1790680729.011356974] [depth_angular_controller]: OUTSIDE_FLOW_BOX
[depth_angular_controller-1] [INFO] [1790680729.026835981] [depth_angular_controller]: TRACKING
[depth_angular_controller-1] [INFO] [1790680729.100340224] [depth_angular_controller]: OUTSIDE_FLOW_BOX
[depth_angular_controller-1] [INFO] [1790680729.122303209] [depth_angular_controller]: TRACKING
[depth_angular_controller-1] [INFO] [1790680729.232572072] [depth_angular_controller]: OUTSIDE_FLOW_BOX
[depth_angular_controller-1] [INFO] [1790680729.250394286] [depth_angular_controller]: TRACKING
[depth_angular_controller-1] [INFO] [1790680729.331595974] [depth_angular_controller]: OUTSIDE_FLOW_BOX
[depth_angular_controller-1] [INFO] [1790680729.348418402] [depth_angular_controller]: TARGET_HOLD
[depth_angular_controller-1] [INFO] [1790680729.348451313] [depth_angular_controller]: PAPER_BUILD reason=READY required=0.0677 best=3.6217 free=149 refined=0 tubes=135 revoked_tubes=0 proofs=128
[depth_angular_controller-1] [INFO] [1790680729.426653232] [depth_angular_controller]: [PERF CTRL] run=motion_cloud12 elapsed=78.93s callbacks=2884 commands=2883 guidance=2833 command_fps(ros/wall)=45.42/44.27 guidance_wall_fps=44.07 avoid_ms(mean/p50/p95/max)=4.413/0.137/23.946/148.372 cycle_ms(mean/p95/max)=22.591/51.356/176.522 depth_to_cmd_ms(mean/p95/max)=25.109/33.333/66.667 callback_to_publish_ms(mean/p95/max)=16.297/37.072/162.897
[depth_angular_controller-1] [INFO] [1790680729.426737430] [depth_angular_controller]: OUTSIDE_FLOW_BOX
[depth_angular_controller-1] [INFO] [1790680729.444473993] [depth_angular_controller]: TARGET_HOLD
[depth_angular_controller-1] [INFO] [1790680729.444506043] [depth_angular_controller]: PAPER_EVIDENCE retained=32 balls=32 revoked_balls=0 expired_views=0 evicted_views=209 radius=0.580 clearance=0.500 best_prefix=3.622
[depth_angular_controller-1] [INFO] [1790680729.527954988] [depth_angular_controller]: OUTSIDE_FLOW_BOX
[depth_angular_controller-1] [INFO] [1790680729.548450759] [depth_angular_controller]: TARGET_HOLD
[depth_angular_controller-1] [INFO] [1790680729.629981204] [depth_angular_controller]: OUTSIDE_FLOW_BOX
[depth_angular_controller-1] [INFO] [1790680729.644890551] [depth_angular_controller]: TARGET_HOLD
[depth_angular_controller-1] [INFO] [1790680729.726701623] [depth_angular_controller]: OUTSIDE_FLOW_BOX
[depth_angular_controller-1] [INFO] [1790680729.741239754] [depth_angular_controller]: TRACKING
[depth_angular_controller-1] [INFO] [1790680729.819376290] [depth_angular_controller]: OUTSIDE_FLOW_BOX
[depth_angular_controller-1] [INFO] [1790680729.836841544] [depth_angular_controller]: TRACKING
[depth_angular_controller-1] [INFO] [1790680729.929267544] [depth_angular_controller]: OUTSIDE_FLOW_BOX
[depth_angular_controller-1] [INFO] [1790680729.946240044] [depth_angular_controller]: TARGET_HOLD
[depth_angular_controller-1] [INFO] [1790680730.048242154] [depth_angular_controller]: OUTSIDE_FLOW_BOX
[depth_angular_controller-1] [INFO] [1790680730.063374681] [depth_angular_controller]: TARGET_HOLD
[depth_angular_controller-1] [INFO] [1790680730.132658945] [depth_angular_controller]: OUTSIDE_FLOW_BOX
[depth_angular_controller-1] [INFO] [1790680730.146945284] [depth_angular_controller]: TARGET_HOLD
[depth_angular_controller-1] [INFO] [1790680730.242919242] [depth_angular_controller]: OUTSIDE_FLOW_BOX
[depth_angular_controller-1] [INFO] [1790680730.262364412] [depth_angular_controller]: TARGET_HOLD
[depth_angular_controller-1] [INFO] [1790680730.298796979] [depth_angular_controller]: PAPER_BUILD reason=READY required=0.0129 best=3.6217 free=138 refined=0 tubes=135 revoked_tubes=0 proofs=128
[depth_angular_controller-1] [INFO] [1790680730.370047423] [depth_angular_controller]: OUTSIDE_FLOW_BOX
[depth_angular_controller-1] [INFO] [1790680730.384681775] [depth_angular_controller]: TARGET_HOLD
[depth_angular_controller-1] [INFO] [1790680730.384710839] [depth_angular_controller]: PAPER_EVIDENCE retained=32 balls=32 revoked_balls=0 expired_views=0 evicted_views=213 radius=0.580 clearance=0.500 best_prefix=3.622
[depth_angular_controller-1] [INFO] [1790680730.478573656] [depth_angular_controller]: OUTSIDE_FLOW_BOX
[depth_angular_controller-1] [INFO] [1790680730.493376243] [depth_angular_controller]: TARGET_HOLD
[depth_angular_controller-1] [INFO] [1790680730.654528872] [depth_angular_controller]: OUTSIDE_FLOW_BOX
[depth_angular_controller-1] [INFO] [1790680730.671561704] [depth_angular_controller]: TARGET_HOLD
[depth_angular_controller-1] [INFO] [1790680730.883292414] [depth_angular_controller]: OUTSIDE_FLOW_BOX
[depth_angular_controller-1] [INFO] [1790680730.898349620] [depth_angular_controller]: REFERENCE_INITIALIZATION
[depth_angular_controller-1] [INFO] [1790680730.914163425] [depth_angular_controller]: TARGET_HOLD
[position_cmd_to_twist-2] [INFO] [1790680730.960068267] [position_cmd_to_twist]: [PERF BRIDGE] run=motion_cloud12 elapsed=80.46s received=2947 published=2940 fps(ros/wall)=45.40/44.11 controller_to_bridge_ms(mean/p50/p95/max)=11.447/16.667/33.333/150.000 bridge_process_ms(mean/p95/max)=0.107/0.135/3.383
[depth_angular_controller-1] [INFO] [1790680730.996690199] [depth_angular_controller]: STATE_OUTSIDE_FREE_DOMAIN
[NAV] t=65.0s position=(-61.85,-11.94,3.23) yaw=384.0deg command=(0.00,0.00,-0.00) manual_active=1 collision_blocks=0
[depth_angular_controller-1] [INFO] [1790680731.029624111] [depth_angular_controller]: TARGET_HOLD
[depth_angular_controller-1] [INFO] [1790680731.487210988] [depth_angular_controller]: PAPER_BUILD reason=READY required=0.0674 best=3.6217 free=100 refined=0 tubes=136 revoked_tubes=0 proofs=128
[depth_angular_controller-1] [INFO] [1790680731.603471044] [depth_angular_controller]: PAPER_EVIDENCE retained=32 balls=32 revoked_balls=0 expired_views=0 evicted_views=218 radius=0.580 clearance=0.500 best_prefix=3.622
[depth_angular_controller-1] [INFO] [1790680732.113637127] [depth_angular_controller]: SINGULAR_FIELD
[depth_angular_controller-1] [INFO] [1790680732.133432474] [depth_angular_controller]: STATE_OUTSIDE_FREE_DOMAIN
[depth_angular_controller-1] [INFO] [1790680732.207354601] [depth_angular_controller]: SINGULAR_FIELD
[depth_angular_controller-1] [INFO] [1790680732.404023497] [depth_angular_controller]: STATE_OUTSIDE_FREE_DOMAIN
[depth_angular_controller-1] [INFO] [1790680732.436547480] [depth_angular_controller]: SINGULAR_FIELD
[depth_angular_controller-1] [INFO] [1790680732.533643073] [depth_angular_controller]: PAPER_BUILD reason=READY required=0.1804 best=3.6217 free=89 refined=0 tubes=137 revoked_tubes=0 proofs=128
[depth_angular_controller-1] [INFO] [1790680732.661535357] [depth_angular_controller]: PAPER_EVIDENCE retained=32 balls=32 revoked_balls=0 expired_views=0 evicted_views=244 radius=0.580 clearance=0.000 best_prefix=3.622
[depth_angular_controller-1] [INFO] [1790680732.845552100] [depth_angular_controller]: REFERENCE_INITIALIZATION
[depth_angular_controller-1] [INFO] [1790680732.970233399] [depth_angular_controller]: TRACKING
[depth_angular_controller-1] [INFO] [1790680732.987288754] [depth_angular_controller]: REFERENCE_INITIALIZATION
[depth_angular_controller-1] [INFO] [1790680733.004371340] [depth_angular_controller]: TRACKING
[depth_angular_controller-1] [INFO] [1790680733.024779557] [depth_angular_controller]: TARGET_HOLD
[depth_angular_controller-1] [INFO] [1790680733.093363266] [depth_angular_controller]: TRACKING
[depth_angular_controller-1] [INFO] [1790680733.201443763] [depth_angular_controller]: TARGET_HOLD
[depth_angular_controller-1] [INFO] [1790680733.609896579] [depth_angular_controller]: PAPER_BUILD reason=READY required=0.1663 best=3.6217 free=136 refined=0 tubes=138 revoked_tubes=0 proofs=128
[depth_angular_controller-1] [INFO] [1790680733.726877698] [depth_angular_controller]: PAPER_EVIDENCE retained=32 balls=32 revoked_balls=0 expired_views=0 evicted_views=248 radius=0.580 clearance=0.667 best_prefix=3.622
[depth_angular_controller-1] [INFO] [1790680734.427895050] [depth_angular_controller]: [PERF CTRL] run=motion_cloud12 elapsed=83.93s callbacks=3094 commands=3093 guidance=3043 command_fps(ros/wall)=45.33/44.10 guidance_wall_fps=43.92 avoid_ms(mean/p50/p95/max)=4.397/0.135/23.946/148.372 cycle_ms(mean/p95/max)=22.674/51.412/176.522 depth_to_cmd_ms(mean/p95/max)=25.025/33.333/66.667 callback_to_publish_ms(mean/p95/max)=16.485/37.109/162.897
[depth_angular_controller-1] [INFO] [1790680734.635236664] [depth_angular_controller]: PAPER_BUILD reason=READY required=0.6139 best=3.6217 free=239 refined=0 tubes=140 revoked_tubes=0 proofs=128
[depth_angular_controller-1] [INFO] [1790680734.755819742] [depth_angular_controller]: PAPER_EVIDENCE retained=32 balls=32 revoked_balls=0 expired_views=0 evicted_views=252 radius=0.580 clearance=0.667 best_prefix=3.622
[depth_angular_controller-1] [INFO] [1790680735.610864693] [depth_angular_controller]: PAPER_BUILD reason=READY required=0.6207 best=3.6217 free=218 refined=0 tubes=142 revoked_tubes=0 proofs=128
[depth_angular_controller-1] [INFO] [1790680735.722195298] [depth_angular_controller]: PAPER_EVIDENCE retained=32 balls=32 revoked_balls=0 expired_views=0 evicted_views=256 radius=0.580 clearance=0.667 best_prefix=3.622
[position_cmd_to_twist-2] [INFO] [1790680736.111947451] [position_cmd_to_twist]: [PERF BRIDGE] run=motion_cloud12 elapsed=85.61s received=3156 published=3149 fps(ros/wall)=45.15/43.85 controller_to_bridge_ms(mean/p50/p95/max)=11.935/16.667/33.333/150.000 bridge_process_ms(mean/p95/max)=0.107/0.135/3.383
[NAV] t=70.0s position=(-59.13,-10.41,2.31) yaw=382.5deg command=(0.89,0.37,-0.25) manual_active=1 collision_blocks=0
[depth_angular_controller-1] [INFO] [1790680736.185262509] [depth_angular_controller]: OUTSIDE_FLOW_BOX
[depth_angular_controller-1] [INFO] [1790680736.205005718] [depth_angular_controller]: TARGET_HOLD
[depth_angular_controller-1] [INFO] [1790680736.301039859] [depth_angular_controller]: OUTSIDE_FLOW_BOX
[depth_angular_controller-1] [INFO] [1790680736.317991881] [depth_angular_controller]: INTENT_DIRECT
[depth_angular_controller-1] [INFO] [1790680736.416544768] [depth_angular_controller]: OUTSIDE_FLOW_BOX
[depth_angular_controller-1] [INFO] [1790680736.434507396] [depth_angular_controller]: INTENT_DIRECT
[depth_angular_controller-1] [INFO] [1790680736.637907423] [depth_angular_controller]: PAPER_BUILD reason=READY required=0.2212 best=3.6217 free=262 refined=0 tubes=144 revoked_tubes=0 proofs=128
[depth_angular_controller-1] [INFO] [1790680736.743456389] [depth_angular_controller]: PAPER_EVIDENCE retained=32 balls=32 revoked_balls=0 expired_views=0 evicted_views=260 radius=0.580 clearance=0.500 best_prefix=3.622
[depth_angular_controller-1] [INFO] [1790680737.585266845] [depth_angular_controller]: PAPER_BUILD reason=READY required=0.5694 best=3.6217 free=263 refined=0 tubes=145 revoked_tubes=0 proofs=128
[depth_angular_controller-1] [INFO] [1790680737.700743440] [depth_angular_controller]: PAPER_EVIDENCE retained=32 balls=32 revoked_balls=0 expired_views=0 evicted_views=264 radius=0.580 clearance=0.667 best_prefix=3.622
[depth_angular_controller-1] [INFO] [1790680738.589743829] [depth_angular_controller]: PAPER_BUILD reason=READY required=0.6208 best=3.6217 free=207 refined=0 tubes=147 revoked_tubes=0 proofs=128
[depth_angular_controller-1] [INFO] [1790680738.656512233] [depth_angular_controller]: PAPER_EVIDENCE retained=32 balls=32 revoked_balls=0 expired_views=0 evicted_views=264 radius=0.580 clearance=0.667 best_prefix=3.622
[depth_angular_controller-1] [INFO] [1790680739.440239934] [depth_angular_controller]: [PERF CTRL] run=motion_cloud12 elapsed=88.95s callbacks=3308 commands=3307 guidance=3257 command_fps(ros/wall)=45.10/44.01 guidance_wall_fps=43.84 avoid_ms(mean/p50/p95/max)=4.516/0.144/25.014/148.372 cycle_ms(mean/p95/max)=22.722/51.473/176.522 depth_to_cmd_ms(mean/p95/max)=24.757/33.333/66.667 callback_to_publish_ms(mean/p95/max)=16.802/38.800/162.897
[depth_angular_controller-1] [INFO] [1790680739.701504145] [depth_angular_controller]: PAPER_BUILD reason=READY required=0.6213 best=3.6217 free=219 refined=0 tubes=149 revoked_tubes=0 proofs=128
[depth_angular_controller-1] [INFO] [1790680739.814056073] [depth_angular_controller]: PAPER_EVIDENCE retained=32 balls=32 revoked_balls=0 expired_views=0 evicted_views=268 radius=0.580 clearance=0.667 best_prefix=3.622
[depth_angular_controller-1] [INFO] [1790680740.503833062] [depth_angular_controller]: OUTSIDE_FLOW_BOX
[depth_angular_controller-1] [INFO] [1790680740.520470623] [depth_angular_controller]: STATE_OUTSIDE_FREE_DOMAIN
[depth_angular_controller-1] [INFO] [1790680740.678748597] [depth_angular_controller]: OUTSIDE_FLOW_BOX
[depth_angular_controller-1] [INFO] [1790680740.844628556] [depth_angular_controller]: PAPER_BUILD reason=READY required=0.4145 best=3.6217 free=232 refined=0 tubes=151 revoked_tubes=0 proofs=128
[depth_angular_controller-1] [INFO] [1790680740.878027451] [depth_angular_controller]: PAPER_EVIDENCE retained=32 balls=32 revoked_balls=0 expired_views=0 evicted_views=272 radius=0.580 clearance=0.000 best_prefix=3.622
[depth_angular_controller-1] [INFO] [1790680740.924559670] [depth_angular_controller]: INTENT_DIRECT
[position_cmd_to_twist-2] [INFO] [1790680741.209916932] [position_cmd_to_twist]: [PERF BRIDGE] run=motion_cloud12 elapsed=90.71s received=3375 published=3368 fps(ros/wall)=45.06/43.80 controller_to_bridge_ms(mean/p50/p95/max)=12.183/16.667/33.333/150.000 bridge_process_ms(mean/p95/max)=0.106/0.136/3.383
[NAV] t=75.0s position=(-55.02,-9.86,1.92) yaw=360.0deg command=(0.37,0.00,-0.00) manual_active=1 collision_blocks=0
[depth_angular_controller-1] [INFO] [1790680741.794571416] [depth_angular_controller]: PAPER_BUILD reason=READY required=0.4249 best=3.6217 free=289 refined=0 tubes=152 revoked_tubes=0 proofs=128
[depth_angular_controller-1] [INFO] [1790680741.893659779] [depth_angular_controller]: PAPER_EVIDENCE retained=32 balls=32 revoked_balls=0 expired_views=0 evicted_views=276 radius=0.580 clearance=0.667 best_prefix=3.622
[depth_angular_controller-1] [INFO] [1790680742.161679026] [depth_angular_controller]: OUTSIDE_FLOW_BOX
[depth_angular_controller-1] [INFO] [1790680742.176857369] [depth_angular_controller]: STATE_OUTSIDE_FREE_DOMAIN
[depth_angular_controller-1] [INFO] [1790680742.306580088] [depth_angular_controller]: INTENT_DIRECT
[depth_angular_controller-1] [INFO] [1790680742.861233373] [depth_angular_controller]: PAPER_BUILD reason=READY required=0.1996 best=3.6217 free=268 refined=0 tubes=154 revoked_tubes=0 proofs=128
[depth_angular_controller-1] [INFO] [1790680742.907243994] [depth_angular_controller]: PAPER_EVIDENCE retained=32 balls=32 revoked_balls=0 expired_views=0 evicted_views=280 radius=0.580 clearance=0.500 best_prefix=3.622
[depth_angular_controller-1] [INFO] [1790680742.963554262] [depth_angular_controller]: OUTSIDE_FLOW_BOX
[depth_angular_controller-1] [INFO] [1790680742.980400755] [depth_angular_controller]: STATE_OUTSIDE_FREE_DOMAIN
[depth_angular_controller-1] [INFO] [1790680743.056412103] [depth_angular_controller]: INTENT_DIRECT
[depth_angular_controller-1] [INFO] [1790680743.906139475] [depth_angular_controller]: PAPER_BUILD reason=READY required=0.0984 best=3.6217 free=350 refined=0 tubes=154 revoked_tubes=0 proofs=128
[depth_angular_controller-1] [INFO] [1790680743.929651726] [depth_angular_controller]: PAPER_EVIDENCE retained=32 balls=32 revoked_balls=0 expired_views=0 evicted_views=284 radius=0.580 clearance=0.108 best_prefix=3.622
[depth_angular_controller-1] [INFO] [1790680744.376104299] [depth_angular_controller]: OUTSIDE_FLOW_BOX
[depth_angular_controller-1] [INFO] [1790680744.394174990] [depth_angular_controller]: STATE_OUTSIDE_FREE_DOMAIN
[depth_angular_controller-1] [INFO] [1790680744.478157185] [depth_angular_controller]: [PERF CTRL] run=motion_cloud12 elapsed=93.99s callbacks=3497 commands=3496 guidance=3446 command_fps(ros/wall)=44.74/43.60 guidance_wall_fps=43.44 avoid_ms(mean/p50/p95/max)=4.717/0.155/26.521/148.372 cycle_ms(mean/p95/max)=22.935/52.484/176.522 depth_to_cmd_ms(mean/p95/max)=24.608/33.333/66.667 callback_to_publish_ms(mean/p95/max)=17.123/40.087/162.897
[depth_angular_controller-1] [INFO] [1790680744.478213401] [depth_angular_controller]: TARGET_HOLD
[depth_angular_controller-1] [INFO] [1790680744.605116058] [depth_angular_controller]: 3D guidance switched to view 1
[depth_angular_controller-1] [INFO] [1790680744.691118384] [depth_angular_controller]: INTENT_DIRECT
[depth_angular_controller-1] [INFO] [1790680744.754978099] [depth_angular_controller]: BRAKING_FALLBACK
[depth_angular_controller-1] [INFO] [1790680744.766637147] [depth_angular_controller]: 3D guidance switched to view 0
[depth_angular_controller-1] [INFO] [1790680744.848001100] [depth_angular_controller]: NO_REGULAR_FIELD
[depth_angular_controller-1] [INFO] [1790680744.848033210] [depth_angular_controller]: PAPER_BUILD reason=STATE_OUTSIDE_COMPONENT required=0.0196 best=0.0246 free=486 refined=1 tubes=156 revoked_tubes=0 proofs=128
[depth_angular_controller-1] [INFO] [1790680744.872517235] [depth_angular_controller]: INTENT_DIRECT
[depth_angular_controller-1] [INFO] [1790680744.872554545] [depth_angular_controller]: PAPER_EVIDENCE retained=14 balls=32 revoked_balls=0 expired_views=0 evicted_views=287 radius=0.580 clearance=0.021 best_prefix=0.015
[depth_angular_controller-1] [INFO] [1790680745.125308126] [depth_angular_controller]: NO_REGULAR_FIELD
[depth_angular_controller-1] [INFO] [1790680745.329960212] [depth_angular_controller]: COMPUTE_DEADLINE
[depth_angular_controller-1] [INFO] [1790680745.841690521] [depth_angular_controller]: PAPER_BUILD reason=READY required=0.0100 best=0.0150 free=261 refined=0 tubes=157 revoked_tubes=0 proofs=128
[depth_angular_controller-1] [INFO] [1790680745.841730506] [depth_angular_controller]: PAPER_EVIDENCE retained=14 balls=32 revoked_balls=0 expired_views=0 evicted_views=287 radius=0.580 clearance=0.015 best_prefix=0.015
[position_cmd_to_twist-2] [INFO] [1790680746.034946523] [position_cmd_to_twist]: [PERF BRIDGE] run=motion_cloud12 elapsed=95.53s received=3528 published=3516 fps(ros/wall)=44.27/43.02 controller_to_bridge_ms(mean/p50/p95/max)=12.935/16.667/33.333/233.333 bridge_process_ms(mean/p95/max)=0.106/0.135/3.383
[NAV] t=80.0s position=(-53.47,-9.85,1.92) yaw=366.3deg command=(0.00,0.00,0.00) manual_active=0 collision_blocks=0
[depth_angular_controller-1] [INFO] [1790680746.214837875] [depth_angular_controller]: ZERO_INTENT
[depth_angular_controller-1] [INFO] [1790680749.485561087] [depth_angular_controller]: [PERF CTRL] run=motion_cloud12 elapsed=98.99s callbacks=3710 commands=3709 guidance=3479 command_fps(ros/wall)=44.30/43.54 guidance_wall_fps=42.92 avoid_ms(mean/p50/p95/max)=5.019/0.158/26.697/167.934 cycle_ms(mean/p95/max)=22.968/52.584/180.852 depth_to_cmd_ms(mean/p95/max)=24.586/33.333/66.667 callback_to_publish_ms(mean/p95/max)=17.149/40.044/180.725
[MANUAL RESULT] TIMEOUT position=(-53.467,-9.845,1.916)
[PERF ISAAC FINAL] run=motion_cloud12 result=MANUAL_TIMEOUT wall=85.87s sim_frames=5043 fps(sim/wall)=60.02/58.73 command_changes=2714 collision_blocks=0 frame_interval_ms(mean/p50/p95/max)=16.961/15.643/18.274/78.888
[98.886s] Simulation App Shutting Down
[depth_angular_controller-1] [INFO] [1790680750.452092686] [rclcpp]: signal_handler(SIGINT/SIGTERM)
[position_cmd_to_twist-2] [INFO] [1790680750.454036003] [position_cmd_to_twist]: [PERF BRIDGE FINAL] run=motion_cloud12 elapsed=99.95s received=3724 published=3711 fps(ros/wall)=44.32/43.40 controller_to_bridge_ms(mean/p50/p95/max)=12.549/16.667/33.333/233.333 bridge_process_ms(mean/p95/max)=0.106/0.136/3.383
[position_cmd_to_twist-2] Failed to publish log message to rosout: publisher's context is invalid, at ./src/rcl/publisher.c:389
[depth_angular_controller-1] [INFO] [1790680750.456734657] [depth_angular_controller]: [PERF CTRL FINAL] run=motion_cloud12 elapsed=99.96s callbacks=3725 commands=3724 guidance=3479 command_fps(ros/wall)=44.32/43.55 guidance_wall_fps=42.92 avoid_ms(mean/p50/p95/max)=5.019/0.158/26.697/167.934 cycle_ms(mean/p95/max)=22.963/52.584/180.852 depth_to_cmd_ms(mean/p95/max)=24.586/33.333/66.667 callback_to_publish_ms(mean/p95/max)=17.127/39.975/180.725
[INFO] [depth_angular_controller-1]: process has finished cleanly [pid 41300]
[INFO] [position_cmd_to_twist-2]: process has finished cleanly [pid 41302]
