[PERF] run=motion_cloud6 log=/home/starry/isaac-data/EGO1P1/performance/motion_consistency_20260929/performance.md
[INPUT] mode=trace scene_mode=cloud
[INFO] [launch]: All log files can be found below /tmp/fov_gvf_ego1p1_isaac_ros_log/2026-09-29-19-03-03-809549-starry-System-Product-Name-36849
[INFO] [launch]: Default logging verbosity is set to INFO
[INFO] [depth_angular_controller-1]: process started with pid [36851]
[INFO] [position_cmd_to_twist-2]: process started with pid [36853]
[depth_angular_controller-1] [INFO] [1790679783.842894691] [depth_angular_controller]: C++ controller commands publish on /position_cmd; horizontal views=4
[ROS CHECK] ROS_DOMAIN_ID=84 /position_cmd publishers=1
Type: pc_gvf_msgs/msg/PositionCommand
Publisher count: 1
Subscription count: 1
/depth_angular_controller
/position_cmd_to_twist
WARNING: All log messages before absl::InitializeLog() is called are written to STDERR
E0000 00:00:1790679784.805547   36896 descriptor_database.cc:633] File already exists in database: grpc/health/v1/health.proto
W0000 00:00:1790679784.805570   36896 message.cc:301] Protobuf GeneratedMessageFactory: File is already registered: grpc/health/v1/health.proto
2026-09-29T11:03:04Z [Info] [carb] Logging to file: /home/starry/isaac-data/isaacsim/kit/logs/Kit/Isaac-Sim Python/6.0/kit_20260929_190304.log
[0.043s] [ext: omni.assets.plugins-0.0.0] startup
[0.044s] [ext: omni.blobkey-1.1.2] startup
[0.044s] [ext: omni.kit.async_engine-0.0.3] startup
[0.318s] [ext: omni.client.lib-1.1.1] startup
[0.326s] [ext: omni.client-1.3.0] startup
[0.328s] [ext: omni.protobuf.lib-1.0.0] startup
[0.328s] [ext: omni.grpc.lib-1.0.0] startup
[0.332s] [ext: omni.metrics.core-0.0.3] startup
[0.332s] [ext: omni.datastore-0.0.0] startup
[0.332s] [ext: omni.gpu_foundation.shadercache.vulkan-1.0.0] startup
[0.334s] [ext: omni.hsscclient-1.1.4] startup
[0.334s] [ext: omni.stats-1.0.1] startup
[0.335s] [ext: omni.ujitso.default-1.0.0] startup
[0.338s] [ext: omni.gpu_foundation-0.0.0] startup
[0.457s] [ext: carb.windowing.plugins-1.0.1] startup
[0.457s] [ext: omni.kit.renderer.init-1.0.1] startup
2026-09-29T11:03:05Z [665ms] [Warning] [omni.rtx] Skipping unsupported non-NVIDIA GPU: AMD Unknown (RADV RAPHAEL_MENDOCINO)
2026-09-29T11:03:05Z [665ms] [Warning] [omni.rtx] Skipping unsupported non-NVIDIA GPU: AMD Unknown (RADV RAPHAEL_MENDOCINO)

|---------------------------------------------------------------------------------------------|
| Driver Version: 580.178.04    | Graphics API: Vulkan
|=============================================================================================|
| GPU | Name                             | Active | LDA | GPU Memory | Vendor-ID | LUID       |
|     |                                  |        |     |            | Device-ID | UUID       |
|     |                                  |        |     |            | Bus-ID    |            |
|---------------------------------------------------------------------------------------------|
| 0   | NVIDIA GeForce RTX 5070          | Yes: 0 |     | 12227   MB | 10de      | 0          |
|     |                                  |        |     |            | 2f04      | 348d89fe.. |
|     |                                  |        |     |            | 1         |            |
|---------------------------------------------------------------------------------------------|
| 1   | AMD Unknown (RADV RAPHAEL_MEND.. |        |     | 10755   MB | 1002      | 0          |
|     |                                  |        |     |            | 13c0      | 00000000.. |
|     |                                  |        |     |            | c         |            |
|=============================================================================================|
| OS: 22.04.5 LTS (Jammy Jellyfish) ubuntu, Version: 22.04.5, Kernel: 6.8.0-138-generic
| XServer Vendor: The X.Org Foundation, XServer Version: 12101004 (1.21.1.4)
| Processor: AMD Ryzen 5 9600X 6-Core Processor
| Cores: 6 | Logical Cores: 12
|---------------------------------------------------------------------------------------------|
| Total Memory (MB): 31241 | Free Memory: 22791
| Total Page/Swap (MB): 15624 | Free Page/Swap: 15624
|---------------------------------------------------------------------------------------------|
2026-09-29T11:03:05Z [874ms] [Warning] [omni.rtx] CPU performance profile is set to powersave. This profile sets the CPU to the lowest frequency reducing performance.
2026-09-29T11:03:05Z [882ms] [Warning] [omni.rtx] IOMMU is enabled.
[0.980s] [ext: omni.kit.pipapi-0.0.0] startup
[0.981s] [ext: omni.kit.pip_archive-0.0.0] startup
[0.981s] [ext: isaacsim.pip.newton-0.6.1] startup
[0.982s] [ext: omni.pip.compute-1.9.2] startup
[0.982s] [ext: omni.isaac.core_archive-5.3.1] startup
[0.982s] [ext: omni.kit.telemetry-0.5.2] startup
[0.997s] [ext: omni.kit.loop-isaac-1.6.0] startup
[0.998s] [ext: omni.kit.test-2.0.7] startup
[1.047s] [ext: omni.materialx.libs-1.0.9] startup
[1.053s] [ext: omni.gpucompute.plugins-0.0.0] startup
[1.054s] [ext: omni.usd.config-1.0.7] startup
[1.057s] [ext: omni.usd.libs-1.0.3] startup
[1.112s] [ext: omni.iray.libs-0.0.1] startup
[1.115s] [ext: omni.mdl-57.0.3] startup
[1.176s] [ext: omni.mdl.neuraylib-0.2.20] startup
[1.178s] [ext: omni.kit.usd.mdl-1.1.9] startup
[1.264s] [ext: omni.appwindow-1.2.2] startup
[1.265s] [ext: omni.kit.renderer.core-1.2.2] startup
2026-09-29T11:03:10Z [6,499ms] [Warning] [carb.windowing-glfw.gamepad] Joystick with unknown remapping detected (will be ignored):  BEITONG BEITONG A2P3A BFM DONGLE [03000000bc2000001c51000011010000]
[6.531s] [ext: omni.kit.renderer.capture-2.0.1] startup
[6.533s] [ext: omni.kit.renderer.imgui-2.0.6] startup
[6.567s] [ext: omni.ui-3.2.0] startup
[6.574s] [ext: omni.kit.mainwindow-1.0.3] startup
[6.575s] [ext: carb.audio-0.1.0] startup
[6.577s] [ext: omni.uiaudio-1.0.0] startup
[6.578s] [ext: omni.kit.uiapp-0.0.0] startup
[6.578s] [ext: omni.usd.schema.metrics.assembler-110.1.0] startup
[6.580s] [ext: omni.usd.schema.audio-0.0.1] startup
[6.583s] [ext: omni.usd_resolver-1.0.0] startup
[6.585s] [ext: omni.usd.core-1.8.3] startup
[6.587s] [ext: omni.metropolis.schema-0.0.3] startup
[6.588s] [ext: isaacsim.anim.robot.schema-0.1.1] startup
[6.588s] [ext: omni.usd.schema.anim-0.0.1] startup
[6.602s] [ext: omni.usd.schema.geospatial-0.0.1] startup
[6.604s] [ext: omni.usd.schema.omnigraph-1.0.1] startup
[6.608s] [ext: omni.usd.schema.semantics-0.0.0] startup
[6.610s] [ext: omni.activity.core-1.0.3] startup
[6.611s] [ext: omni.cubric-0.1.0] startup
[6.611s] [ext: omni.graph.exec-0.9.6] startup
[6.611s] [ext: omni.hydra.scene_delegate-0.3.5] startup
[6.613s] [ext: usdrt.scenegraph-7.6.3] startup
[6.632s] [ext: omni.hydra.usdrt_delegate-7.5.2] startup
[6.637s] [ext: omni.inspect-1.0.2] startup
[6.638s] [ext: omni.kit.actions.core-1.0.0] startup
[6.639s] [ext: omni.kit.audiodeviceenum-1.0.2] startup
[6.640s] [ext: omni.kit.commands-1.5.0] startup
[6.642s] [ext: omni.kit.exec.core-0.13.5] startup
[6.643s] [ext: omni.kit.usd_undo-0.1.8] startup
[6.644s] [ext: omni.kit.window.popup_dialog-2.0.25] startup
[6.646s] [ext: omni.kit.widget.nucleus_connector-2.3.1] startup
[6.648s] [ext: omni.timeline-1.1.0] startup
[6.649s] [ext: omni.usd-1.16.0] startup
[6.675s] [ext: omni.graph.core-3.1.2] startup
[6.678s] [ext: omni.kit.notification_manager-1.0.11] startup
[6.680s] [ext: isaacsim.core.deprecation_manager-0.4.2] startup
[6.680s] [ext: isaacsim.replicator.agent.schema-0.1.1] startup
[6.681s] [ext: isaacsim.robot.schema-6.3.7] startup
[6.685s] [ext: isaacsim.robot_motion.schema-0.2.1] startup
[6.685s] [ext: omni.anim.behavior.schema-110.1.0] startup
[6.688s] [ext: omni.anim.graph.schema-110.1.1] startup
[6.693s] [ext: omni.anim.navigation.schema-110.1.0] startup
[6.695s] [ext: omni.behavior.tree.schema-110.1.0] startup
[6.696s] [ext: omni.isaac.ml_archive-3.3.0] startup
[6.696s] [ext: omni.kit.asset_converter-6.0.1] startup
[6.705s] [ext: omni.pip.cloud-1.5.4] startup
[6.706s] [ext: omni.usd.schema.flow-110.0.0] startup
[6.707s] [ext: omni.usd.schema.mujoco-1.1.1] startup
[6.707s] [ext: omni.usd.schema.newton-1.2.1] startup
[6.708s] [ext: omni.usd.schema.omni_lens_distortion-1.0.0] startup
[6.708s] [ext: omni.usd.schema.omni_projectors-1.0.0] startup
[6.709s] [ext: omni.usd.schema.omni_sensors-0.0.0] startup
[6.715s] [ext: omni.usd.schema.omniscripting-1.0.1] startup
[6.717s] [ext: omni.usd.schema.physical_lighting-0.1.0] startup
[6.720s] [ext: omni.usd.schema.physx-110.1.13] startup
[6.743s] [ext: omni.usd.schema.render_settings.rtx-1.0.2] startup
[6.745s] [ext: omni.usd.schema.usd_particle_field-1.0.0] startup
[6.746s] [ext: isaacsim.core.version-2.1.1] startup
[6.746s] [ext: omni.kit.menu.core-1.2.0] startup
[6.747s] [ext: omni.kit.menu.utils-2.2.4] startup
[6.752s] [ext: isaacsim.app.about-2.3.1] startup
[6.756s] [ext: isaacsim.asset.transformer-1.2.5] startup
[6.759s] [ext: omni.scene.optimizer.core-110.1.0] startup
[6.789s] [ext: isaacsim.asset.importer.utils-1.8.1] startup
[6.790s] [ext: omni.convexdecomposition-110.1.13] startup
[6.792s] [ext: omni.physics-110.1.13] startup
[6.794s] [ext: omni.physx.gpu-110.1.13] startup
[6.794s] [ext: omni.physx.foundation-110.1.13] startup
[6.796s] [ext: omni.usdphysics-110.1.13] startup
[6.797s] [ext: omni.physx.cooking-110.1.13] startup
[6.798s] [ext: omni.physx-110.1.13] startup
[6.805s] [ext: omni.physics.physx-110.1.13] startup
[6.806s] [ext: isaacsim.asset.exporter.urdf-2.0.5] startup
[6.813s] [ext: omni.kit.clipboard-1.1.1] startup
[6.813s] [ext: omni.kit.usd.layers-2.6.1] startup
[6.818s] [ext: omni.kit.widget.context_menu-1.4.0] startup
[6.819s] [ext: omni.kit.context_menu-1.9.0] startup
[6.820s] [ext: omni.kit.helper.file_utils-0.1.10] startup
[6.822s] [ext: omni.kit.widget.nucleus_info-2.0.2] startup
[6.822s] [ext: omni.kit.search_core-1.0.8] startup
[6.822s] [ext: omni.kit.widget.path_field-2.0.13] startup
[6.823s] [ext: omni.kit.widget.browser_bar-2.0.10] startup
[6.823s] [ext: omni.kit.widget.filebrowser-2.13.4] startup
[6.827s] [ext: omni.kit.widget.options_menu-1.1.6] startup
[6.829s] [ext: omni.kit.widget.options_button-1.0.3] startup
[6.829s] [ext: omni.kit.widget.search_delegate-1.0.9] startup
[6.830s] [ext: omni.ui.scene-2.0.3] startup
[6.833s] [ext: omni.kit.window.filepicker-2.15.5] startup
[6.843s] [ext: omni.kit.window.file_importer-1.1.21] startup
[6.844s] [ext: omni.kit.material.library-3.1.2] startup
[6.848s] [ext: isaacsim.asset.transformer.rules-1.7.10] startup
[6.856s] [ext: omni.usdex.libs-2.2.2] startup
[6.862s] [ext: isaacsim.asset.importer.mjcf-3.10.1] startup
[6.863s] [ext: isaacsim.asset.importer.urdf-3.11.2] startup
[6.866s] [ext: omni.kit.primitive.mesh-1.1.0] startup
[6.868s] [ext: omni.kit.stage_template.core-1.1.22] startup
[6.869s] [ext: omni.kit.stage_templates-2.0.2] startup
[6.870s] [ext: omni.usd.metrics.assembler-110.1.2] startup
[6.872s] [ext: omni.warp.core-1.13.0] startup
[7.056s] [ext: isaacsim.core.experimental.utils-0.17.2] startup
[7.057s] [ext: omni.physics.stageupdate-110.1.13] startup
[7.058s] [ext: omni.physics.tensors-110.1.13] startup
[7.062s] [ext: omni.physx.tensors-110.1.13] startup
[7.065s] [ext: isaacsim.core.simulation_manager-1.15.6] startup
[7.075s] [ext: isaacsim.storage.native-1.9.3] startup
[7.076s] [ext: omni.usd.metrics.assembler.physics-110.1.13] startup
[7.077s] [ext: isaacsim.core.utils-4.1.7] startup
[7.079s] [ext: isaacsim.core.prims-0.11.7] startup
[7.942s] [ext: isaacsim.core.api-5.2.13] startup
[7.947s] [ext: isaacsim.core.cloner-1.7.3] startup
[7.948s] [ext: isaacsim.test.docstring-1.3.2] startup
[7.950s] [ext: isaacsim.core.experimental.prims-1.8.9] startup
[7.968s] [ext: isaacsim.core.experimental.primdata-0.3.2] startup
[7.970s] [ext: omni.graph.tools-1.81.0] startup
[7.988s] [ext: omni.graph-1.142.5] startup
[8.018s] [ext: isaacsim.core.experimental.actuators-0.1.2] startup
[8.031s] [ext: isaacsim.core.experimental.materials-0.7.1] startup
[8.033s] [ext: isaacsim.core.experimental.objects-0.8.1] startup
[8.085s] [ext: omni.hydra.engine.stats-1.0.5] startup
[8.087s] [ext: omni.hydra.rtx.shadercache.vulkan-1.0.0] startup
[8.088s] [ext: omni.index.libs-387500.4413.0] startup
[8.088s] [ext: omni.index-1.0.1] startup
[8.088s] [ext: omni.ujitso.client-0.0.0] startup
[8.088s] [ext: omni.usd.schema.playback-1.0.0] startup
[8.091s] [ext: omni.volume-0.5.2] startup
[8.094s] [ext: omni.hydra.rtx-1.0.4] startup
2026-09-29T11:03:12Z [8,084ms] [Warning] [omni.log] Source: omni.hydra was already registered.
[8.115s] [ext: omni.kit.hydra_texture-1.6.0] startup
[8.118s] [ext: omni.kit.raycast.query-1.2.0] startup
[8.121s] [ext: omni.kit.viewport.legacy_gizmos-1.0.24] startup
[8.123s] [ext: omni.kit.viewport.registry-104.0.6] startup
[8.123s] [ext: omni.kit.viewport.scene_camera_model-1.0.7] startup
[8.126s] [ext: omni.kit.widget.viewport-109.2.0] startup
[8.129s] [ext: omni.kit.window.drop_support-1.0.8] startup
[8.130s] [ext: omni.kit.viewport.window-109.0.2] startup
[8.144s] [ext: omni.kit.viewport.utility-2.0.1] startup
[8.144s] [ext: isaacsim.core.rendering_manager-0.4.3] startup
[8.164s] [ext: omni.graph.action_core-1.1.9] startup
[8.166s] [ext: omni.graph.action_nodes_core-2.11.0] startup
[8.168s] [ext: omni.graph.action_nodes-2.11.0] startup
[8.184s] [ext: omni.graph.action-2.10.2] startup
[8.185s] [ext: omni.graph.image.core-0.6.1] startup
[8.185s] [ext: omni.graph.image.nodes-1.3.1] startup
[8.186s] [ext: omni.graph.nodes_core-2.11.0] startup
[8.190s] [ext: omni.graph.nodes-2.12.0] startup
[8.194s] [ext: omni.kit.hotkeys.core-1.3.12] startup
[8.195s] [ext: omni.kit.property.adapter.core-1.1.1] startup
[8.197s] [ext: omni.kit.property.adapter.usd-1.0.5] startup
[8.198s] [ext: omni.kit.widget.filter-1.1.5] startup
[8.199s] [ext: omni.kit.widget.highlight_label-1.0.3] startup
[8.199s] [ext: omni.kit.widget.searchfield-1.1.8] startup
[8.201s] [ext: omni.kit.window.file_exporter-1.0.36] startup
[8.201s] [ext: omni.kit.widget.stage-4.4.0] startup
[8.208s] [ext: omni.kit.window.content_browser_registry-0.0.6] startup
[8.209s] [ext: omni.kit.window.file-2.0.10] startup
[8.212s] [ext: omni.kit.window.content_browser-3.1.8] startup
[8.220s] [ext: omni.kit.window.property-1.15.1] startup
[8.229s] [ext: omni.kit.property.usd-4.9.4] startup
[8.237s] [ext: omni.graph.scriptnode-2.10.2] startup
[8.245s] [ext: omni.kit.widget.searchable_combobox-1.0.7] startup
[8.246s] [ext: omni.kit.widget.settings-2.0.0] startup
[8.248s] [ext: omni.kit.window.preferences-1.8.3] startup
[8.252s] [ext: omni.kit.viewport.menubar.core-107.2.2] startup
[8.262s] [ext: omni.syntheticdata-0.6.15] startup
[8.285s] [ext: omni.replicator.nv-1.1.1] startup
[8.289s] [ext: omni.videoencoding-0.2.1] startup
[8.290s] [ext: omni.replicator.core-1.13.27] startup
2026-09-29T11:03:12Z [8,276ms] [Warning] [pxr.Semantics] pxr.Semantics is deprecated - please use Semantics instead
2026-09-29T11:03:12Z [8,343ms] [Warning] [omni.replicator.core.scripts.extension] No material configuration file, adding configuration to material settings directly.
[8.491s] [ext: isaacsim.core.nodes-5.10.5] startup
[8.517s] [ext: isaacsim.core.throttling-2.3.5] startup
[8.518s] [ext: omni.kit.manipulator.viewport-107.0.1] startup
[8.519s] [ext: omni.graph.visualization.nodes-2.1.4] startup
[8.531s] [ext: omni.kit.window.extensions-1.5.10] startup
[8.536s] [ext: isaacsim.gui.components-1.8.5] startup
[8.539s] [ext: isaacsim.robot.surface_gripper-3.6.2] startup
[8.549s] [ext: isaacsim.robot.manipulators-3.4.4] startup
[8.558s] [ext: isaacsim.robot_motion.lula-4.1.3] startup
[8.563s] [ext: isaacsim.robot_motion.motion_generation-8.2.9] startup
[8.568s] [ext: isaacsim.cortex.framework-1.0.18] startup
[8.569s] [ext: isaacsim.cortex.behaviors-2.0.17] startup
[8.571s] [ext: isaacsim.examples.base-1.3.2] startup
[8.572s] [ext: omni.kit.widget.zoombar-1.0.7] startup
[8.572s] [ext: omni.kit.browser.core-2.3.18] startup
[8.576s] [ext: omni.kit.browser.folder.core-2.0.2] startup
[8.579s] [ext: omni.kit.widget.stage_icons-1.0.8] startup
[8.580s] [ext: omni.kit.window.stage-2.6.1] startup
[8.583s] [ext: omni.kit.menu.stage-1.2.7] startup
[8.584s] [ext: omni.kit.usd.collect-3.0.6] startup
[8.586s] [ext: omni.kit.widget.prompt-1.0.7] startup
[8.587s] [ext: omni.kit.tool.collect-2.2.19] startup
[8.588s] [ext: isaacsim.examples.browser-0.3.2] startup
[8.590s] [ext: omni.kit.search.files-1.0.4] startup
[8.591s] [ext: omni.kit.widget.calendar-1.0.9] startup
[8.592s] [ext: omni.kit.widget.extended_searchfield-1.0.31] startup
[8.598s] [ext: omni.simready.content.browser-0.3.7] startup
[8.682s] [ext: isaacsim.gui.content_browser-0.4.3] startup
[8.684s] [ext: omni.kit.selection-0.1.6] startup
[8.686s] [ext: isaacsim.gui.menu-2.10.5] startup
[8.692s] [ext: isaacsim.gui.property-1.6.4] startup
[8.698s] [ext: omni.kit.viewport.actions-110.0.0] startup
[8.702s] [ext: omni.kit.viewport.menubar.display-107.1.3] startup
[8.703s] [ext: isaacsim.gui.sensors.icon-2.2.1] startup
[8.705s] [ext: omni.behavior.scripting.core-110.1.0] startup
[8.708s] [ext: isaacsim.replicator.behavior-1.5.4] startup
[8.709s] [ext: isaacsim.replicator.experimental.domain_randomization-1.2.5] startup
[8.721s] [ext: isaacsim.replicator.domain_randomization-1.2.2] startup
[8.788s] [ext: isaacsim.replicator.writers-1.5.4] startup
[8.809s] [ext: isaacsim.robot.experimental.wheeled_robots-0.2.11] startup
[8.829s] [ext: isaacsim.robot.policy.examples-5.2.12] startup
[8.846s] [ext: isaacsim.robot.wheeled_robots-5.2.4] startup
[8.849s] [ext: isaacsim.robot.wheeled_robots.nodes-0.1.5] startup
[8.864s] [ext: isaacsim.robot_motion.experimental.motion_generation-6.1.3] startup
[8.874s] [ext: isaacsim.robot_motion.cumotion-1.3.1] startup
[8.886s] [ext: omni.kit.numpy.common-0.1.3] startup
[8.887s] [ext: isaacsim.sensors.camera-1.7.9] startup
[8.914s] [ext: isaacsim.sensors.experimental.physics-3.0.2] startup
[8.920s] [ext: omni.sensors.net-1.0.1] startup
[8.922s] [ext: omni.sensors.nv.common-3.0.0] startup
[8.931s] [ext: omni.sensors.nv.materials-2.0.0] startup
[8.933s] [ext: omni.sensors.nv.acoustic-3.0.0] startup
[8.935s] [ext: omni.sensors.nv.ids-2.0.1] startup
[8.936s] [ext: omni.sensors.nv.lidar-3.0.0] startup
[8.939s] [ext: omni.sensors.nv.radar-3.0.0] startup
[8.941s] [ext: isaacsim.sensors.experimental.rtx-1.4.6] startup
[9.165s] [ext: isaacsim.sensors.physics.nodes-1.5.3] startup
[9.170s] [ext: isaacsim.util.debug_draw-3.2.3] startup
[9.174s] [ext: isaacsim.sensors.physx-2.5.5] startup
[9.180s] [ext: isaacsim.sensors.rtx-15.17.1] startup
[9.188s] [ext: isaacsim.simulation_app-2.18.4] startup
[9.189s] [ext: omni.anim.curve.core-1.6.0] startup
[9.197s] [ext: omni.graph.ui_nodes-2.11.1] startup
[9.216s] [ext: omni.hydra.scene_api-0.1.3] startup
[9.219s] [ext: omni.kit.manipulator.camera-110.0.0] startup
[9.222s] [ext: omni.kit.manipulator.selector-1.1.4] startup
[9.223s] [ext: omni.kit.manipulator.transform-107.0.0] startup
[9.227s] [ext: omni.kit.widget.toolbar-2.1.0] startup
[9.232s] [ext: omni.kit.manipulator.tool.snap-1.5.14] startup
[9.235s] [ext: omni.kit.viewport.manipulator.transform-107.0.4] startup
[9.237s] [ext: omni.kit.manipulator.prim.core-108.0.2] startup
[9.241s] [ext: omni.kit.manipulator.prim.usd-107.0.3] startup
[9.242s] [ext: omni.kit.manipulator.prim-108.0.0] startup
[9.243s] [ext: omni.kit.manipulator.selection-109.0.1] startup
[9.244s] [ext: omni.kit.menu.create-2.0.2] startup
[9.245s] [ext: omni.kit.property.audio-1.0.16] startup
[9.248s] [ext: omni.kit.property.camera-1.0.14] startup
[9.249s] [ext: omni.kit.property.geometry-2.1.2] startup
[9.251s] [ext: omni.kit.property.light-1.0.14] startup
2026-09-29T11:03:13Z [9,250ms] [Warning] [omni.usd] Encountered USD Warnings but USD Diagnostics are currently muted. To view USD Warnings, please set the '/persistent/app/usd/muteUsdDiagnostics' setting to false in Preferences page.
[9.277s] [ext: omni.kit.property.material-1.14.6] startup
[9.282s] [ext: omni.kit.property.render-1.2.2] startup
[9.283s] [ext: omni.kit.property.transform-1.6.9] startup
[9.285s] [ext: omni.kit.property.bundle-1.5.1] startup
[9.287s] [ext: omni.kit.usdz_export-1.1.0] startup
[9.289s] [ext: omni.kit.tool.asset_importer-6.0.1] startup
[9.293s] [ext: omni.kit.ui.actions-1.0.5] startup
[9.294s] [ext: omni.kit.viewport.menubar.camera-107.0.10] startup
[9.298s] [ext: omni.kit.viewport.menubar.lighting-107.3.2] startup
[9.300s] [ext: omni.kit.viewport.menubar.render-110.0.0] startup
[9.302s] [ext: omni.kit.viewport.menubar.settings-110.0.1] startup
[9.305s] [ext: omni.kit.window.console-1.1.9] startup
[9.308s] [ext: omni.kit.window.status_bar-0.1.11] startup
[9.310s] [ext: omni.kit.window.toolbar-3.0.3] startup
[9.312s] [ext: omni.ocio-0.1.1] startup
[9.313s] [ext: omni.physx.commands-110.1.13] startup
[9.315s] [ext: omni.replicator.replicator_yaml-2.0.12] startup
[9.324s] [ext: omni.rtx.window.settings-0.8.0] startup
[9.328s] [ext: omni.rtx.settings.core-0.7.1] startup
[9.330s] [ext: omni.usd.metrics.assembler.ui-110.1.1] startup
[9.336s] [ext: semantics.schema.editor-2.0.2] startup
[9.338s] [ext: semantics.schema.property-2.0.2] startup
[9.339s] [ext: omni.kit.menu.common-2.0.2] startup
[9.340s] [ext: isaacsim.exp.base-6.0.1] startup
[9.340s] [ext: isaacsim.exp.base.python-6.0.1] startup
[9.342s] Simulation App Starting
[10.363s] Simulation App Startup Complete
[10.367s] app ready
Starting kit application with the following args:  ['/home/starry/isaac-data/isaacsim/exts/isaacsim.simulation_app/isaacsim/simulation_app/simulation_app.py', '/home/starry/isaac-data/isaacsim/apps/isaacsim.exp.base.python.kit', '--/app/tokens/exe-path=/home/starry/isaac-data/isaacsim/kit', '--/persistent/app/viewport/displayOptions=3094', '--/rtx/materialDb/syncLoads=True', '--/rtx/hydra/materialSyncLoads=True', '--/omni/kit/plugin/syncUsdLoads=True', '--/app/renderer/resolution/width=1280', '--/app/renderer/resolution/height=720', '--/app/window/width=1440', '--/app/window/height=900', '--/renderer/multiGpu/enabled=False', '--/app/fastShutdown=True', '--/app/installSignalHandlers=0', '--ext-folder', '/home/starry/isaac-data/isaacsim/exts', '--ext-folder', '/home/starry/isaac-data/isaacsim/apps', '--/renderer/activeGpu=0', '--/physics/cudaDevice=0', '--/plugins/carb.tasking.plugin/threadCount=12', '--/plugins/omni.tbb.globalcontrol/maxThreadCount=12', '--portable', '--no-window', '--/app/window/hideUi=1']
Passing the following args to the base kit application:  []
Warp 1.13.0 initialized:
   CUDA Toolkit 12.9, Driver 13.0
   Devices:
     "cpu"      : "x86_64"
     "cuda:0"   : "NVIDIA GeForce RTX 5070" (11 GiB, sm_120, mempool enabled)
   Kernel cache:
     /home/starry/.cache/warp/1.13.0
[LIGHTING] sun=800.0 (1) dome=0.0 (1) ambient=0.05 constant_color=(0.6, 0.65, 0.7)
[RENDER] mode=MinimalRendering minimal_shading_mode=2 anti_aliasing=TAA
[DEPTH CAMERAS] count=4 resolution_each=320x240 horizontal_coverage=360deg
[ESDF] path=/home/starry/isaac-data/EGO1P1/scenes/ego_swarm_cloud/occupancy.bin shape=(400, 300, 50) resolution=0.40m
[depth_angular_controller-1] [INFO] [1790679797.557520107] [depth_angular_controller]: WAITING_ODOMETRY
[NAV] t=0.0s position=(-64.00,-11.20,2.80) yaw=0.0deg command=(0.00,0.00,0.00) manual_active=0 collision_blocks=0
[depth_angular_controller-1] [INFO] [1790679797.929816283] [depth_angular_controller]: WAITING_VERIFIED_START_POSE
[depth_angular_controller-1] [INFO] [1790679797.963123215] [depth_angular_controller]: VERIFIED_FREE_SEED center=(-64.000,-11.200,2.800) radius=2.500 balls=1: verified fixed Cloud free ball; USD and occupancy SHA-256 matched
[depth_angular_controller-1] [INFO] [1790679797.963692042] [depth_angular_controller]: ZERO_INTENT
[depth_angular_controller-1] [INFO] [1790679798.757223811] [depth_angular_controller]: 3D guidance switched to view 0
[depth_angular_controller-1] [INFO] [1790679798.758824064] [depth_angular_controller]: TARGET_HOLD
[depth_angular_controller-1] [INFO] [1790679798.758839383] [depth_angular_controller]: PAPER_BUILD reason=READY required=0.0100 best=3.6217 free=44 refined=0 tubes=0 revoked_tubes=0 proofs=0
[depth_angular_controller-1] [INFO] [1790679798.758849893] [depth_angular_controller]: PAPER_EVIDENCE retained=4 balls=1 revoked_balls=0 expired_views=0 evicted_views=0 radius=0.580 clearance=0.667 best_prefix=3.622
[depth_angular_controller-1] [INFO] [1790679799.792393432] [depth_angular_controller]: PAPER_BUILD reason=READY required=0.4877 best=3.6217 free=30 refined=0 tubes=1 revoked_tubes=0 proofs=46
[depth_angular_controller-1] [INFO] [1790679799.792432746] [depth_angular_controller]: PAPER_EVIDENCE retained=8 balls=4 revoked_balls=0 expired_views=0 evicted_views=0 radius=0.580 clearance=0.667 best_prefix=3.622
[depth_angular_controller-1] [INFO] [1790679800.296416158] [depth_angular_controller]: OUTSIDE_FLOW_BOX
[10.895s] [ext: isaacsim.sensors.rtx.nodes-0.1.2] startup
[10.903s] [ext: isaacsim.ros2.core-1.9.4] startup
[10.917s] Attempting to load system rclpy
[10.917s] Could not import system rclpy: No module named 'rclpy'
[10.917s] Attempting to load internal rclpy for ROS Distro: humble
[10.929s] rclpy loaded
[10.933s] [ext: isaacsim.ros2.nodes-1.18.13] startup
[10.969s] [ext: isaacsim.ros2.examples-1.2.4] startup
[10.973s] [ext: isaacsim.ros2.ui-1.6.5] startup
[11.211s] [ext: isaacsim.ros2.bridge-5.1.2] startup
2026-09-29T11:03:17Z [13,468ms] [Warning] [omni.timeline.plugin] Deprecated: direct use of ITimeline callbacks is deprecated. Use ITimeline::getTimeline (Python: omni.timeline.get_timeline_interface) instead.
[depth_angular_controller-1] [INFO] [1790679800.763543187] [depth_angular_controller]: TARGET_HOLD
[depth_angular_controller-1] [INFO] [1790679800.771738927] [depth_angular_controller]: PAPER_BUILD reason=READY required=0.2293 best=3.6217 free=174 refined=0 tubes=3 revoked_tubes=0 proofs=86
[depth_angular_controller-1] [INFO] [1790679800.771771949] [depth_angular_controller]: PAPER_EVIDENCE retained=12 balls=10 revoked_balls=0 expired_views=0 evicted_views=0 radius=0.580 clearance=0.667 best_prefix=3.622
[depth_angular_controller-1] [INFO] [1790679801.786521931] [depth_angular_controller]: PAPER_BUILD reason=READY required=0.4956 best=3.6217 free=307 refined=0 tubes=4 revoked_tubes=0 proofs=128
[depth_angular_controller-1] [INFO] [1790679801.786560293] [depth_angular_controller]: PAPER_EVIDENCE retained=16 balls=14 revoked_balls=0 expired_views=0 evicted_views=0 radius=0.580 clearance=0.667 best_prefix=3.622
[position_cmd_to_twist-2] [INFO] [1790679802.654728710] [position_cmd_to_twist]: [PERF BRIDGE] run=motion_cloud6 elapsed=18.70s received=245 published=245 fps(ros/wall)=49.97/51.99 controller_to_bridge_ms(mean/p50/p95/max)=2.109/0.000/16.667/33.333 bridge_process_ms(mean/p95/max)=0.096/0.122/0.364
[NAV] t=5.0s position=(-61.25,-11.10,2.80) yaw=6.8deg command=(0.99,0.12,0.00) manual_active=1 collision_blocks=0
[depth_angular_controller-1] [INFO] [1790679802.731764110] [depth_angular_controller]: PAPER_BUILD reason=READY required=0.6200 best=3.6217 free=265 refined=0 tubes=6 revoked_tubes=0 proofs=128
[depth_angular_controller-1] [INFO] [1790679802.731801380] [depth_angular_controller]: PAPER_EVIDENCE retained=20 balls=21 revoked_balls=0 expired_views=0 evicted_views=0 radius=0.580 clearance=0.667 best_prefix=3.622
[depth_angular_controller-1] [INFO] [1790679802.967339275] [depth_angular_controller]: [PERF CTRL] run=motion_cloud6 elapsed=19.12s callbacks=261 commands=260 guidance=210 command_fps(ros/wall)=49.97/51.41 guidance_wall_fps=49.64 avoid_ms(mean/p50/p95/max)=2.355/0.049/17.954/28.887 cycle_ms(mean/p95/max)=19.450/36.827/96.500 depth_to_cmd_ms(mean/p95/max)=31.825/33.333/50.000 callback_to_publish_ms(mean/p95/max)=7.498/22.308/34.012
[depth_angular_controller-1] [INFO] [1790679803.749438811] [depth_angular_controller]: PAPER_BUILD reason=READY required=0.6215 best=3.6217 free=352 refined=0 tubes=8 revoked_tubes=0 proofs=128
[depth_angular_controller-1] [INFO] [1790679803.749478405] [depth_angular_controller]: PAPER_EVIDENCE retained=24 balls=27 revoked_balls=0 expired_views=0 evicted_views=0 radius=0.580 clearance=0.667 best_prefix=3.622
[depth_angular_controller-1] [INFO] [1790679804.361762056] [depth_angular_controller]: OUTSIDE_FLOW_BOX
[depth_angular_controller-1] [INFO] [1790679804.370074024] [depth_angular_controller]: TARGET_HOLD
[depth_angular_controller-1] [INFO] [1790679804.462589482] [depth_angular_controller]: OUTSIDE_FLOW_BOX
[depth_angular_controller-1] [INFO] [1790679804.571469910] [depth_angular_controller]: TARGET_HOLD
[depth_angular_controller-1] [INFO] [1790679805.026422564] [depth_angular_controller]: PAPER_BUILD reason=READY required=0.1695 best=3.6217 free=263 refined=0 tubes=10 revoked_tubes=0 proofs=128
[depth_angular_controller-1] [INFO] [1790679805.026470043] [depth_angular_controller]: PAPER_EVIDENCE retained=28 balls=32 revoked_balls=0 expired_views=0 evicted_views=0 radius=0.580 clearance=0.605 best_prefix=3.622
[depth_angular_controller-1] [INFO] [1790679805.307667860] [depth_angular_controller]: OUTSIDE_FLOW_BOX
[depth_angular_controller-1] [INFO] [1790679805.421375546] [depth_angular_controller]: TARGET_HOLD
[depth_angular_controller-1] [INFO] [1790679805.992284115] [depth_angular_controller]: PAPER_BUILD reason=READY required=0.1637 best=3.6217 free=290 refined=0 tubes=11 revoked_tubes=0 proofs=128
[depth_angular_controller-1] [INFO] [1790679805.992323820] [depth_angular_controller]: PAPER_EVIDENCE retained=32 balls=32 revoked_balls=0 expired_views=0 evicted_views=0 radius=0.580 clearance=0.195 best_prefix=3.622
[depth_angular_controller-1] [INFO] [1790679806.634022930] [depth_angular_controller]: OUTSIDE_FLOW_BOX
[depth_angular_controller-1] [INFO] [1790679806.662240431] [depth_angular_controller]: TARGET_HOLD
[depth_angular_controller-1] [INFO] [1790679806.840005753] [depth_angular_controller]: OUTSIDE_FLOW_BOX
[depth_angular_controller-1] [INFO] [1790679806.942191739] [depth_angular_controller]: TARGET_HOLD
[depth_angular_controller-1] [INFO] [1790679807.147649888] [depth_angular_controller]: PAPER_BUILD reason=READY required=0.0100 best=3.6217 free=23 refined=0 tubes=11 revoked_tubes=0 proofs=128
[depth_angular_controller-1] [INFO] [1790679807.147691145] [depth_angular_controller]: PAPER_EVIDENCE retained=32 balls=32 revoked_balls=0 expired_views=0 evicted_views=0 radius=0.580 clearance=0.667 best_prefix=3.622
[depth_angular_controller-1] [INFO] [1790679807.200507287] [depth_angular_controller]: 3D guidance switched to view 1
[depth_angular_controller-1] [INFO] [1790679807.298688467] [depth_angular_controller]: OUTSIDE_FLOW_BOX
[depth_angular_controller-1] [INFO] [1790679807.321675002] [depth_angular_controller]: TARGET_HOLD
[depth_angular_controller-1] [INFO] [1790679807.410067934] [depth_angular_controller]: OUTSIDE_FLOW_BOX
[depth_angular_controller-1] [INFO] [1790679807.427670646] [depth_angular_controller]: TARGET_HOLD
[depth_angular_controller-1] [INFO] [1790679807.466722599] [depth_angular_controller]: 3D guidance switched to view 0
[depth_angular_controller-1] [INFO] [1790679807.517284129] [depth_angular_controller]: TRACKING
[depth_angular_controller-1] [INFO] [1790679807.536704071] [depth_angular_controller]: TARGET_HOLD
[depth_angular_controller-1] [INFO] [1790679807.740290769] [depth_angular_controller]: OUTSIDE_FLOW_BOX
[depth_angular_controller-1] [INFO] [1790679807.759447206] [depth_angular_controller]: STATE_OUTSIDE_FREE_DOMAIN
[depth_angular_controller-1] [INFO] [1790679807.777795688] [depth_angular_controller]: OUTSIDE_FLOW_BOX
[depth_angular_controller-1] [INFO] [1790679807.942723310] [depth_angular_controller]: 3D guidance switched to view 3
[position_cmd_to_twist-2] [INFO] [1790679807.957330020] [position_cmd_to_twist]: [PERF BRIDGE] run=motion_cloud6 elapsed=24.01s received=475 published=475 fps(ros/wall)=48.12/47.44 controller_to_bridge_ms(mean/p50/p95/max)=6.351/0.000/33.333/50.000 bridge_process_ms(mean/p95/max)=0.103/0.128/1.975
[depth_angular_controller-1] [INFO] [1790679807.962619716] [depth_angular_controller]: TARGET_HOLD
[depth_angular_controller-1] [INFO] [1790679807.984237403] [depth_angular_controller]: [PERF CTRL] run=motion_cloud6 elapsed=24.14s callbacks=478 commands=477 guidance=427 command_fps(ros/wall)=48.00/47.34 guidance_wall_fps=46.17 avoid_ms(mean/p50/p95/max)=3.146/0.156/17.960/28.887 cycle_ms(mean/p95/max)=21.123/41.446/152.322 depth_to_cmd_ms(mean/p95/max)=29.742/33.333/50.000 callback_to_publish_ms(mean/p95/max)=11.490/27.723/41.958
[NAV] t=10.0s position=(-58.88,-10.50,2.78) yaw=76.2deg command=(0.00,0.02,0.00) manual_active=1 collision_blocks=0
[depth_angular_controller-1] [INFO] [1790679808.063974993] [depth_angular_controller]: 3D guidance switched to view 0
[depth_angular_controller-1] [INFO] [1790679808.107507313] [depth_angular_controller]: STATE_OUTSIDE_FREE_DOMAIN
[depth_angular_controller-1] [INFO] [1790679808.107994767] [depth_angular_controller]: PAPER_BUILD reason=READY required=0.0100 best=3.6217 free=122 refined=0 tubes=12 revoked_tubes=0 proofs=128
[depth_angular_controller-1] [INFO] [1790679808.108007371] [depth_angular_controller]: PAPER_EVIDENCE retained=32 balls=32 revoked_balls=0 expired_views=0 evicted_views=4 radius=0.580 clearance=0.000 best_prefix=3.622
[depth_angular_controller-1] [INFO] [1790679808.177399718] [depth_angular_controller]: OUTSIDE_FLOW_BOX
[depth_angular_controller-1] [INFO] [1790679808.196991493] [depth_angular_controller]: TARGET_HOLD
[depth_angular_controller-1] [INFO] [1790679809.133965706] [depth_angular_controller]: PAPER_BUILD reason=READY required=0.3247 best=3.6217 free=175 refined=0 tubes=14 revoked_tubes=0 proofs=128
[depth_angular_controller-1] [INFO] [1790679809.134006373] [depth_angular_controller]: PAPER_EVIDENCE retained=32 balls=32 revoked_balls=0 expired_views=0 evicted_views=8 radius=0.580 clearance=0.667 best_prefix=3.622
[depth_angular_controller-1] [INFO] [1790679810.170077425] [depth_angular_controller]: PAPER_BUILD reason=READY required=0.6193 best=3.6217 free=348 refined=0 tubes=16 revoked_tubes=0 proofs=128
[depth_angular_controller-1] [INFO] [1790679810.170114084] [depth_angular_controller]: PAPER_EVIDENCE retained=32 balls=32 revoked_balls=0 expired_views=0 evicted_views=12 radius=0.580 clearance=0.667 best_prefix=3.622
[depth_angular_controller-1] [INFO] [1790679811.432472121] [depth_angular_controller]: PAPER_BUILD reason=READY required=0.6216 best=3.6217 free=244 refined=0 tubes=18 revoked_tubes=0 proofs=128
[depth_angular_controller-1] [INFO] [1790679811.432512487] [depth_angular_controller]: PAPER_EVIDENCE retained=32 balls=32 revoked_balls=0 expired_views=0 evicted_views=16 radius=0.580 clearance=0.667 best_prefix=3.622
[depth_angular_controller-1] [INFO] [1790679812.485966919] [depth_angular_controller]: PAPER_BUILD reason=READY required=0.6217 best=3.6217 free=265 refined=0 tubes=20 revoked_tubes=0 proofs=128
[depth_angular_controller-1] [INFO] [1790679812.488400306] [depth_angular_controller]: PAPER_EVIDENCE retained=32 balls=32 revoked_balls=0 expired_views=0 evicted_views=20 radius=0.580 clearance=0.667 best_prefix=3.622
[depth_angular_controller-1] [INFO] [1790679812.991477938] [depth_angular_controller]: [PERF CTRL] run=motion_cloud6 elapsed=29.15s callbacks=694 commands=693 guidance=643 command_fps(ros/wall)=47.56/45.94 guidance_wall_fps=45.10 avoid_ms(mean/p50/p95/max)=3.113/0.168/17.632/28.887 cycle_ms(mean/p95/max)=21.765/42.418/152.322 depth_to_cmd_ms(mean/p95/max)=28.875/33.333/50.000 callback_to_publish_ms(mean/p95/max)=13.286/30.859/45.342
[position_cmd_to_twist-2] [INFO] [1790679813.305856941] [position_cmd_to_twist]: [PERF BRIDGE] run=motion_cloud6 elapsed=29.36s received=709 published=709 fps(ros/wall)=47.57/46.11 controller_to_bridge_ms(mean/p50/p95/max)=8.298/0.000/33.333/50.000 bridge_process_ms(mean/p95/max)=0.106/0.129/1.975
[NAV] t=15.0s position=(-58.90,-6.29,2.78) yaw=90.0deg command=(-0.00,1.00,0.00) manual_active=1 collision_blocks=0
[depth_angular_controller-1] [INFO] [1790679813.525287760] [depth_angular_controller]: PAPER_BUILD reason=READY required=0.6217 best=3.6217 free=195 refined=0 tubes=22 revoked_tubes=0 proofs=128
[depth_angular_controller-1] [INFO] [1790679813.525328787] [depth_angular_controller]: PAPER_EVIDENCE retained=32 balls=32 revoked_balls=0 expired_views=0 evicted_views=24 radius=0.580 clearance=0.667 best_prefix=3.622
[depth_angular_controller-1] [INFO] [1790679814.624057218] [depth_angular_controller]: PAPER_BUILD reason=READY required=0.6217 best=3.6217 free=197 refined=0 tubes=24 revoked_tubes=0 proofs=128
[depth_angular_controller-1] [INFO] [1790679814.624100569] [depth_angular_controller]: PAPER_EVIDENCE retained=32 balls=32 revoked_balls=0 expired_views=0 evicted_views=28 radius=0.580 clearance=0.667 best_prefix=3.622
[depth_angular_controller-1] [INFO] [1790679815.665902055] [depth_angular_controller]: PAPER_BUILD reason=READY required=0.6217 best=3.6217 free=213 refined=0 tubes=26 revoked_tubes=0 proofs=128
[depth_angular_controller-1] [INFO] [1790679815.665938353] [depth_angular_controller]: PAPER_EVIDENCE retained=32 balls=32 revoked_balls=0 expired_views=0 evicted_views=32 radius=0.580 clearance=0.667 best_prefix=3.622
[depth_angular_controller-1] [INFO] [1790679816.612310322] [depth_angular_controller]: PAPER_BUILD reason=READY required=0.6217 best=3.6217 free=311 refined=0 tubes=28 revoked_tubes=0 proofs=128
[depth_angular_controller-1] [INFO] [1790679816.612363682] [depth_angular_controller]: PAPER_EVIDENCE retained=32 balls=32 revoked_balls=0 expired_views=0 evicted_views=36 radius=0.580 clearance=0.667 best_prefix=3.622
[depth_angular_controller-1] [INFO] [1790679817.554095213] [depth_angular_controller]: PAPER_BUILD reason=READY required=0.1945 best=3.6217 free=292 refined=0 tubes=30 revoked_tubes=0 proofs=128
[depth_angular_controller-1] [INFO] [1790679817.554136500] [depth_angular_controller]: PAPER_EVIDENCE retained=32 balls=32 revoked_balls=0 expired_views=0 evicted_views=40 radius=0.580 clearance=0.223 best_prefix=3.622
[depth_angular_controller-1] [INFO] [1790679817.995041824] [depth_angular_controller]: [PERF CTRL] run=motion_cloud6 elapsed=34.15s callbacks=933 commands=932 guidance=882 command_fps(ros/wall)=47.42/46.40 guidance_wall_fps=45.80 avoid_ms(mean/p50/p95/max)=3.507/0.282/19.295/29.824 cycle_ms(mean/p95/max)=21.552/42.517/152.322 depth_to_cmd_ms(mean/p95/max)=28.458/33.333/50.000 callback_to_publish_ms(mean/p95/max)=14.033/32.127/45.342
[position_cmd_to_twist-2] [INFO] [1790679818.229314855] [position_cmd_to_twist]: [PERF BRIDGE] run=motion_cloud6 elapsed=34.28s received=938 published=938 fps(ros/wall)=47.36/46.36 controller_to_bridge_ms(mean/p50/p95/max)=9.168/0.000/33.333/50.000 bridge_process_ms(mean/p95/max)=0.108/0.133/2.407
[depth_angular_controller-1] [INFO] [1790679818.279782890] [depth_angular_controller]: COMPUTE_DEADLINE
[NAV] t=20.0s position=(-58.90,-2.14,2.78) yaw=90.0deg command=(-0.00,0.03,0.00) manual_active=1 collision_blocks=0
[depth_angular_controller-1] [INFO] [1790679818.327149214] [depth_angular_controller]: TARGET_HOLD
[depth_angular_controller-1] [INFO] [1790679818.658578292] [depth_angular_controller]: PAPER_BUILD reason=READY required=0.0100 best=3.6217 free=28 refined=0 tubes=30 revoked_tubes=0 proofs=128
[depth_angular_controller-1] [INFO] [1790679818.658610192] [depth_angular_controller]: PAPER_EVIDENCE retained=32 balls=32 revoked_balls=0 expired_views=0 evicted_views=44 radius=0.580 clearance=0.667 best_prefix=3.622
[depth_angular_controller-1] [INFO] [1790679819.353453589] [depth_angular_controller]: COMPUTE_DEADLINE
[depth_angular_controller-1] [INFO] [1790679819.701452381] [depth_angular_controller]: PAPER_BUILD reason=READY required=0.1808 best=3.6217 free=774 refined=1 tubes=32 revoked_tubes=0 proofs=128
[depth_angular_controller-1] [INFO] [1790679819.701490733] [depth_angular_controller]: PAPER_EVIDENCE retained=32 balls=32 revoked_balls=0 expired_views=0 evicted_views=48 radius=0.580 clearance=0.631 best_prefix=3.622
[depth_angular_controller-1] [INFO] [1790679819.825117532] [depth_angular_controller]: TARGET_HOLD
[depth_angular_controller-1] [INFO] [1790679820.427188078] [depth_angular_controller]: TRACKING
[depth_angular_controller-1] [INFO] [1790679820.670354839] [depth_angular_controller]: COMPUTE_DEADLINE
[depth_angular_controller-1] [INFO] [1790679820.796938176] [depth_angular_controller]: PAPER_BUILD reason=STATE_OUTSIDE_COMPONENT required=0.1421 best=3.6217 free=900 refined=1 tubes=33 revoked_tubes=0 proofs=128
[depth_angular_controller-1] [INFO] [1790679820.796976689] [depth_angular_controller]: PAPER_EVIDENCE retained=32 balls=32 revoked_balls=0 expired_views=0 evicted_views=52 radius=0.580 clearance=0.000 best_prefix=3.622
[depth_angular_controller-1] [INFO] [1790679820.832262534] [depth_angular_controller]: REFERENCE_INITIALIZATION
[depth_angular_controller-1] [INFO] [1790679821.209399584] [depth_angular_controller]: COMPUTE_DEADLINE
[depth_angular_controller-1] [INFO] [1790679821.374724792] [depth_angular_controller]: TARGET_HOLD
[depth_angular_controller-1] [INFO] [1790679821.873330242] [depth_angular_controller]: COMPUTE_DEADLINE
[depth_angular_controller-1] [INFO] [1790679821.873362573] [depth_angular_controller]: PAPER_BUILD reason=STATE_OUTSIDE_COMPONENT required=0.0780 best=3.6217 free=800 refined=1 tubes=34 revoked_tubes=0 proofs=128
[depth_angular_controller-1] [INFO] [1790679821.873370919] [depth_angular_controller]: PAPER_EVIDENCE retained=32 balls=32 revoked_balls=0 expired_views=0 evicted_views=56 radius=0.580 clearance=0.000 best_prefix=3.622
[depth_angular_controller-1] [INFO] [1790679822.045347619] [depth_angular_controller]: TARGET_HOLD
[depth_angular_controller-1] [INFO] [1790679822.564373258] [depth_angular_controller]: TRACKING
[depth_angular_controller-1] [INFO] [1790679822.849588123] [depth_angular_controller]: TARGET_HOLD
[depth_angular_controller-1] [INFO] [1790679822.952385927] [depth_angular_controller]: PAPER_BUILD reason=READY required=0.4489 best=3.6217 free=175 refined=0 tubes=44 revoked_tubes=0 proofs=128
[depth_angular_controller-1] [INFO] [1790679822.952423467] [depth_angular_controller]: PAPER_EVIDENCE retained=32 balls=32 revoked_balls=0 expired_views=0 evicted_views=60 radius=0.580 clearance=0.667 best_prefix=3.622
[depth_angular_controller-1] [INFO] [1790679823.008384149] [depth_angular_controller]: [PERF CTRL] run=motion_cloud6 elapsed=39.17s callbacks=1073 commands=1072 guidance=1022 command_fps(ros/wall)=43.86/42.71 guidance_wall_fps=42.10 avoid_ms(mean/p50/p95/max)=5.234/0.507/23.097/154.534 cycle_ms(mean/p95/max)=23.416/49.625/172.393 depth_to_cmd_ms(mean/p95/max)=27.626/33.333/50.000 callback_to_publish_ms(mean/p95/max)=16.400/36.487/172.271
[position_cmd_to_twist-2] [INFO] [1790679823.462103880] [position_cmd_to_twist]: [PERF BRIDGE] run=motion_cloud6 elapsed=39.51s received=1091 published=1082 fps(ros/wall)=43.80/42.35 controller_to_bridge_ms(mean/p50/p95/max)=11.946/16.667/33.333/183.333 bridge_process_ms(mean/p95/max)=0.108/0.134/2.407
[NAV] t=25.0s position=(-59.28,-0.68,3.88) yaw=90.2deg command=(-0.00,0.76,0.63) manual_active=1 collision_blocks=0
[depth_angular_controller-1] [INFO] [1790679823.966222485] [depth_angular_controller]: PAPER_BUILD reason=READY required=0.6193 best=3.6217 free=260 refined=0 tubes=46 revoked_tubes=0 proofs=128
[depth_angular_controller-1] [INFO] [1790679823.966256158] [depth_angular_controller]: PAPER_EVIDENCE retained=32 balls=32 revoked_balls=0 expired_views=0 evicted_views=64 radius=0.580 clearance=0.667 best_prefix=3.622
[depth_angular_controller-1] [INFO] [1790679824.747264567] [depth_angular_controller]: COMPUTE_DEADLINE
[depth_angular_controller-1] [INFO] [1790679824.762053619] [depth_angular_controller]: TARGET_HOLD
[depth_angular_controller-1] [INFO] [1790679824.858808863] [depth_angular_controller]: COMPUTE_DEADLINE
[depth_angular_controller-1] [INFO] [1790679825.033768170] [depth_angular_controller]: TARGET_HOLD
[depth_angular_controller-1] [INFO] [1790679825.033806252] [depth_angular_controller]: PAPER_BUILD reason=READY required=0.3553 best=3.6217 free=320 refined=0 tubes=48 revoked_tubes=0 proofs=128
[depth_angular_controller-1] [INFO] [1790679825.033816691] [depth_angular_controller]: PAPER_EVIDENCE retained=32 balls=32 revoked_balls=0 expired_views=0 evicted_views=68 radius=0.580 clearance=0.667 best_prefix=3.622
[depth_angular_controller-1] [INFO] [1790679826.026614871] [depth_angular_controller]: PAPER_BUILD reason=READY required=0.5326 best=3.6217 free=314 refined=0 tubes=49 revoked_tubes=0 proofs=128
[depth_angular_controller-1] [INFO] [1790679826.026653884] [depth_angular_controller]: PAPER_EVIDENCE retained=32 balls=32 revoked_balls=0 expired_views=0 evicted_views=73 radius=0.580 clearance=0.667 best_prefix=3.622
[depth_angular_controller-1] [INFO] [1790679826.615186836] [depth_angular_controller]: INTENT_REVERSAL_BRAKE
[depth_angular_controller-1] [INFO] [1790679826.966802124] [depth_angular_controller]: PAPER_BUILD reason= required=0.0000 best=0.0000 free=0 refined=0 tubes=51 revoked_tubes=0 proofs=128
[depth_angular_controller-1] [INFO] [1790679826.966837490] [depth_angular_controller]: PAPER_EVIDENCE retained=32 balls=32 revoked_balls=0 expired_views=0 evicted_views=77 radius=0.580 clearance=0.000 best_prefix=3.622
[depth_angular_controller-1] [INFO] [1790679827.406907586] [depth_angular_controller]: 3D guidance switched to view 2
[depth_angular_controller-1] [INFO] [1790679827.438484992] [depth_angular_controller]: TARGET_HOLD
[depth_angular_controller-1] [INFO] [1790679827.885144835] [depth_angular_controller]: PAPER_BUILD reason=READY required=0.0974 best=3.6217 free=287 refined=0 tubes=52 revoked_tubes=0 proofs=128
[depth_angular_controller-1] [INFO] [1790679827.885179720] [depth_angular_controller]: PAPER_EVIDENCE retained=32 balls=32 revoked_balls=0 expired_views=0 evicted_views=80 radius=0.580 clearance=0.667 best_prefix=3.622
[depth_angular_controller-1] [INFO] [1790679828.043148654] [depth_angular_controller]: [PERF CTRL] run=motion_cloud6 elapsed=44.20s callbacks=1287 commands=1286 guidance=1236 command_fps(ros/wall)=43.53/42.67 guidance_wall_fps=42.17 avoid_ms(mean/p50/p95/max)=5.543/0.363/25.952/154.534 cycle_ms(mean/p95/max)=23.434/52.341/172.393 depth_to_cmd_ms(mean/p95/max)=27.535/33.333/50.000 callback_to_publish_ms(mean/p95/max)=16.719/40.247/172.271
[depth_angular_controller-1] [INFO] [1790679828.141935922] [depth_angular_controller]: 3D guidance switched to view 1
[position_cmd_to_twist-2] [INFO] [1790679828.437556524] [position_cmd_to_twist]: [PERF BRIDGE] run=motion_cloud6 elapsed=44.49s received=1302 published=1291 fps(ros/wall)=43.56/42.33 controller_to_bridge_ms(mean/p50/p95/max)=11.930/0.000/33.333/183.333 bridge_process_ms(mean/p95/max)=0.107/0.136/2.407
[NAV] t=30.0s position=(-59.26,1.37,5.41) yaw=166.0deg command=(0.04,-0.94,0.00) manual_active=1 collision_blocks=0
[depth_angular_controller-1] [INFO] [1790679829.016602443] [depth_angular_controller]: PAPER_BUILD reason=READY required=0.6059 best=3.6217 free=300 refined=0 tubes=53 revoked_tubes=0 proofs=128
[depth_angular_controller-1] [INFO] [1790679829.016642298] [depth_angular_controller]: PAPER_EVIDENCE retained=32 balls=32 revoked_balls=0 expired_views=0 evicted_views=85 radius=0.580 clearance=0.667 best_prefix=3.622
[depth_angular_controller-1] [INFO] [1790679829.582718218] [depth_angular_controller]: 3D guidance switched to view 0
[depth_angular_controller-1] [INFO] [1790679830.204114880] [depth_angular_controller]: PAPER_BUILD reason=READY required=0.6215 best=3.6217 free=331 refined=0 tubes=55 revoked_tubes=0 proofs=128
[depth_angular_controller-1] [INFO] [1790679830.204155196] [depth_angular_controller]: PAPER_EVIDENCE retained=32 balls=32 revoked_balls=0 expired_views=0 evicted_views=89 radius=0.580 clearance=0.667 best_prefix=3.622
[depth_angular_controller-1] [INFO] [1790679831.160270268] [depth_angular_controller]: PAPER_BUILD reason=READY required=0.6217 best=3.6217 free=335 refined=0 tubes=57 revoked_tubes=0 proofs=128
[depth_angular_controller-1] [INFO] [1790679831.160305283] [depth_angular_controller]: PAPER_EVIDENCE retained=32 balls=32 revoked_balls=0 expired_views=0 evicted_views=93 radius=0.580 clearance=0.667 best_prefix=3.622
[depth_angular_controller-1] [INFO] [1790679831.256867566] [depth_angular_controller]: OUTSIDE_FLOW_BOX
[depth_angular_controller-1] [INFO] [1790679831.288210943] [depth_angular_controller]: TARGET_HOLD
[depth_angular_controller-1] [INFO] [1790679831.360234828] [depth_angular_controller]: OUTSIDE_FLOW_BOX
[depth_angular_controller-1] [INFO] [1790679831.387789495] [depth_angular_controller]: TARGET_HOLD
[depth_angular_controller-1] [INFO] [1790679831.517835801] [depth_angular_controller]: OUTSIDE_FLOW_BOX
[depth_angular_controller-1] [INFO] [1790679831.545867103] [depth_angular_controller]: TARGET_HOLD
[depth_angular_controller-1] [INFO] [1790679831.630274286] [depth_angular_controller]: OUTSIDE_FLOW_BOX
[depth_angular_controller-1] [INFO] [1790679831.642700745] [depth_angular_controller]: TARGET_HOLD
[depth_angular_controller-1] [INFO] [1790679831.738159226] [depth_angular_controller]: OUTSIDE_FLOW_BOX
[depth_angular_controller-1] [INFO] [1790679831.750181145] [depth_angular_controller]: TARGET_HOLD
[depth_angular_controller-1] [INFO] [1790679831.829657595] [depth_angular_controller]: OUTSIDE_FLOW_BOX
[depth_angular_controller-1] [INFO] [1790679831.839532586] [depth_angular_controller]: TARGET_HOLD
[depth_angular_controller-1] [INFO] [1790679831.926058395] [depth_angular_controller]: OUTSIDE_FLOW_BOX
[depth_angular_controller-1] [INFO] [1790679831.936881485] [depth_angular_controller]: TARGET_HOLD
[depth_angular_controller-1] [INFO] [1790679832.033838327] [depth_angular_controller]: OUTSIDE_FLOW_BOX
[depth_angular_controller-1] [INFO] [1790679832.045046670] [depth_angular_controller]: TARGET_HOLD
[depth_angular_controller-1] [INFO] [1790679832.131379797] [depth_angular_controller]: OUTSIDE_FLOW_BOX
[depth_angular_controller-1] [INFO] [1790679832.141674686] [depth_angular_controller]: TARGET_HOLD
[depth_angular_controller-1] [INFO] [1790679832.226107237] [depth_angular_controller]: OUTSIDE_FLOW_BOX
[depth_angular_controller-1] [INFO] [1790679832.240632153] [depth_angular_controller]: TARGET_HOLD
[depth_angular_controller-1] [INFO] [1790679832.240665736] [depth_angular_controller]: PAPER_BUILD reason=READY required=0.0267 best=3.6217 free=266 refined=0 tubes=58 revoked_tubes=0 proofs=128
[depth_angular_controller-1] [INFO] [1790679832.240673571] [depth_angular_controller]: PAPER_EVIDENCE retained=32 balls=32 revoked_balls=0 expired_views=0 evicted_views=97 radius=0.580 clearance=0.667 best_prefix=3.622
[depth_angular_controller-1] [INFO] [1790679832.336123927] [depth_angular_controller]: OUTSIDE_FLOW_BOX
[depth_angular_controller-1] [INFO] [1790679832.346866946] [depth_angular_controller]: TARGET_HOLD
[depth_angular_controller-1] [INFO] [1790679832.453920927] [depth_angular_controller]: OUTSIDE_FLOW_BOX
[depth_angular_controller-1] [INFO] [1790679832.496740379] [depth_angular_controller]: TARGET_HOLD
[depth_angular_controller-1] [INFO] [1790679832.553842232] [depth_angular_controller]: TRACKING
[depth_angular_controller-1] [INFO] [1790679832.648847182] [depth_angular_controller]: OUTSIDE_FLOW_BOX
[depth_angular_controller-1] [INFO] [1790679832.661293879] [depth_angular_controller]: TARGET_HOLD
[depth_angular_controller-1] [INFO] [1790679832.753653795] [depth_angular_controller]: OUTSIDE_FLOW_BOX
[depth_angular_controller-1] [INFO] [1790679832.792902347] [depth_angular_controller]: TRACKING
[depth_angular_controller-1] [INFO] [1790679832.945764818] [depth_angular_controller]: OUTSIDE_FLOW_BOX
[depth_angular_controller-1] [INFO] [1790679832.969252464] [depth_angular_controller]: STATE_OUTSIDE_FREE_DOMAIN
[depth_angular_controller-1] [INFO] [1790679833.057227722] [depth_angular_controller]: [PERF CTRL] run=motion_cloud6 elapsed=49.21s callbacks=1521 commands=1520 guidance=1470 command_fps(ros/wall)=44.37/43.24 guidance_wall_fps=42.83 avoid_ms(mean/p50/p95/max)=4.929/0.262/23.981/154.534 cycle_ms(mean/p95/max)=23.125/51.847/172.393 depth_to_cmd_ms(mean/p95/max)=28.333/33.333/50.000 callback_to_publish_ms(mean/p95/max)=15.942/37.675/172.271
[depth_angular_controller-1] [INFO] [1790679833.057316909] [depth_angular_controller]: TRACKING
[depth_angular_controller-1] [INFO] [1790679833.079019114] [depth_angular_controller]: OUTSIDE_FLOW_BOX
[depth_angular_controller-1] [INFO] [1790679833.159081093] [depth_angular_controller]: TRACKING
[depth_angular_controller-1] [INFO] [1790679833.171633118] [depth_angular_controller]: PAPER_BUILD reason=READY required=0.0100 best=3.6217 free=261 refined=0 tubes=58 revoked_tubes=0 proofs=128
[depth_angular_controller-1] [INFO] [1790679833.171668835] [depth_angular_controller]: PAPER_EVIDENCE retained=32 balls=32 revoked_balls=0 expired_views=0 evicted_views=100 radius=0.580 clearance=0.667 best_prefix=3.622
[depth_angular_controller-1] [INFO] [1790679833.183230791] [depth_angular_controller]: OUTSIDE_FLOW_BOX
[depth_angular_controller-1] [INFO] [1790679833.246068168] [depth_angular_controller]: TRACKING
[depth_angular_controller-1] [INFO] [1790679833.283267213] [depth_angular_controller]: OUTSIDE_FLOW_BOX
[depth_angular_controller-1] [INFO] [1790679833.333467716] [depth_angular_controller]: TRACKING
[depth_angular_controller-1] [INFO] [1790679833.427183927] [depth_angular_controller]: OUTSIDE_FLOW_BOX
[depth_angular_controller-1] [INFO] [1790679833.508556967] [depth_angular_controller]: TRACKING
[depth_angular_controller-1] [INFO] [1790679833.682859862] [depth_angular_controller]: OUTSIDE_FLOW_BOX
[depth_angular_controller-1] [INFO] [1790679833.692585913] [depth_angular_controller]: TARGET_HOLD
[position_cmd_to_twist-2] [INFO] [1790679833.713371939] [position_cmd_to_twist]: [PERF BRIDGE] run=motion_cloud6 elapsed=49.76s received=1553 published=1542 fps(ros/wall)=44.47/43.08 controller_to_bridge_ms(mean/p50/p95/max)=10.485/0.000/33.333/183.333 bridge_process_ms(mean/p95/max)=0.109/0.134/2.802
[NAV] t=35.0s position=(-59.20,-1.54,5.41) yaw=267.0deg command=(-0.00,-0.07,0.00) manual_active=1 collision_blocks=0
[depth_angular_controller-1] [INFO] [1790679833.791547137] [depth_angular_controller]: OUTSIDE_FLOW_BOX
[depth_angular_controller-1] [INFO] [1790679833.803113782] [depth_angular_controller]: TARGET_HOLD
[depth_angular_controller-1] [INFO] [1790679833.991935954] [depth_angular_controller]: OUTSIDE_FLOW_BOX
[depth_angular_controller-1] [INFO] [1790679834.004176944] [depth_angular_controller]: STATE_OUTSIDE_FREE_DOMAIN
[depth_angular_controller-1] [INFO] [1790679834.088658507] [depth_angular_controller]: OUTSIDE_FLOW_BOX
[depth_angular_controller-1] [INFO] [1790679834.122158921] [depth_angular_controller]: TARGET_HOLD
[depth_angular_controller-1] [INFO] [1790679834.152810961] [depth_angular_controller]: PAPER_BUILD reason=READY required=0.0186 best=3.6217 free=255 refined=0 tubes=58 revoked_tubes=0 proofs=128
[depth_angular_controller-1] [INFO] [1790679834.152846758] [depth_angular_controller]: PAPER_EVIDENCE retained=32 balls=32 revoked_balls=0 expired_views=0 evicted_views=100 radius=0.580 clearance=0.667 best_prefix=3.622
[depth_angular_controller-1] [INFO] [1790679834.191133725] [depth_angular_controller]: TRACKING
[depth_angular_controller-1] [INFO] [1790679834.283734704] [depth_angular_controller]: TARGET_HOLD
[depth_angular_controller-1] [INFO] [1790679835.150985469] [depth_angular_controller]: PAPER_BUILD reason=READY required=0.4991 best=3.6217 free=175 refined=0 tubes=59 revoked_tubes=0 proofs=128
[depth_angular_controller-1] [INFO] [1790679835.151024212] [depth_angular_controller]: PAPER_EVIDENCE retained=32 balls=32 revoked_balls=0 expired_views=0 evicted_views=104 radius=0.580 clearance=0.667 best_prefix=3.622
[depth_angular_controller-1] [INFO] [1790679835.433227616] [depth_angular_controller]: OUTSIDE_FLOW_BOX
[depth_angular_controller-1] [INFO] [1790679835.442249486] [depth_angular_controller]: STATE_OUTSIDE_FREE_DOMAIN
[depth_angular_controller-1] [INFO] [1790679835.528439444] [depth_angular_controller]: OUTSIDE_FLOW_BOX
[depth_angular_controller-1] [INFO] [1790679836.222077569] [depth_angular_controller]: PAPER_BUILD reason=READY required=0.0371 best=3.6217 free=89 refined=0 tubes=61 revoked_tubes=0 proofs=128
[depth_angular_controller-1] [INFO] [1790679836.222119167] [depth_angular_controller]: PAPER_EVIDENCE retained=32 balls=32 revoked_balls=0 expired_views=0 evicted_views=108 radius=0.580 clearance=0.000 best_prefix=3.622
[depth_angular_controller-1] [INFO] [1790679836.297959154] [depth_angular_controller]: TRACKING
[depth_angular_controller-1] [INFO] [1790679836.502645034] [depth_angular_controller]: OUTSIDE_FLOW_BOX
[depth_angular_controller-1] [INFO] [1790679836.513157801] [depth_angular_controller]: TARGET_HOLD
[depth_angular_controller-1] [INFO] [1790679836.597634314] [depth_angular_controller]: OUTSIDE_FLOW_BOX
[depth_angular_controller-1] [INFO] [1790679836.666569373] [depth_angular_controller]: TARGET_HOLD
[depth_angular_controller-1] [INFO] [1790679836.762425310] [depth_angular_controller]: OUTSIDE_FLOW_BOX
[depth_angular_controller-1] [INFO] [1790679836.775476371] [depth_angular_controller]: TARGET_HOLD
[depth_angular_controller-1] [INFO] [1790679836.936019215] [depth_angular_controller]: OUTSIDE_FLOW_BOX
[depth_angular_controller-1] [INFO] [1790679836.943801008] [depth_angular_controller]: TARGET_HOLD
[depth_angular_controller-1] [INFO] [1790679837.111083449] [depth_angular_controller]: OUTSIDE_FLOW_BOX
[depth_angular_controller-1] [INFO] [1790679837.123152927] [depth_angular_controller]: TARGET_HOLD
[depth_angular_controller-1] [INFO] [1790679837.299491964] [depth_angular_controller]: SINGULAR_FIELD
[depth_angular_controller-1] [INFO] [1790679837.306890417] [depth_angular_controller]: STATE_OUTSIDE_FREE_DOMAIN
[depth_angular_controller-1] [INFO] [1790679837.423599886] [depth_angular_controller]: PAPER_BUILD reason=READY required=0.0218 best=3.6217 free=86 refined=0 tubes=61 revoked_tubes=0 proofs=128
[depth_angular_controller-1] [INFO] [1790679837.423638358] [depth_angular_controller]: PAPER_EVIDENCE retained=32 balls=32 revoked_balls=0 expired_views=0 evicted_views=112 radius=0.580 clearance=0.000 best_prefix=3.622
[depth_angular_controller-1] [INFO] [1790679837.471214797] [depth_angular_controller]: TRACKING
[depth_angular_controller-1] [INFO] [1790679837.501551195] [depth_angular_controller]: OUTSIDE_FLOW_BOX
[depth_angular_controller-1] [INFO] [1790679837.554841997] [depth_angular_controller]: TRACKING
[depth_angular_controller-1] [INFO] [1790679837.590478199] [depth_angular_controller]: OUTSIDE_FLOW_BOX
[depth_angular_controller-1] [INFO] [1790679837.644067361] [depth_angular_controller]: TRACKING
[depth_angular_controller-1] [INFO] [1790679837.677483177] [depth_angular_controller]: OUTSIDE_FLOW_BOX
[depth_angular_controller-1] [INFO] [1790679837.760682393] [depth_angular_controller]: TRACKING
[depth_angular_controller-1] [INFO] [1790679838.009805841] [depth_angular_controller]: OUTSIDE_FLOW_BOX
[depth_angular_controller-1] [INFO] [1790679838.023367040] [depth_angular_controller]: TARGET_HOLD
[depth_angular_controller-1] [INFO] [1790679838.065875348] [depth_angular_controller]: [PERF CTRL] run=motion_cloud6 elapsed=54.22s callbacks=1760 commands=1759 guidance=1709 command_fps(ros/wall)=45.06/43.80 guidance_wall_fps=43.45 avoid_ms(mean/p50/p95/max)=4.534/0.208/23.032/154.534 cycle_ms(mean/p95/max)=22.830/51.237/172.393 depth_to_cmd_ms(mean/p95/max)=28.711/33.333/50.000 callback_to_publish_ms(mean/p95/max)=15.348/36.171/172.271
[depth_angular_controller-1] [INFO] [1790679838.108167100] [depth_angular_controller]: OUTSIDE_FLOW_BOX
[depth_angular_controller-1] [INFO] [1790679838.122200043] [depth_angular_controller]: TARGET_HOLD
[depth_angular_controller-1] [INFO] [1790679838.215252309] [depth_angular_controller]: OUTSIDE_FLOW_BOX
[depth_angular_controller-1] [INFO] [1790679838.226182269] [depth_angular_controller]: TARGET_HOLD
[depth_angular_controller-1] [INFO] [1790679838.311858233] [depth_angular_controller]: OUTSIDE_FLOW_BOX
[depth_angular_controller-1] [INFO] [1790679838.323392748] [depth_angular_controller]: TARGET_HOLD
[depth_angular_controller-1] [INFO] [1790679838.403735764] [depth_angular_controller]: OUTSIDE_FLOW_BOX
[depth_angular_controller-1] [INFO] [1790679838.403772583] [depth_angular_controller]: PAPER_BUILD reason=READY required=0.0128 best=3.6217 free=76 refined=0 tubes=61 revoked_tubes=0 proofs=128
[depth_angular_controller-1] [INFO] [1790679838.403782833] [depth_angular_controller]: PAPER_EVIDENCE retained=32 balls=32 revoked_balls=0 expired_views=0 evicted_views=112 radius=0.580 clearance=0.000 best_prefix=3.622
[depth_angular_controller-1] [INFO] [1790679838.416041436] [depth_angular_controller]: TARGET_HOLD
[depth_angular_controller-1] [INFO] [1790679838.719063818] [depth_angular_controller]: SINGULAR_FIELD
[depth_angular_controller-1] [INFO] [1790679838.728685323] [depth_angular_controller]: STATE_OUTSIDE_FREE_DOMAIN
[depth_angular_controller-1] [INFO] [1790679838.814195806] [depth_angular_controller]: OUTSIDE_FLOW_BOX
[depth_angular_controller-1] [INFO] [1790679838.898604201] [depth_angular_controller]: TARGET_HOLD
[position_cmd_to_twist-2] [INFO] [1790679838.906289303] [position_cmd_to_twist]: [PERF BRIDGE] run=motion_cloud6 elapsed=54.96s received=1803 published=1792 fps(ros/wall)=45.16/43.72 controller_to_bridge_ms(mean/p50/p95/max)=9.660/0.000/33.333/183.333 bridge_process_ms(mean/p95/max)=0.109/0.136/2.802
[depth_angular_controller-1] [INFO] [1790679838.929250590] [depth_angular_controller]: REFERENCE_INITIALIZATION
[depth_angular_controller-1] [INFO] [1790679838.946411253] [depth_angular_controller]: TRACKING
[NAV] t=40.0s position=(-59.31,-2.73,5.37) yaw=265.1deg command=(-0.00,-0.02,-0.00) manual_active=1 collision_blocks=0
[depth_angular_controller-1] [INFO] [1790679839.119458582] [depth_angular_controller]: TARGET_HOLD
[depth_angular_controller-1] [INFO] [1790679839.359769995] [depth_angular_controller]: PAPER_BUILD reason=READY required=0.0935 best=3.6217 free=73 refined=0 tubes=61 revoked_tubes=0 proofs=128
[depth_angular_controller-1] [INFO] [1790679839.359810220] [depth_angular_controller]: PAPER_EVIDENCE retained=32 balls=32 revoked_balls=0 expired_views=0 evicted_views=116 radius=0.580 clearance=0.667 best_prefix=3.622
[depth_angular_controller-1] [INFO] [1790679840.459527326] [depth_angular_controller]: PAPER_BUILD reason=READY required=0.6015 best=3.6217 free=55 refined=0 tubes=63 revoked_tubes=0 proofs=128
[depth_angular_controller-1] [INFO] [1790679840.459569185] [depth_angular_controller]: PAPER_EVIDENCE retained=32 balls=32 revoked_balls=0 expired_views=0 evicted_views=120 radius=0.580 clearance=0.667 best_prefix=3.622
[depth_angular_controller-1] [INFO] [1790679841.479745039] [depth_angular_controller]: PAPER_BUILD reason=READY required=0.6189 best=3.6217 free=74 refined=0 tubes=65 revoked_tubes=0 proofs=128
[depth_angular_controller-1] [INFO] [1790679841.479784092] [depth_angular_controller]: PAPER_EVIDENCE retained=32 balls=32 revoked_balls=0 expired_views=0 evicted_views=124 radius=0.580 clearance=0.667 best_prefix=3.622
[depth_angular_controller-1] [INFO] [1790679842.424253200] [depth_angular_controller]: PAPER_BUILD reason=READY required=0.6216 best=3.6217 free=128 refined=0 tubes=67 revoked_tubes=0 proofs=128
[depth_angular_controller-1] [INFO] [1790679842.424300629] [depth_angular_controller]: PAPER_EVIDENCE retained=32 balls=32 revoked_balls=0 expired_views=0 evicted_views=128 radius=0.580 clearance=0.667 best_prefix=3.622
[depth_angular_controller-1] [INFO] [1790679843.084267099] [depth_angular_controller]: [PERF CTRL] run=motion_cloud6 elapsed=59.24s callbacks=1990 commands=1989 guidance=1939 command_fps(ros/wall)=45.23/44.03 guidance_wall_fps=43.72 avoid_ms(mean/p50/p95/max)=4.504/0.177/23.484/154.534 cycle_ms(mean/p95/max)=22.713/51.847/172.393 depth_to_cmd_ms(mean/p95/max)=28.666/33.333/50.000 callback_to_publish_ms(mean/p95/max)=15.304/36.426/172.271
[depth_angular_controller-1] [INFO] [1790679843.503891458] [depth_angular_controller]: OUTSIDE_FLOW_BOX
[depth_angular_controller-1] [INFO] [1790679843.517229136] [depth_angular_controller]: STATE_OUTSIDE_FREE_DOMAIN
[depth_angular_controller-1] [INFO] [1790679843.578607184] [depth_angular_controller]: PAPER_BUILD reason=READY required=0.6217 best=3.6217 free=204 refined=0 tubes=69 revoked_tubes=0 proofs=128
[depth_angular_controller-1] [INFO] [1790679843.579039616] [depth_angular_controller]: PAPER_EVIDENCE retained=32 balls=32 revoked_balls=0 expired_views=0 evicted_views=132 radius=0.580 clearance=0.000 best_prefix=3.622
[depth_angular_controller-1] [INFO] [1790679843.620024495] [depth_angular_controller]: OUTSIDE_FLOW_BOX
[position_cmd_to_twist-2] [INFO] [1790679844.051369839] [position_cmd_to_twist]: [PERF BRIDGE] run=motion_cloud6 elapsed=60.10s received=2035 published=2024 fps(ros/wall)=45.30/43.87 controller_to_bridge_ms(mean/p50/p95/max)=9.656/0.000/33.333/183.333 bridge_process_ms(mean/p95/max)=0.109/0.137/2.802
[NAV] t=45.0s position=(-59.38,-6.92,5.34) yaw=270.0deg command=(-0.00,-0.22,-0.00) manual_active=1 collision_blocks=0
[depth_angular_controller-1] [INFO] [1790679844.394713475] [depth_angular_controller]: TARGET_HOLD
[depth_angular_controller-1] [INFO] [1790679844.473107224] [depth_angular_controller]: TRACKING
[depth_angular_controller-1] [INFO] [1790679844.570240367] [depth_angular_controller]: OUTSIDE_FLOW_BOX
[depth_angular_controller-1] [INFO] [1790679844.587348131] [depth_angular_controller]: STATE_OUTSIDE_FREE_DOMAIN
[depth_angular_controller-1] [INFO] [1790679844.587388056] [depth_angular_controller]: PAPER_BUILD reason=READY required=0.0151 best=3.6217 free=272 refined=0 tubes=70 revoked_tubes=0 proofs=128
[depth_angular_controller-1] [INFO] [1790679844.587398826] [depth_angular_controller]: PAPER_EVIDENCE retained=32 balls=32 revoked_balls=0 expired_views=0 evicted_views=136 radius=0.580 clearance=0.000 best_prefix=3.622
[depth_angular_controller-1] [INFO] [1790679844.648241098] [depth_angular_controller]: REFERENCE_INITIALIZATION
[depth_angular_controller-1] [INFO] [1790679844.714429734] [depth_angular_controller]: TRACKING
[depth_angular_controller-1] [INFO] [1790679844.936237033] [depth_angular_controller]: OUTSIDE_FLOW_BOX
[depth_angular_controller-1] [INFO] [1790679844.950283521] [depth_angular_controller]: STATE_OUTSIDE_FREE_DOMAIN
[depth_angular_controller-1] [INFO] [1790679845.031098082] [depth_angular_controller]: OUTSIDE_FLOW_BOX
[depth_angular_controller-1] [INFO] [1790679845.042741452] [depth_angular_controller]: REFERENCE_INITIALIZATION
[depth_angular_controller-1] [INFO] [1790679845.101204710] [depth_angular_controller]: TRACKING
[depth_angular_controller-1] [INFO] [1790679845.235756351] [depth_angular_controller]: OUTSIDE_FLOW_BOX
[depth_angular_controller-1] [INFO] [1790679845.254955438] [depth_angular_controller]: STATE_OUTSIDE_FREE_DOMAIN
[depth_angular_controller-1] [INFO] [1790679845.329673309] [depth_angular_controller]: OUTSIDE_FLOW_BOX
[depth_angular_controller-1] [INFO] [1790679845.345595598] [depth_angular_controller]: REFERENCE_INITIALIZATION
[depth_angular_controller-1] [INFO] [1790679845.408875424] [depth_angular_controller]: TRACKING
[depth_angular_controller-1] [INFO] [1790679845.543764418] [depth_angular_controller]: OUTSIDE_FLOW_BOX
[depth_angular_controller-1] [INFO] [1790679845.554994051] [depth_angular_controller]: STATE_OUTSIDE_FREE_DOMAIN
[depth_angular_controller-1] [INFO] [1790679845.585311563] [depth_angular_controller]: PAPER_BUILD reason=READY required=0.0201 best=3.6217 free=270 refined=0 tubes=70 revoked_tubes=0 proofs=128
[depth_angular_controller-1] [INFO] [1790679845.585350115] [depth_angular_controller]: PAPER_EVIDENCE retained=32 balls=32 revoked_balls=0 expired_views=0 evicted_views=140 radius=0.580 clearance=0.000 best_prefix=3.622
[depth_angular_controller-1] [INFO] [1790679845.642675208] [depth_angular_controller]: OUTSIDE_FLOW_BOX
[depth_angular_controller-1] [INFO] [1790679845.654908464] [depth_angular_controller]: REFERENCE_INITIALIZATION
[depth_angular_controller-1] [INFO] [1790679845.743031279] [depth_angular_controller]: TRACKING
[depth_angular_controller-1] [INFO] [1790679845.841657805] [depth_angular_controller]: OUTSIDE_FLOW_BOX
[depth_angular_controller-1] [INFO] [1790679845.856924764] [depth_angular_controller]: STATE_OUTSIDE_FREE_DOMAIN
[depth_angular_controller-1] [INFO] [1790679845.934468798] [depth_angular_controller]: OUTSIDE_FLOW_BOX
[depth_angular_controller-1] [INFO] [1790679845.949266757] [depth_angular_controller]: REFERENCE_INITIALIZATION
[depth_angular_controller-1] [INFO] [1790679846.025936701] [depth_angular_controller]: TRACKING
[depth_angular_controller-1] [INFO] [1790679846.195828248] [depth_angular_controller]: OUTSIDE_FLOW_BOX
[depth_angular_controller-1] [INFO] [1790679846.208781946] [depth_angular_controller]: STATE_OUTSIDE_FREE_DOMAIN
[depth_angular_controller-1] [INFO] [1790679846.274936467] [depth_angular_controller]: REFERENCE_INITIALIZATION
[depth_angular_controller-1] [INFO] [1790679846.341690333] [depth_angular_controller]: TRACKING
[depth_angular_controller-1] [INFO] [1790679846.486352446] [depth_angular_controller]: OUTSIDE_FLOW_BOX
[depth_angular_controller-1] [INFO] [1790679846.500392533] [depth_angular_controller]: STATE_OUTSIDE_FREE_DOMAIN
[depth_angular_controller-1] [INFO] [1790679846.568187633] [depth_angular_controller]: PAPER_BUILD reason=READY required=0.0193 best=3.6217 free=284 refined=0 tubes=71 revoked_tubes=0 proofs=128
[depth_angular_controller-1] [INFO] [1790679846.568628861] [depth_angular_controller]: PAPER_EVIDENCE retained=32 balls=32 revoked_balls=0 expired_views=0 evicted_views=140 radius=0.580 clearance=0.000 best_prefix=3.622
[depth_angular_controller-1] [INFO] [1790679846.619167849] [depth_angular_controller]: TRACKING
[depth_angular_controller-1] [INFO] [1790679846.655923662] [depth_angular_controller]: OUTSIDE_FLOW_BOX
[depth_angular_controller-1] [INFO] [1790679846.708580284] [depth_angular_controller]: TRACKING
[depth_angular_controller-1] [INFO] [1790679846.750850035] [depth_angular_controller]: OUTSIDE_FLOW_BOX
[depth_angular_controller-1] [INFO] [1790679846.789007949] [depth_angular_controller]: TRACKING
[depth_angular_controller-1] [INFO] [1790679846.828278502] [depth_angular_controller]: OUTSIDE_FLOW_BOX
[depth_angular_controller-1] [INFO] [1790679846.914915880] [depth_angular_controller]: TRACKING
[depth_angular_controller-1] [INFO] [1790679847.081140546] [depth_angular_controller]: OUTSIDE_FLOW_BOX
[depth_angular_controller-1] [INFO] [1790679847.095212172] [depth_angular_controller]: STATE_OUTSIDE_FREE_DOMAIN
[depth_angular_controller-1] [INFO] [1790679847.177537839] [depth_angular_controller]: OUTSIDE_FLOW_BOX
[depth_angular_controller-1] [INFO] [1790679847.190957121] [depth_angular_controller]: TARGET_HOLD
[depth_angular_controller-1] [INFO] [1790679847.289605267] [depth_angular_controller]: TRACKING
[depth_angular_controller-1] [INFO] [1790679847.372562760] [depth_angular_controller]: OUTSIDE_FLOW_BOX
[depth_angular_controller-1] [INFO] [1790679847.386281794] [depth_angular_controller]: STATE_OUTSIDE_FREE_DOMAIN
[depth_angular_controller-1] [INFO] [1790679847.462327346] [depth_angular_controller]: OUTSIDE_FLOW_BOX
[depth_angular_controller-1] [INFO] [1790679847.474951275] [depth_angular_controller]: REFERENCE_INITIALIZATION
[depth_angular_controller-1] [INFO] [1790679847.475025685] [depth_angular_controller]: PAPER_BUILD reason=READY required=0.0117 best=3.6217 free=269 refined=0 tubes=71 revoked_tubes=0 proofs=128
[depth_angular_controller-1] [INFO] [1790679847.475036295] [depth_angular_controller]: PAPER_EVIDENCE retained=32 balls=32 revoked_balls=0 expired_views=0 evicted_views=144 radius=0.580 clearance=0.667 best_prefix=3.622
[depth_angular_controller-1] [INFO] [1790679847.543074711] [depth_angular_controller]: TRACKING
[depth_angular_controller-1] [INFO] [1790679847.678089751] [depth_angular_controller]: OUTSIDE_FLOW_BOX
[depth_angular_controller-1] [INFO] [1790679847.692903840] [depth_angular_controller]: STATE_OUTSIDE_FREE_DOMAIN
[depth_angular_controller-1] [INFO] [1790679847.834880595] [depth_angular_controller]: OUTSIDE_FLOW_BOX
[depth_angular_controller-1] [INFO] [1790679847.849827603] [depth_angular_controller]: REFERENCE_INITIALIZATION
[depth_angular_controller-1] [INFO] [1790679847.934555648] [depth_angular_controller]: TRACKING
[depth_angular_controller-1] [INFO] [1790679848.037108081] [depth_angular_controller]: OUTSIDE_FLOW_BOX
[depth_angular_controller-1] [INFO] [1790679848.058911827] [depth_angular_controller]: STATE_OUTSIDE_FREE_DOMAIN
[depth_angular_controller-1] [INFO] [1790679848.138959359] [depth_angular_controller]: [PERF CTRL] run=motion_cloud6 elapsed=64.30s callbacks=2226 commands=2225 guidance=2175 command_fps(ros/wall)=45.42/44.29 guidance_wall_fps=44.03 avoid_ms(mean/p50/p95/max)=4.436/0.156/23.378/154.534 cycle_ms(mean/p95/max)=22.576/51.942/172.393 depth_to_cmd_ms(mean/p95/max)=28.774/33.333/50.000 callback_to_publish_ms(mean/p95/max)=15.319/36.265/172.271
[depth_angular_controller-1] [INFO] [1790679848.196005147] [depth_angular_controller]: OUTSIDE_FLOW_BOX
[depth_angular_controller-1] [INFO] [1790679848.214562010] [depth_angular_controller]: REFERENCE_INITIALIZATION
[depth_angular_controller-1] [INFO] [1790679848.250104386] [depth_angular_controller]: TRACKING
[depth_angular_controller-1] [INFO] [1790679848.407676776] [depth_angular_controller]: OUTSIDE_FLOW_BOX
[depth_angular_controller-1] [INFO] [1790679848.422978530] [depth_angular_controller]: STATE_OUTSIDE_FREE_DOMAIN
[depth_angular_controller-1] [INFO] [1790679848.505708586] [depth_angular_controller]: OUTSIDE_FLOW_BOX
[depth_angular_controller-1] [INFO] [1790679848.521482636] [depth_angular_controller]: REFERENCE_INITIALIZATION
[depth_angular_controller-1] [INFO] [1790679848.534797873] [depth_angular_controller]: PAPER_BUILD reason=READY required=0.0156 best=3.6217 free=270 refined=0 tubes=71 revoked_tubes=0 proofs=128
[depth_angular_controller-1] [INFO] [1790679848.534830394] [depth_angular_controller]: PAPER_EVIDENCE retained=32 balls=32 revoked_balls=0 expired_views=0 evicted_views=146 radius=0.580 clearance=0.667 best_prefix=3.622
[depth_angular_controller-1] [INFO] [1790679848.602272381] [depth_angular_controller]: TRACKING
[depth_angular_controller-1] [INFO] [1790679848.697709212] [depth_angular_controller]: OUTSIDE_FLOW_BOX
[depth_angular_controller-1] [INFO] [1790679848.715237855] [depth_angular_controller]: STATE_OUTSIDE_FREE_DOMAIN
[depth_angular_controller-1] [INFO] [1790679848.779456132] [depth_angular_controller]: REFERENCE_INITIALIZATION
[depth_angular_controller-1] [INFO] [1790679848.814255124] [depth_angular_controller]: TRACKING
[depth_angular_controller-1] [INFO] [1790679848.988560253] [depth_angular_controller]: OUTSIDE_FLOW_BOX
[depth_angular_controller-1] [INFO] [1790679849.002071588] [depth_angular_controller]: STATE_OUTSIDE_FREE_DOMAIN
[position_cmd_to_twist-2] [INFO] [1790679849.013061040] [position_cmd_to_twist]: [PERF BRIDGE] run=motion_cloud6 elapsed=65.06s received=2269 published=2258 fps(ros/wall)=45.47/44.19 controller_to_bridge_ms(mean/p50/p95/max)=9.681/0.000/33.333/183.333 bridge_process_ms(mean/p95/max)=0.110/0.137/3.660
[NAV] t=50.0s position=(-59.41,-7.11,5.33) yaw=260.1deg command=(0.00,0.00,0.00) manual_active=1 collision_blocks=0
[depth_angular_controller-1] [INFO] [1790679849.100510392] [depth_angular_controller]: OUTSIDE_FLOW_BOX
[depth_angular_controller-1] [INFO] [1790679849.116588733] [depth_angular_controller]: REFERENCE_INITIALIZATION
[depth_angular_controller-1] [INFO] [1790679849.165180848] [depth_angular_controller]: TRACKING
[depth_angular_controller-1] [INFO] [1790679849.307295631] [depth_angular_controller]: OUTSIDE_FLOW_BOX
[depth_angular_controller-1] [INFO] [1790679849.413820709] [depth_angular_controller]: REFERENCE_INITIALIZATION
[depth_angular_controller-1] [INFO] [1790679849.440601754] [depth_angular_controller]: TRACKING
[depth_angular_controller-1] [INFO] [1790679849.474173573] [depth_angular_controller]: PAPER_BUILD reason=READY required=0.0125 best=3.6217 free=257 refined=0 tubes=71 revoked_tubes=0 proofs=128
[depth_angular_controller-1] [INFO] [1790679849.474209300] [depth_angular_controller]: PAPER_EVIDENCE retained=32 balls=32 revoked_balls=0 expired_views=0 evicted_views=147 radius=0.580 clearance=0.667 best_prefix=3.622
[depth_angular_controller-1] [INFO] [1790679849.604043859] [depth_angular_controller]: TARGET_HOLD
[depth_angular_controller-1] [INFO] [1790679850.619230942] [depth_angular_controller]: PAPER_BUILD reason=READY required=0.5139 best=3.6217 free=219 refined=0 tubes=72 revoked_tubes=0 proofs=128
[depth_angular_controller-1] [INFO] [1790679850.619611376] [depth_angular_controller]: PAPER_EVIDENCE retained=32 balls=32 revoked_balls=0 expired_views=0 evicted_views=151 radius=0.580 clearance=0.667 best_prefix=3.622
[depth_angular_controller-1] [INFO] [1790679851.016384213] [depth_angular_controller]: OUTSIDE_FLOW_BOX
[depth_angular_controller-1] [INFO] [1790679851.032369811] [depth_angular_controller]: STATE_OUTSIDE_FREE_DOMAIN
[depth_angular_controller-1] [INFO] [1790679851.129711716] [depth_angular_controller]: OUTSIDE_FLOW_BOX
[depth_angular_controller-1] [INFO] [1790679851.639773905] [depth_angular_controller]: PAPER_BUILD reason=READY required=0.1456 best=3.6217 free=236 refined=0 tubes=74 revoked_tubes=0 proofs=128
[depth_angular_controller-1] [INFO] [1790679851.639811105] [depth_angular_controller]: PAPER_EVIDENCE retained=32 balls=32 revoked_balls=0 expired_views=0 evicted_views=155 radius=0.580 clearance=0.000 best_prefix=3.622
[depth_angular_controller-1] [INFO] [1790679851.999808422] [depth_angular_controller]: REFERENCE_INITIALIZATION
[depth_angular_controller-1] [INFO] [1790679852.020349618] [depth_angular_controller]: TRACKING
[depth_angular_controller-1] [INFO] [1790679852.212255526] [depth_angular_controller]: TARGET_HOLD
[depth_angular_controller-1] [INFO] [1790679852.326260881] [depth_angular_controller]: OUTSIDE_FLOW_BOX
[depth_angular_controller-1] [INFO] [1790679852.342773628] [depth_angular_controller]: STATE_OUTSIDE_FREE_DOMAIN
[depth_angular_controller-1] [INFO] [1790679852.442930165] [depth_angular_controller]: OUTSIDE_FLOW_BOX
[depth_angular_controller-1] [INFO] [1790679852.542666293] [depth_angular_controller]: TRACKING
[depth_angular_controller-1] [INFO] [1790679852.712191833] [depth_angular_controller]: OUTSIDE_FLOW_BOX
[depth_angular_controller-1] [INFO] [1790679852.712225316] [depth_angular_controller]: PAPER_BUILD reason=READY required=0.0100 best=3.6217 free=265 refined=0 tubes=74 revoked_tubes=0 proofs=128
[depth_angular_controller-1] [INFO] [1790679852.712236036] [depth_angular_controller]: PAPER_EVIDENCE retained=32 balls=32 revoked_balls=0 expired_views=0 evicted_views=158 radius=0.580 clearance=0.000 best_prefix=3.622
[depth_angular_controller-1] [INFO] [1790679852.757258021] [depth_angular_controller]: STATE_OUTSIDE_FREE_DOMAIN
[depth_angular_controller-1] [INFO] [1790679852.780285133] [depth_angular_controller]: REFERENCE_INITIALIZATION
[depth_angular_controller-1] [INFO] [1790679852.823291856] [depth_angular_controller]: TRACKING
[depth_angular_controller-1] [INFO] [1790679853.149802935] [depth_angular_controller]: [PERF CTRL] run=motion_cloud6 elapsed=69.31s callbacks=2466 commands=2465 guidance=2415 command_fps(ros/wall)=45.80/44.62 guidance_wall_fps=44.38 avoid_ms(mean/p50/p95/max)=4.256/0.140/22.166/154.534 cycle_ms(mean/p95/max)=22.411/51.237/172.393 depth_to_cmd_ms(mean/p95/max)=28.792/33.333/50.000 callback_to_publish_ms(mean/p95/max)=15.315/35.195/172.271
[depth_angular_controller-1] [INFO] [1790679853.299248996] [depth_angular_controller]: OUTSIDE_FLOW_BOX
[depth_angular_controller-1] [INFO] [1790679853.313545674] [depth_angular_controller]: STATE_OUTSIDE_FREE_DOMAIN
[depth_angular_controller-1] [INFO] [1790679853.392393124] [depth_angular_controller]: OUTSIDE_FLOW_BOX
[depth_angular_controller-1] [INFO] [1790679853.608719117] [depth_angular_controller]: TARGET_HOLD
[depth_angular_controller-1] [INFO] [1790679853.715979254] [depth_angular_controller]: PAPER_BUILD reason=READY required=0.0100 best=3.6217 free=254 refined=0 tubes=75 revoked_tubes=0 proofs=128
[depth_angular_controller-1] [INFO] [1790679853.716016053] [depth_angular_controller]: PAPER_EVIDENCE retained=32 balls=32 revoked_balls=0 expired_views=0 evicted_views=159 radius=0.580 clearance=0.667 best_prefix=3.622
[depth_angular_controller-1] [INFO] [1790679853.800489380] [depth_angular_controller]: OUTSIDE_FLOW_BOX
[depth_angular_controller-1] [INFO] [1790679853.815252904] [depth_angular_controller]: STATE_OUTSIDE_FREE_DOMAIN
[depth_angular_controller-1] [INFO] [1790679853.912815073] [depth_angular_controller]: TARGET_HOLD
[depth_angular_controller-1] [INFO] [1790679854.090705430] [depth_angular_controller]: OUTSIDE_FLOW_BOX
[depth_angular_controller-1] [INFO] [1790679854.105315386] [depth_angular_controller]: STATE_OUTSIDE_FREE_DOMAIN
[position_cmd_to_twist-2] [INFO] [1790679854.180173620] [position_cmd_to_twist]: [PERF BRIDGE] run=motion_cloud6 elapsed=70.23s received=2519 published=2508 fps(ros/wall)=45.87/44.57 controller_to_bridge_ms(mean/p50/p95/max)=9.627/0.000/33.333/183.333 bridge_process_ms(mean/p95/max)=0.109/0.137/3.660
[depth_angular_controller-1] [INFO] [1790679854.211904595] [depth_angular_controller]: TARGET_HOLD
[NAV] t=55.0s position=(-59.91,-8.49,5.16) yaw=257.0deg command=(-0.00,-0.01,0.00) manual_active=1 collision_blocks=0
[depth_angular_controller-1] [INFO] [1790679854.451613637] [depth_angular_controller]: OUTSIDE_FLOW_BOX
[depth_angular_controller-1] [INFO] [1790679854.474521314] [depth_angular_controller]: TARGET_HOLD
[depth_angular_controller-1] [INFO] [1790679854.580186628] [depth_angular_controller]: OUTSIDE_FLOW_BOX
[depth_angular_controller-1] [INFO] [1790679854.594465583] [depth_angular_controller]: TARGET_HOLD
[depth_angular_controller-1] [INFO] [1790679854.677093507] [depth_angular_controller]: OUTSIDE_FLOW_BOX
[depth_angular_controller-1] [INFO] [1790679854.692116769] [depth_angular_controller]: TARGET_HOLD
[depth_angular_controller-1] [INFO] [1790679854.719014353] [depth_angular_controller]: PAPER_BUILD reason=READY required=0.0184 best=3.6217 free=237 refined=0 tubes=75 revoked_tubes=0 proofs=128
[depth_angular_controller-1] [INFO] [1790679854.719052895] [depth_angular_controller]: PAPER_EVIDENCE retained=32 balls=32 revoked_balls=0 expired_views=0 evicted_views=160 radius=0.580 clearance=0.667 best_prefix=3.622
[depth_angular_controller-1] [INFO] [1790679854.770268483] [depth_angular_controller]: OUTSIDE_FLOW_BOX
[depth_angular_controller-1] [INFO] [1790679854.784671210] [depth_angular_controller]: TARGET_HOLD
[depth_angular_controller-1] [INFO] [1790679855.034209257] [depth_angular_controller]: OUTSIDE_FLOW_BOX
[depth_angular_controller-1] [INFO] [1790679855.052453773] [depth_angular_controller]: STATE_OUTSIDE_FREE_DOMAIN
[depth_angular_controller-1] [INFO] [1790679855.132196223] [depth_angular_controller]: OUTSIDE_FLOW_BOX
[depth_angular_controller-1] [INFO] [1790679855.146838960] [depth_angular_controller]: TARGET_HOLD
[depth_angular_controller-1] [INFO] [1790679855.392562870] [depth_angular_controller]: OUTSIDE_FLOW_BOX
[depth_angular_controller-1] [INFO] [1790679855.406508960] [depth_angular_controller]: STATE_OUTSIDE_FREE_DOMAIN
[depth_angular_controller-1] [INFO] [1790679855.480142325] [depth_angular_controller]: REFERENCE_INITIALIZATION
[depth_angular_controller-1] [INFO] [1790679855.508057018] [depth_angular_controller]: TARGET_HOLD
[depth_angular_controller-1] [INFO] [1790679855.697675584] [depth_angular_controller]: OUTSIDE_FLOW_BOX
[depth_angular_controller-1] [INFO] [1790679855.713514907] [depth_angular_controller]: STATE_OUTSIDE_FREE_DOMAIN
[depth_angular_controller-1] [INFO] [1790679855.807792712] [depth_angular_controller]: OUTSIDE_FLOW_BOX
[depth_angular_controller-1] [INFO] [1790679855.807878343] [depth_angular_controller]: PAPER_BUILD reason=READY required=0.0115 best=3.6217 free=228 refined=0 tubes=75 revoked_tubes=0 proofs=128
[depth_angular_controller-1] [INFO] [1790679855.807888662] [depth_angular_controller]: PAPER_EVIDENCE retained=32 balls=32 revoked_balls=0 expired_views=0 evicted_views=164 radius=0.580 clearance=0.000 best_prefix=3.622
[depth_angular_controller-1] [INFO] [1790679855.828275659] [depth_angular_controller]: TARGET_HOLD
[depth_angular_controller-1] [INFO] [1790679855.993385273] [depth_angular_controller]: OUTSIDE_FLOW_BOX
[depth_angular_controller-1] [INFO] [1790679856.018013669] [depth_angular_controller]: STATE_OUTSIDE_FREE_DOMAIN
[depth_angular_controller-1] [INFO] [1790679856.083106097] [depth_angular_controller]: TARGET_HOLD
[depth_angular_controller-1] [INFO] [1790679856.303363357] [depth_angular_controller]: OUTSIDE_FLOW_BOX
[depth_angular_controller-1] [INFO] [1790679856.318610990] [depth_angular_controller]: STATE_OUTSIDE_FREE_DOMAIN
[depth_angular_controller-1] [INFO] [1790679856.335957461] [depth_angular_controller]: OUTSIDE_FLOW_BOX
[depth_angular_controller-1] [INFO] [1790679856.415680174] [depth_angular_controller]: REFERENCE_INITIALIZATION
[depth_angular_controller-1] [INFO] [1790679856.486785275] [depth_angular_controller]: TRACKING
[depth_angular_controller-1] [INFO] [1790679856.512406524] [depth_angular_controller]: TARGET_HOLD
[depth_angular_controller-1] [INFO] [1790679856.616583946] [depth_angular_controller]: TRACKING
[depth_angular_controller-1] [INFO] [1790679856.711050456] [depth_angular_controller]: TARGET_HOLD
[depth_angular_controller-1] [INFO] [1790679856.756664202] [depth_angular_controller]: PAPER_BUILD reason=READY required=0.0393 best=3.6217 free=231 refined=0 tubes=76 revoked_tubes=0 proofs=128
[depth_angular_controller-1] [INFO] [1790679856.756777134] [depth_angular_controller]: PAPER_EVIDENCE retained=32 balls=32 revoked_balls=0 expired_views=0 evicted_views=168 radius=0.580 clearance=0.667 best_prefix=3.622
[depth_angular_controller-1] [INFO] [1790679857.090320168] [depth_angular_controller]: OUTSIDE_FLOW_BOX
[depth_angular_controller-1] [INFO] [1790679857.105227703] [depth_angular_controller]: STATE_OUTSIDE_FREE_DOMAIN
[depth_angular_controller-1] [INFO] [1790679857.185898424] [depth_angular_controller]: OUTSIDE_FLOW_BOX
[depth_angular_controller-1] [INFO] [1790679857.539868401] [depth_angular_controller]: REFERENCE_INITIALIZATION
[depth_angular_controller-1] [INFO] [1790679857.561927115] [depth_angular_controller]: TRACKING
[depth_angular_controller-1] [INFO] [1790679857.606897232] [depth_angular_controller]: TARGET_HOLD
[depth_angular_controller-1] [INFO] [1790679857.794941023] [depth_angular_controller]: PAPER_BUILD reason=READY required=0.0301 best=3.6217 free=232 refined=0 tubes=76 revoked_tubes=0 proofs=128
[depth_angular_controller-1] [INFO] [1790679857.794982341] [depth_angular_controller]: PAPER_EVIDENCE retained=32 balls=32 revoked_balls=0 expired_views=0 evicted_views=172 radius=0.580 clearance=0.667 best_prefix=3.622
[depth_angular_controller-1] [INFO] [1790679857.892620432] [depth_angular_controller]: OUTSIDE_FLOW_BOX
[depth_angular_controller-1] [INFO] [1790679857.906284743] [depth_angular_controller]: STATE_OUTSIDE_FREE_DOMAIN
[depth_angular_controller-1] [INFO] [1790679858.000521792] [depth_angular_controller]: OUTSIDE_FLOW_BOX
[depth_angular_controller-1] [INFO] [1790679858.100107498] [depth_angular_controller]: REFERENCE_INITIALIZATION
[depth_angular_controller-1] [INFO] [1790679858.167482439] [depth_angular_controller]: [PERF CTRL] run=motion_cloud6 elapsed=74.32s callbacks=2717 commands=2716 guidance=2666 command_fps(ros/wall)=46.13/45.07 guidance_wall_fps=44.86 avoid_ms(mean/p50/p95/max)=4.069/0.129/21.606/154.534 cycle_ms(mean/p95/max)=22.187/50.344/172.393 depth_to_cmd_ms(mean/p95/max)=28.663/33.333/50.000 callback_to_publish_ms(mean/p95/max)=15.296/34.470/172.271
[depth_angular_controller-1] [INFO] [1790679858.192392744] [depth_angular_controller]: TRACKING
[depth_angular_controller-1] [INFO] [1790679858.304471294] [depth_angular_controller]: TARGET_HOLD
[depth_angular_controller-1] [INFO] [1790679858.835260528] [depth_angular_controller]: PAPER_BUILD reason=READY required=0.2086 best=3.6217 free=232 refined=0 tubes=77 revoked_tubes=0 proofs=128
[depth_angular_controller-1] [INFO] [1790679858.835693881] [depth_angular_controller]: PAPER_EVIDENCE retained=32 balls=32 revoked_balls=0 expired_views=0 evicted_views=176 radius=0.580 clearance=0.667 best_prefix=3.622
[depth_angular_controller-1] [INFO] [1790679858.898208722] [depth_angular_controller]: OUTSIDE_FLOW_BOX
[depth_angular_controller-1] [INFO] [1790679858.915932401] [depth_angular_controller]: STATE_OUTSIDE_FREE_DOMAIN
[depth_angular_controller-1] [INFO] [1790679858.985298880] [depth_angular_controller]: OUTSIDE_FLOW_BOX
[position_cmd_to_twist-2] [INFO] [1790679859.367664271] [position_cmd_to_twist]: [PERF BRIDGE] run=motion_cloud6 elapsed=75.42s received=2769 published=2758 fps(ros/wall)=46.21/44.88 controller_to_bridge_ms(mean/p50/p95/max)=9.534/0.000/33.333/183.333 bridge_process_ms(mean/p95/max)=0.111/0.138/3.660
[NAV] t=60.0s position=(-60.24,-9.18,5.07) yaw=243.0deg command=(-0.05,-0.10,-0.02) manual_active=1 collision_blocks=0
[depth_angular_controller-1] [INFO] [1790679859.455421050] [depth_angular_controller]: INTENT_REVERSAL_BRAKE
[depth_angular_controller-1] [INFO] [1790679859.540504241] [depth_angular_controller]: 3D guidance switched to view 1
[depth_angular_controller-1] [INFO] [1790679859.558701629] [depth_angular_controller]: TARGET_HOLD
[depth_angular_controller-1] [INFO] [1790679859.892015273] [depth_angular_controller]: PAPER_BUILD reason=READY required=0.0382 best=3.6217 free=105 refined=0 tubes=78 revoked_tubes=0 proofs=128
[depth_angular_controller-1] [INFO] [1790679859.892055689] [depth_angular_controller]: PAPER_EVIDENCE retained=32 balls=32 revoked_balls=0 expired_views=0 evicted_views=180 radius=0.580 clearance=0.667 best_prefix=3.622
[depth_angular_controller-1] [INFO] [1790679860.672482025] [depth_angular_controller]: 3D guidance switched to view 0
[depth_angular_controller-1] [INFO] [1790679860.936501086] [depth_angular_controller]: PAPER_BUILD reason=READY required=0.5964 best=3.6217 free=67 refined=0 tubes=79 revoked_tubes=0 proofs=128
[depth_angular_controller-1] [INFO] [1790679860.936540981] [depth_angular_controller]: PAPER_EVIDENCE retained=32 balls=32 revoked_balls=0 expired_views=0 evicted_views=184 radius=0.580 clearance=0.667 best_prefix=3.622
[depth_angular_controller-1] [INFO] [1790679861.160915878] [depth_angular_controller]: OUTSIDE_FLOW_BOX
[depth_angular_controller-1] [INFO] [1790679861.175323394] [depth_angular_controller]: TARGET_HOLD
[depth_angular_controller-1] [INFO] [1790679861.258941847] [depth_angular_controller]: OUTSIDE_FLOW_BOX
[depth_angular_controller-1] [INFO] [1790679861.274003741] [depth_angular_controller]: STATE_OUTSIDE_FREE_DOMAIN
[depth_angular_controller-1] [INFO] [1790679861.349207614] [depth_angular_controller]: OUTSIDE_FLOW_BOX
[depth_angular_controller-1] [INFO] [1790679861.942556363] [depth_angular_controller]: PAPER_BUILD reason=READY required=0.0521 best=3.6217 free=57 refined=0 tubes=81 revoked_tubes=0 proofs=128
[depth_angular_controller-1] [INFO] [1790679861.943395347] [depth_angular_controller]: PAPER_EVIDENCE retained=32 balls=32 revoked_balls=0 expired_views=0 evicted_views=188 radius=0.580 clearance=0.000 best_prefix=3.622
[depth_angular_controller-1] [INFO] [1790679862.038886229] [depth_angular_controller]: TARGET_HOLD
[depth_angular_controller-1] [INFO] [1790679862.178318969] [depth_angular_controller]: TRACKING
[depth_angular_controller-1] [INFO] [1790679862.365698784] [depth_angular_controller]: OUTSIDE_FLOW_BOX
[depth_angular_controller-1] [INFO] [1790679862.380133310] [depth_angular_controller]: TRACKING
[depth_angular_controller-1] [INFO] [1790679862.457864916] [depth_angular_controller]: TARGET_HOLD
[depth_angular_controller-1] [INFO] [1790679862.646953828] [depth_angular_controller]: OUTSIDE_FLOW_BOX
[depth_angular_controller-1] [INFO] [1790679862.661726600] [depth_angular_controller]: STATE_OUTSIDE_FREE_DOMAIN
[depth_angular_controller-1] [INFO] [1790679862.750746238] [depth_angular_controller]: OUTSIDE_FLOW_BOX
[depth_angular_controller-1] [INFO] [1790679862.809720465] [depth_angular_controller]: TARGET_HOLD
[depth_angular_controller-1] [INFO] [1790679862.854040593] [depth_angular_controller]: TRACKING
[depth_angular_controller-1] [INFO] [1790679863.014196311] [depth_angular_controller]: PAPER_BUILD reason=READY required=0.0100 best=3.6217 free=55 refined=0 tubes=81 revoked_tubes=0 proofs=128
[depth_angular_controller-1] [INFO] [1790679863.014233511] [depth_angular_controller]: PAPER_EVIDENCE retained=32 balls=32 revoked_balls=0 expired_views=0 evicted_views=192 radius=0.580 clearance=0.667 best_prefix=3.622
[depth_angular_controller-1] [INFO] [1790679863.048207765] [depth_angular_controller]: OUTSIDE_FLOW_BOX
[depth_angular_controller-1] [INFO] [1790679863.063719453] [depth_angular_controller]: TARGET_HOLD
[depth_angular_controller-1] [INFO] [1790679863.188103734] [depth_angular_controller]: [PERF CTRL] run=motion_cloud6 elapsed=79.34s callbacks=2945 commands=2944 guidance=2894 command_fps(ros/wall)=46.24/45.10 guidance_wall_fps=44.90 avoid_ms(mean/p50/p95/max)=4.063/0.122/21.939/154.534 cycle_ms(mean/p95/max)=22.174/50.344/172.393 depth_to_cmd_ms(mean/p95/max)=28.553/33.333/50.000 callback_to_publish_ms(mean/p95/max)=15.391/34.990/172.271
[depth_angular_controller-1] [INFO] [1790679863.607420065] [depth_angular_controller]: TRACKING
[depth_angular_controller-1] [INFO] [1790679863.952212440] [depth_angular_controller]: TARGET_HOLD
[depth_angular_controller-1] [INFO] [1790679864.296397174] [depth_angular_controller]: PAPER_BUILD reason=READY required=0.3705 best=3.6217 free=69 refined=0 tubes=82 revoked_tubes=0 proofs=128
[depth_angular_controller-1] [INFO] [1790679864.296440415] [depth_angular_controller]: PAPER_EVIDENCE retained=32 balls=32 revoked_balls=0 expired_views=0 evicted_views=196 radius=0.580 clearance=0.667 best_prefix=3.622
[depth_angular_controller-1] [INFO] [1790679864.342839515] [depth_angular_controller]: OUTSIDE_FLOW_BOX
[depth_angular_controller-1] [INFO] [1790679864.359006422] [depth_angular_controller]: TARGET_HOLD
[depth_angular_controller-1] [INFO] [1790679864.458989975] [depth_angular_controller]: OUTSIDE_FLOW_BOX
[depth_angular_controller-1] [INFO] [1790679864.474570633] [depth_angular_controller]: TARGET_HOLD
[depth_angular_controller-1] [INFO] [1790679864.545847195] [depth_angular_controller]: OUTSIDE_FLOW_BOX
[depth_angular_controller-1] [INFO] [1790679864.563070506] [depth_angular_controller]: STATE_OUTSIDE_FREE_DOMAIN
[depth_angular_controller-1] [INFO] [1790679864.663900977] [depth_angular_controller]: OUTSIDE_FLOW_BOX
[position_cmd_to_twist-2] [INFO] [1790679864.720772218] [position_cmd_to_twist]: [PERF BRIDGE] run=motion_cloud6 elapsed=80.77s received=3004 published=2993 fps(ros/wall)=46.27/44.80 controller_to_bridge_ms(mean/p50/p95/max)=9.698/0.000/33.333/183.333 bridge_process_ms(mean/p95/max)=0.111/0.138/3.660
[NAV] t=65.0s position=(-58.11,-9.34,5.35) yaw=348.5deg command=(0.31,-0.06,0.05) manual_active=1 collision_blocks=0
[depth_angular_controller-1] [INFO] [1790679865.058290633] [depth_angular_controller]: TARGET_HOLD
[depth_angular_controller-1] [INFO] [1790679865.249885557] [depth_angular_controller]: PAPER_BUILD reason=READY required=0.0100 best=3.6217 free=67 refined=0 tubes=83 revoked_tubes=0 proofs=128
[depth_angular_controller-1] [INFO] [1790679865.249923358] [depth_angular_controller]: PAPER_EVIDENCE retained=32 balls=32 revoked_balls=0 expired_views=0 evicted_views=200 radius=0.580 clearance=0.667 best_prefix=3.622
[depth_angular_controller-1] [INFO] [1790679865.338283108] [depth_angular_controller]: OUTSIDE_FLOW_BOX
[depth_angular_controller-1] [INFO] [1790679865.353124038] [depth_angular_controller]: TARGET_HOLD
[depth_angular_controller-1] [INFO] [1790679865.452693303] [depth_angular_controller]: OUTSIDE_FLOW_BOX
[depth_angular_controller-1] [INFO] [1790679865.467188754] [depth_angular_controller]: TARGET_HOLD
[depth_angular_controller-1] [INFO] [1790679865.570109137] [depth_angular_controller]: OUTSIDE_FLOW_BOX
[depth_angular_controller-1] [INFO] [1790679865.586385060] [depth_angular_controller]: TARGET_HOLD
[depth_angular_controller-1] [INFO] [1790679865.665604788] [depth_angular_controller]: OUTSIDE_FLOW_BOX
[depth_angular_controller-1] [INFO] [1790679865.682937323] [depth_angular_controller]: TARGET_HOLD
[depth_angular_controller-1] [INFO] [1790679865.775639232] [depth_angular_controller]: OUTSIDE_FLOW_BOX
[depth_angular_controller-1] [INFO] [1790679865.790233047] [depth_angular_controller]: TARGET_HOLD
[depth_angular_controller-1] [INFO] [1790679865.885153258] [depth_angular_controller]: OUTSIDE_FLOW_BOX
[depth_angular_controller-1] [INFO] [1790679865.914207520] [depth_angular_controller]: TRACKING
[depth_angular_controller-1] [INFO] [1790679865.942301439] [depth_angular_controller]: OUTSIDE_FLOW_BOX
[depth_angular_controller-1] [INFO] [1790679865.969667612] [depth_angular_controller]: TRACKING
[depth_angular_controller-1] [INFO] [1790679866.016890959] [depth_angular_controller]: OUTSIDE_FLOW_BOX
[depth_angular_controller-1] [INFO] [1790679866.088821519] [depth_angular_controller]: TRACKING
[depth_angular_controller-1] [INFO] [1790679866.118368004] [depth_angular_controller]: OUTSIDE_FLOW_BOX
[depth_angular_controller-1] [INFO] [1790679866.203251951] [depth_angular_controller]: TRACKING
[depth_angular_controller-1] [INFO] [1790679866.203286195] [depth_angular_controller]: PAPER_BUILD reason=READY required=0.0100 best=3.6217 free=70 refined=0 tubes=84 revoked_tubes=0 proofs=128
[depth_angular_controller-1] [INFO] [1790679866.203295783] [depth_angular_controller]: PAPER_EVIDENCE retained=32 balls=32 revoked_balls=0 expired_views=0 evicted_views=204 radius=0.580 clearance=0.667 best_prefix=3.622
[depth_angular_controller-1] [INFO] [1790679866.231575972] [depth_angular_controller]: OUTSIDE_FLOW_BOX
[depth_angular_controller-1] [INFO] [1790679866.305330034] [depth_angular_controller]: TRACKING
[depth_angular_controller-1] [INFO] [1790679866.333396201] [depth_angular_controller]: OUTSIDE_FLOW_BOX
[depth_angular_controller-1] [INFO] [1790679866.404440148] [depth_angular_controller]: TRACKING
[depth_angular_controller-1] [INFO] [1790679866.426240256] [depth_angular_controller]: OUTSIDE_FLOW_BOX
[depth_angular_controller-1] [INFO] [1790679866.510854037] [depth_angular_controller]: TRACKING
[depth_angular_controller-1] [INFO] [1790679866.540453481] [depth_angular_controller]: OUTSIDE_FLOW_BOX
[depth_angular_controller-1] [INFO] [1790679866.608428899] [depth_angular_controller]: TRACKING
[depth_angular_controller-1] [INFO] [1790679866.635699714] [depth_angular_controller]: OUTSIDE_FLOW_BOX
[depth_angular_controller-1] [INFO] [1790679866.717950971] [depth_angular_controller]: TRACKING
[depth_angular_controller-1] [INFO] [1790679866.750008238] [depth_angular_controller]: OUTSIDE_FLOW_BOX
[depth_angular_controller-1] [INFO] [1790679866.820684274] [depth_angular_controller]: TRACKING
[depth_angular_controller-1] [INFO] [1790679866.848581674] [depth_angular_controller]: OUTSIDE_FLOW_BOX
[depth_angular_controller-1] [INFO] [1790679866.925136151] [depth_angular_controller]: TRACKING
[depth_angular_controller-1] [INFO] [1790679866.952698403] [depth_angular_controller]: OUTSIDE_FLOW_BOX
[depth_angular_controller-1] [INFO] [1790679867.000726659] [depth_angular_controller]: TRACKING
[depth_angular_controller-1] [INFO] [1790679867.173761335] [depth_angular_controller]: PAPER_BUILD reason=READY required=0.0100 best=3.6217 free=70 refined=0 tubes=84 revoked_tubes=0 proofs=128
[depth_angular_controller-1] [INFO] [1790679867.173799707] [depth_angular_controller]: PAPER_EVIDENCE retained=32 balls=32 revoked_balls=0 expired_views=0 evicted_views=204 radius=0.580 clearance=0.667 best_prefix=3.622
[depth_angular_controller-1] [INFO] [1790679867.235422113] [depth_angular_controller]: OUTSIDE_FLOW_BOX
[depth_angular_controller-1] [INFO] [1790679867.314850273] [depth_angular_controller]: TARGET_HOLD
[depth_angular_controller-1] [INFO] [1790679867.441182680] [depth_angular_controller]: TRACKING
[depth_angular_controller-1] [INFO] [1790679867.622286688] [depth_angular_controller]: TARGET_HOLD
[depth_angular_controller-1] [INFO] [1790679867.747735817] [depth_angular_controller]: OUTSIDE_FLOW_BOX
[depth_angular_controller-1] [INFO] [1790679867.761450032] [depth_angular_controller]: STATE_OUTSIDE_FREE_DOMAIN
[depth_angular_controller-1] [INFO] [1790679867.858594828] [depth_angular_controller]: OUTSIDE_FLOW_BOX
[depth_angular_controller-1] [INFO] [1790679867.914956502] [depth_angular_controller]: TARGET_HOLD
[depth_angular_controller-1] [INFO] [1790679867.964250534] [depth_angular_controller]: TRACKING
[depth_angular_controller-1] [INFO] [1790679868.171835424] [depth_angular_controller]: OUTSIDE_FLOW_BOX
[depth_angular_controller-1] [INFO] [1790679868.188741008] [depth_angular_controller]: [PERF CTRL] run=motion_cloud6 elapsed=84.35s callbacks=3167 commands=3166 guidance=3116 command_fps(ros/wall)=46.25/45.05 guidance_wall_fps=44.86 avoid_ms(mean/p50/p95/max)=4.094/0.118/22.813/154.534 cycle_ms(mean/p95/max)=22.199/50.463/172.393 depth_to_cmd_ms(mean/p95/max)=28.445/33.333/50.000 callback_to_publish_ms(mean/p95/max)=15.506/35.571/172.271
[depth_angular_controller-1] [INFO] [1790679868.188800360] [depth_angular_controller]: STATE_OUTSIDE_FREE_DOMAIN
[depth_angular_controller-1] [INFO] [1790679868.249505625] [depth_angular_controller]: PAPER_BUILD reason=READY required=0.0298 best=3.6217 free=77 refined=0 tubes=85 revoked_tubes=0 proofs=128
[depth_angular_controller-1] [INFO] [1790679868.249562071] [depth_angular_controller]: PAPER_EVIDENCE retained=32 balls=32 revoked_balls=0 expired_views=0 evicted_views=208 radius=0.580 clearance=0.000 best_prefix=3.622
[depth_angular_controller-1] [INFO] [1790679868.298385440] [depth_angular_controller]: OUTSIDE_FLOW_BOX
[depth_angular_controller-1] [INFO] [1790679868.312208729] [depth_angular_controller]: TARGET_HOLD
[depth_angular_controller-1] [INFO] [1790679869.126202827] [depth_angular_controller]: TRACKING
[depth_angular_controller-1] [INFO] [1790679869.270466543] [depth_angular_controller]: TARGET_HOLD
[depth_angular_controller-1] [INFO] [1790679869.285752026] [depth_angular_controller]: PAPER_BUILD reason=READY required=0.4174 best=3.6217 free=89 refined=0 tubes=86 revoked_tubes=0 proofs=128
[depth_angular_controller-1] [INFO] [1790679869.285786170] [depth_angular_controller]: PAPER_EVIDENCE retained=32 balls=32 revoked_balls=0 expired_views=0 evicted_views=241 radius=0.580 clearance=0.667 best_prefix=3.622
[depth_angular_controller-1] [INFO] [1790679869.369736376] [depth_angular_controller]: TRACKING
[depth_angular_controller-1] [INFO] [1790679869.422567485] [depth_angular_controller]: TARGET_HOLD
[depth_angular_controller-1] [INFO] [1790679869.592435488] [depth_angular_controller]: OUTSIDE_FLOW_BOX
[depth_angular_controller-1] [INFO] [1790679869.609699905] [depth_angular_controller]: STATE_OUTSIDE_FREE_DOMAIN
[position_cmd_to_twist-2] [INFO] [1790679869.655994559] [position_cmd_to_twist]: [PERF BRIDGE] run=motion_cloud6 elapsed=85.70s received=3224 published=3213 fps(ros/wall)=46.12/44.80 controller_to_bridge_ms(mean/p50/p95/max)=9.957/0.000/33.333/183.333 bridge_process_ms(mean/p95/max)=0.111/0.139/3.660
[depth_angular_controller-1] [INFO] [1790679869.678809883] [depth_angular_controller]: OUTSIDE_FLOW_BOX
[NAV] t=70.0s position=(-57.24,-9.75,5.52) yaw=335.1deg command=(0.73,-0.34,0.11) manual_active=1 collision_blocks=0
[depth_angular_controller-1] [INFO] [1790679869.940765862] [depth_angular_controller]: TARGET_HOLD
[depth_angular_controller-1] [INFO] [1790679870.291958406] [depth_angular_controller]: OUTSIDE_FLOW_BOX
[depth_angular_controller-1] [INFO] [1790679870.306104302] [depth_angular_controller]: STATE_OUTSIDE_FREE_DOMAIN
[depth_angular_controller-1] [INFO] [1790679870.351390843] [depth_angular_controller]: PAPER_BUILD reason=READY required=0.1420 best=3.6217 free=105 refined=0 tubes=88 revoked_tubes=0 proofs=128
[depth_angular_controller-1] [INFO] [1790679870.351429095] [depth_angular_controller]: PAPER_EVIDENCE retained=32 balls=32 revoked_balls=0 expired_views=0 evicted_views=245 radius=0.580 clearance=0.000 best_prefix=3.622
[depth_angular_controller-1] [INFO] [1790679870.468878713] [depth_angular_controller]: OUTSIDE_FLOW_BOX
[depth_angular_controller-1] [INFO] [1790679870.767576379] [depth_angular_controller]: REFERENCE_INITIALIZATION
[depth_angular_controller-1] [INFO] [1790679870.784514454] [depth_angular_controller]: TRACKING
[depth_angular_controller-1] [INFO] [1790679870.949904695] [depth_angular_controller]: TARGET_HOLD
[depth_angular_controller-1] [INFO] [1790679871.105623156] [depth_angular_controller]: TRACKING
[depth_angular_controller-1] [INFO] [1790679871.269656770] [depth_angular_controller]: TARGET_HOLD
[depth_angular_controller-1] [INFO] [1790679871.622411116] [depth_angular_controller]: PAPER_BUILD reason=READY required=0.1998 best=3.6217 free=136 refined=0 tubes=88 revoked_tubes=0 proofs=128
[depth_angular_controller-1] [INFO] [1790679871.622449307] [depth_angular_controller]: PAPER_EVIDENCE retained=32 balls=32 revoked_balls=0 expired_views=0 evicted_views=249 radius=0.580 clearance=0.667 best_prefix=3.622
[depth_angular_controller-1] [INFO] [1790679872.961331545] [depth_angular_controller]: PAPER_BUILD reason=READY required=0.6080 best=3.6217 free=177 refined=0 tubes=90 revoked_tubes=0 proofs=128
[depth_angular_controller-1] [INFO] [1790679872.961369125] [depth_angular_controller]: PAPER_EVIDENCE retained=32 balls=32 revoked_balls=0 expired_views=0 evicted_views=253 radius=0.580 clearance=0.667 best_prefix=3.622
[depth_angular_controller-1] [INFO] [1790679873.222601527] [depth_angular_controller]: [PERF CTRL] run=motion_cloud6 elapsed=89.38s callbacks=3358 commands=3357 guidance=3307 command_fps(ros/wall)=46.13/44.57 guidance_wall_fps=44.40 avoid_ms(mean/p50/p95/max)=4.164/0.122/23.108/154.534 cycle_ms(mean/p95/max)=22.435/51.762/172.393 depth_to_cmd_ms(mean/p95/max)=28.213/33.333/50.000 callback_to_publish_ms(mean/p95/max)=15.742/36.388/172.271
[depth_angular_controller-1] [INFO] [1790679873.917227265] [depth_angular_controller]: PAPER_BUILD reason=READY required=0.6210 best=3.6217 free=115 refined=0 tubes=92 revoked_tubes=0 proofs=128
[depth_angular_controller-1] [INFO] [1790679873.917267841] [depth_angular_controller]: PAPER_EVIDENCE retained=32 balls=32 revoked_balls=0 expired_views=0 evicted_views=257 radius=0.580 clearance=0.667 best_prefix=3.622
[depth_angular_controller-1] [INFO] [1790679875.019226604] [depth_angular_controller]: PAPER_BUILD reason=READY required=0.6211 best=3.6217 free=83 refined=0 tubes=94 revoked_tubes=0 proofs=128
[depth_angular_controller-1] [INFO] [1790679875.019269955] [depth_angular_controller]: PAPER_EVIDENCE retained=32 balls=32 revoked_balls=0 expired_views=0 evicted_views=261 radius=0.580 clearance=0.667 best_prefix=3.622
[position_cmd_to_twist-2] [INFO] [1790679875.447686634] [position_cmd_to_twist]: [PERF BRIDGE] run=motion_cloud6 elapsed=91.50s received=3454 published=3443 fps(ros/wall)=46.10/44.41 controller_to_bridge_ms(mean/p50/p95/max)=10.379/0.000/33.333/183.333 bridge_process_ms(mean/p95/max)=0.111/0.139/3.660
[NAV] t=75.0s position=(-53.56,-10.61,5.79) yaw=359.8deg command=(1.00,-0.00,0.00) manual_active=1 collision_blocks=0
[depth_angular_controller-1] [INFO] [1790679876.069783269] [depth_angular_controller]: PAPER_BUILD reason=READY required=0.6217 best=3.6217 free=142 refined=0 tubes=96 revoked_tubes=0 proofs=128
[depth_angular_controller-1] [INFO] [1790679876.069825188] [depth_angular_controller]: PAPER_EVIDENCE retained=32 balls=32 revoked_balls=0 expired_views=0 evicted_views=264 radius=0.580 clearance=0.667 best_prefix=3.622
[depth_angular_controller-1] [INFO] [1790679877.138662377] [depth_angular_controller]: PAPER_BUILD reason=READY required=0.6217 best=3.6217 free=238 refined=0 tubes=98 revoked_tubes=0 proofs=128
[depth_angular_controller-1] [INFO] [1790679877.138703514] [depth_angular_controller]: PAPER_EVIDENCE retained=32 balls=32 revoked_balls=0 expired_views=0 evicted_views=268 radius=0.580 clearance=0.667 best_prefix=3.622
[depth_angular_controller-1] [INFO] [1790679877.352295096] [depth_angular_controller]: OUTSIDE_FLOW_BOX
[depth_angular_controller-1] [INFO] [1790679877.367185047] [depth_angular_controller]: STATE_OUTSIDE_FREE_DOMAIN
[depth_angular_controller-1] [INFO] [1790679877.436779033] [depth_angular_controller]: OUTSIDE_FLOW_BOX
[depth_angular_controller-1] [INFO] [1790679878.082658888] [depth_angular_controller]: PAPER_BUILD reason=READY required=0.0412 best=3.6217 free=269 refined=0 tubes=99 revoked_tubes=0 proofs=128
[depth_angular_controller-1] [INFO] [1790679878.082696969] [depth_angular_controller]: PAPER_EVIDENCE retained=32 balls=32 revoked_balls=0 expired_views=0 evicted_views=272 radius=0.580 clearance=0.000 best_prefix=3.622
[depth_angular_controller-1] [INFO] [1790679878.186277822] [depth_angular_controller]: TRACKING
[depth_angular_controller-1] [INFO] [1790679878.232699744] [depth_angular_controller]: [PERF CTRL] run=motion_cloud6 elapsed=94.39s callbacks=3583 commands=3582 guidance=3532 command_fps(ros/wall)=46.04/44.59 guidance_wall_fps=44.43 avoid_ms(mean/p50/p95/max)=4.249/0.125/23.981/154.534 cycle_ms(mean/p95/max)=22.425/51.942/172.393 depth_to_cmd_ms(mean/p95/max)=28.015/33.333/66.667 callback_to_publish_ms(mean/p95/max)=15.929/37.049/172.271
[depth_angular_controller-1] [INFO] [1790679878.246173849] [depth_angular_controller]: OUTSIDE_FLOW_BOX
[depth_angular_controller-1] [INFO] [1790679878.286893942] [depth_angular_controller]: TRACKING
[depth_angular_controller-1] [INFO] [1790679878.394922130] [depth_angular_controller]: OUTSIDE_FLOW_BOX
[depth_angular_controller-1] [INFO] [1790679878.459425052] [depth_angular_controller]: TRACKING
[depth_angular_controller-1] [INFO] [1790679878.557192306] [depth_angular_controller]: OUTSIDE_FLOW_BOX
[depth_angular_controller-1] [INFO] [1790679878.637864289] [depth_angular_controller]: TRACKING
[depth_angular_controller-1] [INFO] [1790679878.679893479] [depth_angular_controller]: OUTSIDE_FLOW_BOX
[depth_angular_controller-1] [INFO] [1790679878.741440964] [depth_angular_controller]: TRACKING
[depth_angular_controller-1] [INFO] [1790679878.860366542] [depth_angular_controller]: OUTSIDE_FLOW_BOX
[depth_angular_controller-1] [INFO] [1790679878.907190389] [depth_angular_controller]: TRACKING
[depth_angular_controller-1] [INFO] [1790679878.980739857] [depth_angular_controller]: OUTSIDE_FLOW_BOX
[depth_angular_controller-1] [INFO] [1790679879.160150978] [depth_angular_controller]: TRACKING
[depth_angular_controller-1] [INFO] [1790679879.219081263] [depth_angular_controller]: OUTSIDE_FLOW_BOX
[depth_angular_controller-1] [INFO] [1790679879.265405431] [depth_angular_controller]: TRACKING
[depth_angular_controller-1] [INFO] [1790679879.265440197] [depth_angular_controller]: PAPER_BUILD reason=READY required=0.0100 best=3.6217 free=269 refined=0 tubes=99 revoked_tubes=0 proofs=128
[depth_angular_controller-1] [INFO] [1790679879.265449524] [depth_angular_controller]: PAPER_EVIDENCE retained=32 balls=32 revoked_balls=0 expired_views=0 evicted_views=276 radius=0.580 clearance=0.667 best_prefix=3.622
[depth_angular_controller-1] [INFO] [1790679879.321984955] [depth_angular_controller]: OUTSIDE_FLOW_BOX
[depth_angular_controller-1] [INFO] [1790679879.374990942] [depth_angular_controller]: TRACKING
[depth_angular_controller-1] [INFO] [1790679879.422099884] [depth_angular_controller]: OUTSIDE_FLOW_BOX
[depth_angular_controller-1] [INFO] [1790679879.494304077] [depth_angular_controller]: TRACKING
[depth_angular_controller-1] [INFO] [1790679879.537552264] [depth_angular_controller]: OUTSIDE_FLOW_BOX
[depth_angular_controller-1] [INFO] [1790679879.593164502] [depth_angular_controller]: TRACKING
[depth_angular_controller-1] [INFO] [1790679879.637966074] [depth_angular_controller]: OUTSIDE_FLOW_BOX
[depth_angular_controller-1] [INFO] [1790679879.706192894] [depth_angular_controller]: TRACKING
[depth_angular_controller-1] [INFO] [1790679879.783510283] [depth_angular_controller]: OUTSIDE_FLOW_BOX
[depth_angular_controller-1] [INFO] [1790679879.897215815] [depth_angular_controller]: TRACKING
[depth_angular_controller-1] [INFO] [1790679879.938169446] [depth_angular_controller]: OUTSIDE_FLOW_BOX
[depth_angular_controller-1] [INFO] [1790679880.020181163] [depth_angular_controller]: TRACKING
[depth_angular_controller-1] [INFO] [1790679880.041500410] [depth_angular_controller]: OUTSIDE_FLOW_BOX
[depth_angular_controller-1] [INFO] [1790679880.121361682] [depth_angular_controller]: TRACKING
[depth_angular_controller-1] [INFO] [1790679880.169324215] [depth_angular_controller]: OUTSIDE_FLOW_BOX
[depth_angular_controller-1] [INFO] [1790679880.169358600] [depth_angular_controller]: PAPER_BUILD reason=READY required=0.0100 best=3.6217 free=269 refined=0 tubes=100 revoked_tubes=0 proofs=128
[depth_angular_controller-1] [INFO] [1790679880.169368098] [depth_angular_controller]: PAPER_EVIDENCE retained=32 balls=32 revoked_balls=0 expired_views=0 evicted_views=276 radius=0.580 clearance=0.000 best_prefix=3.622
[depth_angular_controller-1] [INFO] [1790679880.221742480] [depth_angular_controller]: TRACKING
[depth_angular_controller-1] [INFO] [1790679880.277133734] [depth_angular_controller]: OUTSIDE_FLOW_BOX
[depth_angular_controller-1] [INFO] [1790679880.322539028] [depth_angular_controller]: TRACKING
[position_cmd_to_twist-2] [INFO] [1790679880.385547626] [position_cmd_to_twist]: [PERF BRIDGE] run=motion_cloud6 elapsed=96.43s received=3675 published=3664 fps(ros/wall)=45.99/44.43 controller_to_bridge_ms(mean/p50/p95/max)=10.585/0.000/33.333/183.333 bridge_process_ms(mean/p95/max)=0.111/0.139/3.660
[depth_angular_controller-1] [INFO] [1790679880.395822257] [depth_angular_controller]: OUTSIDE_FLOW_BOX
[NAV] t=80.0s position=(-51.28,-10.61,5.79) yaw=359.5deg command=(0.00,0.00,0.00) manual_active=0 collision_blocks=0
[depth_angular_controller-1] [INFO] [1790679880.471173776] [depth_angular_controller]: ZERO_INTENT
[depth_angular_controller-1] [INFO] [1790679883.238590697] [depth_angular_controller]: [PERF CTRL] run=motion_cloud6 elapsed=99.40s callbacks=3826 commands=3825 guidance=3630 command_fps(ros/wall)=46.14/44.83 guidance_wall_fps=44.42 avoid_ms(mean/p50/p95/max)=4.292/0.125/24.578/154.534 cycle_ms(mean/p95/max)=22.309/52.073/172.393 depth_to_cmd_ms(mean/p95/max)=27.998/33.333/66.667 callback_to_publish_ms(mean/p95/max)=15.820/37.261/172.271
[MANUAL RESULT] TIMEOUT position=(-51.279,-10.610,5.789)
[PERF ISAAC FINAL] run=motion_cloud6 result=MANUAL_TIMEOUT wall=86.81s sim_frames=5043 fps(sim/wall)=60.02/58.09 command_changes=2483 collision_blocks=0 frame_interval_ms(mean/p50/p95/max)=17.148/15.654/18.358/80.067
[100.150s] Simulation App Shutting Down
[depth_angular_controller-1] [INFO] [1790679884.971310905] [rclcpp]: signal_handler(SIGINT/SIGTERM)
[depth_angular_controller-1] [INFO] [1790679884.972403595] [depth_angular_controller]: [PERF CTRL FINAL] run=motion_cloud6 elapsed=101.13s callbacks=3882 commands=3881 guidance=3630 command_fps(ros/wall)=46.19/44.89 guidance_wall_fps=44.42 avoid_ms(mean/p50/p95/max)=4.292/0.125/24.578/154.534 cycle_ms(mean/p95/max)=22.276/52.073/172.393 depth_to_cmd_ms(mean/p95/max)=27.998/33.333/66.667 callback_to_publish_ms(mean/p95/max)=15.764/37.049/172.271
[position_cmd_to_twist-2] [INFO] [1790679884.972530193] [position_cmd_to_twist]: [PERF BRIDGE FINAL] run=motion_cloud6 elapsed=101.02s received=3881 published=3870 fps(ros/wall)=46.19/44.76 controller_to_bridge_ms(mean/p50/p95/max)=10.212/0.000/33.333/183.333 bridge_process_ms(mean/p95/max)=0.111/0.140/3.660
[position_cmd_to_twist-2] Failed to publish log message to rosout: publisher's context is invalid, at ./src/rcl/publisher.c:389
[INFO] [depth_angular_controller-1]: process has finished cleanly [pid 36851]
[INFO] [position_cmd_to_twist-2]: process has finished cleanly [pid 36853]
