[PERF] run=motion_cloud13 log=/home/starry/isaac-data/EGO1P1/performance/motion_consistency_20260929/performance.md
[INPUT] mode=trace scene_mode=cloud
[INFO] [launch]: All log files can be found below /tmp/fov_gvf_ego1p1_isaac_ros_log/2026-09-29-19-20-30-362040-starry-System-Product-Name-42257
[INFO] [launch]: Default logging verbosity is set to INFO
[INFO] [depth_angular_controller-1]: process started with pid [42259]
[INFO] [position_cmd_to_twist-2]: process started with pid [42261]
[depth_angular_controller-1] [INFO] [1790680830.729747665] [depth_angular_controller]: C++ controller commands publish on /position_cmd; horizontal views=4
[ROS CHECK] ROS_DOMAIN_ID=84 /position_cmd publishers=1
Type: pc_gvf_msgs/msg/PositionCommand
Publisher count: 1
Subscription count: 1
/depth_angular_controller
/position_cmd_to_twist
WARNING: All log messages before absl::InitializeLog() is called are written to STDERR
E0000 00:00:1790680831.774409   42310 descriptor_database.cc:633] File already exists in database: grpc/health/v1/health.proto
W0000 00:00:1790680831.774432   42310 message.cc:301] Protobuf GeneratedMessageFactory: File is already registered: grpc/health/v1/health.proto
2026-09-29T11:20:31Z [Info] [carb] Logging to file: /home/starry/isaac-data/isaacsim/kit/logs/Kit/Isaac-Sim Python/6.0/kit_20260929_192031.log
[0.044s] [ext: omni.assets.plugins-0.0.0] startup
[0.045s] [ext: omni.blobkey-1.1.2] startup
[0.045s] [ext: omni.kit.async_engine-0.0.3] startup
[0.317s] [ext: omni.client.lib-1.1.1] startup
[0.324s] [ext: omni.client-1.3.0] startup
[0.326s] [ext: omni.protobuf.lib-1.0.0] startup
[0.327s] [ext: omni.grpc.lib-1.0.0] startup
[0.330s] [ext: omni.metrics.core-0.0.3] startup
[0.330s] [ext: omni.datastore-0.0.0] startup
[0.331s] [ext: omni.gpu_foundation.shadercache.vulkan-1.0.0] startup
[0.333s] [ext: omni.hsscclient-1.1.4] startup
[0.333s] [ext: omni.stats-1.0.1] startup
[0.334s] [ext: omni.ujitso.default-1.0.0] startup
[0.336s] [ext: omni.gpu_foundation-0.0.0] startup
[0.456s] [ext: carb.windowing.plugins-1.0.1] startup
[0.456s] [ext: omni.kit.renderer.init-1.0.1] startup
2026-09-29T11:20:32Z [662ms] [Warning] [omni.rtx] Skipping unsupported non-NVIDIA GPU: AMD Unknown (RADV RAPHAEL_MENDOCINO)
2026-09-29T11:20:32Z [663ms] [Warning] [omni.rtx] Skipping unsupported non-NVIDIA GPU: AMD Unknown (RADV RAPHAEL_MENDOCINO)

|---------------------------------------------------------------------------------------------|
| Driver Version: 580.178.04    | Graphics API: Vulkan
|=============================================================================================|
| GPU | Name                             | Active | LDA | GPU Memory | Vendor-ID | LUID       |
|     |                                  |        |     |            | Device-ID | UUID       |
|     |                                  |        |     |            | Bus-ID    |            |
|---------------------------------------------------------------------------------------------|
| 0   | NVIDIA GeForce RTX 5070          | Yes: 0 |     | 12227   MB | 10de      | 0          |
|     |                                  |        |     |            | 2f04      | 348d89fe.. |
|     |                                  |        |     |            | 1         |            |
|---------------------------------------------------------------------------------------------|
| 1   | AMD Unknown (RADV RAPHAEL_MEND.. |        |     | 10755   MB | 1002      | 0          |
|     |                                  |        |     |            | 13c0      | 00000000.. |
|     |                                  |        |     |            | c         |            |
|=============================================================================================|
| OS: 22.04.5 LTS (Jammy Jellyfish) ubuntu, Version: 22.04.5, Kernel: 6.8.0-138-generic
| XServer Vendor: The X.Org Foundation, XServer Version: 12101004 (1.21.1.4)
| Processor: AMD Ryzen 5 9600X 6-Core Processor
| Cores: 6 | Logical Cores: 12
|---------------------------------------------------------------------------------------------|
| Total Memory (MB): 31241 | Free Memory: 22820
| Total Page/Swap (MB): 15624 | Free Page/Swap: 15624
|---------------------------------------------------------------------------------------------|
2026-09-29T11:20:32Z [874ms] [Warning] [omni.rtx] CPU performance profile is set to powersave. This profile sets the CPU to the lowest frequency reducing performance.
2026-09-29T11:20:32Z [883ms] [Warning] [omni.rtx] IOMMU is enabled.
[0.984s] [ext: omni.kit.pipapi-0.0.0] startup
[0.985s] [ext: omni.kit.pip_archive-0.0.0] startup
[0.985s] [ext: isaacsim.pip.newton-0.6.1] startup
[0.985s] [ext: omni.pip.compute-1.9.2] startup
[0.985s] [ext: omni.isaac.core_archive-5.3.1] startup
[0.986s] [ext: omni.kit.telemetry-0.5.2] startup
[1.002s] [ext: omni.kit.loop-isaac-1.6.0] startup
[1.004s] [ext: omni.kit.test-2.0.7] startup
[1.059s] [ext: omni.materialx.libs-1.0.9] startup
[1.065s] [ext: omni.gpucompute.plugins-0.0.0] startup
[1.065s] [ext: omni.usd.config-1.0.7] startup
[1.068s] [ext: omni.usd.libs-1.0.3] startup
[1.123s] [ext: omni.iray.libs-0.0.1] startup
[1.126s] [ext: omni.mdl-57.0.3] startup
[1.191s] [ext: omni.mdl.neuraylib-0.2.20] startup
[1.193s] [ext: omni.kit.usd.mdl-1.1.9] startup
[1.281s] [ext: omni.appwindow-1.2.2] startup
[1.283s] [ext: omni.kit.renderer.core-1.2.2] startup
2026-09-29T11:20:37Z [6,506ms] [Warning] [carb.windowing-glfw.gamepad] Joystick with unknown remapping detected (will be ignored):  BEITONG BEITONG A2P3A BFM DONGLE [03000000bc2000001c51000011010000]
[6.537s] [ext: omni.kit.renderer.capture-2.0.1] startup
[6.539s] [ext: omni.kit.renderer.imgui-2.0.6] startup
[6.576s] [ext: omni.ui-3.2.0] startup
[6.582s] [ext: omni.kit.mainwindow-1.0.3] startup
[6.583s] [ext: carb.audio-0.1.0] startup
[6.585s] [ext: omni.uiaudio-1.0.0] startup
[6.586s] [ext: omni.kit.uiapp-0.0.0] startup
[6.586s] [ext: omni.usd.schema.metrics.assembler-110.1.0] startup
[6.588s] [ext: omni.usd.schema.audio-0.0.1] startup
[6.591s] [ext: omni.usd_resolver-1.0.0] startup
[6.593s] [ext: omni.usd.core-1.8.3] startup
[6.595s] [ext: omni.metropolis.schema-0.0.3] startup
[6.596s] [ext: isaacsim.anim.robot.schema-0.1.1] startup
[6.596s] [ext: omni.usd.schema.anim-0.0.1] startup
[6.610s] [ext: omni.usd.schema.geospatial-0.0.1] startup
[6.611s] [ext: omni.usd.schema.omnigraph-1.0.1] startup
[6.616s] [ext: omni.usd.schema.semantics-0.0.0] startup
[6.617s] [ext: omni.activity.core-1.0.3] startup
[6.618s] [ext: omni.cubric-0.1.0] startup
[6.619s] [ext: omni.graph.exec-0.9.6] startup
[6.619s] [ext: omni.hydra.scene_delegate-0.3.5] startup
[6.621s] [ext: usdrt.scenegraph-7.6.3] startup
[6.639s] [ext: omni.hydra.usdrt_delegate-7.5.2] startup
[6.643s] [ext: omni.inspect-1.0.2] startup
[6.644s] [ext: omni.kit.actions.core-1.0.0] startup
[6.645s] [ext: omni.kit.audiodeviceenum-1.0.2] startup
[6.646s] [ext: omni.kit.commands-1.5.0] startup
[6.648s] [ext: omni.kit.exec.core-0.13.5] startup
[6.650s] [ext: omni.kit.usd_undo-0.1.8] startup
[6.650s] [ext: omni.kit.window.popup_dialog-2.0.25] startup
[6.652s] [ext: omni.kit.widget.nucleus_connector-2.3.1] startup
[6.654s] [ext: omni.timeline-1.1.0] startup
[6.656s] [ext: omni.usd-1.16.0] startup
[6.681s] [ext: omni.graph.core-3.1.2] startup
[6.684s] [ext: omni.kit.notification_manager-1.0.11] startup
[6.685s] [ext: isaacsim.core.deprecation_manager-0.4.2] startup
[6.686s] [ext: isaacsim.replicator.agent.schema-0.1.1] startup
[6.687s] [ext: isaacsim.robot.schema-6.3.7] startup
[6.691s] [ext: isaacsim.robot_motion.schema-0.2.1] startup
[6.691s] [ext: omni.anim.behavior.schema-110.1.0] startup
[6.694s] [ext: omni.anim.graph.schema-110.1.1] startup
[6.699s] [ext: omni.anim.navigation.schema-110.1.0] startup
[6.701s] [ext: omni.behavior.tree.schema-110.1.0] startup
[6.702s] [ext: omni.isaac.ml_archive-3.3.0] startup
[6.702s] [ext: omni.kit.asset_converter-6.0.1] startup
[6.711s] [ext: omni.pip.cloud-1.5.4] startup
[6.713s] [ext: omni.usd.schema.flow-110.0.0] startup
[6.713s] [ext: omni.usd.schema.mujoco-1.1.1] startup
[6.714s] [ext: omni.usd.schema.newton-1.2.1] startup
[6.714s] [ext: omni.usd.schema.omni_lens_distortion-1.0.0] startup
[6.715s] [ext: omni.usd.schema.omni_projectors-1.0.0] startup
[6.715s] [ext: omni.usd.schema.omni_sensors-0.0.0] startup
[6.721s] [ext: omni.usd.schema.omniscripting-1.0.1] startup
[6.724s] [ext: omni.usd.schema.physical_lighting-0.1.0] startup
[6.727s] [ext: omni.usd.schema.physx-110.1.13] startup
[6.751s] [ext: omni.usd.schema.render_settings.rtx-1.0.2] startup
[6.753s] [ext: omni.usd.schema.usd_particle_field-1.0.0] startup
[6.754s] [ext: isaacsim.core.version-2.1.1] startup
[6.754s] [ext: omni.kit.menu.core-1.2.0] startup
[6.755s] [ext: omni.kit.menu.utils-2.2.4] startup
[6.761s] [ext: isaacsim.app.about-2.3.1] startup
[6.764s] [ext: isaacsim.asset.transformer-1.2.5] startup
[6.767s] [ext: omni.scene.optimizer.core-110.1.0] startup
[6.800s] [ext: isaacsim.asset.importer.utils-1.8.1] startup
[6.802s] [ext: omni.convexdecomposition-110.1.13] startup
[6.804s] [ext: omni.physics-110.1.13] startup
[6.806s] [ext: omni.physx.gpu-110.1.13] startup
[6.806s] [ext: omni.physx.foundation-110.1.13] startup
[6.807s] [ext: omni.usdphysics-110.1.13] startup
[6.808s] [ext: omni.physx.cooking-110.1.13] startup
[6.810s] [ext: omni.physx-110.1.13] startup
[6.816s] [ext: omni.physics.physx-110.1.13] startup
[6.818s] [ext: isaacsim.asset.exporter.urdf-2.0.5] startup
[6.824s] [ext: omni.kit.clipboard-1.1.1] startup
[6.825s] [ext: omni.kit.usd.layers-2.6.1] startup
[6.830s] [ext: omni.kit.widget.context_menu-1.4.0] startup
[6.831s] [ext: omni.kit.context_menu-1.9.0] startup
[6.832s] [ext: omni.kit.helper.file_utils-0.1.10] startup
[6.834s] [ext: omni.kit.widget.nucleus_info-2.0.2] startup
[6.834s] [ext: omni.kit.search_core-1.0.8] startup
[6.835s] [ext: omni.kit.widget.path_field-2.0.13] startup
[6.835s] [ext: omni.kit.widget.browser_bar-2.0.10] startup
[6.836s] [ext: omni.kit.widget.filebrowser-2.13.4] startup
[6.839s] [ext: omni.kit.widget.options_menu-1.1.6] startup
[6.841s] [ext: omni.kit.widget.options_button-1.0.3] startup
[6.842s] [ext: omni.kit.widget.search_delegate-1.0.9] startup
[6.842s] [ext: omni.ui.scene-2.0.3] startup
[6.846s] [ext: omni.kit.window.filepicker-2.15.5] startup
[6.856s] [ext: omni.kit.window.file_importer-1.1.21] startup
[6.857s] [ext: omni.kit.material.library-3.1.2] startup
[6.861s] [ext: isaacsim.asset.transformer.rules-1.7.10] startup
[6.870s] [ext: omni.usdex.libs-2.2.2] startup
[6.875s] [ext: isaacsim.asset.importer.mjcf-3.10.1] startup
[6.877s] [ext: isaacsim.asset.importer.urdf-3.11.2] startup
[6.880s] [ext: omni.kit.primitive.mesh-1.1.0] startup
[6.882s] [ext: omni.kit.stage_template.core-1.1.22] startup
[6.883s] [ext: omni.kit.stage_templates-2.0.2] startup
[6.884s] [ext: omni.usd.metrics.assembler-110.1.2] startup
[6.886s] [ext: omni.warp.core-1.13.0] startup
[7.076s] [ext: isaacsim.core.experimental.utils-0.17.2] startup
[7.077s] [ext: omni.physics.stageupdate-110.1.13] startup
[7.078s] [ext: omni.physics.tensors-110.1.13] startup
[7.082s] [ext: omni.physx.tensors-110.1.13] startup
[7.085s] [ext: isaacsim.core.simulation_manager-1.15.6] startup
[7.096s] [ext: isaacsim.storage.native-1.9.3] startup
[7.097s] [ext: omni.usd.metrics.assembler.physics-110.1.13] startup
[7.098s] [ext: isaacsim.core.utils-4.1.7] startup
[7.099s] [ext: isaacsim.core.prims-0.11.7] startup
[7.978s] [ext: isaacsim.core.api-5.2.13] startup
[7.984s] [ext: isaacsim.core.cloner-1.7.3] startup
[7.985s] [ext: isaacsim.test.docstring-1.3.2] startup
[7.986s] [ext: isaacsim.core.experimental.prims-1.8.9] startup
[8.005s] [ext: isaacsim.core.experimental.primdata-0.3.2] startup
[8.006s] [ext: omni.graph.tools-1.81.0] startup
[8.025s] [ext: omni.graph-1.142.5] startup
[8.056s] [ext: isaacsim.core.experimental.actuators-0.1.2] startup
[8.068s] [ext: isaacsim.core.experimental.materials-0.7.1] startup
[8.071s] [ext: isaacsim.core.experimental.objects-0.8.1] startup
[8.123s] [ext: omni.hydra.engine.stats-1.0.5] startup
[8.125s] [ext: omni.hydra.rtx.shadercache.vulkan-1.0.0] startup
[8.126s] [ext: omni.index.libs-387500.4413.0] startup
[8.126s] [ext: omni.index-1.0.1] startup
[8.127s] [ext: omni.ujitso.client-0.0.0] startup
[8.127s] [ext: omni.usd.schema.playback-1.0.0] startup
[8.129s] [ext: omni.volume-0.5.2] startup
[8.133s] [ext: omni.hydra.rtx-1.0.4] startup
2026-09-29T11:20:39Z [8,122ms] [Warning] [omni.log] Source: omni.hydra was already registered.
[8.154s] [ext: omni.kit.hydra_texture-1.6.0] startup
[8.157s] [ext: omni.kit.raycast.query-1.2.0] startup
[8.160s] [ext: omni.kit.viewport.legacy_gizmos-1.0.24] startup
[8.162s] [ext: omni.kit.viewport.registry-104.0.6] startup
[8.162s] [ext: omni.kit.viewport.scene_camera_model-1.0.7] startup
[8.165s] [ext: omni.kit.widget.viewport-109.2.0] startup
[8.168s] [ext: omni.kit.window.drop_support-1.0.8] startup
[8.169s] [ext: omni.kit.viewport.window-109.0.2] startup
[8.183s] [ext: omni.kit.viewport.utility-2.0.1] startup
[8.183s] [ext: isaacsim.core.rendering_manager-0.4.3] startup
[8.203s] [ext: omni.graph.action_core-1.1.9] startup
[8.205s] [ext: omni.graph.action_nodes_core-2.11.0] startup
[8.207s] [ext: omni.graph.action_nodes-2.11.0] startup
[8.222s] [ext: omni.graph.action-2.10.2] startup
[8.223s] [ext: omni.graph.image.core-0.6.1] startup
[8.223s] [ext: omni.graph.image.nodes-1.3.1] startup
[8.224s] [ext: omni.graph.nodes_core-2.11.0] startup
[8.228s] [ext: omni.graph.nodes-2.12.0] startup
[8.232s] [ext: omni.kit.hotkeys.core-1.3.12] startup
[8.233s] [ext: omni.kit.property.adapter.core-1.1.1] startup
[8.235s] [ext: omni.kit.property.adapter.usd-1.0.5] startup
[8.236s] [ext: omni.kit.widget.filter-1.1.5] startup
[8.237s] [ext: omni.kit.widget.highlight_label-1.0.3] startup
[8.238s] [ext: omni.kit.widget.searchfield-1.1.8] startup
[8.239s] [ext: omni.kit.window.file_exporter-1.0.36] startup
[8.240s] [ext: omni.kit.widget.stage-4.4.0] startup
[8.248s] [ext: omni.kit.window.content_browser_registry-0.0.6] startup
[8.248s] [ext: omni.kit.window.file-2.0.10] startup
[8.251s] [ext: omni.kit.window.content_browser-3.1.8] startup
[8.260s] [ext: omni.kit.window.property-1.15.1] startup
[8.269s] [ext: omni.kit.property.usd-4.9.4] startup
[8.277s] [ext: omni.graph.scriptnode-2.10.2] startup
[8.285s] [ext: omni.kit.widget.searchable_combobox-1.0.7] startup
[8.286s] [ext: omni.kit.widget.settings-2.0.0] startup
[8.287s] [ext: omni.kit.window.preferences-1.8.3] startup
[8.291s] [ext: omni.kit.viewport.menubar.core-107.2.2] startup
[8.301s] [ext: omni.syntheticdata-0.6.15] startup
[8.324s] [ext: omni.replicator.nv-1.1.1] startup
[8.328s] [ext: omni.videoencoding-0.2.1] startup
[8.329s] [ext: omni.replicator.core-1.13.27] startup
2026-09-29T11:20:39Z [8,314ms] [Warning] [pxr.Semantics] pxr.Semantics is deprecated - please use Semantics instead
2026-09-29T11:20:39Z [8,380ms] [Warning] [omni.replicator.core.scripts.extension] No material configuration file, adding configuration to material settings directly.
[8.528s] [ext: isaacsim.core.nodes-5.10.5] startup
[8.553s] [ext: isaacsim.core.throttling-2.3.5] startup
[8.554s] [ext: omni.kit.manipulator.viewport-107.0.1] startup
[8.556s] [ext: omni.graph.visualization.nodes-2.1.4] startup
[8.567s] [ext: omni.kit.window.extensions-1.5.10] startup
[8.572s] [ext: isaacsim.gui.components-1.8.5] startup
[8.575s] [ext: isaacsim.robot.surface_gripper-3.6.2] startup
[8.584s] [ext: isaacsim.robot.manipulators-3.4.4] startup
[8.594s] [ext: isaacsim.robot_motion.lula-4.1.3] startup
[8.599s] [ext: isaacsim.robot_motion.motion_generation-8.2.9] startup
[8.603s] [ext: isaacsim.cortex.framework-1.0.18] startup
[8.604s] [ext: isaacsim.cortex.behaviors-2.0.17] startup
[8.606s] [ext: isaacsim.examples.base-1.3.2] startup
[8.607s] [ext: omni.kit.widget.zoombar-1.0.7] startup
[8.608s] [ext: omni.kit.browser.core-2.3.18] startup
[8.611s] [ext: omni.kit.browser.folder.core-2.0.2] startup
[8.614s] [ext: omni.kit.widget.stage_icons-1.0.8] startup
[8.615s] [ext: omni.kit.window.stage-2.6.1] startup
[8.618s] [ext: omni.kit.menu.stage-1.2.7] startup
[8.619s] [ext: omni.kit.usd.collect-3.0.6] startup
[8.621s] [ext: omni.kit.widget.prompt-1.0.7] startup
[8.622s] [ext: omni.kit.tool.collect-2.2.19] startup
[8.624s] [ext: isaacsim.examples.browser-0.3.2] startup
[8.626s] [ext: omni.kit.search.files-1.0.4] startup
[8.627s] [ext: omni.kit.widget.calendar-1.0.9] startup
[8.628s] [ext: omni.kit.widget.extended_searchfield-1.0.31] startup
[8.634s] [ext: omni.simready.content.browser-0.3.7] startup
[8.719s] [ext: isaacsim.gui.content_browser-0.4.3] startup
[8.721s] [ext: omni.kit.selection-0.1.6] startup
[8.722s] [ext: isaacsim.gui.menu-2.10.5] startup
[8.730s] [ext: isaacsim.gui.property-1.6.4] startup
[8.735s] [ext: omni.kit.viewport.actions-110.0.0] startup
[8.739s] [ext: omni.kit.viewport.menubar.display-107.1.3] startup
[8.741s] [ext: isaacsim.gui.sensors.icon-2.2.1] startup
[8.743s] [ext: omni.behavior.scripting.core-110.1.0] startup
[8.746s] [ext: isaacsim.replicator.behavior-1.5.4] startup
[8.746s] [ext: isaacsim.replicator.experimental.domain_randomization-1.2.5] startup
[8.759s] [ext: isaacsim.replicator.domain_randomization-1.2.2] startup
[8.828s] [ext: isaacsim.replicator.writers-1.5.4] startup
[8.851s] [ext: isaacsim.robot.experimental.wheeled_robots-0.2.11] startup
[8.872s] [ext: isaacsim.robot.policy.examples-5.2.12] startup
[8.890s] [ext: isaacsim.robot.wheeled_robots-5.2.4] startup
[8.893s] [ext: isaacsim.robot.wheeled_robots.nodes-0.1.5] startup
[8.909s] [ext: isaacsim.robot_motion.experimental.motion_generation-6.1.3] startup
[8.920s] [ext: isaacsim.robot_motion.cumotion-1.3.1] startup
[8.936s] [ext: omni.kit.numpy.common-0.1.3] startup
[8.937s] [ext: isaacsim.sensors.camera-1.7.9] startup
[8.968s] [ext: isaacsim.sensors.experimental.physics-3.0.2] startup
[8.974s] [ext: omni.sensors.net-1.0.1] startup
[8.976s] [ext: omni.sensors.nv.common-3.0.0] startup
[8.985s] [ext: omni.sensors.nv.materials-2.0.0] startup
[8.988s] [ext: omni.sensors.nv.acoustic-3.0.0] startup
[8.991s] [ext: omni.sensors.nv.ids-2.0.1] startup
[8.992s] [ext: omni.sensors.nv.lidar-3.0.0] startup
[8.995s] [ext: omni.sensors.nv.radar-3.0.0] startup
[8.997s] [ext: isaacsim.sensors.experimental.rtx-1.4.6] startup
[9.225s] [ext: isaacsim.sensors.physics.nodes-1.5.3] startup
[9.231s] [ext: isaacsim.util.debug_draw-3.2.3] startup
[9.235s] [ext: isaacsim.sensors.physx-2.5.5] startup
[9.241s] [ext: isaacsim.sensors.rtx-15.17.1] startup
[9.250s] [ext: isaacsim.simulation_app-2.18.4] startup
[9.250s] [ext: omni.anim.curve.core-1.6.0] startup
[9.259s] [ext: omni.graph.ui_nodes-2.11.1] startup
[9.279s] [ext: omni.hydra.scene_api-0.1.3] startup
[9.282s] [ext: omni.kit.manipulator.camera-110.0.0] startup
[9.285s] [ext: omni.kit.manipulator.selector-1.1.4] startup
[9.287s] [ext: omni.kit.manipulator.transform-107.0.0] startup
[9.290s] [ext: omni.kit.widget.toolbar-2.1.0] startup
[9.296s] [ext: omni.kit.manipulator.tool.snap-1.5.14] startup
[9.299s] [ext: omni.kit.viewport.manipulator.transform-107.0.4] startup
[9.300s] [ext: omni.kit.manipulator.prim.core-108.0.2] startup
[9.305s] [ext: omni.kit.manipulator.prim.usd-107.0.3] startup
[9.306s] [ext: omni.kit.manipulator.prim-108.0.0] startup
[9.306s] [ext: omni.kit.manipulator.selection-109.0.1] startup
[9.307s] [ext: omni.kit.menu.create-2.0.2] startup
[9.309s] [ext: omni.kit.property.audio-1.0.16] startup
[9.312s] [ext: omni.kit.property.camera-1.0.14] startup
[9.313s] [ext: omni.kit.property.geometry-2.1.2] startup
[9.316s] [ext: omni.kit.property.light-1.0.14] startup
2026-09-29T11:20:40Z [9,315ms] [Warning] [omni.usd] Encountered USD Warnings but USD Diagnostics are currently muted. To view USD Warnings, please set the '/persistent/app/usd/muteUsdDiagnostics' setting to false in Preferences page.
[9.342s] [ext: omni.kit.property.material-1.14.6] startup
[9.347s] [ext: omni.kit.property.render-1.2.2] startup
[9.348s] [ext: omni.kit.property.transform-1.6.9] startup
[9.350s] [ext: omni.kit.property.bundle-1.5.1] startup
[9.352s] [ext: omni.kit.usdz_export-1.1.0] startup
[9.354s] [ext: omni.kit.tool.asset_importer-6.0.1] startup
[9.358s] [ext: omni.kit.ui.actions-1.0.5] startup
[9.360s] [ext: omni.kit.viewport.menubar.camera-107.0.10] startup
[9.364s] [ext: omni.kit.viewport.menubar.lighting-107.3.2] startup
[9.366s] [ext: omni.kit.viewport.menubar.render-110.0.0] startup
[9.368s] [ext: omni.kit.viewport.menubar.settings-110.0.1] startup
[9.370s] [ext: omni.kit.window.console-1.1.9] startup
[9.373s] [ext: omni.kit.window.status_bar-0.1.11] startup
[9.375s] [ext: omni.kit.window.toolbar-3.0.3] startup
[9.377s] [ext: omni.ocio-0.1.1] startup
[9.378s] [ext: omni.physx.commands-110.1.13] startup
[9.381s] [ext: omni.replicator.replicator_yaml-2.0.12] startup
[9.390s] [ext: omni.rtx.window.settings-0.8.0] startup
[9.394s] [ext: omni.rtx.settings.core-0.7.1] startup
[9.396s] [ext: omni.usd.metrics.assembler.ui-110.1.1] startup
[9.402s] [ext: semantics.schema.editor-2.0.2] startup
[9.405s] [ext: semantics.schema.property-2.0.2] startup
[9.406s] [ext: omni.kit.menu.common-2.0.2] startup
[9.407s] [ext: isaacsim.exp.base-6.0.1] startup
[9.407s] [ext: isaacsim.exp.base.python-6.0.1] startup
[9.409s] Simulation App Starting
[10.431s] Simulation App Startup Complete
[10.436s] app ready
Starting kit application with the following args:  ['/home/starry/isaac-data/isaacsim/exts/isaacsim.simulation_app/isaacsim/simulation_app/simulation_app.py', '/home/starry/isaac-data/isaacsim/apps/isaacsim.exp.base.python.kit', '--/app/tokens/exe-path=/home/starry/isaac-data/isaacsim/kit', '--/persistent/app/viewport/displayOptions=3094', '--/rtx/materialDb/syncLoads=True', '--/rtx/hydra/materialSyncLoads=True', '--/omni/kit/plugin/syncUsdLoads=True', '--/app/renderer/resolution/width=1280', '--/app/renderer/resolution/height=720', '--/app/window/width=1440', '--/app/window/height=900', '--/renderer/multiGpu/enabled=False', '--/app/fastShutdown=True', '--/app/installSignalHandlers=0', '--ext-folder', '/home/starry/isaac-data/isaacsim/exts', '--ext-folder', '/home/starry/isaac-data/isaacsim/apps', '--/renderer/activeGpu=0', '--/physics/cudaDevice=0', '--/plugins/carb.tasking.plugin/threadCount=12', '--/plugins/omni.tbb.globalcontrol/maxThreadCount=12', '--portable', '--no-window', '--/app/window/hideUi=1']
Passing the following args to the base kit application:  []
Warp 1.13.0 initialized:
   CUDA Toolkit 12.9, Driver 13.0
   Devices:
     "cpu"      : "x86_64"
     "cuda:0"   : "NVIDIA GeForce RTX 5070" (11 GiB, sm_120, mempool enabled)
   Kernel cache:
     /home/starry/.cache/warp/1.13.0
[LIGHTING] sun=800.0 (1) dome=0.0 (1) ambient=0.05 constant_color=(0.6, 0.65, 0.7)
[RENDER] mode=MinimalRendering minimal_shading_mode=2 anti_aliasing=TAA
[DEPTH CAMERAS] count=4 resolution_each=320x240 horizontal_coverage=360deg
[ESDF] path=/home/starry/isaac-data/EGO1P1/scenes/ego_swarm_cloud/occupancy.bin shape=(400, 300, 50) resolution=0.40m
[depth_angular_controller-1] [INFO] [1790680844.579018528] [depth_angular_controller]: WAITING_ODOMETRY
[NAV] t=0.0s position=(-64.00,-11.20,2.80) yaw=0.0deg command=(0.00,0.00,0.00) manual_active=0 collision_blocks=0
[depth_angular_controller-1] [INFO] [1790680844.958036568] [depth_angular_controller]: WAITING_VERIFIED_START_POSE
[depth_angular_controller-1] [INFO] [1790680844.992283002] [depth_angular_controller]: VERIFIED_FREE_SEED center=(-64.000,-11.200,2.800) radius=2.500 balls=1: verified fixed Cloud free ball; USD and occupancy SHA-256 matched
[depth_angular_controller-1] [INFO] [1790680844.992468520] [depth_angular_controller]: ZERO_INTENT
[depth_angular_controller-1] [INFO] [1790680845.859921335] [depth_angular_controller]: 3D guidance switched to view 0
[depth_angular_controller-1] [INFO] [1790680845.861271308] [depth_angular_controller]: INTENT_DIRECT
[depth_angular_controller-1] [INFO] [1790680845.861289943] [depth_angular_controller]: PAPER_BUILD reason=READY required=0.0100 best=3.6217 free=20 refined=0 tubes=0 revoked_tubes=0 proofs=0
[depth_angular_controller-1] [INFO] [1790680845.861299461] [depth_angular_controller]: PAPER_EVIDENCE retained=4 balls=1 revoked_balls=0 expired_views=0 evicted_views=0 radius=0.580 clearance=0.500 best_prefix=3.622
[depth_angular_controller-1] [INFO] [1790680846.773255517] [depth_angular_controller]: PAPER_BUILD reason=READY required=0.4877 best=3.6217 free=13 refined=0 tubes=1 revoked_tubes=0 proofs=45
[depth_angular_controller-1] [INFO] [1790680846.773294220] [depth_angular_controller]: PAPER_EVIDENCE retained=8 balls=4 revoked_balls=0 expired_views=0 evicted_views=0 radius=0.580 clearance=0.667 best_prefix=3.622
[depth_angular_controller-1] [INFO] [1790680847.325918738] [depth_angular_controller]: OUTSIDE_FLOW_BOX
[10.968s] [ext: isaacsim.sensors.rtx.nodes-0.1.2] startup
[10.976s] [ext: isaacsim.ros2.core-1.9.4] startup
[10.990s] Attempting to load system rclpy
[10.990s] Could not import system rclpy: No module named 'rclpy'
[10.990s] Attempting to load internal rclpy for ROS Distro: humble
[11.002s] rclpy loaded
[11.005s] [ext: isaacsim.ros2.nodes-1.18.13] startup
[11.039s] [ext: isaacsim.ros2.examples-1.2.4] startup
[11.043s] [ext: isaacsim.ros2.ui-1.6.5] startup
[11.265s] [ext: isaacsim.ros2.bridge-5.1.2] startup
2026-09-29T11:20:44Z [13,527ms] [Warning] [omni.timeline.plugin] Deprecated: direct use of ITimeline callbacks is deprecated. Use ITimeline::getTimeline (Python: omni.timeline.get_timeline_interface) instead.
[depth_angular_controller-1] [INFO] [1790680847.810299525] [depth_angular_controller]: INTENT_DIRECT
[depth_angular_controller-1] [INFO] [1790680847.821290600] [depth_angular_controller]: PAPER_BUILD reason=READY required=0.2162 best=3.6217 free=74 refined=0 tubes=3 revoked_tubes=0 proofs=83
[depth_angular_controller-1] [INFO] [1790680847.821325676] [depth_angular_controller]: PAPER_EVIDENCE retained=12 balls=10 revoked_balls=0 expired_views=0 evicted_views=0 radius=0.580 clearance=0.500 best_prefix=3.622
[depth_angular_controller-1] [INFO] [1790680847.962741928] [depth_angular_controller]: TARGET_HOLD
[depth_angular_controller-1] [INFO] [1790680847.990293219] [depth_angular_controller]: INTENT_DIRECT
[depth_angular_controller-1] [INFO] [1790680848.059185608] [depth_angular_controller]: TARGET_HOLD
[depth_angular_controller-1] [INFO] [1790680848.089382413] [depth_angular_controller]: INTENT_DIRECT
[depth_angular_controller-1] [INFO] [1790680848.892697672] [depth_angular_controller]: PAPER_BUILD reason=READY required=0.4974 best=3.6217 free=147 refined=0 tubes=4 revoked_tubes=0 proofs=124
[depth_angular_controller-1] [INFO] [1790680848.892738408] [depth_angular_controller]: PAPER_EVIDENCE retained=16 balls=14 revoked_balls=0 expired_views=0 evicted_views=0 radius=0.580 clearance=0.667 best_prefix=3.622
[depth_angular_controller-1] [INFO] [1790680848.975711520] [depth_angular_controller]: TARGET_HOLD
[depth_angular_controller-1] [INFO] [1790680849.078915826] [depth_angular_controller]: INTENT_DIRECT
[depth_angular_controller-1] [INFO] [1790680849.085736055] [depth_angular_controller]: TARGET_HOLD
[depth_angular_controller-1] [INFO] [1790680849.232563942] [depth_angular_controller]: INTENT_DIRECT
[depth_angular_controller-1] [INFO] [1790680849.285056035] [depth_angular_controller]: TARGET_HOLD
[depth_angular_controller-1] [INFO] [1790680849.343206727] [depth_angular_controller]: INTENT_DIRECT
[depth_angular_controller-1] [INFO] [1790680849.490217077] [depth_angular_controller]: TARGET_HOLD
[depth_angular_controller-1] [INFO] [1790680849.588555672] [depth_angular_controller]: INTENT_DIRECT
[depth_angular_controller-1] [INFO] [1790680849.595145749] [depth_angular_controller]: TARGET_HOLD
[depth_angular_controller-1] [INFO] [1790680849.825463648] [depth_angular_controller]: INTENT_DIRECT
[depth_angular_controller-1] [INFO] [1790680849.832247468] [depth_angular_controller]: TARGET_HOLD
[depth_angular_controller-1] [INFO] [1790680849.935869338] [depth_angular_controller]: INTENT_DIRECT
[position_cmd_to_twist-2] [INFO] [1790680849.940975490] [position_cmd_to_twist]: [PERF BRIDGE] run=motion_cloud13 elapsed=19.19s received=245 published=245 fps(ros/wall)=49.97/49.32 controller_to_bridge_ms(mean/p50/p95/max)=1.565/0.000/16.667/16.667 bridge_process_ms(mean/p95/max)=0.091/0.116/0.189
[depth_angular_controller-1] [INFO] [1790680849.969521768] [depth_angular_controller]: [PERF CTRL] run=motion_cloud13 elapsed=19.24s callbacks=249 commands=248 guidance=198 command_fps(ros/wall)=49.90/49.29 guidance_wall_fps=47.94 avoid_ms(mean/p50/p95/max)=1.719/0.038/12.432/16.971 cycle_ms(mean/p95/max)=20.289/41.627/98.074 depth_to_cmd_ms(mean/p95/max)=32.828/33.333/50.000 callback_to_publish_ms(mean/p95/max)=6.903/19.011/22.915
[depth_angular_controller-1] [INFO] [1790680849.969575749] [depth_angular_controller]: TARGET_HOLD
[NAV] t=5.0s position=(-61.27,-11.10,2.80) yaw=6.8deg command=(0.99,0.12,0.00) manual_active=1 collision_blocks=0
[depth_angular_controller-1] [INFO] [1790680850.014486546] [depth_angular_controller]: PAPER_BUILD reason=READY required=0.6080 best=3.6217 free=293 refined=0 tubes=6 revoked_tubes=0 proofs=128
[depth_angular_controller-1] [INFO] [1790680850.014524978] [depth_angular_controller]: PAPER_EVIDENCE retained=20 balls=20 revoked_balls=0 expired_views=0 evicted_views=0 radius=0.580 clearance=0.667 best_prefix=3.622
[depth_angular_controller-1] [INFO] [1790680850.041496251] [depth_angular_controller]: INTENT_DIRECT
[depth_angular_controller-1] [INFO] [1790680850.063476107] [depth_angular_controller]: TARGET_HOLD
[depth_angular_controller-1] [INFO] [1790680850.138875456] [depth_angular_controller]: INTENT_DIRECT
[depth_angular_controller-1] [INFO] [1790680850.464954675] [depth_angular_controller]: OUTSIDE_FLOW_BOX
[depth_angular_controller-1] [INFO] [1790680850.475570035] [depth_angular_controller]: INTENT_DIRECT
[depth_angular_controller-1] [INFO] [1790680850.577154822] [depth_angular_controller]: OUTSIDE_FLOW_BOX
[depth_angular_controller-1] [INFO] [1790680850.670950252] [depth_angular_controller]: INTENT_DIRECT
[depth_angular_controller-1] [INFO] [1790680850.692361672] [depth_angular_controller]: TARGET_HOLD
[depth_angular_controller-1] [INFO] [1790680850.795434581] [depth_angular_controller]: INTENT_DIRECT
[depth_angular_controller-1] [INFO] [1790680850.803409847] [depth_angular_controller]: TARGET_HOLD
[depth_angular_controller-1] [INFO] [1790680850.892676830] [depth_angular_controller]: INTENT_DIRECT
[depth_angular_controller-1] [INFO] [1790680850.903876626] [depth_angular_controller]: TARGET_HOLD
[depth_angular_controller-1] [INFO] [1790680851.000764931] [depth_angular_controller]: INTENT_DIRECT
[depth_angular_controller-1] [INFO] [1790680851.018416625] [depth_angular_controller]: TARGET_HOLD
[depth_angular_controller-1] [INFO] [1790680851.018454205] [depth_angular_controller]: PAPER_BUILD reason=READY required=0.1689 best=3.6217 free=352 refined=0 tubes=8 revoked_tubes=0 proofs=128
[depth_angular_controller-1] [INFO] [1790680851.018463402] [depth_angular_controller]: PAPER_EVIDENCE retained=24 balls=26 revoked_balls=0 expired_views=0 evicted_views=0 radius=0.580 clearance=0.500 best_prefix=3.622
[depth_angular_controller-1] [INFO] [1790680851.094362920] [depth_angular_controller]: INTENT_DIRECT
[depth_angular_controller-1] [INFO] [1790680851.167650337] [depth_angular_controller]: TARGET_HOLD
[depth_angular_controller-1] [INFO] [1790680851.212162626] [depth_angular_controller]: INTENT_DIRECT
[depth_angular_controller-1] [INFO] [1790680851.380220011] [depth_angular_controller]: TARGET_HOLD
[depth_angular_controller-1] [INFO] [1790680851.483866918] [depth_angular_controller]: INTENT_DIRECT
[depth_angular_controller-1] [INFO] [1790680851.496056602] [depth_angular_controller]: TARGET_HOLD
[depth_angular_controller-1] [INFO] [1790680851.576929343] [depth_angular_controller]: INTENT_DIRECT
[depth_angular_controller-1] [INFO] [1790680851.595084000] [depth_angular_controller]: TARGET_HOLD
[depth_angular_controller-1] [INFO] [1790680851.693932663] [depth_angular_controller]: INTENT_DIRECT
[depth_angular_controller-1] [INFO] [1790680851.717851848] [depth_angular_controller]: TARGET_HOLD
[depth_angular_controller-1] [INFO] [1790680851.786804009] [depth_angular_controller]: OUTSIDE_FLOW_BOX
[depth_angular_controller-1] [INFO] [1790680851.797189278] [depth_angular_controller]: INTENT_DIRECT
[depth_angular_controller-1] [INFO] [1790680851.834037745] [depth_angular_controller]: TARGET_HOLD
[depth_angular_controller-1] [INFO] [1790680851.901459264] [depth_angular_controller]: OUTSIDE_FLOW_BOX
[depth_angular_controller-1] [INFO] [1790680851.977689793] [depth_angular_controller]: PAPER_BUILD reason=READY required=0.5000 best=3.6217 free=280 refined=0 tubes=9 revoked_tubes=0 proofs=128
[depth_angular_controller-1] [INFO] [1790680851.977726592] [depth_angular_controller]: PAPER_EVIDENCE retained=28 balls=31 revoked_balls=0 expired_views=0 evicted_views=0 radius=0.580 clearance=0.000 best_prefix=3.622
[depth_angular_controller-1] [INFO] [1790680852.015909403] [depth_angular_controller]: INTENT_DIRECT
[depth_angular_controller-1] [INFO] [1790680852.062386790] [depth_angular_controller]: TARGET_HOLD
[depth_angular_controller-1] [INFO] [1790680852.113666438] [depth_angular_controller]: INTENT_DIRECT
[depth_angular_controller-1] [INFO] [1790680852.176588874] [depth_angular_controller]: TARGET_HOLD
[depth_angular_controller-1] [INFO] [1790680852.241984491] [depth_angular_controller]: INTENT_DIRECT
[depth_angular_controller-1] [INFO] [1790680852.294800101] [depth_angular_controller]: TARGET_HOLD
[depth_angular_controller-1] [INFO] [1790680852.340400422] [depth_angular_controller]: INTENT_DIRECT
[depth_angular_controller-1] [INFO] [1790680852.413759763] [depth_angular_controller]: TARGET_HOLD
[depth_angular_controller-1] [INFO] [1790680852.512620619] [depth_angular_controller]: INTENT_DIRECT
[depth_angular_controller-1] [INFO] [1790680852.717611311] [depth_angular_controller]: OUTSIDE_FLOW_BOX
[depth_angular_controller-1] [INFO] [1790680852.812923798] [depth_angular_controller]: INTENT_DIRECT
[depth_angular_controller-1] [INFO] [1790680852.827140095] [depth_angular_controller]: TARGET_HOLD
[depth_angular_controller-1] [INFO] [1790680852.929744195] [depth_angular_controller]: INTENT_DIRECT
[depth_angular_controller-1] [INFO] [1790680853.029318680] [depth_angular_controller]: PAPER_BUILD reason=READY required=0.1095 best=3.6217 free=352 refined=0 tubes=10 revoked_tubes=0 proofs=128
[depth_angular_controller-1] [INFO] [1790680853.029356852] [depth_angular_controller]: PAPER_EVIDENCE retained=32 balls=32 revoked_balls=0 expired_views=0 evicted_views=0 radius=0.580 clearance=0.362 best_prefix=3.622
[depth_angular_controller-1] [INFO] [1790680853.610168614] [depth_angular_controller]: OUTSIDE_FLOW_BOX
[depth_angular_controller-1] [INFO] [1790680853.626389854] [depth_angular_controller]: INTENT_DIRECT
[depth_angular_controller-1] [INFO] [1790680853.913886110] [depth_angular_controller]: OUTSIDE_FLOW_BOX
[depth_angular_controller-1] [INFO] [1790680853.931903891] [depth_angular_controller]: INTENT_DIRECT
[depth_angular_controller-1] [INFO] [1790680854.187046726] [depth_angular_controller]: PAPER_BUILD reason=READY required=0.0458 best=3.6217 free=295 refined=0 tubes=11 revoked_tubes=0 proofs=128
[depth_angular_controller-1] [INFO] [1790680854.187118220] [depth_angular_controller]: PAPER_EVIDENCE retained=32 balls=32 revoked_balls=0 expired_views=0 evicted_views=4 radius=0.580 clearance=0.052 best_prefix=3.622
[depth_angular_controller-1] [INFO] [1790680854.231613777] [depth_angular_controller]: OUTSIDE_FLOW_BOX
[depth_angular_controller-1] [INFO] [1790680854.252554042] [depth_angular_controller]: INTENT_DIRECT
[depth_angular_controller-1] [INFO] [1790680854.591465170] [depth_angular_controller]: OUTSIDE_FLOW_BOX
[depth_angular_controller-1] [INFO] [1790680854.697298701] [depth_angular_controller]: TARGET_HOLD
[depth_angular_controller-1] [INFO] [1790680854.830817373] [depth_angular_controller]: 3D guidance switched to view 1
[depth_angular_controller-1] [INFO] [1790680854.978125562] [depth_angular_controller]: [PERF CTRL] run=motion_cloud13 elapsed=24.25s callbacks=474 commands=473 guidance=423 command_fps(ros/wall)=48.49/47.11 guidance_wall_fps=46.28 avoid_ms(mean/p50/p95/max)=2.990/0.083/18.506/27.773 cycle_ms(mean/p95/max)=21.229/44.515/103.662 depth_to_cmd_ms(mean/p95/max)=30.378/33.333/50.000 callback_to_publish_ms(mean/p95/max)=10.751/27.590/44.643
[depth_angular_controller-1] [INFO] [1790680855.080459875] [depth_angular_controller]: 3D guidance switched to view 0
[position_cmd_to_twist-2] [INFO] [1790680855.137470157] [position_cmd_to_twist]: [PERF BRIDGE] run=motion_cloud13 elapsed=24.40s received=480 published=480 fps(ros/wall)=48.55/47.13 controller_to_bridge_ms(mean/p50/p95/max)=5.833/0.000/33.333/50.000 bridge_process_ms(mean/p95/max)=0.096/0.120/0.700
[NAV] t=10.0s position=(-58.98,-10.47,2.78) yaw=53.7deg command=(0.03,0.43,-0.09) manual_active=1 collision_blocks=0
[depth_angular_controller-1] [INFO] [1790680855.248026740] [depth_angular_controller]: INTENT_DIRECT
[depth_angular_controller-1] [INFO] [1790680855.248211126] [depth_angular_controller]: PAPER_BUILD reason=READY required=0.1628 best=3.6217 free=60 refined=0 tubes=12 revoked_tubes=0 proofs=128
[depth_angular_controller-1] [INFO] [1790680855.248223169] [depth_angular_controller]: PAPER_EVIDENCE retained=32 balls=32 revoked_balls=0 expired_views=0 evicted_views=8 radius=0.580 clearance=0.500 best_prefix=3.622
[depth_angular_controller-1] [INFO] [1790680856.380281344] [depth_angular_controller]: PAPER_BUILD reason=READY required=0.6143 best=3.6217 free=312 refined=0 tubes=14 revoked_tubes=0 proofs=128
[depth_angular_controller-1] [INFO] [1790680856.380330917] [depth_angular_controller]: PAPER_EVIDENCE retained=32 balls=32 revoked_balls=0 expired_views=0 evicted_views=12 radius=0.580 clearance=0.667 best_prefix=3.622
[depth_angular_controller-1] [INFO] [1790680857.565388898] [depth_angular_controller]: PAPER_BUILD reason=READY required=0.6216 best=3.6217 free=301 refined=0 tubes=16 revoked_tubes=0 proofs=128
[depth_angular_controller-1] [INFO] [1790680857.565425146] [depth_angular_controller]: PAPER_EVIDENCE retained=32 balls=32 revoked_balls=0 expired_views=0 evicted_views=16 radius=0.580 clearance=0.667 best_prefix=3.622
[depth_angular_controller-1] [INFO] [1790680858.715689085] [depth_angular_controller]: PAPER_BUILD reason=READY required=0.6217 best=3.6217 free=222 refined=0 tubes=18 revoked_tubes=0 proofs=128
[depth_angular_controller-1] [INFO] [1790680858.715729732] [depth_angular_controller]: PAPER_EVIDENCE retained=32 balls=32 revoked_balls=0 expired_views=0 evicted_views=20 radius=0.580 clearance=0.667 best_prefix=3.622
[depth_angular_controller-1] [INFO] [1790680859.653575050] [depth_angular_controller]: PAPER_BUILD reason=READY required=0.6217 best=3.6217 free=250 refined=0 tubes=20 revoked_tubes=0 proofs=128
[depth_angular_controller-1] [INFO] [1790680859.653612951] [depth_angular_controller]: PAPER_EVIDENCE retained=32 balls=32 revoked_balls=0 expired_views=0 evicted_views=24 radius=0.580 clearance=0.667 best_prefix=3.622
[depth_angular_controller-1] [INFO] [1790680859.988077986] [depth_angular_controller]: [PERF CTRL] run=motion_cloud13 elapsed=29.26s callbacks=702 commands=701 guidance=651 command_fps(ros/wall)=48.44/46.57 guidance_wall_fps=46.01 avoid_ms(mean/p50/p95/max)=3.056/0.114/17.887/30.183 cycle_ms(mean/p95/max)=21.471/45.085/103.662 depth_to_cmd_ms(mean/p95/max)=29.544/33.333/50.000 callback_to_publish_ms(mean/p95/max)=12.483/30.035/44.643
[position_cmd_to_twist-2] [INFO] [1790680860.423621388] [position_cmd_to_twist]: [PERF BRIDGE] run=motion_cloud13 elapsed=29.68s received=721 published=721 fps(ros/wall)=48.38/46.59 controller_to_bridge_ms(mean/p50/p95/max)=7.189/0.000/33.333/50.000 bridge_process_ms(mean/p95/max)=0.106/0.129/2.921
[NAV] t=15.0s position=(-58.98,-5.64,2.63) yaw=90.0deg command=(-0.00,1.00,-0.00) manual_active=1 collision_blocks=0
[depth_angular_controller-1] [INFO] [1790680860.614308819] [depth_angular_controller]: PAPER_BUILD reason=READY required=0.6217 best=3.6217 free=199 refined=0 tubes=22 revoked_tubes=0 proofs=128
[depth_angular_controller-1] [INFO] [1790680860.614352982] [depth_angular_controller]: PAPER_EVIDENCE retained=32 balls=32 revoked_balls=0 expired_views=0 evicted_views=28 radius=0.580 clearance=0.667 best_prefix=3.622
[depth_angular_controller-1] [INFO] [1790680861.575710011] [depth_angular_controller]: PAPER_BUILD reason=READY required=0.6217 best=3.6217 free=193 refined=0 tubes=24 revoked_tubes=0 proofs=128
[depth_angular_controller-1] [INFO] [1790680861.575753422] [depth_angular_controller]: PAPER_EVIDENCE retained=32 balls=32 revoked_balls=0 expired_views=0 evicted_views=32 radius=0.580 clearance=0.667 best_prefix=3.622
[depth_angular_controller-1] [INFO] [1790680862.660057706] [depth_angular_controller]: PAPER_BUILD reason=READY required=0.6217 best=3.6217 free=256 refined=0 tubes=26 revoked_tubes=0 proofs=128
[depth_angular_controller-1] [INFO] [1790680862.660497401] [depth_angular_controller]: PAPER_EVIDENCE retained=32 balls=32 revoked_balls=0 expired_views=0 evicted_views=36 radius=0.580 clearance=0.667 best_prefix=3.622
[depth_angular_controller-1] [INFO] [1790680863.806796760] [depth_angular_controller]: PAPER_BUILD reason=READY required=0.3940 best=3.6217 free=268 refined=0 tubes=28 revoked_tubes=0 proofs=128
[depth_angular_controller-1] [INFO] [1790680863.806838078] [depth_angular_controller]: PAPER_EVIDENCE retained=32 balls=32 revoked_balls=0 expired_views=0 evicted_views=40 radius=0.580 clearance=0.397 best_prefix=3.622
[depth_angular_controller-1] [INFO] [1790680864.961784794] [depth_angular_controller]: PAPER_BUILD reason=READY required=0.0351 best=3.6217 free=352 refined=0 tubes=29 revoked_tubes=0 proofs=128
[depth_angular_controller-1] [INFO] [1790680864.961821573] [depth_angular_controller]: PAPER_EVIDENCE retained=32 balls=32 revoked_balls=0 expired_views=0 evicted_views=44 radius=0.580 clearance=0.045 best_prefix=3.622
[depth_angular_controller-1] [INFO] [1790680865.006707383] [depth_angular_controller]: [PERF CTRL] run=motion_cloud13 elapsed=34.28s callbacks=923 commands=922 guidance=872 command_fps(ros/wall)=48.14/45.94 guidance_wall_fps=45.49 avoid_ms(mean/p50/p95/max)=3.522/0.206/20.281/30.676 cycle_ms(mean/p95/max)=21.768/45.666/103.662 depth_to_cmd_ms(mean/p95/max)=29.090/33.333/50.000 callback_to_publish_ms(mean/p95/max)=13.526/31.814/45.699
[depth_angular_controller-1] [INFO] [1790680865.221112661] [depth_angular_controller]: COMPUTE_DEADLINE
[depth_angular_controller-1] [INFO] [1790680865.386763060] [depth_angular_controller]: TARGET_HOLD
[depth_angular_controller-1] [INFO] [1790680865.609899793] [depth_angular_controller]: TRACKING
[depth_angular_controller-1] [INFO] [1790680865.732406000] [depth_angular_controller]: TARGET_HOLD
[position_cmd_to_twist-2] [INFO] [1790680865.835846059] [position_cmd_to_twist]: [PERF BRIDGE] run=motion_cloud13 elapsed=35.10s received=946 published=946 fps(ros/wall)=47.57/45.32 controller_to_bridge_ms(mean/p50/p95/max)=8.580/0.000/33.333/100.000 bridge_process_ms(mean/p95/max)=0.107/0.133/2.921
[NAV] t=20.0s position=(-58.99,-2.18,2.73) yaw=105.4deg command=(-0.06,0.23,0.40) manual_active=1 collision_blocks=0
[depth_angular_controller-1] [INFO] [1790680866.092845688] [depth_angular_controller]: TRACKING
[depth_angular_controller-1] [INFO] [1790680866.092885332] [depth_angular_controller]: PAPER_BUILD reason=READY required=0.2459 best=3.6217 free=168 refined=0 tubes=30 revoked_tubes=0 proofs=128
[depth_angular_controller-1] [INFO] [1790680866.092896253] [depth_angular_controller]: PAPER_EVIDENCE retained=32 balls=32 revoked_balls=0 expired_views=0 evicted_views=48 radius=0.580 clearance=0.530 best_prefix=3.622
[depth_angular_controller-1] [INFO] [1790680866.810554653] [depth_angular_controller]: TARGET_HOLD
[depth_angular_controller-1] [INFO] [1790680867.252563046] [depth_angular_controller]: PAPER_BUILD reason=READY required=0.6157 best=3.6217 free=201 refined=0 tubes=32 revoked_tubes=0 proofs=128
[depth_angular_controller-1] [INFO] [1790680867.252608712] [depth_angular_controller]: PAPER_EVIDENCE retained=32 balls=32 revoked_balls=0 expired_views=0 evicted_views=52 radius=0.580 clearance=0.667 best_prefix=3.622
[depth_angular_controller-1] [INFO] [1790680868.390169323] [depth_angular_controller]: PAPER_BUILD reason=READY required=0.6212 best=3.6217 free=250 refined=0 tubes=34 revoked_tubes=0 proofs=128
[depth_angular_controller-1] [INFO] [1790680868.390214858] [depth_angular_controller]: PAPER_EVIDENCE retained=32 balls=32 revoked_balls=0 expired_views=0 evicted_views=56 radius=0.580 clearance=0.667 best_prefix=3.622
[depth_angular_controller-1] [INFO] [1790680868.712763532] [depth_angular_controller]: INTENT_DIRECT
[depth_angular_controller-1] [INFO] [1790680869.355783801] [depth_angular_controller]: PAPER_BUILD reason=READY required=0.6209 best=3.6217 free=265 refined=0 tubes=36 revoked_tubes=0 proofs=128
[depth_angular_controller-1] [INFO] [1790680869.355823996] [depth_angular_controller]: PAPER_EVIDENCE retained=32 balls=32 revoked_balls=0 expired_views=0 evicted_views=60 radius=0.580 clearance=0.667 best_prefix=3.622
[depth_angular_controller-1] [INFO] [1790680870.009198435] [depth_angular_controller]: [PERF CTRL] run=motion_cloud13 elapsed=39.28s callbacks=1130 commands=1129 guidance=1079 command_fps(ros/wall)=47.36/45.03 guidance_wall_fps=44.64 avoid_ms(mean/p50/p95/max)=4.019/0.242/22.831/103.736 cycle_ms(mean/p95/max)=22.208/50.028/117.413 depth_to_cmd_ms(mean/p95/max)=28.869/33.333/50.000 callback_to_publish_ms(mean/p95/max)=14.387/34.752/117.299
[depth_angular_controller-1] [INFO] [1790680870.327978186] [depth_angular_controller]: PAPER_BUILD reason=READY required=0.6213 best=3.6217 free=256 refined=0 tubes=38 revoked_tubes=0 proofs=128
[depth_angular_controller-1] [INFO] [1790680870.328014244] [depth_angular_controller]: PAPER_EVIDENCE retained=32 balls=32 revoked_balls=0 expired_views=0 evicted_views=64 radius=0.580 clearance=0.667 best_prefix=3.622
[depth_angular_controller-1] [INFO] [1790680870.564304601] [depth_angular_controller]: OUTSIDE_FLOW_BOX
[depth_angular_controller-1] [INFO] [1790680870.580396738] [depth_angular_controller]: INTENT_DIRECT
[depth_angular_controller-1] [INFO] [1790680870.655319984] [depth_angular_controller]: OUTSIDE_FLOW_BOX
[depth_angular_controller-1] [INFO] [1790680870.670951517] [depth_angular_controller]: INTENT_DIRECT
[depth_angular_controller-1] [INFO] [1790680870.752100746] [depth_angular_controller]: OUTSIDE_FLOW_BOX
[depth_angular_controller-1] [INFO] [1790680870.767289799] [depth_angular_controller]: INTENT_DIRECT
[depth_angular_controller-1] [INFO] [1790680870.886895974] [depth_angular_controller]: OUTSIDE_FLOW_BOX
[depth_angular_controller-1] [INFO] [1790680870.899408324] [depth_angular_controller]: INTENT_DIRECT
[depth_angular_controller-1] [INFO] [1790680871.054387257] [depth_angular_controller]: OUTSIDE_FLOW_BOX
[depth_angular_controller-1] [INFO] [1790680871.065925710] [depth_angular_controller]: INTENT_DIRECT
[depth_angular_controller-1] [INFO] [1790680871.168645156] [depth_angular_controller]: OUTSIDE_FLOW_BOX
[position_cmd_to_twist-2] [INFO] [1790680871.169412997] [position_cmd_to_twist]: [PERF BRIDGE] run=motion_cloud13 elapsed=40.43s received=1180 published=1180 fps(ros/wall)=47.41/45.04 controller_to_bridge_ms(mean/p50/p95/max)=8.856/0.000/33.333/100.000 bridge_process_ms(mean/p95/max)=0.109/0.133/2.921
[depth_angular_controller-1] [INFO] [1790680871.179576669] [depth_angular_controller]: INTENT_DIRECT
[NAV] t=25.0s position=(-59.71,0.94,5.94) yaw=98.0deg command=(-0.03,0.21,0.13) manual_active=1 collision_blocks=0
[depth_angular_controller-1] [INFO] [1790680871.262503484] [depth_angular_controller]: OUTSIDE_FLOW_BOX
[depth_angular_controller-1] [INFO] [1790680871.273784494] [depth_angular_controller]: INTENT_DIRECT
[depth_angular_controller-1] [INFO] [1790680871.370357095] [depth_angular_controller]: OUTSIDE_FLOW_BOX
[depth_angular_controller-1] [INFO] [1790680871.382214206] [depth_angular_controller]: INTENT_DIRECT
[depth_angular_controller-1] [INFO] [1790680871.412140764] [depth_angular_controller]: PAPER_BUILD reason=READY required=0.0578 best=3.6217 free=221 refined=0 tubes=40 revoked_tubes=0 proofs=128
[depth_angular_controller-1] [INFO] [1790680871.412179747] [depth_angular_controller]: PAPER_EVIDENCE retained=32 balls=32 revoked_balls=0 expired_views=0 evicted_views=68 radius=0.580 clearance=0.500 best_prefix=3.622
[depth_angular_controller-1] [INFO] [1790680871.483063923] [depth_angular_controller]: OUTSIDE_FLOW_BOX
[depth_angular_controller-1] [INFO] [1790680871.493493575] [depth_angular_controller]: INTENT_DIRECT
[depth_angular_controller-1] [INFO] [1790680871.595163512] [depth_angular_controller]: OUTSIDE_FLOW_BOX
[depth_angular_controller-1] [INFO] [1790680871.606901589] [depth_angular_controller]: INTENT_DIRECT
[depth_angular_controller-1] [INFO] [1790680871.754061720] [depth_angular_controller]: OUTSIDE_FLOW_BOX
[depth_angular_controller-1] [INFO] [1790680871.764722345] [depth_angular_controller]: INTENT_DIRECT
[depth_angular_controller-1] [INFO] [1790680871.847982626] [depth_angular_controller]: OUTSIDE_FLOW_BOX
[depth_angular_controller-1] [INFO] [1790680871.858168820] [depth_angular_controller]: INTENT_DIRECT
[depth_angular_controller-1] [INFO] [1790680871.972998001] [depth_angular_controller]: OUTSIDE_FLOW_BOX
[depth_angular_controller-1] [INFO] [1790680871.984344884] [depth_angular_controller]: INTENT_DIRECT
[depth_angular_controller-1] [INFO] [1790680872.083098218] [depth_angular_controller]: OUTSIDE_FLOW_BOX
[depth_angular_controller-1] [INFO] [1790680872.093431158] [depth_angular_controller]: INTENT_DIRECT
[depth_angular_controller-1] [INFO] [1790680872.184921122] [depth_angular_controller]: OUTSIDE_FLOW_BOX
[depth_angular_controller-1] [INFO] [1790680872.248803790] [depth_angular_controller]: INTENT_DIRECT
[depth_angular_controller-1] [INFO] [1790680872.409820834] [depth_angular_controller]: OUTSIDE_FLOW_BOX
[depth_angular_controller-1] [INFO] [1790680872.421244040] [depth_angular_controller]: INTENT_DIRECT
[depth_angular_controller-1] [INFO] [1790680872.501153663] [depth_angular_controller]: OUTSIDE_FLOW_BOX
[depth_angular_controller-1] [INFO] [1790680872.513178308] [depth_angular_controller]: INTENT_DIRECT
[depth_angular_controller-1] [INFO] [1790680872.548603474] [depth_angular_controller]: PAPER_BUILD reason=READY required=0.0144 best=3.6217 free=214 refined=0 tubes=40 revoked_tubes=0 proofs=128
[depth_angular_controller-1] [INFO] [1790680872.548641405] [depth_angular_controller]: PAPER_EVIDENCE retained=32 balls=32 revoked_balls=0 expired_views=0 evicted_views=68 radius=0.580 clearance=0.500 best_prefix=3.622
[depth_angular_controller-1] [INFO] [1790680872.620985612] [depth_angular_controller]: OUTSIDE_FLOW_BOX
[depth_angular_controller-1] [INFO] [1790680872.632790594] [depth_angular_controller]: INTENT_DIRECT
[depth_angular_controller-1] [INFO] [1790680872.729694197] [depth_angular_controller]: OUTSIDE_FLOW_BOX
[depth_angular_controller-1] [INFO] [1790680872.741207783] [depth_angular_controller]: INTENT_DIRECT
[depth_angular_controller-1] [INFO] [1790680872.820887524] [depth_angular_controller]: OUTSIDE_FLOW_BOX
[depth_angular_controller-1] [INFO] [1790680872.832074357] [depth_angular_controller]: INTENT_DIRECT
[depth_angular_controller-1] [INFO] [1790680872.913941293] [depth_angular_controller]: OUTSIDE_FLOW_BOX
[depth_angular_controller-1] [INFO] [1790680872.927194433] [depth_angular_controller]: INTENT_DIRECT
[depth_angular_controller-1] [INFO] [1790680873.110086897] [depth_angular_controller]: REFERENCE_INITIALIZATION
[depth_angular_controller-1] [INFO] [1790680873.125001545] [depth_angular_controller]: STATE_OUTSIDE_FREE_DOMAIN
[depth_angular_controller-1] [INFO] [1790680873.137181922] [depth_angular_controller]: REFERENCE_INITIALIZATION
[depth_angular_controller-1] [INFO] [1790680873.147691814] [depth_angular_controller]: STATE_OUTSIDE_FREE_DOMAIN
[depth_angular_controller-1] [INFO] [1790680873.172946174] [depth_angular_controller]: REFERENCE_INITIALIZATION
[depth_angular_controller-1] [INFO] [1790680873.228838729] [depth_angular_controller]: TRACKING
[depth_angular_controller-1] [INFO] [1790680873.413169301] [depth_angular_controller]: INTENT_DIRECT
[depth_angular_controller-1] [INFO] [1790680873.551751475] [depth_angular_controller]: PAPER_BUILD reason=READY required=0.0643 best=3.6217 free=227 refined=0 tubes=41 revoked_tubes=0 proofs=128
[depth_angular_controller-1] [INFO] [1790680873.552177775] [depth_angular_controller]: PAPER_EVIDENCE retained=32 balls=32 revoked_balls=0 expired_views=0 evicted_views=72 radius=0.580 clearance=0.500 best_prefix=3.622
[depth_angular_controller-1] [INFO] [1790680874.375959800] [depth_angular_controller]: INTENT_REVERSAL_BRAKE
[depth_angular_controller-1] [INFO] [1790680874.498591011] [depth_angular_controller]: PAPER_BUILD reason= required=0.0000 best=0.0000 free=0 refined=0 tubes=42 revoked_tubes=0 proofs=128
[depth_angular_controller-1] [INFO] [1790680874.498628612] [depth_angular_controller]: PAPER_EVIDENCE retained=28 balls=32 revoked_balls=0 expired_views=0 evicted_views=72 radius=0.580 clearance=0.000 best_prefix=3.622
[depth_angular_controller-1] [INFO] [1790680875.023015532] [depth_angular_controller]: [PERF CTRL] run=motion_cloud13 elapsed=44.29s callbacks=1365 commands=1364 guidance=1314 command_fps(ros/wall)=47.57/45.34 guidance_wall_fps=45.02 avoid_ms(mean/p50/p95/max)=3.898/0.185/22.529/103.736 cycle_ms(mean/p95/max)=22.058/49.900/124.587 depth_to_cmd_ms(mean/p95/max)=29.274/33.333/50.000 callback_to_publish_ms(mean/p95/max)=14.212/34.101/117.299
[depth_angular_controller-1] [INFO] [1790680875.210962671] [depth_angular_controller]: 3D guidance switched to view 2
[depth_angular_controller-1] [INFO] [1790680875.224474937] [depth_angular_controller]: INTENT_DIRECT
[depth_angular_controller-1] [INFO] [1790680875.612026080] [depth_angular_controller]: PAPER_BUILD reason=READY required=0.0237 best=3.6217 free=197 refined=0 tubes=44 revoked_tubes=0 proofs=128
[depth_angular_controller-1] [INFO] [1790680875.612461276] [depth_angular_controller]: PAPER_EVIDENCE retained=32 balls=32 revoked_balls=0 expired_views=0 evicted_views=72 radius=0.580 clearance=0.500 best_prefix=3.622
[depth_angular_controller-1] [INFO] [1790680875.708515315] [depth_angular_controller]: 3D guidance switched to view 1
[position_cmd_to_twist-2] [INFO] [1790680876.519708025] [position_cmd_to_twist]: [PERF BRIDGE] run=motion_cloud13 elapsed=45.78s received=1427 published=1427 fps(ros/wall)=47.69/45.19 controller_to_bridge_ms(mean/p50/p95/max)=8.327/0.000/33.333/100.000 bridge_process_ms(mean/p95/max)=0.108/0.131/2.921
[NAV] t=30.0s position=(-60.22,1.42,6.21) yaw=194.8deg command=(0.03,-0.94,0.00) manual_active=1 collision_blocks=0
[depth_angular_controller-1] [INFO] [1790680876.758733214] [depth_angular_controller]: PAPER_BUILD reason=READY required=0.5909 best=3.6217 free=188 refined=0 tubes=45 revoked_tubes=0 proofs=128
[depth_angular_controller-1] [INFO] [1790680876.758776095] [depth_angular_controller]: PAPER_EVIDENCE retained=32 balls=32 revoked_balls=0 expired_views=0 evicted_views=76 radius=0.580 clearance=0.667 best_prefix=3.622
[depth_angular_controller-1] [INFO] [1790680877.029457708] [depth_angular_controller]: 3D guidance switched to view 0
[depth_angular_controller-1] [INFO] [1790680877.825892394] [depth_angular_controller]: PAPER_BUILD reason=READY required=0.6213 best=3.6217 free=218 refined=0 tubes=47 revoked_tubes=0 proofs=128
[depth_angular_controller-1] [INFO] [1790680877.825928342] [depth_angular_controller]: PAPER_EVIDENCE retained=32 balls=32 revoked_balls=0 expired_views=0 evicted_views=80 radius=0.580 clearance=0.667 best_prefix=3.622
[depth_angular_controller-1] [INFO] [1790680878.883359948] [depth_angular_controller]: PAPER_BUILD reason=READY required=0.6217 best=3.6217 free=248 refined=0 tubes=49 revoked_tubes=0 proofs=128
[depth_angular_controller-1] [INFO] [1790680878.883400855] [depth_angular_controller]: PAPER_EVIDENCE retained=32 balls=32 revoked_balls=0 expired_views=0 evicted_views=84 radius=0.580 clearance=0.667 best_prefix=3.622
[depth_angular_controller-1] [INFO] [1790680879.464855133] [depth_angular_controller]: OUTSIDE_FLOW_BOX
[depth_angular_controller-1] [INFO] [1790680879.827877827] [depth_angular_controller]: PAPER_BUILD reason=READY required=0.3185 best=3.6217 free=224 refined=0 tubes=51 revoked_tubes=0 proofs=128
[depth_angular_controller-1] [INFO] [1790680879.827915909] [depth_angular_controller]: PAPER_EVIDENCE retained=32 balls=32 revoked_balls=0 expired_views=0 evicted_views=88 radius=0.580 clearance=0.000 best_prefix=3.622
[depth_angular_controller-1] [INFO] [1790680880.028005434] [depth_angular_controller]: [PERF CTRL] run=motion_cloud13 elapsed=49.30s callbacks=1602 commands=1601 guidance=1551 command_fps(ros/wall)=47.93/45.62 guidance_wall_fps=45.36 avoid_ms(mean/p50/p95/max)=3.657/0.157/21.563/103.736 cycle_ms(mean/p95/max)=21.919/48.238/124.587 depth_to_cmd_ms(mean/p95/max)=29.368/33.333/50.000 callback_to_publish_ms(mean/p95/max)=13.911/32.615/117.299
[depth_angular_controller-1] [INFO] [1790680880.075284865] [depth_angular_controller]: INTENT_DIRECT
[depth_angular_controller-1] [INFO] [1790680880.986794273] [depth_angular_controller]: PAPER_BUILD reason=READY required=0.2892 best=3.6217 free=352 refined=0 tubes=51 revoked_tubes=0 proofs=128
[depth_angular_controller-1] [INFO] [1790680880.986836352] [depth_angular_controller]: PAPER_EVIDENCE retained=32 balls=32 revoked_balls=0 expired_views=0 evicted_views=92 radius=0.580 clearance=0.587 best_prefix=3.622
[position_cmd_to_twist-2] [INFO] [1790680881.800930557] [position_cmd_to_twist]: [PERF BRIDGE] run=motion_cloud13 elapsed=51.06s received=1677 published=1677 fps(ros/wall)=48.02/45.50 controller_to_bridge_ms(mean/p50/p95/max)=7.841/0.000/33.333/100.000 bridge_process_ms(mean/p95/max)=0.108/0.131/2.921
[NAV] t=35.0s position=(-60.18,-2.75,6.21) yaw=270.0deg command=(0.00,-0.99,0.00) manual_active=1 collision_blocks=0
[depth_angular_controller-1] [INFO] [1790680882.065451199] [depth_angular_controller]: PAPER_BUILD reason=READY required=0.6167 best=3.6217 free=344 refined=0 tubes=53 revoked_tubes=0 proofs=128
[depth_angular_controller-1] [INFO] [1790680882.065495432] [depth_angular_controller]: PAPER_EVIDENCE retained=32 balls=32 revoked_balls=0 expired_views=0 evicted_views=96 radius=0.580 clearance=0.667 best_prefix=3.622
[depth_angular_controller-1] [INFO] [1790680882.496364633] [depth_angular_controller]: OUTSIDE_FLOW_BOX
[depth_angular_controller-1] [INFO] [1790680882.800110041] [depth_angular_controller]: INTENT_DIRECT
[depth_angular_controller-1] [INFO] [1790680883.208445156] [depth_angular_controller]: PAPER_BUILD reason=READY required=0.1559 best=3.6217 free=352 refined=0 tubes=55 revoked_tubes=0 proofs=128
[depth_angular_controller-1] [INFO] [1790680883.208641765] [depth_angular_controller]: PAPER_EVIDENCE retained=32 balls=32 revoked_balls=0 expired_views=0 evicted_views=100 radius=0.580 clearance=0.500 best_prefix=3.622
[depth_angular_controller-1] [INFO] [1790680884.227147234] [depth_angular_controller]: OUTSIDE_FLOW_BOX
[depth_angular_controller-1] [INFO] [1790680884.227610003] [depth_angular_controller]: PAPER_BUILD reason=READY required=0.5911 best=3.6217 free=234 refined=0 tubes=56 revoked_tubes=0 proofs=128
[depth_angular_controller-1] [INFO] [1790680884.227622646] [depth_angular_controller]: PAPER_EVIDENCE retained=32 balls=32 revoked_balls=0 expired_views=0 evicted_views=104 radius=0.580 clearance=0.000 best_prefix=3.622
[depth_angular_controller-1] [INFO] [1790680884.318867851] [depth_angular_controller]: INTENT_DIRECT
[depth_angular_controller-1] [INFO] [1790680884.953683865] [depth_angular_controller]: OUTSIDE_FLOW_BOX
[depth_angular_controller-1] [INFO] [1790680885.068603806] [depth_angular_controller]: [PERF CTRL] run=motion_cloud13 elapsed=54.34s callbacks=1822 commands=1821 guidance=1771 command_fps(ros/wall)=48.00/45.37 guidance_wall_fps=45.14 avoid_ms(mean/p50/p95/max)=3.685/0.141/21.823/103.736 cycle_ms(mean/p95/max)=22.039/50.043/124.587 depth_to_cmd_ms(mean/p95/max)=29.428/33.333/50.000 callback_to_publish_ms(mean/p95/max)=13.900/32.793/117.299
[depth_angular_controller-1] [INFO] [1790680885.069091982] [depth_angular_controller]: INTENT_DIRECT
[depth_angular_controller-1] [INFO] [1790680885.316242318] [depth_angular_controller]: PAPER_BUILD reason=READY required=0.0931 best=3.6217 free=352 refined=0 tubes=58 revoked_tubes=0 proofs=128
[depth_angular_controller-1] [INFO] [1790680885.316279638] [depth_angular_controller]: PAPER_EVIDENCE retained=32 balls=32 revoked_balls=0 expired_views=0 evicted_views=108 radius=0.580 clearance=0.339 best_prefix=3.622
[depth_angular_controller-1] [INFO] [1790680885.783746696] [depth_angular_controller]: OUTSIDE_FLOW_BOX
[depth_angular_controller-1] [INFO] [1790680885.877840977] [depth_angular_controller]: INTENT_DIRECT
[depth_angular_controller-1] [INFO] [1790680886.252705963] [depth_angular_controller]: PAPER_BUILD reason=READY required=0.0555 best=3.6217 free=290 refined=0 tubes=58 revoked_tubes=0 proofs=128
[depth_angular_controller-1] [INFO] [1790680886.252741600] [depth_angular_controller]: PAPER_EVIDENCE retained=32 balls=32 revoked_balls=0 expired_views=0 evicted_views=112 radius=0.580 clearance=0.055 best_prefix=3.622
[depth_angular_controller-1] [INFO] [1790680886.614226759] [depth_angular_controller]: OUTSIDE_FLOW_BOX
[depth_angular_controller-1] [INFO] [1790680886.707786137] [depth_angular_controller]: INTENT_DIRECT
[depth_angular_controller-1] [INFO] [1790680886.859838438] [depth_angular_controller]: TARGET_HOLD
[depth_angular_controller-1] [INFO] [1790680886.902589602] [depth_angular_controller]: STATE_OUTSIDE_FREE_DOMAIN
[depth_angular_controller-1] [INFO] [1790680886.987426441] [depth_angular_controller]: TARGET_HOLD
[position_cmd_to_twist-2] [INFO] [1790680887.104247550] [position_cmd_to_twist]: [PERF BRIDGE] run=motion_cloud13 elapsed=56.36s received=1909 published=1909 fps(ros/wall)=47.82/45.27 controller_to_bridge_ms(mean/p50/p95/max)=8.207/0.000/33.333/100.000 bridge_process_ms(mean/p95/max)=0.107/0.131/2.921
[depth_angular_controller-1] [INFO] [1790680887.170821618] [depth_angular_controller]: OUTSIDE_FLOW_BOX
[NAV] t=40.0s position=(-60.18,-5.32,6.20) yaw=280.0deg command=(0.02,-0.07,-0.08) manual_active=1 collision_blocks=0
[depth_angular_controller-1] [INFO] [1790680887.183273204] [depth_angular_controller]: TRACKING
[depth_angular_controller-1] [INFO] [1790680887.268193019] [depth_angular_controller]: OUTSIDE_FLOW_BOX
[depth_angular_controller-1] [INFO] [1790680887.282685004] [depth_angular_controller]: STATE_OUTSIDE_FREE_DOMAIN
[depth_angular_controller-1] [INFO] [1790680887.437086052] [depth_angular_controller]: OUTSIDE_FLOW_BOX
[depth_angular_controller-1] [INFO] [1790680887.437157777] [depth_angular_controller]: PAPER_BUILD reason=READY required=0.0122 best=3.6217 free=74 refined=0 tubes=59 revoked_tubes=0 proofs=128
[depth_angular_controller-1] [INFO] [1790680887.437169669] [depth_angular_controller]: PAPER_EVIDENCE retained=32 balls=32 revoked_balls=0 expired_views=0 evicted_views=116 radius=0.580 clearance=0.000 best_prefix=3.622
[depth_angular_controller-1] [INFO] [1790680887.452362249] [depth_angular_controller]: REFERENCE_INITIALIZATION
[depth_angular_controller-1] [INFO] [1790680887.460755369] [depth_angular_controller]: TRACKING
[depth_angular_controller-1] [INFO] [1790680887.541940856] [depth_angular_controller]: REFERENCE_INITIALIZATION
[depth_angular_controller-1] [INFO] [1790680887.587106571] [depth_angular_controller]: 3D guidance switched to view 3
[depth_angular_controller-1] [INFO] [1790680887.587644270] [depth_angular_controller]: STATE_OUTSIDE_FREE_DOMAIN
[depth_angular_controller-1] [INFO] [1790680887.618943855] [depth_angular_controller]: SINGULAR_FIELD
[depth_angular_controller-1] [INFO] [1790680887.628493134] [depth_angular_controller]: TARGET_HOLD
[depth_angular_controller-1] [INFO] [1790680887.642476845] [depth_angular_controller]: 3D guidance switched to view 0
[depth_angular_controller-1] [INFO] [1790680888.515979242] [depth_angular_controller]: PAPER_BUILD reason=READY required=0.2944 best=3.6217 free=64 refined=0 tubes=60 revoked_tubes=0 proofs=128
[depth_angular_controller-1] [INFO] [1790680888.516019958] [depth_angular_controller]: PAPER_EVIDENCE retained=32 balls=32 revoked_balls=0 expired_views=0 evicted_views=120 radius=0.580 clearance=0.667 best_prefix=3.622
[depth_angular_controller-1] [INFO] [1790680888.730298459] [depth_angular_controller]: TRACKING
[depth_angular_controller-1] [INFO] [1790680888.828497463] [depth_angular_controller]: TARGET_HOLD
[depth_angular_controller-1] [INFO] [1790680889.038846309] [depth_angular_controller]: INTENT_DIRECT
[depth_angular_controller-1] [INFO] [1790680889.690831902] [depth_angular_controller]: PAPER_BUILD reason=READY required=0.6185 best=3.6217 free=190 refined=0 tubes=62 revoked_tubes=0 proofs=128
[depth_angular_controller-1] [INFO] [1790680889.690875113] [depth_angular_controller]: PAPER_EVIDENCE retained=32 balls=32 revoked_balls=0 expired_views=0 evicted_views=124 radius=0.580 clearance=0.667 best_prefix=3.622
[depth_angular_controller-1] [INFO] [1790680890.086918753] [depth_angular_controller]: [PERF CTRL] run=motion_cloud13 elapsed=59.36s callbacks=2040 commands=2039 guidance=1989 command_fps(ros/wall)=47.82/45.16 guidance_wall_fps=44.95 avoid_ms(mean/p50/p95/max)=3.877/0.186/22.831/103.736 cycle_ms(mean/p95/max)=22.144/50.988/124.587 depth_to_cmd_ms(mean/p95/max)=29.135/33.333/50.000 callback_to_publish_ms(mean/p95/max)=14.231/34.114/117.299
[depth_angular_controller-1] [INFO] [1790680890.743493076] [depth_angular_controller]: PAPER_BUILD reason=READY required=0.6213 best=3.6217 free=284 refined=0 tubes=64 revoked_tubes=0 proofs=128
[depth_angular_controller-1] [INFO] [1790680890.743529264] [depth_angular_controller]: PAPER_EVIDENCE retained=32 balls=32 revoked_balls=0 expired_views=0 evicted_views=128 radius=0.580 clearance=0.667 best_prefix=3.622
[depth_angular_controller-1] [INFO] [1790680891.709420071] [depth_angular_controller]: PAPER_BUILD reason=READY required=0.6213 best=3.6217 free=217 refined=0 tubes=66 revoked_tubes=0 proofs=128
[depth_angular_controller-1] [INFO] [1790680891.709460577] [depth_angular_controller]: PAPER_EVIDENCE retained=32 balls=32 revoked_balls=0 expired_views=0 evicted_views=132 radius=0.580 clearance=0.667 best_prefix=3.622
[depth_angular_controller-1] [INFO] [1790680892.215527158] [depth_angular_controller]: TARGET_HOLD
[position_cmd_to_twist-2] [INFO] [1790680892.400337290] [position_cmd_to_twist]: [PERF BRIDGE] run=motion_cloud13 elapsed=61.66s received=2152 published=2152 fps(ros/wall)=47.92/45.35 controller_to_bridge_ms(mean/p50/p95/max)=8.279/0.000/33.333/100.000 bridge_process_ms(mean/p95/max)=0.107/0.133/2.921
[NAV] t=45.0s position=(-60.63,-8.38,3.74) yaw=264.6deg command=(-0.08,-0.89,-0.41) manual_active=1 collision_blocks=0
[depth_angular_controller-1] [INFO] [1790680892.810591145] [depth_angular_controller]: PAPER_BUILD reason=READY required=0.6169 best=3.6217 free=187 refined=0 tubes=69 revoked_tubes=0 proofs=128
[depth_angular_controller-1] [INFO] [1790680892.810628215] [depth_angular_controller]: PAPER_EVIDENCE retained=32 balls=32 revoked_balls=0 expired_views=0 evicted_views=136 radius=0.580 clearance=0.667 best_prefix=3.622
[depth_angular_controller-1] [INFO] [1790680892.967476246] [depth_angular_controller]: OUTSIDE_FLOW_BOX
[depth_angular_controller-1] [INFO] [1790680892.984133514] [depth_angular_controller]: TARGET_HOLD
[depth_angular_controller-1] [INFO] [1790680893.062028646] [depth_angular_controller]: OUTSIDE_FLOW_BOX
[depth_angular_controller-1] [INFO] [1790680893.083462398] [depth_angular_controller]: TARGET_HOLD
[depth_angular_controller-1] [INFO] [1790680893.162306802] [depth_angular_controller]: OUTSIDE_FLOW_BOX
[depth_angular_controller-1] [INFO] [1790680893.177540879] [depth_angular_controller]: TARGET_HOLD
[depth_angular_controller-1] [INFO] [1790680893.284639573] [depth_angular_controller]: OUTSIDE_FLOW_BOX
[depth_angular_controller-1] [INFO] [1790680893.296743296] [depth_angular_controller]: TARGET_HOLD
[depth_angular_controller-1] [INFO] [1790680893.377592653] [depth_angular_controller]: OUTSIDE_FLOW_BOX
[depth_angular_controller-1] [INFO] [1790680893.391678646] [depth_angular_controller]: TARGET_HOLD
[depth_angular_controller-1] [INFO] [1790680893.478550894] [depth_angular_controller]: OUTSIDE_FLOW_BOX
[depth_angular_controller-1] [INFO] [1790680893.494636890] [depth_angular_controller]: TARGET_HOLD
[depth_angular_controller-1] [INFO] [1790680893.576724531] [depth_angular_controller]: OUTSIDE_FLOW_BOX
[depth_angular_controller-1] [INFO] [1790680893.591989526] [depth_angular_controller]: TARGET_HOLD
[depth_angular_controller-1] [INFO] [1790680893.686045064] [depth_angular_controller]: OUTSIDE_FLOW_BOX
[depth_angular_controller-1] [INFO] [1790680893.699644294] [depth_angular_controller]: TARGET_HOLD
[depth_angular_controller-1] [INFO] [1790680893.783026183] [depth_angular_controller]: OUTSIDE_FLOW_BOX
[depth_angular_controller-1] [INFO] [1790680893.783061549] [depth_angular_controller]: PAPER_BUILD reason=READY required=0.0409 best=3.6217 free=172 refined=0 tubes=70 revoked_tubes=0 proofs=128
[depth_angular_controller-1] [INFO] [1790680893.783072169] [depth_angular_controller]: PAPER_EVIDENCE retained=32 balls=32 revoked_balls=0 expired_views=0 evicted_views=140 radius=0.580 clearance=0.000 best_prefix=3.622
[depth_angular_controller-1] [INFO] [1790680893.796341599] [depth_angular_controller]: TARGET_HOLD
[depth_angular_controller-1] [INFO] [1790680893.943102481] [depth_angular_controller]: OUTSIDE_FLOW_BOX
[depth_angular_controller-1] [INFO] [1790680893.958513781] [depth_angular_controller]: TARGET_HOLD
[depth_angular_controller-1] [INFO] [1790680894.060988218] [depth_angular_controller]: OUTSIDE_FLOW_BOX
[depth_angular_controller-1] [INFO] [1790680894.072401635] [depth_angular_controller]: TARGET_HOLD
[depth_angular_controller-1] [INFO] [1790680894.181019801] [depth_angular_controller]: OUTSIDE_FLOW_BOX
[depth_angular_controller-1] [INFO] [1790680894.195672257] [depth_angular_controller]: TARGET_HOLD
[depth_angular_controller-1] [INFO] [1790680894.272768691] [depth_angular_controller]: OUTSIDE_FLOW_BOX
[depth_angular_controller-1] [INFO] [1790680894.284625430] [depth_angular_controller]: TARGET_HOLD
[depth_angular_controller-1] [INFO] [1790680894.370221234] [depth_angular_controller]: OUTSIDE_FLOW_BOX
[depth_angular_controller-1] [INFO] [1790680894.382541173] [depth_angular_controller]: TARGET_HOLD
[depth_angular_controller-1] [INFO] [1790680894.481796659] [depth_angular_controller]: OUTSIDE_FLOW_BOX
[depth_angular_controller-1] [INFO] [1790680894.493762744] [depth_angular_controller]: TARGET_HOLD
[depth_angular_controller-1] [INFO] [1790680894.576394134] [depth_angular_controller]: OUTSIDE_FLOW_BOX
[depth_angular_controller-1] [INFO] [1790680894.590515153] [depth_angular_controller]: TARGET_HOLD
[depth_angular_controller-1] [INFO] [1790680894.672568939] [depth_angular_controller]: OUTSIDE_FLOW_BOX
[depth_angular_controller-1] [INFO] [1790680894.687441608] [depth_angular_controller]: TARGET_HOLD
[depth_angular_controller-1] [INFO] [1790680894.804755011] [depth_angular_controller]: OUTSIDE_FLOW_BOX
[depth_angular_controller-1] [INFO] [1790680894.804792622] [depth_angular_controller]: PAPER_BUILD reason=READY required=0.0130 best=3.6217 free=187 refined=0 tubes=70 revoked_tubes=0 proofs=128
[depth_angular_controller-1] [INFO] [1790680894.804831755] [depth_angular_controller]: PAPER_EVIDENCE retained=32 balls=32 revoked_balls=0 expired_views=0 evicted_views=142 radius=0.580 clearance=0.000 best_prefix=3.622
[depth_angular_controller-1] [INFO] [1790680894.820864551] [depth_angular_controller]: TARGET_HOLD
[depth_angular_controller-1] [INFO] [1790680894.896211853] [depth_angular_controller]: OUTSIDE_FLOW_BOX
[depth_angular_controller-1] [INFO] [1790680894.913050241] [depth_angular_controller]: TARGET_HOLD
[depth_angular_controller-1] [INFO] [1790680895.053478599] [depth_angular_controller]: OUTSIDE_FLOW_BOX
[depth_angular_controller-1] [INFO] [1790680895.067714664] [depth_angular_controller]: REFERENCE_INITIALIZATION
[depth_angular_controller-1] [INFO] [1790680895.085741682] [depth_angular_controller]: TRACKING
[depth_angular_controller-1] [INFO] [1790680895.102415912] [depth_angular_controller]: [PERF CTRL] run=motion_cloud13 elapsed=64.37s callbacks=2281 commands=2280 guidance=2230 command_fps(ros/wall)=47.98/45.45 guidance_wall_fps=45.27 avoid_ms(mean/p50/p95/max)=3.734/0.165/22.136/103.736 cycle_ms(mean/p95/max)=22.002/50.056/124.587 depth_to_cmd_ms(mean/p95/max)=29.155/33.333/50.000 callback_to_publish_ms(mean/p95/max)=14.266/33.599/117.299
[depth_angular_controller-1] [INFO] [1790680895.153610089] [depth_angular_controller]: TARGET_HOLD
[depth_angular_controller-1] [INFO] [1790680895.196569464] [depth_angular_controller]: 3D guidance switched to view 3
[depth_angular_controller-1] [INFO] [1790680895.228126873] [depth_angular_controller]: 3D guidance switched to view 0
[depth_angular_controller-1] [INFO] [1790680895.900318713] [depth_angular_controller]: PAPER_BUILD reason=READY required=0.2663 best=3.6217 free=202 refined=0 tubes=71 revoked_tubes=0 proofs=128
[depth_angular_controller-1] [INFO] [1790680895.900355763] [depth_angular_controller]: PAPER_EVIDENCE retained=32 balls=32 revoked_balls=0 expired_views=0 evicted_views=147 radius=0.580 clearance=0.667 best_prefix=3.622
[depth_angular_controller-1] [INFO] [1790680896.247287542] [depth_angular_controller]: INTENT_DIRECT
[depth_angular_controller-1] [INFO] [1790680896.441749657] [depth_angular_controller]: TARGET_HOLD
[depth_angular_controller-1] [INFO] [1790680896.534314227] [depth_angular_controller]: INTENT_DIRECT
[depth_angular_controller-1] [INFO] [1790680896.631007856] [depth_angular_controller]: TARGET_HOLD
[depth_angular_controller-1] [INFO] [1790680896.723813048] [depth_angular_controller]: OUTSIDE_FLOW_BOX
[depth_angular_controller-1] [INFO] [1790680896.741606037] [depth_angular_controller]: TARGET_HOLD
[depth_angular_controller-1] [INFO] [1790680896.834192539] [depth_angular_controller]: INTENT_DIRECT
[depth_angular_controller-1] [INFO] [1790680896.992451337] [depth_angular_controller]: PAPER_BUILD reason=READY required=0.4396 best=3.6217 free=352 refined=0 tubes=73 revoked_tubes=0 proofs=128
[depth_angular_controller-1] [INFO] [1790680896.992491001] [depth_angular_controller]: PAPER_EVIDENCE retained=32 balls=32 revoked_balls=0 expired_views=0 evicted_views=150 radius=0.580 clearance=0.500 best_prefix=3.622
[position_cmd_to_twist-2] [INFO] [1790680897.594001035] [position_cmd_to_twist]: [PERF BRIDGE] run=motion_cloud13 elapsed=66.85s received=2388 published=2388 fps(ros/wall)=47.85/45.35 controller_to_bridge_ms(mean/p50/p95/max)=8.529/0.000/33.333/100.000 bridge_process_ms(mean/p95/max)=0.108/0.133/2.921
[NAV] t=50.0s position=(-61.91,-10.04,2.66) yaw=222.1deg command=(-0.57,-0.52,-0.36) manual_active=1 collision_blocks=0
[depth_angular_controller-1] [INFO] [1790680897.969498529] [depth_angular_controller]: PAPER_BUILD reason=READY required=0.5704 best=3.6217 free=310 refined=0 tubes=74 revoked_tubes=0 proofs=128
[depth_angular_controller-1] [INFO] [1790680897.969537782] [depth_angular_controller]: PAPER_EVIDENCE retained=32 balls=32 revoked_balls=0 expired_views=0 evicted_views=154 radius=0.580 clearance=0.667 best_prefix=3.622
[depth_angular_controller-1] [INFO] [1790680899.014704693] [depth_angular_controller]: PAPER_BUILD reason=READY required=0.6205 best=3.6217 free=263 refined=0 tubes=76 revoked_tubes=0 proofs=128
[depth_angular_controller-1] [INFO] [1790680899.015193821] [depth_angular_controller]: PAPER_EVIDENCE retained=32 balls=32 revoked_balls=0 expired_views=0 evicted_views=158 radius=0.580 clearance=0.667 best_prefix=3.622
[depth_angular_controller-1] [INFO] [1790680900.116228540] [depth_angular_controller]: [PERF CTRL] run=motion_cloud13 elapsed=69.39s callbacks=2483 commands=2482 guidance=2432 command_fps(ros/wall)=47.47/44.98 guidance_wall_fps=44.81 avoid_ms(mean/p50/p95/max)=3.950/0.153/23.235/103.736 cycle_ms(mean/p95/max)=22.232/52.573/124.587 depth_to_cmd_ms(mean/p95/max)=28.954/33.333/50.000 callback_to_publish_ms(mean/p95/max)=14.761/34.919/117.299
[depth_angular_controller-1] [INFO] [1790680900.116280607] [depth_angular_controller]: PAPER_BUILD reason=READY required=0.6207 best=3.6217 free=230 refined=0 tubes=78 revoked_tubes=0 proofs=128
[depth_angular_controller-1] [INFO] [1790680900.116288793] [depth_angular_controller]: PAPER_EVIDENCE retained=32 balls=32 revoked_balls=0 expired_views=0 evicted_views=162 radius=0.580 clearance=0.667 best_prefix=3.622
[depth_angular_controller-1] [INFO] [1790680901.258675079] [depth_angular_controller]: PAPER_BUILD reason=READY required=0.6209 best=3.6217 free=184 refined=0 tubes=80 revoked_tubes=0 proofs=128
[depth_angular_controller-1] [INFO] [1790680901.258713070] [depth_angular_controller]: PAPER_EVIDENCE retained=32 balls=32 revoked_balls=0 expired_views=0 evicted_views=166 radius=0.580 clearance=0.667 best_prefix=3.622
[depth_angular_controller-1] [INFO] [1790680901.359604617] [depth_angular_controller]: OUTSIDE_FLOW_BOX
[depth_angular_controller-1] [INFO] [1790680901.375826878] [depth_angular_controller]: STATE_OUTSIDE_FREE_DOMAIN
[depth_angular_controller-1] [INFO] [1790680901.471496726] [depth_angular_controller]: OUTSIDE_FLOW_BOX
[depth_angular_controller-1] [INFO] [1790680901.569568922] [depth_angular_controller]: COMPUTE_DEADLINE
[depth_angular_controller-1] [INFO] [1790680901.587507254] [depth_angular_controller]: OUTSIDE_FLOW_BOX
[depth_angular_controller-1] [INFO] [1790680901.782679531] [depth_angular_controller]: COMPUTE_DEADLINE
[depth_angular_controller-1] [INFO] [1790680901.893866197] [depth_angular_controller]: OUTSIDE_FLOW_BOX
[depth_angular_controller-1] [INFO] [1790680901.988209595] [depth_angular_controller]: COMPUTE_DEADLINE
[depth_angular_controller-1] [INFO] [1790680902.005527673] [depth_angular_controller]: OUTSIDE_FLOW_BOX
[depth_angular_controller-1] [INFO] [1790680902.097117705] [depth_angular_controller]: COMPUTE_DEADLINE
[depth_angular_controller-1] [INFO] [1790680902.114291302] [depth_angular_controller]: OUTSIDE_FLOW_BOX
[depth_angular_controller-1] [INFO] [1790680902.337817266] [depth_angular_controller]: COMPUTE_DEADLINE
[depth_angular_controller-1] [INFO] [1790680902.337851640] [depth_angular_controller]: PAPER_BUILD reason=READY required=0.0100 best=3.6217 free=107 refined=0 tubes=82 revoked_tubes=0 proofs=128
[depth_angular_controller-1] [INFO] [1790680902.337861559] [depth_angular_controller]: PAPER_EVIDENCE retained=32 balls=32 revoked_balls=0 expired_views=0 evicted_views=170 radius=0.580 clearance=0.500 best_prefix=3.622
[position_cmd_to_twist-2] [INFO] [1790680902.748944880] [position_cmd_to_twist]: [PERF BRIDGE] run=motion_cloud13 elapsed=72.01s received=2543 published=2540 fps(ros/wall)=46.43/43.97 controller_to_bridge_ms(mean/p50/p95/max)=9.680/0.000/33.333/116.667 bridge_process_ms(mean/p95/max)=0.109/0.134/2.921
[NAV] t=55.0s position=(-63.73,-13.10,1.47) yaw=252.5deg command=(0.00,0.00,0.00) manual_active=1 collision_blocks=0
[depth_angular_controller-1] [INFO] [1790680902.891114146] [depth_angular_controller]: REFERENCE_INITIALIZATION
[depth_angular_controller-1] [INFO] [1790680903.023408240] [depth_angular_controller]: COMPUTE_DEADLINE
[depth_angular_controller-1] [INFO] [1790680903.038797158] [depth_angular_controller]: 3D guidance switched to view 1
[depth_angular_controller-1] [INFO] [1790680903.039408355] [depth_angular_controller]: TRACKING
[depth_angular_controller-1] [INFO] [1790680903.093687592] [depth_angular_controller]: 3D guidance switched to view 0
[depth_angular_controller-1] [INFO] [1790680903.272428024] [depth_angular_controller]: PAPER_BUILD reason=READY required=0.0366 best=3.6217 free=205 refined=0 tubes=83 revoked_tubes=0 proofs=128
[depth_angular_controller-1] [INFO] [1790680903.272465605] [depth_angular_controller]: PAPER_EVIDENCE retained=32 balls=32 revoked_balls=0 expired_views=0 evicted_views=174 radius=0.580 clearance=0.500 best_prefix=3.622
[depth_angular_controller-1] [INFO] [1790680904.373627201] [depth_angular_controller]: PAPER_BUILD reason=READY required=0.5802 best=3.6217 free=232 refined=0 tubes=84 revoked_tubes=0 proofs=128
[depth_angular_controller-1] [INFO] [1790680904.373665133] [depth_angular_controller]: PAPER_EVIDENCE retained=32 balls=32 revoked_balls=0 expired_views=0 evicted_views=178 radius=0.580 clearance=0.667 best_prefix=3.622
[depth_angular_controller-1] [INFO] [1790680904.963100237] [depth_angular_controller]: TARGET_HOLD
[depth_angular_controller-1] [INFO] [1790680905.122873908] [depth_angular_controller]: [PERF CTRL] run=motion_cloud13 elapsed=74.39s callbacks=2638 commands=2637 guidance=2587 command_fps(ros/wall)=46.10/43.81 guidance_wall_fps=43.64 avoid_ms(mean/p50/p95/max)=4.526/0.149/25.058/103.736 cycle_ms(mean/p95/max)=22.824/56.326/124.587 depth_to_cmd_ms(mean/p95/max)=28.630/33.333/50.000 callback_to_publish_ms(mean/p95/max)=15.592/37.631/117.299
[depth_angular_controller-1] [INFO] [1790680905.392596221] [depth_angular_controller]: PAPER_BUILD reason=READY required=0.6204 best=3.6217 free=273 refined=0 tubes=86 revoked_tubes=0 proofs=128
[depth_angular_controller-1] [INFO] [1790680905.392634874] [depth_angular_controller]: PAPER_EVIDENCE retained=32 balls=32 revoked_balls=0 expired_views=0 evicted_views=182 radius=0.580 clearance=0.667 best_prefix=3.622
[depth_angular_controller-1] [INFO] [1790680905.504234194] [depth_angular_controller]: TRACKING
[depth_angular_controller-1] [INFO] [1790680905.978204024] [depth_angular_controller]: OUTSIDE_FLOW_BOX
[depth_angular_controller-1] [INFO] [1790680905.994194621] [depth_angular_controller]: TRACKING
[depth_angular_controller-1] [INFO] [1790680906.083836427] [depth_angular_controller]: OUTSIDE_FLOW_BOX
[depth_angular_controller-1] [INFO] [1790680906.102696889] [depth_angular_controller]: TRACKING
[depth_angular_controller-1] [INFO] [1790680906.176678378] [depth_angular_controller]: INTENT_DIRECT
[depth_angular_controller-1] [INFO] [1790680906.363786312] [depth_angular_controller]: PAPER_BUILD reason=READY required=0.3331 best=3.6217 free=352 refined=0 tubes=88 revoked_tubes=0 proofs=128
[depth_angular_controller-1] [INFO] [1790680906.363825105] [depth_angular_controller]: PAPER_EVIDENCE retained=32 balls=32 revoked_balls=0 expired_views=0 evicted_views=188 radius=0.580 clearance=0.500 best_prefix=3.622
[depth_angular_controller-1] [INFO] [1790680906.937078554] [depth_angular_controller]: TARGET_HOLD
[depth_angular_controller-1] [INFO] [1790680907.038133537] [depth_angular_controller]: TRACKING
[depth_angular_controller-1] [INFO] [1790680907.204515899] [depth_angular_controller]: OUTSIDE_FLOW_BOX
[depth_angular_controller-1] [INFO] [1790680907.219323356] [depth_angular_controller]: TRACKING
[depth_angular_controller-1] [INFO] [1790680907.361773408] [depth_angular_controller]: OUTSIDE_FLOW_BOX
[depth_angular_controller-1] [INFO] [1790680907.376194600] [depth_angular_controller]: TRACKING
[depth_angular_controller-1] [INFO] [1790680907.479704410] [depth_angular_controller]: INTENT_DIRECT
[depth_angular_controller-1] [INFO] [1790680907.479735638] [depth_angular_controller]: PAPER_BUILD reason=READY required=0.4025 best=3.6217 free=352 refined=0 tubes=89 revoked_tubes=0 proofs=128
[depth_angular_controller-1] [INFO] [1790680907.479742722] [depth_angular_controller]: PAPER_EVIDENCE retained=32 balls=32 revoked_balls=0 expired_views=0 evicted_views=192 radius=0.580 clearance=0.500 best_prefix=3.622
[position_cmd_to_twist-2] [INFO] [1790680907.860372586] [position_cmd_to_twist]: [PERF BRIDGE] run=motion_cloud13 elapsed=77.12s received=2747 published=2743 fps(ros/wall)=45.86/43.60 controller_to_bridge_ms(mean/p50/p95/max)=10.423/0.000/33.333/116.667 bridge_process_ms(mean/p95/max)=0.109/0.135/2.921
[NAV] t=60.0s position=(-63.63,-15.60,4.10) yaw=264.6deg command=(-0.04,-0.43,0.32) manual_active=1 collision_blocks=0
[depth_angular_controller-1] [INFO] [1790680907.955929723] [depth_angular_controller]: INTENT_REVERSAL_BRAKE
[depth_angular_controller-1] [INFO] [1790680908.422959420] [depth_angular_controller]: 3D guidance switched to view 1
[depth_angular_controller-1] [INFO] [1790680908.459961225] [depth_angular_controller]: TARGET_HOLD
[depth_angular_controller-1] [INFO] [1790680908.459997142] [depth_angular_controller]: PAPER_BUILD reason=READY required=0.0110 best=3.6217 free=126 refined=0 tubes=90 revoked_tubes=0 proofs=128
[depth_angular_controller-1] [INFO] [1790680908.460005017] [depth_angular_controller]: PAPER_EVIDENCE retained=32 balls=32 revoked_balls=0 expired_views=0 evicted_views=196 radius=0.580 clearance=0.500 best_prefix=3.622
[depth_angular_controller-1] [INFO] [1790680908.707959642] [depth_angular_controller]: OUTSIDE_FLOW_BOX
[depth_angular_controller-1] [INFO] [1790680908.727103646] [depth_angular_controller]: TRACKING
[depth_angular_controller-1] [INFO] [1790680908.804986967] [depth_angular_controller]: OUTSIDE_FLOW_BOX
[depth_angular_controller-1] [INFO] [1790680908.830139567] [depth_angular_controller]: STATE_OUTSIDE_FREE_DOMAIN
[depth_angular_controller-1] [INFO] [1790680908.888484463] [depth_angular_controller]: REFERENCE_INITIALIZATION
[depth_angular_controller-1] [INFO] [1790680909.140624051] [depth_angular_controller]: TRACKING
[depth_angular_controller-1] [INFO] [1790680909.181055763] [depth_angular_controller]: REFERENCE_INITIALIZATION
[depth_angular_controller-1] [INFO] [1790680909.202237231] [depth_angular_controller]: TRACKING
[depth_angular_controller-1] [INFO] [1790680909.242176899] [depth_angular_controller]: REFERENCE_INITIALIZATION
[depth_angular_controller-1] [INFO] [1790680909.351787787] [depth_angular_controller]: TRACKING
[depth_angular_controller-1] [INFO] [1790680909.589400926] [depth_angular_controller]: PAPER_BUILD reason=READY required=0.1300 best=3.6217 free=232 refined=0 tubes=92 revoked_tubes=0 proofs=128
[depth_angular_controller-1] [INFO] [1790680909.589442013] [depth_angular_controller]: PAPER_EVIDENCE retained=32 balls=32 revoked_balls=0 expired_views=0 evicted_views=200 radius=0.580 clearance=0.500 best_prefix=3.622
[depth_angular_controller-1] [INFO] [1790680910.128628415] [depth_angular_controller]: [PERF CTRL] run=motion_cloud13 elapsed=79.40s callbacks=2836 commands=2835 guidance=2785 command_fps(ros/wall)=45.71/43.49 guidance_wall_fps=43.32 avoid_ms(mean/p50/p95/max)=4.586/0.148/25.286/103.736 cycle_ms(mean/p95/max)=22.996/56.420/124.587 depth_to_cmd_ms(mean/p95/max)=28.253/33.333/50.000 callback_to_publish_ms(mean/p95/max)=16.035/38.180/117.299
[depth_angular_controller-1] [INFO] [1790680910.573212021] [depth_angular_controller]: 3D guidance switched to view 0
[depth_angular_controller-1] [INFO] [1790680910.674243590] [depth_angular_controller]: PAPER_BUILD reason=READY required=0.6091 best=3.6217 free=237 refined=0 tubes=94 revoked_tubes=0 proofs=128
[depth_angular_controller-1] [INFO] [1790680910.674277033] [depth_angular_controller]: PAPER_EVIDENCE retained=32 balls=32 revoked_balls=0 expired_views=0 evicted_views=204 radius=0.580 clearance=0.667 best_prefix=3.622
[depth_angular_controller-1] [INFO] [1790680911.849839165] [depth_angular_controller]: PAPER_BUILD reason=READY required=0.6211 best=3.6217 free=257 refined=0 tubes=96 revoked_tubes=0 proofs=128
[depth_angular_controller-1] [INFO] [1790680911.849876234] [depth_angular_controller]: PAPER_EVIDENCE retained=32 balls=32 revoked_balls=0 expired_views=0 evicted_views=208 radius=0.580 clearance=0.667 best_prefix=3.622
[depth_angular_controller-1] [INFO] [1790680912.936870265] [depth_angular_controller]: PAPER_BUILD reason=READY required=0.6213 best=3.6217 free=307 refined=0 tubes=98 revoked_tubes=0 proofs=128
[depth_angular_controller-1] [INFO] [1790680912.936913646] [depth_angular_controller]: PAPER_EVIDENCE retained=32 balls=32 revoked_balls=0 expired_views=0 evicted_views=212 radius=0.580 clearance=0.667 best_prefix=3.622
[position_cmd_to_twist-2] [INFO] [1790680913.350649916] [position_cmd_to_twist]: [PERF BRIDGE] run=motion_cloud13 elapsed=82.61s received=2976 published=2972 fps(ros/wall)=45.84/43.45 controller_to_bridge_ms(mean/p50/p95/max)=10.730/0.000/33.333/116.667 bridge_process_ms(mean/p95/max)=0.110/0.136/2.921
[NAV] t=65.0s position=(-62.62,-12.50,4.55) yaw=436.4deg command=(0.22,0.93,0.31) manual_active=1 collision_blocks=0
[depth_angular_controller-1] [INFO] [1790680913.933439240] [depth_angular_controller]: OUTSIDE_FLOW_BOX
[depth_angular_controller-1] [INFO] [1790680913.948318822] [depth_angular_controller]: TRACKING
[depth_angular_controller-1] [INFO] [1790680914.020443677] [depth_angular_controller]: PAPER_BUILD reason=READY required=0.6213 best=3.6217 free=294 refined=0 tubes=100 revoked_tubes=0 proofs=128
[depth_angular_controller-1] [INFO] [1790680914.020860038] [depth_angular_controller]: PAPER_EVIDENCE retained=32 balls=32 revoked_balls=0 expired_views=0 evicted_views=216 radius=0.580 clearance=0.500 best_prefix=3.622
[depth_angular_controller-1] [INFO] [1790680914.043032516] [depth_angular_controller]: OUTSIDE_FLOW_BOX
[depth_angular_controller-1] [INFO] [1790680914.056158397] [depth_angular_controller]: STATE_OUTSIDE_FREE_DOMAIN
[depth_angular_controller-1] [INFO] [1790680914.155056042] [depth_angular_controller]: OUTSIDE_FLOW_BOX
[depth_angular_controller-1] [INFO] [1790680914.732319476] [depth_angular_controller]: 3D guidance switched to view 3
[depth_angular_controller-1] [INFO] [1790680914.732609620] [depth_angular_controller]: REFERENCE_INITIALIZATION
[depth_angular_controller-1] [INFO] [1790680914.781683379] [depth_angular_controller]: TRACKING
[depth_angular_controller-1] [INFO] [1790680914.865749402] [depth_angular_controller]: 3D guidance switched to view 0
[depth_angular_controller-1] [INFO] [1790680914.954189282] [depth_angular_controller]: PAPER_BUILD reason=READY required=0.0251 best=3.6217 free=239 refined=0 tubes=101 revoked_tubes=0 proofs=128
[depth_angular_controller-1] [INFO] [1790680914.954225700] [depth_angular_controller]: PAPER_EVIDENCE retained=32 balls=32 revoked_balls=0 expired_views=0 evicted_views=220 radius=0.580 clearance=0.500 best_prefix=3.622
[depth_angular_controller-1] [INFO] [1790680915.149975812] [depth_angular_controller]: [PERF CTRL] run=motion_cloud13 elapsed=84.42s callbacks=3068 commands=3067 guidance=3017 command_fps(ros/wall)=45.93/43.68 guidance_wall_fps=43.53 avoid_ms(mean/p50/p95/max)=4.362/0.144/24.657/103.736 cycle_ms(mean/p95/max)=22.894/56.185/124.587 depth_to_cmd_ms(mean/p95/max)=28.240/33.333/50.000 callback_to_publish_ms(mean/p95/max)=15.975/37.844/117.299
[depth_angular_controller-1] [INFO] [1790680915.497278357] [depth_angular_controller]: TARGET_HOLD
[depth_angular_controller-1] [INFO] [1790680915.824319621] [depth_angular_controller]: TRACKING
[depth_angular_controller-1] [INFO] [1790680915.913333058] [depth_angular_controller]: PAPER_BUILD reason=READY required=0.5547 best=3.6217 free=219 refined=0 tubes=103 revoked_tubes=0 proofs=128
[depth_angular_controller-1] [INFO] [1790680915.913371840] [depth_angular_controller]: PAPER_EVIDENCE retained=32 balls=32 revoked_balls=0 expired_views=0 evicted_views=224 radius=0.580 clearance=0.667 best_prefix=3.622
[depth_angular_controller-1] [INFO] [1790680916.321115215] [depth_angular_controller]: TARGET_HOLD
[depth_angular_controller-1] [INFO] [1790680916.870514391] [depth_angular_controller]: TRACKING
[depth_angular_controller-1] [INFO] [1790680916.924382746] [depth_angular_controller]: PAPER_BUILD reason=READY required=0.6207 best=3.6217 free=212 refined=0 tubes=105 revoked_tubes=0 proofs=128
[depth_angular_controller-1] [INFO] [1790680916.924425456] [depth_angular_controller]: PAPER_EVIDENCE retained=32 balls=32 revoked_balls=0 expired_views=0 evicted_views=228 radius=0.580 clearance=0.667 best_prefix=3.622
[depth_angular_controller-1] [INFO] [1790680916.977531361] [depth_angular_controller]: TARGET_HOLD
[depth_angular_controller-1] [INFO] [1790680917.900152110] [depth_angular_controller]: PAPER_BUILD reason=READY required=0.6212 best=3.6217 free=205 refined=0 tubes=107 revoked_tubes=0 proofs=128
[depth_angular_controller-1] [INFO] [1790680917.900195782] [depth_angular_controller]: PAPER_EVIDENCE retained=32 balls=32 revoked_balls=0 expired_views=0 evicted_views=232 radius=0.580 clearance=0.667 best_prefix=3.622
[depth_angular_controller-1] [INFO] [1790680918.094877870] [depth_angular_controller]: OUTSIDE_FLOW_BOX
[depth_angular_controller-1] [INFO] [1790680918.111143112] [depth_angular_controller]: TARGET_HOLD
[depth_angular_controller-1] [INFO] [1790680918.206589420] [depth_angular_controller]: OUTSIDE_FLOW_BOX
[depth_angular_controller-1] [INFO] [1790680918.220839200] [depth_angular_controller]: TARGET_HOLD
[position_cmd_to_twist-2] [INFO] [1790680918.227848043] [position_cmd_to_twist]: [PERF BRIDGE] run=motion_cloud13 elapsed=87.49s received=3224 published=3220 fps(ros/wall)=46.12/43.94 controller_to_bridge_ms(mean/p50/p95/max)=10.484/0.000/33.333/116.667 bridge_process_ms(mean/p95/max)=0.110/0.136/2.921
[NAV] t=70.0s position=(-59.96,-9.93,4.83) yaw=387.1deg command=(0.66,0.34,0.06) manual_active=1 collision_blocks=0
[depth_angular_controller-1] [INFO] [1790680918.863486670] [depth_angular_controller]: PAPER_BUILD reason=READY required=0.2741 best=3.6217 free=241 refined=0 tubes=108 revoked_tubes=0 proofs=128
[depth_angular_controller-1] [INFO] [1790680918.863953837] [depth_angular_controller]: PAPER_EVIDENCE retained=32 balls=32 revoked_balls=0 expired_views=0 evicted_views=236 radius=0.580 clearance=0.512 best_prefix=3.622
[depth_angular_controller-1] [INFO] [1790680919.524966700] [depth_angular_controller]: INTENT_DIRECT
[depth_angular_controller-1] [INFO] [1790680919.930921377] [depth_angular_controller]: PAPER_BUILD reason=READY required=0.6142 best=3.6217 free=247 refined=0 tubes=110 revoked_tubes=0 proofs=128
[depth_angular_controller-1] [INFO] [1790680919.930956323] [depth_angular_controller]: PAPER_EVIDENCE retained=32 balls=32 revoked_balls=0 expired_views=0 evicted_views=240 radius=0.580 clearance=0.667 best_prefix=3.622
[depth_angular_controller-1] [INFO] [1790680920.156838889] [depth_angular_controller]: [PERF CTRL] run=motion_cloud13 elapsed=89.43s callbacks=3314 commands=3313 guidance=3263 command_fps(ros/wall)=46.14/44.04 guidance_wall_fps=43.91 avoid_ms(mean/p50/p95/max)=4.251/0.143/24.367/103.736 cycle_ms(mean/p95/max)=22.705/55.337/124.587 depth_to_cmd_ms(mean/p95/max)=28.272/33.333/50.000 callback_to_publish_ms(mean/p95/max)=15.939/37.486/117.299
[depth_angular_controller-1] [INFO] [1790680920.893882887] [depth_angular_controller]: PAPER_BUILD reason=READY required=0.6211 best=3.6217 free=204 refined=0 tubes=112 revoked_tubes=0 proofs=128
[depth_angular_controller-1] [INFO] [1790680920.893916911] [depth_angular_controller]: PAPER_EVIDENCE retained=32 balls=32 revoked_balls=0 expired_views=0 evicted_views=244 radius=0.580 clearance=0.667 best_prefix=3.622
[depth_angular_controller-1] [INFO] [1790680920.969767447] [depth_angular_controller]: OUTSIDE_FLOW_BOX
[depth_angular_controller-1] [INFO] [1790680920.989547054] [depth_angular_controller]: INTENT_DIRECT
[depth_angular_controller-1] [INFO] [1790680921.108761093] [depth_angular_controller]: OUTSIDE_FLOW_BOX
[depth_angular_controller-1] [INFO] [1790680921.124948940] [depth_angular_controller]: INTENT_DIRECT
[depth_angular_controller-1] [INFO] [1790680921.223512207] [depth_angular_controller]: OUTSIDE_FLOW_BOX
[depth_angular_controller-1] [INFO] [1790680921.242796735] [depth_angular_controller]: INTENT_DIRECT
[depth_angular_controller-1] [INFO] [1790680921.330039860] [depth_angular_controller]: OUTSIDE_FLOW_BOX
[depth_angular_controller-1] [INFO] [1790680921.345343658] [depth_angular_controller]: INTENT_DIRECT
[depth_angular_controller-1] [INFO] [1790680921.450237906] [depth_angular_controller]: OUTSIDE_FLOW_BOX
[depth_angular_controller-1] [INFO] [1790680921.464222168] [depth_angular_controller]: INTENT_DIRECT
[depth_angular_controller-1] [INFO] [1790680921.547118836] [depth_angular_controller]: OUTSIDE_FLOW_BOX
[depth_angular_controller-1] [INFO] [1790680921.561069525] [depth_angular_controller]: INTENT_DIRECT
[depth_angular_controller-1] [INFO] [1790680921.662699517] [depth_angular_controller]: OUTSIDE_FLOW_BOX
[depth_angular_controller-1] [INFO] [1790680921.676419583] [depth_angular_controller]: INTENT_DIRECT
[depth_angular_controller-1] [INFO] [1790680921.781467118] [depth_angular_controller]: OUTSIDE_FLOW_BOX
[depth_angular_controller-1] [INFO] [1790680921.837719528] [depth_angular_controller]: INTENT_DIRECT
[depth_angular_controller-1] [INFO] [1790680922.019849030] [depth_angular_controller]: OUTSIDE_FLOW_BOX
[depth_angular_controller-1] [INFO] [1790680922.019889196] [depth_angular_controller]: PAPER_BUILD reason=READY required=0.0322 best=3.6217 free=200 refined=0 tubes=113 revoked_tubes=0 proofs=128
[depth_angular_controller-1] [INFO] [1790680922.019897902] [depth_angular_controller]: PAPER_EVIDENCE retained=32 balls=32 revoked_balls=0 expired_views=0 evicted_views=248 radius=0.580 clearance=0.000 best_prefix=3.622
[depth_angular_controller-1] [INFO] [1790680922.033024184] [depth_angular_controller]: INTENT_DIRECT
[depth_angular_controller-1] [INFO] [1790680922.128301435] [depth_angular_controller]: OUTSIDE_FLOW_BOX
[depth_angular_controller-1] [INFO] [1790680922.144857673] [depth_angular_controller]: INTENT_DIRECT
[depth_angular_controller-1] [INFO] [1790680922.242831604] [depth_angular_controller]: OUTSIDE_FLOW_BOX
[depth_angular_controller-1] [INFO] [1790680922.256326989] [depth_angular_controller]: INTENT_DIRECT
[depth_angular_controller-1] [INFO] [1790680922.342490398] [depth_angular_controller]: OUTSIDE_FLOW_BOX
[depth_angular_controller-1] [INFO] [1790680922.357978672] [depth_angular_controller]: INTENT_DIRECT
[depth_angular_controller-1] [INFO] [1790680922.448004879] [depth_angular_controller]: OUTSIDE_FLOW_BOX
[depth_angular_controller-1] [INFO] [1790680922.462372651] [depth_angular_controller]: INTENT_DIRECT
[depth_angular_controller-1] [INFO] [1790680922.620226068] [depth_angular_controller]: OUTSIDE_FLOW_BOX
[depth_angular_controller-1] [INFO] [1790680922.639941304] [depth_angular_controller]: INTENT_DIRECT
[depth_angular_controller-1] [INFO] [1790680922.740026507] [depth_angular_controller]: TARGET_HOLD
[depth_angular_controller-1] [INFO] [1790680922.753219294] [depth_angular_controller]: STATE_OUTSIDE_FREE_DOMAIN
[depth_angular_controller-1] [INFO] [1790680922.855120635] [depth_angular_controller]: TARGET_HOLD
[depth_angular_controller-1] [INFO] [1790680923.075335135] [depth_angular_controller]: OUTSIDE_FLOW_BOX
[depth_angular_controller-1] [INFO] [1790680923.075374259] [depth_angular_controller]: PAPER_BUILD reason=READY required=0.0238 best=3.6217 free=74 refined=0 tubes=113 revoked_tubes=0 proofs=128
[depth_angular_controller-1] [INFO] [1790680923.075384428] [depth_angular_controller]: PAPER_EVIDENCE retained=32 balls=32 revoked_balls=0 expired_views=0 evicted_views=250 radius=0.580 clearance=0.000 best_prefix=3.622
[depth_angular_controller-1] [INFO] [1790680923.089310110] [depth_angular_controller]: STATE_OUTSIDE_FREE_DOMAIN
[depth_angular_controller-1] [INFO] [1790680923.168062642] [depth_angular_controller]: OUTSIDE_FLOW_BOX
[depth_angular_controller-1] [INFO] [1790680923.197355921] [depth_angular_controller]: TARGET_HOLD
[position_cmd_to_twist-2] [INFO] [1790680923.335301932] [position_cmd_to_twist]: [PERF BRIDGE] run=motion_cloud13 elapsed=92.59s received=3460 published=3456 fps(ros/wall)=46.18/44.08 controller_to_bridge_ms(mean/p50/p95/max)=10.530/0.000/33.333/116.667 bridge_process_ms(mean/p95/max)=0.109/0.135/2.921
[NAV] t=75.0s position=(-57.29,-9.22,5.06) yaw=365.7deg command=(0.09,-0.01,-0.05) manual_active=1 collision_blocks=0
[depth_angular_controller-1] [INFO] [1790680924.121979288] [depth_angular_controller]: PAPER_BUILD reason=READY required=0.3958 best=3.6217 free=76 refined=0 tubes=114 revoked_tubes=0 proofs=128
[depth_angular_controller-1] [INFO] [1790680924.122410007] [depth_angular_controller]: PAPER_EVIDENCE retained=32 balls=32 revoked_balls=0 expired_views=0 evicted_views=254 radius=0.580 clearance=0.667 best_prefix=3.622
[depth_angular_controller-1] [INFO] [1790680924.354769737] [depth_angular_controller]: INTENT_DIRECT
[depth_angular_controller-1] [INFO] [1790680925.163935023] [depth_angular_controller]: [PERF CTRL] run=motion_cloud13 elapsed=94.43s callbacks=3538 commands=3537 guidance=3487 command_fps(ros/wall)=46.15/44.09 guidance_wall_fps=43.96 avoid_ms(mean/p50/p95/max)=4.285/0.142/24.692/103.736 cycle_ms(mean/p95/max)=22.683/55.065/124.587 depth_to_cmd_ms(mean/p95/max)=28.243/33.333/50.000 callback_to_publish_ms(mean/p95/max)=16.056/37.917/117.299
[depth_angular_controller-1] [INFO] [1790680925.200112441] [depth_angular_controller]: PAPER_BUILD reason=READY required=0.6182 best=3.6217 free=239 refined=0 tubes=116 revoked_tubes=0 proofs=128
[depth_angular_controller-1] [INFO] [1790680925.200152977] [depth_angular_controller]: PAPER_EVIDENCE retained=32 balls=32 revoked_balls=0 expired_views=0 evicted_views=259 radius=0.580 clearance=0.667 best_prefix=3.622
[depth_angular_controller-1] [INFO] [1790680926.230634280] [depth_angular_controller]: PAPER_BUILD reason=READY required=0.6212 best=3.6217 free=287 refined=0 tubes=118 revoked_tubes=0 proofs=128
[depth_angular_controller-1] [INFO] [1790680926.230679255] [depth_angular_controller]: PAPER_EVIDENCE retained=32 balls=32 revoked_balls=0 expired_views=0 evicted_views=263 radius=0.580 clearance=0.667 best_prefix=3.622
[depth_angular_controller-1] [INFO] [1790680927.314930188] [depth_angular_controller]: PAPER_BUILD reason=READY required=0.6212 best=3.6217 free=352 refined=0 tubes=120 revoked_tubes=0 proofs=128
[depth_angular_controller-1] [INFO] [1790680927.314966787] [depth_angular_controller]: PAPER_EVIDENCE retained=32 balls=32 revoked_balls=0 expired_views=0 evicted_views=266 radius=0.580 clearance=0.667 best_prefix=3.622
[depth_angular_controller-1] [INFO] [1790680928.534757234] [depth_angular_controller]: PAPER_BUILD reason=READY required=0.6216 best=3.6217 free=257 refined=0 tubes=122 revoked_tubes=0 proofs=128
[depth_angular_controller-1] [INFO] [1790680928.534798271] [depth_angular_controller]: PAPER_EVIDENCE retained=32 balls=32 revoked_balls=0 expired_views=0 evicted_views=270 radius=0.580 clearance=0.667 best_prefix=3.622
[position_cmd_to_twist-2] [INFO] [1790680928.886553672] [position_cmd_to_twist]: [PERF BRIDGE] run=motion_cloud13 elapsed=98.15s received=3691 published=3687 fps(ros/wall)=46.19/43.92 controller_to_bridge_ms(mean/p50/p95/max)=10.652/0.000/33.333/116.667 bridge_process_ms(mean/p95/max)=0.109/0.136/2.921
[NAV] t=80.0s position=(-52.85,-9.55,4.22) yaw=360.0deg command=(0.89,-0.00,-0.00) manual_active=0 collision_blocks=0
[depth_angular_controller-1] [INFO] [1790680929.039055197] [depth_angular_controller]: ZERO_INTENT
[depth_angular_controller-1] [INFO] [1790680930.166607416] [depth_angular_controller]: [PERF CTRL] run=motion_cloud13 elapsed=99.44s callbacks=3755 commands=3754 guidance=3645 command_fps(ros/wall)=46.24/44.05 guidance_wall_fps=43.82 avoid_ms(mean/p50/p95/max)=4.320/0.144/24.784/103.736 cycle_ms(mean/p95/max)=22.704/55.337/124.587 depth_to_cmd_ms(mean/p95/max)=28.208/33.333/50.000 callback_to_publish_ms(mean/p95/max)=16.089/38.005/117.299
[MANUAL RESULT] TIMEOUT position=(-52.524,-9.546,4.218)
[PERF ISAAC FINAL] run=motion_cloud13 result=MANUAL_TIMEOUT wall=88.06s sim_frames=5043 fps(sim/wall)=60.02/57.27 command_changes=2851 collision_blocks=0 frame_interval_ms(mean/p50/p95/max)=17.395/15.824/18.385/80.166
[101.450s] Simulation App Shutting Down
[depth_angular_controller-1] [INFO] [1790680933.201410957] [rclcpp]: signal_handler(SIGINT/SIGTERM)
[depth_angular_controller-1] [INFO] [1790680933.202412837] [depth_angular_controller]: [PERF CTRL FINAL] run=motion_cloud13 elapsed=102.47s callbacks=3897 commands=3896 guidance=3645 command_fps(ros/wall)=46.37/44.43 guidance_wall_fps=43.82 avoid_ms(mean/p50/p95/max)=4.320/0.144/24.784/103.736 cycle_ms(mean/p95/max)=22.510/54.391/124.587 depth_to_cmd_ms(mean/p95/max)=28.208/33.333/50.000 callback_to_publish_ms(mean/p95/max)=15.961/37.827/117.299
[position_cmd_to_twist-2] [INFO] [1790680933.202600960] [position_cmd_to_twist]: [PERF BRIDGE FINAL] run=motion_cloud13 elapsed=102.46s received=3896 published=3892 fps(ros/wall)=46.37/44.38 controller_to_bridge_ms(mean/p50/p95/max)=10.489/0.000/33.333/116.667 bridge_process_ms(mean/p95/max)=0.110/0.136/2.921
[position_cmd_to_twist-2] Failed to publish log message to rosout: publisher's context is invalid, at ./src/rcl/publisher.c:389
[INFO] [depth_angular_controller-1]: process has finished cleanly [pid 42259]
[INFO] [position_cmd_to_twist-2]: process has finished cleanly [pid 42261]
