t,x,y,z,vx,vy,vz,qx,qy,qz,status,esdf_clearance_r048,collision_blocks,recorded_balls,revoked_balls,expired_views,evicted_views,build_reason,required_prefix,best_prefix,free_directions,recorded_tubes,grid_refined,command_changed,intent_change_angle,refreshed,continued,reset_reason,diagnostic_stamp,input_x,input_y,input_z,target_x,target_y,target_z,reference_intent_x,reference_intent_y,reference_intent_z,command_x,command_y,command_z,applied_target_x,applied_target_y,applied_target_z
0.0,-64.0,-11.2,2.8,0.0,0.0,0.0,0.0,0.0,0.0,WAITING_ODOMETRY,3.4576320838928183,0,,,,,,,,,,,,,,,,,,,,,,,,,,,,,0.0,0.0,0.0
0.016666666666666666,-64.0,-11.2,2.8,0.0,0.0,0.0,0.0,0.0,0.0,WAITING_VERIFIED_START_POSE,3.4576320838928183,0,,,,,,,,,,,,,,,,,,,,,,,,,,,,,0.0,0.0,0.0
0.03333333333333333,-64.0,-11.2,2.8,0.0,0.0,0.0,0.0,0.0,0.0,WAITING_VERIFIED_START_POSE,3.4576320838928183,0,,,,,,,,,,,,,,,,,,,,,,,,,,,,,0.0,0.0,0.0
0.05,-64.0,-11.2,2.8,0.0,0.0,0.0,0.0,0.0,0.0,ZERO_INTENT,3.4576320838928183,0,,,,,,,,,,,,,,,,,,,,,,,,,,,,,0.0,0.0,0.0
0.06666666666666667,-64.0,-11.2,2.8,0.0,0.0,0.0,0.0,0.0,0.0,ZERO_INTENT,3.4576320838928183,0,,,,,,,,,,,,,,,,,,,,,,,,,,,,,0.0,0.0,0.0
0.08333333333333333,-64.0,-11.2,2.8,0.0,0.0,0.0,0.0,0.0,0.0,ZERO_INTENT,3.4576320838928183,0,,,,,,,,,,,,,,,,,,,,,,,,,,,,,0.0,0.0,0.0
0.1,-64.0,-11.2,2.8,0.0,0.0,0.0,0.0,0.0,0.0,ZERO_INTENT,3.4576320838928183,0,,,,,,,,,,,,,,,,,,,,,,,,,,,,,0.0,0.0,0.0
0.11666666666666667,-64.0,-11.2,2.8,0.0,0.0,0.0,0.0,0.0,0.0,ZERO_INTENT,3.4576320838928183,0,,,,,,,,,,,,,,,,,,,,,,,,,,,,,0.0,0.0,0.0
0.13333333333333333,-64.0,-11.2,2.8,0.0,0.0,0.0,0.0,0.0,0.0,ZERO_INTENT,3.4576320838928183,0,,,,,,,,,,,,,,,,,,,,,,,,,,,,,0.0,0.0,0.0
0.15,-64.0,-11.2,2.8,0.0,0.0,0.0,0.0,0.0,0.0,ZERO_INTENT,3.4576320838928183,0,,,,,,,,,,,,,,,,,,,,,,,,,,,,,0.0,0.0,0.0
0.16666666666666666,-64.0,-11.2,2.8,0.0,0.0,0.0,0.0,0.0,0.0,ZERO_INTENT,3.4576320838928183,0,,,,,,,,,,,,,,,,,,,,,,,,,,,,,0.0,0.0,0.0
0.18333333333333332,-64.0,-11.2,2.8,0.0,0.0,0.0,0.0,0.0,0.0,ZERO_INTENT,3.4576320838928183,0,,,,,,,,,,,,,,,,,,,,,,,,,,,,,0.0,0.0,0.0
0.2,-64.0,-11.2,2.8,0.0,0.0,0.0,0.0,0.0,0.0,ZERO_INTENT,3.4576320838928183,0,,,,,,,,,,,,,,,,,,,,,,,,,,,,,0.0,0.0,0.0
0.21666666666666667,-64.0,-11.2,2.8,0.0,0.0,0.0,0.0,0.0,0.0,ZERO_INTENT,3.4576320838928183,0,,,,,,,,,,,,,,,,,,,,,,,,,,,,,0.0,0.0,0.0
0.23333333333333334,-64.0,-11.2,2.8,0.0,0.0,0.0,0.0,0.0,0.0,ZERO_INTENT,3.4576320838928183,0,,,,,,,,,,,,,,,,,,,,,,,,,,,,,0.0,0.0,0.0
0.25,-64.0,-11.2,2.8,0.0,0.0,0.0,0.0,0.0,0.0,ZERO_INTENT,3.4576320838928183,0,,,,,,,,,,,,,,,,,,,,,,,,,,,,,0.0,0.0,0.0
0.26666666666666666,-64.0,-11.2,2.8,0.0,0.0,0.0,0.0,0.0,0.0,ZERO_INTENT,3.4576320838928183,0,,,,,,,,,,,,,,,,,,,,,,,,,,,,,0.0,0.0,0.0
0.2833333333333333,-64.0,-11.2,2.8,0.0,0.0,0.0,0.0,0.0,0.0,ZERO_INTENT,3.4576320838928183,0,,,,,,,,,,,,,,,,,,,,,,,,,,,,,0.0,0.0,0.0
0.3,-64.0,-11.2,2.8,0.0,0.0,0.0,0.0,0.0,0.0,ZERO_INTENT,3.4576320838928183,0,,,,,,,,,,,,,,,,,,,,,,,,,,,,,0.0,0.0,0.0
0.31666666666666665,-64.0,-11.2,2.8,0.0,0.0,0.0,0.0,0.0,0.0,ZERO_INTENT,3.4576320838928183,0,,,,,,,,,,,,,,,,,,,,,,,,,,,,,0.0,0.0,0.0
0.3333333333333333,-64.0,-11.2,2.8,0.0,0.0,0.0,0.0,0.0,0.0,ZERO_INTENT,3.4576320838928183,0,,,,,,,,,,,,,,,,,,,,,,,,,,,,,0.0,0.0,0.0
0.35,-64.0,-11.2,2.8,0.0,0.0,0.0,0.0,0.0,0.0,ZERO_INTENT,3.4576320838928183,0,,,,,,,,,,,,,,,,,,,,,,,,,,,,,0.0,0.0,0.0
0.36666666666666664,-64.0,-11.2,2.8,0.0,0.0,0.0,0.0,0.0,0.0,ZERO_INTENT,3.4576320838928183,0,,,,,,,,,,,,,,,,,,,,,,,,,,,,,0.0,0.0,0.0
0.38333333333333336,-64.0,-11.2,2.8,0.0,0.0,0.0,0.0,0.0,0.0,ZERO_INTENT,3.4576320838928183,0,,,,,,,,,,,,,,,,,,,,,,,,,,,,,0.0,0.0,0.0
0.4,-64.0,-11.2,2.8,0.0,0.0,0.0,0.0,0.0,0.0,ZERO_INTENT,3.4576320838928183,0,,,,,,,,,,,,,,,,,,,,,,,,,,,,,0.0,0.0,0.0
0.4166666666666667,-64.0,-11.2,2.8,0.0,0.0,0.0,0.0,0.0,0.0,ZERO_INTENT,3.4576320838928183,0,,,,,,,,,,,,,,,,,,,,,,,,,,,,,0.0,0.0,0.0
0.43333333333333335,-64.0,-11.2,2.8,0.0,0.0,0.0,0.0,0.0,0.0,ZERO_INTENT,3.4576320838928183,0,,,,,,,,,,,,,,,,,,,,,,,,,,,,,0.0,0.0,0.0
0.45,-64.0,-11.2,2.8,0.0,0.0,0.0,0.0,0.0,0.0,ZERO_INTENT,3.4576320838928183,0,,,,,,,,,,,,,,,,,,,,,,,,,,,,,0.0,0.0,0.0
0.4666666666666667,-64.0,-11.2,2.8,0.0,0.0,0.0,0.0,0.0,0.0,ZERO_INTENT,3.4576320838928183,0,,,,,,,,,,,,,,,,,,,,,,,,,,,,,0.0,0.0,0.0
0.48333333333333334,-64.0,-11.2,2.8,0.0,0.0,0.0,0.0,0.0,0.0,ZERO_INTENT,3.4576320838928183,0,,,,,,,,,,,,,,,,,,,,,,,,,,,,,0.0,0.0,0.0
0.5,-64.0,-11.2,2.8,0.0,0.0,0.0,0.0,0.0,0.0,ZERO_INTENT,3.4576320838928183,0,,,,,,,,,,,,,,,,,,,,,,,,,,,,,0.0,0.0,0.0
0.5166666666666667,-64.0,-11.2,2.8,0.0,0.0,0.0,0.0,0.0,0.0,ZERO_INTENT,3.4576320838928183,0,,,,,,,,,,,,,,,,,,,,,,,,,,,,,0.0,0.0,0.0
0.5333333333333333,-64.0,-11.2,2.8,0.0,0.0,0.0,0.0,0.0,0.0,ZERO_INTENT,3.4576320838928183,0,,,,,,,,,,,,,,,,,,,,,,,,,,,,,0.0,0.0,0.0
0.55,-64.0,-11.2,2.8,0.0,0.0,0.0,0.0,0.0,0.0,ZERO_INTENT,3.4576320838928183,0,,,,,,,,,,,,,,,,,,,,,,,,,,,,,0.0,0.0,0.0
0.5666666666666667,-64.0,-11.2,2.8,0.0,0.0,0.0,0.0,0.0,0.0,ZERO_INTENT,3.4576320838928183,0,,,,,,,,,,,,,,,,,,,,,,,,,,,,,0.0,0.0,0.0
0.5833333333333334,-64.0,-11.2,2.8,0.0,0.0,0.0,0.0,0.0,0.0,ZERO_INTENT,3.4576320838928183,0,,,,,,,,,,,,,,,,,,,,,,,,,,,,,0.0,0.0,0.0
0.6,-64.0,-11.2,2.8,0.0,0.0,0.0,0.0,0.0,0.0,ZERO_INTENT,3.4576320838928183,0,,,,,,,,,,,,,,,,,,,,,,,,,,,,,0.0,0.0,0.0
0.6166666666666667,-64.0,-11.2,2.8,0.0,0.0,0.0,0.0,0.0,0.0,ZERO_INTENT,3.4576320838928183,0,,,,,,,,,,,,,,,,,,,,,,,,,,,,,0.0,0.0,0.0
0.6333333333333333,-64.0,-11.2,2.8,0.0,0.0,0.0,0.0,0.0,0.0,ZERO_INTENT,3.4576320838928183,0,,,,,,,,,,,,,,,,,,,,,,,,,,,,,0.0,0.0,0.0
0.65,-64.0,-11.2,2.8,0.0,0.0,0.0,0.0,0.0,0.0,ZERO_INTENT,3.4576320838928183,0,,,,,,,,,,,,,,,,,,,,,,,,,,,,,0.0,0.0,0.0
0.6666666666666666,-64.0,-11.2,2.8,0.0,0.0,0.0,0.0,0.0,0.0,ZERO_INTENT,3.4576320838928183,0,,,,,,,,,,,,,,,,,,,,,,,,,,,,,0.0,0.0,0.0
0.6833333333333333,-64.0,-11.2,2.8,0.0,0.0,0.0,0.0,0.0,0.0,ZERO_INTENT,3.4576320838928183,0,,,,,,,,,,,,,,,,,,,,,,,,,,,,,0.0,0.0,0.0
0.7,-64.0,-11.2,2.8,0.0,0.0,0.0,0.0,0.0,0.0,ZERO_INTENT,3.4576320838928183,0,,,,,,,,,,,,,,,,,,,,,,,,,,,,,0.0,0.0,0.0
0.7166666666666667,-64.0,-11.2,2.8,0.0,0.0,0.0,0.0,0.0,0.0,ZERO_INTENT,3.4576320838928183,0,,,,,,,,,,,,,,,,,,,,,,,,,,,,,0.0,0.0,0.0
0.7333333333333333,-64.0,-11.2,2.8,0.0,0.0,0.0,0.0,0.0,0.0,ZERO_INTENT,3.4576320838928183,0,,,,,,,,,,,,,,,,,,,,,,,,,,,,,0.0,0.0,0.0
0.75,-64.0,-11.2,2.8,0.0,0.0,0.0,0.0,0.0,0.0,ZERO_INTENT,3.4576320838928183,0,,,,,,,,,,,,,,,,,,,,,,,,,,,,,0.0,0.0,0.0
0.7666666666666667,-64.0,-11.2,2.8,0.0,0.0,0.0,0.0,0.0,0.0,ZERO_INTENT,3.4576320838928183,0,,,,,,,,,,,,,,,,,,,,,,,,,,,,,0.0,0.0,0.0
0.7833333333333333,-64.0,-11.2,2.8,0.0,0.0,0.0,0.0,0.0,0.0,ZERO_INTENT,3.4576320838928183,0,,,,,,,,,,,,,,,,,,,,,,,,,,,,,0.0,0.0,0.0
0.8,-64.0,-11.2,2.8,0.0,0.0,0.0,0.0,0.0,0.0,ZERO_INTENT,3.4576320838928183,0,,,,,,,,,,,,,,,,,,,,,,,,,,,,,0.0,0.0,0.0
0.8166666666666667,-64.0,-11.2,2.8,0.0,0.0,0.0,0.0,0.0,0.0,ZERO_INTENT,3.4576320838928183,0,,,,,,,,,,,,,,,,,,,,,,,,,,,,,0.0,0.0,0.0
0.8333333333333334,-64.0,-11.2,2.8,0.0,0.0,0.0,0.0,0.0,0.0,ZERO_INTENT,3.4576320838928183,0,,,,,,,,,,,,,,,,,,,,,,,,,,,,,0.0,0.0,0.0
0.85,-64.0,-11.2,2.8,0.0,0.0,0.0,0.0,0.0,0.0,ZERO_INTENT,3.4576320838928183,0,,,,,,,,,,,,,,,,,,,,,,,,,,,,,0.0,0.0,0.0
0.8666666666666667,-64.0,-11.2,2.8,0.0,0.0,0.0,0.0,0.0,0.0,ZERO_INTENT,3.4576320838928183,0,,,,,,,,,,,,,,,,,,,,,,,,,,,,,0.0,0.0,0.0
0.8833333333333333,-64.0,-11.2,2.8,0.0,0.0,0.0,0.0,0.0,0.0,ZERO_INTENT,3.4576320838928183,0,,,,,,,,,,,,,,,,,,,,,,,,,,,,,0.0,0.0,0.0
0.9,-64.0,-11.2,2.8,0.0,0.0,0.0,0.0,0.0,0.0,ZERO_INTENT,3.4576320838928183,0,,,,,,,,,,,,,,,,,,,,,,,,,,,,,0.0,0.0,0.0
0.9166666666666666,-64.0,-11.2,2.8,0.0,0.0,0.0,0.0,0.0,0.0,ZERO_INTENT,3.4576320838928183,0,,,,,,,,,,,,,,,,,,,,,,,,,,,,,0.0,0.0,0.0
0.9333333333333333,-64.0,-11.2,2.8,0.0,0.0,0.0,0.0,0.0,0.0,ZERO_INTENT,3.4576320838928183,0,,,,,,,,,,,,,,,,,,,,,,,,,,,,,0.0,0.0,0.0
0.95,-64.0,-11.2,2.8,0.0,0.0,0.0,0.0,0.0,0.0,ZERO_INTENT,3.4576320838928183,0,,,,,,,,,,,,,,,,,,,,,,,,,,,,,0.0,0.0,0.0
0.9666666666666667,-64.0,-11.2,2.8,0.0,0.0,0.0,0.0,0.0,0.0,ZERO_INTENT,3.4576320838928183,0,,,,,,,,,,,,,,,,,,,,,,,,,,,,,0.0,0.0,0.0
0.9833333333333333,-64.0,-11.2,2.8,0.0,0.0,0.0,0.0,0.0,0.0,ZERO_INTENT,3.4576320838928183,0,,,,,,,,,,,,,,,,,,,,,,,,,,,,,0.0,0.0,0.0
1.0,-64.0,-11.2,2.8,0.0,0.0,0.0,0.8,0.0,0.0,ZERO_INTENT,3.4576320838928183,0,,,,,,,,,,,,,,,,,,,,,,,,,,,,,0.0,0.0,0.0
1.0166666666666666,-63.9999978956229,-11.2,2.8,0.0001262626262626258,-6.41691626707801e-23,0.0,0.8,0.0,0.0,DEPTH_PROPOSAL_CERTIFIED,3.4576307187407473,0,1,0,0,0,FULL_MOTION_CERTIFICATE,0,0,0,0,0,0,0,0,0,,1.083333333,0.8,0,0,1,0,0,1,0,0,0.00166666666667,0,0,0.0016666666666666666,-8.470329472543003e-22,0.0
1.0333333333333334,-63.99999384629777,-11.199999994739063,2.8,0.00024295950748031027,3.156562368477478e-07,0.0,0.7999748251151726,0.006346588213296424,0.0,DEPTH_PROPOSAL_CERTIFIED,3.457628087073583,0,1,0,0,0,FULL_MOTION_CERTIFICATE,0,0,0,0,0,0,0,0,0,,1.1,0.8,0,0,1,0,0,1,0,0,0.0050000001,0,0,0.001666661458336046,4.166662326390231e-06,0.0
1.05,-63.99997747747849,-11.19999998758583,2.8,0.000982129156845625,4.2919392303224213e-07,0.0,0.7999983282884587,-0.0016354619137955357,0.0,DEPTH_PROPOSAL_CERTIFIED,3.457617461779222,0,2,0,0,0,FULL_MOTION_CERTIFICATE,0,0,0,1,0,0,0,0,0,,1.116666666,0.799999606646,0.0007933262572,0,0.999999508307,0.000991657821499,0,0.999999508307,0.000991657821499,0,0.0099999988791,1.81435369448e-06,0,0.0099999988791025,1.814353694483078e-06,0.0
1.0666666666666667,-63.99994972250525,-11.199999947118046,2.8,0.0016652983944514667,2.4280670486154956e-06,0.0,0.7999780574999618,-0.005925159794295224,0.0,DEPTH_PROPOSAL_CERTIFIED,3.4575994197413595,0,2,0,0,0,FULL_MOTION_CERTIFICATE,0,0,0,1,0,0,0,0,0,,1.133333333,0.799999716594,0.000673386171985,0,0.999999645743,0.000841732714981,0,0.999999645743,0.000841732714981,0,0.0166666639867,5.16153047371e-06,0,0.009999963093242767,2.6814319180731288e-05,0.0
1.0833333333333333,-63.99990302649589,-11.199999850589576,2.8,0.002801760561505419,5.791708250073634e-06,0.0,0.799993749819242,0.0031623172118221106,0.0,DEPTH_PROPOSAL_CERTIFIED,3.4575690392702656,0,2,0,0,0,FULL_MOTION_CERTIFICATE,0,0,0,1,0,0,0,0,0,,1.15,0.799999952743,0.000274974518643,0,0.999999940929,0.000343718148304,0,0.999999940929,0.000343718148304,0,0.024999995746,9.03023264675e-06,0,0.016666598999563693,4.682813090786309e-05,0.0
1.1,-63.99981567615199,-11.199999744769869,2.8,0.005241020634092857,6.349182356947099e-06,0.0,0.7999836779647751,0.005110282766250322,0.0,DEPTH_PROPOSAL_CERTIFIED,3.4575122770997164,0,2,0,0,0,FULL_MOTION_CERTIFICATE,0,0,0,1,0,0,0,0,0,,1.166666666,0.79999998052,0.000176544705488,0,0.99999997565,0.00022068088186,0,0.99999997565,0.00022068088186,0,0.0349999935197,1.31503664608e-05,0,0.03499999351965928,1.3150366460803293e-05,0.0
1.1166666666666667,-63.999690751526984,-11.1999995198832,2.8,0.007495477500362677,1.3493200210154925e-05,0.0,0.7999836779647751,0.005110282766250322,0.0,DEPTH_PROPOSAL_CERTIFIED,3.4574310315255623,0,2,0,0,0,FULL_MOTION_CERTIFICATE,0,0,0,1,0,0,0,0,0,,1.183333333,0.79999991871,0.00036064300011,0,0.999999898388,0.000450803750137,0,0.999999898388,0.000450803750137,0,0.0466666584439,1.80510236051e-05,0,0.03499985126885459,0.00010065021801929075,0.0
1.1333333333333333,-63.99951636858129,-11.199999141935555,2.8,0.01046297674148371,2.267685866224057e-05,0.0,0.7999874605235529,-0.0044791745977417865,0.0,DEPTH_PROPOSAL_CERTIFIED,3.4573175624114687,0,2,0,0,0,FULL_MOTION_CERTIFICATE,0,0,0,1,0,0,0,0,0,,1.2,0.799999687981,0.000706562390981,0,0.999999609976,0.000883202988727,0,0.999999609976,0.000883202988727,0,0.0599999890611,2.48138846372e-05,0,0.04666646748316046,0.00013471749177768587,0.0
1.15,-63.99927943921794,-11.199998571896035,2.8,0.014215761800964169,3.420237114970364e-05,0.0,0.7999902184266015,-0.003956061394694447,0.0,DEPTH_PROPOSAL_CERTIFIED,3.457163344136851,0,2,0,0,0,FULL_MOTION_CERTIFICATE,0,0,0,1,0,0,0,0,0,,1.216666666,0.799999727967,0.000659736925099,0,0.999999659959,0.000824671156374,0,0.999999659959,0.000824671156374,0,0.0749999845218,3.32990763974e-05,0,0.059999739526625934,0.00017481362349675358,0.0
1.1666666666666667,-63.99896576249967,-11.199997766255043,2.8,0.018820603096296473,4.833845957244822e-05,0.0,0.7999811032033769,0.005498592320597177,0.0,DEPTH_PROPOSAL_CERTIFIED,3.4569591253950707,0,2,0,0,0,FULL_MOTION_CERTIFICATE,0,0,0,1,0,0,0,0,0,,1.233333333,0.799999898258,0.000403469526834,0,0.999999872822,0.000504336908542,0,0.999999872822,0.000504336908542,0,0.0916666474257,4.2580135644e-05,0,0.07499966689935,0.0002207987383299303,0.0
1.1833333333333333,-63.9985601089488,-11.19999667853334,2.8,0.024339213052439614,6.526330221320134e-05,0.0,0.7999959704844741,0.002539135404908365,0.0,DEPTH_PROPOSAL_CERTIFIED,3.4566949854068407,0,2,0,0,0,FULL_MOTION_CERTIFICATE,0,0,0,1,0,0,0,0,0,,1.25,0.799999843715,0.000500055431401,0,0.999999804644,0.000625069289251,0,0.999999804644,0.000625069289251,0,0.109999976644,5.30435405416e-05,0,0.09166625451738618,0.0002717463824303901,0.0
1.2,-63.9980462984696,-11.199995259019051,2.8,0.030828628751889825,8.517085734337926e-05,0.0,0.7999763384171233,-0.006152883286079066,0.0,DEPTH_PROPOSAL_CERTIFIED,3.456360384431066,0,2,0,0,0,FULL_MOTION_CERTIFICATE,0,0,0,1,0,0,0,0,0,,1.266666666,0.799999728427,0.000659179390211,0,0.999999660533,0.000823974237764,0,0.999999660533,0.000823974237764,0,0.129999970214,6.54050139665e-05,0,0.10999950028518272,0.0003280430299315508,0.0
1.2166666666666666,-63.99737991475454,-11.199993847932932,2.8,0.039983022903891226,8.466516716578118e-05,0.0,0.7999763384171233,-0.006152883286079066,0.0,DEPTH_PROPOSAL_CERTIFIED,3.4559268191831296,0,2,0,0,0,FULL_MOTION_CERTIFICATE,0,0,0,1,0,0,0,0,0,,1.283333333,0.799999890253,0.000419040749823,0,0.999999862816,0.000523800937279,0,0.999999862816,0.000523800937279,0,0.151666631558,7.84957469991e-05,0,0.15166663155830878,7.849574699908459e-05,0.0
1.2333333333333334,-63.996572517228294,-11.199991965891613,2.8,0.048443851574897195,0.00011292247917070024,0.0,0.7999994316618992,-0.0009535935393926659,0.0,DEPTH_PROPOSAL_CERTIFIED,3.455401357180588,0,2,0,0,0,FULL_MOTION_CERTIFICATE,0,0,0,1,0,0,0,0,0,,1.3,0.799999998389,-5.07695157434e-05,0,0.999999997986,-6.34618946792e-05,0,0.999999997986,-6.34618946792e-05,0,0.174999958536,8.96713938357e-05,0,0.15166596136116894,0.00045766168563070916,0.0
1.25,-63.99560532761125,-11.199989560809794,2.8,0.05803137702246289,0.00014430490909889468,0.0,0.7999744107388347,0.0063986063368699116,0.0,DEPTH_PROPOSAL_CERTIFIED,3.454771774541712,0,2,0,0,0,FULL_MOTION_CERTIFICATE,0,0,0,1,0,0,0,0,0,,1.316666666,0.799999909959,-0.000379559741793,0,0.999999887449,-0.000474449677241,0,0.999999887449,-0.000474449677241,0,0.199999945552,9.67264085089e-05,0,0.17499918748276477,0.0005271705542228685,0.0
1.2666666666666666,-63.99445888584558,-11.19998658448992,2.8,0.0687865059402357,0.0001785791924464637,0.0,0.7999996978711265,-0.0006952741231880798,0.0,DEPTH_PROPOSAL_CERTIFIED,3.4540254105438137,0,2,0,0,0,FULL_MOTION_CERTIFICATE,0,0,0,1,0,0,0,0,0,,1.333333333,0.799999962871,-0.000243732770065,0,0.999999953589,-0.000304665962581,0,0.999999953589,-0.000304665962581,0,0.226666597524,0.000100475621285,0,0.19999907873706468,0.0005967254492868076,0.0
1.2833333333333334,-63.99311310174145,-11.19998299129881,2.8,0.08074704624797299,0.00021559146656648906,0.0,0.7999758236809604,-0.00621944740060979,0.0,DEPTH_PROPOSAL_CERTIFIED,3.45314920034508,0,2,0,0,0,FULL_MOTION_CERTIFICATE,0,0,0,1,0,0,0,0,0,,1.35,0.799999978871,-0.000183864166553,0,0.999999973589,-0.000229830208191,0,0.999999973589,-0.000229830208191,0,0.254999913621,0.000101276482308,0,0.2266656380023663,0.0006671412108307934,0.0
1.3,-63.991509422639794,-11.199979548819229,2.8,0.09622074609938963,0.00020654877492515592,0.0,0.7999966995759886,0.0022979703056215063,0.0,DEPTH_PROPOSAL_CERTIFIED,3.4521058567796445,0,2,0,0,0,FULL_MOTION_CERTIFICATE,0,0,0,1,0,0,0,0,0,,1.366666666,0.799999875843,-0.00044570252637,0,0.999999844804,-0.000557128157963,0,0.999999844804,-0.000557128157963,0,0.284999884287,9.62279369009e-05,0,0.28499988428667344,9.622793690089101e-05,0.0
1.3166666666666667,-63.9896673874687,-11.199975346014105,2.8,0.11052211026556516,0.0002521683074852544,0.0,0.7999966995759886,0.0022979703056215063,0.0,DEPTH_PROPOSAL_CERTIFIED,3.4509072507844762,0,2,0,0,0,FULL_MOTION_CERTIFICATE,0,0,0,1,0,0,0,0,0,,1.383333333,0.799999862754,-0.000468608711089,0,0.999999828442,-0.000585760888862,0,0.999999828442,-0.000585760888862,0,0.31666650888,8.42019397139e-05,0,0.28499875309290723,0.0008087266047184585,0.0
1.3333333333333333,-63.98756507048128,-11.199970355710475,2.8,0.12613901924493437,0.0002994182178372275,0.0,0.7999802081810143,0.005627301188052696,0.0,DEPTH_PROPOSAL_CERTIFIED,3.449539152597005,0,2,0,0,0,FULL_MOTION_CERTIFICATE,0,0,0,1,0,0,0,0,0,,1.4,0.799999925245,-0.000345844346216,0,0.999999906556,-0.00043230543277,0,0.999999906556,-0.00043230543277,0,0.349999785837,6.52550723149e-05,0,0.3166653087932394,0.0008758671241313014,0.0
1.35,-63.98513705691493,-11.19996566507174,2.8,0.1456808139811708,0.00028143832405770175,0.0,0.7999912199560546,-0.0037480652640345894,0.0,DEPTH_PROPOSAL_CERTIFIED,3.4479601044355537,0,2,0,0,0,FULL_MOTION_CERTIFICATE,0,0,0,1,0,0,0,0,0,,1.416666666,0.799999999658,2.33918993902e-05,0,0.999999999573,2.92398742378e-05,0,0.999999999573,2.92398742378e-05,0,0.384090709763,6.20836199475e-05,0,0.3840907097632529,6.208361994749015e-05,0.0
1.3666666666666667,-63.98240802246437,-11.19996003898998,2.8,0.16374206703347005,0.00033756490557670157,0.0,0.7999864189975782,-0.004661482535774089,0.0,DEPTH_PROPOSAL_CERTIFIED,3.446185042576534,0,2,0,0,0,FULL_MOTION_CERTIFICATE,0,0,0,1,0,0,0,0,0,,1.433333333,0.799999997711,6.05123773995e-05,0,0.999999997139,7.56404717494e-05,0,0.999999997139,7.56404717494e-05,0,0.416514970165,6.08819928304e-05,0,0.38408935427152185,0.0010223092001085017,0.0
1.3833333333333333,-63.97935983214346,-11.199953447500093,2.8,0.18289141925455643,0.00039548939328401935,0.0,0.7999846903265964,0.004949266921457071,0.0,DEPTH_PROPOSAL_CERTIFIED,3.4442022075275402,0,2,0,0,0,FULL_MOTION_CERTIFICATE,0,0,0,1,0,0,0,0,0,,1.45,0.799999985897,-0.000150217604317,0,0.999999982371,-0.000187772005396,0,0.999999982371,-0.000187772005396,0,0.447272579864,5.23706455696e-05,0,0.416513516351811,0.0011021681433132993,0.0
1.4,-63.97597830992161,-11.199945878806783,2.8,0.20289133331098425,0.0004541215985867956,0.0,0.7999928338413868,0.0033861190805209193,0.0,DEPTH_PROPOSAL_CERTIFIED,3.442002429111137,0,2,0,0,0,FULL_MOTION_CERTIFICATE,0,0,0,1,0,0,0,0,0,,1.466666666,0.799999999582,-2.58694072967e-05,0,0.999999999477,-3.23367591208e-05,0,0.999999999477,-3.23367591208e-05,0,0.476363521525,4.49264343317e-05,0,0.4472710512110078,0.001170550766798329,0.0
1.4166666666666667,-63.97226345572824,-11.199937357288196,2.8,0.2228912516019766,0.0005112911152657484,0.0,0.7999928338413868,0.0033861190805209193,0.0,DEPTH_PROPOSAL_CERTIFIED,3.4395857677054185,0,2,0,0,0,FULL_MOTION_CERTIFICATE,0,0,0,1,0,0,0,0,0,,1.483333333,0.799999970339,0.000217847155714,0,0.999999962924,0.000272308944642,0,0.999999962924,0.000272308944642,0,0.503787815016,4.49696214227e-05,0,0.4763619205735459,0.0012358338572189438,0.0
1.4333333333333333,-63.96821526856719,-11.199929329500778,2.8,0.24289122966262236,0.00048166724506543325,0.0,0.799978816261072,-0.005821815312600414,0.0,DEPTH_PROPOSAL_CERTIFIED,3.4369534781107935,0,2,0,0,0,FULL_MOTION_CERTIFICATE,0,0,0,1,0,0,0,0,0,,1.5,0.799999829868,0.00052173886417,0,0.999999787335,0.000652173580213,0,0.999999787335,0.000652173580213,0,0.529545485434,5.70763560357e-05,0,0.5295454854341832,5.7076356035704046e-05,0.0
1.45,-63.96383374971309,-11.199920256002411,2.8,0.2628911312463552,0.0005444099019751597,0.0,0.7999977771183996,-0.001885896502881109,0.0,DEPTH_PROPOSAL_CERTIFIED,3.434104291407766,0,2,0,0,0,FULL_MOTION_CERTIFICATE,0,0,0,1,0,0,0,0,0,,1.516666666,0.799999903807,0.000392312469979,0,0.999999879759,0.000490390587474,0,0.999999879759,0.000490390587474,0,0.553636493075,7.33871315826e-05,0,0.5295436879146617,0.001380938512233365,0.0
1.4666666666666666,-63.95911889916938,-11.199910135690788,2.8,0.28289103262249227,0.0006072186974402087,0.0,0.7999751320853434,0.006307776552593628,0.0,DEPTH_PROPOSAL_CERTIFIED,3.4310382586164416,0,2,0,0,0,FULL_MOTION_CERTIFICATE,0,0,0,1,0,0,0,0,0,,1.533333333,0.79999997462,0.00020151330344,0,0.999999968275,0.0002518916293,0,0.999999968275,0.0002518916293,0,0.576060836663,8.76697429513e-05,0,0.5536345794945255,0.001457476693174982,0.0
1.4833333333333334,-63.95407071693579,-11.199898968655669,2.8,0.30289093401554273,0.0006700221071103481,0.0,0.7999999576079059,0.000260436842438942,0.0,DEPTH_PROPOSAL_CERTIFIED,3.4277554365239893,0,2,0,0,0,FULL_MOTION_CERTIFICATE,0,0,0,1,0,0,0,0,0,,1.55,0.799999906086,0.000387636901454,0,0.999999882608,0.000484546126818,0,0.999999882608,0.000484546126818,0,0.596818515509,0.000104529675732,0,0.5760588172992808,0.0015278200604819936,0.0
1.5,-63.948689203025054,-11.199886750846897,2.8,0.32289083464402146,0.0007330685263138299,0.0,0.799974600113373,-0.006374886151864595,0.0,DEPTH_PROPOSAL_CERTIFIED,3.4242558834006895,0,2,0,0,0,FULL_MOTION_CERTIFICATE,0,0,0,1,0,0,0,0,0,,1.566666666,0.799999847509,0.000493948707208,0,0.999999809386,0.000617435884009,0,0.999999809386,0.000617435884009,0,0.615909531204,0.000125316638278,0,0.5968163891285074,0.0015965740836356296,0.0
1.5166666666666666,-63.94297435638583,-11.1998751680416,2.8,0.3428907983533411,0.0006949683177210599,0.0,0.799974600113373,-0.006374886151864595,0.0,DEPTH_PROPOSAL_CERTIFIED,3.4205409804601112,0,2,0,0,0,FULL_MOTION_CERTIFICATE,0,0,0,1,0,0,0,0,0,,1.583333333,0.799999970009,0.000219057930118,0,0.999999962511,0.000273822412648,0,0.999999962511,0.000273822412648,0,0.633333887207,0.000141670200261,0,0.6333338872067898,0.0001416702002605616,0.0
1.5333333333333334,-63.93692617850948,-11.199862403092716,2.8,0.36289067258123403,0.0007658969330414736,0.0,0.7999988057475188,0.0013823178157556452,0.0,DEPTH_PROPOSAL_CERTIFIED,3.4166093372449096,0,2,0,0,0,FULL_MOTION_CERTIFICATE,0,0,0,1,0,0,0,0,0,,1.6,0.799999953466,-0.000272863003824,0,0.999999941833,-0.00034107875478,0,0.999999941833,-0.00034107875478,0,0.649091659028,0.000141435652583,0,0.6333315538642914,0.0017250028262519104,0.0
1.55,-63.930544668063945,-11.199850351890506,2.8,0.38289062673209323,0.0007230721326625792,0.0,0.7999773592969535,0.006018688584159348,0.0,DEPTH_PROPOSAL_CERTIFIED,3.412462456581634,0,2,0,0,0,FULL_MOTION_CERTIFICATE,0,0,0,1,0,0,0,0,0,,1.616666666,0.799999850728,-0.000488707826509,0,0.99999981341,-0.000610884783136,0,0.99999981341,-0.000610884783136,0,0.663182863877,0.000122897801614,0,0.663182863877076,0.00012289780161432728,0.0
1.5666666666666667,-63.923829826658746,-11.19983704273674,2.8,0.402890484311796,0.0007985492258889601,0.0,0.7999946224131356,-0.002933276336251173,0.0,DEPTH_PROPOSAL_CERTIFIED,3.4080988831097723,0,2,0,0,0,FULL_MOTION_CERTIFICATE,0,0,0,1,0,0,0,0,0,,1.633333333,0.799999944525,-0.00029792710719,0,0.999999930656,-0.000372408883988,0,0.999999930656,-0.000372408883988,0,0.675607413523,9.83920870885e-05,0,0.6631804841875217,0.001780852850213406,0.0
1.5833333333333333,-63.91678165411149,-11.19982252492879,2.8,0.42289035283531895,0.0008710684770934353,0.0,0.7999826889327131,-0.005262832696004556,0.0,DEPTH_PROPOSAL_CERTIFIED,3.4035187401805715,0,2,0,0,0,FULL_MOTION_CERTIFICATE,0,0,0,1,0,0,0,0,0,,1.65,0.799999938903,-0.000312657347622,0,0.999999923629,-0.000390821684527,0,0.999999923629,-0.000390821684527,0,0.686365300508,7.02016791455e-05,0,0.6756050562707338,0.001787408554026558,0.0
1.6,-63.90940014983111,-11.199809039981133,2.8,0.44289025682305355,0.0008090968593558659,0.0,0.799988500324558,0.004289446172263251,0.0,DEPTH_PROPOSAL_CERTIFIED,3.398723696530506,0,2,0,0,0,FULL_MOTION_CERTIFICATE,0,0,0,1,0,0,0,0,0,,1.666666666,0.799999799762,-0.000566022482759,0,0.999999749702,-0.000707528103448,0,0.999999749702,-0.000707528103448,0,0.695456592535,2.64958818864e-05,0,0.6954565925346303,2.649588188640556e-05,0.0
1.6166666666666667,-63.9016997514899,-11.19979434791402,2.8,0.46202390047238845,0.0008815240267788387,0.0,0.799988500324558,0.004289446172263251,0.0,DEPTH_PROPOSAL_CERTIFIED,3.3937215525142337,0,2,0,0,0,FULL_MOTION_CERTIFICATE,0,0,0,1,0,0,0,0,0,,1.683333333,0.79999985629,-0.000479516627231,0,0.999999820362,-0.000599395784038,0,0.999999820362,-0.000599395784038,0,0.703376536917,-1.1838399874e-05,0,0.6954543529942749,0.0017651354693391103,0.0
1.6333333333333333,-63.893685372600494,-11.199780801032357,2.8,0.4808627333644896,0.0008128128997598005,0.0,0.7999891969044404,0.004157503600561982,0.0,DEPTH_PROPOSAL_CERTIFIED,3.3885171604041933,0,2,0,0,0,FULL_MOTION_CERTIFICATE,0,0,0,1,0,0,0,0,0,,1.7,0.799999977036,-0.000191681136257,0,0.999999971296,-0.000239601420322,0,0.999999971296,-0.000239601420322,0,0.710696494648,-2.54628498725e-05,0,0.7106964946481242,-2.546284987246794e-05,0.0
1.65,-63.88538080229188,-11.199766069221761,2.8,0.4982742185171641,0.0008839086358043344,0.0,0.7999820386100102,-0.005360774325814707,0.0,DEPTH_PROPOSAL_CERTIFIED,3.3831243935700637,0,2,0,0,0,FULL_MOTION_CERTIFICATE,0,0,0,1,0,0,0,0,0,,1.716666666,0.799999975691,0.000197216760604,0,0.999999969614,0.000246520950755,0,0.999999969614,0.000246520950755,0,0.717461909608,-8.59318308691e-06,0,0.7106943373797936,0.0017512766155476506,0.0
1.6666666666666667,-63.87679948265181,-11.199750199594101,2.8,0.5148791784040201,0.0009521776595613548,0.0,0.7999951832996933,-0.002776093890725837,0.0,DEPTH_PROPOSAL_CERTIFIED,3.3775520905435985,0,2,0,0,0,FULL_MOTION_CERTIFICATE,0,0,0,1,0,0,0,0,0,,1.733333333,0.799999984396,0.000158007253609,0,0.999999980495,0.000197509067012,0,0.999999980495,0.000197509067012,0,0.723714794187,4.02806236978e-06,0,0.7174596890236616,0.0017850597493969944,0.0
1.6833333333333333,-63.867954484546964,-11.199733242674155,2.8,0.5306998862907628,0.0010174151967594026,0.0,0.7999769250980466,0.006076126288546552,0.0,DEPTH_PROPOSAL_CERTIFIED,3.371808850153639,0,2,0,0,0,FULL_MOTION_CERTIFICATE,0,0,0,1,0,0,0,0,0,,1.75,0.79999999993,-1.06061038084e-05,0,0.999999999912,-1.32576297605e-05,0,0.999999999912,-1.32576297605e-05,0,0.729493976556,2.91941339472e-06,0,0.7237125225090241,0.0018133131505755906,0.0
1.7,-63.85885848669048,-11.199715263990004,2.8,0.5457598713891555,0.0010787210489698366,0.0,0.7999990844330802,0.001210333108520096,0.0,DEPTH_PROPOSAL_CERTIFIED,3.365903023879426,0,2,0,0,0,FULL_MOTION_CERTIFICATE,0,0,0,1,0,0,0,0,0,,1.766666666,0.799999977916,0.000187973802731,0,0.999999972395,0.000234967253414,0,0.999999972395,0.000234967253414,0,0.734835340081,1.69386847534e-05,0,0.7294916895895471,0.0018266524459371325,0.0
1.7166666666666666,-63.84951752396106,-11.199698593260075,2.8,0.5604577637651451,0.0010002437957429065,0.0,0.7999990844330802,0.001210333108520096,0.0,DEPTH_PROPOSAL_CERTIFIED,3.3598399393531686,0,2,0,0,0,FULL_MOTION_CERTIFICATE,0,0,0,1,0,0,0,0,0,,1.783333333,0.799999919634,0.000358589283318,0,0.999999899542,0.000448236604147,0,0.999999899542,0.000448236604147,0,0.739772050752,4.28213063744e-05,0,0.7397720507522194,4.2821306374354884e-05,0.0
1.7333333333333334,-63.83995015735772,-11.199680796260479,2.8,0.5740419962005593,0.0010678199758342992,0.0,0.7999744954518943,-0.006388006456429451,0.0,DEPTH_PROPOSAL_CERTIFIED,3.3536302396193007,0,2,0,0,0,FULL_MOTION_CERTIFICATE,0,0,0,1,0,0,0,0,0,,1.8,0.799999841327,0.000503862549565,0,0.999999801658,0.000629828186956,0,0.999999801658,0.000629828186956,0,0.744334762251,7.77486739813e-05,0,0.7397696319126104,0.0018922493729492812,0.0
1.75,-63.83016777781797,-11.199661899812115,2.8,0.5869427723849273,0.0011337869017765652,0.0,0.7999998812974276,0.0004358028244262384,0.0,DEPTH_PROPOSAL_CERTIFIED,3.347281420545707,0,3,0,0,0,FULL_MOTION_CERTIFICATE,0,0,0,1,0,0,0,0,0,,1.816666666,0.799999960498,0.000251403680259,0,0.999999950622,0.000314254600323,0,0.999999950622,0.000314254600323,0,0.748551822555,9.09043557488e-05,0,0.744332241834218,0.0019385833982722145,0.0
1.7666666666666666,-63.82018134968771,-11.199641957284488,2.8,0.5991856878157144,0.001196551657604683,0.0,0.7999753842990017,0.0062757083795040945,0.0,DEPTH_PROPOSAL_CERTIFIED,3.340800713874117,0,3,0,0,0,FULL_MOTION_CERTIFICATE,0,0,0,1,0,0,0,0,0,,1.833333333,0.799999992739,0.000107787737272,0,0.999999990923,0.00013473467159,0,0.999999990923,0.00013473467159,0,0.752449411283,9.21833998291e-05,0,0.7485492560713163,0.001962281678707725,0.0
1.7833333333333334,-63.81000141001501,-11.199621034008095,2.8,0.6107963803616424,0.0012553965835786934,0.0,0.799997365744851,-0.0020529981244894603,0.0,DEPTH_PROPOSAL_CERTIFIED,3.3341950764107633,0,3,0,0,0,FULL_MOTION_CERTIFICATE,0,0,0,1,0,0,0,0,0,,1.85,0.799999933781,0.000325499120137,0,0.999999917227,0.000406873900171,0,0.999999917227,0.000406873900171,0,0.756051723666,0.000109858833539,0,0.7524468294219626,0.0019733046804616128,0.0
1.8,-63.799633863331486,-11.199601535128382,2.8,0.622052801011614,0.0011699327828048496,0.0,0.7999793594712916,-0.005746687733120931,0.0,DEPTH_PROPOSAL_CERTIFIED,3.3274695214010377,0,3,0,0,0,FULL_MOTION_CERTIFICATE,0,0,0,1,0,0,0,0,0,,1.866666666,0.799999927859,0.00033974449642,0,0.999999909823,0.000424680620525,0,0.999999909823,0.000424680620525,0,0.759381132941,0.000127274413364,0,0.7593811329412681,0.00012727441336395084,0.0
1.8166666666666667,-63.789092925687505,-11.199580955703103,2.8,0.6324562586388222,0.0012347655167158718,0.0,0.7999793594712916,-0.005746687733120931,0.0,DEPTH_PROPOSAL_CERTIFIED,3.3206321040726903,0,3,0,0,0,FULL_MOTION_CERTIFICATE,0,0,0,1,0,0,0,0,0,,1.883333333,0.799999998572,4.77964256312e-05,0,0.999999998215,5.9745532039e-05,0,0.999999998215,5.9745532039e-05,0,0.762458319793,0.000121253353567,0,0.7593784416907617,0.0020257248704303454,0.0
1.8333333333333333,-63.778387847418095,-11.199559375480764,2.8,0.6423046961645899,0.0012948133403407997,0.0,0.7999921948588753,0.0035338597707513224,0.0,DEPTH_PROPOSAL_CERTIFIED,3.3136889504993037,0,3,0,0,0,FULL_MOTION_CERTIFICATE,0,0,0,1,0,0,0,0,0,,1.9,0.799999892378,-0.000414963143926,0,0.999999865473,-0.000518703929907,0,0.999999865473,-0.000518703929907,0,0.765302378379,8.06308908231e-05,0,0.7624556339789564,0.0020273967885649224,0.0
1.85,-63.76752747231905,-11.199536912592704,2.8,0.651622505942531,0.0013477732836350688,0.0,0.7999853826454548,0.0048360679901335146,0.0,DEPTH_PROPOSAL_CERTIFIED,3.306645930844058,0,3,0,0,0,FULL_MOTION_CERTIFICATE,0,0,0,1,0,0,0,0,0,,1.916666666,0.799999843812,-0.000499901079995,0,0.999999804765,-0.000624876349993,0,0.999999804765,-0.000624876349993,0,0.76793097414,3.66511978233e-05,0,0.7652997852334114,0.0019938845918251458,0.0
1.8666666666666667,-63.75652024623922,-11.199513681139953,2.8,0.6604335647900014,0.0013938871650883977,0.0,0.7999857193125554,-0.004780051879790257,0.0,DEPTH_PROPOSAL_CERTIFIED,3.2995086446298343,0,3,0,0,0,FULL_MOTION_CERTIFICATE,0,0,0,1,0,0,0,0,0,,1.933333333,0.79999994824,-0.000287778237598,0,0.9999999353,-0.000359722796998,0,0.9999999353,-0.000359722796998,0,0.770360441924,1.20732097998e-05,0,0.7679284827291408,0.001956476518819014,0.0
1.8833333333333333,-63.745374226675075,-11.199489762711059,2.8,0.6687611738487422,0.001435105733697874,0.0,0.7999918805468378,-0.0036043111871847003,0.0,DEPTH_PROPOSAL_CERTIFIED,3.2922824175793672,0,3,0,0,0,FULL_MOTION_CERTIFICATE,0,0,0,1,0,0,0,0,0,,1.95,0.799999909132,-0.000381298249887,0,0.999999886415,-0.000476622812359,0,0.999999886415,-0.000476622812359,0,0.772605856151,-1.77276589543e-05,0,0.7703580043653805,0.0019379722707334873,0.0
1.9,-63.73409709308034,-11.19946523988912,2.8,0.6766280156842882,0.0014713693163592482,0.0,0.7999796305544841,0.00570882631643807,0.0,DEPTH_PROPOSAL_CERTIFIED,3.2849723222858476,0,3,0,0,0,FULL_MOTION_CERTIFICATE,0,0,0,1,0,0,0,0,0,,1.966666666,0.799999777219,-0.00059703362628,0,0.999999721524,-0.000746292032851,0,0.999999721524,-0.000746292032851,0,0.774681153119,-6.16144729054e-05,0,0.7726034860779499,0.0019137850248280158,0.0
1.9166666666666667,-63.722696157881316,-11.199440207323155,2.8,0.6840561119413264,0.0015019539579258082,0.0,0.7999796305544841,0.00570882631643807,0.0,DEPTH_PROPOSAL_CERTIFIED,3.277583188045617,0,3,0,0,0,FULL_MOTION_CERTIFICATE,0,0,0,1,0,0,0,0,0,,1.983333333,0.799999891768,-0.000416139374509,0,0.999999864709,-0.000520174218136,0,0.999999864709,-0.000520174218136,0,0.776599239418,-8.84724205337e-05,0,0.7746788862771922,0.0018750865850378357,0.0
1.9333333333333333,-63.711176136934306,-11.199417174814249,2.8,0.6912012568204176,0.0013819505343575572,0.0,0.7999971558882115,0.0021332066877585484,0.0,DEPTH_PROPOSAL_CERTIFIED,3.2701187635337927,0,3,0,0,0,FULL_MOTION_CERTIFICATE,0,0,0,1,0,0,0,0,0,,2,0.799999999989,-4.24074908501e-06,0,0.999999999986,-5.30093635627e-06,0,0.999999999986,-5.30093635627e-06,0,0.778372024345,-8.20912331751e-05,0,0.7783720243453297,-8.209123317511058e-05,0.0
1.95,-63.69954605469899,-11.199393533862764,2.8,0.6978049341190139,0.0014184570891193596,0.0,0.7999755189906183,-0.006258515454254498,0.0,DEPTH_PROPOSAL_CERTIFIED,3.2625841613491793,0,3,0,0,0,FULL_MOTION_CERTIFICATE,0,0,0,1,0,0,0,0,0,,2.016666666,0.799999923225,0.000350485598549,0,0.999999904031,0.000438106998186,0,0.999999904031,0.000438106998186,0,0.780010501468,-4.93202623856e-05,0,0.7783697971618897,0.0018638370572133522,0.0
1.9666666666666666,-63.687810265493184,-11.199371718615138,2.8,0.704147352348595,0.0013089148576016813,0.0,0.799999830712423,-0.0005204422105780872,0.0,DEPTH_PROPOSAL_CERTIFIED,3.254982752356644,0,3,0,0,0,FULL_MOTION_CERTIFICATE,0,0,0,1,0,0,0,0,0,,2.033333333,0.799999964388,0.000238702352079,0,0.999999955485,0.000298377940099,0,0.999999955485,0.000298377940099,0,0.781524854749,-2.7500366914e-05,0,0.7815248547494849,-2.750036691399893e-05,0.0
1.9833333333333334,-63.675976780417564,-11.199349123828418,2.8,0.7100091045370676,0.0013556872032892816,0.0,0.7999744585702802,0.006392623498004102,0.0,DEPTH_PROPOSAL_CERTIFIED,3.2473191408368303,0,4,0,0,0,FULL_MOTION_CERTIFICATE,0,0,0,1,0,0,0,0,0,,2.049999999,0.799999988846,0.000133591764528,0,0.999999986057,0.00016698970566,0,0.999999986057,0.00016698970566,0,0.782924486064,-1.52964180505e-05,0,0.7815224812364314,0.0019263098206779988,0.0
2.0,-63.66405123350719,-11.199325788731592,2.8,0.7155328146227209,0.0014001058095587857,0.0,0.7999992063329584,-0.001126883595016489,0.0,DEPTH_PROPOSAL_CERTIFIED,3.239597056808739,0,4,0,0,0,FULL_MOTION_CERTIFICATE,0,0,0,1,0,0,0,0,0,,2.066666666,0.799999910179,0.000379096025464,0,0.999999887724,0.00047387003183,0,0.999999887724,0.00047387003183,0,0.784218078826,1.45817979649e-05,0,0.7829220776676913,0.0019420128060467362,0.0
2.0166666666666666,-63.65203745319455,-11.199304161074416,2.8,0.7208268187583005,0.001297659430543691,0.0,0.7999992063329584,-0.001126883595016489,0.0,DEPTH_PROPOSAL_CERTIFIED,3.2318193425058577,0,4,0,0,0,FULL_MOTION_CERTIFICATE,0,0,0,1,0,0,0,0,0,,2.083333333,0.799999871607,0.000453241662641,0,0.999999839509,0.000566552078301,0,0.999999839509,0.000566552078301,0,0.785413669212,4.78136065595e-05,0,0.7854136692123721,4.7813606559532484e-05,0.0
2.033333333333333,-63.63994212707825,-11.199281632298359,2.8,0.7257195669782809,0.0013517265634438314,0.0,0.7999767262767249,-0.006102246764437885,0.0,DEPTH_PROPOSAL_CERTIFIED,3.223989961367055,0,4,0,0,0,FULL_MOTION_CERTIFICATE,0,0,0,1,0,0,0,0,0,,2.1,0.799999889716,0.000420064346151,0,0.999999862145,0.000525080432689,0,0.999999862145,0.000525080432689,0,0.786518685939,7.6014420729e-05,0,0.7854110952620422,0.002011345584825547,0.0
2.05,-63.627768744863076,-11.199260714089275,2.8,0.7304029329104085,0.001255092544966865,0.0,0.7999954458431603,0.0026993758914164567,0.0,DEPTH_PROPOSAL_CERTIFIED,3.2161114169707457,0,4,0,0,0,FULL_MOTION_CERTIFICATE,0,0,0,1,0,0,0,0,0,,2.116666666,0.799999996207,7.79033252145e-05,0,0.999999995259,9.73791565181e-05,0,0.999999995259,9.73791565181e-05,0,0.787539997282,7.61575195479e-05,0,0.7875399972823659,7.615751954787031e-05,0.0
2.066666666666667,-63.61552322323765,-11.1992387985157,2.8,0.7347312975253439,0.0013149344145812656,0.0,0.7999817297814931,0.005406664018628265,0.0,DEPTH_PROPOSAL_CERTIFIED,3.2081873225897835,0,4,0,0,0,FULL_MOTION_CERTIFICATE,0,0,0,1,0,0,0,0,0,,2.133333333,0.8,3.72325977944e-07,0,1,4.65407472431e-07,0,1,4.65407472431e-07,0,0.788483936901,7.04162168899e-05,0,0.7875373458275556,0.0020450052238769334,0.0
2.0833333333333335,-63.603209835451466,-11.199215965405038,2.8,0.738803267171127,0.0013699866396697407,0.0,0.7999895315131896,-0.0040926115509976446,0.0,DEPTH_PROPOSAL_CERTIFIED,3.2002205374828274,0,4,0,0,0,FULL_MOTION_CERTIFICATE,0,0,0,1,0,0,0,0,0,,2.15,0.799999969626,0.000220449212359,0,0.999999962033,0.000275561515449,0,0.999999962033,0.000275561515449,0,0.78935636364,8.17823531376e-05,0,0.7884812968496806,0.0020416237857491387,0.0
2.1,-63.59083262137074,-11.19919226716267,2.8,0.7426328448435491,0.001421894542047284,0.0,0.799988162155915,-0.004352058179939437,0.0,DEPTH_PROPOSAL_CERTIFIED,3.1927963415559324,0,4,0,0,0,FULL_MOTION_CERTIFICATE,0,0,0,1,0,0,0,0,0,,2.166666666,0.799999987646,0.00014059136068,0,0.999999984558,0.00017573920085,0,0.999999984558,0.00017573920085,0,0.79016269876,8.62375808036e-05,0,0.7893536924470982,0.0020551709510533145,0.0
2.1166666666666667,-63.57839539823816,-11.19916776115836,2.8,0.7462333879545662,0.0014703602585964452,0.0,0.799988162155915,-0.004352058179939437,0.0,DEPTH_PROPOSAL_CERTIFIED,3.185542340452664,0,4,0,0,0,FULL_MOTION_CERTIFICATE,0,0,0,1,0,0,0,0,0,,2.183333333,0.799999989506,-0.000129577547114,0,0.999999986883,-0.000161971933893,0,0.999999986883,-0.000161971933893,0,0.790907948074,6.98879495737e-05,0,0.7901600139089744,0.0020616420004962166,0.0
2.1333333333333333,-63.565901771174,-11.199142526877178,2.8,0.7496176238495207,0.0015140568709529883,0.0,0.7999830082050441,0.005214075489331501,0.0,DEPTH_PROPOSAL_CERTIFIED,3.178256693979588,0,4,0,0,0,FULL_MOTION_CERTIFICATE,0,0,0,1,0,0,0,0,0,,2.2,0.799999842791,-0.000501531372043,0,0.999999803489,-0.000626914215054,0,0.999999803489,-0.000626914215054,0,0.79159672799,2.65986061612e-05,0,0.7909053017679655,0.0020471555417028164,0.0
2.15,-63.55335514339784,-11.199116671975528,2.8,0.7527976665696636,0.0015512940990298257,0.0,0.7999943432358275,0.0030084532034045388,0.0,DEPTH_PROPOSAL_CERTIFIED,3.170941439203221,0,4,0,0,0,FULL_MOTION_CERTIFICATE,0,0,0,1,0,0,0,0,0,,2.216666666,0.79999987663,-0.000444288502206,0,0.999999845787,-0.000555360627757,0,0.999999845787,-0.000555360627757,0,0.792233330135,-9.07465819725e-06,0,0.791594187755407,0.0020055882815672443,0.0
2.1666666666666665,-63.54075872621445,-11.199090286502496,2.8,0.7557850310032715,0.0015831283818601722,0.0,0.7999775798377449,-0.005989303544200187,0.0,DEPTH_PROPOSAL_CERTIFIED,3.1635984924053004,0,4,0,0,0,FULL_MOTION_CERTIFICATE,0,0,0,1,0,0,0,0,0,,2.233333333,0.799999964253,-0.000239154208662,0,0.999999955317,-0.000298942760828,0,0.999999955317,-0.000298942760828,0,0.792821711519,-2.65049275205e-05,0,0.7922308770932879,0.001971506632390402,0.0
2.183333333333333,-63.52811554859014,-11.199063430803472,2.8,0.7585906574586772,0.0016113419415272414,0.0,0.799998658484666,-0.0014650674847277339,0.0,DEPTH_PROPOSAL_CERTIFIED,3.1562296584812195,0,5,0,0,0,FULL_MOTION_CERTIFICATE,0,0,0,1,0,0,0,0,0,,2.25,0.799999900489,-0.000399019825405,0,0.999999875612,-0.000498774781756,0,0.999999875612,-0.000498774781756,0,0.793365513725,-5.47257536822e-05,0,0.7928193002146257,0.001955547369465488,0.0
2.2,-63.51542846627667,-11.199036174417333,2.8,0.7612249388082358,0.0016353831683503127,0.0,0.7999746643169027,0.0063668242522417,0.0,DEPTH_PROPOSAL_CERTIFIED,3.1488366334198195,0,5,0,0,0,FULL_MOTION_CERTIFICATE,0,0,0,1,0,0,0,0,0,,2.266666666,0.799999812054,-0.000548373004147,0,0.999999765068,-0.000685466255184,0,0.999999765068,-0.000685466255184,0,0.793868112063,-9.21232711609e-05,0,0.7933631712728508,0.0019286861355917728,0.0
2.216666666666667,-63.50269958130405,-11.1990111188454,2.8,0.763733098357154,0.0015033343160238493,0.0,0.7999746643169027,0.0063668242522417,0.0,DEPTH_PROPOSAL_CERTIFIED,3.141420180476868,0,5,0,0,0,FULL_MOTION_CERTIFICATE,0,0,0,1,0,0,0,0,0,,2.283333333,0.799999944784,-0.000297230294874,0,0.99999993098,-0.000371537868592,0,0.99999993098,-0.000371537868592,0,0.794332644854,-0.000107661682359,0,0.7943326448539557,-0.00010766168235901152,0.0
2.2333333333333334,-63.48993206333476,-11.198985589998363,2.8,0.7660510781573437,0.0015317308222072337,0.0,0.7999999807258108,-0.0001756095169463387,0.0,DEPTH_PROPOSAL_CERTIFIED,3.1339825683736984,0,5,0,0,0,FULL_MOTION_CERTIFICATE,0,0,0,1,0,0,0,0,0,,2.3,0.799999978889,0.000183786686479,0,0.999999973611,0.000229733358098,0,0.999999973611,0.000229733358098,0,0.79476198835,-8.55822600358e-05,0,0.7943304317196589,0.0018781681976445253,0.0
2.25,-63.47712829708199,-11.198959594497177,2.8,0.7682259751662992,0.0015597300711757591,0.0,0.7999750231815679,-0.006321573036040787,0.0,DEPTH_PROPOSAL_CERTIFIED,3.1265252270895734,0,5,0,0,0,FULL_MOTION_CERTIFICATE,0,0,0,1,0,0,0,0,0,,2.316666666,0.799999869455,0.000457024486997,0,0.999999836819,0.000571280608746,0,0.999999836819,0.000571280608746,0,0.795158797509,-4.44756899352e-05,0,0.7947597186755556,0.0019013209085917693,0.0
2.2666666666666666,-63.464290527737475,-11.198933114539804,2.8,0.7702661606709722,0.0015887974424577465,0.0,0.7999979645784614,0.0018046247030532538,0.0,DEPTH_PROPOSAL_CERTIFIED,3.1190495108733494,0,5,0,0,0,FULL_MOTION_CERTIFICATE,0,0,0,2,0,0,0,0,0,,2.333333333,0.799999948315,0.000287570334597,0,0.999999935393,0.000359462918247,0,0.999999935393,0.000359462918247,0,0.795525551365,-1.93206875735e-05,0,0.7951564238279832,0.001943419372097993,0.0
2.283333333333333,-63.451420868300815,-11.198906153908519,2.8,0.7721795661997388,0.0016176378770848712,0.0,0.7999785626958105,0.005856554204081703,0.0,DEPTH_PROPOSAL_CERTIFIED,3.1115566921410815,0,5,0,0,0,FULL_MOTION_CERTIFICATE,0,0,0,2,0,0,0,0,0,,2.35,0.799999957757,0.00025997730245,0,0.999999947197,0.000324971628062,0,0.999999947197,0.000324971628062,0,0.795864521553,1.83825148779e-06,0,0.7955231136506924,0.0019694911795357928,0.0
2.3,-63.43852130676354,-11.198878721232285,2.8,0.7739736922362838,0.0016459605740528971,0.0,0.7999931366775002,-0.0033137997668210243,0.0,DEPTH_PROPOSAL_CERTIFIED,3.104047968273259,0,5,0,0,0,FULL_MOTION_CERTIFICATE,0,0,0,2,0,0,0,0,0,,2.366666666,0.79999983122,0.000519660874065,0,0.999999789025,0.000649576092581,0,0.999999789025,0.000649576092581,0,0.796177802576,4.10672364775e-05,0,0.7958620298821327,0.0019914974770628147,0.0
2.316666666666667,-63.42559371300453,-11.1988508017518,2.8,0.7756556255406287,0.0016751688291400469,0.0,0.7999931366775002,-0.0033137997668210243,0.0,DEPTH_PROPOSAL_CERTIFIED,3.096524474740691,0,5,0,0,0,FULL_MOTION_CERTIFICATE,0,0,0,2,0,0,0,0,0,,2.383333333,0.799999851497,0.000487446886447,0,0.999999814371,0.000609308608059,0,0.999999814371,0.000609308608059,0,0.796467351742,7.4883877303e-05,0,0.7961752118536362,0.0020315095412032635,0.0
2.3333333333333335,-63.41263984519245,-11.198822388734547,2.8,0.7772320687249578,0.001704781035153238,0.0,0.7999843583317245,-0.005002641760022029,0.0,DEPTH_PROPOSAL_CERTIFIED,3.0889872802217266,0,5,0,0,0,FULL_MOTION_CERTIFICATE,0,0,0,2,0,0,0,0,0,,2.4,0.799999950915,0.000280243378511,0,0.999999938643,0.000350304223139,0,0.999999938643,0.000350304223139,0,0.796734972897,9.04414155845e-05,0,0.7964646755737723,0.0020660499485141703,0.0
2.35,-63.399661040190765,-11.19879603281388,2.8,0.778728300101366,0.0015813552400792382,0.0,0.7999867581069081,0.0046029179440101875,0.0,DEPTH_PROPOSAL_CERTIFIED,3.0814361977451328,0,5,0,0,0,FULL_MOTION_CERTIFICATE,0,0,0,2,0,0,0,0,0,,2.416666666,0.799999992979,-0.000105986147659,0,0.999999991224,-0.000132482684574,0,0.999999991224,-0.000132482684574,0,0.796982322894,7.55605401764e-05,0,0.7969823228935466,7.556054017643365e-05,0.0
2.3666666666666667,-63.38665919056367,-11.198769062425034,2.8,0.7801109776258027,0.0016182233306648703,0.0,0.7999908962500346,0.003816532073282471,0.0,DEPTH_PROPOSAL_CERTIFIED,3.0738732999462477,0,6,0,0,0,FULL_MOTION_CERTIFICATE,0,0,0,2,0,0,0,0,0,,2.433333333,0.799999992832,-0.000107092784687,0,0.99999999104,-0.000133865980858,0,0.99999999104,-0.000133865980858,0,0.797210934257,6.1723166804e-05,0,0.7969796434239311,0.0020680140358095844,0.0
2.3833333333333333,-63.37363575342263,-11.198741540868383,2.8,0.7814062284622163,0.0016512933990608983,0.0,0.7999804949865635,-0.005586379959588521,0.0,DEPTH_PROPOSAL_CERTIFIED,3.0662994582028853,0,6,0,0,0,FULL_MOTION_CERTIFICATE,0,0,0,2,0,0,0,0,0,,2.45,0.799999995378,8.59973818529e-05,0,0.999999994222,0.000107496727316,0,0.999999994222,0.000107496727316,0,0.79742222677,6.35621225263e-05,0,0.7972082886664613,0.0020547482334924427,0.0
2.4,-63.36059209740854,-11.198713506910197,2.8,0.7826193608455452,0.0016820374911169817,0.0,0.7999964687128299,-0.002376982751777313,0.0,DEPTH_PROPOSAL_CERTIFIED,3.0587154972836785,0,6,0,0,0,FULL_MOTION_CERTIFICATE,0,0,0,2,0,0,0,0,0,,2.466666666,0.799999996264,-7.73131832714e-05,0,0.99999999533,-9.66414790892e-05,0,0.99999999533,-9.66414790892e-05,0,0.79761751233,5.28897513018e-05,0,0.7974195759221572,0.0020571154142011994,0.0
2.4166666666666665,-63.34752950764861,-11.198685012227518,2.8,0.783755385596086,0.0017096809607080414,0.0,0.7999964687128299,-0.002376982751777313,0.0,DEPTH_PROPOSAL_CERTIFIED,3.051122182730498,0,6,0,0,0,FULL_MOTION_CERTIFICATE,0,0,0,2,0,0,0,0,0,,2.483333333,0.799999947557,-0.000289670047474,0,0.999999934446,-0.000362087559342,0,0.999999934446,-0.000362087559342,0,0.797797999851,2.69382508756e-05,0,0.7976148875526844,0.002046931289718973,0.0
2.433333333333333,-63.334448976702326,-11.198658694652293,2.8,0.784831856777055,0.0015790545134807424,0.0,0.7999759832682654,0.0061988865106643,0.0,DEPTH_PROPOSAL_CERTIFIED,3.0435187494920326,0,6,0,0,0,FULL_MOTION_CERTIFICATE,0,0,0,2,0,0,0,0,0,,2.5,0.799999830212,-0.000521210133258,0,0.999999787766,-0.000651512666572,0,0.999999787766,-0.000651512666572,0,0.797964805185,-1.45881426923e-05,0,0.7979648051848767,-1.4588142692312234e-05,0.0
2.45,-63.321351866852964,-11.198631870426407,2.8,0.7858265909618598,0.0016094535532038,0.0,0.7999996201540908,0.0007795853453195665,0.0,DEPTH_PROPOSAL_CERTIFIED,3.0359073001975165,0,6,0,0,0,FULL_MOTION_CERTIFICATE,0,0,0,2,0,0,0,0,0,,2.516666666,0.799999932176,-0.000329420360173,0,0.99999991522,-0.000411775450216,0,0.99999991522,-0.000411775450216,0,0.798118981466,-3.8439067305e-05,0,0.7979623480164779,0.001980321837825094,0.0
2.466666666666667,-63.308239239336324,-11.198604607560528,2.8,0.7867576509983095,0.0016357719528131876,0.0,0.7999744014234276,-0.0063997708731400975,0.0,DEPTH_PROPOSAL_CERTIFIED,3.0282884554290157,0,6,0,0,0,FULL_MOTION_CERTIFICATE,0,0,0,2,0,0,0,0,0,,2.533333333,0.799999984272,-0.000158633656837,0,0.99999998034,-0.000198292071047,0,0.99999998034,-0.000198292071047,0,0.798261481681,-4.75447182092e-05,0,0.7981165834429954,0.001956856428047715,0.0
2.4833333333333334,-63.295112089780574,-11.198576950332143,2.8,0.787628973345197,0.0016594337030368922,0.0,0.7999995273913547,0.0008695824337571642,0.0,DEPTH_PROPOSAL_CERTIFIED,3.0206628046728485,0,6,0,0,0,FULL_MOTION_CERTIFICATE,0,0,0,2,0,0,0,0,0,,2.55,0.799999917406,-0.000363524099207,0,0.999999896758,-0.000454405124009,0,0.999999896758,-0.000454405124009,0,0.79839318136,-7.14825505818e-05,0,0.7982591059772237,0.0019481070557660907,0.0
2.5,-63.28197135197767,-11.198548958425926,2.8,0.7884442681742693,0.0016795143730381258,0.0,0.7999761626322,0.0061756959332589165,0.0,DEPTH_PROPOSAL_CERTIFIED,3.013030887025296,0,6,0,0,0,FULL_MOTION_CERTIFICATE,0,0,0,2,0,0,0,0,0,,2.566666666,0.799999886271,-0.000426576065558,0,0.999999857838,-0.000533220081948,0,0.999999857838,-0.000533220081948,0,0.798514901424,-9.83835733676e-05,0,0.7983908650889517,0.0019244985470531772,0.0
2.5166666666666666,-63.268817756675006,-11.198523215194776,2.8,0.7892157181598367,0.0015445938689997046,0.0,0.7999761626322,0.0061756959332589165,0.0,DEPTH_PROPOSAL_CERTIFIED,3.005391468339624,0,6,0,0,0,FULL_MOTION_CERTIFICATE,0,0,0,2,0,0,0,0,0,,2.583333333,0.79999998798,-0.000138679303661,0,0.999999984975,-0.000173349129576,0,0.999999984975,-0.000173349129576,0,0.798627407984,-0.000101436280269,0,0.798627407983759,-0.0001014362802690405,0.0
2.533333333333333,-63.25565228075655,-11.198497029366898,2.8,0.7899285551071858,0.001571149672630057,0.0,0.7999962146550564,-0.002461003368751936,0.0,DEPTH_PROPOSAL_CERTIFIED,2.9977467721710584,0,6,0,0,0,FULL_MOTION_CERTIFICATE,0,0,0,2,0,0,0,0,0,,2.6,0.799999924613,0.000347303444848,0,0.999999905766,0.00043412930606,0,0.999999905766,0.00043412930606,0,0.798731386518,-6.74408458681e-05,0,0.7986251658648453,0.0018951304769203592,0.0
2.55,-63.242475568819756,-11.198472857938922,2.8,0.7906027162078028,0.0014502856785226163,0.0,0.7999808068642675,-0.005541538486328976,0.0,DEPTH_PROPOSAL_CERTIFIED,2.990095477090526,0,7,0,0,0,FULL_MOTION_CERTIFICATE,0,0,0,2,0,0,0,0,0,,2.616666666,0.799999842113,0.000502611687829,0,0.999999802642,0.000628264609786,0,0.999999802642,0.000628264609786,0,0.798827481635,-2.42550495882e-05,0,0.7988274816353295,-2.425504958816771e-05,0.0
2.566666666666667,-63.2292884751535,-11.198448026755932,2.8,0.7912256199752655,0.0014898709793934692,0.0,0.7999905472590815,0.0038889968006351515,0.0,DEPTH_PROPOSAL_CERTIFIED,2.982439880280553,0,7,0,0,0,FULL_MOTION_CERTIFICATE,0,0,0,2,0,0,0,0,0,,2.633333333,0.799999944465,0.000298086500386,0,0.999999930582,0.000372608125482,0,0.999999930582,0.000372608125482,0,0.798916304579,1.64765292155e-07,0,0.7988250459383104,0.001972811650017864,0.0
2.5833333333333335,-63.2160916741797,-11.198422554685989,2.8,0.7918080584282533,0.001528324196538939,0.0,0.7999871210349688,0.004539402844226799,0.0,DEPTH_PROPOSAL_CERTIFIED,2.9747804128540363,0,7,0,0,0,FULL_MOTION_CERTIFICATE,0,0,0,2,0,0,0,0,0,,2.65,0.799999922696,0.000351690567117,0,0.99999990337,0.000439613208897,0,0.99999990337,0.000439613208897,0,0.798998396862,2.67955083873e-05,0,0.798913807554704,0.0019974534457136706,0.0
2.6,-63.20288579773295,-11.198396456397436,2.8,0.7923525868052519,0.0015658973131709958,0.0,0.7999840055661468,-0.005058738809563845,0.0,DEPTH_PROPOSAL_CERTIFIED,2.9671174824138666,0,7,0,0,0,FULL_MOTION_CERTIFICATE,0,0,0,2,0,0,0,0,0,,2.666666666,0.799999781759,0.00059091910094,0,0.999999727199,0.000738648876175,0,0.999999727199,0.000738648876175,0,0.799074259351,6.95321424773e-05,0,0.7989958330046343,0.0020242893360820913,0.0
2.6166666666666667,-63.1896714376983,-11.198369725131384,2.8,0.7928616020787372,0.0016038759631311888,0.0,0.7999840055661468,-0.005058738809563845,0.0,DEPTH_PROPOSAL_CERTIFIED,2.959000495524309,0,7,0,0,0,FULL_MOTION_CERTIFICATE,0,0,0,2,0,0,0,0,0,,2.683333333,0.799999869674,0.0004566420781,0,0.999999837092,0.000570802597625,0,0.999999837092,0.000570802597625,0,0.799144381347,9.88586533383e-05,0,0.7990715884152587,0.0020672154926455466,0.0
2.6333333333333333,-63.17644906301926,-11.19834489373904,2.8,0.7933424807424835,0.00148988354054321,0.0,0.7999934558573146,-0.003235828405670434,0.0,DEPTH_PROPOSAL_CERTIFIED,2.9507510619259265,0,7,0,0,0,FULL_MOTION_CERTIFICATE,0,0,0,2,0,0,0,0,0,,2.7,0.799999993363,0.000103047430791,0,0.999999991704,0.000128809288489,0,0.999999991704,0.000128809288489,0,0.79920920044,9.91759849698e-05,0,0.7992092004401873,9.917598496986257e-05,0.0
2.65,-63.16321928433236,-11.198319295537287,2.8,0.7937867212144948,0.0015358921052651031,0.0,0.7999782982994303,0.005892558862484894,0.0,DEPTH_PROPOSAL_CERTIFIED,2.942497509229135,0,7,0,0,0,FULL_MOTION_CERTIFICATE,0,0,0,2,0,0,0,0,0,,2.716666666,0.79999995248,-0.000275738609125,0,0.9999999406,-0.000344673261406,0,0.9999999406,-0.000344673261406,0,0.799269105895,7.07733653412e-05,0,0.7992064549730326,0.0020971965948722027,0.0
2.6666666666666665,-63.14998258681965,-11.198293024290429,2.8,0.7942018507624481,0.001576274811493779,0.0,0.7999981566380799,0.0017173746458479804,0.0,DEPTH_PROPOSAL_CERTIFIED,2.9342400632693137,0,7,0,0,0,FULL_MOTION_CERTIFICATE,0,0,0,2,0,0,0,0,0,,2.733333333,0.799999974932,-0.00020027331024,0,0.999999968665,-0.0002503416378,0,0.999999968665,-0.0002503416378,0,0.799324474763,5.02395258714e-05,0,0.7992664312474789,0.002068943827483627,0.0
2.683333333333333,-63.13673942465982,-11.198266156738441,2.8,0.7945897295892692,0.001612053119275049,0.0,0.7999749162153558,-0.006335094808658075,0.0,DEPTH_PROPOSAL_CERTIFIED,2.9259789444613795,0,7,0,0,0,FULL_MOTION_CERTIFICATE,0,0,0,2,0,0,0,0,0,,2.75,0.799999997756,-5.99227636848e-05,0,0.999999997195,-7.4903454606e-05,0,0.999999997195,-7.4903454606e-05,0,0.799375650748,4.18938977078e-05,0,0.7993218512764872,0.0020485484742065463,0.0
2.7,-63.1234902229566,-11.198238748431791,2.8,0.794952102193563,0.0016444983990233867,0.0,0.7999999954976753,-8.487472863008978e-05,0.0,DEPTH_PROPOSAL_CERTIFIED,2.917714372094877,0,7,0,0,0,FULL_MOTION_CERTIFICATE,0,0,0,2,0,0,0,0,0,,2.766666666,0.799999949268,-0.000284905896069,0,0.999999936585,-0.000356132370087,0,0.999999936585,-0.000356132370087,0,0.799422946089,1.71363385634e-05,0,0.799373047965948,0.002040330811953095,0.0
2.716666666666667,-63.11023532106133,-11.198213435840273,2.8,0.7952941137161575,0.0015187554910896827,0.0,0.7999999954976753,-8.487472863008978e-05,0.0,DEPTH_PROPOSAL_CERTIFIED,2.909444507470928,0,7,0,0,0,FULL_MOTION_CERTIFICATE,0,0,0,2,0,0,0,0,0,,2.783333333,0.799999894358,-0.000411128733168,0,0.999999867948,-0.00051391091646,0,0.999999867948,-0.00051391091646,0,0.799466654292,-1.53079857015e-05,0,0.7994666542918111,-1.5307985701512594e-05,0.0
2.7333333333333334,-63.09697515391289,-11.198187536631172,2.8,0.7956100289065806,0.0015539525460012008,0.0,0.7999747427205801,0.006356965403538331,0.0,DEPTH_PROPOSAL_CERTIFIED,2.9011717126252483,0,8,0,0,0,FULL_MOTION_CERTIFICATE,0,0,0,2,0,0,0,0,0,,2.8,0.799999861129,-0.000471374452037,0,0.999999826411,-0.000589218065047,0,0.999999826411,-0.000589218065047,0,0.79950704875,-4.98584762664e-05,0,0.799464194229742,0.001983356615921722,0.0
2.75,-63.083710069282084,-11.198161138741929,2.8,0.7959050778483399,0.001583873354589531,0.0,0.7999984921102351,-0.0015532615202350514,0.0,DEPTH_PROPOSAL_CERTIFIED,2.892896133814977,0,8,0,0,0,FULL_MOTION_CERTIFICATE,0,0,0,2,0,0,0,0,0,,2.816666666,0.799999981806,-0.000170616151987,0,0.999999977258,-0.000213270189984,0,0.999999977258,-0.000213270189984,0,0.799544392162,-5.90067846672e-05,0,0.7995046749378026,0.001948907219367163,0.0
2.7666666666666666,-63.07044039252595,-11.198134291384322,2.8,0.7961806053676868,0.0016108414563620846,0.0,0.7999778231321698,-0.005956718619749416,0.0,DEPTH_PROPOSAL_CERTIFIED,2.884617933791139,0,8,0,0,0,FULL_MOTION_CERTIFICATE,0,0,0,2,0,0,0,0,0,,2.833333333,0.799999997973,-5.6954637931e-05,0,0.999999997466,-7.11932974137e-05,0,0.999999997466,-7.11932974137e-05,0,0.799578907754,-5.88513190023e-05,0,0.7995420411037186,0.001939852297987238,0.0
2.783333333333333,-63.05716642795312,-11.198107028303742,2.8,0.7964378743701052,0.0016357848348238628,0.0,0.7999940391735016,0.003088249806269816,0.0,DEPTH_PROPOSAL_CERTIFIED,2.8763372744029763,0,8,0,0,0,FULL_MOTION_CERTIFICATE,0,0,0,2,0,0,0,0,0,,2.85,0.799999951159,-0.000279544103671,0,0.999999938949,-0.000349430129589,0,0.999999938949,-0.000349430129589,0,0.799610804983,-7.55704696904e-05,0,0.7995765561996092,0.001940094052057556,0.0
2.8,-63.04388846007125,-11.19807940200364,2.8,0.7966780729122235,0.0016575780061708777,0.0,0.7999833528411804,0.005160927918837343,0.0,DEPTH_PROPOSAL_CERTIFIED,2.868054290964283,0,8,0,0,0,FULL_MOTION_CERTIFICATE,0,0,0,2,0,0,0,0,0,,2.866666666,0.799999961595,-0.000247886221946,0,0.999999951994,-0.000309857777433,0,0.999999951994,-0.000309857777433,0,0.799640286543,-8.8624692824e-05,0,0.7996084951260669,0.0019234546966044597,0.0
2.816666666666667,-63.03060675489605,-11.198051456390138,2.8,0.7969023105120437,0.0016767368101041102,0.0,0.7999833528411804,0.005160927918837343,0.0,DEPTH_PROPOSAL_CERTIFIED,2.8597691141930035,0,8,0,0,0,FULL_MOTION_CERTIFICATE,0,0,0,2,0,0,0,0,0,,2.883333333,0.79999999908,3.8367660487e-05,0,0.99999999885,4.79595756088e-05,0,0.99999999885,4.79595756088e-05,0,0.799667537493,-7.9004059805e-05,0,0.7996380092298505,0.0019104742180895418,0.0
2.8333333333333335,-63.01732156117851,-11.198023203420401,2.8,0.797111623052302,0.001695178184213564,0.0,0.7999877998289335,-0.00441815853746476,0.0,DEPTH_PROPOSAL_CERTIFIED,2.851481888742034,0,8,0,0,0,FULL_MOTION_CERTIFICATE,0,0,0,2,0,0,0,0,0,,2.9,0.799999865149,0.000464500748613,0,0.999999831437,0.000580625935767,0,0.999999831437,0.000580625935767,0,0.799692713831,-3.78294522831e-05,0,0.7996652360434523,0.0019201629483489024,0.0
2.85,-63.00403311154391,-11.197994614311543,2.8,0.7973069780761014,0.0017153465314685829,0.0,0.7999898874707618,-0.0040224301756506394,0.0,DEPTH_PROPOSAL_CERTIFIED,2.8431927803214863,0,8,0,0,0,FULL_MOTION_CERTIFICATE,0,0,0,2,0,0,0,0,0,,2.916666666,0.799999855299,0.000481166464044,0,0.999999819124,0.000601458080055,0,0.999999819124,0.000601458080055,0,0.799715982123,1.4884185932e-06,0,0.7996903093664542,0.0019614003679798153,0.0
2.8666666666666667,-62.990741623397675,-11.19796566481158,2.8,0.7974892887742194,0.0017369699977707765,0.0,0.7999814038315667,0.005454679062605597,0.0,DEPTH_PROPOSAL_CERTIFIED,2.834901941470384,0,8,0,0,0,FULL_MOTION_CERTIFICATE,0,0,0,2,0,0,0,0,0,,2.933333333,0.799999954825,0.000268848095756,0,0.999999943532,0.000336060119695,0,0.999999943532,0.000336060119695,0,0.799737495207,2.17429399955e-05,0,0.7997134792912588,0.0020007762866575407,0.0
2.8833333333333333,-62.97744729983111,-11.19793635658115,2.8,0.7976594139937251,0.0017584938257743626,0.0,0.7999957201439973,0.002616820835873803,0.0,DEPTH_PROPOSAL_CERTIFIED,2.826609495944522,0,8,0,0,0,FULL_MOTION_CERTIFICATE,0,0,0,2,0,0,0,0,0,,2.95,0.799999901742,0.000396499888537,0,0.999999877178,0.000495624860671,0,0.999999877178,0.000495624860671,0,0.799757374491,5.01336184831e-05,0,0.7997349416716941,0.0020210845274181155,0.0
2.9,-62.96415033063838,-11.19790668088735,2.8,0.7978181515636175,0.0017805416280142982,0.0,0.7999765218430629,-0.0061289884871487885,0.0,DEPTH_PROPOSAL_CERTIFIED,2.8183155670629594,0,8,0,0,0,FULL_MOTION_CERTIFICATE,0,0,0,3,0,0,0,0,0,,2.966666666,0.799999787302,0.000583366981063,0,0.999999734127,0.000729208726329,0,0.999999734127,0.000729208726329,0,0.799775739097,9.05300837294e-05,0,0.799754749916304,0.0020495248153415135,0.0
2.9166666666666665,-62.95085089318567,-11.197876614504866,2.8,0.7979662471628908,0.001803982949059925,0.0,0.7999765218430629,-0.0061289884871487885,0.0,DEPTH_PROPOSAL_CERTIFIED,2.810020281251157,0,9,0,0,0,FULL_MOTION_CERTIFICATE,0,0,0,3,0,0,0,0,0,,2.983333333,0.799999916764,0.000364935046581,0,0.999999895955,0.000456168808226,0,0.999999895955,0.000456168808226,0,0.799792722254,0.000111318338907,0,0.7997730134740246,0.0020899670658165725,0.0
2.933333333333333,-62.937549129751154,-11.19784870438035,2.8,0.798105806070848,0.0016746074709652922,0.0,0.7999993273276196,-0.0010374369167784395,0.0,DEPTH_PROPOSAL_CERTIFIED,2.80172180720762,0,9,0,0,0,FULL_MOTION_CERTIFICATE,0,0,0,3,0,0,0,0,0,,3,0.799999995172,-8.78921062942e-05,0,0.999999993965,-0.000109865132868,0,0.999999993965,-0.000109865132868,0,0.799808424748,9.62266382108e-05,0,0.7998084247479258,9.622663821076682e-05,0.0
2.95,-62.92424522000513,-11.19782026251613,2.8,0.7982345847610531,0.0017065118532057064,0.0,0.7999744290513368,0.006396316439002903,0.0,DEPTH_PROPOSAL_CERTIFIED,2.7934222885188786,0,9,0,0,0,FULL_MOTION_CERTIFICATE,0,0,0,3,0,0,0,0,0,,3.016666666,0.799999895595,-0.000408715778496,0,0.999999869493,-0.00051089472312,0,0.999999869493,-0.00051089472312,0,0.799822930115,5.7973426354e-05,0,0.7998056847815553,0.0020957453165387496,0.0
2.966666666666667,-62.91093930811142,-11.19779137744909,2.8,0.7983547136227725,0.0017331040224781498,0.0,0.7999997667960603,-0.000610840608685267,0.0,DEPTH_PROPOSAL_CERTIFIED,2.7851217460653523,0,9,0,0,0,FULL_MOTION_CERTIFICATE,0,0,0,3,0,0,0,0,0,,3.033333333,0.79999995553,-0.000266742813688,0,0.999999944413,-0.00033342851711,0,0.999999944413,-0.00033342851711,0,0.799836341131,3.33737107073e-05,0,0.7998202857357501,0.0020575284876019617,0.0
2.9833333333333334,-62.89763152873717,-11.197762113773015,2.8,0.7984667624551134,0.0017558205644370665,0.0,0.7999756720967773,-0.006238914433572878,0.0,DEPTH_PROPOSAL_CERTIFIED,2.776820213335519,0,9,0,0,0,FULL_MOTION_CERTIFICATE,0,0,0,3,0,0,0,0,0,,3.05,0.799999975535,-0.000197850407661,0,0.999999969418,-0.000247313009576,0,0.999999969418,-0.000247313009576,0,0.799848737677,1.58567316927e-05,0,0.7998337582096712,0.0020329623763358506,0.0
3.0,-62.88432200765073,-11.197732522248609,2.8,0.7985712651864906,0.0017754914643580782,0.0,0.7999969237563396,0.0022185536715050923,0.0,DEPTH_PROPOSAL_CERTIFIED,2.7685177290414726,0,9,0,0,0,FULL_MOTION_CERTIFICATE,0,0,0,3,0,0,0,0,0,,3.066666666,0.799999870893,-0.000454500585973,0,0.999999838617,-0.000568125732466,0,0.999999838617,-0.000568125732466,0,0.799860187163,-1.97763970081e-05,0,0.7998461985092926,0.0020154764433944206,0.0
3.0166666666666666,-62.87101086223114,-11.197702672667909,2.8,0.7986687251755334,0.0017909748420378631,0.0,0.7999969237563396,0.0022185536715050923,0.0,DEPTH_PROPOSAL_CERTIFIED,2.7602143128606844,0,9,0,0,0,FULL_MOTION_CERTIFICATE,0,0,0,3,0,0,0,0,0,,3.083333333,0.799999857343,-0.0004777555729,0,0.999999821679,-0.000597194466125,0,0.999999821679,-0.000597194466125,0,0.799870768237,-5.4471789815e-05,0,0.7998577370418571,0.0019798720497312405,0.0
3.033333333333333,-62.85769820206452,-11.19767262835441,2.8,0.7987596099972125,0.0018026588099142482,0.0,0.7999799262941781,0.005667232689897627,0.0,DEPTH_PROPOSAL_CERTIFIED,2.7519099849077557,0,9,0,0,0,FULL_MOTION_CERTIFICATE,0,0,0,3,0,0,0,0,0,,3.1,0.799999919596,-0.000358672330603,0,0.999999899495,-0.000448340413253,0,0.999999899495,-0.000448340413253,0,0.799880552431,-7.75172857901e-05,0,0.7998684048216974,0.0019452032180061474,0.0
3.05,-62.844384129477945,-11.19764243312747,2.8,0.7988443551943079,0.0018117136163228525,0.0,0.7999915408341478,-0.0036789392229481677,0.0,DEPTH_PROPOSAL_CERTIFIED,2.7436047756601623,0,9,0,0,0,FULL_MOTION_CERTIFICATE,0,0,0,3,0,0,0,0,0,,3.116666666,0.799999999925,1.09424833029e-05,0,0.999999999906,1.36781041286e-05,0,0.999999999906,1.36781041286e-05,0,0.799889601483,-7.08157883996e-05,0,0.7998782465988711,0.001922182254507826,0.0
3.066666666666667,-62.83106874006855,-11.197612089929903,2.8,0.7989233645636081,0.001820591853992573,0.0,0.799986080437746,-0.004719227251597602,0.0,DEPTH_PROPOSAL_CERTIFIED,2.7352987418952743,0,9,0,0,0,FULL_MOTION_CERTIFICATE,0,0,0,3,0,0,0,0,0,,3.133333333,0.799999998289,5.23203934157e-05,0,0.999999997861,6.54004917696e-05,0,0.999999997861,6.54004917696e-05,0,0.799897964878,-6.14872895907e-05,0,0.7998872788690715,0.001928906353563159,0.0
3.0833333333333335,-62.81775212306528,-11.197581598166835,2.8,0.7989970201963837,0.001829505784120799,0.0,0.7999850240870632,0.0048950215955606965,0.0,DEPTH_PROPOSAL_CERTIFIED,2.726991939036363,0,9,0,0,0,FULL_MOTION_CERTIFICATE,0,0,0,3,0,0,0,0,0,,3.15,0.799999984342,-0.000158281176433,0,0.999999980427,-0.000197851470541,0,0.999999980427,-0.000197851470541,0,0.799905693625,-6.88201599526e-05,0,0.7998956189162457,0.0019382557316851567,0.0
3.1,-62.80443436168603,-11.197550978327476,2.8,0.7990656827551176,0.001837190361542462,0.0,0.7999925270419902,0.0034578428204096352,0.0,DEPTH_PROPOSAL_CERTIFIED,2.7186844032497675,0,10,0,0,0,FULL_MOTION_CERTIFICATE,0,0,0,3,0,0,0,0,0,,3.166666666,0.799999999184,-3.61359029756e-05,0,0.99999999898,-4.51698787195e-05,0,0.99999999898,-4.51698787195e-05,0,0.799912837986,-6.63440799777e-05,0,0.7999033659716699,0.0019309422060867498,0.0
3.1166666666666667,-62.79111553361314,-11.19752023696567,2.8,0.7991296843736202,0.001844481708335143,0.0,0.7999925270419902,0.0034578428204096352,0.0,DEPTH_PROPOSAL_CERTIFIED,2.709936014603075,0,10,0,0,0,FULL_MOTION_CERTIFICATE,0,0,0,3,0,0,0,0,0,,3.183333333,0.799999972359,0.00021029694559,0,0.999999965449,0.000262871181987,0,0.999999965449,0.000262871181987,0,0.799919439075,-4.53864261064e-05,0,0.7999105041193518,0.0019334361392058519,0.0
3.1333333333333333,-62.77779570068543,-11.197491827744045,2.8,0.7991899756623358,0.0017045532974545206,0.0,0.7999790757242365,-0.00578605248821349,0.0,DEPTH_PROPOSAL_CERTIFIED,2.700965524239012,0,10,0,0,0,FULL_MOTION_CERTIFICATE,0,0,0,3,0,0,0,0,0,,3.2,0.799999831165,0.000519746625379,0,0.999999788956,0.000649683281724,0,0.999999788956,0.000649683281724,0,0.799925529385,-2.57331528915e-06,0,0.799925529384667,-2.5733152890783373e-06,0.0
3.15,-62.76447494217643,-11.197463048970482,2.8,0.7992455105403385,0.0017267264137894394,0.0,0.7999975822174821,-0.0019668365928530405,0.0,DEPTH_PROPOSAL_CERTIFIED,2.6919946794439276,0,10,0,0,0,FULL_MOTION_CERTIFICATE,0,0,0,3,0,0,0,0,0,,3.216666666,0.799999902214,0.000395546939423,0,0.999999877768,0.000494433674279,0,0.999999877768,0.000494433674279,0,0.79993116369,2.75873088614e-05,0,0.7999230360519711,0.001997238433075449,0.0
3.1666666666666665,-62.751153321187125,-11.197433890542076,2.8,0.7992972593583371,0.0017495057043146337,0.0,0.799975249478763,0.0062928706796659215,0.0,DEPTH_PROPOSAL_CERTIFIED,2.68302353021187,0,10,0,0,0,FULL_MOTION_CERTIFICATE,0,0,0,3,0,0,0,0,0,,3.233333333,0.799999974053,0.000203752836279,0,0.999999967566,0.000254691045349,0,0.999999967566,0.000254691045349,0,0.799936376596,4.09331824176e-05,0,0.7999285949379191,0.0020274130487220043,0.0
3.183333333333333,-62.73783089651713,-11.197404364353305,2.8,0.7993454801996293,0.0017715713261714653,0.0,0.7999999255151743,0.000345218359428829,0.0,DEPTH_PROPOSAL_CERTIFIED,2.6740521074824724,0,10,0,0,0,FULL_MOTION_CERTIFICATE,0,0,0,3,0,0,0,0,0,,3.25,0.799999905702,0.000388427859891,0,0.999999882128,0.000485534824864,0,0.999999882128,0.000485534824864,0,0.799941189407,6.72585372981e-05,0,0.7999337744633933,0.0020407719128248125,0.0
3.2,-62.724507723057684,-11.197374465010633,2.8,0.7993904075667945,0.0017939605603595353,0.0,0.7999745447737174,-0.006381826860995386,0.0,DEPTH_PROPOSAL_CERTIFIED,2.6650804522501987,0,10,0,0,0,FULL_MOTION_CERTIFICATE,0,0,0,3,0,0,0,0,0,,3.266666666,0.799999844991,0.000498011047749,0,0.999999806238,0.000622513809686,0,0.999999806238,0.000622513809686,0,0.799945633012,9.9891301936e-05,0,0.7999385214462106,0.002067109217453983,0.0
3.216666666666667,-62.71118384335863,-11.19734669271969,2.8,0.7994327819432229,0.0016663374565543722,0.0,0.7999745447737174,-0.006381826860995386,0.0,DEPTH_PROPOSAL_CERTIFIED,2.6561067576925703,0,10,0,0,0,FULL_MOTION_CERTIFICATE,0,0,0,3,0,0,0,0,0,,3.283333333,0.799999968484,0.000224555903622,0,0.999999960605,0.000280694879527,0,0.999999960605,0.000280694879527,0,0.799949749336,0.000109335590131,0,0.7999497493356492,0.00010933559013137639,0.0
3.2333333333333334,-62.69785931442446,-11.19731836124935,2.8,0.799471736050198,0.0016998882203453373,0.0,0.7999989448458775,0.0012993250104213145,0.0,DEPTH_PROPOSAL_CERTIFIED,2.6471330344488493,0,10,0,0,0,FULL_MOTION_CERTIFICATE,0,0,0,3,0,0,0,0,0,,3.3,0.799999955407,-0.00026711081888,0,0.999999944259,-0.0003338885236,0,0.999999944259,-0.0003338885236,0,0.799953552826,8.08169222117e-05,0,0.799946976155294,0.002109207538595115,0.0
3.25,-62.68453418054726,-11.19728954895799,2.8,0.7995080326320286,0.0017287374815700969,0.0,0.7999771456790103,0.006047015070551765,0.0,DEPTH_PROPOSAL_CERTIFIED,2.6381592548650903,0,10,0,0,0,FULL_MOTION_CERTIFICATE,0,0,0,3,0,0,0,0,0,,3.316666666,0.799999851657,-0.000487184315359,0,0.999999814571,-0.000608980394198,0,0.999999814571,-0.000608980394198,0,0.799957060313,3.77865271473e-05,0,0.7999508509303624,0.0020806984685121654,0.0
3.2666666666666666,-62.67120848299159,-11.197260346591511,2.8,0.7995418533403859,0.0017521419887713198,0.0,0.799994896368911,-0.0028575835412940685,0.0,DEPTH_PROPOSAL_CERTIFIED,2.6291853801552962,0,10,0,0,0,FULL_MOTION_CERTIFICATE,0,0,0,3,0,0,0,0,0,,3.333333333,0.799999944632,-0.0002976380765,0,0.99999993079,-0.000372047595626,0,0.99999993079,-0.000372047595626,0,0.799960309125,1.23755718172e-05,0,0.7999544659823437,0.0020376769766262404,0.0
3.283333333333333,-62.65788226027812,-11.19723081577524,2.8,0.7995733628079048,0.0017718489761922203,0.0,0.7999823728339279,-0.00531066427092189,0.0,DEPTH_PROPOSAL_CERTIFIED,2.6202113910643146,0,11,0,0,0,FULL_MOTION_CERTIFICATE,0,0,0,3,0,0,0,0,0,,3.35,0.799999940173,-0.000309391449026,0,0.999999925216,-0.000386739311283,0,0.999999925216,-0.000386739311283,0,0.799963311477,-1.20007181281e-05,0,0.7999577783116356,0.002012274222727206,0.0
3.3,-62.644555548323765,-11.197201012160312,2.8,0.7996027172614792,0.0017882168957860185,0.0,0.7999888375785092,0.004226079718317585,0.0,DEPTH_PROPOSAL_CERTIFIED,2.611237270968979,0,11,0,0,0,FULL_MOTION_CERTIFICATE,0,0,0,3,0,0,0,0,0,,3.366666666,0.799999801557,-0.000563479121463,0,0.999999751946,-0.000704348901829,0,0.999999751946,-0.000704348901829,0,0.799966075877,-5.37793833763e-05,0,0.7999608415950872,0.001987905514830357,0.0
3.316666666666667,-62.63122838056995,-11.197171009155236,2.8,0.7996300652290086,0.0018001803045244237,0.0,0.7999888375785092,0.004226079718317585,0.0,DEPTH_PROPOSAL_CERTIFIED,2.6022629885441084,0,11,0,0,0,FULL_MOTION_CERTIFICATE,0,0,0,3,0,0,0,0,0,,3.383333333,0.799999855601,-0.000480665170978,0,0.999999819501,-0.000600831463722,0,0.999999819501,-0.000600831463722,0,0.799968634947,-8.61192164171e-05,0,0.7999637104328662,0.0019461338911329618,0.0
3.3333333333333335,-62.61790078821372,-11.197140862690246,2.8,0.7996555413741118,0.0018087878993954898,0.0,0.7999888608909624,0.004221664408787057,0.0,DEPTH_PROPOSAL_CERTIFIED,2.5932885237840613,0,11,0,0,0,FULL_MOTION_CERTIFICATE,0,0,0,3,0,0,0,0,0,,3.4,0.799999975464,-0.000198135569864,0,0.99999996933,-0.000247669462331,0,0.99999996933,-0.000247669462331,0,0.799971009229,-9.46053039692e-05,0,0.7999663503443712,0.001913800556822498,0.0
3.35,-62.60457279476859,-11.197113092176549,2.8,0.7996796067072295,0.0016662308217758161,0.0,0.7999823510695647,-0.00531394177722695,0.0,DEPTH_PROPOSAL_CERTIFIED,2.5843120432699185,0,11,0,0,0,FULL_MOTION_CERTIFICATE,0,0,0,3,0,0,0,0,0,,3.416666666,0.79999997719,0.000191039787419,0,0.999999971487,0.000238799734274,0,0.999999971487,0.000238799734274,0,0.799973203771,-7.29655251842e-05,0,0.7999732037712659,-7.296552518420985e-05,0.0
3.3666666666666667,-62.591244433546244,-11.197084992452238,2.8,0.7997016733407674,0.0016859834586866061,0.0,0.7999949151401129,-0.0028523236078083995,0.0,DEPTH_PROPOSAL_CERTIFIED,2.575335555190905,0,11,0,0,0,FULL_MOTION_CERTIFICATE,0,0,0,3,0,0,0,0,0,,3.433333333,0.799999985059,0.00015461589136,0,0.999999981323,0.0001932698642,0,0.999999981323,0.0001932698642,0,0.799975232657,-5.57245084345e-05,0,0.7999708862699292,0.001926965628998245,0.0
3.3833333333333333,-62.57791572990129,-11.197056566682212,2.8,0.7997222186972657,0.0017055462015192907,0.0,0.7999771311476667,0.006048937158619261,0.0,DEPTH_PROPOSAL_CERTIFIED,2.566359074322529,0,11,0,0,0,FULL_MOTION_CERTIFICATE,0,0,0,3,0,0,0,0,0,,3.45,0.799999999842,-1.5909310983e-05,0,0.999999999802,-1.98866387287e-05,0,0.999999999802,-1.98866387287e-05,0,0.799977108959,-5.2708205537e-05,0,0.7999728720465445,0.0019442116640780438,0.0
3.4,-62.564586707415295,-11.197027835752532,2.8,0.7997413491597357,0.0017238557808208336,0.0,0.7999989541726529,0.001293569735913817,0.0,DEPTH_PROPOSAL_CERTIFIED,2.557382601236933,0,11,0,0,0,FULL_MOTION_CERTIFICATE,0,0,0,3,0,0,0,0,0,,3.466666666,0.799999979652,0.000180433234337,0,0.999999974566,0.000225541542921,0,0.999999974566,0.000225541542921,0,0.799978841587,-3.504597595e-05,0,0.7999747408018699,0.0019472326482996571,0.0
3.4166666666666665,-62.551257388110976,-11.196998800475159,2.8,0.7997591582589355,0.0017421166424448793,0.0,0.7999989541726529,0.001293569735913817,0.0,DEPTH_PROPOSAL_CERTIFIED,2.5484061501887467,0,11,0,0,0,FULL_MOTION_CERTIFICATE,0,0,0,3,0,0,0,0,0,,3.483333333,0.799999921599,0.000354178077808,0,0.999999901998,0.00044272259726,0,0.999999901998,0.00044272259726,0,0.799980438558,-5.559304621e-06,0,0.7999764292691725,0.0019648991542582372,0.0
3.433333333333333,-62.53792779255128,-11.196969446671165,2.8,0.7997757335816071,0.0017612282396735895,0.0,0.7999745412710095,-0.0063822659172058415,0.0,DEPTH_PROPOSAL_CERTIFIED,2.5394297454494867,0,11,0,0,0,FULL_MOTION_CERTIFICATE,0,0,0,3,0,0,0,0,0,,3.5,0.799999840184,0.000505672707035,0,0.999999800231,0.000632090883794,0,0.999999800231,0.000632090883794,0,0.799981908378,3.31703940064e-05,0,0.7999779525182013,0.0019943897258638543,0.0
3.45,-62.52459793993107,-11.196939749565733,2.8,0.7997911572125241,0.0017818263259110289,0.0,0.79999992296129,0.0003510867844890861,0.0,DEPTH_PROPOSAL_CERTIFIED,2.5304534181426823,0,11,0,0,0,FULL_MOTION_CERTIFICATE,0,0,0,3,0,0,0,0,0,,3.516666666,0.799999958664,0.000257171496149,0,0.99999994833,0.000321464370186,0,0.99999994833,0.000321464370186,0,0.799983275824,5.01401737929e-05,0,0.7999793255097121,0.002033122978007784,0.0
3.466666666666667,-62.511267848051624,-11.19690971373581,2.8,0.7998055127666455,0.0018021497954158775,0.0,0.7999752579196027,0.006291797554382399,0.0,DEPTH_PROPOSAL_CERTIFIED,2.521477176908324,0,12,0,0,0,FULL_MOTION_CERTIFICATE,0,0,0,3,0,0,0,0,0,,3.533333333,0.799999992232,0.000111481356753,0,0.999999990291,0.000139351695941,0,0.999999990291,0.000139351695941,0,0.799984542218,5.4787233201e-05,0,0.7999806505269251,0.0020500961233750337,0.0
3.4833333333333334,-62.49793753345433,-11.196879358970863,2.8,0.7998188758373512,0.0018212858968422812,0.0,0.7999975684500351,-0.001972428460397826,0.0,DEPTH_PROPOSAL_CERTIFIED,2.5125010183721015,0,12,0,0,0,FULL_MOTION_CERTIFICATE,0,0,0,3,0,0,0,0,0,,3.55,0.799999932534,0.000328550114507,0,0.999999915668,0.000410687643133,0,0.999999915668,0.000410687643133,0,0.799985708151,7.55268458359e-05,0,0.7999819052999609,0.002054746334244406,0.0
3.5,-62.4846070116051,-11.196848683242658,2.8,0.7998313109542482,0.0018405436923010104,0.0,0.799979093903864,-0.005783538428404067,0.0,DEPTH_PROPOSAL_CERTIFIED,2.503524954446245,0,12,0,0,0,FULL_MOTION_CERTIFICATE,0,0,0,3,0,0,0,0,0,,3.566666666,0.799999925076,0.000346234824141,0,0.999999906345,0.000432793530177,0,0.999999906345,0.000432793530177,0,0.799986785191,9.60350251902e-05,0,0.7999830193803908,0.0020754887968975066,0.0
3.5166666666666666,-62.471276295635796,-11.196817688965018,2.8,0.7998429581580211,0.0018596566583845564,0.0,0.799979093903864,-0.005783538428404067,0.0,DEPTH_PROPOSAL_CERTIFIED,2.4945489922074993,0,12,0,0,0,FULL_MOTION_CERTIFICATE,0,0,0,4,0,0,0,0,0,,3.583333333,0.799999998162,5.42270289168e-05,0,0.999999997703,6.7783786146e-05,0,0.999999997703,6.7783786146e-05,0,0.799987786174,9.28677526819e-05,0,0.7999850540440505,0.002092834844603819,0.0
3.533333333333333,-62.45794541001517,-11.196783875076017,2.8,0.7998531372377465,0.0020288333400459305,0.0,0.7999925056571494,0.0034627867961860635,0.0,DEPTH_PROPOSAL_CERTIFIED,2.485574983505629,0,12,0,0,0,FULL_MOTION_CERTIFICATE,0,0,0,4,0,0,0,0,0,,3.6,0.799999894575,-0.000410706046803,0,0.999999868219,-0.000513382558503,0,0.999999868219,-0.000513382558503,0,0.799988703477,5.4718221655e-05,0,0.7999773220103972,0.0040927888563147,0.0
3.55,-62.44461435215948,-11.196752606882281,2.8,0.7998634713413094,0.0018760916241032928,0.0,0.7999850472569126,0.0048912335208454874,0.0,DEPTH_PROPOSAL_CERTIFIED,2.476598989332969,0,12,0,0,0,FULL_MOTION_CERTIFICATE,0,0,0,4,0,0,0,0,0,,3.616666666,0.799999843325,-0.000500678823645,0,0.999999804157,-0.000625848529556,0,0.999999804157,-0.000625848529556,0,0.799989547405,1.26426896031e-05,0,0.7999895474047768,1.2642689603103996e-05,0.0
3.566666666666667,-62.431283138313276,-11.19672116631126,2.8,0.7998728307724263,0.0018864342613152563,0.0,0.799986057021373,-0.004723195041124943,0.0,DEPTH_PROPOSAL_CERTIFIED,2.4676230152896252,0,12,0,0,0,FULL_MOTION_CERTIFICATE,0,0,0,4,0,0,0,0,0,,3.633333333,0.799999947857,-0.000288839108002,0,0.999999934822,-0.000361048885002,0,0.999999934822,-0.000361048885002,0,0.799990335318,-1.01968409752e-05,0,0.7999870158320521,0.0020126144353012076,0.0
3.5833333333333335,-62.41795177922708,-11.19668959525705,2.8,0.7998815451715953,0.0018942632525699413,0.0,0.799991562942153,-0.003674128654699262,0.0,DEPTH_PROPOSAL_CERTIFIED,2.4586470378828884,0,12,0,0,0,FULL_MOTION_CERTIFICATE,0,0,0,4,0,0,0,0,0,,3.65,0.799999909907,-0.000379670238222,0,0.999999887383,-0.000474587797778,0,0.999999887383,-0.000474587797778,0,0.799991060666,-3.81872504174e-05,0,0.7999878608414563,0.0019897769458770975,0.0
3.6,-62.404620284899735,-11.196657938943769,2.8,0.7998896596406246,0.0018993787968655657,0.0,0.7999799069627392,0.005669960836474492,0.0,DEPTH_PROPOSAL_CERTIFIED,2.44967103067201,0,12,0,0,0,FULL_MOTION_CERTIFICATE,0,0,0,4,0,0,0,0,0,,3.666666666,0.799999777015,-0.000597307201673,0,0.999999721269,-0.000746634002092,0,0.999999721269,-0.000746634002092,0,0.799991720995,-8.05448207879e-05,0,0.7999886561627827,0.0019617884372721828,0.0
3.6166666666666667,-62.391288664609334,-11.196626257309966,2.8,0.7998972174242149,0.0019008980281705213,0.0,0.7999799069627392,0.005669960836474492,0.0,DEPTH_PROPOSAL_CERTIFIED,2.4407490062222696,0,12,0,0,0,FULL_MOTION_CERTIFICATE,0,0,0,4,0,0,0,0,0,,3.683333333,0.799999890029,-0.000419469087446,0,0.999999862536,-0.000524336359308,0,0.999999862536,-0.000524336359308,0,0.799992339861,-0.000106220902109,0,0.7999894223840172,0.0019194326500909797,0.0
3.6333333333333333,-62.37795692348213,-11.196597100825679,2.8,0.7999044676321408,0.0017493890572218148,0.0,0.7999969390277502,0.002213040042623246,0.0,DEPTH_PROPOSAL_CERTIFIED,2.431853713025498,0,12,0,0,0,FULL_MOTION_CERTIFICATE,0,0,0,4,0,0,0,0,0,,3.7,0.799999999922,-1.11741224237e-05,0,0.999999999902,-1.39676530296e-05,0,0.999999999902,-1.39676530296e-05,0,0.799992920169,-9.90203883524e-05,0,0.7999929201688367,-9.9020388352411e-05,0.0
3.65,-62.36462507351641,-11.196567752963764,2.8,0.7999109979435678,0.001760871714871224,0.0,0.7999756618996994,-0.006240221801973082,0.0,DEPTH_PROPOSAL_CERTIFIED,2.4229584851550485,0,13,0,0,0,FULL_MOTION_CERTIFICATE,0,0,0,4,0,0,0,0,0,,3.716666666,0.799999925326,0.00034565701913,0,0.999999906657,0.000432071273912,0,0.999999906657,0.000432071273912,0,0.799993450863,-6.53327073149e-05,0,0.7999906677429762,0.0019009601381940189,0.0
3.6666666666666665,-62.35129312239377,-11.196538185686034,2.8,0.7999170673581375,0.0017740366637969197,0.0,0.7999997712418627,-0.0006049900556554454,0.0,DEPTH_PROPOSAL_CERTIFIED,2.4140633482952367,0,13,0,0,0,FULL_MOTION_CERTIFICATE,0,0,0,4,0,0,0,0,0,,3.733333333,0.799999965105,0.000236288893678,0,0.999999956381,0.000295361117097,0,0.999999956381,0.000295361117097,0,0.799993944366,-4.24825855706e-05,0,0.7999911142158882,0.001934649040690406,0.0
3.683333333333333,-62.337961077226645,-11.196508386762268,2.8,0.7999227100273929,0.001787935425992972,0.0,0.7999744306521127,0.006396116230040747,0.0,DEPTH_PROPOSAL_CERTIFIED,2.405168316149029,0,13,0,0,0,FULL_MOTION_CERTIFICATE,0,0,0,4,0,0,0,0,0,,3.75,0.799999989666,0.000128583285926,0,0.999999987083,0.000160729107407,0,0.999999987083,0.000160729107407,0,0.799994402343,-2.9523049592e-05,0,0.7999915505923081,0.001957500324784811,0.0
3.7,-62.324628944602274,-11.196478357376963,2.8,0.7999279574623941,0.001801763118357678,0.0,0.7999993197865313,-0.0010432358733001115,0.0,DEPTH_PROPOSAL_CERTIFIED,2.3962733922260693,0,13,0,0,0,FULL_MOTION_CERTIFICATE,0,0,0,4,0,0,0,0,0,,3.766666666,0.799999913073,0.000372937526255,0,0.999999891342,0.000466171907819,0,0.999999891342,0.000466171907819,0,0.799994819823,9.66386752648e-07,0,0.7999919761694081,0.001970460965207088,0.0
3.716666666666667,-62.31129673071532,-11.196448076491365,2.8,0.7999328332170729,0.0018168531359040764,0.0,0.7999993197865313,-0.0010432358733001115,0.0,DEPTH_PROPOSAL_CERTIFIED,2.387378596074239,0,13,0,0,0,FULL_MOTION_CERTIFICATE,0,0,0,4,0,0,0,0,0,,3.783333333,0.799999872975,0.000450822341309,0,0.999999841218,0.000563527926636,0,0.999999841218,0.000563527926636,0,0.799995202637,3.50463839915e-05,0,0.7999923174241534,0.002000951349970137,0.0
3.7333333333333334,-62.297964441346274,-11.196417520127152,2.8,0.7999373621428701,0.001833381852710155,0.0,0.7999765348235681,-0.006127293992999942,0.0,DEPTH_PROPOSAL_CERTIFIED,2.3784839491171543,0,13,0,0,0,FULL_MOTION_CERTIFICATE,0,0,0,4,0,0,0,0,0,,3.8,0.799999887557,0.00042415722013,0,0.999999859446,0.000530196525163,0,0.999999859446,0.000530196525163,0,0.799995557555,6.4524478228e-05,0,0.7999926150375963,0.002035032197744313,0.0
3.75,-62.28463208185839,-11.1963866719331,2.8,0.7999415692729162,0.0018508916431985013,0.0,0.7999957025858158,0.0026221831032576704,0.0,DEPTH_PROPOSAL_CERTIFIED,2.369589466901797,0,13,0,0,0,FULL_MOTION_CERTIFICATE,0,0,0,4,0,0,0,0,0,,3.816666666,0.799999995538,8.4496656777e-05,0,0.999999994422,0.000105620820971,0,0.999999994422,0.000105620820971,0,0.799995893766,6.60375219969e-05,0,0.7999928962594778,0.002064511087156329,0.0
3.7666666666666666,-62.27129965714398,-11.196355552106063,2.8,0.7999454828648614,0.00186718962225339,0.0,0.7999814248012692,0.005451602785543318,0.0,DEPTH_PROPOSAL_CERTIFIED,2.3606951378540972,0,13,0,0,0,FULL_MOTION_CERTIFICATE,0,0,0,4,0,0,0,0,0,,3.833333333,0.799999999988,4.34069610816e-06,0,0.999999999985,5.4258701352e-06,0,0.999999999985,5.4258701352e-06,0,0.799996204844,6.13635199422e-05,0,0.7999932286865943,0.0020660249667230346,0.0
3.783333333333333,-62.25796717173691,-11.196324187124814,2.8,0.7999491244241943,0.0018818988748832367,0.0,0.7999898644818165,-0.004026999672810962,0.0,DEPTH_PROPOSAL_CERTIFIED,2.3518009455566693,0,13,0,0,0,FULL_MOTION_CERTIFICATE,0,0,0,4,0,0,0,0,0,,3.85,0.799999968401,0.000224852895817,0,0.999999960501,0.000281066119772,0,0.999999960501,0.000281066119772,0,0.799996489962,7.37490789683e-05,0,0.7999935514480555,0.0020613517569673667,0.0
3.8,-62.24463462991421,-11.196292579922462,2.8,0.7999525093618519,0.001896432141186235,0.0,0.7999878233104782,-0.00441390472973925,0.0,DEPTH_PROPOSAL_CERTIFIED,2.3429068906904713,0,13,0,0,0,FULL_MOTION_CERTIFICATE,0,0,0,4,0,0,0,0,0,,3.866666666,0.799999986258,0.000148281025158,0,0.999999982822,0.000185351281448,0,0.999999982822,0.000185351281448,0,0.799996754832,7.93954383023e-05,0,0.7999938056012746,0.0020737379900828135,0.0
3.816666666666667,-62.231302035633185,-11.196260741719032,2.8,0.7999556568613704,0.0019102922057894454,0.0,0.7999878233104782,-0.00441390472973925,0.0,DEPTH_PROPOSAL_CERTIFIED,2.3340129676466264,0,13,0,0,0,FULL_MOTION_CERTIFICATE,0,0,0,4,0,0,0,0,0,,3.883333333,0.799999990493,-0.00012333397463,0,0.999999988116,-0.000154167468288,0,0.999999988116,-0.000154167468288,0,0.799996999958,6.40371491366e-05,0,0.799994056355496,0.0020793849939486075,0.0
3.8333333333333335,-62.21796939250997,-11.19622870940555,2.8,0.7999585873927979,0.001921938808804746,0.0,0.7999833304263179,0.005164401225388213,0.0,DEPTH_PROPOSAL_CERTIFIED,2.3251191517673475,0,14,0,0,0,FULL_MOTION_CERTIFICATE,0,0,0,4,0,0,0,0,0,,3.9,0.799999844047,-0.000499525102322,0,0.999999805058,-0.000624406377902,0,0.999999805058,-0.000624406377902,0,0.799997215419,2.13430383237e-05,0,0.7999943398762143,0.0020640273655914143,0.0
3.85,-62.20463670035961,-11.196199121670897,2.8,0.7999615290217569,0.0017752640792498117,0.0,0.7999940590333867,0.003083100920545376,0.0,DEPTH_PROPOSAL_CERTIFIED,2.316223508271544,0,14,0,0,0,FULL_MOTION_CERTIFICATE,0,0,0,4,0,0,0,0,0,,3.916666666,0.799999874897,-0.000447397687728,0,0.999999843621,-0.00055924710966,0,0.999999843621,-0.00055924710966,0,0.799997416895,-1.41676213204e-05,0,0.7999974168950562,-1.4167621320393398e-05,0.0
3.8666666666666667,-62.19130396600811,-11.196169268077906,2.8,0.7999640610900667,0.0017912155794479378,0.0,0.7999778071462387,-0.005958865118075529,0.0,DEPTH_PROPOSAL_CERTIFIED,2.3073280291447,0,14,0,0,0,FULL_MOTION_CERTIFICATE,0,0,0,4,0,0,0,0,0,,3.933333333,0.799999963543,-0.000241518073625,0,0.999999954429,-0.000301897592031,0,0.999999954429,-0.000301897592031,0,0.799997609823,-3.13911407788e-05,0,0.7999949523234469,0.0019858238818650786,0.0
3.8833333333333333,-62.17797119235456,-11.196139190513552,2.8,0.79996641921275,0.0018046538611980435,0.0,0.7999985031609183,-0.0015475594625959873,0.0,DEPTH_PROPOSAL_CERTIFIED,2.2984326855871657,0,14,0,0,0,FULL_MOTION_CERTIFICATE,0,0,0,4,0,0,0,0,0,,3.95,0.799999900343,-0.000399312930284,0,0.999999875429,-0.000499141162855,0,0.999999875429,-0.000499141162855,0,0.799997783347,-5.92640041776e-05,0,0.7999951883094863,0.001968600898549333,0.0
3.9,-62.16463838206932,-11.196108941137716,2.8,0.7999686171144582,0.0018149625502029963,0.0,0.799974737339141,0.006357642579783028,0.0,DEPTH_PROPOSAL_CERTIFIED,2.2895374411221536,0,14,0,0,0,FULL_MOTION_CERTIFICATE,0,0,0,4,0,0,0,0,0,,3.966666666,0.799999809924,-0.00055147263592,0,0.999999762405,-0.0006893407949,0,0.999999762405,-0.0006893407949,0,0.799997936876,-9.65525353938e-05,0,0.7999954315152977,0.0019407285560634202,0.0
3.9166666666666665,-62.15130553761596,-11.196078580047264,2.8,0.7999706672015874,0.0018216654270963113,0.0,0.799974737339141,0.006357642579783028,0.0,DEPTH_PROPOSAL_CERTIFIED,2.280642253324789,0,14,0,0,0,FULL_MOTION_CERTIFICATE,0,0,0,4,0,0,0,0,0,,3.983333333,0.799999942874,-0.000302328067898,0,0.999999928592,-0.000377910084873,0,0.999999928592,-0.000377910084873,0,0.799998088845,-0.000112141591198,0,0.7999956782645634,0.001903440525194755,0.0
3.933333333333333,-62.137972658358386,-11.196050632948296,2.8,0.7999727554546237,0.0016768259380492451,0.0,0.7999999948526256,-9.075130331357007e-05,0.0,DEPTH_PROPOSAL_CERTIFIED,2.2717452704531613,0,14,0,0,0,FULL_MOTION_CERTIFICATE,0,0,0,4,0,0,0,0,0,,4,0.799999980358,0.000177278472942,0,0.999999975447,0.000221598091177,0,0.999999975447,0.000221598091177,0,0.799998232142,-9.0215828325e-05,0,0.7999982321416654,-9.021582832496877e-05,0.0
3.95,-62.12463974980506,-11.196022391718,2.8,0.7999745131995634,0.0016944738177898685,0.0,0.7999749228440478,-0.006334257703934117,0.0,DEPTH_PROPOSAL_CERTIFIED,2.26284848138099,0,14,0,0,0,FULL_MOTION_CERTIFICATE,0,0,0,4,0,0,0,0,0,,4.016666666,0.799999871078,0.000454174956812,0,0.999999838848,0.000567718696015,0,0.999999838848,0.000567718696015,0,0.799998356304,-4.89741038279e-05,0,0.7999959576878279,0.0019097779506254686,0.0
3.966666666666667,-62.111306814148776,-11.195993826565937,2.8,0.7999761393772546,0.0017139091237638579,0.0,0.79999814446579,0.0017230354880474847,0.0,DEPTH_PROPOSAL_CERTIFIED,2.253951909373916,0,14,0,0,0,FULL_MOTION_CERTIFICATE,0,0,0,4,0,0,0,0,0,,4.033333333,0.799999948717,0.000286448399825,0,0.999999935896,0.000358060499781,0,0.999999935896,0.000358060499781,0,0.799998476941,-2.35633075884e-05,0,0.7999959787450883,0.0019510198566465298,0.0
3.9833333333333334,-62.097973853370675,-11.195964929947017,2.8,0.7999776466861883,0.0017337971352264815,0.0,0.79997831520683,0.00589026305369922,0.0,DEPTH_PROPOSAL_CERTIFIED,2.245055561248483,0,14,0,0,0,FULL_MOTION_CERTIFICATE,0,0,0,4,0,0,0,0,0,,4.05,0.799999959063,0.000255926760432,0,0.999999948829,0.00031990845054,0,0.999999948829,0.00031990845054,0,0.799998589223,-2.38981716336e-06,0,0.7999960358551796,0.0019764308750704895,0.0
4.0,-62.08464086929899,-11.19593570023789,2.8,0.7999790443011111,0.0017537825477118327,0.0,0.7999934353372873,-0.003240897598737803,0.0,DEPTH_PROPOSAL_CERTIFIED,2.236159439378163,0,14,0,0,0,FULL_MOTION_CERTIFICATE,0,0,0,4,0,0,0,0,0,,4.066666666,0.799999833781,0.00051570338595,0,0.955554753951,0.23824655841,-0.173648177667,0.999999792227,0.000644629232437,0,0.799750015989,0.00134990941051,-0.000971615724422,0.7999960952031693,0.001997604580033119,0.0
4.016666666666667,-62.071308802282296,-11.195903592381766,2.7999963195406172,0.7999240210016094,0.00192647136737433,-0.00022082756296578696,0.7999934353372873,-0.003240897598737803,0.0,DEPTH_PROPOSAL_CERTIFIED,2.2272662524319187,0,15,0,0,0,FULL_MOTION_CERTIFICATE,0,0,0,4,0,0,0,0,0,,4.083333333,0.799999851562,0.000487341229622,0,0.955554753951,0.23824655841,-0.173648177667,0.999999814452,0.000609176537028,0,0.799252736748,0.00403327496726,-0.00291492383115,0.7992527367476887,0.004033274967256806,-0.0029149238311483986
4.033333333333333,-62.05797759873163,-11.195866301544891,2.799989237444532,0.7998722130399172,0.002237450212555181,-0.00042492576510083256,0.7999840283360014,-0.005055136724551955,0.0,DEPTH_PROPOSAL_CERTIFIED,2.218377662147531,0,15,0,0,0,FULL_MOTION_CERTIFICATE,0,0,0,4,0,0,0,0,0,,4.099999999,0.799999948851,0.000286073181895,0,0.955554753951,0.23824655841,-0.173648177667,0.999999936064,0.000357591477369,0,0.798506728205,0.00804763827476,-0.00583001143219,0.7992401559072724,0.006031392123761581,-0.0029149238311483986
4.05,-62.04464814783152,-11.195819154107442,2.799975330745332,0.799767054006438,0.002828846246980479,-0.0008344019520017054,0.7999870975271767,0.004543543775912143,0.0,DEPTH_PROPOSAL_CERTIFIED,2.209497926987529,0,15,0,0,0,FULL_MOTION_CERTIFICATE,0,0,0,4,0,0,0,0,0,,4.116666666,0.799999993819,-9.94460149192e-05,0,0.955554753951,0.23824655841,-0.173648177667,0.999999992274,-0.000124307518649,0,0.797511962517,0.0133929189496,-0.00971698269262,0.7984841137979913,0.010043877866969142,-0.0058300114321923726
4.066666666666666,-62.03132158969149,-11.195756150850952,2.799950208666409,0.799593488402233,0.003780195389345402,-0.0015073247353819684,0.7999905699438122,0.003884327609069565,0.0,DEPTH_PROPOSAL_CERTIFIED,2.2006325394902553,0,15,0,0,0,FULL_MOTION_CERTIFICATE,0,0,0,4,0,0,0,0,0,,4.133333333,0.799999993321,-0.000103377979837,0,0.955554753951,0.23824655841,-0.173648177667,0.999999991651,-0.000129222474796,0,0.796268404992,0.0200690153694,-0.0145759673659,0.7974759880309312,0.015386654926197507,-0.009716982692621211
4.083333333333333,-62.017999296380026,-11.195670067510873,2.799908585776084,0.7993375986875355,0.005165000404746,-0.002497373419510766,0.7999807865090631,-0.005544476200768956,0.0,DEPTH_PROPOSAL_CERTIFIED,2.1917881464557425,0,15,0,0,0,FULL_MOTION_CERTIFICATE,0,0,0,4,0,0,0,0,0,,4.15,0.799999994805,9.11675372813e-05,0,0.955554753951,0.23824655841,-0.173648177667,0.999999993507,0.000113959421602,0,0.794776008433,0.0280757897532,-0.0204071419852,0.7962157441682266,0.02205962159263336,-0.01457596736588215
4.1,-62.00468285441116,-11.195552547757204,2.79984434954161,0.7989865181322331,0.007051185220128326,-0.003854174068423434,0.799996231329275,-0.002455577112865054,0.0,DEPTH_PROPOSAL_CERTIFIED,2.182972475352743,0,15,0,0,0,FULL_MOTION_CERTIFICATE,0,0,0,4,0,0,0,0,0,,4.166666666,0.799999996986,-6.94485967443e-05,0,0.955554753951,0.23824655841,-0.173648177667,0.999999996232,-8.68107459304e-05,0,0.79303469901,0.037413025507,-0.0272107826757,0.794703335357544,0.030062639967792792,-0.02040714198515805
4.116666666666666,-61.99137404859105,-11.19539418923074,2.799750622639703,0.7985283492064232,0.009501511587818399,-0.0056236141144279115,0.799996231329275,-0.002455577112865054,0.0,DEPTH_PROPOSAL_CERTIFIED,2.17427163890044,0,15,0,0,0,FULL_MOTION_CERTIFICATE,0,0,0,4,0,0,0,0,0,,4.183333333,0.799999949432,-0.00028444508588,0,0.955554753951,0.23824655841,-0.173648177667,0.99999993679,-0.000355556357351,0,0.791044316439,0.0480802560706,-0.0349874889902,0.7929386883115426,0.039395493273637394,-0.027210782675682617
4.133333333333334,-61.97807723673964,-11.195173487918398,2.7996098787685213,0.7978087110846028,0.01324207874048658,-0.008444632270891607,0.7999761507464259,0.006177235379341551,0.0,DEPTH_PROPOSAL_CERTIFIED,2.1656718352165663,0,15,0,0,0,FULL_MOTION_CERTIFICATE,0,0,0,5,0,0,0,0,0,,4.2,0.799999829879,-0.000521721220827,0,0.955554753951,0.23824655841,-0.173648177667,0.999999787349,-0.000652151526034,0,0.789029125998,0.058876998003,-0.0428610537797,0.7890291259983946,0.05887699800303592,-0.04286105377974684
4.15,-61.96479169918512,-11.194892676371166,2.7994256798196773,0.7971322532707676,0.016848692833839586,-0.011051936930653357,0.7999995336996268,0.0008637594455408923,0.0,DEPTH_PROPOSAL_CERTIFIED,2.1571300113991008,0,15,0,0,0,FULL_MOTION_CERTIFICATE,0,0,0,5,0,0,0,0,0,,4.216666666,0.799999930091,-0.000334445387675,0,0.955554753951,0.23824655841,-0.173648177667,0.999999912614,-0.000418056734594,0,0.787166601616,0.0688558043255,-0.0501381359397,0.788879467941978,0.06084938477274643,-0.04286105377974684
4.166666666666667,-61.95151896497768,-11.194543714810335,2.799192129609458,0.7963640524464416,0.020937693649860777,-0.014013012613157546,0.7999744011116687,-0.006399809843034367,0.0,DEPTH_PROPOSAL_CERTIFIED,2.148654749686652,0,15,0,0,0,FULL_MOTION_CERTIFICATE,0,0,0,5,0,0,0,0,0,,4.233333333,0.799999983601,-0.000161984444131,0,0.955554753951,0.23824655841,-0.173648177667,0.999999979501,-0.000202480555164,0,0.785445177456,0.0780786410556,-0.0568639244222,0.7869920023896644,0.07082350360531947,-0.050138135939708804
4.183333333333334,-61.93826026678779,-11.194120126590024,2.798904474712611,0.7955218913930393,0.025415293218670844,-0.01725929381081548,0.7999996144486407,0.0007854183765966708,0.0,DEPTH_PROPOSAL_CERTIFIED,2.1402533610428387,0,16,0,0,0,FULL_MOTION_CERTIFICATE,0,0,0,5,0,0,0,0,0,,4.25,0.799999916415,-0.00036569852575,0,0.955554753951,0.23824655841,-0.173648177667,0.999999895519,-0.000457123157187,0,0.78385416422,0.0866027780194,-0.0630801834641,0.7852475265415318,0.08004200795815386,-0.05686392442224241
4.2,-61.925016577036594,-11.193616807501611,2.798558965157111,0.7946213850721473,0.03019914530476693,-0.020730573330002965,0.7999759946119535,0.006197422417100696,0.0,DEPTH_PROPOSAL_CERTIFIED,2.131932016482833,0,16,0,0,0,FULL_MOTION_CERTIFICATE,0,0,0,5,0,0,0,0,0,,4.266666666,0.799999883313,-0.000432087733272,0,0.955554753951,0.23824655841,-0.173648177667,0.999999854141,-0.00054010966659,0,0.78238368238,0.0944811465458,-0.0688255134365,0.7836352079572648,0.0885621407551394,-0.06308018346409046
4.216666666666667,-61.911790054942564,-11.193023130428188,2.798146025023146,0.7935913256419834,0.03562062440535577,-0.024776408037904527,0.7999759946119535,0.006197422417100696,0.0,DEPTH_PROPOSAL_CERTIFIED,2.123702536693649,0,16,0,0,0,FULL_MOTION_CERTIFICATE,0,0,0,5,0,0,0,0,0,,4.283333333,0.799999986884,-0.000144864701365,0,0.955554753951,0.23824655841,-0.173648177667,0.999999983605,-0.000181080876707,0,0.781024600594,0.101762669433,-0.0741355914743,0.7810246005939838,0.10176266943253995,-0.07413559147430378
4.233333333333333,-61.89857972422752,-11.192343475720312,2.797670762687872,0.7926198429028032,0.04077928247252054,-0.028515740116419608,0.7999964524839711,-0.0023824384695935313,0.0,DEPTH_PROPOSAL_CERTIFIED,2.115562079077573,0,16,0,0,0,FULL_MOTION_CERTIFICATE,0,0,0,5,0,0,0,0,0,,4.3,0.79999992686,0.000342088863345,0,0.955554753951,0.23824655841,-0.173648177667,0.999999908574,0.000427611079181,0,0.779768479551,0.108492561786,-0.0790433908648,0.7807677534848037,0.10371491089193094,-0.07413559147430378
4.25,-61.88538596552162,-11.191575863487888,2.7971317028137745,0.7916255223536549,0.04605673394548421,-0.03234359244584436,0.7999805150227082,-0.005583510007393368,0.0,DEPTH_PROPOSAL_CERTIFIED,2.1075140916664794,0,16,0,0,0,FULL_MOTION_CERTIFICATE,0,0,0,5,0,0,0,0,0,,4.316666666,0.799999842421,0.00050212163934,0,0.955554753951,0.23824655841,-0.173648177667,0.999999803026,0.000627652049175,0,0.778607519265,0.114712613427,-0.0835793869916,0.7794948116540457,0.11044164191564121,-0.07904339086482647
4.266666666666667,-61.872209008857986,-11.190719107268373,2.7965279512798973,0.7906173998179982,0.0514053731709022,-0.03622509203264574,0.7999908737368713,0.0038212481884002726,0.0,DEPTH_PROPOSAL_CERTIFIED,2.0995612928733514,0,16,0,0,0,FULL_MOTION_CERTIFICATE,0,0,0,5,0,0,0,0,0,,4.333333333,0.799999944346,0.000298406027706,0,0.955554753951,0.23824655841,-0.173648177667,0.999999930433,0.000373007534632,0,0.777534510448,0.120461449398,-0.0877717473135,0.7783183048829856,0.11665877172100197,-0.08357938699162282
4.283333333333333,-61.85904895430606,-11.18977270517255,2.7958591155853116,0.7896032731154192,0.05678412574945098,-0.04013014167513426,0.7999867816020079,0.004598832684656213,0.0,DEPTH_PROPOSAL_CERTIFIED,2.091705751329559,0,16,0,0,0,FULL_MOTION_CERTIFICATE,0,0,0,5,0,0,0,0,0,,4.35,0.799999923814,0.000349138431509,0,0.955554753951,0.23824655841,-0.173648177667,0.999999904767,0.000436423039386,0,0.776542790179,0.125774767484,-0.0916465045743,0.7772309273439556,0.1224049072077463,-0.08777174731349438
4.3,-61.845905790342805,-11.188736742971116,2.7951252339779744,0.7885898377955286,0.062157732085957255,-0.04403289644022458,0.7999843354148326,-0.005006305113433863,0.0,DEPTH_PROPOSAL_CERTIFIED,2.083948958078065,0,16,0,0,0,FULL_MOTION_CERTIFICATE,0,0,0,5,0,0,0,0,0,,4.366666666,0.799999782666,0.000589690652529,0,0.955554753951,0.23824655841,-0.173648177667,0.999999728332,0.000737113315662,0,0.77562620029,0.13068556117,-0.0952277193977,0.7762259268928631,0.1277157293913341,-0.09164650457432665
4.316666666666666,-61.832779410186234,-11.187611807936133,2.7943267124426607,0.7875828093941124,0.06749610209902547,-0.04791129211882009,0.7999843354148326,-0.005006305113433863,0.0,DEPTH_PROPOSAL_CERTIFIED,2.076291891846231,0,16,0,0,0,FULL_MOTION_CERTIFICATE,0,0,0,5,0,0,0,0,0,,4.383333333,0.799999868402,0.000458864377535,0,0.955554753951,0.23824655841,-0.173648177667,0.999999835503,0.000573580471918,0,0.774779048975,0.135224325318,-0.0985376302772,0.7752970628968354,0.13262421625845794,-0.09522771939768544
4.333333333333333,-61.819669626294896,-11.186398912362957,2.793464268763208,0.7865870334802426,0.07277373439053583,-0.051746620767182665,0.7999931574945199,-0.0033087704586807127,0.0,DEPTH_PROPOSAL_CERTIFIED,2.0687350780533937,0,16,0,0,0,FULL_MOTION_CERTIFICATE,0,0,0,5,0,0,0,0,0,,4.4,0.79999999246,0.000109836827159,0,0.955554753951,0.23824655841,-0.173648177667,0.999999990575,0.000137296033949,0,0.773996075792,0.139419243691,-0.101596790328,0.7744385673310307,0.13716084834696252,-0.0985376302772063
4.35,-61.806576183216904,-11.185099425802674,2.7925388829504714,0.7856065846794205,0.07796919361696979,-0.05552314876417684,0.7999785453611776,0.0058589215572792935,0.0,DEPTH_PROPOSAL_CERTIFIED,2.0612786421415747,0,16,0,0,0,FULL_MOTION_CERTIFICATE,0,0,0,5,0,0,0,0,0,,4.416666666,0.799999954396,-0.000270123775622,0,0.928507497929,0.266245240674,-0.258819045103,0.999999942995,-0.000337654719527,0,0.772721618207,0.144043174931,-0.106189628164,0.7736451093093907,0.14135379617946423,-0.10159679032750601
4.366666666666666,-61.79349946676617,-11.183714073922678,2.7915495243102106,0.7846029870439682,0.08312111279973926,-0.05936151841565124,0.7999979772798543,0.0017989853089291988,0.0,DEPTH_PROPOSAL_CERTIFIED,2.053923878466889,0,17,0,0,0,FULL_MOTION_CERTIFICATE,0,0,0,5,0,0,0,0,0,,4.433333333,0.799999975669,-0.000197307404463,0,0.928507497929,0.266245240674,-0.258819045103,0.999999969586,-0.000246634255578,0,0.770940287242,0.148973609611,-0.112340321617,0.7723590958914518,0.1459745268295271,-0.10618962816363904
4.383333333333334,-61.78044047448542,-11.182243142017455,2.790493273241666,0.7835395368450694,0.08825591431336943,-0.06337506411269316,0.7999750159570427,-0.006322487210702403,0.0,DEPTH_PROPOSAL_CERTIFIED,2.046673110117133,0,17,0,0,0,FULL_MOTION_CERTIFICATE,0,0,0,5,0,0,0,0,0,,4.45,0.799999998132,-5.46755988966e-05,0,0.928507497929,0.266245240674,-0.258819045103,0.999999997665,-6.83444986207e-05,0,0.768808901676,0.153823805385,-0.119515694068,0.7705654444185046,0.15090049277965414,-0.1123403216166019
4.4,-61.767400570079424,-11.180686996184676,2.789366137539339,0.7823942643596135,0.09336874996673257,-0.06762814213961754,0.7999999819938685,-0.0001697345285553955,0.0,DEPTH_PROPOSAL_CERTIFIED,2.0395290412386964,0,17,0,0,0,FULL_MOTION_CERTIFICATE,0,0,0,5,0,0,0,0,0,,4.466666666,0.799999951727,-0.000277915213081,0,0.928507497929,0.266245240674,-0.258819045103,0.999999939659,-0.000347394016351,0,0.766838984836,0.158306561808,-0.126147477289,0.7684219400370504,0.15574534493776304,-0.11951569406809531
4.416666666666667,-61.75438080890814,-11.179046438214778,2.7881651137875814,0.7811856702773151,0.09843347819390885,-0.07206142510545915,0.7999999819938685,-0.0001697345285553955,0.0,DEPTH_PROPOSAL_CERTIFIED,2.03249371686573,0,17,0,0,0,FULL_MOTION_CERTIFICATE,0,0,0,5,0,0,0,0,0,,4.483333333,0.799999896154,-0.000407619153164,0,0.928507497929,0.266245240674,-0.258819045103,0.999999870193,-0.000509523941455,0,0.765018304005,0.162449715734,-0.132276853077,0.7664408224732759,0.16022316256545968,-0.1261474772887271
4.433333333333334,-61.74138358576303,-11.17732021671437,2.7868809076404943,0.7798333887064771,0.10357329002441579,-0.07705236882521747,0.799974669089541,0.0063662245545891,0.0,DEPTH_PROPOSAL_CERTIFIED,2.0255727587919226,0,17,0,0,0,FULL_MOTION_CERTIFICATE,0,0,0,5,0,0,0,0,0,,4.5,0.799999859379,-0.000474334642985,0,0.928507497929,0.266245240674,-0.258819045103,0.999999824224,-0.000592918303731,0,0.763335553542,0.166278994357,-0.137941882206,0.7633355535422536,0.16627899435660068,-0.13794188220626924
4.45,-61.72840772109979,-11.175512412484663,2.785519820794694,0.7785518797943969,0.10846825378249163,-0.08166521074802441,0.7999986479881606,-0.0014707879232499393,0.0,DEPTH_PROPOSAL_CERTIFIED,2.018762684380792,0,17,0,0,0,FULL_MOTION_CERTIFICATE,0,0,0,5,0,0,0,0,0,,4.516666666,0.799999980444,-0.000176886744229,0,0.928507497929,0.266245240674,-0.258819045103,0.999999975556,-0.000221108430287,0,0.761780284271,0.169818175896,-0.143177742139,0.7629174710670177,0.16818681163101715,-0.13794188220626924
4.466666666666667,-61.71545357174095,-11.173624742295159,2.7840810666112787,0.777248961530546,0.11326021137024722,-0.0863252510049117,0.7999775953609275,-0.0059872297891568884,0.0,DEPTH_PROPOSAL_CERTIFIED,2.0120639611478093,0,17,0,0,0,FULL_MOTION_CERTIFICATE,0,0,0,5,0,0,0,0,0,,4.533333333,0.799999997686,-6.0845393449e-05,0,0.928507497929,0.266245240674,-0.258819045103,0.999999997108,-7.60567418113e-05,0,0.760342838339,0.173089237828,-0.148016946322,0.7613533587115656,0.17172209394086577,-0.14317774213893691
4.483333333333333,-61.70252131786431,-11.17165913101895,2.7825644188731697,0.7759352325982999,0.11793667657250592,-0.09099886428653337,0.7999943237165348,0.003013639216012271,0.0,DEPTH_PROPOSAL_CERTIFIED,2.005476635587329,0,17,0,0,0,FULL_MOTION_CERTIFICATE,0,0,0,5,0,0,0,0,0,,4.55,0.799999949835,-0.000283309811531,0,0.928507497929,0.266245240674,-0.258819045103,0.999999937293,-0.000354137264414,0,0.759014289828,0.176112492033,-0.152489544121,0.7599077396248977,0.17498955204006222,-0.14801694632231793
4.5,-61.68961098771931,-11.169617670249234,2.7809701313877953,0.7746198086997844,0.12248764618290874,-0.09565724912246551,0.7999830304240824,0.0052106653607640815,0.0,DEPTH_PROPOSAL_CERTIFIED,1.9990003805038423,0,17,0,0,0,FULL_MOTION_CERTIFICATE,0,0,0,5,0,0,0,0,0,,4.566666666,0.799999959336,-0.00025507480306,0,0.928507497929,0.266245240674,-0.258819045103,0.999999949169,-0.000318843503825,0,0.757786389007,0.178906711657,-0.156623308498,0.7585716371378952,0.17800947542982326,-0.15248954412083796
4.516666666666667,-61.67672334481901,-11.167501712507352,2.7792940425640036,0.7732585740182552,0.126957464512897,-0.10056532942750292,0.7999830304240824,0.0052106653607640815,0.0,DEPTH_PROPOSAL_CERTIFIED,1.992636735128106,0,17,0,0,0,FULL_MOTION_CERTIFICATE,0,0,0,5,0,0,0,0,0,,4.583333333,0.799999999363,3.19196320783e-05,0,0.928507497929,0.266245240674,-0.258819045103,0.999999999204,3.98995400978e-05,0,0.756651510904,0.181489248139,-0.160443909149,0.7566515109035975,0.1814892481387541,-0.16044390914895956
4.533333333333333,-61.663857246300395,-11.165314513801734,2.7775423494728866,0.7719659111169584,0.13123192233706857,-0.1051015854670072,0.7999881387124136,-0.004356365394247291,0.0,DEPTH_PROPOSAL_CERTIFIED,1.9863824323722739,0,17,0,0,0,FULL_MOTION_CERTIFICATE,0,0,0,6,0,0,0,0,0,,4.6,0.799999867016,0.00046127533328,0,0.928507497929,0.266245240674,-0.258819045103,0.99999983377,0.0005765941666,0,0.755602608416,0.183876137914,-0.163975070351,0.7561954237211387,0.18338030779196202,-0.16044390914895956
4.55,-61.65101303255807,-11.163058059691782,2.775712200404911,0.7706528245397423,0.13538724659712895,-0.10980894407854867,0.7999895546243869,-0.004088091470990394,0.0,DEPTH_PROPOSAL_CERTIFIED,1.9802378574571105,0,18,0,0,0,FULL_MOTION_CERTIFICATE,0,0,0,6,0,0,0,0,0,,4.616666666,0.799999854133,0.000483101335439,0,0.928507497929,0.266245240674,-0.258819045103,0.999999817666,0.000603876669299,0,0.754633168298,0.18608220257,-0.167238719139,0.7546331682977052,0.18608220256986582,-0.16723871913935492
4.566666666666666,-61.638189636012065,-11.1607352154866,2.7738095389946866,0.7694037927600986,0.13937065231089493,-0.11415968461345823,0.79998170853735,0.005409806434855485,0.0,DEPTH_PROPOSAL_CERTIFIED,1.974199923468153,0,18,0,0,0,FULL_MOTION_CERTIFICATE,0,0,0,6,0,0,0,0,0,,4.633333333,0.799999954246,0.000270566529249,0,0.928507497929,0.266245240674,-0.258819045103,0.999999942808,0.000338208161561,0,0.753737170556,0.188121141245,-0.170255121998,0.7541656050484469,0.18796820201883999,-0.16723871913935492
4.583333333333333,-61.625386617344844,-11.158348439157656,2.7718360500120065,0.7681811200332223,0.14320657973658,-0.11840933896079997,0.7999954638097396,0.0026940459980435744,0.0,DEPTH_PROPOSAL_CERTIFIED,1.9682670206837036,0,18,0,0,0,FULL_MOTION_CERTIFICATE,0,0,0,6,0,0,0,0,0,,4.65,0.799999902096,0.000395786573116,0,0.928507497929,0.266245240674,-0.258819045103,0.99999987762,0.000494733216395,0,0.752909051432,0.190005614865,-0.173043009485,0.7532645127653302,0.19000489432993803,-0.17025512199836948
4.6,-61.612603484327856,-11.155900197283222,2.7697935791220996,0.7669879810193783,0.1468945124660737,-0.12254825339442924,0.7999767127809821,-0.006104015738358885,0.0,DEPTH_PROPOSAL_CERTIFIED,1.962437372868143,0,18,0,0,0,FULL_MOTION_CERTIFICATE,0,0,0,6,0,0,0,0,0,,4.666666666,0.799999786086,0.000585031436198,0,0.928507497929,0.266245240674,-0.258819045103,0.999999732608,0.000731289295247,0,0.752143668653,0.191747325225,-0.175619693215,0.7524316850504815,0.19188729176589744,-0.17304300948470655
4.616666666666666,-61.59983970235964,-11.153392949637622,2.7676840988384797,0.765826918093045,0.15043485873593604,-0.1265688170171822,0.7999767127809821,-0.006104015738358885,0.0,DEPTH_PROPOSAL_CERTIFIED,1.9567216163729806,0,18,0,0,0,FULL_MOTION_CERTIFICATE,0,0,0,6,0,0,0,0,0,,4.683333333,0.799999914812,0.000369188955397,0,0.928507497929,0.266245240674,-0.258819045103,0.999999893515,0.000461486194246,0,0.751436269373,0.193357087933,-0.178001173783,0.7516619503917796,0.1936270832282565,-0.17561969321476875
4.633333333333334,-61.587094915918115,-11.150829628708966,2.7655068995875176,0.7646871864912062,0.1537992557193981,-0.13063195505772737,0.799999214461915,-0.0011210978187061978,0.0,DEPTH_PROPOSAL_CERTIFIED,1.952078648570403,0,18,0,0,0,FULL_MOTION_CERTIFICATE,0,0,0,6,0,0,0,0,0,,4.7,0.799999995894,-8.10485581424e-05,0,0.928507497929,0.266245240674,-0.258819045103,0.999999994868,-0.000101310697678,0,0.750782460949,0.194844898918,-0.180202239152,0.7507824609487724,0.19484489891763293,-0.18020223915237574
4.65,-61.574368303950685,-11.148212113350377,2.7632671115940117,0.7635967180460328,0.15705092151526573,-0.13438727961035224,0.7999744563480513,0.0063929015822085855,0.0,DEPTH_PROPOSAL_CERTIFIED,1.9475064721212543,0,18,0,0,0,FULL_MOTION_CERTIFICATE,0,0,0,6,0,0,0,0,0,,4.716666666,0.799999897598,-0.000404775013004,0,0.928507497929,0.266245240674,-0.258819045103,0.999999871998,-0.000505968766254,0,0.750178183503,0.196219996864,-0.18223655702,0.7502930030149182,0.19672124422485088,-0.18020223915237574
4.666666666666667,-61.56165925691801,-11.145542774878573,2.7609669078462007,0.7625428219604292,0.16016030830821837,-0.1380122248686754,0.7999998268804034,-0.0005262996528706834,0.0,DEPTH_PROPOSAL_CERTIFIED,1.9430026663828994,0,18,0,0,0,FULL_MOTION_CERTIFICATE,0,0,0,6,0,0,0,0,0,,4.733333333,0.799999956135,-0.0002649213021,0,0.928507497929,0.266245240674,-0.258819045103,0.999999945169,-0.000331151627626,0,0.749619684616,0.197490920804,-0.184116760017,0.7496852897160662,0.1980948271822407,-0.18223655702021824
4.683333333333334,-61.54896717873093,-11.142824818661419,2.758606297155812,0.7615246912249156,0.16307737302926043,-0.14163664142332572,0.7999755286223522,-0.006257284186306895,0.0,DEPTH_PROPOSAL_CERTIFIED,1.9385646575885307,0,18,0,0,0,FULL_MOTION_CERTIFICATE,0,0,0,6,0,0,0,0,0,,4.75,0.799999976665,-0.000193226003546,0,0.928507497929,0.266245240674,-0.258819045103,0.999999970831,-0.000241532504433,0,0.749103496252,0.198665562626,-0.18585452339,0.7491034962516496,0.19866556262597362,-0.18585452339005978
4.7,-61.53629141392682,-11.14005956405341,2.756189855806374,0.7605458882469096,0.16591527648054774,-0.1449864809662601,0.7999971410961729,0.0021387468176579214,0.0,DEPTH_PROPOSAL_CERTIFIED,1.9341903143334664,0,18,0,0,0,FULL_MOTION_CERTIFICATE,0,0,0,6,0,0,0,0,0,,4.75,0.799999976665,-0.000193226003546,0,0.928507497929,0.266245240674,-0.258819045103,0.999999970831,-0.000241532504433,0,0.749103496252,0.198665562626,-0.18585452339,0.7486044919152364,0.20053769858625303,-0.18585452339005978
4.716666666666667,-61.52362983796343,-11.137256098953417,2.7537177320639197,0.7596945578031913,0.16820790599959493,-0.14832742454726344,0.7999971410961729,0.0021387468176579214,0.0,DEPTH_PROPOSAL_CERTIFIED,1.9298715081271247,0,18,0,0,0,FULL_MOTION_CERTIFICATE,0,0,0,6,0,0,0,0,0,,4.783333333,0.799999858134,-0.000476429410455,0,0.944818029471,0.200827271748,-0.258819045103,0.999999822668,-0.000595536763069,0,0.74930832639,0.196177986132,-0.189086936236,0.7493083263898278,0.1961779861319706,-0.18908693623550432
4.733333333333333,-61.5109819981332,-11.134414953631275,2.751194144291556,0.7588703898141675,0.17046871932846913,-0.15141526634182714,0.7999796495243572,0.005706167442929268,0.0,DEPTH_PROPOSAL_CERTIFIED,1.9256069472694302,0,19,0,0,0,FULL_MOTION_CERTIFICATE,0,0,0,6,0,0,0,0,0,,4.8,0.799999917332,-0.0003636867741,0,0.944818029471,0.200827271748,-0.258819045103,0.999999896666,-0.000454608467625,0,0.749804242853,0.193487367235,-0.1904481711,0.7488155403480775,0.19805064194073463,-0.18908693623550432
4.75,-61.498346219171665,-11.131542378319345,2.7486212725485384,0.7581467376920398,0.17235451871582264,-0.15437230458105128,0.7999918586585788,-0.0036091661076270197,0.0,DEPTH_PROPOSAL_CERTIFIED,1.9213905678794667,0,19,0,0,0,FULL_MOTION_CERTIFICATE,0,0,0,6,0,0,0,0,0,,4.816666666,0.799999999989,4.26270893229e-06,0,0.944818029471,0.200827271748,-0.258819045103,0.999999999986,5.32838616536e-06,0,0.75026258986,0.191000583256,-0.191706282033,0.749318181802081,0.1953612712415353,-0.190448171099586
4.766666666666667,-61.485721000807814,-11.128643892499607,2.746001261945102,0.7575131018312351,0.17390914918432343,-0.15720063620618216,0.7999857426655842,-0.004776141936098548,0.0,DEPTH_PROPOSAL_CERTIFIED,1.9172170016556054,0,19,0,0,0,FULL_MOTION_CERTIFICATE,0,0,0,6,0,0,0,0,0,,4.833333333,0.799999998535,4.84086493252e-05,0,0.944818029471,0.200827271748,-0.258819045103,0.999999998169,6.05108116564e-05,0,0.750686213634,0.188702191857,-0.192869081605,0.7497827443294187,0.19287564090003317,-0.19170628203277904
4.783333333333333,-61.473105000864514,-11.125724359752397,2.743336215425758,0.7569599965980406,0.1751719648326369,-0.1599027911606547,0.7999853593783292,0.004839915322155868,0.0,DEPTH_PROPOSAL_CERTIFIED,1.913081506635073,0,19,0,0,0,FULL_MOTION_CERTIFICATE,0,0,0,6,0,0,0,0,0,,4.85,0.799999983367,-0.000163135885737,0,0.944818029471,0.200827271748,-0.258819045103,0.999999979208,-0.000203919857171,0,0.751077744699,0.186577921022,-0.193943790299,0.7502121127530672,0.19057831574206122,-0.19286908160521968
4.8,-61.46049701991532,-11.122788055457788,2.7406281878468954,0.756478856951612,0.17617825767654807,-0.1624816547317565,0.7999922164951419,0.0035289583718465245,0.0,DEPTH_PROPOSAL_CERTIFIED,1.9089799044467783,0,19,0,0,1,FULL_MOTION_CERTIFICATE,0,0,0,6,0,0,0,0,0,,4.866666666,0.799999998788,-4.40426311452e-05,0,0.944818029471,0.200827271748,-0.258819045103,0.999999998485,-5.50532889315e-05,0,0.751439614296,0.184614579917,-0.194937081607,0.7506089532651827,0.18845503037226471,-0.19394379029919848
4.816666666666666,-61.44789598735864,-11.119838728003584,2.737879181193696,0.7560619534006967,0.17695964725224053,-0.1649403991919757,0.7999922164951419,0.0035289583718465245,0.0,DEPTH_PROPOSAL_CERTIFIED,1.9049085234758403,0,19,0,0,1,FULL_MOTION_CERTIFICATE,0,0,0,6,0,0,0,0,0,,4.883333333,0.799999973876,0.000204446287349,0,0.944818029471,0.200827271748,-0.258819045103,0.999999967345,0.000255557859186,0,0.751774069551,0.18279997666,-0.195855123631,0.7509757300795302,0.18649260007568857,-0.19493708160665002
4.833333333333333,-61.435300948782526,-11.116879654095625,2.7350911407975182,0.7557023145667825,0.17754443447754062,-0.1672824237706685,0.7999793409027764,-0.005749272019957503,0.0,DEPTH_PROPOSAL_CERTIFIED,1.9008641474083694,0,19,0,0,1,FULL_MOTION_CERTIFICATE,0,0,0,6,0,0,0,0,0,,4.9,0.799999831688,0.000518940586862,0,0.944818029471,0.200827271748,-0.258819045103,0.99999978961,0.000648675733578,0,0.752083187287,0.181122843349,-0.196703617015,0.7513147207930294,0.18467883862620177,-0.19585512363072044
4.85,-61.42271011907961,-11.11391801916341,2.732264962261468,0.7554497821749301,0.177698095932826,-0.16957071216300504,0.7999973800128215,-0.002047430736662239,0.0,DEPTH_PROPOSAL_CERTIFIED,1.8968402282977843,0,19,0,0,1,FULL_MOTION_CERTIFICATE,0,0,0,6,0,0,0,0,0,,4.916666666,0.799999900176,0.00039964873881,0,0.944818029471,0.200827271748,-0.258819045103,0.999999875219,0.000499560923512,0,0.752368886994,0.179572765687,-0.19748783055,0.7523688869943309,0.1795727656873079,-0.19748783054951116
4.866666666666666,-61.410123749197126,-11.110951643033156,2.7294035348385663,0.7551821929492689,0.17798256781525584,-0.17168564537410397,0.799975375279243,0.006276858038416919,0.0,DEPTH_PROPOSAL_CERTIFIED,1.8928383501190242,0,19,0,0,2,FULL_MOTION_CERTIFICATE,0,0,0,6,0,0,0,0,0,,4.933333333,0.799999973312,0.000206641054543,0,0.944818029471,0.200827271748,-0.258819045103,0.99999996664,0.000258301318179,0,0.752632942801,0.178140118061,-0.198212634013,0.7519176043962026,0.1814531247808998,-0.19748783054951116
4.883333333333334,-61.397540289918894,-11.107986739836573,2.7265077679172443,0.7550075566940326,0.17789419179500934,-0.17374601527931904,0.7999998844701932,0.0004299391556143226,0.0,DEPTH_PROPOSAL_CERTIFIED,1.8888528655566028,0,19,0,0,2,FULL_MOTION_CERTIFICATE,0,0,0,6,0,0,0,0,0,,4.95,0.799999905109,0.000389648547291,0,0.944818029471,0.200827271748,-0.258819045103,0.999999881386,0.000487060684113,0,0.75287699438,0.176816004348,-0.198882528123,0.7528769943801504,0.176816004348002,-0.1988825281229417
4.9,-61.38496008184597,-11.10502082218225,2.723580262974655,0.7548124843755724,0.17795505925929728,-0.17565029655535105,0.7999744983368664,-0.006387645159135838,0.0,DEPTH_PROPOSAL_CERTIFIED,1.884885716034463,0,20,0,0,4,FULL_MOTION_CERTIFICATE,0,0,0,6,0,0,0,0,0,,4.966666666,0.79999984228,0.000502346442702,0,0.944818029471,0.200827271748,-0.258819045103,0.99999980285,0.000627933053377,0,0.753102557189,0.175592202355,-0.199501672641,0.7524326020903567,0.17869764232361024,-0.1988825281229417
4.916666666666667,-61.37238259001127,-11.102055511410754,2.720622642658221,0.7546495100816807,0.1779186462897867,-0.17745721898604644,0.7999744983368664,-0.006387645159135838,0.0,DEPTH_PROPOSAL_CERTIFIED,1.880935307377578,0,20,0,0,4,FULL_MOTION_CERTIFICATE,0,0,0,6,0,0,0,0,0,,4.983333333,0.799999966859,0.000230274097357,0,0.944818029471,0.200827271748,-0.258819045103,0.999999958573,0.000287842621697,0,0.75331103192,0.174461112563,-0.200073912307,0.7526612236962019,0.17747440806175785,-0.19950167264053006
4.933333333333334,-61.35980734184398,-11.099092189027262,2.7176364659108265,0.754514890037371,0.17779934300954733,-0.17917060484366662,0.7999990756818867,0.001216103666252289,0.0,DEPTH_PROPOSAL_CERTIFIED,1.8770002835321296,0,20,0,0,4,FULL_MOTION_CERTIFICATE,0,0,0,6,0,0,0,0,0,,5,0.799999957383,-0.000261125821327,0,0.944818029471,0.200827271748,-0.258819045103,0.999999946729,-0.000326407276659,0,0.75350371311,0.173415711394,-0.200602800482,0.7528725254967934,0.17634384299062694,-0.20007391230663293
4.95,-61.34723392078585,-11.096132023734956,2.7146232283103533,0.7544052634879413,0.17760991753838723,-0.18079425602838978,0.7999769391341914,0.006074278022135314,0.0,DEPTH_PROPOSAL_CERTIFIED,1.8730795010747432,0,20,0,0,4,FULL_MOTION_CERTIFICATE,0,0,0,6,0,0,0,0,0,,5.016666666,0.799999852716,-0.000485443156871,0,0.944818029471,0.200827271748,-0.258819045103,0.999999815894,-0.000606803946089,0,0.753681797229,0.172449507342,-0.201091621341,0.7530678195848989,0.17529892679023384,-0.20060280048201248
4.966666666666667,-61.33466196051665,-11.093175995748926,2.711584362723374,0.7543176161521279,0.177361679161811,-0.18233193521875782,0.7999951649104274,-0.0027813881315206647,0.0,DEPTH_PROPOSAL_CERTIFIED,1.8691720062341015,0,20,0,0,4,FULL_MOTION_CERTIFICATE,0,0,0,6,0,0,0,0,0,,5.033333333,0.799999944794,-0.000297203841219,0,0.944818029471,0.200827271748,-0.258819045103,0.999999930992,-0.000371504801524,0,0.753846390137,0.17155650051,-0.201543410346,0.7532483186552037,0.1743331709675809,-0.20109162134124783
4.983333333333333,-61.32209113973304,-11.090224918647685,2.7085212402233556,0.7542492470166692,0.17706462607442713,-0.1837873500011092,0.7999820601310591,-0.005357561802406853,0.0,DEPTH_PROPOSAL_CERTIFIED,1.865277014190307,0,20,0,0,4,FULL_MOTION_CERTIFICATE,0,0,0,6,0,0,0,0,0,,5.05,0.799999941475,-0.000306006519891,0,0.944818029471,0.200827271748,-0.258819045103,0.999999926844,-0.000382508149864,0,0.753998513886,0.170731145712,-0.20196097291,0.7534151435640724,0.17344057840834387,-0.2015434103457964
5.0,-61.30952117743023,-11.087279458995404,2.7054351712297655,0.7541977381685894,0.17672757913688616,-0.1851641396154132,0.7999891736805141,0.004161969962431829,0.0,DEPTH_PROPOSAL_CERTIFIED,1.8613938904388503,0,20,0,0,4,FULL_MOTION_CERTIFICATE,0,0,0,6,0,0,0,0,0,,5.066666666,0.799999803445,-0.000560792315462,0,0.944818029471,0.200827271748,-0.258819045103,0.999999754306,-0.000700990394328,0,0.754139113099,0.16996831784,-0.202346901923,0.7535693302220163,0.17261560649888627,-0.20196097290992188
5.016666666666667,-61.296951125073505,-11.084343423963354,2.7023269564605488,0.7542031414031896,0.17616210192302248,-0.18649288615300127,0.7999891736805141,0.004161969962431829,0.0,DEPTH_PROPOSAL_CERTIFIED,1.857519237711505,0,20,0,0,4,FULL_MOTION_CERTIFICATE,0,0,0,6,0,0,0,0,0,,5.083333333,0.799999854979,-0.000481699290335,0,0.944818029471,0.200827271748,-0.258819045103,0.999999818723,-0.000602124112918,0,0.754269060865,0.169263279914,-0.202703593912,0.7542690608653119,0.16926327991388532,-0.20270359391157594
5.033333333333333,-61.28438152675137,-11.081413719335684,2.6991982736259805,0.7541758993284577,0.17578227766024293,-0.1877209700741054,0.7999885237091382,0.00428508269159885,0.0,DEPTH_PROPOSAL_CERTIFIED,1.8536557877996862,0,20,0,0,4,FULL_MOTION_CERTIFICATE,0,0,0,7,0,0,0,0,0,,5.1,0.799999973853,-0.000204535490784,0,0.944818029471,0.200827271748,-0.258819045103,0.999999967317,-0.00025566936348,0,0.754389164103,0.168611653953,-0.20303326378,0.7538435460167292,0.17114842165433258,-0.20270359391157594
5.05,-61.27181219436532,-11.078490687914671,2.6960502570872387,0.7541599431628747,0.1753818852607767,-0.1888809923245191,0.7999826669403465,-0.005266174608824489,0.0,DEPTH_PROPOSAL_CERTIFIED,1.8498032464417986,0,20,0,0,4,FULL_MOTION_CERTIFICATE,0,0,0,7,0,0,0,0,0,,5.116666666,0.799999978646,0.000184841724258,0,0.852861883202,0.453474707203,-0.258819045103,0.999999973307,0.000231052155322,0,0.753940033142,0.169526470906,-0.20336038685,0.7539652779427621,0.1704970979872884,-0.20303326377956632
5.066666666666666,-61.25924367773914,-11.075572670503766,2.6928839584847015,0.7541109975705644,0.17508104465430024,-0.18997791615221818,0.7999946415530679,-0.0029280516352029997,0.0,DEPTH_PROPOSAL_CERTIFIED,1.8459633514333946,0,20,0,0,4,FULL_MOTION_CERTIFICATE,0,0,0,7,0,0,0,0,0,,5.133333333,0.799999985711,0.000151204899475,0,0.852861883202,0.453474707203,-0.258819045103,0.999999982138,0.000189006124344,0,0.7529225617,0.172008048294,-0.203682120941,0.7535138613443788,0.17141078925528752,-0.20336038685014696
5.083333333333333,-61.24667720758825,-11.072656157170439,2.68970035659329,0.7539882090535249,0.17499079999961645,-0.19101611348467043,0.7999773442806335,0.006020684155882308,0.0,DEPTH_PROPOSAL_CERTIFIED,1.842139721897314,0,21,0,0,4,FULL_MOTION_CERTIFICATE,0,0,0,7,0,0,0,0,0,,5.15,0.799999999719,-2.12055207475e-05,0,0.852861883202,0.453474707203,-0.258819045103,0.999999999649,-2.65069009343e-05,0,0.751337782535,0.176056745604,-0.20399518933,0.7524901891456435,0.173889815212474,-0.20368212094058777
5.1,-61.23411464263414,-11.069735926996294,2.686500366979852,0.753753897246416,0.17521381044866777,-0.19199937680628926,0.7999988156433147,0.001376578836763434,0.0,DEPTH_PROPOSAL_CERTIFIED,1.8383377196007142,0,21,0,0,4,FULL_MOTION_CERTIFICATE,0,0,0,7,0,0,0,0,0,,5.166666666,0.799999981324,0.00017286288823,0,0.852861883202,0.453474707203,-0.258819045103,0.999999976655,0.000216078610288,0,0.749186943281,0.181672986644,-0.204295644262,0.750895293199687,0.17793453792709382,-0.20399518933003888
5.116666666666666,-61.22155842045424,-11.066805177158168,2.6832848517761914,0.753373330794385,0.17584499028766062,-0.19293091221963116,0.7999988156433147,0.001376578836763434,0.0,DEPTH_PROPOSAL_CERTIFIED,1.834564321277488,0,21,0,0,4,FULL_MOTION_CERTIFICATE,0,0,0,7,0,0,0,0,0,,5.183333333,0.799999923566,0.000349705083074,0,0.852861883202,0.453474707203,-0.258819045103,0.999999904458,0.000437131353843,0,0.746471651283,0.188857302797,-0.204578414776,0.748730420079607,0.1835453843233734,-0.20429564426240232
5.133333333333334,-61.20901505070323,-11.063846945714555,2.6800543045469194,0.7526021850602146,0.17749388661668572,-0.19383283375630977,0.7999745959953934,-0.006375402889785492,0.0,DEPTH_PROPOSAL_CERTIFIED,1.8308370461327175,0,21,0,0,4,FULL_MOTION_CERTIFICATE,0,0,0,7,0,0,0,0,0,,5.2,0.799999839095,0.000507393526297,0,0.852861883202,0.453474707203,-0.258819045103,0.999999798869,0.000634241907871,0,0.743194207103,0.197610421831,-0.204836276504,0.7431942071033364,0.1976104218307908,-0.2048362765037882
5.15,-61.19648418641432,-11.060860969446116,2.6768098640818554,0.751851857334644,0.17915857610639904,-0.19466642790384603,0.7999999556746995,0.000266308991544931,0.0,DEPTH_PROPOSAL_CERTIFIED,1.8273362443384054,0,21,0,0,4,FULL_MOTION_CERTIFICATE,0,0,0,7,0,0,0,0,0,,5.216666666,0.799999956804,0.000262893152347,0,0.852861883202,0.453474707203,-0.258819045103,0.999999946006,0.000328616440434,0,0.73935864298,0.207933532174,-0.20505665648,0.7426978590826822,0.19946778788090175,-0.2048362765037882
5.166666666666667,-61.18396975565841,-11.057836328151215,2.673552304641316,0.7508658453545092,0.18147847769411998,-0.19545356643236764,0.799975139941326,0.006306780149645898,0.0,DEPTH_PROPOSAL_CERTIFIED,1.8243587419156784,0,21,0,0,4,FULL_MOTION_CERTIFICATE,0,0,0,7,0,0,0,0,0,,5.233333333,0.799999991712,0.000115154166687,0,0.852861883202,0.453474707203,-0.258819045103,0.99999998964,0.000143942708359,0,0.735035223468,0.219664307681,-0.205208064029,0.7388364991968646,0.20978127706431546,-0.20505665648033142
5.183333333333334,-61.17148035837423,-11.05474978292909,2.670282252227448,0.7493638370506748,0.18519271332753837,-0.19620314483207377,0.7999977638611614,-0.0018915118666079,0.0,DEPTH_PROPOSAL_CERTIFIED,1.8214680294476429,0,21,0,0,4,FULL_MOTION_CERTIFICATE,0,0,0,7,0,0,0,0,0,,5.25,0.7999999313,0.000331542015554,0,0.852861883202,0.453474707203,-0.258819045103,0.999999914125,0.000414427519443,0,0.731039335744,0.230506388055,-0.205348001308,0.7310393357438946,0.23050638805524287,-0.2053480013084886
5.2,-61.15901482857891,-11.05160371680945,2.667000653277625,0.7479317877193584,0.18876396717838903,-0.1968959369893779,0.7999788340390228,-0.0058193719219262665,0.0,DEPTH_PROPOSAL_CERTIFIED,1.8186613523653112,0,21,0,0,4,FULL_MOTION_CERTIFICATE,0,0,0,7,0,0,0,0,0,,5.266666666,0.799999922268,0.000352662949339,0,0.852861883202,0.453474707203,-0.258819045103,0.999999902835,0.000440828686673,0,0.727346167014,0.240527098087,-0.205477337271,0.730460785877299,0.23233326415876734,-0.2053480013084886
5.216666666666667,-61.14657960055649,-11.048380599304927,2.663708068294882,0.7461136813450366,0.1933870502713163,-0.1975550989645849,0.7999788340390228,-0.0058193719219262665,0.0,DEPTH_PROPOSAL_CERTIFIED,1.8159558731678787,0,21,0,0,4,FULL_MOTION_CERTIFICATE,0,0,0,7,0,0,0,0,0,,5.283333333,0.799999997701,6.06468533607e-05,0,0.852861883202,0.453474707203,-0.258819045103,0.999999997127,7.58085667008e-05,0,0.723932783578,0.249788664005,-0.205596875062,0.7239327835783115,0.24978866400502936,-0.2055968750621103
5.233333333333333,-61.134173170048044,-11.045083983488261,2.66040532955444,0.7443858305067778,0.19779694899997155,-0.19816432442651863,0.7999928127230157,0.003391104763633034,0.0,DEPTH_PROPOSAL_CERTIFIED,1.8133477160765263,0,21,0,0,4,FULL_MOTION_CERTIFICATE,0,0,0,7,0,0,0,0,0,,5.3,0.799999896786,-0.000406377855277,0,0.852861883202,0.453474707203,-0.258819045103,0.999999870982,-0.000507972319096,0,0.720777989802,0.258348596128,-0.20570735696,0.7233060502800197,0.25159771348956556,-0.2055968750621103
5.25,-61.121797365756706,-11.041708639410375,2.657093066783022,0.7425482574800718,0.20252064467316244,-0.19873576628509806,0.7999847133828697,0.0049455387702377505,0.0,DEPTH_PROPOSAL_CERTIFIED,1.8108417804370354,0,21,0,0,4,FULL_MOTION_CERTIFICATE,0,0,0,7,0,0,0,0,0,,5.316666666,0.799999842893,-0.000501369531614,0,0.852861883202,0.453474707203,-0.258819045103,0.999999803616,-0.000626711914517,0,0.717862195734,0.266260048056,-0.20580946901,0.7201298665542595,0.2601497318860917,-0.20570735695976736
5.266666666666667,-61.10945357403418,-11.038250551361605,2.6537718725687687,0.7406275033519353,0.20748528292624535,-0.1992716528551966,0.7999863955343343,-0.0046655074733353815,0.0,DEPTH_PROPOSAL_CERTIFIED,1.8084417600412683,0,22,0,0,4,FULL_MOTION_CERTIFICATE,0,0,0,7,0,0,0,0,0,,5.333333333,0.799999947492,-0.000289850080441,0,0.852861883202,0.453474707203,-0.258819045103,0.999999934365,-0.000362312600552,0,0.715167294985,0.273572148029,-0.205903845306,0.7171943029886697,0.2680538696138569,-0.20580946901039876
5.283333333333333,-61.097142795408764,-11.034706763910606,2.650442304374149,0.7386467175245618,0.21262724705995287,-0.19977409167719615,0.7999912422682534,-0.0037432998940434854,0.0,DEPTH_PROPOSAL_CERTIFIED,1.8061502976521,0,22,0,0,4,FULL_MOTION_CERTIFICATE,0,0,0,7,0,0,0,0,0,,5.35,0.799999910709,-0.000377976235349,0,0.852861883202,0.453474707203,-0.258819045103,0.999999888386,-0.000472470294186,0,0.712676553388,0.280330301022,-0.205991071881,0.7144811304306051,0.275359209491185,-0.20590384530559064
5.3,-61.08486569508673,-11.031075244303725,2.6471048864570492,0.7366260193221149,0.21789117641285435,-0.2002450750259924,0.799980188501609,0.005630098127937449,0.0,DEPTH_PROPOSAL_CERTIFIED,1.8039691230032582,0,22,0,0,4,FULL_MOTION_CERTIFICATE,0,0,0,7,0,0,0,0,0,,5.366666666,0.799999776889,-0.000597476397256,0,0.852861883202,0.453474707203,-0.258819045103,0.999999721111,-0.000746845496571,0,0.710374504478,0.286576472344,-0.206071690378,0.7119735012522627,0.28211111451825266,-0.2059910718813068
5.316666666666666,-61.07262264801621,-11.027354759627663,2.6437601117023837,0.734582824231366,0.22322908056370405,-0.20068648527994265,0.799980188501609,0.005630098127937449,0.0,DEPTH_PROPOSAL_CERTIFIED,1.8018991758925904,0,22,0,0,4,FULL_MOTION_CERTIFICATE,0,0,0,7,0,0,0,0,0,,5.383333333,0.799999888314,-0.000422725598019,0,0.852861883202,0.453474707203,-0.258819045103,0.999999860393,-0.000528406997524,0,0.708246853078,0.292349449233,-0.206146201418,0.7096558441242292,0.28835151120407065,-0.20607169037813583
5.333333333333333,-61.06041377904832,-11.023544767286998,2.6404084433667356,0.7325321380733917,0.22859954043995176,-0.20110010013887114,0.7999967153160277,0.002292484147525313,0.0,DEPTH_PROPOSAL_CERTIFIED,1.799940715836915,0,22,0,0,4,FULL_MOTION_CERTIFICATE,0,0,0,7,0,0,0,0,0,,5.4,0.799999999795,-1.81060148025e-05,0,0.852861883202,0.453474707203,-0.258819045103,0.999999999744,-2.26325185031e-05,0,0.706280387394,0.29768507938,-0.206215067682,0.7075137669461049,0.2941191509301739,-0.20614620141779882
5.35,-61.04824035104202,-11.019641319195854,2.637050236373687,0.7304056803779989,0.23420688546859095,-0.2014924195829198,0.7999758129257121,-0.006220830639564147,0.0,DEPTH_PROPOSAL_CERTIFIED,1.7980973238214335,0,22,0,0,4,FULL_MOTION_CERTIFICATE,0,0,0,7,0,0,0,0,0,,5.416666666,0.799999927424,0.00034076723906,0,0.852861883202,0.453474707203,-0.258819045103,0.999999909279,0.000425959048825,0,0.704462896494,0.302616494818,-0.2062787168,0.7044628964942063,0.3026164948179894,-0.20627871680031332
5.366666666666666,-61.036100637083415,-11.015649272848297,2.6336859860760713,0.7283828375160156,0.23952278085344259,-0.20185501785696477,0.799999702927584,-0.0006894314884789027,0.0,DEPTH_PROPOSAL_CERTIFIED,1.7963639778300728,0,22,0,0,4,FULL_MOTION_CERTIFICATE,0,0,0,7,0,0,0,0,0,,5.433333333,0.799999965826,0.000233833536536,0,0.852861883202,0.453474707203,-0.258819045103,0.999999957283,0.00029229192067,0,0.702783094193,0.307174318466,-0.20633754402,0.70370415459982,0.30437670454863286,-0.20627871680031332
5.383333333333334,-61.02399520631657,-11.01156648903662,2.6303160073734366,0.7263258460105925,0.2449670287006016,-0.20219872215807821,0.7999744117170318,0.006398484038356047,0.0,DEPTH_PROPOSAL_CERTIFIED,1.7947424603676199,0,22,0,0,4,FULL_MOTION_CERTIFICATE,0,0,0,7,0,0,0,0,0,,5.45,0.799999990459,0.000123551908835,0,0.852861883202,0.453474707203,-0.258819045103,0.999999988074,0.000154439886044,0,0.701230549644,0.311386852436,-0.206391914632,0.701230549644432,0.3113868524359382,-0.20639191463166204
5.4,-61.01192244720885,-11.007397629561812,2.6269407342358604,0.7243655464628141,0.25013156848847434,-0.20251638825456184,0.7999994247139843,-0.000959404656148142,0.0,DEPTH_PROPOSAL_CERTIFIED,1.7932279750317353,0,22,0,0,4,FULL_MOTION_CERTIFICATE,0,0,0,7,0,0,0,0,0,,5.45,0.799999990459,0.000123551908835,0,0.852861883202,0.453474707203,-0.258819045103,0.999999988074,0.000154439886044,0,0.701230549644,0.311386852436,-0.206391914632,0.7004498919799187,0.3131389539005217,-0.20639191463166204
5.416666666666667,-60.99988170869577,-11.00314430394016,2.6235605043078802,0.7224443107852839,0.2551995372990268,-0.20281379567881314,0.7999994247139843,-0.000959404656148142,0.0,DEPTH_PROPOSAL_CERTIFIED,1.791818677632341,0,22,0,0,4,FULL_MOTION_CERTIFICATE,0,0,0,7,0,0,0,0,0,,5.483333333,0.799999874379,0.000448323536981,0,0.852861883202,0.453474707203,-0.258819045103,0.999999842973,0.000560404421226,0,0.698469401288,0.318878702677,-0.206488610939,0.6990052355194156,0.3170287567877668,-0.20644216625467884
5.433333333333334,-60.98787225084952,-10.998808371827897,2.6201756344616416,0.7205674707747073,0.26015592673588794,-0.20309219077431948,0.7999763508732595,-0.006151263569678754,0.0,DEPTH_PROPOSAL_CERTIFIED,1.7905124830106147,0,22,0,0,4,FULL_MOTION_CERTIFICATE,0,0,0,7,0,0,0,0,0,,5.5,0.799999885416,0.000428175336103,0,0.852861883202,0.453474707203,-0.258819045103,0.99999985677,0.000535219170129,0,0.697243651663,0.322204540856,-0.206531537088,0.697670022645672,0.32062387786559443,-0.20648861093949697
5.45,-60.97589326207968,-10.994391895884137,2.6167864220064216,0.7187393261905921,0.2649885566256361,-0.203352747313198,0.7999959533470423,0.0025445291031688374,0.0,DEPTH_PROPOSAL_CERTIFIED,1.7893071118574806,0,23,0,0,4,FULL_MOTION_CERTIFICATE,0,0,0,7,0,0,0,0,0,,5.516666666,0.799999994816,9.1074998816e-05,0,0.852861883202,0.453474707203,-0.258819045103,0.99999999352,0.00011384374852,0,0.696110761928,0.325278421408,-0.206571211252,0.6964359622643868,0.3239466412805635,-0.20653153708751606
5.466666666666667,-60.963943874237636,-10.98989710034015,2.613393145834107,0.7169632705228374,0.26968773263923196,-0.20359657033887837,0.7999811238838871,0.005495582723689063,0.0,DEPTH_PROPOSAL_CERTIFIED,1.7882001318033662,0,23,0,0,4,FULL_MOTION_CERTIFICATE,0,0,0,7,0,0,0,0,0,,5.533333333,0.799999999957,8.30819748269e-06,0,0.852861883202,0.453474707203,-0.258819045103,0.999999999946,1.03852468534e-05,0,0.695063697106,0.3281194324,-0.206607879801,0.6952953913762301,0.32701768000510173,-0.20657121125217914
5.483333333333333,-60.95202317584409,-10.985326334680227,2.609996067503381,0.715241903612534,0.2742459395953826,-0.20382469984355633,0.7999901955760808,-0.003960679505355594,0.0,DEPTH_PROPOSAL_CERTIFIED,1.7871889933807164,0,23,0,0,4,FULL_MOTION_CERTIFICATE,0,0,0,7,0,0,0,0,0,,5.55,0.799999967162,0.000229216945856,0,0.852861883202,0.453474707203,-0.258819045103,0.999999958953,0.00028652118232,0,0.694095955379,0.330745215283,-0.206641770429,0.6942412273068336,0.32985606446042076,-0.20660787980062745
5.5,-60.940130223636736,-10.980682041898852,2.6065954322653506,0.7135771324413862,0.27865756688255333,-0.20403811428182353,0.7999874840266217,-0.004474974944714093,0.0,DEPTH_PROPOSAL_CERTIFIED,1.7862710614000936,0,23,0,0,4,FULL_MOTION_CERTIFICATE,0,0,0,7,0,0,0,0,0,,5.55,0.799999967162,0.000229216945856,0,0.852861883202,0.453474707203,-0.258819045103,0.999999958953,0.00028652118232,0,0.694095955379,0.330745215283,-0.206641770429,0.6932669241533828,0.33247941978603607,-0.20664177042868323
5.516666666666667,-60.92826405261693,-10.975966730848487,2.603191470033253,0.7119702611882809,0.28291866302193414,-0.20423773392585098,0.7999874840266217,-0.004474974944714093,0.0,DEPTH_PROPOSAL_CERTIFIED,1.785443642230537,0,23,0,0,4,FULL_MOTION_CERTIFICATE,0,0,0,7,0,0,0,0,0,,5.583333333,0.799999991434,-0.000117068766437,0,0.852861883202,0.453474707203,-0.258819045103,0.999999989293,-0.000146335958047,0,0.692374859207,0.335415081987,-0.206702043773,0.6923664319003959,0.33490403592238027,-0.20667309358298586
5.533333333333333,-60.91642368475683,-10.971182952239866,2.599784396298823,0.7104220716062004,0.2870267165172342,-0.20442442406577782,0.7999836553698567,0.005113818639962913,0.0,DEPTH_PROPOSAL_CERTIFIED,1.784704007426198,0,23,0,0,4,FULL_MOTION_CERTIFICATE,0,0,0,7,0,0,0,0,0,,5.6,0.799999845351,-0.000497431020838,0,0.852861883202,0.453474707203,-0.258819045103,0.999999806689,-0.000621788776047,0,0.691610817324,0.337488164132,-0.206728800767,0.6915341587048186,0.33714496915989556,-0.20670204377288537
5.55,-60.90460813651175,-10.966333277901185,2.5963744129978523,0.7089328947049858,0.2909804603208155,-0.20459899805825954,0.7999937700057479,0.003157206358569971,0.0,DEPTH_PROPOSAL_CERTIFIED,1.784049414096423,0,23,0,0,4,FULL_MOTION_CERTIFICATE,0,0,0,8,0,0,0,0,0,,5.616666666,0.799999873197,-0.000450428220109,0,0.868168381835,0.423434012184,-0.258819045103,0.999999841496,-0.000563035275136,0,0.691590138351,0.338069540201,-0.206754028833,0.6907649365101675,0.339216134724507,-0.20672880076653655
5.566666666666666,-60.8928155555527,-10.961421965940083,2.592961708698428,0.7075548575426928,0.29467871766612286,-0.2047622579654697,0.7999780410625279,-0.005927378658437933,0.0,DEPTH_PROPOSAL_CERTIFIED,1.783475353748111,0,23,0,0,4,FULL_MOTION_CERTIFICATE,0,0,0,8,0,0,0,0,0,,5.633333333,0.799999962839,-0.000243839488929,0,0.868168381835,0.423434012184,-0.258819045103,0.999999953549,-0.000304799361162,0,0.691813211622,0.338120878804,-0.206776847565,0.6907428041627173,0.3397974572788729,-0.20675402883343358
5.583333333333333,-60.88104392043854,-10.956453620347999,2.5895464607252667,0.7062981068493193,0.29810073552505567,-0.20491487838966466,0.7999983398855457,-0.0016297792399653942,0.0,DEPTH_PROPOSAL_CERTIFIED,1.7829769680439886,0,23,0,0,4,FULL_MOTION_CERTIFICATE,0,0,0,8,0,0,0,0,0,,5.65,0.799999900232,-0.000399535827517,0,0.868168381835,0.423434012184,-0.258819045103,0.99999987529,-0.000499419784396,0,0.692019385402,0.338168328119,-0.206797937604,0.6909657483901624,0.33984935340403627,-0.2067768475648432
5.6,-60.869291384193005,-10.951432501293187,2.586128835152087,0.7051521747321792,0.30126714328864895,-0.20505753439078436,0.7999748191287187,0.006347342749054067,0.0,DEPTH_PROPOSAL_CERTIFIED,1.782549767968769,0,23,0,0,4,FULL_MOTION_CERTIFICATE,0,0,0,8,0,0,0,0,0,,5.65,0.799999900232,-0.000399535827517,0,0.868168381835,0.423434012184,-0.258819045103,0.99999987529,-0.000499419784396,0,0.692019385402,0.338168328119,-0.206797937604,0.6911718029030695,0.33989731800448736,-0.20679793760444481
5.616666666666666,-60.857557214008025,-10.9463606809305,2.582708987113532,0.7040502110989731,0.30430922176127023,-0.20519088231328733,0.7999748191287187,0.006347342749054067,0.0,DEPTH_PROPOSAL_CERTIFIED,1.782191561715925,0,23,0,0,4,FULL_MOTION_CERTIFICATE,0,0,0,8,0,0,0,0,0,,5.683333333,0.799999940951,-0.000307372682161,0,0.835164340022,0.521868599887,-0.173648177667,0.999999926189,-0.000384215852701,0,0.690603464474,0.342281253046,-0.205584707762,0.6906062547738601,0.3414225791272497,-0.2068177269678235
5.633333333333334,-60.845841457735894,-10.941236340307483,2.579291806124676,0.7029453763280503,0.3074604373809391,-0.20503085933134466,0.7999999999784122,-5.877127339275578e-06,0.0,DEPTH_PROPOSAL_CERTIFIED,1.7819018987045756,0,24,0,0,4,FULL_MOTION_CERTIFICATE,0,0,0,8,0,0,0,0,0,,5.7,0.79999998178,0.000170739068877,0,0.835164340022,0.521868599887,-0.173648177667,0.999999977225,0.000213423836096,0,0.689466392123,0.345905267941,-0.203078578952,0.6894663921227926,0.3459052679408973,-0.20307857895164408
5.65,-60.83414381497519,-10.936061283252913,2.5758770901362995,0.7018585656420149,0.31050342327422553,-0.20488295930257946,0.7999748311433683,-0.0063458283257124245,0.0,DEPTH_PROPOSAL_CERTIFIED,1.78167908974102,0,24,0,0,4,FULL_MOTION_CERTIFICATE,0,0,0,8,0,0,0,0,0,,5.716666666,0.799999872736,0.000451245538967,0,0.835164340022,0.521868599887,-0.173648177667,0.99999984092,0.000564056923708,0,0.688063257932,0.350528350061,-0.199265219387,0.6885994752723819,0.3476278511723203,-0.20307857895164408
5.666666666666667,-60.8224646997118,-10.930833519143116,2.5724694672538773,0.7007469158034357,0.3136658465878381,-0.20445737294532573,0.799998316653835,0.0016411432083971165,0.0,DEPTH_PROPOSAL_CERTIFIED,1.7815230095456167,0,24,0,0,4,FULL_MOTION_CERTIFICATE,0,0,0,8,0,0,0,0,0,,5.733333333,0.799999949136,0.000285276078739,0,0.835164340022,0.521868599887,-0.173648177667,0.99999993642,0.000356595098424,0,0.68655327412,0.355601572121,-0.194693501322,0.6871847877727699,0.35224741101391155,-0.19926521938683028
5.683333333333334,-60.810805267823135,-10.92554688557299,2.569079507562622,0.699565913320131,0.3171980142075922,-0.2033975814753075,0.7999780739682345,0.005922935933646077,0.0,DEPTH_PROPOSAL_CERTIFIED,1.7814348980548491,0,24,0,0,4,FULL_MOTION_CERTIFICATE,0,0,0,8,0,0,0,0,0,,5.75,0.799999960363,0.000251831201022,0,0.835164340022,0.521868599887,-0.173648177667,0.999999950454,0.000314789001277,0,0.685157683024,0.360290459169,-0.190468125541,0.6851576830238122,0.3602904591685926,-0.19046812554108508
5.7,-60.79916516812717,-10.920203681028775,2.565705872941991,0.6984059817578107,0.3205922726528344,-0.20241807723786642,0.799993729610643,-0.0031674253982493464,0.0,DEPTH_PROPOSAL_CERTIFIED,1.7812428268283846,0,24,0,0,4,FULL_MOTION_CERTIFICATE,0,0,0,8,0,0,0,0,0,,5.766666666,0.799999836381,0.000511655191663,0,0.835164340022,0.521868599887,-0.173648177667,0.999999795476,0.000639568989579,0,0.683867818605,0.364624127233,-0.186562854227,0.6842548166975027,0.3620022256847893,-0.19046812554108508
5.716666666666667,-60.78754492993454,-10.914799823435683,2.562356814887857,0.6972142915574194,0.32423145558554356,-0.20094348324802805,0.799993729610643,-0.0031674253982493464,0.0,DEPTH_PROPOSAL_CERTIFIED,1.7788478734142705,0,24,0,0,4,FULL_MOTION_CERTIFICATE,0,0,0,8,0,0,0,0,0,,5.783333333,0.799999851678,0.000487149856307,0,0.835164340022,0.521868599887,-0.173648177667,0.999999814598,0.000608937320384,0,0.682675671113,0.368629487365,-0.182953436572,0.6826756711126464,0.3686294873645954,-0.1829534365719997
5.733333333333333,-60.77594421488152,-10.909337754267828,2.5590304715391223,0.6960429031813912,0.3277241500713378,-0.1995806009240865,0.7999837005715741,-0.005106742583111582,0.0,DEPTH_PROPOSAL_CERTIFIED,1.7763859620744342,0,24,0,0,4,FULL_MOTION_CERTIFICATE,0,0,0,8,0,0,0,0,0,,5.8,0.799999946764,0.000291852669136,0,0.835164340022,0.521868599887,-0.173648177667,0.999999933455,0.00036481583642,0,0.681573837826,0.372331411116,-0.179617459654,0.6817519649938462,0.37033502279802827,-0.1829534365719997
5.75,-60.76436294682702,-10.903817212839455,2.55572933417684,0.6948760832699621,0.3312324857023644,-0.1980682417369498,0.7999874370196056,0.004483370473499828,0.0,DEPTH_PROPOSAL_CERTIFIED,1.7738533386790714,0,24,0,0,4,FULL_MOTION_CERTIFICATE,0,0,0,8,0,0,0,0,0,,5.816666666,0.799999994607,-9.28883916976e-05,0,0.835164340022,0.521868599887,-0.173648177667,0.999999993259,-0.000116110489622,0,0.680555476821,0.375752885888,-0.17653420845,0.680640880350527,0.37403418040088865,-0.179617459653882
5.766666666666667,-60.75280094911901,-10.898238312051387,2.552455386250526,0.6937198624805366,0.3347340472840543,-0.196436875578841,0.799990241266941,0.003951439947872525,0.0,DEPTH_PROPOSAL_CERTIFIED,1.771246075853004,0,24,0,0,4,FULL_MOTION_CERTIFICATE,0,0,0,8,0,0,0,0,0,,5.833333333,0.799999993794,-9.96449924999e-05,0,0.835164340022,0.521868599887,-0.173648177667,0.999999992243,-0.000124556240625,0,0.679614264317,0.378915158226,-0.173684536702,0.6796139688495455,0.3774530985806712,-0.17653420844991374
5.783333333333333,-60.74125796026058,-10.892601483282608,2.5492101660248134,0.6925793315058245,0.3382097261267316,-0.19471321354273838,0.799981082543432,-0.005501597280663368,0.0,DEPTH_PROPOSAL_CERTIFIED,1.768560123320865,0,24,0,0,4,FULL_MOTION_CERTIFICATE,0,0,0,8,0,0,0,0,0,,5.85,0.799999994201,9.63216582261e-05,0,0.835164340022,0.521868599887,-0.173648177667,0.999999992752,0.000120402072783,0,0.678744355792,0.381837864472,-0.171050749182,0.678664853614337,0.38061300800739484,-0.17368453670228626
5.8,-60.72973364777899,-10.886907427488293,2.545994822648041,0.6914587488955273,0.3416433476589147,-0.19292060260634014,0.7999959875923223,-0.002533739565344542,0.0,DEPTH_PROPOSAL_CERTIFIED,1.765791350967194,0,24,0,0,5,FULL_MOTION_CERTIFICATE,0,0,0,8,0,0,0,0,0,,5.866666666,0.799999997631,-6.15717960277e-05,0,0.835164340022,0.521868599887,-0.173648177667,0.999999997038,-7.69647450346e-05,0,0.677940349477,0.384539153413,-0.16861649117,0.6777876410499009,0.38353353035154863,-0.17105074918228158
5.816666666666666,-60.718227620480306,-10.88115707187936,2.5428101662806584,0.6903616379210741,0.3450213365360107,-0.1910793820429734,0.7999959875923223,-0.002533739565344542,0.0,DEPTH_PROPOSAL_CERTIFIED,1.7629355854677704,0,25,0,0,5,FULL_MOTION_CERTIFICATE,0,0,0,8,0,0,0,0,0,,5.883333333,0.79999995129,-0.000279170096272,0,0.835164340022,0.521868599887,-0.173648177667,0.999999939113,-0.00034896262034,0,0.677197252685,0.387035799409,-0.166366646501,0.6769768840327446,0.3862328008365821,-0.16861649116989907
5.833333333333333,-60.70673943925481,-10.875351531617957,2.5396567128621923,0.6892908735296533,0.34833241568413276,-0.18920720510797057,0.7999763259976247,0.006154497813970517,0.0,DEPTH_PROPOSAL_CERTIFIED,1.7599886412580221,0,25,0,0,5,FULL_MOTION_CERTIFICATE,0,0,0,8,0,0,0,0,0,,5.9,0.799999829606,-0.000522140547806,0,0.835164340022,0.521868599887,-0.173648177667,0.999999787007,-0.000652675684757,0,0.676510451106,0.389343305554,-0.164287244613,0.6762275479543199,0.38872758129122215,-0.1663666465009359
5.85,-60.695268196405,-10.869491517133309,2.536537150645516,0.6882745709886297,0.3516008690789428,-0.18717373300056556,0.7999994385685554,0.0009477816184437185,0.0,DEPTH_PROPOSAL_CERTIFIED,1.7569454852411313,0,25,0,0,5,FULL_MOTION_CERTIFICATE,0,0,0,8,0,0,0,0,0,,5.916666666,0.799999928,-0.00033941159159,0,0.835164340022,0.521868599887,-0.173648177667,0.99999991,-0.000424264489487,0,0.675875679988,0.391476000496,-0.16236537329,0.6758756799881404,0.39147600049562553,-0.16236537329022419
5.866666666666666,-60.68381384710582,-10.86357902336142,2.533448912115343,0.6872609579513069,0.35474962631338947,-0.1852943118103882,0.7999744098037773,-0.006398723239700022,0.0,DEPTH_PROPOSAL_CERTIFIED,1.7538028918509023,0,25,0,0,6,FULL_MOTION_CERTIFICATE,0,0,0,8,0,0,0,0,0,,5.933333333,0.799999982921,-0.000165306739863,0,0.835164340022,0.521868599887,-0.173648177667,0.999999978651,-0.000206633424829,0,0.675288997554,0.393447127763,-0.160589098167,0.6748948788959699,0.39316446457363907,-0.16236537329022419
5.883333333333334,-60.67237529856066,-10.85761536885608,2.5303939399014155,0.686312912709577,0.3578192703203205,-0.18329833283564798,0.7999996927725124,0.0007011161715518424,0.0,DEPTH_PROPOSAL_CERTIFIED,1.750555675705797,0,25,0,0,6,FULL_MOTION_CERTIFICATE,0,0,0,8,0,0,0,0,0,,5.95,0.799999915448,-0.000367808632029,0,0.835164340022,0.521868599887,-0.173648177667,0.99999989431,-0.000459760790037,0,0.67474676076,0.395268927205,-0.158947389344,0.6747467607604712,0.39526892720487705,-0.15894738934381852
5.9,-60.66095260409608,-10.851602301109814,2.5273697138282607,0.6853616678747056,0.3607840647759683,-0.18145356438929727,0.7999758344745824,0.006218058917024373,0.0,DEPTH_PROPOSAL_CERTIFIED,1.7472009939181308,0,25,0,0,8,FULL_MOTION_CERTIFICATE,0,0,0,8,0,0,0,0,0,,5.966666666,0.799999880358,-0.000437523404984,0,0.835164340022,0.521868599887,-0.173648177667,0.999999850448,-0.000546904256229,0,0.674245602542,0.396952711433,-0.157430052495,0.6737564808892758,0.3969545571348718,-0.15894738934381852
5.916666666666667,-60.6495452007339,-10.845541439148358,2.5243758204721445,0.6844442017312555,0.36365171768743226,-0.17963360136697495,0.7999758344745824,0.006218058917024373,0.0,DEPTH_PROPOSAL_CERTIFIED,1.7437349030484097,0,25,0,0,8,FULL_MOTION_CERTIFICATE,0,0,0,8,0,0,0,0,0,,5.983333333,0.799999985745,-0.000151024619999,0,0.835164340022,0.521868599887,-0.173648177667,0.999999982181,-0.000188780774999,0,0.673782410827,0.398508936349,-0.156027665318,0.6732511147811636,0.39863708320729285,-0.15743005249464273
5.933333333333334,-60.638151799761026,-10.839434749475098,2.521413369138466,0.6836040583723157,0.36640138039561754,-0.17774708002071246,0.7999966838039065,-0.0023034545257890923,0.0,DEPTH_PROPOSAL_CERTIFIED,1.7401521755746,0,25,0,0,8,FULL_MOTION_CERTIFICATE,0,0,0,8,0,0,0,0,0,,6,0.799999929098,0.000336814115678,0,0.835164340022,0.521868599887,-0.173648177667,0.999999911372,0.000421017644597,0,0.673354309393,0.399947265435,-0.154731519596,0.6733543093932507,0.3999472654354783,-0.15473151959630987
5.95,-60.62677260550574,-10.833283579979584,2.5184799778558284,0.6827516553168426,0.3690701697308648,-0.17600347695825772,0.799980227884004,-0.005624499502802728,0.0,DEPTH_PROPOSAL_CERTIFIED,1.7364505304806719,0,25,0,0,8,FULL_MOTION_CERTIFICATE,0,0,0,8,0,0,0,0,0,,6.016666666,0.799999842784,0.000501543278887,0,0.835164340022,0.521868599887,-0.173648177667,0.99999980348,0.000626929098609,0,0.672958639911,0.401276630115,-0.153533566806,0.6723523380400702,0.4016293996208816,-0.15473151959630987
5.966666666666667,-60.61540704547891,-10.827089623108764,2.5155749576718676,0.6819336016099588,0.37163741224925995,-0.1743012110376427,0.7999911976302965,0.003752827473257809,0.0,DEPTH_PROPOSAL_CERTIFIED,1.73262630149629,0,25,0,0,8,FULL_MOTION_CERTIFICATE,0,0,0,8,0,0,0,0,0,,6.033333333,0.799999944246,0.000298673073077,0,0.869533634951,0.46233923485,-0.173648177667,0.999999930308,0.000373341341346,0,0.673387853945,0.401158206946,-0.152371043574,0.6719533463859761,0.4029577709736806,-0.1535335668061397
5.983333333333333,-60.604053544475406,-10.820856268499357,2.5126976270932904,0.6812100602104577,0.37400127656436133,-0.1726398347146279,0.7999864424634568,0.004657453667217132,0.0,DEPTH_PROPOSAL_CERTIFIED,1.7286740872230317,0,25,0,0,8,FULL_MOTION_CERTIFICATE,0,0,0,8,0,0,0,0,0,,6.05,0.79999992495,0.000346524890834,0,0.869533634951,0.46233923485,-0.173648177667,0.999999906188,0.000433156113542,0,0.674627476023,0.399586356627,-0.151301074776,0.6723828551365448,0.4028404212085984,-0.15237104357384737
6.0,-60.592709618796704,-10.814588481568878,2.509847239393424,0.6806355407219807,0.37606721582872005,-0.1710232619919835,0.7999846672787887,-0.004952990899018563,0.0,DEPTH_PROPOSAL_CERTIFIED,1.724586992688308,0,26,0,0,8,FULL_MOTION_CERTIFICATE,0,0,0,8,0,0,0,0,0,,6.066666666,0.799999783646,0.000588358489985,0,0.869533634951,0.46233923485,-0.173648177667,0.999999729558,0.000735448112481,0,0.676218342016,0.397335222721,-0.150363004159,0.6736264029625619,0.4012716748538968,-0.1513010747757219
6.016666666666667,-60.58136941389171,-10.808296468106452,2.507024032580615,0.6804122942998523,0.37752080774557883,-0.16939240876852502,0.7999846672787887,-0.004952990899018563,0.0,DEPTH_PROPOSAL_CERTIFIED,1.7203522163380334,0,26,0,0,8,FULL_MOTION_CERTIFICATE,0,0,0,8,0,0,0,0,0,,6.083333333,0.799999867171,0.000461005972028,0,0.869533634951,0.46233923485,-0.173648177667,0.999999833964,0.000576257465036,0,0.67768868795,0.395254629131,-0.149495999442,0.6776886879498853,0.3952546291312558,-0.14949599944233136
6.033333333333333,-60.57003389820346,-10.801979925848356,2.5042259474967534,0.6801309412945846,0.3789925354857807,-0.16788510503169216,0.7999928549407544,-0.0033811305418573363,0.0,DEPTH_PROPOSAL_CERTIFIED,1.7159696012425072,0,26,0,0,8,FULL_MOTION_CERTIFICATE,0,0,0,8,0,0,0,0,0,,6.1,0.799999991502,0.000116606905221,0,0.869533634951,0.46233923485,-0.173648177667,0.999999989377,0.000145758631526,0,0.679047644038,0.393331656271,-0.148694676903,0.676698434630319,0.396947613916244,-0.14949599944233136
6.05,-60.55869816445015,-10.795647522696576,2.5014530278729543,0.6801440251988471,0.37994418910670297,-0.16637517742793745,0.7999787985114007,0.005824253793903025,0.0,DEPTH_PROPOSAL_CERTIFIED,1.7098032627159547,0,26,0,0,8,FULL_MOTION_CERTIFICATE,0,0,0,8,0,0,0,0,0,,6.116666666,0.799999956288,-0.000264461432591,0,0.869533634951,0.46233923485,-0.173648177667,0.999999945359,-0.000330576790739,0,0.680303648831,0.391554363282,-0.147954060662,0.6803036488308486,0.39155436328195475,-0.14795406066212996
6.066666666666666,-60.547363467801894,-10.789298314358032,2.4987033672349708,0.680081798895489,0.38095250031268457,-0.16497963827901263,0.79999779033996,0.001880279548731107,0.0,DEPTH_PROPOSAL_CERTIFIED,1.702843566989265,0,26,0,0,8,FULL_MOTION_CERTIFICATE,0,0,0,9,0,0,0,0,0,,6.133333333,0.799999976403,-0.000194306795337,0,0.869533634951,0.46233923485,-0.173648177667,0.999999970504,-0.000242883494171,0,0.681464501818,0.389911713597,-0.147269551669,0.6793226379945209,0.3932538970256604,-0.14795406066212996
6.083333333333333,-60.53602825878611,-10.782935644334776,2.4959760678174545,0.6801125409469212,0.38176020139535133,-0.1636379650509815,0.7999751242700672,-0.006308767636437918,0.0,DEPTH_PROPOSAL_CERTIFIED,1.6958491156438775,0,26,0,0,8,FULL_MOTION_CERTIFICATE,0,0,0,9,0,0,0,0,0,,6.15,0.799999998474,-4.94188168393e-05,0,0.869533634951,0.46233923485,-0.173648177667,0.999999998092,-6.17735210491e-05,0,0.682537411396,0.388393507073,-0.146636899419,0.6804875939743943,0.39161415460388616,-0.14726955166900146
6.1,-60.52469121674664,-10.77656244598614,2.4932702343918978,0.680222522368488,0.3823919009180775,-0.16235000553339304,0.7999999594980794,-0.00025456447369830214,0.0,DEPTH_PROPOSAL_CERTIFIED,1.6888192757819418,0,26,0,0,8,FULL_MOTION_CERTIFICATE,0,0,0,9,0,0,0,0,0,,6.166666666,0.799999954141,-0.00027087565013,0,0.869533634951,0.46233923485,-0.173648177667,0.999999942677,-0.000338594562663,0,0.683529039884,0.386990316282,-0.146052175405,0.681564295711603,0.3900986350953367,-0.14663689941881378
6.116666666666666,-60.513351224067385,-10.770181285482407,2.4905849790346846,0.6803995607552729,0.3828696302240646,-0.16111532143279053,0.7999999594980794,-0.00025456447369830214,0.0,DEPTH_PROPOSAL_CERTIFIED,1.6817536456855269,0,26,0,0,8,FULL_MOTION_CERTIFICATE,0,0,0,9,0,0,0,0,0,,6.183333333,0.799999897971,-0.000404037881593,0,0.869533634951,0.46233923485,-0.173648177667,0.999999872464,-0.000505047351991,0,0.68444554506,0.38569342774,-0.145511748632,0.6825594290740475,0.388697927757107,-0.1460521754054399
6.133333333333334,-60.502005053285515,-10.763798073011362,2.4879200558216024,0.680770246911975,0.3829927482626225,-0.1598953927849167,0.799974604273853,0.006374364038258819,0.0,DEPTH_PROPOSAL_CERTIFIED,1.6746492961669617,0,26,0,0,8,FULL_MOTION_CERTIFICATE,0,0,0,9,0,0,0,0,0,,6.2,0.799999857668,-0.000477211408965,0,0.869533634951,0.46233923485,-0.173648177667,0.999999822085,-0.000596514261206,0,0.685292618024,0.384494788333,-0.145012263281,0.6852926180237402,0.3844947883330279,-0.1450122632808568
6.15,-60.49065438882486,-10.757410802373292,2.4852739244387023,0.6810398676395435,0.3832362382842332,-0.1587678829740031,0.7999987958125755,-0.0013880556290007437,0.0,DEPTH_PROPOSAL_CERTIFIED,1.6675091470161423,0,26,0,0,8,FULL_MOTION_CERTIFICATE,0,0,0,9,0,0,0,0,0,,6.216666666,0.79999997904,-0.000183126226461,0,0.869533634951,0.46233923485,-0.173648177667,0.999999973801,-0.000228907783077,0,0.686075518745,0.38338695501,-0.144550617758,0.6843292405158798,0.3862068165478839,-0.1450122632808568
6.166666666666667,-60.47929857911075,-10.751021177308893,2.482645744148247,0.6813485828464892,0.38337750386393554,-0.15769081742732557,0.7999773743464673,-0.006016687937071993,0.0,DEPTH_PROPOSAL_CERTIFIED,1.6603333125436626,0,26,0,0,8,FULL_MOTION_CERTIFICATE,0,0,0,9,0,0,0,0,0,,6.233333333,0.799999997382,-6.4725447419e-05,0,0.869533634951,0.46233923485,-0.173648177667,0.999999996727,-8.09068092737e-05,0,0.686799108852,0.382363048389,-0.144123945354,0.6851149083712275,0.38510094393630434,-0.14455061775785957
6.183333333333334,-60.46793709708208,-10.744630666707089,2.480034693746773,0.6816889217202744,0.38343063610819783,-0.15666302408840277,0.7999946032481667,0.002938498563620641,0.0,DEPTH_PROPOSAL_CERTIFIED,1.65312204173421,0,27,0,0,8,FULL_MOTION_CERTIFICATE,0,0,0,9,0,0,0,0,0,,6.25,0.79999994851,-0.000287025690568,0,0.869533634951,0.46233923485,-0.173648177667,0.999999935638,-0.00035878211321,0,0.687467881525,0.381416710452,-0.143729596617,0.6858410559804531,0.3840788494881977,-0.14412394535354467
6.2,-60.45656952506517,-10.738240530410422,2.4774399734304913,0.6820543210146522,0.3834081777999422,-0.155683218976923,0.7999827109402962,0.005259486345129894,0.0,DEPTH_PROPOSAL_CERTIFIED,1.645875700038955,0,27,0,0,8,FULL_MOTION_CERTIFICATE,0,0,0,9,0,0,0,0,0,,6.266666666,0.799999957026,-0.000262218521715,0,0.869533634951,0.46233923485,-0.173648177667,0.999999946282,-0.000327773152144,0,0.688085989564,0.380542064838,-0.143365122807,0.6865121924060613,0.3831341864392236,-0.1437295966168698
6.216666666666667,-60.44519361598985,-10.731855033630923,2.474861231596973,0.6825545445189749,0.38312980676992453,-0.1547245100110947,0.7999827109402962,0.005259486345129894,0.0,DEPTH_PROPOSAL_CERTIFIED,1.6385924922165973,0,27,0,0,8,FULL_MOTION_CERTIFICATE,0,0,0,9,0,0,0,0,0,,6.283333333,0.799999999595,2.54659888227e-05,0,0.869533634951,0.46233923485,-0.173648177667,0.999999999493,3.18324860284e-05,0,0.688657271272,0.379733680204,-0.143028260628,0.688657271271711,0.3797336802037088,-0.1430282606279891
6.233333333333333,-60.433811202821744,-10.725471652598708,2.4722972577551,0.6829447900862676,0.38300286193291344,-0.15383843051237459,0.799988476935592,-0.004293806035642763,0.0,DEPTH_PROPOSAL_CERTIFIED,1.6312754067184372,0,27,0,0,8,FULL_MOTION_CERTIFICATE,0,0,0,9,0,0,0,0,0,,6.3,0.799999868915,0.000457968787429,0,0.869533634951,0.46233923485,-0.173648177667,0.999999836144,0.000572460984287,0,0.689185274062,0.378986536831,-0.142716918312,0.6877057860072393,0.3814541349213778,-0.1430282606279891
6.25,-60.422422109268645,-10.719091168723114,2.469747326226612,0.6833456131860769,0.38282903253564865,-0.15299589170928388,0.799989220121631,-0.004153033732666186,0.0,DEPTH_PROPOSAL_CERTIFIED,1.6239250547794848,0,27,0,0,8,FULL_MOTION_CERTIFICATE,0,0,0,9,0,0,0,0,0,,6.316666666,0.799999853014,0.00048495123735,0,0.869533634951,0.46233923485,-0.173648177667,0.999999816267,0.000606189046687,0,0.68967327661,0.378295995271,-0.142429162552,0.6882356550037504,0.3807083138890183,-0.14271691831157704
6.266666666666667,-60.41102622307767,-10.712714232875353,2.4672107365278677,0.6837531714583006,0.3826161508657138,-0.152195381924643,0.7999820171063714,0.005363982328585126,0.0,DEPTH_PROPOSAL_CERTIFIED,1.6165421107372824,0,27,0,0,8,FULL_MOTION_CERTIFICATE,0,0,0,9,0,0,0,0,0,,6.333333333,0.799999953679,0.000272237374708,0,0.869533634951,0.46233923485,-0.173648177667,0.999999942099,0.000340296718385,0,0.690124309297,0.377657767426,-0.142163206454,0.6887253823794303,0.38001899449250887,-0.14242916255202417
6.283333333333333,-60.399623487344066,-10.706341380682444,2.4646868137173437,0.684164144016383,0.38237113157452995,-0.15143536863144247,0.799995201662031,0.0027707973088019144,0.0,DEPTH_PROPOSAL_CERTIFIED,1.6091172383471428,0,27,0,0,8,FULL_MOTION_CERTIFICATE,0,0,0,9,0,0,0,0,0,,6.35,0.799999902483,0.000395003646539,0,0.869533634951,0.46233923485,-0.173648177667,0.999999878103,0.000493754558174,0,0.690541172841,0.377067890176,-0.141917398546,0.6891780092249882,0.37938189622208673,-0.14216320645439598
6.3,-60.38821389276937,-10.699973046252921,2.462174908545816,0.6845756744816054,0.38210006577139255,-0.15071431029166538,0.7999769110965603,-0.006077969431165426,0.0,DEPTH_PROPOSAL_CERTIFIED,1.601390205777951,0,27,0,0,8,FULL_MOTION_CERTIFICATE,0,0,0,9,0,0,0,0,0,,6.366666666,0.799999784943,0.000586592995735,0,0.869533634951,0.46233923485,-0.173648177667,0.999999731179,0.000733241244668,0,0.690926455789,0.37652270063,-0.141690212464,0.689596346157318,0.37879306297311655,-0.141917398546385
6.316666666666666,-60.37679747077499,-10.6936095744843,2.4596743974372024,0.6849853196628453,0.38180830611728395,-0.15003066651681124,0.7999769110965603,-0.006077969431165426,0.0,DEPTH_PROPOSAL_CERTIFIED,1.5936784112806923,0,27,0,0,8,FULL_MOTION_CERTIFICATE,0,0,0,9,0,0,0,0,0,,6.383333333,0.799999912868,0.000373377930184,0,0.9366078308,0.304322331873,-0.173648177667,0.999999891085,0.00046672241273,0,0.691961366305,0.374442664356,-0.141465796689,0.6899829908739722,0.37824883833715917,-0.14169021246359056
6.333333333333333,-60.36537342532281,-10.687253220026639,2.457184700558169,0.6854427271309026,0.381381267459663,-0.14938181274198767,0.7999990931441863,-0.0012045615300794133,0.0,DEPTH_PROPOSAL_CERTIFIED,1.5859809952037014,0,27,0,0,8,FULL_MOTION_CERTIFICATE,0,0,0,9,0,0,0,0,0,,6.4,0.79999999656,-7.41907570963e-05,0,0.9366078308,0.304322331873,-0.173648177667,0.9999999957,-9.27384463704e-05,0,0.693643956371,0.37082696819,-0.141247537206,0.6910230982412021,0.37617139583668713,-0.14146579668914006
6.35,-60.353937242817175,-10.680914501852355,2.454705536360126,0.6861709503380086,0.38032309045699814,-0.14874985188258547,0.7999744926097758,0.006388362366976239,0.0,DEPTH_PROPOSAL_CERTIFIED,1.57829247818716,0,27,0,0,8,FULL_MOTION_CERTIFICATE,0,0,0,9,0,0,0,0,0,,6.416666666,0.799999899618,-0.000400763058191,0,0.9366078308,0.304322331873,-0.173648177667,0.999999874523,-0.000500953822739,0,0.695971633789,0.365674546485,-0.141039929398,0.6950552734647011,0.3674133310244869,-0.14103992939787854
6.366666666666666,-60.34249100523741,-10.674589891343759,2.452236106912695,0.6867742547856857,0.37947663051571406,-0.14816576684586524,0.7999998780818867,-0.0004416661257119331,0.0,DEPTH_PROPOSAL_CERTIFIED,1.5706154470712619,0,28,0,0,8,FULL_MOTION_CERTIFICATE,0,0,0,9,0,0,0,0,0,,6.433333333,0.799999956752,-0.00026305319787,0,0.9366078308,0.304322331873,-0.173648177667,0.99999994594,-0.000328816497337,0,0.698940397911,0.35898378856,-0.140849889887,0.6941345690473468,0.36914981923204804,-0.14103992939787854
6.383333333333334,-60.331030542278356,-10.668288950803099,2.4497759146836455,0.6876277775433824,0.37805643243962495,-0.14761153374295144,0.7999753933586162,-0.006274553428525111,0.0,DEPTH_PROPOSAL_CERTIFIED,1.5629449291994209,0,28,0,0,8,FULL_MOTION_CERTIFICATE,0,0,0,9,0,0,0,0,0,,6.45,0.799999977776,-0.000188567615789,0,0.9366078308,0.304322331873,-0.173648177667,0.999999972221,-0.000235709519737,0,0.702541438101,0.350751299359,-0.140692555809,0.6980407551872827,0.36073001591133835,-0.14084988988740355
6.4,-60.31955235888018,-10.662020270208666,2.447324458537846,0.688691003890471,0.376120835665998,-0.14708736874798706,0.7999973514425905,0.0020585637809747994,0.0,DEPTH_PROPOSAL_CERTIFIED,1.5552766575944723,0,28,0,0,8,FULL_MOTION_CERTIFICATE,0,0,0,9,0,0,0,0,0,,6.466666666,0.799999876761,-0.000444052640363,0,0.9366078308,0.304322331873,-0.173648177667,0.999999845951,-0.000555065800454,0,0.706082712697,0.34262300924,-0.140558160839,0.7016623653249514,0.35250655502774975,-0.14069255580942144
6.416666666666667,-60.308053300550604,-10.655791657407388,2.444881246341426,0.6899434997744344,0.37371676807668275,-0.14659273178521168,0.7999973514425905,0.0020585637809747994,0.0,DEPTH_PROPOSAL_CERTIFIED,1.5476067546110897,0,28,0,0,8,FULL_MOTION_CERTIFICATE,0,0,0,9,0,0,0,0,0,,6.483333333,0.799999858973,-0.000475019455029,0,0.9366078308,0.304322331873,-0.173648177667,0.999999823716,-0.000593774318786,0,0.709355709122,0.335110498201,-0.140433947299,0.7052239495587872,0.34438714348703625,-0.140558160839352
6.433333333333334,-60.296525912358035,-10.649620556792069,2.4424459553418627,0.6916432915541738,0.37026603691908655,-0.14611745997380637,0.799979378066254,0.005744098600257038,0.0,DEPTH_PROPOSAL_CERTIFIED,1.5399259868719364,0,28,0,0,8,FULL_MOTION_CERTIFICATE,0,0,0,9,0,0,0,0,0,,6.5,0.799999915067,-0.000368637254502,0,0.9366078308,0.304322331873,-0.173648177667,0.999999893833,-0.000460796568128,0,0.712380751267,0.328167116796,-0.140319143875,0.7123807512669952,0.32816711679641275,-0.14031914387466163
6.45,-60.28497337919503,-10.643500363999506,2.440017985448485,0.6931519897804422,0.3672115675538313,-0.14567819360265905,0.7999921732057609,-0.0035387581895195,0.0,DEPTH_PROPOSAL_CERTIFIED,1.5322382513474766,0,28,0,0,8,FULL_MOTION_CERTIFICATE,0,0,0,9,0,0,0,0,0,,6.516666666,0.799999999996,-2.4178179708e-06,0,0.9366078308,0.304322331873,-0.173648177667,0.999999999995,-3.0222724635e-06,0,0.71517662338,0.321749749531,-0.140213037686,0.7115581081409175,0.3299470412977167,-0.14031914387466163
6.466666666666667,-60.27339405559624,-10.637435316262238,2.437596916004497,0.6947594159272786,0.36390286423604845,-0.14526416663930586,0.799985405918711,-0.0048322165799032386,0.0,DEPTH_PROPOSAL_CERTIFIED,1.5245414662473782,0,28,0,0,8,FULL_MOTION_CERTIFICATE,0,0,0,9,0,0,0,0,0,,6.533333333,0.799999998763,4.44883888777e-05,0,0.9366078308,0.304322331873,-0.173648177667,0.999999998454,5.56104860971e-05,0,0.717760687164,0.315818546076,-0.14011496984,0.7143700149186824,0.32353668375909816,-0.14021303768639698
6.483333333333333,-60.261786689721326,-10.631428716637652,2.4351823480716193,0.6964419524949212,0.3603959774751687,-0.1448740759726556,0.7999856959645214,0.00478395779250747,0.0,DEPTH_PROPOSAL_CERTIFIED,1.516834021586364,0,28,0,0,8,FULL_MOTION_CERTIFICATE,0,0,0,9,0,0,0,0,0,,6.55,0.799999982368,-0.000167961904134,0,0.9366078308,0.304322331873,-0.173648177667,0.99999997796,-0.000209952380168,0,0.720148988536,0.310336676226,-0.140024331375,0.7169688986201613,0.317611958992436,-0.14011496983952254
6.5,-60.25015037315867,-10.625483051230812,2.4327739035536373,0.6981789937596092,0.3567399244103911,-0.1445066710789041,0.7999919024193091,0.0035994532271966155,0.0,DEPTH_PROPOSAL_CERTIFIED,1.5091147207348534,0,28,0,0,8,FULL_MOTION_CERTIFICATE,0,0,0,9,0,0,0,0,0,,6.566666666,0.799999998314,-5.19416139952e-05,0,0.9366078308,0.304322331873,-0.173648177667,0.999999997892,-6.4927017494e-05,0,0.722356357849,0.305270099858,-0.139940559466,0.7193708971888029,0.3121360770201038,-0.14002433137513567
6.516666666666667,-60.238480953681126,-10.619608285533156,2.4303713220876375,0.7001651686523548,0.352485941859396,-0.14415488795998627,0.7999919024193091,0.0035994532271966155,0.0,DEPTH_PROPOSAL_CERTIFIED,1.501378270020125,0,28,0,0,8,FULL_MOTION_CERTIFICATE,0,0,0,9,0,0,0,0,0,,6.583333333,0.799999975359,0.000198559669816,0,0.9366078308,0.304322331873,-0.173648177667,0.999999969198,0.000248199587271,0,0.724396502344,0.300587354737,-0.139863133909,0.7243965023438513,0.3005873547372561,-0.13986313390918867
6.533333333333333,-60.226781890766276,-10.613796762937882,2.427974159503015,0.7019437748909564,0.3486913557163867,-0.14382975507735007,0.7999796116101437,-0.005711480375842719,0.0,DEPTH_PROPOSAL_CERTIFIED,1.4936289280671033,0,28,0,0,8,FULL_MOTION_CERTIFICATE,0,0,0,9,0,0,0,0,0,,6.6,0.799999832269,0.000518043275246,0,0.9366078308,0.304322331873,-0.173648177667,0.999999790337,0.000647554094057,0,0.726282090434,0.296259363042,-0.139791573925,0.7236427710018967,0.30239740477167265,-0.13986313390918867
6.55,-60.215049897225235,-10.608056493001657,2.4255821791405165,0.7039196124624558,0.3444161961735881,-0.14351882174992495,0.7999971706466679,-0.002127664758876766,0.0,DEPTH_PROPOSAL_CERTIFIED,1.4858624436907715,0,29,0,0,8,FULL_MOTION_CERTIFICATE,0,0,0,9,0,0,0,0,0,,6.616666666,0.799999898151,0.000403680245242,0,0.9366078308,0.304322331873,-0.173648177667,0.999999872689,0.000504600306552,0,0.728024830835,0.292259249751,-0.139725435155,0.7280248308347497,0.29225924975144457,-0.1397254351553383
6.566666666666666,-60.20328839320953,-10.602379780893147,2.4231949884075563,0.7056902409421979,0.3406027265106613,-0.1432314439776078,0.7999755093982855,0.006259741444631742,0.0,DEPTH_PROPOSAL_CERTIFIED,1.4780830454486258,0,29,0,0,8,FULL_MOTION_CERTIFICATE,0,0,0,9,0,0,0,0,0,,6.633333333,0.79999997257,0.000209492926275,0,0.9366078308,0.304322331873,-0.173648177667,0.999999965713,0.000261866157843,0,0.729635545549,0.288562175113,-0.139664306895,0.7272919083950512,0.2940783966229543,-0.1397254351553383
6.583333333333333,-60.191497568966795,-10.596766474550028,2.4208123016355594,0.7074494545642271,0.33679838058715145,-0.14296120631982606,0.799999834501838,0.0005145843293802513,0.0,DEPTH_PROPOSAL_CERTIFIED,1.4702908786487998,0,29,0,0,8,FULL_MOTION_CERTIFICATE,0,0,0,9,0,0,0,0,0,,6.65,0.799999904547,0.000390800701679,0,0.9366078308,0.304322331873,-0.173648177667,0.999999880683,0.000488500877099,0,0.731124236419,0.285145181892,-0.139607809563,0.7289118607529842,0.2903853603203308,-0.13966430689488893
6.6,-60.17967866401339,-10.59121377572844,2.418433848950376,0.7091342972045386,0.33316192929531696,-0.14270716111100243,0.7999744608354872,-0.006392340023160087,0.0,DEPTH_PROPOSAL_CERTIFIED,1.4624874439763222,0,29,0,0,8,FULL_MOTION_CERTIFICATE,0,0,0,9,0,0,0,0,0,,6.666666666,0.799999839602,0.00050659348409,0,0.9366078308,0.304322331873,-0.173648177667,0.999999799502,0.000633241855113,0,0.732500147593,0.281987051988,-0.139555592336,0.7296893774163384,0.2887972235349362,-0.13960780956335408
6.616666666666666,-60.167831149723575,-10.585723380581163,2.4160593755186968,0.7108508573887118,0.3294237088366405,-0.14246840590076829,0.7999744608354872,-0.006392340023160087,0.0,DEPTH_PROPOSAL_CERTIFIED,1.4546719449544092,0,29,0,0,8,FULL_MOTION_CERTIFICATE,0,0,0,9,0,0,0,0,0,,6.683333333,0.799999965204,0.000235951789391,0,0.9366078308,0.304322331873,-0.173648177667,0.999999956505,0.000294939736738,0,0.733771823152,0.279068174166,-0.139507330956,0.7317928916356247,0.28381741924078757,-0.13955559233591172
6.633333333333334,-60.15595321080969,-10.580299971905326,2.4136886971377236,0.712676334832915,0.32540452055015945,-0.14224070285838175,0.7999991981635033,0.0011326684209932633,0.0,DEPTH_PROPOSAL_CERTIFIED,1.4468419212342878,0,29,0,0,8,FULL_MOTION_CERTIFICATE,0,0,0,9,0,0,0,0,0,,6.7,0.799999959329,-0.000255094898572,0,0.9366078308,0.304322331873,-0.173648177667,0.999999949161,-0.000318868623215,0,0.734947159652,0.276370423455,-0.139462725741,0.7349471596521941,0.276370423455093,-0.1394627257412663
6.65,-60.144048027447866,-10.574936156152175,2.411321526303616,0.7143110017095573,0.32182894518902433,-0.14203025004647907,0.7999767398077968,0.006100472644701411,0.0,DEPTH_PROPOSAL_CERTIFIED,1.43900135692479,0,29,0,0,8,FULL_MOTION_CERTIFICATE,0,0,0,9,0,0,0,0,0,,6.716666666,0.799999853822,-0.00048361662119,0,0.9366078308,0.304322331873,-0.173648177667,0.999999817277,-0.000604520776488,0,0.736033455441,0.273877047952,-0.139421499712,0.7342539376045932,0.27820692578317585,-0.1394627257412663
6.666666666666667,-60.13211628415962,-10.56963056346895,2.408957649346193,0.715904597294527,0.3183355609935352,-0.14183261744538425,0.7999954278487671,-0.002704703508355972,0.0,DEPTH_PROPOSAL_CERTIFIED,1.4311510241725116,0,29,0,0,8,FULL_MOTION_CERTIFICATE,0,0,0,9,0,0,0,0,0,,6.733333333,0.799999944974,-0.000296717336286,0,0.947437459119,0.307841091417,-0.0871557427477,0.999999931218,-0.000370896670357,0,0.737300763433,0.271510481087,-0.137728325698,0.735346463431158,0.2757162738085676,-0.13942149971202733
6.683333333333334,-60.1201557468378,-10.56438680818412,2.4066031713281184,0.7176322393093564,0.31462531708980845,-0.14126868108446963,0.7999817510440881,-0.005403517043070368,0.0,DEPTH_PROPOSAL_CERTIFIED,1.4232854405932678,0,29,0,0,8,FULL_MOTION_CERTIFICATE,0,0,0,10,0,0,0,0,0,,6.75,0.799999942783,-0.000302567772176,0,0.947437459119,0.307841091417,-0.0871557427477,0.999999928479,-0.00037820971522,0,0.73870947189,0.269360341464,-0.134388657481,0.7387094718902749,0.2693603414643416,-0.13438865748131115
6.7,-60.10816945001603,-10.559197874926587,2.404257380208533,0.7191778093065396,0.3113359954519227,-0.14074746717513945,0.7999895083941284,0.004097128179698686,0.0,DEPTH_PROPOSAL_CERTIFIED,1.415408573633695,0,29,0,0,8,FULL_MOTION_CERTIFICATE,0,0,0,10,0,0,0,0,0,,6.766666666,0.799999805393,-0.000558006878357,0,0.947437459119,0.307841091417,-0.0871557427477,0.999999756741,-0.000697508597946,0,0.74016708512,0.267611290903,-0.129489865004,0.7380337632721756,0.2712062714697166,-0.13438865748131115
6.716666666666667,-60.096154950588335,-10.55406619072383,2.4019315199908315,0.7208699656614007,0.3079010521654194,-0.13955161306209635,0.7999895083941284,0.004097128179698686,0.0,DEPTH_PROPOSAL_CERTIFIED,1.4075125189228421,0,29,0,0,8,FULL_MOTION_CERTIFICATE,0,0,0,10,0,0,0,0,0,,6.783333333,0.799999854406,-0.00048264868933,0,0.947437459119,0.307841091417,-0.0871557427477,0.999999818008,-0.000603310861663,0,0.741514273191,0.26599474407,-0.124962192883,0.7415142731907061,0.2659947440700794,-0.1249621928829706
6.733333333333333,-60.08411522767058,-10.548985078939731,2.3996240807582048,0.7223833750652588,0.3048667070459852,-0.13844635395761712,0.7999881855961712,0.004347747295550199,0.0,DEPTH_PROPOSAL_CERTIFIED,1.3996400662793773,0,30,0,0,8,FULL_MOTION_CERTIFICATE,0,0,0,10,0,0,0,0,0,,6.8,0.799999972201,-0.000210899439008,0,0.947437459119,0.307841091417,-0.0871557427477,0.999999965251,-0.00026362429876,0,0.742759401557,0.264500662909,-0.120777526232,0.7408469697923286,0.26784769658888763,-0.1249621928829706
6.75,-60.072050615290195,-10.543952590860343,2.3973389506514935,0.7238767428229256,0.3019492847632668,-0.1371078064026646,0.7999829860001455,-0.005217481220955609,0.0,DEPTH_PROPOSAL_CERTIFIED,1.3919497822423033,0,30,0,0,8,FULL_MOTION_CERTIFICATE,0,0,0,10,0,0,0,0,0,,6.816666666,0.799999980061,0.000178611149417,0,0.947437459119,0.307841091417,-0.0871557427477,0.999999975077,0.000223263936771,0,0.743910201946,0.263119769799,-0.116909880021,0.7420958294664595,0.2663567329141025,-0.12077752623224364
6.766666666666667,-60.05996154162741,-10.538966782785558,2.395079322977083,0.7253444197672547,0.2991484844870952,-0.13557766046463915,0.7999943627310255,-0.0030032646537225234,0.0,DEPTH_PROPOSAL_CERTIFIED,1.3842434304350293,0,30,0,0,8,FULL_MOTION_CERTIFICATE,0,0,0,10,0,0,0,0,0,,6.833333333,0.799999986353,0.000147767311586,0,0.947437459119,0.307841091417,-0.0871557427477,0.999999982941,0.000184709139482,0,0.744973820554,0.261843489723,-0.113335237084,0.7432500784880698,0.2649787211178014,-0.11690988002072852
6.783333333333333,-60.047848512832424,-10.534025726453718,2.392847779170577,0.7267817276992421,0.2964633799103426,-0.13389262839033975,0.7999775643470123,0.005991372248654863,0.0,DEPTH_PROPOSAL_CERTIFIED,1.3765198696727308,0,30,0,0,8,FULL_MOTION_CERTIFICATE,0,0,0,10,0,0,0,0,0,,6.85,0.799999999561,-2.6498002513e-05,0,0.947437459119,0.307841091417,-0.0871557427477,0.999999999451,-3.31225031413e-05,0,0.745956861993,0.260663897534,-0.110031400436,0.7443168844694884,0.26370510407396064,-0.11333523708388704
6.8,-60.035712098754466,-10.52912751785766,2.3906463631771455,0.7281848446776582,0.29389251576347836,-0.13208495960588643,0.7999986689425208,0.0014593458106738387,0.0,DEPTH_PROPOSAL_CERTIFIED,1.368778289028279,0,30,0,0,9,FULL_MOTION_CERTIFICATE,0,0,0,10,0,0,0,0,0,,6.866666666,0.79999998293,0.000165262138271,0,0.947437459119,0.307841091417,-0.0871557427477,0.999999978663,0.000206577672839,0,0.74686543054,0.259573668456,-0.106977854631,0.7453028718143346,0.26252797317173443,-0.11003140043555575
6.816666666666666,-60.023552920385576,-10.524270284636405,2.3884766480738344,0.7295507021332929,0.2914339932753415,-0.13018290619866926,0.7999986689425208,0.0014593458106738387,0.0,DEPTH_PROPOSAL_CERTIFIED,1.3610181675352444,0,30,0,0,9,FULL_MOTION_CERTIFICATE,0,0,0,10,0,0,0,0,0,,6.883333333,0.799999925536,0.000345170581913,0,0.947437459119,0.307841091417,-0.0871557427477,0.99999990692,0.000431463227392,0,0.74770516819,0.258566032427,-0.104155637875,0.7462141630920363,0.2614400189200712,-0.10697785463061962
6.833333333333333,-60.01137163884109,-10.519452192207945,2.3863397956830537,0.7308768926690303,0.2890855457076202,-0.12821114344685675,0.7999746595865487,-0.006367418581006552,0.0,DEPTH_PROPOSAL_CERTIFIED,1.3532392378475364,0,30,0,0,9,FULL_MOTION_CERTIFICATE,0,0,0,10,0,0,0,0,0,,6.9,0.799999838058,0.000509025105043,0,0.947437459119,0.307841091417,-0.0871557427477,0.999999797573,0.000636281381303,0,0.74848128935,0.257634732461,-0.101547225423,0.747056417205027,0.26043448538142017,-0.10415563787474401
6.85,-59.99916722381082,-10.514674897203891,2.3842396538015196,0.7322649018159268,0.28663770024318425,-0.12600851289205345,0.7999999794146424,0.00018148435724013487,0.0,DEPTH_PROPOSAL_CERTIFIED,1.3455003064561193,0,30,0,0,9,FULL_MOTION_CERTIFICATE,0,0,0,10,0,0,0,0,0,,6.916666666,0.799999954919,0.000268568570125,0,0.947437459119,0.307841091417,-0.0871557427477,0.999999943649,0.000335710712656,0,0.749198613408,0.256773985577,-0.0991364201235,0.7491986134080644,0.256773985577066,-0.09913642012345322
6.866666666666666,-59.98694224131079,-10.509932945031279,2.3821734413300466,0.7334989500017169,0.284517130356675,-0.12397274828837163,0.7999750304471669,0.006320653530643608,0.0,DEPTH_PROPOSAL_CERTIFIED,1.3386041722389812,0,30,0,0,10,FULL_MOTION_CERTIFICATE,0,0,0,10,0,0,0,0,0,,6.933333333,0.799999991178,0.000118806721875,0,0.947437459119,0.307841091417,-0.0871557427477,0.999999988973,0.000148508402343,0,0.749861594776,0.25597844674,-0.0969082514482,0.7485543378683563,0.2586461777412617,-0.09913642012345322
6.883333333333334,-59.97469582522455,-10.505227954922253,2.3801440014152084,0.7347849651745032,0.2822994065415625,-0.1217663948902757,0.7999979518407585,-0.0018102625752917678,0.0,DEPTH_PROPOSAL_CERTIFIED,1.3316917328460056,0,30,0,0,10,FULL_MOTION_CERTIFICATE,0,0,0,10,0,0,0,0,0,,6.95,0.799999930079,0.000334475603813,0,0.947437459119,0.307841091417,-0.0871557427477,0.999999912598,0.000418094504766,0,0.750474350282,0.255243175997,-0.0948488834335,0.7504743502824941,0.25524317599719143,-0.0948488834335068
6.9,-59.96243040796078,-10.500554758808502,2.3781485482572604,0.7359250358261373,0.28039176682508266,-0.11972718947688413,0.799978580059578,-0.005854181912222393,0.0,DEPTH_PROPOSAL_CERTIFIED,1.3247669932388269,0,30,0,0,12,FULL_MOTION_CERTIFICATE,0,0,0,10,0,0,0,0,0,,6.966666666,0.799999919436,0.000359029047756,0,0.947437459119,0.307841091417,-0.0871557427477,0.999999899295,0.000448786309695,0,0.751040684882,0.254563607626,-0.0929455282645,0.7498338977760735,0.2571185622840285,-0.0948488834335068
6.916666666666667,-59.95014671179083,-10.49591180430454,2.3761869103281157,0.7370217701972595,0.27857727023765994,-0.11769827574867597,0.799978580059578,-0.005854181912222393,0.0,DEPTH_PROPOSAL_CERTIFIED,1.3178303776962699,0,31,0,0,12,FULL_MOTION_CERTIFICATE,0,0,0,10,0,0,0,0,0,,6.983333333,0.79999999719,6.70560113675e-05,0,0.947437459119,0.307841091417,-0.0871557427477,0.999999996487,8.38200142094e-05,0,0.751564115378,0.253935521667,-0.0911863665577,0.7504019295249496,0.25644041187110234,-0.09294552826453645
6.933333333333334,-59.9378440432448,-10.491300696078685,2.3742607999255734,0.7381601127617359,0.27666649355134165,-0.11556662415254286,0.7999931158404556,0.0033188262803947183,0.0,DEPTH_PROPOSAL_CERTIFIED,1.310879414580929,0,31,0,0,12,FULL_MOTION_CERTIFICATE,0,0,0,10,0,0,0,0,0,,7,0.799999899008,-0.000401978189594,0,0.947437459119,0.307841091417,-0.0871557427477,0.999999873761,-0.000502472736992,0,0.752047892048,0.253355017978,-0.0895604746797,0.7520478920483484,0.25335501797825877,-0.08956047467971881
6.95,-59.92552464232219,-10.486716648647697,2.372367525570345,0.7391640553566606,0.275042845859263,-0.11359646131369255,0.799984381258202,0.004998974187946666,0.0,DEPTH_PROPOSAL_CERTIFIED,1.3039179226821522,0,31,0,0,12,FULL_MOTION_CERTIFICATE,0,0,0,10,0,0,0,0,0,,7.016666666,0.799999842515,-0.000501972058602,0,0.947437459119,0.307841091417,-0.0871557427477,0.999999803144,-0.000627465073252,0,0.752495018943,0.252818491875,-0.0880577565215,0.7514121550147426,0.25523434401590334,-0.08956047467971881
6.966666666666667,-59.913189210381304,-10.482158287969808,2.370506497054501,0.7401259164528287,0.2735016406733687,-0.11166171095064957,0.7999867346132994,-0.004606999321751309,0.0,DEPTH_PROPOSAL_CERTIFIED,1.296946579581856,0,31,0,0,12,FULL_MOTION_CERTIFICATE,0,0,0,10,0,0,0,0,0,,7.033333333,0.799999947143,-0.000290810074708,0,0.947437459119,0.307841091417,-0.0871557427477,0.999999933929,-0.000363512593384,0,0.752908272614,0.252322611657,-0.0866688805602,0.7518606218260779,0.25469893740545857,-0.0880577565215251
6.983333333333333,-59.90083843854465,-10.477624292883842,2.368677025142685,0.741046310199221,0.27203970515800385,-0.10976831470894557,0.7999909187507305,-0.0038118127396616825,0.0,DEPTH_PROPOSAL_CERTIFIED,1.2899661245109233,0,31,0,0,12,FULL_MOTION_CERTIFICATE,0,0,0,10,0,0,0,0,0,,7.05,0.799999911539,-0.000376215754798,0,0.947437459119,0.307841091417,-0.0871557427477,0.999999889423,-0.000470269693498,0,0.753290219189,0.251864298124,-0.0853852224768,0.7522751139052073,0.25420409187055265,-0.08666888056015679
7.0,-59.888473005224576,-10.47311339498288,2.3668783399634856,0.7419259992044787,0.27065387405773805,-0.10792111075196138,0.7999804749730358,0.005589245200921849,0.0,DEPTH_PROPOSAL_CERTIFIED,1.2829773465928536,0,31,0,0,12,FULL_MOTION_CERTIFICATE,0,0,0,10,0,0,0,0,0,,7.066666666,0.799999776841,-0.000597540508972,0,0.947437459119,0.307841091417,-0.0871557427477,0.999999721051,-0.000746925636215,0,0.753643230395,0.251440705338,-0.084198811291,0.7526582050686228,0.25374673463449526,-0.08538522247675406
7.016666666666667,-59.876093574082596,-10.46862437820358,2.3651096071825957,0.7427658685187135,0.2693410067579058,-0.10612396685340228,0.7999804749730358,0.005589245200921849,0.0,DEPTH_PROPOSAL_CERTIFIED,1.2759810744134616,0,31,0,0,12,FULL_MOTION_CERTIFICATE,0,0,0,10,0,0,0,0,0,,7.083333333,0.799999886627,-0.000425907759109,0,0.879587710699,0.467685081752,0.0871557427477,0.999999858283,-0.000532384698886,0,0.753532556679,0.252106022559,-0.0818389226307,0.7530122741523795,0.2533240256999524,-0.08419881129098117
7.033333333333333,-59.86370134739899,-10.464154745190191,2.3633715373363304,0.7435336010166365,0.268177980803363,-0.10428419077592106,0.7999964849104244,0.0023715250294011063,0.0,DEPTH_PROPOSAL_CERTIFIED,1.2689778397660207,0,31,0,0,12,FULL_MOTION_CERTIFICATE,0,0,0,10,0,0,0,0,0,,7.1,0.799999999608,-2.50347215116e-05,0,0.879587710699,0.467685081752,0.0871557427477,0.99999999951,-3.12934018895e-05,0,0.752953554742,0.253867231274,-0.0783139294636,0.7528999374912966,0.25398906415794126,-0.0818389226306502
7.05,-59.85129855616146,-10.459699563452508,2.3616721673813745,0.7441674742518075,0.2673109042610138,-0.10196219729735095,0.7999759719624127,-0.006200345376932292,0.0,DEPTH_PROPOSAL_CERTIFIED,1.2619646826892985,0,31,0,0,12,FULL_MOTION_CERTIFICATE,0,0,0,10,0,0,0,0,0,,7.116666666,0.799999929517,0.000335817526139,0,0.879587710699,0.467685081752,0.0871557427477,0.999999911896,0.000419771907674,0,0.751900727721,0.256732570444,-0.0736338768588,0.7519007277208941,0.2567325704443529,-0.07363387685879558
7.066666666666666,-59.83888681407415,-10.455255365788366,2.3600085655077807,0.7447045252383984,0.266651859848567,-0.09981611241564223,0.7999996258176463,-0.0007737516565945131,0.0,DEPTH_PROPOSAL_CERTIFIED,1.254944976382079,0,31,0,0,12,FULL_MOTION_CERTIFICATE,0,0,0,10,0,0,0,0,0,,7.133333333,0.799999966552,0.000231337053139,0,0.879587710699,0.467685081752,0.0871557427477,0.99999995819,0.000289171316424,0,0.750367185537,0.260712327263,-0.0678115610081,0.7512565472748072,0.25861151801671606,-0.07363387685879558
7.083333333333333,-59.82646874807868,-10.450816299981927,2.3583853734213176,0.7450839597279973,0.2663439483863225,-0.0973915251877964,0.7999744017783575,0.006399726506580239,0.0,DEPTH_PROPOSAL_CERTIFIED,1.2479184268039423,0,31,0,0,12,FULL_MOTION_CERTIFICATE,0,0,0,10,0,0,0,0,0,,7.15,0.799999991224,0.000118498801392,0,0.879587710699,0.467685081752,0.0871557427477,0.99999998903,0.00014812350174,0,0.748343484867,0.265820526029,-0.0608649047152,0.7497130605011056,0.26258742854694006,-0.06781156100807706
7.1,-59.81404740855298,-10.44637553391827,2.356808300805148,0.7452803715419548,0.2664459638194608,-0.09462435697017714,0.7999995210415012,-0.0008754046886288235,0.0,DEPTH_PROPOSAL_CERTIFIED,1.2408845096427215,0,32,0,0,12,FULL_MOTION_CERTIFICATE,0,0,0,10,0,0,0,0,0,,7.166666666,0.799999918809,0.000360424377625,0,0.879587710699,0.467685081752,0.0871557427477,0.999999898511,0.000450530472032,0,0.745814386195,0.27207960976,-0.0528238023295,0.7476765956722352,0.2676905521037473,-0.06086490471522208
7.116666666666666,-59.801626256545376,-10.441925301529213,2.35528400666706,0.7452691204562519,0.2670139433433557,-0.09145764828527865,0.7999995210415012,-0.0008754046886288235,0.0,DEPTH_PROPOSAL_CERTIFIED,1.2338425110264464,0,32,0,0,12,FULL_MOTION_CERTIFICATE,0,0,0,10,0,0,0,0,0,,7.183333333,0.799999875819,0.000445745882589,0,0.879587710699,0.467685081752,0.0871557427477,0.999999844774,0.000557182353236,0,0.742742726975,0.279543245729,-0.0437665985676,0.7451318572106762,0.2739432935348741,-0.05282380232951691
7.133333333333334,-59.789212031855755,-10.437450200031165,2.3538307843314006,0.7448534813770782,0.26850608988291563,-0.0871933401395675,0.7999761745552043,-0.0061741512794334695,0.0,DEPTH_PROPOSAL_CERTIFIED,1.2267879438231546,0,32,0,0,12,FULL_MOTION_CERTIFICATE,0,0,0,10,0,0,0,0,0,,7.2,0.799999883296,0.000432118146398,0,0.879587710699,0.467685081752,0.0871557427477,0.99999985412,0.000540147682998,0,0.739782684611,0.286710277666,-0.0351687807619,0.7397826846111595,0.28671027766554585,-0.03516878076189439
7.15,-59.776805117625145,-10.432949779408624,2.352443249570713,0.7444148538366898,0.2700252373524982,-0.08325208564125895,0.7999961979504305,0.002466427549224219,0.0,DEPTH_PROPOSAL_CERTIFIED,1.219724025127133,0,32,0,0,12,FULL_MOTION_CERTIFICATE,0,0,0,10,0,0,0,0,0,,7.216666666,0.799999994042,9.76373246713e-05,0,0.879587710699,0.467685081752,0.0871557427477,0.999999992552,0.000122046655839,0,0.73704688805,0.293334352229,-0.0272223132798,0.7390635978439515,0.28855883648140607,-0.03516878076189439
7.166666666666667,-59.76440843521799,-10.42841760270842,2.351126459472098,0.7438009444295904,0.27193060201219077,-0.07900740591690235,0.7999808272410371,0.005538596098835978,0.0,DEPTH_PROPOSAL_CERTIFIED,1.2126501739729028,0,32,0,0,12,FULL_MOTION_CERTIFICATE,0,0,0,10,0,0,0,0,0,,7.233333333,0.799999999906,1.22742388433e-05,0,0.879587710699,0.467685081752,0.0871557427477,0.999999999882,1.53427985541e-05,0,0.734518348644,0.299456603349,-0.0198778504451,0.7363112496629775,0.2951760508604402,-0.027222313279751525
7.183333333333334,-59.75202442141169,-10.423848353584612,2.349884327903119,0.7430408283778688,0.2741549474284534,-0.07452789413873886,0.7999905245630604,-0.003893662712591953,0.0,DEPTH_PROPOSAL_CERTIFIED,1.2055659070983726,0,32,0,0,12,FULL_MOTION_CERTIFICATE,0,0,0,10,0,0,0,0,0,,7.25,0.799999965912,0.000233540681843,0,0.879587710699,0.467685081752,0.0871557427477,0.99999995739,0.000291925852303,0,0.732181365258,0.305115047557,-0.0130897863213,0.7337674125468641,0.30129196150685755,-0.019877850445144243
7.2,-59.73965508505238,-10.419237703453037,2.3487197697025968,0.7421601815589124,0.27663900789447105,-0.06987349203135385,0.7999871445430278,-0.0045352580844857425,0.0,DEPTH_PROPOSAL_CERTIFIED,1.1984708295309923,0,32,0,0,12,FULL_MOTION_CERTIFICATE,0,0,0,10,0,0,0,0,0,,7.266666666,0.799999983276,0.000163580627404,0,0.879587710699,0.467685081752,0.0871557427477,0.999999979095,0.000204475784254,0,0.7300214262,0.310344821427,-0.0068159698662,0.7314162903676438,0.30694454557988604,-0.013089786321256396
7.216666666666667,-59.72730359599457,-10.41457839247207,2.34764215095897,0.7410893434683244,0.2795586588579992,-0.0646571246175842,0.7999871445430278,-0.0045352580844857425,0.0,DEPTH_PROPOSAL_CERTIFIED,1.1913615304593281,0,32,0,0,12,FULL_MOTION_CERTIFICATE,0,0,0,10,0,0,0,0,0,,7.283333333,0.799999992329,-0.000110782966964,0,0.879587710699,0.467685081752,0.0871557427477,0.999999990412,-0.000138478708705,0,0.728025118763,0.315178400613,-0.00101744216959,0.7280251187631519,0.3151784006130429,-0.001017442169594234
7.233333333333333,-59.71496959992283,-10.409871810256602,2.3466448853497477,0.7400397643044426,0.28239493292800405,-0.05983593655334256,0.7999839828070676,0.005062336628610964,0.0,DEPTH_PROPOSAL_CERTIFIED,1.1842410363169078,0,32,0,0,12,FULL_MOTION_CERTIFICATE,0,0,0,10,0,0,0,0,0,,7.3,0.799999846705,-0.000495249449279,0,0.879587710699,0.467685081752,0.0871557427477,0.999999808381,-0.000619061811599,0,0.726180046741,0.31964579955,0.00434180311696,0.7272348985050849,0.3169974765820637,-0.001017442169594234
7.25,-59.70265411534167,-10.405115903147253,2.345728652240109,0.7389290748694978,0.28535442656097143,-0.054973986578319395,0.7999934763562404,0.0032307564837877195,0.0,DEPTH_PROPOSAL_CERTIFIED,1.1771091549968347,0,32,0,0,12,FULL_MOTION_CERTIFICATE,0,0,0,11,0,0,0,0,0,,7.316666666,0.799999871529,-0.000453379528626,0,0.879587710699,0.467685081752,0.0871557427477,0.999999839412,-0.000566724410783,0,0.724474753008,0.323774758919,0.00929504466741,0.72537866376317,0.3214602488831739,0.004341803116963449
7.266666666666667,-59.69035790604069,-10.400309199945028,2.3448935668971944,0.7377725580590122,0.288402192133576,-0.05010512057485531,0.7999782814220571,-0.005894849702251693,0.0,DEPTH_PROPOSAL_CERTIFIED,1.1699657522834834,0,32,0,0,12,FULL_MOTION_CERTIFICATE,0,0,0,11,0,0,0,0,0,,7.333333333,0.799999962141,-0.000246118015837,0,0.879587710699,0.467685081752,0.0871557427477,0.999999952677,-0.000307647519797,0,0.722898648094,0.327590918577,0.0138730409355,0.7236630529710886,0.32558493211935147,0.009295044667406735
7.283333333333333,-59.678081513842564,-10.395450735445502,2.344139262061238,0.7365835318873615,0.29150786997148836,-0.04525829015740142,0.799998168773412,-0.0017117123553420256,0.0,DEPTH_PROPOSAL_CERTIFIED,1.1631025488601578,0,32,0,0,12,FULL_MOTION_CERTIFICATE,0,0,0,11,0,0,0,0,0,,7.35,0.799999900156,-0.000399688453325,0,0.879587710699,0.467685081752,0.0871557427477,0.999999875195,-0.000499610566656,0,0.721441945069,0.331117975226,0.0181042192976,0.7220774125932219,0.3293971395940196,0.013873040935536334
7.3,-59.66582528785075,-10.390539982216817,2.343464960393785,0.7353735595086832,0.29464519372109876,-0.04045810004717187,0.7999749096280981,0.006335926571245993,0.0,DEPTH_PROPOSAL_CERTIFIED,1.156249136052893,0,32,0,0,12,FULL_MOTION_CERTIFICATE,0,0,0,11,0,0,0,0,0,,7.366666666,0.799999805829,-0.000557380429972,0,0.999999757287,-0.000696725537465,0,0.999999757287,-0.000696725537465,0,0.720395137222,0.333059578674,0.0220253939032,0.7206118964888077,0.3329205434663461,0.01810421929762885
7.316666666666666,-59.65358902817409,-10.385578453318802,2.3428695520267744,0.7341755805996261,0.297691733880894,-0.035724502020629614,0.7999749096280981,0.006335926571245993,0.0,DEPTH_PROPOSAL_CERTIFIED,1.1493853541034924,0,32,0,0,12,FULL_MOTION_CERTIFICATE,0,0,0,11,0,0,0,0,0,,7.383333333,0.799999939018,-0.000312363234435,0,0.999999923773,-0.000390454043043,0,0.999999923773,-0.000390454043043,0,0.719760001304,0.333419224585,0.0256214316182,0.7195602379091285,0.33485952383039597,0.022025393903186072
7.333333333333333,-59.64137202528497,-10.380569543300966,2.3423516006466816,0.7330201733467726,0.3005346010701355,-0.031077082805563157,0.7999999960995644,7.899808236947236e-05,0.0,DEPTH_PROPOSAL_CERTIFIED,1.1425102236900744,0,32,0,0,12,FULL_MOTION_CERTIFICATE,0,0,0,11,0,0,0,0,0,,7.4,0.799999983155,0.000164169637297,0,0.999999978944,0.000205212046621,0,0.999999978944,0.000205212046621,0,0.719538620201,0.332200850247,0.0288762405987,0.7189242048619604,0.33521758077888275,0.025621431618247828
7.35,-59.629171799203235,-10.37552417605732,2.3419130053020316,0.7320135649044021,0.30272203461877534,-0.02631572067900397,0.7999747481440389,-0.006356282866718056,0.0,DEPTH_PROPOSAL_CERTIFIED,1.1356166318392007,0,32,0,0,12,FULL_MOTION_CERTIFICATE,0,0,0,11,0,0,0,0,0,,7.416666666,0.799999874427,0.000448236759008,0,0.999999843034,0.00056029594876,0,0.999999843034,0.00056029594876,0,0.719732941907,0.329408723912,0.031772897265,0.7197329419074814,0.3294087239121813,0.03177289726501834
7.366666666666666,-59.61698812159765,-10.37044284291674,2.341547754171957,0.731020656335225,0.30487998843484687,-0.021915067804456838,0.7999984810214624,0.0015589622679670608,0.0,DEPTH_PROPOSAL_CERTIFIED,1.1287082031439917,0,32,0,0,12,FULL_MOTION_CERTIFICATE,0,0,0,11,0,0,0,0,0,,7.433333333,0.799999949571,0.000284053585779,0,0.999999936964,0.000355066982224,0,0.999999936964,0.000355066982224,0,0.720344452672,0.32504738014,0.0342936705329,0.718907171791264,0.3312070249909199,0.03177289726501834
7.383333333333334,-59.604816622977985,-10.365343527314119,2.3412561571795107,0.7302899171800266,0.3059589361572602,-0.017495819546776877,0.7999778391497303,0.005954567098308373,0.0,DEPTH_PROPOSAL_CERTIFIED,1.1217753112779345,0,32,0,0,12,FULL_MOTION_CERTIFICATE,0,0,0,11,0,0,0,0,0,,7.45,0.799999961656,0.000247691351154,0,0.99999995207,0.000309614188942,0,0.99999995207,0.000309614188942,0,0.721374899487,0.319122098371,0.0364190091969,0.7213748994866063,0.31912209837070227,0.03641900919691573
7.4,-59.59265739086893,-10.360225315751489,2.341032634465781,0.7295539265433836,0.3070926937578315,-0.013411362823769875,0.7999940192905477,-0.0030933960876289197,0.0,DEPTH_PROPOSAL_CERTIFIED,1.1154932535696205,0,32,0,0,12,FULL_MOTION_CERTIFICATE,0,0,0,11,0,0,0,0,0,,7.466666666,0.799999839017,0.00050751700851,0,0.999999798771,0.000634396260637,0,0.999999798771,0.000634396260637,0,0.722826616833,0.311639310392,0.0381266376416,0.7205748407763397,0.320924536484801,0.03641900919691573
7.416666666666667,-59.58050763939877,-10.355099083093629,2.3408741849849624,0.7289850882095341,0.30757395947157823,-0.009506968849121295,0.7999940192905477,-0.0030933960876289197,0.0,DEPTH_PROPOSAL_CERTIFIED,1.1096263075185604,0,32,0,0,12,FULL_MOTION_CERTIFICATE,0,0,0,11,0,0,0,0,0,,7.483333333,0.799999851847,0.000486872804438,0,0.999999814808,0.000608591005548,0,0.999999814808,0.000608591005548,0,0.724701709189,0.302606524823,0.0393915015354,0.7220452605365703,0.3134454011792881,0.038126637641591556
7.433333333333334,-59.5683603915664,-10.349992472905456,2.340778477042165,0.728834869942153,0.3063966112903581,-0.005742476567840415,0.7999833752690203,-0.0051574502601569455,0.0,DEPTH_PROPOSAL_CERTIFIED,1.1037229860231856,0,32,0,0,12,FULL_MOTION_CERTIFICATE,0,0,0,11,0,0,0,0,0,,7.5,0.799999944654,0.000297580827184,0,0.999999930817,0.00037197603398,0,0.999999930817,0.00037197603398,0,0.72700220708,0.292032963479,0.0401843292638,0.7270022070801028,0.29203296347947294,0.04018432926378649
7.45,-59.55621638239109,-10.344901704960703,2.340740757490569,0.7286405505185953,0.3054460766851343,-0.00226317309574748,0.799987776345366,0.004422408619371094,0.0,DEPTH_PROPOSAL_CERTIFIED,1.0977891455508322,0,32,0,0,12,FULL_MOTION_CERTIFICATE,0,0,0,11,0,0,0,0,0,,7.516666666,0.799999995344,-8.63144285873e-05,0,0.99999999418,-0.000107893035734,0,0.99999999418,-0.000107893035734,0,0.729729971651,0.279930504012,0.0404695261846,0.7262698535511924,0.2938495545014034,0.04018432926378649
7.466666666666667,-59.54407188418144,-10.339840851314468,2.3407569933673575,0.728669892578929,0.30365121877405143,0.0009741526073119931,0.7999899104506422,0.004017857286363876,0.0,DEPTH_PROPOSAL_CERTIFIED,1.091821341523284,0,32,0,0,12,FULL_MOTION_CERTIFICATE,0,0,0,11,0,0,0,0,0,,7.533333333,0.799999994253,-9.58944770542e-05,0,0.999999992816,-0.000119868096318,0,0.999999992816,-0.000119868096318,0,0.732888231417,0.266316893923,0.0401989551682,0.7290278657150004,0.2817539522588405,0.04046952618463772
7.483333333333333,-59.53192290332404,-10.334824824610685,2.340822755510006,0.7289388514442466,0.30096160222700974,0.003945728558896814,0.7999813828814153,-0.005457750739852179,0.0,DEPTH_PROPOSAL_CERTIFIED,1.085815819760134,0,32,0,0,12,FULL_MOTION_CERTIFICATE,0,0,0,11,0,0,0,0,0,,7.55,0.799999993566,0.000101458839907,0,0.999999991958,0.000126823549883,0,0.999999991958,0.000126823549883,0,0.736481832978,0.251221777663,0.039301172075,0.7322201496011218,0.26814828035310107,0.04019895516823177
7.5,-59.5197651944032,-10.329869276956101,2.3409331583641646,0.7294625352502713,0.297332859274992,0.006624171249512174,0.7999957376734398,-0.002611456361674742,0.0,DEPTH_PROPOSAL_CERTIFIED,1.079768587212453,0,32,0,0,12,FULL_MOTION_CERTIFICATE,0,0,0,11,0,0,0,0,0,,7.566666666,0.799999998199,-5.36841651043e-05,0,0.999999997748,-6.71052063804e-05,0,0.999999997748,-6.71052063804e-05,0,0.740515012723,0.234704827423,0.0376530999458,0.7358514776837723,0.2530621952603754,0.03930117207501969
7.516666666666667,-59.50758789172867,-10.325015142297294,2.341079268162347,0.7306381604718393,0.29124807952836385,0.008766587890948658,0.7999957376734398,-0.002611456361674742,0.0,DEPTH_PROPOSAL_CERTIFIED,1.0736656830123164,0,32,0,0,12,FULL_MOTION_CERTIFICATE,0,0,0,11,0,0,0,0,0,,7.583333333,0.79999995313,-0.000273846005274,0,0.999999941413,-0.000342307506592,0,0.999999941413,-0.000342307506592,0,0.744980788175,0.21701376662,0.0349040709165,0.7449807881749692,0.2170137666195005,0.034904070916473864
7.533333333333333,-59.49539316763269,-10.320252387109507,2.3412583798330364,0.7316834457588067,0.2857653112672921,0.010746700241367226,0.7999765088985764,0.006130677812935148,0.0,DEPTH_PROPOSAL_CERTIFIED,1.0675137861692012,0,32,0,0,12,FULL_MOTION_CERTIFICATE,0,0,0,11,0,0,0,0,0,,7.6,0.799999829392,-0.0005224680395,0,0.99999978674,-0.000653085049375,0,0.99999978674,-0.000653085049375,0,0.749148897441,0.200533748513,0.0322598230669,0.7444359262598097,0.21887553848221686,0.034904070916473864
7.55,-59.48317152711983,-10.315616462221586,2.3414615687725813,0.7332984307716532,0.2781554932752361,0.012191336372682412,0.7999993348278012,0.0010316370853558677,0.0,DEPTH_PROPOSAL_CERTIFIED,1.0613011800346532,0,32,0,0,12,FULL_MOTION_CERTIFICATE,0,0,0,11,0,0,0,0,0,,7.616666666,0.799999925903,-0.000344318097688,0,0.999999907379,-0.00043039762211,0,0.999999907379,-0.00043039762211,0,0.753001247928,0.185315713772,0.0298158971747,0.7530012479283807,0.18531571377215267,0.02981589717472775
7.566666666666666,-59.47092559724431,-10.311095383113281,2.3416870109454617,0.7347557925312908,0.2712647464983038,0.013526530372837357,0.7999744274936386,-0.006396511254211962,0.0,DEPTH_PROPOSAL_CERTIFIED,1.0550346311716765,0,32,0,0,12,FULL_MOTION_CERTIFICATE,0,0,0,11,0,0,0,0,0,,7.633333333,0.799999982234,-0.000168599959111,0,0.999999977792,-0.000210749948889,0,0.999999977792,-0.000210749948889,0,0.756561758174,0.171263871542,0.0275571170406,0.7525356059988692,0.18719763581972954,0.02981589717472775
7.583333333333333,-59.45865267817415,-10.306698180277364,2.341930168505549,0.736375144209763,0.2638321701550748,0.014589453605240403,0.7999997623078687,0.0006166906465743988,0.0,DEPTH_PROPOSAL_CERTIFIED,1.0487122838000589,0,32,0,0,12,FULL_MOTION_CERTIFICATE,0,0,0,11,0,0,0,0,0,,7.65,0.799999914505,-0.000369854046462,0,0.999999893131,-0.000462317558077,0,0.999999893131,-0.000462317558077,0,0.759852527659,0.158261316313,0.0254694566169,0.756131234687125,0.17315473876768112,0.027557117040557626
7.6,-59.44635061850293,-10.302431876076632,2.3421870634431765,0.738123580272849,0.2559782520438518,0.015413696257642186,0.7999756823327402,0.006237601804128433,0.0,DEPTH_PROPOSAL_CERTIFIED,1.0423328027516003,0,32,0,0,12,FULL_MOTION_CERTIFICATE,0,0,0,11,0,0,0,0,0,,7.666666666,0.79999987741,-0.000442882124298,0,0.999999846762,-0.000553602655372,0,0.999999846762,-0.000553602655372,0,0.762893993428,0.146238271458,0.023539952405,0.7594545002424982,0.16016045108693022,0.025469456616943987
7.616666666666666,-59.43401774767791,-10.298301724911992,2.342454218805232,0.7399722495012155,0.2478090698784233,0.01602932172334821,0.7999756823327402,0.006237601804128433,0.0,DEPTH_PROPOSAL_CERTIFIED,1.0358953136044613,0,32,0,0,12,FULL_MOTION_CERTIFICATE,0,0,0,11,0,0,0,0,0,,7.683333333,0.799999984563,-0.00015715797583,0,0.999999980704,-0.000196447469788,0,0.999999980704,-0.000196447469788,0,0.765705053418,0.1351477084,0.0217566226416,0.7625260140872873,0.14814504746019563,0.023539952404961734
7.633333333333334,-59.421649105513524,-10.294326718586126,2.3427265245105926,0.742118529863355,0.2385003795519675,0.016338342321630818,0.79999690845213,-0.0022240654294303757,0.0,DEPTH_PROPOSAL_CERTIFIED,1.029393136418326,0,32,0,0,12,FULL_MOTION_CERTIFICATE,0,0,0,11,0,0,0,0,0,,7.7,0.799999931326,0.000331480129868,0,0.999999914157,0.000414350162335,0,0.999999914157,0.000414350162335,0,0.768303150281,0.124934357569,0.0201083936207,0.7683031502814556,0.124934357569213,0.02010839362067842
7.65,-59.409247799354304,-10.2904926789983,2.3430035903817346,0.744078369553009,0.2300423752695809,0.016623952268528364,0.7999799456501522,-0.005664499764286714,0.0,DEPTH_PROPOSAL_CERTIFIED,1.0228328105757238,0,32,0,0,12,FULL_MOTION_CERTIFICATE,0,0,0,11,0,0,0,0,0,,7.716666666,0.799999843202,0.00050087670847,0,0.999999804002,0.000626095885587,0,0.999999804002,0.000626095885587,0,0.770704414801,0.115507579093,0.0185850305285,0.7679884137667882,0.12685472302446382,0.02010839362067842
7.666666666666667,-59.396813242098936,-10.286800821731315,2.343283132361791,0.7460734353219924,0.22151143601901874,0.016772518803377066,0.7999915187115008,0.0036837466887206793,0.0,DEPTH_PROPOSAL_CERTIFIED,1.0162145215155944,0,32,0,0,12,FULL_MOTION_CERTIFICATE,0,0,0,11,0,0,0,0,0,,7.733333333,0.799999944166,0.000298887589743,0,0.999999930208,0.000373609487179,0,0.999999930208,0.000373609487179,0,0.77292377313,0.106779647744,0.0171770736422,0.7704132377035906,0.11743397716215992,0.01858503052853125
7.683333333333334,-59.38434512300824,-10.283251388472591,2.3435631851434113,0.7480871454417974,0.21296599552348047,0.016803166897223505,0.7999861038578957,0.004715255482383717,0.0,DEPTH_PROPOSAL_CERTIFIED,1.0095387089256804,0,32,0,0,12,FULL_MOTION_CERTIFICATE,0,0,0,11,0,0,0,0,0,,7.75,0.799999926104,0.000343850404912,0,0.99999990763,0.000429813006141,0,0.99999990763,0.000429813006141,0,0.774974996881,0.0987163296026,0.0158757801584,0.772654408903419,0.10871162147791308,0.017177073642150046
7.7,-59.37184336927224,-10.279843763975148,2.34384206698218,0.7501052241597586,0.2044574698465725,0.01673291032609942,0.7999850009245537,-0.004898805542357924,0.0,DEPTH_PROPOSAL_CERTIFIED,1.002806038412999,0,32,0,0,12,FULL_MOTION_CERTIFICATE,0,0,0,11,0,0,0,0,0,,7.766666666,0.799999784701,0.000586922847725,0,0.999999730876,0.000733653559656,0,0.999999730876,0.000733653559656,0,0.776870814065,0.0912822839337,0.0146730695884,0.7747257845188849,0.10065345658829505,0.015875780158385536
7.716666666666667,-59.359305608224574,-10.276587724616336,2.3441169444813763,0.7522656628599612,0.19536236152864964,0.016492649951793444,0.7999850009245537,-0.004898805542357924,0.0,DEPTH_PROPOSAL_CERTIFIED,0.9960127857451648,0,32,0,0,12,FULL_MOTION_CERTIFICATE,0,0,0,11,0,0,0,0,0,,7.783333333,0.799999865981,0.000463066485042,0,0.999999832476,0.000578833106302,0,0.999999832476,0.000578833106302,0,0.778623015002,0.08440204005,0.0135614733853,0.7786230150024338,0.08440204004999002,0.013561473385260526
7.733333333333333,-59.3467348371844,-10.27346932923445,2.3443881210000597,0.7542462624104529,0.18710372291311522,0.016270591120995496,0.7999925484088626,-0.0034528959285996096,0.0,DEPTH_PROPOSAL_CERTIFIED,0.9891648634744448,0,32,0,0,12,FULL_MOTION_CERTIFICATE,0,0,0,12,0,0,0,0,0,,7.8,0.799999990489,0.000123356474395,0,0.999999988112,0.000154195592994,0,0.999999988112,0.000154195592994,0,0.780242482875,0.0780172911666,0.0125340890173,0.7784095769264512,0.08634833180359486,0.013561473385260526
7.75,-59.33413149197859,-10.270486206669958,2.3446545797130565,0.7562007123485637,0.17898735386954337,0.015987522779809825,0.7999790575720133,0.005788561668804968,0.0,DEPTH_PROPOSAL_CERTIFIED,0.9822633910126399,0,32,0,0,12,FULL_MOTION_CERTIFICATE,0,0,0,12,0,0,0,0,0,,7.816666666,0.799999958154,-0.000258752575768,0,0.999999947693,-0.00032344071971,0,0.999999947693,-0.00032344071971,0,0.781739261245,0.07208728809,0.011584536857,0.7800450015935159,0.07996765153796626,0.012534089017344619
7.766666666666667,-59.321496131762764,-10.267635591611697,2.3449154791003934,0.7581216129493349,0.1710369034956864,0.015653963240206282,0.7999975959499088,0.001961243066626896,0.0,DEPTH_PROPOSAL_CERTIFIED,0.9753095872917159,0,32,0,0,12,FULL_MOTION_CERTIFICATE,0,0,0,12,0,0,0,0,0,,7.833333333,0.799999977134,-0.00019127201048,0,0.999999971418,-0.0002390900131,0,0.999999971418,-0.0002390900131,0,0.78312264884,0.066611639488,0.0107069204109,0.7815566002787433,0.07404140893463113,0.011584536857043023
7.783333333333333,-59.308829417936195,-10.2649143549216,2.3451701322215315,0.7600028295939261,0.1632742014058192,0.015279187268291174,0.7999752410782337,-0.006293938498413392,0.0,DEPTH_PROPOSAL_CERTIFIED,0.9683047667722842,0,32,0,0,12,FULL_MOTION_CERTIFICATE,0,0,0,12,0,0,0,0,0,,7.85,0.799999998782,-4.41533419882e-05,0,0.999999998477,-5.51916774853e-05,0,0.999999998477,-5.51916774853e-05,0,0.784401235983,0.061561958112,0.00989579006054,0.782953672657938,0.06856923590943903,0.010706920410926829
7.8,-59.29613209546013,-10.2623190670126,2.345417988123973,0.7618393485637034,0.155717274540092,0.014871354146492079,0.7999999280261341,-0.0003393496432350685,0.0,DEPTH_PROPOSAL_CERTIFIED,0.961250322866825,0,32,0,0,13,FULL_MOTION_CERTIFICATE,0,0,0,12,0,0,0,0,0,,7.866666666,0.79999995651,-0.000263788445277,0,0.999999945637,-0.000329735556596,0,0.999999945637,-0.000329735556596,0,0.785582957187,0.0568781896208,0.00914610902534,0.7842448799949864,0.06352276677821961,0.0098957900605431
7.816666666666666,-59.28340497631948,-10.259846096410817,2.3456586151815646,0.7636271484388725,0.14837823610703146,0.014437623455495536,0.7999999280261341,-0.0003393496432350685,0.0,DEPTH_PROPOSAL_CERTIFIED,0.9541476976453982,0,32,0,0,13,FULL_MOTION_CERTIFICATE,0,0,0,12,0,0,0,0,0,,7.883333333,0.799999899807,-0.000400385548257,0,0.999999874759,-0.000500481935322,0,0.999999874759,-0.000500481935322,0,0.786675149832,0.0525389035363,0.00845322196411,0.7854383069159359,0.05884196722369278,0.009146109025337683
7.833333333333333,-59.270648925113285,-10.257491652085458,2.345891686176667,0.7653630723716323,0.14126665952152026,0.013984259706147835,0.7999745483191126,0.006381382423248254,0.0,DEPTH_PROPOSAL_CERTIFIED,0.9469983710334378,0,32,0,0,13,FULL_MOTION_CERTIFICATE,0,0,0,12,0,0,0,0,0,,7.9,0.799999855997,-0.000480004243923,0,0.999999819997,-0.000600005304904,0,0.999999819997,-0.000600005304904,0,0.787684597289,0.0485223195332,0.00781282634796,0.7865413443513023,0.05450542517828322,0.008453221964105875
7.85,-59.257863512154266,-10.255258968639627,2.346116217633741,0.767124777541062,0.1339610067498768,0.01347188742444692,0.7999989354794855,-0.001305079189171419,0.0,DEPTH_PROPOSAL_CERTIFIED,0.9398008631544508,0,32,0,0,13,FULL_MOTION_CERTIFICATE,0,0,0,12,0,0,0,0,0,,7.916666666,0.799999977596,-0.000189333501163,0,0.999999971994,-0.000236666876454,0,0.999999971994,-0.000236666876454,0,0.788617580608,0.0448320429358,0.0072209455877,0.7886175806081048,0.044832042935826266,0.0072209455876957335
7.866666666666666,-59.24505110644443,-10.253136332620583,2.346332856487486,0.7687443425901376,0.1273581611425827,0.012998331224693044,0.7999771602442685,-0.006045087883236548,0.0,DEPTH_PROPOSAL_CERTIFIED,0.932559897043213,0,32,0,0,14,FULL_MOTION_CERTIFICATE,0,0,0,12,0,0,0,0,0,,7.933333333,0.799999997059,-6.85941173073e-05,0,0.999999996324,-8.57426466342e-05,0,0.999999996324,-8.57426466342e-05,0,0.789479884902,0.0414304794547,0.00667390424435,0.7885030361888594,0.046803444733594324,0.0072209455876957335
7.883333333333334,-59.23221151321345,-10.25112618192539,2.3465408715712854,0.7703755938585669,0.12060904171158725,0.012480905027962584,0.7999948775717486,0.002862841064931374,0.0,DEPTH_PROPOSAL_CERTIFIED,0.925274290583012,0,32,0,0,14,FULL_MOTION_CERTIFICATE,0,0,0,12,0,0,0,0,0,,7.95,0.799999947187,-0.000290691087157,0,0.999999933983,-0.000363363858947,0,0.999999933983,-0.000363363858947,0,0.790276859333,0.0382697846534,0.00616830542785,0.790276859333404,0.038269784653447214,0.006168305427851305
7.9,-59.21934691604119,-10.24921750053141,2.3467409162010444,0.7718758303357612,0.11452088363879688,0.012002677785529913,0.7999823946145739,0.0053073822862312915,0.0,DEPTH_PROPOSAL_CERTIFIED,0.9179484679411691,0,32,0,0,16,FULL_MOTION_CERTIFICATE,0,0,0,12,0,0,0,0,0,,7.966666666,0.799999954668,-0.000269316121433,0,0.999999943335,-0.000336645151791,0,0.999999943335,-0.000336645151791,0,0.791013457435,0.0353501559237,0.0057010095808,0.790178715357532,0.04024535515075406,0.006168305427851305
7.916666666666667,-59.206458269904424,-10.247406285433643,2.3469330041790295,0.773318768205918,0.10867290586601902,0.011525278679110742,0.7999823946145739,0.0053073822862312915,0.0,DEPTH_PROPOSAL_CERTIFIED,0.9105839363716519,0,32,0,0,16,FULL_MOTION_CERTIFICATE,0,0,0,12,0,0,0,0,0,,7.983333333,0.799999999774,1.90078658329e-05,0,0.999999999718,2.37598322912e-05,0,0.999999999718,2.37598322912e-05,0,0.791694256111,0.0326735537445,0.00526911490695,0.7909226102218314,0.037327577038128945,0.005701009580796829
7.933333333333334,-59.19354562793286,-10.245694110971465,2.3471166889510147,0.7747585182934372,0.10273046773068885,0.011021086319119409,0.7999888142605327,-0.004230491463995799,0.0,DEPTH_PROPOSAL_CERTIFIED,0.9026600511205711,0,32,0,0,16,FULL_MOTION_CERTIFICATE,0,0,0,12,0,0,0,0,0,,8,0.799999870847,0.000454581692677,0,0.999999838559,0.000568227115846,0,0.999999838559,0.000568227115846,0,0.792323469361,0.0302327224797,0.00486993952723,0.7923234693611719,0.030232722479660468,0.004869939527225134
7.95,-59.180610906550534,-10.244070973167265,2.3472926071235154,0.7760832829397034,0.0973882682520392,0.010555090350036512,0.7999888841978136,-0.0042172455391276415,0.0,DEPTH_PROPOSAL_CERTIFIED,0.8941789942924043,0,32,0,0,16,FULL_MOTION_CERTIFICATE,0,0,0,12,0,0,0,0,0,,8.016666666,0.799999851942,0.00048671584451,0,0.999999814928,0.000608394805638,0,0.999999814928,0.000608394805638,0,0.792905013473,0.0279792372187,0.00450100472931,0.7922454116241516,0.03221343461251308,0.004869939527225134
7.966666666666667,-59.16765503705623,-10.242532970284781,2.347460881248515,0.7773521696583457,0.0922801729490368,0.010096447499981774,0.7999823293215579,0.0053172148023831415,0.0,DEPTH_PROPOSAL_CERTIFIED,0.8856624592644673,0,32,0,0,16,FULL_MOTION_CERTIFICATE,0,0,0,12,0,0,0,0,0,,8.033333333,0.799999953125,0.000273860338365,0,0.999999941407,0.000342325422956,0,0.999999941407,0.000342325422956,0,0.793442508912,0.0258803449888,0.00416001951573,0.7928325876257826,0.02996141025240734,0.004501004729313956
7.983333333333333,-59.15467893630062,-10.241076301120264,2.3476216598836355,0.7785660453365155,0.08740014987098566,0.009646718107235282,0.799994933885291,0.0028470612689103308,0.0,DEPTH_PROPOSAL_CERTIFIED,0.8771118956041599,0,32,0,0,16,FULL_MOTION_CERTIFICATE,0,0,0,12,0,0,0,0,0,,8.05,0.799999902903,0.000394151246579,0,0.999999878629,0.000492689058224,0,0.999999878629,0.000492689058224,0,0.793939281194,0.023949572697,0.00384486651581,0.793375328610187,0.027863868318761364,0.004160019515728043
8.0,-59.14168350362465,-10.239697240296506,2.3477751129485647,0.779725960558406,0.08274364942545803,0.009207183895763612,0.7999771166502865,-0.006050854145818567,0.0,DEPTH_PROPOSAL_CERTIFIED,0.8685287323627233,0,32,0,0,16,FULL_MOTION_CERTIFICATE,0,0,0,12,0,0,0,0,0,,8.066666666,0.799999783872,0.000588051385064,0,0.99999972984,0.00073506423133,0,0.99999972984,0.00073506423133,0,0.794398410166,0.0221797605472,0.00355358876111,0.7938769262654706,0.025934343990020814,0.0038448665158092223
8.016666666666667,-59.12866961827472,-10.2383921415488,2.3479214276357987,0.7808331209955633,0.07830592486232543,0.008778881234047495,0.7999771166502865,-0.006050854145818567,0.0,DEPTH_PROPOSAL_CERTIFIED,0.8599143765003239,0,32,0,0,16,FULL_MOTION_CERTIFICATE,0,0,0,12,0,0,0,0,0,,8.083333333,0.799999910933,0.000377501234215,0,0.999999888666,0.000471876542768,0,0.999999888666,0.000471876542768,0,0.794822766293,0.0205280742025,0.00328437748595,0.7943404783288812,0.024165685192110653,0.0035535887611111497
8.033333333333333,-59.11563813716552,-10.237157485806101,2.3480608048183003,0.7818888665520746,0.0740793445620147,0.00836263095010042,0.7999989634597803,-0.0012878133705028338,0.0,DEPTH_PROPOSAL_CERTIFIED,0.8512701937172871,0,32,0,0,16,FULL_MOTION_CERTIFICATE,0,0,0,12,0,0,0,0,0,,8.1,0.799999997168,-6.73199092714e-05,0,0.999999996459,-8.41498865892e-05,0,0.999999996459,-8.41498865892e-05,0,0.795214980761,0.0189678170416,0.00303556100476,0.7947689623415118,0.022515064898220694,0.003284377485945777
8.05,-59.1025893724601,-10.235994267607417,2.3481931655403487,0.7829258823249354,0.06979309192108518,0.00794164332290909,0.7999745378110009,0.006382699591509416,0.0,DEPTH_PROPOSAL_CERTIFIED,0.8425955991133423,0,32,0,0,16,FULL_MOTION_CERTIFICATE,0,0,0,12,0,0,0,0,0,,8.116666666,0.799999901653,-0.000396680619617,0,0.999999877066,-0.000495850774522,0,0.999999877066,-0.000495850774522,0,0.795577474754,0.0175008097017,0.00280559427118,0.7955774747538378,0.017500809701747888,0.0028055942711751464
8.066666666666666,-59.089524691903335,-10.23489456379673,2.3483190413519783,0.7838808334061407,0.06598222864121646,0.007552548697777753,0.7999999203644896,-0.00035695491346718155,0.0,DEPTH_PROPOSAL_CERTIFIED,0.8338938830542799,0,32,0,0,16,FULL_MOTION_CERTIFICATE,0,0,0,12,0,0,0,0,0,,8.133333333,0.799999957379,-0.000261138829478,0,0.999999946724,-0.000326423536848,0,0.999999946724,-0.000326423536848,0,0.795912511323,0.0161552075134,0.00259304924638,0.7955312365968448,0.0194896966268151,0.0028055942711751464
8.083333333333334,-59.0764448739694,-10.23385526060777,2.348438655169351,0.7847890760360574,0.06235819133763939,0.0071768290423688645,0.7999752664007242,-0.00629071912346767,0.0,DEPTH_PROPOSAL_CERTIFIED,0.8251662742687205,0,32,0,0,16,FULL_MOTION_CERTIFICATE,0,0,0,12,0,0,0,0,0,,8.15,0.799999978868,-0.000183876063644,0,0.999999973586,-0.000229845079555,0,0.999999973586,-0.000229845079555,0,0.796222167961,0.0149173981267,0.00239660611773,0.7958696361210409,0.01814493623400154,0.002593049246380674
8.1,-59.0633506705427,-10.232873344144165,2.348552233351718,0.785652205602419,0.05891498781632538,0.0068146909420171535,0.7999975546476144,0.001978018664545916,0.0,DEPTH_PROPOSAL_CERTIFIED,0.8164139682248908,0,32,0,0,16,FULL_MOTION_CERTIFICATE,0,0,0,12,0,0,0,0,0,,8.166666666,0.799999879708,-0.000438711055856,0,0.999999849635,-0.00054838881982,0,0.999999849635,-0.00054838881982,0,0.796508358234,0.0137540565685,0.00221504505546,0.7961823863120311,0.016907904856291844,0.002396606117726003
8.116666666666667,-59.05024280641089,-10.231945934884358,2.34866000390039,0.7864718479083663,0.05564455558845664,0.006466232920308545,0.7999975546476144,0.001978018664545916,0.0,DEPTH_PROPOSAL_CERTIFIED,0.8076381128112584,0,32,0,0,16,FULL_MOTION_CERTIFICATE,0,0,0,13,0,0,0,0,0,,8.183333333,0.799999859858,-0.000473525954592,0,0.999999824823,-0.000591907443241,0,0.999999824823,-0.000591907443241,0,0.796772865938,0.0126762093861,0.00204723860851,0.7964714840409229,0.01574528240846018,0.0022150450554637483
8.133333333333333,-59.03712197910027,-10.231070263573699,2.3487621949107895,0.78724963863755,0.0525402786395513,0.006131460623960332,0.7999791121108344,0.005781019491496597,0.0,DEPTH_PROPOSAL_CERTIFIED,0.7988398174312596,0,32,0,0,16,FULL_MOTION_CERTIFICATE,0,0,0,13,0,0,0,0,0,,8.199999999,0.7999999128,-0.000373522901117,0,0.999999891,-0.000466903626396,0,0.999999891,-0.000466903626396,0,0.797017339175,0.0116875933433,0.00189214478074,0.7967386855335917,0.014668099862903794,0.002047238608511881
8.15,-59.02398885887183,-10.23024365814757,2.3488590332496697,0.78798721370626,0.04959632556776408,0.005810300332807068,0.7999924842544124,-0.003467727851759489,0.0,DEPTH_PROPOSAL_CERTIFIED,0.7900201579354211,0,32,0,0,16,FULL_MOTION_CERTIFICATE,0,0,0,13,0,0,0,0,0,,8.216666666,0.799999999948,-9.09792241268e-06,0,0.999999999935,-1.13724030159e-05,0,0.999999999935,-1.13724030159e-05,0,0.797243298329,0.0108014803509,0.0017488004763,0.7969856295445217,0.013680098091962023,0.0018921447807374618
8.166666666666666,-59.010844088909096,-10.229463519606291,2.3489507434321655,0.7886861977643128,0.046808312476718704,0.005502610949738335,0.7999850704340237,-0.0048874413214061874,0.0,DEPTH_PROPOSAL_CERTIFIED,0.7811801863261336,0,32,0,0,16,FULL_MOTION_CERTIFICATE,0,0,0,13,0,0,0,0,0,,8.233333333,0.799999998972,4.05603016189e-05,0,0.999999998715,5.07003770236e-05,0,0.999999998715,5.07003770236e-05,0,0.797452139291,0.00998625911874,0.00161631558908,0.7972138032725571,0.012794552765962974,0.001748800476299556
8.183333333333334,-58.99768800712834,-10.228730845302275,2.3490373920698207,0.7893649068452467,0.04396045824100926,0.00519891825929941,0.7999860336088558,0.004727158847619803,0.0,DEPTH_PROPOSAL_CERTIFIED,0.772319377391457,0,32,0,0,16,FULL_MOTION_CERTIFICATE,0,0,0,13,0,0,0,0,0,,8.25,0.799999981347,-0.000172758382781,0,0.999999976683,-0.000215947978476,0,0.999999976683,-0.000215947978476,0,0.797645157633,0.00921663656536,0.00149386743594,0.7976451576326409,0.009216636565355985,0.001493867435944739
8.2,-58.98452150272564,-10.228039521679648,2.349119362613002,0.7899902641619257,0.04147941735761955,0.0049182325908634665,0.7999915850354419,0.003669314988030222,0.0,DEPTH_PROPOSAL_CERTIFIED,0.7634403357917157,0,32,0,0,16,FULL_MOTION_CERTIFICATE,0,0,0,13,0,0,0,0,0,,8.266666666,0.799999997763,-5.98314622371e-05,0,0.999999997203,-7.47893277964e-05,0,0.999999997203,-7.47893277964e-05,0,0.797823554605,0.0085138738641,0.00138069566502,0.7976196234254097,0.011210718580263235,0.001493867435944739
8.216666666666667,-58.97134489962229,-10.227390617173375,2.349196734500773,0.7905961862010344,0.038934270376348626,0.004642313266289575,0.7999915850354419,0.003669314988030222,0.0,DEPTH_PROPOSAL_CERTIFIED,0.7545425162442136,0,32,0,0,16,FULL_MOTION_CERTIFICATE,0,0,0,13,0,0,0,0,0,,8.283333333,0.799999976807,0.00019263812832,0,0.999999971008,0.0002407976604,0,0.999999971008,0.0002407976604,0,0.797988435078,0.00788347720485,0.00127609750649,0.7979884350781605,0.007883477204845002,0.001276097506488284
8.233333333333333,-58.95815899090468,-10.226778399344878,2.3492698561161207,0.7911545230564953,0.03673306970985211,0.004387296920850097,0.7999798876559008,-0.005672684201716873,0.0,DEPTH_PROPOSAL_CERTIFIED,0.745628381064847,0,32,0,0,16,FULL_MOTION_CERTIFICATE,0,0,0,13,0,0,0,0,0,,8.3,0.799999832909,0.000517054848323,0,0.999999791136,0.000646318560404,0,0.999999791136,0.000646318560404,0,0.798140813705,0.00732541489395,0.00117942345103,0.7979662326931175,0.009878421578592977,0.001276097506488284
8.25,-58.944964287385375,-10.22620079304132,2.349338927386178,0.7916822111581129,0.03465637821348507,0.004144276203439696,0.79999695426631,-0.002207524547434852,0.0,DEPTH_PROPOSAL_CERTIFIED,0.7366987951468702,0,32,0,0,16,FULL_MOTION_CERTIFICATE,0,0,0,13,0,0,0,0,0,,8.316666666,0.799999896143,0.000407640749642,0,0.999999870179,0.000509550937052,0,0.999999870179,0.000509550937052,0,0.798281653278,0.0068013411161,0.00109007319317,0.7981200059978479,0.009320741957808576,0.0011794234510329631
8.266666666666667,-58.93176127585578,-10.225655837440158,2.3494041423393033,0.7921806917759707,0.032697336069755514,0.00391289718750979,0.799975651741541,0.00624152390822685,0.0,DEPTH_PROPOSAL_CERTIFIED,0.7277545800654361,0,32,0,0,16,FULL_MOTION_CERTIFICATE,0,0,0,13,0,0,0,0,0,,8.333333333,0.799999971828,0.000212307949903,0,0.999999964785,0.000265384937379,0,0.999999964785,0.000265384937379,0,0.798411828928,0.00630217192686,0.001007491889,0.7982621553138358,0.008797021916256198,0.0010900731931650825
8.283333333333333,-58.91855041977226,-10.225141688854581,2.349465688851395,0.7926513650110549,0.030848915134600308,0.0036927907255015573,0.7999997756452609,0.0005991389924192386,0.0,DEPTH_PROPOSAL_CERTIFIED,0.7187965121976543,0,32,0,0,16,FULL_MOTION_CERTIFICATE,0,0,0,13,0,0,0,0,0,,8.35,0.799999904017,0.000391884120439,0,0.999999880021,0.000489855150549,0,0.999999880021,0.000489855150549,0,0.798532137649,0.00585442284166,0.000931166744368,0.798393578479083,0.008298179725705401,0.0010074918890009502
8.3,-58.90533216010139,-10.224656578378,2.3495237484645206,0.7930955802523315,0.029106628594949533,0.003483576787536907,0.799974432295961,-0.006395910627494283,0.0,DEPTH_PROPOSAL_CERTIFIED,0.7098253404117609,0,32,0,0,16,FULL_MOTION_CERTIFICATE,0,0,0,13,0,0,0,0,0,,8.366666666,0.799999836958,0.000510751424949,0,0.999999796198,0.000638439281187,0,0.999999796198,0.000638439281187,0,0.798643326987,0.00544959926568,0.000860623812011,0.7985150061959059,0.007850732811211236,0.0009311667443683148
8.316666666666666,-58.892106916053,-10.224198816941975,2.3495784962683337,0.7935146429031735,0.027465686161495553,0.0032848682287849266,0.799974432295961,-0.006395910627494283,0.0,DEPTH_PROPOSAL_CERTIFIED,0.7008417836417344,0,32,0,0,16,FULL_MOTION_CERTIFICATE,0,0,0,13,0,0,0,0,0,,8.383333333,0.799999963522,0.000241587981103,0,0.999999954403,0.000301984976378,0,0.999999954403,0.000301984976378,0,0.798746102484,0.00505505294835,0.000795425037069,0.7986272072434458,0.007446188473355764,0.0008606238120106144
8.333333333333334,-58.87887508573456,-10.223766830488064,2.349630100835794,0.7939098191062822,0.025919187234674512,0.0030962740475943525,0.7999993122045617,0.0010490339500301169,0.0,DEPTH_PROPOSAL_CERTIFIED,0.6918465150916786,0,32,0,0,16,FULL_MOTION_CERTIFICATE,0,0,0,13,0,0,0,0,0,,8.4,0.799999961243,-0.000249019111385,0,0.999999951554,-0.000311273889231,0,0.999999951554,-0.000311273889231,0,0.798841091786,0.00465322929942,0.000735165563359,0.7987309687842087,0.007051900327458838,0.0007954250370694712
8.35,-58.86563691822198,-10.223362186165588,2.3496786538845127,0.7942900507552134,0.024278659348603897,0.002913182923134659,0.7999765478400481,0.006125594331917396,0.0,DEPTH_PROPOSAL_CERTIFIED,0.6828387867862735,0,32,0,0,16,FULL_MOTION_CERTIFICATE,0,0,0,13,0,0,0,0,0,,8.416666666,0.799999854975,-0.000481705029625,0,0.999999818719,-0.000602131287031,0,0.999999818719,-0.000602131287031,0,0.798928876872,0.00426421913854,0.000679471204726,0.7989288768721745,0.0042642191385411365,0.0006794712047262615
8.366666666666667,-58.85239291021832,-10.22298029074895,2.349724386590153,0.7946404802195149,0.02291372499829296,0.0027439623384067414,0.7999956849989542,-0.0026275431593047044,0.0,DEPTH_PROPOSAL_CERTIFIED,0.6738206393880508,0,32,0,0,16,FULL_MOTION_CERTIFICATE,0,0,0,13,0,0,0,0,0,,8.433333333,0.799999945174,-0.00029617864729,0,0.999999931467,-0.000370223309112,0,0.999999931467,-0.000370223309112,0,0.799010018412,0.00391873445089,0.00062799611243,0.7989157196839931,0.006261525924500411,0.0006794712047262615
8.383333333333333,-58.839143290431124,-10.222622782354552,2.3497673875512386,0.7949771872315837,0.021450503663819766,0.0025800576651387997,0.7999814457904524,-0.0054485219112593705,0.0,DEPTH_PROPOSAL_CERTIFIED,0.66479129228604,0,32,0,0,16,FULL_MOTION_CERTIFICATE,0,0,0,13,0,0,0,0,0,,8.449999999,0.799999944096,-0.00029907581069,0,0.99999993012,-0.000373844763362,0,0.99999993012,-0.000373844763362,0,0.799085012779,0.00359920338325,0.00058042065127,0.7990850127788228,0.003599203383245708,0.0005804206512697873
8.4,-58.82588849850958,-10.222285291133232,2.349807863718115,0.7952875152928557,0.020249473279192305,0.002428570012572958,0.7999898414838841,0.004031565773991916,0.0,DEPTH_PROPOSAL_CERTIFIED,0.6557527049809373,0,32,0,0,16,FULL_MOTION_CERTIFICATE,0,0,0,13,0,0,0,0,0,,8.466666666,0.799999807399,-0.000555123300059,0,0.999999759249,-0.000693904125074,0,0.999999759249,-0.000693904125074,0,0.799154315403,0.00328448165852,0.000536449388931,0.7990735176403733,0.005596902586738062,0.0005804206512697873
8.416666666666666,-58.81262883778556,-10.2219666977884,2.3498459508438,0.7955796434412308,0.019115600690003266,0.0022852275410849034,0.7999898414838841,0.004031565773991916,0.0,DEPTH_PROPOSAL_CERTIFIED,0.6467053683411568,0,32,0,0,16,FULL_MOTION_CERTIFICATE,0,0,0,13,0,0,0,0,0,,8.483333333,0.799999853884,-0.000483513201026,0,0.999999817355,-0.000604391501282,0,0.999999817355,-0.000604391501282,0,0.79921837135,0.00299902749678,0.000495809282896,0.7991436068514068,0.005282355101896119,0.0005364493889305297
8.433333333333334,-58.79936450794542,-10.221668761298098,2.3498817311771005,0.7958597904084406,0.017876189418154456,0.0021468199980356015,0.7999878467899206,0.004409647199781757,0.0,DEPTH_PROPOSAL_CERTIFIED,0.6377707048165353,0,32,0,0,16,FULL_MOTION_CERTIFICATE,0,0,0,13,0,0,0,0,0,,8.5,0.799999970508,-0.000217226295319,0,0.999999963135,-0.000271532869149,0,0.999999963135,-0.000271532869149,0,0.799277583408,0.0027553719016,0.000458247972834,0.7992775834084,0.0027553719015998013,0.00045824797283421
8.45,-58.7860958745613,-10.221387393790433,2.3499153794750156,0.7961180030475492,0.016882050459819845,0.002018897874914291,0.7999833080245081,-0.005167870176880678,0.0,DEPTH_PROPOSAL_CERTIFIED,0.6312588278600859,0,32,0,0,16,FULL_MOTION_CERTIFICATE,0,0,0,13,0,0,0,0,0,,8.516666666,0.799999981435,0.000172349158639,0,0.999999976794,0.000215436448299,0,0.999999976794,0.000215436448299,0,0.799332310529,0.00255968836829,0.000423532218705,0.7992681972446742,0.004753555168136858,0.00045824797283421
8.466666666666667,-58.772823193941875,-10.221121586941097,2.349947013422355,0.7963608371653866,0.01594841096013656,0.0018980368403529826,0.7999940788701356,-0.003077949434797238,0.0,DEPTH_PROPOSAL_CERTIFIED,0.624740500120945,0,32,0,0,16,FULL_MOTION_CERTIFICATE,0,0,0,13,0,0,0,0,0,,8.533333333,0.799999986985,0.000144303732237,0,0.999999983732,0.000180379665296,0,0.999999983732,0.000180379665296,0,0.79938289208,0.00237670468008,0.000391446443919,0.799323413403003,0.004558009064001112,0.0004235322187050971
8.483333333333333,-58.7595467082529,-10.220870392791962,2.3499767451090925,0.7965891413387949,0.015071648948108167,0.0017839012042595098,0.7999777911919908,0.00596100659147677,0.0,DEPTH_PROPOSAL_CERTIFIED,0.6182160959144918,0,32,0,0,16,FULL_MOTION_CERTIFICATE,0,0,0,13,0,0,0,0,0,,8.55,0.799999999369,-3.17858254674e-05,0,0.999999999211,-3.97322818343e-05,0,0.999999999211,-3.97322818343e-05,0,0.799429642633,0.0021942432745,0.000361791409696,0.7993744522543762,0.004375152401361104,0.00039144644391905613
8.5,-58.74626664615296,-10.220632934552556,2.3500046812026554,0.7968037259960382,0.014247494364329353,0.001676165613762248,0.7999985141734749,0.0015418560998581672,0.0,DEPTH_PROPOSAL_CERTIFIED,0.6116859622158259,0,32,0,0,16,FULL_MOTION_CERTIFICATE,0,0,0,13,0,0,0,0,0,,8.566666666,0.79999998447,0.000157632321253,0,0.999999980588,0.000197040401567,0,0.999999980588,0.000197040401567,0,0.799472850346,0.00203995457209,0.000334382970664,0.7994216588144072,0.004192808442228357,0.00036179140969572394
8.516666666666667,-58.732983163529745,-10.220411052425074,2.3500308911413104,0.7970089573929281,0.013312927648926321,0.0015725963193048654,0.7999985141734749,0.0015418560998581672,0.0,DEPTH_PROPOSAL_CERTIFIED,0.6051491746986182,0,32,0,0,16,FULL_MOTION_CERTIFICATE,0,0,0,13,0,0,0,0,0,,8.583333333,0.799999927505,0.0003405753718,0,0.999999909382,0.00042571921475,0,0.999999909382,0.00042571921475,0,0.799512780435,0.00191121372101,0.000309050926925,0.7995127804349851,0.0019112137210099411,0.000309050926924866
8.533333333333333,-58.719696528701306,-10.220201042696623,2.350055505694369,0.7971980897063065,0.012600583707151178,0.0014768731835185073,0.7999747319997401,-0.006358314394881161,0.0,DEPTH_PROPOSAL_CERTIFIED,0.5986074056032964,0,32,0,0,16,FULL_MOTION_CERTIFICATE,0,0,0,13,0,0,0,0,0,,8.6,0.799999837076,0.00051056715623,0,0.999999796345,0.000638208945288,0,0.999999796345,0.000638208945288,0,0.799549678666,0.00180510413065,0.000285637977447,0.7995055039295221,0.003909987617493893,0.000309050926924866
8.55,-58.70640688162457,-10.220004810060852,2.3500785888402986,0.79737882460412,0.011773958146269099,0.0013849887557971783,0.7999999941644176,9.662780146365127e-05,0.0,DEPTH_PROPOSAL_CERTIFIED,0.5920596985831026,0,32,0,0,16,FULL_MOTION_CERTIFICATE,0,0,0,13,0,0,0,0,0,,8.616666666,0.79999995301,0.000274196751181,0,0.999999941263,0.000342745938977,0,0.999999941263,0.000342745938977,0,0.799583790357,0.00168912630351,0.000263998737597,0.7995837903574449,0.0016891263035082593,0.00026399873759702414
8.566666666666666,-58.69311445898692,-10.219818786869181,2.3501002565947915,0.7975453582589626,0.011161391500236343,0.0013000652695698987,0.7999749295141521,0.006333415257779841,0.0,DEPTH_PROPOSAL_CERTIFIED,0.5855076876934378,0,32,0,0,16,FULL_MOTION_CERTIFICATE,0,0,0,13,0,0,0,0,0,,8.633333333,0.799999990631,0.000122438379822,0,0.999999988288,0.000153047974777,0,0.999999988288,0.000153047974777,0,0.799615320682,0.00157043782207,0.000243998832834,0.7995770688480415,0.003688078418636276,0.00026399873759702414
8.583333333333334,-58.679819430872584,-10.219642349438075,2.3501205909320664,0.7977016868601587,0.010586245866417286,0.0012200602364838126,0.7999981322565833,-0.0017286948771663123,0.0,DEPTH_PROPOSAL_CERTIFIED,0.5789516280367617,0,32,0,0,16,FULL_MOTION_CERTIFICATE,0,0,0,13,0,0,0,0,0,,8.65,0.799999928872,0.000337350363274,0,0.99999991109,0.000421687954092,0,0.99999991109,0.000421687954092,0,0.799644457666,0.00147702210362,0.000225514072401,0.7996088957947527,0.003569469133825165,0.00024399883283361513
8.6,-58.66652195758228,-10.219474889430348,2.350139669529235,0.7978483974182845,0.010047600463635063,0.0011447158301138892,0.7999783321441993,-0.005887962277830234,0.0,DEPTH_PROPOSAL_CERTIFIED,0.5723917711836535,0,32,0,0,16,FULL_MOTION_CERTIFICATE,0,0,0,13,0,0,0,0,0,,8.666666666,0.799999916583,0.000365331999691,0,0.999999895729,0.000456664999614,0,0.999999895729,0.000456664999614,0,0.799671386371,0.00139280315972,0.00020842967366,0.7996382662274193,0.0034761265496915383,0.0002255140724007673
8.616666666666667,-58.653222190089984,-10.219315832989885,2.350157565946913,0.7979860495377414,0.00954338642780423,0.0010737850606855489,0.7999783321441993,-0.005887962277830234,0.0,DEPTH_PROPOSAL_CERTIFIED,0.5658283558874138,0,32,0,0,16,FULL_MOTION_CERTIFICATE,0,0,0,13,0,0,0,0,0,,8.683333333,0.799999996628,7.34533756426e-05,0,0.999999995785,9.18167195532e-05,0,0.999999995785,9.18167195532e-05,0,0.799696281088,0.00129285241651,0.000192639546552,0.799665405395116,0.003391975190668417,0.00020842967365984275
8.633333333333333,-58.63992023417209,-10.219167355579229,2.350174331380476,0.7981173550739254,0.008908644639333899,0.0010059260137561898,0.7999934147962279,0.0032459640587147822,0.0,DEPTH_PROPOSAL_CERTIFIED,0.5592602833564435,0,32,0,0,16,FULL_MOTION_CERTIFICATE,0,0,0,13,0,0,0,0,0,,8.7,0.799999901242,-0.000397507823645,0,0.999999876553,-0.000496884779557,0,0.999999876553,-0.000496884779557,0,0.799719282615,0.00116479482,0.000178045641218,0.7997192826153712,0.001164794819995374,0.0001780456412179598
8.65,-58.62661626245061,-10.219026131397532,2.350190051510538,0.7982383032887719,0.008473450901804812,0.0009432078037154118,0.7999840511165546,0.005051530376612781,0.0,DEPTH_PROPOSAL_CERTIFIED,0.5526891278415433,0,32,0,0,16,FULL_MOTION_CERTIFICATE,0,0,0,13,0,0,0,0,0,,8.716666666,0.799999842192,-0.000502486298751,0,0.99999980274,-0.000628107873438,0,0.99999980274,-0.000628107873438,0,0.799740537128,0.00103848564939,0.000164557335605,0.7997138715098979,0.003164087303950236,0.0001780456412179598
8.666666666666666,-58.61331040040282,-10.218891770371439,2.3502047884960695,0.7983517228675483,0.008061661565628887,0.0008842191318888397,0.7999870740197305,-0.004547680876050687,0.0,DEPTH_PROPOSAL_CERTIFIED,0.5461150491710036,0,32,0,0,16,FULL_MOTION_CERTIFICATE,0,0,0,13,0,0,0,0,0,,8.733333333,0.799999946813,-0.000291718922055,0,0.999999933516,-0.000364648652569,0,0.999999933516,-0.000364648652569,0,0.799760189377,0.000937712573776,0.000152090870537,0.79973544172862,0.0030378316642822867,0.0001645573356046163
8.683333333333334,-58.60000273705787,-10.218766529737563,2.3502185865292056,0.798459800696691,0.007514438032578202,0.0008278819881593483,0.799990592617176,-0.0038796551418323515,0.0,DEPTH_PROPOSAL_CERTIFIED,0.5395368972329588,0,32,0,0,16,FULL_MOTION_CERTIFICATE,0,0,0,13,0,0,0,0,0,,8.75,0.799999912395,-0.000374389106268,0,0.999999890494,-0.000467986382835,0,0.999999890494,-0.000467986382835,0,0.799778350212,0.00083831092936,0.00014056883466,0.7997783502122311,0.0008383109293602087,0.00014056883465959086
8.7,-58.58669341467955,-10.218647194010163,2.3502315167427033,0.7985593426992937,0.0071601436439295025,0.0007758128098639152,0.7999807661754922,0.005547409239678832,0.0,DEPTH_PROPOSAL_CERTIFIED,0.5329562231578711,0,32,0,0,16,FULL_MOTION_CERTIFICATE,0,0,0,13,0,0,0,0,0,,8.766666666,0.799999776871,-0.000597499525582,0,0.999999721089,-0.000746874406977,0,0.999999721089,-0.000746874406977,0,0.799795124958,0.000729537414397,0.000129919680945,0.7997737551310481,0.002837752102415103,0.00014056883465959086
8.716666666666667,-58.57338251238408,-10.218536088554677,2.3502436190073004,0.7986541377281794,0.006666327329199913,0.0007261358758345452,0.7999807661754922,0.005547409239678832,0.0,DEPTH_PROPOSAL_CERTIFIED,0.526371835159841,0,32,0,0,16,FULL_MOTION_CERTIFICATE,0,0,0,13,0,0,0,0,0,,8.783333333,0.799999884966,-0.000429015011085,0,0.999999856208,-0.000536268763857,0,0.999999856208,-0.000536268763857,0,0.799810637081,0.000641768289499,0.000120077280676,0.799810637080585,0.0006417682894992449,0.00012007728067626436
8.733333333333333,-58.56007015504375,-10.218430065216028,2.3502549560463986,0.7987414404195744,0.006361400318945123,0.0006802223458983144,0.7999962479730302,0.002450148786139866,0.0,DEPTH_PROPOSAL_CERTIFIED,0.5197852712129654,0,32,0,0,16,FULL_MOTION_CERTIFICATE,0,0,0,14,0,0,0,0,0,,8.8,0.799999999362,-3.19590239995e-05,0,0.999999999202,-3.99487799993e-05,0,0.999999999202,-3.99487799993e-05,0,0.799824982708,0.000590728340486,0.000110980516807,0.7998065332545934,0.0026412907938364594,0.00012007728067626436
8.75,-58.54675643461502,-10.21832880338426,2.350265574345814,0.7988232257239356,0.006075709906021593,0.0006370979649065259,0.7999761388979222,-0.006178769616383321,0.0,DEPTH_PROPOSAL_CERTIFIED,0.5131966701808008,0,32,0,0,16,FULL_MOTION_CERTIFICATE,0,0,0,14,0,0,0,0,0,,8.816666666,0.799999931603,0.000330808750819,0,0.999999914504,0.000413510938523,0,0.999999914504,0.000413510938523,0,0.799838236412,0.000571037463269,0.000102572902233,0.7998210064371423,0.0025902868683547187,0.0001109805168067333
8.766666666666667,-58.53344143756558,-10.218231967159461,2.350275517739847,0.7988998229665558,0.005810173487906008,0.0005966036419767444,0.7999995399662959,-0.0008579357288900608,0.0,DEPTH_PROPOSAL_CERTIFIED,0.5066061808133895,0,32,0,0,16,FULL_MOTION_CERTIFICATE,0,0,0,14,0,0,0,0,0,,8.833333333,0.799999967282,0.000228799882465,0,0.999999959102,0.000285999853081,0,0.999999959102,0.000285999853081,0,0.799850488751,0.000545110373295,9.48022276664e-05,0.7998343093265221,0.002570629186896045,0.00010257290223343688
8.783333333333333,-58.5201252450572,-10.218139253965823,2.3502848275462354,0.7989715505027829,0.005562791618273766,0.0005585883833168719,0.7999744008430819,0.006399843416230196,0.0,DEPTH_PROPOSAL_CERTIFIED,0.5000139371672522,0,32,0,0,16,FULL_MOTION_CERTIFICATE,0,0,0,14,0,0,0,0,0,,8.85,0.799999991959,0.000113424852264,0,0.999999989949,0.00014178106533,0,0.999999989949,0.00014178106533,0,0.799861814752,0.000512406924078,8.76202405783e-05,0.7998466264447538,0.0025447328087602195,9.480222766639938e-05
8.8,-58.50680793325126,-10.218050392708854,2.350293542695878,0.7990387083562667,0.005331675418155547,0.0005229089785639507,0.7999996087013154,-0.0007912507455067582,0.0,DEPTH_PROPOSAL_CERTIFIED,0.49342005919728193,0,32,0,0,17,FULL_MOTION_CERTIFICATE,0,0,0,14,0,0,0,0,0,,8.866666666,0.799999921646,0.000354072163485,0,0.999999902057,0.000442590204356,0,0.999999902057,0.000442590204356,0,0.799872277395,0.000500411866937,8.09823438303e-05,0.7998580341687691,0.0025120577767134278,8.762024057833544e-05
8.816666666666666,-58.4934895736948,-10.21796510668737,2.350301699857346,0.7991015733873637,0.00511716128902543,0.0004894296880538306,0.7999996087013154,-0.0007912507455067582,0.0,DEPTH_PROPOSAL_CERTIFIED,0.48682467160518883,0,32,0,0,17,FULL_MOTION_CERTIFICATE,0,0,0,14,0,0,0,0,0,,8.883333333,0.799999877295,0.000443089831452,0,0.999999846618,0.000553862289315,0,0.999999846618,0.000553862289315,0,0.799881944054,0.000496069288405,7.48473176599e-05,0.7998685267667472,0.0025000889136378435,8.098234383034106e-05
8.833333333333334,-58.48017023354382,-10.217883130502722,2.3503093335562246,0.7991604090589463,0.004918571078894594,0.00045802193272095453,0.7999760059934385,-0.006195953097476059,0.0,DEPTH_PROPOSAL_CERTIFIED,0.48022789520271303,0,32,0,0,17,FULL_MOTION_CERTIFICATE,0,0,0,14,0,0,0,0,0,,8.9,0.799999881198,0.000435984957509,0,0.999999851498,0.000544981196886,0,0.999999851498,0.000544981196886,0,0.799890878686,0.000491517445064,6.91770662086e-05,0.7998782042522535,0.0024957705152985343,7.484731765988743e-05
8.85,-58.46684996064551,-10.217806781082203,2.350316469672334,0.7992163738982847,0.0045809652311211225,0.00042816696657423645,0.7999964362239029,0.0023878921782489477,0.0,DEPTH_PROPOSAL_CERTIFIED,0.4736285040588506,0,32,0,0,17,FULL_MOTION_CERTIFICATE,0,0,0,14,0,0,0,0,0,,8.916666666,0.799999993216,0.000104182480082,0,0.99999999152,0.000130228100103,0,0.99999999152,0.000130228100103,0,0.799899144938,0.000462173888285,6.39363795843e-05,0.7998991449382145,0.00046217388828451167,6.393637958425386e-05
8.866666666666667,-58.453528830277605,-10.217733107226088,2.350323145901339,0.799267822074261,0.004420431366889764,0.0004005737402871152,0.7999805350814022,0.0055806353467559265,0.0,DEPTH_PROPOSAL_CERTIFIED,0.46702801198026345,0,32,0,0,17,FULL_MOTION_CERTIFICATE,0,0,0,14,0,0,0,0,0,,8.933333333,0.799999999835,1.62381225527e-05,0,0.999999999794,2.02976531908e-05,0,0.999999999794,2.02976531908e-05,0,0.799906785461,0.000428390875053,5.90927143674e-05,0.7998954898211713,0.002461918223267301,6.393637958425386e-05
8.883333333333333,-58.440206884224835,-10.217664492053594,2.350329385315007,0.7993167631663995,0.004116910349741874,0.00037436482007539737,0.7999908512113163,-0.0038259610810386447,0.0,DEPTH_PROPOSAL_CERTIFIED,0.4604251491496455,0,32,0,0,17,FULL_MOTION_CERTIFICATE,0,0,0,14,0,0,0,0,0,,8.95,0.79999996465,0.000237823343252,0,0.999999955813,0.000297279179065,0,0.999999955813,0.000297279179065,0,0.79991384449,0.000413953940537,5.46159934924e-05,0.7999138444904901,0.00041395394053739265,5.461599349242074e-05
8.9,-58.426884188744395,-10.217598027354803,2.350335221005409,0.7993617288263128,0.003987881927416718,0.00035014142412214034,0.7999868050985192,-0.004594743547134351,0.0,DEPTH_PROPOSAL_CERTIFIED,0.4538214254564379,0,32,0,0,19,FULL_MOTION_CERTIFICATE,0,0,0,14,0,0,0,0,0,,8.966666666,0.799999981684,0.000171187945013,0,0.999999977105,0.000213984931266,0,0.999999977105,0.000213984931266,0,0.799920370035,0.000395562577976,5.04784183933e-05,0.7999103098772546,0.0024137351750498914,5.461599349242074e-05
8.916666666666666,-58.41356079231377,-10.21753357341579,2.35034067833343,0.799403785837951,0.0038672363407795517,0.0003274396812638997,0.7999868050985192,-0.004594743547134351,0.0,DEPTH_PROPOSAL_CERTIFIED,0.44721690579315343,0,32,0,0,19,FULL_MOTION_CERTIFICATE,0,0,0,14,0,0,0,0,0,,8.983333333,0.799999993178,-0.000104477681777,0,0.999999991472,-0.000130597102221,0,0.999999991472,-0.000130597102221,0,0.799926402092,0.000357680739358,4.66542957113e-05,0.7999168813799362,0.002395360183806039,5.047841839334642e-05
8.933333333333334,-58.40023672898876,-10.217473632102607,2.350345776671802,0.7994437995005085,0.003596478791040695,0.0003059003023271527,0.7999843125076035,0.005009964245092835,0.0,DEPTH_PROPOSAL_CERTIFIED,0.4406102409270428,0,32,0,0,19,FULL_MOTION_CERTIFICATE,0,0,0,14,0,0,0,0,0,,9,0.799999848106,-0.00049298077136,0,0.999999810133,-0.0006162259642,0,0.999999810133,-0.0006162259642,0,0.799931966184,0.000293236684227,4.31198792989e-05,0.799931966183709,0.00029323668422681637,4.311987929885338e-05
8.95,-58.38691205337359,-10.217415336515673,2.3503505432167104,0.7994805369100662,0.003497735215974479,0.00028599269452197964,0.7999931782914448,0.0033037383602148663,0.0,DEPTH_PROPOSAL_CERTIFIED,0.43791162207704304,0,32,0,0,19,FULL_MOTION_CERTIFICATE,0,0,0,14,0,0,0,0,0,,9.016666666,0.799999869897,-0.000456251094252,0,0.999999837371,-0.000570313867816,0,0.999999837371,-0.000570313867816,0,0.799937110404,0.00023645730934,3.98532219069e-05,0.7999287333066697,0.002293063600166567,4.311987929885338e-05
8.966666666666667,-58.37358680517945,-10.217358633653427,2.3503549989794568,0.7995148916486496,0.003402171734707714,0.0002673457647784105,0.799978528055738,-0.005861283969819389,0.0,DEPTH_PROPOSAL_CERTIFIED,0.4352832227867416,0,32,0,0,20,FULL_MOTION_CERTIFICATE,0,0,0,14,0,0,0,0,0,,9.033333333,0.79999996145,-0.00024835325367,0,0.999999951813,-0.000310441567087,0,0.999999951813,-0.000310441567087,0,0.799941871847,0.000199729235651,3.68340383687e-05,0.7999340194593684,0.0022362972632532507,3.985322190687927e-05
8.983333333333333,-58.36026102165569,-10.217303449213565,2.3503591636920436,0.7995470114258404,0.0033110663917703216,0.0002498827552019184,0.7999979899448943,-0.0017933443976748604,0.0,DEPTH_PROPOSAL_CERTIFIED,0.4326543653134918,0,32,0,0,20,FULL_MOTION_CERTIFICATE,0,0,0,14,0,0,0,0,0,,9.05,0.799999900115,-0.00039977078092,0,0.999999875143,-0.00049971347615,0,0.999999875143,-0.00049971347615,0,0.799946267928,0.00015431256682,3.40435808607e-05,0.7999388727075679,0.002199581207934065,3.6834038368701716e-05
9.0,-58.34693473766363,-10.217249725494309,2.35036305588042,0.7995770395236051,0.0032234231553650828,0.00023353130260031152,0.7999750087736155,0.006323396053857656,0.0,DEPTH_PROPOSAL_CERTIFIED,0.4300250628740028,0,32,0,0,20,FULL_MOTION_CERTIFICATE,0,0,0,14,0,0,0,0,0,,9.066666666,0.799999803869,-0.000560187533383,0,0.999999754836,-0.000700234416729,0,0.999999754836,-0.000700234416729,0,0.799950323681,0.000100183773515,3.14645218078e-05,0.7999433823163344,0.0021541756712212257,3.404358086071819e-05
9.016666666666667,-58.33360797760749,-10.217199985192797,2.3503666899242805,0.7996056033681531,0.0029844180906883847,0.00021804263163555717,0.7999750087736155,0.006323396053857656,0.0,DEPTH_PROPOSAL_CERTIFIED,0.4273939248339541,0,32,0,0,20,FULL_MOTION_CERTIFICATE,0,0,0,14,0,0,0,0,0,,9.083333333,0.799999937076,-0.000317298846984,0,0.999999921345,-0.000396623558729,0,0.999999921345,-0.000396623558729,0,0.799954082272,6.8556301633e-05,2.90808458656e-05,0.7999540822716387,6.855630163282722e-05,2.9080845865564328e-05
9.033333333333333,-58.32028078092553,-10.217151401430277,2.350370085380028,0.7996318009179793,0.0029150257512317386,0.00020372734483480094,0.7999999832188112,0.0001638593970225014,0.0,DEPTH_PROPOSAL_CERTIFIED,0.42476246429164344,0,32,0,0,20,FULL_MOTION_CERTIFICATE,0,0,0,14,0,0,0,0,0,,9.1,0.799999984482,0.000157571333644,0,0.999999980603,0.000196964167055,0,0.999999980603,0.000196964167055,0,0.799957559712,7.5299864799e-05,2.68777514377e-05,0.7999514110258581,0.0020684392098606064,2.9080845865564328e-05
9.05,-58.306953168884235,-10.217106367802861,2.350373254969883,0.7996567224774228,0.002702017644973748,0.00019017539130401662,0.7999746739044474,-0.006365619488554363,0.0,DEPTH_PROPOSAL_CERTIFIED,0.4221293541929564,0,32,0,0,20,FULL_MOTION_CERTIFICATE,0,0,0,14,0,0,0,0,0,,9.116666666,0.799999876151,0.000445149146115,0,0.999999845189,0.000556436432643,0,0.999999845189,0.000556436432643,0,0.799960765503,0.000103318748626,2.48415582285e-05,0.7999607655026337,0.000103318748626402,2.484155822845685e-05
9.066666666666666,-58.293625176432776,-10.21706209023528,2.350376215804898,0.799679547087462,0.0026566540549213214,0.0001776501009195052,0.79999863745304,0.001476507121416915,0.0,DEPTH_PROPOSAL_CERTIFIED,0.41949610450589636,0,32,0,0,20,FULL_MOTION_CERTIFICATE,0,0,0,14,0,0,0,0,0,,9.133333333,0.799999950022,0.000282781135923,0,0.999999937527,0.000353476419903,0,0.999999937527,0.000353476419903,0,0.799963734027,0.0001169143843,2.29596219614e-05,0.7999580073299409,0.0021032182562816804,2.484155822845685e-05
9.083333333333334,-58.2802968286849,-10.217018494274749,2.350378981323652,0.7997008648729457,0.0026157576318796374,0.0001659311252408595,0.7999776109165078,0.005985150985273243,0.0,DEPTH_PROPOSAL_CERTIFIED,0.41686274535306056,0,32,0,0,20,FULL_MOTION_CERTIFICATE,0,0,0,14,0,0,0,0,0,,9.15,0.79999996294,0.000243507938907,0,0.999999953675,0.000304384923634,0,0.999999953675,0.000304384923634,0,0.799966478642,0.000126504805295,2.12202566265e-05,0.7999609418558465,0.0021168212707711187,2.2959621961389575e-05
9.1,-58.266968149121844,-10.216975516166627,2.350381564126663,0.7997207737830196,0.002578686487292265,0.00015496818064886296,0.7999943041732132,-0.0030188226871722,0.0,DEPTH_PROPOSAL_CERTIFIED,0.4142293019249925,0,32,0,0,20,FULL_MOTION_CERTIFICATE,0,0,0,14,0,0,0,0,0,,9.166666666,0.799999841687,0.000503289564302,0,0.999999802109,0.000629111955377,0,0.999999802109,0.000629111955377,0,0.799969006145,0.000155049104078,1.96126614918e-05,0.7999636624859227,0.00212641852332629,2.1220256626496997e-05
9.116666666666667,-58.25363915977996,-10.216933073055268,2.3503839760262406,0.7997393605131479,0.002546586681562531,0.00014471397465211705,0.7999943041732132,-0.0030188226871722,0.0,DEPTH_PROPOSAL_CERTIFIED,0.4115958109516904,0,32,0,0,20,FULL_MOTION_CERTIFICATE,0,0,0,14,0,0,0,0,0,,9.183333333,0.799999852067,0.00048651012276,0,0.999999815084,0.000608137653451,0,0.999999815084,0.000608137653451,0,0.799971342957,0.000180159787814,1.81268537733e-05,0.7999661186207121,0.002154969051659794,1.9612661491823758e-05
9.133333333333333,-58.2403098747953,-10.216893606082007,2.3503862263596975,0.7997570990796529,0.002368018395668227,0.00013502000742452453,0.7999830526571853,-0.0052072508381290974,0.0,DEPTH_PROPOSAL_CERTIFIED,0.40896090056606826,0,32,0,0,20,FULL_MOTION_CERTIFICATE,0,0,0,14,0,0,0,0,0,,9.2,0.799999942522,0.000303256648611,0,0.999999928153,0.000379070810764,0,0.999999928153,0.000379070810764,0,0.799973509591,0.000189485307758,1.67536072479e-05,0.7999735095910137,0.00018948530775758643,1.6753607247888367e-05
9.15,-58.226980320319626,-10.216854364616308,2.350388327366892,0.7997732685404612,0.0023544879419304964,0.0001260604316535668,0.7999881152657462,0.004360668934841781,0.0,DEPTH_PROPOSAL_CERTIFIED,0.4063260897558275,0,32,0,0,20,FULL_MOTION_CERTIFICATE,0,0,0,14,0,0,0,0,0,,9.216666666,0.799999996027,-7.97252817801e-05,0,0.999999995034,-9.96566022251e-05,0,0.999999995034,-9.96566022251e-05,0,0.799975516139,0.000169090566942,1.54843946284e-05,0.7999705359623223,0.0021894164063301913,1.6753607247888367e-05
9.166666666666666,-58.213650514171036,-10.216815357318787,2.350390288757878,0.7997883689155008,0.0023404378513003864,0.00011768345915165785,0.799989577727642,0.004083567943487967,0.0,DEPTH_PROPOSAL_CERTIFIED,0.4036913675881728,0,32,0,0,20,FULL_MOTION_CERTIFICATE,0,0,0,14,0,0,0,0,0,,9.233333333,0.799999994695,-9.21270931391e-05,0,0.999999993369,-0.000115158866424,0,0.999999993369,-0.000115158866424,0,0.799977370575,0.000149301349873,1.43113344058e-05,0.7999725934909834,0.002169026745613034,1.54843946283623e-05
9.183333333333334,-58.20032046722008,-10.216779120694378,2.350392118259575,0.7998028170573437,0.002174197464530499,0.00010977010182074858,0.7999816873117304,-0.005412944289102705,0.0,DEPTH_PROPOSAL_CERTIFIED,0.4010552965191929,0,32,0,0,20,FULL_MOTION_CERTIFICATE,0,0,0,14,0,0,0,0,0,,9.25,0.799999992901,0.000106578178786,0,0.999999991126,0.000133222723482,0,0.999999991126,0.000133222723482,0,0.799979084388,0.000146064745938,1.32271423837e-05,0.7999790843878275,0.00014606474593797936,1.3227142383660811e-05
9.2,-58.18699020132691,-10.216742919660307,2.3503938258635957,0.7998159535903484,0.00217206204427648,0.00010245624125733325,0.7999954817484445,-0.002688713832732234,0.0,DEPTH_PROPOSAL_CERTIFIED,0.39841940527054376,0,32,0,0,20,FULL_MOTION_CERTIFICATE,0,0,0,14,0,0,0,0,0,,9.266666666,0.79999999869,-4.57870912458e-05,0,0.999999998362,-5.72338640573e-05,0,0.999999998362,-5.72338640573e-05,0,0.799980668805,0.00013153051643,1.22250861826e-05,0.7999762192930064,0.0021460099171774494,1.3227142383660811e-05
9.216666666666667,-58.17365972561519,-10.216709333316743,2.350395418370018,0.7998285427029215,0.002015180613828468,9.555038534930886e-05,0.7999954817484445,-0.002688713832732234,0.0,DEPTH_PROPOSAL_CERTIFIED,0.3957822237513696,0,32,0,0,20,FULL_MOTION_CERTIFICATE,0,0,0,14,0,0,0,0,0,,9.283333333,0.799999954951,-0.000268473749252,0,0.999999943689,-0.000335592186565,0,0.999999943689,-0.000335592186565,0,0.799982129876,0.000101227162363,1.12989432714e-05,0.7999821298763135,0.00010122716236282692,1.129894327141585e-05
9.233333333333333,-58.160329059456295,-10.216675638387985,2.350396904498357,0.7998399695334439,0.0020216957254651675,8.916770034340823e-05,0.799976699320614,0.006105779564972738,0.0,DEPTH_PROPOSAL_CERTIFIED,0.3931452862337719,0,32,0,0,20,FULL_MOTION_CERTIFICATE,0,0,0,14,0,0,0,0,0,,9.3,0.799999829238,-0.000522703638249,0,0.999999786548,-0.000653379547811,0,0.999999786548,-0.000653379547811,0,0.799983470737,5.39596765228e-05,1.04429627034e-05,0.7999793768658173,0.0021011800874329023,1.129894327141585e-05
9.25,-58.14699821543584,-10.216641902776933,2.350398291226775,0.7998506412271968,0.0020241366630399235,8.320370506765211e-05,0.7999992225503454,0.0011153110969416766,0.0,DEPTH_PROPOSAL_CERTIFIED,0.39050855110650495,0,32,0,0,20,FULL_MOTION_CERTIFICATE,0,0,0,14,0,0,0,0,0,,9.316666666,0.799999923803,-0.000349164042943,0,0.999999904753,-0.000436455053678,0,0.999999904753,-0.000436455053678,0,0.799984717181,2.34200020273e-05,9.65182919694e-06,0.7999808358909829,0.002053916101451947,1.0442962703431402e-05
9.266666666666667,-58.133667205358,-10.216608168121722,2.3503995850866626,0.7998606046706301,0.0020240793126960295,7.76315932592644e-05,0.7999744541688082,-0.006393174275539109,0.0,DEPTH_PROPOSAL_CERTIFIED,0.38787199153821894,0,32,0,0,20,FULL_MOTION_CERTIFICATE,0,0,0,14,0,0,0,0,0,,9.333333333,0.799999981539,-0.000171863522628,0,0.999999976924,-0.000214829403284,0,0.999999976924,-0.000214829403284,0,0.799985873572,8.62579531819e-06,8.92063000073e-06,0.7999821586805168,0.002023379638500522,9.651829196938e-06
9.283333333333333,-58.12033604029609,-10.216574453025782,2.3504007921902836,0.799869903714761,0.0020229057563552174,7.242621725483011e-05,0.7999998230057921,0.0005321566513188289,0.0,DEPTH_PROPOSAL_CERTIFIED,0.38523559386006423,0,32,0,0,20,FULL_MOTION_CERTIFICATE,0,0,0,14,0,0,0,0,0,,9.35,0.799999913587,-0.000371834409285,0,0.999999891984,-0.000464793011607,0,0.999999891984,-0.000464793011607,0,0.79998693721,-2.01969480313e-05,8.24482468413e-06,0.7999833520531568,0.0020085883689973105,8.920630000727804e-06
9.3,-58.10700473055737,-10.216540792396234,2.3504019182567926,0.7998785843230459,0.0020196377729048017,6.756399054492805e-05,0.799975538293455,0.006256047641827108,0.0,DEPTH_PROPOSAL_CERTIFIED,0.3825993350168132,0,32,0,0,20,FULL_MOTION_CERTIFICATE,0,0,0,14,0,0,0,0,0,,9.366666666,0.799999874469,-0.000448162948707,0,0.999999843086,-0.000560203685884,0,0.999999843086,-0.000560203685884,0,0.799987917305,-5.26186134523e-05,7.62021677849e-06,0.7999844877441226,0.0019797683748097317,8.244824684126258e-06
9.316666666666666,-58.093673285762385,-10.21650722304006,2.3504029686367187,0.7998866876993668,0.0020141613704833844,6.302279556262277e-05,0.799975538293455,0.006256047641827108,0.0,DEPTH_PROPOSAL_CERTIFIED,0.3799631907571235,0,32,0,0,20,FULL_MOTION_CERTIFICATE,0,0,0,14,0,0,0,0,0,,9.383333333,0.799999983341,-0.000163263690078,0,0.999999979176,-0.000204079612598,0,0.999999979176,-0.000204079612598,0,0.799988831399,-6.10008163946e-05,7.04292761706e-06,0.7999855488904815,0.0019473492609420884,7.62021677849495e-06
9.333333333333334,-58.080341714962046,-10.21647374862328,2.350403948334993,0.7998942480203793,0.002008465006766899,5.878189647583774e-05,0.7999971262706022,-0.0021442851439022535,0.0,DEPTH_PROPOSAL_CERTIFIED,0.37732715601636946,0,32,0,0,20,FULL_MOTION_CERTIFICATE,0,0,0,14,0,0,0,0,0,,9.4,0.799999933542,0.000326087844134,0,0.999999916927,0.000407609805167,0,0.999999916927,0.000407609805167,0,0.79998967247,-3.16759172832e-05,6.50937248389e-06,0.7999864839367333,0.0019389693694257804,7.042927617063185e-06
9.35,-58.06701002270338,-10.216442799273674,2.3504048614099617,0.7999015355200326,0.00185696097637188,5.478449812346619e-05,0.7999796685196991,-0.005703503757558164,0.0,DEPTH_PROPOSAL_CERTIFIED,0.37468980826048703,0,32,0,0,20,FULL_MOTION_CERTIFICATE,0,0,0,15,0,0,0,0,0,,9.416666666,0.799999843674,0.000500122045423,0,0.999999804592,0.000625152556779,0,0.999999804592,0.000625152556779,0,0.799990443016,8.61180555273e-06,6.01623822453e-06,0.7999904430158029,8.611805552533047e-06,6.016238224530297e-06
9.366666666666667,-58.053678221371484,-10.21641165847858,2.3504057129088447,0.7999080799137785,0.00186844770565222,5.1089932979607225e-05,0.7999918367546061,0.003614017984430129,0.0,DEPTH_PROPOSAL_CERTIFIED,0.3720527229424462,0,32,0,0,20,FULL_MOTION_CERTIFICATE,0,0,0,15,0,0,0,0,0,,9.433333333,0.799999944106,0.000299049540044,0,0.999999930132,0.000373811925055,0,0.999999930132,0.000373811925055,0,0.799991162795,3.06146646664e-05,5.56046259234e-06,0.7999879215174791,0.002008585802872359,6.016238224530297e-06
9.383333333333333,-58.04034631429861,-10.21638280847926,2.350406506389145,0.7999144243726681,0.0017309999591227552,4.760881801280632e-05,0.7999857660235291,0.0047722279647288875,0.0,DEPTH_PROPOSAL_CERTIFIED,0.36941443920265904,0,32,0,0,20,FULL_MOTION_CERTIFICATE,0,0,0,15,0,0,0,0,0,,9.45,0.799999927275,0.000341115444172,0,0.999999909094,0.000426394305215,0,0.999999909094,0.000426394305215,0,0.799991826771,5.4137451463e-05,5.13921541783e-06,0.7999918267711216,5.413745146318205e-05,5.139215417832674e-06
9.4,-58.02701431282285,-10.2163535505067,2.3504072462462093,0.7999200885455324,0.0017554783535755848,4.4391423876823306e-05,0.7999853361174124,-0.004843758572726018,0.0,DEPTH_PROPOSAL_CERTIFIED,0.36677653444249847,0,32,0,0,20,FULL_MOTION_CERTIFICATE,0,0,0,15,0,0,0,0,0,,9.466666666,0.799999785828,0.000585383978277,0,0.999999732286,0.000731729972847,0,0.999999732286,0.000731729972847,0,0.79999242973,9.43833988542e-05,4.74988093206e-06,0.7999891914544773,0.002054114765900089,5.139215417832674e-06
9.416666666666666,-58.01368222346167,-10.216323864650628,2.3504079360508205,0.7999253616706206,0.0017811513642833573,4.1388276684038e-05,0.7999853361174124,-0.004843758572726018,0.0,DEPTH_PROPOSAL_CERTIFIED,0.3641390211879547,0,32,0,0,20,FULL_MOTION_CERTIFICATE,0,0,0,15,0,0,0,0,0,,9.483333333,0.799999864833,0.000465045554224,0,0.999999831041,0.00058130694278,0,0.999999831041,0.00058130694278,0,0.799992992995,0.000122463865732,4.39004146031e-06,0.7999896937966954,0.0020943620949182007,4.749880932055094e-06
9.433333333333334,-58.00035004803817,-10.216296272368028,2.3504085787205655,0.7999305254098036,0.0016555369560027552,3.856018470457657e-05,0.7999922381144874,-0.003524053996938814,0.0,DEPTH_PROPOSAL_CERTIFIED,0.3615004022815954,0,32,0,0,20,FULL_MOTION_CERTIFICATE,0,0,0,15,0,0,0,0,0,,9.5,0.799999989424,0.000130084347649,0,0.99999998678,0.000162605434562,0,0.99999998678,0.000162605434562,0,0.799993523028,0.000123041174979,4.05746255515e-06,0.7999935230278363,0.00012304117497949352,4.0574625551488655e-06
9.45,-57.98701779661715,-10.216268089825885,2.3504091778262675,0.7999350852610883,0.0016909525286335997,3.594634211749886e-05,0.799979322360771,0.005751851458587796,0.0,DEPTH_PROPOSAL_CERTIFIED,0.3612976823678853,0,32,0,0,20,FULL_MOTION_CERTIFICATE,0,0,0,15,0,0,0,0,0,,9.516666666,0.799999959995,-0.000252998209113,0,0.999999949994,-0.000316247761391,0,0.999999949994,-0.000316247761391,0,0.799994010677,9.45533439908e-05,3.75007904054e-06,0.7999907154467619,0.0021230225147299275,4.0574625551488655e-06
9.466666666666667,-57.97368547425036,-10.21623939770866,2.350409736280122,0.7999393420075016,0.0017215270334255063,3.350723127833511e-05,0.7999973942464537,0.0020418616221875604,0.0,DEPTH_PROPOSAL_CERTIFIED,0.36116100851759925,0,32,0,0,20,FULL_MOTION_CERTIFICATE,0,0,0,15,0,0,0,0,0,,9.533333333,0.799999977862,-0.000188203583559,0,0.999999972328,-0.000235254479449,0,0.999999972328,-0.000235254479449,0,0.799994462736,7.31323642025e-05,3.46598213785e-06,0.7999912743137448,0.002094535991886748,3.7500790405389896e-06
9.483333333333333,-57.96035308567408,-10.21621026166571,2.350410256803107,0.7999433145769504,0.0017481625770437736,3.123137907072247e-05,0.7999753662993703,-0.0062780024042943874,0.0,DEPTH_PROPOSAL_CERTIFIED,0.36102467152430806,0,32,0,0,20,FULL_MOTION_CERTIFICATE,0,0,0,15,0,0,0,0,0,,9.55,0.799999999055,-3.88801003766e-05,0,0.999999998819,-4.86001254707e-05,0,0.999999998819,-4.86001254707e-05,0,0.799994882154,6.46465712616e-05,3.20340772821e-06,0.7999917799242268,0.002073116209186654,3.465982137846522e-06
9.5,-57.947020635347826,-10.216180726040797,2.350410741937239,0.799947019575324,0.0017721374947910588,2.910804790841102e-05,0.7999998876001728,-0.0004240751242216026,0.0,DEPTH_PROPOSAL_CERTIFIED,0.3608886436398995,0,32,0,0,20,FULL_MOTION_CERTIFICATE,0,0,0,15,0,0,0,0,0,,9.566666666,0.79999995883,-0.000256654844981,0,0.999999948538,-0.000320818556226,0,0.999999948538,-0.000320818556226,0,0.799995266751,4.03055558533e-05,2.96072533427e-06,0.7999922205554809,0.0020646314913079222,3.2034077282127215e-06
9.516666666666667,-57.933688123660076,-10.216153418869927,2.3504111937738705,0.799950701265123,0.0016384302521713938,2.7110197912014135e-05,0.7999998876001728,-0.0004240751242216026,0.0,DEPTH_PROPOSAL_CERTIFIED,0.3607513535055453,0,32,0,0,20,FULL_MOTION_CERTIFICATE,0,0,0,15,0,0,0,0,0,,9.583333333,0.799999901662,-0.000396662795478,0,0.999999877077,-0.000495828494348,0,0.999999877077,-0.000495828494348,0,0.799995617881,7.20189221155e-06,2.73642795597e-06,0.7999956178806714,7.201892211566863e-06,2.7364279559734446e-06
9.533333333333333,-57.92035555843871,-10.216125646094792,2.3504116148355405,0.7999539132822315,0.001666366508149784,2.5263700188071763e-05,0.7999745012646827,0.006387278475400041,0.0,DEPTH_PROPOSAL_CERTIFIED,0.36061440593247907,0,32,0,0,20,FULL_MOTION_CERTIFICATE,0,0,0,15,0,0,0,0,0,,9.6,0.799999854368,-0.000482712656581,0,0.99999981796,-0.000603390820726,0,0.99999981796,-0.000603390820726,0,0.799995938827,-2.99128470756e-05,2.52912280365e-06,0.7999930998909558,0.002007188831086165,2.7364279559734446e-06
9.55,-57.9070229397686,-10.216100030926224,2.3504120069500165,0.7999571202064183,0.0015369101140280748,2.3526868552529423e-05,0.7999990668906353,-0.001221873198409546,0.0,DEPTH_PROPOSAL_CERTIFIED,0.3604762291158877,0,32,0,0,20,FULL_MOTION_CERTIFICATE,0,0,0,15,0,0,0,0,0,,9.616666666,0.799999976111,-0.000195507476489,0,0.999999970138,-0.000244384345612,0,0.999999970138,-0.000244384345612,0,0.799996244681,-4.24578942567e-05,2.33752259891e-06,0.7999962446814962,-4.245789425669222e-05,2.3375225989140033e-06
9.566666666666666,-57.893690274721436,-10.216073884670974,2.350412372310268,0.7999599028301108,0.001568775314996034,2.192161507119501e-05,0.7999769532049474,-0.006072424633489852,0.0,DEPTH_PROPOSAL_CERTIFIED,0.3603384289133732,0,32,0,0,20,FULL_MOTION_CERTIFICATE,0,0,0,15,0,0,0,0,0,,9.633333333,0.799999996719,-7.24507225914e-05,0,0.999999995899,-9.05634032392e-05,0,0.999999995899,-9.05634032392e-05,0,0.799996528927,-4.47300782669e-05,2.16043755e-06,0.7999938508391587,0.00195753076680516,2.3375225989140033e-06
9.583333333333334,-57.88035756644455,-10.216047250430893,2.3504127127195376,0.7999624966129826,0.0015980544048075243,2.0424556168074106e-05,0.7999951464942952,0.0027866800267221836,0.0,DEPTH_PROPOSAL_CERTIFIED,0.36020097902729176,0,32,0,0,20,FULL_MOTION_CERTIFICATE,0,0,0,15,0,0,0,0,0,,9.65,0.799999945865,-0.000294305356562,0,0.999999932332,-0.000367881695702,0,0.999999932332,-0.000367881695702,0,0.799996787786,-6.36372966977e-05,1.99676803536e-06,0.7999941407640191,0.001955259300507689,2.1604375500000294e-06
9.6,-57.86702481782641,-10.21602018904639,2.350413029861398,0.7999649170885281,0.001623683070224289,1.9028511612565767e-05,0.7999820816694457,0.005354344761070522,0.0,DEPTH_PROPOSAL_CERTIFIED,0.36006384248357304,0,32,0,0,20,FULL_MOTION_CERTIFICATE,0,0,0,15,0,0,0,0,0,,9.666666666,0.799999952264,-0.000276366353849,0,0.999999940329,-0.000345457942311,0,0.999999940329,-0.000345457942311,0,0.799997027519,-7.9753133716e-05,1.8454977357e-06,0.7999944468901842,0.0019363527883088372,1.9967680353630005e-06
9.616666666666667,-57.8536920315696,-10.215992753224347,2.3504133253075334,0.7999671754084987,0.0016461493225546388,1.772676813704591e-05,0.7999820816694457,0.005354344761070522,0.0,DEPTH_PROPOSAL_CERTIFIED,0.3599269871312514,0,32,0,0,20,FULL_MOTION_CERTIFICATE,0,0,0,15,0,0,0,0,0,,9.683333333,0.799999999902,1.25463990065e-05,0,0.999999999877,1.56829987582e-05,0,0.999999999877,1.56829987582e-05,0,0.799997252699,-7.27607447335e-05,1.70568729839e-06,0.7999947269121392,0.001920237600984892,1.8454977357044946e-06
9.633333333333333,-57.840359210263294,-10.215964962501788,2.3504136005250316,0.7999692783783846,0.001667443353502533,1.6513049891692895e-05,0.7999891504499309,-0.0041664328145091375,0.0,DEPTH_PROPOSAL_CERTIFIED,0.3597904007490269,0,32,0,0,20,FULL_MOTION_CERTIFICATE,0,0,0,15,0,0,0,0,0,,9.7,0.79999987281,0.000451114644804,0,0.999999841012,0.000563893306005,0,0.999999841012,0.000563893306005,0,0.799997451193,-3.30732144294e-05,1.57646856107e-06,0.799994934610993,0.0019272305310668592,1.7056872983852178e-06
9.65,-57.82702635643741,-10.215936793654128,2.35041385688321,0.7999712295531175,0.0016901308595689976,1.5381490699979338e-05,0.7999885470892536,-0.004280715597328995,0.0,DEPTH_PROPOSAL_CERTIFIED,0.3596540969424986,0,32,0,0,20,FULL_MOTION_CERTIFICATE,0,0,0,15,0,0,0,0,0,,9.716666666,0.799999850919,0.000488394846658,0,0.999999813649,0.000610493558322,0,0.999999813649,0.000610493558322,0,0.79999763299,6.43194013336e-06,1.45703912941e-06,0.7999950338848584,0.0019669184335798506,1.5764685610746904e-06
9.666666666666666,-57.81369347245071,-10.215908225446546,2.35041409566001,0.7999730392020444,0.0017140924549942543,1.4326608005239056e-05,0.7999826449632709,0.005269512080772204,0.0,DEPTH_PROPOSAL_CERTIFIED,0.3595180882629223,0,32,0,0,20,FULL_MOTION_CERTIFICATE,0,0,0,15,0,0,0,0,0,,9.733333333,0.799999952585,0.000275435134872,0,0.999999940731,0.00034429391859,0,0.999999940731,0.00034429391859,0,0.799997808717,2.68109704454e-05,1.34665737497e-06,0.7999951169189533,0.002006423919182404,1.4570391294068155e-06
9.683333333333334,-57.800360556989006,-10.215881752595658,2.3504143179191708,0.7999749277020243,0.0015883710532728474,1.333554966202598e-05,0.7999946606678994,0.002922824464881674,0.0,DEPTH_PROPOSAL_CERTIFIED,0.35938086628158605,0,32,0,0,20,FULL_MOTION_CERTIFICATE,0,0,0,15,0,0,0,0,0,,9.75,0.799999903357,0.000393229523227,0,0.999999879196,0.000491536904034,0,0.999999879196,0.000491536904034,0,0.799997967402,5.45699522719e-05,1.24463787483e-06,0.7999979674017778,5.4569952271765754e-05,1.244637874827108e-06
9.7,-57.78702761576559,-10.215854691119059,2.350414524912029,0.7999764734052568,0.0016236885959732294,1.2419571496329148e-05,0.799977329297558,-0.006022674650558188,0.0,DEPTH_PROPOSAL_CERTIFIED,0.3592440502177434,0,32,0,0,20,FULL_MOTION_CERTIFICATE,0,0,0,15,0,0,0,0,0,,9.75,0.799999903357,0.000393229523227,0,0.999999879196,0.000491536904034,0,0.999999879196,0.000491536904034,0,0.799997967402,5.45699522719e-05,1.24463787483e-06,0.7999953309846931,0.0020545626169179154,1.244637874827108e-06
9.716666666666667,-57.77369464705706,-10.215829532292007,2.350414717566034,0.7999781225116507,0.0015095296230958424,1.1559240293491748e-05,0.799977329297558,-0.006022674650558188,0.0,DEPTH_PROPOSAL_CERTIFIED,0.35910613071499997,0,32,0,0,20,FULL_MOTION_CERTIFICATE,0,0,0,15,0,0,0,0,0,,9.783333333,0.799999909008,0.000381558142314,0,0.99999988626,0.000476947677893,0,0.99999988626,0.000476947677893,0,0.79999824161,0.000116790153992,1.06319961888e-06,0.7999982416096557,0.00011679015399179704,1.063199618876024e-06
9.733333333333333,-57.76036165647085,-10.215803606730503,2.3504148969674623,0.7999794351729932,0.0015555336902642533,1.0764085696929996e-05,0.7999988254999298,-0.0013708386968644007,0.0,DEPTH_PROPOSAL_CERTIFIED,0.3589687224950058,0,32,0,0,20,FULL_MOTION_CERTIFICATE,0,0,0,15,0,0,0,0,0,,9.8,0.799999997717,-6.04372230758e-05,0,0.999999997146,-7.55465288447e-05,0,0.999999997146,-7.55465288447e-05,0,0.799998374648,0.000103363837279,9.82654191593e-07,0.7999954496413718,0.0021167833097189004,1.063199618876024e-06
9.75,-57.74702864545399,-10.215776989472436,2.3504150640185983,0.7999806610117935,0.0015970354839986815,1.002306815864683e-05,0.7999745919199288,0.006375914251585843,0.0,DEPTH_PROPOSAL_CERTIFIED,0.3588317808588851,0,32,0,0,20,FULL_MOTION_CERTIFICATE,0,0,0,15,0,0,0,0,0,,9.816666666,0.799999903701,-0.000392528415235,0,0.999999879626,-0.000490660519043,0,0.999999879626,-0.000490660519043,0,0.799998490485,6.57962438941e-05,9.08210695207e-07,0.7999956162451574,0.002103357367558678,9.826541915926896e-07
9.766666666666667,-57.73369561528941,-10.215749780352379,2.350415219561076,0.799981809874613,0.0016325472034810589,9.332548653840774e-06,0.7999999536984668,-0.00027218091606474106,0.0,DEPTH_PROPOSAL_CERTIFIED,0.35869524586703183,0,32,0,0,20,FULL_MOTION_CERTIFICATE,0,0,0,15,0,0,0,0,0,,9.833333333,0.799999958017,-0.000259178533543,0,0.999999947521,-0.000323973166929,0,0.999999947521,-0.000323973166929,0,0.799998601662,4.11769420807e-05,8.39406853285e-07,0.7999958260010096,0.0020657901811660384,9.08210695207347e-07
9.783333333333333,-57.72036256720962,-10.215722055292888,2.3504153643798897,0.7999828847875555,0.0016635035694468128,8.689128820465392e-06,0.7999751478379885,-0.006305778428434748,0.0,DEPTH_PROPOSAL_CERTIFIED,0.35855907190565506,0,32,0,0,20,FULL_MOTION_CERTIFICATE,0,0,0,15,0,0,0,0,0,,9.85,0.79999997994,-0.000179152172196,0,0.999999974925,-0.000223940215245,0,0.999999974925,-0.000223940215245,0,0.799998706077,2.44853421805e-05,7.75815423734e-07,0.7999959987254551,0.0020411712342290333,8.39406853285259e-07
9.8,-57.7070295023873,-10.215693874455143,2.350415499207146,0.7999838893391883,0.00169085026475594,8.089635381319063e-06,0.7999977505682904,0.0018971256351755846,0.0,DEPTH_PROPOSAL_CERTIFIED,0.35842322279953764,0,32,0,0,21,FULL_MOTION_CERTIFICATE,0,0,0,15,0,0,0,0,0,,9.866666666,0.799999882661,-0.000433292311566,0,0.999999853326,-0.000541615389457,0,0.999999853326,-0.000541615389457,0,0.799998795212,-1.01947817161e-05,7.17041530348e-07,0.7999961448691084,0.0020244799475272746,7.758154237342441e-07
9.816666666666666,-57.693696421868815,-10.215665316155414,2.350415624725572,0.799984831109265,0.0017134979837019775,7.531105544124299e-06,0.7999977505682904,0.0018971256351755846,0.0,DEPTH_PROPOSAL_CERTIFIED,0.3582876511652905,0,32,0,0,21,FULL_MOTION_CERTIFICATE,0,0,0,15,0,0,0,0,0,,9.883333333,0.79999986079,-0.000471949171811,0,0.999999825987,-0.000589936464763,0,0.999999825987,-0.000589936464763,0,0.799998875938,-4.51761756047e-05,6.62720201205e-07,0.7999963207042006,0.0019898001548436517,7.170415303477573e-07
9.833333333333334,-57.68036332663092,-10.215636453157343,2.350415741571794,0.7999857142739367,0.0017317798843370896,7.010773321175818e-06,0.799978851845193,0.005816923623940942,0.0,DEPTH_PROPOSAL_CERTIFIED,0.3581523128297851,0,32,0,0,21,FULL_MOTION_CERTIFICATE,0,0,0,15,0,0,0,0,0,,9.9,0.799999910535,-0.00037834285465,0,0.999999888169,-0.000472928568313,0,0.999999888169,-0.000472928568313,0,0.799998954316,-7.04160760372e-05,6.12514124352e-07,0.7999964888829322,0.0019548190720854453,6.627202012046825e-07
9.85,-57.66703021457579,-10.215609860432746,2.350415850280817,0.799986723307962,0.0015955634757480333,6.52254136813447e-06,0.7999927915857127,-0.0033960875869894,0.0,DEPTH_PROPOSAL_CERTIFIED,0.358015632859217,0,32,0,0,21,FULL_MOTION_CERTIFICATE,0,0,0,15,0,0,0,0,0,,9.916666666,0.799999999844,-1.57764294696e-05,0,0.999999999806,-1.9720536837e-05,0,0.999999999806,-1.9720536837e-05,0,0.799999033523,-6.62767090386e-05,5.6611154103e-07,0.7999990335230718,-6.62767090385541e-05,5.661115410296641e-07
9.866666666666667,-57.653697089924805,-10.215582840744107,2.350415951469095,0.7999874790587979,0.0016211813183848137,6.071296684262871e-06,0.799984736447531,-0.004941806448503783,0.0,DEPTH_PROPOSAL_CERTIFIED,0.3578792577819716,0,32,0,0,21,FULL_MOTION_CERTIFICATE,0,0,0,15,0,0,0,0,0,,9.933333333,0.799999999162,3.66250784743e-05,0,0.999999998952,4.57813480928e-05,0,0.999999998952,4.57813480928e-05,0,0.799999106678,-5.84811189196e-05,5.23224302215e-07,0.7999966992189941,0.0019337189985535186,5.661115410296641e-07
9.883333333333333,-57.64036395050892,-10.215557953228288,2.350416045602183,0.7999883649529247,0.0014932509491590224,5.647985276114882e-06,0.7999863720738043,0.004669528476507445,0.0,DEPTH_PROPOSAL_CERTIFIED,0.3577416190430458,0,32,0,0,21,FULL_MOTION_CERTIFICATE,0,0,0,15,0,0,0,0,0,,9.95,0.799999980303,-0.000177524478025,0,0.999999975379,-0.000221905597531,0,0.999999975379,-0.000221905597531,0,0.799999172861,-6.74995553958e-05,4.83586096709e-07,0.7999991728612722,-6.749955539572805e-05,4.835860967090953e-07
9.9,-57.62703080039018,-10.215532511109496,2.3504161332145648,0.7999890071242086,0.0015265271275835574,5.256742914038667e-06,0.7999912645668175,0.0037385313673032614,0.0,DEPTH_PROPOSAL_CERTIFIED,0.35760436093495107,0,32,0,0,21,FULL_MOTION_CERTIFICATE,0,0,0,15,0,0,0,0,0,,9.95,0.799999980303,-0.000177524478025,0,0.999999975379,-0.000221905597531,0,0.999999975379,-0.000221905597531,0,0.799999172861,-6.74995553958e-05,4.83586096709e-07,0.7999968416138719,0.0019324965043628628,4.835860967090953e-07
9.916666666666666,-57.613697640300515,-10.215506556423113,2.350416214753977,0.7999896053798462,0.0015572811829212868,4.892364722658315e-06,0.7999912645668175,0.0037385313673032614,0.0,DEPTH_PROPOSAL_CERTIFIED,0.3574674584483386,0,32,0,0,23,FULL_MOTION_CERTIFICATE,0,0,0,15,0,0,0,0,0,,9.983333333,0.799999978218,0.000186682704331,0,0.999999972773,0.000233353380414,0,0.999999972773,0.000233353380414,0,0.799999291587,-4.82581133874e-05,4.13090878973e-07,0.7999969040986241,0.0019324806580416076,4.4695078781775807e-07
9.933333333333334,-57.60036446792894,-10.215482574961891,2.3504162905982264,0.7999903422942096,0.0014388876733558119,4.55065497963783e-06,0.7999801688458544,-0.005632890320098436,0.0,DEPTH_PROPOSAL_CERTIFIED,0.35732938296782835,0,32,0,0,23,FULL_MOTION_CERTIFICATE,0,0,0,15,0,0,0,0,0,,10,0.799999833606,0.000515975479915,0,0.999999792007,0.000644969349894,0,0.999999792007,0.000644969349894,0,0.799999332649,-5.51314334287e-06,3.81796114788e-07,0.7999993326494439,-5.5131433429056464e-06,3.8179611478812634e-07
9.95,-57.58703128734507,-10.215457891991264,2.3504163611787656,0.7999908350321995,0.0014809782376605572,4.234832338361355e-06,0.7999967310239707,-0.0022869960561270083,0.0,DEPTH_PROPOSAL_CERTIFIED,0.3573403458539691,0,32,0,0,23,FULL_MOTION_CERTIFICATE,0,0,0,15,0,0,0,0,0,,10.016666666,0.799999894152,0.000411529555423,0,0.99999986769,0.000514411944279,0,0.99999986769,0.000514411944279,0,0.799999375188,2.60809992393e-05,3.52872167855e-07,0.7999968464356756,0.001994483122178481,3.8179611478812634e-07
9.966666666666667,-57.57369809921706,-10.21543252076428,2.35041642685784,0.7999912876803926,0.001522273619078236,3.940744446656319e-06,0.7999758022088737,0.006222208632721331,0.0,DEPTH_PROPOSAL_CERTIFIED,0.3573559113124706,0,32,0,0,24,FULL_MOTION_CERTIFICATE,0,0,0,16,0,0,0,0,0,,10.033333333,0.799999971086,0.000215085630343,0,0.999999963858,0.000268857037928,0,0.999999963858,0.000268857037928,0,0.799999420331,4.0399532185e-05,3.26139427331e-07,0.7999968099883494,0.0020260772723738885,3.528721678550747e-07
9.983333333333333,-57.560364904104645,-10.21540649534253,2.3504164879730185,0.7999917067451936,0.0015615253050142695,3.6669107330711134e-06,0.7999997079418679,0.0006835882723510976,0.0,DEPTH_PROPOSAL_CERTIFIED,0.35737188236349016,0,32,0,0,24,FULL_MOTION_CERTIFICATE,0,0,0,16,0,0,0,0,0,,10.05,0.799999903519,0.000392898613044,0,0.999999879399,0.000491123266305,0,0.999999879399,0.000491123266305,0,0.799999456937,6.71040085417e-05,3.01431894464e-07,0.7999968193357649,0.002040395873433909,3.261394273313991e-07
10.0,-57.54703170257501,-10.21537983156844,2.3504165448388554,0.7999920917781081,0.0015998264453807483,3.411950214994778e-06,0.799974412738365,-0.006398356344261547,0.0,DEPTH_PROPOSAL_CERTIFIED,0.3573882490467246,0,32,0,0,24,FULL_MOTION_CERTIFICATE,0,0,0,16,0,0,0,0,0,,10.05,0.799999903519,0.000392898613044,0,0.999999879399,0.000491123266305,0,0.999999879399,0.000491123266305,0,0.799999456937,6.71040085417e-05,3.01431894464e-07,0.7999967891796658,0.0020671003578517644,3.0143189446365764e-07
10.016666666666667,-57.533698491664275,-10.215355046243694,2.3504165977217886,0.7999926546442108,0.0014871194847249618,3.1729759848249682e-06,0.799974412738365,-0.006398356344261547,0.0,DEPTH_PROPOSAL_CERTIFIED,0.3574034626884157,0,32,0,0,24,FULL_MOTION_CERTIFICATE,0,0,0,16,0,0,0,0,0,,10.083333333,0.799999961813,0.000247181681176,0,0.999999952267,0.00030897710147,0,0.999999952267,0.00030897710147,0,0.799999521611,0.000112094564724,2.57490376753e-07,0.7999995216106626,0.0001120945647244409,2.574903767534446e-07
10.033333333333333,-57.52036527559352,-10.215329471813583,2.350416646923553,0.7999929642452054,0.0015344658067249232,2.9521058630013805e-06,0.7999994177248342,0.0009652149638089159,0.0,DEPTH_PROPOSAL_CERTIFIED,0.35741916433028176,0,32,0,0,24,FULL_MOTION_CERTIFICATE,0,0,0,16,0,0,0,0,0,,10.1,0.799999963125,-0.000242899528424,0,0.999999953906,-0.00030362441053,0,0.999999953906,-0.00030362441053,0,0.799999555059,8.52010722814e-05,2.3798352964e-07,0.7999967413773398,0.0021120909351244888,2.574903767534446e-07
10.05,-57.50703205117223,-10.215305781298785,2.350416692675631,0.7999934652774268,0.0014214308878614215,2.745124697250129e-06,0.799976363365991,0.006149638666135213,0.0,DEPTH_PROPOSAL_CERTIFIED,0.3574337092066662,0,32,0,0,24,FULL_MOTION_CERTIFICATE,0,0,0,16,0,0,0,0,0,,10.116666666,0.799999856175,-0.000479708718436,0,0.999999820218,-0.000599635898046,0,0.999999820218,-0.000599635898046,0,0.799999577871,4.24048777268e-05,2.19954475085e-07,0.7999995778705271,4.2404877726776036e-05,2.199544750849997e-07
10.066666666666666,-57.49369882232344,-10.215281306730049,2.3504167352393632,0.7999937309277023,0.0014684741241261933,2.5538239228436907e-06,0.7999959361800848,-0.0025499206555780213,0.0,DEPTH_PROPOSAL_CERTIFIED,0.3574487386415496,0,32,0,0,24,FULL_MOTION_CERTIFICATE,0,0,0,16,0,0,0,0,0,,10.133333333,0.799999945392,-0.000295587868992,0,0.99999993174,-0.00036948483624,0,0.99999993174,-0.00036948483624,0,0.799999605713,1.67993660996e-05,2.03291256942e-07,0.7999969718610644,0.002042401606556443,2.199544750849997e-07
10.083333333333334,-57.480365589266576,-10.215256139835404,2.350416774835251,0.7999939834117593,0.0015100136787039567,2.3757532663359983e-06,0.799981144584893,-0.005492568492476402,0.0,DEPTH_PROPOSAL_CERTIFIED,0.357464196048771,0,32,0,0,24,FULL_MOTION_CERTIFICATE,0,0,0,16,0,0,0,0,0,,10.15,0.799999945413,-0.000295531249598,0,0.999999931767,-0.000369414061998,0,0.999999931767,-0.000369414061998,0,0.799999631448,-6.86204465379e-06,1.87890403836e-07,0.7999970637172551,0.0020167962445526433,2.0329125694226567e-07
10.1,-57.46703235221326,-10.215230362939126,2.3504168116686857,0.7999942231991642,0.0015466137766868668,2.2100060797829466e-06,0.7999901727154559,0.003965294275961403,0.0,DEPTH_PROPOSAL_CERTIFIED,0.3574800306381849,0,32,0,0,24,FULL_MOTION_CERTIFICATE,0,0,0,16,0,0,0,0,0,,10.166666666,0.799999809462,-0.000552142087742,0,0.999999761827,-0.000690177609678,0,0.999999761827,-0.000690177609678,0,0.799999644934,-4.81711371748e-05,1.73656282902e-07,0.7999971486055045,0.0019931349720783975,1.8789040383559213e-07
10.116666666666667,-57.45369911131882,-10.215204074411199,2.3504168459309716,0.7999944536661967,0.0015773116756017094,2.0557371557768265e-06,0.7999901727154559,0.003965294275961403,0.0,DEPTH_PROPOSAL_CERTIFIED,0.3574961817568669,0,32,0,0,24,FULL_MOTION_CERTIFICATE,0,0,0,16,0,0,0,0,0,,10.183333333,0.799999853413,-0.000484292673412,0,0.999999816766,-0.000605365841765,0,0.999999816766,-0.000605365841765,0,0.799999660728,-8.12106481566e-05,1.60500503631e-07,0.7999972653639923,0.0019518260423627698,1.7365628290226063e-07
10.133333333333333,-57.44036586382035,-10.21517989358902,2.3504168777849297,0.799994849908507,0.0014508493307020466,1.911237475363835e-06,0.7999875075287328,0.004470771517958406,0.0,DEPTH_PROPOSAL_CERTIFIED,0.35751103771519377,0,32,0,0,24,FULL_MOTION_CERTIFICATE,0,0,0,16,0,0,0,0,0,,10.2,0.799999968776,-0.000223514947019,0,0.99999996097,-0.000279393683774,0,0.99999996097,-0.000279393683774,0,0.799999684065,-9.19912770739e-05,1.48341374325e-07,0.7999996840646927,-9.199127707393284e-05,1.4834137432523077e-07
10.15,-57.42703261308432,-10.215155135548653,2.350416907413009,0.7999950441612668,0.0014854824221055673,1.7776847404366614e-06,0.799983632786895,-0.005117350201267932,0.0,DEPTH_PROPOSAL_CERTIFIED,0.35752625032191987,0,32,0,0,24,FULL_MOTION_CERTIFICATE,0,0,0,16,0,0,0,0,0,,10.216666666,0.799999982766,0.000166056853198,0,0.999999978457,0.000207571066498,0,0.999999978457,0.000207571066498,0,0.799999706694,-7.24421770777e-05,1.37103391871e-07,0.7999974140449352,0.0019080061372284962,1.4834137432523077e-07
10.166666666666666,-57.41369935938916,-10.215129819335543,2.3504169349696467,0.7999952217097336,0.0015189727865449977,1.653398274636264e-06,0.7999937901700928,-0.0031520928428022915,0.0,DEPTH_PROPOSAL_CERTIFIED,0.35754180775447875,0,32,0,0,24,FULL_MOTION_CERTIFICATE,0,0,0,16,0,0,0,0,0,,10.233333333,0.799999987607,0.000140814770551,0,0.999999984509,0.000176018463188,0,0.999999984509,0.000176018463188,0,0.799999727975,-5.62863473888e-05,1.26716771067e-07,0.7999973878010287,0.001927555232706074,1.3710339187132352e-07
10.183333333333334,-57.400366099978335,-10.21510649024769,2.3504169605865357,0.7999955646497374,0.0013997452711652378,1.5370133307616473e-06,0.7999780246559882,0.005929592524203543,0.0,DEPTH_PROPOSAL_CERTIFIED,0.3575561438980608,0,32,0,0,24,FULL_MOTION_CERTIFICATE,0,0,0,16,0,0,0,0,0,,10.25,0.799999999141,-3.70680596152e-05,0,0.999999998927,-4.6335074519e-05,0,0.999999998927,-4.6335074519e-05,0,0.799999748518,-5.48304164677e-05,1.17117015491e-07,0.7999997485177835,-5.483041646775488e-05,1.1711701549139885e-07
10.2,-57.38703283826833,-10.215082472495984,2.350416984410626,0.7999957026001945,0.001441065102352699,1.4294454280896649e-06,0.7999983514450566,0.001624095191699407,0.0,DEPTH_PROPOSAL_CERTIFIED,0.35757090496502464,0,32,0,0,24,FULL_MOTION_CERTIFICATE,0,0,0,16,0,0,0,0,0,,10.25,0.799999999141,-3.70680596152e-05,0,0.999999998927,-4.6335074519e-05,0,0.999999998927,-4.6335074519e-05,0,0.799999748518,-5.48304164677e-05,1.17117015491e-07,0.7999973855957699,0.0019451670428397572,1.1711701549139885e-07
10.216666666666667,-57.37369957141155,-10.215060288018357,2.3504170065561794,0.7999960114070449,0.0013310686576746412,1.3287332117562034e-06,0.7999983514450566,0.001624095191699407,0.0,DEPTH_PROPOSAL_CERTIFIED,0.3575845392249756,0,32,0,0,24,FULL_MOTION_CERTIFICATE,0,0,0,16,0,0,0,0,0,,10.283333333,0.799999929473,0.000335920260889,0,0.999999911842,0.000419900326111,0,0.999999911842,0.000419900326111,0,0.799999778851,-1.08879673976e-05,1.00044172488e-07,0.7999997788506198,-1.0887967397593679e-05,1.0004417248804156e-07
10.233333333333333,-57.360366302920085,-10.215037272681167,2.3504170271503577,0.7999961094877615,0.0013809202313676112,1.2356507087813479e-06,0.7999748131840267,-0.006348091932349108,0.0,DEPTH_PROPOSAL_CERTIFIED,0.3575986857324329,0,32,0,0,24,FULL_MOTION_CERTIFICATE,0,0,0,16,0,0,0,0,0,,10.3,0.799999836148,0.000512019408563,0,0.999999795184,0.000640024260704,0,0.999999795184,0.000640024260704,0,0.799999783191,2.87262285432e-05,9.24650683601e-08,0.799997306072503,0.0019891094304218815,1.0004417248804156e-07
10.25,-57.34703303303735,-10.21501343941054,2.35041704630112,0.799996192964278,0.0014299962375836982,1.1490457360221576e-06,0.7999999999136486,1.1754249722186636e-05,0.0,DEPTH_PROPOSAL_CERTIFIED,0.3576133364612848,0,32,0,0,24,FULL_MOTION_CERTIFICATE,0,0,0,16,0,0,0,0,0,,10.316666666,0.799999951078,0.000279776705527,0,0.999999938848,0.000349720881909,0,0.999999938848,0.000349720881909,0,0.79999979591,4.77452033116e-05,8.54601392191e-08,0.7999972113777802,0.0020287235134199277,9.24650683600927e-08
10.266666666666667,-57.33369976191271,-10.21498882615731,2.350417064108971,0.799996267478276,0.001476795193869092,1.0684710695976772e-06,0.7999748372132856,0.006345063086942664,0.0,DEPTH_PROPOSAL_CERTIFIED,0.35762846799372683,0,32,0,0,24,FULL_MOTION_CERTIFICATE,0,0,0,16,0,0,0,0,0,,10.333333333,0.79999999007,0.000126048501713,0,0.999999987587,0.000157560627141,0,0.999999987587,0.000157560627141,0,0.799999810619,5.36772714909e-05,7.89858861184e-08,0.7999971765490513,0.0020477424605508665,8.546013921907073e-08
10.283333333333333,-57.32036648964041,-10.214963484521057,2.3504170806674725,0.7999963363380984,0.0015204981751642472,9.935100708492547e-07,0.7999983049817136,-0.0016468231189794237,0.0,DEPTH_PROPOSAL_CERTIFIED,0.35764404851909637,0,32,0,0,24,FULL_MOTION_CERTIFICATE,0,0,0,16,0,0,0,0,0,,10.35,0.79999992768,0.000340165788277,0,0.999999909599,0.000425207235346,0,0.999999909599,0.000425207235346,0,0.799999819487,7.53809474391e-05,7.30021067474e-08,0.7999971764279314,0.002053674546965173,7.898588611844394e-08
10.3,-57.3070332163647,-10.21493744227874,2.3504170960637163,0.7999963965425596,0.001562534538959361,9.23774619023351e-07,0.7999780904672904,-0.005920707078365697,0.0,DEPTH_PROPOSAL_CERTIFIED,0.3576600608882794,0,32,0,0,24,FULL_MOTION_CERTIFICATE,0,0,0,16,0,0,0,0,0,,10.35,0.79999992768,0.000340165788277,0,0.999999909599,0.000425207235346,0,0.999999909599,0.000425207235346,0,0.799999819487,7.53809474391e-05,7.30021067474e-08,0.799997131036986,0.0020753781772597235,7.300210674737109e-08
10.316666666666666,-57.29369994222342,-10.214910724175057,2.3504171103787694,0.7999964484771026,0.0016030862209657556,8.589031815470564e-07,0.7999780904672904,-0.005920707078365697,0.0,DEPTH_PROPOSAL_CERTIFIED,0.3576764898218705,0,32,0,0,24,FULL_MOTION_CERTIFICATE,0,0,0,16,0,0,0,0,0,,10.383333333,0.799999996016,7.98378209652e-05,0,0.99999999502,9.97972762064e-05,0,0.99999999502,9.97972762064e-05,0,0.799999839458,9.64573106187e-05,6.23601560267e-08,0.7999970820785272,0.0020978167414437976,6.747164433621299e-08
10.333333333333334,-57.28036666726163,-10.214883383131598,2.350417123688086,0.7999964977073796,0.0016404626075973221,7.98559012947026e-07,0.7999937093800192,0.003172530913543545,0.0,DEPTH_PROPOSAL_CERTIFIED,0.3576933027081015,0,32,0,0,24,FULL_MOTION_CERTIFICATE,0,0,0,16,0,0,0,0,0,,10.4,0.799999903485,-0.000392967543759,0,0.999999879357,-0.000491209429699,0,0.999999879357,-0.000491209429699,0,0.799999844309,5.9379669394e-05,5.76359016878e-08,0.7999970983167582,0.0020964545245024113,6.236015602669436e-08
10.35,-57.267033388074566,-10.21485809219016,2.350417136056381,0.7999967512240882,0.0015174564861962971,7.420976896687658e-07,0.7999837231901773,0.005103198093531752,0.0,DEPTH_PROPOSAL_CERTIFIED,0.35770885488182036,0,32,0,0,24,FULL_MOTION_CERTIFICATE,0,0,0,16,0,0,0,0,0,,10.416666666,0.799999841925,-0.00050291216173,0,0.999999802406,-0.000628640202162,0,0.999999802406,-0.000628640202162,0,0.799999844128,1.67818051037e-05,5.3269545674e-08,0.7999998441279329,1.678180510369942e-05,5.32695456739501e-08
10.366666666666667,-57.25370010819185,-10.214832170790652,2.350417147554943,0.7999967929628128,0.0015552839705487108,6.899137393661257e-07,0.7999874135148591,-0.004487562568450553,0.0,DEPTH_PROPOSAL_CERTIFIED,0.35772479554179193,0,32,0,0,24,FULL_MOTION_CERTIFICATE,0,0,0,16,0,0,0,0,0,,10.433333333,0.799999946499,-0.000292576462734,0,0.999999933124,-0.000365720578418,0,0.999999933124,-0.000365720578418,0,0.799999851883,-6.65442777697e-06,4.92339739513e-08,0.7999973021752529,0.0020167792796481343,5.32695456739501e-08
10.383333333333333,-57.24036682444099,-10.214808256529674,2.350417158239857,0.7999970250515789,0.0014348556587458496,6.410948293660596e-07,0.7999902640970222,-0.003946815168786509,0.0,DEPTH_PROPOSAL_CERTIFIED,0.35773950183680747,0,32,0,0,24,FULL_MOTION_CERTIFICATE,0,0,0,16,0,0,0,0,0,,10.45,0.799999913279,-0.000372496611093,0,0.999999891599,-0.000465620763866,0,0.999999891599,-0.000465620763866,0,0.799999856535,-3.43697452491e-05,4.55041273652e-08,0.7999998565345257,-3.436974524914649e-05,4.5504127365215764e-08
10.4,-57.2270335401631,-10.214783672101698,2.350417168172762,0.7999970566734707,0.001475065678549973,5.959743216387207e-07,0.7999810619041223,0.005504597601353706,0.0,DEPTH_PROPOSAL_CERTIFIED,0.3577546209697319,0,32,0,0,24,FULL_MOTION_CERTIFICATE,0,0,0,16,0,0,0,0,0,,10.45,0.799999913279,-0.000372496611093,0,0.999999891599,-0.000465620763866,0,0.999999891599,-0.000465620763866,0,0.799999856535,-3.43697452491e-05,4.55041273652e-08,0.7999974424605497,0.001965627920160251,4.5504127365215764e-08
10.416666666666666,-57.213700255271085,-10.214758522128166,2.3504171774062765,0.7999970935208847,0.00150899841192422,5.540108764484377e-07,0.7999810619041223,0.005504597601353706,0.0,DEPTH_PROPOSAL_CERTIFIED,0.35777008853529946,0,32,0,0,24,FULL_MOTION_CERTIFICATE,0,0,0,16,0,0,0,0,0,,10.483333333,0.799999883335,-0.000432046807496,0,0.999999854168,-0.00054005850937,0,0.999999854168,-0.00054005850937,0,0.799999852995,-0.000103915993478,3.88707204324e-08,0.7999975430593358,0.001922977759090061,4.205684512695435e-08
10.433333333333334,-57.200366966880914,-10.214735402441582,2.3504171859856435,0.799997303410197,0.001387181195090959,5.147620198103418e-07,0.7999960046705291,0.0025283415890282176,0.0,DEPTH_PROPOSAL_CERTIFIED,0.35778430738555267,0,32,0,0,24,FULL_MOTION_CERTIFICATE,0,0,0,16,0,0,0,0,0,,10.5,0.799999999055,-3.88777044907e-05,0,0.999999998819,-4.85971306134e-05,0,0.999999998819,-4.85971306134e-05,0,0.79999986406,-9.89888502747e-05,3.59259688256e-08,0.7999998640598073,-9.898885027474769e-05,3.592596882559771e-08
10.45,-57.1870336781017,-10.214711633982471,2.3504171939604195,0.7999973267528641,0.0014261075466660787,4.784865614024087e-07,0.7999763136148053,-0.006156107151991845,0.0,DEPTH_PROPOSAL_CERTIFIED,0.36015102069742766,0,32,0,0,24,FULL_MOTION_CERTIFICATE,0,0,0,16,0,0,0,0,0,,10.516666666,0.799999933683,0.000325741793935,0,0.999999917103,0.000407177242418,0,0.999999917103,0.000407177242418,0,0.799999869334,-6.68122876065e-05,3.32043046295e-08,0.7999976115334021,0.0019010090358825699,3.592596882559771e-08
10.466666666666667,-57.17370038905782,-10.214687225273405,2.3504172013729705,0.7999973426326866,0.0014645225439781381,4.4475305710142874e-07,0.7999994454339295,-0.0009419688982020834,0.0,DEPTH_PROPOSAL_CERTIFIED,0.3625846033501816,0,32,0,0,24,FULL_MOTION_CERTIFICATE,0,0,0,16,0,0,0,0,0,,10.533333333,0.799999968015,0.00022622247065,0,0.999999960018,0.000282778088313,0,0.999999960018,0.000282778088313,0,0.79999987681,-4.46126842643e-05,3.06888269557e-08,0.7999975363665222,0.001933185511185237,3.320430462949476e-08
10.483333333333333,-57.16036709982996,-10.21466219678843,2.350417208262713,0.7999973536713719,0.0015017090985133647,4.133845548176661e-07,0.7999744089118626,0.006398834746747822,0.0,DEPTH_PROPOSAL_CERTIFIED,0.36501846993834886,0,32,0,0,24,FULL_MOTION_CERTIFICATE,0,0,0,16,0,0,0,0,0,,10.55,0.799999992665,0.000108330953786,0,0.999999990832,0.000135413692232,0,0.999999990832,0.000135413692232,0,0.799999885587,-3.30260447863e-05,2.83639157762e-08,0.7999974883433327,0.001955385063843157,3.068882695573863e-08
10.5,-57.14703381045756,-10.214636580850689,2.3504172146663183,0.7999973623442715,0.0015369562644634877,3.8421632458725285e-07,0.7999996876317587,-0.0007069576286429495,0.0,DEPTH_PROPOSAL_CERTIFIED,0.3674525971955471,0,32,0,0,24,FULL_MOTION_CERTIFICATE,0,0,0,16,0,0,0,0,0,,10.55,0.799999992665,0.000108330953786,0,0.999999990832,0.000135413692232,0,0.999999990832,0.000135413692232,0,0.799999885587,-3.30260447863e-05,2.83639157762e-08,0.7999974681536463,0.0019669716890549638,2.8363915776229908e-08
10.516666666666667,-57.13370051789645,-10.21461286827809,2.3504172206153946,0.7999975536662858,0.0014227543559036386,3.5694456812584503e-07,0.7999996876317587,-0.0007069576286429495,0.0,DEPTH_PROPOSAL_CERTIFIED,0.3698854736552992,0,32,0,0,24,FULL_MOTION_CERTIFICATE,0,0,0,16,0,0,0,0,0,,10.583333333,0.799999878804,0.000440355850678,0,0.999999848505,0.000550444813347,0,0.999999848505,0.000550444813347,0,0.799999887795,2.94910714734e-05,2.42291392967e-08,0.7999998877948598,2.9491071473555786e-05,2.4229139296687642e-08
10.533333333333333,-57.12036722563787,-10.214588389626881,2.3504172261443754,0.7999975355149694,0.0014687190725373674,3.3173885382060727e-07,0.7999758453065415,-0.006216665189978701,0.0,DEPTH_PROPOSAL_CERTIFIED,0.372318721304814,0,32,0,0,24,FULL_MOTION_CERTIFICATE,0,0,0,16,0,0,0,0,0,,10.6,0.799999879124,0.000439775089292,0,0.999999848905,0.000549718861614,0,0.999999848905,0.000549718861614,0,0.799999887138,6.0573194657e-05,2.23935984042e-08,0.7999973140689105,0.002029488615468894,2.4229139296687642e-08
10.55,-57.1070339304,-10.214565684141943,2.350417231280627,0.7999977142720003,0.001362329096235258,3.0817508563301754e-07,0.7999966679998348,0.002308936803403211,0.0,DEPTH_PROPOSAL_CERTIFIED,0.3747508081656997,0,32,0,0,24,FULL_MOTION_CERTIFICATE,0,0,0,16,0,0,0,0,0,,10.616666666,0.79999999234,0.000110709313805,0,0.999999990425,0.000138386642256,0,0.999999990425,0.000138386642256,0,0.799999895108,6.43713853496e-05,2.06971137444e-08,0.7999998951077764,6.437138534959308e-05,2.0697113744438126e-08
10.566666666666666,-57.09370063576831,-10.21454209224319,2.350417236053901,0.7999976779014784,0.0014155139252042725,2.863964513990355e-07,0.7999802476105118,0.005621693074549556,0.0,DEPTH_PROPOSAL_CERTIFIED,0.3771833392316769,0,32,0,0,24,FULL_MOTION_CERTIFICATE,0,0,0,16,0,0,0,0,0,,10.633333333,0.799999999745,2.01991513513e-05,0,0.999999999681,2.52489391892e-05,0,0.999999999681,2.52489391892e-05,0,0.799999903035,6.10250039192e-05,1.91291505506e-08,0.7999972341811104,0.0020643688386262904,2.0697113744438126e-08
10.583333333333334,-57.08036734167629,-10.214517685308374,2.3504172404897163,0.7999976455206158,0.0014644160890123408,2.6614892860748797e-07,0.7999911752910541,-0.0037575865176977096,0.0,DEPTH_PROPOSAL_CERTIFIED,0.37961626668033965,0,32,0,0,24,FULL_MOTION_CERTIFICATE,0,0,0,17,0,0,0,0,0,,10.65,0.799999963378,0.000242064176781,0,0.999999954223,0.000302580220976,0,0.999999954223,0.000302580220976,0,0.799999907606,7.47400930466e-05,1.76799724496e-08,0.7999972504740929,0.00206102248747074,1.9129150550621427e-08
10.6,-57.067034048120604,-10.214492507765659,2.3504172446118083,0.7999976133416183,0.0015106525629634804,2.4732552283795364e-07,0.7999864659318912,-0.004653420871062051,0.0,DEPTH_PROPOSAL_CERTIFIED,0.382049559292734,0,32,0,0,24,FULL_MOTION_CERTIFICATE,0,0,0,17,0,0,0,0,0,,10.666666666,0.799999980027,0.000178765154585,0,0.999999975034,0.000223456443231,0,0.999999975034,0.000223456443231,0,0.799999913093,8.26207792115e-05,1.6340580651e-08,0.7999972207578495,0.0020747375451674183,1.767997244962109e-08
10.616666666666667,-57.053700755078545,-10.214466608044082,2.3504172484422527,0.7999975825235067,0.0015539832945890518,2.2982666358136178e-07,0.7999864659318912,-0.004653420871062051,0.0,DEPTH_PROPOSAL_CERTIFIED,0.38448318382114,0,32,0,0,24,FULL_MOTION_CERTIFICATE,0,0,0,17,0,0,0,0,0,,10.683333333,0.799999993979,-9.81540198715e-05,0,0.999999992473,-0.000122692524839,0,0.999999992473,-0.000122692524839,0,0.79999991922,6.89257184011e-05,1.51026578496e-08,0.7999972065425455,0.0020826182204209953,1.6340580650952743e-08
10.633333333333333,-57.04036745909278,-10.214442636918228,2.3504172520001365,0.7999977591461714,0.0014382675512385594,2.134730161191794e-07,0.7999846442395246,0.0049567106997817564,0.0,DEPTH_PROPOSAL_CERTIFIED,0.38691556705464114,0,32,0,0,24,FULL_MOTION_CERTIFICATE,0,0,0,17,0,0,0,0,0,,10.7,0.799999849554,-0.000490625386117,0,0.999999811943,-0.000613281732647,0,0.999999811943,-0.000613281732647,0,0.799999913943,2.65354823625e-05,1.39585170805e-08,0.7999999139426804,2.6535482362463614e-05,1.3958517080541798e-08
10.65,-57.02703416362663,-10.214417923032842,2.350417255306108,0.7999977279688565,0.001482833123187408,1.9835828134352427e-07,0.7999928760210477,0.0033761391518489746,0.0,DEPTH_PROPOSAL_CERTIFIED,0.389348296189141,0,32,0,0,24,FULL_MOTION_CERTIFICATE,0,0,0,17,0,0,0,0,0,,10.716666666,0.7999998683,-0.000459042411986,0,0.999999835375,-0.000573803014983,0,0.999999835375,-0.000573803014983,0,0.799999910485,-1.02507202834e-05,1.29010537076e-08,0.7999973476056147,0.002026533100963332,1.3958517080541798e-08
10.666666666666666,-57.013700868528986,-10.214392569104676,2.350417258377916,0.799997705858584,0.0015212356899633622,1.8430849137111017e-07,0.7999787807900688,-0.005826687363778294,0.0,DEPTH_PROPOSAL_CERTIFIED,0.39178130650917875,0,32,0,0,24,FULL_MOTION_CERTIFICATE,0,0,0,17,0,0,0,0,0,,10.733333333,0.799999960767,-0.000250544809363,0,0.999999950959,-0.000313181011704,0,0.999999950959,-0.000313181011704,0,0.799999914294,-2.84548183051e-05,1.19237011345e-08,0.7999974361132599,0.0019897470046300325,1.2901053707647773e-08
10.683333333333334,-57.00036757370966,-10.214366646606708,2.350417261232067,0.7999976891596534,0.0015553498780736471,1.7124903756530503e-07,0.7999978035257983,-0.0018746610088943524,0.0,DEPTH_PROPOSAL_CERTIFIED,0.39421455240245584,0,32,0,0,24,FULL_MOTION_CERTIFICATE,0,0,0,17,0,0,0,0,0,,10.75,0.799999900109,-0.00039978279588,0,0.999999875136,-0.00049972849485,0,0.999999875136,-0.00049972849485,0,0.799999913219,-5.65857262597e-05,1.10203904244e-08,0.7999974854327001,0.0019715429730191025,1.1923701134491041e-08
10.7,-56.987034279060126,-10.214340234131123,2.3504172638839087,0.7999976789721974,0.0015847485350595054,1.5911050369099608e-07,0.7999751164955238,0.006309753400343093,0.0,DEPTH_PROPOSAL_CERTIFIED,0.3966479846523798,0,32,0,0,24,FULL_MOTION_CERTIFICATE,0,0,0,17,0,0,0,0,0,,10.766666666,0.799999801967,-0.000562896110385,0,0.999999752459,-0.000703620137982,0,0.999999752459,-0.000703620137982,0,0.799999904791,-9.49425720077e-05,1.01855123954e-08,0.799997554685234,0.0019434121502869967,1.102039042441793e-08
10.716666666666667,-56.97370098159731,-10.214315964213572,2.3504172663467395,0.799997847768952,0.001456195053094619,1.4776985058205668e-07,0.7999751164955238,0.006309753400343093,0.0,DEPTH_PROPOSAL_CERTIFIED,0.3990800675286166,0,32,0,0,24,FULL_MOTION_CERTIFICATE,0,0,0,17,0,0,0,0,0,,10.783333333,0.799999935126,-0.000322178651737,0,0.999999918907,-0.000402723314671,0,0.999999918907,-0.000402723314671,0,0.799999907089,-0.000112157426877,9.413882653e-09,0.7999999070893583,-0.00011215742687691044,9.413882653003558e-09
10.733333333333333,-56.96036768433687,-10.214291149289007,2.3504172686348785,0.7999978356261697,0.0014888954739212343,1.3728833786015932e-07,0.7999999613452139,0.0002486918902759969,0.0,DEPTH_PROPOSAL_CERTIFIED,0.4015123731721415,0,32,0,0,24,FULL_MOTION_CERTIFICATE,0,0,0,17,0,0,0,0,0,,10.8,0.79999998576,0.000150945318432,0,0.9999999822,0.00018868164804,0,0.9999999822,0.00018868164804,0,0.799999913049,-9.22254003185e-05,8.70070971048e-09,0.7999976874842258,0.0018878406080059668,9.413882653003558e-09
10.75,-56.94703438731887,-10.214265805479197,2.3504172707606594,0.7999978210797982,0.001520628588561775,1.275468508791227e-07,0.79997460847682,-0.0063738365494083685,0.0,DEPTH_PROPOSAL_CERTIFIED,0.40394488908070136,0,32,0,0,24,FULL_MOTION_CERTIFICATE,0,0,0,17,0,0,0,0,0,,10.816666666,0.799999877907,0.000441983243325,0,0.999999847383,0.000552479054157,0,0.999999847383,0.000552479054157,0,0.799999910387,-5.17550501461e-05,8.04156506181e-09,0.7999976436140668,0.0019077725871763512,8.700709710482254e-09
10.766666666666667,-56.93370109065606,-10.21423992175245,2.35041727273555,0.7999977997689041,0.0015530236048997754,1.1849342013538655e-07,0.7999987858385184,0.0013937922716603986,0.0,DEPTH_PROPOSAL_CERTIFIED,0.40637761852336485,0,32,0,0,24,FULL_MOTION_CERTIFICATE,0,0,0,17,0,0,0,0,0,,10.833333333,0.799999950488,0.000281458952927,0,0.99999993811,0.000351823691159,0,0.99999993811,0.000351823691159,0,0.799999913425,-2.65115645599e-05,7.43235557525e-09,0.7999975397759957,0.0019482428042233574,8.041565061811507e-09
10.783333333333333,-56.920367794397364,-10.214213507138563,2.3504172745702117,0.7999977755216614,0.001584876833204228,1.1007970312325528e-07,0.7999773894291243,0.006014682216306929,0.0,DEPTH_PROPOSAL_CERTIFIED,0.4088105531655637,0,32,0,0,24,FULL_MOTION_CERTIFICATE,0,0,0,17,0,0,0,0,0,,10.85,0.799999964215,0.000239281700023,0,0.999999955269,0.000299102125028,0,0.999999955269,0.000299102125028,0,0.799999917273,-6.37571077972e-06,6.86929832344e-09,0.7999974797053011,0.0019734862185185748,7.432355575247657e-09
10.8,-56.90703449857088,-10.21418657643227,2.350417276274557,0.7999977495892215,0.0016158423775822007,1.0226073306266264e-07,0.7999945840582261,-0.0029437183129072102,0.0,DEPTH_PROPOSAL_CERTIFIED,0.41124368144450907,0,32,0,0,24,FULL_MOTION_CERTIFICATE,0,0,0,17,0,0,0,0,0,,10.85,0.799999964215,0.000239281700023,0,0.999999955269,0.000299102125028,0,0.999999955269,0.000299102125028,0,0.799999917273,-6.37571077972e-06,6.86929832344e-09,0.7999974332134557,0.001993622018993446,6.869298323437447e-09
10.816666666666666,-56.893701203271675,-10.214159120393218,2.350417277857802,0.7999977179523207,0.0016473623431373298,9.499468487277302e-08,0.7999945840582261,-0.0029437183129072102,0.0,DEPTH_PROPOSAL_CERTIFIED,0.41367700562178644,0,32,0,0,25,FULL_MOTION_CERTIFICATE,0,0,0,17,0,0,0,0,0,,10.883333333,0.79999985234,0.000486061875078,0,0.999999815425,0.000607577343847,0,0.999999815425,0.000607577343847,0,0.79999990725,6.63138991217e-05,5.86791990436e-09,0.7999973319821302,0.0020319059229099296,6.348896956114302e-09
10.833333333333334,-56.880367908574094,-10.214131135378112,2.350417279328513,0.7999976818549812,0.0016791009062848278,8.824265722365086e-08,0.7999827329630217,-0.005256135559022459,0.0,DEPTH_PROPOSAL_CERTIFIED,0.41611052470732335,0,32,0,0,25,FULL_MOTION_CERTIFICATE,0,0,0,17,0,0,0,0,0,,10.9,0.799999940371,0.000308879135191,0,0.999999925464,0.000386098918989,0,0.999999925464,0.000386098918989,0,0.79999990976,8.46900537369e-05,5.42338050878e-09,0.7999972414674396,0.0020663113766842822,5.86791990436489e-09
10.85,-56.86703461105519,-10.21410517860331,2.3504172806941352,0.7999978511343608,0.0015574064881764848,8.193734367378814e-08,0.7999884535423193,0.0042981622780609964,0.0,DEPTH_PROPOSAL_CERTIFIED,0.4185427862050556,0,32,0,0,25,FULL_MOTION_CERTIFICATE,0,0,0,17,0,0,0,0,0,,10.916666666,0.799999996658,-7.31221101422e-05,0,0.999999995823,-9.14026376778e-05,0,0.999999995823,-9.14026376778e-05,0,0.799999916343,7.27345872546e-05,5.01251836546e-09,0.7999999163427929,7.27345872546109e-05,5.012518365458234e-09
10.866666666666667,-56.853701314314854,-10.214078571164897,2.3504172819626303,0.7999978044202485,0.0015964463047906628,7.610970539285376e-08,0.7999892433320079,0.0041485603625132355,0.0,DEPTH_PROPOSAL_CERTIFIED,0.4209753150816813,0,32,0,0,25,FULL_MOTION_CERTIFICATE,0,0,0,17,0,0,0,0,0,,10.933333333,0.799999995122,-8.83435033641e-05,0,0.946657970834,0.271449805028,-0.173648177667,0.999999993903,-0.000110429379205,0,0.799727808817,0.00144607052777,-0.000885828129456,0.7999972345080776,0.0020727320674836097,5.012518365458234e-09
10.883333333333333,-56.84036904561228,-10.21404867044684,2.35041392776007,0.7999361221545415,0.0017940430835215132,-0.00020125215360326584,0.7999819956202154,-0.00536718580801341,0.0,DEPTH_PROPOSAL_CERTIFIED,0.42341137720289135,0,32,0,0,25,FULL_MOTION_CERTIFICATE,0,0,0,17,0,0,0,0,0,,10.95,0.799999992205,0.00011167877446,0,0.946657970834,0.271449805028,-0.173648177667,0.999999990256,0.000139598468075,0,0.799183598513,0.00420472378404,-0.00265745696597,0.7991835985129154,0.004204723784038036,-0.002657456965969053
10.9,-56.82703774349163,-10.214013203283736,2.3504074722888078,0.7998781272388157,0.0021280297862364657,-0.00038732827575219835,0.7999952199973783,-0.002765498390215823,0.0,DEPTH_PROPOSAL_CERTIFIED,0.42585205804122817,0,32,0,0,25,FULL_MOTION_CERTIFICATE,0,0,0,17,0,0,0,0,0,,10.95,0.799999992205,0.00011167877446,0,0.946657970834,0.271449805028,-0.173648177667,0.999999990256,0.000139598468075,0,0.799183598513,0.00420472378404,-0.00265745696597,0.7991705892669605,0.0062026675593586655,-0.002657456965969053
10.916666666666666,-56.81370837848671,-10.2139673616465,2.3503947952124107,0.7997619002951057,0.0027504982341721154,-0.0007606245838201007,0.7999952199973783,-0.002765498390215823,0.0,DEPTH_PROPOSAL_CERTIFIED,0.4283016156194519,0,32,0,0,27,FULL_MOTION_CERTIFICATE,0,0,0,17,0,0,0,0,0,,10.983333333,0.799999956752,-0.000263054273045,0,0.946657970834,0.271449805028,-0.173648177667,0.999999945939,-0.000328817841306,0,0.797278922816,0.0138781033926,-0.0088579276621,0.7983439315818446,0.010344613298987504,-0.0053148395422487876
10.933333333333334,-56.800383866272234,-10.213898739192253,2.35036630243199,0.799470732868452,0.004117347254778123,-0.0017095668252379973,0.7999768971297796,0.006079807448437716,0.0,DEPTH_PROPOSAL_CERTIFIED,0.4307718414785614,0,32,0,0,27,FULL_MOTION_CERTIFICATE,0,0,0,17,0,0,0,0,0,,11,0.799999829144,-0.000522847302555,0,0.946657970834,0.271449805028,-0.173648177667,0.99999978643,-0.000653559128194,0,0.795918490263,0.0207929053062,-0.0132866621705,0.7959184902632773,0.02079290530617052,-0.013286662170535715
10.95,-56.787063907987125,-10.213806549456155,2.3503231921069414,0.7991974971064613,0.005531384165880445,-0.0025866195029120172,0.7999991018151755,0.001198788935797548,0.0,DEPTH_PROPOSAL_CERTIFIED,0.4371992963213114,0,32,0,0,27,FULL_MOTION_CERTIFICATE,0,0,0,17,0,0,0,0,0,,11.016666666,0.7999999217,-0.000353948574981,0,0.946657970834,0.271449805028,-0.173648177667,0.999999902125,-0.000442435718726,0,0.794286024049,0.0290931817065,-0.0186009664403,0.7958640208101735,0.02278263448132984,-0.013286662170535715
10.966666666666667,-56.77375024602535,-10.213682102877108,2.350259861646871,0.7988197177065431,0.007466794742858706,-0.0037998276042273604,0.7999744898105208,-0.006388712890476151,0.0,DEPTH_PROPOSAL_CERTIFIED,0.4437683643556065,0,32,0,0,28,FULL_MOTION_CERTIFICATE,0,0,0,17,0,0,0,0,0,,11.033333333,0.799999980838,-0.000175096856383,0,0.946657970834,0.271449805028,-0.173648177667,0.999999976048,-0.000218871070479,0,0.792381557248,0.0387790097541,-0.0248007323475,0.7942108090275428,0.031078803781992216,-0.018600966440273748
10.983333333333333,-56.760444838588924,-10.213515619624252,2.350170014892933,0.7983244461858292,0.009988995171386017,-0.005390805236296783,0.7999998748235811,0.00044752905452711633,0.0,DEPTH_PROPOSAL_CERTIFIED,0.450369324827504,0,32,0,0,28,FULL_MOTION_CERTIFICATE,0,0,0,17,0,0,0,0,0,,11.05,0.799999912695,-0.000373749372182,0,0.946657970834,0.271449805028,-0.173648177667,0.999999890868,-0.000467186715228,0,0.790205147157,0.0498505196514,-0.031885772596,0.7922821336331185,0.0407598403994211,-0.024800732347544933
11.0,-56.74714984326687,-10.213296312028582,2.350046714897379,0.7976997193231393,0.013158455740120718,-0.007397999733244096,0.7999754024580557,0.006273393186453841,0.0,DEPTH_PROPOSAL_CERTIFIED,0.45700977932108144,0,32,0,0,28,FULL_MOTION_CERTIFICATE,0,0,0,17,0,0,0,0,0,,11.05,0.799999912695,-0.000373749372182,0,0.946657970834,0.271449805028,-0.173648177667,0.999999890868,-0.000467186715228,0,0.790205147157,0.0498505196514,-0.031885772596,0.7900780515983233,0.051825874678681993,-0.031885772596
11.016666666666667,-56.73387031272965,-10.213000134709503,2.34987295741869,0.796771832233056,0.017770639144714308,-0.010425448721323193,0.7999754024580557,0.006273393186453841,0.0,DEPTH_PROPOSAL_CERTIFIED,0.4637081792638601,0,32,0,0,28,FULL_MOTION_CERTIFICATE,0,0,0,17,0,0,0,0,0,,11.083333333,0.799999982077,-0.000169340688825,0,0.946657970834,0.271449805028,-0.173648177667,0.999999977597,-0.000211675861031,0,0.785451609734,0.0740392766808,-0.0473603263759,0.785451609734041,0.07403927668075308,-0.04736032637588619
11.033333333333333,-56.72060531221141,-10.212630432096054,2.349652564993468,0.7959000310941994,0.022182156807010165,-0.013223545513335383,0.7999973371060882,-0.002064127701424086,0.0,DEPTH_PROPOSAL_CERTIFIED,0.47045925105749253,0,32,0,0,28,FULL_MOTION_CERTIFICATE,0,0,0,17,0,0,0,0,0,,11.1,0.799999935744,0.000320638206945,0,0.946657970834,0.271449805028,-0.173648177667,0.999999919681,0.000400797758681,0,0.783320910217,0.0848817441205,-0.0542965549811,0.7852640572001477,0.07600267228702293,-0.04736032637588619
11.05,-56.70735868088969,-10.212168910473656,2.349372218318481,0.7947978793030288,0.02769129734390695,-0.016820800499228915,0.7999793966876009,-0.005741504623548872,0.0,DEPTH_PROPOSAL_CERTIFIED,0.4772761197128671,0,32,0,0,28,FULL_MOTION_CERTIFICATE,0,0,0,17,0,0,0,0,0,,11.116666666,0.7999998442,0.000499279422574,0,0.946657970834,0.271449805028,-0.173648177667,0.99999980525,0.000624099278218,0,0.781351627451,0.094902811894,-0.0607073113271,0.7813516274507484,0.09490281189404412,-0.060707311327127644
11.066666666666666,-56.69412932980833,-10.21162005981715,2.3490364593823476,0.7937610648820109,0.03293103939033561,-0.020145536168008932,0.7999921515358717,0.003543653624020919,0.0,DEPTH_PROPOSAL_CERTIFIED,0.484152315681865,0,32,0,0,28,FULL_MOTION_CERTIFICATE,0,0,0,17,0,0,0,0,0,,11.133333333,0.799999944065,0.000299158895562,0,0.946657970834,0.271449805028,-0.173648177667,0.999999930081,0.000373948619453,0,0.779531532658,0.104164708453,-0.0666324046885,0.7811119289455919,0.09685589235676921,-0.060707311327127644
11.083333333333334,-56.68091827718625,-10.210978807430406,2.3486420049051526,0.7926631573245373,0.03847514320468436,-0.02366726863168569,0.7999854291980193,0.0048283610947124,0.0,DEPTH_PROPOSAL_CERTIFIED,0.4910895723553492,0,32,0,0,28,FULL_MOTION_CERTIFICATE,0,0,0,17,0,0,0,0,0,,11.15,0.799999928462,0.000338320489673,0,0.946657970834,0.271449805028,-0.173648177667,0.999999910578,0.000422900612091,0,0.777849323837,0.112724946167,-0.0721086273318,0.77926868512336,0.1061132097397355,-0.06663240468853986
11.1,-56.66772628779187,-10.21024135040732,2.348186387096266,0.7915193636626348,0.04424742138506584,-0.027337068533207533,0.799985672621561,-0.004787859670956318,0.0,DEPTH_PROPOSAL_CERTIFIED,0.4980884956254239,0,32,0,0,28,FULL_MOTION_CERTIFICATE,0,0,0,17,0,0,0,0,0,,11.15,0.799999928462,0.000338320489673,0,0.946657970834,0.271449805028,-0.173648177667,0.999999910578,0.000422900612091,0,0.777849323837,0.112724946167,-0.0721086273318,0.7775650809874232,0.11466921518572423,-0.07210862733177677
11.116666666666667,-56.65455390550077,-10.209404992353265,2.3476678489391745,0.7903429374660661,0.05018148324328257,-0.031112289425485527,0.799985672621561,-0.004787859670956318,0.0,DEPTH_PROPOSAL_CERTIFIED,0.5051487324212318,0,32,0,0,28,FULL_MOTION_CERTIFICATE,0,0,0,17,0,0,0,0,0,,11.183333333,0.799999863728,0.000466942831551,0,0.946657970834,0.271449805028,-0.173648177667,0.99999982966,0.000583678539438,0,0.774857571925,0.127949041553,-0.081847905452,0.7759905378679293,0.12257703791352273,-0.07716998431127456
11.133333333333333,-56.64140275235919,-10.208461909611621,2.347079791654312,0.7890691884948393,0.05658496449869107,-0.03528343709176535,0.7999919242759188,-0.0035945922317598307,0.0,DEPTH_PROPOSAL_CERTIFIED,0.5122743275131558,0,32,0,0,28,FULL_MOTION_CERTIFICATE,0,0,0,17,0,0,0,0,0,,11.2,0.799999988305,0.000136789341769,0,0.946657970834,0.271449805028,-0.173648177667,0.999999985382,0.000170986677212,0,0.773529451046,0.134707435815,-0.0861714386204,0.7735294510458713,0.13470743581467956,-0.08617143862038239
11.15,-56.62827164836277,-10.207417746223552,2.3464274818422663,0.7878662397852954,0.06264980328419792,-0.03913858872272138,0.7999795926914001,0.0057141296189054175,0.0,DEPTH_PROPOSAL_CERTIFIED,0.5194577147262847,0,32,0,0,28,FULL_MOTION_CERTIFICATE,0,0,0,17,0,0,0,0,0,,11.216666666,0.799999961808,-0.00024719934459,0,0.946657970834,0.271449805028,-0.173648177667,0.99999995226,-0.000308999180738,0,0.77230194546,0.140953830126,-0.0901674311509,0.7731902655288596,0.13664083646737754,-0.08617143862038239
11.166666666666666,-56.61516064422995,-10.206272276851626,2.34571074167362,0.7866602479689576,0.06872816231554588,-0.04300441011879785,0.7999971853714923,0.002122121035685521,0.0,DEPTH_PROPOSAL_CERTIFIED,0.5266965202650766,0,32,0,0,28,FULL_MOTION_CERTIFICATE,0,0,0,17,0,0,0,0,0,,11.233333333,0.799999978586,-0.000185102054159,0,0.946657970834,0.271449805028,-0.173648177667,0.999999973232,-0.000231377567698,0,0.77116743265,0.146727013112,-0.0938606972083,0.7719471478096364,0.14288414249799544,-0.09016743115093374
11.183333333333334,-56.60207052567818,-10.205021586934969,2.3449254790804046,0.785407113106307,0.07504139499941985,-0.047115755592903874,0.7999754998453866,-0.006260962156405026,0.0,DEPTH_PROPOSAL_CERTIFIED,0.5339916837179786,0,32,0,0,28,FULL_MOTION_CERTIFICATE,0,0,0,17,0,0,0,0,0,,11.25,0.799999999294,-3.36000194052e-05,0,0.946657970834,0.271449805028,-0.173648177667,0.999999999118,-4.20000242565e-05,0,0.770118867782,0.152062833743,-0.097274170377,0.7701188677819691,0.15206283374267826,-0.09727417037699464
11.2,-56.589000193500944,-10.203671217398727,2.3440768851553915,0.7842199306341172,0.08102217217450196,-0.05091563550078932,0.7999998382486352,-0.0005087260142178453,0.0,DEPTH_PROPOSAL_CERTIFIED,0.5413358041280489,0,32,0,0,28,FULL_MOTION_CERTIFICATE,0,0,0,17,0,0,0,0,0,,11.25,0.799999999294,-3.36000194052e-05,0,0.946657970834,0.271449805028,-0.173648177667,0.999999999118,-4.20000242565e-05,0,0.770118867782,0.152062833743,-0.097274170377,0.7697363044734008,0.1539876537105081,-0.09727417037699464
11.216666666666667,-56.57594938794009,-10.202222496050872,2.3431657742967946,0.783048333651232,0.08692328087130077,-0.05466665151580721,0.7999998382486352,-0.0005087260142178453,0.0,DEPTH_PROPOSAL_CERTIFIED,0.5487253621497554,0,32,0,0,28,FULL_MOTION_CERTIFICATE,0,0,0,18,0,0,0,0,0,,11.283333333,0.799999903533,-0.00039287027796,0,0.925416578398,0.336824088833,-0.173648177667,0.999999879416,-0.00049108784745,0,0.767647589756,0.163501660553,-0.103478979808,0.7687548504600338,0.15891680697224247,-0.10042904689902303
11.233333333333333,-56.56291854689505,-10.200674662347318,2.342193031710557,0.7818504627028903,0.09287002221328199,-0.058364555174279555,0.7999744631436648,0.006392051157915571,0.0,DEPTH_PROPOSAL_CERTIFIED,0.5561574923464421,0,32,0,0,28,FULL_MOTION_CERTIFICATE,0,0,0,18,0,0,0,0,0,,11.3,0.79999985278,-0.000485336170507,0,0.925416578398,0.336824088833,-0.173648177667,0.999999815976,-0.000606670213134,0,0.765578322515,0.171528752419,-0.106163795189,0.7672364371331201,0.16542026658545725,-0.1034789798076449
11.25,-56.5499087959435,-10.199025096146299,2.3411599365485425,0.7805850570927938,0.09897397206108341,-0.06198570972085408,0.799999189953577,-0.0011384522917580356,0.0,DEPTH_PROPOSAL_CERTIFIED,0.563629692587468,0,32,0,0,28,FULL_MOTION_CERTIFICATE,0,0,0,18,0,0,0,0,0,,11.316666666,0.799999974587,-0.000201647066451,0,0.925416578398,0.336824088833,-0.173648177667,0.999999968233,-0.000252058833064,0,0.763665818061,0.178947730807,-0.108645215313,0.7651471086496174,0.17344216020425687,-0.10616379518906086
11.266666666666667,-56.53692097554037,-10.197272143124458,2.3400679278693666,0.7792692241877347,0.10517718131043396,-0.06552052075055251,0.7999767533741521,-0.006098693380645095,0.0,DEPTH_PROPOSAL_CERTIFIED,0.5711390145674413,0,32,0,0,28,FULL_MOTION_CERTIFICATE,0,0,0,18,0,0,0,0,0,,11.333333333,0.799999996362,-7.62945848708e-05,0,0.925416578398,0.336824088833,-0.173648177667,0.999999995452,-9.53682310885e-05,0,0.761898200197,0.185804665813,-0.110938649209,0.7632160627460145,0.1808563341525066,-0.10864521531287097
11.283333333333333,-56.52395567775858,-10.19541498347714,2.3389185730684,0.7779178669072858,0.11142957883917412,-0.06896128805799459,0.7999954098266207,0.0027100288443696278,0.0,DEPTH_PROPOSAL_CERTIFIED,0.578682144257451,0,32,0,0,28,FULL_MOTION_CERTIFICATE,0,0,0,18,0,0,0,0,0,,11.35,0.799999944547,-0.000297867863036,0,0.925416578398,0.336824088833,-0.173648177667,0.999999930683,-0.000372334828794,0,0.76026449278,0.192142136034,-0.113058338109,0.7614313080858083,0.18770882868980876,-0.11093864920879065
11.3,-56.511013279099004,-10.19345351497123,2.3377135401739344,0.776543919574513,0.11768811035459228,-0.07230197366792852,0.7999817723250633,0.005400365510835542,0.0,DEPTH_PROPOSAL_CERTIFIED,0.5862554720276538,0,32,0,0,28,FULL_MOTION_CERTIFICATE,0,0,0,18,0,0,0,0,0,,11.35,0.799999944547,-0.000297867863036,0,0.925416578398,0.336824088833,-0.173648177667,0.999999930683,-0.000372334828794,0,0.76026449278,0.192142136034,-0.113058338109,0.7597817621146854,0.19404219484268986,-0.1130583381091203
11.316666666666666,-56.49809396975475,-10.191388248927677,2.336454573604307,0.7751585606553385,0.12391596261323148,-0.07553799417764911,0.7999817723250633,0.005400365510835542,0.0,DEPTH_PROPOSAL_CERTIFIED,0.5938551536548409,0,32,0,0,28,FULL_MOTION_CERTIFICATE,0,0,0,18,0,0,0,0,0,,11.383333333,0.799999999977,6.08272483026e-06,0,0.925416578398,0.336824088833,-0.173648177667,0.999999999971,7.60340603783e-06,0,0.757358998986,0.203413114059,-0.116828133655,0.7582571818414096,0.1998957601686343,-0.11501744439624272
11.333333333333334,-56.48519777967901,-10.189220217844596,2.335143473020188,0.7737714045439128,0.13008186498482718,-0.07866603504714398,0.799989485267281,-0.0041016413532844135,0.0,DEPTH_PROPOSAL_CERTIFIED,0.6014771632899385,0,32,0,0,28,FULL_MOTION_CERTIFICATE,0,0,0,18,0,0,0,0,0,,11.4,0.799999874802,0.000447568253655,0,0.925416578398,0.336824088833,-0.173648177667,0.999999843502,0.000559460317069,0,0.756069170455,0.208416610902,-0.118501649482,0.7568480999845202,0.20530587391829067,-0.11682813365497935
11.35,-56.47232544610362,-10.186947440309895,2.333780121995835,0.7723400145239175,0.13636665208209564,-0.08180106146116119,0.7999882090331033,-0.004343432744714647,0.0,DEPTH_PROPOSAL_CERTIFIED,0.609119306628509,0,32,0,0,28,FULL_MOTION_CERTIFICATE,0,0,0,18,0,0,0,0,0,,11.416666666,0.799999849945,0.000489987948586,0,0.925416578398,0.336824088833,-0.173648177667,0.999999812431,0.000612484935732,0,0.75487705628,0.213041054669,-0.120048383712,0.7548770562799738,0.21304105466877543,-0.12004838371217341
11.366666666666667,-56.45947583717382,-10.184575469684905,2.332368478897933,0.7709765357879028,0.14231823749941455,-0.0846985858741168,0.7999829638094615,0.005220882552765103,0.0,DEPTH_PROPOSAL_CERTIFIED,0.616775152246998,0,32,0,0,28,FULL_MOTION_CERTIFICATE,0,0,0,18,0,0,0,0,0,,11.433333333,0.799999952058,0.000276961487352,0,0.925416578398,0.336824088833,-0.173648177667,0.999999940072,0.000346201859191,0,0.753775253715,0.217315162057,-0.121477941197,0.7543420952085239,0.21492757959070122,-0.12004838371217341
11.383333333333333,-56.44664863597755,-10.182106427492213,2.330910397220078,0.769632071775922,0.1481425315614996,-0.08748490067129938,0.7999943822020632,0.002998073571341402,0.0,DEPTH_PROPOSAL_CERTIFIED,0.6244403970375558,0,32,0,0,28,FULL_MOTION_CERTIFICATE,0,0,0,18,0,0,0,0,0,,11.45,0.799999903843,0.000392238638666,0,0.925416578398,0.336824088833,-0.173648177667,0.999999879804,0.000490298298332,0,0.752756921044,0.221265473425,-0.12279919887,0.7532296108297548,0.21919891911894127,-0.12147794119692902
11.4,-56.433843443198214,-10.179542683101603,2.329407726781871,0.7683115667604941,0.1538246634365993,-0.09016022629241831,0.7999775488887818,-0.005993435900776512,0.0,DEPTH_PROPOSAL_CERTIFIED,0.6321107037769118,0,32,0,0,28,FULL_MOTION_CERTIFICATE,0,0,0,18,0,0,0,0,0,,11.466666666,0.799999781952,0.000590657645434,0,0.925416578398,0.336824088833,-0.173648177667,0.99999972744,0.000738322056793,0,0.751815734845,0.224916518555,-0.12402036119,0.752201405572275,0.22314667231281235,-0.12279919887006747
11.416666666666666,-56.421059791418934,-10.17688680400186,2.3278623036480868,0.7670191067567491,0.15935274598459334,-0.09272538802705815,0.7999775488887818,-0.005993435900776512,0.0,DEPTH_PROPOSAL_CERTIFIED,0.6397817262521994,0,32,0,0,28,FULL_MOTION_CERTIFICATE,0,0,0,18,0,0,0,0,0,,11.466666666,0.799999781952,0.000590657645434,0,0.925416578398,0.336824088833,-0.173648177667,0.99999972744,0.000738322056793,0,0.751815734845,0.224916518555,-0.12402036119,0.7512510947110596,0.22679535307012458,-0.12402036118966621
11.433333333333334,-56.40829744928628,-10.174139943798117,2.326274624492138,0.7657405279593205,0.16481161222453564,-0.09526074935691053,0.7999986793616896,-0.0014536229059140748,0.0,DEPTH_PROPOSAL_CERTIFIED,0.6474501531653312,0,32,0,0,28,FULL_MOTION_CERTIFICATE,0,0,0,18,0,0,0,0,0,,11.5,0.799999998208,-5.35439089966e-05,0,0.925416578398,0.336824088833,-0.173648177667,0.99999999776,-6.69298862458e-05,0,0.750141866631,0.231409780352,-0.126192157581,0.7501418666306918,0.23140978035182808,-0.126192157581108
11.45,-56.395555535852324,-10.171306628041743,2.324647890527826,0.7645148060374273,0.16999894538250418,-0.09760403785874354,0.7999746548984947,0.00636800754038256,0.0,DEPTH_PROPOSAL_CERTIFIED,0.655264555837151,0,32,0,0,28,FULL_MOTION_CERTIFICATE,0,0,0,18,0,0,0,0,0,,11.516666666,0.799999905761,-0.000388307175263,0,0.925416578398,0.336824088833,-0.173648177667,0.999999882201,-0.000485383969078,0,0.749398790606,0.234292317412,-0.127156277584,0.7495609985903293,0.23328440990972416,-0.126192157581108
11.466666666666667,-56.38283345081165,-10.168389769185756,2.3229838431295162,0.7633251024401281,0.17501153135911382,-0.09984284389856568,0.7999999780603675,-0.0001873590444829855,0.0,DEPTH_PROPOSAL_CERTIFIED,0.663298686745496,0,32,0,0,28,FULL_MOTION_CERTIFICATE,0,0,0,18,0,0,0,0,0,,11.533333333,0.799999958664,-0.000257172654756,0,0.925416578398,0.336824088833,-0.173648177667,0.99999994833,-0.000321465818445,0,0.748712008177,0.236956480621,-0.12804735825,0.7488107185530782,0.23616508027374797,-0.12715627758439443
11.483333333333333,-56.37013056756969,-10.165392334588807,2.321284183970662,0.7621729945180509,0.1798460758169771,-0.1019795495312408,0.7999750377538152,-0.006319728695286075,0.0,DEPTH_PROPOSAL_CERTIFIED,0.6712329314325285,0,32,0,0,28,FULL_MOTION_CERTIFICATE,0,0,0,18,0,0,0,0,0,,11.55,0.799999980991,-0.000174396772218,0,0.925416578398,0.336824088833,-0.173648177667,0.999999976239,-0.000217995965273,0,0.74807725472,0.23941881328,-0.128870932803,0.7481172778687087,0.2388275182029126,-0.12804735824987892
11.5,-56.35744624067109,-10.162317321481165,2.319550571045051,0.7610596139159689,0.18450078645848847,-0.10401677553667658,0.7999979390667886,0.0018158989208897213,0.0,DEPTH_PROPOSAL_CERTIFIED,0.6790614922454008,0,32,0,0,28,FULL_MOTION_CERTIFICATE,0,0,0,18,0,0,0,0,0,,11.566666666,0.799999885618,-0.000427797360509,0,0.925416578398,0.336824088833,-0.173648177667,0.999999857023,-0.000534746700637,0,0.747490588683,0.241694605445,-0.129632115298,0.7474763705705693,0.24128825628492426,-0.12887093280299172
11.516666666666667,-56.34477981225358,-10.159167735408603,2.317784615518731,0.7599857050505269,0.1889751643536851,-0.10595733157916984,0.7999979390667886,0.0018158989208897213,0.0,DEPTH_PROPOSAL_CERTIFIED,0.6867788440532356,0,32,0,0,28,FULL_MOTION_CERTIFICATE,0,0,0,18,0,0,0,0,0,,11.566666666,0.799999885618,-0.000427797360509,0,0.925416578398,0.336824088833,-0.173648177667,0.999999857023,-0.000534746700637,0,0.747490588683,0.241694605445,-0.129632115298,0.7468840168921344,0.2435625746750813,-0.12963211529758628
11.533333333333333,-56.332130617632274,-10.15594657177039,2.3159878793094357,0.758951677278345,0.1932698182928384,-0.10780417255773254,0.7999785974524217,0.00585180468370182,0.0,DEPTH_PROPOSAL_CERTIFIED,0.6943797310422581,0,32,0,0,28,FULL_MOTION_CERTIFICATE,0,0,0,18,0,0,0,0,0,,11.6,0.799999908273,-0.000383096267361,0,0.925416578398,0.336824088833,-0.173648177667,0.999999885342,-0.000478870334201,0,0.746447222734,0.245742025787,-0.130985852936,0.7463365384577253,0.24566459635051197,-0.1303356324961989
11.55,-56.319497796285354,-10.152656886707392,2.314161114512189,0.7579692808150971,0.19738110377982704,-0.10960588783480289,0.7999930949834565,-0.0033238499951630733,0.0,DEPTH_PROPOSAL_CERTIFIED,0.701859317674713,0,32,0,0,28,FULL_MOTION_CERTIFICATE,0,0,0,18,0,0,0,0,0,,11.616666666,0.799999999685,-2.24521644944e-05,0,0.925416578398,0.336824088833,-0.173648177667,0.999999999606,-2.8065205618e-05,0,0.745984043963,0.247538786721,-0.131586814215,0.7459840439634735,0.24753878672108579,-0.1315868142150599
11.566666666666666,-56.3068808921283,-10.149301517468196,2.3123065960200178,0.7570142494232246,0.20132215435181133,-0.11127110953027682,0.7999844041941878,-0.004995302400299872,0.0,DEPTH_PROPOSAL_CERTIFIED,0.7092126506231722,0,32,0,0,28,FULL_MOTION_CERTIFICATE,0,0,0,18,0,0,0,0,0,,11.633333333,0.799999999332,3.26834116277e-05,0,0.899666649416,0.400557399535,-0.173648177667,0.999999999165,4.08542645347e-05,0,0.74488948469,0.250877877702,-0.132168932621,0.7453628664423795,0.24940297133002282,-0.1315868142150599
11.583333333333334,-56.29428009186841,-10.145881227571007,2.3104256913875805,0.7560480155934747,0.2052173938312841,-0.11285427794623945,0.7999867111212606,0.004611076814438276,0.0,DEPTH_PROPOSAL_CERTIFIED,0.716435719611531,0,32,0,0,28,FULL_MOTION_CERTIFICATE,0,0,0,19,0,0,0,0,0,,11.65,0.799999979238,-0.000182259351557,0,0.899666649416,0.400557399535,-0.173648177667,0.999999974048,-0.000227824189446,0,0.743149838221,0.255752700457,-0.132694762243,0.7442599628705259,0.25273931548084916,-0.13216893262098253
11.6,-56.281697817058,-10.142390942335584,2.3085191403122716,0.7549364886245282,0.20941711412539235,-0.11439306451853733,0.7999909412388828,0.0038070901915179464,0.0,DEPTH_PROPOSAL_CERTIFIED,0.7235260463232112,0,32,0,0,28,FULL_MOTION_CERTIFICATE,0,0,0,19,0,0,0,0,0,,11.666666666,0.79999999643,-7.55782060139e-05,0,0.899666649416,0.400557399535,-0.173648177667,0.999999995537,-9.44727575173e-05,0,0.741375859603,0.260653701714,-0.133166260701,0.7413758596033811,0.26065370171351615,-0.13316626070057255
11.616666666666667,-56.26913348994885,-10.138833625268388,2.3065888857064296,0.7538596265491494,0.2134390240317617,-0.11581527635050977,0.7999909412388828,0.0038070901915179464,0.0,DEPTH_PROPOSAL_CERTIFIED,0.7304794165932083,0,32,0,0,28,FULL_MOTION_CERTIFICATE,0,0,0,19,0,0,0,0,0,,11.666666666,0.79999999643,-7.55782060139e-05,0,0.899666649416,0.400557399535,-0.173648177667,0.999999995537,-9.44727575173e-05,0,0.741375859603,0.260653701714,-0.133166260701,0.7407219092295283,0.2625063248894653,-0.13316626070057255
11.633333333333333,-56.25658890870921,-10.135205688321529,2.304635664524065,0.752674874378252,0.21767621681160865,-0.1171932709418951,0.7999804549821927,-0.005592105728977167,0.0,DEPTH_PROPOSAL_CERTIFIED,0.7372933734650433,0,32,0,0,28,FULL_MOTION_CERTIFICATE,0,0,0,19,0,0,0,0,0,,11.7,0.79999983436,0.00051480535984,0,0.899666649416,0.400557399535,-0.173648177667,0.99999979295,0.0006435066998,0,0.738220897893,0.269369968726,-0.134004804957,0.7382208978933027,0.26936996872574454,-0.13400480495679729
11.65,-56.24406343063579,-10.131510152308437,2.3026612166573375,0.7515286844051925,0.22173216078552593,-0.11846687200363018,0.7999965010767002,-0.0023660653070674167,0.0,DEPTH_PROPOSAL_CERTIFIED,0.743964137373835,0,32,0,0,28,FULL_MOTION_CERTIFICATE,0,0,0,19,0,0,0,0,0,,11.716666666,0.79999989218,0.000415345978616,0,0.899666649416,0.400557399535,-0.173648177667,0.999999865225,0.000519182473269,0,0.736820323831,0.273239358791,-0.134377057758,0.737545166733868,0.2712146772673143,-0.13400480495679729
11.666666666666666,-56.231557389129065,-10.127747257213244,2.3006666801722333,0.7503624904035376,0.22577370571155203,-0.1196721891062587,0.7999759606944334,0.0062017990146748195,0.0,DEPTH_PROPOSAL_CERTIFIED,0.750488777809631,0,32,0,0,28,FULL_MOTION_CERTIFICATE,0,0,0,19,0,0,0,0,0,,11.733333333,0.799999970345,0.000217825479079,0,0.899666649416,0.400557399535,-0.173648177667,0.999999962931,0.000272281848848,0,0.735525853783,0.276815613471,-0.134721109612,0.7361349235833474,0.2750805538090734,-0.1343770577583274
11.683333333333334,-56.21907159136067,-10.123915741873038,2.2986527410257347,0.7491478661039342,0.22989092041229653,-0.12083634878990791,0.7999996314392881,0.0007679173153420361,0.0,DEPTH_PROPOSAL_CERTIFIED,0.756864833216154,0,32,0,0,28,FULL_MOTION_CERTIFICATE,0,0,0,19,0,0,0,0,0,,11.75,0.799999903054,0.000393844001092,0,0.899666649416,0.400557399535,-0.173648177667,0.999999878818,0.000492305001365,0,0.734329449649,0.280120939761,-0.13503909693,0.7343294496487737,0.28012093976137664,-0.13503909693042768
11.7,-56.20660539083072,-10.120018487939799,2.2966208691164325,0.7479720317968572,0.2338352359943725,-0.12191231455812905,0.7999744021764572,-0.006399676743392197,0.0,DEPTH_PROPOSAL_CERTIFIED,0.7630891358960517,0,32,0,0,28,FULL_MOTION_CERTIFICATE,0,0,0,19,0,0,0,0,0,,11.766666666,0.799999831781,0.000518797095707,0,0.899666649416,0.400557399535,-0.173648177667,0.999999789726,0.000648496369633,0,0.73322368226,0.283175862356,-0.135332994283,0.7336268532505167,0.2819558860957022,-0.13503909693042768
11.716666666666667,-56.19415870870958,-10.116056621886946,2.294572051904448,0.7468009272682073,0.23771196317119792,-0.12292903271906964,0.7999744021764572,-0.006399676743392197,0.0,DEPTH_PROPOSAL_CERTIFIED,0.7691590624218843,0,32,0,0,28,FULL_MOTION_CERTIFICATE,0,0,0,19,0,0,0,0,0,,11.766666666,0.799999831781,0.000518797095707,0,0.899666649416,0.400557399535,-0.173648177667,0.999999789726,0.000648496369633,0,0.73322368226,0.283175862356,-0.135332994283,0.7325134520186793,0.2850080347284654,-0.13533299428254425
11.733333333333333,-56.18173136563891,-10.112031476797492,2.2925072301546074,0.7456405842403049,0.24150870536720265,-0.12388930499042276,0.7999995146500873,0.0008812262052451735,0.0,DEPTH_PROPOSAL_CERTIFIED,0.7750720943378169,0,32,0,0,28,FULL_MOTION_CERTIFICATE,0,0,0,19,0,0,0,0,0,,11.8,0.799999964972,-0.000236737226048,0,0.899666649416,0.400557399535,-0.173648177667,0.999999956215,-0.00029592153256,0,0.731257111898,0.288608940139,-0.135855680905,0.7314843992998944,0.2878289601584634,-0.13560462670093146
11.75,-56.16932309741561,-10.107944554594724,2.2904272993442683,0.7444960933980067,0.2452153321660676,-0.12479584862034479,0.7999761865153988,0.006172601419167267,0.0,DEPTH_PROPOSAL_CERTIFIED,0.7808258187492745,0,32,0,0,28,FULL_MOTION_CERTIFICATE,0,0,0,19,0,0,0,0,0,,11.816666666,0.79999985742,-0.000477628038786,0,0.899666649416,0.400557399535,-0.173648177667,0.999999821775,-0.000597035048482,0,0.73038409736,0.291020832428,-0.136087715838,0.7305333051219703,0.29043617911221786,-0.1358556809053929
11.766666666666667,-56.15693356887641,-10.103797492809678,2.2883331111258265,0.7433717123517536,0.2488237071027319,-0.12565129310650341,0.7999961812154539,-0.00247184964970803,0.0,DEPTH_PROPOSAL_CERTIFIED,0.7864179279829464,0,32,0,0,28,FULL_MOTION_CERTIFICATE,0,0,0,19,0,0,0,0,0,,11.833333333,0.79999994563,-0.000294945105313,0,0.899666649416,0.400557399535,-0.173648177667,0.999999932037,-0.000368681381642,0,0.729577220236,0.293250005746,-0.136302172379,0.7296542635874665,0.292845881330034,-0.13608771583763812
11.783333333333333,-56.14456238616587,-10.099592035414295,2.2862254748274946,0.7422709626324691,0.2523274437230143,-0.1264581778999119,0.7999808476393029,-0.005535649040771165,0.0,DEPTH_PROPOSAL_CERTIFIED,0.7918462184769712,0,32,0,0,28,FULL_MOTION_CERTIFICATE,0,0,0,19,0,0,0,0,0,,11.85,0.799999946734,-0.000291934712315,0,0.899666649416,0.400557399535,-0.173648177667,0.999999933417,-0.000364918390394,0,0.728831470167,0.295310302293,-0.136500382213,0.7288418160571962,0.2950730304904622,-0.1363021723794959
11.8,-56.13220904278143,-10.095329902423043,2.2841049276727996,0.7412006030662915,0.2557279794751629,-0.12723282928168644,0.7999905018558255,0.0038983253410058666,0.0,DEPTH_PROPOSAL_CERTIFIED,0.7971085573263563,0,32,0,0,28,FULL_MOTION_CERTIFICATE,0,0,0,19,0,0,0,0,0,,11.866666666,0.799999811581,-0.000549063765749,0,0.899666649416,0.400557399535,-0.173648177667,0.999999764476,-0.000686329707186,0,0.728142216359,0.297214515651,-0.136683576139,0.728142216358926,0.2972145156513733,-0.1366835761393354
11.816666666666666,-56.11987312830819,-10.09101309018807,2.281972447756921,0.7401548683946447,0.25900873409834657,-0.1279487949527204,0.7999905018558255,0.0038983253410058666,0.0,DEPTH_PROPOSAL_CERTIFIED,0.8022029601341967,0,32,0,0,28,FULL_MOTION_CERTIFICATE,0,0,0,19,0,0,0,0,0,,11.866666666,0.799999811581,-0.000549063765749,0,0.899666649416,0.400557399535,-0.173648177667,0.999999764476,-0.000686329707186,0,0.728142216359,0.297214515651,-0.136683576139,0.7273969054005524,0.29903394050119003,-0.1366835761393354
11.833333333333334,-56.107554132267445,-10.086643520928865,2.2798287252945832,0.7391397624448655,0.26217415555231977,-0.12862334774026765,0.799987168051274,0.004531109500184569,0.0,DEPTH_PROPOSAL_CERTIFIED,0.8071275250404741,0,32,0,0,29,FULL_MOTION_CERTIFICATE,0,0,0,19,0,0,0,0,0,,11.9,0.799999967005,-0.000229764288132,0,0.899666649416,0.400557399535,-0.173648177667,0.999999958757,-0.000287205360164,0,0.726916401486,0.300601095497,-0.137009380417,0.7267554698575597,0.30079229729079077,-0.1368528917483436
11.85,-56.0952512568502,-10.08222353457919,2.2776742317891467,0.7381725250348221,0.265199180980524,-0.12926961032620238,0.7999839600588409,-0.005065930178660315,0.0,DEPTH_PROPOSAL_CERTIFIED,0.811880312125397,0,32,0,0,29,FULL_MOTION_CERTIFICATE,0,0,0,19,0,0,0,0,0,,11.916666666,0.799999984053,0.0001597353397,0,0.899666649416,0.400557399535,-0.173648177667,0.999999980066,0.000199669174625,0,0.726372228632,0.302104491205,-0.137154013875,0.7263722286322921,0.3021044912046179,-0.13715401387460668
11.866666666666667,-56.082964237274815,-10.077754658968368,2.2755097832287245,0.7372211745230157,0.26813253664931486,-0.12986691362532393,0.7999934968339956,-0.003225681837366374,0.0,DEPTH_PROPOSAL_CERTIFIED,0.8164597344662767,0,32,0,0,29,FULL_MOTION_CERTIFICATE,0,0,0,19,0,0,0,0,0,,11.933333333,0.799999988218,0.000137301040115,0,0.899666649416,0.400557399535,-0.173648177667,0.999999985272,0.000171626300144,0,0.725869280963,0.303493993386,-0.137287690261,0.7256146982789786,0.3039194758085616,-0.13715401387460668
11.883333333333333,-56.0706921378246,-10.073239513542397,2.2733358090041333,0.7363259670130086,0.2709087255583016,-0.13043845347547536,0.7999782645747674,0.0058971355710678176,0.0,DEPTH_PROPOSAL_CERTIFIED,0.8208639807342784,0,32,0,0,29,FULL_MOTION_CERTIFICATE,0,0,0,19,0,0,0,0,0,,11.95,0.799999998879,-4.23437759412e-05,0,0.899666649416,0.400557399535,-0.173648177667,0.999999998599,-5.29297199265e-05,0,0.725404435391,0.304778230248,-0.137411239647,0.7254044353909204,0.3047782302479416,-0.13741123964732307
11.9,-56.05843479310076,-10.068679315008524,2.2711530307565977,0.7354406834303043,0.27361191203236007,-0.13096669485213053,0.7999981808717453,0.0017060486213040184,0.0,DEPTH_PROPOSAL_CERTIFIED,0.8250916937874162,0,32,0,0,29,FULL_MOTION_CERTIFICATE,0,0,0,19,0,0,0,0,0,,11.966666666,0.799999987346,0.000142290858556,0,0.899666649416,0.400557399535,-0.173648177667,0.999999984182,0.000177863573194,0,0.724974805419,0.305965176366,-0.137525429225,0.7246402237213138,0.30659078701587195,-0.13741123964732307
11.916666666666666,-56.04619163152806,-10.064075979172483,2.2689619712787934,0.7345896943620698,0.2762001501625256,-0.1314635686682604,0.7999981808717453,0.0017060486213040184,0.0,DEPTH_PROPOSAL_CERTIFIED,0.8291414103679968,0,32,0,0,29,FULL_MOTION_CERTIFICATE,0,0,0,19,0,0,0,0,0,,11.966666666,0.799999987346,0.000142290858556,0,0.899666649416,0.400557399535,-0.173648177667,0.999999984182,0.000177863573194,0,0.724974805419,0.305965176366,-0.137525429225,0.7242076277296077,0.3077766553505469,-0.137525429225045
11.933333333333334,-56.03396302707745,-10.059429375578855,2.2667631229145986,0.7337162670366446,0.2787962156176871,-0.13193090185169362,0.7999749030822975,-0.006336752990996487,0.0,DEPTH_PROPOSAL_CERTIFIED,0.8330120808632757,0,32,0,0,31,FULL_MOTION_CERTIFICATE,0,0,0,19,0,0,0,0,0,,12,0.799999835275,0.00051338160654,0,0.885139345157,0.431711304055,-0.173648177667,0.999999794093,0.000641727008175,0,0.72264323595,0.311440613591,-0.137729804225,0.7230604536664582,0.3104682141706556,-0.1376323666895788
11.95,-56.02174938965975,-10.054739274471427,2.264556952703973,0.7328182450617834,0.2814060664457074,-0.13237021263756235,0.7999999966582908,-7.312136948658513e-05,0.0,DEPTH_PROPOSAL_CERTIFIED,0.8367027328228906,0,32,0,0,31,FULL_MOTION_CERTIFICATE,0,0,0,19,0,0,0,0,0,,12.016666666,0.799999949125,0.000285307451657,0,0.885139345157,0.431711304055,-0.173648177667,0.999999936406,0.000356634314571,0,0.721542345099,0.314010949068,-0.137819860124,0.721862376968476,0.31324624654755784,-0.1377298042251613
11.966666666666667,-56.009550983531625,-10.05000572922849,2.2623439016253086,0.7319043676877814,0.28401271457618016,-0.13278306471984622,0.799974753609499,0.006355594969897617,0.0,DEPTH_PROPOSAL_CERTIFIED,0.8402124024977171,0,32,0,0,32,FULL_MOTION_CERTIFICATE,0,0,0,19,0,0,0,0,0,,12.033333333,0.799999989496,0.000129636452522,0,0.885139345157,0.431711304055,-0.173648177667,0.999999986871,0.000162045565653,0,0.720524855004,0.316386562311,-0.137903093611,0.7207550637249588,0.3158138217679461,-0.13781986012370928
11.983333333333333,-55.99736794701196,-10.045229034781906,2.2601243858637012,0.7309821911798899,0.28660166679497145,-0.1331709456964463,0.7999984698946377,-0.0015646617009837651,0.0,DEPTH_PROPOSAL_CERTIFIED,0.842681647213021,0,32,0,0,32,FULL_MOTION_CERTIFICATE,0,0,0,19,0,0,0,0,0,,12.05,0.799999926503,0.000342921383601,0,0.885139345157,0.431711304055,-0.173648177667,0.999999908129,0.000428651729501,0,0.719584447495,0.318582204849,-0.137980021531,0.7197316377836133,0.3181868838642272,-0.1379030936109675
12.0,-55.98520031004667,-10.040409690711925,2.257898798036646,0.7300582179171787,0.2891606441987901,-0.1335352696232976,0.7999778551988661,-0.0059524105555661755,0.0,DEPTH_PROPOSAL_CERTIFIED,0.8419196277773837,0,32,0,0,32,FULL_MOTION_CERTIFICATE,0,0,0,19,0,0,0,0,0,,12.066666666,0.799999910818,0.000377744041043,0,0.885139345157,0.431711304055,-0.173648177667,0.999999888523,0.000472180051304,0,0.718715283032,0.320611510707,-0.138051121574,0.7187857441121025,0.3203801685253759,-0.1379800215308831
12.016666666666667,-55.97304800983493,-10.035548368547332,2.2556675083763205,0.7291380127042073,0.2916793298756015,-0.13387737961953985,0.7999778551988661,-0.0059524105555661755,0.0,DEPTH_PROPOSAL_CERTIFIED,0.8410816000668229,0,32,0,0,32,FULL_MOTION_CERTIFICATE,0,0,0,19,0,0,0,0,0,,12.066666666,0.799999910818,0.000377744041043,0,0.885139345157,0.431711304055,-0.173648177667,0.999999888523,0.000472180051304,0,0.718715283032,0.320611510707,-0.138051121574,0.7179115091059567,0.3224072951326992,-0.13805112157369526
12.033333333333333,-55.960910904709976,-10.03064588284513,2.253430865867972,0.7282263074973272,0.29414914213207505,-0.1341985505009221,0.7999939993845917,0.0030985397602822894,0.0,DEPTH_PROPOSAL_CERTIFIED,0.8401681513927748,0,32,0,0,32,FULL_MOTION_CERTIFICATE,0,0,0,19,0,0,0,0,0,,12.1,0.799999905736,-0.00038835814856,0,0.885139345157,0.431711304055,-0.173648177667,0.99999988217,-0.0004854476857,0,0.71716950307,0.324220563385,-0.138177570625,0.7171035039733897,0.324280851661054,-0.13811683525378599
12.05,-55.94878878644884,-10.025703165665714,2.2511891993443154,0.7273270956681425,0.2965630307649435,-0.1344999914193886,0.7999833977097616,0.005153968252278705,0.0,DEPTH_PROPOSAL_CERTIFIED,0.8391798726856332,0,32,0,0,32,FULL_MOTION_CERTIFICATE,0,0,0,19,0,0,0,0,0,,12.116666666,0.799999841712,-0.000503249572752,0,0.899666649416,0.400557399535,-0.173648177667,0.999999802141,-0.00062906196594,0,0.717128333613,0.324442107655,-0.138234861139,0.7163567113520898,0.3260124720859371,-0.13817757062467936
12.066666666666666,-55.93668057236384,-10.020722985251481,2.2489428170760637,0.7264928450996414,0.2988108248540237,-0.1347829360950993,0.7999877528598547,-0.004426654971874727,0.0,DEPTH_PROPOSAL_CERTIFIED,0.8381168527839742,0,32,0,0,32,FULL_MOTION_CERTIFICATE,0,0,0,19,0,0,0,0,0,,12.133333333,0.799999946204,-0.000293382546017,0,0.885139345157,0.431711304055,-0.173648177667,0.999999932755,-0.000366728182521,0,0.716445238335,0.326027481595,-0.138286655155,0.7163149881639279,0.32623391274080416,-0.1382348611387702
12.083333333333334,-55.92458607660399,-10.015706180153995,2.2466920109201105,0.7256697455913348,0.30100830584917504,-0.13504836935717981,0.7999899334213803,-0.004013281008807306,0.0,DEPTH_PROPOSAL_CERTIFIED,0.8369798115847287,0,32,0,0,32,FULL_MOTION_CERTIFICATE,0,0,0,19,0,0,0,0,0,,12.15,0.799999914188,-0.000370538602186,0,0.885139345157,0.431711304055,-0.173648177667,0.999999892735,-0.000463173252732,0,0.715813892701,0.327492751446,-0.138334525381,0.715627931589994,0.3278175739900199,-0.1382866551545617
12.1,-55.912505061678516,-10.01065367688094,2.244437055577259,0.7248608955281693,0.3031501963833112,-0.1352973205711207,0.7999813619508862,0.005460817814693486,0.0,DEPTH_PROPOSAL_CERTIFIED,0.8357694779810778,0,32,0,0,32,FULL_MOTION_CERTIFICATE,0,0,0,20,0,0,0,0,0,,12.166666666,0.799999777168,-0.000597102320952,0,0.885139345157,0.431711304055,-0.173648177667,0.99999972146,-0.00074637790119,0,0.715230376317,0.328847015922,-0.138378769073,0.7149929247575508,0.3292812608997742,-0.1383345253811996
12.116666666666667,-55.90043724734773,-10.00556647175691,2.2421782095166014,0.7240688598472095,0.3052323074417113,-0.13553076363942895,0.7999813619508862,0.005460817814693486,0.0,DEPTH_PROPOSAL_CERTIFIED,0.8344865956038521,0,32,0,0,32,FULL_MOTION_CERTIFICATE,0,0,0,20,0,0,0,0,0,,12.166666666,0.799999777168,-0.000597102320952,0,0.885139345157,0.431711304055,-0.173648177667,0.99999972146,-0.00074637790119,0,0.715230376317,0.328847015922,-0.138378769073,0.7144060245394991,0.3306340623541916,-0.13837876907278931
12.133333333333333,-55.88838231846319,-10.00044561502747,2.239915715858302,0.7232957330727886,0.30725140376651033,-0.13574961949796835,0.799995755174084,0.0026060896851849875,0.0,DEPTH_PROPOSAL_CERTIFIED,0.8331319274314368,0,32,0,0,32,FULL_MOTION_CERTIFICATE,0,0,0,20,0,0,0,0,0,,12.2,0.79999999869,-4.57895462006e-05,0,0.885139345157,0.431711304055,-0.173648177667,0.999999998362,-5.72369327507e-05,0,0.714192611921,0.331255530052,-0.138457455,0.7138635864248538,0.3318843789290597,-0.1384196609721492
12.15,-55.87633993186521,-9.995292196971281,2.237649803215782,0.7225431958784557,0.30920508337127417,-0.13595475855117406,0.7999764959901522,-0.006132361968935007,0.0,DEPTH_PROPOSAL_CERTIFIED,0.8325756916920726,0,32,0,0,32,FULL_MOTION_CERTIFICATE,0,0,0,20,0,0,0,0,0,,12.216666666,0.799999935753,0.000320617546555,0,0.885139345157,0.431711304055,-0.173648177667,0.999999919691,0.000400771933194,0,0.713731919834,0.332324735554,-0.138492385842,0.7133622421075947,0.33303997454939155,-0.1384574550002835
12.166666666666666,-55.864309722435706,-9.990107335807,2.2353806864984,0.7218125657701631,0.31109166985686976,-0.13614700304292715,0.7999993422870506,-0.0010258363839231828,0.0,DEPTH_PROPOSAL_CERTIFIED,0.8320729528670829,0,32,0,0,32,FULL_MOTION_CERTIFICATE,0,0,0,20,0,0,0,0,0,,12.233333333,0.79999996875,0.000223605270906,0,0.885139345157,0.431711304055,-0.173648177667,0.999999960938,0.000279506588633,0,0.713306128635,0.333312940702,-0.13852467041,0.712898878448992,0.3341080249811374,-0.1384923858423151
12.183333333333334,-55.85229130839471,-9.984892167202432,2.233108567675756,0.7211048424596022,0.31291011627406545,-0.1363271293586507,0.7999744259790235,0.006396700675503655,0.0,DEPTH_PROPOSAL_CERTIFIED,0.8315432454981873,0,32,0,0,32,FULL_MOTION_CERTIFICATE,0,0,0,20,0,0,0,0,0,,12.25,0.799999993341,0.000103218001801,0,0.885139345157,0.431711304055,-0.173648177667,0.999999991677,0.000129022502252,0,0.712912594346,0.334226281822,-0.138554509178,0.7124706180707596,0.33509516256385175,-0.13852467041047817
12.2,-55.840284295920384,-9.979647835213116,2.230833636504855,0.720420748459725,0.3146599193589744,-0.13649587025405396,0.7999997577773033,-0.0006225401643900575,0.0,DEPTH_PROPOSAL_CERTIFIED,0.8309867780505846,0,32,0,0,32,FULL_MOTION_CERTIFICATE,0,0,0,20,0,0,0,0,0,,12.266666666,0.799999927247,0.000341182041293,0,0.885139345157,0.431711304055,-0.173648177667,0.999999909058,0.000426477551616,0,0.712548873283,0.335070430381,-0.138582087431,0.712074801661224,0.3360075169948649,-0.1385545091779739
12.216666666666667,-55.82828828316461,-9.97437548449368,2.228556071221357,0.7197607653465541,0.3163410431661716,-0.13665391700988933,0.7999997577773033,-0.0006225401643900575,0.0,DEPTH_PROPOSAL_CERTIFIED,0.8304037648224243,0,32,0,0,32,FULL_MOTION_CERTIFICATE,0,0,0,20,0,0,0,0,0,,12.266666666,0.799999927247,0.000341182041293,0,0.885139345157,0.431711304055,-0.173648177667,0.999999909058,0.000426477551616,0,0.712548873283,0.335070430381,-0.138582087431,0.7117089713658693,0.3368507536139763,-0.13858208743108066
12.233333333333333,-55.81630286372939,-9.969076253640967,2.2262760391961742,0.7191251661131359,0.31795385116270025,-0.13680192151097356,0.7999756926075534,-0.00623628391474662,0.0,DEPTH_PROPOSAL_CERTIFIED,0.8297944286011942,0,32,0,0,32,FULL_MOTION_CERTIFICATE,0,0,0,20,0,0,0,0,0,,12.3,0.799999877074,0.000443487875086,0,0.885139345157,0.431711304055,-0.173648177667,0.999999846343,0.000554359843858,0,0.711902007524,0.336571720393,-0.138631134433,0.711370855465434,0.33763010872035043,-0.13860757642420132
12.25,-55.80432762966249,-9.963751269542536,2.223993697558716,0.7185140440141448,0.3194990459058314,-0.13694049824748739,0.7999968931151729,0.002229575311752027,0.0,DEPTH_PROPOSAL_CERTIFIED,0.8291590028449611,0,32,0,0,32,FULL_MOTION_CERTIFICATE,0,0,0,20,0,0,0,0,0,,12.316666666,0.799999991413,0.000117216677814,0,0.885139345157,0.431711304055,-0.173648177667,0.999999989266,0.000146520847268,0,0.711614846065,0.337238184219,-0.138652907743,0.711058354406453,0.3383504217720305,-0.13863113443295605
12.266666666666667,-55.79236217402529,-9.958401642616193,2.2217091937880564,0.7179273382318554,0.32097761558054827,-0.13707022623955167,0.7999799650305963,0.005661762061945885,0.0,DEPTH_PROPOSAL_CERTIFIED,0.8284977334493859,0,32,0,0,32,FULL_MOTION_CERTIFICATE,0,0,0,20,0,0,0,0,0,,12.333333333,0.799999999635,2.41566284802e-05,0,0.885139345157,0.431711304055,-0.173648177667,0.999999999544,3.01957856003e-05,0,0.711349439247,0.3378541584,-0.138673031561,0.7107695276879251,0.3390161656120929,-0.13865290774273575
12.283333333333333,-55.78040609308061,-9.953028462837867,2.219422666273305,0.7173648566812993,0.32239078669957427,-0.13719165088508742,0.7999914965742865,-0.003688551047962257,0.0,DEPTH_PROPOSAL_CERTIFIED,0.8278108801543544,0,32,0,0,32,FULL_MOTION_CERTIFICATE,0,0,0,20,0,0,0,0,0,,12.35,0.799999962097,0.000246262436484,0,0.885139345157,0.431711304055,-0.173648177667,0.999999952621,0.000307828045605,0,0.711104139005,0.338423467869,-0.138691630847,0.710502581764515,0.3396314743516923,-0.13867303156062372
12.3,-55.76845898814307,-9.94763279646599,2.2171342448444604,0.7168262962522255,0.3237399823126297,-0.13730528573067347,0.7999861272817431,-0.004711279736831848,0.0,DEPTH_PROPOSAL_CERTIFIED,0.8270987176378455,0,32,0,0,32,FULL_MOTION_CERTIFICATE,0,0,0,20,0,0,0,0,0,,12.366666666,0.799999978305,0.000186310923405,0,0.885139345157,0.431711304055,-0.173648177667,0.999999972881,0.000232888654256,0,0.710877422129,0.338949647801,-0.138708821095,0.7102558590175253,0.3402001687919048,-0.138691630846823
12.316666666666666,-55.75652046713085,-9.9422156833795,2.2148440512750045,0.7163112607332529,0.32502678518951994,-0.13741161416737466,0.7999861272817431,-0.004711279736831848,0.0,DEPTH_PROPOSAL_CERTIFIED,0.8263615363393662,0,32,0,0,32,FULL_MOTION_CERTIFICATE,0,0,0,20,0,0,0,0,0,,12.366666666,0.799999978305,0.000186310923405,0,0.885139345157,0.431711304055,-0.173648177667,0.999999972881,0.000232888654256,0,0.710877422129,0.338949647801,-0.138708821095,0.7100278274017873,0.3407257802875822,-0.13870882109512944
12.333333333333334,-55.74459014585327,-9.936778134955164,2.2125521997574604,0.7158192766546063,0.32625290546010915,-0.13751109105264195,0.7999849777694623,0.00490258535804606,0.0,DEPTH_PROPOSAL_CERTIFIED,0.8255996430502648,0,32,0,0,32,FULL_MOTION_CERTIFICATE,0,0,0,20,0,0,0,0,0,,12.4,0.799999851048,-0.000488183707842,0,0.885139345157,0.431711304055,-0.173648177667,0.99999981381,-0.000610229634802,0,0.71047421374,0.339885441231,-0.138739393377,0.7098170708951176,0.34121157276129643,-0.13872470905290288
12.35,-55.73266764906543,-9.93132113241806,2.2102587973531427,0.7153498072709837,0.3274201522263239,-0.13760414425906964,0.7999925697576945,0.0034479461249266223,0.0,DEPTH_PROPOSAL_CERTIFIED,0.8248133613038182,0,32,0,0,32,FULL_MOTION_CERTIFICATE,0,0,0,20,0,0,0,0,0,,12.416666666,0.79999986674,-0.000461752990945,0,0.885139345157,0.431711304055,-0.173648177667,0.999999833425,-0.000577191238682,0,0.710295218473,0.34030086561,-0.138752965252,0.7096222807907874,0.34166056277414525,-0.13873939337748759
12.366666666666667,-55.720752611317664,-9.925845625605524,2.2079639444172674,0.7149022648658819,0.32853040875209505,-0.13769117615250404,0.7999790394472556,-0.00579106596806303,0.0,DEPTH_PROPOSAL_CERTIFIED,0.8240030315942446,0,32,0,0,32,FULL_MOTION_CERTIFICATE,0,0,0,20,0,0,0,0,0,,12.433333333,0.799999960092,-0.000252692297542,0,0.885139345157,0.431711304055,-0.173648177667,0.999999950115,-0.000315865371927,0,0.710129783443,0.340684818468,-0.138765508956,0.7094422475236402,0.3420755383665022,-0.13875296525240355
12.383333333333333,-55.70884467762512,-9.920352532091366,2.2056677350005804,0.7144760215525453,0.32958561084953125,-0.13777256500123639,0.7999976096472691,-0.001955647886437166,0.0,DEPTH_PROPOSAL_CERTIFIED,0.8231690114501917,0,32,0,0,32,FULL_MOTION_CERTIFICATE,0,0,0,20,0,0,0,0,0,,12.45,0.799999900138,-0.00039972449615,0,0.885139345157,0.431711304055,-0.173648177667,0.999999875172,-0.000499655620187,0,0.709976881371,0.341039683989,-0.138777102379,0.7092758531298382,0.3424590764382535,-0.13876550895577114
12.4,-55.696943503979526,-9.914842736622983,2.2033702572286185,0.7140704187358512,0.3305877281029681,-0.13784866631770043,0.7999752327180434,0.006295001009724641,0.0,DEPTH_PROPOSAL_CERTIFIED,0.8223116753851958,0,32,0,0,32,FULL_MOTION_CERTIFICATE,0,0,0,20,0,0,0,0,0,,12.466666666,0.799999800127,-0.000565505684622,0,0.885139345157,0.431711304055,-0.173648177667,0.999999750159,-0.000706882105777,0,0.709835562797,0.341367665737,-0.138787817511,0.7091220643721827,0.3428135585948969,-0.13877710237856158
12.416666666666666,-55.685048757723386,-9.909317090828944,2.2010715936596954,0.7136847753684948,0.3315387476423272,-0.13791981413538118,0.7999752327180434,0.006295001009724641,0.0,DEPTH_PROPOSAL_CERTIFIED,0.8214314147448849,0,32,0,0,32,FULL_MOTION_CERTIFICATE,0,0,0,20,0,0,0,0,0,,12.466666666,0.799999800127,-0.000565505684622,0,0.885139345157,0.431711304055,-0.173648177667,0.999999750159,-0.000706882105777,0,0.709835562797,0.341367665737,-0.138787817511,0.7089799262867471,0.3431411860225094,-0.1387878175110862
12.433333333333334,-55.67316011780454,-9.90377641315919,2.1987718216226457,0.7133183951307129,0.3324406601853036,-0.13798632222298665,0.799999930494161,0.0003334806408577989,0.0,DEPTH_PROPOSAL_CERTIFIED,0.8205286374682226,0,32,0,0,32,FULL_MOTION_CERTIFICATE,0,0,0,20,0,0,0,0,0,,12.5,0.799999986987,0.000144292757049,0,0.885139345157,0.431711304055,-0.173648177667,0.999999983734,0.000180365946311,0,0.709584232435,0.341950970321,-0.138806874016,0.7088485562297742,0.3434439932096149,-0.13879772089177353
12.45,-55.66127727492696,-9.898221489024444,2.196471013535352,0.7129705726549047,0.3332954480847385,-0.1380484852376341,0.7999745519071835,-0.006380932604339071,0.0,DEPTH_PROPOSAL_CERTIFIED,0.8196037677779606,0,32,0,0,32,FULL_MOTION_CERTIFICATE,0,0,0,20,0,0,0,0,0,,12.516666666,0.799999879692,0.000438739607444,0,0.885139345157,0.431711304055,-0.173648177667,0.999999849615,0.000548424509305,0,0.709472659992,0.342209915229,-0.138815333722,0.7087271384500436,0.343723860457845,-0.13880687401633315
12.466666666666667,-55.64939993161208,-9.892653071104924,2.1941692372050223,0.7126405988927056,0.334105075171188,-0.13810657981977123,0.7999989260735085,0.0013108322673118596,0.0,DEPTH_PROPOSAL_CERTIFIED,0.8186572458134267,0,32,0,0,32,FULL_MOTION_CERTIFICATE,0,0,0,20,0,0,0,0,0,,12.533333333,0.799999950969,0.000280087269295,0,0.885139345157,0.431711304055,-0.173648177667,0.999999938712,0.000350109086619,0,0.70936954,0.342449243114,-0.138823152541,0.7086149189938764,0.34398252562587095,-0.1388153337218441
12.483333333333333,-55.63752780218343,-9.887071879801828,2.191866556111156,0.712327765719402,0.33487147818571633,-0.13816086563199073,0.7999771748433919,0.006043155598298735,0.0,DEPTH_PROPOSAL_CERTIFIED,0.8176895272172775,0,32,0,0,32,FULL_MOTION_CERTIFICATE,0,0,0,20,0,0,0,0,0,,12.55,0.79999996548,0.000235013377769,0,0.885139345157,0.431711304055,-0.173648177667,0.999999956851,0.000293766722211,0,0.709274232129,0.342670440098,-0.138830379025,0.7085112010050981,0.3442215949629625,-0.13882315254106867
12.5,-55.62566061268568,-9.881478603808327,2.1895630296720956,0.712031369864892,0.3355965596100012,-0.1382115863436196,0.7999948587486891,-0.00286809617428736,0.0,DEPTH_PROPOSAL_CERTIFIED,0.8167010826860808,0,32,0,0,32,FULL_MOTION_CERTIFICATE,0,0,0,20,0,0,0,0,0,,12.566666666,0.799999847125,0.00049456988233,0,0.885139345157,0.431711304055,-0.173648177667,0.999999808907,0.000618212352912,0,0.709186144556,0.342874879722,-0.138837058049,0.7084153404398694,0.3444425529862757,-0.13883037902549164
12.516666666666667,-55.61379810074831,-9.875873900779293,2.187258713496034,0.7117507162421073,0.3362821817420322,-0.138258970563691,0.7999948587486891,-0.00286809617428736,0.0,DEPTH_PROPOSAL_CERTIFIED,0.8156923974934225,0,32,0,0,32,FULL_MOTION_CERTIFICATE,0,0,0,20,0,0,0,0,0,,12.566666666,0.799999847125,0.00049456988233,0,0.885139345157,0.431711304055,-0.173648177667,0.999999808907,0.000618212352912,0,0.709186144556,0.342874879722,-0.138837058049,0.7083267420441341,0.3446467717528108,-0.1388370580485618
12.533333333333333,-55.60194001540261,-9.870258398081484,2.184953659617294,0.711485120742167,0.3369301618685913,-0.13830323272442852,0.7999824164114293,-0.0053040958259228735,0.0,DEPTH_PROPOSAL_CERTIFIED,0.8146639709930517,0,32,0,0,32,FULL_MOTION_CERTIFICATE,0,0,0,20,0,0,0,0,0,,12.6,0.799999938202,0.000314447298075,0,0.885139345157,0.431711304055,-0.173648177667,0.999999922752,0.000393059122594,0,0.709029483751,0.343238468764,-0.138848936468,0.7082448556428942,0.34483551941261276,-0.13884323108542637
12.55,-55.59008611685992,-9.864632693608247,2.182647916718675,0.7112339125614743,0.33754226839422774,-0.13834457391712132,0.7999887909371114,0.00423489964210237,0.0,DEPTH_PROPOSAL_CERTIFIED,0.8145837216490679,0,32,0,0,32,FULL_MOTION_CERTIFICATE,0,0,0,20,0,0,0,0,0,,12.616666666,0.799999997236,-6.65060750112e-05,0,0.885139345157,0.431711304055,-0.173648177667,0.999999996544,-8.31325937639e-05,0,0.708959937722,0.343399875915,-0.138854209624,0.708169172757024,0.3450099680069917,-0.13884893646797367
12.566666666666666,-55.57823617625806,-9.858997356644613,2.180341530340628,0.7109964361119251,0.3381202178180611,-0.13838318268281252,0.7999889074989841,0.00421282311306522,0.0,DEPTH_PROPOSAL_CERTIFIED,0.8146997919305374,0,32,0,0,32,FULL_MOTION_CERTIFICATE,0,0,0,20,0,0,0,0,0,,12.633333333,0.799999995533,-8.45443731933e-05,0,0.885139345157,0.431711304055,-0.173648177667,0.999999994416,-0.000105680466492,0,0.708895660327,0.343549055261,-0.138859083299,0.7080992234274247,0.34517120078882846,-0.13885420962424536
12.583333333333334,-55.56638997538199,-9.853352928770427,2.1780345430779646,0.7107720525644589,0.3386656724511936,-0.13841923575981838,0.7999823075899806,-0.005320483343630301,0.0,DEPTH_PROPOSAL_CERTIFIED,0.8148250785812261,0,32,0,0,32,FULL_MOTION_CERTIFICATE,0,0,0,20,0,0,0,0,0,,12.65,0.799999991479,0.000116759729821,0,0.885139345157,0.431711304055,-0.173648177667,0.999999989349,0.000145949662277,0,0.708836252431,0.343686933141,-0.138863587757,0.7080345732853713,0.3453202189754097,-0.13885908329928973
12.6,-55.5545473063641,-9.84769992479087,2.1757269947648004,0.7105601410733219,0.3391802387734673,-0.13845289878987155,0.7999949526043821,-0.0028417965290368813,0.0,DEPTH_PROPOSAL_CERTIFIED,0.8149594287814486,0,32,0,0,32,FULL_MOTION_CERTIFICATE,0,0,0,20,0,0,0,0,0,,12.666666666,0.799999999439,-2.99701718778e-05,0,0.885139345157,0.431711304055,-0.173648177667,0.999999999298,-3.74627148472e-05,0,0.708781345138,0.34381436572,-0.138867750967,0.70797482088145,0.3454579479052065,-0.1388635877565203
12.616666666666667,-55.542707971368806,-9.842038833684994,2.173418922648382,0.7103600997176308,0.33966546635254735,-0.13848432698508842,0.7999949526043821,-0.0028417965290368813,0.0,DEPTH_PROPOSAL_CERTIFIED,0.8151026963904191,0,32,0,0,32,FULL_MOTION_CERTIFICATE,0,0,0,20,0,0,0,0,0,,12.666666666,0.799999999439,-2.99701718778e-05,0,0.885139345157,0.431711304055,-0.173648177667,0.999999999298,-3.74627148472e-05,0,0.708781345138,0.34381436572,-0.138867750967,0.7079195951781997,0.3455852428173233,-0.13886775096673437
12.633333333333333,-55.530871782265535,-9.836370119564181,2.171110361552422,0.7101713461963798,0.340122847248789,-0.13851366575761798,0.7999771021869186,0.006052766030533161,0.0,DEPTH_PROPOSAL_CERTIFIED,0.8152547417967388,0,32,0,0,32,FULL_MOTION_CERTIFICATE,0,0,0,20,0,0,0,0,0,,12.7,0.79999982911,-0.000522899007094,0,0.885139345157,0.431711304055,-0.173648177667,0.999999786388,-0.000653623758867,0,0.70868369435,0.344041000303,-0.138875155097,0.7078685532371171,0.3457028941829373,-0.13887159878247873
12.65,-55.51903856029369,-9.830694222633623,2.168801344030528,0.7099933183110351,0.34055381583343597,-0.13854105131363362,0.7999989727072282,0.0012820559190417674,0.0,DEPTH_PROPOSAL_CERTIFIED,0.8154154317543112,0,32,0,0,32,FULL_MOTION_CERTIFICATE,0,0,0,20,0,0,0,0,0,,12.716666666,0.799999919597,-0.000358670852235,0,0.885139345157,0.431711304055,-0.173648177667,0.999999899496,-0.000448338565294,0,0.708640344486,0.344141609613,-0.138878441994,0.7078213781098304,0.345811632566129,-0.13887515509702453
12.666666666666666,-55.507208135722664,-9.825011560150852,2.1664919005103007,0.7098254742616014,0.3409597489662684,-0.138566611213631,0.7999745343937033,-0.0063831278835404974,0.0,DEPTH_PROPOSAL_CERTIFIED,0.8155846392066897,0,32,0,0,32,FULL_MOTION_CERTIFICATE,0,0,0,20,0,0,0,0,0,,12.733333333,0.799999980131,-0.000178299391669,0,0.885139345157,0.431711304055,-0.173648177667,0.999999975164,-0.000222874239587,0,0.708600278701,0.344234597011,-0.138881479883,0.7077777768585102,0.3459121331868241,-0.13887844199359908
12.683333333333334,-55.49538034750963,-9.819322527376206,2.1641820594286223,0.7096672927819149,0.3413419664786731,-0.13859046490070817,0.7999999177247823,0.00036282274141361665,0.0,DEPTH_PROPOSAL_CERTIFIED,0.8157622431024427,0,32,0,0,32,FULL_MOTION_CERTIFICATE,0,0,0,20,0,0,0,0,0,,12.75,0.799999911829,-0.000375598598341,0,0.885139345157,0.431711304055,-0.173648177667,0.999999889786,-0.000469498247926,0,0.708563248202,0.344320539909,-0.138884287629,0.7077374787297404,0.34600502013001033,-0.13888147988304964
12.7,-55.48355504295732,-9.813627498511027,2.16187184735865,0.7095182731385558,0.34170173191085096,-0.13861272419833295,0.7999752749220992,0.006289635387830846,0.0,DEPTH_PROPOSAL_CERTIFIED,0.8159481282038512,0,32,0,0,32,FULL_MOTION_CERTIFICATE,0,0,0,20,0,0,0,0,0,,12.766666666,0.799999868618,-0.000458487211455,0,0.885139345157,0.431711304055,-0.173648177667,0.999999835773,-0.000573109014318,0,0.708529023046,0.344399971977,-0.138886882667,0.7077002334895743,0.3460908701834212,-0.1388842876293554
12.716666666666667,-55.471732077373794,-9.807926827619925,2.1595612891289946,0.7093779350114404,0.34204025346609074,-0.1386334937793265,0.7999752749220992,0.006289635387830846,0.0,DEPTH_PROPOSAL_CERTIFIED,0.8161421848909498,0,32,0,0,32,FULL_MOTION_CERTIFICATE,0,0,0,20,0,0,0,0,0,,12.766666666,0.799999868618,-0.000458487211455,0,0.885139345157,0.431711304055,-0.173648177667,0.999999835773,-0.000573109014318,0,0.708529023046,0.344399971977,-0.138886882667,0.7076658098606341,0.3461702164400156,-0.13888688266744773
12.733333333333333,-55.459911313735894,-9.802220849534184,2.1572504079355355,0.7092458182742372,0.3423586851445085,-0.13865287160755152,0.7999975408102664,-0.0019836072005823416,0.0,DEPTH_PROPOSAL_CERTIFIED,0.8163443089626303,0,32,0,0,32,FULL_MOTION_CERTIFICATE,0,0,0,21,0,0,0,0,0,,12.8,0.799999937932,0.000315132176857,0,0.885139345157,0.431711304055,-0.173648177667,0.999999922415,0.000393915221071,0,0.708468154749,0.344541239256,-0.138891497856,0.7076339940803578,0.3462435516212058,-0.13888928111189697
12.75,-55.4480926223577,-9.796509880733844,2.154939225446308,0.7091214826918338,0.34265812802043516,-0.13867094935364652,0.7999791303450864,-0.005778495679614465,0.0,DEPTH_PROPOSAL_CERTIFIED,0.8165544014363435,0,32,0,0,32,FULL_MOTION_CERTIFICATE,0,0,0,21,0,0,0,0,0,,12.816666666,0.79999984478,0.000498348988217,0,0.885139345157,0.431711304055,-0.173648177667,0.999999805975,0.000622936235271,0,0.708441133642,0.344603951676,-0.138893546665,0.7076045885865139,0.3463113311067402,-0.1388914978560055
12.766666666666667,-55.43627588056524,-9.790794220206536,2.1526277618998693,0.7090045075472459,0.34293963163850094,-0.1386878127863118,0.7999924628338513,0.0034726659829635853,0.0,DEPTH_PROPOSAL_CERTIFIED,0.8167723683476762,0,32,0,0,32,FULL_MOTION_CERTIFICATE,0,0,0,21,0,0,0,0,0,,12.833333333,0.799999944044,0.000299215637128,0,0.899666649416,0.400557399535,-0.173648177667,0.999999930055,0.00037401954641,0,0.709118365977,0.343156099613,-0.138895471609,0.7075774107832731,0.34637397577890305,-0.138893546664828
12.783333333333333,-55.424460081003744,-9.785076049338722,2.1503160361579474,0.7089479736897353,0.34309025206885063,-0.13870354451532474,0.7999850936183184,0.004883645000440865,0.0,DEPTH_PROPOSAL_CERTIFIED,0.8169973459690709,0,32,0,0,32,FULL_MOTION_CERTIFICATE,0,0,0,21,0,0,0,0,0,,12.85,0.799999929664,0.000335466033025,0,0.899666649416,0.400557399535,-0.173648177667,0.99999991208,0.000419332541281,0,0.709922529141,0.341435631398,-0.138897219376,0.7082582606281064,0.344927821319117,-0.13889547160928295
12.8,-55.41264413150695,-9.779357728070885,2.148004065877059,0.7089569698075855,0.3430992760701732,-0.13871821685327798,0.7999860102002733,-0.004731118667740333,0.0,DEPTH_PROPOSAL_CERTIFIED,0.8172283917027798,0,32,0,0,32,FULL_MOTION_CERTIFICATE,0,0,0,21,0,0,0,0,0,,12.866666666,0.799999788299,0.000581997658661,0,0.899666649416,0.400557399535,-0.173648177667,0.999999735374,0.000727497073326,0,0.710665770808,0.339845501782,-0.138898834737,0.7090667224453574,0.3432093688863083,-0.13889721937630742
12.816666666666666,-55.40082709998074,-9.773641273184019,2.145691867543288,0.709021891572858,0.34298729321196036,-0.1387319000262599,0.7999860102002733,-0.004731118667740333,0.0,DEPTH_PROPOSAL_CERTIFIED,0.81746469698631,0,32,0,0,32,FULL_MOTION_CERTIFICATE,0,0,0,21,0,0,0,0,0,,12.866666666,0.799999788299,0.000581997658661,0,0.899666649416,0.400557399535,-0.173648177667,0.999999735374,0.000727497073326,0,0.710665770808,0.339845501782,-0.138898834737,0.7098139371091832,0.3416211023417638,-0.13889883473663953
12.833333333333334,-55.38900819641781,-9.767928396749532,2.1433794565482858,0.7091342137753087,0.3427725860691907,-0.1387446597001253,0.7999916071139399,-0.003664498227000816,0.0,DEPTH_PROPOSAL_CERTIFIED,0.8177055725577611,0,32,0,0,33,FULL_MOTION_CERTIFICATE,0,0,0,21,0,0,0,0,0,,12.9,0.799999987135,0.000143470277564,0,0.899666649416,0.400557399535,-0.173648177667,0.999999983919,0.000179337846955,0,0.711987601283,0.33701750938,-0.138901707601,0.7105045446452078,0.34015315892740106,-0.13890032772128338
12.85,-55.37718675671897,-9.76222054072252,2.1410668472604795,0.7092863819307744,0.34247136162074326,-0.1387565572683755,0.7999798683737279,0.0056754027833290374,0.0,DEPTH_PROPOSAL_CERTIFIED,0.8179504351722733,0,32,0,0,33,FULL_MOTION_CERTIFICATE,0,0,0,21,0,0,0,0,0,,12.916666666,0.799999963592,-0.000241357001992,0,0.899666649416,0.400557399535,-0.173648177667,0.99999995449,-0.000301696252491,0,0.712574398097,0.335762085964,-0.138902982944,0.7111428334274568,0.3387964233496842,-0.1389017076010277
12.866666666666667,-55.36536222815013,-9.756518908042443,2.1387540530917692,0.7094717141301526,0.34209796080459387,-0.1387676501226159,0.7999969694719679,0.0022020071905908137,0.0,DEPTH_PROPOSAL_CERTIFIED,0.8181987956350685,0,32,0,0,33,FULL_MOTION_CERTIFICATE,0,0,0,21,0,0,0,0,0,,12.933333333,0.799999979305,-0.000181967967687,0,0.899666649416,0.400557399535,-0.173648177667,0.999999974131,-0.000227459959608,0,0.713116740641,0.334601770309,-0.138904161671,0.7117327669625663,0.3375424708475718,-0.13890298294434916
12.883333333333333,-55.353534156280205,-9.750824490572128,2.136441086559993,0.7096843121958759,0.3416650482189275,-0.13877799190657128,0.7999756416223359,-0.0062428207512361805,0.0,DEPTH_PROPOSAL_CERTIFIED,0.8184502480285394,0,32,0,0,33,FULL_MOTION_CERTIFICATE,0,0,0,21,0,0,0,0,0,,12.95,0.799999999499,-2.83140276797e-05,0,0.899666649416,0.400557399535,-0.173648177667,0.999999999374,-3.53925345996e-05,0,0.713617996627,0.333529357357,-0.1389052511,0.7122780085977001,0.3363835146737974,-0.13890416167082692
12.9,-55.341702173258945,-9.745138094175054,2.134127959347417,0.7099189812755465,0.34118378382445674,-0.13878763275454636,0.7999997800062402,-0.0005932874239102945,0.0,DEPTH_PROPOSAL_CERTIFIED,0.8187044600221833,0,32,0,0,33,FULL_MOTION_CERTIFICATE,0,0,0,21,0,0,0,0,0,,12.966666666,0.799999963321,-0.000242253484483,0,0.899666649416,0.400557399535,-0.173648177667,0.999999954151,-0.000302816855603,0,0.714081278647,0.332538187872,-0.138906257996,0.7127819440475277,0.3353123582119135,-0.13890525109984245
12.916666666666666,-55.329865987306796,-9.739460361204491,2.1318146823554955,0.7101711571289618,0.3406639782338057,-0.13879661951528488,0.7999997800062402,-0.0005932874239102945,0.0,DEPTH_PROPOSAL_CERTIFIED,0.8189611641637606,0,32,0,0,33,FULL_MOTION_CERTIFICATE,0,0,0,21,0,0,0,0,0,,12.966666666,0.799999963321,-0.000242253484483,0,0.899666649416,0.400557399535,-0.173648177667,0.999999954151,-0.000302816855603,0,0.714081278647,0.332538187872,-0.138906257996,0.7132477025406292,0.33432235002786254,-0.13890625799629475
12.933333333333334,-55.3180253733001,-9.733791790652901,2.1295012657561276,0.7104368404015136,0.34011423309532907,-0.1388049959620642,0.7999744339828763,0.0063956996315368865,0.0,DEPTH_PROPOSAL_CERTIFIED,0.8192201500591703,0,32,0,0,35,FULL_MOTION_CERTIFICATE,0,0,0,21,0,0,0,0,0,,13,0.799999851237,-0.000487874324199,0,0.899666649416,0.400557399535,-0.173648177667,0.999999814046,-0.000609842905249,0,0.714905210243,0.330775426053,-0.138908048728,0.7136781763266444,0.33340734240591463,-0.13890718861277165
12.95,-55.306180164346365,-9.728132756186604,2.127187719039631,0.7107125372242437,0.339542067977849,-0.13881280298978652,0.7999993045817364,-0.0010548311420798676,0.0,DEPTH_PROPOSAL_CERTIFIED,0.8194812573572172,0,32,0,0,35,FULL_MOTION_CERTIFICATE,0,0,0,21,0,0,0,0,0,,13.016666666,0.799999973025,-0.000207751191105,0,0.899666649416,0.400557399535,-0.173648177667,0.999999966281,-0.000259688988882,0,0.715270976084,0.329992887719,-0.138908843683,0.7140760384615518,0.3325616535445921,-0.1389080487279989
12.966666666666667,-55.29433024425339,-9.722483522270695,2.124874051059633,0.7109952055786924,0.3389540349544837,-0.13882007879987335,0.7999765608924592,-0.006123889505334086,0.0,DEPTH_PROPOSAL_CERTIFIED,0.8197443694626712,0,32,0,0,36,FULL_MOTION_CERTIFICATE,0,0,0,21,0,0,0,0,0,,13.033333333,0.799999995987,-8.01250279873e-05,0,0.899666649416,0.400557399535,-0.173648177667,0.999999994984,-0.000100156284984,0,0.715609032412,0.329269632546,-0.138909578414,0.714443759502967,0.3317800320694266,-0.13890884368293266
12.983333333333333,-55.282475540805194,-9.716844258570264,2.122560270075072,0.7112822068917639,0.33835582202586123,-0.13882685907367492,0.799995667383472,0.002632900999494133,0.0,DEPTH_PROPOSAL_CERTIFIED,0.8200094079079614,0,32,0,0,36,FULL_MOTION_CERTIFICATE,0,0,0,21,0,0,0,0,0,,13.05,0.799999943232,-0.00030137797994,0,0.899666649416,0.400557399535,-0.173648177667,0.99999992904,-0.000376722474925,0,0.715921478412,0.328601169433,-0.138910257484,0.7147836229112354,0.3310576242966673,-0.1389095784140543
13.0,-55.27061601976584,-9.711215052796145,2.120246383789488,0.7115712623614099,0.33775234644712737,-0.13883317713504245,0.7999814667990455,0.005445436442351088,0.0,DEPTH_PROPOSAL_CERTIFIED,0.82027632732051,0,32,0,0,36,FULL_MOTION_CERTIFICATE,0,0,0,21,0,0,0,0,0,,13.066666666,0.799999947322,-0.000290319765198,0,0.899666649416,0.400557399535,-0.173648177667,0.999999934152,-0.000362899706498,0,0.716210254243,0.327983347503,-0.138910885109,0.71509773909109,0.33038994438657443,-0.1389102574837262
13.016666666666667,-55.258751679539344,-9.705595922148442,2.1179323993877754,0.7118604135895422,0.33714783886218513,-0.13883906410274283,0.7999814667990455,0.005445436442351088,0.0,DEPTH_PROPOSAL_CERTIFIED,0.8205451109280819,0,32,0,0,36,FULL_MOTION_CERTIFICATE,0,0,0,21,0,0,0,0,0,,13.066666666,0.799999947322,-0.000290319765198,0,0.899666649416,0.400557399535,-0.173648177667,0.999999934152,-0.000362899706498,0,0.716210254243,0.327983347503,-0.138910885109,0.7153880585727572,0.32977284632589043,-0.13891088510868732
13.033333333333333,-55.24688254642071,-9.699986823496673,2.1156183235705535,0.7121479871184615,0.3365459191061255,-0.13884454903331833,0.799989818477042,-0.004036128475342591,0.0,DEPTH_PROPOSAL_CERTIFIED,0.8208157665498943,0,32,0,0,36,FULL_MOTION_CERTIFICATE,0,0,0,21,0,0,0,0,0,,13.1,0.799999876822,0.000443943143033,0,0.899666649416,0.400557399535,-0.173648177667,0.999999846027,0.000554928928792,0,0.716723832412,0.326884571839,-0.138912001319,0.7156563841712774,0.3292024980821977,-0.1389114651863396
13.05,-55.235008670379145,-9.694387662422008,2.1133041625863043,0.71243256249377,0.33594966447987723,-0.13884965905493923,0.7999878702671817,-0.004405385951181562,0.0,DEPTH_PROPOSAL_CERTIFIED,0.8210883230262245,0,32,0,0,36,FULL_MOTION_CERTIFICATE,0,0,0,21,0,0,0,0,0,,13.116666666,0.79999984902,0.0004914948702,0,0.913097848445,0.368915477525,-0.173648177667,0.999999811276,0.00061436858775,0,0.71762054117,0.324822134692,-0.138912504255,0.7159043820725337,0.3286753580396481,-0.1389120013187143
13.066666666666666,-55.2231292720123,-9.68880028732635,2.110989922252055,0.7127639020106079,0.3352425057395114,-0.13885442005494125,0.7999832856358267,0.005171334770389541,0.0,DEPTH_PROPOSAL_CERTIFIED,0.8213619985896912,0,32,0,0,36,FULL_MOTION_CERTIFICATE,0,0,0,21,0,0,0,0,0,,13.133333333,0.799999951545,0.000278439127453,0,0.913097848445,0.368915477525,-0.173648177667,0.999999939431,0.000348048909316,0,0.718594612219,0.322572910959,-0.13891296167,0.7168062441160317,0.32661516910704824,-0.1389125042549658
13.083333333333334,-55.21124353269449,-9.683226642177864,2.1086756080016253,0.7131443590684614,0.3344187089091513,-0.13885885502578046,0.7999940986836818,0.0030727953533701904,0.0,DEPTH_PROPOSAL_CERTIFIED,0.8216359671549458,0,32,0,0,36,FULL_MOTION_CERTIFICATE,0,0,0,21,0,0,0,0,0,,13.15,0.799999904362,0.000391178767243,0,0.913097848445,0.368915477525,-0.173648177667,0.999999880452,0.000488973459054,0,0.719494890005,0.320494082968,-0.138913384432,0.7177859351742737,0.3243683875787584,-0.13891296167001876
13.1,-55.19935078952802,-9.67766830876187,2.106361224900935,0.713564589988386,0.3335000049596485,-0.13886298604143463,0.79997777526948,-0.0059631430381478345,0.0,DEPTH_PROPOSAL_CERTIFIED,0.821995473128466,0,32,0,0,36,FULL_MOTION_CERTIFICATE,0,0,0,21,0,0,0,0,0,,13.166666666,0.799999781104,0.00059180505816,0,0.913097848445,0.368915477525,-0.173648177667,0.99999972638,0.0007397563227,0,0.720326964877,0.318572742064,-0.138913775167,0.7186914072114668,0.32229181677571345,-0.13891338443241552
13.116666666666667,-55.18745051644634,-9.67212655040004,2.10404677767256,0.7140163849006766,0.332505501709743,-0.1388668337024876,0.79997777526948,-0.0059631430381478345,0.0,DEPTH_PROPOSAL_CERTIFIED,0.8238423667645745,0,32,0,0,36,FULL_MOTION_CERTIFICATE,0,0,0,21,0,0,0,0,0,,13.166666666,0.799999781104,0.00059180505816,0,0.913097848445,0.368915477525,-0.173648177667,0.99999972638,0.0007397563227,0,0.720326964877,0.318572742064,-0.138913775167,0.7195282828306221,0.3203725620608973,-0.13891377516733389
13.133333333333333,-55.17554230728647,-9.666602351124565,2.101732270718682,0.7144925495923378,0.3314519565285724,-0.1388704172326889,0.7999985251478675,-0.001536151436831342,0.0,DEPTH_PROPOSAL_CERTIFIED,0.8256874683942623,0,32,0,0,36,FULL_MOTION_CERTIFICATE,0,0,0,21,0,0,0,0,0,,13.2,0.79999999864,-4.66411793876e-05,0,0.913097848445,0.368915477525,-0.173648177667,0.9999999983,-5.83014742345e-05,0,0.721806782241,0.31515570145,-0.138914470076,0.7203017588306038,0.31859870531829004,-0.13891413630114494
13.15,-55.16362586064103,-9.661096450744118,2.0994177081425263,0.7149867987264598,0.33035402282678134,-0.13887375456932863,0.7999747267023949,0.006358980848266357,0.0,DEPTH_PROPOSAL_CERTIFIED,0.827530454932788,0,32,0,0,36,FULL_MOTION_CERTIFICATE,0,0,0,21,0,0,0,0,0,,13.216666666,0.799999907832,-0.000384017642059,0,0.913097848445,0.368915477525,-0.173648177667,0.999999884789,-0.000480022052573,0,0.722463713769,0.313638783372,-0.138914778566,0.7210166381627482,0.31695923166493123,-0.13891447007633337
13.166666666666666,-55.1517009663173,-9.655609376199749,2.097103093768396,0.7154936594236222,0.32922447266221233,-0.13887686244782674,0.7999999934330533,-0.000102504218124136,0.0,DEPTH_PROPOSAL_CERTIFIED,0.8293710800733105,0,32,0,0,36,FULL_MOTION_CERTIFICATE,0,0,0,21,0,0,0,0,0,,13.233333333,0.799999959321,-0.000255121545824,0,0.913097848445,0.368915477525,-0.173648177667,0.999999949151,-0.00031890193228,0,0.723070877795,0.312236783242,-0.138915063684,0.7216773599290037,0.31544396065446945,-0.1389147785655037
13.183333333333334,-55.139767493246566,-9.650141469571853,2.094788431160381,0.7160083842441538,0.32807439767369284,-0.13887975648089293,0.7999749362256461,-0.00633256747090564,0.0,DEPTH_PROPOSAL_CERTIFIED,0.8312091642981028,0,32,0,0,36,FULL_MOTION_CERTIFICATE,0,0,0,21,0,0,0,0,0,,13.25,0.79999998202,-0.000169610700023,0,0.913097848445,0.368915477525,-0.173648177667,0.999999977525,-0.000212013375029,0,0.723632044546,0.310940995244,-0.138915327203,0.7222880270546397,0.31404348281375594,-0.13891506368430034
13.2,-55.127825378702,-9.644692913065034,2.0924737236398383,0.7165268726740147,0.3269133904091161,-0.13888245123258192,0.7999981200105011,0.0017343528084325132,0.0,DEPTH_PROPOSAL_CERTIFIED,0.833044585956598,0,32,0,0,36,FULL_MOTION_CERTIFICATE,0,0,0,21,0,0,0,0,0,,13.266666666,0.799999888578,-0.000422227169107,0,0.910069141369,0.405188887352,-0.0871557427477,0.999999860722,-0.000527783961383,0,0.724127425553,0.310313496019,-0.13739019248,0.7228524315183175,0.3127491017812791,-0.13891532720318772
13.216666666666667,-55.11587464988085,-9.639263031491854,2.090160900284386,0.7170437292686842,0.3257928943908253,-0.13876940132711668,0.7999981200105011,0.0017343528084325132,0.0,DEPTH_PROPOSAL_CERTIFIED,0.8348792465958228,0,32,0,0,36,FULL_MOTION_CERTIFICATE,0,0,0,21,0,0,0,0,0,,13.283333333,0.79999986279,-0.000468546883045,0,0.910069141369,0.405188887352,-0.0871557427477,0.999999828487,-0.000585683603806,0,0.72453990346,0.310388320597,-0.134355870371,0.7233493797236513,0.3121228429676782,-0.13739019248044085
13.233333333333333,-55.103915438812216,-9.633850314307418,2.0878536495690305,0.7175526641180954,0.3247630310662272,-0.13843504292134562,0.799978349111481,0.005885656536817834,0.0,DEPTH_PROPOSAL_CERTIFIED,0.8367168959411122,0,32,0,0,36,FULL_MOTION_CERTIFICATE,0,0,0,21,0,0,0,0,0,,13.3,0.799999906016,-0.000387782303206,0,0.910069141369,0.405188887352,-0.0871557427477,0.999999882519,-0.000484727879008,0,0.724836579141,0.311229944862,-0.129846290289,0.7237616692809122,0.31219869850612947,-0.13435587037093846
13.25,-55.0919480161579,-9.62845239758919,2.085557243238312,0.7180453592588728,0.32387500309370304,-0.13778437984311442,0.7999933942342056,-0.003251027781329265,0.0,DEPTH_PROPOSAL_CERTIFIED,0.8385629649753372,0,32,0,0,36,FULL_MOTION_CERTIFICATE,0,0,0,21,0,0,0,0,0,,13.316666666,0.79999999947,-2.91239533232e-05,0,0.910069141369,0.405188887352,-0.0871557427477,0.999999999337,-3.64049416541e-05,0,0.725080422613,0.31220882096,-0.125291616525,0.7240562399763568,0.31304106182890823,-0.12984629028869443
13.266666666666667,-55.0799726992154,-9.623066923369215,2.0832766105986518,0.7185190165497374,0.3231284531984729,-0.13683795837959253,0.7999840739077297,-0.0050479197687874075,0.0,DEPTH_PROPOSAL_CERTIFIED,0.8404225386116484,0,32,0,0,36,FULL_MOTION_CERTIFICATE,0,0,0,21,0,0,0,0,0,,13.333333333,0.799999999484,2.87359944e-05,0,0.910069141369,0.405188887352,-0.0871557427477,0.999999999355,3.59199929999e-05,0,0.725305793108,0.313113539836,-0.121081993537,0.7242976354982842,0.3140205444766654,-0.12529161652462625
13.283333333333333,-55.06798980433485,-9.617691806004352,2.0810158718539955,0.7189736928334535,0.3225070418918323,-0.13564432467938947,0.7999870505127096,0.004551814141153039,0.0,DEPTH_PROPOSAL_CERTIFIED,0.8422998519052702,0,32,0,0,36,FULL_MOTION_CERTIFICATE,0,0,0,21,0,0,0,0,0,,13.35,0.799999978153,-0.000186962170557,0,0.910069141369,0.405188887352,-0.0871557427477,0.999999972692,-0.000233702713197,0,0.725514090081,0.313949719402,-0.117191281388,0.7245207434947898,0.31492582395081675,-0.12108199353691111
13.3,-55.05599964524149,-9.61232520444788,2.0787784324064242,0.7194095456013745,0.3219960933883035,-0.13424636685428237,0.7999906152790965,0.0038749794028634325,0.0,DEPTH_PROPOSAL_CERTIFIED,0.8441983913643254,0,32,0,0,36,FULL_MOTION_CERTIFICATE,0,0,0,21,0,0,0,0,0,,13.366666666,0.799999995649,-8.34323319741e-05,0,0.910069141369,0.405188887352,-0.0871557427477,0.999999994562,-0.000104290414968,0,0.725706606969,0.314722551983,-0.113595320381,0.7247269493700099,0.31576252164525165,-0.11719128138797684
13.316666666666666,-55.04400253161786,-9.606965497159445,2.0765670675124808,0.7198268174176543,0.32158243730608715,-0.13268189363661478,0.7999906152790965,0.0038749794028634325,0.0,DEPTH_PROPOSAL_CERTIFIED,0.846120985606831,0,32,0,0,36,FULL_MOTION_CERTIFICATE,0,0,0,21,0,0,0,0,0,,13.383333333,0.799999980931,0.000174674404393,0,0.910069141369,0.405188887352,-0.0871557427477,0.999999976163,0.000218343005491,0,0.725884539255,0.315436836687,-0.110271780452,0.724917533576269,0.3165358331030478,-0.11359532038106906
13.333333333333334,-55.031998767915724,-9.601611259412552,2.074383998215992,0.7202258221281526,0.3212542648135595,-0.13098415778931466,0.7999807458636237,-0.005550337600585834,0.0,DEPTH_PROPOSAL_CERTIFIED,0.84806988642036,0,32,0,0,36,FULL_MOTION_CERTIFICATE,0,0,0,22,0,0,0,0,0,,13.4,0.79999983517,0.000513544693882,0,0.910069141369,0.405188887352,-0.0871557427477,0.999999793962,0.000641930867353,0,0.726048991822,0.316097008911,-0.107200023856,0.7250936795962304,0.31725056040472244,-0.11027178045225415
13.35,-55.01998745981495,-9.59626276294945,2.0722345440476864,0.7206784860465749,0.3209097877861256,-0.12896725009835092,0.7999962645862656,-0.002444718393153741,0.0,DEPTH_PROPOSAL_CERTIFIED,0.8507607260696648,0,32,0,0,36,FULL_MOTION_CERTIFICATE,0,0,0,22,0,0,0,0,0,,13.416666666,0.799999890228,0.000419089347983,0,0.910069141369,0.405188887352,-0.0871557427477,0.999999862784,0.000523861684979,0,0.726200985851,0.316707168051,-0.104360976269,0.7262009858513286,0.31670716805143206,-0.1043609762685918
13.366666666666667,-55.007970181432185,-9.590917281775326,2.070116158406943,0.7210367029657025,0.32072887044744397,-0.12710313844458118,0.7999761270867289,0.006180298643090574,0.0,DEPTH_PROPOSAL_CERTIFIED,0.8537870761694735,0,32,0,0,36,FULL_MOTION_CERTIFICATE,0,0,0,22,0,0,0,0,0,,13.433333333,0.799999969605,0.000220527014255,0,0.910069141369,0.405188887352,-0.0871557427477,0.999999962006,0.000275658767818,0,0.726341465191,0.31727110305,-0.101737007877,0.7254069493790594,0.31852167891552785,-0.1043609762685918
13.383333333333333,-54.99594604118176,-9.585575508372349,2.0680328628084608,0.7214484150255651,0.32050640417862314,-0.12499773590896482,0.7999995461913412,0.0008521112887171402,0.0,DEPTH_PROPOSAL_CERTIFIED,0.85684518084276,0,32,0,0,36,FULL_MOTION_CERTIFICATE,0,0,0,22,0,0,0,0,0,,13.45,0.799999902623,0.000394720118341,0,0.910069141369,0.405188887352,-0.0871557427477,0.999999878278,0.000493400147926,0,0.726471302156,0.317792315699,-0.0993118249744,0.7264713021558883,0.3177923156990091,-0.09931182497444367
13.4,-54.983916564899836,-9.580234869950706,2.0659819989157033,0.7217685769154911,0.3204383052985818,-0.12305183356544039,0.7999744006176679,-0.006399871592699277,0.0,DEPTH_PROPOSAL_CERTIFIED,0.8599338816077398,0,32,0,0,36,FULL_MOTION_CERTIFICATE,0,0,0,22,0,0,0,0,0,,13.466666666,0.799999829251,0.000522683410548,0,0.910069141369,0.405188887352,-0.0871557427477,0.999999786564,0.000653354263185,0,0.72659130298,0.318274042512,-0.0970703681871,0.7256745519725879,0.31960749896207774,-0.09931182497444367
13.416666666666666,-54.971882006836104,-9.57489467190915,2.0639639399034744,0.7220734838238452,0.3204118824934741,-0.12108354073374868,0.7999744006176679,-0.006399871592699277,0.0,DEPTH_PROPOSAL_CERTIFIED,0.8630536301086902,0,32,0,0,36,FULL_MOTION_CERTIFICATE,0,0,0,22,0,0,0,0,0,,13.466666666,0.799999829251,0.000522683410548,0,0.910069141369,0.405188887352,-0.0871557427477,0.999999786564,0.000653354263185,0,0.72659130298,0.318274042512,-0.0970703681871,0.7257933481057652,0.3200895242711597,-0.09707036818710824
13.433333333333334,-54.95984147498877,-9.56955609142433,2.061981233831353,0.7224319108399572,0.3203148290890962,-0.11896236432729791,0.7999996029121342,0.0007970824471316808,0.0,DEPTH_PROPOSAL_CERTIFIED,0.8662057199174293,0,32,0,0,36,FULL_MOTION_CERTIFICATE,0,0,0,22,0,0,0,0,0,,13.5,0.799999966784,-0.000230533288126,0,0.910069141369,0.405188887352,-0.0871557427477,0.99999995848,-0.000288166610157,0,0.726804720437,0.319130777556,-0.0930840121686,0.726804720436524,0.31913077755568603,-0.09308401216860003
13.45,-54.94779643214116,-9.56421671300884,2.0600312024463,0.7227025708566374,0.3203627049293841,-0.11700188310315425,0.7999760174126823,0.006194478553029101,0.0,DEPTH_PROPOSAL_CERTIFIED,0.8693889083117154,0,32,0,0,36,FULL_MOTION_CERTIFICATE,0,0,0,22,0,0,0,0,0,,13.516666666,0.799999858709,-0.000475463356667,0,0.910069141369,0.405188887352,-0.0871557427477,0.999999823386,-0.000594329195833,0,0.726899462301,0.319511105747,-0.0913143593628,0.7260046230601358,0.320946790180897,-0.09308401216860003
13.466666666666667,-54.935748118767854,-9.558873825894985,2.058113604803344,0.7228988023981214,0.3205732268312679,-0.1150558585773724,0.79999641993268,-0.0023933438731441065,0.0,DEPTH_PROPOSAL_CERTIFIED,0.8726042306458404,0,32,0,0,36,FULL_MOTION_CERTIFICATE,0,0,0,22,0,0,0,0,0,,13.533333333,0.799999945885,-0.000294250469312,0,0.910069141369,0.405188887352,-0.0871557427477,0.999999932357,-0.00036781308664,0,0.726987026757,0.319862621219,-0.0896787710601,0.7252928272042266,0.32314159403424936,-0.09131435936283513
13.483333333333333,-54.9236956560299,-9.553529542492631,2.056228048937556,0.7231477642773079,0.32065700414119097,-0.11313335194727382,0.799980555162578,-0.005577755980100596,0.0,DEPTH_PROPOSAL_CERTIFIED,0.8758499386418042,0,32,0,0,36,FULL_MOTION_CERTIFICATE,0,0,0,22,0,0,0,0,0,,13.55,0.799999948057,-0.000288286831394,0,0.910069141369,0.405188887352,-0.0871557427477,0.999999935071,-0.000360358539243,0,0.727067957542,0.32018750673,-0.0881670909645,0.7261850992033819,0.32167908732225264,-0.08967877106006969
13.5,-54.911639257113606,-9.548183558118051,2.0543740161285644,0.7233839349776936,0.32075906247481156,-0.11124196853949066,0.7999908286734457,0.0038306707472235643,0.0,DEPTH_PROPOSAL_CERTIFIED,0.8791255120642061,0,32,0,0,36,FULL_MOTION_CERTIFICATE,0,0,0,22,0,0,0,0,0,,13.566666666,0.799999813753,-0.0005458888755,0,0.910069141369,0.405188887352,-0.0871557427477,0.999999767192,-0.000682361094375,0,0.727142757202,0.320487779684,-0.0867699321745,0.726265217522399,0.32200417414498267,-0.08816709096453737
13.516666666666667,-54.89957912671841,-9.542835622265333,2.052550882355387,0.7236078237117494,0.3208761511630525,-0.10938802639062639,0.7999908286734457,0.0038306707472235643,0.0,DEPTH_PROPOSAL_CERTIFIED,0.8824303166641159,0,32,0,0,36,FULL_MOTION_CERTIFICATE,0,0,0,22,0,0,0,0,0,,13.566666666,0.799999813753,-0.0005458888755,0,0.910069141369,0.405188887352,-0.0871557427477,0.999999767192,-0.000682361094375,0,0.727142757202,0.320487779684,-0.0867699321745,0.7263392662672292,0.322304633159592,-0.08676993217448352
13.533333333333333,-54.887515461119236,-9.537485532146224,2.0507579372283273,0.72381993595048,0.32100540714654946,-0.10757670762357903,0.7999868285963629,0.004590650534892322,0.0,DEPTH_PROPOSAL_CERTIFIED,0.8857636249036294,0,32,0,0,36,FULL_MOTION_CERTIFICATE,0,0,0,22,0,0,0,0,0,,13.6,0.799999965198,-0.000235973219589,0,0.910069141369,0.405188887352,-0.0871557427477,0.999999956497,-0.000294966524486,0,0.727275785899,0.321021805102,-0.0842851319396,0.7264077052629939,0.32258233014521254,-0.08547861866559991
13.55,-54.87544844826812,-9.532133126897905,2.048994400656424,0.7240207710668262,0.3211443148990826,-0.1058121943141903,0.7999842896101146,-0.005013619151913853,0.0,DEPTH_PROPOSAL_CERTIFIED,0.8891246341489765,0,32,0,0,36,FULL_MOTION_CERTIFICATE,0,0,0,22,0,0,0,0,0,,13.616666666,0.799999985296,0.000153385729892,0,0.925416578398,0.336824088833,-0.173648177667,0.999999981619,0.000191732162365,0,0.727565548761,0.320262178718,-0.0843932780067,0.7264709594862486,0.3228389894799864,-0.08428513193964887
13.566666666666666,-54.863377973485896,-9.526779540115525,2.047257908170768,0.7242284869335082,0.3212152069428506,-0.1041895491393774,0.7999931990682043,-0.0032987034756672322,0.0,DEPTH_PROPOSAL_CERTIFIED,0.892510492014186,0,32,0,0,36,FULL_MOTION_CERTIFICATE,0,0,0,22,0,0,0,0,0,,13.633333333,0.799999988817,0.000133763158879,0,0.925416578398,0.336824088833,-0.173648177667,0.999999986021,0.000167203948599,0,0.728075983097,0.31849637755,-0.0858116509696,0.7267626205070288,0.3220800898768209,-0.08439327800665884
13.583333333333334,-54.85130364898042,-9.521427089237983,2.045544620101993,0.7244594703283831,0.32114705265254323,-0.10279728412651368,0.7999785107795501,0.005863641439709643,0.0,DEPTH_PROPOSAL_CERTIFIED,0.8959164669523034,0,32,0,0,36,FULL_MOTION_CERTIFICATE,0,0,0,22,0,0,0,0,0,,13.65,0.799999998583,-4.7612046574e-05,0,0.925416578398,0.336824088833,-0.173648177667,0.999999998229,-5.95150582175e-05,0,0.728798881457,0.315740207455,-0.0885535821777,0.7272774677458578,0.32031557031079355,-0.08581165096957717
13.6,-54.83922274211654,-9.516085892118777,2.043844498920632,0.7248544118326357,0.32047182715240397,-0.10200727088165884,0.7999980025735389,0.0017877019740471232,0.0,DEPTH_PROPOSAL_CERTIFIED,0.8993283263587268,0,32,0,0,36,FULL_MOTION_CERTIFICATE,0,0,0,22,0,0,0,0,0,,13.666666666,0.79999998868,0.000134581911087,0,0.925416578398,0.336824088833,-0.173648177667,0.99999998585,0.000168227388859,0,0.729672698185,0.312234076051,-0.0923691092944,0.7296726981845175,0.3122340760507044,-0.09236910929442915
13.616666666666667,-54.82713674002318,-9.51075279417506,2.0421565471352143,0.7251601256014895,0.31998587662305494,-0.10127710712505049,0.7999980025735389,0.0017877019740471232,0.0,DEPTH_PROPOSAL_CERTIFIED,0.9027468626234763,0,32,0,0,36,FULL_MOTION_CERTIFICATE,0,0,0,22,0,0,0,0,0,,13.666666666,0.79999998868,0.000134581911087,0,0.925416578398,0.336824088833,-0.173648177667,0.99999998585,0.000168227388859,0,0.729672698185,0.312234076051,-0.0923691092944,0.7288898335815059,0.31405728016499745,-0.09236910929442915
13.633333333333333,-54.81504307804795,-9.505437357011834,2.0404712749082745,0.7256197185137544,0.31892622979353724,-0.10111633361638524,0.7999750016313106,-0.006324299564740349,0.0,DEPTH_PROPOSAL_CERTIFIED,0.9061587241138316,0,32,0,0,36,FULL_MOTION_CERTIFICATE,0,0,0,22,0,0,0,0,0,,13.7,0.799999834457,0.000514653510498,0,0.925416578398,0.336824088833,-0.173648177667,0.999999793072,0.000643316888123,0,0.731226752043,0.305998538473,-0.0991548968107,0.7312267520433877,0.3059985384734201,-0.0991548968106691
13.65,-54.80294330527361,-9.500135935735715,2.038788479242958,0.7259863664605658,0.31808527656708424,-0.10096773991898249,0.7999999844006346,-0.00015798412730188234,0.0,DEPTH_PROPOSAL_CERTIFIED,0.9095657137192918,0,32,0,0,36,FULL_MOTION_CERTIFICATE,0,0,0,22,0,0,0,0,0,,13.716666666,0.799999947151,0.000290788016719,0,0.925416578398,0.336824088833,-0.173648177667,0.999999933939,0.000363485020899,0,0.731916639188,0.303230412265,-0.102167294063,0.730459471411665,0.3078256472043581,-0.0991548968106691
13.666666666666666,-54.79083700483481,-9.49485096145733,2.037104168989076,0.7263780263278603,0.3170984567031274,-0.10105861523293216,0.7999746787616058,0.00636500905464767,0.0,DEPTH_PROPOSAL_CERTIFIED,0.9146104890222624,0,32,0,0,36,FULL_MOTION_CERTIFICATE,0,0,0,22,0,0,0,0,0,,13.733333333,0.799999988911,0.000133201601126,0,0.925416578398,0.336824088833,-0.173648177667,0.999999986139,0.000166502001408,0,0.732554262196,0.300671992427,-0.104951479579,0.7311562767088534,0.3050592543628533,-0.10216729406311831
13.683333333333334,-54.77872216202972,-9.489589713270393,2.0354116944337894,0.7268905683052099,0.31567489121623965,-0.10154847331717295,0.7999986268793396,-0.001482225074404399,0.0,DEPTH_PROPOSAL_CERTIFIED,0.9202213242547841,0,32,0,0,36,FULL_MOTION_CERTIFICATE,0,0,0,22,0,0,0,0,0,,13.75,0.799999925343,0.000345616664547,0,0.925416578398,0.336824088833,-0.173648177667,0.999999906679,0.000432020830684,0,0.733143580429,0.298307392276,-0.107524741945,0.7331435804288747,0.29830739227620956,-0.10752474194491027
13.7,-54.766600368525964,-9.48434808070733,2.0337116740847816,0.7273076102254614,0.3144979537837927,-0.10200122094048636,0.7999776265044333,-0.005983067134301916,0.0,DEPTH_PROPOSAL_CERTIFIED,0.925878531766158,0,32,0,0,36,FULL_MOTION_CERTIFICATE,0,0,0,22,0,0,0,0,0,,13.766666666,0.799999907912,0.00038385094737,0,0.925416578398,0.336824088833,-0.173648177667,0.999999884889,0.000479813684212,0,0.733688253308,0.296121928636,-0.109903060046,0.7323955216525304,0.30013931710793906,-0.10752474194491027
13.716666666666667,-54.75447145627693,-9.4791273354319,2.0320016766661957,0.727734734941926,0.31324471652575675,-0.1025998451151379,0.7999776265044333,-0.005983067134301916,0.0,DEPTH_PROPOSAL_CERTIFIED,0.9315789569223838,0,32,0,0,36,FULL_MOTION_CERTIFICATE,0,0,0,22,0,0,0,0,0,,13.766666666,0.799999907912,0.00038385094737,0,0.925416578398,0.336824088833,-0.173648177667,0.999999884889,0.000479813684212,0,0.733688253308,0.296121928636,-0.109903060046,0.732945656482793,0.29795522197771895,-0.10990306004588617
13.733333333333333,-54.742335322589106,-9.473928443853508,2.030279682584028,0.7281680212693671,0.3119334947035065,-0.10331964493007038,0.7999942846059287,0.0030240036125135936,0.0,DEPTH_PROPOSAL_CERTIFIED,0.9373201011064103,0,32,0,0,36,FULL_MOTION_CERTIFICATE,0,0,0,22,0,0,0,0,0,,13.8,0.799999907993,-0.000383680448828,0,0.925416578398,0.336824088833,-0.173648177667,0.999999884992,-0.000479600561036,0,0.734656935828,0.292235154558,-0.114132819339,0.7334541144641495,0.2959365884720523,-0.11210120267224737
13.75,-54.73019192118458,-9.46875210607935,2.0285440355038693,0.7286040842717404,0.31058026644946624,-0.10413882480951475,0.799983074904278,0.0052038319243053735,0.0,DEPTH_PROPOSAL_CERTIFIED,0.9431000204296913,0,32,0,0,36,FULL_MOTION_CERTIFICATE,0,0,0,22,0,0,0,0,0,,13.816666666,0.799999841556,-0.000503498472587,0,0.925416578398,0.336824088833,-0.173648177667,0.999999801945,-0.000629373090734,0,0.735086960575,0.290509708908,-0.116010525536,0.7339240529006938,0.294070881750176,-0.11413281933873555
13.766666666666667,-54.71804125424262,-9.463598790716677,2.0267933989025915,0.7290400165173478,0.3091989217603333,-0.10503819607666984,0.7999880918159918,-0.0043649687980937615,0.0,DEPTH_PROPOSAL_CERTIFIED,0.9489172370833261,0,32,0,0,36,FULL_MOTION_CERTIFICATE,0,0,0,22,0,0,0,0,0,,13.833333333,0.799999945927,-0.000294137030225,0,0.925416578398,0.336824088833,-0.173648177667,0.999999932409,-0.000367671287781,0,0.735484407715,0.288914978737,-0.117745981374,0.7343583899137578,0.29234651655291277,-0.1160105255359613
13.783333333333333,-54.705883365323245,-9.458468765930746,2.025026717117858,0.7294733351624769,0.307801487155904,-0.10600090708400674,0.7999896008228772,-0.0040790409723057116,0.0,DEPTH_PROPOSAL_CERTIFIED,0.9547706619026861,0,32,0,0,36,FULL_MOTION_CERTIFICATE,0,0,0,22,0,0,0,0,0,,13.85,0.799999915123,-0.000368515423983,0,0.925416578398,0.336824088833,-0.173648177667,0.999999893903,-0.000460644279978,0,0.735851745223,0.28744106146,-0.119349963281,0.7347598226330523,0.2907527849818656,-0.11774598137351762
13.8,-54.69371699418298,-9.45336616877422,2.023241308661113,0.7299822684161025,0.3061558293915241,-0.1071245074046821,0.799981666104706,0.005416077578724256,0.0,DEPTH_PROPOSAL_CERTIFIED,0.9606563306115561,0,32,0,0,36,FULL_MOTION_CERTIFICATE,0,0,0,22,0,0,0,0,0,,13.866666666,0.799999777434,-0.000596746169648,0,0.925416578398,0.336824088833,-0.173648177667,0.999999721792,-0.00074593271206,0,0.73619125411,0.286078804666,-0.120832431317,0.736191254110334,0.28607880466608987,-0.1208324313169208
13.816666666666666,-54.68154368934469,-9.448286598691563,2.021438592219631,0.7303982902972458,0.3047742049594695,-0.10816298648894256,0.799981666104706,0.005416077578724256,0.0,DEPTH_PROPOSAL_CERTIFIED,0.9665772574124578,0,32,0,0,36,FULL_MOTION_CERTIFICATE,0,0,0,22,0,0,0,0,0,,13.866666666,0.799999777434,-0.000596746169648,0,0.925416578398,0.336824088833,-0.173648177667,0.999999721792,-0.00074593271206,0,0.73619125411,0.286078804666,-0.120832431317,0.7354737572471947,0.28791838688840277,-0.1208324313169208
13.833333333333334,-54.66936357591784,-9.443229899928687,2.0196181490044545,0.7308068056110559,0.30340192577258446,-0.10922659291058895,0.7999954996592142,0.002683379399978599,0.0,DEPTH_PROPOSAL_CERTIFIED,0.972533120567288,0,32,0,0,37,FULL_MOTION_CERTIFICATE,0,0,0,22,0,0,0,0,0,,13.9,0.799999998265,-5.26933335485e-05,0,0.999999997831,-6.58666669357e-05,0,0.999999997831,-6.58666669357e-05,0,0.737139499664,0.282111393021,-0.122814807955,0.7357906924395388,0.2866601196925881,-0.12220259125467428
13.85,-54.65717426181916,-9.438205326106932,2.0177807459527015,0.7313588459212713,0.3014744293053424,-0.1102441831051742,0.799976685895666,-0.006107538242792438,0.0,DEPTH_PROPOSAL_CERTIFIED,0.9785195084638338,0,32,0,0,37,FULL_MOTION_CERTIFICATE,0,0,0,22,0,0,0,0,0,,13.916666666,0.799999937812,0.000315436909824,0,0.999999922265,0.00039429613728,0,0.999999922265,0.00039429613728,0,0.738093737706,0.277958972405,-0.122658783479,0.7380937377058996,0.27795897240498824,-0.12265878347911506
13.866666666666667,-54.644977324376356,-9.433208114776463,2.0159276679004763,0.7318162465679182,0.29983267982810413,-0.1111846831335031,0.7999992305982225,-0.0011095234346033681,0.0,DEPTH_PROPOSAL_CERTIFIED,0.9845393499924397,0,32,0,0,37,FULL_MOTION_CERTIFICATE,0,0,0,22,0,0,0,0,0,,13.933333333,0.799999969489,0.000220948743444,0,0.999999961861,0.000276185929305,0,0.999999961861,0.000276185929305,0,0.739366260306,0.272367624411,-0.121724323579,0.7373965344570094,0.27980333620579806,-0.12265878347911506
13.883333333333333,-54.632768847703616,-9.428254450755073,2.01406345941633,0.7325086003642597,0.297219841283394,-0.11185250904877711,0.7999744520325582,0.006393441577765705,0.0,DEPTH_PROPOSAL_CERTIFIED,0.9905865774824407,0,32,0,0,37,FULL_MOTION_CERTIFICATE,0,0,0,22,0,0,0,0,0,,13.95,0.799999993987,9.80868955053e-05,0,0.999999992484,0.000122608619382,0,0.999999992484,0.000122608619382,0,0.74095531668,0.265343211038,-0.119999985215,0.7409553166796257,0.2653432110379289,-0.11999998521512056
13.9,-54.62055054648101,-9.423338697179492,2.012188963714802,0.7330980733562756,0.29494521453487577,-0.11246974209168195,0.7999998190886018,-0.0005380132009833244,0.0,DEPTH_PROPOSAL_CERTIFIED,0.9966640298006118,0,32,0,0,37,FULL_MOTION_CERTIFICATE,0,0,0,22,0,0,0,0,0,,13.966666666,0.799999930007,0.000334646400276,0,0.999999912509,0.000418308000345,0,0.999999912509,0.000418308000345,0,0.742859311968,0.256893502421,-0.117471207385,0.74028964385887,0.2671947682029548,-0.11999998521512056
13.916666666666666,-54.60832073429365,-9.418468644826842,2.0103081530318425,0.7337887312419317,0.29220314115909773,-0.11284864097757617,0.7999998190886018,-0.0005380132009833244,0.0,DEPTH_PROPOSAL_CERTIFIED,1.0027692374157233,0,32,0,0,37,FULL_MOTION_CERTIFICATE,0,0,0,22,0,0,0,0,0,,13.966666666,0.799999930007,0.000334646400276,0,0.999999912509,0.000418308000345,0,0.999999912509,0.000418308000345,0,0.742859311968,0.256893502421,-0.117471207385,0.7422147574469355,0.2587498459746039,-0.11747120738548603
13.933333333333334,-54.596073480613796,-9.41366986116667,2.0084310311273197,0.7348352207911523,0.2879270196103631,-0.112627314271353,0.7999755480038943,-0.006254805821857597,0.0,DEPTH_PROPOSAL_CERTIFIED,1.0088934381268815,0,32,0,0,39,FULL_MOTION_CERTIFICATE,0,0,0,22,0,0,0,0,0,,14,0.799999875051,0.000447122661835,0,0.999999843814,0.000558903327294,0,0.999999843814,0.000558903327294,0,0.747602393292,0.235758336716,-0.109927128455,0.7476023932916435,0.23575833671580326,-0.10992712845543051
13.95,-54.58381085390236,-9.408934588132258,2.0065573185483223,0.7357576026863335,0.28411638206470957,-0.11242275473984373,0.7999971114115491,0.002149821661821464,0.0,DEPTH_PROPOSAL_CERTIFIED,1.0150394108585041,0,32,0,0,39,FULL_MOTION_CERTIFICATE,0,0,0,23,0,0,0,0,0,,14.016666666,0.799999990436,0.000123703427508,0,0.999999988045,0.000154629284384,0,0.999999988045,0.000154629284384,0,0.750433014619,0.223101216373,-0.104861826623,0.7470106618075456,0.23762660400773333,-0.10992712845543051
13.966666666666667,-54.57153040482429,-9.404273986540144,2.0046931525957348,0.7368269446841398,0.27963609552679586,-0.11184995715524841,0.7999796875404457,0.005700835262570837,0.0,DEPTH_PROPOSAL_CERTIFIED,1.0212033071899387,0,32,0,0,40,FULL_MOTION_CERTIFICATE,0,0,0,23,0,0,0,0,0,,14.033333333,0.799999999506,2.81098578034e-05,0,0.999999999383,3.51373222543e-05,0,0.999999999383,3.51373222543e-05,0,0.753559391268,0.209086861665,-0.0988755338082,0.7498729170573758,0.22497659976425163,-0.104861826623186
13.983333333333333,-54.559229491888765,-9.399700084431291,2.002845368490808,0.7380547761312811,0.27443412653117927,-0.1108670462956262,0.7999918148349933,-0.003618866813501646,0.0,DEPTH_PROPOSAL_CERTIFIED,1.0273808638232322,0,32,0,0,40,FULL_MOTION_CERTIFICATE,0,0,0,23,0,0,0,0,0,,14.05,0.799999960807,0.000250417383902,0,0.999999951009,0.000313021729878,0,0.999999951009,0.000313021729878,0,0.756959790639,0.193809145217,-0.0918372872581,0.7530343197864062,0.21097010478465264,-0.09887553380823443
14.0,-54.54690532374283,-9.395225592915194,2.001021611859413,0.7394500887563764,0.26846949096585926,-0.1094253978836891,0.7999857893863114,-0.004768309968981458,0.0,DEPTH_PROPOSAL_CERTIFIED,1.0335675130562043,0,32,0,0,40,FULL_MOTION_CERTIFICATE,0,0,0,23,0,0,0,0,0,,14.066666666,0.79999997652,0.000193823924291,0,0.99999997065,0.000242279905364,0,0.99999997065,0.000242279905364,0,0.760220410651,0.179141318433,-0.0848799172895,0.7564729027825385,0.19570093706895925,-0.09183728725805747
14.016666666666667,-54.53455549891333,-9.390861490519427,1.9992288469964452,0.7409894897698297,0.2618461437459829,-0.10756589177807088,0.7999857893863114,-0.004768309968981458,0.0,DEPTH_PROPOSAL_CERTIFIED,1.039587213411374,0,32,0,0,40,FULL_MOTION_CERTIFICATE,0,0,0,23,0,0,0,0,0,,14.066666666,0.79999997652,0.000193823924291,0,0.99999997065,0.000242279905364,0,0.99999997065,0.000242279905364,0,0.760220410651,0.179141318433,-0.0848799172895,0.7597701821339586,0.1810413076634962,-0.08487991728952975
14.033333333333333,-54.5221781131844,-9.386616548535104,1.9974728451023935,0.7426431437353601,0.25469651905945667,-0.10536011364310847,0.799985312862783,0.004847597738603605,0.0,DEPTH_PROPOSAL_CERTIFIED,1.0453544649430757,0,32,0,0,40,FULL_MOTION_CERTIFICATE,0,0,0,23,0,0,0,0,0,,14.1,0.799999852586,-0.000485656166005,0,0.999999815733,-0.000607070207506,0,0.999999815733,-0.000607070207506,0,0.766019306354,0.152984047998,-0.0725064672174,0.7628177221148318,0.1674710978838308,-0.0784496203965655
14.05,-54.50976796173922,-9.382514709267552,1.9957652605825704,0.7446090867109953,0.2461103560531139,-0.10245507118938345,0.7999922597168392,0.0035191466501635067,0.0,DEPTH_PROPOSAL_CERTIFIED,1.0510781076500593,0,32,0,0,40,FULL_MOTION_CERTIFICATE,0,0,0,23,0,0,0,0,0,,14.116666666,0.799999865218,-0.000464382354452,0,0.999999831523,-0.000580477943065,0,0.999999831523,-0.000580477943065,0,0.768593591014,0.141359167376,-0.0670135532539,0.7685935910137436,0.14135916737573792,-0.06701355325394007
14.066666666666666,-54.49732797607068,-9.378542706046021,1.99410242545408,0.7463991401124127,0.23832019329186022,-0.09977010770942576,0.799979303845338,-0.005754426046836778,0.0,DEPTH_PROPOSAL_CERTIFIED,1.05676242945293,0,32,0,0,40,FULL_MOTION_CERTIFICATE,0,0,0,23,0,0,0,0,0,,14.133333333,0.799999959425,-0.000254795340582,0,0.999999949281,-0.000318494175727,0,0.999999949281,-0.000318494175727,0,0.770972861395,0.130630836652,-0.061936768815,0.7682377916097058,0.14328020760455923,-0.06701355325394007
14.083333333333334,-54.48485737836269,-9.374704241125897,1.9924873596928805,0.7482358624792831,0.23030789520739728,-0.09690394567196796,0.7999974084456998,-0.0020362907857630302,0.0,DEPTH_PROPOSAL_CERTIFIED,1.0624073575591595,0,32,0,0,40,FULL_MOTION_CERTIFICATE,0,0,0,23,0,0,0,0,0,,14.15,0.799999900202,-0.000399595892044,0,0.999999875252,-0.000499494865054,0,0.999999875252,-0.000499494865054,0,0.773171879531,0.120704288534,-0.0572445892655,0.7706438753550999,0.13255785857695457,-0.06193676881498468
14.1,-54.47235272960033,-9.371015764718512,1.9909278445220107,0.7502789257415972,0.22130858444309817,-0.09357091025219326,0.799975357359414,0.006279141476171691,0.0,DEPTH_PROPOSAL_CERTIFIED,1.0680093330453173,0,32,0,0,40,FULL_MOTION_CERTIFICATE,0,0,0,23,0,0,0,0,0,,14.166666666,0.799999798349,-0.000568015797147,0,0.999999747936,-0.000710019746434,0,0.999999747936,-0.000710019746434,0,0.775204297542,0.111516993119,-0.0529078781309,0.7752042975418307,0.11151699311864227,-0.052907878130939466
14.116666666666667,-54.459816964478,-9.367463467517048,1.989419671563415,0.7521459073397546,0.21313783208781112,-0.09049037751573448,0.799975357359414,0.006279141476171691,0.0,DEPTH_PROPOSAL_CERTIFIED,1.0735726449083498,0,32,0,0,40,FULL_MOTION_CERTIFICATE,0,0,0,23,0,0,0,0,0,,14.166666666,0.799999798349,-0.000568015797147,0,0.999999747936,-0.000710019746434,0,0.999999747936,-0.000710019746434,0,0.775204297542,0.111516993119,-0.0529078781309,0.7749230828372747,0.11345465335331426,-0.052907878130939466
14.133333333333333,-54.447247521323575,-9.364060021500388,1.9879686895079332,0.7541665892656898,0.20420676099964755,-0.08705892332891486,0.7999998906873557,0.00041821073519289427,0.0,DEPTH_PROPOSAL_CERTIFIED,1.0790944386211927,0,32,0,0,40,FULL_MOTION_CERTIFICATE,0,0,0,23,0,0,0,0,0,,14.2,0.799999988164,0.000137614819544,0,0.999999985205,0.00017201852443,0,0.999999985205,0.00017201852443,0,0.778818908762,0.095247693724,-0.0451951822497,0.7788189087621001,0.0952476937240454,-0.04519518224971296
14.15,-54.43464725523139,-9.36079169204898,1.9865705657113895,0.7560159655310171,0.1960997670844382,-0.08388742779261153,0.7999745042353332,-0.006386906405531196,0.0,DEPTH_PROPOSAL_CERTIFIED,1.0845789365284244,0,32,0,0,40,FULL_MOTION_CERTIFICATE,0,0,0,23,0,0,0,0,0,,14.216666666,0.799999881507,0.000435418808941,0,0.999999851883,0.000544273511176,0,0.999999851883,0.000544273511176,0,0.780423527845,0.0880649459117,-0.0417713049435,0.7785783559680087,0.09719444131888916,-0.04519518224971296
14.166666666666666,-54.42201645257184,-9.357657307092003,1.9852256188376354,0.7578481595731765,0.1880630974186611,-0.08069681242525538,0.7999990580593556,0.0012276417001259293,0.0,DEPTH_PROPOSAL_CERTIFIED,1.0900268914738387,0,32,0,0,40,FULL_MOTION_CERTIFICATE,0,0,0,23,0,0,0,0,0,,14.233333333,0.799999951466,0.000278666326231,0,0.999999939332,0.000348332907789,0,0.999999939332,0.000348332907789,0,0.78190659027,0.0814144700525,-0.0386068120815,0.7802009268875226,0.09001572749617462,-0.04177130494350798
14.183333333333334,-54.40935354241094,-9.354665345004744,1.9839375087806654,0.7597746096536939,0.1795177252355445,-0.07728660341818677,0.799976967310267,0.006070566124173199,0.0,DEPTH_PROPOSAL_CERTIFIED,1.095436222533937,0,32,0,0,40,FULL_MOTION_CERTIFICATE,0,0,0,23,0,0,0,0,0,,14.25,0.799999966735,0.000230703722815,0,0.999999958419,0.000288379653519,0,0.999999958419,0.000288379653519,0,0.783277300636,0.0752641846015,-0.035682053532,0.7832773006360046,0.07526418460152765,-0.035682053531952085
14.2,-54.39666119780184,-9.35180254400918,1.9827019297210269,0.7615406765458542,0.1717680597338279,-0.07413474357832069,0.7999951280513588,-0.002791969571867994,0.0,DEPTH_PROPOSAL_CERTIFIED,1.0985992585629911,0,32,0,0,40,FULL_MOTION_CERTIFICATE,0,0,0,23,0,0,0,0,0,,14.266666666,0.799999849889,0.000490079178151,0,0.999999812361,0.000612598972689,0,0.999999812361,0.000612598972689,0,0.784544160377,0.0695994798718,-0.0329788677664,0.7830866926302116,0.07722214061287941,-0.035682053531952085
14.216666666666667,-54.38394003118061,-9.349066267557811,1.9815183151510496,0.7632699972741659,0.16417658708212826,-0.07101687419863312,0.7999951280513588,-0.002791969571867994,0.0,DEPTH_PROPOSAL_CERTIFIED,1.0955662398594535,0,32,0,0,40,FULL_MOTION_CERTIFICATE,0,0,0,23,0,0,0,0,0,,14.266666666,0.799999849889,0.000490079178151,0,0.999999812361,0.000612598972689,0,0.999999812361,0.000612598972689,0,0.784544160377,0.0695994798718,-0.0329788677664,0.7843677101595675,0.07156062073139796,-0.03297886776644678
14.233333333333333,-54.37119073111881,-9.346453537792325,1.980385882911319,0.7649580037078797,0.1567637859291415,-0.06794593438383253,0.7999821032250973,-0.0053511232045179834,0.0,DEPTH_PROPOSAL_CERTIFIED,1.0925615024274382,0,32,0,0,40,FULL_MOTION_CERTIFICATE,0,0,0,23,0,0,0,0,0,,14.3,0.799999936016,0.000319960157966,0,0.99999992002,0.000399950197457,0,0.99999992002,0.000399950197457,0,0.786797234852,0.0595117419329,-0.0281713421847,0.7855516821991896,0.06632761186269742,-0.030480468643263137
14.25,-54.35841404722721,-9.343961117671956,1.9793036711162844,0.766601033496062,0.14954520722215586,-0.06493270770208084,0.7999891272127689,0.0041708921530309575,0.0,DEPTH_PROPOSAL_CERTIFIED,1.0895813686040217,0,32,0,0,40,FULL_MOTION_CERTIFICATE,0,0,0,23,0,0,0,0,0,,14.316666666,0.799999997759,-5.98783399912e-05,0,0.999999997199,-7.4847924989e-05,0,0.999999997199,-7.4847924989e-05,0,0.787797444123,0.0549987405776,-0.0260371496803,0.7866459969118852,0.06147854699693586,-0.02817134218471219
14.266666666666667,-54.34561077690625,-9.341585587888654,1.9782705698743075,0.7681962192576498,0.14253178699815353,-0.061986074518614646,0.7999885704648255,0.00427634489313644,0.0,DEPTH_PROPOSAL_CERTIFIED,1.0866223615992323,0,32,0,0,40,FULL_MOTION_CERTIFICATE,0,0,0,23,0,0,0,0,0,,14.333333333,0.799999995927,-8.07303708282e-05,0,0.999999994908,-0.000100912963535,0,0.999999994908,-0.000100912963535,0,0.788721879884,0.050826053301,-0.0240646383015,0.7876574855490192,0.05696806026532944,-0.026037149680328973
14.283333333333333,-54.33278175389479,-9.33932335872389,1.9772853492336149,0.7697413806872728,0.13573374988582815,-0.05911323844155763,0.7999826230015601,-0.005272845109032923,0.0,DEPTH_PROPOSAL_CERTIFIED,1.0836812291441353,0,32,0,0,40,FULL_MOTION_CERTIFICATE,0,0,0,23,0,0,0,0,0,,14.35,0.799999990725,0.000121820151213,0,0.999999988406,0.000152275189016,0,0.999999988406,0.000152275189016,0,0.789576282238,0.0469848234401,-0.0222415596058,0.7885923501286741,0.052797697115453346,-0.024064638301459884
14.3,-54.31992783824168,-9.337170694123046,1.9763466837429673,0.7712349391864814,0.12915987605069285,-0.05631992943884834,0.7999946797575656,-0.0029175948296949927,0.0,DEPTH_PROPOSAL_CERTIFIED,1.0807549540892902,0,32,0,0,40,FULL_MOTION_CERTIFICATE,0,0,0,23,0,0,0,0,0,,14.366666666,0.799999999696,-2.2053108246e-05,0,0.99999999962,-2.75663853075e-05,0,0.99999999962,-2.75663853075e-05,0,0.790365957771,0.0434236965713,-0.0205565930364,0.7894563528768257,0.04895861526204648,-0.022241559605796806
14.316666666666666,-54.307049907450235,-9.335123787605966,1.9754531739801007,0.7726758474867805,0.12281439102477279,-0.05361058577199579,0.7999946797575656,-0.0029175948296949927,0.0,DEPTH_PROPOSAL_CERTIFIED,1.0778407295116827,0,32,0,0,40,FULL_MOTION_CERTIFICATE,0,0,0,24,0,0,0,0,0,,14.383333333,0.799999960286,-0.000252077480794,0,0.999999950357,-0.000315096850993,0,0.999999950357,-0.000315096850993,0,0.791095806461,0.0401149257436,-0.018999275351,0.7902549287504302,0.045399473708543414,-0.020556593036392682
14.333333333333334,-54.29414884888153,-9.333178802620685,1.9746033653667556,0.7740635141224823,0.11669909911687831,-0.05098851680070614,0.7999773143477777,0.00602466006650889,0.0,DEPTH_PROPOSAL_CERTIFIED,1.074935949610917,0,32,0,0,40,FULL_MOTION_CERTIFICATE,0,0,0,24,0,0,0,0,0,,14.4,0.799999829137,-0.000522858742715,0,0.999999786421,-0.000653573428394,0,0.999999786421,-0.000653573428394,0,0.791770353647,0.0370363056452,-0.0175599362804,0.7909930470780433,0.04209253784056971,-0.018999275350974155
14.35,-54.28122464600561,-9.331337979376682,1.973797444226479,0.7754521725547663,0.11044939464018452,-0.048355268416606936,0.7999988353173311,0.0013650974008989273,0.0,DEPTH_PROPOSAL_CERTIFIED,1.072034917835417,0,32,0,0,40,FULL_MOTION_CERTIFICATE,0,0,0,24,0,0,0,0,0,,14.416666666,0.799999917495,-0.000363330044092,0,0.999999896868,-0.000454162555115,0,0.999999896868,-0.000454162555115,0,0.792393805429,0.0342030000245,-0.0162296381306,0.7923938054286318,0.03420300002451565,-0.016229638130594675
14.366666666666667,-54.268279163269554,-9.32959092572744,1.9730320857507047,0.7767289641633666,0.1048232189545826,-0.045921508546454375,0.7999745878869924,-0.0063764202368344755,0.0,DEPTH_PROPOSAL_CERTIFIED,1.06913885547428,0,32,0,0,40,FULL_MOTION_CERTIFICATE,0,0,0,24,0,0,0,0,0,,14.433333333,0.799999979418,-0.000181470565199,0,0.999999974272,-0.000226838206499,0,0.999999974272,-0.000226838206499,0,0.792970030742,0.0315981158368,-0.0150001200658,0.7923058217882886,0.03618387559024289,-0.016229638130594675
14.383333333333333,-54.25531327700655,-9.327933825081795,1.972305769432103,0.7779531757801571,0.09942603873867539,-0.04357897911610249,0.7999999516792146,0.0002780526110452164,0.0,DEPTH_PROPOSAL_CERTIFIED,1.0662457600399637,0,32,0,0,40,FULL_MOTION_CERTIFICATE,0,0,0,24,0,0,0,0,0,,14.45,0.799999910989,-0.000377381762512,0,0.999999888737,-0.00047172720314,0,0.999999888737,-0.00047172720314,0,0.793502597438,0.0291757296066,-0.0138637473108,0.7928885575050032,0.03358044010460337,-0.015000120065807749
14.4,-54.24232785286133,-9.326362919696098,1.9716169723455785,0.7791254487131779,0.09425432314178255,-0.04132782519145993,0.7999751557753043,0.00630477138980471,0.0,DEPTH_PROPOSAL_CERTIFIED,1.0633538006472039,0,32,0,0,40,FULL_MOTION_CERTIFICATE,0,0,0,24,0,0,0,0,0,,14.466666666,0.799999865713,-0.000463528833936,0,0.999999832141,-0.00057941104242,0,0.999999832141,-0.00057941104242,0,0.793994814712,0.0269303313297,-0.0128134634656,0.7934271784960311,0.03115939285969327,-0.013863747310822131
14.416666666666666,-54.22932374240423,-9.324874513162674,1.9709641782410312,0.7802466274259332,0.08930439200540305,-0.039167646272838086,0.7999751557753043,0.00630477138980471,0.0,DEPTH_PROPOSAL_CERTIFIED,1.0604613164984535,0,32,0,0,40,FULL_MOTION_CERTIFICATE,0,0,0,24,0,0,0,0,0,,14.466666666,0.799999865713,-0.000463528833936,0,0.999999832141,-0.00057941104242,0,0.999999832141,-0.00057941104242,0,0.793994814712,0.0269303313297,-0.0128134634656,0.7939250077215493,0.028915232141569436,-0.012813463465649991
14.433333333333334,-54.216301167814734,-9.323469804993456,1.970347018072772,0.7813544753701029,0.0842824901530465,-0.03702961009554989,0.7999977372398311,-0.0019027378038504806,0.0,DEPTH_PROPOSAL_CERTIFIED,1.057563966775577,0,32,0,0,40,FULL_MOTION_CERTIFICATE,0,0,0,24,0,0,0,0,0,,14.5,0.799999940104,0.000309570722343,0,0.99999992513,0.000386963402929,0,0.99999992513,0.000386963402929,0,0.794870220289,0.0230152875543,-0.0109455687326,0.7948702202889733,0.023015287554299768,-0.010945568732635299
14.45,-54.20326160367625,-9.322139945436664,1.969762792300173,0.7823738483088738,0.07979157340753658,-0.035053546355935265,0.7999788696795227,-0.0058144704207085595,0.0,DEPTH_PROPOSAL_CERTIFIED,1.0546634558642929,0,32,0,0,40,FULL_MOTION_CERTIFICATE,0,0,0,24,0,0,0,0,0,,14.516666666,0.799999845414,0.000497330906087,0,0.999999806767,0.000621663632609,0,0.999999806767,0.000621663632609,0,0.795258828237,0.0213093818159,-0.0101163590133,0.7948101981618785,0.025002389112312173,-0.010945568732635299
14.466666666666667,-54.19020584102597,-9.320881416830861,1.969210052875229,0.7833457590169769,0.0755117163481531,-0.033164365496646996,0.799992770429549,0.003401067546387842,0.0,DEPTH_PROPOSAL_CERTIFIED,1.0517586305836817,0,32,0,0,40,FULL_MOTION_CERTIFICATE,0,0,0,24,0,0,0,0,0,,14.533333333,0.799999944042,0.000299219754821,0,0.999999930053,0.000374024693526,0,0.999999930053,0.000374024693526,0,0.795618003684,0.01971770284,-0.00934996816366,0.7952030696558342,0.023297460223677402,-0.010116359013331317
14.483333333333333,-54.177134648496704,-9.319690823871762,1.9686873821337862,0.7842715517561184,0.07143557754598281,-0.03136024448657234,0.7999847595205024,0.00493806995940302,0.0,DEPTH_PROPOSAL_CERTIFIED,1.0488484570576844,0,32,0,0,40,FULL_MOTION_CERTIFICATE,0,0,0,24,0,0,0,0,0,,14.55,0.79999993088,0.0003325525763,0,0.999999913601,0.000415690720375,0,0.999999913601,0.000415690720375,0,0.795949967873,0.018249130821,-0.008641637228,0.795566223173646,0.021706684159502387,-0.00934996816366022
14.5,-54.16404883826353,-9.318562360889405,1.9681933965025182,0.7851486139901052,0.0677077789413164,-0.029639137876074667,0.7999863486160672,-0.004673545541899843,0.0,DEPTH_PROPOSAL_CERTIFIED,1.04593354606788,0,32,0,0,40,FULL_MOTION_CERTIFICATE,0,0,0,24,0,0,0,0,0,,14.566666666,0.799999789641,0.000580150804128,0,0.999999737051,0.000725188505161,0,0.999999737051,0.000725188505161,0,0.79625677254,0.0169105717823,-0.00798696776722,0.7958487732447426,0.022228635964388566,-0.00864163722800419
14.516666666666667,-54.15094905909872,-9.317495522427437,1.9677267494698727,0.7859867498888186,0.06401030771807784,-0.027998821958737184,0.7999863486160672,-0.004673545541899843,0.0,DEPTH_PROPOSAL_CERTIFIED,1.0430114903683292,0,32,0,0,40,FULL_MOTION_CERTIFICATE,0,0,0,24,0,0,0,0,0,,14.566666666,0.799999789641,0.000580150804128,0,0.999999737051,0.000725188505161,0,0.999999737051,0.000725188505161,0,0.79625677254,0.0169105717823,-0.00798696776722,0.7962120078531213,0.018901158794569772,-0.007986967767220956
14.533333333333333,-54.137836007284804,-9.316487211612978,1.9672861339113676,0.7867831088349655,0.06049864886751293,-0.026436933510304222,0.7999912868516716,-0.003733759687834607,0.0,DEPTH_PROPOSAL_CERTIFIED,1.040081617219076,0,32,0,0,40,FULL_MOTION_CERTIFICATE,0,0,0,24,0,0,0,0,0,,14.6,0.799999985914,0.000150125980072,0,0.999999982392,0.000187657475091,0,0.999999982392,0.000187657475091,0,0.796802434302,0.0144897333869,-0.00682266000101,0.7964986879779586,0.01765641089061848,-0.007381894439420934
14.55,-54.12470999895238,-9.315538401380987,1.9668709364610324,0.7875604999454029,0.05692861391944842,-0.024911847020113495,0.799980149213817,0.00563567776218159,0.0,DEPTH_PROPOSAL_CERTIFIED,1.0371408442162722,0,32,0,0,40,FULL_MOTION_CERTIFICATE,0,0,0,24,0,0,0,0,0,,14.616666666,0.799999965346,-0.00023547220876,0,0.999999956682,-0.00029434026095,0,0.999999956682,-0.00029434026095,0,0.797044671493,0.0133741875531,-0.00630579183979,0.7970446714927384,0.013374187553063799,-0.006305791839787614
14.566666666666666,-54.11157206101725,-9.314642068243135,1.9664792315046118,0.7882762761082801,0.053779988271145295,-0.0235022973852404,0.7999967466997647,0.002281506036055059,0.0,DEPTH_PROPOSAL_CERTIFIED,1.034191277344188,0,32,0,0,40,FULL_MOTION_CERTIFICATE,0,0,0,24,0,0,0,0,0,,14.633333333,0.799999980019,-0.00017880187528,0,0.999999975023,-0.0002235023441,0,0.999999975023,-0.0002235023441,0,0.797268558507,0.0123474459092,-0.00582808032722,0.7970087452953832,0.015366755361844786,-0.006305791839787614
14.583333333333334,-54.098422811311465,-9.313795532342185,1.96610984247882,0.788954982347137,0.050792154056927205,-0.022163341547511452,0.7999757915304813,-0.006223581378919249,0.0,DEPTH_PROPOSAL_CERTIFIED,1.0312324755508482,0,32,0,0,40,FULL_MOTION_CERTIFICATE,0,0,0,24,0,0,0,0,0,,14.65,0.799999999669,-2.30230548471e-05,0,0.999999999586,-2.87788185589e-05,0,0.999999999586,-2.87788185589e-05,0,0.797475485872,0.0114102891507,-0.00538655908148,0.7972351984611914,0.014340576643468494,-0.005828080327219171
14.6,-54.08526284255805,-9.31299620378205,1.965761636259172,0.7895981252048457,0.04795971360803241,-0.02089237317887264,0.7999997129139612,-0.0006777444797322122,0.0,DEPTH_PROPOSAL_CERTIFIED,1.0282640877140303,0,32,0,0,40,FULL_MOTION_CERTIFICATE,0,0,0,24,0,0,0,0,0,,14.666666666,0.799999965488,-0.000234988257121,0,0.99999995686,-0.000293735321401,0,0.99999995686,-0.000293735321401,0,0.79766673432,0.0105280712006,-0.00497848644011,0.7974444680688919,0.013403940131513803,-0.0053865590814782035
14.616666666666667,-54.072092722546735,-9.312241619553419,1.965433523330861,0.7902072006788681,0.04527505371794735,-0.019686775698663544,0.7999997129139612,-0.0006777444797322122,0.0,DEPTH_PROPOSAL_CERTIFIED,1.0252858230222706,0,32,0,0,40,FULL_MOTION_CERTIFICATE,0,0,0,24,0,0,0,0,0,,14.666666666,0.799999965488,-0.000234988257121,0,0.99999995686,-0.000293735321401,0,0.99999995686,-0.000293735321401,0,0.79766673432,0.0105280712006,-0.00497848644011,0.7976379214619396,0.01252220305891133,-0.0049784864401133675
14.633333333333333,-54.05891275449277,-9.311532926525004,1.9651248978177258,0.7907980832376091,0.04252158170485629,-0.018517530788117825,0.7999744138028311,0.0063982232546940625,0.0,DEPTH_PROPOSAL_CERTIFIED,1.0222951737153974,0,32,0,0,40,FULL_MOTION_CERTIFICATE,0,0,0,24,0,0,0,0,0,,14.7,0.799999849737,-0.00049032667117,0,0.999999812172,-0.000612908338962,0,0.999999812172,-0.000612908338962,0,0.798006850454,0.00892922314514,-0.00425274287946,0.798006850454251,0.008929223145143217,-0.004252742879459207
14.65,-54.04572371579435,-9.31086412916757,1.9648342834004349,0.7913423219051792,0.04012784144610409,-0.017436865037461814,0.7999994106944723,-0.0009710244574754307,0.0,DEPTH_PROPOSAL_CERTIFIED,1.019294379542914,0,32,0,0,40,FULL_MOTION_CERTIFICATE,0,0,0,24,0,0,0,0,0,,14.716666666,0.799999971426,-0.000213818776747,0,0.999999964282,-0.000267273470933,0,0.999999964282,-0.000267273470933,0,0.798157844461,0.0082365684818,-0.00393056540148,0.7979820336495325,0.010924210289328828,-0.004252742879459207
14.666666666666666,-54.0325261007867,-9.31023307916641,1.9645607223917751,0.7918569004592942,0.037863000069516914,-0.016413660519584324,0.7999763758952757,-0.006148008576818553,0.0,DEPTH_PROPOSAL_CERTIFIED,1.0162833302996082,0,32,0,0,40,FULL_MOTION_CERTIFICATE,0,0,0,24,0,0,0,0,0,,14.733333333,0.799999995596,-8.39413781433e-05,0,0.999999994495,-0.000104926722679,0,0.999999994495,-0.000104926722679,0,0.798297401368,0.00760622681313,-0.00363279528935,0.7981347588194992,0.010231935275151705,-0.003930565401478185
14.683333333333334,-54.01932019097948,-9.3096409888826,1.9643036463288226,0.7923545884332687,0.03552541702862231,-0.015424563777153738,0.7999959189836594,0.0025553100575881633,0.0,DEPTH_PROPOSAL_CERTIFIED,1.0132598178407848,0,32,0,0,40,FULL_MOTION_CERTIFICATE,0,0,0,24,0,0,0,0,0,,14.75,0.799999941922,-0.000304835089849,0,0.999999927403,-0.000381043862311,0,0.999999927403,-0.000381043862311,0,0.798426381716,0.00700690392971,-0.0033575835195,0.7984263817157558,0.007006903929709651,-0.003357583519501246
14.7,-54.00610664003468,-9.309082386567377,1.9640618063520539,0.7928130566877964,0.03351613891343898,-0.01451039860611951,0.7999811653063248,0.005489549629500598,0.0,DEPTH_PROPOSAL_CERTIFIED,1.0102261121373912,0,32,0,0,40,FULL_MOTION_CERTIFICATE,0,0,0,24,0,0,0,0,0,,14.766666666,0.799999944787,-0.00029722048993,0,0.999999930984,-0.000371525612413,0,0.999999930984,-0.000371525612413,0,0.798545591035,0.00645356119278,-0.00310322114183,0.7984063693930352,0.009002945908200832,-0.003357583519501246
14.716666666666667,-53.992885874563356,-9.30855543354002,1.963834369377134,0.7932459282792328,0.031617181641470225,-0.013646218495188801,0.7999811653063248,0.005489549629500598,0.0,DEPTH_PROPOSAL_CERTIFIED,1.0044407023465869,0,32,0,0,40,FULL_MOTION_CERTIFICATE,0,0,0,24,0,0,0,0,0,,14.766666666,0.799999944787,-0.00029722048993,0,0.999999930984,-0.000371525612413,0,0.999999930984,-0.000371525612413,0,0.798545591035,0.00645356119278,-0.00310322114183,0.7985269616947552,0.008449902923452712,-0.003103221141834738
14.733333333333333,-53.97965830045677,-9.308058349738145,1.9636205411015435,0.7936544463950975,0.02982502811248556,-0.0128296965354312,0.7999901498448043,-0.0039699057026208765,0.0,DEPTH_PROPOSAL_CERTIFIED,0.9962818591312275,0,32,0,0,40,FULL_MOTION_CERTIFICATE,0,0,0,24,0,0,0,0,0,,14.8,0.799999878868,0.000440239950588,0,0.999999848585,0.000550299938235,0,0.999999848585,0.000550299938235,0,0.798757599696,0.00554565933501,-0.00265084615035,0.7986383674086481,0.007960755058871283,-0.002868128626387832
14.75,-53.96642430363168,-9.30758940039863,1.9634195649097725,0.7940398095049938,0.028136960370931795,-0.01205857150625805,0.7999875310298069,-0.004466564321018856,0.0,DEPTH_PROPOSAL_CERTIFIED,0.9881016467251507,0,32,0,0,40,FULL_MOTION_CERTIFICATE,0,0,0,24,0,0,0,0,0,,14.816666666,0.799999848147,0.000492915346565,0,0.999999810183,0.000616144183207,0,0.999999810183,0.000616144183207,0,0.798851709423,0.00516287571483,-0.00245002448032,0.7987412394457273,0.007542533923976968,-0.0026508461503461345
14.766666666666667,-53.95318425062436,-9.307146937136888,1.9632307207218223,0.7944031804392395,0.026547795704502903,-0.01133065127702047,0.7999836102159662,0.005120877447187366,0.0,DEPTH_PROPOSAL_CERTIFIED,0.9799011805173758,0,32,0,0,40,FULL_MOTION_CERTIFICATE,0,0,0,24,0,0,0,0,0,,14.833333333,0.799999951046,0.000279867795387,0,0.999999938808,0.000349834744234,0,0.999999938808,0.000349834744234,0,0.798938697427,0.00479295086505,-0.00226441656143,0.7988363058370374,0.007159986774071481,-0.002450024480322476
14.783333333333333,-53.9399384892358,-9.306729420232665,1.963053323799927,0.7947456833135281,0.0250510142534109,-0.010643815313718531,0.7999938103122086,0.0031469766688322037,0.0,DEPTH_PROPOSAL_CERTIFIED,0.9716815140027879,0,32,0,0,40,FULL_MOTION_CERTIFICATE,0,0,0,25,0,0,0,0,0,,14.85,0.799999904913,0.00039005009544,0,0.999999881141,0.000487562619299,0,0.999999881141,0.000487562619299,0,0.799019091935,0.00445939776978,-0.0020928698488,0.79892421837985,0.0067902805500873464,-0.0022644165614343725
14.8,-53.926687238323005,-9.30633827269319,1.962886923716674,0.7950750547676068,0.023468852368568226,-0.009984004995181064,0.7999780082803982,-0.005931801389725523,0.0,DEPTH_PROPOSAL_CERTIFIED,0.9634416826231265,0,32,0,0,40,FULL_MOTION_CERTIFICATE,0,0,0,25,0,0,0,0,0,,14.866666666,0.799999780332,0.000592848384132,0,0.999999725415,0.000741060480165,0,0.999999725415,0.000741060480165,0,0.799093386507,0.00416647737349,-0.00193431910902,0.7990933865073652,0.004166477373488631,-0.0019343191090243899
14.816666666666666,-53.91343093006376,-9.305968974467639,1.9627306873782266,0.7953784955548524,0.022157893532960878,-0.009374180306835896,0.7999780082803982,-0.005931801389725523,0.0,DEPTH_PROPOSAL_CERTIFIED,0.9551847731460508,0,32,0,0,40,FULL_MOTION_CERTIFICATE,0,0,0,25,0,0,0,0,0,,14.866666666,0.799999780332,0.000592848384132,0,0.999999725415,0.000741060480165,0,0.999999725415,0.000741060480165,0,0.799093386507,0.00416647737349,-0.00193431910902,0.7990804731592493,0.00616419573855026,-0.0019343191090243899
14.833333333333334,-53.90016985997684,-9.305620231002463,1.9625840298283237,0.7956642052153301,0.020924607910605634,-0.008799452994170448,0.7999983629669527,-0.0016184097737905391,0.0,DEPTH_PROPOSAL_CERTIFIED,0.9469116997193316,0,32,0,0,41,FULL_MOTION_CERTIFICATE,0,0,0,25,0,0,0,0,0,,14.9,0.799999999013,-3.97302482555e-05,0,0.999999998767,-4.96628103193e-05,0,0.999999998767,-4.96628103193e-05,0,0.7992255421,0.00358363519687,-0.00165234191485,0.7991498630731577,0.005878523317872475,-0.0017877797796523615
14.85,-53.886904219181446,-9.305293761807969,1.9624465544608605,0.7959384477237207,0.019588151669618522,-0.008248522047798799,0.7999748072811169,0.006348835762549957,0.0,DEPTH_PROPOSAL_CERTIFIED,0.9386213163022874,0,32,0,0,41,FULL_MOTION_CERTIFICATE,0,0,0,25,0,0,0,0,0,,14.916666666,0.799999909911,-0.000379660569988,0,0.999999887389,-0.000474575712485,0,0.999999887389,-0.000474575712485,0,0.799284206326,0.00328338552957,-0.00152716450206,0.7992842063260855,0.003283385529574745,-0.0015271645020642549
14.866666666666667,-53.87363436746132,-9.304985356461916,1.9623175656559548,0.7961911032074516,0.018504320763082734,-0.007739328294334036,0.7999999998057095,-1.763136219200904e-05,0.0,DEPTH_PROPOSAL_CERTIFIED,0.9303165288981199,0,32,0,0,41,FULL_MOTION_CERTIFICATE,0,0,0,25,0,0,0,0,0,,14.933333333,0.799999959986,-0.000253025567408,0,0.999999949983,-0.00031628195926,0,0.999999949983,-0.00031628195926,0,0.799338430089,0.00301547559263,-0.00141147021929,0.7992735001089684,0.005281583703346804,-0.0015271645020642549
14.883333333333333,-53.86036047856376,-9.30469681194257,1.962196701582917,0.7964333338536355,0.0173126711607896,-0.007251844382269733,0.7999748433249039,-0.006344292497632482,0.0,DEPTH_PROPOSAL_CERTIFIED,0.9219961401299552,0,32,0,0,41,FULL_MOTION_CERTIFICATE,0,0,0,25,0,0,0,0,0,,14.95,0.799999983027,-0.000164794797318,0,0.999999978783,-0.000205993496648,0,0.999999978783,-0.000205993496648,0,0.799388547737,0.00277454601281,-0.00130454065508,0.7993885477370789,0.002774546012812462,-0.0013045406550848682
14.9,-53.84708287024772,-9.304424100332984,1.9620833467317569,0.7966564989625541,0.01636269657512087,-0.006801291069604191,0.7999982932721341,0.0016525016407527048,0.0,DEPTH_PROPOSAL_CERTIFIED,0.9136629501155324,0,32,0,0,42,FULL_MOTION_CERTIFICATE,0,0,0,25,0,0,0,0,0,,14.966666666,0.799999891537,-0.00041658271701,0,0.999999864421,-0.000520728396262,0,0.999999864421,-0.000520728396262,0,0.799434861659,0.00253279384598,-0.00120571182153,0.7993791132913617,0.004773006629962995,-0.0013045406550848682
14.916666666666666,-53.83380176504723,-9.304166327265786,1.96197705700591,0.7968663120296927,0.015466384031800543,-0.006377383550810836,0.7999982932721341,0.0016525016407527048,0.0,DEPTH_PROPOSAL_CERTIFIED,0.9053176262181408,0,32,0,0,43,FULL_MOTION_CERTIFICATE,0,0,0,25,0,0,0,0,0,,14.983333333,0.799999863857,-0.00046672197542,0,0.999999829821,-0.000583402469275,0,0.999999829821,-0.000583402469275,0,0.799477664857,0.00230555779436,-0.00111437001504,0.7994260314487847,0.004531371003291873,-0.0012057118215315923
14.933333333333334,-53.82051737311621,-9.30392264781142,1.961877412499174,0.7970635158609413,0.014620767261941833,-0.005978670404161758,0.799978106997074,0.005918473230333142,0.0,DEPTH_PROPOSAL_CERTIFIED,0.8969608034245442,0,32,0,0,43,FULL_MOTION_CERTIFICATE,0,0,0,25,0,0,0,0,0,,15,0.799999903764,-0.000392400137992,0,0.999999879705,-0.00049050017249,0,0.999999879705,-0.00049050017249,0,0.799517228411,0.00210116703782,-0.00102994804252,0.7994694026021731,0.004304242669666114,-0.001114370015043272
14.95,-53.807229892850415,-9.30369225221539,1.9617840163792581,0.7972488159479328,0.01382373576184257,-0.00560376719494636,0.7999936891274388,-0.00317763375339972,0.0,DEPTH_PROPOSAL_CERTIFIED,0.8885930935371471,0,32,0,0,43,FULL_MOTION_CERTIFICATE,0,0,0,25,0,0,0,0,0,,15.016666666,0.799999999199,-3.57906224822e-05,0,0.999999998999,-4.47382781027e-05,0,0.999999998999,-4.47382781027e-05,0,0.799553801954,0.00193927631246,-0.000951921678782,0.7995094770092306,0.004099951460630968,-0.001029948042518221
14.966666666666667,-53.793939511525,-9.303474338416185,1.9616964938016608,0.797422879524939,0.01307482795222841,-0.00525135465584297,0.7999837458205086,-0.005099649300499744,0.0,DEPTH_PROPOSAL_CERTIFIED,0.8802151036401946,0,32,0,0,44,FULL_MOTION_CERTIFICATE,0,0,0,25,0,0,0,0,0,,15.033333333,0.799999999616,2.47835211259e-05,0,0.99999999952,3.09794014074e-05,0,0.99999999952,3.09794014074e-05,0,0.799587604808,0.00179423897688,-0.000879806398644,0.7995464551644131,0.003938152674936135,-0.0009519216787818348
14.983333333333333,-53.78064640577915,-9.303268143843816,1.9616144908557014,0.7975863447507444,0.012371674342184396,-0.004920176757570335,0.799987390009393,0.004491750879058254,0.0,DEPTH_PROPOSAL_CERTIFIED,0.8718274148783078,0,32,0,0,44,FULL_MOTION_CERTIFICATE,0,0,0,25,0,0,0,0,0,,15.05,0.799999977048,-0.000191632107842,0,0.99999997131,-0.000239540134802,0,0.99999997131,-0.000239540134802,0,0.79961884513,0.00164379419472,-0.000813154397414,0.7995806205055709,0.003793200299646915,-0.0008798063986439357
15.0,-53.76768658693338,-9.303067119015157,1.9615345439008833,0.7775891307462532,0.012061489719487716,-0.004796817289083189,0.0,0.0,0.0,DEPTH_PROPOSAL_CERTIFIED,0.8636519244844754,0,32,0,0,44,FULL_MOTION_CERTIFICATE,0,0,0,25,0,0,0,0,0,,15.066666666,0.799999994793,-9.12717846647e-05,0,0.999999993492,-0.000114089730831,0,0.999999993492,-0.000114089730831,0,0.799647720103,0.0015123498076,-0.000751551794013,-0.0,0.0,0.0
15.016666666666667,-53.75506005498768,-9.30287126393021,1.9614566529372068,0.7575919167417621,0.011751305096791035,-0.004673457820596043,0.0,0.0,0.0,ZERO_INTENT,0.8556884874204593,0,32,0,0,44,FULL_MOTION_CERTIFICATE,0,0,0,25,0,0,0,0,0,,15.066666666,0.799999994793,-9.12717846647e-05,0,0.999999993492,-0.000114089730831,0,0.999999993492,-0.000114089730831,0,0.799647720103,0.0015123498076,-0.000751551794013,-0.0,0.0,0.0
15.033333333333333,-53.74276680994206,-9.302680578588976,1.9613808179646717,0.737594702737273,0.011441120474094388,-0.00455009835210891,0.0,0.0,0.0,ZERO_INTENT,0.8479369624096065,0,32,0,0,44,FULL_MOTION_CERTIFICATE,0,0,0,25,0,0,0,0,0,,15.066666666,0.799999994793,-9.12717846647e-05,0,0.999999993492,-0.000114089730831,0,0.999999993492,-0.000114089730831,0,0.799647720103,0.0015123498076,-0.000751551794013,-0.0,0.0,0.0
15.05,-53.730806851796515,-9.302495062991452,1.961307038983278,0.7175974887327818,0.011130935851397707,-0.004426738883621765,0.0,0.0,0.0,ZERO_INTENT,0.8403972119343004,0,32,0,0,44,FULL_MOTION_CERTIFICATE,0,0,0,25,0,0,0,0,0,,15.066666666,0.799999994793,-9.12717846647e-05,0,0.999999993492,-0.000114089730831,0,0.999999993492,-0.000114089730831,0,0.799647720103,0.0015123498076,-0.000751551794013,-0.0,0.0,0.0
15.066666666666666,-53.71918018055104,-9.30231471713764,1.9612353159930258,0.6976002747282928,0.010820751228701062,-0.004303379415134632,0.0,0.0,0.0,ZERO_INTENT,0.8330691022336145,0,32,0,0,44,FULL_MOTION_CERTIFICATE,0,0,0,25,0,0,0,0,0,,15.066666666,0.799999994793,-9.12717846647e-05,0,0.999999993492,-0.000114089730831,0,0.999999993492,-0.000114089730831,0,0.799647720103,0.0015123498076,-0.000751551794013,-0.0,0.0,0.0
15.083333333333334,-53.70788679620564,-9.302139541027541,1.961165648993915,0.6776030607238016,0.010510566606004381,-0.004180019946647486,0.0,0.0,0.0,ZERO_INTENT,0.8259525033009458,0,32,0,0,44,FULL_MOTION_CERTIFICATE,0,0,0,25,0,0,0,0,0,,15.066666666,0.799999994793,-9.12717846647e-05,0,0.999999993492,-0.000114089730831,0,0.999999993492,-0.000114089730831,0,0.799647720103,0.0015123498076,-0.000751551794013,-0.0,0.0,0.0
15.1,-53.69692669876032,-9.301969534661152,1.9610980379859457,0.6576058467193125,0.010200381983307734,-0.0040566604781603535,0.0,0.0,0.0,ZERO_INTENT,0.8190472888817595,0,32,0,0,44,FULL_MOTION_CERTIFICATE,0,0,0,25,0,0,0,0,0,,15.066666666,0.799999994793,-9.12717846647e-05,0,0.999999993492,-0.000114089730831,0,0.999999993492,-0.000114089730831,0,0.799647720103,0.0015123498076,-0.000751551794013,-0.0,0.0,0.0
15.116666666666667,-53.686299888215075,-9.301804698038476,1.961032482969118,0.6376086327148214,0.009890197360611053,-0.003933301009673208,0.0,0.0,0.0,ZERO_INTENT,0.8123533364713547,0,32,0,0,44,FULL_MOTION_CERTIFICATE,0,0,0,25,0,0,0,0,0,,15.066666666,0.799999994793,-9.12717846647e-05,0,0.999999993492,-0.000114089730831,0,0.999999993492,-0.000114089730831,0,0.799647720103,0.0015123498076,-0.000751551794013,-0.0,0.0,0.0
15.133333333333333,-53.6760063645699,-9.301645031159511,1.9609689839434314,0.6176114187103323,0.009580012737914406,-0.003809941541186075,0.0,0.0,0.0,ZERO_INTENT,0.805870527312738,0,32,0,0,44,FULL_MOTION_CERTIFICATE,0,0,0,25,0,0,0,0,0,,15.066666666,0.799999994793,-9.12717846647e-05,0,0.999999993492,-0.000114089730831,0,0.999999993492,-0.000114089730831,0,0.799647720103,0.0015123498076,-0.000751551794013,-0.0,0.0,0.0
15.15,-53.6660461278248,-9.301490534024257,1.9609075409088865,0.5976142047058411,0.009269828115217725,-0.003686582072698929,0.0,0.0,0.0,ZERO_INTENT,0.7995987463945438,0,32,0,0,44,FULL_MOTION_CERTIFICATE,0,0,0,25,0,0,0,0,0,,15.066666666,0.799999994793,-9.12717846647e-05,0,0.999999993492,-0.000114089730831,0,0.999999993492,-0.000114089730831,0,0.799647720103,0.0015123498076,-0.000751551794013,-0.0,0.0,0.0
15.166666666666666,-53.65641917797978,-9.301341206632715,1.960848153865483,0.5776169907013521,0.00895964349252108,-0.003563222604211796,0.0,0.0,0.0,ZERO_INTENT,0.7935378824490029,0,32,0,0,44,FULL_MOTION_CERTIFICATE,0,0,0,25,0,0,0,0,0,,15.066666666,0.799999994793,-9.12717846647e-05,0,0.999999993492,-0.000114089730831,0,0.999999993492,-0.000114089730831,0,0.799647720103,0.0015123498076,-0.000751551794013,-0.0,0.0,0.0
15.183333333333334,-53.64712551503483,-9.301197048984886,1.960790822813221,0.5576197766968609,0.008649458869824399,-0.00343986313572465,0.0,0.0,0.0,ZERO_INTENT,0.787687827950017,0,32,0,0,44,FULL_MOTION_CERTIFICATE,0,0,0,25,0,0,0,0,0,,15.066666666,0.799999994793,-9.12717846647e-05,0,0.999999993492,-0.000114089730831,0,0.999999993492,-0.000114089730831,0,0.799647720103,0.0015123498076,-0.000751551794013,-0.0,0.0,0.0
15.2,-53.638165138989955,-9.301058061080766,1.9607355477521002,0.5376225626923719,0.008339274247127751,-0.003316503667237517,0.0,0.0,0.0,ZERO_INTENT,0.7820484791112767,0,32,0,0,44,FULL_MOTION_CERTIFICATE,0,0,0,25,0,0,0,0,0,,15.066666666,0.799999994793,-9.12717846647e-05,0,0.999999993492,-0.000114089730831,0,0.999999993492,-0.000114089730831,0,0.799647720103,0.0015123498076,-0.000751551794013,-0.0,0.0,0.0
15.216666666666667,-53.62953804984516,-9.30092424292036,1.9606823286821211,0.5176253486878807,0.00802908962443107,-0.003193144198750371,0.0,0.0,0.0,ZERO_INTENT,0.7766197358844122,0,32,0,0,44,FULL_MOTION_CERTIFICATE,0,0,0,25,0,0,0,0,0,,15.066666666,0.799999994793,-9.12717846647e-05,0,0.999999993492,-0.000114089730831,0,0.999999993492,-0.000114089730831,0,0.799647720103,0.0015123498076,-0.000751551794013,-0.0,0.0,0.0
15.233333333333333,-53.62124424760044,-9.300795594503665,1.9606311656032833,0.4976281346833917,0.007718905001734424,-0.003069784730263238,0.0,0.0,0.0,ZERO_INTENT,0.7714015019572649,0,32,0,0,44,FULL_MOTION_CERTIFICATE,0,0,0,25,0,0,0,0,0,,15.066666666,0.799999994793,-9.12717846647e-05,0,0.999999993492,-0.000114089730831,0,0.999999993492,-0.000114089730831,0,0.799647720103,0.0015123498076,-0.000751551794013,-0.0,0.0,0.0
15.25,-53.61328373225579,-9.30067211583068,1.960582058515587,0.4776309206789005,0.0074087203790377445,-0.002946425261776092,0.0,0.0,0.0,ZERO_INTENT,0.7663936847522104,0,32,0,0,44,FULL_MOTION_CERTIFICATE,0,0,0,25,0,0,0,0,0,,15.066666666,0.799999994793,-9.12717846647e-05,0,0.999999993492,-0.000114089730831,0,0.999999993492,-0.000114089730831,0,0.799647720103,0.0015123498076,-0.000751551794013,-0.0,0.0,0.0
15.266666666666667,-53.60565650381121,-9.300553806901409,1.9605350074190322,0.4576337066744094,0.007098535756341065,-0.002823065793288946,0.0,0.0,0.0,ZERO_INTENT,0.7615961954244934,0,32,0,0,44,FULL_MOTION_CERTIFICATE,0,0,0,25,0,0,0,0,0,,15.066666666,0.799999994793,-9.12717846647e-05,0,0.999999993492,-0.000114089730831,0,0.999999993492,-0.000114089730831,0,0.799647720103,0.0015123498076,-0.000751551794013,-0.0,0.0,0.0
15.283333333333333,-53.598362562266715,-9.300440667715847,1.9604900123136189,0.4376364926699204,0.006788351133644418,-0.002699706324801813,0.0,0.0,0.0,ZERO_INTENT,0.7573226260694346,0,32,0,0,44,FULL_MOTION_CERTIFICATE,0,0,0,25,0,0,0,0,0,,15.066666666,0.799999994793,-9.12717846647e-05,0,0.999999993492,-0.000114089730831,0,0.999999993492,-0.000114089730831,0,0.799647720103,0.0015123498076,-0.000751551794013,-0.0,0.0,0.0
15.3,-53.59140190762229,-9.300332698273998,1.9604470731993469,0.41763927866542927,0.006478166510947739,-0.002576346856314667,0.0,0.0,0.0,ZERO_INTENT,0.7542789614832384,0,32,0,0,44,FULL_MOTION_CERTIFICATE,0,0,0,25,0,0,0,0,0,,15.066666666,0.799999994793,-9.12717846647e-05,0,0.999999993492,-0.000114089730831,0,0.999999993492,-0.000114089730831,0,0.799647720103,0.0015123498076,-0.000751551794013,-0.0,0.0,0.0
15.316666666666666,-53.58477453987794,-9.30022989857586,1.9604061900762164,0.39764206466094026,0.006167981888251092,-0.002452987387827534,0.0,0.0,0.0,ZERO_INTENT,0.7513815293033668,0,32,0,0,44,FULL_MOTION_CERTIFICATE,0,0,0,25,0,0,0,0,0,,15.066666666,0.799999994793,-9.12717846647e-05,0,0.999999993492,-0.000114089730831,0,0.999999993492,-0.000114089730831,0,0.799647720103,0.0015123498076,-0.000751551794013,-0.0,0.0,0.0
15.333333333333334,-53.57848045903366,-9.300132268621434,1.9603673629442273,0.37764485065644915,0.005857797265554412,-0.0023296279193403885,0.0,0.0,0.0,ZERO_INTENT,0.7486302563396436,0,32,0,0,44,FULL_MOTION_CERTIFICATE,0,0,0,25,0,0,0,0,0,,15.066666666,0.799999994793,-9.12717846647e-05,0,0.999999993492,-0.000114089730831,0,0.999999993492,-0.000114089730831,0,0.799647720103,0.0015123498076,-0.000751551794013,-0.0,0.0,0.0
15.35,-53.572519665089466,-9.30003980841072,1.9603305918033798,0.35764763665196014,0.005547612642857766,-0.0022062684508532557,0.0,0.0,0.0,ZERO_INTENT,0.7460250730929823,0,32,0,0,44,FULL_MOTION_CERTIFICATE,0,0,0,25,0,0,0,0,0,,15.066666666,0.799999994793,-9.12717846647e-05,0,0.999999993492,-0.000114089730831,0,0.999999993492,-0.000114089730831,0,0.799647720103,0.0015123498076,-0.000751551794013,-0.0,0.0,0.0
15.366666666666667,-53.56689215804534,-9.299952517943717,1.9602958766536736,0.33765042264746903,0.005237428020161086,-0.00208290898236611,0.0,0.0,0.0,ZERO_INTENT,0.7435659137538038,0,32,0,0,44,FULL_MOTION_CERTIFICATE,0,0,0,25,0,0,0,0,0,,15.066666666,0.799999994793,-9.12717846647e-05,0,0.999999993492,-0.000114089730831,0,0.999999993492,-0.000114089730831,0,0.799647720103,0.0015123498076,-0.000751551794013,-0.0,0.0,0.0
15.383333333333333,-53.56159793790129,-9.299870397220426,1.960263217495109,0.31765320864298,0.004927243397464439,-0.0019595495138789772,0.0,0.0,0.0,ZERO_INTENT,0.7412527162005023,0,32,0,0,44,FULL_MOTION_CERTIFICATE,0,0,0,25,0,0,0,0,0,,15.066666666,0.799999994793,-9.12717846647e-05,0,0.999999993492,-0.000114089730831,0,0.999999993492,-0.000114089730831,0,0.799647720103,0.0015123498076,-0.000751551794013,-0.0,0.0,0.0
15.4,-53.55663700465732,-9.299793446240846,1.9602326143276858,0.29765599463848885,0.00461705877476776,-0.0018361900453918313,0.0,0.0,0.0,ZERO_INTENT,0.7390854219980063,0,32,0,0,44,FULL_MOTION_CERTIFICATE,0,0,0,25,0,0,0,0,0,,15.066666666,0.799999994793,-9.12717846647e-05,0,0.999999993492,-0.000114089730831,0,0.999999993492,-0.000114089730831,0,0.799647720103,0.0015123498076,-0.000751551794013,-0.0,0.0,0.0
15.416666666666666,-53.55200935831342,-9.299721665004979,1.960204067151404,0.27765878063399985,0.004306874152071113,-0.0017128305769046985,0.0,0.0,0.0,ZERO_INTENT,0.7370639763964184,0,32,0,0,44,FULL_MOTION_CERTIFICATE,0,0,0,25,0,0,0,0,0,,15.066666666,0.799999994793,-9.12717846647e-05,0,0.999999993492,-0.000114089730831,0,0.999999993492,-0.000114089730831,0,0.799647720103,0.0015123498076,-0.000751551794013,-0.0,0.0,0.0
15.433333333333334,-53.547714998869594,-9.299655053512822,1.9601775759662639,0.2576615666295087,0.0039966895293744335,-0.0015894711084175526,0.0,0.0,0.0,ZERO_INTENT,0.7351883283297413,0,32,0,0,44,FULL_MOTION_CERTIFICATE,0,0,0,25,0,0,0,0,0,,15.066666666,0.799999994793,-9.12717846647e-05,0,0.999999993492,-0.000114089730831,0,0.999999993492,-0.000114089730831,0,0.799647720103,0.0015123498076,-0.000751551794013,-0.0,0.0,0.0
15.45,-53.54375392632584,-9.299593611764378,1.960153140772265,0.23766435262501967,0.003686504906677787,-0.0014661116399304196,0.0,0.0,0.0,ZERO_INTENT,0.7334584304146958,0,32,0,0,44,FULL_MOTION_CERTIFICATE,0,0,0,25,0,0,0,0,0,,15.066666666,0.799999994793,-9.12717846647e-05,0,0.999999993492,-0.000114089730831,0,0.999999993492,-0.000114089730831,0,0.799647720103,0.0015123498076,-0.000751551794013,-0.0,0.0,0.0
15.466666666666667,-53.54012614068217,-9.299537339759645,1.9601307615694077,0.21766713862052853,0.0033763202839811072,-0.0013427521714432736,0.0,0.0,0.0,ZERO_INTENT,0.7318742389496355,0,32,0,0,44,FULL_MOTION_CERTIFICATE,0,0,0,25,0,0,0,0,0,,15.066666666,0.799999994793,-9.12717846647e-05,0,0.999999993492,-0.000114089730831,0,0.999999993492,-0.000114089730831,0,0.799647720103,0.0015123498076,-0.000751551794013,-0.0,0.0,0.0
15.483333333333333,-53.53683164193857,-9.299486237498623,1.9601104383576917,0.19766992461603952,0.0030661356612844606,-0.001219392702956141,0.0,0.0,0.0,ZERO_INTENT,0.7304357139135136,0,32,0,0,44,FULL_MOTION_CERTIFICATE,0,0,0,25,0,0,0,0,0,,15.066666666,0.799999994793,-9.12717846647e-05,0,0.999999993492,-0.000114089730831,0,0.999999993492,-0.000114089730831,0,0.799647720103,0.0015123498076,-0.000751551794013,-0.0,0.0,0.0
15.5,-53.53387043009504,-9.299440304981314,1.9600921711371173,0.17767271061154838,0.002755951038587781,-0.001096033234468995,0.0,0.0,0.0,ZERO_INTENT,0.7291428189649585,0,32,0,0,44,FULL_MOTION_CERTIFICATE,0,0,0,25,0,0,0,0,0,,15.066666666,0.799999994793,-9.12717846647e-05,0,0.999999993492,-0.000114089730831,0,0.999999993492,-0.000114089730831,0,0.799647720103,0.0015123498076,-0.000751551794013,-0.0,0.0,0.0
15.516666666666667,-53.53124250515159,-9.299399542207716,1.9600759599076842,0.15767549660705724,0.0024457664158911013,-0.000972673765981849,0.0,0.0,0.0,ZERO_INTENT,0.7279955214414393,0,32,0,0,44,FULL_MOTION_CERTIFICATE,0,0,0,25,0,0,0,0,0,,15.066666666,0.799999994793,-9.12717846647e-05,0,0.999999993492,-0.000114089730831,0,0.999999993492,-0.000114089730831,0,0.799647720103,0.0015123498076,-0.000751551794013,-0.0,0.0,0.0
15.533333333333333,-53.528947867108215,-9.29936394917783,1.9600618046693927,0.1376782826025682,0.0021355817931944547,-0.0008493142974947161,0.0,0.0,0.0,ZERO_INTENT,0.7269937923585055,0,32,0,0,44,FULL_MOTION_CERTIFICATE,0,0,0,25,0,0,0,0,0,,15.066666666,0.799999994793,-9.12717846647e-05,0,0.999999993492,-0.000114089730831,0,0.999999993492,-0.000114089730831,0,0.799647720103,0.0015123498076,-0.000751551794013,-0.0,0.0,0.0
15.55,-53.526986515964914,-9.299333525891655,1.9600497054222425,0.11768106859807706,0.001825397170497775,-0.0007259548290075701,0.0,0.0,0.0,ZERO_INTENT,0.7261376064090943,0,32,0,0,44,FULL_MOTION_CERTIFICATE,0,0,0,25,0,0,0,0,0,,15.066666666,0.799999994793,-9.12717846647e-05,0,0.999999993492,-0.000114089730831,0,0.999999993492,-0.000114089730831,0,0.799647720103,0.0015123498076,-0.000751551794013,-0.0,0.0,0.0
15.566666666666666,-53.52535845172169,-9.299308272349192,1.960039662166234,0.09768385459358804,0.0015152125478011284,-0.0006025953605204372,0.0,0.0,0.0,ZERO_INTENT,0.7254269419629671,0,32,0,0,44,FULL_MOTION_CERTIFICATE,0,0,0,25,0,0,0,0,0,,15.066666666,0.799999994793,-9.12717846647e-05,0,0.999999993492,-0.000114089730831,0,0.999999993492,-0.000114089730831,0,0.799647720103,0.0015123498076,-0.000751551794013,-0.0,0.0,0.0
15.583333333333334,-53.52406367437853,-9.29928818855044,1.9600316749013666,0.0776866405890969,0.0012050279251044486,-0.00047923589203329115,0.0,0.0,0.0,ZERO_INTENT,0.7248617810662061,0,32,0,0,44,FULL_MOTION_CERTIFICATE,0,0,0,25,0,0,0,0,0,,15.066666666,0.799999994793,-9.12717846647e-05,0,0.999999993492,-0.000114089730831,0,0.999999993492,-0.000114089730831,0,0.799647720103,0.0015123498076,-0.000751551794013,-0.0,0.0,0.0
15.6,-53.52310218393546,-9.2992732744954,1.960025743627641,0.05768942658460788,0.0008948433024078019,-0.0003558764235461583,0.0,0.0,0.0,ZERO_INTENT,0.7244421094407891,0,32,0,0,44,FULL_MOTION_CERTIFICATE,0,0,0,25,0,0,0,0,0,,15.066666666,0.799999994793,-9.12717846647e-05,0,0.999999993492,-0.000114089730831,0,0.999999993492,-0.000114089730831,0,0.799647720103,0.0015123498076,-0.000751551794013,-0.0,0.0,0.0
15.616666666666667,-53.522473980392455,-9.29926353018407,1.9600218683450565,0.037692212580116735,0.0005846586797111221,-0.00023251695505901226,0.0,0.0,0.0,ZERO_INTENT,0.7241679164842489,0,32,0,0,44,FULL_MOTION_CERTIFICATE,0,0,0,25,0,0,0,0,0,,15.066666666,0.799999994793,-9.12717846647e-05,0,0.999999993492,-0.000114089730831,0,0.999999993492,-0.000114089730831,0,0.799647720103,0.0015123498076,-0.000751551794013,-0.0,0.0,0.0
15.633333333333333,-53.522179063749526,-9.299258955616454,1.9600200490536137,0.01769499857562772,0.0002744740570144754,-0.00010915748657187941,0.0,0.0,0.0,ZERO_INTENT,0.7240391952694405,0,32,0,0,44,FULL_MOTION_CERTIFICATE,0,0,0,25,0,0,0,0,0,,15.066666666,0.799999994793,-9.12717846647e-05,0,0.999999993492,-0.000114089730831,0,0.999999993492,-0.000114089730831,0,0.799647720103,0.0015123498076,-0.000751551794013,-0.0,0.0,0.0
15.65,-53.522179063749526,-9.299258955616454,1.9600200490536137,0.0,0.0,0.0,0.0,0.0,0.0,ZERO_INTENT,0.7240391952694405,0,32,0,0,44,FULL_MOTION_CERTIFICATE,0,0,0,25,0,0,0,0,0,,15.066666666,0.799999994793,-9.12717846647e-05,0,0.999999993492,-0.000114089730831,0,0.999999993492,-0.000114089730831,0,0.799647720103,0.0015123498076,-0.000751551794013,-0.0,0.0,0.0
15.666666666666666,-53.522179063749526,-9.299258955616454,1.9600200490536137,0.0,0.0,0.0,0.0,0.0,0.0,ZERO_INTENT,0.7240391952694405,0,32,0,0,44,FULL_MOTION_CERTIFICATE,0,0,0,25,0,0,0,0,0,,15.066666666,0.799999994793,-9.12717846647e-05,0,0.999999993492,-0.000114089730831,0,0.999999993492,-0.000114089730831,0,0.799647720103,0.0015123498076,-0.000751551794013,-0.0,0.0,0.0
15.683333333333334,-53.522179063749526,-9.299258955616454,1.9600200490536137,0.0,0.0,0.0,0.0,0.0,0.0,ZERO_INTENT,0.7240391952694405,0,32,0,0,44,FULL_MOTION_CERTIFICATE,0,0,0,25,0,0,0,0,0,,15.066666666,0.799999994793,-9.12717846647e-05,0,0.999999993492,-0.000114089730831,0,0.999999993492,-0.000114089730831,0,0.799647720103,0.0015123498076,-0.000751551794013,-0.0,0.0,0.0
15.7,-53.522179063749526,-9.299258955616454,1.9600200490536137,0.0,0.0,0.0,0.0,0.0,0.0,ZERO_INTENT,0.7240391952694405,0,32,0,0,44,FULL_MOTION_CERTIFICATE,0,0,0,25,0,0,0,0,0,,15.066666666,0.799999994793,-9.12717846647e-05,0,0.999999993492,-0.000114089730831,0,0.999999993492,-0.000114089730831,0,0.799647720103,0.0015123498076,-0.000751551794013,-0.0,0.0,0.0
15.716666666666667,-53.522179063749526,-9.299258955616454,1.9600200490536137,0.0,0.0,0.0,0.0,0.0,0.0,ZERO_INTENT,0.7240391952694405,0,32,0,0,44,FULL_MOTION_CERTIFICATE,0,0,0,25,0,0,0,0,0,,15.066666666,0.799999994793,-9.12717846647e-05,0,0.999999993492,-0.000114089730831,0,0.999999993492,-0.000114089730831,0,0.799647720103,0.0015123498076,-0.000751551794013,-0.0,0.0,0.0
15.733333333333333,-53.522179063749526,-9.299258955616454,1.9600200490536137,0.0,0.0,0.0,0.0,0.0,0.0,ZERO_INTENT,0.7240391952694405,0,32,0,0,44,FULL_MOTION_CERTIFICATE,0,0,0,25,0,0,0,0,0,,15.066666666,0.799999994793,-9.12717846647e-05,0,0.999999993492,-0.000114089730831,0,0.999999993492,-0.000114089730831,0,0.799647720103,0.0015123498076,-0.000751551794013,-0.0,0.0,0.0
15.75,-53.522179063749526,-9.299258955616454,1.9600200490536137,0.0,0.0,0.0,0.0,0.0,0.0,ZERO_INTENT,0.7240391952694405,0,32,0,0,44,FULL_MOTION_CERTIFICATE,0,0,0,25,0,0,0,0,0,,15.066666666,0.799999994793,-9.12717846647e-05,0,0.999999993492,-0.000114089730831,0,0.999999993492,-0.000114089730831,0,0.799647720103,0.0015123498076,-0.000751551794013,-0.0,0.0,0.0
15.766666666666667,-53.522179063749526,-9.299258955616454,1.9600200490536137,0.0,0.0,0.0,0.0,0.0,0.0,ZERO_INTENT,0.7240391952694405,0,32,0,0,44,FULL_MOTION_CERTIFICATE,0,0,0,25,0,0,0,0,0,,15.066666666,0.799999994793,-9.12717846647e-05,0,0.999999993492,-0.000114089730831,0,0.999999993492,-0.000114089730831,0,0.799647720103,0.0015123498076,-0.000751551794013,-0.0,0.0,0.0
15.783333333333333,-53.522179063749526,-9.299258955616454,1.9600200490536137,0.0,0.0,0.0,0.0,0.0,0.0,ZERO_INTENT,0.7240391952694405,0,32,0,0,44,FULL_MOTION_CERTIFICATE,0,0,0,25,0,0,0,0,0,,15.066666666,0.799999994793,-9.12717846647e-05,0,0.999999993492,-0.000114089730831,0,0.999999993492,-0.000114089730831,0,0.799647720103,0.0015123498076,-0.000751551794013,-0.0,0.0,0.0
15.8,-53.522179063749526,-9.299258955616454,1.9600200490536137,0.0,0.0,0.0,0.0,0.0,0.0,ZERO_INTENT,0.7240391952694405,0,32,0,0,44,FULL_MOTION_CERTIFICATE,0,0,0,25,0,0,0,0,0,,15.066666666,0.799999994793,-9.12717846647e-05,0,0.999999993492,-0.000114089730831,0,0.999999993492,-0.000114089730831,0,0.799647720103,0.0015123498076,-0.000751551794013,-0.0,0.0,0.0
15.816666666666666,-53.522179063749526,-9.299258955616454,1.9600200490536137,0.0,0.0,0.0,0.0,0.0,0.0,ZERO_INTENT,0.7240391952694405,0,32,0,0,44,FULL_MOTION_CERTIFICATE,0,0,0,25,0,0,0,0,0,,15.066666666,0.799999994793,-9.12717846647e-05,0,0.999999993492,-0.000114089730831,0,0.999999993492,-0.000114089730831,0,0.799647720103,0.0015123498076,-0.000751551794013,-0.0,0.0,0.0
15.833333333333334,-53.522179063749526,-9.299258955616454,1.9600200490536137,0.0,0.0,0.0,0.0,0.0,0.0,ZERO_INTENT,0.7240391952694405,0,32,0,0,44,FULL_MOTION_CERTIFICATE,0,0,0,25,0,0,0,0,0,,15.066666666,0.799999994793,-9.12717846647e-05,0,0.999999993492,-0.000114089730831,0,0.999999993492,-0.000114089730831,0,0.799647720103,0.0015123498076,-0.000751551794013,-0.0,0.0,0.0
15.85,-53.522179063749526,-9.299258955616454,1.9600200490536137,0.0,0.0,0.0,0.0,0.0,0.0,ZERO_INTENT,0.7240391952694405,0,32,0,0,44,FULL_MOTION_CERTIFICATE,0,0,0,25,0,0,0,0,0,,15.066666666,0.799999994793,-9.12717846647e-05,0,0.999999993492,-0.000114089730831,0,0.999999993492,-0.000114089730831,0,0.799647720103,0.0015123498076,-0.000751551794013,-0.0,0.0,0.0
15.866666666666667,-53.522179063749526,-9.299258955616454,1.9600200490536137,0.0,0.0,0.0,0.0,0.0,0.0,ZERO_INTENT,0.7240391952694405,0,32,0,0,44,FULL_MOTION_CERTIFICATE,0,0,0,25,0,0,0,0,0,,15.066666666,0.799999994793,-9.12717846647e-05,0,0.999999993492,-0.000114089730831,0,0.999999993492,-0.000114089730831,0,0.799647720103,0.0015123498076,-0.000751551794013,-0.0,0.0,0.0
15.883333333333333,-53.522179063749526,-9.299258955616454,1.9600200490536137,0.0,0.0,0.0,0.0,0.0,0.0,ZERO_INTENT,0.7240391952694405,0,32,0,0,44,FULL_MOTION_CERTIFICATE,0,0,0,25,0,0,0,0,0,,15.066666666,0.799999994793,-9.12717846647e-05,0,0.999999993492,-0.000114089730831,0,0.999999993492,-0.000114089730831,0,0.799647720103,0.0015123498076,-0.000751551794013,-0.0,0.0,0.0
15.9,-53.522179063749526,-9.299258955616454,1.9600200490536137,0.0,0.0,0.0,0.0,0.0,0.0,ZERO_INTENT,0.7240391952694405,0,32,0,0,44,FULL_MOTION_CERTIFICATE,0,0,0,25,0,0,0,0,0,,15.066666666,0.799999994793,-9.12717846647e-05,0,0.999999993492,-0.000114089730831,0,0.999999993492,-0.000114089730831,0,0.799647720103,0.0015123498076,-0.000751551794013,-0.0,0.0,0.0
15.916666666666666,-53.522179063749526,-9.299258955616454,1.9600200490536137,0.0,0.0,0.0,0.0,0.0,0.0,ZERO_INTENT,0.7240391952694405,0,32,0,0,44,FULL_MOTION_CERTIFICATE,0,0,0,25,0,0,0,0,0,,15.066666666,0.799999994793,-9.12717846647e-05,0,0.999999993492,-0.000114089730831,0,0.999999993492,-0.000114089730831,0,0.799647720103,0.0015123498076,-0.000751551794013,-0.0,0.0,0.0
15.933333333333334,-53.522179063749526,-9.299258955616454,1.9600200490536137,0.0,0.0,0.0,0.0,0.0,0.0,ZERO_INTENT,0.7240391952694405,0,32,0,0,44,FULL_MOTION_CERTIFICATE,0,0,0,25,0,0,0,0,0,,15.066666666,0.799999994793,-9.12717846647e-05,0,0.999999993492,-0.000114089730831,0,0.999999993492,-0.000114089730831,0,0.799647720103,0.0015123498076,-0.000751551794013,-0.0,0.0,0.0
15.95,-53.522179063749526,-9.299258955616454,1.9600200490536137,0.0,0.0,0.0,0.0,0.0,0.0,ZERO_INTENT,0.7240391952694405,0,32,0,0,44,FULL_MOTION_CERTIFICATE,0,0,0,25,0,0,0,0,0,,15.066666666,0.799999994793,-9.12717846647e-05,0,0.999999993492,-0.000114089730831,0,0.999999993492,-0.000114089730831,0,0.799647720103,0.0015123498076,-0.000751551794013,-0.0,0.0,0.0
15.966666666666667,-53.522179063749526,-9.299258955616454,1.9600200490536137,0.0,0.0,0.0,0.0,0.0,0.0,ZERO_INTENT,0.7240391952694405,0,32,0,0,44,FULL_MOTION_CERTIFICATE,0,0,0,25,0,0,0,0,0,,15.066666666,0.799999994793,-9.12717846647e-05,0,0.999999993492,-0.000114089730831,0,0.999999993492,-0.000114089730831,0,0.799647720103,0.0015123498076,-0.000751551794013,-0.0,0.0,0.0
15.983333333333333,-53.522179063749526,-9.299258955616454,1.9600200490536137,0.0,0.0,0.0,0.0,0.0,0.0,ZERO_INTENT,0.7240391952694405,0,32,0,0,44,FULL_MOTION_CERTIFICATE,0,0,0,25,0,0,0,0,0,,15.066666666,0.799999994793,-9.12717846647e-05,0,0.999999993492,-0.000114089730831,0,0.999999993492,-0.000114089730831,0,0.799647720103,0.0015123498076,-0.000751551794013,-0.0,0.0,0.0
16.0,-53.522179063749526,-9.299258955616454,1.9600200490536137,0.0,0.0,0.0,0.0,0.0,0.0,ZERO_INTENT,0.7240391952694405,0,32,0,0,44,FULL_MOTION_CERTIFICATE,0,0,0,25,0,0,0,0,0,,15.066666666,0.799999994793,-9.12717846647e-05,0,0.999999993492,-0.000114089730831,0,0.999999993492,-0.000114089730831,0,0.799647720103,0.0015123498076,-0.000751551794013,-0.0,0.0,0.0
16.016666666666666,-53.522179063749526,-9.299258955616454,1.9600200490536137,0.0,0.0,0.0,0.0,0.0,0.0,ZERO_INTENT,0.7240391952694405,0,32,0,0,44,FULL_MOTION_CERTIFICATE,0,0,0,25,0,0,0,0,0,,15.066666666,0.799999994793,-9.12717846647e-05,0,0.999999993492,-0.000114089730831,0,0.999999993492,-0.000114089730831,0,0.799647720103,0.0015123498076,-0.000751551794013,-0.0,0.0,0.0
16.033333333333335,-53.522179063749526,-9.299258955616454,1.9600200490536137,0.0,0.0,0.0,0.0,0.0,0.0,ZERO_INTENT,0.7240391952694405,0,32,0,0,44,FULL_MOTION_CERTIFICATE,0,0,0,25,0,0,0,0,0,,15.066666666,0.799999994793,-9.12717846647e-05,0,0.999999993492,-0.000114089730831,0,0.999999993492,-0.000114089730831,0,0.799647720103,0.0015123498076,-0.000751551794013,-0.0,0.0,0.0
16.05,-53.522179063749526,-9.299258955616454,1.9600200490536137,0.0,0.0,0.0,0.0,0.0,0.0,ZERO_INTENT,0.7240391952694405,0,32,0,0,44,FULL_MOTION_CERTIFICATE,0,0,0,25,0,0,0,0,0,,15.066666666,0.799999994793,-9.12717846647e-05,0,0.999999993492,-0.000114089730831,0,0.999999993492,-0.000114089730831,0,0.799647720103,0.0015123498076,-0.000751551794013,-0.0,0.0,0.0
16.066666666666666,-53.522179063749526,-9.299258955616454,1.9600200490536137,0.0,0.0,0.0,0.0,0.0,0.0,ZERO_INTENT,0.7240391952694405,0,32,0,0,44,FULL_MOTION_CERTIFICATE,0,0,0,25,0,0,0,0,0,,15.066666666,0.799999994793,-9.12717846647e-05,0,0.999999993492,-0.000114089730831,0,0.999999993492,-0.000114089730831,0,0.799647720103,0.0015123498076,-0.000751551794013,-0.0,0.0,0.0
16.083333333333332,-53.522179063749526,-9.299258955616454,1.9600200490536137,0.0,0.0,0.0,0.0,0.0,0.0,ZERO_INTENT,0.7240391952694405,0,32,0,0,44,FULL_MOTION_CERTIFICATE,0,0,0,25,0,0,0,0,0,,15.066666666,0.799999994793,-9.12717846647e-05,0,0.999999993492,-0.000114089730831,0,0.999999993492,-0.000114089730831,0,0.799647720103,0.0015123498076,-0.000751551794013,-0.0,0.0,0.0
16.1,-53.522179063749526,-9.299258955616454,1.9600200490536137,0.0,0.0,0.0,0.0,0.0,0.0,ZERO_INTENT,0.7240391952694405,0,32,0,0,44,FULL_MOTION_CERTIFICATE,0,0,0,25,0,0,0,0,0,,15.066666666,0.799999994793,-9.12717846647e-05,0,0.999999993492,-0.000114089730831,0,0.999999993492,-0.000114089730831,0,0.799647720103,0.0015123498076,-0.000751551794013,-0.0,0.0,0.0
16.116666666666667,-53.522179063749526,-9.299258955616454,1.9600200490536137,0.0,0.0,0.0,0.0,0.0,0.0,ZERO_INTENT,0.7240391952694405,0,32,0,0,44,FULL_MOTION_CERTIFICATE,0,0,0,25,0,0,0,0,0,,15.066666666,0.799999994793,-9.12717846647e-05,0,0.999999993492,-0.000114089730831,0,0.999999993492,-0.000114089730831,0,0.799647720103,0.0015123498076,-0.000751551794013,-0.0,0.0,0.0
16.133333333333333,-53.522179063749526,-9.299258955616454,1.9600200490536137,0.0,0.0,0.0,0.0,0.0,0.0,ZERO_INTENT,0.7240391952694405,0,32,0,0,44,FULL_MOTION_CERTIFICATE,0,0,0,25,0,0,0,0,0,,15.066666666,0.799999994793,-9.12717846647e-05,0,0.999999993492,-0.000114089730831,0,0.999999993492,-0.000114089730831,0,0.799647720103,0.0015123498076,-0.000751551794013,-0.0,0.0,0.0
16.15,-53.522179063749526,-9.299258955616454,1.9600200490536137,0.0,0.0,0.0,0.0,0.0,0.0,ZERO_INTENT,0.7240391952694405,0,32,0,0,44,FULL_MOTION_CERTIFICATE,0,0,0,25,0,0,0,0,0,,15.066666666,0.799999994793,-9.12717846647e-05,0,0.999999993492,-0.000114089730831,0,0.999999993492,-0.000114089730831,0,0.799647720103,0.0015123498076,-0.000751551794013,-0.0,0.0,0.0
16.166666666666668,-53.522179063749526,-9.299258955616454,1.9600200490536137,0.0,0.0,0.0,0.0,0.0,0.0,ZERO_INTENT,0.7240391952694405,0,32,0,0,44,FULL_MOTION_CERTIFICATE,0,0,0,25,0,0,0,0,0,,15.066666666,0.799999994793,-9.12717846647e-05,0,0.999999993492,-0.000114089730831,0,0.999999993492,-0.000114089730831,0,0.799647720103,0.0015123498076,-0.000751551794013,-0.0,0.0,0.0
16.183333333333334,-53.522179063749526,-9.299258955616454,1.9600200490536137,0.0,0.0,0.0,0.0,0.0,0.0,ZERO_INTENT,0.7240391952694405,0,32,0,0,44,FULL_MOTION_CERTIFICATE,0,0,0,25,0,0,0,0,0,,15.066666666,0.799999994793,-9.12717846647e-05,0,0.999999993492,-0.000114089730831,0,0.999999993492,-0.000114089730831,0,0.799647720103,0.0015123498076,-0.000751551794013,-0.0,0.0,0.0
16.2,-53.522179063749526,-9.299258955616454,1.9600200490536137,0.0,0.0,0.0,0.0,0.0,0.0,ZERO_INTENT,0.7240391952694405,0,32,0,0,44,FULL_MOTION_CERTIFICATE,0,0,0,25,0,0,0,0,0,,15.066666666,0.799999994793,-9.12717846647e-05,0,0.999999993492,-0.000114089730831,0,0.999999993492,-0.000114089730831,0,0.799647720103,0.0015123498076,-0.000751551794013,-0.0,0.0,0.0
16.216666666666665,-53.522179063749526,-9.299258955616454,1.9600200490536137,0.0,0.0,0.0,0.0,0.0,0.0,ZERO_INTENT,0.7240391952694405,0,32,0,0,44,FULL_MOTION_CERTIFICATE,0,0,0,25,0,0,0,0,0,,15.066666666,0.799999994793,-9.12717846647e-05,0,0.999999993492,-0.000114089730831,0,0.999999993492,-0.000114089730831,0,0.799647720103,0.0015123498076,-0.000751551794013,-0.0,0.0,0.0
16.233333333333334,-53.522179063749526,-9.299258955616454,1.9600200490536137,0.0,0.0,0.0,0.0,0.0,0.0,ZERO_INTENT,0.7240391952694405,0,32,0,0,44,FULL_MOTION_CERTIFICATE,0,0,0,25,0,0,0,0,0,,15.066666666,0.799999994793,-9.12717846647e-05,0,0.999999993492,-0.000114089730831,0,0.999999993492,-0.000114089730831,0,0.799647720103,0.0015123498076,-0.000751551794013,-0.0,0.0,0.0
16.25,-53.522179063749526,-9.299258955616454,1.9600200490536137,0.0,0.0,0.0,0.0,0.0,0.0,ZERO_INTENT,0.7240391952694405,0,32,0,0,44,FULL_MOTION_CERTIFICATE,0,0,0,25,0,0,0,0,0,,15.066666666,0.799999994793,-9.12717846647e-05,0,0.999999993492,-0.000114089730831,0,0.999999993492,-0.000114089730831,0,0.799647720103,0.0015123498076,-0.000751551794013,-0.0,0.0,0.0
16.266666666666666,-53.522179063749526,-9.299258955616454,1.9600200490536137,0.0,0.0,0.0,0.0,0.0,0.0,ZERO_INTENT,0.7240391952694405,0,32,0,0,44,FULL_MOTION_CERTIFICATE,0,0,0,25,0,0,0,0,0,,15.066666666,0.799999994793,-9.12717846647e-05,0,0.999999993492,-0.000114089730831,0,0.999999993492,-0.000114089730831,0,0.799647720103,0.0015123498076,-0.000751551794013,-0.0,0.0,0.0
16.283333333333335,-53.522179063749526,-9.299258955616454,1.9600200490536137,0.0,0.0,0.0,0.0,0.0,0.0,ZERO_INTENT,0.7240391952694405,0,32,0,0,44,FULL_MOTION_CERTIFICATE,0,0,0,25,0,0,0,0,0,,15.066666666,0.799999994793,-9.12717846647e-05,0,0.999999993492,-0.000114089730831,0,0.999999993492,-0.000114089730831,0,0.799647720103,0.0015123498076,-0.000751551794013,-0.0,0.0,0.0
16.3,-53.522179063749526,-9.299258955616454,1.9600200490536137,0.0,0.0,0.0,0.0,0.0,0.0,ZERO_INTENT,0.7240391952694405,0,32,0,0,44,FULL_MOTION_CERTIFICATE,0,0,0,25,0,0,0,0,0,,15.066666666,0.799999994793,-9.12717846647e-05,0,0.999999993492,-0.000114089730831,0,0.999999993492,-0.000114089730831,0,0.799647720103,0.0015123498076,-0.000751551794013,-0.0,0.0,0.0
16.316666666666666,-53.522179063749526,-9.299258955616454,1.9600200490536137,0.0,0.0,0.0,0.0,0.0,0.0,ZERO_INTENT,0.7240391952694405,0,32,0,0,44,FULL_MOTION_CERTIFICATE,0,0,0,25,0,0,0,0,0,,15.066666666,0.799999994793,-9.12717846647e-05,0,0.999999993492,-0.000114089730831,0,0.999999993492,-0.000114089730831,0,0.799647720103,0.0015123498076,-0.000751551794013,-0.0,0.0,0.0
16.333333333333332,-53.522179063749526,-9.299258955616454,1.9600200490536137,0.0,0.0,0.0,0.0,0.0,0.0,ZERO_INTENT,0.7240391952694405,0,32,0,0,44,FULL_MOTION_CERTIFICATE,0,0,0,25,0,0,0,0,0,,15.066666666,0.799999994793,-9.12717846647e-05,0,0.999999993492,-0.000114089730831,0,0.999999993492,-0.000114089730831,0,0.799647720103,0.0015123498076,-0.000751551794013,-0.0,0.0,0.0
16.35,-53.522179063749526,-9.299258955616454,1.9600200490536137,0.0,0.0,0.0,0.0,0.0,0.0,ZERO_INTENT,0.7240391952694405,0,32,0,0,44,FULL_MOTION_CERTIFICATE,0,0,0,25,0,0,0,0,0,,15.066666666,0.799999994793,-9.12717846647e-05,0,0.999999993492,-0.000114089730831,0,0.999999993492,-0.000114089730831,0,0.799647720103,0.0015123498076,-0.000751551794013,-0.0,0.0,0.0
16.366666666666667,-53.522179063749526,-9.299258955616454,1.9600200490536137,0.0,0.0,0.0,0.0,0.0,0.0,ZERO_INTENT,0.7240391952694405,0,32,0,0,44,FULL_MOTION_CERTIFICATE,0,0,0,25,0,0,0,0,0,,15.066666666,0.799999994793,-9.12717846647e-05,0,0.999999993492,-0.000114089730831,0,0.999999993492,-0.000114089730831,0,0.799647720103,0.0015123498076,-0.000751551794013,-0.0,0.0,0.0
16.383333333333333,-53.522179063749526,-9.299258955616454,1.9600200490536137,0.0,0.0,0.0,0.0,0.0,0.0,ZERO_INTENT,0.7240391952694405,0,32,0,0,44,FULL_MOTION_CERTIFICATE,0,0,0,25,0,0,0,0,0,,15.066666666,0.799999994793,-9.12717846647e-05,0,0.999999993492,-0.000114089730831,0,0.999999993492,-0.000114089730831,0,0.799647720103,0.0015123498076,-0.000751551794013,-0.0,0.0,0.0
16.4,-53.522179063749526,-9.299258955616454,1.9600200490536137,0.0,0.0,0.0,0.0,0.0,0.0,ZERO_INTENT,0.7240391952694405,0,32,0,0,44,FULL_MOTION_CERTIFICATE,0,0,0,25,0,0,0,0,0,,15.066666666,0.799999994793,-9.12717846647e-05,0,0.999999993492,-0.000114089730831,0,0.999999993492,-0.000114089730831,0,0.799647720103,0.0015123498076,-0.000751551794013,-0.0,0.0,0.0
16.416666666666668,-53.522179063749526,-9.299258955616454,1.9600200490536137,0.0,0.0,0.0,0.0,0.0,0.0,ZERO_INTENT,0.7240391952694405,0,32,0,0,44,FULL_MOTION_CERTIFICATE,0,0,0,25,0,0,0,0,0,,15.066666666,0.799999994793,-9.12717846647e-05,0,0.999999993492,-0.000114089730831,0,0.999999993492,-0.000114089730831,0,0.799647720103,0.0015123498076,-0.000751551794013,-0.0,0.0,0.0
16.433333333333334,-53.522179063749526,-9.299258955616454,1.9600200490536137,0.0,0.0,0.0,0.0,0.0,0.0,ZERO_INTENT,0.7240391952694405,0,32,0,0,44,FULL_MOTION_CERTIFICATE,0,0,0,25,0,0,0,0,0,,15.066666666,0.799999994793,-9.12717846647e-05,0,0.999999993492,-0.000114089730831,0,0.999999993492,-0.000114089730831,0,0.799647720103,0.0015123498076,-0.000751551794013,-0.0,0.0,0.0
16.45,-53.522179063749526,-9.299258955616454,1.9600200490536137,0.0,0.0,0.0,0.0,0.0,0.0,ZERO_INTENT,0.7240391952694405,0,32,0,0,44,FULL_MOTION_CERTIFICATE,0,0,0,25,0,0,0,0,0,,15.066666666,0.799999994793,-9.12717846647e-05,0,0.999999993492,-0.000114089730831,0,0.999999993492,-0.000114089730831,0,0.799647720103,0.0015123498076,-0.000751551794013,-0.0,0.0,0.0
16.466666666666665,-53.522179063749526,-9.299258955616454,1.9600200490536137,0.0,0.0,0.0,0.0,0.0,0.0,ZERO_INTENT,0.7240391952694405,0,32,0,0,44,FULL_MOTION_CERTIFICATE,0,0,0,25,0,0,0,0,0,,15.066666666,0.799999994793,-9.12717846647e-05,0,0.999999993492,-0.000114089730831,0,0.999999993492,-0.000114089730831,0,0.799647720103,0.0015123498076,-0.000751551794013,-0.0,0.0,0.0
16.483333333333334,-53.522179063749526,-9.299258955616454,1.9600200490536137,0.0,0.0,0.0,0.0,0.0,0.0,ZERO_INTENT,0.7240391952694405,0,32,0,0,44,FULL_MOTION_CERTIFICATE,0,0,0,25,0,0,0,0,0,,15.066666666,0.799999994793,-9.12717846647e-05,0,0.999999993492,-0.000114089730831,0,0.999999993492,-0.000114089730831,0,0.799647720103,0.0015123498076,-0.000751551794013,-0.0,0.0,0.0
16.5,-53.522179063749526,-9.299258955616454,1.9600200490536137,0.0,0.0,0.0,0.0,0.0,0.0,ZERO_INTENT,0.7240391952694405,0,32,0,0,44,FULL_MOTION_CERTIFICATE,0,0,0,25,0,0,0,0,0,,15.066666666,0.799999994793,-9.12717846647e-05,0,0.999999993492,-0.000114089730831,0,0.999999993492,-0.000114089730831,0,0.799647720103,0.0015123498076,-0.000751551794013,-0.0,0.0,0.0
16.516666666666666,-53.522179063749526,-9.299258955616454,1.9600200490536137,0.0,0.0,0.0,0.0,0.0,0.0,ZERO_INTENT,0.7240391952694405,0,32,0,0,44,FULL_MOTION_CERTIFICATE,0,0,0,25,0,0,0,0,0,,15.066666666,0.799999994793,-9.12717846647e-05,0,0.999999993492,-0.000114089730831,0,0.999999993492,-0.000114089730831,0,0.799647720103,0.0015123498076,-0.000751551794013,-0.0,0.0,0.0
16.533333333333335,-53.522179063749526,-9.299258955616454,1.9600200490536137,0.0,0.0,0.0,0.0,0.0,0.0,ZERO_INTENT,0.7240391952694405,0,32,0,0,44,FULL_MOTION_CERTIFICATE,0,0,0,25,0,0,0,0,0,,15.066666666,0.799999994793,-9.12717846647e-05,0,0.999999993492,-0.000114089730831,0,0.999999993492,-0.000114089730831,0,0.799647720103,0.0015123498076,-0.000751551794013,-0.0,0.0,0.0
16.55,-53.522179063749526,-9.299258955616454,1.9600200490536137,0.0,0.0,0.0,0.0,0.0,0.0,ZERO_INTENT,0.7240391952694405,0,32,0,0,44,FULL_MOTION_CERTIFICATE,0,0,0,25,0,0,0,0,0,,15.066666666,0.799999994793,-9.12717846647e-05,0,0.999999993492,-0.000114089730831,0,0.999999993492,-0.000114089730831,0,0.799647720103,0.0015123498076,-0.000751551794013,-0.0,0.0,0.0
16.566666666666666,-53.522179063749526,-9.299258955616454,1.9600200490536137,0.0,0.0,0.0,0.0,0.0,0.0,ZERO_INTENT,0.7240391952694405,0,32,0,0,44,FULL_MOTION_CERTIFICATE,0,0,0,25,0,0,0,0,0,,15.066666666,0.799999994793,-9.12717846647e-05,0,0.999999993492,-0.000114089730831,0,0.999999993492,-0.000114089730831,0,0.799647720103,0.0015123498076,-0.000751551794013,-0.0,0.0,0.0
16.583333333333332,-53.522179063749526,-9.299258955616454,1.9600200490536137,0.0,0.0,0.0,0.0,0.0,0.0,ZERO_INTENT,0.7240391952694405,0,32,0,0,44,FULL_MOTION_CERTIFICATE,0,0,0,25,0,0,0,0,0,,15.066666666,0.799999994793,-9.12717846647e-05,0,0.999999993492,-0.000114089730831,0,0.999999993492,-0.000114089730831,0,0.799647720103,0.0015123498076,-0.000751551794013,-0.0,0.0,0.0
16.6,-53.522179063749526,-9.299258955616454,1.9600200490536137,0.0,0.0,0.0,0.0,0.0,0.0,ZERO_INTENT,0.7240391952694405,0,32,0,0,44,FULL_MOTION_CERTIFICATE,0,0,0,25,0,0,0,0,0,,15.066666666,0.799999994793,-9.12717846647e-05,0,0.999999993492,-0.000114089730831,0,0.999999993492,-0.000114089730831,0,0.799647720103,0.0015123498076,-0.000751551794013,-0.0,0.0,0.0
16.616666666666667,-53.522179063749526,-9.299258955616454,1.9600200490536137,0.0,0.0,0.0,0.0,0.0,0.0,ZERO_INTENT,0.7240391952694405,0,32,0,0,44,FULL_MOTION_CERTIFICATE,0,0,0,25,0,0,0,0,0,,15.066666666,0.799999994793,-9.12717846647e-05,0,0.999999993492,-0.000114089730831,0,0.999999993492,-0.000114089730831,0,0.799647720103,0.0015123498076,-0.000751551794013,-0.0,0.0,0.0
16.633333333333333,-53.522179063749526,-9.299258955616454,1.9600200490536137,0.0,0.0,0.0,0.0,0.0,0.0,ZERO_INTENT,0.7240391952694405,0,32,0,0,44,FULL_MOTION_CERTIFICATE,0,0,0,25,0,0,0,0,0,,15.066666666,0.799999994793,-9.12717846647e-05,0,0.999999993492,-0.000114089730831,0,0.999999993492,-0.000114089730831,0,0.799647720103,0.0015123498076,-0.000751551794013,-0.0,0.0,0.0
16.65,-53.522179063749526,-9.299258955616454,1.9600200490536137,0.0,0.0,0.0,0.0,0.0,0.0,ZERO_INTENT,0.7240391952694405,0,32,0,0,44,FULL_MOTION_CERTIFICATE,0,0,0,25,0,0,0,0,0,,15.066666666,0.799999994793,-9.12717846647e-05,0,0.999999993492,-0.000114089730831,0,0.999999993492,-0.000114089730831,0,0.799647720103,0.0015123498076,-0.000751551794013,-0.0,0.0,0.0
16.666666666666668,-53.522179063749526,-9.299258955616454,1.9600200490536137,0.0,0.0,0.0,0.0,0.0,0.0,ZERO_INTENT,0.7240391952694405,0,32,0,0,44,FULL_MOTION_CERTIFICATE,0,0,0,25,0,0,0,0,0,,15.066666666,0.799999994793,-9.12717846647e-05,0,0.999999993492,-0.000114089730831,0,0.999999993492,-0.000114089730831,0,0.799647720103,0.0015123498076,-0.000751551794013,-0.0,0.0,0.0
16.683333333333334,-53.522179063749526,-9.299258955616454,1.9600200490536137,0.0,0.0,0.0,0.0,0.0,0.0,ZERO_INTENT,0.7240391952694405,0,32,0,0,44,FULL_MOTION_CERTIFICATE,0,0,0,25,0,0,0,0,0,,15.066666666,0.799999994793,-9.12717846647e-05,0,0.999999993492,-0.000114089730831,0,0.999999993492,-0.000114089730831,0,0.799647720103,0.0015123498076,-0.000751551794013,-0.0,0.0,0.0
16.7,-53.522179063749526,-9.299258955616454,1.9600200490536137,0.0,0.0,0.0,0.0,0.0,0.0,ZERO_INTENT,0.7240391952694405,0,32,0,0,44,FULL_MOTION_CERTIFICATE,0,0,0,25,0,0,0,0,0,,15.066666666,0.799999994793,-9.12717846647e-05,0,0.999999993492,-0.000114089730831,0,0.999999993492,-0.000114089730831,0,0.799647720103,0.0015123498076,-0.000751551794013,-0.0,0.0,0.0
16.716666666666665,-53.522179063749526,-9.299258955616454,1.9600200490536137,0.0,0.0,0.0,0.0,0.0,0.0,ZERO_INTENT,0.7240391952694405,0,32,0,0,44,FULL_MOTION_CERTIFICATE,0,0,0,25,0,0,0,0,0,,15.066666666,0.799999994793,-9.12717846647e-05,0,0.999999993492,-0.000114089730831,0,0.999999993492,-0.000114089730831,0,0.799647720103,0.0015123498076,-0.000751551794013,-0.0,0.0,0.0
16.733333333333334,-53.522179063749526,-9.299258955616454,1.9600200490536137,0.0,0.0,0.0,0.0,0.0,0.0,ZERO_INTENT,0.7240391952694405,0,32,0,0,44,FULL_MOTION_CERTIFICATE,0,0,0,25,0,0,0,0,0,,15.066666666,0.799999994793,-9.12717846647e-05,0,0.999999993492,-0.000114089730831,0,0.999999993492,-0.000114089730831,0,0.799647720103,0.0015123498076,-0.000751551794013,-0.0,0.0,0.0
16.75,-53.522179063749526,-9.299258955616454,1.9600200490536137,0.0,0.0,0.0,0.0,0.0,0.0,ZERO_INTENT,0.7240391952694405,0,32,0,0,44,FULL_MOTION_CERTIFICATE,0,0,0,25,0,0,0,0,0,,15.066666666,0.799999994793,-9.12717846647e-05,0,0.999999993492,-0.000114089730831,0,0.999999993492,-0.000114089730831,0,0.799647720103,0.0015123498076,-0.000751551794013,-0.0,0.0,0.0
16.766666666666666,-53.522179063749526,-9.299258955616454,1.9600200490536137,0.0,0.0,0.0,0.0,0.0,0.0,ZERO_INTENT,0.7240391952694405,0,32,0,0,44,FULL_MOTION_CERTIFICATE,0,0,0,25,0,0,0,0,0,,15.066666666,0.799999994793,-9.12717846647e-05,0,0.999999993492,-0.000114089730831,0,0.999999993492,-0.000114089730831,0,0.799647720103,0.0015123498076,-0.000751551794013,-0.0,0.0,0.0
16.783333333333335,-53.522179063749526,-9.299258955616454,1.9600200490536137,0.0,0.0,0.0,0.0,0.0,0.0,ZERO_INTENT,0.7240391952694405,0,32,0,0,44,FULL_MOTION_CERTIFICATE,0,0,0,25,0,0,0,0,0,,15.066666666,0.799999994793,-9.12717846647e-05,0,0.999999993492,-0.000114089730831,0,0.999999993492,-0.000114089730831,0,0.799647720103,0.0015123498076,-0.000751551794013,-0.0,0.0,0.0
16.8,-53.522179063749526,-9.299258955616454,1.9600200490536137,0.0,0.0,0.0,0.0,0.0,0.0,ZERO_INTENT,0.7240391952694405,0,32,0,0,44,FULL_MOTION_CERTIFICATE,0,0,0,25,0,0,0,0,0,,15.066666666,0.799999994793,-9.12717846647e-05,0,0.999999993492,-0.000114089730831,0,0.999999993492,-0.000114089730831,0,0.799647720103,0.0015123498076,-0.000751551794013,-0.0,0.0,0.0
16.816666666666666,-53.522179063749526,-9.299258955616454,1.9600200490536137,0.0,0.0,0.0,0.0,0.0,0.0,ZERO_INTENT,0.7240391952694405,0,32,0,0,44,FULL_MOTION_CERTIFICATE,0,0,0,25,0,0,0,0,0,,15.066666666,0.799999994793,-9.12717846647e-05,0,0.999999993492,-0.000114089730831,0,0.999999993492,-0.000114089730831,0,0.799647720103,0.0015123498076,-0.000751551794013,-0.0,0.0,0.0
16.833333333333332,-53.522179063749526,-9.299258955616454,1.9600200490536137,0.0,0.0,0.0,0.0,0.0,0.0,ZERO_INTENT,0.7240391952694405,0,32,0,0,44,FULL_MOTION_CERTIFICATE,0,0,0,25,0,0,0,0,0,,15.066666666,0.799999994793,-9.12717846647e-05,0,0.999999993492,-0.000114089730831,0,0.999999993492,-0.000114089730831,0,0.799647720103,0.0015123498076,-0.000751551794013,-0.0,0.0,0.0
16.85,-53.522179063749526,-9.299258955616454,1.9600200490536137,0.0,0.0,0.0,0.0,0.0,0.0,ZERO_INTENT,0.7240391952694405,0,32,0,0,44,FULL_MOTION_CERTIFICATE,0,0,0,25,0,0,0,0,0,,15.066666666,0.799999994793,-9.12717846647e-05,0,0.999999993492,-0.000114089730831,0,0.999999993492,-0.000114089730831,0,0.799647720103,0.0015123498076,-0.000751551794013,-0.0,0.0,0.0
16.866666666666667,-53.522179063749526,-9.299258955616454,1.9600200490536137,0.0,0.0,0.0,0.0,0.0,0.0,ZERO_INTENT,0.7240391952694405,0,32,0,0,44,FULL_MOTION_CERTIFICATE,0,0,0,25,0,0,0,0,0,,15.066666666,0.799999994793,-9.12717846647e-05,0,0.999999993492,-0.000114089730831,0,0.999999993492,-0.000114089730831,0,0.799647720103,0.0015123498076,-0.000751551794013,-0.0,0.0,0.0
16.883333333333333,-53.522179063749526,-9.299258955616454,1.9600200490536137,0.0,0.0,0.0,0.0,0.0,0.0,ZERO_INTENT,0.7240391952694405,0,32,0,0,44,FULL_MOTION_CERTIFICATE,0,0,0,25,0,0,0,0,0,,15.066666666,0.799999994793,-9.12717846647e-05,0,0.999999993492,-0.000114089730831,0,0.999999993492,-0.000114089730831,0,0.799647720103,0.0015123498076,-0.000751551794013,-0.0,0.0,0.0
16.9,-53.522179063749526,-9.299258955616454,1.9600200490536137,0.0,0.0,0.0,0.0,0.0,0.0,ZERO_INTENT,0.7240391952694405,0,32,0,0,44,FULL_MOTION_CERTIFICATE,0,0,0,25,0,0,0,0,0,,15.066666666,0.799999994793,-9.12717846647e-05,0,0.999999993492,-0.000114089730831,0,0.999999993492,-0.000114089730831,0,0.799647720103,0.0015123498076,-0.000751551794013,-0.0,0.0,0.0
16.916666666666668,-53.522179063749526,-9.299258955616454,1.9600200490536137,0.0,0.0,0.0,0.0,0.0,0.0,ZERO_INTENT,0.7240391952694405,0,32,0,0,44,FULL_MOTION_CERTIFICATE,0,0,0,25,0,0,0,0,0,,15.066666666,0.799999994793,-9.12717846647e-05,0,0.999999993492,-0.000114089730831,0,0.999999993492,-0.000114089730831,0,0.799647720103,0.0015123498076,-0.000751551794013,-0.0,0.0,0.0
16.933333333333334,-53.522179063749526,-9.299258955616454,1.9600200490536137,0.0,0.0,0.0,0.0,0.0,0.0,ZERO_INTENT,0.7240391952694405,0,32,0,0,44,FULL_MOTION_CERTIFICATE,0,0,0,25,0,0,0,0,0,,15.066666666,0.799999994793,-9.12717846647e-05,0,0.999999993492,-0.000114089730831,0,0.999999993492,-0.000114089730831,0,0.799647720103,0.0015123498076,-0.000751551794013,-0.0,0.0,0.0
16.95,-53.522179063749526,-9.299258955616454,1.9600200490536137,0.0,0.0,0.0,0.0,0.0,0.0,ZERO_INTENT,0.7240391952694405,0,32,0,0,44,FULL_MOTION_CERTIFICATE,0,0,0,25,0,0,0,0,0,,15.066666666,0.799999994793,-9.12717846647e-05,0,0.999999993492,-0.000114089730831,0,0.999999993492,-0.000114089730831,0,0.799647720103,0.0015123498076,-0.000751551794013,-0.0,0.0,0.0
16.966666666666665,-53.522179063749526,-9.299258955616454,1.9600200490536137,0.0,0.0,0.0,0.0,0.0,0.0,ZERO_INTENT,0.7240391952694405,0,32,0,0,44,FULL_MOTION_CERTIFICATE,0,0,0,25,0,0,0,0,0,,15.066666666,0.799999994793,-9.12717846647e-05,0,0.999999993492,-0.000114089730831,0,0.999999993492,-0.000114089730831,0,0.799647720103,0.0015123498076,-0.000751551794013,-0.0,0.0,0.0
16.983333333333334,-53.522179063749526,-9.299258955616454,1.9600200490536137,0.0,0.0,0.0,0.0,0.0,0.0,ZERO_INTENT,0.7240391952694405,0,32,0,0,44,FULL_MOTION_CERTIFICATE,0,0,0,25,0,0,0,0,0,,15.066666666,0.799999994793,-9.12717846647e-05,0,0.999999993492,-0.000114089730831,0,0.999999993492,-0.000114089730831,0,0.799647720103,0.0015123498076,-0.000751551794013,-0.0,0.0,0.0
17.0,-53.522179063749526,-9.299258955616454,1.9600200490536137,0.0,0.0,0.0,0.6,0.0,0.0,ZERO_INTENT,0.7240391952694405,0,32,0,0,44,FULL_MOTION_CERTIFICATE,0,0,0,25,0,0,0,0,0,,15.066666666,0.799999994793,-9.12717846647e-05,0,0.999999993492,-0.000114089730831,0,0.999999993492,-0.000114089730831,0,0.799647720103,0.0015123498076,-0.000751551794013,0.0,0.0,0.0
17.016666666666666,-53.522179063749526,-9.299258955616454,1.9600200490536137,0.0,0.0,0.0,0.6,0.0,0.0,ZERO_INTENT,0.7240391952694405,0,32,0,0,44,FULL_MOTION_CERTIFICATE,0,0,0,25,0,0,0,0,0,,15.066666666,0.799999994793,-9.12717846647e-05,0,0.999999993492,-0.000114089730831,0,0.999999993492,-0.000114089730831,0,0.799647720103,0.0015123498076,-0.000751551794013,0.0,0.0,0.0
17.033333333333335,-53.522176959378996,-9.29925896087739,1.9600200490536137,0.00012626223169214445,-3.156562368477865e-07,0.0,0.5999988000004,0.0011999992000001599,0.0,DEPTH_PROPOSAL_CERTIFIED,0.724038242739445,0,32,0,0,51,FULL_MOTION_CERTIFICATE,0,0,0,25,0,0,0,0,0,,17.1,0.6,0,0,1,0,0,1,0,0,0.0050000001,0,0,0.0016666614583360463,-4.166662326390131e-06,0.0
17.05,-53.5221623881681,-9.299258965161028,1.9600200490536137,0.0008742726538091473,-2.5701827032927456e-07,0.0,0.5999952000063999,0.0023999936000051202,0.0,DEPTH_PROPOSAL_CERTIFIED,0.7240316715056492,0,32,0,0,51,FULL_MOTION_CERTIFICATE,0,0,0,25,0,0,0,0,0,,17.116666666,0.59999998125,0.000149999932812,0,0.99999996875,0.000249999888021,0,0.99999996875,0.000249999888021,0,0.00999999980364,4.58364921197e-07,0,0.009999999803637142,4.583649211966148e-07,0.0
17.066666666666666,-53.522136294612444,-9.29925900010703,1.9600200490536137,0.0015656133390936529,-2.0967600664123278e-06,0.0,0.5999892000324,0.00359997840003888,0.0,DEPTH_PROPOSAL_CERTIFIED,0.7240198833497247,0,32,0,0,52,FULL_MOTION_CERTIFICATE,0,0,0,25,0,0,0,0,0,,17.133333333,0.59999984502,0.000431249472861,0,0.9999997417,0.000718749121435,0,0.9999997417,0.000718749121435,0,0.0166666659784,2.28567329266e-06,0,0.009999969699565141,-2.4541609978626956e-05,0.0
17.083333333333332,-53.52209113412968,-9.299259082129035,1.9600200490536137,0.0027096289656227757,-4.921320318450258e-06,0.0,0.5999808001023997,0.00479994880016384,0.0,DEPTH_PROPOSAL_CERTIFIED,0.7239994651154302,0,32,0,0,52,FULL_MOTION_CERTIFICATE,0,0,0,25,0,0,0,0,0,,17.149999999,0.599989200032,0.00359997840004,0,0.999982000054,0.00599996400006,0,0.999982000054,0.00599996400006,0,0.0249999533147,1.63565042418e-05,0,0.016666619609278933,-3.9380955393315126e-05,0.0
17.1,-53.522005203199306,-9.299259098340157,1.9600200490536137,0.005155855822510859,-9.726672493311985e-07,0.0,0.5999700002499991,0.005999900000499998,0.0,DEPTH_PROPOSAL_CERTIFIED,0.7239607193678546,0,32,0,0,52,FULL_MOTION_CERTIFICATE,0,0,0,25,0,0,0,0,0,,17.166666666,0.599980800102,0.00479994880016,0,0.999968000171,0.00799991466694,0,0.999968000171,0.00799991466694,0,0.0349998234765,4.72009001939e-05,0,0.03499982347654043,4.720090019391318e-05,0.0
17.116666666666667,-53.521881590480696,-9.299259164205377,1.9600200490536137,0.0074167631165838925,-3.951913280051497e-06,0.0,0.5999700002499991,0.005999900000499998,0.0,DEPTH_PROPOSAL_CERTIFIED,0.7239049509140654,0,32,0,0,52,FULL_MOTION_CERTIFICATE,0,0,0,25,0,0,0,0,0,,17.166666666,0.599980800102,0.00479994880016,0,0.999968000171,0.00799991466694,0,0.999968000171,0.00799991466694,0,0.0349998234765,4.72009001939e-05,0,0.034999832104276596,-4.0298714854841364e-05,0.0
17.133333333333333,-53.521691585876745,-9.299259005023556,1.9600200490536137,0.01140027623690475,9.550909240434261e-06,0.0,0.5999568005183975,0.007199827201244156,0.0,DEPTH_PROPOSAL_CERTIFIED,0.7238194266145688,0,32,0,0,52,FULL_MOTION_CERTIFICATE,0,0,0,25,0,0,0,0,0,,17.2,0.59997000025,0.0059999000005,0,0.999950000417,0.00999983333417,0,0.999950000417,0.00999983333417,0,0.0599991363048,0.00017428534399,0,0.05999913630482219,0.00017428534399037063,0.0
17.15,-53.521440218762336,-9.299258827235414,1.9600200490536137,0.01508202686445153,1.0667288452114057e-05,0.0,0.5999412009603937,0.008399725602689107,0.0,DEPTH_PROPOSAL_CERTIFIED,0.7237062571974628,0,32,0,0,52,FULL_MOTION_CERTIFICATE,0,0,0,25,0,0,0,0,0,,17.216666666,0.599956800518,0.00719982720124,0,0.999928000864,0.0119997120021,0,0.999928000864,0.0119997120021,0,0.0749984862612,0.000276692407679,0,0.059999384520525,2.428711483460841e-05,0.0
17.166666666666668,-53.52111319897526,-9.299258550295463,1.9600200490536137,0.019621187224820577,1.6616397105111128e-05,0.0,0.599923201638386,0.00959959040524285,0.0,DEPTH_PROPOSAL_CERTIFIED,0.7235590623671833,0,32,0,0,52,FULL_MOTION_CERTIFICATE,0,0,0,25,0,0,0,0,0,,17.233333333,0.59994120096,0.00839972560269,0,0.999902001601,0.0139995426711,0,0.999902001601,0.0139995426711,0,0.0916641465352,0.000413609248779,0,0.0749989436213136,8.919552267166314e-05,0.0
17.183333333333334,-53.5206720696672,-9.299257545380671,1.9600200490536137,0.026467758483481804,6.0294887506346954e-05,0.0,0.5999028026243717,0.010799416809447767,0.0,DEPTH_PROPOSAL_CERTIFIED,0.7233609840005744,0,32,0,0,52,FULL_MOTION_CERTIFICATE,0,0,0,25,0,0,0,0,0,,17.25,0.599923201638,0.00959959040524,0,0.999872002731,0.0159993173421,0,0.999872002731,0.0159993173421,0,0.109995927839,0.000593172470401,0,0.1099959278391539,0.0005931724704014568,0.0
17.2,-53.52012547406047,-9.299256214851995,1.9600200490536137,0.03279573640380023,7.983172054285088e-05,0.0,0.5998800039999467,0.011999200015999847,0.0,DEPTH_PROPOSAL_CERTIFIED,0.7231156136008907,0,32,0,0,52,FULL_MOTION_CERTIFICATE,0,0,0,25,0,0,0,0,0,,17.266666666,0.599902802624,0.0107994168094,0,0.999838004374,0.0179990280157,0,0.999838004374,0.0179990280157,0,0.129993542747,0.000825386170594,0,0.10999706703168971,0.00031818108358821345,0.0
17.216666666666665,-53.519456151858314,-9.299254353302674,1.9600200490536137,0.04015933212929444,0.00011169295935940237,0.0,0.5998800039999467,0.011999200015999847,0.0,DEPTH_PROPOSAL_CERTIFIED,0.7228153270378956,0,32,0,0,52,FULL_MOTION_CERTIFICATE,0,0,0,25,0,0,0,0,0,,17.266666666,0.599902802624,0.0107994168094,0,0.999838004374,0.0179990280157,0,0.999838004374,0.0179990280157,0,0.129993542747,0.000825386170594,0,0.12999519998032938,0.0005004000729213545,0.0
17.233333333333334,-53.51864604741272,-9.299251693342619,1.9600200490536137,0.04860626673543585,0.00015959760326457277,0.0,0.5998548058563055,0.013198935225767863,0.0,DEPTH_PROPOSAL_CERTIFIED,0.7224521889691033,0,32,0,0,52,FULL_MOTION_CERTIFICATE,0,0,0,25,0,0,0,0,0,,17.3,0.599880004,0.011999200016,0,0.999800006667,0.0199986666933,0,0.999800006667,0.0199986666933,0,0.174984669409,0.00149223851415,0,0.15165886893034364,0.0007440342589075527,0.0
17.25,-53.517676370256986,-9.299247903111063,1.9600200490536137,0.05818062934443316,0.00022741389340134752,0.0,0.5998272082942407,0.014398617639812573,0.0,DEPTH_PROPOSAL_CERTIFIED,0.722017982221173,0,32,0,0,52,FULL_MOTION_CERTIFICATE,0,0,0,25,0,0,0,0,0,,17.316666666,0.599854805856,0.0131989352258,0,0.999758009761,0.0219982253763,0,0.999758009761,0.0219982253763,0,0.19997662928,0.0019585494888,0,0.17498785317420745,0.0010547726330700502,0.0
17.266666666666666,-53.516527652354554,-9.29924255834867,1.9600200490536137,0.06892307414576608,0.00032068574359101496,0.0,0.5997972114241426,0.015598242459405925,0.0,DEPTH_PROPOSAL_CERTIFIED,0.7215042550733832,0,32,0,0,52,FULL_MOTION_CERTIFICATE,0,0,0,25,0,0,0,0,0,,17.333333333,0.599827208294,0.0143986176398,0,0.999712013824,0.0239976960664,0,0.999712013824,0.0239976960664,0,0.226628572116,0.00257398975033,0,0.19998090072203573,0.0014586023159050276,0.0
17.283333333333335,-53.51517980411788,-9.299235083882838,1.9600200490536137,0.08087089420061638,0.00044846794987214256,0.0,0.5997648153659985,0.016797804886050233,0.0,DEPTH_PROPOSAL_CERTIFIED,0.720902391365627,0,32,0,0,52,FULL_MOTION_CERTIFICATE,0,0,0,25,0,0,0,0,0,,17.35,0.599797211424,0.0155982424594,0,0.99966201904,0.0259970707657,0,0.99966201904,0.0259970707657,0,0.254898924144,0.00356067558135,0,0.22663429886976535,0.0020074108665016355,0.0
17.3,-53.51361221328642,-9.299224484480318,1.9600200490536137,0.09405544988731997,0.0006359641512218032,0.0,0.5997300202493925,0.017997300121497396,0.0,DEPTH_PROPOSAL_CERTIFIED,0.7202038602178371,0,32,0,0,52,FULL_MOTION_CERTIFICATE,0,0,0,25,0,0,0,0,0,,17.366666666,0.599764815366,0.0167978048861,0,0.99960802561,0.0279963414768,0,0.99960802561,0.0279963414768,0,0.281502655084,0.00455989668231,0,0.2549070292651136,0.002923417807687803,0.0
17.316666666666666,-53.51180793340796,-9.29920981921621,1.9600200490536137,0.10825679270784425,0.0008799158464328145,0.0,0.5997300202493925,0.017997300121497396,0.0,DEPTH_PROPOSAL_CERTIFIED,0.7194017450269978,0,32,0,0,52,FULL_MOTION_CERTIFICATE,0,0,0,25,0,0,0,0,0,,17.383333333,0.599730020249,0.0179973001215,0,0.999550033749,0.0299955002025,0,0.999550033749,0.0299955002025,0,0.306439767995,0.00557164886543,0,0.2815131751182511,0.0038561265280073337,0.0
17.333333333333332,-53.50975340612195,-9.299190197365,1.9600200490536137,0.12327163716018473,0.0011773110726175388,0.0,0.5996928262135053,0.019196723367768072,0.0,DEPTH_PROPOSAL_CERTIFIED,0.7184906220584437,0,32,0,0,52,FULL_MOTION_CERTIFICATE,0,0,0,25,0,0,0,0,0,,17.4,0.599730020249,0.0179973001215,0,0.999550033749,0.0299955002025,0,0.999550033749,0.0299955002025,0,0.329710773134,0.00654023980986,0,0.3064527394787499,0.004805532832071399,0.0
17.35,-53.50741094514505,-9.299162588464448,1.9600200490536137,0.1405476586142903,0.001656534033146619,0.0,0.5996532334071126,0.02039606982717087,0.0,DEPTH_PROPOSAL_CERTIFIED,0.7174558265049702,0,32,0,0,52,FULL_MOTION_CERTIFICATE,0,0,0,25,0,0,0,0,0,,17.416666666,0.599692826214,0.0191967233678,0,0.999488043689,0.0319945389463,0,0.999488043689,0.0319945389463,0,0.351315120354,0.0075030541516,0,0.35131512035434254,0.007503054151600408,0.0
17.366666666666667,-53.50480234133797,-9.299128706571741,1.9600200490536137,0.1565162284246464,0.0020329135623449795,0.0,0.5996112419885861,0.021595334702321552,0.0,DEPTH_PROPOSAL_CERTIFIED,0.7163058974612335,0,32,0,0,52,FULL_MOTION_CERTIFICATE,0,0,0,25,0,0,0,0,0,,17.433333333,0.599653233407,0.0203960698272,0,0.999422055679,0.033993449712,0,0.999422055679,0.033993449712,0,0.371252822896,0.00847418682648,0,0.351332780111003,0.00662474381856526,0.0
17.383333333333333,-53.50192258018272,-9.299087863674375,1.9600200490536137,0.1727856693149196,0.0024505738420327362,0.0,0.5995668521258909,0.022794513196162217,0.0,DEPTH_PROPOSAL_CERTIFIED,0.7150391229882387,0,32,0,0,52,FULL_MOTION_CERTIFICATE,0,0,0,25,0,0,0,0,0,,17.45,0.599611241989,0.0215953347023,0,0.999352069981,0.0359922245039,0,0.999352069981,0.0359922245039,0,0.389523921471,0.00945978398399,0,0.3712728481762646,0.0075460292542236795,0.0
17.4,-53.498769131294736,-9.29903940035808,1.9600200490536137,0.18920693327932273,0.0029077989777031737,0.0,0.5995200639965867,0.023993600511980497,0.0,DEPTH_PROPOSAL_CERTIFIED,0.7136548948057175,0,32,0,0,52,FULL_MOTION_CERTIFICATE,0,0,0,25,0,0,0,0,0,,17.466666666,0.599566852126,0.0227945131962,0,0.999278086876,0.0379908553269,0,0.999278086876,0.0379908553269,0,0.406128443122,0.0104627689838,0,0.3895463536450532,0.008485945632882852,0.0
17.416666666666668,-53.49534176018757,-9.298982679949285,1.9600200490536137,0.20564226642983593,0.0034032245276844827,0.0,0.5995200639965867,0.023993600511980497,0.0,DEPTH_PROPOSAL_CERTIFIED,0.7121536282614216,0,32,0,0,52,FULL_MOTION_CERTIFICATE,0,0,0,25,0,0,0,0,0,,17.466666666,0.599566852126,0.0227945131962,0,0.999278086876,0.0379908553269,0,0.999278086876,0.0379908553269,0,0.406128443122,0.0104627689838,0,0.4061533308660633,0.00944741623745543,0.0
17.433333333333334,-53.49162531918666,-9.298914559268157,1.9600200490536137,0.22298646005463285,0.0040872408676510845,0.0,0.5994708777878259,0.025192591853428713,0.0,DEPTH_PROPOSAL_CERTIFIED,0.7105309453436468,0,32,0,0,52,FULL_MOTION_CERTIFICATE,0,0,0,25,0,0,0,0,0,,17.5,0.599520063997,0.023993600512,0,0.999200106661,0.0399893341866,0,0.999200106661,0.0399893341866,0,0.434585622277,0.0124322402152,0,0.4345856222771681,0.01243224021524414,0.0
17.45,-53.487641669997984,-9.298837273817366,1.9600200490536137,0.23901895132064221,0.004637127047416413,0.0,0.5994192936963533,0.02639148242454311,0.0,DEPTH_PROPOSAL_CERTIFIED,0.708795038232436,0,32,0,0,52,FULL_MOTION_CERTIFICATE,0,0,0,25,0,0,0,0,0,,17.516666666,0.599470877788,0.0251925918534,0,0.999118129646,0.041987653089,0,0.999118129646,0.041987653089,0,0.447076929013,0.0133989334825,0,0.4346153447659683,0.011345738440553838,0.0
17.466666666666665,-53.48339528081199,-9.29875033675874,1.9600200490536137,0.2547833511597828,0.005216223517504817,0.0,0.5993653119285051,0.027590267429762998,0.0,DEPTH_PROPOSAL_CERTIFIED,0.7069483464854112,0,32,0,0,52,FULL_MOTION_CERTIFICATE,0,0,0,25,0,0,0,0,0,,17.533333333,0.599419293696,0.0263914824245,0,0.999032156161,0.0439858040409,0,0.999032156161,0.0439858040409,0,0.458618017478,0.0143832175129,0,0.44710902919730944,0.012281200452583768,0.0
17.483333333333334,-53.47889148103111,-9.298653272925874,1.9600200490536137,0.2702279868524786,0.005823829971939261,0.0,0.5993089327002082,0.028788942073949955,0.0,DEPTH_PROPOSAL_CERTIFIED,0.7049936952982838,0,32,0,0,52,FULL_MOTION_CERTIFICATE,0,0,0,25,0,0,0,0,0,,17.55,0.599365311929,0.0275902674298,0,0.998942186548,0.0459837790496,0,0.998942186548,0.0459837790496,0,0.469280691513,0.0153837516176,0,0.45865254230333574,0.013236628716038229,0.0
17.5,-53.47413630536956,-9.29854561985934,1.9600200490536137,0.28531053969323295,0.0064591839919944105,0.0,0.5992501562369797,0.029987501562406996,0.0,DEPTH_PROPOSAL_CERTIFIED,0.7029342244933732,0,32,0,0,52,FULL_MOTION_CERTIFICATE,0,0,0,25,0,0,0,0,0,,17.566666666,0.5993089327,0.0287889420739,0,0.998848221167,0.0479815701232,0,0.998848221167,0.0479815701232,0,0.479131315451,0.0163992963085,0,0.46931768435044696,0.01421050303666771,0.0
17.516666666666666,-53.4691363566314,-9.298426928618529,1.9600200490536137,0.29999692428955504,0.007121474448647965,0.0,0.5992501562369797,0.029987501562406996,0.0,DEPTH_PROPOSAL_CERTIFIED,0.7007733260499249,0,32,0,0,52,FULL_MOTION_CERTIFICATE,0,0,0,25,0,0,0,0,0,,17.566666666,0.5993089327,0.0287889420739,0,0.998848221167,0.0479815701232,0,0.998848221167,0.0479815701232,0,0.479131315451,0.0163992963085,0,0.47917081636469555,0.015201418019821833,0.0
17.533333333333335,-53.46389868522971,-9.298296764397785,1.9600200490536137,0.31426028410181184,0.007809853244601345,0.0,0.5991889827739253,0.031185941100897778,0.0,DEPTH_PROPOSAL_CERTIFIED,0.6985145892858857,0,32,0,0,52,FULL_MOTION_CERTIFICATE,0,0,0,26,0,0,0,0,0,,17.6,0.599250156237,0.0299875015624,0,0.998750260395,0.0499791692707,0,0.998750260395,0.0499791692707,0,0.496641752863,0.0183801297571,0,0.4882732738113155,0.016208074555231156,0.0
17.55,-53.45842092519419,-9.298152028947626,1.9600200490536137,0.3286656021312703,0.00868412700950111,0.0,0.5991254125557386,0.03238425589566573,0.0,DEPTH_PROPOSAL_CERTIFIED,0.6961594364286279,0,32,0,0,52,FULL_MOTION_CERTIFICATE,0,0,0,26,0,0,0,0,0,,17.616666666,0.599188982774,0.0311859411009,0,0.998648304623,0.0519765685015,0,0.998648304623,0.0519765685015,0,0.504410482091,0.0193502669413,0,0.5044104820906736,0.019350266941278893,0.0
17.566666666666666,-53.45272120596764,-9.297995418428567,1.9600200490536137,0.3419831535929687,0.009396631143634931,0.0,0.5990594458367007,0.03358244115345328,0.0,DEPTH_PROPOSAL_CERTIFIED,0.6937140388618284,0,32,0,0,52,FULL_MOTION_CERTIFICATE,0,0,0,26,0,0,0,0,0,,17.633333333,0.599125412556,0.0323842558957,0,0.99854235426,0.0539737598261,0,0.99854235426,0.0539737598261,0,0.511585855754,0.0203376903667,0,0.5044572814257,0.018089181580068087,0.0
17.583333333333332,-53.44680727973651,-9.297826608373697,1.9600200490536137,0.3548355738679135,0.010128603292168779,0.0,0.5989910828806779,0.034780492081520994,0.0,DEPTH_PROPOSAL_CERTIFIED,0.6911822336738422,0,32,0,0,52,FULL_MOTION_CERTIFICATE,0,0,0,26,0,0,0,0,0,,17.65,0.599059445837,0.0335824411535,0,0.998432409728,0.0559707352558,0,0.998432409728,0.0559707352558,0,0.518212643014,0.0213410805979,0,0.5116351012222491,0.01905866350428226,0.0
17.6,-53.44067934258659,-9.297642355623754,1.9600200490536137,0.3676762289951365,0.011055164996605905,0.0,0.5989203239611225,0.03597840388766676,0.0,DEPTH_PROPOSAL_CERTIFIED,0.6885667426817905,0,32,0,0,52,FULL_MOTION_CERTIFICATE,0,0,0,26,0,0,0,0,0,,17.666666666,0.598991082881,0.0347804920815,0,0.998318471468,0.0579674868025,0,0.998318471468,0.0579674868025,0,0.524332221547,0.0223592177907,0,0.524332221547231,0.022359217790736935,0.0
17.616666666666667,-53.43435353895687,-9.29744548525546,1.9600200490536137,0.3795482177830908,0.011812222097605227,0.0,0.5989203239611225,0.03597840388766676,0.0,DEPTH_PROPOSAL_CERTIFIED,0.6858727422978184,0,32,0,0,52,FULL_MOTION_CERTIFICATE,0,0,0,26,0,0,0,0,0,,17.666666666,0.598991082881,0.0347804920815,0,0.998318471468,0.0579674868025,0,0.998318471468,0.0579674868025,0,0.524332221547,0.0223592177907,0,0.5243864809961419,0.02104831872979751,0.0
17.633333333333333,-53.42783772088413,-9.297235668266673,1.9600200490536137,0.3909490843645908,0.012589019327224072,0.0,0.5988471693610697,0.03717617178024494,0.0,DEPTH_PROPOSAL_CERTIFIED,0.6831041334353636,0,32,0,0,52,FULL_MOTION_CERTIFICATE,0,0,0,26,0,0,0,0,0,,17.7,0.598920323961,0.0359784038877,0,0.998200539935,0.0599640064794,0,0.998200539935,0.0599640064794,0,0.53520537259,0.024344567501,0,0.5300396566589,0.022065945528574576,0.0
17.65,-53.42113968629994,-9.297012697919225,1.9600200490536137,0.40188207505132956,0.013378220846866767,0.0,0.5987716193731379,0.03837379096818557,0.0,DEPTH_PROPOSAL_CERTIFIED,0.6802647014586976,0,32,0,0,52,FULL_MOTION_CERTIFICATE,0,0,0,26,0,0,0,0,0,,17.716666666,0.598847169361,0.0371761717802,0,0.998078615602,0.0619602863004,0,0.998078615602,0.0619602863004,0,0.540026720637,0.0253166586953,0,0.5352645614295503,0.02300647938650824,0.0
17.666666666666668,-53.41426714887536,-9.296776358514531,1.9600200490536137,0.4123522454743873,0.01418036428161623,0.0,0.598693674299527,0.03957125666101349,0.0,DEPTH_PROPOSAL_CERTIFIED,0.6773582048572941,0,32,0,0,52,FULL_MOTION_CERTIFICATE,0,0,0,26,0,0,0,0,0,,17.733333333,0.598771619373,0.0383737909682,0,0.997952698955,0.0639563182803,0,0.997952698955,0.0639563182803,0,0.544477091843,0.0263058354025,0,0.54008832463567,0.023966514185558008,0.0
17.683333333333334,-53.407227706262155,-9.296526427951248,1.9600200490536137,0.4223665567924486,0.014995833797029942,0.0,0.5986133344520173,0.04076856406886754,0.0,DEPTH_PROPOSAL_CERTIFIED,0.6743883588575834,0,32,0,0,52,FULL_MOTION_CERTIFICATE,0,0,0,26,0,0,0,0,0,,17.75,0.5986936743,0.039571256661,0,0.997822790499,0.065952094435,0,0.997822790499,0.065952094435,0,0.548584408778,0.0273107915785,0,0.5445411548728039,0.02494456188507785,0.0
17.7,-53.400028813630556,-9.296262679947507,1.9600200490536137,0.4319335578960652,0.015824880224451866,0.0,0.5985306001519677,0.04196570840251966,0.0,DEPTH_PROPOSAL_CERTIFIED,0.6713588216674031,0,32,0,0,52,FULL_MOTION_CERTIFICATE,0,0,0,26,0,0,0,0,0,,17.766666666,0.598613334452,0.0407685640689,0,0.997688890753,0.0679476067814,0,0.997688890753,0.0679476067814,0,0.552374478753,0.0283303197567,0,0.5486509713601948,0.025939246638999963,0.0
17.716666666666665,-53.39267776188227,-9.295984885963662,1.9600200490536137,0.44106310489706413,0.01666763903063672,0.0,0.5985306001519677,0.04196570840251966,0.0,DEPTH_PROPOSAL_CERTIFIED,0.6682731830470234,0,32,0,0,52,FULL_MOTION_CERTIFICATE,0,0,0,26,0,0,0,0,0,,17.766666666,0.598613334452,0.0407685640689,0,0.997688890753,0.0679476067814,0,0.997688890753,0.0679476067814,0,0.552374478753,0.0283303197567,0,0.5524435783092579,0.026949296466092593,0.0
17.733333333333334,-53.38518165998136,-9.29569281685793,1.9600200490536137,0.44976611405433153,0.01752414634394245,0.0,0.5984454717303157,0.04316268487339413,0.0,DEPTH_PROPOSAL_CERTIFIED,0.6651349549322825,0,32,0,0,52,FULL_MOTION_CERTIFICATE,0,0,0,26,0,0,0,0,0,,17.8,0.598530600152,0.0419657084025,0,0.997551000253,0.0699428473375,0,0.997551000253,0.0699428473375,0,0.559102930923,0.0303180314088,0,0.5559428257729762,0.027973535566270552,0.0
17.75,-53.37754741304931,-9.295386358819812,1.9600200490536137,0.45805481592343966,0.018387482287103626,0.0,0.5983579495275746,0.04435948869358664,0.0,DEPTH_PROPOSAL_CERTIFIED,0.6619474686288636,0,32,0,0,52,FULL_MOTION_CERTIFICATE,0,0,0,26,0,0,0,0,0,,17.816666666,0.59844547173,0.0431626848734,0,0.997409119551,0.0719378081223,0,0.997409119551,0.0719378081223,0,0.562083426319,0.0312911111778,0,0.5591769787265654,0.02892018079367062,0.0
17.766666666666666,-53.369781720307174,-9.29506538269583,1.9600200490536137,0.46594156452817226,0.01925856743891928,0.0,0.5982680338938333,0.04555611507588354,0.0,DEPTH_PROPOSAL_CERTIFIED,0.6587139773691493,0,32,0,0,52,FULL_MOTION_CERTIFICATE,0,0,0,26,0,0,0,0,0,,17.833333333,0.598357949528,0.0443594886936,0,0.997263249213,0.073932481156,0,0.997263249213,0.073932481156,0,0.564831496314,0.0322811397973,0,0.5621598975059157,0.029885806291070932,0.0
17.783333333333335,-53.36189106687128,-9.294729746983199,1.9600200490536137,0.47343920615347534,0.02013814275785621,0.0,0.5981757251887541,0.046752559233780876,0.0,DEPTH_PROPOSAL_CERTIFIED,0.6554376502461312,0,32,0,0,52,FULL_MOTION_CERTIFICATE,0,0,0,26,0,0,0,0,0,,17.85,0.598268033894,0.0455561150759,0,0.997113389823,0.0759268584598,0,0.997113389823,0.0759268584598,0,0.567364567394,0.0332868197627,0,0.5649104339821578,0.03086896164888492,0.0
17.8,-53.35387887361245,-9.29437622136054,1.9600200490536137,0.4807315955298123,0.021211537359536212,0.0,0.5980810237815717,0.04794881638150362,0.0,DEPTH_PROPOSAL_CERTIFIED,0.652122777432931,0,32,0,0,52,FULL_MOTION_CERTIFICATE,0,0,0,26,0,0,0,0,0,,17.866666666,0.598175725189,0.0467525592338,0,0.996959541981,0.0779209320563,0,0.996959541981,0.0779209320563,0,0.569698745921,0.0343069515,0,0.569698745921129,0.034306951500033045,0.0
17.816666666666666,-53.345754242048855,-9.294007959549056,1.9600200490536137,0.4874778938156507,0.02209570868909044,0.0,0.5980810237815717,0.04794881638150362,0.0,DEPTH_PROPOSAL_CERTIFIED,0.6487710604349375,0,32,0,0,52,FULL_MOTION_CERTIFICATE,0,0,0,26,0,0,0,0,0,,17.866666666,0.598175725189,0.0467525592338,0,0.996959541981,0.0779209320563,0,0.996959541981,0.0779209320563,0,0.569698745921,0.0343069515,0,0.5697827329028844,0.03288259890965267,0.0
17.833333333333332,-53.33752297211574,-9.293624779825706,1.9600200490536137,0.49387619598686455,0.022990783401055294,0.0,0.5979839300510915,0.04914488173402475,0.0,DEPTH_PROPOSAL_CERTIFIED,0.6453853978729573,0,32,0,0,53,FULL_MOTION_CERTIFICATE,0,0,0,26,0,0,0,0,0,,17.9,0.598081023782,0.0479488163815,0,0.996801706303,0.0799146939692,0,0.996801706303,0.0799146939692,0,0.57383619927,0.0362956072315,0,0.5719354824756779,0.033910694887027165,0.0
17.85,-53.32918843276753,-9.293223572004276,1.9600200490536137,0.5000723608924696,0.02407246928575546,0.0,0.5978844443856884,0.05034075050708449,0.0,DEPTH_PROPOSAL_CERTIFIED,0.6419699871109148,0,32,0,0,53,FULL_MOTION_CERTIFICATE,0,0,0,26,0,0,0,0,0,,17.916666666,0.597983930051,0.049144881734,0,0.996639883418,0.0819081362234,0,0.996639883418,0.0819081362234,0,0.575665572741,0.0372690370791,0,0.5756655727408393,0.03726903707909526,0.0
17.866666666666667,-53.320758332074135,-9.29280751912111,1.9600200490536137,0.5058060416038356,0.02496317298991722,0.0,0.5977825671833051,0.051536417917209316,0.0,DEPTH_PROPOSAL_CERTIFIED,0.6385258579989643,0,32,0,0,53,FULL_MOTION_CERTIFICATE,0,0,0,26,0,0,0,0,0,,17.933333333,0.597884444386,0.0503407505071,0,0.996474073976,0.0839012508451,0,0.996474073976,0.0839012508451,0,0.577348820626,0.0382593184192,0,0.5757569462825045,0.03582975818069134,0.0
17.883333333333333,-53.31223594502953,-9.29237340817441,1.9600200490536137,0.5113432226762828,0.02604665680207351,0.0,0.5976782988514501,0.052731879181731174,0.0,DEPTH_PROPOSAL_CERTIFIED,0.6350572663562599,0,32,0,0,53,FULL_MOTION_CERTIFICATE,0,0,0,26,0,0,0,0,0,,17.95,0.597782567183,0.0515364179172,0,0.996304278639,0.085894029862,0,0.996304278639,0.085894029862,0,0.57889683176,0.0392651593104,0,0.5788968317601438,0.03926515931038105,0.0
17.9,-53.30362814136519,-9.291924434678172,1.9600200490536137,0.5164682198602392,0.02693840977426222,0.0,0.5975716398071965,0.05392712951880662,0.0,DEPTH_PROPOSAL_CERTIFIED,0.6315648392248592,0,32,0,0,53,FULL_MOTION_CERTIFICATE,0,0,0,26,0,0,0,0,0,,17.966666666,0.597678298851,0.0527318791817,0,0.996130498086,0.0878864653029,0,0.996130498086,0.0878864653029,0,0.580319670119,0.0402853653204,0,0.5789931855045098,0.037817796034965157,0.0
17.916666666666668,-53.29493959230935,-9.291460440939522,1.9600200490536137,0.5213129433503434,0.027839624318991146,0.0,0.5975716398071965,0.05392712951880662,0.0,DEPTH_PROPOSAL_CERTIFIED,0.6280509525048421,0,32,0,0,53,FULL_MOTION_CERTIFICATE,0,0,0,26,0,0,0,0,0,,17.966666666,0.597678298851,0.0527318791817,0,0.996130498086,0.0878864653029,0,0.996130498086,0.0878864653029,0,0.580319670119,0.0402853653204,0,0.580418569929605,0.038834441764682204,0.0
17.933333333333334,-53.286173364403844,-9.290978221971004,1.9600200490536137,0.5259736743303851,0.028933138111090387,0.0,0.5974625904771805,0.055122164147435905,0.0,DEPTH_PROPOSAL_CERTIFIED,0.6245197887128375,0,32,0,0,55,FULL_MOTION_CERTIFICATE,0,0,0,26,0,0,0,0,0,,18,0.597571639807,0.0539271295188,0,0.995952733012,0.089878549198,0,0.995952733012,0.089878549198,0,0.582834592287,0.0422740063747,0,0.5828345922868983,0.04227400637470194,0.0
17.95,-53.27733521126916,-9.290480998392391,1.9600200490536137,0.5302891880807795,0.029833414716733606,0.0,0.5973511512975992,0.0563169782874821,0.0,DEPTH_PROPOSAL_CERTIFIED,0.6209714284105112,0,32,0,0,55,FULL_MOTION_CERTIFICATE,0,0,0,26,0,0,0,0,0,,18.016666666,0.597462590477,0.0551221641474,0,0.995770984129,0.0918702735791,0,0.995770984129,0.0918702735791,0,0.583942773924,0.0432473516216,0,0.5829384558355942,0.04081678930558155,0.0
17.966666666666665,-53.268429179499016,-9.289968681447185,1.9600200490536137,0.5343619062087404,0.03073901671240166,0.0,0.5972373227142092,0.05751156715969022,0.0,DEPTH_PROPOSAL_CERTIFIED,0.6174079112752058,0,32,0,0,55,FULL_MOTION_CERTIFICATE,0,0,0,26,0,0,0,0,0,,18.033333333,0.597351151298,0.0563169782875,0,0.995585252163,0.0938616304791,0,0.995585252163,0.0938616304791,0,0.584958560109,0.0442374748736,0,0.5840490673698657,0.04178736105955261,0.0
17.983333333333334,-53.25945912573458,-9.289441167626924,1.9600200490536137,0.5382032258661164,0.031650829215603915,0.0,0.5971211051823245,0.05870592598570639,0.0,DEPTH_PROPOSAL_CERTIFIED,0.6138312046102334,0,32,0,0,55,FULL_MOTION_CERTIFICATE,0,0,0,26,0,0,0,0,0,,18.05,0.597237322714,0.0575115671597,0,0.995395537857,0.0958526119328,0,0.995395537857,0.0958526119328,0,0.585888769416,0.0452430879457,0,0.585067325686096,0.04277494175466953,0.0
18.0,-53.25042872244963,-9.28889834143678,1.9600200490536137,0.5418241970971799,0.032569571408616466,0.0,0.5970024991668155,0.05990004998809689,0.0,DEPTH_PROPOSAL_CERTIFIED,0.6102432038033359,0,32,0,0,55,FULL_MOTION_CERTIFICATE,0,0,0,26,0,0,0,0,0,,18.066666666,0.597121105182,0.0587059259857,0,0.995201841971,0.0978432099762,0,0.995201841971,0.0978432099762,0,0.586739703909,0.0462629998777,0,0.5860000461161581,0.043778226163370265,0.0
18.016666666666666,-53.24134146394923,-9.288340077827236,1.9600200490536137,0.5452355100237501,0.03349581657266499,0.0,0.5970024991668155,0.05990004998809689,0.0,DEPTH_PROPOSAL_CERTIFIED,0.6066457331251232,0,32,0,0,55,FULL_MOTION_CERTIFICATE,0,0,0,26,0,0,0,0,0,,18.083333333,0.597002499167,0.0599000499881,0,0.995004165278,0.0998334166468,0,0.995004165278,0.0998334166468,0,0.587517188414,0.0472961097552,0,0.5868535277279102,0.04479600757405766,0.0
18.033333333333335,-53.23220067251632,-9.287766244326352,1.9600200490536137,0.5484474859746052,0.034430010053059235,0.0,0.5968815051421056,0.061093934390367303,0.0,DEPTH_PROPOSAL_CERTIFIED,0.6030405468135225,0,32,0,0,55,FULL_MOTION_CERTIFICATE,0,0,0,26,0,0,0,0,0,,18.1,0.597002499167,0.0599000499881,0,0.995004165278,0.0998334166468,0,0.995004165278,0.0998334166468,0,0.588235772576,0.0482509537313,0,0.5876335925750303,0.045827170513867116,0.0
18.05,-53.223008816353214,-9.287173731662943,1.9600200490536137,0.5515113697863776,0.03555075980454148,0.0,0.5967581235921711,0.06228757441698163,0.0,DEPTH_PROPOSAL_CERTIFIED,0.5994315411546185,0,32,0,0,55,FULL_MOTION_CERTIFICATE,0,0,0,26,0,0,0,0,0,,18.116666666,0.596881505142,0.0610939343904,0,0.99480250857,0.101823223984,0,0.99480250857,0.101823223984,0,0.58889075229,0.0492239067726,0,0.588890752290003,0.04922390677262578,0.0
18.066666666666666,-53.213769610945334,-9.28656581398969,1.9600200490536137,0.5543523244727204,0.03647506039517022,0.0,0.5966323550105379,0.0634809652933813,0.0,DEPTH_PROPOSAL_CERTIFIED,0.5958177757764194,0,32,0,0,56,FULL_MOTION_CERTIFICATE,0,0,0,26,0,0,0,0,0,,18.133333333,0.596758123592,0.062287574417,0,0.994596872654,0.103812624028,0,0.994596872654,0.103812624028,0,0.589486765279,0.0502135785837,0,0.5890119716461049,0.047751527600841476,0.0
18.083333333333332,-53.20448588769342,-9.28594241065243,1.9600200490536137,0.5570233951149288,0.037404200235553464,0.0,0.5965041999002801,0.06467410224600448,0.0,DEPTH_PROPOSAL_CERTIFIED,0.592200739868685,0,32,0,0,56,FULL_MOTION_CERTIFICATE,0,0,0,26,0,0,0,0,0,,18.15,0.596632355011,0.0634809652934,0,0.994387258351,0.105801608822,0,0.994387258351,0.105801608822,0,0.590028097846,0.0512186836575,0,0.5896104569498728,0.04873970628822977,0.0
18.1,-53.195159872375214,-9.285300277727703,1.9600200490536137,0.5595609190924329,0.038527975483604114,0.0,0.596373658774018,0.06586698050230488,0.0,DEPTH_PROPOSAL_CERTIFIED,0.589392624922858,0,32,0,0,56,FULL_MOTION_CERTIFICATE,0,0,0,26,0,0,0,0,0,,18.166666666,0.5965041999,0.064674102246,0,0.9941736665,0.10779017041,0,0.9941736665,0.10779017041,0,0.590518711618,0.0522380335098,0,0.5905187116179774,0.052238033509819704,0.0
18.116666666666667,-53.18579460637253,-9.28464269833891,1.9600200490536137,0.5619159601608623,0.039454763327635076,0.0,0.596373658774018,0.06586698050230488,0.0,DEPTH_PROPOSAL_CERTIFIED,0.587334634409721,0,32,0,0,56,FULL_MOTION_CERTIFICATE,0,0,0,26,0,0,0,0,0,,18.166666666,0.5965041999,0.064674102246,0,0.9941736665,0.10779017041,0,0.9941736665,0.10779017041,0,0.590518711618,0.0522380335098,0,0.5906474611957028,0.05076157502481349,0.0
18.133333333333333,-53.176392499918464,-9.283969540420337,1.9600200490536137,0.5641263872440176,0.0403894751143915,0.0,0.5962407321539162,0.06705959529077112,0.0,DEPTH_PROPOSAL_CERTIFIED,0.5852768152024166,0,32,0,0,56,FULL_MOTION_CERTIFICATE,0,0,0,26,0,0,0,0,0,,18.2,0.596373658774,0.0658669805023,0,0.993956097957,0.109778300837,0,0.993956097957,0.109778300837,0,0.591372222067,0.0542248061238,0,0.591093597658514,0.05179295891282057,0.0
18.15,-53.1669558233272,-9.283280780566736,1.9600200490536137,0.5662005954758169,0.041325591216046176,0.0,0.5961054205716805,0.06825194184094559,0.0,DEPTH_PROPOSAL_CERTIFIED,0.5832197080103065,0,32,0,0,56,FULL_MOTION_CERTIFICATE,0,0,0,26,0,0,0,0,0,,18.216666666,0.596240732154,0.0670595952908,0,0.99373455359,0.111765992151,0,0.99373455359,0.111765992151,0,0.591741048574,0.0551971385976,0,0.5915059359037697,0.05274620765623392,0.0
18.166666666666668,-53.15748672679072,-9.282576374218426,1.9600200490536137,0.5681457921887728,0.042264380898629605,0.0,0.5959677245685575,0.06944401538344369,0.0,DEPTH_PROPOSAL_CERTIFIED,0.5811638382310294,0,32,0,0,56,FULL_MOTION_CERTIFICATE,0,0,0,26,0,0,0,0,0,,18.233333333,0.596105420572,0.0682519418409,0,0.993509034286,0.113753236402,0,0.993509034286,0.113753236402,0,0.592071682823,0.056186138863,0,0.5918771920868301,0.0537176150261455,0.0
18.183333333333334,-53.14798724577746,-9.281856259025774,1.9600200490536137,0.569968860795726,0.04320691155905542,0.0,0.5958276446953308,0.07063581114997287,0.0,DEPTH_PROPOSAL_CERTIFIED,0.5791097143839457,0,32,0,0,56,FULL_MOTION_CERTIFICATE,0,0,0,26,0,0,0,0,0,,18.25,0.595967724569,0.0694440153834,0,0.993279540948,0.115740025639,0,0.993279540948,0.115740025639,0,0.592366837506,0.057190523468,0,0.5922102978005561,0.05470578561625111,0.0
18.2,-53.13845930630242,-9.281120357826005,1.9600200490536137,0.5716763685021641,0.04415407198614033,0.0,0.5956851815123198,0.07182732437335161,0.0,DEPTH_PROPOSAL_CERTIFIED,0.5770578268737452,0,32,0,0,56,FULL_MOTION_CERTIFICATE,0,0,0,26,0,0,0,0,0,,18.266666666,0.595827644695,0.07063581115,0,0.993046074492,0.117726351917,0,0.993046074492,0.117726351917,0,0.592629019859,0.0582091058274,0,0.5925079625207099,0.055709429196576926,0.0
18.216666666666665,-53.12890473005718,-9.280368581271524,1.9600200490536137,0.5732745747146477,0.04510659326883539,0.0,0.5956851815123198,0.07182732437335161,0.0,DEPTH_PROPOSAL_CERTIFIED,0.5750086470431779,0,32,0,0,56,FULL_MOTION_CERTIFICATE,0,0,0,26,0,0,0,0,0,,18.266666666,0.595827644695,0.07063581115,0,0.993046074492,0.117726351917,0,0.993046074492,0.117726351917,0,0.592629019859,0.0582091058274,0,0.5927726905069488,0.0567273529177158,0.0
18.233333333333334,-53.119325239390626,-9.279600830145263,1.9600200490536137,0.574769439993196,0.046065067575712715,0.0,0.5955403355893769,0.07301855028752864,0.0,DEPTH_PROPOSAL_CERTIFIED,0.5729626264782444,0,32,0,0,56,FULL_MOTION_CERTIFICATE,0,0,0,26,0,0,0,0,0,,18.3,0.595685181512,0.0718273243734,0,0.992808635854,0.119712207289,0,0.992808635854,0.119712207289,0,0.593074534709,0.060194314492,0,0.5930067963914818,0.057758454119614056,0.0
18.25,-53.10972244856374,-9.27881711137504,1.9600200490536137,0.5761674496135126,0.04702312621335058,0.0,0.5953931075058857,0.07420948412760188,0.0,DEPTH_PROPOSAL_CERTIFIED,0.570920097612041,0,32,0,0,56,FULL_MOTION_CERTIFICATE,0,0,0,26,0,0,0,0,0,,18.316666666,0.595540335589,0.0730185502875,0,0.992567225982,0.121697583813,0,0.992567225982,0.121697583813,0,0.593261337798,0.0611658474679,0,0.5932231669813772,0.05871144159253319,0.0
18.266666666666666,-53.10009788381171,-9.278017408541293,1.9600200490536137,0.5774738851213573,0.04798217002485505,0.0,0.5952434978507584,0.07540012112983754,0.0,DEPTH_PROPOSAL_CERTIFIED,0.568881388239769,0,32,0,0,56,FULL_MOTION_CERTIFICATE,0,0,0,26,0,0,0,0,0,,18.333333333,0.595393107506,0.0742094841276,0,0.992321845843,0.123682473546,0,0.992321845843,0.123682473546,0,0.593422835507,0.0621540017801,0,0.5934123983170644,0.0596825045252104,0.0
18.283333333333335,-53.09045298764456,-9.277201685402014,1.9600200490536137,0.5786937700291285,0.04894338835672543,0.0,0.5950915072224333,0.07659045653168924,0.0,DEPTH_PROPOSAL_CERTIFIED,0.5668468195287877,0,32,0,0,56,FULL_MOTION_CERTIFICATE,0,0,0,26,0,0,0,0,0,,18.35,0.595243497851,0.0754001211298,0,0.992072496418,0.12566686855,0,0.992072496418,0.12566686855,0,0.593560764475,0.0631574956903,0,0.5935763659039345,0.06067025200554205,0.0
18.3,-53.08078917359887,-9.276366730247783,1.9600200490536137,0.5798288427413135,0.05009730925380514,0.0,0.5949371362288728,0.07778048557181691,0.0,DEPTH_PROPOSAL_CERTIFIED,0.5648193339640128,0,32,0,0,56,FULL_MOTION_CERTIFICATE,0,0,0,26,0,0,0,0,0,,18.366666666,0.595091507222,0.0765904565317,0,0.991819178704,0.127650760886,0,0.991819178704,0.127650760886,0,0.59367672983,0.0641751441982,0,0.5936767298299722,0.06417514419817849,0.0
18.316666666666666,-53.07110767461689,-9.275515874280272,1.9600200490536137,0.5808899389188299,0.05105135805066948,0.0,0.5949371362288728,0.07778048557181691,0.0,DEPTH_PROPOSAL_CERTIFIED,0.562796392843306,0,32,0,0,56,FULL_MOTION_CERTIFICATE,0,0,0,26,0,0,0,0,0,,18.366666666,0.595091507222,0.0765904565317,0,0.991819178704,0.127650760886,0,0.991819178704,0.127650760886,0,0.59367672983,0.0641751441982,0,0.5938353122845306,0.06269075337241511,0.0
18.333333333333332,-53.06140970665111,-9.274649021013406,1.9600200490536137,0.5818780779467871,0.05201119601189153,0.0,0.5947803854875606,0.07897020349010601,0.0,DEPTH_PROPOSAL_CERTIFIED,0.5607783051874187,0,32,0,0,56,FULL_MOTION_CERTIFICATE,0,0,0,26,0,0,0,0,0,,18.4,0.594937136229,0.0777804855718,0,0.991561893715,0.12963414262,0,0.991561893715,0.12963414262,0,0.593860466763,0.0661584756808,0,0.5939333740878658,0.06372121913880126,0.0
18.35,-53.05169652141308,-9.273763079533069,1.9600200490536137,0.5827911142820565,0.05315648882023812,0.0,0.5946212556254995,0.08015960552768644,0.0,DEPTH_PROPOSAL_CERTIFIED,0.5587678496788804,0,32,0,0,56,FULL_MOTION_CERTIFICATE,0,0,0,26,0,0,0,0,0,,18.416666666,0.594780385488,0.0789702034901,0,0.991300642479,0.131617005817,0,0.991300642479,0.131617005817,0,0.593930157572,0.0671290610821,0,0.5939301575723417,0.06712906108206418,0.0
18.366666666666667,-53.04196906217285,-9.272861370958493,1.9600200490536137,0.5836475544136777,0.05410251447450935,0.0,0.5944597472792088,0.08134868692695166,0.0,DEPTH_PROPOSAL_CERTIFIED,0.5567624383608993,0,32,0,0,56,FULL_MOTION_CERTIFICATE,0,0,0,26,0,0,0,0,0,,18.433333333,0.594621255625,0.0801596055277,0,0.991035426042,0.133599342546,0,0.991035426042,0.133599342546,0,0.593982513487,0.0681162235598,0,0.594096124019456,0.06564402745661911,0.0
18.383333333333333,-53.03222850809279,-9.271940702575268,1.9600200490536137,0.5844332448037349,0.055240102993550554,0.0,0.5942958610947215,0.08253744293157761,0.0,DEPTH_PROPOSAL_CERTIFIED,0.554764901798205,0,32,0,0,56,FULL_MOTION_CERTIFICATE,0,0,0,26,0,0,0,0,0,,18.45,0.594459747279,0.081348686927,0,0.990766245465,0.135581144878,0,0.990766245465,0.135581144878,0,0.594018667562,0.0691186829259,0,0.5940186675624346,0.06911868292585403,0.0
18.4,-53.02247563537261,-9.271004386062225,1.9600200490536137,0.5851723632112082,0.05617899078253148,0.0,0.5941295977275822,0.0837258687865419,0.0,DEPTH_PROPOSAL_CERTIFIED,0.5527726287873618,0,32,0,0,56,FULL_MOTION_CERTIFICATE,0,0,0,26,0,0,0,0,0,,18.466666666,0.594295861095,0.0825374429316,0,0.990493101825,0.137562404886,0,0.990493101825,0.137562404886,0,0.594039667072,0.0701352556129,0,0.5941896077823834,0.06763342180809949,0.0
18.416666666666668,-53.012711347519286,-9.270052323402671,1.9600200490536137,0.5858572711993754,0.057123759573221404,0.0,0.5941295977275822,0.0837258687865419,0.0,DEPTH_PROPOSAL_CERTIFIED,0.5507858446352225,0,32,0,0,56,FULL_MOTION_CERTIFICATE,0,0,0,26,0,0,0,0,0,,18.466666666,0.594295861095,0.0825374429316,0,0.990493101825,0.137562404886,0,0.990493101825,0.137562404886,0,0.594039667072,0.0701352556129,0,0.5942131486550121,0.06864993881963653,0.0
18.433333333333334,-53.00293671180536,-9.269081330590964,1.9600200490536137,0.5864781428356263,0.058259568702390054,0.0,0.5939609578428443,0.08491395973814267,0.0,DEPTH_PROPOSAL_CERTIFIED,0.5488073221204413,0,32,0,0,56,FULL_MOTION_CERTIFICATE,0,0,0,26,0,0,0,0,0,,18.5,0.594129597728,0.0837258687865,0,0.990215996213,0.139543114644,0,0.990215996213,0.139543114644,0,0.594052776798,0.0721164400782,0,0.5940527767978873,0.07211644007824841,0.0
18.45,-52.993152286863584,-9.268094717178732,1.9600200490536137,0.5870654965068909,0.05919680473398983,0.0,0.5937899421150669,0.08610171103401772,0.0,DEPTH_PROPOSAL_CERTIFIED,0.5468344134080907,0,32,0,0,56,FULL_MOTION_CERTIFICATE,0,0,0,26,0,0,0,0,0,,18.516666666,0.593960957843,0.0849139597381,0,0.989934929738,0.14152326623,0,0.989934929738,0.14152326623,0,0.594045820817,0.0730859491046,0,0.5942312112963191,0.07063108431950782,0.0
18.466666666666665,-52.98335859635744,-9.267094318395198,1.9600200490536137,0.5876214303686668,0.06002392701202136,0.0,0.5936165512283127,0.08728911792316339,0.0,DEPTH_PROPOSAL_CERTIFIED,0.5448656785516477,0,32,0,0,56,FULL_MOTION_CERTIFICATE,0,0,0,26,0,0,0,0,0,,18.533333333,0.593789942115,0.086101711034,0,0.989649903525,0.143502851723,0,0.989649903525,0.143502851723,0,0.594026436066,0.0740719916947,0,0.5944038234823334,0.0701148188040066,0.0
18.483333333333334,-52.97355658725388,-9.266078057530017,1.9600200490536137,0.5881205462135334,0.06097565191085827,0.0,0.5934407858761452,0.08847617565595378,0.0,DEPTH_PROPOSAL_CERTIFIED,0.5429029593519785,0,32,0,0,56,FULL_MOTION_CERTIFICATE,0,0,0,26,0,0,0,0,0,,18.55,0.593616551228,0.0872891179232,0,0.989360918714,0.145481863205,0,0.989360918714,0.145481863205,0,0.593995384184,0.0750732891563,0,0.5942097595209048,0.07258669567666659,0.0
18.5,-52.963746925795824,-9.265045871897502,1.9600200490536137,0.5885796874834709,0.06193113795085465,0.0,0.5932626467616253,0.08966287948415953,0.0,DEPTH_PROPOSAL_CERTIFIED,0.5409463854729388,0,32,0,0,56,FULL_MOTION_CERTIFICATE,0,0,0,27,0,0,0,0,0,,18.566666666,0.593440785876,0.088476175656,0,0.98906797646,0.14746029276,0,0.98906797646,0.14746029276,0,0.593953369162,0.0760886593051,0,0.5941812109767084,0.07358806763881122,0.0
18.516666666666666,-52.95393024155112,-9.26399768575779,1.9600200490536137,0.589001054682382,0.06289116838275785,0.0,0.5932626467616253,0.08966287948415953,0.0,DEPTH_PROPOSAL_CERTIFIED,0.5389960864878309,0,32,0,0,56,FULL_MOTION_CERTIFICATE,0,0,0,27,0,0,0,0,0,,18.566666666,0.593440785876,0.088476175656,0,0.98906797646,0.14746029276,0,0.98906797646,0.14746029276,0,0.593953369162,0.0760886593051,0,0.5941417345090967,0.07460353965197755,0.0
18.533333333333335,-52.94410712937282,-9.262933412687637,1.9600200490536137,0.589386730698064,0.06385638420914172,0.0,0.5930821345973095,0.09084922466096687,0.0,DEPTH_PROPOSAL_CERTIFIED,0.5370521903825332,0,32,0,0,56,FULL_MOTION_CERTIFICATE,0,0,0,27,0,0,0,0,0,,18.6,0.593262646762,0.0896628794842,0,0.988771077936,0.149438132474,0,0.988771077936,0.149438132474,0,0.593852678452,0.0780674540662,0,0.5940919780893845,0.07563201729102301,0.0
18.55,-52.93427845207681,-9.261849973726358,1.9600200490536137,0.5897206377603426,0.0650063376767507,0.0,0.592899250105246,0.09203520644099672,0.0,DEPTH_PROPOSAL_CERTIFIED,0.5351172809076978,0,32,0,0,56,FULL_MOTION_CERTIFICATE,0,0,0,27,0,0,0,0,0,,18.616666666,0.593082134597,0.090849224661,0,0.988470224329,0.151415374435,0,0.988470224329,0.151415374435,0,0.59379430392,0.0790357699816,0,0.5937943039201407,0.07903576998158099,0.0
18.566666666666666,-52.92444438412453,-9.260750695496007,1.9600200490536137,0.590044077137062,0.06595669382104732,0.0,0.5927139940169727,0.09322082008032352,0.0,DEPTH_PROPOSAL_CERTIFIED,0.533188639357282,0,32,0,0,56,FULL_MOTION_CERTIFICATE,0,0,0,27,0,0,0,0,0,,18.633333333,0.592899250105,0.092035206441,0,0.988165416842,0.153392010735,0,0.988165416842,0.153392010735,0,0.593726496812,0.0800205757937,0,0.593990037533039,0.077551038781467,0.0
18.583333333333332,-52.91460541640518,-9.259635534289378,1.9600200490536137,0.5903380631606449,0.06690967239775743,0.0,0.5925263670735136,0.09440606083649429,0.0,DEPTH_PROPOSAL_CERTIFIED,0.5312663319849447,0,32,0,0,56,FULL_MOTION_CERTIFICATE,0,0,0,27,0,0,0,0,0,,18.65,0.592713994017,0.0932208200803,0,0.987856656695,0.155368033467,0,0.987856656695,0.155368033467,0,0.593649792053,0.0810205943202,0,0.5939246926483565,0.07853601103362143,0.0
18.6,-52.904762374669495,-9.258501275895407,1.9600200490536137,0.5905825041411501,0.06805550363833038,0.0,0.5923363700253761,0.09559092396854758,0.0,DEPTH_PROPOSAL_CERTIFIED,0.5293530210672206,0,32,0,0,56,FULL_MOTION_CERTIFICATE,0,0,0,27,0,0,0,0,0,,18.666666666,0.592526367074,0.0944060608365,0,0.987543945123,0.157343434727,0,0.987543945123,0.157343434727,0,0.593564684103,0.0820346447733,0,0.593564684103314,0.08203464477331798,0.0
18.616666666666667,-52.89491531094963,-9.257351241018338,1.9600200490536137,0.5908238231920435,0.06900209262411355,0.0,0.5923363700253761,0.09559092396854758,0.0,DEPTH_PROPOSAL_CERTIFIED,0.5274459808509346,0,32,0,0,56,FULL_MOTION_CERTIFICATE,0,0,0,27,0,0,0,0,0,,18.666666666,0.592526367074,0.0944060608365,0,0.987543945123,0.157343434727,0,0.987543945123,0.157343434727,0,0.593564684103,0.0820346447733,0,0.5937679156129438,0.08055047825066894,0.0
18.633333333333333,-52.88506501263094,-9.25618225572265,1.9600200490536137,0.591017899121361,0.070139117741268,0.0,0.5921440036325484,0.09677540473703246,0.0,DEPTH_PROPOSAL_CERTIFIED,0.525547818517857,0,32,0,0,56,FULL_MOTION_CERTIFICATE,0,0,0,27,0,0,0,0,0,,18.7,0.592336370025,0.0955909239685,0,0.987227283376,0.159318206614,0,0.987227283376,0.159318206614,0,0.593385625459,0.0840108241706,0,0.5933856254590357,0.08401082417055325,0.0
18.65,-52.87521146191471,-9.254997629036334,1.9600200490536137,0.5912130429736496,0.0710776011789364,0.0,0.5919492686644957,0.09795949840402741,0.0,DEPTH_PROPOSAL_CERTIFIED,0.5236558135341114,0,32,0,0,56,FULL_MOTION_CERTIFICATE,0,0,0,27,0,0,0,0,0,,18.716666666,0.592144003633,0.096775404737,0,0.986906672721,0.161292341228,0,0.986906672721,0.161292341228,0,0.593291563203,0.0849778378112,0,0.5935937979715703,0.08252709911849145,0.0
18.666666666666668,-52.86535502090736,-9.253797324643308,1.9600200490536137,0.5913864604408943,0.07201826358148442,0.0,0.5917521659001576,0.09914320023315938,0.0,DEPTH_PROPOSAL_CERTIFIED,0.5217699921327341,0,32,0,0,56,FULL_MOTION_CERTIFICATE,0,0,0,27,0,0,0,0,0,,18.733333333,0.591949268664,0.097959498404,0,0.986582114441,0.163265830673,0,0.986582114441,0.163265830673,0,0.593189874221,0.0859612969666,0,0.5935021535412781,0.08349434489256835,0.0
18.683333333333334,-52.85549644038425,-9.252578154514879,1.9600200490536137,0.5915148313864148,0.07315020770576275,0.0,0.5915526961279449,0.10032650548962259,0.0,DEPTH_PROPOSAL_CERTIFIED,0.5198929429538932,0,32,0,0,56,FULL_MOTION_CERTIFICATE,0,0,0,27,0,0,0,0,0,,18.75,0.5917521659,0.0991432002332,0,0.986253609834,0.165238667055,0,0.986253609834,0.165238667055,0,0.593080956922,0.086959926022,0,0.593080956921766,0.08695992602195925,0.0
18.7,-52.84563561027561,-9.251343420313573,1.9600200490536137,0.5916498065187574,0.07408405207839497,0.0,0.5913508601457365,0.10150940944019761,0.0,DEPTH_PROPOSAL_CERTIFIED,0.5180219477677679,0,32,0,0,56,FULL_MOTION_CERTIFICATE,0,0,0,27,0,0,0,0,0,,18.766666666,0.591552696128,0.10032650549,0,0.985921160213,0.167210842483,0,0.985921160213,0.167210842483,0,0.592965179594,0.0879725456381,0,0.5932965031333377,0.08547695342450876,0.0
18.716666666666665,-52.83577284399121,-9.250093022214235,1.9600200490536137,0.5917659770637993,0.07502388596027632,0.0,0.5913508601457365,0.10150940944019761,0.0,DEPTH_PROPOSAL_CERTIFIED,0.5161570691348201,0,32,0,0,56,FULL_MOTION_CERTIFICATE,0,0,0,27,0,0,0,0,0,,18.766666666,0.591552696128,0.10032650549,0,0.985921160213,0.167210842483,0,0.985921160213,0.167210842483,0,0.592965179594,0.0879725456381,0,0.5931832577133109,0.08648985931922948,0.0
18.733333333333334,-52.825908439388755,-9.248826851645324,1.9600200490536137,0.591864276147036,0.07597023413464997,0.0,0.5911466587608758,0.10269190735327022,0.0,DEPTH_PROPOSAL_CERTIFIED,0.514298371313102,0,32,0,0,56,FULL_MOTION_CERTIFICATE,0,0,0,27,0,0,0,0,0,,18.8,0.591350860146,0.10150940944,0,0.98558476691,0.169182349067,0,0.98558476691,0.169182349067,0,0.592729850652,0.0899458947381,0,0.5930635249625227,0.08751568186200667,0.0
18.75,-52.81604266030811,-9.24754490638394,1.9600200490536137,0.5919467448385374,0.07691671568310302,0.0,0.5909400927901683,0.10387399449885033,0.0,DEPTH_PROPOSAL_CERTIFIED,0.5124458263438211,0,32,0,0,56,FULL_MOTION_CERTIFICATE,0,0,0,27,0,0,0,0,0,,18.816666666,0.591146658761,0.102691907353,0,0.985244431268,0.171153178922,0,0.985244431268,0.171153178922,0,0.592609911877,0.0909115017157,0,0.5929528628748543,0.0884637905742308,0.0
18.766666666666666,-52.80617575926579,-9.246247161907027,1.9600200490536137,0.5920140625393872,0.07786466861476292,0.0,0.5907311630598777,0.10505566614859094,0.0,DEPTH_PROPOSAL_CERTIFIED,0.5105994203518477,0,32,0,0,56,FULL_MOTION_CERTIFICATE,0,0,0,27,0,0,0,0,0,,18.833333333,0.59094009279,0.103873994499,0,0.98490015465,0.173123324165,0,0.98490015465,0.173123324165,0,0.592483410429,0.0918935087644,0,0.5928353384897547,0.08942969438101442,0.0
18.783333333333335,-52.79630797788267,-9.244933574821529,1.9600200490536137,0.5920668829872834,0.07881522512987187,0.0,0.5905198704057224,0.10623691757580704,0.0,DEPTH_PROPOSAL_CERTIFIED,0.509318375799402,0,32,0,0,56,FULL_MOTION_CERTIFICATE,0,0,0,27,0,0,0,0,0,,18.85,0.59073116306,0.105055666149,0,0.984551938433,0.175092776914,0,0.984551938433,0.175092776914,0,0.592350664413,0.0928906419195,0,0.5927112924516167,0.09041201461419908,0.0
18.8,-52.78644001331153,-9.243600939127145,1.9600200490536137,0.5920778742687836,0.07995814166307759,0.0,0.5903062156728729,0.10741774405549451,0.0,DEPTH_PROPOSAL_CERTIFIED,0.5089785277329261,0,32,0,0,56,FULL_MOTION_CERTIFICATE,0,0,0,27,0,0,0,0,0,,18.866666666,0.590519870406,0.106236917576,0,0.98419978401,0.177061529293,0,0.98419978401,0.177061529293,0,0.592211967903,0.0939017233682,0,0.5922119679030852,0.09390172336818833,0.0
18.816666666666666,-52.77657158536029,-9.242252567624824,1.9600200490536137,0.592105677074598,0.08090229013920167,0.0,0.5903062156728729,0.10741774405549451,0.0,DEPTH_PROPOSAL_CERTIFIED,0.508640361479999,0,32,0,0,56,FULL_MOTION_CERTIFICATE,0,0,0,27,0,0,0,0,0,,18.866666666,0.590519870406,0.106236917576,0,0.98419978401,0.177061529293,0,0.98419978401,0.177061529293,0,0.592211967903,0.0939017233682,0,0.5924448713055342,0.09242090154791616,0.0
18.833333333333332,-52.76670290819268,-9.240888359114766,1.9600200490536137,0.5921206300564202,0.08185251060345106,0.0,0.5900901997159477,0.10859814086434895,0.0,DEPTH_PROPOSAL_CERTIFIED,0.5083038022993798,0,32,0,0,57,FULL_MOTION_CERTIFICATE,0,0,0,27,0,0,0,0,0,,18.9,0.590306215673,0.107417744055,0,0.983843692788,0.179029573426,0,0.983843692788,0.179029573426,0,0.591934155073,0.0958720340434,0,0.592303056434651,0.09344520026729425,0.0
18.85,-52.756834642854066,-9.239505231889554,1.9600200490536137,0.5920959203165851,0.08298763351276911,0.0,0.5898718233990105,0.10977810328078474,0.0,DEPTH_PROPOSAL_CERTIFIED,0.5079710677069518,0,32,0,0,57,FULL_MOTION_CERTIFICATE,0,0,0,27,0,0,0,0,0,,18.916666666,0.590090199716,0.108598140864,0,0.983483666193,0.180996901441,0,0.983483666193,0.180996901441,0,0.591794461491,0.0968361330064,0,0.5917944614905962,0.09683613300644703,0.0
18.866666666666667,-52.746966454811044,-9.238106487603396,1.9600200490536137,0.5920912825815564,0.08392465716946028,0.0,0.5896510875955661,0.11095762658495378,0.0,DEPTH_PROPOSAL_CERTIFIED,0.5076394364026701,0,32,0,0,57,FULL_MOTION_CERTIFICATE,0,0,0,27,0,0,0,0,0,,18.933333333,0.589871823399,0.109778103281,0,0.983119705665,0.182963505468,0,0.983119705665,0.182963505468,0,0.591648807087,0.0978165853196,0,0.5920347022142061,0.09535634578109319,0.0
18.883333333333333,-52.73709851901952,-9.236692070966233,1.9600200490536137,0.592076147491576,0.08486499822979894,0.0,0.5894279931885575,0.11213670605876441,0.0,DEPTH_PROPOSAL_CERTIFIED,0.5073087955292063,0,32,0,0,57,FULL_MOTION_CERTIFICATE,0,0,0,27,0,0,0,0,0,,18.95,0.589651087596,0.110957626585,0,0.982751812659,0.184929377642,0,0.982751812659,0.184929377642,0,0.591497464698,0.0988121187687,0,0.5918914993938146,0.09633715916593125,0.0
18.9,-52.72723100431534,-9.235261911816911,1.9600200490536137,0.5920508822504765,0.0858095489593274,0.0,0.5892025410703622,0.11331533698590034,0.0,DEPTH_PROPOSAL_CERTIFIED,0.5069790418764438,0,32,0,0,57,FULL_MOTION_CERTIFICATE,0,0,0,27,0,0,0,0,0,,18.966666666,0.589427993189,0.112136706059,0,0.982379988648,0.186894510098,0,0.982379988648,0.186894510098,0,0.59134068656,0.0998215571594,0,0.5917426463090627,0.09733306785957518,0.0
18.916666666666668,-52.71736407356318,-9.233815927735668,1.9600200490536137,0.5920158451295278,0.08675904487458377,0.0,0.5892025410703622,0.11331533698590034,0.0,DEPTH_PROPOSAL_CERTIFIED,0.5066500796970047,0,32,0,0,57,FULL_MOTION_CERTIFICATE,0,0,0,27,0,0,0,0,0,,18.966666666,0.589427993189,0.112136706059,0,0.982379988648,0.186894510098,0,0.982379988648,0.186894510098,0,0.59134068656,0.0998215571594,0,0.5915883922539525,0.09834289504070956,0.0
18.933333333333334,-52.70749838883217,-9.232350966911019,1.9600200490536137,0.591941083860814,0.08789764947894296,0.0,0.5889747321427881,0.1144935146518394,0.0,DEPTH_PROPOSAL_CERTIFIED,0.5063241224666866,0,32,0,0,59,FULL_MOTION_CERTIFICATE,0,0,0,27,0,0,0,0,0,,19,0.58920254107,0.113315336986,0,0.982004235117,0.188858894977,0,0.982004235117,0.188858894977,0,0.591028996383,0.101788625652,0,0.5910289963825064,0.10178862565212593,0.0
18.95,-52.69763353675664,-9.230870332996556,1.9600200490536137,0.5918911245317304,0.08883803486773645,0.0,0.5887445673170708,0.11567123434387253,0.0,DEPTH_PROPOSAL_CERTIFIED,0.5059984989951917,0,32,0,0,59,FULL_MOTION_CERTIFICATE,0,0,0,27,0,0,0,0,0,,19.016666666,0.588974732143,0.114493514652,0,0.981624553571,0.19082252442,0,0.981624553571,0.19082252442,0,0.59087337031,0.102751117205,0,0.5912816207169106,0.10031073661101775,0.0
18.966666666666665,-52.68776964771542,-9.229373997593012,1.9600200490536137,0.5918333424730444,0.08978012421263494,0.0,0.5885120475138692,0.11684849135112249,0.0,DEPTH_PROPOSAL_CERTIFIED,0.5056730707980452,0,32,0,0,59,FULL_MOTION_CERTIFICATE,0,0,0,27,0,0,0,0,0,,19.033333333,0.588744567317,0.115671234344,0,0.981240945528,0.192785390573,0,0.981240945528,0.192785390573,0,0.590712097353,0.103729913977,0,0.5911284013570747,0.10127361422039716,0.0
18.983333333333334,-52.67790684928857,-9.227861913847418,1.9600200490536137,0.5917679056109352,0.09072502473563165,0.0,0.5882771736632623,0.11802528096456286,0.0,DEPTH_PROPOSAL_CERTIFIED,0.5053477121426739,0,32,0,0,59,FULL_MOTION_CERTIFICATE,0,0,0,27,0,0,0,0,0,,19.05,0.588512047514,0.116848491351,0,0.980853412523,0.194747485585,0,0.980853412523,0.194747485585,0,0.590545426907,0.104723745616,0,0.5909695758932023,0.10225281111618956,0.0
19.0,-52.66804526615852,-9.226334019455878,1.9600200490536137,0.5916949878029011,0.0916736634924224,0.0,0.5880399467047449,0.11920159847703672,0.0,DEPTH_PROPOSAL_CERTIFIED,0.5050223075377216,0,32,0,0,59,FULL_MOTION_CERTIFICATE,0,0,0,27,0,0,0,0,0,,19.066666666,0.588277173663,0.118025280965,0,0.980461956105,0.196708801608,0,0.980461956105,0.196708801608,0,0.590373589547,0.105731437648,0,0.5908053905448855,0.10324705632527012,0.0
19.016666666666666,-52.658185020042175,-9.224790239317736,1.9600200490536137,0.5916147669806548,0.09262680828850592,0.0,0.5880399467047449,0.11920159847703672,0.0,DEPTH_PROPOSAL_CERTIFIED,0.5046967495426931,0,32,0,0,59,FULL_MOTION_CERTIFICATE,0,0,0,27,0,0,0,0,0,,19.066666666,0.588277173663,0.118025280965,0,0.980461956105,0.196708801608,0,0.980461956105,0.196708801608,0,0.590373589547,0.105731437648,0,0.5906360729492505,0.1042551748007255,0.0
19.033333333333335,-52.648326229649875,-9.2232304878765,1.9600200490536137,0.5915274235380289,0.09358508647415184,0.0,0.5878003675872249,0.12037743918327563,0.0,DEPTH_PROPOSAL_CERTIFIED,0.504370936863133,0,32,0,0,59,FULL_MOTION_CERTIFICATE,0,0,0,27,0,0,0,0,0,,19.1,0.588039946705,0.119201598477,0,0.980066577841,0.198669330795,0,0.980066577841,0.198669330795,0,0.590033400559,0.107695063059,0,0.5904618335379923,0.10527608033903016,0.0
19.05,-52.638469539247644,-9.221651707694587,1.9600200490536137,0.5914014241337001,0.09472681091478237,0.0,0.5875584372690182,0.12155279837991831,0.0,DEPTH_PROPOSAL_CERTIFIED,0.5040469329107904,0,32,0,0,59,FULL_MOTION_CERTIFICATE,0,0,0,27,0,0,0,0,0,,19.116666666,0.587800367587,0.120377439183,0,0.979667279312,0.200629065305,0,0.979667279312,0.200629065305,0,0.589864231401,0.10865584909,0,0.5898642314008882,0.10865584909047568,0.0
19.066666666666666,-52.628614449093796,-9.22005720271522,1.9600200490536137,0.591305409230836,0.09567029876205078,0.0,0.5873141567178459,0.12272767136552952,0.0,DEPTH_PROPOSAL_CERTIFIED,0.5037221412549402,0,32,0,0,60,FULL_MOTION_CERTIFICATE,0,0,0,27,0,0,0,0,0,,19.133333333,0.587558437269,0.12155279838,0,0.979264062115,0.2025879973,0,0.979264062115,0.2025879973,0,0.589689550024,0.109632890723,0,0.5901340274158935,0.10718085049872622,0.0
19.083333333333332,-52.61876105542991,-9.21844693002497,1.9600200490536137,0.5912036198335142,0.09661636141498915,0.0,0.5870675269108299,0.12390205344061891,0.0,DEPTH_PROPOSAL_CERTIFIED,0.5033964293817801,0,32,0,0,60,FULL_MOTION_CERTIFICATE,0,0,0,27,0,0,0,0,0,,19.15,0.587314156718,0.122727671366,0,0.978856927863,0.204546118943,0,0.978856927863,0.204546118943,0,0.589509595982,0.110624919579,0,0.5899617891861889,0.10815832578083787,0.0
19.1,-52.60891003427747,-9.216817699756943,1.9600200490536137,0.5910612691458683,0.09775381608153347,0.0,0.5868185488344889,0.12507593990765972,0.0,DEPTH_PROPOSAL_CERTIFIED,0.5030719262416554,0,32,0,0,60,FULL_MOTION_CERTIFICATE,0,0,0,27,0,0,0,0,0,,19.166666666,0.587067526911,0.123902053441,0,0.978445878185,0.206503422401,0,0.978445878185,0.206503422401,0,0.589324590757,0.111630763013,0,0.5893245907565894,0.11163076301337169,0.0
19.116666666666667,-52.59906085585662,-9.215172808771564,1.9600200490536137,0.5909507052511079,0.09869345912272226,0.0,0.5868185488344889,0.12507593990765972,0.0,DEPTH_PROPOSAL_CERTIFIED,0.5027460741395025,0,32,0,0,60,FULL_MOTION_CERTIFICATE,0,0,0,27,0,0,0,0,0,,19.166666666,0.587067526911,0.123902053441,0,0.978445878185,0.206503422401,0,0.978445878185,0.206503422401,0,0.589324590757,0.111630763013,0,0.5896018257350308,0.11015710422522623,0.0
19.133333333333333,-52.58921361706223,-9.213512156813236,1.9600200490536137,0.5908343276636128,0.0996391174996649,0.0,0.586567223484735,0.1262493260711077,0.0,DEPTH_PROPOSAL_CERTIFIED,0.5024187809616388,0,32,0,0,60,FULL_MOTION_CERTIFICATE,0,0,0,27,0,0,0,0,0,,19.2,0.586818548834,0.125075939908,0,0.978030914724,0.208459899846,0,0.978030914724,0.208459899846,0,0.58895927013,0.113590746368,0,0.5894145210961711,0.11117614969836585,0.0
19.15,-52.579368389532306,-9.211835748696757,1.9600200490536137,0.5907136517953817,0.10058448698873035,0.0,0.5863135518668693,0.12742220723741973,0.0,DEPTH_PROPOSAL_CERTIFIED,0.5020898781473798,0,32,0,0,60,FULL_MOTION_CERTIFICATE,0,0,0,27,0,0,0,0,0,,19.216666666,0.586567223485,0.126249326071,0,0.977612039141,0.210415543452,0,0.977612039141,0.210415543452,0,0.588778054482,0.11454972964,0,0.5892414062029632,0.11211799475532938,0.0
19.166666666666668,-52.56952524667816,-9.21014356666477,1.9600200490536137,0.5905885712485558,0.10153092191910339,0.0,0.5860575349955779,0.12859457871507268,0.0,DEPTH_PROPOSAL_CERTIFIED,0.5017592129990693,0,32,0,0,60,FULL_MOTION_CERTIFICATE,0,0,0,27,0,0,0,0,0,,19.233333333,0.586313551867,0.127422207237,0,0.977189253111,0.212370345396,0,0.977189253111,0.212370345396,0,0.588591349735,0.115524917357,0,0.5890625885772792,0.11307742806965251,0.0
19.183333333333334,-52.55968486793662,-9.208432465287688,1.9600200490536137,0.5904227244925104,0.10266608262499335,0.0,0.5857991738949277,0.12976643581458225,0.0,DEPTH_PROPOSAL_CERTIFIED,0.5014288277071324,0,32,0,0,60,FULL_MOTION_CERTIFICATE,0,0,0,27,0,0,0,0,0,,19.25,0.586057534996,0.128594578715,0,0.976762558326,0.214324297858,0,0.976762558326,0.214324297858,0,0.588399394069,0.116515043237,0,0.5883993940687566,0.11651504323685179,0.0
19.2,-52.549846678439856,-9.206705735628345,1.9600200490536137,0.5902913698056744,0.10360377956057328,0.0,0.5855384695983633,0.1309377738485216,0.0,DEPTH_PROPOSAL_CERTIFIED,0.5010962241850782,0,32,0,0,60,FULL_MOTION_CERTIFICATE,0,0,0,27,0,0,0,0,0,,19.266666666,0.585799173895,0.129766435815,0,0.976331956492,0.216277393024,0,0.976331956492,0.216277393024,0,0.5882024077,0.117518936574,0,0.5886888426262755,0.11504368217464908,0.0
19.216666666666665,-52.540010757886535,-9.20496329348759,1.9600200490536137,0.5901552331994612,0.10454652844536604,0.0,0.5855384695983633,0.1309377738485216,0.0,DEPTH_PROPOSAL_CERTIFIED,0.5007612968730292,0,32,0,0,60,FULL_MOTION_CERTIFICATE,0,0,0,27,0,0,0,0,0,,19.266666666,0.585799173895,0.129766435815,0,0.976331956492,0.216277393024,0,0.976331956492,0.216277393024,0,0.5882024077,0.117518936574,0,0.5884943666036598,0.11604806483983843,0.0
19.233333333333334,-52.53017718599232,-9.203205045013053,1.9600200490536137,0.5900143136526544,0.10549490847208072,0.0,0.5852754231487011,0.1321085881315401,0.0,DEPTH_PROPOSAL_CERTIFIED,0.5004239456122883,0,32,0,0,60,FULL_MOTION_CERTIFICATE,0,0,0,27,0,0,0,0,0,,19.3,0.585538469598,0.130937773849,0,0.975897449331,0.218229623081,0,0.975897449331,0.218229623081,0,0.587814069608,0.119475080245,0,0.5882950951816122,0.11706514479799796,0.0
19.25,-52.52034601737282,-9.201431000749666,1.9600200490536137,0.5898701171698563,0.10644265580318323,0.0,0.5850100355981266,0.13327887398038224,0.0,DEPTH_PROPOSAL_CERTIFIED,0.5000839966390699,0,32,0,0,60,FULL_MOTION_CERTIFICATE,0,0,0,27,0,0,0,0,0,,19.316666666,0.585275423149,0.132108588132,0,0.975459038581,0.220180980219,0,0.975459038581,0.220180980219,0,0.587621747914,0.120432164138,0,0.5881109200797183,0.11800517324263451,0.0
19.266666666666666,-52.51051730977034,-9.199641148305542,1.9600200490536137,0.5897224561489712,0.10739114664748546,0.0,0.5847423080081897,0.13444862671390617,0.0,DEPTH_PROPOSAL_CERTIFIED,0.49977862184051347,0,32,0,0,60,FULL_MOTION_CERTIFICATE,0,0,0,27,0,0,0,0,0,,19.333333333,0.585010035598,0.13327887398,0,0.975016725997,0.222131456634,0,0.975016725997,0.222131456634,0,0.587423890917,0.121405399751,0,0.587920991694174,0.11896273494797346,0.0
19.283333333333335,-52.500691123490775,-9.197835455816575,1.9600200490536137,0.5895711767741519,0.10834154933799363,0.0,0.5844722414498006,0.13561784165310248,0.0,DEPTH_PROPOSAL_CERTIFIED,0.4996301459263298,0,32,0,0,60,FULL_MOTION_CERTIFICATE,0,0,0,27,0,0,0,0,0,,19.35,0.584742308008,0.134448626714,0,0.974570513347,0.224081044523,0,0.974570513347,0.224081044523,0,0.587220740692,0.122393523026,0,0.5877255684013575,0.11993646216219138,0.0
19.3,-52.49086816783711,-9.196010755984215,1.9600200490536137,0.5893773392201376,0.10948198994163619,0.0,0.5841998370032249,0.13678651412111303,0.0,DEPTH_PROPOSAL_CERTIFIED,0.49949838671033076,0,32,0,0,60,FULL_MOTION_CERTIFICATE,0,0,0,27,0,0,0,0,0,,19.366666666,0.58447224145,0.135617841653,0,0.974120402416,0.226029736089,0,0.974120402416,0.226029736089,0,0.587012521061,0.123395365306,0,0.5870125210611624,0.12339536530607625,0.0
19.316666666666666,-52.481047810875964,-9.194170342187233,1.9600200490536137,0.5892214176686054,0.11042482781892018,0.0,0.5841998370032249,0.13678651412111303,0.0,DEPTH_PROPOSAL_CERTIFIED,0.49938077460426833,0,32,0,0,60,FULL_MOTION_CERTIFICATE,0,0,0,27,0,0,0,0,0,,19.366666666,0.58447224145,0.135617841653,0,0.974120402416,0.226029736089,0,0.974120402416,0.226029736089,0,0.587012521061,0.123395365306,0,0.5873191747399127,0.12192744992178559,0.0
19.333333333333332,-52.47123012157668,-9.192314123298548,1.9600200490536137,0.5890613579570267,0.11137313332107993,0.0,0.5839250957580802,0.13795463944324948,0.0,DEPTH_PROPOSAL_CERTIFIED,0.4992774122126653,0,32,0,0,60,FULL_MOTION_CERTIFICATE,0,0,0,28,0,0,0,0,0,,19.4,0.584199837003,0.136786514121,0,0.973666395005,0.227977523535,0,0.973666395005,0.227977523535,0,0.586602499387,0.125347472666,0,0.5871086294757669,0.12294246044742951,0.0
19.35,-52.46141579299983,-9.190439054122365,1.9600200490536137,0.588859714610827,0.11250415057101677,0.0,0.5836480188133308,0.13912221294701207,0.0,DEPTH_PROPOSAL_CERTIFIED,0.4991907434783751,0,32,0,0,60,FULL_MOTION_CERTIFICATE,0,0,0,28,0,0,0,0,0,,19.416666666,0.583925095758,0.137954639443,0,0.97320849293,0.229924399072,0,0.97320849293,0.229924399072,0,0.586399665787,0.12630256102,0,0.58639966578719,0.12630256102024404,0.0
19.366666666666667,-52.451604174177085,-9.188548414216235,1.9600200490536137,0.5886971293647664,0.11343839436772456,0.0,0.5833686072772846,0.1402892299621084,0.0,DEPTH_PROPOSAL_CERTIFIED,0.4991182013329899,0,32,0,0,60,FULL_MOTION_CERTIFICATE,0,0,0,28,0,0,0,0,0,,19.433333333,0.583648018813,0.139122212947,0,0.972746698022,0.231870354912,0,0.972746698022,0.231870354912,0,0.586191207679,0.127273746792,0,0.5867135893628268,0.1248361686875602,0.0
19.383333333333333,-52.441795989388496,-9.186639060454178,1.9600200490536137,0.5884910873152313,0.11456122572348174,0.0,0.583086862267587,0.1414556858204719,0.0,DEPTH_PROPOSAL_CERTIFIED,0.49906231155265424,0,32,0,0,60,FULL_MOTION_CERTIFICATE,0,0,0,28,0,0,0,0,0,,19.45,0.583368607277,0.140289229962,0,0.972281012129,0.23381538327,0,0.972281012129,0.23381538327,0,0.585977374311,0.128259768264,0,0.585977374310902,0.1282597682637202,0.0
19.4,-52.4319905759321,-9.184714260732752,1.9600200490536137,0.5883248073837145,0.11548798328551778,0.0,0.5828027849112177,0.14262157585628074,0.0,DEPTH_PROPOSAL_CERTIFIED,0.4990205107476643,0,32,0,0,60,FULL_MOTION_CERTIFICATE,0,0,0,28,0,0,0,0,0,,19.466666666,0.583086862268,0.14145568582,0,0.971811437113,0.235759476367,0,0.971811437113,0.235759476367,0,0.585758396135,0.129259458948,0,0.5862961922192106,0.1267944255423582,0.0
19.416666666666668,-52.42218799718963,-9.182773922277411,1.9600200490536137,0.5881547245479243,0.11642030732049427,0.0,0.5828027849112177,0.14262157585628074,0.0,DEPTH_PROPOSAL_CERTIFIED,0.4989929015934994,0,32,0,0,60,FULL_MOTION_CERTIFICATE,0,0,0,28,0,0,0,0,0,,19.466666666,0.583086862268,0.14145568582,0,0.971811437113,0.235759476367,0,0.971811437113,0.235759476367,0,0.585758396135,0.129259458948,0,0.5860797139512832,0.1277946605472056,0.0
19.433333333333334,-52.41238898812574,-9.180814913333643,1.9600200490536137,0.587940543833558,0.11754053662608771,0.0,0.5825163763444859,0.1437868954059763,0.0,DEPTH_PROPOSAL_CERTIFIED,0.49898200718567687,0,32,0,0,60,FULL_MOTION_CERTIFICATE,0,0,0,28,0,0,0,0,0,,19.5,0.582802784911,0.142621575856,0,0.971337974852,0.237702626427,0,0.971337974852,0.237702626427,0,0.585327539118,0.131207334154,0,0.5853275391182893,0.1312073341543285,0.0
19.45,-52.40259286645562,-9.17884049647298,1.9600200490536137,0.5877673002071053,0.11846501163987776,0.0,0.5822276377130255,0.144951639808282,0.0,DEPTH_PROPOSAL_CERTIFIED,0.4989852603587812,0,32,0,0,60,FULL_MOTION_CERTIFICATE,0,0,0,28,0,0,0,0,0,,19.516666666,0.582516376344,0.143786895406,0,0.970860627241,0.239644825677,0,0.970860627241,0.239644825677,0,0.58511457225,0.132160331181,0,0.5856537279643824,0.12974360680811708,0.0
19.466666666666665,-52.39279967932585,-9.176850635014294,1.9600200490536137,0.5875912277862415,0.11939168752117621,0.0,0.5819365701717905,0.1461158044042217,0.0,DEPTH_PROPOSAL_CERTIFIED,0.5001061620903676,0,32,0,0,60,FULL_MOTION_CERTIFICATE,0,0,0,28,0,0,0,0,0,,19.533333333,0.582227637713,0.144951639808,0,0.970379396188,0.241586066347,0,0.970379396188,0.241586066347,0,0.584895865084,0.133129369732,0,0.5854431442517032,0.13069713327301796,0.0
19.483333333333334,-52.38300947750848,-9.174845274782825,1.9600200490536137,0.5874121090420378,0.12032161388804873,0.0,0.5816431748850507,0.14727938453713862,0.0,DEPTH_PROPOSAL_CERTIFIED,0.501636508031403,0,32,0,0,60,FULL_MOTION_CERTIFICATE,0,0,0,28,0,0,0,0,0,,19.55,0.581936570172,0.146115804404,0,0.96989428362,0.243526340674,0,0.96989428362,0.243526340674,0,0.584671676071,0.134113190561,0,0.5852268603627522,0.1316667155638915,0.0
19.5,-52.373222314804046,-9.17282434702623,1.9600200490536137,0.5872297622661172,0.12125566539573752,0.0,0.5813474530263868,0.14844237555271375,0.0,DEPTH_PROPOSAL_CERTIFIED,0.5031787339820833,0,32,0,0,60,FULL_MOTION_CERTIFICATE,0,0,0,28,0,0,0,0,0,,19.566666666,0.581643174885,0.147279384537,0,0.969405291475,0.245465640895,0,0.969405291475,0.245465640895,0,0.584442244172,0.135110629458,0,0.585005131599886,0.1326510937895416,0.0
19.516666666666666,-52.363438247514075,-9.170787770989643,1.9600200490536137,0.5870440373984323,0.12219456219525832,0.0,0.5813474530263868,0.14844237555271375,0.0,DEPTH_PROPOSAL_CERTIFIED,0.5047329015686868,0,32,0,0,60,FULL_MOTION_CERTIFICATE,0,0,0,28,0,0,0,0,0,,19.566666666,0.581643174885,0.147279384537,0,0.969405291475,0.245465640895,0,0.969405291475,0.245465640895,0,0.584442244172,0.135110629458,0,0.5847781940126751,0.1336491031494127,0.0
19.533333333333335,-52.3536573339761,-9.168735456184473,1.9600200490536137,0.5868548122784997,0.12313888831018101,0.0,0.581049405778686,0.1496047727989846,0.0,DEPTH_PROPOSAL_CERTIFIED,0.506299079845554,0,32,0,0,60,FULL_MOTION_CERTIFICATE,0,0,0,28,0,0,0,0,0,,19.6,0.581347453026,0.148442375553,0,0.968912421711,0.247403959255,0,0.968912421711,0.247403959255,0,0.583991098071,0.137054077331,0,0.5845462658153229,0.13465966691223585,0.0
19.55,-52.34388031762206,-9.166664371178236,1.9600200490536137,0.5866209812425023,0.12426510037422406,0.0,0.5807490343341369,0.15076657162636373,0.0,DEPTH_PROPOSAL_CERTIFIED,0.507879582182791,0,32,0,0,60,FULL_MOTION_CERTIFICATE,0,0,0,28,0,0,0,0,0,,19.616666666,0.581049405779,0.149604772799,0,0.968415676298,0.249341287998,0,0.968415676298,0.249341287998,0,0.583768242603,0.138004887556,0,0.5837682426033336,0.13800488755555015,0.0
19.566666666666666,-52.33410646989309,-9.164577781201254,1.9600200490536137,0.5864308637383754,0.12519539861892084,0.0,0.5804463398942248,0.15192776738765737,0.0,DEPTH_PROPOSAL_CERTIFIED,0.5094719167926921,0,32,0,0,60,FULL_MOTION_CERTIFICATE,0,0,0,28,0,0,0,0,0,,19.633333333,0.580749034334,0.150766571626,0,0.967915057224,0.251277619377,0,0.967915057224,0.251277619377,0,0.5835395147,0.138971681823,0,0.5841114301880268,0.13654503720422217,0.0
19.583333333333332,-52.32433583648704,-9.162475639454511,1.9600200490536137,0.5862380043629072,0.12612850480455406,0.0,0.5801413236697268,0.15308835543808405,0.0,DEPTH_PROPOSAL_CERTIFIED,0.5110761193888792,0,32,0,0,60,FULL_MOTION_CERTIFICATE,0,0,0,28,0,0,0,0,0,,19.65,0.580446339894,0.151927767388,0,0.96741056649,0.253212945646,0,0.96741056649,0.253212945646,0,0.58330518327,0.139953203476,0,0.583885119982195,0.13751240026928022,0.0
19.6,-52.31456920877217,-9.160354785856883,1.9600200490536137,0.585997662891964,0.1272512158576991,0.0,0.5798339868807079,0.15424833113529307,0.0,DEPTH_PROPOSAL_CERTIFIED,0.5126946015167985,0,32,0,0,60,FULL_MOTION_CERTIFICATE,0,0,0,28,0,0,0,0,0,,19.666666666,0.58014132367,0.153088355438,0,0.966902206116,0.255147259063,0,0.966902206116,0.255147259063,0,0.583065496946,0.140948290706,0,0.5830654969464579,0.14094829070606618,0.0
19.616666666666667,-52.30480584067557,-9.158218479011577,1.9600200490536137,0.5858020857961669,0.1281784107183976,0.0,0.5798339868807079,0.15424833113529307,0.0,DEPTH_PROPOSAL_CERTIFIED,0.5143248764460688,0,32,0,0,60,FULL_MOTION_CERTIFICATE,0,0,0,28,0,0,0,0,0,,19.666666666,0.58014132367,0.153088355438,0,0.966902206116,0.255147259063,0,0.966902206116,0.255147259063,0,0.583065496946,0.140948290706,0,0.5834160452274415,0.13949018801892002,0.0
19.633333333333333,-52.295046522661394,-9.156063600567865,1.9600200490536137,0.585559080850698,0.1292927066227076,0.0,0.5795243307565145,0.1554076898393832,0.0,DEPTH_PROPOSAL_CERTIFIED,0.5159693238765242,0,32,0,0,60,FULL_MOTION_CERTIFICATE,0,0,0,28,0,0,0,0,0,,19.7,0.579833986881,0.154248331135,0,0.966389978135,0.257080551892,0,0.966389978135,0.257080551892,0,0.582594420516,0.142887116655,0,0.5825944205159767,0.14288711665529022,0.0
19.65,-52.285290499171865,-9.153893397024436,1.9600200490536137,0.5853614093717737,0.13021221260577256,0.0,0.5792123565357707,0.15656642691292122,0.0,DEPTH_PROPOSAL_CERTIFIED,0.517625466315075,0,32,0,0,60,FULL_MOTION_CERTIFICATE,0,0,0,28,0,0,0,0,0,,19.716666666,0.579524330757,0.155407689839,0,0.965873884594,0.259012816399,0,0.965873884594,0.259012816399,0,0.582361837968,0.143835644889,0,0.5829498173288974,0.14143018559916584,0.0
19.666666666666668,-52.275537811291606,-9.151707831006615,1.9600200490536137,0.5851612728152453,0.13113396106930225,0.0,0.5788980654663732,0.15772453772096032,0.0,DEPTH_PROPOSAL_CERTIFIED,0.5192933322833657,0,32,0,0,60,FULL_MOTION_CERTIFICATE,0,0,0,28,0,0,0,0,0,,19.733333333,0.579212356536,0.156566426913,0,0.96535392756,0.260944044855,0,0.96535392756,0.260944044855,0,0.582123240885,0.144800098092,0,0.5827196068255996,0.14237929232436253,0.0
19.683333333333334,-52.265789267809595,-9.149503773497308,1.9600200490536137,0.5849126089208188,0.13224345055842424,0.0,0.5785814588054856,0.15888201763105883,0.0,DEPTH_PROPOSAL_CERTIFIED,0.520975309621033,0,32,0,0,60,FULL_MOTION_CERTIFICATE,0,0,0,28,0,0,0,0,0,,19.75,0.578898065466,0.157724537721,0,0.964830109111,0.262874229535,0,0.964830109111,0.262874229535,0,0.581878909409,0.145779222326,0,0.5818789094088143,0.14577922232571328,0.0
19.7,-52.256044096890975,-9.147284462679353,1.9600200490536137,0.5847102551172985,0.1331586490773063,0.0,0.5782625378195343,0.16003886201329867,0.0,DEPTH_PROPOSAL_CERTIFIED,0.5226689271810447,0,32,0,0,60,FULL_MOTION_CERTIFICATE,0,0,0,28,0,0,0,0,0,,19.766666666,0.578581458805,0.158882017631,0,0.964302431342,0.264803362718,0,0.964302431342,0.264803362718,0,0.581629102555,0.146771858294,0,0.5822415387143504,0.14432407100766798,0.0
19.716666666666665,-52.24630235531691,-9.14504979999358,1.9600200490536137,0.5845044944438997,0.13407976114648318,0.0,0.5782625378195343,0.16003886201329867,0.0,DEPTH_PROPOSAL_CERTIFIED,0.5243742601766308,0,32,0,0,60,FULL_MOTION_CERTIFICATE,0,0,0,28,0,0,0,0,0,,19.783333333,0.57826253782,0.160038862013,0,0.963770896366,0.266731436689,0,0.963770896366,0.266731436689,0,0.581374059767,0.147776934353,0,0.5819942142284357,0.14531732839044179,0.0
19.733333333333334,-52.2365641021387,-9.142799678623753,1.9600200490536137,0.5842951906924596,0.13500728218957775,0.0,0.5779413037842027,0.16119506624030386,0.0,DEPTH_PROPOSAL_CERTIFIED,0.5260913901222246,0,32,0,0,60,FULL_MOTION_CERTIFICATE,0,0,0,28,0,0,0,0,0,,19.8,0.57826253782,0.160038862013,0,0.963770896366,0.266731436689,0,0.963770896366,0.266731436689,0,0.581138338402,0.148705868286,0,0.581741684924891,0.14632303891532972,0.0
19.75,-52.226829367778755,-9.14053409604552,1.9600200490536137,0.5840840615967864,0.13593495469395928,0.0,0.5776177579844265,0.162350625687259,0.0,DEPTH_PROPOSAL_CERTIFIED,0.5278203189442254,0,32,0,0,60,FULL_MOTION_CERTIFICATE,0,0,0,28,0,0,0,0,0,,19.816666666,0.577941303784,0.16119506624,0,0.963235506307,0.268658443734,0,0.963235506307,0.268658443734,0,0.58089613882,0.149652019608,0,0.581508286629573,0.14725255924741446,0.0
19.766666666666666,-52.217098188479945,-9.138253028166256,1.9600200490536137,0.583870757928824,0.13686407275588466,0.0,0.5772919017143885,0.16350553573192786,0.0,DEPTH_PROPOSAL_CERTIFIED,0.52956106502839,0,32,0,0,60,FULL_MOTION_CERTIFICATE,0,0,0,28,0,0,0,0,0,,19.833333333,0.577617757984,0.162350625687,0,0.962696263307,0.270584376145,0,0.962696263307,0.270584376145,0,0.58064777663,0.150614035239,0,0.5812684531796827,0.14819931311137527,0.0
19.783333333333335,-52.20737060547043,-9.135956432668449,1.9600200490536137,0.5836549805708007,0.13779572986840952,0.0,0.5769637362775134,0.1646597917546718,0.0,DEPTH_PROPOSAL_CERTIFIED,0.5313136606683777,0,32,0,0,60,FULL_MOTION_CERTIFICATE,0,0,0,28,0,0,0,0,0,,19.85,0.577291901714,0.163505535732,0,0.962153169524,0.27250922622,0,0.962153169524,0.27250922622,0,0.580393543677,0.151590664084,0,0.5810224968029166,0.14916194664121085,0.0
19.8,-52.19764746850988,-9.133641169216595,1.9600200490536137,0.5833882176331351,0.1389158071112588,0.0,0.5766332629864626,0.16581338913846824,0.0,DEPTH_PROPOSAL_CERTIFIED,0.5330805023411977,0,32,0,0,60,FULL_MOTION_CERTIFICATE,0,0,0,28,0,0,0,0,0,,19.866666666,0.576963736278,0.164659791755,0,0.961606227129,0.274432986258,0,0.961606227129,0.274432986258,0,0.580133709794,0.152580749474,0,0.5801337097936148,0.15258074947402106,0.0
19.816666666666666,-52.18792796143478,-9.131310483879913,1.9600200490536137,0.5831704245058563,0.13984112020098974,0.0,0.5766332629864626,0.16581338913846824,0.0,DEPTH_PROPOSAL_CERTIFIED,0.5348591128815179,0,32,0,0,60,FULL_MOTION_CERTIFICATE,0,0,0,28,0,0,0,0,0,,19.866666666,0.576963736278,0.164659791755,0,0.961606227129,0.274432986258,0,0.961606227129,0.274432986258,0,0.580133709794,0.152580749474,0,0.5805133483530555,0.1511299398957077,0.0
19.833333333333332,-52.17821214091841,-9.128964278401504,1.9600200490536137,0.5829492309820393,0.14077232870452203,0.0,0.5763004831631285,0.16696632326892927,0.0,DEPTH_PROPOSAL_CERTIFIED,0.5366495672718972,0,32,0,0,61,FULL_MOTION_CERTIFICATE,0,0,0,28,0,0,0,0,0,,19.9,0.576633262986,0.165813389138,0,0.961055438311,0.276355648564,0,0.961055438311,0.276355648564,0,0.579623428856,0.154509750013,0,0.5802506699914713,0.15213307244761654,0.0
19.85,-52.16850083749854,-9.126599536179329,1.9600200490536137,0.5826782051921721,0.1418845333305046,0.0,0.5759653981386302,0.16811858953431977,0.0,DEPTH_PROPOSAL_CERTIFIED,0.5384541675649162,0,32,0,0,61,FULL_MOTION_CERTIFICATE,0,0,0,28,0,0,0,0,0,,19.916666666,0.576300483163,0.166966323269,0,0.960500805272,0.278277205448,0,0.960500805272,0.278277205448,0,0.579371690556,0.155453429767,0,0.5793716905557919,0.15545342976748958,0.0
19.866666666666667,-52.15879322055847,-9.124219490948407,1.9600200490536137,0.5824570164041132,0.1428027138553273,0.0,0.5756280092533074,0.16927018332557636,0.0,DEPTH_PROPOSAL_CERTIFIED,0.5402704460077978,0,32,0,0,61,FULL_MOTION_CERTIFICATE,0,0,0,28,0,0,0,0,0,,19.933333333,0.575965398139,0.168118589534,0,0.959942330231,0.280197649224,0,0.959942330231,0.280197649224,0,0.579113638095,0.156412911587,0,0.5797585131897941,0.15400451625816486,0.0
19.883333333333333,-52.14909015846828,-9.12182103128126,1.9600200490536137,0.5821837254112624,0.14390758002874438,0.0,0.5752883178567151,0.1704211000363253,0.0,DEPTH_PROPOSAL_CERTIFIED,0.5421007770170432,0,32,0,0,61,FULL_MOTION_CERTIFICATE,0,0,0,28,0,0,0,0,0,,19.95,0.575628009253,0.169270183326,0,0.959380015422,0.282116972209,0,0.959380015422,0.282116972209,0,0.578849575298,0.157386947344,0,0.5788495752984829,0.15738694734443354,0.0
19.9,-52.139390811645846,-9.119407380006727,1.9600200490536137,0.5819608093462426,0.14481907647199502,0.0,0.5749463253076182,0.17157133506290131,0.0,DEPTH_PROPOSAL_CERTIFIED,0.5439427011626852,0,32,0,0,61,FULL_MOTION_CERTIFICATE,0,0,0,28,0,0,0,0,0,,19.966666666,0.575288317857,0.170421100036,0,0.958813863095,0.284035166727,0,0.958813863095,0.284035166727,0,0.578579783079,0.158374383115,0,0.5792412333530016,0.15593933307965338,0.0
19.916666666666668,-52.12969523616025,-9.116978440394098,1.9600200490536137,0.5817345291354145,0.14573637675777273,0.0,0.5749463253076182,0.17157133506290131,0.0,DEPTH_PROPOSAL_CERTIFIED,0.5457962922626196,0,32,0,0,61,FULL_MOTION_CERTIFICATE,0,0,0,28,0,0,0,0,0,,19.966666666,0.575288317857,0.170421100036,0,0.958813863095,0.284035166727,0,0.958813863095,0.284035166727,0,0.578579783079,0.158374383115,0,0.5789739105633113,0.15692744024425895,0.0
19.933333333333334,-52.12000349070023,-9.114534107451135,1.9600200490536137,0.5815047276013526,0.14665997657772345,0.0,0.5746020329739868,0.17272088380436584,0.0,DEPTH_PROPOSAL_CERTIFIED,0.5476616304393316,0,32,0,0,63,FULL_MOTION_CERTIFICATE,0,0,0,28,0,0,0,0,0,,20,0.574946325308,0.171571335063,0,0.958243875513,0.285952225105,0,0.958243875513,0.285952225105,0,0.578050112342,0.160298181243,0,0.5787011488857982,0.15792789438112276,0.0
19.95,-52.11031560341777,-9.112074379836509,1.9600200490536137,0.5812732369476249,0.14758365687762356,0.0,0.5742554422329897,0.17386974166252547,0.0,DEPTH_PROPOSAL_CERTIFIED,0.5495387167164176,0,32,0,0,63,FULL_MOTION_CERTIFICATE,0,0,0,28,0,0,0,0,0,,20.016666666,0.574602032974,0.172720883804,0,0.957670054957,0.287868139674,0,0.957670054957,0.287868139674,0,0.577788894219,0.161239295036,0,0.578449050972146,0.1588525565364058,0.0
19.966666666666665,-52.10063160887584,-9.109599234717393,1.9600200490536137,0.5810396725157579,0.14850870714695363,0.0,0.5739065544709894,0.17501790404195028,0.0,DEPTH_PROPOSAL_CERTIFIED,0.5514275685182428,0,32,0,0,63,FULL_MOTION_CERTIFICATE,0,0,0,28,0,0,0,0,0,,20.033333333,0.574255442233,0.173869741663,0,0.957092403722,0.289782902771,0,0.957092403722,0.289782902771,0,0.577521208457,0.162196147072,0,0.5781901864469808,0.15979432043278108,0.0
19.983333333333334,-52.090951547135504,-9.10710863109885,1.9600200490536137,0.5808037044198107,0.1494362171125338,0.0,0.5735553710835363,0.17616536634999225,0.0,DEPTH_PROPOSAL_CERTIFIED,0.5533282171291771,0,32,0,0,63,FULL_MOTION_CERTIFICATE,0,0,0,28,0,0,0,0,0,,20.05,0.573906554471,0.175017904042,0,0.956510924118,0.291696506737,0,0.956510924118,0.291696506737,0,0.577247371028,0.163167492317,0,0.577924893649255,0.16075183869260998,0.0
20.0,-52.0812754629444,-9.104602512772756,1.9600200490536137,0.5805650514665625,0.1503670995657056,0.0,0.5732018934753635,0.1773121239968037,0.0,DEPTH_PROPOSAL_CERTIFIED,0.5552407054432063,0,32,0,0,63,FULL_MOTION_CERTIFICATE,0,0,0,28,0,0,0,0,0,,20.066666666,0.573555371084,0.17616536635,0,0.955925618473,0.293608943917,0,0.955925618473,0.293608943917,0,0.576967674074,0.164152179704,0,0.5776534854369342,0.16172386549440218,0.0
20.016666666666666,-52.07160340501641,-9.102080810924589,1.9600200490536137,0.5803234756791393,0.1513021108899913,0.0,0.5732018934753635,0.1773121239968037,0.0,DEPTH_PROPOSAL_CERTIFIED,0.5571650859745909,0,32,0,0,63,FULL_MOTION_CERTIFICATE,0,0,0,28,0,0,0,0,0,,20.066666666,0.573555371084,0.17616536635,0,0.955925618473,0.293608943917,0,0.955925618473,0.293608943917,0,0.576967674074,0.164152179704,0,0.5773762510725774,0.1627092490462775,0.0
20.033333333333335,-52.06193542539362,-9.099543446432795,1.9600200490536137,0.5800787773671258,0.15224186950762122,0.0,0.5728461230603813,0.17845817239535564,0.0,DEPTH_PROPOSAL_CERTIFIED,0.5591014191031805,0,32,0,0,63,FULL_MOTION_CERTIFICATE,0,0,0,28,0,0,0,0,0,,20.1,0.573201893475,0.177312123997,0,0.955336489126,0.295520206661,0,0.955336489126,0.295520206661,0,0.576418713852,0.166070583007,0,0.5770934579605611,0.16370692464270453,0.0
20.05,-52.05227154512538,-9.096990441601045,1.9600200490536137,0.5798328160945845,0.15318028990500154,0.0,0.5724880612616705,0.1796035069614559,0.0,DEPTH_PROPOSAL_CERTIFIED,0.5610496878084315,0,32,0,0,63,FULL_MOTION_CERTIFICATE,0,0,0,28,0,0,0,0,0,,20.116666666,0.57284612306,0.178458172395,0,0.954743538434,0.297430287326,0,0.954743538434,0.297430287326,0,0.576148063045,0.167009036711,0,0.5768320885695809,0.16462901875304195,0.0
20.066666666666666,-52.04261179242198,-9.094421795536663,1.9600200490536137,0.57958516220412,0.154118763863009,0.0,0.5721277095114781,0.1807481231137678,0.0,DEPTH_PROPOSAL_CERTIFIED,0.5630098927715643,0,32,0,0,64,FULL_MOTION_CERTIFICATE,0,0,0,28,0,0,0,0,0,,20.133333333,0.572488061262,0.179603506961,0,0.954146768769,0.299339178269,0,0.954146768769,0.299339178269,0,0.575870790177,0.167963163264,0,0.5765637847404531,0.16556814615070065,0.0
20.083333333333332,-52.03295620166826,-9.091837487604804,1.9600200490536137,0.5793354452229658,0.15505847591154767,0.0,0.5717650692512104,0.18189201627382826,0.0,DEPTH_PROPOSAL_CERTIFIED,0.5649820497395994,0,32,0,0,64,FULL_MOTION_CERTIFICATE,0,0,0,28,0,0,0,0,0,,20.15,0.572127709511,0.180748123114,0,0.953546182519,0.301246871856,0,0.953546182519,0.301246871856,0,0.575587223455,0.168931720848,0,0.576288898052883,0.1665229629037202,0.0
20.1,-52.023305709120216,-9.08923442325191,1.9600200490536137,0.5790295528825579,0.15618386117363908,0.0,0.571400141931428,0.1830351818660661,0.0,DEPTH_PROPOSAL_CERTIFIED,0.5669685202520798,0,32,0,0,64,FULL_MOTION_CERTIFICATE,0,0,0,28,0,0,0,0,0,,20.166666666,0.571765069251,0.181892016274,0,0.952941782085,0.303153360456,0,0.952941782085,0.303153360456,0,0.57529766633,0.169913561371,0,0.5752976663295817,0.16991356137115193,0.0
20.116666666666667,-52.013659394477344,-9.086615840052362,1.9600200490536137,0.578778878572232,0.15711499197290088,0.0,0.571400141931428,0.1830351818660661,0.0,DEPTH_PROPOSAL_CERTIFIED,0.5689668336263158,0,32,0,0,64,FULL_MOTION_CERTIFICATE,0,0,0,28,0,0,0,0,0,,20.166666666,0.571765069251,0.181892016274,0,0.952941782085,0.303153360456,0,0.952941782085,0.303153360456,0,0.57529766633,0.169913561371,0,0.5757206519862555,0.16847478772389557,0.0
20.133333333333333,-52.0040181926849,-9.083978681870475,1.9600200490536137,0.5784721075463853,0.15822949091328842,0.0,0.5710329290118399,0.18417761531782054,0.0,DEPTH_PROPOSAL_CERTIFIED,0.5709793220840937,0,32,0,0,64,FULL_MOTION_CERTIFICATE,0,0,0,28,0,0,0,0,0,,20.2,0.571400141931,0.183035181866,0,0.952333569886,0.305058636443,0,0.952333569886,0.305058636443,0,0.574729501031,0.171826377986,0,0.5747295010310562,0.17182637798601738,0.0
20.15,-51.99438117629278,-9.08132617074937,1.9600200490536137,0.5782209835277048,0.15915066726629523,0.0,0.570663431961297,0.18531931205935928,0.0,DEPTH_PROPOSAL_CERTIFIED,0.5730035267950713,0,32,0,0,64,FULL_MOTION_CERTIFICATE,0,0,0,28,0,0,0,0,0,,20.216666666,0.571032929012,0.184177615318,0,0.951721548353,0.306962692196,0,0.951721548353,0.306962692196,0,0.574449457707,0.172762077746,0,0.5751572704998016,0.1703890187729792,0.0
20.166666666666668,-51.98474837886053,-9.07865828747113,1.9600200490536137,0.5779678459345691,0.1600729966943741,0.0,0.5702916522577871,0.18646026752389688,0.0,DEPTH_PROPOSAL_CERTIFIED,0.5750394624249657,0,32,0,0,64,FULL_MOTION_CERTIFICATE,0,0,0,29,0,0,0,0,0,,20.233333333,0.570663431961,0.185319312059,0,0.951105719935,0.308865520099,0,0.951105719935,0.308865520099,0,0.574162637569,0.173713383395,0,0.5748795672983135,0.17132541571693466,0.0
20.183333333333334,-51.975120756257624,-9.075971962198244,1.9600200490536137,0.5776573561744182,0.16117951637317962,0.0,0.5699175913884287,0.187600477147613,0.0,DEPTH_PROPOSAL_CERTIFIED,0.5770894716518147,0,32,0,0,64,FULL_MOTION_CERTIFICATE,0,0,0,29,0,0,0,0,0,,20.25,0.570291652258,0.186460267524,0,0.950486087096,0.31076711254,0,0.950486087096,0.31076711254,0,0.573869381101,0.174679056455,0,0.573869381100577,0.1746790564546078,0.0
20.2,-51.965497367330514,-9.073270404195242,1.9600200490536137,0.577403335626806,0.16209348018010084,0.0,0.5695412508494645,0.18873993636967065,0.0,DEPTH_PROPOSAL_CERTIFIED,0.5791511053969634,0,32,0,0,64,FULL_MOTION_CERTIFICATE,0,0,0,29,0,0,0,0,0,,20.266666666,0.569917591388,0.187600477148,0,0.949862652314,0.312667461913,0,0.949862652314,0.312667461913,0,0.573570003104,0.175657951922,0,0.5743042849459383,0.17324383862454032,0.0
20.216666666666665,-51.95587826625758,-9.07055353053656,1.9600200490536137,0.5771460643763733,0.16301241952082007,0.0,0.5695412508494645,0.18873993636967065,0.0,DEPTH_PROPOSAL_CERTIFIED,0.5812244269432076,0,32,0,0,64,FULL_MOTION_CERTIFICATE,0,0,0,29,0,0,0,0,0,,20.283333333,0.569541250849,0.18873993637,0,0.949235418082,0.314566560616,0,0.949235418082,0.314566560616,0,0.573264794594,0.17664901137,0,0.5740073551210936,0.17422347947759537,0.0
20.233333333333334,-51.94626351043611,-9.06782124920196,1.9600200490536137,0.5768853492880622,0.16393688007595916,0.0,0.5691626321462563,0.18987864063223447,0.0,DEPTH_PROPOSAL_CERTIFIED,0.5833095065137264,0,32,0,0,64,FULL_MOTION_CERTIFICATE,0,0,0,29,0,0,0,0,0,,20.3,0.569541250849,0.18873993637,0,0.949235418082,0.314566560616,0,0.949235418082,0.314566560616,0,0.572982707941,0.177564990555,0,0.5737046252106681,0.1752152988486543,0.0
20.25,-51.93665312395795,-9.065073570013434,1.9600200490536137,0.5766231886893322,0.1648607513116493,0.0,0.5687817367932785,0.19101658538048896,0.0,DEPTH_PROPOSAL_CERTIFIED,0.5854063366131061,0,32,0,0,64,FULL_MOTION_CERTIFICATE,0,0,0,29,0,0,0,0,0,,20.316666666,0.569162632146,0.189878640632,0,0.94860438691,0.316464401054,0,0.94860438691,0.316464401054,0,0.572693308271,0.178497842796,0,0.5734248293848245,0.1761319803870694,0.0
20.266666666666666,-51.927047138270126,-9.062310480721498,1.9600200490536137,0.5763591412694992,0.16578535751618995,0.0,0.5683985663141119,0.1921537660626566,0.0,DEPTH_PROPOSAL_CERTIFIED,0.5875149265892512,0,32,0,0,64,FULL_MOTION_CERTIFICATE,0,0,0,29,0,0,0,0,0,,20.333333333,0.568781736793,0.19101658538,0,0.947969561322,0.318360975634,0,0.947969561322,0.318360975634,0,0.572396977093,0.179446232405,0,0.573137762747537,0.17706555321158673,0.0
20.283333333333335,-51.91744559114013,-9.059531950364956,1.9600200490536137,0.5760928277995855,0.1667118213925182,0.0,0.5680131222414379,0.19329017813001623,0.0,DEPTH_PROPOSAL_CERTIFIED,0.5896353000695194,0,32,0,0,64,FULL_MOTION_CERTIFICATE,0,0,0,29,0,0,0,0,0,,20.35,0.568398566314,0.192153766063,0,0.947330943857,0.320256276771,0,0.947330943857,0.320256276771,0,0.572094067179,0.180408924368,0,0.5728438034666391,0.1780146806837209,0.0
20.3,-51.90784948330698,-9.056734893549457,1.9600200490536137,0.5757664699887179,0.16782340892995812,0.0,0.5676254061170322,0.19442581703692102,0.0,DEPTH_PROPOSAL_CERTIFIED,0.591769811603795,0,32,0,0,64,FULL_MOTION_CERTIFICATE,0,0,0,29,0,0,0,0,0,,20.366666666,0.568013122241,0.19329017813,0,0.946688537069,0.322150296883,0,0.946688537069,0.322150296883,0,0.571784904696,0.181384776887,0,0.5717849046961337,0.18138477688672583,0.0
20.316666666666666,-51.89825783240648,-9.053922519385022,1.9600200490536137,0.5754990540304135,0.1687424498660882,0.0,0.5676254061170322,0.19442581703692102,0.0,DEPTH_PROPOSAL_CERTIFIED,0.5939160122313383,0,32,0,0,64,FULL_MOTION_CERTIFICATE,0,0,0,29,0,0,0,0,0,,20.366666666,0.568013122241,0.19329017813,0,0.946688537069,0.322150296883,0,0.946688537069,0.322150296883,0,0.571784904696,0.181384776887,0,0.572236579339098,0.1799547492868757,0.0
20.333333333333332,-51.888670695543034,-9.051094739864876,1.9600200490536137,0.5752282118069162,0.16966677120876494,0.0,0.5672354194917589,0.19556067824081688,0.0,DEPTH_PROPOSAL_CERTIFIED,0.5960739691125505,0,32,0,0,64,FULL_MOTION_CERTIFICATE,0,0,0,29,0,0,0,0,0,,20.4,0.567625406117,0.194425817037,0,0.946042343528,0.324043028395,0,0.946042343528,0.324043028395,0,0.571178549864,0.183285846826,0,0.5719239366802495,0.1809434915894219,0.0
20.35,-51.87908904906333,-9.048248590411585,1.9600200490536137,0.574898788782007,0.17076896719745036,0.0,0.5668431639255639,0.19669475720226057,0.0,DEPTH_PROPOSAL_CERTIFIED,0.5982459445985917,0,32,0,0,64,FULL_MOTION_CERTIFICATE,0,0,0,29,0,0,0,0,0,,20.416666666,0.567235419492,0.195560678241,0,0.94539236582,0.325934463735,0,0.94539236582,0.325934463735,0,0.570879827878,0.184215758259,0,0.5708798278781154,0.18421575825941022,0.0
20.366666666666667,-51.86951189779321,-9.045387265431394,1.9600200490536137,0.5746290762072718,0.17167949881146435,0.0,0.566448640987469,0.19782804938493767,0.0,DEPTH_PROPOSAL_CERTIFIED,0.6004295009495741,0,32,0,0,64,FULL_MOTION_CERTIFICATE,0,0,0,29,0,0,0,0,0,,20.433333333,0.566843163926,0.196694757202,0,0.944738606543,0.327824595337,0,0.944738606543,0.327824595337,0,0.570574019997,0.185161136986,0,0.5713385827955025,0.18278798450243572,0.0
20.383333333333333,-51.859939284322195,-9.042510719963852,1.9600200490536137,0.5743568082608267,0.1725927280525454,0.0,0.5660518522555655,0.19896055025568105,0.0,DEPTH_PROPOSAL_CERTIFIED,0.602624672476058,0,32,0,0,64,FULL_MOTION_CERTIFICATE,0,0,0,29,0,0,0,0,0,,20.45,0.566448640987,0.197828049385,0,0.944081068312,0.329713415642,0,0.944081068312,0.329713415642,0,0.570261491278,0.186120751581,0,0.571035139314197,0.18373412479373502,0.0
20.4,-51.85037125645428,-9.039618894458863,1.9600200490536137,0.5740816720748366,0.17350953029938176,0.0,0.5656527993170077,0.20009225528448862,0.0,DEPTH_PROPOSAL_CERTIFIED,0.6048315046223773,0,32,0,0,64,FULL_MOTION_CERTIFICATE,0,0,0,29,0,0,0,0,0,,20.466666666,0.566051852256,0.198960550256,0,0.943419753759,0.331600917093,0,0.943419753759,0.331600917093,0,0.569942579243,0.187093463563,0,0.5707250106057578,0.18469451771078588,0.0
20.416666666666668,-51.840807866390314,-9.036711717320498,1.9600200490536137,0.5738034038377582,0.17443062830186973,0.0,0.5656527993170077,0.20009225528448862,0.0,DEPTH_PROPOSAL_CERTIFIED,0.6070500520253594,0,32,0,0,64,FULL_MOTION_CERTIFICATE,0,0,0,29,0,0,0,0,0,,20.466666666,0.566051852256,0.198960550256,0,0.943419753759,0.331600917093,0,0.943419753759,0.331600917093,0,0.569942579243,0.187093463563,0,0.570408531345402,0.18566802393222093,0.0
20.433333333333334,-51.83125014068407,-9.03378615918921,1.9600200490536137,0.573463542374663,0.17553348787728537,0.0,0.5652514837680068,0.2012231599445419,0.0,DEPTH_PROPOSAL_CERTIFIED,0.609282626473199,0,32,0,0,64,FULL_MOTION_CERTIFICATE,0,0,0,29,0,0,0,0,0,,20.5,0.565652799317,0.200092255284,0,0.942754665528,0.333487092141,0,0.942754665528,0.333487092141,0,0.569317232525,0.188988374697,0,0.5693172325249011,0.18898837469735708,0.0
20.45,-51.8216970559103,-9.030845410395507,1.9600200490536137,0.5731850864261326,0.176444927622209,0.0,0.5648479072138245,0.20235325971222368,0.0,DEPTH_PROPOSAL_CERTIFIED,0.6115267933363064,0,32,0,0,64,FULL_MOTION_CERTIFICATE,0,0,0,29,0,0,0,0,0,,20.516666666,0.565251483768,0.201223159945,0,0.94208580628,0.335371933241,0,0.94208580628,0.335371933241,0,0.569009221268,0.189915252331,0,0.5697879238540624,0.187564492510278,0.0
20.466666666666665,-51.81214805371918,-9.02789124882842,1.9600200490536137,0.5729401314675167,0.17724969402528556,0.0,0.5644420712687666,0.20348255006713642,0.0,DEPTH_PROPOSAL_CERTIFIED,0.6137811958583193,0,32,0,0,64,FULL_MOTION_CERTIFICATE,0,0,0,29,0,0,0,0,0,,20.533333333,0.564847907214,0.202353259712,0,0.94141317869,0.337255432854,0,0.94141317869,0.337255432854,0,0.568693970197,0.190857525636,0,0.5699516809724018,0.18706784414282002,0.0
20.483333333333334,-51.802603812633,-9.024921701526814,1.9600200490536137,0.5726544651704394,0.17817283809624027,0.0,0.564033977556176,0.2046110264921202,0.0,DEPTH_PROPOSAL_CERTIFIED,0.6160473396605235,0,32,0,0,64,FULL_MOTION_CERTIFICATE,0,0,0,29,0,0,0,0,0,,20.55,0.564442071269,0.203482550067,0,0.940736785448,0.339137583445,0,0.940736785448,0.339137583445,0,0.568371856635,0.1918139669,0,0.5691693363460967,0.18943519576188558,0.0
20.5,-51.793064375650715,-9.021936725435786,1.9600200490536137,0.5723662189372074,0.1790985654616762,0.0,0.5636236277084273,0.20573868447327084,0.0,DEPTH_PROPOSAL_CERTIFIED,0.618325257599315,0,32,0,0,64,FULL_MOTION_CERTIFICATE,0,0,0,29,0,0,0,0,0,,20.566666666,0.564033977556,0.204611026492,0,0.94005662926,0.341018377487,0,0.94005662926,0.341018377487,0,0.568043229445,0.192783441073,0,0.5688496148917765,0.19039243931999558,0.0
20.516666666666666,-51.78352979069687,-9.01893626428596,1.9600200490536137,0.5720750972307398,0.18002766898960001,0.0,0.5636236277084273,0.20573868447327084,0.0,DEPTH_PROPOSAL_CERTIFIED,0.6206149926154114,0,32,0,0,64,FULL_MOTION_CERTIFICATE,0,0,0,29,0,0,0,0,0,,20.566666666,0.564033977556,0.204611026492,0,0.94005662926,0.341018377487,0,0.94005662926,0.341018377487,0,0.568043229445,0.192783441073,0,0.5685234124118342,0.19136273203027118,0.0
20.533333333333335,-51.7740001098446,-9.015920250920386,1.9600200490536137,0.5717808511359956,0.18096080193441552,0.0,0.5632110233669193,0.20686551949995785,0.0,DEPTH_PROPOSAL_CERTIFIED,0.6229165959581391,0,32,0,0,64,FULL_MOTION_CERTIFICATE,0,0,0,29,0,0,0,0,0,,20.6,0.563623627708,0.205738684473,0,0.939372712847,0.342897807455,0,0.939372712847,0.342897807455,0,0.56739895783,0.194672003909,0,0.5681910487801172,0.19234502386116276,0.0
20.55,-51.7644763622765,-9.012885759078651,1.9600200490536137,0.5714248540863187,0.1820695105040499,0.0,0.5627961661820687,0.20799152706484272,0.0,DEPTH_PROPOSAL_CERTIFIED,0.625232300737881,0,32,0,0,64,FULL_MOTION_CERTIFICATE,0,0,0,29,0,0,0,0,0,,20.616666666,0.563211023367,0.2068655195,0,0.938685038945,0.344775865833,0,0.938685038945,0.344775865833,0,0.56708169008,0.195595755054,0,0.5670816900802593,0.19559575505359011,0.0
20.566666666666666,-51.75495748332867,-9.0098359794458,1.9600200490536137,0.5711327368698681,0.18298677797107243,0.0,0.5623790578133039,0.20911670266389665,0.0,DEPTH_PROPOSAL_CERTIFIED,0.6275596720544983,0,32,0,0,64,FULL_MOTION_CERTIFICATE,0,0,0,29,0,0,0,0,0,,20.633333333,0.562796166182,0.207991527065,0,0.937993610303,0.346652545108,0,0.937993610303,0.346652545108,0,0.566757029172,0.19653482871,0,0.5675689068291709,0.1941774410687481,0.0
20.583333333333332,-51.745443511126105,-9.006770883467658,1.9600200490536137,0.5708383321537841,0.18390575868853404,0.0,0.5619596999290576,0.21024104179641875,0.0,DEPTH_PROPOSAL_CERTIFIED,0.629898731698457,0,32,0,0,64,FULL_MOTION_CERTIFICATE,0,0,0,29,0,0,0,0,0,,20.65,0.562379057813,0.209116702664,0,0.937298429689,0.348527837773,0,0.937298429689,0.348527837773,0,0.566425364669,0.197488000998,0,0.567246594617559,0.19511732344156613,0.0
20.6,-51.73593553800865,-9.00368741832067,1.9600200490536137,0.5704783870472514,0.18500790881922885,0.0,0.5615380942067608,0.21136453996505397,0.0,DEPTH_PROPOSAL_CERTIFIED,0.6322518093639997,0,32,0,0,64,FULL_MOTION_CERTIFICATE,0,0,0,29,0,0,0,0,0,,20.666666666,0.561959699929,0.210241041796,0,0.936599499882,0.350401736327,0,0.936599499882,0.350401736327,0,0.566087056748,0.198454140414,0,0.5660870567475537,0.1984541404137033,0.0
20.616666666666667,-51.7264324853009,-9.00058876328068,1.9600200490536137,0.5701831624649331,0.18591930239937457,0.0,0.5615380942067608,0.21136453996505397,0.0,DEPTH_PROPOSAL_CERTIFIED,0.6346164788576434,0,32,0,0,64,FULL_MOTION_CERTIFICATE,0,0,0,29,0,0,0,0,0,,20.666666666,0.561959699929,0.210241041796,0,0.936599499882,0.350401736327,0,0.936599499882,0.350401736327,0,0.566087056748,0.198454140414,0,0.5665814225606494,0.19703830407715298,0.0
20.633333333333333,-51.71693544172828,-8.997471905129963,1.9600200490536137,0.5698226143568932,0.18701148904306747,0.0,0.5611142423328361,0.21248719267581115,0.0,DEPTH_PROPOSAL_CERTIFIED,0.6369950396493129,0,32,0,0,64,FULL_MOTION_CERTIFICATE,0,0,0,29,0,0,0,0,0,,20.7,0.561538094207,0.211364539965,0,0.935896823678,0.352274233275,0,0.935896823678,0.352274233275,0,0.565423927439,0.200336166096,0,0.5654239274388069,0.2003361660961217,0.0
20.65,-51.70744332191069,-8.994340008478416,1.9600200490536137,0.5695271890558775,0.18791379909281908,0.0,0.56068814600269,0.21360899543808096,0.0,DEPTH_PROPOSAL_CERTIFIED,0.6393850767375306,0,32,0,0,64,FULL_MOTION_CERTIFICATE,0,0,0,29,0,0,0,0,0,,20.716666666,0.561114242333,0.212487192676,0,0.935190403888,0.354145321126,0,0.935190403888,0.354145321126,0,0.565097436156,0.201256698376,0,0.5659230003834856,0.19892198169978942,0.0
20.666666666666668,-51.69795616216582,-8.991193049291214,1.9600200490536137,0.5692295846917371,0.1888175512320228,0.0,0.5602598069207076,0.21472994376465385,0.0,DEPTH_PROPOSAL_CERTIFIED,0.6417866084639408,0,32,0,0,64,FULL_MOTION_CERTIFICATE,0,0,0,29,0,0,0,0,0,,20.733333333,0.560688146003,0.213608995438,0,0.934480243338,0.356014992397,0,0.934480243338,0.356014992397,0,0.564763399016,0.202192478475,0,0.5655988114492256,0.1998433273303063,0.0
20.683333333333334,-51.688475072328664,-8.988028003317096,1.9600200490536137,0.5688653902295038,0.18990275844706644,0.0,0.5598292268002445,0.21585003317173795,0.0,DEPTH_PROPOSAL_CERTIFIED,0.6442019427184422,0,32,0,0,64,FULL_MOTION_CERTIFICATE,0,0,0,29,0,0,0,0,0,,20.75,0.560259806921,0.214729943765,0,0.933766344868,0.357883239608,0,0.933766344868,0.357883239608,0,0.56442221779,0.203142286471,0,0.5644222177902571,0.2031422864705998,0.0
20.7,-51.67899895355347,-8.984848023202662,1.9600200490536137,0.5685671265120342,0.1907988068659749,0.0,0.5593964073636206,0.2169692591789772,0.0,DEPTH_PROPOSAL_CERTIFIED,0.6466286736291047,0,32,0,0,64,FULL_MOTION_CERTIFICATE,0,0,0,29,0,0,0,0,0,,20.766666666,0.5598292268,0.215850033172,0,0.933048711334,0.359750055286,0,0.933048711334,0.359750055286,0,0.564074263941,0.204104994516,0,0.5649283091589055,0.20173059757665868,0.0
20.716666666666665,-51.66952786554007,-8.98165302368718,1.9600200490536137,0.5682652808039184,0.19169997092891805,0.0,0.5593964073636206,0.2169692591789772,0.0,DEPTH_PROPOSAL_CERTIFIED,0.6490668662607346,0,32,0,0,64,FULL_MOTION_CERTIFICATE,0,0,0,29,0,0,0,0,0,,20.766666666,0.5598292268,0.215850033172,0,0.933048711334,0.359750055286,0,0.933048711334,0.359750055286,0,0.564074263941,0.204104994516,0,0.5645827631649044,0.20269417249682514,0.0
20.733333333333334,-51.660061871545864,-8.978442910977249,1.9600200490536137,0.5679596396522935,0.19260676259584777,0.0,0.5589613503421131,0.218087617309469,0.0,DEPTH_PROPOSAL_CERTIFIED,0.6515165921896848,0,32,0,0,64,FULL_MOTION_CERTIFICATE,0,0,0,29,0,0,0,0,0,,20.8,0.559396407364,0.216969259179,0,0.932327345606,0.361615431965,0,0.932327345606,0.361615431965,0,0.563392344983,0.205980294841,0,0.5642308176024697,0.20366962093238866,0.0
20.75,-51.65060099637119,-8.975217691690093,1.9600200490536137,0.5676525104803908,0.19351315722932286,0.0,0.5585240574759497,0.21920510308978233,0.0,DEPTH_PROPOSAL_CERTIFIED,0.6539778463661738,0,32,0,0,64,FULL_MOTION_CERTIFICATE,0,0,0,29,0,0,0,0,0,,20.816666666,0.558961350342,0.218087617309,0,0.93160225057,0.363479362182,0,0.93160225057,0.363479362182,0,0.563056663584,0.206897516204,0,0.5639055345831773,0.20457117175771947,0.0
20.766666666666666,-51.641145273170245,-8.97197735109962,1.9600200490536137,0.567343392056457,0.19442043542834817,0.0,0.5580845305143008,0.2203217120499756,0.0,DEPTH_PROPOSAL_CERTIFIED,0.6564506400280758,0,32,0,0,64,FULL_MOTION_CERTIFICATE,0,0,0,29,0,0,0,0,0,,20.833333333,0.558524057476,0.21920510309,0,0.930873429127,0.365341838483,0,0.930873429127,0.365341838483,0,0.562713284326,0.207829909168,0,0.5635721472844643,0.20548922945645748,0.0
20.783333333333335,-51.63169474225715,-8.968721856415048,1.9600200490536137,0.567031854785516,0.1953296810742732,0.0,0.5576427712152742,0.22143743972361443,0.0,DEPTH_PROPOSAL_CERTIFIED,0.6589349981989601,0,32,0,0,64,FULL_MOTION_CERTIFICATE,0,0,0,29,0,0,0,0,0,,20.85,0.558084530514,0.22032171205,0,0.930140884191,0.367202853417,0,0.930140884191,0.367202853417,0,0.562362621152,0.20877625789,0,0.5632311000800369,0.20642247795455695,0.0
20.8,-51.622250558311244,-8.965448172643079,1.9600200490536137,0.5666510367545684,0.19642102631817362,0.0,0.5571987813459062,0.2225522816477896,0.0,DEPTH_PROPOSAL_CERTIFIED,0.661433236966267,0,32,0,0,64,FULL_MOTION_CERTIFICATE,0,0,0,29,0,0,0,0,0,,20.866666666,0.557642771215,0.221437439724,0,0.929404618692,0.369062399539,0,0.929404618692,0.369062399539,0,0.562005056777,0.209735438294,0,0.5620050567770072,0.2097354382937594,0.0
20.816666666666666,-51.61281158067619,-8.962159452576445,1.9600200490536137,0.5663386581035911,0.19732320399804437,0.0,0.5571987813459062,0.2225522816477896,0.0,DEPTH_PROPOSAL_CERTIFIED,0.6639429503465388,0,32,0,0,64,FULL_MOTION_CERTIFICATE,0,0,0,29,0,0,0,0,0,,20.866666666,0.557642771215,0.221437439724,0,0.929404618692,0.369062399539,0,0.929404618692,0.369062399539,0,0.562005056777,0.209735438294,0,0.562527638561668,0.208329771692468,0.0
20.833333333333332,-51.60337787160521,-8.958855608206857,1.9600200490536137,0.5660225442584043,0.1982306621752737,0.0,0.5567525626821557,0.22366623336313493,0.0,DEPTH_PROPOSAL_CERTIFIED,0.666464205501335,0,32,0,0,65,FULL_MOTION_CERTIFICATE,0,0,0,29,0,0,0,0,0,,20.9,0.557198781346,0.222552281648,0,0.928664635577,0.370920469413,0,0.928664635577,0.370920469413,0,0.561304417439,0.211603825733,0,0.5621659553471245,0.20930165193747194,0.0
20.85,-51.59395055516591,-8.955533724718228,1.9600200490536137,0.565638986357843,0.19931300931778984,0.0,0.5563041170088967,0.224779290413845,0.0,DEPTH_PROPOSAL_CERTIFIED,0.6698903459797358,0,32,0,0,65,FULL_MOTION_CERTIFICATE,0,0,0,29,0,0,0,0,0,,20.916666666,0.556752562682,0.223666233363,0,0.927920937804,0.372777055605,0,0.927920937804,0.372777055605,0,0.560959579971,0.212517644456,0,0.5609595799709965,0.2125176444564846,0.0
20.866666666666667,-51.58452847845619,-8.952196940252916,1.9600200490536137,0.565324602583077,0.20020706791872203,0.0,0.5558534461199116,0.22589144834769317,0.0,DEPTH_PROPOSAL_CERTIFIED,0.6738202905543507,0,32,0,0,65,FULL_MOTION_CERTIFICATE,0,0,0,29,0,0,0,0,0,,20.933333333,0.556304117009,0.224779290414,0,0.927173528348,0.37463215069,0,0.927173528348,0.37463215069,0,0.560606893376,0.213446557048,0,0.5614891205309323,0.21111458285009566,0.0
20.883333333333333,-51.57511281313392,-8.948842248863434,1.9600200490536137,0.5649399193364877,0.20128148336896337,0.0,0.5554005518178831,0.2270027027160491,0.0,DEPTH_PROPOSAL_CERTIFIED,0.6777575919301344,0,32,0,0,65,FULL_MOTION_CERTIFICATE,0,0,0,29,0,0,0,0,0,,20.95,0.55585344612,0.225891448348,0,0.9264224102,0.376485747246,0,0.9264224102,0.376485747246,0,0.560246783728,0.214389351862,0,0.5602467837280972,0.21438935186190844,0.0
20.9,-51.56570239896513,-8.945472776434777,1.9600200490536137,0.5646248501275992,0.2021683457194349,0.0,0.5549454359143878,0.22811304907389685,0.0,DEPTH_PROPOSAL_CERTIFIED,0.6817000062590477,0,32,0,0,65,FULL_MOTION_CERTIFICATE,0,0,0,29,0,0,0,0,0,,20.966666666,0.555400551818,0.227002702716,0,0.925667586363,0.37833783786,0,0.925667586363,0.37833783786,0,0.559879644962,0.215344908707,0,0.5607810057791592,0.21298806639518816,0.0
20.916666666666668,-51.55629729867648,-8.942088435076347,1.9600200490536137,0.5643060173186674,0.20306048150581887,0.0,0.5549454359143878,0.22811304907389685,0.0,DEPTH_PROPOSAL_CERTIFIED,0.6856475602470422,0,32,0,0,65,FULL_MOTION_CERTIFICATE,0,0,0,29,0,0,0,0,0,,20.966666666,0.555400551818,0.227002702716,0,0.925667586363,0.37833783786,0,0.925667586363,0.37833783786,0,0.559879644962,0.215344908707,0,0.5604162570496993,0.21394453809970163,0.0
20.933333333333334,-51.54689869543498,-8.93868623296676,1.9600200490536137,0.5639161944899642,0.20413212657523747,0.0,0.5544881002298888,0.22922248297985245,0.0,DEPTH_PROPOSAL_CERTIFIED,0.6896023199831358,0,32,0,0,67,FULL_MOTION_CERTIFICATE,0,0,0,29,0,0,0,0,0,,21,0.554945435914,0.228113049074,0,0.924909059857,0.380188415123,0,0.924909059857,0.380188415123,0,0.55916035598,0.217206196422,0,0.5591603559797859,0.21720619642214495,0.0
20.95,-51.53750541362147,-8.935269289074794,1.9600200490536137,0.5635969088111789,0.2050166335179718,0.0,0.5540285465937282,0.23033099999618176,0.0,DEPTH_PROPOSAL_CERTIFIED,0.6935620559078233,0,32,0,0,67,FULL_MOTION_CERTIFICATE,0,0,0,29,0,0,0,0,0,,21.016666666,0.55448810023,0.22922248298,0,0.924146833716,0.382037471633,0,0.924146833716,0.382037471633,0,0.558806397225,0.218116521125,0,0.5597016235299979,0.21580761821933153,0.0
20.966666666666665,-51.52811749414017,-8.931837569688566,1.9600200490536137,0.5632751688778116,0.20590316317368154,0.0,0.5535667768441199,0.2314385956888182,0.0,DEPTH_PROPOSAL_CERTIFIED,0.6975267570098131,0,32,0,0,67,FULL_MOTION_CERTIFICATE,0,0,0,29,0,0,0,0,0,,21.033333333,0.554028546594,0.230330999996,0,0.92338091099,0.383884999994,0,0.92338091099,0.383884999994,0,0.558444438837,0.219041860452,0,0.5593499416907315,0.21671882497334077,0.0
20.983333333333334,-51.51873498484965,-8.928391024667073,1.9600200490536137,0.5629505574309592,0.206792701289586,0.0,0.5531027928281425,0.23254526562738048,0.0,DEPTH_PROPOSAL_CERTIFIED,0.7014964236742085,0,32,0,0,67,FULL_MOTION_CERTIFICATE,0,0,0,29,0,0,0,0,0,,21.05,0.553566776844,0.231438595689,0,0.92261129474,0.385730992815,0,0.92261129474,0.385730992815,0,0.558074918981,0.21998100708,0,0.5589902977793615,0.21764506630361852,0.0
21.0,-51.50935793948652,-8.9249295902106,1.9600200490536137,0.5626227217879265,0.20768606738848883,0.0,0.552636596401731,0.2336510053851903,0.0,DEPTH_PROPOSAL_CERTIFIED,0.7054710656909249,0,32,0,0,67,FULL_MOTION_CERTIFICATE,0,0,0,30,0,0,0,0,0,,21.066666666,0.553102792828,0.232545265627,0,0.921837988047,0.387575442712,0,0.921837988047,0.387575442712,0,0.557698242773,0.22093284481,0,0.5586231269429274,0.21858513379510405,0.0
21.016666666666666,-51.49998641671213,-8.921453191306078,1.9600200490536137,0.5622913664633283,0.20858393427124394,0.0,0.552636596401731,0.2336510053851903,0.0,DEPTH_PROPOSAL_CERTIFIED,0.7094507005022208,0,32,0,0,67,FULL_MOTION_CERTIFICATE,0,0,0,30,0,0,0,0,0,,21.083333333,0.552636596402,0.233651005385,0,0.921060994003,0.389418342309,0,0.921060994003,0.389418342309,0,0.557314784707,0.221896341843,0,0.55824883150323,0.21953791024085695,0.0
21.033333333333335,-51.49062047926992,-8.917961743880552,1.9600200490536137,0.5619562465324349,0.20948684553149996,0.0,0.5521681894296708,0.2347558105392901,0.0,DEPTH_PROPOSAL_CERTIFIED,0.7134353516645093,0,32,0,0,67,FULL_MOTION_CERTIFICATE,0,0,0,30,0,0,0,0,0,,21.1,0.552636596402,0.233651005385,0,0.921060994003,0.389418342309,0,0.921060994003,0.389418342309,0,0.556960376495,0.222786846674,0,0.5578677833755357,0.22050236290662134,0.0
21.05,-51.4812613081339,-8.914452358650996,1.9600200490536137,0.5615502681613782,0.21056311377342046,0.0,0.5516975737855893,0.2358596766704608,0.0,DEPTH_PROPOSAL_CERTIFIED,0.7174269942552889,0,32,0,0,67,FULL_MOTION_CERTIFICATE,0,0,0,30,0,0,0,0,0,,21.116666666,0.55216818943,0.234755810539,0,0.920280315716,0.391259684232,0,0.920280315716,0.391259684232,0,0.556597332034,0.223693586325,0,0.5565973320344857,0.2236935863248513,0.0
21.066666666666666,-51.471907686798524,-8.910928152358776,1.9600200490536137,0.5612172801227894,0.21145237753317217,0.0,0.551224751351948,0.2369625993632392,0.0,DEPTH_PROPOSAL_CERTIFIED,0.7214234215888864,0,32,0,0,68,FULL_MOTION_CERTIFICATE,0,0,0,30,0,0,0,0,0,,21.133333333,0.551697573786,0.23585967667,0,0.919495956309,0.393099461117,0,0.919495956309,0.393099461117,0,0.55622613822,0.224615259854,0,0.557154826052006,0.2223013954021437,0.0
21.083333333333332,-51.46255966059262,-8.907389082914408,1.9600200490536137,0.5608815723543396,0.2123441666620946,0.0,0.5507497240200364,0.23806457420593619,0.0,DEPTH_PROPOSAL_CERTIFIED,0.7254246285232355,0,32,0,0,68,FULL_MOTION_CERTIFICATE,0,0,0,30,0,0,0,0,0,,21.15,0.551224751352,0.236962599363,0,0.91870791892,0.394937665605,0,0.91870791892,0.394937665605,0,0.555847245268,0.225550664381,0,0.556785937579251,0.22322399403494878,0.0
21.1,-51.45321847845606,-8.903832141599898,1.9600200490536137,0.5604709281935176,0.21341647887064213,0.0,0.550272493689963,0.23916559679065374,0.0,DEPTH_PROPOSAL_CERTIFIED,0.7294326648608793,0,32,0,0,68,FULL_MOTION_CERTIFICATE,0,0,0,30,0,0,0,0,0,,21.166666666,0.55074972402,0.238064574206,0,0.9179162067,0.396774290343,0,0.9179162067,0.396774290343,0,0.555461069431,0.226498687815,0,0.5554610694314905,0.22649868781491994,0.0
21.116666666666667,-51.443882909133194,-8.900260436586008,1.9600200490536137,0.5601341593717549,0.2143023008334588,0.0,0.550272493689963,0.23916559679065374,0.0,DEPTH_PROPOSAL_CERTIFIED,0.7334453391415146,0,32,0,0,68,FULL_MOTION_CERTIFICATE,0,0,0,30,0,0,0,0,0,,21.166666666,0.55074972402,0.238064574206,0,0.9179162067,0.396774290343,0,0.9179162067,0.396774290343,0,0.555461069431,0.226498687815,0,0.5560255797462499,0.22510932877982298,0.0
21.133333333333333,-51.43455419518845,-8.896671000615557,1.9600200490536137,0.5597228366848487,0.21536615822704633,0.0,0.5497930622706486,0.24026566271330302,0.0,DEPTH_PROPOSAL_CERTIFIED,0.7374646673603897,0,32,0,0,68,FULL_MOTION_CERTIFICATE,0,0,0,30,0,0,0,0,0,,21.2,0.55027249369,0.239165596791,0,0.917120822817,0.398609327984,0,0.917120822817,0.398609327984,0,0.554704699905,0.228345218429,0,0.5547046999045917,0.22834521842881503,0.0
21.15,-51.42523109867776,-8.893066928803796,1.9600200490536137,0.5593857906409003,0.2162443087056913,0.0,0.5493114316798181,0.2413647675736218,0.0,DEPTH_PROPOSAL_CERTIFIED,0.7414884733977232,0,32,0,0,68,FULL_MOTION_CERTIFICATE,0,0,0,30,0,0,0,0,0,,21.216666666,0.549793062271,0.240265662713,0,0.916321770451,0.400442771189,0,0.916321770451,0.400442771189,0,0.554332606159,0.229248282354,0,0.5552738289047306,0.2269577445451607,0.0
21.166666666666668,-51.415912943930955,-8.889449941011518,1.9600200490536137,0.5590892848084045,0.2170192675366136,0.0,0.5488276038439933,0.2424629069751921,0.0,DEPTH_PROPOSAL_CERTIFIED,0.7455155378118943,0,32,0,0,68,FULL_MOTION_CERTIFICATE,0,0,0,30,0,0,0,0,0,,21.233333333,0.54931143168,0.241364767574,0,0.9155190528,0.402274612623,0,0.9155190528,0.402274612623,0,0.553952214146,0.230166197919,0,0.5554719136519554,0.2264737652738641,0.0
21.183333333333334,-51.40660176557142,-8.885815177336326,1.9600200490536137,0.5586707015717658,0.2180858205115286,0.0,0.5483415806984849,0.24356007652545775,0.0,DEPTH_PROPOSAL_CERTIFIED,0.7495491759106636,0,32,0,0,68,FULL_MOTION_CERTIFICATE,0,0,0,30,0,0,0,0,0,,21.25,0.548827603844,0.242462906975,0,0.914712673073,0.404104844959,0,0.914712673073,0.404104844959,0,0.553563986085,0.231097766805,0,0.553563986084773,0.2310977668054925,0.0
21.2,-51.39729630779467,-8.882165732707106,1.9600200490536137,0.558327466605224,0.2189666777532088,0.0,0.547853364187385,0.24465627183574207,0.0,DEPTH_PROPOSAL_CERTIFIED,0.7535872205816485,0,32,0,0,68,FULL_MOTION_CERTIFICATE,0,0,0,30,0,0,0,0,0,,21.266666666,0.548341580698,0.243560076525,0,0.913902634497,0.405933460876,0,0.913902634497,0.405933460876,0,0.553168349329,0.23204188114,0,0.5541400000134143,0.22971313610170788,0.0
21.216666666666665,-51.38799663378285,-8.878501526008664,1.9600200490536137,0.5579804407091687,0.2198524019065393,0.0,0.547853364187385,0.24465627183574207,0.0,DEPTH_PROPOSAL_CERTIFIED,0.7576296939430285,0,32,0,0,68,FULL_MOTION_CERTIFICATE,0,0,0,30,0,0,0,0,0,,21.266666666,0.548341580698,0.243560076525,0,0.913902634497,0.405933460876,0,0.913902634497,0.405933460876,0,0.553168349329,0.23204188114,0,0.553746724777294,0.23065823657717183,0.0
21.233333333333334,-51.3787028107508,-8.874822467701652,1.9600200490536137,0.557629381922468,0.22074349842071098,0.0,0.5473629562635586,0.24575148852126527,0.0,DEPTH_PROPOSAL_CERTIFIED,0.7616766236831289,0,32,0,0,68,FULL_MOTION_CERTIFICATE,0,0,0,30,0,0,0,0,0,,21.3,0.547853364187,0.244656271836,0,0.913088940312,0.40776045306,0,0.913088940312,0.40776045306,0,0.552393552352,0.233880755852,0,0.5533464647247195,0.23161487589360374,0.0
21.25,-51.36941486253507,-8.871128566535912,1.9600200490536137,0.5572768929437968,0.2216340699443767,0.0,0.546870358888637,0.24684572220116205,0.0,DEPTH_PROPOSAL_CERTIFIED,0.7657279703293172,0,32,0,0,68,FULL_MOTION_CERTIFICATE,0,0,0,30,0,0,0,0,0,,21.316666666,0.547362956264,0.245751488521,0,0.912271593773,0.409585814202,0,0.912271593773,0.409585814202,0,0.552012446603,0.234780053746,0,0.552976527404007,0.2324990425330991,0.0
21.266666666666666,-51.36013282242775,-8.867419810293866,1.9600200490536137,0.5569224064395919,0.22252537452280718,0.0,0.5463755740330091,0.24793896849849917,0.0,DEPTH_PROPOSAL_CERTIFIED,0.7697837087629709,0,32,0,0,68,FULL_MOTION_CERTIFICATE,0,0,0,30,0,0,0,0,0,,21.333333333,0.546870358889,0.246845722201,0,0.911450598148,0.411409537002,0,0.911450598148,0.411409537002,0,0.551622894496,0.235694119556,0,0.5525976710882922,0.23339929037965973,0.0
21.283333333333335,-51.350856731816734,-8.863696169010543,1.9600200490536137,0.556565436660865,0.22341847699932227,0.0,0.5458786036758135,0.24903122304029288,0.0,DEPTH_PROPOSAL_CERTIFIED,0.7738438259525826,0,32,0,0,68,FULL_MOTION_CERTIFICATE,0,0,0,30,0,0,0,0,0,,21.35,0.546375574033,0.247938968498,0,0.910625956722,0.413231614164,0,0.910625956722,0.413231614164,0,0.55122537021,0.236621759646,0,0.5522104053603982,0.23431432721280457,0.0
21.3,-51.341586638977496,-8.859957597826698,1.9600200490536137,0.556205570354362,0.2243142710307026,0.0,0.545379449804931,0.25012248145752647,0.0,DEPTH_PROPOSAL_CERTIFIED,0.7779083189507734,0,32,0,0,68,FULL_MOTION_CERTIFICATE,0,0,0,30,0,0,0,0,0,,21.366666666,0.545878603676,0.24903122304,0,0.909797672793,0.4150520384,0,0.909797672793,0.4150520384,0,0.550820312156,0.237561870472,0,0.5518152014150248,0.235242958213543,0.0
21.316666666666666,-51.332322598001205,-8.8562040395119,1.9600200490536137,0.55584245857758,0.22521349888787387,0.0,0.545379449804931,0.25012248145752647,0.0,DEPTH_PROPOSAL_CERTIFIED,0.7819771931281145,0,32,0,0,68,FULL_MOTION_CERTIFICATE,0,0,0,30,0,0,0,0,0,,21.366666666,0.545878603676,0.24903122304,0,0.909797672793,0.4150520384,0,0.909797672793,0.4150520384,0,0.550820312156,0.237561870472,0,0.5514124949008393,0.23618407874536435,0.0
21.333333333333332,-51.32306466784567,-8.852435426691033,1.9600200490536137,0.5554758093323167,0.2261167692520033,0.0,0.5448781144169765,0.2512127393851677,0.0,DEPTH_PROPOSAL_CERTIFIED,0.7860504606193843,0,32,0,0,68,FULL_MOTION_CERTIFICATE,0,0,0,30,0,0,0,0,0,,21.4,0.545379449805,0.250122481458,0,0.908965749675,0.416870802429,0,0.908965749675,0.416870802429,0,0.55002716531,0.239392905396,0,0.5510026885401038,0.2371366676943829,0.0
21.35,-51.313814109815915,-8.848648920463502,1.9600200490536137,0.5550334817853838,0.22719037365176922,0.0,0.5443745995172908,0.2523019924621864,0.0,DEPTH_PROPOSAL_CERTIFIED,0.7901300150451149,0,32,0,0,68,FULL_MOTION_CERTIFICATE,0,0,0,30,0,0,0,0,0,,21.416666666,0.544878114417,0.251212739385,0,0.908130190695,0.418687898975,0,0.908130190695,0.418687898975,0,0.549637085713,0.240288347329,0,0.5496370857128045,0.24028834732891133,0.0
21.366666666666667,-51.304569609101115,-8.844847612302269,1.9600200490536137,0.5546700428880349,0.2280784896740049,0.0,0.543868907119933,0.25339023633157154,0.0,DEPTH_PROPOSAL_CERTIFIED,0.7942137209833302,0,32,0,0,68,FULL_MOTION_CERTIFICATE,0,0,0,30,0,0,0,0,0,,21.433333333,0.544374599517,0.252301992462,0,0.907290999195,0.42050332077,0,0.907290999195,0.42050332077,0,0.549238412508,0.241198471978,0,0.5502360883403778,0.23891350514528092,0.0
21.383333333333333,-51.2953324801175,-8.8410285723218,1.9600200490536137,0.5542277390168833,0.22914239882813303,0.0,0.5433610392476718,0.25447746664034926,0.0,DEPTH_PROPOSAL_CERTIFIED,0.7983035288414766,0,32,0,0,68,FULL_MOTION_CERTIFICATE,0,0,0,30,0,0,0,0,0,,21.45,0.54386890712,0.253390236332,0,0.906448178533,0.422317060553,0,0.906448178533,0.422317060553,0,0.548831631789,0.242122090508,0,0.548831631788833,0.2421220905084971,0.0
21.4,-51.28610140229264,-8.837194877218353,1.9600200490536137,0.5538646694918635,0.23002170620684523,0.0,0.542850997931978,0.25556367903959976,0.0,DEPTH_PROPOSAL_CERTIFIED,0.8023973193597596,0,32,0,0,68,FULL_MOTION_CERTIFICATE,0,0,0,30,0,0,0,0,0,,21.466666666,0.543361039248,0.25447746664,0,0.905601732079,0.424129111067,0,0.905601732079,0.424129111067,0,0.548417192977,0.243058103814,0,0.5494352212866221,0.24074925622713486,0.0
21.416666666666668,-51.27687643753051,-8.833346454089025,1.9600200490536137,0.5534978857273489,0.23090538775965466,0.0,0.542850997931978,0.25556367903959976,0.0,DEPTH_PROPOSAL_CERTIFIED,0.8064951091957124,0,32,0,0,68,FULL_MOTION_CERTIFICATE,0,0,0,30,0,0,0,0,0,,21.466666666,0.543361039248,0.25447746664,0,0.905601732079,0.424129111067,0,0.905601732079,0.424129111067,0,0.548417192977,0.243058103814,0,0.5490231238002716,0.2416863027039279,0.0
21.433333333333334,-51.26765891230133,-8.829480384838373,1.9600200490536137,0.553051513750978,0.23196415503911172,0.0,0.5423387852130164,0.2566488691844748,0.0,DEPTH_PROPOSAL_CERTIFIED,0.8105988332327132,0,32,0,0,68,FULL_MOTION_CERTIFICATE,0,0,0,30,0,0,0,0,0,,21.5,0.542850997932,0.25556367904,0,0.90475166322,0.425939465066,0,0.90475166322,0.425939465066,0,0.547605775639,0.244881115848,0,0.5476057756392526,0.2448811158484887,0.0
21.45,-51.258447492182285,-8.825599735811783,1.9600200490536137,0.5526852071428741,0.23283894159541824,0.0,0.541824403139637,0.25773303273421533,0.0,DEPTH_PROPOSAL_CERTIFIED,0.8147063880561474,0,32,0,0,68,FULL_MOTION_CERTIFICATE,0,0,0,30,0,0,0,0,0,,21.516666666,0.542338785213,0.256648869184,0,0.903897975355,0.427748115307,0,0.903897975355,0.427748115307,0,0.547206761229,0.245772612278,0,0.5482162665240052,0.24351133758235843,0.0
21.466666666666665,-51.249242215655464,-8.821704484654934,1.9600200490536137,0.552316591609278,0.23371506941096284,0.0,0.5413078537693674,0.2588161653521686,0.0,DEPTH_PROPOSAL_CERTIFIED,0.8188177567014945,0,32,0,0,68,FULL_MOTION_CERTIFICATE,0,0,0,30,0,0,0,0,0,,21.533333333,0.54182440314,0.257733032734,0,0.903040671899,0.429555054557,0,0.903040671899,0.429555054557,0,0.54679900682,0.246678704755,0,0.5478194820994065,0.24440382876060773,0.0
21.483333333333334,-51.24004312927689,-8.817794592250129,1.9600200490536137,0.5519451827141515,0.2345935442882371,0.0,0.5407891391684047,0.2598982627058055,0.0,DEPTH_PROPOSAL_CERTIFIED,0.8229329334168076,0,32,0,0,68,FULL_MOTION_CERTIFICATE,0,0,0,30,0,0,0,0,0,,21.55,0.541307853769,0.258816165352,0,0.902179756282,0.431360275587,0,0.902179756282,0.431360275587,0,0.546383010369,0.247598209364,0,0.5474139941936079,0.245310937790981,0.0
21.5,-51.23085028643988,-8.813870005482663,1.9600200490536137,0.5515705702207435,0.23547520604796823,0.0,0.5402682614116061,0.2609793204667381,0.0,DEPTH_PROPOSAL_CERTIFIED,0.8270519217542946,0,32,0,0,68,FULL_MOTION_CERTIFICATE,0,0,0,30,0,0,0,0,0,,21.566666666,0.540789139168,0.259898262706,0,0.901315231947,0.433163771176,0,0.901315231947,0.433163771176,0,0.545959232264,0.248530031549,0,0.5470002978011659,0.24623147951668878,0.0
21.516666666666666,-51.22166374627919,-8.809930659684658,1.9600200490536137,0.5511924096414627,0.23636074788028227,0.0,0.5402682614116061,0.2609793204667381,0.0,DEPTH_PROPOSAL_CERTIFIED,0.8311747328892418,0,32,0,0,68,FULL_MOTION_CERTIFICATE,0,0,0,30,0,0,0,0,0,,21.566666666,0.540789139168,0.259898262706,0,0.901315231947,0.433163771176,0,0.901315231947,0.433163771176,0,0.545959232264,0.248530031549,0,0.5465788505742362,0.24716435823451433,0.0
21.533333333333335,-51.21248357270191,-8.805976480789168,1.9600200490536137,0.5508104146364171,0.2372507337294033,0.0,0.5397452225824824,0.26205933431073686,0.0,DEPTH_PROPOSAL_CERTIFIED,0.8353013841430752,0,32,0,0,68,FULL_MOTION_CERTIFICATE,0,0,0,30,0,0,0,0,0,,21.6,0.540268261412,0.260979320467,0,0.900447102353,0.434965534111,0,0.900447102353,0.434965534111,0,0.545129625616,0.250344838394,0,0.5461500755748626,0.24810856108867796,0.0
21.55,-51.20331108687505,-8.802004648400697,1.9600200490536137,0.5503491496117944,0.23830994330825078,0.0,0.5392200247731879,0.26313829991774773,0.0,DEPTH_PROPOSAL_CERTIFIED,0.8394337273536217,0,32,0,0,68,FULL_MOTION_CERTIFICATE,0,0,0,30,0,0,0,0,0,,21.616666666,0.539745222582,0.262059334311,0,0.899575370971,0.436765557185,0,0.899575370971,0.436765557185,0,0.544721716311,0.25123230017,0,0.5447217163113962,0.2512323001701909,0.0
21.566666666666666,-51.19414491551215,-8.798018220344437,1.9600200490536137,0.5499702817740141,0.23918568337561272,0.0,0.5386926700845134,0.26421621297190984,0.0,DEPTH_PROPOSAL_CERTIFIED,0.8447877309062994,0,32,0,0,68,FULL_MOTION_CERTIFICATE,0,0,0,30,0,0,0,0,0,,21.633333333,0.539220024773,0.263138299918,0,0.898700041289,0.438563833196,0,0.898700041289,0.438563833196,0,0.54430492149,0.252134269866,0,0.5453480941530943,0.24986971219742896,0.0
21.583333333333332,-51.184985103652046,-8.794017162190089,1.9600200490536137,0.5495887116059548,0.2400634892608412,0.0,0.5381631606258768,0.2652930691615723,0.0,DEPTH_PROPOSAL_CERTIFIED,0.8507261130516919,0,32,0,0,68,FULL_MOTION_CERTIFICATE,0,0,0,30,0,0,0,0,0,,21.65,0.538692670085,0.264216212972,0,0.897821116808,0.440360354953,0,0.897821116808,0.440360354953,0,0.54387975092,0.253049568605,0,0.5449335555556315,0.2507727210606292,0.0
21.6,-51.17583304688751,-8.78999853633722,1.9600200490536137,0.5491234058717993,0.24111755117202063,0.0,0.5376314985153151,0.2663688641793119,0.0,DEPTH_PROPOSAL_CERTIFIED,0.8566456556981143,0,32,0,0,68,FULL_MOTION_CERTIFICATE,0,0,0,30,0,0,0,0,0,,21.666666666,0.538163160626,0.265293069162,0,0.896938601043,0.442155115269,0,0.896938601043,0.442155115269,0,0.543446675915,0.253977106488,0,0.5434466759151038,0.2539771064884076,0.0
21.616666666666667,-51.16668735816101,-8.78596539009753,1.9600200490536137,0.548741323589841,0.24198877438139785,0.0,0.5376314985153151,0.2663688641793119,0.0,DEPTH_PROPOSAL_CERTIFIED,0.8625448502646955,0,32,0,0,68,FULL_MOTION_CERTIFICATE,0,0,0,30,0,0,0,0,0,,21.666666666,0.538163160626,0.265293069162,0,0.896938601043,0.442155115269,0,0.896938601043,0.442155115269,0,0.543446675915,0.253977106488,0,0.5440799197499486,0.25261769753580054,0.0
21.633333333333333,-51.157548108322516,-8.781917636798346,1.9600200490536137,0.5483549903100678,0.24286519795107916,0.0,0.5370976858794763,0.26744359372194987,0.0,DEPTH_PROPOSAL_CERTIFIED,0.8684236060401331,0,32,0,0,68,FULL_MOTION_CERTIFICATE,0,0,0,30,0,0,0,0,0,,21.7,0.537631498515,0.266368864179,0,0.896052497526,0.443948106966,0,0.896052497526,0.443948106966,0,0.54259896294,0.255783526664,0,0.5436417242968352,0.253557565501192,0.0
21.65,-51.14841532093962,-8.777855286234773,1.9600200490536137,0.5479672429736704,0.2437410338143738,0.0,0.5365617248536101,0.26851725349056954,0.0,DEPTH_PROPOSAL_CERTIFIED,0.8742817902887077,0,32,0,0,68,FULL_MOTION_CERTIFICATE,0,0,0,30,0,0,0,0,0,,21.716666666,0.537097685879,0.267443593722,0,0.895162809799,0.44573932287,0,0.895162809799,0.44573932287,0,0.542182199543,0.256666865042,0,0.5432367254696217,0.25442623134656894,0.0
21.666666666666668,-51.139289029858816,-8.773778327621885,1.9600200490536137,0.5475774648482901,0.24461751677326168,0.0,0.5360236175815599,0.2695898391905333,0.0,DEPTH_PROPOSAL_CERTIFIED,0.8801192794802932,0,32,0,0,68,FULL_MOTION_CERTIFICATE,0,0,0,30,0,0,0,0,0,,21.733333333,0.536561724854,0.268517253491,0,0.894269541423,0.447528755818,0,0.894269541423,0.447528755818,0,0.541756405997,0.257564621761,0,0.5428221717186505,0.2553106088716922,0.0
21.683333333333334,-51.13017063696111,-8.7696838714,1.9600200490536137,0.5471035738625072,0.24566737331312088,0.0,0.535483366215754,0.27066134653149976,0.0,DEPTH_PROPOSAL_CERTIFIED,0.8859371891484993,0,32,0,0,68,FULL_MOTION_CERTIFICATE,0,0,0,30,0,0,0,0,0,,21.75,0.536023617582,0.269589839191,0,0.893372695969,0.449316398651,0,0.893372695969,0.449316398651,0,0.541322103836,0.258475623099,0,0.5413221038359556,0.25847562309940386,0.0
21.7,-51.12105873014077,-8.765574952882407,1.9600200490536137,0.5467144092206428,0.24653511105558176,0.0,0.5349409729171973,0.27173177122744097,0.0,DEPTH_PROPOSAL_CERTIFIED,0.8917340702517753,0,32,0,0,68,FULL_MOTION_CERTIFICATE,0,0,0,30,0,0,0,0,0,,21.766666666,0.535483366216,0.270661346531,0,0.892472277026,0.451102244219,0,0.892472277026,0.451102244219,0,0.540879775246,0.259398783929,0,0.5419666005898972,0.25712151151360507,0.0
21.716666666666665,-51.11195337360822,-8.761451500697866,1.9600200490536137,0.5463213919525597,0.24740713107244622,0.0,0.5349409729171973,0.27173177122744097,0.0,DEPTH_PROPOSAL_CERTIFIED,0.897509826613188,0,32,0,0,68,FULL_MOTION_CERTIFICATE,0,0,0,30,0,0,0,0,0,,21.766666666,0.535483366216,0.270661346531,0,0.892472277026,0.451102244219,0,0.892472277026,0.451102244219,0,0.540879775246,0.259398783929,0,0.5415265812819443,0.25804577527819317,0.0
21.733333333333334,-51.102854636245816,-8.75731343477179,1.9600200490536137,0.5459242417442018,0.24828395556459226,0.0,0.5343964398554621,0.2728011089966596,0.0,DEPTH_PROPOSAL_CERTIFIED,0.9032643651832157,0,32,0,0,68,FULL_MOTION_CERTIFICATE,0,0,0,30,0,0,0,0,0,,21.8,0.534940972917,0.271731771227,0,0.891568288195,0.452886285379,0,0.891568288195,0.452886285379,0,0.54001404073,0.261196636795,0,0.5410790092022366,0.25898121436877225,0.0
21.75,-51.09376253890569,-8.753160770573876,1.9600200490536137,0.5455258404074398,0.24915985187486267,0.0,0.5338497692086801,0.2738693555618059,0.0,DEPTH_PROPOSAL_CERTIFIED,0.9089975533022359,0,32,0,0,68,FULL_MOTION_CERTIFICATE,0,0,0,30,0,0,0,0,0,,21.816666666,0.534396439855,0.272801108997,0,0.890660733092,0.454668514994,0,0.890660733092,0.454668514994,0,0.539588464923,0.262075763442,0,0.5406653440989425,0.25984578686016246,0.0
21.766666666666666,-51.08467711312235,-8.74899350268553,1.9600200490536137,0.545125547000541,0.25003607330086536,0.0,0.5333009631635331,0.2749365066498952,0.0,DEPTH_PROPOSAL_CERTIFIED,0.9147092673018851,0,32,0,0,68,FULL_MOTION_CERTIFICATE,0,0,0,30,0,0,0,0,0,,21.833333333,0.533849769209,0.273869355562,0,0.889749615348,0.456448925936,0,0.889749615348,0.456448925936,0,0.539153715239,0.262969217408,0,0.5402419674363764,0.2607259746980989,0.0
21.783333333333335,-51.075598399579235,-8.7448116079797,1.9600200490536137,0.5447228125871295,0.25091368234970196,0.0,0.5327500239152444,0.2760025579923245,0.0,DEPTH_PROPOSAL_CERTIFIED,0.920399390929626,0,32,0,0,68,FULL_MOTION_CERTIFICATE,0,0,0,30,0,0,0,0,0,,21.85,0.533300963164,0.27493650665,0,0.888834938606,0.458227511083,0,0.888834938606,0.458227511083,0,0.538710324922,0.263875830247,0,0.5398094527435101,0.2616205127455068,0.0
21.8,-51.066527847684604,-8.740612186961553,1.9600200490536137,0.5442331136778532,0.25196526108885375,0.0,0.5321969536675705,0.2770675053248897,0.0,DEPTH_PROPOSAL_CERTIFIED,0.9260689785079059,0,32,0,0,68,FULL_MOTION_CERTIFICATE,0,0,0,30,0,0,0,0,0,,21.866666666,0.532750023915,0.276002557992,0,0.887916706525,0.460004263321,0,0.887916706525,0.460004263321,0,0.538258786985,0.264794521707,0,0.5382587869846818,0.2647945217065063,0.0
21.816666666666666,-51.05746400541515,-8.736398267474252,1.9600200490536137,0.543830536167527,0.252835169238055,0.0,0.5321969536675705,0.2770675053248897,0.0,DEPTH_PROPOSAL_CERTIFIED,0.931716657787429,0,32,0,0,68,FULL_MOTION_CERTIFICATE,0,0,0,30,0,0,0,0,0,,21.866666666,0.532750023915,0.276002557992,0,0.887916706525,0.460004263321,0,0.887916706525,0.460004263321,0,0.538258786985,0.264794521707,0,0.538919090541546,0.2634480486583104,0.0
21.833333333333332,-51.048406941364846,-8.732169772486834,1.9600200490536137,0.543423843018248,0.253709699245091,0.0,0.5316417546327914,0.2781313443878031,0.0,DEPTH_PROPOSAL_CERTIFIED,0.9373423355132489,0,32,0,0,69,FULL_MOTION_CERTIFICATE,0,0,0,31,0,0,0,0,0,,21.9,0.532196953668,0.277067505325,0,0.886994922779,0.461779175541,0,0.886994922779,0.461779175541,0,0.53737511751,0.26658362748,0,0.5384621865970438,0.26437896533093147,0.0
21.85,-51.0393566752267,-8.727926719849458,1.9600200490536137,0.5430159682887158,0.2545831582425685,0.0,0.5310844290317027,0.2791940709257098,0.0,DEPTH_PROPOSAL_CERTIFIED,0.9429458810210867,0,32,0,0,69,FULL_MOTION_CERTIFICATE,0,0,0,31,0,0,0,0,0,,21.916666666,0.531641754633,0.278131344388,0,0.886069591055,0.463552240646,0,0.886069591055,0.463552240646,0,0.536940771855,0.267458454483,0,0.5380398965884233,0.2652393580117921,0.0
21.866666666666667,-51.03031323766044,-8.723669106467257,1.9600200490536137,0.5426062539756175,0.25545680293210693,0.0,0.530524979093606,0.28025568068770507,0.0,DEPTH_PROPOSAL_CERTIFIED,0.9485271722847468,0,32,0,0,69,FULL_MOTION_CERTIFICATE,0,0,0,31,0,0,0,0,0,,21.933333333,0.531084429032,0.279194070926,0,0.885140715053,0.465323451543,0,0.885140715053,0.465323451543,0,0.536497109511,0.268347516353,0,0.5376077393558174,0.26611526814447617,0.0
21.883333333333333,-51.021278084915636,-8.719394077874071,1.9600200490536137,0.5421091646880388,0.2565017155912169,0.0,0.5299634070563003,0.2813161694273512,0.0,DEPTH_PROPOSAL_CERTIFIED,0.9540872013832136,0,32,0,0,69,FULL_MOTION_CERTIFICATE,0,0,0,31,0,0,0,0,0,,21.95,0.530524979094,0.280255680688,0,0.884208298489,0.467092801146,0,0.884208298489,0.467092801146,0,0.53604467538,0.269249650032,0,0.5360446753795791,0.26924965003235884,0.0
21.9,-51.012249741566066,-8.715104646524894,1.9600200490536137,0.5417006009741534,0.25736588095060503,0.0,0.5293997151660729,0.2823755329026948,0.0,DEPTH_PROPOSAL_CERTIFIED,0.959624654646341,0,32,0,0,69,FULL_MOTION_CERTIFICATE,0,0,0,31,0,0,0,0,0,,21.966666666,0.529963407056,0.281316169427,0,0.883272345094,0.468860282379,0,0.883272345094,0.468860282379,0,0.535583973252,0.270163780253,0,0.5367161236647513,0.2679086983351411,0.0
21.916666666666668,-51.00322827055573,-8.710800747882153,1.9600200490536137,0.5412882606200766,0.2582339185644408,0.0,0.5293997151660729,0.2823755329026948,0.0,DEPTH_PROPOSAL_CERTIFIED,0.9651394356018421,0,32,0,0,69,FULL_MOTION_CERTIFICATE,0,0,0,31,0,0,0,0,0,,21.966666666,0.529963407056,0.281316169427,0,0.883272345094,0.468860282379,0,0.883272345094,0.468860282379,0,0.535583973252,0.270163780253,0,0.5362577083003408,0.26882397745323516,0.0
21.933333333333334,-50.99421428390792,-8.706481227412539,1.9600200490536137,0.5408391988686856,0.25917122817688965,0.0,0.5288339056776907,0.28343376687628324,0.0,DEPTH_PROPOSAL_CERTIFIED,0.9706318636499229,0,32,0,0,71,FULL_MOTION_CERTIFICATE,0,0,0,31,0,0,0,0,0,,22,0.529399715166,0.282375532903,0,0.88233285861,0.470625888171,0,0.88233285861,0.470625888171,0,0.534682457192,0.271943960024,0,0.5353606455017152,0.27060640544876646,0.0
21.95,-50.98520636255185,-8.702148959554783,1.9600200490536137,0.5404752813642009,0.2599360714653528,0.0,0.5282659808543909,0.28449086711518207,0.0,DEPTH_PROPOSAL_CERTIFIED,0.9761007195682603,0,32,0,0,71,FULL_MOTION_CERTIFICATE,0,0,0,31,0,0,0,0,0,,22.016666666,0.528833905678,0.283433766876,0,0.881389842796,0.47238961146,0,0.881389842796,0.47238961146,0,0.534239385125,0.272814399902,0,0.5360354878094873,0.26926715958460357,0.0
21.966666666666665,-50.976205455754425,-8.697802118617709,1.9600200490536137,0.5400544078454793,0.2608104562244857,0.0,0.5276959429678721,0.2855468293909918,0.0,DEPTH_PROPOSAL_CERTIFIED,0.9815465838524324,0,32,0,0,71,FULL_MOTION_CERTIFICATE,0,0,0,31,0,0,0,0,0,,22.033333333,0.528265980854,0.284490867115,0,0.880443301424,0.474151445192,0,0.880443301424,0.474151445192,0,0.533786854489,0.273698980769,0,0.5349197509170753,0.2714779502859075,0.0
21.983333333333334,-50.96721160069273,-8.69344069030249,1.9600200490536137,0.5396313037015404,0.26168569891309884,0.0,0.527123794298285,0.2866016494798647,0.0,DEPTH_PROPOSAL_CERTIFIED,0.9869693410902929,0,32,0,0,71,FULL_MOTION_CERTIFICATE,0,0,0,31,0,0,0,0,0,,22.05,0.527695942968,0.285546829391,0,0.87949323828,0.475911382318,0,0.87949323828,0.475911382318,0,0.533325421789,0.274596545077,0,0.5344694331454864,0.2723636597141774,0.0
22.0,-50.95822484292637,-8.689064644972266,1.9600200490536137,0.5392054659813967,0.26256271981341855,0.0,0.5265495371342236,0.2876553231625218,0.0,DEPTH_PROPOSAL_CERTIFIED,0.9923688816266041,0,32,0,0,71,FULL_MOTION_CERTIFICATE,0,0,0,31,0,0,0,0,0,,22.066666666,0.527123794298,0.28660164948,0,0.878539657164,0.4776694158,0,0.878539657164,0.4776694158,0,0.532855601543,0.275506022647,0,0.5340102457956428,0.27326237479731996,0.0
22.016666666666666,-50.94924437177712,-8.684675625409582,1.9600200490536137,0.5388282689552186,0.2633411737610325,0.0,0.5265495371342236,0.2876553231625218,0.0,DEPTH_PROPOSAL_CERTIFIED,0.997744482903189,0,32,0,0,71,FULL_MOTION_CERTIFICATE,0,0,0,31,0,0,0,0,0,,22.066666666,0.527123794298,0.28660164948,0,0.878539657164,0.4776694158,0,0.878539657164,0.4776694158,0,0.532855601543,0.275506022647,0,0.5342264652358453,0.27283831192192287,0.0
22.033333333333335,-50.94027117461513,-8.680271765640661,1.9600200490536137,0.5383918297193989,0.26423158613520203,0.0,0.5259731737727157,0.28870784622426976,0.0,DEPTH_PROPOSAL_CERTIFIED,1.003096715922544,0,32,0,0,71,FULL_MOTION_CERTIFICATE,0,0,0,31,0,0,0,0,0,,22.1,0.526549537134,0.287655323163,0,0.87758256189,0.479425538604,0,0.87758256189,0.479425538604,0,0.531936329051,0.277277098399,0,0.5330672710423999,0.2750946171000688,0.0
22.05,-50.931306698734495,-8.6758503408743,1.9600200490536137,0.5378685528377319,0.26528548598165325,0.0,0.5253947065192139,0.2897592144550178,0.0,DEPTH_PROPOSAL_CERTIFIED,1.0084264376259193,0,32,0,0,71,FULL_MOTION_CERTIFICATE,0,0,0,31,0,0,0,0,0,,22.116666666,0.525973173773,0.288707846224,0,0.876621956288,0.481179743707,0,0.876621956288,0.481179743707,0,0.531484574881,0.278143064108,0,0.5314845748813942,0.27814306410835904,0.0
22.066666666666666,-50.92234940755325,-8.671414360553802,1.9600200490536137,0.5374374708749419,0.26615881922990725,0.0,0.5248141376875867,0.29080942364929435,0.0,DEPTH_PROPOSAL_CERTIFIED,1.0137324350033503,0,32,0,0,72,FULL_MOTION_CERTIFICATE,0,0,0,31,0,0,0,0,0,,22.133333333,0.525394706519,0.289759214455,0,0.875657844199,0.482932024092,0,0.875657844199,0.482932024092,0,0.531023221208,0.279023075516,0,0.532178270928903,0.2768134848586069,0.0
22.083333333333332,-50.913399336513606,-8.666963814794327,1.9600200490536137,0.5370042623786456,0.26703274556847884,0.0,0.5242314696001084,0.2918584696062641,0.0,DEPTH_PROPOSAL_CERTIFIED,1.0190145933624677,0,32,0,0,72,FULL_MOTION_CERTIFICATE,0,0,0,31,0,0,0,0,0,,22.15,0.524814137688,0.290809423649,0,0.874690229479,0.484682372749,0,0.874690229479,0.484682372749,0,0.530552836084,0.279915980695,0,0.531719118723831,0.27769464689905254,0.0
22.1,-50.904458015875065,-8.66249585998296,1.9600200490536137,0.5364792383122805,0.2680772886820453,0.0,0.5236467045874508,0.2929063481297445,0.0,DEPTH_PROPOSAL_CERTIFIED,1.024273787996759,0,32,0,0,72,FULL_MOTION_CERTIFICATE,0,0,0,31,0,0,0,0,0,,22.166666666,0.5242314696,0.291858469606,0,0.873719116,0.486430782677,0,0.873719116,0.486430782677,0,0.530073944703,0.280820714668,0,0.5300739447026275,0.28082071466755376,0.0
22.116666666666667,-50.89552389839187,-8.65801348930677,1.9600200490536137,0.5360470489914849,0.2689422405714298,0.0,0.5236467045874508,0.2929063481297445,0.0,DEPTH_PROPOSAL_CERTIFIED,1.0295088423760954,0,32,0,0,72,FULL_MOTION_CERTIFICATE,0,0,0,31,0,0,0,0,0,,22.166666666,0.5242314696,0.291858469606,0,0.873719116,0.486430782677,0,0.873719116,0.486430782677,0,0.530073944703,0.280820714668,0,0.5307743392777784,0.27949465362192116,0.0
22.133333333333333,-50.886598505708285,-8.653513896069061,1.9600200490536137,0.535523561015412,0.2699755942625881,0.0,0.5230598449886729,0.29395305502822294,0.0,DEPTH_PROPOSAL_CERTIFIED,1.034720603897015,0,32,0,0,72,FULL_MOTION_CERTIFICATE,0,0,0,31,0,0,0,0,0,,22.2,0.523646704587,0.29290634813,0,0.872744507646,0.488177246883,0,0.872744507646,0.488177246883,0,0.529137007707,0.282582509295,0,0.5291370077073222,0.28258250929472006,0.0
22.15,-50.87768028695314,-8.649000056378295,1.9600200490536137,0.5350931253091217,0.2708303814459928,0.0,0.5224708931512125,0.2949985861148732,0.0,DEPTH_PROPOSAL_CERTIFIED,1.039907922697237,0,32,0,0,72,FULL_MOTION_CERTIFICATE,0,0,0,31,0,0,0,0,0,,22.216666666,0.523059844989,0.293953055028,0,0.871766408314,0.48992175838,0,0.871766408314,0.48992175838,0,0.528676616611,0.28344391424,0,0.5298418096923794,0.28125878508353075,0.0
22.166666666666668,-50.86876927722799,-8.644471960428856,1.9600200490536137,0.5346605835087781,0.27168575696626157,0.0,0.5218798514308761,0.29604293720757235,0.0,DEPTH_PROPOSAL_CERTIFIED,1.0450706884993983,0,32,0,0,72,FULL_MOTION_CERTIFICATE,0,0,0,31,0,0,0,0,0,,22.233333333,0.522470893151,0.294998586115,0,0.870784821919,0.491664310191,0,0.870784821919,0.491664310191,0,0.528206486036,0.284319268187,0,0.5293835735445874,0.2821213383135389,0.0
22.183333333333334,-50.8598670217806,-8.639926791666309,1.9600200490536137,0.5341353268434303,0.2727101257528477,0.0,0.5212867221918299,0.2970861041289174,0.0,DEPTH_PROPOSAL_CERTIFIED,1.0502097285845813,0,32,0,0,72,FULL_MOTION_CERTIFICATE,0,0,0,31,0,0,0,0,0,,22.25,0.521879851431,0.296042937208,0,0.869799752385,0.493404895346,0,0.869799752385,0.493404895346,0,0.527727195526,0.285207424949,0,0.5277271955261871,0.2852074249491994,0.0
22.2,-50.850971959215336,-8.635367510414735,1.9600200490536137,0.5337037539158376,0.2735568750944451,0.0,0.5206915078065899,0.298128082706242,0.0,DEPTH_PROPOSAL_CERTIFIED,1.055323928197578,0,32,0,0,72,FULL_MOTION_CERTIFICATE,0,0,0,31,0,0,0,0,0,,22.266666666,0.521286722192,0.297086104129,0,0.868811203653,0.495143506882,0,0.868811203653,0.495143506882,0,0.527239280899,0.286107324851,0,0.5284385641992055,0.28388721706193426,0.0
22.216666666666665,-50.8420841578282,-8.630794048028259,1.9600200490536137,0.5332680832286016,0.2744077431885709,0.0,0.5206915078065899,0.298128082706242,0.0,DEPTH_PROPOSAL_CERTIFIED,1.0604131981540088,0,32,0,0,72,FULL_MOTION_CERTIFICATE,0,0,0,31,0,0,0,0,0,,22.266666666,0.521286722192,0.297086104129,0,0.868811203653,0.495143506882,0,0.868811203653,0.495143506882,0,0.527239280899,0.286107324851,0,0.5279529008443236,0.2847883339369069,0.0
22.233333333333334,-50.833203690970855,-8.626206327445441,1.9600200490536137,0.5328280114404342,0.27526323496901633,0.0,0.520094210656013,0.29916886877163335,0.0,DEPTH_PROPOSAL_CERTIFIED,1.0654774516440075,0,32,0,0,72,FULL_MOTION_CERTIFICATE,0,0,0,31,0,0,0,0,0,,22.3,0.520691507807,0.298128082706,0,0.867819179678,0.496880137844,0,0.867819179678,0.496880137844,0,0.526284773095,0.287859662175,0,0.5274591356247923,0.28570023469044886,0.0
22.25,-50.82433057920768,-8.621604364669338,1.9600200490536137,0.5323867057905555,0.27611776656622633,0.0,0.5194948331292868,0.30020845816194847,0.0,DEPTH_PROPOSAL_CERTIFIED,1.0705165722206753,0,32,0,0,72,FULL_MOTION_CERTIFICATE,0,0,0,31,0,0,0,0,0,,22.316666666,0.520094210656,0.299168868772,0,0.866823684427,0.498614781286,0,0.866823684427,0.498614781286,0,0.525815791111,0.288716420217,0,0.5270027768620347,0.28654305205218916,0.0
22.266666666666666,-50.815464854777275,-8.616988155411791,1.9600200490536137,0.5319434658243208,0.27697255545285804,0.0,0.518893377623921,0.30124684671883123,0.0,DEPTH_PROPOSAL_CERTIFIED,1.0755304503171497,0,32,0,0,72,FULL_MOTION_CERTIFICATE,0,0,0,31,0,0,0,0,0,,22.333333333,0.519494833129,0.300208458162,0,0.865824721882,0.50034743027,0,0.865824721882,0.50034743027,0,0.525336930648,0.289587029169,0,0.5265359382362581,0.28740097986976526,0.0
22.283333333333335,-50.80660655990499,-8.61235767818985,1.9600200490536137,0.5314976923368774,0.27782863331640617,0.0,0.5182898465457363,0.30228403028872874,0.0,DEPTH_PROPOSAL_CERTIFIED,1.0805189820332994,0,32,0,0,72,FULL_MOTION_CERTIFICATE,0,0,0,31,0,0,0,0,0,,22.35,0.518893377624,0.301246846719,0,0.86482229604,0.502078077865,0,0.86482229604,0.502078077865,0,0.524848782682,0.290470348698,0,0.5260592557900678,0.28827278325169126,0.0
22.3,-50.79775574530379,-8.607712897070092,1.9600200490536137,0.531048876072409,0.27868686718553914,0.0,0.5176842423088566,0.30332000472290815,0.0,DEPTH_PROPOSAL_CERTIFIED,1.0856821390332037,0,32,0,0,72,FULL_MOTION_CERTIFICATE,0,0,0,31,0,0,0,0,0,,22.366666666,0.518289846546,0.302284030289,0,0.86381641091,0.503806717148,0,0.86381641091,0.503806717148,0,0.524351893601,0.291365324541,0,0.5255733176458942,0.289157320388962,0.0
22.316666666666666,-50.78891246884465,-8.603053764096204,1.9600200490536137,0.5305965875483308,0.2795479784332893,0.0,0.5176842423088566,0.30332000472290815,0.0,DEPTH_PROPOSAL_CERTIFIED,1.0914084507449382,0,32,0,0,72,FULL_MOTION_CERTIFICATE,0,0,0,31,0,0,0,0,0,,22.366666666,0.518289846546,0.302284030289,0,0.86381641091,0.503806717148,0,0.86381641091,0.503806717148,0,0.524351893601,0.291365324541,0,0.5250786675545769,0.29005353565584185,0.0
22.333333333333332,-50.78007679437968,-8.598380221431897,1.9600200490536137,0.530140467898213,0.28041255985840424,0.0,0.5170765673356978,0.3043547658774731,0.0,DEPTH_PROPOSAL_CERTIFIED,1.0971091001086497,0,32,0,0,72,FULL_MOTION_CERTIFICATE,0,0,0,31,0,0,0,0,0,,22.4,0.517684242309,0.303320004723,0,0.862807070515,0.505533341205,0,0.862807070515,0.505533341205,0,0.523379910439,0.29310802933,0,0.5245758081667755,0.2909604532448066,0.0
22.35,-50.77125025890894,-8.593689573344694,1.9600200490536137,0.5295921282442314,0.2814388852321354,0.0,0.5164668240569592,0.30538830961338037,0.0,DEPTH_PROPOSAL_CERTIFIED,1.1027846629862874,0,32,0,0,72,FULL_MOTION_CERTIFICATE,0,0,0,31,0,0,0,0,0,,22.416666666,0.517076567336,0.304354765877,0,0.861794278893,0.507257943129,0,0.861794278893,0.507257943129,0,0.522902384466,0.293960054792,0,0.5229023844656566,0.2939600547916532,0.0
22.366666666666667,-50.76243124424436,-8.588984767433836,1.9600200490536137,0.5291408798748211,0.2822883546514827,0.0,0.515855014911613,0.30642063179645634,0.0,DEPTH_PROPOSAL_CERTIFIED,1.1084342677363022,0,32,0,0,72,FULL_MOTION_CERTIFICATE,0,0,0,31,0,0,0,0,0,,22.433333333,0.516466824057,0.305388309613,0,0.860778040095,0.508980516022,0,0.860778040095,0.508980516022,0,0.522414842001,0.294825831689,0,0.5236356497680147,0.2926518815675206,0.0
22.383333333333333,-50.753619793477014,-8.58426578157353,1.9600200490536137,0.5286870460408664,0.2831391516183864,0.0,0.5152411423468949,0.30745172829741374,0.0,DEPTH_PROPOSAL_CERTIFIED,1.1140578117864717,0,32,0,0,72,FULL_MOTION_CERTIFICATE,0,0,0,31,0,0,0,0,0,,22.45,0.515855014912,0.306420631796,0,0.859758358186,0.510701052994,0,0.859758358186,0.510701052994,0,0.521917885393,0.295704225654,0,0.5231502732666187,0.2935188746146117,0.0
22.4,-50.74481595828018,-8.579532579353872,1.9600200490536137,0.5282301118100913,0.283992133179488,0.0,0.5146252088182944,0.3084815949918679,0.0,DEPTH_PROPOSAL_CERTIFIED,1.119655196118508,0,32,0,0,72,FULL_MOTION_CERTIFICATE,0,0,0,31,0,0,0,0,0,,22.466666666,0.515241142347,0.307451728297,0,0.858735237245,0.512419547162,0,0.858735237245,0.512419547162,0,0.521412071546,0.29659418794,0,0.5226555141946351,0.29439850822492863,0.0
22.416666666666668,-50.73601979755932,-8.574785112488906,1.9600200490536137,0.5277696432511294,0.2848480118979311,0.0,0.5146252088182944,0.3084815949918679,0.0,DEPTH_PROPOSAL_CERTIFIED,1.125226324528413,0,32,0,0,72,FULL_MOTION_CERTIFICATE,0,0,0,31,0,0,0,0,0,,22.466666666,0.515241142347,0.307451728297,0,0.858735237245,0.512419547162,0,0.858735237245,0.512419547162,0,0.521412071546,0.29659418794,0,0.5221519268317951,0.2952897322629343,0.0
22.433333333333334,-50.727232913269056,-8.570020626591077,1.9600200490536137,0.5272130574158188,0.285869153869704,0.0,0.5140072167895449,0.3095102277603533,0.0,DEPTH_PROPOSAL_CERTIFIED,1.1307717483505433,0,32,0,0,72,FULL_MOTION_CERTIFICATE,0,0,0,31,0,0,0,0,0,,22.5,0.514625208818,0.308481594992,0,0.857708681364,0.514135991653,0,0.857708681364,0.514135991653,0,0.520422710225,0.298327085925,0,0.520422710225029,0.29832708592533497,0.0
22.45,-50.71845366301487,-8.56524205490491,1.9600200490536137,0.5267550152511982,0.2867143011699826,0.0,0.5133871687326135,0.31053762248834044,0.0,DEPTH_PROPOSAL_CERTIFIED,1.1362906473261098,0,32,0,0,72,FULL_MOTION_CERTIFICATE,0,0,0,31,0,0,0,0,0,,22.516666666,0.51400721679,0.30951022776,0,0.856678694649,0.515850379601,0,0.856678694649,0.515850379601,0,0.519936688015,0.299174293606,0,0.5211669008428266,0.2970250982333816,0.0
22.466666666666665,-50.70968207944892,-8.560449393298098,1.9600200490536137,0.5262950139570257,0.2875596964086964,0.0,0.5127650671276917,0.3115637750662516,0.0,DEPTH_PROPOSAL_CERTIFIED,1.1417829172066072,0,32,0,0,72,FULL_MOTION_CERTIFICATE,0,0,0,31,0,0,0,0,0,,22.533333333,0.513387168733,0.310537622488,0,0.855645281221,0.517562704147,0,0.855645281221,0.517562704147,0,0.519440512301,0.300035151872,0,0.520682998168121,0.2978735183210053,0.0
22.483333333333334,-50.70091820552666,-8.555642620683804,1.9600200490536137,0.5258324353352051,0.2884063568576345,0.0,0.512140914463185,0.312588681389478,0.0,DEPTH_PROPOSAL_CERTIFIED,1.14724845785536,0,32,0,0,72,FULL_MOTION_CERTIFICATE,0,0,0,31,0,0,0,0,0,,22.55,0.512765067128,0.311563775066,0,0.854608445213,0.519272958444,0,0.854608445213,0.519272958444,0,0.518934796748,0.300908532435,0,0.5201889761489948,0.29873561433467777,0.0
22.5,-50.69216209295505,-8.550821701731634,1.9600200490536137,0.5253667542965463,0.28925513713019335,0.0,0.5115147132357034,0.3136123373583955,0.0,DEPTH_PROPOSAL_CERTIFIED,1.1526871724492578,0,32,0,0,72,FULL_MOTION_CERTIFICATE,0,0,0,31,0,0,0,0,0,,22.566666666,0.512140914463,0.312588681389,0,0.853568190772,0.520981135649,0,0.853568190772,0.520981135649,0,0.518420108717,0.301793392168,0,0.5196854456249091,0.29961025645541206,0.0
22.516666666666666,-50.68341380081646,-8.54598658926556,1.9600200490536137,0.5248975283156762,0.29010674796448793,0.0,0.5115147132357034,0.3136123373583955,0.0,DEPTH_PROPOSAL_CERTIFIED,1.1580989667893913,0,32,0,0,72,FULL_MOTION_CERTIFICATE,0,0,0,31,0,0,0,0,0,,22.566666666,0.512140914463,0.312588681389,0,0.853568190772,0.520981135649,0,0.853568190772,0.520981135649,0,0.518420108717,0.301793392168,0,0.5191729713490589,0.30049640014288226,0.0
22.533333333333335,-50.674673394350755,-8.541137226380453,1.9600200490536137,0.5244243879422477,0.29096177310634974,0.0,0.5108864659500508,0.31463473887838184,0.0,DEPTH_PROPOSAL_CERTIFIED,1.1634837487082281,0,32,0,0,72,FULL_MOTION_CERTIFICATE,0,0,0,31,0,0,0,0,0,,22.6,0.511514713236,0.313612337358,0,0.85252452206,0.522687228931,0,0.85252452206,0.522687228931,0,0.517413468171,0.303516310061,0,0.518652075386421,0.30139307983706204,0.0
22.55,-50.66594088402988,-8.536273646252742,1.9600200490536137,0.5239506192526777,0.2918148076626884,0.0,0.5102561751192157,0.31565588185983207,0.0,DEPTH_PROPOSAL_CERTIFIED,1.1688414070800486,0,32,0,0,72,FULL_MOTION_CERTIFICATE,0,0,0,31,0,0,0,0,0,,22.616666666,0.51088646595,0.314634738878,0,0.85147744325,0.524391231464,0,0.85147744325,0.524391231464,0,0.516918998326,0.304358615241,0,0.5181706412399238,0.3022218292500209,0.0
22.566666666666666,-50.65721629333091,-8.531395860872117,1.9600200490536137,0.5234754419381128,0.2926671228375522,0.0,0.5096238432643604,0.31667576221817584,0.0,DEPTH_PROPOSAL_CERTIFIED,1.1741718358742177,0,32,0,0,72,FULL_MOTION_CERTIFICATE,0,0,0,31,0,0,0,0,0,,22.633333333,0.510256175119,0.31565588186,0,0.850426958532,0.526093136433,0,0.850426958532,0.526093136433,0,0.516414238982,0.30521446879,0,0.5176782787004203,0.30306536797089084,0.0
22.583333333333332,-50.64849965690135,-8.526503864181006,1.9600200490536137,0.5229981857735208,0.2935198014666968,0.0,0.5089894729148116,0.3176943758738929,0.0,DEPTH_PROPOSAL_CERTIFIED,1.1794749332636227,0,32,0,0,72,FULL_MOTION_CERTIFICATE,0,0,0,31,0,0,0,0,0,,22.65,0.509623843264,0.316675762218,0,0.849373072107,0.52779293703,0,0.849373072107,0.52779293703,0,0.515899815054,0.306082748612,0,0.5171756605654974,0.30392248074226197,0.0
22.6,-50.63979101892738,-8.521597634860546,1.9600200490536137,0.5225182784378051,0.29437375922754794,0.0,0.5083530666080497,0.31871171875253,0.0,DEPTH_PROPOSAL_CERTIFIED,1.1847506008508657,0,32,0,0,72,FULL_MOTION_CERTIFICATE,0,0,0,31,0,0,0,0,0,,22.666666666,0.508989472915,0.317694375874,0,0.848315788191,0.529490626456,0,0.848315788191,0.529490626456,0,0.515376304307,0.306962417309,0,0.5166634089420743,0.30479204390993003,0.0
22.616666666666667,-50.63109043168503,-8.516677138798414,1.9600200490536137,0.5220352345410273,0.2952297637279786,0.0,0.5083530666080497,0.31871171875253,0.0,DEPTH_PROPOSAL_CERTIFIED,1.1899987429990717,0,32,0,0,72,FULL_MOTION_CERTIFICATE,0,0,0,31,0,0,0,0,0,,22.666666666,0.508989472915,0.317694375874,0,0.848315788191,0.529490626456,0,0.848315788191,0.529490626456,0,0.515376304307,0.306962417309,0,0.5161420990003375,0.3056730186332333,0.0
22.633333333333333,-50.62239954488377,-8.511739666197025,1.9600200490536137,0.5214532080758664,0.29624835608332695,0.0,0.5077146268896991,0.3197277867847172,0.0,DEPTH_PROPOSAL_CERTIFIED,1.1952198099394324,0,32,0,0,72,FULL_MOTION_CERTIFICATE,0,0,0,31,0,0,0,0,0,,22.7,0.508353066608,0.318711718753,0,0.847255111013,0.531186197921,0,0.847255111013,0.531186197921,0,0.514352485201,0.308675182819,0,0.5143524852009024,0.30867518281857764,0.0
22.65,-50.61371665131871,-8.50678812796148,1.9600200490536137,0.520973613903712,0.2970922941327408,0.0,0.507074156313518,0.32074257590618344,0.0,DEPTH_PROPOSAL_CERTIFIED,1.2004130958253016,0,32,0,0,72,FULL_MOTION_CERTIFICATE,0,0,0,31,0,0,0,0,0,,22.716666666,0.50771462689,0.319727786785,0,0.846191044816,0.532879644641,0,0.846191044816,0.532879644641,0,0.513849617167,0.309512501267,0,0.5151225650034283,0.30738833833559065,0.0
22.666666666666668,-50.60504177773101,-8.501822530865828,1.9600200490536137,0.520492415262148,0.2979358257390891,0.0,0.5064316574413877,0.32175608205777373,0.0,DEPTH_PROPOSAL_CERTIFIED,1.2055784995261465,0,32,0,0,72,FULL_MOTION_CERTIFICATE,0,0,0,32,0,0,0,0,0,,22.733333333,0.507074156314,0.320742575906,0,0.845123593856,0.534570959844,0,0.845123593856,0.534570959844,0,0.513336324668,0.310363264515,0,0.5146217918350673,0.3082269113365371,0.0
22.683333333333334,-50.5963749619557,-8.496842864162328,1.9600200490536137,0.5200089465184876,0.2987800022099947,0.0,0.505787132843303,0.32276830118546485,0.0,DEPTH_PROPOSAL_CERTIFIED,1.210715923669201,0,32,0,0,72,FULL_MOTION_CERTIFICATE,0,0,0,32,0,0,0,0,0,,22.75,0.506431657441,0.321756082058,0,0.844052762402,0.536260136763,0,0.844052762402,0.536260136763,0,0.512813243807,0.31122635677,0,0.5141106278458317,0.30907895515504297,0.0
22.7,-50.58771625128162,-8.491849102319682,1.9600200490536137,0.5195226404449576,0.2996257105587869,0.0,0.5051405850973611,0.32377922924038155,0.0,DEPTH_PROPOSAL_CERTIFIED,1.2158252739337967,0,32,0,0,72,FULL_MOTION_CERTIFICATE,0,0,0,32,0,0,0,0,0,,22.766666666,0.505787132843,0.322768301185,0,0.842978554739,0.537947168642,0,0.842978554739,0.537947168642,0,0.512280962695,0.312100746463,0,0.5135897063478897,0.3099433524140528,0.0
22.716666666666665,-50.57906570099589,-8.486841207447341,1.9600200490536137,0.5190330171438927,0.3004736923404281,0.0,0.5051405850973611,0.32377922924038155,0.0,DEPTH_PROPOSAL_CERTIFIED,1.2209064584423974,0,32,0,0,72,FULL_MOTION_CERTIFICATE,0,0,0,32,0,0,0,0,0,,22.766666666,0.505787132843,0.322768301185,0,0.842978554739,0.537947168642,0,0.842978554739,0.537947168642,0,0.512280962695,0.312100746463,0,0.5130596128709015,0.31081907007645154,0.0
22.733333333333334,-50.57042337309458,-8.48181913143753,1.9600200490536137,0.5185396740788512,0.30132456058857177,0.0,0.5044920167897525,0.324788862178813,0.0,DEPTH_PROPOSAL_CERTIFIED,1.2259593872373336,0,32,0,0,72,FULL_MOTION_CERTIFICATE,0,0,0,32,0,0,0,0,0,,22.8,0.505140585097,0.32377922924,0,0.841900975162,0.539632048734,0,0.841900975162,0.539632048734,0,0.51124006741,0.313803188315,0,0.5125208886853452,0.31170515321592257,0.0
22.75,-50.56178927334622,-8.476782914583966,1.9600200490536137,0.5180459849015825,0.3021730112139439,0.0,0.5038414305147494,0.3257971959622288,0.0,DEPTH_PROPOSAL_CERTIFIED,1.230983954893329,0,32,0,0,72,FULL_MOTION_CERTIFICATE,0,0,0,32,0,0,0,0,0,,22.816666666,0.50449201679,0.324788862179,0,0.840820027983,0.541314770298,0,0.840820027983,0.541314770298,0,0.510728851474,0.314635436302,0,0.5120229769389049,0.3125241088434849,0.0
22.766666666666666,-50.553163421251504,-8.471732575734121,1.9600200490536137,0.5175511256831782,0.30302033099075926,0.0,0.503188828874696,0.32680422655729513,0.0,DEPTH_PROPOSAL_CERTIFIED,1.2359800604795503,0,32,0,0,72,FULL_MOTION_CERTIFICATE,0,0,0,32,0,0,0,0,0,,22.833333333,0.503841430515,0.325797195962,0,0.839735717525,0.542995326604,0,0.839735717525,0.542995326604,0,0.510207077149,0.315481024172,0,0.5115138432186459,0.313357632267907,0.0
22.783333333333335,-50.54454584812294,-8.466668115431068,1.9600200490536137,0.5170543877140833,0.30386761818311675,0.0,0.502534214479998,0.3278099499358909,0.0,DEPTH_PROPOSAL_CERTIFIED,1.240947606784144,0,32,0,0,72,FULL_MOTION_CERTIFICATE,0,0,0,32,0,0,0,0,0,,22.85,0.503188828875,0.326804226557,0,0.838648048124,0.544673710929,0,0.838648048124,0.544673710929,0,0.509675391663,0.316338842551,0,0.5109941844911261,0.31420452192987625,0.0
22.8,-50.53593727570966,-8.461588419747097,1.9600200490536137,0.5165143447968912,0.3047817410383108,0.0,0.5018775899491121,0.3288143620751241,0.0,DEPTH_PROPOSAL_CERTIFIED,1.2458866931885386,0,32,0,0,72,FULL_MOTION_CERTIFICATE,0,0,0,32,0,0,0,0,0,,22.866666666,0.50253421448,0.327809949936,0,0.837557024133,0.54634991656,0,0.837557024133,0.54634991656,0,0.509134393413,0.317207865803,0,0.5099258212071468,0.31593403987167856,0.0
22.816666666666666,-50.527336026885806,-8.45649625373697,1.9600200490536137,0.5160749294309691,0.30552996060762294,0.0,0.5018775899491121,0.3288143620751241,0.0,DEPTH_PROPOSAL_CERTIFIED,1.2507967344222637,0,32,0,0,72,FULL_MOTION_CERTIFICATE,0,0,0,32,0,0,0,0,0,,22.866666666,0.50253421448,0.327809949936,0,0.837557024133,0.54634991656,0,0.837557024133,0.54634991656,0,0.509134393413,0.317207865803,0,0.5107140619667201,0.3146582393532318,0.0
22.833333333333332,-50.51874323344852,-8.451389839329183,1.9600200490536137,0.5155676062372433,0.30638486446729474,0.0,0.5012189579085357,0.32981745895734743,0.0,DEPTH_PROPOSAL_CERTIFIED,1.255677950927441,0,32,0,0,73,FULL_MOTION_CERTIFICATE,0,0,0,32,0,0,0,0,0,,22.9,0.501877589949,0.328814362075,0,0.836462649915,0.548023936792,0,0.836462649915,0.548023936792,0,0.508076526037,0.318899813754,0,0.5093782632737874,0.3168146915552916,0.0
22.85,-50.51016055439622,-8.446266578906764,1.9600200490536137,0.51496074313753,0.30739562534513537,0.0,0.5005583209927958,0.33081923657017465,0.0,DEPTH_PROPOSAL_CERTIFIED,1.2605306826212108,0,32,0,0,73,FULL_MOTION_CERTIFICATE,0,0,0,32,0,0,0,0,0,,22.916666666,0.501218957909,0.329817458957,0,0.835364929848,0.549695764929,0,0.835364929848,0.549695764929,0,0.507557013321,0.319726908055,0,0.5075570133210301,0.3197269080547892,0.0
22.866666666666667,-50.501586216252385,-8.44112935207986,1.9600200490536137,0.5144602886304221,0.30823360961422974,0.0,0.49989568184443944,0.3318196909064967,0.0,DEPTH_PROPOSAL_CERTIFIED,1.2653543418798712,0,32,0,0,73,FULL_MOTION_CERTIFICATE,0,0,0,32,0,0,0,0,0,,22.933333333,0.500558320993,0.33081923657,0,0.834263868321,0.551365394284,0,0.834263868321,0.551365394284,0,0.507026809346,0.320567235989,0,0.5083547436437048,0.3184570176971818,0.0
22.883333333333333,-50.493021945932064,-8.43597547615561,1.9600200490536137,0.513856219219285,0.3092325554549938,0.0,0.49923104311402217,0.33281881796449747,0.0,DEPTH_PROPOSAL_CERTIFIED,1.2701492703834782,0,32,0,0,73,FULL_MOTION_CERTIFICATE,0,0,0,32,0,0,0,0,0,,22.95,0.499895681844,0.331819690906,0,0.833159469741,0.553032818177,0,0.833159469741,0.553032818177,0,0.506486572403,0.321419694712,0,0.5064865724034121,0.3214196947123156,0.0
22.9,-50.484465968138494,-8.43080781245395,1.9600200490536137,0.5133586676142974,0.31005982209963506,0.0,0.4985644074600981,0.33381661374767024,0.0,DEPTH_PROPOSAL_CERTIFIED,1.2749149012104488,0,32,0,0,73,FULL_MOTION_CERTIFICATE,0,0,0,32,0,0,0,0,0,,22.966666666,0.499231043114,0.332818817964,0,0.832051738523,0.554698029941,0,0.832051738523,0.554698029941,0,0.505936911116,0.322283264621,0,0.5072885380334482,0.3201524751642593,0.0
22.916666666666668,-50.475918345938645,-8.42562631340579,1.9600200490536137,0.5128573319909298,0.31088994288952626,0.0,0.4985644074600981,0.33381661374767024,0.0,DEPTH_PROPOSAL_CERTIFIED,1.2796511502220893,0,32,0,0,73,FULL_MOTION_CERTIFICATE,0,0,0,32,0,0,0,0,0,,22.966666666,0.499231043114,0.332818817964,0,0.832051738523,0.554698029941,0,0.832051738523,0.554698029941,0,0.505936911116,0.322283264621,0,0.5067410373858462,0.3210174165261971,0.0
22.933333333333334,-50.467380818630915,-8.42042830601598,1.9600200490536137,0.5122516384639914,0.31188044338864424,0.0,0.49789577754920894,0.33481307426483303,0.0,DEPTH_PROPOSAL_CERTIFIED,1.2843583385595967,0,32,0,0,75,FULL_MOTION_CERTIFICATE,0,0,0,32,0,0,0,0,0,,23,0.49856440746,0.333816613748,0,0.8309406791,0.556361022913,0,0.8309406791,0.556361022913,0,0.504862177435,0.323964549478,0,0.5048621774353423,0.32396454947788444,0.0
22.95,-50.458851600828474,-8.415216635823679,1.9600200490536137,0.5117530681464084,0.3127002115380159,0.0,0.4972251560558734,0.33580819553014524,0.0,DEPTH_PROPOSAL_CERTIFIED,1.28903592703578,0,32,0,0,75,FULL_MOTION_CERTIFICATE,0,0,0,32,0,0,0,0,0,,23.016666666,0.497895777549,0.334813074265,0,0.829826295915,0.558021790441,0,0.829826295915,0.558021790441,0,0.504334419889,0.324786407383,0,0.5056705102718968,0.32270138296035117,0.0
22.966666666666665,-50.45033072678756,-8.409991298527652,1.9600200490536137,0.5112524424548427,0.31352023776165616,0.0,0.4965525456625767,0.3368019735631231,0.0,DEPTH_PROPOSAL_CERTIFIED,1.2936838273285904,0,32,0,0,75,FULL_MOTION_CERTIFICATE,0,0,0,32,0,0,0,0,0,,23.033333333,0.497225156056,0.33580819553,0,0.828708593426,0.559680325884,0,0.828708593426,0.559680325884,0,0.503795839285,0.325621391351,0,0.505144809017741,0.32352455769006805,0.0
22.983333333333334,-50.441818241793236,-8.404752273545087,1.9600200490536137,0.5107490996593494,0.31434149895380825,0.0,0.49587794905975935,0.33779440438865577,0.0,DEPTH_PROPOSAL_CERTIFIED,1.2983019537824425,0,32,0,0,75,FULL_MOTION_CERTIFICATE,0,0,0,32,0,0,0,0,0,,23.05,0.496552545663,0.336801973563,0,0.827587576104,0.561336622605,0,0.827587576104,0.561336622605,0,0.503247104909,0.326468405172,0,0.5046083175543334,0.3243608854980619,0.0
23.0,-50.43331420048229,-8.39949952663127,1.9600200490536137,0.5102424786567591,0.31516481482901776,0.0,-0.6,0.0,0.0,DEPTH_PROPOSAL_CERTIFIED,1.3029558912718344,0,32,0,0,75,FULL_MOTION_CERTIFICATE,0,0,0,32,0,0,0,0,0,,23.066666666,0.49587794906,0.337794404389,0,0.826463248433,0.562990673981,0,0.826463248433,0.562990673981,0,0.502688835549,0.327326435381,0,0.5040617024251562,0.32520926850657417,0.0
23.016666666666666,-50.42481969659951,-8.394231424135949,1.9600200490536137,0.5096702329667484,0.316086149719315,0.0,-0.6,0.0,0.0,INTENT_REVERSAL_BRAKE,1.3082185571850968,0,32,0,0,75,,0,0,0,32,0,0,0,0,0,,23.083333333,-0.6,0,0,-1,0,0,0,0,0,0,0,0,0.5026888355486174,0.32732643538094175,0.0
23.033333333333335,-50.41660847105846,-8.389139004571556,1.9600200490536137,0.49267353246317414,0.30554517386354507,0.0,-0.6,0.0,0.0,INTENT_REVERSAL_BRAKE,1.31329756831917,0,32,0,0,75,,0,0,0,32,0,0,0,0,0,,23.1,-0.6,0,0,-1,0,0,0,0,0,0,0,0,0.0,0.0,0.0
23.05,-50.40868052385913,-8.384222267938092,1.9600200490536137,0.47567683195960353,0.2950041980077774,0.0,-0.6,0.0,0.0,INTENT_REVERSAL_BRAKE,1.3181937541897206,0,32,0,0,75,,0,0,0,32,0,0,0,0,0,,23.116666666,-0.6,0,0,-1,0,0,0,0,0,0,0,0,0.0,0.0,0.0
23.066666666666666,-50.40103585500153,-8.37948121423556,1.9600200490536137,0.4586801314560329,0.2844632221520097,0.0,-0.6,0.0,0.0,INTENT_REVERSAL_BRAKE,1.3229079156950379,0,32,0,0,76,,0,0,0,32,0,0,0,0,0,,23.133333333,-0.6,0,0,-1,0,0,0,0,0,0,0,0,0.0,0.0,0.0
23.083333333333332,-50.393674464485656,-8.374915843463956,1.9600200490536137,0.4416834309524623,0.273922246296242,0.0,-0.6,0.0,0.0,INTENT_REVERSAL_BRAKE,1.3284453823252875,0,32,0,0,76,,0,0,0,32,0,0,0,0,0,,23.15,-0.6,0,0,-1,0,0,0,0,0,0,0,0,0.0,0.0,0.0
23.1,-50.38659635231151,-8.370526155623281,1.9600200490536137,0.4246867304488881,0.2633812704404721,0.0,-0.6,0.0,0.0,INTENT_REVERSAL_BRAKE,1.3339217531364447,0,32,0,0,76,,0,0,0,32,0,0,0,0,0,,23.166666666,-0.6,0,0,-1,0,0,0,0,0,0,0,0,0.0,0.0,0.0
23.116666666666667,-50.379801518479084,-8.366312150713537,1.9600200490536137,0.4076900299453175,0.2528402945847044,0.0,-0.6,0.0,0.0,INTENT_REVERSAL_BRAKE,1.3391732440471167,0,32,0,0,76,,0,0,0,32,0,0,0,0,0,,23.183333333,-0.6,0,0,-1,0,0,0,0,0,0,0,0,0.0,0.0,0.0
23.133333333333333,-50.37328996298839,-8.362273828734722,1.9600200490536137,0.3906933294417469,0.24229931872893676,0.0,-0.6,0.0,0.0,INTENT_REVERSAL_BRAKE,1.3442005541422755,0,32,0,0,76,,0,0,0,32,0,0,0,0,0,,23.2,-0.6,0,0,-1,0,0,0,0,0,0,0,0,0.0,0.0,0.0
23.15,-50.36706168583942,-8.358411189686835,1.9600200490536137,0.3736966289381763,0.2317583428731691,0.0,-0.6,0.0,0.0,INTENT_REVERSAL_BRAKE,1.3490043533618548,0,32,0,0,76,,0,0,0,32,0,0,0,0,0,,23.216666666,-0.6,0,0,-1,0,0,0,0,0,0,0,0,0.0,0.0,0.0
23.166666666666668,-50.36111668703217,-8.354724233569879,1.9600200490536137,0.3566999284346021,0.2212173670173992,0.0,-0.6,0.0,0.0,INTENT_REVERSAL_BRAKE,1.3535852825007628,0,32,0,0,76,,0,0,0,32,0,0,0,0,0,,23.233333333,-0.6,0,0,-1,0,0,0,0,0,0,0,0,0.0,0.0,0.0
23.183333333333334,-50.355454966566654,-8.351212960383853,1.9600200490536137,0.33970322793103147,0.21067639116163153,0.0,-0.6,0.0,0.0,INTENT_REVERSAL_BRAKE,1.3579439532088924,0,32,0,0,76,,0,0,0,32,0,0,0,0,0,,23.25,-0.6,0,0,-1,0,0,0,0,0,0,0,0,0.0,0.0,0.0
23.2,-50.35007652444286,-8.347877370128755,1.9600200490536137,0.32270652742746087,0.20013541530586387,0.0,-0.6,0.0,0.0,INTENT_REVERSAL_BRAKE,1.3620809479910865,0,32,0,0,76,,0,0,0,32,0,0,0,0,0,,23.266666666,-0.6,0,0,-1,0,0,0,0,0,0,0,0,0.0,0.0,0.0
23.216666666666665,-50.344981360660796,-8.344717462804587,1.9600200490536137,0.30570982692389026,0.1895944394500962,0.0,-0.6,0.0,0.0,INTENT_REVERSAL_BRAKE,1.3659968202071728,0,32,0,0,76,,0,0,0,32,0,0,0,0,0,,23.266666666,-0.6,0,0,-1,0,0,0,0,0,0,0,0,0.0,0.0,0.0
23.233333333333334,-50.340169475220456,-8.341733238411347,1.9600200490536137,0.28871312642031605,0.1790534635943263,0.0,-0.6,0.0,0.0,INTENT_REVERSAL_BRAKE,1.3696920940719326,0,32,0,0,76,,0,0,0,32,0,0,0,0,0,,23.3,-0.6,0,0,-1,0,0,0,0,0,0,0,0,0.0,0.0,0.0
23.25,-50.33564086812184,-8.338924696949038,1.9600200490536137,0.27171642591674544,0.16851248773855865,0.0,-0.6,0.0,0.0,INTENT_REVERSAL_BRAKE,1.3731672646551507,0,32,0,0,76,,0,0,0,32,0,0,0,0,0,,23.316666666,-0.6,0,0,-1,0,0,0,0,0,0,0,0,0.0,0.0,0.0
23.266666666666666,-50.331395539364955,-8.336291838417658,1.9600200490536137,0.25471972541317484,0.157971511882791,0.0,-0.6,0.0,0.0,INTENT_REVERSAL_BRAKE,1.3764227978815444,0,32,0,0,76,,0,0,0,32,0,0,0,0,0,,23.333333333,-0.6,0,0,-1,0,0,0,0,0,0,0,0,0.0,0.0,0.0
23.283333333333335,-50.327433488949794,-8.333834662817207,1.9600200490536137,0.2377230249096006,0.14743053602702108,0.0,-0.6,0.0,0.0,INTENT_REVERSAL_BRAKE,1.379459130530824,0,32,0,0,76,,0,0,0,32,0,0,0,0,0,,23.35,-0.6,0,0,-1,0,0,0,0,0,0,0,0,0.0,0.0,0.0
23.3,-50.32375471687636,-8.331553170147686,1.9600200490536137,0.22072632440603,0.13688956017125342,0.0,-0.6,0.0,0.0,INTENT_REVERSAL_BRAKE,1.3822766702376739,0,32,0,0,76,,0,0,0,32,0,0,0,0,0,,23.366666666,-0.6,0,0,-1,0,0,0,0,0,0,0,0,0.0,0.0,0.0
23.316666666666666,-50.32035922314465,-8.329447360409095,1.9600200490536137,0.20372962390245938,0.12634858431548576,0.0,-0.6,0.0,0.0,INTENT_REVERSAL_BRAKE,1.384875795491731,0,32,0,0,76,,0,0,0,32,0,0,0,0,0,,23.383333333,-0.6,0,0,-1,0,0,0,0,0,0,0,0,0.0,0.0,0.0
23.333333333333332,-50.317247007754666,-8.327517233601434,1.9600200490536137,0.18673292339888878,0.1158076084597181,0.0,-0.6,0.0,0.0,INTENT_REVERSAL_BRAKE,1.3872568556376164,0,32,0,0,76,,0,0,0,32,0,0,0,0,0,,23.4,-0.6,0,0,-1,0,0,0,0,0,0,0,0,0.0,0.0,0.0
23.35,-50.31441807070641,-8.3257627897247,1.9600200490536137,0.16973622289531454,0.1052666326039482,0.0,-0.6,0.0,0.0,INTENT_REVERSAL_BRAKE,1.3894201708749234,0,32,0,0,76,,0,0,0,32,0,0,0,0,0,,23.416666666,-0.6,0,0,-1,0,0,0,0,0,0,0,0,0.0,0.0,0.0
23.366666666666667,-50.31187241199988,-8.324184028778898,1.9600200490536137,0.15273952239174393,0.09472565674818054,0.0,-0.6,0.0,0.0,INTENT_REVERSAL_BRAKE,1.3913660322582049,0,32,0,0,76,,0,0,0,32,0,0,0,0,0,,23.433333333,-0.6,0,0,-1,0,0,0,0,0,0,0,0,0.0,0.0,0.0
23.383333333333333,-50.309610031635074,-8.322780950764026,1.9600200490536137,0.13574282188817333,0.08418468089241288,0.0,-0.6,0.0,0.0,INTENT_REVERSAL_BRAKE,1.3930947016969957,0,32,0,0,76,,0,0,0,32,0,0,0,0,0,,23.45,-0.6,0,0,-1,0,0,0,0,0,0,0,0,0.0,0.0,0.0
23.4,-50.307630929611996,-8.321553555680081,1.9600200490536137,0.11874612138460272,0.07364370503664522,0.0,-0.6,0.0,0.0,INTENT_REVERSAL_BRAKE,1.3946064119557997,0,32,0,0,76,,0,0,0,32,0,0,0,0,0,,23.466666666,-0.6,0,0,-1,0,0,0,0,0,0,0,0,0.0,0.0,0.0
23.416666666666668,-50.305935105930644,-8.320501843527067,1.9600200490536137,0.10174942088102848,0.06310272918087531,0.0,-0.6,0.0,0.0,INTENT_REVERSAL_BRAKE,1.3959013666540836,0,32,0,0,76,,0,0,0,32,0,0,0,0,0,,23.466666666,-0.6,0,0,-1,0,0,0,0,0,0,0,0,0.0,0.0,0.0
23.433333333333334,-50.30452256059102,-8.319625814304981,1.9600200490536137,0.08475272037745786,0.052561753325107645,0.0,-0.6,0.0,0.0,INTENT_REVERSAL_BRAKE,1.3969797402662867,0,32,0,0,76,,0,0,0,32,0,0,0,0,0,,23.5,-0.6,0,0,-1,0,0,0,0,0,0,0,0,0.0,0.0,0.0
23.45,-50.30339329359312,-8.318925468013825,1.9600200490536137,0.06775601987388724,0.04202077746933998,0.0,-0.6,0.0,0.0,INTENT_REVERSAL_BRAKE,1.3978416781218388,0,32,0,0,76,,0,0,0,32,0,0,0,0,0,,23.516666666,-0.6,0,0,-1,0,0,0,0,0,0,0,0,0.0,0.0,0.0
23.466666666666665,-50.302547304936944,-8.3184008046536,1.9600200490536137,0.05075931937031662,0.03147980161357231,0.0,-0.6,0.0,0.0,INTENT_REVERSAL_BRAKE,1.3984872964051007,0,32,0,0,76,,0,0,0,32,0,0,0,0,0,,23.533333333,-0.6,0,0,-1,0,0,0,0,0,0,0,0,0.0,0.0,0.0
23.483333333333334,-50.301984594622496,-8.318051824224302,1.9600200490536137,0.03376261886674238,0.0209388257578024,0.0,-0.6,0.0,0.0,INTENT_REVERSAL_BRAKE,1.398916682155448,0,32,0,0,76,,0,0,0,32,0,0,0,0,0,,23.55,-0.6,0,0,-1,0,0,0,0,0,0,0,0,0.0,0.0,0.0
23.5,-50.301705162649775,-8.317878526725934,1.9600200490536137,0.016765918363171765,0.01039784990203473,0.0,-0.6,0.0,0.0,INTENT_REVERSAL_BRAKE,1.3991298932671878,0,32,0,0,76,,0,0,0,32,0,0,0,0,0,,23.566666666,-0.6,0,0,-1,0,0,0,0,0,0,0,0,0.0,0.0,0.0
23.516666666666666,-50.301705162649775,-8.317878526725934,1.9600200490536137,0.0,0.0,0.0,-0.6,0.0,0.0,INTENT_REVERSAL_BRAKE,1.3991298932671878,0,32,0,0,76,,0,0,0,32,0,0,0,0,0,,23.566666666,-0.6,0,0,-1,0,0,0,0,0,0,0,0,0.0,0.0,0.0
23.533333333333335,-50.301705162649775,-8.317878526725934,1.9600200490536137,0.0,0.0,0.0,-0.6,0.0,0.0,DEPTH_PROPOSAL_CERTIFIED,1.3991298932671878,0,32,0,0,76,FULL_MOTION_CERTIFICATE,0,0,0,32,0,0,0,0,0,,23.6,-0.6,0,0,-1,0,0,-1,0,0,-0.00166666673333,0,0,0.0,0.0,0.0
23.55,-50.30171147578096,-8.317878526725934,1.9600200490536137,-0.00037878787121209986,0.0,0.0,-0.6,0.0,0.0,DEPTH_PROPOSAL_CERTIFIED,1.3991269163747457,0,32,0,0,76,FULL_MOTION_CERTIFICATE,0,0,0,32,0,0,0,0,0,,23.616666666,-0.6,0,0,-1,0,0,-1,0,0,-0.0049999999,0,0,-0.004999999900000002,0.0,0.0
23.566666666666666,-50.30172362377582,-8.317878526725934,1.9600200490536137,-0.0007288796915747998,0.0,0.0,-0.6,0.0,0.0,DEPTH_PROPOSAL_CERTIFIED,1.3991211881120122,0,32,0,0,76,FULL_MOTION_CERTIFICATE,0,0,0,32,0,0,0,0,0,,23.633333333,-0.6,0,0,-1,0,0,-1,0,0,-0.01,0,0,-0.004999999900000002,0.0,0.0
23.583333333333332,-50.301747477730665,-8.317878526725934,1.9600200490536137,-0.0014312372906978813,0.0,0.0,-0.6,0.0,0.0,DEPTH_PROPOSAL_CERTIFIED,1.3991099400235734,0,32,0,0,76,FULL_MOTION_CERTIFICATE,0,0,0,32,0,0,0,0,0,,23.65,-0.6,0,0,-1,0,0,-1,0,0,-0.0166666668333,0,0,-0.010000000000000002,0.0,0.0
23.6,-50.30179056833897,-8.317878526725934,1.9600200490536137,-0.002585436498473475,0.0,0.0,-0.6,0.0,0.0,DEPTH_PROPOSAL_CERTIFIED,1.3990896210879364,0,32,0,0,76,FULL_MOTION_CERTIFICATE,0,0,0,32,0,0,0,0,0,,23.666666666,-0.6,0,0,-1,0,0,-1,0,0,-0.0249999998,0,0,-0.016666666833333336,0.0,0.0
23.616666666666667,-50.30186196016357,-8.317878526725934,1.9600200490536137,-0.004283509475861752,0.0,0.0,-0.6,0.0,0.0,DEPTH_PROPOSAL_CERTIFIED,1.399055957003209,0,32,0,0,76,FULL_MOTION_CERTIFICATE,0,0,0,32,0,0,0,0,0,,23.683333333,-0.6,0,0,-1,0,0,-1,0,0,-0.035,0,0,-0.024999999800000006,0.0,0.0
23.633333333333333,-50.301986866075865,-8.317878526725934,1.9600200490536137,-0.007494354737791236,2.628368902995013e-19,0.0,-0.6,0.0,0.0,DEPTH_PROPOSAL_CERTIFIED,1.3989970588977474,0,32,0,0,76,FULL_MOTION_CERTIFICATE,0,0,0,32,0,0,0,0,0,,23.7,-0.6,0,0,-1,0,0,-1,0,0,-0.0466666669333,0,0,-0.046666666933333344,3.469446951953614e-18,0.0
23.65,-50.30216123197831,-8.317878526725934,1.9600200490536137,-0.010461954146544258,5.057618949702537e-19,0.0,-0.6,0.0,0.0,DEPTH_PROPOSAL_CERTIFIED,1.3989148384397836,0,32,0,0,76,FULL_MOTION_CERTIFICATE,0,0,0,32,0,0,0,0,0,,23.716666666,-0.6,0,0,-1,0,0,-1,0,0,-0.0599999997,0,0,-0.046666666933333344,3.469446951953614e-18,0.0
23.666666666666668,-50.30239814591807,-8.317878526725934,1.9600200490536137,-0.014214836385443009,7.302834901963009e-19,0.0,-0.6,0.0,0.0,DEPTH_PROPOSAL_CERTIFIED,1.3988031240945349,0,32,0,0,76,FULL_MOTION_CERTIFICATE,0,0,0,32,0,0,0,0,0,,23.733333333,-0.6,0,0,-1,0,0,-1,0,0,-0.075,0,0,-0.059999999700000015,3.469446951953614e-18,0.0
23.683333333333334,-50.30273285257329,-8.317878526725934,1.9600200490536137,-0.020082399313313154,4.1212209306374966e-19,0.0,-0.6,0.0,0.0,DEPTH_PROPOSAL_CERTIFIED,1.3986452965944878,0,32,0,0,76,FULL_MOTION_CERTIFICATE,0,0,0,32,0,0,0,0,0,,23.75,-0.6,0,0,-1,0,0,-1,0,0,-0.0916666670333,0,0,-0.09166666703333334,-3.469446951953614e-18,0.0
23.7,-50.303157943404926,-8.317878526725934,1.9600200490536137,-0.02550544989816286,1.1806383207760243e-19,0.0,-0.6,0.0,0.0,DEPTH_PROPOSAL_CERTIFIED,1.3984448493604646,0,32,0,0,76,FULL_MOTION_CERTIFICATE,0,0,0,32,0,0,0,0,0,,23.766666666,-0.6,0,0,-1,0,0,-1,0,0,-0.1099999996,0,0,-0.09166666703333334,-3.469446951953614e-18,0.0
23.716666666666665,-50.30368971927407,-8.317878526725934,1.9600200490536137,-0.031906552148301674,1.0911960237475427e-19,0.0,-0.6,0.0,0.0,DEPTH_PROPOSAL_CERTIFIED,1.398194095888127,0,32,0,0,76,FULL_MOTION_CERTIFICATE,0,0,0,32,0,0,0,0,0,,23.783333333,-0.6,0,0,-1,0,0,-1,0,0,-0.13,0,0,-0.1099999996,0.0,0.0
23.733333333333334,-50.30434535050666,-8.317878526725934,1.9600200490536137,-0.03933787395524968,1.0085296583121099e-19,0.0,-0.6,0.0,0.0,DEPTH_PROPOSAL_CERTIFIED,1.3978849396858897,0,32,0,0,76,FULL_MOTION_CERTIFICATE,0,0,0,32,0,0,0,0,0,,23.8,-0.6,0,0,-1,0,0,-1,0,0,-0.151666667133,0,0,-0.13,0.0,0.0
23.75,-50.30514281102356,-8.317878526725934,1.9600200490536137,-0.04784763101419493,9.321258963187725e-20,0.0,-0.6,0.0,0.0,DEPTH_PROPOSAL_CERTIFIED,1.3975089053352034,0,32,0,0,76,FULL_MOTION_CERTIFICATE,0,0,0,32,0,0,0,0,0,,23.816666666,-0.6,0,0,-1,0,0,-1,0,0,-0.1749999995,0,0,-0.15166666713333335,0.0,0.0
23.766666666666666,-50.30610081746027,-8.317878526725934,1.9600200490536137,-0.05748038620251296,6.118248104102836e-19,0.0,-0.6,0.0,0.0,DEPTH_PROPOSAL_CERTIFIED,1.3970571671980165,0,32,0,0,76,FULL_MOTION_CERTIFICATE,0,0,0,32,0,0,0,0,0,,23.833333333,-0.6,0,0,-1,0,0,-1,0,0,-0.2,0,0,-0.17499999950000006,6.938893903907228e-18,0.0
23.783333333333335,-50.3072387729043,-8.317878526725934,1.9600200490536137,-0.0682773266417182,-4.858731152129743e-19,0.0,-0.6,0.0,0.0,DEPTH_PROPOSAL_CERTIFIED,1.3965205759468649,0,32,0,0,76,FULL_MOTION_CERTIFICATE,0,0,0,32,0,0,0,0,0,,23.85,-0.6,0,0,-1,0,0,-1,0,0,-0.226666667233,0,0,-0.20000000000000004,-1.3877787807814457e-17,0.0
23.8,-50.308612425529766,-8.317878526725934,1.9600200490536137,-0.08241915752809627,-4.490645458786601e-19,0.0,-0.6,0.0,0.0,DEPTH_PROPOSAL_CERTIFIED,1.3958728441004047,0,32,0,0,76,FULL_MOTION_CERTIFICATE,0,0,0,32,0,0,0,0,0,,23.866666666,-0.6,0,0,-1,0,0,-1,0,0,-0.254949494342,0,0,-0.2549494943419192,0.0,0.0
23.816666666666666,-50.310203919489595,-8.317878526725934,1.9600200490536137,-0.09548963758974878,-4.150445045242181e-19,0.0,-0.6,0.0,0.0,DEPTH_PROPOSAL_CERTIFIED,1.3951223914007107,0,32,0,0,77,FULL_MOTION_CERTIFICATE,0,0,0,32,0,0,0,0,0,,23.883333333,-0.6,0,0,-1,0,0,-1,0,0,-0.281565656414,0,0,-0.2549494943419192,0.0,0.0
23.833333333333332,-50.312030357917635,-8.317878526725934,1.9600200490536137,-0.109586305682505,-3.8360173902996095e-19,0.0,-0.6,0.0,0.0,DEPTH_PROPOSAL_CERTIFIED,1.3942611530399311,0,32,0,0,77,FULL_MOTION_CERTIFICATE,0,0,0,32,0,0,0,0,0,,23.9,-0.6,0,0,-1,0,0,-1,0,0,-0.306515151753,0,0,-0.2815656564141415,0.0,0.0
23.85,-50.31413484138782,-8.317878526725934,1.9600200490536137,-0.12626900821122816,6.968065599735728e-19,0.0,-0.6,0.0,0.0,DEPTH_PROPOSAL_CERTIFIED,1.3932688053832452,0,32,0,0,77,FULL_MOTION_CERTIFICATE,0,0,0,32,0,0,0,0,0,,23.916666666,-0.6,0,0,-1,0,0,-1,0,0,-0.329797979062,0,0,-0.3297979790616163,1.3877787807814457e-17,0.0
23.866666666666667,-50.316496305881806,-8.317878526725934,1.9600200490536137,-0.14168786963928698,1.6953657454160073e-18,0.0,-0.6,0.0,0.0,DEPTH_PROPOSAL_CERTIFIED,1.3921552809530675,0,32,0,0,77,FULL_MOTION_CERTIFICATE,0,0,0,32,0,0,0,0,0,,23.933333333,-0.6,0,0,-1,0,0,-1,0,0,-0.351414141034,0,0,-0.3297979790616163,1.3877787807814457e-17,0.0
23.883333333333333,-50.319147765030635,-8.317878526725934,1.9600200490536137,-0.15908754892969815,1.5669289465208624e-18,0.0,-0.6,0.0,0.0,DEPTH_PROPOSAL_CERTIFIED,1.390905012509332,0,32,0,0,77,FULL_MOTION_CERTIFICATE,0,0,0,33,0,0,0,0,0,,23.95,-0.6,0,0,-1,0,0,-1,0,0,-0.371363636273,0,0,-0.3713636362727275,0.0,0.0
23.9,-50.32206724954227,-8.317878526725934,1.9600200490536137,-0.17516907069810855,1.4482222081480765e-18,0.0,-0.6,0.0,0.0,DEPTH_PROPOSAL_CERTIFIED,1.3895283594470014,0,32,0,0,77,FULL_MOTION_CERTIFICATE,0,0,0,33,0,0,0,0,0,,23.966666666,-0.6,0,0,-1,0,0,-1,0,0,-0.389646463781,0,0,-0.3713636362727275,0.0,0.0
23.916666666666668,-50.325257538843154,-8.317878526725934,1.9600200490536137,-0.19141735805289933,1.3385084045004778e-18,0.0,-0.6,0.0,0.0,DEPTH_PROPOSAL_CERTIFIED,1.3880240111559663,0,32,0,0,77,FULL_MOTION_CERTIFICATE,0,0,0,33,0,0,0,0,0,,23.966666666,-0.6,0,0,-1,0,0,-1,0,0,-0.389646463781,0,0,-0.38964646378131335,0.0,0.0
23.933333333333334,-50.328737973046486,-8.317878526725934,1.9600200490536137,-0.20882605219983208,1.2371062526443867e-18,0.0,-0.6,0.0,0.0,DEPTH_PROPOSAL_CERTIFIED,1.3863828480036515,0,32,0,0,79,FULL_MOTION_CERTIFICATE,0,0,0,33,0,0,0,0,0,,24,-0.6,0,0,-1,0,0,-1,0,0,-0.421212120792,0,0,-0.42121212079242454,0.0,0.0
23.95,-50.33248657147784,-8.317878526725934,1.9600200490536137,-0.22491590588108817,1.1433860819895143e-18,0.0,-0.6,0.0,0.0,DEPTH_PROPOSAL_CERTIFIED,1.3846152347522704,0,32,0,0,79,FULL_MOTION_CERTIFICATE,0,0,0,33,0,0,0,0,0,,24.016666666,-0.6,0,0,-1,0,0,-1,0,0,-0.434756656554,0,0,-0.42121212079242454,0.0,0.0
23.966666666666665,-50.33650012035196,-8.317878526725934,1.9600200490536137,-0.2408129324472357,1.056765924263041e-18,0.0,-0.6,0.0,0.0,DEPTH_PROPOSAL_CERTIFIED,1.3827226868293954,0,32,0,0,79,FULL_MOTION_CERTIFICATE,0,0,0,33,0,0,0,0,0,,24.033333333,-0.6,0,0,-1,0,0,-1,0,0,-0.447275091914,0,0,-0.43475665655424733,0.0,0.0
23.983333333333334,-50.34077435377086,-8.317878526725934,1.9600200490536137,-0.25645400513412503,9.767078996976466e-19,0.0,-0.6,0.0,0.0,DEPTH_PROPOSAL_CERTIFIED,1.3807072157755835,0,32,0,0,79,FULL_MOTION_CERTIFICATE,0,0,0,33,0,0,0,0,0,,24.05,-0.6,0,0,-1,0,0,-1,0,0,-0.45884516094,0,0,-0.4472750919141427,0.0,0.0
24.0,-50.34530413157841,-8.317878526725934,1.9600200490536137,-0.2717866684527455,9.027148769932836e-19,0.0,-0.6,0.0,0.0,DEPTH_PROPOSAL_CERTIFIED,1.3785712453788994,0,32,0,0,79,FULL_MOTION_CERTIFICATE,0,0,0,33,0,0,0,0,0,,24.066666666,-0.6,0,0,-1,0,0,-1,0,0,-0.469538708926,0,0,-0.4588451609399272,0.0,0.0
24.016666666666666,-50.350083596305744,-8.317878526725934,1.9600200490536137,-0.28676788364009936,8.343273863119782e-19,0.0,-0.6,0.0,0.0,DEPTH_PROPOSAL_CERTIFIED,1.37631753766887,0,32,0,0,79,FULL_MOTION_CERTIFICATE,0,0,0,33,0,0,0,0,0,,24.083333333,-0.6,0,0,-1,0,0,-1,0,0,-0.479422140265,0,0,-0.4695387089258272,0.0,0.0
24.033333333333335,-50.355106311357105,-8.317878526725934,1.9600200490536137,-0.3013629030814183,7.711207661368185e-19,0.0,-0.6,0.0,0.0,DEPTH_PROPOSAL_CERTIFIED,1.3739491277563989,0,32,0,0,79,FULL_MOTION_CERTIFICATE,0,0,0,33,0,0,0,0,0,,24.1,-0.6,0,0,-1,0,0,-1,0,0,-0.488556826792,0,0,-0.47942214026547864,0.0,0.0
24.05,-50.36037604230241,-8.317878526725934,1.9600200490536137,-0.31618385671850563,7.127025262779719e-19,0.0,-0.6,0.0,0.0,DEPTH_PROPOSAL_CERTIFIED,1.3714642400254993,0,32,0,0,79,FULL_MOTION_CERTIFICATE,0,0,0,33,0,0,0,0,0,,24.116666666,-0.6,0,0,-1,0,0,-1,0,0,-0.496999491091,0,0,-0.49699949109098274,0.0,0.0
24.066666666666666,-50.36587407581637,-8.317878526725934,1.9600200490536137,-0.3298820108376319,6.587099106508559e-19,0.0,-0.6,0.0,0.0,DEPTH_PROPOSAL_CERTIFIED,1.3688716985533251,0,32,0,0,80,FULL_MOTION_CERTIFICATE,0,0,0,33,0,0,0,0,0,,24.133333333,-0.6,0,0,-1,0,0,-1,0,0,-0.504802560104,0,0,-0.49699949109098274,0.0,0.0
24.083333333333332,-50.37159296860971,-8.317878526725934,1.9600200490536137,-0.34313356760021874,6.088076446924606e-19,0.0,-0.6,0.0,0.0,DEPTH_PROPOSAL_CERTIFIED,1.366175013146806,0,32,0,0,80,FULL_MOTION_CERTIFICATE,0,0,0,33,0,0,0,0,0,,24.15,-0.6,0,0,-1,0,0,-1,0,0,-0.512014487513,0,0,-0.5048025601037879,0.0,0.0
24.1,-50.377533511010085,-8.317878526725934,1.9600200490536137,-0.35643254402248303,-1.5400092689685853e-18,0.0,-0.6,0.0,0.0,DEPTH_PROPOSAL_CERTIFIED,1.363373811135019,0,32,0,0,80,FULL_MOTION_CERTIFICATE,0,0,0,33,0,0,0,0,0,,24.166666666,-0.6,0,0,-1,0,0,-1,0,0,-0.518680056374,0,0,-0.5186800563740797,-2.7755575615628914e-17,0.0
24.116666666666667,-50.3836789113806,-8.317878526725934,1.9600200490536137,-0.36872402223093664,-3.526037022503346e-18,0.0,-0.6,0.0,0.0,DEPTH_PROPOSAL_CERTIFIED,1.3604760104426048,0,32,0,0,80,FULL_MOTION_CERTIFICATE,0,0,0,33,0,0,0,0,0,,24.166666666,-0.6,0,0,-1,0,0,-1,0,0,-0.518680056374,0,0,-0.5186800563740797,-2.7755575615628914e-17,0.0
24.133333333333333,-50.39002861797042,-8.317878526725934,1.9600200490536137,-0.3809823953895554,-3.2589130056470468e-18,0.0,-0.6,0.0,0.0,DEPTH_PROPOSAL_CERTIFIED,1.3574818712420218,0,32,0,0,80,FULL_MOTION_CERTIFICATE,0,0,0,33,0,0,0,0,0,,24.2,-0.6,0,0,-1,0,0,-1,0,0,-0.530534547925,0,0,-0.5305345479247138,0.0,0.0
24.15,-50.39656715303567,-8.317878526725934,1.9600200490536137,-0.39231210391494553,-3.0120256567344057e-18,0.0,-0.6,0.0,0.0,DEPTH_PROPOSAL_CERTIFIED,1.3543986919051065,0,32,0,0,80,FULL_MOTION_CERTIFICATE,0,0,0,33,0,0,0,0,0,,24.216666666,-0.6,0,0,-1,0,0,-1,0,0,-0.535797081962,0,0,-0.5305345479247138,0.0,0.0
24.166666666666668,-50.403286856002495,-8.317878526725934,1.9600200490536137,-0.40318217800944683,-2.7838418948605516e-18,0.0,-0.6,0.0,0.0,DEPTH_PROPOSAL_CERTIFIED,1.3517517384627789,0,32,0,0,80,FULL_MOTION_CERTIFICATE,0,0,0,33,0,0,0,0,0,,24.233333333,-0.6,0,0,-1,0,0,-1,0,0,-0.540660939487,0,0,-0.5357970819623401,0.0,0.0
24.183333333333334,-50.410185819253336,-8.317878526725934,1.9600200490536137,-0.41393779505030925,-2.572944781613552e-18,0.0,-0.6,0.0,0.0,DEPTH_PROPOSAL_CERTIFIED,1.3495935307460627,0,32,0,0,80,FULL_MOTION_CERTIFICATE,0,0,0,33,0,0,0,0,0,,24.25,-0.6,0,0,-1,0,0,-1,0,0,-0.545156322949,0,0,-0.5451563229488391,0.0,0.0
24.2,-50.41725046246364,-8.317878526725934,1.9600200490536137,-0.4238785926183791,-2.3780247224004153e-18,0.0,-0.6,0.0,0.0,DEPTH_PROPOSAL_CERTIFIED,1.347383493246521,0,32,0,0,80,FULL_MOTION_CERTIFICATE,0,0,0,33,0,0,0,0,0,,24.266666666,-0.6,0,0,-1,0,0,-1,0,0,-0.549311146802,0,0,-0.5451563229488391,0.0,0.0
24.216666666666665,-50.42447348011105,-8.317878526725934,1.9600200490536137,-0.4333810588443857,-2.197871334339788e-18,0.0,-0.6,0.0,0.0,DEPTH_PROPOSAL_CERTIFIED,1.3451239113560525,0,32,0,0,80,FULL_MOTION_CERTIFICATE,0,0,0,33,0,0,0,0,0,,24.283333333,-0.6,0,0,-1,0,0,-1,0,0,-0.553151211515,0,0,-0.5493111468016735,0.0,0.0
24.233333333333334,-50.43184772269869,-8.317878526725934,1.9600200490536137,-0.4424545552588058,-2.0313659302231116e-18,0.0,-0.6,0.0,0.0,DEPTH_PROPOSAL_CERTIFIED,1.3428170216569886,0,32,0,0,80,FULL_MOTION_CERTIFICATE,0,0,0,33,0,0,0,0,0,,24.3,-0.6,0,0,-1,0,0,-1,0,0,-0.556700362229,0,0,-0.5531512115147116,0.0,0.0
24.25,-50.43936621504261,-8.317878526725934,1.9600200490536137,-0.45110954063529873,-1.8774745718728848e-18,0.0,-0.6,0.0,0.0,DEPTH_PROPOSAL_CERTIFIED,1.3404650062012273,0,32,0,0,80,FULL_MOTION_CERTIFICATE,0,0,0,33,0,0,0,0,0,,24.316666666,-0.6,0,0,-1,0,0,-1,0,0,-0.559980637686,0,0,-0.5567003622285196,0.0,0.0
24.266666666666666,-50.44702217089291,-8.317878526725934,1.9600200490536137,-0.45935735101793146,-3.837936772157321e-18,0.0,-0.6,0.0,0.0,DEPTH_PROPOSAL_CERTIFIED,1.3380699879362825,0,32,0,0,80,FULL_MOTION_CERTIFICATE,0,0,0,33,0,0,0,0,0,,24.333333333,-0.6,0,0,-1,0,0,-1,0,0,-0.563012407619,0,0,-0.559980637686057,-2.7755575615628914e-17,0.0
24.283333333333335,-50.45480900433993,-8.317878526725934,1.9600200490536137,-0.46721000682104097,-3.547183986387782e-18,0.0,-0.6,0.0,0.0,DEPTH_PROPOSAL_CERTIFIED,1.3356340271370866,0,32,0,0,80,FULL_MOTION_CERTIFICATE,0,0,0,33,0,0,0,0,0,,24.35,-0.6,0,0,-1,0,0,-1,0,0,-0.565814498007,0,0,-0.5630124076189609,0.0,0.0
24.3,-50.46272360837008,-8.317878526725934,1.9600200490536137,-0.4748762418088678,-3.2784579268129654e-18,0.0,-0.6,0.0,0.0,DEPTH_PROPOSAL_CERTIFIED,1.3331580957729754,0,32,0,0,80,FULL_MOTION_CERTIFICATE,0,0,0,33,0,0,0,0,0,,24.366666666,-0.6,0,0,-1,0,0,-1,0,0,-0.56840430866,0,0,-0.5684043086603603,0.0,0.0
24.316666666666666,-50.47075630339372,-8.317878526725934,1.9600200490536137,-0.48196170141882894,-3.0300899020544214e-18,0.0,-0.6,0.0,0.0,DEPTH_PROPOSAL_CERTIFIED,1.330645221917047,0,32,0,0,80,FULL_MOTION_CERTIFICATE,0,0,0,33,0,0,0,0,0,,24.366666666,-0.6,0,0,-1,0,0,-1,0,0,-0.56840430866,0,0,-0.5684043086603603,0.0,0.0
24.333333333333332,-50.47890116536215,-8.317878526725934,1.9600200490536137,-0.4886917181059255,-2.8005376367472815e-18,0.0,-0.6,0.0,0.0,DEPTH_PROPOSAL_CERTIFIED,1.3280972587937885,0,32,0,0,80,FULL_MOTION_CERTIFICATE,0,0,0,33,0,0,0,0,0,,24.4,-0.6,0,0,-1,0,0,-1,0,0,-0.573010200393,0,0,-0.5707979216885083,0.0,0.0
24.35,-50.48715507172957,-8.317878526725934,1.9600200490536137,-0.49523438204482295,-2.588375694569424e-18,0.0,-0.6,0.0,0.0,DEPTH_PROPOSAL_CERTIFIED,1.3255151832314898,0,32,0,0,80,FULL_MOTION_CERTIFICATE,0,0,0,33,0,0,0,0,0,,24.416666666,-0.6,0,0,-1,0,0,-1,0,0,-0.575054882099,0,0,-0.5750548820993586,0.0,0.0
24.366666666666667,-50.49550976155665,-8.317878526725934,1.9600200490536137,-0.5012813896247117,-2.392286626799024e-18,0.0,-0.6,0.0,0.0,DEPTH_PROPOSAL_CERTIFIED,1.3229015795058325,0,32,0,0,80,FULL_MOTION_CERTIFICATE,0,0,0,33,0,0,0,0,0,,24.433333333,-0.6,0,0,-1,0,0,-1,0,0,-0.576944663796,0,0,-0.5750548820993586,0.0,0.0
24.383333333333333,-50.503962191144566,-8.317878526725934,1.9600200490536137,-0.5071457752751343,-2.211052791435472e-18,0.0,-0.6,0.0,0.0,DEPTH_PROPOSAL_CERTIFIED,1.3202573997793472,0,32,0,0,80,FULL_MOTION_CERTIFICATE,0,0,0,33,0,0,0,0,0,,24.45,-0.6,0,0,-1,0,0,-1,0,0,-0.57869128021,0,0,-0.5786912802102948,0.0,0.0
24.4,-50.51250495596599,-8.317878526725934,1.9600200490536137,-0.5125658892853734,-2.043548792084309e-18,0.0,-0.6,0.0,0.0,DEPTH_PROPOSAL_CERTIFIED,1.3175849604157337,0,32,0,0,80,FULL_MOTION_CERTIFICATE,0,0,0,33,0,0,0,0,0,,24.466666666,-0.6,0,0,-1,0,0,-1,0,0,-0.580305577099,0,0,-0.5786912802102948,0.0,0.0
24.416666666666668,-50.521133250696266,-8.317878526725934,1.9600200490536137,-0.5176976838167465,2.1396063274280262e-19,0.0,-0.6,0.0,0.0,DEPTH_PROPOSAL_CERTIFIED,1.3148857646682117,0,32,0,0,80,FULL_MOTION_CERTIFICATE,0,0,0,33,0,0,0,0,0,,24.466666666,-0.6,0,0,-1,0,0,-1,0,0,-0.580305577099,0,0,-0.5803055770994885,2.7755575615628914e-17,0.0
24.433333333333334,-50.529844220762875,-8.317878526725934,1.9600200490536137,-0.5226582039965352,1.9775149389865182e-19,0.0,-0.6,0.0,0.0,DEPTH_PROPOSAL_CERTIFIED,1.3121607055347906,0,32,0,0,80,FULL_MOTION_CERTIFICATE,0,0,0,33,0,0,0,0,0,,24.5,-0.6,0,0,-1,0,0,-1,0,0,-0.58317655019,0,0,-0.5831765501899606,0.0,0.0
24.45,-50.53863160288276,-8.317878526725934,1.9600200490536137,-0.5272429271930066,1.8277032011845178e-19,0.0,-0.6,0.0,0.0,DEPTH_PROPOSAL_CERTIFIED,1.3094117423628908,0,32,0,0,80,FULL_MOTION_CERTIFICATE,0,0,0,33,0,0,0,0,0,,24.516666666,-0.6,0,0,-1,0,0,-1,0,0,-0.584451053912,0,0,-0.5831765501899606,0.0,0.0
24.466666666666665,-50.54749121748588,-8.317878526725934,1.9600200490536137,-0.531576876186905,2.271619206141853e-18,0.0,-0.6,0.0,0.0,DEPTH_PROPOSAL_CERTIFIED,1.3066401826504592,0,32,0,0,80,FULL_MOTION_CERTIFICATE,0,0,0,33,0,0,0,0,0,,24.533333333,-0.6,0,0,-1,0,0,-1,0,0,-0.585629004397,0,0,-0.5844510539124684,2.7755575615628914e-17,0.0
24.483333333333334,-50.55641907972562,-8.317878526725934,1.9600200490536137,-0.5356717343846555,2.0995268420401704e-18,0.0,-0.6,0.0,0.0,DEPTH_PROPOSAL_CERTIFIED,1.303847272979975,0,32,0,0,80,FULL_MOTION_CERTIFICATE,0,0,0,33,0,0,0,0,0,,24.55,-0.6,0,0,-1,0,0,-1,0,0,-0.586717716207,0,0,-0.585629004397204,0.0,0.0
24.5,-50.56541139396261,-8.317878526725934,1.9600200490536137,-0.5395388542196866,1.9404717782492574e-18,0.0,-0.6,0.0,0.0,DEPTH_PROPOSAL_CERTIFIED,1.3010342007440796,0,32,0,0,80,FULL_MOTION_CERTIFICATE,0,0,0,33,0,0,0,0,0,,24.566666666,-0.6,0,0,-1,0,0,-1,0,0,-0.587723949787,0,0,-0.5867177162070689,0.0,0.0
24.516666666666666,-50.57446454796674,-8.317878526725934,1.9600200490536137,-0.5431892402475508,-3.0922878189290037e-19,0.0,-0.6,0.0,0.0,DEPTH_PROPOSAL_CERTIFIED,1.2982020959593579,0,32,0,0,80,FULL_MOTION_CERTIFICATE,0,0,0,33,0,0,0,0,0,,24.566666666,-0.6,0,0,-1,0,0,-1,0,0,-0.587723949787,0,0,-0.5877239497874961,-2.7755575615628914e-17,0.0
24.533333333333335,-50.58357510691198,-8.317878526725934,1.9600200490536137,-0.5466335367144092,1.816892763374236e-18,0.0,-0.6,0.0,0.0,DEPTH_PROPOSAL_CERTIFIED,1.2953520331449486,0,32,0,0,80,FULL_MOTION_CERTIFICATE,0,0,0,33,0,0,0,0,0,,24.6,-0.6,0,0,-1,0,0,-1,0,0,-0.589513502596,0,0,-0.5886539536100739,2.7755575615628914e-17,0.0
24.55,-50.59274081029847,-8.317878526725934,1.9600200490536137,-0.5499422031895236,1.679249372209529e-18,0.0,-0.6,0.0,0.0,DEPTH_PROPOSAL_CERTIFIED,1.2924847194546703,0,32,0,0,80,FULL_MOTION_CERTIFICATE,0,0,0,33,0,0,0,0,0,,24.616666666,-0.6,0,0,-1,0,0,-1,0,0,-0.590307934186,0,0,-0.5903079341859214,0.0,0.0
24.566666666666666,-50.60195748051703,-8.317878526725934,1.9600200490536137,-0.5530002131134929,1.5520335106785113e-18,0.0,-0.6,0.0,0.0,DEPTH_PROPOSAL_CERTIFIED,1.289601461773065,0,32,0,0,80,FULL_MOTION_CERTIFICATE,0,0,0,33,0,0,0,0,0,,24.633333333,-0.6,0,0,-1,0,0,-1,0,0,-0.591042181611,0,0,-0.5903079341859214,0.0,0.0
24.583333333333332,-50.61122218352409,-8.317878526725934,1.9600200490536137,-0.555882180423892,-6.682399079810161e-19,0.0,-0.6,0.0,0.0,DEPTH_PROPOSAL_CERTIFIED,1.2867031779591191,0,32,0,0,80,FULL_MOTION_CERTIFICATE,0,0,0,33,0,0,0,0,0,,24.65,-0.6,0,0,-1,0,0,-1,0,0,-0.59172080423,0,0,-0.5910421816107638,-2.7755575615628914e-17,0.0
24.6,-50.62053292925285,-8.317878526725934,1.9600200490536137,-0.558644743725513,1.4850794498685577e-18,0.0,-0.6,0.0,0.0,DEPTH_PROPOSAL_CERTIFIED,1.2837904905668873,0,32,0,0,80,FULL_MOTION_CERTIFICATE,0,0,0,33,0,0,0,0,0,,24.666666666,-0.6,0,0,-1,0,0,-1,0,0,-0.592348016005,0,0,-0.5923480160052823,2.7755575615628914e-17,0.0
24.616666666666667,-50.62988622961833,-8.317878526725934,1.9600200490536137,-0.5611980219285256,3.475268553335138e-18,0.0,-0.6,0.0,0.0,DEPTH_PROPOSAL_CERTIFIED,1.2808644907765478,0,32,0,0,80,FULL_MOTION_CERTIFICATE,0,0,0,33,0,0,0,0,0,,24.666666666,-0.6,0,0,-1,0,0,-1,0,0,-0.592348016005,0,0,-0.5923480160052823,2.7755575615628914e-17,0.0
24.633333333333333,-50.639280269212676,-8.317878526725934,1.9600200490536137,-0.5636423756608966,3.2119906326279457e-18,0.0,-0.6,0.0,0.0,DEPTH_PROPOSAL_CERTIFIED,1.2779257465034597,0,32,0,0,80,FULL_MOTION_CERTIFICATE,0,0,0,33,0,0,0,0,0,,24.7,-0.6,0,0,-1,0,0,-1,0,0,-0.593463491196,0,0,-0.593463491195824,0.0,0.0
24.65,-50.648711961730676,-8.317878526725934,1.9600200490536137,-0.5659015510802091,2.9686580089440244e-18,0.0,-0.6,0.0,0.0,DEPTH_PROPOSAL_CERTIFIED,1.2749752232387424,0,32,0,0,80,FULL_MOTION_CERTIFICATE,0,0,0,33,0,0,0,0,0,,24.716666666,-0.6,0,0,-1,0,0,-1,0,0,-0.593958681237,0,0,-0.593463491195824,0.0,0.0
24.666666666666668,-50.65817907991807,-8.317878526725934,1.9600200490536137,-0.5680270912435981,2.7437596749330782e-18,0.0,-0.6,0.0,0.0,DEPTH_PROPOSAL_CERTIFIED,1.2720136177359738,0,32,0,0,80,FULL_MOTION_CERTIFICATE,0,0,0,33,0,0,0,0,0,,24.733333333,-0.6,0,0,-1,0,0,-1,0,0,-0.59441635691,0,0,-0.593958681236939,0.0,0.0
24.683333333333334,-50.66768005198038,-8.317878526725934,1.9600200490536137,-0.5700583237389933,4.638594215894777e-18,0.0,-0.6,0.0,0.0,DEPTH_PROPOSAL_CERTIFIED,1.269041421700768,0,32,0,0,80,FULL_MOTION_CERTIFICATE,0,0,0,33,0,0,0,0,0,,24.75,-0.6,0,0,-1,0,0,-1,0,0,-0.594839360183,0,0,-0.5948393601828177,2.7755575615628914e-17,0.0
24.7,-50.67721231323013,-8.317878526725934,1.9600200490536137,-0.5719356749847375,6.3898806855715065e-18,0.0,-0.6,0.0,0.0,DEPTH_PROPOSAL_CERTIFIED,1.2660594374461858,0,32,0,0,80,FULL_MOTION_CERTIFICATE,0,0,0,33,0,0,0,0,0,,24.766666666,-0.6,0,0,-1,0,0,-1,0,0,-0.595230317729,0,0,-0.5948393601828177,2.7755575615628914e-17,0.0
24.716666666666665,-50.68677398690758,-8.317878526725934,1.9600200490536137,-0.5737004206471882,5.90579881545248e-18,0.0,-0.6,0.0,0.0,DEPTH_PROPOSAL_CERTIFIED,1.2630682520803456,0,32,0,0,80,FULL_MOTION_CERTIFICATE,0,0,0,33,0,0,0,0,0,,24.783333333,-0.6,0,0,-1,0,0,-1,0,0,-0.595591657302,0,0,-0.5952303177290871,0.0,0.0
24.733333333333334,-50.69636330103536,-8.317878526725934,1.9600200490536137,-0.5753588476665145,5.458389814281768e-18,0.0,-0.6,0.0,0.0,DEPTH_PROPOSAL_CERTIFIED,1.2600684199322227,0,32,0,0,80,FULL_MOTION_CERTIFICATE,0,0,0,33,0,0,0,0,0,,24.8,-0.6,0,0,-1,0,0,-1,0,0,-0.595925622665,0,0,-0.5955916573022922,0.0,0.0
24.75,-50.70597858331339,-8.317878526725934,1.9600200490536137,-0.5769169366815404,5.04487543441196e-18,0.0,-0.6,0.0,0.0,DEPTH_PROPOSAL_CERTIFIED,1.2570604641486778,0,32,0,0,80,FULL_MOTION_CERTIFICATE,0,0,0,33,0,0,0,0,0,,24.816666666,-0.6,0,0,-1,0,0,-1,0,0,-0.596234287602,0,0,-0.5959256226648584,0.0,0.0
24.766666666666666,-50.71561825618601,-8.317878526725934,1.9600200490536137,-0.5783803723573436,4.662687901501985e-18,0.0,-0.6,0.0,0.0,DEPTH_PROPOSAL_CERTIFIED,1.254044878237596,0,32,0,0,80,FULL_MOTION_CERTIFICATE,0,0,0,33,0,0,0,0,0,,24.833333333,-0.6,0,0,-1,0,0,-1,0,0,-0.59651956885,0,0,-0.5962342876021438,0.0,0.0
24.783333333333335,-50.72528083208451,-8.317878526725934,1.9600200490536137,-0.5797545539098262,2.206758847173503e-18,0.0,-0.6,0.0,0.0,DEPTH_PROPOSAL_CERTIFIED,1.2510221275561892,0,32,0,0,80,FULL_MOTION_CERTIFICATE,0,0,0,33,0,0,0,0,0,,24.85,-0.6,0,0,-1,0,0,-1,0,0,-0.596783237882,0,0,-0.5965195688501111,-2.7755575615628914e-17,0.0
24.8,-50.73496490884661,-8.317878526725934,1.9600200490536137,-0.5810446057258917,2.0395801466300655e-18,0.0,-0.6,0.0,0.0,DEPTH_PROPOSAL_CERTIFIED,1.247992650743904,0,32,0,0,80,FULL_MOTION_CERTIFICATE,0,0,0,33,0,0,0,0,0,,24.866666666,-0.6,0,0,-1,0,0,-1,0,0,-0.597026931972,0,0,-0.5967832378818912,0.0,0.0
24.816666666666666,-50.74466916531356,-8.317878526725934,1.9600200490536137,-0.5822553880172635,3.98776162155411e-18,0.0,-0.6,0.0,0.0,DEPTH_PROPOSAL_CERTIFIED,1.244956861099799,0,32,0,0,81,FULL_MOTION_CERTIFICATE,0,0,0,33,0,0,0,0,0,,24.883333333,-0.6,0,0,-1,0,0,-1,0,0,-0.597252164403,0,0,-0.5970269319720003,2.7755575615628914e-17,0.0
24.833333333333332,-50.75439235710423,-8.317878526725934,1.9600200490536137,-0.5833915074404153,3.685658468406088e-18,0.0,-0.6,0.0,0.0,DEPTH_PROPOSAL_CERTIFIED,1.2419151479045338,0,32,0,0,81,FULL_MOTION_CERTIFICATE,0,0,0,33,0,0,0,0,0,,24.9,-0.6,0,0,-1,0,0,-1,0,0,-0.59746033377,0,0,-0.5972521644028684,0.0,0.0
24.85,-50.76413355549248,-8.317878526725934,1.9600200490536137,-0.5844719032948946,3.4064419177692195e-18,0.0,-0.6,0.0,0.0,DEPTH_PROPOSAL_CERTIFIED,1.2388678016921875,0,32,0,0,81,FULL_MOTION_CERTIFICATE,0,0,0,33,0,0,0,0,0,,24.916666666,-0.6,0,0,-1,0,0,-1,0,0,-0.59765273272,0,0,-0.597652732719539,0.0,0.0
24.866666666666667,-50.77389139634212,-8.317878526725934,1.9600200490536137,-0.5854704509785797,3.148378136120051e-18,0.0,-0.6,0.0,0.0,DEPTH_PROPOSAL_CERTIFIED,1.2358152492064773,0,32,0,0,81,FULL_MOTION_CERTIFICATE,0,0,0,33,0,0,0,0,0,,24.933333333,-0.6,0,0,-1,0,0,-1,0,0,-0.597830556002,0,0,-0.597652732719539,0.0,0.0
24.883333333333333,-50.783665050899906,-8.317878526725934,1.9600200490536137,-0.5864192734668117,2.9098646409594546e-18,0.0,-0.6,0.0,0.0,DEPTH_PROPOSAL_CERTIFIED,1.2327577497068896,0,32,0,0,81,FULL_MOTION_CERTIFICATE,0,0,0,33,0,0,0,0,0,,24.95,-0.6,0,0,-1,0,0,-1,0,0,-0.597994907823,0,0,-0.5979949078232418,0.0,0.0
24.9,-50.79345332115763,-8.317878526725934,1.9600200490536137,-0.5872962154635109,2.6894203499776903e-18,0.0,-0.6,0.0,0.0,DEPTH_PROPOSAL_CERTIFIED,1.2296956779672057,0,32,0,0,81,FULL_MOTION_CERTIFICATE,0,0,0,33,0,0,0,0,0,,24.966666666,-0.6,0,0,-1,0,0,-1,0,0,-0.59814680874,0,0,-0.5979949078232418,0.0,0.0
24.916666666666668,-50.80325529165939,-8.317878526725934,1.9600200490536137,-0.5881182301056426,3.8298126167379913e-19,0.0,-0.6,0.0,0.0,DEPTH_PROPOSAL_CERTIFIED,1.226981858502655,0,32,0,0,81,FULL_MOTION_CERTIFICATE,0,0,0,33,0,0,0,0,0,,24.966666666,-0.6,0,0,-1,0,0,-1,0,0,-0.59814680874,0,0,-0.5981468087396473,-2.7755575615628914e-17,0.0
24.933333333333334,-50.81307026560729,-8.317878526725934,1.9600200490536137,-0.588898436873783,3.53967529728816e-19,0.0,-0.6,0.0,0.0,DEPTH_PROPOSAL_CERTIFIED,1.2249743646938072,0,32,0,0,83,FULL_MOTION_CERTIFICATE,0,0,0,33,0,0,0,0,0,,25,-0.6,0,0,-1,0,0,-1,0,0,-0.598416959445,0,0,-0.5984169594450958,0.0,0.0
24.95,-50.82289725789176,-8.317878526725934,1.9600200490536137,-0.5896195370685794,3.271518077796648e-19,0.0,-0.6,0.0,0.0,DEPTH_PROPOSAL_CERTIFIED,1.2229644127290442,0,32,0,0,83,FULL_MOTION_CERTIFICATE,0,0,0,33,0,0,0,0,0,,25.016666666,-0.6,0,0,-1,0,0,-1,0,0,-0.598536886755,0,0,-0.5984169594450958,0.0,0.0
24.966666666666665,-50.83273550945614,-8.317878526725934,1.9600200490536137,-0.59029509386301,2.405062702313581e-18,0.0,-0.6,0.0,0.0,DEPTH_PROPOSAL_CERTIFIED,1.2209521578611027,0,32,0,0,83,FULL_MOTION_CERTIFICATE,0,0,0,34,0,0,0,0,0,,25.033333333,-0.6,0,0,-1,0,0,-1,0,0,-0.59864772867,0,0,-0.5985368867550641,2.7755575615628914e-17,0.0
24.983333333333334,-50.842584307276596,-8.317878526725934,1.9600200490536137,-0.5909278692271591,2.2228609824413114e-18,0.0,-0.6,0.0,0.0,DEPTH_PROPOSAL_CERTIFIED,1.2189377459274473,0,32,0,0,83,FULL_MOTION_CERTIFICATE,0,0,0,34,0,0,0,0,0,,25.05,-0.6,0,0,-1,0,0,-1,0,0,-0.59875017347,0,0,-0.598647728669776,0.0,0.0
25.0,-50.85244298174382,-8.317878526725934,1.9600200490536137,-0.5915204680334023,4.157157545561475e-18,0.0,-0.6,0.0,0.0,DEPTH_PROPOSAL_CERTIFIED,1.2169213138858086,0,32,0,0,83,FULL_MOTION_CERTIFICATE,0,0,0,34,0,0,0,0,0,,25.066666666,-0.6,0,0,-1,0,0,-1,0,0,-0.598844857294,0,0,-0.5987501734695692,2.7755575615628914e-17,0.0
25.016666666666666,-50.86231090417728,-8.317878526725934,1.9600200490536137,-0.5920753460076782,3.842221367867441e-18,0.0,-0.6,0.0,0.0,DEPTH_PROPOSAL_CERTIFIED,1.2149029903225954,0,32,0,0,83,FULL_MOTION_CERTIFICATE,0,0,0,34,0,0,0,0,0,,25.083333333,-0.6,0,0,-1,0,0,-1,0,0,-0.598932368107,0,0,-0.5988448572938447,0.0,0.0
25.033333333333335,-50.87218748446693,-8.317878526725934,1.9600200490536137,-0.5925948173788138,3.5511439915138015e-18,0.0,-0.6,0.0,0.0,DEPTH_PROPOSAL_CERTIFIED,1.2128828959352536,0,32,0,0,83,FULL_MOTION_CERTIFICATE,0,0,0,34,0,0,0,0,0,,25.1,-0.6,0,0,-1,0,0,-1,0,0,-0.599013249312,0,0,-0.5989323681066674,0.0,0.0
25.05,-50.882072263223456,-8.317878526725934,1.9600200490536137,-0.5930867253917302,1.1794228091546395e-18,0.0,-0.6,0.0,0.0,DEPTH_PROPOSAL_CERTIFIED,1.210861124684417,0,32,0,0,83,FULL_MOTION_CERTIFICATE,0,0,0,34,0,0,0,0,0,,25.116666666,-0.6,0,0,-1,0,0,-1,0,0,-0.599088003149,0,0,-0.5990880031493104,-2.7755575615628914e-17,0.0
25.066666666666666,-50.891964619350894,-8.317878526725934,1.9600200490536137,-0.5935413676460923,-1.0126225260561112e-18,0.0,-0.6,0.0,0.0,DEPTH_PROPOSAL_CERTIFIED,1.2088378036052,0,32,0,0,83,FULL_MOTION_CERTIFICATE,0,0,0,34,0,0,0,0,0,,25.133333333,-0.6,0,0,-1,0,0,-1,0,0,-0.599157093821,0,0,-0.5990880031493104,-2.7755575615628914e-17,0.0
25.083333333333332,-50.90186406604168,-8.317878526725934,1.9600200490536137,-0.5939668014472368,-9.35908698324592e-19,0.0,-0.6,0.0,0.0,DEPTH_PROPOSAL_CERTIFIED,1.2068130322661956,0,32,0,0,84,FULL_MOTION_CERTIFICATE,0,0,0,34,0,0,0,0,0,,25.15,-0.6,0,0,-1,0,0,-1,0,0,-0.599220950351,0,0,-0.5991570938211992,0.0,0.0
25.1,-50.91177014675886,-8.317878526725934,1.9600200490536137,-0.5943648430308685,-2.96770164660554e-18,0.0,-0.6,0.0,0.0,DEPTH_PROPOSAL_CERTIFIED,1.2047869040446388,0,32,0,0,84,FULL_MOTION_CERTIFICATE,0,0,0,34,0,0,0,0,0,,25.166666666,-0.6,0,0,-1,0,0,-1,0,0,-0.599279969262,0,0,-0.5992209503511733,-2.7755575615628914e-17,0.0
25.116666666666667,-50.92168243344351,-8.317878526725934,1.9600200490536137,-0.5947372010786514,-2.742875764286951e-18,0.0,-0.6,0.0,0.0,DEPTH_PROPOSAL_CERTIFIED,1.2027595064930419,0,32,0,0,84,FULL_MOTION_CERTIFICATE,0,0,0,34,0,0,0,0,0,,25.183333333,-0.6,0,0,-1,0,0,-1,0,0,-0.599334517046,0,0,-0.5992799692616024,0.0,0.0
25.133333333333333,-50.93160058847581,-8.317878526725934,1.9600200490536137,-0.5950893019380129,-4.637777268176386e-18,0.0,-0.6,0.0,0.0,DEPTH_PROPOSAL_CERTIFIED,1.2007309086660656,0,32,0,0,84,FULL_MOTION_CERTIFICATE,0,0,0,34,0,0,0,0,0,,25.2,-0.6,0,0,-1,0,0,-1,0,0,-0.599384932422,0,0,-0.599384932422224,-2.7755575615628914e-17,0.0
25.15,-50.94152416728397,-8.317878526725934,1.9600200490536137,-0.5954147284898471,-6.389125627831781e-18,0.0,-0.6,0.0,0.0,DEPTH_PROPOSAL_CERTIFIED,1.198701201493662,0,32,0,0,84,FULL_MOTION_CERTIFICATE,0,0,0,34,0,0,0,0,0,,25.216666666,-0.6,0,0,-1,0,0,-1,0,0,-0.599431528449,0,0,-0.599384932422224,-2.7755575615628914e-17,0.0
25.166666666666668,-50.95145281780926,-8.317878526725934,1.9600200490536137,-0.5957190315170542,-8.007796081453029e-18,0.0,-0.6,0.0,0.0,DEPTH_PROPOSAL_CERTIFIED,1.1966704569837388,0,32,0,0,84,FULL_MOTION_CERTIFICATE,0,0,0,34,0,0,0,0,0,,25.233333333,-0.6,0,0,-1,0,0,-1,0,0,-0.599474594476,0,0,-0.5994315284489796,-2.7755575615628914e-17,0.0
25.183333333333334,-50.96138626046385,-8.317878526725934,1.9600200490536137,-0.5960065592753064,-9.503839985557178e-18,0.0,-0.6,0.0,0.0,DEPTH_PROPOSAL_CERTIFIED,1.194638732321454,0,32,0,0,84,FULL_MOTION_CERTIFICATE,0,0,0,34,0,0,0,0,0,,25.25,-0.6,0,0,-1,0,0,-1,0,0,-0.599514397926,0,0,-0.5995143979259844,-2.7755575615628914e-17,0.0
25.2,-50.97132413220764,-8.317878526725934,1.9600200490536137,-0.5962723046276305,-1.0886547230259503e-17,0.0,-0.6,0.0,0.0,DEPTH_PROPOSAL_CERTIFIED,1.192606101760772,0,32,0,0,84,FULL_MOTION_CERTIFICATE,0,0,0,34,0,0,0,0,0,,25.266666666,-0.6,0,0,-1,0,0,-1,0,0,-0.59955118596,0,0,-0.5995143979259844,-2.7755575615628914e-17,0.0
25.216666666666665,-50.981266143953114,-8.317878526725934,1.9600200490536137,-0.5965207047285996,-7.95911368132873e-18,0.0,-0.6,0.0,0.0,DEPTH_PROPOSAL_CERTIFIED,1.1905726244298618,0,32,0,0,84,FULL_MOTION_CERTIFICATE,0,0,0,34,0,0,0,0,0,,25.283333333,-0.6,0,0,-1,0,0,-1,0,0,-0.599585187025,0,0,-0.5995511859604232,2.7755575615628914e-17,0.0
25.233333333333334,-50.99121202499442,-8.317878526725934,1.9600200490536137,-0.5967528624783048,-9.458845646048675e-18,0.0,-0.6,0.0,0.0,DEPTH_PROPOSAL_CERTIFIED,1.188538355697214,0,32,0,0,84,FULL_MOTION_CERTIFICATE,0,0,0,34,0,0,0,0,0,,25.3,-0.6,0,0,-1,0,0,-1,0,0,-0.599616612251,0,0,-0.5995851870247074,-2.7755575615628914e-17,0.0
25.25,-51.00116152188139,-8.317878526725934,1.9600200490536137,-0.5969698132186406,-8.742266430438968e-18,0.0,-0.6,0.0,0.0,DEPTH_PROPOSAL_CERTIFIED,1.186503347401952,0,32,0,0,84,FULL_MOTION_CERTIFICATE,0,0,0,34,0,0,0,0,0,,25.316666666,-0.6,0,0,-1,0,0,-1,0,0,-0.599645656776,0,0,-0.5996166122507369,0.0,0.0
25.266666666666666,-51.01111439735872,-8.317878526725934,1.9600200490536137,-0.5971725286396553,-8.079973519042115e-18,0.0,-0.6,0.0,0.0,DEPTH_PROPOSAL_CERTIFIED,1.1844676480708047,0,32,0,0,84,FULL_MOTION_CERTIFICATE,0,0,0,34,0,0,0,0,0,,25.333333333,-0.6,0,0,-1,0,0,-1,0,0,-0.59967250096,0,0,-0.5996456567760344,0.0,0.0
25.283333333333335,-51.02107042936675,-8.317878526725934,1.9600200490536137,-0.5973619204821212,-5.365159190657521e-18,0.0,-0.6,0.0,0.0,DEPTH_PROPOSAL_CERTIFIED,1.1824313031224718,0,32,0,0,84,FULL_MOTION_CERTIFICATE,0,0,0,34,0,0,0,0,0,,25.35,-0.6,0,0,-1,0,0,-1,0,0,-0.599697311494,0,0,-0.5996725009602052,2.7755575615628914e-17,0.0
25.3,-51.031029439054024,-8.317878526725934,1.9600200490536137,-0.5975405812365457,-4.958707736819853e-18,0.0,-0.6,0.0,0.0,DEPTH_PROPOSAL_CERTIFIED,1.180394349138123,0,32,0,0,84,FULL_MOTION_CERTIFICATE,0,0,0,34,0,0,0,0,0,,25.366666666,-0.6,0,0,-1,0,0,-1,0,0,-0.599720242441,0,0,-0.5997202424405246,0.0,0.0
25.316666666666666,-51.04099120083878,-8.317878526725934,1.9600200490536137,-0.597705707085332,-4.5830480597880675e-18,0.0,-0.6,0.0,0.0,DEPTH_PROPOSAL_CERTIFIED,1.1783568322568478,0,32,0,0,84,FULL_MOTION_CERTIFICATE,0,0,0,34,0,0,0,0,0,,25.383333333,-0.6,0,0,-1,0,0,-1,0,0,-0.599741436195,0,0,-0.5997202424405246,0.0,0.0
25.333333333333332,-51.050955532988574,-8.317878526725934,1.9600200490536137,-0.597859928987614,-6.338542571594093e-18,0.0,-0.6,0.0,0.0,DEPTH_PROPOSAL_CERTIFIED,1.1763187896490737,0,32,0,0,84,FULL_MOTION_CERTIFICATE,0,0,0,34,0,0,0,0,0,,25.4,-0.6,0,0,-1,0,0,-1,0,0,-0.599761024363,0,0,-0.5997414361954542,-2.7755575615628914e-17,0.0
25.35,-51.06092228837017,-8.317878526725934,1.9600200490536137,-0.5980053228959059,-5.85834995253386e-18,0.0,-0.6,0.0,0.0,DEPTH_PROPOSAL_CERTIFIED,1.174280251408516,0,32,0,0,84,FULL_MOTION_CERTIFICATE,0,0,0,34,0,0,0,0,0,,25.416666666,-0.6,0,0,-1,0,0,-1,0,0,-0.599779128577,0,0,-0.5997791285770678,0.0,0.0
25.366666666666667,-51.07089128340541,-8.317878526725934,1.9600200490536137,-0.5981397021141758,-5.414535562190411e-18,0.0,-0.6,0.0,0.0,DEPTH_PROPOSAL_CERTIFIED,1.1722412550831152,0,32,0,0,84,FULL_MOTION_CERTIFICATE,0,0,0,34,0,0,0,0,0,,25.433333333,-0.6,0,0,-1,0,0,-1,0,0,-0.599795861261,0,0,-0.5997791285770678,0.0,0.0
25.383333333333333,-51.08086238907727,-8.317878526725934,1.9600200490536137,-0.5982663403113787,-2.9016483517496954e-18,0.0,-0.6,0.0,0.0,DEPTH_PROPOSAL_CERTIFIED,1.1702018270612085,0,32,0,0,84,FULL_MOTION_CERTIFICATE,0,0,0,34,0,0,0,0,0,,25.45,-0.6,0,0,-1,0,0,-1,0,0,-0.599811326317,0,0,-0.5998113263172553,2.7755575615628914e-17,0.0
25.4,-51.09083544548903,-8.317878526725934,1.9600200490536137,-0.5983833847057632,-5.791313845241752e-19,0.0,-0.6,0.0,0.0,DEPTH_PROPOSAL_CERTIFIED,1.1681620000470794,0,32,0,0,84,FULL_MOTION_CERTIFICATE,0,0,0,34,0,0,0,0,0,,25.466666666,-0.6,0,0,-1,0,0,-1,0,0,-0.599825619777,0,0,-0.5998113263172553,2.7755575615628914e-17,0.0
25.416666666666668,-51.10081032290467,-8.317878526725934,1.9600200490536137,-0.5984926449384704,-5.352577947874884e-19,0.0,-0.6,0.0,0.0,DEPTH_PROPOSAL_CERTIFIED,1.1661218005761256,0,32,0,0,84,FULL_MOTION_CERTIFICATE,0,0,0,34,0,0,0,0,0,,25.466666666,-0.6,0,0,-1,0,0,-1,0,0,-0.599825619777,0,0,-0.5998256197774976,0.0,0.0
25.433333333333334,-51.110786915465866,-8.317878526725934,1.9600200490536137,-0.5985955536718479,-4.947079618490446e-19,0.0,-0.6,0.0,0.0,DEPTH_PROPOSAL_CERTIFIED,1.1640812502999556,0,32,0,0,84,FULL_MOTION_CERTIFICATE,0,0,0,34,0,0,0,0,0,,25.5,-0.6,0,0,-1,0,0,-1,0,0,-0.599851040219,0,0,-0.5998510402190532,0.0,0.0
25.45,-51.12076509323735,-8.317878526725934,1.9600200490536137,-0.5986906662890604,-4.572300859513918e-19,0.0,-0.6,0.0,0.0,DEPTH_PROPOSAL_CERTIFIED,1.1620403757947166,0,32,0,0,84,FULL_MOTION_CERTIFICATE,0,0,0,34,0,0,0,0,0,,25.516666666,-0.6,0,0,-1,0,0,-1,0,0,-0.59986232505,0,0,-0.5998510402190532,0.0,0.0
25.466666666666665,-51.13074475037596,-8.317878526725934,1.9600200490536137,-0.5987794283164416,1.6801036793197222e-18,0.0,-0.6,0.0,0.0,DEPTH_PROPOSAL_CERTIFIED,1.1599991987089155,0,32,0,0,84,FULL_MOTION_CERTIFICATE,0,0,0,34,0,0,0,0,0,,25.533333333,-0.6,0,0,-1,0,0,-1,0,0,-0.599872754971,0,0,-0.5998623250504918,2.7755575615628914e-17,0.0
25.483333333333334,-51.140725787977516,-8.317878526725934,1.9600200490536137,-0.598862256093311,1.5528230975530566e-18,0.0,-0.6,0.0,0.0,DEPTH_PROPOSAL_CERTIFIED,1.1579577392717983,0,32,0,0,84,FULL_MOTION_CERTIFICATE,0,0,0,34,0,0,0,0,0,,25.55,-0.6,0,0,-1,0,0,-1,0,0,-0.599882394746,0,0,-0.5998727549711178,0.0,0.0
25.5,-51.15070811363292,-8.317878526725934,1.9600200490536137,-0.5989395393245924,1.4351849841020741e-18,0.0,-0.6,0.0,0.0,DEPTH_PROPOSAL_CERTIFIED,1.1559160163841458,0,32,0,0,84,FULL_MOTION_CERTIFICATE,0,0,0,34,0,0,0,0,0,,25.566666666,-0.6,0,0,-1,0,0,-1,0,0,-0.599891304235,0,0,-0.5998823947462258,0.0,0.0
25.516666666666666,-51.1606916410117,-8.317878526725934,1.9600200490536137,-0.5990116427268802,3.429153971338843e-18,0.0,-0.6,0.0,0.0,DEPTH_PROPOSAL_CERTIFIED,1.1538740477034592,0,32,0,0,84,FULL_MOTION_CERTIFICATE,0,0,0,34,0,0,0,0,0,,25.583333333,-0.6,0,0,-1,0,0,-1,0,0,-0.599899538763,0,0,-0.5998913042347919,2.7755575615628914e-17,0.0
25.533333333333335,-51.17067628947134,-8.317878526725934,1.9600200490536137,-0.5990789075780729,3.1693695795707083e-18,0.0,-0.6,0.0,0.0,DEPTH_PROPOSAL_CERTIFIED,1.1518318497238573,0,32,0,0,84,FULL_MOTION_CERTIFICATE,0,0,0,34,0,0,0,0,0,,25.6,-0.6,0,0,-1,0,0,-1,0,0,-0.599907149463,0,0,-0.5998995387626237,0.0,0.0
25.55,-51.180661983690925,-8.317878526725934,1.9600200490536137,-0.5991416531753838,8.265707011466275e-19,0.0,-0.6,0.0,0.0,DEPTH_PROPOSAL_CERTIFIED,1.149789437851011,0,32,0,0,84,FULL_MOTION_CERTIFICATE,0,0,0,34,0,0,0,0,0,,25.616666666,-0.6,0,0,-1,0,0,-1,0,0,-0.599914183594,0,0,-0.5999071494625772,-2.7755575615628914e-17,0.0
25.566666666666666,-51.190648653327706,-8.317878526725934,1.9600200490536137,-0.599200178207091,7.63951708635523e-19,0.0,-0.6,0.0,0.0,DEPTH_PROPOSAL_CERTIFIED,1.1477468264723896,0,32,0,0,84,FULL_MOTION_CERTIFICATE,0,0,0,34,0,0,0,0,0,,25.633333333,-0.6,0,0,-1,0,0,-1,0,0,-0.599920684837,0,0,-0.5999141835939188,0.0,0.0
25.583333333333332,-51.20063623269508,-8.317878526725934,1.9600200490536137,-0.5992547620426852,7.060765791934412e-19,0.0,-0.6,0.0,0.0,DEPTH_PROPOSAL_CERTIFIED,1.1457751046454345,0,32,0,0,84,FULL_MOTION_CERTIFICATE,0,0,0,34,0,0,0,0,0,,25.65,-0.6,0,0,-1,0,0,-1,0,0,-0.599926693562,0,0,-0.5999206848369338,0.0,0.0
25.6,-51.210624667472864,-8.317878526725934,1.9600200490536137,-0.5993060866666767,6.525859292545357e-19,0.0,-0.6,0.0,0.0,DEPTH_PROPOSAL_CERTIFIED,1.144847972750225,0,32,0,0,84,FULL_MOTION_CERTIFICATE,0,0,0,34,0,0,0,0,0,,25.666666666,-0.6,0,0,-1,0,0,-1,0,0,-0.599932247079,0,0,-0.5999322470793725,0.0,0.0
25.616666666666667,-51.22061389285722,-8.317878526725934,1.9600200490536137,-0.599353523061578,6.0314760128071e-19,0.0,-0.6,0.0,0.0,DEPTH_PROPOSAL_CERTIFIED,1.1439207674704868,0,32,0,0,84,FULL_MOTION_CERTIFICATE,0,0,0,34,0,0,0,0,0,,25.666666666,-0.6,0,0,-1,0,0,-1,0,0,-0.599932247079,0,0,-0.5999322470793725,0.0,0.0
25.633333333333333,-51.23060386142436,-8.317878526725934,1.9600200490536137,-0.5993981140285295,5.574546011836892e-19,0.0,-0.6,0.0,0.0,DEPTH_PROPOSAL_CERTIFIED,1.1429934932081225,0,32,0,0,84,FULL_MOTION_CERTIFICATE,0,0,0,34,0,0,0,0,0,,25.7,-0.6,0,0,-1,0,0,-1,0,0,-0.599942123825,0,0,-0.599942123825338,0.0,0.0
25.65,-51.24059451687256,-8.317878526725934,1.9600200490536137,-0.599439326891924,5.152231920031091e-19,0.0,-0.6,0.0,0.0,DEPTH_PROPOSAL_CERTIFIED,1.1420661551890894,0,32,0,0,84,FULL_MOTION_CERTIFICATE,0,0,0,34,0,0,0,0,0,,25.716666666,-0.6,0,0,-1,0,0,-1,0,0,-0.599946508384,0,0,-0.599942123825338,0.0,0.0
25.666666666666668,-51.25058581270143,-8.317878526725934,1.9600200490536137,-0.5994777497322213,4.761911320028674e-19,0.0,-0.6,0.0,0.0,DEPTH_PROPOSAL_CERTIFIED,1.1411387577295764,0,32,0,0,84,FULL_MOTION_CERTIFICATE,0,0,0,34,0,0,0,0,0,,25.733333333,-0.6,0,0,-1,0,0,-1,0,0,-0.599950560779,0,0,-0.5999465083838491,0.0,0.0
25.683333333333334,-51.26057771024298,-8.317878526725934,1.9600200490536137,-0.5995138524930145,4.401160462450765e-19,0.0,-0.6,0.0,0.0,DEPTH_PROPOSAL_CERTIFIED,1.1402113044187698,0,32,0,0,84,FULL_MOTION_CERTIFICATE,0,0,0,34,0,0,0,0,0,,25.75,-0.6,0,0,-1,0,0,-1,0,0,-0.599954306175,0,0,-0.5999543061746913,0.0,0.0
25.7,-51.270570163912915,-8.317878526725934,1.9600200490536137,-0.5995472201961718,4.0677392152954226e-19,0.0,-0.6,0.0,0.0,DEPTH_PROPOSAL_CERTIFIED,1.1392837994878255,0,32,0,0,84,FULL_MOTION_CERTIFICATE,0,0,0,34,0,0,0,0,0,,25.766666666,-0.6,0,0,-1,0,0,-1,0,0,-0.599957767828,0,0,-0.5999543061746913,0.0,0.0
25.716666666666665,-51.28056313595107,-8.317878526725934,1.9600200490536137,-0.599578322289491,3.7595771535306354e-19,0.0,-0.6,0.0,0.0,DEPTH_PROPOSAL_CERTIFIED,1.1383562464416648,0,32,0,0,84,FULL_MOTION_CERTIFICATE,0,0,0,34,0,0,0,0,0,,25.783333333,-0.6,0,0,-1,0,0,-1,0,0,-0.599960967235,0,0,-0.5999577678279853,0.0,0.0
25.733333333333334,-51.29055659112679,-8.317878526725934,1.9600200490536137,-0.5996073105429403,-1.755219052145904e-18,0.0,-0.6,0.0,0.0,DEPTH_PROPOSAL_CERTIFIED,1.1374286485504146,0,32,0,0,84,FULL_MOTION_CERTIFICATE,0,0,0,34,0,0,0,0,0,,25.8,-0.6,0,0,-1,0,0,-1,0,0,-0.599963924263,0,0,-0.59996096723502,-2.7755575615628914e-17,0.0
25.75,-51.30055049657235,-8.317878526725934,1.9600200490536137,-0.5996343267338333,-3.724943034227838e-18,0.0,-0.6,0.0,0.0,DEPTH_PROPOSAL_CERTIFIED,1.1365010088648753,0,32,0,0,84,FULL_MOTION_CERTIFICATE,0,0,0,34,0,0,0,0,0,,25.816666666,-0.6,0,0,-1,0,0,-1,0,0,-0.599966657273,0,0,-0.5999639242627293,-2.7755575615628914e-17,0.0
25.766666666666666,-51.310544821627175,-8.317878526725934,1.9600200490536137,-0.5996595032898323,-1.3400552577236737e-18,0.0,-0.6,0.0,0.0,DEPTH_PROPOSAL_CERTIFIED,1.1355733302309778,0,32,0,0,84,FULL_MOTION_CERTIFICATE,0,0,0,34,0,0,0,0,0,,25.833333333,-0.6,0,0,-1,0,0,-1,0,0,-0.599969183237,0,0,-0.5999666572730192,2.7755575615628914e-17,0.0
25.783333333333335,-51.32053953769204,-8.317878526725934,1.9600200490536137,-0.5996829638919082,-1.238535920017319e-18,0.0,-0.6,0.0,0.0,DEPTH_PROPOSAL_CERTIFIED,1.1346456153033189,0,32,0,0,84,FULL_MOTION_CERTIFICATE,0,0,0,34,0,0,0,0,0,,25.85,-0.6,0,0,-1,0,0,-1,0,0,-0.599971517841,0,0,-0.5999691832372348,0.0,0.0
25.8,-51.33053462081712,-8.317878526725934,1.9600200490536137,-0.5997049875046265,-3.247402563624144e-18,0.0,-0.6,0.0,0.0,DEPTH_PROPOSAL_CERTIFIED,1.1337178663049323,0,32,0,0,84,FULL_MOTION_CERTIFICATE,0,0,0,35,0,0,0,0,0,,25.866666666,-0.6,0,0,-1,0,0,-1,0,0,-0.59997367558,0,0,-0.5999736755797894,-2.7755575615628914e-17,0.0
25.816666666666666,-51.34053004319482,-8.317878526725934,1.9600200490536137,-0.5997253426618359,-5.1040823402910666e-18,0.0,-0.6,0.0,0.0,DEPTH_PROPOSAL_CERTIFIED,1.132790085816935,0,32,0,0,85,FULL_MOTION_CERTIFICATE,0,0,0,35,0,0,0,0,0,,25.883333333,-0.6,0,0,-1,0,0,-1,0,0,-0.599975669854,0,0,-0.5999736755797894,-2.7755575615628914e-17,0.0
25.833333333333332,-51.350525781642204,-8.317878526725934,1.9600200490536137,-0.599744306843067,-2.6147143133275733e-18,0.0,-0.6,0.0,0.0,DEPTH_PROPOSAL_CERTIFIED,1.1318622759911796,0,32,0,0,85,FULL_MOTION_CERTIFICATE,0,0,0,35,0,0,0,0,0,,25.9,-0.6,0,0,-1,0,0,-1,0,0,-0.599977513047,0,0,-0.5999756698540877,2.7755575615628914e-17,0.0
25.85,-51.360521816692824,-8.317878526725934,1.9600200490536137,-0.5997621030370751,-3.1393477325475273e-19,0.0,-0.6,0.0,0.0,DEPTH_PROPOSAL_CERTIFIED,1.1309344386345521,0,32,0,0,85,FULL_MOTION_CERTIFICATE,0,0,0,35,0,0,0,0,0,,25.916666666,-0.6,0,0,-1,0,0,-1,0,0,-0.599979216604,0,0,-0.5999792166039744,2.7755575615628914e-17,0.0
25.866666666666667,-51.370518125876735,-8.317878526725934,1.9600200490536137,-0.5997785510345675,1.8125432865090407e-18,0.0,-0.6,0.0,0.0,DEPTH_PROPOSAL_CERTIFIED,1.1300065758327245,0,32,0,0,85,FULL_MOTION_CERTIFICATE,0,0,0,35,0,0,0,0,0,,25.933333333,-0.6,0,0,-1,0,0,-1,0,0,-0.599980791104,0,0,-0.5999792166039744,2.7755575615628914e-17,0.0
25.883333333333333,-51.380514692251666,-8.317878526725934,1.9600200490536137,-0.5997939824958237,1.6752294011674544e-18,0.0,-0.6,0.0,0.0,DEPTH_PROPOSAL_CERTIFIED,1.1290786891582887,0,32,0,0,85,FULL_MOTION_CERTIFICATE,0,0,0,35,0,0,0,0,0,,25.95,-0.6,0,0,-1,0,0,-1,0,0,-0.599982246323,0,0,-0.5999822463231501,0.0,0.0
25.9,-51.390511496333446,-8.317878526725934,1.9600200490536137,-0.5998082449069848,1.5483180828972e-18,0.0,-0.6,0.0,0.0,DEPTH_PROPOSAL_CERTIFIED,1.1281507804197741,0,32,0,0,86,FULL_MOTION_CERTIFICATE,0,0,0,35,0,0,0,0,0,,25.966666666,-0.6,0,0,-1,0,0,-1,0,0,-0.599983591299,0,0,-0.5999822463231501,0.0,0.0
25.916666666666668,-51.40050852181219,-8.317878526725934,1.9600200490536137,-0.5998215287245325,1.4310212584352725e-18,0.0,-0.6,0.0,0.0,DEPTH_PROPOSAL_CERTIFIED,1.1272228511310745,0,32,0,0,87,FULL_MOTION_CERTIFICATE,0,0,0,35,0,0,0,0,0,,25.983333333,-0.6,0,0,-1,0,0,-1,0,0,-0.599984834382,0,0,-0.5999835912986151,0.0,0.0
25.933333333333334,-51.41050575493559,-8.317878526725934,1.9600200490536137,-0.5998339874039278,3.4253056794346776e-18,0.0,-0.6,0.0,0.0,DEPTH_PROPOSAL_CERTIFIED,1.126294902568686,0,32,0,0,87,FULL_MOTION_CERTIFICATE,0,0,0,35,0,0,0,0,0,,26,-0.6,0,0,-1,0,0,-1,0,0,-0.599985983293,0,0,-0.5999859832925499,2.7755575615628914e-17,0.0
25.95,-51.42050317997299,-8.317878526725934,1.9600200490536137,-0.5998455022439749,5.268507947328076e-18,0.0,-0.6,0.0,0.0,DEPTH_PROPOSAL_CERTIFIED,1.1253669361927376,0,32,0,0,87,FULL_MOTION_CERTIFICATE,0,0,0,35,0,0,0,0,0,,26.016666666,-0.6,0,0,-1,0,0,-1,0,0,-0.599987045164,0,0,-0.5999859832925499,2.7755575615628914e-17,0.0
25.966666666666665,-51.430500783726195,-8.317878526725934,1.9600200490536137,-0.5998562251924832,4.869378557379002e-18,0.0,-0.6,0.0,0.0,DEPTH_PROPOSAL_CERTIFIED,1.1244389532282906,0,32,0,0,87,FULL_MOTION_CERTIFICATE,0,0,0,35,0,0,0,0,0,,26.033333333,-0.6,0,0,-1,0,0,-1,0,0,-0.599988026591,0,0,-0.5999870451642839,0.0,0.0
25.983333333333334,-51.44049855389531,-8.317878526725934,1.9600200490536137,-0.5998662101469353,2.3977911200295315e-18,0.0,-0.6,0.0,0.0,DEPTH_PROPOSAL_CERTIFIED,1.1235109548170303,0,32,0,0,87,FULL_MOTION_CERTIFICATE,0,0,0,35,0,0,0,0,0,,26.05,-0.6,0,0,-1,0,0,-1,0,0,-0.599988933668,0,0,-0.5999880265912517,-2.7755575615628914e-17,0.0
26.0,-51.450162990731094,-8.317878526725934,1.9600200490536137,-0.5798662101469364,2.3178469231579635e-18,0.0,0.0,0.0,0.0,DEPTH_PROPOSAL_CERTIFIED,1.1226138965852812,0,32,0,0,87,FULL_MOTION_CERTIFICATE,0,0,0,35,0,0,0,0,0,,26.066666666,-0.6,0,0,-1,0,0,-1,0,0,-0.599989772026,0,0,0.0,0.0,0.0
26.016666666666666,-51.45949409423354,-8.317878526725934,1.9600200490536137,-0.5598662101469375,2.2379027262863956e-18,0.0,0.0,0.0,0.0,ZERO_INTENT,1.121747778533045,0,32,0,0,87,FULL_MOTION_CERTIFICATE,0,0,0,35,0,0,0,0,0,,26.066666666,-0.6,0,0,-1,0,0,-1,0,0,-0.599989772026,0,0,0.0,0.0,0.0
26.033333333333335,-51.46849186440266,-8.317878526725934,1.9600200490536137,-0.5398662101469344,2.1579585294148107e-18,0.0,0.0,0.0,0.0,ZERO_INTENT,1.1209126006603203,0,32,0,0,87,FULL_MOTION_CERTIFICATE,0,0,0,35,0,0,0,0,0,,26.066666666,-0.6,0,0,-1,0,0,-1,0,0,-0.599989772026,0,0,0.0,0.0,0.0
26.05,-51.47715630123844,-8.317878526725934,1.9600200490536137,-0.5198662101469355,2.0780143325432428e-18,0.0,0.0,0.0,0.0,ZERO_INTENT,1.1201083629671087,0,32,0,0,87,FULL_MOTION_CERTIFICATE,0,0,0,35,0,0,0,0,0,,26.066666666,-0.6,0,0,-1,0,0,-1,0,0,-0.599989772026,0,0,0.0,0.0,0.0
26.066666666666666,-51.48548740474089,-8.317878526725934,1.9600200490536137,-0.4998662101469366,1.998070135671675e-18,0.0,0.0,0.0,0.0,ZERO_INTENT,1.1193350654534082,0,32,0,0,87,FULL_MOTION_CERTIFICATE,0,0,0,35,0,0,0,0,0,,26.066666666,-0.6,0,0,-1,0,0,-1,0,0,-0.599989772026,0,0,0.0,0.0,0.0
26.083333333333332,-51.49348517491,-8.317878526725934,1.9600200490536137,-0.47986621014693775,1.918125938800107e-18,0.0,0.0,0.0,0.0,ZERO_INTENT,1.1185927081192206,0,32,0,0,87,FULL_MOTION_CERTIFICATE,0,0,0,35,0,0,0,0,0,,26.066666666,-0.6,0,0,-1,0,0,-1,0,0,-0.599989772026,0,0,0.0,0.0,0.0
26.1,-51.50114961174578,-8.317878526725934,1.9600200490536137,-0.45986621014693463,1.838181741928522e-18,0.0,0.0,0.0,0.0,ZERO_INTENT,1.1178812909645448,0,32,0,0,87,FULL_MOTION_CERTIFICATE,0,0,0,35,0,0,0,0,0,,26.066666666,-0.6,0,0,-1,0,0,-1,0,0,-0.599989772026,0,0,0.0,0.0,0.0
26.116666666666667,-51.50848071524823,-8.317878526725934,1.9600200490536137,-0.4398662101469358,1.758237545056954e-18,0.0,0.0,0.0,0.0,ZERO_INTENT,1.117200813989381,0,32,0,0,87,FULL_MOTION_CERTIFICATE,0,0,0,35,0,0,0,0,0,,26.066666666,-0.6,0,0,-1,0,0,-1,0,0,-0.599989772026,0,0,0.0,0.0,0.0
26.133333333333333,-51.51547848541735,-8.317878526725934,1.9600200490536137,-0.4198662101469369,1.6782933481853861e-18,0.0,0.0,0.0,0.0,ZERO_INTENT,1.1165512771937298,0,32,0,0,87,FULL_MOTION_CERTIFICATE,0,0,0,35,0,0,0,0,0,,26.066666666,-0.6,0,0,-1,0,0,-1,0,0,-0.599989772026,0,0,0.0,0.0,0.0
26.15,-51.52214292225313,-8.317878526725934,1.9600200490536137,-0.3998662101469381,1.5983491513138182e-18,0.0,0.0,0.0,0.0,ZERO_INTENT,1.1159326805775902,0,32,0,0,87,FULL_MOTION_CERTIFICATE,0,0,0,35,0,0,0,0,0,,26.066666666,-0.6,0,0,-1,0,0,-1,0,0,-0.599989772026,0,0,0.0,0.0,0.0
26.166666666666668,-51.52847402575558,-8.317878526725934,1.9600200490536137,-0.37986621014693495,1.5184049544422333e-18,0.0,0.0,0.0,0.0,ZERO_INTENT,1.1153450241409626,0,32,0,0,87,FULL_MOTION_CERTIFICATE,0,0,0,35,0,0,0,0,0,,26.066666666,-0.6,0,0,-1,0,0,-1,0,0,-0.599989772026,0,0,0.0,0.0,0.0
26.183333333333334,-51.534471795924695,-8.317878526725934,1.9600200490536137,-0.3598662101469361,1.4384607575706654e-18,0.0,0.0,0.0,0.0,ZERO_INTENT,1.114788307883848,0,32,0,0,87,FULL_MOTION_CERTIFICATE,0,0,0,35,0,0,0,0,0,,26.066666666,-0.6,0,0,-1,0,0,-1,0,0,-0.599989772026,0,0,0.0,0.0,0.0
26.2,-51.540136232760474,-8.317878526725934,1.9600200490536137,-0.33986621014693724,1.3585165606990974e-18,0.0,0.0,0.0,0.0,ZERO_INTENT,1.1142625318062451,0,32,0,0,87,FULL_MOTION_CERTIFICATE,0,0,0,35,0,0,0,0,0,,26.066666666,-0.6,0,0,-1,0,0,-1,0,0,-0.599989772026,0,0,0.0,0.0,0.0
26.216666666666665,-51.545467336262924,-8.317878526725934,1.9600200490536137,-0.3198662101469384,1.2785723638275295e-18,0.0,0.0,0.0,0.0,ZERO_INTENT,1.1137676959081544,0,32,0,0,87,FULL_MOTION_CERTIFICATE,0,0,0,35,0,0,0,0,0,,26.066666666,-0.6,0,0,-1,0,0,-1,0,0,-0.599989772026,0,0,0.0,0.0,0.0
26.233333333333334,-51.55046510643204,-8.317878526725934,1.9600200490536137,-0.29986621014693526,1.1986281669559446e-18,0.0,0.0,0.0,0.0,ZERO_INTENT,1.1133038001895752,0,32,0,0,87,FULL_MOTION_CERTIFICATE,0,0,0,35,0,0,0,0,0,,26.066666666,-0.6,0,0,-1,0,0,-1,0,0,-0.599989772026,0,0,0.0,0.0,0.0
26.25,-51.555129543267824,-8.317878526725934,1.9600200490536137,-0.2798662101469364,1.1186839700843767e-18,0.0,0.0,0.0,0.0,ZERO_INTENT,1.112870844650509,0,32,0,0,87,FULL_MOTION_CERTIFICATE,0,0,0,35,0,0,0,0,0,,26.066666666,-0.6,0,0,-1,0,0,-1,0,0,-0.599989772026,0,0,0.0,0.0,0.0
26.266666666666666,-51.559460646770276,-8.317878526725934,1.9600200490536137,-0.25986621014693756,1.0387397732128087e-18,0.0,0.0,0.0,0.0,ZERO_INTENT,1.1124688292909546,0,32,0,0,87,FULL_MOTION_CERTIFICATE,0,0,0,35,0,0,0,0,0,,26.066666666,-0.6,0,0,-1,0,0,-1,0,0,-0.599989772026,0,0,0.0,0.0,0.0
26.283333333333335,-51.56345841693939,-8.317878526725934,1.9600200490536137,-0.23986621014693443,9.587955763412238e-19,0.0,0.0,0.0,0.0,ZERO_INTENT,1.1120977541109125,0,32,0,0,87,FULL_MOTION_CERTIFICATE,0,0,0,35,0,0,0,0,0,,26.066666666,-0.6,0,0,-1,0,0,-1,0,0,-0.599989772026,0,0,0.0,0.0,0.0
26.3,-51.567122853775174,-8.317878526725934,1.9600200490536137,-0.21986621014693558,8.78851379469656e-19,0.0,0.0,0.0,0.0,ZERO_INTENT,1.1117576191103822,0,32,0,0,87,FULL_MOTION_CERTIFICATE,0,0,0,35,0,0,0,0,0,,26.066666666,-0.6,0,0,-1,0,0,-1,0,0,-0.599989772026,0,0,0.0,0.0,0.0
26.316666666666666,-51.57045395727762,-8.317878526725934,1.9600200490536137,-0.19986621014693673,7.989071825980882e-19,0.0,0.0,0.0,0.0,ZERO_INTENT,1.1114484242893643,0,32,0,0,87,FULL_MOTION_CERTIFICATE,0,0,0,35,0,0,0,0,0,,26.066666666,-0.6,0,0,-1,0,0,-1,0,0,-0.599989772026,0,0,0.0,0.0,0.0
26.333333333333332,-51.57345172744674,-8.317878526725934,1.9600200490536137,-0.17986621014693788,7.189629857265204e-19,0.0,0.0,0.0,0.0,ZERO_INTENT,1.1111701696478582,0,32,0,0,87,FULL_MOTION_CERTIFICATE,0,0,0,35,0,0,0,0,0,,26.066666666,-0.6,0,0,-1,0,0,-1,0,0,-0.599989772026,0,0,0.0,0.0,0.0
26.35,-51.57611616428252,-8.317878526725934,1.9600200490536137,-0.15986621014693475,6.390187888549355e-19,0.0,0.0,0.0,0.0,ZERO_INTENT,1.110922855185865,0,32,0,0,87,FULL_MOTION_CERTIFICATE,0,0,0,35,0,0,0,0,0,,26.066666666,-0.6,0,0,-1,0,0,-1,0,0,-0.599989772026,0,0,0.0,0.0,0.0
26.366666666666667,-51.578447267784966,-8.317878526725934,1.9600200490536137,-0.1398662101469359,5.590745919833677e-19,0.0,0.0,0.0,0.0,ZERO_INTENT,1.1107064809033838,0,32,0,0,87,FULL_MOTION_CERTIFICATE,0,0,0,35,0,0,0,0,0,,26.066666666,-0.6,0,0,-1,0,0,-1,0,0,-0.599989772026,0,0,0.0,0.0,0.0
26.383333333333333,-51.580445037954085,-8.317878526725934,1.9600200490536137,-0.11986621014693703,4.791303951117998e-19,0.0,0.0,0.0,0.0,ZERO_INTENT,1.110521046800414,0,32,0,0,87,FULL_MOTION_CERTIFICATE,0,0,0,35,0,0,0,0,0,,26.066666666,-0.6,0,0,-1,0,0,-1,0,0,-0.599989772026,0,0,0.0,0.0,0.0
26.4,-51.58210947478987,-8.317878526725934,1.9600200490536137,-0.09986621014693817,3.9918619824023204e-19,0.0,0.0,0.0,0.0,ZERO_INTENT,1.1103665528769566,0,32,0,0,87,FULL_MOTION_CERTIFICATE,0,0,0,35,0,0,0,0,0,,26.066666666,-0.6,0,0,-1,0,0,-1,0,0,-0.599989772026,0,0,0.0,0.0,0.0
26.416666666666668,-51.58344057829232,-8.317878526725934,1.9600200490536137,-0.07986621014693504,3.192420013686472e-19,0.0,0.0,0.0,0.0,ZERO_INTENT,1.1102429991330112,0,32,0,0,87,FULL_MOTION_CERTIFICATE,0,0,0,35,0,0,0,0,0,,26.066666666,-0.6,0,0,-1,0,0,-1,0,0,-0.599989772026,0,0,0.0,0.0,0.0
26.433333333333334,-51.58443834846143,-8.317878526725934,1.9600200490536137,-0.05986621014693618,2.392978044970794e-19,0.0,0.0,0.0,0.0,ZERO_INTENT,1.1101503855685786,0,32,0,0,87,FULL_MOTION_CERTIFICATE,0,0,0,35,0,0,0,0,0,,26.066666666,-0.6,0,0,-1,0,0,-1,0,0,-0.599989772026,0,0,0.0,0.0,0.0
26.45,-51.58510278529722,-8.317878526725934,1.9600200490536137,-0.03986621014693732,1.5935360762551161e-19,0.0,0.0,0.0,0.0,ZERO_INTENT,1.1100887121836578,0,32,0,0,87,FULL_MOTION_CERTIFICATE,0,0,0,35,0,0,0,0,0,,26.066666666,-0.6,0,0,-1,0,0,-1,0,0,-0.599989772026,0,0,0.0,0.0,0.0
26.466666666666665,-51.58543388879966,-8.317878526725934,1.9600200490536137,-0.019866210146938457,7.940941075394381e-20,0.0,0.0,0.0,0.0,ZERO_INTENT,1.1100579789782494,0,32,0,0,87,FULL_MOTION_CERTIFICATE,0,0,0,35,0,0,0,0,0,,26.066666666,-0.6,0,0,-1,0,0,-1,0,0,-0.599989772026,0,0,0.0,0.0,0.0
26.483333333333334,-51.58543388879966,-8.317878526725934,1.9600200490536137,0.0,0.0,0.0,0.0,0.0,0.0,ZERO_INTENT,1.1100579789782494,0,32,0,0,87,FULL_MOTION_CERTIFICATE,0,0,0,35,0,0,0,0,0,,26.066666666,-0.6,0,0,-1,0,0,-1,0,0,-0.599989772026,0,0,0.0,0.0,0.0
26.5,-51.58543388879966,-8.317878526725934,1.9600200490536137,0.0,0.0,0.0,0.0,0.0,0.0,ZERO_INTENT,1.1100579789782494,0,32,0,0,87,FULL_MOTION_CERTIFICATE,0,0,0,35,0,0,0,0,0,,26.066666666,-0.6,0,0,-1,0,0,-1,0,0,-0.599989772026,0,0,0.0,0.0,0.0
26.516666666666666,-51.58543388879966,-8.317878526725934,1.9600200490536137,0.0,0.0,0.0,0.0,0.0,0.0,ZERO_INTENT,1.1100579789782494,0,32,0,0,87,FULL_MOTION_CERTIFICATE,0,0,0,35,0,0,0,0,0,,26.066666666,-0.6,0,0,-1,0,0,-1,0,0,-0.599989772026,0,0,0.0,0.0,0.0
26.533333333333335,-51.58543388879966,-8.317878526725934,1.9600200490536137,0.0,0.0,0.0,0.0,0.0,0.0,ZERO_INTENT,1.1100579789782494,0,32,0,0,87,FULL_MOTION_CERTIFICATE,0,0,0,35,0,0,0,0,0,,26.066666666,-0.6,0,0,-1,0,0,-1,0,0,-0.599989772026,0,0,0.0,0.0,0.0
26.55,-51.58543388879966,-8.317878526725934,1.9600200490536137,0.0,0.0,0.0,0.0,0.0,0.0,ZERO_INTENT,1.1100579789782494,0,32,0,0,87,FULL_MOTION_CERTIFICATE,0,0,0,35,0,0,0,0,0,,26.066666666,-0.6,0,0,-1,0,0,-1,0,0,-0.599989772026,0,0,0.0,0.0,0.0
26.566666666666666,-51.58543388879966,-8.317878526725934,1.9600200490536137,0.0,0.0,0.0,0.0,0.0,0.0,ZERO_INTENT,1.1100579789782494,0,32,0,0,87,FULL_MOTION_CERTIFICATE,0,0,0,35,0,0,0,0,0,,26.066666666,-0.6,0,0,-1,0,0,-1,0,0,-0.599989772026,0,0,0.0,0.0,0.0
26.583333333333332,-51.58543388879966,-8.317878526725934,1.9600200490536137,0.0,0.0,0.0,0.0,0.0,0.0,ZERO_INTENT,1.1100579789782494,0,32,0,0,87,FULL_MOTION_CERTIFICATE,0,0,0,35,0,0,0,0,0,,26.066666666,-0.6,0,0,-1,0,0,-1,0,0,-0.599989772026,0,0,0.0,0.0,0.0
26.6,-51.58543388879966,-8.317878526725934,1.9600200490536137,0.0,0.0,0.0,0.0,0.0,0.0,ZERO_INTENT,1.1100579789782494,0,32,0,0,87,FULL_MOTION_CERTIFICATE,0,0,0,35,0,0,0,0,0,,26.066666666,-0.6,0,0,-1,0,0,-1,0,0,-0.599989772026,0,0,0.0,0.0,0.0
26.616666666666667,-51.58543388879966,-8.317878526725934,1.9600200490536137,0.0,0.0,0.0,0.0,0.0,0.0,ZERO_INTENT,1.1100579789782494,0,32,0,0,87,FULL_MOTION_CERTIFICATE,0,0,0,35,0,0,0,0,0,,26.066666666,-0.6,0,0,-1,0,0,-1,0,0,-0.599989772026,0,0,0.0,0.0,0.0
26.633333333333333,-51.58543388879966,-8.317878526725934,1.9600200490536137,0.0,0.0,0.0,0.0,0.0,0.0,ZERO_INTENT,1.1100579789782494,0,32,0,0,87,FULL_MOTION_CERTIFICATE,0,0,0,35,0,0,0,0,0,,26.066666666,-0.6,0,0,-1,0,0,-1,0,0,-0.599989772026,0,0,0.0,0.0,0.0
26.65,-51.58543388879966,-8.317878526725934,1.9600200490536137,0.0,0.0,0.0,0.0,0.0,0.0,ZERO_INTENT,1.1100579789782494,0,32,0,0,87,FULL_MOTION_CERTIFICATE,0,0,0,35,0,0,0,0,0,,26.066666666,-0.6,0,0,-1,0,0,-1,0,0,-0.599989772026,0,0,0.0,0.0,0.0
26.666666666666668,-51.58543388879966,-8.317878526725934,1.9600200490536137,0.0,0.0,0.0,0.0,0.0,0.0,ZERO_INTENT,1.1100579789782494,0,32,0,0,87,FULL_MOTION_CERTIFICATE,0,0,0,35,0,0,0,0,0,,26.066666666,-0.6,0,0,-1,0,0,-1,0,0,-0.599989772026,0,0,0.0,0.0,0.0
26.683333333333334,-51.58543388879966,-8.317878526725934,1.9600200490536137,0.0,0.0,0.0,0.0,0.0,0.0,ZERO_INTENT,1.1100579789782494,0,32,0,0,87,FULL_MOTION_CERTIFICATE,0,0,0,35,0,0,0,0,0,,26.066666666,-0.6,0,0,-1,0,0,-1,0,0,-0.599989772026,0,0,0.0,0.0,0.0
26.7,-51.58543388879966,-8.317878526725934,1.9600200490536137,0.0,0.0,0.0,0.0,0.0,0.0,ZERO_INTENT,1.1100579789782494,0,32,0,0,87,FULL_MOTION_CERTIFICATE,0,0,0,35,0,0,0,0,0,,26.066666666,-0.6,0,0,-1,0,0,-1,0,0,-0.599989772026,0,0,0.0,0.0,0.0
26.716666666666665,-51.58543388879966,-8.317878526725934,1.9600200490536137,0.0,0.0,0.0,0.0,0.0,0.0,ZERO_INTENT,1.1100579789782494,0,32,0,0,87,FULL_MOTION_CERTIFICATE,0,0,0,35,0,0,0,0,0,,26.066666666,-0.6,0,0,-1,0,0,-1,0,0,-0.599989772026,0,0,0.0,0.0,0.0
26.733333333333334,-51.58543388879966,-8.317878526725934,1.9600200490536137,0.0,0.0,0.0,0.0,0.0,0.0,ZERO_INTENT,1.1100579789782494,0,32,0,0,87,FULL_MOTION_CERTIFICATE,0,0,0,35,0,0,0,0,0,,26.066666666,-0.6,0,0,-1,0,0,-1,0,0,-0.599989772026,0,0,0.0,0.0,0.0
26.75,-51.58543388879966,-8.317878526725934,1.9600200490536137,0.0,0.0,0.0,0.0,0.0,0.0,ZERO_INTENT,1.1100579789782494,0,32,0,0,87,FULL_MOTION_CERTIFICATE,0,0,0,35,0,0,0,0,0,,26.066666666,-0.6,0,0,-1,0,0,-1,0,0,-0.599989772026,0,0,0.0,0.0,0.0
26.766666666666666,-51.58543388879966,-8.317878526725934,1.9600200490536137,0.0,0.0,0.0,0.0,0.0,0.0,ZERO_INTENT,1.1100579789782494,0,32,0,0,87,FULL_MOTION_CERTIFICATE,0,0,0,35,0,0,0,0,0,,26.066666666,-0.6,0,0,-1,0,0,-1,0,0,-0.599989772026,0,0,0.0,0.0,0.0
26.783333333333335,-51.58543388879966,-8.317878526725934,1.9600200490536137,0.0,0.0,0.0,0.0,0.0,0.0,ZERO_INTENT,1.1100579789782494,0,32,0,0,87,FULL_MOTION_CERTIFICATE,0,0,0,35,0,0,0,0,0,,26.066666666,-0.6,0,0,-1,0,0,-1,0,0,-0.599989772026,0,0,0.0,0.0,0.0
26.8,-51.58543388879966,-8.317878526725934,1.9600200490536137,0.0,0.0,0.0,0.0,0.0,0.0,ZERO_INTENT,1.1100579789782494,0,32,0,0,87,FULL_MOTION_CERTIFICATE,0,0,0,35,0,0,0,0,0,,26.066666666,-0.6,0,0,-1,0,0,-1,0,0,-0.599989772026,0,0,0.0,0.0,0.0
26.816666666666666,-51.58543388879966,-8.317878526725934,1.9600200490536137,0.0,0.0,0.0,0.0,0.0,0.0,ZERO_INTENT,1.1100579789782494,0,32,0,0,87,FULL_MOTION_CERTIFICATE,0,0,0,35,0,0,0,0,0,,26.066666666,-0.6,0,0,-1,0,0,-1,0,0,-0.599989772026,0,0,0.0,0.0,0.0
26.833333333333332,-51.58543388879966,-8.317878526725934,1.9600200490536137,0.0,0.0,0.0,0.0,0.0,0.0,ZERO_INTENT,1.1100579789782494,0,32,0,0,87,FULL_MOTION_CERTIFICATE,0,0,0,35,0,0,0,0,0,,26.066666666,-0.6,0,0,-1,0,0,-1,0,0,-0.599989772026,0,0,0.0,0.0,0.0
26.85,-51.58543388879966,-8.317878526725934,1.9600200490536137,0.0,0.0,0.0,0.0,0.0,0.0,ZERO_INTENT,1.1100579789782494,0,32,0,0,87,FULL_MOTION_CERTIFICATE,0,0,0,35,0,0,0,0,0,,26.066666666,-0.6,0,0,-1,0,0,-1,0,0,-0.599989772026,0,0,0.0,0.0,0.0
26.866666666666667,-51.58543388879966,-8.317878526725934,1.9600200490536137,0.0,0.0,0.0,0.0,0.0,0.0,ZERO_INTENT,1.1100579789782494,0,32,0,0,87,FULL_MOTION_CERTIFICATE,0,0,0,35,0,0,0,0,0,,26.066666666,-0.6,0,0,-1,0,0,-1,0,0,-0.599989772026,0,0,0.0,0.0,0.0
26.883333333333333,-51.58543388879966,-8.317878526725934,1.9600200490536137,0.0,0.0,0.0,0.0,0.0,0.0,ZERO_INTENT,1.1100579789782494,0,32,0,0,87,FULL_MOTION_CERTIFICATE,0,0,0,35,0,0,0,0,0,,26.066666666,-0.6,0,0,-1,0,0,-1,0,0,-0.599989772026,0,0,0.0,0.0,0.0
26.9,-51.58543388879966,-8.317878526725934,1.9600200490536137,0.0,0.0,0.0,0.0,0.0,0.0,ZERO_INTENT,1.1100579789782494,0,32,0,0,87,FULL_MOTION_CERTIFICATE,0,0,0,35,0,0,0,0,0,,26.066666666,-0.6,0,0,-1,0,0,-1,0,0,-0.599989772026,0,0,0.0,0.0,0.0
26.916666666666668,-51.58543388879966,-8.317878526725934,1.9600200490536137,0.0,0.0,0.0,0.0,0.0,0.0,ZERO_INTENT,1.1100579789782494,0,32,0,0,87,FULL_MOTION_CERTIFICATE,0,0,0,35,0,0,0,0,0,,26.066666666,-0.6,0,0,-1,0,0,-1,0,0,-0.599989772026,0,0,0.0,0.0,0.0
26.933333333333334,-51.58543388879966,-8.317878526725934,1.9600200490536137,0.0,0.0,0.0,0.0,0.0,0.0,ZERO_INTENT,1.1100579789782494,0,32,0,0,87,FULL_MOTION_CERTIFICATE,0,0,0,35,0,0,0,0,0,,26.066666666,-0.6,0,0,-1,0,0,-1,0,0,-0.599989772026,0,0,0.0,0.0,0.0
26.95,-51.58543388879966,-8.317878526725934,1.9600200490536137,0.0,0.0,0.0,0.0,0.0,0.0,ZERO_INTENT,1.1100579789782494,0,32,0,0,87,FULL_MOTION_CERTIFICATE,0,0,0,35,0,0,0,0,0,,26.066666666,-0.6,0,0,-1,0,0,-1,0,0,-0.599989772026,0,0,0.0,0.0,0.0
26.966666666666665,-51.58543388879966,-8.317878526725934,1.9600200490536137,0.0,0.0,0.0,0.0,0.0,0.0,ZERO_INTENT,1.1100579789782494,0,32,0,0,87,FULL_MOTION_CERTIFICATE,0,0,0,35,0,0,0,0,0,,26.066666666,-0.6,0,0,-1,0,0,-1,0,0,-0.599989772026,0,0,0.0,0.0,0.0
26.983333333333334,-51.58543388879966,-8.317878526725934,1.9600200490536137,0.0,0.0,0.0,0.0,0.0,0.0,ZERO_INTENT,1.1100579789782494,0,32,0,0,87,FULL_MOTION_CERTIFICATE,0,0,0,35,0,0,0,0,0,,26.066666666,-0.6,0,0,-1,0,0,-1,0,0,-0.599989772026,0,0,0.0,0.0,0.0
27.0,-51.58543388879966,-8.317878526725934,1.9600200490536137,0.0,0.0,0.0,0.0,0.0,0.0,ZERO_INTENT,1.1100579789782494,0,32,0,0,87,FULL_MOTION_CERTIFICATE,0,0,0,35,0,0,0,0,0,,26.066666666,-0.6,0,0,-1,0,0,-1,0,0,-0.599989772026,0,0,0.0,0.0,0.0
27.016666666666666,-51.58543388879966,-8.317878526725934,1.9600200490536137,0.0,0.0,0.0,0.0,0.0,0.0,ZERO_INTENT,1.1100579789782494,0,32,0,0,87,FULL_MOTION_CERTIFICATE,0,0,0,35,0,0,0,0,0,,26.066666666,-0.6,0,0,-1,0,0,-1,0,0,-0.599989772026,0,0,0.0,0.0,0.0
27.033333333333335,-51.58543388879966,-8.317878526725934,1.9600200490536137,0.0,0.0,0.0,0.0,0.0,0.0,ZERO_INTENT,1.1100579789782494,0,32,0,0,87,FULL_MOTION_CERTIFICATE,0,0,0,35,0,0,0,0,0,,26.066666666,-0.6,0,0,-1,0,0,-1,0,0,-0.599989772026,0,0,0.0,0.0,0.0
27.05,-51.58543388879966,-8.317878526725934,1.9600200490536137,0.0,0.0,0.0,0.0,0.0,0.0,ZERO_INTENT,1.1100579789782494,0,32,0,0,87,FULL_MOTION_CERTIFICATE,0,0,0,35,0,0,0,0,0,,26.066666666,-0.6,0,0,-1,0,0,-1,0,0,-0.599989772026,0,0,0.0,0.0,0.0
27.066666666666666,-51.58543388879966,-8.317878526725934,1.9600200490536137,0.0,0.0,0.0,0.0,0.0,0.0,ZERO_INTENT,1.1100579789782494,0,32,0,0,87,FULL_MOTION_CERTIFICATE,0,0,0,35,0,0,0,0,0,,26.066666666,-0.6,0,0,-1,0,0,-1,0,0,-0.599989772026,0,0,0.0,0.0,0.0
27.083333333333332,-51.58543388879966,-8.317878526725934,1.9600200490536137,0.0,0.0,0.0,0.0,0.0,0.0,ZERO_INTENT,1.1100579789782494,0,32,0,0,87,FULL_MOTION_CERTIFICATE,0,0,0,35,0,0,0,0,0,,26.066666666,-0.6,0,0,-1,0,0,-1,0,0,-0.599989772026,0,0,0.0,0.0,0.0
27.1,-51.58543388879966,-8.317878526725934,1.9600200490536137,0.0,0.0,0.0,0.0,0.0,0.0,ZERO_INTENT,1.1100579789782494,0,32,0,0,87,FULL_MOTION_CERTIFICATE,0,0,0,35,0,0,0,0,0,,26.066666666,-0.6,0,0,-1,0,0,-1,0,0,-0.599989772026,0,0,0.0,0.0,0.0
27.116666666666667,-51.58543388879966,-8.317878526725934,1.9600200490536137,0.0,0.0,0.0,0.0,0.0,0.0,ZERO_INTENT,1.1100579789782494,0,32,0,0,87,FULL_MOTION_CERTIFICATE,0,0,0,35,0,0,0,0,0,,26.066666666,-0.6,0,0,-1,0,0,-1,0,0,-0.599989772026,0,0,0.0,0.0,0.0
27.133333333333333,-51.58543388879966,-8.317878526725934,1.9600200490536137,0.0,0.0,0.0,0.0,0.0,0.0,ZERO_INTENT,1.1100579789782494,0,32,0,0,87,FULL_MOTION_CERTIFICATE,0,0,0,35,0,0,0,0,0,,26.066666666,-0.6,0,0,-1,0,0,-1,0,0,-0.599989772026,0,0,0.0,0.0,0.0
27.15,-51.58543388879966,-8.317878526725934,1.9600200490536137,0.0,0.0,0.0,0.0,0.0,0.0,ZERO_INTENT,1.1100579789782494,0,32,0,0,87,FULL_MOTION_CERTIFICATE,0,0,0,35,0,0,0,0,0,,26.066666666,-0.6,0,0,-1,0,0,-1,0,0,-0.599989772026,0,0,0.0,0.0,0.0
27.166666666666668,-51.58543388879966,-8.317878526725934,1.9600200490536137,0.0,0.0,0.0,0.0,0.0,0.0,ZERO_INTENT,1.1100579789782494,0,32,0,0,87,FULL_MOTION_CERTIFICATE,0,0,0,35,0,0,0,0,0,,26.066666666,-0.6,0,0,-1,0,0,-1,0,0,-0.599989772026,0,0,0.0,0.0,0.0
27.183333333333334,-51.58543388879966,-8.317878526725934,1.9600200490536137,0.0,0.0,0.0,0.0,0.0,0.0,ZERO_INTENT,1.1100579789782494,0,32,0,0,87,FULL_MOTION_CERTIFICATE,0,0,0,35,0,0,0,0,0,,26.066666666,-0.6,0,0,-1,0,0,-1,0,0,-0.599989772026,0,0,0.0,0.0,0.0
27.2,-51.58543388879966,-8.317878526725934,1.9600200490536137,0.0,0.0,0.0,0.0,0.0,0.0,ZERO_INTENT,1.1100579789782494,0,32,0,0,87,FULL_MOTION_CERTIFICATE,0,0,0,35,0,0,0,0,0,,26.066666666,-0.6,0,0,-1,0,0,-1,0,0,-0.599989772026,0,0,0.0,0.0,0.0
27.216666666666665,-51.58543388879966,-8.317878526725934,1.9600200490536137,0.0,0.0,0.0,0.0,0.0,0.0,ZERO_INTENT,1.1100579789782494,0,32,0,0,87,FULL_MOTION_CERTIFICATE,0,0,0,35,0,0,0,0,0,,26.066666666,-0.6,0,0,-1,0,0,-1,0,0,-0.599989772026,0,0,0.0,0.0,0.0
27.233333333333334,-51.58543388879966,-8.317878526725934,1.9600200490536137,0.0,0.0,0.0,0.0,0.0,0.0,ZERO_INTENT,1.1100579789782494,0,32,0,0,87,FULL_MOTION_CERTIFICATE,0,0,0,35,0,0,0,0,0,,26.066666666,-0.6,0,0,-1,0,0,-1,0,0,-0.599989772026,0,0,0.0,0.0,0.0
27.25,-51.58543388879966,-8.317878526725934,1.9600200490536137,0.0,0.0,0.0,0.0,0.0,0.0,ZERO_INTENT,1.1100579789782494,0,32,0,0,87,FULL_MOTION_CERTIFICATE,0,0,0,35,0,0,0,0,0,,26.066666666,-0.6,0,0,-1,0,0,-1,0,0,-0.599989772026,0,0,0.0,0.0,0.0
27.266666666666666,-51.58543388879966,-8.317878526725934,1.9600200490536137,0.0,0.0,0.0,0.0,0.0,0.0,ZERO_INTENT,1.1100579789782494,0,32,0,0,87,FULL_MOTION_CERTIFICATE,0,0,0,35,0,0,0,0,0,,26.066666666,-0.6,0,0,-1,0,0,-1,0,0,-0.599989772026,0,0,0.0,0.0,0.0
27.283333333333335,-51.58543388879966,-8.317878526725934,1.9600200490536137,0.0,0.0,0.0,0.0,0.0,0.0,ZERO_INTENT,1.1100579789782494,0,32,0,0,87,FULL_MOTION_CERTIFICATE,0,0,0,35,0,0,0,0,0,,26.066666666,-0.6,0,0,-1,0,0,-1,0,0,-0.599989772026,0,0,0.0,0.0,0.0
27.3,-51.58543388879966,-8.317878526725934,1.9600200490536137,0.0,0.0,0.0,0.0,0.0,0.0,ZERO_INTENT,1.1100579789782494,0,32,0,0,87,FULL_MOTION_CERTIFICATE,0,0,0,35,0,0,0,0,0,,26.066666666,-0.6,0,0,-1,0,0,-1,0,0,-0.599989772026,0,0,0.0,0.0,0.0
27.316666666666666,-51.58543388879966,-8.317878526725934,1.9600200490536137,0.0,0.0,0.0,0.0,0.0,0.0,ZERO_INTENT,1.1100579789782494,0,32,0,0,87,FULL_MOTION_CERTIFICATE,0,0,0,35,0,0,0,0,0,,26.066666666,-0.6,0,0,-1,0,0,-1,0,0,-0.599989772026,0,0,0.0,0.0,0.0
27.333333333333332,-51.58543388879966,-8.317878526725934,1.9600200490536137,0.0,0.0,0.0,0.0,0.0,0.0,ZERO_INTENT,1.1100579789782494,0,32,0,0,87,FULL_MOTION_CERTIFICATE,0,0,0,35,0,0,0,0,0,,26.066666666,-0.6,0,0,-1,0,0,-1,0,0,-0.599989772026,0,0,0.0,0.0,0.0
27.35,-51.58543388879966,-8.317878526725934,1.9600200490536137,0.0,0.0,0.0,0.0,0.0,0.0,ZERO_INTENT,1.1100579789782494,0,32,0,0,87,FULL_MOTION_CERTIFICATE,0,0,0,35,0,0,0,0,0,,26.066666666,-0.6,0,0,-1,0,0,-1,0,0,-0.599989772026,0,0,0.0,0.0,0.0
27.366666666666667,-51.58543388879966,-8.317878526725934,1.9600200490536137,0.0,0.0,0.0,0.0,0.0,0.0,ZERO_INTENT,1.1100579789782494,0,32,0,0,87,FULL_MOTION_CERTIFICATE,0,0,0,35,0,0,0,0,0,,26.066666666,-0.6,0,0,-1,0,0,-1,0,0,-0.599989772026,0,0,0.0,0.0,0.0
27.383333333333333,-51.58543388879966,-8.317878526725934,1.9600200490536137,0.0,0.0,0.0,0.0,0.0,0.0,ZERO_INTENT,1.1100579789782494,0,32,0,0,87,FULL_MOTION_CERTIFICATE,0,0,0,35,0,0,0,0,0,,26.066666666,-0.6,0,0,-1,0,0,-1,0,0,-0.599989772026,0,0,0.0,0.0,0.0
27.4,-51.58543388879966,-8.317878526725934,1.9600200490536137,0.0,0.0,0.0,0.0,0.0,0.0,ZERO_INTENT,1.1100579789782494,0,32,0,0,87,FULL_MOTION_CERTIFICATE,0,0,0,35,0,0,0,0,0,,26.066666666,-0.6,0,0,-1,0,0,-1,0,0,-0.599989772026,0,0,0.0,0.0,0.0
27.416666666666668,-51.58543388879966,-8.317878526725934,1.9600200490536137,0.0,0.0,0.0,0.0,0.0,0.0,ZERO_INTENT,1.1100579789782494,0,32,0,0,87,FULL_MOTION_CERTIFICATE,0,0,0,35,0,0,0,0,0,,26.066666666,-0.6,0,0,-1,0,0,-1,0,0,-0.599989772026,0,0,0.0,0.0,0.0
27.433333333333334,-51.58543388879966,-8.317878526725934,1.9600200490536137,0.0,0.0,0.0,0.0,0.0,0.0,ZERO_INTENT,1.1100579789782494,0,32,0,0,87,FULL_MOTION_CERTIFICATE,0,0,0,35,0,0,0,0,0,,26.066666666,-0.6,0,0,-1,0,0,-1,0,0,-0.599989772026,0,0,0.0,0.0,0.0
27.45,-51.58543388879966,-8.317878526725934,1.9600200490536137,0.0,0.0,0.0,0.0,0.0,0.0,ZERO_INTENT,1.1100579789782494,0,32,0,0,87,FULL_MOTION_CERTIFICATE,0,0,0,35,0,0,0,0,0,,26.066666666,-0.6,0,0,-1,0,0,-1,0,0,-0.599989772026,0,0,0.0,0.0,0.0
27.466666666666665,-51.58543388879966,-8.317878526725934,1.9600200490536137,0.0,0.0,0.0,0.0,0.0,0.0,ZERO_INTENT,1.1100579789782494,0,32,0,0,87,FULL_MOTION_CERTIFICATE,0,0,0,35,0,0,0,0,0,,26.066666666,-0.6,0,0,-1,0,0,-1,0,0,-0.599989772026,0,0,0.0,0.0,0.0
27.483333333333334,-51.58543388879966,-8.317878526725934,1.9600200490536137,0.0,0.0,0.0,0.0,0.0,0.0,ZERO_INTENT,1.1100579789782494,0,32,0,0,87,FULL_MOTION_CERTIFICATE,0,0,0,35,0,0,0,0,0,,26.066666666,-0.6,0,0,-1,0,0,-1,0,0,-0.599989772026,0,0,0.0,0.0,0.0
27.5,-51.58543388879966,-8.317878526725934,1.9600200490536137,0.0,0.0,0.0,0.0,0.0,0.0,ZERO_INTENT,1.1100579789782494,0,32,0,0,87,FULL_MOTION_CERTIFICATE,0,0,0,35,0,0,0,0,0,,26.066666666,-0.6,0,0,-1,0,0,-1,0,0,-0.599989772026,0,0,0.0,0.0,0.0
27.516666666666666,-51.58543388879966,-8.317878526725934,1.9600200490536137,0.0,0.0,0.0,0.0,0.0,0.0,ZERO_INTENT,1.1100579789782494,0,32,0,0,87,FULL_MOTION_CERTIFICATE,0,0,0,35,0,0,0,0,0,,26.066666666,-0.6,0,0,-1,0,0,-1,0,0,-0.599989772026,0,0,0.0,0.0,0.0
27.533333333333335,-51.58543388879966,-8.317878526725934,1.9600200490536137,0.0,0.0,0.0,0.0,0.0,0.0,ZERO_INTENT,1.1100579789782494,0,32,0,0,87,FULL_MOTION_CERTIFICATE,0,0,0,35,0,0,0,0,0,,26.066666666,-0.6,0,0,-1,0,0,-1,0,0,-0.599989772026,0,0,0.0,0.0,0.0
27.55,-51.58543388879966,-8.317878526725934,1.9600200490536137,0.0,0.0,0.0,0.0,0.0,0.0,ZERO_INTENT,1.1100579789782494,0,32,0,0,87,FULL_MOTION_CERTIFICATE,0,0,0,35,0,0,0,0,0,,26.066666666,-0.6,0,0,-1,0,0,-1,0,0,-0.599989772026,0,0,0.0,0.0,0.0
27.566666666666666,-51.58543388879966,-8.317878526725934,1.9600200490536137,0.0,0.0,0.0,0.0,0.0,0.0,ZERO_INTENT,1.1100579789782494,0,32,0,0,87,FULL_MOTION_CERTIFICATE,0,0,0,35,0,0,0,0,0,,26.066666666,-0.6,0,0,-1,0,0,-1,0,0,-0.599989772026,0,0,0.0,0.0,0.0
27.583333333333332,-51.58543388879966,-8.317878526725934,1.9600200490536137,0.0,0.0,0.0,0.0,0.0,0.0,ZERO_INTENT,1.1100579789782494,0,32,0,0,87,FULL_MOTION_CERTIFICATE,0,0,0,35,0,0,0,0,0,,26.066666666,-0.6,0,0,-1,0,0,-1,0,0,-0.599989772026,0,0,0.0,0.0,0.0
27.6,-51.58543388879966,-8.317878526725934,1.9600200490536137,0.0,0.0,0.0,0.0,0.0,0.0,ZERO_INTENT,1.1100579789782494,0,32,0,0,87,FULL_MOTION_CERTIFICATE,0,0,0,35,0,0,0,0,0,,26.066666666,-0.6,0,0,-1,0,0,-1,0,0,-0.599989772026,0,0,0.0,0.0,0.0
27.616666666666667,-51.58543388879966,-8.317878526725934,1.9600200490536137,0.0,0.0,0.0,0.0,0.0,0.0,ZERO_INTENT,1.1100579789782494,0,32,0,0,87,FULL_MOTION_CERTIFICATE,0,0,0,35,0,0,0,0,0,,26.066666666,-0.6,0,0,-1,0,0,-1,0,0,-0.599989772026,0,0,0.0,0.0,0.0
27.633333333333333,-51.58543388879966,-8.317878526725934,1.9600200490536137,0.0,0.0,0.0,0.0,0.0,0.0,ZERO_INTENT,1.1100579789782494,0,32,0,0,87,FULL_MOTION_CERTIFICATE,0,0,0,35,0,0,0,0,0,,26.066666666,-0.6,0,0,-1,0,0,-1,0,0,-0.599989772026,0,0,0.0,0.0,0.0
27.65,-51.58543388879966,-8.317878526725934,1.9600200490536137,0.0,0.0,0.0,0.0,0.0,0.0,ZERO_INTENT,1.1100579789782494,0,32,0,0,87,FULL_MOTION_CERTIFICATE,0,0,0,35,0,0,0,0,0,,26.066666666,-0.6,0,0,-1,0,0,-1,0,0,-0.599989772026,0,0,0.0,0.0,0.0
27.666666666666668,-51.58543388879966,-8.317878526725934,1.9600200490536137,0.0,0.0,0.0,0.0,0.0,0.0,ZERO_INTENT,1.1100579789782494,0,32,0,0,87,FULL_MOTION_CERTIFICATE,0,0,0,35,0,0,0,0,0,,26.066666666,-0.6,0,0,-1,0,0,-1,0,0,-0.599989772026,0,0,0.0,0.0,0.0
27.683333333333334,-51.58543388879966,-8.317878526725934,1.9600200490536137,0.0,0.0,0.0,0.0,0.0,0.0,ZERO_INTENT,1.1100579789782494,0,32,0,0,87,FULL_MOTION_CERTIFICATE,0,0,0,35,0,0,0,0,0,,26.066666666,-0.6,0,0,-1,0,0,-1,0,0,-0.599989772026,0,0,0.0,0.0,0.0
27.7,-51.58543388879966,-8.317878526725934,1.9600200490536137,0.0,0.0,0.0,0.0,0.0,0.0,ZERO_INTENT,1.1100579789782494,0,32,0,0,87,FULL_MOTION_CERTIFICATE,0,0,0,35,0,0,0,0,0,,26.066666666,-0.6,0,0,-1,0,0,-1,0,0,-0.599989772026,0,0,0.0,0.0,0.0
27.716666666666665,-51.58543388879966,-8.317878526725934,1.9600200490536137,0.0,0.0,0.0,0.0,0.0,0.0,ZERO_INTENT,1.1100579789782494,0,32,0,0,87,FULL_MOTION_CERTIFICATE,0,0,0,35,0,0,0,0,0,,26.066666666,-0.6,0,0,-1,0,0,-1,0,0,-0.599989772026,0,0,0.0,0.0,0.0
27.733333333333334,-51.58543388879966,-8.317878526725934,1.9600200490536137,0.0,0.0,0.0,0.0,0.0,0.0,ZERO_INTENT,1.1100579789782494,0,32,0,0,87,FULL_MOTION_CERTIFICATE,0,0,0,35,0,0,0,0,0,,26.066666666,-0.6,0,0,-1,0,0,-1,0,0,-0.599989772026,0,0,0.0,0.0,0.0
27.75,-51.58543388879966,-8.317878526725934,1.9600200490536137,0.0,0.0,0.0,0.0,0.0,0.0,ZERO_INTENT,1.1100579789782494,0,32,0,0,87,FULL_MOTION_CERTIFICATE,0,0,0,35,0,0,0,0,0,,26.066666666,-0.6,0,0,-1,0,0,-1,0,0,-0.599989772026,0,0,0.0,0.0,0.0
27.766666666666666,-51.58543388879966,-8.317878526725934,1.9600200490536137,0.0,0.0,0.0,0.0,0.0,0.0,ZERO_INTENT,1.1100579789782494,0,32,0,0,87,FULL_MOTION_CERTIFICATE,0,0,0,35,0,0,0,0,0,,26.066666666,-0.6,0,0,-1,0,0,-1,0,0,-0.599989772026,0,0,0.0,0.0,0.0
27.783333333333335,-51.58543388879966,-8.317878526725934,1.9600200490536137,0.0,0.0,0.0,0.0,0.0,0.0,ZERO_INTENT,1.1100579789782494,0,32,0,0,87,FULL_MOTION_CERTIFICATE,0,0,0,35,0,0,0,0,0,,26.066666666,-0.6,0,0,-1,0,0,-1,0,0,-0.599989772026,0,0,0.0,0.0,0.0
27.8,-51.58543388879966,-8.317878526725934,1.9600200490536137,0.0,0.0,0.0,0.0,0.0,0.0,ZERO_INTENT,1.1100579789782494,0,32,0,0,87,FULL_MOTION_CERTIFICATE,0,0,0,35,0,0,0,0,0,,26.066666666,-0.6,0,0,-1,0,0,-1,0,0,-0.599989772026,0,0,0.0,0.0,0.0
27.816666666666666,-51.58543388879966,-8.317878526725934,1.9600200490536137,0.0,0.0,0.0,0.0,0.0,0.0,ZERO_INTENT,1.1100579789782494,0,32,0,0,87,FULL_MOTION_CERTIFICATE,0,0,0,35,0,0,0,0,0,,26.066666666,-0.6,0,0,-1,0,0,-1,0,0,-0.599989772026,0,0,0.0,0.0,0.0
27.833333333333332,-51.58543388879966,-8.317878526725934,1.9600200490536137,0.0,0.0,0.0,0.0,0.0,0.0,ZERO_INTENT,1.1100579789782494,0,32,0,0,87,FULL_MOTION_CERTIFICATE,0,0,0,35,0,0,0,0,0,,26.066666666,-0.6,0,0,-1,0,0,-1,0,0,-0.599989772026,0,0,0.0,0.0,0.0
27.85,-51.58543388879966,-8.317878526725934,1.9600200490536137,0.0,0.0,0.0,0.0,0.0,0.0,ZERO_INTENT,1.1100579789782494,0,32,0,0,87,FULL_MOTION_CERTIFICATE,0,0,0,35,0,0,0,0,0,,26.066666666,-0.6,0,0,-1,0,0,-1,0,0,-0.599989772026,0,0,0.0,0.0,0.0
27.866666666666667,-51.58543388879966,-8.317878526725934,1.9600200490536137,0.0,0.0,0.0,0.0,0.0,0.0,ZERO_INTENT,1.1100579789782494,0,32,0,0,87,FULL_MOTION_CERTIFICATE,0,0,0,35,0,0,0,0,0,,26.066666666,-0.6,0,0,-1,0,0,-1,0,0,-0.599989772026,0,0,0.0,0.0,0.0
27.883333333333333,-51.58543388879966,-8.317878526725934,1.9600200490536137,0.0,0.0,0.0,0.0,0.0,0.0,ZERO_INTENT,1.1100579789782494,0,32,0,0,87,FULL_MOTION_CERTIFICATE,0,0,0,35,0,0,0,0,0,,26.066666666,-0.6,0,0,-1,0,0,-1,0,0,-0.599989772026,0,0,0.0,0.0,0.0
27.9,-51.58543388879966,-8.317878526725934,1.9600200490536137,0.0,0.0,0.0,0.0,0.0,0.0,ZERO_INTENT,1.1100579789782494,0,32,0,0,87,FULL_MOTION_CERTIFICATE,0,0,0,35,0,0,0,0,0,,26.066666666,-0.6,0,0,-1,0,0,-1,0,0,-0.599989772026,0,0,0.0,0.0,0.0
27.916666666666668,-51.58543388879966,-8.317878526725934,1.9600200490536137,0.0,0.0,0.0,0.0,0.0,0.0,ZERO_INTENT,1.1100579789782494,0,32,0,0,87,FULL_MOTION_CERTIFICATE,0,0,0,35,0,0,0,0,0,,26.066666666,-0.6,0,0,-1,0,0,-1,0,0,-0.599989772026,0,0,0.0,0.0,0.0
27.933333333333334,-51.58543388879966,-8.317878526725934,1.9600200490536137,0.0,0.0,0.0,0.0,0.0,0.0,ZERO_INTENT,1.1100579789782494,0,32,0,0,87,FULL_MOTION_CERTIFICATE,0,0,0,35,0,0,0,0,0,,26.066666666,-0.6,0,0,-1,0,0,-1,0,0,-0.599989772026,0,0,0.0,0.0,0.0
27.95,-51.58543388879966,-8.317878526725934,1.9600200490536137,0.0,0.0,0.0,0.0,0.0,0.0,ZERO_INTENT,1.1100579789782494,0,32,0,0,87,FULL_MOTION_CERTIFICATE,0,0,0,35,0,0,0,0,0,,26.066666666,-0.6,0,0,-1,0,0,-1,0,0,-0.599989772026,0,0,0.0,0.0,0.0
27.966666666666665,-51.58543388879966,-8.317878526725934,1.9600200490536137,0.0,0.0,0.0,0.0,0.0,0.0,ZERO_INTENT,1.1100579789782494,0,32,0,0,87,FULL_MOTION_CERTIFICATE,0,0,0,35,0,0,0,0,0,,26.066666666,-0.6,0,0,-1,0,0,-1,0,0,-0.599989772026,0,0,0.0,0.0,0.0
27.983333333333334,-51.58543388879966,-8.317878526725934,1.9600200490536137,0.0,0.0,0.0,0.0,0.0,0.0,ZERO_INTENT,1.1100579789782494,0,32,0,0,87,FULL_MOTION_CERTIFICATE,0,0,0,35,0,0,0,0,0,,26.066666666,-0.6,0,0,-1,0,0,-1,0,0,-0.599989772026,0,0,0.0,0.0,0.0
28.0,-51.58543388879966,-8.317878526725934,1.9600200490536137,0.0,0.0,0.0,0.5,0.0,0.3,ZERO_INTENT,1.1100579789782494,0,32,0,0,87,FULL_MOTION_CERTIFICATE,0,0,0,35,0,0,0,0,0,,26.066666666,-0.6,0,0,-1,0,0,-1,0,0,-0.599989772026,0,0,0.0,0.0,0.0
28.016666666666666,-51.58543388879966,-8.317878526725934,1.9600200490536137,0.0,0.0,0.0,0.5,0.0,0.3,DEPTH_PROPOSAL_CERTIFIED,1.1100579789782494,0,32,0,0,87,FULL_MOTION_CERTIFICATE,0,0,0,35,0,0,0,0,0,,26.066666666,-0.6,0,0,-1,0,0,-1,0,0,-0.599989772026,0,0,0.0,0.0,0.0
28.033333333333335,-51.585432084311186,-8.317878526725934,1.9600211317467018,0.00010826930880210585,4.106826410930583e-21,6.49615852812635e-05,0.5,0.0,0.3,DEPTH_PROPOSAL_CERTIFIED,1.1100573486546366,0,32,0,0,95,FULL_MOTION_CERTIFICATE,0,0,0,35,0,0,0,0,0,,28.1,0.5,0,0.3,0.857492925713,0,0.514495755428,0.857492925713,0,0.514495755428,0.00428746471431,0,0.00257247882859,0.0014291548761875739,5.421010862427522e-20,0.0008574929257125441
28.05,-51.585419589595645,-8.317878526725934,1.9600286285760278,0.0007496829325892625,3.795703197981314e-21,0.00044980975955355744,0.5,0.0,0.3,DEPTH_PROPOSAL_CERTIFIED,1.1100529841400375,0,32,0,0,95,FULL_MOTION_CERTIFICATE,0,0,0,35,0,0,0,0,0,,28.116666666,0.5,0,0.3,0.857492925713,0,0.514495755428,0.857492925713,0,0.514495755428,0.00857492914279,0,0.00514495748568,0.008574929142793055,0.0,0.0051449574856758315
28.066666666666666,-51.58539721451873,-8.317878526725934,1.9600420536221796,0.0013425046151804253,3.508149925406989e-21,0.000805502769108255,0.5,0.0,0.3,DEPTH_PROPOSAL_CERTIFIED,1.1100451683228203,0,32,0,0,96,FULL_MOTION_CERTIFICATE,0,0,0,35,0,0,0,0,0,,28.133333333,0.5,0,0.3,0.857492925713,0,0.514495755428,0.857492925713,0,0.514495755428,0.0142915487619,0,0.00857492925713,0.008574929142793055,0.0,0.0051449574856758315
28.083333333333332,-51.585358489638594,-8.317878526725934,1.9600652885502607,0.0023234928081118326,3.2423809916640502e-21,0.0013940956848670994,0.5,0.0,0.3,DEPTH_PROPOSAL_CERTIFIED,1.110031641355827,0,32,0,0,96,FULL_MOTION_CERTIFICATE,0,0,0,35,0,0,0,0,0,,28.15,0.5,0,0.3,0.857492925713,0,0.514495755428,0.857492925713,0,0.514495755428,0.0214373233143,0,0.0128623939886,0.014291548761875739,0.0,0.008574929257125441
28.1,-51.585284804203674,-8.317878526725934,1.9601094998112143,0.00442112609536561,2.996746068053099e-21,0.002652675657219366,0.5,0.0,0.3,DEPTH_PROPOSAL_CERTIFIED,1.1100059022827804,0,32,0,0,96,FULL_MOTION_CERTIFICATE,0,0,0,35,0,0,0,0,0,,28.166666666,0.5,0,0.3,0.857492925713,0,0.514495755428,0.857492925713,0,0.514495755428,0.0300122521999,0,0.0180073513199,0.030012252199857366,0.0,0.01800735131991442
28.116666666666667,-51.58517880674084,-8.317878526725934,1.9601730982889138,0.006359847769948209,2.769719850776362e-21,0.0038159086619689252,0.5,0.0,0.3,DEPTH_PROPOSAL_CERTIFIED,1.1099688761661672,0,32,0,0,96,FULL_MOTION_CERTIFICATE,0,0,0,35,0,0,0,0,0,,28.166666666,0.5,0,0.3,0.857492925713,0,0.514495755428,0.857492925713,0,0.514495755428,0.0300122521999,0,0.0180073513199,0.030012252199857366,0.0,0.01800735131991442
28.133333333333333,-51.58501587780322,-8.317878526725934,1.9602708556514845,0.009775736257073191,2.5598925893539224e-21,0.005865441754243915,0.5,0.0,0.3,DEPTH_PROPOSAL_CERTIFIED,1.1099119629562608,0,32,0,0,96,FULL_MOTION_CERTIFICATE,0,0,0,35,0,0,0,0,0,,28.2,0.5,0,0.3,0.857492925713,0,0.514495755428,0.857492925713,0,0.514495755428,0.0514495758,0,0.03086974548,0.05144957580000053,0.0,0.030869745480000318
28.15,-51.584800330381334,-8.317878526725934,1.9604001841046181,0.012932845313355385,2.365961332584697e-21,0.007759707188013232,0.5,0.0,0.3,DEPTH_PROPOSAL_CERTIFIED,1.1098366688941685,0,32,0,0,96,FULL_MOTION_CERTIFICATE,0,0,0,35,0,0,0,0,0,,28.216666666,0.5,0,0.3,0.857492925713,0,0.514495755428,0.857492925713,0,0.514495755428,0.0643119691426,0,0.0385871814856,0.05144957580000053,0.0,0.030869745480000318
28.166666666666668,-51.584519910328346,-8.317878526725934,1.9605684361364102,0.016825203179208603,-2.6065016846186543e-19,0.010095121907525163,0.5,0.0,0.3,DEPTH_PROPOSAL_CERTIFIED,1.1097387129159029,0,32,0,0,96,FULL_MOTION_CERTIFICATE,0,0,0,35,0,0,0,0,0,,28.233333333,0.5,0,0.3,0.857492925713,0,0.514495755428,0.857492925713,0,0.514495755428,0.0786035181903,0,0.0471621109142,0.06431196914260984,-3.469446951953614e-18,0.038587181485565905
28.183333333333334,-51.584141637978654,-8.317878526725934,1.9607953995462266,0.022696340981645274,2.8476983702061074e-19,0.013617804588987165,0.5,0.0,0.3,DEPTH_PROPOSAL_CERTIFIED,1.1096065736872212,0,32,0,0,96,FULL_MOTION_CERTIFICATE,0,0,0,35,0,0,0,0,0,,28.25,0.5,0,0.3,0.857492925713,0,0.514495755428,0.857492925713,0,0.514495755428,0.0943242221714,0,0.0565945333028,0.09432422217137705,6.938893903907228e-18,0.056594533302826225
28.2,-51.583672926385034,-8.317878526725934,1.961076626502399,0.028122695617230707,7.888701451180532e-19,0.016873617370338424,0.5,0.0,0.3,DEPTH_PROPOSAL_CERTIFIED,1.1094428393863263,0,32,0,0,96,FULL_MOTION_CERTIFICATE,0,0,0,35,0,0,0,0,0,,28.266666666,0.5,0,0.3,0.857492925713,0,0.514495755428,0.857492925713,0,0.514495755428,0.111474079971,0,0.0668844479826,0.09432422217137705,6.938893903907228e-18,0.056594533302826225
28.216666666666665,-51.5830989731445,-8.317878526725934,1.961420998446718,0.03443719443191366,7.291072553363859e-19,0.020662316659148198,0.5,0.0,0.3,DEPTH_PROPOSAL_CERTIFIED,1.1092423373160134,0,32,0,0,96,FULL_MOTION_CERTIFICATE,0,0,0,35,0,0,0,0,0,,28.283333333,0.5,0,0.3,0.857492925713,0,0.514495755428,0.857492925713,0,0.514495755428,0.130053093733,0,0.0780318562398,0.1114740799710505,0.0,0.0668844479826303
28.233333333333334,-51.58240429275839,-8.317878526725934,1.9618378066783866,0.041680823166850824,6.738718572048329e-19,0.025008493900110493,0.5,0.0,0.3,DEPTH_PROPOSAL_CERTIFIED,1.108999655309959,0,32,0,0,96,FULL_MOTION_CERTIFICATE,0,0,0,35,0,0,0,0,0,,28.3,0.5,0,0.3,0.857492925713,0,0.514495755428,0.857492925713,0,0.514495755428,0.150061262428,0,0.0900367574571,0.13005309373306922,0.0,0.07803185623984153
28.25,-51.58157276838331,-8.317878526725934,1.962336721303435,0.04989146250484967,1.148494739530745e-18,0.029934877502909803,0.5,0.0,0.3,DEPTH_PROPOSAL_CERTIFIED,1.1087091595602723,0,32,0,0,96,FULL_MOTION_CERTIFICATE,0,0,0,35,0,0,0,0,0,,28.316666666,0.5,0,0.3,0.857492925713,0,0.514495755428,0.857492925713,0,0.514495755428,0.171498584685,0,0.102899150811,0.15006126242844173,6.938893903907228e-18,0.09003675745706505
28.266666666666666,-51.58058769966204,-8.317878526725934,1.9629277625361958,0.05910412327608624,1.0614875622935722e-18,0.03546247396565175,0.5,0.0,0.3,DEPTH_PROPOSAL_CERTIFIED,1.108365011031018,0,32,0,0,96,FULL_MOTION_CERTIFICATE,0,0,0,35,0,0,0,0,0,,28.333333333,0.5,0,0.3,0.857492925713,0,0.514495755428,0.857492925713,0,0.514495755428,0.194365063162,0,0.116619037897,0.17149858468517934,0.0,0.1028991508111076
28.283333333333335,-51.579431846925765,-8.317878526725934,1.9636212741779608,0.06935116417649874,9.810718378773798e-19,0.04161069850589925,0.5,0.0,0.3,DEPTH_PROPOSAL_CERTIFIED,1.1079611805565552,0,32,0,0,96,FULL_MOTION_CERTIFICATE,0,0,0,35,0,0,0,0,0,,28.35,0.5,0,0.3,0.857492925713,0,0.514495755428,0.857492925713,0,0.514495755428,0.217519225506,0,0.130511535304,0.1943650631615101,0.0,0.11661903789690607
28.3,-51.578061482740594,-8.317878526725934,1.9644434926890617,0.08222185111009502,9.067482137957644e-19,0.049333110666057015,0.5,0.0,0.3,DEPTH_PROPOSAL_CERTIFIED,1.1074823819561586,0,32,0,0,96,FULL_MOTION_CERTIFICATE,0,0,0,35,0,0,0,0,0,,28.366666666,0.5,0,0.3,0.857492925713,0,0.514495755428,0.857492925713,0,0.514495755428,0.2392442317,0,0.14354653902,0.23924423169997922,0.0,0.1435465390199875
28.316666666666666,-51.576492857973875,-8.317878526725934,1.9653846675490942,0.09411748600326739,8.380551672960892e-19,0.05647049160196044,0.5,0.0,0.3,DEPTH_PROPOSAL_CERTIFIED,1.1069342822832635,0,32,0,0,96,FULL_MOTION_CERTIFICATE,0,0,0,35,0,0,0,0,0,,28.366666666,0.5,0,0.3,0.857492925713,0,0.514495755428,0.857492925713,0,0.514495755428,0.2392442317,0,0.14354653902,0.23924423169997922,0.0,0.1435465390199875
28.333333333333332,-51.57471536629016,-8.317878526725934,1.9664511625593242,0.1066495010230046,7.745661394706315e-19,0.06398970061380277,0.5,0.0,0.3,DEPTH_PROPOSAL_CERTIFIED,1.1063131631276215,0,32,0,0,96,FULL_MOTION_CERTIFICATE,0,0,0,35,0,0,0,0,0,,28.4,0.5,0,0.3,0.857492925713,0,0.514495755428,0.857492925713,0,0.514495755428,0.278406781894,0,0.167044069137,0.25954008426380804,0.0,0.15572405055828475
28.35,-51.572698992254665,-8.317878526725934,1.967660986980621,0.12098244212966566,-3.3546067471780643e-19,0.0725894652777994,0.5,0.0,0.3,DEPTH_PROPOSAL_CERTIFIED,1.1056085205095452,0,32,0,0,96,FULL_MOTION_CERTIFICATE,0,0,0,35,0,0,0,0,0,,28.416666666,0.5,0,0.3,0.857492925713,0,0.514495755428,0.857492925713,0,0.514495755428,0.295844323631,0,0.177506594179,0.295844323630901,-1.3877787807814457e-17,0.17750659417854053
28.366666666666667,-51.57046183301526,-8.317878526725934,1.969003282524267,0.13422955436460698,-1.3613945484371914e-18,0.08053773261876418,0.5,0.0,0.3,DEPTH_PROPOSAL_CERTIFIED,1.1048266607513282,0,32,0,0,96,FULL_MOTION_CERTIFICATE,0,0,0,35,0,0,0,0,0,,28.433333333,0.5,0,0.3,0.857492925713,0,0.514495755428,0.857492925713,0,0.514495755428,0.31185271148,0,0.187111626888,0.295844323630901,-1.3877787807814457e-17,0.17750659417854053
28.383333333333333,-51.56800040211282,-8.317878526725934,1.970480141065728,0.14768585414610702,-1.258258597798016e-18,0.0886115124876642,0.5,0.0,0.3,DEPTH_PROPOSAL_CERTIFIED,1.1039663460689177,0,32,0,0,96,FULL_MOTION_CERTIFICATE,0,0,0,35,0,0,0,0,0,,28.45,0.5,0,0.3,0.857492925713,0,0.514495755428,0.857492925713,0,0.514495755428,0.326431944397,0,0.195859166638,0.3118527114804177,0.0,0.18711162688825056
28.4,-51.565313281702494,-8.317878526725934,1.9720924133119242,0.161227224619627,-2.2142835379507225e-18,0.09673633477177618,0.5,0.0,0.3,DEPTH_PROPOSAL_CERTIFIED,1.1030270594277627,0,32,0,0,96,FULL_MOTION_CERTIFICATE,0,0,0,36,0,0,0,0,0,,28.466666666,0.5,0,0.3,0.857492925713,0,0.514495755428,0.857492925713,0,0.514495755428,0.339582021676,0,0.203749213006,0.32643194439658074,-1.3877787807814457e-17,0.19585916663794833
28.416666666666668,-51.562400965841334,-8.317878526725934,1.9738398028286182,0.1747389516693645,-9.951872238774125e-19,0.1048433710016187,0.5,0.0,0.3,DEPTH_PROPOSAL_CERTIFIED,1.1020089500431367,0,32,0,0,96,FULL_MOTION_CERTIFICATE,0,0,0,36,0,0,0,0,0,,28.466666666,0.5,0,0.3,0.857492925713,0,0.514495755428,0.857492925713,0,0.514495755428,0.339582021676,0,0.203749213006,0.3395820216761345,1.3877787807814457e-17,0.20374921300568063
28.433333333333334,-51.5592509881718,-8.317878526725934,1.9757297894303394,0.18899866017212974,1.3155330882645301e-19,0.11339919610327782,0.5,0.0,0.3,DEPTH_PROPOSAL_CERTIFIED,1.1009076336658268,0,32,0,0,96,FULL_MOTION_CERTIFICATE,0,0,0,36,0,0,0,0,0,,28.5,0.5,0,0.3,0.857492925713,0,0.514495755428,0.857492925713,0,0.514495755428,0.362967103906,0,0.217780262344,0.36296710390587605,1.3877787807814457e-17,0.21778026234352554
28.45,-51.555881353376336,-8.317878526725934,1.9777515703076165,0.20217808772771584,1.1729347102648791e-18,0.12130685263662948,0.5,0.0,0.3,DEPTH_PROPOSAL_CERTIFIED,1.0997293773446573,0,32,0,0,96,FULL_MOTION_CERTIFICATE,0,0,0,36,0,0,0,0,0,,28.516666666,0.5,0,0.3,0.857492925713,0,0.514495755428,0.857492925713,0,0.514495755428,0.373348383498,0,0.224009030099,0.36296710390587605,1.3877787807814457e-17,0.21778026234352554
28.466666666666665,-51.55229559447005,-8.317878526725934,1.979903025651386,0.21514553437696052,3.186771142489313e-18,0.12908732062617628,0.5,0.0,0.3,DEPTH_PROPOSAL_CERTIFIED,1.0984753880119702,0,32,0,0,96,FULL_MOTION_CERTIFICATE,0,0,0,36,0,0,0,0,0,,28.533333333,0.5,0,0.3,0.857492925713,0,0.514495755428,0.857492925713,0,0.514495755428,0.382943203122,0,0.229765921873,0.3733483834977554,2.7755575615628914e-17,0.22400903009865322
28.483333333333334,-51.5484979698204,-8.317878526725934,1.9821816004411748,0.22785747897883216,5.048044208636544e-18,0.13671448738729927,0.5,0.0,0.3,DEPTH_PROPOSAL_CERTIFIED,1.0971471251423797,0,32,0,0,96,FULL_MOTION_CERTIFICATE,0,0,0,36,0,0,0,0,0,,28.55,0.5,0,0.3,0.857492925713,0,0.514495755428,0.857492925713,0,0.514495755428,0.391811142456,0,0.235086685474,0.38294320312164,2.7755575615628914e-17,0.22976592187298397
28.5,-51.544493332969395,-8.317878526725934,1.9845843825517793,0.24027821106046918,4.665616617073191e-18,0.1441669266362815,0.5,0.0,0.3,DEPTH_PROPOSAL_CERTIFIED,1.095746255497268,0,32,0,0,96,FULL_MOTION_CERTIFICATE,0,0,0,36,0,0,0,0,0,,28.566666666,0.5,0,0.3,0.857492925713,0,0.514495755428,0.857492925713,0,0.514495755428,0.4000072677,0,0.24000436062,0.39181114245645027,0.0,0.23508668547387016
28.516666666666666,-51.54028701801657,-8.317878526725934,1.9871081715234744,0.2523788971695304,6.414855935145495e-18,0.15142733830171823,0.5,0.0,0.3,DEPTH_PROPOSAL_CERTIFIED,1.0942746132984014,0,32,0,0,96,FULL_MOTION_CERTIFICATE,0,0,0,36,0,0,0,0,0,,28.583333333,0.5,0,0.3,0.857492925713,0,0.514495755428,0.857492925713,0,0.514495755428,0.407582474844,0,0.244549484906,0.40000726770008627,2.7755575615628914e-17,0.2400043606200518
28.533333333333335,-51.53588473895052,-8.317878526725934,1.9897495389631052,0.26413674396305326,5.9288820006647e-18,0.15848204637783195,0.5,0.0,0.3,DEPTH_PROPOSAL_CERTIFIED,1.0927341652641198,0,32,0,0,96,FULL_MOTION_CERTIFICATE,0,0,0,36,0,0,0,0,0,,28.6,0.5,0,0.3,0.857492925713,0,0.514495755428,0.857492925713,0,0.514495755428,0.414583802647,0,0.248750281588,0.4075824748440081,0.0,0.24454948490640488
28.55,-51.53128433111873,-8.317878526725934,1.9925097836621806,0.2760244699075483,7.582419395737653e-18,0.16561468194452897,0.5,0.0,0.3,DEPTH_PROPOSAL_CERTIFIED,1.091124120304189,0,32,0,0,96,FULL_MOTION_CERTIFICATE,0,0,0,36,0,0,0,0,0,,28.616666666,0.5,0,0.3,0.857492925713,0,0.514495755428,0.857492925713,0,0.514495755428,0.42105472643,0,0.252632835858,0.4210547264303966,2.7755575615628914e-17,0.25263283585823787
28.566666666666666,-51.526500804276175,-8.317878526725934,1.9953798997677126,0.287011610553218,9.110688806335388e-18,0.17220696633193078,0.5,0.0,0.3,DEPTH_PROPOSAL_CERTIFIED,1.0894496975544712,0,32,0,0,96,FULL_MOTION_CERTIFICATE,0,0,0,36,0,0,0,0,0,,28.633333333,0.5,0,0.3,0.857492925713,0,0.514495755428,0.857492925713,0,0.514495755428,0.427035429093,0,0.256221257456,0.4210547264303966,2.7755575615628914e-17,0.25263283585823787
28.583333333333332,-51.52154047968294,-8.317878526725934,1.9983560945236536,0.2976194755941223,8.420485108885776e-18,0.17857168535647333,0.5,0.0,0.3,DEPTH_PROPOSAL_CERTIFIED,1.087713076347881,0,32,0,0,96,FULL_MOTION_CERTIFICATE,0,0,0,36,0,0,0,0,0,,28.65,0.5,0,0.3,0.857492925713,0,0.514495755428,0.857492925713,0,0.514495755428,0.432563048212,0,0.259537828927,0.4270354290931625,0.0,0.25622125745589736
28.6,-51.51640332121041,-8.317878526725934,2.001438389607169,0.30822950835149404,7.782569570333724e-18,0.1849377050108964,0.5,0.0,0.3,DEPTH_PROPOSAL_CERTIFIED,1.086022686968043,0,32,0,0,96,FULL_MOTION_CERTIFICATE,0,0,0,36,0,0,0,0,0,,28.666666666,0.5,0,0.3,0.857492925713,0,0.514495755428,0.857492925713,0,0.514495755428,0.437671907991,0,0.262603144795,0.43767190799140804,0.0,0.26260314479484476
28.616666666666667,-51.5111027253646,-8.317878526725934,2.0046187471146535,0.3180357507484567,7.192980966520595e-18,0.19082145044907398,0.5,0.0,0.3,DEPTH_PROPOSAL_CERTIFIED,1.0843992291220899,0,32,0,0,96,FULL_MOTION_CERTIFICATE,0,0,0,36,0,0,0,0,0,,28.666666666,0.5,0,0.3,0.857492925713,0,0.514495755428,0.857492925713,0,0.514495755428,0.437671907991,0,0.262603144795,0.43767190799140804,0.0,0.26260314479484476
28.633333333333333,-51.50563960162271,-8.317878526725934,2.0078966213597855,0.32778742451324167,8.750753288422652e-18,0.19667245470794495,0.5,0.0,0.3,DEPTH_PROPOSAL_CERTIFIED,1.0827157379025547,0,32,0,0,96,FULL_MOTION_CERTIFICATE,0,0,0,36,0,0,0,0,0,,28.7,0.5,0,0.3,0.857492925713,0,0.514495755428,0.857492925713,0,0.514495755428,0.446757844444,0,0.268054706666,0.4467578444436253,2.7755575615628914e-17,0.26805470666617515
28.65,-51.50002626270415,-8.317878526725934,2.011264624710926,0.3368003351140278,1.0190512555635166e-17,0.20208020106841662,0.5,0.0,0.3,DEPTH_PROPOSAL_CERTIFIED,1.0809751143613344,0,32,0,0,96,FULL_MOTION_CERTIFICATE,0,0,0,36,0,0,0,0,0,,28.716666666,0.5,0,0.3,0.857492925713,0,0.514495755428,0.857492925713,0,0.514495755428,0.450791340915,0,0.270474804549,0.4467578444436253,2.7755575615628914e-17,0.26805470666617515
28.666666666666668,-51.49426899574795,-8.317878526725934,2.0147189848846434,0.3454360173717046,9.418504028692987e-18,0.2072616104230227,0.5,0.0,0.3,DEPTH_PROPOSAL_CERTIFIED,1.0791784445746895,0,32,0,0,96,FULL_MOTION_CERTIFICATE,0,0,0,36,0,0,0,0,0,,28.733333333,0.5,0,0.3,0.857492925713,0,0.514495755428,0.857492925713,0,0.514495755428,0.454519269708,0,0.272711561825,0.4507913409153441,0.0,0.2704748045492064
28.683333333333334,-51.48836964702121,-8.317878526725934,2.0182585941206908,0.3539609236047508,8.704980996216287e-18,0.21237655416285042,0.5,0.0,0.3,DEPTH_PROPOSAL_CERTIFIED,1.0773254433420378,0,32,0,0,96,FULL_MOTION_CERTIFICATE,0,0,0,36,0,0,0,0,0,,28.75,0.5,0,0.3,0.857492925713,0,0.514495755428,0.857492925713,0,0.514495755428,0.457964779648,0,0.274778867789,0.4579647796479204,0.0,0.27477886778875216
28.7,-51.48233898029441,-8.317878526725934,2.021876994156771,0.36184000360802077,8.045512738927211e-18,0.2171040021648124,0.5,0.0,0.3,DEPTH_PROPOSAL_CERTIFIED,1.07541864830757,0,32,0,0,96,FULL_MOTION_CERTIFICATE,0,0,0,36,0,0,0,0,0,,28.766666666,0.5,0,0.3,0.857492925713,0,0.514495755428,0.857492925713,0,0.514495755428,0.461149265911,0,0.276689559547,0.4579647796479204,0.0,0.27477886778875216
28.716666666666665,-51.4761829230849,-8.317878526725934,2.025570628482474,0.36936343257035587,7.436004198099426e-18,0.22161805954221347,0.5,0.0,0.3,DEPTH_PROPOSAL_CERTIFIED,1.0734591239980125,0,32,0,0,96,FULL_MOTION_CERTIFICATE,0,0,0,36,0,0,0,0,0,,28.783333333,0.5,0,0.3,0.857492925713,0,0.514495755428,0.857492925713,0,0.514495755428,0.464092503401,0,0.27845550204,0.46114926591085,0.0,0.2766895595465099
28.733333333333334,-51.469907258462726,-8.317878526725934,2.029336027255777,0.37653987733023236,6.87267054672817e-18,0.22592392639813938,0.5,0.0,0.3,DEPTH_PROPOSAL_CERTIFIED,1.0714479224156006,0,32,0,0,96,FULL_MOTION_CERTIFICATE,0,0,0,36,0,0,0,0,0,,28.8,0.5,0,0.3,0.857492925713,0,0.514495755428,0.857492925713,0,0.514495755428,0.466812768349,0,0.280087661009,0.46409250340071095,0.0,0.2784555020404265
28.75,-51.46351761291755,-8.317878526725934,2.033169814582881,0.38337873271044176,6.3520136871275806e-18,0.23002723962626503,0.5,0.0,0.3,DEPTH_PROPOSAL_CERTIFIED,1.069386080030957,0,32,0,0,96,FULL_MOTION_CERTIFICATE,0,0,0,36,0,0,0,0,0,,28.816666666,0.5,0,0.3,0.857492925713,0,0.514495755428,0.857492925713,0,0.514495755428,0.469326952464,0,0.281596171479,0.46681276834900176,0.0,0.280087661009401
28.766666666666666,-51.457019446892886,-8.317878526725934,2.0370687141976775,0.3898899614796821,5.870800529011882e-18,0.23393397688780923,0.5,0.0,0.3,DEPTH_PROPOSAL_CERTIFIED,1.0672746152764927,0,32,0,0,96,FULL_MOTION_CERTIFICATE,0,0,0,36,0,0,0,0,0,,28.833333333,0.5,0,0.3,0.857492925713,0,0.514495755428,0.857492925713,0,0.514495755428,0.471650668233,0,0.28299040094,0.46932695246441913,0.0,0.2815961714786514
28.783333333333335,-51.450418047652626,-8.317878526725934,2.0410295537418337,0.3960839544155621,5.426042913177579e-18,0.23765037264933725,0.5,0.0,0.3,DEPTH_PROPOSAL_CERTIFIED,1.0651145264741049,0,32,0,0,96,FULL_MOTION_CERTIFICATE,0,0,0,36,0,0,0,0,0,,28.85,0.5,0,0.3,0.857492925713,0,0.514495755428,0.857492925713,0,0.514495755428,0.473798344925,0,0.284279006955,0.4716506682332859,0.0,0.28299040093997146
28.8,-51.443718524181925,-8.317878526725934,2.045049267824254,0.40197140824205196,5.014979056118695e-18,0.24118284494523118,0.5,0.0,0.3,DEPTH_PROPOSAL_CERTIFIED,1.0629067901404496,0,32,0,0,96,FULL_MOTION_CERTIFICATE,0,0,0,36,0,0,0,0,0,,28.866666666,0.5,0,0.3,0.857492925713,0,0.514495755428,0.857492925713,0,0.514495755428,0.475783318715,0,0.285469991229,0.473798344925233,0.0,0.2842790069551397
28.816666666666666,-51.436925803854564,-8.317878526725934,2.049124900020669,0.4075632196415276,4.635056400352149e-18,0.24453793178491656,0.5,0.0,0.3,DEPTH_PROPOSAL_CERTIFIED,1.0606523596201418,0,32,0,0,96,FULL_MOTION_CERTIFICATE,0,0,0,36,0,0,0,0,0,,28.866666666,0.5,0,0.3,0.857492925713,0,0.514495755428,0.857492925713,0,0.514495755428,0.475783318715,0,0.285469991229,0.4757833187151345,0.0,0.2854699912290806
28.833333333333332,-51.43004463062799,-8.317878526725934,2.0532536039566125,0.4128703935943556,6.386610886357865e-18,0.24772223615661337,0.5,0.0,0.3,DEPTH_PROPOSAL_CERTIFIED,1.0583521640039777,0,32,0,0,96,FULL_MOTION_CERTIFICATE,0,0,0,36,0,0,0,0,0,,28.9,0.5,0,0.3,0.857492925713,0,0.514495755428,0.857492925713,0,0.514495755428,0.479313528291,0,0.287588116974,0.4776179158188618,2.7755575615628914e-17,0.28657074949131695
28.85,-51.42307758582113,-8.317878526725934,2.0574338308407243,0.4180226884111268,5.902776728300375e-18,0.25081361304667604,0.5,0.0,0.3,DEPTH_PROPOSAL_CERTIFIED,1.0560064386747723,0,32,0,0,96,FULL_MOTION_CERTIFICATE,0,0,0,36,0,0,0,0,0,,28.916666666,0.5,0,0.3,0.857492925713,0,0.514495755428,0.857492925713,0,0.514495755428,0.480880685176,0,0.288528411105,0.48088068517572397,0.0,0.2885284111054343
28.866666666666667,-51.41603117485675,-8.317878526725934,2.061661677419354,0.4227846578629899,5.45559667312613e-18,0.2536707947177939,0.5,0.0,0.3,DEPTH_PROPOSAL_CERTIFIED,1.0536167718482723,0,32,0,0,96,FULL_MOTION_CERTIFICATE,0,0,0,36,0,0,0,0,0,,28.933333333,0.5,0,0.3,0.857492925713,0,0.514495755428,0.857492925713,0,0.514495755428,0.482329118146,0,0.289397470888,0.48088068517572397,0.0,0.2885284111054343
28.883333333333333,-51.4089078912112,-8.317878526725934,2.065935647606681,0.42739701873272246,5.042293894859022e-18,0.25643821123963345,0.5,0.0,0.3,DEPTH_PROPOSAL_CERTIFIED,1.0511834332499217,0,32,0,0,96,FULL_MOTION_CERTIFICATE,0,0,0,36,0,0,0,0,0,,28.95,0.5,0,0.3,0.857492925713,0,0.514495755428,0.857492925713,0,0.514495755428,0.483667821343,0,0.290200692806,0.48366782134346287,0.0,0.2902006928060777
28.9,-51.40171355857246,-8.317878526725934,2.070252247189925,0.431659958324445,4.660301933127299e-18,0.258995974994667,0.5,0.0,0.3,DEPTH_PROPOSAL_CERTIFIED,1.0487078611723768,0,32,0,0,96,FULL_MOTION_CERTIFICATE,0,0,0,36,0,0,0,0,0,,28.966666666,0.5,0,0.3,0.857492925713,0,0.514495755428,0.857492925713,0,0.514495755428,0.484905107556,0,0.290943064533,0.48366782134346287,0.0,0.2902006928060777
28.916666666666668,-51.39445199720994,-8.317878526725934,2.074609184007436,0.4356936817510657,4.307248756375176e-18,0.2614162090506394,0.5,0.0,0.3,DEPTH_PROPOSAL_CERTIFIED,1.046190849813586,0,32,0,0,96,FULL_MOTION_CERTIFICATE,0,0,0,36,0,0,0,0,0,,28.966666666,0.5,0,0.3,0.857492925713,0,0.514495755428,0.857492925713,0,0.514495755428,0.484905107556,0,0.290943064533,0.48490510755583033,0.0,0.2909430645334981
28.933333333333334,-51.3871255218348,-8.317878526725934,2.079005069232523,0.4395885225087066,3.980942032407378e-18,0.26375311350522396,0.5,0.0,0.3,DEPTH_PROPOSAL_CERTIFIED,1.043632699548062,0,32,0,0,99,FULL_MOTION_CERTIFICATE,0,0,0,36,0,0,0,0,0,,29,0.5,0,0.3,0.857492925713,0,0.514495755428,0.857492925713,0,0.514495755428,0.487105579752,0,0.292263347851,0.4871055797519289,0.0,0.29226334785115726
28.95,-51.37973905017525,-8.317878526725934,2.0834369522282485,0.4431882995725869,3.6793555148007755e-18,0.2659129797435521,0.5,0.0,0.3,DEPTH_PROPOSAL_CERTIFIED,1.0410346488094722,0,32,0,0,99,FULL_MOTION_CERTIFICATE,0,0,0,36,0,0,0,0,0,,29.016666666,0.5,0,0.3,0.857492925713,0,0.514495755428,0.857492925713,0,0.514495755428,0.488082429732,0,0.292849457839,0.4871055797519289,0.0,0.29226334785115726
28.966666666666665,-51.372295894007934,-8.317878526725934,2.08790284592864,0.44658937003918225,5.5033115830452275e-18,0.2679536220235093,0.5,0.0,0.3,DEPTH_PROPOSAL_CERTIFIED,1.0383974116273302,0,32,0,0,99,FULL_MOTION_CERTIFICATE,0,0,0,36,0,0,0,0,0,,29.033333333,0.5,0,0.3,0.857492925713,0,0.514495755428,0.857492925713,0,0.514495755428,0.488985275982,0,0.293391165589,0.48808242973164817,2.7755575615628914e-17,0.2928494578389888
28.983333333333334,-51.36479920765634,-8.317878526725934,2.0924008577395954,0.4498011810954686,5.086394038875069e-18,0.26988070865728114,0.5,0.0,0.3,DEPTH_PROPOSAL_CERTIFIED,1.0357216765193114,0,32,0,0,99,FULL_MOTION_CERTIFICATE,0,0,0,36,0,0,0,0,0,,29.05,0.5,0,0.3,0.857492925713,0,0.514495755428,0.857492925713,0,0.514495755428,0.489819724788,0,0.293891834873,0.4889852759821559,0.0,0.2933911655892935
29.0,-51.35725199284049,-8.317878526725934,2.096929186629105,0.45283288895096896,4.701061157142132e-18,0.27169973337058134,0.5,0.0,0.3,DEPTH_PROPOSAL_CERTIFIED,1.033008106804696,0,32,0,0,99,FULL_MOTION_CERTIFICATE,0,0,0,36,0,0,0,0,0,,29.066666666,0.5,0,0.3,0.857492925713,0,0.514495755428,0.857492925713,0,0.514495755428,0.490590957728,0,0.294354574637,0.48981972478807556,0.0,0.2938918348728453
29.016666666666666,-51.34965710369538,-8.317878526725934,2.1014861201161725,0.45569334870679135,2.24222503799295e-18,0.2734160092240748,0.5,0.0,0.3,DEPTH_PROPOSAL_CERTIFIED,1.0302573409791151,0,32,0,0,99,FULL_MOTION_CERTIFICATE,0,0,0,36,0,0,0,0,0,,29.066666666,0.5,0,0.3,0.857492925713,0,0.514495755428,0.857492925713,0,0.514495755428,0.490590957728,0,0.294354574637,0.49059095772782657,-2.7755575615628914e-17,0.29435457463669595
29.033333333333335,-51.34201725190472,-8.317878526725934,2.1060700311905656,0.4583911074392184,2.0723595048116394e-18,0.27503466446353103,0.5,0.0,0.3,DEPTH_PROPOSAL_CERTIFIED,1.0274699931414972,0,32,0,0,99,FULL_MOTION_CERTIFICATE,0,0,0,36,0,0,0,0,0,,29.1,0.5,0,0.3,0.857492925713,0,0.514495755428,0.857492925713,0,0.514495755428,0.491962569747,0,0.295177541848,0.4913037639748231,0.0,0.29478225838489386
29.05,-51.33433424309574,-8.317878526725934,2.110679836475954,0.4609805285388515,4.018057695024959e-18,0.2765883171233109,0.5,0.0,0.3,DEPTH_PROPOSAL_CERTIFIED,1.0246463698865078,0,32,0,0,99,FULL_MOTION_CERTIFICATE,0,0,0,36,0,0,0,0,0,,29.116666666,0.5,0,0.3,0.857492925713,0,0.514495755428,0.857492925713,0,0.514495755428,0.492571465954,0,0.295542879573,0.49257146595437773,2.7755575615628914e-17,0.29554287957262665
29.066666666666666,-51.32661134673952,-8.317878526725934,2.1153135742896874,0.46337378137336094,5.816354507191823e-18,0.27802426882401654,0.5,0.0,0.3,DEPTH_PROPOSAL_CERTIFIED,1.021787339047844,0,32,0,0,100,FULL_MOTION_CERTIFICATE,0,0,0,36,0,0,0,0,0,,29.133333333,0.5,0,0.3,0.857492925713,0,0.514495755428,0.857492925713,0,0.514495755428,0.493134233696,0,0.295880540218,0.49257146595437773,2.7755575615628914e-17,0.29554287957262665
29.083333333333332,-51.318850874054604,-8.317878526725934,2.119969857900635,0.46562836109480027,5.375721589980346e-18,0.27937701665688014,0.5,0.0,0.3,DEPTH_PROPOSAL_CERTIFIED,1.0188934432947916,0,32,0,0,100,FULL_MOTION_CERTIFICATE,0,0,0,36,0,0,0,0,0,,29.15,0.5,0,0.3,0.857492925713,0,0.514495755428,0.857492925713,0,0.514495755428,0.493654367518,0,0.296192620511,0.4931342336963621,0.0,0.29588054021781723
29.1,-51.31105501499794,-8.317878526725934,2.1246473733346316,0.46775154339956165,4.9684699543757105e-18,0.28065092603973696,0.5,0.0,0.3,DEPTH_PROPOSAL_CERTIFIED,1.0159652030669981,0,32,0,0,100,FULL_MOTION_CERTIFICATE,0,0,0,36,0,0,0,0,0,,29.166666666,0.5,0,0.3,0.857492925713,0,0.514495755428,0.857492925713,0,0.514495755428,0.494135097232,0,0.296481058339,0.49365436751764646,0.0,0.2961926205105878
29.116666666666667,-51.30322584337331,-8.317878526725934,2.129344876309409,0.4697502974777712,2.489375593011864e-18,0.28185017848666266,0.5,0.0,0.3,DEPTH_PROPOSAL_CERTIFIED,1.0130031171522145,0,32,0,0,100,FULL_MOTION_CERTIFICATE,0,0,0,36,0,0,0,0,0,,29.166666666,0.5,0,0.3,0.857492925713,0,0.514495755428,0.857492925713,0,0.514495755428,0.494135097232,0,0.296481058339,0.49413509723192894,-2.7755575615628914e-17,0.2964810583391573
29.133333333333333,-51.29536480336296,-8.317878526725934,2.1340615003156196,0.4716624006210911,1.9809141053920828e-19,0.2829974403726546,0.5,0.0,0.3,DEPTH_PROPOSAL_CERTIFIED,1.01000746498184,0,32,0,0,100,FULL_MOTION_CERTIFICATE,0,0,0,36,0,0,0,0,0,,29.2,0.5,0,0.3,0.857492925713,0,0.514495755428,0.857492925713,0,0.514495755428,0.49499005897,0,0.296994035382,0.4949900589695958,-2.7755575615628914e-17,0.2969940353817574
29.15,-51.28747430923853,-8.317878526725934,2.138795796790276,0.4734296474656747,-1.9196106368976504e-18,0.28405778847940477,0.5,0.0,0.3,DEPTH_PROPOSAL_CERTIFIED,1.006978914407365,0,32,0,0,100,FULL_MOTION_CERTIFICATE,0,0,0,36,0,0,0,0,0,,29.216666666,0.5,0,0.3,0.857492925713,0,0.514495755428,0.857492925713,0,0.514495755428,0.495369599942,0,0.297221759965,0.4949900589695958,-2.7755575615628914e-17,0.2969940353817574
29.166666666666668,-51.27955611315391,-8.317878526725934,2.1435467144410514,0.4750917650774849,-3.876880711044264e-18,0.28505505904649087,0.5,0.0,0.3,DEPTH_PROPOSAL_CERTIFIED,1.0039179020219042,0,32,0,0,100,FULL_MOTION_CERTIFICATE,0,0,0,36,0,0,0,0,0,,29.233333333,0.5,0,0.3,0.857492925713,0,0.514495755428,0.857492925713,0,0.514495755428,0.495720387832,0,0.297432232699,0.495369599941566,-2.7755575615628914e-17,0.29722175996493944
29.183333333333334,-51.271611461468524,-8.317878526725934,2.1483135054522835,0.47667910112323036,-3.58317762687426e-18,0.2860074606739381,0.5,0.0,0.3,DEPTH_PROPOSAL_CERTIFIED,1.0008246853065152,0,32,0,0,100,FULL_MOTION_CERTIFICATE,0,0,0,36,0,0,0,0,0,,29.25,0.5,0,0.3,0.857492925713,0,0.514495755428,0.857492925713,0,0.514495755428,0.496044600881,0,0.297626760529,0.4960446008813264,0.0,0.29762676052879566
29.2,-51.263642358394556,-8.317878526725934,2.1530949672966657,0.47814618443823753,-3.3117247763534983e-18,0.28688771066294244,0.5,0.0,0.3,DEPTH_PROPOSAL_CERTIFIED,0.9976998330237454,0,32,0,0,100,FULL_MOTION_CERTIFICATE,0,0,0,36,0,0,0,0,0,,29.266666666,0.5,0,0.3,0.857492925713,0,0.514495755428,0.857492925713,0,0.514495755428,0.496344252318,0,0.297806551391,0.4960446008813264,0.0,0.29762676052879566
29.216666666666665,-51.255650277962154,-8.317878526725934,2.157890215556108,0.4795248259442592,-3.0608365357206716e-18,0.28771489556655544,0.5,0.0,0.3,DEPTH_PROPOSAL_CERTIFIED,0.9945437254471212,0,32,0,0,100,FULL_MOTION_CERTIFICATE,0,0,0,36,0,0,0,0,0,,29.283333333,0.5,0,0.3,0.857492925713,0,0.514495755428,0.857492925713,0,0.514495755428,0.496621202905,0,0.297972721743,0.4963442523177248,0.0,0.2978065513906347
29.233333333333334,-51.247636611195205,-8.317878526725934,2.1626984156162794,0.4808200060170621,-2.828954979984221e-18,0.28849200361023714,0.5,0.0,0.3,DEPTH_PROPOSAL_CERTIFIED,0.991356725581203,0,32,0,0,100,FULL_MOTION_CERTIFICATE,0,0,0,36,0,0,0,0,0,,29.3,0.5,0,0.3,0.857492925713,0,0.514495755428,0.857492925713,0,0.514495755428,0.496877172387,0,0.298126303432,0.49662120290525436,0.0,0.2979727217431525
29.25,-51.239602670228294,-8.317878526725934,2.1675187801964273,0.48203645801480344,-4.717335331169318e-18,0.28922187480888195,0.5,0.0,0.3,DEPTH_PROPOSAL_CERTIFIED,0.9881391797676073,0,32,0,0,100,FULL_MOTION_CERTIFICATE,0,0,0,36,0,0,0,0,0,,29.316666666,0.5,0,0.3,0.857492925713,0,0.514495755428,0.857492925713,0,0.514495755428,0.497113750227,0,0.298268250136,0.49687717238724843,-2.7755575615628914e-17,0.2981263034323489
29.266666666666666,-51.23154969227627,-8.317878526725934,2.172350566967645,0.48317867712180584,-4.35996144244439e-18,0.2899072062730834,0.5,0.0,0.3,DEPTH_PROPOSAL_CERTIFIED,0.9848914182850004,0,32,0,0,100,FULL_MOTION_CERTIFICATE,0,0,0,36,0,0,0,0,0,,29.333333333,0.5,0,0.3,0.857492925713,0,0.514495755428,0.857492925713,0,0.514495755428,0.497332405517,0,0.29839944331,0.4971137502272362,0.0,0.29826825013634156
29.283333333333335,-51.22347884345505,-8.317878526725934,2.1771930762603757,0.48425092927298924,-6.1323564555647065e-18,0.29055055756379344,0.5,0.0,0.3,DEPTH_PROPOSAL_CERTIFIED,0.9816137559414968,0,32,0,0,100,FULL_MOTION_CERTIFICATE,0,0,0,36,0,0,0,0,0,,29.35,0.5,0,0.3,0.857492925713,0,0.514495755428,0.857492925713,0,0.514495755428,0.497534496013,0,0.298520697608,0.49733240551742475,-2.7755575615628914e-17,0.2983994433104547
29.3,-51.21539098661952,-8.317878526725934,2.1820457903616943,0.48527141013186936,-5.667783996809831e-18,0.2911628460791215,0.5,0.0,0.3,DEPTH_PROPOSAL_CERTIFIED,0.9783063958860947,0,32,0,0,100,FULL_MOTION_CERTIFICATE,0,0,0,36,0,0,0,0,0,,29.366666666,0.5,0,0.3,0.857492925713,0,0.514495755428,0.857492925713,0,0.514495755428,0.49772127661,0,0.298632765966,0.4977212766102078,0.0,0.29863276596612454
29.316666666666666,-51.2072874102556,-8.317878526725934,2.1869079361800416,0.48621458183477373,-5.238406421293959e-18,0.29172874910086416,0.5,0.0,0.3,DEPTH_PROPOSAL_CERTIFIED,0.9749697265467758,0,32,0,0,100,FULL_MOTION_CERTIFICATE,0,0,0,36,0,0,0,0,0,,29.383333333,0.5,0,0.3,0.857492925713,0,0.514495755428,0.857492925713,0,0.514495755428,0.497893907173,0,0.298736344304,0.4977212766102078,0.0,0.29863276596612454
29.333333333333332,-51.199169087268785,-8.317878526725934,2.1917789299721306,0.4870993792089191,-4.841557449983833e-18,0.2922596275253514,0.5,0.0,0.3,DEPTH_PROPOSAL_CERTIFIED,0.9717118427632407,0,32,0,0,100,FULL_MOTION_CERTIFICATE,0,0,0,36,0,0,0,0,0,,29.4,0.5,0,0.3,0.857492925713,0,0.514495755428,0.857492925713,0,0.514495755428,0.498053459664,0,0.298832075798,0.49789390717349313,0.0,0.29873634430409574
29.35,-51.191036747178906,-8.317878526725934,2.196658334026058,0.48794040539268646,-4.47477279468197e-18,0.2927642432356118,0.5,0.0,0.3,DEPTH_PROPOSAL_CERTIFIED,0.9693780605645481,0,32,0,0,100,FULL_MOTION_CERTIFICATE,0,0,0,36,0,0,0,0,0,,29.416666666,0.5,0,0.3,0.857492925713,0,0.514495755428,0.857492925713,0,0.514495755428,0.498200924835,0,0.298920554901,0.4982009248346467,0.0,0.2989205549007879
29.366666666666667,-51.18289145188771,-8.317878526725934,2.201545511200774,0.4887177174716228,-4.135774855690931e-18,0.2932306304829736,0.5,0.0,0.3,DEPTH_PROPOSAL_CERTIFIED,0.9670274239538046,0,32,0,0,100,FULL_MOTION_CERTIFICATE,0,0,0,36,0,0,0,0,0,,29.433333333,0.5,0,0.3,0.857492925713,0,0.514495755428,0.857492925713,0,0.514495755428,0.498337218411,0,0.299002331046,0.4982009248346467,0.0,0.2989205549007879
29.383333333333333,-51.17473385171111,-8.317878526725934,2.2064400713067354,0.48945601059614063,-3.822458578744666e-18,0.2936736063576843,0.5,0.0,0.3,DEPTH_PROPOSAL_CERTIFIED,0.964660059449012,0,32,0,0,100,FULL_MOTION_CERTIFICATE,0,0,0,36,0,0,0,0,0,,29.45,0.5,0,0.3,0.857492925713,0,0.514495755428,0.857492925713,0,0.514495755428,0.498463186715,0,0.299077912029,0.4984631867152592,0.0,0.2990779120291554
29.4,-51.16656487883739,-8.317878526725934,2.2113414550309685,0.49013837242334657,-3.532878383385238e-18,0.29408302345400783,0.5,0.0,0.3,DEPTH_PROPOSAL_CERTIFIED,0.9622761801643427,0,32,0,0,100,FULL_MOTION_CERTIFICATE,0,0,0,36,0,0,0,0,0,,29.466666666,0.5,0,0.3,0.857492925713,0,0.514495755428,0.857492925713,0,0.514495755428,0.498579611959,0,0.299147767176,0.4984631867152592,0.0,0.2990779120291554
29.416666666666668,-51.15838524783294,-8.317878526725934,2.216249233633639,0.49077786026699055,-5.367931204010046e-18,0.29446671616019426,0.5,0.0,0.3,DEPTH_PROPOSAL_CERTIFIED,0.9598759411331053,0,32,0,0,100,FULL_MOTION_CERTIFICATE,0,0,0,36,0,0,0,0,0,,29.483333333,0.5,0,0.3,0.857492925713,0,0.514495755428,0.857492925713,0,0.514495755428,0.498687217116,0,0.29921233027,0.4985796119594461,-2.7755575615628914e-17,0.29914776717566766
29.433333333333334,-51.15019550469452,-8.317878526725934,2.2211630795166872,0.49138458830486614,-4.961269749160823e-18,0.2948307529829196,0.5,0.0,0.3,DEPTH_PROPOSAL_CERTIFIED,0.9574594520754147,0,32,0,0,100,FULL_MOTION_CERTIFICATE,0,0,0,36,0,0,0,0,0,,29.5,0.5,0,0.3,0.857492925713,0,0.514495755428,0.857492925713,0,0.514495755428,0.498786670367,0,0.29927200222,0.49878667036694857,0.0,0.2992720022201691
29.45,-51.1419964154929,-8.317878526725934,2.2260825330376615,0.4919453520974481,-4.585415980285024e-18,0.2951672112584688,0.5,0.0,0.3,DEPTH_PROPOSAL_CERTIFIED,0.9550268916644888,0,32,0,0,100,FULL_MOTION_CERTIFICATE,0,0,0,36,0,0,0,0,0,,29.516666666,0.5,0,0.3,0.857492925713,0,0.514495755428,0.857492925713,0,0.514495755428,0.498878589275,0,0.299327153565,0.49878667036694857,0.0,0.2992720022201691
29.466666666666665,-51.133788572203926,-8.317878526725934,2.231007239011043,0.4924705973381616,-4.238035981778603e-18,0.2954823584028969,0.5,0.0,0.3,DEPTH_PROPOSAL_CERTIFIED,0.9525783914210693,0,32,0,0,100,FULL_MOTION_CERTIFICATE,0,0,0,36,0,0,0,0,0,,29.533333333,0.5,0,0.3,0.857492925713,0,0.514495755428,0.857492925713,0,0.514495755428,0.498963544635,0,0.299378126781,0.49887858927486656,0.0,0.2993271535649199
29.483333333333334,-51.125572530749174,-8.317878526725934,2.235936863883892,0.4929624872848563,-3.916972649825628e-18,0.2957774923709137,0.5,0.0,0.3,DEPTH_PROPOSAL_CERTIFIED,0.9501140758260558,0,32,0,0,100,FULL_MOTION_CERTIFICATE,0,0,0,37,0,0,0,0,0,,29.55,0.5,0,0.3,0.857492925713,0,0.514495755428,0.857492925713,0,0.514495755428,0.499042063982,0,0.299425238389,0.4989635446345303,0.0,0.2993781267807182
29.5,-51.11734881306123,-8.317878526725934,2.2408710944966623,0.4934230612770618,-3.620232297566127e-18,0.29605383676623703,0.5,0.0,0.3,DEPTH_PROPOSAL_CERTIFIED,0.9476340626611814,0,32,0,0,100,FULL_MOTION_CERTIFICATE,0,0,0,37,0,0,0,0,0,,29.566666666,0.5,0,0.3,0.857492925713,0,0.514495755428,0.857492925713,0,0.514495755428,0.49911463489,0,0.299468780934,0.4990420639819696,0.0,0.2994252383891818
29.516666666666666,-51.10911790904296,-8.317878526725934,2.245809636907624,0.4938542410961877,-5.448667397419265e-18,0.29631254465771256,0.5,0.0,0.3,DEPTH_PROPOSAL_CERTIFIED,0.9451384633362006,0,32,0,0,100,FULL_MOTION_CERTIFICATE,0,0,0,37,0,0,0,0,0,,29.583333333,0.5,0,0.3,0.857492925713,0,0.514495755428,0.857492925713,0,0.514495755428,0.499181708005,0,0.299509024803,0.49911463488952357,-2.7755575615628914e-17,0.2994687809337142
29.533333333333335,-51.10088027842505,-8.317878526725934,2.250752215278366,0.49425783707415044,-2.9331944418849186e-18,0.2965547022444902,0.5,0.0,0.3,DEPTH_PROPOSAL_CERTIFIED,0.942627383202882,0,32,0,0,100,FULL_MOTION_CERTIFICATE,0,0,0,37,0,0,0,0,0,,29.6,0.5,0,0.3,0.857492925713,0,0.514495755428,0.857492925713,0,0.514495755428,0.499243699824,0,0.299546219895,0.49918170800529504,2.7755575615628914e-17,0.2995090248031771
29.55,-51.09263628018314,-8.317878526725934,2.255698614223513,0.4946398945147359,-2.7109827417421343e-18,0.2967839367088415,0.5,0.0,0.3,DEPTH_PROPOSAL_CERTIFIED,0.9401008996265827,0,32,0,0,100,FULL_MOTION_CERTIFICATE,0,0,0,37,0,0,0,0,0,,29.616666666,0.5,0,0.3,0.857492925713,0,0.514495755428,0.857492925713,0,0.514495755428,0.49930099529,0,0.299580597174,0.49930099528987865,0.0,0.2995805971739272
29.566666666666666,-51.08438639671298,-8.317878526725934,2.260648544305611,0.49499300820982245,-2.505605261307136e-18,0.29699580492589345,0.5,0.0,0.3,DEPTH_PROPOSAL_CERTIFIED,0.9375591304196815,0,32,0,0,100,FULL_MOTION_CERTIFICATE,0,0,0,37,0,0,0,0,0,,29.633333333,0.5,0,0.3,0.857492925713,0,0.514495755428,0.857492925713,0,0.514495755428,0.499353950193,0,0.299612370116,0.49930099528987865,0.0,0.2995805971739272
29.583333333333332,-51.076131007002935,-8.317878526725934,2.2656017781316358,0.495323382602504,-2.315786680905091e-18,0.2971940295615024,0.5,0.0,0.3,DEPTH_PROPOSAL_CERTIFIED,0.9350021644140092,0,32,0,0,100,FULL_MOTION_CERTIFICATE,0,0,0,37,0,0,0,0,0,,29.65,0.5,0,0.3,0.857492925713,0,0.514495755428,0.857492925713,0,0.514495755428,0.499402893361,0,0.299641736017,0.4993539501932196,0.0,0.29961237011593184
29.6,-51.06787040928013,-8.317878526725934,2.2705581367653194,0.49563586336829774,-2.1403482959880112e-18,0.2973815180209786,0.5,0.0,0.3,DEPTH_PROPOSAL_CERTIFIED,0.9324300676897572,0,32,0,0,100,FULL_MOTION_CERTIFICATE,0,0,0,37,0,0,0,0,0,,29.666666666,0.5,0,0.3,0.857492925713,0,0.514495755428,0.857492925713,0,0.514495755428,0.499448128711,0,0.299668877227,0.4994481287109801,0.0,0.29966887722658814
29.616666666666667,-51.05960499809099,-8.317878526725934,2.275517383478807,0.49592467134880397,-1.9782006978071106e-18,0.29755480280928237,0.5,0.0,0.3,DEPTH_PROPOSAL_CERTIFIED,0.9298429384905225,0,32,0,0,100,FULL_MOTION_CERTIFICATE,0,0,0,37,0,0,0,0,0,,29.666666666,0.5,0,0.3,0.857492925713,0,0.514495755428,0.857492925713,0,0.514495755428,0.499448128711,0,0.299668877227,0.4994481287109801,0.0,0.29966887722658814
29.633333333333333,-51.05133503651432,-8.317878526725934,2.28047936042481,0.4961976946003431,-1.8283370085793078e-18,0.29771861676020583,0.5,0.0,0.3,DEPTH_PROPOSAL_CERTIFIED,0.9272408361568518,0,32,0,0,100,FULL_MOTION_CERTIFICATE,0,0,0,37,0,0,0,0,0,,29.7,0.5,0,0.3,0.857492925713,0,0.514495755428,0.857492925713,0,0.514495755428,0.499528578269,0,0.299717146961,0.49952857826912067,0.0,0.29971714696147245
29.65,-51.043060869276445,-8.317878526725934,2.2854438607675323,0.4964500342722202,-1.6898266291414893e-18,0.29787002056333206,0.5,0.0,0.3,DEPTH_PROPOSAL_CERTIFIED,0.9246238476317534,0,32,0,0,100,FULL_MOTION_CERTIFICATE,0,0,0,37,0,0,0,0,0,,29.716666666,0.5,0,0.3,0.857492925713,0,0.514495755428,0.857492925713,0,0.514495755428,0.499564292035,0,0.299738575221,0.49952857826912067,0.0,0.29971714696147245
29.666666666666668,-51.03478276989493,-8.317878526725934,2.2904107203964394,0.4966859628906265,-1.561809460267114e-18,0.29801157773437587,0.5,0.0,0.3,DEPTH_PROPOSAL_CERTIFIED,0.9219920394105785,0,32,0,0,100,FULL_MOTION_CERTIFICATE,0,0,0,37,0,0,0,0,0,,29.733333333,0.5,0,0.3,0.857492925713,0,0.514495755428,0.857492925713,0,0.514495755428,0.499597300215,0,0.299758380129,0.49956429203518293,0.0,0.2997385752211098
29.683333333333334,-51.02650095606281,-8.317878526725934,2.2953798086957122,0.4969088299273272,-1.4434905617620364e-18,0.29814529795639627,0.5,0.0,0.3,DEPTH_PROPOSAL_CERTIFIED,0.9193454618883754,0,32,0,0,100,FULL_MOTION_CERTIFICATE,0,0,0,37,0,0,0,0,0,,29.75,0.5,0,0.3,0.857492925713,0,0.514495755428,0.857492925713,0,0.514495755428,0.499627807775,0,0.299776684665,0.4996278077750761,0.0,0.29977668466504565
29.7,-51.01821570917785,-8.317878526725934,2.300350956826688,0.4971148130976112,-1.3341352161740096e-18,0.29826888785856664,0.5,0.0,0.3,DEPTH_PROPOSAL_CERTIFIED,0.916684187395364,0,32,0,0,100,FULL_MOTION_CERTIFICATE,0,0,0,37,0,0,0,0,0,,29.766666666,0.5,0,0.3,0.857492925713,0,0.514495755428,0.857492925713,0,0.514495755428,0.499656004155,0,0.299793602493,0.4996278077750761,0.0,0.29977668466504565
29.716666666666665,-51.009927253718324,-8.317878526725934,2.305324030102404,0.4973073275716273,-1.2330643664638631e-18,0.2983843965429763,0.5,0.0,0.3,DEPTH_PROPOSAL_CERTIFIED,0.9140082716792342,0,32,0,0,100,FULL_MOTION_CERTIFICATE,0,0,0,37,0,0,0,0,0,,29.783333333,0.5,0,0.3,0.857492925713,0,0.514495755428,0.857492925713,0,0.514495755428,0.499682064446,0,0.299809238668,0.4996560041546243,0.0,0.29979360249277454
29.733333333333334,-51.00163579985365,-8.317878526725934,2.310298902421208,0.49748723188032695,-1.1396503993074953e-18,0.2984923391281961,0.5,0.0,0.3,DEPTH_PROPOSAL_CERTIFIED,0.911317767301169,0,32,0,0,100,FULL_MOTION_CERTIFICATE,0,0,0,37,0,0,0,0,0,,29.8,0.5,0,0.3,0.857492925713,0,0.514495755428,0.857492925713,0,0.514495755428,0.499706150474,0,0.299823690284,0.49968206444646185,0.0,0.2998092386678771
29.75,-50.99334154432409,-8.317878526725934,2.3152754557389454,0.4976553317737663,1.0493818745511992e-18,0.29859319906425974,0.5,0.0,0.3,DEPTH_PROPOSAL_CERTIFIED,0.9086127238072588,0,32,0,0,100,FULL_MOTION_CERTIFICATE,0,0,0,37,0,0,0,0,0,,29.816666666,0.5,0,0.3,0.857492925713,0,0.514495755428,0.857492925713,0,0.514495755428,0.499728411801,0,0.29983704708,0.49970615047372674,2.7755575615628914e-17,0.29982369028423606
29.766666666666666,-50.98504467126924,-8.317878526725934,2.3202535795718546,0.49781238329094946,9.698832476912644e-19,0.29868742997456965,0.5,0.0,0.3,DEPTH_PROPOSAL_CERTIFIED,0.9058931878915535,0,32,0,0,100,FULL_MOTION_CERTIFICATE,0,0,0,37,0,0,0,0,0,,29.833333333,0.5,0,0.3,0.857492925713,0,0.514495755428,0.857492925713,0,0.514495755428,0.499748986665,0,0.299849391999,0.49972841180058425,0.0,0.2998370470803506
29.783333333333335,-50.97674535300811,-8.317878526725934,2.325233170528533,0.49795909566774027,8.964072440782783e-19,0.29877545740064415,0.5,0.0,0.3,DEPTH_PROPOSAL_CERTIFIED,0.9031592035511198,0,32,0,0,100,FULL_MOTION_CERTIFICATE,0,0,0,37,0,0,0,0,0,,29.85,0.5,0,0.3,0.857492925713,0,0.514495755428,0.857492925713,0,0.514495755428,0.499768002827,0,0.299860801696,0.49974898666458784,0.0,0.2998493919987527
29.8,-50.96844372858196,-8.317878526725934,2.3302141451842266,0.4980974655693863,8.284976043753823e-19,0.29885847934163173,0.5,0.0,0.3,DEPTH_PROPOSAL_CERTIFIED,0.900410804868311,0,32,0,0,100,FULL_MOTION_CERTIFICATE,0,0,0,37,0,0,0,0,0,,29.866666666,0.5,0,0.3,0.857492925713,0,0.514495755428,0.857492925713,0,0.514495755428,0.499785578369,0,0.299871347022,0.49978557836946746,0.0,0.29987134702168045
29.816666666666666,-50.96013997270025,-8.317878526725934,2.335196398713254,0.49822535290272574,7.657326343469478e-19,0.2989352117416354,0.5,0.0,0.3,DEPTH_PROPOSAL_CERTIFIED,0.897648038733726,0,32,0,0,100,FULL_MOTION_CERTIFICATE,0,0,0,37,0,0,0,0,0,,29.866666666,0.5,0,0.3,0.857492925713,0,0.514495755428,0.857492925713,0,0.514495755428,0.499785578369,0,0.299871347022,0.49978557836946746,0.0,0.29987134702168045
29.833333333333332,-50.9518342263267,-8.317878526725934,2.3401798465373793,0.49834478241257313,7.077225862903641e-19,0.29900686944754384,0.5,0.0,0.3,DEPTH_PROPOSAL_CERTIFIED,0.8948709418740741,0,32,0,0,100,FULL_MOTION_CERTIFICATE,0,0,0,37,0,0,0,0,0,,29.9,0.5,0,0.3,0.857492925713,0,0.514495755428,0.857492925713,0,0.514495755428,0.499816835885,0,0.299890101531,0.49980182243271143,0.0,0.2998810934596268
29.85,-50.943526603779496,-8.317878526725934,2.3451644200657036,0.4984573528323658,6.541072388441161e-19,0.29907441169941945,0.5,0.0,0.3,DEPTH_PROPOSAL_CERTIFIED,0.892079542966661,0,32,0,0,100,FULL_MOTION_CERTIFICATE,0,0,0,37,0,0,0,0,0,,29.916666666,0.5,0,0.3,0.857492925713,0,0.514495755428,0.857492925713,0,0.514495755428,0.499830711954,0,0.299898427172,0.4998307119538362,0.0,0.2998984271723017
29.866666666666667,-50.935217247192995,-8.317878526725934,2.350150034017604,0.49856139519005294,6.04553660143807e-19,0.2991368371140317,0.5,0.0,0.3,DEPTH_PROPOSAL_CERTIFIED,0.8892738808544567,0,32,0,0,100,FULL_MOTION_CERTIFICATE,0,0,0,37,0,0,0,0,0,,29.933333333,0.5,0,0.3,0.857492925713,0,0.514495755428,0.857492925713,0,0.514495755428,0.499843536806,0,0.299906122084,0.4998307119538362,0.0,0.2998984271723017
29.883333333333333,-50.926906256774565,-8.317878526725934,2.3551366282686623,0.4986594251058504,2.6614492628319556e-18,0.29919565506351015,0.5,0.0,0.3,DEPTH_PROPOSAL_CERTIFIED,0.8864539810544223,0,32,0,0,100,FULL_MOTION_CERTIFICATE,0,0,0,37,0,0,0,0,0,,29.95,0.5,0,0.3,0.857492925713,0,0.514495755428,0.857492925713,0,0.514495755428,0.499855390079,0,0.299913234047,0.49985539007857893,2.7755575615628914e-17,0.2999132340471473
29.9,-50.91859375629935,-8.317878526725934,2.3601241285537906,0.49875002851287525,4.562519441074042e-18,0.2992500171077251,0.5,0.0,0.3,DEPTH_PROPOSAL_CERTIFIED,0.8836198777967117,0,32,0,0,100,FULL_MOTION_CERTIFICATE,0,0,0,37,0,0,0,0,0,,29.966666666,0.5,0,0.3,0.857492925713,0,0.514495755428,0.857492925713,0,0.514495755428,0.499866345375,0,0.299919807225,0.49985539007857893,2.7755575615628914e-17,0.2999132340471473
29.916666666666668,-50.91027984633315,-8.317878526725934,2.365112474533513,0.4988345979721437,4.2168740288714084e-18,0.29930075878328616,0.5,0.0,0.3,DEPTH_PROPOSAL_CERTIFIED,0.8807715981551181,0,32,0,0,100,FULL_MOTION_CERTIFICATE,0,0,0,37,0,0,0,0,0,,29.966666666,0.5,0,0.3,0.857492925713,0,0.514495755428,0.857492925713,0,0.514495755428,0.499866345375,0,0.299919807225,0.49986634537521807,0.0,0.2999198072251308
29.933333333333334,-50.90196462087104,-8.317878526725934,2.370101609810775,0.4989135277262073,3.897413875169047e-18,0.2993481166357243,0.5,0.0,0.3,DEPTH_PROPOSAL_CERTIFIED,0.8779091675976052,0,32,0,0,103,FULL_MOTION_CERTIFICATE,0,0,0,37,0,0,0,0,0,,30,0.5,0,0.3,0.857492925713,0,0.514495755428,0.857492925713,0,0.514495755428,0.499885829004,0,0.299931497403,0.49987647072578284,0.0,0.29992588243546964
29.95,-50.893648167755806,-8.317878526725934,2.375091481679914,0.49898718691394306,3.602155248262318e-18,0.29939231214836576,0.5,0.0,0.3,DEPTH_PROPOSAL_CERTIFIED,0.8750326100774914,0,32,0,0,103,FULL_MOTION_CERTIFICATE,0,0,0,37,0,0,0,0,0,,30.016666666,0.5,0,0.3,0.857492925713,0,0.514495755428,0.857492925713,0,0.514495755428,0.499894478322,0,0.299936686993,0.4998858290043197,0.0,0.2999314974025918
29.966666666666665,-50.88533056907062,-8.317878526725934,2.380082040891029,0.49905592111151015,5.4319598215475626e-18,0.299433552666906,0.5,0.0,0.3,DEPTH_PROPOSAL_CERTIFIED,0.8721419481197985,0,32,0,0,103,FULL_MOTION_CERTIFICATE,0,0,0,37,0,0,0,0,0,,30.033333333,0.5,0,0.3,0.857492925713,0,0.514495755428,0.857492925713,0,0.514495755428,0.499902472389,0,0.299941483433,0.4998944783218283,2.7755575615628914e-17,0.29993668699309695
29.983333333333334,-50.87701190150755,-8.317878526725934,2.38507324142887,0.49912005378401064,7.12314283625096e-18,0.2994720322704063,0.5,0.0,0.3,DEPTH_PROPOSAL_CERTIFIED,0.8692372029029647,0,32,0,0,103,FULL_MOTION_CERTIFICATE,0,0,0,37,0,0,0,0,0,,30.05,0.5,0,0.3,0.857492925713,0,0.514495755428,0.857492925713,0,0.514495755428,0.499909860844,0,0.299945916506,0.4999024723885164,2.7755575615628914e-17,0.2999414834331098
30.0,-50.86869223671335,-8.317878526725934,2.390065040305392,0.4991798876521977,6.5835108032016756e-18,0.2995079325913185,0.5,0.0,0.3,DEPTH_PROPOSAL_CERTIFIED,0.8663183943361712,0,32,0,0,103,FULL_MOTION_CERTIFICATE,0,0,0,37,0,0,0,0,0,,30.066666666,0.5,0,0.3,0.857492925713,0,0.514495755428,0.857492925713,0,0.514495755428,0.499916689568,0,0.299950013741,0.49990986084407957,0.0,0.2999459165064477
30.016666666666666,-50.860371641613696,-8.317878526725934,2.395057397365183,0.4992357059791327,6.0847599847773346e-18,0.29954142358747954,0.5,0.0,0.3,DEPTH_PROPOSAL_CERTIFIED,0.8633855411324756,0,32,0,0,103,FULL_MOTION_CERTIFICATE,0,0,0,37,0,0,0,0,0,,30.066666666,0.5,0,0.3,0.857492925713,0,0.514495755428,0.857492925713,0,0.514495755428,0.499916689568,0,0.299950013741,0.49991668956773977,0.0,0.29995001374064384
30.033333333333335,-50.85205017871734,-8.317878526725934,2.400050275102994,0.4992877737810355,5.623793319263828e-18,0.2995726642686212,0.5,0.0,0.3,DEPTH_PROPOSAL_CERTIFIED,0.8604432518453589,0,32,0,0,103,FULL_MOTION_CERTIFICATE,0,0,0,37,0,0,0,0,0,,30.1,0.5,0,0.3,0.857492925713,0,0.514495755428,0.857492925713,0,0.514495755428,0.499928834225,0,0.299957300535,0.49992300096424935,0.0,0.2999538005785496
30.05,-50.843727899593986,-8.317878526725934,2.4050436425770085,0.4993367474014913,5.197748370834774e-18,0.2996020484408947,0.5,0.0,0.3,DEPTH_PROPOSAL_CERTIFIED,0.8579486542100836,0,32,0,0,103,FULL_MOTION_CERTIFICATE,0,0,0,37,0,0,0,0,0,,30.116666666,0.5,0,0.3,0.857492925713,0,0.514495755428,0.857492925713,0,0.514495755428,0.499934225571,0,0.299960535343,0.49993422557105194,0.0,0.2999605353426311
30.066666666666666,-50.835404866079,-8.317878526725934,2.410037462686,0.49938201089918527,4.803979554862465e-18,0.29962920653951114,0.5,0.0,0.3,DEPTH_PROPOSAL_CERTIFIED,0.8554605344123174,0,32,0,0,104,FULL_MOTION_CERTIFICATE,0,0,0,37,0,0,0,0,0,,30.133333333,0.5,0,0.3,0.857492925713,0,0.514495755428,0.857492925713,0,0.514495755428,0.499939208482,0,0.299963525089,0.49993422557105194,0.0,0.2999605353426311
30.083333333333332,-50.82708112903171,-8.317878526725934,2.415031704914373,0.4994242228373103,4.440041709797147e-18,0.29965453370238615,0.5,0.0,0.3,DEPTH_PROPOSAL_CERTIFIED,0.8529789094176963,0,32,0,0,104,FULL_MOTION_CERTIFICATE,0,0,0,37,0,0,0,0,0,,30.15,0.5,0,0.3,0.857492925713,0,0.514495755428,0.857492925713,0,0.514495755428,0.499943813901,0,0.29996628834,0.4999392084824355,0.0,0.2999635250894613
30.1,-50.8187567359351,-8.317878526725934,2.42002634077234,0.49946358579664474,6.2063700359968e-18,0.2996781514779868,0.5,0.0,0.3,DEPTH_PROPOSAL_CERTIFIED,0.85050379502558,0,32,0,0,104,FULL_MOTION_CERTIFICATE,0,0,0,37,0,0,0,0,0,,30.166666666,0.5,0,0.3,0.857492925713,0,0.514495755428,0.857492925713,0,0.514495755428,0.499948070423,0,0.299968842254,0.49994381390052495,2.7755575615628914e-17,0.2999662883403149
30.116666666666667,-50.81043173111547,-8.317878526725934,2.425021343664114,0.49950028917743244,5.736190487815251e-18,0.29970017350645944,0.5,0.0,0.3,DEPTH_PROPOSAL_CERTIFIED,0.8480352059476806,0,32,0,0,104,FULL_MOTION_CERTIFICATE,0,0,0,37,0,0,0,0,0,,30.166666666,0.5,0,0.3,0.857492925713,0,0.514495755428,0.857492925713,0,0.514495755428,0.499948070423,0,0.299968842254,0.49994807042304223,0.0,0.29996884225382525
30.133333333333333,-50.8021061513573,-8.317878526725934,2.430016691519016,0.4995347854902138,3.198935479978716e-18,0.2997208712941283,0.5,0.0,0.3,DEPTH_PROPOSAL_CERTIFIED,0.8455731545257212,0,32,0,0,104,FULL_MOTION_CERTIFICATE,0,0,0,37,0,0,0,0,0,,30.2,0.5,0,0.3,0.857492925713,0,0.514495755428,0.857492925713,0,0.514495755428,0.499955640506,0,0.299973384304,0.4999556405061463,-2.7755575615628914e-17,0.29997338430368775
30.15,-50.79378004021653,-8.317878526725934,2.4350123582034753,0.49956666844596626,8.538967606146348e-19,0.29974000106757975,0.5,0.0,0.3,DEPTH_PROPOSAL_CERTIFIED,0.8446290362156994,0,32,0,0,104,FULL_MOTION_CERTIFICATE,0,0,0,37,0,0,0,0,0,,30.216666666,0.5,0,0.3,0.857492925713,0,0.514495755428,0.857492925713,0,0.514495755428,0.499959001074,0,0.299975400644,0.4999556405061463,-2.7755575615628914e-17,0.29997338430368775
30.166666666666668,-50.78545343370629,-8.317878526725934,2.4400083221096236,0.4995963906147361,7.89207612083213e-19,0.2997578343688417,0.5,0.0,0.3,DEPTH_PROPOSAL_CERTIFIED,0.8442113085920648,0,32,0,0,104,FULL_MOTION_CERTIFICATE,0,0,0,37,0,0,0,0,0,,30.233333333,0.5,0,0.3,0.857492925713,0,0.514495755428,0.857492925713,0,0.514495755428,0.499962107053,0,0.299977264232,0.4999590010737281,0.0,0.29997540064423683
30.183333333333334,-50.77712636180827,-8.317878526725934,2.4450045652484342,0.4996243138811129,7.294191566223669e-19,0.29977458832866777,0.5,0.0,0.3,DEPTH_PROPOSAL_CERTIFIED,0.8438093533119277,0,32,0,0,104,FULL_MOTION_CERTIFICATE,0,0,0,37,0,0,0,0,0,,30.25,0.5,0,0.3,0.857492925713,0,0.514495755428,0.857492925713,0,0.514495755428,0.499964977731,0,0.299978986639,0.4999649777309096,0.0,0.2999789866385458
30.2,-50.76879885977913,-8.317878526725934,2.4500010664659193,0.49965012174852175,6.741601296055241e-19,0.2997900730491131,0.5,0.0,0.3,DEPTH_PROPOSAL_CERTIFIED,0.8434231746253031,0,32,0,0,104,FULL_MOTION_CERTIFICATE,0,0,0,37,0,0,0,0,0,,30.266666666,0.5,0,0.3,0.857492925713,0,0.514495755428,0.857492925713,0,0.514495755428,0.499967630933,0,0.29998057856,0.4999649777309096,0.0,0.2999789866385458
30.216666666666665,-50.760470956854554,-8.317878526725934,2.454997808220665,0.4996741754746191,6.230873925141994e-19,0.29980450528477154,0.5,0.0,0.3,DEPTH_PROPOSAL_CERTIFIED,0.8430527762527205,0,32,0,0,104,FULL_MOTION_CERTIFICATE,0,0,0,37,0,0,0,0,0,,30.283333333,0.5,0,0.3,0.857492925713,0,0.514495755428,0.857492925713,0,0.514495755428,0.499970083135,0,0.299982049881,0.4999676309330074,0.0,0.29998057855980437
30.233333333333334,-50.75214268030919,-8.317878526725934,2.4599947741478823,0.49969659272162537,5.758838021722072e-19,0.29981795563297525,0.5,0.0,0.3,DEPTH_PROPOSAL_CERTIFIED,0.8426981616113272,0,32,0,0,104,FULL_MOTION_CERTIFICATE,0,0,0,37,0,0,0,0,0,,30.3,0.5,0,0.3,0.857492925713,0,0.514495755428,0.857492925713,0,0.514495755428,0.499972349564,0,0.299983409739,0.4999700831351014,0.0,0.29998204988106075
30.25,-50.743814055586,-8.317878526725934,2.464991948981797,0.4997174833915254,-1.5704388809944225e-18,0.29983049003491524,0.5,0.0,0.3,DEPTH_PROPOSAL_CERTIFIED,0.8423593338386035,0,32,0,0,104,FULL_MOTION_CERTIFICATE,0,0,0,37,0,0,0,0,0,,30.316666666,0.5,0,0.3,0.857492925713,0,0.514495755428,0.857492925713,0,0.514495755428,0.499974444294,0,0.299984666577,0.4999723495643056,-2.7755575615628914e-17,0.29998340973858334
30.266666666666666,-50.73548510641722,-8.317878526725934,2.4699893184830626,0.4997369501265764,-3.554161360890862e-18,0.2998421700759458,0.5,0.0,0.3,DEPTH_PROPOSAL_CERTIFIED,0.8420362958142986,0,32,0,0,104,FULL_MOTION_CERTIFICATE,0,0,0,37,0,0,0,0,0,,30.333333333,0.5,0,0.3,0.857492925713,0,0.514495755428,0.857492925713,0,0.514495755428,0.499976380333,0,0.2999858282,0.4999744442941986,-2.7755575615628914e-17,0.2999846665765192
30.283333333333335,-50.72715585493758,-8.317878526725934,2.474986869370849,0.4997550887785445,-3.2849067123384822e-18,0.2998530532671267,0.5,0.0,0.3,DEPTH_PROPOSAL_CERTIFIED,0.841729050180706,0,32,0,0,104,FULL_MOTION_CERTIFICATE,0,0,0,37,0,0,0,0,0,,30.35,0.5,0,0.3,0.857492925713,0,0.514495755428,0.857492925713,0,0.514495755428,0.499978169701,0,0.299986901821,0.49997638033255565,0.0,0.2999858281995334
30.3,-50.71882631970196,-8.317878526725934,2.47998459051222,0.49977211413712264,-3.0360501432219445e-18,0.29986326848227357,0.5,0.0,0.3,DEPTH_PROPOSAL_CERTIFIED,0.8414375992903251,0,32,0,0,104,FULL_MOTION_CERTIFICATE,0,0,0,37,0,0,0,0,0,,30.366666666,0.5,0,0.3,0.857492925713,0,0.514495755428,0.857492925713,0,0.514495755428,0.499979823512,0,0.299987894107,0.4999798235117757,0.0,0.29998789410706556
30.316666666666666,-50.71049652220703,-8.317878526725934,2.4849824690091777,0.4997878496958085,-2.8060463444930222e-18,0.2998727098174851,0.5,0.0,0.3,DEPTH_PROPOSAL_CERTIFIED,0.8411619454494383,0,32,0,0,104,FULL_MOTION_CERTIFICATE,0,0,0,37,0,0,0,0,0,,30.383333333,0.5,0,0.3,0.857492925713,0,0.514495755428,0.857492925713,0,0.514495755428,0.499981352034,0,0.29998881122,0.4999798235117757,0.0,0.29998789410706556
30.333333333333332,-50.702166480390964,-8.317878526725934,2.4899804940988157,0.4998025089638261,-2.593467075970836e-18,0.2998815053782957,0.5,0.0,0.3,DEPTH_PROPOSAL_CERTIFIED,0.8409020906935822,0,32,0,0,104,FULL_MOTION_CERTIFICATE,0,0,0,38,0,0,0,0,0,,30.4,0.5,0,0.3,0.857492925713,0,0.514495755428,0.857492925713,0,0.514495755428,0.499982764758,0,0.299989658855,0.49998135203364147,0.0,0.299988811220185
30.35,-50.69383620933059,-8.317878526725934,2.4949786567350416,0.49981626362251075,-4.4996874198846246e-18,0.2998897581735065,0.5,0.0,0.3,DEPTH_PROPOSAL_CERTIFIED,0.8406580368410552,0,32,0,0,104,FULL_MOTION_CERTIFICATE,0,0,0,38,0,0,0,0,0,,30.416666666,0.5,0,0.3,0.857492925713,0,0.514495755428,0.857492925713,0,0.514495755428,0.499984070458,0,0.299990442275,0.4999840704584634,-2.7755575615628914e-17,0.2999904422750781
30.366666666666667,-50.6855057263929,-8.317878526725934,2.4999769464976573,0.49982897626159806,-6.2614971316833346e-18,0.2998973857569589,0.5,0.0,0.3,DEPTH_PROPOSAL_CERTIFIED,0.840429785656335,0,32,0,0,104,FULL_MOTION_CERTIFICATE,0,0,0,38,0,0,0,0,0,,30.433333333,0.5,0,0.3,0.857492925713,0,0.514495755428,0.857492925713,0,0.514495755428,0.499985277242,0,0.299991166345,0.4999840704584634,-2.7755575615628914e-17,0.2999904422750781
30.383333333333333,-50.6771750446972,-8.317878526725934,2.504975355515077,0.4998409017419633,-7.889836410770029e-18,0.29990454104517805,0.5,0.0,0.3,DEPTH_PROPOSAL_CERTIFIED,0.8402173386677956,0,32,0,0,104,FULL_MOTION_CERTIFICATE,0,0,0,38,0,0,0,0,0,,30.45,0.5,0,0.3,0.857492925713,0,0.514495755428,0.857492925713,0,0.514495755428,0.499986392602,0,0.299991835561,0.49998639260241884,-2.7755575615628914e-17,0.29999183556145137
30.4,-50.66884417930092,-8.317878526725934,2.5099738747528453,0.4998519237768463,-9.394816653562284e-18,0.29991115426610787,0.5,0.0,0.3,DEPTH_PROPOSAL_CERTIFIED,0.8400206973481672,0,32,0,0,104,FULL_MOTION_CERTIFICATE,0,0,0,38,0,0,0,0,0,,30.466666666,0.5,0,0.3,0.857492925713,0,0.514495755428,0.857492925713,0,0.514495755428,0.499987423466,0,0.299992454079,0.49998639260241884,-2.7755575615628914e-17,0.29999183556145137
30.416666666666668,-50.66051314281917,-8.317878526725934,2.514972496641894,0.49986218890479966,-6.580392996804936e-18,0.2999173133428799,0.5,0.0,0.3,DEPTH_PROPOSAL_CERTIFIED,0.8398398630051949,0,32,0,0,104,FULL_MOTION_CERTIFICATE,0,0,0,38,0,0,0,0,0,,30.483333333,0.5,0,0.3,0.857492925713,0,0.514495755428,0.857492925713,0,0.514495755428,0.499988376234,0,0.29999302574,0.49998742346583075,2.7755575615628914e-17,0.2999924540794985
30.433333333333334,-50.652181945898135,-8.317878526725934,2.5199712147945155,0.4998718152621612,-6.081878375834893e-18,0.2999230891572968,0.5,0.0,0.3,DEPTH_PROPOSAL_CERTIFIED,0.839674836813751,0,32,0,0,104,FULL_MOTION_CERTIFICATE,0,0,0,38,0,0,0,0,0,,30.5,0.5,0,0.3,0.857492925713,0,0.514495755428,0.857492925713,0,0.514495755428,0.499989256822,0,0.299993554093,0.4999892568219718,0.0,0.2999935540931832
30.45,-50.6438506006923,-8.317878526725934,2.5249700219180156,0.4998807123500256,-5.621130014029246e-18,0.29992842741001546,0.5,0.0,0.3,DEPTH_PROPOSAL_CERTIFIED,0.8395256198934864,0,32,0,0,104,FULL_MOTION_CERTIFICATE,0,0,0,38,0,0,0,0,0,,30.516666666,0.5,0,0.3,0.857492925713,0,0.514495755428,0.857492925713,0,0.514495755428,0.499990070699,0,0.299994042419,0.4999892568219718,0.0,0.2999935540931832
30.466666666666665,-50.635519117407746,-8.317878526725934,2.5299689118887496,0.49988899707343754,-5.1952868311482666e-18,0.2999333982440626,0.5,0.0,0.3,DEPTH_PROPOSAL_CERTIFIED,0.8393922132424405,0,32,0,0,104,FULL_MOTION_CERTIFICATE,0,0,0,38,0,0,0,0,0,,30.533333333,0.5,0,0.3,0.857492925713,0,0.514495755428,0.857492925713,0,0.514495755428,0.499990822919,0,0.299994493751,0.4999900706990627,0.0,0.29999404241943767
30.483333333333334,-50.6271875055552,-8.317878526725934,2.5349678790002765,0.4998967111526351,-4.801704495455155e-18,0.29993802669158115,0.5,0.0,0.3,DEPTH_PROPOSAL_CERTIFIED,0.839274617772036,0,32,0,0,104,FULL_MOTION_CERTIFICATE,0,0,0,38,0,0,0,0,0,,30.55,0.5,0,0.3,0.857492925713,0,0.514495755428,0.857492925713,0,0.514495755428,0.499991518152,0,0.299994910891,0.49999082291884567,0.0,0.2999944937513075
30.5,-50.61885577399685,-8.317878526725934,2.539966917935287,0.4999038935010931,-4.4379390033752395e-18,0.29994233610065596,0.5,0.0,0.3,DEPTH_PROPOSAL_CERTIFIED,0.8391728343141867,0,32,0,0,104,FULL_MOTION_CERTIFICATE,0,0,0,38,0,0,0,0,0,,30.566666666,0.5,0,0.3,0.857492925713,0,0.514495755428,0.857492925713,0,0.514495755428,0.499992160716,0,0.29999529643,0.4999915181522804,0.0,0.2999949108913683
30.516666666666666,-50.61052393098999,-8.317878526725934,2.5449660237394003,0.4999105804113494,-4.1017315031195585e-18,0.2999463482468097,0.5,0.0,0.3,DEPTH_PROPOSAL_CERTIFIED,0.8390868636278741,0,32,0,0,104,FULL_MOTION_CERTIFICATE,0,0,0,38,0,0,0,0,0,,30.583333333,0.5,0,0.3,0.857492925713,0,0.514495755428,0.857492925713,0,0.514495755428,0.499992754602,0,0.299995652761,0.49999216071647584,0.0,0.2999952964298856
30.533333333333335,-50.602191984227844,-8.317878526725934,2.549965191796689,0.4999168057287929,-3.790994268034695e-18,0.2999500834372758,0.5,0.0,0.3,DEPTH_PROPOSAL_CERTIFIED,0.8390167064051772,0,32,0,0,104,FULL_MOTION_CERTIFICATE,0,0,0,38,0,0,0,0,0,,30.6,0.5,0,0.3,0.857492925713,0,0.514495755428,0.857492925713,0,0.514495755428,0.499993303495,0,0.299995982097,0.4999927546016032,0.0,0.29999565276096196
30.55,-50.59385994023707,-8.317878526725934,2.554964418191157,0.49992263944679066,-3.5037977325775375e-18,0.2999535836680745,0.5,0.0,0.3,DEPTH_PROPOSAL_CERTIFIED,0.8389623632732746,0,32,0,0,104,FULL_MOTION_CERTIFICATE,0,0,0,38,0,0,0,0,0,,30.616666666,0.5,0,0.3,0.857492925713,0,0.514495755428,0.857492925713,0,0.514495755428,0.499993810806,0,0.299996286484,0.49999381080636396,0.0,0.2999962864838184
30.566666666666666,-50.58552780638346,-8.317878526725934,2.559963698503321,0.4999280312164553,-3.2383585104125875e-18,0.2999568187298733,0.5,0.0,0.3,DEPTH_PROPOSAL_CERTIFIED,0.8389238348128847,0,32,0,0,104,FULL_MOTION_CERTIFICATE,0,0,0,38,0,0,0,0,0,,30.633333333,0.5,0,0.3,0.857492925713,0,0.514495755428,0.857492925713,0,0.514495755428,0.499994279685,0,0.299996567811,0.49999381080636396,0.0,0.2999962864838184
30.583333333333332,-50.577195588882795,-8.317878526725934,2.564963029003719,0.4999330500398056,-5.09572344262584e-18,0.29995983002388343,0.5,0.0,0.3,DEPTH_PROPOSAL_CERTIFIED,0.8389011215467645,0,32,0,0,104,FULL_MOTION_CERTIFICATE,0,0,0,38,0,0,0,0,0,,30.65,0.5,0,0.3,0.857492925713,0,0.514495755428,0.857492925713,0,0.514495755428,0.499994713042,0,0.299996827825,0.4999942796846791,-2.7755575615628914e-17,0.29999656781080747
30.6,-50.568863293019085,-8.317878526725934,2.569962406521943,0.4999377518223219,-4.7096837878813976e-18,0.2999626510933932,0.5,0.0,0.3,DEPTH_PROPOSAL_CERTIFIED,0.8388942239505894,0,32,0,0,104,FULL_MOTION_CERTIFICATE,0,0,0,38,0,0,0,0,0,,30.666666666,0.5,0,0.3,0.857492925713,0,0.514495755428,0.857492925713,0,0.514495755428,0.499995113569,0,0.299997068141,0.49999511356902104,0.0,0.29999706814141264
30.616666666666667,-50.56053092472893,-8.317878526725934,2.574961827496035,0.49994209740919304,-4.352889561526766e-18,0.2999652584455159,0.5,0.0,0.3,DEPTH_PROPOSAL_CERTIFIED,0.8389031424586062,0,32,0,0,104,FULL_MOTION_CERTIFICATE,0,0,0,38,0,0,0,0,0,,30.683333333,0.5,0,0.3,0.857492925713,0,0.514495755428,0.857492925713,0,0.514495755428,0.499995483753,0,0.299997290252,0.49999511356902104,0.0,0.29999706814141264
30.633333333333333,-50.552198488599785,-8.317878526725934,2.5799612891735233,0.49994616774888373,-4.02312520080506e-18,0.2999677006493303,0.5,0.0,0.3,DEPTH_PROPOSAL_CERTIFIED,0.8389278774652731,0,32,0,0,104,FULL_MOTION_CERTIFICATE,0,0,0,38,0,0,0,0,0,,30.7,0.5,0,0.3,0.857492925713,0,0.514495755428,0.857492925713,0,0.514495755428,0.499995825893,0,0.299997495536,0.49999582589311,0.0,0.29999749553586597
30.65,-50.543865989770964,-8.317878526725934,2.584960788470818,0.4999499297295069,-3.718342988622876e-18,0.29996995783770425,0.5,0.0,0.3,DEPTH_PROPOSAL_CERTIFIED,0.8389684293270161,0,32,0,0,104,FULL_MOTION_CERTIFICATE,0,0,0,38,0,0,0,0,0,,30.716666666,0.5,0,0.3,0.857492925713,0,0.514495755428,0.857492925713,0,0.514495755428,0.499996142113,0,0.299997685268,0.49999582589311,0.0,0.29999749553586597
30.666666666666668,-50.53553343259317,-8.317878526725934,2.5899603227774954,0.4999534306676743,-5.539345460366042e-18,0.29997205840060465,0.5,0.0,0.3,DEPTH_PROPOSAL_CERTIFIED,0.8390247983673242,0,32,0,0,104,FULL_MOTION_CERTIFICATE,0,0,0,38,0,0,0,0,0,,30.733333333,0.5,0,0.3,0.857492925713,0,0.514495755428,0.857492925713,0,0.514495755428,0.499996434377,0,0.299997860626,0.4999961421133162,-2.7755575615628914e-17,0.29999768526798976
30.683333333333334,-50.52720082111776,-8.317878526725934,2.5949598896627397,0.4999566885244766,-5.1196980770050024e-18,0.299974013114686,0.5,0.0,0.3,DEPTH_PROPOSAL_CERTIFIED,0.839096984879532,0,32,0,0,104,FULL_MOTION_CERTIFICATE,0,0,0,38,0,0,0,0,0,,30.75,0.5,0,0.3,0.857492925713,0,0.514495755428,0.857492925713,0,0.514495755428,0.4999967045,0,0.2999980227,0.49999643437746477,0.0,0.2999978606264789
30.7,-50.51886815911713,-8.317878526725934,2.5999594868631175,0.49995972003780337,-4.731842162080403e-18,0.2999758320226821,0.5,0.0,0.3,DEPTH_PROPOSAL_CERTIFIED,0.839184989129417,0,32,0,0,104,FULL_MOTION_CERTIFICATE,0,0,0,38,0,0,0,0,0,,30.766666666,0.5,0,0.3,0.857492925713,0,0.514495755428,0.857492925713,0,0.514495755428,0.499996954159,0,0.299998172496,0.4999967045003896,0.0,0.29999802270023374
30.716666666666665,-50.510535450103724,-8.317878526725934,2.604959112271163,0.4999625408045941,-2.2706741486177158e-18,0.2999775244827565,0.5,0.0,0.3,DEPTH_PROPOSAL_CERTIFIED,0.839288811357616,0,32,0,0,104,FULL_MOTION_CERTIFICATE,0,0,0,38,0,0,0,0,0,,30.783333333,0.5,0,0.3,0.857492925713,0,0.514495755428,0.857492925713,0,0.514495755428,0.499997184905,0,0.299998310943,0.499996954159441,2.7755575615628914e-17,0.2999981724956646
30.733333333333334,-50.50220269734776,-8.317878526725934,2.60995876392474,0.49996516535765084,4.0417426134448425e-21,0.2999790992145905,0.5,0.0,0.3,DEPTH_PROPOSAL_CERTIFIED,0.839408451781793,0,32,0,0,104,FULL_MOTION_CERTIFICATE,0,0,0,38,0,0,0,0,0,,30.8,0.5,0,0.3,0.857492925713,0,0.514495755428,0.857492925713,0,0.514495755428,0.49999739817,0,0.299998438902,0.4999971849049425,2.7755575615628914e-17,0.2999983109429655
30.75,-50.49386990389381,-8.317878526725934,2.6149584399971135,0.49996760723735334,3.73554999121419e-21,0.299980564342412,0.5,0.0,0.3,DEPTH_PROPOSAL_CERTIFIED,0.8395439105986682,0,32,0,0,104,FULL_MOTION_CERTIFICATE,0,0,0,38,0,0,0,0,0,,30.816666666,0.5,0,0.3,0.857492925713,0,0.514495755428,0.857492925713,0,0.514495755428,0.499997595278,0,0.299998557167,0.49999739816972383,0.0,0.2999984389018343
30.766666666666666,-50.485537072576165,-8.317878526725934,2.6199581387876996,0.4999698790586198,3.452553779758586e-21,0.2999819274351719,0.5,0.0,0.3,DEPTH_PROPOSAL_CERTIFIED,0.8396951879858692,0,32,0,0,104,FULL_MOTION_CERTIFICATE,0,0,0,38,0,0,0,0,0,,30.833333333,0.5,0,0.3,0.857492925713,0,0.514495755428,0.857492925713,0,0.514495755428,0.499997777454,0,0.299998666472,0.4999975952780702,0.0,0.29999855716684215
30.783333333333335,-50.47720420603327,-8.317878526725934,2.6249578587134343,0.4999719925734196,-2.0995041257212272e-18,0.2999831955440518,0.5,0.0,0.3,DEPTH_PROPOSAL_CERTIFIED,0.8398622841036036,0,32,0,0,104,FULL_MOTION_CERTIFICATE,0,0,0,38,0,0,0,0,0,,30.85,0.5,0,0.3,0.857492925713,0,0.514495755428,0.857492925713,0,0.514495755428,0.499997945829,0,0.299998767497,0.4999977774539776,-2.7755575615628914e-17,0.2999986664723866
30.8,-50.46887130652463,-8.317878526725934,2.6299575984186183,0.49997397051844183,-1.9404507828635674e-18,0.2999843823110651,0.5,0.0,0.3,DEPTH_PROPOSAL_CERTIFIED,0.8400451991007345,0,32,0,0,104,FULL_MOTION_CERTIFICATE,0,0,0,38,0,0,0,0,0,,30.866666666,0.5,0,0.3,0.857492925713,0,0.514495755428,0.857492925713,0,0.514495755428,0.499998101448,0,0.299998860869,0.49999810144771284,0.0,0.29999886086862776
30.816666666666666,-50.460538376547646,-8.317878526725934,2.6349573564048097,0.4999757986191442,-1.7934469356769418e-18,0.29998547917148655,0.5,0.0,0.3,DEPTH_PROPOSAL_CERTIFIED,0.8402439331030676,0,32,0,0,104,FULL_MOTION_CERTIFICATE,0,0,0,38,0,0,0,0,0,,30.866666666,0.5,0,0.3,0.857492925713,0,0.514495755428,0.857492925713,0,0.514495755428,0.499998101448,0,0.299998860869,0.49999810144771284,0.0,0.29999886086862776
30.833333333333332,-50.45220541822892,-8.317878526725934,2.639957131396045,0.49997749912356015,-3.760274865976222e-18,0.2999864994741361,0.5,0.0,0.3,DEPTH_PROPOSAL_CERTIFIED,0.8404584862273374,0,32,0,0,104,FULL_MOTION_CERTIFICATE,0,0,0,38,0,0,0,0,0,,30.9,0.5,0,0.3,0.857492925713,0,0.514495755428,0.857492925713,0,0.514495755428,0.499998378211,0,0.299999026927,0.4999982452774344,-2.7755575615628914e-17,0.2999989471664607
30.85,-50.44387243339258,-8.317878526725934,2.6449569222978497,0.4999790901803939,-3.475405557947676e-18,0.29998745410823635,0.5,0.0,0.3,DEPTH_PROPOSAL_CERTIFIED,0.8406888585827945,0,32,0,0,104,FULL_MOTION_CERTIFICATE,0,0,0,38,0,0,0,0,0,,30.916666666,0.5,0,0.3,0.857492925713,0,0.514495755428,0.857492925713,0,0.514495755428,0.499998501074,0,0.299999100644,0.49999850107376553,0.0,0.29999910064425933
30.866666666666667,-50.43553942404753,-8.317878526725934,2.6499567279048755,0.499980560702619,-3.2121172581031697e-18,0.2999883364215714,0.5,0.0,0.3,DEPTH_PROPOSAL_CERTIFIED,0.8409350502591915,0,32,0,0,104,FULL_MOTION_CERTIFICATE,0,0,0,38,0,0,0,0,0,,30.933333333,0.5,0,0.3,0.857492925713,0,0.514495755428,0.857492925713,0,0.514495755428,0.499998614629,0,0.299999168777,0.49999850107376553,0.0,0.29999910064425933
30.883333333333333,-50.42720639177461,-8.317878526725934,2.6549565472686276,0.49998193637523514,-2.968775041580216e-18,0.2999891618251411,0.5,0.0,0.3,DEPTH_PROPOSAL_CERTIFIED,0.8411970613448969,0,32,0,0,104,FULL_MOTION_CERTIFICATE,0,0,0,38,0,0,0,0,0,,30.95,0.5,0,0.3,0.857492925713,0,0.514495755428,0.857492925713,0,0.514495755428,0.499998719581,0,0.299999231749,0.4999987195811524,0.0,0.2999992317486915
30.9,-50.418873338310775,-8.317878526725934,2.6599563793469296,0.49998320783022887,-2.7438678414605153e-18,0.29998992469813734,0.5,0.0,0.3,DEPTH_PROPOSAL_CERTIFIED,0.8414748919109274,0,32,0,0,104,FULL_MOTION_CERTIFICATE,0,0,0,38,0,0,0,0,0,,30.966666666,0.5,0,0.3,0.857492925713,0,0.514495755428,0.857492925713,0,0.514495755428,0.499998816583,0,0.29999928995,0.4999987195811524,0.0,0.2999992317486915
30.916666666666668,-50.41054026513891,-8.317878526725934,2.664956223250045,0.4999843903114673,-2.535999065592262e-18,0.29999063418688043,0.5,0.0,0.3,DEPTH_PROPOSAL_CERTIFIED,0.8417685420243,0,32,0,0,107,FULL_MOTION_CERTIFICATE,0,0,0,38,0,0,0,0,0,,30.983333333,0.5,0,0.3,0.857492925713,0,0.514495755428,0.857492925713,0,0.514495755428,0.499998906235,0,0.299999343741,0.4999988165825764,0.0,0.29999928994954583
30.933333333333334,-50.402207173534244,-8.317878526725934,2.669956078212845,0.4999854962800204,-2.3438779242595257e-18,0.2999912977680123,0.5,0.0,0.3,DEPTH_PROPOSAL_CERTIFIED,0.8420780117486835,0,32,0,0,107,FULL_MOTION_CERTIFICATE,0,0,0,38,0,0,0,0,0,,31,0.5,0,0.3,0.857492925713,0,0.514495755428,0.857492925713,0,0.514495755428,0.499998989096,0,0.299999393458,0.49999898909636853,0.0,0.2999993934578211
30.95,-50.39387406489319,-8.317878526725934,2.6749559433974754,0.4999865184630771,-2.1663114148459354e-18,0.2999919110778463,0.5,0.0,0.3,DEPTH_PROPOSAL_CERTIFIED,0.8435675539601126,0,32,0,0,107,FULL_MOTION_CERTIFICATE,0,0,0,38,0,0,0,0,0,,31.016666666,0.5,0,0.3,0.857492925713,0,0.514495755428,0.857492925713,0,0.514495755428,0.49999906568,0,0.299999439408,0.49999898909636853,0.0,0.2999993934578211
30.966666666666665,-50.38554094040969,-8.317878526725934,2.6799558180875733,0.4999874690098117,-2.0021969137212528e-18,0.299992481405887,0.5,0.0,0.3,DEPTH_PROPOSAL_CERTIFIED,0.8454941294289573,0,32,0,0,107,FULL_MOTION_CERTIFICATE,0,0,0,38,0,0,0,0,0,,31.033333333,0.5,0,0.3,0.857492925713,0,0.514495755428,0.857492925713,0,0.514495755428,0.499999136462,0,0.299999481877,0.4999990656799739,0.0,0.29999943940798435
30.983333333333334,-50.37720780119456,-8.317878526725934,2.684955701616651,0.4999883529076893,-1.8505153293484067e-18,0.29999301174461357,0.5,0.0,0.3,DEPTH_PROPOSAL_CERTIFIED,0.8474385220180178,0,32,0,0,107,FULL_MOTION_CERTIFICATE,0,0,0,38,0,0,0,0,0,,31.05,0.5,0,0.3,0.857492925713,0,0.514495755428,0.857492925713,0,0.514495755428,0.499999201881,0,0.299999521129,0.49999913646179545,0.0,0.2999994818770773
31.0,-50.368874648281235,-8.317878526725934,2.689955593364647,0.49998917479963384,-3.813019896490758e-18,0.2999935048797803,0.5,0.0,0.3,DEPTH_PROPOSAL_CERTIFIED,0.8494007315773209,0,32,0,0,107,FULL_MOTION_CERTIFICATE,0,0,0,38,0,0,0,0,0,,31.066666666,0.5,0,0.3,0.857492925713,0,0.514495755428,0.857492925713,0,0.514495755428,0.499999262345,0,0.299999557407,0.49999920188135777,-2.7755575615628914e-17,0.29999952112881473
31.016666666666666,-50.360541482631106,-8.317878526725934,2.694955492754723,0.4999899390076077,-3.524154752817232e-18,0.29999396340456463,0.5,0.0,0.3,DEPTH_PROPOSAL_CERTIFIED,0.8513807579652548,0,32,0,0,107,FULL_MOTION_CERTIFICATE,0,0,0,38,0,0,0,0,0,,31.083333333,0.5,0,0.3,0.857492925713,0,0.514495755428,0.857492925713,0,0.514495755428,0.499999318228,0,0.299999590937,0.4999992623448888,0.0,0.29999955740693335
31.033333333333335,-50.352208305138525,-8.317878526725934,2.69995539925027,0.499990649554596,-3.257173332149218e-18,0.2999943897327576,0.5,0.0,0.3,DEPTH_PROPOSAL_CERTIFIED,0.8533786010481275,0,32,0,0,107,FULL_MOTION_CERTIFICATE,0,0,0,38,0,0,0,0,0,,31.1,0.5,0,0.3,0.857492925713,0,0.514495755428,0.857492925713,0,0.514495755428,0.499999369877,0,0.299999621926,0.49999931822785293,0.0,0.2999995909367118
31.05,-50.34387511663544,-8.317878526725934,2.7049553123521206,0.4999913101851008,-9.077226542873718e-19,0.29999478611106045,0.5,0.0,0.3,DEPTH_PROPOSAL_CERTIFIED,0.8553942606997644,0,32,0,0,107,FULL_MOTION_CERTIFICATE,0,0,0,38,0,0,0,0,0,,31.116666666,0.5,0,0.3,0.857492925713,0,0.514495755428,0.857492925713,0,0.514495755428,0.499999417614,0,0.299999650568,0.49999936987725907,2.7755575615628914e-17,0.2999996219263555
31.066666666666666,-50.3355419178957,-8.317878526725934,2.7099552315959627,0.49999192438424683,-8.3895578653833235e-19,0.2999951546305481,0.5,0.0,0.3,DEPTH_PROPOSAL_CERTIFIED,0.8574277368011098,0,32,0,0,108,FULL_MOTION_CERTIFICATE,0,0,0,38,0,0,0,0,0,,31.133333333,0.5,0,0.3,0.857492925713,0,0.514495755428,0.857492925713,0,0.514495755428,0.499999461734,0,0.29999967704,0.49999941761382843,0.0,0.2999996505682971
31.083333333333332,-50.32720870963911,-8.317878526725934,2.7149551565499186,0.4999924953955913,-7.753985299824017e-19,0.2999954972373548,0.5,0.0,0.3,DEPTH_PROPOSAL_CERTIFIED,0.8594790292398655,0,32,0,0,108,FULL_MOTION_CERTIFICATE,0,0,0,38,0,0,0,0,0,,31.15,0.5,0,0.3,0.857492925713,0,0.514495755428,0.857492925713,0,0.514495755428,0.499999502512,0,0.299999701507,0.49999946173399384,0.0,0.2999996770403963
31.1,-50.31887549248756,-8.317878526725934,2.7199550868408484,0.4999930290929122,-7.166562171049378e-19,0.2999958174557473,0.5,0.0,0.3,DEPTH_PROPOSAL_CERTIFIED,0.86154813792198,0,32,0,0,108,FULL_MOTION_CERTIFICATE,0,0,0,38,0,0,0,0,0,,31.166666666,0.5,0,0.3,0.857492925713,0,0.514495755428,0.857492925713,0,0.514495755428,0.4999995402,0,0.29999972412,0.49999954020022674,0.0,0.29999972412013604
31.116666666666667,-50.31054226711491,-8.317878526725934,2.7249550220644343,0.4999935223586179,-6.623640794454759e-19,0.29999611341517074,0.5,0.0,0.3,DEPTH_PROPOSAL_CERTIFIED,0.8636350627350202,0,32,0,0,108,FULL_MOTION_CERTIFICATE,0,0,0,38,0,0,0,0,0,,31.183333333,0.5,0,0.3,0.857492925713,0,0.514495755428,0.857492925713,0,0.514495755428,0.499999575034,0,0.29999974502,0.49999954020022674,0.0,0.29999972412013604
31.133333333333333,-50.30220903405935,-8.317878526725934,2.7299549618977696,0.499993983333569,-6.121849825177912e-19,0.2999963900001414,0.5,0.0,0.3,DEPTH_PROPOSAL_CERTIFIED,0.8657398035952064,0,32,0,0,108,FULL_MOTION_CERTIFICATE,0,0,0,38,0,0,0,0,0,,31.2,0.5,0,0.3,0.857492925713,0,0.514495755428,0.857492925713,0,0.514495755428,0.499999607228,0,0.299999764337,0.4999996072279727,0.0,0.29999976433678366
31.15,-50.29387579390291,-8.317878526725934,2.734954905991631,0.49999440938617534,-5.65807332327052e-19,0.2999966456317052,0.5,0.0,0.3,DEPTH_PROPOSAL_CERTIFIED,0.8678623604029378,0,32,0,0,108,FULL_MOTION_CERTIFICATE,0,0,0,38,0,0,0,0,0,,31.216666666,0.5,0,0.3,0.857492925713,0,0.514495755428,0.857492925713,0,0.514495755428,0.499999636983,0,0.29999978219,0.4999996072279727,0.0,0.29999976433678366
31.166666666666668,-50.28554254714597,-8.317878526725934,2.7399548540457945,0.4999948054162702,-5.229431404840868e-19,0.29999688324976215,0.5,0.0,0.3,DEPTH_PROPOSAL_CERTIFIED,0.8700027330746958,0,32,0,0,108,FULL_MOTION_CERTIFICATE,0,0,0,38,0,0,0,0,0,,31.233333333,0.5,0,0.3,0.857492925713,0,0.514495755428,0.857492925713,0,0.514495755428,0.499999664485,0,0.299999798691,0.49999963698342814,0.0,0.2999997821900569
31.183333333333334,-50.277209294221755,-8.317878526725934,2.7449548058003255,0.4999951754531067,-4.833262359019613e-19,0.299997105271864,0.5,0.0,0.3,DEPTH_PROPOSAL_CERTIFIED,0.8721609215401498,0,32,0,0,108,FULL_MOTION_CERTIFICATE,0,0,0,39,0,0,0,0,0,,31.25,0.5,0,0.3,0.857492925713,0,0.514495755428,0.857492925713,0,0.514495755428,0.499999689903,0,0.299999813942,0.49999968990251165,0.0,0.299999813941507
31.2,-50.26887603559747,-8.317878526725934,2.7499547609748936,0.4999955174568495,-4.467106119699966e-19,0.2999973104741097,0.5,0.0,0.3,DEPTH_PROPOSAL_CERTIFIED,0.8743369257163538,0,32,0,0,108,FULL_MOTION_CERTIFICATE,0,0,0,39,0,0,0,0,0,,31.266666666,0.5,0,0.3,0.857492925713,0,0.514495755428,0.857492925713,0,0.514495755428,0.499999713395,0,0.299999828037,0.49999968990251165,0.0,0.299999813941507
31.216666666666665,-50.26054277167529,-8.317878526725934,2.7549547193282025,0.49999583533093245,-4.1286889894196845e-19,0.2999975011985595,0.5,0.0,0.3,DEPTH_PROPOSAL_CERTIFIED,0.8765307455335605,0,32,0,0,108,FULL_MOTION_CERTIFICATE,0,0,0,39,0,0,0,0,0,,31.283333333,0.5,0,0.3,0.857492925713,0,0.514495755428,0.857492925713,0,0.514495755428,0.499999735107,0,0.299999841064,0.4999997133947447,0.0,0.29999982803684677
31.233333333333334,-50.252209502829146,-8.317878526725934,2.7599546806358886,0.4999961307685334,-3.815909520524205e-19,0.29999767846112,0.5,0.0,0.3,DEPTH_PROPOSAL_CERTIFIED,0.8787423809261001,0,32,0,0,108,FULL_MOTION_CERTIFICATE,0,0,0,39,0,0,0,0,0,,31.3,0.5,0,0.3,0.857492925713,0,0.514495755428,0.857492925713,0,0.514495755428,0.499999755175,0,0.299999853105,0.4999997351072645,0.0,0.2999998410643586
31.25,-50.24387622940673,-8.317878526725934,2.764954644689336,0.499996405344773,-3.5268254659390545e-19,0.2999978432068638,0.5,0.0,0.3,DEPTH_PROPOSAL_CERTIFIED,0.8809718318321622,0,32,0,0,108,FULL_MOTION_CERTIFICATE,0,0,0,39,0,0,0,0,0,,31.316666666,0.5,0,0.3,0.857492925713,0,0.514495755428,0.857492925713,0,0.514495755428,0.499999773722,0,0.299999864233,0.49999975517489637,0.0,0.29999985310493776
31.266666666666666,-50.23554295173132,-8.317878526725934,2.7699546112945845,0.49999666052488506,-3.2596417185194443e-19,0.299997996314931,0.5,0.0,0.3,DEPTH_PROPOSAL_CERTIFIED,0.8832190981935686,0,32,0,0,108,FULL_MOTION_CERTIFICATE,0,0,0,39,0,0,0,0,0,,31.333333333,0.5,0,0.3,0.857492925713,0,0.514495755428,0.857492925713,0,0.514495755428,0.499999790865,0,0.299999874519,0.4999997737222519,0.0,0.2999998642333511
31.283333333333335,-50.227209670103456,-8.317878526725934,2.7749545802713036,0.49999689767182603,-2.40396503880507e-18,0.2999981386030956,0.5,0.0,0.3,DEPTH_PROPOSAL_CERTIFIED,0.885484179955585,0,32,0,0,108,FULL_MOTION_CERTIFICATE,0,0,0,39,0,0,0,0,0,,31.35,0.5,0,0.3,0.857492925713,0,0.514495755428,0.857492925713,0,0.514495755428,0.499999806708,0,0.299999884025,0.49999979086450597,-2.7755575615628914e-17,0.29999987451870347
31.3,-50.21887638480257,-8.317878526725934,2.779954551451837,0.4999971180533623,-2.2218464752592416e-18,0.29999827083201736,0.5,0.0,0.3,DEPTH_PROPOSAL_CERTIFIED,0.8877670770667094,0,32,0,0,108,FULL_MOTION_CERTIFICATE,0,0,0,39,0,0,0,0,0,,31.366666666,0.5,0,0.3,0.857492925713,0,0.514495755428,0.857492925713,0,0.514495755428,0.499999821351,0,0.299999892811,0.4999998067081043,0.0,0.2999998840248625
31.316666666666666,-50.21054309608843,-8.317878526725934,2.7849545246803236,0.4999973228486704,4.917034980791392e-20,0.2999983937092022,0.5,0.0,0.3,DEPTH_PROPOSAL_CERTIFIED,0.8900677894785018,0,32,0,0,108,FULL_MOTION_CERTIFICATE,0,0,0,39,0,0,0,0,0,,31.383333333,0.5,0,0.3,0.857492925713,0,0.514495755428,0.857492925713,0,0.514495755428,0.499999834885,0,0.299999900931,0.4999998213514291,2.7755575615628914e-17,0.2999998928108574
31.333333333333332,-50.202209804202525,-8.317878526725934,2.789954499811868,0.49999751315448415,4.544532330731459e-20,0.2999985078926905,0.5,0.0,0.3,DEPTH_PROPOSAL_CERTIFIED,0.8923863171454034,0,32,0,0,108,FULL_MOTION_CERTIFICATE,0,0,0,39,0,0,0,0,0,,31.4,0.5,0,0.3,0.857492925713,0,0.514495755428,0.857492925713,0,0.514495755428,0.499999847394,0,0.299999908436,0.49999983488541205,0.0,0.2999999009312472
31.35,-50.193876509354745,-8.317878526725934,2.7949544767205357,0.4999976908666555,-2.0606926266124256e-18,0.2999986145199933,0.5,0.0,0.3,DEPTH_PROPOSAL_CERTIFIED,0.894722660028691,0,32,0,0,108,FULL_MOTION_CERTIFICATE,0,0,0,39,0,0,0,0,0,,31.416666666,0.5,0,0.3,0.857492925713,0,0.514495755428,0.857492925713,0,0.514495755428,0.499999858955,0,0.299999915373,0.4999998589551463,-2.7755575615628914e-17,0.2999999153730877
31.366666666666667,-50.185543211769485,-8.317878526725934,2.7999544552716933,0.4999978551157836,-4.007274671234776e-18,0.2999987130694702,0.5,0.0,0.3,DEPTH_PROPOSAL_CERTIFIED,0.8970768180837259,0,32,0,0,108,FULL_MOTION_CERTIFICATE,0,0,0,39,0,0,0,0,0,,31.433333333,0.5,0,0.3,0.857492925713,0,0.514495755428,0.857492925713,0,0.514495755428,0.49999986964,0,0.299999921784,0.4999998589551463,-2.7755575615628914e-17,0.2999999153730877
31.383333333333333,-50.17720991162816,-8.317878526725934,2.8049544353564873,0.4999980084794434,-3.70369325674731e-18,0.2999988050876661,0.5,0.0,0.3,DEPTH_PROPOSAL_CERTIFIED,0.9003788053486488,0,32,0,0,108,FULL_MOTION_CERTIFICATE,0,0,0,39,0,0,0,0,0,,31.45,0.5,0,0.3,0.857492925713,0,0.514495755428,0.857492925713,0,0.514495755428,0.499999879516,0,0.29999992771,0.499999879516093,0.0,0.2999999277096558
31.4,-50.16887660912442,-8.317878526725934,2.8099544168587336,0.49999815022464417,-3.4231104342664693e-18,0.29999889013478653,0.5,0.0,0.3,DEPTH_PROPOSAL_CERTIFIED,0.9037051717714546,0,32,0,0,108,FULL_MOTION_CERTIFICATE,0,0,0,39,0,0,0,0,0,,31.466666666,0.5,0,0.3,0.857492925713,0,0.514495755428,0.857492925713,0,0.514495755428,0.499999888644,0,0.299999933186,0.499999879516093,0.0,0.2999999277096558
31.416666666666668,-50.1605433044257,-8.317878526725934,2.814954399677965,0.49999828192305457,-3.1637838862159385e-18,0.2999989691538328,0.5,0.0,0.3,DEPTH_PROPOSAL_CERTIFIED,0.9070473588563388,0,32,0,0,108,FULL_MOTION_CERTIFICATE,0,0,0,39,0,0,0,0,0,,31.483333333,0.5,0,0.3,0.857492925713,0,0.514495755428,0.857492925713,0,0.514495755428,0.49999989708,0,0.299999938248,0.49999988864366124,0.0,0.2999999331861968
31.433333333333334,-50.15220999768764,-8.317878526725934,2.8199543837207988,0.49999840428341014,-2.924103288775351e-18,0.2999990425700461,0.5,0.0,0.3,DEPTH_PROPOSAL_CERTIFIED,0.9104053665529452,0,32,0,0,108,FULL_MOTION_CERTIFICATE,0,0,0,39,0,0,0,0,0,,31.5,0.5,0,0.3,0.857492925713,0,0.514495755428,0.857492925713,0,0.514495755428,0.499999904877,0,0.299999942926,0.49999989707974773,0.0,0.2999999382478486
31.45,-50.1438766890549,-8.317878526725934,2.8249543689004457,0.4999985179647227,-2.7025803123529882e-18,0.2999991107788337,0.5,0.0,0.3,DEPTH_PROPOSAL_CERTIFIED,0.9137791948141849,0,32,0,0,108,FULL_MOTION_CERTIFICATE,0,0,0,39,0,0,0,0,0,,31.516666666,0.5,0,0.3,0.857492925713,0,0.514495755428,0.857492925713,0,0.514495755428,0.499999912083,0,0.29999994725,0.4999999048767366,0.0,0.299999942926042
31.466666666666665,-50.1355433786619,-8.317878526725934,2.829954355136243,0.49999862357974706,-2.4978393795989856e-18,0.29999917414784827,0.5,0.0,0.3,DEPTH_PROPOSAL_CERTIFIED,0.9171688435960381,0,32,0,0,108,FULL_MOTION_CERTIFICATE,0,0,0,39,0,0,0,0,0,,31.533333333,0.5,0,0.3,0.857492925713,0,0.514495755428,0.857492925713,0,0.514495755428,0.499999918743,0,0.299999951246,0.4999999120830442,0.0,0.2999999472498265
31.483333333333334,-50.127210066633594,-8.317878526725934,2.834954342353226,0.49999872169820714,-2.30860912356873e-18,0.2999992330189243,0.5,0.0,0.3,DEPTH_PROPOSAL_CERTIFIED,0.9205743128573498,0,32,0,0,108,FULL_MOTION_CERTIFICATE,0,0,0,39,0,0,0,0,0,,31.55,0.5,0,0.3,0.857492925713,0,0.514495755428,0.857492925713,0,0.514495755428,0.499999924899,0,0.29999995494,0.4999999187434198,0.0,0.29999995124605183
31.5,-50.1188767530861,-8.317878526725934,2.839954330481724,0.49999881284979913,-2.133714492995351e-18,0.2999992877098795,0.5,0.0,0.3,DEPTH_PROPOSAL_CERTIFIED,0.9239956025596527,0,32,0,0,108,FULL_MOTION_CERTIFICATE,0,0,0,39,0,0,0,0,0,,31.566666666,0.5,0,0.3,0.857492925713,0,0.514495755428,0.857492925713,0,0.514495755428,0.499999930589,0,0.299999958353,0.4999999248992214,0.0,0.2999999549395328
31.516666666666666,-50.110543438127316,-8.317878526725934,2.8449543194569933,0.4999988975269866,-1.9720694556472277e-18,0.299999338516192,0.5,0.0,0.3,DEPTH_PROPOSAL_CERTIFIED,0.927432712666989,0,32,0,0,108,FULL_MOTION_CERTIFICATE,0,0,0,39,0,0,0,0,0,,31.583333333,0.5,0,0.3,0.857492925713,0,0.514495755428,0.857492925713,0,0.514495755428,0.499999935847,0,0.299999961508,0.4999999305886741,0.0,0.29999995835320437
31.533333333333335,-50.102210121857524,-8.317878526725934,2.84995430921887,0.49999897618760186,-1.8226702544618083e-18,0.29999938571256113,0.5,0.0,0.3,DEPTH_PROPOSAL_CERTIFIED,0.9308856431457551,0,32,0,0,108,FULL_MOTION_CERTIFICATE,0,0,0,39,0,0,0,0,0,,31.6,0.5,0,0.3,0.857492925713,0,0.514495755428,0.857492925713,0,0.514495755428,0.499999940707,0,0.299999964424,0.499999935847108,0.0,0.2999999615082647
31.55,-50.093876804364236,-8.317878526725934,2.854954299714845,0.49999904959756053,-1.6845891745783458e-18,0.29999942975853633,0.5,0.0,0.3,DEPTH_PROPOSAL_CERTIFIED,0.934354393966901,0,32,0,0,108,FULL_MOTION_CERTIFICATE,0,0,0,39,0,0,0,0,0,,31.616666666,0.5,0,0.3,0.857492925713,0,0.514495755428,0.857492925713,0,0.514495755428,0.499999945199,0,0.299999967119,0.4999999451990561,0.0,0.2999999671194336
31.566666666666666,-50.08554348574013,-8.317878526725934,2.8599542908893065,0.49999911744615866,-1.556968782564842e-18,0.2999994704676952,0.5,0.0,0.3,DEPTH_PROPOSAL_CERTIFIED,0.9378389650985555,0,32,0,0,108,FULL_MOTION_CERTIFICATE,0,0,0,39,0,0,0,0,0,,31.633333333,0.5,0,0.3,0.857492925713,0,0.514495755428,0.857492925713,0,0.514495755428,0.499999949351,0,0.29999996961,0.4999999451990561,0.0,0.2999999671194336
31.583333333333332,-50.07721016606565,-8.317878526725934,2.8649542826939984,0.49999918046922565,-1.439016602067512e-18,0.2999995082815354,0.5,0.0,0.3,DEPTH_PROPOSAL_CERTIFIED,0.9413393565132957,0,32,0,0,108,FULL_MOTION_CERTIFICATE,0,0,0,39,0,0,0,0,0,,31.65,0.5,0,0.3,0.857492925713,0,0.514495755428,0.857492925713,0,0.514495755428,0.499999953188,0,0.299999971913,0.49999994935064285,0.0,0.29999996961038566
31.6,-50.0688768454155,-8.317878526725934,2.8699542750840843,0.4999992390085052,-1.3300001928199563e-18,0.2999995434051031,0.5,0.0,0.3,DEPTH_PROPOSAL_CERTIFIED,0.9448555681855089,0,32,0,0,108,FULL_MOTION_CERTIFICATE,0,0,0,39,0,0,0,0,0,,31.666666666,0.5,0,0.3,0.857492925713,0,0.514495755428,0.857492925713,0,0.514495755428,0.499999956734,0,0.29999997404,0.4999999531877154,0.0,0.2999999719126293
31.616666666666667,-50.060543523859145,-8.317878526725934,2.8749542680179005,0.49999929338165633,-1.2292426024548139e-18,0.2999995760289938,0.5,0.0,0.3,DEPTH_PROPOSAL_CERTIFIED,0.9483876000912401,0,32,0,0,108,FULL_MOTION_CERTIFICATE,0,0,0,39,0,0,0,0,0,,31.683333333,0.5,0,0.3,0.857492925713,0,0.514495755428,0.857492925713,0,0.514495755428,0.499999960012,0,0.299999976007,0.4999999567341005,0.0,0.2999999740404603
31.633333333333333,-50.05221020145726,-8.317878526725934,2.8799542614590345,0.49999934411344205,-1.136118162874909e-18,0.2999996064680652,0.5,0.0,0.3,DEPTH_PROPOSAL_CERTIFIED,0.9519354522097705,0,32,0,0,108,FULL_MOTION_CERTIFICATE,0,0,0,39,0,0,0,0,0,,31.7,0.5,0,0.3,0.857492925713,0,0.514495755428,0.857492925713,0,0.514495755428,0.499999963041,0,0.299999977825,0.4999999630412279,0.0,0.29999997782473664
31.65,-50.04387687827389,-8.317878526725934,2.8849542553690535,0.49999939100191065,-1.0500486050813603e-18,0.29999963460114637,0.5,0.0,0.3,DEPTH_PROPOSAL_CERTIFIED,0.9554991245184541,0,32,0,0,108,FULL_MOTION_CERTIFICATE,0,0,0,39,0,0,0,0,0,,31.716666666,0.5,0,0.3,0.857492925713,0,0.514495755428,0.857492925713,0,0.514495755428,0.499999965841,0,0.299999979505,0.4999999630412279,0.0,0.29999997782473664
31.666666666666668,-50.03554355436472,-8.317878526725934,2.889954249714558,0.49999943455033674,-9.7049946833276e-19,0.299999660730202,0.5,0.0,0.3,DEPTH_PROPOSAL_CERTIFIED,0.9590786169977767,0,32,0,0,108,FULL_MOTION_CERTIFICATE,0,0,0,39,0,0,0,0,0,,31.733333333,0.5,0,0.3,0.857492925713,0,0.514495755428,0.857492925713,0,0.514495755428,0.499999968429,0,0.299999981057,0.4999999658411347,0.0,0.29999997950468077
31.683333333333334,-50.02721022977844,-8.317878526725934,2.8949542444663265,0.49999947517687754,-8.969767813378582e-19,0.2999996851061265,0.5,0.0,0.3,DEPTH_PROPOSAL_CERTIFIED,0.9626739296308173,0,32,0,0,108,FULL_MOTION_CERTIFICATE,0,0,0,39,0,0,0,0,0,,31.75,0.5,0,0.3,0.857492925713,0,0.514495755428,0.857492925713,0,0.514495755428,0.499999970821,0,0.299999982492,0.4999999708206756,0.0,0.2999999824924053
31.7,-50.01887690456635,-8.317878526725934,2.899954239593583,0.49999951272565013,-8.290239948728728e-19,0.2999997076353901,0.5,0.0,0.3,DEPTH_PROPOSAL_CERTIFIED,0.9662850623991583,0,32,0,0,108,FULL_MOTION_CERTIFICATE,0,0,0,39,0,0,0,0,0,,31.766666666,0.5,0,0.3,0.857492925713,0,0.514495755428,0.857492925713,0,0.514495755428,0.499999973031,0,0.299999983819,0.4999999708206756,0.0,0.2999999824924053
31.716666666666665,-50.01054357877306,-8.317878526725934,2.9049542350695554,0.499999547597285,-7.662191467764467e-19,0.299999728558371,0.5,0.0,0.3,DEPTH_PROPOSAL_CERTIFIED,0.9699120152868959,0,32,0,0,108,FULL_MOTION_CERTIFICATE,0,0,0,39,0,0,0,0,0,,31.783333333,0.5,0,0.3,0.857492925713,0,0.514495755428,0.857492925713,0,0.514495755428,0.499999975074,0,0.299999985045,0.49999997303123034,0.0,0.29999998381873816
31.733333333333334,-50.00221025244003,-8.317878526725934,2.909954230869375,0.49999957998190875,-7.081722417176159e-19,0.29999974798914525,0.5,0.0,0.3,DEPTH_PROPOSAL_CERTIFIED,0.9735547882791848,0,32,0,0,108,FULL_MOTION_CERTIFICATE,0,0,0,39,0,0,0,0,0,,31.8,0.5,0,0.3,0.857492925713,0,0.514495755428,0.857492925713,0,0.514495755428,0.499999976963,0,0.299999986178,0.499999975074319,0.0,0.29999998504459136
31.75,-49.99387692560576,-8.317878526725934,2.914954226969937,0.4999996100562057,-6.545228294662844e-19,0.2999997660337234,0.5,0.0,0.3,DEPTH_PROPOSAL_CERTIFIED,0.977915999669478,0,32,0,0,108,FULL_MOTION_CERTIFICATE,0,0,0,39,0,0,0,0,0,,31.816666666,0.5,0,0.3,0.857492925713,0,0.514495755428,0.857492925713,0,0.514495755428,0.499999978708,0,0.299999987225,0.49999997696262816,0.0,0.29999998617757695
31.766666666666666,-49.98554359830602,-8.317878526725934,2.91995422334978,0.4999996379843631,-2.7076328890239425e-18,0.29999978279061784,0.5,0.0,0.3,DEPTH_PROPOSAL_CERTIFIED,0.9825439581279056,0,32,0,0,108,FULL_MOTION_CERTIFICATE,0,0,0,39,0,0,0,0,0,,31.833333333,0.5,0,0.3,0.857492925713,0,0.514495755428,0.857492925713,0,0.514495755428,0.499999980321,0,0.299999988193,0.4999999787078836,-2.7755575615628914e-17,0.29999998722473015
31.783333333333335,-49.97721027057404,-8.317878526725934,2.9249542199889706,0.49999966391895095,-2.5025091853099754e-18,0.29999979835137053,0.5,0.0,0.3,DEPTH_PROPOSAL_CERTIFIED,0.9871846263010737,0,32,0,0,108,FULL_MOTION_CERTIFICATE,0,0,0,39,0,0,0,0,0,,31.85,0.5,0,0.3,0.857492925713,0,0.514495755428,0.857492925713,0,0.514495755428,0.499999981812,0,0.299999989087,0.49999998032092274,0.0,0.29999998819255363
31.8,-49.96887694244068,-8.317878526725934,2.9299542168689876,0.49999968800173966,-2.3129251561198363e-18,0.29999981280104376,0.5,0.0,0.3,DEPTH_PROPOSAL_CERTIFIED,0.9918380041737067,0,32,0,0,108,FULL_MOTION_CERTIFICATE,0,0,0,39,0,0,0,0,0,,31.866666666,0.5,0,0.3,0.857492925713,0,0.514495755428,0.857492925713,0,0.514495755428,0.49999998319,0,0.299999989914,0.499999981811762,0.0,0.29999998908705716
31.816666666666666,-49.960543613934604,-8.317878526725934,2.934954213972632,0.4999997103644608,-2.137703553383495e-18,0.29999982621867644,0.5,0.0,0.3,DEPTH_PROPOSAL_CERTIFIED,0.9965040917315615,0,32,0,0,108,FULL_MOTION_CERTIFICATE,0,0,0,39,0,0,0,0,0,,31.866666666,0.5,0,0.3,0.857492925713,0,0.514495755428,0.857492925713,0,0.514495755428,0.49999998319,0,0.299999989914,0.49999998318965866,0.0,0.29999998991379523
31.833333333333332,-49.952210285082444,-8.317878526725934,2.939954211283927,0.49999973112951446,-4.078451436886826e-18,0.29999983867770863,0.5,0.0,0.3,DEPTH_PROPOSAL_CERTIFIED,1.0011828889613756,0,32,0,0,108,FULL_MOTION_CERTIFICATE,0,0,0,39,0,0,0,0,0,,31.9,0.5,0,0.3,0.857492925713,0,0.514495755428,0.857492925713,0,0.514495755428,0.49999998564,0,0.299999991384,0.49999998446316946,-2.7755575615628914e-17,0.2999999906779017
31.85,-49.943876955908934,-8.317878526725934,2.944954208788034,0.49999975041062716,-1.6667827207867722e-18,0.29999985024637627,0.5,0.0,0.3,DEPTH_PROPOSAL_CERTIFIED,1.0058743958507892,0,32,0,0,108,FULL_MOTION_CERTIFICATE,0,0,0,39,0,0,0,0,0,,31.916666666,0.5,0,0.3,0.857492925713,0,0.514495755428,0.857492925713,0,0.514495755428,0.499999986728,0,0.299999992037,0.4999999856402021,2.7755575615628914e-17,0.29999999138412126
31.866666666666667,-49.935543626437045,-8.317878526725934,2.9499542064711686,0.4999997683134634,-3.643206424941368e-18,0.299999860988078,0.5,0.0,0.3,DEPTH_PROPOSAL_CERTIFIED,1.0105786123882798,0,32,0,0,108,FULL_MOTION_CERTIFICATE,0,0,0,39,0,0,0,0,0,,31.933333333,0.5,0,0.3,0.857492925713,0,0.514495755428,0.857492925713,0,0.514495755428,0.499999987734,0,0.29999999264,0.4999999867280655,-2.7755575615628914e-17,0.2999999920368393
31.883333333333333,-49.92721029668694,-8.317878526725934,2.954954204321234,0.49999978500659453,-1.2645108158073905e-18,0.2999998710039567,0.5,0.0,0.3,DEPTH_PROPOSAL_CERTIFIED,1.0152955385637987,0,32,0,0,108,FULL_MOTION_CERTIFICATE,0,0,0,39,0,0,0,0,0,,31.95,0.5,0,0.3,0.857492925713,0,0.514495755428,0.857492925713,0,0.514495755428,0.499999988663,0,0.299999993198,0.49999998866279427,2.7755575615628914e-17,0.29999999319767656
31.9,-49.91887696667968,-8.317878526725934,2.9599542023255845,0.4999998004350945,9.33980580513417e-19,0.2999998802610567,0.5,0.0,0.3,DEPTH_PROPOSAL_CERTIFIED,1.0200251743666346,0,32,0,0,108,FULL_MOTION_CERTIFICATE,0,0,0,39,0,0,0,0,0,,31.966666666,0.5,0,0.3,0.857492925713,0,0.514495755428,0.857492925713,0,0.514495755428,0.499999989522,0,0.299999993713,0.49999998866279427,2.7755575615628914e-17,0.29999999319767656
31.916666666666668,-49.91054363643369,-8.317878526725934,2.9649542004731835,0.49999981475983535,-1.2394706464674021e-18,0.2999998888559012,0.5,0.0,0.3,DEPTH_PROPOSAL_CERTIFIED,1.024767519787482,0,32,0,0,108,FULL_MOTION_CERTIFICATE,0,0,0,39,0,0,0,0,0,,31.966666666,0.5,0,0.3,0.857492925713,0,0.514495755428,0.857492925713,0,0.514495755428,0.499999989522,0,0.299999993713,0.49999998952167346,-2.7755575615628914e-17,0.2999999937130041
31.933333333333334,-49.902210305965106,-8.317878526725934,2.969954198754334,0.4999998281150873,-1.1455713550683619e-18,0.2999998968690524,0.5,0.0,0.3,DEPTH_PROPOSAL_CERTIFIED,1.029522574818191,0,32,0,0,111,FULL_MOTION_CERTIFICATE,0,0,0,39,0,0,0,0,0,,32,0.5,0,0.3,0.857492925713,0,0.514495755428,0.857492925713,0,0.514495755428,0.499999991049,0,0.299999994629,0.49999999104916143,0.0,0.29999999462949695
31.95,-49.893876975290794,-8.317878526725934,2.9749541971589193,0.49999984045857776,-1.0587856463510666e-18,0.29999990427514667,0.5,0.0,0.3,DEPTH_PROPOSAL_CERTIFIED,1.03429033945014,0,32,0,0,111,FULL_MOTION_CERTIFICATE,0,0,0,39,0,0,0,0,0,,32.016666666,0.5,0,0.3,0.857492925713,0,0.514495755428,0.857492925713,0,0.514495755428,0.499999991727,0,0.299999995036,0.49999999104916143,0.0,0.29999999462949695
31.966666666666665,-49.88554364442549,-8.317878526725934,2.9799541956781024,0.4999998519183261,-9.785746125365965e-19,0.29999991115099567,0.5,0.0,0.3,DEPTH_PROPOSAL_CERTIFIED,1.0390708136757911,0,32,0,0,111,FULL_MOTION_CERTIFICATE,0,0,0,39,0,0,0,0,0,,32.033333333,0.5,0,0.3,0.857492925713,0,0.514495755428,0.857492925713,0,0.514495755428,0.499999992354,0,0.299999995412,0.49999999172725523,0.0,0.2999999950363533
31.983333333333334,-49.87721031338287,-8.317878526725934,2.9849541943036773,0.49999986255739065,-9.044401721929034e-19,0.2999999175344344,0.5,0.0,0.3,DEPTH_PROPOSAL_CERTIFIED,1.0438639974881463,0,32,0,0,111,FULL_MOTION_CERTIFICATE,0,0,0,39,0,0,0,0,0,,32.049999999,0.5,0,0.3,0.857492925713,0,0.514495755428,0.857492925713,0,0.514495755428,0.499999992933,0,0.29999999576,0.49999999235397835,0.0,0.2999999954123871
32.0,-49.869162813315484,-8.317878526725934,2.9897826943441084,0.48285000404314077,-8.73418121689976e-19,0.28971000242588446,0.0,0.0,0.0,DEPTH_PROPOSAL_CERTIFIED,1.0485048394703798,0,32,0,0,111,FULL_MOTION_CERTIFICATE,0,0,0,39,0,0,0,0,0,,32.066666666,0.5,0,0.3,0.857492925713,0,0.514495755428,0.857492925713,0,0.514495755428,0.499999993469,0,0.299999996081,0.0,0.0,0.0
32.016666666666666,-49.861401144223336,-8.317878526725934,2.994439695799397,0.46570014552889083,-8.423960711870486e-19,0.27942008731733453,0.0,0.0,0.0,DEPTH_PROPOSAL_CERTIFIED,1.0529920766839276,0,32,0,0,111,FULL_MOTION_CERTIFICATE,0,0,0,39,0,0,0,0,0,,32.066666666,0.5,0,0.3,0.857492925713,0,0.514495755428,0.857492925713,0,0.514495755428,0.499999993469,0,0.299999996081,0.0,0.0,0.0
32.03333333333333,-49.853925306106426,-8.317878526725934,2.9989251986695433,0.44855028701464095,-8.113740206841212e-19,0.2691301722087846,0.0,0.0,0.0,ZERO_INTENT,1.0573244910472681,0,32,0,0,111,FULL_MOTION_CERTIFICATE,0,0,0,39,0,0,0,0,0,,32.066666666,0.5,0,0.3,0.857492925713,0,0.514495755428,0.857492925713,0,0.514495755428,0.499999993469,0,0.299999996081,0.0,0.0,0.0
32.05,-49.84673529896475,-8.317878526725934,3.003239202954547,0.43140042850039106,-7.803519701811939e-19,0.25884025710023467,0.0,0.0,0.0,ZERO_INTENT,1.0615009093359038,0,32,0,0,111,FULL_MOTION_CERTIFICATE,0,0,0,39,0,0,0,0,0,,32.066666666,0.5,0,0.3,0.857492925713,0,0.514495755428,0.857492925713,0,0.514495755428,0.499999993469,0,0.299999996081,0.0,0.0,0.0
32.06666666666667,-49.839831122798316,-8.317878526725934,3.00738170865441,0.41425056998613385,-7.493299196782532e-19,0.24855034199168033,0.0,0.0,0.0,ZERO_INTENT,1.06552020318237,0,32,0,0,111,FULL_MOTION_CERTIFICATE,0,0,0,39,0,0,0,0,0,,32.066666666,0.5,0,0.3,0.857492925713,0,0.514495755428,0.857492925713,0,0.514495755428,0.499999993469,0,0.299999996081,0.0,0.0,0.0
32.083333333333336,-49.833212777607116,-8.317878526725934,3.0113527157691284,0.39710071147188397,-7.183078691753259e-19,0.23826042688313037,0.0,0.0,0.0,ZERO_INTENT,1.0693812890762326,0,32,0,0,111,FULL_MOTION_CERTIFICATE,0,0,0,39,0,0,0,0,0,,32.066666666,0.5,0,0.3,0.857492925713,0,0.514495755428,0.857492925713,0,0.514495755428,0.499999993469,0,0.299999996081,0.0,0.0,0.0
32.1,-49.82688026339115,-8.317878526725934,3.0151522242987046,0.3799508529576341,-6.872858186723985e-19,0.22797051177458041,0.0,0.0,0.0,ZERO_INTENT,1.073083128364084,0,32,0,0,111,FULL_MOTION_CERTIFICATE,0,0,0,39,0,0,0,0,0,,32.066666666,0.5,0,0.3,0.857492925713,0,0.514495755428,0.857492925713,0,0.514495755428,0.499999993469,0,0.299999996081,0.0,0.0,0.0
32.11666666666667,-49.82083358015043,-8.317878526725934,3.0187802342431382,0.3628009944433842,-6.562637681694712e-19,0.21768059666603046,0.0,0.0,0.0,ZERO_INTENT,1.0766247272495564,0,32,0,0,111,FULL_MOTION_CERTIFICATE,0,0,0,39,0,0,0,0,0,,32.066666666,0.5,0,0.3,0.857492925713,0,0.514495755428,0.857492925713,0,0.514495755428,0.499999993469,0,0.299999996081,0.0,0.0,0.0
32.13333333333333,-49.815072727884946,-8.317878526725934,3.0222367456024295,0.3456511359291343,-6.252417176665438e-19,0.20739068155748053,0.0,0.0,0.0,ZERO_INTENT,1.0800051367932983,0,32,0,0,111,FULL_MOTION_CERTIFICATE,0,0,0,39,0,0,0,0,0,,32.066666666,0.5,0,0.3,0.857492925713,0,0.514495755428,0.857492925713,0,0.514495755428,0.499999993469,0,0.299999996081,0.0,0.0,0.0
32.15,-49.8095977065947,-8.317878526725934,3.0255217583765783,0.32850127741488444,-5.942196671636164e-19,0.1971007664489306,0.0,0.0,0.0,ZERO_INTENT,1.0832234529130143,0,32,0,0,111,FULL_MOTION_CERTIFICATE,0,0,0,39,0,0,0,0,0,,32.066666666,0.5,0,0.3,0.857492925713,0,0.514495755428,0.857492925713,0,0.514495755428,0.499999993469,0,0.299999996081,0.0,0.0,0.0
32.166666666666664,-49.80440851627969,-8.317878526725934,3.0286352725655843,0.31135141890063456,-5.631976166606891e-19,0.18681085134038067,0.0,0.0,0.0,ZERO_INTENT,1.0862788163834147,0,32,0,0,111,FULL_MOTION_CERTIFICATE,0,0,0,39,0,0,0,0,0,,32.066666666,0.5,0,0.3,0.857492925713,0,0.514495755428,0.857492925713,0,0.514495755428,0.499999993469,0,0.299999996081,0.0,0.0,0.0
32.18333333333333,-49.79950515693992,-8.317878526725934,3.031577288169448,0.2942015603863847,-5.321755661577617e-19,0.17652093623183074,0.0,0.0,0.0,ZERO_INTENT,1.0891704128362516,0,32,0,0,111,FULL_MOTION_CERTIFICATE,0,0,0,39,0,0,0,0,0,,32.066666666,0.5,0,0.3,0.857492925713,0,0.514495755428,0.857492925713,0,0.514495755428,0.499999993469,0,0.299999996081,0.0,0.0,0.0
32.2,-49.79488762857539,-8.317878526725934,3.0343478051881703,0.27705170187212746,-5.011535156548212e-19,0.1662310211232764,0.0,0.0,0.0,ZERO_INTENT,1.0918974727603168,0,32,0,0,111,FULL_MOTION_CERTIFICATE,0,0,0,39,0,0,0,0,0,,32.066666666,0.5,0,0.3,0.857492925713,0,0.514495755428,0.857492925713,0,0.514495755428,0.499999993469,0,0.299999996081,0.0,0.0,0.0
32.21666666666667,-49.79055593118609,-8.317878526725934,3.036946823621749,0.2599018433578776,-4.701314651518938e-19,0.15594110601472647,0.0,0.0,0.0,ZERO_INTENT,1.0944592715014139,0,32,0,0,111,FULL_MOTION_CERTIFICATE,0,0,0,39,0,0,0,0,0,,32.066666666,0.5,0,0.3,0.857492925713,0,0.514495755428,0.857492925713,0,0.514495755428,0.499999993469,0,0.299999996081,0.0,0.0,0.0
32.233333333333334,-49.78651006477203,-8.317878526725934,3.039374343470185,0.24275198484362767,-4.391094146489664e-19,0.14565119090617654,0.0,0.0,0.0,ZERO_INTENT,1.0968551292623927,0,32,0,0,111,FULL_MOTION_CERTIFICATE,0,0,0,39,0,0,0,0,0,,32.066666666,0.5,0,0.3,0.857492925713,0,0.514495755428,0.857492925713,0,0.514495755428,0.499999993469,0,0.299999996081,0.0,0.0,0.0
32.25,-49.78275002933321,-8.317878526725934,3.041630364733479,0.22560212632937776,-4.080873641460391e-19,0.1353612757976266,0.0,0.0,0.0,ZERO_INTENT,1.099084411103128,0,32,0,0,111,FULL_MOTION_CERTIFICATE,0,0,0,39,0,0,0,0,0,,32.066666666,0.5,0,0.3,0.857492925713,0,0.514495755428,0.857492925713,0,0.514495755428,0.499999993469,0,0.299999996081,0.0,0.0,0.0
32.266666666666666,-49.77927582486962,-8.317878526725934,3.04371488741163,0.20845226781512785,-3.7706531364311173e-19,0.12507136068907668,0.0,0.0,0.0,ZERO_INTENT,1.1011465269405223,0,32,0,0,111,FULL_MOTION_CERTIFICATE,0,0,0,39,0,0,0,0,0,,32.066666666,0.5,0,0.3,0.857492925713,0,0.514495755428,0.857492925713,0,0.514495755428,0.499999993469,0,0.299999996081,0.0,0.0,0.0
32.28333333333333,-49.77608745138127,-8.317878526725934,3.0456279115046385,0.19130240930087794,-3.4604326314018437e-19,0.11478144558052673,0.0,0.0,0.0,ZERO_INTENT,1.1030409315485215,0,32,0,0,111,FULL_MOTION_CERTIFICATE,0,0,0,39,0,0,0,0,0,,32.066666666,0.5,0,0.3,0.857492925713,0,0.514495755428,0.857492925713,0,0.514495755428,0.499999993469,0,0.299999996081,0.0,0.0,0.0
32.3,-49.77318490886816,-8.317878526725934,3.0473694370125046,0.17415255078662803,-3.15021212637257e-19,0.10449153047197679,0.0,0.0,0.0,ZERO_INTENT,1.104767124558085,0,32,0,0,111,FULL_MOTION_CERTIFICATE,0,0,0,39,0,0,0,0,0,,32.066666666,0.5,0,0.3,0.857492925713,0,0.514495755428,0.857492925713,0,0.514495755428,0.499999993469,0,0.299999996081,0.0,0.0,0.0
32.31666666666667,-49.770568197330284,-8.317878526725934,3.0489394639352287,0.1570026922723708,-2.8399916213431645e-19,0.09420161536342246,0.0,0.0,0.0,ZERO_INTENT,1.1063246504572122,0,32,0,0,111,FULL_MOTION_CERTIFICATE,0,0,0,39,0,0,0,0,0,,32.066666666,0.5,0,0.3,0.857492925713,0,0.514495755428,0.857492925713,0,0.514495755428,0.499999993469,0,0.299999996081,0.0,0.0,0.0
32.333333333333336,-49.768237316767646,-8.317878526725934,3.05033799227281,0.13985283375812088,-2.529771116313891e-19,0.08391170025487252,0.0,0.0,0.0,ZERO_INTENT,1.107713098590942,0,32,0,0,111,FULL_MOTION_CERTIFICATE,0,0,0,39,0,0,0,0,0,,32.066666666,0.5,0,0.3,0.857492925713,0,0.514495755428,0.857492925713,0,0.514495755428,0.499999993469,0,0.299999996081,0.0,0.0,0.0
32.35,-49.76619226718025,-8.317878526725934,3.051565022025249,0.12270297524387097,-2.2195506112846174e-19,0.07362178514632257,0.0,0.0,0.0,ZERO_INTENT,1.1089321031613222,0,32,0,0,111,FULL_MOTION_CERTIFICATE,0,0,0,39,0,0,0,0,0,,32.066666666,0.5,0,0.3,0.857492925713,0,0.514495755428,0.857492925713,0,0.514495755428,0.499999993469,0,0.299999996081,0.0,0.0,0.0
32.36666666666667,-49.764433048568094,-8.317878526725934,3.0526205531925448,0.10555311672962106,-1.909330106255344e-19,0.06333187003777263,0.0,0.0,0.0,ZERO_INTENT,1.1099813432274546,0,32,0,0,111,FULL_MOTION_CERTIFICATE,0,0,0,39,0,0,0,0,0,,32.066666666,0.5,0,0.3,0.857492925713,0,0.514495755428,0.857492925713,0,0.514495755428,0.499999993469,0,0.299999996081,0.0,0.0,0.0
32.38333333333333,-49.76295966093117,-8.317878526725934,3.0535045857746983,0.08840325821537115,-1.5991096012260706e-19,0.05304195492922269,0.0,0.0,0.0,ZERO_INTENT,1.1108605427054568,0,32,0,0,111,FULL_MOTION_CERTIFICATE,0,0,0,39,0,0,0,0,0,,32.066666666,0.5,0,0.3,0.857492925713,0,0.514495755428,0.857492925713,0,0.514495755428,0.499999993469,0,0.299999996081,0.0,0.0,0.0
32.4,-49.76177210426949,-8.317878526725934,3.0542171197717094,0.07125339970112124,-1.288889096196797e-19,0.042752039820672744,0.0,0.0,0.0,ZERO_INTENT,1.1115694703684882,0,32,0,0,111,FULL_MOTION_CERTIFICATE,0,0,0,39,0,0,0,0,0,,32.066666666,0.5,0,0.3,0.857492925713,0,0.514495755428,0.857492925713,0,0.514495755428,0.499999993469,0,0.299999996081,0.0,0.0,0.0
32.416666666666664,-49.76087037858304,-8.317878526725934,3.054758155183578,0.05410354118687133,-9.786685911675237e-20,0.0324621247121228,0.0,0.0,0.0,ZERO_INTENT,1.112107939846734,0,32,0,0,111,FULL_MOTION_CERTIFICATE,0,0,0,39,0,0,0,0,0,,32.066666666,0.5,0,0.3,0.857492925713,0,0.514495755428,0.857492925713,0,0.514495755428,0.499999993469,0,0.299999996081,0.0,0.0,0.0
32.43333333333333,-49.76025448387183,-8.317878526725934,3.0551276920103043,0.03695368267262142,-6.684480861382503e-20,0.022172209603572857,0.0,0.0,0.0,ZERO_INTENT,1.1124758096274094,0,32,0,0,111,FULL_MOTION_CERTIFICATE,0,0,0,39,0,0,0,0,0,,32.066666666,0.5,0,0.3,0.857492925713,0,0.514495755428,0.857492925713,0,0.514495755428,0.499999993469,0,0.299999996081,0.0,0.0,0.0
32.45,-49.75992442013586,-8.317878526725934,3.055325730251888,0.0198038241583642,-3.582275811088446e-20,0.011882294495018523,0.0,0.0,0.0,ZERO_INTENT,1.1126729830547624,0,32,0,0,111,FULL_MOTION_CERTIFICATE,0,0,0,39,0,0,0,0,0,,32.066666666,0.5,0,0.3,0.857492925713,0,0.514495755428,0.857492925713,0,0.514495755428,0.499999993469,0,0.299999996081,0.0,0.0,0.0
32.46666666666667,-49.759880187375124,-8.317878526725934,3.055352269908329,0.0026539656441142943,-4.80070760795712e-21,0.0015923793864685756,0.0,0.0,0.0,ZERO_INTENT,1.1126994083300656,0,32,0,0,111,FULL_MOTION_CERTIFICATE,0,0,0,39,0,0,0,0,0,,32.066666666,0.5,0,0.3,0.857492925713,0,0.514495755428,0.857492925713,0,0.514495755428,0.499999993469,0,0.299999996081,0.0,0.0,0.0
32.483333333333334,-49.759880187375124,-8.317878526725934,3.055352269908329,0.0,0.0,0.0,0.0,0.0,0.0,ZERO_INTENT,1.1126994083300656,0,32,0,0,111,FULL_MOTION_CERTIFICATE,0,0,0,39,0,0,0,0,0,,32.066666666,0.5,0,0.3,0.857492925713,0,0.514495755428,0.857492925713,0,0.514495755428,0.499999993469,0,0.299999996081,0.0,0.0,0.0
32.5,-49.759880187375124,-8.317878526725934,3.055352269908329,0.0,0.0,0.0,0.0,0.0,0.0,ZERO_INTENT,1.1126994083300656,0,32,0,0,111,FULL_MOTION_CERTIFICATE,0,0,0,39,0,0,0,0,0,,32.066666666,0.5,0,0.3,0.857492925713,0,0.514495755428,0.857492925713,0,0.514495755428,0.499999993469,0,0.299999996081,0.0,0.0,0.0
32.516666666666666,-49.759880187375124,-8.317878526725934,3.055352269908329,0.0,0.0,0.0,0.0,0.0,0.0,ZERO_INTENT,1.1126994083300656,0,32,0,0,111,FULL_MOTION_CERTIFICATE,0,0,0,39,0,0,0,0,0,,32.066666666,0.5,0,0.3,0.857492925713,0,0.514495755428,0.857492925713,0,0.514495755428,0.499999993469,0,0.299999996081,0.0,0.0,0.0
32.53333333333333,-49.759880187375124,-8.317878526725934,3.055352269908329,0.0,0.0,0.0,0.0,0.0,0.0,ZERO_INTENT,1.1126994083300656,0,32,0,0,111,FULL_MOTION_CERTIFICATE,0,0,0,39,0,0,0,0,0,,32.066666666,0.5,0,0.3,0.857492925713,0,0.514495755428,0.857492925713,0,0.514495755428,0.499999993469,0,0.299999996081,0.0,0.0,0.0
32.55,-49.759880187375124,-8.317878526725934,3.055352269908329,0.0,0.0,0.0,0.0,0.0,0.0,ZERO_INTENT,1.1126994083300656,0,32,0,0,111,FULL_MOTION_CERTIFICATE,0,0,0,39,0,0,0,0,0,,32.066666666,0.5,0,0.3,0.857492925713,0,0.514495755428,0.857492925713,0,0.514495755428,0.499999993469,0,0.299999996081,0.0,0.0,0.0
32.56666666666667,-49.759880187375124,-8.317878526725934,3.055352269908329,0.0,0.0,0.0,0.0,0.0,0.0,ZERO_INTENT,1.1126994083300656,0,32,0,0,111,FULL_MOTION_CERTIFICATE,0,0,0,39,0,0,0,0,0,,32.066666666,0.5,0,0.3,0.857492925713,0,0.514495755428,0.857492925713,0,0.514495755428,0.499999993469,0,0.299999996081,0.0,0.0,0.0
32.583333333333336,-49.759880187375124,-8.317878526725934,3.055352269908329,0.0,0.0,0.0,0.0,0.0,0.0,ZERO_INTENT,1.1126994083300656,0,32,0,0,111,FULL_MOTION_CERTIFICATE,0,0,0,39,0,0,0,0,0,,32.066666666,0.5,0,0.3,0.857492925713,0,0.514495755428,0.857492925713,0,0.514495755428,0.499999993469,0,0.299999996081,0.0,0.0,0.0
32.6,-49.759880187375124,-8.317878526725934,3.055352269908329,0.0,0.0,0.0,0.0,0.0,0.0,ZERO_INTENT,1.1126994083300656,0,32,0,0,111,FULL_MOTION_CERTIFICATE,0,0,0,39,0,0,0,0,0,,32.066666666,0.5,0,0.3,0.857492925713,0,0.514495755428,0.857492925713,0,0.514495755428,0.499999993469,0,0.299999996081,0.0,0.0,0.0
32.61666666666667,-49.759880187375124,-8.317878526725934,3.055352269908329,0.0,0.0,0.0,0.0,0.0,0.0,ZERO_INTENT,1.1126994083300656,0,32,0,0,111,FULL_MOTION_CERTIFICATE,0,0,0,39,0,0,0,0,0,,32.066666666,0.5,0,0.3,0.857492925713,0,0.514495755428,0.857492925713,0,0.514495755428,0.499999993469,0,0.299999996081,0.0,0.0,0.0
32.63333333333333,-49.759880187375124,-8.317878526725934,3.055352269908329,0.0,0.0,0.0,0.0,0.0,0.0,ZERO_INTENT,1.1126994083300656,0,32,0,0,111,FULL_MOTION_CERTIFICATE,0,0,0,39,0,0,0,0,0,,32.066666666,0.5,0,0.3,0.857492925713,0,0.514495755428,0.857492925713,0,0.514495755428,0.499999993469,0,0.299999996081,0.0,0.0,0.0
32.65,-49.759880187375124,-8.317878526725934,3.055352269908329,0.0,0.0,0.0,0.0,0.0,0.0,ZERO_INTENT,1.1126994083300656,0,32,0,0,111,FULL_MOTION_CERTIFICATE,0,0,0,39,0,0,0,0,0,,32.066666666,0.5,0,0.3,0.857492925713,0,0.514495755428,0.857492925713,0,0.514495755428,0.499999993469,0,0.299999996081,0.0,0.0,0.0
32.666666666666664,-49.759880187375124,-8.317878526725934,3.055352269908329,0.0,0.0,0.0,0.0,0.0,0.0,ZERO_INTENT,1.1126994083300656,0,32,0,0,111,FULL_MOTION_CERTIFICATE,0,0,0,39,0,0,0,0,0,,32.066666666,0.5,0,0.3,0.857492925713,0,0.514495755428,0.857492925713,0,0.514495755428,0.499999993469,0,0.299999996081,0.0,0.0,0.0
32.68333333333333,-49.759880187375124,-8.317878526725934,3.055352269908329,0.0,0.0,0.0,0.0,0.0,0.0,ZERO_INTENT,1.1126994083300656,0,32,0,0,111,FULL_MOTION_CERTIFICATE,0,0,0,39,0,0,0,0,0,,32.066666666,0.5,0,0.3,0.857492925713,0,0.514495755428,0.857492925713,0,0.514495755428,0.499999993469,0,0.299999996081,0.0,0.0,0.0
32.7,-49.759880187375124,-8.317878526725934,3.055352269908329,0.0,0.0,0.0,0.0,0.0,0.0,ZERO_INTENT,1.1126994083300656,0,32,0,0,111,FULL_MOTION_CERTIFICATE,0,0,0,39,0,0,0,0,0,,32.066666666,0.5,0,0.3,0.857492925713,0,0.514495755428,0.857492925713,0,0.514495755428,0.499999993469,0,0.299999996081,0.0,0.0,0.0
32.71666666666667,-49.759880187375124,-8.317878526725934,3.055352269908329,0.0,0.0,0.0,0.0,0.0,0.0,ZERO_INTENT,1.1126994083300656,0,32,0,0,111,FULL_MOTION_CERTIFICATE,0,0,0,39,0,0,0,0,0,,32.066666666,0.5,0,0.3,0.857492925713,0,0.514495755428,0.857492925713,0,0.514495755428,0.499999993469,0,0.299999996081,0.0,0.0,0.0
32.733333333333334,-49.759880187375124,-8.317878526725934,3.055352269908329,0.0,0.0,0.0,0.0,0.0,0.0,ZERO_INTENT,1.1126994083300656,0,32,0,0,111,FULL_MOTION_CERTIFICATE,0,0,0,39,0,0,0,0,0,,32.066666666,0.5,0,0.3,0.857492925713,0,0.514495755428,0.857492925713,0,0.514495755428,0.499999993469,0,0.299999996081,0.0,0.0,0.0
32.75,-49.759880187375124,-8.317878526725934,3.055352269908329,0.0,0.0,0.0,0.0,0.0,0.0,ZERO_INTENT,1.1126994083300656,0,32,0,0,111,FULL_MOTION_CERTIFICATE,0,0,0,39,0,0,0,0,0,,32.066666666,0.5,0,0.3,0.857492925713,0,0.514495755428,0.857492925713,0,0.514495755428,0.499999993469,0,0.299999996081,0.0,0.0,0.0
32.766666666666666,-49.759880187375124,-8.317878526725934,3.055352269908329,0.0,0.0,0.0,0.0,0.0,0.0,ZERO_INTENT,1.1126994083300656,0,32,0,0,111,FULL_MOTION_CERTIFICATE,0,0,0,39,0,0,0,0,0,,32.066666666,0.5,0,0.3,0.857492925713,0,0.514495755428,0.857492925713,0,0.514495755428,0.499999993469,0,0.299999996081,0.0,0.0,0.0
32.78333333333333,-49.759880187375124,-8.317878526725934,3.055352269908329,0.0,0.0,0.0,0.0,0.0,0.0,ZERO_INTENT,1.1126994083300656,0,32,0,0,111,FULL_MOTION_CERTIFICATE,0,0,0,39,0,0,0,0,0,,32.066666666,0.5,0,0.3,0.857492925713,0,0.514495755428,0.857492925713,0,0.514495755428,0.499999993469,0,0.299999996081,0.0,0.0,0.0
32.8,-49.759880187375124,-8.317878526725934,3.055352269908329,0.0,0.0,0.0,0.0,0.0,0.0,ZERO_INTENT,1.1126994083300656,0,32,0,0,111,FULL_MOTION_CERTIFICATE,0,0,0,39,0,0,0,0,0,,32.066666666,0.5,0,0.3,0.857492925713,0,0.514495755428,0.857492925713,0,0.514495755428,0.499999993469,0,0.299999996081,0.0,0.0,0.0
32.81666666666667,-49.759880187375124,-8.317878526725934,3.055352269908329,0.0,0.0,0.0,0.0,0.0,0.0,ZERO_INTENT,1.1126994083300656,0,32,0,0,111,FULL_MOTION_CERTIFICATE,0,0,0,39,0,0,0,0,0,,32.066666666,0.5,0,0.3,0.857492925713,0,0.514495755428,0.857492925713,0,0.514495755428,0.499999993469,0,0.299999996081,0.0,0.0,0.0
32.833333333333336,-49.759880187375124,-8.317878526725934,3.055352269908329,0.0,0.0,0.0,0.0,0.0,0.0,ZERO_INTENT,1.1126994083300656,0,32,0,0,111,FULL_MOTION_CERTIFICATE,0,0,0,39,0,0,0,0,0,,32.066666666,0.5,0,0.3,0.857492925713,0,0.514495755428,0.857492925713,0,0.514495755428,0.499999993469,0,0.299999996081,0.0,0.0,0.0
32.85,-49.759880187375124,-8.317878526725934,3.055352269908329,0.0,0.0,0.0,0.0,0.0,0.0,ZERO_INTENT,1.1126994083300656,0,32,0,0,111,FULL_MOTION_CERTIFICATE,0,0,0,39,0,0,0,0,0,,32.066666666,0.5,0,0.3,0.857492925713,0,0.514495755428,0.857492925713,0,0.514495755428,0.499999993469,0,0.299999996081,0.0,0.0,0.0
32.86666666666667,-49.759880187375124,-8.317878526725934,3.055352269908329,0.0,0.0,0.0,0.0,0.0,0.0,ZERO_INTENT,1.1126994083300656,0,32,0,0,111,FULL_MOTION_CERTIFICATE,0,0,0,39,0,0,0,0,0,,32.066666666,0.5,0,0.3,0.857492925713,0,0.514495755428,0.857492925713,0,0.514495755428,0.499999993469,0,0.299999996081,0.0,0.0,0.0
32.88333333333333,-49.759880187375124,-8.317878526725934,3.055352269908329,0.0,0.0,0.0,0.0,0.0,0.0,ZERO_INTENT,1.1126994083300656,0,32,0,0,111,FULL_MOTION_CERTIFICATE,0,0,0,39,0,0,0,0,0,,32.066666666,0.5,0,0.3,0.857492925713,0,0.514495755428,0.857492925713,0,0.514495755428,0.499999993469,0,0.299999996081,0.0,0.0,0.0
32.9,-49.759880187375124,-8.317878526725934,3.055352269908329,0.0,0.0,0.0,0.0,0.0,0.0,ZERO_INTENT,1.1126994083300656,0,32,0,0,111,FULL_MOTION_CERTIFICATE,0,0,0,39,0,0,0,0,0,,32.066666666,0.5,0,0.3,0.857492925713,0,0.514495755428,0.857492925713,0,0.514495755428,0.499999993469,0,0.299999996081,0.0,0.0,0.0
32.916666666666664,-49.759880187375124,-8.317878526725934,3.055352269908329,0.0,0.0,0.0,0.0,0.0,0.0,ZERO_INTENT,1.1126994083300656,0,32,0,0,111,FULL_MOTION_CERTIFICATE,0,0,0,39,0,0,0,0,0,,32.066666666,0.5,0,0.3,0.857492925713,0,0.514495755428,0.857492925713,0,0.514495755428,0.499999993469,0,0.299999996081,0.0,0.0,0.0
32.93333333333333,-49.759880187375124,-8.317878526725934,3.055352269908329,0.0,0.0,0.0,0.0,0.0,0.0,ZERO_INTENT,1.1126994083300656,0,32,0,0,111,FULL_MOTION_CERTIFICATE,0,0,0,39,0,0,0,0,0,,32.066666666,0.5,0,0.3,0.857492925713,0,0.514495755428,0.857492925713,0,0.514495755428,0.499999993469,0,0.299999996081,0.0,0.0,0.0
32.95,-49.759880187375124,-8.317878526725934,3.055352269908329,0.0,0.0,0.0,0.0,0.0,0.0,ZERO_INTENT,1.1126994083300656,0,32,0,0,111,FULL_MOTION_CERTIFICATE,0,0,0,39,0,0,0,0,0,,32.066666666,0.5,0,0.3,0.857492925713,0,0.514495755428,0.857492925713,0,0.514495755428,0.499999993469,0,0.299999996081,0.0,0.0,0.0
32.96666666666667,-49.759880187375124,-8.317878526725934,3.055352269908329,0.0,0.0,0.0,0.0,0.0,0.0,ZERO_INTENT,1.1126994083300656,0,32,0,0,111,FULL_MOTION_CERTIFICATE,0,0,0,39,0,0,0,0,0,,32.066666666,0.5,0,0.3,0.857492925713,0,0.514495755428,0.857492925713,0,0.514495755428,0.499999993469,0,0.299999996081,0.0,0.0,0.0
32.983333333333334,-49.759880187375124,-8.317878526725934,3.055352269908329,0.0,0.0,0.0,0.0,0.0,0.0,ZERO_INTENT,1.1126994083300656,0,32,0,0,111,FULL_MOTION_CERTIFICATE,0,0,0,39,0,0,0,0,0,,32.066666666,0.5,0,0.3,0.857492925713,0,0.514495755428,0.857492925713,0,0.514495755428,0.499999993469,0,0.299999996081,0.0,0.0,0.0
33.0,-49.759880187375124,-8.317878526725934,3.055352269908329,0.0,0.0,0.0,0.0,0.0,0.0,ZERO_INTENT,1.1126994083300656,0,32,0,0,111,FULL_MOTION_CERTIFICATE,0,0,0,39,0,0,0,0,0,,32.066666666,0.5,0,0.3,0.857492925713,0,0.514495755428,0.857492925713,0,0.514495755428,0.499999993469,0,0.299999996081,0.0,0.0,0.0
33.016666666666666,-49.759880187375124,-8.317878526725934,3.055352269908329,0.0,0.0,0.0,0.0,0.0,0.0,ZERO_INTENT,1.1126994083300656,0,32,0,0,111,FULL_MOTION_CERTIFICATE,0,0,0,39,0,0,0,0,0,,32.066666666,0.5,0,0.3,0.857492925713,0,0.514495755428,0.857492925713,0,0.514495755428,0.499999993469,0,0.299999996081,0.0,0.0,0.0
33.03333333333333,-49.759880187375124,-8.317878526725934,3.055352269908329,0.0,0.0,0.0,0.0,0.0,0.0,ZERO_INTENT,1.1126994083300656,0,32,0,0,111,FULL_MOTION_CERTIFICATE,0,0,0,39,0,0,0,0,0,,32.066666666,0.5,0,0.3,0.857492925713,0,0.514495755428,0.857492925713,0,0.514495755428,0.499999993469,0,0.299999996081,0.0,0.0,0.0
33.05,-49.759880187375124,-8.317878526725934,3.055352269908329,0.0,0.0,0.0,0.0,0.0,0.0,ZERO_INTENT,1.1126994083300656,0,32,0,0,111,FULL_MOTION_CERTIFICATE,0,0,0,39,0,0,0,0,0,,32.066666666,0.5,0,0.3,0.857492925713,0,0.514495755428,0.857492925713,0,0.514495755428,0.499999993469,0,0.299999996081,0.0,0.0,0.0
33.06666666666667,-49.759880187375124,-8.317878526725934,3.055352269908329,0.0,0.0,0.0,0.0,0.0,0.0,ZERO_INTENT,1.1126994083300656,0,32,0,0,111,FULL_MOTION_CERTIFICATE,0,0,0,39,0,0,0,0,0,,32.066666666,0.5,0,0.3,0.857492925713,0,0.514495755428,0.857492925713,0,0.514495755428,0.499999993469,0,0.299999996081,0.0,0.0,0.0
33.083333333333336,-49.759880187375124,-8.317878526725934,3.055352269908329,0.0,0.0,0.0,0.0,0.0,0.0,ZERO_INTENT,1.1126994083300656,0,32,0,0,111,FULL_MOTION_CERTIFICATE,0,0,0,39,0,0,0,0,0,,32.066666666,0.5,0,0.3,0.857492925713,0,0.514495755428,0.857492925713,0,0.514495755428,0.499999993469,0,0.299999996081,0.0,0.0,0.0
33.1,-49.759880187375124,-8.317878526725934,3.055352269908329,0.0,0.0,0.0,0.0,0.0,0.0,ZERO_INTENT,1.1126994083300656,0,32,0,0,111,FULL_MOTION_CERTIFICATE,0,0,0,39,0,0,0,0,0,,32.066666666,0.5,0,0.3,0.857492925713,0,0.514495755428,0.857492925713,0,0.514495755428,0.499999993469,0,0.299999996081,0.0,0.0,0.0
33.11666666666667,-49.759880187375124,-8.317878526725934,3.055352269908329,0.0,0.0,0.0,0.0,0.0,0.0,ZERO_INTENT,1.1126994083300656,0,32,0,0,111,FULL_MOTION_CERTIFICATE,0,0,0,39,0,0,0,0,0,,32.066666666,0.5,0,0.3,0.857492925713,0,0.514495755428,0.857492925713,0,0.514495755428,0.499999993469,0,0.299999996081,0.0,0.0,0.0
33.13333333333333,-49.759880187375124,-8.317878526725934,3.055352269908329,0.0,0.0,0.0,0.0,0.0,0.0,ZERO_INTENT,1.1126994083300656,0,32,0,0,111,FULL_MOTION_CERTIFICATE,0,0,0,39,0,0,0,0,0,,32.066666666,0.5,0,0.3,0.857492925713,0,0.514495755428,0.857492925713,0,0.514495755428,0.499999993469,0,0.299999996081,0.0,0.0,0.0
33.15,-49.759880187375124,-8.317878526725934,3.055352269908329,0.0,0.0,0.0,0.0,0.0,0.0,ZERO_INTENT,1.1126994083300656,0,32,0,0,111,FULL_MOTION_CERTIFICATE,0,0,0,39,0,0,0,0,0,,32.066666666,0.5,0,0.3,0.857492925713,0,0.514495755428,0.857492925713,0,0.514495755428,0.499999993469,0,0.299999996081,0.0,0.0,0.0
33.166666666666664,-49.759880187375124,-8.317878526725934,3.055352269908329,0.0,0.0,0.0,0.0,0.0,0.0,ZERO_INTENT,1.1126994083300656,0,32,0,0,111,FULL_MOTION_CERTIFICATE,0,0,0,39,0,0,0,0,0,,32.066666666,0.5,0,0.3,0.857492925713,0,0.514495755428,0.857492925713,0,0.514495755428,0.499999993469,0,0.299999996081,0.0,0.0,0.0
33.18333333333333,-49.759880187375124,-8.317878526725934,3.055352269908329,0.0,0.0,0.0,0.0,0.0,0.0,ZERO_INTENT,1.1126994083300656,0,32,0,0,111,FULL_MOTION_CERTIFICATE,0,0,0,39,0,0,0,0,0,,32.066666666,0.5,0,0.3,0.857492925713,0,0.514495755428,0.857492925713,0,0.514495755428,0.499999993469,0,0.299999996081,0.0,0.0,0.0
33.2,-49.759880187375124,-8.317878526725934,3.055352269908329,0.0,0.0,0.0,0.0,0.0,0.0,ZERO_INTENT,1.1126994083300656,0,32,0,0,111,FULL_MOTION_CERTIFICATE,0,0,0,39,0,0,0,0,0,,32.066666666,0.5,0,0.3,0.857492925713,0,0.514495755428,0.857492925713,0,0.514495755428,0.499999993469,0,0.299999996081,0.0,0.0,0.0
33.21666666666667,-49.759880187375124,-8.317878526725934,3.055352269908329,0.0,0.0,0.0,0.0,0.0,0.0,ZERO_INTENT,1.1126994083300656,0,32,0,0,111,FULL_MOTION_CERTIFICATE,0,0,0,39,0,0,0,0,0,,32.066666666,0.5,0,0.3,0.857492925713,0,0.514495755428,0.857492925713,0,0.514495755428,0.499999993469,0,0.299999996081,0.0,0.0,0.0
33.233333333333334,-49.759880187375124,-8.317878526725934,3.055352269908329,0.0,0.0,0.0,0.0,0.0,0.0,ZERO_INTENT,1.1126994083300656,0,32,0,0,111,FULL_MOTION_CERTIFICATE,0,0,0,39,0,0,0,0,0,,32.066666666,0.5,0,0.3,0.857492925713,0,0.514495755428,0.857492925713,0,0.514495755428,0.499999993469,0,0.299999996081,0.0,0.0,0.0
33.25,-49.759880187375124,-8.317878526725934,3.055352269908329,0.0,0.0,0.0,0.0,0.0,0.0,ZERO_INTENT,1.1126994083300656,0,32,0,0,111,FULL_MOTION_CERTIFICATE,0,0,0,39,0,0,0,0,0,,32.066666666,0.5,0,0.3,0.857492925713,0,0.514495755428,0.857492925713,0,0.514495755428,0.499999993469,0,0.299999996081,0.0,0.0,0.0
33.266666666666666,-49.759880187375124,-8.317878526725934,3.055352269908329,0.0,0.0,0.0,0.0,0.0,0.0,ZERO_INTENT,1.1126994083300656,0,32,0,0,111,FULL_MOTION_CERTIFICATE,0,0,0,39,0,0,0,0,0,,32.066666666,0.5,0,0.3,0.857492925713,0,0.514495755428,0.857492925713,0,0.514495755428,0.499999993469,0,0.299999996081,0.0,0.0,0.0
33.28333333333333,-49.759880187375124,-8.317878526725934,3.055352269908329,0.0,0.0,0.0,0.0,0.0,0.0,ZERO_INTENT,1.1126994083300656,0,32,0,0,111,FULL_MOTION_CERTIFICATE,0,0,0,39,0,0,0,0,0,,32.066666666,0.5,0,0.3,0.857492925713,0,0.514495755428,0.857492925713,0,0.514495755428,0.499999993469,0,0.299999996081,0.0,0.0,0.0
33.3,-49.759880187375124,-8.317878526725934,3.055352269908329,0.0,0.0,0.0,0.0,0.0,0.0,ZERO_INTENT,1.1126994083300656,0,32,0,0,111,FULL_MOTION_CERTIFICATE,0,0,0,39,0,0,0,0,0,,32.066666666,0.5,0,0.3,0.857492925713,0,0.514495755428,0.857492925713,0,0.514495755428,0.499999993469,0,0.299999996081,0.0,0.0,0.0
33.31666666666667,-49.759880187375124,-8.317878526725934,3.055352269908329,0.0,0.0,0.0,0.0,0.0,0.0,ZERO_INTENT,1.1126994083300656,0,32,0,0,111,FULL_MOTION_CERTIFICATE,0,0,0,39,0,0,0,0,0,,32.066666666,0.5,0,0.3,0.857492925713,0,0.514495755428,0.857492925713,0,0.514495755428,0.499999993469,0,0.299999996081,0.0,0.0,0.0
33.333333333333336,-49.759880187375124,-8.317878526725934,3.055352269908329,0.0,0.0,0.0,0.0,0.0,0.0,ZERO_INTENT,1.1126994083300656,0,32,0,0,111,FULL_MOTION_CERTIFICATE,0,0,0,39,0,0,0,0,0,,32.066666666,0.5,0,0.3,0.857492925713,0,0.514495755428,0.857492925713,0,0.514495755428,0.499999993469,0,0.299999996081,0.0,0.0,0.0
33.35,-49.759880187375124,-8.317878526725934,3.055352269908329,0.0,0.0,0.0,0.0,0.0,0.0,ZERO_INTENT,1.1126994083300656,0,32,0,0,111,FULL_MOTION_CERTIFICATE,0,0,0,39,0,0,0,0,0,,32.066666666,0.5,0,0.3,0.857492925713,0,0.514495755428,0.857492925713,0,0.514495755428,0.499999993469,0,0.299999996081,0.0,0.0,0.0
33.36666666666667,-49.759880187375124,-8.317878526725934,3.055352269908329,0.0,0.0,0.0,0.0,0.0,0.0,ZERO_INTENT,1.1126994083300656,0,32,0,0,111,FULL_MOTION_CERTIFICATE,0,0,0,39,0,0,0,0,0,,32.066666666,0.5,0,0.3,0.857492925713,0,0.514495755428,0.857492925713,0,0.514495755428,0.499999993469,0,0.299999996081,0.0,0.0,0.0
33.38333333333333,-49.759880187375124,-8.317878526725934,3.055352269908329,0.0,0.0,0.0,0.0,0.0,0.0,ZERO_INTENT,1.1126994083300656,0,32,0,0,111,FULL_MOTION_CERTIFICATE,0,0,0,39,0,0,0,0,0,,32.066666666,0.5,0,0.3,0.857492925713,0,0.514495755428,0.857492925713,0,0.514495755428,0.499999993469,0,0.299999996081,0.0,0.0,0.0
33.4,-49.759880187375124,-8.317878526725934,3.055352269908329,0.0,0.0,0.0,0.0,0.0,0.0,ZERO_INTENT,1.1126994083300656,0,32,0,0,111,FULL_MOTION_CERTIFICATE,0,0,0,39,0,0,0,0,0,,32.066666666,0.5,0,0.3,0.857492925713,0,0.514495755428,0.857492925713,0,0.514495755428,0.499999993469,0,0.299999996081,0.0,0.0,0.0
33.416666666666664,-49.759880187375124,-8.317878526725934,3.055352269908329,0.0,0.0,0.0,0.0,0.0,0.0,ZERO_INTENT,1.1126994083300656,0,32,0,0,111,FULL_MOTION_CERTIFICATE,0,0,0,39,0,0,0,0,0,,32.066666666,0.5,0,0.3,0.857492925713,0,0.514495755428,0.857492925713,0,0.514495755428,0.499999993469,0,0.299999996081,0.0,0.0,0.0
33.43333333333333,-49.759880187375124,-8.317878526725934,3.055352269908329,0.0,0.0,0.0,0.0,0.0,0.0,ZERO_INTENT,1.1126994083300656,0,32,0,0,111,FULL_MOTION_CERTIFICATE,0,0,0,39,0,0,0,0,0,,32.066666666,0.5,0,0.3,0.857492925713,0,0.514495755428,0.857492925713,0,0.514495755428,0.499999993469,0,0.299999996081,0.0,0.0,0.0
33.45,-49.759880187375124,-8.317878526725934,3.055352269908329,0.0,0.0,0.0,0.0,0.0,0.0,ZERO_INTENT,1.1126994083300656,0,32,0,0,111,FULL_MOTION_CERTIFICATE,0,0,0,39,0,0,0,0,0,,32.066666666,0.5,0,0.3,0.857492925713,0,0.514495755428,0.857492925713,0,0.514495755428,0.499999993469,0,0.299999996081,0.0,0.0,0.0
33.46666666666667,-49.759880187375124,-8.317878526725934,3.055352269908329,0.0,0.0,0.0,0.0,0.0,0.0,ZERO_INTENT,1.1126994083300656,0,32,0,0,111,FULL_MOTION_CERTIFICATE,0,0,0,39,0,0,0,0,0,,32.066666666,0.5,0,0.3,0.857492925713,0,0.514495755428,0.857492925713,0,0.514495755428,0.499999993469,0,0.299999996081,0.0,0.0,0.0
33.483333333333334,-49.759880187375124,-8.317878526725934,3.055352269908329,0.0,0.0,0.0,0.0,0.0,0.0,ZERO_INTENT,1.1126994083300656,0,32,0,0,111,FULL_MOTION_CERTIFICATE,0,0,0,39,0,0,0,0,0,,32.066666666,0.5,0,0.3,0.857492925713,0,0.514495755428,0.857492925713,0,0.514495755428,0.499999993469,0,0.299999996081,0.0,0.0,0.0
33.5,-49.759880187375124,-8.317878526725934,3.055352269908329,0.0,0.0,0.0,0.0,0.0,0.0,ZERO_INTENT,1.1126994083300656,0,32,0,0,111,FULL_MOTION_CERTIFICATE,0,0,0,39,0,0,0,0,0,,32.066666666,0.5,0,0.3,0.857492925713,0,0.514495755428,0.857492925713,0,0.514495755428,0.499999993469,0,0.299999996081,0.0,0.0,0.0
33.516666666666666,-49.759880187375124,-8.317878526725934,3.055352269908329,0.0,0.0,0.0,0.0,0.0,0.0,ZERO_INTENT,1.1126994083300656,0,32,0,0,111,FULL_MOTION_CERTIFICATE,0,0,0,39,0,0,0,0,0,,32.066666666,0.5,0,0.3,0.857492925713,0,0.514495755428,0.857492925713,0,0.514495755428,0.499999993469,0,0.299999996081,0.0,0.0,0.0
33.53333333333333,-49.759880187375124,-8.317878526725934,3.055352269908329,0.0,0.0,0.0,0.0,0.0,0.0,ZERO_INTENT,1.1126994083300656,0,32,0,0,111,FULL_MOTION_CERTIFICATE,0,0,0,39,0,0,0,0,0,,32.066666666,0.5,0,0.3,0.857492925713,0,0.514495755428,0.857492925713,0,0.514495755428,0.499999993469,0,0.299999996081,0.0,0.0,0.0
33.55,-49.759880187375124,-8.317878526725934,3.055352269908329,0.0,0.0,0.0,0.0,0.0,0.0,ZERO_INTENT,1.1126994083300656,0,32,0,0,111,FULL_MOTION_CERTIFICATE,0,0,0,39,0,0,0,0,0,,32.066666666,0.5,0,0.3,0.857492925713,0,0.514495755428,0.857492925713,0,0.514495755428,0.499999993469,0,0.299999996081,0.0,0.0,0.0
33.56666666666667,-49.759880187375124,-8.317878526725934,3.055352269908329,0.0,0.0,0.0,0.0,0.0,0.0,ZERO_INTENT,1.1126994083300656,0,32,0,0,111,FULL_MOTION_CERTIFICATE,0,0,0,39,0,0,0,0,0,,32.066666666,0.5,0,0.3,0.857492925713,0,0.514495755428,0.857492925713,0,0.514495755428,0.499999993469,0,0.299999996081,0.0,0.0,0.0
33.583333333333336,-49.759880187375124,-8.317878526725934,3.055352269908329,0.0,0.0,0.0,0.0,0.0,0.0,ZERO_INTENT,1.1126994083300656,0,32,0,0,111,FULL_MOTION_CERTIFICATE,0,0,0,39,0,0,0,0,0,,32.066666666,0.5,0,0.3,0.857492925713,0,0.514495755428,0.857492925713,0,0.514495755428,0.499999993469,0,0.299999996081,0.0,0.0,0.0
33.6,-49.759880187375124,-8.317878526725934,3.055352269908329,0.0,0.0,0.0,0.0,0.0,0.0,ZERO_INTENT,1.1126994083300656,0,32,0,0,111,FULL_MOTION_CERTIFICATE,0,0,0,39,0,0,0,0,0,,32.066666666,0.5,0,0.3,0.857492925713,0,0.514495755428,0.857492925713,0,0.514495755428,0.499999993469,0,0.299999996081,0.0,0.0,0.0
33.61666666666667,-49.759880187375124,-8.317878526725934,3.055352269908329,0.0,0.0,0.0,0.0,0.0,0.0,ZERO_INTENT,1.1126994083300656,0,32,0,0,111,FULL_MOTION_CERTIFICATE,0,0,0,39,0,0,0,0,0,,32.066666666,0.5,0,0.3,0.857492925713,0,0.514495755428,0.857492925713,0,0.514495755428,0.499999993469,0,0.299999996081,0.0,0.0,0.0
33.63333333333333,-49.759880187375124,-8.317878526725934,3.055352269908329,0.0,0.0,0.0,0.0,0.0,0.0,ZERO_INTENT,1.1126994083300656,0,32,0,0,111,FULL_MOTION_CERTIFICATE,0,0,0,39,0,0,0,0,0,,32.066666666,0.5,0,0.3,0.857492925713,0,0.514495755428,0.857492925713,0,0.514495755428,0.499999993469,0,0.299999996081,0.0,0.0,0.0
33.65,-49.759880187375124,-8.317878526725934,3.055352269908329,0.0,0.0,0.0,0.0,0.0,0.0,ZERO_INTENT,1.1126994083300656,0,32,0,0,111,FULL_MOTION_CERTIFICATE,0,0,0,39,0,0,0,0,0,,32.066666666,0.5,0,0.3,0.857492925713,0,0.514495755428,0.857492925713,0,0.514495755428,0.499999993469,0,0.299999996081,0.0,0.0,0.0
33.666666666666664,-49.759880187375124,-8.317878526725934,3.055352269908329,0.0,0.0,0.0,0.0,0.0,0.0,ZERO_INTENT,1.1126994083300656,0,32,0,0,111,FULL_MOTION_CERTIFICATE,0,0,0,39,0,0,0,0,0,,32.066666666,0.5,0,0.3,0.857492925713,0,0.514495755428,0.857492925713,0,0.514495755428,0.499999993469,0,0.299999996081,0.0,0.0,0.0
33.68333333333333,-49.759880187375124,-8.317878526725934,3.055352269908329,0.0,0.0,0.0,0.0,0.0,0.0,ZERO_INTENT,1.1126994083300656,0,32,0,0,111,FULL_MOTION_CERTIFICATE,0,0,0,39,0,0,0,0,0,,32.066666666,0.5,0,0.3,0.857492925713,0,0.514495755428,0.857492925713,0,0.514495755428,0.499999993469,0,0.299999996081,0.0,0.0,0.0
33.7,-49.759880187375124,-8.317878526725934,3.055352269908329,0.0,0.0,0.0,0.0,0.0,0.0,ZERO_INTENT,1.1126994083300656,0,32,0,0,111,FULL_MOTION_CERTIFICATE,0,0,0,39,0,0,0,0,0,,32.066666666,0.5,0,0.3,0.857492925713,0,0.514495755428,0.857492925713,0,0.514495755428,0.499999993469,0,0.299999996081,0.0,0.0,0.0
33.71666666666667,-49.759880187375124,-8.317878526725934,3.055352269908329,0.0,0.0,0.0,0.0,0.0,0.0,ZERO_INTENT,1.1126994083300656,0,32,0,0,111,FULL_MOTION_CERTIFICATE,0,0,0,39,0,0,0,0,0,,32.066666666,0.5,0,0.3,0.857492925713,0,0.514495755428,0.857492925713,0,0.514495755428,0.499999993469,0,0.299999996081,0.0,0.0,0.0
33.733333333333334,-49.759880187375124,-8.317878526725934,3.055352269908329,0.0,0.0,0.0,0.0,0.0,0.0,ZERO_INTENT,1.1126994083300656,0,32,0,0,111,FULL_MOTION_CERTIFICATE,0,0,0,39,0,0,0,0,0,,32.066666666,0.5,0,0.3,0.857492925713,0,0.514495755428,0.857492925713,0,0.514495755428,0.499999993469,0,0.299999996081,0.0,0.0,0.0
33.75,-49.759880187375124,-8.317878526725934,3.055352269908329,0.0,0.0,0.0,0.0,0.0,0.0,ZERO_INTENT,1.1126994083300656,0,32,0,0,111,FULL_MOTION_CERTIFICATE,0,0,0,39,0,0,0,0,0,,32.066666666,0.5,0,0.3,0.857492925713,0,0.514495755428,0.857492925713,0,0.514495755428,0.499999993469,0,0.299999996081,0.0,0.0,0.0
33.766666666666666,-49.759880187375124,-8.317878526725934,3.055352269908329,0.0,0.0,0.0,0.0,0.0,0.0,ZERO_INTENT,1.1126994083300656,0,32,0,0,111,FULL_MOTION_CERTIFICATE,0,0,0,39,0,0,0,0,0,,32.066666666,0.5,0,0.3,0.857492925713,0,0.514495755428,0.857492925713,0,0.514495755428,0.499999993469,0,0.299999996081,0.0,0.0,0.0
33.78333333333333,-49.759880187375124,-8.317878526725934,3.055352269908329,0.0,0.0,0.0,0.0,0.0,0.0,ZERO_INTENT,1.1126994083300656,0,32,0,0,111,FULL_MOTION_CERTIFICATE,0,0,0,39,0,0,0,0,0,,32.066666666,0.5,0,0.3,0.857492925713,0,0.514495755428,0.857492925713,0,0.514495755428,0.499999993469,0,0.299999996081,0.0,0.0,0.0
33.8,-49.759880187375124,-8.317878526725934,3.055352269908329,0.0,0.0,0.0,0.0,0.0,0.0,ZERO_INTENT,1.1126994083300656,0,32,0,0,111,FULL_MOTION_CERTIFICATE,0,0,0,39,0,0,0,0,0,,32.066666666,0.5,0,0.3,0.857492925713,0,0.514495755428,0.857492925713,0,0.514495755428,0.499999993469,0,0.299999996081,0.0,0.0,0.0
33.81666666666667,-49.759880187375124,-8.317878526725934,3.055352269908329,0.0,0.0,0.0,0.0,0.0,0.0,ZERO_INTENT,1.1126994083300656,0,32,0,0,111,FULL_MOTION_CERTIFICATE,0,0,0,39,0,0,0,0,0,,32.066666666,0.5,0,0.3,0.857492925713,0,0.514495755428,0.857492925713,0,0.514495755428,0.499999993469,0,0.299999996081,0.0,0.0,0.0
33.833333333333336,-49.759880187375124,-8.317878526725934,3.055352269908329,0.0,0.0,0.0,0.0,0.0,0.0,ZERO_INTENT,1.1126994083300656,0,32,0,0,111,FULL_MOTION_CERTIFICATE,0,0,0,39,0,0,0,0,0,,32.066666666,0.5,0,0.3,0.857492925713,0,0.514495755428,0.857492925713,0,0.514495755428,0.499999993469,0,0.299999996081,0.0,0.0,0.0
33.85,-49.759880187375124,-8.317878526725934,3.055352269908329,0.0,0.0,0.0,0.0,0.0,0.0,ZERO_INTENT,1.1126994083300656,0,32,0,0,111,FULL_MOTION_CERTIFICATE,0,0,0,39,0,0,0,0,0,,32.066666666,0.5,0,0.3,0.857492925713,0,0.514495755428,0.857492925713,0,0.514495755428,0.499999993469,0,0.299999996081,0.0,0.0,0.0
33.86666666666667,-49.759880187375124,-8.317878526725934,3.055352269908329,0.0,0.0,0.0,0.0,0.0,0.0,ZERO_INTENT,1.1126994083300656,0,32,0,0,111,FULL_MOTION_CERTIFICATE,0,0,0,39,0,0,0,0,0,,32.066666666,0.5,0,0.3,0.857492925713,0,0.514495755428,0.857492925713,0,0.514495755428,0.499999993469,0,0.299999996081,0.0,0.0,0.0
33.88333333333333,-49.759880187375124,-8.317878526725934,3.055352269908329,0.0,0.0,0.0,0.0,0.0,0.0,ZERO_INTENT,1.1126994083300656,0,32,0,0,111,FULL_MOTION_CERTIFICATE,0,0,0,39,0,0,0,0,0,,32.066666666,0.5,0,0.3,0.857492925713,0,0.514495755428,0.857492925713,0,0.514495755428,0.499999993469,0,0.299999996081,0.0,0.0,0.0
33.9,-49.759880187375124,-8.317878526725934,3.055352269908329,0.0,0.0,0.0,0.0,0.0,0.0,ZERO_INTENT,1.1126994083300656,0,32,0,0,111,FULL_MOTION_CERTIFICATE,0,0,0,39,0,0,0,0,0,,32.066666666,0.5,0,0.3,0.857492925713,0,0.514495755428,0.857492925713,0,0.514495755428,0.499999993469,0,0.299999996081,0.0,0.0,0.0
33.916666666666664,-49.759880187375124,-8.317878526725934,3.055352269908329,0.0,0.0,0.0,0.0,0.0,0.0,ZERO_INTENT,1.1126994083300656,0,32,0,0,111,FULL_MOTION_CERTIFICATE,0,0,0,39,0,0,0,0,0,,32.066666666,0.5,0,0.3,0.857492925713,0,0.514495755428,0.857492925713,0,0.514495755428,0.499999993469,0,0.299999996081,0.0,0.0,0.0
33.93333333333333,-49.759880187375124,-8.317878526725934,3.055352269908329,0.0,0.0,0.0,0.0,0.0,0.0,ZERO_INTENT,1.1126994083300656,0,32,0,0,111,FULL_MOTION_CERTIFICATE,0,0,0,39,0,0,0,0,0,,32.066666666,0.5,0,0.3,0.857492925713,0,0.514495755428,0.857492925713,0,0.514495755428,0.499999993469,0,0.299999996081,0.0,0.0,0.0
33.95,-49.759880187375124,-8.317878526725934,3.055352269908329,0.0,0.0,0.0,0.0,0.0,0.0,ZERO_INTENT,1.1126994083300656,0,32,0,0,111,FULL_MOTION_CERTIFICATE,0,0,0,39,0,0,0,0,0,,32.066666666,0.5,0,0.3,0.857492925713,0,0.514495755428,0.857492925713,0,0.514495755428,0.499999993469,0,0.299999996081,0.0,0.0,0.0
33.96666666666667,-49.759880187375124,-8.317878526725934,3.055352269908329,0.0,0.0,0.0,0.0,0.0,0.0,ZERO_INTENT,1.1126994083300656,0,32,0,0,111,FULL_MOTION_CERTIFICATE,0,0,0,39,0,0,0,0,0,,32.066666666,0.5,0,0.3,0.857492925713,0,0.514495755428,0.857492925713,0,0.514495755428,0.499999993469,0,0.299999996081,0.0,0.0,0.0
33.983333333333334,-49.759880187375124,-8.317878526725934,3.055352269908329,0.0,0.0,0.0,0.0,0.0,0.0,ZERO_INTENT,1.1126994083300656,0,32,0,0,111,FULL_MOTION_CERTIFICATE,0,0,0,39,0,0,0,0,0,,32.066666666,0.5,0,0.3,0.857492925713,0,0.514495755428,0.857492925713,0,0.514495755428,0.499999993469,0,0.299999996081,0.0,0.0,0.0
34.0,-49.759880187375124,-8.317878526725934,3.055352269908329,0.0,0.0,0.0,0.0,0.0,0.0,ZERO_INTENT,1.1126994083300656,0,32,0,0,111,FULL_MOTION_CERTIFICATE,0,0,0,39,0,0,0,0,0,,32.066666666,0.5,0,0.3,0.857492925713,0,0.514495755428,0.857492925713,0,0.514495755428,0.499999993469,0,0.299999996081,0.0,0.0,0.0
34.016666666666666,-49.759880187375124,-8.317878526725934,3.055352269908329,0.0,0.0,0.0,0.0,0.0,0.0,ZERO_INTENT,1.1126994083300656,0,32,0,0,111,FULL_MOTION_CERTIFICATE,0,0,0,39,0,0,0,0,0,,32.066666666,0.5,0,0.3,0.857492925713,0,0.514495755428,0.857492925713,0,0.514495755428,0.499999993469,0,0.299999996081,0.0,0.0,0.0
