t,x,y,z,vx,vy,vz,qx,qy,qz,status,esdf_clearance_r048,collision_blocks,recorded_balls,revoked_balls,expired_views,evicted_views
0.0,-64.0,-11.2,2.8,0.0,0.0,0.0,0.0,0.0,0.0,WAITING_ODOMETRY,3.4576320838928183,0,,,,
0.016666666666666666,-64.0,-11.2,2.8,0.0,0.0,0.0,0.0,0.0,0.0,WAITING_ODOMETRY,3.4576320838928183,0,,,,
0.03333333333333333,-64.0,-11.2,2.8,0.0,0.0,0.0,0.0,0.0,0.0,WAITING_ODOMETRY,3.4576320838928183,0,,,,
0.05,-64.0,-11.2,2.8,0.0,0.0,0.0,0.0,0.0,0.0,ZERO_INTENT,3.4576320838928183,0,,,,
0.06666666666666667,-64.0,-11.2,2.8,0.0,0.0,0.0,0.0,0.0,0.0,ZERO_INTENT,3.4576320838928183,0,,,,
0.08333333333333333,-64.0,-11.2,2.8,0.0,0.0,0.0,0.0,0.0,0.0,ZERO_INTENT,3.4576320838928183,0,,,,
0.1,-64.0,-11.2,2.8,0.0,0.0,0.0,0.0,0.0,0.0,ZERO_INTENT,3.4576320838928183,0,,,,
0.11666666666666667,-64.0,-11.2,2.8,0.0,0.0,0.0,0.0,0.0,0.0,ZERO_INTENT,3.4576320838928183,0,,,,
0.13333333333333333,-64.0,-11.2,2.8,0.0,0.0,0.0,0.0,0.0,0.0,ZERO_INTENT,3.4576320838928183,0,,,,
0.15,-64.0,-11.2,2.8,0.0,0.0,0.0,0.0,0.0,0.0,ZERO_INTENT,3.4576320838928183,0,,,,
0.16666666666666666,-64.0,-11.2,2.8,0.0,0.0,0.0,0.0,0.0,0.0,ZERO_INTENT,3.4576320838928183,0,,,,
0.18333333333333332,-64.0,-11.2,2.8,0.0,0.0,0.0,0.0,0.0,0.0,ZERO_INTENT,3.4576320838928183,0,,,,
0.2,-64.0,-11.2,2.8,0.0,0.0,0.0,0.0,0.0,0.0,ZERO_INTENT,3.4576320838928183,0,,,,
0.21666666666666667,-64.0,-11.2,2.8,0.0,0.0,0.0,0.0,0.0,0.0,ZERO_INTENT,3.4576320838928183,0,,,,
0.23333333333333334,-64.0,-11.2,2.8,0.0,0.0,0.0,0.0,0.0,0.0,ZERO_INTENT,3.4576320838928183,0,,,,
0.25,-64.0,-11.2,2.8,0.0,0.0,0.0,0.0,0.0,0.0,ZERO_INTENT,3.4576320838928183,0,,,,
0.26666666666666666,-64.0,-11.2,2.8,0.0,0.0,0.0,0.0,0.0,0.0,ZERO_INTENT,3.4576320838928183,0,,,,
0.2833333333333333,-64.0,-11.2,2.8,0.0,0.0,0.0,0.0,0.0,0.0,ZERO_INTENT,3.4576320838928183,0,,,,
0.3,-64.0,-11.2,2.8,0.0,0.0,0.0,0.0,0.0,0.0,ZERO_INTENT,3.4576320838928183,0,,,,
0.31666666666666665,-64.0,-11.2,2.8,0.0,0.0,0.0,0.0,0.0,0.0,ZERO_INTENT,3.4576320838928183,0,,,,
0.3333333333333333,-64.0,-11.2,2.8,0.0,0.0,0.0,0.0,0.0,0.0,ZERO_INTENT,3.4576320838928183,0,,,,
0.35,-64.0,-11.2,2.8,0.0,0.0,0.0,0.0,0.0,0.0,ZERO_INTENT,3.4576320838928183,0,,,,
0.36666666666666664,-64.0,-11.2,2.8,0.0,0.0,0.0,0.0,0.0,0.0,ZERO_INTENT,3.4576320838928183,0,,,,
0.38333333333333336,-64.0,-11.2,2.8,0.0,0.0,0.0,0.0,0.0,0.0,ZERO_INTENT,3.4576320838928183,0,,,,
0.4,-64.0,-11.2,2.8,0.0,0.0,0.0,0.0,0.0,0.0,ZERO_INTENT,3.4576320838928183,0,,,,
0.4166666666666667,-64.0,-11.2,2.8,0.0,0.0,0.0,0.0,0.0,0.0,ZERO_INTENT,3.4576320838928183,0,,,,
0.43333333333333335,-64.0,-11.2,2.8,0.0,0.0,0.0,0.0,0.0,0.0,ZERO_INTENT,3.4576320838928183,0,,,,
0.45,-64.0,-11.2,2.8,0.0,0.0,0.0,0.0,0.0,0.0,ZERO_INTENT,3.4576320838928183,0,,,,
0.4666666666666667,-64.0,-11.2,2.8,0.0,0.0,0.0,0.0,0.0,0.0,ZERO_INTENT,3.4576320838928183,0,,,,
0.48333333333333334,-64.0,-11.2,2.8,0.0,0.0,0.0,0.0,0.0,0.0,ZERO_INTENT,3.4576320838928183,0,,,,
0.5,-64.0,-11.2,2.8,0.0,0.0,0.0,0.0,0.0,0.0,ZERO_INTENT,3.4576320838928183,0,,,,
0.5166666666666667,-64.0,-11.2,2.8,0.0,0.0,0.0,0.0,0.0,0.0,ZERO_INTENT,3.4576320838928183,0,,,,
0.5333333333333333,-64.0,-11.2,2.8,0.0,0.0,0.0,0.0,0.0,0.0,ZERO_INTENT,3.4576320838928183,0,,,,
0.55,-64.0,-11.2,2.8,0.0,0.0,0.0,0.0,0.0,0.0,ZERO_INTENT,3.4576320838928183,0,,,,
0.5666666666666667,-64.0,-11.2,2.8,0.0,0.0,0.0,0.0,0.0,0.0,ZERO_INTENT,3.4576320838928183,0,,,,
0.5833333333333334,-64.0,-11.2,2.8,0.0,0.0,0.0,0.0,0.0,0.0,ZERO_INTENT,3.4576320838928183,0,,,,
0.6,-64.0,-11.2,2.8,0.0,0.0,0.0,0.0,0.0,0.0,ZERO_INTENT,3.4576320838928183,0,,,,
0.6166666666666667,-64.0,-11.2,2.8,0.0,0.0,0.0,0.0,0.0,0.0,ZERO_INTENT,3.4576320838928183,0,,,,
0.6333333333333333,-64.0,-11.2,2.8,0.0,0.0,0.0,0.0,0.0,0.0,ZERO_INTENT,3.4576320838928183,0,,,,
0.65,-64.0,-11.2,2.8,0.0,0.0,0.0,0.0,0.0,0.0,ZERO_INTENT,3.4576320838928183,0,,,,
0.6666666666666666,-64.0,-11.2,2.8,0.0,0.0,0.0,0.0,0.0,0.0,ZERO_INTENT,3.4576320838928183,0,,,,
0.6833333333333333,-64.0,-11.2,2.8,0.0,0.0,0.0,0.0,0.0,0.0,ZERO_INTENT,3.4576320838928183,0,,,,
0.7,-64.0,-11.2,2.8,0.0,0.0,0.0,0.0,0.0,0.0,ZERO_INTENT,3.4576320838928183,0,,,,
0.7166666666666667,-64.0,-11.2,2.8,0.0,0.0,0.0,0.0,0.0,0.0,ZERO_INTENT,3.4576320838928183,0,,,,
0.7333333333333333,-64.0,-11.2,2.8,0.0,0.0,0.0,0.0,0.0,0.0,ZERO_INTENT,3.4576320838928183,0,,,,
0.75,-64.0,-11.2,2.8,0.0,0.0,0.0,0.0,0.0,0.0,ZERO_INTENT,3.4576320838928183,0,,,,
0.7666666666666667,-64.0,-11.2,2.8,0.0,0.0,0.0,0.0,0.0,0.0,ZERO_INTENT,3.4576320838928183,0,,,,
0.7833333333333333,-64.0,-11.2,2.8,0.0,0.0,0.0,0.0,0.0,0.0,ZERO_INTENT,3.4576320838928183,0,,,,
0.8,-64.0,-11.2,2.8,0.0,0.0,0.0,0.0,0.0,0.0,ZERO_INTENT,3.4576320838928183,0,,,,
0.8166666666666667,-64.0,-11.2,2.8,0.0,0.0,0.0,0.0,0.0,0.0,ZERO_INTENT,3.4576320838928183,0,,,,
0.8333333333333334,-64.0,-11.2,2.8,0.0,0.0,0.0,0.0,0.0,0.0,ZERO_INTENT,3.4576320838928183,0,,,,
0.85,-64.0,-11.2,2.8,0.0,0.0,0.0,0.0,0.0,0.0,ZERO_INTENT,3.4576320838928183,0,,,,
0.8666666666666667,-64.0,-11.2,2.8,0.0,0.0,0.0,0.0,0.0,0.0,ZERO_INTENT,3.4576320838928183,0,,,,
0.8833333333333333,-64.0,-11.2,2.8,0.0,0.0,0.0,0.0,0.0,0.0,ZERO_INTENT,3.4576320838928183,0,,,,
0.9,-64.0,-11.2,2.8,0.0,0.0,0.0,0.0,0.0,0.0,ZERO_INTENT,3.4576320838928183,0,,,,
0.9166666666666666,-64.0,-11.2,2.8,0.0,0.0,0.0,0.0,0.0,0.0,ZERO_INTENT,3.4576320838928183,0,,,,
0.9333333333333333,-64.0,-11.2,2.8,0.0,0.0,0.0,0.0,0.0,0.0,ZERO_INTENT,3.4576320838928183,0,,,,
0.95,-64.0,-11.2,2.8,0.0,0.0,0.0,0.0,0.0,0.0,ZERO_INTENT,3.4576320838928183,0,,,,
0.9666666666666667,-64.0,-11.2,2.8,0.0,0.0,0.0,0.0,0.0,0.0,ZERO_INTENT,3.4576320838928183,0,,,,
0.9833333333333333,-64.0,-11.2,2.8,0.0,0.0,0.0,0.0,0.0,0.0,ZERO_INTENT,3.4576320838928183,0,,,,
1.0,-64.0,-11.2,2.8,0.0,0.0,0.0,1.0,0.0,0.0,ZERO_INTENT,3.4576320838928183,0,,,,
1.0166666666666666,-64.0,-11.2,2.8,0.0,0.0,0.0,1.0,0.0,0.0,ZERO_INTENT,3.4576320838928183,0,,,,
1.0333333333333334,-63.99966666666667,-11.2,2.8,0.020000000000000195,0.0,0.0,1.0,0.0,0.0,ZERO_INTENT,3.4574158438046756,0,,,,
1.05,-63.999,-11.2,2.8,0.04000000000000012,0.0,0.0,1.0,0.0,0.0,ZERO_INTENT,3.4569833636283858,0,,,,
1.0666666666666667,-63.998000000000005,-11.2,2.8,0.060000000000000046,0.0,0.0,1.0,0.0,0.0,TARGET_HOLD,3.4563346433639524,0,,,,
1.0833333333333333,-63.99666666666667,-11.2,2.8,0.07999999999999997,0.0,0.0,1.0,0.0,0.0,TARGET_HOLD,3.455469683011371,0,2,0,0,0
1.1,-63.99566666666667,-11.2,2.8,0.059999999999999776,0.0,0.0,1.0,0.0,0.0,TARGET_HOLD,3.4548209627469384,0,2,0,0,0
1.1166666666666667,-63.99433333333334,-11.2,2.8,0.07999999999999971,0.0,0.0,1.0,0.0,0.0,TARGET_HOLD,3.4539560023943583,0,2,0,0,0
1.1333333333333333,-63.99266666666667,-11.2,2.8,0.09999999999999964,0.0,0.0,1.0,0.0,0.0,TARGET_HOLD,3.4528748019536337,0,2,0,0,0
1.15,-63.99066666666667,-11.2,2.8,0.11999999999999958,0.0,0.0,1.0,0.0,0.0,TARGET_HOLD,3.451577361424762,0,2,0,0,0
1.1666666666666667,-63.98833333333334,-11.2,2.8,0.13999999999999976,0.0,0.0,1.0,0.0,0.0,TARGET_HOLD,3.450063680807749,0,2,0,0,0
1.1833333333333333,-63.98566666666667,-11.2,2.8,0.1599999999999997,0.0,0.0,1.0,0.0,0.0,TARGET_HOLD,3.4483337601025874,0,2,0,0,0
1.2,-63.98266666666667,-11.2,2.8,0.17999999999999963,0.0,0.0,1.0,0.0,0.0,TARGET_HOLD,3.4463875993092827,0,2,0,0,0
1.2166666666666666,-63.97933333333334,-11.2,2.8,0.19999999999999957,0.0,0.0,1.0,0.0,0.0,TARGET_HOLD,3.4442251984278354,0,2,0,0,0
1.2333333333333334,-63.97566666666667,-11.2,2.8,0.21999999999999975,0.0,0.0,1.0,0.0,0.0,TARGET_HOLD,3.4418465574582395,0,2,0,0,0
1.25,-63.97166666666667,-11.2,2.8,0.23999999999999969,0.0,0.0,1.0,0.0,0.0,TARGET_HOLD,3.4392516764005028,0,2,0,0,0
1.2666666666666666,-63.967333333333336,-11.2,2.8,0.2599999999999996,0.0,0.0,1.0,0.0,0.0,TARGET_HOLD,3.436440555254617,0,2,0,0,0
1.2833333333333334,-63.96266666666667,-11.2,2.8,0.2799999999999998,0.0,0.0,1.0,0.0,0.0,TARGET_HOLD,3.433413194020589,0,2,0,0,0
1.3,-63.95766666666667,-11.2,2.8,0.2999999999999997,0.0,0.0,1.0,0.0,0.0,TARGET_HOLD,3.430169592698413,0,2,0,0,0
1.3166666666666667,-63.952333333333335,-11.2,2.8,0.3199999999999996,0.0,0.0,1.0,0.0,0.0,TARGET_HOLD,3.426709751288094,0,2,0,0,0
1.3333333333333333,-63.946666666666665,-11.2,2.8,0.3399999999999995,0.0,0.0,1.0,0.0,0.0,TARGET_HOLD,3.423033669789629,0,2,0,0,0
1.35,-63.940666666666665,-11.2,2.8,0.3599999999999997,0.0,0.0,1.0,0.0,0.0,TARGET_HOLD,3.419141348203019,0,2,0,0,0
1.3666666666666667,-63.934333333333335,-11.2,2.8,0.3799999999999996,0.0,0.0,1.0,0.0,0.0,TARGET_HOLD,3.4150327865282675,0,2,0,0,0
1.3833333333333333,-63.92766666666667,-11.2,2.8,0.3999999999999995,0.0,0.0,1.0,0.0,0.0,TARGET_HOLD,3.410707984765367,0,2,0,0,0
1.4,-63.92066666666667,-11.2,2.8,0.41999999999999943,0.0,0.0,1.0,0.0,0.0,TARGET_HOLD,3.4061669429143255,0,2,0,0,0
1.4166666666666667,-63.913333333333334,-11.2,2.8,0.4399999999999996,0.0,0.0,1.0,0.0,0.0,TARGET_HOLD,3.4014096609751365,0,2,0,0,0
1.4333333333333333,-63.90566666666667,-11.2,2.8,0.4599999999999995,0.0,0.0,1.0,0.0,0.0,TARGET_HOLD,3.3964361389478035,0,2,0,0,0
1.45,-63.897666666666666,-11.2,2.8,0.4799999999999994,0.0,0.0,1.0,0.0,0.0,TARGET_HOLD,3.391246376832322,0,2,0,0,0
1.4666666666666666,-63.88933333333333,-11.2,2.8,0.49999999999999933,0.0,0.0,1.0,0.0,0.0,TARGET_HOLD,3.3858403746287,0,2,0,0,0
1.4833333333333334,-63.88066666666666,-11.2,2.8,0.5199999999999996,0.0,0.0,1.0,0.0,0.0,TARGET_HOLD,3.3802181323369287,0,2,0,0,0
1.5,-63.87166666666666,-11.2,2.8,0.5399999999999995,0.0,0.0,1.0,0.0,0.0,TARGET_HOLD,3.374379649957016,0,2,0,0,0
1.5166666666666666,-63.86233333333333,-11.2,2.8,0.5599999999999994,0.0,0.0,1.0,0.0,0.0,TARGET_HOLD,3.3683249274889584,0,2,0,0,0
1.5333333333333334,-63.852666666666664,-11.2,2.8,0.5799999999999996,0.0,0.0,1.0,0.0,0.0,TARGET_HOLD,3.362053964932754,0,2,0,0,0
1.55,-63.842666666666666,-11.2,2.8,0.5999999999999995,0.0,0.0,1.0,0.0,0.0,TARGET_HOLD,3.3555667622884084,0,2,0,0,0
1.5666666666666667,-63.83233333333333,-11.2,2.8,0.6199999999999994,0.0,0.0,1.0,0.0,0.0,TARGET_HOLD,3.348863319555914,0,2,0,0,0
1.5833333333333333,-63.821666666666665,-11.2,2.8,0.6399999999999993,0.0,0.0,1.0,0.0,0.0,TARGET_HOLD,3.3419436367352766,0,3,0,0,0
1.6,-63.81066666666666,-11.2,2.8,0.6599999999999996,0.0,0.0,1.0,0.0,0.0,TARGET_HOLD,3.3348077138264904,0,3,0,0,0
1.6166666666666667,-63.79933333333333,-11.2,2.8,0.6799999999999995,0.0,0.0,1.0,0.0,0.0,TARGET_HOLD,3.3274555508295642,0,3,0,0,0
1.6333333333333333,-63.78766666666667,-11.2,2.8,0.6999999999999994,0.0,0.0,1.0,0.0,0.0,TARGET_HOLD,3.319887147744493,0,3,0,0,0
1.65,-63.775666666666666,-11.2,2.8,0.7199999999999993,0.0,0.0,1.0,0.0,0.0,TARGET_HOLD,3.312102504571275,0,3,0,0,0
1.6666666666666667,-63.763333333333335,-11.2,2.8,0.7399999999999995,0.0,0.0,1.0,0.0,0.0,TARGET_HOLD,3.3041016213099135,0,3,0,0,0
1.6833333333333333,-63.75067171717172,-11.2,2.8,0.7596969696969692,0.0,0.0,1.0,0.0,0.0,TARGET_HOLD,3.2958877743253794,0,3,0,0,0
1.7,-63.737706688093056,-11.2,2.8,0.777901744719926,0.0,0.0,1.0,0.0,0.0,TARGET_HOLD,3.287477097233062,0,3,0,0,0
1.7166666666666666,-63.72446123192439,-11.2,2.8,0.7947273701199316,0.0,0.0,1.0,0.0,0.0,TARGET_HOLD,3.278884501404764,0,3,0,0,0
1.7333333333333334,-63.710956593142235,-11.2,2.8,0.8102783269290278,0.0,0.0,1.0,0.0,0.0,TARGET_HOLD,3.2701237685629105,0,3,0,0,0
1.75,-63.69721240679308,-11.2,2.8,0.8246511809495559,0.0,0.0,1.0,0.0,0.0,TARGET_HOLD,3.2612076363600435,0,3,0,0,0
1.7666666666666666,-63.68324682041987,-11.2,2.8,0.8379351823927713,0.0,0.0,1.0,0.0,0.0,TARGET_HOLD,3.2521478774750268,0,3,0,0,0
1.7833333333333334,-63.669076606751695,-11.2,2.8,0.8502128200902888,0.0,0.0,1.0,0.0,0.0,TARGET_HOLD,3.242955372717112,0,3,0,0,0
1.8,-63.65471726785636,-11.2,2.8,0.8615603337198123,0.0,0.0,1.0,0.0,0.0,TARGET_HOLD,3.233640178591824,0,3,0,0,0
1.8166666666666667,-63.6401831314026,-11.2,2.8,0.8720481872258872,0.0,0.0,1.0,0.0,0.0,TARGET_HOLD,3.224211589748208,0,4,0,0,0
1.8333333333333333,-63.62548743962968,-11.2,2.8,0.8817415063754411,0.0,0.0,1.0,0.0,0.0,TARGET_HOLD,3.214678196695225,0,4,0,0,0
1.85,-63.61064243157693,-11.2,2.8,0.8907004831651806,0.0,0.0,1.0,0.0,0.0,TARGET_HOLD,3.205047939145707,0,4,0,0,0
1.8666666666666667,-63.595659419083724,-11.2,2.8,0.8989807495920608,0.0,0.0,1.0,0.0,0.0,TARGET_HOLD,3.195605056858833,0,4,0,0,0
1.8833333333333333,-63.58054885703193,-11.2,2.8,0.9066337231078136,0.0,0.0,1.0,0.0,0.0,TARGET_HOLD,3.186766487094839,0,4,0,0,0
1.9,-63.565320408266885,-11.2,2.8,0.9137069259026762,0.0,0.0,1.0,0.0,0.0,TARGET_HOLD,3.1778589622558666,0,4,0,0,0
1.9166666666666667,-63.549983003600204,-11.2,2.8,0.9202442800009584,0.0,0.0,1.0,0.0,0.0,TARGET_HOLD,3.1688877062112284,0,4,0,0,0
1.9333333333333333,-63.534544897266855,-11.2,2.8,0.9262863800008857,0.0,0.0,1.0,0.0,0.0,TARGET_HOLD,3.1598575470825656,0,4,0,0,0
1.95,-63.519013718180986,-11.2,2.8,0.9318707451523337,0.0,0.0,1.0,0.0,0.0,TARGET_HOLD,3.150772947224733,0,4,0,0,0
1.9666666666666666,-63.50339651730869,-11.2,2.8,0.937032052337763,0.0,0.0,1.0,0.0,0.0,TARGET_HOLD,3.1416380309353884,0,5,0,0,0
1.9833333333333334,-63.48769981145197,-11.2,2.8,0.941802351403084,0.0,0.0,1.0,0.0,0.0,TARGET_HOLD,3.132456610065409,0,5,0,0,0
2.0,-63.47192962371571,-11.2,2.8,0.9462112641755777,0.0,0.0,1.0,0.0,0.0,TARGET_HOLD,3.1232322076890844,0,5,0,0,0
2.0166666666666666,-63.45609152090896,-11.2,2.8,0.9502861684047006,0.0,0.0,1.0,0.0,0.0,TARGET_HOLD,3.113968079981136,0,5,0,0,0
2.033333333333333,-63.44019064811283,-11.2,2.8,0.9540523677679809,0.0,0.0,1.0,0.0,0.0,TARGET_HOLD,3.1046672364363865,0,5,0,0,0
2.05,-63.42423176062954,-11.2,2.8,0.9575332489976792,0.0,0.0,1.0,0.0,0.0,TARGET_HOLD,3.0953324585576225,0,5,0,0,0
2.066666666666667,-63.40821925351114,-11.2,2.8,0.9607504271039157,0.0,0.0,1.0,0.0,0.0,TARGET_HOLD,3.0859663171277236,0,5,0,0,0
2.0833333333333335,-63.39215718885121,-11.2,2.8,0.9637238795960432,0.0,0.0,1.0,0.0,0.0,TARGET_HOLD,3.0765711881732902,0,5,0,0,0
2.1,-63.37604932100894,-11.2,2.8,0.9664720705357369,0.0,0.0,1.0,0.0,0.0,TARGET_HOLD,3.0671492677189076,0,5,0,0,0
2.1166666666666667,-63.35989911992241,-11.2,2.8,0.9690120651921205,0.0,0.0,1.0,0.0,0.0,TARGET_HOLD,3.0577025854236677,0,6,0,0,0
2.1333333333333333,-63.34370979265556,-11.2,2.8,0.9713596360108993,0.0,0.0,1.0,0.0,0.0,TARGET_HOLD,3.0482330171845975,0,6,0,0,0
2.15,-63.327484303312964,-11.2,2.8,0.9735293605555281,0.0,0.0,1.0,0.0,0.0,TARGET_HOLD,3.0387422967853257,0,6,0,0,0
2.1666666666666665,-63.311225391445824,-11.2,2.8,0.9755347120285941,0.0,0.0,1.0,0.0,0.0,TARGET_HOLD,3.0292320266622332,0,6,0,0,0
2.183333333333333,-63.29493558906356,-11.2,2.8,0.9773881429355188,0.0,0.0,1.0,0.0,0.0,TARGET_HOLD,3.0197036878549977,0,6,0,0,0
2.2,-63.27861723635673,-11.2,2.8,0.9791011624101007,0.0,0.0,1.0,0.0,0.0,TARGET_HOLD,3.0101586492033325,0,6,0,0,0
2.216666666666667,-63.2622724962287,-11.2,2.8,0.9806844076820628,0.0,0.0,1.0,0.0,0.0,TARGET_HOLD,3.0005981758469633,0,6,0,0,0
2.2333333333333334,-63.24590336772653,-11.2,2.8,0.9821477101303914,0.0,0.0,1.0,0.0,0.0,TARGET_HOLD,2.9910234370817026,0,6,0,0,0
2.25,-63.22951169845432,-11.2,2.8,0.9835001563326344,0.0,0.0,1.0,0.0,0.0,TARGET_HOLD,2.9814355136203443,0,6,0,0,0
2.2666666666666666,-63.213099196046166,-11.2,2.8,0.984750144489253,0.0,0.0,1.0,0.0,0.0,TARGET_HOLD,2.971835404303504,0,7,0,0,0
2.283333333333333,-63.19666743876994,-11.2,2.8,0.9859054365734005,0.0,0.0,1.0,0.0,0.0,TARGET_HOLD,2.962089978738136,0,7,0,0,0
2.3,-63.18021788532778,-11.2,2.8,0.986973206529961,0.0,0.0,1.0,0.0,0.0,TARGET_HOLD,2.9518065076388185,0,7,0,0,0
2.316666666666667,-63.16375188391406,-11.2,2.8,0.9879600848231458,0.0,0.0,1.0,0.0,0.0,TARGET_HOLD,2.9415127540573245,0,7,0,0,0
2.3333333333333335,-63.14727068058724,-11.2,2.8,0.9888721996092711,0.0,0.0,1.0,0.0,0.0,TARGET_HOLD,2.9312094969695743,0,7,0,0,0
2.35,-63.1307754270074,-11.2,2.8,0.9897152147903869,0.0,0.0,1.0,0.0,0.0,TARGET_HOLD,2.9208974563381624,0,7,0,0,0
2.3666666666666667,-63.11426718758765,-11.2,2.8,0.9904943651850546,0.0,0.0,1.0,0.0,0.0,TARGET_HOLD,2.9105772975830653,0,7,0,0,0
2.3833333333333333,-63.09774694610374,-11.2,2.8,0.9912144890346717,0.0,0.0,1.0,0.0,0.0,TARGET_HOLD,2.9002496357136525,0,7,0,0,0
2.4,-63.08121561180295,-11.2,2.8,0.9918800580471966,0.0,0.0,1.0,0.0,0.0,TARGET_HOLD,2.8899150391476733,0,7,0,0,0
2.4166666666666665,-63.06467402505021,-11.2,2.8,0.9924952051648332,0.0,0.0,1.0,0.0,0.0,TARGET_HOLD,2.879574033240931,0,8,0,0,0
2.433333333333333,-63.04812296254641,-11.2,2.8,0.9930637502281034,0.0,0.0,1.0,0.0,0.0,TARGET_HOLD,2.869227103549544,0,8,0,0,0
2.45,-63.03156314215148,-11.2,2.8,0.9935892236956714,0.0,0.0,1.0,0.0,0.0,TARGET_HOLD,2.8588746988450704,0,8,0,0,0
2.466666666666667,-63.01499522734202,-11.2,2.8,0.9940748885672114,0.0,0.0,1.0,0.0,0.0,TARGET_HOLD,2.848517233901234,0,8,0,0,0
2.4833333333333334,-62.99841983133126,-11.2,2.8,0.9945237606454529,0.0,0.0,1.0,0.0,0.0,TARGET_HOLD,2.8381550920695013,0,8,0,0,0
2.5,-62.98183752087687,-11.2,2.8,0.9949386272632216,0.0,0.0,1.0,0.0,0.0,TARGET_HOLD,2.827788627659563,0,8,0,0,0
2.5166666666666666,-62.965248819800344,-11.2,2.8,0.9953220645917654,0.0,0.0,1.0,0.0,0.0,TARGET_HOLD,2.8174181681394628,0,8,0,0,0
2.533333333333333,-62.94865421223972,-11.2,2.8,0.9956764536378439,0.0,0.0,1.0,0.0,0.0,TARGET_HOLD,2.807044016169064,0,8,0,0,0
2.55,-62.93239293801242,-11.2,2.8,0.9756764536378439,0.0,0.0,1.0,0.0,0.0,TARGET_HOLD,2.7968782481959455,0,8,0,0,0
2.566666666666667,-62.91646499711845,-11.2,2.8,0.9556764536378435,0.0,0.0,1.0,0.0,0.0,OUTSIDE_FLOW_BOX,2.786920864220105,0,8,0,0,0
2.5833333333333335,-62.900870389557824,-11.2,2.8,0.9356764536378436,0.0,0.0,1.0,0.0,0.0,OUTSIDE_FLOW_BOX,2.777171864241549,0,9,0,0,0
2.6,-62.885609115330524,-11.2,2.8,0.9156764536378437,0.0,0.0,1.0,0.0,0.0,OUTSIDE_FLOW_BOX,2.767631248260273,0,9,0,0,0
2.6166666666666667,-62.87068117443656,-11.2,2.8,0.8956764536378438,0.0,0.0,1.0,0.0,0.0,OUTSIDE_FLOW_BOX,2.7582990162762813,0,9,0,0,0
2.6333333333333333,-62.85608656687593,-11.2,2.8,0.8756764536378439,0.0,0.0,1.0,0.0,0.0,OUTSIDE_FLOW_BOX,2.7491751682895678,0,9,0,0,0
2.65,-62.841825292648636,-11.2,2.8,0.855676453637844,0.0,0.0,1.0,0.0,0.0,OUTSIDE_FLOW_BOX,2.740259704300138,0,9,0,0,0
2.6666666666666665,-62.82789735175467,-11.2,2.8,0.835676453637844,0.0,0.0,1.0,0.0,0.0,OUTSIDE_FLOW_BOX,2.7315526243079886,0,9,0,0,0
2.683333333333333,-62.81430274419404,-11.2,2.8,0.8156764536378441,0.0,0.0,1.0,0.0,0.0,OUTSIDE_FLOW_BOX,2.7230539283131185,0,9,0,0,0
2.7,-62.80104146996674,-11.2,2.8,0.7956764536378437,0.0,0.0,1.0,0.0,0.0,OUTSIDE_FLOW_BOX,2.714763616315533,0,9,0,0,0
2.716666666666667,-62.788113529072774,-11.2,2.8,0.7756764536378438,0.0,0.0,1.0,0.0,0.0,OUTSIDE_FLOW_BOX,2.7060887964831863,0,9,0,0,0
2.7333333333333334,-62.775518921512145,-11.2,2.8,0.7556764536378439,0.0,0.0,1.0,0.0,0.0,OUTSIDE_FLOW_BOX,2.6975870391108514,0,10,0,0,0
2.75,-62.763257647284846,-11.2,2.8,0.735676453637844,0.0,0.0,1.0,0.0,0.0,OUTSIDE_FLOW_BOX,2.689310292252774,0,10,0,0,0
2.7666666666666666,-62.751329706390884,-11.2,2.8,0.715676453637844,0.0,0.0,1.0,0.0,0.0,OUTSIDE_FLOW_BOX,2.681258555908958,0,10,0,0,0
2.783333333333333,-62.739068432163585,-11.2,2.8,0.735676453637844,0.0,0.0,1.0,0.0,0.0,OUTSIDE_FLOW_BOX,2.67298180905088,0,10,0,0,0
2.8,-62.726473824602955,-11.2,2.8,0.7556764536378439,0.0,0.0,1.0,0.0,0.0,OUTSIDE_FLOW_BOX,2.6644800516785443,0,10,0,0,0
2.816666666666667,-62.71357072771611,-11.2,2.8,0.7741858132107349,0.0,0.0,1.0,0.0,0.0,TARGET_HOLD,2.6557700542804032,0,10,0,0,0
2.8333333333333335,-62.700382511906554,-11.2,2.8,0.7912929485735579,0.0,0.0,1.0,0.0,0.0,TARGET_HOLD,2.646867592615988,0,10,0,0,0
2.85,-62.68693077709267,-11.2,2.8,0.8071040888331368,0.0,0.0,1.0,0.0,0.0,TARGET_HOLD,2.637787247311532,0,10,0,0,0
2.8666666666666667,-62.67323548683539,-11.2,2.8,0.821717415436687,0.0,0.0,1.0,0.0,0.0,TARGET_HOLD,2.6285424944003672,0,10,0,0,0
2.8833333333333333,-62.659315092304674,-11.2,2.8,0.8352236718429985,0.0,0.0,1.0,0.0,0.0,TARGET_HOLD,2.6191457890042202,0,10,0,0,0
2.9,-62.64518664685457,-11.2,2.8,0.8477067270064077,0.0,0.0,1.0,0.0,0.0,TARGET_HOLD,2.60960864267498,0,10,0,0,0
2.9166666666666665,-62.630865911918356,-11.2,2.8,0.8592440961725889,0.0,0.0,1.0,0.0,0.0,TARGET_HOLD,2.599941694877274,0,11,0,0,0
2.933333333333333,-62.616367454881356,-11.2,2.8,0.86990742222012,0.0,0.0,1.0,0.0,0.0,TARGET_HOLD,2.5901547790556863,0,11,0,0,0
2.95,-62.60170473953907,-11.2,2.8,0.8797629205367777,0.0,0.0,1.0,0.0,0.0,TARGET_HOLD,2.58025698369687,0,11,0,0,0
2.966666666666667,-62.586890209702524,-11.2,2.8,0.8888717901930824,0.0,0.0,1.0,0.0,0.0,TARGET_HOLD,2.5702567087657746,0,11,0,0,0
2.9833333333333334,-62.57193536646975,-11.2,2.8,0.8972905939663337,0.0,0.0,1.0,0.0,0.0,TARGET_HOLD,2.5601617178663525,0,11,0,0,0
3.0,-62.5568508396435,-11.2,2.8,0.9050716095749448,0.0,0.0,1.0,0.0,0.0,TARGET_HOLD,2.5499791864507517,0,11,0,0,0
3.0166666666666666,-62.54164645373844,-11.2,2.8,0.9122631543041156,0.0,0.0,1.0,0.0,0.0,TARGET_HOLD,2.5397157463762636,0,11,0,0,0
3.033333333333333,-62.52633128898779,-11.2,2.8,0.9189098850386523,0.0,0.0,1.0,0.0,0.0,TARGET_HOLD,2.5293775270867354,0,11,0,0,0
3.05,-62.51091373772836,-11.2,2.8,0.9250530755660271,0.0,0.0,1.0,0.0,0.0,TARGET_HOLD,2.5189701936742215,0,11,0,0,0
3.066666666666667,-62.49540155651383,-11.2,2.8,0.9307308728716313,0.0,0.0,1.0,0.0,0.0,TARGET_HOLD,2.5084989820571297,0,12,0,0,0
3.0833333333333335,-62.4798019142802,-11.2,2.8,0.9359785340177198,0.0,0.0,1.0,0.0,0.0,TARGET_HOLD,2.497968731493376,0,12,0,0,0
3.1,-62.46412143686225,-11.2,2.8,0.9408286450769834,0.0,0.0,1.0,0.0,0.0,TARGET_HOLD,2.48738391463044,0,12,0,0,0
3.1166666666666667,-62.44836624813758,-11.2,2.8,0.9453113234802422,0.0,0.0,1.0,0.0,0.0,TARGET_HOLD,2.4767486652788686,0,12,0,0,0
3.1333333333333333,-62.432542008053666,-11.2,2.8,0.9494544050347693,0.0,0.0,1.0,0.0,0.0,TARGET_HOLD,2.4660668040817333,0,12,0,0,0
3.15,-62.41665394777409,-11.2,2.8,0.9532836167745595,0.0,0.0,1.0,0.0,0.0,TARGET_HOLD,2.4553418622394587,0,12,0,0,0
3.1666666666666665,-62.400706902162156,-11.2,2.8,0.9568227367158808,0.0,0.0,1.0,0.0,0.0,TARGET_HOLD,2.444577103437285,0,12,0,0,0
3.183333333333333,-62.38470533980365,-11.2,2.8,0.9600937415101323,0.0,0.0,1.0,0.0,0.0,TARGET_HOLD,2.4338705271317442,0,12,0,0,0
3.2,-62.368653390755135,-11.2,2.8,0.9631169429108799,0.0,0.0,1.0,0.0,0.0,TARGET_HOLD,2.4231346411423496,0,12,0,0,0
3.216666666666667,-62.35255487219009,-11.2,2.8,0.9659111139024799,0.0,0.0,1.0,0.0,0.0,TARGET_HOLD,2.4123676084667482,0,13,0,0,0
3.2333333333333334,-62.3364133121022,-11.2,2.8,0.9684936052735041,0.0,0.0,1.0,0.0,0.0,TARGET_HOLD,2.401571788702385,0,13,0,0,0
3.25,-62.32023197121289,-11.2,2.8,0.9708804533588448,0.0,0.0,1.0,0.0,0.0,TARGET_HOLD,2.3907493626893124,0,13,0,0,0
3.2666666666666666,-62.30401386321923,-11.2,2.8,0.9730864796195383,0.0,0.0,1.0,0.0,0.0,TARGET_HOLD,2.3799023460524333,0,13,0,0,0
3.283333333333333,-62.287761773507924,-11.2,2.8,0.9751253826786642,0.0,0.0,1.0,0.0,0.0,TARGET_HOLD,2.3690326017177945,0,13,0,0,0
3.3,-62.27147827645151,-11.2,2.8,0.977009823384826,0.0,0.0,1.0,0.0,0.0,TARGET_HOLD,2.35814185148068,0,13,0,0,0
3.316666666666667,-62.25516575139432,-11.2,2.8,0.9787515034314301,0.0,0.0,1.0,0.0,0.0,TARGET_HOLD,2.3472316866973393,0,13,0,0,0
3.3333333333333335,-62.238826397427324,-11.2,2.8,0.9803612380199581,0.0,0.0,1.0,0.0,0.0,TARGET_HOLD,2.3363035781667265,0,13,0,0,0
3.35,-62.22246224704369,-11.2,2.8,0.9818490230184461,0.0,0.0,1.0,0.0,0.0,TARGET_HOLD,2.3253588852636384,0,13,0,0,0
3.3666666666666667,-62.20607517875982,-11.2,2.8,0.9832240970322002,0.0,0.0,1.0,0.0,0.0,TARGET_HOLD,2.3143988643799243,0,14,0,0,0
3.3833333333333333,-62.189666928780284,-11.2,2.8,0.9844949987721849,0.0,0.0,1.0,0.0,0.0,TARGET_HOLD,2.3034246767262423,0,14,0,0,0
3.4,-62.173239101779,-11.2,2.8,0.9856696200773224,0.0,0.0,1.0,0.0,0.0,TARGET_HOLD,2.2924373955427404,0,14,0,0,0
3.4166666666666665,-62.156793180863666,-11.2,2.8,0.9867552549199495,0.0,0.0,1.0,0.0,0.0,TARGET_HOLD,2.2814380127634952,0,14,0,0,0
3.433333333333333,-62.140330536785356,-11.2,2.8,0.9877586446987412,0.0,0.0,1.0,0.0,0.0,TARGET_HOLD,2.2704274451760615,0,14,0,0,0
3.45,-62.12385243645035,-11.2,2.8,0.9886860201003518,0.0,0.0,1.0,0.0,0.0,TARGET_HOLD,2.259406540114393,0,14,0,0,0
3.466666666666667,-62.107360050787186,-11.2,2.8,0.9895431397897191,0.0,0.0,1.0,0.0,0.0,TARGET_HOLD,2.24837608072048,0,14,0,0,0
3.4833333333333334,-62.090854462017695,-11.2,2.8,0.9903353261692858,0.0,0.0,1.0,0.0,0.0,TARGET_HOLD,2.237336790807368,0,14,0,0,0
3.5,-62.07433667037721,-11.2,2.8,0.9910674984291884,0.0,0.0,1.0,0.0,0.0,TARGET_HOLD,2.226289339353785,0,14,0,0,0
3.5166666666666666,-62.057807600325646,-11.2,2.8,0.9917442030936439,0.0,0.0,1.0,0.0,0.0,TARGET_HOLD,2.215234344658254,0,15,0,0,0
3.533333333333333,-62.04126810628809,-11.2,2.8,0.9923696422532163,0.0,0.0,1.0,0.0,0.0,TARGET_HOLD,2.2041723781785008,0,15,0,0,0
3.55,-62.024718977960454,-11.2,2.8,0.9929476996582757,0.0,0.0,1.0,0.0,0.0,TARGET_HOLD,2.193103968079989,0,15,0,0,0
3.566666666666667,-62.00816094521319,-11.2,2.8,0.9934819648356791,0.0,0.0,1.0,0.0,0.0,TARGET_HOLD,2.1820296025156583,0,15,0,0,0
3.5833333333333335,-61.99159468262355,-11.2,2.8,0.9939757553784306,0.0,0.0,1.0,0.0,0.0,TARGET_HOLD,2.1710180985653804,0,15,0,0,0
3.6,-61.975020813664436,-11.2,2.8,0.9944321375467313,0.0,0.0,1.0,0.0,0.0,TARGET_HOLD,2.1600679474510778,0,15,0,0,0
3.6166666666666667,-61.95843991457596,-11.2,2.8,0.9948539453083426,0.0,0.0,1.0,0.0,0.0,TARGET_HOLD,2.1491131516168824,0,15,0,0,0
3.6333333333333333,-61.94185251794369,-11.2,2.8,0.9952437979364984,0.0,0.0,1.0,0.0,0.0,TARGET_HOLD,2.1381540629355156,0,15,0,0,0
3.65,-61.925259116005776,-11.2,2.8,0.9956041162746425,0.0,0.0,1.0,0.0,0.0,TARGET_HOLD,2.1271910066226694,0,15,0,0,0
3.6666666666666665,-61.90866016370963,-11.2,2.8,0.9959371377689877,0.0,0.0,1.0,0.0,0.0,TARGET_HOLD,2.116224283256488,0,16,0,0,0
3.683333333333333,-61.89205608153692,-11.2,2.8,0.9962449303622463,0.0,0.0,1.0,0.0,0.0,TARGET_HOLD,2.105254170644041,0,16,0,0,0
3.7,-61.875447258114676,-11.2,2.8,0.9965294053348034,0.0,0.0,1.0,0.0,0.0,TARGET_HOLD,2.0942809255464105,0,16,0,0,0
3.716666666666667,-61.85883405262846,-11.2,2.8,0.9967923291730758,0.0,0.0,1.0,0.0,0.0,TARGET_HOLD,2.0833047852730817,0,16,0,0,0
3.7333333333333334,-61.842216797052814,-11.2,2.8,0.9970353345387519,0.0,0.0,1.0,0.0,0.0,TARGET_HOLD,2.0723259691555405,0,16,0,0,0
3.75,-61.825595798212696,-11.2,2.8,0.9972599304070283,0.0,0.0,1.0,0.0,0.0,TARGET_HOLD,2.0613446799092636,0,16,0,0,0
3.7666666666666666,-61.808971339688746,-11.2,2.8,0.9974675114367989,0.0,0.0,1.0,0.0,0.0,TARGET_HOLD,2.0503611048924837,0,16,0,0,0
3.783333333333333,-61.79234368357823,-11.2,2.8,0.9976593666309808,0.0,0.0,1.0,0.0,0.0,TARGET_HOLD,2.0393754172696386,0,16,0,0,0
3.8,-61.77571307212255,-11.2,2.8,0.9978366873407549,0.0,0.0,1.0,0.0,0.0,TARGET_HOLD,2.0283877770866363,0,16,0,0,0
3.816666666666667,-61.75907972921149,-11.2,2.8,0.998000574663425,0.0,0.0,1.0,0.0,0.0,TARGET_HOLD,2.017398332264705,0,17,0,0,0
3.8333333333333335,-61.742443861773495,-11.2,2.8,0.9981520462798321,0.0,0.0,1.0,0.0,0.0,TARGET_HOLD,2.006407219518914,0,17,0,0,0
3.85,-61.7258056610606,-11.2,2.8,0.9982920427737842,0.0,0.0,1.0,0.0,0.0,TARGET_HOLD,1.9954145652071325,0,17,0,0,0
3.8666666666666667,-61.70916530383605,-11.2,2.8,0.99842143347274,0.0,0.0,1.0,0.0,0.0,TARGET_HOLD,1.9844204861146606,0,17,0,0,0
3.8833333333333333,-61.69252295347195,-11.2,2.8,0.9985410218460173,0.0,0.0,1.0,0.0,0.0,TARGET_HOLD,1.9734250901794295,0,17,0,0,0
3.9,-61.67587876096372,-11.2,2.8,0.9986515504940463,0.0,0.0,1.0,0.0,0.0,TARGET_HOLD,1.9624284771622595,0,17,0,0,0
3.9166666666666665,-61.65923286586773,-11.2,2.8,0.9987537057596488,0.0,0.0,1.0,0.0,0.0,TARGET_HOLD,1.9514307392663235,0,17,0,0,0
3.933333333333333,-61.6425853971679,-11.2,2.8,0.9988481219899785,0.0,0.0,1.0,0.0,0.0,TARGET_HOLD,1.9404319617097094,0,17,0,0,0
3.95,-61.62593647407664,-11.2,2.8,0.9989353854755862,0.0,0.0,1.0,0.0,0.0,TARGET_HOLD,1.929432223254587,0,17,0,0,0
3.966666666666667,-61.609286206775124,-11.2,2.8,0.9990160380910721,0.0,0.0,1.0,0.0,0.0,TARGET_HOLD,1.9184315966963048,0,18,0,0,0
3.9833333333333334,-61.59263469709746,-11.2,2.8,0.9990905806599303,0.0,0.0,1.0,0.0,0.0,TARGET_HOLD,1.9081374147457417,0,18,0,0,0
4.0,-61.57598203916305,-11.2,2.8,0.999159476064481,0.0,0.0,1.0,0.0,0.0,TARGET_HOLD,1.8987343078308552,0,18,0,0,0
4.016666666666667,-61.55932831996105,-11.2,2.8,0.9992231521202021,0.0,0.0,1.0,0.0,0.0,TARGET_HOLD,1.8893306016595197,0,18,0,0,0
4.033333333333333,-61.54267361989051,-11.2,2.8,0.999282004232308,0.0,0.0,1.0,0.0,0.0,TARGET_HOLD,1.8799263416299499,0,18,0,0,0
4.05,-61.52601801325966,-11.2,2.8,0.9993363978510725,0.0,0.0,1.0,0.0,0.0,TARGET_HOLD,1.8705215697011064,0,18,0,0,0
4.066666666666666,-61.50936156874731,-11.2,2.8,0.9993866707411428,0.0,0.0,1.0,0.0,0.0,TARGET_HOLD,1.8611163246532345,0,18,0,0,0
4.083333333333333,-61.492704349829324,-11.2,2.8,0.999433135078935,0.0,0.0,1.0,0.0,0.0,TARGET_HOLD,1.8517106423286824,0,18,0,0,0
4.1,-61.4760464151728,-11.2,2.8,0.9994760793911369,0.0,0.0,1.0,0.0,0.0,TARGET_HOLD,1.8423045558544735,0,19,0,0,0
4.116666666666666,-61.45938781900036,-11.2,2.8,0.9995157703463539,0.0,0.0,1.0,0.0,0.0,TARGET_HOLD,1.832898095848008,0,19,0,0,0
4.133333333333334,-61.442728611426844,-11.2,2.8,0.999552454411024,0.0,0.0,1.0,0.0,0.0,TARGET_HOLD,1.8234912906071812,0,19,0,0,0
4.15,-61.42606883877051,-11.2,2.8,0.9995863593798858,0.0,0.0,1.0,0.0,0.0,TARGET_HOLD,1.814084166286114,0,19,0,0,0
4.166666666666667,-61.40940854384067,-11.2,2.8,0.9996176957905005,0.0,0.0,1.0,0.0,0.0,TARGET_HOLD,1.8046767470575493,0,19,0,0,0
4.183333333333334,-61.39274776620349,-11.2,2.8,0.9996466582306142,0.0,0.0,1.0,0.0,0.0,TARGET_HOLD,1.7952690552629682,0,19,0,0,0
4.2,-61.376086542427714,-11.2,2.8,0.9996734265464767,0.0,0.0,1.0,0.0,0.0,TARGET_HOLD,1.7858611115513043,0,19,0,0,0
4.216666666666667,-61.35942490631172,-11.2,2.8,0.9996981669596224,0.0,0.0,1.0,0.0,0.0,TARGET_HOLD,1.7764529350071951,0,19,0,0,0
4.233333333333333,-61.34276288909341,-11.2,2.8,0.999721033099045,0.0,0.0,1.0,0.0,0.0,TARGET_HOLD,1.7670445432694541,0,19,0,0,0
4.25,-61.32610051964416,-11.2,2.8,0.999742166955178,0.0,0.0,1.0,0.0,0.0,TARGET_HOLD,1.757635952640633,0,20,0,0,0
4.266666666666667,-61.30943782464813,-11.2,2.8,0.9997616997616039,0.0,0.0,1.0,0.0,0.0,TARGET_HOLD,1.7482271781882344,0,20,0,0,0
4.283333333333333,-61.29277482876796,-11.2,2.8,0.9997797528099672,0.0,0.0,1.0,0.0,0.0,TARGET_HOLD,1.7388182338382885,0,20,0,0,0
4.3,-61.27611155479791,-11.2,2.8,0.9997964382031516,0.0,0.0,1.0,0.0,0.0,TARGET_HOLD,1.7294091324618228,0,20,0,0,0
4.316666666666666,-61.25944802380538,-11.2,2.8,0.9998118595513976,0.0,0.0,1.0,0.0,0.0,TARGET_HOLD,1.719999885954786,0,20,0,0,0
4.333333333333333,-61.24278425526179,-11.2,2.8,0.9998261126156857,0.0,0.0,1.0,0.0,0.0,TARGET_HOLD,1.710590505311917,0,20,0,0,0
4.35,-61.22612026716342,-11.2,2.8,0.9998392859023761,0.0,0.0,1.0,0.0,0.0,TARGET_HOLD,1.7011810006950219,0,20,0,0,0
4.366666666666666,-61.209456076143205,-11.2,2.8,0.9998514612128022,0.0,0.0,1.0,0.0,0.0,TARGET_HOLD,1.691771381496073,0,20,0,0,0
4.383333333333334,-61.192791697574016,-11.2,2.8,0.9998627141512263,0.0,0.0,1.0,0.0,0.0,TARGET_HOLD,1.682604908228429,0,20,0,0,0
4.4,-61.17612714566411,-11.2,2.8,0.9998731145943152,0.0,0.0,1.0,0.0,0.0,TARGET_HOLD,1.6737574482795727,0,21,0,0,0
4.416666666666667,-61.15946243354536,-11.2,2.8,0.9998827271250489,0.0,0.0,1.0,0.0,0.0,TARGET_HOLD,1.6649099032734425,0,21,0,0,0
4.433333333333334,-61.1427975733548,-11.2,2.8,0.9998916114337573,0.0,0.0,1.0,0.0,0.0,TARGET_HOLD,1.6560622796537747,0,21,0,0,0
4.45,-61.126132576309985,-11.2,2.8,0.9998998226887756,0.0,0.0,1.0,0.0,0.0,TARGET_HOLD,1.6472145833761358,0,21,0,0,0
4.466666666666667,-61.10946745277867,-11.2,2.8,0.9999074118790199,0.0,0.0,1.0,0.0,0.0,TARGET_HOLD,1.6383668199449204,0,21,0,0,0
4.483333333333333,-61.09280221234316,-11.2,2.8,0.9999144261306093,0.0,0.0,1.0,0.0,0.0,TARGET_HOLD,1.6295189944475195,0,21,0,0,0
4.5,-61.07613686385984,-11.2,2.8,0.9999209089995026,0.0,0.0,1.0,0.0,0.0,TARGET_HOLD,1.620671111585919,0,21,0,0,0
4.516666666666667,-61.05947141551414,-11.2,2.8,0.9999269007419646,0.0,0.0,1.0,0.0,0.0,TARGET_HOLD,1.6118231757058874,0,21,0,0,0
4.533333333333333,-61.0428058748714,-11.2,2.8,0.999932438564543,0.0,0.0,1.0,0.0,0.0,TARGET_HOLD,1.602975190823976,0,21,0,0,0
4.55,-61.02614024892381,-11.2,2.8,0.9999375568551079,0.0,0.0,1.0,0.0,0.0,TARGET_HOLD,1.594127160652444,0,22,0,0,0
4.566666666666666,-61.00947454413387,-11.2,2.8,0.9999422873963876,0.0,0.0,1.0,0.0,0.0,TARGET_HOLD,1.5852790886223302,0,22,0,0,0
4.583333333333333,-60.99280876647448,-11.2,2.8,0.999946659563328,0.0,0.0,1.0,0.0,0.0,TARGET_HOLD,1.576430977904732,0,22,0,0,0
4.6,-60.97614292146606,-11.2,2.8,0.9999507005055001,0.0,0.0,1.0,0.0,0.0,TARGET_HOLD,1.5675828314305251,0,22,0,0,0
4.616666666666666,-60.9594770142108,-11.2,2.8,0.9999544353156894,0.0,0.0,1.0,0.0,0.0,TARGET_HOLD,1.558734651908542,0,22,0,0,0
4.633333333333334,-60.94314444028887,-11.2,2.8,0.9799544353156884,0.0,0.0,1.0,0.0,0.0,TARGET_HOLD,1.5500634440406542,0,22,0,0,0
4.65,-60.92714519970028,-11.2,2.8,0.9599544353156885,0.0,0.0,1.0,0.0,0.0,OUTSIDE_FLOW_BOX,1.5415692078268655,0,22,0,0,0
4.666666666666667,-60.911479292445016,-11.2,2.8,0.9399544353156886,0.0,0.0,1.0,0.0,0.0,OUTSIDE_FLOW_BOX,1.5332519432671736,0,22,0,0,0
4.683333333333334,-60.896146718523084,-11.2,2.8,0.9199544353156887,0.0,0.0,1.0,0.0,0.0,OUTSIDE_FLOW_BOX,1.5251116503615756,0,22,0,0,0
4.7,-60.88114747793449,-11.2,2.8,0.8999544353156887,0.0,0.0,1.0,0.0,0.0,OUTSIDE_FLOW_BOX,1.517148329110078,0,22,0,0,0
4.716666666666667,-60.86648157067923,-11.2,2.8,0.8799544353156888,0.0,0.0,1.0,0.0,0.0,OUTSIDE_FLOW_BOX,1.5093619795126758,0,23,0,0,0
4.733333333333333,-60.8521489967573,-11.2,2.8,0.8599544353156889,0.0,0.0,1.0,0.0,0.0,OUTSIDE_FLOW_BOX,1.5017526015693738,0,23,0,0,0
4.75,-60.83763959762744,-11.2,2.8,0.870563947791773,0.0,0.0,1.0,0.0,0.0,OUTSIDE_FLOW_BOX,1.4940493444774667,0,23,0,0,0
4.766666666666667,-60.82296676913872,-11.2,2.8,0.8803697093226993,0.0,0.0,1.0,0.0,0.0,TARGET_HOLD,1.4862593202936683,0,23,0,0,0
4.783333333333333,-60.808142892303195,-11.2,2.8,0.8894326101315857,0.0,0.0,1.0,0.0,0.0,TARGET_HOLD,1.4783891022825162,0,23,0,0,0
4.8,-60.79317941017743,-11.2,2.8,0.8978089275458595,0.0,0.0,1.0,0.0,0.0,TARGET_HOLD,1.4707498487361994,0,23,0,0,0
4.816666666666666,-60.77808689891978,-11.2,2.8,0.905550675459052,0.0,0.0,1.0,0.0,0.0,TARGET_HOLD,1.4634120923370277,0,23,0,0,0
4.833333333333333,-60.762875133464476,-11.2,2.8,0.9127059273182146,0.0,0.0,1.0,0.0,0.0,TARGET_HOLD,1.4560163563056374,0,23,0,0,0
4.85,-60.74755314822043,-11.2,2.8,0.9193191146425923,0.0,0.0,1.0,0.0,0.0,TARGET_HOLD,1.44856703303841,0,23,0,0,0
4.866666666666666,-60.732129293171646,-11.2,2.8,0.9254313029272444,0.0,0.0,1.0,0.0,0.0,TARGET_HOLD,1.441068182174425,0,23,0,0,0
4.883333333333334,-60.716611285727566,-11.2,2.8,0.9310804466448777,0.0,0.0,1.0,0.0,0.0,TARGET_HOLD,1.4335235558043444,0,24,0,0,0
4.9,-60.701006258645414,-11.2,2.8,0.9363016249293566,0.0,0.0,1.0,0.0,0.0,TARGET_HOLD,1.425936621769542,0,24,0,0,0
4.916666666666667,-60.68532080432201,-11.2,2.8,0.9411272594044053,0.0,0.0,1.0,0.0,0.0,TARGET_HOLD,1.4183105851961297,0,24,0,0,0
4.933333333333334,-60.669561015730174,-11.2,2.8,0.9455873155101322,0.0,0.0,1.0,0.0,0.0,TARGET_HOLD,1.4106484083976376,0,24,0,0,0
4.95,-60.65373252425388,-11.2,2.8,0.9497094885775464,0.0,0.0,1.0,0.0,0.0,TARGET_HOLD,1.402952829269907,0,24,0,0,0
4.966666666666667,-60.63784053465711,-11.2,2.8,0.9535193758065201,0.0,0.0,1.0,0.0,0.0,TARGET_HOLD,1.3952263782924268,0,24,0,0,0
4.983333333333333,-60.621889857403524,-11.2,2.8,0.9570406352151171,0.0,0.0,1.0,0.0,0.0,TARGET_HOLD,1.3874713942416912,0,25,0,0,0
5.0,-60.60588493852774,-11.2,2.8,0.9602951325473051,0.0,0.0,1.0,0.0,0.0,TARGET_HOLD,1.3796900387141595,0,25,0,0,0
5.016666666666667,-60.589829887243546,-11.2,2.8,0.9633030770512971,0.0,0.0,1.0,0.0,0.0,TARGET_HOLD,1.371884309548983,0,25,0,0,0
5.033333333333333,-60.573728501460685,-11.2,2.8,0.9660831469716534,0.0,0.0,1.0,0.0,0.0,TARGET_HOLD,1.3640560532338624,0,25,0,0,0
5.05,-60.55758429136844,-11.2,2.8,0.9686526055344069,0.0,0.0,1.0,0.0,0.0,TARGET_HOLD,1.356206976371064,0,25,0,0,0
5.066666666666666,-60.54140050123269,-11.2,2.8,0.9710274081454366,0.0,0.0,1.0,0.0,0.0,TARGET_HOLD,1.3483386562748105,0,25,0,0,0
5.083333333333333,-60.52518012954156,-11.2,2.8,0.973222301467752,0.0,0.0,1.0,0.0,0.0,TARGET_HOLD,1.340452550765817,0,25,0,0,0
5.1,-60.50892594762501,-11.2,2.8,0.9752509149929223,0.0,0.0,1.0,0.0,0.0,TARGET_HOLD,1.3325500072238314,0,25,0,0,0
5.116666666666666,-60.49264051686375,-11.2,2.8,0.9771258456752766,0.0,0.0,1.0,0.0,0.0,TARGET_HOLD,1.3246322709543872,0,25,0,0,0
5.133333333333334,-60.47632620459451,-11.2,2.8,0.9788587361544224,0.0,0.0,1.0,0.0,0.0,TARGET_HOLD,1.3167004929216848,0,26,0,0,0
5.15,-60.45998519881031,-11.2,2.8,0.9804603470518146,0.0,0.0,1.0,0.0,0.0,TARGET_HOLD,1.3087557368956697,0,26,0,0,0
5.166666666666667,-60.44361952174714,-11.2,2.8,0.9819406237903135,0.0,0.0,1.0,0.0,0.0,TARGET_HOLD,1.3007989860576537,0,26,0,0,0
5.183333333333334,-60.42723104244128,-11.2,2.8,0.9833087583516534,0.0,0.0,1.0,0.0,0.0,TARGET_HOLD,1.292831149105515,0,26,0,0,0
5.2,-60.41082148833536,-11.2,2.8,0.9845732463553161,0.0,0.0,1.0,0.0,0.0,TARGET_HOLD,1.2848530658963841,0,26,0,0,0
5.216666666666667,-60.394392456005136,-11.2,2.8,0.9857419398132466,0.0,0.0,1.0,0.0,0.0,TARGET_HOLD,1.2752410704959072,0,26,0,0,0
5.233333333333333,-60.37794542107367,-11.2,2.8,0.9868220958880007,0.0,0.0,1.0,0.0,0.0,TARGET_HOLD,1.2624802443887593,0,26,0,0,0
5.25,-60.361481747374384,-11.2,2.8,0.9878204219570916,0.0,0.0,1.0,0.0,0.0,TARGET_HOLD,1.2497065086949484,0,26,0,0,0
5.266666666666667,-60.34500269541999,-11.2,2.8,0.9887431172633726,0.0,0.0,1.0,0.0,0.0,TARGET_HOLD,1.2369208414134656,0,26,0,0,0
5.283333333333333,-60.32850943022982,-11.2,2.8,0.9895959114100868,0.0,0.0,1.0,0.0,0.0,TARGET_HOLD,1.2241241464524686,0,26,0,0,0
5.3,-60.31200302856416,-11.2,2.8,0.9903840999396257,0.0,0.0,1.0,0.0,0.0,TARGET_HOLD,1.211317259242224,0,26,0,0,0
5.316666666666666,-60.29548448561055,-11.2,2.8,0.9911125772169268,0.0,0.0,1.0,0.0,0.0,TARGET_HOLD,1.1985009519228296,0,27,0,0,0
5.333333333333333,-60.27895472116352,-11.2,2.8,0.9917858668217051,0.0,0.0,1.0,0.0,0.0,TARGET_HOLD,1.1856759381389101,0,27,0,0,0
5.35,-60.26241458533622,-11.2,2.8,0.9924081496382426,0.0,0.0,1.0,0.0,0.0,TARGET_HOLD,1.1728428774711133,0,27,0,0,0
5.366666666666666,-60.245864863839266,-11.2,2.8,0.9929832898171637,0.0,0.0,1.0,0.0,0.0,TARGET_HOLD,1.1600023795318608,0,27,0,0,0
5.383333333333334,-60.22930628285976,-11.2,2.8,0.9935148587704089,0.0,0.0,1.0,0.0,0.0,TARGET_HOLD,1.1471550077508017,0,27,0,0,0
5.4,-60.21273951357062,-11.2,2.8,0.9940061573484082,0.0,0.0,1.0,0.0,0.0,TARGET_HOLD,1.1343012828735275,0,27,0,0,0
5.416666666666667,-60.19616517629833,-11.2,2.8,0.9944602363371652,0.0,0.0,1.0,0.0,0.0,TARGET_HOLD,1.1214416861952068,0,27,0,0,0
5.433333333333334,-60.17958384437495,-11.2,2.8,0.9948799154025314,0.0,0.0,1.0,0.0,0.0,TARGET_HOLD,1.1085766625492544,0,27,0,0,0
5.45,-60.1629960476983,-11.2,2.8,0.9952678005993093,0.0,0.0,1.0,0.0,0.0,TARGET_HOLD,1.095706623069582,0,27,0,0,0
5.466666666666667,-60.1464022760224,-11.2,2.8,0.9956263005539071,0.0,0.0,1.0,0.0,0.0,TARGET_HOLD,1.0828319477435893,0,28,0,0,0
5.483333333333333,-60.129802981998715,-11.2,2.8,0.9959576414210354,0.0,0.0,1.0,0.0,0.0,TARGET_HOLD,1.0699529877717588,0,28,0,0,0
5.5,-60.11319858398693,-11.2,2.8,0.9962638807073205,0.0,0.0,1.0,0.0,0.0,TARGET_HOLD,1.0570700677484708,0,28,0,0,0
5.516666666666667,-60.0965894686528,-11.2,2.8,0.996546920047675,0.0,0.0,1.0,0.0,0.0,TARGET_HOLD,1.0441834876776241,0,28,0,0,0
5.533333333333333,-60.07997599336924,-11.2,2.8,0.9968085170137602,0.0,0.0,1.0,0.0,0.0,TARGET_HOLD,1.0312935248355464,0,28,0,0,0
5.55,-60.06335848843544,-11.2,2.8,0.9970502960278692,0.0,0.0,1.0,0.0,0.0,TARGET_HOLD,1.0184004354927858,0,28,0,0,0
5.566666666666666,-60.04673725912794,-11.2,2.8,0.9972737584500003,0.0,0.0,1.0,0.0,0.0,TARGET_HOLD,1.0055044565054545,0,28,0,0,0
5.583333333333333,-60.03011258759626,-11.2,2.8,0.9974802919007578,0.0,0.0,1.0,0.0,0.0,TARGET_HOLD,0.9926058067860244,0,28,0,0,0
5.6,-60.013484734614956,-11.2,2.8,0.9976711788779732,0.0,0.0,1.0,0.0,0.0,TARGET_HOLD,0.9797046886626799,0,28,0,0,0
5.616666666666666,-59.99685394120294,-11.2,2.8,0.997847604720551,0.0,0.0,1.0,0.0,0.0,TARGET_HOLD,0.9667049977610169,0,29,0,0,0
5.633333333333334,-59.98022043012013,-11.2,2.8,0.9980106649689942,0.0,0.0,1.0,0.0,0.0,TARGET_HOLD,0.953290388038307,0,29,0,0,0
5.65,-59.96358440725066,-11.2,2.8,0.9981613721683128,0.0,0.0,1.0,0.0,0.0,TARGET_HOLD,0.9398737526075267,0,29,0,0,0
5.666666666666667,-59.946946062881395,-11.2,2.8,0.9983006621555618,0.0,0.0,1.0,0.0,0.0,TARGET_HOLD,0.9264552449313994,0,29,0,0,0
5.683333333333334,-59.93030557288355,-11.2,2.8,0.9984293998710495,0.0,0.0,1.0,0.0,0.0,TARGET_HOLD,0.9130350068467072,0,29,0,0,0
5.7,-59.91366309980472,-11.2,2.8,0.9985483847293033,0.0,0.0,1.0,0.0,0.0,TARGET_HOLD,0.899613169444994,0,29,0,0,0
5.716666666666667,-59.89701879387834,-11.2,2.8,0.998658355583144,0.0,0.0,1.0,0.0,0.0,TARGET_HOLD,0.8861898538866524,0,29,0,0,0
5.733333333333333,-59.880707821285284,-11.2,2.8,0.9786583555831441,0.0,0.0,1.0,0.0,0.0,TARGET_HOLD,0.8730353653096923,0,29,0,0,0
5.75,-59.86473018202557,-11.2,2.8,0.9586583555831442,0.0,0.0,1.0,0.0,0.0,TARGET_HOLD,0.8601497037141217,0,29,0,0,0
5.766666666666667,-59.84908587609918,-11.2,2.8,0.9386583555831443,0.0,0.0,1.0,0.0,0.0,TARGET_HOLD,0.847532869099934,0,30,0,0,0
5.783333333333333,-59.83377490350613,-11.2,2.8,0.9186583555831443,0.0,0.0,1.0,0.0,0.0,TARGET_HOLD,0.8351848614671364,0,30,0,0,0
5.8,-59.81879726424641,-11.2,2.8,0.8986583555831444,0.0,0.0,1.0,0.0,0.0,TARGET_HOLD,0.8231056808157198,0,30,0,0,0
5.816666666666666,-59.804152958320024,-11.2,2.8,0.8786583555831445,0.0,0.0,1.0,0.0,0.0,TARGET_HOLD,0.8112953271456882,0,30,0,0,0
5.833333333333333,-59.78984198572697,-11.2,2.8,0.8586583555831446,0.0,0.0,1.0,0.0,0.0,TARGET_HOLD,0.7997538004570439,0,30,0,0,0
5.85,-59.77586434646725,-11.2,2.8,0.8386583555831447,0.0,0.0,1.0,0.0,0.0,TARGET_HOLD,0.788481100749783,0,30,0,0,0
5.866666666666666,-59.76222004054087,-11.2,2.8,0.8186583555831448,0.0,0.0,1.0,0.0,0.0,TARGET_HOLD,0.7774772280239095,0,30,0,0,0
5.883333333333334,-59.748909067947814,-11.2,2.8,0.7986583555831438,0.0,0.0,1.0,0.0,0.0,TARGET_HOLD,0.7667421822794216,0,30,0,0,0
5.9,-59.7359314286881,-11.2,2.8,0.7786583555831439,0.0,0.0,1.0,0.0,0.0,TARGET_HOLD,0.756275963516321,0,30,0,0,0
5.916666666666667,-59.72328712276171,-11.2,2.8,0.758658355583144,0.0,0.0,1.0,0.0,0.0,TARGET_HOLD,0.746078571734603,0,31,0,0,0
5.933333333333334,-59.71097615016866,-11.2,2.8,0.7386583555831441,0.0,0.0,1.0,0.0,0.0,TARGET_HOLD,0.7361500069342735,0,31,0,0,0
5.95,-59.6989946638236,-11.2,2.8,0.7188891807037059,0.0,0.0,1.0,0.0,0.0,TARGET_HOLD,0.7264871665143062,0,31,0,0,0
5.966666666666667,-59.687317702647135,-11.2,2.8,0.7006176705878614,0.0,0.0,1.0,0.0,0.0,TARGET_HOLD,0.7170699198398323,0,31,0,0,0
5.983333333333333,-59.67593920113361,-11.2,2.8,0.6827100908115852,0.0,0.0,1.0,0.0,0.0,TARGET_HOLD,0.7078933751961167,0,31,0,0,0
6.0,-59.664836548702496,-11.2,2.8,0.666159145866845,0.0,0.0,1.0,0.0,0.0,TARGET_HOLD,0.6989392975808286,0,31,0,0,0
6.016666666666667,-59.65344682558049,-11.2,2.8,0.6833833873204342,0.0,0.0,1.0,0.0,0.0,TARGET_HOLD,0.6897537029237089,0,31,0,0,0
6.033333333333333,-59.6417917795472,-11.2,2.8,0.6993027619972365,0.0,0.0,1.0,0.0,0.0,TARGET_HOLD,0.6803541303945928,0,31,0,0,0
6.05,-59.62990572268552,-11.2,2.8,0.713163411700528,0.0,0.0,1.0,0.0,0.0,TARGET_HOLD,0.6707682520344873,0,31,0,0,0
6.066666666666666,-59.61780615581579,-11.2,2.8,0.7259740121838731,0.0,0.0,1.0,0.0,0.0,TARGET_HOLD,0.6610101819215026,0,32,0,0,0
6.083333333333333,-59.60603992227939,-11.2,2.8,0.7059740121838732,0.0,0.0,1.0,0.0,0.0,TARGET_HOLD,0.651520938789899,0,32,0,0,0
6.1,-59.59460702207633,-11.2,2.8,0.6859740121838733,0.0,0.0,1.0,0.0,0.0,TARGET_HOLD,0.6419734170400426,0,32,0,0,0
6.116666666666666,-59.583505932472804,-11.2,2.8,0.6660653762117256,0.0,0.0,1.0,0.0,0.0,TARGET_HOLD,0.6323472744981582,0,32,0,0,0
6.133333333333334,-59.572738176202606,-11.2,2.8,0.6460653762117246,0.0,0.0,1.0,0.0,0.0,TARGET_HOLD,0.6230101769325054,0,32,0,0,0
6.15,-59.562279230847686,-11.2,2.8,0.62753672129515,0.0,0.0,1.0,0.0,0.0,TARGET_HOLD,0.6139408600978566,0,32,0,0,0
6.166666666666667,-59.552105701641736,-11.2,2.8,0.6104117523571039,0.0,0.0,1.0,0.0,0.0,TARGET_HOLD,0.6051190375751929,0,32,0,0,0
6.183333333333334,-59.54221176100477,-11.2,2.8,0.5936364382179693,0.0,0.0,1.0,0.0,0.0,TARGET_HOLD,0.5965396560663656,0,32,0,0,0
6.2,-59.53259260736707,-11.2,2.8,0.5771492182622179,0.0,0.0,1.0,0.0,0.0,TARGET_HOLD,0.5881985519625521,0,32,0,0,0
6.216666666666667,-59.523227423531715,-11.2,2.8,0.5619110301212962,0.0,0.0,1.0,0.0,0.0,TARGET_HOLD,0.580077673945187,0,32,0,0,0
6.233333333333333,-59.514195573029696,-11.2,2.8,0.5419110301212963,0.0,0.0,1.0,0.0,0.0,TARGET_HOLD,0.5722458409040583,0,32,0,0,0
6.25,-59.50549705586101,-11.2,2.8,0.5219110301212964,0.0,0.0,1.0,0.0,0.0,TARGET_HOLD,0.5647030528391639,0,32,0,0,0
6.266666666666667,-59.497131872025655,-11.2,2.8,0.5019110301212965,0.0,0.0,1.0,0.0,0.0,NO_REGULAR_FIELD,0.557449309750506,0,32,0,0,0
6.283333333333333,-59.48910002152363,-11.2,2.8,0.48191103012129655,0.0,0.0,1.0,0.0,0.0,NO_REGULAR_FIELD,0.5504846116380797,0,32,0,0,0
6.3,-59.48140150435494,-11.2,2.8,0.46191103012129664,0.0,0.0,1.0,0.0,0.0,NO_REGULAR_FIELD,0.5438089585018853,0,32,0,0,0
6.316666666666666,-59.47403632051959,-11.2,2.8,0.44191103012129673,0.0,0.0,1.0,0.0,0.0,NO_REGULAR_FIELD,0.5374223503419278,0,32,0,0,0
6.333333333333333,-59.467004470017564,-11.2,2.8,0.4219110301212968,0.0,0.0,1.0,0.0,0.0,NO_REGULAR_FIELD,0.5313247871582043,0,32,0,0,0
6.35,-59.46030595284888,-11.2,2.8,0.4019110301212969,0.0,0.0,1.0,0.0,0.0,NO_REGULAR_FIELD,0.5255162689507171,0,32,0,0,0
6.366666666666666,-59.45394076901352,-11.2,2.8,0.381911030121297,0.0,0.0,1.0,0.0,0.0,NO_REGULAR_FIELD,0.519996795719462,0,32,0,0,0
6.383333333333334,-59.4479089185115,-11.2,2.8,0.361911030121296,0.0,0.0,1.0,0.0,0.0,NO_REGULAR_FIELD,0.5147663674644434,0,32,0,0,0
6.4,-59.44221040134281,-11.2,2.8,0.3419110301212961,0.0,0.0,1.0,0.0,0.0,NO_REGULAR_FIELD,0.5098249841856588,0,32,0,0,0
6.416666666666667,-59.43684521750746,-11.2,2.8,0.3219110301212962,0.0,0.0,1.0,0.0,0.0,NO_REGULAR_FIELD,0.505172645883111,0,32,0,0,0
6.433333333333334,-59.43181336700544,-11.2,2.8,0.3019110301212963,0.0,0.0,1.0,0.0,0.0,NO_REGULAR_FIELD,0.5008093525567947,0,32,0,0,0
6.45,-59.42711484983675,-11.2,2.8,0.28191103012129637,0.0,0.0,1.0,0.0,0.0,NO_REGULAR_FIELD,0.4967351042067104,0,32,0,0,0
6.466666666666667,-59.422749666001394,-11.2,2.8,0.26191103012129646,0.0,0.0,1.0,0.0,0.0,NO_REGULAR_FIELD,0.49294990083286283,0,32,0,0,0
6.483333333333333,-59.41871781549937,-11.2,2.8,0.24191103012129653,0.0,0.0,1.0,0.0,0.0,NO_REGULAR_FIELD,0.4894537424352493,0,32,0,0,0
6.5,-59.415019298330684,-11.2,2.8,0.2219110301212966,0.0,0.0,1.0,0.0,0.0,NO_REGULAR_FIELD,0.4862466290138723,0,32,0,0,0
6.516666666666667,-59.41165411449533,-11.2,2.8,0.20191103012129666,0.0,0.0,1.0,0.0,0.0,NO_REGULAR_FIELD,0.483328560568727,0,32,0,0,0
6.533333333333333,-59.40862226399331,-11.2,2.8,0.18191103012129672,0.0,0.0,1.0,0.0,0.0,NO_REGULAR_FIELD,0.4806995370998185,0,32,0,0,0
6.55,-59.40592374682462,-11.2,2.8,0.1619110301212968,0.0,0.0,1.0,0.0,0.0,NO_REGULAR_FIELD,0.47835955860714385,0,32,0,0,0
6.566666666666666,-59.40355856298927,-11.2,2.8,0.14191103012129686,0.0,0.0,1.0,0.0,0.0,NO_REGULAR_FIELD,0.47630862509070615,0,32,0,0,0
6.583333333333333,-59.40152671248725,-11.2,2.8,0.12191103012129692,0.0,0.0,1.0,0.0,0.0,NO_REGULAR_FIELD,0.47454673655050017,0,32,0,0,0
6.6,-59.399828195318555,-11.2,2.8,0.10191103012129699,0.0,0.0,1.0,0.0,0.0,NO_REGULAR_FIELD,0.4730738929865257,0,32,0,0,0
6.616666666666666,-59.3984630114832,-11.2,2.8,0.08191103012129705,0.0,0.0,1.0,0.0,0.0,NO_REGULAR_FIELD,0.47189009439878804,0,32,0,0,0
6.633333333333334,-59.39743116098118,-11.2,2.8,0.06191103012129606,0.0,0.0,1.0,0.0,0.0,NO_REGULAR_FIELD,0.47099534078728444,0,32,0,0,0
6.65,-59.39673264381249,-11.2,2.8,0.041911030121296135,0.0,0.0,1.0,0.0,0.0,NO_REGULAR_FIELD,0.47038963215201746,0,32,0,0,0
6.666666666666667,-59.396367459977135,-11.2,2.8,0.021911030121296207,0.0,0.0,1.0,0.0,0.0,NO_REGULAR_FIELD,0.4700729684929823,0,32,0,0,0
6.683333333333334,-59.396335609475116,-11.2,2.8,0.0019110301212962796,0.0,0.0,1.0,0.0,0.0,NO_REGULAR_FIELD,0.47004534981018375,0,32,0,0,0
6.7,-59.396335609475116,-11.2,2.8,0.0,0.0,0.0,1.0,0.0,0.0,NO_REGULAR_FIELD,0.47004534981018375,0,32,0,0,0
6.716666666666667,-59.396335609475116,-11.2,2.8,0.0,0.0,0.0,1.0,0.0,0.0,NO_REGULAR_FIELD,0.47004534981018375,0,32,0,0,0
6.733333333333333,-59.39605725387486,-11.199895616649904,2.7998492240498614,0.016701336015341246,0.0062630010057529665,-0.009046557008309841,1.0,0.0,0.0,NO_REGULAR_FIELD,0.4699126616866899,0,32,0,0,0
6.75,-59.39550054267435,-11.199686849949712,2.7995476721495844,0.03340267203068249,0.012526002011505933,-0.018093114016619682,1.0,0.0,0.0,NO_REGULAR_FIELD,0.46964742461582387,0,32,0,0,0
6.766666666666667,-59.39466791913185,-11.19936740137642,2.799095345537843,0.04995741254993802,0.019166914397500706,-0.02713959670447454,1.0,0.0,0.0,NO_REGULAR_FIELD,0.4692541460223718,0,32,0,0,0
6.783333333333333,-59.393559383247364,-11.19893727093003,2.798492244214638,0.06651215306919354,0.02580782678349548,-0.0361860793923294,1.0,0.0,0.0,TARGET_HOLD,0.46873324852586085,0,32,0,0,0
6.8,-59.39217493502089,-11.198396458610539,2.797738368179968,0.08306689358844907,0.03244873916949025,-0.04523256208018426,1.0,0.0,0.0,TARGET_HOLD,0.4680852963818082,0,32,0,0,0
6.816666666666666,-59.39051733528467,-11.197738308278652,2.796833723598574,0.09945598417322174,0.039489019913239,-0.05427867488366586,1.0,0.0,0.0,TARGET_HOLD,0.4673156238227427,0,32,0,0,0
6.833333333333333,-59.38913603047337,-11.197189860906146,2.796079868560176,0.08287828867800438,0.03290684235028739,-0.04523130230387103,1.0,0.0,0.0,TARGET_HOLD,0.4666755380152099,0,32,0,0,0
6.85,-59.387480435435556,-11.19653143579537,2.7951718030168347,0.09933570226882288,0.03950550664655938,-0.05448393260048642,1.0,0.0,0.0,TARGET_HOLD,0.4659124842080764,0,32,0,0,0
6.866666666666666,-59.385553359688714,-11.195756262427059,2.794109532479736,0.11562454481048746,0.04651040209859615,-0.06373623222592494,1.0,0.0,0.0,TARGET_HOLD,0.4650320324378765,0,32,0,0,0
6.883333333333334,-59.383352354684895,-11.194875331257858,2.7928894989532016,0.1320603002289302,0.05285587015201331,-0.07320201159205389,1.0,0.0,0.0,TARGET_HOLD,0.46403110309365836,0,32,0,0,0
6.9,-59.380877845521304,-11.193883085813368,2.791514818351647,0.1484705498155731,0.059534726669381886,-0.08248083609327639,1.0,0.0,0.0,TARGET_HOLD,0.46291154795152056,0,32,0,0,0
6.916666666666667,-59.37813042019793,-11.192778617014147,2.7899851093672305,0.16484551940258732,0.06626812795329257,-0.09178253906500076,1.0,0.0,0.0,TARGET_HOLD,0.4616756577989254,0,32,0,0,0
6.933333333333334,-59.37511323538445,-11.191554517246825,2.788300386318674,0.18103108880881294,0.07344598603936645,-0.1010833829134069,1.0,0.0,0.0,TARGET_HOLD,0.46033010948541864,0,32,0,0,0
6.95,-59.37237038426201,-11.190441717193684,2.7867688445701924,0.16457106734622237,0.06676800318844385,-0.09189250490889402,1.0,0.0,0.0,TARGET_HOLD,0.45911189714746914,0,32,0,0,0
6.966666666666667,-59.369358974559965,-11.189199202120273,2.7850884357200916,0.18068458212292796,0.0745509044046113,-0.10082453100604952,1.0,0.0,0.0,TARGET_HOLD,0.4577864813485767,0,32,0,0,0
6.983333333333333,-59.36607571124516,-11.18782928213597,2.78326320037717,0.19699579888835012,0.0821951990581048,-0.10951412057529726,1.0,0.0,0.0,TARGET_HOLD,0.4563498068263153,0,32,0,0,0
7.0,-59.36252085011806,-11.186336526855646,2.7812887764639145,0.2132916676260989,0.08956531681948496,-0.11846543479531249,1.0,0.0,0.0,TARGET_HOLD,0.4548044298314081,0,32,0,0,0
7.016666666666667,-59.358694947305,-11.184719246756048,2.7791655537436517,0.22955416878384505,0.09703680597584578,-0.12739336321576286,1.0,0.0,0.0,TARGET_HOLD,0.4531530912837065,0,32,0,0,0
7.033333333333333,-59.35459770453026,-11.18297238127408,2.7768984791377957,0.24583456648394206,0.10481192891809117,-0.13602447635136958,1.0,0.0,0.0,TARGET_HOLD,0.45139682140538684,0,32,0,0,0
7.05,-59.350233245779584,-11.181087561493143,2.7744876152948335,0.26186752504055616,0.11308918685624655,-0.14465183057773207,1.0,0.0,0.0,TARGET_HOLD,0.4495442109843837,0,32,0,0,0
7.066666666666666,-59.34614171510995,-11.179320607471812,2.7722275129734943,0.24549184017803458,0.10601724127983382,-0.1356061392803444,1.0,0.0,0.0,TARGET_HOLD,0.44781858967738875,0,32,0,0,0
7.083333333333333,-59.342323112521356,-11.177671519210088,2.7701181721737784,0.229116155315513,0.09894529570342109,-0.12656044798295674,1.0,0.0,0.0,STATE_OUTSIDE_FREE_DOMAIN,0.44621779654526605,0,32,0,0,0
7.1,-59.33877743801381,-11.176140296707972,2.7681595928956857,0.2127404704529914,0.09187335012700835,-0.11751475668556907,1.0,0.0,0.0,STATE_OUTSIDE_FREE_DOMAIN,0.4447398161521302,0,32,0,0,0
7.116666666666666,-59.335504691587296,-11.174726939965462,2.766351775139216,0.19636478559046983,0.08480140455059562,-0.10846906538818141,1.0,0.0,0.0,STATE_OUTSIDE_FREE_DOMAIN,0.443382778284514,0,32,0,0,0
7.133333333333334,-59.33250487324183,-11.173431448982559,2.7646947189043694,0.17998910072794738,0.07772945897418251,-0.09942337409079327,1.0,0.0,0.0,STATE_OUTSIDE_FREE_DOMAIN,0.44214495769063233,0,32,0,0,0
7.15,-59.329777982977404,-11.172253823759263,2.7631884241911457,0.1636134158654258,0.07065751339776978,-0.0903776827934056,1.0,0.0,0.0,STATE_OUTSIDE_FREE_DOMAIN,0.44102477383970173,0,32,0,0,0
7.166666666666667,-59.32732402079402,-11.171194064295573,2.7618328909995453,0.14723773100290422,0.06358556782135705,-0.08133199149601794,1.0,0.0,0.0,STATE_OUTSIDE_FREE_DOMAIN,0.4400207907013459,0,32,0,0,0
7.183333333333334,-59.32514298669168,-11.17025217059149,2.760628119329568,0.13086204614038263,0.056513622244944314,-0.07228630019863029,1.0,0.0,0.0,STATE_OUTSIDE_FREE_DOMAIN,0.4391317165450468,0,32,0,0,0
7.2,-59.323234880670384,-11.169428142647016,2.759574109181214,0.11448636127786105,0.04944167666853158,-0.06324060890124264,1.0,0.0,0.0,STATE_OUTSIDE_FREE_DOMAIN,0.43835640375969387,0,32,0,0,0
7.216666666666667,-59.321599702730126,-11.168721980462147,2.758670860554483,0.09811067641533947,0.04236973109211885,-0.05419491760385498,1.0,0.0,0.0,STATE_OUTSIDE_FREE_DOMAIN,0.43769384869318817,0,32,0,0,0
7.233333333333333,-59.32023745287091,-11.168133684036885,2.7579183734493755,0.08173499155281788,0.035297785515706115,-0.045149226306467324,1.0,0.0,0.0,STATE_OUTSIDE_FREE_DOMAIN,0.43714319151212344,0,32,0,0,0
7.25,-59.31914813109274,-11.16766325337123,2.757316647865891,0.0653593066902963,0.028225839939293382,-0.03610353500907967,1.0,0.0,0.0,STATE_OUTSIDE_FREE_DOMAIN,0.4367037160815339,0,32,0,0,0
7.266666666666667,-59.31833173739561,-11.167310688465182,2.7568656838040293,0.048983621827774715,0.021153894362880652,-0.02705784371169201,1.0,0.0,0.0,OUTSIDE_FLOW_BOX,0.4363748498647193,0,32,0,0,0
7.283333333333333,-59.31778827177952,-11.167075989318741,2.7565654812637908,0.03260793696525313,0.014081948786467922,-0.01801215241430435,1.0,0.0,0.0,OUTSIDE_FLOW_BOX,0.4361561638431266,0,32,0,0,0
7.3,-59.317517734244475,-11.166959155931908,2.7564160402451754,0.01623225210273154,0.007010003210055193,-0.008966461116916697,1.0,0.0,0.0,OUTSIDE_FLOW_BOX,0.4360473724563356,0,32,0,0,0
7.316666666666666,-59.317517734244475,-11.166959155931908,2.7564160402451754,0.0,0.0,0.0,1.0,0.0,0.0,OUTSIDE_FLOW_BOX,0.4360473724563356,0,32,0,0,0
7.333333333333333,-59.317517734244475,-11.166959155931908,2.7564160402451754,0.0,0.0,0.0,1.0,0.0,0.0,REFERENCE_INITIALIZATION,0.4360473724563356,0,32,0,0,0
7.35,-59.31729164536724,-11.166735223356183,2.756316797450817,0.013565332633947682,0.013435954543490197,-0.005954567661519716,1.0,0.0,0.0,REFERENCE_INITIALIZATION,0.43598885998822834,0,32,0,0,0
7.366666666666666,-59.31683946761277,-11.166287358204732,2.7561183118620995,0.027130665267895364,0.02687190908698039,-0.011909135323039432,1.0,0.0,0.0,REFERENCE_INITIALIZATION,0.435871973931964,0,32,0,0,0
7.383333333333334,-59.31616634771335,-11.165610480536422,2.7558205844131956,0.040387193965445906,0.04061266009859284,-0.017863646934240668,1.0,0.0,0.0,REFERENCE_INITIALIZATION,0.4357031848296392,0,32,0,0,0
7.4,-59.31521439517634,-11.164818244031958,2.755381238426493,0.057117152220691594,0.047534190267863284,-0.026360759202159266,1.0,0.0,0.0,STATE_OUTSIDE_FREE_DOMAIN,0.4354148708622466,0,32,0,0,0
7.416666666666667,-59.314503912711636,-11.164226964401475,2.755053335923632,0.0426289478822975,0.03547677782895285,-0.019674150171645845,1.0,0.0,0.0,STATE_OUTSIDE_FREE_DOMAIN,0.4352001782387974,0,32,0,0,0
7.433333333333334,-59.31355382471844,-11.163433560273301,2.7546120932722857,0.0570052795919429,0.04760424769050476,-0.026474559080777064,1.0,0.0,0.0,STATE_OUTSIDE_FREE_DOMAIN,0.4349161636370795,0,32,0,0,0
7.45,-59.312364131196745,-11.162438031647433,2.754057510472454,0.07138161130158831,0.05973171755205667,-0.03327496798990828,1.0,0.0,0.0,STATE_OUTSIDE_FREE_DOMAIN,0.43456339954083245,0,32,0,0,0
7.466666666666667,-59.31093979475551,-11.161234636002838,2.753389591385646,0.08546018647412669,0.07220373867564485,-0.0400751452084779,1.0,0.0,0.0,TARGET_HOLD,0.4341488807031426,0,32,0,0,0
7.483333333333333,-59.30975516577562,-11.16023376478057,2.752834079160059,0.07107773879352695,0.06005227333616123,-0.03333073353523786,1.0,0.0,0.0,TARGET_HOLD,0.4338054239804552,0,32,0,0,0
7.5,-59.308810244257074,-11.159435417980625,2.752390973795692,0.05669529111292722,0.047900807996677605,-0.026586321861997823,1.0,0.0,0.0,TARGET_HOLD,0.4335323120245289,0,32,0,0,0
7.516666666666667,-59.3076250354408,-11.15843131675607,2.7518428053911217,0.07111252897640569,0.060246073473257555,-0.03289010427422011,1.0,0.0,0.0,TARGET_HOLD,0.4331878082851879,0,32,0,0,0
7.533333333333333,-59.30620560107698,-11.157214680257017,2.751189383667925,0.08516606182908203,0.07299818994324718,-0.03920530339179062,1.0,0.0,0.0,TARGET_HOLD,0.4327803047459313,0,32,0,0,0
7.55,-59.3045467557502,-11.155791369345529,2.750430704217372,0.09953071960698319,0.08539865468930334,-0.04552076703317113,1.0,0.0,0.0,TARGET_HOLD,0.43230414179680066,0,32,0,0,0
7.566666666666666,-59.30265380682825,-11.154155388446982,2.749566772239783,0.1135769353167787,0.09815885391277342,-0.051835918655360774,1.0,0.0,0.0,TARGET_HOLD,0.43176696975744777,0,32,0,0,0
7.583333333333333,-59.300517404619434,-11.152312567760873,2.7486076619531974,0.1281841325291056,0.11056924116651626,-0.057546617195147635,1.0,0.0,0.0,TARGET_HOLD,0.4311545877350843,0,32,0,0,0
7.6,-59.298142768863585,-11.15025691535616,2.7475533752633696,0.1424781453511643,0.12333914428282863,-0.06325720138967748,1.0,0.0,0.0,TARGET_HOLD,0.4304748299623008,0,32,0,0,0
7.616666666666666,-59.295526087609275,-11.147995970729028,2.7463972053501755,0.15700087525848838,0.1356566776278839,-0.069370194791634,1.0,0.0,0.0,TARGET_HOLD,0.42972666655035785,0,32,0,0,0
7.633333333333334,-59.2926668005723,-11.145528500966094,2.745143051185138,0.17155722221850317,0.14804818577604775,-0.07524924990225312,1.0,0.0,0.0,TARGET_HOLD,0.42890954269524917,0,32,0,0,0
7.65,-59.28956499068872,-11.142854408708153,2.743790912712472,0.18610859301496652,0.16044553547647855,-0.08112830835995358,1.0,0.0,0.0,TARGET_HOLD,0.42802522742138194,0,32,0,0,0
7.666666666666667,-59.28622052080833,-11.139973854998502,2.7423407900266894,0.20066819282321893,0.17283322257905442,-0.08700736114694306,1.0,0.0,0.0,TARGET_HOLD,0.42707534599564223,0,32,0,0,0
7.683333333333334,-59.28262931814261,-11.136887074686442,2.7408028913065188,0.21547215994301727,0.18520681872363784,-0.09227392321025127,1.0,0.0,0.0,TARGET_HOLD,0.4260528530337164,0,32,0,0,0
7.7,-59.27879456119345,-11.133594027905785,2.7391688335199045,0.23008541694970683,0.19758280683946616,-0.0980434671968512,1.0,0.0,0.0,TARGET_HOLD,0.42496696798337785,0,32,0,0,0
7.716666666666667,-59.27471611044771,-11.130094879439701,2.7374386168029328,0.2447070447440802,0.2099489079650303,-0.10381300301831266,1.0,0.0,0.0,TARGET_HOLD,0.42381970882509534,0,32,0,0,0
7.733333333333333,-59.27039422398188,-11.126396324799785,2.7355984576504357,0.2593131879498973,0.22191327839501765,-0.11040954914982765,1.0,0.0,0.0,TARGET_HOLD,0.42261859859186557,0,32,0,0,0
7.75,-59.265827643460455,-11.122498707708466,2.7336505484598477,0.27399483128570634,0.23385702547913,-0.11687455143527568,1.0,0.0,0.0,TARGET_HOLD,0.42136379299772053,0,32,0,0,0
7.766666666666667,-59.261016072501725,-11.118402087911702,2.731595453822629,0.28869425752359423,0.2457971878057818,-0.12330567823313121,1.0,0.0,0.0,TARGET_HOLD,0.4200573702564936,0,32,0,0,0
7.783333333333333,-59.25595550367278,-11.114115030597658,2.7294270246198638,0.3036341297369016,0.2572234388427117,-0.13010575216589848,1.0,0.0,0.0,TARGET_HOLD,0.4186989349569279,0,32,0,0,0
7.8,-59.25064915510548,-11.109630443959993,2.72715049547428,0.3183809140379944,0.26907519825986687,-0.13659174873503996,1.0,0.0,0.0,TARGET_HOLD,0.41729391209512756,0,32,0,0,0
7.816666666666666,-59.24509703369876,-11.104948466456133,2.724765598120916,0.3331272844030932,0.2809186502316743,-0.14309384120184054,1.0,0.0,0.0,TARGET_HOLD,0.41584547517393966,0,32,0,0,0
7.833333333333333,-59.23929854631161,-11.10007030685295,2.7222714876790413,0.3479092432291039,0.29268957619095326,-0.14964662651247704,1.0,0.0,0.0,TARGET_HOLD,0.41435635317561414,0,32,0,0,0
7.85,-59.2332533434477,-11.094996608664006,2.7196677996568117,0.3627121718347408,0.30442189133661945,-0.15622128133377264,1.0,0.0,0.0,TARGET_HOLD,0.4128295661885484,0,32,0,0,0
7.866666666666666,-59.22696096928253,-11.089727946524919,2.716954537380804,0.3775424499100443,0.31611972834528806,-0.16279573656046575,1.0,0.0,0.0,TARGET_HOLD,0.4112680050940126,0,32,0,0,0
7.883333333333334,-59.220416663095,-11.084274908271464,2.7141244555187996,0.3926583712515859,0.32718229520726455,-0.16980491172025927,1.0,0.0,0.0,TARGET_HOLD,0.4096713803301424,0,32,0,0,0
7.9,-59.21362435868131,-11.078628497901287,2.7111838511911968,0.40753826482174066,0.33878462221066225,-0.1764362596561689,1.0,0.0,0.0,TARGET_HOLD,0.4080466323545905,0,32,0,0,0
7.916666666666667,-59.206584231663754,-11.072788730237068,2.7081323053250808,0.4224076210534006,0.3503860598531455,-0.18309275196695582,1.0,0.0,0.0,TARGET_HOLD,0.40639804007614166,0,32,0,0,0
7.933333333333334,-59.1992957919577,-11.06675623245873,2.704969822436499,0.43730638236328634,0.3619498667002975,-0.18974897331489865,1.0,0.0,0.0,TARGET_HOLD,0.4048382650661533,0,32,0,0,0
7.95,-59.19175642522471,-11.060530612179331,2.701703174112929,0.45236200397971343,0.3735372167638922,-0.1959988994141963,1.0,0.0,0.0,TARGET_HOLD,0.4043132643402165,0,32,0,0,0
7.966666666666667,-59.18396474945464,-11.05411419370688,2.698331419602821,0.4675005462042575,0.384985108347085,-0.20230527060650302,1.0,0.0,0.0,TARGET_HOLD,0.4037999894326809,0,32,0,0,0
7.983333333333333,-59.175912419743796,-11.04751859212608,2.694854479314422,0.4831397826504712,0.395736094847997,-0.2086164173039446,1.0,0.0,0.0,TARGET_HOLD,0.40329066646111134,0,32,0,0,0
8.0,-59.16760698591855,-11.040733436249324,2.691272094314109,0.4983260295143352,0.40710935260537806,-0.21494310001876035,1.0,0.0,0.0,TARGET_HOLD,0.40279666579812845,0,32,0,0,0
8.016666666666667,-59.1590484616199,-11.033758682249728,2.687584310664866,0.5135114579188681,0.41848523997578646,-0.22126701895456496,1.0,0.0,0.0,TARGET_HOLD,0.40231996520982494,0,32,0,0,0
8.033333333333333,-59.15023608676108,-11.026595342649317,2.68379113975179,0.5287424915290461,0.4298003760246152,-0.22759025478458758,1.0,0.0,0.0,TARGET_HOLD,0.40186144658944345,0,32,0,0,0
8.05,-59.141169862286766,-11.019248736035406,2.6798935433368367,0.5439734684589753,0.4407963968346123,-0.23385578489717623,1.0,0.0,0.0,TARGET_HOLD,0.4014199186538182,0,32,0,0,0
8.066666666666666,-59.13187676988617,-11.011740945090336,2.675903181242324,0.557585544035723,0.45046745670421695,-0.23942172567075506,1.0,0.0,0.0,TARGET_HOLD,0.40099770212709307,0,32,0,0,0
8.083333333333334,-59.12238700858925,-11.004121328709177,2.6718382948709287,0.5693856778152957,0.45717698286958314,-0.24389318228372467,1.0,0.0,0.0,TARGET_HOLD,0.4005830741158871,0,32,0,0,0
8.1,-59.11271813854161,-10.996379430365401,2.667701215710378,0.5801322028584336,0.46451390062658,-0.248224749633046,1.0,0.0,0.0,TARGET_HOLD,0.4001900505103959,0,32,0,0,0
8.116666666666667,-59.10289356636742,-10.988531788692487,2.6635015065188345,0.5894743304512157,0.4708585003748159,-0.2519825514925896,1.0,0.0,0.0,TARGET_HOLD,0.3998202953291411,0,32,0,0,0
8.133333333333333,-59.09295117537903,-10.980610395767442,2.6592557266117267,0.5965434593037078,0.47528357550271677,-0.25474679442649756,1.0,0.0,0.0,TARGET_HOLD,0.3994732403500628,0,32,0,0,0
8.15,-59.082899055661656,-10.972621918147887,2.6549673661947777,0.6031271830424108,0.4793086571733397,-0.25730162501692794,1.0,0.0,0.0,TARGET_HOLD,0.3991475712583499,0,32,0,0,0
8.166666666666666,-59.07274469405256,-10.964572507649352,2.6506396510641888,0.6092616965456373,0.4829646299120675,-0.2596629078353557,1.0,0.0,0.0,TARGET_HOLD,0.3988417109974379,0,32,0,0,0
8.183333333333334,-59.062851896819794,-10.956705005496804,2.64640993869789,0.5935678339661044,0.4720501291528067,-0.25378274197792716,1.0,0.0,0.0,TARGET_HOLD,0.3985933972811664,0,32,0,0,0
8.2,-59.053212886695086,-10.949027353349338,2.64228347452996,0.5783406074827311,0.46065912884796945,-0.24758785007578663,1.0,0.0,0.0,TRACKING,0.39838639941189624,0,32,0,0,0
8.216666666666667,-59.04382696963264,-10.941540234449235,2.638260702669324,0.5631550237466306,0.4492271340061631,-0.2413663116381626,1.0,0.0,0.0,TRACKING,0.3982153888175042,0,32,0,0,0
8.233333333333333,-59.034694527584456,-10.934243537413822,2.634340892168949,0.5479465228911897,0.43780182212482677,-0.23518863002252371,1.0,0.0,0.0,TRACKING,0.3980771784737027,0,32,0,0,0
8.25,-59.02581567689941,-10.927137248600792,2.630523781427574,0.5327310411025391,0.426377328781855,-0.22902664448248247,1.0,0.0,0.0,TRACKING,0.3979684657179048,0,32,0,0,0
8.266666666666667,-59.01719065948118,-10.92022104873966,2.626809364279666,0.5175010450941027,0.41497199166795035,-0.22286502887444268,1.0,0.0,0.0,TRACKING,0.3978863585926906,0,32,0,0,0
8.283333333333333,-59.00881976107026,-10.91349455978936,2.6231976331169142,0.5022539046556309,0.40358933701803673,-0.21670386976512943,1.0,0.0,0.0,TRACKING,0.3978283560467675,0,32,0,0,0
8.3,-59.000695144418934,-10.906965972121972,2.619692163368687,0.4874769990791756,0.39171526004322693,-0.21032818489361532,1.0,0.0,0.0,TRACKING,0.3977813130500203,0,32,0,0,0
8.316666666666666,-58.99281680952722,-10.900635285737499,2.616292955034986,0.4727000935027218,0.3798411830684184,-0.20395250002210188,1.0,0.0,0.0,NO_REGULAR_FIELD,0.39774300072119406,0,32,0,0,0
8.333333333333334,-58.985184756395114,-10.894502500635939,2.6130000081158093,0.45792318792626646,0.3679671060936086,-0.19757681515058778,1.0,0.0,0.0,NO_REGULAR_FIELD,0.39771146993150497,0,32,0,0,0
8.35,-58.977798985022616,-10.888567616817292,2.609813322611158,0.4431462823498127,0.3560930291188001,-0.19120113027907434,1.0,0.0,0.0,NO_REGULAR_FIELD,0.39768503171146485,0,32,0,0,0
8.366666666666667,-58.97065949540973,-10.882830634281559,2.606732898521032,0.42836937677335735,0.3442189521439903,-0.18482544540756024,1.0,0.0,0.0,NO_REGULAR_FIELD,0.39766223827020475,0,32,0,0,0
8.383333333333333,-58.963766287556446,-10.877291553028739,2.6037587358454313,0.41359247119690357,0.33234487516918176,-0.1784497605360468,1.0,0.0,0.0,NO_REGULAR_FIELD,0.39764186462727324,0,32,0,0,0
8.4,-58.95711936146277,-10.871950373058832,2.6008908345843555,0.39881556562044823,0.32047079819437196,-0.1720740756645327,1.0,0.0,0.0,NO_REGULAR_FIELD,0.39762289085696223,0,32,0,0,0
8.416666666666666,-58.95071871712871,-10.86680709437184,2.5981291947378056,0.38403866004399445,0.30859672121956344,-0.16569839079301926,1.0,0.0,0.0,NO_REGULAR_FIELD,0.39760448494509015,0,32,0,0,0
8.433333333333334,-58.94456435455425,-10.861861716967761,2.5954738163057804,0.3692617544675391,0.29672264424475364,-0.15932270592150516,1.0,0.0,0.0,NO_REGULAR_FIELD,0.3975859862583093,0,32,0,0,0
8.45,-58.938656273739404,-10.857114240846595,2.5929246992882806,0.35448484889108534,0.2848485672699451,-0.15294702104999172,1.0,0.0,0.0,NO_REGULAR_FIELD,0.39756688962590203,0,32,0,0,0
8.466666666666667,-58.93299447468416,-10.852564666008343,2.5904818436853057,0.33970794331463,0.2729744902951353,-0.14657133617847762,1.0,0.0,0.0,NO_REGULAR_FIELD,0.39754683003406033,0,32,0,0,0
8.483333333333333,-58.92757895738852,-10.848212992453004,2.5881452494968564,0.3249310377381762,0.2611004133203268,-0.14019565130696418,1.0,0.0,0.0,NO_REGULAR_FIELD,0.39752556793267324,0,32,0,0,0
8.5,-58.92240972185249,-10.844059220180577,2.585914916722932,0.3101541321617209,0.249226336345517,-0.13381996643545008,1.0,0.0,0.0,NO_REGULAR_FIELD,0.39750297515460087,0,32,0,0,0
8.516666666666667,-58.91748676807607,-10.840103349191066,2.583790845363533,0.29537722658526555,0.2373522593707072,-0.12744428156393597,1.0,0.0,0.0,NO_REGULAR_FIELD,0.39747902144745684,0,32,0,0,0
8.533333333333333,-58.91281009605925,-10.836345379484468,2.581773035418659,0.28060032100881177,0.22547818239589865,-0.12106859669242255,1.0,0.0,0.0,NO_REGULAR_FIELD,0.39745376161787205,0,32,0,0,0
8.55,-58.90837970580205,-10.832785311060784,2.5798614868883107,0.26582341543235644,0.21360410542108885,-0.11469291182090845,1.0,0.0,0.0,NO_REGULAR_FIELD,0.3974273232882499,0,32,0,0,0
8.566666666666666,-58.90419559730445,-10.829423143920012,2.5780561997724876,0.25104650985590266,0.2017300284462803,-0.10831722694939502,1.0,0.0,0.0,NO_REGULAR_FIELD,0.39739989526604313,0,32,0,0,0
8.583333333333334,-58.90025777056646,-10.826258878062154,2.5763571740711892,0.2362696042794473,0.1898559514714705,-0.10194154207788092,1.0,0.0,0.0,NO_REGULAR_FIELD,0.3973717165254923,0,32,0,0,0
8.6,-58.89656622558808,-10.82329251348721,2.5747644097844167,0.2214926987029935,0.17798187449666195,-0.0955658572063675,1.0,0.0,0.0,NO_REGULAR_FIELD,0.39734306580188505,0,32,0,0,0
8.616666666666667,-58.89312096236931,-10.82052405019518,2.573277906912169,0.20671579312653815,0.16610779752185215,-0.0891901723348534,1.0,0.0,0.0,NO_REGULAR_FIELD,0.3973142517982955,0,32,0,0,0
8.633333333333333,-58.88992198091014,-10.817953488186063,2.5718976654544465,0.19193888755008437,0.1542337205470436,-0.08281448746333997,1.0,0.0,0.0,NO_REGULAR_FIELD,0.39728560400482904,0,32,0,0,0
8.65,-58.886969281210575,-10.81558082745986,2.5706236854112494,0.177161981973629,0.1423596435722338,-0.07643880259182587,1.0,0.0,0.0,NO_REGULAR_FIELD,0.3972574641303547,0,32,0,0,0
8.666666666666666,-58.88426286327062,-10.813406068016569,2.5694559667825776,0.16238507639717523,0.13048556659742525,-0.07006311772031244,1.0,0.0,0.0,NO_REGULAR_FIELD,0.39723017814674333,0,32,0,0,0
8.683333333333334,-58.881802727090275,-10.811429209856191,2.568394509568431,0.14760817082071986,0.11861148962261545,-0.06368743284879834,1.0,0.0,0.0,NO_REGULAR_FIELD,0.3972040889455747,0,32,0,0,0
8.7,-58.87958887266954,-10.809650252978727,2.56743931376881,0.13283126524426608,0.1067374126478069,-0.05731174797728491,1.0,0.0,0.0,NO_REGULAR_FIELD,0.3971795296073848,0,32,0,0,0
8.716666666666667,-58.87762130000841,-10.808069197384178,2.5665903793837135,0.11805435966781072,0.0948633356729971,-0.0509360631057708,1.0,0.0,0.0,NO_REGULAR_FIELD,0.3971568172833537,0,32,0,0,0
8.733333333333333,-58.875900009106886,-10.806686043072542,2.5658477064131424,0.10327745409135694,0.08298925869818854,-0.04456037823425737,1.0,0.0,0.0,NO_REGULAR_FIELD,0.3971362476895379,0,32,0,0,0
8.75,-58.87442499996497,-10.80550079004382,2.5652112948570966,0.08850054851490158,0.07111518172337873,-0.03818469336274326,1.0,0.0,0.0,NO_REGULAR_FIELD,0.3971180902135749,0,32,0,0,0
8.766666666666667,-58.87319627258267,-10.80451343829801,2.564681144715576,0.07372364293844622,0.059241104748568925,-0.03180900849122915,1.0,0.0,0.0,NO_REGULAR_FIELD,0.3971025836338766,0,32,0,0,0
8.783333333333333,-58.87221382695997,-10.803723987835113,2.564257255988581,0.058946737361992435,0.04736702777376038,-0.025433323619715717,1.0,0.0,0.0,NO_REGULAR_FIELD,0.39708993245132707,0,32,0,0,0
8.8,-58.871477663096876,-10.80313243865513,2.563939628676111,0.04416983178553708,0.035492950798950575,-0.019057638748201607,1.0,0.0,0.0,NO_REGULAR_FIELD,0.3970803038334836,0,32,0,0,0
8.816666666666666,-58.87098778099339,-10.802738790758061,2.5637282627781666,0.0293929262090833,0.02361887382414203,-0.012681953876688173,1.0,0.0,0.0,NO_REGULAR_FIELD,0.39707382517125234,0,32,0,0,0
8.833333333333334,-58.87074418064951,-10.802543044143906,2.563623158294747,0.014616020632627945,0.011744796849332223,-0.00630626900517406,1.0,0.0,0.0,NO_REGULAR_FIELD,0.3970705822480991,0,32,0,0,3
8.85,-58.87074418064951,-10.802543044143906,2.563623158294747,0.0,0.0,0.0,1.0,0.0,0.0,NO_REGULAR_FIELD,0.3970705822480991,0,32,0,0,3
8.866666666666667,-58.87074418064951,-10.802543044143906,2.563623158294747,0.0,0.0,0.0,1.0,0.0,0.0,NO_REGULAR_FIELD,0.3970705822480991,0,32,0,0,3
8.883333333333333,-58.87074418064951,-10.802543044143906,2.563623158294747,0.0,0.0,0.0,1.0,0.0,0.0,NO_REGULAR_FIELD,0.3970705822480991,0,32,0,0,4
8.9,-58.87074418064951,-10.802543044143906,2.563623158294747,0.0,0.0,0.0,1.0,0.0,0.0,NO_REGULAR_FIELD,0.3970705822480991,0,32,0,0,4
8.916666666666666,-58.87074418064951,-10.802543044143906,2.563623158294747,0.0,0.0,0.0,1.0,0.0,0.0,NO_REGULAR_FIELD,0.3970705822480991,0,32,0,0,4
8.933333333333334,-58.87066437196106,-10.802223809390119,2.5636763640870446,0.004788521306805972,0.019154085227223883,0.003192347537870647,1.0,0.0,0.0,TARGET_HOLD,0.3971265698248947,0,32,0,0,4
8.95,-58.87050475458417,-10.801585339882545,2.56378277567164,0.009577042613611433,0.03830817045444572,0.006384695075740953,1.0,0.0,0.0,TARGET_HOLD,0.39723857040904376,0,32,0,0,4
8.966666666666667,-58.87027260327158,-10.800625904426719,2.5639423925129967,0.013929078755096575,0.05756612734955689,0.00957701048141234,1.0,0.0,0.0,TARGET_HOLD,0.39741187503866915,0,32,0,0,4
8.983333333333333,-58.869967918023306,-10.799345503022641,2.5641552146111146,0.018281114896581206,0.07682408424466602,0.012769325887083387,1.0,0.0,0.0,TARGET_HOLD,0.39749380092770015,0,32,0,0,4
9.0,-58.86959832950439,-10.797742505710035,2.5644212396825723,0.022175311135004133,0.09617983875635874,0.015961504287451952,1.0,0.0,0.0,TARGET_HOLD,0.39742104223818975,0,32,0,0,4
9.016666666666667,-58.869157509517144,-10.795817356511453,2.564734755294069,0.026449199234761564,0.11550895191488729,0.018810936689806868,1.0,0.0,0.0,TARGET_HOLD,0.39733902209829397,0,32,0,0,4
9.033333333333333,-58.86864545806157,-10.793570055426896,2.565095761445605,0.030723087334518537,0.13483806507341378,0.02166036909216148,1.0,0.0,0.0,TARGET_HOLD,0.3972476853318798,0,32,0,0,4
9.05,-58.8680644702685,-10.791000104491246,2.565504264608348,0.03485926758422945,0.1541970561389923,0.02451018976455341,1.0,0.0,0.0,TARGET_HOLD,0.39714848303693473,0,32,0,0,4
9.066666666666666,-58.86742294528382,-10.788105822168786,2.565960259992275,0.03849149908094403,0.1736569393475669,0.027359723035611065,1.0,0.0,0.0,TARGET_HOLD,0.39704687934638405,0,32,0,0,4
9.083333333333334,-58.866709844314045,-10.784888412639766,2.5664559642901907,0.042786058186393146,0.19304457174116213,0.029742257874949364,1.0,0.0,0.0,TARGET_HOLD,0.39694039551250826,0,32,0,0,4
9.1,-58.86592910177535,-10.781347769995454,2.5669970126333856,0.046844552321872075,0.21243855865876426,0.032462900591682844,1.0,0.0,0.0,TARGET_HOLD,0.39682802904553693,0,32,0,0,4
9.116666666666667,-58.86521935167912,-10.778129075825543,2.567488863780995,0.04258500577364972,0.1931216501946445,0.02951106885657572,1.0,0.0,0.0,TARGET_HOLD,0.39672558621708753,0,32,0,0,4
9.133333333333333,-58.86444044144779,-10.774587202647407,2.5680241121113037,0.04673461387982512,0.21251239068815778,0.03211489981851288,1.0,0.0,0.0,TARGET_HOLD,0.39661742859984894,0,32,0,0,4
9.15,-58.86359274953651,-10.770722012039954,2.5686023259104735,0.05086151467704459,0.23191143644710668,0.03469282795020222,1.0,0.0,0.0,TARGET_HOLD,0.3965039922572222,0,32,0,0,4
9.166666666666666,-58.862685577718594,-10.766531663417357,2.5692234991906173,0.054430309074665825,0.25142091735582245,0.03727039680862636,1.0,0.0,0.0,TARGET_HOLD,0.39639132994659965,0,32,0,0,4
9.183333333333334,-58.86170247623443,-10.762018711722845,2.569880352365443,0.058986089050112114,0.2707771016706907,0.03941119048953334,1.0,0.0,0.0,TARGET_HOLD,0.39627298665057953,0,32,0,0,4
9.2,-58.86065095140578,-10.757182233059243,2.5705791538097422,0.06309148971885922,0.2901887198161826,0.04192808665795475,1.0,0.0,0.0,TARGET_HOLD,0.3961499602218336,0,32,0,0,4
9.216666666666667,-58.859541109749756,-10.75202025280236,2.5713198953485668,0.06659049936136935,0.30971881541292823,0.04444449232947098,1.0,0.0,0.0,TARGET_HOLD,0.396028836032323,0,32,0,0,4
9.233333333333333,-58.85836894423728,-10.746533381845847,2.5721015377592704,0.07032993074890982,0.3292122573907844,0.046898544642235786,1.0,0.0,0.0,TARGET_HOLD,0.3959075375309641,0,32,0,0,4
9.25,-58.85714479939129,-10.740719608804792,2.5729224775887465,0.07344869075928384,0.34882638246324016,0.04925638976857325,1.0,0.0,0.0,TARGET_HOLD,0.3957937741022326,0,32,0,0,4
9.266666666666667,-58.855868675211795,-10.734578933679197,2.573782714836995,0.07656745076965786,0.3684405075356959,0.05161423489491072,1.0,0.0,0.0,TARGET_HOLD,0.395687475888591,0,32,0,0,4
9.283333333333333,-58.8545276734451,-10.728112723188637,2.5746734272546066,0.08046010600166838,0.38797262943355737,0.05344274505669186,1.0,0.0,0.0,TARGET_HOLD,0.3955855035843725,0,32,0,0,4
9.3,-58.853126356747474,-10.721320912691432,2.575602321551301,0.0840790018574127,0.4075086298323145,0.05573365780166427,1.0,0.0,0.0,TARGET_HOLD,0.39548604957189715,0,32,0,0,4
9.316666666666666,-58.85166600223223,-10.714203210106318,2.576568898658924,0.08762127091470084,0.42706215510689327,0.05799462645738291,1.0,0.0,0.0,TARGET_HOLD,0.39539019761456884,0,32,0,0,4
9.333333333333334,-58.85015932126936,-10.706757563906617,2.57757313153656,0.09040085777193659,0.44673877198196227,0.060253972658139254,1.0,0.0,0.0,TARGET_HOLD,0.39530626088835485,0,32,0,0,4
9.35,-58.848588891386974,-10.698987332548757,2.578618494226656,0.09422579294316684,0.4662138814715866,0.06272176140578037,1.0,0.0,0.0,TARGET_HOLD,0.3952205869626564,0,32,0,0,4
9.366666666666667,-58.846968365452504,-10.690890127790805,2.579704965216512,0.09723155606826474,0.485832285477086,0.0651882593913556,1.0,0.0,0.0,TARGET_HOLD,0.3951421774874372,0,32,0,0,4
9.383333333333333,-58.84527442877223,-10.682469931945974,2.5808288358227838,0.10163620081635799,0.5052117506898842,0.06743223637630766,1.0,0.0,0.0,TARGET_HOLD,0.39505781126593875,0,32,0,0,4
9.4,-58.84351830380901,-10.67372478164661,2.581993306072598,0.10536749779311019,0.5247090179617473,0.0698682149888692,1.0,0.0,0.0,TARGET_HOLD,0.39497300043407646,0,32,0,0,4
9.416666666666666,-58.84170053048466,-10.664654496257164,2.583197748361095,0.10906639946131055,0.5442171233667769,0.07226653730982531,1.0,0.0,0.0,TARGET_HOLD,0.3948884977102316,0,32,0,0,4
9.433333333333334,-58.839821108799164,-10.655259075777634,2.584442162688275,0.11276530112951141,0.5637252287718084,0.07466485963078168,1.0,0.0,0.0,TARGET_HOLD,0.394804329897133,0,32,0,0,4
9.45,-58.83789696815897,-10.64553575750704,2.5857265065135437,0.11544843841136548,0.5833990962356078,0.07706062951612869,1.0,0.0,0.0,TARGET_HOLD,0.3947317719592016,0,32,0,0,4
9.466666666666667,-58.83591121555357,-10.63548721630754,2.5870501583961043,0.11914515632389117,0.6029124719699668,0.07941911295363287,1.0,0.0,0.0,TARGET_HOLD,0.39466011382160027,0,32,0,0,4
9.483333333333333,-58.83385084101079,-10.625115616890731,2.588408104094461,0.12362247256657648,0.6222959650085358,0.08147674190139946,1.0,0.0,0.0,TARGET_HOLD,0.3945837393654008,0,32,0,0,4
9.5,-58.83171188977923,-10.61442240970099,2.5898048474149054,0.1283370738939206,0.6415924313844661,0.08380459922667463,1.0,0.0,0.0,TARGET_HOLD,0.39449732323566056,0,32,0,0,4
9.516666666666667,-58.829493650326135,-10.603407734019067,2.5912400939504256,0.13309436718578418,0.6608805409154449,0.0861147921312162,1.0,0.0,0.0,TARGET_HOLD,0.3944006746206502,0,32,0,0,4
9.533333333333333,-58.82719613592421,-10.592071586577116,2.5927138437469095,0.1378508641152936,0.6801688465170826,0.08842498778902322,1.0,0.0,0.0,TARGET_HOLD,0.39429394702761456,0,32,0,0,4
9.55,-58.824817238049626,-10.580414365004227,2.594225000012486,0.1427338724753287,0.6994332943733784,0.09066937593458306,1.0,0.0,0.0,TARGET_HOLD,0.3941765395622314,0,32,0,0,4
9.566666666666666,-58.822355423227094,-10.568436461165849,2.5957735564846915,0.14770888935193968,0.7186742303026944,0.09291338833235342,1.0,0.0,0.0,TARGET_HOLD,0.3940476146309808,0,32,0,0,4
9.583333333333334,-58.81981001359478,-10.55614225827832,2.5973590459296783,0.15272457793875693,0.7376521732515862,0.09512936669921097,1.0,0.0,0.0,TARGET_HOLD,0.393906404580735,0,32,0,0,4
9.6,-58.817178626326594,-10.543558261557228,2.598983249519192,0.15788323609115276,0.755039803265587,0.09745221537083555,1.0,0.0,0.0,TARGET_HOLD,0.39374552638606963,0,32,0,0,4
9.616666666666667,-58.81446712933084,-10.530706572648723,2.6006432343634964,0.1626898197451812,0.7711013345102743,0.09959909065824639,1.0,0.0,0.0,TARGET_HOLD,0.39356643974766015,0,32,0,0,4
9.633333333333333,-58.81168047589522,-10.517607684250265,2.602335959786158,0.16719920613724099,0.7859333039075667,0.10156352535972366,1.0,0.0,0.0,TARGET_HOLD,0.39337043422771356,0,32,0,0,4
9.65,-58.80882269437106,-10.504280713220005,2.6040589892971506,0.17146689144968344,0.7996182618155544,0.1033817706595403,1.0,0.0,0.0,TARGET_HOLD,0.39315816818521776,0,32,0,0,4
9.666666666666666,-58.80589719380086,-10.490743398009629,2.6058100271322058,0.17553003421188124,0.8122389126226608,0.10506227010331004,1.0,0.0,0.0,TARGET_HOLD,0.3929301257361528,0,32,0,0,4
9.683333333333334,-58.802884440890054,-10.477017717441695,2.607587208730871,0.180765174648263,0.8235408340759796,0.10663089591991243,1.0,0.0,0.0,TARGET_HOLD,0.39267114805073444,0,32,0,0,4
9.7,-58.79978711718588,-10.463118947992118,2.609388553504994,0.1858394222503909,0.8339261669747218,0.1080806864473781,1.0,0.0,0.0,TARGET_HOLD,0.3923789192734185,0,32,0,0,4
9.716666666666667,-58.796633667806304,-10.449055542574987,2.611218335588619,0.18920696277445032,0.8438043250278058,0.10978692501751709,1.0,0.0,0.0,TARGET_HOLD,0.3920406525150809,0,32,0,0,4
9.733333333333333,-58.79343063260332,-10.43483942950295,2.6130744006401176,0.19218211217938885,0.8529667843222695,0.1113639030899181,1.0,0.0,0.0,TARGET_HOLD,0.3917025274374243,0,32,0,0,4
9.75,-58.79017871552227,-10.420482908493835,2.6149547869450696,0.1951150248625124,0.8613912605468891,0.11282317829711921,1.0,0.0,0.0,TARGET_HOLD,0.391364531134307,0,32,0,0,4
9.766666666666667,-58.78688022848935,-10.405996950524953,2.616857651984274,0.19790922197544214,0.8691574781328903,0.11417190235225963,1.0,0.0,0.0,TARGET_HOLD,0.39102785445381727,0,32,0,0,4
9.783333333333333,-58.7835201270055,-10.391396985692273,2.6187885097120778,0.20160608903095886,0.875997889960836,0.11585146366823565,1.0,0.0,0.0,TARGET_HOLD,0.3934231528411066,0,32,0,0,4
9.8,-58.78011779584282,-10.376687142028326,2.6207393515784396,0.2041398697608121,0.8825906198368243,0.1170505119817145,1.0,0.0,0.0,TARGET_HOLD,0.39778664004898456,0,32,0,0,4
9.816666666666666,-58.776675104753814,-10.36187606894995,2.6227086636334684,0.2065614653403849,0.8886643847025825,0.11815872330174786,1.0,0.0,0.0,TARGET_HOLD,0.40220742949618915,0,32,0,0,4
9.833333333333334,-58.773190933135446,-10.34696925324049,2.6246695840005736,0.20905029710225487,0.8944089425675689,0.1176552220263019,1.0,0.0,0.0,TARGET_HOLD,0.4066981016032881,0,32,0,0,4
9.85,-58.769664273653824,-10.331975141730371,2.6266240899918114,0.21159956889742973,0.8996466906071613,0.11727035947428843,1.0,0.0,0.0,TARGET_HOLD,0.4112537556807727,0,32,0,0,8
9.866666666666667,-58.76609664688063,-10.316900776747032,2.6285726675447485,0.21405760639171825,0.9044618990003397,0.11691465317621534,1.0,0.0,0.0,TARGET_HOLD,0.41587259962034584,0,32,0,0,8
9.883333333333333,-58.7624674557712,-10.301756205614376,2.6304947477526177,0.21775146656553454,0.9086742679593126,0.11532481247217186,1.0,0.0,0.0,TARGET_HOLD,0.4205490601113444,0,32,0,0,8
9.9,-58.75880041102296,-10.286543645702965,2.6324105726540683,0.2200226848944548,0.9127535946846299,0.11494949408703811,1.0,0.0,0.0,TARGET_HOLD,0.4252867633185162,0,32,0,0,8
9.916666666666666,-58.75509513304873,-10.271268618165228,2.6343164580518748,0.22231667845409367,0.9165016522642544,0.11435312386839033,1.0,0.0,0.0,TARGET_HOLD,0.4300856553852642,0,32,0,0,8
9.933333333333334,-58.75135277716917,-10.255936309649572,2.6362131569387377,0.2245413527734204,0.9199385109393909,0.11380193321176127,1.0,0.0,0.0,TARGET_HOLD,0.43494435005124277,0,32,0,0,8
9.95,-58.747573021274334,-10.240554341723543,2.6381218593034217,0.2267853536897893,0.9229180755617877,0.1145221418810405,1.0,0.0,0.0,TRACKING,0.43984833519138833,0,32,0,0,8
9.966666666666667,-58.743753358035406,-10.22512749806577,2.640038467556048,0.22917979433586771,0.9256106194663517,0.11499649515758543,1.0,0.0,0.0,TRACKING,0.4447969308310187,0,32,0,0,8
9.983333333333333,-58.739869539259075,-10.209666680881726,2.6419609464374516,0.23302912658001926,0.9276490310426863,0.11534873288420067,1.0,0.0,0.0,TRACKING,0.4497723041185543,0,32,0,0,8
10.0,-58.735949548861974,-10.194167918680897,2.6438889451749596,0.23519942382610803,0.9299257320497795,0.11567992425047724,1.0,0.0,0.0,TRACKING,0.45479453863891395,0,32,0,0,8
10.016666666666667,-58.73199614286085,-10.178634072453972,2.645821970939315,0.23720436006743464,0.9320307736154345,0.1159815458613197,1.0,0.0,0.0,TRACKING,0.4598650434791195,0,32,0,0,8
10.033333333333333,-58.728010058169275,-10.16306829182324,2.64775964289515,0.2391650814945716,0.9339468378439728,0.11626031735012861,1.0,0.0,0.0,TRACKING,0.46498379027345016,0,32,0,0,8
10.05,-58.723987867008766,-10.147474504206606,2.6497005689620874,0.24133146963037072,0.9356272569980483,0.11645556401622348,1.0,0.0,0.0,TRACKING,0.47014845425264007,0,32,0,0,8
10.066666666666666,-58.71993020399121,-10.131855421620843,2.651644502616558,0.24345978105329114,0.9371449551458633,0.11663601926822023,1.0,0.0,0.0,TRACKING,0.475359105306424,0,32,0,0,8
10.083333333333334,-58.71581286968782,-10.116220671633938,2.6535896562538905,0.24704005820362102,0.9380849992142067,0.11670921823995073,1.0,0.0,0.0,TRACKING,0.4805989121056412,0,32,0,0,8
10.1,-58.711663262865976,-10.100564806528864,2.6555370091755304,0.24897640931032974,0.9393519063045402,0.11684117529840207,1.0,0.0,0.0,TRACKING,0.4858868905650535,0,32,0,0,8
10.116666666666667,-58.70748382964819,-10.08488938841632,2.657486094869007,0.2507659930673015,0.9405250867526169,0.11694514160859457,1.0,0.0,0.0,TRACKING,0.49122475263717824,0,32,0,0,8
10.133333333333333,-58.703272986054046,-10.069196925102787,2.6594361559641935,0.2526506156488469,0.9415477988120577,0.11700366571120083,1.0,0.0,0.0,TRACKING,0.49661158306620024,0,32,0,0,8
10.15,-58.6990311875427,-10.053489265484783,2.6613871185670215,0.2545079106805136,0.9424595770801255,0.11705775616967025,1.0,0.0,0.0,TRACKING,0.5020476008366346,0,32,0,0,8
10.166666666666666,-58.69475893316067,-10.037767554064724,2.663334434390064,0.25633526292166625,0.9433026852035954,0.11683894938253254,1.0,0.0,0.0,TARGET_HOLD,0.5075356479976844,0,32,0,0,8
10.183333333333334,-58.69042665853625,-10.022041815683393,2.6652714700862505,0.2599364774650925,0.9435443028798408,0.11622214177120446,1.0,0.0,0.0,TARGET_HOLD,0.513058648193556,0,32,0,0,8
10.2,-58.686063070740666,-10.00630562692872,2.667205511123112,0.2618152677353405,0.9441713252804151,0.11604246221168768,1.0,0.0,0.0,TARGET_HOLD,0.5186329108982973,0,32,0,0,8
10.216666666666667,-58.681670863474785,-9.990559628105276,2.6691363215581867,0.2635324359528904,0.9447599294066329,0.11584862610447931,1.0,0.0,0.0,TARGET_HOLD,0.5241588704669555,0,32,0,0,8
10.233333333333333,-58.67724830802375,-9.974805622177408,2.6710632072599974,0.2653533270623213,0.9452403556720675,0.11561314210865177,1.0,0.0,0.0,TARGET_HOLD,0.529617050491235,0,32,0,0,8
10.25,-58.67279571651713,-9.959044818306445,2.6729864655568223,0.26715549039699354,0.9456482322577306,0.1153954978094778,1.0,0.0,0.0,TARGET_HOLD,0.5350619972843507,0,32,0,0,8
10.266666666666667,-58.66831479026471,-9.943277856640961,2.6749059522054015,0.26885557514503955,0.9460176999289768,0.11516919891475397,1.0,0.0,0.0,TARGET_HOLD,0.5404946798995662,0,32,0,0,8
10.283333333333333,-58.66377585860946,-9.927514497492686,2.676814504953829,0.27233589931483587,0.9458015488965932,0.11451316490567051,1.0,0.0,0.0,TARGET_HOLD,0.5458987667505903,0,32,0,0,8
10.3,-58.659205497714915,-9.911747961719197,2.6787187846925358,0.2742216536729054,0.9459921464093098,0.11425678432238623,1.0,0.0,0.0,TARGET_HOLD,0.5512886782863378,0,32,0,0,8
10.316666666666666,-58.65460809487201,-9.895977862995016,2.6806191151343786,0.2758441705742854,0.9462059234508627,0.1140198265105629,1.0,0.0,0.0,TARGET_HOLD,0.5566670649661849,0,32,0,0,8
10.333333333333334,-58.64998197924917,-9.880205529430558,2.682514878990497,0.2775669373702887,0.9463400138674726,0.11374583136709565,1.0,0.0,0.0,TARGET_HOLD,0.5620330613410043,0,32,0,0,8
10.35,-58.6453271043801,-9.864431783783612,2.684406004699319,0.2792924921441538,0.9464247388168018,0.11346754252929676,1.0,0.0,0.0,TARGET_HOLD,0.5673866221668209,0,32,0,0,8
10.366666666666667,-58.6406436710632,-9.848657361834997,2.686292843635639,0.281005999014068,0.9464653169168199,0.11321033617920988,1.0,0.0,0.0,TARGET_HOLD,0.5727276337783358,0,32,0,0,8
10.383333333333333,-58.63593186697895,-9.83288294655773,2.68817572055495,0.28270824505499687,0.9464649166361164,0.11297261515867506,1.0,0.0,0.0,TARGET_HOLD,0.578056006356874,0,32,0,0,8
10.4,-58.6311656910604,-9.817118593356703,2.69006046477259,0.2859705551128408,0.945861192061594,0.11308465305838439,1.0,0.0,0.0,TARGET_HOLD,0.5833504322772021,0,32,0,0,8
10.416666666666666,-58.62636946947888,-9.801356633508032,2.691946239618663,0.28777329489111775,0.9457175909203134,0.11314649076438184,1.0,0.0,0.0,TARGET_HOLD,0.5886279030600117,0,32,0,0,8
10.433333333333334,-58.621547378009126,-9.785596220478606,2.6938326055591832,0.28932548818517106,0.9456247817655301,0.11318195643122779,1.0,0.0,0.0,TARGET_HOLD,0.5938914258490062,0,32,0,0,8
10.45,-58.61669783592706,-9.769838407527066,2.6957195930031035,0.2909725249238734,0.9454687770924589,0.11321924663521774,1.0,0.0,0.0,TARGET_HOLD,0.5991398760530604,0,32,0,0,8
10.466666666666667,-58.61182097158416,-9.754083642718061,2.697607154866833,0.2926118605743531,0.945285888540278,0.1132537118237539,1.0,0.0,0.0,TARGET_HOLD,0.6043733433961964,0,32,0,0,8
10.483333333333333,-58.60688937738672,-9.738341860945493,2.6994951323463634,0.2958956518461913,0.9445069063541937,0.11327864877185445,1.0,0.0,0.0,TARGET_HOLD,0.6095737078532486,0,32,0,0,8
10.5,-58.60190318562596,-9.722613528606024,2.7013834939556505,0.29917150564601486,0.9436999403681229,0.11330169655722011,1.0,0.0,0.0,TARGET_HOLD,0.614741284557395,0,32,0,0,8
10.516666666666667,-58.59689353548834,-9.706888182135327,2.703272331113564,0.3005790082570021,0.9435207882418396,0.11333022947478506,1.0,0.0,0.0,TARGET_HOLD,0.6198968489320638,0,32,0,0,8
10.533333333333333,-58.591858773373765,-9.691166756573828,2.7051615884474485,0.30208572687471824,0.9432855336899629,0.11335544003307656,1.0,0.0,0.0,TARGET_HOLD,0.6250393672875931,0,32,0,0,8
10.55,-58.586796761496615,-9.675450337808075,2.7070512213381694,0.3037207126289422,0.9429851259451982,0.11337797344323934,1.0,0.0,0.0,TARGET_HOLD,0.630167512821749,0,32,0,0,8
10.566666666666666,-58.5817075910377,-9.659739228289176,2.7089412013344507,0.30535022753478885,0.9426665711339154,0.11339879977687463,1.0,0.0,0.0,TARGET_HOLD,0.6352814299695166,0,32,0,0,8
10.583333333333334,-58.576564399255375,-9.644043423474868,2.7108313382411193,0.30859150693941717,0.9417482888584712,0.11340821440010335,1.0,0.0,0.0,TARGET_HOLD,0.6403637238708222,0,32,0,0,8
10.6,-58.57139468087474,-9.628353289905732,2.712721764256801,0.31018310283810785,0.9414080141482227,0.11342556094091788,1.0,0.0,0.0,TARGET_HOLD,0.6454325753261985,0,32,0,0,8
10.616666666666667,-58.56619851377235,-9.61266907903129,2.7146124574792987,0.31177002614336674,0.9410526524664874,0.11344159334985253,1.0,0.0,0.0,TARGET_HOLD,0.6504881416472008,0,32,0,0,8
10.633333333333333,-58.56097544172082,-9.59699121854211,2.716503429917549,0.31338432309171926,0.9406716293509182,0.11345834629503809,1.0,0.0,0.0,TARGET_HOLD,0.655919015913693,0,32,0,0,8
10.65,-58.5557255949022,-9.581319907050684,2.718394652098127,0.314990809117426,0.9402786894855502,0.11347333083467505,1.0,0.0,0.0,TARGET_HOLD,0.6629973510960019,0,32,0,0,8
10.666666666666666,-58.55044914003211,-9.565655314950668,2.720286097025327,0.31658729220555454,0.9398755260010113,0.11348669563200216,1.0,0.0,0.0,TARGET_HOLD,0.6701029452679881,0,32,0,0,8
10.683333333333334,-58.54511870555346,-9.550007896189861,2.722177609695928,0.31982606871882036,0.938845125648351,0.11349076023602526,1.0,0.0,0.0,TARGET_HOLD,0.6772170642183135,0,32,0,0,8
10.7,-58.53976188688026,-9.534367515913829,2.7240693115334245,0.32140912039239494,0.9384228165619825,0.11350211024981174,1.0,0.0,0.0,TARGET_HOLD,0.684359194933142,0,32,0,0,8
10.716666666666667,-58.53437874149739,-9.518734351461768,2.7259611882069925,0.32298872297202796,0.9379898671235349,0.11351260041406894,1.0,0.0,0.0,TARGET_HOLD,0.6915296200510168,0,32,0,0,8
10.733333333333333,-58.52897310274304,-9.503107185418122,2.7278532461457514,0.32433832526135814,0.9376299626188591,0.11352347632554201,1.0,0.0,0.0,TARGET_HOLD,0.6987312020840735,0,32,0,0,8
10.75,-58.523541177054035,-9.487487582872896,2.72974544964872,0.3259155413400739,0.9371761527134421,0.11353221017810466,1.0,0.0,0.0,TARGET_HOLD,0.7059616003483753,0,32,0,0,8
10.766666666666667,-58.51808113873156,-9.471876391225827,2.7316377807560186,0.3276022993483329,0.9366714988241585,0.11353986643790358,1.0,0.0,0.0,TARGET_HOLD,0.7132198309617457,0,32,0,0,8
10.783333333333333,-58.51256777908977,-9.456283550507443,2.7335300825285587,0.3308015785072639,0.9355704431030375,0.11353810635242269,1.0,0.0,0.0,TARGET_HOLD,0.720488779249449,0,32,0,0,8
10.8,-58.50702858754881,-9.440698554146373,2.735422492369269,0.3323514924575665,0.9350997816641472,0.11354459044263296,1.0,0.0,0.0,TARGET_HOLD,0.727787798206533,0,32,0,0,8
10.816666666666666,-58.50146559542948,-9.425120778877341,2.737314994780062,0.3337795271598471,0.9346665161419246,0.1135501446475797,1.0,0.0,0.0,TARGET_HOLD,0.7351185548241923,0,32,0,0,11
10.833333333333334,-58.495878843801876,-9.409550345000238,2.7392075827480524,0.3352050976561382,0.9342260326261493,0.11355527807942442,1.0,0.0,0.0,TARGET_HOLD,0.7424813451690195,0,32,0,0,11
10.85,-58.49026837174564,-9.393987366302602,2.7411002497916344,0.3366283233739675,0.9337787218581919,0.11356002261491727,1.0,0.0,0.0,TARGET_HOLD,0.7498764687456134,0,32,0,0,11
10.866666666666667,-58.48463345981425,-9.378432244508407,2.742993021186796,0.3380947158837094,0.9333073076516554,0.11356628370969654,1.0,0.0,0.0,TARGET_HOLD,0.7573036901715566,0,32,0,0,12
10.883333333333333,-58.47897240771535,-9.362885750853627,2.7448858656515136,0.3396631259339866,0.9327896192868341,0.11357066788306092,1.0,0.0,0.0,TARGET_HOLD,0.7647621574022783,0,32,0,0,12
10.9,-58.47328536409613,-9.347347941777587,2.7467787701653363,0.34122261715307534,0.9322685445623382,0.11357427082936933,1.0,0.0,0.0,TARGET_HOLD,0.7722522752451084,0,32,0,0,12
10.916666666666666,-58.46757255222613,-9.331818839484686,2.7486717251711426,0.3427687121997662,0.9317461375740873,0.11357730034837696,1.0,0.0,0.0,TARGET_HOLD,0.7797744997672522,0,32,0,0,12
10.933333333333334,-58.46183405832515,-9.31629851444985,2.750564720077533,0.3443096340587745,0.9312195020901123,0.11357969438343056,1.0,0.0,0.0,TARGET_HOLD,0.7873291972967675,0,32,0,0,12
10.95,-58.456069913939245,-9.300787055073457,2.752457751861736,0.34584866315462814,0.9306875625836661,0.11358190705219222,1.0,0.0,0.0,TARGET_HOLD,0.7949166946428907,0,32,0,0,12
10.966666666666667,-58.450281700070086,-9.285283936086788,2.7543508453929686,0.34729283214961665,0.9301871392000282,0.11358561187395476,1.0,0.0,0.0,TARGET_HOLD,0.8025383498253764,0,32,0,0,12
10.983333333333333,-58.44444044555511,-9.269801143188799,2.7562438530088444,0.3504752708986522,0.9289675738794682,0.11358045695255099,1.0,0.0,0.0,TARGET_HOLD,0.8101747103472194,0,32,0,0,12
11.0,-58.43857332002935,-9.254327563404976,2.75813690133587,0.35202753154570177,0.9284147870292826,0.11358289962152872,1.0,0.0,0.0,TARGET_HOLD,0.8178447713656536,0,32,0,0,12
11.016666666666667,-58.43268261318947,-9.23886236544047,2.7600299819713703,0.35344241039256896,0.9279118778703213,0.11358483813001637,1.0,0.0,0.0,TARGET_HOLD,0.8255503994560534,0,32,0,0,12
11.033333333333333,-58.4267664182393,-9.223406404695092,2.7619230785230573,0.3549716970099382,0.927357644722724,0.11358579310122463,1.0,0.0,0.0,TARGET_HOLD,0.8332906250107384,0,32,0,0,12
11.05,-58.42082465365723,-9.207959799333876,2.763816183017455,0.35650587492458147,0.926796321672937,0.11358626966384185,1.0,0.0,0.0,TARGET_HOLD,0.8410657160921227,0,32,0,0,12
11.066666666666666,-58.41485734645202,-9.192522621522217,2.765709294852842,0.3580384323125192,0.9262306686995895,0.11358671012323047,1.0,0.0,0.0,TARGET_HOLD,0.8492418596410061,0,32,0,0,12
11.083333333333334,-58.40886452291888,-9.177094941080734,2.7676024134730834,0.35956941198817016,0.9256608264889511,0.11358711721448361,1.0,0.0,0.0,TARGET_HOLD,0.8578946132085348,0,32,0,0,12
11.1,-58.40282064598026,-9.161687721848411,2.769495452059523,0.36263261631732785,0.9244331539393753,0.11358231518639167,1.0,0.0,0.0,TARGET_HOLD,0.8666360044519252,0,32,0,0,12
11.116666666666667,-58.396725891463866,-9.146301042966746,2.771388403558903,0.36568527098398523,0.923200732899807,0.11357708996280187,1.0,0.0,0.0,TARGET_HOLD,0.8762467668008462,0,32,0,0,12
11.133333333333333,-58.390607532614254,-9.130923254988023,2.7732813815650417,0.36710153097668274,0.9226672787234577,0.11357868036832312,1.0,0.0,0.0,TARGET_HOLD,0.8866328021117782,0,32,0,0,12
11.15,-58.38446570898011,-9.115554375915092,2.775174371732435,0.36850941804890164,0.9221327443757524,0.11357941004357615,1.0,0.0,0.0,TARGET_HOLD,0.8971208071015504,0,32,0,0,12
11.166666666666666,-58.3783004457865,-9.10019447056846,2.777067373139775,0.3699157916164336,0.9215943207979151,0.11358008444040091,1.0,0.0,0.0,TARGET_HOLD,0.9077124039598572,0,32,0,0,12
11.183333333333334,-58.37208331356111,-9.084856085182842,2.778960208652259,0.37302793352329616,0.9203031231370367,0.11357013074904154,1.0,0.0,0.0,TARGET_HOLD,0.9183955232446306,0,32,0,0,12
11.2,-58.36581436982797,-9.069539356666235,2.780852890837679,0.3761366239883957,0.9190037109965363,0.1135609311252094,1.0,0.0,0.0,TARGET_HOLD,0.9291716581988292,0,32,0,0,12
11.216666666666667,-58.359523574638615,-9.054231088560973,2.7827456266916513,0.37744771136164196,0.918496086315664,0.11356415123833857,1.0,0.0,0.0,TARGET_HOLD,0.9400569575255153,0,32,0,0,12
11.233333333333333,-58.35320938750871,-9.03893202027211,2.7846383865358404,0.3788512277940229,0.9179440973318058,0.1135655906513562,1.0,0.0,0.0,TARGET_HOLD,0.9510523612103983,0,32,0,0,12
11.25,-58.34686806005671,-9.023643867388415,2.786531150824669,0.3804796471202976,0.9172891730216656,0.11356585732971,1.0,0.0,0.0,TARGET_HOLD,0.9621577264740349,0,32,0,0,12
11.266666666666667,-58.340499672087574,-9.008366674575415,2.7884239147495524,0.3821032781481112,0.9166315687799832,0.11356583549301133,1.0,0.0,0.0,TARGET_HOLD,0.9733747656721503,0,32,0,0,12
11.283333333333333,-58.33407986133351,-8.99311164214324,2.7903165210295,0.3851886452439986,0.91530194593045,0.11355637679684885,1.0,0.0,0.0,TARGET_HOLD,0.9846929462070513,0,32,0,0,12
11.3,-58.32763517850244,-8.977866728235206,2.7922091247988536,0.3866809698638631,0.9146948344820753,0.11355622616122471,1.0,0.0,0.0,TARGET_HOLD,0.9961272482372152,0,32,0,0,12
11.316666666666666,-58.321167028346196,-8.96263138523828,2.794101764913453,0.388089009374888,0.9141205798155512,0.11355840687596087,1.0,0.0,0.0,TARGET_HOLD,1.00768007510739,0,32,0,0,12
11.333333333333334,-58.31467174787905,-8.947407331144815,2.795994412805101,0.3897168280286358,0.91344324560786,0.1135588734988879,1.0,0.0,0.0,TARGET_HOLD,1.0193513408126025,0,32,0,0,12
11.35,-58.308151113327945,-8.932193837063071,2.7978870678846275,0.39123807306659825,0.9128096449046801,0.11355930477159316,1.0,0.0,0.0,TARGET_HOLD,1.0311436722630178,0,32,0,0,12
11.366666666666667,-58.30160514999014,-8.916990963107287,2.799779729607496,0.39275780026822216,0.9121724373470467,0.1135597033721238,1.0,0.0,0.0,TARGET_HOLD,1.0430588338815654,0,32,0,0,12
11.383333333333333,-58.29500771275554,-8.9018110688551,2.801672242853667,0.3958462340757447,0.9107936551312283,0.11355079477023754,1.0,0.0,0.0,TARGET_HOLD,1.0545245979927993,0,32,0,0,12
11.4,-58.28838348588467,-8.886642584526957,2.8035647475949665,0.3974536122521321,0.9101090596885256,0.1135502844779802,1.0,0.0,0.0,TARGET_HOLD,1.065935019834033,0,32,0,0,12
11.416666666666666,-58.2817363740322,-8.87148378035476,2.8054572444757038,0.3988267111483684,0.909528250331867,0.1135498128442272,1.0,0.0,0.0,TARGET_HOLD,1.0773594054049065,0,32,0,0,12
11.433333333333334,-58.27506640107499,-8.856334711935057,2.8073497340913756,0.4001983774325759,0.9089441051820945,0.11354937694030397,1.0,0.0,0.0,TARGET_HOLD,1.0887978142772619,0,32,0,0,12
11.45,-58.26837300267589,-8.841195710078447,2.809242248302697,0.4016039039461166,0.9083401113967141,0.11355085267929593,1.0,0.0,0.0,TARGET_HOLD,1.1002499940570416,0,32,0,0,12
11.466666666666667,-58.26165432013487,-8.826067705886663,2.811134769022588,0.4031209524608245,0.9076802515069766,0.1135512431934418,1.0,0.0,0.0,TARGET_HOLD,1.1117150543715588,0,32,0,0,12
11.483333333333333,-58.2548840544194,-8.810963504136534,2.813027156130436,0.4062159429284468,0.9062521050077865,0.11354322647089339,1.0,0.0,0.0,TARGET_HOLD,1.1231792975115926,0,32,0,0,12
11.5,-58.24808884072585,-8.795870249893127,2.8149195464829564,0.40771282161312505,0.9055952546043397,0.11354342115122407,1.0,0.0,0.0,TARGET_HOLD,1.1339017816951453,0,32,0,0,12
11.516666666666667,-58.2412707656343,-8.78078701971471,2.8168119334132324,0.4090845054930077,0.9049938107050396,0.11354321581655387,1.0,0.0,0.0,TARGET_HOLD,1.142529489415742,0,32,0,0,12
11.533333333333333,-58.23442985251375,-8.765713866264358,2.818704317180525,0.4104547872327451,0.9043892070211764,0.1135430260375405,1.0,0.0,0.0,TARGET_HOLD,1.1510074312313971,0,32,0,0,12
11.55,-58.2275655225658,-8.750651131321431,2.820596719468114,0.411859796877201,0.9037640965755629,0.11354413725534639,1.0,0.0,0.0,TARGET_HOLD,1.1593374213363625,0,32,0,0,12
11.566666666666666,-58.22067605115952,-8.735599705317663,2.8224891245413093,0.4133682843763154,0.9030855602261809,0.11354430439172956,1.0,0.0,0.0,TARGET_HOLD,1.167520728196306,0,32,0,0,12
11.583333333333334,-58.21373528263116,-8.720572688538274,2.8243813934014437,0.4164461117015719,0.9016210067632269,0.11353613160805336,1.0,0.0,0.0,TARGET_HOLD,1.1755462670633199,0,32,0,0,12
11.6,-58.2067678823922,-8.705557814716181,2.8262736562585924,0.4180440143378184,0.9008924293256118,0.11353577142894254,1.0,0.0,0.0,TARGET_HOLD,1.1834279545700557,0,32,0,0,12
11.616666666666667,-58.1997777421992,-8.69055324654476,2.828165913567528,0.41940841157981823,0.9002740902853263,0.113535438536128,1.0,0.0,0.0,TARGET_HOLD,1.1911698647364848,0,32,0,0,12
11.633333333333333,-58.19276313620877,-8.67555989242723,2.830058151130175,0.420876359426095,0.8996012470517745,0.11353425375881107,1.0,0.0,0.0,TARGET_HOLD,1.1987732850429087,0,32,0,0,12
11.65,-58.1857240887356,-8.660577805058047,2.8319503704424642,0.4223428483900525,0.898925242151028,0.11353315873735148,1.0,0.0,0.0,TARGET_HOLD,1.2062403895329075,0,32,0,0,12
11.666666666666666,-58.178661753480924,-8.645606480461426,2.8338426068714497,0.4237401152804455,0.8982794757973429,0.11353418573914631,1.0,0.0,0.0,TARGET_HOLD,1.2135739884702168,0,32,0,0,12
11.683333333333334,-58.17154838806393,-8.630660180440549,2.835734716466051,0.42680192501931724,0.8967780012526292,0.11352657567606533,1.0,0.0,0.0,TARGET_HOLD,1.2207604344389285,0,32,0,0,12
11.7,-58.16441016275346,-8.615725523266427,2.83762682799127,0.42829351862811355,0.8960794304473885,0.11352669151313997,1.0,0.0,0.0,TARGET_HOLD,1.2278164387249286,0,32,0,0,12
11.716666666666667,-58.15724926851912,-8.60080147152656,2.8395189360684627,0.4296536540607894,0.8954431043918821,0.11352648463156549,1.0,0.0,0.0,TARGET_HOLD,1.234745523799669,0,32,0,0,12
11.733333333333333,-58.15006386469331,-8.585889015747568,2.8414110271268416,0.43112422954843527,0.8947473467395283,0.11352546350272757,1.0,0.0,0.0,TARGET_HOLD,1.2415489084159002,0,32,0,0,12
11.75,-58.142853975903996,-8.570988207684591,2.8433031024557107,0.4325933273585172,0.8940484837786127,0.11352451973213495,1.0,0.0,0.0,TARGET_HOLD,1.2482288878826622,0,32,0,0,12
11.766666666666667,-58.135620946294885,-8.556098428713918,2.8451951926467047,0.43398177654646075,0.8933867382403766,0.11352541145964468,1.0,0.0,0.0,TARGET_HOLD,1.2547885902398304,0,32,0,0,12
11.783333333333333,-58.12833719479604,-8.541234257157754,2.8470871544489924,0.43702508993098704,0.8918502933699529,0.11351770813727687,1.0,0.0,0.0,TARGET_HOLD,1.2612127735571885,0,32,0,0,12
11.8,-58.12102872190884,-8.526382020498191,2.8489791170850998,0.43850837323180836,0.8911341995737401,0.1135177581664442,1.0,0.0,0.0,TARGET_HOLD,1.267519923652112,0,32,0,0,12
11.816666666666666,-58.11369770646525,-8.511540655605401,2.850871075188414,0.4398609266153181,0.8904818935675219,0.11351748619884752,1.0,0.0,0.0,TARGET_HOLD,1.2737138165043809,0,32,0,0,15
11.833333333333334,-58.106342320070105,-8.496711172784826,2.8527630152407073,0.44132318370869017,0.8897689692345251,0.11351640313760708,1.0,0.0,0.0,TARGET_HOLD,1.2797956786095321,0,32,0,0,15
11.85,-58.09896248393458,-8.481893676365912,2.8546549318719254,0.4427901681318019,0.889049785134922,0.1135149978730896,1.0,0.0,0.0,TARGET_HOLD,1.2857678587010841,0,32,0,0,15
11.866666666666667,-58.091558222819316,-8.467088216611389,2.8565468268563925,0.44425566691550605,0.8883275852713624,0.11351369906800525,1.0,0.0,0.0,TARGET_HOLD,1.2916327907183893,0,32,0,0,15
11.883333333333333,-58.08412956120315,-8.452294842973046,2.858438701834013,0.4457196969699567,0.8876024183006523,0.11351249865724548,1.0,0.0,0.0,TARGET_HOLD,1.2973929276647767,0,32,0,0,15
11.9,-58.07665211222201,-8.437526870369043,2.8603304717371576,0.44864693886848717,0.8860783562401989,0.11350619418866321,1.0,0.0,0.0,TARGET_HOLD,1.3030334574859195,0,32,0,0,15
11.916666666666666,-58.0691501618948,-8.422771142485159,2.86222224618608,0.4501170196328286,0.8853436730330487,0.11350646693534079,1.0,0.0,0.0,TARGET_HOLD,1.3085736693600774,0,32,0,0,16
11.933333333333334,-58.06162564953581,-8.408026686277942,2.864114017053482,0.4514707415388159,0.8846673724329172,0.11350625204411591,1.0,0.0,0.0,TARGET_HOLD,1.3140174521547234,0,32,0,0,16
11.95,-58.05407687290361,-8.393294474656964,2.8660057722799386,0.452926597932275,0.8839326972588133,0.11350531358739886,1.0,0.0,0.0,TARGET_HOLD,1.3107033560684476,0,32,0,0,16
11.966666666666667,-58.04650385715672,-8.378574557245086,2.8678975130503703,0.4543809448130786,0.8831950447125669,0.11350444622588765,1.0,0.0,0.0,TARGET_HOLD,1.2969807559024542,0,32,0,0,16
11.983333333333333,-58.03888131312092,-8.363881066970244,2.869789075849442,0.4573526421484225,0.881609416490629,0.11349376794431734,1.0,0.0,0.0,TARGET_HOLD,1.283230858996417,0,32,0,0,16
12.0,-58.03120930466617,-8.349214121456066,2.8716804741598336,0.46032050728498536,0.88001673085056,0.11348389862347205,1.0,0.0,0.0,TARGET_HOLD,1.2694506257754081,0,32,0,0,16
12.016666666666667,-58.02351473524065,-8.334558698219604,2.8735719035906166,0.4616741655311683,0.8793253941876572,0.11348576584697101,1.0,0.0,0.0,TARGET_HOLD,1.2556375981573873,0,32,0,0,16
12.033333333333333,-58.01579774980422,-8.319914782381776,2.8754633441374255,0.46301912618575314,0.8786349502697073,0.1134864328085388,1.0,0.0,0.0,TARGET_HOLD,1.2417888473349936,0,32,0,0,16
12.05,-58.00805482695296,-8.305284391144854,2.87735477302972,0.4645753710757971,0.8778234742152433,0.11348573353767889,1.0,0.0,0.0,TARGET_HOLD,1.2279013097527036,0,32,0,0,16
12.066666666666666,-58.000285996050735,-8.29066758057059,2.8792461911504184,0.4661298541334788,0.8770086344559322,0.11348508724188412,1.0,0.0,0.0,TARGET_HOLD,1.2139720108776855,0,32,0,0,16
12.083333333333334,-57.992467994137634,-8.276077801102955,2.881137446435964,0.46908011478610495,0.875386768057971,0.11347531713273455,1.0,0.0,0.0,TARGET_HOLD,1.2010228113696972,0,32,0,0,16
12.1,-57.98462617969696,-8.261500541344187,2.8830286902435525,0.47050886644060014,0.8746355855261065,0.11347462845530977,1.0,0.0,0.0,TARGET_HOLD,1.1880940237633029,0,32,0,0,16
12.116666666666667,-57.97676058149575,-8.246935855571516,2.8849199234427263,0.4719358920724667,0.873881146360227,0.11347399195041716,1.0,0.0,0.0,TARGET_HOLD,1.1751463902677541,0,32,0,0,16
12.133333333333333,-57.96887436927765,-8.232382022724485,2.8868111814719053,0.4731727330860676,0.8732299708219329,0.11347548175074033,1.0,0.0,0.0,TARGET_HOLD,1.1621788304185612,0,32,0,0,16
12.15,-57.9609640439713,-8.217841088493014,2.888702437510644,0.4746195183807265,0.8724560538881969,0.11347536232430823,1.0,0.0,0.0,TARGET_HOLD,1.1491909087268062,0,32,0,0,16
12.166666666666666,-57.953027920802974,-8.203314085200452,2.8905936839465203,0.476167390099597,0.8716201975538067,0.11347478615258833,1.0,0.0,0.0,TARGET_HOLD,1.1361820019273103,0,32,0,0,16
12.183333333333334,-57.94504270185497,-8.188814845494894,2.892484775117167,0.47911313687986234,0.8699543823334474,0.11346547023880788,1.0,0.0,0.0,TARGET_HOLD,1.1231538483918297,0,32,0,0,16
12.2,-57.93703376280202,-8.174328451021232,2.894375857484809,0.4805363431774797,0.8691836684197539,0.11346494205852216,1.0,0.0,0.0,TARGET_HOLD,1.110102783439694,0,32,0,0,16
12.216666666666667,-57.92900113242014,-8.159854954546784,2.8962669317163408,0.4819578229123722,0.8684097884668633,0.11346445389189445,1.0,0.0,0.0,TARGET_HOLD,1.0970280120345999,0,32,0,0,16
12.233333333333333,-57.9209480453616,-8.14539254709623,2.8981580274025873,0.48318522351258103,0.8677444470332064,0.11346574117479692,1.0,0.0,0.0,TARGET_HOLD,1.0839284357783965,0,32,0,0,16
12.25,-57.91287100755826,-8.130943324061581,2.900049119106559,0.4846222682003043,0.8669533820789392,0.11346550223828623,1.0,0.0,0.0,TARGET_HOLD,1.0708036000116379,0,32,0,0,16
12.266666666666667,-57.90476986045302,-8.116507443719994,2.9019401996902663,0.48606882631395903,0.866152820495182,0.11346483502243312,1.0,0.0,0.0,TARGET_HOLD,1.0576527145040158,0,32,0,0,16
12.283333333333333,-57.89661994563073,-8.102099896716478,2.9038311233880796,0.48899488933729096,0.8644528202110885,0.11345542186880773,1.0,0.0,0.0,TARGET_HOLD,1.044477611270164,0,32,0,0,16
12.3,-57.888446351350815,-8.087705544290602,2.905722036866012,0.4904156567949734,0.8636611455525462,0.1134548086759439,1.0,0.0,0.0,TARGET_HOLD,1.0312746744847443,0,32,0,0,16
12.316666666666666,-57.88025104196919,-8.073323284561075,2.9076129336376693,0.4917185628977678,0.8629355837716092,0.1134538062994529,1.0,0.0,0.0,TARGET_HOLD,1.0180429042345123,0,32,0,0,16
12.333333333333334,-57.87203404412493,-8.058953164961725,2.9095038149686787,0.49301987065562314,0.8622071759609348,0.11345287986057484,1.0,0.0,0.0,TARGET_HOLD,1.0047814988483341,0,32,0,0,16
12.35,-57.86379470474426,-8.044595642542498,2.9113947127098685,0.49436036284053314,0.8614513451536704,0.11345386447139014,1.0,0.0,0.0,TARGET_HOLD,0.9914897323676954,0,32,0,0,16
12.366666666666667,-57.85553139682356,-8.03025175716524,2.9132856100589333,0.49579847524181075,0.8606331226354211,0.11345384094388902,1.0,0.0,0.0,TARGET_HOLD,0.9781669449916102,0,32,0,0,16
12.383333333333333,-57.8474334065431,-8.016194838860393,2.9151386776804022,0.485879416827506,0.8434150982908671,0.11118405728813893,1.0,0.0,0.0,TARGET_HOLD,0.9650781844354277,0,32,0,0,16
12.4,-57.83929923153339,-8.002129694272892,2.916994597942296,0.4880505005825575,0.8439086752499976,0.11135521571362558,1.0,0.0,0.0,TARGET_HOLD,0.9519378405798349,0,32,0,0,16
12.416666666666666,-57.83112808621495,-7.988059088797818,2.9188531483453968,0.49026871910630315,0.8442363285044726,0.11151302418604228,1.0,0.0,0.0,TARGET_HOLD,0.938896702297513,0,32,0,0,16
12.433333333333334,-57.82292264083519,-7.973983515761069,2.9207141296365826,0.49232672278600653,0.844534382204909,0.1116588774711547,1.0,0.0,0.0,TARGET_HOLD,0.9257946860972082,0,32,0,0,16
12.45,-57.81468370911914,-7.959904442347985,2.9225773576576652,0.4943359029629965,0.8447444047850913,0.1117936812649707,1.0,0.0,0.0,TARGET_HOLD,0.9126028482899804,0,32,0,0,16
12.466666666666667,-57.806413693254335,-7.945822219263967,2.924442685032686,0.49620095188811386,0.8449333850410226,0.11191964250124166,1.0,0.0,0.0,TARGET_HOLD,0.8993218688289286,0,32,0,0,16
12.483333333333333,-57.798086633637745,-7.931754932827685,2.926309809285136,0.4996235769954864,0.8440371861769692,0.11202745514700423,1.0,0.0,0.0,TARGET_HOLD,0.8859550883723626,0,32,0,0,16
12.5,-57.78972793315397,-7.91768806491431,2.9281787149932503,0.5015220290263539,0.8440120748024422,0.11213434248683905,1.0,0.0,0.0,TARGET_HOLD,0.8725006852010342,0,32,0,0,16
12.516666666666667,-57.781336729658136,-7.9036236149156505,2.9300492475568256,0.5034722097498303,0.843866999919578,0.11223195381450451,1.0,0.0,0.0,TARGET_HOLD,0.8589594163007312,0,32,0,0,16
12.533333333333333,-57.77291364936385,-7.889562550604501,2.9319212768642595,0.5053848176571598,0.8436638586690128,0.11232175844604908,1.0,0.0,0.0,TARGET_HOLD,0.8453318484287728,0,32,0,0,16
12.55,-57.76445928261295,-7.875505763382091,2.9337946813082394,0.5072620050542281,0.8434072333445517,0.11240426663877903,1.0,0.0,0.0,TARGET_HOLD,0.8316184982212564,0,32,0,0,16
12.566666666666666,-57.755974122532905,-7.861454115861306,2.9356693567117533,0.5091096048025817,0.8430988512471893,0.11248052421084762,1.0,0.0,0.0,TARGET_HOLD,0.8178198457065253,0,32,0,0,16
12.583333333333334,-57.747458628308536,-7.847408407792213,2.9375452067899888,0.5109296534622,0.8427424841455291,0.11255100469412313,1.0,0.0,0.0,TARGET_HOLD,0.803936328020038,0,32,0,0,16
12.6,-57.738891734831846,-7.833383402435968,2.9394220648220393,0.51401360860148,0.8415003213747922,0.11261148192304382,1.0,0.0,0.0,TARGET_HOLD,0.7899706371822224,0,32,0,0,16
12.616666666666667,-57.73049121150508,-7.819644757063083,2.9412611069281804,0.5040313996057704,0.824318722373029,0.1103425263684732,1.0,0.0,0.0,TARGET_HOLD,0.7762109360416896,0,32,0,0,16
12.633333333333333,-57.72225643529564,-7.806192832462302,2.943062331008771,0.4940865725666134,0.8071154760468954,0.10807344483543388,1.0,0.0,0.0,TARGET_HOLD,0.7626617735235126,0,32,0,0,16
12.65,-57.71418724711674,-7.793027720606163,2.9448257375700937,0.4841512907342,0.7899067113683456,0.10580439367936617,1.0,0.0,0.0,TARGET_HOLD,0.7493275913499731,0,32,0,0,16
12.666666666666666,-57.70628346441673,-7.780149526966857,2.946551327792172,0.47422696200078146,0.7726916183583978,0.10353541332470323,1.0,0.0,0.0,TARGET_HOLD,0.7362127478408507,0,32,0,0,16
12.683333333333334,-57.698536970954265,-7.7675627841279615,2.9482391339197074,0.4647896077476255,0.7552045703336778,0.10126836765211157,1.0,0.0,0.0,TARGET_HOLD,0.7233217401396015,0,32,0,0,16
12.7,-57.690947308575794,-7.75526773966451,2.9498891620116945,0.45537974270824866,0.7377026678071187,0.0990016855192377,1.0,0.0,0.0,TARGET_HOLD,0.7106587266833084,0,32,0,0,16
12.716666666666667,-57.68352382810869,-7.743259165528436,2.9515013822344427,0.4454088280261114,0.720514448164396,0.09673321336487878,1.0,0.0,0.0,TARGET_HOLD,0.6982275242896785,0,32,0,0,16
12.733333333333333,-57.676255949171114,-7.731542951245959,2.9530758534025594,0.43607273625442333,0.7029728569487002,0.09446827008700329,1.0,0.0,0.0,TARGET_HOLD,0.6860324001234037,0,32,0,0,16
12.75,-57.669153021290114,-7.72011391845022,2.954612521743808,0.4261756728599281,0.685741967744244,0.09220010047492862,1.0,0.0,0.0,TARGET_HOLD,0.6740770511004217,0,32,0,0,16
12.766666666666667,-57.66221466790701,-7.708972283472872,2.9561113900885028,0.41630120298643786,0.6684980986408406,0.08993210068166009,1.0,0.0,0.0,TARGET_HOLD,0.662365327190755,0,32,0,0,16
12.783333333333333,-57.65543072422061,-7.698123640820263,2.9575725191391045,0.4070366211840615,0.6509185591565418,0.08766774303609941,1.0,0.0,0.0,TARGET_HOLD,0.650901136949223,0,32,0,0,16
12.8,-57.64881196696858,-7.687562044314527,2.958995845245706,0.397125435121556,0.6336957903441756,0.08539956639610398,1.0,0.0,0.0,TARGET_HOLD,0.6396879373985285,0,32,0,0,16
12.816666666666666,-57.64235790829243,-7.677287774657307,2.960381372247336,0.38724352056878913,0.6164561794332613,0.08313162009778663,1.0,0.0,0.0,TARGET_HOLD,0.6287293198974508,0,32,0,0,16
12.833333333333334,-57.63606666972353,-7.66729585535658,2.9617297043065296,0.37747431413412286,0.5995151580435719,0.08089992355160662,1.0,0.0,0.0,TARGET_HOLD,0.6180239668796441,0,32,0,0,16
12.85,-57.62993893156897,-7.657588562211871,2.9630405783513796,0.36766428927361006,0.5824375886825837,0.07865244269101322,1.0,0.0,0.0,TARGET_HOLD,0.6075773496877472,0,32,0,0,16
12.866666666666667,-57.623961760655156,-7.6481446955464785,2.9643168321102458,0.3586302548288108,0.5666319999235317,0.0765752255319797,1.0,0.0,0.0,TARGET_HOLD,0.5973700028954685,0,32,0,0,19
12.883333333333333,-57.61811680023318,-7.6389574955909625,2.9655602287576066,0.35069762531858784,0.5512319973309852,0.07460379884165994,1.0,0.0,0.0,TARGET_HOLD,0.5873913958862595,0,32,0,0,19
12.9,-57.61240681335577,-7.630005371327304,2.9667726947632094,0.34259921264470217,0.5371274558194731,0.0727479603361749,1.0,0.0,0.0,TARGET_HOLD,0.5776278944609494,0,32,0,0,19
12.916666666666666,-57.60682487473717,-7.621275419309561,2.967955896552731,0.33491631711604963,0.5237971210645816,0.07099210737131133,1.0,0.0,0.0,TARGET_HOLD,0.5680684408620404,0,32,0,0,20
12.933333333333334,-57.601360777056186,-7.612751147082289,2.969112051112239,0.32784586085902756,0.5114563336363304,0.06936927357045239,1.0,0.0,0.0,TARGET_HOLD,0.5586973587729251,0,32,0,0,20
12.95,-57.59600825861105,-7.604422365665145,2.970242535921872,0.3211511067083201,0.4997268850286758,0.06782908857799777,1.0,0.0,0.0,TARGET_HOLD,0.5506466364653317,0,32,0,0,20
12.966666666666667,-57.590469398672894,-7.595847417420473,2.971408162762582,0.3323315962891725,0.5144968946802433,0.06993761044258912,1.0,0.0,0.0,TARGET_HOLD,0.5427506281282952,0,32,0,0,20
12.983333333333333,-57.58475529758177,-7.587087564807984,2.9726023582552528,0.34284606546749485,0.5255911567494241,0.07165172956024292,1.0,0.0,0.0,TARGET_HOLD,0.5346529396154505,0,32,0,0,20
13.0,-57.578903863300944,-7.5781562642678075,2.9738215033699893,0.3510860568496679,0.5358780324105492,0.07314870688417786,1.0,0.0,0.0,TARGET_HOLD,0.5263665448728836,0,32,0,0,20
13.016666666666667,-57.572933462432935,-7.569077745800277,2.9750621287749146,0.3582240520804389,0.5447111080518448,0.07443752429551743,1.0,0.0,0.0,TARGET_HOLD,0.5179127655280131,0,32,0,0,20
13.033333333333333,-57.566851680528266,-7.559864138053774,2.9763226071753177,0.3649069142802756,0.5528164647901757,0.07562870402417964,1.0,0.0,0.0,TARGET_HOLD,0.509301413650621,0,32,0,0,20
13.05,-57.56095234420823,-7.5509269266132035,2.9775452728553224,0.3539601792019771,0.5362326864342205,0.07335994080027464,1.0,0.0,0.0,TARGET_HOLD,0.5009212897928224,0,32,0,0,20
13.066666666666666,-57.55523545347284,-7.5422661114785665,2.9787301258149284,0.34301344412367973,0.5196489080782671,0.07109117757636987,1.0,0.0,0.0,NO_REGULAR_FIELD,0.4927748486765743,0,32,0,0,20
13.083333333333334,-57.54970100832208,-7.533881692649861,2.9798771660541363,0.3320667090453812,0.5030651297223121,0.06882241435246488,1.0,0.0,0.0,NO_REGULAR_FIELD,0.48486447242308695,0,32,0,0,20
13.1,-57.544349008755965,-7.525773670127089,2.9809863935729455,0.32111997396708386,0.4864813513663588,0.06655365112856011,1.0,0.0,0.0,NO_REGULAR_FIELD,0.47719247024041456,0,32,0,0,20
13.116666666666667,-57.539179454774484,-7.5179420439102485,2.9820578083713563,0.31017323888878534,0.4698975730104037,0.06428488790465511,1.0,0.0,0.0,NO_REGULAR_FIELD,0.4697610781210432,0,32,0,0,20
13.133333333333333,-57.534192346377644,-7.510386813999341,2.9830914104493687,0.299226503810488,0.4533137946544504,0.06201612468075036,1.0,0.0,0.0,NO_REGULAR_FIELD,0.4625724585494043,0,32,0,0,20
13.15,-57.52938768356544,-7.503107980394366,2.9840871998069827,0.28827976873218947,0.4367300162984953,0.05974736145684536,1.0,0.0,0.0,NO_REGULAR_FIELD,0.4556287002193792,0,32,0,0,20
13.166666666666666,-57.524765466337875,-7.496105543095323,2.9850451764441983,0.2773330336538921,0.42014623794254197,0.0574785982329406,1.0,0.0,0.0,NO_REGULAR_FIELD,0.4489318177617736,0,32,0,0,20
13.183333333333334,-57.52032569469495,-7.489379502102214,2.9859653403610156,0.2663862985755936,0.4035624595865869,0.055209835009035604,1.0,0.0,0.0,NO_REGULAR_FIELD,0.44248375148178354,0,32,0,0,20
13.2,-57.51606836863666,-7.482929857415037,2.9868476915574345,0.25543956349729624,0.38697868123063356,0.05294107178513084,1.0,0.0,0.0,NO_REGULAR_FIELD,0.43628636710638813,0,32,0,0,20
13.216666666666667,-57.51199348816301,-7.476756609033792,2.987692230033455,0.24449282841899772,0.37039490287467847,0.05067230856122584,1.0,0.0,0.0,NO_REGULAR_FIELD,0.4303414555417342,0,32,0,0,20
13.233333333333333,-57.508101053274,-7.470859756958481,2.988498955789077,0.23354609334070037,0.35381112451872515,0.04840354533732109,1.0,0.0,0.0,NO_REGULAR_FIELD,0.42465073264050135,0,32,0,0,20
13.25,-57.50439106396962,-7.465239301189101,2.989267868824301,0.22259935826240185,0.33722734616277006,0.04613478211341609,1.0,0.0,0.0,NO_REGULAR_FIELD,0.4192158389792068,0,32,0,0,20
13.266666666666667,-57.50086352024989,-7.459895241725653,2.989998969139126,0.21165262318410333,0.32064356780681497,0.04386601888951109,1.0,0.0,0.0,NO_REGULAR_FIELD,0.4140383396455365,0,32,0,0,20
13.283333333333333,-57.49751842211479,-7.454827578568139,2.9906922567335528,0.20070588810580597,0.30405978945086165,0.041597255665606334,1.0,0.0,0.0,NO_REGULAR_FIELD,0.4091197240355723,0,32,0,0,20
13.3,-57.49435576956433,-7.450036311716557,2.991347731607581,0.18975915302750745,0.28747601109490656,0.039328492441701335,1.0,0.0,0.0,NO_REGULAR_FIELD,0.4044614056610438,0,32,0,0,20
13.316666666666666,-57.491375562598506,-7.445521441170908,2.9919653937612107,0.1788124179492101,0.27089223273895324,0.03705972921779658,1.0,0.0,0.0,NO_REGULAR_FIELD,0.4000647219665149,0,32,0,0,20
13.333333333333334,-57.488577801217325,-7.441282966931191,2.992545243194442,0.16786568287091158,0.25430845438299815,0.03479096599389158,1.0,0.0,0.0,NO_REGULAR_FIELD,0.39593093415659364,0,32,0,0,20
13.35,-57.48596248542078,-7.437320888997408,2.993087279907275,0.15691894779261423,0.23772467602704483,0.032522202769986824,1.0,0.0,0.0,NO_REGULAR_FIELD,0.39206122703303925,0,32,0,0,20
13.366666666666667,-57.48352961520887,-7.433635207369556,2.99359150389971,0.1459722127143157,0.22114089767108974,0.030253439546081822,1.0,0.0,0.0,NO_REGULAR_FIELD,0.3884567088418934,0,32,0,0,20
13.383333333333333,-57.4812791905816,-7.430225922047637,2.994057915171746,0.13502547763601835,0.20455711931513643,0.027984676322177063,1.0,0.0,0.0,NO_REGULAR_FIELD,0.38511841113055634,0,32,0,0,20
13.4,-57.479211211538974,-7.427093033031651,2.994486513723384,0.12407874255771983,0.18797334095918133,0.02571591309827206,1.0,0.0,0.0,NO_REGULAR_FIELD,0.38204728861483794,0,32,0,0,20
13.416666666666666,-57.47732567808099,-7.424236540321598,2.9948772995546236,0.11313200747942248,0.17138956260322802,0.0234471498743673,1.0,0.0,0.0,NO_REGULAR_FIELD,0.37924421905600314,0,32,0,0,20
13.433333333333334,-57.475622590207635,-7.421656443917477,2.9952302726654647,0.10218527240112396,0.15480578424727293,0.0211783866504623,1.0,0.0,0.0,NO_REGULAR_FIELD,0.37671000314773984,0,32,0,0,20
13.45,-57.474101947918925,-7.419352743819288,2.9955454330559075,0.09123853732282661,0.1382220058913196,0.01890962342655754,1.0,0.0,0.0,NO_REGULAR_FIELD,0.37444536441313336,0,32,0,0,20
13.466666666666667,-57.47276375121485,-7.417325440027032,2.995822780725952,0.08029180224452809,0.12163822753536452,0.016640860202652537,1.0,0.0,0.0,NO_REGULAR_FIELD,0.3724509491115847,0,32,0,0,20
13.483333333333333,-57.471608000095415,-7.415574532540708,2.9960623156755974,0.06934506716623073,0.10505444917941119,0.014372096978747778,1.0,0.0,0.0,NO_REGULAR_FIELD,0.37072732615574766,0,32,0,0,20
13.5,-57.470634694560616,-7.4141000213603165,2.9962640379048446,0.058398332087932214,0.0884706708234561,0.012103333754842778,1.0,0.0,0.0,NO_REGULAR_FIELD,0.3692749870383699,0,32,0,0,20
13.516666666666667,-57.46984383461046,-7.412901906485859,2.9964279474136934,0.047451597009633695,0.071886892467501,0.009834570530937777,1.0,0.0,0.0,NO_REGULAR_FIELD,0.3680943457691481,0,32,0,0,20
13.533333333333333,-57.469235420244935,-7.411980187917333,2.996554044202144,0.03650486193133634,0.055303114111547674,0.007565807307033018,1.0,0.0,0.0,NO_REGULAR_FIELD,0.36718573882153627,0,32,0,0,20
13.55,-57.468809451464054,-7.41133486565474,2.996642328270196,0.02555812685303782,0.03871933575559258,0.005297044083128017,1.0,0.0,0.0,NO_REGULAR_FIELD,0.36654942508951327,0,32,0,0,20
13.566666666666666,-57.46856592826781,-7.410965939698079,2.9966927996178496,0.014611391774740471,0.022135557399639252,0.0030282808592232576,1.0,0.0,0.0,NO_REGULAR_FIELD,0.3661855858544112,0,32,0,0,20
13.583333333333334,-57.4685048506562,-7.410873410047351,2.996705458245105,0.0036646566964419532,0.005551779043684157,0.0007595176353182563,1.0,0.0,0.0,NO_REGULAR_FIELD,0.36609432476150294,0,32,0,0,20
13.6,-57.4685048506562,-7.410873410047351,2.996705458245105,0.0,0.0,0.0,1.0,0.0,0.0,NO_REGULAR_FIELD,0.36609432476150294,0,32,0,0,20
13.616666666666667,-57.4685048506562,-7.410873410047351,2.996705458245105,0.0,0.0,0.0,1.0,0.0,0.0,NO_REGULAR_FIELD,0.36609432476150294,0,32,0,0,20
13.633333333333333,-57.4685048506562,-7.410873410047351,2.996705458245105,0.0,0.0,0.0,1.0,0.0,0.0,NO_REGULAR_FIELD,0.36609432476150294,0,32,0,0,20
13.65,-57.46817213049946,-7.4108907392221814,2.9967158557500033,0.019963209404546385,-0.0010397504898201223,0.0006238502938920745,1.0,0.0,0.0,NO_REGULAR_FIELD,0.3660438167682676,0,32,0,0,20
13.666666666666666,-57.46750688439948,-7.410930689270871,2.9967313428763127,0.03991476599923363,-0.0023970029213715733,0.0009292275785645595,1.0,0.0,0.0,TARGET_HOLD,0.3659469693135887,0,32,0,0,20
13.683333333333334,-57.46651020543971,-7.41100618177978,2.9967465073729427,0.05980073758610584,-0.004529550534550371,0.0009098697977899099,1.0,0.0,0.0,TARGET_HOLD,0.3658147445901616,0,32,0,0,20
13.7,-57.465182093620164,-7.4111172167489086,2.996761349239893,0.07968670917297592,-0.006662098147728992,0.0008905120170152623,1.0,0.0,0.0,TARGET_HOLD,0.3656471747203719,0,32,0,0,20
13.716666666666667,-57.463522150549885,-7.411259621290007,2.9967800746756628,0.09959658421657143,-0.008544272465917673,0.0011235261462081516,1.0,0.0,0.0,TARGET_HOLD,0.3654409727614032,0,32,0,0,20
13.733333333333333,-57.461530784667026,-7.4114376608879695,2.99679838401798,0.11948195297148105,-0.010682375877747334,0.001098560539046993,1.0,0.0,0.0,TARGET_HOLD,0.3651995985112588,0,32,0,0,20
13.75,-57.45920898105428,-7.411659539334846,2.9968162773043714,0.13930821676484112,-0.013312706812633099,0.0010735971834694533,1.0,0.0,0.0,TARGET_HOLD,0.36493043838522154,0,32,0,0,20
13.766666666666667,-57.457218989309936,-7.4118497088544,2.9968316134387463,0.11939950466069925,-0.011410171173210202,0.0009201680625038814,1.0,0.0,0.0,TARGET_HOLD,0.36469988928506836,0,32,0,0,20
13.783333333333333,-57.4548997905807,-7.41209204820996,2.9968504396188806,0.13915192375432317,-0.01454036133356022,0.0011295708080543672,1.0,0.0,0.0,TARGET_HOLD,0.36444944644154686,0,32,0,0,20
13.8,-57.452250530451735,-7.412380888638919,2.9968721352412917,0.15895560773749443,-0.017330425737547367,0.0013017373446677157,1.0,0.0,0.0,TARGET_HOLD,0.3641740637533841,0,32,0,0,20
13.816666666666666,-57.44927120892306,-7.412716230141277,2.99689670030598,0.17875929172066357,-0.020120490141534268,0.001473903881281046,1.0,0.0,0.0,TARGET_HOLD,0.36387385725898036,0,32,0,0,20
13.833333333333334,-57.44596221345842,-7.41310073727255,2.9969242566903613,0.19853972787824298,-0.023070427876358324,0.0016533830628773047,1.0,0.0,0.0,TARGET_HOLD,0.363551366572353,0,32,0,0,20
13.85,-57.44232375353465,-7.413535793474632,2.9969548251701075,0.21830759542632164,-0.026103372124943132,0.001834108784757822,1.0,0.0,0.0,TARGET_HOLD,0.36320799410248716,0,32,0,0,23
13.866666666666667,-57.43835737089405,-7.414030588570611,2.9969884048715727,0.23798295843591297,-0.029687705758740905,0.002014782087906258,1.0,0.0,0.0,TARGET_HOLD,0.36285223196780525,0,32,0,0,23
13.883333333333333,-57.43406491335118,-7.414594501034412,2.997024994337529,0.25754745257246253,-0.03383474782804999,0.0021953679573776387,1.0,0.0,0.0,TARGET_HOLD,0.36249284269987714,0,32,0,0,23
13.9,-57.43010293757308,-7.4151149971605195,2.997058766733972,0.23771854668569634,-0.03122976756641798,0.002026343786573948,1.0,0.0,0.0,TARGET_HOLD,0.3621618838738532,0,32,0,0,23
13.916666666666666,-57.425812752463514,-7.415693648456512,2.9970953179897446,0.25741110657422367,-0.03471907775952052,0.0021930753463621543,1.0,0.0,0.0,TARGET_HOLD,0.361817472452033,0,32,0,0,23
13.933333333333334,-57.42119474898394,-7.416332619013719,2.9971346646216013,0.27708020877427925,-0.0383382334324625,0.002360797911391487,1.0,0.0,0.0,TARGET_HOLD,0.3614618139562581,0,32,0,0,24
13.95,-57.41624892713437,-7.417031908832143,2.9971768066295414,0.2967493109743327,-0.04195738910540416,0.0025285204764208015,1.0,0.0,0.0,TARGET_HOLD,0.3610951674172076,0,32,0,0,24
13.966666666666667,-57.410977323412986,-7.417801693170193,2.997221742525979,0.3162962232829924,-0.04618706028305365,0.0026961537862642865,1.0,0.0,0.0,TARGET_HOLD,0.3607271363850443,0,32,0,0,24
13.983333333333333,-57.40537980143538,-7.418641339885105,2.997269444226479,0.33585131865627404,-0.05037880289469096,0.002862102029991592,1.0,0.0,0.0,TARGET_HOLD,0.36035746677873404,0,32,0,0,24
14.0,-57.39945884280245,-7.4195615608199095,2.9973199092933767,0.3552575179755954,-0.055213256088274584,0.0030279040138751216,1.0,0.0,0.0,TARGET_HOLD,0.35999641442772545,0,32,0,0,24
14.016666666666667,-57.39386725154546,-7.420430592281291,2.9973675671211617,0.3354954754194878,-0.05214188768291208,0.0028594696670976396,1.0,0.0,0.0,TARGET_HOLD,0.35965721688992713,0,32,0,0,24
14.033333333333333,-57.38794949134074,-7.421368304463421,2.997418033373397,0.3550656122830577,-0.05626273092776848,0.0030279751341279297,1.0,0.0,0.0,TARGET_HOLD,0.35931595051718934,0,32,0,0,24
14.05,-57.38170599330827,-7.422376713939645,2.997471305207925,0.37460988194801487,-0.06050456857344444,0.003196310071682202,1.0,0.0,0.0,TARGET_HOLD,0.358974856433218,0,32,0,0,24
14.066666666666666,-57.375139439932084,-7.423467211780536,2.9975273799679654,0.39399320257121767,-0.06542987045342441,0.0033644856024253717,1.0,0.0,0.0,TARGET_HOLD,0.3586449299649612,0,32,0,0,24
14.083333333333334,-57.368249431044106,-7.4246382067726495,2.99758625680734,0.413400533278632,-0.07025969952681278,0.003532610362480062,1.0,0.0,0.0,TARGET_HOLD,0.35832515827659694,0,32,0,0,24
14.1,-57.361034492177,-7.42588352370454,2.997647938827733,0.43289633202651073,-0.07471901591345777,0.003700921223584207,1.0,0.0,0.0,TARGET_HOLD,0.3580102790163926,0,32,0,0,24
14.116666666666667,-57.353497754541856,-7.427215724551125,2.9977124225210843,0.45220425810845377,-0.07993205079511313,0.0038690216010599733,1.0,0.0,0.0,TARGET_HOLD,0.35771254655150597,0,32,0,0,24
14.133333333333333,-57.34628925011926,-7.428489906585751,2.9977740978786738,0.4325102653555124,-0.07645092207759195,0.003700521455371442,1.0,0.0,0.0,TARGET_HOLD,0.35743110533984235,0,32,0,0,24
14.15,-57.3387570527161,-7.42984362543709,2.9978385768458056,0.4519318441898665,-0.08122313108032123,0.003868738027914381,1.0,0.0,0.0,TARGET_HOLD,0.35716035269401825,0,32,0,0,24
14.166666666666666,-57.33090514480502,-7.431291622972757,2.9979058543703867,0.47111447466452133,-0.0868798521400106,0.004036651474859961,1.0,0.0,0.0,TARGET_HOLD,0.35691475046083,0,32,0,0,24
14.183333333333334,-57.32273288372039,-7.432831691895537,2.997975927423425,0.49033566507783,-0.0924041353667913,0.004204383182301103,1.0,0.0,0.0,TARGET_HOLD,0.35669284189843076,0,32,0,0,24
14.2,-57.31423748951989,-7.434453542502561,2.9980488034503674,0.5097236520299134,-0.09731103642143407,0.004372561616539786,1.0,0.0,0.0,TARGET_HOLD,0.356485550094774,0,32,0,0,24
14.216666666666667,-57.30542299028233,-7.436171701260314,2.9981244770724387,0.5288699542533838,-0.10308952546520295,0.004540417324271155,1.0,0.0,0.0,TARGET_HOLD,0.3563073123549456,0,32,0,0,24
14.233333333333333,-57.29628012491893,-7.437947121871326,2.998202957591469,0.5485719218040391,-0.10652523666071145,0.0047088311418052795,1.0,0.0,0.0,TARGET_HOLD,0.3561220488105665,0,32,0,0,24
14.25,-57.28680952269404,-7.439783302481058,2.998284245830366,0.5682361334931137,-0.11017083658393903,0.0048772943338226725,1.0,0.0,0.0,TARGET_HOLD,0.35593361309983595,0,32,0,0,24
14.266666666666667,-57.27701531049929,-7.441699356882899,2.9983683404632027,0.5876527316852309,-0.1149632641104549,0.005045677970220209,1.0,0.0,0.0,TARGET_HOLD,0.3557606390467347,0,32,0,0,24
14.283333333333333,-57.266890527730645,-7.443658147265445,2.998455235585992,0.6074869661184771,-0.11752742295278269,0.005213707367352919,1.0,0.0,0.0,TARGET_HOLD,0.3555690228716786,0,32,0,0,24
14.3,-57.25643834303886,-7.4456794772810335,2.998544938934609,0.6271310815070683,-0.12127980093527141,0.005382200917040687,1.0,0.0,0.0,TARGET_HOLD,0.35537785281849876,0,32,0,0,24
14.316666666666666,-57.24565897723755,-7.447764492026197,2.9986374508237144,0.6467619480785902,-0.12510088470983588,0.005550713346312987,1.0,0.0,0.0,TARGET_HOLD,0.35518890813885284,0,32,0,0,24
14.333333333333334,-57.2345571635134,-7.449933949546236,2.998732767341236,0.6661088234488187,-0.13016745120233264,0.005718991051301851,1.0,0.0,0.0,TARGET_HOLD,0.3550226711951341,0,32,0,0,24
14.35,-57.22312803940739,-7.452166424109999,2.998830890500131,0.6857474463606299,-0.13394847382574598,0.005887389533712383,1.0,0.0,0.0,TARGET_HOLD,0.35485958499131665,0,32,0,0,24
14.366666666666667,-57.21137159910825,-7.4544618855281355,2.9989318202585533,0.7053864179485391,-0.1377276850881754,0.006055785505345608,1.0,0.0,0.0,TARGET_HOLD,0.35470039262720077,0,32,0,0,24
14.383333333333333,-57.1992842193752,-7.456797126197938,2.99903554525141,0.7252427839827523,-0.1401144401881703,0.006223499571383518,1.0,0.0,0.0,TARGET_HOLD,0.35462196123545076,0,32,0,0,24
14.4,-57.18687351709922,-7.45919816614189,2.999142048963405,0.744642136558712,-0.14406239663711234,0.006390222719696257,1.0,0.0,0.0,TARGET_HOLD,0.3561405423437939,0,32,0,0,24
14.416666666666666,-57.17416397227164,-7.461659948375024,2.999251120714551,0.7625726896548933,-0.14770693398800364,0.006544305068759955,1.0,0.0,0.0,TARGET_HOLD,0.3576846169400596,0,32,0,0,24
14.433333333333334,-57.161177865648426,-7.464176031618123,2.999362565163231,0.7791663973930238,-0.15096499458598545,0.006686666920811689,1.0,0.0,0.0,TARGET_HOLD,0.35924856298881147,0,32,0,0,24
14.45,-57.147941696842835,-7.466769282356113,2.999476202559632,0.7941701283355633,-0.15559504427938736,0.006818243784071611,1.0,0.0,0.0,TARGET_HOLD,0.3608535600655619,0,32,0,0,24
14.466666666666667,-57.134468908792684,-7.469407115113693,2.9995918664766386,0.8083672830090389,-0.1582699654548322,0.006939835020374371,1.0,0.0,0.0,TARGET_HOLD,0.3624699110029217,0,32,0,0,24
14.483333333333333,-57.12077293423386,-7.472061776856302,2.999709396889802,0.8217584735293433,-0.15927970455656376,0.007051824789817375,1.0,0.0,0.0,TARGET_HOLD,0.36407263739628215,0,32,0,0,24
14.5,-57.10687560381157,-7.474758566789395,2.9998286591220444,0.833839825337879,-0.16180739598558547,0.007155733934533303,1.0,0.0,0.0,TARGET_HOLD,0.3656850405453025,0,32,0,0,24
14.516666666666667,-57.09279214860051,-7.477494175409572,2.99994952181082,0.845007312663253,-0.16413651721062694,0.007251761326524559,1.0,0.0,0.0,TARGET_HOLD,0.3673042792920769,0,32,0,0,24
14.533333333333333,-57.078536325701506,-7.48026390608215,3.0000718629647465,0.8553493739403412,-0.166183840354631,0.0073404692355910585,1.0,0.0,0.0,TARGET_HOLD,0.36892625896474784,0,32,0,0,24
14.55,-57.06412123218606,-7.483065373520574,3.0001955705435797,0.8649056109266102,-0.16808804630548876,0.007422454729978849,1.0,0.0,0.0,TARGET_HOLD,0.37054897369081186,0,32,0,0,24
14.566666666666666,-57.049564498628996,-7.4859231501918515,3.000320541030281,0.8734040134240831,-0.1714666002766198,0.007498229202064527,1.0,0.0,0.0,TARGET_HOLD,0.37219452921555374,0,32,0,0,24
14.583333333333334,-57.03487769920565,-7.48883681812526,3.0004466787500115,0.8812079654008075,-0.17482007600448077,0.007568263183840691,1.0,0.0,0.0,TARGET_HOLD,0.3738624232782204,0,32,0,0,24
14.6,-57.02005555821344,-7.4917212303524705,3.000573887739811,0.8893284595325648,-0.17306473363265076,0.0076325393879727215,1.0,0.0,0.0,TARGET_HOLD,0.3754769190472588,0,32,0,0,24
14.616666666666667,-57.00511168905626,-7.494599350286162,3.000702094034002,0.8966321494311571,-0.17268719602145668,0.0076923776514413325,1.0,0.0,0.0,TARGET_HOLD,0.3770588735485031,0,32,0,0,24
14.633333333333333,-56.99005599957041,-7.497475639259753,3.0008312224906044,0.9033413691508004,-0.17257733841550732,0.007747707396141106,1.0,0.0,0.0,TARGET_HOLD,0.37861256715921865,0,32,0,0,24
14.65,-56.974896467933306,-7.500347379820615,3.0009612026291856,0.9095718982259637,-0.1723044336516942,0.0077988083148608275,1.0,0.0,0.0,TARGET_HOLD,0.38013590732171243,0,32,0,0,24
14.666666666666666,-56.95964063124735,-7.503212984333518,3.001091969928383,0.9153502011571384,-0.17193627077420395,0.007846037951859352,1.0,0.0,0.0,TARGET_HOLD,0.3816278047245748,0,32,0,0,24
14.683333333333334,-56.94429160270341,-7.506046614782009,3.0012234571276606,0.9209417126366157,-0.17001782690940975,0.007889231956659876,1.0,0.0,0.0,TARGET_HOLD,0.3830660745934431,0,32,0,0,24
14.7,-56.928855871613585,-7.508846801441492,3.0013556096891336,0.9261438653895302,-0.16801119956898267,0.007929153688369448,1.0,0.0,0.0,TARGET_HOLD,0.3844499749132315,0,32,0,0,24
14.716666666666667,-56.913748109095046,-7.511587491520431,3.00148495435725,0.9064657511125308,-0.16444140473635843,0.007760680086987874,1.0,0.0,0.0,TARGET_HOLD,0.38578518719116284,0,32,0,0,24
14.733333333333333,-56.89896831514779,-7.514268685018826,3.00161149113201,0.8867876368355335,-0.16087160990373456,0.007592206485606319,1.0,0.0,0.0,TARGET_HOLD,0.387072920472354,0,32,0,0,24
14.75,-56.88451648977181,-7.516890381936678,3.0017352200134138,0.8671095225585341,-0.15730181507111032,0.007423732884224746,1.0,0.0,0.0,STATE_OUTSIDE_FREE_DOMAIN,0.38831436117449136,0,32,0,0,24
14.766666666666667,-56.87039263296712,-7.519452582273986,3.0018561410014613,0.8474314082815347,-0.1537320202384861,0.0072552592828431725,1.0,0.0,0.0,STATE_OUTSIDE_FREE_DOMAIN,0.38951067284951224,0,32,0,0,24
14.783333333333333,-56.85659674473371,-7.52195528603075,3.0019742540961523,0.8277532940045375,-0.15016222540586222,0.007086785681461617,1.0,0.0,0.0,STATE_OUTSIDE_FREE_DOMAIN,0.3906629959506239,0,32,0,0,24
14.8,-56.84312882507158,-7.524398493206971,3.0020895592974868,0.8080751797275381,-0.14659243057323798,0.006918312080080044,1.0,0.0,0.0,STATE_OUTSIDE_FREE_DOMAIN,0.39177244760458885,0,32,0,0,24
14.816666666666666,-56.82998887398074,-7.5267822038026475,3.0022020566054652,0.7883970654505408,-0.1430226357406141,0.006749838478698489,1.0,0.0,0.0,STATE_OUTSIDE_FREE_DOMAIN,0.39284012138925395,0,32,0,0,24
14.833333333333334,-56.81659764377606,-7.529184770544553,3.0023166650423954,0.8034738122805573,-0.1441540045143323,0.006876506215794271,1.0,0.0,0.0,STATE_OUTSIDE_FREE_DOMAIN,0.3938909504592041,0,32,0,0,24
14.85,-56.80297378755873,-7.531602354594238,3.0024332246742653,0.8174313730403223,-0.14505504298107647,0.006993577912200965,1.0,0.0,0.0,STATE_OUTSIDE_FREE_DOMAIN,0.3949224541666092,0,32,0,0,24
14.866666666666667,-56.78913455627505,-7.534031447569242,3.002551587683277,0.830353877020552,-0.14574557850022724,0.0071017805406980725,1.0,0.0,0.0,TARGET_HOLD,0.396720719357175,0,32,0,0,24
14.883333333333333,-56.7750926539944,-7.536446421063928,3.002671610104623,0.8425141368392555,-0.14489840968120127,0.00720134528076112,1.0,0.0,0.0,TARGET_HOLD,0.3987213487888134,0,32,0,0,24
14.9,-56.7608665687731,-7.538870012711839,3.002793172920686,0.8535651132778439,-0.1454154988746466,0.007293768963753917,1.0,0.0,0.0,TARGET_HOLD,0.4007291177319364,0,32,0,0,24
14.916666666666666,-56.746469851053114,-7.541298926963056,3.0029161584573623,0.8638030631993178,-0.14573485507304873,0.007379132200591932,1.0,0.0,0.0,TARGET_HOLD,0.40274129606375464,0,32,0,0,24
14.933333333333334,-56.73191512622181,-7.543730758753037,3.003040458932788,0.8732834898782703,-0.14590990739887824,0.007458028525548288,1.0,0.0,0.0,TARGET_HOLD,0.4047558913636752,0,32,0,0,24
14.95,-56.71721423448056,-7.546164416274971,3.0031659761002447,0.8820535044750951,-0.14601945131601127,0.007531030047388307,1.0,0.0,0.0,TARGET_HOLD,0.40677199914938067,0,32,0,0,24
14.966666666666667,-56.702377536926285,-7.548594916875383,3.003292617070712,0.8902018532561154,-0.1458300360247128,0.007598458228032836,1.0,0.0,0.0,TARGET_HOLD,0.40878549165581657,0,32,0,0,24
14.983333333333333,-56.68741204028015,-7.550998215582393,3.003420289281218,0.8979297987679612,-0.14419792242056673,0.007660332630361245,1.0,0.0,0.0,TARGET_HOLD,0.4107764493772441,0,32,0,0,24
15.0,-56.672330357158266,-7.553397691766801,3.003548921415466,0.9049009873130617,-0.14396857106446506,0.0077179280548890315,1.0,0.0,0.0,TARGET_HOLD,0.41276424041743764,0,32,0,0,24
15.016666666666667,-56.65714136637354,-7.555794172809009,3.0036784404572994,0.9113394470836359,-0.14378886253246648,0.007771142509990443,1.0,0.0,0.0,TARGET_HOLD,0.4147495502007359,0,32,0,0,24
15.033333333333333,-56.6418522263886,-7.558181038382635,3.0038074510908377,0.9173483990961177,-0.1432119344175825,0.007740638012289439,1.0,0.0,0.0,TARGET_HOLD,0.41672689426950893,0,32,0,0,24
15.05,-56.62647046697615,-7.560558599648357,3.003935991831861,0.9229055647468706,-0.14265367594333062,0.007712444461383962,1.0,0.0,0.0,TARGET_HOLD,0.41869653039769983,0,32,0,0,24
15.066666666666666,-56.61100284744362,-7.5629256742972,3.0040640982782865,0.928057171951929,-0.14202447893059245,0.007686386785547085,1.0,0.0,0.0,TARGET_HOLD,0.42065747912850615,0,32,0,0,24
15.083333333333334,-56.59545266008911,-7.5652574769264005,3.0041903874466596,0.933011241270829,-0.1399081577520036,0.007577350102392845,1.0,0.0,0.0,TARGET_HOLD,0.42258920756321827,0,32,0,0,24
15.1,-56.57982852837143,-7.567575928846182,3.004316151156876,0.9374479030606198,-0.13910711518686908,0.007545822612998055,1.0,0.0,0.0,TARGET_HOLD,0.4245098759087651,0,32,0,0,24
15.116666666666667,-56.56413629745616,-7.569883896233504,3.004441429216372,0.9415338549162977,-0.13847804323932741,0.007516683569769533,1.0,0.0,0.0,TARGET_HOLD,0.42642185858373094,0,32,0,0,24
15.133333333333333,-56.54838073442753,-7.572179184557559,3.0045660864602053,0.9453337817175212,-0.1377172994432831,0.007479434629982533,1.0,0.0,0.0,TARGET_HOLD,0.42832333757937746,0,32,0,0,24
15.15,-56.53256641671635,-7.57446104296482,3.004690169919865,0.9488590626710722,-0.13691150443564393,0.007445007579573332,1.0,0.0,0.0,TARGET_HOLD,0.43021369086832817,0,32,0,0,24
15.166666666666666,-56.51669779110648,-7.576730459225466,3.0048136478792045,0.9521175365921288,-0.1361649756387768,0.007408677560360621,1.0,0.0,0.0,TARGET_HOLD,0.4320937367461375,0,32,0,0,24
15.183333333333334,-56.50077594978486,-7.578962784761572,3.0049351796896855,0.9553104792971684,-0.1339395321663564,0.007291908628868244,1.0,0.0,0.0,TARGET_HOLD,0.4339430556634486,0,32,0,0,24
15.2,-56.48480700509668,-7.5811789101224445,3.005056012261055,0.9581366812908221,-0.1329675216523432,0.007249954282164116,1.0,0.0,0.0,TARGET_HOLD,0.43577895391695753,0,32,0,0,24
15.216666666666667,-56.468794733298246,-7.583381756372557,3.0051761985659726,0.9607363079055901,-0.13217077500672222,0.0072111782950587825,1.0,0.0,0.0,TARGET_HOLD,0.43760385139557256,0,32,0,0,24
15.233333333333333,-56.45274189479501,-7.5855680515601005,3.005295557349202,0.9631703101942812,-0.1311777112526291,0.007161526993777433,1.0,0.0,0.0,TARGET_HOLD,0.43941503752580124,0,32,0,0,24
15.25,-56.436651360521815,-7.587737352852419,3.005414151301781,0.9654320563918125,-0.13015807753909436,0.007115637154714363,1.0,0.0,0.0,TARGET_HOLD,0.44121214545309373,0,32,0,0,24
15.266666666666667,-56.42052616625487,-7.589892458512593,3.005532039726039,0.9675116560167503,-0.12930633961041785,0.007073305455473598,1.0,0.0,0.0,TARGET_HOLD,0.44299749333435723,0,32,0,0,24
15.283333333333333,-56.40436629931192,-7.5920105574537855,3.005647969024139,0.9695920165770734,-0.12708593647154412,0.00695575788599659,1.0,0.0,0.0,TARGET_HOLD,0.44475218384760096,0,32,0,0,24
15.3,-56.38817634883453,-7.594112595408196,3.005763183718105,0.9713970286432582,-0.12612227726458347,0.006912881637981738,1.0,0.0,0.0,TARGET_HOLD,0.4474641506901972,0,32,0,0,24
15.316666666666666,-56.37195863862035,-7.596200180791815,3.0058776738173147,0.9730626128507385,-0.12525512301717776,0.006869405952565075,1.0,0.0,0.0,TARGET_HOLD,0.45053567363765734,0,32,0,0,24
15.333333333333334,-56.35571497017649,-7.598271780635317,3.005991346684229,0.9746201066312089,-0.12429599061009403,0.006820372014872577,1.0,0.0,0.0,TARGET_HOLD,0.453608475804133,0,32,0,0,24
15.35,-56.33944714868809,-7.600327178252514,3.0061042024076525,0.976069289304267,-0.1233238570318524,0.006771343405407798,1.0,0.0,0.0,TARGET_HOLD,0.4566603292092586,0,32,0,0,24
15.366666666666667,-56.32315684061225,-7.602366137316904,3.006216302892395,0.9774184845504604,-0.12233754386335455,0.00672602908453883,1.0,0.0,0.0,TARGET_HOLD,0.45958903461982903,0,32,0,0,24
15.383333333333333,-56.30684558806534,-7.604388441022686,3.006327705353508,0.9786751528143545,-0.1213382223469561,0.006684147666766,1.0,0.0,0.0,TARGET_HOLD,0.46250221666979985,0,32,0,0,24
15.4,-56.290512978990925,-7.606375812508772,3.006437238359124,0.9799565444650825,-0.11924228916513842,0.0065719803369684105,1.0,0.0,0.0,TARGET_HOLD,0.46538589263129915,0,32,0,0,24
15.416666666666666,-56.27416209671889,-7.608345504266929,3.006546015752388,0.9810529363222915,-0.11818150548936827,0.006526643595827724,1.0,0.0,0.0,TARGET_HOLD,0.46825317051606796,0,32,0,0,24
15.433333333333334,-56.25779422256333,-7.610297889268516,3.006653905737157,0.9820724493339154,-0.11714310009521316,0.006473399086142331,1.0,0.0,0.0,TARGET_HOLD,0.4711042904459849,0,32,0,0,24
15.45,-56.24141064827443,-7.61223432133022,3.0067609755413476,0.9830144573338155,-0.116185923702257,0.006424188251433109,1.0,0.0,0.0,TARGET_HOLD,0.47394023705575716,0,32,0,0,24
15.466666666666667,-56.22501242240514,-7.614154661708537,3.006867287299852,0.9838935521574502,-0.11522042269898922,0.006378705510262459,1.0,0.0,0.0,TARGET_HOLD,0.47676086162318965,0,32,0,0,24
15.483333333333333,-56.208598740391814,-7.616040254589871,3.006971738810685,0.9848209207997832,-0.11313557288002736,0.006267090649987511,1.0,0.0,0.0,TARGET_HOLD,0.4795520231321262,0,32,0,0,24
15.5,-56.19217053283565,-7.617890967960463,3.007074471001701,0.9856924533700032,-0.11104280223552596,0.006163931460945502,1.0,0.0,0.0,TARGET_HOLD,0.4823136412626393,0,32,0,0,24
15.516666666666667,-56.17573067403776,-7.619728377453556,3.0071765896733473,0.986391527873339,-0.11024456958554077,0.006127120298787437,1.0,0.0,0.0,TARGET_HOLD,0.4850620430052728,0,32,0,0,24
15.533333333333333,-56.159279851442584,-7.621551553806525,3.007277955539631,0.9870493557104889,-0.10939058117817928,0.006081951977034083,1.0,0.0,0.0,TARGET_HOLD,0.4877965141798175,0,32,0,0,24
15.55,-56.142818651091794,-7.623359098397932,3.0073785061470115,0.987672021047507,-0.10845267548440125,0.006033036442812972,1.0,0.0,0.0,TARGET_HOLD,0.49051598762680826,0,32,0,0,24
15.566666666666666,-56.12634773644399,-7.625150929660452,3.007478303257526,0.9882548788684204,-0.10750987575119088,0.0059878266308813445,1.0,0.0,0.0,TARGET_HOLD,0.4932203894625853,0,32,0,0,24
15.583333333333334,-56.109866211987466,-7.626909996159213,3.0075763359499605,0.988891467391553,-0.10554398992563867,0.005881961546076306,1.0,0.0,0.0,TARGET_HOLD,0.49589692541839514,0,32,0,0,24
15.6,-56.093376205916336,-7.628653804559072,3.0076736485610205,0.9894003642680776,-0.10462850399150979,0.005838756663609672,1.0,0.0,0.0,TARGET_HOLD,0.49855876813287925,0,32,0,0,24
15.616666666666667,-56.07687824699176,-7.6303822922945495,3.0077702956423256,0.9898775354743908,-0.10370926412864552,0.005798824878299596,1.0,0.0,0.0,TARGET_HOLD,0.5012058669779517,0,32,0,0,24
15.633333333333333,-56.060373074487046,-7.632098086228506,3.007866274934877,0.9903103502827444,-0.10294763603739347,0.005758757553090789,1.0,0.0,0.0,TARGET_HOLD,0.5038402123801412,0,32,0,0,24
15.65,-56.043859529900615,-7.633782422776724,3.007960537955388,0.9908126751858245,-0.10106019289306109,0.005655781230659735,1.0,0.0,0.0,TARGET_HOLD,0.5064477996657499,0,32,0,0,24
15.666666666666666,-56.02733798938026,-7.635434332503672,3.0080531745374564,0.9912924312213933,-0.09911458361686358,0.005558194924092484,1.0,0.0,0.0,TARGET_HOLD,0.5090279478751172,0,32,0,0,24
15.683333333333334,-56.01080701544318,-7.637023756654394,3.0081424387612024,0.9918584362248241,-0.09536544904333191,0.005355853424766393,1.0,0.0,0.0,TARGET_HOLD,0.5115582987815933,0,32,0,0,24
15.7,-55.99426907523217,-7.63858402502866,3.0082303153938335,0.9922764126607492,-0.09361610245593173,0.005272597957857373,1.0,0.0,0.0,TARGET_HOLD,0.5136703049007882,0,32,0,0,24
15.716666666666667,-55.97772453541093,-7.6401150955469905,3.008316909555888,0.9926723892742729,-0.09186423109984002,0.005195649723289937,1.0,0.0,0.0,TARGET_HOLD,0.5150276489475547,0,32,0,0,24
15.733333333333333,-55.96117410589113,-7.64162210815866,3.0084022251503413,0.9930257711877724,-0.09042075670013479,0.005118935667184687,1.0,0.0,0.0,TARGET_HOLD,0.5163822187751677,0,32,0,0,24
15.75,-55.94461788497099,-7.6431020052642085,3.0084860849202455,0.9933732552086523,-0.08879382633293859,0.005031586194265725,1.0,0.0,0.0,TARGET_HOLD,0.5177312885404027,0,32,0,0,24
15.766666666666667,-55.9280560560191,-7.6445530680080624,3.008568524793151,0.9937097371129783,-0.08706376463123702,0.004946392374320742,1.0,0.0,0.0,TARGET_HOLD,0.519073080866375,0,32,0,0,24
15.783333333333333,-55.91148748515493,-7.645949149410456,3.008647955442849,0.9941142518505147,-0.08376488414362081,0.004765838981880486,1.0,0.0,0.0,TARGET_HOLD,0.5203868481521166,0,32,0,0,24
15.8,-55.89491403341372,-7.647319539913188,3.008726143732389,0.99440710447255,-0.08222343016392936,0.004691297372391713,1.0,0.0,0.0,TARGET_HOLD,0.5216946276990713,0,32,0,0,24
15.816666666666666,-55.87833610630196,-7.648666751105678,3.0088031019574735,0.9946756267056807,-0.08083267154936913,0.0046174935050706965,1.0,0.0,0.0,TARGET_HOLD,0.5229980145440511,0,32,0,0,24
15.833333333333334,-55.861753930333435,-7.649990760946646,3.008878923304804,0.994930558111359,-0.07944059045809693,0.004549280839819447,1.0,0.0,0.0,TARGET_HOLD,0.5242966094925017,0,32,0,0,24
15.85,-55.845167755579524,-7.6512921811998655,3.0089535233470057,0.9951704852345162,-0.07808521519317609,0.0044760025321088515,1.0,0.0,0.0,TARGET_HOLD,0.5255905564947148,0,32,0,0,24
15.866666666666667,-55.828577717158836,-7.652569960684314,3.0090268522393417,0.9954023052410655,-0.07666676906692593,0.004399733540173168,1.0,0.0,0.0,TARGET_HOLD,0.5268786565093455,0,32,0,0,24
15.883333333333333,-55.8119828043793,-7.653799326743595,3.009097500575661,0.9956947667724503,-0.07376196355685663,0.004238900179167491,1.0,0.0,0.0,TARGET_HOLD,0.5281405502547039,0,32,0,0,24
15.9,-55.795384425175314,-7.655005926099406,3.0091670415792913,0.9959027522391432,-0.0723959613486501,0.004172460217806418,1.0,0.0,0.0,TARGET_HOLD,0.5293963006703408,0,32,0,0,24
15.916666666666666,-55.77878287500868,-7.656192073969112,3.009235486226623,0.9960930099979078,-0.07116887218231158,0.004106678839886794,1.0,0.0,0.0,TARGET_HOLD,0.5306474661734903,0,32,0,0,24
15.933333333333334,-55.76217825075067,-7.657356734499986,3.0093027646383836,0.9962774554804178,-0.06987963185247995,0.004036704705640432,1.0,0.0,0.0,TARGET_HOLD,0.5318928784344397,0,32,0,0,24
15.95,-55.74557069741723,-7.658499895500627,3.0093689651657534,0.9964532000065436,-0.06858966003848747,0.003972031642170317,1.0,0.0,0.0,TARGET_HOLD,0.533132176504145,0,32,0,0,24
15.966666666666667,-55.72896038938233,-7.659622289157214,3.0094340440724827,0.9966184820939072,-0.06734361939521263,0.0039047344037641007,1.0,0.0,0.0,TARGET_HOLD,0.5343656518687148,0,32,0,0,24
15.983333333333333,-55.712346531759835,-7.660702210899188,3.0094967427260455,0.9968314573496888,-0.06479530451839743,0.003761919213756146,1.0,0.0,0.0,TARGET_HOLD,0.5355748236137798,0,32,0,0,24
16.0,-55.69573013404633,-7.661760921861332,3.0095583924511122,0.9969838628101528,-0.06352265772865894,0.003698983503998136,1.0,0.0,0.0,TARGET_HOLD,0.5367769223488144,0,32,0,0,24
16.016666666666666,-55.679111467181215,-7.662801641242213,3.009619072711963,0.9971200119069803,-0.0624431628528494,0.003640815651039982,1.0,0.0,0.0,TARGET_HOLD,0.5379743667238632,0,32,0,0,24
16.033333333333335,-55.66249059725669,-7.663823556992577,3.0096787213333793,0.9972521954714256,-0.061314945021856124,0.0035789172849804702,1.0,0.0,0.0,TARGET_HOLD,0.5391661900130873,0,32,0,0,24
16.05,-55.64586769896989,-7.664828260722908,3.00973735696195,0.9973738972082166,-0.060282223819864894,0.0035181377142513843,1.0,0.0,0.0,TARGET_HOLD,0.5403534803350414,0,32,0,0,24
16.066666666666666,-55.62924286410672,-7.6658157458682705,3.009795056339558,0.9974900917898815,-0.05924910872175627,0.0034619626564563197,1.0,0.0,0.0,TARGET_HOLD,0.5415359510812383,0,32,0,0,24
16.083333333333332,-55.612615416514174,-7.666765831398483,3.009850644683938,0.9976468555528385,-0.05700513181274666,0.003335300662790924,1.0,0.0,0.0,TARGET_HOLD,0.5426958531825798,0,32,0,0,24
16.1,-55.59598616957047,-7.667698223172646,3.0099053554798494,0.9977548166217189,-0.05594350644976015,0.0032826477546871956,1.0,0.0,0.0,TARGET_HOLD,0.544115114387032,0,32,0,0,24
16.116666666666667,-55.57935528154798,-7.668614772744908,3.009959201765868,0.9978532813493953,-0.0549929743356807,0.0032307771611121724,1.0,0.0,0.0,TARGET_HOLD,0.5463577274668943,0,32,0,0,24
16.133333333333333,-55.56272274972613,-7.669513683334404,3.010012078808046,0.9979519093115854,-0.053934635369808616,0.0031726225306795714,1.0,0.0,0.0,TARGET_HOLD,0.5485843945670119,0,32,0,0,24
16.15,-55.54608865627797,-7.670395252070463,3.010064010727484,0.9980456068894982,-0.05289412416352113,0.003115915166272412,1.0,0.0,0.0,TARGET_HOLD,0.5507953884754173,0,32,0,0,24
16.166666666666668,-55.52945306717417,-7.6712594747950735,3.0101150691243896,0.9981353462282778,-0.05185336347660703,0.003063503814320329,1.0,0.0,0.0,TARGET_HOLD,0.552990709406223,0,32,0,0,24
16.183333333333334,-55.512815549812146,-7.672090964788671,3.0101642628210623,0.9982510417214359,-0.04988939961585181,0.002951621800355131,1.0,0.0,0.0,TARGET_HOLD,0.5551570707300548,0,32,0,0,24
16.2,-55.49617620420617,-7.6728903770830374,3.0102116971732746,0.9983607363585645,-0.04796473766199929,0.002846061132742357,1.0,0.0,0.0,TARGET_HOLD,0.5572950631662796,0,32,0,0,24
16.216666666666665,-55.4795351247498,-7.673658291815189,3.0102574015677956,0.9984647673820736,-0.046074883929134454,0.0027422636712618013,1.0,0.0,0.0,TARGET_HOLD,0.5594052251437938,0,32,0,0,24
16.233333333333334,-55.46289241625967,-7.674395923242894,3.0103014403537207,0.9985625094079434,-0.04425788566229344,0.0026423271555057444,1.0,0.0,0.0,TARGET_HOLD,0.5614886433208859,0,32,0,0,24
16.25,-55.44624817819293,-7.675104463820623,3.010343874128749,0.998654284004301,-0.042512434663713926,0.002546026501701795,1.0,0.0,0.0,TARGET_HOLD,0.5635463840044681,0,32,0,0,24
16.266666666666666,-55.42960248151155,-7.675783910062954,3.0103848244846154,0.9987418008827516,-0.04076677453986243,0.002457021351973902,1.0,0.0,0.0,TARGET_HOLD,0.5655784586659793,0,32,0,0,24
16.283333333333335,-55.41295519812511,-7.676409675341779,3.0104226725407948,0.9988370031861646,-0.0375459167295014,0.0022708833707637253,1.0,0.0,0.0,TARGET_HOLD,0.5675636513518338,0,32,0,0,24
16.3,-55.396306652753836,-7.677010809140084,3.010459260998856,0.9989127222767085,-0.03606802789825972,0.002195307483678789,1.0,0.0,0.0,TARGET_HOLD,0.5695271279530294,0,32,0,0,24
16.316666666666666,-55.37965696120867,-7.6775902749522515,3.010494629031268,0.998981492710178,-0.03476794873004708,0.0021220819447165173,1.0,0.0,0.0,TARGET_HOLD,0.5714714929475033,0,32,0,0,24
16.333333333333332,-55.36300617727236,-7.678147905444954,3.0105287515696686,0.9990470361783376,-0.03345782956213525,0.0020473523040455185,1.0,0.0,0.0,TARGET_HOLD,0.5733966263348567,0,32,0,0,24
16.35,-55.34635435583843,-7.6786836983248,3.010561722969665,0.9991092860358214,-0.03214757279078878,0.0019782839997889742,1.0,0.0,0.0,TARGET_HOLD,0.5753025383336907,0,32,0,0,24
16.366666666666667,-55.32970141085252,-7.679177244147518,3.0105921965363285,0.9991766991544013,-0.02961274936309876,0.0018284139998049746,1.0,0.0,0.0,TARGET_HOLD,0.5771716493316235,0,32,0,0,24
16.383333333333333,-55.313047554207465,-7.679651322100649,3.0106216541461848,0.999231398703643,-0.028444677187838576,0.0017674565913845144,1.0,0.0,0.0,TARGET_HOLD,0.5790236480527322,0,32,0,0,24
16.4,-55.296392867993454,-7.680108305152168,3.0106501291283303,0.9992811728405402,-0.027418983091137366,0.0017084989287213296,1.0,0.0,0.0,TARGET_HOLD,0.5808606112998018,0,32,0,0,24
16.416666666666668,-55.279737394642524,-7.680548071649612,3.0106776015315373,0.9993284010555697,-0.026385989846637467,0.0016483441924180274,1.0,0.0,0.0,TARGET_HOLD,0.5826824526638879,0,32,0,0,24
16.433333333333334,-55.263081183672476,-7.680971178654293,3.0107041087828654,0.9993726582030489,-0.02538642028082653,0.0015904350796867902,1.0,0.0,0.0,TARGET_HOLD,0.5844896688279189,0,32,0,0,24
16.45,-55.246424283083925,-7.6813782824193035,3.0107296867405644,0.9994140353130516,-0.02442622590067844,0.0015346774619346213,1.0,0.0,0.0,TARGET_HOLD,0.586282841820055,0,32,0,0,24
16.466666666666665,-55.22976673027618,-7.681769381751074,3.0107544058056668,0.9994531684645854,-0.023465959906240282,0.0014831439061333742,1.0,0.0,0.0,TARGET_HOLD,0.5880619823097346,0,32,0,0,24
16.483333333333334,-55.21310848760785,-7.682129638713857,3.010777252214322,0.999494560099897,-0.021615417766955178,0.001370784519305072,1.0,0.0,0.0,TARGET_HOLD,0.5898143465870791,0,32,0,0,24
16.5,-55.196449608922016,-7.682460265721163,3.0107983678344423,0.999532721149867,-0.019837620438412112,0.001266937207236513,1.0,0.0,0.0,TARGET_HOLD,0.591880791156258,0,32,0,0,24
16.516666666666666,-55.17979014223494,-7.682763599409914,3.010817883786372,0.9995680012243847,-0.018200021325040835,0.0011709571157792079,1.0,0.0,0.0,TARGET_HOLD,0.5951798223368767,0,32,0,0,24
16.533333333333335,-55.163130131789565,-7.683041884570364,3.0108359212570948,0.9996006267225658,-0.01669710962699017,0.0010822482433716792,1.0,0.0,0.0,TARGET_HOLD,0.5984596932667345,0,32,0,0,24
16.55,-55.14646961851237,-7.683297188976968,3.0108525922527627,0.999630796631582,-0.01531826439624556,0.0010002597400859516,1.0,0.0,0.0,TARGET_HOLD,0.6017218933083484,0,32,0,0,24
16.566666666666666,-55.12980864431714,-7.683529511801458,3.0108680002942134,0.9996584517139113,-0.013939369469391599,0.0009244824870491425,1.0,0.0,0.0,TARGET_HOLD,0.6049661238009365,0,32,0,0,24
16.583333333333332,-55.11314724007546,-7.6837424926267515,3.0108822410597966,0.999684254500573,-0.012778849517572754,0.00085444593499997,1.0,0.0,0.0,TARGET_HOLD,0.6081953102312581,0,32,0,0,24
16.6,-55.096485438016245,-7.683937872583115,3.0108954029795023,0.9997081235531334,-0.011722797381836842,0.000789715182348448,1.0,0.0,0.0,TARGET_HOLD,0.6114107498501791,0,32,0,0,24
16.616666666666667,-55.07982326813084,-7.684117117054512,3.010907567784079,0.9997301931246103,-0.01075466828380393,0.0007298882745947804,1.0,0.0,0.0,TARGET_HOLD,0.6146135229822784,0,32,0,0,24
16.633333333333333,-55.06316075817238,-7.684281559512155,3.010918811012551,0.9997505975074423,-0.009866547458577948,0.0006745937083376025,1.0,0.0,0.0,TARGET_HOLD,0.6178046164382804,0,32,0,0,24
16.65,-55.04649793381013,-7.684432422405759,3.010929202481291,0.9997694617351275,-0.00905177361624917,0.0006234881243726348,1.0,0.0,0.0,TARGET_HOLD,0.6209849396069851,0,32,0,0,24
16.666666666666668,-55.029834820196314,-7.68456970535606,3.01093880671755,0.9997868168288421,-0.008236977018060967,0.0005762541755565179,1.0,0.0,0.0,TARGET_HOLD,0.6241543156382252,0,32,0,0,24
16.683333333333334,-55.01317143783123,-7.6846955589585715,3.010947683360153,0.9998029419049375,-0.007551216150648639,0.0005325985561961773,1.0,0.0,0.0,TARGET_HOLD,0.6273145245685106,0,32,0,0,24
16.7,-54.99650780695251,-7.684811012053243,3.010955887529832,0.9998178527236192,-0.006927185680261644,0.0004922501807267715,1.0,0.0,0.0,TARGET_HOLD,0.6304663574805394,0,32,0,0,24
16.716666666666665,-54.97984394633584,-7.684916930539722,3.0109634701715047,0.999831637000025,-0.006355109188747227,0.00045495850036868414,1.0,0.0,0.0,TARGET_HOLD,0.6336104734286929,0,32,0,0,24
16.733333333333334,-54.963179873346355,-7.685014102369335,3.0109704783706266,0.9998443793688816,-0.005830309776753495,0.0004204919473104454,1.0,0.0,0.0,TARGET_HOLD,0.6367474743969765,0,32,0,0,24
16.75,-54.946515604040144,-7.685103249890428,3.0109769556455723,0.9998561583725754,-0.005348851265577593,0.0003886364967566259,1.0,0.0,0.0,TARGET_HOLD,0.6398779150926257,0,32,0,0,24
16.766666666666666,-54.929851153755294,-7.68518437294801,3.0109829422178707,0.9998670170909224,-0.004867383454883368,0.00035919433791142894,1.0,0.0,0.0,TARGET_HOLD,0.6430016910151815,0,32,0,0,24
16.783333333333335,-54.913186535709144,-7.685258742267205,3.0109884752619647,0.9998770827690058,-0.004462159151724552,0.0003319826456454076,1.0,0.0,0.0,TARGET_HOLD,0.6461198846034344,0,32,0,0,24
16.8,-54.896521762568184,-7.685326965786606,3.0109935891360515,0.9998863884577297,-0.004093411164033119,0.00030683244521772694,1.0,0.0,0.0,TARGET_HOLD,0.6492329780018906,0,32,0,0,24
16.816666666666666,-54.879856846064186,-7.68538955516987,3.010998315595435,0.9998949902400368,-0.003755362995823257,0.0002835875630042644,1.0,0.0,0.0,TARGET_HOLD,0.6523413730400909,0,32,0,0,24
16.833333333333332,-54.86319179704428,-7.685446976021989,3.0110026839897137,0.999902941194547,-0.003445251127155148,0.00026210365671606404,1.0,0.0,0.0,TARGET_HOLD,0.6554454367295552,0,32,0,0,24
16.85,-54.846526625740694,-7.685499228272378,3.011006721445032,0.9999102782150785,-0.0031351350233327006,0.00024224731908605636,1.0,0.0,0.0,TARGET_HOLD,0.6585451018189057,0,32,0,0,24
16.866666666666667,-54.82986134121276,-7.685547130395405,3.011010453032523,0.9999170716759492,-0.0028741273816149785,0.00022389524945832636,1.0,0.0,0.0,TARGET_HOLD,0.6616410820590288,0,32,0,0,24
16.883333333333333,-54.81319595202037,-7.685591073963368,3.0110139019239917,0.9999233515434462,-0.0026366140777816325,0.00020693348813572733,1.0,0.0,0.0,TARGET_HOLD,0.664733695946589,0,32,0,0,24
16.9,-54.79653046608525,-7.685631388539118,3.011017089535804,0.9999291561072406,-0.0024188745449831516,0.00019125670873150694,1.0,0.0,0.0,TARGET_HOLD,0.6686560032924858,0,32,0,0,24
16.916666666666668,-54.77986489073071,-7.685668374019644,3.011020035661873,0.9999345212724768,-0.0022191288315874416,0.00017676756413063344,1.0,0.0,0.0,TARGET_HOLD,0.6757425415170437,0,32,0,0,24
16.933333333333334,-54.7631992327262,-7.6857023053341,3.0110227585965728,0.9999394802704584,-0.0020358788673522127,0.00016337608199952608,1.0,0.0,0.0,TARGET_HOLD,0.6828259162116779,0,32,0,0,24
16.95,-54.7465334983291,-7.685733434691363,3.011025275248341,0.9999440638261683,-0.001867761435734059,0.00015099910609047226,1.0,0.0,0.0,TARGET_HOLD,0.6899063998564601,0,32,0,0,24
16.966666666666665,-54.729867693383476,-7.685761762068591,3.011027601244672,0.9999482967375681,-0.0016996426336752751,0.00013955977987149823,1.0,0.0,0.0,TARGET_HOLD,0.6969840229620743,0,32,0,0,24
16.983333333333334,-54.7132018231738,-7.685787731140896,3.01102975102916,0.9999522125805806,-0.0015581443382804707,0.00012898706927517132,1.0,0.0,0.0,TARGET_HOLD,0.7040592335203884,0,32,0,0,24
17.0,-54.69653589263911,-7.6858115541833065,3.011031737951187,0.9999558320810875,-0.0014293825446580774,0.00011921532160281079,1.0,0.0,0.0,TARGET_HOLD,0.7111322560063842,0,32,0,0,24
17.016666666666666,-54.67986990634732,-7.685833409857816,3.0110335743488177,0.9999591775074278,-0.0013113404705671684,0.00011018385784502297,1.0,0.0,0.0,TARGET_HOLD,0.7182032803732614,0,32,0,0,24
17.033333333333335,-54.663203868520775,-7.685853460744543,3.0110352716254156,0.9999622695926171,-0.0012030532036119202,0.00010183659588706576,1.0,0.0,0.0,TARGET_HOLD,0.7252724789808853,0,32,0,0,24
17.05,-54.646537783062236,-7.68587185588829,3.0110368403204535,0.9999651275125757,-0.0011037086248208167,9.412170225925856e-05,1.0,0.0,0.0,TARGET_HOLD,0.7323400092552639,0,32,0,0,24
17.066666666666666,-54.6298716536,-7.68588859528051,3.011038290174958,0.99996776773446,-0.0010043635331922066,8.699127026992156e-05,1.0,0.0,0.0,TARGET_HOLD,0.7394058891576731,0,32,0,0,24
17.083333333333332,-54.613205483446684,-7.685903941093651,3.011039630192,0.9999702091988706,-0.000920748788446624,8.040102252220097e-05,1.0,0.0,0.0,TARGET_HOLD,0.7464703771553622,0,32,0,0,24
17.1,-54.596539275683135,-7.685918018764874,3.0110408686925996,0.9999724658128865,-0.0008446602733813942,7.431003596749087e-05,1.0,0.0,0.0,TARGET_HOLD,0.7535336028715425,0,32,0,0,24
17.116666666666667,-54.57987303315785,-7.685930933869302,3.011042013367396,0.9999745515168311,-0.0007749062656517706,6.868048778813886e-05,1.0,0.0,0.0,TARGET_HOLD,0.7605956760036576,0,32,0,0,24
17.133333333333333,-54.563206758503725,-7.685942782479077,3.0110430713244045,0.9999764792479005,-0.0007109165865203924,6.347742053146501e-05,1.0,0.0,0.0,TARGET_HOLD,0.7676566960817024,0,32,0,0,24
17.15,-54.54654045415426,-7.6859536526681085,3.011044049133155,0.9999782609679436,-0.0006522113418786716,5.866852503666037e-05,1.0,0.0,0.0,TARGET_HOLD,0.7747167540037796,0,32,0,0,24
17.166666666666668,-54.529874122366024,-7.6859635444332195,3.0110449528654852,0.9999799072940316,-0.0005935059066777859,5.4223939806612685e-05,1.0,0.0,0.0,TARGET_HOLD,0.7817758603381937,0,32,0,0,24
17.183333333333334,-54.51320776521039,-7.685972612696346,3.011045788133245,0.9999814293381736,-0.0005440957875547883,5.011606557884227e-05,1.0,0.0,0.0,TARGET_HOLD,0.7888341641196945,0,32,0,0,24
17.2,-54.49654138460849,-7.685980931581048,3.011046560123144,0.9999828361140113,-0.0004991330821280297,4.631939394407791e-05,1.0,0.0,0.0,TARGET_HOLD,0.7958917401568186,0,32,0,0,24
17.216666666666665,-54.4798749823363,-7.685988563474194,3.01104727362896,0.9999841363318217,-0.000457913588757292,4.281034894831083e-05,1.0,0.0,0.0,TARGET_HOLD,0.8029486517636031,0,32,0,0,24
17.233333333333334,-54.463208560035284,-7.685995565147168,3.0110479330813047,0.9999853380605036,-0.00042010037848629305,3.9567140694646616e-05,1.0,0.0,0.0,TARGET_HOLD,0.8100049563811471,0,32,0,0,24
17.25,-54.44654211922263,-7.686001988645034,3.0110485425751388,0.9999864487593321,-0.0003854098719572451,3.656963003595764e-05,1.0,0.0,0.0,TARGET_HOLD,0.8170607064638808,0,32,0,0,24
17.266666666666666,-54.429875661303136,-7.686007833966616,3.0110491058951974,0.9999874751693416,-0.0003507192948949831,3.379920351807842e-05,1.0,0.0,0.0,TARGET_HOLD,0.8241159082275074,0,32,0,0,24
17.283333333333335,-54.413209187570224,-7.686013192658529,3.011049626539494,0.9999884239745622,-0.00032152151479309765,3.1238657797007675e-05,1.0,0.0,0.0,TARGET_HOLD,0.8311706475537011,0,32,0,0,24
17.3,-54.39654269922166,-7.686018108522207,3.011050107741041,0.9999893009138928,-0.0002949518206748823,2.887209281238619e-05,1.0,0.0,0.0,TARGET_HOLD,0.8388839072444563,0,32,0,0,24
17.316666666666666,-54.379876197364595,-7.686022618423665,3.011050552487925,0.9999901114239775,-0.0002705940874552168,2.668481305387238e-05,1.0,0.0,0.0,TARGET_HOLD,0.8491143709186817,0,32,0,0,24
17.333333333333332,-54.363209683022326,-7.6860267559106035,3.0110509635418636,0.9999908605360504,-0.0002482492163449441,2.4663236307367186e-05,1.0,0.0,0.0,TARGET_HOLD,0.859344482217079,0,32,0,0,24
17.35,-54.346543157140644,-7.686030551737829,3.0110513434553523,0.9999915529007696,-0.00022774963355101714,2.2794809314384707e-05,1.0,0.0,0.0,TARGET_HOLD,0.869574271846596,0,32,0,0,24
17.366666666666667,-54.3298766205946,-7.686034005904908,3.011051694587516,0.999992192762995,-0.0002072500247061616,2.1067929820870988e-05,1.0,0.0,0.0,TARGET_HOLD,0.8798037439345929,0,32,0,0,24
17.383333333333333,-54.31321007419119,-7.686037172508933,3.0110520191187584,0.9999927842044255,-0.00018999624149734112,1.947187453141133e-05,1.0,0.0,0.0,TARGET_HOLD,0.8900329482482561,0,32,0,0,24
17.4,-54.29654351867712,-7.686040077433323,3.0110523190643006,0.9999933308443288,-0.0001742954633834786,1.7996732521456184e-05,1.0,0.0,0.0,TARGET_HOLD,0.9002619099544642,0,32,0,0,24
17.416666666666668,-54.27987695474255,-7.686042742463206,3.0110525962866954,0.9999938360740569,-0.00015990179296317304,1.6633343694072302e-05,1.0,0.0,0.0,TARGET_HOLD,0.9104906503665551,0,32,0,0,24
17.433333333333334,-54.263210383025374,-7.686045187422836,3.011052852507394,0.9999943030302957,-0.0001466975778295966,1.5373241899066272e-05,1.0,0.0,0.0,TARGET_HOLD,0.920719188807297,0,32,0,0,24
17.45,-54.24654380411517,-7.686047430486075,3.011053089317433,0.9999947346123053,-0.0001345837943034838,1.4208602361257665e-05,1.0,0.0,0.0,TARGET_HOLD,0.9309475429072216,0,32,0,0,24
17.466666666666665,-54.22987721855716,-7.686049471652761,3.011053308187318,0.9999951334810315,-0.00012247000116716268,1.3132193091464856e-05,1.0,0.0,0.0,TARGET_HOLD,0.9411757150881512,0,32,0,0,24
17.483333333333334,-54.21321062685463,-7.686051342890272,3.0110535104761507,0.9999955021511524,-0.00011227425065678401,1.2137329978474316e-05,1.0,0.0,0.0,TARGET_HOLD,0.9514037338697166,0,32,0,0,24
17.5,-54.19654402947308,-7.686053059493828,3.011053697440072,0.9999958428933395,-0.00010299621338125498,1.1217835283134783e-05,1.0,0.0,0.0,TARGET_HOLD,0.9616316136911991,0,32,0,0,24
17.516666666666666,-54.17987742684271,-7.68605463433687,3.01105387024006,0.9999961578224016,-9.44905825194434e-05,1.036799927683929e-05,1.0,0.0,0.0,TARGET_HOLD,0.9718593667819904,0,32,0,0,24
17.533333333333335,-54.16321081936114,-7.686056079134105,3.0110540299491397,0.9999964488937216,-8.668783415465672e-05,9.582544786172074e-06,1.0,0.0,0.0,TARGET_HOLD,0.9820870042279302,0,32,0,0,24
17.55,-54.1465442073959,-7.6860574046249805,3.0110541775590467,0.9999967179146183,-7.952945251318361e-05,8.85659442358587e-06,1.0,0.0,0.0,TARGET_HOLD,0.9923145361424008,0,32,0,0,24
17.566666666666666,-54.12987759128675,-7.686058610809436,3.011054313986385,0.9999969665489715,-7.237106732886644e-05,8.185640300589527e-06,1.0,0.0,0.0,TARGET_HOLD,1.0025419639457738,0,32,0,0,24
17.583333333333332,-54.11321097134752,-7.686059716577864,3.011054440078319,0.9999971963539266,-6.634610566520584e-05,7.565516035395936e-06,1.0,0.0,0.0,TARGET_HOLD,1.0127693039651762,0,32,0,0,24
17.6,-54.09654434786835,-7.686060730968639,3.0110545566178333,0.9999974087499813,-6.086344651194496e-05,6.9923708812017335e-06,1.0,0.0,0.0,TARGET_HOLD,1.0229965644771561,0,32,0,0,24
17.616666666666667,-54.07987772111743,-7.686061661589043,3.0110546643285967,0.9999976050556623,-5.5837224243639656e-05,6.46264581443892e-06,1.0,0.0,0.0,TARGET_HOLD,1.0332237524921153,0,32,0,0,24
17.633333333333333,-54.063211091342595,-7.68606251536163,3.011054763879454,0.9999977864898825,-5.122635526786745e-05,5.973051434552074e-06,1.0,0.0,0.0,TARGET_HOLD,1.0434508743640623,0,32,0,0,24
17.65,-54.04654445877294,-7.6860632986326465,3.0110548558885797,0.9999979541792375,-4.6996260982458235e-05,5.520547537989988e-06,1.0,0.0,0.0,TARGET_HOLD,1.053677935888688,0,32,0,0,24
17.666666666666668,-54.029877823620225,-7.6860640114020695,3.011054940927317,0.9999981091626982,-4.276616539145148e-05,5.102324239652212e-06,1.0,0.0,0.0,TARGET_HOLD,1.0639049378986003,0,32,0,0,24
17.683333333333334,-54.013211186080106,-7.68606466483276,3.011055019523726,0.9999982524072705,-3.920584143266583e-05,4.71578452452193e-06,1.0,0.0,0.0,TARGET_HOLD,1.074131889730895,0,32,0,0,24
17.7,-53.99654454633344,-7.686065264265752,3.0110550921658614,0.9999983848001789,-3.5965979483161834e-05,4.35852812114394e-06,1.0,0.0,0.0,TARGET_HOLD,1.0847808671416017,0,32,0,0,24
17.716666666666665,-53.979877904547386,-7.686065814196405,3.0110551593048047,0.9999985071634041,-3.2995839191370235e-05,4.028336596809736e-06,1.0,0.0,0.0,TARGET_HOLD,1.097043501639484,0,32,0,0,24
17.733333333333334,-53.963211260876434,-7.686066318715456,3.0110552213574646,0.9999986202567515,-3.027114310693667e-05,3.723159581896829e-06,1.0,0.0,0.0,TARGET_HOLD,1.1093060989451424,0,32,0,0,24
17.75,-53.946544615463395,-7.686066781573086,3.0110552787091653,0.9999987247824739,-2.777145775241626e-05,3.4411020378107215e-06,1.0,0.0,0.0,TARGET_HOLD,1.121568662313878,0,32,0,0,24
17.766666666666666,-53.92987796844025,-7.6860672027692845,3.0110553317160402,0.9999988213888283,-2.5271771916862433e-05,3.1804124894887117e-06,1.0,0.0,0.0,TARGET_HOLD,1.133831192171968,0,32,0,0,24
17.783333333333335,-53.91321131992896,-7.686067588900504,3.011055380707243,0.9999989106773168,-2.3167873175972187e-05,2.9394721493728623e-06,1.0,0.0,0.0,TARGET_HOLD,1.1460936938051203,0,32,0,0,24
17.8,-53.89654467004227,-7.686067943122914,3.011055425986991,0.9999989932015948,-2.125334465597515e-05,2.7167848653264457e-06,1.0,0.0,0.0,TARGET_HOLD,1.1583561698792242,0,32,0,0,24
17.816666666666666,-53.87987801888437,-7.6860682680929555,3.0110554678364547,0.9999990694740624,-1.949820245790601e-05,2.5109678300714233e-06,1.0,0.0,0.0,TARGET_HOLD,1.1706186226501927,0,32,0,0,24
17.833333333333332,-53.86321136655157,-7.686068566227961,3.0110555065155045,0.9999991399683349,-1.7888100343548072e-05,2.320742994456932e-06,1.0,0.0,0.0,TARGET_HOLD,1.1828810541623707,0,32,0,0,24
17.85,-53.846544713132865,-7.686068839744021,3.0110555422643235,0.9999992051221507,-1.6410963584716213e-05,2.144929131243906e-06,1.0,0.0,0.0,TARGET_HOLD,1.1951434662803548,0,32,0,0,24
17.866666666666667,-53.829878058710534,-7.686069088641132,3.0110555753048986,0.9999992653398085,-1.4933826648673664e-05,1.9824345000925096e-06,1.0,0.0,0.0,TARGET_HOLD,1.207405859252883,0,32,0,0,24
17.883333333333333,-53.813211403360604,-7.686069316817326,3.0110556058423996,0.999999320995801,-1.3690571674601044e-05,1.8322500682707638e-06,1.0,0.0,0.0,TARGET_HOLD,1.2196682361025764,0,32,0,0,24
17.9,-53.79654474715335,-7.686069526137676,3.011055634066454,0.9999993724354546,-1.2559221044015223e-05,1.6934432449203618e-06,1.0,0.0,0.0,TARGET_HOLD,1.2319305983552484,0,32,0,0,24
17.916666666666668,-53.77987809015371,-7.68606971817195,3.011055660152322,0.9999994199781747,-1.1522056416089146e-05,1.5651520900055683e-06,1.0,0.0,0.0,TARGET_HOLD,1.2441929473020488,0,32,0,0,24
17.933333333333334,-53.76321143242172,-7.68606989434862,3.0110556842619878,0.9999994639191813,-1.0570600185594924e-05,1.4465799619782859e-06,1.0,0.0,0.0,TARGET_HOLD,1.256455284112864,0,32,0,0,24
17.95,-53.74654477401287,-7.686070055977237,3.011055706545164,0.9999995045313302,-9.697717046784622e-06,1.3369905709144358e-06,1.0,0.0,0.0,TARGET_HOLD,1.2687176098544977,0,32,0,0,24
17.966666666666665,-53.729878114978426,-7.686070203057801,3.0110557271402207,0.9999995420667095,-8.82483384269469e-06,1.2357034064463315e-06,1.0,0.0,0.0,TARGET_HOLD,1.2809799246719784,0,32,0,0,24
17.983333333333334,-53.71321145536578,-7.686070337893772,3.011055746175046,0.9999995767585966,-8.090158250996494e-06,1.1420895120136691e-06,1.0,0.0,0.0,TARGET_HOLD,1.2932422302917874,0,32,0,0,24
18.0,-53.69654479521874,-7.686070461587275,3.011055763767839,0.9999996088223189,-7.421610185866798e-06,1.0555675792804705e-06,1.0,0.0,0.0,TARGET_HOLD,1.3055045275861885,0,32,0,0,24
18.016666666666666,-53.67987813457779,-7.686070575065931,3.011055780027845,0.9999996384569748,-6.808719369817366e-06,9.756003384209987e-07,1.0,0.0,0.0,TARGET_HOLD,1.317766817293312,0,32,0,0,24
18.033333333333335,-53.663211473480345,-7.686070679173866,3.011055795056032,0.9999996658465837,-6.2464761404737935e-06,9.016912218690465e-07,1.0,0.0,0.0,TARGET_HOLD,1.330029100081834,0,32,0,0,24
18.05,-53.64654481196099,-7.686070774684934,3.01105580894572,0.9999996911612244,-5.73066403864861e-06,8.333812808214467e-07,1.0,0.0,0.0,TARGET_HOLD,1.3422913765613842,0,32,0,0,24
18.066666666666666,-53.629878150051695,-7.686070861599132,3.011055821783159,0.9999997145580574,-5.2148519127770975e-06,7.702463353077558e-07,1.0,0.0,0.0,TARGET_HOLD,1.3545536468164652,0,32,0,0,24
18.083333333333332,-53.61321148778199,-7.686070941277643,3.0110558336480646,0.9999997361824369,-4.7807106764223755e-06,7.118943402117683e-07,1.0,0.0,0.0,TARGET_HOLD,1.3668159118319525,0,32,0,0,24
18.1,-53.59654482517917,-7.686071014371746,3.011055844614114,0.9999997561686088,-4.385646120361409e-06,6.579629508048591e-07,1.0,0.0,0.0,TARGET_HOLD,1.3785128414698238,0,32,0,0,24
18.116666666666667,-53.57987816226849,-7.6860710814295965,3.0110558547494017,0.999999774640678,-4.023471054586658e-06,6.081172727166664e-07,1.0,0.0,0.0,TARGET_HOLD,1.3880481194508332,0,32,0,0,24
18.133333333333333,-53.56321149907327,-7.6860711429500155,3.011055864116865,0.999999791713349,-3.691225124062273e-06,5.620477823624275e-07,1.0,0.0,0.0,TARGET_HOLD,1.3975833888789393,0,32,0,0,24
18.15,-53.54654483561506,-7.686071199390294,3.011055872774672,0.9999998074926365,-3.38641670039478e-06,5.194684049138125e-07,1.0,0.0,0.0,TARGET_HOLD,1.407118650673893,0,32,0,0,24
18.166666666666668,-53.52987817191378,-7.686071250750431,3.0110558807765844,0.9999998220765123,-3.0816082678697257e-06,4.801147378779628e-07,1.0,0.0,0.0,TARGET_HOLD,1.4166539054607967,0,32,0,0,24
18.183333333333334,-53.513211507987855,-7.68607129783479,3.011055888172291,0.9999998355555608,-2.8250615402895367e-06,4.4374240924666074e-07,1.0,0.0,0.0,TARGET_HOLD,1.4261891542178127,0,32,0,0,24
18.2,-53.496544843854295,-7.686071341028229,3.011055895007717,0.9999998480134704,-2.5916063621350233e-06,4.1012556005712376e-07,1.0,0.0,0.0,TARGET_HOLD,1.435724397623111,0,32,0,0,24
18.216666666666665,-53.47987817952884,-7.686071380654671,3.011055901325308,0.9999998595275994,-2.377586543119001e-06,3.79055441866794e-07,1.0,0.0,0.0,TARGET_HOLD,1.4452596362696888,0,32,0,0,24
18.233333333333334,-53.46321151502601,-7.6860714170088835,3.0110559071642933,0.9999998701694462,-2.1812527232640387e-06,3.5033912050905874e-07,1.0,0.0,0.0,TARGET_HOLD,1.4547948706880014,0,32,0,0,24
18.25,-53.44654485035926,-7.6860714503610925,3.011055912560931,0.9999998800050928,-2.0011325267521215e-06,3.2379827804206697e-07,1.0,0.0,0.0,TARGET_HOLD,1.4643301013532455,0,32,0,0,24
18.266666666666666,-53.429878185541,-7.6860714807112975,3.011055917548733,0.9999998890956107,-1.8210123269775716e-06,2.992681054589381e-07,1.0,0.0,0.0,TARGET_HOLD,1.4738653286349486,0,32,0,0,24
18.283333333333335,-53.413211520582706,-7.686071508534821,3.011055922158671,0.9999998974974571,-1.6694113750861588e-06,2.765962792836171e-07,1.0,0.0,0.0,TARGET_HOLD,1.483400552990875,0,32,0,0,24
18.3,-53.396544855494994,-7.686071534059085,3.0110559264193713,0.9999999052628004,-1.5314558934348547e-06,2.5564201569650755e-07,1.0,0.0,0.0,TARGET_HOLD,1.492935774764282,0,32,0,0,24
18.316666666666666,-53.37987819028766,-7.686071557475508,3.011055930357291,0.9999999124398602,-1.4049853327454881e-06,2.3627519632054258e-07,1.0,0.0,0.0,TARGET_HOLD,1.5024709942572323,0,32,0,0,24
18.333333333333332,-53.36321152496978,-7.686071578958273,3.0110559339968836,0.9999999190732035,-1.2889659452090878e-06,2.183755602306355e-07,1.0,0.0,0.0,TARGET_HOLD,1.512006211739187,0,32,0,0,24
18.35,-53.34654485954971,-7.686071598667068,3.0110559373607497,0.9999999252040209,-1.1825276610094529e-06,2.0183195717783897e-07,1.0,0.0,0.0,TARGET_HOLD,1.5215414274506167,0,32,0,0,24
18.366666666666667,-53.3298781940352,-7.6860716166018905,3.0110559404697774,0.9999999308703811,-1.0760893756080672e-06,1.865416573866214e-07,1.0,0.0,0.0,TARGET_HOLD,1.5310766416099932,0,32,0,0,24
18.383333333333333,-53.31321152843341,-7.686071633043623,3.0110559433432726,0.999999936107473,-9.865039456801298e-07,1.7240971364019297e-07,1.0,0.0,0.0,TARGET_HOLD,1.5406118544167802,0,32,0,0,24
18.4,-53.29654486275095,-7.686071648126656,3.011055945999079,0.9999999409478156,-9.049820224264793e-07,1.5934837169273631e-07,1.0,0.0,0.0,TARGET_HOLD,1.5501470660398797,0,32,0,0,24
18.416666666666668,-53.27987819699392,-7.686071661964104,3.011055948453688,0.9999999454214658,-8.302468743004755e-07,1.4727652535413725e-07,1.0,0.0,0.0,TARGET_HOLD,1.5596822766292306,0,32,0,0,24
18.433333333333334,-53.26321153116798,-7.686071674658898,3.0110559507223416,0.999999949556203,-7.616876295620018e-07,1.3611921282907093e-07,1.0,0.0,0.0,TARGET_HOLD,1.5692174863180823,0,32,0,0,24
18.45,-53.24654486527835,-7.6860716863054,3.0110559528191274,0.9999999533777025,-6.987901385630927e-07,1.2580715125287322e-07,1.0,0.0,0.0,TARGET_HOLD,1.578752695224722,0,32,0,0,24
18.466666666666665,-53.22987819932986,-7.686071696903611,3.0110559547570657,0.9999999569096941,-6.358926471215183e-07,1.1627630646275105e-07,1.0,0.0,0.0,TARGET_HOLD,1.5882879034783302,0,32,0,0,24
18.483333333333334,-53.213211533326955,-7.6860717066195114,3.0110559565481907,0.9999999601741111,-5.829539998688259e-07,1.0746749536884835e-07,1.0,0.0,0.0,TARGET_HOLD,1.5978231111548191,0,32,0,0,24
18.5,-53.19654486727377,-7.686071715532517,3.0110559582036243,0.9999999631912238,-5.34780314164312e-07,9.932601844872798e-08,1.0,0.0,0.0,TARGET_HOLD,1.60518998277634,0,32,0,0,24
18.516666666666666,-53.17987820117411,-7.686071723709469,3.011055959733646,0.9999999659797674,-4.906171320889357e-07,9.180132007616866e-08,1.0,0.0,0.0,TARGET_HOLD,1.6042657001722795,0,32,0,0,24
18.533333333333335,-53.16321153503149,-7.686071731211194,3.011055961147757,0.9999999685570576,-4.501034716986159e-07,8.484667461061988e-08,1.0,0.0,0.0,TARGET_HOLD,1.603341417506281,0,32,0,0,24
18.55,-53.146544868849176,-7.686071738093452,3.011055962454739,0.9999999709390986,-4.1293550695457293e-07,7.841889622579596e-08,1.0,0.0,0.0,TARGET_HOLD,1.6024171347951723,0,32,0,0,24
18.566666666666666,-53.12987820263017,-7.686071744356244,3.011055963662707,0.9999999731406819,-3.757675420474775e-07,7.24780707489132e-08,1.0,0.0,0.0,TARGET_HOLD,1.6014928520754577,0,32,0,0,24
18.583333333333332,-53.11321153637724,-7.686071750097653,3.0110559647791617,0.9999999751754787,-3.4448454895231846e-07,6.698730780815791e-08,1.0,0.0,0.0,TARGET_HOLD,1.6005685693393157,0,32,0,0,24
18.6,-53.09654487009297,-7.686071755364608,3.0110559658110367,0.9999999770561242,-3.160173108021014e-07,6.191251175685266e-08,1.0,0.0,0.0,TARGET_HOLD,1.599644286595526,0,32,0,0,24
18.616666666666667,-53.079878203779735,-7.686071760196608,3.0110559667647396,0.9999999787942966,-2.89919996391381e-07,5.7222169956629044e-08,1.0,0.0,0.0,TARGET_HOLD,1.598720003852859,0,32,0,0,24
18.633333333333333,-53.06321153743972,-7.686071764629596,3.0110559676461923,0.9999999804007892,-2.65979290946457e-07,5.288715708066477e-08,1.0,0.0,0.0,TARGET_HOLD,1.597795721118802,0,32,0,0,24
18.65,-53.046544871074964,-7.686071768696523,3.011055968460868,0.9999999818855778,-2.440156547877792e-07,4.8880554271061405e-08,1.0,0.0,0.0,TARGET_HOLD,1.5968714383996114,0,32,0,0,24
18.666666666666668,-53.02987820468733,-7.686071772397391,3.0110559692138263,0.9999999832578824,-2.2205201856903755e-07,4.517748197733628e-08,1.0,0.0,0.0,TARGET_HOLD,1.5959471557166767,0,32,0,0,24
18.683333333333334,-53.01321153827856,-7.686071775790157,3.011055969909742,0.9999999845262246,-2.035659840646014e-07,4.175494546343959e-08,1.0,0.0,0.0,TARGET_HOLD,1.5950228730590892,0,32,0,0,24
18.7,-52.996544871850254,-7.686071778902554,3.011055970552937,0.9999999856984804,-1.867438614051376e-07,3.8591692018777477e-08,1.0,0.0,0.0,TARGET_HOLD,1.594098590428946,0,32,0,0,24
18.716666666666665,-52.97987820540389,-7.686071781757924,3.011055971147405,0.9999999867819288,-1.7132219591180322e-07,3.5668078986589755e-08,1.0,0.0,0.0,TARGET_HOLD,1.5931743078288028,0,32,0,0,24
18.733333333333334,-52.96321153894083,-7.686071784377506,3.0110559716968375,0.9999999877832979,-1.571749336560666e-07,3.2965951786234543e-08,1.0,0.0,0.0,TARGET_HOLD,1.5922500252607001,0,32,0,0,24
18.75,-52.946544872462354,-7.686071786780772,3.0110559722046464,0.9999999887088057,-1.4419597939693267e-07,3.046853119196741e-08,1.0,0.0,0.0,TARGET_HOLD,1.5913257427261498,0,32,0,0,24
18.766666666666666,-52.929878205969615,-7.686071788967722,3.0110559726739847,0.9999999895641992,-1.3121702511567645e-07,2.816030912756899e-08,1.0,0.0,0.0,TARGET_HOLD,1.5904014602376688,0,32,0,0,24
18.783333333333335,-52.9132115394637,-7.6860717909726075,3.011055973107767,0.9999999903547901,-1.202930872656666e-07,2.6026952371079076e-08,1.0,0.0,0.0,TARGET_HOLD,1.5894771777850747,0,32,0,0,24
18.8,-52.89654487294561,-7.6860717928118145,3.0110559735086873,0.9999999910854879,-1.1035240353163958e-07,2.4055213550687328e-08,1.0,0.0,0.0,TARGET_HOLD,1.5885528953677528,0,32,0,0,24
18.816666666666666,-52.879878206416265,-7.686071794499136,3.011055973879235,0.9999999917608298,-1.012392908493245e-07,2.2232848883355552e-08,1.0,0.0,0.0,TARGET_HOLD,1.5876286129856747,0,32,0,0,24
18.833333333333332,-52.86321153987652,-7.686071796047123,3.0110559742217107,0.9999999923850094,-9.287926027011023e-08,2.0548542145367084e-08,1.0,0.0,0.0,TARGET_HOLD,1.5867043306386162,0,32,0,0,24
18.85,-52.84654487332715,-7.686071797467283,3.011055974538241,0.9999999929619026,-8.520961701189707e-08,1.8991834402858345e-08,1.0,0.0,0.0,TARGET_HOLD,1.585780048326158,0,32,0,0,24
18.866666666666667,-52.829878206768896,-7.686071798759616,3.011055974830792,0.9999999934950917,-7.753997374553699e-08,1.7553059065085443e-08,1.0,0.0,0.0,TARGET_HOLD,1.5848557660556177,0,32,0,0,24
18.883333333333333,-52.81321154020243,-7.686071799944361,3.01105597510118,0.9999999939878877,-7.108469971982215e-08,1.6223281858961996e-08,1.0,0.0,0.0,TARGET_HOLD,1.5839314838187653,0,32,0,0,24
18.9,-52.79654487362838,-7.6860718010312015,3.011055975351084,0.9999999944433507,-6.521045927627865e-08,1.499424535027214e-08,1.0,0.0,0.0,TARGET_HOLD,1.5811622842996602,0,32,0,0,24
18.916666666666668,-52.779878207047304,-7.686071802028289,3.0110559755820563,0.999999994864309,-5.982525474468235e-08,1.3858317667997932e-08,1.0,0.0,0.0,TARGET_HOLD,1.5713385818554033,0,32,0,0,24
18.933333333333334,-52.76321154045975,-7.68607180294304,3.0110559757955304,0.9999999952533765,-5.488506842925788e-08,1.2808445113168978e-08,1.0,0.0,0.0,TARGET_HOLD,1.5615148794728007,0,32,0,0,24
18.95,-52.7465448738662,-7.686071803782254,3.011055975992832,0.9999999956129692,-5.035285215262643e-08,1.1838108364651169e-08,1.0,0.0,0.0,TARGET_HOLD,1.551691177146802,0,32,0,0,24
18.966666666666665,-52.72987820726711,-7.686071804545931,3.0110559761751867,0.99999999594532,-4.5820635872993524e-08,1.0941281975869554e-08,1.0,0.0,0.0,TARGET_HOLD,1.5418674748776025,0,32,0,0,24
18.983333333333334,-52.713211540662904,-7.686071805246032,3.0110559763437266,0.9999999962524927,-4.200602585421498e-08,1.0112396980177274e-08,1.0,0.0,0.0,TARGET_HOLD,1.5320437726560914,0,32,0,0,24
19.0,-52.69654487405396,-7.686071805888278,3.0110559764994984,0.9999999965363947,-3.853476555410195e-08,9.346306302340643e-09,1.0,0.0,0.0,TARGET_HOLD,1.5222200704779856,0,32,0,0,24
19.016666666666666,-52.67987820744065,-7.686071806477486,3.0110559766434695,0.999999996798789,-3.535249086180708e-08,8.63825279706739e-09,1.0,0.0,0.0,TARGET_HOLD,1.5123963683396777,0,32,0,0,24
19.033333333333335,-52.66321154082329,-7.686071807018039,3.0110559767765332,0.999999997041305,-3.2433190434948193e-08,7.98383970886015e-09,1.0,0.0,0.0,TARGET_HOLD,1.5025726662379246,0,32,0,0,24
19.05,-52.6465448742022,-7.686071807513955,3.0110559768995167,0.9999999972654486,-2.9754971424330963e-08,7.379003362675842e-09,1.0,0.0,0.0,TARGET_HOLD,1.4927489641697071,0,32,0,0,24
19.066666666666666,-52.629878207577654,-7.686071807965234,3.011055977013183,0.9999999974726116,-2.707675241260817e-08,6.819987951808524e-09,1.0,0.0,0.0,TARGET_HOLD,1.4829252621351456,0,32,0,0,24
19.083333333333332,-52.61321154094992,-7.686071808378944,3.0110559771182386,0.9999999976640804,-2.4822587905154096e-08,6.303322193279637e-09,1.0,0.0,0.0,TARGET_HOLD,1.4731015601288573,0,32,0,0,24
19.1,-52.596544874319235,-7.6860718087584665,3.011055977215335,0.9999999978410441,-2.2771318777563657e-08,5.8257977800937435e-09,1.0,0.0,0.0,TARGET_HOLD,1.4632778581483057,0,32,0,0,24
19.116666666666667,-52.57987820768582,-7.686071809106647,3.011055977305076,0.9999999980046014,-2.0890819688540513e-08,5.384449458815972e-09,1.0,0.0,0.0,TARGET_HOLD,1.4534541561913512,0,32,0,0,24
19.133333333333333,-52.563211541049895,-7.686071809426076,3.011055977388018,0.9999999981557679,-1.916571977595183e-08,4.976536616422878e-09,1.0,0.0,0.0,TARGET_HOLD,1.4436304542560916,0,32,0,0,24
19.15,-52.54654487441164,-7.686071809719127,3.0110559774646766,0.9999999982954825,-1.7583081915648018e-08,4.599526262089865e-09,1.0,0.0,0.0,TARGET_HOLD,1.4338067523407192,0,32,0,0,24
19.166666666666668,-52.529878207771226,-7.686071809985801,3.011055977535528,0.9999999984246126,-1.6000444054936645e-08,4.25107729823655e-09,1.0,0.0,0.0,TARGET_HOLD,1.4239830504452913,0,32,0,0,24
19.183333333333334,-52.513211541128825,-7.686071810230274,3.0110559776010115,0.9999999985439602,-1.4668392393185569e-08,3.929025984836891e-09,1.0,0.0,0.0,TARGET_HOLD,1.4141593485666424,0,32,0,0,24
19.2,-52.49654487448459,-7.686071810452546,3.011055977661534,0.9999999986542663,-1.3336340731142892e-08,3.631372498209932e-09,1.0,0.0,0.0,TARGET_HOLD,1.4043356467048147,0,32,0,0,24
19.216666666666665,-52.47987820783865,-7.686071810652617,3.011055977717472,0.9999999987562158,-1.2004289068841837e-08,3.3562685181456204e-09,1.0,0.0,0.0,TARGET_HOLD,1.3945119448598229,0,32,0,0,24
19.233333333333334,-52.46321154119114,-7.686071810830488,3.011055977769172,0.9999999988504419,-1.0672237406311981e-08,3.102005748692186e-09,1.0,0.0,0.0,TARGET_HOLD,1.384688243031725,0,32,0,0,24
19.25,-52.446544874542184,-7.686071810993202,3.0110559778169557,0.9999999989375297,-9.762821566447818e-09,2.8670053102580043e-09,1.0,0.0,0.0,TARGET_HOLD,1.3748645412150968,0,32,0,0,24
19.266666666666666,-52.42987820789188,-7.686071811140758,3.011055977861119,0.9999999990180198,-8.853405726440044e-09,2.6498079353415627e-09,1.0,0.0,0.0,TARGET_HOLD,1.3650408394099696,0,32,0,0,24
19.283333333333335,-52.41321154124034,-7.686071811275988,3.0110559779019366,0.9999999990924123,-8.113798030770984e-09,2.449064907009656e-09,1.0,0.0,0.0,TARGET_HOLD,1.3552171376141764,0,32,0,0,24
19.3,-52.396544874587654,-7.686071811398891,3.011055977939662,0.999999999161169,-7.374190335001333e-09,2.263529683854451e-09,1.0,0.0,0.0,TARGET_HOLD,1.3456648092729409,0,32,0,0,24
19.316666666666666,-52.37987820793391,-7.68607181151155,3.0110559779745296,0.9999999992247168,-6.759508670660004e-09,2.0920501633708263e-09,1.0,0.0,0.0,TARGET_HOLD,1.3371501455780797,0,32,0,0,24
19.333333333333332,-52.36321154127919,-7.686071811613964,3.011055978006756,0.9999999992834504,-6.144827006247072e-09,1.933561515651112e-09,1.0,0.0,0.0,TARGET_HOLD,1.3286354818908357,0,32,0,0,24
19.35,-52.34654487462356,-7.686071811707842,3.0110559780365405,0.9999999993377344,-5.632743020727736e-09,1.7870795836677074e-09,1.0,0.0,0.0,TARGET_HOLD,1.3201208182099156,0,32,0,0,24
19.366666666666667,-52.3298782079671,-7.6860718117931865,3.0110559780640687,0.9999999993879061,-5.1206590351575456e-09,1.6516947677436825e-09,1.0,0.0,0.0,TARGET_HOLD,1.3116061545353837,0,32,0,0,24
19.383333333333333,-52.31321154130986,-7.686071811872066,3.0110559780895114,0.9999999994342769,-4.7327303251186075e-09,1.5265663772684468e-09,1.0,0.0,0.0,TARGET_HOLD,1.3030914908656637,0,32,0,0,24
19.4,-52.29654487465191,-7.686071811944479,3.011055978113027,0.9999999994771347,-4.344801615045055e-09,1.4109174103140616e-09,1.0,0.0,0.0,TARGET_HOLD,1.294576827200781,0,32,0,0,24
19.416666666666668,-52.27987820799329,-7.686071812010427,3.0110559781347606,0.9999999995167457,-3.956872904940688e-09,1.3040297287349854e-09,1.0,0.0,0.0,TARGET_HOLD,1.2860621635407856,0,32,0,0,24
19.433333333333334,-52.26321154133407,-7.686071812070889,3.011055978154848,0.9999999995533558,-3.627721269710278e-09,1.2052395968466038e-09,1.0,0.0,0.0,TARGET_HOLD,1.277547499884919,0,32,0,0,24
19.45,-52.246544874674285,-7.686071812126355,3.0110559781734136,0.9999999995871925,-3.3279581731292644e-09,1.1139335658588568e-09,1.0,0.0,0.0,TARGET_HOLD,1.2690328362328398,0,32,0,0,24
19.466666666666665,-52.22987820801398,-7.686071812176825,3.011055978190573,0.9999999996184659,-3.0281950765295773e-09,1.0295446584307873e-09,1.0,0.0,0.0,TARGET_HOLD,1.2605181725845707,0,32,0,0,24
19.483333333333334,-52.21321154135319,-7.686071812223092,3.011055978206432,0.99999999964737,-2.7760770353943297e-09,9.515488500502818e-10,1.0,0.0,0.0,TARGET_HOLD,1.2520035089394994,0,32,0,0,24
19.5,-52.19654487469195,-7.686071812265537,3.0110559782210897,0.9999999996740844,-2.5466683197622937e-09,8.79461815031952e-10,1.0,0.0,0.0,TARGET_HOLD,1.2434888452973598,0,32,0,0,24
19.516666666666666,-52.17987820803031,-7.686071812304476,3.011055978234637,0.999999999698775,-2.3363594571923356e-09,8.128359245826095e-10,1.0,0.0,0.0,TARGET_HOLD,1.234974181657908,0,32,0,0,24
19.533333333333335,-52.163211541368284,-7.6860718123402,3.011055978247158,0.999999999721595,-2.1434300427779973e-09,7.512574500763856e-10,1.0,0.0,0.0,TARGET_HOLD,1.2264595180209246,0,32,0,0,24
19.55,-52.14654487470591,-7.686071812372973,3.0110559782587307,0.9999999997426863,-1.966433117953787e-09,6.943440115176158e-10,1.0,0.0,0.0,TARGET_HOLD,1.2179448543862326,0,32,0,0,24
19.566666666666666,-52.12987820804321,-7.686071812402798,3.0110559782694266,0.9999999997621798,-1.7894361931227013e-09,6.417421970920859e-10,1.0,0.0,0.0,TARGET_HOLD,1.2094301907538203,0,32,0,0,24
19.583333333333332,-52.11321154138021,-7.686071812430138,3.011055978279312,0.9999999997801965,-1.6404639909700917e-09,5.931253686078837e-10,1.0,0.0,0.0,TARGET_HOLD,1.2009155271233567,0,32,0,0,24
19.6,-52.096544874716926,-7.68607181245522,3.0110559782884487,0.9999999997968483,-1.5049006467603712e-09,5.481916331906568e-10,1.0,0.0,0.0,TARGET_HOLD,1.1924008634946346,0,32,0,0,24
19.616666666666667,-52.07987820805339,-7.68607181247823,3.011055978296893,0.9999999998122385,-1.380623074617542e-09,5.066619626702022e-10,1.0,0.0,0.0,TARGET_HOLD,1.1838861998675458,0,32,0,0,24
19.633333333333333,-52.06321154138961,-7.68607181249934,3.0110559783046975,0.9999999998264629,-1.266615452794264e-09,4.68278479310388e-10,1.0,0.0,0.0,TARGET_HOLD,1.175371536241948,0,32,0,0,24
19.65,-52.04654487472562,-7.686071812518707,3.011055978311911,0.9999999998396096,-1.1620227985580992e-09,4.328028355990444e-10,1.0,0.0,0.0,TARGET_HOLD,1.1668568726177329,0,32,0,0,24
19.666666666666668,-52.02987820806142,-7.686071812536331,3.011055978318578,0.9999999998517605,-1.0574301443193797e-09,4.0001474065370457e-10,1.0,0.0,0.0,TARGET_HOLD,1.1583422089948827,0,32,0,0,24
19.683333333333334,-52.013211541397034,-7.686071812552488,3.0110559783247397,0.9999999998629907,-9.693981170581564e-10,3.6971059229513974e-10,1.0,0.0,0.0,TARGET_HOLD,1.1498275453732183,0,32,0,0,24
19.7,-51.99654487473248,-7.6860718125673095,3.0110559783304347,0.9999999998733702,-8.892897757245394e-10,3.4170221275161754e-10,1.0,0.0,0.0,TARGET_HOLD,1.141885696384846,0,32,0,0,24
19.716666666666665,-51.97987820806777,-7.686071812580907,3.0110559783356985,0.9999999998829634,-8.158505273655397e-10,3.1581568014321054e-10,1.0,0.0,0.0,TARGET_HOLD,1.1361341483679859,0,32,0,0,24
19.733333333333334,-51.9632115414029,-7.686071812593381,3.0110559783405635,0.9999999998918299,-7.484800954056782e-10,2.9189024678894405e-10,1.0,0.0,0.0,TARGET_HOLD,1.130382600352014,0,32,0,0,24
19.75,-51.9465448747379,-7.686071812604825,3.01105597834506,0.9999999999000245,-6.866732428671645e-10,2.697773462645512e-10,1.0,0.0,0.0,TARGET_HOLD,1.1246310523368923,0,32,0,0,24
19.766666666666666,-51.92987820807278,-7.68607181261524,3.0110559783492157,0.9999999999075985,-6.24866390327718e-10,2.493396654768547e-10,1.0,0.0,0.0,TARGET_HOLD,1.1188795043225974,0,32,0,0,24
19.783333333333335,-51.913211541407534,-7.686071812624787,3.0110559783530566,0.9999999999145985,-5.728456957060096e-10,2.304502938397371e-10,1.0,0.0,0.0,TARGET_HOLD,1.1131279563090084,0,32,0,0,24
19.8,-51.89654487474218,-7.686071812633545,3.0110559783566067,0.9999999999210684,-5.255073383980652e-10,2.1299193520543544e-10,1.0,0.0,0.0,TARGET_HOLD,1.1073764082960715,0,32,0,0,24
19.816666666666666,-51.87987820807673,-7.686071812641581,3.0110559783598876,0.999999999927048,-4.821099428039904e-10,1.9685617949797473e-10,1.0,0.0,0.0,TARGET_HOLD,1.1016248602837233,0,32,0,0,24
19.833333333333332,-51.86321154141119,-7.686071812648953,3.01105597836292,0.9999999999325747,-4.422987863999972e-10,1.8194282952592763e-10,1.0,0.0,0.0,TARGET_HOLD,1.0958733122719215,0,32,0,0,24
19.85,-51.84654487474556,-7.686071812655661,3.0110559783657225,0.9999999999376827,-4.024876299955903e-10,1.6815927879418412e-10,1.0,0.0,0.0,TARGET_HOLD,1.0901217642606784,0,32,0,0,24
19.866666666666667,-51.829878208079855,-7.686071812661811,3.011055978368313,0.9999999999424037,-3.689801459568594e-10,1.554199350075249e-10,1.0,0.0,0.0,TARGET_HOLD,1.0843702162499003,0,32,0,0,24
19.883333333333333,-51.81321154141408,-7.6860718126674525,3.011055978370707,0.9999999999467671,-3.3848865861550083e-10,1.4364569302288527e-10,1.0,0.0,0.0,TARGET_HOLD,1.0786186682395538,0,32,0,0,24
19.9,-51.79654487474823,-7.686071812672628,3.01105597837292,0.9999999999507999,-3.105356170346972e-10,1.3276343906738494e-10,1.0,0.0,0.0,TARGET_HOLD,1.072867120229599,0,32,0,0,24
19.916666666666668,-51.779878208082316,-7.686071812677376,3.011055978374965,0.9999999999545272,-2.848925366161495e-10,1.2270559829032942e-10,1.0,0.0,0.0,TARGET_HOLD,1.0671155722200014,0,32,0,0,24
19.933333333333334,-51.763211541416354,-7.686071812681733,3.011055978376855,0.9999999999579721,-2.613671108628511e-10,1.1340971514790141e-10,1.0,0.0,0.0,TARGET_HOLD,1.0613640242107452,0,32,0,0,24
19.95,-51.746544874750334,-7.686071812685697,3.011055978378602,0.999999999961156,-2.3784168510940346e-10,1.0481806557686943e-10,1.0,0.0,0.0,TARGET_HOLD,1.0556124762018206,0,32,0,0,24
19.966666666666665,-51.73021154141765,-7.6860718126895815,3.011055978380314,0.979999999961157,-2.330848514070309e-10,1.0272170426525074e-10,1.0,0.0,0.0,ANGULAR_STEP_BLOCKED,1.0499759591530515,0,32,0,0,24
19.983333333333334,-51.7142115414183,-7.686071812693387,3.011055978381991,0.9599999999611539,-2.2832801770465732e-10,1.0062534295363159e-10,1.0,0.0,0.0,ANGULAR_STEP_BLOCKED,1.0444544730644467,0,32,0,0,24
20.0,-51.69854487475228,-7.686071812697113,3.011055978383633,0.939999999961155,-2.2357118400228475e-10,9.852898164201289e-11,1.0,0.0,0.0,ANGULAR_STEP_BLOCKED,1.0390480179359902,0,32,0,0,24
20.016666666666666,-51.683211541419595,-7.68607181270076,3.01105597838524,0.9199999999611561,-2.1881435029991218e-10,9.64326203303942e-11,1.0,0.0,0.0,ANGULAR_STEP_BLOCKED,1.0337565937676958,0,32,0,0,24
20.033333333333335,-51.66821154142024,-7.686071812704328,3.0110559783868123,0.899999999961153,-2.140575165975386e-10,9.433625901877505e-11,1.0,0.0,0.0,STATE_OUTSIDE_FREE_DOMAIN,1.028580200559561,0,32,0,0,24
20.05,-51.653544874754225,-7.686071812707817,3.0110559783883497,0.8799999999611541,-2.0930068289516603e-10,9.223989770715635e-11,1.0,0.0,0.0,STATE_OUTSIDE_FREE_DOMAIN,1.0235188383116012,0,32,0,0,24
20.066666666666666,-51.63921154142154,-7.6860718127112255,3.011055978389852,0.8599999999611552,-2.0454384919279346e-10,9.014353639553766e-11,1.0,0.0,0.0,STATE_OUTSIDE_FREE_DOMAIN,1.0185725070237959,0,32,0,0,24
20.083333333333332,-51.62521154142219,-7.686071812714555,3.0110559783913193,0.8399999999611563,-1.997870154904209e-10,8.804717508391896e-11,1.0,0.0,0.0,STATE_OUTSIDE_FREE_DOMAIN,1.0137412066961466,0,32,0,0,24
20.1,-51.61154487475617,-7.686071812717806,3.011055978392752,0.8199999999611531,-1.950301817880473e-10,8.595081377229981e-11,1.0,0.0,0.0,ANGULAR_STEP_BLOCKED,1.0090249373286853,0,32,0,0,24
20.116666666666667,-51.59821154142349,-7.686071812720977,3.0110559783941495,0.7999999999611542,-1.9027334808567474e-10,8.385445246068111e-11,1.0,0.0,0.0,ANGULAR_STEP_BLOCKED,1.0048230489954224,0,32,0,0,24
20.133333333333333,-51.58521154142414,-7.686071812724069,3.011055978395512,0.7799999999611553,-1.8551651438330217e-10,8.175809114906242e-11,1.0,0.0,0.0,ANGULAR_STEP_BLOCKED,1.0032396490443436,0,32,0,0,24
20.15,-51.572544874758115,-7.686071812727081,3.01105597839684,0.7599999999611564,-1.807596806809296e-10,7.966172983744372e-11,1.0,0.0,0.0,ANGULAR_STEP_BLOCKED,1.0016968490920057,0,32,0,0,24
20.166666666666668,-51.560211541425424,-7.686071812730015,3.0110559783981325,0.7399999999611533,-1.76002846978556e-10,7.756536852582457e-11,1.0,0.0,0.0,ANGULAR_STEP_BLOCKED,1.0001946491384082,0,32,0,0,24
20.183333333333334,-51.54821154142607,-7.686071812732869,3.01105597839939,0.7199999999611544,-1.7124601327618343e-10,7.546900721420587e-11,1.0,0.0,0.0,ANGULAR_STEP_BLOCKED,0.9987330491835531,0,32,0,0,24
20.2,-51.535878208093386,-7.686071812735519,3.011055978400558,0.7399999999611533,-1.5901415081678404e-10,7.007836280247534e-11,1.0,0.0,0.0,ANGULAR_STEP_BLOCKED,0.9972308492302424,0,32,0,0,24
20.216666666666665,-51.52321659193237,-7.686071812737939,3.0110559784016377,0.7596969696610648,-1.452284000960975e-10,6.476939482043236e-11,1.0,0.0,0.0,TARGET_HOLD,0.9956886644299834,0,32,0,0,24
20.233333333333334,-51.51025156285425,-7.686071812740146,3.0110559784026356,0.7779017446867446,-1.3242944356848282e-10,5.986262138248247e-11,1.0,0.0,0.0,TARGET_HOLD,0.9941095239378539,0,32,0,0,24
20.25,-51.497006106686094,-7.68607181274213,3.0110559784035575,0.794727370089263,-1.1901473154814629e-10,5.532757320498436e-11,1.0,0.0,0.0,TARGET_HOLD,0.9924962274274958,0,32,0,0,24
20.266666666666666,-51.48350146790442,-7.6860718127439105,3.0110559784044097,0.8102783269006816,-1.0686127739154117e-10,5.11360892833573e-11,1.0,0.0,0.0,TARGET_HOLD,0.9908513624760622,0,32,0,0,24
20.283333333333335,-51.469757281555694,-7.686071812745534,3.0110559784051976,0.8246511809233594,-9.74116885517878e-11,4.726214202245872e-11,1.0,0.0,0.0,TARGET_HOLD,0.9891773206320724,0,32,0,0,24
20.3,-51.45579169518289,-7.686071812746994,3.0110559784059254,0.8379351823685587,-8.763574522825235e-11,4.368167561465932e-11,1.0,0.0,0.0,TARGET_HOLD,0.9874763122661967,0,32,0,0,24
20.316666666666666,-51.44162148151509,-7.686071812748327,3.011055978406598,0.8502128200679095,-7.997096043301429e-11,4.037246298158363e-11,1.0,0.0,0.0,TARGET_HOLD,0.9857503802967489,0,32,0,0,24
20.333333333333332,-51.42726214262011,-7.686071812749546,3.01105597840722,0.8615603336991279,-7.311517060245748e-11,3.731394827525609e-11,1.0,0.0,0.0,TARGET_HOLD,0.9840014128755037,0,32,0,0,24
20.35,-51.41272800616666,-7.686071812750661,3.0110559784077946,0.8720481872067714,-6.68794523283415e-11,3.448713922849819e-11,1.0,0.0,0.0,TARGET_HOLD,0.9822311551124434,0,32,0,0,24
20.366666666666667,-51.39803231439403,-7.686071812751669,3.0110559784083257,0.8817415063577729,-6.049710006135454e-11,3.187448238225285e-11,1.0,0.0,0.0,TARGET_HOLD,0.9804412199122587,0,32,0,0,24
20.383333333333333,-51.38318730634155,-7.686071812752591,3.011055978408817,0.8907004831488502,-5.530175129658685e-11,2.945975408496548e-11,1.0,0.0,0.0,TARGET_HOLD,0.9786330979898801,0,32,0,0,24
20.4,-51.3682042938486,-7.686071812753434,3.0110559784092708,0.8989807495769672,-5.061805505643125e-11,2.7227959749593808e-11,1.0,0.0,0.0,TARGET_HOLD,0.976808167127287,0,32,0,0,24
20.416666666666668,-51.35309373179703,-7.686071812754198,3.01105597840969,0.9066337230938648,-4.585116290454245e-11,2.5165240742658933e-11,1.0,0.0,0.0,TARGET_HOLD,0.9749677007290476,0,32,0,0,24
20.433333333333334,-51.3378652830322,-7.686071812754897,3.0110559784100777,0.9137069258897837,-4.194326351723827e-11,2.325877850915192e-11,1.0,0.0,0.0,TARGET_HOLD,0.9731128757296661,0,32,0,0,24
20.45,-51.32252787836572,-7.686071812755538,3.011055978410436,0.9202442799890422,-3.841206924266658e-11,2.1496745232728766e-11,1.0,0.0,0.0,TARGET_HOLD,0.971244779901969,0,32,0,0,24
20.466666666666665,-51.307089772032555,-7.6860718127561185,3.0110559784107673,0.9262863799898721,-3.4832985267736724e-11,1.9868199325731598e-11,1.0,0.0,0.0,TARGET_HOLD,0.9693644186117336,0,32,0,0,24
20.483333333333334,-51.29155859294685,-7.68607181275665,3.0110559784110733,0.9318707451421554,-3.1880773258016184e-11,1.836302810865813e-11,1.0,0.0,0.0,TARGET_HOLD,0.9674727210606608,0,32,0,0,24
20.5,-51.275941392074714,-7.686071812757136,3.011055978411356,0.9370320523283554,-2.9208484827781345e-11,1.6971885014090543e-11,1.0,0.0,0.0,TARGET_HOLD,0.9655705460563921,0,32,0,0,24
20.516666666666666,-51.260244686218144,-7.686071812757578,3.0110559784116178,0.9418023513943888,-2.6508316218144712e-11,1.5686131547899282e-11,1.0,0.0,0.0,TARGET_HOLD,0.9636586873453967,0,32,0,0,24
20.533333333333335,-51.24447449848201,-7.686071812757982,3.0110559784118593,0.9462112641675419,-2.427094735397878e-11,1.4497784041041395e-11,1.0,0.0,0.0,TARGET_HOLD,0.9617378785417914,0,32,0,0,24
20.55,-51.228636395675395,-7.686071812758352,3.0110559784120827,0.9502861683972733,-2.224316725808718e-11,1.3399462860460869e-11,1.0,0.0,0.0,TARGET_HOLD,0.9598087976829195,0,32,0,0,24
20.566666666666666,-51.21273552287938,-7.686071812758689,3.0110559784122892,0.954052367761116,-2.0199017873173528e-11,1.2384347829924318e-11,1.0,0.0,0.0,TARGET_HOLD,0.9578720714396165,0,32,0,0,24
20.583333333333332,-51.19677663539619,-7.686071812758997,3.01105597841248,0.9575332489913343,-1.8499467861356236e-11,1.1446135453216288e-11,1.0,0.0,0.0,TARGET_HOLD,0.9567134905993704,0,32,0,0,24
20.6,-51.180764128277886,-7.6860718127592795,3.0110559784126565,0.9607504270980519,-1.695769486324924e-11,1.0578999771713224e-11,1.0,0.0,0.0,TARGET_HOLD,0.9586638139019685,0,32,0,0,24
20.616666666666667,-51.164702063618044,-7.686071812759536,3.0110559784128195,0.9637238795906236,-1.540624906313053e-11,9.777556187293907e-12,1.0,0.0,0.0,TARGET_HOLD,0.9606201733129549,0,32,0,0,24
20.633333333333333,-51.148594195775864,-7.686071812759772,3.01105597841297,0.9664720705307277,-1.4113025981925212e-11,9.03683651561701e-12,1.0,0.0,0.0,TARGET_HOLD,0.962582111551403,0,32,0,0,24
20.65,-51.13244399468941,-7.686071812759987,3.011055978413109,0.9690120651874906,-1.293904401482817e-11,8.352231970582299e-12,1.0,0.0,0.0,TARGET_HOLD,0.9645492059788392,0,32,0,0,24
20.666666666666668,-51.11625466742263,-7.6860718127601855,3.011055978413238,0.9713596360066205,-1.186413205686007e-11,7.719491406231897e-12,1.0,0.0,0.0,TARGET_HOLD,0.9665210659749175,0,32,0,0,26
20.683333333333334,-51.100029178080106,-7.686071812760367,3.011055978413357,0.9735293605515734,-1.0879056218670397e-11,7.134685733120295e-12,1.0,0.0,0.0,TARGET_HOLD,0.968497330511692,0,32,0,0,26
20.7,-51.08377026621302,-7.686071812760533,3.0110559784134665,0.9755347120249389,-9.976167534308051e-12,6.594183520092902e-12,1.0,0.0,0.0,TARGET_HOLD,0.9704776659118484,0,32,0,0,26
20.716666666666665,-51.06748046383082,-7.6860718127606855,3.011055978413568,0.9773881429321404,-9.148541497970018e-12,6.094628444416067e-12,1.0,0.0,0.0,TARGET_HOLD,0.9724617637766264,0,32,0,0,26
20.733333333333334,-51.051162111124036,-7.686071812760824,3.011055978413662,0.9791011624069785,-8.317995805648075e-12,5.632918450229801e-12,1.0,0.0,0.0,TARGET_HOLD,0.9744493390708475,0,32,0,0,26
20.75,-51.03481737099605,-7.686071812760951,3.0110559784137485,0.9806844076791771,-7.622336960320767e-12,5.2061840520577465e-12,1.0,0.0,0.0,TARGET_HOLD,0.9764401283528792,0,32,0,0,26
20.766666666666666,-51.018448242493925,-7.686071812761067,3.011055978413829,0.9821477101277242,-6.990104849599891e-12,4.811778017383573e-12,1.0,0.0,0.0,TARGET_HOLD,0.9784338881387855,0,32,0,0,26
20.783333333333335,-51.00205657322175,-7.686071812761174,3.011055978413903,0.9835001563301695,-6.410903334598408e-12,4.447251227760394e-12,1.0,0.0,0.0,TARGET_HOLD,0.9804303933904177,0,32,0,0,26
20.8,-50.985644070813635,-7.686071812761272,3.0110559784139714,0.9847501444869747,-5.879868496345547e-12,4.110340104017835e-12,1.0,0.0,0.0,TARGET_HOLD,0.9824294361179362,0,32,0,0,26
20.816666666666666,-50.96921231353745,-7.686071812761361,3.011055978414035,0.9859054365712948,-5.392940313897719e-12,3.798952550255771e-12,1.0,0.0,0.0,TARGET_HOLD,0.9844308240883104,0,32,0,0,26
20.833333333333332,-50.95276276009532,-7.686071812761444,3.0110559784140936,0.9869732065280148,-4.946434456672065e-12,3.511154962687802e-12,1.0,0.0,0.0,TARGET_HOLD,0.9864343796316377,0,32,0,0,26
20.85,-50.93629675868163,-7.686071812761519,3.0110559784141477,0.9879600848213471,-4.499033815865304e-12,3.245160222662803e-12,1.0,0.0,0.0,TARGET_HOLD,0.988439938537838,0,32,0,0,26
20.866666666666667,-50.91981555535484,-7.686071812761587,3.011055978414198,0.9888721996076086,-4.123511374253742e-12,2.999314630730843e-12,1.0,0.0,0.0,TARGET_HOLD,0.9904473490370036,0,32,0,0,27
20.883333333333333,-50.903320301775025,-7.68607181276165,3.011055978414244,0.9897152147888504,-3.7820368900114945e-12,2.7720937048543335e-12,1.0,0.0,0.0,TARGET_HOLD,0.9924564708569339,0,32,0,0,27
20.9,-50.8868120623553,-7.686071812761708,3.0110559784142867,0.9904943651836344,-3.469111517319689e-12,2.5620864854836193e-12,1.0,0.0,0.0,TARGET_HOLD,0.9944671743521245,0,32,0,0,27
20.916666666666668,-50.87029182087141,-7.686071812761761,3.0110559784143263,0.9912144890333592,-3.1821380938448385e-12,2.3679889039439774e-12,1.0,0.0,0.0,TARGET_HOLD,0.9964793396986942,0,32,0,0,27
20.933333333333334,-50.85376048657064,-7.68607181276181,3.0110559784143627,0.9918800580459834,-2.9189409105421554e-12,2.188595684642228e-12,1.0,0.0,0.0,TARGET_HOLD,0.9984928561503059,0,32,0,0,27
20.95,-50.83721889981791,-7.686071812761854,3.0110559784143964,0.9924952051637119,-2.6554173001246955e-12,2.0227928607421254e-12,1.0,0.0,0.0,TARGET_HOLD,1.000507621350537,0,32,0,0,27
20.966666666666665,-50.820667837314126,-7.686071812761895,3.0110559784144275,0.993063750227067,-2.4339978305604857e-12,1.8695511933168784e-12,1.0,0.0,0.0,TARGET_HOLD,1.00252354069722,0,32,0,0,27
20.983333333333334,-50.80410801691921,-7.6860718127619325,3.0110559784144564,0.9935892236947136,-2.2325982025439954e-12,1.727918743120786e-12,1.0,0.0,0.0,TARGET_HOLD,1.0045405267550085,0,32,0,0,27
21.0,-50.78754010210977,-7.686071812761966,3.011055978414483,0.9940748885663262,-2.0480093381144456e-12,1.5970160240001847e-12,1.0,0.0,0.0,TARGET_HOLD,1.0093407052507843,0,32,0,0,27
21.016666666666666,-50.77096470609903,-7.686071812761997,3.0110559784145075,0.9945237606446348,-1.878708148495793e-12,1.4760301775402345e-12,1.0,0.0,0.0,TARGET_HOLD,1.0150607564026457,0,32,0,0,27
21.033333333333335,-50.754382395644654,-7.686071812762026,3.01105597841453,0.9949386272624655,-1.7234164121597815e-12,1.364209925509044e-12,1.0,0.0,0.0,TARGET_HOLD,1.0207831936797693,0,32,0,0,27
21.05,-50.73779369456814,-7.6860718127620515,3.011055978414551,0.9953220645910665,-1.5680051546391616e-12,1.260860904692361e-12,1.0,0.0,0.0,TARGET_HOLD,1.0265078363151023,0,32,0,0,27
21.066666666666666,-50.72119908700752,-7.6860718127620755,3.0110559784145705,0.9956764536371978,-1.437332755927636e-12,1.1653387294078547e-12,1.0,0.0,0.0,TARGET_HOLD,1.0322345172360494,0,32,0,0,27
21.083333333333332,-50.704599020423714,-7.686071812762098,3.0110559784145883,0.9960039950283192,-1.3184543604296243e-12,1.0770530825539924e-12,1.0,0.0,0.0,TARGET_HOLD,1.037963082027032,0,32,0,0,27
21.1,-50.687993908379084,-7.686071812762118,3.0110559784146047,0.9963067226776889,-1.2094887579739743e-12,9.954557422799505e-13,1.0,0.0,0.0,TARGET_HOLD,1.0436933879706238,0,32,0,0,27
21.116666666666667,-50.67138413310551,-7.686071812762137,3.0110559784146202,0.9965865164142277,-1.1095401188413263e-12,9.200400186933529e-13,1.0,0.0,0.0,TARGET_HOLD,1.0494253031613234,0,32,0,0,27
21.133333333333333,-50.65477004787792,-7.686071812762154,3.0110559784146345,0.996845113655574,-1.0178557666061648e-12,8.503376074996791e-13,1.0,0.0,0.0,TARGET_HOLD,1.0551587056864826,0,32,0,0,27
21.15,-50.63815197920797,-7.68607181276217,3.0110559784146473,0.9970841201968185,-9.3375117337604e-13,7.859156820024954e-13,1.0,0.0,0.0,TARGET_HOLD,1.0608934828692265,0,32,0,0,27
21.166666666666668,-50.6215302288716,-7.686071812762184,3.0110559784146593,0.997305020181908,-8.496094048530854e-13,7.263742054066006e-13,1.0,0.0,0.0,TARGET_HOLD,1.0666295305688496,0,32,0,0,27
21.183333333333334,-50.60490507578294,-7.686071812762196,3.0110559784146704,0.9975091853196423,-7.654346968625139e-13,6.713434467346496e-13,1.0,0.0,0.0,TARGET_HOLD,1.0723667525340648,0,32,0,0,27
21.2,-50.58827677772625,-7.686071812762208,3.0110559784146806,0.9976978834014876,-7.010387930840783e-13,6.204790526140103e-13,1.0,0.0,0.0,TARGET_HOLD,1.0781050598053525,0,32,0,0,27
21.216666666666665,-50.57164557295668,-7.6860718127622185,3.0110559784146904,0.9978722861741022,-6.430266422612474e-13,5.734680216843284e-13,1.0,0.0,0.0,TARGET_HOLD,1.0838443701625615,0,32,0,0,27
21.233333333333334,-50.55501168167976,-7.686071812762228,3.0110559784146993,0.998033476615458,-5.898965460285327e-13,5.300184324917341e-13,1.0,0.0,0.0,TARGET_HOLD,1.089584607614334,0,32,0,0,27
21.25,-50.53837530741876,-7.686071812762237,3.0110559784147073,0.9981824556597415,-5.367506344269474e-13,4.898604788440424e-13,1.0,0.0,0.0,TARGET_HOLD,1.0953257019262412,0,32,0,0,27
21.266666666666666,-50.52173663827855,-7.686071812762245,3.011055978414715,0.9983201484127914,-4.880042430624578e-13,4.527447944120847e-13,1.0,0.0,0.0,TARGET_HOLD,1.101067588184617,0,32,0,0,27
21.283333333333335,-50.5050958481136,-7.686071812762252,3.011055978414722,0.9984474098966708,-4.473270613219888e-13,4.184409042552679e-13,1.0,0.0,0.0,TARGET_HOLD,1.106810206393529,0,32,0,0,27
21.3,-50.48845309760762,-7.686071812762259,3.0110559784147286,0.9985650303590442,-4.066403675681794e-13,3.867357936557928e-13,1.0,0.0,0.0,TARGET_HOLD,1.112553501102183,0,32,0,0,27
21.316666666666666,-50.47180853527128,-7.686071812762266,3.0110559784147344,0.9986737401803287,-3.727386739312199e-13,3.5744019309742185e-13,1.0,0.0,0.0,TARGET_HOLD,1.1182974210605845,0,32,0,0,27
21.333333333333332,-50.45516229836446,-7.686071812762271,3.0110559784147397,0.9987742144090916,-3.4192096392306516e-13,3.303639562177152e-13,1.0,0.0,0.0,TARGET_HOLD,1.124041918901345,0,32,0,0,27
21.35,-50.438514513748565,-7.686071812762276,3.0110559784147446,0.9988670769538575,-3.1367262325299936e-13,3.0533894940464755e-13,1.0,0.0,0.0,TARGET_HOLD,1.1297869508454832,0,32,0,0,27
21.366666666666667,-50.42186529867428,-7.686071812762281,3.0110559784147495,0.9989529044573531,-2.8775982898399584e-13,2.8220977644105994e-13,1.0,0.0,0.0,TARGET_HOLD,1.135532476430636,0,32,0,0,27
21.383333333333333,-50.405214761509654,-7.686071812762285,3.011055978414754,0.9990322298772506,-2.639877971926133e-13,2.6083281355047133e-13,1.0,0.0,0.0,TARGET_HOLD,1.1412784582597406,0,32,0,0,27
21.4,-50.388563002413065,-7.68607181276229,3.011055978414758,0.9991055457956407,-2.42179480213787e-13,2.410753175455333e-13,1.0,0.0,0.0,TARGET_HOLD,1.1490463285939043,0,32,0,0,27
21.416666666666668,-50.371910113955096,-7.686071812762293,3.0110559784147615,0.9991733074777891,-2.20368215158835e-13,2.2281460154096535e-13,1.0,0.0,0.0,TARGET_HOLD,1.1577364871135758,0,32,0,0,27
21.433333333333334,-50.35525618169344,-7.686071812762297,3.011055978414765,0.9992359356991687,-2.0201833821057476e-13,2.0593962031188652e-13,1.0,0.0,0.0,TARGET_HOLD,1.1664271903327146,0,32,0,0,27
21.45,-50.33860128470414,-7.686071812762299,3.011055978414768,0.9992938193583226,-1.853213321332922e-13,1.9034304675167723e-13,1.0,0.0,0.0,TARGET_HOLD,1.1751183969862027,0,32,0,0,27
21.466666666666665,-50.32194549607261,-7.686071812762302,3.0110559784147712,0.999347317891783,-1.7001479735888475e-13,1.7592803179451402e-13,1.0,0.0,0.0,TARGET_HOLD,1.1838100689350923,0,32,0,0,27
21.483333333333334,-50.30528888334751,-7.686071812762305,3.011055978414774,0.9993967635060419,-1.5597345891421576e-13,1.626050634250118e-13,1.0,0.0,0.0,TARGET_HOLD,1.1925021709297172,0,32,0,0,27
21.5,-50.288631508960165,-7.686071812762307,3.0110559784147766,0.9994424632404326,-1.4309193615832143e-13,1.502914108410807e-13,1.0,0.0,0.0,TARGET_HOLD,1.2011946703908691,0,32,0,0,27
21.516666666666666,-50.27197343061227,-7.686071812762309,3.011055978414779,0.9994847008737332,-1.3020932839063463e-13,1.3891061072562916e-13,1.0,0.0,0.0,TARGET_HOLD,1.2098875372074387,0,32,0,0,27
21.533333333333335,-50.25531470163416,-7.686071812762311,3.011055978414781,0.9995237386863292,-1.173257590946817e-13,1.283919924371035e-13,1.0,0.0,0.0,TARGET_HOLD,1.2185807435494738,0,32,0,0,27
21.55,-50.238655371316014,-7.686071812762313,3.011055978414783,0.9995598190888799,-1.084404491689679e-13,1.1866802142135225e-13,1.0,0.0,0.0,TARGET_HOLD,1.227274263695346,0,32,0,0,27
21.566666666666666,-50.22199548521389,-7.686071812762314,3.0110559784147846,0.9995931661276012,-9.955452182591153e-14,1.0968071487649121e-13,1.0,0.0,0.0,TARGET_HOLD,1.2359680738720322,0,32,0,0,27
21.583333333333332,-50.20533508543263,-7.686071812762316,3.0110559784147863,0.9996239868755101,-9.134179327333315e-14,1.0137426488805901e-13,1.0,0.0,0.0,TARGET_HOLD,1.2446621521075105,0,32,0,0,27
21.6,-50.18867421088732,-7.686071812762318,3.011055978414788,0.9996524727182745,-8.380232253437293e-14,9.369709141390029e-14,1.0,0.0,0.0,TARGET_HOLD,1.2533564780942823,0,32,0,0,27
21.616666666666667,-50.172012897544946,-7.686071812762319,3.0110559784147894,0.9996788005426477,-7.626245596857588e-14,8.660152199081581e-14,1.0,0.0,0.0,TARGET_HOLD,1.2620510330633272,0,32,0,0,27
21.633333333333333,-50.1553511786477,-7.68607181276232,3.011055978414791,0.9997031338348713,-6.872223861579512e-14,8.004349570584376e-14,1.0,0.0,0.0,TARGET_HOLD,1.2707457996674956,0,32,0,0,27
21.65,-50.138689084919434,-7.686071812762321,3.011055978414792,0.9997256236958659,-6.294227466019328e-14,7.39822702762004e-14,1.0,0.0,0.0,TARGET_HOLD,1.2794407618738266,0,32,0,0,27
21.666666666666668,-50.12202664475644,-7.6860718127623215,3.0110559784147934,0.9997464097795125,-5.716207337449512e-14,6.838022859122577e-14,1.0,0.0,0.0,TARGET_HOLD,1.2881359048639702,0,32,0,0,30
21.683333333333334,-50.10536388440377,-7.686071812762322,3.0110559784147943,0.9997656211598525,-5.239131412221764e-14,6.320258400359887e-14,1.0,0.0,0.0,TARGET_HOLD,1.2968312149421883,0,32,0,0,30
21.7,-50.08870082811823,-7.686071812762323,3.011055978414795,0.9997833771325909,-4.8058491184249293e-14,5.84171852180649e-14,1.0,0.0,0.0,TARGET_HOLD,1.3055266794502856,0,32,0,0,30
21.716666666666665,-50.07203749831896,-7.686071812762324,3.011055978414796,0.9997997879558794,-4.4087115739273595e-14,5.39943166435562e-14,1.0,0.0,0.0,TARGET_HOLD,1.3142222866890367,0,32,0,0,30
21.733333333333334,-50.05537391572671,-7.686071812762325,3.011055978414797,0.9998149555349795,-4.0115620272730536e-14,4.9906513870145766e-14,1.0,0.0,0.0,TARGET_HOLD,1.3229180258455062,0,32,0,0,30
21.75,-50.03871009949246,-7.686071812762326,3.011055978414798,0.9998289740550568,-3.677566193356456e-14,4.6126376704934616e-14,1.0,0.0,0.0,TARGET_HOLD,1.3316138869259322,0,32,0,0,30
21.766666666666666,-50.02204606731636,-7.686071812762327,3.0110559784147988,0.9998419305660373,-3.373659492615293e-14,4.263261356739096e-14,1.0,0.0,0.0,TARGET_HOLD,1.340309860693651,0,32,0,0,30
21.783333333333335,-50.005381835557635,-7.686071812762328,3.011055978414799,0.9998539055231557,-3.095056845795784e-14,3.940352945541809e-14,1.0,0.0,0.0,TARGET_HOLD,1.3490059386117497,0,32,0,0,30
21.8,-49.9887174193362,-7.686071812762329,3.0110559784147997,0.999864973286553,-2.8394785391910032e-14,3.641907292768626e-14,1.0,0.0,0.0,TARGET_HOLD,1.356829490420071,0,32,0,0,30
21.816666666666666,-49.97205283262648,-7.686071812762329,3.0110559784148,0.9998752025830262,-2.6050074285896558e-14,3.366071159144925e-14,1.0,0.0,0.0,TARGET_HOLD,1.3642368736916943,0,32,0,0,30
21.833333333333332,-49.95538808834427,-7.686071812762329,3.0110559784148005,0.9998846569327969,-2.389899103419784e-14,3.1111317023108976e-14,1.0,0.0,0.0,TARGET_HOLD,1.371644327004051,0,32,0,0,30
21.85,-49.93872319842687,-7.686071812762329,3.011055978414801,0.9998933950439487,-2.174787032137523e-14,2.875505840691518e-14,1.0,0.0,0.0,TARGET_HOLD,1.3790518450510254,0,32,0,0,30
21.866666666666667,-49.92205817390725,-7.686071812762329,3.0110559784148014,0.9999014711769829,-1.9935558296879304e-14,2.6577302158800163e-14,1.0,0.0,0.0,TARGET_HOLD,1.386459422928481,0,32,0,0,31
21.883333333333333,-49.90539302498256,-7.686071812762329,3.011055978414802,0.999908935481757,-1.8286216323785144e-14,2.4564527444633242e-14,1.0,0.0,0.0,TARGET_HOLD,1.3938670561038007,0,32,0,0,31
21.9,-49.88872776107741,-7.686071812762329,3.0110559784148023,0.9999158343088966,-1.6774174899045567e-14,2.2704235663357747e-14,1.0,0.0,0.0,TARGET_HOLD,1.401274740387755,0,32,0,0,31
21.916666666666668,-49.87206239090245,-7.686071812762329,3.0110559784148028,0.9999222104976165,-1.5387087077966814e-14,2.098487507763305e-14,1.0,0.0,0.0,TARGET_HOLD,1.4086824719084812,0,32,0,0,31
21.933333333333334,-49.85539692250842,-7.686071812762329,3.011055978414803,0.9999281036417365,-1.4114550771367358e-14,1.9395769081736342e-14,1.0,0.0,0.0,TARGET_HOLD,1.4160902470874341,0,32,0,0,31
21.95,-49.83873136333616,-7.686071812762329,3.0110559784148037,0.9999335503355443,-1.2842000662555703e-14,1.792704990371059e-14,1.0,0.0,0.0,TARGET_HOLD,1.4234980626171687,0,32,0,0,31
21.966666666666665,-49.822065720262806,-7.686071812762329,3.011055978414804,0.9999385844010333,-1.1776357811376318e-14,1.6573303474606638e-14,1.0,0.0,0.0,TARGET_HOLD,1.4309059154408095,0,32,0,0,31
21.983333333333334,-49.80539999964451,-7.686071812762329,3.0110559784148045,0.9999432370979248,-1.0807122646286031e-14,1.5322113593161803e-14,1.0,0.0,0.0,TARGET_HOLD,1.4383138027330626,0,32,0,0,31
22.0,-49.78873420735588,-7.686071812762329,3.011055978414805,0.999947537317779,-9.918619537257261e-15,1.4165710823947897e-14,1.0,0.0,0.0,TARGET_HOLD,1.4457217218826652,0,32,0,0,31
22.016666666666666,-49.772068348826494,-7.686071812762329,3.011055978414805,0.9999515117634018,-9.103544601662702e-15,1.3096914325128979e-14,1.0,0.0,0.0,TARGET_HOLD,1.4531296704761854,0,32,0,0,31
22.033333333333335,-49.75540242907458,-7.686071812762329,3.011055978414805,0.9999551851146592,-8.355781579276601e-15,1.2109087258038551e-14,1.0,0.0,0.0,TARGET_HOLD,1.4605376462830248,0,32,0,0,31
22.05,-49.738736452738216,-7.686071812762329,3.011055978414805,0.9999585801817304,-7.608013484462379e-15,1.1196095574818817e-14,1.0,0.0,0.0,TARGET_HOLD,1.4679456472415637,0,32,0,0,31
22.066666666666666,-49.7220704241041,-7.686071812762329,3.011055978414805,0.9999617180467508,-6.8602408938461184e-15,1.0352269928206635e-14,1.0,0.0,0.0,TARGET_HOLD,1.4753536714463746,0,32,0,0,31
22.083333333333332,-49.70573772880333,-7.686071812762329,3.011055978414805,0.9799617180467519,-6.723030823299698e-15,1.0145216603236808e-14,1.0,0.0,0.0,TARGET_HOLD,1.4826135294949965,0,32,0,0,31
22.1,-49.68973836683588,-7.686071812762329,3.011055978414805,0.9599617180467488,-6.585820752753248e-15,9.938163278266936e-15,1.0,0.0,0.0,TARGET_HOLD,1.4897252213874355,0,32,0,0,31
22.116666666666667,-49.67407233820177,-7.686071812762329,3.011055978414805,0.9399617180467499,-6.448610682206827e-15,9.73110995329711e-15,1.0,0.0,0.0,STATE_OUTSIDE_FREE_DOMAIN,1.496688747123688,0,32,0,0,31
22.133333333333333,-49.65873964290099,-7.686071812762329,3.011055978414805,0.919961718046751,-6.311400611660406e-15,9.524056628327282e-15,1.0,0.0,0.0,STATE_OUTSIDE_FREE_DOMAIN,1.503504106703752,0,32,0,0,31
22.15,-49.64374028093354,-7.686071812762329,3.011055978414805,0.8999617180467521,-6.174190541113985e-15,9.317003303357455e-15,1.0,0.0,0.0,STATE_OUTSIDE_FREE_DOMAIN,1.5101713001276331,0,32,0,0,31
22.166666666666668,-49.629074252299425,-7.686071812762329,3.011055978414805,0.8799617180467489,-6.036980470567535e-15,9.109949978387584e-15,1.0,0.0,0.0,STATE_OUTSIDE_FREE_DOMAIN,1.5166903273953278,0,32,0,0,31
22.183333333333334,-49.614741556998645,-7.686071812762329,3.011055978414805,0.85996171804675,-5.8997704000211146e-15,8.902896653417757e-15,1.0,0.0,0.0,STATE_OUTSIDE_FREE_DOMAIN,1.523061188506834,0,32,0,0,31
22.2,-49.6007421950312,-7.686071812762329,3.011055978414805,0.8399617180467511,-5.762560329474694e-15,8.69584332844793e-15,1.0,0.0,0.0,STATE_OUTSIDE_FREE_DOMAIN,1.529283883462155,0,32,0,0,31
22.216666666666665,-49.586540764525935,-7.686071812762329,3.011055978414805,0.852085830315936,-5.329876641101923e-15,8.036354037302203e-15,1.0,0.0,0.0,STATE_OUTSIDE_FREE_DOMAIN,1.5204083490590556,0,32,0,0,31
22.233333333333334,-49.57215257370541,-7.686071812762329,3.011055978414805,0.8632914492313971,-4.884107633129545e-15,7.426826056091625e-15,1.0,0.0,0.0,TARGET_HOLD,1.5105675514470813,0,32,0,0,31
22.25,-49.557591771078364,-7.686071812762329,3.011055978414805,0.8736481576229573,-4.4727043293862144e-15,6.863474437094098e-15,1.0,0.0,0.0,TARGET_HOLD,1.500608696056019,0,32,0,0,31
22.266666666666666,-49.5428714332968,-7.686071812762329,3.011055978414805,0.8832202668939448,-4.051712612065437e-15,6.342800971050926e-15,1.0,0.0,0.0,TARGET_HOLD,1.4905407266570088,0,32,0,0,31
22.283333333333335,-49.52800364635727,-7.686071812762329,3.011055978414805,0.8920672163716776,-3.7083249642938916e-15,5.8615724645563745e-15,1.0,0.0,0.0,TARGET_HOLD,1.4803719094627623,0,32,0,0,31
22.3,-49.512999580650536,-7.686071812762329,3.011055978414805,0.9002439424041259,-3.3583432047103747e-15,5.4168006630993894e-15,1.0,0.0,0.0,TARGET_HOLD,1.4701098844577791,0,32,0,0,31
22.316666666666666,-49.497869560325626,-7.686071812762329,3.011055978414805,0.9078012194947219,-3.0669543586760097e-15,5.00723486580408e-15,1.0,0.0,0.0,TARGET_HOLD,1.459761712839836,0,32,0,0,31
22.333333333333332,-49.482623127399066,-7.686071812762329,3.011055978414805,0.9147859755936062,-2.8032829825707785e-15,4.62869678042508e-15,1.0,0.0,0.0,TARGET_HOLD,1.4493339208674971,0,32,0,0,31
22.35,-49.467269101007346,-7.686071812762329,3.011055978414805,0.9212415835031825,-2.5624662596690136e-15,4.278835822726231e-15,1.0,0.0,0.0,TARGET_HOLD,1.4388325403857867,0,32,0,0,31
22.366666666666667,-49.45181563217056,-7.686071812762329,3.011055978414805,0.9272081302074865,-2.3184630433454744e-15,3.9554794830349446e-15,1.0,0.0,0.0,TARGET_HOLD,1.4282631462817812,0,32,0,0,31
22.383333333333333,-49.43627025440726,-7.686071812762329,3.011055978414805,0.9327226657978281,-2.1168728682162667e-15,3.656619835744511e-15,1.0,0.0,0.0,TARGET_HOLD,1.4176308911026243,0,32,0,0,31
22.4,-49.42063993051492,-7.686071812762329,3.011055978414805,0.9378194335404166,-1.9343534388252443e-15,3.3804010708245636e-15,1.0,0.0,0.0,TARGET_HOLD,1.4069405370509773,0,32,0,0,31
22.416666666666668,-49.40493109580635,-7.686071812762329,3.011055978414805,0.9425300825146282,-1.749982793967797e-15,3.1251079699136477e-15,1.0,0.0,0.0,TARGET_HOLD,1.396196485556572,0,32,0,0,31
22.433333333333334,-49.389149698070646,-7.686071812762329,3.011055978414805,0.9468838641423076,-1.5639795361719956e-15,2.88915525543543e-15,1.0,0.0,0.0,TARGET_HOLD,1.3854028046075069,0,32,0,0,31
22.45,-49.37330123450684,-7.686071812762329,3.011055978414805,0.9509078138284962,-1.4287536352045827e-15,2.6682456142141635e-15,1.0,0.0,0.0,TARGET_HOLD,1.374563254010938,0,32,0,0,31
22.466666666666665,-49.35739078585949,-7.686071812762329,3.011055978414805,0.9546269188414888,-1.2924693404086311e-15,2.464071551873295e-15,1.0,0.0,0.0,TARGET_HOLD,1.3636813087401756,0,32,0,0,31
22.483333333333334,-49.34142304796824,-7.686071812762329,3.011055978414805,0.9580642734747098,-1.1820820042735931e-15,2.2753652215279054e-15,1.0,0.0,0.0,TARGET_HOLD,1.3527601805129477,0,32,0,0,31
22.5,-49.32540236092734,-7.686071812762329,3.011055978414805,0.9612412224538983,-1.0822193735440457e-15,2.1009548252996305e-15,1.0,0.0,0.0,TARGET_HOLD,1.341802837735053,0,32,0,0,31
22.516666666666666,-49.309332736036005,-7.686071812762329,3.011055978414805,0.9641774934801179,-9.817427680943514e-16,1.939757337876527e-15,1.0,0.0,0.0,TARGET_HOLD,1.330812023933062,0,32,0,0,31
22.533333333333335,-49.29321788070714,-7.686071812762329,3.011055978414805,0.9668913197316246,-9.008527118242812e-16,1.797706212447377e-15,1.0,0.0,0.0,TARGET_HOLD,1.3197902747906074,0,32,0,0,31
22.55,-49.27706122148905,-7.686071812762329,3.011055978414805,0.9693995530852892,-8.276907268364721e-16,1.6664165359144046e-15,1.0,0.0,0.0,TARGET_HOLD,1.308739933894097,0,32,0,0,31
22.566666666666666,-49.26086592534304,-7.686071812762329,3.011055978414805,0.971717768760646,-7.607255345761646e-16,1.5450730469975657e-15,1.0,0.0,0.0,TARGET_HOLD,1.2976631672855063,0,32,0,0,31
22.583333333333332,-49.2446349193091,-7.686071812762329,3.011055978414805,0.9738603620363545,-6.993585349200447e-16,1.4329222466350324e-15,1.0,0.0,0.0,TARGET_HOLD,1.286561976912716,0,32,0,0,31
22.6,-49.22837090868177,-7.686071812762329,3.011055978414805,0.9758406376396613,-6.431113556455568e-16,1.3292677190272138e-15,1.0,0.0,0.0,TARGET_HOLD,1.2754382130608888,0,32,0,0,31
22.616666666666667,-49.212076393809035,-7.686071812762329,3.011055978414805,0.9776708923639293,-5.866482792449695e-16,1.233465807147282e-15,1.0,0.0,0.0,TARGET_HOLD,1.2642935858420814,0,32,0,0,31
22.633333333333333,-49.195753685618584,-7.686071812762329,3.011055978414805,0.979362491427268,-5.360684949710679e-16,1.1393461488223805e-15,1.0,0.0,0.0,TARGET_HOLD,1.2526306681493729,0,32,0,0,31
22.65,-49.17940491996781,-7.686071812762329,3.011055978414805,0.9809259390464142,-4.897981139984128e-16,1.0523567676433045e-15,1.0,0.0,0.0,TARGET_HOLD,1.2395277031185914,0,32,0,0,34
22.666666666666668,-49.16303207090674,-7.686071812762329,3.011055978414805,0.9823709436641104,-4.4738454416112e-16,9.719574910989893e-16,1.0,0.0,0.0,TARGET_HOLD,1.2264054360750667,0,32,0,0,34
22.683333333333334,-49.14663696293616,-7.686071812762329,3.011055978414805,0.983706478235011,-4.0849725636516145e-16,8.976490688383513e-16,1.0,0.0,0.0,TARGET_HOLD,1.2132653292924938,0,32,0,0,34
22.7,-49.13022128233708,-7.686071812762329,3.011055978414805,0.9849408359444798,-3.728407845012256e-16,8.289700725065491e-16,1.0,0.0,0.0,TARGET_HOLD,1.2001087342662555,0,32,0,0,34
22.716666666666665,-49.11378658764198,-7.686071812762329,3.011055978414805,0.9860816817062615,-3.4014522933669127e-16,7.654940304423075e-16,1.0,0.0,0.0,TARGET_HOLD,1.1869369001057193,0,32,0,0,34
22.733333333333334,-49.097334319312665,-7.686071812762329,3.011055978414805,0.9871360997588177,-3.073815345420765e-16,7.06826779443526e-16,1.0,0.0,0.0,TARGET_HOLD,1.1737509812907503,0,32,0,0,34
22.75,-49.08086580868507,-7.686071812762329,3.011055978414805,0.9881106376558769,-2.793689209859929e-16,6.55123142197321e-16,1.0,0.0,0.0,TARGET_HOLD,1.1605520448406337,0,32,0,0,34
22.766666666666666,-49.06438228623633,-7.686071812762329,3.011055978414805,0.9890113469243711,-2.5384986379336087e-16,6.073364471667374e-16,1.0,0.0,0.0,TARGET_HOLD,1.147341076939845,0,32,0,0,34
22.783333333333335,-49.04788488922563,-7.686071812762329,3.011055978414805,0.9898438206422219,-2.304607884167326e-16,5.631699563051277e-16,1.0,0.0,0.0,TARGET_HOLD,1.1341189890619185,0,32,0,0,34
22.8,-49.03137466875614,-7.686071812762329,3.011055978414805,0.9906132281693263,-2.0901142786486312e-16,5.22349411720922e-16,1.0,0.0,0.0,TARGET_HOLD,1.1208866236293706,0,32,0,0,34
22.816666666666666,-49.01485259630202,-7.686071812762329,3.011055978414805,0.9913243472474076,-1.8933940343318744e-16,4.846213326355195e-16,1.0,0.0,0.0,TARGET_HOLD,1.1076447592448193,0,32,0,0,34
22.833333333333332,-48.998319569740886,-7.686071812762329,3.011055978414805,0.9919815936680585,-1.7129691907438005e-16,4.497514413596171e-16,1.0,0.0,0.0,TARGET_HOLD,1.0943941155258372,0,32,0,0,34
22.85,-48.98177641892933,-7.686071812762329,3.011055978414805,0.9925890486932056,-1.53233799276049e-16,4.175232085137002e-16,1.0,0.0,0.0,TARGET_HOLD,1.0811353575735225,0,32,0,0,35
22.866666666666667,-48.965223910856025,-7.686071812762329,3.011055978414805,0.9931504843982658,-1.3515245645990624e-16,3.8773650845914743e-16,1.0,0.0,0.0,TARGET_HOLD,1.0678691001025205,0,32,0,0,35
22.883333333333333,-48.94866275440444,-7.686071812762329,3.011055978414805,0.9936693870953669,-1.2829764219906513e-16,3.534519321440787e-16,1.0,0.0,0.0,TARGET_HOLD,1.0545959112581897,0,32,0,0,35
22.9,-48.93209360475474,-7.686071812762329,3.011055978414805,0.9941489789820815,-1.228199931089512e-16,3.21764672216515e-16,1.0,0.0,0.0,TARGET_HOLD,1.041316316144571,0,32,0,0,35
22.916666666666668,-48.915517067452235,-7.686071812762329,3.011055978414805,0.9945922381501058,-1.1786317924695242e-16,2.924779622834574e-16,1.0,0.0,0.0,TARGET_HOLD,1.0280308000850824,0,32,0,0,35
22.933333333333334,-48.898933702167604,-7.686071812762329,3.011055978414805,0.995001917078128,-1.1332228691954475e-16,2.654099424968496e-16,1.0,0.0,0.0,TARGET_HOLD,1.0147398116362476,0,32,0,0,35
22.95,-48.88234402617221,-7.686071812762329,3.011055978414805,0.9953805597237244,-1.0877597018073768e-16,2.403925302698332e-16,1.0,0.0,0.0,TARGET_HOLD,1.0014437653730062,0,32,0,0,35
22.966666666666665,-48.86574851755021,-7.686071812762329,3.011055978414805,0.995730517320412,-9.833100034195751e-17,2.242718030607238e-16,1.0,0.0,0.0,TARGET_HOLD,0.988143044463117,0,32,0,0,35
22.983333333333334,-48.84914761816724,-7.686071812762329,3.011055978414805,0.9960539629779566,-8.822902645115741e-17,2.0937234306442242e-16,1.0,0.0,0.0,TARGET_HOLD,0.9748380030464701,0,32,0,0,35
23.0,-48.83254173641429,-7.686071812762329,3.011055978414805,0.9963529051765962,-7.891917945109052e-17,1.9560163003754094e-16,1.0,0.0,0.0,TARGET_HOLD,0.9615289684341946,0,32,0,0,35
23.016666666666666,-48.81593124974364,-7.686071812762329,3.011055978414805,0.9966292002389753,-7.037549966656217e-17,1.8287415284602922e-16,1.0,0.0,0.0,TARGET_HOLD,0.9482162431411087,0,32,0,0,35
23.033333333333335,-48.79931650701268,-7.686071812762329,3.011055978414805,0.9968845638572348,-6.253785372497475e-17,1.7111087847205368e-16,1.0,0.0,0.0,TARGET_HOLD,0.9349167567251369,0,32,0,0,35
23.05,-48.782697830650235,-7.686071812762329,3.011055978414805,0.9971205817468382,-5.4696981838439676e-17,1.6023876124762421e-16,1.0,0.0,0.0,TARGET_HOLD,0.9220023003800333,0,32,0,0,35
23.066666666666666,-48.76607551865868,-7.686071812762329,3.011055978414805,0.9973387194932898,-4.474266192387932e-17,1.517576340616597e-16,1.0,0.0,0.0,TARGET_HOLD,0.9090850187694031,0,32,0,0,35
23.083333333333332,-48.749449846464465,-7.686071812762329,3.011055978414805,0.997540331652889,-3.538226650795386e-17,1.4391901651099548e-16,1.0,0.0,0.0,TARGET_HOLD,0.8961651259285164,0,32,0,0,35
23.1,-48.7328210686284,-7.686071812762329,3.011055978414805,0.9977266701640338,-2.6776472033432804e-17,1.3667423362325878e-16,1.0,0.0,0.0,TARGET_HOLD,0.8832428196778439,0,32,0,0,35
23.116666666666667,-48.716189420426375,-7.686071812762329,3.011055978414805,0.997898892121304,-1.8880246491520826e-17,1.299782979239885e-16,1.0,0.0,0.0,TARGET_HOLD,0.8703182828514657,0,32,0,0,35
23.133333333333333,-48.69989110555769,-7.686071812762329,3.011055978414805,0.9778988921213051,-1.6580589760183084e-17,1.2572705903182584e-16,1.0,0.0,0.0,TARGET_HOLD,0.8576527810220886,0,32,0,0,35
23.15,-48.683926124022335,-7.686071812762329,3.011055978414805,0.9578988921213062,-1.4405495040187345e-17,1.2147582013966318e-16,1.0,0.0,0.0,TARGET_HOLD,0.8452463141897117,0,32,0,0,35
23.166666666666668,-48.66829447582031,-7.686071812762329,3.011055978414805,0.9378988921213031,-1.2188542110922742e-17,1.172245812474996e-16,1.0,0.0,0.0,TARGET_HOLD,0.8330988823543306,0,32,0,0,35
23.183333333333334,-48.65299616095162,-7.686071812762329,3.011055978414805,0.9178988921213042,-9.924933292525944e-18,1.1297334235533694e-16,1.0,0.0,0.0,TARGET_HOLD,0.8212104855159548,0,32,0,0,35
23.2,-48.63803117941627,-7.686071812762329,3.011055978414805,0.8978988921213052,-7.609088942340515e-18,1.0872210346317428e-16,1.0,0.0,0.0,TARGET_HOLD,0.8095811236745789,0,32,0,0,35
23.216666666666665,-48.62339953121425,-7.686071812762329,3.011055978414805,0.8778988921213063,-7.593979709868775e-18,1.0276819453209849e-16,1.0,0.0,0.0,TARGET_HOLD,0.7982107968302037,0,32,0,0,35
23.233333333333334,-48.60910121634556,-7.686071812762329,3.011055978414805,0.8578988921213032,-7.64540114518667e-18,9.681428560102142e-17,1.0,0.0,0.0,TARGET_HOLD,0.7870995049828289,0,32,0,0,35
23.25,-48.595136234810205,-7.686071812762329,3.011055978414805,0.8378988921213043,-7.699218501490745e-18,9.086037666994563e-17,1.0,0.0,0.0,TARGET_HOLD,0.7762472481324543,0,32,0,0,35
23.266666666666666,-48.58150458660818,-7.686071812762329,3.011055978414805,0.8178988921213054,-7.761231981440958e-18,8.490646773886983e-17,1.0,0.0,0.0,TARGET_HOLD,0.7656540262790803,0,32,0,0,35
23.283333333333335,-48.56820627173949,-7.686071812762329,3.011055978414805,0.7978988921213023,-7.815757761579868e-18,7.895255880779276e-17,1.0,0.0,0.0,TARGET_HOLD,0.7553198394227068,0,32,0,0,35
23.3,-48.55524129020414,-7.686071812762329,3.011055978414805,0.7778988921213034,-7.880561934853191e-18,7.299864987671697e-17,1.0,0.0,0.0,TARGET_HOLD,0.7452446875633336,0,32,0,0,35
23.316666666666666,-48.54260964200211,-7.686071812762329,3.011055978414805,0.7578988921213045,-7.957426242116484e-18,6.704474094564117e-17,1.0,0.0,0.0,TARGET_HOLD,0.7354285707009607,0,32,0,0,35
23.333333333333332,-48.53030871159566,-7.686071812762329,3.011055978414805,0.7380558243871628,-7.713698699692753e-18,6.047800649514094e-17,1.0,0.0,0.0,TARGET_HOLD,0.7258694562881356,0,32,0,0,35
23.35,-48.518338055464014,-7.686071812762329,3.011055978414805,0.7182393678984312,-7.459280772491376e-18,5.446721460028323e-17,1.0,0.0,0.0,TARGET_HOLD,0.7165669996626676,0,32,0,0,35
23.366666666666667,-48.50667265282879,-7.686071812762329,3.011055978414805,0.6999241581133957,-7.221759317305373e-18,4.891178572776448e-17,1.0,0.0,0.0,TARGET_HOLD,0.7075017570527868,0,32,0,0,35
23.383333333333333,-48.49530599589912,-7.686071812762329,3.011055978414805,0.6819994157798467,-6.994806282112484e-18,4.3816697205261036e-17,1.0,0.0,0.0,TARGET_HOLD,0.698668671221738,0,32,0,0,35
23.4,-48.48423050881529,-7.686071812762329,3.011055978414805,0.6645292250300114,-6.77701186563427e-18,3.9143366436987766e-17,1.0,0.0,0.0,TARGET_HOLD,0.6900618549311102,0,32,0,0,35
23.416666666666668,-48.47342413325563,-7.686071812762329,3.011055978414805,0.6483825335794027,-6.573729938193755e-18,3.482407587843123e-17,1.0,0.0,0.0,TARGET_HOLD,0.6816641665490555,0,32,0,0,35
23.433333333333334,-48.46286648198347,-7.686071812762329,3.011055978414805,0.633459076329601,-6.383811584286625e-18,3.083200430158442e-17,1.0,0.0,0.0,TARGET_HOLD,0.6734597630522019,0,32,0,0,35
23.45,-48.452538712249755,-7.686071812762329,3.011055978414805,0.619666184022966,-6.250940884111705e-18,3.0885946081705257e-17,1.0,0.0,0.0,TARGET_HOLD,0.6654340016462177,0,32,0,0,35
23.466666666666665,-48.44191093493788,-7.686071812762329,3.011055978414805,0.6376666387123533,-6.4481229104156906e-18,3.3084549405256606e-17,1.0,0.0,0.0,TARGET_HOLD,0.6571751028538992,0,32,0,0,35
23.483333333333334,-48.43100587789468,-7.686071812762329,3.011055978414805,0.6543034225919421,-6.631313347054166e-18,3.51165918709636e-17,1.0,0.0,0.0,TARGET_HOLD,0.6487007285984652,0,32,0,0,35
23.5,-48.41985855215063,-7.686071812762329,3.011055978414805,0.6688395446427716,-6.791832200826683e-18,3.6935970299330824e-17,1.0,0.0,0.0,TARGET_HOLD,0.6400380861264408,0,32,0,0,35
23.516666666666666,-48.40848731139519,-7.686071812762329,3.011055978414805,0.6822744453261141,-6.941455337984058e-18,3.8617517028579326e-17,1.0,0.0,0.0,TARGET_HOLD,0.6312014381815056,0,32,0,0,35
23.533333333333335,-48.39744940397309,-7.686071812762329,3.011055978414805,0.662274445326111,-6.73797548070559e-18,3.748549406353549e-17,1.0,0.0,0.0,TARGET_HOLD,0.6225617948944,0,32,0,0,35
23.55,-48.38674482988432,-7.686071812762329,3.011055978414805,0.6422744453261121,-6.534495623427167e-18,3.635347109849189e-17,1.0,0.0,0.0,TARGET_HOLD,0.6139828823571776,0,32,0,0,35
23.566666666666666,-48.37637358912889,-7.686071812762329,3.011055978414805,0.6222744453261132,-6.331015766148744e-18,3.5221448133448294e-17,1.0,0.0,0.0,ANGULAR_STEP_BLOCKED,0.605671111463213,0,32,0,0,35
23.583333333333332,-48.366335681706786,-7.686071812762329,3.011055978414805,0.6022744453261143,-6.127535908870321e-18,3.4089425168404696e-17,1.0,0.0,0.0,ANGULAR_STEP_BLOCKED,0.5976264822125019,0,32,0,0,35
23.6,-48.356631107618014,-7.686071812762329,3.011055978414805,0.5822744453261112,-5.9240560515918536e-18,3.295740220336086e-17,1.0,0.0,0.0,ANGULAR_STEP_BLOCKED,0.5898489946050403,0,32,0,0,35
23.616666666666667,-48.34725986686258,-7.686071812762329,3.011055978414805,0.5622744453261123,-5.72057619431343e-18,3.182537923831726e-17,1.0,0.0,0.0,ANGULAR_STEP_BLOCKED,0.5823386486408368,0,32,0,0,35
23.633333333333333,-48.338221959440475,-7.686071812762329,3.011055978414805,0.5422744453261134,-5.517096337035007e-18,3.0693356273273664e-17,1.0,0.0,0.0,ANGULAR_STEP_BLOCKED,0.5750954443198824,0,32,0,0,35
23.65,-48.32951738535171,-7.686071812762329,3.011055978414805,0.5222744453261144,-5.313616479756584e-18,2.9561333308230066e-17,1.0,0.0,0.0,ANGULAR_STEP_BLOCKED,0.5681193816421863,0,32,0,0,35
23.666666666666668,-48.32114614459627,-7.686071812762329,3.011055978414805,0.5022744453261113,-5.110136622478117e-18,2.842931034318623e-17,1.0,0.0,0.0,ANGULAR_STEP_BLOCKED,0.5614104606077392,0,32,0,0,35
23.683333333333334,-48.31310823717417,-7.686071812762329,3.011055978414805,0.48227444532611247,-4.906656765199693e-18,2.729728737814263e-17,1.0,0.0,0.0,NO_REGULAR_FIELD,0.5549686812165551,0,32,0,0,35
23.7,-48.3054036630854,-7.686071812762329,3.011055978414805,0.4622744453261136,-4.7031769079212695e-18,2.6165264413099033e-17,1.0,0.0,0.0,NO_REGULAR_FIELD,0.5487940434686152,0,32,0,0,38
23.716666666666665,-48.29803242232997,-7.686071812762329,3.011055978414805,0.44227444532611476,-4.499697050642846e-18,2.5033241448055436e-17,1.0,0.0,0.0,NO_REGULAR_FIELD,0.5428865473639382,0,32,0,0,38
23.733333333333334,-48.290994514907865,-7.686071812762329,3.011055978414805,0.42227444532611164,-4.296217193364379e-18,2.3901218483011598e-17,1.0,0.0,0.0,NO_REGULAR_FIELD,0.5372461929025103,0,32,0,0,38
23.75,-48.2842899408191,-7.686071812762329,3.011055978414805,0.4022744453261128,-4.092737336085955e-18,2.2769195517968e-17,1.0,0.0,0.0,NO_REGULAR_FIELD,0.5318729800843409,0,32,0,0,38
23.766666666666666,-48.277918700063665,-7.686071812762329,3.011055978414805,0.38227444532611393,-3.889257478807532e-18,2.1637172552924403e-17,1.0,0.0,0.0,NO_REGULAR_FIELD,0.5267669089094202,0,32,0,0,38
23.783333333333335,-48.27188079264156,-7.686071812762329,3.011055978414805,0.3622744453261108,-3.685777621529065e-18,2.0505149587880566e-17,1.0,0.0,0.0,NO_REGULAR_FIELD,0.5219279793777534,0,32,0,0,38
23.8,-48.26617621855279,-7.686071812762329,3.011055978414805,0.34227444532611195,-3.482297764250641e-18,1.937312662283697e-17,1.0,0.0,0.0,NO_REGULAR_FIELD,0.5173561914893401,0,32,0,0,38
23.816666666666666,-48.260804977797356,-7.686071812762329,3.011055978414805,0.3222744453261131,-3.278817906972217e-18,1.8241103657793377e-17,1.0,0.0,0.0,NO_REGULAR_FIELD,0.5130515452441805,0,32,0,0,38
23.833333333333332,-48.255767070375256,-7.686071812762329,3.011055978414805,0.30227444532611425,-3.0753380496937936e-18,1.710908069274978e-17,1.0,0.0,0.0,NO_REGULAR_FIELD,0.5090140406422793,0,32,0,0,38
23.85,-48.25106249628649,-7.686071812762329,3.011055978414805,0.2822744453261111,-2.8718581924153264e-18,1.5977057727705942e-17,1.0,0.0,0.0,NO_REGULAR_FIELD,0.5052436776836272,0,32,0,0,38
23.866666666666667,-48.246691255531054,-7.686071812762329,3.011055978414805,0.26227444532611227,-2.668378335136903e-18,1.4845034762662347e-17,1.0,0.0,0.0,NO_REGULAR_FIELD,0.5017404563682332,0,32,0,0,38
23.883333333333333,-48.24265334810895,-7.686071812762329,3.011055978414805,0.24227444532611342,-2.4648984778584792e-18,1.3713011797618751e-17,1.0,0.0,0.0,NO_REGULAR_FIELD,0.4985043766960928,0,32,0,0,38
23.9,-48.23894877402019,-7.686071812762329,3.011055978414805,0.22227444532611457,-2.2614186205800556e-18,1.2580988832575155e-17,1.0,0.0,0.0,NO_REGULAR_FIELD,0.4955354386672064,0,32,0,0,39
23.916666666666668,-48.23557753326475,-7.686071812762329,3.011055978414805,0.20227444532611144,-2.057938763301589e-18,1.1448965867531318e-17,1.0,0.0,0.0,NO_REGULAR_FIELD,0.4928336422815732,0,32,0,0,39
23.933333333333334,-48.23253962584265,-7.686071812762329,3.011055978414805,0.1822744453261126,-1.8544589060231652e-18,1.0316942902487722e-17,1.0,0.0,0.0,NO_REGULAR_FIELD,0.4903989875391894,0,32,0,0,39
23.95,-48.22983505175388,-7.686071812762329,3.011055978414805,0.16227444532611374,-1.6509790487447418e-18,9.184919937444126e-18,1.0,0.0,0.0,NO_REGULAR_FIELD,0.48823147444006376,0,32,0,0,39
23.966666666666665,-48.227463810998444,-7.686071812762329,3.011055978414805,0.14227444532611488,-1.4474991914663184e-18,8.05289697240053e-18,1.0,0.0,0.0,NO_REGULAR_FIELD,0.48633110298418725,0,32,0,0,39
23.983333333333334,-48.225425903576344,-7.686071812762329,3.011055978414805,0.12227444532611176,-1.2440193341878516e-18,6.920874007356694e-18,1.0,0.0,0.0,NO_REGULAR_FIELD,0.4846978731715734,0,32,0,0,39
24.0,-48.223721329487574,-7.686071812762329,3.011055978414805,0.10227444532611289,-1.040539476909428e-18,5.7888510423130985e-18,1.0,0.0,0.0,NO_REGULAR_FIELD,0.4833317850022043,0,32,0,0,39
24.016666666666666,-48.22235008873214,-7.686071812762329,3.011055978414805,0.08227444532611403,-8.370596196310045e-19,4.6568280772695034e-18,1.0,0.0,0.0,NO_REGULAR_FIELD,0.4822328384760979,0,32,0,0,39
24.033333333333335,-48.22131218131004,-7.686071812762329,3.011055978414805,0.0622744453261109,-6.335797623525377e-19,3.524805112225667e-18,1.0,0.0,0.0,NO_REGULAR_FIELD,0.4814010335932404,0,32,0,0,39
24.05,-48.22060760722127,-7.686071812762329,3.011055978414805,0.042274445326112034,-4.3009990507411416e-19,2.392782147182072e-18,1.0,0.0,0.0,NO_REGULAR_FIELD,0.48083637035363225,0,32,0,0,39
24.066666666666666,-48.220236366465834,-7.686071812762329,3.011055978414805,0.02227444532611317,-2.2662004779569064e-19,1.2607591821384763e-18,1.0,0.0,0.0,NO_REGULAR_FIELD,0.4805388487572869,0,32,0,0,39
24.083333333333332,-48.22019845904373,-7.686071812762329,3.011055978414805,0.002274445326114309,-2.314019051726715e-20,1.2873621709488058e-19,1.0,0.0,0.0,NO_REGULAR_FIELD,0.48050846880418596,0,32,0,0,39
24.1,-48.22019845904373,-7.686071812762329,3.011055978414805,0.0,0.0,0.0,1.0,0.0,0.0,NO_REGULAR_FIELD,0.48050846880418596,0,32,0,0,39
24.116666666666667,-48.22019845904373,-7.686071812762329,3.011055978414805,0.0,0.0,0.0,1.0,0.0,0.0,NO_REGULAR_FIELD,0.48050846880418596,0,32,0,0,39
24.133333333333333,-48.22019845904373,-7.686071812762329,3.011055978414805,0.0,0.0,0.0,1.0,0.0,0.0,NO_REGULAR_FIELD,0.48050846880418596,0,32,0,0,39
24.15,-48.21993724978435,-7.686278603426004,3.0110450946956644,0.01567255556275925,-0.012407439820517738,-0.000653023148448302,1.0,0.0,0.0,NO_REGULAR_FIELD,0.4804142511732984,0,32,0,0,39
24.166666666666668,-48.219414831265595,-7.686692184753355,3.0110233272573828,0.03134511112552184,-0.024814879641038123,-0.0013060462968967432,1.0,0.0,0.0,NO_REGULAR_FIELD,0.48022585118857053,0,32,0,0,39
24.183333333333334,-48.21863596996176,-7.687318438966129,3.0109906762122534,0.04673167823022922,-0.03757525276643781,-0.001959062707769114,1.0,0.0,0.0,TARGET_HOLD,0.47995035848910894,0,32,0,0,39
24.2,-48.217600665872844,-7.688157366064326,3.010947141560276,0.062118245334936664,-0.050335625891837425,-0.002612079118641484,1.0,0.0,0.0,TARGET_HOLD,0.4795878798202353,0,32,0,0,39
24.216666666666665,-48.21630891899885,-7.689208966047946,3.010892723301451,0.0775048124396441,-0.06309599901723704,-0.0032650955295138546,1.0,0.0,0.0,TARGET_HOLD,0.47913855783519965,0,32,0,0,39
24.233333333333334,-48.214765959315905,-7.69047939197838,3.0108274219946356,0.09257758097645588,-0.07622555582601928,-0.003918078408907863,1.0,0.0,0.0,TARGET_HOLD,0.47861010974872,0,32,0,0,39
24.25,-48.21297728775932,-7.691974803183415,3.0107512389382323,0.10732029339508052,-0.08972467230210447,-0.004570983384207234,1.0,0.0,0.0,TARGET_HOLD,0.47801051075631285,0,32,0,0,39
24.266666666666666,-48.21144421207844,-7.693256524549712,3.0106859422152885,0.09198454085307978,-0.07690328197780019,-0.003917803376622456,1.0,0.0,0.0,TARGET_HOLD,0.4774970594358212,0,32,0,0,39
24.283333333333335,-48.20966812604976,-7.694766147103994,3.010609776707195,0.10656516172075779,-0.09057735325693587,-0.004569930485608086,1.0,0.0,0.0,TARGET_HOLD,0.47691636516704305,0,32,0,0,39
24.3,-48.20764579941064,-7.696500176263547,3.010522732394482,0.12133959834743384,-0.10404174957316416,-0.005222658762784821,1.0,0.0,0.0,TARGET_HOLD,0.476264195632917,0,32,0,0,39
24.316666666666666,-48.20537723216108,-7.698458612028371,3.0104248092771493,0.13611403497410995,-0.11750614588939236,-0.005875387039961557,1.0,0.0,0.0,TARGET_HOLD,0.47554084344141134,0,32,0,0,39
24.333333333333332,-48.20286410003502,-7.700643279592175,3.010316009329856,0.15078792756332654,-0.13108005382823285,-0.0065279968375986765,1.0,0.0,0.0,TARGET_HOLD,0.4747489749118986,0,32,0,0,39
24.35,-48.20011266033845,-7.703060761169344,3.010196335187191,0.1650863817944791,-0.14504889463016815,-0.007180448559910511,1.0,0.0,0.0,TARGET_HOLD,0.47389755542715895,0,32,0,0,39
24.366666666666667,-48.197129511990234,-7.705717625412269,3.0100657913065483,0.17898890089269268,-0.15941185457547372,-0.00783263283855316,1.0,0.0,0.0,TARGET_HOLD,0.4729958555737741,0,32,0,0,39
24.383333333333333,-48.19390131988143,-7.708600302388974,3.0099438075524745,0.19369152652837895,-0.17296061860235365,-0.007319025244431296,1.0,0.0,0.0,TARGET_HOLD,0.4720217088297024,0,32,0,0,39
24.4,-48.19043097005803,-7.711712039945713,3.009820408506358,0.20822098940367212,-0.18670425340431906,-0.007403942766988131,1.0,0.0,0.0,TARGET_HOLD,0.4709820848072158,0,32,0,0,39
24.416666666666668,-48.186718462520034,-7.715052838082468,3.0096955941675825,0.22275045227969079,-0.20044788820529524,-0.007488860326520556,1.0,0.0,0.0,TRACKING,0.4698775591377772,0,32,0,0,39
24.433333333333334,-48.18276524942414,-7.718624221748384,3.009572282909359,0.23719278575338007,-0.21428301995496016,-0.007398675493413004,1.0,0.0,0.0,TRACKING,0.46871007739118176,0,32,0,0,39
24.45,-48.1785788439999,-7.722433786420996,3.009450474035076,0.25118432545455127,-0.22857388035675147,-0.00730853245698071,1.0,0.0,0.0,TRACKING,0.46749047670624033,0,32,0,0,39
24.466666666666665,-48.17416723039576,-7.7264890951340375,3.0093301662973353,0.26469681624855385,-0.24331852278248164,-0.007218464264435374,1.0,0.0,0.0,TRACKING,0.4662299998123861,0,32,0,0,39
24.483333333333334,-48.16953888633362,-7.730797656234854,3.009211357817592,0.277700643728284,-0.25851366604897263,-0.007128508784598759,1.0,0.0,0.0,TRACKING,0.46494029946492643,0,32,0,0,39
24.5,-48.16515447930346,-7.734879134475597,3.009098811142834,0.2630644218095664,-0.2448886944445995,-0.00675280048547432,1.0,0.0,0.0,TRACKING,0.4637230577598268,0,32,0,0,39
24.516666666666666,-48.16053130485948,-7.739193163679838,3.008990877773347,0.2773904666387338,-0.25884175225444034,-0.006476002169221408,1.0,0.0,0.0,TRACKING,0.46244755775997937,0,32,0,0,39
24.533333333333335,-48.15567240818553,-7.743742815352293,3.008888254194991,0.2915338004369264,-0.27297910034728845,-0.006157414701369694,1.0,0.0,0.0,TRACKING,0.46111860223683077,0,32,0,0,39
24.55,-48.15058649494788,-7.7485364884141665,3.008790936502179,0.3051547942591734,-0.28762038371238996,-0.005839061568723936,1.0,0.0,0.0,TRACKING,0.45974863422714596,0,32,0,0,39
24.566666666666666,-48.14528287115166,-7.753582520636616,3.008698917664886,0.31821742777356676,-0.30276193334699736,-0.005521130237581791,1.0,0.0,0.0,TRACKING,0.45835058781289784,0,32,0,0,39
24.583333333333332,-48.140220722124276,-7.758398806272335,3.008611088458743,0.3037289416430251,-0.28897713814314924,-0.005269752368582617,1.0,0.0,0.0,TRACKING,0.4570225119293576,0,32,0,0,39
24.6,-48.13492250901398,-7.763449550067631,3.0085436119250986,0.3178927866177674,-0.30304462771774715,-0.004048592018680351,1.0,0.0,0.0,TRACKING,0.4556394067706292,0,32,0,0,39
24.616666666666667,-48.129391205741825,-7.768738441578372,3.0084842442250506,0.3318781963294963,-0.31733349064447297,-0.0035620620028814225,1.0,0.0,0.0,TRACKING,0.4542093177239255,0,32,0,0,39
24.633333333333333,-48.123626812307805,-7.774265480804559,3.008432985358599,0.3458636060412253,-0.3316223535711987,-0.003075531987082494,1.0,0.0,0.0,TRACKING,0.4527333005926083,0,32,0,0,39
24.65,-48.117629903606634,-7.780031146443483,3.0083919830411383,0.3598145220701772,-0.34593993833550757,-0.002460139047639004,1.0,0.0,0.0,TRACKING,0.4512127347928192,0,32,0,0,39
24.666666666666668,-48.111411079111924,-7.786045326755703,3.008361225178083,0.37312946968260624,-0.3608508187331421,-0.0018454717833136928,1.0,0.0,0.0,TRACKING,0.4496626551752214,0,32,0,0,39
24.683333333333334,-48.10498179436511,-7.792317795888394,3.0083406887931448,0.38575708480877335,-0.3763481479614882,-0.0012321830963151995,1.0,0.0,0.0,TRACKING,0.4480987539369109,0,32,0,0,41
24.7,-48.09835440267631,-7.798858147449729,3.008330338431444,0.3976435013283296,-0.39242109368010886,-0.0006210217020424835,1.0,0.0,0.0,TRACKING,0.4465373709341709,0,32,0,0,41
24.716666666666665,-48.09154219178926,-7.805675717749367,3.008330124450085,0.4087326532227463,-0.40905421797830943,-1.2838881570108947e-05,1.0,0.0,0.0,TRACKING,0.4449954728131169,0,32,0,0,41
24.733333333333334,-48.08447253626431,-7.812704966874985,3.008324866248442,0.4241793314969968,-0.42175494753696713,-0.00031549209857084903,1.0,0.0,0.0,TARGET_HOLD,0.44338358247652,0,32,0,0,41
24.75,-48.07714923438704,-7.819950471613509,3.0083167534093063,0.4393981126357443,-0.43473028431148236,-0.000486770348129411,1.0,0.0,0.0,TARGET_HOLD,0.4417081157417896,0,32,0,0,42
24.766666666666666,-48.06959683241039,-7.827438094827296,3.0083069377767995,0.453144118599327,-0.4492573928272932,-0.0005889379504186721,1.0,0.0,0.0,TARGET_HOLD,0.44000398574191724,0,32,0,0,42
24.783333333333335,-48.061778706654266,-7.835126951775897,3.00829448242651,0.4690875453674311,-0.46133141691598595,-0.0007473210173677093,1.0,0.0,0.0,TARGET_HOLD,0.43822107596162696,0,32,0,0,42
24.8,-48.0536925284231,-7.843013929970276,3.0082793900882177,0.48517069386996176,-0.4732186916627425,-0.0009055402975590701,1.0,0.0,0.0,TARGET_HOLD,0.4363572415069321,0,32,0,0,42
24.816666666666666,-48.04533580688812,-7.851095614341318,3.008261663999604,0.5014032920988843,-0.4849010622625659,-0.001063565316834429,1.0,0.0,0.0,TARGET_HOLD,0.43441008003631076,0,32,0,0,42
24.833333333333332,-48.03670586347845,-7.859368228024077,3.0082413080382393,0.5177966045801612,-0.4963568209655373,-0.0012213576818710437,1.0,0.0,0.0,TARGET_HOLD,0.43237687712746764,0,32,0,0,42
24.85,-48.027831861961324,-7.8678678802268855,3.008221463653109,0.5324400910275199,-0.5099791321684599,-0.0011906631078256655,1.0,0.0,0.0,TARGET_HOLD,0.4303018161811256,0,32,0,0,42
24.866666666666667,-48.018674730029865,-7.8765434535657946,3.0082014363364786,0.5494279158874552,-0.5205344003345445,-0.0012016389978128674,1.0,0.0,0.0,TARGET_HOLD,0.4281271985942834,0,32,0,0,43
24.883333333333333,-48.00928215061166,-7.885416692948483,3.0081809531400907,0.5635547650921267,-0.532394362961319,-0.0012289917832862599,1.0,0.0,0.0,TARGET_HOLD,0.4259040964709637,0,32,0,0,43
24.9,-47.99967541090905,-7.8944763585401905,3.00816004860029,0.5764043821567095,-0.5435799355024675,-0.0012542723880419712,1.0,0.0,0.0,TARGET_HOLD,0.4236925830923868,0,32,0,0,43
24.916666666666668,-47.989869984332934,-7.903707516922159,3.008138754637032,0.5883255945669111,-0.5538695029180325,-0.0012776377954677096,1.0,0.0,0.0,TARGET_HOLD,0.42289844247734754,0,32,0,0,43
24.933333333333334,-47.97988018737432,-7.913096381133266,3.008117100752094,0.5993878175167229,-0.5633318526664242,-0.001299233096270281,1.0,0.0,0.0,TARGET_HOLD,0.4221729847036797,0,32,0,0,43
24.95,-47.969719265608525,-7.922630222120184,3.0080951142122703,0.6096553059476842,-0.5720304592151627,-0.001319192389436294,1.0,0.0,0.0,TARGET_HOLD,0.42152176219903725,0,32,0,0,43
24.966666666666665,-47.959400830633676,-7.9322104979112105,3.008072892467561,0.6191060984909339,-0.5748165474616034,-0.0013333046825661243,1.0,0.0,0.0,TARGET_HOLD,0.42089925800951633,0,32,0,0,43
24.983333333333334,-47.94892640580076,-7.941910548037422,3.0080503595923704,0.6284654899746893,-0.5820030075726026,-0.0013519725114239762,1.0,0.0,0.0,TARGET_HOLD,0.42035321097617195,0,32,0,0,43
25.0,-47.93869333633225,-7.951380688567421,3.0080283527941307,0.6139841681106836,-0.5682084318000037,-0.00132040789437519,1.0,0.0,0.0,TARGET_HOLD,0.4199137518044168,0,32,0,0,43
25.016666666666666,-47.92870150757936,-7.960620799204824,3.0080068720663964,0.5995097251734912,-0.5544066382441907,-0.0012888436640520976,1.0,0.0,0.0,TARGET_HOLD,0.419573795226477,0,32,0,0,43
25.033333333333335,-47.918950787204636,-7.969630741242403,3.0079859174014634,0.585043222483311,-0.5405965222546821,-0.001257279895991293,1.0,0.0,0.0,TARGET_HOLD,0.4193264007563289,0,32,0,0,43
25.05,-47.90944102119726,-7.9784103534572575,3.007965488790018,0.5705859604425376,-0.5267767328913022,-0.0012257166867461723,1.0,0.0,0.0,TARGET_HOLD,0.4191647677544531,0,32,0,0,43
25.066666666666666,-47.900169027413455,-7.986956410547857,3.0079503027679566,0.5563196270282899,-0.5127634254359927,-0.0009111613236698196,1.0,0.0,0.0,TRACKING,0.41907773597761133,0,32,0,0,43
25.083333333333332,-47.89112177691771,-7.99525654063903,3.007946138385459,0.5428350297450526,-0.49800780547037815,-0.0002498629498467647,1.0,0.0,0.0,TRACKING,0.41904272668863296,0,32,0,0,43
25.1,-47.88231281086785,-8.003323607059244,3.007945573896523,0.5285379629912792,-0.4840239852127691,-3.386933615244389e-05,1.0,0.0,0.0,TRACKING,0.41877141928866246,0,32,0,0,43
25.116666666666667,-47.87374140832996,-8.011157601837239,3.007948603506155,0.5142841522732624,-0.47003968667972895,0.00018177657791669988,1.0,0.0,0.0,TRACKING,0.41804673157949834,0,32,0,0,43
25.133333333333333,-47.865389199721584,-8.018775758218291,3.0079549549341604,0.5011325165026722,-0.45708938286316714,0.00038108568031393976,1.0,0.0,0.0,TRACKING,0.41725585522045616,0,32,0,0,43
25.15,-47.857239197405065,-8.026193991995509,3.007964376527632,0.48900013899098355,-0.44509402663310416,0.0005652956082871472,1.0,0.0,0.0,TRACKING,0.4164032835463546,0,32,0,0,43
25.166666666666668,-47.84933570403063,-8.03338785025852,3.0079735131509957,0.4742096024659233,-0.43163149578068566,0.0005481974018140784,1.0,0.0,0.0,STATE_OUTSIDE_FREE_DOMAIN,0.41550864674283006,0,32,0,0,43
25.183333333333334,-47.841678719598285,-8.040357333007325,3.0079823648042514,0.45941906594086623,-0.41816896492827005,0.0005310991953410132,1.0,0.0,0.0,STATE_OUTSIDE_FREE_DOMAIN,0.4145781946909699,0,32,0,0,43
25.2,-47.834268244108024,-8.047102440241922,3.007990931487399,0.44462852941580916,-0.40470643407585444,0.000514000988867948,1.0,0.0,0.0,STATE_OUTSIDE_FREE_DOMAIN,0.4136179825811499,0,32,0,0,43
25.216666666666665,-47.82710427755985,-8.053623171962313,3.007999213200439,0.4298379928907521,-0.3912439032234388,0.0004969027823948827,1.0,0.0,0.0,STATE_OUTSIDE_FREE_DOMAIN,0.4126338708900317,0,32,0,0,43
25.233333333333334,-47.820186819953754,-8.059919528168498,3.008007209943371,0.41504745636569185,-0.37778137237102033,0.00047980457592181394,1.0,0.0,0.0,STATE_OUTSIDE_FREE_DOMAIN,0.4116315253582772,0,32,0,0,43
25.25,-47.813515871289745,-8.065991508860474,3.008014921716195,0.4002569198406348,-0.3643188415186047,0.0004627063694487488,1.0,0.0,0.0,STATE_OUTSIDE_FREE_DOMAIN,0.41061641696898177,0,32,0,0,43
25.266666666666666,-47.80709143156782,-8.071839114038244,3.0080223485189115,0.3854663833155777,-0.35085631066618905,0.00044560816297568363,1.0,0.0,0.0,STATE_OUTSIDE_FREE_DOMAIN,0.40959382192687466,0,32,0,0,43
25.283333333333335,-47.80091350078798,-8.077462343701809,3.00802949035152,0.37067584679051746,-0.33739377981377056,0.00042850995650261484,1.0,0.0,0.0,NO_REGULAR_FIELD,0.4085688216382738,0,32,0,0,43
25.3,-47.79498207895022,-8.082861197851164,3.0080363472140204,0.3558853102654604,-0.32393124896135495,0.0004114117500295497,1.0,0.0,0.0,NO_REGULAR_FIELD,0.4075463026917212,0,32,0,0,43
25.316666666666666,-47.789297166054546,-8.088035676486314,3.008042919106413,0.3410947737404033,-0.31046871810893933,0.0003943135435564845,1.0,0.0,0.0,NO_REGULAR_FIELD,0.40653095683943763,0,32,0,0,43
25.333333333333332,-47.783858762100955,-8.092985779607256,3.0080492060286974,0.32630423721534624,-0.29700618725652367,0.00037721533708341936,1.0,0.0,0.0,NO_REGULAR_FIELD,0.40552728097946544,0,32,0,0,43
25.35,-47.77866686708945,-8.097711507213992,3.0080552079808744,0.311513700690286,-0.28354365640410517,0.0003601171306103506,1.0,0.0,0.0,NO_REGULAR_FIELD,0.404539577138574,0,32,0,0,43
25.366666666666667,-47.773721481020026,-8.10221285930652,3.0080609249629435,0.2967231641652289,-0.2700811255516895,0.0003430189241372854,1.0,0.0,0.0,NO_REGULAR_FIELD,0.4035719524558875,0,32,0,0,43
25.383333333333333,-47.76902260389269,-8.106489835884842,3.0080663569749047,0.28193262764017185,-0.25661859469927384,0.00032592071766422026,1.0,0.0,0.0,NO_REGULAR_FIELD,0.4026283191673119,0,32,0,0,43
25.4,-47.76457023570744,-8.110542436948956,3.008071504016758,0.2671420911151148,-0.2431560638468582,0.0003088225111911551,1.0,0.0,0.0,NO_REGULAR_FIELD,0.40171239459059727,0,32,0,0,43
25.416666666666668,-47.76036437646427,-8.114370662498864,3.008076366088503,0.25235155459005454,-0.2296935329944397,0.00029172430471808625,1.0,0.0,0.0,NO_REGULAR_FIELD,0.40082770111124877,0,32,0,0,43
25.433333333333334,-47.756405026163186,-8.117974512534564,3.0080809431901403,0.2375610180649975,-0.21623100214202406,0.0002746260982450211,1.0,0.0,0.0,NO_REGULAR_FIELD,0.3999775661691285,0,32,0,0,43
25.45,-47.75269218480419,-8.121353987056057,3.00808523532167,0.22277048153994045,-0.20276847128960843,0.00025752789177195594,1.0,0.0,0.0,NO_REGULAR_FIELD,0.3991651222457855,0,32,0,0,43
25.466666666666665,-47.749225852387276,-8.124509086063343,3.008089242483092,0.20797994501488337,-0.1893059404371928,0.00024042968529889075,1.0,0.0,0.0,NO_REGULAR_FIELD,0.398393306852577,0,32,0,0,43
25.483333333333334,-47.74600602891245,-8.127439809556423,3.0080929646744057,0.19318940848982316,-0.1758434095847743,0.00022333147882582194,1.0,0.0,0.0,NO_REGULAR_FIELD,0.3976648625194661,0,32,0,0,43
25.5,-47.7430327143797,-8.130146157535295,3.0080964018956116,0.17839887196476611,-0.16238087873235865,0.00020623327235275675,1.0,0.0,0.0,NO_REGULAR_FIELD,0.39698233678462647,0,32,0,0,43
25.516666666666666,-47.74030590878904,-8.13262812999996,3.0080995541467095,0.16360833543970907,-0.148918347879943,0.00018913506587969157,1.0,0.0,0.0,NO_REGULAR_FIELD,0.3963480821847417,0,32,0,0,43
25.533333333333335,-47.73782561214046,-8.134885726950419,3.0081024214276995,0.14881779891464886,-0.13545581702752452,0.00017203685940662275,1.0,0.0,0.0,NO_REGULAR_FIELD,0.39576425624605815,0,32,0,0,43
25.55,-47.73559182443397,-8.13691894838667,3.0081050037385815,0.1340272623895918,-0.12199328617510888,0.0001549386529335576,1.0,0.0,0.0,NO_REGULAR_FIELD,0.39523282147620775,0,32,0,0,43
25.566666666666666,-47.73360454566956,-8.138727794308714,3.008107301079356,0.11923672586453475,-0.10853075532269324,0.00013784044646049243,1.0,0.0,0.0,NO_REGULAR_FIELD,0.3947555453567072,0,32,0,0,43
25.583333333333332,-47.73186377584723,-8.140312264716552,3.0081093134500225,0.10444618933947769,-0.0950682244702776,0.00012074223998742726,1.0,0.0,0.0,NO_REGULAR_FIELD,0.3943340003362802,0,32,0,0,43
25.6,-47.73036951496699,-8.141672359610183,3.008111040850581,0.08965565281441748,-0.08160569361785909,0.00010364403351435844,1.0,0.0,0.0,NO_REGULAR_FIELD,0.39396956382485393,0,32,0,0,43
25.616666666666667,-47.72912176302883,-8.142808078989606,3.0081124832810318,0.07486511628936042,-0.06814316276544345,8.654582704129327e-05,1.0,0.0,0.0,NO_REGULAR_FIELD,0.39366341818832895,0,32,0,0,43
25.633333333333333,-47.72812052003276,-8.143719422854824,3.0081136407413744,0.06007457976430336,-0.05468063191302781,6.94476205682281e-05,1.0,0.0,0.0,NO_REGULAR_FIELD,0.3934165507441032,0,32,0,0,43
25.65,-47.727365785978776,-8.144406391205834,3.008114513231609,0.0452840432392463,-0.041218101060612175,5.234941409516293e-05,1.0,0.0,0.0,NO_REGULAR_FIELD,0.3932297537572772,0,32,0,0,43
25.666666666666668,-47.726857560866875,-8.144868984042636,3.0081151007517364,0.03049350671418609,-0.027755570208193664,3.525120762209412e-05,1.0,0.0,0.0,NO_REGULAR_FIELD,0.39310362443768465,0,32,0,0,43
25.683333333333334,-47.72659584469706,-8.145107201365233,3.0081154033017556,0.015702970189129035,-0.014293039355778019,1.8153001149028952e-05,1.0,0.0,0.0,NO_REGULAR_FIELD,0.39303856493760714,0,32,0,0,43
25.7,-47.726580637469326,-8.145121043173623,3.008115420881667,0.0009124336640719804,-0.000830508503362375,1.054794675963787e-06,1.0,0.0,0.0,NO_REGULAR_FIELD,0.3930347823502296,0,32,0,0,45
25.716666666666665,-47.726580637469326,-8.145121043173623,3.008115420881667,0.0,0.0,0.0,1.0,0.0,0.0,NO_REGULAR_FIELD,0.3930347823502296,0,32,0,0,45
25.733333333333334,-47.726580637469326,-8.145121043173623,3.008115420881667,0.0,0.0,0.0,1.0,0.0,0.0,NO_REGULAR_FIELD,0.3930347823502296,0,32,0,0,45
25.75,-47.726580637469326,-8.145121043173623,3.008115420881667,0.0,0.0,0.0,1.0,0.0,0.0,NO_REGULAR_FIELD,0.3930347823502296,0,32,0,0,46
25.766666666666666,-47.726580637469326,-8.145121043173623,3.008115420881667,0.0,0.0,0.0,1.0,0.0,0.0,NO_REGULAR_FIELD,0.3930347823502296,0,32,0,0,46
25.783333333333335,-47.726580637469326,-8.145121043173623,3.008115420881667,0.0,0.0,0.0,1.0,0.0,0.0,NO_REGULAR_FIELD,0.3930347823502296,0,32,0,0,46
25.8,-47.726774549273195,-8.144849974569436,3.0081210007791275,-0.011634708232188542,0.016264116251164456,0.0003347938476240327,1.0,0.0,0.0,NO_REGULAR_FIELD,0.39303867411925897,0,32,0,0,46
25.816666666666666,-47.727162121772416,-8.144308188384743,3.0081444311048817,-0.02325434995345272,0.032507171081596814,0.0014058195452518853,1.0,0.0,0.0,NO_REGULAR_FIELD,0.39304244365418084,0,32,0,0,46
25.833333333333332,-47.727749622617004,-8.143499933878799,3.0081794546010543,-0.03525005067536661,0.048495270356650556,0.002101409770352247,1.0,0.0,0.0,NO_REGULAR_FIELD,0.393053740449823,0,32,0,0,46
25.85,-47.72853705180696,-8.142425211051604,3.008226071267645,-0.047245751397283056,0.0644833696317077,0.002796999995452757,1.0,0.0,0.0,TRACKING,0.39307205550870916,0,32,0,0,46
25.866666666666667,-47.72953067126219,-8.141088835217856,3.0082842805947956,-0.059617167313761224,0.08018255002488739,0.0034925596290338663,1.0,0.0,0.0,TRACKING,0.3931029828867548,0,32,0,0,47
25.883333333333333,-47.730736761735095,-8.139495880323956,3.008354081455562,-0.07236542837421589,0.09557729363395052,0.004188051645997022,1.0,0.0,0.0,TRACKING,0.39315206431386573,0,32,0,0,47
25.9,-47.732155343416835,-8.13764610679846,3.0084255519700767,-0.0851149009042828,0.11098641152979145,0.004288230870883956,1.0,0.0,0.0,TRACKING,0.39322120051474996,0,32,0,0,47
25.916666666666668,-47.733789463282925,-8.135542110388611,3.0085020351953706,-0.09804719196538447,0.12623978459090118,0.004588993517644719,1.0,0.0,0.0,TRACKING,0.393311262801755,0,32,0,0,47
25.933333333333334,-47.735634827818515,-8.133180306912491,3.0085832425395265,-0.11072187213543944,0.14170820856719252,0.004872440649338503,1.0,0.0,0.0,TRACKING,0.3934164690358216,0,32,0,0,47
25.95,-47.7376932307723,-8.130562149074501,3.0086673107635686,-0.1235041772272688,0.15708947027935186,0.005044093442525771,1.0,0.0,0.0,TRACKING,0.3935375740998093,0,32,0,0,47
25.966666666666665,-47.73997158027521,-8.127693538754716,3.0087542392329114,-0.1367009701745409,0.17211661918709015,0.005215708160555399,1.0,0.0,0.0,TRACKING,0.39367991246542355,0,32,0,0,47
25.983333333333334,-47.742476789186675,-8.124580720029625,3.008844026834554,-0.1503125346880516,0.18676912350545255,0.0053872560985544805,1.0,0.0,0.0,TRACKING,0.39384877227150994,0,32,0,0,47
26.0,-47.745201647561,-8.121218442711239,3.0089590262352144,-0.16349150245932123,0.2017366391032011,0.006899964039614077,1.0,0.0,0.0,TRACKING,0.39402835354828325,0,32,0,0,47
26.016666666666666,-47.74814741355387,-8.117606804199525,3.0090854243392244,-0.17674595957257608,0.2166983107028531,0.007583886240606532,1.0,0.0,0.0,REFERENCE_INITIALIZATION,0.39422129307288656,0,32,0,0,47
26.033333333333335,-47.75131694222632,-8.113748215805414,3.009219380877501,-0.19017172034664379,0.2315153036465924,0.008037392296585451,1.0,0.0,0.0,REFERENCE_INITIALIZATION,0.3944291192231866,0,32,0,0,47
26.05,-47.7547114258714,-8.109643801689264,3.0093620601321223,-0.2036690187048598,0.24626484696900372,0.008560755277284306,1.0,0.0,0.0,REFERENCE_INITIALIZATION,0.39465005157765765,0,32,0,0,47
26.066666666666666,-47.758338623643354,-8.105300893834583,3.0095134562064123,-0.21763186631738662,0.26057447128087236,0.009083764457400889,1.0,0.0,0.0,REFERENCE_INITIALIZATION,0.39488952621507334,0,32,0,0,47
26.083333333333332,-47.76219925644762,-8.100720046247147,3.0096668221481138,-0.23163796825602379,0.2748508552461849,0.009201956502082448,1.0,0.0,0.0,REFERENCE_INITIALIZATION,0.3951469874014891,0,32,0,0,47
26.1,-47.766283647232186,-8.095892870530673,3.0098393173921933,-0.24506344707382197,0.28963054298845087,0.01034971464476331,1.0,0.0,0.0,REFERENCE_INITIALIZATION,0.3954044011394131,0,32,0,0,47
26.116666666666667,-47.77059538024413,-8.090822543236424,3.010029246310219,-0.2587039807165679,0.30421963765490967,0.011395735081548874,1.0,0.0,0.0,REFERENCE_INITIALIZATION,0.3956626363122714,0,32,0,0,47
26.133333333333333,-47.77513886263678,-8.085513067627089,3.010233715484304,-0.27260894355871457,0.3185685365601186,0.01226815044510545,1.0,0.0,0.0,TRACKING,0.39592356054222333,0,32,0,0,47
26.15,-47.779914094410124,-8.079964443702666,3.0104527249144484,-0.2865139064008612,0.33291743546532754,0.013140565808662024,1.0,0.0,0.0,TRACKING,0.3961834090462002,0,32,0,0,47
26.166666666666668,-47.78493018968562,-8.074185852324005,3.0106862551723115,-0.3009657165295163,0.3467154827195566,0.014011815471783071,1.0,0.0,0.0,TRACKING,0.39644827789089165,0,32,0,0,47
26.183333333333334,-47.79018906908767,-8.068179366724493,3.010934990794501,-0.3155327641230521,0.3603891359706874,0.01492413733135835,1.0,0.0,0.0,TRACKING,0.39671603516847065,0,32,0,0,47
26.2,-47.795700021630026,-8.061955303250283,3.011198895842728,-0.3306571525417186,0.3734438084526212,0.015834302893604622,1.0,0.0,0.0,TRACKING,0.3969930564048243,0,32,0,0,47
26.216666666666665,-47.80142884979657,-8.0554792188785,3.0114740610278155,-0.3437296899929761,0.38856506230703947,0.01650991110526745,1.0,0.0,0.0,TRACKING,0.3972381361961804,0,32,0,0,47
26.233333333333334,-47.80737555358661,-8.048751113608539,3.011760486349831,-0.35680222740231665,0.40368631619752243,0.01718551932092982,1.0,0.0,0.0,TRACKING,0.3974465697354581,0,32,0,0,47
26.25,-47.813543184918885,-8.04177370879992,3.012059235316418,-0.3700578799365768,0.4186442885171586,0.0179249379952374,1.0,0.0,0.0,TRACKING,0.39761640613863536,0,32,0,0,47
26.266666666666666,-47.81994379940765,-8.03455823193174,3.012370299085367,-0.3840368693262967,0.43292861209078737,0.018663826136925826,1.0,0.0,0.0,TRACKING,0.3977553524562576,0,32,0,0,47
26.283333333333335,-47.8265507460643,-8.027081342135686,3.0126955554140276,-0.3964167993988382,0.4486133877632317,0.01951537971962371,1.0,0.0,0.0,TRACKING,0.39783025180357323,0,32,0,0,47
26.3,-47.83337792995705,-8.019354642670864,3.013035017387055,-0.40963103356532987,0.46360196788939184,0.020367718381633117,1.0,0.0,0.0,TRACKING,0.397849771670308,0,32,0,0,47
26.316666666666666,-47.840425578391425,-8.011378157020724,3.0133851263608524,-0.4228589060623384,0.47858913900843214,0.02100653842784587,1.0,0.0,0.0,TRACKING,0.3978091586238468,0,32,0,0,47
26.333333333333332,-47.84770824683083,-8.00316555125937,3.0137463709274863,-0.43696010636403365,0.4927563456812828,0.021674673998040513,1.0,0.0,0.0,TRACKING,0.39771788315239087,0,32,0,0,47
26.35,-47.85521033438225,-7.994702277508132,3.0141191012784216,-0.45012525308511986,0.5077964250741825,0.022363821056126516,1.0,0.0,0.0,TRACKING,0.39689178910811185,0,32,0,0,47
26.366666666666667,-47.862948345702904,-7.986003802780477,3.014503302763231,-0.4642806792392302,0.5219084836593431,0.023052089088567842,1.0,0.0,0.0,TRACKING,0.39569246685532944,0,32,0,0,47
26.383333333333333,-47.870887099060425,-7.977039512079429,3.014899978783484,-0.4763252014513181,0.5378574420628925,0.023800561215184965,1.0,0.0,0.0,TRACKING,0.3945056497585311,0,32,0,0,47
26.4,-47.8790467658848,-7.96782587852522,3.015308337819169,-0.4895800094627663,0.5528180132525583,0.024501542141135337,1.0,0.0,0.0,TRACKING,0.3933597148629021,0,32,0,0,47
26.416666666666668,-47.887445371555536,-7.958384068893787,3.015728253841764,-0.5039163402438002,0.5665085778858732,0.025194961355659948,1.0,0.0,0.0,TRACKING,0.39228488041347453,0,32,0,0,47
26.433333333333334,-47.89602332476517,-7.948694487912768,3.016155450147004,-0.5146771925779793,0.5813748588612301,0.025631778314426614,1.0,0.0,0.0,TRACKING,0.39124035338407526,0,32,0,0,47
26.45,-47.90478987273162,-7.938795740099638,3.0165898895549175,-0.5259928779872546,0.5939248687878194,0.02606636447481193,1.0,0.0,0.0,TRACKING,0.39026156956250735,0,32,0,0,47
26.466666666666665,-47.91375110481407,-7.928722186354371,3.017031023345605,-0.5376739249469207,0.6044132247161074,0.026468027441228663,1.0,0.0,0.0,TRACKING,0.3893791725395097,0,32,0,0,47
26.483333333333334,-47.92284868473307,-7.918448280177278,3.017474704057265,-0.5458547951397634,0.6164343706254108,0.02662084269961191,1.0,0.0,0.0,TRACKING,0.38854789025954506,0,32,0,0,47
26.5,-47.932093494290875,-7.908007660864815,3.0179234172884692,-0.5546885734684509,0.6264371587478614,0.026922793872264664,1.0,0.0,0.0,TRACKING,0.3877993654656756,0,32,0,0,47
26.516666666666666,-47.941494796601866,-7.897431429941382,3.018376781787737,-0.5640781386592965,0.6345738554059821,0.02720186995608009,1.0,0.0,0.0,TRACKING,0.3871629446484719,0,32,0,0,47
26.533333333333335,-47.951022369488186,-7.886713220237522,3.018834746232746,-0.5716543731792568,0.6430925822315204,0.02747786670050785,1.0,0.0,0.0,TRACKING,0.3866203086094532,0,32,0,0,47
26.55,-47.96066453777787,-7.875861867428105,3.019295742801645,-0.5785300973811571,0.6510811685650423,0.02765979413396808,1.0,0.0,0.0,TRACKING,0.3861737668759072,0,32,0,0,47
26.566666666666666,-47.970433038838586,-7.8649059285874054,3.0197595417880803,-0.5861100636427995,0.6573563304420189,0.027827939186105568,1.0,0.0,0.0,TRACKING,0.38585162468464207,0,32,0,0,47
26.583333333333332,-47.98027865605472,-7.853818089786917,3.0202234410164013,-0.5907370329682728,0.6652703280293252,0.027833953699256044,1.0,0.0,0.0,TRACKING,0.3856103688375988,0,32,0,0,47
26.6,-47.99021639702694,-7.842626539071683,3.0206896863712425,-0.5962644583330512,0.6714930429138881,0.027974721290473212,1.0,0.0,0.0,TRACKING,0.38547904613759965,0,32,0,0,47
26.616666666666667,-48.0002596699611,-7.831357638937529,3.021158100115746,-0.6025963760498823,0.6761340080492938,0.028104824670234507,1.0,0.0,0.0,TRACKING,0.38551688445778853,0,32,0,0,47
26.633333333333333,-48.01037974589694,-7.819998427521701,3.021628309447562,-0.6072045561504551,0.6815526849497316,0.02821255990895771,1.0,0.0,0.0,TRACKING,0.3868375445374491,0,32,0,0,47
26.65,-48.02057080642524,-7.808555746587961,3.022100178337348,-0.6114636316979543,0.6865608560243788,0.02831213338717158,1.0,0.0,0.0,TRACKING,0.3881919977588012,0,32,0,0,47
26.666666666666668,-48.03084786818263,-7.797054417626253,3.0225735810610157,-0.6166237054435785,0.6900797377024063,0.02840416342006624,1.0,0.0,0.0,TRACKING,0.3896065083152529,0,32,0,0,49
26.683333333333334,-48.04116449093495,-7.7854633434755804,3.023046644740748,-0.6189973651393953,0.6954644490403904,0.028383820783924322,1.0,0.0,0.0,TRACKING,0.39102745142636175,0,32,0,0,49
26.7,-48.05153859533301,-7.773807589736398,3.0235209500953046,-0.6224462638832579,0.699345224350998,0.028458321273412076,1.0,0.0,0.0,TRACKING,0.39248305904116654,0,32,0,0,49
26.716666666666665,-48.06196734906372,-7.762093420802975,3.023996590134783,-0.6257252238427494,0.7028501360054438,0.028538402368704415,1.0,0.0,0.0,TRACKING,0.3939747770794275,0,32,0,0,50
26.733333333333334,-48.07246694911242,-7.750343822960813,3.024473463746689,-0.6299760029217103,0.7049758705295798,0.02861241671435341,1.0,0.0,0.0,TRACKING,0.3955285520645917,0,32,0,0,50
26.75,-48.08300984619059,-7.738541267510486,3.0249512827696208,-0.6325738246904754,0.7081533270196751,0.02866914137590765,1.0,0.0,0.0,TRACKING,0.3971128111104498,0,32,0,0,50
26.766666666666666,-48.093592880799825,-7.726689870540085,3.02542989658347,-0.6349820765539915,0.7110838182241433,0.028716828830963045,1.0,0.0,0.0,TRACKING,0.3987274366570215,0,32,0,0,50
26.783333333333335,-48.10419367510884,-7.714776446813226,3.0259083917682412,-0.6360476585405836,0.7148054236114305,0.028709711086274445,1.0,0.0,0.0,TRACKING,0.40034743316995947,0,32,0,0,50
26.8,-48.11483178883001,-7.702823980074908,3.0263876859906826,-0.6382868232703951,0.7171480042991163,0.028757653346489432,1.0,0.0,0.0,TRACKING,0.40200104038727436,0,32,0,0,50
26.816666666666666,-48.12550260299316,-7.6908338108702,3.026867178021398,-0.6402488497889091,0.7194101522825319,0.028769521842901283,1.0,0.0,0.0,TRACKING,0.40368541611097775,0,32,0,0,50
26.833333333333332,-48.13620375446846,-7.6788088948778865,3.0273467986277165,-0.6420690885183843,0.721494959538868,0.02877723637911018,1.0,0.0,0.0,TRACKING,0.405400276372037,0,32,0,0,50
26.85,-48.146953318843174,-7.666770385710174,3.0278265380690623,-0.644973862482685,0.7223105500626517,0.028784366480757797,1.0,0.0,0.0,TRACKING,0.40717179943298465,0,32,0,0,50
26.866666666666667,-48.15772725265598,-7.654700791506878,3.028306422688214,-0.6464360287686578,0.7241756521978148,0.02879307714908934,1.0,0.0,0.0,TRACKING,0.4089708830315285,0,32,0,0,51
26.883333333333333,-48.1685041467428,-7.642585377624188,3.028785147928377,-0.6466136452091227,0.7269248329614222,0.028723514409787747,1.0,0.0,0.0,TRACKING,0.41077234948952757,0,32,0,0,51
26.9,-48.179304857307976,-7.630446051705167,3.0292639696835764,-0.6480426339106314,0.7283595551413028,0.02872930531194215,1.0,0.0,0.0,TRACKING,0.4126046552843763,0,32,0,0,51
26.916666666666668,-48.19012743597649,-7.618284492607731,3.0297427739340734,-0.6493547201107392,0.7296935458460622,0.02872825502981346,1.0,0.0,0.0,TRACKING,0.4144670324528733,0,32,0,0,51
26.933333333333334,-48.20096859686318,-7.606100918808653,3.0302211639335472,-0.6504696532011708,0.731014427944735,0.028703399968433303,1.0,0.0,0.0,TRACKING,0.41635688538996996,0,32,0,0,51
26.95,-48.211827021748164,-7.593897091650424,3.0306995370117784,-0.6515054930992522,0.7322296294937394,0.028702384693879167,1.0,0.0,0.0,TRACKING,0.4190806189639015,0,32,0,0,51
26.966666666666665,-48.22272178011754,-7.581693063125402,3.0311778944506793,-0.6536855021626747,0.7322417115013536,0.02870144633406398,1.0,0.0,0.0,TRACKING,0.42260335302574736,0,32,0,0,51
26.983333333333334,-48.23360867396567,-7.5694519704585606,3.0316550592372224,-0.6532136308876465,0.7344655600103688,0.02862988719257326,1.0,0.0,0.0,TRACKING,0.4260474559502758,0,32,0,0,51
27.0,-48.24450938676958,-7.55719498962792,3.0321320465100263,-0.6540427682346787,0.7354188498384762,0.02861923636823447,1.0,0.0,0.0,TRACKING,0.4294389398953655,0,32,0,0,51
27.016666666666666,-48.25542442168042,-7.5449247082480415,3.0326089646213013,-0.6549020946503185,0.736216882792767,0.028615086676497713,1.0,0.0,0.0,TRACKING,0.43277921862050606,0,32,0,0,51
27.033333333333335,-48.266350947780396,-7.532640566796539,3.0330854850915565,-0.6555915659985548,0.7370484870899937,0.0285912282153034,1.0,0.0,0.0,TRACKING,0.4360658592253004,0,32,0,0,51
27.05,-48.2772672940152,-7.520325537414807,3.03356175024863,-0.6549807740884224,0.7389017629039769,0.028575909424409112,1.0,0.0,0.0,TRACKING,0.43927425792215047,0,32,0,0,51
27.066666666666666,-48.28819501213776,-7.508000024481801,3.0340377794344295,-0.6556630873534035,0.7395307759804245,0.028561751147976513,1.0,0.0,0.0,TRACKING,0.4424303093914761,0,32,0,0,51
27.083333333333332,-48.29911218677011,-7.495646488602148,3.0345125870372773,-0.6550304779406528,0.7412121527791817,0.028488456170880364,1.0,0.0,0.0,TRACKING,0.4455094338449517,0,32,0,0,51
27.1,-48.31003913872295,-7.483284014759696,3.0349869358710926,-0.6556171171704019,0.7417484305470046,0.02846093002892229,1.0,0.0,0.0,TRACKING,0.44853575162270876,0,32,0,0,51
27.116666666666667,-48.32097521734265,-7.470913357993563,3.0354608114952226,-0.6561647171819238,0.7422394059680272,0.02843253744780802,1.0,0.0,0.0,TRACKING,0.4515091152969348,0,32,0,0,51
27.133333333333333,-48.33191822317678,-7.4585337941481535,3.0359339747039744,-0.6565803500479115,0.7427738307246436,0.028389792525105945,1.0,0.0,0.0,TRACKING,0.4544276118343681,0,32,0,0,51
27.15,-48.34286771326118,-7.4461460679266676,3.036406416613503,-0.6569694050641965,0.7432635732891774,0.028346514571738642,1.0,0.0,0.0,TRACKING,0.4572912825437485,0,32,0,0,51
27.166666666666668,-48.353843634596856,-7.433769249148281,3.03687819186769,-0.6585552801406712,0.742609126703075,0.028306515251202185,1.0,0.0,0.0,TRACKING,0.4601241916239338,0,32,0,0,51
27.183333333333334,-48.36480233396487,-7.421365785729782,3.037350569349013,-0.6575219620808982,0.7442078051099681,0.028342648879386517,1.0,0.0,0.0,TRACKING,0.46287516655761674,0,32,0,0,51
27.2,-48.375766298891094,-7.408955983522503,3.0378233285978204,-0.6578378955735656,0.7445881324368134,0.02836555492846496,1.0,0.0,0.0,TRACKING,0.46557090232150233,0,32,0,0,51
27.216666666666665,-48.38673667684085,-7.396541685327241,3.0382963003013566,-0.6582226769852282,0.7448578917157785,0.02837830221217305,1.0,0.0,0.0,TRACKING,0.46821324101241235,0,32,0,0,51
27.233333333333334,-48.397711220592015,-7.384121678273433,3.038769581663349,-0.6584726250698397,0.745200423228375,0.028396881719532266,1.0,0.0,0.0,TRACKING,0.4707999189968116,0,32,0,0,51
27.25,-48.40868961455357,-7.371696394850368,3.039243149224823,-0.658703637693496,0.7455170053839563,0.028414053688455173,1.0,0.0,0.0,TRACKING,0.4735900136254705,0,32,0,0,51
27.266666666666666,-48.419692009213534,-7.359284680942304,3.0397169813040006,-0.6601436795975035,0.7447028344838936,0.028429924750641496,1.0,0.0,0.0,TRACKING,0.47649260765768997,0,32,0,0,51
27.283333333333335,-48.43067499519077,-7.346848808966148,3.040191152234106,-0.6589791586338637,0.7461523185692576,0.02845025580630994,1.0,0.0,0.0,TRACKING,0.47939689303683486,0,32,0,0,51
27.3,-48.441661223996206,-7.334408890436727,3.040665529388003,-0.6591737283263828,0.7463951117652847,0.028462629233827134,1.0,0.0,0.0,TRACKING,0.48233059986640003,0,32,0,0,51
27.316666666666666,-48.452651987615965,-7.321966589619465,3.0411400450499584,-0.659445817185771,0.7465380490357524,0.028470939717322993,1.0,0.0,0.0,TRACKING,0.48529603551623324,0,32,0,0,51
27.333333333333332,-48.463645200756254,-7.309520550374512,3.0416147730181273,-0.659592788417436,0.7467623546972244,0.02848367809014008,1.0,0.0,0.0,TRACKING,0.4882913699544209,0,32,0,0,51
27.35,-48.4746406636065,-7.297071043556253,3.0420897026158205,-0.6597277710147333,0.7469704090954472,0.028495775861573567,1.0,0.0,0.0,TRACKING,0.4913170543167893,0,32,0,0,51
27.366666666666667,-48.485658651512274,-7.284636773996925,3.0425648185680734,-0.6610792743465933,0.746056173559687,0.02850695713517118,1.0,0.0,0.0,TRACKING,0.4943983164022463,0,32,0,0,51
27.383333333333333,-48.49665586052736,-7.272179895957329,3.043040182785594,-0.6598325409053296,0.7474126823757846,0.028521853051247253,1.0,0.0,0.0,TRACKING,0.4974837306649653,0,32,0,0,51
27.4,-48.50765504898377,-7.259720400598869,3.04351571349064,-0.6599513073845995,0.7475697215076257,0.028531842302763573,1.0,0.0,0.0,TRACKING,0.5006011191336028,0,32,0,0,51
27.416666666666668,-48.51865760201671,-7.247259842955369,3.0439913943431964,-0.6601531819760266,0.7476334586098965,0.02854085115337823,1.0,0.0,0.0,TRACKING,0.5037527881642301,0,32,0,0,51
27.433333333333334,-48.52966152578798,-7.234796769892684,3.044467296030512,-0.6602354262762838,0.7477843837611748,0.02855410123894994,1.0,0.0,0.0,TRACKING,0.506936921682973,0,32,0,0,51
27.45,-48.54066670219773,-7.222331359651171,3.0449434084332587,-0.6603105845852264,0.7479246144908576,0.028566744164799842,1.0,0.0,0.0,TRACKING,0.5101539873966638,0,32,0,0,51
27.466666666666665,-48.55169348566284,-7.209882227415052,3.045419715588146,-0.66160700790616,0.7469479341672032,0.02857842929323687,1.0,0.0,0.0,TRACKING,0.5134293086900796,0,32,0,0,51
27.483333333333334,-48.56269863574424,-7.197411460292921,3.045896349993717,-0.660309004883856,0.7482460273276977,0.028598064334267165,1.0,0.0,0.0,TRACKING,0.5170486391484321,0,32,0,0,51
27.5,-48.573704977719075,-7.18493896827643,3.0463731666197766,-0.6603805184902256,0.7483495209894868,0.02860899756358239,1.0,0.0,0.0,TRACKING,0.5220124856092663,0,32,0,0,51
27.516666666666666,-48.58471395526137,-7.172466234987293,3.046850088561752,-0.6605386525379551,0.7483639973482933,0.028615316518524156,1.0,0.0,0.0,TRACKING,0.5270488289927078,0,32,0,0,51
27.533333333333335,-48.59572363128188,-7.159991747412041,3.0473271993992084,-0.6605805612304588,0.7484692545149898,0.028626650247376553,1.0,0.0,0.0,TRACKING,0.5321554375464763,0,32,0,0,51
27.55,-48.60673393857615,-7.147515626263087,3.0478044955433545,-0.6606184376563159,0.748567268937323,0.02863776864877721,1.0,0.0,0.0,TRACKING,0.537332157115439,0,32,0,0,51
27.566666666666666,-48.617765282193346,-7.135056429410989,3.048281962955805,-0.6618806170319778,0.7475518111259314,0.028648044747041454,1.0,0.0,0.0,TRACKING,0.5426013401091418,0,32,0,0,51
27.583333333333332,-48.62877445762395,-7.1225762029247655,3.04875973451621,-0.6605505258359157,0.7488135891734562,0.02866629362429857,1.0,0.0,0.0,TRACKING,0.5479155835395779,0,32,0,0,51
27.6,-48.63978433427098,-7.110094806852255,3.049237667077463,-0.660592598821883,0.7488837643505097,0.02867595367516053,1.0,0.0,0.0,TRACKING,0.5532997210953212,0,32,0,0,51
27.616666666666667,-48.650796393040345,-7.097613680615688,3.0497156424286205,-0.660723526161923,0.7488675741940836,0.028678521069475004,1.0,0.0,0.0,TRACKING,0.5587553170811199,0,32,0,0,51
27.633333333333333,-48.66180873204893,-7.08513127348902,3.0501937397058176,-0.6607403405153383,0.7489444276001267,0.02868583663182748,1.0,0.0,0.0,TRACKING,0.5642801477707191,0,32,0,0,51
27.65,-48.672821315769525,-7.072647670316639,3.0506719603139505,-0.6607550232358143,0.7490161903429071,0.028693236487976947,1.0,0.0,0.0,TRACKING,0.5698740598256631,0,32,0,0,51
27.666666666666668,-48.68385458212383,-7.060181391829868,3.0511502949097666,-0.6619959812579296,0.7479767092061448,0.02870007574896358,1.0,0.0,0.0,TRACKING,0.5755594504363455,0,32,0,0,53
27.683333333333334,-48.69486534709266,-7.047694460336341,3.0516288209944125,-0.6606458981299699,0.7492158896116538,0.02871156507873948,1.0,0.0,0.0,TRACKING,0.5812888414647077,0,32,0,0,53
27.7,-48.70587650814007,-7.03520670442253,3.0521074524768386,-0.6606696628449551,0.7492653548287515,0.02871788894557189,1.0,0.0,0.0,TRACKING,0.5870871014579631,0,32,0,0,53
27.716666666666665,-48.71688956804786,-7.02271953807947,3.0525861365260964,-0.660783594467182,0.7492299805836041,0.028721042955483767,1.0,0.0,0.0,TRACKING,0.5929557703053792,0,32,0,0,54
27.733333333333334,-48.72790264624778,-7.010231385724288,3.0530649224968,-0.6607846919949669,0.7492891413107846,0.02872715824219891,1.0,0.0,0.0,TRACKING,0.5988926392388074,0,32,0,0,54
27.75,-48.73891572710732,-6.997742309777457,3.0535438098149235,-0.6607848515727025,0.7493445568099103,0.028733239087424024,1.0,0.0,0.0,TRACKING,0.6048975590410568,0,32,0,0,54
27.766666666666666,-48.74994927048102,-6.985270806309854,3.0540227908026325,-0.6620126024220916,0.7482902080561944,0.028738859262556326,1.0,0.0,0.0,TRACKING,0.6109929730809875,0,32,0,0,54
27.783333333333335,-48.7609600991926,-6.97277888442328,3.05450193507738,-0.6606497226948005,0.7495153131943469,0.028748656484853353,1.0,0.0,0.0,TRACKING,0.6171313045072551,0,32,0,0,54
27.8,-48.77197113291876,-6.960286353220267,3.0549811682489536,-0.6606620235693582,0.7495518721808395,0.028753990294410076,1.0,0.0,0.0,TRACKING,0.6233374818775739,0,32,0,0,54
27.816666666666666,-48.78298388892828,-6.94779460977947,3.055460436357695,-0.660765360571094,0.7495046064479194,0.02875608652448328,1.0,0.0,0.0,TRACKING,0.6296130479225082,0,32,0,0,54
27.833333333333332,-48.79399650041683,-6.935302065253583,3.055939810957986,-0.660756689313147,0.7495526715532298,0.028762476017466003,1.0,0.0,0.0,TRACKING,0.6359557906370288,0,32,0,0,54
27.85,-48.8049881034339,-6.922790796436188,3.0564192826953067,-0.6594961810238333,0.7506761290435711,0.028768304239244095,1.0,0.0,0.0,TRACKING,0.6426048493039784,0,32,0,0,54
27.866666666666667,-48.81598115017376,-6.910280193124589,3.0568988442107914,-0.6595828043918796,0.7506361986959647,0.0287736909290693,1.0,0.0,0.0,TRACKING,0.6496225233277708,0,32,0,0,55
27.883333333333333,-48.82695436061891,-6.897751975486713,3.057378568610142,-0.6583926267089727,0.7516930582726323,0.028783463961050977,1.0,0.0,0.0,TRACKING,0.6566629003936815,0,32,0,0,55
27.9,-48.83792887311325,-6.885224360127345,3.0578584274169334,-0.6584707496600118,0.7516569215621164,0.028791528407493588,1.0,0.0,0.0,TRACKING,0.6637501430345256,0,32,0,0,55
27.916666666666668,-48.84890467567273,-6.872697377634542,3.0583384141092425,-0.6585481535686635,0.75161894956808,0.02879920153854555,1.0,0.0,0.0,TRACKING,0.6708841316951839,0,32,0,0,55
27.933333333333334,-48.859880158756695,-6.860169657176635,3.05881857896206,-0.6585289850379679,0.7516632274744617,0.028809891169060454,1.0,0.0,0.0,TRACKING,0.6780628935845325,0,32,0,0,55
27.95,-48.8708554247064,-6.8476413196777255,3.05929882075062,-0.6585159569821826,0.7517002499345825,0.028814507313600125,1.0,0.0,0.0,TRACKING,0.6852864551708877,0,32,0,0,55
27.966666666666665,-48.88185100946207,-6.835130771699478,3.059779133646457,-0.6597350853403354,0.7506328786949136,0.02881877375022012,1.0,0.0,0.0,TRACKING,0.6925784736734046,0,32,0,0,55
27.983333333333334,-48.89282359817919,-6.822600116064777,3.0602596067612646,-0.6583553230274888,0.7518393380819278,0.028828386888469747,1.0,0.0,0.0,TRACKING,0.6998888860607391,0,32,0,0,55
28.0,-48.903797732381115,-6.810070418419586,3.060740122025369,-0.658448052115547,0.7517818587114898,0.028830915846265518,1.0,0.0,0.0,TRACKING,0.7072457803094321,0,32,0,0,55
28.016666666666666,-48.91477329498692,-6.79754160619005,3.061220676245639,-0.6585337563485629,0.7517287337721894,0.028833253216217217,1.0,0.0,0.0,TRACKING,0.7148567553253495,0,32,0,0,55
28.033333333333335,-48.92574843673803,-6.785012088710652,3.0617013322650406,-0.6585085050663558,0.7517710487637533,0.028839361164095047,1.0,0.0,0.0,TRACKING,0.7233524681916301,0,32,0,0,55
28.05,-48.93674371278365,-6.772500274953507,3.062182082371518,-0.6597165627373439,0.7507088254287393,0.028845006388648797,1.0,0.0,0.0,TRACKING,0.7318965422746284,0,32,0,0,55
28.066666666666666,-48.94773717531626,-6.7599865598455935,3.062663009689999,-0.6596077519565451,0.7508229064748776,0.02885563910886189,1.0,0.0,0.0,TRACKING,0.740465232231676,0,32,0,0,55
28.083333333333332,-48.958709269381046,-6.74745421437076,3.063144259587136,-0.6583256438871588,0.7519407284900592,0.02887499382823052,1.0,0.0,0.0,TRACKING,0.7490374559134805,0,32,0,0,55
28.1,-48.96968273362706,-6.734922774819034,3.0636256675009292,-0.6584078547606714,0.751886373103422,0.02888447482757974,1.0,0.0,0.0,TRACKING,0.757637749637917,0,32,0,0,55
28.116666666666667,-48.98065746425395,-6.722392172560993,3.064107221460409,-0.6584838376135996,0.7518361354825107,0.02889323756880129,1.0,0.0,0.0,TRACKING,0.7662660194603488,0,32,0,0,55
28.133333333333333,-48.99162805329878,-6.709857709614704,3.0645889636325876,-0.6582353426897796,0.7520677767773846,0.02890453033071587,1.0,0.0,0.0,TRACKING,0.7749164295090816,0,32,0,0,55
28.15,-49.00257735613592,-6.697304801589879,3.065070879758927,-0.6569581702284136,0.7531744814895509,0.028914967580364194,1.0,0.0,0.0,TRACKING,0.7835705028435638,0,32,0,0,55
28.166666666666668,-49.01350534736619,-6.684733477903089,3.0655529566610817,-0.655679473816054,0.7542794212072456,0.028924614129281587,1.0,0.0,0.0,TRACKING,0.7922282106498137,0,32,0,0,55
28.183333333333334,-49.02439200787211,-6.672127494679066,3.0660350505853406,-0.6531996303552068,0.7563589934414007,0.028925635455541228,1.0,0.0,0.0,TRACKING,0.8008680697068131,0,32,0,0,55
28.2,-49.035257406170324,-6.659503215873327,3.0665171659052852,-0.6519238978927242,0.7574567283443653,0.028926919196677253,1.0,0.0,0.0,TRACKING,0.8095116078923132,0,32,0,0,55
28.216666666666665,-49.046101515145196,-6.646860677517442,3.0669992961163777,-0.6506465384923584,0.758552301353117,0.028927812665553793,1.0,0.0,0.0,TRACKING,0.8181587928892511,0,32,0,0,55
28.233333333333334,-49.05692594779067,-6.634201263047571,3.067481440090501,-0.6494659587282907,0.7595648681921287,0.028928638447393955,1.0,0.0,0.0,TRACKING,0.826811356184836,0,32,0,0,55
28.25,-49.06773067812383,-6.621525005164446,3.0679635957377607,-0.6482838199896407,0.7605754729875617,0.028929338835598964,1.0,0.0,0.0,TRACKING,0.8354692664755887,0,32,0,0,55
28.266666666666666,-49.07851567907927,-6.60883193557875,3.068445762173829,-0.6471000573262675,0.7615841751417798,0.028929986164091474,1.0,0.0,0.0,TRACKING,0.8441324906527206,0,32,0,0,55
28.283333333333335,-49.089258898363525,-6.596104541957038,3.0689279241971814,-0.6445931570554363,0.7636436173025788,0.02892972140113485,1.0,0.0,0.0,TRACKING,0.8527773395387162,0,32,0,0,55
28.3,-49.09998221541562,-6.583360280110714,3.069410110412387,-0.6433990231259874,0.7646557107794788,0.02893117291234071,1.0,0.0,0.0,TRACKING,0.8614272822188149,0,32,0,0,55
28.316666666666666,-49.11068726004204,-6.570600526515722,3.06989231315752,-0.6423026775852487,0.7655852156995242,0.028932164707979848,1.0,0.0,0.0,TRACKING,0.8700840692219372,0,32,0,0,55
28.333333333333332,-49.121372356189944,-6.55782398495512,3.0703745215940432,-0.6411057688742429,0.7665924936361614,0.028932506191392832,1.0,0.0,0.0,TRACKING,0.8787458934814956,0,32,0,0,55
28.35,-49.132037349721486,-6.545030589905058,3.0708567330468703,-0.6398996118924781,0.7676037030036272,0.028932687169615032,1.0,0.0,0.0,TRACKING,0.8874125832821209,0,32,0,0,55
28.366666666666667,-49.14268221156902,-6.532220376104965,3.0713389472874932,-0.6386917108520775,0.7686128280056526,0.028932854437365853,1.0,0.0,0.0,TRACKING,0.8960841005779072,0,32,0,0,55
28.383333333333333,-49.15328495327423,-6.519376280155849,3.071821132596459,-0.6361645023129693,0.7706457569469963,0.02893111853794376,1.0,0.0,0.0,TRACKING,0.9047368139228538,0,32,0,0,55
28.4,-49.163867656751904,-6.506515530497228,3.0723033174781413,-0.6349622086605649,0.7716449795173305,0.028931092900939634,1.0,0.0,0.0,TRACKING,0.9133944163745367,0,32,0,0,55
28.416666666666668,-49.17443029082579,-6.493638164753096,3.07278550196491,-0.6337580444328436,0.7726419446477593,0.028931069206132788,1.0,0.0,0.0,TRACKING,0.9220568667516156,0,32,0,0,55
28.433333333333334,-49.18497125600772,-6.480742988573728,3.073267684328724,-0.632457910916097,0.7737105707621549,0.0289309418288264,1.0,0.0,0.0,TRACKING,0.9307224346795466,0,32,0,0,55
28.45,-49.19549207495286,-6.467831258039137,3.0737498647304125,-0.6312491367082183,0.774703832075487,0.028930824101315953,1.0,0.0,0.0,TRACKING,0.9393927494451637,0,32,0,0,55
28.466666666666665,-49.20599271760122,-6.454903009824747,3.074232043318622,-0.6300385589015609,0.7756948928634675,0.028930715292556298,1.0,0.0,0.0,TRACKING,0.9481079114429636,0,32,0,0,55
28.483333333333334,-49.21645086723456,-6.441941322038242,3.074714174461085,-0.627488978000724,0.7777012671901882,0.028927868547787217,1.0,0.0,0.0,TRACKING,0.9568257992111762,0,32,0,0,55
28.5,-49.22688879827257,-6.428963178297593,3.0751962968387003,-0.6262758622802972,0.7786886244389983,0.028927342656936035,1.0,0.0,0.0,TRACKING,0.9655381352736416,0,32,0,0,55
28.516666666666666,-49.237309712257186,-6.415971119406,3.0756784281500162,-0.6252548390770448,0.7795235334956411,0.028927878678966484,1.0,0.0,0.0,TRACKING,0.974248382579411,0,32,0,0,55
28.533333333333335,-49.247710339483945,-6.402962678026357,3.0761605523854683,-0.624037633605314,0.7805064827784255,0.02892745412711604,1.0,0.0,0.0,TRACKING,0.9829529932637247,0,32,0,0,55
28.55,-49.258090404538876,-6.389937704549564,3.076642664034558,-0.6228039032957741,0.781498408607629,0.028926698945396744,1.0,0.0,0.0,TRACKING,0.9928448694436653,0,32,0,0,55
28.566666666666666,-49.26844987687801,-6.376896237066546,3.077124764050798,-0.6215683403479946,0.7824880489811161,0.02892600097441376,1.0,0.0,0.0,TRACKING,1.003070029431267,0,32,0,0,55
28.583333333333332,-49.27876652007437,-6.363821797924047,3.077606797705845,-0.6189985917817497,0.7844663485500507,0.028922019302823163,1.0,0.0,0.0,TRACKING,1.0132532852413987,0,32,0,0,55
28.6,-49.289061197362564,-6.350729926010961,3.0780888115781946,-0.6176806372915497,0.7855123147850239,0.028920832340962512,1.0,0.0,0.0,TRACKING,1.0234153376158133,0,32,0,0,55
28.616666666666667,-49.29933387463397,-6.337620664425198,3.0785708071665354,-0.6163606362845991,0.7865556951457969,0.02891973530045494,1.0,0.0,0.0,TRACKING,1.0335561505703363,0,32,0,0,55
28.633333333333333,-49.30958451115115,-6.324494094384791,3.0790539792498044,-0.6150381910305885,0.7875942024244179,0.028990324996150466,1.0,0.0,0.0,TRACKING,1.0436755425145905,0,32,0,0,55
28.65,-49.31981477777711,-6.311351527966194,3.079538238699598,-0.6138159975574802,0.7885539851159108,0.029055566987626635,1.0,0.0,0.0,TRACKING,1.0537751827756954,0,32,0,0,55
28.666666666666668,-49.330024645445334,-6.298193002281097,3.0800235031396648,-0.6125920600933689,0.7895115411056794,0.029115866403990987,1.0,0.0,0.0,TRACKING,1.0638550522207217,0,32,0,0,57
28.683333333333334,-49.340191287018584,-6.2850020269646345,3.0805105753245927,-0.6099984943948691,0.7914585189877625,0.029224331095679807,1.0,0.0,0.0,TRACKING,1.073892395975284,0,32,0,0,57
28.7,-49.35033577206214,-6.271793882915301,3.080998351574045,-0.6086691026132915,0.7924886429601014,0.02926657496714454,1.0,0.0,0.0,TRACKING,1.0839082580222916,0,32,0,0,57
28.716666666666665,-49.36046136595955,-6.258571040494662,3.0814867785497513,-0.6075356338449445,0.7933705452383649,0.029305618542360436,1.0,0.0,0.0,TRACKING,1.0939058858313109,0,32,0,0,58
28.733333333333334,-49.37056803990774,-6.245333536921082,3.0819758069542673,-0.6064004368911027,0.7942502144146565,0.029341704270969073,1.0,0.0,0.0,TRACKING,1.1038852558898922,0,32,0,0,58
28.75,-49.38065417295756,-6.232080268826899,3.0824661195464578,-0.605167982989318,0.7951960856510197,0.029418755531429596,1.0,0.0,0.0,TRACKING,1.113844681523259,0,32,0,0,58
28.766666666666666,-49.390718015642506,-6.218810017731622,3.08295754134632,-0.6038305610966513,0.7962150657166918,0.029485307991736417,1.0,0.0,0.0,TRACKING,1.1237824456466576,0,32,0,0,58
28.783333333333335,-49.40073827314636,-6.205507802164263,3.083451095146465,-0.6012154502309417,0.7981329340414307,0.029613228008679913,1.0,0.0,0.0,TRACKING,1.1336772893820746,0,32,0,0,58
28.8,-49.41073791068341,-6.192189906962171,3.0839454921226883,-0.5999782522232103,0.7990737121255369,0.029663818573395173,1.0,0.0,0.0,TRACKING,1.143552159738706,0,32,0,0,58
28.816666666666666,-49.42071849635292,-6.178857524108086,3.0844406634751556,-0.598835140170417,0.7999429712451892,0.029710281148040703,1.0,0.0,0.0,TRACKING,1.153408621141074,0,32,0,0,58
28.833333333333332,-49.430676672385005,-6.165508302985973,3.084936529649005,-0.5974905619251871,0.8009532673268193,0.02975197043097494,1.0,0.0,0.0,TRACKING,1.1632433474644759,0,32,0,0,58
28.85,-49.44061240713719,-6.1521422858063115,3.0854330380062533,-0.5961440851309184,0.8019610307795587,0.029790501434899013,1.0,0.0,0.0,TRACKING,1.1730563122446664,0,32,0,0,58
28.866666666666667,-49.45052887616189,-6.138761822098333,3.0859308071296785,-0.59498814148226,0.8028278224787279,0.029866147405517296,1.0,0.0,0.0,TRACKING,1.1828506015424296,0,32,0,0,59
28.883333333333333,-49.46040154246921,-6.1253499722099125,3.086430881477264,-0.5923599784389072,0.8047109933052726,0.03000446085514592,1.0,0.0,0.0,TRACKING,1.192601734492809,0,32,0,0,59
28.9,-49.47025317379922,-6.111922499457134,3.08693183290726,-0.5910978798007553,0.8056483651667264,0.030057085799746034,1.0,0.0,0.0,TRACKING,1.202332476551102,0,32,0,0,59
28.916666666666668,-49.48008558491225,-6.098480743957711,3.087433613014115,-0.5899446667817005,0.806505329965274,0.03010680641130005,1.0,0.0,0.0,TRACKING,1.2120446349767517,0,32,0,0,59
28.933333333333334,-49.489897028599906,-6.085023537434897,3.087936166071312,-0.5886866212593846,0.8074323913688741,0.030153183431810723,1.0,0.0,0.0,TRACKING,1.2217364799686095,0,32,0,0,59
28.95,-49.49968747571882,-6.07155091956352,3.0884394335220064,-0.5874268271351746,0.808357072282664,0.03019604704167665,1.0,0.0,0.0,TRACKING,1.231407988197549,0,32,0,0,59
28.966666666666665,-49.509458376491494,-6.058063981557876,3.0889439355822246,-0.5862540463602374,0.8092162803387026,0.030270123613077772,1.0,0.0,0.0,TRACKING,1.2410605451947512,0,32,0,0,59
28.983333333333334,-49.519185008530116,-6.044546053435086,3.089450731237805,-0.5835979223172177,0.8110756873672456,0.030407739334804156,1.0,0.0,0.0,TRACKING,1.250669483529193,0,32,0,0,59
29.0,-49.52889044471015,-6.03101274041587,3.089958409318195,-0.5823261708020904,0.8119987811529981,0.03046068482340954,1.0,0.0,0.0,TRACKING,1.2602578689461836,0,32,0,0,59
29.016666666666666,-49.5385765144293,-6.017465362615719,3.090466918187462,-0.5811641831491221,0.8128426680091051,0.030510532156029096,1.0,0.0,0.0,TRACKING,1.2698275236846923,0,32,0,0,59
29.033333333333335,-49.54823980868387,-6.003901643237384,3.0909761852956064,-0.5797976552739982,0.813823162700004,0.030556026488632593,1.0,0.0,0.0,TRACKING,1.2793750682054825,0,32,0,0,59
29.05,-49.55788029690244,-5.990321624987479,3.0914861532002877,-0.578429293114184,0.8148010949943524,0.03059807428088733,1.0,0.0,0.0,TRACKING,1.2886338325118074,0,32,0,0,59
29.066666666666666,-49.56750120408493,-5.9767275792196415,3.091997235324676,-0.5772544309492934,0.8156427460703195,0.030664927463297745,1.0,0.0,0.0,TRACKING,1.2977724038403702,0,32,0,0,59
29.083333333333332,-49.57707762600228,-5.963103103631002,3.092510385263801,-0.5745853150411537,0.8174685353184284,0.03078899634752981,1.0,0.0,0.0,TRACKING,1.306874060091527,0,32,0,0,59
29.1,-49.586632673324175,-5.949463465781403,3.093024325709851,-0.5733028393139025,0.8183782709757618,0.030836426762989064,1.0,0.0,0.0,TRACKING,1.3159622576488448,0,32,0,0,59
29.116666666666667,-49.59616819041391,-5.935809966131058,3.0935390086733996,-0.5721310253842876,0.8192099790207981,0.030880977812936257,1.0,0.0,0.0,TRACKING,1.3250388150944472,0,32,0,0,59
29.133333333333333,-49.60568240534672,-5.922141475153888,3.0940543781407017,-0.5708528959685896,0.820109458630259,0.030922168038128677,1.0,0.0,0.0,TRACKING,1.3341113806295233,0,32,0,0,59
29.15,-49.61517363657023,-5.908456933235404,3.0945703526013335,-0.5694738734110252,0.8210725151090914,0.03095846763789706,1.0,0.0,0.0,TRACKING,1.3431738803318258,0,32,0,0,59
29.166666666666668,-49.62464185421247,-5.894756383247886,3.0950868862224667,-0.5680930585339813,0.8220329992509139,0.03099201726798603,1.0,0.0,0.0,TRACKING,1.3522195506423214,0,32,0,0,59
29.183333333333334,-49.63408702869884,-5.88103986780297,3.095603936643457,-0.5667104691822669,0.8229909266950142,0.031023025259431885,1.0,0.0,0.0,TRACKING,1.361248331094747,0,32,0,0,59
29.2,-49.64348911262874,-5.8672945821671885,3.09612208270272,-0.5641250357940069,0.8247171381469337,0.031088763555779397,1.0,0.0,0.0,TRACKING,1.3702398343615805,0,32,0,0,59
29.216666666666665,-49.65286987165448,-5.853534552621402,3.096640453820217,-0.5628455415443033,0.825601772747233,0.031102267049800965,1.0,0.0,0.0,TRACKING,1.3792161425532414,0,32,0,0,59
29.233333333333334,-49.66223078670041,-5.8397608044742615,3.0971589364849685,-0.5616549027560039,0.8264248888282759,0.031108959885103947,1.0,0.0,0.0,TRACKING,1.388178726300829,0,32,0,0,59
29.25,-49.671570191269474,-5.8259723045194525,3.0976773633172883,-0.5603642741437271,0.8273099972885939,0.031105609939178033,1.0,0.0,0.0,TRACKING,1.3971258669748612,0,32,0,0,59
29.266666666666666,-49.68088805674809,-5.812169094637536,3.0981957385469054,-0.5590719287168876,0.8281925929150501,0.031102513777034387,1.0,0.0,0.0,TRACKING,1.4060574953015719,0,32,0,0,59
29.283333333333335,-49.690160682227955,-5.798336289335597,3.098713567104721,-0.5563575287920604,0.8299683181161859,0.03106971346891911,1.0,0.0,0.0,TRACKING,1.4149495813040036,0,32,0,0,59
29.3,-49.6993880011819,-5.784473991907229,3.099230890405265,-0.553639137236886,0.8317378457021182,0.03103939803263076,1.0,0.0,0.0,TRACKING,1.4238020116489265,0,32,0,0,59
29.316666666666666,-49.70859716497847,-5.770599309714693,3.0997489050605638,-0.5525498277942852,0.8324809315522417,0.03108087931793655,1.0,0.0,0.0,TRACKING,1.4326422008331408,0,32,0,0,59
29.333333333333332,-49.717783026862705,-5.756709013124476,3.1002671113920495,-0.5511517130542142,0.8334177954130704,0.03109237988913368,1.0,0.0,0.0,TRACKING,1.4414649194810614,0,32,0,0,59
29.35,-49.72694697011684,-5.742804032753754,3.100785199229568,-0.5498365952480737,0.8342988222431785,0.031085270251121733,1.0,0.0,0.0,TRACKING,1.4502715422393817,0,32,0,0,59
29.366666666666667,-49.73608896407478,-5.728884414620777,3.1013031775499353,-0.5485196374762065,0.8351770879786931,0.031078699222050084,1.0,0.0,0.0,TRACKING,1.4590619974995969,0,32,0,0,59
29.383333333333333,-49.74518539123512,-5.7149357493192765,3.1018205777149825,-0.5457856296201543,0.8369199180900461,0.03104400990283782,1.0,0.0,0.0,TRACKING,1.4678123364177589,0,32,0,0,59
29.4,-49.75426011422557,-5.700972695222452,3.1023376274312695,-0.5444833794272651,0.8377832458095049,0.03102298297720949,1.0,0.0,0.0,TRACKING,1.4765466769708686,0,32,0,0,59
29.416666666666668,-49.76331310161601,-5.686995300068483,3.1028543532479445,-0.5431792434264683,0.8386437092380031,0.031003549000492396,1.0,0.0,0.0,TRACKING,1.4852649445039123,0,32,0,0,59
29.433333333333334,-49.77234775469397,-5.673005777774133,3.1033717583446983,-0.5420791846773578,0.8393713376610971,0.031044305805229384,1.0,0.0,0.0,TRACKING,1.4939705267993577,0,32,0,0,59
29.45,-49.781360573205006,-5.659001997837162,3.103889315324,-0.5407691106625635,0.8402267962182738,0.0310534187580938,1.0,0.0,0.0,TRACKING,1.5026598524536345,0,32,0,0,59
29.466666666666665,-49.79034985004172,-5.6449829684872945,3.104406860744927,-0.5393566102031084,0.8411417609920961,0.031052725255616236,1.0,0.0,0.0,TRACKING,1.511331156462857,0,32,0,0,59
29.483333333333334,-49.79929319545567,-5.6309353999293394,3.104924260075125,-0.5366007248366034,0.8428541134771468,0.031043959811870383,1.0,0.0,0.0,TRACKING,1.519961729220572,0,32,0,0,59
29.5,-49.80821477025313,-5.616873761903951,3.1054414969396245,-0.5352944878476764,0.8436982815233648,0.031034211869956387,1.0,0.0,0.0,TRACKING,1.5285759948815039,0,32,0,0,59
29.516666666666666,-49.817114544578054,-5.602798100896919,3.1059585836464327,-0.5339864594954085,0.844539660421951,0.031025202408490424,1.0,0.0,0.0,TRACKING,1.537173883093899,0,32,0,0,59
29.533333333333335,-49.82599584079103,-5.588710520669322,3.1064762731327242,-0.5328777727784977,0.8452548136557305,0.03106136917749676,1.0,0.0,0.0,TRACKING,1.5459958469889266,0,32,0,0,59
29.55,-49.834853452376905,-5.57460791351803,3.106993955260995,-0.5314566951525015,0.8461564290775373,0.03106092769624752,1.0,0.0,0.0,TRACKING,1.5548534606866156,0,32,0,0,59
29.566666666666666,-49.84368734985892,-5.560490326044198,3.1075116305886707,-0.5300338489208556,0.84705524843002,0.031060519660547466,1.0,0.0,0.0,TRACKING,1.5636873602747952,0,32,0,0,59
29.583333333333332,-49.8524751285266,-5.546344789205592,3.108029145010433,-0.5272667200610127,0.8487322103163649,0.03105086530574461,1.0,0.0,0.0,TRACKING,1.5724751410376463,0,32,0,0,59
29.6,-49.86124097842678,-5.53218543080754,3.1085464745619364,-0.525950994010733,0.8495615038829863,0.031039773090187052,1.0,0.0,0.0,TRACKING,1.5812409930277682,0,32,0,0,59
29.616666666666667,-49.869984870543796,-5.518012297160348,3.109063633248503,-0.5246335270210868,0.85038801883159,0.031029521193989915,1.0,0.0,0.0,TRACKING,1.5899848872294933,0,32,0,0,59
29.633333333333333,-49.87871014541127,-5.503827473302916,3.1095819612129194,-0.5235164920483324,0.8510894314459373,0.031099677865003644,1.0,0.0,0.0,TRACKING,1.598710164177231,0,32,0,0,59
29.65,-49.88741325922889,-5.489628910293328,3.1101010642829783,-0.5221868290573481,0.8519137805753599,0.03114618420352697,1.0,0.0,0.0,TRACKING,1.6074132800698409,0,32,0,0,59
29.666666666666668,-49.896092490488165,-5.475415656468776,3.1106207838638484,-0.5207538755561739,0.8527952294729566,0.03118317485219276,1.0,0.0,0.0,TRACKING,1.6160925133984017,0,32,0,0,61
29.683333333333334,-49.904725156243764,-5.461174939417715,3.111141752515395,-0.5179599453361006,0.8544430230637001,0.0312581190927962,1.0,0.0,0.0,TRACKING,1.6247251812121908,0,32,0,0,61
29.7,-49.91333573319899,-5.44692066754072,3.111663190091136,-0.516634617313726,0.8552563126197555,0.03128625454446503,1.0,0.0,0.0,TRACKING,1.6333357602203384,0,32,0,0,61
29.716666666666665,-49.92192235598873,-5.432651824107461,3.1121849447434915,-0.5151973673840945,0.8561306059955689,0.031305279141350735,1.0,0.0,0.0,TRACKING,1.6419223850572817,0,32,0,0,62
29.733333333333334,-49.930484995795986,-5.418368456643692,3.1127069924515065,-0.5137583884356255,0.857002047826058,0.031322862480896614,1.0,0.0,0.0,TRACKING,1.6504850269060376,0,32,0,0,62
29.75,-49.939027165302264,-5.404072664815052,3.1132300676514055,-0.5125301703765102,0.8577475097184152,0.03138451199393984,1.0,0.0,0.0,TRACKING,1.6590271984489227,0,32,0,0,62
29.766666666666666,-49.947547133689945,-5.389763507984623,3.1137539612483778,-0.511198103260716,0.858549409825792,0.03143361581832661,1.0,0.0,0.0,TRACKING,1.6675471688679266,0,32,0,0,62
29.783333333333335,-49.95602008432398,-5.375427339489866,3.1142793286082875,-0.5083770380422037,0.8601701096852883,0.031522041594589205,1.0,0.0,0.0,TRACKING,1.676020121522071,0,32,0,0,62
29.8,-49.96447065373468,-5.361077788225165,3.1148052674555626,-0.5070341646418103,0.8609730758821068,0.03155633083650195,1.0,0.0,0.0,TRACKING,1.684470692947539,0,32,0,0,62
29.816666666666666,-49.97289710268368,-5.3467139367471646,3.1153316538771487,-0.5055869369401611,0.8618310886800724,0.031583185295179374,1.0,0.0,0.0,TRACKING,1.6928971439055673,0,32,0,0,62
29.833333333333332,-49.98130112859142,-5.3323367957614165,3.1158584539659295,-0.5042415544642632,0.8626284591449118,0.03160800532685185,1.0,0.0,0.0,TRACKING,1.7013011718169815,0,32,0,0,62
29.85,-49.9896827054471,-5.317946409340801,3.116385636383481,-0.5028946113410987,0.8634231852367743,0.031630945053094606,1.0,0.0,0.0,TRACKING,1.709682750670984,0,32,0,0,62
29.866666666666667,-49.9980418014812,-5.303542842053884,3.116913840000068,-0.5015457620457346,0.864214037215101,0.031692216995200966,1.0,0.0,0.0,TRACKING,1.7180418486980464,0,32,0,0,63
29.883333333333333,-50.00635371641661,-5.2891128766415125,3.1174438793937127,-0.49871489612480957,0.8657979247423437,0.0318023636186736,1.0,0.0,0.0,TRACKING,1.7246193542024755,0,32,0,0,63
29.9,-50.01464311053235,-5.274669789138551,3.1179745991575967,-0.49736364694401275,0.8665852501777125,0.03184318583303018,1.0,0.0,0.0,TRACKING,1.7304532514275341,0,32,0,0,63
29.916666666666668,-50.022911817437745,-5.260214643254276,3.1185059378225914,-0.4961224143236605,0.8673087530564001,0.03188031989969148,1.0,0.0,0.0,TRACKING,1.7360532583201889,0,32,0,0,63
29.933333333333334,-50.03115795045427,-5.245746462108557,3.1190378135456953,-0.49476798099156466,0.8680908687431567,0.03191254338623792,1.0,0.0,0.0,TRACKING,1.7414175398575007,0,32,0,0,63
29.95,-50.039381484453784,-5.231265289389334,3.119570185640688,-0.49341203997082816,0.8688703631534449,0.031942325699561146,1.0,0.0,0.0,TRACKING,1.746545627249588,0,32,0,0,63
29.966666666666665,-50.04758579389241,-5.216772930732667,3.120100703985893,-0.4922585663174675,0.8695415194001181,0.031831100712303384,1.0,0.0,0.0,TRACKING,1.751439496162173,0,32,0,0,63
29.983333333333334,-50.05574272455815,-5.202254586457422,3.120628890513349,-0.48941583994425125,0.8711006565145166,0.03169119164735426,1.0,0.0,0.0,TRACKING,1.756079756818024,0,32,0,0,63
30.0,-50.063736463446254,-5.188026703693705,3.1211465098677014,-0.4796243332862706,0.8536729658230898,0.031057161261149848,0.0,0.0,0.0,TRACKING,1.7611566032373296,0,32,0,0,63
30.016666666666666,-50.07156701055673,-5.1740892824415115,3.1216535620489503,-0.4698328266282899,0.836245275131663,0.030423130874945435,0.0,0.0,0.0,TRACKING,1.766048595809853,0,32,0,0,63
30.033333333333335,-50.07923436588957,-5.160442322700839,3.122150047057096,-0.4600413199703071,0.8188175844402326,0.029789100488740887,0.0,0.0,0.0,TRACKING,1.7706271600407257,0,32,0,0,63
30.05,-50.08673852944477,-5.147085824471693,3.122635964892138,-0.45024981331232644,0.8013898937488058,0.029155070102536474,0.0,0.0,0.0,TRACKING,1.7749047594549405,0,32,0,0,63
30.066666666666666,-50.094079501222346,-5.134019787754071,3.123111315554077,-0.44045830665434577,0.783962203057379,0.02852103971633206,0.0,0.0,0.0,ZERO_INTENT,1.7788936878174604,0,32,0,0,63
30.083333333333332,-50.10125728122229,-5.121244212547973,3.1235760990429124,-0.4306667999963651,0.7665345123659522,0.027887009330127645,0.0,0.0,0.0,ZERO_INTENT,1.7826060629688825,0,32,0,0,63
30.1,-50.10827186944459,-5.108759098853396,3.1240303153586444,-0.4208752933383823,0.7491068216745217,0.027252978943923097,0.0,0.0,0.0,ZERO_INTENT,1.7860538207951984,0,32,0,0,63
30.116666666666667,-50.11512326588927,-5.096564446670345,3.124473964501273,-0.41108378668040163,0.7316791309830949,0.02661894855771868,0.0,0.0,0.0,ZERO_INTENT,1.7892487093316132,0,32,0,0,63
30.133333333333333,-50.12181147055631,-5.084660255998818,3.124907046470798,-0.40129228002242096,0.7142514402916681,0.025984918171514267,0.0,0.0,0.0,ZERO_INTENT,1.7922022830003703,0,32,0,0,63
30.15,-50.128336483445715,-5.073046526838815,3.12532956126722,-0.3915007733644403,0.6968237496002413,0.025350887785309854,0.0,0.0,0.0,ZERO_INTENT,1.7949258969826887,0,32,0,0,63
30.166666666666668,-50.13469830455749,-5.061723259190333,3.1257415088905387,-0.3817092667064575,0.6793960589088108,0.024716857399105306,0.0,0.0,0.0,ZERO_INTENT,1.7974307017247089,0,32,0,0,63
30.183333333333334,-50.14089693389163,-5.050690453053377,3.1261428893407537,-0.3719177600484768,0.661968368217384,0.02408282701290089,0.0,0.0,0.0,ZERO_INTENT,1.7997276375775306,0,32,0,0,63
30.2,-50.14693237144814,-5.039948108427946,3.1265337026178655,-0.3621262533904961,0.6445406775259572,0.023448796626696473,0.0,0.0,0.0,ZERO_INTENT,1.8018274295712637,0,32,0,0,63
30.216666666666665,-50.15280461722701,-5.029496225314038,3.1269139487218736,-0.35233474673251536,0.6271129868345304,0.022814766240492057,0.0,0.0,0.0,ZERO_INTENT,1.803740582323175,0,32,0,0,63
30.233333333333334,-50.158513671228256,-5.019334803711651,3.1272836276527785,-0.3425432400745326,0.6096852961431,0.02218073585428751,0.0,0.0,0.0,ZERO_INTENT,1.8054773750798554,0,32,0,0,63
30.25,-50.16405953345186,-5.00946384362079,3.1276427394105797,-0.33275173341655184,0.5922576054516732,0.021546705468083092,0.0,0.0,0.0,ZERO_INTENT,1.8070478568934623,0,32,0,0,63
30.266666666666666,-50.16944220389784,-4.999883345041454,3.1279912839952777,-0.32296022675857117,0.5748299147602464,0.020912675081878676,0.0,0.0,0.0,ZERO_INTENT,1.8084618419320067,0,32,0,0,63
30.283333333333335,-50.17466168256618,-4.990593307973639,3.1283292614068725,-0.3131687201005884,0.5574022240688159,0.020278644695674128,0.0,0.0,0.0,ZERO_INTENT,1.809728904923693,0,32,0,0,63
30.3,-50.17971796945689,-4.98159373241735,3.1286566716453637,-0.3033772134426077,0.5399745333773891,0.01964461430946971,0.0,0.0,0.0,ZERO_INTENT,1.8108583767353292,0,32,0,0,63
30.316666666666666,-50.184611064569964,-4.972884618372585,3.1289735147107516,-0.29358570678462703,0.5225468426859623,0.0190105839232653,0.0,0.0,0.0,ZERO_INTENT,1.811859340084761,0,32,0,0,63
30.333333333333332,-50.18934096790541,-4.964465965839343,3.129279790603036,-0.28379420012664636,0.5051191519945355,0.018376553537060886,0.0,0.0,0.0,ZERO_INTENT,1.8127406253873954,0,32,0,0,63
30.35,-50.19390767946322,-4.956337774817624,3.129575499322217,-0.27400269346866357,0.48769146130310503,0.017742523150856337,0.0,0.0,0.0,ZERO_INTENT,1.8135108067367414,0,32,0,0,63
30.366666666666667,-50.1983111992434,-4.94850004530743,3.1298606408682943,-0.26421118681068284,0.47026377061167823,0.01710849276465192,0.0,0.0,0.0,ZERO_INTENT,1.81417819801904,0,32,0,0,63
30.383333333333333,-50.202551527245944,-4.94095277730876,3.1301352152412685,-0.2544196801527021,0.45283607992025143,0.016474462378447505,0.0,0.0,0.0,ZERO_INTENT,1.8147508491619249,0,32,0,0,63
30.4,-50.20662866347086,-4.9336959708216135,3.130399222441139,-0.2446281734947214,0.43540838922882463,0.01584043199224309,0.0,0.0,0.0,ZERO_INTENT,1.8152365425171526,0,32,0,0,63
30.416666666666668,-50.210542607918136,-4.926729625845989,3.1306526624679063,-0.23483666683673862,0.41798069853739417,0.015206401606038538,0.0,0.0,0.0,ZERO_INTENT,1.8156427893773586,0,32,0,0,63
30.433333333333334,-50.21429336058778,-4.92005374238189,3.1308955353215704,-0.22504516017875792,0.40055300784596737,0.014572371219834124,0.0,0.0,0.0,ZERO_INTENT,1.8159768266269203,0,32,0,0,63
30.45,-50.2178809214798,-4.9136683204293155,3.131127841002131,-0.21525365352077722,0.38312531715454057,0.013938340833629709,0.0,0.0,0.0,ZERO_INTENT,1.8162456135268115,0,32,0,0,63
30.466666666666665,-50.221305290594174,-4.907573359988264,3.131349579509588,-0.2054621468627965,0.36569762646311377,0.013304310447425294,0.0,0.0,0.0,ZERO_INTENT,1.816455828633555,0,32,0,0,63
30.483333333333334,-50.22456646793092,-4.901768861058735,3.1315607508439416,-0.19567064020481373,0.3482699357716833,0.012670280061220745,0.0,0.0,0.0,ZERO_INTENT,1.8166138668522138,0,32,0,0,63
30.5,-50.227664453490036,-4.8962548236407315,3.131761355005192,-0.18587913354683303,0.3308422450802565,0.01203624967501633,0.0,0.0,0.0,ZERO_INTENT,1.8167258366234407,0,32,0,0,63
30.516666666666666,-50.23059924727151,-4.891031247734252,3.1319513919933386,-0.17608762688885232,0.3134145543888297,0.011402219288811915,0.0,0.0,0.0,ZERO_INTENT,1.8167975572445765,0,32,0,0,63
30.533333333333335,-50.23337084927536,-4.886098133339294,3.132130861808382,-0.16629612023086954,0.29598686369739924,0.010768188902607365,0.0,0.0,0.0,ZERO_INTENT,1.8168345563247983,0,32,0,0,63
30.55,-50.235979259501576,-4.881455480455862,3.1322997644503223,-0.15650461357288883,0.27855917300597244,0.01013415851640295,0.0,0.0,0.0,ZERO_INTENT,1.8168420673743504,0,32,0,0,63
30.566666666666666,-50.238424477950154,-4.877103289083953,3.132458099919159,-0.14671310691490813,0.26113148231454564,0.009500128130198536,0.0,0.0,0.0,ZERO_INTENT,1.8168250275277784,0,32,0,0,63
30.583333333333332,-50.2407065046211,-4.8730415592235685,3.1326058682148923,-0.13692160025692743,0.24370379162311887,0.008866097743994121,0.0,0.0,0.0,ZERO_INTENT,1.8167880754012695,0,32,0,0,63
30.6,-50.24282533951442,-4.869270290874707,3.132743069337522,-0.12713009359894464,0.22627610093168837,0.008232067357789571,0.0,0.0,0.0,ZERO_INTENT,1.8167355490840227,0,32,0,0,63
30.616666666666667,-50.244780982630104,-4.86578948403737,3.1328697032870485,-0.11733858694096394,0.2088484102402616,0.007598036971585157,0.0,0.0,0.0,ZERO_INTENT,1.8166714842636522,0,32,0,0,63
30.633333333333333,-50.24657343396815,-4.862599138711556,3.1329857700634713,-0.10754708028298322,0.19142071954883483,0.006964006585380742,0.0,0.0,0.0,ZERO_INTENT,1.8165996124856991,0,32,0,0,63
30.65,-50.24820269352857,-4.859699254897266,3.133091269666791,-0.0977555736250025,0.17399302885740806,0.0063299761991763275,0.0,0.0,0.0,ZERO_INTENT,1.8165233595471424,0,32,0,0,63
30.666666666666668,-50.249668761311355,-4.857089832594499,3.1331862020970074,-0.08796406696701971,0.15656533816597756,0.005695945812971778,0.0,0.0,0.0,ZERO_INTENT,1.8164458440239986,0,32,0,0,63
30.683333333333334,-50.2509716373165,-4.854770871803257,3.13327056735412,-0.07817256030903899,0.1391376474745508,0.005061915426767363,0.0,0.0,0.0,ZERO_INTENT,1.8163698759329612,0,32,0,0,63
30.7,-50.25211132154402,-4.852742372523538,3.1333443654381297,-0.06838105365105829,0.12170995678312402,0.004427885040562948,0.0,0.0,0.0,ZERO_INTENT,1.8162979555270922,0,32,0,0,63
30.716666666666665,-50.25308781399391,-4.851004334755343,3.1334075963490355,-0.05858954699307758,0.10428226609169725,0.0037938546543585337,0.0,0.0,0.0,ZERO_INTENT,1.816232272225586,0,32,0,0,63
30.733333333333334,-50.25390111466616,-4.849556758498672,3.133460260086838,-0.04879804033509478,0.08685457540026675,0.0031598242681539837,0.0,0.0,0.0,ZERO_INTENT,1.8161747036775515,0,32,0,0,63
30.75,-50.254551223560775,-4.848399643753524,3.133502356651537,-0.03900653367711407,0.06942688470883998,0.002525793881949569,0.0,0.0,0.0,ZERO_INTENT,1.8161268149598997,0,32,0,0,63
30.766666666666666,-50.25503814067776,-4.8475329905199,3.133533886043133,-0.02921502701913336,0.05199919401741321,0.0018917634957451542,0.0,0.0,0.0,ZERO_INTENT,1.816089857909232,0,32,0,0,63
30.783333333333335,-50.25536186601711,-4.8469567987978,3.133554848261625,-0.01942352036115056,0.034571503325982716,0.001257733109540604,0.0,0.0,0.0,ZERO_INTENT,1.8160647705878197,0,32,0,0,63
30.8,-50.25552239957883,-4.846671068587224,3.133565243307014,-0.00963201370316985,0.017143812634555944,0.0006237027233361892,0.0,0.0,0.0,ZERO_INTENT,1.8160521768836237,0,32,0,0,63
30.816666666666666,-50.25552239957883,-4.846671068587224,3.133565243307014,0.0,0.0,0.0,0.0,0.0,0.0,ZERO_INTENT,1.8160521768836237,0,32,0,0,63
30.833333333333332,-50.25552239957883,-4.846671068587224,3.133565243307014,0.0,0.0,0.0,0.0,0.0,0.0,ZERO_INTENT,1.8160521768836237,0,32,0,0,63
30.85,-50.25552239957883,-4.846671068587224,3.133565243307014,0.0,0.0,0.0,0.0,0.0,0.0,ZERO_INTENT,1.8160521768836237,0,32,0,0,63
30.866666666666667,-50.25552239957883,-4.846671068587224,3.133565243307014,0.0,0.0,0.0,0.0,0.0,0.0,ZERO_INTENT,1.8160521768836237,0,32,0,0,63
30.883333333333333,-50.25552239957883,-4.846671068587224,3.133565243307014,0.0,0.0,0.0,0.0,0.0,0.0,ZERO_INTENT,1.8160521768836237,0,32,0,0,63
30.9,-50.25552239957883,-4.846671068587224,3.133565243307014,0.0,0.0,0.0,0.0,0.0,0.0,ZERO_INTENT,1.8160521768836237,0,32,0,0,63
30.916666666666668,-50.25552239957883,-4.846671068587224,3.133565243307014,0.0,0.0,0.0,0.0,0.0,0.0,ZERO_INTENT,1.8160521768836237,0,32,0,0,63
30.933333333333334,-50.25552239957883,-4.846671068587224,3.133565243307014,0.0,0.0,0.0,0.0,0.0,0.0,ZERO_INTENT,1.8160521768836237,0,32,0,0,63
30.95,-50.25552239957883,-4.846671068587224,3.133565243307014,0.0,0.0,0.0,0.0,0.0,0.0,ZERO_INTENT,1.8160521768836237,0,32,0,0,63
30.966666666666665,-50.25552239957883,-4.846671068587224,3.133565243307014,0.0,0.0,0.0,0.0,0.0,0.0,ZERO_INTENT,1.8160521768836237,0,32,0,0,63
30.983333333333334,-50.25552239957883,-4.846671068587224,3.133565243307014,0.0,0.0,0.0,0.0,0.0,0.0,ZERO_INTENT,1.8160521768836237,0,32,0,0,63
31.0,-50.25552239957883,-4.846671068587224,3.133565243307014,0.0,0.0,0.0,0.0,0.0,0.0,ZERO_INTENT,1.8160521768836237,0,32,0,0,63
31.016666666666666,-50.25552239957883,-4.846671068587224,3.133565243307014,0.0,0.0,0.0,0.0,0.0,0.0,ZERO_INTENT,1.8160521768836237,0,32,0,0,63
31.033333333333335,-50.25552239957883,-4.846671068587224,3.133565243307014,0.0,0.0,0.0,0.0,0.0,0.0,ZERO_INTENT,1.8160521768836237,0,32,0,0,63
31.05,-50.25552239957883,-4.846671068587224,3.133565243307014,0.0,0.0,0.0,0.0,0.0,0.0,ZERO_INTENT,1.8160521768836237,0,32,0,0,63
31.066666666666666,-50.25552239957883,-4.846671068587224,3.133565243307014,0.0,0.0,0.0,0.0,0.0,0.0,ZERO_INTENT,1.8160521768836237,0,32,0,0,63
31.083333333333332,-50.25552239957883,-4.846671068587224,3.133565243307014,0.0,0.0,0.0,0.0,0.0,0.0,ZERO_INTENT,1.8160521768836237,0,32,0,0,63
31.1,-50.25552239957883,-4.846671068587224,3.133565243307014,0.0,0.0,0.0,0.0,0.0,0.0,ZERO_INTENT,1.8160521768836237,0,32,0,0,63
31.116666666666667,-50.25552239957883,-4.846671068587224,3.133565243307014,0.0,0.0,0.0,0.0,0.0,0.0,ZERO_INTENT,1.8160521768836237,0,32,0,0,63
31.133333333333333,-50.25552239957883,-4.846671068587224,3.133565243307014,0.0,0.0,0.0,0.0,0.0,0.0,ZERO_INTENT,1.8160521768836237,0,32,0,0,63
31.15,-50.25552239957883,-4.846671068587224,3.133565243307014,0.0,0.0,0.0,0.0,0.0,0.0,ZERO_INTENT,1.8160521768836237,0,32,0,0,63
31.166666666666668,-50.25552239957883,-4.846671068587224,3.133565243307014,0.0,0.0,0.0,0.0,0.0,0.0,ZERO_INTENT,1.8160521768836237,0,32,0,0,63
31.183333333333334,-50.25552239957883,-4.846671068587224,3.133565243307014,0.0,0.0,0.0,0.0,0.0,0.0,ZERO_INTENT,1.8160521768836237,0,32,0,0,63
31.2,-50.25552239957883,-4.846671068587224,3.133565243307014,0.0,0.0,0.0,0.0,0.0,0.0,ZERO_INTENT,1.8160521768836237,0,32,0,0,63
31.216666666666665,-50.25552239957883,-4.846671068587224,3.133565243307014,0.0,0.0,0.0,0.0,0.0,0.0,ZERO_INTENT,1.8160521768836237,0,32,0,0,63
31.233333333333334,-50.25552239957883,-4.846671068587224,3.133565243307014,0.0,0.0,0.0,0.0,0.0,0.0,ZERO_INTENT,1.8160521768836237,0,32,0,0,63
31.25,-50.25552239957883,-4.846671068587224,3.133565243307014,0.0,0.0,0.0,0.0,0.0,0.0,ZERO_INTENT,1.8160521768836237,0,32,0,0,63
31.266666666666666,-50.25552239957883,-4.846671068587224,3.133565243307014,0.0,0.0,0.0,0.0,0.0,0.0,ZERO_INTENT,1.8160521768836237,0,32,0,0,63
31.283333333333335,-50.25552239957883,-4.846671068587224,3.133565243307014,0.0,0.0,0.0,0.0,0.0,0.0,ZERO_INTENT,1.8160521768836237,0,32,0,0,63
31.3,-50.25552239957883,-4.846671068587224,3.133565243307014,0.0,0.0,0.0,0.0,0.0,0.0,ZERO_INTENT,1.8160521768836237,0,32,0,0,63
31.316666666666666,-50.25552239957883,-4.846671068587224,3.133565243307014,0.0,0.0,0.0,0.0,0.0,0.0,ZERO_INTENT,1.8160521768836237,0,32,0,0,63
31.333333333333332,-50.25552239957883,-4.846671068587224,3.133565243307014,0.0,0.0,0.0,0.0,0.0,0.0,ZERO_INTENT,1.8160521768836237,0,32,0,0,63
31.35,-50.25552239957883,-4.846671068587224,3.133565243307014,0.0,0.0,0.0,0.0,0.0,0.0,ZERO_INTENT,1.8160521768836237,0,32,0,0,63
31.366666666666667,-50.25552239957883,-4.846671068587224,3.133565243307014,0.0,0.0,0.0,0.0,0.0,0.0,ZERO_INTENT,1.8160521768836237,0,32,0,0,63
31.383333333333333,-50.25552239957883,-4.846671068587224,3.133565243307014,0.0,0.0,0.0,0.0,0.0,0.0,ZERO_INTENT,1.8160521768836237,0,32,0,0,63
31.4,-50.25552239957883,-4.846671068587224,3.133565243307014,0.0,0.0,0.0,0.0,0.0,0.0,ZERO_INTENT,1.8160521768836237,0,32,0,0,63
31.416666666666668,-50.25552239957883,-4.846671068587224,3.133565243307014,0.0,0.0,0.0,0.0,0.0,0.0,ZERO_INTENT,1.8160521768836237,0,32,0,0,63
31.433333333333334,-50.25552239957883,-4.846671068587224,3.133565243307014,0.0,0.0,0.0,0.0,0.0,0.0,ZERO_INTENT,1.8160521768836237,0,32,0,0,63
31.45,-50.25552239957883,-4.846671068587224,3.133565243307014,0.0,0.0,0.0,0.0,0.0,0.0,ZERO_INTENT,1.8160521768836237,0,32,0,0,63
31.466666666666665,-50.25552239957883,-4.846671068587224,3.133565243307014,0.0,0.0,0.0,0.0,0.0,0.0,ZERO_INTENT,1.8160521768836237,0,32,0,0,63
31.483333333333334,-50.25552239957883,-4.846671068587224,3.133565243307014,0.0,0.0,0.0,0.0,0.0,0.0,ZERO_INTENT,1.8160521768836237,0,32,0,0,63
31.5,-50.25552239957883,-4.846671068587224,3.133565243307014,0.0,0.0,0.0,0.0,0.0,0.0,ZERO_INTENT,1.8160521768836237,0,32,0,0,63
31.516666666666666,-50.25552239957883,-4.846671068587224,3.133565243307014,0.0,0.0,0.0,0.0,0.0,0.0,ZERO_INTENT,1.8160521768836237,0,32,0,0,63
31.533333333333335,-50.25552239957883,-4.846671068587224,3.133565243307014,0.0,0.0,0.0,0.0,0.0,0.0,ZERO_INTENT,1.8160521768836237,0,32,0,0,63
31.55,-50.25552239957883,-4.846671068587224,3.133565243307014,0.0,0.0,0.0,0.0,0.0,0.0,ZERO_INTENT,1.8160521768836237,0,32,0,0,63
31.566666666666666,-50.25552239957883,-4.846671068587224,3.133565243307014,0.0,0.0,0.0,0.0,0.0,0.0,ZERO_INTENT,1.8160521768836237,0,32,0,0,63
31.583333333333332,-50.25552239957883,-4.846671068587224,3.133565243307014,0.0,0.0,0.0,0.0,0.0,0.0,ZERO_INTENT,1.8160521768836237,0,32,0,0,63
31.6,-50.25552239957883,-4.846671068587224,3.133565243307014,0.0,0.0,0.0,0.0,0.0,0.0,ZERO_INTENT,1.8160521768836237,0,32,0,0,63
31.616666666666667,-50.25552239957883,-4.846671068587224,3.133565243307014,0.0,0.0,0.0,0.0,0.0,0.0,ZERO_INTENT,1.8160521768836237,0,32,0,0,63
31.633333333333333,-50.25552239957883,-4.846671068587224,3.133565243307014,0.0,0.0,0.0,0.0,0.0,0.0,ZERO_INTENT,1.8160521768836237,0,32,0,0,63
31.65,-50.25552239957883,-4.846671068587224,3.133565243307014,0.0,0.0,0.0,0.0,0.0,0.0,ZERO_INTENT,1.8160521768836237,0,32,0,0,63
31.666666666666668,-50.25552239957883,-4.846671068587224,3.133565243307014,0.0,0.0,0.0,0.0,0.0,0.0,ZERO_INTENT,1.8160521768836237,0,32,0,0,63
31.683333333333334,-50.25552239957883,-4.846671068587224,3.133565243307014,0.0,0.0,0.0,0.0,0.0,0.0,ZERO_INTENT,1.8160521768836237,0,32,0,0,63
31.7,-50.25552239957883,-4.846671068587224,3.133565243307014,0.0,0.0,0.0,0.0,0.0,0.0,ZERO_INTENT,1.8160521768836237,0,32,0,0,63
31.716666666666665,-50.25552239957883,-4.846671068587224,3.133565243307014,0.0,0.0,0.0,0.0,0.0,0.0,ZERO_INTENT,1.8160521768836237,0,32,0,0,63
31.733333333333334,-50.25552239957883,-4.846671068587224,3.133565243307014,0.0,0.0,0.0,0.0,0.0,0.0,ZERO_INTENT,1.8160521768836237,0,32,0,0,63
31.75,-50.25552239957883,-4.846671068587224,3.133565243307014,0.0,0.0,0.0,0.0,0.0,0.0,ZERO_INTENT,1.8160521768836237,0,32,0,0,63
31.766666666666666,-50.25552239957883,-4.846671068587224,3.133565243307014,0.0,0.0,0.0,0.0,0.0,0.0,ZERO_INTENT,1.8160521768836237,0,32,0,0,63
31.783333333333335,-50.25552239957883,-4.846671068587224,3.133565243307014,0.0,0.0,0.0,0.0,0.0,0.0,ZERO_INTENT,1.8160521768836237,0,32,0,0,63
31.8,-50.25552239957883,-4.846671068587224,3.133565243307014,0.0,0.0,0.0,0.0,0.0,0.0,ZERO_INTENT,1.8160521768836237,0,32,0,0,63
31.816666666666666,-50.25552239957883,-4.846671068587224,3.133565243307014,0.0,0.0,0.0,0.0,0.0,0.0,ZERO_INTENT,1.8160521768836237,0,32,0,0,63
31.833333333333332,-50.25552239957883,-4.846671068587224,3.133565243307014,0.0,0.0,0.0,0.0,0.0,0.0,ZERO_INTENT,1.8160521768836237,0,32,0,0,63
31.85,-50.25552239957883,-4.846671068587224,3.133565243307014,0.0,0.0,0.0,0.0,0.0,0.0,ZERO_INTENT,1.8160521768836237,0,32,0,0,63
31.866666666666667,-50.25552239957883,-4.846671068587224,3.133565243307014,0.0,0.0,0.0,0.0,0.0,0.0,ZERO_INTENT,1.8160521768836237,0,32,0,0,63
31.883333333333333,-50.25552239957883,-4.846671068587224,3.133565243307014,0.0,0.0,0.0,0.0,0.0,0.0,ZERO_INTENT,1.8160521768836237,0,32,0,0,63
31.9,-50.25552239957883,-4.846671068587224,3.133565243307014,0.0,0.0,0.0,0.0,0.0,0.0,ZERO_INTENT,1.8160521768836237,0,32,0,0,63
31.916666666666668,-50.25552239957883,-4.846671068587224,3.133565243307014,0.0,0.0,0.0,0.0,0.0,0.0,ZERO_INTENT,1.8160521768836237,0,32,0,0,63
31.933333333333334,-50.25552239957883,-4.846671068587224,3.133565243307014,0.0,0.0,0.0,0.0,0.0,0.0,ZERO_INTENT,1.8160521768836237,0,32,0,0,63
31.95,-50.25552239957883,-4.846671068587224,3.133565243307014,0.0,0.0,0.0,0.0,0.0,0.0,ZERO_INTENT,1.8160521768836237,0,32,0,0,63
31.966666666666665,-50.25552239957883,-4.846671068587224,3.133565243307014,0.0,0.0,0.0,0.0,0.0,0.0,ZERO_INTENT,1.8160521768836237,0,32,0,0,63
31.983333333333334,-50.25552239957883,-4.846671068587224,3.133565243307014,0.0,0.0,0.0,0.0,0.0,0.0,ZERO_INTENT,1.8160521768836237,0,32,0,0,63
32.0,-50.25552239957883,-4.846671068587224,3.133565243307014,0.0,0.0,0.0,0.0,0.0,0.0,ZERO_INTENT,1.8160521768836237,0,32,0,0,63
32.016666666666666,-50.25552239957883,-4.846671068587224,3.133565243307014,0.0,0.0,0.0,0.0,0.0,0.0,ZERO_INTENT,1.8160521768836237,0,32,0,0,63
32.03333333333333,-50.25552239957883,-4.846671068587224,3.133565243307014,0.0,0.0,0.0,0.0,0.0,0.0,ZERO_INTENT,1.8160521768836237,0,32,0,0,63
32.05,-50.25552239957883,-4.846671068587224,3.133565243307014,0.0,0.0,0.0,0.0,0.0,0.0,ZERO_INTENT,1.8160521768836237,0,32,0,0,63
32.06666666666667,-50.25552239957883,-4.846671068587224,3.133565243307014,0.0,0.0,0.0,0.0,0.0,0.0,ZERO_INTENT,1.8160521768836237,0,32,0,0,63
32.083333333333336,-50.25552239957883,-4.846671068587224,3.133565243307014,0.0,0.0,0.0,0.0,0.0,0.0,ZERO_INTENT,1.8160521768836237,0,32,0,0,63
32.1,-50.25552239957883,-4.846671068587224,3.133565243307014,0.0,0.0,0.0,0.0,0.0,0.0,ZERO_INTENT,1.8160521768836237,0,32,0,0,63
32.11666666666667,-50.25552239957883,-4.846671068587224,3.133565243307014,0.0,0.0,0.0,0.0,0.0,0.0,ZERO_INTENT,1.8160521768836237,0,32,0,0,63
32.13333333333333,-50.25552239957883,-4.846671068587224,3.133565243307014,0.0,0.0,0.0,0.0,0.0,0.0,ZERO_INTENT,1.8160521768836237,0,32,0,0,63
32.15,-50.25552239957883,-4.846671068587224,3.133565243307014,0.0,0.0,0.0,0.0,0.0,0.0,ZERO_INTENT,1.8160521768836237,0,32,0,0,63
32.166666666666664,-50.25552239957883,-4.846671068587224,3.133565243307014,0.0,0.0,0.0,0.0,0.0,0.0,ZERO_INTENT,1.8160521768836237,0,32,0,0,63
32.18333333333333,-50.25552239957883,-4.846671068587224,3.133565243307014,0.0,0.0,0.0,0.0,0.0,0.0,ZERO_INTENT,1.8160521768836237,0,32,0,0,63
32.2,-50.25552239957883,-4.846671068587224,3.133565243307014,0.0,0.0,0.0,0.0,0.0,0.0,ZERO_INTENT,1.8160521768836237,0,32,0,0,63
32.21666666666667,-50.25552239957883,-4.846671068587224,3.133565243307014,0.0,0.0,0.0,0.0,0.0,0.0,ZERO_INTENT,1.8160521768836237,0,32,0,0,63
32.233333333333334,-50.25552239957883,-4.846671068587224,3.133565243307014,0.0,0.0,0.0,0.0,0.0,0.0,ZERO_INTENT,1.8160521768836237,0,32,0,0,63
32.25,-50.25552239957883,-4.846671068587224,3.133565243307014,0.0,0.0,0.0,0.0,0.0,0.0,ZERO_INTENT,1.8160521768836237,0,32,0,0,63
32.266666666666666,-50.25552239957883,-4.846671068587224,3.133565243307014,0.0,0.0,0.0,0.0,0.0,0.0,ZERO_INTENT,1.8160521768836237,0,32,0,0,63
32.28333333333333,-50.25552239957883,-4.846671068587224,3.133565243307014,0.0,0.0,0.0,0.0,0.0,0.0,ZERO_INTENT,1.8160521768836237,0,32,0,0,63
32.3,-50.25552239957883,-4.846671068587224,3.133565243307014,0.0,0.0,0.0,0.0,0.0,0.0,ZERO_INTENT,1.8160521768836237,0,32,0,0,63
32.31666666666667,-50.25552239957883,-4.846671068587224,3.133565243307014,0.0,0.0,0.0,0.0,0.0,0.0,ZERO_INTENT,1.8160521768836237,0,32,0,0,63
32.333333333333336,-50.25552239957883,-4.846671068587224,3.133565243307014,0.0,0.0,0.0,0.0,0.0,0.0,ZERO_INTENT,1.8160521768836237,0,32,0,0,63
32.35,-50.25552239957883,-4.846671068587224,3.133565243307014,0.0,0.0,0.0,0.0,0.0,0.0,ZERO_INTENT,1.8160521768836237,0,32,0,0,63
32.36666666666667,-50.25552239957883,-4.846671068587224,3.133565243307014,0.0,0.0,0.0,0.0,0.0,0.0,ZERO_INTENT,1.8160521768836237,0,32,0,0,63
32.38333333333333,-50.25552239957883,-4.846671068587224,3.133565243307014,0.0,0.0,0.0,0.0,0.0,0.0,ZERO_INTENT,1.8160521768836237,0,32,0,0,63
32.4,-50.25552239957883,-4.846671068587224,3.133565243307014,0.0,0.0,0.0,0.0,0.0,0.0,ZERO_INTENT,1.8160521768836237,0,32,0,0,63
32.416666666666664,-50.25552239957883,-4.846671068587224,3.133565243307014,0.0,0.0,0.0,0.0,0.0,0.0,ZERO_INTENT,1.8160521768836237,0,32,0,0,63
32.43333333333333,-50.25552239957883,-4.846671068587224,3.133565243307014,0.0,0.0,0.0,0.0,0.0,0.0,ZERO_INTENT,1.8160521768836237,0,32,0,0,63
32.45,-50.25552239957883,-4.846671068587224,3.133565243307014,0.0,0.0,0.0,0.0,0.0,0.0,ZERO_INTENT,1.8160521768836237,0,32,0,0,63
32.46666666666667,-50.25552239957883,-4.846671068587224,3.133565243307014,0.0,0.0,0.0,0.0,0.0,0.0,ZERO_INTENT,1.8160521768836237,0,32,0,0,63
32.483333333333334,-50.25552239957883,-4.846671068587224,3.133565243307014,0.0,0.0,0.0,0.0,0.0,0.0,ZERO_INTENT,1.8160521768836237,0,32,0,0,63
32.5,-50.25552239957883,-4.846671068587224,3.133565243307014,0.0,0.0,0.0,0.0,0.0,0.0,ZERO_INTENT,1.8160521768836237,0,32,0,0,63
32.516666666666666,-50.25552239957883,-4.846671068587224,3.133565243307014,0.0,0.0,0.0,0.0,0.0,0.0,ZERO_INTENT,1.8160521768836237,0,32,0,0,63
32.53333333333333,-50.25552239957883,-4.846671068587224,3.133565243307014,0.0,0.0,0.0,0.0,0.0,0.0,ZERO_INTENT,1.8160521768836237,0,32,0,0,63
32.55,-50.25552239957883,-4.846671068587224,3.133565243307014,0.0,0.0,0.0,0.0,0.0,0.0,ZERO_INTENT,1.8160521768836237,0,32,0,0,63
32.56666666666667,-50.25552239957883,-4.846671068587224,3.133565243307014,0.0,0.0,0.0,0.0,0.0,0.0,ZERO_INTENT,1.8160521768836237,0,32,0,0,63
32.583333333333336,-50.25552239957883,-4.846671068587224,3.133565243307014,0.0,0.0,0.0,0.0,0.0,0.0,ZERO_INTENT,1.8160521768836237,0,32,0,0,63
32.6,-50.25552239957883,-4.846671068587224,3.133565243307014,0.0,0.0,0.0,0.0,0.0,0.0,ZERO_INTENT,1.8160521768836237,0,32,0,0,63
32.61666666666667,-50.25552239957883,-4.846671068587224,3.133565243307014,0.0,0.0,0.0,0.0,0.0,0.0,ZERO_INTENT,1.8160521768836237,0,32,0,0,63
32.63333333333333,-50.25552239957883,-4.846671068587224,3.133565243307014,0.0,0.0,0.0,0.0,0.0,0.0,ZERO_INTENT,1.8160521768836237,0,32,0,0,63
32.65,-50.25552239957883,-4.846671068587224,3.133565243307014,0.0,0.0,0.0,0.0,0.0,0.0,ZERO_INTENT,1.8160521768836237,0,32,0,0,63
32.666666666666664,-50.25552239957883,-4.846671068587224,3.133565243307014,0.0,0.0,0.0,0.0,0.0,0.0,ZERO_INTENT,1.8160521768836237,0,32,0,0,63
32.68333333333333,-50.25552239957883,-4.846671068587224,3.133565243307014,0.0,0.0,0.0,0.0,0.0,0.0,ZERO_INTENT,1.8160521768836237,0,32,0,0,63
32.7,-50.25552239957883,-4.846671068587224,3.133565243307014,0.0,0.0,0.0,0.0,0.0,0.0,ZERO_INTENT,1.8160521768836237,0,32,0,0,63
32.71666666666667,-50.25552239957883,-4.846671068587224,3.133565243307014,0.0,0.0,0.0,0.0,0.0,0.0,ZERO_INTENT,1.8160521768836237,0,32,0,0,63
32.733333333333334,-50.25552239957883,-4.846671068587224,3.133565243307014,0.0,0.0,0.0,0.0,0.0,0.0,ZERO_INTENT,1.8160521768836237,0,32,0,0,63
32.75,-50.25552239957883,-4.846671068587224,3.133565243307014,0.0,0.0,0.0,0.0,0.0,0.0,ZERO_INTENT,1.8160521768836237,0,32,0,0,63
32.766666666666666,-50.25552239957883,-4.846671068587224,3.133565243307014,0.0,0.0,0.0,0.0,0.0,0.0,ZERO_INTENT,1.8160521768836237,0,32,0,0,63
32.78333333333333,-50.25552239957883,-4.846671068587224,3.133565243307014,0.0,0.0,0.0,0.0,0.0,0.0,ZERO_INTENT,1.8160521768836237,0,32,0,0,63
32.8,-50.25552239957883,-4.846671068587224,3.133565243307014,0.0,0.0,0.0,0.0,0.0,0.0,ZERO_INTENT,1.8160521768836237,0,32,0,0,63
32.81666666666667,-50.25552239957883,-4.846671068587224,3.133565243307014,0.0,0.0,0.0,0.0,0.0,0.0,ZERO_INTENT,1.8160521768836237,0,32,0,0,63
32.833333333333336,-50.25552239957883,-4.846671068587224,3.133565243307014,0.0,0.0,0.0,0.0,0.0,0.0,ZERO_INTENT,1.8160521768836237,0,32,0,0,63
32.85,-50.25552239957883,-4.846671068587224,3.133565243307014,0.0,0.0,0.0,0.0,0.0,0.0,ZERO_INTENT,1.8160521768836237,0,32,0,0,63
32.86666666666667,-50.25552239957883,-4.846671068587224,3.133565243307014,0.0,0.0,0.0,0.0,0.0,0.0,ZERO_INTENT,1.8160521768836237,0,32,0,0,63
32.88333333333333,-50.25552239957883,-4.846671068587224,3.133565243307014,0.0,0.0,0.0,0.0,0.0,0.0,ZERO_INTENT,1.8160521768836237,0,32,0,0,63
32.9,-50.25552239957883,-4.846671068587224,3.133565243307014,0.0,0.0,0.0,0.0,0.0,0.0,ZERO_INTENT,1.8160521768836237,0,32,0,0,63
32.916666666666664,-50.25552239957883,-4.846671068587224,3.133565243307014,0.0,0.0,0.0,0.0,0.0,0.0,ZERO_INTENT,1.8160521768836237,0,32,0,0,63
32.93333333333333,-50.25552239957883,-4.846671068587224,3.133565243307014,0.0,0.0,0.0,0.0,0.0,0.0,ZERO_INTENT,1.8160521768836237,0,32,0,0,63
32.95,-50.25552239957883,-4.846671068587224,3.133565243307014,0.0,0.0,0.0,0.0,0.0,0.0,ZERO_INTENT,1.8160521768836237,0,32,0,0,63
32.96666666666667,-50.25552239957883,-4.846671068587224,3.133565243307014,0.0,0.0,0.0,0.0,0.0,0.0,ZERO_INTENT,1.8160521768836237,0,32,0,0,63
32.983333333333334,-50.25552239957883,-4.846671068587224,3.133565243307014,0.0,0.0,0.0,0.0,0.0,0.0,ZERO_INTENT,1.8160521768836237,0,32,0,0,63
33.0,-50.25552239957883,-4.846671068587224,3.133565243307014,0.0,0.0,0.0,0.0,0.0,0.0,ZERO_INTENT,1.8160521768836237,0,32,0,0,63
33.016666666666666,-50.25552239957883,-4.846671068587224,3.133565243307014,0.0,0.0,0.0,0.0,0.0,0.0,ZERO_INTENT,1.8160521768836237,0,32,0,0,63
33.03333333333333,-50.25552239957883,-4.846671068587224,3.133565243307014,0.0,0.0,0.0,0.0,0.0,0.0,ZERO_INTENT,1.8160521768836237,0,32,0,0,63
33.05,-50.25552239957883,-4.846671068587224,3.133565243307014,0.0,0.0,0.0,0.0,0.0,0.0,ZERO_INTENT,1.8160521768836237,0,32,0,0,63
33.06666666666667,-50.25552239957883,-4.846671068587224,3.133565243307014,0.0,0.0,0.0,0.0,0.0,0.0,ZERO_INTENT,1.8160521768836237,0,32,0,0,63
33.083333333333336,-50.25552239957883,-4.846671068587224,3.133565243307014,0.0,0.0,0.0,0.0,0.0,0.0,ZERO_INTENT,1.8160521768836237,0,32,0,0,63
33.1,-50.25552239957883,-4.846671068587224,3.133565243307014,0.0,0.0,0.0,0.0,0.0,0.0,ZERO_INTENT,1.8160521768836237,0,32,0,0,63
33.11666666666667,-50.25552239957883,-4.846671068587224,3.133565243307014,0.0,0.0,0.0,0.0,0.0,0.0,ZERO_INTENT,1.8160521768836237,0,32,0,0,63
33.13333333333333,-50.25552239957883,-4.846671068587224,3.133565243307014,0.0,0.0,0.0,0.0,0.0,0.0,ZERO_INTENT,1.8160521768836237,0,32,0,0,63
33.15,-50.25552239957883,-4.846671068587224,3.133565243307014,0.0,0.0,0.0,0.0,0.0,0.0,ZERO_INTENT,1.8160521768836237,0,32,0,0,63
33.166666666666664,-50.25552239957883,-4.846671068587224,3.133565243307014,0.0,0.0,0.0,0.0,0.0,0.0,ZERO_INTENT,1.8160521768836237,0,32,0,0,63
33.18333333333333,-50.25552239957883,-4.846671068587224,3.133565243307014,0.0,0.0,0.0,0.0,0.0,0.0,ZERO_INTENT,1.8160521768836237,0,32,0,0,63
33.2,-50.25552239957883,-4.846671068587224,3.133565243307014,0.0,0.0,0.0,0.0,0.0,0.0,ZERO_INTENT,1.8160521768836237,0,32,0,0,63
33.21666666666667,-50.25552239957883,-4.846671068587224,3.133565243307014,0.0,0.0,0.0,0.0,0.0,0.0,ZERO_INTENT,1.8160521768836237,0,32,0,0,63
33.233333333333334,-50.25552239957883,-4.846671068587224,3.133565243307014,0.0,0.0,0.0,0.0,0.0,0.0,ZERO_INTENT,1.8160521768836237,0,32,0,0,63
33.25,-50.25552239957883,-4.846671068587224,3.133565243307014,0.0,0.0,0.0,0.0,0.0,0.0,ZERO_INTENT,1.8160521768836237,0,32,0,0,63
33.266666666666666,-50.25552239957883,-4.846671068587224,3.133565243307014,0.0,0.0,0.0,0.0,0.0,0.0,ZERO_INTENT,1.8160521768836237,0,32,0,0,63
33.28333333333333,-50.25552239957883,-4.846671068587224,3.133565243307014,0.0,0.0,0.0,0.0,0.0,0.0,ZERO_INTENT,1.8160521768836237,0,32,0,0,63
33.3,-50.25552239957883,-4.846671068587224,3.133565243307014,0.0,0.0,0.0,0.0,0.0,0.0,ZERO_INTENT,1.8160521768836237,0,32,0,0,63
33.31666666666667,-50.25552239957883,-4.846671068587224,3.133565243307014,0.0,0.0,0.0,0.0,0.0,0.0,ZERO_INTENT,1.8160521768836237,0,32,0,0,63
33.333333333333336,-50.25552239957883,-4.846671068587224,3.133565243307014,0.0,0.0,0.0,0.0,0.0,0.0,ZERO_INTENT,1.8160521768836237,0,32,0,0,63
33.35,-50.25552239957883,-4.846671068587224,3.133565243307014,0.0,0.0,0.0,0.0,0.0,0.0,ZERO_INTENT,1.8160521768836237,0,32,0,0,63
33.36666666666667,-50.25552239957883,-4.846671068587224,3.133565243307014,0.0,0.0,0.0,0.0,0.0,0.0,ZERO_INTENT,1.8160521768836237,0,32,0,0,63
33.38333333333333,-50.25552239957883,-4.846671068587224,3.133565243307014,0.0,0.0,0.0,0.0,0.0,0.0,ZERO_INTENT,1.8160521768836237,0,32,0,0,63
33.4,-50.25552239957883,-4.846671068587224,3.133565243307014,0.0,0.0,0.0,0.0,0.0,0.0,ZERO_INTENT,1.8160521768836237,0,32,0,0,63
33.416666666666664,-50.25552239957883,-4.846671068587224,3.133565243307014,0.0,0.0,0.0,0.0,0.0,0.0,ZERO_INTENT,1.8160521768836237,0,32,0,0,63
33.43333333333333,-50.25552239957883,-4.846671068587224,3.133565243307014,0.0,0.0,0.0,0.0,0.0,0.0,ZERO_INTENT,1.8160521768836237,0,32,0,0,63
33.45,-50.25552239957883,-4.846671068587224,3.133565243307014,0.0,0.0,0.0,0.0,0.0,0.0,ZERO_INTENT,1.8160521768836237,0,32,0,0,63
33.46666666666667,-50.25552239957883,-4.846671068587224,3.133565243307014,0.0,0.0,0.0,0.0,0.0,0.0,ZERO_INTENT,1.8160521768836237,0,32,0,0,63
33.483333333333334,-50.25552239957883,-4.846671068587224,3.133565243307014,0.0,0.0,0.0,0.0,0.0,0.0,ZERO_INTENT,1.8160521768836237,0,32,0,0,63
33.5,-50.25552239957883,-4.846671068587224,3.133565243307014,0.0,0.0,0.0,0.0,0.0,0.0,ZERO_INTENT,1.8160521768836237,0,32,0,0,63
33.516666666666666,-50.25552239957883,-4.846671068587224,3.133565243307014,0.0,0.0,0.0,0.0,0.0,0.0,ZERO_INTENT,1.8160521768836237,0,32,0,0,63
33.53333333333333,-50.25552239957883,-4.846671068587224,3.133565243307014,0.0,0.0,0.0,0.0,0.0,0.0,ZERO_INTENT,1.8160521768836237,0,32,0,0,63
33.55,-50.25552239957883,-4.846671068587224,3.133565243307014,0.0,0.0,0.0,0.0,0.0,0.0,ZERO_INTENT,1.8160521768836237,0,32,0,0,63
33.56666666666667,-50.25552239957883,-4.846671068587224,3.133565243307014,0.0,0.0,0.0,0.0,0.0,0.0,ZERO_INTENT,1.8160521768836237,0,32,0,0,63
33.583333333333336,-50.25552239957883,-4.846671068587224,3.133565243307014,0.0,0.0,0.0,0.0,0.0,0.0,ZERO_INTENT,1.8160521768836237,0,32,0,0,63
33.6,-50.25552239957883,-4.846671068587224,3.133565243307014,0.0,0.0,0.0,0.0,0.0,0.0,ZERO_INTENT,1.8160521768836237,0,32,0,0,63
33.61666666666667,-50.25552239957883,-4.846671068587224,3.133565243307014,0.0,0.0,0.0,0.0,0.0,0.0,ZERO_INTENT,1.8160521768836237,0,32,0,0,63
33.63333333333333,-50.25552239957883,-4.846671068587224,3.133565243307014,0.0,0.0,0.0,0.0,0.0,0.0,ZERO_INTENT,1.8160521768836237,0,32,0,0,63
33.65,-50.25552239957883,-4.846671068587224,3.133565243307014,0.0,0.0,0.0,0.0,0.0,0.0,ZERO_INTENT,1.8160521768836237,0,32,0,0,63
33.666666666666664,-50.25552239957883,-4.846671068587224,3.133565243307014,0.0,0.0,0.0,0.0,0.0,0.0,ZERO_INTENT,1.8160521768836237,0,32,0,0,63
33.68333333333333,-50.25552239957883,-4.846671068587224,3.133565243307014,0.0,0.0,0.0,0.0,0.0,0.0,ZERO_INTENT,1.8160521768836237,0,32,0,0,63
33.7,-50.25552239957883,-4.846671068587224,3.133565243307014,0.0,0.0,0.0,0.0,0.0,0.0,ZERO_INTENT,1.8160521768836237,0,32,0,0,63
33.71666666666667,-50.25552239957883,-4.846671068587224,3.133565243307014,0.0,0.0,0.0,0.0,0.0,0.0,ZERO_INTENT,1.8160521768836237,0,32,0,0,63
33.733333333333334,-50.25552239957883,-4.846671068587224,3.133565243307014,0.0,0.0,0.0,0.0,0.0,0.0,ZERO_INTENT,1.8160521768836237,0,32,0,0,63
33.75,-50.25552239957883,-4.846671068587224,3.133565243307014,0.0,0.0,0.0,0.0,0.0,0.0,ZERO_INTENT,1.8160521768836237,0,32,0,0,63
33.766666666666666,-50.25552239957883,-4.846671068587224,3.133565243307014,0.0,0.0,0.0,0.0,0.0,0.0,ZERO_INTENT,1.8160521768836237,0,32,0,0,63
33.78333333333333,-50.25552239957883,-4.846671068587224,3.133565243307014,0.0,0.0,0.0,0.0,0.0,0.0,ZERO_INTENT,1.8160521768836237,0,32,0,0,63
33.8,-50.25552239957883,-4.846671068587224,3.133565243307014,0.0,0.0,0.0,0.0,0.0,0.0,ZERO_INTENT,1.8160521768836237,0,32,0,0,63
33.81666666666667,-50.25552239957883,-4.846671068587224,3.133565243307014,0.0,0.0,0.0,0.0,0.0,0.0,ZERO_INTENT,1.8160521768836237,0,32,0,0,63
33.833333333333336,-50.25552239957883,-4.846671068587224,3.133565243307014,0.0,0.0,0.0,0.0,0.0,0.0,ZERO_INTENT,1.8160521768836237,0,32,0,0,63
33.85,-50.25552239957883,-4.846671068587224,3.133565243307014,0.0,0.0,0.0,0.0,0.0,0.0,ZERO_INTENT,1.8160521768836237,0,32,0,0,63
33.86666666666667,-50.25552239957883,-4.846671068587224,3.133565243307014,0.0,0.0,0.0,0.0,0.0,0.0,ZERO_INTENT,1.8160521768836237,0,32,0,0,63
33.88333333333333,-50.25552239957883,-4.846671068587224,3.133565243307014,0.0,0.0,0.0,0.0,0.0,0.0,ZERO_INTENT,1.8160521768836237,0,32,0,0,63
33.9,-50.25552239957883,-4.846671068587224,3.133565243307014,0.0,0.0,0.0,0.0,0.0,0.0,ZERO_INTENT,1.8160521768836237,0,32,0,0,63
33.916666666666664,-50.25552239957883,-4.846671068587224,3.133565243307014,0.0,0.0,0.0,0.0,0.0,0.0,ZERO_INTENT,1.8160521768836237,0,32,0,0,63
33.93333333333333,-50.25552239957883,-4.846671068587224,3.133565243307014,0.0,0.0,0.0,0.0,0.0,0.0,ZERO_INTENT,1.8160521768836237,0,32,0,0,63
33.95,-50.25552239957883,-4.846671068587224,3.133565243307014,0.0,0.0,0.0,0.0,0.0,0.0,ZERO_INTENT,1.8160521768836237,0,32,0,0,63
33.96666666666667,-50.25552239957883,-4.846671068587224,3.133565243307014,0.0,0.0,0.0,0.0,0.0,0.0,ZERO_INTENT,1.8160521768836237,0,32,0,0,63
33.983333333333334,-50.25552239957883,-4.846671068587224,3.133565243307014,0.0,0.0,0.0,0.0,0.0,0.0,ZERO_INTENT,1.8160521768836237,0,32,0,0,63
34.0,-50.25552239957883,-4.846671068587224,3.133565243307014,0.0,0.0,0.0,0.0,1.0,0.0,ZERO_INTENT,1.8160521768836237,0,32,0,0,63
34.016666666666666,-50.25552239957883,-4.846671068587224,3.133565243307014,0.0,0.0,0.0,0.0,1.0,0.0,ZERO_INTENT,1.8160521768836237,0,32,0,0,63
34.03333333333333,-50.25552239957883,-4.846337735253891,3.133565243307014,0.0,0.019999999999998862,0.0,0.0,1.0,0.0,ZERO_INTENT,1.8159906972180684,0,32,0,0,63
34.05,-50.25552239957883,-4.845671068587224,3.133565243307014,0.0,0.039999999999997725,0.0,0.0,1.0,0.0,TARGET_HOLD,1.8158677378869577,0,32,0,0,63
34.06666666666667,-50.2555148250442,-4.844671154658698,3.133565243307014,0.00045447207747845815,0.05999483571152804,0.0,0.0,1.0,0.0,TARGET_HOLD,1.8156812053545885,0,32,0,0,65
34.083333333333336,-50.25549967597495,-4.843337993468314,3.133565243307014,0.000908944154956922,0.07998967142304983,0.0,0.0,1.0,0.0,TARGET_HOLD,1.8154311296701433,0,32,0,0,65
34.1,-50.255476952371076,-4.841671585016071,3.133565243307014,0.001363416232435182,0.09998450713457162,0.0,0.0,1.0,0.0,TARGET_HOLD,1.8151175559054566,0,32,0,0,65
34.11666666666667,-50.25544665423258,-4.83967192930197,3.133565243307014,0.0018178883099134483,0.1199793428460934,0.0,0.0,1.0,0.0,TARGET_HOLD,1.8147405441550046,0,32,0,0,65
34.13333333333333,-50.25540878155945,-4.83733902632601,3.133565243307014,0.002272360387391713,0.1399741785576152,0.0,0.0,1.0,0.0,TARGET_HOLD,1.814300169535922,0,32,0,0,65
34.15,-50.255363334351706,-4.834672876088191,3.133565243307014,0.0027268324648699717,0.159969014269137,0.0,0.0,1.0,0.0,TARGET_HOLD,1.8137965221879964,0,32,0,0,65
34.166666666666664,-50.255301661389645,-4.831673787663905,3.133565243307014,0.0037003777237618303,0.17994530545716397,0.0,0.0,1.0,0.0,TARGET_HOLD,1.8132274664941233,0,32,0,0,65
34.18333333333333,-50.255232624957806,-4.828341447247241,3.133565243307014,0.004142185910376116,0.19994042499984727,0.0,0.0,1.0,0.0,TARGET_HOLD,1.8125954750618902,0,32,0,0,65
34.2,-50.25515622505619,-4.824675854838198,3.133565243307014,0.004583994096990595,0.21993554454253908,0.0,0.0,1.0,0.0,TARGET_HOLD,1.811900689369911,0,32,0,0,65
34.21666666666667,-50.2550724616848,-4.8206770104367775,3.133565243307014,0.005025802283605126,0.23993066408522237,0.0,0.0,1.0,0.0,TARGET_HOLD,1.8111432655010549,0,32,0,0,69
34.233333333333334,-50.25498133484363,-4.816344914042979,3.133565243307014,0.005467610470219413,0.25992578362790564,0.0,0.0,1.0,0.0,TARGET_HOLD,1.810323374142437,0,32,0,0,69
34.25,-50.25487302498884,-4.811679927494394,3.133565243307014,0.006498591287241198,0.27989919291512766,0.0,0.0,1.0,0.0,TARGET_HOLD,1.80943885381431,0,32,0,0,69
34.266666666666666,-50.25475762451096,-4.8066816830364125,3.133565243307014,0.006924028672672165,0.29989466747891413,0.0,0.0,1.0,0.0,TARGET_HOLD,1.8084924130902627,0,32,0,0,69
34.28333333333333,-50.25463513340999,-4.801350180669035,3.133565243307014,0.007349466058103145,0.3198901420427006,0.0,0.0,1.0,0.0,TARGET_HOLD,1.8074842718733914,0,32,0,0,69
34.3,-50.25450555168593,-4.79568542039226,3.133565243307014,0.007774903443534126,0.3398856166064871,0.0,0.0,1.0,0.0,TARGET_HOLD,1.8060431534809713,0,32,0,0,69
34.31666666666667,-50.254368879338784,-4.789687402206087,3.133565243307014,0.008200340828965279,0.3598810911702821,0.0,0.0,1.0,0.0,TARGET_HOLD,1.80439595728196,0,32,0,0,69
34.333333333333336,-50.254213763829064,-4.783356561303044,3.133565243307014,0.009306930583319032,0.3798504541825445,0.0,0.0,1.0,0.0,TARGET_HOLD,1.802656892114264,0,32,0,0,69
34.35,-50.254051924022036,-4.776692454897832,3.133565243307014,0.009710388421845862,0.39984638431276065,0.0,0.0,1.0,0.0,TARGET_HOLD,1.8008288288671137,0,32,0,0,69
34.36666666666667,-50.253871250921115,-4.769695547624003,3.133565243307014,0.010840386055407061,0.4198144364297825,0.0,0.0,1.0,0.0,TARGET_HOLD,1.7989097591823566,0,32,0,0,69
34.38333333333333,-50.253684271195965,-4.7623653666824435,3.133565243307014,0.01121878350909872,0.4398108564935588,0.0,0.0,1.0,0.0,TARGET_HOLD,1.796902599933703,0,32,0,0,69
34.4,-50.253490984846586,-4.754701912073155,3.133565243307014,0.011597180962790384,0.45980727655733505,0.0,0.0,1.0,0.0,TARGET_HOLD,1.7948076959848338,0,32,0,0,69
34.416666666666664,-50.25329139187298,-4.746705183796137,3.133565243307014,0.011975578416482058,0.47980369662111133,0.0,0.0,1.0,0.0,TARGET_HOLD,1.7926254055552047,0,32,0,0,69
34.43333333333333,-50.25308549227514,-4.7383751818513895,3.133565243307014,0.012353975870173723,0.4998001166848876,0.0,0.0,1.0,0.0,TARGET_HOLD,1.7903561002200425,0,32,0,0,69
34.45,-50.252873286053074,-4.729711906238909,3.133565243307014,0.012732373323865554,0.5197965367486724,0.0,0.0,1.0,0.0,TARGET_HOLD,1.7880001649103572,0,32,0,0,69
34.46666666666667,-50.252645906958605,-4.720715642796242,3.133565243307014,0.013642745668264617,0.5397758065600171,0.0,0.0,1.0,0.0,TARGET_HOLD,1.7855567425919823,0,32,0,0,69
34.483333333333334,-50.252427840930764,-4.7113861761454565,3.133565243307014,0.01308396167033624,0.559767999047176,0.0,0.0,1.0,0.0,TARGET_HOLD,1.7830298860471112,0,32,0,0,69
34.5,-50.25222111374409,-4.701723569071137,3.133565243307014,0.012403631200445325,0.5797564244591912,0.0,0.0,1.0,0.0,TARGET_HOLD,1.780419830395977,0,32,0,0,69
34.516666666666666,-50.252025787592316,-4.6917278236959366,3.133565243307014,0.01171956910650635,0.5997447225120918,0.0,0.0,1.0,0.0,TARGET_HOLD,1.777726454347314,0,32,0,0,69
34.53333333333333,-50.251841758130865,-4.681398936465216,3.133565243307014,0.011041767686902558,0.6197332338432424,0.0,0.0,1.0,0.0,TARGET_HOLD,1.7749495902881778,0,32,0,0,69
34.55,-50.25167053321125,-4.6707369619263925,3.133565243307014,0.01027349517722631,0.6397184723294559,0.0,0.0,1.0,0.0,TARGET_HOLD,1.772089223507431,0,32,0,0,69
34.56666666666667,-50.25151043283996,-4.659741839739312,3.133565243307014,0.009606022277257598,0.659707331224553,0.0,0.0,1.0,0.0,TARGET_HOLD,1.7691449415149756,0,32,0,0,69
34.583333333333336,-50.25136120366414,-4.648413561540404,3.133565243307014,0.008953750549097125,0.6796966919345057,0.0,0.0,1.0,0.0,TARGET_HOLD,1.766116504270422,0,32,0,0,69
34.6,-50.251222730968465,-4.636752123606165,3.133565243307014,0.008308361740275,0.6996862760543767,0.0,0.0,1.0,0.0,TARGET_HOLD,1.763003670435479,0,32,0,0,69
34.61666666666667,-50.25109491603708,-4.624757522764069,3.133565243307014,0.007668895882891258,0.7196760505257707,0.0,0.0,1.0,0.0,TARGET_HOLD,1.7598061824124152,0,32,0,0,69
34.63333333333333,-50.25097766349594,-4.6124297559768,3.133565243307014,0.007035152468718956,0.7396660072362027,0.0,0.0,1.0,0.0,TARGET_HOLD,1.756523765143391,0,32,0,0,69
34.65,-50.250872277158614,-4.599773288177969,3.133565243307014,0.006323180239579171,0.7593880679298906,0.0,0.0,1.0,0.0,TARGET_HOLD,1.7531573441636752,0,32,0,0,69
34.666666666666664,-50.25077781547733,-4.586813020859438,3.133565243307014,0.005667700876981466,0.777616039111916,0.0,0.0,1.0,0.0,TARGET_HOLD,1.749713158033174,0,32,0,0,69
34.68333333333333,-50.25069182065981,-4.57357196639178,3.133565243307014,0.005159689051026989,0.7944632680595373,0.0,0.0,1.0,0.0,TARGET_HOLD,1.7461969716859724,0,32,0,0,69
34.7,-50.25061334307872,-4.560071396246398,3.133565243307014,0.0047086548655684846,0.8100342087226058,0.0,0.0,1.0,0.0,TARGET_HOLD,1.742614170334082,0,32,0,0,69
34.71666666666667,-50.25054167140662,-4.546330970597271,3.133565243307014,0.004300300325862229,0.8244255389476812,0.0,0.0,1.0,0.0,TARGET_HOLD,1.7389697373753399,0,32,0,0,69
34.733333333333334,-50.2504761829081,-4.5323688602474075,3.133565243307014,0.003929309911331141,0.837726620991863,0.0,0.0,1.0,0.0,TARGET_HOLD,1.7352682811479352,0,32,0,0,69
34.75,-50.2504163193719,-4.518201859441927,3.133565243307014,0.0035918121719100754,0.850020048328891,0.0,0.0,1.0,0.0,TARGET_HOLD,1.731514063300263,0,32,0,0,69
34.766666666666666,-50.25036224162542,-4.503845490630016,3.133565243307014,0.0032446647892015205,0.8613821287147161,0.0,0.0,1.0,0.0,TARGET_HOLD,1.7277109725833202,0,32,0,0,69
34.78333333333333,-50.25031409057061,-4.48931410057936,3.133565243307014,0.0028890632882320622,0.8718834030393886,0.0,0.0,1.0,0.0,TARGET_HOLD,1.7238625675486827,0,32,0,0,69
34.8,-50.25027015956737,-4.474620947278379,3.133565243307014,0.0026358601946352353,0.8815891980588982,0.0,0.0,1.0,0.0,TARGET_HOLD,1.7199723038510464,0,32,0,0,69
34.81666666666667,-50.25022996536944,-4.459778285455228,3.133565243307014,0.002411651875776497,0.8905597093887211,0.0,0.0,1.0,0.0,TARGET_HOLD,1.7160433156297885,0,32,0,0,69
34.833333333333336,-50.25019317209021,-4.444797441497129,3.133565243307014,0.002207596753620197,0.898850637486017,0.0,0.0,1.0,0.0,TARGET_HOLD,1.71207849460298,0,32,0,0,69
34.85,-50.25015948435575,-4.429688883737561,3.133565243307014,0.0020212640681027878,0.9065134655741468,0.0,0.0,1.0,0.0,TARGET_HOLD,1.708080515136984,0,32,0,0,69
34.86666666666667,-50.25012895264043,-4.414462287568853,3.133565243307014,0.0018319029189285264,0.9135957701225493,0.0,0.0,1.0,0.0,TARGET_HOLD,1.7040517960604058,0,32,0,0,69
34.88333333333333,-50.250101621379834,-4.399126595462173,3.133565243307014,0.0016398756357294641,0.9201415264008281,0.0,0.0,1.0,0.0,TARGET_HOLD,1.6999671991187362,0,32,0,0,69
34.9,-50.250076642180396,-4.383690071980816,3.133565243307014,0.0014987519660702193,0.9261914088814568,0.0,0.0,1.0,0.0,TARGET_HOLD,1.6953999020533854,0,32,0,0,69
34.916666666666664,-50.25005404393991,-4.36816035592844,3.133565243307014,0.0013558944289764445,0.9317829631425631,0.0,0.0,1.0,0.0,TARGET_HOLD,1.6908048720230213,0,32,0,0,69
34.93333333333333,-50.25003336352895,-4.352544507270549,3.133565243307014,0.0012408246576453529,0.936950919473518,0.0,0.0,1.0,0.0,TARGET_HOLD,1.6861842497511947,0,32,0,0,69
34.95,-50.25001441501658,-4.336849051198551,3.133565243307014,0.0011369107423842035,0.941727364319509,0.0,0.0,1.0,0.0,TARGET_HOLD,1.681539969538779,0,32,0,0,69
34.96666666666667,-50.2499972150023,-4.321080018605154,3.133565243307014,0.0010320008567572302,0.9461419556038533,0.0,0.0,1.0,0.0,TARGET_HOLD,1.6768737783233676,0,32,0,0,69
34.983333333333334,-50.24998177813846,-4.305242983514286,3.133565243307014,0.000926211830327343,0.95022210545213,0.0,0.0,1.0,0.0,TARGET_HOLD,1.6721872871655603,0,32,0,0,69
35.0,-50.24996765721666,-4.28934309755496,3.133565243307014,0.0008472553081321174,0.9539931575595704,0.0,0.0,1.0,0.0,TARGET_HOLD,1.6674820920697067,0,32,0,0,69
35.016666666666666,-50.24995471542681,-4.273385122152845,3.133565243307014,0.0007765073909177949,0.9574785241269308,0.0,0.0,1.0,0.0,TARGET_HOLD,1.6627596093081682,0,32,0,0,69
35.03333333333333,-50.24994285145265,-4.257373458022323,3.133565243307014,0.0007118384493852316,0.9606998478314093,0.0,0.0,1.0,0.0,TARGET_HOLD,1.65802114298429,0,32,0,0,69
35.05,-50.24993197469081,-4.241312172490643,3.133565243307014,0.0006526057105076671,0.9636771319008205,0.0,0.0,1.0,0.0,TARGET_HOLD,1.6532678983830955,0,32,0,0,69
35.06666666666667,-50.249922090850575,-4.225205024763061,3.133565243307014,0.0005930304142023299,0.9664288636545744,0.0,0.0,1.0,0.0,TARGET_HOLD,1.6485009660262482,0,32,0,0,69
35.083333333333336,-50.249913204979514,-4.20905548926166,3.133565243307014,0.0005331522638619686,0.9689721300840977,0.0,0.0,1.0,0.0,TARGET_HOLD,1.643721351926565,0,32,0,0,69
35.1,-50.24990507233872,-4.192866777159368,3.133565243307014,0.000487958447476588,0.9713227261375623,0.0,0.0,1.0,0.0,TARGET_HOLD,1.6389300548858352,0,32,0,0,69
35.11666666666667,-50.24989761623592,-4.176641856379403,3.133565243307014,0.0004473661678754703,0.9734952467979535,0.0,0.0,1.0,0.0,TARGET_HOLD,1.6341279597507614,0,32,0,0,69
35.13333333333333,-50.24989077905324,-4.160383470003119,3.133565243307014,0.000410230960950802,0.9755031825771452,0.0,0.0,1.0,0.0,TARGET_HOLD,1.6293158812532598,0,32,0,0,69
35.15,-50.2498845090986,-4.144094153302766,3.133565243307014,0.0003761972783558348,0.9773590020212226,0.0,0.0,1.0,0.0,TARGET_HOLD,1.624494572400096,0,32,0,0,69
35.166666666666664,-50.24987880837568,-4.12777624948727,3.133565243307014,0.00034204337509172763,0.9790742289298318,0.0,0.0,1.0,0.0,TARGET_HOLD,1.6196647139144895,0,32,0,0,69
35.18333333333333,-50.249873584422424,-4.111431924244453,3.133565243307014,0.0003134371957132729,0.9806595145690723,0.0,0.0,1.0,0.0,TARGET_HOLD,1.614826964232536,0,32,0,0,69
35.2,-50.24986883866421,-4.095063179199483,3.133565243307014,0.00028474549258420757,0.9821247026978093,0.0,0.0,1.0,0.0,TARGET_HOLD,1.6099819050038189,0,32,0,0,69
35.21666666666667,-50.24986448992144,-4.078671864335251,3.133565243307014,0.00026092456642420414,0.9834788918539774,0.0,0.0,1.0,0.0,TARGET_HOLD,1.6051301007153769,0,32,0,0,73
35.233333333333334,-50.24986050171511,-4.062259689486369,3.133565243307014,0.00023929237985577888,0.9847304909329881,0.0,0.0,1.0,0.0,TARGET_HOLD,1.6002720613627437,0,32,0,0,73
35.25,-50.24985684380829,-4.0458282349546355,3.133565243307014,0.000219474409575308,0.9858872719040683,0.0,0.0,1.0,0.0,TARGET_HOLD,1.595408257456437,0,32,0,0,73
35.266666666666666,-50.24985351691917,-4.029378961322921,3.133565243307014,0.00019961334738736116,0.986956417902905,0.0,0.0,1.0,0.0,TARGET_HOLD,1.590539113814199,0,32,0,0,73
35.28333333333333,-50.2498504677801,-4.012913218522154,3.133565243307014,0.00018294834386953595,0.9879445680460667,0.0,0.0,1.0,0.0,TARGET_HOLD,1.5856650422618168,0,32,0,0,73
35.3,-50.249847696903274,-3.9964322542172797,3.133565243307014,0.00016625260942594442,0.9888578582925235,0.0,0.0,1.0,0.0,TARGET_HOLD,1.5809680421934074,0,32,0,0,73
35.31666666666667,-50.249845157475306,-3.97993722155184,3.133565243307014,0.00015236567797946403,0.9897019599260118,0.0,0.0,1.0,0.0,TARGET_HOLD,1.576924955772895,0,32,0,0,73
35.333333333333336,-50.24984284985969,-3.9634291863111724,3.133565243307014,0.00013845693684899518,0.9904821144401286,0.0,0.0,1.0,0.0,TARGET_HOLD,1.572878612492262,0,32,0,0,73
35.35,-50.249840734946844,-3.9469091335383584,3.133565243307014,0.000126894770838174,0.9912031663688836,0.0,0.0,1.0,0.0,TARGET_HOLD,1.5688292662862233,0,32,0,0,73
35.36666666666667,-50.24983881299472,-3.9303779736527984,3.133565243307014,0.00011531712744615601,0.9918695931336511,0.0,0.0,1.0,0.0,TARGET_HOLD,1.564777138068437,0,32,0,0,73
35.38333333333333,-50.249837051491696,-3.9138365481020907,3.133565243307014,0.00010569018129905524,0.9924855330425312,0.0,0.0,1.0,0.0,TARGET_HOLD,1.5607224447101773,0,32,0,0,73
35.4,-50.24983545062091,-3.897285634588345,3.133565243307014,9.605224713654226e-05,0.9930548108247801,0.0,0.0,1.0,0.0,TARGET_HOLD,1.5566653749764416,0,32,0,0,73
35.416666666666664,-50.24983398335951,-3.8807259518964083,3.133565243307014,8.803568401409936e-05,0.9935809615162595,0.0,0.0,1.0,0.0,TARGET_HOLD,1.5526061140795346,0,32,0,0,73
35.43333333333333,-50.24983263750626,-3.864158164357943,3.133565243307014,8.075119474638723e-05,0.994067252307985,0.0,0.0,1.0,0.0,TARGET_HOLD,1.5485448282988656,0,32,0,0,73
35.45,-50.2498314029188,-3.8475828859764594,3.133565243307014,7.407524750398787e-05,0.9945167028886553,0.0,0.0,1.0,0.0,TARGET_HOLD,1.5444816709193012,0,32,0,0,73
35.46666666666667,-50.24983027968996,-3.83100068424017,3.133565243307014,6.739373059731658e-05,0.9949321041774164,0.0,0.0,1.0,0.0,TARGET_HOLD,1.5404167797578183,0,32,0,0,73
35.483333333333334,-50.24982925007271,-3.8144120836455473,3.133565243307014,6.177703518874673e-05,0.9953160356774031,0.0,0.0,1.0,0.0,TARGET_HOLD,1.536350289507757,0,32,0,0,73
35.5,-50.24982830561491,-3.7978175689545783,3.133565243307014,5.6667467647704555e-05,0.9956708814582006,0.0,0.0,1.0,0.0,TARGET_HOLD,1.5322823214904115,0,32,0,0,73
35.516666666666666,-50.24982744637256,-3.7812175882049184,3.133565243307014,5.1554541294186355e-05,0.9959988449796573,0.0,0.0,1.0,0.0,TARGET_HOLD,1.5282129845484214,0,32,0,0,73
35.53333333333333,-50.24982665872963,-3.7646125554918655,3.133565243307014,4.725857553064448e-05,0.9963019627832231,0.0,0.0,1.0,0.0,TARGET_HOLD,1.5241423850445375,0,32,0,0,73
35.55,-50.249825936220844,-3.7480028535399144,3.133565243307014,4.3350527424103174e-05,0.996582117117118,0.0,0.0,1.0,0.0,TARGET_HOLD,1.5200706187750517,0,32,0,0,73
35.56666666666667,-50.249825278879946,-3.731388836079309,3.133565243307014,3.944045375199859e-05,0.9968410476359626,0.0,0.0,1.0,0.0,TARGET_HOLD,1.5159977716989315,0,32,0,0,73
35.583333333333336,-50.24982467630448,-3.714770830042503,3.133565243307014,3.615452820199235e-05,0.9970803622084096,0.0,0.0,1.0,0.0,TARGET_HOLD,1.5119239277848449,0,32,0,0,73
35.6,-50.2498241235517,-3.698149137594351,3.133565243307014,3.31651666971518e-05,0.9973015468891769,0.0,0.0,1.0,0.0,TARGET_HOLD,1.5078491626713144,0,32,0,0,73
35.61666666666667,-50.249823616468944,-3.6815240380084386,3.133565243307014,3.042496528643821e-05,0.9975059751548062,0.0,0.0,1.0,0.0,TARGET_HOLD,1.5037735461074733,0,32,0,0,73
35.63333333333333,-50.24982315507347,-3.6648957894012777,3.133565243307014,2.7683728538274717e-05,0.9976949164297008,0.0,0.0,1.0,0.0,TARGET_HOLD,1.4996971408406818,0,32,0,0,73
35.65,-50.24982273210865,-3.6482646303350683,3.133565243307014,2.5377889532036346e-05,0.9978695439726181,0.0,0.0,1.0,0.0,TARGET_HOLD,1.4956200081281845,0,32,0,0,73
35.666666666666664,-50.24982234411037,-3.6316307812991306,3.133565243307014,2.3279896549494145e-05,0.9980309421563075,0.0,0.0,1.0,0.0,TARGET_HOLD,1.4915422031702708,0,32,0,0,73
35.68333333333333,-50.2498219881653,-3.61499444607905,3.133565243307014,2.1356704008655697e-05,0.9981801132049041,0.0,0.0,1.0,0.0,TARGET_HOLD,1.4874637768707224,0,32,0,0,73
35.7,-50.249821661622875,-3.598355813022102,3.133565243307014,1.959254576587507e-05,0.9983179834165127,0.0,0.0,1.0,0.0,TARGET_HOLD,1.4836339662430944,0,32,0,0,73
35.71666666666667,-50.24982136205347,-3.5817150562068503,3.133565243307014,1.7974164618705624e-05,0.998445408915143,0.0,0.0,1.0,0.0,TARGET_HOLD,1.482076476350048,0,32,0,0,73
35.733333333333334,-50.24982108946342,-3.5650723365240746,3.133565243307014,1.6355402825505674e-05,0.9985631809665899,0.0,0.0,1.0,0.0,TARGET_HOLD,1.4805187903558426,0,32,0,0,73
35.75,-50.249820839573644,-3.5484278026758544,3.133565243307014,1.4993386383561575e-05,0.9986720308932636,0.0,0.0,1.0,0.0,TARGET_HOLD,1.478960924147853,0,32,0,0,73
35.766666666666666,-50.24982061238869,-3.53178159209897,3.133565243307014,1.3631097491817864e-05,0.9987726346131326,0.0,0.0,1.0,0.0,TARGET_HOLD,1.4774028905650451,0,32,0,0,73
35.78333333333333,-50.249820404138795,-3.515133831818315,3.133565243307014,1.2494993498144702e-05,0.9988656168393398,0.0,0.0,1.0,0.0,TARGET_HOLD,1.4758447032351276,0,32,0,0,73
35.8,-50.24982021310312,-3.4984846392356905,3.133565243307014,1.1462140605634743e-05,0.9989515549575225,0.0,0.0,1.0,0.0,TARGET_HOLD,1.4742863739322951,0,32,0,0,73
35.81666666666667,-50.249820037846675,-3.4818341228588143,3.133565243307014,1.0515386539842989e-05,0.9990309826122151,0.0,0.0,1.0,0.0,TARGET_HOLD,1.4727279134668505,0,32,0,0,73
35.833333333333336,-50.24981987837178,-3.465182382975145,3.133565243307014,9.568493795167037e-06,0.9991043930202316,0.0,0.0,1.0,0.0,TARGET_HOLD,1.4711693312086331,0,32,0,0,73
35.85,-50.249819732175936,-3.448529512274582,3.133565243307014,8.77175071001686e-06,0.9991722420338163,0.0,0.0,1.0,0.0,TARGET_HOLD,1.4696106369900175,0,32,0,0,73
35.86666666666667,-50.249819599260796,-3.431875596425074,3.133565243307014,7.974908352902224e-06,0.9992349509705328,0.0,0.0,1.0,0.0,TARGET_HOLD,1.4680518388153025,0,32,0,0,73
35.88333333333333,-50.24981947742256,-3.41522071460457,3.133565243307014,7.310293826804941e-06,0.9992929092303168,0.0,0.0,1.0,0.0,TARGET_HOLD,1.4664929451162352,0,32,0,0,73
35.9,-50.24981936565484,-3.39856493999269,3.133565243307014,6.706063408523901e-06,0.9993464767128517,0.0,0.0,1.0,0.0,TARGET_HOLD,1.4649339632038254,0,32,0,0,73
35.916666666666664,-50.249819263118276,-3.3819083402251446,3.133565243307014,6.152193628909126e-06,0.9993959860527734,0.0,0.0,1.0,0.0,TARGET_HOLD,1.4633748997930356,0,32,0,0,73
35.93333333333333,-50.24981916904981,-3.365250977813727,3.133565243307014,5.644107978409972e-06,0.9994417446851274,0.0,0.0,1.0,0.0,TARGET_HOLD,1.461815761084501,0,32,0,0,73
35.95,-50.24981908345015,-3.3485929105344807,3.133565243307014,5.135979476149086e-06,0.9994840367543931,0.0,0.0,1.0,0.0,TARGET_HOLD,1.4602565524771534,0,32,0,0,73
35.96666666666667,-50.249819004977525,-3.3319341917864973,3.133565243307014,4.708357563471688e-06,0.9995231248790505,0.0,0.0,1.0,0.0,TARGET_HOLD,1.4586972795925188,0,32,0,0,73
35.983333333333334,-50.24981893299023,-3.3152748709234623,3.133565243307014,4.319237529307788e-06,0.9995592517821458,0.0,0.0,1.0,0.0,TARGET_HOLD,1.4571379473453452,0,32,0,0,73
36.0,-50.24981886694827,-3.2986149935601525,3.133565243307014,3.962517877972825e-06,0.9995926417986442,0.0,0.0,1.0,0.0,TARGET_HOLD,1.4555785602533273,0,32,0,0,73
36.016666666666666,-50.24981880636025,-3.2819546018556793,3.133565243307014,3.6352809656292413e-06,0.999623502268439,0.0,0.0,1.0,0.0,TARGET_HOLD,1.454019122488487,0,32,0,0,73
36.03333333333333,-50.249818750775724,-3.2652937347752826,3.133565243307014,3.335071608874739e-06,0.9996520248238562,0.0,0.0,1.0,0.0,TARGET_HOLD,1.4524596379052332,0,32,0,0,73
36.05,-50.24981870019495,-3.2486324283322903,3.133565243307014,3.0348464745089126e-06,0.9996783865796097,0.0,0.0,1.0,0.0,TARGET_HOLD,1.4509001098692327,0,32,0,0,73
36.06666666666667,-50.24981865382536,-3.2319707158117397,3.133565243307014,2.7821755522694133e-06,0.9997027512326662,0.0,0.0,1.0,0.0,TARGET_HOLD,1.4493405418658263,0,32,0,0,73
36.083333333333336,-50.24981861128783,-3.215308627977096,3.133565243307014,2.5522516438185033e-06,0.9997252700786738,0.0,0.0,1.0,0.0,TARGET_HOLD,1.4477809369496901,0,32,0,0,73
36.1,-50.24981857226331,-3.1986461932612387,3.133565243307014,2.3414712329362782e-06,0.9997460829514996,0.0,0.0,1.0,0.0,TARGET_HOLD,1.4463480185955453,0,32,0,0,73
36.11666666666667,-50.24981853646146,-3.1819834379430474,3.133565243307014,2.1481107537112474e-06,0.9997653190915359,0.0,0.0,1.0,0.0,TARGET_HOLD,1.4463480355556022,0,32,0,0,73
36.13333333333333,-50.24981850361613,-3.1653203863105777,3.133565243307014,1.970719717008546e-06,0.9997830979482363,0.0,0.0,1.0,0.0,TARGET_HOLD,1.4463480511150972,0,32,0,0,73
36.15,-50.249818473727416,-3.148657060811881,3.133565243307014,1.7933228702193112e-06,0.9997995299218495,0.0,0.0,1.0,0.0,TARGET_HOLD,1.4463480652739868,0,32,0,0,73
36.166666666666664,-50.24981844632707,-3.1319934821943987,3.133565243307014,1.644020773016044e-06,0.999814717048981,0.0,0.0,1.0,0.0,TARGET_HOLD,1.4463480782540852,0,32,0,0,73
36.18333333333333,-50.24981842119109,-3.1153296696337964,3.133565243307014,1.5081588196478498e-06,0.9998287536361785,0.0,0.0,1.0,0.0,TARGET_HOLD,1.4463480901615084,0,32,0,0,73
36.2,-50.24981839813095,-3.098665640853031,3.133565243307014,1.3836082796775093e-06,0.9998417268455583,0.0,0.0,1.0,0.0,TARGET_HOLD,1.4463481010855608,0,32,0,0,73
36.21666666666667,-50.2498183769751,-3.0820014122324313,3.133565243307014,1.2693508472586891e-06,0.9998537172360458,0.0,0.0,1.0,0.0,TARGET_HOLD,1.446348111107516,0,32,0,0,77
36.233333333333334,-50.24981835756628,-3.065336998911372,3.133565243307014,1.1645295146044867e-06,0.9998647992636176,0.0,0.0,1.0,0.0,TARGET_HOLD,1.4463481203018669,0,32,0,0,77
36.25,-50.2498183397602,-3.0486724148823123,3.133565243307014,1.06836443185372e-06,0.9998750417436462,0.0,0.0,1.0,0.0,TARGET_HOLD,1.446348128736962,0,32,0,0,77
36.266666666666666,-50.24981832355691,-3.0320076730776764,3.133565243307014,9.721975347940213e-07,0.999884508278217,0.0,0.0,1.0,0.0,TARGET_HOLD,1.4463481364127908,0,32,0,0,77
36.28333333333333,-50.24981830895643,-3.0153427854501595,3.133565243307014,8.76029029858259e-07,0.999893257651076,0.0,0.0,1.0,0.0,TARGET_HOLD,1.4463481433293344,0,32,0,0,77
36.3,-50.24981829558349,-2.9986777630469494,3.133565243307014,8.02376279172658e-07,0.9999013441926607,0.0,0.0,1.0,0.0,TARGET_HOLD,1.4463481496643649,0,32,0,0,77
36.31666666666667,-50.249818283316664,-2.982012616078319,3.133565243307014,7.360093562789926e-07,0.999908818117459,0.0,0.0,1.0,0.0,TARGET_HOLD,1.446348155475409,0,32,0,0,77
36.333333333333336,-50.24981827206296,-2.965347353981056,3.133565243307014,6.752223616424075e-07,0.9999157258358332,0.0,0.0,1.0,0.0,TARGET_HOLD,1.4463481608065143,0,32,0,0,77
36.35,-50.249818261738575,-2.94868198547702,3.133565243307014,6.194633037326234e-07,0.9999221102422093,0.0,0.0,1.0,0.0,TARGET_HOLD,1.4463481656973838,0,32,0,0,77
36.36666666666667,-50.249818252343516,-2.9320165186273304,3.133565243307014,5.637035901423637e-07,0.9999280109814354,0.0,0.0,1.0,0.0,TARGET_HOLD,1.4463481701480152,0,32,0,0,77
36.38333333333333,-50.2498182438778,-2.915350960882415,3.133565243307014,5.07943295473945e-07,0.9999334646949619,0.0,0.0,1.0,0.0,TARGET_HOLD,1.4463481741583974,0,32,0,0,77
36.4,-50.24981823612383,-2.8986853191282766,3.133565243307014,4.652379640242948e-07,0.9999385052483738,0.0,0.0,1.0,0.0,TARGET_HOLD,1.4463481778316072,0,32,0,0,77
36.416666666666664,-50.249818229081626,-2.8820195997292495,3.133565243307014,4.225322396364942e-07,0.9999431639416785,0.0,0.0,1.0,0.0,TARGET_HOLD,1.4463481811676424,0,32,0,0,77
36.43333333333333,-50.24981822262685,-2.8653538085675225,3.133565243307014,3.872865912137365e-07,0.9999474697036724,0.0,0.0,1.0,0.0,TARGET_HOLD,1.4463481842253998,0,32,0,0,77
36.45,-50.24981821670558,-2.8486879510796568,3.133565243307014,3.552762949472353e-07,0.999951449271576,0.0,0.0,1.0,0.0,TARGET_HOLD,1.4463481870304253,0,32,0,0,77
36.46666666666667,-50.249818211317816,-2.8320220322903733,3.133565243307014,3.2326576416022745e-07,0.9999551273570625,0.0,0.0,1.0,0.0,TARGET_HOLD,1.446348189582717,0,32,0,0,77
36.483333333333334,-50.249818206463566,-2.8153560568437124,3.133565243307014,2.9125502555165327e-07,0.9999585267997089,0.0,0.0,1.0,0.0,TARGET_HOLD,1.4463481918822745,0,32,0,0,77
36.5,-50.24981820201748,-2.7986900290318997,3.133565243307014,2.667650110959011e-07,0.9999616687088217,0.0,0.0,1.0,0.0,TARGET_HOLD,1.4459478676377964,0,32,0,0,77
36.516666666666666,-50.24981819793914,-2.782023952821992,3.133565243307014,2.4470009596986987e-07,0.9999645725945171,0.0,0.0,1.0,0.0,TARGET_HOLD,1.440854726477709,0,32,0,0,77
36.53333333333333,-50.24981819419763,-2.765357831880512,3.133565243307014,2.2449050751962534e-07,0.9999672564888719,0.0,0.0,1.0,0.0,TARGET_HOLD,1.4357615713358391,0,32,0,0,77
36.55,-50.24981819076509,-2.7486916695962145,3.133565243307014,2.059525215556738e-07,0.9999697370578967,0.0,0.0,1.0,0.0,TARGET_HOLD,1.4306684032798582,0,32,0,0,77
36.56666666666667,-50.249818187641516,-2.7320254691011248,3.133565243307014,1.874144509065843e-07,0.9999720297050257,0.0,0.0,1.0,0.0,TARGET_HOLD,1.4255752232858543,0,32,0,0,77
36.583333333333336,-50.249818184826914,-2.715359233290013,3.133565243307014,1.688763052008315e-07,0.999974148666766,0.0,0.0,1.0,0.0,TARGET_HOLD,1.420482032257386,0,32,0,0,77
36.6,-50.249818182248944,-2.6986929648383287,3.133565243307014,1.5467817436116876e-07,0.999976107101102,0.0,0.0,1.0,0.0,TARGET_HOLD,1.4153888310562903,0,32,0,0,77
36.61666666666667,-50.2498181798842,-2.682026666218843,3.133565243307014,1.4188446413765274e-07,0.9999779171692003,0.0,0.0,1.0,0.0,TARGET_HOLD,1.410295620460447,0,32,0,0,77
36.63333333333333,-50.249818177714765,-2.665360339716995,3.133565243307014,1.3016637800890118e-07,0.9999795901109275,0.0,0.0,1.0,0.0,TARGET_HOLD,1.4052024011868829,0,32,0,0,77
36.65,-50.24981817572447,-2.6486939874450854,3.133565243307014,1.1941751884016885e-07,0.9999811363146451,0.0,0.0,1.0,0.0,TARGET_HOLD,1.4001091738977376,0,32,0,0,77
36.666666666666664,-50.249818173913326,-2.632027611355391,3.133565243307014,1.0866862905866766e-07,0.9999825653817175,0.0,0.0,1.0,0.0,TARGET_HOLD,1.3950159392006065,0,32,0,0,77
36.68333333333333,-50.249818172252965,-2.6153612132522897,3.133565243307014,9.962182022834241e-08,0.9999838861861329,0.0,0.0,1.0,0.0,TARGET_HOLD,1.3899226976648973,0,32,0,0,77
36.7,-50.24981817074338,-2.598694794803457,3.133565243307014,9.057498947745275e-08,0.9999851069296076,0.0,0.0,1.0,0.0,TARGET_HOLD,1.3848294498094909,0,32,0,0,77
36.71666666666667,-50.249818169359585,-2.582028357550249,3.133565243307014,8.302786246057842e-08,0.9999862351925162,0.0,0.0,1.0,0.0,TARGET_HOLD,1.3797361961198282,0,32,0,0,77
36.733333333333334,-50.24981816809015,-2.565361902917234,3.133565243307014,7.61661052083645e-08,0.9999872779809619,0.0,0.0,1.0,0.0,TARGET_HOLD,1.374642937041085,0,32,0,0,77
36.75,-50.24981816693508,-2.5486954322210638,3.133565243307014,6.930433479166722e-08,0.9999882417702829,0.0,0.0,1.0,0.0,TARGET_HOLD,1.369549672982649,0,32,0,0,77
36.766666666666666,-50.24981816588484,-2.532028946678644,3.133565243307014,6.301432037932538e-08,0.9999891325452614,0.0,0.0,1.0,0.0,TARGET_HOLD,1.3644564043247818,0,32,0,0,77
36.78333333333333,-50.249818164922104,-2.51536244741469,3.133565243307014,5.776398213307826e-08,0.9999899558372871,0.0,0.0,1.0,0.0,TARGET_HOLD,1.3593631314197945,0,32,0,0,77
36.8,-50.24981816404688,-2.4986959354687124,3.133565243307014,5.2513635953267696e-08,0.9999907167587048,0.0,0.0,1.0,0.0,TARGET_HOLD,1.3542698545907175,0,32,0,0,77
36.81666666666667,-50.24981816324458,-2.4820294118014634,3.133565243307014,4.8137569682552293e-08,0.9999914200345604,0.0,0.0,1.0,0.0,TARGET_HOLD,1.3491765741377482,0,32,0,0,77
36.833333333333336,-50.249818162515226,-2.465362877300932,3.133565243307014,4.376149776696265e-08,0.9999920700319422,0.0,0.0,1.0,0.0,TARGET_HOLD,1.3440832903367177,0,32,0,0,77
36.85,-50.24981816184665,-2.4486963327878146,3.133565243307014,4.011470718111589e-08,0.9999926707870981,0.0,0.0,1.0,0.0,TARGET_HOLD,1.338990003443425,0,32,0,0,77
36.86666666666667,-50.24981816123885,-2.4320297790206404,3.133565243307014,3.646791257026519e-08,0.9999932260304998,0.0,0.0,1.0,0.0,TARGET_HOLD,1.3338967136934041,0,32,0,0,77
36.88333333333333,-50.2498181606817,-2.4153632167004746,3.133565243307014,3.342891604485361e-08,0.9999937392100073,0.0,0.0,1.0,0.0,TARGET_HOLD,1.3288034213046505,0,32,0,0,77
36.9,-50.2498181601752,-2.398696646475271,3.133565243307014,3.038991665337478e-08,0.9999942135122795,0.0,0.0,1.0,0.0,TARGET_HOLD,1.322808333467779,0,32,0,0,77
36.916666666666664,-50.24981815971091,-2.382030068943896,3.133565243307014,2.7857420465695258e-08,0.9999946518825613,0.0,0.0,1.0,0.0,TARGET_HOLD,1.306183396793493,0,32,0,0,77
36.93333333333333,-50.24981815928499,-2.3653634846598472,3.133565243307014,2.5555152015347302e-08,0.9999950570429733,0.0,0.0,1.0,0.0,TARGET_HOLD,1.2895584533838877,0,32,0,0,77
36.95,-50.24981815889424,-2.348696894134684,3.133565243307014,2.344473964711554e-08,0.9999954315094147,0.0,0.0,1.0,0.0,TARGET_HOLD,1.2729335037492187,0,32,0,0,77
36.96666666666667,-50.24981815853867,-2.3320302978412317,3.133565243307014,2.1334325821383332e-08,0.9999957776071864,0.0,0.0,1.0,0.0,TARGET_HOLD,1.2563085483611454,0,32,0,0,77
36.983333333333334,-50.249818158212705,-2.3153636962164756,3.133565243307014,1.9558207884924022e-08,0.9999960974854298,0.0,0.0,1.0,0.0,TARGET_HOLD,1.239683587655487,0,32,0,0,77
37.0,-50.24981815791367,-2.298697089664302,3.133565243307014,1.7941970038722594e-08,0.9999963931304731,0.0,0.0,1.0,0.0,TARGET_HOLD,1.2230586220350745,0,32,0,0,77
37.016666666666666,-50.24981815764158,-2.282030478558,3.133565243307014,1.632573132052332e-08,0.9999966663781645,0.0,0.0,1.0,0.0,TARGET_HOLD,1.2064336518722913,0,32,0,0,77
37.03333333333333,-50.249818157392134,-2.26536386324258,3.133565243307014,1.496649037999671e-08,0.9999969189252733,0.0,0.0,1.0,0.0,TARGET_HOLD,1.1898086775112182,0,32,0,0,77
37.05,-50.249818157163304,-2.2486972440369137,3.133565243307014,1.3729691933211148e-08,0.9999971523400253,0.0,0.0,1.0,0.0,TARGET_HOLD,1.1731836992699134,0,32,0,0,77
37.06666666666667,-50.24981815695509,-2.2320306212357104,3.133565243307014,1.2492892948540104e-08,0.9999973680718416,0.0,0.0,1.0,0.0,TARGET_HOLD,1.1565587174423377,0,32,0,0,77
37.083333333333336,-50.249818156764206,-2.2153639951113724,3.133565243307014,1.1452764294505082e-08,0.9999975674603384,0.0,0.0,1.0,0.0,TARGET_HOLD,1.13993373230019,0,32,0,0,77
37.1,-50.2498181565891,-2.198697365915646,3.133565243307014,1.0506332626981818e-08,0.9999977517436461,0.0,0.0,1.0,0.0,TARGET_HOLD,1.123308744094557,0,32,0,0,77
37.11666666666667,-50.249818156428454,-2.182030733881212,3.133565243307014,9.63869865686918e-09,0.9999979220660972,0.0,0.0,1.0,0.0,TARGET_HOLD,1.1066837530575124,0,32,0,0,77
37.13333333333333,-50.24981815628227,-2.1653640992231242,3.133565243307014,8.771064418023581e-09,0.9999980794853323,0.0,0.0,1.0,0.0,TARGET_HOLD,1.090058759403588,0,32,0,0,77
37.15,-50.24981815614825,-2.1486974621401442,3.133565243307014,8.040859744170688e-09,0.9999982249788677,0.0,0.0,1.0,0.0,TARGET_HOLD,1.0734337633310091,0,32,0,0,77
37.166666666666664,-50.24981815602641,-2.1320308228159757,3.133565243307014,7.3106548768205225e-09,0.9999983594501656,0.0,0.0,1.0,0.0,TARGET_HOLD,1.0568087650230298,0,32,0,0,77
37.18333333333333,-50.24981815591472,-2.115364181420406,3.133565243307014,6.7014986413376745e-09,0.9999984837342439,0.0,0.0,1.0,0.0,TARGET_HOLD,1.040183764648984,0,32,0,0,77
37.2,-50.24981815581226,-2.098697538110352,3.133565243307014,6.147661014052661e-09,0.9999985986028618,0.0,0.0,1.0,0.0,TARGET_HOLD,1.0235587623653775,0,32,0,0,77
37.21666666666667,-50.24981815571826,-2.0820308930308644,3.133565243307014,5.639971605547306e-09,0.9999987047693116,0.0,0.0,1.0,0.0,TARGET_HOLD,1.0069337583168905,0,32,0,0,80
37.233333333333334,-50.249818155632724,-2.0653642463159847,3.133565243307014,5.1322821100907075e-09,0.9999988028928486,0.0,0.0,1.0,0.0,TARGET_HOLD,0.9903087526372405,0,32,0,0,80
37.25,-50.24981815555431,-2.048697598089606,3.133565243307014,4.705011434701492e-09,0.9999988935827843,0.0,0.0,1.0,0.0,TARGET_HOLD,0.9736837454499687,0,32,0,0,80
37.266666666666666,-50.24981815548301,-2.032030948466236,3.133565243307014,4.27774069294229e-09,0.9999989774022703,0.0,0.0,1.0,0.0,TARGET_HOLD,0.9570587368693202,0,32,0,0,80
37.28333333333333,-50.24981815541766,-2.015364297551707,3.133565243307014,3.921300352548308e-09,0.9999990548717953,0.0,0.0,1.0,0.0,TARGET_HOLD,0.9404337270008303,0,32,0,0,80
37.3,-50.2498181553577,-1.9986976454438345,3.133565243307014,3.597229028446206e-09,0.9999991264724168,0.0,0.0,1.0,0.0,TARGET_HOLD,0.923810753926432,0,32,0,0,80
37.31666666666667,-50.2498181553027,-1.982030992233016,3.133565243307014,3.300160792568481e-09,0.9999991926487489,0.0,0.0,1.0,0.0,TARGET_HOLD,0.9072118225136734,0,32,0,0,80
37.333333333333336,-50.24981815525265,-1.9653643380028214,3.133565243307014,3.0030925297158698e-09,0.9999992538117225,0.0,0.0,1.0,0.0,TARGET_HOLD,0.8906128900857688,0,32,0,0,80
37.35,-50.24981815520676,-1.94869768283047,3.133565243307014,2.7530803262906547e-09,0.9999993103411374,0.0,0.0,1.0,0.0,TARGET_HOLD,0.8740139567195864,0,32,0,0,80
37.36666666666667,-50.24981815516279,-1.932364360991452,3.133565243307014,2.6379567060723404e-09,0.9799993103411385,0.0,0.0,1.0,0.0,TARGET_HOLD,0.8577470022496767,0,32,0,0,80
37.38333333333333,-50.24981815512068,-1.9163643724857673,3.133565243307014,2.5267648538262728e-09,0.9599993103411396,0.0,0.0,1.0,0.0,TARGET_HOLD,0.841812026676052,0,32,0,0,80
37.4,-50.24981815508042,-1.9006977173134159,3.133565243307014,2.4156065255387533e-09,0.9399993103411407,0.0,0.0,1.0,0.0,TARGET_HOLD,0.8262090299986917,0,32,0,0,80
37.416666666666664,-50.249818155042014,-1.8853643954743977,3.133565243307014,2.3043912225348948e-09,0.9199993103411418,0.0,0.0,1.0,0.0,TARGET_HOLD,0.8109380122176209,0,32,0,0,80
37.43333333333333,-50.249818155005464,-1.8703644069687129,3.133565243307014,2.193110003895795e-09,0.8999993103411429,0.0,0.0,1.0,0.0,TARGET_HOLD,0.7959989733328185,0,32,0,0,80
37.45,-50.2498181549708,-1.855697751796355,3.133565243307014,2.0801291807556857e-09,0.8799993103411355,0.0,0.0,1.0,0.0,TARGET_HOLD,0.781391913344299,0,32,0,0,80
37.46666666666667,-50.249818154937984,-1.841364429957337,3.133565243307014,1.9687272890142673e-09,0.8599993103411366,0.0,0.0,1.0,0.0,TARGET_HOLD,0.7671168322520747,0,32,0,0,80
37.483333333333334,-50.24981815490703,-1.8273644414516523,3.133565243307014,1.8572820738202701e-09,0.8399993103411377,0.0,0.0,1.0,0.0,TARGET_HOLD,0.7531737300561245,0,32,0,0,80
37.5,-50.249818154877936,-1.813697786279301,3.133565243307014,1.7457309104811991e-09,0.8199993103411388,0.0,0.0,1.0,0.0,TARGET_HOLD,0.7395626067564736,0,32,0,0,80
37.516666666666666,-50.2498181548507,-1.8003644644402828,3.133565243307014,1.634056553754254e-09,0.7999993103411399,0.0,0.0,1.0,0.0,TARGET_HOLD,0.7262834623531116,0,32,0,0,80
37.53333333333333,-50.2498181548253,-1.787364475934598,3.133565243307014,1.523949320868279e-09,0.779999310341141,0.0,0.0,1.0,0.0,TARGET_HOLD,0.7133362968460286,0,32,0,0,80
37.55,-50.24981815480179,-1.7746978207622464,3.133565243307014,1.4107507247991913e-09,0.7599993103411421,0.0,0.0,1.0,0.0,TARGET_HOLD,0.7007211102352504,0,32,0,0,80
37.56666666666667,-50.249818154780066,-1.762364498923223,3.133565243307014,1.3032317768818061e-09,0.7399993103411348,0.0,0.0,1.0,0.0,TARGET_HOLD,0.6884379025207532,0,32,0,0,80
37.583333333333336,-50.24981815476004,-1.750364510417538,3.133565243307014,1.201205565004633e-09,0.7199993103411358,0.0,0.0,1.0,0.0,TARGET_HOLD,0.6764866737025588,0,32,0,0,80
37.6,-50.2498181547416,-1.7386811487834055,3.133565243307014,1.1069069092265164e-09,0.701001698047994,0.0,0.0,1.0,0.0,TARGET_HOLD,0.664850785202415,0,32,0,0,80
37.61666666666667,-50.2498181547246,-1.7272984220319776,3.133565243307014,1.0199185145518979e-09,0.6829636050857149,0.0,0.0,1.0,0.0,TARGET_HOLD,0.6535143100119247,0,32,0,0,80
37.63333333333333,-50.24981815470894,-1.716201423643118,3.133565243307014,9.396883118274932e-10,0.6658199033316158,0.0,0.0,1.0,0.0,TARGET_HOLD,0.6424624021807641,0,32,0,0,80
37.65,-50.24981815469456,-1.7053685075287532,3.133565243307014,8.626976737232866e-10,0.6499749668619181,0.0,0.0,1.0,0.0,TARGET_HOLD,0.6316735035756582,0,32,0,0,80
37.666666666666664,-50.249818154681314,-1.694787406129641,3.133565243307014,7.944731340214794e-10,0.634866083946768,0.0,0.0,1.0,0.0,TARGET_HOLD,0.6211353964842681,0,32,0,0,80
37.68333333333333,-50.24981815466916,-1.683900321328094,3.133565243307014,7.292434421225421e-10,0.6532250880928516,0.0,0.0,1.0,0.0,TARGET_HOLD,0.6102925492962552,0,32,0,0,80
37.7,-50.24981815465807,-1.6727450782397537,3.133565243307014,6.651430528672576e-10,0.6693145853001695,0.0,0.0,1.0,0.0,TARGET_HOLD,0.5991826334320498,0,32,0,0,80
37.71666666666667,-50.24981815464796,-1.661356566286277,3.133565243307014,6.068205610661375e-10,0.6833107172086369,0.0,0.0,1.0,0.0,TARGET_HOLD,0.5878403965467291,0,32,0,0,80
37.733333333333334,-50.24981815463867,-1.650299231650226,3.133565243307014,5.574777183153796e-10,0.6634400781631016,0.0,0.0,1.0,0.0,TARGET_HOLD,0.5768279913023395,0,32,0,0,80
37.75,-50.249818154630105,-1.6395558938090484,3.133565243307014,5.137433965512085e-10,0.6446002704706982,0.0,0.0,1.0,0.0,TARGET_HOLD,0.5661283069861407,0,32,0,0,80
37.766666666666666,-50.24981815462224,-1.6291027651267689,3.133565243307014,4.719621359540466e-10,0.6271877209368102,0.0,0.0,1.0,0.0,TARGET_HOLD,0.5557176526187169,0,32,0,0,80
37.78333333333333,-50.24981815461504,-1.6189178600610468,3.133565243307014,4.319482118175094e-10,0.6110943039433682,0.0,0.0,1.0,0.0,TARGET_HOLD,0.5455741319918466,0,32,0,0,80
37.8,-50.24981815460808,-1.609066288328658,3.133565243307014,4.178113360839233e-10,0.5910943039433693,0.0,0.0,1.0,0.0,TARGET_HOLD,0.5357625902612284,0,32,0,0,80
37.81666666666667,-50.24981815460135,-1.5995480499295984,3.133565243307014,4.0367446035033113e-10,0.5710943039433619,0.0,0.0,1.0,0.0,NO_REGULAR_FIELD,0.5262846503517036,0,32,0,0,80
37.833333333333336,-50.249818154594855,-1.5903631448638762,3.133565243307014,3.89537584616745e-10,0.551094303943363,0.0,0.0,1.0,0.0,NO_REGULAR_FIELD,0.517170048841014,0,32,0,0,80
37.85,-50.249818154588596,-1.5815115731314873,3.133565243307014,3.754007088831589e-10,0.5310943039433641,0.0,0.0,1.0,0.0,NO_REGULAR_FIELD,0.5083862292471425,0,32,0,0,80
37.86666666666667,-50.24981815458258,-1.5729933347324316,3.133565243307014,3.612638331495728e-10,0.5110943039433652,0.0,0.0,1.0,0.0,NO_REGULAR_FIELD,0.4999331915701113,0,32,0,0,80
37.88333333333333,-50.24981815457679,-1.5648084296667093,3.133565243307014,3.471269574159867e-10,0.49109430394336634,0.0,0.0,1.0,0.0,NO_REGULAR_FIELD,0.49181093580991,0,32,0,0,80
37.9,-50.249818154571244,-1.5569568579343203,3.133565243307014,3.329900816824006e-10,0.4710943039433675,0.0,0.0,1.0,0.0,NO_REGULAR_FIELD,0.484019461966527,0,32,0,0,80
37.916666666666664,-50.24981815456593,-1.5494386195352645,3.133565243307014,3.1885320594881447e-10,0.45109430394336864,0.0,0.0,1.0,0.0,NO_REGULAR_FIELD,0.4765587700399856,0,32,0,0,80
37.93333333333333,-50.24981815456085,-1.542253714469542,3.133565243307014,3.0471633021522836e-10,0.4310943039433698,0.0,0.0,1.0,0.0,NO_REGULAR_FIELD,0.4694288600302745,0,32,0,0,80
37.95,-50.249818154556,-1.5354021427371503,3.133565243307014,2.905794544816362e-10,0.4110943039433624,0.0,0.0,1.0,0.0,NO_REGULAR_FIELD,0.4626297319373832,0,32,0,0,80
37.96666666666667,-50.2498181545514,-1.5288839043380946,3.133565243307014,2.764425787480501e-10,0.39109430394336353,0.0,0.0,1.0,0.0,NO_REGULAR_FIELD,0.4561613857613346,0,32,0,0,80
37.983333333333334,-50.24981815454703,-1.5226989992723723,3.133565243307014,2.62305703014464e-10,0.3710943039433647,0.0,0.0,1.0,0.0,NO_REGULAR_FIELD,0.45002382150210585,0,32,0,0,80
38.0,-50.24981815454289,-1.5168474275399833,3.133565243307014,2.4816882728087787e-10,0.3510943039433658,0.0,0.0,1.0,0.0,NO_REGULAR_FIELD,0.44421703915973176,0,32,0,0,80
38.016666666666666,-50.24981815453899,-1.5113291891409275,3.133565243307014,2.3403195154729176e-10,0.331094303943367,0.0,0.0,1.0,0.0,NO_REGULAR_FIELD,0.4387410387341668,0,32,0,0,80
38.03333333333333,-50.249818154535326,-1.506144284075205,3.133565243307014,2.1989507581370565e-10,0.3110943039433681,0.0,0.0,1.0,0.0,NO_REGULAR_FIELD,0.4335958202254453,0,32,0,0,80
38.05,-50.249818154531894,-1.501292712342816,3.133565243307014,2.0575820008011954e-10,0.29109430394336927,0.0,0.0,1.0,0.0,NO_REGULAR_FIELD,0.42878138363355633,0,32,0,0,80
38.06666666666667,-50.249818154528704,-1.4967744739437583,3.133565243307014,1.916213243465274e-10,0.27109430394336187,0.0,0.0,1.0,0.0,NO_REGULAR_FIELD,0.42429772895850015,0,32,0,0,80
38.083333333333336,-50.24981815452575,-1.4925895688780357,3.133565243307014,1.774844486129413e-10,0.251094303943363,0.0,0.0,1.0,0.0,NO_REGULAR_FIELD,0.42014485620027675,0,32,0,0,80
38.1,-50.24981815452303,-1.4887379971456465,3.133565243307014,1.633475728793552e-10,0.23109430394336417,0.0,0.0,1.0,0.0,NO_REGULAR_FIELD,0.4163227653588861,0,32,0,0,80
38.11666666666667,-50.24981815452054,-1.4852197587465905,3.133565243307014,1.4921069714576908e-10,0.2110943039433653,0.0,0.0,1.0,0.0,NO_REGULAR_FIELD,0.4128314564343176,0,32,0,0,80
38.13333333333333,-50.24981815451829,-1.4820348536808678,3.133565243307014,1.3507382141218297e-10,0.19109430394336646,0.0,0.0,1.0,0.0,NO_REGULAR_FIELD,0.40967092942659356,0,32,0,0,80
38.15,-50.24981815451627,-1.4791832819484785,3.133565243307014,1.2093694567859686e-10,0.1710943039433676,0.0,0.0,1.0,0.0,NO_REGULAR_FIELD,0.4068411843357145,0,32,0,0,80
38.166666666666664,-50.249818154514486,-1.4766650435494224,3.133565243307014,1.0680006994501075e-10,0.15109430394336876,0.0,0.0,1.0,0.0,NO_REGULAR_FIELD,0.4043422211616572,0,32,0,0,80
38.18333333333333,-50.249818154512944,-1.4744801384836996,3.133565243307014,9.266319421142464e-11,0.1310943039433699,0.0,0.0,1.0,0.0,NO_REGULAR_FIELD,0.40217403990443445,0,32,0,0,83
38.2,-50.24981815451164,-1.4726285667513095,3.133565243307014,7.85263184778325e-11,0.11109430394336252,0.0,0.0,1.0,0.0,NO_REGULAR_FIELD,0.40033664056404505,0,32,0,0,83
38.21666666666667,-50.249818154510564,-1.4711103283522535,3.133565243307014,6.43894427442464e-11,0.09109430394336365,0.0,0.0,1.0,0.0,NO_REGULAR_FIELD,0.39883002314048976,0,32,0,0,83
38.233333333333334,-50.249818154509725,-1.4699254232865309,3.133565243307014,5.025256701066029e-11,0.07109430394336479,0.0,0.0,1.0,0.0,NO_REGULAR_FIELD,0.3976541876337685,0,32,0,0,84
38.25,-50.24981815450912,-1.4690738515541415,3.133565243307014,3.611569127707419e-11,0.05109430394336592,0.0,0.0,1.0,0.0,NO_REGULAR_FIELD,0.39680913404389206,0,32,0,0,84
38.266666666666666,-50.24981815450875,-1.4685556131550854,3.133565243307014,2.197881554348808e-11,0.03109430394336706,0.0,0.0,1.0,0.0,NO_REGULAR_FIELD,0.39629486237082734,0,32,0,0,84
38.28333333333333,-50.249818154508624,-1.4683707080893627,3.133565243307014,7.841939809901971e-12,0.011094303943368196,0.0,0.0,1.0,0.0,NO_REGULAR_FIELD,0.3961113726146195,0,32,0,0,84
38.3,-50.249818154508624,-1.4683707080893627,3.133565243307014,0.0,0.0,0.0,0.0,1.0,0.0,NO_REGULAR_FIELD,0.3961113726146195,0,32,0,0,84
38.31666666666667,-50.249818154508624,-1.4683707080893627,3.133565243307014,0.0,0.0,0.0,0.0,1.0,0.0,NO_REGULAR_FIELD,0.3961113726146195,0,32,0,0,84
38.333333333333336,-50.249818154508624,-1.4683707080893627,3.133565243307014,0.0,0.0,0.0,0.0,1.0,0.0,NO_REGULAR_FIELD,0.3961113726146195,0,32,0,0,84
38.35,-50.249818154508624,-1.4683707080893627,3.133565243307014,0.0,0.0,0.0,0.0,1.0,0.0,NO_REGULAR_FIELD,0.3961113726146195,0,32,0,0,84
38.36666666666667,-50.249818154508624,-1.4683707080893627,3.133565243307014,0.0,0.0,0.0,0.0,1.0,0.0,NO_REGULAR_FIELD,0.3961113726146195,0,32,0,0,84
38.38333333333333,-50.25012584681632,-1.4682425029611574,3.133565243307014,-0.018461538461537415,0.007692307692307252,0.0,0.0,1.0,0.0,TARGET_HOLD,0.3959936839059496,0,32,0,0,84
38.4,-50.250741231431704,-1.4679860927047472,3.133565243307014,-0.03692307692307483,0.015384615384614504,0.0,0.0,1.0,0.0,TARGET_HOLD,0.39575831374045534,0,32,0,0,84
38.416666666666664,-50.25166714218674,-1.4676085023026602,3.133565243307014,-0.0555546453019712,0.022655424125219863,0.0,0.0,1.0,0.0,TARGET_HOLD,0.3954123353089404,0,32,0,0,84
38.43333333333333,-50.25290357908142,-1.4671097317548965,3.133565243307014,-0.07418621368086757,0.029926232865825228,0.0,0.0,1.0,0.0,TARGET_HOLD,0.3949557697021421,0,32,0,0,84
38.45,-50.25444913043353,-1.4664862811266357,3.133569017011618,-0.09273308112665093,0.03740703769563239,0.0002264222762246493,0.0,1.0,0.0,TARGET_HOLD,0.39438467977790315,0,32,0,0,84
38.46666666666667,-50.25630672742972,-1.4657456793689994,3.1335765643096782,-0.11145581977146765,0.04443610545818593,0.0004528378836194264,0.0,1.0,0.0,TARGET_HOLD,0.3937066510437707,0,32,0,0,84
38.483333333333334,-50.25847263110271,-1.4648785922251846,3.1335918285523494,-0.12995422037954663,0.05202522862888976,0.0009158545602780418,0.0,1.0,0.0,TARGET_HOLD,0.392911856685388,0,32,0,0,84
38.5,-50.26094923418746,-1.4638908645134507,3.1336118719186095,-0.1485961850844667,0.05926366270403838,0.0012026019756032902,0.0,1.0,0.0,TARGET_HOLD,0.39200654489470976,0,32,0,0,84
38.516666666666666,-50.26373653668394,-1.4627824962337976,3.1336366944084584,-0.16723814978938678,0.066502096779187,0.0014893493909285387,0.0,1.0,0.0,TARGET_HOLD,0.3909907432322868,0,32,0,0,84
38.53333333333333,-50.26652558993671,-1.4616750671998378,3.1336626638175304,-0.167343195166218,0.0664457420375918,0.0015581645443155862,0.0,1.0,0.0,TARGET_HOLD,0.3899759016880997,0,32,0,0,84
38.55,-50.26900484976452,-1.4606906455817419,3.1336857486806826,-0.1487555896686239,0.05906529708574958,0.0013850917891234267,0.0,1.0,0.0,TARGET_HOLD,0.38907387906773616,0,32,0,0,84
38.56666666666667,-50.271174316167375,-1.4598292313795098,3.133705948997915,-0.13016798417102185,0.051684852133904204,0.0012120190339311933,0.0,1.0,0.0,TARGET_HOLD,0.3882846414992145,0,32,0,0,84
38.583333333333336,-50.27303398914527,-1.4590908245931422,3.1337232647692272,-0.11158037867342772,0.04430440718206198,0.0010389462787390338,0.0,1.0,0.0,TARGET_HOLD,0.3876081594229325,0,32,0,0,84
38.6,-50.2745838686982,-1.4584754252226386,3.1337376959946197,-0.0929927731758336,0.03692396223021975,0.0008658735235468742,0.0,1.0,0.0,NO_REGULAR_FIELD,0.38704440755965996,0,32,0,0,84
38.61666666666667,-50.27582395482617,-1.457983033267999,3.1337492426740923,-0.07440516767823947,0.02954351727837752,0.0006928007683547146,0.0,1.0,0.0,NO_REGULAR_FIELD,0.3865933648831946,0,32,0,0,84
38.63333333333333,-50.27675424752918,-1.4576136487292235,3.133757904807645,-0.05581756218064535,0.02216307232653529,0.000519728013162555,0.0,1.0,0.0,NO_REGULAR_FIELD,0.38625501459750344,0,32,0,0,84
38.65,-50.27737474680723,-1.457367271606312,3.1337636823952777,-0.03722995668305122,0.014782627374693064,0.00034665525797039545,0.0,1.0,0.0,NO_REGULAR_FIELD,0.3860293441184588,0,32,0,0,84
38.666666666666664,-50.27768545266032,-1.4572439018992644,3.1337665754369906,-0.0186423511854571,0.007402182422850838,0.00017358250277823583,0.0,1.0,0.0,NO_REGULAR_FIELD,0.3859163450601716,0,32,0,0,84
38.68333333333333,-50.27768636508845,-1.457243539608081,3.1337665839327835,-5.474568786297679e-05,2.1737471008610558e-05,5.097475860762059e-07,0.0,1.0,0.0,NO_REGULAR_FIELD,0.3859160132258067,0,32,0,0,84
38.7,-50.27768636508845,-1.457243539608081,3.1337665839327835,0.0,0.0,0.0,0.0,1.0,0.0,NO_REGULAR_FIELD,0.3859160132258067,0,32,0,0,84
38.71666666666667,-50.27768636508845,-1.457243539608081,3.1337665839327835,0.0,0.0,0.0,0.0,1.0,0.0,NO_REGULAR_FIELD,0.3859160132258067,0,32,0,0,84
38.733333333333334,-50.27768636508845,-1.457243539608081,3.1337665839327835,0.0,0.0,0.0,0.0,1.0,0.0,NO_REGULAR_FIELD,0.3859160132258067,0,32,0,0,84
38.75,-50.27768636508845,-1.457243539608081,3.1337665839327835,0.0,0.0,0.0,0.0,1.0,0.0,NO_REGULAR_FIELD,0.3859160132258067,0,32,0,0,84
38.766666666666666,-50.27768636508845,-1.457243539608081,3.1337665839327835,0.0,0.0,0.0,0.0,1.0,0.0,NO_REGULAR_FIELD,0.3859160132258067,0,32,0,0,84
38.78333333333333,-50.27768636508845,-1.457243539608081,3.1337665839327835,0.0,0.0,0.0,0.0,1.0,0.0,NO_REGULAR_FIELD,0.3859160132258067,0,32,0,0,84
38.8,-50.27768636508845,-1.457243539608081,3.1337665839327835,0.0,0.0,0.0,0.0,1.0,0.0,NO_REGULAR_FIELD,0.3859160132258067,0,32,0,0,84
38.81666666666667,-50.27768636508845,-1.457243539608081,3.1337665839327835,0.0,0.0,0.0,0.0,1.0,0.0,NO_REGULAR_FIELD,0.3859160132258067,0,32,0,0,84
38.833333333333336,-50.27768636508845,-1.457243539608081,3.1337665839327835,0.0,0.0,0.0,0.0,1.0,0.0,NO_REGULAR_FIELD,0.3859160132258067,0,32,0,0,84
38.85,-50.27768636508845,-1.457243539608081,3.1337665839327835,0.0,0.0,0.0,0.0,1.0,0.0,NO_REGULAR_FIELD,0.3859160132258067,0,32,0,0,84
38.86666666666667,-50.27768636508845,-1.457243539608081,3.1337665839327835,0.0,0.0,0.0,0.0,1.0,0.0,NO_REGULAR_FIELD,0.3859160132258067,0,32,0,0,84
38.88333333333333,-50.27768636508845,-1.457243539608081,3.1337665839327835,0.0,0.0,0.0,0.0,1.0,0.0,NO_REGULAR_FIELD,0.3859160132258067,0,32,0,0,84
38.9,-50.27768636508845,-1.457243539608081,3.1337665839327835,0.0,0.0,0.0,0.0,1.0,0.0,NO_REGULAR_FIELD,0.3859160132258067,0,32,0,0,84
38.916666666666664,-50.27768636508845,-1.457243539608081,3.1337665839327835,0.0,0.0,0.0,0.0,1.0,0.0,NO_REGULAR_FIELD,0.3859160132258067,0,32,0,0,84
38.93333333333333,-50.27768636508845,-1.457243539608081,3.1337665839327835,0.0,0.0,0.0,0.0,1.0,0.0,NO_REGULAR_FIELD,0.3859160132258067,0,32,0,0,84
38.95,-50.27768636508845,-1.457243539608081,3.1337665839327835,0.0,0.0,0.0,0.0,1.0,0.0,NO_REGULAR_FIELD,0.3859160132258067,0,32,0,0,84
38.96666666666667,-50.27768636508845,-1.457243539608081,3.1337665839327835,0.0,0.0,0.0,0.0,1.0,0.0,NO_REGULAR_FIELD,0.3859160132258067,0,32,0,0,84
38.983333333333334,-50.27768636508845,-1.457243539608081,3.1337665839327835,0.0,0.0,0.0,0.0,1.0,0.0,NO_REGULAR_FIELD,0.3859160132258067,0,32,0,0,84
39.0,-50.27768636508845,-1.457243539608081,3.1337665839327835,0.0,0.0,0.0,0.0,1.0,0.0,NO_REGULAR_FIELD,0.3859160132258067,0,32,0,0,84
39.016666666666666,-50.27768636508845,-1.457243539608081,3.1337665839327835,0.0,0.0,0.0,0.0,1.0,0.0,NO_REGULAR_FIELD,0.3859160132258067,0,32,0,0,84
39.03333333333333,-50.27768636508845,-1.457243539608081,3.1337665839327835,0.0,0.0,0.0,0.0,1.0,0.0,NO_REGULAR_FIELD,0.3859160132258067,0,32,0,0,84
39.05,-50.27768636508845,-1.457243539608081,3.1337665839327835,0.0,0.0,0.0,0.0,1.0,0.0,NO_REGULAR_FIELD,0.3859160132258067,0,32,0,0,84
39.06666666666667,-50.27768636508845,-1.457243539608081,3.1337665839327835,0.0,0.0,0.0,0.0,1.0,0.0,NO_REGULAR_FIELD,0.3859160132258067,0,32,0,0,84
39.083333333333336,-50.27768636508845,-1.457243539608081,3.1337665839327835,0.0,0.0,0.0,0.0,1.0,0.0,NO_REGULAR_FIELD,0.3859160132258067,0,32,0,0,84
39.1,-50.27768636508845,-1.457243539608081,3.1337665839327835,0.0,0.0,0.0,0.0,1.0,0.0,NO_REGULAR_FIELD,0.3859160132258067,0,32,0,0,84
39.11666666666667,-50.27768636508845,-1.457243539608081,3.1337665839327835,0.0,0.0,0.0,0.0,1.0,0.0,NO_REGULAR_FIELD,0.3859160132258067,0,32,0,0,84
39.13333333333333,-50.27768636508845,-1.457243539608081,3.1337665839327835,0.0,0.0,0.0,0.0,1.0,0.0,NO_REGULAR_FIELD,0.3859160132258067,0,32,0,0,84
39.15,-50.27768636508845,-1.457243539608081,3.1337665839327835,0.0,0.0,0.0,0.0,1.0,0.0,NO_REGULAR_FIELD,0.3859160132258067,0,32,0,0,84
39.166666666666664,-50.27768636508845,-1.457243539608081,3.1337665839327835,0.0,0.0,0.0,0.0,1.0,0.0,NO_REGULAR_FIELD,0.3859160132258067,0,32,0,0,84
39.18333333333333,-50.27768636508845,-1.457243539608081,3.1337665839327835,0.0,0.0,0.0,0.0,1.0,0.0,NO_REGULAR_FIELD,0.3859160132258067,0,32,0,0,84
39.2,-50.27768636508845,-1.457243539608081,3.1337665839327835,0.0,0.0,0.0,0.0,1.0,0.0,NO_REGULAR_FIELD,0.3859160132258067,0,32,0,0,84
39.21666666666667,-50.27768636508845,-1.457243539608081,3.1337665839327835,0.0,0.0,0.0,0.0,1.0,0.0,NO_REGULAR_FIELD,0.3859160132258067,0,32,0,0,84
39.233333333333334,-50.27768636508845,-1.457243539608081,3.1337665839327835,0.0,0.0,0.0,0.0,1.0,0.0,NO_REGULAR_FIELD,0.3859160132258067,0,32,0,0,84
39.25,-50.27768636508845,-1.457243539608081,3.1337665839327835,0.0,0.0,0.0,0.0,1.0,0.0,NO_REGULAR_FIELD,0.3859160132258067,0,32,0,0,84
39.266666666666666,-50.27768636508845,-1.457243539608081,3.1337665839327835,0.0,0.0,0.0,0.0,1.0,0.0,NO_REGULAR_FIELD,0.3859160132258067,0,32,0,0,84
39.28333333333333,-50.27768636508845,-1.457243539608081,3.1337665839327835,0.0,0.0,0.0,0.0,1.0,0.0,NO_REGULAR_FIELD,0.3859160132258067,0,32,0,0,84
39.3,-50.27768636508845,-1.457243539608081,3.1337665839327835,0.0,0.0,0.0,0.0,1.0,0.0,NO_REGULAR_FIELD,0.3859160132258067,0,32,0,0,84
39.31666666666667,-50.27768636508845,-1.457243539608081,3.1337665839327835,0.0,0.0,0.0,0.0,1.0,0.0,NO_REGULAR_FIELD,0.3859160132258067,0,32,0,0,84
39.333333333333336,-50.27768636508845,-1.457243539608081,3.1337665839327835,0.0,0.0,0.0,0.0,1.0,0.0,NO_REGULAR_FIELD,0.3859160132258067,0,32,0,0,84
39.35,-50.27768636508845,-1.457243539608081,3.1337665839327835,0.0,0.0,0.0,0.0,1.0,0.0,NO_REGULAR_FIELD,0.3859160132258067,0,32,0,0,84
39.36666666666667,-50.27768636508845,-1.457243539608081,3.1337665839327835,0.0,0.0,0.0,0.0,1.0,0.0,NO_REGULAR_FIELD,0.3859160132258067,0,32,0,0,84
39.38333333333333,-50.27768636508845,-1.457243539608081,3.1337665839327835,0.0,0.0,0.0,0.0,1.0,0.0,NO_REGULAR_FIELD,0.3859160132258067,0,32,0,0,84
39.4,-50.27768636508845,-1.457243539608081,3.1337665839327835,0.0,0.0,0.0,0.0,1.0,0.0,NO_REGULAR_FIELD,0.3859160132258067,0,32,0,0,84
39.416666666666664,-50.27768636508845,-1.457243539608081,3.1337665839327835,0.0,0.0,0.0,0.0,1.0,0.0,NO_REGULAR_FIELD,0.3859160132258067,0,32,0,0,84
39.43333333333333,-50.27768636508845,-1.457243539608081,3.1337665839327835,0.0,0.0,0.0,0.0,1.0,0.0,NO_REGULAR_FIELD,0.3859160132258067,0,32,0,0,84
39.45,-50.27768636508845,-1.457243539608081,3.1337665839327835,0.0,0.0,0.0,0.0,1.0,0.0,NO_REGULAR_FIELD,0.3859160132258067,0,32,0,0,84
39.46666666666667,-50.27768636508845,-1.457243539608081,3.1337665839327835,0.0,0.0,0.0,0.0,1.0,0.0,NO_REGULAR_FIELD,0.3859160132258067,0,32,0,0,84
39.483333333333334,-50.27768636508845,-1.457243539608081,3.1337665839327835,0.0,0.0,0.0,0.0,1.0,0.0,NO_REGULAR_FIELD,0.3859160132258067,0,32,0,0,84
39.5,-50.27768636508845,-1.457243539608081,3.1337665839327835,0.0,0.0,0.0,0.0,1.0,0.0,NO_REGULAR_FIELD,0.3859160132258067,0,32,0,0,84
39.516666666666666,-50.27768636508845,-1.457243539608081,3.1337665839327835,0.0,0.0,0.0,0.0,1.0,0.0,NO_REGULAR_FIELD,0.3859160132258067,0,32,0,0,84
39.53333333333333,-50.27768636508845,-1.457243539608081,3.1337665839327835,0.0,0.0,0.0,0.0,1.0,0.0,NO_REGULAR_FIELD,0.3859160132258067,0,32,0,0,84
39.55,-50.27768636508845,-1.457243539608081,3.1337665839327835,0.0,0.0,0.0,0.0,1.0,0.0,NO_REGULAR_FIELD,0.3859160132258067,0,32,0,0,84
39.56666666666667,-50.27768636508845,-1.457243539608081,3.1337665839327835,0.0,0.0,0.0,0.0,1.0,0.0,NO_REGULAR_FIELD,0.3859160132258067,0,32,0,0,84
39.583333333333336,-50.27768636508845,-1.457243539608081,3.1337665839327835,0.0,0.0,0.0,0.0,1.0,0.0,NO_REGULAR_FIELD,0.3859160132258067,0,32,0,0,84
39.6,-50.27768636508845,-1.457243539608081,3.1337665839327835,0.0,0.0,0.0,0.0,1.0,0.0,NO_REGULAR_FIELD,0.3859160132258067,0,32,0,0,84
39.61666666666667,-50.27768636508845,-1.457243539608081,3.1337665839327835,0.0,0.0,0.0,0.0,1.0,0.0,NO_REGULAR_FIELD,0.3859160132258067,0,32,0,0,84
39.63333333333333,-50.27768636508845,-1.457243539608081,3.1337665839327835,0.0,0.0,0.0,0.0,1.0,0.0,NO_REGULAR_FIELD,0.3859160132258067,0,32,0,0,84
39.65,-50.27768636508845,-1.457243539608081,3.1337665839327835,0.0,0.0,0.0,0.0,1.0,0.0,NO_REGULAR_FIELD,0.3859160132258067,0,32,0,0,84
39.666666666666664,-50.27768636508845,-1.457243539608081,3.1337665839327835,0.0,0.0,0.0,0.0,1.0,0.0,NO_REGULAR_FIELD,0.3859160132258067,0,32,0,0,84
39.68333333333333,-50.27768636508845,-1.457243539608081,3.1337665839327835,0.0,0.0,0.0,0.0,1.0,0.0,NO_REGULAR_FIELD,0.3859160132258067,0,32,0,0,84
39.7,-50.27768636508845,-1.457243539608081,3.1337665839327835,0.0,0.0,0.0,0.0,1.0,0.0,NO_REGULAR_FIELD,0.3859160132258067,0,32,0,0,84
39.71666666666667,-50.27768636508845,-1.457243539608081,3.1337665839327835,0.0,0.0,0.0,0.0,1.0,0.0,NO_REGULAR_FIELD,0.3859160132258067,0,32,0,0,84
39.733333333333334,-50.27768636508845,-1.457243539608081,3.1337665839327835,0.0,0.0,0.0,0.0,1.0,0.0,NO_REGULAR_FIELD,0.3859160132258067,0,32,0,0,84
39.75,-50.27768636508845,-1.457243539608081,3.1337665839327835,0.0,0.0,0.0,0.0,1.0,0.0,NO_REGULAR_FIELD,0.3859160132258067,0,32,0,0,84
39.766666666666666,-50.27768636508845,-1.457243539608081,3.1337665839327835,0.0,0.0,0.0,0.0,1.0,0.0,NO_REGULAR_FIELD,0.3859160132258067,0,32,0,0,84
39.78333333333333,-50.27768636508845,-1.457243539608081,3.1337665839327835,0.0,0.0,0.0,0.0,1.0,0.0,NO_REGULAR_FIELD,0.3859160132258067,0,32,0,0,84
39.8,-50.27768636508845,-1.457243539608081,3.1337665839327835,0.0,0.0,0.0,0.0,1.0,0.0,NO_REGULAR_FIELD,0.3859160132258067,0,32,0,0,84
39.81666666666667,-50.27768636508845,-1.457243539608081,3.1337665839327835,0.0,0.0,0.0,0.0,1.0,0.0,NO_REGULAR_FIELD,0.3859160132258067,0,32,0,0,84
39.833333333333336,-50.27768636508845,-1.457243539608081,3.1337665839327835,0.0,0.0,0.0,0.0,1.0,0.0,NO_REGULAR_FIELD,0.3859160132258067,0,32,0,0,84
39.85,-50.27768636508845,-1.457243539608081,3.1337665839327835,0.0,0.0,0.0,0.0,1.0,0.0,NO_REGULAR_FIELD,0.3859160132258067,0,32,0,0,84
39.86666666666667,-50.27768636508845,-1.457243539608081,3.1337665839327835,0.0,0.0,0.0,0.0,1.0,0.0,NO_REGULAR_FIELD,0.3859160132258067,0,32,0,0,84
39.88333333333333,-50.27768636508845,-1.457243539608081,3.1337665839327835,0.0,0.0,0.0,0.0,1.0,0.0,NO_REGULAR_FIELD,0.3859160132258067,0,32,0,0,84
39.9,-50.27768636508845,-1.457243539608081,3.1337665839327835,0.0,0.0,0.0,0.0,1.0,0.0,NO_REGULAR_FIELD,0.3859160132258067,0,32,0,0,84
39.916666666666664,-50.27768636508845,-1.457243539608081,3.1337665839327835,0.0,0.0,0.0,0.0,1.0,0.0,NO_REGULAR_FIELD,0.3859160132258067,0,32,0,0,84
39.93333333333333,-50.27768636508845,-1.457243539608081,3.1337665839327835,0.0,0.0,0.0,0.0,1.0,0.0,NO_REGULAR_FIELD,0.3859160132258067,0,32,0,0,84
39.95,-50.27768636508845,-1.457243539608081,3.1337665839327835,0.0,0.0,0.0,0.0,1.0,0.0,NO_REGULAR_FIELD,0.3859160132258067,0,32,0,0,84
39.96666666666667,-50.27768636508845,-1.457243539608081,3.1337665839327835,0.0,0.0,0.0,0.0,1.0,0.0,NO_REGULAR_FIELD,0.3859160132258067,0,32,0,0,84
39.983333333333334,-50.27768636508845,-1.457243539608081,3.1337665839327835,0.0,0.0,0.0,0.0,1.0,0.0,NO_REGULAR_FIELD,0.3859160132258067,0,32,0,0,84
40.0,-50.27768636508845,-1.457243539608081,3.1337665839327835,0.0,0.0,0.0,0.0,1.0,0.0,NO_REGULAR_FIELD,0.3859160132258067,0,32,0,0,84
40.016666666666666,-50.27768636508845,-1.457243539608081,3.1337665839327835,0.0,0.0,0.0,0.0,1.0,0.0,NO_REGULAR_FIELD,0.3859160132258067,0,32,0,0,84
40.03333333333333,-50.27768636508845,-1.457243539608081,3.1337665839327835,0.0,0.0,0.0,0.0,1.0,0.0,NO_REGULAR_FIELD,0.3859160132258067,0,32,0,0,84
40.05,-50.27768636508845,-1.457243539608081,3.1337665839327835,0.0,0.0,0.0,0.0,1.0,0.0,NO_REGULAR_FIELD,0.3859160132258067,0,32,0,0,84
40.06666666666667,-50.27768636508845,-1.457243539608081,3.1337665839327835,0.0,0.0,0.0,0.0,1.0,0.0,NO_REGULAR_FIELD,0.3859160132258067,0,32,0,0,84
40.083333333333336,-50.27768636508845,-1.457243539608081,3.1337665839327835,0.0,0.0,0.0,0.0,1.0,0.0,NO_REGULAR_FIELD,0.3859160132258067,0,32,0,0,84
40.1,-50.27768636508845,-1.457243539608081,3.1337665839327835,0.0,0.0,0.0,0.0,1.0,0.0,NO_REGULAR_FIELD,0.3859160132258067,0,32,0,0,84
40.11666666666667,-50.27768636508845,-1.457243539608081,3.1337665839327835,0.0,0.0,0.0,0.0,1.0,0.0,NO_REGULAR_FIELD,0.3859160132258067,0,32,0,0,84
40.13333333333333,-50.27768636508845,-1.457243539608081,3.1337665839327835,0.0,0.0,0.0,0.0,1.0,0.0,NO_REGULAR_FIELD,0.3859160132258067,0,32,0,0,84
40.15,-50.27768636508845,-1.457243539608081,3.1337665839327835,0.0,0.0,0.0,0.0,1.0,0.0,NO_REGULAR_FIELD,0.3859160132258067,0,32,0,0,84
40.166666666666664,-50.27768636508845,-1.457243539608081,3.1337665839327835,0.0,0.0,0.0,0.0,1.0,0.0,NO_REGULAR_FIELD,0.3859160132258067,0,32,0,0,84
40.18333333333333,-50.27768636508845,-1.457243539608081,3.1337665839327835,0.0,0.0,0.0,0.0,1.0,0.0,NO_REGULAR_FIELD,0.3859160132258067,0,32,0,0,84
40.2,-50.27768636508845,-1.457243539608081,3.1337665839327835,0.0,0.0,0.0,0.0,1.0,0.0,NO_REGULAR_FIELD,0.3859160132258067,0,32,0,0,84
40.21666666666667,-50.27768636508845,-1.457243539608081,3.1337665839327835,0.0,0.0,0.0,0.0,1.0,0.0,NO_REGULAR_FIELD,0.3859160132258067,0,32,0,0,84
40.233333333333334,-50.27768636508845,-1.457243539608081,3.1337665839327835,0.0,0.0,0.0,0.0,1.0,0.0,NO_REGULAR_FIELD,0.3859160132258067,0,32,0,0,84
40.25,-50.27768636508845,-1.457243539608081,3.1337665839327835,0.0,0.0,0.0,0.0,1.0,0.0,NO_REGULAR_FIELD,0.3859160132258067,0,32,0,0,84
40.266666666666666,-50.27768636508845,-1.457243539608081,3.1337665839327835,0.0,0.0,0.0,0.0,1.0,0.0,NO_REGULAR_FIELD,0.3859160132258067,0,32,0,0,84
40.28333333333333,-50.27768636508845,-1.457243539608081,3.1337665839327835,0.0,0.0,0.0,0.0,1.0,0.0,NO_REGULAR_FIELD,0.3859160132258067,0,32,0,0,84
40.3,-50.27768636508845,-1.457243539608081,3.1337665839327835,0.0,0.0,0.0,0.0,1.0,0.0,NO_REGULAR_FIELD,0.3859160132258067,0,32,0,0,84
40.31666666666667,-50.27768636508845,-1.457243539608081,3.1337665839327835,0.0,0.0,0.0,0.0,1.0,0.0,NO_REGULAR_FIELD,0.3859160132258067,0,32,0,0,84
40.333333333333336,-50.27768636508845,-1.457243539608081,3.1337665839327835,0.0,0.0,0.0,0.0,1.0,0.0,NO_REGULAR_FIELD,0.3859160132258067,0,32,0,0,84
40.35,-50.27768636508845,-1.457243539608081,3.1337665839327835,0.0,0.0,0.0,0.0,1.0,0.0,NO_REGULAR_FIELD,0.3859160132258067,0,32,0,0,84
40.36666666666667,-50.27768636508845,-1.457243539608081,3.1337665839327835,0.0,0.0,0.0,0.0,1.0,0.0,NO_REGULAR_FIELD,0.3859160132258067,0,32,0,0,84
40.38333333333333,-50.27768636508845,-1.457243539608081,3.1337665839327835,0.0,0.0,0.0,0.0,1.0,0.0,NO_REGULAR_FIELD,0.3859160132258067,0,32,0,0,84
40.4,-50.27768636508845,-1.457243539608081,3.1337665839327835,0.0,0.0,0.0,0.0,1.0,0.0,NO_REGULAR_FIELD,0.3859160132258067,0,32,0,0,84
40.416666666666664,-50.27768636508845,-1.457243539608081,3.1337665839327835,0.0,0.0,0.0,0.0,1.0,0.0,NO_REGULAR_FIELD,0.3859160132258067,0,32,0,0,84
40.43333333333333,-50.27768636508845,-1.457243539608081,3.1337665839327835,0.0,0.0,0.0,0.0,1.0,0.0,NO_REGULAR_FIELD,0.3859160132258067,0,32,0,0,84
40.45,-50.27768636508845,-1.457243539608081,3.1337665839327835,0.0,0.0,0.0,0.0,1.0,0.0,NO_REGULAR_FIELD,0.3859160132258067,0,32,0,0,84
40.46666666666667,-50.27768636508845,-1.457243539608081,3.1337665839327835,0.0,0.0,0.0,0.0,1.0,0.0,NO_REGULAR_FIELD,0.3859160132258067,0,32,0,0,84
40.483333333333334,-50.27768636508845,-1.457243539608081,3.1337665839327835,0.0,0.0,0.0,0.0,1.0,0.0,NO_REGULAR_FIELD,0.3859160132258067,0,32,0,0,84
40.5,-50.27768636508845,-1.457243539608081,3.1337665839327835,0.0,0.0,0.0,0.0,1.0,0.0,NO_REGULAR_FIELD,0.3859160132258067,0,32,0,0,84
40.516666666666666,-50.27768636508845,-1.457243539608081,3.1337665839327835,0.0,0.0,0.0,0.0,1.0,0.0,NO_REGULAR_FIELD,0.3859160132258067,0,32,0,0,84
40.53333333333333,-50.27768636508845,-1.457243539608081,3.1337665839327835,0.0,0.0,0.0,0.0,1.0,0.0,NO_REGULAR_FIELD,0.3859160132258067,0,32,0,0,84
40.55,-50.27768636508845,-1.457243539608081,3.1337665839327835,0.0,0.0,0.0,0.0,1.0,0.0,NO_REGULAR_FIELD,0.3859160132258067,0,32,0,0,84
40.56666666666667,-50.27768636508845,-1.457243539608081,3.1337665839327835,0.0,0.0,0.0,0.0,1.0,0.0,NO_REGULAR_FIELD,0.3859160132258067,0,32,0,0,84
40.583333333333336,-50.27768636508845,-1.457243539608081,3.1337665839327835,0.0,0.0,0.0,0.0,1.0,0.0,NO_REGULAR_FIELD,0.3859160132258067,0,32,0,0,84
40.6,-50.27768636508845,-1.457243539608081,3.1337665839327835,0.0,0.0,0.0,0.0,1.0,0.0,NO_REGULAR_FIELD,0.3859160132258067,0,32,0,0,84
40.61666666666667,-50.27768636508845,-1.457243539608081,3.1337665839327835,0.0,0.0,0.0,0.0,1.0,0.0,NO_REGULAR_FIELD,0.3859160132258067,0,32,0,0,84
40.63333333333333,-50.27768636508845,-1.457243539608081,3.1337665839327835,0.0,0.0,0.0,0.0,1.0,0.0,NO_REGULAR_FIELD,0.3859160132258067,0,32,0,0,84
40.65,-50.27768636508845,-1.457243539608081,3.1337665839327835,0.0,0.0,0.0,0.0,1.0,0.0,NO_REGULAR_FIELD,0.3859160132258067,0,32,0,0,84
40.666666666666664,-50.27768636508845,-1.457243539608081,3.1337665839327835,0.0,0.0,0.0,0.0,1.0,0.0,NO_REGULAR_FIELD,0.3859160132258067,0,32,0,0,84
40.68333333333333,-50.27768636508845,-1.457243539608081,3.1337665839327835,0.0,0.0,0.0,0.0,1.0,0.0,NO_REGULAR_FIELD,0.3859160132258067,0,32,0,0,84
40.7,-50.27768636508845,-1.457243539608081,3.1337665839327835,0.0,0.0,0.0,0.0,1.0,0.0,NO_REGULAR_FIELD,0.3859160132258067,0,32,0,0,84
40.71666666666667,-50.27768636508845,-1.457243539608081,3.1337665839327835,0.0,0.0,0.0,0.0,1.0,0.0,NO_REGULAR_FIELD,0.3859160132258067,0,32,0,0,84
40.733333333333334,-50.27768636508845,-1.457243539608081,3.1337665839327835,0.0,0.0,0.0,0.0,1.0,0.0,NO_REGULAR_FIELD,0.3859160132258067,0,32,0,0,84
40.75,-50.27768636508845,-1.457243539608081,3.1337665839327835,0.0,0.0,0.0,0.0,1.0,0.0,NO_REGULAR_FIELD,0.3859160132258067,0,32,0,0,84
40.766666666666666,-50.27768636508845,-1.457243539608081,3.1337665839327835,0.0,0.0,0.0,0.0,1.0,0.0,NO_REGULAR_FIELD,0.3859160132258067,0,32,0,0,84
40.78333333333333,-50.27768636508845,-1.457243539608081,3.1337665839327835,0.0,0.0,0.0,0.0,1.0,0.0,NO_REGULAR_FIELD,0.3859160132258067,0,32,0,0,84
40.8,-50.27768636508845,-1.457243539608081,3.1337665839327835,0.0,0.0,0.0,0.0,1.0,0.0,NO_REGULAR_FIELD,0.3859160132258067,0,32,0,0,84
40.81666666666667,-50.27768636508845,-1.457243539608081,3.1337665839327835,0.0,0.0,0.0,0.0,1.0,0.0,NO_REGULAR_FIELD,0.3859160132258067,0,32,0,0,84
40.833333333333336,-50.27768636508845,-1.457243539608081,3.1337665839327835,0.0,0.0,0.0,0.0,1.0,0.0,NO_REGULAR_FIELD,0.3859160132258067,0,32,0,0,84
40.85,-50.27768636508845,-1.457243539608081,3.1337665839327835,0.0,0.0,0.0,0.0,1.0,0.0,NO_REGULAR_FIELD,0.3859160132258067,0,32,0,0,84
40.86666666666667,-50.27768636508845,-1.457243539608081,3.1337665839327835,0.0,0.0,0.0,0.0,1.0,0.0,NO_REGULAR_FIELD,0.3859160132258067,0,32,0,0,84
40.88333333333333,-50.27768636508845,-1.457243539608081,3.1337665839327835,0.0,0.0,0.0,0.0,1.0,0.0,NO_REGULAR_FIELD,0.3859160132258067,0,32,0,0,84
40.9,-50.27768636508845,-1.457243539608081,3.1337665839327835,0.0,0.0,0.0,0.0,1.0,0.0,NO_REGULAR_FIELD,0.3859160132258067,0,32,0,0,84
40.916666666666664,-50.27768636508845,-1.457243539608081,3.1337665839327835,0.0,0.0,0.0,0.0,1.0,0.0,NO_REGULAR_FIELD,0.3859160132258067,0,32,0,0,84
40.93333333333333,-50.27768636508845,-1.457243539608081,3.1337665839327835,0.0,0.0,0.0,0.0,1.0,0.0,NO_REGULAR_FIELD,0.3859160132258067,0,32,0,0,84
40.95,-50.27768636508845,-1.457243539608081,3.1337665839327835,0.0,0.0,0.0,0.0,1.0,0.0,NO_REGULAR_FIELD,0.3859160132258067,0,32,0,0,84
40.96666666666667,-50.27768636508845,-1.457243539608081,3.1337665839327835,0.0,0.0,0.0,0.0,1.0,0.0,NO_REGULAR_FIELD,0.3859160132258067,0,32,0,0,84
40.983333333333334,-50.27768636508845,-1.457243539608081,3.1337665839327835,0.0,0.0,0.0,0.0,1.0,0.0,NO_REGULAR_FIELD,0.3859160132258067,0,32,0,0,84
41.0,-50.27768636508845,-1.457243539608081,3.1337665839327835,0.0,0.0,0.0,0.0,1.0,0.0,NO_REGULAR_FIELD,0.3859160132258067,0,32,0,0,84
41.016666666666666,-50.27768636508845,-1.457243539608081,3.1337665839327835,0.0,0.0,0.0,0.0,1.0,0.0,NO_REGULAR_FIELD,0.3859160132258067,0,32,0,0,84
41.03333333333333,-50.27768636508845,-1.457243539608081,3.1337665839327835,0.0,0.0,0.0,0.0,1.0,0.0,NO_REGULAR_FIELD,0.3859160132258067,0,32,0,0,84
41.05,-50.27768636508845,-1.457243539608081,3.1337665839327835,0.0,0.0,0.0,0.0,1.0,0.0,NO_REGULAR_FIELD,0.3859160132258067,0,32,0,0,84
41.06666666666667,-50.27768636508845,-1.457243539608081,3.1337665839327835,0.0,0.0,0.0,0.0,1.0,0.0,NO_REGULAR_FIELD,0.3859160132258067,0,32,0,0,84
41.083333333333336,-50.27768636508845,-1.457243539608081,3.1337665839327835,0.0,0.0,0.0,0.0,1.0,0.0,NO_REGULAR_FIELD,0.3859160132258067,0,32,0,0,84
41.1,-50.27768636508845,-1.457243539608081,3.1337665839327835,0.0,0.0,0.0,0.0,1.0,0.0,NO_REGULAR_FIELD,0.3859160132258067,0,32,0,0,84
41.11666666666667,-50.27768636508845,-1.457243539608081,3.1337665839327835,0.0,0.0,0.0,0.0,1.0,0.0,NO_REGULAR_FIELD,0.3859160132258067,0,32,0,0,84
41.13333333333333,-50.27768636508845,-1.457243539608081,3.1337665839327835,0.0,0.0,0.0,0.0,1.0,0.0,NO_REGULAR_FIELD,0.3859160132258067,0,32,0,0,84
41.15,-50.27768636508845,-1.457243539608081,3.1337665839327835,0.0,0.0,0.0,0.0,1.0,0.0,NO_REGULAR_FIELD,0.3859160132258067,0,32,0,0,84
41.166666666666664,-50.27768636508845,-1.457243539608081,3.1337665839327835,0.0,0.0,0.0,0.0,1.0,0.0,NO_REGULAR_FIELD,0.3859160132258067,0,32,0,0,84
41.18333333333333,-50.27768636508845,-1.457243539608081,3.1337665839327835,0.0,0.0,0.0,0.0,1.0,0.0,NO_REGULAR_FIELD,0.3859160132258067,0,32,0,0,84
41.2,-50.27768636508845,-1.457243539608081,3.1337665839327835,0.0,0.0,0.0,0.0,1.0,0.0,NO_REGULAR_FIELD,0.3859160132258067,0,32,0,0,84
41.21666666666667,-50.27768636508845,-1.457243539608081,3.1337665839327835,0.0,0.0,0.0,0.0,1.0,0.0,NO_REGULAR_FIELD,0.3859160132258067,0,32,0,0,84
41.233333333333334,-50.27768636508845,-1.457243539608081,3.1337665839327835,0.0,0.0,0.0,0.0,1.0,0.0,NO_REGULAR_FIELD,0.3859160132258067,0,32,0,0,84
41.25,-50.27768636508845,-1.457243539608081,3.1337665839327835,0.0,0.0,0.0,0.0,1.0,0.0,NO_REGULAR_FIELD,0.3859160132258067,0,32,0,0,84
41.266666666666666,-50.27768636508845,-1.457243539608081,3.1337665839327835,0.0,0.0,0.0,0.0,1.0,0.0,NO_REGULAR_FIELD,0.3859160132258067,0,32,0,0,84
41.28333333333333,-50.27768636508845,-1.457243539608081,3.1337665839327835,0.0,0.0,0.0,0.0,1.0,0.0,NO_REGULAR_FIELD,0.3859160132258067,0,32,0,0,84
41.3,-50.27768636508845,-1.457243539608081,3.1337665839327835,0.0,0.0,0.0,0.0,1.0,0.0,NO_REGULAR_FIELD,0.3859160132258067,0,32,0,0,84
41.31666666666667,-50.27768636508845,-1.457243539608081,3.1337665839327835,0.0,0.0,0.0,0.0,1.0,0.0,NO_REGULAR_FIELD,0.3859160132258067,0,32,0,0,84
41.333333333333336,-50.27768636508845,-1.457243539608081,3.1337665839327835,0.0,0.0,0.0,0.0,1.0,0.0,NO_REGULAR_FIELD,0.3859160132258067,0,32,0,0,84
41.35,-50.27768636508845,-1.457243539608081,3.1337665839327835,0.0,0.0,0.0,0.0,1.0,0.0,NO_REGULAR_FIELD,0.3859160132258067,0,32,0,0,84
41.36666666666667,-50.27768636508845,-1.457243539608081,3.1337665839327835,0.0,0.0,0.0,0.0,1.0,0.0,NO_REGULAR_FIELD,0.3859160132258067,0,32,0,0,84
41.38333333333333,-50.27768636508845,-1.457243539608081,3.1337665839327835,0.0,0.0,0.0,0.0,1.0,0.0,NO_REGULAR_FIELD,0.3859160132258067,0,32,0,0,84
41.4,-50.27768636508845,-1.457243539608081,3.1337665839327835,0.0,0.0,0.0,0.0,1.0,0.0,NO_REGULAR_FIELD,0.3859160132258067,0,32,0,0,84
41.416666666666664,-50.27768636508845,-1.457243539608081,3.1337665839327835,0.0,0.0,0.0,0.0,1.0,0.0,NO_REGULAR_FIELD,0.3859160132258067,0,32,0,0,84
41.43333333333333,-50.27768636508845,-1.457243539608081,3.1337665839327835,0.0,0.0,0.0,0.0,1.0,0.0,NO_REGULAR_FIELD,0.3859160132258067,0,32,0,0,84
41.45,-50.27768636508845,-1.457243539608081,3.1337665839327835,0.0,0.0,0.0,0.0,1.0,0.0,NO_REGULAR_FIELD,0.3859160132258067,0,32,0,0,84
41.46666666666667,-50.27768636508845,-1.457243539608081,3.1337665839327835,0.0,0.0,0.0,0.0,1.0,0.0,NO_REGULAR_FIELD,0.3859160132258067,0,32,0,0,84
41.483333333333334,-50.27768636508845,-1.457243539608081,3.1337665839327835,0.0,0.0,0.0,0.0,1.0,0.0,NO_REGULAR_FIELD,0.3859160132258067,0,32,0,0,84
41.5,-50.27768636508845,-1.457243539608081,3.1337665839327835,0.0,0.0,0.0,0.0,1.0,0.0,NO_REGULAR_FIELD,0.3859160132258067,0,32,0,0,84
41.516666666666666,-50.27768636508845,-1.457243539608081,3.1337665839327835,0.0,0.0,0.0,0.0,1.0,0.0,NO_REGULAR_FIELD,0.3859160132258067,0,32,0,0,84
41.53333333333333,-50.27768636508845,-1.457243539608081,3.1337665839327835,0.0,0.0,0.0,0.0,1.0,0.0,NO_REGULAR_FIELD,0.3859160132258067,0,32,0,0,84
41.55,-50.27768636508845,-1.457243539608081,3.1337665839327835,0.0,0.0,0.0,0.0,1.0,0.0,NO_REGULAR_FIELD,0.3859160132258067,0,32,0,0,84
41.56666666666667,-50.27768636508845,-1.457243539608081,3.1337665839327835,0.0,0.0,0.0,0.0,1.0,0.0,NO_REGULAR_FIELD,0.3859160132258067,0,32,0,0,84
41.583333333333336,-50.27768636508845,-1.457243539608081,3.1337665839327835,0.0,0.0,0.0,0.0,1.0,0.0,NO_REGULAR_FIELD,0.3859160132258067,0,32,0,0,84
41.6,-50.27768636508845,-1.457243539608081,3.1337665839327835,0.0,0.0,0.0,0.0,1.0,0.0,NO_REGULAR_FIELD,0.3859160132258067,0,32,0,0,84
41.61666666666667,-50.27768636508845,-1.457243539608081,3.1337665839327835,0.0,0.0,0.0,0.0,1.0,0.0,NO_REGULAR_FIELD,0.3859160132258067,0,32,0,0,84
41.63333333333333,-50.27768636508845,-1.457243539608081,3.1337665839327835,0.0,0.0,0.0,0.0,1.0,0.0,NO_REGULAR_FIELD,0.3859160132258067,0,32,0,0,84
41.65,-50.27768636508845,-1.457243539608081,3.1337665839327835,0.0,0.0,0.0,0.0,1.0,0.0,NO_REGULAR_FIELD,0.3859160132258067,0,32,0,0,84
41.666666666666664,-50.27768636508845,-1.457243539608081,3.1337665839327835,0.0,0.0,0.0,0.0,1.0,0.0,NO_REGULAR_FIELD,0.3859160132258067,0,32,0,0,84
41.68333333333333,-50.27768636508845,-1.457243539608081,3.1337665839327835,0.0,0.0,0.0,0.0,1.0,0.0,NO_REGULAR_FIELD,0.3859160132258067,0,32,0,0,84
41.7,-50.27768636508845,-1.457243539608081,3.1337665839327835,0.0,0.0,0.0,0.0,1.0,0.0,NO_REGULAR_FIELD,0.3859160132258067,0,32,0,0,84
41.71666666666667,-50.27768636508845,-1.457243539608081,3.1337665839327835,0.0,0.0,0.0,0.0,1.0,0.0,NO_REGULAR_FIELD,0.3859160132258067,0,32,0,0,84
41.733333333333334,-50.27768636508845,-1.457243539608081,3.1337665839327835,0.0,0.0,0.0,0.0,1.0,0.0,NO_REGULAR_FIELD,0.3859160132258067,0,32,0,0,84
41.75,-50.27768636508845,-1.457243539608081,3.1337665839327835,0.0,0.0,0.0,0.0,1.0,0.0,NO_REGULAR_FIELD,0.3859160132258067,0,32,0,0,84
41.766666666666666,-50.27768636508845,-1.457243539608081,3.1337665839327835,0.0,0.0,0.0,0.0,1.0,0.0,NO_REGULAR_FIELD,0.3859160132258067,0,32,0,0,84
41.78333333333333,-50.27768636508845,-1.457243539608081,3.1337665839327835,0.0,0.0,0.0,0.0,1.0,0.0,NO_REGULAR_FIELD,0.3859160132258067,0,32,0,0,84
41.8,-50.27768636508845,-1.457243539608081,3.1337665839327835,0.0,0.0,0.0,0.0,1.0,0.0,NO_REGULAR_FIELD,0.3859160132258067,0,32,0,0,84
41.81666666666667,-50.27768636508845,-1.457243539608081,3.1337665839327835,0.0,0.0,0.0,0.0,1.0,0.0,NO_REGULAR_FIELD,0.3859160132258067,0,32,0,0,84
41.833333333333336,-50.27768636508845,-1.457243539608081,3.1337665839327835,0.0,0.0,0.0,0.0,1.0,0.0,NO_REGULAR_FIELD,0.3859160132258067,0,32,0,0,84
41.85,-50.27768636508845,-1.457243539608081,3.1337665839327835,0.0,0.0,0.0,0.0,1.0,0.0,NO_REGULAR_FIELD,0.3859160132258067,0,32,0,0,84
41.86666666666667,-50.27768636508845,-1.457243539608081,3.1337665839327835,0.0,0.0,0.0,0.0,1.0,0.0,NO_REGULAR_FIELD,0.3859160132258067,0,32,0,0,84
41.88333333333333,-50.27768636508845,-1.457243539608081,3.1337665839327835,0.0,0.0,0.0,0.0,1.0,0.0,NO_REGULAR_FIELD,0.3859160132258067,0,32,0,0,84
41.9,-50.27768636508845,-1.457243539608081,3.1337665839327835,0.0,0.0,0.0,0.0,1.0,0.0,NO_REGULAR_FIELD,0.3859160132258067,0,32,0,0,84
41.916666666666664,-50.27768636508845,-1.457243539608081,3.1337665839327835,0.0,0.0,0.0,0.0,1.0,0.0,NO_REGULAR_FIELD,0.3859160132258067,0,32,0,0,84
41.93333333333333,-50.27768636508845,-1.457243539608081,3.1337665839327835,0.0,0.0,0.0,0.0,1.0,0.0,NO_REGULAR_FIELD,0.3859160132258067,0,32,0,0,84
41.95,-50.27768636508845,-1.457243539608081,3.1337665839327835,0.0,0.0,0.0,0.0,1.0,0.0,NO_REGULAR_FIELD,0.3859160132258067,0,32,0,0,84
41.96666666666667,-50.27768636508845,-1.457243539608081,3.1337665839327835,0.0,0.0,0.0,0.0,1.0,0.0,NO_REGULAR_FIELD,0.3859160132258067,0,32,0,0,84
41.983333333333334,-50.27768636508845,-1.457243539608081,3.1337665839327835,0.0,0.0,0.0,0.0,1.0,0.0,NO_REGULAR_FIELD,0.3859160132258067,0,32,0,0,84
42.0,-50.27768636508845,-1.457243539608081,3.1337665839327835,0.0,0.0,0.0,0.0,1.0,0.0,NO_REGULAR_FIELD,0.3859160132258067,0,32,0,0,84
42.016666666666666,-50.27768636508845,-1.457243539608081,3.1337665839327835,0.0,0.0,0.0,0.0,1.0,0.0,NO_REGULAR_FIELD,0.3859160132258067,0,32,0,0,84
42.03333333333333,-50.27768636508845,-1.457243539608081,3.1337665839327835,0.0,0.0,0.0,0.0,1.0,0.0,NO_REGULAR_FIELD,0.3859160132258067,0,32,0,0,84
42.05,-50.27768636508845,-1.457243539608081,3.1337665839327835,0.0,0.0,0.0,0.0,1.0,0.0,NO_REGULAR_FIELD,0.3859160132258067,0,32,0,0,84
42.06666666666667,-50.27768636508845,-1.457243539608081,3.1337665839327835,0.0,0.0,0.0,0.0,1.0,0.0,NO_REGULAR_FIELD,0.3859160132258067,0,32,0,0,84
42.083333333333336,-50.27768636508845,-1.457243539608081,3.1337665839327835,0.0,0.0,0.0,0.0,1.0,0.0,NO_REGULAR_FIELD,0.3859160132258067,0,32,0,0,84
42.1,-50.27768636508845,-1.457243539608081,3.1337665839327835,0.0,0.0,0.0,0.0,1.0,0.0,NO_REGULAR_FIELD,0.3859160132258067,0,32,0,0,84
42.11666666666667,-50.27768636508845,-1.457243539608081,3.1337665839327835,0.0,0.0,0.0,0.0,1.0,0.0,NO_REGULAR_FIELD,0.3859160132258067,0,32,0,0,84
42.13333333333333,-50.27768636508845,-1.457243539608081,3.1337665839327835,0.0,0.0,0.0,0.0,1.0,0.0,NO_REGULAR_FIELD,0.3859160132258067,0,32,0,0,84
42.15,-50.27768636508845,-1.457243539608081,3.1337665839327835,0.0,0.0,0.0,0.0,1.0,0.0,NO_REGULAR_FIELD,0.3859160132258067,0,32,0,0,84
42.166666666666664,-50.27768636508845,-1.457243539608081,3.1337665839327835,0.0,0.0,0.0,0.0,1.0,0.0,NO_REGULAR_FIELD,0.3859160132258067,0,32,0,0,84
42.18333333333333,-50.27768636508845,-1.457243539608081,3.1337665839327835,0.0,0.0,0.0,0.0,1.0,0.0,NO_REGULAR_FIELD,0.3859160132258067,0,32,0,0,84
42.2,-50.27768636508845,-1.457243539608081,3.1337665839327835,0.0,0.0,0.0,0.0,1.0,0.0,NO_REGULAR_FIELD,0.3859160132258067,0,32,0,0,84
42.21666666666667,-50.27768636508845,-1.457243539608081,3.1337665839327835,0.0,0.0,0.0,0.0,1.0,0.0,NO_REGULAR_FIELD,0.3859160132258067,0,32,0,0,84
42.233333333333334,-50.27768636508845,-1.457243539608081,3.1337665839327835,0.0,0.0,0.0,0.0,1.0,0.0,NO_REGULAR_FIELD,0.3859160132258067,0,32,0,0,84
42.25,-50.27768636508845,-1.457243539608081,3.1337665839327835,0.0,0.0,0.0,0.0,1.0,0.0,NO_REGULAR_FIELD,0.3859160132258067,0,32,0,0,84
42.266666666666666,-50.27768636508845,-1.457243539608081,3.1337665839327835,0.0,0.0,0.0,0.0,1.0,0.0,NO_REGULAR_FIELD,0.3859160132258067,0,32,0,0,84
42.28333333333333,-50.27768636508845,-1.457243539608081,3.1337665839327835,0.0,0.0,0.0,0.0,1.0,0.0,NO_REGULAR_FIELD,0.3859160132258067,0,32,0,0,84
42.3,-50.27768636508845,-1.457243539608081,3.1337665839327835,0.0,0.0,0.0,0.0,1.0,0.0,NO_REGULAR_FIELD,0.3859160132258067,0,32,0,0,84
42.31666666666667,-50.27768636508845,-1.457243539608081,3.1337665839327835,0.0,0.0,0.0,0.0,1.0,0.0,NO_REGULAR_FIELD,0.3859160132258067,0,32,0,0,84
42.333333333333336,-50.27768636508845,-1.457243539608081,3.1337665839327835,0.0,0.0,0.0,0.0,1.0,0.0,NO_REGULAR_FIELD,0.3859160132258067,0,32,0,0,84
42.35,-50.27768636508845,-1.457243539608081,3.1337665839327835,0.0,0.0,0.0,0.0,1.0,0.0,NO_REGULAR_FIELD,0.3859160132258067,0,32,0,0,84
42.36666666666667,-50.27768636508845,-1.457243539608081,3.1337665839327835,0.0,0.0,0.0,0.0,1.0,0.0,NO_REGULAR_FIELD,0.3859160132258067,0,32,0,0,84
42.38333333333333,-50.27768636508845,-1.457243539608081,3.1337665839327835,0.0,0.0,0.0,0.0,1.0,0.0,NO_REGULAR_FIELD,0.3859160132258067,0,32,0,0,84
42.4,-50.27768636508845,-1.457243539608081,3.1337665839327835,0.0,0.0,0.0,0.0,1.0,0.0,NO_REGULAR_FIELD,0.3859160132258067,0,32,0,0,84
42.416666666666664,-50.27768636508845,-1.457243539608081,3.1337665839327835,0.0,0.0,0.0,0.0,1.0,0.0,NO_REGULAR_FIELD,0.3859160132258067,0,32,0,0,84
42.43333333333333,-50.27768636508845,-1.457243539608081,3.1337665839327835,0.0,0.0,0.0,0.0,1.0,0.0,NO_REGULAR_FIELD,0.3859160132258067,0,32,0,0,84
42.45,-50.27768636508845,-1.457243539608081,3.1337665839327835,0.0,0.0,0.0,0.0,1.0,0.0,NO_REGULAR_FIELD,0.3859160132258067,0,32,0,0,84
42.46666666666667,-50.27768636508845,-1.457243539608081,3.1337665839327835,0.0,0.0,0.0,0.0,1.0,0.0,NO_REGULAR_FIELD,0.3859160132258067,0,32,0,0,84
42.483333333333334,-50.27768636508845,-1.457243539608081,3.1337665839327835,0.0,0.0,0.0,0.0,1.0,0.0,NO_REGULAR_FIELD,0.3859160132258067,0,32,0,0,84
42.5,-50.27768636508845,-1.457243539608081,3.1337665839327835,0.0,0.0,0.0,0.0,1.0,0.0,NO_REGULAR_FIELD,0.3859160132258067,0,32,0,0,84
42.516666666666666,-50.27768636508845,-1.457243539608081,3.1337665839327835,0.0,0.0,0.0,0.0,1.0,0.0,NO_REGULAR_FIELD,0.3859160132258067,0,32,0,0,84
42.53333333333333,-50.27768636508845,-1.457243539608081,3.1337665839327835,0.0,0.0,0.0,0.0,1.0,0.0,NO_REGULAR_FIELD,0.3859160132258067,0,32,0,0,84
42.55,-50.27768636508845,-1.457243539608081,3.1337665839327835,0.0,0.0,0.0,0.0,1.0,0.0,NO_REGULAR_FIELD,0.3859160132258067,0,32,0,0,84
42.56666666666667,-50.27768636508845,-1.457243539608081,3.1337665839327835,0.0,0.0,0.0,0.0,1.0,0.0,NO_REGULAR_FIELD,0.3859160132258067,0,32,0,0,84
42.583333333333336,-50.27768636508845,-1.457243539608081,3.1337665839327835,0.0,0.0,0.0,0.0,1.0,0.0,NO_REGULAR_FIELD,0.3859160132258067,0,32,0,0,84
42.6,-50.27768636508845,-1.457243539608081,3.1337665839327835,0.0,0.0,0.0,0.0,1.0,0.0,NO_REGULAR_FIELD,0.3859160132258067,0,32,0,0,84
42.61666666666667,-50.27768636508845,-1.457243539608081,3.1337665839327835,0.0,0.0,0.0,0.0,1.0,0.0,NO_REGULAR_FIELD,0.3859160132258067,0,32,0,0,84
42.63333333333333,-50.27768636508845,-1.457243539608081,3.1337665839327835,0.0,0.0,0.0,0.0,1.0,0.0,NO_REGULAR_FIELD,0.3859160132258067,0,32,0,0,84
42.65,-50.27768636508845,-1.457243539608081,3.1337665839327835,0.0,0.0,0.0,0.0,1.0,0.0,NO_REGULAR_FIELD,0.3859160132258067,0,32,0,0,84
42.666666666666664,-50.27768636508845,-1.457243539608081,3.1337665839327835,0.0,0.0,0.0,0.0,1.0,0.0,NO_REGULAR_FIELD,0.3859160132258067,0,32,0,0,84
42.68333333333333,-50.27768636508845,-1.457243539608081,3.1337665839327835,0.0,0.0,0.0,0.0,1.0,0.0,NO_REGULAR_FIELD,0.3859160132258067,0,32,0,0,84
42.7,-50.27768636508845,-1.457243539608081,3.1337665839327835,0.0,0.0,0.0,0.0,1.0,0.0,NO_REGULAR_FIELD,0.3859160132258067,0,32,0,0,84
42.71666666666667,-50.27768636508845,-1.457243539608081,3.1337665839327835,0.0,0.0,0.0,0.0,1.0,0.0,NO_REGULAR_FIELD,0.3859160132258067,0,32,0,0,84
42.733333333333334,-50.27768636508845,-1.457243539608081,3.1337665839327835,0.0,0.0,0.0,0.0,1.0,0.0,NO_REGULAR_FIELD,0.3859160132258067,0,32,0,0,84
42.75,-50.27768636508845,-1.457243539608081,3.1337665839327835,0.0,0.0,0.0,0.0,1.0,0.0,NO_REGULAR_FIELD,0.3859160132258067,0,32,0,0,84
42.766666666666666,-50.27768636508845,-1.457243539608081,3.1337665839327835,0.0,0.0,0.0,0.0,1.0,0.0,NO_REGULAR_FIELD,0.3859160132258067,0,32,0,0,84
42.78333333333333,-50.27768636508845,-1.457243539608081,3.1337665839327835,0.0,0.0,0.0,0.0,1.0,0.0,NO_REGULAR_FIELD,0.3859160132258067,0,32,0,0,84
42.8,-50.27768636508845,-1.457243539608081,3.1337665839327835,0.0,0.0,0.0,0.0,1.0,0.0,NO_REGULAR_FIELD,0.3859160132258067,0,32,0,0,84
42.81666666666667,-50.27768636508845,-1.457243539608081,3.1337665839327835,0.0,0.0,0.0,0.0,1.0,0.0,NO_REGULAR_FIELD,0.3859160132258067,0,32,0,0,84
42.833333333333336,-50.27768636508845,-1.457243539608081,3.1337665839327835,0.0,0.0,0.0,0.0,1.0,0.0,NO_REGULAR_FIELD,0.3859160132258067,0,32,0,0,84
42.85,-50.27768636508845,-1.457243539608081,3.1337665839327835,0.0,0.0,0.0,0.0,1.0,0.0,NO_REGULAR_FIELD,0.3859160132258067,0,32,0,0,84
42.86666666666667,-50.27768636508845,-1.457243539608081,3.1337665839327835,0.0,0.0,0.0,0.0,1.0,0.0,NO_REGULAR_FIELD,0.3859160132258067,0,32,0,0,84
42.88333333333333,-50.27768636508845,-1.457243539608081,3.1337665839327835,0.0,0.0,0.0,0.0,1.0,0.0,NO_REGULAR_FIELD,0.3859160132258067,0,32,0,0,84
42.9,-50.27768636508845,-1.457243539608081,3.1337665839327835,0.0,0.0,0.0,0.0,1.0,0.0,NO_REGULAR_FIELD,0.3859160132258067,0,32,0,0,84
42.916666666666664,-50.27768636508845,-1.457243539608081,3.1337665839327835,0.0,0.0,0.0,0.0,1.0,0.0,NO_REGULAR_FIELD,0.3859160132258067,0,32,0,0,84
42.93333333333333,-50.27768636508845,-1.457243539608081,3.1337665839327835,0.0,0.0,0.0,0.0,1.0,0.0,NO_REGULAR_FIELD,0.3859160132258067,0,32,0,0,84
42.95,-50.27768636508845,-1.457243539608081,3.1337665839327835,0.0,0.0,0.0,0.0,1.0,0.0,NO_REGULAR_FIELD,0.3859160132258067,0,32,0,0,84
42.96666666666667,-50.27768636508845,-1.457243539608081,3.1337665839327835,0.0,0.0,0.0,0.0,1.0,0.0,NO_REGULAR_FIELD,0.3859160132258067,0,32,0,0,84
42.983333333333334,-50.27768636508845,-1.457243539608081,3.1337665839327835,0.0,0.0,0.0,0.0,1.0,0.0,NO_REGULAR_FIELD,0.3859160132258067,0,32,0,0,84
43.0,-50.27768636508845,-1.457243539608081,3.1337665839327835,0.0,0.0,0.0,0.0,1.0,0.0,NO_REGULAR_FIELD,0.3859160132258067,0,32,0,0,84
43.016666666666666,-50.27768636508845,-1.457243539608081,3.1337665839327835,0.0,0.0,0.0,0.0,1.0,0.0,NO_REGULAR_FIELD,0.3859160132258067,0,32,0,0,84
43.03333333333333,-50.27768636508845,-1.457243539608081,3.1337665839327835,0.0,0.0,0.0,0.0,1.0,0.0,NO_REGULAR_FIELD,0.3859160132258067,0,32,0,0,84
43.05,-50.27768636508845,-1.457243539608081,3.1337665839327835,0.0,0.0,0.0,0.0,1.0,0.0,NO_REGULAR_FIELD,0.3859160132258067,0,32,0,0,84
43.06666666666667,-50.27768636508845,-1.457243539608081,3.1337665839327835,0.0,0.0,0.0,0.0,1.0,0.0,NO_REGULAR_FIELD,0.3859160132258067,0,32,0,0,84
43.083333333333336,-50.27768636508845,-1.457243539608081,3.1337665839327835,0.0,0.0,0.0,0.0,1.0,0.0,NO_REGULAR_FIELD,0.3859160132258067,0,32,0,0,84
43.1,-50.27768636508845,-1.457243539608081,3.1337665839327835,0.0,0.0,0.0,0.0,1.0,0.0,NO_REGULAR_FIELD,0.3859160132258067,0,32,0,0,84
43.11666666666667,-50.27768636508845,-1.457243539608081,3.1337665839327835,0.0,0.0,0.0,0.0,1.0,0.0,NO_REGULAR_FIELD,0.3859160132258067,0,32,0,0,84
43.13333333333333,-50.27768636508845,-1.457243539608081,3.1337665839327835,0.0,0.0,0.0,0.0,1.0,0.0,NO_REGULAR_FIELD,0.3859160132258067,0,32,0,0,84
43.15,-50.27768636508845,-1.457243539608081,3.1337665839327835,0.0,0.0,0.0,0.0,1.0,0.0,NO_REGULAR_FIELD,0.3859160132258067,0,32,0,0,84
43.166666666666664,-50.27768636508845,-1.457243539608081,3.1337665839327835,0.0,0.0,0.0,0.0,1.0,0.0,NO_REGULAR_FIELD,0.3859160132258067,0,32,0,0,84
43.18333333333333,-50.27768636508845,-1.457243539608081,3.1337665839327835,0.0,0.0,0.0,0.0,1.0,0.0,NO_REGULAR_FIELD,0.3859160132258067,0,32,0,0,84
43.2,-50.27768636508845,-1.457243539608081,3.1337665839327835,0.0,0.0,0.0,0.0,1.0,0.0,NO_REGULAR_FIELD,0.3859160132258067,0,32,0,0,84
43.21666666666667,-50.27768636508845,-1.457243539608081,3.1337665839327835,0.0,0.0,0.0,0.0,1.0,0.0,NO_REGULAR_FIELD,0.3859160132258067,0,32,0,0,84
43.233333333333334,-50.27768636508845,-1.457243539608081,3.1337665839327835,0.0,0.0,0.0,0.0,1.0,0.0,NO_REGULAR_FIELD,0.3859160132258067,0,32,0,0,84
43.25,-50.27768636508845,-1.457243539608081,3.1337665839327835,0.0,0.0,0.0,0.0,1.0,0.0,NO_REGULAR_FIELD,0.3859160132258067,0,32,0,0,84
43.266666666666666,-50.27768636508845,-1.457243539608081,3.1337665839327835,0.0,0.0,0.0,0.0,1.0,0.0,NO_REGULAR_FIELD,0.3859160132258067,0,32,0,0,84
43.28333333333333,-50.27768636508845,-1.457243539608081,3.1337665839327835,0.0,0.0,0.0,0.0,1.0,0.0,NO_REGULAR_FIELD,0.3859160132258067,0,32,0,0,84
43.3,-50.27768636508845,-1.457243539608081,3.1337665839327835,0.0,0.0,0.0,0.0,1.0,0.0,NO_REGULAR_FIELD,0.3859160132258067,0,32,0,0,84
43.31666666666667,-50.27768636508845,-1.457243539608081,3.1337665839327835,0.0,0.0,0.0,0.0,1.0,0.0,NO_REGULAR_FIELD,0.3859160132258067,0,32,0,0,84
43.333333333333336,-50.27768636508845,-1.457243539608081,3.1337665839327835,0.0,0.0,0.0,0.0,1.0,0.0,NO_REGULAR_FIELD,0.3859160132258067,0,32,0,0,84
43.35,-50.27768636508845,-1.457243539608081,3.1337665839327835,0.0,0.0,0.0,0.0,1.0,0.0,NO_REGULAR_FIELD,0.3859160132258067,0,32,0,0,84
43.36666666666667,-50.27768636508845,-1.457243539608081,3.1337665839327835,0.0,0.0,0.0,0.0,1.0,0.0,NO_REGULAR_FIELD,0.3859160132258067,0,32,0,0,84
43.38333333333333,-50.27768636508845,-1.457243539608081,3.1337665839327835,0.0,0.0,0.0,0.0,1.0,0.0,NO_REGULAR_FIELD,0.3859160132258067,0,32,0,0,84
43.4,-50.27768636508845,-1.457243539608081,3.1337665839327835,0.0,0.0,0.0,0.0,1.0,0.0,NO_REGULAR_FIELD,0.3859160132258067,0,32,0,0,84
43.416666666666664,-50.27768636508845,-1.457243539608081,3.1337665839327835,0.0,0.0,0.0,0.0,1.0,0.0,NO_REGULAR_FIELD,0.3859160132258067,0,32,0,0,84
43.43333333333333,-50.27768636508845,-1.457243539608081,3.1337665839327835,0.0,0.0,0.0,0.0,1.0,0.0,NO_REGULAR_FIELD,0.3859160132258067,0,32,0,0,84
43.45,-50.27768636508845,-1.457243539608081,3.1337665839327835,0.0,0.0,0.0,0.0,1.0,0.0,NO_REGULAR_FIELD,0.3859160132258067,0,32,0,0,84
43.46666666666667,-50.27768636508845,-1.457243539608081,3.1337665839327835,0.0,0.0,0.0,0.0,1.0,0.0,NO_REGULAR_FIELD,0.3859160132258067,0,32,0,0,84
43.483333333333334,-50.27768636508845,-1.457243539608081,3.1337665839327835,0.0,0.0,0.0,0.0,1.0,0.0,NO_REGULAR_FIELD,0.3859160132258067,0,32,0,0,84
43.5,-50.27768636508845,-1.457243539608081,3.1337665839327835,0.0,0.0,0.0,0.0,1.0,0.0,NO_REGULAR_FIELD,0.3859160132258067,0,32,0,0,84
43.516666666666666,-50.27768636508845,-1.457243539608081,3.1337665839327835,0.0,0.0,0.0,0.0,1.0,0.0,NO_REGULAR_FIELD,0.3859160132258067,0,32,0,0,84
43.53333333333333,-50.27768636508845,-1.457243539608081,3.1337665839327835,0.0,0.0,0.0,0.0,1.0,0.0,NO_REGULAR_FIELD,0.3859160132258067,0,32,0,0,84
43.55,-50.27768636508845,-1.457243539608081,3.1337665839327835,0.0,0.0,0.0,0.0,1.0,0.0,NO_REGULAR_FIELD,0.3859160132258067,0,32,0,0,84
43.56666666666667,-50.27768636508845,-1.457243539608081,3.1337665839327835,0.0,0.0,0.0,0.0,1.0,0.0,NO_REGULAR_FIELD,0.3859160132258067,0,32,0,0,84
43.583333333333336,-50.27768636508845,-1.457243539608081,3.1337665839327835,0.0,0.0,0.0,0.0,1.0,0.0,NO_REGULAR_FIELD,0.3859160132258067,0,32,0,0,84
43.6,-50.27768636508845,-1.457243539608081,3.1337665839327835,0.0,0.0,0.0,0.0,1.0,0.0,NO_REGULAR_FIELD,0.3859160132258067,0,32,0,0,84
43.61666666666667,-50.27768636508845,-1.457243539608081,3.1337665839327835,0.0,0.0,0.0,0.0,1.0,0.0,NO_REGULAR_FIELD,0.3859160132258067,0,32,0,0,84
43.63333333333333,-50.27768636508845,-1.457243539608081,3.1337665839327835,0.0,0.0,0.0,0.0,1.0,0.0,NO_REGULAR_FIELD,0.3859160132258067,0,32,0,0,84
43.65,-50.27768636508845,-1.457243539608081,3.1337665839327835,0.0,0.0,0.0,0.0,1.0,0.0,NO_REGULAR_FIELD,0.3859160132258067,0,32,0,0,84
43.666666666666664,-50.27768636508845,-1.457243539608081,3.1337665839327835,0.0,0.0,0.0,0.0,1.0,0.0,NO_REGULAR_FIELD,0.3859160132258067,0,32,0,0,84
43.68333333333333,-50.27768636508845,-1.457243539608081,3.1337665839327835,0.0,0.0,0.0,0.0,1.0,0.0,NO_REGULAR_FIELD,0.3859160132258067,0,32,0,0,84
43.7,-50.27768636508845,-1.457243539608081,3.1337665839327835,0.0,0.0,0.0,0.0,1.0,0.0,NO_REGULAR_FIELD,0.3859160132258067,0,32,0,0,84
43.71666666666667,-50.27768636508845,-1.457243539608081,3.1337665839327835,0.0,0.0,0.0,0.0,1.0,0.0,NO_REGULAR_FIELD,0.3859160132258067,0,32,0,0,84
43.733333333333334,-50.27768636508845,-1.457243539608081,3.1337665839327835,0.0,0.0,0.0,0.0,1.0,0.0,NO_REGULAR_FIELD,0.3859160132258067,0,32,0,0,84
43.75,-50.27768636508845,-1.457243539608081,3.1337665839327835,0.0,0.0,0.0,0.0,1.0,0.0,NO_REGULAR_FIELD,0.3859160132258067,0,32,0,0,84
43.766666666666666,-50.27768636508845,-1.457243539608081,3.1337665839327835,0.0,0.0,0.0,0.0,1.0,0.0,NO_REGULAR_FIELD,0.3859160132258067,0,32,0,0,84
43.78333333333333,-50.27768636508845,-1.457243539608081,3.1337665839327835,0.0,0.0,0.0,0.0,1.0,0.0,NO_REGULAR_FIELD,0.3859160132258067,0,32,0,0,84
43.8,-50.27768636508845,-1.457243539608081,3.1337665839327835,0.0,0.0,0.0,0.0,1.0,0.0,NO_REGULAR_FIELD,0.3859160132258067,0,32,0,0,84
43.81666666666667,-50.27768636508845,-1.457243539608081,3.1337665839327835,0.0,0.0,0.0,0.0,1.0,0.0,NO_REGULAR_FIELD,0.3859160132258067,0,32,0,0,84
43.833333333333336,-50.27768636508845,-1.457243539608081,3.1337665839327835,0.0,0.0,0.0,0.0,1.0,0.0,NO_REGULAR_FIELD,0.3859160132258067,0,32,0,0,84
43.85,-50.27768636508845,-1.457243539608081,3.1337665839327835,0.0,0.0,0.0,0.0,1.0,0.0,NO_REGULAR_FIELD,0.3859160132258067,0,32,0,0,84
43.86666666666667,-50.27768636508845,-1.457243539608081,3.1337665839327835,0.0,0.0,0.0,0.0,1.0,0.0,NO_REGULAR_FIELD,0.3859160132258067,0,32,0,0,84
43.88333333333333,-50.27768636508845,-1.457243539608081,3.1337665839327835,0.0,0.0,0.0,0.0,1.0,0.0,NO_REGULAR_FIELD,0.3859160132258067,0,32,0,0,84
43.9,-50.27768636508845,-1.457243539608081,3.1337665839327835,0.0,0.0,0.0,0.0,1.0,0.0,NO_REGULAR_FIELD,0.3859160132258067,0,32,0,0,84
43.916666666666664,-50.27768636508845,-1.457243539608081,3.1337665839327835,0.0,0.0,0.0,0.0,1.0,0.0,NO_REGULAR_FIELD,0.3859160132258067,0,32,0,0,84
43.93333333333333,-50.27768636508845,-1.457243539608081,3.1337665839327835,0.0,0.0,0.0,0.0,1.0,0.0,NO_REGULAR_FIELD,0.3859160132258067,0,32,0,0,84
43.95,-50.27768636508845,-1.457243539608081,3.1337665839327835,0.0,0.0,0.0,0.0,1.0,0.0,NO_REGULAR_FIELD,0.3859160132258067,0,32,0,0,84
43.96666666666667,-50.27768636508845,-1.457243539608081,3.1337665839327835,0.0,0.0,0.0,0.0,1.0,0.0,NO_REGULAR_FIELD,0.3859160132258067,0,32,0,0,84
43.983333333333334,-50.27768636508845,-1.457243539608081,3.1337665839327835,0.0,0.0,0.0,0.0,1.0,0.0,NO_REGULAR_FIELD,0.3859160132258067,0,32,0,0,84
44.0,-50.27768636508845,-1.457243539608081,3.1337665839327835,0.0,0.0,0.0,0.0,0.0,0.0,NO_REGULAR_FIELD,0.3859160132258067,0,32,0,0,84
44.016666666666666,-50.27768636508845,-1.457243539608081,3.1337665839327835,0.0,0.0,0.0,0.0,0.0,0.0,NO_REGULAR_FIELD,0.3859160132258067,0,32,0,0,84
44.03333333333333,-50.27768636508845,-1.457243539608081,3.1337665839327835,0.0,0.0,0.0,0.0,0.0,0.0,NO_REGULAR_FIELD,0.3859160132258067,0,32,0,0,84
44.05,-50.27768636508845,-1.457243539608081,3.1337665839327835,0.0,0.0,0.0,0.0,0.0,0.0,NO_REGULAR_FIELD,0.3859160132258067,0,32,0,0,84
44.06666666666667,-50.27768636508845,-1.457243539608081,3.1337665839327835,0.0,0.0,0.0,0.0,0.0,0.0,ZERO_INTENT,0.3859160132258067,0,32,0,0,84
44.083333333333336,-50.27768636508845,-1.457243539608081,3.1337665839327835,0.0,0.0,0.0,0.0,0.0,0.0,ZERO_INTENT,0.3859160132258067,0,32,0,0,84
44.1,-50.27768636508845,-1.457243539608081,3.1337665839327835,0.0,0.0,0.0,0.0,0.0,0.0,ZERO_INTENT,0.3859160132258067,0,32,0,0,84
44.11666666666667,-50.27768636508845,-1.457243539608081,3.1337665839327835,0.0,0.0,0.0,0.0,0.0,0.0,ZERO_INTENT,0.3859160132258067,0,32,0,0,84
44.13333333333333,-50.27768636508845,-1.457243539608081,3.1337665839327835,0.0,0.0,0.0,0.0,0.0,0.0,ZERO_INTENT,0.3859160132258067,0,32,0,0,84
44.15,-50.27768636508845,-1.457243539608081,3.1337665839327835,0.0,0.0,0.0,0.0,0.0,0.0,ZERO_INTENT,0.3859160132258067,0,32,0,0,84
44.166666666666664,-50.27768636508845,-1.457243539608081,3.1337665839327835,0.0,0.0,0.0,0.0,0.0,0.0,ZERO_INTENT,0.3859160132258067,0,32,0,0,84
44.18333333333333,-50.27768636508845,-1.457243539608081,3.1337665839327835,0.0,0.0,0.0,0.0,0.0,0.0,ZERO_INTENT,0.3859160132258067,0,32,0,0,84
44.2,-50.27768636508845,-1.457243539608081,3.1337665839327835,0.0,0.0,0.0,0.0,0.0,0.0,ZERO_INTENT,0.3859160132258067,0,32,0,0,84
44.21666666666667,-50.27768636508845,-1.457243539608081,3.1337665839327835,0.0,0.0,0.0,0.0,0.0,0.0,ZERO_INTENT,0.3859160132258067,0,32,0,0,84
44.233333333333334,-50.27768636508845,-1.457243539608081,3.1337665839327835,0.0,0.0,0.0,0.0,0.0,0.0,ZERO_INTENT,0.3859160132258067,0,32,0,0,84
44.25,-50.27768636508845,-1.457243539608081,3.1337665839327835,0.0,0.0,0.0,0.0,0.0,0.0,ZERO_INTENT,0.3859160132258067,0,32,0,0,84
44.266666666666666,-50.27768636508845,-1.457243539608081,3.1337665839327835,0.0,0.0,0.0,0.0,0.0,0.0,ZERO_INTENT,0.3859160132258067,0,32,0,0,84
44.28333333333333,-50.27768636508845,-1.457243539608081,3.1337665839327835,0.0,0.0,0.0,0.0,0.0,0.0,ZERO_INTENT,0.3859160132258067,0,32,0,0,84
44.3,-50.27768636508845,-1.457243539608081,3.1337665839327835,0.0,0.0,0.0,0.0,0.0,0.0,ZERO_INTENT,0.3859160132258067,0,32,0,0,84
44.31666666666667,-50.27768636508845,-1.457243539608081,3.1337665839327835,0.0,0.0,0.0,0.0,0.0,0.0,ZERO_INTENT,0.3859160132258067,0,32,0,0,84
44.333333333333336,-50.27768636508845,-1.457243539608081,3.1337665839327835,0.0,0.0,0.0,0.0,0.0,0.0,ZERO_INTENT,0.3859160132258067,0,32,0,0,84
44.35,-50.27768636508845,-1.457243539608081,3.1337665839327835,0.0,0.0,0.0,0.0,0.0,0.0,ZERO_INTENT,0.3859160132258067,0,32,0,0,84
44.36666666666667,-50.27768636508845,-1.457243539608081,3.1337665839327835,0.0,0.0,0.0,0.0,0.0,0.0,ZERO_INTENT,0.3859160132258067,0,32,0,0,84
44.38333333333333,-50.27768636508845,-1.457243539608081,3.1337665839327835,0.0,0.0,0.0,0.0,0.0,0.0,ZERO_INTENT,0.3859160132258067,0,32,0,0,84
44.4,-50.27768636508845,-1.457243539608081,3.1337665839327835,0.0,0.0,0.0,0.0,0.0,0.0,ZERO_INTENT,0.3859160132258067,0,32,0,0,84
44.416666666666664,-50.27768636508845,-1.457243539608081,3.1337665839327835,0.0,0.0,0.0,0.0,0.0,0.0,ZERO_INTENT,0.3859160132258067,0,32,0,0,84
44.43333333333333,-50.27768636508845,-1.457243539608081,3.1337665839327835,0.0,0.0,0.0,0.0,0.0,0.0,ZERO_INTENT,0.3859160132258067,0,32,0,0,84
44.45,-50.27768636508845,-1.457243539608081,3.1337665839327835,0.0,0.0,0.0,0.0,0.0,0.0,ZERO_INTENT,0.3859160132258067,0,32,0,0,84
44.46666666666667,-50.27768636508845,-1.457243539608081,3.1337665839327835,0.0,0.0,0.0,0.0,0.0,0.0,ZERO_INTENT,0.3859160132258067,0,32,0,0,84
44.483333333333334,-50.27768636508845,-1.457243539608081,3.1337665839327835,0.0,0.0,0.0,0.0,0.0,0.0,ZERO_INTENT,0.3859160132258067,0,32,0,0,84
44.5,-50.27768636508845,-1.457243539608081,3.1337665839327835,0.0,0.0,0.0,0.0,0.0,0.0,ZERO_INTENT,0.3859160132258067,0,32,0,0,84
44.516666666666666,-50.27768636508845,-1.457243539608081,3.1337665839327835,0.0,0.0,0.0,0.0,0.0,0.0,ZERO_INTENT,0.3859160132258067,0,32,0,0,84
44.53333333333333,-50.27768636508845,-1.457243539608081,3.1337665839327835,0.0,0.0,0.0,0.0,0.0,0.0,ZERO_INTENT,0.3859160132258067,0,32,0,0,84
44.55,-50.27768636508845,-1.457243539608081,3.1337665839327835,0.0,0.0,0.0,0.0,0.0,0.0,ZERO_INTENT,0.3859160132258067,0,32,0,0,84
44.56666666666667,-50.27768636508845,-1.457243539608081,3.1337665839327835,0.0,0.0,0.0,0.0,0.0,0.0,ZERO_INTENT,0.3859160132258067,0,32,0,0,84
44.583333333333336,-50.27768636508845,-1.457243539608081,3.1337665839327835,0.0,0.0,0.0,0.0,0.0,0.0,ZERO_INTENT,0.3859160132258067,0,32,0,0,84
44.6,-50.27768636508845,-1.457243539608081,3.1337665839327835,0.0,0.0,0.0,0.0,0.0,0.0,ZERO_INTENT,0.3859160132258067,0,32,0,0,84
44.61666666666667,-50.27768636508845,-1.457243539608081,3.1337665839327835,0.0,0.0,0.0,0.0,0.0,0.0,ZERO_INTENT,0.3859160132258067,0,32,0,0,84
44.63333333333333,-50.27768636508845,-1.457243539608081,3.1337665839327835,0.0,0.0,0.0,0.0,0.0,0.0,ZERO_INTENT,0.3859160132258067,0,32,0,0,84
44.65,-50.27768636508845,-1.457243539608081,3.1337665839327835,0.0,0.0,0.0,0.0,0.0,0.0,ZERO_INTENT,0.3859160132258067,0,32,0,0,84
44.666666666666664,-50.27768636508845,-1.457243539608081,3.1337665839327835,0.0,0.0,0.0,0.0,0.0,0.0,ZERO_INTENT,0.3859160132258067,0,32,0,0,84
44.68333333333333,-50.27768636508845,-1.457243539608081,3.1337665839327835,0.0,0.0,0.0,0.0,0.0,0.0,ZERO_INTENT,0.3859160132258067,0,32,0,0,84
44.7,-50.27768636508845,-1.457243539608081,3.1337665839327835,0.0,0.0,0.0,0.0,0.0,0.0,ZERO_INTENT,0.3859160132258067,0,32,0,0,84
44.71666666666667,-50.27768636508845,-1.457243539608081,3.1337665839327835,0.0,0.0,0.0,0.0,0.0,0.0,ZERO_INTENT,0.3859160132258067,0,32,0,0,84
44.733333333333334,-50.27768636508845,-1.457243539608081,3.1337665839327835,0.0,0.0,0.0,0.0,0.0,0.0,ZERO_INTENT,0.3859160132258067,0,32,0,0,84
44.75,-50.27768636508845,-1.457243539608081,3.1337665839327835,0.0,0.0,0.0,0.0,0.0,0.0,ZERO_INTENT,0.3859160132258067,0,32,0,0,84
44.766666666666666,-50.27768636508845,-1.457243539608081,3.1337665839327835,0.0,0.0,0.0,0.0,0.0,0.0,ZERO_INTENT,0.3859160132258067,0,32,0,0,84
44.78333333333333,-50.27768636508845,-1.457243539608081,3.1337665839327835,0.0,0.0,0.0,0.0,0.0,0.0,ZERO_INTENT,0.3859160132258067,0,32,0,0,84
44.8,-50.27768636508845,-1.457243539608081,3.1337665839327835,0.0,0.0,0.0,0.0,0.0,0.0,ZERO_INTENT,0.3859160132258067,0,32,0,0,84
44.81666666666667,-50.27768636508845,-1.457243539608081,3.1337665839327835,0.0,0.0,0.0,0.0,0.0,0.0,ZERO_INTENT,0.3859160132258067,0,32,0,0,84
44.833333333333336,-50.27768636508845,-1.457243539608081,3.1337665839327835,0.0,0.0,0.0,0.0,0.0,0.0,ZERO_INTENT,0.3859160132258067,0,32,0,0,84
44.85,-50.27768636508845,-1.457243539608081,3.1337665839327835,0.0,0.0,0.0,0.0,0.0,0.0,ZERO_INTENT,0.3859160132258067,0,32,0,0,84
44.86666666666667,-50.27768636508845,-1.457243539608081,3.1337665839327835,0.0,0.0,0.0,0.0,0.0,0.0,ZERO_INTENT,0.3859160132258067,0,32,0,0,84
44.88333333333333,-50.27768636508845,-1.457243539608081,3.1337665839327835,0.0,0.0,0.0,0.0,0.0,0.0,ZERO_INTENT,0.3859160132258067,0,32,0,0,84
44.9,-50.27768636508845,-1.457243539608081,3.1337665839327835,0.0,0.0,0.0,0.0,0.0,0.0,ZERO_INTENT,0.3859160132258067,0,32,0,0,84
44.916666666666664,-50.27768636508845,-1.457243539608081,3.1337665839327835,0.0,0.0,0.0,0.0,0.0,0.0,ZERO_INTENT,0.3859160132258067,0,32,0,0,84
44.93333333333333,-50.27768636508845,-1.457243539608081,3.1337665839327835,0.0,0.0,0.0,0.0,0.0,0.0,ZERO_INTENT,0.3859160132258067,0,32,0,0,84
44.95,-50.27768636508845,-1.457243539608081,3.1337665839327835,0.0,0.0,0.0,0.0,0.0,0.0,ZERO_INTENT,0.3859160132258067,0,32,0,0,84
44.96666666666667,-50.27768636508845,-1.457243539608081,3.1337665839327835,0.0,0.0,0.0,0.0,0.0,0.0,ZERO_INTENT,0.3859160132258067,0,32,0,0,84
44.983333333333334,-50.27768636508845,-1.457243539608081,3.1337665839327835,0.0,0.0,0.0,0.0,0.0,0.0,ZERO_INTENT,0.3859160132258067,0,32,0,0,84
45.0,-50.27768636508845,-1.457243539608081,3.1337665839327835,0.0,0.0,0.0,0.0,0.0,0.0,ZERO_INTENT,0.3859160132258067,0,32,0,0,84
45.016666666666666,-50.27768636508845,-1.457243539608081,3.1337665839327835,0.0,0.0,0.0,0.0,0.0,0.0,ZERO_INTENT,0.3859160132258067,0,32,0,0,84
45.03333333333333,-50.27768636508845,-1.457243539608081,3.1337665839327835,0.0,0.0,0.0,0.0,0.0,0.0,ZERO_INTENT,0.3859160132258067,0,32,0,0,84
45.05,-50.27768636508845,-1.457243539608081,3.1337665839327835,0.0,0.0,0.0,0.0,0.0,0.0,ZERO_INTENT,0.3859160132258067,0,32,0,0,84
45.06666666666667,-50.27768636508845,-1.457243539608081,3.1337665839327835,0.0,0.0,0.0,0.0,0.0,0.0,ZERO_INTENT,0.3859160132258067,0,32,0,0,84
45.083333333333336,-50.27768636508845,-1.457243539608081,3.1337665839327835,0.0,0.0,0.0,0.0,0.0,0.0,ZERO_INTENT,0.3859160132258067,0,32,0,0,84
45.1,-50.27768636508845,-1.457243539608081,3.1337665839327835,0.0,0.0,0.0,0.0,0.0,0.0,ZERO_INTENT,0.3859160132258067,0,32,0,0,84
45.11666666666667,-50.27768636508845,-1.457243539608081,3.1337665839327835,0.0,0.0,0.0,0.0,0.0,0.0,ZERO_INTENT,0.3859160132258067,0,32,0,0,84
45.13333333333333,-50.27768636508845,-1.457243539608081,3.1337665839327835,0.0,0.0,0.0,0.0,0.0,0.0,ZERO_INTENT,0.3859160132258067,0,32,0,0,84
45.15,-50.27768636508845,-1.457243539608081,3.1337665839327835,0.0,0.0,0.0,0.0,0.0,0.0,ZERO_INTENT,0.3859160132258067,0,32,0,0,84
45.166666666666664,-50.27768636508845,-1.457243539608081,3.1337665839327835,0.0,0.0,0.0,0.0,0.0,0.0,ZERO_INTENT,0.3859160132258067,0,32,0,0,84
45.18333333333333,-50.27768636508845,-1.457243539608081,3.1337665839327835,0.0,0.0,0.0,0.0,0.0,0.0,ZERO_INTENT,0.3859160132258067,0,32,0,0,84
45.2,-50.27768636508845,-1.457243539608081,3.1337665839327835,0.0,0.0,0.0,0.0,0.0,0.0,ZERO_INTENT,0.3859160132258067,0,32,0,0,84
45.21666666666667,-50.27768636508845,-1.457243539608081,3.1337665839327835,0.0,0.0,0.0,0.0,0.0,0.0,ZERO_INTENT,0.3859160132258067,0,32,0,0,84
45.233333333333334,-50.27768636508845,-1.457243539608081,3.1337665839327835,0.0,0.0,0.0,0.0,0.0,0.0,ZERO_INTENT,0.3859160132258067,0,32,0,0,84
45.25,-50.27768636508845,-1.457243539608081,3.1337665839327835,0.0,0.0,0.0,0.0,0.0,0.0,ZERO_INTENT,0.3859160132258067,0,32,0,0,84
45.266666666666666,-50.27768636508845,-1.457243539608081,3.1337665839327835,0.0,0.0,0.0,0.0,0.0,0.0,ZERO_INTENT,0.3859160132258067,0,32,0,0,84
45.28333333333333,-50.27768636508845,-1.457243539608081,3.1337665839327835,0.0,0.0,0.0,0.0,0.0,0.0,ZERO_INTENT,0.3859160132258067,0,32,0,0,84
45.3,-50.27768636508845,-1.457243539608081,3.1337665839327835,0.0,0.0,0.0,0.0,0.0,0.0,ZERO_INTENT,0.3859160132258067,0,32,0,0,84
45.31666666666667,-50.27768636508845,-1.457243539608081,3.1337665839327835,0.0,0.0,0.0,0.0,0.0,0.0,ZERO_INTENT,0.3859160132258067,0,32,0,0,84
45.333333333333336,-50.27768636508845,-1.457243539608081,3.1337665839327835,0.0,0.0,0.0,0.0,0.0,0.0,ZERO_INTENT,0.3859160132258067,0,32,0,0,84
45.35,-50.27768636508845,-1.457243539608081,3.1337665839327835,0.0,0.0,0.0,0.0,0.0,0.0,ZERO_INTENT,0.3859160132258067,0,32,0,0,84
45.36666666666667,-50.27768636508845,-1.457243539608081,3.1337665839327835,0.0,0.0,0.0,0.0,0.0,0.0,ZERO_INTENT,0.3859160132258067,0,32,0,0,84
45.38333333333333,-50.27768636508845,-1.457243539608081,3.1337665839327835,0.0,0.0,0.0,0.0,0.0,0.0,ZERO_INTENT,0.3859160132258067,0,32,0,0,84
45.4,-50.27768636508845,-1.457243539608081,3.1337665839327835,0.0,0.0,0.0,0.0,0.0,0.0,ZERO_INTENT,0.3859160132258067,0,32,0,0,84
45.416666666666664,-50.27768636508845,-1.457243539608081,3.1337665839327835,0.0,0.0,0.0,0.0,0.0,0.0,ZERO_INTENT,0.3859160132258067,0,32,0,0,84
45.43333333333333,-50.27768636508845,-1.457243539608081,3.1337665839327835,0.0,0.0,0.0,0.0,0.0,0.0,ZERO_INTENT,0.3859160132258067,0,32,0,0,84
45.45,-50.27768636508845,-1.457243539608081,3.1337665839327835,0.0,0.0,0.0,0.0,0.0,0.0,ZERO_INTENT,0.3859160132258067,0,32,0,0,84
45.46666666666667,-50.27768636508845,-1.457243539608081,3.1337665839327835,0.0,0.0,0.0,0.0,0.0,0.0,ZERO_INTENT,0.3859160132258067,0,32,0,0,84
45.483333333333334,-50.27768636508845,-1.457243539608081,3.1337665839327835,0.0,0.0,0.0,0.0,0.0,0.0,ZERO_INTENT,0.3859160132258067,0,32,0,0,84
45.5,-50.27768636508845,-1.457243539608081,3.1337665839327835,0.0,0.0,0.0,0.0,0.0,0.0,ZERO_INTENT,0.3859160132258067,0,32,0,0,84
45.516666666666666,-50.27768636508845,-1.457243539608081,3.1337665839327835,0.0,0.0,0.0,0.0,0.0,0.0,ZERO_INTENT,0.3859160132258067,0,32,0,0,84
45.53333333333333,-50.27768636508845,-1.457243539608081,3.1337665839327835,0.0,0.0,0.0,0.0,0.0,0.0,ZERO_INTENT,0.3859160132258067,0,32,0,0,84
45.55,-50.27768636508845,-1.457243539608081,3.1337665839327835,0.0,0.0,0.0,0.0,0.0,0.0,ZERO_INTENT,0.3859160132258067,0,32,0,0,84
45.56666666666667,-50.27768636508845,-1.457243539608081,3.1337665839327835,0.0,0.0,0.0,0.0,0.0,0.0,ZERO_INTENT,0.3859160132258067,0,32,0,0,84
45.583333333333336,-50.27768636508845,-1.457243539608081,3.1337665839327835,0.0,0.0,0.0,0.0,0.0,0.0,ZERO_INTENT,0.3859160132258067,0,32,0,0,84
45.6,-50.27768636508845,-1.457243539608081,3.1337665839327835,0.0,0.0,0.0,0.0,0.0,0.0,ZERO_INTENT,0.3859160132258067,0,32,0,0,84
45.61666666666667,-50.27768636508845,-1.457243539608081,3.1337665839327835,0.0,0.0,0.0,0.0,0.0,0.0,ZERO_INTENT,0.3859160132258067,0,32,0,0,84
45.63333333333333,-50.27768636508845,-1.457243539608081,3.1337665839327835,0.0,0.0,0.0,0.0,0.0,0.0,ZERO_INTENT,0.3859160132258067,0,32,0,0,84
45.65,-50.27768636508845,-1.457243539608081,3.1337665839327835,0.0,0.0,0.0,0.0,0.0,0.0,ZERO_INTENT,0.3859160132258067,0,32,0,0,84
45.666666666666664,-50.27768636508845,-1.457243539608081,3.1337665839327835,0.0,0.0,0.0,0.0,0.0,0.0,ZERO_INTENT,0.3859160132258067,0,32,0,0,84
45.68333333333333,-50.27768636508845,-1.457243539608081,3.1337665839327835,0.0,0.0,0.0,0.0,0.0,0.0,ZERO_INTENT,0.3859160132258067,0,32,0,0,84
45.7,-50.27768636508845,-1.457243539608081,3.1337665839327835,0.0,0.0,0.0,0.0,0.0,0.0,ZERO_INTENT,0.3859160132258067,0,32,0,0,84
45.71666666666667,-50.27768636508845,-1.457243539608081,3.1337665839327835,0.0,0.0,0.0,0.0,0.0,0.0,ZERO_INTENT,0.3859160132258067,0,32,0,0,84
45.733333333333334,-50.27768636508845,-1.457243539608081,3.1337665839327835,0.0,0.0,0.0,0.0,0.0,0.0,ZERO_INTENT,0.3859160132258067,0,32,0,0,84
45.75,-50.27768636508845,-1.457243539608081,3.1337665839327835,0.0,0.0,0.0,0.0,0.0,0.0,ZERO_INTENT,0.3859160132258067,0,32,0,0,84
45.766666666666666,-50.27768636508845,-1.457243539608081,3.1337665839327835,0.0,0.0,0.0,0.0,0.0,0.0,ZERO_INTENT,0.3859160132258067,0,32,0,0,84
45.78333333333333,-50.27768636508845,-1.457243539608081,3.1337665839327835,0.0,0.0,0.0,0.0,0.0,0.0,ZERO_INTENT,0.3859160132258067,0,32,0,0,84
45.8,-50.27768636508845,-1.457243539608081,3.1337665839327835,0.0,0.0,0.0,0.0,0.0,0.0,ZERO_INTENT,0.3859160132258067,0,32,0,0,84
45.81666666666667,-50.27768636508845,-1.457243539608081,3.1337665839327835,0.0,0.0,0.0,0.0,0.0,0.0,ZERO_INTENT,0.3859160132258067,0,32,0,0,84
45.833333333333336,-50.27768636508845,-1.457243539608081,3.1337665839327835,0.0,0.0,0.0,0.0,0.0,0.0,ZERO_INTENT,0.3859160132258067,0,32,0,0,84
45.85,-50.27768636508845,-1.457243539608081,3.1337665839327835,0.0,0.0,0.0,0.0,0.0,0.0,ZERO_INTENT,0.3859160132258067,0,32,0,0,84
45.86666666666667,-50.27768636508845,-1.457243539608081,3.1337665839327835,0.0,0.0,0.0,0.0,0.0,0.0,ZERO_INTENT,0.3859160132258067,0,32,0,0,84
45.88333333333333,-50.27768636508845,-1.457243539608081,3.1337665839327835,0.0,0.0,0.0,0.0,0.0,0.0,ZERO_INTENT,0.3859160132258067,0,32,0,0,84
45.9,-50.27768636508845,-1.457243539608081,3.1337665839327835,0.0,0.0,0.0,0.0,0.0,0.0,ZERO_INTENT,0.3859160132258067,0,32,0,0,84
45.916666666666664,-50.27768636508845,-1.457243539608081,3.1337665839327835,0.0,0.0,0.0,0.0,0.0,0.0,ZERO_INTENT,0.3859160132258067,0,32,0,0,84
45.93333333333333,-50.27768636508845,-1.457243539608081,3.1337665839327835,0.0,0.0,0.0,0.0,0.0,0.0,ZERO_INTENT,0.3859160132258067,0,32,0,0,84
45.95,-50.27768636508845,-1.457243539608081,3.1337665839327835,0.0,0.0,0.0,0.0,0.0,0.0,ZERO_INTENT,0.3859160132258067,0,32,0,0,84
45.96666666666667,-50.27768636508845,-1.457243539608081,3.1337665839327835,0.0,0.0,0.0,0.0,0.0,0.0,ZERO_INTENT,0.3859160132258067,0,32,0,0,84
45.983333333333334,-50.27768636508845,-1.457243539608081,3.1337665839327835,0.0,0.0,0.0,0.0,0.0,0.0,ZERO_INTENT,0.3859160132258067,0,32,0,0,84
46.0,-50.27768636508845,-1.457243539608081,3.1337665839327835,0.0,0.0,0.0,0.0,0.0,0.0,ZERO_INTENT,0.3859160132258067,0,32,0,0,84
46.016666666666666,-50.27768636508845,-1.457243539608081,3.1337665839327835,0.0,0.0,0.0,0.0,0.0,0.0,ZERO_INTENT,0.3859160132258067,0,32,0,0,84
46.03333333333333,-50.27768636508845,-1.457243539608081,3.1337665839327835,0.0,0.0,0.0,0.0,0.0,0.0,ZERO_INTENT,0.3859160132258067,0,32,0,0,84
46.05,-50.27768636508845,-1.457243539608081,3.1337665839327835,0.0,0.0,0.0,0.0,0.0,0.0,ZERO_INTENT,0.3859160132258067,0,32,0,0,84
46.06666666666667,-50.27768636508845,-1.457243539608081,3.1337665839327835,0.0,0.0,0.0,0.0,0.0,0.0,ZERO_INTENT,0.3859160132258067,0,32,0,0,84
46.083333333333336,-50.27768636508845,-1.457243539608081,3.1337665839327835,0.0,0.0,0.0,0.0,0.0,0.0,ZERO_INTENT,0.3859160132258067,0,32,0,0,84
46.1,-50.27768636508845,-1.457243539608081,3.1337665839327835,0.0,0.0,0.0,0.0,0.0,0.0,ZERO_INTENT,0.3859160132258067,0,32,0,0,84
46.11666666666667,-50.27768636508845,-1.457243539608081,3.1337665839327835,0.0,0.0,0.0,0.0,0.0,0.0,ZERO_INTENT,0.3859160132258067,0,32,0,0,84
46.13333333333333,-50.27768636508845,-1.457243539608081,3.1337665839327835,0.0,0.0,0.0,0.0,0.0,0.0,ZERO_INTENT,0.3859160132258067,0,32,0,0,84
46.15,-50.27768636508845,-1.457243539608081,3.1337665839327835,0.0,0.0,0.0,0.0,0.0,0.0,ZERO_INTENT,0.3859160132258067,0,32,0,0,84
46.166666666666664,-50.27768636508845,-1.457243539608081,3.1337665839327835,0.0,0.0,0.0,0.0,0.0,0.0,ZERO_INTENT,0.3859160132258067,0,32,0,0,84
46.18333333333333,-50.27768636508845,-1.457243539608081,3.1337665839327835,0.0,0.0,0.0,0.0,0.0,0.0,ZERO_INTENT,0.3859160132258067,0,32,0,0,84
46.2,-50.27768636508845,-1.457243539608081,3.1337665839327835,0.0,0.0,0.0,0.0,0.0,0.0,ZERO_INTENT,0.3859160132258067,0,32,0,0,84
46.21666666666667,-50.27768636508845,-1.457243539608081,3.1337665839327835,0.0,0.0,0.0,0.0,0.0,0.0,ZERO_INTENT,0.3859160132258067,0,32,0,0,84
46.233333333333334,-50.27768636508845,-1.457243539608081,3.1337665839327835,0.0,0.0,0.0,0.0,0.0,0.0,ZERO_INTENT,0.3859160132258067,0,32,0,0,84
46.25,-50.27768636508845,-1.457243539608081,3.1337665839327835,0.0,0.0,0.0,0.0,0.0,0.0,ZERO_INTENT,0.3859160132258067,0,32,0,0,84
46.266666666666666,-50.27768636508845,-1.457243539608081,3.1337665839327835,0.0,0.0,0.0,0.0,0.0,0.0,ZERO_INTENT,0.3859160132258067,0,32,0,0,84
46.28333333333333,-50.27768636508845,-1.457243539608081,3.1337665839327835,0.0,0.0,0.0,0.0,0.0,0.0,ZERO_INTENT,0.3859160132258067,0,32,0,0,84
46.3,-50.27768636508845,-1.457243539608081,3.1337665839327835,0.0,0.0,0.0,0.0,0.0,0.0,ZERO_INTENT,0.3859160132258067,0,32,0,0,84
46.31666666666667,-50.27768636508845,-1.457243539608081,3.1337665839327835,0.0,0.0,0.0,0.0,0.0,0.0,ZERO_INTENT,0.3859160132258067,0,32,0,0,84
46.333333333333336,-50.27768636508845,-1.457243539608081,3.1337665839327835,0.0,0.0,0.0,0.0,0.0,0.0,ZERO_INTENT,0.3859160132258067,0,32,0,0,84
46.35,-50.27768636508845,-1.457243539608081,3.1337665839327835,0.0,0.0,0.0,0.0,0.0,0.0,ZERO_INTENT,0.3859160132258067,0,32,0,0,84
46.36666666666667,-50.27768636508845,-1.457243539608081,3.1337665839327835,0.0,0.0,0.0,0.0,0.0,0.0,ZERO_INTENT,0.3859160132258067,0,32,0,0,84
46.38333333333333,-50.27768636508845,-1.457243539608081,3.1337665839327835,0.0,0.0,0.0,0.0,0.0,0.0,ZERO_INTENT,0.3859160132258067,0,32,0,0,84
46.4,-50.27768636508845,-1.457243539608081,3.1337665839327835,0.0,0.0,0.0,0.0,0.0,0.0,ZERO_INTENT,0.3859160132258067,0,32,0,0,84
46.416666666666664,-50.27768636508845,-1.457243539608081,3.1337665839327835,0.0,0.0,0.0,0.0,0.0,0.0,ZERO_INTENT,0.3859160132258067,0,32,0,0,84
46.43333333333333,-50.27768636508845,-1.457243539608081,3.1337665839327835,0.0,0.0,0.0,0.0,0.0,0.0,ZERO_INTENT,0.3859160132258067,0,32,0,0,84
46.45,-50.27768636508845,-1.457243539608081,3.1337665839327835,0.0,0.0,0.0,0.0,0.0,0.0,ZERO_INTENT,0.3859160132258067,0,32,0,0,84
46.46666666666667,-50.27768636508845,-1.457243539608081,3.1337665839327835,0.0,0.0,0.0,0.0,0.0,0.0,ZERO_INTENT,0.3859160132258067,0,32,0,0,84
46.483333333333334,-50.27768636508845,-1.457243539608081,3.1337665839327835,0.0,0.0,0.0,0.0,0.0,0.0,ZERO_INTENT,0.3859160132258067,0,32,0,0,84
46.5,-50.27768636508845,-1.457243539608081,3.1337665839327835,0.0,0.0,0.0,0.0,0.0,0.0,ZERO_INTENT,0.3859160132258067,0,32,0,0,84
46.516666666666666,-50.27768636508845,-1.457243539608081,3.1337665839327835,0.0,0.0,0.0,0.0,0.0,0.0,ZERO_INTENT,0.3859160132258067,0,32,0,0,84
46.53333333333333,-50.27768636508845,-1.457243539608081,3.1337665839327835,0.0,0.0,0.0,0.0,0.0,0.0,ZERO_INTENT,0.3859160132258067,0,32,0,0,84
46.55,-50.27768636508845,-1.457243539608081,3.1337665839327835,0.0,0.0,0.0,0.0,0.0,0.0,ZERO_INTENT,0.3859160132258067,0,32,0,0,84
46.56666666666667,-50.27768636508845,-1.457243539608081,3.1337665839327835,0.0,0.0,0.0,0.0,0.0,0.0,ZERO_INTENT,0.3859160132258067,0,32,0,0,84
46.583333333333336,-50.27768636508845,-1.457243539608081,3.1337665839327835,0.0,0.0,0.0,0.0,0.0,0.0,ZERO_INTENT,0.3859160132258067,0,32,0,0,84
46.6,-50.27768636508845,-1.457243539608081,3.1337665839327835,0.0,0.0,0.0,0.0,0.0,0.0,ZERO_INTENT,0.3859160132258067,0,32,0,0,84
46.61666666666667,-50.27768636508845,-1.457243539608081,3.1337665839327835,0.0,0.0,0.0,0.0,0.0,0.0,ZERO_INTENT,0.3859160132258067,0,32,0,0,84
46.63333333333333,-50.27768636508845,-1.457243539608081,3.1337665839327835,0.0,0.0,0.0,0.0,0.0,0.0,ZERO_INTENT,0.3859160132258067,0,32,0,0,84
46.65,-50.27768636508845,-1.457243539608081,3.1337665839327835,0.0,0.0,0.0,0.0,0.0,0.0,ZERO_INTENT,0.3859160132258067,0,32,0,0,84
46.666666666666664,-50.27768636508845,-1.457243539608081,3.1337665839327835,0.0,0.0,0.0,0.0,0.0,0.0,ZERO_INTENT,0.3859160132258067,0,32,0,0,84
46.68333333333333,-50.27768636508845,-1.457243539608081,3.1337665839327835,0.0,0.0,0.0,0.0,0.0,0.0,ZERO_INTENT,0.3859160132258067,0,32,0,0,84
46.7,-50.27768636508845,-1.457243539608081,3.1337665839327835,0.0,0.0,0.0,0.0,0.0,0.0,ZERO_INTENT,0.3859160132258067,0,32,0,0,84
46.71666666666667,-50.27768636508845,-1.457243539608081,3.1337665839327835,0.0,0.0,0.0,0.0,0.0,0.0,ZERO_INTENT,0.3859160132258067,0,32,0,0,84
46.733333333333334,-50.27768636508845,-1.457243539608081,3.1337665839327835,0.0,0.0,0.0,0.0,0.0,0.0,ZERO_INTENT,0.3859160132258067,0,32,0,0,84
46.75,-50.27768636508845,-1.457243539608081,3.1337665839327835,0.0,0.0,0.0,0.0,0.0,0.0,ZERO_INTENT,0.3859160132258067,0,32,0,0,84
46.766666666666666,-50.27768636508845,-1.457243539608081,3.1337665839327835,0.0,0.0,0.0,0.0,0.0,0.0,ZERO_INTENT,0.3859160132258067,0,32,0,0,84
46.78333333333333,-50.27768636508845,-1.457243539608081,3.1337665839327835,0.0,0.0,0.0,0.0,0.0,0.0,ZERO_INTENT,0.3859160132258067,0,32,0,0,84
46.8,-50.27768636508845,-1.457243539608081,3.1337665839327835,0.0,0.0,0.0,0.0,0.0,0.0,ZERO_INTENT,0.3859160132258067,0,32,0,0,84
46.81666666666667,-50.27768636508845,-1.457243539608081,3.1337665839327835,0.0,0.0,0.0,0.0,0.0,0.0,ZERO_INTENT,0.3859160132258067,0,32,0,0,84
46.833333333333336,-50.27768636508845,-1.457243539608081,3.1337665839327835,0.0,0.0,0.0,0.0,0.0,0.0,ZERO_INTENT,0.3859160132258067,0,32,0,0,84
46.85,-50.27768636508845,-1.457243539608081,3.1337665839327835,0.0,0.0,0.0,0.0,0.0,0.0,ZERO_INTENT,0.3859160132258067,0,32,0,0,84
46.86666666666667,-50.27768636508845,-1.457243539608081,3.1337665839327835,0.0,0.0,0.0,0.0,0.0,0.0,ZERO_INTENT,0.3859160132258067,0,32,0,0,84
46.88333333333333,-50.27768636508845,-1.457243539608081,3.1337665839327835,0.0,0.0,0.0,0.0,0.0,0.0,ZERO_INTENT,0.3859160132258067,0,32,0,0,84
46.9,-50.27768636508845,-1.457243539608081,3.1337665839327835,0.0,0.0,0.0,0.0,0.0,0.0,ZERO_INTENT,0.3859160132258067,0,32,0,0,84
46.916666666666664,-50.27768636508845,-1.457243539608081,3.1337665839327835,0.0,0.0,0.0,0.0,0.0,0.0,ZERO_INTENT,0.3859160132258067,0,32,0,0,84
46.93333333333333,-50.27768636508845,-1.457243539608081,3.1337665839327835,0.0,0.0,0.0,0.0,0.0,0.0,ZERO_INTENT,0.3859160132258067,0,32,0,0,84
46.95,-50.27768636508845,-1.457243539608081,3.1337665839327835,0.0,0.0,0.0,0.0,0.0,0.0,ZERO_INTENT,0.3859160132258067,0,32,0,0,84
46.96666666666667,-50.27768636508845,-1.457243539608081,3.1337665839327835,0.0,0.0,0.0,0.0,0.0,0.0,ZERO_INTENT,0.3859160132258067,0,32,0,0,84
46.983333333333334,-50.27768636508845,-1.457243539608081,3.1337665839327835,0.0,0.0,0.0,0.0,0.0,0.0,ZERO_INTENT,0.3859160132258067,0,32,0,0,84
47.0,-50.27768636508845,-1.457243539608081,3.1337665839327835,0.0,0.0,0.0,-1.0,0.0,0.0,ZERO_INTENT,0.3859160132258067,0,32,0,0,84
47.016666666666666,-50.27768636508845,-1.457243539608081,3.1337665839327835,0.0,0.0,0.0,-1.0,0.0,0.0,ZERO_INTENT,0.3859160132258067,0,32,0,0,84
47.03333333333333,-50.27768636508845,-1.457243539608081,3.1337665839327835,0.0,0.0,0.0,-1.0,0.0,0.0,ZERO_INTENT,0.3859160132258067,0,32,0,0,84
47.05,-50.27768636508845,-1.457243539608081,3.1337665839327835,0.0,0.0,0.0,-1.0,0.0,0.0,ZERO_INTENT,0.3859160132258067,0,32,0,0,84
47.06666666666667,-50.27768636508845,-1.457243539608081,3.1337665839327835,0.0,0.0,0.0,-1.0,0.0,0.0,NO_REGULAR_FIELD,0.3859160132258067,0,32,0,0,84
47.083333333333336,-50.27768636508845,-1.457243539608081,3.1337665839327835,0.0,0.0,0.0,-1.0,0.0,0.0,NO_REGULAR_FIELD,0.3859160132258067,0,32,0,0,84
47.1,-50.27768636508845,-1.457243539608081,3.1337665839327835,0.0,0.0,0.0,-1.0,0.0,0.0,NO_REGULAR_FIELD,0.3859160132258067,0,32,0,0,84
47.11666666666667,-50.27768636508845,-1.457243539608081,3.1337665839327835,0.0,0.0,0.0,-1.0,0.0,0.0,NO_REGULAR_FIELD,0.3859160132258067,0,32,0,0,84
47.13333333333333,-50.27768636508845,-1.457243539608081,3.1337665839327835,0.0,0.0,0.0,-1.0,0.0,0.0,NO_REGULAR_FIELD,0.3859160132258067,0,32,0,0,84
47.15,-50.27768636508845,-1.457243539608081,3.1337665839327835,0.0,0.0,0.0,-1.0,0.0,0.0,NO_REGULAR_FIELD,0.3859160132258067,0,32,0,0,84
47.166666666666664,-50.27768636508845,-1.457243539608081,3.1337665839327835,0.0,0.0,0.0,-1.0,0.0,0.0,NO_REGULAR_FIELD,0.3859160132258067,0,32,0,0,84
47.18333333333333,-50.27768636508845,-1.457243539608081,3.1337665839327835,0.0,0.0,0.0,-1.0,0.0,0.0,NO_REGULAR_FIELD,0.3859160132258067,0,32,0,0,84
47.2,-50.27768636508845,-1.457243539608081,3.1337665839327835,0.0,0.0,0.0,-1.0,0.0,0.0,NO_REGULAR_FIELD,0.3859160132258067,0,32,0,0,84
47.21666666666667,-50.27768636508845,-1.457243539608081,3.1337665839327835,0.0,0.0,0.0,-1.0,0.0,0.0,NO_REGULAR_FIELD,0.3859160132258067,0,32,0,0,84
47.233333333333334,-50.27768636508845,-1.457243539608081,3.1337665839327835,0.0,0.0,0.0,-1.0,0.0,0.0,NO_REGULAR_FIELD,0.3859160132258067,0,32,0,0,84
47.25,-50.27768636508845,-1.457243539608081,3.1337665839327835,0.0,0.0,0.0,-1.0,0.0,0.0,NO_REGULAR_FIELD,0.3859160132258067,0,32,0,0,84
47.266666666666666,-50.27768636508845,-1.457243539608081,3.1337665839327835,0.0,0.0,0.0,-1.0,0.0,0.0,NO_REGULAR_FIELD,0.3859160132258067,0,32,0,0,84
47.28333333333333,-50.27768636508845,-1.457243539608081,3.1337665839327835,0.0,0.0,0.0,-1.0,0.0,0.0,NO_REGULAR_FIELD,0.3859160132258067,0,32,0,0,84
47.3,-50.27768636508845,-1.457243539608081,3.1337665839327835,0.0,0.0,0.0,-1.0,0.0,0.0,NO_REGULAR_FIELD,0.3859160132258067,0,32,0,0,84
47.31666666666667,-50.27768636508845,-1.457243539608081,3.1337665839327835,0.0,0.0,0.0,-1.0,0.0,0.0,NO_REGULAR_FIELD,0.3859160132258067,0,32,0,0,84
47.333333333333336,-50.27768636508845,-1.457243539608081,3.1337665839327835,0.0,0.0,0.0,-1.0,0.0,0.0,NO_REGULAR_FIELD,0.3859160132258067,0,32,0,0,84
47.35,-50.27768636508845,-1.457243539608081,3.1337665839327835,0.0,0.0,0.0,-1.0,0.0,0.0,NO_REGULAR_FIELD,0.3859160132258067,0,32,0,0,84
47.36666666666667,-50.27768636508845,-1.457243539608081,3.1337665839327835,0.0,0.0,0.0,-1.0,0.0,0.0,NO_REGULAR_FIELD,0.3859160132258067,0,32,0,0,84
47.38333333333333,-50.27768636508845,-1.457243539608081,3.1337665839327835,0.0,0.0,0.0,-1.0,0.0,0.0,NO_REGULAR_FIELD,0.3859160132258067,0,32,0,0,84
47.4,-50.27768636508845,-1.457243539608081,3.1337665839327835,0.0,0.0,0.0,-1.0,0.0,0.0,NO_REGULAR_FIELD,0.3859160132258067,0,32,0,0,84
47.416666666666664,-50.27768636508845,-1.457243539608081,3.1337665839327835,0.0,0.0,0.0,-1.0,0.0,0.0,NO_REGULAR_FIELD,0.3859160132258067,0,32,0,0,84
47.43333333333333,-50.27768636508845,-1.457243539608081,3.1337665839327835,0.0,0.0,0.0,-1.0,0.0,0.0,NO_REGULAR_FIELD,0.3859160132258067,0,32,0,0,84
47.45,-50.27768636508845,-1.457243539608081,3.1337665839327835,0.0,0.0,0.0,-1.0,0.0,0.0,NO_REGULAR_FIELD,0.3859160132258067,0,32,0,0,84
47.46666666666667,-50.27768636508845,-1.457243539608081,3.1337665839327835,0.0,0.0,0.0,-1.0,0.0,0.0,NO_REGULAR_FIELD,0.3859160132258067,0,32,0,0,84
47.483333333333334,-50.27768636508845,-1.457243539608081,3.1337665839327835,0.0,0.0,0.0,-1.0,0.0,0.0,NO_REGULAR_FIELD,0.3859160132258067,0,32,0,0,84
47.5,-50.27768636508845,-1.457243539608081,3.1337665839327835,0.0,0.0,0.0,-1.0,0.0,0.0,NO_REGULAR_FIELD,0.3859160132258067,0,32,0,0,84
47.516666666666666,-50.27768636508845,-1.457243539608081,3.1337665839327835,0.0,0.0,0.0,-1.0,0.0,0.0,NO_REGULAR_FIELD,0.3859160132258067,0,32,0,0,84
47.53333333333333,-50.27768636508845,-1.457243539608081,3.1337665839327835,0.0,0.0,0.0,-1.0,0.0,0.0,NO_REGULAR_FIELD,0.3859160132258067,0,32,0,0,84
47.55,-50.27768636508845,-1.457243539608081,3.1337665839327835,0.0,0.0,0.0,-1.0,0.0,0.0,NO_REGULAR_FIELD,0.3859160132258067,0,32,0,0,84
47.56666666666667,-50.27768636508845,-1.457243539608081,3.1337665839327835,0.0,0.0,0.0,-1.0,0.0,0.0,NO_REGULAR_FIELD,0.3859160132258067,0,32,0,0,84
47.583333333333336,-50.27768636508845,-1.457243539608081,3.1337665839327835,0.0,0.0,0.0,-1.0,0.0,0.0,NO_REGULAR_FIELD,0.3859160132258067,0,32,0,0,84
47.6,-50.27768636508845,-1.457243539608081,3.1337665839327835,0.0,0.0,0.0,-1.0,0.0,0.0,NO_REGULAR_FIELD,0.3859160132258067,0,32,0,0,84
47.61666666666667,-50.27768636508845,-1.457243539608081,3.1337665839327835,0.0,0.0,0.0,-1.0,0.0,0.0,NO_REGULAR_FIELD,0.3859160132258067,0,32,0,0,84
47.63333333333333,-50.27768636508845,-1.457243539608081,3.1337665839327835,0.0,0.0,0.0,-1.0,0.0,0.0,NO_REGULAR_FIELD,0.3859160132258067,0,32,0,0,84
47.65,-50.27768636508845,-1.457243539608081,3.1337665839327835,0.0,0.0,0.0,-1.0,0.0,0.0,NO_REGULAR_FIELD,0.3859160132258067,0,32,0,0,84
47.666666666666664,-50.27768636508845,-1.457243539608081,3.1337665839327835,0.0,0.0,0.0,-1.0,0.0,0.0,NO_REGULAR_FIELD,0.3859160132258067,0,32,0,0,84
47.68333333333333,-50.27768636508845,-1.457243539608081,3.1337665839327835,0.0,0.0,0.0,-1.0,0.0,0.0,NO_REGULAR_FIELD,0.3859160132258067,0,32,0,0,84
47.7,-50.27768636508845,-1.457243539608081,3.1337665839327835,0.0,0.0,0.0,-1.0,0.0,0.0,NO_REGULAR_FIELD,0.3859160132258067,0,32,0,0,84
47.71666666666667,-50.27768636508845,-1.457243539608081,3.1337665839327835,0.0,0.0,0.0,-1.0,0.0,0.0,NO_REGULAR_FIELD,0.3859160132258067,0,32,0,0,84
47.733333333333334,-50.27768636508845,-1.457243539608081,3.1337665839327835,0.0,0.0,0.0,-1.0,0.0,0.0,NO_REGULAR_FIELD,0.3859160132258067,0,32,0,0,84
47.75,-50.27768636508845,-1.457243539608081,3.1337665839327835,0.0,0.0,0.0,-1.0,0.0,0.0,NO_REGULAR_FIELD,0.3859160132258067,0,32,0,0,84
47.766666666666666,-50.27768636508845,-1.457243539608081,3.1337665839327835,0.0,0.0,0.0,-1.0,0.0,0.0,NO_REGULAR_FIELD,0.3859160132258067,0,32,0,0,84
47.78333333333333,-50.27768636508845,-1.457243539608081,3.1337665839327835,0.0,0.0,0.0,-1.0,0.0,0.0,NO_REGULAR_FIELD,0.3859160132258067,0,32,0,0,84
47.8,-50.27768636508845,-1.457243539608081,3.1337665839327835,0.0,0.0,0.0,-1.0,0.0,0.0,NO_REGULAR_FIELD,0.3859160132258067,0,32,0,0,84
47.81666666666667,-50.27768636508845,-1.457243539608081,3.1337665839327835,0.0,0.0,0.0,-1.0,0.0,0.0,NO_REGULAR_FIELD,0.3859160132258067,0,32,0,0,84
47.833333333333336,-50.27768636508845,-1.457243539608081,3.1337665839327835,0.0,0.0,0.0,-1.0,0.0,0.0,NO_REGULAR_FIELD,0.3859160132258067,0,32,0,0,84
47.85,-50.27768636508845,-1.457243539608081,3.1337665839327835,0.0,0.0,0.0,-1.0,0.0,0.0,NO_REGULAR_FIELD,0.3859160132258067,0,32,0,0,84
47.86666666666667,-50.27768636508845,-1.457243539608081,3.1337665839327835,0.0,0.0,0.0,-1.0,0.0,0.0,NO_REGULAR_FIELD,0.3859160132258067,0,32,0,0,84
47.88333333333333,-50.27768636508845,-1.457243539608081,3.1337665839327835,0.0,0.0,0.0,-1.0,0.0,0.0,NO_REGULAR_FIELD,0.3859160132258067,0,32,0,0,84
47.9,-50.27768636508845,-1.457243539608081,3.1337665839327835,0.0,0.0,0.0,-1.0,0.0,0.0,NO_REGULAR_FIELD,0.3859160132258067,0,32,0,0,84
47.916666666666664,-50.27768636508845,-1.457243539608081,3.1337665839327835,0.0,0.0,0.0,-1.0,0.0,0.0,NO_REGULAR_FIELD,0.3859160132258067,0,32,0,0,84
47.93333333333333,-50.27768636508845,-1.457243539608081,3.1337665839327835,0.0,0.0,0.0,-1.0,0.0,0.0,NO_REGULAR_FIELD,0.3859160132258067,0,32,0,0,84
47.95,-50.27768636508845,-1.457243539608081,3.1337665839327835,0.0,0.0,0.0,-1.0,0.0,0.0,NO_REGULAR_FIELD,0.3859160132258067,0,32,0,0,84
47.96666666666667,-50.27768636508845,-1.457243539608081,3.1337665839327835,0.0,0.0,0.0,-1.0,0.0,0.0,NO_REGULAR_FIELD,0.3859160132258067,0,32,0,0,84
47.983333333333334,-50.27768636508845,-1.457243539608081,3.1337665839327835,0.0,0.0,0.0,-1.0,0.0,0.0,NO_REGULAR_FIELD,0.3859160132258067,0,32,0,0,84
48.0,-50.27768636508845,-1.457243539608081,3.1337665839327835,0.0,0.0,0.0,-1.0,0.0,0.0,NO_REGULAR_FIELD,0.3859160132258067,0,32,0,0,84
48.016666666666666,-50.27768636508845,-1.457243539608081,3.1337665839327835,0.0,0.0,0.0,-1.0,0.0,0.0,NO_REGULAR_FIELD,0.3859160132258067,0,32,0,0,84
48.03333333333333,-50.27768636508845,-1.457243539608081,3.1337665839327835,0.0,0.0,0.0,-1.0,0.0,0.0,NO_REGULAR_FIELD,0.3859160132258067,0,32,0,0,84
48.05,-50.27768636508845,-1.457243539608081,3.1337665839327835,0.0,0.0,0.0,-1.0,0.0,0.0,NO_REGULAR_FIELD,0.3859160132258067,0,32,0,0,84
48.06666666666667,-50.27768636508845,-1.457243539608081,3.1337665839327835,0.0,0.0,0.0,-1.0,0.0,0.0,NO_REGULAR_FIELD,0.3859160132258067,0,32,0,0,84
48.083333333333336,-50.27768636508845,-1.457243539608081,3.1337665839327835,0.0,0.0,0.0,-1.0,0.0,0.0,NO_REGULAR_FIELD,0.3859160132258067,0,32,0,0,84
48.1,-50.27768636508845,-1.457243539608081,3.1337665839327835,0.0,0.0,0.0,-1.0,0.0,0.0,NO_REGULAR_FIELD,0.3859160132258067,0,32,0,0,84
48.11666666666667,-50.27768636508845,-1.457243539608081,3.1337665839327835,0.0,0.0,0.0,-1.0,0.0,0.0,NO_REGULAR_FIELD,0.3859160132258067,0,32,0,0,84
48.13333333333333,-50.27768636508845,-1.457243539608081,3.1337665839327835,0.0,0.0,0.0,-1.0,0.0,0.0,NO_REGULAR_FIELD,0.3859160132258067,0,32,0,0,84
48.15,-50.27768636508845,-1.457243539608081,3.1337665839327835,0.0,0.0,0.0,-1.0,0.0,0.0,NO_REGULAR_FIELD,0.3859160132258067,0,32,0,0,84
48.166666666666664,-50.27768636508845,-1.457243539608081,3.1337665839327835,0.0,0.0,0.0,-1.0,0.0,0.0,NO_REGULAR_FIELD,0.3859160132258067,0,32,0,0,84
48.18333333333333,-50.27768636508845,-1.457243539608081,3.1337665839327835,0.0,0.0,0.0,-1.0,0.0,0.0,NO_REGULAR_FIELD,0.3859160132258067,0,32,0,0,84
48.2,-50.27768636508845,-1.457243539608081,3.1337665839327835,0.0,0.0,0.0,-1.0,0.0,0.0,NO_REGULAR_FIELD,0.3859160132258067,0,32,0,0,84
48.21666666666667,-50.27768636508845,-1.457243539608081,3.1337665839327835,0.0,0.0,0.0,-1.0,0.0,0.0,NO_REGULAR_FIELD,0.3859160132258067,0,32,0,0,84
48.233333333333334,-50.27768636508845,-1.457243539608081,3.1337665839327835,0.0,0.0,0.0,-1.0,0.0,0.0,NO_REGULAR_FIELD,0.3859160132258067,0,32,0,0,84
48.25,-50.27768636508845,-1.457243539608081,3.1337665839327835,0.0,0.0,0.0,-1.0,0.0,0.0,NO_REGULAR_FIELD,0.3859160132258067,0,32,0,0,84
48.266666666666666,-50.27768636508845,-1.457243539608081,3.1337665839327835,0.0,0.0,0.0,-1.0,0.0,0.0,NO_REGULAR_FIELD,0.3859160132258067,0,32,0,0,84
48.28333333333333,-50.27768636508845,-1.457243539608081,3.1337665839327835,0.0,0.0,0.0,-1.0,0.0,0.0,NO_REGULAR_FIELD,0.3859160132258067,0,32,0,0,84
48.3,-50.27768636508845,-1.457243539608081,3.1337665839327835,0.0,0.0,0.0,-1.0,0.0,0.0,NO_REGULAR_FIELD,0.3859160132258067,0,32,0,0,84
48.31666666666667,-50.27768636508845,-1.457243539608081,3.1337665839327835,0.0,0.0,0.0,-1.0,0.0,0.0,NO_REGULAR_FIELD,0.3859160132258067,0,32,0,0,84
48.333333333333336,-50.27768636508845,-1.457243539608081,3.1337665839327835,0.0,0.0,0.0,-1.0,0.0,0.0,NO_REGULAR_FIELD,0.3859160132258067,0,32,0,0,84
48.35,-50.27768636508845,-1.457243539608081,3.1337665839327835,0.0,0.0,0.0,-1.0,0.0,0.0,NO_REGULAR_FIELD,0.3859160132258067,0,32,0,0,84
48.36666666666667,-50.27768636508845,-1.457243539608081,3.1337665839327835,0.0,0.0,0.0,-1.0,0.0,0.0,NO_REGULAR_FIELD,0.3859160132258067,0,32,0,0,84
48.38333333333333,-50.27768636508845,-1.457243539608081,3.1337665839327835,0.0,0.0,0.0,-1.0,0.0,0.0,NO_REGULAR_FIELD,0.3859160132258067,0,32,0,0,84
48.4,-50.27768636508845,-1.457243539608081,3.1337665839327835,0.0,0.0,0.0,-1.0,0.0,0.0,NO_REGULAR_FIELD,0.3859160132258067,0,32,0,0,84
48.416666666666664,-50.27768636508845,-1.457243539608081,3.1337665839327835,0.0,0.0,0.0,-1.0,0.0,0.0,NO_REGULAR_FIELD,0.3859160132258067,0,32,0,0,84
48.43333333333333,-50.27768636508845,-1.457243539608081,3.1337665839327835,0.0,0.0,0.0,-1.0,0.0,0.0,NO_REGULAR_FIELD,0.3859160132258067,0,32,0,0,84
48.45,-50.27768636508845,-1.457243539608081,3.1337665839327835,0.0,0.0,0.0,-1.0,0.0,0.0,NO_REGULAR_FIELD,0.3859160132258067,0,32,0,0,84
48.46666666666667,-50.27768636508845,-1.457243539608081,3.1337665839327835,0.0,0.0,0.0,-1.0,0.0,0.0,NO_REGULAR_FIELD,0.3859160132258067,0,32,0,0,84
48.483333333333334,-50.27768636508845,-1.457243539608081,3.1337665839327835,0.0,0.0,0.0,-1.0,0.0,0.0,NO_REGULAR_FIELD,0.3859160132258067,0,32,0,0,84
48.5,-50.27768636508845,-1.457243539608081,3.1337665839327835,0.0,0.0,0.0,-1.0,0.0,0.0,NO_REGULAR_FIELD,0.3859160132258067,0,32,0,0,84
48.516666666666666,-50.27768636508845,-1.457243539608081,3.1337665839327835,0.0,0.0,0.0,-1.0,0.0,0.0,NO_REGULAR_FIELD,0.3859160132258067,0,32,0,0,84
48.53333333333333,-50.27768636508845,-1.457243539608081,3.1337665839327835,0.0,0.0,0.0,-1.0,0.0,0.0,NO_REGULAR_FIELD,0.3859160132258067,0,32,0,0,84
48.55,-50.27768636508845,-1.457243539608081,3.1337665839327835,0.0,0.0,0.0,-1.0,0.0,0.0,NO_REGULAR_FIELD,0.3859160132258067,0,32,0,0,84
48.56666666666667,-50.27768636508845,-1.457243539608081,3.1337665839327835,0.0,0.0,0.0,-1.0,0.0,0.0,NO_REGULAR_FIELD,0.3859160132258067,0,32,0,0,84
48.583333333333336,-50.27768636508845,-1.457243539608081,3.1337665839327835,0.0,0.0,0.0,-1.0,0.0,0.0,NO_REGULAR_FIELD,0.3859160132258067,0,32,0,0,84
48.6,-50.27768636508845,-1.457243539608081,3.1337665839327835,0.0,0.0,0.0,-1.0,0.0,0.0,NO_REGULAR_FIELD,0.3859160132258067,0,32,0,0,84
48.61666666666667,-50.27768636508845,-1.457243539608081,3.1337665839327835,0.0,0.0,0.0,-1.0,0.0,0.0,NO_REGULAR_FIELD,0.3859160132258067,0,32,0,0,84
48.63333333333333,-50.27768636508845,-1.457243539608081,3.1337665839327835,0.0,0.0,0.0,-1.0,0.0,0.0,NO_REGULAR_FIELD,0.3859160132258067,0,32,0,0,84
48.65,-50.27768636508845,-1.457243539608081,3.1337665839327835,0.0,0.0,0.0,-1.0,0.0,0.0,NO_REGULAR_FIELD,0.3859160132258067,0,32,0,0,84
48.666666666666664,-50.27768636508845,-1.457243539608081,3.1337665839327835,0.0,0.0,0.0,-1.0,0.0,0.0,NO_REGULAR_FIELD,0.3859160132258067,0,32,0,0,84
48.68333333333333,-50.27768636508845,-1.457243539608081,3.1337665839327835,0.0,0.0,0.0,-1.0,0.0,0.0,NO_REGULAR_FIELD,0.3859160132258067,0,32,0,0,84
48.7,-50.27768636508845,-1.457243539608081,3.1337665839327835,0.0,0.0,0.0,-1.0,0.0,0.0,NO_REGULAR_FIELD,0.3859160132258067,0,32,0,0,84
48.71666666666667,-50.27768636508845,-1.457243539608081,3.1337665839327835,0.0,0.0,0.0,-1.0,0.0,0.0,NO_REGULAR_FIELD,0.3859160132258067,0,32,0,0,84
48.733333333333334,-50.27768636508845,-1.457243539608081,3.1337665839327835,0.0,0.0,0.0,-1.0,0.0,0.0,NO_REGULAR_FIELD,0.3859160132258067,0,32,0,0,84
48.75,-50.27768636508845,-1.457243539608081,3.1337665839327835,0.0,0.0,0.0,-1.0,0.0,0.0,NO_REGULAR_FIELD,0.3859160132258067,0,32,0,0,84
48.766666666666666,-50.27768636508845,-1.457243539608081,3.1337665839327835,0.0,0.0,0.0,-1.0,0.0,0.0,NO_REGULAR_FIELD,0.3859160132258067,0,32,0,0,84
48.78333333333333,-50.27768636508845,-1.457243539608081,3.1337665839327835,0.0,0.0,0.0,-1.0,0.0,0.0,NO_REGULAR_FIELD,0.3859160132258067,0,32,0,0,84
48.8,-50.27768636508845,-1.457243539608081,3.1337665839327835,0.0,0.0,0.0,-1.0,0.0,0.0,NO_REGULAR_FIELD,0.3859160132258067,0,32,0,0,84
48.81666666666667,-50.27768636508845,-1.457243539608081,3.1337665839327835,0.0,0.0,0.0,-1.0,0.0,0.0,NO_REGULAR_FIELD,0.3859160132258067,0,32,0,0,84
48.833333333333336,-50.27768636508845,-1.457243539608081,3.1337665839327835,0.0,0.0,0.0,-1.0,0.0,0.0,NO_REGULAR_FIELD,0.3859160132258067,0,32,0,0,84
48.85,-50.27768636508845,-1.457243539608081,3.1337665839327835,0.0,0.0,0.0,-1.0,0.0,0.0,NO_REGULAR_FIELD,0.3859160132258067,0,32,0,0,84
48.86666666666667,-50.27768636508845,-1.457243539608081,3.1337665839327835,0.0,0.0,0.0,-1.0,0.0,0.0,NO_REGULAR_FIELD,0.3859160132258067,0,32,0,0,84
48.88333333333333,-50.27768636508845,-1.457243539608081,3.1337665839327835,0.0,0.0,0.0,-1.0,0.0,0.0,NO_REGULAR_FIELD,0.3859160132258067,0,32,0,0,84
48.9,-50.27768636508845,-1.457243539608081,3.1337665839327835,0.0,0.0,0.0,-1.0,0.0,0.0,NO_REGULAR_FIELD,0.3859160132258067,0,32,0,0,84
48.916666666666664,-50.27768636508845,-1.457243539608081,3.1337665839327835,0.0,0.0,0.0,-1.0,0.0,0.0,NO_REGULAR_FIELD,0.3859160132258067,0,32,0,0,84
48.93333333333333,-50.27768636508845,-1.457243539608081,3.1337665839327835,0.0,0.0,0.0,-1.0,0.0,0.0,NO_REGULAR_FIELD,0.3859160132258067,0,32,0,0,84
48.95,-50.27768636508845,-1.457243539608081,3.1337665839327835,0.0,0.0,0.0,-1.0,0.0,0.0,NO_REGULAR_FIELD,0.3859160132258067,0,32,0,0,84
48.96666666666667,-50.27768636508845,-1.457243539608081,3.1337665839327835,0.0,0.0,0.0,-1.0,0.0,0.0,NO_REGULAR_FIELD,0.3859160132258067,0,32,0,0,84
48.983333333333334,-50.27768636508845,-1.457243539608081,3.1337665839327835,0.0,0.0,0.0,-1.0,0.0,0.0,NO_REGULAR_FIELD,0.3859160132258067,0,32,0,0,84
49.0,-50.27768636508845,-1.457243539608081,3.1337665839327835,0.0,0.0,0.0,-1.0,0.0,0.0,NO_REGULAR_FIELD,0.3859160132258067,0,32,0,0,84
49.016666666666666,-50.27768636508845,-1.457243539608081,3.1337665839327835,0.0,0.0,0.0,-1.0,0.0,0.0,NO_REGULAR_FIELD,0.3859160132258067,0,32,0,0,84
49.03333333333333,-50.27768636508845,-1.457243539608081,3.1337665839327835,0.0,0.0,0.0,-1.0,0.0,0.0,NO_REGULAR_FIELD,0.3859160132258067,0,32,0,0,84
49.05,-50.27768636508845,-1.457243539608081,3.1337665839327835,0.0,0.0,0.0,-1.0,0.0,0.0,NO_REGULAR_FIELD,0.3859160132258067,0,32,0,0,84
49.06666666666667,-50.27768636508845,-1.457243539608081,3.1337665839327835,0.0,0.0,0.0,-1.0,0.0,0.0,NO_REGULAR_FIELD,0.3859160132258067,0,32,0,0,84
49.083333333333336,-50.27768636508845,-1.457243539608081,3.1337665839327835,0.0,0.0,0.0,-1.0,0.0,0.0,NO_REGULAR_FIELD,0.3859160132258067,0,32,0,0,84
49.1,-50.27768636508845,-1.457243539608081,3.1337665839327835,0.0,0.0,0.0,-1.0,0.0,0.0,NO_REGULAR_FIELD,0.3859160132258067,0,32,0,0,84
49.11666666666667,-50.27768636508845,-1.457243539608081,3.1337665839327835,0.0,0.0,0.0,-1.0,0.0,0.0,NO_REGULAR_FIELD,0.3859160132258067,0,32,0,0,84
49.13333333333333,-50.27768636508845,-1.457243539608081,3.1337665839327835,0.0,0.0,0.0,-1.0,0.0,0.0,NO_REGULAR_FIELD,0.3859160132258067,0,32,0,0,84
49.15,-50.27768636508845,-1.457243539608081,3.1337665839327835,0.0,0.0,0.0,-1.0,0.0,0.0,NO_REGULAR_FIELD,0.3859160132258067,0,32,0,0,84
49.166666666666664,-50.27768636508845,-1.457243539608081,3.1337665839327835,0.0,0.0,0.0,-1.0,0.0,0.0,NO_REGULAR_FIELD,0.3859160132258067,0,32,0,0,84
49.18333333333333,-50.27768636508845,-1.457243539608081,3.1337665839327835,0.0,0.0,0.0,-1.0,0.0,0.0,NO_REGULAR_FIELD,0.3859160132258067,0,32,0,0,84
49.2,-50.27768636508845,-1.457243539608081,3.1337665839327835,0.0,0.0,0.0,-1.0,0.0,0.0,NO_REGULAR_FIELD,0.3859160132258067,0,32,0,0,84
49.21666666666667,-50.27768636508845,-1.457243539608081,3.1337665839327835,0.0,0.0,0.0,-1.0,0.0,0.0,NO_REGULAR_FIELD,0.3859160132258067,0,32,0,0,84
49.233333333333334,-50.27768636508845,-1.457243539608081,3.1337665839327835,0.0,0.0,0.0,-1.0,0.0,0.0,NO_REGULAR_FIELD,0.3859160132258067,0,32,0,0,84
49.25,-50.27768636508845,-1.457243539608081,3.1337665839327835,0.0,0.0,0.0,-1.0,0.0,0.0,NO_REGULAR_FIELD,0.3859160132258067,0,32,0,0,84
49.266666666666666,-50.27768636508845,-1.457243539608081,3.1337665839327835,0.0,0.0,0.0,-1.0,0.0,0.0,NO_REGULAR_FIELD,0.3859160132258067,0,32,0,0,84
49.28333333333333,-50.27768636508845,-1.457243539608081,3.1337665839327835,0.0,0.0,0.0,-1.0,0.0,0.0,NO_REGULAR_FIELD,0.3859160132258067,0,32,0,0,84
49.3,-50.27768636508845,-1.457243539608081,3.1337665839327835,0.0,0.0,0.0,-1.0,0.0,0.0,NO_REGULAR_FIELD,0.3859160132258067,0,32,0,0,84
49.31666666666667,-50.27768636508845,-1.457243539608081,3.1337665839327835,0.0,0.0,0.0,-1.0,0.0,0.0,NO_REGULAR_FIELD,0.3859160132258067,0,32,0,0,84
49.333333333333336,-50.27768636508845,-1.457243539608081,3.1337665839327835,0.0,0.0,0.0,-1.0,0.0,0.0,NO_REGULAR_FIELD,0.3859160132258067,0,32,0,0,84
49.35,-50.27768636508845,-1.457243539608081,3.1337665839327835,0.0,0.0,0.0,-1.0,0.0,0.0,NO_REGULAR_FIELD,0.3859160132258067,0,32,0,0,84
49.36666666666667,-50.27768636508845,-1.457243539608081,3.1337665839327835,0.0,0.0,0.0,-1.0,0.0,0.0,NO_REGULAR_FIELD,0.3859160132258067,0,32,0,0,84
49.38333333333333,-50.27768636508845,-1.457243539608081,3.1337665839327835,0.0,0.0,0.0,-1.0,0.0,0.0,NO_REGULAR_FIELD,0.3859160132258067,0,32,0,0,84
49.4,-50.27768636508845,-1.457243539608081,3.1337665839327835,0.0,0.0,0.0,-1.0,0.0,0.0,NO_REGULAR_FIELD,0.3859160132258067,0,32,0,0,84
49.416666666666664,-50.27768636508845,-1.457243539608081,3.1337665839327835,0.0,0.0,0.0,-1.0,0.0,0.0,NO_REGULAR_FIELD,0.3859160132258067,0,32,0,0,84
49.43333333333333,-50.27768636508845,-1.457243539608081,3.1337665839327835,0.0,0.0,0.0,-1.0,0.0,0.0,NO_REGULAR_FIELD,0.3859160132258067,0,32,0,0,84
49.45,-50.27768636508845,-1.457243539608081,3.1337665839327835,0.0,0.0,0.0,-1.0,0.0,0.0,NO_REGULAR_FIELD,0.3859160132258067,0,32,0,0,84
49.46666666666667,-50.27768636508845,-1.457243539608081,3.1337665839327835,0.0,0.0,0.0,-1.0,0.0,0.0,NO_REGULAR_FIELD,0.3859160132258067,0,32,0,0,84
49.483333333333334,-50.27768636508845,-1.457243539608081,3.1337665839327835,0.0,0.0,0.0,-1.0,0.0,0.0,NO_REGULAR_FIELD,0.3859160132258067,0,32,0,0,84
49.5,-50.27768636508845,-1.457243539608081,3.1337665839327835,0.0,0.0,0.0,-1.0,0.0,0.0,NO_REGULAR_FIELD,0.3859160132258067,0,32,0,0,84
49.516666666666666,-50.27768636508845,-1.457243539608081,3.1337665839327835,0.0,0.0,0.0,-1.0,0.0,0.0,NO_REGULAR_FIELD,0.3859160132258067,0,32,0,0,84
49.53333333333333,-50.27768636508845,-1.457243539608081,3.1337665839327835,0.0,0.0,0.0,-1.0,0.0,0.0,NO_REGULAR_FIELD,0.3859160132258067,0,32,0,0,84
49.55,-50.27768636508845,-1.457243539608081,3.1337665839327835,0.0,0.0,0.0,-1.0,0.0,0.0,NO_REGULAR_FIELD,0.3859160132258067,0,32,0,0,84
49.56666666666667,-50.27768636508845,-1.457243539608081,3.1337665839327835,0.0,0.0,0.0,-1.0,0.0,0.0,NO_REGULAR_FIELD,0.3859160132258067,0,32,0,0,84
49.583333333333336,-50.27768636508845,-1.457243539608081,3.1337665839327835,0.0,0.0,0.0,-1.0,0.0,0.0,NO_REGULAR_FIELD,0.3859160132258067,0,32,0,0,84
49.6,-50.27768636508845,-1.457243539608081,3.1337665839327835,0.0,0.0,0.0,-1.0,0.0,0.0,NO_REGULAR_FIELD,0.3859160132258067,0,32,0,0,84
49.61666666666667,-50.27768636508845,-1.457243539608081,3.1337665839327835,0.0,0.0,0.0,-1.0,0.0,0.0,NO_REGULAR_FIELD,0.3859160132258067,0,32,0,0,84
49.63333333333333,-50.27768636508845,-1.457243539608081,3.1337665839327835,0.0,0.0,0.0,-1.0,0.0,0.0,NO_REGULAR_FIELD,0.3859160132258067,0,32,0,0,84
49.65,-50.27768636508845,-1.457243539608081,3.1337665839327835,0.0,0.0,0.0,-1.0,0.0,0.0,NO_REGULAR_FIELD,0.3859160132258067,0,32,0,0,84
49.666666666666664,-50.27768636508845,-1.457243539608081,3.1337665839327835,0.0,0.0,0.0,-1.0,0.0,0.0,NO_REGULAR_FIELD,0.3859160132258067,0,32,0,0,84
49.68333333333333,-50.27768636508845,-1.457243539608081,3.1337665839327835,0.0,0.0,0.0,-1.0,0.0,0.0,NO_REGULAR_FIELD,0.3859160132258067,0,32,0,0,84
49.7,-50.27768636508845,-1.457243539608081,3.1337665839327835,0.0,0.0,0.0,-1.0,0.0,0.0,NO_REGULAR_FIELD,0.3859160132258067,0,32,0,0,84
49.71666666666667,-50.27768636508845,-1.457243539608081,3.1337665839327835,0.0,0.0,0.0,-1.0,0.0,0.0,NO_REGULAR_FIELD,0.3859160132258067,0,32,0,0,84
49.733333333333334,-50.27768636508845,-1.457243539608081,3.1337665839327835,0.0,0.0,0.0,-1.0,0.0,0.0,NO_REGULAR_FIELD,0.3859160132258067,0,32,0,0,84
49.75,-50.27768636508845,-1.457243539608081,3.1337665839327835,0.0,0.0,0.0,-1.0,0.0,0.0,NO_REGULAR_FIELD,0.3859160132258067,0,32,0,0,84
49.766666666666666,-50.27768636508845,-1.457243539608081,3.1337665839327835,0.0,0.0,0.0,-1.0,0.0,0.0,NO_REGULAR_FIELD,0.3859160132258067,0,32,0,0,84
49.78333333333333,-50.27768636508845,-1.457243539608081,3.1337665839327835,0.0,0.0,0.0,-1.0,0.0,0.0,NO_REGULAR_FIELD,0.3859160132258067,0,32,0,0,84
49.8,-50.27768636508845,-1.457243539608081,3.1337665839327835,0.0,0.0,0.0,-1.0,0.0,0.0,NO_REGULAR_FIELD,0.3859160132258067,0,32,0,0,84
49.81666666666667,-50.27768636508845,-1.457243539608081,3.1337665839327835,0.0,0.0,0.0,-1.0,0.0,0.0,NO_REGULAR_FIELD,0.3859160132258067,0,32,0,0,84
49.833333333333336,-50.27768636508845,-1.457243539608081,3.1337665839327835,0.0,0.0,0.0,-1.0,0.0,0.0,NO_REGULAR_FIELD,0.3859160132258067,0,32,0,0,84
49.85,-50.27768636508845,-1.457243539608081,3.1337665839327835,0.0,0.0,0.0,-1.0,0.0,0.0,NO_REGULAR_FIELD,0.3859160132258067,0,32,0,0,84
49.86666666666667,-50.27768636508845,-1.457243539608081,3.1337665839327835,0.0,0.0,0.0,-1.0,0.0,0.0,NO_REGULAR_FIELD,0.3859160132258067,0,32,0,0,84
49.88333333333333,-50.27768636508845,-1.457243539608081,3.1337665839327835,0.0,0.0,0.0,-1.0,0.0,0.0,NO_REGULAR_FIELD,0.3859160132258067,0,32,0,0,84
49.9,-50.27768636508845,-1.457243539608081,3.1337665839327835,0.0,0.0,0.0,-1.0,0.0,0.0,NO_REGULAR_FIELD,0.3859160132258067,0,32,0,0,84
49.916666666666664,-50.27768636508845,-1.457243539608081,3.1337665839327835,0.0,0.0,0.0,-1.0,0.0,0.0,NO_REGULAR_FIELD,0.3859160132258067,0,32,0,0,84
49.93333333333333,-50.27768636508845,-1.457243539608081,3.1337665839327835,0.0,0.0,0.0,-1.0,0.0,0.0,NO_REGULAR_FIELD,0.3859160132258067,0,32,0,0,84
49.95,-50.27768636508845,-1.457243539608081,3.1337665839327835,0.0,0.0,0.0,-1.0,0.0,0.0,NO_REGULAR_FIELD,0.3859160132258067,0,32,0,0,84
49.96666666666667,-50.27768636508845,-1.457243539608081,3.1337665839327835,0.0,0.0,0.0,-1.0,0.0,0.0,NO_REGULAR_FIELD,0.3859160132258067,0,32,0,0,84
49.983333333333334,-50.27768636508845,-1.457243539608081,3.1337665839327835,0.0,0.0,0.0,-1.0,0.0,0.0,NO_REGULAR_FIELD,0.3859160132258067,0,32,0,0,84
50.0,-50.27768636508845,-1.457243539608081,3.1337665839327835,0.0,0.0,0.0,-1.0,0.0,0.0,NO_REGULAR_FIELD,0.3859160132258067,0,32,0,0,84
50.016666666666666,-50.27768636508845,-1.457243539608081,3.1337665839327835,0.0,0.0,0.0,-1.0,0.0,0.0,NO_REGULAR_FIELD,0.3859160132258067,0,32,0,0,84
50.03333333333333,-50.27768636508845,-1.457243539608081,3.1337665839327835,0.0,0.0,0.0,-1.0,0.0,0.0,NO_REGULAR_FIELD,0.3859160132258067,0,32,0,0,84
50.05,-50.27768636508845,-1.457243539608081,3.1337665839327835,0.0,0.0,0.0,-1.0,0.0,0.0,NO_REGULAR_FIELD,0.3859160132258067,0,32,0,0,84
50.06666666666667,-50.27768636508845,-1.457243539608081,3.1337665839327835,0.0,0.0,0.0,-1.0,0.0,0.0,NO_REGULAR_FIELD,0.3859160132258067,0,32,0,0,84
50.083333333333336,-50.27768636508845,-1.457243539608081,3.1337665839327835,0.0,0.0,0.0,-1.0,0.0,0.0,NO_REGULAR_FIELD,0.3859160132258067,0,32,0,0,84
50.1,-50.27768636508845,-1.457243539608081,3.1337665839327835,0.0,0.0,0.0,-1.0,0.0,0.0,NO_REGULAR_FIELD,0.3859160132258067,0,32,0,0,84
50.11666666666667,-50.27768636508845,-1.457243539608081,3.1337665839327835,0.0,0.0,0.0,-1.0,0.0,0.0,NO_REGULAR_FIELD,0.3859160132258067,0,32,0,0,84
50.13333333333333,-50.27768636508845,-1.457243539608081,3.1337665839327835,0.0,0.0,0.0,-1.0,0.0,0.0,NO_REGULAR_FIELD,0.3859160132258067,0,32,0,0,84
50.15,-50.27768636508845,-1.457243539608081,3.1337665839327835,0.0,0.0,0.0,-1.0,0.0,0.0,NO_REGULAR_FIELD,0.3859160132258067,0,32,0,0,84
50.166666666666664,-50.27768636508845,-1.457243539608081,3.1337665839327835,0.0,0.0,0.0,-1.0,0.0,0.0,NO_REGULAR_FIELD,0.3859160132258067,0,32,0,0,84
50.18333333333333,-50.27768636508845,-1.457243539608081,3.1337665839327835,0.0,0.0,0.0,-1.0,0.0,0.0,NO_REGULAR_FIELD,0.3859160132258067,0,32,0,0,84
50.2,-50.27768636508845,-1.457243539608081,3.1337665839327835,0.0,0.0,0.0,-1.0,0.0,0.0,NO_REGULAR_FIELD,0.3859160132258067,0,32,0,0,84
50.21666666666667,-50.27768636508845,-1.457243539608081,3.1337665839327835,0.0,0.0,0.0,-1.0,0.0,0.0,NO_REGULAR_FIELD,0.3859160132258067,0,32,0,0,84
50.233333333333334,-50.27768636508845,-1.457243539608081,3.1337665839327835,0.0,0.0,0.0,-1.0,0.0,0.0,NO_REGULAR_FIELD,0.3859160132258067,0,32,0,0,84
50.25,-50.27768636508845,-1.457243539608081,3.1337665839327835,0.0,0.0,0.0,-1.0,0.0,0.0,NO_REGULAR_FIELD,0.3859160132258067,0,32,0,0,84
50.266666666666666,-50.27768636508845,-1.457243539608081,3.1337665839327835,0.0,0.0,0.0,-1.0,0.0,0.0,NO_REGULAR_FIELD,0.3859160132258067,0,32,0,0,84
50.28333333333333,-50.27768636508845,-1.457243539608081,3.1337665839327835,0.0,0.0,0.0,-1.0,0.0,0.0,NO_REGULAR_FIELD,0.3859160132258067,0,32,0,0,84
50.3,-50.27768636508845,-1.457243539608081,3.1337665839327835,0.0,0.0,0.0,-1.0,0.0,0.0,NO_REGULAR_FIELD,0.3859160132258067,0,32,0,0,84
50.31666666666667,-50.27768636508845,-1.457243539608081,3.1337665839327835,0.0,0.0,0.0,-1.0,0.0,0.0,NO_REGULAR_FIELD,0.3859160132258067,0,32,0,0,84
50.333333333333336,-50.27768636508845,-1.457243539608081,3.1337665839327835,0.0,0.0,0.0,-1.0,0.0,0.0,NO_REGULAR_FIELD,0.3859160132258067,0,32,0,0,84
50.35,-50.27768636508845,-1.457243539608081,3.1337665839327835,0.0,0.0,0.0,-1.0,0.0,0.0,NO_REGULAR_FIELD,0.3859160132258067,0,32,0,0,84
50.36666666666667,-50.27768636508845,-1.457243539608081,3.1337665839327835,0.0,0.0,0.0,-1.0,0.0,0.0,NO_REGULAR_FIELD,0.3859160132258067,0,32,0,0,84
50.38333333333333,-50.27768636508845,-1.457243539608081,3.1337665839327835,0.0,0.0,0.0,-1.0,0.0,0.0,NO_REGULAR_FIELD,0.3859160132258067,0,32,0,0,84
50.4,-50.27768636508845,-1.457243539608081,3.1337665839327835,0.0,0.0,0.0,-1.0,0.0,0.0,NO_REGULAR_FIELD,0.3859160132258067,0,32,0,0,84
50.416666666666664,-50.27768636508845,-1.457243539608081,3.1337665839327835,0.0,0.0,0.0,-1.0,0.0,0.0,NO_REGULAR_FIELD,0.3859160132258067,0,32,0,0,84
50.43333333333333,-50.27768636508845,-1.457243539608081,3.1337665839327835,0.0,0.0,0.0,-1.0,0.0,0.0,NO_REGULAR_FIELD,0.3859160132258067,0,32,0,0,84
50.45,-50.27768636508845,-1.457243539608081,3.1337665839327835,0.0,0.0,0.0,-1.0,0.0,0.0,NO_REGULAR_FIELD,0.3859160132258067,0,32,0,0,84
50.46666666666667,-50.27768636508845,-1.457243539608081,3.1337665839327835,0.0,0.0,0.0,-1.0,0.0,0.0,NO_REGULAR_FIELD,0.3859160132258067,0,32,0,0,84
50.483333333333334,-50.27768636508845,-1.457243539608081,3.1337665839327835,0.0,0.0,0.0,-1.0,0.0,0.0,NO_REGULAR_FIELD,0.3859160132258067,0,32,0,0,84
50.5,-50.27768636508845,-1.457243539608081,3.1337665839327835,0.0,0.0,0.0,-1.0,0.0,0.0,NO_REGULAR_FIELD,0.3859160132258067,0,32,0,0,84
50.516666666666666,-50.27768636508845,-1.457243539608081,3.1337665839327835,0.0,0.0,0.0,-1.0,0.0,0.0,NO_REGULAR_FIELD,0.3859160132258067,0,32,0,0,84
50.53333333333333,-50.27768636508845,-1.457243539608081,3.1337665839327835,0.0,0.0,0.0,-1.0,0.0,0.0,NO_REGULAR_FIELD,0.3859160132258067,0,32,0,0,84
50.55,-50.27768636508845,-1.457243539608081,3.1337665839327835,0.0,0.0,0.0,-1.0,0.0,0.0,NO_REGULAR_FIELD,0.3859160132258067,0,32,0,0,84
50.56666666666667,-50.27768636508845,-1.457243539608081,3.1337665839327835,0.0,0.0,0.0,-1.0,0.0,0.0,NO_REGULAR_FIELD,0.3859160132258067,0,32,0,0,84
50.583333333333336,-50.27768636508845,-1.457243539608081,3.1337665839327835,0.0,0.0,0.0,-1.0,0.0,0.0,NO_REGULAR_FIELD,0.3859160132258067,0,32,0,0,84
50.6,-50.27768636508845,-1.457243539608081,3.1337665839327835,0.0,0.0,0.0,-1.0,0.0,0.0,NO_REGULAR_FIELD,0.3859160132258067,0,32,0,0,84
50.61666666666667,-50.27768636508845,-1.457243539608081,3.1337665839327835,0.0,0.0,0.0,-1.0,0.0,0.0,NO_REGULAR_FIELD,0.3859160132258067,0,32,0,0,84
50.63333333333333,-50.27768636508845,-1.457243539608081,3.1337665839327835,0.0,0.0,0.0,-1.0,0.0,0.0,NO_REGULAR_FIELD,0.3859160132258067,0,32,0,0,84
50.65,-50.27768636508845,-1.457243539608081,3.1337665839327835,0.0,0.0,0.0,-1.0,0.0,0.0,NO_REGULAR_FIELD,0.3859160132258067,0,32,0,0,84
50.666666666666664,-50.27768636508845,-1.457243539608081,3.1337665839327835,0.0,0.0,0.0,-1.0,0.0,0.0,NO_REGULAR_FIELD,0.3859160132258067,0,32,0,0,84
50.68333333333333,-50.27768636508845,-1.457243539608081,3.1337665839327835,0.0,0.0,0.0,-1.0,0.0,0.0,NO_REGULAR_FIELD,0.3859160132258067,0,32,0,0,84
50.7,-50.27768636508845,-1.457243539608081,3.1337665839327835,0.0,0.0,0.0,-1.0,0.0,0.0,NO_REGULAR_FIELD,0.3859160132258067,0,32,0,0,84
50.71666666666667,-50.27768636508845,-1.457243539608081,3.1337665839327835,0.0,0.0,0.0,-1.0,0.0,0.0,NO_REGULAR_FIELD,0.3859160132258067,0,32,0,0,84
50.733333333333334,-50.27768636508845,-1.457243539608081,3.1337665839327835,0.0,0.0,0.0,-1.0,0.0,0.0,NO_REGULAR_FIELD,0.3859160132258067,0,32,0,0,84
50.75,-50.27768636508845,-1.457243539608081,3.1337665839327835,0.0,0.0,0.0,-1.0,0.0,0.0,NO_REGULAR_FIELD,0.3859160132258067,0,32,0,0,84
50.766666666666666,-50.27768636508845,-1.457243539608081,3.1337665839327835,0.0,0.0,0.0,-1.0,0.0,0.0,NO_REGULAR_FIELD,0.3859160132258067,0,32,0,0,84
50.78333333333333,-50.27768636508845,-1.457243539608081,3.1337665839327835,0.0,0.0,0.0,-1.0,0.0,0.0,NO_REGULAR_FIELD,0.3859160132258067,0,32,0,0,84
50.8,-50.27768636508845,-1.457243539608081,3.1337665839327835,0.0,0.0,0.0,-1.0,0.0,0.0,NO_REGULAR_FIELD,0.3859160132258067,0,32,0,0,84
50.81666666666667,-50.27768636508845,-1.457243539608081,3.1337665839327835,0.0,0.0,0.0,-1.0,0.0,0.0,NO_REGULAR_FIELD,0.3859160132258067,0,32,0,0,84
50.833333333333336,-50.27768636508845,-1.457243539608081,3.1337665839327835,0.0,0.0,0.0,-1.0,0.0,0.0,NO_REGULAR_FIELD,0.3859160132258067,0,32,0,0,84
50.85,-50.27768636508845,-1.457243539608081,3.1337665839327835,0.0,0.0,0.0,-1.0,0.0,0.0,NO_REGULAR_FIELD,0.3859160132258067,0,32,0,0,84
50.86666666666667,-50.27768636508845,-1.457243539608081,3.1337665839327835,0.0,0.0,0.0,-1.0,0.0,0.0,NO_REGULAR_FIELD,0.3859160132258067,0,32,0,0,84
50.88333333333333,-50.27768636508845,-1.457243539608081,3.1337665839327835,0.0,0.0,0.0,-1.0,0.0,0.0,NO_REGULAR_FIELD,0.3859160132258067,0,32,0,0,84
50.9,-50.27768636508845,-1.457243539608081,3.1337665839327835,0.0,0.0,0.0,-1.0,0.0,0.0,NO_REGULAR_FIELD,0.3859160132258067,0,32,0,0,84
50.916666666666664,-50.27768636508845,-1.457243539608081,3.1337665839327835,0.0,0.0,0.0,-1.0,0.0,0.0,NO_REGULAR_FIELD,0.3859160132258067,0,32,0,0,84
50.93333333333333,-50.27768636508845,-1.457243539608081,3.1337665839327835,0.0,0.0,0.0,-1.0,0.0,0.0,NO_REGULAR_FIELD,0.3859160132258067,0,32,0,0,84
50.95,-50.27768636508845,-1.457243539608081,3.1337665839327835,0.0,0.0,0.0,-1.0,0.0,0.0,NO_REGULAR_FIELD,0.3859160132258067,0,32,0,0,84
50.96666666666667,-50.27768636508845,-1.457243539608081,3.1337665839327835,0.0,0.0,0.0,-1.0,0.0,0.0,NO_REGULAR_FIELD,0.3859160132258067,0,32,0,0,84
50.983333333333334,-50.27768636508845,-1.457243539608081,3.1337665839327835,0.0,0.0,0.0,-1.0,0.0,0.0,NO_REGULAR_FIELD,0.3859160132258067,0,32,0,0,84
51.0,-50.27768636508845,-1.457243539608081,3.1337665839327835,0.0,0.0,0.0,-1.0,0.0,0.0,NO_REGULAR_FIELD,0.3859160132258067,0,32,0,0,84
51.016666666666666,-50.27768636508845,-1.457243539608081,3.1337665839327835,0.0,0.0,0.0,-1.0,0.0,0.0,NO_REGULAR_FIELD,0.3859160132258067,0,32,0,0,84
51.03333333333333,-50.27768636508845,-1.457243539608081,3.1337665839327835,0.0,0.0,0.0,-1.0,0.0,0.0,NO_REGULAR_FIELD,0.3859160132258067,0,32,0,0,84
51.05,-50.27768636508845,-1.457243539608081,3.1337665839327835,0.0,0.0,0.0,-1.0,0.0,0.0,NO_REGULAR_FIELD,0.3859160132258067,0,32,0,0,84
51.06666666666667,-50.27768636508845,-1.457243539608081,3.1337665839327835,0.0,0.0,0.0,-1.0,0.0,0.0,NO_REGULAR_FIELD,0.3859160132258067,0,32,0,0,84
51.083333333333336,-50.27768636508845,-1.457243539608081,3.1337665839327835,0.0,0.0,0.0,-1.0,0.0,0.0,NO_REGULAR_FIELD,0.3859160132258067,0,32,0,0,84
51.1,-50.27768636508845,-1.457243539608081,3.1337665839327835,0.0,0.0,0.0,-1.0,0.0,0.0,NO_REGULAR_FIELD,0.3859160132258067,0,32,0,0,84
51.11666666666667,-50.27768636508845,-1.457243539608081,3.1337665839327835,0.0,0.0,0.0,-1.0,0.0,0.0,NO_REGULAR_FIELD,0.3859160132258067,0,32,0,0,84
51.13333333333333,-50.27768636508845,-1.457243539608081,3.1337665839327835,0.0,0.0,0.0,-1.0,0.0,0.0,NO_REGULAR_FIELD,0.3859160132258067,0,32,0,0,84
51.15,-50.27768636508845,-1.457243539608081,3.1337665839327835,0.0,0.0,0.0,-1.0,0.0,0.0,NO_REGULAR_FIELD,0.3859160132258067,0,32,0,0,84
51.166666666666664,-50.27768636508845,-1.457243539608081,3.1337665839327835,0.0,0.0,0.0,-1.0,0.0,0.0,NO_REGULAR_FIELD,0.3859160132258067,0,32,0,0,84
51.18333333333333,-50.27768636508845,-1.457243539608081,3.1337665839327835,0.0,0.0,0.0,-1.0,0.0,0.0,NO_REGULAR_FIELD,0.3859160132258067,0,32,0,0,84
51.2,-50.27768636508845,-1.457243539608081,3.1337665839327835,0.0,0.0,0.0,-1.0,0.0,0.0,NO_REGULAR_FIELD,0.3859160132258067,0,32,0,0,84
51.21666666666667,-50.27768636508845,-1.457243539608081,3.1337665839327835,0.0,0.0,0.0,-1.0,0.0,0.0,NO_REGULAR_FIELD,0.3859160132258067,0,32,0,0,84
51.233333333333334,-50.27768636508845,-1.457243539608081,3.1337665839327835,0.0,0.0,0.0,-1.0,0.0,0.0,NO_REGULAR_FIELD,0.3859160132258067,0,32,0,0,84
51.25,-50.27768636508845,-1.457243539608081,3.1337665839327835,0.0,0.0,0.0,-1.0,0.0,0.0,NO_REGULAR_FIELD,0.3859160132258067,0,32,0,0,84
51.266666666666666,-50.27768636508845,-1.457243539608081,3.1337665839327835,0.0,0.0,0.0,-1.0,0.0,0.0,NO_REGULAR_FIELD,0.3859160132258067,0,32,0,0,84
51.28333333333333,-50.27768636508845,-1.457243539608081,3.1337665839327835,0.0,0.0,0.0,-1.0,0.0,0.0,NO_REGULAR_FIELD,0.3859160132258067,0,32,0,0,84
51.3,-50.27768636508845,-1.457243539608081,3.1337665839327835,0.0,0.0,0.0,-1.0,0.0,0.0,NO_REGULAR_FIELD,0.3859160132258067,0,32,0,0,84
51.31666666666667,-50.27768636508845,-1.457243539608081,3.1337665839327835,0.0,0.0,0.0,-1.0,0.0,0.0,NO_REGULAR_FIELD,0.3859160132258067,0,32,0,0,84
51.333333333333336,-50.27768636508845,-1.457243539608081,3.1337665839327835,0.0,0.0,0.0,-1.0,0.0,0.0,NO_REGULAR_FIELD,0.3859160132258067,0,32,0,0,84
51.35,-50.27768636508845,-1.457243539608081,3.1337665839327835,0.0,0.0,0.0,-1.0,0.0,0.0,NO_REGULAR_FIELD,0.3859160132258067,0,32,0,0,84
51.36666666666667,-50.27768636508845,-1.457243539608081,3.1337665839327835,0.0,0.0,0.0,-1.0,0.0,0.0,NO_REGULAR_FIELD,0.3859160132258067,0,32,0,0,84
51.38333333333333,-50.27768636508845,-1.457243539608081,3.1337665839327835,0.0,0.0,0.0,-1.0,0.0,0.0,NO_REGULAR_FIELD,0.3859160132258067,0,32,0,0,84
51.4,-50.27768636508845,-1.457243539608081,3.1337665839327835,0.0,0.0,0.0,-1.0,0.0,0.0,NO_REGULAR_FIELD,0.3859160132258067,0,32,0,0,84
51.416666666666664,-50.27768636508845,-1.457243539608081,3.1337665839327835,0.0,0.0,0.0,-1.0,0.0,0.0,NO_REGULAR_FIELD,0.3859160132258067,0,32,0,0,84
51.43333333333333,-50.27768636508845,-1.457243539608081,3.1337665839327835,0.0,0.0,0.0,-1.0,0.0,0.0,NO_REGULAR_FIELD,0.3859160132258067,0,32,0,0,84
51.45,-50.27768636508845,-1.457243539608081,3.1337665839327835,0.0,0.0,0.0,-1.0,0.0,0.0,NO_REGULAR_FIELD,0.3859160132258067,0,32,0,0,84
51.46666666666667,-50.27768636508845,-1.457243539608081,3.1337665839327835,0.0,0.0,0.0,-1.0,0.0,0.0,NO_REGULAR_FIELD,0.3859160132258067,0,32,0,0,84
51.483333333333334,-50.27768636508845,-1.457243539608081,3.1337665839327835,0.0,0.0,0.0,-1.0,0.0,0.0,NO_REGULAR_FIELD,0.3859160132258067,0,32,0,0,84
51.5,-50.27768636508845,-1.457243539608081,3.1337665839327835,0.0,0.0,0.0,-1.0,0.0,0.0,NO_REGULAR_FIELD,0.3859160132258067,0,32,0,0,84
51.516666666666666,-50.27768636508845,-1.457243539608081,3.1337665839327835,0.0,0.0,0.0,-1.0,0.0,0.0,NO_REGULAR_FIELD,0.3859160132258067,0,32,0,0,84
51.53333333333333,-50.27768636508845,-1.457243539608081,3.1337665839327835,0.0,0.0,0.0,-1.0,0.0,0.0,NO_REGULAR_FIELD,0.3859160132258067,0,32,0,0,84
51.55,-50.27768636508845,-1.457243539608081,3.1337665839327835,0.0,0.0,0.0,-1.0,0.0,0.0,NO_REGULAR_FIELD,0.3859160132258067,0,32,0,0,84
51.56666666666667,-50.27768636508845,-1.457243539608081,3.1337665839327835,0.0,0.0,0.0,-1.0,0.0,0.0,NO_REGULAR_FIELD,0.3859160132258067,0,32,0,0,84
51.583333333333336,-50.27768636508845,-1.457243539608081,3.1337665839327835,0.0,0.0,0.0,-1.0,0.0,0.0,NO_REGULAR_FIELD,0.3859160132258067,0,32,0,0,84
51.6,-50.27768636508845,-1.457243539608081,3.1337665839327835,0.0,0.0,0.0,-1.0,0.0,0.0,NO_REGULAR_FIELD,0.3859160132258067,0,32,0,0,84
51.61666666666667,-50.27768636508845,-1.457243539608081,3.1337665839327835,0.0,0.0,0.0,-1.0,0.0,0.0,NO_REGULAR_FIELD,0.3859160132258067,0,32,0,0,84
51.63333333333333,-50.27768636508845,-1.457243539608081,3.1337665839327835,0.0,0.0,0.0,-1.0,0.0,0.0,NO_REGULAR_FIELD,0.3859160132258067,0,32,0,0,84
51.65,-50.27768636508845,-1.457243539608081,3.1337665839327835,0.0,0.0,0.0,-1.0,0.0,0.0,NO_REGULAR_FIELD,0.3859160132258067,0,32,0,0,84
51.666666666666664,-50.27768636508845,-1.457243539608081,3.1337665839327835,0.0,0.0,0.0,-1.0,0.0,0.0,NO_REGULAR_FIELD,0.3859160132258067,0,32,0,0,84
51.68333333333333,-50.27768636508845,-1.457243539608081,3.1337665839327835,0.0,0.0,0.0,-1.0,0.0,0.0,NO_REGULAR_FIELD,0.3859160132258067,0,32,0,0,84
51.7,-50.27768636508845,-1.457243539608081,3.1337665839327835,0.0,0.0,0.0,-1.0,0.0,0.0,NO_REGULAR_FIELD,0.3859160132258067,0,32,0,0,84
51.71666666666667,-50.27768636508845,-1.457243539608081,3.1337665839327835,0.0,0.0,0.0,-1.0,0.0,0.0,NO_REGULAR_FIELD,0.3859160132258067,0,32,0,0,84
51.733333333333334,-50.27768636508845,-1.457243539608081,3.1337665839327835,0.0,0.0,0.0,-1.0,0.0,0.0,NO_REGULAR_FIELD,0.3859160132258067,0,32,0,0,84
51.75,-50.27768636508845,-1.457243539608081,3.1337665839327835,0.0,0.0,0.0,-1.0,0.0,0.0,NO_REGULAR_FIELD,0.3859160132258067,0,32,0,0,84
51.766666666666666,-50.27768636508845,-1.457243539608081,3.1337665839327835,0.0,0.0,0.0,-1.0,0.0,0.0,NO_REGULAR_FIELD,0.3859160132258067,0,32,0,0,84
51.78333333333333,-50.27768636508845,-1.457243539608081,3.1337665839327835,0.0,0.0,0.0,-1.0,0.0,0.0,NO_REGULAR_FIELD,0.3859160132258067,0,32,0,0,84
51.8,-50.27768636508845,-1.457243539608081,3.1337665839327835,0.0,0.0,0.0,-1.0,0.0,0.0,NO_REGULAR_FIELD,0.3859160132258067,0,32,0,0,84
51.81666666666667,-50.27768636508845,-1.457243539608081,3.1337665839327835,0.0,0.0,0.0,-1.0,0.0,0.0,NO_REGULAR_FIELD,0.3859160132258067,0,32,0,0,84
51.833333333333336,-50.27768636508845,-1.457243539608081,3.1337665839327835,0.0,0.0,0.0,-1.0,0.0,0.0,NO_REGULAR_FIELD,0.3859160132258067,0,32,0,0,84
51.85,-50.27768636508845,-1.457243539608081,3.1337665839327835,0.0,0.0,0.0,-1.0,0.0,0.0,NO_REGULAR_FIELD,0.3859160132258067,0,32,0,0,84
51.86666666666667,-50.27768636508845,-1.457243539608081,3.1337665839327835,0.0,0.0,0.0,-1.0,0.0,0.0,NO_REGULAR_FIELD,0.3859160132258067,0,32,0,0,84
51.88333333333333,-50.27768636508845,-1.457243539608081,3.1337665839327835,0.0,0.0,0.0,-1.0,0.0,0.0,NO_REGULAR_FIELD,0.3859160132258067,0,32,0,0,84
51.9,-50.27768636508845,-1.457243539608081,3.1337665839327835,0.0,0.0,0.0,-1.0,0.0,0.0,NO_REGULAR_FIELD,0.3859160132258067,0,32,0,0,84
51.916666666666664,-50.27768636508845,-1.457243539608081,3.1337665839327835,0.0,0.0,0.0,-1.0,0.0,0.0,NO_REGULAR_FIELD,0.3859160132258067,0,32,0,0,84
51.93333333333333,-50.27768636508845,-1.457243539608081,3.1337665839327835,0.0,0.0,0.0,-1.0,0.0,0.0,NO_REGULAR_FIELD,0.3859160132258067,0,32,0,0,84
51.95,-50.27768636508845,-1.457243539608081,3.1337665839327835,0.0,0.0,0.0,-1.0,0.0,0.0,NO_REGULAR_FIELD,0.3859160132258067,0,32,0,0,84
51.96666666666667,-50.27768636508845,-1.457243539608081,3.1337665839327835,0.0,0.0,0.0,-1.0,0.0,0.0,NO_REGULAR_FIELD,0.3859160132258067,0,32,0,0,84
51.983333333333334,-50.27768636508845,-1.457243539608081,3.1337665839327835,0.0,0.0,0.0,-1.0,0.0,0.0,NO_REGULAR_FIELD,0.3859160132258067,0,32,0,0,84
52.0,-50.27768636508845,-1.457243539608081,3.1337665839327835,0.0,0.0,0.0,-1.0,0.0,0.0,NO_REGULAR_FIELD,0.3859160132258067,0,32,0,0,84
52.016666666666666,-50.27768636508845,-1.457243539608081,3.1337665839327835,0.0,0.0,0.0,-1.0,0.0,0.0,NO_REGULAR_FIELD,0.3859160132258067,0,32,0,0,84
52.03333333333333,-50.27768636508845,-1.457243539608081,3.1337665839327835,0.0,0.0,0.0,-1.0,0.0,0.0,NO_REGULAR_FIELD,0.3859160132258067,0,32,0,0,84
52.05,-50.27768636508845,-1.457243539608081,3.1337665839327835,0.0,0.0,0.0,-1.0,0.0,0.0,NO_REGULAR_FIELD,0.3859160132258067,0,32,0,0,84
52.06666666666667,-50.27768636508845,-1.457243539608081,3.1337665839327835,0.0,0.0,0.0,-1.0,0.0,0.0,NO_REGULAR_FIELD,0.3859160132258067,0,32,0,0,84
52.083333333333336,-50.27768636508845,-1.457243539608081,3.1337665839327835,0.0,0.0,0.0,-1.0,0.0,0.0,NO_REGULAR_FIELD,0.3859160132258067,0,32,0,0,84
52.1,-50.27768636508845,-1.457243539608081,3.1337665839327835,0.0,0.0,0.0,-1.0,0.0,0.0,NO_REGULAR_FIELD,0.3859160132258067,0,32,0,0,84
52.11666666666667,-50.27768636508845,-1.457243539608081,3.1337665839327835,0.0,0.0,0.0,-1.0,0.0,0.0,NO_REGULAR_FIELD,0.3859160132258067,0,32,0,0,84
52.13333333333333,-50.27768636508845,-1.457243539608081,3.1337665839327835,0.0,0.0,0.0,-1.0,0.0,0.0,NO_REGULAR_FIELD,0.3859160132258067,0,32,0,0,84
52.15,-50.27768636508845,-1.457243539608081,3.1337665839327835,0.0,0.0,0.0,-1.0,0.0,0.0,NO_REGULAR_FIELD,0.3859160132258067,0,32,0,0,84
52.166666666666664,-50.27768636508845,-1.457243539608081,3.1337665839327835,0.0,0.0,0.0,-1.0,0.0,0.0,NO_REGULAR_FIELD,0.3859160132258067,0,32,0,0,84
52.18333333333333,-50.27768636508845,-1.457243539608081,3.1337665839327835,0.0,0.0,0.0,-1.0,0.0,0.0,NO_REGULAR_FIELD,0.3859160132258067,0,32,0,0,84
52.2,-50.27768636508845,-1.457243539608081,3.1337665839327835,0.0,0.0,0.0,-1.0,0.0,0.0,NO_REGULAR_FIELD,0.3859160132258067,0,32,0,0,84
52.21666666666667,-50.27768636508845,-1.457243539608081,3.1337665839327835,0.0,0.0,0.0,-1.0,0.0,0.0,NO_REGULAR_FIELD,0.3859160132258067,0,32,0,0,84
52.233333333333334,-50.27768636508845,-1.457243539608081,3.1337665839327835,0.0,0.0,0.0,-1.0,0.0,0.0,NO_REGULAR_FIELD,0.3859160132258067,0,32,0,0,84
52.25,-50.27768636508845,-1.457243539608081,3.1337665839327835,0.0,0.0,0.0,-1.0,0.0,0.0,NO_REGULAR_FIELD,0.3859160132258067,0,32,0,0,84
52.266666666666666,-50.27768636508845,-1.457243539608081,3.1337665839327835,0.0,0.0,0.0,-1.0,0.0,0.0,NO_REGULAR_FIELD,0.3859160132258067,0,32,0,0,84
52.28333333333333,-50.27768636508845,-1.457243539608081,3.1337665839327835,0.0,0.0,0.0,-1.0,0.0,0.0,NO_REGULAR_FIELD,0.3859160132258067,0,32,0,0,84
52.3,-50.27768636508845,-1.457243539608081,3.1337665839327835,0.0,0.0,0.0,-1.0,0.0,0.0,NO_REGULAR_FIELD,0.3859160132258067,0,32,0,0,84
52.31666666666667,-50.27768636508845,-1.457243539608081,3.1337665839327835,0.0,0.0,0.0,-1.0,0.0,0.0,NO_REGULAR_FIELD,0.3859160132258067,0,32,0,0,84
52.333333333333336,-50.27768636508845,-1.457243539608081,3.1337665839327835,0.0,0.0,0.0,-1.0,0.0,0.0,NO_REGULAR_FIELD,0.3859160132258067,0,32,0,0,84
52.35,-50.27768636508845,-1.457243539608081,3.1337665839327835,0.0,0.0,0.0,-1.0,0.0,0.0,NO_REGULAR_FIELD,0.3859160132258067,0,32,0,0,84
52.36666666666667,-50.27768636508845,-1.457243539608081,3.1337665839327835,0.0,0.0,0.0,-1.0,0.0,0.0,NO_REGULAR_FIELD,0.3859160132258067,0,32,0,0,84
52.38333333333333,-50.27768636508845,-1.457243539608081,3.1337665839327835,0.0,0.0,0.0,-1.0,0.0,0.0,NO_REGULAR_FIELD,0.3859160132258067,0,32,0,0,84
52.4,-50.27768636508845,-1.457243539608081,3.1337665839327835,0.0,0.0,0.0,-1.0,0.0,0.0,NO_REGULAR_FIELD,0.3859160132258067,0,32,0,0,84
52.416666666666664,-50.27768636508845,-1.457243539608081,3.1337665839327835,0.0,0.0,0.0,-1.0,0.0,0.0,NO_REGULAR_FIELD,0.3859160132258067,0,32,0,0,84
52.43333333333333,-50.27768636508845,-1.457243539608081,3.1337665839327835,0.0,0.0,0.0,-1.0,0.0,0.0,NO_REGULAR_FIELD,0.3859160132258067,0,32,0,0,84
52.45,-50.27768636508845,-1.457243539608081,3.1337665839327835,0.0,0.0,0.0,-1.0,0.0,0.0,NO_REGULAR_FIELD,0.3859160132258067,0,32,0,0,84
52.46666666666667,-50.27768636508845,-1.457243539608081,3.1337665839327835,0.0,0.0,0.0,-1.0,0.0,0.0,NO_REGULAR_FIELD,0.3859160132258067,0,32,0,0,84
52.483333333333334,-50.27768636508845,-1.457243539608081,3.1337665839327835,0.0,0.0,0.0,-1.0,0.0,0.0,NO_REGULAR_FIELD,0.3859160132258067,0,32,0,0,84
52.5,-50.27768636508845,-1.457243539608081,3.1337665839327835,0.0,0.0,0.0,-1.0,0.0,0.0,NO_REGULAR_FIELD,0.3859160132258067,0,32,0,0,84
52.516666666666666,-50.27768636508845,-1.457243539608081,3.1337665839327835,0.0,0.0,0.0,-1.0,0.0,0.0,NO_REGULAR_FIELD,0.3859160132258067,0,32,0,0,84
52.53333333333333,-50.27768636508845,-1.457243539608081,3.1337665839327835,0.0,0.0,0.0,-1.0,0.0,0.0,NO_REGULAR_FIELD,0.3859160132258067,0,32,0,0,84
52.55,-50.27768636508845,-1.457243539608081,3.1337665839327835,0.0,0.0,0.0,-1.0,0.0,0.0,NO_REGULAR_FIELD,0.3859160132258067,0,32,0,0,84
52.56666666666667,-50.27768636508845,-1.457243539608081,3.1337665839327835,0.0,0.0,0.0,-1.0,0.0,0.0,NO_REGULAR_FIELD,0.3859160132258067,0,32,0,0,84
52.583333333333336,-50.27768636508845,-1.457243539608081,3.1337665839327835,0.0,0.0,0.0,-1.0,0.0,0.0,NO_REGULAR_FIELD,0.3859160132258067,0,32,0,0,84
52.6,-50.27768636508845,-1.457243539608081,3.1337665839327835,0.0,0.0,0.0,-1.0,0.0,0.0,NO_REGULAR_FIELD,0.3859160132258067,0,32,0,0,84
52.61666666666667,-50.27768636508845,-1.457243539608081,3.1337665839327835,0.0,0.0,0.0,-1.0,0.0,0.0,NO_REGULAR_FIELD,0.3859160132258067,0,32,0,0,84
52.63333333333333,-50.27768636508845,-1.457243539608081,3.1337665839327835,0.0,0.0,0.0,-1.0,0.0,0.0,NO_REGULAR_FIELD,0.3859160132258067,0,32,0,0,84
52.65,-50.27768636508845,-1.457243539608081,3.1337665839327835,0.0,0.0,0.0,-1.0,0.0,0.0,NO_REGULAR_FIELD,0.3859160132258067,0,32,0,0,84
52.666666666666664,-50.27768636508845,-1.457243539608081,3.1337665839327835,0.0,0.0,0.0,-1.0,0.0,0.0,NO_REGULAR_FIELD,0.3859160132258067,0,32,0,0,84
52.68333333333333,-50.27768636508845,-1.457243539608081,3.1337665839327835,0.0,0.0,0.0,-1.0,0.0,0.0,NO_REGULAR_FIELD,0.3859160132258067,0,32,0,0,84
52.7,-50.27768636508845,-1.457243539608081,3.1337665839327835,0.0,0.0,0.0,-1.0,0.0,0.0,NO_REGULAR_FIELD,0.3859160132258067,0,32,0,0,84
52.71666666666667,-50.27768636508845,-1.457243539608081,3.1337665839327835,0.0,0.0,0.0,-1.0,0.0,0.0,NO_REGULAR_FIELD,0.3859160132258067,0,32,0,0,84
52.733333333333334,-50.27768636508845,-1.457243539608081,3.1337665839327835,0.0,0.0,0.0,-1.0,0.0,0.0,NO_REGULAR_FIELD,0.3859160132258067,0,32,0,0,84
52.75,-50.27768636508845,-1.457243539608081,3.1337665839327835,0.0,0.0,0.0,-1.0,0.0,0.0,NO_REGULAR_FIELD,0.3859160132258067,0,32,0,0,84
52.766666666666666,-50.27768636508845,-1.457243539608081,3.1337665839327835,0.0,0.0,0.0,-1.0,0.0,0.0,NO_REGULAR_FIELD,0.3859160132258067,0,32,0,0,84
52.78333333333333,-50.27768636508845,-1.457243539608081,3.1337665839327835,0.0,0.0,0.0,-1.0,0.0,0.0,NO_REGULAR_FIELD,0.3859160132258067,0,32,0,0,84
52.8,-50.27768636508845,-1.457243539608081,3.1337665839327835,0.0,0.0,0.0,-1.0,0.0,0.0,NO_REGULAR_FIELD,0.3859160132258067,0,32,0,0,84
52.81666666666667,-50.27768636508845,-1.457243539608081,3.1337665839327835,0.0,0.0,0.0,-1.0,0.0,0.0,NO_REGULAR_FIELD,0.3859160132258067,0,32,0,0,84
52.833333333333336,-50.27768636508845,-1.457243539608081,3.1337665839327835,0.0,0.0,0.0,-1.0,0.0,0.0,NO_REGULAR_FIELD,0.3859160132258067,0,32,0,0,84
52.85,-50.27768636508845,-1.457243539608081,3.1337665839327835,0.0,0.0,0.0,-1.0,0.0,0.0,NO_REGULAR_FIELD,0.3859160132258067,0,32,0,0,84
52.86666666666667,-50.27768636508845,-1.457243539608081,3.1337665839327835,0.0,0.0,0.0,-1.0,0.0,0.0,NO_REGULAR_FIELD,0.3859160132258067,0,32,0,0,84
52.88333333333333,-50.27768636508845,-1.457243539608081,3.1337665839327835,0.0,0.0,0.0,-1.0,0.0,0.0,NO_REGULAR_FIELD,0.3859160132258067,0,32,0,0,84
52.9,-50.27768636508845,-1.457243539608081,3.1337665839327835,0.0,0.0,0.0,-1.0,0.0,0.0,NO_REGULAR_FIELD,0.3859160132258067,0,32,0,0,84
52.916666666666664,-50.27768636508845,-1.457243539608081,3.1337665839327835,0.0,0.0,0.0,-1.0,0.0,0.0,NO_REGULAR_FIELD,0.3859160132258067,0,32,0,0,84
52.93333333333333,-50.27768636508845,-1.457243539608081,3.1337665839327835,0.0,0.0,0.0,-1.0,0.0,0.0,NO_REGULAR_FIELD,0.3859160132258067,0,32,0,0,84
52.95,-50.27768636508845,-1.457243539608081,3.1337665839327835,0.0,0.0,0.0,-1.0,0.0,0.0,NO_REGULAR_FIELD,0.3859160132258067,0,32,0,0,84
52.96666666666667,-50.27768636508845,-1.457243539608081,3.1337665839327835,0.0,0.0,0.0,-1.0,0.0,0.0,NO_REGULAR_FIELD,0.3859160132258067,0,32,0,0,84
52.983333333333334,-50.27768636508845,-1.457243539608081,3.1337665839327835,0.0,0.0,0.0,-1.0,0.0,0.0,NO_REGULAR_FIELD,0.3859160132258067,0,32,0,0,84
53.0,-50.27768636508845,-1.457243539608081,3.1337665839327835,0.0,0.0,0.0,-1.0,0.0,0.0,NO_REGULAR_FIELD,0.3859160132258067,0,32,0,0,84
53.016666666666666,-50.27768636508845,-1.457243539608081,3.1337665839327835,0.0,0.0,0.0,-1.0,0.0,0.0,NO_REGULAR_FIELD,0.3859160132258067,0,32,0,0,84
53.03333333333333,-50.27768636508845,-1.457243539608081,3.1337665839327835,0.0,0.0,0.0,-1.0,0.0,0.0,NO_REGULAR_FIELD,0.3859160132258067,0,32,0,0,84
53.05,-50.27768636508845,-1.457243539608081,3.1337665839327835,0.0,0.0,0.0,-1.0,0.0,0.0,NO_REGULAR_FIELD,0.3859160132258067,0,32,0,0,84
53.06666666666667,-50.27768636508845,-1.457243539608081,3.1337665839327835,0.0,0.0,0.0,-1.0,0.0,0.0,NO_REGULAR_FIELD,0.3859160132258067,0,32,0,0,84
53.083333333333336,-50.27768636508845,-1.457243539608081,3.1337665839327835,0.0,0.0,0.0,-1.0,0.0,0.0,NO_REGULAR_FIELD,0.3859160132258067,0,32,0,0,84
53.1,-50.27768636508845,-1.457243539608081,3.1337665839327835,0.0,0.0,0.0,-1.0,0.0,0.0,NO_REGULAR_FIELD,0.3859160132258067,0,32,0,0,84
53.11666666666667,-50.27768636508845,-1.457243539608081,3.1337665839327835,0.0,0.0,0.0,-1.0,0.0,0.0,NO_REGULAR_FIELD,0.3859160132258067,0,32,0,0,84
53.13333333333333,-50.27768636508845,-1.457243539608081,3.1337665839327835,0.0,0.0,0.0,-1.0,0.0,0.0,NO_REGULAR_FIELD,0.3859160132258067,0,32,0,0,84
53.15,-50.27768636508845,-1.457243539608081,3.1337665839327835,0.0,0.0,0.0,-1.0,0.0,0.0,NO_REGULAR_FIELD,0.3859160132258067,0,32,0,0,84
53.166666666666664,-50.27768636508845,-1.457243539608081,3.1337665839327835,0.0,0.0,0.0,-1.0,0.0,0.0,NO_REGULAR_FIELD,0.3859160132258067,0,32,0,0,84
53.18333333333333,-50.27768636508845,-1.457243539608081,3.1337665839327835,0.0,0.0,0.0,-1.0,0.0,0.0,NO_REGULAR_FIELD,0.3859160132258067,0,32,0,0,84
53.2,-50.27768636508845,-1.457243539608081,3.1337665839327835,0.0,0.0,0.0,-1.0,0.0,0.0,NO_REGULAR_FIELD,0.3859160132258067,0,32,0,0,84
53.21666666666667,-50.27768636508845,-1.457243539608081,3.1337665839327835,0.0,0.0,0.0,-1.0,0.0,0.0,NO_REGULAR_FIELD,0.3859160132258067,0,32,0,0,84
53.233333333333334,-50.27768636508845,-1.457243539608081,3.1337665839327835,0.0,0.0,0.0,-1.0,0.0,0.0,NO_REGULAR_FIELD,0.3859160132258067,0,32,0,0,84
53.25,-50.27768636508845,-1.457243539608081,3.1337665839327835,0.0,0.0,0.0,-1.0,0.0,0.0,NO_REGULAR_FIELD,0.3859160132258067,0,32,0,0,84
53.266666666666666,-50.27768636508845,-1.457243539608081,3.1337665839327835,0.0,0.0,0.0,-1.0,0.0,0.0,NO_REGULAR_FIELD,0.3859160132258067,0,32,0,0,84
53.28333333333333,-50.27768636508845,-1.457243539608081,3.1337665839327835,0.0,0.0,0.0,-1.0,0.0,0.0,NO_REGULAR_FIELD,0.3859160132258067,0,32,0,0,84
53.3,-50.27768636508845,-1.457243539608081,3.1337665839327835,0.0,0.0,0.0,-1.0,0.0,0.0,NO_REGULAR_FIELD,0.3859160132258067,0,32,0,0,84
53.31666666666667,-50.27768636508845,-1.457243539608081,3.1337665839327835,0.0,0.0,0.0,-1.0,0.0,0.0,NO_REGULAR_FIELD,0.3859160132258067,0,32,0,0,84
53.333333333333336,-50.27768636508845,-1.457243539608081,3.1337665839327835,0.0,0.0,0.0,-1.0,0.0,0.0,NO_REGULAR_FIELD,0.3859160132258067,0,32,0,0,84
53.35,-50.27768636508845,-1.457243539608081,3.1337665839327835,0.0,0.0,0.0,-1.0,0.0,0.0,NO_REGULAR_FIELD,0.3859160132258067,0,32,0,0,84
53.36666666666667,-50.27768636508845,-1.457243539608081,3.1337665839327835,0.0,0.0,0.0,-1.0,0.0,0.0,NO_REGULAR_FIELD,0.3859160132258067,0,32,0,0,84
53.38333333333333,-50.27768636508845,-1.457243539608081,3.1337665839327835,0.0,0.0,0.0,-1.0,0.0,0.0,NO_REGULAR_FIELD,0.3859160132258067,0,32,0,0,84
53.4,-50.27768636508845,-1.457243539608081,3.1337665839327835,0.0,0.0,0.0,-1.0,0.0,0.0,NO_REGULAR_FIELD,0.3859160132258067,0,32,0,0,84
53.416666666666664,-50.27768636508845,-1.457243539608081,3.1337665839327835,0.0,0.0,0.0,-1.0,0.0,0.0,NO_REGULAR_FIELD,0.3859160132258067,0,32,0,0,84
53.43333333333333,-50.27768636508845,-1.457243539608081,3.1337665839327835,0.0,0.0,0.0,-1.0,0.0,0.0,NO_REGULAR_FIELD,0.3859160132258067,0,32,0,0,84
53.45,-50.27768636508845,-1.457243539608081,3.1337665839327835,0.0,0.0,0.0,-1.0,0.0,0.0,NO_REGULAR_FIELD,0.3859160132258067,0,32,0,0,84
53.46666666666667,-50.27768636508845,-1.457243539608081,3.1337665839327835,0.0,0.0,0.0,-1.0,0.0,0.0,NO_REGULAR_FIELD,0.3859160132258067,0,32,0,0,84
53.483333333333334,-50.27768636508845,-1.457243539608081,3.1337665839327835,0.0,0.0,0.0,-1.0,0.0,0.0,NO_REGULAR_FIELD,0.3859160132258067,0,32,0,0,84
53.5,-50.27768636508845,-1.457243539608081,3.1337665839327835,0.0,0.0,0.0,-1.0,0.0,0.0,NO_REGULAR_FIELD,0.3859160132258067,0,32,0,0,84
53.516666666666666,-50.27768636508845,-1.457243539608081,3.1337665839327835,0.0,0.0,0.0,-1.0,0.0,0.0,NO_REGULAR_FIELD,0.3859160132258067,0,32,0,0,84
53.53333333333333,-50.27768636508845,-1.457243539608081,3.1337665839327835,0.0,0.0,0.0,-1.0,0.0,0.0,NO_REGULAR_FIELD,0.3859160132258067,0,32,0,0,84
53.55,-50.27768636508845,-1.457243539608081,3.1337665839327835,0.0,0.0,0.0,-1.0,0.0,0.0,NO_REGULAR_FIELD,0.3859160132258067,0,32,0,0,84
53.56666666666667,-50.27768636508845,-1.457243539608081,3.1337665839327835,0.0,0.0,0.0,-1.0,0.0,0.0,NO_REGULAR_FIELD,0.3859160132258067,0,32,0,0,84
53.583333333333336,-50.27768636508845,-1.457243539608081,3.1337665839327835,0.0,0.0,0.0,-1.0,0.0,0.0,NO_REGULAR_FIELD,0.3859160132258067,0,32,0,0,84
53.6,-50.27768636508845,-1.457243539608081,3.1337665839327835,0.0,0.0,0.0,-1.0,0.0,0.0,NO_REGULAR_FIELD,0.3859160132258067,0,32,0,0,84
53.61666666666667,-50.27768636508845,-1.457243539608081,3.1337665839327835,0.0,0.0,0.0,-1.0,0.0,0.0,NO_REGULAR_FIELD,0.3859160132258067,0,32,0,0,84
53.63333333333333,-50.27768636508845,-1.457243539608081,3.1337665839327835,0.0,0.0,0.0,-1.0,0.0,0.0,NO_REGULAR_FIELD,0.3859160132258067,0,32,0,0,84
53.65,-50.27768636508845,-1.457243539608081,3.1337665839327835,0.0,0.0,0.0,-1.0,0.0,0.0,NO_REGULAR_FIELD,0.3859160132258067,0,32,0,0,84
53.666666666666664,-50.27768636508845,-1.457243539608081,3.1337665839327835,0.0,0.0,0.0,-1.0,0.0,0.0,NO_REGULAR_FIELD,0.3859160132258067,0,32,0,0,84
53.68333333333333,-50.27768636508845,-1.457243539608081,3.1337665839327835,0.0,0.0,0.0,-1.0,0.0,0.0,NO_REGULAR_FIELD,0.3859160132258067,0,32,0,0,84
53.7,-50.27768636508845,-1.457243539608081,3.1337665839327835,0.0,0.0,0.0,-1.0,0.0,0.0,NO_REGULAR_FIELD,0.3859160132258067,0,32,0,0,84
53.71666666666667,-50.27768636508845,-1.457243539608081,3.1337665839327835,0.0,0.0,0.0,-1.0,0.0,0.0,NO_REGULAR_FIELD,0.3859160132258067,0,32,0,0,84
53.733333333333334,-50.27768636508845,-1.457243539608081,3.1337665839327835,0.0,0.0,0.0,-1.0,0.0,0.0,NO_REGULAR_FIELD,0.3859160132258067,0,32,0,0,84
53.75,-50.27768636508845,-1.457243539608081,3.1337665839327835,0.0,0.0,0.0,-1.0,0.0,0.0,NO_REGULAR_FIELD,0.3859160132258067,0,32,0,0,84
53.766666666666666,-50.27768636508845,-1.457243539608081,3.1337665839327835,0.0,0.0,0.0,-1.0,0.0,0.0,NO_REGULAR_FIELD,0.3859160132258067,0,32,0,0,84
53.78333333333333,-50.27768636508845,-1.457243539608081,3.1337665839327835,0.0,0.0,0.0,-1.0,0.0,0.0,NO_REGULAR_FIELD,0.3859160132258067,0,32,0,0,84
53.8,-50.27768636508845,-1.457243539608081,3.1337665839327835,0.0,0.0,0.0,-1.0,0.0,0.0,NO_REGULAR_FIELD,0.3859160132258067,0,32,0,0,84
53.81666666666667,-50.27768636508845,-1.457243539608081,3.1337665839327835,0.0,0.0,0.0,-1.0,0.0,0.0,NO_REGULAR_FIELD,0.3859160132258067,0,32,0,0,84
53.833333333333336,-50.27768636508845,-1.457243539608081,3.1337665839327835,0.0,0.0,0.0,-1.0,0.0,0.0,NO_REGULAR_FIELD,0.3859160132258067,0,32,0,0,84
53.85,-50.27768636508845,-1.457243539608081,3.1337665839327835,0.0,0.0,0.0,-1.0,0.0,0.0,NO_REGULAR_FIELD,0.3859160132258067,0,32,0,0,84
53.86666666666667,-50.27768636508845,-1.457243539608081,3.1337665839327835,0.0,0.0,0.0,-1.0,0.0,0.0,NO_REGULAR_FIELD,0.3859160132258067,0,32,0,0,84
53.88333333333333,-50.27768636508845,-1.457243539608081,3.1337665839327835,0.0,0.0,0.0,-1.0,0.0,0.0,NO_REGULAR_FIELD,0.3859160132258067,0,32,0,0,84
53.9,-50.27768636508845,-1.457243539608081,3.1337665839327835,0.0,0.0,0.0,-1.0,0.0,0.0,NO_REGULAR_FIELD,0.3859160132258067,0,32,0,0,84
53.916666666666664,-50.27768636508845,-1.457243539608081,3.1337665839327835,0.0,0.0,0.0,-1.0,0.0,0.0,NO_REGULAR_FIELD,0.3859160132258067,0,32,0,0,84
53.93333333333333,-50.27768636508845,-1.457243539608081,3.1337665839327835,0.0,0.0,0.0,-1.0,0.0,0.0,NO_REGULAR_FIELD,0.3859160132258067,0,32,0,0,84
53.95,-50.27768636508845,-1.457243539608081,3.1337665839327835,0.0,0.0,0.0,-1.0,0.0,0.0,NO_REGULAR_FIELD,0.3859160132258067,0,32,0,0,84
53.96666666666667,-50.27768636508845,-1.457243539608081,3.1337665839327835,0.0,0.0,0.0,-1.0,0.0,0.0,NO_REGULAR_FIELD,0.3859160132258067,0,32,0,0,84
53.983333333333334,-50.27768636508845,-1.457243539608081,3.1337665839327835,0.0,0.0,0.0,-1.0,0.0,0.0,NO_REGULAR_FIELD,0.3859160132258067,0,32,0,0,84
54.0,-50.27768636508845,-1.457243539608081,3.1337665839327835,0.0,0.0,0.0,-1.0,0.0,0.0,NO_REGULAR_FIELD,0.3859160132258067,0,32,0,0,84
54.016666666666666,-50.27768636508845,-1.457243539608081,3.1337665839327835,0.0,0.0,0.0,-1.0,0.0,0.0,NO_REGULAR_FIELD,0.3859160132258067,0,32,0,0,84
54.03333333333333,-50.27768636508845,-1.457243539608081,3.1337665839327835,0.0,0.0,0.0,-1.0,0.0,0.0,NO_REGULAR_FIELD,0.3859160132258067,0,32,0,0,84
54.05,-50.27768636508845,-1.457243539608081,3.1337665839327835,0.0,0.0,0.0,-1.0,0.0,0.0,NO_REGULAR_FIELD,0.3859160132258067,0,32,0,0,84
54.06666666666667,-50.27768636508845,-1.457243539608081,3.1337665839327835,0.0,0.0,0.0,-1.0,0.0,0.0,NO_REGULAR_FIELD,0.3859160132258067,0,32,0,0,84
54.083333333333336,-50.27768636508845,-1.457243539608081,3.1337665839327835,0.0,0.0,0.0,-1.0,0.0,0.0,NO_REGULAR_FIELD,0.3859160132258067,0,32,0,0,84
54.1,-50.27768636508845,-1.457243539608081,3.1337665839327835,0.0,0.0,0.0,-1.0,0.0,0.0,NO_REGULAR_FIELD,0.3859160132258067,0,32,0,0,84
54.11666666666667,-50.27768636508845,-1.457243539608081,3.1337665839327835,0.0,0.0,0.0,-1.0,0.0,0.0,NO_REGULAR_FIELD,0.3859160132258067,0,32,0,0,84
54.13333333333333,-50.27768636508845,-1.457243539608081,3.1337665839327835,0.0,0.0,0.0,-1.0,0.0,0.0,NO_REGULAR_FIELD,0.3859160132258067,0,32,0,0,84
54.15,-50.27768636508845,-1.457243539608081,3.1337665839327835,0.0,0.0,0.0,-1.0,0.0,0.0,NO_REGULAR_FIELD,0.3859160132258067,0,32,0,0,84
54.166666666666664,-50.27768636508845,-1.457243539608081,3.1337665839327835,0.0,0.0,0.0,-1.0,0.0,0.0,NO_REGULAR_FIELD,0.3859160132258067,0,32,0,0,84
54.18333333333333,-50.27768636508845,-1.457243539608081,3.1337665839327835,0.0,0.0,0.0,-1.0,0.0,0.0,NO_REGULAR_FIELD,0.3859160132258067,0,32,0,0,84
54.2,-50.27768636508845,-1.457243539608081,3.1337665839327835,0.0,0.0,0.0,-1.0,0.0,0.0,NO_REGULAR_FIELD,0.3859160132258067,0,32,0,0,84
54.21666666666667,-50.27768636508845,-1.457243539608081,3.1337665839327835,0.0,0.0,0.0,-1.0,0.0,0.0,NO_REGULAR_FIELD,0.3859160132258067,0,32,0,0,84
54.233333333333334,-50.27768636508845,-1.457243539608081,3.1337665839327835,0.0,0.0,0.0,-1.0,0.0,0.0,NO_REGULAR_FIELD,0.3859160132258067,0,32,0,0,84
54.25,-50.27768636508845,-1.457243539608081,3.1337665839327835,0.0,0.0,0.0,-1.0,0.0,0.0,NO_REGULAR_FIELD,0.3859160132258067,0,32,0,0,84
54.266666666666666,-50.27768636508845,-1.457243539608081,3.1337665839327835,0.0,0.0,0.0,-1.0,0.0,0.0,NO_REGULAR_FIELD,0.3859160132258067,0,32,0,0,84
54.28333333333333,-50.27768636508845,-1.457243539608081,3.1337665839327835,0.0,0.0,0.0,-1.0,0.0,0.0,NO_REGULAR_FIELD,0.3859160132258067,0,32,0,0,84
54.3,-50.27768636508845,-1.457243539608081,3.1337665839327835,0.0,0.0,0.0,-1.0,0.0,0.0,NO_REGULAR_FIELD,0.3859160132258067,0,32,0,0,84
54.31666666666667,-50.27768636508845,-1.457243539608081,3.1337665839327835,0.0,0.0,0.0,-1.0,0.0,0.0,NO_REGULAR_FIELD,0.3859160132258067,0,32,0,0,84
54.333333333333336,-50.27768636508845,-1.457243539608081,3.1337665839327835,0.0,0.0,0.0,-1.0,0.0,0.0,NO_REGULAR_FIELD,0.3859160132258067,0,32,0,0,84
54.35,-50.27768636508845,-1.457243539608081,3.1337665839327835,0.0,0.0,0.0,-1.0,0.0,0.0,NO_REGULAR_FIELD,0.3859160132258067,0,32,0,0,84
54.36666666666667,-50.27768636508845,-1.457243539608081,3.1337665839327835,0.0,0.0,0.0,-1.0,0.0,0.0,NO_REGULAR_FIELD,0.3859160132258067,0,32,0,0,84
54.38333333333333,-50.27768636508845,-1.457243539608081,3.1337665839327835,0.0,0.0,0.0,-1.0,0.0,0.0,NO_REGULAR_FIELD,0.3859160132258067,0,32,0,0,84
54.4,-50.27768636508845,-1.457243539608081,3.1337665839327835,0.0,0.0,0.0,-1.0,0.0,0.0,NO_REGULAR_FIELD,0.3859160132258067,0,32,0,0,84
54.416666666666664,-50.27768636508845,-1.457243539608081,3.1337665839327835,0.0,0.0,0.0,-1.0,0.0,0.0,NO_REGULAR_FIELD,0.3859160132258067,0,32,0,0,84
54.43333333333333,-50.27768636508845,-1.457243539608081,3.1337665839327835,0.0,0.0,0.0,-1.0,0.0,0.0,NO_REGULAR_FIELD,0.3859160132258067,0,32,0,0,84
54.45,-50.27768636508845,-1.457243539608081,3.1337665839327835,0.0,0.0,0.0,-1.0,0.0,0.0,NO_REGULAR_FIELD,0.3859160132258067,0,32,0,0,84
54.46666666666667,-50.27768636508845,-1.457243539608081,3.1337665839327835,0.0,0.0,0.0,-1.0,0.0,0.0,NO_REGULAR_FIELD,0.3859160132258067,0,32,0,0,84
54.483333333333334,-50.27768636508845,-1.457243539608081,3.1337665839327835,0.0,0.0,0.0,-1.0,0.0,0.0,NO_REGULAR_FIELD,0.3859160132258067,0,32,0,0,84
54.5,-50.27768636508845,-1.457243539608081,3.1337665839327835,0.0,0.0,0.0,-1.0,0.0,0.0,NO_REGULAR_FIELD,0.3859160132258067,0,32,0,0,84
54.516666666666666,-50.27768636508845,-1.457243539608081,3.1337665839327835,0.0,0.0,0.0,-1.0,0.0,0.0,NO_REGULAR_FIELD,0.3859160132258067,0,32,0,0,84
54.53333333333333,-50.27768636508845,-1.457243539608081,3.1337665839327835,0.0,0.0,0.0,-1.0,0.0,0.0,NO_REGULAR_FIELD,0.3859160132258067,0,32,0,0,84
54.55,-50.27768636508845,-1.457243539608081,3.1337665839327835,0.0,0.0,0.0,-1.0,0.0,0.0,NO_REGULAR_FIELD,0.3859160132258067,0,32,0,0,84
54.56666666666667,-50.27768636508845,-1.457243539608081,3.1337665839327835,0.0,0.0,0.0,-1.0,0.0,0.0,NO_REGULAR_FIELD,0.3859160132258067,0,32,0,0,84
54.583333333333336,-50.27768636508845,-1.457243539608081,3.1337665839327835,0.0,0.0,0.0,-1.0,0.0,0.0,NO_REGULAR_FIELD,0.3859160132258067,0,32,0,0,84
54.6,-50.27768636508845,-1.457243539608081,3.1337665839327835,0.0,0.0,0.0,-1.0,0.0,0.0,NO_REGULAR_FIELD,0.3859160132258067,0,32,0,0,84
54.61666666666667,-50.27768636508845,-1.457243539608081,3.1337665839327835,0.0,0.0,0.0,-1.0,0.0,0.0,NO_REGULAR_FIELD,0.3859160132258067,0,32,0,0,84
54.63333333333333,-50.27768636508845,-1.457243539608081,3.1337665839327835,0.0,0.0,0.0,-1.0,0.0,0.0,NO_REGULAR_FIELD,0.3859160132258067,0,32,0,0,84
54.65,-50.27768636508845,-1.457243539608081,3.1337665839327835,0.0,0.0,0.0,-1.0,0.0,0.0,NO_REGULAR_FIELD,0.3859160132258067,0,32,0,0,84
54.666666666666664,-50.27768636508845,-1.457243539608081,3.1337665839327835,0.0,0.0,0.0,-1.0,0.0,0.0,NO_REGULAR_FIELD,0.3859160132258067,0,32,0,0,84
54.68333333333333,-50.27768636508845,-1.457243539608081,3.1337665839327835,0.0,0.0,0.0,-1.0,0.0,0.0,NO_REGULAR_FIELD,0.3859160132258067,0,32,0,0,84
54.7,-50.27768636508845,-1.457243539608081,3.1337665839327835,0.0,0.0,0.0,-1.0,0.0,0.0,NO_REGULAR_FIELD,0.3859160132258067,0,32,0,0,84
54.71666666666667,-50.27768636508845,-1.457243539608081,3.1337665839327835,0.0,0.0,0.0,-1.0,0.0,0.0,NO_REGULAR_FIELD,0.3859160132258067,0,32,0,0,84
54.733333333333334,-50.27768636508845,-1.457243539608081,3.1337665839327835,0.0,0.0,0.0,-1.0,0.0,0.0,NO_REGULAR_FIELD,0.3859160132258067,0,32,0,0,84
54.75,-50.27768636508845,-1.457243539608081,3.1337665839327835,0.0,0.0,0.0,-1.0,0.0,0.0,NO_REGULAR_FIELD,0.3859160132258067,0,32,0,0,84
54.766666666666666,-50.27768636508845,-1.457243539608081,3.1337665839327835,0.0,0.0,0.0,-1.0,0.0,0.0,NO_REGULAR_FIELD,0.3859160132258067,0,32,0,0,84
54.78333333333333,-50.27768636508845,-1.457243539608081,3.1337665839327835,0.0,0.0,0.0,-1.0,0.0,0.0,NO_REGULAR_FIELD,0.3859160132258067,0,32,0,0,84
54.8,-50.27768636508845,-1.457243539608081,3.1337665839327835,0.0,0.0,0.0,-1.0,0.0,0.0,NO_REGULAR_FIELD,0.3859160132258067,0,32,0,0,84
54.81666666666667,-50.27768636508845,-1.457243539608081,3.1337665839327835,0.0,0.0,0.0,-1.0,0.0,0.0,NO_REGULAR_FIELD,0.3859160132258067,0,32,0,0,84
54.833333333333336,-50.27768636508845,-1.457243539608081,3.1337665839327835,0.0,0.0,0.0,-1.0,0.0,0.0,NO_REGULAR_FIELD,0.3859160132258067,0,32,0,0,84
54.85,-50.27768636508845,-1.457243539608081,3.1337665839327835,0.0,0.0,0.0,-1.0,0.0,0.0,NO_REGULAR_FIELD,0.3859160132258067,0,32,0,0,84
54.86666666666667,-50.27768636508845,-1.457243539608081,3.1337665839327835,0.0,0.0,0.0,-1.0,0.0,0.0,NO_REGULAR_FIELD,0.3859160132258067,0,32,0,0,84
54.88333333333333,-50.27768636508845,-1.457243539608081,3.1337665839327835,0.0,0.0,0.0,-1.0,0.0,0.0,NO_REGULAR_FIELD,0.3859160132258067,0,32,0,0,84
54.9,-50.27768636508845,-1.457243539608081,3.1337665839327835,0.0,0.0,0.0,-1.0,0.0,0.0,NO_REGULAR_FIELD,0.3859160132258067,0,32,0,0,84
54.916666666666664,-50.27768636508845,-1.457243539608081,3.1337665839327835,0.0,0.0,0.0,-1.0,0.0,0.0,NO_REGULAR_FIELD,0.3859160132258067,0,32,0,0,84
54.93333333333333,-50.27768636508845,-1.457243539608081,3.1337665839327835,0.0,0.0,0.0,-1.0,0.0,0.0,NO_REGULAR_FIELD,0.3859160132258067,0,32,0,0,84
54.95,-50.27768636508845,-1.457243539608081,3.1337665839327835,0.0,0.0,0.0,-1.0,0.0,0.0,NO_REGULAR_FIELD,0.3859160132258067,0,32,0,0,84
54.96666666666667,-50.27768636508845,-1.457243539608081,3.1337665839327835,0.0,0.0,0.0,-1.0,0.0,0.0,NO_REGULAR_FIELD,0.3859160132258067,0,32,0,0,84
54.983333333333334,-50.27768636508845,-1.457243539608081,3.1337665839327835,0.0,0.0,0.0,-1.0,0.0,0.0,NO_REGULAR_FIELD,0.3859160132258067,0,32,0,0,84
55.0,-50.27768636508845,-1.457243539608081,3.1337665839327835,0.0,0.0,0.0,-1.0,0.0,0.0,NO_REGULAR_FIELD,0.3859160132258067,0,32,0,0,84
55.016666666666666,-50.27768636508845,-1.457243539608081,3.1337665839327835,0.0,0.0,0.0,-1.0,0.0,0.0,NO_REGULAR_FIELD,0.3859160132258067,0,32,0,0,84
55.03333333333333,-50.27768636508845,-1.457243539608081,3.1337665839327835,0.0,0.0,0.0,-1.0,0.0,0.0,NO_REGULAR_FIELD,0.3859160132258067,0,32,0,0,84
55.05,-50.27768636508845,-1.457243539608081,3.1337665839327835,0.0,0.0,0.0,-1.0,0.0,0.0,NO_REGULAR_FIELD,0.3859160132258067,0,32,0,0,84
55.06666666666667,-50.27768636508845,-1.457243539608081,3.1337665839327835,0.0,0.0,0.0,-1.0,0.0,0.0,NO_REGULAR_FIELD,0.3859160132258067,0,32,0,0,84
55.083333333333336,-50.27768636508845,-1.457243539608081,3.1337665839327835,0.0,0.0,0.0,-1.0,0.0,0.0,NO_REGULAR_FIELD,0.3859160132258067,0,32,0,0,84
55.1,-50.27768636508845,-1.457243539608081,3.1337665839327835,0.0,0.0,0.0,-1.0,0.0,0.0,NO_REGULAR_FIELD,0.3859160132258067,0,32,0,0,84
55.11666666666667,-50.27768636508845,-1.457243539608081,3.1337665839327835,0.0,0.0,0.0,-1.0,0.0,0.0,NO_REGULAR_FIELD,0.3859160132258067,0,32,0,0,84
55.13333333333333,-50.27768636508845,-1.457243539608081,3.1337665839327835,0.0,0.0,0.0,-1.0,0.0,0.0,NO_REGULAR_FIELD,0.3859160132258067,0,32,0,0,84
55.15,-50.27768636508845,-1.457243539608081,3.1337665839327835,0.0,0.0,0.0,-1.0,0.0,0.0,NO_REGULAR_FIELD,0.3859160132258067,0,32,0,0,84
55.166666666666664,-50.27768636508845,-1.457243539608081,3.1337665839327835,0.0,0.0,0.0,-1.0,0.0,0.0,NO_REGULAR_FIELD,0.3859160132258067,0,32,0,0,84
55.18333333333333,-50.27768636508845,-1.457243539608081,3.1337665839327835,0.0,0.0,0.0,-1.0,0.0,0.0,NO_REGULAR_FIELD,0.3859160132258067,0,32,0,0,84
55.2,-50.27768636508845,-1.457243539608081,3.1337665839327835,0.0,0.0,0.0,-1.0,0.0,0.0,NO_REGULAR_FIELD,0.3859160132258067,0,32,0,0,84
55.21666666666667,-50.27768636508845,-1.457243539608081,3.1337665839327835,0.0,0.0,0.0,-1.0,0.0,0.0,NO_REGULAR_FIELD,0.3859160132258067,0,32,0,0,84
55.233333333333334,-50.27768636508845,-1.457243539608081,3.1337665839327835,0.0,0.0,0.0,-1.0,0.0,0.0,NO_REGULAR_FIELD,0.3859160132258067,0,32,0,0,84
55.25,-50.27768636508845,-1.457243539608081,3.1337665839327835,0.0,0.0,0.0,-1.0,0.0,0.0,NO_REGULAR_FIELD,0.3859160132258067,0,32,0,0,84
55.266666666666666,-50.27768636508845,-1.457243539608081,3.1337665839327835,0.0,0.0,0.0,-1.0,0.0,0.0,NO_REGULAR_FIELD,0.3859160132258067,0,32,0,0,84
55.28333333333333,-50.27768636508845,-1.457243539608081,3.1337665839327835,0.0,0.0,0.0,-1.0,0.0,0.0,NO_REGULAR_FIELD,0.3859160132258067,0,32,0,0,84
55.3,-50.27768636508845,-1.457243539608081,3.1337665839327835,0.0,0.0,0.0,-1.0,0.0,0.0,NO_REGULAR_FIELD,0.3859160132258067,0,32,0,0,84
55.31666666666667,-50.27768636508845,-1.457243539608081,3.1337665839327835,0.0,0.0,0.0,-1.0,0.0,0.0,NO_REGULAR_FIELD,0.3859160132258067,0,32,0,0,84
55.333333333333336,-50.27768636508845,-1.457243539608081,3.1337665839327835,0.0,0.0,0.0,-1.0,0.0,0.0,NO_REGULAR_FIELD,0.3859160132258067,0,32,0,0,84
55.35,-50.27768636508845,-1.457243539608081,3.1337665839327835,0.0,0.0,0.0,-1.0,0.0,0.0,NO_REGULAR_FIELD,0.3859160132258067,0,32,0,0,84
55.36666666666667,-50.27768636508845,-1.457243539608081,3.1337665839327835,0.0,0.0,0.0,-1.0,0.0,0.0,NO_REGULAR_FIELD,0.3859160132258067,0,32,0,0,84
55.38333333333333,-50.27768636508845,-1.457243539608081,3.1337665839327835,0.0,0.0,0.0,-1.0,0.0,0.0,NO_REGULAR_FIELD,0.3859160132258067,0,32,0,0,84
55.4,-50.27768636508845,-1.457243539608081,3.1337665839327835,0.0,0.0,0.0,-1.0,0.0,0.0,NO_REGULAR_FIELD,0.3859160132258067,0,32,0,0,84
55.416666666666664,-50.27768636508845,-1.457243539608081,3.1337665839327835,0.0,0.0,0.0,-1.0,0.0,0.0,NO_REGULAR_FIELD,0.3859160132258067,0,32,0,0,84
55.43333333333333,-50.27768636508845,-1.457243539608081,3.1337665839327835,0.0,0.0,0.0,-1.0,0.0,0.0,NO_REGULAR_FIELD,0.3859160132258067,0,32,0,0,84
55.45,-50.27768636508845,-1.457243539608081,3.1337665839327835,0.0,0.0,0.0,-1.0,0.0,0.0,NO_REGULAR_FIELD,0.3859160132258067,0,32,0,0,84
55.46666666666667,-50.27768636508845,-1.457243539608081,3.1337665839327835,0.0,0.0,0.0,-1.0,0.0,0.0,NO_REGULAR_FIELD,0.3859160132258067,0,32,0,0,84
55.483333333333334,-50.27768636508845,-1.457243539608081,3.1337665839327835,0.0,0.0,0.0,-1.0,0.0,0.0,NO_REGULAR_FIELD,0.3859160132258067,0,32,0,0,84
55.5,-50.27768636508845,-1.457243539608081,3.1337665839327835,0.0,0.0,0.0,-1.0,0.0,0.0,NO_REGULAR_FIELD,0.3859160132258067,0,32,0,0,84
55.516666666666666,-50.27768636508845,-1.457243539608081,3.1337665839327835,0.0,0.0,0.0,-1.0,0.0,0.0,NO_REGULAR_FIELD,0.3859160132258067,0,32,0,0,84
55.53333333333333,-50.27768636508845,-1.457243539608081,3.1337665839327835,0.0,0.0,0.0,-1.0,0.0,0.0,NO_REGULAR_FIELD,0.3859160132258067,0,32,0,0,84
55.55,-50.27768636508845,-1.457243539608081,3.1337665839327835,0.0,0.0,0.0,-1.0,0.0,0.0,NO_REGULAR_FIELD,0.3859160132258067,0,32,0,0,84
55.56666666666667,-50.27768636508845,-1.457243539608081,3.1337665839327835,0.0,0.0,0.0,-1.0,0.0,0.0,NO_REGULAR_FIELD,0.3859160132258067,0,32,0,0,84
55.583333333333336,-50.27768636508845,-1.457243539608081,3.1337665839327835,0.0,0.0,0.0,-1.0,0.0,0.0,NO_REGULAR_FIELD,0.3859160132258067,0,32,0,0,84
55.6,-50.27768636508845,-1.457243539608081,3.1337665839327835,0.0,0.0,0.0,-1.0,0.0,0.0,NO_REGULAR_FIELD,0.3859160132258067,0,32,0,0,84
55.61666666666667,-50.27768636508845,-1.457243539608081,3.1337665839327835,0.0,0.0,0.0,-1.0,0.0,0.0,NO_REGULAR_FIELD,0.3859160132258067,0,32,0,0,84
55.63333333333333,-50.27768636508845,-1.457243539608081,3.1337665839327835,0.0,0.0,0.0,-1.0,0.0,0.0,NO_REGULAR_FIELD,0.3859160132258067,0,32,0,0,84
55.65,-50.27768636508845,-1.457243539608081,3.1337665839327835,0.0,0.0,0.0,-1.0,0.0,0.0,NO_REGULAR_FIELD,0.3859160132258067,0,32,0,0,84
55.666666666666664,-50.27768636508845,-1.457243539608081,3.1337665839327835,0.0,0.0,0.0,-1.0,0.0,0.0,NO_REGULAR_FIELD,0.3859160132258067,0,32,0,0,84
55.68333333333333,-50.27768636508845,-1.457243539608081,3.1337665839327835,0.0,0.0,0.0,-1.0,0.0,0.0,NO_REGULAR_FIELD,0.3859160132258067,0,32,0,0,84
55.7,-50.27768636508845,-1.457243539608081,3.1337665839327835,0.0,0.0,0.0,-1.0,0.0,0.0,NO_REGULAR_FIELD,0.3859160132258067,0,32,0,0,84
55.71666666666667,-50.27768636508845,-1.457243539608081,3.1337665839327835,0.0,0.0,0.0,-1.0,0.0,0.0,NO_REGULAR_FIELD,0.3859160132258067,0,32,0,0,84
55.733333333333334,-50.27768636508845,-1.457243539608081,3.1337665839327835,0.0,0.0,0.0,-1.0,0.0,0.0,NO_REGULAR_FIELD,0.3859160132258067,0,32,0,0,84
55.75,-50.27768636508845,-1.457243539608081,3.1337665839327835,0.0,0.0,0.0,-1.0,0.0,0.0,NO_REGULAR_FIELD,0.3859160132258067,0,32,0,0,84
55.766666666666666,-50.27768636508845,-1.457243539608081,3.1337665839327835,0.0,0.0,0.0,-1.0,0.0,0.0,NO_REGULAR_FIELD,0.3859160132258067,0,32,0,0,84
55.78333333333333,-50.27768636508845,-1.457243539608081,3.1337665839327835,0.0,0.0,0.0,-1.0,0.0,0.0,NO_REGULAR_FIELD,0.3859160132258067,0,32,0,0,84
55.8,-50.27768636508845,-1.457243539608081,3.1337665839327835,0.0,0.0,0.0,-1.0,0.0,0.0,NO_REGULAR_FIELD,0.3859160132258067,0,32,0,0,84
55.81666666666667,-50.27768636508845,-1.457243539608081,3.1337665839327835,0.0,0.0,0.0,-1.0,0.0,0.0,NO_REGULAR_FIELD,0.3859160132258067,0,32,0,0,84
55.833333333333336,-50.27768636508845,-1.457243539608081,3.1337665839327835,0.0,0.0,0.0,-1.0,0.0,0.0,NO_REGULAR_FIELD,0.3859160132258067,0,32,0,0,84
55.85,-50.27768636508845,-1.457243539608081,3.1337665839327835,0.0,0.0,0.0,-1.0,0.0,0.0,NO_REGULAR_FIELD,0.3859160132258067,0,32,0,0,84
55.86666666666667,-50.27768636508845,-1.457243539608081,3.1337665839327835,0.0,0.0,0.0,-1.0,0.0,0.0,NO_REGULAR_FIELD,0.3859160132258067,0,32,0,0,84
55.88333333333333,-50.27768636508845,-1.457243539608081,3.1337665839327835,0.0,0.0,0.0,-1.0,0.0,0.0,NO_REGULAR_FIELD,0.3859160132258067,0,32,0,0,84
55.9,-50.27768636508845,-1.457243539608081,3.1337665839327835,0.0,0.0,0.0,-1.0,0.0,0.0,NO_REGULAR_FIELD,0.3859160132258067,0,32,0,0,84
55.916666666666664,-50.27768636508845,-1.457243539608081,3.1337665839327835,0.0,0.0,0.0,-1.0,0.0,0.0,NO_REGULAR_FIELD,0.3859160132258067,0,32,0,0,84
55.93333333333333,-50.27768636508845,-1.457243539608081,3.1337665839327835,0.0,0.0,0.0,-1.0,0.0,0.0,NO_REGULAR_FIELD,0.3859160132258067,0,32,0,0,84
55.95,-50.27768636508845,-1.457243539608081,3.1337665839327835,0.0,0.0,0.0,-1.0,0.0,0.0,NO_REGULAR_FIELD,0.3859160132258067,0,32,0,0,84
55.96666666666667,-50.27768636508845,-1.457243539608081,3.1337665839327835,0.0,0.0,0.0,-1.0,0.0,0.0,NO_REGULAR_FIELD,0.3859160132258067,0,32,0,0,84
55.983333333333334,-50.27768636508845,-1.457243539608081,3.1337665839327835,0.0,0.0,0.0,-1.0,0.0,0.0,NO_REGULAR_FIELD,0.3859160132258067,0,32,0,0,84
56.0,-50.27768636508845,-1.457243539608081,3.1337665839327835,0.0,0.0,0.0,-1.0,0.0,0.0,NO_REGULAR_FIELD,0.3859160132258067,0,32,0,0,84
56.016666666666666,-50.27768636508845,-1.457243539608081,3.1337665839327835,0.0,0.0,0.0,-1.0,0.0,0.0,NO_REGULAR_FIELD,0.3859160132258067,0,32,0,0,84
56.03333333333333,-50.27768636508845,-1.457243539608081,3.1337665839327835,0.0,0.0,0.0,-1.0,0.0,0.0,NO_REGULAR_FIELD,0.3859160132258067,0,32,0,0,84
56.05,-50.27768636508845,-1.457243539608081,3.1337665839327835,0.0,0.0,0.0,-1.0,0.0,0.0,NO_REGULAR_FIELD,0.3859160132258067,0,32,0,0,84
56.06666666666667,-50.27768636508845,-1.457243539608081,3.1337665839327835,0.0,0.0,0.0,-1.0,0.0,0.0,NO_REGULAR_FIELD,0.3859160132258067,0,32,0,0,84
56.083333333333336,-50.27768636508845,-1.457243539608081,3.1337665839327835,0.0,0.0,0.0,-1.0,0.0,0.0,NO_REGULAR_FIELD,0.3859160132258067,0,32,0,0,84
56.1,-50.27768636508845,-1.457243539608081,3.1337665839327835,0.0,0.0,0.0,-1.0,0.0,0.0,NO_REGULAR_FIELD,0.3859160132258067,0,32,0,0,84
56.11666666666667,-50.27768636508845,-1.457243539608081,3.1337665839327835,0.0,0.0,0.0,-1.0,0.0,0.0,NO_REGULAR_FIELD,0.3859160132258067,0,32,0,0,84
56.13333333333333,-50.27768636508845,-1.457243539608081,3.1337665839327835,0.0,0.0,0.0,-1.0,0.0,0.0,NO_REGULAR_FIELD,0.3859160132258067,0,32,0,0,84
56.15,-50.27768636508845,-1.457243539608081,3.1337665839327835,0.0,0.0,0.0,-1.0,0.0,0.0,NO_REGULAR_FIELD,0.3859160132258067,0,32,0,0,84
56.166666666666664,-50.27768636508845,-1.457243539608081,3.1337665839327835,0.0,0.0,0.0,-1.0,0.0,0.0,NO_REGULAR_FIELD,0.3859160132258067,0,32,0,0,84
56.18333333333333,-50.27768636508845,-1.457243539608081,3.1337665839327835,0.0,0.0,0.0,-1.0,0.0,0.0,NO_REGULAR_FIELD,0.3859160132258067,0,32,0,0,84
56.2,-50.27768636508845,-1.457243539608081,3.1337665839327835,0.0,0.0,0.0,-1.0,0.0,0.0,NO_REGULAR_FIELD,0.3859160132258067,0,32,0,0,84
56.21666666666667,-50.27768636508845,-1.457243539608081,3.1337665839327835,0.0,0.0,0.0,-1.0,0.0,0.0,NO_REGULAR_FIELD,0.3859160132258067,0,32,0,0,84
56.233333333333334,-50.27768636508845,-1.457243539608081,3.1337665839327835,0.0,0.0,0.0,-1.0,0.0,0.0,NO_REGULAR_FIELD,0.3859160132258067,0,32,0,0,84
56.25,-50.27768636508845,-1.457243539608081,3.1337665839327835,0.0,0.0,0.0,-1.0,0.0,0.0,NO_REGULAR_FIELD,0.3859160132258067,0,32,0,0,84
56.266666666666666,-50.27768636508845,-1.457243539608081,3.1337665839327835,0.0,0.0,0.0,-1.0,0.0,0.0,NO_REGULAR_FIELD,0.3859160132258067,0,32,0,0,84
56.28333333333333,-50.27768636508845,-1.457243539608081,3.1337665839327835,0.0,0.0,0.0,-1.0,0.0,0.0,NO_REGULAR_FIELD,0.3859160132258067,0,32,0,0,84
56.3,-50.27768636508845,-1.457243539608081,3.1337665839327835,0.0,0.0,0.0,-1.0,0.0,0.0,NO_REGULAR_FIELD,0.3859160132258067,0,32,0,0,84
56.31666666666667,-50.27768636508845,-1.457243539608081,3.1337665839327835,0.0,0.0,0.0,-1.0,0.0,0.0,NO_REGULAR_FIELD,0.3859160132258067,0,32,0,0,84
56.333333333333336,-50.27768636508845,-1.457243539608081,3.1337665839327835,0.0,0.0,0.0,-1.0,0.0,0.0,NO_REGULAR_FIELD,0.3859160132258067,0,32,0,0,84
56.35,-50.27768636508845,-1.457243539608081,3.1337665839327835,0.0,0.0,0.0,-1.0,0.0,0.0,NO_REGULAR_FIELD,0.3859160132258067,0,32,0,0,84
56.36666666666667,-50.27768636508845,-1.457243539608081,3.1337665839327835,0.0,0.0,0.0,-1.0,0.0,0.0,NO_REGULAR_FIELD,0.3859160132258067,0,32,0,0,84
56.38333333333333,-50.27768636508845,-1.457243539608081,3.1337665839327835,0.0,0.0,0.0,-1.0,0.0,0.0,NO_REGULAR_FIELD,0.3859160132258067,0,32,0,0,84
56.4,-50.27768636508845,-1.457243539608081,3.1337665839327835,0.0,0.0,0.0,-1.0,0.0,0.0,NO_REGULAR_FIELD,0.3859160132258067,0,32,0,0,84
56.416666666666664,-50.27768636508845,-1.457243539608081,3.1337665839327835,0.0,0.0,0.0,-1.0,0.0,0.0,NO_REGULAR_FIELD,0.3859160132258067,0,32,0,0,84
56.43333333333333,-50.27768636508845,-1.457243539608081,3.1337665839327835,0.0,0.0,0.0,-1.0,0.0,0.0,NO_REGULAR_FIELD,0.3859160132258067,0,32,0,0,84
56.45,-50.27768636508845,-1.457243539608081,3.1337665839327835,0.0,0.0,0.0,-1.0,0.0,0.0,NO_REGULAR_FIELD,0.3859160132258067,0,32,0,0,84
56.46666666666667,-50.27768636508845,-1.457243539608081,3.1337665839327835,0.0,0.0,0.0,-1.0,0.0,0.0,NO_REGULAR_FIELD,0.3859160132258067,0,32,0,0,84
56.483333333333334,-50.27768636508845,-1.457243539608081,3.1337665839327835,0.0,0.0,0.0,-1.0,0.0,0.0,NO_REGULAR_FIELD,0.3859160132258067,0,32,0,0,84
56.5,-50.27768636508845,-1.457243539608081,3.1337665839327835,0.0,0.0,0.0,-1.0,0.0,0.0,NO_REGULAR_FIELD,0.3859160132258067,0,32,0,0,84
56.516666666666666,-50.27768636508845,-1.457243539608081,3.1337665839327835,0.0,0.0,0.0,-1.0,0.0,0.0,NO_REGULAR_FIELD,0.3859160132258067,0,32,0,0,84
56.53333333333333,-50.27768636508845,-1.457243539608081,3.1337665839327835,0.0,0.0,0.0,-1.0,0.0,0.0,NO_REGULAR_FIELD,0.3859160132258067,0,32,0,0,84
56.55,-50.27768636508845,-1.457243539608081,3.1337665839327835,0.0,0.0,0.0,-1.0,0.0,0.0,NO_REGULAR_FIELD,0.3859160132258067,0,32,0,0,84
56.56666666666667,-50.27768636508845,-1.457243539608081,3.1337665839327835,0.0,0.0,0.0,-1.0,0.0,0.0,NO_REGULAR_FIELD,0.3859160132258067,0,32,0,0,84
56.583333333333336,-50.27768636508845,-1.457243539608081,3.1337665839327835,0.0,0.0,0.0,-1.0,0.0,0.0,NO_REGULAR_FIELD,0.3859160132258067,0,32,0,0,84
56.6,-50.27768636508845,-1.457243539608081,3.1337665839327835,0.0,0.0,0.0,-1.0,0.0,0.0,NO_REGULAR_FIELD,0.3859160132258067,0,32,0,0,84
56.61666666666667,-50.27768636508845,-1.457243539608081,3.1337665839327835,0.0,0.0,0.0,-1.0,0.0,0.0,NO_REGULAR_FIELD,0.3859160132258067,0,32,0,0,84
56.63333333333333,-50.27768636508845,-1.457243539608081,3.1337665839327835,0.0,0.0,0.0,-1.0,0.0,0.0,NO_REGULAR_FIELD,0.3859160132258067,0,32,0,0,84
56.65,-50.27768636508845,-1.457243539608081,3.1337665839327835,0.0,0.0,0.0,-1.0,0.0,0.0,NO_REGULAR_FIELD,0.3859160132258067,0,32,0,0,84
56.666666666666664,-50.27768636508845,-1.457243539608081,3.1337665839327835,0.0,0.0,0.0,-1.0,0.0,0.0,NO_REGULAR_FIELD,0.3859160132258067,0,32,0,0,84
56.68333333333333,-50.27768636508845,-1.457243539608081,3.1337665839327835,0.0,0.0,0.0,-1.0,0.0,0.0,NO_REGULAR_FIELD,0.3859160132258067,0,32,0,0,84
56.7,-50.27768636508845,-1.457243539608081,3.1337665839327835,0.0,0.0,0.0,-1.0,0.0,0.0,NO_REGULAR_FIELD,0.3859160132258067,0,32,0,0,84
56.71666666666667,-50.27768636508845,-1.457243539608081,3.1337665839327835,0.0,0.0,0.0,-1.0,0.0,0.0,NO_REGULAR_FIELD,0.3859160132258067,0,32,0,0,84
56.733333333333334,-50.27768636508845,-1.457243539608081,3.1337665839327835,0.0,0.0,0.0,-1.0,0.0,0.0,NO_REGULAR_FIELD,0.3859160132258067,0,32,0,0,84
56.75,-50.27768636508845,-1.457243539608081,3.1337665839327835,0.0,0.0,0.0,-1.0,0.0,0.0,NO_REGULAR_FIELD,0.3859160132258067,0,32,0,0,84
56.766666666666666,-50.27768636508845,-1.457243539608081,3.1337665839327835,0.0,0.0,0.0,-1.0,0.0,0.0,NO_REGULAR_FIELD,0.3859160132258067,0,32,0,0,84
56.78333333333333,-50.27768636508845,-1.457243539608081,3.1337665839327835,0.0,0.0,0.0,-1.0,0.0,0.0,NO_REGULAR_FIELD,0.3859160132258067,0,32,0,0,84
56.8,-50.27768636508845,-1.457243539608081,3.1337665839327835,0.0,0.0,0.0,-1.0,0.0,0.0,NO_REGULAR_FIELD,0.3859160132258067,0,32,0,0,84
56.81666666666667,-50.27768636508845,-1.457243539608081,3.1337665839327835,0.0,0.0,0.0,-1.0,0.0,0.0,NO_REGULAR_FIELD,0.3859160132258067,0,32,0,0,84
56.833333333333336,-50.27768636508845,-1.457243539608081,3.1337665839327835,0.0,0.0,0.0,-1.0,0.0,0.0,NO_REGULAR_FIELD,0.3859160132258067,0,32,0,0,84
56.85,-50.27768636508845,-1.457243539608081,3.1337665839327835,0.0,0.0,0.0,-1.0,0.0,0.0,NO_REGULAR_FIELD,0.3859160132258067,0,32,0,0,84
56.86666666666667,-50.27768636508845,-1.457243539608081,3.1337665839327835,0.0,0.0,0.0,-1.0,0.0,0.0,NO_REGULAR_FIELD,0.3859160132258067,0,32,0,0,84
56.88333333333333,-50.27768636508845,-1.457243539608081,3.1337665839327835,0.0,0.0,0.0,-1.0,0.0,0.0,NO_REGULAR_FIELD,0.3859160132258067,0,32,0,0,84
56.9,-50.27768636508845,-1.457243539608081,3.1337665839327835,0.0,0.0,0.0,-1.0,0.0,0.0,NO_REGULAR_FIELD,0.3859160132258067,0,32,0,0,84
56.916666666666664,-50.27768636508845,-1.457243539608081,3.1337665839327835,0.0,0.0,0.0,-1.0,0.0,0.0,NO_REGULAR_FIELD,0.3859160132258067,0,32,0,0,84
56.93333333333333,-50.27768636508845,-1.457243539608081,3.1337665839327835,0.0,0.0,0.0,-1.0,0.0,0.0,NO_REGULAR_FIELD,0.3859160132258067,0,32,0,0,84
56.95,-50.27768636508845,-1.457243539608081,3.1337665839327835,0.0,0.0,0.0,-1.0,0.0,0.0,NO_REGULAR_FIELD,0.3859160132258067,0,32,0,0,84
56.96666666666667,-50.27768636508845,-1.457243539608081,3.1337665839327835,0.0,0.0,0.0,-1.0,0.0,0.0,NO_REGULAR_FIELD,0.3859160132258067,0,32,0,0,84
56.983333333333334,-50.27768636508845,-1.457243539608081,3.1337665839327835,0.0,0.0,0.0,-1.0,0.0,0.0,NO_REGULAR_FIELD,0.3859160132258067,0,32,0,0,84
57.0,-50.27768636508845,-1.457243539608081,3.1337665839327835,0.0,0.0,0.0,-1.0,0.0,0.0,NO_REGULAR_FIELD,0.3859160132258067,0,32,0,0,84
57.016666666666666,-50.27768636508845,-1.457243539608081,3.1337665839327835,0.0,0.0,0.0,-1.0,0.0,0.0,NO_REGULAR_FIELD,0.3859160132258067,0,32,0,0,84
57.03333333333333,-50.27768636508845,-1.457243539608081,3.1337665839327835,0.0,0.0,0.0,-1.0,0.0,0.0,NO_REGULAR_FIELD,0.3859160132258067,0,32,0,0,84
57.05,-50.27768636508845,-1.457243539608081,3.1337665839327835,0.0,0.0,0.0,-1.0,0.0,0.0,NO_REGULAR_FIELD,0.3859160132258067,0,32,0,0,84
57.06666666666667,-50.27768636508845,-1.457243539608081,3.1337665839327835,0.0,0.0,0.0,-1.0,0.0,0.0,NO_REGULAR_FIELD,0.3859160132258067,0,32,0,0,84
57.083333333333336,-50.27768636508845,-1.457243539608081,3.1337665839327835,0.0,0.0,0.0,-1.0,0.0,0.0,NO_REGULAR_FIELD,0.3859160132258067,0,32,0,0,84
57.1,-50.27768636508845,-1.457243539608081,3.1337665839327835,0.0,0.0,0.0,-1.0,0.0,0.0,NO_REGULAR_FIELD,0.3859160132258067,0,32,0,0,84
57.11666666666667,-50.27768636508845,-1.457243539608081,3.1337665839327835,0.0,0.0,0.0,-1.0,0.0,0.0,NO_REGULAR_FIELD,0.3859160132258067,0,32,0,0,84
57.13333333333333,-50.27768636508845,-1.457243539608081,3.1337665839327835,0.0,0.0,0.0,-1.0,0.0,0.0,NO_REGULAR_FIELD,0.3859160132258067,0,32,0,0,84
57.15,-50.27768636508845,-1.457243539608081,3.1337665839327835,0.0,0.0,0.0,-1.0,0.0,0.0,NO_REGULAR_FIELD,0.3859160132258067,0,32,0,0,84
57.166666666666664,-50.27768636508845,-1.457243539608081,3.1337665839327835,0.0,0.0,0.0,-1.0,0.0,0.0,NO_REGULAR_FIELD,0.3859160132258067,0,32,0,0,84
57.18333333333333,-50.27768636508845,-1.457243539608081,3.1337665839327835,0.0,0.0,0.0,-1.0,0.0,0.0,NO_REGULAR_FIELD,0.3859160132258067,0,32,0,0,84
57.2,-50.27768636508845,-1.457243539608081,3.1337665839327835,0.0,0.0,0.0,-1.0,0.0,0.0,NO_REGULAR_FIELD,0.3859160132258067,0,32,0,0,84
57.21666666666667,-50.27768636508845,-1.457243539608081,3.1337665839327835,0.0,0.0,0.0,-1.0,0.0,0.0,NO_REGULAR_FIELD,0.3859160132258067,0,32,0,0,84
57.233333333333334,-50.27768636508845,-1.457243539608081,3.1337665839327835,0.0,0.0,0.0,-1.0,0.0,0.0,NO_REGULAR_FIELD,0.3859160132258067,0,32,0,0,84
57.25,-50.27768636508845,-1.457243539608081,3.1337665839327835,0.0,0.0,0.0,-1.0,0.0,0.0,NO_REGULAR_FIELD,0.3859160132258067,0,32,0,0,84
57.266666666666666,-50.27768636508845,-1.457243539608081,3.1337665839327835,0.0,0.0,0.0,-1.0,0.0,0.0,NO_REGULAR_FIELD,0.3859160132258067,0,32,0,0,84
57.28333333333333,-50.27768636508845,-1.457243539608081,3.1337665839327835,0.0,0.0,0.0,-1.0,0.0,0.0,NO_REGULAR_FIELD,0.3859160132258067,0,32,0,0,84
57.3,-50.27768636508845,-1.457243539608081,3.1337665839327835,0.0,0.0,0.0,-1.0,0.0,0.0,NO_REGULAR_FIELD,0.3859160132258067,0,32,0,0,84
57.31666666666667,-50.27768636508845,-1.457243539608081,3.1337665839327835,0.0,0.0,0.0,-1.0,0.0,0.0,NO_REGULAR_FIELD,0.3859160132258067,0,32,0,0,84
57.333333333333336,-50.27768636508845,-1.457243539608081,3.1337665839327835,0.0,0.0,0.0,-1.0,0.0,0.0,NO_REGULAR_FIELD,0.3859160132258067,0,32,0,0,84
57.35,-50.27768636508845,-1.457243539608081,3.1337665839327835,0.0,0.0,0.0,-1.0,0.0,0.0,NO_REGULAR_FIELD,0.3859160132258067,0,32,0,0,84
57.36666666666667,-50.27768636508845,-1.457243539608081,3.1337665839327835,0.0,0.0,0.0,-1.0,0.0,0.0,NO_REGULAR_FIELD,0.3859160132258067,0,32,0,0,84
57.38333333333333,-50.27768636508845,-1.457243539608081,3.1337665839327835,0.0,0.0,0.0,-1.0,0.0,0.0,NO_REGULAR_FIELD,0.3859160132258067,0,32,0,0,84
57.4,-50.27768636508845,-1.457243539608081,3.1337665839327835,0.0,0.0,0.0,-1.0,0.0,0.0,NO_REGULAR_FIELD,0.3859160132258067,0,32,0,0,84
57.416666666666664,-50.27768636508845,-1.457243539608081,3.1337665839327835,0.0,0.0,0.0,-1.0,0.0,0.0,NO_REGULAR_FIELD,0.3859160132258067,0,32,0,0,84
57.43333333333333,-50.27768636508845,-1.457243539608081,3.1337665839327835,0.0,0.0,0.0,-1.0,0.0,0.0,NO_REGULAR_FIELD,0.3859160132258067,0,32,0,0,84
57.45,-50.27768636508845,-1.457243539608081,3.1337665839327835,0.0,0.0,0.0,-1.0,0.0,0.0,NO_REGULAR_FIELD,0.3859160132258067,0,32,0,0,84
57.46666666666667,-50.27768636508845,-1.457243539608081,3.1337665839327835,0.0,0.0,0.0,-1.0,0.0,0.0,NO_REGULAR_FIELD,0.3859160132258067,0,32,0,0,84
57.483333333333334,-50.27768636508845,-1.457243539608081,3.1337665839327835,0.0,0.0,0.0,-1.0,0.0,0.0,NO_REGULAR_FIELD,0.3859160132258067,0,32,0,0,84
57.5,-50.27768636508845,-1.457243539608081,3.1337665839327835,0.0,0.0,0.0,-1.0,0.0,0.0,NO_REGULAR_FIELD,0.3859160132258067,0,32,0,0,84
57.516666666666666,-50.27768636508845,-1.457243539608081,3.1337665839327835,0.0,0.0,0.0,-1.0,0.0,0.0,NO_REGULAR_FIELD,0.3859160132258067,0,32,0,0,84
57.53333333333333,-50.27768636508845,-1.457243539608081,3.1337665839327835,0.0,0.0,0.0,-1.0,0.0,0.0,NO_REGULAR_FIELD,0.3859160132258067,0,32,0,0,84
57.55,-50.27768636508845,-1.457243539608081,3.1337665839327835,0.0,0.0,0.0,-1.0,0.0,0.0,NO_REGULAR_FIELD,0.3859160132258067,0,32,0,0,84
57.56666666666667,-50.27768636508845,-1.457243539608081,3.1337665839327835,0.0,0.0,0.0,-1.0,0.0,0.0,NO_REGULAR_FIELD,0.3859160132258067,0,32,0,0,84
57.583333333333336,-50.27768636508845,-1.457243539608081,3.1337665839327835,0.0,0.0,0.0,-1.0,0.0,0.0,NO_REGULAR_FIELD,0.3859160132258067,0,32,0,0,84
57.6,-50.27768636508845,-1.457243539608081,3.1337665839327835,0.0,0.0,0.0,-1.0,0.0,0.0,NO_REGULAR_FIELD,0.3859160132258067,0,32,0,0,84
57.61666666666667,-50.27768636508845,-1.457243539608081,3.1337665839327835,0.0,0.0,0.0,-1.0,0.0,0.0,NO_REGULAR_FIELD,0.3859160132258067,0,32,0,0,84
57.63333333333333,-50.27768636508845,-1.457243539608081,3.1337665839327835,0.0,0.0,0.0,-1.0,0.0,0.0,NO_REGULAR_FIELD,0.3859160132258067,0,32,0,0,84
57.65,-50.27768636508845,-1.457243539608081,3.1337665839327835,0.0,0.0,0.0,-1.0,0.0,0.0,NO_REGULAR_FIELD,0.3859160132258067,0,32,0,0,84
57.666666666666664,-50.27768636508845,-1.457243539608081,3.1337665839327835,0.0,0.0,0.0,-1.0,0.0,0.0,NO_REGULAR_FIELD,0.3859160132258067,0,32,0,0,84
57.68333333333333,-50.27768636508845,-1.457243539608081,3.1337665839327835,0.0,0.0,0.0,-1.0,0.0,0.0,NO_REGULAR_FIELD,0.3859160132258067,0,32,0,0,84
57.7,-50.27768636508845,-1.457243539608081,3.1337665839327835,0.0,0.0,0.0,-1.0,0.0,0.0,NO_REGULAR_FIELD,0.3859160132258067,0,32,0,0,84
57.71666666666667,-50.27768636508845,-1.457243539608081,3.1337665839327835,0.0,0.0,0.0,-1.0,0.0,0.0,NO_REGULAR_FIELD,0.3859160132258067,0,32,0,0,84
57.733333333333334,-50.27768636508845,-1.457243539608081,3.1337665839327835,0.0,0.0,0.0,-1.0,0.0,0.0,NO_REGULAR_FIELD,0.3859160132258067,0,32,0,0,84
57.75,-50.27768636508845,-1.457243539608081,3.1337665839327835,0.0,0.0,0.0,-1.0,0.0,0.0,NO_REGULAR_FIELD,0.3859160132258067,0,32,0,0,84
57.766666666666666,-50.27768636508845,-1.457243539608081,3.1337665839327835,0.0,0.0,0.0,-1.0,0.0,0.0,NO_REGULAR_FIELD,0.3859160132258067,0,32,0,0,84
57.78333333333333,-50.27768636508845,-1.457243539608081,3.1337665839327835,0.0,0.0,0.0,-1.0,0.0,0.0,NO_REGULAR_FIELD,0.3859160132258067,0,32,0,0,84
57.8,-50.27768636508845,-1.457243539608081,3.1337665839327835,0.0,0.0,0.0,-1.0,0.0,0.0,NO_REGULAR_FIELD,0.3859160132258067,0,32,0,0,84
57.81666666666667,-50.27768636508845,-1.457243539608081,3.1337665839327835,0.0,0.0,0.0,-1.0,0.0,0.0,NO_REGULAR_FIELD,0.3859160132258067,0,32,0,0,84
57.833333333333336,-50.27768636508845,-1.457243539608081,3.1337665839327835,0.0,0.0,0.0,-1.0,0.0,0.0,NO_REGULAR_FIELD,0.3859160132258067,0,32,0,0,84
57.85,-50.27768636508845,-1.457243539608081,3.1337665839327835,0.0,0.0,0.0,-1.0,0.0,0.0,NO_REGULAR_FIELD,0.3859160132258067,0,32,0,0,84
57.86666666666667,-50.27768636508845,-1.457243539608081,3.1337665839327835,0.0,0.0,0.0,-1.0,0.0,0.0,NO_REGULAR_FIELD,0.3859160132258067,0,32,0,0,84
57.88333333333333,-50.27768636508845,-1.457243539608081,3.1337665839327835,0.0,0.0,0.0,-1.0,0.0,0.0,NO_REGULAR_FIELD,0.3859160132258067,0,32,0,0,84
57.9,-50.27768636508845,-1.457243539608081,3.1337665839327835,0.0,0.0,0.0,-1.0,0.0,0.0,NO_REGULAR_FIELD,0.3859160132258067,0,32,0,0,84
57.916666666666664,-50.27768636508845,-1.457243539608081,3.1337665839327835,0.0,0.0,0.0,-1.0,0.0,0.0,NO_REGULAR_FIELD,0.3859160132258067,0,32,0,0,84
57.93333333333333,-50.27768636508845,-1.457243539608081,3.1337665839327835,0.0,0.0,0.0,-1.0,0.0,0.0,NO_REGULAR_FIELD,0.3859160132258067,0,32,0,0,84
57.95,-50.27768636508845,-1.457243539608081,3.1337665839327835,0.0,0.0,0.0,-1.0,0.0,0.0,NO_REGULAR_FIELD,0.3859160132258067,0,32,0,0,84
57.96666666666667,-50.27768636508845,-1.457243539608081,3.1337665839327835,0.0,0.0,0.0,-1.0,0.0,0.0,NO_REGULAR_FIELD,0.3859160132258067,0,32,0,0,84
57.983333333333334,-50.27768636508845,-1.457243539608081,3.1337665839327835,0.0,0.0,0.0,-1.0,0.0,0.0,NO_REGULAR_FIELD,0.3859160132258067,0,32,0,0,84
58.0,-50.27768636508845,-1.457243539608081,3.1337665839327835,0.0,0.0,0.0,-1.0,0.0,0.0,NO_REGULAR_FIELD,0.3859160132258067,0,32,0,0,84
58.016666666666666,-50.27768636508845,-1.457243539608081,3.1337665839327835,0.0,0.0,0.0,-1.0,0.0,0.0,NO_REGULAR_FIELD,0.3859160132258067,0,32,0,0,84
58.03333333333333,-50.27768636508845,-1.457243539608081,3.1337665839327835,0.0,0.0,0.0,-1.0,0.0,0.0,NO_REGULAR_FIELD,0.3859160132258067,0,32,0,0,84
58.05,-50.27768636508845,-1.457243539608081,3.1337665839327835,0.0,0.0,0.0,-1.0,0.0,0.0,NO_REGULAR_FIELD,0.3859160132258067,0,32,0,0,84
58.06666666666667,-50.27768636508845,-1.457243539608081,3.1337665839327835,0.0,0.0,0.0,-1.0,0.0,0.0,NO_REGULAR_FIELD,0.3859160132258067,0,32,0,0,84
58.083333333333336,-50.27768636508845,-1.457243539608081,3.1337665839327835,0.0,0.0,0.0,-1.0,0.0,0.0,NO_REGULAR_FIELD,0.3859160132258067,0,32,0,0,84
58.1,-50.27768636508845,-1.457243539608081,3.1337665839327835,0.0,0.0,0.0,-1.0,0.0,0.0,NO_REGULAR_FIELD,0.3859160132258067,0,32,0,0,84
58.11666666666667,-50.27768636508845,-1.457243539608081,3.1337665839327835,0.0,0.0,0.0,-1.0,0.0,0.0,NO_REGULAR_FIELD,0.3859160132258067,0,32,0,0,84
58.13333333333333,-50.27768636508845,-1.457243539608081,3.1337665839327835,0.0,0.0,0.0,-1.0,0.0,0.0,NO_REGULAR_FIELD,0.3859160132258067,0,32,0,0,84
58.15,-50.27768636508845,-1.457243539608081,3.1337665839327835,0.0,0.0,0.0,-1.0,0.0,0.0,NO_REGULAR_FIELD,0.3859160132258067,0,32,0,0,84
58.166666666666664,-50.27768636508845,-1.457243539608081,3.1337665839327835,0.0,0.0,0.0,-1.0,0.0,0.0,NO_REGULAR_FIELD,0.3859160132258067,0,32,0,0,84
58.18333333333333,-50.27768636508845,-1.457243539608081,3.1337665839327835,0.0,0.0,0.0,-1.0,0.0,0.0,NO_REGULAR_FIELD,0.3859160132258067,0,32,0,0,84
58.2,-50.27768636508845,-1.457243539608081,3.1337665839327835,0.0,0.0,0.0,-1.0,0.0,0.0,NO_REGULAR_FIELD,0.3859160132258067,0,32,0,0,84
58.21666666666667,-50.27768636508845,-1.457243539608081,3.1337665839327835,0.0,0.0,0.0,-1.0,0.0,0.0,NO_REGULAR_FIELD,0.3859160132258067,0,32,0,0,84
58.233333333333334,-50.27768636508845,-1.457243539608081,3.1337665839327835,0.0,0.0,0.0,-1.0,0.0,0.0,NO_REGULAR_FIELD,0.3859160132258067,0,32,0,0,84
58.25,-50.27768636508845,-1.457243539608081,3.1337665839327835,0.0,0.0,0.0,-1.0,0.0,0.0,NO_REGULAR_FIELD,0.3859160132258067,0,32,0,0,84
58.266666666666666,-50.27768636508845,-1.457243539608081,3.1337665839327835,0.0,0.0,0.0,-1.0,0.0,0.0,NO_REGULAR_FIELD,0.3859160132258067,0,32,0,0,84
58.28333333333333,-50.27768636508845,-1.457243539608081,3.1337665839327835,0.0,0.0,0.0,-1.0,0.0,0.0,NO_REGULAR_FIELD,0.3859160132258067,0,32,0,0,84
58.3,-50.27768636508845,-1.457243539608081,3.1337665839327835,0.0,0.0,0.0,-1.0,0.0,0.0,NO_REGULAR_FIELD,0.3859160132258067,0,32,0,0,84
58.31666666666667,-50.27768636508845,-1.457243539608081,3.1337665839327835,0.0,0.0,0.0,-1.0,0.0,0.0,NO_REGULAR_FIELD,0.3859160132258067,0,32,0,0,84
58.333333333333336,-50.27768636508845,-1.457243539608081,3.1337665839327835,0.0,0.0,0.0,-1.0,0.0,0.0,NO_REGULAR_FIELD,0.3859160132258067,0,32,0,0,84
58.35,-50.27768636508845,-1.457243539608081,3.1337665839327835,0.0,0.0,0.0,-1.0,0.0,0.0,NO_REGULAR_FIELD,0.3859160132258067,0,32,0,0,84
58.36666666666667,-50.27768636508845,-1.457243539608081,3.1337665839327835,0.0,0.0,0.0,-1.0,0.0,0.0,NO_REGULAR_FIELD,0.3859160132258067,0,32,0,0,84
58.38333333333333,-50.27768636508845,-1.457243539608081,3.1337665839327835,0.0,0.0,0.0,-1.0,0.0,0.0,NO_REGULAR_FIELD,0.3859160132258067,0,32,0,0,84
58.4,-50.27768636508845,-1.457243539608081,3.1337665839327835,0.0,0.0,0.0,-1.0,0.0,0.0,NO_REGULAR_FIELD,0.3859160132258067,0,32,0,0,84
58.416666666666664,-50.27768636508845,-1.457243539608081,3.1337665839327835,0.0,0.0,0.0,-1.0,0.0,0.0,NO_REGULAR_FIELD,0.3859160132258067,0,32,0,0,84
58.43333333333333,-50.27768636508845,-1.457243539608081,3.1337665839327835,0.0,0.0,0.0,-1.0,0.0,0.0,NO_REGULAR_FIELD,0.3859160132258067,0,32,0,0,84
58.45,-50.27768636508845,-1.457243539608081,3.1337665839327835,0.0,0.0,0.0,-1.0,0.0,0.0,NO_REGULAR_FIELD,0.3859160132258067,0,32,0,0,84
58.46666666666667,-50.27768636508845,-1.457243539608081,3.1337665839327835,0.0,0.0,0.0,-1.0,0.0,0.0,NO_REGULAR_FIELD,0.3859160132258067,0,32,0,0,84
58.483333333333334,-50.27768636508845,-1.457243539608081,3.1337665839327835,0.0,0.0,0.0,-1.0,0.0,0.0,NO_REGULAR_FIELD,0.3859160132258067,0,32,0,0,84
58.5,-50.27768636508845,-1.457243539608081,3.1337665839327835,0.0,0.0,0.0,-1.0,0.0,0.0,NO_REGULAR_FIELD,0.3859160132258067,0,32,0,0,84
58.516666666666666,-50.27768636508845,-1.457243539608081,3.1337665839327835,0.0,0.0,0.0,-1.0,0.0,0.0,NO_REGULAR_FIELD,0.3859160132258067,0,32,0,0,84
58.53333333333333,-50.27768636508845,-1.457243539608081,3.1337665839327835,0.0,0.0,0.0,-1.0,0.0,0.0,NO_REGULAR_FIELD,0.3859160132258067,0,32,0,0,84
58.55,-50.27768636508845,-1.457243539608081,3.1337665839327835,0.0,0.0,0.0,-1.0,0.0,0.0,NO_REGULAR_FIELD,0.3859160132258067,0,32,0,0,84
58.56666666666667,-50.27768636508845,-1.457243539608081,3.1337665839327835,0.0,0.0,0.0,-1.0,0.0,0.0,NO_REGULAR_FIELD,0.3859160132258067,0,32,0,0,84
58.583333333333336,-50.27768636508845,-1.457243539608081,3.1337665839327835,0.0,0.0,0.0,-1.0,0.0,0.0,NO_REGULAR_FIELD,0.3859160132258067,0,32,0,0,84
58.6,-50.27768636508845,-1.457243539608081,3.1337665839327835,0.0,0.0,0.0,-1.0,0.0,0.0,NO_REGULAR_FIELD,0.3859160132258067,0,32,0,0,84
58.61666666666667,-50.27768636508845,-1.457243539608081,3.1337665839327835,0.0,0.0,0.0,-1.0,0.0,0.0,NO_REGULAR_FIELD,0.3859160132258067,0,32,0,0,84
58.63333333333333,-50.27768636508845,-1.457243539608081,3.1337665839327835,0.0,0.0,0.0,-1.0,0.0,0.0,NO_REGULAR_FIELD,0.3859160132258067,0,32,0,0,84
58.65,-50.27768636508845,-1.457243539608081,3.1337665839327835,0.0,0.0,0.0,-1.0,0.0,0.0,NO_REGULAR_FIELD,0.3859160132258067,0,32,0,0,84
58.666666666666664,-50.27768636508845,-1.457243539608081,3.1337665839327835,0.0,0.0,0.0,-1.0,0.0,0.0,NO_REGULAR_FIELD,0.3859160132258067,0,32,0,0,84
58.68333333333333,-50.27768636508845,-1.457243539608081,3.1337665839327835,0.0,0.0,0.0,-1.0,0.0,0.0,NO_REGULAR_FIELD,0.3859160132258067,0,32,0,0,84
58.7,-50.27768636508845,-1.457243539608081,3.1337665839327835,0.0,0.0,0.0,-1.0,0.0,0.0,NO_REGULAR_FIELD,0.3859160132258067,0,32,0,0,84
58.71666666666667,-50.27768636508845,-1.457243539608081,3.1337665839327835,0.0,0.0,0.0,-1.0,0.0,0.0,NO_REGULAR_FIELD,0.3859160132258067,0,32,0,0,84
58.733333333333334,-50.27768636508845,-1.457243539608081,3.1337665839327835,0.0,0.0,0.0,-1.0,0.0,0.0,NO_REGULAR_FIELD,0.3859160132258067,0,32,0,0,84
58.75,-50.27768636508845,-1.457243539608081,3.1337665839327835,0.0,0.0,0.0,-1.0,0.0,0.0,NO_REGULAR_FIELD,0.3859160132258067,0,32,0,0,84
58.766666666666666,-50.27768636508845,-1.457243539608081,3.1337665839327835,0.0,0.0,0.0,-1.0,0.0,0.0,NO_REGULAR_FIELD,0.3859160132258067,0,32,0,0,84
58.78333333333333,-50.27768636508845,-1.457243539608081,3.1337665839327835,0.0,0.0,0.0,-1.0,0.0,0.0,NO_REGULAR_FIELD,0.3859160132258067,0,32,0,0,84
58.8,-50.27768636508845,-1.457243539608081,3.1337665839327835,0.0,0.0,0.0,-1.0,0.0,0.0,NO_REGULAR_FIELD,0.3859160132258067,0,32,0,0,84
58.81666666666667,-50.27768636508845,-1.457243539608081,3.1337665839327835,0.0,0.0,0.0,-1.0,0.0,0.0,NO_REGULAR_FIELD,0.3859160132258067,0,32,0,0,84
58.833333333333336,-50.27768636508845,-1.457243539608081,3.1337665839327835,0.0,0.0,0.0,-1.0,0.0,0.0,NO_REGULAR_FIELD,0.3859160132258067,0,32,0,0,84
58.85,-50.27768636508845,-1.457243539608081,3.1337665839327835,0.0,0.0,0.0,-1.0,0.0,0.0,NO_REGULAR_FIELD,0.3859160132258067,0,32,0,0,84
58.86666666666667,-50.27768636508845,-1.457243539608081,3.1337665839327835,0.0,0.0,0.0,-1.0,0.0,0.0,NO_REGULAR_FIELD,0.3859160132258067,0,32,0,0,84
58.88333333333333,-50.27768636508845,-1.457243539608081,3.1337665839327835,0.0,0.0,0.0,-1.0,0.0,0.0,NO_REGULAR_FIELD,0.3859160132258067,0,32,0,0,84
58.9,-50.27768636508845,-1.457243539608081,3.1337665839327835,0.0,0.0,0.0,-1.0,0.0,0.0,NO_REGULAR_FIELD,0.3859160132258067,0,32,0,0,84
58.916666666666664,-50.27768636508845,-1.457243539608081,3.1337665839327835,0.0,0.0,0.0,-1.0,0.0,0.0,NO_REGULAR_FIELD,0.3859160132258067,0,32,0,0,84
58.93333333333333,-50.27768636508845,-1.457243539608081,3.1337665839327835,0.0,0.0,0.0,-1.0,0.0,0.0,NO_REGULAR_FIELD,0.3859160132258067,0,32,0,0,84
58.95,-50.27768636508845,-1.457243539608081,3.1337665839327835,0.0,0.0,0.0,-1.0,0.0,0.0,NO_REGULAR_FIELD,0.3859160132258067,0,32,0,0,84
58.96666666666667,-50.27768636508845,-1.457243539608081,3.1337665839327835,0.0,0.0,0.0,-1.0,0.0,0.0,NO_REGULAR_FIELD,0.3859160132258067,0,32,0,0,84
58.983333333333334,-50.27768636508845,-1.457243539608081,3.1337665839327835,0.0,0.0,0.0,-1.0,0.0,0.0,NO_REGULAR_FIELD,0.3859160132258067,0,32,0,0,84
59.0,-50.27768636508845,-1.457243539608081,3.1337665839327835,0.0,0.0,0.0,0.0,0.0,0.0,NO_REGULAR_FIELD,0.3859160132258067,0,32,0,0,84
59.016666666666666,-50.27768636508845,-1.457243539608081,3.1337665839327835,0.0,0.0,0.0,0.0,0.0,0.0,NO_REGULAR_FIELD,0.3859160132258067,0,32,0,0,84
59.03333333333333,-50.27768636508845,-1.457243539608081,3.1337665839327835,0.0,0.0,0.0,0.0,0.0,0.0,NO_REGULAR_FIELD,0.3859160132258067,0,32,0,0,84
59.05,-50.27768636508845,-1.457243539608081,3.1337665839327835,0.0,0.0,0.0,0.0,0.0,0.0,NO_REGULAR_FIELD,0.3859160132258067,0,32,0,0,84
59.06666666666667,-50.27768636508845,-1.457243539608081,3.1337665839327835,0.0,0.0,0.0,0.0,0.0,0.0,ZERO_INTENT,0.3859160132258067,0,32,0,0,84
59.083333333333336,-50.27768636508845,-1.457243539608081,3.1337665839327835,0.0,0.0,0.0,0.0,0.0,0.0,ZERO_INTENT,0.3859160132258067,0,32,0,0,84
59.1,-50.27768636508845,-1.457243539608081,3.1337665839327835,0.0,0.0,0.0,0.0,0.0,0.0,ZERO_INTENT,0.3859160132258067,0,32,0,0,84
59.11666666666667,-50.27768636508845,-1.457243539608081,3.1337665839327835,0.0,0.0,0.0,0.0,0.0,0.0,ZERO_INTENT,0.3859160132258067,0,32,0,0,84
59.13333333333333,-50.27768636508845,-1.457243539608081,3.1337665839327835,0.0,0.0,0.0,0.0,0.0,0.0,ZERO_INTENT,0.3859160132258067,0,32,0,0,84
59.15,-50.27768636508845,-1.457243539608081,3.1337665839327835,0.0,0.0,0.0,0.0,0.0,0.0,ZERO_INTENT,0.3859160132258067,0,32,0,0,84
59.166666666666664,-50.27768636508845,-1.457243539608081,3.1337665839327835,0.0,0.0,0.0,0.0,0.0,0.0,ZERO_INTENT,0.3859160132258067,0,32,0,0,84
59.18333333333333,-50.27768636508845,-1.457243539608081,3.1337665839327835,0.0,0.0,0.0,0.0,0.0,0.0,ZERO_INTENT,0.3859160132258067,0,32,0,0,84
59.2,-50.27768636508845,-1.457243539608081,3.1337665839327835,0.0,0.0,0.0,0.0,0.0,0.0,ZERO_INTENT,0.3859160132258067,0,32,0,0,84
59.21666666666667,-50.27768636508845,-1.457243539608081,3.1337665839327835,0.0,0.0,0.0,0.0,0.0,0.0,ZERO_INTENT,0.3859160132258067,0,32,0,0,84
59.233333333333334,-50.27768636508845,-1.457243539608081,3.1337665839327835,0.0,0.0,0.0,0.0,0.0,0.0,ZERO_INTENT,0.3859160132258067,0,32,0,0,84
59.25,-50.27768636508845,-1.457243539608081,3.1337665839327835,0.0,0.0,0.0,0.0,0.0,0.0,ZERO_INTENT,0.3859160132258067,0,32,0,0,84
59.266666666666666,-50.27768636508845,-1.457243539608081,3.1337665839327835,0.0,0.0,0.0,0.0,0.0,0.0,ZERO_INTENT,0.3859160132258067,0,32,0,0,84
59.28333333333333,-50.27768636508845,-1.457243539608081,3.1337665839327835,0.0,0.0,0.0,0.0,0.0,0.0,ZERO_INTENT,0.3859160132258067,0,32,0,0,84
59.3,-50.27768636508845,-1.457243539608081,3.1337665839327835,0.0,0.0,0.0,0.0,0.0,0.0,ZERO_INTENT,0.3859160132258067,0,32,0,0,84
59.31666666666667,-50.27768636508845,-1.457243539608081,3.1337665839327835,0.0,0.0,0.0,0.0,0.0,0.0,ZERO_INTENT,0.3859160132258067,0,32,0,0,84
59.333333333333336,-50.27768636508845,-1.457243539608081,3.1337665839327835,0.0,0.0,0.0,0.0,0.0,0.0,ZERO_INTENT,0.3859160132258067,0,32,0,0,84
59.35,-50.27768636508845,-1.457243539608081,3.1337665839327835,0.0,0.0,0.0,0.0,0.0,0.0,ZERO_INTENT,0.3859160132258067,0,32,0,0,84
59.36666666666667,-50.27768636508845,-1.457243539608081,3.1337665839327835,0.0,0.0,0.0,0.0,0.0,0.0,ZERO_INTENT,0.3859160132258067,0,32,0,0,84
59.38333333333333,-50.27768636508845,-1.457243539608081,3.1337665839327835,0.0,0.0,0.0,0.0,0.0,0.0,ZERO_INTENT,0.3859160132258067,0,32,0,0,84
59.4,-50.27768636508845,-1.457243539608081,3.1337665839327835,0.0,0.0,0.0,0.0,0.0,0.0,ZERO_INTENT,0.3859160132258067,0,32,0,0,84
59.416666666666664,-50.27768636508845,-1.457243539608081,3.1337665839327835,0.0,0.0,0.0,0.0,0.0,0.0,ZERO_INTENT,0.3859160132258067,0,32,0,0,84
59.43333333333333,-50.27768636508845,-1.457243539608081,3.1337665839327835,0.0,0.0,0.0,0.0,0.0,0.0,ZERO_INTENT,0.3859160132258067,0,32,0,0,84
59.45,-50.27768636508845,-1.457243539608081,3.1337665839327835,0.0,0.0,0.0,0.0,0.0,0.0,ZERO_INTENT,0.3859160132258067,0,32,0,0,84
59.46666666666667,-50.27768636508845,-1.457243539608081,3.1337665839327835,0.0,0.0,0.0,0.0,0.0,0.0,ZERO_INTENT,0.3859160132258067,0,32,0,0,84
59.483333333333334,-50.27768636508845,-1.457243539608081,3.1337665839327835,0.0,0.0,0.0,0.0,0.0,0.0,ZERO_INTENT,0.3859160132258067,0,32,0,0,84
59.5,-50.27768636508845,-1.457243539608081,3.1337665839327835,0.0,0.0,0.0,0.0,0.0,0.0,ZERO_INTENT,0.3859160132258067,0,32,0,0,84
59.516666666666666,-50.27768636508845,-1.457243539608081,3.1337665839327835,0.0,0.0,0.0,0.0,0.0,0.0,ZERO_INTENT,0.3859160132258067,0,32,0,0,84
59.53333333333333,-50.27768636508845,-1.457243539608081,3.1337665839327835,0.0,0.0,0.0,0.0,0.0,0.0,ZERO_INTENT,0.3859160132258067,0,32,0,0,84
59.55,-50.27768636508845,-1.457243539608081,3.1337665839327835,0.0,0.0,0.0,0.0,0.0,0.0,ZERO_INTENT,0.3859160132258067,0,32,0,0,84
59.56666666666667,-50.27768636508845,-1.457243539608081,3.1337665839327835,0.0,0.0,0.0,0.0,0.0,0.0,ZERO_INTENT,0.3859160132258067,0,32,0,0,84
59.583333333333336,-50.27768636508845,-1.457243539608081,3.1337665839327835,0.0,0.0,0.0,0.0,0.0,0.0,ZERO_INTENT,0.3859160132258067,0,32,0,0,84
59.6,-50.27768636508845,-1.457243539608081,3.1337665839327835,0.0,0.0,0.0,0.0,0.0,0.0,ZERO_INTENT,0.3859160132258067,0,32,0,0,84
59.61666666666667,-50.27768636508845,-1.457243539608081,3.1337665839327835,0.0,0.0,0.0,0.0,0.0,0.0,ZERO_INTENT,0.3859160132258067,0,32,0,0,84
59.63333333333333,-50.27768636508845,-1.457243539608081,3.1337665839327835,0.0,0.0,0.0,0.0,0.0,0.0,ZERO_INTENT,0.3859160132258067,0,32,0,0,84
59.65,-50.27768636508845,-1.457243539608081,3.1337665839327835,0.0,0.0,0.0,0.0,0.0,0.0,ZERO_INTENT,0.3859160132258067,0,32,0,0,84
59.666666666666664,-50.27768636508845,-1.457243539608081,3.1337665839327835,0.0,0.0,0.0,0.0,0.0,0.0,ZERO_INTENT,0.3859160132258067,0,32,0,0,84
59.68333333333333,-50.27768636508845,-1.457243539608081,3.1337665839327835,0.0,0.0,0.0,0.0,0.0,0.0,ZERO_INTENT,0.3859160132258067,0,32,0,0,84
59.7,-50.27768636508845,-1.457243539608081,3.1337665839327835,0.0,0.0,0.0,0.0,0.0,0.0,ZERO_INTENT,0.3859160132258067,0,32,0,0,84
59.71666666666667,-50.27768636508845,-1.457243539608081,3.1337665839327835,0.0,0.0,0.0,0.0,0.0,0.0,ZERO_INTENT,0.3859160132258067,0,32,0,0,84
59.733333333333334,-50.27768636508845,-1.457243539608081,3.1337665839327835,0.0,0.0,0.0,0.0,0.0,0.0,ZERO_INTENT,0.3859160132258067,0,32,0,0,84
59.75,-50.27768636508845,-1.457243539608081,3.1337665839327835,0.0,0.0,0.0,0.0,0.0,0.0,ZERO_INTENT,0.3859160132258067,0,32,0,0,84
59.766666666666666,-50.27768636508845,-1.457243539608081,3.1337665839327835,0.0,0.0,0.0,0.0,0.0,0.0,ZERO_INTENT,0.3859160132258067,0,32,0,0,84
59.78333333333333,-50.27768636508845,-1.457243539608081,3.1337665839327835,0.0,0.0,0.0,0.0,0.0,0.0,ZERO_INTENT,0.3859160132258067,0,32,0,0,84
59.8,-50.27768636508845,-1.457243539608081,3.1337665839327835,0.0,0.0,0.0,0.0,0.0,0.0,ZERO_INTENT,0.3859160132258067,0,32,0,0,84
59.81666666666667,-50.27768636508845,-1.457243539608081,3.1337665839327835,0.0,0.0,0.0,0.0,0.0,0.0,ZERO_INTENT,0.3859160132258067,0,32,0,0,84
59.833333333333336,-50.27768636508845,-1.457243539608081,3.1337665839327835,0.0,0.0,0.0,0.0,0.0,0.0,ZERO_INTENT,0.3859160132258067,0,32,0,0,84
59.85,-50.27768636508845,-1.457243539608081,3.1337665839327835,0.0,0.0,0.0,0.0,0.0,0.0,ZERO_INTENT,0.3859160132258067,0,32,0,0,84
59.86666666666667,-50.27768636508845,-1.457243539608081,3.1337665839327835,0.0,0.0,0.0,0.0,0.0,0.0,ZERO_INTENT,0.3859160132258067,0,32,0,0,84
59.88333333333333,-50.27768636508845,-1.457243539608081,3.1337665839327835,0.0,0.0,0.0,0.0,0.0,0.0,ZERO_INTENT,0.3859160132258067,0,32,0,0,84
59.9,-50.27768636508845,-1.457243539608081,3.1337665839327835,0.0,0.0,0.0,0.0,0.0,0.0,ZERO_INTENT,0.3859160132258067,0,32,0,0,84
59.916666666666664,-50.27768636508845,-1.457243539608081,3.1337665839327835,0.0,0.0,0.0,0.0,0.0,0.0,ZERO_INTENT,0.3859160132258067,0,32,0,0,84
59.93333333333333,-50.27768636508845,-1.457243539608081,3.1337665839327835,0.0,0.0,0.0,0.0,0.0,0.0,ZERO_INTENT,0.3859160132258067,0,32,0,0,84
59.95,-50.27768636508845,-1.457243539608081,3.1337665839327835,0.0,0.0,0.0,0.0,0.0,0.0,ZERO_INTENT,0.3859160132258067,0,32,0,0,84
59.96666666666667,-50.27768636508845,-1.457243539608081,3.1337665839327835,0.0,0.0,0.0,0.0,0.0,0.0,ZERO_INTENT,0.3859160132258067,0,32,0,0,84
59.983333333333334,-50.27768636508845,-1.457243539608081,3.1337665839327835,0.0,0.0,0.0,0.0,0.0,0.0,ZERO_INTENT,0.3859160132258067,0,32,0,0,84
60.0,-50.27768636508845,-1.457243539608081,3.1337665839327835,0.0,0.0,0.0,0.0,0.0,0.0,ZERO_INTENT,0.3859160132258067,0,32,0,0,84
60.016666666666666,-50.27768636508845,-1.457243539608081,3.1337665839327835,0.0,0.0,0.0,0.0,0.0,0.0,ZERO_INTENT,0.3859160132258067,0,32,0,0,84
60.03333333333333,-50.27768636508845,-1.457243539608081,3.1337665839327835,0.0,0.0,0.0,0.0,0.0,0.0,ZERO_INTENT,0.3859160132258067,0,32,0,0,84
60.05,-50.27768636508845,-1.457243539608081,3.1337665839327835,0.0,0.0,0.0,0.0,0.0,0.0,ZERO_INTENT,0.3859160132258067,0,32,0,0,84
60.06666666666667,-50.27768636508845,-1.457243539608081,3.1337665839327835,0.0,0.0,0.0,0.0,0.0,0.0,ZERO_INTENT,0.3859160132258067,0,32,0,0,84
60.083333333333336,-50.27768636508845,-1.457243539608081,3.1337665839327835,0.0,0.0,0.0,0.0,0.0,0.0,ZERO_INTENT,0.3859160132258067,0,32,0,0,84
60.1,-50.27768636508845,-1.457243539608081,3.1337665839327835,0.0,0.0,0.0,0.0,0.0,0.0,ZERO_INTENT,0.3859160132258067,0,32,0,0,84
60.11666666666667,-50.27768636508845,-1.457243539608081,3.1337665839327835,0.0,0.0,0.0,0.0,0.0,0.0,ZERO_INTENT,0.3859160132258067,0,32,0,0,84
60.13333333333333,-50.27768636508845,-1.457243539608081,3.1337665839327835,0.0,0.0,0.0,0.0,0.0,0.0,ZERO_INTENT,0.3859160132258067,0,32,0,0,84
60.15,-50.27768636508845,-1.457243539608081,3.1337665839327835,0.0,0.0,0.0,0.0,0.0,0.0,ZERO_INTENT,0.3859160132258067,0,32,0,0,84
60.166666666666664,-50.27768636508845,-1.457243539608081,3.1337665839327835,0.0,0.0,0.0,0.0,0.0,0.0,ZERO_INTENT,0.3859160132258067,0,32,0,0,84
60.18333333333333,-50.27768636508845,-1.457243539608081,3.1337665839327835,0.0,0.0,0.0,0.0,0.0,0.0,ZERO_INTENT,0.3859160132258067,0,32,0,0,84
60.2,-50.27768636508845,-1.457243539608081,3.1337665839327835,0.0,0.0,0.0,0.0,0.0,0.0,ZERO_INTENT,0.3859160132258067,0,32,0,0,84
60.21666666666667,-50.27768636508845,-1.457243539608081,3.1337665839327835,0.0,0.0,0.0,0.0,0.0,0.0,ZERO_INTENT,0.3859160132258067,0,32,0,0,84
60.233333333333334,-50.27768636508845,-1.457243539608081,3.1337665839327835,0.0,0.0,0.0,0.0,0.0,0.0,ZERO_INTENT,0.3859160132258067,0,32,0,0,84
60.25,-50.27768636508845,-1.457243539608081,3.1337665839327835,0.0,0.0,0.0,0.0,0.0,0.0,ZERO_INTENT,0.3859160132258067,0,32,0,0,84
60.266666666666666,-50.27768636508845,-1.457243539608081,3.1337665839327835,0.0,0.0,0.0,0.0,0.0,0.0,ZERO_INTENT,0.3859160132258067,0,32,0,0,84
60.28333333333333,-50.27768636508845,-1.457243539608081,3.1337665839327835,0.0,0.0,0.0,0.0,0.0,0.0,ZERO_INTENT,0.3859160132258067,0,32,0,0,84
60.3,-50.27768636508845,-1.457243539608081,3.1337665839327835,0.0,0.0,0.0,0.0,0.0,0.0,ZERO_INTENT,0.3859160132258067,0,32,0,0,84
60.31666666666667,-50.27768636508845,-1.457243539608081,3.1337665839327835,0.0,0.0,0.0,0.0,0.0,0.0,ZERO_INTENT,0.3859160132258067,0,32,0,0,84
60.333333333333336,-50.27768636508845,-1.457243539608081,3.1337665839327835,0.0,0.0,0.0,0.0,0.0,0.0,ZERO_INTENT,0.3859160132258067,0,32,0,0,84
60.35,-50.27768636508845,-1.457243539608081,3.1337665839327835,0.0,0.0,0.0,0.0,0.0,0.0,ZERO_INTENT,0.3859160132258067,0,32,0,0,84
60.36666666666667,-50.27768636508845,-1.457243539608081,3.1337665839327835,0.0,0.0,0.0,0.0,0.0,0.0,ZERO_INTENT,0.3859160132258067,0,32,0,0,84
60.38333333333333,-50.27768636508845,-1.457243539608081,3.1337665839327835,0.0,0.0,0.0,0.0,0.0,0.0,ZERO_INTENT,0.3859160132258067,0,32,0,0,84
60.4,-50.27768636508845,-1.457243539608081,3.1337665839327835,0.0,0.0,0.0,0.0,0.0,0.0,ZERO_INTENT,0.3859160132258067,0,32,0,0,84
60.416666666666664,-50.27768636508845,-1.457243539608081,3.1337665839327835,0.0,0.0,0.0,0.0,0.0,0.0,ZERO_INTENT,0.3859160132258067,0,32,0,0,84
60.43333333333333,-50.27768636508845,-1.457243539608081,3.1337665839327835,0.0,0.0,0.0,0.0,0.0,0.0,ZERO_INTENT,0.3859160132258067,0,32,0,0,84
60.45,-50.27768636508845,-1.457243539608081,3.1337665839327835,0.0,0.0,0.0,0.0,0.0,0.0,ZERO_INTENT,0.3859160132258067,0,32,0,0,84
60.46666666666667,-50.27768636508845,-1.457243539608081,3.1337665839327835,0.0,0.0,0.0,0.0,0.0,0.0,ZERO_INTENT,0.3859160132258067,0,32,0,0,84
60.483333333333334,-50.27768636508845,-1.457243539608081,3.1337665839327835,0.0,0.0,0.0,0.0,0.0,0.0,ZERO_INTENT,0.3859160132258067,0,32,0,0,84
60.5,-50.27768636508845,-1.457243539608081,3.1337665839327835,0.0,0.0,0.0,0.0,0.0,0.0,ZERO_INTENT,0.3859160132258067,0,32,0,0,84
60.516666666666666,-50.27768636508845,-1.457243539608081,3.1337665839327835,0.0,0.0,0.0,0.0,0.0,0.0,ZERO_INTENT,0.3859160132258067,0,32,0,0,84
60.53333333333333,-50.27768636508845,-1.457243539608081,3.1337665839327835,0.0,0.0,0.0,0.0,0.0,0.0,ZERO_INTENT,0.3859160132258067,0,32,0,0,84
60.55,-50.27768636508845,-1.457243539608081,3.1337665839327835,0.0,0.0,0.0,0.0,0.0,0.0,ZERO_INTENT,0.3859160132258067,0,32,0,0,84
60.56666666666667,-50.27768636508845,-1.457243539608081,3.1337665839327835,0.0,0.0,0.0,0.0,0.0,0.0,ZERO_INTENT,0.3859160132258067,0,32,0,0,84
60.583333333333336,-50.27768636508845,-1.457243539608081,3.1337665839327835,0.0,0.0,0.0,0.0,0.0,0.0,ZERO_INTENT,0.3859160132258067,0,32,0,0,84
60.6,-50.27768636508845,-1.457243539608081,3.1337665839327835,0.0,0.0,0.0,0.0,0.0,0.0,ZERO_INTENT,0.3859160132258067,0,32,0,0,84
60.61666666666667,-50.27768636508845,-1.457243539608081,3.1337665839327835,0.0,0.0,0.0,0.0,0.0,0.0,ZERO_INTENT,0.3859160132258067,0,32,0,0,84
60.63333333333333,-50.27768636508845,-1.457243539608081,3.1337665839327835,0.0,0.0,0.0,0.0,0.0,0.0,ZERO_INTENT,0.3859160132258067,0,32,0,0,84
60.65,-50.27768636508845,-1.457243539608081,3.1337665839327835,0.0,0.0,0.0,0.0,0.0,0.0,ZERO_INTENT,0.3859160132258067,0,32,0,0,84
60.666666666666664,-50.27768636508845,-1.457243539608081,3.1337665839327835,0.0,0.0,0.0,0.0,0.0,0.0,ZERO_INTENT,0.3859160132258067,0,32,0,0,84
60.68333333333333,-50.27768636508845,-1.457243539608081,3.1337665839327835,0.0,0.0,0.0,0.0,0.0,0.0,ZERO_INTENT,0.3859160132258067,0,32,0,0,84
60.7,-50.27768636508845,-1.457243539608081,3.1337665839327835,0.0,0.0,0.0,0.0,0.0,0.0,ZERO_INTENT,0.3859160132258067,0,32,0,0,84
60.71666666666667,-50.27768636508845,-1.457243539608081,3.1337665839327835,0.0,0.0,0.0,0.0,0.0,0.0,ZERO_INTENT,0.3859160132258067,0,32,0,0,84
60.733333333333334,-50.27768636508845,-1.457243539608081,3.1337665839327835,0.0,0.0,0.0,0.0,0.0,0.0,ZERO_INTENT,0.3859160132258067,0,32,0,0,84
60.75,-50.27768636508845,-1.457243539608081,3.1337665839327835,0.0,0.0,0.0,0.0,0.0,0.0,ZERO_INTENT,0.3859160132258067,0,32,0,0,84
60.766666666666666,-50.27768636508845,-1.457243539608081,3.1337665839327835,0.0,0.0,0.0,0.0,0.0,0.0,ZERO_INTENT,0.3859160132258067,0,32,0,0,84
60.78333333333333,-50.27768636508845,-1.457243539608081,3.1337665839327835,0.0,0.0,0.0,0.0,0.0,0.0,ZERO_INTENT,0.3859160132258067,0,32,0,0,84
60.8,-50.27768636508845,-1.457243539608081,3.1337665839327835,0.0,0.0,0.0,0.0,0.0,0.0,ZERO_INTENT,0.3859160132258067,0,32,0,0,84
60.81666666666667,-50.27768636508845,-1.457243539608081,3.1337665839327835,0.0,0.0,0.0,0.0,0.0,0.0,ZERO_INTENT,0.3859160132258067,0,32,0,0,84
60.833333333333336,-50.27768636508845,-1.457243539608081,3.1337665839327835,0.0,0.0,0.0,0.0,0.0,0.0,ZERO_INTENT,0.3859160132258067,0,32,0,0,84
60.85,-50.27768636508845,-1.457243539608081,3.1337665839327835,0.0,0.0,0.0,0.0,0.0,0.0,ZERO_INTENT,0.3859160132258067,0,32,0,0,84
60.86666666666667,-50.27768636508845,-1.457243539608081,3.1337665839327835,0.0,0.0,0.0,0.0,0.0,0.0,ZERO_INTENT,0.3859160132258067,0,32,0,0,84
60.88333333333333,-50.27768636508845,-1.457243539608081,3.1337665839327835,0.0,0.0,0.0,0.0,0.0,0.0,ZERO_INTENT,0.3859160132258067,0,32,0,0,84
60.9,-50.27768636508845,-1.457243539608081,3.1337665839327835,0.0,0.0,0.0,0.0,0.0,0.0,ZERO_INTENT,0.3859160132258067,0,32,0,0,84
60.916666666666664,-50.27768636508845,-1.457243539608081,3.1337665839327835,0.0,0.0,0.0,0.0,0.0,0.0,ZERO_INTENT,0.3859160132258067,0,32,0,0,84
60.93333333333333,-50.27768636508845,-1.457243539608081,3.1337665839327835,0.0,0.0,0.0,0.0,0.0,0.0,ZERO_INTENT,0.3859160132258067,0,32,0,0,84
60.95,-50.27768636508845,-1.457243539608081,3.1337665839327835,0.0,0.0,0.0,0.0,0.0,0.0,ZERO_INTENT,0.3859160132258067,0,32,0,0,84
60.96666666666667,-50.27768636508845,-1.457243539608081,3.1337665839327835,0.0,0.0,0.0,0.0,0.0,0.0,ZERO_INTENT,0.3859160132258067,0,32,0,0,84
60.983333333333334,-50.27768636508845,-1.457243539608081,3.1337665839327835,0.0,0.0,0.0,0.0,0.0,0.0,ZERO_INTENT,0.3859160132258067,0,32,0,0,84
61.0,-50.27768636508845,-1.457243539608081,3.1337665839327835,0.0,0.0,0.0,0.0,0.0,0.0,ZERO_INTENT,0.3859160132258067,0,32,0,0,84
61.016666666666666,-50.27768636508845,-1.457243539608081,3.1337665839327835,0.0,0.0,0.0,0.0,0.0,0.0,ZERO_INTENT,0.3859160132258067,0,32,0,0,84
61.03333333333333,-50.27768636508845,-1.457243539608081,3.1337665839327835,0.0,0.0,0.0,0.0,0.0,0.0,ZERO_INTENT,0.3859160132258067,0,32,0,0,84
61.05,-50.27768636508845,-1.457243539608081,3.1337665839327835,0.0,0.0,0.0,0.0,0.0,0.0,ZERO_INTENT,0.3859160132258067,0,32,0,0,84
61.06666666666667,-50.27768636508845,-1.457243539608081,3.1337665839327835,0.0,0.0,0.0,0.0,0.0,0.0,ZERO_INTENT,0.3859160132258067,0,32,0,0,84
61.083333333333336,-50.27768636508845,-1.457243539608081,3.1337665839327835,0.0,0.0,0.0,0.0,0.0,0.0,ZERO_INTENT,0.3859160132258067,0,32,0,0,84
61.1,-50.27768636508845,-1.457243539608081,3.1337665839327835,0.0,0.0,0.0,0.0,0.0,0.0,ZERO_INTENT,0.3859160132258067,0,32,0,0,84
61.11666666666667,-50.27768636508845,-1.457243539608081,3.1337665839327835,0.0,0.0,0.0,0.0,0.0,0.0,ZERO_INTENT,0.3859160132258067,0,32,0,0,84
61.13333333333333,-50.27768636508845,-1.457243539608081,3.1337665839327835,0.0,0.0,0.0,0.0,0.0,0.0,ZERO_INTENT,0.3859160132258067,0,32,0,0,84
61.15,-50.27768636508845,-1.457243539608081,3.1337665839327835,0.0,0.0,0.0,0.0,0.0,0.0,ZERO_INTENT,0.3859160132258067,0,32,0,0,84
61.166666666666664,-50.27768636508845,-1.457243539608081,3.1337665839327835,0.0,0.0,0.0,0.0,0.0,0.0,ZERO_INTENT,0.3859160132258067,0,32,0,0,84
61.18333333333333,-50.27768636508845,-1.457243539608081,3.1337665839327835,0.0,0.0,0.0,0.0,0.0,0.0,ZERO_INTENT,0.3859160132258067,0,32,0,0,84
61.2,-50.27768636508845,-1.457243539608081,3.1337665839327835,0.0,0.0,0.0,0.0,0.0,0.0,ZERO_INTENT,0.3859160132258067,0,32,0,0,84
61.21666666666667,-50.27768636508845,-1.457243539608081,3.1337665839327835,0.0,0.0,0.0,0.0,0.0,0.0,ZERO_INTENT,0.3859160132258067,0,32,0,0,84
61.233333333333334,-50.27768636508845,-1.457243539608081,3.1337665839327835,0.0,0.0,0.0,0.0,0.0,0.0,ZERO_INTENT,0.3859160132258067,0,32,0,0,84
61.25,-50.27768636508845,-1.457243539608081,3.1337665839327835,0.0,0.0,0.0,0.0,0.0,0.0,ZERO_INTENT,0.3859160132258067,0,32,0,0,84
61.266666666666666,-50.27768636508845,-1.457243539608081,3.1337665839327835,0.0,0.0,0.0,0.0,0.0,0.0,ZERO_INTENT,0.3859160132258067,0,32,0,0,84
61.28333333333333,-50.27768636508845,-1.457243539608081,3.1337665839327835,0.0,0.0,0.0,0.0,0.0,0.0,ZERO_INTENT,0.3859160132258067,0,32,0,0,84
61.3,-50.27768636508845,-1.457243539608081,3.1337665839327835,0.0,0.0,0.0,0.0,0.0,0.0,ZERO_INTENT,0.3859160132258067,0,32,0,0,84
61.31666666666667,-50.27768636508845,-1.457243539608081,3.1337665839327835,0.0,0.0,0.0,0.0,0.0,0.0,ZERO_INTENT,0.3859160132258067,0,32,0,0,84
61.333333333333336,-50.27768636508845,-1.457243539608081,3.1337665839327835,0.0,0.0,0.0,0.0,0.0,0.0,ZERO_INTENT,0.3859160132258067,0,32,0,0,84
61.35,-50.27768636508845,-1.457243539608081,3.1337665839327835,0.0,0.0,0.0,0.0,0.0,0.0,ZERO_INTENT,0.3859160132258067,0,32,0,0,84
61.36666666666667,-50.27768636508845,-1.457243539608081,3.1337665839327835,0.0,0.0,0.0,0.0,0.0,0.0,ZERO_INTENT,0.3859160132258067,0,32,0,0,84
61.38333333333333,-50.27768636508845,-1.457243539608081,3.1337665839327835,0.0,0.0,0.0,0.0,0.0,0.0,ZERO_INTENT,0.3859160132258067,0,32,0,0,84
61.4,-50.27768636508845,-1.457243539608081,3.1337665839327835,0.0,0.0,0.0,0.0,0.0,0.0,ZERO_INTENT,0.3859160132258067,0,32,0,0,84
61.416666666666664,-50.27768636508845,-1.457243539608081,3.1337665839327835,0.0,0.0,0.0,0.0,0.0,0.0,ZERO_INTENT,0.3859160132258067,0,32,0,0,84
61.43333333333333,-50.27768636508845,-1.457243539608081,3.1337665839327835,0.0,0.0,0.0,0.0,0.0,0.0,ZERO_INTENT,0.3859160132258067,0,32,0,0,84
61.45,-50.27768636508845,-1.457243539608081,3.1337665839327835,0.0,0.0,0.0,0.0,0.0,0.0,ZERO_INTENT,0.3859160132258067,0,32,0,0,84
61.46666666666667,-50.27768636508845,-1.457243539608081,3.1337665839327835,0.0,0.0,0.0,0.0,0.0,0.0,ZERO_INTENT,0.3859160132258067,0,32,0,0,84
61.483333333333334,-50.27768636508845,-1.457243539608081,3.1337665839327835,0.0,0.0,0.0,0.0,0.0,0.0,ZERO_INTENT,0.3859160132258067,0,32,0,0,84
61.5,-50.27768636508845,-1.457243539608081,3.1337665839327835,0.0,0.0,0.0,0.0,0.0,0.0,ZERO_INTENT,0.3859160132258067,0,32,0,0,84
61.516666666666666,-50.27768636508845,-1.457243539608081,3.1337665839327835,0.0,0.0,0.0,0.0,0.0,0.0,ZERO_INTENT,0.3859160132258067,0,32,0,0,84
61.53333333333333,-50.27768636508845,-1.457243539608081,3.1337665839327835,0.0,0.0,0.0,0.0,0.0,0.0,ZERO_INTENT,0.3859160132258067,0,32,0,0,84
61.55,-50.27768636508845,-1.457243539608081,3.1337665839327835,0.0,0.0,0.0,0.0,0.0,0.0,ZERO_INTENT,0.3859160132258067,0,32,0,0,84
61.56666666666667,-50.27768636508845,-1.457243539608081,3.1337665839327835,0.0,0.0,0.0,0.0,0.0,0.0,ZERO_INTENT,0.3859160132258067,0,32,0,0,84
61.583333333333336,-50.27768636508845,-1.457243539608081,3.1337665839327835,0.0,0.0,0.0,0.0,0.0,0.0,ZERO_INTENT,0.3859160132258067,0,32,0,0,84
61.6,-50.27768636508845,-1.457243539608081,3.1337665839327835,0.0,0.0,0.0,0.0,0.0,0.0,ZERO_INTENT,0.3859160132258067,0,32,0,0,84
61.61666666666667,-50.27768636508845,-1.457243539608081,3.1337665839327835,0.0,0.0,0.0,0.0,0.0,0.0,ZERO_INTENT,0.3859160132258067,0,32,0,0,84
61.63333333333333,-50.27768636508845,-1.457243539608081,3.1337665839327835,0.0,0.0,0.0,0.0,0.0,0.0,ZERO_INTENT,0.3859160132258067,0,32,0,0,84
61.65,-50.27768636508845,-1.457243539608081,3.1337665839327835,0.0,0.0,0.0,0.0,0.0,0.0,ZERO_INTENT,0.3859160132258067,0,32,0,0,84
61.666666666666664,-50.27768636508845,-1.457243539608081,3.1337665839327835,0.0,0.0,0.0,0.0,0.0,0.0,ZERO_INTENT,0.3859160132258067,0,32,0,0,84
61.68333333333333,-50.27768636508845,-1.457243539608081,3.1337665839327835,0.0,0.0,0.0,0.0,0.0,0.0,ZERO_INTENT,0.3859160132258067,0,32,0,0,84
61.7,-50.27768636508845,-1.457243539608081,3.1337665839327835,0.0,0.0,0.0,0.0,0.0,0.0,ZERO_INTENT,0.3859160132258067,0,32,0,0,84
61.71666666666667,-50.27768636508845,-1.457243539608081,3.1337665839327835,0.0,0.0,0.0,0.0,0.0,0.0,ZERO_INTENT,0.3859160132258067,0,32,0,0,84
61.733333333333334,-50.27768636508845,-1.457243539608081,3.1337665839327835,0.0,0.0,0.0,0.0,0.0,0.0,ZERO_INTENT,0.3859160132258067,0,32,0,0,84
61.75,-50.27768636508845,-1.457243539608081,3.1337665839327835,0.0,0.0,0.0,0.0,0.0,0.0,ZERO_INTENT,0.3859160132258067,0,32,0,0,84
61.766666666666666,-50.27768636508845,-1.457243539608081,3.1337665839327835,0.0,0.0,0.0,0.0,0.0,0.0,ZERO_INTENT,0.3859160132258067,0,32,0,0,84
61.78333333333333,-50.27768636508845,-1.457243539608081,3.1337665839327835,0.0,0.0,0.0,0.0,0.0,0.0,ZERO_INTENT,0.3859160132258067,0,32,0,0,84
61.8,-50.27768636508845,-1.457243539608081,3.1337665839327835,0.0,0.0,0.0,0.0,0.0,0.0,ZERO_INTENT,0.3859160132258067,0,32,0,0,84
61.81666666666667,-50.27768636508845,-1.457243539608081,3.1337665839327835,0.0,0.0,0.0,0.0,0.0,0.0,ZERO_INTENT,0.3859160132258067,0,32,0,0,84
61.833333333333336,-50.27768636508845,-1.457243539608081,3.1337665839327835,0.0,0.0,0.0,0.0,0.0,0.0,ZERO_INTENT,0.3859160132258067,0,32,0,0,84
61.85,-50.27768636508845,-1.457243539608081,3.1337665839327835,0.0,0.0,0.0,0.0,0.0,0.0,ZERO_INTENT,0.3859160132258067,0,32,0,0,84
61.86666666666667,-50.27768636508845,-1.457243539608081,3.1337665839327835,0.0,0.0,0.0,0.0,0.0,0.0,ZERO_INTENT,0.3859160132258067,0,32,0,0,84
61.88333333333333,-50.27768636508845,-1.457243539608081,3.1337665839327835,0.0,0.0,0.0,0.0,0.0,0.0,ZERO_INTENT,0.3859160132258067,0,32,0,0,84
61.9,-50.27768636508845,-1.457243539608081,3.1337665839327835,0.0,0.0,0.0,0.0,0.0,0.0,ZERO_INTENT,0.3859160132258067,0,32,0,0,84
61.916666666666664,-50.27768636508845,-1.457243539608081,3.1337665839327835,0.0,0.0,0.0,0.0,0.0,0.0,ZERO_INTENT,0.3859160132258067,0,32,0,0,84
61.93333333333333,-50.27768636508845,-1.457243539608081,3.1337665839327835,0.0,0.0,0.0,0.0,0.0,0.0,ZERO_INTENT,0.3859160132258067,0,32,0,0,84
61.95,-50.27768636508845,-1.457243539608081,3.1337665839327835,0.0,0.0,0.0,0.0,0.0,0.0,ZERO_INTENT,0.3859160132258067,0,32,0,0,84
61.96666666666667,-50.27768636508845,-1.457243539608081,3.1337665839327835,0.0,0.0,0.0,0.0,0.0,0.0,ZERO_INTENT,0.3859160132258067,0,32,0,0,84
61.983333333333334,-50.27768636508845,-1.457243539608081,3.1337665839327835,0.0,0.0,0.0,0.0,0.0,0.0,ZERO_INTENT,0.3859160132258067,0,32,0,0,84
62.0,-50.27768636508845,-1.457243539608081,3.1337665839327835,0.0,0.0,0.0,0.0,-1.0,0.0,ZERO_INTENT,0.3859160132258067,0,32,0,0,84
62.016666666666666,-50.27768636508845,-1.457243539608081,3.1337665839327835,0.0,0.0,0.0,0.0,-1.0,0.0,ZERO_INTENT,0.3859160132258067,0,32,0,0,84
62.03333333333333,-50.27768636508845,-1.457243539608081,3.1337665839327835,0.0,0.0,0.0,0.0,-1.0,0.0,ZERO_INTENT,0.3859160132258067,0,32,0,0,84
62.05,-50.27768636508845,-1.457243539608081,3.1337665839327835,0.0,0.0,0.0,0.0,-1.0,0.0,ZERO_INTENT,0.3859160132258067,0,32,0,0,84
62.06666666666667,-50.27768636508845,-1.457243539608081,3.1337665839327835,0.0,0.0,0.0,0.0,-1.0,0.0,NO_REGULAR_FIELD,0.3859160132258067,0,32,0,0,84
62.083333333333336,-50.27768636508845,-1.457243539608081,3.1337665839327835,0.0,0.0,0.0,0.0,-1.0,0.0,NO_REGULAR_FIELD,0.3859160132258067,0,32,0,0,84
62.1,-50.27768636508845,-1.457243539608081,3.1337665839327835,0.0,0.0,0.0,0.0,-1.0,0.0,NO_REGULAR_FIELD,0.3859160132258067,0,32,0,0,84
62.11666666666667,-50.27768636508845,-1.457243539608081,3.1337665839327835,0.0,0.0,0.0,0.0,-1.0,0.0,NO_REGULAR_FIELD,0.3859160132258067,0,32,0,0,84
62.13333333333333,-50.27768636508845,-1.457243539608081,3.1337665839327835,0.0,0.0,0.0,0.0,-1.0,0.0,NO_REGULAR_FIELD,0.3859160132258067,0,32,0,0,84
62.15,-50.27768636508845,-1.457243539608081,3.1337665839327835,0.0,0.0,0.0,0.0,-1.0,0.0,NO_REGULAR_FIELD,0.3859160132258067,0,32,0,0,84
62.166666666666664,-50.27768636508845,-1.457243539608081,3.1337665839327835,0.0,0.0,0.0,0.0,-1.0,0.0,NO_REGULAR_FIELD,0.3859160132258067,0,32,0,0,84
62.18333333333333,-50.27768636508845,-1.457243539608081,3.1337665839327835,0.0,0.0,0.0,0.0,-1.0,0.0,NO_REGULAR_FIELD,0.3859160132258067,0,32,0,0,84
62.2,-50.27768636508845,-1.457243539608081,3.1337665839327835,0.0,0.0,0.0,0.0,-1.0,0.0,NO_REGULAR_FIELD,0.3859160132258067,0,32,0,0,84
62.21666666666667,-50.27768636508845,-1.457243539608081,3.1337665839327835,0.0,0.0,0.0,0.0,-1.0,0.0,NO_REGULAR_FIELD,0.3859160132258067,0,32,0,0,84
62.233333333333334,-50.27768636508845,-1.457243539608081,3.1337665839327835,0.0,0.0,0.0,0.0,-1.0,0.0,NO_REGULAR_FIELD,0.3859160132258067,0,32,0,0,84
62.25,-50.27768636508845,-1.457243539608081,3.1337665839327835,0.0,0.0,0.0,0.0,-1.0,0.0,NO_REGULAR_FIELD,0.3859160132258067,0,32,0,0,84
62.266666666666666,-50.27768636508845,-1.457243539608081,3.1337665839327835,0.0,0.0,0.0,0.0,-1.0,0.0,NO_REGULAR_FIELD,0.3859160132258067,0,32,0,0,84
62.28333333333333,-50.27768636508845,-1.457243539608081,3.1337665839327835,0.0,0.0,0.0,0.0,-1.0,0.0,NO_REGULAR_FIELD,0.3859160132258067,0,32,0,0,84
62.3,-50.27768636508845,-1.457243539608081,3.1337665839327835,0.0,0.0,0.0,0.0,-1.0,0.0,NO_REGULAR_FIELD,0.3859160132258067,0,32,0,0,84
62.31666666666667,-50.27768636508845,-1.457243539608081,3.1337665839327835,0.0,0.0,0.0,0.0,-1.0,0.0,NO_REGULAR_FIELD,0.3859160132258067,0,32,0,0,84
62.333333333333336,-50.27768636508845,-1.457243539608081,3.1337665839327835,0.0,0.0,0.0,0.0,-1.0,0.0,NO_REGULAR_FIELD,0.3859160132258067,0,32,0,0,84
62.35,-50.27768636508845,-1.457243539608081,3.1337665839327835,0.0,0.0,0.0,0.0,-1.0,0.0,NO_REGULAR_FIELD,0.3859160132258067,0,32,0,0,84
62.36666666666667,-50.27768636508845,-1.457243539608081,3.1337665839327835,0.0,0.0,0.0,0.0,-1.0,0.0,NO_REGULAR_FIELD,0.3859160132258067,0,32,0,0,84
62.38333333333333,-50.27768636508845,-1.457243539608081,3.1337665839327835,0.0,0.0,0.0,0.0,-1.0,0.0,NO_REGULAR_FIELD,0.3859160132258067,0,32,0,0,84
62.4,-50.27768636508845,-1.457243539608081,3.1337665839327835,0.0,0.0,0.0,0.0,-1.0,0.0,NO_REGULAR_FIELD,0.3859160132258067,0,32,0,0,84
62.416666666666664,-50.27768636508845,-1.457243539608081,3.1337665839327835,0.0,0.0,0.0,0.0,-1.0,0.0,NO_REGULAR_FIELD,0.3859160132258067,0,32,0,0,84
62.43333333333333,-50.27768636508845,-1.457243539608081,3.1337665839327835,0.0,0.0,0.0,0.0,-1.0,0.0,NO_REGULAR_FIELD,0.3859160132258067,0,32,0,0,84
62.45,-50.27768636508845,-1.457243539608081,3.1337665839327835,0.0,0.0,0.0,0.0,-1.0,0.0,NO_REGULAR_FIELD,0.3859160132258067,0,32,0,0,84
62.46666666666667,-50.27768636508845,-1.457243539608081,3.1337665839327835,0.0,0.0,0.0,0.0,-1.0,0.0,NO_REGULAR_FIELD,0.3859160132258067,0,32,0,0,84
62.483333333333334,-50.27768636508845,-1.457243539608081,3.1337665839327835,0.0,0.0,0.0,0.0,-1.0,0.0,NO_REGULAR_FIELD,0.3859160132258067,0,32,0,0,84
62.5,-50.27768636508845,-1.457243539608081,3.1337665839327835,0.0,0.0,0.0,0.0,-1.0,0.0,NO_REGULAR_FIELD,0.3859160132258067,0,32,0,0,84
62.516666666666666,-50.27768636508845,-1.457243539608081,3.1337665839327835,0.0,0.0,0.0,0.0,-1.0,0.0,NO_REGULAR_FIELD,0.3859160132258067,0,32,0,0,84
62.53333333333333,-50.27768636508845,-1.457243539608081,3.1337665839327835,0.0,0.0,0.0,0.0,-1.0,0.0,NO_REGULAR_FIELD,0.3859160132258067,0,32,0,0,84
62.55,-50.27768636508845,-1.457243539608081,3.1337665839327835,0.0,0.0,0.0,0.0,-1.0,0.0,NO_REGULAR_FIELD,0.3859160132258067,0,32,0,0,84
62.56666666666667,-50.27768636508845,-1.457243539608081,3.1337665839327835,0.0,0.0,0.0,0.0,-1.0,0.0,NO_REGULAR_FIELD,0.3859160132258067,0,32,0,0,84
62.583333333333336,-50.27768636508845,-1.457243539608081,3.1337665839327835,0.0,0.0,0.0,0.0,-1.0,0.0,NO_REGULAR_FIELD,0.3859160132258067,0,32,0,0,84
62.6,-50.27768636508845,-1.457243539608081,3.1337665839327835,0.0,0.0,0.0,0.0,-1.0,0.0,NO_REGULAR_FIELD,0.3859160132258067,0,32,0,0,84
62.61666666666667,-50.27768636508845,-1.457243539608081,3.1337665839327835,0.0,0.0,0.0,0.0,-1.0,0.0,NO_REGULAR_FIELD,0.3859160132258067,0,32,0,0,84
62.63333333333333,-50.27768636508845,-1.457243539608081,3.1337665839327835,0.0,0.0,0.0,0.0,-1.0,0.0,NO_REGULAR_FIELD,0.3859160132258067,0,32,0,0,84
62.65,-50.27768636508845,-1.457243539608081,3.1337665839327835,0.0,0.0,0.0,0.0,-1.0,0.0,NO_REGULAR_FIELD,0.3859160132258067,0,32,0,0,84
62.666666666666664,-50.27768636508845,-1.457243539608081,3.1337665839327835,0.0,0.0,0.0,0.0,-1.0,0.0,NO_REGULAR_FIELD,0.3859160132258067,0,32,0,0,84
62.68333333333333,-50.27768636508845,-1.457243539608081,3.1337665839327835,0.0,0.0,0.0,0.0,-1.0,0.0,NO_REGULAR_FIELD,0.3859160132258067,0,32,0,0,84
62.7,-50.27768636508845,-1.457243539608081,3.1337665839327835,0.0,0.0,0.0,0.0,-1.0,0.0,NO_REGULAR_FIELD,0.3859160132258067,0,32,0,0,84
62.71666666666667,-50.27768636508845,-1.457243539608081,3.1337665839327835,0.0,0.0,0.0,0.0,-1.0,0.0,NO_REGULAR_FIELD,0.3859160132258067,0,32,0,0,84
62.733333333333334,-50.27768636508845,-1.457243539608081,3.1337665839327835,0.0,0.0,0.0,0.0,-1.0,0.0,NO_REGULAR_FIELD,0.3859160132258067,0,32,0,0,84
62.75,-50.27768636508845,-1.457243539608081,3.1337665839327835,0.0,0.0,0.0,0.0,-1.0,0.0,NO_REGULAR_FIELD,0.3859160132258067,0,32,0,0,84
62.766666666666666,-50.27768636508845,-1.457243539608081,3.1337665839327835,0.0,0.0,0.0,0.0,-1.0,0.0,NO_REGULAR_FIELD,0.3859160132258067,0,32,0,0,84
62.78333333333333,-50.27768636508845,-1.457243539608081,3.1337665839327835,0.0,0.0,0.0,0.0,-1.0,0.0,NO_REGULAR_FIELD,0.3859160132258067,0,32,0,0,84
62.8,-50.27768636508845,-1.457243539608081,3.1337665839327835,0.0,0.0,0.0,0.0,-1.0,0.0,NO_REGULAR_FIELD,0.3859160132258067,0,32,0,0,84
62.81666666666667,-50.27768636508845,-1.457243539608081,3.1337665839327835,0.0,0.0,0.0,0.0,-1.0,0.0,NO_REGULAR_FIELD,0.3859160132258067,0,32,0,0,84
62.833333333333336,-50.27768636508845,-1.457243539608081,3.1337665839327835,0.0,0.0,0.0,0.0,-1.0,0.0,NO_REGULAR_FIELD,0.3859160132258067,0,32,0,0,84
62.85,-50.27768636508845,-1.457243539608081,3.1337665839327835,0.0,0.0,0.0,0.0,-1.0,0.0,NO_REGULAR_FIELD,0.3859160132258067,0,32,0,0,84
62.86666666666667,-50.27768636508845,-1.457243539608081,3.1337665839327835,0.0,0.0,0.0,0.0,-1.0,0.0,NO_REGULAR_FIELD,0.3859160132258067,0,32,0,0,84
62.88333333333333,-50.27768636508845,-1.457243539608081,3.1337665839327835,0.0,0.0,0.0,0.0,-1.0,0.0,NO_REGULAR_FIELD,0.3859160132258067,0,32,0,0,84
62.9,-50.27768636508845,-1.457243539608081,3.1337665839327835,0.0,0.0,0.0,0.0,-1.0,0.0,NO_REGULAR_FIELD,0.3859160132258067,0,32,0,0,84
62.916666666666664,-50.27768636508845,-1.457243539608081,3.1337665839327835,0.0,0.0,0.0,0.0,-1.0,0.0,NO_REGULAR_FIELD,0.3859160132258067,0,32,0,0,84
62.93333333333333,-50.27768636508845,-1.457243539608081,3.1337665839327835,0.0,0.0,0.0,0.0,-1.0,0.0,NO_REGULAR_FIELD,0.3859160132258067,0,32,0,0,84
62.95,-50.27768636508845,-1.457243539608081,3.1337665839327835,0.0,0.0,0.0,0.0,-1.0,0.0,NO_REGULAR_FIELD,0.3859160132258067,0,32,0,0,84
62.96666666666667,-50.27768636508845,-1.457243539608081,3.1337665839327835,0.0,0.0,0.0,0.0,-1.0,0.0,NO_REGULAR_FIELD,0.3859160132258067,0,32,0,0,84
62.983333333333334,-50.27768636508845,-1.457243539608081,3.1337665839327835,0.0,0.0,0.0,0.0,-1.0,0.0,NO_REGULAR_FIELD,0.3859160132258067,0,32,0,0,84
63.0,-50.27768636508845,-1.457243539608081,3.1337665839327835,0.0,0.0,0.0,0.0,-1.0,0.0,NO_REGULAR_FIELD,0.3859160132258067,0,32,0,0,84
63.016666666666666,-50.27768636508845,-1.457243539608081,3.1337665839327835,0.0,0.0,0.0,0.0,-1.0,0.0,NO_REGULAR_FIELD,0.3859160132258067,0,32,0,0,84
63.03333333333333,-50.27768636508845,-1.457243539608081,3.1337665839327835,0.0,0.0,0.0,0.0,-1.0,0.0,NO_REGULAR_FIELD,0.3859160132258067,0,32,0,0,84
63.05,-50.27768636508845,-1.457243539608081,3.1337665839327835,0.0,0.0,0.0,0.0,-1.0,0.0,NO_REGULAR_FIELD,0.3859160132258067,0,32,0,0,84
63.06666666666667,-50.27768636508845,-1.457243539608081,3.1337665839327835,0.0,0.0,0.0,0.0,-1.0,0.0,NO_REGULAR_FIELD,0.3859160132258067,0,32,0,0,84
63.083333333333336,-50.27768636508845,-1.457243539608081,3.1337665839327835,0.0,0.0,0.0,0.0,-1.0,0.0,NO_REGULAR_FIELD,0.3859160132258067,0,32,0,0,84
63.1,-50.27768636508845,-1.457243539608081,3.1337665839327835,0.0,0.0,0.0,0.0,-1.0,0.0,NO_REGULAR_FIELD,0.3859160132258067,0,32,0,0,84
63.11666666666667,-50.27768636508845,-1.457243539608081,3.1337665839327835,0.0,0.0,0.0,0.0,-1.0,0.0,NO_REGULAR_FIELD,0.3859160132258067,0,32,0,0,84
63.13333333333333,-50.27768636508845,-1.457243539608081,3.1337665839327835,0.0,0.0,0.0,0.0,-1.0,0.0,NO_REGULAR_FIELD,0.3859160132258067,0,32,0,0,84
63.15,-50.27768636508845,-1.457243539608081,3.1337665839327835,0.0,0.0,0.0,0.0,-1.0,0.0,NO_REGULAR_FIELD,0.3859160132258067,0,32,0,0,84
63.166666666666664,-50.27768636508845,-1.457243539608081,3.1337665839327835,0.0,0.0,0.0,0.0,-1.0,0.0,NO_REGULAR_FIELD,0.3859160132258067,0,32,0,0,84
63.18333333333333,-50.27768636508845,-1.457243539608081,3.1337665839327835,0.0,0.0,0.0,0.0,-1.0,0.0,NO_REGULAR_FIELD,0.3859160132258067,0,32,0,0,84
63.2,-50.27768636508845,-1.457243539608081,3.1337665839327835,0.0,0.0,0.0,0.0,-1.0,0.0,NO_REGULAR_FIELD,0.3859160132258067,0,32,0,0,84
63.21666666666667,-50.27768636508845,-1.457243539608081,3.1337665839327835,0.0,0.0,0.0,0.0,-1.0,0.0,NO_REGULAR_FIELD,0.3859160132258067,0,32,0,0,84
63.233333333333334,-50.27768636508845,-1.457243539608081,3.1337665839327835,0.0,0.0,0.0,0.0,-1.0,0.0,NO_REGULAR_FIELD,0.3859160132258067,0,32,0,0,84
63.25,-50.27768636508845,-1.457243539608081,3.1337665839327835,0.0,0.0,0.0,0.0,-1.0,0.0,NO_REGULAR_FIELD,0.3859160132258067,0,32,0,0,84
63.266666666666666,-50.27768636508845,-1.457243539608081,3.1337665839327835,0.0,0.0,0.0,0.0,-1.0,0.0,NO_REGULAR_FIELD,0.3859160132258067,0,32,0,0,84
63.28333333333333,-50.27768636508845,-1.457243539608081,3.1337665839327835,0.0,0.0,0.0,0.0,-1.0,0.0,NO_REGULAR_FIELD,0.3859160132258067,0,32,0,0,84
63.3,-50.27768636508845,-1.457243539608081,3.1337665839327835,0.0,0.0,0.0,0.0,-1.0,0.0,NO_REGULAR_FIELD,0.3859160132258067,0,32,0,0,84
63.31666666666667,-50.27768636508845,-1.457243539608081,3.1337665839327835,0.0,0.0,0.0,0.0,-1.0,0.0,NO_REGULAR_FIELD,0.3859160132258067,0,32,0,0,84
63.333333333333336,-50.27768636508845,-1.457243539608081,3.1337665839327835,0.0,0.0,0.0,0.0,-1.0,0.0,NO_REGULAR_FIELD,0.3859160132258067,0,32,0,0,84
63.35,-50.27768636508845,-1.457243539608081,3.1337665839327835,0.0,0.0,0.0,0.0,-1.0,0.0,NO_REGULAR_FIELD,0.3859160132258067,0,32,0,0,84
63.36666666666667,-50.27768636508845,-1.457243539608081,3.1337665839327835,0.0,0.0,0.0,0.0,-1.0,0.0,NO_REGULAR_FIELD,0.3859160132258067,0,32,0,0,84
63.38333333333333,-50.27768636508845,-1.457243539608081,3.1337665839327835,0.0,0.0,0.0,0.0,-1.0,0.0,NO_REGULAR_FIELD,0.3859160132258067,0,32,0,0,84
63.4,-50.27768636508845,-1.457243539608081,3.1337665839327835,0.0,0.0,0.0,0.0,-1.0,0.0,NO_REGULAR_FIELD,0.3859160132258067,0,32,0,0,84
63.416666666666664,-50.27768636508845,-1.457243539608081,3.1337665839327835,0.0,0.0,0.0,0.0,-1.0,0.0,NO_REGULAR_FIELD,0.3859160132258067,0,32,0,0,84
63.43333333333333,-50.27768636508845,-1.457243539608081,3.1337665839327835,0.0,0.0,0.0,0.0,-1.0,0.0,NO_REGULAR_FIELD,0.3859160132258067,0,32,0,0,84
63.45,-50.27768636508845,-1.457243539608081,3.1337665839327835,0.0,0.0,0.0,0.0,-1.0,0.0,NO_REGULAR_FIELD,0.3859160132258067,0,32,0,0,84
63.46666666666667,-50.27768636508845,-1.457243539608081,3.1337665839327835,0.0,0.0,0.0,0.0,-1.0,0.0,NO_REGULAR_FIELD,0.3859160132258067,0,32,0,0,84
63.483333333333334,-50.27768636508845,-1.457243539608081,3.1337665839327835,0.0,0.0,0.0,0.0,-1.0,0.0,NO_REGULAR_FIELD,0.3859160132258067,0,32,0,0,84
63.5,-50.27768636508845,-1.457243539608081,3.1337665839327835,0.0,0.0,0.0,0.0,-1.0,0.0,NO_REGULAR_FIELD,0.3859160132258067,0,32,0,0,84
63.516666666666666,-50.27768636508845,-1.457243539608081,3.1337665839327835,0.0,0.0,0.0,0.0,-1.0,0.0,NO_REGULAR_FIELD,0.3859160132258067,0,32,0,0,84
63.53333333333333,-50.27768636508845,-1.457243539608081,3.1337665839327835,0.0,0.0,0.0,0.0,-1.0,0.0,NO_REGULAR_FIELD,0.3859160132258067,0,32,0,0,84
63.55,-50.27768636508845,-1.457243539608081,3.1337665839327835,0.0,0.0,0.0,0.0,-1.0,0.0,NO_REGULAR_FIELD,0.3859160132258067,0,32,0,0,84
63.56666666666667,-50.27768636508845,-1.457243539608081,3.1337665839327835,0.0,0.0,0.0,0.0,-1.0,0.0,NO_REGULAR_FIELD,0.3859160132258067,0,32,0,0,84
63.583333333333336,-50.27768636508845,-1.457243539608081,3.1337665839327835,0.0,0.0,0.0,0.0,-1.0,0.0,NO_REGULAR_FIELD,0.3859160132258067,0,32,0,0,84
63.6,-50.27768636508845,-1.457243539608081,3.1337665839327835,0.0,0.0,0.0,0.0,-1.0,0.0,NO_REGULAR_FIELD,0.3859160132258067,0,32,0,0,84
63.61666666666667,-50.27768636508845,-1.457243539608081,3.1337665839327835,0.0,0.0,0.0,0.0,-1.0,0.0,NO_REGULAR_FIELD,0.3859160132258067,0,32,0,0,84
63.63333333333333,-50.27768636508845,-1.457243539608081,3.1337665839327835,0.0,0.0,0.0,0.0,-1.0,0.0,NO_REGULAR_FIELD,0.3859160132258067,0,32,0,0,84
63.65,-50.27768636508845,-1.457243539608081,3.1337665839327835,0.0,0.0,0.0,0.0,-1.0,0.0,NO_REGULAR_FIELD,0.3859160132258067,0,32,0,0,84
63.666666666666664,-50.27768636508845,-1.457243539608081,3.1337665839327835,0.0,0.0,0.0,0.0,-1.0,0.0,NO_REGULAR_FIELD,0.3859160132258067,0,32,0,0,84
63.68333333333333,-50.27768636508845,-1.457243539608081,3.1337665839327835,0.0,0.0,0.0,0.0,-1.0,0.0,NO_REGULAR_FIELD,0.3859160132258067,0,32,0,0,84
63.7,-50.27768636508845,-1.457243539608081,3.1337665839327835,0.0,0.0,0.0,0.0,-1.0,0.0,NO_REGULAR_FIELD,0.3859160132258067,0,32,0,0,84
63.71666666666667,-50.27768636508845,-1.457243539608081,3.1337665839327835,0.0,0.0,0.0,0.0,-1.0,0.0,NO_REGULAR_FIELD,0.3859160132258067,0,32,0,0,84
63.733333333333334,-50.27768636508845,-1.457243539608081,3.1337665839327835,0.0,0.0,0.0,0.0,-1.0,0.0,NO_REGULAR_FIELD,0.3859160132258067,0,32,0,0,84
63.75,-50.27768636508845,-1.457243539608081,3.1337665839327835,0.0,0.0,0.0,0.0,-1.0,0.0,NO_REGULAR_FIELD,0.3859160132258067,0,32,0,0,84
63.766666666666666,-50.27768636508845,-1.457243539608081,3.1337665839327835,0.0,0.0,0.0,0.0,-1.0,0.0,NO_REGULAR_FIELD,0.3859160132258067,0,32,0,0,84
63.78333333333333,-50.27768636508845,-1.457243539608081,3.1337665839327835,0.0,0.0,0.0,0.0,-1.0,0.0,NO_REGULAR_FIELD,0.3859160132258067,0,32,0,0,84
63.8,-50.27768636508845,-1.457243539608081,3.1337665839327835,0.0,0.0,0.0,0.0,-1.0,0.0,NO_REGULAR_FIELD,0.3859160132258067,0,32,0,0,84
63.81666666666667,-50.27768636508845,-1.457243539608081,3.1337665839327835,0.0,0.0,0.0,0.0,-1.0,0.0,NO_REGULAR_FIELD,0.3859160132258067,0,32,0,0,84
63.833333333333336,-50.27768636508845,-1.457243539608081,3.1337665839327835,0.0,0.0,0.0,0.0,-1.0,0.0,NO_REGULAR_FIELD,0.3859160132258067,0,32,0,0,84
63.85,-50.27768636508845,-1.457243539608081,3.1337665839327835,0.0,0.0,0.0,0.0,-1.0,0.0,NO_REGULAR_FIELD,0.3859160132258067,0,32,0,0,84
63.86666666666667,-50.27768636508845,-1.457243539608081,3.1337665839327835,0.0,0.0,0.0,0.0,-1.0,0.0,NO_REGULAR_FIELD,0.3859160132258067,0,32,0,0,84
63.88333333333333,-50.27768636508845,-1.457243539608081,3.1337665839327835,0.0,0.0,0.0,0.0,-1.0,0.0,NO_REGULAR_FIELD,0.3859160132258067,0,32,0,0,84
63.9,-50.27768636508845,-1.457243539608081,3.1337665839327835,0.0,0.0,0.0,0.0,-1.0,0.0,NO_REGULAR_FIELD,0.3859160132258067,0,32,0,0,84
63.916666666666664,-50.27768636508845,-1.457243539608081,3.1337665839327835,0.0,0.0,0.0,0.0,-1.0,0.0,NO_REGULAR_FIELD,0.3859160132258067,0,32,0,0,84
63.93333333333333,-50.27768636508845,-1.457243539608081,3.1337665839327835,0.0,0.0,0.0,0.0,-1.0,0.0,NO_REGULAR_FIELD,0.3859160132258067,0,32,0,0,84
63.95,-50.27768636508845,-1.457243539608081,3.1337665839327835,0.0,0.0,0.0,0.0,-1.0,0.0,NO_REGULAR_FIELD,0.3859160132258067,0,32,0,0,84
63.96666666666667,-50.27768636508845,-1.457243539608081,3.1337665839327835,0.0,0.0,0.0,0.0,-1.0,0.0,NO_REGULAR_FIELD,0.3859160132258067,0,32,0,0,84
63.983333333333334,-50.27768636508845,-1.457243539608081,3.1337665839327835,0.0,0.0,0.0,0.0,-1.0,0.0,NO_REGULAR_FIELD,0.3859160132258067,0,32,0,0,84
64.0,-50.27768636508845,-1.457243539608081,3.1337665839327835,0.0,0.0,0.0,0.0,-1.0,0.0,NO_REGULAR_FIELD,0.3859160132258067,0,32,0,0,84
64.01666666666667,-50.27768636508845,-1.457243539608081,3.1337665839327835,0.0,0.0,0.0,0.0,-1.0,0.0,NO_REGULAR_FIELD,0.3859160132258067,0,32,0,0,84
64.03333333333333,-50.27768636508845,-1.457243539608081,3.1337665839327835,0.0,0.0,0.0,0.0,-1.0,0.0,NO_REGULAR_FIELD,0.3859160132258067,0,32,0,0,84
64.05,-50.27768636508845,-1.457243539608081,3.1337665839327835,0.0,0.0,0.0,0.0,-1.0,0.0,NO_REGULAR_FIELD,0.3859160132258067,0,32,0,0,84
64.06666666666666,-50.27768636508845,-1.457243539608081,3.1337665839327835,0.0,0.0,0.0,0.0,-1.0,0.0,NO_REGULAR_FIELD,0.3859160132258067,0,32,0,0,84
64.08333333333333,-50.27768636508845,-1.457243539608081,3.1337665839327835,0.0,0.0,0.0,0.0,-1.0,0.0,NO_REGULAR_FIELD,0.3859160132258067,0,32,0,0,84
64.1,-50.27768636508845,-1.457243539608081,3.1337665839327835,0.0,0.0,0.0,0.0,-1.0,0.0,NO_REGULAR_FIELD,0.3859160132258067,0,32,0,0,84
64.11666666666666,-50.27768636508845,-1.457243539608081,3.1337665839327835,0.0,0.0,0.0,0.0,-1.0,0.0,NO_REGULAR_FIELD,0.3859160132258067,0,32,0,0,84
64.13333333333334,-50.27768636508845,-1.457243539608081,3.1337665839327835,0.0,0.0,0.0,0.0,-1.0,0.0,NO_REGULAR_FIELD,0.3859160132258067,0,32,0,0,84
64.15,-50.27768636508845,-1.457243539608081,3.1337665839327835,0.0,0.0,0.0,0.0,-1.0,0.0,NO_REGULAR_FIELD,0.3859160132258067,0,32,0,0,84
64.16666666666667,-50.27768636508845,-1.457243539608081,3.1337665839327835,0.0,0.0,0.0,0.0,-1.0,0.0,NO_REGULAR_FIELD,0.3859160132258067,0,32,0,0,84
64.18333333333334,-50.27768636508845,-1.457243539608081,3.1337665839327835,0.0,0.0,0.0,0.0,-1.0,0.0,NO_REGULAR_FIELD,0.3859160132258067,0,32,0,0,84
64.2,-50.27768636508845,-1.457243539608081,3.1337665839327835,0.0,0.0,0.0,0.0,-1.0,0.0,NO_REGULAR_FIELD,0.3859160132258067,0,32,0,0,84
64.21666666666667,-50.27768636508845,-1.457243539608081,3.1337665839327835,0.0,0.0,0.0,0.0,-1.0,0.0,NO_REGULAR_FIELD,0.3859160132258067,0,32,0,0,84
64.23333333333333,-50.27768636508845,-1.457243539608081,3.1337665839327835,0.0,0.0,0.0,0.0,-1.0,0.0,NO_REGULAR_FIELD,0.3859160132258067,0,32,0,0,84
64.25,-50.27768636508845,-1.457243539608081,3.1337665839327835,0.0,0.0,0.0,0.0,-1.0,0.0,NO_REGULAR_FIELD,0.3859160132258067,0,32,0,0,84
64.26666666666667,-50.27768636508845,-1.457243539608081,3.1337665839327835,0.0,0.0,0.0,0.0,-1.0,0.0,NO_REGULAR_FIELD,0.3859160132258067,0,32,0,0,84
64.28333333333333,-50.27768636508845,-1.457243539608081,3.1337665839327835,0.0,0.0,0.0,0.0,-1.0,0.0,NO_REGULAR_FIELD,0.3859160132258067,0,32,0,0,84
64.3,-50.27768636508845,-1.457243539608081,3.1337665839327835,0.0,0.0,0.0,0.0,-1.0,0.0,NO_REGULAR_FIELD,0.3859160132258067,0,32,0,0,84
64.31666666666666,-50.27768636508845,-1.457243539608081,3.1337665839327835,0.0,0.0,0.0,0.0,-1.0,0.0,NO_REGULAR_FIELD,0.3859160132258067,0,32,0,0,84
64.33333333333333,-50.27768636508845,-1.457243539608081,3.1337665839327835,0.0,0.0,0.0,0.0,-1.0,0.0,NO_REGULAR_FIELD,0.3859160132258067,0,32,0,0,84
64.35,-50.27768636508845,-1.457243539608081,3.1337665839327835,0.0,0.0,0.0,0.0,-1.0,0.0,NO_REGULAR_FIELD,0.3859160132258067,0,32,0,0,84
64.36666666666666,-50.27768636508845,-1.457243539608081,3.1337665839327835,0.0,0.0,0.0,0.0,-1.0,0.0,NO_REGULAR_FIELD,0.3859160132258067,0,32,0,0,84
64.38333333333334,-50.27768636508845,-1.457243539608081,3.1337665839327835,0.0,0.0,0.0,0.0,-1.0,0.0,NO_REGULAR_FIELD,0.3859160132258067,0,32,0,0,84
64.4,-50.27768636508845,-1.457243539608081,3.1337665839327835,0.0,0.0,0.0,0.0,-1.0,0.0,NO_REGULAR_FIELD,0.3859160132258067,0,32,0,0,84
64.41666666666667,-50.27768636508845,-1.457243539608081,3.1337665839327835,0.0,0.0,0.0,0.0,-1.0,0.0,NO_REGULAR_FIELD,0.3859160132258067,0,32,0,0,84
64.43333333333334,-50.27768636508845,-1.457243539608081,3.1337665839327835,0.0,0.0,0.0,0.0,-1.0,0.0,NO_REGULAR_FIELD,0.3859160132258067,0,32,0,0,84
64.45,-50.27768636508845,-1.457243539608081,3.1337665839327835,0.0,0.0,0.0,0.0,-1.0,0.0,NO_REGULAR_FIELD,0.3859160132258067,0,32,0,0,84
64.46666666666667,-50.27768636508845,-1.457243539608081,3.1337665839327835,0.0,0.0,0.0,0.0,-1.0,0.0,NO_REGULAR_FIELD,0.3859160132258067,0,32,0,0,84
64.48333333333333,-50.27768636508845,-1.457243539608081,3.1337665839327835,0.0,0.0,0.0,0.0,-1.0,0.0,NO_REGULAR_FIELD,0.3859160132258067,0,32,0,0,84
64.5,-50.27768636508845,-1.457243539608081,3.1337665839327835,0.0,0.0,0.0,0.0,-1.0,0.0,NO_REGULAR_FIELD,0.3859160132258067,0,32,0,0,84
64.51666666666667,-50.27768636508845,-1.457243539608081,3.1337665839327835,0.0,0.0,0.0,0.0,-1.0,0.0,NO_REGULAR_FIELD,0.3859160132258067,0,32,0,0,84
64.53333333333333,-50.27768636508845,-1.457243539608081,3.1337665839327835,0.0,0.0,0.0,0.0,-1.0,0.0,NO_REGULAR_FIELD,0.3859160132258067,0,32,0,0,84
64.55,-50.27768636508845,-1.457243539608081,3.1337665839327835,0.0,0.0,0.0,0.0,-1.0,0.0,NO_REGULAR_FIELD,0.3859160132258067,0,32,0,0,84
64.56666666666666,-50.27768636508845,-1.457243539608081,3.1337665839327835,0.0,0.0,0.0,0.0,-1.0,0.0,NO_REGULAR_FIELD,0.3859160132258067,0,32,0,0,84
64.58333333333333,-50.27768636508845,-1.457243539608081,3.1337665839327835,0.0,0.0,0.0,0.0,-1.0,0.0,NO_REGULAR_FIELD,0.3859160132258067,0,32,0,0,84
64.6,-50.27768636508845,-1.457243539608081,3.1337665839327835,0.0,0.0,0.0,0.0,-1.0,0.0,NO_REGULAR_FIELD,0.3859160132258067,0,32,0,0,84
64.61666666666666,-50.27768636508845,-1.457243539608081,3.1337665839327835,0.0,0.0,0.0,0.0,-1.0,0.0,NO_REGULAR_FIELD,0.3859160132258067,0,32,0,0,84
64.63333333333334,-50.27768636508845,-1.457243539608081,3.1337665839327835,0.0,0.0,0.0,0.0,-1.0,0.0,NO_REGULAR_FIELD,0.3859160132258067,0,32,0,0,84
64.65,-50.27768636508845,-1.457243539608081,3.1337665839327835,0.0,0.0,0.0,0.0,-1.0,0.0,NO_REGULAR_FIELD,0.3859160132258067,0,32,0,0,84
64.66666666666667,-50.27768636508845,-1.457243539608081,3.1337665839327835,0.0,0.0,0.0,0.0,-1.0,0.0,NO_REGULAR_FIELD,0.3859160132258067,0,32,0,0,84
64.68333333333334,-50.27768636508845,-1.457243539608081,3.1337665839327835,0.0,0.0,0.0,0.0,-1.0,0.0,NO_REGULAR_FIELD,0.3859160132258067,0,32,0,0,84
64.7,-50.27768636508845,-1.457243539608081,3.1337665839327835,0.0,0.0,0.0,0.0,-1.0,0.0,NO_REGULAR_FIELD,0.3859160132258067,0,32,0,0,84
64.71666666666667,-50.27768636508845,-1.457243539608081,3.1337665839327835,0.0,0.0,0.0,0.0,-1.0,0.0,NO_REGULAR_FIELD,0.3859160132258067,0,32,0,0,84
64.73333333333333,-50.27768636508845,-1.457243539608081,3.1337665839327835,0.0,0.0,0.0,0.0,-1.0,0.0,NO_REGULAR_FIELD,0.3859160132258067,0,32,0,0,84
64.75,-50.27768636508845,-1.457243539608081,3.1337665839327835,0.0,0.0,0.0,0.0,-1.0,0.0,NO_REGULAR_FIELD,0.3859160132258067,0,32,0,0,84
64.76666666666667,-50.27768636508845,-1.457243539608081,3.1337665839327835,0.0,0.0,0.0,0.0,-1.0,0.0,NO_REGULAR_FIELD,0.3859160132258067,0,32,0,0,84
64.78333333333333,-50.27768636508845,-1.457243539608081,3.1337665839327835,0.0,0.0,0.0,0.0,-1.0,0.0,NO_REGULAR_FIELD,0.3859160132258067,0,32,0,0,84
64.8,-50.27768636508845,-1.457243539608081,3.1337665839327835,0.0,0.0,0.0,0.0,-1.0,0.0,NO_REGULAR_FIELD,0.3859160132258067,0,32,0,0,84
64.81666666666666,-50.27768636508845,-1.457243539608081,3.1337665839327835,0.0,0.0,0.0,0.0,-1.0,0.0,NO_REGULAR_FIELD,0.3859160132258067,0,32,0,0,84
64.83333333333333,-50.27768636508845,-1.457243539608081,3.1337665839327835,0.0,0.0,0.0,0.0,-1.0,0.0,NO_REGULAR_FIELD,0.3859160132258067,0,32,0,0,84
64.85,-50.27768636508845,-1.457243539608081,3.1337665839327835,0.0,0.0,0.0,0.0,-1.0,0.0,NO_REGULAR_FIELD,0.3859160132258067,0,32,0,0,84
64.86666666666666,-50.27768636508845,-1.457243539608081,3.1337665839327835,0.0,0.0,0.0,0.0,-1.0,0.0,NO_REGULAR_FIELD,0.3859160132258067,0,32,0,0,84
64.88333333333334,-50.27768636508845,-1.457243539608081,3.1337665839327835,0.0,0.0,0.0,0.0,-1.0,0.0,NO_REGULAR_FIELD,0.3859160132258067,0,32,0,0,84
64.9,-50.27768636508845,-1.457243539608081,3.1337665839327835,0.0,0.0,0.0,0.0,-1.0,0.0,NO_REGULAR_FIELD,0.3859160132258067,0,32,0,0,84
64.91666666666667,-50.27768636508845,-1.457243539608081,3.1337665839327835,0.0,0.0,0.0,0.0,-1.0,0.0,NO_REGULAR_FIELD,0.3859160132258067,0,32,0,0,84
64.93333333333334,-50.27768636508845,-1.457243539608081,3.1337665839327835,0.0,0.0,0.0,0.0,-1.0,0.0,NO_REGULAR_FIELD,0.3859160132258067,0,32,0,0,84
64.95,-50.27768636508845,-1.457243539608081,3.1337665839327835,0.0,0.0,0.0,0.0,-1.0,0.0,NO_REGULAR_FIELD,0.3859160132258067,0,32,0,0,84
64.96666666666667,-50.27768636508845,-1.457243539608081,3.1337665839327835,0.0,0.0,0.0,0.0,-1.0,0.0,NO_REGULAR_FIELD,0.3859160132258067,0,32,0,0,84
64.98333333333333,-50.27768636508845,-1.457243539608081,3.1337665839327835,0.0,0.0,0.0,0.0,-1.0,0.0,NO_REGULAR_FIELD,0.3859160132258067,0,32,0,0,84
65.0,-50.27768636508845,-1.457243539608081,3.1337665839327835,0.0,0.0,0.0,0.0,-1.0,0.0,NO_REGULAR_FIELD,0.3859160132258067,0,32,0,0,84
65.01666666666667,-50.27768636508845,-1.457243539608081,3.1337665839327835,0.0,0.0,0.0,0.0,-1.0,0.0,NO_REGULAR_FIELD,0.3859160132258067,0,32,0,0,84
65.03333333333333,-50.27768636508845,-1.457243539608081,3.1337665839327835,0.0,0.0,0.0,0.0,-1.0,0.0,NO_REGULAR_FIELD,0.3859160132258067,0,32,0,0,84
65.05,-50.27768636508845,-1.457243539608081,3.1337665839327835,0.0,0.0,0.0,0.0,-1.0,0.0,NO_REGULAR_FIELD,0.3859160132258067,0,32,0,0,84
65.06666666666666,-50.27768636508845,-1.457243539608081,3.1337665839327835,0.0,0.0,0.0,0.0,-1.0,0.0,NO_REGULAR_FIELD,0.3859160132258067,0,32,0,0,84
65.08333333333333,-50.27768636508845,-1.457243539608081,3.1337665839327835,0.0,0.0,0.0,0.0,-1.0,0.0,NO_REGULAR_FIELD,0.3859160132258067,0,32,0,0,84
65.1,-50.27768636508845,-1.457243539608081,3.1337665839327835,0.0,0.0,0.0,0.0,-1.0,0.0,NO_REGULAR_FIELD,0.3859160132258067,0,32,0,0,84
65.11666666666666,-50.27768636508845,-1.457243539608081,3.1337665839327835,0.0,0.0,0.0,0.0,-1.0,0.0,NO_REGULAR_FIELD,0.3859160132258067,0,32,0,0,84
65.13333333333334,-50.27768636508845,-1.457243539608081,3.1337665839327835,0.0,0.0,0.0,0.0,-1.0,0.0,NO_REGULAR_FIELD,0.3859160132258067,0,32,0,0,84
65.15,-50.27768636508845,-1.457243539608081,3.1337665839327835,0.0,0.0,0.0,0.0,-1.0,0.0,NO_REGULAR_FIELD,0.3859160132258067,0,32,0,0,84
65.16666666666667,-50.27768636508845,-1.457243539608081,3.1337665839327835,0.0,0.0,0.0,0.0,-1.0,0.0,NO_REGULAR_FIELD,0.3859160132258067,0,32,0,0,84
65.18333333333334,-50.27768636508845,-1.457243539608081,3.1337665839327835,0.0,0.0,0.0,0.0,-1.0,0.0,NO_REGULAR_FIELD,0.3859160132258067,0,32,0,0,84
65.2,-50.27768636508845,-1.457243539608081,3.1337665839327835,0.0,0.0,0.0,0.0,-1.0,0.0,NO_REGULAR_FIELD,0.3859160132258067,0,32,0,0,84
65.21666666666667,-50.27768636508845,-1.457243539608081,3.1337665839327835,0.0,0.0,0.0,0.0,-1.0,0.0,NO_REGULAR_FIELD,0.3859160132258067,0,32,0,0,84
65.23333333333333,-50.27768636508845,-1.457243539608081,3.1337665839327835,0.0,0.0,0.0,0.0,-1.0,0.0,NO_REGULAR_FIELD,0.3859160132258067,0,32,0,0,84
65.25,-50.27768636508845,-1.457243539608081,3.1337665839327835,0.0,0.0,0.0,0.0,-1.0,0.0,NO_REGULAR_FIELD,0.3859160132258067,0,32,0,0,84
65.26666666666667,-50.27768636508845,-1.457243539608081,3.1337665839327835,0.0,0.0,0.0,0.0,-1.0,0.0,NO_REGULAR_FIELD,0.3859160132258067,0,32,0,0,84
65.28333333333333,-50.27768636508845,-1.457243539608081,3.1337665839327835,0.0,0.0,0.0,0.0,-1.0,0.0,NO_REGULAR_FIELD,0.3859160132258067,0,32,0,0,84
65.3,-50.27768636508845,-1.457243539608081,3.1337665839327835,0.0,0.0,0.0,0.0,-1.0,0.0,NO_REGULAR_FIELD,0.3859160132258067,0,32,0,0,84
65.31666666666666,-50.27768636508845,-1.457243539608081,3.1337665839327835,0.0,0.0,0.0,0.0,-1.0,0.0,NO_REGULAR_FIELD,0.3859160132258067,0,32,0,0,84
65.33333333333333,-50.27768636508845,-1.457243539608081,3.1337665839327835,0.0,0.0,0.0,0.0,-1.0,0.0,NO_REGULAR_FIELD,0.3859160132258067,0,32,0,0,84
65.35,-50.27768636508845,-1.457243539608081,3.1337665839327835,0.0,0.0,0.0,0.0,-1.0,0.0,NO_REGULAR_FIELD,0.3859160132258067,0,32,0,0,84
65.36666666666666,-50.27768636508845,-1.457243539608081,3.1337665839327835,0.0,0.0,0.0,0.0,-1.0,0.0,NO_REGULAR_FIELD,0.3859160132258067,0,32,0,0,84
65.38333333333334,-50.27768636508845,-1.457243539608081,3.1337665839327835,0.0,0.0,0.0,0.0,-1.0,0.0,NO_REGULAR_FIELD,0.3859160132258067,0,32,0,0,84
65.4,-50.27768636508845,-1.457243539608081,3.1337665839327835,0.0,0.0,0.0,0.0,-1.0,0.0,NO_REGULAR_FIELD,0.3859160132258067,0,32,0,0,84
65.41666666666667,-50.27768636508845,-1.457243539608081,3.1337665839327835,0.0,0.0,0.0,0.0,-1.0,0.0,NO_REGULAR_FIELD,0.3859160132258067,0,32,0,0,84
65.43333333333334,-50.27768636508845,-1.457243539608081,3.1337665839327835,0.0,0.0,0.0,0.0,-1.0,0.0,NO_REGULAR_FIELD,0.3859160132258067,0,32,0,0,84
65.45,-50.27768636508845,-1.457243539608081,3.1337665839327835,0.0,0.0,0.0,0.0,-1.0,0.0,NO_REGULAR_FIELD,0.3859160132258067,0,32,0,0,84
65.46666666666667,-50.27768636508845,-1.457243539608081,3.1337665839327835,0.0,0.0,0.0,0.0,-1.0,0.0,NO_REGULAR_FIELD,0.3859160132258067,0,32,0,0,84
65.48333333333333,-50.27768636508845,-1.457243539608081,3.1337665839327835,0.0,0.0,0.0,0.0,-1.0,0.0,NO_REGULAR_FIELD,0.3859160132258067,0,32,0,0,84
65.5,-50.27768636508845,-1.457243539608081,3.1337665839327835,0.0,0.0,0.0,0.0,-1.0,0.0,NO_REGULAR_FIELD,0.3859160132258067,0,32,0,0,84
65.51666666666667,-50.27768636508845,-1.457243539608081,3.1337665839327835,0.0,0.0,0.0,0.0,-1.0,0.0,NO_REGULAR_FIELD,0.3859160132258067,0,32,0,0,84
65.53333333333333,-50.27768636508845,-1.457243539608081,3.1337665839327835,0.0,0.0,0.0,0.0,-1.0,0.0,NO_REGULAR_FIELD,0.3859160132258067,0,32,0,0,84
65.55,-50.27768636508845,-1.457243539608081,3.1337665839327835,0.0,0.0,0.0,0.0,-1.0,0.0,NO_REGULAR_FIELD,0.3859160132258067,0,32,0,0,84
65.56666666666666,-50.27768636508845,-1.457243539608081,3.1337665839327835,0.0,0.0,0.0,0.0,-1.0,0.0,NO_REGULAR_FIELD,0.3859160132258067,0,32,0,0,84
65.58333333333333,-50.27768636508845,-1.457243539608081,3.1337665839327835,0.0,0.0,0.0,0.0,-1.0,0.0,NO_REGULAR_FIELD,0.3859160132258067,0,32,0,0,84
65.6,-50.27768636508845,-1.457243539608081,3.1337665839327835,0.0,0.0,0.0,0.0,-1.0,0.0,NO_REGULAR_FIELD,0.3859160132258067,0,32,0,0,84
65.61666666666666,-50.27768636508845,-1.457243539608081,3.1337665839327835,0.0,0.0,0.0,0.0,-1.0,0.0,NO_REGULAR_FIELD,0.3859160132258067,0,32,0,0,84
65.63333333333334,-50.27768636508845,-1.457243539608081,3.1337665839327835,0.0,0.0,0.0,0.0,-1.0,0.0,NO_REGULAR_FIELD,0.3859160132258067,0,32,0,0,84
65.65,-50.27768636508845,-1.457243539608081,3.1337665839327835,0.0,0.0,0.0,0.0,-1.0,0.0,NO_REGULAR_FIELD,0.3859160132258067,0,32,0,0,84
65.66666666666667,-50.27768636508845,-1.457243539608081,3.1337665839327835,0.0,0.0,0.0,0.0,-1.0,0.0,NO_REGULAR_FIELD,0.3859160132258067,0,32,0,0,84
65.68333333333334,-50.27768636508845,-1.457243539608081,3.1337665839327835,0.0,0.0,0.0,0.0,-1.0,0.0,NO_REGULAR_FIELD,0.3859160132258067,0,32,0,0,84
65.7,-50.27768636508845,-1.457243539608081,3.1337665839327835,0.0,0.0,0.0,0.0,-1.0,0.0,NO_REGULAR_FIELD,0.3859160132258067,0,32,0,0,84
65.71666666666667,-50.27768636508845,-1.457243539608081,3.1337665839327835,0.0,0.0,0.0,0.0,-1.0,0.0,NO_REGULAR_FIELD,0.3859160132258067,0,32,0,0,84
65.73333333333333,-50.27768636508845,-1.457243539608081,3.1337665839327835,0.0,0.0,0.0,0.0,-1.0,0.0,NO_REGULAR_FIELD,0.3859160132258067,0,32,0,0,84
65.75,-50.27768636508845,-1.457243539608081,3.1337665839327835,0.0,0.0,0.0,0.0,-1.0,0.0,NO_REGULAR_FIELD,0.3859160132258067,0,32,0,0,84
65.76666666666667,-50.27768636508845,-1.457243539608081,3.1337665839327835,0.0,0.0,0.0,0.0,-1.0,0.0,NO_REGULAR_FIELD,0.3859160132258067,0,32,0,0,84
65.78333333333333,-50.27768636508845,-1.457243539608081,3.1337665839327835,0.0,0.0,0.0,0.0,-1.0,0.0,NO_REGULAR_FIELD,0.3859160132258067,0,32,0,0,84
65.8,-50.27768636508845,-1.457243539608081,3.1337665839327835,0.0,0.0,0.0,0.0,-1.0,0.0,NO_REGULAR_FIELD,0.3859160132258067,0,32,0,0,84
65.81666666666666,-50.27768636508845,-1.457243539608081,3.1337665839327835,0.0,0.0,0.0,0.0,-1.0,0.0,NO_REGULAR_FIELD,0.3859160132258067,0,32,0,0,84
65.83333333333333,-50.27768636508845,-1.457243539608081,3.1337665839327835,0.0,0.0,0.0,0.0,-1.0,0.0,NO_REGULAR_FIELD,0.3859160132258067,0,32,0,0,84
65.85,-50.27768636508845,-1.457243539608081,3.1337665839327835,0.0,0.0,0.0,0.0,-1.0,0.0,NO_REGULAR_FIELD,0.3859160132258067,0,32,0,0,84
65.86666666666666,-50.27768636508845,-1.457243539608081,3.1337665839327835,0.0,0.0,0.0,0.0,-1.0,0.0,NO_REGULAR_FIELD,0.3859160132258067,0,32,0,0,84
65.88333333333334,-50.27768636508845,-1.457243539608081,3.1337665839327835,0.0,0.0,0.0,0.0,-1.0,0.0,NO_REGULAR_FIELD,0.3859160132258067,0,32,0,0,84
65.9,-50.27768636508845,-1.457243539608081,3.1337665839327835,0.0,0.0,0.0,0.0,-1.0,0.0,NO_REGULAR_FIELD,0.3859160132258067,0,32,0,0,84
65.91666666666667,-50.27768636508845,-1.457243539608081,3.1337665839327835,0.0,0.0,0.0,0.0,-1.0,0.0,NO_REGULAR_FIELD,0.3859160132258067,0,32,0,0,84
65.93333333333334,-50.27768636508845,-1.457243539608081,3.1337665839327835,0.0,0.0,0.0,0.0,-1.0,0.0,NO_REGULAR_FIELD,0.3859160132258067,0,32,0,0,84
65.95,-50.27768636508845,-1.457243539608081,3.1337665839327835,0.0,0.0,0.0,0.0,-1.0,0.0,NO_REGULAR_FIELD,0.3859160132258067,0,32,0,0,84
65.96666666666667,-50.27768636508845,-1.457243539608081,3.1337665839327835,0.0,0.0,0.0,0.0,-1.0,0.0,NO_REGULAR_FIELD,0.3859160132258067,0,32,0,0,84
65.98333333333333,-50.27768636508845,-1.457243539608081,3.1337665839327835,0.0,0.0,0.0,0.0,-1.0,0.0,NO_REGULAR_FIELD,0.3859160132258067,0,32,0,0,84
66.0,-50.27768636508845,-1.457243539608081,3.1337665839327835,0.0,0.0,0.0,0.0,-1.0,0.0,NO_REGULAR_FIELD,0.3859160132258067,0,32,0,0,84
66.01666666666667,-50.27768636508845,-1.457243539608081,3.1337665839327835,0.0,0.0,0.0,0.0,-1.0,0.0,NO_REGULAR_FIELD,0.3859160132258067,0,32,0,0,84
66.03333333333333,-50.27768636508845,-1.457243539608081,3.1337665839327835,0.0,0.0,0.0,0.0,-1.0,0.0,NO_REGULAR_FIELD,0.3859160132258067,0,32,0,0,84
66.05,-50.27768636508845,-1.457243539608081,3.1337665839327835,0.0,0.0,0.0,0.0,-1.0,0.0,NO_REGULAR_FIELD,0.3859160132258067,0,32,0,0,84
66.06666666666666,-50.27768636508845,-1.457243539608081,3.1337665839327835,0.0,0.0,0.0,0.0,-1.0,0.0,NO_REGULAR_FIELD,0.3859160132258067,0,32,0,0,84
66.08333333333333,-50.27768636508845,-1.457243539608081,3.1337665839327835,0.0,0.0,0.0,0.0,-1.0,0.0,NO_REGULAR_FIELD,0.3859160132258067,0,32,0,0,84
66.1,-50.27768636508845,-1.457243539608081,3.1337665839327835,0.0,0.0,0.0,0.0,-1.0,0.0,NO_REGULAR_FIELD,0.3859160132258067,0,32,0,0,84
66.11666666666666,-50.27768636508845,-1.457243539608081,3.1337665839327835,0.0,0.0,0.0,0.0,-1.0,0.0,NO_REGULAR_FIELD,0.3859160132258067,0,32,0,0,84
66.13333333333334,-50.27768636508845,-1.457243539608081,3.1337665839327835,0.0,0.0,0.0,0.0,-1.0,0.0,NO_REGULAR_FIELD,0.3859160132258067,0,32,0,0,84
66.15,-50.27768636508845,-1.457243539608081,3.1337665839327835,0.0,0.0,0.0,0.0,-1.0,0.0,NO_REGULAR_FIELD,0.3859160132258067,0,32,0,0,84
66.16666666666667,-50.27768636508845,-1.457243539608081,3.1337665839327835,0.0,0.0,0.0,0.0,-1.0,0.0,NO_REGULAR_FIELD,0.3859160132258067,0,32,0,0,84
66.18333333333334,-50.27768636508845,-1.457243539608081,3.1337665839327835,0.0,0.0,0.0,0.0,-1.0,0.0,NO_REGULAR_FIELD,0.3859160132258067,0,32,0,0,84
66.2,-50.27768636508845,-1.457243539608081,3.1337665839327835,0.0,0.0,0.0,0.0,-1.0,0.0,NO_REGULAR_FIELD,0.3859160132258067,0,32,0,0,84
66.21666666666667,-50.27768636508845,-1.457243539608081,3.1337665839327835,0.0,0.0,0.0,0.0,-1.0,0.0,NO_REGULAR_FIELD,0.3859160132258067,0,32,0,0,84
66.23333333333333,-50.27768636508845,-1.457243539608081,3.1337665839327835,0.0,0.0,0.0,0.0,-1.0,0.0,NO_REGULAR_FIELD,0.3859160132258067,0,32,0,0,84
66.25,-50.27768636508845,-1.457243539608081,3.1337665839327835,0.0,0.0,0.0,0.0,-1.0,0.0,NO_REGULAR_FIELD,0.3859160132258067,0,32,0,0,84
66.26666666666667,-50.27768636508845,-1.457243539608081,3.1337665839327835,0.0,0.0,0.0,0.0,-1.0,0.0,NO_REGULAR_FIELD,0.3859160132258067,0,32,0,0,84
66.28333333333333,-50.27768636508845,-1.457243539608081,3.1337665839327835,0.0,0.0,0.0,0.0,-1.0,0.0,NO_REGULAR_FIELD,0.3859160132258067,0,32,0,0,84
66.3,-50.27768636508845,-1.457243539608081,3.1337665839327835,0.0,0.0,0.0,0.0,-1.0,0.0,NO_REGULAR_FIELD,0.3859160132258067,0,32,0,0,84
66.31666666666666,-50.27768636508845,-1.457243539608081,3.1337665839327835,0.0,0.0,0.0,0.0,-1.0,0.0,NO_REGULAR_FIELD,0.3859160132258067,0,32,0,0,84
66.33333333333333,-50.27768636508845,-1.457243539608081,3.1337665839327835,0.0,0.0,0.0,0.0,-1.0,0.0,NO_REGULAR_FIELD,0.3859160132258067,0,32,0,0,84
66.35,-50.27768636508845,-1.457243539608081,3.1337665839327835,0.0,0.0,0.0,0.0,-1.0,0.0,NO_REGULAR_FIELD,0.3859160132258067,0,32,0,0,84
66.36666666666666,-50.27768636508845,-1.457243539608081,3.1337665839327835,0.0,0.0,0.0,0.0,-1.0,0.0,NO_REGULAR_FIELD,0.3859160132258067,0,32,0,0,84
66.38333333333334,-50.27768636508845,-1.457243539608081,3.1337665839327835,0.0,0.0,0.0,0.0,-1.0,0.0,NO_REGULAR_FIELD,0.3859160132258067,0,32,0,0,84
66.4,-50.27768636508845,-1.457243539608081,3.1337665839327835,0.0,0.0,0.0,0.0,-1.0,0.0,NO_REGULAR_FIELD,0.3859160132258067,0,32,0,0,84
66.41666666666667,-50.27768636508845,-1.457243539608081,3.1337665839327835,0.0,0.0,0.0,0.0,-1.0,0.0,NO_REGULAR_FIELD,0.3859160132258067,0,32,0,0,84
66.43333333333334,-50.27768636508845,-1.457243539608081,3.1337665839327835,0.0,0.0,0.0,0.0,-1.0,0.0,NO_REGULAR_FIELD,0.3859160132258067,0,32,0,0,84
66.45,-50.27768636508845,-1.457243539608081,3.1337665839327835,0.0,0.0,0.0,0.0,-1.0,0.0,NO_REGULAR_FIELD,0.3859160132258067,0,32,0,0,84
66.46666666666667,-50.27768636508845,-1.457243539608081,3.1337665839327835,0.0,0.0,0.0,0.0,-1.0,0.0,NO_REGULAR_FIELD,0.3859160132258067,0,32,0,0,84
66.48333333333333,-50.27768636508845,-1.457243539608081,3.1337665839327835,0.0,0.0,0.0,0.0,-1.0,0.0,NO_REGULAR_FIELD,0.3859160132258067,0,32,0,0,84
66.5,-50.27768636508845,-1.457243539608081,3.1337665839327835,0.0,0.0,0.0,0.0,-1.0,0.0,NO_REGULAR_FIELD,0.3859160132258067,0,32,0,0,84
66.51666666666667,-50.27768636508845,-1.457243539608081,3.1337665839327835,0.0,0.0,0.0,0.0,-1.0,0.0,NO_REGULAR_FIELD,0.3859160132258067,0,32,0,0,84
66.53333333333333,-50.27768636508845,-1.457243539608081,3.1337665839327835,0.0,0.0,0.0,0.0,-1.0,0.0,NO_REGULAR_FIELD,0.3859160132258067,0,32,0,0,84
66.55,-50.27768636508845,-1.457243539608081,3.1337665839327835,0.0,0.0,0.0,0.0,-1.0,0.0,NO_REGULAR_FIELD,0.3859160132258067,0,32,0,0,84
66.56666666666666,-50.27768636508845,-1.457243539608081,3.1337665839327835,0.0,0.0,0.0,0.0,-1.0,0.0,NO_REGULAR_FIELD,0.3859160132258067,0,32,0,0,84
66.58333333333333,-50.27768636508845,-1.457243539608081,3.1337665839327835,0.0,0.0,0.0,0.0,-1.0,0.0,NO_REGULAR_FIELD,0.3859160132258067,0,32,0,0,84
66.6,-50.27768636508845,-1.457243539608081,3.1337665839327835,0.0,0.0,0.0,0.0,-1.0,0.0,NO_REGULAR_FIELD,0.3859160132258067,0,32,0,0,84
66.61666666666666,-50.27768636508845,-1.457243539608081,3.1337665839327835,0.0,0.0,0.0,0.0,-1.0,0.0,NO_REGULAR_FIELD,0.3859160132258067,0,32,0,0,84
66.63333333333334,-50.27768636508845,-1.457243539608081,3.1337665839327835,0.0,0.0,0.0,0.0,-1.0,0.0,NO_REGULAR_FIELD,0.3859160132258067,0,32,0,0,84
66.65,-50.27768636508845,-1.457243539608081,3.1337665839327835,0.0,0.0,0.0,0.0,-1.0,0.0,NO_REGULAR_FIELD,0.3859160132258067,0,32,0,0,84
66.66666666666667,-50.27768636508845,-1.457243539608081,3.1337665839327835,0.0,0.0,0.0,0.0,-1.0,0.0,NO_REGULAR_FIELD,0.3859160132258067,0,32,0,0,84
66.68333333333334,-50.27768636508845,-1.457243539608081,3.1337665839327835,0.0,0.0,0.0,0.0,-1.0,0.0,NO_REGULAR_FIELD,0.3859160132258067,0,32,0,0,84
66.7,-50.27768636508845,-1.457243539608081,3.1337665839327835,0.0,0.0,0.0,0.0,-1.0,0.0,NO_REGULAR_FIELD,0.3859160132258067,0,32,0,0,84
66.71666666666667,-50.27768636508845,-1.457243539608081,3.1337665839327835,0.0,0.0,0.0,0.0,-1.0,0.0,NO_REGULAR_FIELD,0.3859160132258067,0,32,0,0,84
66.73333333333333,-50.27768636508845,-1.457243539608081,3.1337665839327835,0.0,0.0,0.0,0.0,-1.0,0.0,NO_REGULAR_FIELD,0.3859160132258067,0,32,0,0,84
66.75,-50.27768636508845,-1.457243539608081,3.1337665839327835,0.0,0.0,0.0,0.0,-1.0,0.0,NO_REGULAR_FIELD,0.3859160132258067,0,32,0,0,84
66.76666666666667,-50.27768636508845,-1.457243539608081,3.1337665839327835,0.0,0.0,0.0,0.0,-1.0,0.0,NO_REGULAR_FIELD,0.3859160132258067,0,32,0,0,84
66.78333333333333,-50.27768636508845,-1.457243539608081,3.1337665839327835,0.0,0.0,0.0,0.0,-1.0,0.0,NO_REGULAR_FIELD,0.3859160132258067,0,32,0,0,84
66.8,-50.27768636508845,-1.457243539608081,3.1337665839327835,0.0,0.0,0.0,0.0,-1.0,0.0,NO_REGULAR_FIELD,0.3859160132258067,0,32,0,0,84
66.81666666666666,-50.27768636508845,-1.457243539608081,3.1337665839327835,0.0,0.0,0.0,0.0,-1.0,0.0,NO_REGULAR_FIELD,0.3859160132258067,0,32,0,0,84
66.83333333333333,-50.27768636508845,-1.457243539608081,3.1337665839327835,0.0,0.0,0.0,0.0,-1.0,0.0,NO_REGULAR_FIELD,0.3859160132258067,0,32,0,0,84
66.85,-50.27768636508845,-1.457243539608081,3.1337665839327835,0.0,0.0,0.0,0.0,-1.0,0.0,NO_REGULAR_FIELD,0.3859160132258067,0,32,0,0,84
66.86666666666666,-50.27768636508845,-1.457243539608081,3.1337665839327835,0.0,0.0,0.0,0.0,-1.0,0.0,NO_REGULAR_FIELD,0.3859160132258067,0,32,0,0,84
66.88333333333334,-50.27768636508845,-1.457243539608081,3.1337665839327835,0.0,0.0,0.0,0.0,-1.0,0.0,NO_REGULAR_FIELD,0.3859160132258067,0,32,0,0,84
66.9,-50.27768636508845,-1.457243539608081,3.1337665839327835,0.0,0.0,0.0,0.0,-1.0,0.0,NO_REGULAR_FIELD,0.3859160132258067,0,32,0,0,84
66.91666666666667,-50.27768636508845,-1.457243539608081,3.1337665839327835,0.0,0.0,0.0,0.0,-1.0,0.0,NO_REGULAR_FIELD,0.3859160132258067,0,32,0,0,84
66.93333333333334,-50.27768636508845,-1.457243539608081,3.1337665839327835,0.0,0.0,0.0,0.0,-1.0,0.0,NO_REGULAR_FIELD,0.3859160132258067,0,32,0,0,84
66.95,-50.27768636508845,-1.457243539608081,3.1337665839327835,0.0,0.0,0.0,0.0,-1.0,0.0,NO_REGULAR_FIELD,0.3859160132258067,0,32,0,0,84
66.96666666666667,-50.27768636508845,-1.457243539608081,3.1337665839327835,0.0,0.0,0.0,0.0,-1.0,0.0,NO_REGULAR_FIELD,0.3859160132258067,0,32,0,0,84
66.98333333333333,-50.27768636508845,-1.457243539608081,3.1337665839327835,0.0,0.0,0.0,0.0,-1.0,0.0,NO_REGULAR_FIELD,0.3859160132258067,0,32,0,0,84
67.0,-50.27768636508845,-1.457243539608081,3.1337665839327835,0.0,0.0,0.0,0.0,-1.0,0.0,NO_REGULAR_FIELD,0.3859160132258067,0,32,0,0,84
67.01666666666667,-50.27768636508845,-1.457243539608081,3.1337665839327835,0.0,0.0,0.0,0.0,-1.0,0.0,NO_REGULAR_FIELD,0.3859160132258067,0,32,0,0,84
67.03333333333333,-50.27768636508845,-1.457243539608081,3.1337665839327835,0.0,0.0,0.0,0.0,-1.0,0.0,NO_REGULAR_FIELD,0.3859160132258067,0,32,0,0,84
67.05,-50.27768636508845,-1.457243539608081,3.1337665839327835,0.0,0.0,0.0,0.0,-1.0,0.0,NO_REGULAR_FIELD,0.3859160132258067,0,32,0,0,84
67.06666666666666,-50.27768636508845,-1.457243539608081,3.1337665839327835,0.0,0.0,0.0,0.0,-1.0,0.0,NO_REGULAR_FIELD,0.3859160132258067,0,32,0,0,84
67.08333333333333,-50.27768636508845,-1.457243539608081,3.1337665839327835,0.0,0.0,0.0,0.0,-1.0,0.0,NO_REGULAR_FIELD,0.3859160132258067,0,32,0,0,84
67.1,-50.27768636508845,-1.457243539608081,3.1337665839327835,0.0,0.0,0.0,0.0,-1.0,0.0,NO_REGULAR_FIELD,0.3859160132258067,0,32,0,0,84
67.11666666666666,-50.27768636508845,-1.457243539608081,3.1337665839327835,0.0,0.0,0.0,0.0,-1.0,0.0,NO_REGULAR_FIELD,0.3859160132258067,0,32,0,0,84
67.13333333333334,-50.27768636508845,-1.457243539608081,3.1337665839327835,0.0,0.0,0.0,0.0,-1.0,0.0,NO_REGULAR_FIELD,0.3859160132258067,0,32,0,0,84
67.15,-50.27768636508845,-1.457243539608081,3.1337665839327835,0.0,0.0,0.0,0.0,-1.0,0.0,NO_REGULAR_FIELD,0.3859160132258067,0,32,0,0,84
67.16666666666667,-50.27768636508845,-1.457243539608081,3.1337665839327835,0.0,0.0,0.0,0.0,-1.0,0.0,NO_REGULAR_FIELD,0.3859160132258067,0,32,0,0,84
67.18333333333334,-50.27768636508845,-1.457243539608081,3.1337665839327835,0.0,0.0,0.0,0.0,-1.0,0.0,NO_REGULAR_FIELD,0.3859160132258067,0,32,0,0,84
67.2,-50.27768636508845,-1.457243539608081,3.1337665839327835,0.0,0.0,0.0,0.0,-1.0,0.0,NO_REGULAR_FIELD,0.3859160132258067,0,32,0,0,84
67.21666666666667,-50.27768636508845,-1.457243539608081,3.1337665839327835,0.0,0.0,0.0,0.0,-1.0,0.0,NO_REGULAR_FIELD,0.3859160132258067,0,32,0,0,84
67.23333333333333,-50.27768636508845,-1.457243539608081,3.1337665839327835,0.0,0.0,0.0,0.0,-1.0,0.0,NO_REGULAR_FIELD,0.3859160132258067,0,32,0,0,84
67.25,-50.27768636508845,-1.457243539608081,3.1337665839327835,0.0,0.0,0.0,0.0,-1.0,0.0,NO_REGULAR_FIELD,0.3859160132258067,0,32,0,0,84
67.26666666666667,-50.27768636508845,-1.457243539608081,3.1337665839327835,0.0,0.0,0.0,0.0,-1.0,0.0,NO_REGULAR_FIELD,0.3859160132258067,0,32,0,0,84
67.28333333333333,-50.27768636508845,-1.457243539608081,3.1337665839327835,0.0,0.0,0.0,0.0,-1.0,0.0,NO_REGULAR_FIELD,0.3859160132258067,0,32,0,0,84
67.3,-50.27768636508845,-1.457243539608081,3.1337665839327835,0.0,0.0,0.0,0.0,-1.0,0.0,NO_REGULAR_FIELD,0.3859160132258067,0,32,0,0,84
67.31666666666666,-50.27768636508845,-1.457243539608081,3.1337665839327835,0.0,0.0,0.0,0.0,-1.0,0.0,NO_REGULAR_FIELD,0.3859160132258067,0,32,0,0,84
67.33333333333333,-50.27768636508845,-1.457243539608081,3.1337665839327835,0.0,0.0,0.0,0.0,-1.0,0.0,NO_REGULAR_FIELD,0.3859160132258067,0,32,0,0,84
67.35,-50.27768636508845,-1.457243539608081,3.1337665839327835,0.0,0.0,0.0,0.0,-1.0,0.0,NO_REGULAR_FIELD,0.3859160132258067,0,32,0,0,84
67.36666666666666,-50.27768636508845,-1.457243539608081,3.1337665839327835,0.0,0.0,0.0,0.0,-1.0,0.0,NO_REGULAR_FIELD,0.3859160132258067,0,32,0,0,84
67.38333333333334,-50.27768636508845,-1.457243539608081,3.1337665839327835,0.0,0.0,0.0,0.0,-1.0,0.0,NO_REGULAR_FIELD,0.3859160132258067,0,32,0,0,84
67.4,-50.27768636508845,-1.457243539608081,3.1337665839327835,0.0,0.0,0.0,0.0,-1.0,0.0,NO_REGULAR_FIELD,0.3859160132258067,0,32,0,0,84
67.41666666666667,-50.27768636508845,-1.457243539608081,3.1337665839327835,0.0,0.0,0.0,0.0,-1.0,0.0,NO_REGULAR_FIELD,0.3859160132258067,0,32,0,0,84
67.43333333333334,-50.27768636508845,-1.457243539608081,3.1337665839327835,0.0,0.0,0.0,0.0,-1.0,0.0,NO_REGULAR_FIELD,0.3859160132258067,0,32,0,0,84
67.45,-50.27768636508845,-1.457243539608081,3.1337665839327835,0.0,0.0,0.0,0.0,-1.0,0.0,NO_REGULAR_FIELD,0.3859160132258067,0,32,0,0,84
67.46666666666667,-50.27768636508845,-1.457243539608081,3.1337665839327835,0.0,0.0,0.0,0.0,-1.0,0.0,NO_REGULAR_FIELD,0.3859160132258067,0,32,0,0,84
67.48333333333333,-50.27768636508845,-1.457243539608081,3.1337665839327835,0.0,0.0,0.0,0.0,-1.0,0.0,NO_REGULAR_FIELD,0.3859160132258067,0,32,0,0,84
67.5,-50.27768636508845,-1.457243539608081,3.1337665839327835,0.0,0.0,0.0,0.0,-1.0,0.0,NO_REGULAR_FIELD,0.3859160132258067,0,32,0,0,84
67.51666666666667,-50.27768636508845,-1.457243539608081,3.1337665839327835,0.0,0.0,0.0,0.0,-1.0,0.0,NO_REGULAR_FIELD,0.3859160132258067,0,32,0,0,84
67.53333333333333,-50.27768636508845,-1.457243539608081,3.1337665839327835,0.0,0.0,0.0,0.0,-1.0,0.0,NO_REGULAR_FIELD,0.3859160132258067,0,32,0,0,84
67.55,-50.27768636508845,-1.457243539608081,3.1337665839327835,0.0,0.0,0.0,0.0,-1.0,0.0,NO_REGULAR_FIELD,0.3859160132258067,0,32,0,0,84
67.56666666666666,-50.27768636508845,-1.457243539608081,3.1337665839327835,0.0,0.0,0.0,0.0,-1.0,0.0,NO_REGULAR_FIELD,0.3859160132258067,0,32,0,0,84
67.58333333333333,-50.27768636508845,-1.457243539608081,3.1337665839327835,0.0,0.0,0.0,0.0,-1.0,0.0,NO_REGULAR_FIELD,0.3859160132258067,0,32,0,0,84
67.6,-50.27768636508845,-1.457243539608081,3.1337665839327835,0.0,0.0,0.0,0.0,-1.0,0.0,NO_REGULAR_FIELD,0.3859160132258067,0,32,0,0,84
67.61666666666666,-50.27768636508845,-1.457243539608081,3.1337665839327835,0.0,0.0,0.0,0.0,-1.0,0.0,NO_REGULAR_FIELD,0.3859160132258067,0,32,0,0,84
67.63333333333334,-50.27768636508845,-1.457243539608081,3.1337665839327835,0.0,0.0,0.0,0.0,-1.0,0.0,NO_REGULAR_FIELD,0.3859160132258067,0,32,0,0,84
67.65,-50.27768636508845,-1.457243539608081,3.1337665839327835,0.0,0.0,0.0,0.0,-1.0,0.0,NO_REGULAR_FIELD,0.3859160132258067,0,32,0,0,84
67.66666666666667,-50.27768636508845,-1.457243539608081,3.1337665839327835,0.0,0.0,0.0,0.0,-1.0,0.0,NO_REGULAR_FIELD,0.3859160132258067,0,32,0,0,84
67.68333333333334,-50.27768636508845,-1.457243539608081,3.1337665839327835,0.0,0.0,0.0,0.0,-1.0,0.0,NO_REGULAR_FIELD,0.3859160132258067,0,32,0,0,84
67.7,-50.27768636508845,-1.457243539608081,3.1337665839327835,0.0,0.0,0.0,0.0,-1.0,0.0,NO_REGULAR_FIELD,0.3859160132258067,0,32,0,0,84
67.71666666666667,-50.27768636508845,-1.457243539608081,3.1337665839327835,0.0,0.0,0.0,0.0,-1.0,0.0,NO_REGULAR_FIELD,0.3859160132258067,0,32,0,0,84
67.73333333333333,-50.27768636508845,-1.457243539608081,3.1337665839327835,0.0,0.0,0.0,0.0,-1.0,0.0,NO_REGULAR_FIELD,0.3859160132258067,0,32,0,0,84
67.75,-50.27768636508845,-1.457243539608081,3.1337665839327835,0.0,0.0,0.0,0.0,-1.0,0.0,NO_REGULAR_FIELD,0.3859160132258067,0,32,0,0,84
67.76666666666667,-50.27768636508845,-1.457243539608081,3.1337665839327835,0.0,0.0,0.0,0.0,-1.0,0.0,NO_REGULAR_FIELD,0.3859160132258067,0,32,0,0,84
67.78333333333333,-50.27768636508845,-1.457243539608081,3.1337665839327835,0.0,0.0,0.0,0.0,-1.0,0.0,NO_REGULAR_FIELD,0.3859160132258067,0,32,0,0,84
67.8,-50.27768636508845,-1.457243539608081,3.1337665839327835,0.0,0.0,0.0,0.0,-1.0,0.0,NO_REGULAR_FIELD,0.3859160132258067,0,32,0,0,84
67.81666666666666,-50.27768636508845,-1.457243539608081,3.1337665839327835,0.0,0.0,0.0,0.0,-1.0,0.0,NO_REGULAR_FIELD,0.3859160132258067,0,32,0,0,84
67.83333333333333,-50.27768636508845,-1.457243539608081,3.1337665839327835,0.0,0.0,0.0,0.0,-1.0,0.0,NO_REGULAR_FIELD,0.3859160132258067,0,32,0,0,84
67.85,-50.27768636508845,-1.457243539608081,3.1337665839327835,0.0,0.0,0.0,0.0,-1.0,0.0,NO_REGULAR_FIELD,0.3859160132258067,0,32,0,0,84
67.86666666666666,-50.27768636508845,-1.457243539608081,3.1337665839327835,0.0,0.0,0.0,0.0,-1.0,0.0,NO_REGULAR_FIELD,0.3859160132258067,0,32,0,0,84
67.88333333333334,-50.27768636508845,-1.457243539608081,3.1337665839327835,0.0,0.0,0.0,0.0,-1.0,0.0,NO_REGULAR_FIELD,0.3859160132258067,0,32,0,0,84
67.9,-50.27768636508845,-1.457243539608081,3.1337665839327835,0.0,0.0,0.0,0.0,-1.0,0.0,NO_REGULAR_FIELD,0.3859160132258067,0,32,0,0,84
67.91666666666667,-50.27768636508845,-1.457243539608081,3.1337665839327835,0.0,0.0,0.0,0.0,-1.0,0.0,NO_REGULAR_FIELD,0.3859160132258067,0,32,0,0,84
67.93333333333334,-50.27768636508845,-1.457243539608081,3.1337665839327835,0.0,0.0,0.0,0.0,-1.0,0.0,NO_REGULAR_FIELD,0.3859160132258067,0,32,0,0,84
67.95,-50.27768636508845,-1.457243539608081,3.1337665839327835,0.0,0.0,0.0,0.0,-1.0,0.0,NO_REGULAR_FIELD,0.3859160132258067,0,32,0,0,84
67.96666666666667,-50.27768636508845,-1.457243539608081,3.1337665839327835,0.0,0.0,0.0,0.0,-1.0,0.0,NO_REGULAR_FIELD,0.3859160132258067,0,32,0,0,84
67.98333333333333,-50.27768636508845,-1.457243539608081,3.1337665839327835,0.0,0.0,0.0,0.0,-1.0,0.0,NO_REGULAR_FIELD,0.3859160132258067,0,32,0,0,84
68.0,-50.27768636508845,-1.457243539608081,3.1337665839327835,0.0,0.0,0.0,0.0,-1.0,0.0,NO_REGULAR_FIELD,0.3859160132258067,0,32,0,0,84
68.01666666666667,-50.27768636508845,-1.457243539608081,3.1337665839327835,0.0,0.0,0.0,0.0,-1.0,0.0,NO_REGULAR_FIELD,0.3859160132258067,0,32,0,0,84
68.03333333333333,-50.27768636508845,-1.457243539608081,3.1337665839327835,0.0,0.0,0.0,0.0,-1.0,0.0,NO_REGULAR_FIELD,0.3859160132258067,0,32,0,0,84
68.05,-50.27768636508845,-1.457243539608081,3.1337665839327835,0.0,0.0,0.0,0.0,-1.0,0.0,NO_REGULAR_FIELD,0.3859160132258067,0,32,0,0,84
68.06666666666666,-50.27768636508845,-1.457243539608081,3.1337665839327835,0.0,0.0,0.0,0.0,-1.0,0.0,NO_REGULAR_FIELD,0.3859160132258067,0,32,0,0,84
68.08333333333333,-50.27768636508845,-1.457243539608081,3.1337665839327835,0.0,0.0,0.0,0.0,-1.0,0.0,NO_REGULAR_FIELD,0.3859160132258067,0,32,0,0,84
68.1,-50.27768636508845,-1.457243539608081,3.1337665839327835,0.0,0.0,0.0,0.0,-1.0,0.0,NO_REGULAR_FIELD,0.3859160132258067,0,32,0,0,84
68.11666666666666,-50.27768636508845,-1.457243539608081,3.1337665839327835,0.0,0.0,0.0,0.0,-1.0,0.0,NO_REGULAR_FIELD,0.3859160132258067,0,32,0,0,84
68.13333333333334,-50.27768636508845,-1.457243539608081,3.1337665839327835,0.0,0.0,0.0,0.0,-1.0,0.0,NO_REGULAR_FIELD,0.3859160132258067,0,32,0,0,84
68.15,-50.27768636508845,-1.457243539608081,3.1337665839327835,0.0,0.0,0.0,0.0,-1.0,0.0,NO_REGULAR_FIELD,0.3859160132258067,0,32,0,0,84
68.16666666666667,-50.27768636508845,-1.457243539608081,3.1337665839327835,0.0,0.0,0.0,0.0,-1.0,0.0,NO_REGULAR_FIELD,0.3859160132258067,0,32,0,0,84
68.18333333333334,-50.27768636508845,-1.457243539608081,3.1337665839327835,0.0,0.0,0.0,0.0,-1.0,0.0,NO_REGULAR_FIELD,0.3859160132258067,0,32,0,0,84
68.2,-50.27768636508845,-1.457243539608081,3.1337665839327835,0.0,0.0,0.0,0.0,-1.0,0.0,NO_REGULAR_FIELD,0.3859160132258067,0,32,0,0,84
68.21666666666667,-50.27768636508845,-1.457243539608081,3.1337665839327835,0.0,0.0,0.0,0.0,-1.0,0.0,NO_REGULAR_FIELD,0.3859160132258067,0,32,0,0,84
68.23333333333333,-50.27768636508845,-1.457243539608081,3.1337665839327835,0.0,0.0,0.0,0.0,-1.0,0.0,NO_REGULAR_FIELD,0.3859160132258067,0,32,0,0,84
68.25,-50.27768636508845,-1.457243539608081,3.1337665839327835,0.0,0.0,0.0,0.0,-1.0,0.0,NO_REGULAR_FIELD,0.3859160132258067,0,32,0,0,84
68.26666666666667,-50.27768636508845,-1.457243539608081,3.1337665839327835,0.0,0.0,0.0,0.0,-1.0,0.0,NO_REGULAR_FIELD,0.3859160132258067,0,32,0,0,84
68.28333333333333,-50.27768636508845,-1.457243539608081,3.1337665839327835,0.0,0.0,0.0,0.0,-1.0,0.0,NO_REGULAR_FIELD,0.3859160132258067,0,32,0,0,84
68.3,-50.27768636508845,-1.457243539608081,3.1337665839327835,0.0,0.0,0.0,0.0,-1.0,0.0,NO_REGULAR_FIELD,0.3859160132258067,0,32,0,0,84
68.31666666666666,-50.27768636508845,-1.457243539608081,3.1337665839327835,0.0,0.0,0.0,0.0,-1.0,0.0,NO_REGULAR_FIELD,0.3859160132258067,0,32,0,0,84
68.33333333333333,-50.27768636508845,-1.457243539608081,3.1337665839327835,0.0,0.0,0.0,0.0,-1.0,0.0,NO_REGULAR_FIELD,0.3859160132258067,0,32,0,0,84
68.35,-50.27768636508845,-1.457243539608081,3.1337665839327835,0.0,0.0,0.0,0.0,-1.0,0.0,NO_REGULAR_FIELD,0.3859160132258067,0,32,0,0,84
68.36666666666666,-50.27768636508845,-1.457243539608081,3.1337665839327835,0.0,0.0,0.0,0.0,-1.0,0.0,NO_REGULAR_FIELD,0.3859160132258067,0,32,0,0,84
68.38333333333334,-50.27768636508845,-1.457243539608081,3.1337665839327835,0.0,0.0,0.0,0.0,-1.0,0.0,NO_REGULAR_FIELD,0.3859160132258067,0,32,0,0,84
68.4,-50.27768636508845,-1.457243539608081,3.1337665839327835,0.0,0.0,0.0,0.0,-1.0,0.0,NO_REGULAR_FIELD,0.3859160132258067,0,32,0,0,84
68.41666666666667,-50.27768636508845,-1.457243539608081,3.1337665839327835,0.0,0.0,0.0,0.0,-1.0,0.0,NO_REGULAR_FIELD,0.3859160132258067,0,32,0,0,84
68.43333333333334,-50.27768636508845,-1.457243539608081,3.1337665839327835,0.0,0.0,0.0,0.0,-1.0,0.0,NO_REGULAR_FIELD,0.3859160132258067,0,32,0,0,84
68.45,-50.27768636508845,-1.457243539608081,3.1337665839327835,0.0,0.0,0.0,0.0,-1.0,0.0,NO_REGULAR_FIELD,0.3859160132258067,0,32,0,0,84
68.46666666666667,-50.27768636508845,-1.457243539608081,3.1337665839327835,0.0,0.0,0.0,0.0,-1.0,0.0,NO_REGULAR_FIELD,0.3859160132258067,0,32,0,0,84
68.48333333333333,-50.27768636508845,-1.457243539608081,3.1337665839327835,0.0,0.0,0.0,0.0,-1.0,0.0,NO_REGULAR_FIELD,0.3859160132258067,0,32,0,0,84
68.5,-50.27768636508845,-1.457243539608081,3.1337665839327835,0.0,0.0,0.0,0.0,-1.0,0.0,NO_REGULAR_FIELD,0.3859160132258067,0,32,0,0,84
68.51666666666667,-50.27768636508845,-1.457243539608081,3.1337665839327835,0.0,0.0,0.0,0.0,-1.0,0.0,NO_REGULAR_FIELD,0.3859160132258067,0,32,0,0,84
68.53333333333333,-50.27768636508845,-1.457243539608081,3.1337665839327835,0.0,0.0,0.0,0.0,-1.0,0.0,NO_REGULAR_FIELD,0.3859160132258067,0,32,0,0,84
68.55,-50.27768636508845,-1.457243539608081,3.1337665839327835,0.0,0.0,0.0,0.0,-1.0,0.0,NO_REGULAR_FIELD,0.3859160132258067,0,32,0,0,84
68.56666666666666,-50.27768636508845,-1.457243539608081,3.1337665839327835,0.0,0.0,0.0,0.0,-1.0,0.0,NO_REGULAR_FIELD,0.3859160132258067,0,32,0,0,84
68.58333333333333,-50.27768636508845,-1.457243539608081,3.1337665839327835,0.0,0.0,0.0,0.0,-1.0,0.0,NO_REGULAR_FIELD,0.3859160132258067,0,32,0,0,84
68.6,-50.27768636508845,-1.457243539608081,3.1337665839327835,0.0,0.0,0.0,0.0,-1.0,0.0,NO_REGULAR_FIELD,0.3859160132258067,0,32,0,0,84
68.61666666666666,-50.27768636508845,-1.457243539608081,3.1337665839327835,0.0,0.0,0.0,0.0,-1.0,0.0,NO_REGULAR_FIELD,0.3859160132258067,0,32,0,0,84
68.63333333333334,-50.27768636508845,-1.457243539608081,3.1337665839327835,0.0,0.0,0.0,0.0,-1.0,0.0,NO_REGULAR_FIELD,0.3859160132258067,0,32,0,0,84
68.65,-50.27768636508845,-1.457243539608081,3.1337665839327835,0.0,0.0,0.0,0.0,-1.0,0.0,NO_REGULAR_FIELD,0.3859160132258067,0,32,0,0,84
68.66666666666667,-50.27768636508845,-1.457243539608081,3.1337665839327835,0.0,0.0,0.0,0.0,-1.0,0.0,NO_REGULAR_FIELD,0.3859160132258067,0,32,0,0,84
68.68333333333334,-50.27768636508845,-1.457243539608081,3.1337665839327835,0.0,0.0,0.0,0.0,-1.0,0.0,NO_REGULAR_FIELD,0.3859160132258067,0,32,0,0,84
68.7,-50.27768636508845,-1.457243539608081,3.1337665839327835,0.0,0.0,0.0,0.0,-1.0,0.0,NO_REGULAR_FIELD,0.3859160132258067,0,32,0,0,84
68.71666666666667,-50.27768636508845,-1.457243539608081,3.1337665839327835,0.0,0.0,0.0,0.0,-1.0,0.0,NO_REGULAR_FIELD,0.3859160132258067,0,32,0,0,84
68.73333333333333,-50.27768636508845,-1.457243539608081,3.1337665839327835,0.0,0.0,0.0,0.0,-1.0,0.0,NO_REGULAR_FIELD,0.3859160132258067,0,32,0,0,84
68.75,-50.27768636508845,-1.457243539608081,3.1337665839327835,0.0,0.0,0.0,0.0,-1.0,0.0,NO_REGULAR_FIELD,0.3859160132258067,0,32,0,0,84
68.76666666666667,-50.27768636508845,-1.457243539608081,3.1337665839327835,0.0,0.0,0.0,0.0,-1.0,0.0,NO_REGULAR_FIELD,0.3859160132258067,0,32,0,0,84
68.78333333333333,-50.27768636508845,-1.457243539608081,3.1337665839327835,0.0,0.0,0.0,0.0,-1.0,0.0,NO_REGULAR_FIELD,0.3859160132258067,0,32,0,0,84
68.8,-50.27768636508845,-1.457243539608081,3.1337665839327835,0.0,0.0,0.0,0.0,-1.0,0.0,NO_REGULAR_FIELD,0.3859160132258067,0,32,0,0,84
68.81666666666666,-50.27768636508845,-1.457243539608081,3.1337665839327835,0.0,0.0,0.0,0.0,-1.0,0.0,NO_REGULAR_FIELD,0.3859160132258067,0,32,0,0,84
68.83333333333333,-50.27768636508845,-1.457243539608081,3.1337665839327835,0.0,0.0,0.0,0.0,-1.0,0.0,NO_REGULAR_FIELD,0.3859160132258067,0,32,0,0,84
68.85,-50.27768636508845,-1.457243539608081,3.1337665839327835,0.0,0.0,0.0,0.0,-1.0,0.0,NO_REGULAR_FIELD,0.3859160132258067,0,32,0,0,84
68.86666666666666,-50.27768636508845,-1.457243539608081,3.1337665839327835,0.0,0.0,0.0,0.0,-1.0,0.0,NO_REGULAR_FIELD,0.3859160132258067,0,32,0,0,84
68.88333333333334,-50.27768636508845,-1.457243539608081,3.1337665839327835,0.0,0.0,0.0,0.0,-1.0,0.0,NO_REGULAR_FIELD,0.3859160132258067,0,32,0,0,84
68.9,-50.27768636508845,-1.457243539608081,3.1337665839327835,0.0,0.0,0.0,0.0,-1.0,0.0,NO_REGULAR_FIELD,0.3859160132258067,0,32,0,0,84
68.91666666666667,-50.27768636508845,-1.457243539608081,3.1337665839327835,0.0,0.0,0.0,0.0,-1.0,0.0,NO_REGULAR_FIELD,0.3859160132258067,0,32,0,0,84
68.93333333333334,-50.27768636508845,-1.457243539608081,3.1337665839327835,0.0,0.0,0.0,0.0,-1.0,0.0,NO_REGULAR_FIELD,0.3859160132258067,0,32,0,0,84
68.95,-50.27768636508845,-1.457243539608081,3.1337665839327835,0.0,0.0,0.0,0.0,-1.0,0.0,NO_REGULAR_FIELD,0.3859160132258067,0,32,0,0,84
68.96666666666667,-50.27768636508845,-1.457243539608081,3.1337665839327835,0.0,0.0,0.0,0.0,-1.0,0.0,NO_REGULAR_FIELD,0.3859160132258067,0,32,0,0,84
68.98333333333333,-50.27768636508845,-1.457243539608081,3.1337665839327835,0.0,0.0,0.0,0.0,-1.0,0.0,NO_REGULAR_FIELD,0.3859160132258067,0,32,0,0,84
69.0,-50.27768636508845,-1.457243539608081,3.1337665839327835,0.0,0.0,0.0,0.0,-1.0,0.0,NO_REGULAR_FIELD,0.3859160132258067,0,32,0,0,84
69.01666666666667,-50.27768636508845,-1.457243539608081,3.1337665839327835,0.0,0.0,0.0,0.0,-1.0,0.0,NO_REGULAR_FIELD,0.3859160132258067,0,32,0,0,84
69.03333333333333,-50.27768636508845,-1.457243539608081,3.1337665839327835,0.0,0.0,0.0,0.0,-1.0,0.0,NO_REGULAR_FIELD,0.3859160132258067,0,32,0,0,84
69.05,-50.27768636508845,-1.457243539608081,3.1337665839327835,0.0,0.0,0.0,0.0,-1.0,0.0,NO_REGULAR_FIELD,0.3859160132258067,0,32,0,0,84
69.06666666666666,-50.27768636508845,-1.457243539608081,3.1337665839327835,0.0,0.0,0.0,0.0,-1.0,0.0,NO_REGULAR_FIELD,0.3859160132258067,0,32,0,0,84
69.08333333333333,-50.27768636508845,-1.457243539608081,3.1337665839327835,0.0,0.0,0.0,0.0,-1.0,0.0,NO_REGULAR_FIELD,0.3859160132258067,0,32,0,0,84
69.1,-50.27768636508845,-1.457243539608081,3.1337665839327835,0.0,0.0,0.0,0.0,-1.0,0.0,NO_REGULAR_FIELD,0.3859160132258067,0,32,0,0,84
69.11666666666666,-50.27768636508845,-1.457243539608081,3.1337665839327835,0.0,0.0,0.0,0.0,-1.0,0.0,NO_REGULAR_FIELD,0.3859160132258067,0,32,0,0,84
69.13333333333334,-50.27768636508845,-1.457243539608081,3.1337665839327835,0.0,0.0,0.0,0.0,-1.0,0.0,NO_REGULAR_FIELD,0.3859160132258067,0,32,0,0,84
69.15,-50.27768636508845,-1.457243539608081,3.1337665839327835,0.0,0.0,0.0,0.0,-1.0,0.0,NO_REGULAR_FIELD,0.3859160132258067,0,32,0,0,84
69.16666666666667,-50.27768636508845,-1.457243539608081,3.1337665839327835,0.0,0.0,0.0,0.0,-1.0,0.0,NO_REGULAR_FIELD,0.3859160132258067,0,32,0,0,84
69.18333333333334,-50.27768636508845,-1.457243539608081,3.1337665839327835,0.0,0.0,0.0,0.0,-1.0,0.0,NO_REGULAR_FIELD,0.3859160132258067,0,32,0,0,84
69.2,-50.27768636508845,-1.457243539608081,3.1337665839327835,0.0,0.0,0.0,0.0,-1.0,0.0,NO_REGULAR_FIELD,0.3859160132258067,0,32,0,0,84
69.21666666666667,-50.27768636508845,-1.457243539608081,3.1337665839327835,0.0,0.0,0.0,0.0,-1.0,0.0,NO_REGULAR_FIELD,0.3859160132258067,0,32,0,0,84
69.23333333333333,-50.27768636508845,-1.457243539608081,3.1337665839327835,0.0,0.0,0.0,0.0,-1.0,0.0,NO_REGULAR_FIELD,0.3859160132258067,0,32,0,0,84
69.25,-50.27768636508845,-1.457243539608081,3.1337665839327835,0.0,0.0,0.0,0.0,-1.0,0.0,NO_REGULAR_FIELD,0.3859160132258067,0,32,0,0,84
69.26666666666667,-50.27768636508845,-1.457243539608081,3.1337665839327835,0.0,0.0,0.0,0.0,-1.0,0.0,NO_REGULAR_FIELD,0.3859160132258067,0,32,0,0,84
69.28333333333333,-50.27768636508845,-1.457243539608081,3.1337665839327835,0.0,0.0,0.0,0.0,-1.0,0.0,NO_REGULAR_FIELD,0.3859160132258067,0,32,0,0,84
69.3,-50.27768636508845,-1.457243539608081,3.1337665839327835,0.0,0.0,0.0,0.0,-1.0,0.0,NO_REGULAR_FIELD,0.3859160132258067,0,32,0,0,84
69.31666666666666,-50.27768636508845,-1.457243539608081,3.1337665839327835,0.0,0.0,0.0,0.0,-1.0,0.0,NO_REGULAR_FIELD,0.3859160132258067,0,32,0,0,84
69.33333333333333,-50.27768636508845,-1.457243539608081,3.1337665839327835,0.0,0.0,0.0,0.0,-1.0,0.0,NO_REGULAR_FIELD,0.3859160132258067,0,32,0,0,84
69.35,-50.27768636508845,-1.457243539608081,3.1337665839327835,0.0,0.0,0.0,0.0,-1.0,0.0,NO_REGULAR_FIELD,0.3859160132258067,0,32,0,0,84
69.36666666666666,-50.27768636508845,-1.457243539608081,3.1337665839327835,0.0,0.0,0.0,0.0,-1.0,0.0,NO_REGULAR_FIELD,0.3859160132258067,0,32,0,0,84
69.38333333333334,-50.27768636508845,-1.457243539608081,3.1337665839327835,0.0,0.0,0.0,0.0,-1.0,0.0,NO_REGULAR_FIELD,0.3859160132258067,0,32,0,0,84
69.4,-50.27768636508845,-1.457243539608081,3.1337665839327835,0.0,0.0,0.0,0.0,-1.0,0.0,NO_REGULAR_FIELD,0.3859160132258067,0,32,0,0,84
69.41666666666667,-50.27768636508845,-1.457243539608081,3.1337665839327835,0.0,0.0,0.0,0.0,-1.0,0.0,NO_REGULAR_FIELD,0.3859160132258067,0,32,0,0,84
69.43333333333334,-50.27768636508845,-1.457243539608081,3.1337665839327835,0.0,0.0,0.0,0.0,-1.0,0.0,NO_REGULAR_FIELD,0.3859160132258067,0,32,0,0,84
69.45,-50.27768636508845,-1.457243539608081,3.1337665839327835,0.0,0.0,0.0,0.0,-1.0,0.0,NO_REGULAR_FIELD,0.3859160132258067,0,32,0,0,84
69.46666666666667,-50.27768636508845,-1.457243539608081,3.1337665839327835,0.0,0.0,0.0,0.0,-1.0,0.0,NO_REGULAR_FIELD,0.3859160132258067,0,32,0,0,84
69.48333333333333,-50.27768636508845,-1.457243539608081,3.1337665839327835,0.0,0.0,0.0,0.0,-1.0,0.0,NO_REGULAR_FIELD,0.3859160132258067,0,32,0,0,84
69.5,-50.27768636508845,-1.457243539608081,3.1337665839327835,0.0,0.0,0.0,0.0,-1.0,0.0,NO_REGULAR_FIELD,0.3859160132258067,0,32,0,0,84
69.51666666666667,-50.27768636508845,-1.457243539608081,3.1337665839327835,0.0,0.0,0.0,0.0,-1.0,0.0,NO_REGULAR_FIELD,0.3859160132258067,0,32,0,0,84
69.53333333333333,-50.27768636508845,-1.457243539608081,3.1337665839327835,0.0,0.0,0.0,0.0,-1.0,0.0,NO_REGULAR_FIELD,0.3859160132258067,0,32,0,0,84
69.55,-50.27768636508845,-1.457243539608081,3.1337665839327835,0.0,0.0,0.0,0.0,-1.0,0.0,NO_REGULAR_FIELD,0.3859160132258067,0,32,0,0,84
69.56666666666666,-50.27768636508845,-1.457243539608081,3.1337665839327835,0.0,0.0,0.0,0.0,-1.0,0.0,NO_REGULAR_FIELD,0.3859160132258067,0,32,0,0,84
69.58333333333333,-50.27768636508845,-1.457243539608081,3.1337665839327835,0.0,0.0,0.0,0.0,-1.0,0.0,NO_REGULAR_FIELD,0.3859160132258067,0,32,0,0,84
69.6,-50.27768636508845,-1.457243539608081,3.1337665839327835,0.0,0.0,0.0,0.0,-1.0,0.0,NO_REGULAR_FIELD,0.3859160132258067,0,32,0,0,84
69.61666666666666,-50.27768636508845,-1.457243539608081,3.1337665839327835,0.0,0.0,0.0,0.0,-1.0,0.0,NO_REGULAR_FIELD,0.3859160132258067,0,32,0,0,84
69.63333333333334,-50.27768636508845,-1.457243539608081,3.1337665839327835,0.0,0.0,0.0,0.0,-1.0,0.0,NO_REGULAR_FIELD,0.3859160132258067,0,32,0,0,84
69.65,-50.27768636508845,-1.457243539608081,3.1337665839327835,0.0,0.0,0.0,0.0,-1.0,0.0,NO_REGULAR_FIELD,0.3859160132258067,0,32,0,0,84
69.66666666666667,-50.27768636508845,-1.457243539608081,3.1337665839327835,0.0,0.0,0.0,0.0,-1.0,0.0,NO_REGULAR_FIELD,0.3859160132258067,0,32,0,0,84
69.68333333333334,-50.27768636508845,-1.457243539608081,3.1337665839327835,0.0,0.0,0.0,0.0,-1.0,0.0,NO_REGULAR_FIELD,0.3859160132258067,0,32,0,0,84
69.7,-50.27768636508845,-1.457243539608081,3.1337665839327835,0.0,0.0,0.0,0.0,-1.0,0.0,NO_REGULAR_FIELD,0.3859160132258067,0,32,0,0,84
69.71666666666667,-50.27768636508845,-1.457243539608081,3.1337665839327835,0.0,0.0,0.0,0.0,-1.0,0.0,NO_REGULAR_FIELD,0.3859160132258067,0,32,0,0,84
69.73333333333333,-50.27768636508845,-1.457243539608081,3.1337665839327835,0.0,0.0,0.0,0.0,-1.0,0.0,NO_REGULAR_FIELD,0.3859160132258067,0,32,0,0,84
69.75,-50.27768636508845,-1.457243539608081,3.1337665839327835,0.0,0.0,0.0,0.0,-1.0,0.0,NO_REGULAR_FIELD,0.3859160132258067,0,32,0,0,84
69.76666666666667,-50.27768636508845,-1.457243539608081,3.1337665839327835,0.0,0.0,0.0,0.0,-1.0,0.0,NO_REGULAR_FIELD,0.3859160132258067,0,32,0,0,84
69.78333333333333,-50.27768636508845,-1.457243539608081,3.1337665839327835,0.0,0.0,0.0,0.0,-1.0,0.0,NO_REGULAR_FIELD,0.3859160132258067,0,32,0,0,84
69.8,-50.27768636508845,-1.457243539608081,3.1337665839327835,0.0,0.0,0.0,0.0,-1.0,0.0,NO_REGULAR_FIELD,0.3859160132258067,0,32,0,0,84
69.81666666666666,-50.27768636508845,-1.457243539608081,3.1337665839327835,0.0,0.0,0.0,0.0,-1.0,0.0,NO_REGULAR_FIELD,0.3859160132258067,0,32,0,0,84
69.83333333333333,-50.27768636508845,-1.457243539608081,3.1337665839327835,0.0,0.0,0.0,0.0,-1.0,0.0,NO_REGULAR_FIELD,0.3859160132258067,0,32,0,0,84
69.85,-50.27768636508845,-1.457243539608081,3.1337665839327835,0.0,0.0,0.0,0.0,-1.0,0.0,NO_REGULAR_FIELD,0.3859160132258067,0,32,0,0,84
69.86666666666666,-50.27768636508845,-1.457243539608081,3.1337665839327835,0.0,0.0,0.0,0.0,-1.0,0.0,NO_REGULAR_FIELD,0.3859160132258067,0,32,0,0,84
69.88333333333334,-50.27768636508845,-1.457243539608081,3.1337665839327835,0.0,0.0,0.0,0.0,-1.0,0.0,NO_REGULAR_FIELD,0.3859160132258067,0,32,0,0,84
69.9,-50.27768636508845,-1.457243539608081,3.1337665839327835,0.0,0.0,0.0,0.0,-1.0,0.0,NO_REGULAR_FIELD,0.3859160132258067,0,32,0,0,84
69.91666666666667,-50.27768636508845,-1.457243539608081,3.1337665839327835,0.0,0.0,0.0,0.0,-1.0,0.0,NO_REGULAR_FIELD,0.3859160132258067,0,32,0,0,84
69.93333333333334,-50.27768636508845,-1.457243539608081,3.1337665839327835,0.0,0.0,0.0,0.0,-1.0,0.0,NO_REGULAR_FIELD,0.3859160132258067,0,32,0,0,84
69.95,-50.27768636508845,-1.457243539608081,3.1337665839327835,0.0,0.0,0.0,0.0,-1.0,0.0,NO_REGULAR_FIELD,0.3859160132258067,0,32,0,0,84
69.96666666666667,-50.27768636508845,-1.457243539608081,3.1337665839327835,0.0,0.0,0.0,0.0,-1.0,0.0,NO_REGULAR_FIELD,0.3859160132258067,0,32,0,0,84
69.98333333333333,-50.27768636508845,-1.457243539608081,3.1337665839327835,0.0,0.0,0.0,0.0,-1.0,0.0,NO_REGULAR_FIELD,0.3859160132258067,0,32,0,0,84
70.0,-50.27768636508845,-1.457243539608081,3.1337665839327835,0.0,0.0,0.0,0.0,-1.0,0.0,NO_REGULAR_FIELD,0.3859160132258067,0,32,0,0,84
70.01666666666667,-50.27768636508845,-1.457243539608081,3.1337665839327835,0.0,0.0,0.0,0.0,-1.0,0.0,NO_REGULAR_FIELD,0.3859160132258067,0,32,0,0,84
70.03333333333333,-50.27768636508845,-1.457243539608081,3.1337665839327835,0.0,0.0,0.0,0.0,-1.0,0.0,NO_REGULAR_FIELD,0.3859160132258067,0,32,0,0,84
70.05,-50.27768636508845,-1.457243539608081,3.1337665839327835,0.0,0.0,0.0,0.0,-1.0,0.0,NO_REGULAR_FIELD,0.3859160132258067,0,32,0,0,84
70.06666666666666,-50.27768636508845,-1.457243539608081,3.1337665839327835,0.0,0.0,0.0,0.0,-1.0,0.0,NO_REGULAR_FIELD,0.3859160132258067,0,32,0,0,84
70.08333333333333,-50.27768636508845,-1.457243539608081,3.1337665839327835,0.0,0.0,0.0,0.0,-1.0,0.0,NO_REGULAR_FIELD,0.3859160132258067,0,32,0,0,84
70.1,-50.27768636508845,-1.457243539608081,3.1337665839327835,0.0,0.0,0.0,0.0,-1.0,0.0,NO_REGULAR_FIELD,0.3859160132258067,0,32,0,0,84
70.11666666666666,-50.27768636508845,-1.457243539608081,3.1337665839327835,0.0,0.0,0.0,0.0,-1.0,0.0,NO_REGULAR_FIELD,0.3859160132258067,0,32,0,0,84
70.13333333333334,-50.27768636508845,-1.457243539608081,3.1337665839327835,0.0,0.0,0.0,0.0,-1.0,0.0,NO_REGULAR_FIELD,0.3859160132258067,0,32,0,0,84
70.15,-50.27768636508845,-1.457243539608081,3.1337665839327835,0.0,0.0,0.0,0.0,-1.0,0.0,NO_REGULAR_FIELD,0.3859160132258067,0,32,0,0,84
70.16666666666667,-50.27768636508845,-1.457243539608081,3.1337665839327835,0.0,0.0,0.0,0.0,-1.0,0.0,NO_REGULAR_FIELD,0.3859160132258067,0,32,0,0,84
70.18333333333334,-50.27768636508845,-1.457243539608081,3.1337665839327835,0.0,0.0,0.0,0.0,-1.0,0.0,NO_REGULAR_FIELD,0.3859160132258067,0,32,0,0,84
70.2,-50.27768636508845,-1.457243539608081,3.1337665839327835,0.0,0.0,0.0,0.0,-1.0,0.0,NO_REGULAR_FIELD,0.3859160132258067,0,32,0,0,84
70.21666666666667,-50.27768636508845,-1.457243539608081,3.1337665839327835,0.0,0.0,0.0,0.0,-1.0,0.0,NO_REGULAR_FIELD,0.3859160132258067,0,32,0,0,84
70.23333333333333,-50.27768636508845,-1.457243539608081,3.1337665839327835,0.0,0.0,0.0,0.0,-1.0,0.0,NO_REGULAR_FIELD,0.3859160132258067,0,32,0,0,84
70.25,-50.27768636508845,-1.457243539608081,3.1337665839327835,0.0,0.0,0.0,0.0,-1.0,0.0,NO_REGULAR_FIELD,0.3859160132258067,0,32,0,0,84
70.26666666666667,-50.27768636508845,-1.457243539608081,3.1337665839327835,0.0,0.0,0.0,0.0,-1.0,0.0,NO_REGULAR_FIELD,0.3859160132258067,0,32,0,0,84
70.28333333333333,-50.27768636508845,-1.457243539608081,3.1337665839327835,0.0,0.0,0.0,0.0,-1.0,0.0,NO_REGULAR_FIELD,0.3859160132258067,0,32,0,0,84
70.3,-50.27768636508845,-1.457243539608081,3.1337665839327835,0.0,0.0,0.0,0.0,-1.0,0.0,NO_REGULAR_FIELD,0.3859160132258067,0,32,0,0,84
70.31666666666666,-50.27768636508845,-1.457243539608081,3.1337665839327835,0.0,0.0,0.0,0.0,-1.0,0.0,NO_REGULAR_FIELD,0.3859160132258067,0,32,0,0,84
70.33333333333333,-50.27768636508845,-1.457243539608081,3.1337665839327835,0.0,0.0,0.0,0.0,-1.0,0.0,NO_REGULAR_FIELD,0.3859160132258067,0,32,0,0,84
70.35,-50.27768636508845,-1.457243539608081,3.1337665839327835,0.0,0.0,0.0,0.0,-1.0,0.0,NO_REGULAR_FIELD,0.3859160132258067,0,32,0,0,84
70.36666666666666,-50.27768636508845,-1.457243539608081,3.1337665839327835,0.0,0.0,0.0,0.0,-1.0,0.0,NO_REGULAR_FIELD,0.3859160132258067,0,32,0,0,84
70.38333333333334,-50.27768636508845,-1.457243539608081,3.1337665839327835,0.0,0.0,0.0,0.0,-1.0,0.0,NO_REGULAR_FIELD,0.3859160132258067,0,32,0,0,84
70.4,-50.27768636508845,-1.457243539608081,3.1337665839327835,0.0,0.0,0.0,0.0,-1.0,0.0,NO_REGULAR_FIELD,0.3859160132258067,0,32,0,0,84
70.41666666666667,-50.27768636508845,-1.457243539608081,3.1337665839327835,0.0,0.0,0.0,0.0,-1.0,0.0,NO_REGULAR_FIELD,0.3859160132258067,0,32,0,0,84
70.43333333333334,-50.27768636508845,-1.457243539608081,3.1337665839327835,0.0,0.0,0.0,0.0,-1.0,0.0,NO_REGULAR_FIELD,0.3859160132258067,0,32,0,0,84
70.45,-50.27768636508845,-1.457243539608081,3.1337665839327835,0.0,0.0,0.0,0.0,-1.0,0.0,NO_REGULAR_FIELD,0.3859160132258067,0,32,0,0,84
70.46666666666667,-50.27768636508845,-1.457243539608081,3.1337665839327835,0.0,0.0,0.0,0.0,-1.0,0.0,NO_REGULAR_FIELD,0.3859160132258067,0,32,0,0,84
70.48333333333333,-50.27768636508845,-1.457243539608081,3.1337665839327835,0.0,0.0,0.0,0.0,-1.0,0.0,NO_REGULAR_FIELD,0.3859160132258067,0,32,0,0,84
70.5,-50.27768636508845,-1.457243539608081,3.1337665839327835,0.0,0.0,0.0,0.0,-1.0,0.0,NO_REGULAR_FIELD,0.3859160132258067,0,32,0,0,84
70.51666666666667,-50.27768636508845,-1.457243539608081,3.1337665839327835,0.0,0.0,0.0,0.0,-1.0,0.0,NO_REGULAR_FIELD,0.3859160132258067,0,32,0,0,84
70.53333333333333,-50.27768636508845,-1.457243539608081,3.1337665839327835,0.0,0.0,0.0,0.0,-1.0,0.0,NO_REGULAR_FIELD,0.3859160132258067,0,32,0,0,84
70.55,-50.27768636508845,-1.457243539608081,3.1337665839327835,0.0,0.0,0.0,0.0,-1.0,0.0,NO_REGULAR_FIELD,0.3859160132258067,0,32,0,0,84
70.56666666666666,-50.27768636508845,-1.457243539608081,3.1337665839327835,0.0,0.0,0.0,0.0,-1.0,0.0,NO_REGULAR_FIELD,0.3859160132258067,0,32,0,0,84
70.58333333333333,-50.27768636508845,-1.457243539608081,3.1337665839327835,0.0,0.0,0.0,0.0,-1.0,0.0,NO_REGULAR_FIELD,0.3859160132258067,0,32,0,0,84
70.6,-50.27768636508845,-1.457243539608081,3.1337665839327835,0.0,0.0,0.0,0.0,-1.0,0.0,NO_REGULAR_FIELD,0.3859160132258067,0,32,0,0,84
70.61666666666666,-50.27768636508845,-1.457243539608081,3.1337665839327835,0.0,0.0,0.0,0.0,-1.0,0.0,NO_REGULAR_FIELD,0.3859160132258067,0,32,0,0,84
70.63333333333334,-50.27768636508845,-1.457243539608081,3.1337665839327835,0.0,0.0,0.0,0.0,-1.0,0.0,NO_REGULAR_FIELD,0.3859160132258067,0,32,0,0,84
70.65,-50.27768636508845,-1.457243539608081,3.1337665839327835,0.0,0.0,0.0,0.0,-1.0,0.0,NO_REGULAR_FIELD,0.3859160132258067,0,32,0,0,84
70.66666666666667,-50.27768636508845,-1.457243539608081,3.1337665839327835,0.0,0.0,0.0,0.0,-1.0,0.0,NO_REGULAR_FIELD,0.3859160132258067,0,32,0,0,84
70.68333333333334,-50.27768636508845,-1.457243539608081,3.1337665839327835,0.0,0.0,0.0,0.0,-1.0,0.0,NO_REGULAR_FIELD,0.3859160132258067,0,32,0,0,84
70.7,-50.27768636508845,-1.457243539608081,3.1337665839327835,0.0,0.0,0.0,0.0,-1.0,0.0,NO_REGULAR_FIELD,0.3859160132258067,0,32,0,0,84
70.71666666666667,-50.27768636508845,-1.457243539608081,3.1337665839327835,0.0,0.0,0.0,0.0,-1.0,0.0,NO_REGULAR_FIELD,0.3859160132258067,0,32,0,0,84
70.73333333333333,-50.27768636508845,-1.457243539608081,3.1337665839327835,0.0,0.0,0.0,0.0,-1.0,0.0,NO_REGULAR_FIELD,0.3859160132258067,0,32,0,0,84
70.75,-50.27768636508845,-1.457243539608081,3.1337665839327835,0.0,0.0,0.0,0.0,-1.0,0.0,NO_REGULAR_FIELD,0.3859160132258067,0,32,0,0,84
70.76666666666667,-50.27768636508845,-1.457243539608081,3.1337665839327835,0.0,0.0,0.0,0.0,-1.0,0.0,NO_REGULAR_FIELD,0.3859160132258067,0,32,0,0,84
70.78333333333333,-50.27768636508845,-1.457243539608081,3.1337665839327835,0.0,0.0,0.0,0.0,-1.0,0.0,NO_REGULAR_FIELD,0.3859160132258067,0,32,0,0,84
70.8,-50.27768636508845,-1.457243539608081,3.1337665839327835,0.0,0.0,0.0,0.0,-1.0,0.0,NO_REGULAR_FIELD,0.3859160132258067,0,32,0,0,84
70.81666666666666,-50.27768636508845,-1.457243539608081,3.1337665839327835,0.0,0.0,0.0,0.0,-1.0,0.0,NO_REGULAR_FIELD,0.3859160132258067,0,32,0,0,84
70.83333333333333,-50.27768636508845,-1.457243539608081,3.1337665839327835,0.0,0.0,0.0,0.0,-1.0,0.0,NO_REGULAR_FIELD,0.3859160132258067,0,32,0,0,84
70.85,-50.27768636508845,-1.457243539608081,3.1337665839327835,0.0,0.0,0.0,0.0,-1.0,0.0,NO_REGULAR_FIELD,0.3859160132258067,0,32,0,0,84
70.86666666666666,-50.27768636508845,-1.457243539608081,3.1337665839327835,0.0,0.0,0.0,0.0,-1.0,0.0,NO_REGULAR_FIELD,0.3859160132258067,0,32,0,0,84
70.88333333333334,-50.27768636508845,-1.457243539608081,3.1337665839327835,0.0,0.0,0.0,0.0,-1.0,0.0,NO_REGULAR_FIELD,0.3859160132258067,0,32,0,0,84
70.9,-50.27768636508845,-1.457243539608081,3.1337665839327835,0.0,0.0,0.0,0.0,-1.0,0.0,NO_REGULAR_FIELD,0.3859160132258067,0,32,0,0,84
70.91666666666667,-50.27768636508845,-1.457243539608081,3.1337665839327835,0.0,0.0,0.0,0.0,-1.0,0.0,NO_REGULAR_FIELD,0.3859160132258067,0,32,0,0,84
70.93333333333334,-50.27768636508845,-1.457243539608081,3.1337665839327835,0.0,0.0,0.0,0.0,-1.0,0.0,NO_REGULAR_FIELD,0.3859160132258067,0,32,0,0,84
70.95,-50.27768636508845,-1.457243539608081,3.1337665839327835,0.0,0.0,0.0,0.0,-1.0,0.0,NO_REGULAR_FIELD,0.3859160132258067,0,32,0,0,84
70.96666666666667,-50.27768636508845,-1.457243539608081,3.1337665839327835,0.0,0.0,0.0,0.0,-1.0,0.0,NO_REGULAR_FIELD,0.3859160132258067,0,32,0,0,84
70.98333333333333,-50.27768636508845,-1.457243539608081,3.1337665839327835,0.0,0.0,0.0,0.0,-1.0,0.0,NO_REGULAR_FIELD,0.3859160132258067,0,32,0,0,84
71.0,-50.27768636508845,-1.457243539608081,3.1337665839327835,0.0,0.0,0.0,0.0,-1.0,0.0,NO_REGULAR_FIELD,0.3859160132258067,0,32,0,0,84
71.01666666666667,-50.27768636508845,-1.457243539608081,3.1337665839327835,0.0,0.0,0.0,0.0,-1.0,0.0,NO_REGULAR_FIELD,0.3859160132258067,0,32,0,0,84
71.03333333333333,-50.27768636508845,-1.457243539608081,3.1337665839327835,0.0,0.0,0.0,0.0,-1.0,0.0,NO_REGULAR_FIELD,0.3859160132258067,0,32,0,0,84
71.05,-50.27768636508845,-1.457243539608081,3.1337665839327835,0.0,0.0,0.0,0.0,-1.0,0.0,NO_REGULAR_FIELD,0.3859160132258067,0,32,0,0,84
71.06666666666666,-50.27768636508845,-1.457243539608081,3.1337665839327835,0.0,0.0,0.0,0.0,-1.0,0.0,NO_REGULAR_FIELD,0.3859160132258067,0,32,0,0,84
71.08333333333333,-50.27768636508845,-1.457243539608081,3.1337665839327835,0.0,0.0,0.0,0.0,-1.0,0.0,NO_REGULAR_FIELD,0.3859160132258067,0,32,0,0,84
71.1,-50.27768636508845,-1.457243539608081,3.1337665839327835,0.0,0.0,0.0,0.0,-1.0,0.0,NO_REGULAR_FIELD,0.3859160132258067,0,32,0,0,84
71.11666666666666,-50.27768636508845,-1.457243539608081,3.1337665839327835,0.0,0.0,0.0,0.0,-1.0,0.0,NO_REGULAR_FIELD,0.3859160132258067,0,32,0,0,84
71.13333333333334,-50.27768636508845,-1.457243539608081,3.1337665839327835,0.0,0.0,0.0,0.0,-1.0,0.0,NO_REGULAR_FIELD,0.3859160132258067,0,32,0,0,84
71.15,-50.27768636508845,-1.457243539608081,3.1337665839327835,0.0,0.0,0.0,0.0,-1.0,0.0,NO_REGULAR_FIELD,0.3859160132258067,0,32,0,0,84
71.16666666666667,-50.27768636508845,-1.457243539608081,3.1337665839327835,0.0,0.0,0.0,0.0,-1.0,0.0,NO_REGULAR_FIELD,0.3859160132258067,0,32,0,0,84
71.18333333333334,-50.27768636508845,-1.457243539608081,3.1337665839327835,0.0,0.0,0.0,0.0,-1.0,0.0,NO_REGULAR_FIELD,0.3859160132258067,0,32,0,0,84
71.2,-50.27768636508845,-1.457243539608081,3.1337665839327835,0.0,0.0,0.0,0.0,-1.0,0.0,NO_REGULAR_FIELD,0.3859160132258067,0,32,0,0,84
71.21666666666667,-50.27768636508845,-1.457243539608081,3.1337665839327835,0.0,0.0,0.0,0.0,-1.0,0.0,NO_REGULAR_FIELD,0.3859160132258067,0,32,0,0,84
71.23333333333333,-50.27768636508845,-1.457243539608081,3.1337665839327835,0.0,0.0,0.0,0.0,-1.0,0.0,NO_REGULAR_FIELD,0.3859160132258067,0,32,0,0,84
71.25,-50.27768636508845,-1.457243539608081,3.1337665839327835,0.0,0.0,0.0,0.0,-1.0,0.0,NO_REGULAR_FIELD,0.3859160132258067,0,32,0,0,84
71.26666666666667,-50.27768636508845,-1.457243539608081,3.1337665839327835,0.0,0.0,0.0,0.0,-1.0,0.0,NO_REGULAR_FIELD,0.3859160132258067,0,32,0,0,84
71.28333333333333,-50.27768636508845,-1.457243539608081,3.1337665839327835,0.0,0.0,0.0,0.0,-1.0,0.0,NO_REGULAR_FIELD,0.3859160132258067,0,32,0,0,84
71.3,-50.27768636508845,-1.457243539608081,3.1337665839327835,0.0,0.0,0.0,0.0,-1.0,0.0,NO_REGULAR_FIELD,0.3859160132258067,0,32,0,0,84
71.31666666666666,-50.27768636508845,-1.457243539608081,3.1337665839327835,0.0,0.0,0.0,0.0,-1.0,0.0,NO_REGULAR_FIELD,0.3859160132258067,0,32,0,0,84
71.33333333333333,-50.27768636508845,-1.457243539608081,3.1337665839327835,0.0,0.0,0.0,0.0,-1.0,0.0,NO_REGULAR_FIELD,0.3859160132258067,0,32,0,0,84
71.35,-50.27768636508845,-1.457243539608081,3.1337665839327835,0.0,0.0,0.0,0.0,-1.0,0.0,NO_REGULAR_FIELD,0.3859160132258067,0,32,0,0,84
71.36666666666666,-50.27768636508845,-1.457243539608081,3.1337665839327835,0.0,0.0,0.0,0.0,-1.0,0.0,NO_REGULAR_FIELD,0.3859160132258067,0,32,0,0,84
71.38333333333334,-50.27768636508845,-1.457243539608081,3.1337665839327835,0.0,0.0,0.0,0.0,-1.0,0.0,NO_REGULAR_FIELD,0.3859160132258067,0,32,0,0,84
71.4,-50.27768636508845,-1.457243539608081,3.1337665839327835,0.0,0.0,0.0,0.0,-1.0,0.0,NO_REGULAR_FIELD,0.3859160132258067,0,32,0,0,84
71.41666666666667,-50.27768636508845,-1.457243539608081,3.1337665839327835,0.0,0.0,0.0,0.0,-1.0,0.0,NO_REGULAR_FIELD,0.3859160132258067,0,32,0,0,84
71.43333333333334,-50.27768636508845,-1.457243539608081,3.1337665839327835,0.0,0.0,0.0,0.0,-1.0,0.0,NO_REGULAR_FIELD,0.3859160132258067,0,32,0,0,84
71.45,-50.27768636508845,-1.457243539608081,3.1337665839327835,0.0,0.0,0.0,0.0,-1.0,0.0,NO_REGULAR_FIELD,0.3859160132258067,0,32,0,0,84
71.46666666666667,-50.27768636508845,-1.457243539608081,3.1337665839327835,0.0,0.0,0.0,0.0,-1.0,0.0,NO_REGULAR_FIELD,0.3859160132258067,0,32,0,0,84
71.48333333333333,-50.27768636508845,-1.457243539608081,3.1337665839327835,0.0,0.0,0.0,0.0,-1.0,0.0,NO_REGULAR_FIELD,0.3859160132258067,0,32,0,0,84
71.5,-50.27768636508845,-1.457243539608081,3.1337665839327835,0.0,0.0,0.0,0.0,-1.0,0.0,NO_REGULAR_FIELD,0.3859160132258067,0,32,0,0,84
71.51666666666667,-50.27768636508845,-1.457243539608081,3.1337665839327835,0.0,0.0,0.0,0.0,-1.0,0.0,NO_REGULAR_FIELD,0.3859160132258067,0,32,0,0,84
71.53333333333333,-50.27768636508845,-1.457243539608081,3.1337665839327835,0.0,0.0,0.0,0.0,-1.0,0.0,NO_REGULAR_FIELD,0.3859160132258067,0,32,0,0,84
71.55,-50.27768636508845,-1.457243539608081,3.1337665839327835,0.0,0.0,0.0,0.0,-1.0,0.0,NO_REGULAR_FIELD,0.3859160132258067,0,32,0,0,84
71.56666666666666,-50.27768636508845,-1.457243539608081,3.1337665839327835,0.0,0.0,0.0,0.0,-1.0,0.0,NO_REGULAR_FIELD,0.3859160132258067,0,32,0,0,84
71.58333333333333,-50.27768636508845,-1.457243539608081,3.1337665839327835,0.0,0.0,0.0,0.0,-1.0,0.0,NO_REGULAR_FIELD,0.3859160132258067,0,32,0,0,84
71.6,-50.27768636508845,-1.457243539608081,3.1337665839327835,0.0,0.0,0.0,0.0,-1.0,0.0,NO_REGULAR_FIELD,0.3859160132258067,0,32,0,0,84
71.61666666666666,-50.27768636508845,-1.457243539608081,3.1337665839327835,0.0,0.0,0.0,0.0,-1.0,0.0,NO_REGULAR_FIELD,0.3859160132258067,0,32,0,0,84
71.63333333333334,-50.27768636508845,-1.457243539608081,3.1337665839327835,0.0,0.0,0.0,0.0,-1.0,0.0,NO_REGULAR_FIELD,0.3859160132258067,0,32,0,0,84
71.65,-50.27768636508845,-1.457243539608081,3.1337665839327835,0.0,0.0,0.0,0.0,-1.0,0.0,NO_REGULAR_FIELD,0.3859160132258067,0,32,0,0,84
71.66666666666667,-50.27768636508845,-1.457243539608081,3.1337665839327835,0.0,0.0,0.0,0.0,-1.0,0.0,NO_REGULAR_FIELD,0.3859160132258067,0,32,0,0,84
71.68333333333334,-50.27768636508845,-1.457243539608081,3.1337665839327835,0.0,0.0,0.0,0.0,-1.0,0.0,NO_REGULAR_FIELD,0.3859160132258067,0,32,0,0,84
71.7,-50.27768636508845,-1.457243539608081,3.1337665839327835,0.0,0.0,0.0,0.0,-1.0,0.0,NO_REGULAR_FIELD,0.3859160132258067,0,32,0,0,84
71.71666666666667,-50.27768636508845,-1.457243539608081,3.1337665839327835,0.0,0.0,0.0,0.0,-1.0,0.0,NO_REGULAR_FIELD,0.3859160132258067,0,32,0,0,84
71.73333333333333,-50.27768636508845,-1.457243539608081,3.1337665839327835,0.0,0.0,0.0,0.0,-1.0,0.0,NO_REGULAR_FIELD,0.3859160132258067,0,32,0,0,84
71.75,-50.27768636508845,-1.457243539608081,3.1337665839327835,0.0,0.0,0.0,0.0,-1.0,0.0,NO_REGULAR_FIELD,0.3859160132258067,0,32,0,0,84
71.76666666666667,-50.27768636508845,-1.457243539608081,3.1337665839327835,0.0,0.0,0.0,0.0,-1.0,0.0,NO_REGULAR_FIELD,0.3859160132258067,0,32,0,0,84
71.78333333333333,-50.27768636508845,-1.457243539608081,3.1337665839327835,0.0,0.0,0.0,0.0,-1.0,0.0,NO_REGULAR_FIELD,0.3859160132258067,0,32,0,0,84
71.8,-50.27768636508845,-1.457243539608081,3.1337665839327835,0.0,0.0,0.0,0.0,-1.0,0.0,NO_REGULAR_FIELD,0.3859160132258067,0,32,0,0,84
71.81666666666666,-50.27768636508845,-1.457243539608081,3.1337665839327835,0.0,0.0,0.0,0.0,-1.0,0.0,NO_REGULAR_FIELD,0.3859160132258067,0,32,0,0,84
71.83333333333333,-50.27768636508845,-1.457243539608081,3.1337665839327835,0.0,0.0,0.0,0.0,-1.0,0.0,NO_REGULAR_FIELD,0.3859160132258067,0,32,0,0,84
71.85,-50.27768636508845,-1.457243539608081,3.1337665839327835,0.0,0.0,0.0,0.0,-1.0,0.0,NO_REGULAR_FIELD,0.3859160132258067,0,32,0,0,84
71.86666666666666,-50.27768636508845,-1.457243539608081,3.1337665839327835,0.0,0.0,0.0,0.0,-1.0,0.0,NO_REGULAR_FIELD,0.3859160132258067,0,32,0,0,84
71.88333333333334,-50.27768636508845,-1.457243539608081,3.1337665839327835,0.0,0.0,0.0,0.0,-1.0,0.0,NO_REGULAR_FIELD,0.3859160132258067,0,32,0,0,84
71.9,-50.27768636508845,-1.457243539608081,3.1337665839327835,0.0,0.0,0.0,0.0,-1.0,0.0,NO_REGULAR_FIELD,0.3859160132258067,0,32,0,0,84
71.91666666666667,-50.27768636508845,-1.457243539608081,3.1337665839327835,0.0,0.0,0.0,0.0,-1.0,0.0,NO_REGULAR_FIELD,0.3859160132258067,0,32,0,0,84
71.93333333333334,-50.27768636508845,-1.457243539608081,3.1337665839327835,0.0,0.0,0.0,0.0,-1.0,0.0,NO_REGULAR_FIELD,0.3859160132258067,0,32,0,0,84
71.95,-50.27768636508845,-1.457243539608081,3.1337665839327835,0.0,0.0,0.0,0.0,-1.0,0.0,NO_REGULAR_FIELD,0.3859160132258067,0,32,0,0,84
71.96666666666667,-50.27768636508845,-1.457243539608081,3.1337665839327835,0.0,0.0,0.0,0.0,-1.0,0.0,NO_REGULAR_FIELD,0.3859160132258067,0,32,0,0,84
71.98333333333333,-50.27768636508845,-1.457243539608081,3.1337665839327835,0.0,0.0,0.0,0.0,-1.0,0.0,NO_REGULAR_FIELD,0.3859160132258067,0,32,0,0,84
72.0,-50.27768636508845,-1.457243539608081,3.1337665839327835,0.0,0.0,0.0,0.0,-1.0,0.0,NO_REGULAR_FIELD,0.3859160132258067,0,32,0,0,84
72.01666666666667,-50.27768636508845,-1.457243539608081,3.1337665839327835,0.0,0.0,0.0,0.0,-1.0,0.0,NO_REGULAR_FIELD,0.3859160132258067,0,32,0,0,84
72.03333333333333,-50.27768636508845,-1.457243539608081,3.1337665839327835,0.0,0.0,0.0,0.0,-1.0,0.0,NO_REGULAR_FIELD,0.3859160132258067,0,32,0,0,84
72.05,-50.27768636508845,-1.457243539608081,3.1337665839327835,0.0,0.0,0.0,0.0,-1.0,0.0,NO_REGULAR_FIELD,0.3859160132258067,0,32,0,0,84
72.06666666666666,-50.27768636508845,-1.457243539608081,3.1337665839327835,0.0,0.0,0.0,0.0,-1.0,0.0,NO_REGULAR_FIELD,0.3859160132258067,0,32,0,0,84
72.08333333333333,-50.27768636508845,-1.457243539608081,3.1337665839327835,0.0,0.0,0.0,0.0,-1.0,0.0,NO_REGULAR_FIELD,0.3859160132258067,0,32,0,0,84
72.1,-50.27768636508845,-1.457243539608081,3.1337665839327835,0.0,0.0,0.0,0.0,-1.0,0.0,NO_REGULAR_FIELD,0.3859160132258067,0,32,0,0,84
72.11666666666666,-50.27768636508845,-1.457243539608081,3.1337665839327835,0.0,0.0,0.0,0.0,-1.0,0.0,NO_REGULAR_FIELD,0.3859160132258067,0,32,0,0,84
72.13333333333334,-50.27768636508845,-1.457243539608081,3.1337665839327835,0.0,0.0,0.0,0.0,-1.0,0.0,NO_REGULAR_FIELD,0.3859160132258067,0,32,0,0,84
72.15,-50.27768636508845,-1.457243539608081,3.1337665839327835,0.0,0.0,0.0,0.0,-1.0,0.0,NO_REGULAR_FIELD,0.3859160132258067,0,32,0,0,84
72.16666666666667,-50.27768636508845,-1.457243539608081,3.1337665839327835,0.0,0.0,0.0,0.0,-1.0,0.0,NO_REGULAR_FIELD,0.3859160132258067,0,32,0,0,84
72.18333333333334,-50.27768636508845,-1.457243539608081,3.1337665839327835,0.0,0.0,0.0,0.0,-1.0,0.0,NO_REGULAR_FIELD,0.3859160132258067,0,32,0,0,84
72.2,-50.27768636508845,-1.457243539608081,3.1337665839327835,0.0,0.0,0.0,0.0,-1.0,0.0,NO_REGULAR_FIELD,0.3859160132258067,0,32,0,0,84
72.21666666666667,-50.27768636508845,-1.457243539608081,3.1337665839327835,0.0,0.0,0.0,0.0,-1.0,0.0,NO_REGULAR_FIELD,0.3859160132258067,0,32,0,0,84
72.23333333333333,-50.27768636508845,-1.457243539608081,3.1337665839327835,0.0,0.0,0.0,0.0,-1.0,0.0,NO_REGULAR_FIELD,0.3859160132258067,0,32,0,0,84
72.25,-50.27768636508845,-1.457243539608081,3.1337665839327835,0.0,0.0,0.0,0.0,-1.0,0.0,NO_REGULAR_FIELD,0.3859160132258067,0,32,0,0,84
72.26666666666667,-50.27768636508845,-1.457243539608081,3.1337665839327835,0.0,0.0,0.0,0.0,-1.0,0.0,NO_REGULAR_FIELD,0.3859160132258067,0,32,0,0,84
72.28333333333333,-50.27768636508845,-1.457243539608081,3.1337665839327835,0.0,0.0,0.0,0.0,-1.0,0.0,NO_REGULAR_FIELD,0.3859160132258067,0,32,0,0,84
72.3,-50.27768636508845,-1.457243539608081,3.1337665839327835,0.0,0.0,0.0,0.0,-1.0,0.0,NO_REGULAR_FIELD,0.3859160132258067,0,32,0,0,84
72.31666666666666,-50.27768636508845,-1.457243539608081,3.1337665839327835,0.0,0.0,0.0,0.0,-1.0,0.0,NO_REGULAR_FIELD,0.3859160132258067,0,32,0,0,84
72.33333333333333,-50.27768636508845,-1.457243539608081,3.1337665839327835,0.0,0.0,0.0,0.0,-1.0,0.0,NO_REGULAR_FIELD,0.3859160132258067,0,32,0,0,84
72.35,-50.27768636508845,-1.457243539608081,3.1337665839327835,0.0,0.0,0.0,0.0,-1.0,0.0,NO_REGULAR_FIELD,0.3859160132258067,0,32,0,0,84
72.36666666666666,-50.27768636508845,-1.457243539608081,3.1337665839327835,0.0,0.0,0.0,0.0,-1.0,0.0,NO_REGULAR_FIELD,0.3859160132258067,0,32,0,0,84
72.38333333333334,-50.27768636508845,-1.457243539608081,3.1337665839327835,0.0,0.0,0.0,0.0,-1.0,0.0,NO_REGULAR_FIELD,0.3859160132258067,0,32,0,0,84
72.4,-50.27768636508845,-1.457243539608081,3.1337665839327835,0.0,0.0,0.0,0.0,-1.0,0.0,NO_REGULAR_FIELD,0.3859160132258067,0,32,0,0,84
72.41666666666667,-50.27768636508845,-1.457243539608081,3.1337665839327835,0.0,0.0,0.0,0.0,-1.0,0.0,NO_REGULAR_FIELD,0.3859160132258067,0,32,0,0,84
72.43333333333334,-50.27768636508845,-1.457243539608081,3.1337665839327835,0.0,0.0,0.0,0.0,-1.0,0.0,NO_REGULAR_FIELD,0.3859160132258067,0,32,0,0,84
72.45,-50.27768636508845,-1.457243539608081,3.1337665839327835,0.0,0.0,0.0,0.0,-1.0,0.0,NO_REGULAR_FIELD,0.3859160132258067,0,32,0,0,84
72.46666666666667,-50.27768636508845,-1.457243539608081,3.1337665839327835,0.0,0.0,0.0,0.0,-1.0,0.0,NO_REGULAR_FIELD,0.3859160132258067,0,32,0,0,84
72.48333333333333,-50.27768636508845,-1.457243539608081,3.1337665839327835,0.0,0.0,0.0,0.0,-1.0,0.0,NO_REGULAR_FIELD,0.3859160132258067,0,32,0,0,84
72.5,-50.27768636508845,-1.457243539608081,3.1337665839327835,0.0,0.0,0.0,0.0,-1.0,0.0,NO_REGULAR_FIELD,0.3859160132258067,0,32,0,0,84
72.51666666666667,-50.27768636508845,-1.457243539608081,3.1337665839327835,0.0,0.0,0.0,0.0,-1.0,0.0,NO_REGULAR_FIELD,0.3859160132258067,0,32,0,0,84
72.53333333333333,-50.27768636508845,-1.457243539608081,3.1337665839327835,0.0,0.0,0.0,0.0,-1.0,0.0,NO_REGULAR_FIELD,0.3859160132258067,0,32,0,0,84
72.55,-50.27768636508845,-1.457243539608081,3.1337665839327835,0.0,0.0,0.0,0.0,-1.0,0.0,NO_REGULAR_FIELD,0.3859160132258067,0,32,0,0,84
72.56666666666666,-50.27768636508845,-1.457243539608081,3.1337665839327835,0.0,0.0,0.0,0.0,-1.0,0.0,NO_REGULAR_FIELD,0.3859160132258067,0,32,0,0,84
72.58333333333333,-50.27768636508845,-1.457243539608081,3.1337665839327835,0.0,0.0,0.0,0.0,-1.0,0.0,NO_REGULAR_FIELD,0.3859160132258067,0,32,0,0,84
72.6,-50.27768636508845,-1.457243539608081,3.1337665839327835,0.0,0.0,0.0,0.0,-1.0,0.0,NO_REGULAR_FIELD,0.3859160132258067,0,32,0,0,84
72.61666666666666,-50.27768636508845,-1.457243539608081,3.1337665839327835,0.0,0.0,0.0,0.0,-1.0,0.0,NO_REGULAR_FIELD,0.3859160132258067,0,32,0,0,84
72.63333333333334,-50.27768636508845,-1.457243539608081,3.1337665839327835,0.0,0.0,0.0,0.0,-1.0,0.0,NO_REGULAR_FIELD,0.3859160132258067,0,32,0,0,84
72.65,-50.27768636508845,-1.457243539608081,3.1337665839327835,0.0,0.0,0.0,0.0,-1.0,0.0,NO_REGULAR_FIELD,0.3859160132258067,0,32,0,0,84
72.66666666666667,-50.27768636508845,-1.457243539608081,3.1337665839327835,0.0,0.0,0.0,0.0,-1.0,0.0,NO_REGULAR_FIELD,0.3859160132258067,0,32,0,0,84
72.68333333333334,-50.27768636508845,-1.457243539608081,3.1337665839327835,0.0,0.0,0.0,0.0,-1.0,0.0,NO_REGULAR_FIELD,0.3859160132258067,0,32,0,0,84
72.7,-50.27768636508845,-1.457243539608081,3.1337665839327835,0.0,0.0,0.0,0.0,-1.0,0.0,NO_REGULAR_FIELD,0.3859160132258067,0,32,0,0,84
72.71666666666667,-50.27768636508845,-1.457243539608081,3.1337665839327835,0.0,0.0,0.0,0.0,-1.0,0.0,NO_REGULAR_FIELD,0.3859160132258067,0,32,0,0,84
72.73333333333333,-50.27768636508845,-1.457243539608081,3.1337665839327835,0.0,0.0,0.0,0.0,-1.0,0.0,NO_REGULAR_FIELD,0.3859160132258067,0,32,0,0,84
72.75,-50.27768636508845,-1.457243539608081,3.1337665839327835,0.0,0.0,0.0,0.0,-1.0,0.0,NO_REGULAR_FIELD,0.3859160132258067,0,32,0,0,84
72.76666666666667,-50.27768636508845,-1.457243539608081,3.1337665839327835,0.0,0.0,0.0,0.0,-1.0,0.0,NO_REGULAR_FIELD,0.3859160132258067,0,32,0,0,84
72.78333333333333,-50.27768636508845,-1.457243539608081,3.1337665839327835,0.0,0.0,0.0,0.0,-1.0,0.0,NO_REGULAR_FIELD,0.3859160132258067,0,32,0,0,84
72.8,-50.27768636508845,-1.457243539608081,3.1337665839327835,0.0,0.0,0.0,0.0,-1.0,0.0,NO_REGULAR_FIELD,0.3859160132258067,0,32,0,0,84
72.81666666666666,-50.27768636508845,-1.457243539608081,3.1337665839327835,0.0,0.0,0.0,0.0,-1.0,0.0,NO_REGULAR_FIELD,0.3859160132258067,0,32,0,0,84
72.83333333333333,-50.27768636508845,-1.457243539608081,3.1337665839327835,0.0,0.0,0.0,0.0,-1.0,0.0,NO_REGULAR_FIELD,0.3859160132258067,0,32,0,0,84
72.85,-50.27768636508845,-1.457243539608081,3.1337665839327835,0.0,0.0,0.0,0.0,-1.0,0.0,NO_REGULAR_FIELD,0.3859160132258067,0,32,0,0,84
72.86666666666666,-50.27768636508845,-1.457243539608081,3.1337665839327835,0.0,0.0,0.0,0.0,-1.0,0.0,NO_REGULAR_FIELD,0.3859160132258067,0,32,0,0,84
72.88333333333334,-50.27768636508845,-1.457243539608081,3.1337665839327835,0.0,0.0,0.0,0.0,-1.0,0.0,NO_REGULAR_FIELD,0.3859160132258067,0,32,0,0,84
72.9,-50.27768636508845,-1.457243539608081,3.1337665839327835,0.0,0.0,0.0,0.0,-1.0,0.0,NO_REGULAR_FIELD,0.3859160132258067,0,32,0,0,84
72.91666666666667,-50.27768636508845,-1.457243539608081,3.1337665839327835,0.0,0.0,0.0,0.0,-1.0,0.0,NO_REGULAR_FIELD,0.3859160132258067,0,32,0,0,84
72.93333333333334,-50.27768636508845,-1.457243539608081,3.1337665839327835,0.0,0.0,0.0,0.0,-1.0,0.0,NO_REGULAR_FIELD,0.3859160132258067,0,32,0,0,84
72.95,-50.27768636508845,-1.457243539608081,3.1337665839327835,0.0,0.0,0.0,0.0,-1.0,0.0,NO_REGULAR_FIELD,0.3859160132258067,0,32,0,0,84
72.96666666666667,-50.27768636508845,-1.457243539608081,3.1337665839327835,0.0,0.0,0.0,0.0,-1.0,0.0,NO_REGULAR_FIELD,0.3859160132258067,0,32,0,0,84
72.98333333333333,-50.27768636508845,-1.457243539608081,3.1337665839327835,0.0,0.0,0.0,0.0,-1.0,0.0,NO_REGULAR_FIELD,0.3859160132258067,0,32,0,0,84
73.0,-50.27768636508845,-1.457243539608081,3.1337665839327835,0.0,0.0,0.0,0.0,-1.0,0.0,NO_REGULAR_FIELD,0.3859160132258067,0,32,0,0,84
73.01666666666667,-50.27768636508845,-1.457243539608081,3.1337665839327835,0.0,0.0,0.0,0.0,-1.0,0.0,NO_REGULAR_FIELD,0.3859160132258067,0,32,0,0,84
73.03333333333333,-50.27768636508845,-1.457243539608081,3.1337665839327835,0.0,0.0,0.0,0.0,-1.0,0.0,NO_REGULAR_FIELD,0.3859160132258067,0,32,0,0,84
73.05,-50.27768636508845,-1.457243539608081,3.1337665839327835,0.0,0.0,0.0,0.0,-1.0,0.0,NO_REGULAR_FIELD,0.3859160132258067,0,32,0,0,84
73.06666666666666,-50.27768636508845,-1.457243539608081,3.1337665839327835,0.0,0.0,0.0,0.0,-1.0,0.0,NO_REGULAR_FIELD,0.3859160132258067,0,32,0,0,84
73.08333333333333,-50.27768636508845,-1.457243539608081,3.1337665839327835,0.0,0.0,0.0,0.0,-1.0,0.0,NO_REGULAR_FIELD,0.3859160132258067,0,32,0,0,84
73.1,-50.27768636508845,-1.457243539608081,3.1337665839327835,0.0,0.0,0.0,0.0,-1.0,0.0,NO_REGULAR_FIELD,0.3859160132258067,0,32,0,0,84
73.11666666666666,-50.27768636508845,-1.457243539608081,3.1337665839327835,0.0,0.0,0.0,0.0,-1.0,0.0,NO_REGULAR_FIELD,0.3859160132258067,0,32,0,0,84
73.13333333333334,-50.27768636508845,-1.457243539608081,3.1337665839327835,0.0,0.0,0.0,0.0,-1.0,0.0,NO_REGULAR_FIELD,0.3859160132258067,0,32,0,0,84
73.15,-50.27768636508845,-1.457243539608081,3.1337665839327835,0.0,0.0,0.0,0.0,-1.0,0.0,NO_REGULAR_FIELD,0.3859160132258067,0,32,0,0,84
73.16666666666667,-50.27768636508845,-1.457243539608081,3.1337665839327835,0.0,0.0,0.0,0.0,-1.0,0.0,NO_REGULAR_FIELD,0.3859160132258067,0,32,0,0,84
73.18333333333334,-50.27768636508845,-1.457243539608081,3.1337665839327835,0.0,0.0,0.0,0.0,-1.0,0.0,NO_REGULAR_FIELD,0.3859160132258067,0,32,0,0,84
73.2,-50.27768636508845,-1.457243539608081,3.1337665839327835,0.0,0.0,0.0,0.0,-1.0,0.0,NO_REGULAR_FIELD,0.3859160132258067,0,32,0,0,84
73.21666666666667,-50.27768636508845,-1.457243539608081,3.1337665839327835,0.0,0.0,0.0,0.0,-1.0,0.0,NO_REGULAR_FIELD,0.3859160132258067,0,32,0,0,84
73.23333333333333,-50.27768636508845,-1.457243539608081,3.1337665839327835,0.0,0.0,0.0,0.0,-1.0,0.0,NO_REGULAR_FIELD,0.3859160132258067,0,32,0,0,84
73.25,-50.27768636508845,-1.457243539608081,3.1337665839327835,0.0,0.0,0.0,0.0,-1.0,0.0,NO_REGULAR_FIELD,0.3859160132258067,0,32,0,0,84
73.26666666666667,-50.27768636508845,-1.457243539608081,3.1337665839327835,0.0,0.0,0.0,0.0,-1.0,0.0,NO_REGULAR_FIELD,0.3859160132258067,0,32,0,0,84
73.28333333333333,-50.27768636508845,-1.457243539608081,3.1337665839327835,0.0,0.0,0.0,0.0,-1.0,0.0,NO_REGULAR_FIELD,0.3859160132258067,0,32,0,0,84
73.3,-50.27768636508845,-1.457243539608081,3.1337665839327835,0.0,0.0,0.0,0.0,-1.0,0.0,NO_REGULAR_FIELD,0.3859160132258067,0,32,0,0,84
73.31666666666666,-50.27768636508845,-1.457243539608081,3.1337665839327835,0.0,0.0,0.0,0.0,-1.0,0.0,NO_REGULAR_FIELD,0.3859160132258067,0,32,0,0,84
73.33333333333333,-50.27768636508845,-1.457243539608081,3.1337665839327835,0.0,0.0,0.0,0.0,-1.0,0.0,NO_REGULAR_FIELD,0.3859160132258067,0,32,0,0,84
73.35,-50.27768636508845,-1.457243539608081,3.1337665839327835,0.0,0.0,0.0,0.0,-1.0,0.0,NO_REGULAR_FIELD,0.3859160132258067,0,32,0,0,84
73.36666666666666,-50.27768636508845,-1.457243539608081,3.1337665839327835,0.0,0.0,0.0,0.0,-1.0,0.0,NO_REGULAR_FIELD,0.3859160132258067,0,32,0,0,84
73.38333333333334,-50.27768636508845,-1.457243539608081,3.1337665839327835,0.0,0.0,0.0,0.0,-1.0,0.0,NO_REGULAR_FIELD,0.3859160132258067,0,32,0,0,84
73.4,-50.27768636508845,-1.457243539608081,3.1337665839327835,0.0,0.0,0.0,0.0,-1.0,0.0,NO_REGULAR_FIELD,0.3859160132258067,0,32,0,0,84
73.41666666666667,-50.27768636508845,-1.457243539608081,3.1337665839327835,0.0,0.0,0.0,0.0,-1.0,0.0,NO_REGULAR_FIELD,0.3859160132258067,0,32,0,0,84
73.43333333333334,-50.27768636508845,-1.457243539608081,3.1337665839327835,0.0,0.0,0.0,0.0,-1.0,0.0,NO_REGULAR_FIELD,0.3859160132258067,0,32,0,0,84
73.45,-50.27768636508845,-1.457243539608081,3.1337665839327835,0.0,0.0,0.0,0.0,-1.0,0.0,NO_REGULAR_FIELD,0.3859160132258067,0,32,0,0,84
73.46666666666667,-50.27768636508845,-1.457243539608081,3.1337665839327835,0.0,0.0,0.0,0.0,-1.0,0.0,NO_REGULAR_FIELD,0.3859160132258067,0,32,0,0,84
73.48333333333333,-50.27768636508845,-1.457243539608081,3.1337665839327835,0.0,0.0,0.0,0.0,-1.0,0.0,NO_REGULAR_FIELD,0.3859160132258067,0,32,0,0,84
73.5,-50.27768636508845,-1.457243539608081,3.1337665839327835,0.0,0.0,0.0,0.0,-1.0,0.0,NO_REGULAR_FIELD,0.3859160132258067,0,32,0,0,84
73.51666666666667,-50.27768636508845,-1.457243539608081,3.1337665839327835,0.0,0.0,0.0,0.0,-1.0,0.0,NO_REGULAR_FIELD,0.3859160132258067,0,32,0,0,84
73.53333333333333,-50.27768636508845,-1.457243539608081,3.1337665839327835,0.0,0.0,0.0,0.0,-1.0,0.0,NO_REGULAR_FIELD,0.3859160132258067,0,32,0,0,84
73.55,-50.27768636508845,-1.457243539608081,3.1337665839327835,0.0,0.0,0.0,0.0,-1.0,0.0,NO_REGULAR_FIELD,0.3859160132258067,0,32,0,0,84
73.56666666666666,-50.27768636508845,-1.457243539608081,3.1337665839327835,0.0,0.0,0.0,0.0,-1.0,0.0,NO_REGULAR_FIELD,0.3859160132258067,0,32,0,0,84
73.58333333333333,-50.27768636508845,-1.457243539608081,3.1337665839327835,0.0,0.0,0.0,0.0,-1.0,0.0,NO_REGULAR_FIELD,0.3859160132258067,0,32,0,0,84
73.6,-50.27768636508845,-1.457243539608081,3.1337665839327835,0.0,0.0,0.0,0.0,-1.0,0.0,NO_REGULAR_FIELD,0.3859160132258067,0,32,0,0,84
73.61666666666666,-50.27768636508845,-1.457243539608081,3.1337665839327835,0.0,0.0,0.0,0.0,-1.0,0.0,NO_REGULAR_FIELD,0.3859160132258067,0,32,0,0,84
73.63333333333334,-50.27768636508845,-1.457243539608081,3.1337665839327835,0.0,0.0,0.0,0.0,-1.0,0.0,NO_REGULAR_FIELD,0.3859160132258067,0,32,0,0,84
73.65,-50.27768636508845,-1.457243539608081,3.1337665839327835,0.0,0.0,0.0,0.0,-1.0,0.0,NO_REGULAR_FIELD,0.3859160132258067,0,32,0,0,84
73.66666666666667,-50.27768636508845,-1.457243539608081,3.1337665839327835,0.0,0.0,0.0,0.0,-1.0,0.0,NO_REGULAR_FIELD,0.3859160132258067,0,32,0,0,84
73.68333333333334,-50.27768636508845,-1.457243539608081,3.1337665839327835,0.0,0.0,0.0,0.0,-1.0,0.0,NO_REGULAR_FIELD,0.3859160132258067,0,32,0,0,84
73.7,-50.27768636508845,-1.457243539608081,3.1337665839327835,0.0,0.0,0.0,0.0,-1.0,0.0,NO_REGULAR_FIELD,0.3859160132258067,0,32,0,0,84
73.71666666666667,-50.27768636508845,-1.457243539608081,3.1337665839327835,0.0,0.0,0.0,0.0,-1.0,0.0,NO_REGULAR_FIELD,0.3859160132258067,0,32,0,0,84
73.73333333333333,-50.27768636508845,-1.457243539608081,3.1337665839327835,0.0,0.0,0.0,0.0,-1.0,0.0,NO_REGULAR_FIELD,0.3859160132258067,0,32,0,0,84
73.75,-50.27768636508845,-1.457243539608081,3.1337665839327835,0.0,0.0,0.0,0.0,-1.0,0.0,NO_REGULAR_FIELD,0.3859160132258067,0,32,0,0,84
73.76666666666667,-50.27768636508845,-1.457243539608081,3.1337665839327835,0.0,0.0,0.0,0.0,-1.0,0.0,NO_REGULAR_FIELD,0.3859160132258067,0,32,0,0,84
73.78333333333333,-50.27768636508845,-1.457243539608081,3.1337665839327835,0.0,0.0,0.0,0.0,-1.0,0.0,NO_REGULAR_FIELD,0.3859160132258067,0,32,0,0,84
73.8,-50.27768636508845,-1.457243539608081,3.1337665839327835,0.0,0.0,0.0,0.0,-1.0,0.0,NO_REGULAR_FIELD,0.3859160132258067,0,32,0,0,84
73.81666666666666,-50.27768636508845,-1.457243539608081,3.1337665839327835,0.0,0.0,0.0,0.0,-1.0,0.0,NO_REGULAR_FIELD,0.3859160132258067,0,32,0,0,84
73.83333333333333,-50.27768636508845,-1.457243539608081,3.1337665839327835,0.0,0.0,0.0,0.0,-1.0,0.0,NO_REGULAR_FIELD,0.3859160132258067,0,32,0,0,84
73.85,-50.27768636508845,-1.457243539608081,3.1337665839327835,0.0,0.0,0.0,0.0,-1.0,0.0,NO_REGULAR_FIELD,0.3859160132258067,0,32,0,0,84
73.86666666666666,-50.27768636508845,-1.457243539608081,3.1337665839327835,0.0,0.0,0.0,0.0,-1.0,0.0,NO_REGULAR_FIELD,0.3859160132258067,0,32,0,0,84
73.88333333333334,-50.27768636508845,-1.457243539608081,3.1337665839327835,0.0,0.0,0.0,0.0,-1.0,0.0,NO_REGULAR_FIELD,0.3859160132258067,0,32,0,0,84
73.9,-50.27768636508845,-1.457243539608081,3.1337665839327835,0.0,0.0,0.0,0.0,-1.0,0.0,NO_REGULAR_FIELD,0.3859160132258067,0,32,0,0,84
73.91666666666667,-50.27768636508845,-1.457243539608081,3.1337665839327835,0.0,0.0,0.0,0.0,-1.0,0.0,NO_REGULAR_FIELD,0.3859160132258067,0,32,0,0,84
73.93333333333334,-50.27768636508845,-1.457243539608081,3.1337665839327835,0.0,0.0,0.0,0.0,-1.0,0.0,NO_REGULAR_FIELD,0.3859160132258067,0,32,0,0,84
73.95,-50.27768636508845,-1.457243539608081,3.1337665839327835,0.0,0.0,0.0,0.0,-1.0,0.0,NO_REGULAR_FIELD,0.3859160132258067,0,32,0,0,84
73.96666666666667,-50.27768636508845,-1.457243539608081,3.1337665839327835,0.0,0.0,0.0,0.0,-1.0,0.0,NO_REGULAR_FIELD,0.3859160132258067,0,32,0,0,84
73.98333333333333,-50.27768636508845,-1.457243539608081,3.1337665839327835,0.0,0.0,0.0,0.0,-1.0,0.0,NO_REGULAR_FIELD,0.3859160132258067,0,32,0,0,84
74.0,-50.27768636508845,-1.457243539608081,3.1337665839327835,0.0,0.0,0.0,0.0,0.0,0.0,NO_REGULAR_FIELD,0.3859160132258067,0,32,0,0,84
74.01666666666667,-50.27768636508845,-1.457243539608081,3.1337665839327835,0.0,0.0,0.0,0.0,0.0,0.0,NO_REGULAR_FIELD,0.3859160132258067,0,32,0,0,84
74.03333333333333,-50.27768636508845,-1.457243539608081,3.1337665839327835,0.0,0.0,0.0,0.0,0.0,0.0,NO_REGULAR_FIELD,0.3859160132258067,0,32,0,0,84
74.05,-50.27768636508845,-1.457243539608081,3.1337665839327835,0.0,0.0,0.0,0.0,0.0,0.0,ZERO_INTENT,0.3859160132258067,0,32,0,0,84
74.06666666666666,-50.27768636508845,-1.457243539608081,3.1337665839327835,0.0,0.0,0.0,0.0,0.0,0.0,ZERO_INTENT,0.3859160132258067,0,32,0,0,84
74.08333333333333,-50.27768636508845,-1.457243539608081,3.1337665839327835,0.0,0.0,0.0,0.0,0.0,0.0,ZERO_INTENT,0.3859160132258067,0,32,0,0,84
74.1,-50.27768636508845,-1.457243539608081,3.1337665839327835,0.0,0.0,0.0,0.0,0.0,0.0,ZERO_INTENT,0.3859160132258067,0,32,0,0,84
74.11666666666666,-50.27768636508845,-1.457243539608081,3.1337665839327835,0.0,0.0,0.0,0.0,0.0,0.0,ZERO_INTENT,0.3859160132258067,0,32,0,0,84
74.13333333333334,-50.27768636508845,-1.457243539608081,3.1337665839327835,0.0,0.0,0.0,0.0,0.0,0.0,ZERO_INTENT,0.3859160132258067,0,32,0,0,84
74.15,-50.27768636508845,-1.457243539608081,3.1337665839327835,0.0,0.0,0.0,0.0,0.0,0.0,ZERO_INTENT,0.3859160132258067,0,32,0,0,84
74.16666666666667,-50.27768636508845,-1.457243539608081,3.1337665839327835,0.0,0.0,0.0,0.0,0.0,0.0,ZERO_INTENT,0.3859160132258067,0,32,0,0,84
74.18333333333334,-50.27768636508845,-1.457243539608081,3.1337665839327835,0.0,0.0,0.0,0.0,0.0,0.0,ZERO_INTENT,0.3859160132258067,0,32,0,0,84
74.2,-50.27768636508845,-1.457243539608081,3.1337665839327835,0.0,0.0,0.0,0.0,0.0,0.0,ZERO_INTENT,0.3859160132258067,0,32,0,0,84
74.21666666666667,-50.27768636508845,-1.457243539608081,3.1337665839327835,0.0,0.0,0.0,0.0,0.0,0.0,ZERO_INTENT,0.3859160132258067,0,32,0,0,84
74.23333333333333,-50.27768636508845,-1.457243539608081,3.1337665839327835,0.0,0.0,0.0,0.0,0.0,0.0,ZERO_INTENT,0.3859160132258067,0,32,0,0,84
74.25,-50.27768636508845,-1.457243539608081,3.1337665839327835,0.0,0.0,0.0,0.0,0.0,0.0,ZERO_INTENT,0.3859160132258067,0,32,0,0,84
74.26666666666667,-50.27768636508845,-1.457243539608081,3.1337665839327835,0.0,0.0,0.0,0.0,0.0,0.0,ZERO_INTENT,0.3859160132258067,0,32,0,0,84
74.28333333333333,-50.27768636508845,-1.457243539608081,3.1337665839327835,0.0,0.0,0.0,0.0,0.0,0.0,ZERO_INTENT,0.3859160132258067,0,32,0,0,84
74.3,-50.27768636508845,-1.457243539608081,3.1337665839327835,0.0,0.0,0.0,0.0,0.0,0.0,ZERO_INTENT,0.3859160132258067,0,32,0,0,84
74.31666666666666,-50.27768636508845,-1.457243539608081,3.1337665839327835,0.0,0.0,0.0,0.0,0.0,0.0,ZERO_INTENT,0.3859160132258067,0,32,0,0,84
74.33333333333333,-50.27768636508845,-1.457243539608081,3.1337665839327835,0.0,0.0,0.0,0.0,0.0,0.0,ZERO_INTENT,0.3859160132258067,0,32,0,0,84
74.35,-50.27768636508845,-1.457243539608081,3.1337665839327835,0.0,0.0,0.0,0.0,0.0,0.0,ZERO_INTENT,0.3859160132258067,0,32,0,0,84
74.36666666666666,-50.27768636508845,-1.457243539608081,3.1337665839327835,0.0,0.0,0.0,0.0,0.0,0.0,ZERO_INTENT,0.3859160132258067,0,32,0,0,84
74.38333333333334,-50.27768636508845,-1.457243539608081,3.1337665839327835,0.0,0.0,0.0,0.0,0.0,0.0,ZERO_INTENT,0.3859160132258067,0,32,0,0,84
74.4,-50.27768636508845,-1.457243539608081,3.1337665839327835,0.0,0.0,0.0,0.0,0.0,0.0,ZERO_INTENT,0.3859160132258067,0,32,0,0,84
74.41666666666667,-50.27768636508845,-1.457243539608081,3.1337665839327835,0.0,0.0,0.0,0.0,0.0,0.0,ZERO_INTENT,0.3859160132258067,0,32,0,0,84
74.43333333333334,-50.27768636508845,-1.457243539608081,3.1337665839327835,0.0,0.0,0.0,0.0,0.0,0.0,ZERO_INTENT,0.3859160132258067,0,32,0,0,84
74.45,-50.27768636508845,-1.457243539608081,3.1337665839327835,0.0,0.0,0.0,0.0,0.0,0.0,ZERO_INTENT,0.3859160132258067,0,32,0,0,84
74.46666666666667,-50.27768636508845,-1.457243539608081,3.1337665839327835,0.0,0.0,0.0,0.0,0.0,0.0,ZERO_INTENT,0.3859160132258067,0,32,0,0,84
74.48333333333333,-50.27768636508845,-1.457243539608081,3.1337665839327835,0.0,0.0,0.0,0.0,0.0,0.0,ZERO_INTENT,0.3859160132258067,0,32,0,0,84
74.5,-50.27768636508845,-1.457243539608081,3.1337665839327835,0.0,0.0,0.0,0.0,0.0,0.0,ZERO_INTENT,0.3859160132258067,0,32,0,0,84
74.51666666666667,-50.27768636508845,-1.457243539608081,3.1337665839327835,0.0,0.0,0.0,0.0,0.0,0.0,ZERO_INTENT,0.3859160132258067,0,32,0,0,84
74.53333333333333,-50.27768636508845,-1.457243539608081,3.1337665839327835,0.0,0.0,0.0,0.0,0.0,0.0,ZERO_INTENT,0.3859160132258067,0,32,0,0,84
74.55,-50.27768636508845,-1.457243539608081,3.1337665839327835,0.0,0.0,0.0,0.0,0.0,0.0,ZERO_INTENT,0.3859160132258067,0,32,0,0,84
74.56666666666666,-50.27768636508845,-1.457243539608081,3.1337665839327835,0.0,0.0,0.0,0.0,0.0,0.0,ZERO_INTENT,0.3859160132258067,0,32,0,0,84
74.58333333333333,-50.27768636508845,-1.457243539608081,3.1337665839327835,0.0,0.0,0.0,0.0,0.0,0.0,ZERO_INTENT,0.3859160132258067,0,32,0,0,84
74.6,-50.27768636508845,-1.457243539608081,3.1337665839327835,0.0,0.0,0.0,0.0,0.0,0.0,ZERO_INTENT,0.3859160132258067,0,32,0,0,84
74.61666666666666,-50.27768636508845,-1.457243539608081,3.1337665839327835,0.0,0.0,0.0,0.0,0.0,0.0,ZERO_INTENT,0.3859160132258067,0,32,0,0,84
74.63333333333334,-50.27768636508845,-1.457243539608081,3.1337665839327835,0.0,0.0,0.0,0.0,0.0,0.0,ZERO_INTENT,0.3859160132258067,0,32,0,0,84
74.65,-50.27768636508845,-1.457243539608081,3.1337665839327835,0.0,0.0,0.0,0.0,0.0,0.0,ZERO_INTENT,0.3859160132258067,0,32,0,0,84
74.66666666666667,-50.27768636508845,-1.457243539608081,3.1337665839327835,0.0,0.0,0.0,0.0,0.0,0.0,ZERO_INTENT,0.3859160132258067,0,32,0,0,84
74.68333333333334,-50.27768636508845,-1.457243539608081,3.1337665839327835,0.0,0.0,0.0,0.0,0.0,0.0,ZERO_INTENT,0.3859160132258067,0,32,0,0,84
74.7,-50.27768636508845,-1.457243539608081,3.1337665839327835,0.0,0.0,0.0,0.0,0.0,0.0,ZERO_INTENT,0.3859160132258067,0,32,0,0,84
74.71666666666667,-50.27768636508845,-1.457243539608081,3.1337665839327835,0.0,0.0,0.0,0.0,0.0,0.0,ZERO_INTENT,0.3859160132258067,0,32,0,0,84
74.73333333333333,-50.27768636508845,-1.457243539608081,3.1337665839327835,0.0,0.0,0.0,0.0,0.0,0.0,ZERO_INTENT,0.3859160132258067,0,32,0,0,84
74.75,-50.27768636508845,-1.457243539608081,3.1337665839327835,0.0,0.0,0.0,0.0,0.0,0.0,ZERO_INTENT,0.3859160132258067,0,32,0,0,84
74.76666666666667,-50.27768636508845,-1.457243539608081,3.1337665839327835,0.0,0.0,0.0,0.0,0.0,0.0,ZERO_INTENT,0.3859160132258067,0,32,0,0,84
74.78333333333333,-50.27768636508845,-1.457243539608081,3.1337665839327835,0.0,0.0,0.0,0.0,0.0,0.0,ZERO_INTENT,0.3859160132258067,0,32,0,0,84
74.8,-50.27768636508845,-1.457243539608081,3.1337665839327835,0.0,0.0,0.0,0.0,0.0,0.0,ZERO_INTENT,0.3859160132258067,0,32,0,0,84
74.81666666666666,-50.27768636508845,-1.457243539608081,3.1337665839327835,0.0,0.0,0.0,0.0,0.0,0.0,ZERO_INTENT,0.3859160132258067,0,32,0,0,84
74.83333333333333,-50.27768636508845,-1.457243539608081,3.1337665839327835,0.0,0.0,0.0,0.0,0.0,0.0,ZERO_INTENT,0.3859160132258067,0,32,0,0,84
74.85,-50.27768636508845,-1.457243539608081,3.1337665839327835,0.0,0.0,0.0,0.0,0.0,0.0,ZERO_INTENT,0.3859160132258067,0,32,0,0,84
74.86666666666666,-50.27768636508845,-1.457243539608081,3.1337665839327835,0.0,0.0,0.0,0.0,0.0,0.0,ZERO_INTENT,0.3859160132258067,0,32,0,0,84
74.88333333333334,-50.27768636508845,-1.457243539608081,3.1337665839327835,0.0,0.0,0.0,0.0,0.0,0.0,ZERO_INTENT,0.3859160132258067,0,32,0,0,84
74.9,-50.27768636508845,-1.457243539608081,3.1337665839327835,0.0,0.0,0.0,0.0,0.0,0.0,ZERO_INTENT,0.3859160132258067,0,32,0,0,84
74.91666666666667,-50.27768636508845,-1.457243539608081,3.1337665839327835,0.0,0.0,0.0,0.0,0.0,0.0,ZERO_INTENT,0.3859160132258067,0,32,0,0,84
74.93333333333334,-50.27768636508845,-1.457243539608081,3.1337665839327835,0.0,0.0,0.0,0.0,0.0,0.0,ZERO_INTENT,0.3859160132258067,0,32,0,0,84
74.95,-50.27768636508845,-1.457243539608081,3.1337665839327835,0.0,0.0,0.0,0.0,0.0,0.0,ZERO_INTENT,0.3859160132258067,0,32,0,0,84
74.96666666666667,-50.27768636508845,-1.457243539608081,3.1337665839327835,0.0,0.0,0.0,0.0,0.0,0.0,ZERO_INTENT,0.3859160132258067,0,32,0,0,84
74.98333333333333,-50.27768636508845,-1.457243539608081,3.1337665839327835,0.0,0.0,0.0,0.0,0.0,0.0,ZERO_INTENT,0.3859160132258067,0,32,0,0,84
75.0,-50.27768636508845,-1.457243539608081,3.1337665839327835,0.0,0.0,0.0,0.0,0.0,0.0,ZERO_INTENT,0.3859160132258067,0,32,0,0,84
75.01666666666667,-50.27768636508845,-1.457243539608081,3.1337665839327835,0.0,0.0,0.0,0.0,0.0,0.0,ZERO_INTENT,0.3859160132258067,0,32,0,0,84
75.03333333333333,-50.27768636508845,-1.457243539608081,3.1337665839327835,0.0,0.0,0.0,0.0,0.0,0.0,ZERO_INTENT,0.3859160132258067,0,32,0,0,84
75.05,-50.27768636508845,-1.457243539608081,3.1337665839327835,0.0,0.0,0.0,0.0,0.0,0.0,ZERO_INTENT,0.3859160132258067,0,32,0,0,84
75.06666666666666,-50.27768636508845,-1.457243539608081,3.1337665839327835,0.0,0.0,0.0,0.0,0.0,0.0,ZERO_INTENT,0.3859160132258067,0,32,0,0,84
75.08333333333333,-50.27768636508845,-1.457243539608081,3.1337665839327835,0.0,0.0,0.0,0.0,0.0,0.0,ZERO_INTENT,0.3859160132258067,0,32,0,0,84
75.1,-50.27768636508845,-1.457243539608081,3.1337665839327835,0.0,0.0,0.0,0.0,0.0,0.0,ZERO_INTENT,0.3859160132258067,0,32,0,0,84
75.11666666666666,-50.27768636508845,-1.457243539608081,3.1337665839327835,0.0,0.0,0.0,0.0,0.0,0.0,ZERO_INTENT,0.3859160132258067,0,32,0,0,84
75.13333333333334,-50.27768636508845,-1.457243539608081,3.1337665839327835,0.0,0.0,0.0,0.0,0.0,0.0,ZERO_INTENT,0.3859160132258067,0,32,0,0,84
75.15,-50.27768636508845,-1.457243539608081,3.1337665839327835,0.0,0.0,0.0,0.0,0.0,0.0,ZERO_INTENT,0.3859160132258067,0,32,0,0,84
75.16666666666667,-50.27768636508845,-1.457243539608081,3.1337665839327835,0.0,0.0,0.0,0.0,0.0,0.0,ZERO_INTENT,0.3859160132258067,0,32,0,0,84
75.18333333333334,-50.27768636508845,-1.457243539608081,3.1337665839327835,0.0,0.0,0.0,0.0,0.0,0.0,ZERO_INTENT,0.3859160132258067,0,32,0,0,84
75.2,-50.27768636508845,-1.457243539608081,3.1337665839327835,0.0,0.0,0.0,0.0,0.0,0.0,ZERO_INTENT,0.3859160132258067,0,32,0,0,84
75.21666666666667,-50.27768636508845,-1.457243539608081,3.1337665839327835,0.0,0.0,0.0,0.0,0.0,0.0,ZERO_INTENT,0.3859160132258067,0,32,0,0,84
75.23333333333333,-50.27768636508845,-1.457243539608081,3.1337665839327835,0.0,0.0,0.0,0.0,0.0,0.0,ZERO_INTENT,0.3859160132258067,0,32,0,0,84
75.25,-50.27768636508845,-1.457243539608081,3.1337665839327835,0.0,0.0,0.0,0.0,0.0,0.0,ZERO_INTENT,0.3859160132258067,0,32,0,0,84
75.26666666666667,-50.27768636508845,-1.457243539608081,3.1337665839327835,0.0,0.0,0.0,0.0,0.0,0.0,ZERO_INTENT,0.3859160132258067,0,32,0,0,84
75.28333333333333,-50.27768636508845,-1.457243539608081,3.1337665839327835,0.0,0.0,0.0,0.0,0.0,0.0,ZERO_INTENT,0.3859160132258067,0,32,0,0,84
75.3,-50.27768636508845,-1.457243539608081,3.1337665839327835,0.0,0.0,0.0,0.0,0.0,0.0,ZERO_INTENT,0.3859160132258067,0,32,0,0,84
75.31666666666666,-50.27768636508845,-1.457243539608081,3.1337665839327835,0.0,0.0,0.0,0.0,0.0,0.0,ZERO_INTENT,0.3859160132258067,0,32,0,0,84
75.33333333333333,-50.27768636508845,-1.457243539608081,3.1337665839327835,0.0,0.0,0.0,0.0,0.0,0.0,ZERO_INTENT,0.3859160132258067,0,32,0,0,84
75.35,-50.27768636508845,-1.457243539608081,3.1337665839327835,0.0,0.0,0.0,0.0,0.0,0.0,ZERO_INTENT,0.3859160132258067,0,32,0,0,84
75.36666666666666,-50.27768636508845,-1.457243539608081,3.1337665839327835,0.0,0.0,0.0,0.0,0.0,0.0,ZERO_INTENT,0.3859160132258067,0,32,0,0,84
75.38333333333334,-50.27768636508845,-1.457243539608081,3.1337665839327835,0.0,0.0,0.0,0.0,0.0,0.0,ZERO_INTENT,0.3859160132258067,0,32,0,0,84
75.4,-50.27768636508845,-1.457243539608081,3.1337665839327835,0.0,0.0,0.0,0.0,0.0,0.0,ZERO_INTENT,0.3859160132258067,0,32,0,0,84
75.41666666666667,-50.27768636508845,-1.457243539608081,3.1337665839327835,0.0,0.0,0.0,0.0,0.0,0.0,ZERO_INTENT,0.3859160132258067,0,32,0,0,84
75.43333333333334,-50.27768636508845,-1.457243539608081,3.1337665839327835,0.0,0.0,0.0,0.0,0.0,0.0,ZERO_INTENT,0.3859160132258067,0,32,0,0,84
75.45,-50.27768636508845,-1.457243539608081,3.1337665839327835,0.0,0.0,0.0,0.0,0.0,0.0,ZERO_INTENT,0.3859160132258067,0,32,0,0,84
75.46666666666667,-50.27768636508845,-1.457243539608081,3.1337665839327835,0.0,0.0,0.0,0.0,0.0,0.0,ZERO_INTENT,0.3859160132258067,0,32,0,0,84
75.48333333333333,-50.27768636508845,-1.457243539608081,3.1337665839327835,0.0,0.0,0.0,0.0,0.0,0.0,ZERO_INTENT,0.3859160132258067,0,32,0,0,84
75.5,-50.27768636508845,-1.457243539608081,3.1337665839327835,0.0,0.0,0.0,0.0,0.0,0.0,ZERO_INTENT,0.3859160132258067,0,32,0,0,84
75.51666666666667,-50.27768636508845,-1.457243539608081,3.1337665839327835,0.0,0.0,0.0,0.0,0.0,0.0,ZERO_INTENT,0.3859160132258067,0,32,0,0,84
75.53333333333333,-50.27768636508845,-1.457243539608081,3.1337665839327835,0.0,0.0,0.0,0.0,0.0,0.0,ZERO_INTENT,0.3859160132258067,0,32,0,0,84
75.55,-50.27768636508845,-1.457243539608081,3.1337665839327835,0.0,0.0,0.0,0.0,0.0,0.0,ZERO_INTENT,0.3859160132258067,0,32,0,0,84
75.56666666666666,-50.27768636508845,-1.457243539608081,3.1337665839327835,0.0,0.0,0.0,0.0,0.0,0.0,ZERO_INTENT,0.3859160132258067,0,32,0,0,84
75.58333333333333,-50.27768636508845,-1.457243539608081,3.1337665839327835,0.0,0.0,0.0,0.0,0.0,0.0,ZERO_INTENT,0.3859160132258067,0,32,0,0,84
75.6,-50.27768636508845,-1.457243539608081,3.1337665839327835,0.0,0.0,0.0,0.0,0.0,0.0,ZERO_INTENT,0.3859160132258067,0,32,0,0,84
75.61666666666666,-50.27768636508845,-1.457243539608081,3.1337665839327835,0.0,0.0,0.0,0.0,0.0,0.0,ZERO_INTENT,0.3859160132258067,0,32,0,0,84
75.63333333333334,-50.27768636508845,-1.457243539608081,3.1337665839327835,0.0,0.0,0.0,0.0,0.0,0.0,ZERO_INTENT,0.3859160132258067,0,32,0,0,84
75.65,-50.27768636508845,-1.457243539608081,3.1337665839327835,0.0,0.0,0.0,0.0,0.0,0.0,ZERO_INTENT,0.3859160132258067,0,32,0,0,84
75.66666666666667,-50.27768636508845,-1.457243539608081,3.1337665839327835,0.0,0.0,0.0,0.0,0.0,0.0,ZERO_INTENT,0.3859160132258067,0,32,0,0,84
75.68333333333334,-50.27768636508845,-1.457243539608081,3.1337665839327835,0.0,0.0,0.0,0.0,0.0,0.0,ZERO_INTENT,0.3859160132258067,0,32,0,0,84
75.7,-50.27768636508845,-1.457243539608081,3.1337665839327835,0.0,0.0,0.0,0.0,0.0,0.0,ZERO_INTENT,0.3859160132258067,0,32,0,0,84
75.71666666666667,-50.27768636508845,-1.457243539608081,3.1337665839327835,0.0,0.0,0.0,0.0,0.0,0.0,ZERO_INTENT,0.3859160132258067,0,32,0,0,84
75.73333333333333,-50.27768636508845,-1.457243539608081,3.1337665839327835,0.0,0.0,0.0,0.0,0.0,0.0,ZERO_INTENT,0.3859160132258067,0,32,0,0,84
75.75,-50.27768636508845,-1.457243539608081,3.1337665839327835,0.0,0.0,0.0,0.0,0.0,0.0,ZERO_INTENT,0.3859160132258067,0,32,0,0,84
75.76666666666667,-50.27768636508845,-1.457243539608081,3.1337665839327835,0.0,0.0,0.0,0.0,0.0,0.0,ZERO_INTENT,0.3859160132258067,0,32,0,0,84
75.78333333333333,-50.27768636508845,-1.457243539608081,3.1337665839327835,0.0,0.0,0.0,0.0,0.0,0.0,ZERO_INTENT,0.3859160132258067,0,32,0,0,84
75.8,-50.27768636508845,-1.457243539608081,3.1337665839327835,0.0,0.0,0.0,0.0,0.0,0.0,ZERO_INTENT,0.3859160132258067,0,32,0,0,84
75.81666666666666,-50.27768636508845,-1.457243539608081,3.1337665839327835,0.0,0.0,0.0,0.0,0.0,0.0,ZERO_INTENT,0.3859160132258067,0,32,0,0,84
75.83333333333333,-50.27768636508845,-1.457243539608081,3.1337665839327835,0.0,0.0,0.0,0.0,0.0,0.0,ZERO_INTENT,0.3859160132258067,0,32,0,0,84
75.85,-50.27768636508845,-1.457243539608081,3.1337665839327835,0.0,0.0,0.0,0.0,0.0,0.0,ZERO_INTENT,0.3859160132258067,0,32,0,0,84
75.86666666666666,-50.27768636508845,-1.457243539608081,3.1337665839327835,0.0,0.0,0.0,0.0,0.0,0.0,ZERO_INTENT,0.3859160132258067,0,32,0,0,84
75.88333333333334,-50.27768636508845,-1.457243539608081,3.1337665839327835,0.0,0.0,0.0,0.0,0.0,0.0,ZERO_INTENT,0.3859160132258067,0,32,0,0,84
75.9,-50.27768636508845,-1.457243539608081,3.1337665839327835,0.0,0.0,0.0,0.0,0.0,0.0,ZERO_INTENT,0.3859160132258067,0,32,0,0,84
75.91666666666667,-50.27768636508845,-1.457243539608081,3.1337665839327835,0.0,0.0,0.0,0.0,0.0,0.0,ZERO_INTENT,0.3859160132258067,0,32,0,0,84
75.93333333333334,-50.27768636508845,-1.457243539608081,3.1337665839327835,0.0,0.0,0.0,0.0,0.0,0.0,ZERO_INTENT,0.3859160132258067,0,32,0,0,84
75.95,-50.27768636508845,-1.457243539608081,3.1337665839327835,0.0,0.0,0.0,0.0,0.0,0.0,ZERO_INTENT,0.3859160132258067,0,32,0,0,84
75.96666666666667,-50.27768636508845,-1.457243539608081,3.1337665839327835,0.0,0.0,0.0,0.0,0.0,0.0,ZERO_INTENT,0.3859160132258067,0,32,0,0,84
75.98333333333333,-50.27768636508845,-1.457243539608081,3.1337665839327835,0.0,0.0,0.0,0.0,0.0,0.0,ZERO_INTENT,0.3859160132258067,0,32,0,0,84
76.0,-50.27768636508845,-1.457243539608081,3.1337665839327835,0.0,0.0,0.0,0.0,0.0,0.0,ZERO_INTENT,0.3859160132258067,0,32,0,0,84
76.01666666666667,-50.27768636508845,-1.457243539608081,3.1337665839327835,0.0,0.0,0.0,0.0,0.0,0.0,ZERO_INTENT,0.3859160132258067,0,32,0,0,84
76.03333333333333,-50.27768636508845,-1.457243539608081,3.1337665839327835,0.0,0.0,0.0,0.0,0.0,0.0,ZERO_INTENT,0.3859160132258067,0,32,0,0,84
76.05,-50.27768636508845,-1.457243539608081,3.1337665839327835,0.0,0.0,0.0,0.0,0.0,0.0,ZERO_INTENT,0.3859160132258067,0,32,0,0,84
76.06666666666666,-50.27768636508845,-1.457243539608081,3.1337665839327835,0.0,0.0,0.0,0.0,0.0,0.0,ZERO_INTENT,0.3859160132258067,0,32,0,0,84
76.08333333333333,-50.27768636508845,-1.457243539608081,3.1337665839327835,0.0,0.0,0.0,0.0,0.0,0.0,ZERO_INTENT,0.3859160132258067,0,32,0,0,84
76.1,-50.27768636508845,-1.457243539608081,3.1337665839327835,0.0,0.0,0.0,0.0,0.0,0.0,ZERO_INTENT,0.3859160132258067,0,32,0,0,84
76.11666666666666,-50.27768636508845,-1.457243539608081,3.1337665839327835,0.0,0.0,0.0,0.0,0.0,0.0,ZERO_INTENT,0.3859160132258067,0,32,0,0,84
76.13333333333334,-50.27768636508845,-1.457243539608081,3.1337665839327835,0.0,0.0,0.0,0.0,0.0,0.0,ZERO_INTENT,0.3859160132258067,0,32,0,0,84
76.15,-50.27768636508845,-1.457243539608081,3.1337665839327835,0.0,0.0,0.0,0.0,0.0,0.0,ZERO_INTENT,0.3859160132258067,0,32,0,0,84
76.16666666666667,-50.27768636508845,-1.457243539608081,3.1337665839327835,0.0,0.0,0.0,0.0,0.0,0.0,ZERO_INTENT,0.3859160132258067,0,32,0,0,84
76.18333333333334,-50.27768636508845,-1.457243539608081,3.1337665839327835,0.0,0.0,0.0,0.0,0.0,0.0,ZERO_INTENT,0.3859160132258067,0,32,0,0,84
76.2,-50.27768636508845,-1.457243539608081,3.1337665839327835,0.0,0.0,0.0,0.0,0.0,0.0,ZERO_INTENT,0.3859160132258067,0,32,0,0,84
76.21666666666667,-50.27768636508845,-1.457243539608081,3.1337665839327835,0.0,0.0,0.0,0.0,0.0,0.0,ZERO_INTENT,0.3859160132258067,0,32,0,0,84
76.23333333333333,-50.27768636508845,-1.457243539608081,3.1337665839327835,0.0,0.0,0.0,0.0,0.0,0.0,ZERO_INTENT,0.3859160132258067,0,32,0,0,84
76.25,-50.27768636508845,-1.457243539608081,3.1337665839327835,0.0,0.0,0.0,0.0,0.0,0.0,ZERO_INTENT,0.3859160132258067,0,32,0,0,84
76.26666666666667,-50.27768636508845,-1.457243539608081,3.1337665839327835,0.0,0.0,0.0,0.0,0.0,0.0,ZERO_INTENT,0.3859160132258067,0,32,0,0,84
76.28333333333333,-50.27768636508845,-1.457243539608081,3.1337665839327835,0.0,0.0,0.0,0.0,0.0,0.0,ZERO_INTENT,0.3859160132258067,0,32,0,0,84
76.3,-50.27768636508845,-1.457243539608081,3.1337665839327835,0.0,0.0,0.0,0.0,0.0,0.0,ZERO_INTENT,0.3859160132258067,0,32,0,0,84
76.31666666666666,-50.27768636508845,-1.457243539608081,3.1337665839327835,0.0,0.0,0.0,0.0,0.0,0.0,ZERO_INTENT,0.3859160132258067,0,32,0,0,84
76.33333333333333,-50.27768636508845,-1.457243539608081,3.1337665839327835,0.0,0.0,0.0,0.0,0.0,0.0,ZERO_INTENT,0.3859160132258067,0,32,0,0,84
76.35,-50.27768636508845,-1.457243539608081,3.1337665839327835,0.0,0.0,0.0,0.0,0.0,0.0,ZERO_INTENT,0.3859160132258067,0,32,0,0,84
76.36666666666666,-50.27768636508845,-1.457243539608081,3.1337665839327835,0.0,0.0,0.0,0.0,0.0,0.0,ZERO_INTENT,0.3859160132258067,0,32,0,0,84
76.38333333333334,-50.27768636508845,-1.457243539608081,3.1337665839327835,0.0,0.0,0.0,0.0,0.0,0.0,ZERO_INTENT,0.3859160132258067,0,32,0,0,84
76.4,-50.27768636508845,-1.457243539608081,3.1337665839327835,0.0,0.0,0.0,0.0,0.0,0.0,ZERO_INTENT,0.3859160132258067,0,32,0,0,84
76.41666666666667,-50.27768636508845,-1.457243539608081,3.1337665839327835,0.0,0.0,0.0,0.0,0.0,0.0,ZERO_INTENT,0.3859160132258067,0,32,0,0,84
76.43333333333334,-50.27768636508845,-1.457243539608081,3.1337665839327835,0.0,0.0,0.0,0.0,0.0,0.0,ZERO_INTENT,0.3859160132258067,0,32,0,0,84
76.45,-50.27768636508845,-1.457243539608081,3.1337665839327835,0.0,0.0,0.0,0.0,0.0,0.0,ZERO_INTENT,0.3859160132258067,0,32,0,0,84
76.46666666666667,-50.27768636508845,-1.457243539608081,3.1337665839327835,0.0,0.0,0.0,0.0,0.0,0.0,ZERO_INTENT,0.3859160132258067,0,32,0,0,84
76.48333333333333,-50.27768636508845,-1.457243539608081,3.1337665839327835,0.0,0.0,0.0,0.0,0.0,0.0,ZERO_INTENT,0.3859160132258067,0,32,0,0,84
76.5,-50.27768636508845,-1.457243539608081,3.1337665839327835,0.0,0.0,0.0,0.0,0.0,0.0,ZERO_INTENT,0.3859160132258067,0,32,0,0,84
76.51666666666667,-50.27768636508845,-1.457243539608081,3.1337665839327835,0.0,0.0,0.0,0.0,0.0,0.0,ZERO_INTENT,0.3859160132258067,0,32,0,0,84
76.53333333333333,-50.27768636508845,-1.457243539608081,3.1337665839327835,0.0,0.0,0.0,0.0,0.0,0.0,ZERO_INTENT,0.3859160132258067,0,32,0,0,84
76.55,-50.27768636508845,-1.457243539608081,3.1337665839327835,0.0,0.0,0.0,0.0,0.0,0.0,ZERO_INTENT,0.3859160132258067,0,32,0,0,84
76.56666666666666,-50.27768636508845,-1.457243539608081,3.1337665839327835,0.0,0.0,0.0,0.0,0.0,0.0,ZERO_INTENT,0.3859160132258067,0,32,0,0,84
76.58333333333333,-50.27768636508845,-1.457243539608081,3.1337665839327835,0.0,0.0,0.0,0.0,0.0,0.0,ZERO_INTENT,0.3859160132258067,0,32,0,0,84
76.6,-50.27768636508845,-1.457243539608081,3.1337665839327835,0.0,0.0,0.0,0.0,0.0,0.0,ZERO_INTENT,0.3859160132258067,0,32,0,0,84
76.61666666666666,-50.27768636508845,-1.457243539608081,3.1337665839327835,0.0,0.0,0.0,0.0,0.0,0.0,ZERO_INTENT,0.3859160132258067,0,32,0,0,84
76.63333333333334,-50.27768636508845,-1.457243539608081,3.1337665839327835,0.0,0.0,0.0,0.0,0.0,0.0,ZERO_INTENT,0.3859160132258067,0,32,0,0,84
76.65,-50.27768636508845,-1.457243539608081,3.1337665839327835,0.0,0.0,0.0,0.0,0.0,0.0,ZERO_INTENT,0.3859160132258067,0,32,0,0,84
76.66666666666667,-50.27768636508845,-1.457243539608081,3.1337665839327835,0.0,0.0,0.0,0.0,0.0,0.0,ZERO_INTENT,0.3859160132258067,0,32,0,0,84
76.68333333333334,-50.27768636508845,-1.457243539608081,3.1337665839327835,0.0,0.0,0.0,0.0,0.0,0.0,ZERO_INTENT,0.3859160132258067,0,32,0,0,84
76.7,-50.27768636508845,-1.457243539608081,3.1337665839327835,0.0,0.0,0.0,0.0,0.0,0.0,ZERO_INTENT,0.3859160132258067,0,32,0,0,84
76.71666666666667,-50.27768636508845,-1.457243539608081,3.1337665839327835,0.0,0.0,0.0,0.0,0.0,0.0,ZERO_INTENT,0.3859160132258067,0,32,0,0,84
76.73333333333333,-50.27768636508845,-1.457243539608081,3.1337665839327835,0.0,0.0,0.0,0.0,0.0,0.0,ZERO_INTENT,0.3859160132258067,0,32,0,0,84
76.75,-50.27768636508845,-1.457243539608081,3.1337665839327835,0.0,0.0,0.0,0.0,0.0,0.0,ZERO_INTENT,0.3859160132258067,0,32,0,0,84
76.76666666666667,-50.27768636508845,-1.457243539608081,3.1337665839327835,0.0,0.0,0.0,0.0,0.0,0.0,ZERO_INTENT,0.3859160132258067,0,32,0,0,84
76.78333333333333,-50.27768636508845,-1.457243539608081,3.1337665839327835,0.0,0.0,0.0,0.0,0.0,0.0,ZERO_INTENT,0.3859160132258067,0,32,0,0,84
76.8,-50.27768636508845,-1.457243539608081,3.1337665839327835,0.0,0.0,0.0,0.0,0.0,0.0,ZERO_INTENT,0.3859160132258067,0,32,0,0,84
76.81666666666666,-50.27768636508845,-1.457243539608081,3.1337665839327835,0.0,0.0,0.0,0.0,0.0,0.0,ZERO_INTENT,0.3859160132258067,0,32,0,0,84
76.83333333333333,-50.27768636508845,-1.457243539608081,3.1337665839327835,0.0,0.0,0.0,0.0,0.0,0.0,ZERO_INTENT,0.3859160132258067,0,32,0,0,84
76.85,-50.27768636508845,-1.457243539608081,3.1337665839327835,0.0,0.0,0.0,0.0,0.0,0.0,ZERO_INTENT,0.3859160132258067,0,32,0,0,84
76.86666666666666,-50.27768636508845,-1.457243539608081,3.1337665839327835,0.0,0.0,0.0,0.0,0.0,0.0,ZERO_INTENT,0.3859160132258067,0,32,0,0,84
76.88333333333334,-50.27768636508845,-1.457243539608081,3.1337665839327835,0.0,0.0,0.0,0.0,0.0,0.0,ZERO_INTENT,0.3859160132258067,0,32,0,0,84
76.9,-50.27768636508845,-1.457243539608081,3.1337665839327835,0.0,0.0,0.0,0.0,0.0,0.0,ZERO_INTENT,0.3859160132258067,0,32,0,0,84
76.91666666666667,-50.27768636508845,-1.457243539608081,3.1337665839327835,0.0,0.0,0.0,0.0,0.0,0.0,ZERO_INTENT,0.3859160132258067,0,32,0,0,84
76.93333333333334,-50.27768636508845,-1.457243539608081,3.1337665839327835,0.0,0.0,0.0,0.0,0.0,0.0,ZERO_INTENT,0.3859160132258067,0,32,0,0,84
76.95,-50.27768636508845,-1.457243539608081,3.1337665839327835,0.0,0.0,0.0,0.0,0.0,0.0,ZERO_INTENT,0.3859160132258067,0,32,0,0,84
76.96666666666667,-50.27768636508845,-1.457243539608081,3.1337665839327835,0.0,0.0,0.0,0.0,0.0,0.0,ZERO_INTENT,0.3859160132258067,0,32,0,0,84
76.98333333333333,-50.27768636508845,-1.457243539608081,3.1337665839327835,0.0,0.0,0.0,0.0,0.0,0.0,ZERO_INTENT,0.3859160132258067,0,32,0,0,84
77.0,-50.27768636508845,-1.457243539608081,3.1337665839327835,0.0,0.0,0.0,0.0,0.0,0.0,ZERO_INTENT,0.3859160132258067,0,32,0,0,84
77.01666666666667,-50.27768636508845,-1.457243539608081,3.1337665839327835,0.0,0.0,0.0,0.0,0.0,0.0,ZERO_INTENT,0.3859160132258067,0,32,0,0,84
77.03333333333333,-50.27768636508845,-1.457243539608081,3.1337665839327835,0.0,0.0,0.0,0.0,0.0,0.0,ZERO_INTENT,0.3859160132258067,0,32,0,0,84
77.05,-50.27768636508845,-1.457243539608081,3.1337665839327835,0.0,0.0,0.0,0.0,0.0,0.0,ZERO_INTENT,0.3859160132258067,0,32,0,0,84
77.06666666666666,-50.27768636508845,-1.457243539608081,3.1337665839327835,0.0,0.0,0.0,0.0,0.0,0.0,ZERO_INTENT,0.3859160132258067,0,32,0,0,84
77.08333333333333,-50.27768636508845,-1.457243539608081,3.1337665839327835,0.0,0.0,0.0,0.0,0.0,0.0,ZERO_INTENT,0.3859160132258067,0,32,0,0,84
77.1,-50.27768636508845,-1.457243539608081,3.1337665839327835,0.0,0.0,0.0,0.0,0.0,0.0,ZERO_INTENT,0.3859160132258067,0,32,0,0,84
77.11666666666666,-50.27768636508845,-1.457243539608081,3.1337665839327835,0.0,0.0,0.0,0.0,0.0,0.0,ZERO_INTENT,0.3859160132258067,0,32,0,0,84
77.13333333333334,-50.27768636508845,-1.457243539608081,3.1337665839327835,0.0,0.0,0.0,0.0,0.0,0.0,ZERO_INTENT,0.3859160132258067,0,32,0,0,84
77.15,-50.27768636508845,-1.457243539608081,3.1337665839327835,0.0,0.0,0.0,0.0,0.0,0.0,ZERO_INTENT,0.3859160132258067,0,32,0,0,84
77.16666666666667,-50.27768636508845,-1.457243539608081,3.1337665839327835,0.0,0.0,0.0,0.0,0.0,0.0,ZERO_INTENT,0.3859160132258067,0,32,0,0,84
77.18333333333334,-50.27768636508845,-1.457243539608081,3.1337665839327835,0.0,0.0,0.0,0.0,0.0,0.0,ZERO_INTENT,0.3859160132258067,0,32,0,0,84
77.2,-50.27768636508845,-1.457243539608081,3.1337665839327835,0.0,0.0,0.0,0.0,0.0,0.0,ZERO_INTENT,0.3859160132258067,0,32,0,0,84
77.21666666666667,-50.27768636508845,-1.457243539608081,3.1337665839327835,0.0,0.0,0.0,0.0,0.0,0.0,ZERO_INTENT,0.3859160132258067,0,32,0,0,84
77.23333333333333,-50.27768636508845,-1.457243539608081,3.1337665839327835,0.0,0.0,0.0,0.0,0.0,0.0,ZERO_INTENT,0.3859160132258067,0,32,0,0,84
77.25,-50.27768636508845,-1.457243539608081,3.1337665839327835,0.0,0.0,0.0,0.0,0.0,0.0,ZERO_INTENT,0.3859160132258067,0,32,0,0,84
77.26666666666667,-50.27768636508845,-1.457243539608081,3.1337665839327835,0.0,0.0,0.0,0.0,0.0,0.0,ZERO_INTENT,0.3859160132258067,0,32,0,0,84
77.28333333333333,-50.27768636508845,-1.457243539608081,3.1337665839327835,0.0,0.0,0.0,0.0,0.0,0.0,ZERO_INTENT,0.3859160132258067,0,32,0,0,84
77.3,-50.27768636508845,-1.457243539608081,3.1337665839327835,0.0,0.0,0.0,0.0,0.0,0.0,ZERO_INTENT,0.3859160132258067,0,32,0,0,84
77.31666666666666,-50.27768636508845,-1.457243539608081,3.1337665839327835,0.0,0.0,0.0,0.0,0.0,0.0,ZERO_INTENT,0.3859160132258067,0,32,0,0,84
77.33333333333333,-50.27768636508845,-1.457243539608081,3.1337665839327835,0.0,0.0,0.0,0.0,0.0,0.0,ZERO_INTENT,0.3859160132258067,0,32,0,0,84
77.35,-50.27768636508845,-1.457243539608081,3.1337665839327835,0.0,0.0,0.0,0.0,0.0,0.0,ZERO_INTENT,0.3859160132258067,0,32,0,0,84
77.36666666666666,-50.27768636508845,-1.457243539608081,3.1337665839327835,0.0,0.0,0.0,0.0,0.0,0.0,ZERO_INTENT,0.3859160132258067,0,32,0,0,84
77.38333333333334,-50.27768636508845,-1.457243539608081,3.1337665839327835,0.0,0.0,0.0,0.0,0.0,0.0,ZERO_INTENT,0.3859160132258067,0,32,0,0,84
77.4,-50.27768636508845,-1.457243539608081,3.1337665839327835,0.0,0.0,0.0,0.0,0.0,0.0,ZERO_INTENT,0.3859160132258067,0,32,0,0,84
77.41666666666667,-50.27768636508845,-1.457243539608081,3.1337665839327835,0.0,0.0,0.0,0.0,0.0,0.0,ZERO_INTENT,0.3859160132258067,0,32,0,0,84
77.43333333333334,-50.27768636508845,-1.457243539608081,3.1337665839327835,0.0,0.0,0.0,0.0,0.0,0.0,ZERO_INTENT,0.3859160132258067,0,32,0,0,84
77.45,-50.27768636508845,-1.457243539608081,3.1337665839327835,0.0,0.0,0.0,0.0,0.0,0.0,ZERO_INTENT,0.3859160132258067,0,32,0,0,84
77.46666666666667,-50.27768636508845,-1.457243539608081,3.1337665839327835,0.0,0.0,0.0,0.0,0.0,0.0,ZERO_INTENT,0.3859160132258067,0,32,0,0,84
77.48333333333333,-50.27768636508845,-1.457243539608081,3.1337665839327835,0.0,0.0,0.0,0.0,0.0,0.0,ZERO_INTENT,0.3859160132258067,0,32,0,0,84
77.5,-50.27768636508845,-1.457243539608081,3.1337665839327835,0.0,0.0,0.0,0.0,0.0,0.0,ZERO_INTENT,0.3859160132258067,0,32,0,0,84
77.51666666666667,-50.27768636508845,-1.457243539608081,3.1337665839327835,0.0,0.0,0.0,0.0,0.0,0.0,ZERO_INTENT,0.3859160132258067,0,32,0,0,84
77.53333333333333,-50.27768636508845,-1.457243539608081,3.1337665839327835,0.0,0.0,0.0,0.0,0.0,0.0,ZERO_INTENT,0.3859160132258067,0,32,0,0,84
77.55,-50.27768636508845,-1.457243539608081,3.1337665839327835,0.0,0.0,0.0,0.0,0.0,0.0,ZERO_INTENT,0.3859160132258067,0,32,0,0,84
77.56666666666666,-50.27768636508845,-1.457243539608081,3.1337665839327835,0.0,0.0,0.0,0.0,0.0,0.0,ZERO_INTENT,0.3859160132258067,0,32,0,0,84
77.58333333333333,-50.27768636508845,-1.457243539608081,3.1337665839327835,0.0,0.0,0.0,0.0,0.0,0.0,ZERO_INTENT,0.3859160132258067,0,32,0,0,84
77.6,-50.27768636508845,-1.457243539608081,3.1337665839327835,0.0,0.0,0.0,0.0,0.0,0.0,ZERO_INTENT,0.3859160132258067,0,32,0,0,84
77.61666666666666,-50.27768636508845,-1.457243539608081,3.1337665839327835,0.0,0.0,0.0,0.0,0.0,0.0,ZERO_INTENT,0.3859160132258067,0,32,0,0,84
77.63333333333334,-50.27768636508845,-1.457243539608081,3.1337665839327835,0.0,0.0,0.0,0.0,0.0,0.0,ZERO_INTENT,0.3859160132258067,0,32,0,0,84
77.65,-50.27768636508845,-1.457243539608081,3.1337665839327835,0.0,0.0,0.0,0.0,0.0,0.0,ZERO_INTENT,0.3859160132258067,0,32,0,0,84
77.66666666666667,-50.27768636508845,-1.457243539608081,3.1337665839327835,0.0,0.0,0.0,0.0,0.0,0.0,ZERO_INTENT,0.3859160132258067,0,32,0,0,84
77.68333333333334,-50.27768636508845,-1.457243539608081,3.1337665839327835,0.0,0.0,0.0,0.0,0.0,0.0,ZERO_INTENT,0.3859160132258067,0,32,0,0,84
77.7,-50.27768636508845,-1.457243539608081,3.1337665839327835,0.0,0.0,0.0,0.0,0.0,0.0,ZERO_INTENT,0.3859160132258067,0,32,0,0,84
77.71666666666667,-50.27768636508845,-1.457243539608081,3.1337665839327835,0.0,0.0,0.0,0.0,0.0,0.0,ZERO_INTENT,0.3859160132258067,0,32,0,0,84
77.73333333333333,-50.27768636508845,-1.457243539608081,3.1337665839327835,0.0,0.0,0.0,0.0,0.0,0.0,ZERO_INTENT,0.3859160132258067,0,32,0,0,84
77.75,-50.27768636508845,-1.457243539608081,3.1337665839327835,0.0,0.0,0.0,0.0,0.0,0.0,ZERO_INTENT,0.3859160132258067,0,32,0,0,84
77.76666666666667,-50.27768636508845,-1.457243539608081,3.1337665839327835,0.0,0.0,0.0,0.0,0.0,0.0,ZERO_INTENT,0.3859160132258067,0,32,0,0,84
77.78333333333333,-50.27768636508845,-1.457243539608081,3.1337665839327835,0.0,0.0,0.0,0.0,0.0,0.0,ZERO_INTENT,0.3859160132258067,0,32,0,0,84
77.8,-50.27768636508845,-1.457243539608081,3.1337665839327835,0.0,0.0,0.0,0.0,0.0,0.0,ZERO_INTENT,0.3859160132258067,0,32,0,0,84
77.81666666666666,-50.27768636508845,-1.457243539608081,3.1337665839327835,0.0,0.0,0.0,0.0,0.0,0.0,ZERO_INTENT,0.3859160132258067,0,32,0,0,84
77.83333333333333,-50.27768636508845,-1.457243539608081,3.1337665839327835,0.0,0.0,0.0,0.0,0.0,0.0,ZERO_INTENT,0.3859160132258067,0,32,0,0,84
77.85,-50.27768636508845,-1.457243539608081,3.1337665839327835,0.0,0.0,0.0,0.0,0.0,0.0,ZERO_INTENT,0.3859160132258067,0,32,0,0,84
77.86666666666666,-50.27768636508845,-1.457243539608081,3.1337665839327835,0.0,0.0,0.0,0.0,0.0,0.0,ZERO_INTENT,0.3859160132258067,0,32,0,0,84
77.88333333333334,-50.27768636508845,-1.457243539608081,3.1337665839327835,0.0,0.0,0.0,0.0,0.0,0.0,ZERO_INTENT,0.3859160132258067,0,32,0,0,84
77.9,-50.27768636508845,-1.457243539608081,3.1337665839327835,0.0,0.0,0.0,0.0,0.0,0.0,ZERO_INTENT,0.3859160132258067,0,32,0,0,84
77.91666666666667,-50.27768636508845,-1.457243539608081,3.1337665839327835,0.0,0.0,0.0,0.0,0.0,0.0,ZERO_INTENT,0.3859160132258067,0,32,0,0,84
77.93333333333334,-50.27768636508845,-1.457243539608081,3.1337665839327835,0.0,0.0,0.0,0.0,0.0,0.0,ZERO_INTENT,0.3859160132258067,0,32,0,0,84
77.95,-50.27768636508845,-1.457243539608081,3.1337665839327835,0.0,0.0,0.0,0.0,0.0,0.0,ZERO_INTENT,0.3859160132258067,0,32,0,0,84
77.96666666666667,-50.27768636508845,-1.457243539608081,3.1337665839327835,0.0,0.0,0.0,0.0,0.0,0.0,ZERO_INTENT,0.3859160132258067,0,32,0,0,84
77.98333333333333,-50.27768636508845,-1.457243539608081,3.1337665839327835,0.0,0.0,0.0,0.0,0.0,0.0,ZERO_INTENT,0.3859160132258067,0,32,0,0,84
78.0,-50.27768636508845,-1.457243539608081,3.1337665839327835,0.0,0.0,0.0,1.0,0.0,0.15,ZERO_INTENT,0.3859160132258067,0,32,0,0,84
78.01666666666667,-50.27768636508845,-1.457243539608081,3.1337665839327835,0.0,0.0,0.0,1.0,0.0,0.15,ZERO_INTENT,0.3859160132258067,0,32,0,0,84
78.03333333333333,-50.27768636508845,-1.457243539608081,3.1337665839327835,0.0,0.0,0.0,1.0,0.0,0.15,ZERO_INTENT,0.3859160132258067,0,32,0,0,84
78.05,-50.27768636508845,-1.457243539608081,3.1337665839327835,0.0,0.0,0.0,1.0,0.0,0.15,ZERO_INTENT,0.3859160132258067,0,32,0,0,84
78.06666666666666,-50.27768636508845,-1.457243539608081,3.1337665839327835,0.0,0.0,0.0,1.0,0.0,0.15,NO_REGULAR_FIELD,0.3859160132258067,0,32,0,0,84
78.08333333333333,-50.27768636508845,-1.457243539608081,3.1337665839327835,0.0,0.0,0.0,1.0,0.0,0.15,NO_REGULAR_FIELD,0.3859160132258067,0,32,0,0,84
78.1,-50.27768636508845,-1.457243539608081,3.1337665839327835,0.0,0.0,0.0,1.0,0.0,0.15,NO_REGULAR_FIELD,0.3859160132258067,0,32,0,0,84
78.11666666666666,-50.27768636508845,-1.457243539608081,3.1337665839327835,0.0,0.0,0.0,1.0,0.0,0.15,NO_REGULAR_FIELD,0.3859160132258067,0,32,0,0,84
78.13333333333334,-50.27768636508845,-1.457243539608081,3.1337665839327835,0.0,0.0,0.0,1.0,0.0,0.15,NO_REGULAR_FIELD,0.3859160132258067,0,32,0,0,84
78.15,-50.27768636508845,-1.457243539608081,3.1337665839327835,0.0,0.0,0.0,1.0,0.0,0.15,NO_REGULAR_FIELD,0.3859160132258067,0,32,0,0,84
78.16666666666667,-50.27768636508845,-1.457243539608081,3.1337665839327835,0.0,0.0,0.0,1.0,0.0,0.15,NO_REGULAR_FIELD,0.3859160132258067,0,32,0,0,84
78.18333333333334,-50.27768636508845,-1.457243539608081,3.1337665839327835,0.0,0.0,0.0,1.0,0.0,0.15,NO_REGULAR_FIELD,0.3859160132258067,0,32,0,0,84
78.2,-50.27768636508845,-1.457243539608081,3.1337665839327835,0.0,0.0,0.0,1.0,0.0,0.15,NO_REGULAR_FIELD,0.3859160132258067,0,32,0,0,84
78.21666666666667,-50.27768636508845,-1.457243539608081,3.1337665839327835,0.0,0.0,0.0,1.0,0.0,0.15,NO_REGULAR_FIELD,0.3859160132258067,0,32,0,0,84
78.23333333333333,-50.27768636508845,-1.457243539608081,3.1337665839327835,0.0,0.0,0.0,1.0,0.0,0.15,NO_REGULAR_FIELD,0.3859160132258067,0,32,0,0,84
78.25,-50.27768636508845,-1.457243539608081,3.1337665839327835,0.0,0.0,0.0,1.0,0.0,0.15,NO_REGULAR_FIELD,0.3859160132258067,0,32,0,0,84
78.26666666666667,-50.27768636508845,-1.457243539608081,3.1337665839327835,0.0,0.0,0.0,1.0,0.0,0.15,NO_REGULAR_FIELD,0.3859160132258067,0,32,0,0,84
78.28333333333333,-50.27768636508845,-1.457243539608081,3.1337665839327835,0.0,0.0,0.0,1.0,0.0,0.15,NO_REGULAR_FIELD,0.3859160132258067,0,32,0,0,84
78.3,-50.27768636508845,-1.457243539608081,3.1337665839327835,0.0,0.0,0.0,1.0,0.0,0.15,NO_REGULAR_FIELD,0.3859160132258067,0,32,0,0,84
78.31666666666666,-50.27768636508845,-1.457243539608081,3.1337665839327835,0.0,0.0,0.0,1.0,0.0,0.15,NO_REGULAR_FIELD,0.3859160132258067,0,32,0,0,84
78.33333333333333,-50.27768636508845,-1.457243539608081,3.1337665839327835,0.0,0.0,0.0,1.0,0.0,0.15,NO_REGULAR_FIELD,0.3859160132258067,0,32,0,0,84
78.35,-50.27768636508845,-1.457243539608081,3.1337665839327835,0.0,0.0,0.0,1.0,0.0,0.15,NO_REGULAR_FIELD,0.3859160132258067,0,32,0,0,84
78.36666666666666,-50.27768636508845,-1.457243539608081,3.1337665839327835,0.0,0.0,0.0,1.0,0.0,0.15,NO_REGULAR_FIELD,0.3859160132258067,0,32,0,0,84
78.38333333333334,-50.27768636508845,-1.457243539608081,3.1337665839327835,0.0,0.0,0.0,1.0,0.0,0.15,NO_REGULAR_FIELD,0.3859160132258067,0,32,0,0,84
78.4,-50.27768636508845,-1.457243539608081,3.1337665839327835,0.0,0.0,0.0,1.0,0.0,0.15,NO_REGULAR_FIELD,0.3859160132258067,0,32,0,0,84
78.41666666666667,-50.27768636508845,-1.457243539608081,3.1337665839327835,0.0,0.0,0.0,1.0,0.0,0.15,NO_REGULAR_FIELD,0.3859160132258067,0,32,0,0,84
78.43333333333334,-50.27768636508845,-1.457243539608081,3.1337665839327835,0.0,0.0,0.0,1.0,0.0,0.15,NO_REGULAR_FIELD,0.3859160132258067,0,32,0,0,84
78.45,-50.27768636508845,-1.457243539608081,3.1337665839327835,0.0,0.0,0.0,1.0,0.0,0.15,NO_REGULAR_FIELD,0.3859160132258067,0,32,0,0,84
78.46666666666667,-50.27768636508845,-1.457243539608081,3.1337665839327835,0.0,0.0,0.0,1.0,0.0,0.15,NO_REGULAR_FIELD,0.3859160132258067,0,32,0,0,84
78.48333333333333,-50.27768636508845,-1.457243539608081,3.1337665839327835,0.0,0.0,0.0,1.0,0.0,0.15,NO_REGULAR_FIELD,0.3859160132258067,0,32,0,0,84
78.5,-50.27768636508845,-1.457243539608081,3.1337665839327835,0.0,0.0,0.0,1.0,0.0,0.15,NO_REGULAR_FIELD,0.3859160132258067,0,32,0,0,84
78.51666666666667,-50.27768636508845,-1.457243539608081,3.1337665839327835,0.0,0.0,0.0,1.0,0.0,0.15,NO_REGULAR_FIELD,0.3859160132258067,0,32,0,0,84
78.53333333333333,-50.27768636508845,-1.457243539608081,3.1337665839327835,0.0,0.0,0.0,1.0,0.0,0.15,NO_REGULAR_FIELD,0.3859160132258067,0,32,0,0,84
78.55,-50.27768636508845,-1.457243539608081,3.1337665839327835,0.0,0.0,0.0,1.0,0.0,0.15,NO_REGULAR_FIELD,0.3859160132258067,0,32,0,0,84
78.56666666666666,-50.27768636508845,-1.457243539608081,3.1337665839327835,0.0,0.0,0.0,1.0,0.0,0.15,NO_REGULAR_FIELD,0.3859160132258067,0,32,0,0,84
78.58333333333333,-50.27768636508845,-1.457243539608081,3.1337665839327835,0.0,0.0,0.0,1.0,0.0,0.15,NO_REGULAR_FIELD,0.3859160132258067,0,32,0,0,84
78.6,-50.27768636508845,-1.457243539608081,3.1337665839327835,0.0,0.0,0.0,1.0,0.0,0.15,NO_REGULAR_FIELD,0.3859160132258067,0,32,0,0,84
78.61666666666666,-50.27768636508845,-1.457243539608081,3.1337665839327835,0.0,0.0,0.0,1.0,0.0,0.15,NO_REGULAR_FIELD,0.3859160132258067,0,32,0,0,84
78.63333333333334,-50.27768636508845,-1.457243539608081,3.1337665839327835,0.0,0.0,0.0,1.0,0.0,0.15,NO_REGULAR_FIELD,0.3859160132258067,0,32,0,0,84
78.65,-50.27768636508845,-1.457243539608081,3.1337665839327835,0.0,0.0,0.0,1.0,0.0,0.15,NO_REGULAR_FIELD,0.3859160132258067,0,32,0,0,84
78.66666666666667,-50.27768636508845,-1.457243539608081,3.1337665839327835,0.0,0.0,0.0,1.0,0.0,0.15,NO_REGULAR_FIELD,0.3859160132258067,0,32,0,0,84
78.68333333333334,-50.27768636508845,-1.457243539608081,3.1337665839327835,0.0,0.0,0.0,1.0,0.0,0.15,NO_REGULAR_FIELD,0.3859160132258067,0,32,0,0,84
78.7,-50.27768636508845,-1.457243539608081,3.1337665839327835,0.0,0.0,0.0,1.0,0.0,0.15,NO_REGULAR_FIELD,0.3859160132258067,0,32,0,0,84
78.71666666666667,-50.27768636508845,-1.457243539608081,3.1337665839327835,0.0,0.0,0.0,1.0,0.0,0.15,NO_REGULAR_FIELD,0.3859160132258067,0,32,0,0,84
78.73333333333333,-50.27768636508845,-1.457243539608081,3.1337665839327835,0.0,0.0,0.0,1.0,0.0,0.15,NO_REGULAR_FIELD,0.3859160132258067,0,32,0,0,84
78.75,-50.27768636508845,-1.457243539608081,3.1337665839327835,0.0,0.0,0.0,1.0,0.0,0.15,NO_REGULAR_FIELD,0.3859160132258067,0,32,0,0,84
78.76666666666667,-50.27768636508845,-1.457243539608081,3.1337665839327835,0.0,0.0,0.0,1.0,0.0,0.15,NO_REGULAR_FIELD,0.3859160132258067,0,32,0,0,84
78.78333333333333,-50.27768636508845,-1.457243539608081,3.1337665839327835,0.0,0.0,0.0,1.0,0.0,0.15,NO_REGULAR_FIELD,0.3859160132258067,0,32,0,0,84
78.8,-50.27768636508845,-1.457243539608081,3.1337665839327835,0.0,0.0,0.0,1.0,0.0,0.15,NO_REGULAR_FIELD,0.3859160132258067,0,32,0,0,84
78.81666666666666,-50.27768636508845,-1.457243539608081,3.1337665839327835,0.0,0.0,0.0,1.0,0.0,0.15,NO_REGULAR_FIELD,0.3859160132258067,0,32,0,0,84
78.83333333333333,-50.27768636508845,-1.457243539608081,3.1337665839327835,0.0,0.0,0.0,1.0,0.0,0.15,NO_REGULAR_FIELD,0.3859160132258067,0,32,0,0,84
78.85,-50.27768636508845,-1.457243539608081,3.1337665839327835,0.0,0.0,0.0,1.0,0.0,0.15,NO_REGULAR_FIELD,0.3859160132258067,0,32,0,0,84
78.86666666666666,-50.27768636508845,-1.457243539608081,3.1337665839327835,0.0,0.0,0.0,1.0,0.0,0.15,NO_REGULAR_FIELD,0.3859160132258067,0,32,0,0,84
78.88333333333334,-50.27768636508845,-1.457243539608081,3.1337665839327835,0.0,0.0,0.0,1.0,0.0,0.15,NO_REGULAR_FIELD,0.3859160132258067,0,32,0,0,84
78.9,-50.27768636508845,-1.457243539608081,3.1337665839327835,0.0,0.0,0.0,1.0,0.0,0.15,NO_REGULAR_FIELD,0.3859160132258067,0,32,0,0,84
78.91666666666667,-50.27768636508845,-1.457243539608081,3.1337665839327835,0.0,0.0,0.0,1.0,0.0,0.15,NO_REGULAR_FIELD,0.3859160132258067,0,32,0,0,84
78.93333333333334,-50.27768636508845,-1.457243539608081,3.1337665839327835,0.0,0.0,0.0,1.0,0.0,0.15,NO_REGULAR_FIELD,0.3859160132258067,0,32,0,0,84
78.95,-50.27768636508845,-1.457243539608081,3.1337665839327835,0.0,0.0,0.0,1.0,0.0,0.15,NO_REGULAR_FIELD,0.3859160132258067,0,32,0,0,84
78.96666666666667,-50.27768636508845,-1.457243539608081,3.1337665839327835,0.0,0.0,0.0,1.0,0.0,0.15,NO_REGULAR_FIELD,0.3859160132258067,0,32,0,0,84
78.98333333333333,-50.27768636508845,-1.457243539608081,3.1337665839327835,0.0,0.0,0.0,1.0,0.0,0.15,NO_REGULAR_FIELD,0.3859160132258067,0,32,0,0,84
79.0,-50.27768636508845,-1.457243539608081,3.1337665839327835,0.0,0.0,0.0,1.0,0.0,0.15,NO_REGULAR_FIELD,0.3859160132258067,0,32,0,0,84
79.01666666666667,-50.27768636508845,-1.457243539608081,3.1337665839327835,0.0,0.0,0.0,1.0,0.0,0.15,NO_REGULAR_FIELD,0.3859160132258067,0,32,0,0,84
79.03333333333333,-50.27768636508845,-1.457243539608081,3.1337665839327835,0.0,0.0,0.0,1.0,0.0,0.15,NO_REGULAR_FIELD,0.3859160132258067,0,32,0,0,84
79.05,-50.27768636508845,-1.457243539608081,3.1337665839327835,0.0,0.0,0.0,1.0,0.0,0.15,NO_REGULAR_FIELD,0.3859160132258067,0,32,0,0,84
79.06666666666666,-50.27768636508845,-1.457243539608081,3.1337665839327835,0.0,0.0,0.0,1.0,0.0,0.15,NO_REGULAR_FIELD,0.3859160132258067,0,32,0,0,84
79.08333333333333,-50.27768636508845,-1.457243539608081,3.1337665839327835,0.0,0.0,0.0,1.0,0.0,0.15,NO_REGULAR_FIELD,0.3859160132258067,0,32,0,0,84
79.1,-50.27768636508845,-1.457243539608081,3.1337665839327835,0.0,0.0,0.0,1.0,0.0,0.15,NO_REGULAR_FIELD,0.3859160132258067,0,32,0,0,84
79.11666666666666,-50.27768636508845,-1.457243539608081,3.1337665839327835,0.0,0.0,0.0,1.0,0.0,0.15,NO_REGULAR_FIELD,0.3859160132258067,0,32,0,0,84
79.13333333333334,-50.27768636508845,-1.457243539608081,3.1337665839327835,0.0,0.0,0.0,1.0,0.0,0.15,NO_REGULAR_FIELD,0.3859160132258067,0,32,0,0,84
79.15,-50.27768636508845,-1.457243539608081,3.1337665839327835,0.0,0.0,0.0,1.0,0.0,0.15,NO_REGULAR_FIELD,0.3859160132258067,0,32,0,0,84
79.16666666666667,-50.27768636508845,-1.457243539608081,3.1337665839327835,0.0,0.0,0.0,1.0,0.0,0.15,NO_REGULAR_FIELD,0.3859160132258067,0,32,0,0,84
79.18333333333334,-50.27768636508845,-1.457243539608081,3.1337665839327835,0.0,0.0,0.0,1.0,0.0,0.15,NO_REGULAR_FIELD,0.3859160132258067,0,32,0,0,84
79.2,-50.27768636508845,-1.457243539608081,3.1337665839327835,0.0,0.0,0.0,1.0,0.0,0.15,NO_REGULAR_FIELD,0.3859160132258067,0,32,0,0,84
79.21666666666667,-50.27768636508845,-1.457243539608081,3.1337665839327835,0.0,0.0,0.0,1.0,0.0,0.15,NO_REGULAR_FIELD,0.3859160132258067,0,32,0,0,84
79.23333333333333,-50.27768636508845,-1.457243539608081,3.1337665839327835,0.0,0.0,0.0,1.0,0.0,0.15,NO_REGULAR_FIELD,0.3859160132258067,0,32,0,0,84
79.25,-50.27768636508845,-1.457243539608081,3.1337665839327835,0.0,0.0,0.0,1.0,0.0,0.15,NO_REGULAR_FIELD,0.3859160132258067,0,32,0,0,84
79.26666666666667,-50.27768636508845,-1.457243539608081,3.1337665839327835,0.0,0.0,0.0,1.0,0.0,0.15,NO_REGULAR_FIELD,0.3859160132258067,0,32,0,0,84
79.28333333333333,-50.27768636508845,-1.457243539608081,3.1337665839327835,0.0,0.0,0.0,1.0,0.0,0.15,NO_REGULAR_FIELD,0.3859160132258067,0,32,0,0,84
79.3,-50.27768636508845,-1.457243539608081,3.1337665839327835,0.0,0.0,0.0,1.0,0.0,0.15,NO_REGULAR_FIELD,0.3859160132258067,0,32,0,0,84
79.31666666666666,-50.27768636508845,-1.457243539608081,3.1337665839327835,0.0,0.0,0.0,1.0,0.0,0.15,NO_REGULAR_FIELD,0.3859160132258067,0,32,0,0,84
79.33333333333333,-50.27768636508845,-1.457243539608081,3.1337665839327835,0.0,0.0,0.0,1.0,0.0,0.15,NO_REGULAR_FIELD,0.3859160132258067,0,32,0,0,84
79.35,-50.27768636508845,-1.457243539608081,3.1337665839327835,0.0,0.0,0.0,1.0,0.0,0.15,NO_REGULAR_FIELD,0.3859160132258067,0,32,0,0,84
79.36666666666666,-50.27768636508845,-1.457243539608081,3.1337665839327835,0.0,0.0,0.0,1.0,0.0,0.15,NO_REGULAR_FIELD,0.3859160132258067,0,32,0,0,84
79.38333333333334,-50.27768636508845,-1.457243539608081,3.1337665839327835,0.0,0.0,0.0,1.0,0.0,0.15,NO_REGULAR_FIELD,0.3859160132258067,0,32,0,0,84
79.4,-50.27768636508845,-1.457243539608081,3.1337665839327835,0.0,0.0,0.0,1.0,0.0,0.15,NO_REGULAR_FIELD,0.3859160132258067,0,32,0,0,84
79.41666666666667,-50.27768636508845,-1.457243539608081,3.1337665839327835,0.0,0.0,0.0,1.0,0.0,0.15,NO_REGULAR_FIELD,0.3859160132258067,0,32,0,0,84
79.43333333333334,-50.27768636508845,-1.457243539608081,3.1337665839327835,0.0,0.0,0.0,1.0,0.0,0.15,NO_REGULAR_FIELD,0.3859160132258067,0,32,0,0,84
79.45,-50.27768636508845,-1.457243539608081,3.1337665839327835,0.0,0.0,0.0,1.0,0.0,0.15,NO_REGULAR_FIELD,0.3859160132258067,0,32,0,0,84
79.46666666666667,-50.27768636508845,-1.457243539608081,3.1337665839327835,0.0,0.0,0.0,1.0,0.0,0.15,NO_REGULAR_FIELD,0.3859160132258067,0,32,0,0,84
79.48333333333333,-50.27768636508845,-1.457243539608081,3.1337665839327835,0.0,0.0,0.0,1.0,0.0,0.15,NO_REGULAR_FIELD,0.3859160132258067,0,32,0,0,84
79.5,-50.27768636508845,-1.457243539608081,3.1337665839327835,0.0,0.0,0.0,1.0,0.0,0.15,NO_REGULAR_FIELD,0.3859160132258067,0,32,0,0,84
79.51666666666667,-50.27768636508845,-1.457243539608081,3.1337665839327835,0.0,0.0,0.0,1.0,0.0,0.15,NO_REGULAR_FIELD,0.3859160132258067,0,32,0,0,84
79.53333333333333,-50.27768636508845,-1.457243539608081,3.1337665839327835,0.0,0.0,0.0,1.0,0.0,0.15,NO_REGULAR_FIELD,0.3859160132258067,0,32,0,0,84
79.55,-50.27768636508845,-1.457243539608081,3.1337665839327835,0.0,0.0,0.0,1.0,0.0,0.15,NO_REGULAR_FIELD,0.3859160132258067,0,32,0,0,84
79.56666666666666,-50.27768636508845,-1.457243539608081,3.1337665839327835,0.0,0.0,0.0,1.0,0.0,0.15,NO_REGULAR_FIELD,0.3859160132258067,0,32,0,0,84
79.58333333333333,-50.27768636508845,-1.457243539608081,3.1337665839327835,0.0,0.0,0.0,1.0,0.0,0.15,NO_REGULAR_FIELD,0.3859160132258067,0,32,0,0,84
79.6,-50.27768636508845,-1.457243539608081,3.1337665839327835,0.0,0.0,0.0,1.0,0.0,0.15,NO_REGULAR_FIELD,0.3859160132258067,0,32,0,0,84
79.61666666666666,-50.27768636508845,-1.457243539608081,3.1337665839327835,0.0,0.0,0.0,1.0,0.0,0.15,NO_REGULAR_FIELD,0.3859160132258067,0,32,0,0,84
79.63333333333334,-50.27768636508845,-1.457243539608081,3.1337665839327835,0.0,0.0,0.0,1.0,0.0,0.15,NO_REGULAR_FIELD,0.3859160132258067,0,32,0,0,84
79.65,-50.27768636508845,-1.457243539608081,3.1337665839327835,0.0,0.0,0.0,1.0,0.0,0.15,NO_REGULAR_FIELD,0.3859160132258067,0,32,0,0,84
79.66666666666667,-50.27768636508845,-1.457243539608081,3.1337665839327835,0.0,0.0,0.0,1.0,0.0,0.15,NO_REGULAR_FIELD,0.3859160132258067,0,32,0,0,84
79.68333333333334,-50.27768636508845,-1.457243539608081,3.1337665839327835,0.0,0.0,0.0,1.0,0.0,0.15,NO_REGULAR_FIELD,0.3859160132258067,0,32,0,0,84
79.7,-50.27768636508845,-1.457243539608081,3.1337665839327835,0.0,0.0,0.0,1.0,0.0,0.15,NO_REGULAR_FIELD,0.3859160132258067,0,32,0,0,84
79.71666666666667,-50.27768636508845,-1.457243539608081,3.1337665839327835,0.0,0.0,0.0,1.0,0.0,0.15,NO_REGULAR_FIELD,0.3859160132258067,0,32,0,0,84
79.73333333333333,-50.27768636508845,-1.457243539608081,3.1337665839327835,0.0,0.0,0.0,1.0,0.0,0.15,NO_REGULAR_FIELD,0.3859160132258067,0,32,0,0,84
79.75,-50.27768636508845,-1.457243539608081,3.1337665839327835,0.0,0.0,0.0,1.0,0.0,0.15,NO_REGULAR_FIELD,0.3859160132258067,0,32,0,0,84
79.76666666666667,-50.27768636508845,-1.457243539608081,3.1337665839327835,0.0,0.0,0.0,1.0,0.0,0.15,NO_REGULAR_FIELD,0.3859160132258067,0,32,0,0,84
79.78333333333333,-50.27768636508845,-1.457243539608081,3.1337665839327835,0.0,0.0,0.0,1.0,0.0,0.15,NO_REGULAR_FIELD,0.3859160132258067,0,32,0,0,84
79.8,-50.27768636508845,-1.457243539608081,3.1337665839327835,0.0,0.0,0.0,1.0,0.0,0.15,NO_REGULAR_FIELD,0.3859160132258067,0,32,0,0,84
79.81666666666666,-50.27768636508845,-1.457243539608081,3.1337665839327835,0.0,0.0,0.0,1.0,0.0,0.15,NO_REGULAR_FIELD,0.3859160132258067,0,32,0,0,84
79.83333333333333,-50.27768636508845,-1.457243539608081,3.1337665839327835,0.0,0.0,0.0,1.0,0.0,0.15,NO_REGULAR_FIELD,0.3859160132258067,0,32,0,0,84
79.85,-50.27768636508845,-1.457243539608081,3.1337665839327835,0.0,0.0,0.0,1.0,0.0,0.15,NO_REGULAR_FIELD,0.3859160132258067,0,32,0,0,84
79.86666666666666,-50.27768636508845,-1.457243539608081,3.1337665839327835,0.0,0.0,0.0,1.0,0.0,0.15,NO_REGULAR_FIELD,0.3859160132258067,0,32,0,0,84
79.88333333333334,-50.27768636508845,-1.457243539608081,3.1337665839327835,0.0,0.0,0.0,1.0,0.0,0.15,NO_REGULAR_FIELD,0.3859160132258067,0,32,0,0,84
79.9,-50.27768636508845,-1.457243539608081,3.1337665839327835,0.0,0.0,0.0,1.0,0.0,0.15,NO_REGULAR_FIELD,0.3859160132258067,0,32,0,0,84
79.91666666666667,-50.27768636508845,-1.457243539608081,3.1337665839327835,0.0,0.0,0.0,1.0,0.0,0.15,NO_REGULAR_FIELD,0.3859160132258067,0,32,0,0,84
79.93333333333334,-50.27768636508845,-1.457243539608081,3.1337665839327835,0.0,0.0,0.0,1.0,0.0,0.15,NO_REGULAR_FIELD,0.3859160132258067,0,32,0,0,84
79.95,-50.27768636508845,-1.457243539608081,3.1337665839327835,0.0,0.0,0.0,1.0,0.0,0.15,NO_REGULAR_FIELD,0.3859160132258067,0,32,0,0,84
79.96666666666667,-50.27768636508845,-1.457243539608081,3.1337665839327835,0.0,0.0,0.0,1.0,0.0,0.15,NO_REGULAR_FIELD,0.3859160132258067,0,32,0,0,84
79.98333333333333,-50.27768636508845,-1.457243539608081,3.1337665839327835,0.0,0.0,0.0,1.0,0.0,0.15,NO_REGULAR_FIELD,0.3859160132258067,0,32,0,0,84
80.0,-50.27768636508845,-1.457243539608081,3.1337665839327835,0.0,0.0,0.0,1.0,0.0,0.15,NO_REGULAR_FIELD,0.3859160132258067,0,32,0,0,84
80.01666666666667,-50.27768636508845,-1.457243539608081,3.1337665839327835,0.0,0.0,0.0,1.0,0.0,0.15,NO_REGULAR_FIELD,0.3859160132258067,0,32,0,0,84
80.03333333333333,-50.27768636508845,-1.457243539608081,3.1337665839327835,0.0,0.0,0.0,1.0,0.0,0.15,NO_REGULAR_FIELD,0.3859160132258067,0,32,0,0,84
80.05,-50.27768636508845,-1.457243539608081,3.1337665839327835,0.0,0.0,0.0,1.0,0.0,0.15,NO_REGULAR_FIELD,0.3859160132258067,0,32,0,0,84
80.06666666666666,-50.27768636508845,-1.457243539608081,3.1337665839327835,0.0,0.0,0.0,1.0,0.0,0.15,NO_REGULAR_FIELD,0.3859160132258067,0,32,0,0,84
80.08333333333333,-50.27768636508845,-1.457243539608081,3.1337665839327835,0.0,0.0,0.0,1.0,0.0,0.15,NO_REGULAR_FIELD,0.3859160132258067,0,32,0,0,84
80.1,-50.27768636508845,-1.457243539608081,3.1337665839327835,0.0,0.0,0.0,1.0,0.0,0.15,NO_REGULAR_FIELD,0.3859160132258067,0,32,0,0,84
80.11666666666666,-50.27768636508845,-1.457243539608081,3.1337665839327835,0.0,0.0,0.0,1.0,0.0,0.15,NO_REGULAR_FIELD,0.3859160132258067,0,32,0,0,84
80.13333333333334,-50.27768636508845,-1.457243539608081,3.1337665839327835,0.0,0.0,0.0,1.0,0.0,0.15,NO_REGULAR_FIELD,0.3859160132258067,0,32,0,0,84
80.15,-50.27768636508845,-1.457243539608081,3.1337665839327835,0.0,0.0,0.0,1.0,0.0,0.15,NO_REGULAR_FIELD,0.3859160132258067,0,32,0,0,84
80.16666666666667,-50.27768636508845,-1.457243539608081,3.1337665839327835,0.0,0.0,0.0,1.0,0.0,0.15,NO_REGULAR_FIELD,0.3859160132258067,0,32,0,0,84
80.18333333333334,-50.27768636508845,-1.457243539608081,3.1337665839327835,0.0,0.0,0.0,1.0,0.0,0.15,NO_REGULAR_FIELD,0.3859160132258067,0,32,0,0,84
80.2,-50.27768636508845,-1.457243539608081,3.1337665839327835,0.0,0.0,0.0,1.0,0.0,0.15,NO_REGULAR_FIELD,0.3859160132258067,0,32,0,0,84
80.21666666666667,-50.27768636508845,-1.457243539608081,3.1337665839327835,0.0,0.0,0.0,1.0,0.0,0.15,NO_REGULAR_FIELD,0.3859160132258067,0,32,0,0,84
80.23333333333333,-50.27768636508845,-1.457243539608081,3.1337665839327835,0.0,0.0,0.0,1.0,0.0,0.15,NO_REGULAR_FIELD,0.3859160132258067,0,32,0,0,84
80.25,-50.27768636508845,-1.457243539608081,3.1337665839327835,0.0,0.0,0.0,1.0,0.0,0.15,NO_REGULAR_FIELD,0.3859160132258067,0,32,0,0,84
80.26666666666667,-50.27768636508845,-1.457243539608081,3.1337665839327835,0.0,0.0,0.0,1.0,0.0,0.15,NO_REGULAR_FIELD,0.3859160132258067,0,32,0,0,84
80.28333333333333,-50.27768636508845,-1.457243539608081,3.1337665839327835,0.0,0.0,0.0,1.0,0.0,0.15,NO_REGULAR_FIELD,0.3859160132258067,0,32,0,0,84
80.3,-50.27768636508845,-1.457243539608081,3.1337665839327835,0.0,0.0,0.0,1.0,0.0,0.15,NO_REGULAR_FIELD,0.3859160132258067,0,32,0,0,84
80.31666666666666,-50.27768636508845,-1.457243539608081,3.1337665839327835,0.0,0.0,0.0,1.0,0.0,0.15,NO_REGULAR_FIELD,0.3859160132258067,0,32,0,0,84
80.33333333333333,-50.27768636508845,-1.457243539608081,3.1337665839327835,0.0,0.0,0.0,1.0,0.0,0.15,NO_REGULAR_FIELD,0.3859160132258067,0,32,0,0,84
80.35,-50.27768636508845,-1.457243539608081,3.1337665839327835,0.0,0.0,0.0,1.0,0.0,0.15,NO_REGULAR_FIELD,0.3859160132258067,0,32,0,0,84
80.36666666666666,-50.27768636508845,-1.457243539608081,3.1337665839327835,0.0,0.0,0.0,1.0,0.0,0.15,NO_REGULAR_FIELD,0.3859160132258067,0,32,0,0,84
80.38333333333334,-50.27768636508845,-1.457243539608081,3.1337665839327835,0.0,0.0,0.0,1.0,0.0,0.15,NO_REGULAR_FIELD,0.3859160132258067,0,32,0,0,84
80.4,-50.27768636508845,-1.457243539608081,3.1337665839327835,0.0,0.0,0.0,1.0,0.0,0.15,NO_REGULAR_FIELD,0.3859160132258067,0,32,0,0,84
80.41666666666667,-50.27768636508845,-1.457243539608081,3.1337665839327835,0.0,0.0,0.0,1.0,0.0,0.15,NO_REGULAR_FIELD,0.3859160132258067,0,32,0,0,84
80.43333333333334,-50.27768636508845,-1.457243539608081,3.1337665839327835,0.0,0.0,0.0,1.0,0.0,0.15,NO_REGULAR_FIELD,0.3859160132258067,0,32,0,0,84
80.45,-50.27768636508845,-1.457243539608081,3.1337665839327835,0.0,0.0,0.0,1.0,0.0,0.15,NO_REGULAR_FIELD,0.3859160132258067,0,32,0,0,84
80.46666666666667,-50.27768636508845,-1.457243539608081,3.1337665839327835,0.0,0.0,0.0,1.0,0.0,0.15,NO_REGULAR_FIELD,0.3859160132258067,0,32,0,0,84
80.48333333333333,-50.27768636508845,-1.457243539608081,3.1337665839327835,0.0,0.0,0.0,1.0,0.0,0.15,NO_REGULAR_FIELD,0.3859160132258067,0,32,0,0,84
80.5,-50.27768636508845,-1.457243539608081,3.1337665839327835,0.0,0.0,0.0,1.0,0.0,0.15,NO_REGULAR_FIELD,0.3859160132258067,0,32,0,0,84
80.51666666666667,-50.27768636508845,-1.457243539608081,3.1337665839327835,0.0,0.0,0.0,1.0,0.0,0.15,NO_REGULAR_FIELD,0.3859160132258067,0,32,0,0,84
80.53333333333333,-50.27768636508845,-1.457243539608081,3.1337665839327835,0.0,0.0,0.0,1.0,0.0,0.15,NO_REGULAR_FIELD,0.3859160132258067,0,32,0,0,84
80.55,-50.27768636508845,-1.457243539608081,3.1337665839327835,0.0,0.0,0.0,1.0,0.0,0.15,NO_REGULAR_FIELD,0.3859160132258067,0,32,0,0,84
80.56666666666666,-50.27768636508845,-1.457243539608081,3.1337665839327835,0.0,0.0,0.0,1.0,0.0,0.15,NO_REGULAR_FIELD,0.3859160132258067,0,32,0,0,84
80.58333333333333,-50.27768636508845,-1.457243539608081,3.1337665839327835,0.0,0.0,0.0,1.0,0.0,0.15,NO_REGULAR_FIELD,0.3859160132258067,0,32,0,0,84
80.6,-50.27768636508845,-1.457243539608081,3.1337665839327835,0.0,0.0,0.0,1.0,0.0,0.15,NO_REGULAR_FIELD,0.3859160132258067,0,32,0,0,84
80.61666666666666,-50.27768636508845,-1.457243539608081,3.1337665839327835,0.0,0.0,0.0,1.0,0.0,0.15,NO_REGULAR_FIELD,0.3859160132258067,0,32,0,0,84
80.63333333333334,-50.27768636508845,-1.457243539608081,3.1337665839327835,0.0,0.0,0.0,1.0,0.0,0.15,NO_REGULAR_FIELD,0.3859160132258067,0,32,0,0,84
80.65,-50.27768636508845,-1.457243539608081,3.1337665839327835,0.0,0.0,0.0,1.0,0.0,0.15,NO_REGULAR_FIELD,0.3859160132258067,0,32,0,0,84
80.66666666666667,-50.27768636508845,-1.457243539608081,3.1337665839327835,0.0,0.0,0.0,1.0,0.0,0.15,NO_REGULAR_FIELD,0.3859160132258067,0,32,0,0,84
80.68333333333334,-50.27768636508845,-1.457243539608081,3.1337665839327835,0.0,0.0,0.0,1.0,0.0,0.15,NO_REGULAR_FIELD,0.3859160132258067,0,32,0,0,84
80.7,-50.27768636508845,-1.457243539608081,3.1337665839327835,0.0,0.0,0.0,1.0,0.0,0.15,NO_REGULAR_FIELD,0.3859160132258067,0,32,0,0,84
80.71666666666667,-50.27768636508845,-1.457243539608081,3.1337665839327835,0.0,0.0,0.0,1.0,0.0,0.15,NO_REGULAR_FIELD,0.3859160132258067,0,32,0,0,84
80.73333333333333,-50.27768636508845,-1.457243539608081,3.1337665839327835,0.0,0.0,0.0,1.0,0.0,0.15,NO_REGULAR_FIELD,0.3859160132258067,0,32,0,0,84
80.75,-50.27768636508845,-1.457243539608081,3.1337665839327835,0.0,0.0,0.0,1.0,0.0,0.15,NO_REGULAR_FIELD,0.3859160132258067,0,32,0,0,84
80.76666666666667,-50.27768636508845,-1.457243539608081,3.1337665839327835,0.0,0.0,0.0,1.0,0.0,0.15,NO_REGULAR_FIELD,0.3859160132258067,0,32,0,0,84
80.78333333333333,-50.27768636508845,-1.457243539608081,3.1337665839327835,0.0,0.0,0.0,1.0,0.0,0.15,NO_REGULAR_FIELD,0.3859160132258067,0,32,0,0,84
80.8,-50.27768636508845,-1.457243539608081,3.1337665839327835,0.0,0.0,0.0,1.0,0.0,0.15,NO_REGULAR_FIELD,0.3859160132258067,0,32,0,0,84
80.81666666666666,-50.27768636508845,-1.457243539608081,3.1337665839327835,0.0,0.0,0.0,1.0,0.0,0.15,NO_REGULAR_FIELD,0.3859160132258067,0,32,0,0,84
80.83333333333333,-50.27768636508845,-1.457243539608081,3.1337665839327835,0.0,0.0,0.0,1.0,0.0,0.15,NO_REGULAR_FIELD,0.3859160132258067,0,32,0,0,84
80.85,-50.27768636508845,-1.457243539608081,3.1337665839327835,0.0,0.0,0.0,1.0,0.0,0.15,NO_REGULAR_FIELD,0.3859160132258067,0,32,0,0,84
80.86666666666666,-50.27768636508845,-1.457243539608081,3.1337665839327835,0.0,0.0,0.0,1.0,0.0,0.15,NO_REGULAR_FIELD,0.3859160132258067,0,32,0,0,84
80.88333333333334,-50.27768636508845,-1.457243539608081,3.1337665839327835,0.0,0.0,0.0,1.0,0.0,0.15,NO_REGULAR_FIELD,0.3859160132258067,0,32,0,0,84
80.9,-50.27768636508845,-1.457243539608081,3.1337665839327835,0.0,0.0,0.0,1.0,0.0,0.15,NO_REGULAR_FIELD,0.3859160132258067,0,32,0,0,84
80.91666666666667,-50.27768636508845,-1.457243539608081,3.1337665839327835,0.0,0.0,0.0,1.0,0.0,0.15,NO_REGULAR_FIELD,0.3859160132258067,0,32,0,0,84
80.93333333333334,-50.27768636508845,-1.457243539608081,3.1337665839327835,0.0,0.0,0.0,1.0,0.0,0.15,NO_REGULAR_FIELD,0.3859160132258067,0,32,0,0,84
80.95,-50.27768636508845,-1.457243539608081,3.1337665839327835,0.0,0.0,0.0,1.0,0.0,0.15,NO_REGULAR_FIELD,0.3859160132258067,0,32,0,0,84
80.96666666666667,-50.27768636508845,-1.457243539608081,3.1337665839327835,0.0,0.0,0.0,1.0,0.0,0.15,NO_REGULAR_FIELD,0.3859160132258067,0,32,0,0,84
80.98333333333333,-50.27768636508845,-1.457243539608081,3.1337665839327835,0.0,0.0,0.0,1.0,0.0,0.15,NO_REGULAR_FIELD,0.3859160132258067,0,32,0,0,84
81.0,-50.27768636508845,-1.457243539608081,3.1337665839327835,0.0,0.0,0.0,1.0,0.0,0.15,NO_REGULAR_FIELD,0.3859160132258067,0,32,0,0,84
81.01666666666667,-50.27768636508845,-1.457243539608081,3.1337665839327835,0.0,0.0,0.0,1.0,0.0,0.15,NO_REGULAR_FIELD,0.3859160132258067,0,32,0,0,84
81.03333333333333,-50.27768636508845,-1.457243539608081,3.1337665839327835,0.0,0.0,0.0,1.0,0.0,0.15,NO_REGULAR_FIELD,0.3859160132258067,0,32,0,0,84
81.05,-50.27768636508845,-1.457243539608081,3.1337665839327835,0.0,0.0,0.0,1.0,0.0,0.15,NO_REGULAR_FIELD,0.3859160132258067,0,32,0,0,84
81.06666666666666,-50.27768636508845,-1.457243539608081,3.1337665839327835,0.0,0.0,0.0,1.0,0.0,0.15,NO_REGULAR_FIELD,0.3859160132258067,0,32,0,0,84
81.08333333333333,-50.27768636508845,-1.457243539608081,3.1337665839327835,0.0,0.0,0.0,1.0,0.0,0.15,NO_REGULAR_FIELD,0.3859160132258067,0,32,0,0,84
81.1,-50.27768636508845,-1.457243539608081,3.1337665839327835,0.0,0.0,0.0,1.0,0.0,0.15,NO_REGULAR_FIELD,0.3859160132258067,0,32,0,0,84
81.11666666666666,-50.27768636508845,-1.457243539608081,3.1337665839327835,0.0,0.0,0.0,1.0,0.0,0.15,NO_REGULAR_FIELD,0.3859160132258067,0,32,0,0,84
81.13333333333334,-50.27768636508845,-1.457243539608081,3.1337665839327835,0.0,0.0,0.0,1.0,0.0,0.15,NO_REGULAR_FIELD,0.3859160132258067,0,32,0,0,84
81.15,-50.27768636508845,-1.457243539608081,3.1337665839327835,0.0,0.0,0.0,1.0,0.0,0.15,NO_REGULAR_FIELD,0.3859160132258067,0,32,0,0,84
81.16666666666667,-50.27768636508845,-1.457243539608081,3.1337665839327835,0.0,0.0,0.0,1.0,0.0,0.15,NO_REGULAR_FIELD,0.3859160132258067,0,32,0,0,84
81.18333333333334,-50.27768636508845,-1.457243539608081,3.1337665839327835,0.0,0.0,0.0,1.0,0.0,0.15,NO_REGULAR_FIELD,0.3859160132258067,0,32,0,0,84
81.2,-50.27768636508845,-1.457243539608081,3.1337665839327835,0.0,0.0,0.0,1.0,0.0,0.15,NO_REGULAR_FIELD,0.3859160132258067,0,32,0,0,84
81.21666666666667,-50.27768636508845,-1.457243539608081,3.1337665839327835,0.0,0.0,0.0,1.0,0.0,0.15,NO_REGULAR_FIELD,0.3859160132258067,0,32,0,0,84
81.23333333333333,-50.27768636508845,-1.457243539608081,3.1337665839327835,0.0,0.0,0.0,1.0,0.0,0.15,NO_REGULAR_FIELD,0.3859160132258067,0,32,0,0,84
81.25,-50.27768636508845,-1.457243539608081,3.1337665839327835,0.0,0.0,0.0,1.0,0.0,0.15,NO_REGULAR_FIELD,0.3859160132258067,0,32,0,0,84
81.26666666666667,-50.27768636508845,-1.457243539608081,3.1337665839327835,0.0,0.0,0.0,1.0,0.0,0.15,NO_REGULAR_FIELD,0.3859160132258067,0,32,0,0,84
81.28333333333333,-50.27768636508845,-1.457243539608081,3.1337665839327835,0.0,0.0,0.0,1.0,0.0,0.15,NO_REGULAR_FIELD,0.3859160132258067,0,32,0,0,84
81.3,-50.27768636508845,-1.457243539608081,3.1337665839327835,0.0,0.0,0.0,1.0,0.0,0.15,NO_REGULAR_FIELD,0.3859160132258067,0,32,0,0,84
81.31666666666666,-50.27768636508845,-1.457243539608081,3.1337665839327835,0.0,0.0,0.0,1.0,0.0,0.15,NO_REGULAR_FIELD,0.3859160132258067,0,32,0,0,84
81.33333333333333,-50.27768636508845,-1.457243539608081,3.1337665839327835,0.0,0.0,0.0,1.0,0.0,0.15,NO_REGULAR_FIELD,0.3859160132258067,0,32,0,0,84
81.35,-50.27768636508845,-1.457243539608081,3.1337665839327835,0.0,0.0,0.0,1.0,0.0,0.15,NO_REGULAR_FIELD,0.3859160132258067,0,32,0,0,84
81.36666666666666,-50.27768636508845,-1.457243539608081,3.1337665839327835,0.0,0.0,0.0,1.0,0.0,0.15,NO_REGULAR_FIELD,0.3859160132258067,0,32,0,0,84
81.38333333333334,-50.27768636508845,-1.457243539608081,3.1337665839327835,0.0,0.0,0.0,1.0,0.0,0.15,NO_REGULAR_FIELD,0.3859160132258067,0,32,0,0,84
81.4,-50.27768636508845,-1.457243539608081,3.1337665839327835,0.0,0.0,0.0,1.0,0.0,0.15,NO_REGULAR_FIELD,0.3859160132258067,0,32,0,0,84
81.41666666666667,-50.27768636508845,-1.457243539608081,3.1337665839327835,0.0,0.0,0.0,1.0,0.0,0.15,NO_REGULAR_FIELD,0.3859160132258067,0,32,0,0,84
81.43333333333334,-50.27768636508845,-1.457243539608081,3.1337665839327835,0.0,0.0,0.0,1.0,0.0,0.15,NO_REGULAR_FIELD,0.3859160132258067,0,32,0,0,84
81.45,-50.27768636508845,-1.457243539608081,3.1337665839327835,0.0,0.0,0.0,1.0,0.0,0.15,NO_REGULAR_FIELD,0.3859160132258067,0,32,0,0,84
81.46666666666667,-50.27768636508845,-1.457243539608081,3.1337665839327835,0.0,0.0,0.0,1.0,0.0,0.15,NO_REGULAR_FIELD,0.3859160132258067,0,32,0,0,84
81.48333333333333,-50.27768636508845,-1.457243539608081,3.1337665839327835,0.0,0.0,0.0,1.0,0.0,0.15,NO_REGULAR_FIELD,0.3859160132258067,0,32,0,0,84
81.5,-50.27768636508845,-1.457243539608081,3.1337665839327835,0.0,0.0,0.0,1.0,0.0,0.15,NO_REGULAR_FIELD,0.3859160132258067,0,32,0,0,84
81.51666666666667,-50.27768636508845,-1.457243539608081,3.1337665839327835,0.0,0.0,0.0,1.0,0.0,0.15,NO_REGULAR_FIELD,0.3859160132258067,0,32,0,0,84
81.53333333333333,-50.27768636508845,-1.457243539608081,3.1337665839327835,0.0,0.0,0.0,1.0,0.0,0.15,NO_REGULAR_FIELD,0.3859160132258067,0,32,0,0,84
81.55,-50.27768636508845,-1.457243539608081,3.1337665839327835,0.0,0.0,0.0,1.0,0.0,0.15,NO_REGULAR_FIELD,0.3859160132258067,0,32,0,0,84
81.56666666666666,-50.27768636508845,-1.457243539608081,3.1337665839327835,0.0,0.0,0.0,1.0,0.0,0.15,NO_REGULAR_FIELD,0.3859160132258067,0,32,0,0,84
81.58333333333333,-50.27768636508845,-1.457243539608081,3.1337665839327835,0.0,0.0,0.0,1.0,0.0,0.15,NO_REGULAR_FIELD,0.3859160132258067,0,32,0,0,84
81.6,-50.27768636508845,-1.457243539608081,3.1337665839327835,0.0,0.0,0.0,1.0,0.0,0.15,NO_REGULAR_FIELD,0.3859160132258067,0,32,0,0,84
81.61666666666666,-50.27768636508845,-1.457243539608081,3.1337665839327835,0.0,0.0,0.0,1.0,0.0,0.15,NO_REGULAR_FIELD,0.3859160132258067,0,32,0,0,84
81.63333333333334,-50.27768636508845,-1.457243539608081,3.1337665839327835,0.0,0.0,0.0,1.0,0.0,0.15,NO_REGULAR_FIELD,0.3859160132258067,0,32,0,0,84
81.65,-50.27768636508845,-1.457243539608081,3.1337665839327835,0.0,0.0,0.0,1.0,0.0,0.15,NO_REGULAR_FIELD,0.3859160132258067,0,32,0,0,84
81.66666666666667,-50.27768636508845,-1.457243539608081,3.1337665839327835,0.0,0.0,0.0,1.0,0.0,0.15,NO_REGULAR_FIELD,0.3859160132258067,0,32,0,0,84
81.68333333333334,-50.27768636508845,-1.457243539608081,3.1337665839327835,0.0,0.0,0.0,1.0,0.0,0.15,NO_REGULAR_FIELD,0.3859160132258067,0,32,0,0,84
81.7,-50.27768636508845,-1.457243539608081,3.1337665839327835,0.0,0.0,0.0,1.0,0.0,0.15,NO_REGULAR_FIELD,0.3859160132258067,0,32,0,0,84
81.71666666666667,-50.27768636508845,-1.457243539608081,3.1337665839327835,0.0,0.0,0.0,1.0,0.0,0.15,NO_REGULAR_FIELD,0.3859160132258067,0,32,0,0,84
81.73333333333333,-50.27768636508845,-1.457243539608081,3.1337665839327835,0.0,0.0,0.0,1.0,0.0,0.15,NO_REGULAR_FIELD,0.3859160132258067,0,32,0,0,84
81.75,-50.27768636508845,-1.457243539608081,3.1337665839327835,0.0,0.0,0.0,1.0,0.0,0.15,NO_REGULAR_FIELD,0.3859160132258067,0,32,0,0,84
81.76666666666667,-50.27768636508845,-1.457243539608081,3.1337665839327835,0.0,0.0,0.0,1.0,0.0,0.15,NO_REGULAR_FIELD,0.3859160132258067,0,32,0,0,84
81.78333333333333,-50.27768636508845,-1.457243539608081,3.1337665839327835,0.0,0.0,0.0,1.0,0.0,0.15,NO_REGULAR_FIELD,0.3859160132258067,0,32,0,0,84
81.8,-50.27768636508845,-1.457243539608081,3.1337665839327835,0.0,0.0,0.0,1.0,0.0,0.15,NO_REGULAR_FIELD,0.3859160132258067,0,32,0,0,84
81.81666666666666,-50.27768636508845,-1.457243539608081,3.1337665839327835,0.0,0.0,0.0,1.0,0.0,0.15,NO_REGULAR_FIELD,0.3859160132258067,0,32,0,0,84
81.83333333333333,-50.27768636508845,-1.457243539608081,3.1337665839327835,0.0,0.0,0.0,1.0,0.0,0.15,NO_REGULAR_FIELD,0.3859160132258067,0,32,0,0,84
81.85,-50.27768636508845,-1.457243539608081,3.1337665839327835,0.0,0.0,0.0,1.0,0.0,0.15,NO_REGULAR_FIELD,0.3859160132258067,0,32,0,0,84
81.86666666666666,-50.27768636508845,-1.457243539608081,3.1337665839327835,0.0,0.0,0.0,1.0,0.0,0.15,NO_REGULAR_FIELD,0.3859160132258067,0,32,0,0,84
81.88333333333334,-50.27768636508845,-1.457243539608081,3.1337665839327835,0.0,0.0,0.0,1.0,0.0,0.15,NO_REGULAR_FIELD,0.3859160132258067,0,32,0,0,84
81.9,-50.27768636508845,-1.457243539608081,3.1337665839327835,0.0,0.0,0.0,1.0,0.0,0.15,NO_REGULAR_FIELD,0.3859160132258067,0,32,0,0,84
81.91666666666667,-50.27768636508845,-1.457243539608081,3.1337665839327835,0.0,0.0,0.0,1.0,0.0,0.15,NO_REGULAR_FIELD,0.3859160132258067,0,32,0,0,84
81.93333333333334,-50.27768636508845,-1.457243539608081,3.1337665839327835,0.0,0.0,0.0,1.0,0.0,0.15,NO_REGULAR_FIELD,0.3859160132258067,0,32,0,0,84
81.95,-50.27768636508845,-1.457243539608081,3.1337665839327835,0.0,0.0,0.0,1.0,0.0,0.15,NO_REGULAR_FIELD,0.3859160132258067,0,32,0,0,84
81.96666666666667,-50.27768636508845,-1.457243539608081,3.1337665839327835,0.0,0.0,0.0,1.0,0.0,0.15,NO_REGULAR_FIELD,0.3859160132258067,0,32,0,0,84
81.98333333333333,-50.27768636508845,-1.457243539608081,3.1337665839327835,0.0,0.0,0.0,1.0,0.0,0.15,NO_REGULAR_FIELD,0.3859160132258067,0,32,0,0,84
82.0,-50.27768636508845,-1.457243539608081,3.1337665839327835,0.0,0.0,0.0,1.0,0.0,0.15,NO_REGULAR_FIELD,0.3859160132258067,0,32,0,0,84
82.01666666666667,-50.27768636508845,-1.457243539608081,3.1337665839327835,0.0,0.0,0.0,1.0,0.0,0.15,NO_REGULAR_FIELD,0.3859160132258067,0,32,0,0,84
82.03333333333333,-50.27768636508845,-1.457243539608081,3.1337665839327835,0.0,0.0,0.0,1.0,0.0,0.15,NO_REGULAR_FIELD,0.3859160132258067,0,32,0,0,84
82.05,-50.27768636508845,-1.457243539608081,3.1337665839327835,0.0,0.0,0.0,1.0,0.0,0.15,NO_REGULAR_FIELD,0.3859160132258067,0,32,0,0,84
82.06666666666666,-50.27768636508845,-1.457243539608081,3.1337665839327835,0.0,0.0,0.0,1.0,0.0,0.15,NO_REGULAR_FIELD,0.3859160132258067,0,32,0,0,84
82.08333333333333,-50.27768636508845,-1.457243539608081,3.1337665839327835,0.0,0.0,0.0,1.0,0.0,0.15,NO_REGULAR_FIELD,0.3859160132258067,0,32,0,0,84
82.1,-50.27768636508845,-1.457243539608081,3.1337665839327835,0.0,0.0,0.0,1.0,0.0,0.15,NO_REGULAR_FIELD,0.3859160132258067,0,32,0,0,84
82.11666666666666,-50.27768636508845,-1.457243539608081,3.1337665839327835,0.0,0.0,0.0,1.0,0.0,0.15,NO_REGULAR_FIELD,0.3859160132258067,0,32,0,0,84
82.13333333333334,-50.27768636508845,-1.457243539608081,3.1337665839327835,0.0,0.0,0.0,1.0,0.0,0.15,NO_REGULAR_FIELD,0.3859160132258067,0,32,0,0,84
82.15,-50.27768636508845,-1.457243539608081,3.1337665839327835,0.0,0.0,0.0,1.0,0.0,0.15,NO_REGULAR_FIELD,0.3859160132258067,0,32,0,0,84
82.16666666666667,-50.27768636508845,-1.457243539608081,3.1337665839327835,0.0,0.0,0.0,1.0,0.0,0.15,NO_REGULAR_FIELD,0.3859160132258067,0,32,0,0,84
82.18333333333334,-50.27768636508845,-1.457243539608081,3.1337665839327835,0.0,0.0,0.0,1.0,0.0,0.15,NO_REGULAR_FIELD,0.3859160132258067,0,32,0,0,84
82.2,-50.27768636508845,-1.457243539608081,3.1337665839327835,0.0,0.0,0.0,1.0,0.0,0.15,NO_REGULAR_FIELD,0.3859160132258067,0,32,0,0,84
82.21666666666667,-50.27768636508845,-1.457243539608081,3.1337665839327835,0.0,0.0,0.0,1.0,0.0,0.15,NO_REGULAR_FIELD,0.3859160132258067,0,32,0,0,84
82.23333333333333,-50.27768636508845,-1.457243539608081,3.1337665839327835,0.0,0.0,0.0,1.0,0.0,0.15,NO_REGULAR_FIELD,0.3859160132258067,0,32,0,0,84
82.25,-50.27768636508845,-1.457243539608081,3.1337665839327835,0.0,0.0,0.0,1.0,0.0,0.15,NO_REGULAR_FIELD,0.3859160132258067,0,32,0,0,84
82.26666666666667,-50.27768636508845,-1.457243539608081,3.1337665839327835,0.0,0.0,0.0,1.0,0.0,0.15,NO_REGULAR_FIELD,0.3859160132258067,0,32,0,0,84
82.28333333333333,-50.27768636508845,-1.457243539608081,3.1337665839327835,0.0,0.0,0.0,1.0,0.0,0.15,NO_REGULAR_FIELD,0.3859160132258067,0,32,0,0,84
82.3,-50.27768636508845,-1.457243539608081,3.1337665839327835,0.0,0.0,0.0,1.0,0.0,0.15,NO_REGULAR_FIELD,0.3859160132258067,0,32,0,0,84
82.31666666666666,-50.27768636508845,-1.457243539608081,3.1337665839327835,0.0,0.0,0.0,1.0,0.0,0.15,NO_REGULAR_FIELD,0.3859160132258067,0,32,0,0,84
82.33333333333333,-50.27768636508845,-1.457243539608081,3.1337665839327835,0.0,0.0,0.0,1.0,0.0,0.15,NO_REGULAR_FIELD,0.3859160132258067,0,32,0,0,84
82.35,-50.27768636508845,-1.457243539608081,3.1337665839327835,0.0,0.0,0.0,1.0,0.0,0.15,NO_REGULAR_FIELD,0.3859160132258067,0,32,0,0,84
82.36666666666666,-50.27768636508845,-1.457243539608081,3.1337665839327835,0.0,0.0,0.0,1.0,0.0,0.15,NO_REGULAR_FIELD,0.3859160132258067,0,32,0,0,84
82.38333333333334,-50.27768636508845,-1.457243539608081,3.1337665839327835,0.0,0.0,0.0,1.0,0.0,0.15,NO_REGULAR_FIELD,0.3859160132258067,0,32,0,0,84
82.4,-50.27768636508845,-1.457243539608081,3.1337665839327835,0.0,0.0,0.0,1.0,0.0,0.15,NO_REGULAR_FIELD,0.3859160132258067,0,32,0,0,84
82.41666666666667,-50.27768636508845,-1.457243539608081,3.1337665839327835,0.0,0.0,0.0,1.0,0.0,0.15,NO_REGULAR_FIELD,0.3859160132258067,0,32,0,0,84
82.43333333333334,-50.27768636508845,-1.457243539608081,3.1337665839327835,0.0,0.0,0.0,1.0,0.0,0.15,NO_REGULAR_FIELD,0.3859160132258067,0,32,0,0,84
82.45,-50.27768636508845,-1.457243539608081,3.1337665839327835,0.0,0.0,0.0,1.0,0.0,0.15,NO_REGULAR_FIELD,0.3859160132258067,0,32,0,0,84
82.46666666666667,-50.27768636508845,-1.457243539608081,3.1337665839327835,0.0,0.0,0.0,1.0,0.0,0.15,NO_REGULAR_FIELD,0.3859160132258067,0,32,0,0,84
82.48333333333333,-50.27768636508845,-1.457243539608081,3.1337665839327835,0.0,0.0,0.0,1.0,0.0,0.15,NO_REGULAR_FIELD,0.3859160132258067,0,32,0,0,84
82.5,-50.27768636508845,-1.457243539608081,3.1337665839327835,0.0,0.0,0.0,1.0,0.0,0.15,NO_REGULAR_FIELD,0.3859160132258067,0,32,0,0,84
82.51666666666667,-50.27768636508845,-1.457243539608081,3.1337665839327835,0.0,0.0,0.0,1.0,0.0,0.15,NO_REGULAR_FIELD,0.3859160132258067,0,32,0,0,84
82.53333333333333,-50.27768636508845,-1.457243539608081,3.1337665839327835,0.0,0.0,0.0,1.0,0.0,0.15,NO_REGULAR_FIELD,0.3859160132258067,0,32,0,0,84
82.55,-50.27768636508845,-1.457243539608081,3.1337665839327835,0.0,0.0,0.0,1.0,0.0,0.15,NO_REGULAR_FIELD,0.3859160132258067,0,32,0,0,84
82.56666666666666,-50.27768636508845,-1.457243539608081,3.1337665839327835,0.0,0.0,0.0,1.0,0.0,0.15,NO_REGULAR_FIELD,0.3859160132258067,0,32,0,0,84
82.58333333333333,-50.27768636508845,-1.457243539608081,3.1337665839327835,0.0,0.0,0.0,1.0,0.0,0.15,NO_REGULAR_FIELD,0.3859160132258067,0,32,0,0,84
82.6,-50.27768636508845,-1.457243539608081,3.1337665839327835,0.0,0.0,0.0,1.0,0.0,0.15,NO_REGULAR_FIELD,0.3859160132258067,0,32,0,0,84
82.61666666666666,-50.27768636508845,-1.457243539608081,3.1337665839327835,0.0,0.0,0.0,1.0,0.0,0.15,NO_REGULAR_FIELD,0.3859160132258067,0,32,0,0,84
82.63333333333334,-50.27768636508845,-1.457243539608081,3.1337665839327835,0.0,0.0,0.0,1.0,0.0,0.15,NO_REGULAR_FIELD,0.3859160132258067,0,32,0,0,84
82.65,-50.27768636508845,-1.457243539608081,3.1337665839327835,0.0,0.0,0.0,1.0,0.0,0.15,NO_REGULAR_FIELD,0.3859160132258067,0,32,0,0,84
82.66666666666667,-50.27768636508845,-1.457243539608081,3.1337665839327835,0.0,0.0,0.0,1.0,0.0,0.15,NO_REGULAR_FIELD,0.3859160132258067,0,32,0,0,84
82.68333333333334,-50.27768636508845,-1.457243539608081,3.1337665839327835,0.0,0.0,0.0,1.0,0.0,0.15,NO_REGULAR_FIELD,0.3859160132258067,0,32,0,0,84
82.7,-50.27768636508845,-1.457243539608081,3.1337665839327835,0.0,0.0,0.0,1.0,0.0,0.15,NO_REGULAR_FIELD,0.3859160132258067,0,32,0,0,84
82.71666666666667,-50.27768636508845,-1.457243539608081,3.1337665839327835,0.0,0.0,0.0,1.0,0.0,0.15,NO_REGULAR_FIELD,0.3859160132258067,0,32,0,0,84
82.73333333333333,-50.27768636508845,-1.457243539608081,3.1337665839327835,0.0,0.0,0.0,1.0,0.0,0.15,NO_REGULAR_FIELD,0.3859160132258067,0,32,0,0,84
82.75,-50.27768636508845,-1.457243539608081,3.1337665839327835,0.0,0.0,0.0,1.0,0.0,0.15,NO_REGULAR_FIELD,0.3859160132258067,0,32,0,0,84
82.76666666666667,-50.27768636508845,-1.457243539608081,3.1337665839327835,0.0,0.0,0.0,1.0,0.0,0.15,NO_REGULAR_FIELD,0.3859160132258067,0,32,0,0,84
82.78333333333333,-50.27768636508845,-1.457243539608081,3.1337665839327835,0.0,0.0,0.0,1.0,0.0,0.15,NO_REGULAR_FIELD,0.3859160132258067,0,32,0,0,84
82.8,-50.27768636508845,-1.457243539608081,3.1337665839327835,0.0,0.0,0.0,1.0,0.0,0.15,NO_REGULAR_FIELD,0.3859160132258067,0,32,0,0,84
82.81666666666666,-50.27768636508845,-1.457243539608081,3.1337665839327835,0.0,0.0,0.0,1.0,0.0,0.15,NO_REGULAR_FIELD,0.3859160132258067,0,32,0,0,84
82.83333333333333,-50.27768636508845,-1.457243539608081,3.1337665839327835,0.0,0.0,0.0,1.0,0.0,0.15,NO_REGULAR_FIELD,0.3859160132258067,0,32,0,0,84
82.85,-50.27768636508845,-1.457243539608081,3.1337665839327835,0.0,0.0,0.0,1.0,0.0,0.15,NO_REGULAR_FIELD,0.3859160132258067,0,32,0,0,84
82.86666666666666,-50.27768636508845,-1.457243539608081,3.1337665839327835,0.0,0.0,0.0,1.0,0.0,0.15,NO_REGULAR_FIELD,0.3859160132258067,0,32,0,0,84
82.88333333333334,-50.27768636508845,-1.457243539608081,3.1337665839327835,0.0,0.0,0.0,1.0,0.0,0.15,NO_REGULAR_FIELD,0.3859160132258067,0,32,0,0,84
82.9,-50.27768636508845,-1.457243539608081,3.1337665839327835,0.0,0.0,0.0,1.0,0.0,0.15,NO_REGULAR_FIELD,0.3859160132258067,0,32,0,0,84
82.91666666666667,-50.27768636508845,-1.457243539608081,3.1337665839327835,0.0,0.0,0.0,1.0,0.0,0.15,NO_REGULAR_FIELD,0.3859160132258067,0,32,0,0,84
82.93333333333334,-50.27768636508845,-1.457243539608081,3.1337665839327835,0.0,0.0,0.0,1.0,0.0,0.15,NO_REGULAR_FIELD,0.3859160132258067,0,32,0,0,84
82.95,-50.27768636508845,-1.457243539608081,3.1337665839327835,0.0,0.0,0.0,1.0,0.0,0.15,NO_REGULAR_FIELD,0.3859160132258067,0,32,0,0,84
82.96666666666667,-50.27768636508845,-1.457243539608081,3.1337665839327835,0.0,0.0,0.0,1.0,0.0,0.15,NO_REGULAR_FIELD,0.3859160132258067,0,32,0,0,84
82.98333333333333,-50.27768636508845,-1.457243539608081,3.1337665839327835,0.0,0.0,0.0,1.0,0.0,0.15,NO_REGULAR_FIELD,0.3859160132258067,0,32,0,0,84
83.0,-50.27768636508845,-1.457243539608081,3.1337665839327835,0.0,0.0,0.0,1.0,0.0,0.15,NO_REGULAR_FIELD,0.3859160132258067,0,32,0,0,84
83.01666666666667,-50.27768636508845,-1.457243539608081,3.1337665839327835,0.0,0.0,0.0,1.0,0.0,0.15,NO_REGULAR_FIELD,0.3859160132258067,0,32,0,0,84
83.03333333333333,-50.27768636508845,-1.457243539608081,3.1337665839327835,0.0,0.0,0.0,1.0,0.0,0.15,NO_REGULAR_FIELD,0.3859160132258067,0,32,0,0,84
83.05,-50.27768636508845,-1.457243539608081,3.1337665839327835,0.0,0.0,0.0,1.0,0.0,0.15,NO_REGULAR_FIELD,0.3859160132258067,0,32,0,0,84
83.06666666666666,-50.27768636508845,-1.457243539608081,3.1337665839327835,0.0,0.0,0.0,1.0,0.0,0.15,NO_REGULAR_FIELD,0.3859160132258067,0,32,0,0,84
83.08333333333333,-50.27768636508845,-1.457243539608081,3.1337665839327835,0.0,0.0,0.0,1.0,0.0,0.15,NO_REGULAR_FIELD,0.3859160132258067,0,32,0,0,84
83.1,-50.27768636508845,-1.457243539608081,3.1337665839327835,0.0,0.0,0.0,1.0,0.0,0.15,NO_REGULAR_FIELD,0.3859160132258067,0,32,0,0,84
83.11666666666666,-50.27768636508845,-1.457243539608081,3.1337665839327835,0.0,0.0,0.0,1.0,0.0,0.15,NO_REGULAR_FIELD,0.3859160132258067,0,32,0,0,84
83.13333333333334,-50.27768636508845,-1.457243539608081,3.1337665839327835,0.0,0.0,0.0,1.0,0.0,0.15,NO_REGULAR_FIELD,0.3859160132258067,0,32,0,0,84
83.15,-50.27768636508845,-1.457243539608081,3.1337665839327835,0.0,0.0,0.0,1.0,0.0,0.15,NO_REGULAR_FIELD,0.3859160132258067,0,32,0,0,84
83.16666666666667,-50.27768636508845,-1.457243539608081,3.1337665839327835,0.0,0.0,0.0,1.0,0.0,0.15,NO_REGULAR_FIELD,0.3859160132258067,0,32,0,0,84
83.18333333333334,-50.27768636508845,-1.457243539608081,3.1337665839327835,0.0,0.0,0.0,1.0,0.0,0.15,NO_REGULAR_FIELD,0.3859160132258067,0,32,0,0,84
83.2,-50.27768636508845,-1.457243539608081,3.1337665839327835,0.0,0.0,0.0,1.0,0.0,0.15,NO_REGULAR_FIELD,0.3859160132258067,0,32,0,0,84
83.21666666666667,-50.27768636508845,-1.457243539608081,3.1337665839327835,0.0,0.0,0.0,1.0,0.0,0.15,NO_REGULAR_FIELD,0.3859160132258067,0,32,0,0,84
83.23333333333333,-50.27768636508845,-1.457243539608081,3.1337665839327835,0.0,0.0,0.0,1.0,0.0,0.15,NO_REGULAR_FIELD,0.3859160132258067,0,32,0,0,84
83.25,-50.27768636508845,-1.457243539608081,3.1337665839327835,0.0,0.0,0.0,1.0,0.0,0.15,NO_REGULAR_FIELD,0.3859160132258067,0,32,0,0,84
83.26666666666667,-50.27768636508845,-1.457243539608081,3.1337665839327835,0.0,0.0,0.0,1.0,0.0,0.15,NO_REGULAR_FIELD,0.3859160132258067,0,32,0,0,84
83.28333333333333,-50.27768636508845,-1.457243539608081,3.1337665839327835,0.0,0.0,0.0,1.0,0.0,0.15,NO_REGULAR_FIELD,0.3859160132258067,0,32,0,0,84
83.3,-50.27768636508845,-1.457243539608081,3.1337665839327835,0.0,0.0,0.0,1.0,0.0,0.15,NO_REGULAR_FIELD,0.3859160132258067,0,32,0,0,84
83.31666666666666,-50.27768636508845,-1.457243539608081,3.1337665839327835,0.0,0.0,0.0,1.0,0.0,0.15,NO_REGULAR_FIELD,0.3859160132258067,0,32,0,0,84
83.33333333333333,-50.27768636508845,-1.457243539608081,3.1337665839327835,0.0,0.0,0.0,1.0,0.0,0.15,NO_REGULAR_FIELD,0.3859160132258067,0,32,0,0,84
83.35,-50.27768636508845,-1.457243539608081,3.1337665839327835,0.0,0.0,0.0,1.0,0.0,0.15,NO_REGULAR_FIELD,0.3859160132258067,0,32,0,0,84
83.36666666666666,-50.27768636508845,-1.457243539608081,3.1337665839327835,0.0,0.0,0.0,1.0,0.0,0.15,NO_REGULAR_FIELD,0.3859160132258067,0,32,0,0,84
83.38333333333334,-50.27768636508845,-1.457243539608081,3.1337665839327835,0.0,0.0,0.0,1.0,0.0,0.15,NO_REGULAR_FIELD,0.3859160132258067,0,32,0,0,84
83.4,-50.27768636508845,-1.457243539608081,3.1337665839327835,0.0,0.0,0.0,1.0,0.0,0.15,NO_REGULAR_FIELD,0.3859160132258067,0,32,0,0,84
83.41666666666667,-50.27768636508845,-1.457243539608081,3.1337665839327835,0.0,0.0,0.0,1.0,0.0,0.15,NO_REGULAR_FIELD,0.3859160132258067,0,32,0,0,84
83.43333333333334,-50.27768636508845,-1.457243539608081,3.1337665839327835,0.0,0.0,0.0,1.0,0.0,0.15,NO_REGULAR_FIELD,0.3859160132258067,0,32,0,0,84
83.45,-50.27768636508845,-1.457243539608081,3.1337665839327835,0.0,0.0,0.0,1.0,0.0,0.15,NO_REGULAR_FIELD,0.3859160132258067,0,32,0,0,84
83.46666666666667,-50.27768636508845,-1.457243539608081,3.1337665839327835,0.0,0.0,0.0,1.0,0.0,0.15,NO_REGULAR_FIELD,0.3859160132258067,0,32,0,0,84
83.48333333333333,-50.27768636508845,-1.457243539608081,3.1337665839327835,0.0,0.0,0.0,1.0,0.0,0.15,NO_REGULAR_FIELD,0.3859160132258067,0,32,0,0,84
83.5,-50.27768636508845,-1.457243539608081,3.1337665839327835,0.0,0.0,0.0,1.0,0.0,0.15,NO_REGULAR_FIELD,0.3859160132258067,0,32,0,0,84
83.51666666666667,-50.27768636508845,-1.457243539608081,3.1337665839327835,0.0,0.0,0.0,1.0,0.0,0.15,NO_REGULAR_FIELD,0.3859160132258067,0,32,0,0,84
83.53333333333333,-50.27768636508845,-1.457243539608081,3.1337665839327835,0.0,0.0,0.0,1.0,0.0,0.15,NO_REGULAR_FIELD,0.3859160132258067,0,32,0,0,84
83.55,-50.27768636508845,-1.457243539608081,3.1337665839327835,0.0,0.0,0.0,1.0,0.0,0.15,NO_REGULAR_FIELD,0.3859160132258067,0,32,0,0,84
83.56666666666666,-50.27768636508845,-1.457243539608081,3.1337665839327835,0.0,0.0,0.0,1.0,0.0,0.15,NO_REGULAR_FIELD,0.3859160132258067,0,32,0,0,84
83.58333333333333,-50.27768636508845,-1.457243539608081,3.1337665839327835,0.0,0.0,0.0,1.0,0.0,0.15,NO_REGULAR_FIELD,0.3859160132258067,0,32,0,0,84
83.6,-50.27768636508845,-1.457243539608081,3.1337665839327835,0.0,0.0,0.0,1.0,0.0,0.15,NO_REGULAR_FIELD,0.3859160132258067,0,32,0,0,84
83.61666666666666,-50.27768636508845,-1.457243539608081,3.1337665839327835,0.0,0.0,0.0,1.0,0.0,0.15,NO_REGULAR_FIELD,0.3859160132258067,0,32,0,0,84
83.63333333333334,-50.27768636508845,-1.457243539608081,3.1337665839327835,0.0,0.0,0.0,1.0,0.0,0.15,NO_REGULAR_FIELD,0.3859160132258067,0,32,0,0,84
83.65,-50.27768636508845,-1.457243539608081,3.1337665839327835,0.0,0.0,0.0,1.0,0.0,0.15,NO_REGULAR_FIELD,0.3859160132258067,0,32,0,0,84
83.66666666666667,-50.27768636508845,-1.457243539608081,3.1337665839327835,0.0,0.0,0.0,1.0,0.0,0.15,NO_REGULAR_FIELD,0.3859160132258067,0,32,0,0,84
83.68333333333334,-50.27768636508845,-1.457243539608081,3.1337665839327835,0.0,0.0,0.0,1.0,0.0,0.15,NO_REGULAR_FIELD,0.3859160132258067,0,32,0,0,84
83.7,-50.27768636508845,-1.457243539608081,3.1337665839327835,0.0,0.0,0.0,1.0,0.0,0.15,NO_REGULAR_FIELD,0.3859160132258067,0,32,0,0,84
83.71666666666667,-50.27768636508845,-1.457243539608081,3.1337665839327835,0.0,0.0,0.0,1.0,0.0,0.15,NO_REGULAR_FIELD,0.3859160132258067,0,32,0,0,84
83.73333333333333,-50.27768636508845,-1.457243539608081,3.1337665839327835,0.0,0.0,0.0,1.0,0.0,0.15,NO_REGULAR_FIELD,0.3859160132258067,0,32,0,0,84
83.75,-50.27768636508845,-1.457243539608081,3.1337665839327835,0.0,0.0,0.0,1.0,0.0,0.15,NO_REGULAR_FIELD,0.3859160132258067,0,32,0,0,84
83.76666666666667,-50.27768636508845,-1.457243539608081,3.1337665839327835,0.0,0.0,0.0,1.0,0.0,0.15,NO_REGULAR_FIELD,0.3859160132258067,0,32,0,0,84
83.78333333333333,-50.27768636508845,-1.457243539608081,3.1337665839327835,0.0,0.0,0.0,1.0,0.0,0.15,NO_REGULAR_FIELD,0.3859160132258067,0,32,0,0,84
83.8,-50.27768636508845,-1.457243539608081,3.1337665839327835,0.0,0.0,0.0,1.0,0.0,0.15,NO_REGULAR_FIELD,0.3859160132258067,0,32,0,0,84
83.81666666666666,-50.27768636508845,-1.457243539608081,3.1337665839327835,0.0,0.0,0.0,1.0,0.0,0.15,NO_REGULAR_FIELD,0.3859160132258067,0,32,0,0,84
83.83333333333333,-50.27768636508845,-1.457243539608081,3.1337665839327835,0.0,0.0,0.0,1.0,0.0,0.15,NO_REGULAR_FIELD,0.3859160132258067,0,32,0,0,84
83.85,-50.27768636508845,-1.457243539608081,3.1337665839327835,0.0,0.0,0.0,1.0,0.0,0.15,NO_REGULAR_FIELD,0.3859160132258067,0,32,0,0,84
83.86666666666666,-50.27768636508845,-1.457243539608081,3.1337665839327835,0.0,0.0,0.0,1.0,0.0,0.15,NO_REGULAR_FIELD,0.3859160132258067,0,32,0,0,84
83.88333333333334,-50.27768636508845,-1.457243539608081,3.1337665839327835,0.0,0.0,0.0,1.0,0.0,0.15,NO_REGULAR_FIELD,0.3859160132258067,0,32,0,0,84
83.9,-50.27768636508845,-1.457243539608081,3.1337665839327835,0.0,0.0,0.0,1.0,0.0,0.15,NO_REGULAR_FIELD,0.3859160132258067,0,32,0,0,84
83.91666666666667,-50.27768636508845,-1.457243539608081,3.1337665839327835,0.0,0.0,0.0,1.0,0.0,0.15,NO_REGULAR_FIELD,0.3859160132258067,0,32,0,0,84
83.93333333333334,-50.27768636508845,-1.457243539608081,3.1337665839327835,0.0,0.0,0.0,1.0,0.0,0.15,NO_REGULAR_FIELD,0.3859160132258067,0,32,0,0,84
83.95,-50.27768636508845,-1.457243539608081,3.1337665839327835,0.0,0.0,0.0,1.0,0.0,0.15,NO_REGULAR_FIELD,0.3859160132258067,0,32,0,0,84
83.96666666666667,-50.27768636508845,-1.457243539608081,3.1337665839327835,0.0,0.0,0.0,1.0,0.0,0.15,NO_REGULAR_FIELD,0.3859160132258067,0,32,0,0,84
83.98333333333333,-50.27768636508845,-1.457243539608081,3.1337665839327835,0.0,0.0,0.0,1.0,0.0,0.15,NO_REGULAR_FIELD,0.3859160132258067,0,32,0,0,84
84.0,-50.27768636508845,-1.457243539608081,3.1337665839327835,0.0,0.0,0.0,1.0,0.0,0.15,NO_REGULAR_FIELD,0.3859160132258067,0,32,0,0,84
84.01666666666667,-50.27768636508845,-1.457243539608081,3.1337665839327835,0.0,0.0,0.0,1.0,0.0,0.15,NO_REGULAR_FIELD,0.3859160132258067,0,32,0,0,84
84.03333333333333,-50.27768636508845,-1.457243539608081,3.1337665839327835,0.0,0.0,0.0,1.0,0.0,0.15,NO_REGULAR_FIELD,0.3859160132258067,0,32,0,0,84
84.05,-50.27768636508845,-1.457243539608081,3.1337665839327835,0.0,0.0,0.0,1.0,0.0,0.15,NO_REGULAR_FIELD,0.3859160132258067,0,32,0,0,84
84.06666666666666,-50.27768636508845,-1.457243539608081,3.1337665839327835,0.0,0.0,0.0,1.0,0.0,0.15,NO_REGULAR_FIELD,0.3859160132258067,0,32,0,0,84
84.08333333333333,-50.27768636508845,-1.457243539608081,3.1337665839327835,0.0,0.0,0.0,1.0,0.0,0.15,NO_REGULAR_FIELD,0.3859160132258067,0,32,0,0,84
84.1,-50.27768636508845,-1.457243539608081,3.1337665839327835,0.0,0.0,0.0,1.0,0.0,0.15,NO_REGULAR_FIELD,0.3859160132258067,0,32,0,0,84
84.11666666666666,-50.27768636508845,-1.457243539608081,3.1337665839327835,0.0,0.0,0.0,1.0,0.0,0.15,NO_REGULAR_FIELD,0.3859160132258067,0,32,0,0,84
84.13333333333334,-50.27768636508845,-1.457243539608081,3.1337665839327835,0.0,0.0,0.0,1.0,0.0,0.15,NO_REGULAR_FIELD,0.3859160132258067,0,32,0,0,84
84.15,-50.27768636508845,-1.457243539608081,3.1337665839327835,0.0,0.0,0.0,1.0,0.0,0.15,NO_REGULAR_FIELD,0.3859160132258067,0,32,0,0,84
84.16666666666667,-50.27768636508845,-1.457243539608081,3.1337665839327835,0.0,0.0,0.0,1.0,0.0,0.15,NO_REGULAR_FIELD,0.3859160132258067,0,32,0,0,84
84.18333333333334,-50.27768636508845,-1.457243539608081,3.1337665839327835,0.0,0.0,0.0,1.0,0.0,0.15,NO_REGULAR_FIELD,0.3859160132258067,0,32,0,0,84
84.2,-50.27768636508845,-1.457243539608081,3.1337665839327835,0.0,0.0,0.0,1.0,0.0,0.15,NO_REGULAR_FIELD,0.3859160132258067,0,32,0,0,84
84.21666666666667,-50.27768636508845,-1.457243539608081,3.1337665839327835,0.0,0.0,0.0,1.0,0.0,0.15,NO_REGULAR_FIELD,0.3859160132258067,0,32,0,0,84
84.23333333333333,-50.27768636508845,-1.457243539608081,3.1337665839327835,0.0,0.0,0.0,1.0,0.0,0.15,NO_REGULAR_FIELD,0.3859160132258067,0,32,0,0,84
84.25,-50.27768636508845,-1.457243539608081,3.1337665839327835,0.0,0.0,0.0,1.0,0.0,0.15,NO_REGULAR_FIELD,0.3859160132258067,0,32,0,0,84
84.26666666666667,-50.27768636508845,-1.457243539608081,3.1337665839327835,0.0,0.0,0.0,1.0,0.0,0.15,NO_REGULAR_FIELD,0.3859160132258067,0,32,0,0,84
84.28333333333333,-50.27768636508845,-1.457243539608081,3.1337665839327835,0.0,0.0,0.0,1.0,0.0,0.15,NO_REGULAR_FIELD,0.3859160132258067,0,32,0,0,84
84.3,-50.27768636508845,-1.457243539608081,3.1337665839327835,0.0,0.0,0.0,1.0,0.0,0.15,NO_REGULAR_FIELD,0.3859160132258067,0,32,0,0,84
84.31666666666666,-50.27768636508845,-1.457243539608081,3.1337665839327835,0.0,0.0,0.0,1.0,0.0,0.15,NO_REGULAR_FIELD,0.3859160132258067,0,32,0,0,84
84.33333333333333,-50.27768636508845,-1.457243539608081,3.1337665839327835,0.0,0.0,0.0,1.0,0.0,0.15,NO_REGULAR_FIELD,0.3859160132258067,0,32,0,0,84
84.35,-50.27768636508845,-1.457243539608081,3.1337665839327835,0.0,0.0,0.0,1.0,0.0,0.15,NO_REGULAR_FIELD,0.3859160132258067,0,32,0,0,84
84.36666666666666,-50.27768636508845,-1.457243539608081,3.1337665839327835,0.0,0.0,0.0,1.0,0.0,0.15,NO_REGULAR_FIELD,0.3859160132258067,0,32,0,0,84
84.38333333333334,-50.27768636508845,-1.457243539608081,3.1337665839327835,0.0,0.0,0.0,1.0,0.0,0.15,NO_REGULAR_FIELD,0.3859160132258067,0,32,0,0,84
84.4,-50.27768636508845,-1.457243539608081,3.1337665839327835,0.0,0.0,0.0,1.0,0.0,0.15,NO_REGULAR_FIELD,0.3859160132258067,0,32,0,0,84
84.41666666666667,-50.27768636508845,-1.457243539608081,3.1337665839327835,0.0,0.0,0.0,1.0,0.0,0.15,NO_REGULAR_FIELD,0.3859160132258067,0,32,0,0,84
84.43333333333334,-50.27768636508845,-1.457243539608081,3.1337665839327835,0.0,0.0,0.0,1.0,0.0,0.15,NO_REGULAR_FIELD,0.3859160132258067,0,32,0,0,84
84.45,-50.27768636508845,-1.457243539608081,3.1337665839327835,0.0,0.0,0.0,1.0,0.0,0.15,NO_REGULAR_FIELD,0.3859160132258067,0,32,0,0,84
84.46666666666667,-50.27768636508845,-1.457243539608081,3.1337665839327835,0.0,0.0,0.0,1.0,0.0,0.15,NO_REGULAR_FIELD,0.3859160132258067,0,32,0,0,84
84.48333333333333,-50.27768636508845,-1.457243539608081,3.1337665839327835,0.0,0.0,0.0,1.0,0.0,0.15,NO_REGULAR_FIELD,0.3859160132258067,0,32,0,0,84
84.5,-50.27768636508845,-1.457243539608081,3.1337665839327835,0.0,0.0,0.0,1.0,0.0,0.15,NO_REGULAR_FIELD,0.3859160132258067,0,32,0,0,84
84.51666666666667,-50.27768636508845,-1.457243539608081,3.1337665839327835,0.0,0.0,0.0,1.0,0.0,0.15,NO_REGULAR_FIELD,0.3859160132258067,0,32,0,0,84
84.53333333333333,-50.27768636508845,-1.457243539608081,3.1337665839327835,0.0,0.0,0.0,1.0,0.0,0.15,NO_REGULAR_FIELD,0.3859160132258067,0,32,0,0,84
84.55,-50.27768636508845,-1.457243539608081,3.1337665839327835,0.0,0.0,0.0,1.0,0.0,0.15,NO_REGULAR_FIELD,0.3859160132258067,0,32,0,0,84
84.56666666666666,-50.27768636508845,-1.457243539608081,3.1337665839327835,0.0,0.0,0.0,1.0,0.0,0.15,NO_REGULAR_FIELD,0.3859160132258067,0,32,0,0,84
84.58333333333333,-50.27768636508845,-1.457243539608081,3.1337665839327835,0.0,0.0,0.0,1.0,0.0,0.15,NO_REGULAR_FIELD,0.3859160132258067,0,32,0,0,84
84.6,-50.27768636508845,-1.457243539608081,3.1337665839327835,0.0,0.0,0.0,1.0,0.0,0.15,NO_REGULAR_FIELD,0.3859160132258067,0,32,0,0,84
84.61666666666666,-50.27768636508845,-1.457243539608081,3.1337665839327835,0.0,0.0,0.0,1.0,0.0,0.15,NO_REGULAR_FIELD,0.3859160132258067,0,32,0,0,84
84.63333333333334,-50.27768636508845,-1.457243539608081,3.1337665839327835,0.0,0.0,0.0,1.0,0.0,0.15,NO_REGULAR_FIELD,0.3859160132258067,0,32,0,0,84
84.65,-50.27768636508845,-1.457243539608081,3.1337665839327835,0.0,0.0,0.0,1.0,0.0,0.15,NO_REGULAR_FIELD,0.3859160132258067,0,32,0,0,84
84.66666666666667,-50.27768636508845,-1.457243539608081,3.1337665839327835,0.0,0.0,0.0,1.0,0.0,0.15,NO_REGULAR_FIELD,0.3859160132258067,0,32,0,0,84
84.68333333333334,-50.27768636508845,-1.457243539608081,3.1337665839327835,0.0,0.0,0.0,1.0,0.0,0.15,NO_REGULAR_FIELD,0.3859160132258067,0,32,0,0,84
84.7,-50.27768636508845,-1.457243539608081,3.1337665839327835,0.0,0.0,0.0,1.0,0.0,0.15,NO_REGULAR_FIELD,0.3859160132258067,0,32,0,0,84
84.71666666666667,-50.27768636508845,-1.457243539608081,3.1337665839327835,0.0,0.0,0.0,1.0,0.0,0.15,NO_REGULAR_FIELD,0.3859160132258067,0,32,0,0,84
84.73333333333333,-50.27768636508845,-1.457243539608081,3.1337665839327835,0.0,0.0,0.0,1.0,0.0,0.15,NO_REGULAR_FIELD,0.3859160132258067,0,32,0,0,84
84.75,-50.27768636508845,-1.457243539608081,3.1337665839327835,0.0,0.0,0.0,1.0,0.0,0.15,NO_REGULAR_FIELD,0.3859160132258067,0,32,0,0,84
84.76666666666667,-50.27768636508845,-1.457243539608081,3.1337665839327835,0.0,0.0,0.0,1.0,0.0,0.15,NO_REGULAR_FIELD,0.3859160132258067,0,32,0,0,84
84.78333333333333,-50.27768636508845,-1.457243539608081,3.1337665839327835,0.0,0.0,0.0,1.0,0.0,0.15,NO_REGULAR_FIELD,0.3859160132258067,0,32,0,0,84
84.8,-50.27768636508845,-1.457243539608081,3.1337665839327835,0.0,0.0,0.0,1.0,0.0,0.15,NO_REGULAR_FIELD,0.3859160132258067,0,32,0,0,84
84.81666666666666,-50.27768636508845,-1.457243539608081,3.1337665839327835,0.0,0.0,0.0,1.0,0.0,0.15,NO_REGULAR_FIELD,0.3859160132258067,0,32,0,0,84
84.83333333333333,-50.27768636508845,-1.457243539608081,3.1337665839327835,0.0,0.0,0.0,1.0,0.0,0.15,NO_REGULAR_FIELD,0.3859160132258067,0,32,0,0,84
84.85,-50.27768636508845,-1.457243539608081,3.1337665839327835,0.0,0.0,0.0,1.0,0.0,0.15,NO_REGULAR_FIELD,0.3859160132258067,0,32,0,0,84
84.86666666666666,-50.27768636508845,-1.457243539608081,3.1337665839327835,0.0,0.0,0.0,1.0,0.0,0.15,NO_REGULAR_FIELD,0.3859160132258067,0,32,0,0,84
84.88333333333334,-50.27768636508845,-1.457243539608081,3.1337665839327835,0.0,0.0,0.0,1.0,0.0,0.15,NO_REGULAR_FIELD,0.3859160132258067,0,32,0,0,84
84.9,-50.27768636508845,-1.457243539608081,3.1337665839327835,0.0,0.0,0.0,1.0,0.0,0.15,NO_REGULAR_FIELD,0.3859160132258067,0,32,0,0,84
84.91666666666667,-50.27768636508845,-1.457243539608081,3.1337665839327835,0.0,0.0,0.0,1.0,0.0,0.15,NO_REGULAR_FIELD,0.3859160132258067,0,32,0,0,84
84.93333333333334,-50.27768636508845,-1.457243539608081,3.1337665839327835,0.0,0.0,0.0,1.0,0.0,0.15,NO_REGULAR_FIELD,0.3859160132258067,0,32,0,0,84
84.95,-50.27768636508845,-1.457243539608081,3.1337665839327835,0.0,0.0,0.0,1.0,0.0,0.15,NO_REGULAR_FIELD,0.3859160132258067,0,32,0,0,84
84.96666666666667,-50.27768636508845,-1.457243539608081,3.1337665839327835,0.0,0.0,0.0,1.0,0.0,0.15,NO_REGULAR_FIELD,0.3859160132258067,0,32,0,0,84
84.98333333333333,-50.27768636508845,-1.457243539608081,3.1337665839327835,0.0,0.0,0.0,1.0,0.0,0.15,NO_REGULAR_FIELD,0.3859160132258067,0,32,0,0,84
85.0,-50.27768636508845,-1.457243539608081,3.1337665839327835,0.0,0.0,0.0,1.0,0.0,0.15,NO_REGULAR_FIELD,0.3859160132258067,0,32,0,0,84
85.01666666666667,-50.27768636508845,-1.457243539608081,3.1337665839327835,0.0,0.0,0.0,1.0,0.0,0.15,NO_REGULAR_FIELD,0.3859160132258067,0,32,0,0,84
85.03333333333333,-50.27768636508845,-1.457243539608081,3.1337665839327835,0.0,0.0,0.0,1.0,0.0,0.15,NO_REGULAR_FIELD,0.3859160132258067,0,32,0,0,84
85.05,-50.27768636508845,-1.457243539608081,3.1337665839327835,0.0,0.0,0.0,1.0,0.0,0.15,NO_REGULAR_FIELD,0.3859160132258067,0,32,0,0,84
85.06666666666666,-50.27768636508845,-1.457243539608081,3.1337665839327835,0.0,0.0,0.0,1.0,0.0,0.15,NO_REGULAR_FIELD,0.3859160132258067,0,32,0,0,84
85.08333333333333,-50.27768636508845,-1.457243539608081,3.1337665839327835,0.0,0.0,0.0,1.0,0.0,0.15,NO_REGULAR_FIELD,0.3859160132258067,0,32,0,0,84
85.1,-50.27768636508845,-1.457243539608081,3.1337665839327835,0.0,0.0,0.0,1.0,0.0,0.15,NO_REGULAR_FIELD,0.3859160132258067,0,32,0,0,84
85.11666666666666,-50.27768636508845,-1.457243539608081,3.1337665839327835,0.0,0.0,0.0,1.0,0.0,0.15,NO_REGULAR_FIELD,0.3859160132258067,0,32,0,0,84
85.13333333333334,-50.27768636508845,-1.457243539608081,3.1337665839327835,0.0,0.0,0.0,1.0,0.0,0.15,NO_REGULAR_FIELD,0.3859160132258067,0,32,0,0,84
85.15,-50.27768636508845,-1.457243539608081,3.1337665839327835,0.0,0.0,0.0,1.0,0.0,0.15,NO_REGULAR_FIELD,0.3859160132258067,0,32,0,0,84
85.16666666666667,-50.27768636508845,-1.457243539608081,3.1337665839327835,0.0,0.0,0.0,1.0,0.0,0.15,NO_REGULAR_FIELD,0.3859160132258067,0,32,0,0,84
85.18333333333334,-50.27768636508845,-1.457243539608081,3.1337665839327835,0.0,0.0,0.0,1.0,0.0,0.15,NO_REGULAR_FIELD,0.3859160132258067,0,32,0,0,84
85.2,-50.27768636508845,-1.457243539608081,3.1337665839327835,0.0,0.0,0.0,1.0,0.0,0.15,NO_REGULAR_FIELD,0.3859160132258067,0,32,0,0,84
85.21666666666667,-50.27768636508845,-1.457243539608081,3.1337665839327835,0.0,0.0,0.0,1.0,0.0,0.15,NO_REGULAR_FIELD,0.3859160132258067,0,32,0,0,84
85.23333333333333,-50.27768636508845,-1.457243539608081,3.1337665839327835,0.0,0.0,0.0,1.0,0.0,0.15,NO_REGULAR_FIELD,0.3859160132258067,0,32,0,0,84
85.25,-50.27768636508845,-1.457243539608081,3.1337665839327835,0.0,0.0,0.0,1.0,0.0,0.15,NO_REGULAR_FIELD,0.3859160132258067,0,32,0,0,84
85.26666666666667,-50.27768636508845,-1.457243539608081,3.1337665839327835,0.0,0.0,0.0,1.0,0.0,0.15,NO_REGULAR_FIELD,0.3859160132258067,0,32,0,0,84
85.28333333333333,-50.27768636508845,-1.457243539608081,3.1337665839327835,0.0,0.0,0.0,1.0,0.0,0.15,NO_REGULAR_FIELD,0.3859160132258067,0,32,0,0,84
85.3,-50.27768636508845,-1.457243539608081,3.1337665839327835,0.0,0.0,0.0,1.0,0.0,0.15,NO_REGULAR_FIELD,0.3859160132258067,0,32,0,0,84
85.31666666666666,-50.27768636508845,-1.457243539608081,3.1337665839327835,0.0,0.0,0.0,1.0,0.0,0.15,NO_REGULAR_FIELD,0.3859160132258067,0,32,0,0,84
85.33333333333333,-50.27768636508845,-1.457243539608081,3.1337665839327835,0.0,0.0,0.0,1.0,0.0,0.15,NO_REGULAR_FIELD,0.3859160132258067,0,32,0,0,84
85.35,-50.27768636508845,-1.457243539608081,3.1337665839327835,0.0,0.0,0.0,1.0,0.0,0.15,NO_REGULAR_FIELD,0.3859160132258067,0,32,0,0,84
85.36666666666666,-50.27768636508845,-1.457243539608081,3.1337665839327835,0.0,0.0,0.0,1.0,0.0,0.15,NO_REGULAR_FIELD,0.3859160132258067,0,32,0,0,84
85.38333333333334,-50.27768636508845,-1.457243539608081,3.1337665839327835,0.0,0.0,0.0,1.0,0.0,0.15,NO_REGULAR_FIELD,0.3859160132258067,0,32,0,0,84
85.4,-50.27768636508845,-1.457243539608081,3.1337665839327835,0.0,0.0,0.0,1.0,0.0,0.15,NO_REGULAR_FIELD,0.3859160132258067,0,32,0,0,84
85.41666666666667,-50.27768636508845,-1.457243539608081,3.1337665839327835,0.0,0.0,0.0,1.0,0.0,0.15,NO_REGULAR_FIELD,0.3859160132258067,0,32,0,0,84
85.43333333333334,-50.27768636508845,-1.457243539608081,3.1337665839327835,0.0,0.0,0.0,1.0,0.0,0.15,NO_REGULAR_FIELD,0.3859160132258067,0,32,0,0,84
85.45,-50.27768636508845,-1.457243539608081,3.1337665839327835,0.0,0.0,0.0,1.0,0.0,0.15,NO_REGULAR_FIELD,0.3859160132258067,0,32,0,0,84
85.46666666666667,-50.27768636508845,-1.457243539608081,3.1337665839327835,0.0,0.0,0.0,1.0,0.0,0.15,NO_REGULAR_FIELD,0.3859160132258067,0,32,0,0,84
85.48333333333333,-50.27768636508845,-1.457243539608081,3.1337665839327835,0.0,0.0,0.0,1.0,0.0,0.15,NO_REGULAR_FIELD,0.3859160132258067,0,32,0,0,84
85.5,-50.27768636508845,-1.457243539608081,3.1337665839327835,0.0,0.0,0.0,1.0,0.0,0.15,NO_REGULAR_FIELD,0.3859160132258067,0,32,0,0,84
85.51666666666667,-50.27768636508845,-1.457243539608081,3.1337665839327835,0.0,0.0,0.0,1.0,0.0,0.15,NO_REGULAR_FIELD,0.3859160132258067,0,32,0,0,84
85.53333333333333,-50.27768636508845,-1.457243539608081,3.1337665839327835,0.0,0.0,0.0,1.0,0.0,0.15,NO_REGULAR_FIELD,0.3859160132258067,0,32,0,0,84
85.55,-50.27768636508845,-1.457243539608081,3.1337665839327835,0.0,0.0,0.0,1.0,0.0,0.15,NO_REGULAR_FIELD,0.3859160132258067,0,32,0,0,84
85.56666666666666,-50.27768636508845,-1.457243539608081,3.1337665839327835,0.0,0.0,0.0,1.0,0.0,0.15,NO_REGULAR_FIELD,0.3859160132258067,0,32,0,0,84
85.58333333333333,-50.27768636508845,-1.457243539608081,3.1337665839327835,0.0,0.0,0.0,1.0,0.0,0.15,NO_REGULAR_FIELD,0.3859160132258067,0,32,0,0,84
85.6,-50.27768636508845,-1.457243539608081,3.1337665839327835,0.0,0.0,0.0,1.0,0.0,0.15,NO_REGULAR_FIELD,0.3859160132258067,0,32,0,0,84
85.61666666666666,-50.27768636508845,-1.457243539608081,3.1337665839327835,0.0,0.0,0.0,1.0,0.0,0.15,NO_REGULAR_FIELD,0.3859160132258067,0,32,0,0,84
85.63333333333334,-50.27768636508845,-1.457243539608081,3.1337665839327835,0.0,0.0,0.0,1.0,0.0,0.15,NO_REGULAR_FIELD,0.3859160132258067,0,32,0,0,84
85.65,-50.27768636508845,-1.457243539608081,3.1337665839327835,0.0,0.0,0.0,1.0,0.0,0.15,NO_REGULAR_FIELD,0.3859160132258067,0,32,0,0,84
85.66666666666667,-50.27768636508845,-1.457243539608081,3.1337665839327835,0.0,0.0,0.0,1.0,0.0,0.15,NO_REGULAR_FIELD,0.3859160132258067,0,32,0,0,84
85.68333333333334,-50.27768636508845,-1.457243539608081,3.1337665839327835,0.0,0.0,0.0,1.0,0.0,0.15,NO_REGULAR_FIELD,0.3859160132258067,0,32,0,0,84
85.7,-50.27768636508845,-1.457243539608081,3.1337665839327835,0.0,0.0,0.0,1.0,0.0,0.15,NO_REGULAR_FIELD,0.3859160132258067,0,32,0,0,84
85.71666666666667,-50.27768636508845,-1.457243539608081,3.1337665839327835,0.0,0.0,0.0,1.0,0.0,0.15,NO_REGULAR_FIELD,0.3859160132258067,0,32,0,0,84
85.73333333333333,-50.27768636508845,-1.457243539608081,3.1337665839327835,0.0,0.0,0.0,1.0,0.0,0.15,NO_REGULAR_FIELD,0.3859160132258067,0,32,0,0,84
85.75,-50.27768636508845,-1.457243539608081,3.1337665839327835,0.0,0.0,0.0,1.0,0.0,0.15,NO_REGULAR_FIELD,0.3859160132258067,0,32,0,0,84
85.76666666666667,-50.27768636508845,-1.457243539608081,3.1337665839327835,0.0,0.0,0.0,1.0,0.0,0.15,NO_REGULAR_FIELD,0.3859160132258067,0,32,0,0,84
85.78333333333333,-50.27768636508845,-1.457243539608081,3.1337665839327835,0.0,0.0,0.0,1.0,0.0,0.15,NO_REGULAR_FIELD,0.3859160132258067,0,32,0,0,84
85.8,-50.27768636508845,-1.457243539608081,3.1337665839327835,0.0,0.0,0.0,1.0,0.0,0.15,NO_REGULAR_FIELD,0.3859160132258067,0,32,0,0,84
85.81666666666666,-50.27768636508845,-1.457243539608081,3.1337665839327835,0.0,0.0,0.0,1.0,0.0,0.15,NO_REGULAR_FIELD,0.3859160132258067,0,32,0,0,84
85.83333333333333,-50.27768636508845,-1.457243539608081,3.1337665839327835,0.0,0.0,0.0,1.0,0.0,0.15,NO_REGULAR_FIELD,0.3859160132258067,0,32,0,0,84
85.85,-50.27768636508845,-1.457243539608081,3.1337665839327835,0.0,0.0,0.0,1.0,0.0,0.15,NO_REGULAR_FIELD,0.3859160132258067,0,32,0,0,84
85.86666666666666,-50.27768636508845,-1.457243539608081,3.1337665839327835,0.0,0.0,0.0,1.0,0.0,0.15,NO_REGULAR_FIELD,0.3859160132258067,0,32,0,0,84
85.88333333333334,-50.27768636508845,-1.457243539608081,3.1337665839327835,0.0,0.0,0.0,1.0,0.0,0.15,NO_REGULAR_FIELD,0.3859160132258067,0,32,0,0,84
85.9,-50.27768636508845,-1.457243539608081,3.1337665839327835,0.0,0.0,0.0,1.0,0.0,0.15,NO_REGULAR_FIELD,0.3859160132258067,0,32,0,0,84
85.91666666666667,-50.27768636508845,-1.457243539608081,3.1337665839327835,0.0,0.0,0.0,1.0,0.0,0.15,NO_REGULAR_FIELD,0.3859160132258067,0,32,0,0,84
85.93333333333334,-50.27768636508845,-1.457243539608081,3.1337665839327835,0.0,0.0,0.0,1.0,0.0,0.15,NO_REGULAR_FIELD,0.3859160132258067,0,32,0,0,84
85.95,-50.27768636508845,-1.457243539608081,3.1337665839327835,0.0,0.0,0.0,1.0,0.0,0.15,NO_REGULAR_FIELD,0.3859160132258067,0,32,0,0,84
85.96666666666667,-50.27768636508845,-1.457243539608081,3.1337665839327835,0.0,0.0,0.0,1.0,0.0,0.15,NO_REGULAR_FIELD,0.3859160132258067,0,32,0,0,84
85.98333333333333,-50.27768636508845,-1.457243539608081,3.1337665839327835,0.0,0.0,0.0,1.0,0.0,0.15,NO_REGULAR_FIELD,0.3859160132258067,0,32,0,0,84
86.0,-50.27768636508845,-1.457243539608081,3.1337665839327835,0.0,0.0,0.0,1.0,0.0,0.15,NO_REGULAR_FIELD,0.3859160132258067,0,32,0,0,84
86.01666666666667,-50.27768636508845,-1.457243539608081,3.1337665839327835,0.0,0.0,0.0,1.0,0.0,0.15,NO_REGULAR_FIELD,0.3859160132258067,0,32,0,0,84
86.03333333333333,-50.27768636508845,-1.457243539608081,3.1337665839327835,0.0,0.0,0.0,1.0,0.0,0.15,NO_REGULAR_FIELD,0.3859160132258067,0,32,0,0,84
86.05,-50.27768636508845,-1.457243539608081,3.1337665839327835,0.0,0.0,0.0,1.0,0.0,0.15,NO_REGULAR_FIELD,0.3859160132258067,0,32,0,0,84
86.06666666666666,-50.27768636508845,-1.457243539608081,3.1337665839327835,0.0,0.0,0.0,1.0,0.0,0.15,NO_REGULAR_FIELD,0.3859160132258067,0,32,0,0,84
86.08333333333333,-50.27768636508845,-1.457243539608081,3.1337665839327835,0.0,0.0,0.0,1.0,0.0,0.15,NO_REGULAR_FIELD,0.3859160132258067,0,32,0,0,84
86.1,-50.27768636508845,-1.457243539608081,3.1337665839327835,0.0,0.0,0.0,1.0,0.0,0.15,NO_REGULAR_FIELD,0.3859160132258067,0,32,0,0,84
86.11666666666666,-50.27768636508845,-1.457243539608081,3.1337665839327835,0.0,0.0,0.0,1.0,0.0,0.15,NO_REGULAR_FIELD,0.3859160132258067,0,32,0,0,84
86.13333333333334,-50.27768636508845,-1.457243539608081,3.1337665839327835,0.0,0.0,0.0,1.0,0.0,0.15,NO_REGULAR_FIELD,0.3859160132258067,0,32,0,0,84
86.15,-50.27768636508845,-1.457243539608081,3.1337665839327835,0.0,0.0,0.0,1.0,0.0,0.15,NO_REGULAR_FIELD,0.3859160132258067,0,32,0,0,84
86.16666666666667,-50.27768636508845,-1.457243539608081,3.1337665839327835,0.0,0.0,0.0,1.0,0.0,0.15,NO_REGULAR_FIELD,0.3859160132258067,0,32,0,0,84
86.18333333333334,-50.27768636508845,-1.457243539608081,3.1337665839327835,0.0,0.0,0.0,1.0,0.0,0.15,NO_REGULAR_FIELD,0.3859160132258067,0,32,0,0,84
86.2,-50.27768636508845,-1.457243539608081,3.1337665839327835,0.0,0.0,0.0,1.0,0.0,0.15,NO_REGULAR_FIELD,0.3859160132258067,0,32,0,0,84
86.21666666666667,-50.27768636508845,-1.457243539608081,3.1337665839327835,0.0,0.0,0.0,1.0,0.0,0.15,NO_REGULAR_FIELD,0.3859160132258067,0,32,0,0,84
86.23333333333333,-50.27768636508845,-1.457243539608081,3.1337665839327835,0.0,0.0,0.0,1.0,0.0,0.15,NO_REGULAR_FIELD,0.3859160132258067,0,32,0,0,84
86.25,-50.27768636508845,-1.457243539608081,3.1337665839327835,0.0,0.0,0.0,1.0,0.0,0.15,NO_REGULAR_FIELD,0.3859160132258067,0,32,0,0,84
86.26666666666667,-50.27768636508845,-1.457243539608081,3.1337665839327835,0.0,0.0,0.0,1.0,0.0,0.15,NO_REGULAR_FIELD,0.3859160132258067,0,32,0,0,84
86.28333333333333,-50.27768636508845,-1.457243539608081,3.1337665839327835,0.0,0.0,0.0,1.0,0.0,0.15,NO_REGULAR_FIELD,0.3859160132258067,0,32,0,0,84
86.3,-50.27768636508845,-1.457243539608081,3.1337665839327835,0.0,0.0,0.0,1.0,0.0,0.15,NO_REGULAR_FIELD,0.3859160132258067,0,32,0,0,84
86.31666666666666,-50.27768636508845,-1.457243539608081,3.1337665839327835,0.0,0.0,0.0,1.0,0.0,0.15,NO_REGULAR_FIELD,0.3859160132258067,0,32,0,0,84
86.33333333333333,-50.27768636508845,-1.457243539608081,3.1337665839327835,0.0,0.0,0.0,1.0,0.0,0.15,NO_REGULAR_FIELD,0.3859160132258067,0,32,0,0,84
86.35,-50.27768636508845,-1.457243539608081,3.1337665839327835,0.0,0.0,0.0,1.0,0.0,0.15,NO_REGULAR_FIELD,0.3859160132258067,0,32,0,0,84
86.36666666666666,-50.27768636508845,-1.457243539608081,3.1337665839327835,0.0,0.0,0.0,1.0,0.0,0.15,NO_REGULAR_FIELD,0.3859160132258067,0,32,0,0,84
86.38333333333334,-50.27768636508845,-1.457243539608081,3.1337665839327835,0.0,0.0,0.0,1.0,0.0,0.15,NO_REGULAR_FIELD,0.3859160132258067,0,32,0,0,84
86.4,-50.27768636508845,-1.457243539608081,3.1337665839327835,0.0,0.0,0.0,1.0,0.0,0.15,NO_REGULAR_FIELD,0.3859160132258067,0,32,0,0,84
86.41666666666667,-50.27768636508845,-1.457243539608081,3.1337665839327835,0.0,0.0,0.0,1.0,0.0,0.15,NO_REGULAR_FIELD,0.3859160132258067,0,32,0,0,84
86.43333333333334,-50.27768636508845,-1.457243539608081,3.1337665839327835,0.0,0.0,0.0,1.0,0.0,0.15,NO_REGULAR_FIELD,0.3859160132258067,0,32,0,0,84
86.45,-50.27768636508845,-1.457243539608081,3.1337665839327835,0.0,0.0,0.0,1.0,0.0,0.15,NO_REGULAR_FIELD,0.3859160132258067,0,32,0,0,84
86.46666666666667,-50.27768636508845,-1.457243539608081,3.1337665839327835,0.0,0.0,0.0,1.0,0.0,0.15,NO_REGULAR_FIELD,0.3859160132258067,0,32,0,0,84
86.48333333333333,-50.27768636508845,-1.457243539608081,3.1337665839327835,0.0,0.0,0.0,1.0,0.0,0.15,NO_REGULAR_FIELD,0.3859160132258067,0,32,0,0,84
86.5,-50.27768636508845,-1.457243539608081,3.1337665839327835,0.0,0.0,0.0,1.0,0.0,0.15,NO_REGULAR_FIELD,0.3859160132258067,0,32,0,0,84
86.51666666666667,-50.27768636508845,-1.457243539608081,3.1337665839327835,0.0,0.0,0.0,1.0,0.0,0.15,NO_REGULAR_FIELD,0.3859160132258067,0,32,0,0,84
86.53333333333333,-50.27768636508845,-1.457243539608081,3.1337665839327835,0.0,0.0,0.0,1.0,0.0,0.15,NO_REGULAR_FIELD,0.3859160132258067,0,32,0,0,84
86.55,-50.27768636508845,-1.457243539608081,3.1337665839327835,0.0,0.0,0.0,1.0,0.0,0.15,NO_REGULAR_FIELD,0.3859160132258067,0,32,0,0,84
86.56666666666666,-50.27768636508845,-1.457243539608081,3.1337665839327835,0.0,0.0,0.0,1.0,0.0,0.15,NO_REGULAR_FIELD,0.3859160132258067,0,32,0,0,84
86.58333333333333,-50.27768636508845,-1.457243539608081,3.1337665839327835,0.0,0.0,0.0,1.0,0.0,0.15,NO_REGULAR_FIELD,0.3859160132258067,0,32,0,0,84
86.6,-50.27768636508845,-1.457243539608081,3.1337665839327835,0.0,0.0,0.0,1.0,0.0,0.15,NO_REGULAR_FIELD,0.3859160132258067,0,32,0,0,84
86.61666666666666,-50.27768636508845,-1.457243539608081,3.1337665839327835,0.0,0.0,0.0,1.0,0.0,0.15,NO_REGULAR_FIELD,0.3859160132258067,0,32,0,0,84
86.63333333333334,-50.27768636508845,-1.457243539608081,3.1337665839327835,0.0,0.0,0.0,1.0,0.0,0.15,NO_REGULAR_FIELD,0.3859160132258067,0,32,0,0,84
86.65,-50.27768636508845,-1.457243539608081,3.1337665839327835,0.0,0.0,0.0,1.0,0.0,0.15,NO_REGULAR_FIELD,0.3859160132258067,0,32,0,0,84
86.66666666666667,-50.27768636508845,-1.457243539608081,3.1337665839327835,0.0,0.0,0.0,1.0,0.0,0.15,NO_REGULAR_FIELD,0.3859160132258067,0,32,0,0,84
86.68333333333334,-50.27768636508845,-1.457243539608081,3.1337665839327835,0.0,0.0,0.0,1.0,0.0,0.15,NO_REGULAR_FIELD,0.3859160132258067,0,32,0,0,84
86.7,-50.27768636508845,-1.457243539608081,3.1337665839327835,0.0,0.0,0.0,1.0,0.0,0.15,NO_REGULAR_FIELD,0.3859160132258067,0,32,0,0,84
86.71666666666667,-50.27768636508845,-1.457243539608081,3.1337665839327835,0.0,0.0,0.0,1.0,0.0,0.15,NO_REGULAR_FIELD,0.3859160132258067,0,32,0,0,84
86.73333333333333,-50.27768636508845,-1.457243539608081,3.1337665839327835,0.0,0.0,0.0,1.0,0.0,0.15,NO_REGULAR_FIELD,0.3859160132258067,0,32,0,0,84
86.75,-50.27768636508845,-1.457243539608081,3.1337665839327835,0.0,0.0,0.0,1.0,0.0,0.15,NO_REGULAR_FIELD,0.3859160132258067,0,32,0,0,84
86.76666666666667,-50.27768636508845,-1.457243539608081,3.1337665839327835,0.0,0.0,0.0,1.0,0.0,0.15,NO_REGULAR_FIELD,0.3859160132258067,0,32,0,0,84
86.78333333333333,-50.27768636508845,-1.457243539608081,3.1337665839327835,0.0,0.0,0.0,1.0,0.0,0.15,NO_REGULAR_FIELD,0.3859160132258067,0,32,0,0,84
86.8,-50.27768636508845,-1.457243539608081,3.1337665839327835,0.0,0.0,0.0,1.0,0.0,0.15,NO_REGULAR_FIELD,0.3859160132258067,0,32,0,0,84
86.81666666666666,-50.27768636508845,-1.457243539608081,3.1337665839327835,0.0,0.0,0.0,1.0,0.0,0.15,NO_REGULAR_FIELD,0.3859160132258067,0,32,0,0,84
86.83333333333333,-50.27768636508845,-1.457243539608081,3.1337665839327835,0.0,0.0,0.0,1.0,0.0,0.15,NO_REGULAR_FIELD,0.3859160132258067,0,32,0,0,84
86.85,-50.27768636508845,-1.457243539608081,3.1337665839327835,0.0,0.0,0.0,1.0,0.0,0.15,NO_REGULAR_FIELD,0.3859160132258067,0,32,0,0,84
86.86666666666666,-50.27768636508845,-1.457243539608081,3.1337665839327835,0.0,0.0,0.0,1.0,0.0,0.15,NO_REGULAR_FIELD,0.3859160132258067,0,32,0,0,84
86.88333333333334,-50.27768636508845,-1.457243539608081,3.1337665839327835,0.0,0.0,0.0,1.0,0.0,0.15,NO_REGULAR_FIELD,0.3859160132258067,0,32,0,0,84
86.9,-50.27768636508845,-1.457243539608081,3.1337665839327835,0.0,0.0,0.0,1.0,0.0,0.15,NO_REGULAR_FIELD,0.3859160132258067,0,32,0,0,84
86.91666666666667,-50.27768636508845,-1.457243539608081,3.1337665839327835,0.0,0.0,0.0,1.0,0.0,0.15,NO_REGULAR_FIELD,0.3859160132258067,0,32,0,0,84
86.93333333333334,-50.27768636508845,-1.457243539608081,3.1337665839327835,0.0,0.0,0.0,1.0,0.0,0.15,NO_REGULAR_FIELD,0.3859160132258067,0,32,0,0,84
86.95,-50.27768636508845,-1.457243539608081,3.1337665839327835,0.0,0.0,0.0,1.0,0.0,0.15,NO_REGULAR_FIELD,0.3859160132258067,0,32,0,0,84
86.96666666666667,-50.27768636508845,-1.457243539608081,3.1337665839327835,0.0,0.0,0.0,1.0,0.0,0.15,NO_REGULAR_FIELD,0.3859160132258067,0,32,0,0,84
86.98333333333333,-50.27768636508845,-1.457243539608081,3.1337665839327835,0.0,0.0,0.0,1.0,0.0,0.15,NO_REGULAR_FIELD,0.3859160132258067,0,32,0,0,84
87.0,-50.27768636508845,-1.457243539608081,3.1337665839327835,0.0,0.0,0.0,1.0,0.0,0.15,NO_REGULAR_FIELD,0.3859160132258067,0,32,0,0,84
87.01666666666667,-50.27768636508845,-1.457243539608081,3.1337665839327835,0.0,0.0,0.0,1.0,0.0,0.15,NO_REGULAR_FIELD,0.3859160132258067,0,32,0,0,84
87.03333333333333,-50.27768636508845,-1.457243539608081,3.1337665839327835,0.0,0.0,0.0,1.0,0.0,0.15,NO_REGULAR_FIELD,0.3859160132258067,0,32,0,0,84
87.05,-50.27768636508845,-1.457243539608081,3.1337665839327835,0.0,0.0,0.0,1.0,0.0,0.15,NO_REGULAR_FIELD,0.3859160132258067,0,32,0,0,84
87.06666666666666,-50.27768636508845,-1.457243539608081,3.1337665839327835,0.0,0.0,0.0,1.0,0.0,0.15,NO_REGULAR_FIELD,0.3859160132258067,0,32,0,0,84
87.08333333333333,-50.27768636508845,-1.457243539608081,3.1337665839327835,0.0,0.0,0.0,1.0,0.0,0.15,NO_REGULAR_FIELD,0.3859160132258067,0,32,0,0,84
87.1,-50.27768636508845,-1.457243539608081,3.1337665839327835,0.0,0.0,0.0,1.0,0.0,0.15,NO_REGULAR_FIELD,0.3859160132258067,0,32,0,0,84
87.11666666666666,-50.27768636508845,-1.457243539608081,3.1337665839327835,0.0,0.0,0.0,1.0,0.0,0.15,NO_REGULAR_FIELD,0.3859160132258067,0,32,0,0,84
87.13333333333334,-50.27768636508845,-1.457243539608081,3.1337665839327835,0.0,0.0,0.0,1.0,0.0,0.15,NO_REGULAR_FIELD,0.3859160132258067,0,32,0,0,84
87.15,-50.27768636508845,-1.457243539608081,3.1337665839327835,0.0,0.0,0.0,1.0,0.0,0.15,NO_REGULAR_FIELD,0.3859160132258067,0,32,0,0,84
87.16666666666667,-50.27768636508845,-1.457243539608081,3.1337665839327835,0.0,0.0,0.0,1.0,0.0,0.15,NO_REGULAR_FIELD,0.3859160132258067,0,32,0,0,84
87.18333333333334,-50.27768636508845,-1.457243539608081,3.1337665839327835,0.0,0.0,0.0,1.0,0.0,0.15,NO_REGULAR_FIELD,0.3859160132258067,0,32,0,0,84
87.2,-50.27768636508845,-1.457243539608081,3.1337665839327835,0.0,0.0,0.0,1.0,0.0,0.15,NO_REGULAR_FIELD,0.3859160132258067,0,32,0,0,84
87.21666666666667,-50.27768636508845,-1.457243539608081,3.1337665839327835,0.0,0.0,0.0,1.0,0.0,0.15,NO_REGULAR_FIELD,0.3859160132258067,0,32,0,0,84
87.23333333333333,-50.27768636508845,-1.457243539608081,3.1337665839327835,0.0,0.0,0.0,1.0,0.0,0.15,NO_REGULAR_FIELD,0.3859160132258067,0,32,0,0,84
87.25,-50.27768636508845,-1.457243539608081,3.1337665839327835,0.0,0.0,0.0,1.0,0.0,0.15,NO_REGULAR_FIELD,0.3859160132258067,0,32,0,0,84
87.26666666666667,-50.27768636508845,-1.457243539608081,3.1337665839327835,0.0,0.0,0.0,1.0,0.0,0.15,NO_REGULAR_FIELD,0.3859160132258067,0,32,0,0,84
87.28333333333333,-50.27768636508845,-1.457243539608081,3.1337665839327835,0.0,0.0,0.0,1.0,0.0,0.15,NO_REGULAR_FIELD,0.3859160132258067,0,32,0,0,84
87.3,-50.27768636508845,-1.457243539608081,3.1337665839327835,0.0,0.0,0.0,1.0,0.0,0.15,NO_REGULAR_FIELD,0.3859160132258067,0,32,0,0,84
87.31666666666666,-50.27768636508845,-1.457243539608081,3.1337665839327835,0.0,0.0,0.0,1.0,0.0,0.15,NO_REGULAR_FIELD,0.3859160132258067,0,32,0,0,84
87.33333333333333,-50.27768636508845,-1.457243539608081,3.1337665839327835,0.0,0.0,0.0,1.0,0.0,0.15,NO_REGULAR_FIELD,0.3859160132258067,0,32,0,0,84
87.35,-50.27768636508845,-1.457243539608081,3.1337665839327835,0.0,0.0,0.0,1.0,0.0,0.15,NO_REGULAR_FIELD,0.3859160132258067,0,32,0,0,84
87.36666666666666,-50.27768636508845,-1.457243539608081,3.1337665839327835,0.0,0.0,0.0,1.0,0.0,0.15,NO_REGULAR_FIELD,0.3859160132258067,0,32,0,0,84
87.38333333333334,-50.27768636508845,-1.457243539608081,3.1337665839327835,0.0,0.0,0.0,1.0,0.0,0.15,NO_REGULAR_FIELD,0.3859160132258067,0,32,0,0,84
87.4,-50.27768636508845,-1.457243539608081,3.1337665839327835,0.0,0.0,0.0,1.0,0.0,0.15,NO_REGULAR_FIELD,0.3859160132258067,0,32,0,0,84
87.41666666666667,-50.27768636508845,-1.457243539608081,3.1337665839327835,0.0,0.0,0.0,1.0,0.0,0.15,NO_REGULAR_FIELD,0.3859160132258067,0,32,0,0,84
87.43333333333334,-50.27768636508845,-1.457243539608081,3.1337665839327835,0.0,0.0,0.0,1.0,0.0,0.15,NO_REGULAR_FIELD,0.3859160132258067,0,32,0,0,84
87.45,-50.27768636508845,-1.457243539608081,3.1337665839327835,0.0,0.0,0.0,1.0,0.0,0.15,NO_REGULAR_FIELD,0.3859160132258067,0,32,0,0,84
87.46666666666667,-50.27768636508845,-1.457243539608081,3.1337665839327835,0.0,0.0,0.0,1.0,0.0,0.15,NO_REGULAR_FIELD,0.3859160132258067,0,32,0,0,84
87.48333333333333,-50.27768636508845,-1.457243539608081,3.1337665839327835,0.0,0.0,0.0,1.0,0.0,0.15,NO_REGULAR_FIELD,0.3859160132258067,0,32,0,0,84
87.5,-50.27768636508845,-1.457243539608081,3.1337665839327835,0.0,0.0,0.0,1.0,0.0,0.15,NO_REGULAR_FIELD,0.3859160132258067,0,32,0,0,84
87.51666666666667,-50.27768636508845,-1.457243539608081,3.1337665839327835,0.0,0.0,0.0,1.0,0.0,0.15,NO_REGULAR_FIELD,0.3859160132258067,0,32,0,0,84
87.53333333333333,-50.27768636508845,-1.457243539608081,3.1337665839327835,0.0,0.0,0.0,1.0,0.0,0.15,NO_REGULAR_FIELD,0.3859160132258067,0,32,0,0,84
87.55,-50.27768636508845,-1.457243539608081,3.1337665839327835,0.0,0.0,0.0,1.0,0.0,0.15,NO_REGULAR_FIELD,0.3859160132258067,0,32,0,0,84
87.56666666666666,-50.27768636508845,-1.457243539608081,3.1337665839327835,0.0,0.0,0.0,1.0,0.0,0.15,NO_REGULAR_FIELD,0.3859160132258067,0,32,0,0,84
87.58333333333333,-50.27768636508845,-1.457243539608081,3.1337665839327835,0.0,0.0,0.0,1.0,0.0,0.15,NO_REGULAR_FIELD,0.3859160132258067,0,32,0,0,84
87.6,-50.27768636508845,-1.457243539608081,3.1337665839327835,0.0,0.0,0.0,1.0,0.0,0.15,NO_REGULAR_FIELD,0.3859160132258067,0,32,0,0,84
87.61666666666666,-50.27768636508845,-1.457243539608081,3.1337665839327835,0.0,0.0,0.0,1.0,0.0,0.15,NO_REGULAR_FIELD,0.3859160132258067,0,32,0,0,84
87.63333333333334,-50.27768636508845,-1.457243539608081,3.1337665839327835,0.0,0.0,0.0,1.0,0.0,0.15,NO_REGULAR_FIELD,0.3859160132258067,0,32,0,0,84
87.65,-50.27768636508845,-1.457243539608081,3.1337665839327835,0.0,0.0,0.0,1.0,0.0,0.15,NO_REGULAR_FIELD,0.3859160132258067,0,32,0,0,84
87.66666666666667,-50.27768636508845,-1.457243539608081,3.1337665839327835,0.0,0.0,0.0,1.0,0.0,0.15,NO_REGULAR_FIELD,0.3859160132258067,0,32,0,1,84
87.68333333333334,-50.27768636508845,-1.457243539608081,3.1337665839327835,0.0,0.0,0.0,1.0,0.0,0.15,NO_REGULAR_FIELD,0.3859160132258067,0,32,0,1,84
87.7,-50.27768636508845,-1.457243539608081,3.1337665839327835,0.0,0.0,0.0,1.0,0.0,0.15,NO_REGULAR_FIELD,0.3859160132258067,0,32,0,1,84
87.71666666666667,-50.27768636508845,-1.457243539608081,3.1337665839327835,0.0,0.0,0.0,1.0,0.0,0.15,NO_REGULAR_FIELD,0.3859160132258067,0,32,0,2,84
87.73333333333333,-50.27768636508845,-1.457243539608081,3.1337665839327835,0.0,0.0,0.0,1.0,0.0,0.15,NO_REGULAR_FIELD,0.3859160132258067,0,32,0,2,84
87.75,-50.27768636508845,-1.457243539608081,3.1337665839327835,0.0,0.0,0.0,1.0,0.0,0.15,NO_REGULAR_FIELD,0.3859160132258067,0,32,0,2,84
87.76666666666667,-50.27768636508845,-1.457243539608081,3.1337665839327835,0.0,0.0,0.0,1.0,0.0,0.15,NO_REGULAR_FIELD,0.3859160132258067,0,32,0,2,84
87.78333333333333,-50.27768636508845,-1.457243539608081,3.1337665839327835,0.0,0.0,0.0,1.0,0.0,0.15,NO_REGULAR_FIELD,0.3859160132258067,0,32,0,2,84
87.8,-50.27768636508845,-1.457243539608081,3.1337665839327835,0.0,0.0,0.0,1.0,0.0,0.15,NO_REGULAR_FIELD,0.3859160132258067,0,32,0,2,84
87.81666666666666,-50.27768636508845,-1.457243539608081,3.1337665839327835,0.0,0.0,0.0,1.0,0.0,0.15,NO_REGULAR_FIELD,0.3859160132258067,0,32,0,2,84
87.83333333333333,-50.27768636508845,-1.457243539608081,3.1337665839327835,0.0,0.0,0.0,1.0,0.0,0.15,NO_REGULAR_FIELD,0.3859160132258067,0,32,0,2,84
87.85,-50.27768636508845,-1.457243539608081,3.1337665839327835,0.0,0.0,0.0,1.0,0.0,0.15,NO_REGULAR_FIELD,0.3859160132258067,0,32,0,2,84
87.86666666666666,-50.27768636508845,-1.457243539608081,3.1337665839327835,0.0,0.0,0.0,1.0,0.0,0.15,NO_REGULAR_FIELD,0.3859160132258067,0,32,0,2,84
87.88333333333334,-50.27768636508845,-1.457243539608081,3.1337665839327835,0.0,0.0,0.0,1.0,0.0,0.15,NO_REGULAR_FIELD,0.3859160132258067,0,32,0,2,84
87.9,-50.27768636508845,-1.457243539608081,3.1337665839327835,0.0,0.0,0.0,1.0,0.0,0.15,NO_REGULAR_FIELD,0.3859160132258067,0,32,0,2,84
87.91666666666667,-50.27768636508845,-1.457243539608081,3.1337665839327835,0.0,0.0,0.0,1.0,0.0,0.15,NO_REGULAR_FIELD,0.3859160132258067,0,32,0,2,84
87.93333333333334,-50.27768636508845,-1.457243539608081,3.1337665839327835,0.0,0.0,0.0,1.0,0.0,0.15,NO_REGULAR_FIELD,0.3859160132258067,0,32,0,2,84
87.95,-50.27768636508845,-1.457243539608081,3.1337665839327835,0.0,0.0,0.0,1.0,0.0,0.15,NO_REGULAR_FIELD,0.3859160132258067,0,32,0,2,84
87.96666666666667,-50.27768636508845,-1.457243539608081,3.1337665839327835,0.0,0.0,0.0,1.0,0.0,0.15,NO_REGULAR_FIELD,0.3859160132258067,0,32,0,2,84
87.98333333333333,-50.27768636508845,-1.457243539608081,3.1337665839327835,0.0,0.0,0.0,1.0,0.0,0.15,NO_REGULAR_FIELD,0.3859160132258067,0,32,0,2,84
88.0,-50.27768636508845,-1.457243539608081,3.1337665839327835,0.0,0.0,0.0,1.0,0.0,0.15,NO_REGULAR_FIELD,0.3859160132258067,0,32,0,2,84
88.01666666666667,-50.27768636508845,-1.457243539608081,3.1337665839327835,0.0,0.0,0.0,1.0,0.0,0.15,NO_REGULAR_FIELD,0.3859160132258067,0,32,0,2,84
88.03333333333333,-50.27768636508845,-1.457243539608081,3.1337665839327835,0.0,0.0,0.0,1.0,0.0,0.15,NO_REGULAR_FIELD,0.3859160132258067,0,32,0,2,84
88.05,-50.27768636508845,-1.457243539608081,3.1337665839327835,0.0,0.0,0.0,1.0,0.0,0.15,NO_REGULAR_FIELD,0.3859160132258067,0,32,0,2,84
88.06666666666666,-50.27768636508845,-1.457243539608081,3.1337665839327835,0.0,0.0,0.0,1.0,0.0,0.15,NO_REGULAR_FIELD,0.3859160132258067,0,32,0,2,84
88.08333333333333,-50.27768636508845,-1.457243539608081,3.1337665839327835,0.0,0.0,0.0,1.0,0.0,0.15,NO_REGULAR_FIELD,0.3859160132258067,0,32,0,2,84
88.1,-50.27768636508845,-1.457243539608081,3.1337665839327835,0.0,0.0,0.0,1.0,0.0,0.15,NO_REGULAR_FIELD,0.3859160132258067,0,32,0,2,84
88.11666666666666,-50.27768636508845,-1.457243539608081,3.1337665839327835,0.0,0.0,0.0,1.0,0.0,0.15,NO_REGULAR_FIELD,0.3859160132258067,0,32,0,2,84
88.13333333333334,-50.27768636508845,-1.457243539608081,3.1337665839327835,0.0,0.0,0.0,1.0,0.0,0.15,NO_REGULAR_FIELD,0.3859160132258067,0,32,0,2,84
88.15,-50.27768636508845,-1.457243539608081,3.1337665839327835,0.0,0.0,0.0,1.0,0.0,0.15,NO_REGULAR_FIELD,0.3859160132258067,0,32,0,2,84
88.16666666666667,-50.27768636508845,-1.457243539608081,3.1337665839327835,0.0,0.0,0.0,1.0,0.0,0.15,NO_REGULAR_FIELD,0.3859160132258067,0,32,0,2,84
88.18333333333334,-50.27768636508845,-1.457243539608081,3.1337665839327835,0.0,0.0,0.0,1.0,0.0,0.15,NO_REGULAR_FIELD,0.3859160132258067,0,32,0,2,84
88.2,-50.27768636508845,-1.457243539608081,3.1337665839327835,0.0,0.0,0.0,1.0,0.0,0.15,NO_REGULAR_FIELD,0.3859160132258067,0,32,0,2,84
88.21666666666667,-50.27768636508845,-1.457243539608081,3.1337665839327835,0.0,0.0,0.0,1.0,0.0,0.15,NO_REGULAR_FIELD,0.3859160132258067,0,32,0,2,84
88.23333333333333,-50.27768636508845,-1.457243539608081,3.1337665839327835,0.0,0.0,0.0,1.0,0.0,0.15,NO_REGULAR_FIELD,0.3859160132258067,0,32,0,2,84
88.25,-50.27768636508845,-1.457243539608081,3.1337665839327835,0.0,0.0,0.0,1.0,0.0,0.15,NO_REGULAR_FIELD,0.3859160132258067,0,32,0,2,84
88.26666666666667,-50.27768636508845,-1.457243539608081,3.1337665839327835,0.0,0.0,0.0,1.0,0.0,0.15,NO_REGULAR_FIELD,0.3859160132258067,0,32,0,2,84
88.28333333333333,-50.27768636508845,-1.457243539608081,3.1337665839327835,0.0,0.0,0.0,1.0,0.0,0.15,NO_REGULAR_FIELD,0.3859160132258067,0,32,0,2,84
88.3,-50.27768636508845,-1.457243539608081,3.1337665839327835,0.0,0.0,0.0,1.0,0.0,0.15,NO_REGULAR_FIELD,0.3859160132258067,0,32,0,2,84
88.31666666666666,-50.27768636508845,-1.457243539608081,3.1337665839327835,0.0,0.0,0.0,1.0,0.0,0.15,NO_REGULAR_FIELD,0.3859160132258067,0,32,0,2,84
88.33333333333333,-50.27768636508845,-1.457243539608081,3.1337665839327835,0.0,0.0,0.0,1.0,0.0,0.15,NO_REGULAR_FIELD,0.3859160132258067,0,32,0,2,84
88.35,-50.27768636508845,-1.457243539608081,3.1337665839327835,0.0,0.0,0.0,1.0,0.0,0.15,NO_REGULAR_FIELD,0.3859160132258067,0,32,0,2,84
88.36666666666666,-50.27768636508845,-1.457243539608081,3.1337665839327835,0.0,0.0,0.0,1.0,0.0,0.15,NO_REGULAR_FIELD,0.3859160132258067,0,32,0,2,84
88.38333333333334,-50.27768636508845,-1.457243539608081,3.1337665839327835,0.0,0.0,0.0,1.0,0.0,0.15,NO_REGULAR_FIELD,0.3859160132258067,0,32,0,2,84
88.4,-50.27768636508845,-1.457243539608081,3.1337665839327835,0.0,0.0,0.0,1.0,0.0,0.15,NO_REGULAR_FIELD,0.3859160132258067,0,32,0,2,84
88.41666666666667,-50.27768636508845,-1.457243539608081,3.1337665839327835,0.0,0.0,0.0,1.0,0.0,0.15,NO_REGULAR_FIELD,0.3859160132258067,0,32,0,2,84
88.43333333333334,-50.27768636508845,-1.457243539608081,3.1337665839327835,0.0,0.0,0.0,1.0,0.0,0.15,NO_REGULAR_FIELD,0.3859160132258067,0,32,0,2,84
88.45,-50.27768636508845,-1.457243539608081,3.1337665839327835,0.0,0.0,0.0,1.0,0.0,0.15,NO_REGULAR_FIELD,0.3859160132258067,0,32,0,2,84
88.46666666666667,-50.27768636508845,-1.457243539608081,3.1337665839327835,0.0,0.0,0.0,1.0,0.0,0.15,NO_REGULAR_FIELD,0.3859160132258067,0,32,0,2,84
88.48333333333333,-50.27768636508845,-1.457243539608081,3.1337665839327835,0.0,0.0,0.0,1.0,0.0,0.15,NO_REGULAR_FIELD,0.3859160132258067,0,32,0,2,84
88.5,-50.27768636508845,-1.457243539608081,3.1337665839327835,0.0,0.0,0.0,1.0,0.0,0.15,NO_REGULAR_FIELD,0.3859160132258067,0,32,0,2,84
88.51666666666667,-50.27768636508845,-1.457243539608081,3.1337665839327835,0.0,0.0,0.0,1.0,0.0,0.15,NO_REGULAR_FIELD,0.3859160132258067,0,32,0,2,84
88.53333333333333,-50.27768636508845,-1.457243539608081,3.1337665839327835,0.0,0.0,0.0,1.0,0.0,0.15,NO_REGULAR_FIELD,0.3859160132258067,0,32,0,2,84
88.55,-50.27768636508845,-1.457243539608081,3.1337665839327835,0.0,0.0,0.0,1.0,0.0,0.15,NO_REGULAR_FIELD,0.3859160132258067,0,32,0,2,84
88.56666666666666,-50.27768636508845,-1.457243539608081,3.1337665839327835,0.0,0.0,0.0,1.0,0.0,0.15,NO_REGULAR_FIELD,0.3859160132258067,0,32,0,2,84
88.58333333333333,-50.27768636508845,-1.457243539608081,3.1337665839327835,0.0,0.0,0.0,1.0,0.0,0.15,NO_REGULAR_FIELD,0.3859160132258067,0,32,0,2,84
88.6,-50.27768636508845,-1.457243539608081,3.1337665839327835,0.0,0.0,0.0,1.0,0.0,0.15,NO_REGULAR_FIELD,0.3859160132258067,0,32,0,2,84
88.61666666666666,-50.27768636508845,-1.457243539608081,3.1337665839327835,0.0,0.0,0.0,1.0,0.0,0.15,NO_REGULAR_FIELD,0.3859160132258067,0,32,0,2,84
88.63333333333334,-50.27768636508845,-1.457243539608081,3.1337665839327835,0.0,0.0,0.0,1.0,0.0,0.15,NO_REGULAR_FIELD,0.3859160132258067,0,32,0,2,84
88.65,-50.27768636508845,-1.457243539608081,3.1337665839327835,0.0,0.0,0.0,1.0,0.0,0.15,NO_REGULAR_FIELD,0.3859160132258067,0,32,0,2,84
88.66666666666667,-50.27768636508845,-1.457243539608081,3.1337665839327835,0.0,0.0,0.0,1.0,0.0,0.15,NO_REGULAR_FIELD,0.3859160132258067,0,32,0,4,84
88.68333333333334,-50.27768636508845,-1.457243539608081,3.1337665839327835,0.0,0.0,0.0,1.0,0.0,0.15,NO_REGULAR_FIELD,0.3859160132258067,0,32,0,4,84
88.7,-50.27768636508845,-1.457243539608081,3.1337665839327835,0.0,0.0,0.0,1.0,0.0,0.15,NO_REGULAR_FIELD,0.3859160132258067,0,32,0,4,84
88.71666666666667,-50.27768636508845,-1.457243539608081,3.1337665839327835,0.0,0.0,0.0,1.0,0.0,0.15,NO_REGULAR_FIELD,0.3859160132258067,0,32,0,5,84
88.73333333333333,-50.27768636508845,-1.457243539608081,3.1337665839327835,0.0,0.0,0.0,1.0,0.0,0.15,NO_REGULAR_FIELD,0.3859160132258067,0,32,0,5,84
88.75,-50.27768636508845,-1.457243539608081,3.1337665839327835,0.0,0.0,0.0,1.0,0.0,0.15,NO_REGULAR_FIELD,0.3859160132258067,0,32,0,5,84
88.76666666666667,-50.27768636508845,-1.457243539608081,3.1337665839327835,0.0,0.0,0.0,1.0,0.0,0.15,NO_REGULAR_FIELD,0.3859160132258067,0,32,0,5,84
88.78333333333333,-50.27768636508845,-1.457243539608081,3.1337665839327835,0.0,0.0,0.0,1.0,0.0,0.15,NO_REGULAR_FIELD,0.3859160132258067,0,32,0,5,84
88.8,-50.27768636508845,-1.457243539608081,3.1337665839327835,0.0,0.0,0.0,1.0,0.0,0.15,NO_REGULAR_FIELD,0.3859160132258067,0,32,0,5,84
88.81666666666666,-50.27768636508845,-1.457243539608081,3.1337665839327835,0.0,0.0,0.0,1.0,0.0,0.15,NO_REGULAR_FIELD,0.3859160132258067,0,32,0,5,84
88.83333333333333,-50.27768636508845,-1.457243539608081,3.1337665839327835,0.0,0.0,0.0,1.0,0.0,0.15,NO_REGULAR_FIELD,0.3859160132258067,0,32,0,5,84
88.85,-50.27768636508845,-1.457243539608081,3.1337665839327835,0.0,0.0,0.0,1.0,0.0,0.15,NO_REGULAR_FIELD,0.3859160132258067,0,32,0,5,84
88.86666666666666,-50.27768636508845,-1.457243539608081,3.1337665839327835,0.0,0.0,0.0,1.0,0.0,0.15,NO_REGULAR_FIELD,0.3859160132258067,0,32,0,5,84
88.88333333333334,-50.27768636508845,-1.457243539608081,3.1337665839327835,0.0,0.0,0.0,1.0,0.0,0.15,NO_REGULAR_FIELD,0.3859160132258067,0,32,0,5,84
88.9,-50.27768636508845,-1.457243539608081,3.1337665839327835,0.0,0.0,0.0,1.0,0.0,0.15,NO_REGULAR_FIELD,0.3859160132258067,0,32,0,5,84
88.91666666666667,-50.27768636508845,-1.457243539608081,3.1337665839327835,0.0,0.0,0.0,1.0,0.0,0.15,NO_REGULAR_FIELD,0.3859160132258067,0,32,0,5,84
88.93333333333334,-50.27768636508845,-1.457243539608081,3.1337665839327835,0.0,0.0,0.0,1.0,0.0,0.15,NO_REGULAR_FIELD,0.3859160132258067,0,32,0,5,84
88.95,-50.27768636508845,-1.457243539608081,3.1337665839327835,0.0,0.0,0.0,1.0,0.0,0.15,NO_REGULAR_FIELD,0.3859160132258067,0,32,0,5,84
88.96666666666667,-50.27768636508845,-1.457243539608081,3.1337665839327835,0.0,0.0,0.0,1.0,0.0,0.15,NO_REGULAR_FIELD,0.3859160132258067,0,32,0,5,84
88.98333333333333,-50.27768636508845,-1.457243539608081,3.1337665839327835,0.0,0.0,0.0,1.0,0.0,0.15,NO_REGULAR_FIELD,0.3859160132258067,0,32,0,5,84
89.0,-50.27768636508845,-1.457243539608081,3.1337665839327835,0.0,0.0,0.0,1.0,0.0,0.15,NO_REGULAR_FIELD,0.3859160132258067,0,32,0,5,84
89.01666666666667,-50.27768636508845,-1.457243539608081,3.1337665839327835,0.0,0.0,0.0,1.0,0.0,0.15,NO_REGULAR_FIELD,0.3859160132258067,0,32,0,5,84
89.03333333333333,-50.27768636508845,-1.457243539608081,3.1337665839327835,0.0,0.0,0.0,1.0,0.0,0.15,NO_REGULAR_FIELD,0.3859160132258067,0,32,0,5,84
89.05,-50.27768636508845,-1.457243539608081,3.1337665839327835,0.0,0.0,0.0,1.0,0.0,0.15,NO_REGULAR_FIELD,0.3859160132258067,0,32,0,5,84
89.06666666666666,-50.27768636508845,-1.457243539608081,3.1337665839327835,0.0,0.0,0.0,1.0,0.0,0.15,NO_REGULAR_FIELD,0.3859160132258067,0,32,0,5,84
89.08333333333333,-50.27768636508845,-1.457243539608081,3.1337665839327835,0.0,0.0,0.0,1.0,0.0,0.15,NO_REGULAR_FIELD,0.3859160132258067,0,32,0,5,84
89.1,-50.27768636508845,-1.457243539608081,3.1337665839327835,0.0,0.0,0.0,1.0,0.0,0.15,NO_REGULAR_FIELD,0.3859160132258067,0,32,0,5,84
89.11666666666666,-50.27768636508845,-1.457243539608081,3.1337665839327835,0.0,0.0,0.0,1.0,0.0,0.15,NO_REGULAR_FIELD,0.3859160132258067,0,32,0,5,84
89.13333333333334,-50.27768636508845,-1.457243539608081,3.1337665839327835,0.0,0.0,0.0,1.0,0.0,0.15,NO_REGULAR_FIELD,0.3859160132258067,0,32,0,5,84
89.15,-50.27768636508845,-1.457243539608081,3.1337665839327835,0.0,0.0,0.0,1.0,0.0,0.15,NO_REGULAR_FIELD,0.3859160132258067,0,32,0,5,84
89.16666666666667,-50.27768636508845,-1.457243539608081,3.1337665839327835,0.0,0.0,0.0,1.0,0.0,0.15,NO_REGULAR_FIELD,0.3859160132258067,0,32,0,5,84
89.18333333333334,-50.27768636508845,-1.457243539608081,3.1337665839327835,0.0,0.0,0.0,1.0,0.0,0.15,NO_REGULAR_FIELD,0.3859160132258067,0,32,0,5,84
89.2,-50.27768636508845,-1.457243539608081,3.1337665839327835,0.0,0.0,0.0,1.0,0.0,0.15,NO_REGULAR_FIELD,0.3859160132258067,0,32,0,5,84
89.21666666666667,-50.27768636508845,-1.457243539608081,3.1337665839327835,0.0,0.0,0.0,1.0,0.0,0.15,NO_REGULAR_FIELD,0.3859160132258067,0,32,0,5,84
89.23333333333333,-50.27768636508845,-1.457243539608081,3.1337665839327835,0.0,0.0,0.0,1.0,0.0,0.15,NO_REGULAR_FIELD,0.3859160132258067,0,32,0,5,84
89.25,-50.27768636508845,-1.457243539608081,3.1337665839327835,0.0,0.0,0.0,1.0,0.0,0.15,NO_REGULAR_FIELD,0.3859160132258067,0,32,0,5,84
89.26666666666667,-50.27768636508845,-1.457243539608081,3.1337665839327835,0.0,0.0,0.0,1.0,0.0,0.15,NO_REGULAR_FIELD,0.3859160132258067,0,32,0,5,84
89.28333333333333,-50.27768636508845,-1.457243539608081,3.1337665839327835,0.0,0.0,0.0,1.0,0.0,0.15,NO_REGULAR_FIELD,0.3859160132258067,0,32,0,5,84
89.3,-50.27768636508845,-1.457243539608081,3.1337665839327835,0.0,0.0,0.0,1.0,0.0,0.15,NO_REGULAR_FIELD,0.3859160132258067,0,32,0,5,84
89.31666666666666,-50.27768636508845,-1.457243539608081,3.1337665839327835,0.0,0.0,0.0,1.0,0.0,0.15,NO_REGULAR_FIELD,0.3859160132258067,0,32,0,5,84
89.33333333333333,-50.27768636508845,-1.457243539608081,3.1337665839327835,0.0,0.0,0.0,1.0,0.0,0.15,NO_REGULAR_FIELD,0.3859160132258067,0,32,0,5,84
89.35,-50.27768636508845,-1.457243539608081,3.1337665839327835,0.0,0.0,0.0,1.0,0.0,0.15,NO_REGULAR_FIELD,0.3859160132258067,0,32,0,5,84
89.36666666666666,-50.27768636508845,-1.457243539608081,3.1337665839327835,0.0,0.0,0.0,1.0,0.0,0.15,NO_REGULAR_FIELD,0.3859160132258067,0,32,0,5,84
89.38333333333334,-50.27768636508845,-1.457243539608081,3.1337665839327835,0.0,0.0,0.0,1.0,0.0,0.15,NO_REGULAR_FIELD,0.3859160132258067,0,32,0,5,84
89.4,-50.27768636508845,-1.457243539608081,3.1337665839327835,0.0,0.0,0.0,1.0,0.0,0.15,NO_REGULAR_FIELD,0.3859160132258067,0,32,0,5,84
89.41666666666667,-50.27768636508845,-1.457243539608081,3.1337665839327835,0.0,0.0,0.0,1.0,0.0,0.15,NO_REGULAR_FIELD,0.3859160132258067,0,32,0,5,84
89.43333333333334,-50.27768636508845,-1.457243539608081,3.1337665839327835,0.0,0.0,0.0,1.0,0.0,0.15,NO_REGULAR_FIELD,0.3859160132258067,0,32,0,5,84
89.45,-50.27768636508845,-1.457243539608081,3.1337665839327835,0.0,0.0,0.0,1.0,0.0,0.15,NO_REGULAR_FIELD,0.3859160132258067,0,32,0,5,84
89.46666666666667,-50.27768636508845,-1.457243539608081,3.1337665839327835,0.0,0.0,0.0,1.0,0.0,0.15,NO_REGULAR_FIELD,0.3859160132258067,0,32,0,5,84
89.48333333333333,-50.27768636508845,-1.457243539608081,3.1337665839327835,0.0,0.0,0.0,1.0,0.0,0.15,NO_REGULAR_FIELD,0.3859160132258067,0,32,0,5,84
89.5,-50.27768636508845,-1.457243539608081,3.1337665839327835,0.0,0.0,0.0,1.0,0.0,0.15,NO_REGULAR_FIELD,0.3859160132258067,0,32,0,5,84
89.51666666666667,-50.27768636508845,-1.457243539608081,3.1337665839327835,0.0,0.0,0.0,1.0,0.0,0.15,NO_REGULAR_FIELD,0.3859160132258067,0,32,0,5,84
89.53333333333333,-50.27768636508845,-1.457243539608081,3.1337665839327835,0.0,0.0,0.0,1.0,0.0,0.15,NO_REGULAR_FIELD,0.3859160132258067,0,32,0,5,84
89.55,-50.27768636508845,-1.457243539608081,3.1337665839327835,0.0,0.0,0.0,1.0,0.0,0.15,NO_REGULAR_FIELD,0.3859160132258067,0,32,0,5,84
89.56666666666666,-50.27768636508845,-1.457243539608081,3.1337665839327835,0.0,0.0,0.0,1.0,0.0,0.15,NO_REGULAR_FIELD,0.3859160132258067,0,32,0,5,84
89.58333333333333,-50.27768636508845,-1.457243539608081,3.1337665839327835,0.0,0.0,0.0,1.0,0.0,0.15,NO_REGULAR_FIELD,0.3859160132258067,0,32,0,5,84
89.6,-50.27768636508845,-1.457243539608081,3.1337665839327835,0.0,0.0,0.0,1.0,0.0,0.15,NO_REGULAR_FIELD,0.3859160132258067,0,32,0,5,84
89.61666666666666,-50.27768636508845,-1.457243539608081,3.1337665839327835,0.0,0.0,0.0,1.0,0.0,0.15,NO_REGULAR_FIELD,0.3859160132258067,0,32,0,5,84
89.63333333333334,-50.27768636508845,-1.457243539608081,3.1337665839327835,0.0,0.0,0.0,1.0,0.0,0.15,NO_REGULAR_FIELD,0.3859160132258067,0,32,0,5,84
89.65,-50.27768636508845,-1.457243539608081,3.1337665839327835,0.0,0.0,0.0,1.0,0.0,0.15,NO_REGULAR_FIELD,0.3859160132258067,0,32,0,5,84
89.66666666666667,-50.27768636508845,-1.457243539608081,3.1337665839327835,0.0,0.0,0.0,1.0,0.0,0.15,NO_REGULAR_FIELD,0.3859160132258067,0,32,0,7,84
89.68333333333334,-50.27768636508845,-1.457243539608081,3.1337665839327835,0.0,0.0,0.0,1.0,0.0,0.15,NO_REGULAR_FIELD,0.3859160132258067,0,32,0,7,84
89.7,-50.27768636508845,-1.457243539608081,3.1337665839327835,0.0,0.0,0.0,1.0,0.0,0.15,NO_REGULAR_FIELD,0.3859160132258067,0,32,0,7,84
89.71666666666667,-50.27768636508845,-1.457243539608081,3.1337665839327835,0.0,0.0,0.0,1.0,0.0,0.15,NO_REGULAR_FIELD,0.3859160132258067,0,32,0,7,84
89.73333333333333,-50.27768636508845,-1.457243539608081,3.1337665839327835,0.0,0.0,0.0,1.0,0.0,0.15,NO_REGULAR_FIELD,0.3859160132258067,0,32,0,7,84
89.75,-50.27768636508845,-1.457243539608081,3.1337665839327835,0.0,0.0,0.0,1.0,0.0,0.15,NO_REGULAR_FIELD,0.3859160132258067,0,32,0,7,84
89.76666666666667,-50.27768636508845,-1.457243539608081,3.1337665839327835,0.0,0.0,0.0,1.0,0.0,0.15,NO_REGULAR_FIELD,0.3859160132258067,0,32,0,8,84
89.78333333333333,-50.27768636508845,-1.457243539608081,3.1337665839327835,0.0,0.0,0.0,1.0,0.0,0.15,NO_REGULAR_FIELD,0.3859160132258067,0,32,0,8,84
89.8,-50.27768636508845,-1.457243539608081,3.1337665839327835,0.0,0.0,0.0,1.0,0.0,0.15,NO_REGULAR_FIELD,0.3859160132258067,0,32,0,8,84
89.81666666666666,-50.27768636508845,-1.457243539608081,3.1337665839327835,0.0,0.0,0.0,1.0,0.0,0.15,NO_REGULAR_FIELD,0.3859160132258067,0,32,0,8,84
89.83333333333333,-50.27768636508845,-1.457243539608081,3.1337665839327835,0.0,0.0,0.0,1.0,0.0,0.15,NO_REGULAR_FIELD,0.3859160132258067,0,32,0,8,84
89.85,-50.27768636508845,-1.457243539608081,3.1337665839327835,0.0,0.0,0.0,1.0,0.0,0.15,NO_REGULAR_FIELD,0.3859160132258067,0,32,0,8,84
89.86666666666666,-50.27768636508845,-1.457243539608081,3.1337665839327835,0.0,0.0,0.0,1.0,0.0,0.15,NO_REGULAR_FIELD,0.3859160132258067,0,32,0,8,84
89.88333333333334,-50.27768636508845,-1.457243539608081,3.1337665839327835,0.0,0.0,0.0,1.0,0.0,0.15,NO_REGULAR_FIELD,0.3859160132258067,0,32,0,8,84
89.9,-50.27768636508845,-1.457243539608081,3.1337665839327835,0.0,0.0,0.0,1.0,0.0,0.15,NO_REGULAR_FIELD,0.3859160132258067,0,32,0,8,84
89.91666666666667,-50.27768636508845,-1.457243539608081,3.1337665839327835,0.0,0.0,0.0,1.0,0.0,0.15,NO_REGULAR_FIELD,0.3859160132258067,0,32,0,8,84
89.93333333333334,-50.27768636508845,-1.457243539608081,3.1337665839327835,0.0,0.0,0.0,1.0,0.0,0.15,NO_REGULAR_FIELD,0.3859160132258067,0,32,0,8,84
89.95,-50.27768636508845,-1.457243539608081,3.1337665839327835,0.0,0.0,0.0,1.0,0.0,0.15,NO_REGULAR_FIELD,0.3859160132258067,0,32,0,8,84
89.96666666666667,-50.27768636508845,-1.457243539608081,3.1337665839327835,0.0,0.0,0.0,1.0,0.0,0.15,NO_REGULAR_FIELD,0.3859160132258067,0,32,0,8,84
89.98333333333333,-50.27768636508845,-1.457243539608081,3.1337665839327835,0.0,0.0,0.0,1.0,0.0,0.15,NO_REGULAR_FIELD,0.3859160132258067,0,32,0,8,84
90.0,-50.27768636508845,-1.457243539608081,3.1337665839327835,0.0,0.0,0.0,0.0,0.0,0.0,NO_REGULAR_FIELD,0.3859160132258067,0,32,0,8,84
90.01666666666667,-50.27768636508845,-1.457243539608081,3.1337665839327835,0.0,0.0,0.0,0.0,0.0,0.0,NO_REGULAR_FIELD,0.3859160132258067,0,32,0,8,84
90.03333333333333,-50.27768636508845,-1.457243539608081,3.1337665839327835,0.0,0.0,0.0,0.0,0.0,0.0,NO_REGULAR_FIELD,0.3859160132258067,0,32,0,8,84
90.05,-50.27768636508845,-1.457243539608081,3.1337665839327835,0.0,0.0,0.0,0.0,0.0,0.0,NO_REGULAR_FIELD,0.3859160132258067,0,32,0,8,84
90.06666666666666,-50.27768636508845,-1.457243539608081,3.1337665839327835,0.0,0.0,0.0,0.0,0.0,0.0,ZERO_INTENT,0.3859160132258067,0,32,0,8,84
90.08333333333333,-50.27768636508845,-1.457243539608081,3.1337665839327835,0.0,0.0,0.0,0.0,0.0,0.0,ZERO_INTENT,0.3859160132258067,0,32,0,8,84
90.1,-50.27768636508845,-1.457243539608081,3.1337665839327835,0.0,0.0,0.0,0.0,0.0,0.0,ZERO_INTENT,0.3859160132258067,0,32,0,8,84
90.11666666666666,-50.27768636508845,-1.457243539608081,3.1337665839327835,0.0,0.0,0.0,0.0,0.0,0.0,ZERO_INTENT,0.3859160132258067,0,32,0,8,84
90.13333333333334,-50.27768636508845,-1.457243539608081,3.1337665839327835,0.0,0.0,0.0,0.0,0.0,0.0,ZERO_INTENT,0.3859160132258067,0,32,0,8,84
90.15,-50.27768636508845,-1.457243539608081,3.1337665839327835,0.0,0.0,0.0,0.0,0.0,0.0,ZERO_INTENT,0.3859160132258067,0,32,0,8,84
90.16666666666667,-50.27768636508845,-1.457243539608081,3.1337665839327835,0.0,0.0,0.0,0.0,0.0,0.0,ZERO_INTENT,0.3859160132258067,0,32,0,8,84
90.18333333333334,-50.27768636508845,-1.457243539608081,3.1337665839327835,0.0,0.0,0.0,0.0,0.0,0.0,ZERO_INTENT,0.3859160132258067,0,32,0,8,84
90.2,-50.27768636508845,-1.457243539608081,3.1337665839327835,0.0,0.0,0.0,0.0,0.0,0.0,ZERO_INTENT,0.3859160132258067,0,32,0,8,84
90.21666666666667,-50.27768636508845,-1.457243539608081,3.1337665839327835,0.0,0.0,0.0,0.0,0.0,0.0,ZERO_INTENT,0.3859160132258067,0,32,0,8,84
90.23333333333333,-50.27768636508845,-1.457243539608081,3.1337665839327835,0.0,0.0,0.0,0.0,0.0,0.0,ZERO_INTENT,0.3859160132258067,0,32,0,8,84
90.25,-50.27768636508845,-1.457243539608081,3.1337665839327835,0.0,0.0,0.0,0.0,0.0,0.0,ZERO_INTENT,0.3859160132258067,0,32,0,8,84
90.26666666666667,-50.27768636508845,-1.457243539608081,3.1337665839327835,0.0,0.0,0.0,0.0,0.0,0.0,ZERO_INTENT,0.3859160132258067,0,32,0,8,84
90.28333333333333,-50.27768636508845,-1.457243539608081,3.1337665839327835,0.0,0.0,0.0,0.0,0.0,0.0,ZERO_INTENT,0.3859160132258067,0,32,0,8,84
90.3,-50.27768636508845,-1.457243539608081,3.1337665839327835,0.0,0.0,0.0,0.0,0.0,0.0,ZERO_INTENT,0.3859160132258067,0,32,0,8,84
90.31666666666666,-50.27768636508845,-1.457243539608081,3.1337665839327835,0.0,0.0,0.0,0.0,0.0,0.0,ZERO_INTENT,0.3859160132258067,0,32,0,8,84
90.33333333333333,-50.27768636508845,-1.457243539608081,3.1337665839327835,0.0,0.0,0.0,0.0,0.0,0.0,ZERO_INTENT,0.3859160132258067,0,32,0,8,84
90.35,-50.27768636508845,-1.457243539608081,3.1337665839327835,0.0,0.0,0.0,0.0,0.0,0.0,ZERO_INTENT,0.3859160132258067,0,32,0,8,84
90.36666666666666,-50.27768636508845,-1.457243539608081,3.1337665839327835,0.0,0.0,0.0,0.0,0.0,0.0,ZERO_INTENT,0.3859160132258067,0,32,0,8,84
90.38333333333334,-50.27768636508845,-1.457243539608081,3.1337665839327835,0.0,0.0,0.0,0.0,0.0,0.0,ZERO_INTENT,0.3859160132258067,0,32,0,8,84
90.4,-50.27768636508845,-1.457243539608081,3.1337665839327835,0.0,0.0,0.0,0.0,0.0,0.0,ZERO_INTENT,0.3859160132258067,0,32,0,8,84
90.41666666666667,-50.27768636508845,-1.457243539608081,3.1337665839327835,0.0,0.0,0.0,0.0,0.0,0.0,ZERO_INTENT,0.3859160132258067,0,32,0,8,84
90.43333333333334,-50.27768636508845,-1.457243539608081,3.1337665839327835,0.0,0.0,0.0,0.0,0.0,0.0,ZERO_INTENT,0.3859160132258067,0,32,0,8,84
90.45,-50.27768636508845,-1.457243539608081,3.1337665839327835,0.0,0.0,0.0,0.0,0.0,0.0,ZERO_INTENT,0.3859160132258067,0,32,0,8,84
90.46666666666667,-50.27768636508845,-1.457243539608081,3.1337665839327835,0.0,0.0,0.0,0.0,0.0,0.0,ZERO_INTENT,0.3859160132258067,0,32,0,8,84
90.48333333333333,-50.27768636508845,-1.457243539608081,3.1337665839327835,0.0,0.0,0.0,0.0,0.0,0.0,ZERO_INTENT,0.3859160132258067,0,32,0,8,84
90.5,-50.27768636508845,-1.457243539608081,3.1337665839327835,0.0,0.0,0.0,0.0,0.0,0.0,ZERO_INTENT,0.3859160132258067,0,32,0,8,84
90.51666666666667,-50.27768636508845,-1.457243539608081,3.1337665839327835,0.0,0.0,0.0,0.0,0.0,0.0,ZERO_INTENT,0.3859160132258067,0,32,0,8,84
90.53333333333333,-50.27768636508845,-1.457243539608081,3.1337665839327835,0.0,0.0,0.0,0.0,0.0,0.0,ZERO_INTENT,0.3859160132258067,0,32,0,8,84
90.55,-50.27768636508845,-1.457243539608081,3.1337665839327835,0.0,0.0,0.0,0.0,0.0,0.0,ZERO_INTENT,0.3859160132258067,0,32,0,8,84
90.56666666666666,-50.27768636508845,-1.457243539608081,3.1337665839327835,0.0,0.0,0.0,0.0,0.0,0.0,ZERO_INTENT,0.3859160132258067,0,32,0,8,84
90.58333333333333,-50.27768636508845,-1.457243539608081,3.1337665839327835,0.0,0.0,0.0,0.0,0.0,0.0,ZERO_INTENT,0.3859160132258067,0,32,0,8,84
90.6,-50.27768636508845,-1.457243539608081,3.1337665839327835,0.0,0.0,0.0,0.0,0.0,0.0,ZERO_INTENT,0.3859160132258067,0,32,0,8,84
90.61666666666666,-50.27768636508845,-1.457243539608081,3.1337665839327835,0.0,0.0,0.0,0.0,0.0,0.0,ZERO_INTENT,0.3859160132258067,0,32,0,8,84
90.63333333333334,-50.27768636508845,-1.457243539608081,3.1337665839327835,0.0,0.0,0.0,0.0,0.0,0.0,ZERO_INTENT,0.3859160132258067,0,32,0,8,84
90.65,-50.27768636508845,-1.457243539608081,3.1337665839327835,0.0,0.0,0.0,0.0,0.0,0.0,ZERO_INTENT,0.3859160132258067,0,32,0,8,84
90.66666666666667,-50.27768636508845,-1.457243539608081,3.1337665839327835,0.0,0.0,0.0,0.0,0.0,0.0,ZERO_INTENT,0.3859160132258067,0,32,0,8,84
90.68333333333334,-50.27768636508845,-1.457243539608081,3.1337665839327835,0.0,0.0,0.0,0.0,0.0,0.0,ZERO_INTENT,0.3859160132258067,0,32,0,8,84
90.7,-50.27768636508845,-1.457243539608081,3.1337665839327835,0.0,0.0,0.0,0.0,0.0,0.0,ZERO_INTENT,0.3859160132258067,0,32,0,8,84
90.71666666666667,-50.27768636508845,-1.457243539608081,3.1337665839327835,0.0,0.0,0.0,0.0,0.0,0.0,ZERO_INTENT,0.3859160132258067,0,32,0,8,84
90.73333333333333,-50.27768636508845,-1.457243539608081,3.1337665839327835,0.0,0.0,0.0,0.0,0.0,0.0,ZERO_INTENT,0.3859160132258067,0,32,0,8,84
90.75,-50.27768636508845,-1.457243539608081,3.1337665839327835,0.0,0.0,0.0,0.0,0.0,0.0,ZERO_INTENT,0.3859160132258067,0,32,0,8,84
90.76666666666667,-50.27768636508845,-1.457243539608081,3.1337665839327835,0.0,0.0,0.0,0.0,0.0,0.0,ZERO_INTENT,0.3859160132258067,0,32,0,8,84
90.78333333333333,-50.27768636508845,-1.457243539608081,3.1337665839327835,0.0,0.0,0.0,0.0,0.0,0.0,ZERO_INTENT,0.3859160132258067,0,32,0,8,84
90.8,-50.27768636508845,-1.457243539608081,3.1337665839327835,0.0,0.0,0.0,0.0,0.0,0.0,ZERO_INTENT,0.3859160132258067,0,32,0,8,84
90.81666666666666,-50.27768636508845,-1.457243539608081,3.1337665839327835,0.0,0.0,0.0,0.0,0.0,0.0,ZERO_INTENT,0.3859160132258067,0,32,0,8,84
90.83333333333333,-50.27768636508845,-1.457243539608081,3.1337665839327835,0.0,0.0,0.0,0.0,0.0,0.0,ZERO_INTENT,0.3859160132258067,0,32,0,8,84
90.85,-50.27768636508845,-1.457243539608081,3.1337665839327835,0.0,0.0,0.0,0.0,0.0,0.0,ZERO_INTENT,0.3859160132258067,0,32,0,8,84
90.86666666666666,-50.27768636508845,-1.457243539608081,3.1337665839327835,0.0,0.0,0.0,0.0,0.0,0.0,ZERO_INTENT,0.3859160132258067,0,32,0,8,84
90.88333333333334,-50.27768636508845,-1.457243539608081,3.1337665839327835,0.0,0.0,0.0,0.0,0.0,0.0,ZERO_INTENT,0.3859160132258067,0,32,0,8,84
90.9,-50.27768636508845,-1.457243539608081,3.1337665839327835,0.0,0.0,0.0,0.0,0.0,0.0,ZERO_INTENT,0.3859160132258067,0,32,0,8,84
90.91666666666667,-50.27768636508845,-1.457243539608081,3.1337665839327835,0.0,0.0,0.0,0.0,0.0,0.0,ZERO_INTENT,0.3859160132258067,0,32,0,8,84
90.93333333333334,-50.27768636508845,-1.457243539608081,3.1337665839327835,0.0,0.0,0.0,0.0,0.0,0.0,ZERO_INTENT,0.3859160132258067,0,32,0,8,84
90.95,-50.27768636508845,-1.457243539608081,3.1337665839327835,0.0,0.0,0.0,0.0,0.0,0.0,ZERO_INTENT,0.3859160132258067,0,32,0,8,84
90.96666666666667,-50.27768636508845,-1.457243539608081,3.1337665839327835,0.0,0.0,0.0,0.0,0.0,0.0,ZERO_INTENT,0.3859160132258067,0,32,0,8,84
90.98333333333333,-50.27768636508845,-1.457243539608081,3.1337665839327835,0.0,0.0,0.0,0.0,0.0,0.0,ZERO_INTENT,0.3859160132258067,0,32,0,8,84
91.0,-50.27768636508845,-1.457243539608081,3.1337665839327835,0.0,0.0,0.0,0.0,0.0,0.0,ZERO_INTENT,0.3859160132258067,0,32,0,8,84
91.01666666666667,-50.27768636508845,-1.457243539608081,3.1337665839327835,0.0,0.0,0.0,0.0,0.0,0.0,ZERO_INTENT,0.3859160132258067,0,32,0,8,84
91.03333333333333,-50.27768636508845,-1.457243539608081,3.1337665839327835,0.0,0.0,0.0,0.0,0.0,0.0,ZERO_INTENT,0.3859160132258067,0,32,0,8,84
91.05,-50.27768636508845,-1.457243539608081,3.1337665839327835,0.0,0.0,0.0,0.0,0.0,0.0,ZERO_INTENT,0.3859160132258067,0,32,0,8,84
91.06666666666666,-50.27768636508845,-1.457243539608081,3.1337665839327835,0.0,0.0,0.0,0.0,0.0,0.0,ZERO_INTENT,0.3859160132258067,0,32,0,8,84
91.08333333333333,-50.27768636508845,-1.457243539608081,3.1337665839327835,0.0,0.0,0.0,0.0,0.0,0.0,ZERO_INTENT,0.3859160132258067,0,32,0,8,84
91.1,-50.27768636508845,-1.457243539608081,3.1337665839327835,0.0,0.0,0.0,0.0,0.0,0.0,ZERO_INTENT,0.3859160132258067,0,32,0,8,84
91.11666666666666,-50.27768636508845,-1.457243539608081,3.1337665839327835,0.0,0.0,0.0,0.0,0.0,0.0,ZERO_INTENT,0.3859160132258067,0,32,0,8,84
91.13333333333334,-50.27768636508845,-1.457243539608081,3.1337665839327835,0.0,0.0,0.0,0.0,0.0,0.0,ZERO_INTENT,0.3859160132258067,0,32,0,8,84
91.15,-50.27768636508845,-1.457243539608081,3.1337665839327835,0.0,0.0,0.0,0.0,0.0,0.0,ZERO_INTENT,0.3859160132258067,0,32,0,8,84
91.16666666666667,-50.27768636508845,-1.457243539608081,3.1337665839327835,0.0,0.0,0.0,0.0,0.0,0.0,ZERO_INTENT,0.3859160132258067,0,32,0,8,84
91.18333333333334,-50.27768636508845,-1.457243539608081,3.1337665839327835,0.0,0.0,0.0,0.0,0.0,0.0,ZERO_INTENT,0.3859160132258067,0,32,0,8,84
91.2,-50.27768636508845,-1.457243539608081,3.1337665839327835,0.0,0.0,0.0,0.0,0.0,0.0,ZERO_INTENT,0.3859160132258067,0,32,0,8,84
91.21666666666667,-50.27768636508845,-1.457243539608081,3.1337665839327835,0.0,0.0,0.0,0.0,0.0,0.0,ZERO_INTENT,0.3859160132258067,0,32,0,8,84
91.23333333333333,-50.27768636508845,-1.457243539608081,3.1337665839327835,0.0,0.0,0.0,0.0,0.0,0.0,ZERO_INTENT,0.3859160132258067,0,32,0,8,84
91.25,-50.27768636508845,-1.457243539608081,3.1337665839327835,0.0,0.0,0.0,0.0,0.0,0.0,ZERO_INTENT,0.3859160132258067,0,32,0,8,84
91.26666666666667,-50.27768636508845,-1.457243539608081,3.1337665839327835,0.0,0.0,0.0,0.0,0.0,0.0,ZERO_INTENT,0.3859160132258067,0,32,0,8,84
91.28333333333333,-50.27768636508845,-1.457243539608081,3.1337665839327835,0.0,0.0,0.0,0.0,0.0,0.0,ZERO_INTENT,0.3859160132258067,0,32,0,8,84
91.3,-50.27768636508845,-1.457243539608081,3.1337665839327835,0.0,0.0,0.0,0.0,0.0,0.0,ZERO_INTENT,0.3859160132258067,0,32,0,8,84
91.31666666666666,-50.27768636508845,-1.457243539608081,3.1337665839327835,0.0,0.0,0.0,0.0,0.0,0.0,ZERO_INTENT,0.3859160132258067,0,32,0,8,84
91.33333333333333,-50.27768636508845,-1.457243539608081,3.1337665839327835,0.0,0.0,0.0,0.0,0.0,0.0,ZERO_INTENT,0.3859160132258067,0,32,0,8,84
91.35,-50.27768636508845,-1.457243539608081,3.1337665839327835,0.0,0.0,0.0,0.0,0.0,0.0,ZERO_INTENT,0.3859160132258067,0,32,0,8,84
91.36666666666666,-50.27768636508845,-1.457243539608081,3.1337665839327835,0.0,0.0,0.0,0.0,0.0,0.0,ZERO_INTENT,0.3859160132258067,0,32,0,8,84
91.38333333333334,-50.27768636508845,-1.457243539608081,3.1337665839327835,0.0,0.0,0.0,0.0,0.0,0.0,ZERO_INTENT,0.3859160132258067,0,32,0,8,84
91.4,-50.27768636508845,-1.457243539608081,3.1337665839327835,0.0,0.0,0.0,0.0,0.0,0.0,ZERO_INTENT,0.3859160132258067,0,32,0,8,84
91.41666666666667,-50.27768636508845,-1.457243539608081,3.1337665839327835,0.0,0.0,0.0,0.0,0.0,0.0,ZERO_INTENT,0.3859160132258067,0,32,0,8,84
91.43333333333334,-50.27768636508845,-1.457243539608081,3.1337665839327835,0.0,0.0,0.0,0.0,0.0,0.0,ZERO_INTENT,0.3859160132258067,0,32,0,8,84
91.45,-50.27768636508845,-1.457243539608081,3.1337665839327835,0.0,0.0,0.0,0.0,0.0,0.0,ZERO_INTENT,0.3859160132258067,0,32,0,8,84
91.46666666666667,-50.27768636508845,-1.457243539608081,3.1337665839327835,0.0,0.0,0.0,0.0,0.0,0.0,ZERO_INTENT,0.3859160132258067,0,32,0,8,84
91.48333333333333,-50.27768636508845,-1.457243539608081,3.1337665839327835,0.0,0.0,0.0,0.0,0.0,0.0,ZERO_INTENT,0.3859160132258067,0,32,0,8,84
91.5,-50.27768636508845,-1.457243539608081,3.1337665839327835,0.0,0.0,0.0,0.0,0.0,0.0,ZERO_INTENT,0.3859160132258067,0,32,0,8,84
91.51666666666667,-50.27768636508845,-1.457243539608081,3.1337665839327835,0.0,0.0,0.0,0.0,0.0,0.0,ZERO_INTENT,0.3859160132258067,0,32,0,8,84
91.53333333333333,-50.27768636508845,-1.457243539608081,3.1337665839327835,0.0,0.0,0.0,0.0,0.0,0.0,ZERO_INTENT,0.3859160132258067,0,32,0,8,84
91.55,-50.27768636508845,-1.457243539608081,3.1337665839327835,0.0,0.0,0.0,0.0,0.0,0.0,ZERO_INTENT,0.3859160132258067,0,32,0,8,84
91.56666666666666,-50.27768636508845,-1.457243539608081,3.1337665839327835,0.0,0.0,0.0,0.0,0.0,0.0,ZERO_INTENT,0.3859160132258067,0,32,0,8,84
91.58333333333333,-50.27768636508845,-1.457243539608081,3.1337665839327835,0.0,0.0,0.0,0.0,0.0,0.0,ZERO_INTENT,0.3859160132258067,0,32,0,8,84
91.6,-50.27768636508845,-1.457243539608081,3.1337665839327835,0.0,0.0,0.0,0.0,0.0,0.0,ZERO_INTENT,0.3859160132258067,0,32,0,8,84
91.61666666666666,-50.27768636508845,-1.457243539608081,3.1337665839327835,0.0,0.0,0.0,0.0,0.0,0.0,ZERO_INTENT,0.3859160132258067,0,32,0,8,84
91.63333333333334,-50.27768636508845,-1.457243539608081,3.1337665839327835,0.0,0.0,0.0,0.0,0.0,0.0,ZERO_INTENT,0.3859160132258067,0,32,0,8,84
91.65,-50.27768636508845,-1.457243539608081,3.1337665839327835,0.0,0.0,0.0,0.0,0.0,0.0,ZERO_INTENT,0.3859160132258067,0,32,0,8,84
91.66666666666667,-50.27768636508845,-1.457243539608081,3.1337665839327835,0.0,0.0,0.0,0.0,0.0,0.0,ZERO_INTENT,0.3859160132258067,0,32,0,8,84
91.68333333333334,-50.27768636508845,-1.457243539608081,3.1337665839327835,0.0,0.0,0.0,0.0,0.0,0.0,ZERO_INTENT,0.3859160132258067,0,32,0,8,84
91.7,-50.27768636508845,-1.457243539608081,3.1337665839327835,0.0,0.0,0.0,0.0,0.0,0.0,ZERO_INTENT,0.3859160132258067,0,32,0,8,84
91.71666666666667,-50.27768636508845,-1.457243539608081,3.1337665839327835,0.0,0.0,0.0,0.0,0.0,0.0,ZERO_INTENT,0.3859160132258067,0,32,0,8,84
91.73333333333333,-50.27768636508845,-1.457243539608081,3.1337665839327835,0.0,0.0,0.0,0.0,0.0,0.0,ZERO_INTENT,0.3859160132258067,0,32,0,8,84
91.75,-50.27768636508845,-1.457243539608081,3.1337665839327835,0.0,0.0,0.0,0.0,0.0,0.0,ZERO_INTENT,0.3859160132258067,0,32,0,8,84
91.76666666666667,-50.27768636508845,-1.457243539608081,3.1337665839327835,0.0,0.0,0.0,0.0,0.0,0.0,ZERO_INTENT,0.3859160132258067,0,32,0,8,84
91.78333333333333,-50.27768636508845,-1.457243539608081,3.1337665839327835,0.0,0.0,0.0,0.0,0.0,0.0,ZERO_INTENT,0.3859160132258067,0,32,0,8,84
91.8,-50.27768636508845,-1.457243539608081,3.1337665839327835,0.0,0.0,0.0,0.0,0.0,0.0,ZERO_INTENT,0.3859160132258067,0,32,0,8,84
91.81666666666666,-50.27768636508845,-1.457243539608081,3.1337665839327835,0.0,0.0,0.0,0.0,0.0,0.0,ZERO_INTENT,0.3859160132258067,0,32,0,8,84
91.83333333333333,-50.27768636508845,-1.457243539608081,3.1337665839327835,0.0,0.0,0.0,0.0,0.0,0.0,ZERO_INTENT,0.3859160132258067,0,32,0,8,84
91.85,-50.27768636508845,-1.457243539608081,3.1337665839327835,0.0,0.0,0.0,0.0,0.0,0.0,ZERO_INTENT,0.3859160132258067,0,32,0,8,84
91.86666666666666,-50.27768636508845,-1.457243539608081,3.1337665839327835,0.0,0.0,0.0,0.0,0.0,0.0,ZERO_INTENT,0.3859160132258067,0,32,0,8,84
91.88333333333334,-50.27768636508845,-1.457243539608081,3.1337665839327835,0.0,0.0,0.0,0.0,0.0,0.0,ZERO_INTENT,0.3859160132258067,0,32,0,8,84
91.9,-50.27768636508845,-1.457243539608081,3.1337665839327835,0.0,0.0,0.0,0.0,0.0,0.0,ZERO_INTENT,0.3859160132258067,0,32,0,8,84
91.91666666666667,-50.27768636508845,-1.457243539608081,3.1337665839327835,0.0,0.0,0.0,0.0,0.0,0.0,ZERO_INTENT,0.3859160132258067,0,32,0,8,84
91.93333333333334,-50.27768636508845,-1.457243539608081,3.1337665839327835,0.0,0.0,0.0,0.0,0.0,0.0,ZERO_INTENT,0.3859160132258067,0,32,0,8,84
91.95,-50.27768636508845,-1.457243539608081,3.1337665839327835,0.0,0.0,0.0,0.0,0.0,0.0,ZERO_INTENT,0.3859160132258067,0,32,0,8,84
91.96666666666667,-50.27768636508845,-1.457243539608081,3.1337665839327835,0.0,0.0,0.0,0.0,0.0,0.0,ZERO_INTENT,0.3859160132258067,0,32,0,8,84
91.98333333333333,-50.27768636508845,-1.457243539608081,3.1337665839327835,0.0,0.0,0.0,0.0,0.0,0.0,ZERO_INTENT,0.3859160132258067,0,32,0,8,84
92.0,-50.27768636508845,-1.457243539608081,3.1337665839327835,0.0,0.0,0.0,0.0,0.0,0.0,ZERO_INTENT,0.3859160132258067,0,32,0,8,84
92.01666666666667,-50.27768636508845,-1.457243539608081,3.1337665839327835,0.0,0.0,0.0,0.0,0.0,0.0,ZERO_INTENT,0.3859160132258067,0,32,0,8,84
92.03333333333333,-50.27768636508845,-1.457243539608081,3.1337665839327835,0.0,0.0,0.0,0.0,0.0,0.0,ZERO_INTENT,0.3859160132258067,0,32,0,8,84
92.05,-50.27768636508845,-1.457243539608081,3.1337665839327835,0.0,0.0,0.0,0.0,0.0,0.0,ZERO_INTENT,0.3859160132258067,0,32,0,8,84
92.06666666666666,-50.27768636508845,-1.457243539608081,3.1337665839327835,0.0,0.0,0.0,0.0,0.0,0.0,ZERO_INTENT,0.3859160132258067,0,32,0,8,84
92.08333333333333,-50.27768636508845,-1.457243539608081,3.1337665839327835,0.0,0.0,0.0,0.0,0.0,0.0,ZERO_INTENT,0.3859160132258067,0,32,0,8,84
92.1,-50.27768636508845,-1.457243539608081,3.1337665839327835,0.0,0.0,0.0,0.0,0.0,0.0,ZERO_INTENT,0.3859160132258067,0,32,0,8,84
92.11666666666666,-50.27768636508845,-1.457243539608081,3.1337665839327835,0.0,0.0,0.0,0.0,0.0,0.0,ZERO_INTENT,0.3859160132258067,0,32,0,8,84
92.13333333333334,-50.27768636508845,-1.457243539608081,3.1337665839327835,0.0,0.0,0.0,0.0,0.0,0.0,ZERO_INTENT,0.3859160132258067,0,32,0,8,84
92.15,-50.27768636508845,-1.457243539608081,3.1337665839327835,0.0,0.0,0.0,0.0,0.0,0.0,ZERO_INTENT,0.3859160132258067,0,32,0,8,84
92.16666666666667,-50.27768636508845,-1.457243539608081,3.1337665839327835,0.0,0.0,0.0,0.0,0.0,0.0,ZERO_INTENT,0.3859160132258067,0,32,0,8,84
92.18333333333334,-50.27768636508845,-1.457243539608081,3.1337665839327835,0.0,0.0,0.0,0.0,0.0,0.0,ZERO_INTENT,0.3859160132258067,0,32,0,8,84
92.2,-50.27768636508845,-1.457243539608081,3.1337665839327835,0.0,0.0,0.0,0.0,0.0,0.0,ZERO_INTENT,0.3859160132258067,0,32,0,8,84
92.21666666666667,-50.27768636508845,-1.457243539608081,3.1337665839327835,0.0,0.0,0.0,0.0,0.0,0.0,ZERO_INTENT,0.3859160132258067,0,32,0,8,84
92.23333333333333,-50.27768636508845,-1.457243539608081,3.1337665839327835,0.0,0.0,0.0,0.0,0.0,0.0,ZERO_INTENT,0.3859160132258067,0,32,0,8,84
92.25,-50.27768636508845,-1.457243539608081,3.1337665839327835,0.0,0.0,0.0,0.0,0.0,0.0,ZERO_INTENT,0.3859160132258067,0,32,0,8,84
92.26666666666667,-50.27768636508845,-1.457243539608081,3.1337665839327835,0.0,0.0,0.0,0.0,0.0,0.0,ZERO_INTENT,0.3859160132258067,0,32,0,8,84
92.28333333333333,-50.27768636508845,-1.457243539608081,3.1337665839327835,0.0,0.0,0.0,0.0,0.0,0.0,ZERO_INTENT,0.3859160132258067,0,32,0,8,84
92.3,-50.27768636508845,-1.457243539608081,3.1337665839327835,0.0,0.0,0.0,0.0,0.0,0.0,ZERO_INTENT,0.3859160132258067,0,32,0,8,84
92.31666666666666,-50.27768636508845,-1.457243539608081,3.1337665839327835,0.0,0.0,0.0,0.0,0.0,0.0,ZERO_INTENT,0.3859160132258067,0,32,0,8,84
92.33333333333333,-50.27768636508845,-1.457243539608081,3.1337665839327835,0.0,0.0,0.0,0.0,0.0,0.0,ZERO_INTENT,0.3859160132258067,0,32,0,8,84
92.35,-50.27768636508845,-1.457243539608081,3.1337665839327835,0.0,0.0,0.0,0.0,0.0,0.0,ZERO_INTENT,0.3859160132258067,0,32,0,8,84
92.36666666666666,-50.27768636508845,-1.457243539608081,3.1337665839327835,0.0,0.0,0.0,0.0,0.0,0.0,ZERO_INTENT,0.3859160132258067,0,32,0,8,84
92.38333333333334,-50.27768636508845,-1.457243539608081,3.1337665839327835,0.0,0.0,0.0,0.0,0.0,0.0,ZERO_INTENT,0.3859160132258067,0,32,0,8,84
92.4,-50.27768636508845,-1.457243539608081,3.1337665839327835,0.0,0.0,0.0,0.0,0.0,0.0,ZERO_INTENT,0.3859160132258067,0,32,0,8,84
92.41666666666667,-50.27768636508845,-1.457243539608081,3.1337665839327835,0.0,0.0,0.0,0.0,0.0,0.0,ZERO_INTENT,0.3859160132258067,0,32,0,8,84
92.43333333333334,-50.27768636508845,-1.457243539608081,3.1337665839327835,0.0,0.0,0.0,0.0,0.0,0.0,ZERO_INTENT,0.3859160132258067,0,32,0,8,84
92.45,-50.27768636508845,-1.457243539608081,3.1337665839327835,0.0,0.0,0.0,0.0,0.0,0.0,ZERO_INTENT,0.3859160132258067,0,32,0,8,84
92.46666666666667,-50.27768636508845,-1.457243539608081,3.1337665839327835,0.0,0.0,0.0,0.0,0.0,0.0,ZERO_INTENT,0.3859160132258067,0,32,0,8,84
92.48333333333333,-50.27768636508845,-1.457243539608081,3.1337665839327835,0.0,0.0,0.0,0.0,0.0,0.0,ZERO_INTENT,0.3859160132258067,0,32,0,8,84
92.5,-50.27768636508845,-1.457243539608081,3.1337665839327835,0.0,0.0,0.0,0.0,0.0,0.0,ZERO_INTENT,0.3859160132258067,0,32,0,8,84
92.51666666666667,-50.27768636508845,-1.457243539608081,3.1337665839327835,0.0,0.0,0.0,0.0,0.0,0.0,ZERO_INTENT,0.3859160132258067,0,32,0,8,84
92.53333333333333,-50.27768636508845,-1.457243539608081,3.1337665839327835,0.0,0.0,0.0,0.0,0.0,0.0,ZERO_INTENT,0.3859160132258067,0,32,0,8,84
92.55,-50.27768636508845,-1.457243539608081,3.1337665839327835,0.0,0.0,0.0,0.0,0.0,0.0,ZERO_INTENT,0.3859160132258067,0,32,0,8,84
92.56666666666666,-50.27768636508845,-1.457243539608081,3.1337665839327835,0.0,0.0,0.0,0.0,0.0,0.0,ZERO_INTENT,0.3859160132258067,0,32,0,8,84
92.58333333333333,-50.27768636508845,-1.457243539608081,3.1337665839327835,0.0,0.0,0.0,0.0,0.0,0.0,ZERO_INTENT,0.3859160132258067,0,32,0,8,84
92.6,-50.27768636508845,-1.457243539608081,3.1337665839327835,0.0,0.0,0.0,0.0,0.0,0.0,ZERO_INTENT,0.3859160132258067,0,32,0,8,84
92.61666666666666,-50.27768636508845,-1.457243539608081,3.1337665839327835,0.0,0.0,0.0,0.0,0.0,0.0,ZERO_INTENT,0.3859160132258067,0,32,0,8,84
92.63333333333334,-50.27768636508845,-1.457243539608081,3.1337665839327835,0.0,0.0,0.0,0.0,0.0,0.0,ZERO_INTENT,0.3859160132258067,0,32,0,8,84
92.65,-50.27768636508845,-1.457243539608081,3.1337665839327835,0.0,0.0,0.0,0.0,0.0,0.0,ZERO_INTENT,0.3859160132258067,0,32,0,8,84
92.66666666666667,-50.27768636508845,-1.457243539608081,3.1337665839327835,0.0,0.0,0.0,0.0,0.0,0.0,ZERO_INTENT,0.3859160132258067,0,32,0,8,84
92.68333333333334,-50.27768636508845,-1.457243539608081,3.1337665839327835,0.0,0.0,0.0,0.0,0.0,0.0,ZERO_INTENT,0.3859160132258067,0,32,0,8,84
92.7,-50.27768636508845,-1.457243539608081,3.1337665839327835,0.0,0.0,0.0,0.0,0.0,0.0,ZERO_INTENT,0.3859160132258067,0,32,0,8,84
92.71666666666667,-50.27768636508845,-1.457243539608081,3.1337665839327835,0.0,0.0,0.0,0.0,0.0,0.0,ZERO_INTENT,0.3859160132258067,0,32,0,8,84
92.73333333333333,-50.27768636508845,-1.457243539608081,3.1337665839327835,0.0,0.0,0.0,0.0,0.0,0.0,ZERO_INTENT,0.3859160132258067,0,32,0,8,84
92.75,-50.27768636508845,-1.457243539608081,3.1337665839327835,0.0,0.0,0.0,0.0,0.0,0.0,ZERO_INTENT,0.3859160132258067,0,32,0,8,84
92.76666666666667,-50.27768636508845,-1.457243539608081,3.1337665839327835,0.0,0.0,0.0,0.0,0.0,0.0,ZERO_INTENT,0.3859160132258067,0,32,0,8,84
92.78333333333333,-50.27768636508845,-1.457243539608081,3.1337665839327835,0.0,0.0,0.0,0.0,0.0,0.0,ZERO_INTENT,0.3859160132258067,0,32,0,8,84
92.8,-50.27768636508845,-1.457243539608081,3.1337665839327835,0.0,0.0,0.0,0.0,0.0,0.0,ZERO_INTENT,0.3859160132258067,0,32,0,8,84
92.81666666666666,-50.27768636508845,-1.457243539608081,3.1337665839327835,0.0,0.0,0.0,0.0,0.0,0.0,ZERO_INTENT,0.3859160132258067,0,32,0,8,84
92.83333333333333,-50.27768636508845,-1.457243539608081,3.1337665839327835,0.0,0.0,0.0,0.0,0.0,0.0,ZERO_INTENT,0.3859160132258067,0,32,0,8,84
92.85,-50.27768636508845,-1.457243539608081,3.1337665839327835,0.0,0.0,0.0,0.0,0.0,0.0,ZERO_INTENT,0.3859160132258067,0,32,0,8,84
92.86666666666666,-50.27768636508845,-1.457243539608081,3.1337665839327835,0.0,0.0,0.0,0.0,0.0,0.0,ZERO_INTENT,0.3859160132258067,0,32,0,8,84
92.88333333333334,-50.27768636508845,-1.457243539608081,3.1337665839327835,0.0,0.0,0.0,0.0,0.0,0.0,ZERO_INTENT,0.3859160132258067,0,32,0,8,84
92.9,-50.27768636508845,-1.457243539608081,3.1337665839327835,0.0,0.0,0.0,0.0,0.0,0.0,ZERO_INTENT,0.3859160132258067,0,32,0,8,84
92.91666666666667,-50.27768636508845,-1.457243539608081,3.1337665839327835,0.0,0.0,0.0,0.0,0.0,0.0,ZERO_INTENT,0.3859160132258067,0,32,0,8,84
92.93333333333334,-50.27768636508845,-1.457243539608081,3.1337665839327835,0.0,0.0,0.0,0.0,0.0,0.0,ZERO_INTENT,0.3859160132258067,0,32,0,8,84
92.95,-50.27768636508845,-1.457243539608081,3.1337665839327835,0.0,0.0,0.0,0.0,0.0,0.0,ZERO_INTENT,0.3859160132258067,0,32,0,8,84
92.96666666666667,-50.27768636508845,-1.457243539608081,3.1337665839327835,0.0,0.0,0.0,0.0,0.0,0.0,ZERO_INTENT,0.3859160132258067,0,32,0,8,84
92.98333333333333,-50.27768636508845,-1.457243539608081,3.1337665839327835,0.0,0.0,0.0,0.0,0.0,0.0,ZERO_INTENT,0.3859160132258067,0,32,0,8,84
93.0,-50.27768636508845,-1.457243539608081,3.1337665839327835,0.0,0.0,0.0,0.0,0.0,0.0,ZERO_INTENT,0.3859160132258067,0,32,0,8,84
93.01666666666667,-50.27768636508845,-1.457243539608081,3.1337665839327835,0.0,0.0,0.0,0.0,0.0,0.0,ZERO_INTENT,0.3859160132258067,0,32,0,8,84
93.03333333333333,-50.27768636508845,-1.457243539608081,3.1337665839327835,0.0,0.0,0.0,0.0,0.0,0.0,ZERO_INTENT,0.3859160132258067,0,32,0,8,84
93.05,-50.27768636508845,-1.457243539608081,3.1337665839327835,0.0,0.0,0.0,0.0,0.0,0.0,ZERO_INTENT,0.3859160132258067,0,32,0,8,84
93.06666666666666,-50.27768636508845,-1.457243539608081,3.1337665839327835,0.0,0.0,0.0,0.0,0.0,0.0,ZERO_INTENT,0.3859160132258067,0,32,0,8,84
93.08333333333333,-50.27768636508845,-1.457243539608081,3.1337665839327835,0.0,0.0,0.0,0.0,0.0,0.0,ZERO_INTENT,0.3859160132258067,0,32,0,8,84
93.1,-50.27768636508845,-1.457243539608081,3.1337665839327835,0.0,0.0,0.0,0.0,0.0,0.0,ZERO_INTENT,0.3859160132258067,0,32,0,8,84
93.11666666666666,-50.27768636508845,-1.457243539608081,3.1337665839327835,0.0,0.0,0.0,0.0,0.0,0.0,ZERO_INTENT,0.3859160132258067,0,32,0,8,84
93.13333333333334,-50.27768636508845,-1.457243539608081,3.1337665839327835,0.0,0.0,0.0,0.0,0.0,0.0,ZERO_INTENT,0.3859160132258067,0,32,0,8,84
93.15,-50.27768636508845,-1.457243539608081,3.1337665839327835,0.0,0.0,0.0,0.0,0.0,0.0,ZERO_INTENT,0.3859160132258067,0,32,0,8,84
93.16666666666667,-50.27768636508845,-1.457243539608081,3.1337665839327835,0.0,0.0,0.0,0.0,0.0,0.0,ZERO_INTENT,0.3859160132258067,0,32,0,8,84
93.18333333333334,-50.27768636508845,-1.457243539608081,3.1337665839327835,0.0,0.0,0.0,0.0,0.0,0.0,ZERO_INTENT,0.3859160132258067,0,32,0,8,84
93.2,-50.27768636508845,-1.457243539608081,3.1337665839327835,0.0,0.0,0.0,0.0,0.0,0.0,ZERO_INTENT,0.3859160132258067,0,32,0,8,84
93.21666666666667,-50.27768636508845,-1.457243539608081,3.1337665839327835,0.0,0.0,0.0,0.0,0.0,0.0,ZERO_INTENT,0.3859160132258067,0,32,0,8,84
93.23333333333333,-50.27768636508845,-1.457243539608081,3.1337665839327835,0.0,0.0,0.0,0.0,0.0,0.0,ZERO_INTENT,0.3859160132258067,0,32,0,8,84
93.25,-50.27768636508845,-1.457243539608081,3.1337665839327835,0.0,0.0,0.0,0.0,0.0,0.0,ZERO_INTENT,0.3859160132258067,0,32,0,8,84
93.26666666666667,-50.27768636508845,-1.457243539608081,3.1337665839327835,0.0,0.0,0.0,0.0,0.0,0.0,ZERO_INTENT,0.3859160132258067,0,32,0,8,84
93.28333333333333,-50.27768636508845,-1.457243539608081,3.1337665839327835,0.0,0.0,0.0,0.0,0.0,0.0,ZERO_INTENT,0.3859160132258067,0,32,0,8,84
93.3,-50.27768636508845,-1.457243539608081,3.1337665839327835,0.0,0.0,0.0,0.0,0.0,0.0,ZERO_INTENT,0.3859160132258067,0,32,0,8,84
93.31666666666666,-50.27768636508845,-1.457243539608081,3.1337665839327835,0.0,0.0,0.0,0.0,0.0,0.0,ZERO_INTENT,0.3859160132258067,0,32,0,8,84
93.33333333333333,-50.27768636508845,-1.457243539608081,3.1337665839327835,0.0,0.0,0.0,0.0,0.0,0.0,ZERO_INTENT,0.3859160132258067,0,32,0,8,84
93.35,-50.27768636508845,-1.457243539608081,3.1337665839327835,0.0,0.0,0.0,0.0,0.0,0.0,ZERO_INTENT,0.3859160132258067,0,32,0,8,84
93.36666666666666,-50.27768636508845,-1.457243539608081,3.1337665839327835,0.0,0.0,0.0,0.0,0.0,0.0,ZERO_INTENT,0.3859160132258067,0,32,0,8,84
93.38333333333334,-50.27768636508845,-1.457243539608081,3.1337665839327835,0.0,0.0,0.0,0.0,0.0,0.0,ZERO_INTENT,0.3859160132258067,0,32,0,8,84
93.4,-50.27768636508845,-1.457243539608081,3.1337665839327835,0.0,0.0,0.0,0.0,0.0,0.0,ZERO_INTENT,0.3859160132258067,0,32,0,8,84
93.41666666666667,-50.27768636508845,-1.457243539608081,3.1337665839327835,0.0,0.0,0.0,0.0,0.0,0.0,ZERO_INTENT,0.3859160132258067,0,32,0,8,84
93.43333333333334,-50.27768636508845,-1.457243539608081,3.1337665839327835,0.0,0.0,0.0,0.0,0.0,0.0,ZERO_INTENT,0.3859160132258067,0,32,0,8,84
93.45,-50.27768636508845,-1.457243539608081,3.1337665839327835,0.0,0.0,0.0,0.0,0.0,0.0,ZERO_INTENT,0.3859160132258067,0,32,0,8,84
93.46666666666667,-50.27768636508845,-1.457243539608081,3.1337665839327835,0.0,0.0,0.0,0.0,0.0,0.0,ZERO_INTENT,0.3859160132258067,0,32,0,8,84
93.48333333333333,-50.27768636508845,-1.457243539608081,3.1337665839327835,0.0,0.0,0.0,0.0,0.0,0.0,ZERO_INTENT,0.3859160132258067,0,32,0,8,84
93.5,-50.27768636508845,-1.457243539608081,3.1337665839327835,0.0,0.0,0.0,0.0,0.0,0.0,ZERO_INTENT,0.3859160132258067,0,32,0,8,84
93.51666666666667,-50.27768636508845,-1.457243539608081,3.1337665839327835,0.0,0.0,0.0,0.0,0.0,0.0,ZERO_INTENT,0.3859160132258067,0,32,0,8,84
93.53333333333333,-50.27768636508845,-1.457243539608081,3.1337665839327835,0.0,0.0,0.0,0.0,0.0,0.0,ZERO_INTENT,0.3859160132258067,0,32,0,8,84
93.55,-50.27768636508845,-1.457243539608081,3.1337665839327835,0.0,0.0,0.0,0.0,0.0,0.0,ZERO_INTENT,0.3859160132258067,0,32,0,8,84
93.56666666666666,-50.27768636508845,-1.457243539608081,3.1337665839327835,0.0,0.0,0.0,0.0,0.0,0.0,ZERO_INTENT,0.3859160132258067,0,32,0,8,84
93.58333333333333,-50.27768636508845,-1.457243539608081,3.1337665839327835,0.0,0.0,0.0,0.0,0.0,0.0,ZERO_INTENT,0.3859160132258067,0,32,0,8,84
93.6,-50.27768636508845,-1.457243539608081,3.1337665839327835,0.0,0.0,0.0,0.0,0.0,0.0,ZERO_INTENT,0.3859160132258067,0,32,0,8,84
93.61666666666666,-50.27768636508845,-1.457243539608081,3.1337665839327835,0.0,0.0,0.0,0.0,0.0,0.0,ZERO_INTENT,0.3859160132258067,0,32,0,8,84
93.63333333333334,-50.27768636508845,-1.457243539608081,3.1337665839327835,0.0,0.0,0.0,0.0,0.0,0.0,ZERO_INTENT,0.3859160132258067,0,32,0,8,84
93.65,-50.27768636508845,-1.457243539608081,3.1337665839327835,0.0,0.0,0.0,0.0,0.0,0.0,ZERO_INTENT,0.3859160132258067,0,32,0,8,84
93.66666666666667,-50.27768636508845,-1.457243539608081,3.1337665839327835,0.0,0.0,0.0,0.0,0.0,0.0,ZERO_INTENT,0.3859160132258067,0,32,0,8,84
93.68333333333334,-50.27768636508845,-1.457243539608081,3.1337665839327835,0.0,0.0,0.0,0.0,0.0,0.0,ZERO_INTENT,0.3859160132258067,0,32,0,8,84
93.7,-50.27768636508845,-1.457243539608081,3.1337665839327835,0.0,0.0,0.0,0.0,0.0,0.0,ZERO_INTENT,0.3859160132258067,0,32,0,8,84
93.71666666666667,-50.27768636508845,-1.457243539608081,3.1337665839327835,0.0,0.0,0.0,0.0,0.0,0.0,ZERO_INTENT,0.3859160132258067,0,32,0,8,84
93.73333333333333,-50.27768636508845,-1.457243539608081,3.1337665839327835,0.0,0.0,0.0,0.0,0.0,0.0,ZERO_INTENT,0.3859160132258067,0,32,0,8,84
93.75,-50.27768636508845,-1.457243539608081,3.1337665839327835,0.0,0.0,0.0,0.0,0.0,0.0,ZERO_INTENT,0.3859160132258067,0,32,0,8,84
93.76666666666667,-50.27768636508845,-1.457243539608081,3.1337665839327835,0.0,0.0,0.0,0.0,0.0,0.0,ZERO_INTENT,0.3859160132258067,0,32,0,8,84
93.78333333333333,-50.27768636508845,-1.457243539608081,3.1337665839327835,0.0,0.0,0.0,0.0,0.0,0.0,ZERO_INTENT,0.3859160132258067,0,32,0,8,84
93.8,-50.27768636508845,-1.457243539608081,3.1337665839327835,0.0,0.0,0.0,0.0,0.0,0.0,ZERO_INTENT,0.3859160132258067,0,32,0,8,84
93.81666666666666,-50.27768636508845,-1.457243539608081,3.1337665839327835,0.0,0.0,0.0,0.0,0.0,0.0,ZERO_INTENT,0.3859160132258067,0,32,0,8,84
93.83333333333333,-50.27768636508845,-1.457243539608081,3.1337665839327835,0.0,0.0,0.0,0.0,0.0,0.0,ZERO_INTENT,0.3859160132258067,0,32,0,8,84
93.85,-50.27768636508845,-1.457243539608081,3.1337665839327835,0.0,0.0,0.0,0.0,0.0,0.0,ZERO_INTENT,0.3859160132258067,0,32,0,8,84
93.86666666666666,-50.27768636508845,-1.457243539608081,3.1337665839327835,0.0,0.0,0.0,0.0,0.0,0.0,ZERO_INTENT,0.3859160132258067,0,32,0,8,84
93.88333333333334,-50.27768636508845,-1.457243539608081,3.1337665839327835,0.0,0.0,0.0,0.0,0.0,0.0,ZERO_INTENT,0.3859160132258067,0,32,0,8,84
93.9,-50.27768636508845,-1.457243539608081,3.1337665839327835,0.0,0.0,0.0,0.0,0.0,0.0,ZERO_INTENT,0.3859160132258067,0,32,0,8,84
93.91666666666667,-50.27768636508845,-1.457243539608081,3.1337665839327835,0.0,0.0,0.0,0.0,0.0,0.0,ZERO_INTENT,0.3859160132258067,0,32,0,8,84
93.93333333333334,-50.27768636508845,-1.457243539608081,3.1337665839327835,0.0,0.0,0.0,0.0,0.0,0.0,ZERO_INTENT,0.3859160132258067,0,32,0,8,84
93.95,-50.27768636508845,-1.457243539608081,3.1337665839327835,0.0,0.0,0.0,0.0,0.0,0.0,ZERO_INTENT,0.3859160132258067,0,32,0,8,84
93.96666666666667,-50.27768636508845,-1.457243539608081,3.1337665839327835,0.0,0.0,0.0,0.0,0.0,0.0,ZERO_INTENT,0.3859160132258067,0,32,0,8,84
93.98333333333333,-50.27768636508845,-1.457243539608081,3.1337665839327835,0.0,0.0,0.0,0.0,0.0,0.0,ZERO_INTENT,0.3859160132258067,0,32,0,8,84
94.0,-50.27768636508845,-1.457243539608081,3.1337665839327835,0.0,0.0,0.0,0.0,0.0,0.0,ZERO_INTENT,0.3859160132258067,0,32,0,8,84
94.01666666666667,-50.27768636508845,-1.457243539608081,3.1337665839327835,0.0,0.0,0.0,0.0,0.0,0.0,ZERO_INTENT,0.3859160132258067,0,32,0,8,84
