t,x,y,z,vx,vy,vz,qx,qy,qz,status,esdf_clearance_r048,collision_blocks,recorded_balls,revoked_balls,expired_views,evicted_views
0.0,-64.0,-11.2,2.8,0.0,0.0,0.0,0.0,0.0,0.0,WAITING_ODOMETRY,3.4576320838928183,0,,,,
0.016666666666666666,-64.0,-11.2,2.8,0.0,0.0,0.0,0.0,0.0,0.0,WAITING_ODOMETRY,3.4576320838928183,0,,,,
0.03333333333333333,-64.0,-11.2,2.8,0.0,0.0,0.0,0.0,0.0,0.0,WAITING_ODOMETRY,3.4576320838928183,0,,,,
0.05,-64.0,-11.2,2.8,0.0,0.0,0.0,0.0,0.0,0.0,ZERO_INTENT,3.4576320838928183,0,,,,
0.06666666666666667,-64.0,-11.2,2.8,0.0,0.0,0.0,0.0,0.0,0.0,ZERO_INTENT,3.4576320838928183,0,,,,
0.08333333333333333,-64.0,-11.2,2.8,0.0,0.0,0.0,0.0,0.0,0.0,ZERO_INTENT,3.4576320838928183,0,,,,
0.1,-64.0,-11.2,2.8,0.0,0.0,0.0,0.0,0.0,0.0,ZERO_INTENT,3.4576320838928183,0,,,,
0.11666666666666667,-64.0,-11.2,2.8,0.0,0.0,0.0,0.0,0.0,0.0,ZERO_INTENT,3.4576320838928183,0,,,,
0.13333333333333333,-64.0,-11.2,2.8,0.0,0.0,0.0,0.0,0.0,0.0,ZERO_INTENT,3.4576320838928183,0,,,,
0.15,-64.0,-11.2,2.8,0.0,0.0,0.0,0.0,0.0,0.0,ZERO_INTENT,3.4576320838928183,0,,,,
0.16666666666666666,-64.0,-11.2,2.8,0.0,0.0,0.0,0.0,0.0,0.0,ZERO_INTENT,3.4576320838928183,0,,,,
0.18333333333333332,-64.0,-11.2,2.8,0.0,0.0,0.0,0.0,0.0,0.0,ZERO_INTENT,3.4576320838928183,0,,,,
0.2,-64.0,-11.2,2.8,0.0,0.0,0.0,0.0,0.0,0.0,ZERO_INTENT,3.4576320838928183,0,,,,
0.21666666666666667,-64.0,-11.2,2.8,0.0,0.0,0.0,0.0,0.0,0.0,ZERO_INTENT,3.4576320838928183,0,,,,
0.23333333333333334,-64.0,-11.2,2.8,0.0,0.0,0.0,0.0,0.0,0.0,ZERO_INTENT,3.4576320838928183,0,,,,
0.25,-64.0,-11.2,2.8,0.0,0.0,0.0,0.0,0.0,0.0,ZERO_INTENT,3.4576320838928183,0,,,,
0.26666666666666666,-64.0,-11.2,2.8,0.0,0.0,0.0,0.0,0.0,0.0,ZERO_INTENT,3.4576320838928183,0,,,,
0.2833333333333333,-64.0,-11.2,2.8,0.0,0.0,0.0,0.0,0.0,0.0,ZERO_INTENT,3.4576320838928183,0,,,,
0.3,-64.0,-11.2,2.8,0.0,0.0,0.0,0.0,0.0,0.0,ZERO_INTENT,3.4576320838928183,0,,,,
0.31666666666666665,-64.0,-11.2,2.8,0.0,0.0,0.0,0.0,0.0,0.0,ZERO_INTENT,3.4576320838928183,0,,,,
0.3333333333333333,-64.0,-11.2,2.8,0.0,0.0,0.0,0.0,0.0,0.0,ZERO_INTENT,3.4576320838928183,0,,,,
0.35,-64.0,-11.2,2.8,0.0,0.0,0.0,0.0,0.0,0.0,ZERO_INTENT,3.4576320838928183,0,,,,
0.36666666666666664,-64.0,-11.2,2.8,0.0,0.0,0.0,0.0,0.0,0.0,ZERO_INTENT,3.4576320838928183,0,,,,
0.38333333333333336,-64.0,-11.2,2.8,0.0,0.0,0.0,0.0,0.0,0.0,ZERO_INTENT,3.4576320838928183,0,,,,
0.4,-64.0,-11.2,2.8,0.0,0.0,0.0,0.0,0.0,0.0,ZERO_INTENT,3.4576320838928183,0,,,,
0.4166666666666667,-64.0,-11.2,2.8,0.0,0.0,0.0,0.0,0.0,0.0,ZERO_INTENT,3.4576320838928183,0,,,,
0.43333333333333335,-64.0,-11.2,2.8,0.0,0.0,0.0,0.0,0.0,0.0,ZERO_INTENT,3.4576320838928183,0,,,,
0.45,-64.0,-11.2,2.8,0.0,0.0,0.0,0.0,0.0,0.0,ZERO_INTENT,3.4576320838928183,0,,,,
0.4666666666666667,-64.0,-11.2,2.8,0.0,0.0,0.0,0.0,0.0,0.0,ZERO_INTENT,3.4576320838928183,0,,,,
0.48333333333333334,-64.0,-11.2,2.8,0.0,0.0,0.0,0.0,0.0,0.0,ZERO_INTENT,3.4576320838928183,0,,,,
0.5,-64.0,-11.2,2.8,0.0,0.0,0.0,0.0,0.0,0.0,ZERO_INTENT,3.4576320838928183,0,,,,
0.5166666666666667,-64.0,-11.2,2.8,0.0,0.0,0.0,0.0,0.0,0.0,ZERO_INTENT,3.4576320838928183,0,,,,
0.5333333333333333,-64.0,-11.2,2.8,0.0,0.0,0.0,0.0,0.0,0.0,ZERO_INTENT,3.4576320838928183,0,,,,
0.55,-64.0,-11.2,2.8,0.0,0.0,0.0,0.0,0.0,0.0,ZERO_INTENT,3.4576320838928183,0,,,,
0.5666666666666667,-64.0,-11.2,2.8,0.0,0.0,0.0,0.0,0.0,0.0,ZERO_INTENT,3.4576320838928183,0,,,,
0.5833333333333334,-64.0,-11.2,2.8,0.0,0.0,0.0,0.0,0.0,0.0,ZERO_INTENT,3.4576320838928183,0,,,,
0.6,-64.0,-11.2,2.8,0.0,0.0,0.0,0.0,0.0,0.0,ZERO_INTENT,3.4576320838928183,0,,,,
0.6166666666666667,-64.0,-11.2,2.8,0.0,0.0,0.0,0.0,0.0,0.0,ZERO_INTENT,3.4576320838928183,0,,,,
0.6333333333333333,-64.0,-11.2,2.8,0.0,0.0,0.0,0.0,0.0,0.0,ZERO_INTENT,3.4576320838928183,0,,,,
0.65,-64.0,-11.2,2.8,0.0,0.0,0.0,0.0,0.0,0.0,ZERO_INTENT,3.4576320838928183,0,,,,
0.6666666666666666,-64.0,-11.2,2.8,0.0,0.0,0.0,0.0,0.0,0.0,ZERO_INTENT,3.4576320838928183,0,,,,
0.6833333333333333,-64.0,-11.2,2.8,0.0,0.0,0.0,0.0,0.0,0.0,ZERO_INTENT,3.4576320838928183,0,,,,
0.7,-64.0,-11.2,2.8,0.0,0.0,0.0,0.0,0.0,0.0,ZERO_INTENT,3.4576320838928183,0,,,,
0.7166666666666667,-64.0,-11.2,2.8,0.0,0.0,0.0,0.0,0.0,0.0,ZERO_INTENT,3.4576320838928183,0,,,,
0.7333333333333333,-64.0,-11.2,2.8,0.0,0.0,0.0,0.0,0.0,0.0,ZERO_INTENT,3.4576320838928183,0,,,,
0.75,-64.0,-11.2,2.8,0.0,0.0,0.0,0.0,0.0,0.0,ZERO_INTENT,3.4576320838928183,0,,,,
0.7666666666666667,-64.0,-11.2,2.8,0.0,0.0,0.0,0.0,0.0,0.0,ZERO_INTENT,3.4576320838928183,0,,,,
0.7833333333333333,-64.0,-11.2,2.8,0.0,0.0,0.0,0.0,0.0,0.0,ZERO_INTENT,3.4576320838928183,0,,,,
0.8,-64.0,-11.2,2.8,0.0,0.0,0.0,0.0,0.0,0.0,ZERO_INTENT,3.4576320838928183,0,,,,
0.8166666666666667,-64.0,-11.2,2.8,0.0,0.0,0.0,0.0,0.0,0.0,ZERO_INTENT,3.4576320838928183,0,,,,
0.8333333333333334,-64.0,-11.2,2.8,0.0,0.0,0.0,0.0,0.0,0.0,ZERO_INTENT,3.4576320838928183,0,,,,
0.85,-64.0,-11.2,2.8,0.0,0.0,0.0,0.0,0.0,0.0,ZERO_INTENT,3.4576320838928183,0,,,,
0.8666666666666667,-64.0,-11.2,2.8,0.0,0.0,0.0,0.0,0.0,0.0,ZERO_INTENT,3.4576320838928183,0,,,,
0.8833333333333333,-64.0,-11.2,2.8,0.0,0.0,0.0,0.0,0.0,0.0,ZERO_INTENT,3.4576320838928183,0,,,,
0.9,-64.0,-11.2,2.8,0.0,0.0,0.0,0.0,0.0,0.0,ZERO_INTENT,3.4576320838928183,0,,,,
0.9166666666666666,-64.0,-11.2,2.8,0.0,0.0,0.0,0.0,0.0,0.0,ZERO_INTENT,3.4576320838928183,0,,,,
0.9333333333333333,-64.0,-11.2,2.8,0.0,0.0,0.0,0.0,0.0,0.0,ZERO_INTENT,3.4576320838928183,0,,,,
0.95,-64.0,-11.2,2.8,0.0,0.0,0.0,0.0,0.0,0.0,ZERO_INTENT,3.4576320838928183,0,,,,
0.9666666666666667,-64.0,-11.2,2.8,0.0,0.0,0.0,0.0,0.0,0.0,ZERO_INTENT,3.4576320838928183,0,,,,
0.9833333333333333,-64.0,-11.2,2.8,0.0,0.0,0.0,0.0,0.0,0.0,ZERO_INTENT,3.4576320838928183,0,,,,
1.0,-64.0,-11.2,2.8,0.0,0.0,0.0,1.0,0.0,0.0,ZERO_INTENT,3.4576320838928183,0,,,,
1.0166666666666666,-64.0,-11.2,2.8,0.0,0.0,0.0,1.0,0.0,0.0,ZERO_INTENT,3.4576320838928183,0,,,,
1.0333333333333334,-63.99966666666667,-11.2,2.8,0.020000000000000195,0.0,0.0,1.0,0.0,0.0,ZERO_INTENT,3.4574158438046756,0,,,,
1.05,-63.999,-11.2,2.8,0.04000000000000012,0.0,0.0,1.0,0.0,0.0,ZERO_INTENT,3.4569833636283858,0,,,,
1.0666666666666667,-63.998000000000005,-11.2,2.8,0.060000000000000046,0.0,0.0,1.0,0.0,0.0,TARGET_HOLD,3.4563346433639524,0,,,,
1.0833333333333333,-63.99666666666667,-11.2,2.8,0.07999999999999997,0.0,0.0,1.0,0.0,0.0,TARGET_HOLD,3.455469683011371,0,1,0,0,0
1.1,-63.99566666666667,-11.2,2.8,0.059999999999999776,0.0,0.0,1.0,0.0,0.0,TARGET_HOLD,3.4548209627469384,0,1,0,0,0
1.1166666666666667,-63.99433333333334,-11.2,2.8,0.07999999999999971,0.0,0.0,1.0,0.0,0.0,TARGET_HOLD,3.4539560023943583,0,1,0,0,0
1.1333333333333333,-63.99266666666667,-11.2,2.8,0.09999999999999964,0.0,0.0,1.0,0.0,0.0,TARGET_HOLD,3.4528748019536337,0,1,0,0,0
1.15,-63.99066666666667,-11.2,2.8,0.11999999999999958,0.0,0.0,1.0,0.0,0.0,TARGET_HOLD,3.451577361424762,0,1,0,0,0
1.1666666666666667,-63.98833333333334,-11.2,2.8,0.13999999999999976,0.0,0.0,1.0,0.0,0.0,TARGET_HOLD,3.450063680807749,0,1,0,0,0
1.1833333333333333,-63.98566666666667,-11.2,2.8,0.1599999999999997,0.0,0.0,1.0,0.0,0.0,TARGET_HOLD,3.4483337601025874,0,1,0,0,0
1.2,-63.98266666666667,-11.2,2.8,0.17999999999999963,0.0,0.0,1.0,0.0,0.0,TARGET_HOLD,3.4463875993092827,0,1,0,0,0
1.2166666666666666,-63.97933333333334,-11.2,2.8,0.19999999999999957,0.0,0.0,1.0,0.0,0.0,TARGET_HOLD,3.4442251984278354,0,1,0,0,0
1.2333333333333334,-63.97566666666667,-11.2,2.8,0.21999999999999975,0.0,0.0,1.0,0.0,0.0,TARGET_HOLD,3.4418465574582395,0,1,0,0,0
1.25,-63.97166666666667,-11.2,2.8,0.23999999999999969,0.0,0.0,1.0,0.0,0.0,TARGET_HOLD,3.4392516764005028,0,1,0,0,0
1.2666666666666666,-63.967333333333336,-11.2,2.8,0.2599999999999996,0.0,0.0,1.0,0.0,0.0,TARGET_HOLD,3.436440555254617,0,1,0,0,0
1.2833333333333334,-63.96266666666667,-11.2,2.8,0.2799999999999998,0.0,0.0,1.0,0.0,0.0,TARGET_HOLD,3.433413194020589,0,1,0,0,0
1.3,-63.95766666666667,-11.2,2.8,0.2999999999999997,0.0,0.0,1.0,0.0,0.0,TARGET_HOLD,3.430169592698413,0,1,0,0,0
1.3166666666666667,-63.952333333333335,-11.2,2.8,0.3199999999999996,0.0,0.0,1.0,0.0,0.0,TARGET_HOLD,3.426709751288094,0,1,0,0,0
1.3333333333333333,-63.946666666666665,-11.2,2.8,0.3399999999999995,0.0,0.0,1.0,0.0,0.0,TARGET_HOLD,3.423033669789629,0,1,0,0,0
1.35,-63.940666666666665,-11.2,2.8,0.3599999999999997,0.0,0.0,1.0,0.0,0.0,TARGET_HOLD,3.419141348203019,0,1,0,0,0
1.3666666666666667,-63.934333333333335,-11.2,2.8,0.3799999999999996,0.0,0.0,1.0,0.0,0.0,TARGET_HOLD,3.4150327865282675,0,1,0,0,0
1.3833333333333333,-63.92766666666667,-11.2,2.8,0.3999999999999995,0.0,0.0,1.0,0.0,0.0,TARGET_HOLD,3.410707984765367,0,1,0,0,0
1.4,-63.92066666666667,-11.2,2.8,0.41999999999999943,0.0,0.0,1.0,0.0,0.0,TARGET_HOLD,3.4061669429143255,0,1,0,0,0
1.4166666666666667,-63.913333333333334,-11.2,2.8,0.4399999999999996,0.0,0.0,1.0,0.0,0.0,TARGET_HOLD,3.4014096609751365,0,1,0,0,0
1.4333333333333333,-63.90566666666667,-11.2,2.8,0.4599999999999995,0.0,0.0,1.0,0.0,0.0,TARGET_HOLD,3.3964361389478035,0,1,0,0,0
1.45,-63.897666666666666,-11.2,2.8,0.4799999999999994,0.0,0.0,1.0,0.0,0.0,TARGET_HOLD,3.391246376832322,0,1,0,0,0
1.4666666666666666,-63.88933333333333,-11.2,2.8,0.49999999999999933,0.0,0.0,1.0,0.0,0.0,TARGET_HOLD,3.3858403746287,0,1,0,0,0
1.4833333333333334,-63.88066666666666,-11.2,2.8,0.5199999999999996,0.0,0.0,1.0,0.0,0.0,TARGET_HOLD,3.3802181323369287,0,1,0,0,0
1.5,-63.87166666666666,-11.2,2.8,0.5399999999999995,0.0,0.0,1.0,0.0,0.0,TARGET_HOLD,3.374379649957016,0,1,0,0,0
1.5166666666666666,-63.86233333333333,-11.2,2.8,0.5599999999999994,0.0,0.0,1.0,0.0,0.0,TARGET_HOLD,3.3683249274889584,0,1,0,0,0
1.5333333333333334,-63.852666666666664,-11.2,2.8,0.5799999999999996,0.0,0.0,1.0,0.0,0.0,TARGET_HOLD,3.362053964932754,0,1,0,0,0
1.55,-63.842666666666666,-11.2,2.8,0.5999999999999995,0.0,0.0,1.0,0.0,0.0,TARGET_HOLD,3.3555667622884084,0,1,0,0,0
1.5666666666666667,-63.83233333333333,-11.2,2.8,0.6199999999999994,0.0,0.0,1.0,0.0,0.0,TARGET_HOLD,3.348863319555914,0,1,0,0,0
1.5833333333333333,-63.821666666666665,-11.2,2.8,0.6399999999999993,0.0,0.0,1.0,0.0,0.0,TARGET_HOLD,3.3419436367352766,0,1,0,0,0
1.6,-63.81066666666666,-11.2,2.8,0.6599999999999996,0.0,0.0,1.0,0.0,0.0,TARGET_HOLD,3.3348077138264904,0,1,0,0,0
1.6166666666666667,-63.79933333333333,-11.2,2.8,0.6799999999999995,0.0,0.0,1.0,0.0,0.0,TARGET_HOLD,3.3274555508295642,0,1,0,0,0
1.6333333333333333,-63.78766666666667,-11.2,2.8,0.6999999999999994,0.0,0.0,1.0,0.0,0.0,TARGET_HOLD,3.319887147744493,0,1,0,0,0
1.65,-63.775666666666666,-11.2,2.8,0.7199999999999993,0.0,0.0,1.0,0.0,0.0,TARGET_HOLD,3.312102504571275,0,1,0,0,0
1.6666666666666667,-63.763333333333335,-11.2,2.8,0.7399999999999995,0.0,0.0,1.0,0.0,0.0,TARGET_HOLD,3.3041016213099135,0,1,0,0,0
1.6833333333333333,-63.75067171717172,-11.2,2.8,0.7596969696969692,0.0,0.0,1.0,0.0,0.0,TARGET_HOLD,3.2958877743253794,0,1,0,0,0
1.7,-63.737706688093056,-11.2,2.8,0.777901744719926,0.0,0.0,1.0,0.0,0.0,TARGET_HOLD,3.287477097233062,0,1,0,0,0
1.7166666666666666,-63.72446123192439,-11.2,2.8,0.7947273701199316,0.0,0.0,1.0,0.0,0.0,TARGET_HOLD,3.278884501404764,0,1,0,0,0
1.7333333333333334,-63.710956593142235,-11.2,2.8,0.8102783269290278,0.0,0.0,1.0,0.0,0.0,TARGET_HOLD,3.2701237685629105,0,1,0,0,0
1.75,-63.69721240679308,-11.2,2.8,0.8246511809495559,0.0,0.0,1.0,0.0,0.0,TARGET_HOLD,3.2612076363600435,0,1,0,0,0
1.7666666666666666,-63.68324682041987,-11.2,2.8,0.8379351823927713,0.0,0.0,1.0,0.0,0.0,TARGET_HOLD,3.2521478774750268,0,1,0,0,0
1.7833333333333334,-63.669076606751695,-11.2,2.8,0.8502128200902888,0.0,0.0,1.0,0.0,0.0,TARGET_HOLD,3.242955372717112,0,1,0,0,0
1.8,-63.65471726785636,-11.2,2.8,0.8615603337198123,0.0,0.0,1.0,0.0,0.0,TARGET_HOLD,3.233640178591824,0,1,0,0,0
1.8166666666666667,-63.6401831314026,-11.2,2.8,0.8720481872258872,0.0,0.0,1.0,0.0,0.0,TARGET_HOLD,3.224211589748208,0,1,0,0,0
1.8333333333333333,-63.62548743962968,-11.2,2.8,0.8817415063754411,0.0,0.0,1.0,0.0,0.0,TARGET_HOLD,3.214678196695225,0,1,0,0,0
1.85,-63.61064243157693,-11.2,2.8,0.8907004831651806,0.0,0.0,1.0,0.0,0.0,TARGET_HOLD,3.205047939145707,0,1,0,0,0
1.8666666666666667,-63.595659419083724,-11.2,2.8,0.8989807495920608,0.0,0.0,1.0,0.0,0.0,TARGET_HOLD,3.195605056858833,0,1,0,0,0
1.8833333333333333,-63.58054885703193,-11.2,2.8,0.9066337231078136,0.0,0.0,1.0,0.0,0.0,TARGET_HOLD,3.186766487094839,0,1,0,0,0
1.9,-63.565320408266885,-11.2,2.8,0.9137069259026762,0.0,0.0,1.0,0.0,0.0,TARGET_HOLD,3.1778589622558666,0,1,0,0,0
1.9166666666666667,-63.549983003600204,-11.2,2.8,0.9202442800009584,0.0,0.0,1.0,0.0,0.0,TARGET_HOLD,3.1688877062112284,0,1,0,0,0
1.9333333333333333,-63.534544897266855,-11.2,2.8,0.9262863800008857,0.0,0.0,1.0,0.0,0.0,TARGET_HOLD,3.1598575470825656,0,1,0,0,0
1.95,-63.519013718180986,-11.2,2.8,0.9318707451523337,0.0,0.0,1.0,0.0,0.0,TARGET_HOLD,3.150772947224733,0,1,0,0,0
1.9666666666666666,-63.50339651730869,-11.2,2.8,0.937032052337763,0.0,0.0,1.0,0.0,0.0,TARGET_HOLD,3.1416380309353884,0,1,0,0,0
1.9833333333333334,-63.48769981145197,-11.2,2.8,0.941802351403084,0.0,0.0,1.0,0.0,0.0,TARGET_HOLD,3.132456610065409,0,1,0,0,0
2.0,-63.47192962371571,-11.2,2.8,0.9462112641755777,0.0,0.0,1.0,0.0,0.0,TARGET_HOLD,3.1232322076890844,0,1,0,0,0
2.0166666666666666,-63.45609152090896,-11.2,2.8,0.9502861684047006,0.0,0.0,1.0,0.0,0.0,TARGET_HOLD,3.113968079981136,0,1,0,0,0
2.033333333333333,-63.44019064811283,-11.2,2.8,0.9540523677679809,0.0,0.0,1.0,0.0,0.0,TARGET_HOLD,3.1046672364363865,0,1,0,0,0
2.05,-63.42423176062954,-11.2,2.8,0.9575332489976792,0.0,0.0,1.0,0.0,0.0,TARGET_HOLD,3.0953324585576225,0,1,0,0,0
2.066666666666667,-63.40821925351114,-11.2,2.8,0.9607504271039157,0.0,0.0,1.0,0.0,0.0,TARGET_HOLD,3.0859663171277236,0,1,0,0,0
2.0833333333333335,-63.39215718885121,-11.2,2.8,0.9637238795960432,0.0,0.0,1.0,0.0,0.0,TARGET_HOLD,3.0765711881732902,0,1,0,0,0
2.1,-63.37604932100894,-11.2,2.8,0.9664720705357369,0.0,0.0,1.0,0.0,0.0,TARGET_HOLD,3.0671492677189076,0,1,0,0,0
2.1166666666666667,-63.35989911992241,-11.2,2.8,0.9690120651921205,0.0,0.0,1.0,0.0,0.0,TARGET_HOLD,3.0577025854236677,0,1,0,0,0
2.1333333333333333,-63.34370979265556,-11.2,2.8,0.9713596360108993,0.0,0.0,1.0,0.0,0.0,TARGET_HOLD,3.0482330171845975,0,1,0,0,0
2.15,-63.327484303312964,-11.2,2.8,0.9735293605555281,0.0,0.0,1.0,0.0,0.0,TARGET_HOLD,3.0387422967853257,0,1,0,0,0
2.1666666666666665,-63.311225391445824,-11.2,2.8,0.9755347120285941,0.0,0.0,1.0,0.0,0.0,TARGET_HOLD,3.0292320266622332,0,1,0,0,0
2.183333333333333,-63.29493558906356,-11.2,2.8,0.9773881429355188,0.0,0.0,1.0,0.0,0.0,TARGET_HOLD,3.0197036878549977,0,1,0,0,0
2.2,-63.27861723635673,-11.2,2.8,0.9791011624101007,0.0,0.0,1.0,0.0,0.0,TARGET_HOLD,3.0101586492033325,0,1,0,0,0
2.216666666666667,-63.2622724962287,-11.2,2.8,0.9806844076820628,0.0,0.0,1.0,0.0,0.0,TARGET_HOLD,3.0005981758469633,0,1,0,0,0
2.2333333333333334,-63.24590336772653,-11.2,2.8,0.9821477101303914,0.0,0.0,1.0,0.0,0.0,TARGET_HOLD,2.9910234370817026,0,1,0,0,0
2.25,-63.22951169845432,-11.2,2.8,0.9835001563326344,0.0,0.0,1.0,0.0,0.0,TARGET_HOLD,2.9814355136203443,0,1,0,0,0
2.2666666666666666,-63.213099196046166,-11.2,2.8,0.984750144489253,0.0,0.0,1.0,0.0,0.0,TARGET_HOLD,2.971835404303504,0,1,0,0,0
2.283333333333333,-63.19666743876994,-11.2,2.8,0.9859054365734005,0.0,0.0,1.0,0.0,0.0,TARGET_HOLD,2.962089978738136,0,1,0,0,0
2.3,-63.18021788532778,-11.2,2.8,0.986973206529961,0.0,0.0,1.0,0.0,0.0,TARGET_HOLD,2.9518065076388185,0,1,0,0,0
2.316666666666667,-63.16375188391406,-11.2,2.8,0.9879600848231458,0.0,0.0,1.0,0.0,0.0,TARGET_HOLD,2.9415127540573245,0,1,0,0,0
2.3333333333333335,-63.14727068058724,-11.2,2.8,0.9888721996092711,0.0,0.0,1.0,0.0,0.0,TARGET_HOLD,2.9312094969695743,0,1,0,0,0
2.35,-63.1307754270074,-11.2,2.8,0.9897152147903869,0.0,0.0,1.0,0.0,0.0,TARGET_HOLD,2.9208974563381624,0,1,0,0,0
2.3666666666666667,-63.11426718758765,-11.2,2.8,0.9904943651850546,0.0,0.0,1.0,0.0,0.0,TARGET_HOLD,2.9105772975830653,0,1,0,0,0
2.3833333333333333,-63.09774694610374,-11.2,2.8,0.9912144890346717,0.0,0.0,1.0,0.0,0.0,TARGET_HOLD,2.9002496357136525,0,1,0,0,0
2.4,-63.08121561180295,-11.2,2.8,0.9918800580471966,0.0,0.0,1.0,0.0,0.0,TARGET_HOLD,2.8899150391476733,0,1,0,0,0
2.4166666666666665,-63.06467402505021,-11.2,2.8,0.9924952051648332,0.0,0.0,1.0,0.0,0.0,TARGET_HOLD,2.879574033240931,0,1,0,0,0
2.433333333333333,-63.04812296254641,-11.2,2.8,0.9930637502281034,0.0,0.0,1.0,0.0,0.0,TARGET_HOLD,2.869227103549544,0,1,0,0,0
2.45,-63.03156314215148,-11.2,2.8,0.9935892236956714,0.0,0.0,1.0,0.0,0.0,TARGET_HOLD,2.8588746988450704,0,1,0,0,0
2.466666666666667,-63.01499522734202,-11.2,2.8,0.9940748885672114,0.0,0.0,1.0,0.0,0.0,TARGET_HOLD,2.848517233901234,0,1,0,0,0
2.4833333333333334,-62.99841983133126,-11.2,2.8,0.9945237606454529,0.0,0.0,1.0,0.0,0.0,TARGET_HOLD,2.8381550920695013,0,1,0,0,0
2.5,-62.98183752087687,-11.2,2.8,0.9949386272632216,0.0,0.0,1.0,0.0,0.0,TARGET_HOLD,2.827788627659563,0,1,0,0,0
2.5166666666666666,-62.965248819800344,-11.2,2.8,0.9953220645917654,0.0,0.0,1.0,0.0,0.0,TARGET_HOLD,2.8174181681394628,0,1,0,0,0
2.533333333333333,-62.94865421223972,-11.2,2.8,0.9956764536378439,0.0,0.0,1.0,0.0,0.0,TARGET_HOLD,2.807044016169064,0,1,0,0,0
2.55,-62.93239293801242,-11.2,2.8,0.9756764536378439,0.0,0.0,1.0,0.0,0.0,TARGET_HOLD,2.7968782481959455,0,1,0,0,0
2.566666666666667,-62.91646499711845,-11.2,2.8,0.9556764536378435,0.0,0.0,1.0,0.0,0.0,OUTSIDE_FLOW_BOX,2.786920864220105,0,1,0,0,0
2.5833333333333335,-62.900870389557824,-11.2,2.8,0.9356764536378436,0.0,0.0,1.0,0.0,0.0,OUTSIDE_FLOW_BOX,2.777171864241549,0,1,0,0,0
2.6,-62.885609115330524,-11.2,2.8,0.9156764536378437,0.0,0.0,1.0,0.0,0.0,OUTSIDE_FLOW_BOX,2.767631248260273,0,1,0,0,0
2.6166666666666667,-62.87068117443656,-11.2,2.8,0.8956764536378438,0.0,0.0,1.0,0.0,0.0,OUTSIDE_FLOW_BOX,2.7582990162762813,0,1,0,0,0
2.6333333333333333,-62.85608656687593,-11.2,2.8,0.8756764536378439,0.0,0.0,1.0,0.0,0.0,OUTSIDE_FLOW_BOX,2.7491751682895678,0,1,0,0,0
2.65,-62.841825292648636,-11.2,2.8,0.855676453637844,0.0,0.0,1.0,0.0,0.0,OUTSIDE_FLOW_BOX,2.740259704300138,0,1,0,0,0
2.6666666666666665,-62.82789735175467,-11.2,2.8,0.835676453637844,0.0,0.0,1.0,0.0,0.0,OUTSIDE_FLOW_BOX,2.7315526243079886,0,1,0,0,0
2.683333333333333,-62.81430274419404,-11.2,2.8,0.8156764536378441,0.0,0.0,1.0,0.0,0.0,OUTSIDE_FLOW_BOX,2.7230539283131185,0,1,0,0,0
2.7,-62.80104146996674,-11.2,2.8,0.7956764536378437,0.0,0.0,1.0,0.0,0.0,OUTSIDE_FLOW_BOX,2.714763616315533,0,1,0,0,0
2.716666666666667,-62.788113529072774,-11.2,2.8,0.7756764536378438,0.0,0.0,1.0,0.0,0.0,OUTSIDE_FLOW_BOX,2.7060887964831863,0,1,0,0,0
2.7333333333333334,-62.775518921512145,-11.2,2.8,0.7556764536378439,0.0,0.0,1.0,0.0,0.0,OUTSIDE_FLOW_BOX,2.6975870391108514,0,1,0,0,0
2.75,-62.763257647284846,-11.2,2.8,0.735676453637844,0.0,0.0,1.0,0.0,0.0,OUTSIDE_FLOW_BOX,2.689310292252774,0,1,0,0,0
2.7666666666666666,-62.751329706390884,-11.2,2.8,0.715676453637844,0.0,0.0,1.0,0.0,0.0,OUTSIDE_FLOW_BOX,2.681258555908958,0,1,0,0,0
2.783333333333333,-62.739068432163585,-11.2,2.8,0.735676453637844,0.0,0.0,1.0,0.0,0.0,OUTSIDE_FLOW_BOX,2.67298180905088,0,1,0,0,0
2.8,-62.726473824602955,-11.2,2.8,0.7556764536378439,0.0,0.0,1.0,0.0,0.0,OUTSIDE_FLOW_BOX,2.6644800516785443,0,1,0,0,0
2.816666666666667,-62.71357072771611,-11.2,2.8,0.7741858132107349,0.0,0.0,1.0,0.0,0.0,TARGET_HOLD,2.6557700542804032,0,1,0,0,0
2.8333333333333335,-62.700382511906554,-11.2,2.8,0.7912929485735579,0.0,0.0,1.0,0.0,0.0,TARGET_HOLD,2.646867592615988,0,1,0,0,0
2.85,-62.68693077709267,-11.2,2.8,0.8071040888331368,0.0,0.0,1.0,0.0,0.0,TARGET_HOLD,2.637787247311532,0,1,0,0,0
2.8666666666666667,-62.67323548683539,-11.2,2.8,0.821717415436687,0.0,0.0,1.0,0.0,0.0,TARGET_HOLD,2.6285424944003672,0,1,0,0,0
2.8833333333333333,-62.659315092304674,-11.2,2.8,0.8352236718429985,0.0,0.0,1.0,0.0,0.0,TARGET_HOLD,2.6191457890042202,0,1,0,0,0
2.9,-62.64518664685457,-11.2,2.8,0.8477067270064077,0.0,0.0,1.0,0.0,0.0,TARGET_HOLD,2.60960864267498,0,1,0,0,0
2.9166666666666665,-62.630865911918356,-11.2,2.8,0.8592440961725889,0.0,0.0,1.0,0.0,0.0,TARGET_HOLD,2.599941694877274,0,1,0,0,0
2.933333333333333,-62.616367454881356,-11.2,2.8,0.86990742222012,0.0,0.0,1.0,0.0,0.0,TARGET_HOLD,2.5901547790556863,0,1,0,0,0
2.95,-62.60170473953907,-11.2,2.8,0.8797629205367777,0.0,0.0,1.0,0.0,0.0,TARGET_HOLD,2.58025698369687,0,1,0,0,0
2.966666666666667,-62.586890209702524,-11.2,2.8,0.8888717901930824,0.0,0.0,1.0,0.0,0.0,TARGET_HOLD,2.5702567087657746,0,1,0,0,0
2.9833333333333334,-62.57193536646975,-11.2,2.8,0.8972905939663337,0.0,0.0,1.0,0.0,0.0,TARGET_HOLD,2.5601617178663525,0,1,0,0,0
3.0,-62.5568508396435,-11.2,2.8,0.9050716095749448,0.0,0.0,1.0,0.0,0.0,TARGET_HOLD,2.5499791864507517,0,1,0,0,0
3.0166666666666666,-62.54164645373844,-11.2,2.8,0.9122631543041156,0.0,0.0,1.0,0.0,0.0,TARGET_HOLD,2.5397157463762636,0,1,0,0,0
3.033333333333333,-62.52633128898779,-11.2,2.8,0.9189098850386523,0.0,0.0,1.0,0.0,0.0,TARGET_HOLD,2.5293775270867354,0,1,0,0,0
3.05,-62.51091373772836,-11.2,2.8,0.9250530755660271,0.0,0.0,1.0,0.0,0.0,TARGET_HOLD,2.5189701936742215,0,1,0,0,0
3.066666666666667,-62.49540155651383,-11.2,2.8,0.9307308728716313,0.0,0.0,1.0,0.0,0.0,TARGET_HOLD,2.5084989820571297,0,1,0,0,0
3.0833333333333335,-62.4798019142802,-11.2,2.8,0.9359785340177198,0.0,0.0,1.0,0.0,0.0,TARGET_HOLD,2.497968731493376,0,1,0,0,0
3.1,-62.46412143686225,-11.2,2.8,0.9408286450769834,0.0,0.0,1.0,0.0,0.0,TARGET_HOLD,2.48738391463044,0,1,0,0,0
3.1166666666666667,-62.44836624813758,-11.2,2.8,0.9453113234802422,0.0,0.0,1.0,0.0,0.0,TARGET_HOLD,2.4767486652788686,0,1,0,0,0
3.1333333333333333,-62.432542008053666,-11.2,2.8,0.9494544050347693,0.0,0.0,1.0,0.0,0.0,TARGET_HOLD,2.4660668040817333,0,1,0,0,0
3.15,-62.41665394777409,-11.2,2.8,0.9532836167745595,0.0,0.0,1.0,0.0,0.0,TARGET_HOLD,2.4553418622394587,0,1,0,0,0
3.1666666666666665,-62.400706902162156,-11.2,2.8,0.9568227367158808,0.0,0.0,1.0,0.0,0.0,TARGET_HOLD,2.444577103437285,0,1,0,0,0
3.183333333333333,-62.38470533980365,-11.2,2.8,0.9600937415101323,0.0,0.0,1.0,0.0,0.0,TARGET_HOLD,2.4338705271317442,0,1,0,0,0
3.2,-62.368653390755135,-11.2,2.8,0.9631169429108799,0.0,0.0,1.0,0.0,0.0,TARGET_HOLD,2.4231346411423496,0,1,0,0,0
3.216666666666667,-62.35255487219009,-11.2,2.8,0.9659111139024799,0.0,0.0,1.0,0.0,0.0,TARGET_HOLD,2.4123676084667482,0,1,0,0,0
3.2333333333333334,-62.3364133121022,-11.2,2.8,0.9684936052735041,0.0,0.0,1.0,0.0,0.0,TARGET_HOLD,2.401571788702385,0,1,0,0,0
3.25,-62.32023197121289,-11.2,2.8,0.9708804533588448,0.0,0.0,1.0,0.0,0.0,TARGET_HOLD,2.3907493626893124,0,1,0,0,0
3.2666666666666666,-62.30401386321923,-11.2,2.8,0.9730864796195383,0.0,0.0,1.0,0.0,0.0,TARGET_HOLD,2.3799023460524333,0,1,0,0,0
3.283333333333333,-62.287761773507924,-11.2,2.8,0.9751253826786642,0.0,0.0,1.0,0.0,0.0,TARGET_HOLD,2.3690326017177945,0,1,0,0,0
3.3,-62.27147827645151,-11.2,2.8,0.977009823384826,0.0,0.0,1.0,0.0,0.0,TARGET_HOLD,2.35814185148068,0,1,0,0,0
3.316666666666667,-62.25516575139432,-11.2,2.8,0.9787515034314301,0.0,0.0,1.0,0.0,0.0,TARGET_HOLD,2.3472316866973393,0,1,0,0,0
3.3333333333333335,-62.238826397427324,-11.2,2.8,0.9803612380199581,0.0,0.0,1.0,0.0,0.0,TARGET_HOLD,2.3363035781667265,0,1,0,0,0
3.35,-62.22246224704369,-11.2,2.8,0.9818490230184461,0.0,0.0,1.0,0.0,0.0,TARGET_HOLD,2.3253588852636384,0,1,0,0,0
3.3666666666666667,-62.20607517875982,-11.2,2.8,0.9832240970322002,0.0,0.0,1.0,0.0,0.0,TARGET_HOLD,2.3143988643799243,0,1,0,0,0
3.3833333333333333,-62.189666928780284,-11.2,2.8,0.9844949987721849,0.0,0.0,1.0,0.0,0.0,TARGET_HOLD,2.3034246767262423,0,1,0,0,0
3.4,-62.173239101779,-11.2,2.8,0.9856696200773224,0.0,0.0,1.0,0.0,0.0,TARGET_HOLD,2.2924373955427404,0,1,0,0,0
3.4166666666666665,-62.156793180863666,-11.2,2.8,0.9867552549199495,0.0,0.0,1.0,0.0,0.0,TARGET_HOLD,2.2814380127634952,0,1,0,0,0
3.433333333333333,-62.140330536785356,-11.2,2.8,0.9877586446987412,0.0,0.0,1.0,0.0,0.0,TARGET_HOLD,2.2704274451760615,0,1,0,0,0
3.45,-62.12385243645035,-11.2,2.8,0.9886860201003518,0.0,0.0,1.0,0.0,0.0,TARGET_HOLD,2.259406540114393,0,1,0,0,0
3.466666666666667,-62.107360050787186,-11.2,2.8,0.9895431397897191,0.0,0.0,1.0,0.0,0.0,TARGET_HOLD,2.24837608072048,0,1,0,0,0
3.4833333333333334,-62.090854462017695,-11.2,2.8,0.9903353261692858,0.0,0.0,1.0,0.0,0.0,TARGET_HOLD,2.237336790807368,0,1,0,0,0
3.5,-62.07433667037721,-11.2,2.8,0.9910674984291884,0.0,0.0,1.0,0.0,0.0,TARGET_HOLD,2.226289339353785,0,1,0,0,0
3.5166666666666666,-62.057807600325646,-11.2,2.8,0.9917442030936439,0.0,0.0,1.0,0.0,0.0,TARGET_HOLD,2.215234344658254,0,1,0,0,0
3.533333333333333,-62.04126810628809,-11.2,2.8,0.9923696422532163,0.0,0.0,1.0,0.0,0.0,TARGET_HOLD,2.2041723781785008,0,1,0,0,0
3.55,-62.024718977960454,-11.2,2.8,0.9929476996582757,0.0,0.0,1.0,0.0,0.0,TARGET_HOLD,2.193103968079989,0,1,0,0,0
3.566666666666667,-62.00816094521319,-11.2,2.8,0.9934819648356791,0.0,0.0,1.0,0.0,0.0,TARGET_HOLD,2.1820296025156583,0,1,0,0,0
3.5833333333333335,-61.99159468262355,-11.2,2.8,0.9939757553784306,0.0,0.0,1.0,0.0,0.0,TARGET_HOLD,2.1710180985653804,0,1,0,0,0
3.6,-61.975020813664436,-11.2,2.8,0.9944321375467313,0.0,0.0,1.0,0.0,0.0,TARGET_HOLD,2.1600679474510778,0,1,0,0,0
3.6166666666666667,-61.95843991457596,-11.2,2.8,0.9948539453083426,0.0,0.0,1.0,0.0,0.0,TARGET_HOLD,2.1491131516168824,0,1,0,0,0
3.6333333333333333,-61.94185251794369,-11.2,2.8,0.9952437979364984,0.0,0.0,1.0,0.0,0.0,TARGET_HOLD,2.1381540629355156,0,1,0,0,0
3.65,-61.925259116005776,-11.2,2.8,0.9956041162746425,0.0,0.0,1.0,0.0,0.0,TARGET_HOLD,2.1271910066226694,0,1,0,0,0
3.6666666666666665,-61.90866016370963,-11.2,2.8,0.9959371377689877,0.0,0.0,1.0,0.0,0.0,TARGET_HOLD,2.116224283256488,0,1,0,0,0
3.683333333333333,-61.89205608153692,-11.2,2.8,0.9962449303622463,0.0,0.0,1.0,0.0,0.0,TARGET_HOLD,2.105254170644041,0,1,0,0,0
3.7,-61.875447258114676,-11.2,2.8,0.9965294053348034,0.0,0.0,1.0,0.0,0.0,TARGET_HOLD,2.0942809255464105,0,1,0,0,0
3.716666666666667,-61.85883405262846,-11.2,2.8,0.9967923291730758,0.0,0.0,1.0,0.0,0.0,TARGET_HOLD,2.0833047852730817,0,1,0,0,0
3.7333333333333334,-61.842216797052814,-11.2,2.8,0.9970353345387519,0.0,0.0,1.0,0.0,0.0,TARGET_HOLD,2.0723259691555405,0,1,0,0,0
3.75,-61.825595798212696,-11.2,2.8,0.9972599304070283,0.0,0.0,1.0,0.0,0.0,TARGET_HOLD,2.0613446799092636,0,1,0,0,0
3.7666666666666666,-61.808971339688746,-11.2,2.8,0.9974675114367989,0.0,0.0,1.0,0.0,0.0,TARGET_HOLD,2.0503611048924837,0,1,0,0,0
3.783333333333333,-61.79234368357823,-11.2,2.8,0.9976593666309808,0.0,0.0,1.0,0.0,0.0,TARGET_HOLD,2.0393754172696386,0,1,0,0,0
3.8,-61.77571307212255,-11.2,2.8,0.9978366873407549,0.0,0.0,1.0,0.0,0.0,TARGET_HOLD,2.0283877770866363,0,1,0,0,0
3.816666666666667,-61.75907972921149,-11.2,2.8,0.998000574663425,0.0,0.0,1.0,0.0,0.0,TARGET_HOLD,2.017398332264705,0,1,0,0,0
3.8333333333333335,-61.742443861773495,-11.2,2.8,0.9981520462798321,0.0,0.0,1.0,0.0,0.0,TARGET_HOLD,2.006407219518914,0,1,0,0,0
3.85,-61.7258056610606,-11.2,2.8,0.9982920427737842,0.0,0.0,1.0,0.0,0.0,TARGET_HOLD,1.9954145652071325,0,1,0,0,0
3.8666666666666667,-61.70916530383605,-11.2,2.8,0.99842143347274,0.0,0.0,1.0,0.0,0.0,TARGET_HOLD,1.9844204861146606,0,1,0,0,0
3.8833333333333333,-61.69252295347195,-11.2,2.8,0.9985410218460173,0.0,0.0,1.0,0.0,0.0,TARGET_HOLD,1.9734250901794295,0,1,0,0,0
3.9,-61.67587876096372,-11.2,2.8,0.9986515504940463,0.0,0.0,1.0,0.0,0.0,TARGET_HOLD,1.9624284771622595,0,1,0,0,0
3.9166666666666665,-61.65923286586773,-11.2,2.8,0.9987537057596488,0.0,0.0,1.0,0.0,0.0,TARGET_HOLD,1.9514307392663235,0,1,0,0,0
3.933333333333333,-61.6425853971679,-11.2,2.8,0.9988481219899785,0.0,0.0,1.0,0.0,0.0,TARGET_HOLD,1.9404319617097094,0,1,0,0,0
3.95,-61.62593647407664,-11.2,2.8,0.9989353854755862,0.0,0.0,1.0,0.0,0.0,TARGET_HOLD,1.929432223254587,0,1,0,0,0
3.966666666666667,-61.609286206775124,-11.2,2.8,0.9990160380910721,0.0,0.0,1.0,0.0,0.0,TARGET_HOLD,1.9184315966963048,0,1,0,0,0
3.9833333333333334,-61.59263469709746,-11.2,2.8,0.9990905806599303,0.0,0.0,1.0,0.0,0.0,TARGET_HOLD,1.9081374147457417,0,1,0,0,0
4.0,-61.57598203916305,-11.2,2.8,0.999159476064481,0.0,0.0,1.0,0.0,0.0,TARGET_HOLD,1.8987343078308552,0,1,0,0,0
4.016666666666667,-61.55932831996105,-11.2,2.8,0.9992231521202021,0.0,0.0,1.0,0.0,0.0,TARGET_HOLD,1.8893306016595197,0,1,0,0,0
4.033333333333333,-61.54267361989051,-11.2,2.8,0.999282004232308,0.0,0.0,1.0,0.0,0.0,TARGET_HOLD,1.8799263416299499,0,1,0,0,0
4.05,-61.52601801325966,-11.2,2.8,0.9993363978510725,0.0,0.0,1.0,0.0,0.0,TARGET_HOLD,1.8705215697011064,0,1,0,0,0
4.066666666666666,-61.50936156874731,-11.2,2.8,0.9993866707411428,0.0,0.0,1.0,0.0,0.0,TARGET_HOLD,1.8611163246532345,0,1,0,0,0
4.083333333333333,-61.492704349829324,-11.2,2.8,0.999433135078935,0.0,0.0,1.0,0.0,0.0,TARGET_HOLD,1.8517106423286824,0,1,0,0,0
4.1,-61.4760464151728,-11.2,2.8,0.9994760793911369,0.0,0.0,1.0,0.0,0.0,TARGET_HOLD,1.8423045558544735,0,1,0,0,0
4.116666666666666,-61.45938781900036,-11.2,2.8,0.9995157703463539,0.0,0.0,1.0,0.0,0.0,TARGET_HOLD,1.832898095848008,0,1,0,0,0
4.133333333333334,-61.442728611426844,-11.2,2.8,0.999552454411024,0.0,0.0,1.0,0.0,0.0,TARGET_HOLD,1.8234912906071812,0,1,0,0,0
4.15,-61.42606883877051,-11.2,2.8,0.9995863593798858,0.0,0.0,1.0,0.0,0.0,TARGET_HOLD,1.814084166286114,0,1,0,0,0
4.166666666666667,-61.40940854384067,-11.2,2.8,0.9996176957905005,0.0,0.0,1.0,0.0,0.0,TARGET_HOLD,1.8046767470575493,0,1,0,0,0
4.183333333333334,-61.39274776620349,-11.2,2.8,0.9996466582306142,0.0,0.0,1.0,0.0,0.0,TARGET_HOLD,1.7952690552629682,0,1,0,0,0
4.2,-61.376086542427714,-11.2,2.8,0.9996734265464767,0.0,0.0,1.0,0.0,0.0,TARGET_HOLD,1.7858611115513043,0,1,0,0,0
4.216666666666667,-61.35942490631172,-11.2,2.8,0.9996981669596224,0.0,0.0,1.0,0.0,0.0,TARGET_HOLD,1.7764529350071951,0,1,0,0,0
4.233333333333333,-61.34276288909341,-11.2,2.8,0.999721033099045,0.0,0.0,1.0,0.0,0.0,TARGET_HOLD,1.7670445432694541,0,1,0,0,0
4.25,-61.32610051964416,-11.2,2.8,0.999742166955178,0.0,0.0,1.0,0.0,0.0,TARGET_HOLD,1.757635952640633,0,1,0,0,0
4.266666666666667,-61.30943782464813,-11.2,2.8,0.9997616997616039,0.0,0.0,1.0,0.0,0.0,TARGET_HOLD,1.7482271781882344,0,1,0,0,0
4.283333333333333,-61.29277482876796,-11.2,2.8,0.9997797528099672,0.0,0.0,1.0,0.0,0.0,TARGET_HOLD,1.7388182338382885,0,1,0,0,0
4.3,-61.27611155479791,-11.2,2.8,0.9997964382031516,0.0,0.0,1.0,0.0,0.0,TARGET_HOLD,1.7294091324618228,0,1,0,0,0
4.316666666666666,-61.25944802380538,-11.2,2.8,0.9998118595513976,0.0,0.0,1.0,0.0,0.0,TARGET_HOLD,1.719999885954786,0,1,0,0,0
4.333333333333333,-61.24278425526179,-11.2,2.8,0.9998261126156857,0.0,0.0,1.0,0.0,0.0,TARGET_HOLD,1.710590505311917,0,1,0,0,0
4.35,-61.22612026716342,-11.2,2.8,0.9998392859023761,0.0,0.0,1.0,0.0,0.0,TARGET_HOLD,1.7011810006950219,0,1,0,0,0
4.366666666666666,-61.209456076143205,-11.2,2.8,0.9998514612128022,0.0,0.0,1.0,0.0,0.0,TARGET_HOLD,1.691771381496073,0,1,0,0,0
4.383333333333334,-61.192791697574016,-11.2,2.8,0.9998627141512263,0.0,0.0,1.0,0.0,0.0,TARGET_HOLD,1.682604908228429,0,1,0,0,0
4.4,-61.17612714566411,-11.2,2.8,0.9998731145943152,0.0,0.0,1.0,0.0,0.0,TARGET_HOLD,1.6737574482795727,0,1,0,0,0
4.416666666666667,-61.15946243354536,-11.2,2.8,0.9998827271250489,0.0,0.0,1.0,0.0,0.0,TARGET_HOLD,1.6649099032734425,0,1,0,0,0
4.433333333333334,-61.1427975733548,-11.2,2.8,0.9998916114337573,0.0,0.0,1.0,0.0,0.0,TARGET_HOLD,1.6560622796537747,0,1,0,0,0
4.45,-61.126132576309985,-11.2,2.8,0.9998998226887756,0.0,0.0,1.0,0.0,0.0,TARGET_HOLD,1.6472145833761358,0,1,0,0,0
4.466666666666667,-61.10946745277867,-11.2,2.8,0.9999074118790199,0.0,0.0,1.0,0.0,0.0,TARGET_HOLD,1.6383668199449204,0,1,0,0,0
4.483333333333333,-61.09280221234316,-11.2,2.8,0.9999144261306093,0.0,0.0,1.0,0.0,0.0,TARGET_HOLD,1.6295189944475195,0,1,0,0,0
4.5,-61.07613686385984,-11.2,2.8,0.9999209089995026,0.0,0.0,1.0,0.0,0.0,TARGET_HOLD,1.620671111585919,0,1,0,0,0
4.516666666666667,-61.05947141551414,-11.2,2.8,0.9999269007419646,0.0,0.0,1.0,0.0,0.0,TARGET_HOLD,1.6118231757058874,0,1,0,0,0
4.533333333333333,-61.0428058748714,-11.2,2.8,0.999932438564543,0.0,0.0,1.0,0.0,0.0,TARGET_HOLD,1.602975190823976,0,1,0,0,0
4.55,-61.02614024892381,-11.2,2.8,0.9999375568551079,0.0,0.0,1.0,0.0,0.0,TARGET_HOLD,1.594127160652444,0,1,0,0,0
4.566666666666666,-61.00947454413387,-11.2,2.8,0.9999422873963876,0.0,0.0,1.0,0.0,0.0,TARGET_HOLD,1.5852790886223302,0,1,0,0,0
4.583333333333333,-60.99280876647448,-11.2,2.8,0.999946659563328,0.0,0.0,1.0,0.0,0.0,TARGET_HOLD,1.576430977904732,0,1,0,0,0
4.6,-60.97614292146606,-11.2,2.8,0.9999507005055001,0.0,0.0,1.0,0.0,0.0,TARGET_HOLD,1.5675828314305251,0,1,0,0,0
4.616666666666666,-60.9594770142108,-11.2,2.8,0.9999544353156894,0.0,0.0,1.0,0.0,0.0,TARGET_HOLD,1.558734651908542,0,1,0,0,0
4.633333333333334,-60.94314444028887,-11.2,2.8,0.9799544353156884,0.0,0.0,1.0,0.0,0.0,TARGET_HOLD,1.5500634440406542,0,1,0,0,0
4.65,-60.92714519970028,-11.2,2.8,0.9599544353156885,0.0,0.0,1.0,0.0,0.0,OUTSIDE_FLOW_BOX,1.5415692078268655,0,1,0,0,0
4.666666666666667,-60.911479292445016,-11.2,2.8,0.9399544353156886,0.0,0.0,1.0,0.0,0.0,OUTSIDE_FLOW_BOX,1.5332519432671736,0,1,0,0,0
4.683333333333334,-60.896146718523084,-11.2,2.8,0.9199544353156887,0.0,0.0,1.0,0.0,0.0,OUTSIDE_FLOW_BOX,1.5251116503615756,0,1,0,0,0
4.7,-60.88114747793449,-11.2,2.8,0.8999544353156887,0.0,0.0,1.0,0.0,0.0,OUTSIDE_FLOW_BOX,1.517148329110078,0,1,0,0,0
4.716666666666667,-60.86648157067923,-11.2,2.8,0.8799544353156888,0.0,0.0,1.0,0.0,0.0,OUTSIDE_FLOW_BOX,1.5093619795126758,0,1,0,0,0
4.733333333333333,-60.8521489967573,-11.2,2.8,0.8599544353156889,0.0,0.0,1.0,0.0,0.0,OUTSIDE_FLOW_BOX,1.5017526015693738,0,1,0,0,0
4.75,-60.83763959762744,-11.2,2.8,0.870563947791773,0.0,0.0,1.0,0.0,0.0,OUTSIDE_FLOW_BOX,1.4940493444774667,0,1,0,0,0
4.766666666666667,-60.82296676913872,-11.2,2.8,0.8803697093226993,0.0,0.0,1.0,0.0,0.0,TARGET_HOLD,1.4862593202936683,0,1,0,0,0
4.783333333333333,-60.808142892303195,-11.2,2.8,0.8894326101315857,0.0,0.0,1.0,0.0,0.0,TARGET_HOLD,1.4783891022825162,0,1,0,0,0
4.8,-60.79317941017743,-11.2,2.8,0.8978089275458595,0.0,0.0,1.0,0.0,0.0,TARGET_HOLD,1.4707498487361994,0,1,0,0,0
4.816666666666666,-60.77808689891978,-11.2,2.8,0.905550675459052,0.0,0.0,1.0,0.0,0.0,TARGET_HOLD,1.4634120923370277,0,1,0,0,0
4.833333333333333,-60.762875133464476,-11.2,2.8,0.9127059273182146,0.0,0.0,1.0,0.0,0.0,TARGET_HOLD,1.4560163563056374,0,1,0,0,0
4.85,-60.74755314822043,-11.2,2.8,0.9193191146425923,0.0,0.0,1.0,0.0,0.0,TARGET_HOLD,1.44856703303841,0,1,0,0,0
4.866666666666666,-60.732129293171646,-11.2,2.8,0.9254313029272444,0.0,0.0,1.0,0.0,0.0,TARGET_HOLD,1.441068182174425,0,1,0,0,0
4.883333333333334,-60.716611285727566,-11.2,2.8,0.9310804466448777,0.0,0.0,1.0,0.0,0.0,TARGET_HOLD,1.4335235558043444,0,1,0,0,0
4.9,-60.701006258645414,-11.2,2.8,0.9363016249293566,0.0,0.0,1.0,0.0,0.0,TARGET_HOLD,1.425936621769542,0,1,0,0,0
4.916666666666667,-60.68532080432201,-11.2,2.8,0.9411272594044053,0.0,0.0,1.0,0.0,0.0,TARGET_HOLD,1.4183105851961297,0,1,0,0,0
4.933333333333334,-60.669561015730174,-11.2,2.8,0.9455873155101322,0.0,0.0,1.0,0.0,0.0,TARGET_HOLD,1.4106484083976376,0,1,0,0,0
4.95,-60.65373252425388,-11.2,2.8,0.9497094885775464,0.0,0.0,1.0,0.0,0.0,TARGET_HOLD,1.402952829269907,0,1,0,0,0
4.966666666666667,-60.63784053465711,-11.2,2.8,0.9535193758065201,0.0,0.0,1.0,0.0,0.0,TARGET_HOLD,1.3952263782924268,0,1,0,0,0
4.983333333333333,-60.621889857403524,-11.2,2.8,0.9570406352151171,0.0,0.0,1.0,0.0,0.0,TARGET_HOLD,1.3874713942416912,0,1,0,0,0
5.0,-60.60588493852774,-11.2,2.8,0.9602951325473051,0.0,0.0,1.0,0.0,0.0,TARGET_HOLD,1.3796900387141595,0,1,0,0,0
5.016666666666667,-60.589829887243546,-11.2,2.8,0.9633030770512971,0.0,0.0,1.0,0.0,0.0,TARGET_HOLD,1.371884309548983,0,1,0,0,0
5.033333333333333,-60.573728501460685,-11.2,2.8,0.9660831469716534,0.0,0.0,1.0,0.0,0.0,TARGET_HOLD,1.3640560532338624,0,1,0,0,0
5.05,-60.55758429136844,-11.2,2.8,0.9686526055344069,0.0,0.0,1.0,0.0,0.0,TARGET_HOLD,1.356206976371064,0,1,0,0,0
5.066666666666666,-60.54140050123269,-11.2,2.8,0.9710274081454366,0.0,0.0,1.0,0.0,0.0,TARGET_HOLD,1.3483386562748105,0,1,0,0,0
5.083333333333333,-60.52518012954156,-11.2,2.8,0.973222301467752,0.0,0.0,1.0,0.0,0.0,TARGET_HOLD,1.340452550765817,0,1,0,0,0
5.1,-60.50892594762501,-11.2,2.8,0.9752509149929223,0.0,0.0,1.0,0.0,0.0,TARGET_HOLD,1.3325500072238314,0,1,0,0,0
5.116666666666666,-60.49264051686375,-11.2,2.8,0.9771258456752766,0.0,0.0,1.0,0.0,0.0,TARGET_HOLD,1.3246322709543872,0,1,0,0,0
5.133333333333334,-60.47632620459451,-11.2,2.8,0.9788587361544224,0.0,0.0,1.0,0.0,0.0,TARGET_HOLD,1.3167004929216848,0,1,0,0,0
5.15,-60.45998519881031,-11.2,2.8,0.9804603470518146,0.0,0.0,1.0,0.0,0.0,TARGET_HOLD,1.3087557368956697,0,1,0,0,0
5.166666666666667,-60.44361952174714,-11.2,2.8,0.9819406237903135,0.0,0.0,1.0,0.0,0.0,TARGET_HOLD,1.3007989860576537,0,1,0,0,0
5.183333333333334,-60.42723104244128,-11.2,2.8,0.9833087583516534,0.0,0.0,1.0,0.0,0.0,TARGET_HOLD,1.292831149105515,0,1,0,0,0
5.2,-60.41082148833536,-11.2,2.8,0.9845732463553161,0.0,0.0,1.0,0.0,0.0,TARGET_HOLD,1.2848530658963841,0,1,0,0,0
5.216666666666667,-60.394392456005136,-11.2,2.8,0.9857419398132466,0.0,0.0,1.0,0.0,0.0,TARGET_HOLD,1.2752410704959072,0,1,0,0,0
5.233333333333333,-60.37794542107367,-11.2,2.8,0.9868220958880007,0.0,0.0,1.0,0.0,0.0,TARGET_HOLD,1.2624802443887593,0,1,0,0,0
5.25,-60.361481747374384,-11.2,2.8,0.9878204219570916,0.0,0.0,1.0,0.0,0.0,TARGET_HOLD,1.2497065086949484,0,1,0,0,0
5.266666666666667,-60.34500269541999,-11.2,2.8,0.9887431172633726,0.0,0.0,1.0,0.0,0.0,TARGET_HOLD,1.2369208414134656,0,1,0,0,0
5.283333333333333,-60.32850943022982,-11.2,2.8,0.9895959114100868,0.0,0.0,1.0,0.0,0.0,TARGET_HOLD,1.2241241464524686,0,1,0,0,0
5.3,-60.31200302856416,-11.2,2.8,0.9903840999396257,0.0,0.0,1.0,0.0,0.0,TARGET_HOLD,1.211317259242224,0,1,0,0,0
5.316666666666666,-60.29548448561055,-11.2,2.8,0.9911125772169268,0.0,0.0,1.0,0.0,0.0,TARGET_HOLD,1.1985009519228296,0,1,0,0,0
5.333333333333333,-60.27895472116352,-11.2,2.8,0.9917858668217051,0.0,0.0,1.0,0.0,0.0,TARGET_HOLD,1.1856759381389101,0,1,0,0,0
5.35,-60.26241458533622,-11.2,2.8,0.9924081496382426,0.0,0.0,1.0,0.0,0.0,TARGET_HOLD,1.1728428774711133,0,1,0,0,0
5.366666666666666,-60.245864863839266,-11.2,2.8,0.9929832898171637,0.0,0.0,1.0,0.0,0.0,TARGET_HOLD,1.1600023795318608,0,1,0,0,0
5.383333333333334,-60.22930628285976,-11.2,2.8,0.9935148587704089,0.0,0.0,1.0,0.0,0.0,TARGET_HOLD,1.1471550077508017,0,1,0,0,0
5.4,-60.21273951357062,-11.2,2.8,0.9940061573484082,0.0,0.0,1.0,0.0,0.0,TARGET_HOLD,1.1343012828735275,0,1,0,0,0
5.416666666666667,-60.19616517629833,-11.2,2.8,0.9944602363371652,0.0,0.0,1.0,0.0,0.0,TARGET_HOLD,1.1214416861952068,0,1,0,0,0
5.433333333333334,-60.17958384437495,-11.2,2.8,0.9948799154025314,0.0,0.0,1.0,0.0,0.0,TARGET_HOLD,1.1085766625492544,0,1,0,0,0
5.45,-60.1629960476983,-11.2,2.8,0.9952678005993093,0.0,0.0,1.0,0.0,0.0,TARGET_HOLD,1.095706623069582,0,1,0,0,0
5.466666666666667,-60.1464022760224,-11.2,2.8,0.9956263005539071,0.0,0.0,1.0,0.0,0.0,TARGET_HOLD,1.0828319477435893,0,1,0,0,0
5.483333333333333,-60.129802981998715,-11.2,2.8,0.9959576414210354,0.0,0.0,1.0,0.0,0.0,TARGET_HOLD,1.0699529877717588,0,1,0,0,0
5.5,-60.11319858398693,-11.2,2.8,0.9962638807073205,0.0,0.0,1.0,0.0,0.0,TARGET_HOLD,1.0570700677484708,0,1,0,0,0
5.516666666666667,-60.0965894686528,-11.2,2.8,0.996546920047675,0.0,0.0,1.0,0.0,0.0,TARGET_HOLD,1.0441834876776241,0,1,0,0,0
5.533333333333333,-60.07997599336924,-11.2,2.8,0.9968085170137602,0.0,0.0,1.0,0.0,0.0,TARGET_HOLD,1.0312935248355464,0,1,0,0,0
5.55,-60.06335848843544,-11.2,2.8,0.9970502960278692,0.0,0.0,1.0,0.0,0.0,TARGET_HOLD,1.0184004354927858,0,1,0,0,0
5.566666666666666,-60.04707431683497,-11.2,2.8,0.9770502960278693,0.0,0.0,1.0,0.0,0.0,NO_REGULAR_FIELD,1.0057659708030464,0,1,0,0,0
5.583333333333333,-60.03112347856784,-11.2,2.8,0.9570502960278694,0.0,0.0,1.0,0.0,0.0,NO_REGULAR_FIELD,0.9933901307663309,0,1,0,0,0
5.6,-60.01550597363404,-11.2,2.8,0.9370502960278695,0.0,0.0,1.0,0.0,0.0,NO_REGULAR_FIELD,0.9812729153826341,0,1,0,0,0
5.616666666666666,-60.00022180203358,-11.2,2.8,0.9170502960278696,0.0,0.0,1.0,0.0,0.0,NO_REGULAR_FIELD,0.9694143246519609,0,1,0,0,0
5.633333333333334,-59.985270963766446,-11.2,2.8,0.8970502960278686,0.0,0.0,1.0,0.0,0.0,NO_REGULAR_FIELD,0.9573635471818867,0,1,0,0,0
5.65,-59.97065345883265,-11.2,2.8,0.8770502960278687,0.0,0.0,1.0,0.0,0.0,NO_REGULAR_FIELD,0.9455748080016648,0,1,0,0,0
5.666666666666667,-59.956369287232185,-11.2,2.8,0.8570502960278688,0.0,0.0,1.0,0.0,0.0,NO_REGULAR_FIELD,0.9340548958028261,0,1,0,0,0
5.683333333333334,-59.94241844896506,-11.2,2.8,0.8370502960278688,0.0,0.0,1.0,0.0,0.0,NO_REGULAR_FIELD,0.9228038105853746,0,1,0,0,0
5.7,-59.92880094403126,-11.2,2.8,0.8170502960278689,0.0,0.0,1.0,0.0,0.0,NO_REGULAR_FIELD,0.9118215523493087,0,1,0,0,0
5.716666666666667,-59.91551677243079,-11.2,2.8,0.797050296027869,0.0,0.0,1.0,0.0,0.0,NO_REGULAR_FIELD,0.9011081210946237,0,1,0,0,0
5.733333333333333,-59.90256593416366,-11.2,2.8,0.7770502960278691,0.0,0.0,1.0,0.0,0.0,NO_REGULAR_FIELD,0.8906635168213282,0,1,0,0,0
5.75,-59.88994842922986,-11.2,2.8,0.7570502960278692,0.0,0.0,1.0,0.0,0.0,NO_REGULAR_FIELD,0.880487739529416,0,1,0,0,0
5.766666666666667,-59.8776642576294,-11.2,2.8,0.7370502960278693,0.0,0.0,1.0,0.0,0.0,NO_REGULAR_FIELD,0.8705807892188937,0,1,0,0,0
5.783333333333333,-59.865713419362265,-11.2,2.8,0.7170502960278694,0.0,0.0,1.0,0.0,0.0,NO_REGULAR_FIELD,0.8609426658897517,0,1,0,0,0
5.8,-59.85409591442847,-11.2,2.8,0.6970502960278695,0.0,0.0,1.0,0.0,0.0,NO_REGULAR_FIELD,0.851573369542,0,1,0,0,0
5.816666666666666,-59.842811742828005,-11.2,2.8,0.6770502960278696,0.0,0.0,1.0,0.0,0.0,NO_REGULAR_FIELD,0.8424729001756308,0,1,0,0,0
5.833333333333333,-59.83186090456088,-11.2,2.8,0.6570502960278697,0.0,0.0,1.0,0.0,0.0,NO_REGULAR_FIELD,0.833641257790652,0,1,0,0,0
5.85,-59.82124339962708,-11.2,2.8,0.6370502960278698,0.0,0.0,1.0,0.0,0.0,NO_REGULAR_FIELD,0.8250784423870541,0,1,0,0,0
5.866666666666666,-59.81095922802661,-11.2,2.8,0.6170502960278699,0.0,0.0,1.0,0.0,0.0,NO_REGULAR_FIELD,0.8167844539648408,0,1,0,0,0
5.883333333333334,-59.80100838975948,-11.2,2.8,0.5970502960278689,0.0,0.0,1.0,0.0,0.0,NO_REGULAR_FIELD,0.8087592925240159,0,1,0,0,0
5.9,-59.79139088482568,-11.2,2.8,0.577050296027869,0.0,0.0,1.0,0.0,0.0,NO_REGULAR_FIELD,0.8010029580645734,0,1,0,0,0
5.916666666666667,-59.78210671322522,-11.2,2.8,0.557050296027869,0.0,0.0,1.0,0.0,0.0,NO_REGULAR_FIELD,0.793515450586519,0,1,0,0,0
5.933333333333334,-59.773155874958086,-11.2,2.8,0.5370502960278691,0.0,0.0,1.0,0.0,0.0,NO_REGULAR_FIELD,0.7862967700898493,0,1,0,0,0
5.95,-59.76453837002429,-11.2,2.8,0.5170502960278692,0.0,0.0,1.0,0.0,0.0,NO_REGULAR_FIELD,0.7793469165745677,0,1,0,0,0
5.966666666666667,-59.756254198423825,-11.2,2.8,0.4970502960278693,0.0,0.0,1.0,0.0,0.0,NO_REGULAR_FIELD,0.7726658900406687,0,1,0,0,0
5.983333333333333,-59.7483033601567,-11.2,2.8,0.4770502960278694,0.0,0.0,1.0,0.0,0.0,NO_REGULAR_FIELD,0.7662536904881576,0,1,0,0,0
6.0,-59.7406858552229,-11.2,2.8,0.4570502960278695,0.0,0.0,1.0,0.0,0.0,NO_REGULAR_FIELD,0.7601103179170317,0,1,0,0,0
6.016666666666667,-59.73340168362243,-11.2,2.8,0.4370502960278696,0.0,0.0,1.0,0.0,0.0,NO_REGULAR_FIELD,0.7542357723272866,0,1,0,0,0
6.033333333333333,-59.7264508453553,-11.2,2.8,0.4170502960278697,0.0,0.0,1.0,0.0,0.0,NO_REGULAR_FIELD,0.748630053718931,0,1,0,0,0
6.05,-59.7198333404215,-11.2,2.8,0.3970502960278698,0.0,0.0,1.0,0.0,0.0,NO_REGULAR_FIELD,0.7432931620919587,0,1,0,0,0
6.066666666666666,-59.71354916882104,-11.2,2.8,0.3770502960278699,0.0,0.0,1.0,0.0,0.0,NO_REGULAR_FIELD,0.7382250974463762,0,1,0,0,0
6.083333333333333,-59.70759833055391,-11.2,2.8,0.35705029602787,0.0,0.0,1.0,0.0,0.0,NO_REGULAR_FIELD,0.7334258597821748,0,1,0,0,0
6.1,-59.70198082562011,-11.2,2.8,0.33705029602787007,0.0,0.0,1.0,0.0,0.0,NO_REGULAR_FIELD,0.7288954490993631,0,1,0,0,0
6.116666666666666,-59.69669665401965,-11.2,2.8,0.31705029602787016,0.0,0.0,1.0,0.0,0.0,NO_REGULAR_FIELD,0.7246338653979343,0,1,0,0,0
6.133333333333334,-59.69174581575251,-11.2,2.8,0.29705029602786914,0.0,0.0,1.0,0.0,0.0,NO_REGULAR_FIELD,0.7206411086778886,0,1,0,0,0
6.15,-59.687128310818714,-11.2,2.8,0.27705029602786924,0.0,0.0,1.0,0.0,0.0,NO_REGULAR_FIELD,0.7169171789392328,0,1,0,0,0
6.166666666666667,-59.68284413921825,-11.2,2.8,0.25705029602786933,0.0,0.0,1.0,0.0,0.0,NO_REGULAR_FIELD,0.7134620761819577,0,1,0,0,0
6.183333333333334,-59.67889330095112,-11.2,2.8,0.2370502960278694,0.0,0.0,1.0,0.0,0.0,NO_REGULAR_FIELD,0.7102758004060725,0,1,0,0,0
6.2,-59.67527579601732,-11.2,2.8,0.21705029602786946,0.0,0.0,1.0,0.0,0.0,NO_REGULAR_FIELD,0.7073583516115702,0,1,0,0,0
6.216666666666667,-59.671991624416854,-11.2,2.8,0.19705029602786953,0.0,0.0,1.0,0.0,0.0,NO_REGULAR_FIELD,0.7047097297984577,0,1,0,0,0
6.233333333333333,-59.66904078614972,-11.2,2.8,0.1770502960278696,0.0,0.0,1.0,0.0,0.0,NO_REGULAR_FIELD,0.702329934966726,0,1,0,0,0
6.25,-59.66642328121593,-11.2,2.8,0.15705029602786966,0.0,0.0,1.0,0.0,0.0,NO_REGULAR_FIELD,0.7002189671163843,0,1,0,0,0
6.266666666666667,-59.66413910961546,-11.2,2.8,0.13705029602786972,0.0,0.0,1.0,0.0,0.0,NO_REGULAR_FIELD,0.6983768262474257,0,1,0,0,0
6.283333333333333,-59.662188271348334,-11.2,2.8,0.11705029602786979,0.0,0.0,1.0,0.0,0.0,NO_REGULAR_FIELD,0.6968035123598568,0,1,0,0,0
6.3,-59.66057076641454,-11.2,2.8,0.09705029602786985,0.0,0.0,1.0,0.0,0.0,NO_REGULAR_FIELD,0.6954990254536686,0,1,0,0,0
6.316666666666666,-59.65928659481407,-11.2,2.8,0.07705029602786992,0.0,0.0,1.0,0.0,0.0,NO_REGULAR_FIELD,0.6944633655288659,0,1,0,0,0
6.333333333333333,-59.65833575654694,-11.2,2.8,0.05705029602786999,0.0,0.0,1.0,0.0,0.0,NO_REGULAR_FIELD,0.6936965325854505,0,1,0,0,0
6.35,-59.65771825161314,-11.2,2.8,0.037050296027870064,0.0,0.0,1.0,0.0,0.0,NO_REGULAR_FIELD,0.6931985266234184,0,1,0,0,0
6.366666666666666,-59.65743408001268,-11.2,2.8,0.017050296027870136,0.0,0.0,1.0,0.0,0.0,NO_REGULAR_FIELD,0.6929693476427736,0,1,0,0,0
6.383333333333334,-59.65743408001268,-11.2,2.8,0.0,0.0,0.0,1.0,0.0,0.0,NO_REGULAR_FIELD,0.6929693476427736,0,1,0,0,0
6.4,-59.65743408001268,-11.2,2.8,0.0,0.0,0.0,1.0,0.0,0.0,NO_REGULAR_FIELD,0.6929693476427736,0,1,0,0,0
6.416666666666667,-59.65743408001268,-11.2,2.8,0.0,0.0,0.0,1.0,0.0,0.0,NO_REGULAR_FIELD,0.6929693476427736,0,1,0,0,0
6.433333333333334,-59.65743408001268,-11.2,2.8,0.0,0.0,0.0,1.0,0.0,0.0,NO_REGULAR_FIELD,0.6929693476427736,0,1,0,0,0
6.45,-59.65713999416384,-11.199877464229651,2.7999019713837208,0.017645150930251322,0.007352146220938052,-0.0058817169767504405,1.0,0.0,0.0,NO_REGULAR_FIELD,0.6928107787801352,0,1,0,0,0
6.466666666666667,-59.65655182246617,-11.199632392688953,2.799705914151162,0.035290301860502644,0.014704292441876104,-0.011763433953500881,1.0,0.0,0.0,NO_REGULAR_FIELD,0.6924936071735535,0,1,0,0,0
6.483333333333333,-59.65567242505103,-11.199258134212675,2.79941182922725,0.05276384490858124,0.022455508576605547,-0.01764509543471953,1.0,0.0,0.0,TARGET_HOLD,0.6920220500852607,0,1,0,0,0
6.5,-59.65450180191842,-11.19875468880082,2.7990197166119843,0.07023738795665985,0.030206724711334985,-0.02352675691593818,1.0,0.0,0.0,TARGET_HOLD,0.691396005759684,0,1,0,0,0
6.516666666666667,-59.653039953068344,-11.198122056453386,2.798529576305365,0.08771093100473845,0.03795794084606442,-0.029408418397156827,1.0,0.0,0.0,TARGET_HOLD,0.690615339540358,0,1,0,0,0
6.533333333333333,-59.651290093939835,-11.197353215938735,2.7979414129105873,0.10499154771068869,0.04613043087900409,-0.03528980368665557,1.0,0.0,0.0,TARGET_HOLD,0.6896845634398092,0,1,0,0,0
6.55,-59.64924808154364,-11.196454476669096,2.7972589951114353,0.12252074377182898,0.0539243561783478,-0.04094506794912385,1.0,0.0,0.0,TARGET_HOLD,0.6885966408332984,0,1,0,0,0
6.566666666666666,-59.646917301834854,-11.195418472658947,2.796482327955227,0.139846782527015,0.06216024060893774,-0.0466000293724897,1.0,0.0,0.0,TARGET_HOLD,0.6873562613517472,0,1,0,0,0
6.583333333333333,-59.644291783094666,-11.194255621712246,2.795615384173228,0.15753112441140105,0.06977105680202395,-0.052016626919954595,1.0,0.0,0.0,TARGET_HOLD,0.685953547869407,0,1,0,0,0
6.6,-59.64137470182487,-11.192961273489814,2.794654574162379,0.17502487618749188,0.07766089334594514,-0.05764860065095884,1.0,0.0,0.0,TARGET_HOLD,0.6843937070562587,0,1,0,0,0
6.616666666666666,-59.63816640916755,-11.191534387732286,2.7936002716883284,0.19249755943922234,0.08561314545166956,-0.06325814844304478,1.0,0.0,0.0,TARGET_HOLD,0.6826768651024906,0,1,0,0,0
6.633333333333334,-59.63467072012541,-11.189966875437955,2.792452488701601,0.209741342528411,0.0940507376598854,-0.0688669792036317,1.0,0.0,0.0,TARGET_HOLD,0.6808081671712711,0,1,0,0,0
6.65,-59.63088384327208,-11.188265849150216,2.7912125385662296,0.2272126111998863,0.10206157726433096,-0.07439700812226943,1.0,0.0,0.0,TARGET_HOLD,0.6787815330282667,0,1,0,0,0
6.666666666666667,-59.62680585956064,-11.18643079573271,2.789880911624853,0.24467902268641759,0.1101032050503895,-0.07989761648259254,1.0,0.0,0.0,TARGET_HOLD,0.6765966080769095,0,1,0,0,0
6.683333333333334,-59.6224338263608,-11.18446509768202,2.7884622330361575,0.2623219919906283,0.11794188304142089,-0.08512071532174888,1.0,0.0,0.0,TARGET_HOLD,0.6742476495380241,0,1,0,0,0
6.7,-59.617771176617964,-11.182364067470585,2.7869522399233135,0.27975898456999015,0.1260618126860566,-0.09059958677063702,1.0,0.0,0.0,TARGET_HOLD,0.6717402699423971,0,1,0,0,0
6.716666666666667,-59.612817934273025,-11.180127456626872,2.785351225148961,0.29719454069630485,0.13419665062277078,-0.09606088646114312,1.0,0.0,0.0,TARGET_HOLD,0.669074048217156,0,1,0,0,0
6.733333333333333,-59.607573894116726,-11.177755295389879,2.7836598011112432,0.3146424093777426,0.1423296742196272,-0.1014854422630754,1.0,0.0,0.0,TARGET_HOLD,0.6662481567132883,0,1,0,0,0
6.75,-59.60204383028645,-11.175237762248972,2.781877996884409,0.33180382981677187,0.15105198845438608,-0.10690825361006046,1.0,0.0,0.0,TARGET_HOLD,0.6632689525613142,0,1,0,0,0
6.766666666666667,-59.59680488307658,-11.172852758453523,2.780189991362377,0.31433683259193007,0.14310022772698103,-0.10128033132190964,1.0,0.0,0.0,TARGET_HOLD,0.6603064090859669,0,1,0,0,0
6.783333333333333,-59.591276683389324,-11.17034357206212,2.7783923373187114,0.3316919812353708,0.15055118348423752,-0.10785924261994977,1.0,0.0,0.0,TARGET_HOLD,0.6571033667407538,0,1,0,0,0
6.8,-59.58545847403051,-11.167705083159369,2.7764932615708915,0.34909256152886303,0.1583093341649736,-0.11394454486919933,1.0,0.0,0.0,TARGET_HOLD,0.653750376944604,0,1,0,0,0
6.816666666666666,-59.57934773895525,-11.164943079563743,2.7744927760751645,0.36664410451581203,0.16572021573758047,-0.12002912974362379,1.0,0.0,0.0,TARGET_HOLD,0.6502459950605479,0,1,0,0,0
6.833333333333333,-59.57294444215242,-11.16205868647486,2.7723896282269718,0.38419780816989285,0.17306358533301083,-0.12618887089156297,1.0,0.0,0.0,TARGET_HOLD,0.6465929385125511,0,1,0,0,0
6.85,-59.56624830368637,-11.159052572987802,2.7701838206687417,0.4017683079627992,0.18036680922342793,-0.1323484534938109,1.0,0.0,0.0,TARGET_HOLD,0.642793421160871,0,1,0,0,0
6.866666666666666,-59.559843393853434,-11.156177201468857,2.7680739481517804,0.38429458997631794,0.17252229113669154,-0.12659235101767455,1.0,0.0,0.0,ANGULAR_STEP_BLOCKED,0.6391790478627466,0,1,0,0,0
6.883333333333334,-59.55314157114599,-11.153192479311492,2.7658592124194263,0.40210936244652024,0.17908332944185418,-0.13288414394124964,1.0,0.0,0.0,ANGULAR_STEP_BLOCKED,0.6354137583654278,0,1,0,0,0
6.9,-59.546144624488214,-11.150090054811951,2.763543684208707,0.41981679946668404,0.18614546997252723,-0.13893169264315816,1.0,0.0,0.0,ANGULAR_STEP_BLOCKED,0.6315025289409295,0,1,0,0,0
6.916666666666667,-59.53885285931469,-11.146869168529456,2.761127359371734,0.43750591041141734,0.19325317694973554,-0.14497949021839643,1.0,0.0,0.0,ANGULAR_STEP_BLOCKED,0.6274487068777588,0,1,0,0,0
6.933333333333334,-59.53126567434164,-11.14353165479624,2.758609859978177,0.45523109838273723,0.20025082399297037,-0.15104996361341924,1.0,0.0,0.0,REFERENCE_INITIALIZATION,0.6232543540545072,0,1,0,0,0
6.95,-59.523382646889345,-11.140078711432174,2.755991047510898,0.4729816471374653,0.2071766018439348,-0.15712874803673185,1.0,0.0,0.0,REFERENCE_INITIALIZATION,0.6189218790496662,0,1,0,0,0
6.966666666666667,-59.51520338360761,-11.136511345322795,2.7532709291710336,0.49075579690403887,0.2140419665627274,-0.16320710039188283,1.0,0.0,0.0,REFERENCE_INITIALIZATION,0.6144538147828058,0,1,0,0,0
6.983333333333333,-59.50672747427452,-11.13283061689908,2.750449513165776,0.5085545599853973,0.22084370542296133,-0.16928496031547857,1.0,0.0,0.0,REFERENCE_INITIALIZATION,0.6098527678904149,0,1,0,0,0
7.0,-59.498543986759564,-11.129276874885367,2.7477254369933957,0.4910092508973429,0.2132245208227714,-0.163444570342809,1.0,0.0,0.0,NO_REGULAR_FIELD,0.6054422159682873,0,1,0,0,0
7.016666666666667,-59.49065292106274,-11.125850119281656,2.745098700653893,0.4734639418092884,0.20560533622258148,-0.1576041803701394,1.0,0.0,0.0,NO_REGULAR_FIELD,0.6012187937130411,0,1,0,0,0
7.033333333333333,-59.48305427718405,-11.12255035008795,2.7425693041472687,0.45591863272123395,0.19798615162239155,-0.15176379039746982,1.0,0.0,0.0,NO_REGULAR_FIELD,0.5971792597725212,0,1,0,0,0
7.05,-59.475748055123496,-11.119377567304246,2.740137247473522,0.4383733236331795,0.19036696702220163,-0.14592340042480023,1.0,0.0,0.0,NO_REGULAR_FIELD,0.5933204963420862,0,1,0,0,0
7.066666666666666,-59.46873425488108,-11.116331770930547,2.737802530632653,0.42082801454512503,0.1827477824220117,-0.14008301045213065,1.0,0.0,0.0,NO_REGULAR_FIELD,0.5896395087759443,0,1,0,0,0
7.083333333333333,-59.4620128764568,-11.11341296096685,2.735565153624662,0.40328270545707057,0.17512859782182177,-0.13424262047946106,1.0,0.0,0.0,NO_REGULAR_FIELD,0.586133425213361,0,1,0,0,0
7.1,-59.455583919850646,-11.110621137413156,2.733425116449549,0.3857373963690161,0.16750941322163185,-0.12840223050679148,1.0,0.0,0.0,NO_REGULAR_FIELD,0.5827994962198946,0,1,0,0,0
7.116666666666666,-59.44944738506263,-11.107956300269466,2.7313824191073137,0.36819208728096164,0.15989022862144192,-0.1225618405341219,1.0,0.0,0.0,NO_REGULAR_FIELD,0.5796350944435633,0,1,0,0,0
7.133333333333334,-59.44360327209275,-11.105418449535778,2.729437061597956,0.35064677819290624,0.15227104402125158,-0.11672145056145201,1.0,0.0,0.0,NO_REGULAR_FIELD,0.57663771428595,0,1,0,0,0
7.15,-59.43805158094101,-11.103007585212094,2.7275890439214763,0.3331014691048518,0.14465185942106165,-0.11088106058878244,1.0,0.0,0.0,NO_REGULAR_FIELD,0.5738049715883129,0,1,0,0,0
7.166666666666667,-59.43279231160739,-11.100723707298412,2.725838366077874,0.3155561600167973,0.13703267482087172,-0.10504067061611286,1.0,0.0,0.0,NO_REGULAR_FIELD,0.5711346033326183,0,1,0,0,0
7.183333333333334,-59.42782546409192,-11.098566815794735,2.7241850280671502,0.29801085092874285,0.1294134902206818,-0.09920028064344327,1.0,0.0,0.0,NO_REGULAR_FIELD,0.5686244673575354,0,1,0,0,0
7.2,-59.42315103839457,-11.09653691070106,2.722629029889304,0.2804655418406884,0.12179430562049187,-0.0933598906707737,1.0,0.0,0.0,NO_REGULAR_FIELD,0.5662725420894079,0,1,0,0,0
7.216666666666667,-59.418769034515364,-11.094633992017387,2.7211703715443356,0.26292023275263393,0.11417512102030195,-0.08751950069810413,1.0,0.0,0.0,NO_REGULAR_FIELD,0.5640769262881813,0,1,0,0,0
7.233333333333333,-59.41467945245429,-11.092858059743719,2.719809053032245,0.24537492366457947,0.10655593642011202,-0.08167911072543454,1.0,0.0,0.0,NO_REGULAR_FIELD,0.5620358388082618,0,1,0,0,0
7.25,-59.41088229221135,-11.091209113880053,2.7185450743530324,0.227829614576525,0.09893675181992209,-0.07583872075276497,1.0,0.0,0.0,NO_REGULAR_FIELD,0.5601476183743721,0,1,0,0,0
7.266666666666667,-59.40737755378654,-11.089687154426391,2.7173784355066974,0.21028430548847055,0.09131756721973215,-0.06999833078009539,1.0,0.0,0.0,NO_REGULAR_FIELD,0.5584107233723394,0,1,0,0,0
7.283333333333333,-59.40416523717987,-11.088292181382732,2.71630913649324,0.19273899640041608,0.08369838261954221,-0.06415794080742582,1.0,0.0,0.0,NO_REGULAR_FIELD,0.5568237316548599,0,1,0,0,0
7.3,-59.40124534239133,-11.087024194749077,2.715337177312661,0.17519368731236162,0.07607919801935228,-0.05831755083475624,1.0,0.0,0.0,NO_REGULAR_FIELD,0.5553853403622013,0,1,0,0,0
7.316666666666666,-59.398617869420924,-11.085883194525424,2.7144625579649593,0.15764837822430716,0.06846001341916236,-0.05247716086208666,1.0,0.0,0.0,NO_REGULAR_FIELD,0.554094365757891,0,1,0,0,0
7.333333333333333,-59.39628281826865,-11.084869180711774,2.7136852784501357,0.1401030691362527,0.060840828818972424,-0.04663677088941708,1.0,0.0,0.0,NO_REGULAR_FIELD,0.5529497430793258,0,1,0,0,0
7.35,-59.39424018893452,-11.083982153308128,2.71300533876819,0.12255776004819824,0.05322164421878249,-0.040796380916747504,1.0,0.0,0.0,NO_REGULAR_FIELD,0.5519505264034015,0,1,0,0,0
7.366666666666666,-59.392489981418514,-11.083222112314484,2.712422738919122,0.10501245096014378,0.04560245961859256,-0.034955990944077926,1.0,0.0,0.0,NO_REGULAR_FIELD,0.5510958885270192,0,1,0,0,0
7.383333333333334,-59.39103219572065,-11.082589057730845,2.711937478902932,0.08746714187208839,0.037983275018402214,-0.029115600971408036,1.0,0.0,0.0,NO_REGULAR_FIELD,0.5503851208626325,0,1,0,0,0
7.4,-59.38986683184091,-11.082082989557207,2.7115495587196197,0.06992183278403394,0.030364090418212277,-0.023275210998738458,1.0,0.0,0.0,NO_REGULAR_FIELD,0.5498176333486764,0,1,0,0,0
7.416666666666667,-59.388993889779314,-11.081703907793575,2.711258978369185,0.05237652369597948,0.02274490581802234,-0.01743482102606888,1.0,0.0,0.0,NO_REGULAR_FIELD,0.54939295437504,0,1,0,0,0
7.433333333333334,-59.38841336953585,-11.081451812439944,2.7110657378516283,0.03483121460792502,0.015125721217832407,-0.0115944310533993,1.0,0.0,0.0,NO_REGULAR_FIELD,0.5491107307234133,0,1,0,0,0
7.45,-59.38812527111052,-11.081326703496316,2.7109698371669495,0.017285905519870567,0.007506536617642471,-0.005754041080729719,1.0,0.0,0.0,NO_REGULAR_FIELD,0.5489707275226532,0,1,0,0,0
7.466666666666667,-59.38812527111052,-11.081326703496316,2.7109698371669495,0.0,0.0,0.0,1.0,0.0,0.0,NO_REGULAR_FIELD,0.5489707275226532,0,1,0,0,0
7.483333333333333,-59.38812527111052,-11.081326703496316,2.7109698371669495,0.0,0.0,0.0,1.0,0.0,0.0,NO_REGULAR_FIELD,0.5489707275226532,0,1,0,0,0
7.5,-59.38812527111052,-11.081326703496316,2.7109698371669495,0.0,0.0,0.0,1.0,0.0,0.0,NO_REGULAR_FIELD,0.5489707275226532,0,1,0,0,0
7.516666666666667,-59.38783392829423,-11.081290285644279,2.7108120264747915,0.017480568977501453,0.002185071122187682,-0.009468641529479955,1.0,0.0,0.0,TARGET_HOLD,0.5488285766963623,0,1,0,0,0
7.533333333333333,-59.38725124266164,-11.081217449940207,2.7104964050904754,0.0349611379550029,0.004370142244375364,-0.018937283058959906,1.0,0.0,0.0,TARGET_HOLD,0.548544381777591,0,1,0,0,0
7.55,-59.386376461220635,-11.081114826077501,2.7100229742786235,0.05248688646027157,0.006157431762331123,-0.02840584871110995,1.0,0.0,0.0,TARGET_HOLD,0.5481153773448546,0,1,0,0,0
7.566666666666666,-59.38520896891353,-11.08098920038921,2.709391738599933,0.07004953842624706,0.007537541297502788,-0.037874140721443315,1.0,0.0,0.0,TARGET_HOLD,0.5475389492051044,0,1,0,0,0
7.583333333333333,-59.38374829760329,-11.080847519059146,2.708602707485317,0.08764027861438048,0.008500879803787489,-0.04734186687696208,1.0,0.0,0.0,TARGET_HOLD,0.5468126329335488,0,1,0,0,0
7.6,-59.381998919745406,-11.080679431084075,2.707649170049973,0.104962671472871,0.010085278504317771,-0.05721224612063208,1.0,0.0,0.0,TARGET_HOLD,0.5459477511116879,0,1,0,0,0
7.616666666666666,-59.37996015335391,-11.080493855507049,2.7065311346769407,0.12232598348950494,0.011134534621516347,-0.06708212238194024,1.0,0.0,0.0,TARGET_HOLD,0.5449411614045081,0,1,0,0,0
7.633333333333334,-59.37763199842881,-11.08029079232807,2.70524860136622,0.1396892955061398,0.01218379073871498,-0.07695199864324892,1.0,0.0,0.0,TARGET_HOLD,0.543793565350126,0,1,0,0,0
7.65,-59.37501481675628,-11.080070426559118,2.703800915790124,0.15703090035223097,0.013221946137077011,-0.08686113456576386,1.0,0.0,0.0,TARGET_HOLD,0.5425063310376534,0,1,0,0,0
7.666666666666667,-59.37210823715489,-11.079840462333516,2.7021881005088946,0.17439477608333634,0.013797853536049676,-0.09676891687375466,1.0,0.0,0.0,TARGET_HOLD,0.5410772577250738,0,1,0,0,0
7.683333333333334,-59.368916343883335,-11.079596829322814,2.7004034702543924,0.19151359629335382,0.014617980642189814,-0.10707781527013381,1.0,0.0,0.0,TARGET_HOLD,0.5395156047278198,0,1,0,0,0
7.7,-59.36543884553776,-11.079347542301692,2.6984470584963076,0.2086499007343689,0.014957221267318506,-0.11738470548508739,1.0,0.0,0.0,TARGET_HOLD,0.5378192966678399,0,1,0,0,0
7.716666666666667,-59.36225129564614,-11.079119040448292,2.6966537693361867,0.1912529934974245,0.01371011120402994,-0.10759734960726251,1.0,0.0,0.0,TARGET_HOLD,0.5362686317854917,0,1,0,0,0
7.733333333333333,-59.35877536716913,-11.078883794350505,2.6946934370146725,0.20855570862071843,0.014114765867297981,-0.11761993929085367,1.0,0.0,0.0,TARGET_HOLD,0.534579694620835,0,1,0,0,0
7.75,-59.35501095601328,-11.078650092233365,2.6925661122644513,0.22586466935098307,0.014022127028339408,-0.12763948501327393,1.0,0.0,0.0,REFERENCE_INITIALIZATION,0.5327504807153265,0,1,0,0,0
7.766666666666667,-59.35095845244982,-11.078420098213545,2.6902711565928605,0.24315021380796709,0.013799641189256988,-0.13769734029544192,1.0,0.0,0.0,REFERENCE_INITIALIZATION,0.5307820563090984,0,1,0,0,0
7.783333333333333,-59.34662006523344,-11.07819489936177,2.6878048572476967,0.2603032329825534,0.013511931106437522,-0.1479779607098194,1.0,0.0,0.0,REFERENCE_INITIALIZATION,0.5286790615234049,0,1,0,0,0
7.8,-59.34199325904277,-11.077969178171218,2.685171449154877,0.2776083714399083,0.01354327143321717,-0.15800448556919577,1.0,0.0,0.0,REFERENCE_INITIALIZATION,0.5264405646583104,0,1,0,0,0
7.816666666666666,-59.3370780461616,-11.077747972957559,2.682370971322323,0.2949127728703198,0.01327231281959911,-0.168028669953218,1.0,0.0,0.0,REFERENCE_INITIALIZATION,0.5240661571652445,0,1,0,0,0
7.833333333333333,-59.33245223478861,-11.077539792026672,2.6797353820770944,0.27754868237926056,0.012490855853248915,-0.15813535471372184,1.0,0.0,0.0,REFERENCE_INITIALIZATION,0.5218399829514155,0,1,0,0,0
7.85,-59.32753619553757,-11.077316371652104,2.676936554817702,0.2949623550624617,0.01340522247400668,-0.16792963556354304,1.0,0.0,0.0,REFERENCE_INITIALIZATION,0.5194827780717645,0,1,0,0,0
7.866666666666666,-59.32233016460663,-11.077077597625097,2.6739740809816217,0.3123618558559354,0.014326441620468153,-0.17774843016482164,1.0,0.0,0.0,REFERENCE_INITIALIZATION,0.5169966305805174,0,1,0,0,0
7.883333333333334,-59.31683409913147,-11.076823330007098,2.6708480497461267,0.32976392850967556,0.015256057079887872,-0.18756187412968928,1.0,0.0,0.0,REFERENCE_INITIALIZATION,0.5143832451068047,0,1,0,0,0
7.9,-59.31104791997221,-11.076553369081026,2.6675586205868567,0.347170749555339,0.01619765556434295,-0.19736574955618857,1.0,0.0,0.0,REFERENCE_INITIALIZATION,0.5116443791755524,0,1,0,0,0
7.916666666666667,-59.30497157475331,-11.076267518216783,2.66410590554698,0.3645807131340927,0.017151051854578842,-0.2071629023926116,1.0,0.0,0.0,REFERENCE_INITIALIZATION,0.5087819335561259,0,1,0,0,0
7.933333333333334,-59.29860507394701,-11.07596558450178,2.660489904904173,0.38199004837798645,0.018116022900168623,-0.2169600385683973,1.0,0.0,0.0,REFERENCE_INITIALIZATION,0.5057980162304416,0,1,0,0,0
7.95,-59.29252817184734,-11.07567738511526,2.657038388511222,0.3646141259801943,0.01729196319126628,-0.20709098357705863,1.0,0.0,0.0,REFERENCE_INITIALIZATION,0.5029642856939629,0,1,0,0,0
7.966666666666667,-59.286740868454295,-11.07540292005722,2.6537513563681268,0.3472382035824022,0.01646790348236394,-0.19722192858571996,1.0,0.0,0.0,REFERENCE_INITIALIZATION,0.5002787219503426,0,1,0,0,0
7.983333333333333,-59.28124316376788,-11.075142189327662,2.6506288084748872,0.3298622811846101,0.015643843773461598,-0.1873528735943813,1.0,0.0,0.0,STATE_OUTSIDE_FREE_DOMAIN,0.49773940163691655,0,1,0,0,0
8.0,-59.2760350577881,-11.074895192926586,2.6476707448315033,0.31248635878681796,0.014819784064559255,-0.17748381860304266,1.0,0.0,0.0,STATE_OUTSIDE_FREE_DOMAIN,0.49534449797057967,0,1,0,0,0
8.016666666666667,-59.27111655051495,-11.074661930853992,2.644877165437975,0.2951104363890249,0.013995724355656868,-0.1676147636117035,1.0,0.0,0.0,STATE_OUTSIDE_FREE_DOMAIN,0.49309228069639066,0,1,0,0,0
8.033333333333333,-59.26648764194842,-11.07444240310988,2.6422480702943023,0.27773451399123367,0.01317166464675457,-0.15774570862036535,1.0,0.0,0.0,STATE_OUTSIDE_FREE_DOMAIN,0.49098111603888794,0,1,0,0,0
8.05,-59.26214833208853,-11.074236609694248,2.639783459400485,0.2603585915934406,0.012347604937852183,-0.1478766536290262,1.0,0.0,0.0,ANGULAR_STEP_BLOCKED,0.48900946665609,0,1,0,0,0
8.066666666666666,-59.25809862093527,-11.074044550607098,2.6374833327565237,0.2429826691956494,0.011523545228949885,-0.13800759863768805,1.0,0.0,0.0,ANGULAR_STEP_BLOCKED,0.4871758915962435,0,1,0,0,0
8.083333333333334,-59.254338508488644,-11.07386622584843,2.635347690362418,0.22560674679785633,0.010699485520047498,-0.12813854364634888,1.0,0.0,0.0,ANGULAR_STEP_BLOCKED,0.4854790462572267,0,1,0,0,0
8.1,-59.250867994748646,-11.073701635418244,2.633376532218168,0.20823082440006513,0.0098754258111452,-0.11826948865501076,1.0,0.0,0.0,ANGULAR_STEP_BLOCKED,0.48391768234870547,0,1,0,0,0
8.116666666666667,-59.24768707971528,-11.07355077931654,2.631569858323773,0.19085490200227206,0.009051366102242813,-0.10840043366367158,1.0,0.0,0.0,ANGULAR_STEP_BLOCKED,0.4824906478569736,0,1,0,0,0
8.133333333333333,-59.24479576338854,-11.073413657543316,2.6299276686792346,0.17347897960448086,0.008227306393340515,-0.09853137867233346,1.0,0.0,0.0,ANGULAR_STEP_BLOCKED,0.4811968870125132,0,1,0,0,0
8.15,-59.24219404576843,-11.073290270098575,2.628449963284551,0.1561030572066878,0.007403246684438128,-0.08866232368099428,1.0,0.0,0.0,ANGULAR_STEP_BLOCKED,0.4800354402602379,0,1,0,0,0
8.166666666666666,-59.23988192685495,-11.073180616982317,2.6271367421397236,0.1387271348088966,0.00657918697553583,-0.07879326868965615,1.0,0.0,0.0,ANGULAR_STEP_BLOCKED,0.47900544423249447,0,1,0,0,0
8.183333333333334,-59.2378594066481,-11.07308469819454,2.6259880052447517,0.12135121241110353,0.005755127266633443,-0.06892421369831697,1.0,0.0,0.0,ANGULAR_STEP_BLOCKED,0.47810613172469496,0,1,0,0,0
8.2,-59.23612648514788,-11.073002513735245,2.6250037525996355,0.10397529001331231,0.004931067557731145,-0.05905515870697885,1.0,0.0,0.0,ANGULAR_STEP_BLOCKED,0.4773368316737453,0,1,0,0,0
8.216666666666667,-59.23468316235429,-11.072934063604432,2.624183984204375,0.08659936761551924,0.004107007848828758,-0.049186103715639674,1.0,0.0,0.0,ANGULAR_STEP_BLOCKED,0.476696969139101,0,1,0,0,0
8.233333333333333,-59.233529438267325,-11.0728793478021,2.6235287000589698,0.06922344521772802,0.0032829481399264597,-0.03931704872430155,1.0,0.0,0.0,ANGULAR_STEP_BLOCKED,0.476186065286586,0,1,0,0,0
8.25,-59.23266531288699,-11.07283836632825,2.6230379001634203,0.05184752281993496,0.002458888431024073,-0.029447993732962377,1.0,0.0,0.0,ANGULAR_STEP_BLOCKED,0.47580373737489134,0,1,0,0,0
8.266666666666667,-59.23209078621329,-11.072811119182882,2.6227115845177265,0.034471600422141896,0.0016348287221216865,-0.019578938741623204,1.0,0.0,0.0,STATE_OUTSIDE_FREE_DOMAIN,0.4755496987447868,0,1,0,0,0
8.283333333333333,-59.23180585824622,-11.072797606365995,2.622549753121888,0.01709567802435068,0.000810769013219388,-0.009709883750285083,1.0,0.0,0.0,STATE_OUTSIDE_FREE_DOMAIN,0.47542375881104815,0,1,0,0,0
8.3,-59.23180585824622,-11.072797606365995,2.622549753121888,0.0,0.0,0.0,1.0,0.0,0.0,STATE_OUTSIDE_FREE_DOMAIN,0.47542375881104815,0,1,0,0,0
8.316666666666666,-59.23180585824622,-11.072797606365995,2.622549753121888,0.0,0.0,0.0,1.0,0.0,0.0,STATE_OUTSIDE_FREE_DOMAIN,0.47542375881104815,0,1,0,0,0
8.333333333333334,-59.23152037530089,-11.072770503426906,2.622379823637311,0.017128976719885006,0.0016261763454148712,-0.010195769074635336,1.0,0.0,0.0,TRACKING,0.47530758456139865,0,1,0,0,0
8.35,-59.23094752056966,-11.072716009565056,2.6220432259040223,0.034371283874055684,0.003269631710938181,-0.020195863997320915,1.0,0.0,0.0,TRACKING,0.4750721268081347,0,1,0,0,0
8.366666666666667,-59.23008798982475,-11.072627602503722,2.6215399612298067,0.05157184469426741,0.005304423680065958,-0.030195880452937883,1.0,0.0,0.0,TRACKING,0.4747208164452684,0,1,0,0,0
8.383333333333333,-59.22894082995453,-11.072505022312704,2.6208717335458305,0.06882959221315323,0.007354811461124668,-0.04009366103858587,1.0,0.0,0.0,TRACKING,0.47425236599276854,0,1,0,0,0
8.4,-59.227506652327385,-11.072343451971575,2.620038546210686,0.08605065762883762,0.00969422046780308,-0.04999124010865298,1.0,0.0,0.0,TRACKING,0.4736696617855394,0,1,0,0,0
8.416666666666666,-59.22635934152919,-11.072214199225236,2.6193720145283907,0.0688386478918712,0.007755164780351737,-0.03999190093771323,1.0,0.0,0.0,TRACKING,0.47320415463507093,0,1,0,0,0
8.433333333333334,-59.224922536301385,-11.072048440246633,2.6185443264582506,0.08620831366832203,0.009945538716224209,-0.04966128420840238,1.0,0.0,0.0,TRACKING,0.47261959451635693,0,1,0,0,0
8.45,-59.22319633420908,-11.071844390520008,2.6175557210660383,0.103572125538501,0.012242983597528624,-0.05931632353273218,1.0,0.0,0.0,TARGET_HOLD,0.4719171947775638,0,1,0,0,0
8.466666666666667,-59.22118085816138,-11.071601129335118,2.6164061990762155,0.12092856286173023,0.014595671093369646,-0.06897131938937387,1.0,0.0,0.0,TARGET_HOLD,0.4710980790669057,0,1,0,0,0
8.483333333333333,-59.218873354953246,-11.071314251188296,2.6151019876901587,0.1384501924882211,0.01721268880936527,-0.07825268316342113,1.0,0.0,0.0,TARGET_HOLD,0.47015911615331085,0,1,0,0,0
8.5,-59.216274011178996,-11.07098251707954,2.6136430890785034,0.1559606264547806,0.019904046525262273,-0.08753391669931927,1.0,0.0,0.0,TARGET_HOLD,0.4691018305614808,0,1,0,0,0
8.516666666666667,-59.2139635633068,-11.070687652516684,2.61234633517221,0.1386268723319607,0.017691873771403164,-0.07780523437760954,1.0,0.0,0.0,TARGET_HOLD,0.46816450009874344,0,1,0,0,0
8.533333333333333,-59.21136225190068,-11.070349554681606,2.6108926086570965,0.15607868436715658,0.020285870104682587,-0.08722359090680717,1.0,0.0,0.0,TARGET_HOLD,0.4671108646477029,0,1,0,0,0
8.55,-59.208469983738404,-11.069966797666739,2.6092824825421785,0.17353608973650764,0.02296542089200846,-0.09660756689507213,1.0,0.0,0.0,TARGET_HOLD,0.4659420954413229,0,1,0,0,0
8.566666666666666,-59.20528688882851,-11.069538537171532,2.607515958386165,0.19098569459352652,0.025695629712415447,-0.10599144936081249,1.0,0.0,0.0,TARGET_HOLD,0.464659736375415,0,1,0,0,0
8.583333333333334,-59.201810752739874,-11.069058249906332,2.6055993302865827,0.20856816531824282,0.028817235911961985,-0.11499768597493089,1.0,0.0,0.0,TARGET_HOLD,0.46326236951956434,0,1,0,0,0
8.6,-59.19804354258444,-11.068532114807793,2.603526865814713,0.2260326093260067,0.03156810591240896,-0.12434786831220519,1.0,0.0,0.0,TARGET_HOLD,0.4620447353110011,0,1,0,0,0
8.616666666666667,-59.19398534901301,-11.067959556158636,2.601298566120015,0.24349161428586022,0.03435351894941679,-0.13369798168184496,1.0,0.0,0.0,TARGET_HOLD,0.4610287789328532,0,1,0,0,0
8.633333333333333,-59.190217130952675,-11.06742790930533,2.5992294880916744,0.2260930836202414,0.03189881119832503,-0.12414468170046648,1.0,0.0,0.0,STATE_OUTSIDE_FREE_DOMAIN,0.4600900492327269,0,1,0,0,0
8.65,-59.18673888840343,-11.066937174247876,2.5973196317296896,0.20869455295462072,0.02944410344723301,-0.11459138171908699,1.0,0.0,0.0,STATE_OUTSIDE_FREE_DOMAIN,0.4592274874441342,0,1,0,0,0
8.666666666666666,-59.183550621365285,-11.066487350986273,2.595568997034061,0.1912960222890019,0.026989395696141255,-0.10503808173770851,1.0,0.0,0.0,STATE_OUTSIDE_FREE_DOMAIN,0.4584401274359501,0,1,0,0,0
8.683333333333334,-59.18065232983823,-11.066078439520522,2.593977584004789,0.17389749162338122,0.024534687945049236,-0.09548478175632902,1.0,0.0,0.0,STATE_OUTSIDE_FREE_DOMAIN,0.45772709303288883,0,1,0,0,0
8.7,-59.178044013822266,-11.065710439850623,2.5925453926418736,0.1564989609577624,0.02207998019395748,-0.08593148177495054,1.0,0.0,0.0,STATE_OUTSIDE_FREE_DOMAIN,0.4570875955593834,0,1,0,0,0
8.716666666666667,-59.175725673317395,-11.065383351976575,2.591272422945314,0.1391004302921417,0.019625272442865462,-0.07637818179357105,1.0,0.0,0.0,STATE_OUTSIDE_FREE_DOMAIN,0.4565209316068253,0,1,0,0,0
8.733333333333333,-59.17369730832362,-11.065097175898378,2.5901586749151106,0.12170189962652288,0.017170564691773707,-0.06682488181219257,1.0,0.0,0.0,STATE_OUTSIDE_FREE_DOMAIN,0.45602648102423293,0,1,0,0,0
8.75,-59.171958918840936,-11.064851911616033,2.589204148551264,0.1043033689609022,0.014715856940681688,-0.05727158183081307,1.0,0.0,0.0,ANGULAR_STEP_BLOCKED,0.45560370513225346,0,1,0,0,0
8.766666666666667,-59.17051050486935,-11.06464755912954,2.5884088438537733,0.08690483829528152,0.01226114918958967,-0.04771828184943358,1.0,0.0,0.0,ANGULAR_STEP_BLOCKED,0.4552521451605912,0,1,0,0,0
8.783333333333333,-59.169352066408855,-11.064484118438898,2.5877727608226393,0.0695063076296627,0.009806441438497912,-0.03816498186805511,1.0,0.0,0.0,ANGULAR_STEP_BLOCKED,0.4549714209088175,0,1,0,0,0
8.8,-59.16848360345946,-11.064361589544108,2.587295899457861,0.05210777696404202,0.007351733687405895,-0.028611681886675615,1.0,0.0,0.0,ANGULAR_STEP_BLOCKED,0.45476122963055465,0,1,0,0,0
8.816666666666666,-59.16790511602115,-11.064279972445169,2.5869782597594395,0.0347092462984232,0.004897025936314138,-0.019058381905297142,1.0,0.0,0.0,ANGULAR_STEP_BLOCKED,0.45462134514105346,0,1,0,0,0
8.833333333333334,-59.167616604093936,-11.064239267142082,2.5868198417273742,0.017310715632802523,0.002442318185222121,-0.009505081923917651,1.0,0.0,0.0,ANGULAR_STEP_BLOCKED,0.4545516171481636,0,1,0,0,0
8.85,-59.167616604093936,-11.064239267142082,2.5868198417273742,0.0,0.0,0.0,1.0,0.0,0.0,ANGULAR_STEP_BLOCKED,0.4545516171481636,0,1,0,0,0
8.866666666666667,-59.167616604093936,-11.064239267142082,2.5868198417273742,0.0,0.0,0.0,1.0,0.0,0.0,ANGULAR_STEP_BLOCKED,0.4545516171481636,0,1,0,0,0
8.883333333333333,-59.16733186728553,-11.064185411581379,2.5866551127389275,0.01708420850400354,0.0032313336421411565,-0.009883739306803597,1.0,0.0,0.0,ANGULAR_STEP_BLOCKED,0.45449357000260315,0,1,0,0,0
8.9,-59.16676059960449,-11.064077240472729,2.586328949580049,0.034276060862764676,0.006490266519005869,-0.01956978953270523,1.0,0.0,0.0,ANGULAR_STEP_BLOCKED,0.45437469596598556,0,1,0,0,0
8.916666666666666,-59.16590323313584,-11.063907920096204,2.5858430386140374,0.051441988118696394,0.010159222591489483,-0.029154657960711983,1.0,0.0,0.0,TRACKING,0.4541973387520415,0,1,0,0,0
8.933333333333334,-59.16475974833144,-11.06367744817073,2.5851974157288846,0.06860908826412103,0.01382831552853855,-0.03873737310916015,1.0,0.0,0.0,TRACKING,0.45396170122651924,0,1,0,0,0
8.95,-59.16333118482292,-11.063381140327639,2.584392084122863,0.08571381051117112,0.01777847058544677,-0.04831989636128985,1.0,0.0,0.0,TRACKING,0.4536707369090547,0,1,0,0,0
8.966666666666667,-59.16218836625406,-11.063144100739853,2.583747837011713,0.06856911413210343,0.014222375267155616,-0.0386548266689984,1.0,0.0,0.0,TRACKING,0.45343844060470595,0,1,0,0,0
8.983333333333333,-59.160756041572746,-11.062837354405232,2.5829537957370685,0.08593948087847601,0.018404780077204988,-0.047642476478673,1.0,0.0,0.0,TARGET_HOLD,0.4531441009713353,0,1,0,0,0
9.0,-59.159036518957734,-11.062464153221594,2.5820041517277827,0.1031713569008684,0.02239207101828664,-0.05697864055714261,1.0,0.0,0.0,TARGET_HOLD,0.4527915716698869,0,1,0,0,2
9.016666666666667,-59.15702952161546,-11.062025706646162,2.580898904276538,0.12041984053626105,0.02630679452594519,-0.06631484707468586,1.0,0.0,0.0,TARGET_HOLD,0.45238061975232036,0,1,0,0,2
9.033333333333333,-59.15473451276627,-11.061521268006786,2.579639366415725,0.13770053095193127,0.030266318362576216,-0.07557227164877063,1.0,0.0,0.0,TARGET_HOLD,0.45191097924167045,0,1,0,0,2
9.05,-59.15215142790696,-11.060950361238843,2.5782258632620936,0.15498509155878396,0.034254406076560454,-0.08481018921787917,1.0,0.0,0.0,TARGET_HOLD,0.45138321237209467,0,1,0,0,4
9.066666666666666,-59.14928036132757,-11.060312578295825,2.576658395121464,0.17226399476325685,0.038266976581044096,-0.09404808843777536,1.0,0.0,0.0,TARGET_HOLD,0.4507982078393935,0,1,0,0,4
9.083333333333334,-59.146121402589486,-11.059607533916848,2.574936962324812,0.18953752428511578,0.04230266273864042,-0.10328596779912735,1.0,0.0,0.0,TARGET_HOLD,0.450156903664679,0,1,0,0,4
9.1,-59.14267442125448,-11.058833866395547,2.5730624120598065,0.20681888010001626,0.046420051278102455,-0.11247301590033303,1.0,0.0,0.0,TARGET_HOLD,0.4494600749720926,0,1,0,0,4
9.116666666666667,-59.1389394354069,-11.057991499648358,2.571034744427382,0.2240991508550024,0.05054200483137743,-0.1216600579454667,1.0,0.0,0.0,TARGET_HOLD,0.44870859521490813,0,1,0,0,4
9.133333333333333,-59.13491636713337,-11.057080179012774,2.568854220691881,0.24138409641173555,0.05467923813502168,-0.13083142413006224,1.0,0.0,0.0,TARGET_HOLD,0.4479032492902808,0,1,0,0,4
9.15,-59.13060422955931,-11.056094663615639,2.566525220736193,0.2587282544434739,0.059130923828125855,-0.1397399973412974,1.0,0.0,0.0,TARGET_HOLD,0.447043984588272,0,1,0,0,4
9.166666666666666,-59.12600322533731,-11.055034162983077,2.5640477472633942,0.2760602533202669,0.06363003795376883,-0.14864840836791945,1.0,0.0,0.0,TARGET_HOLD,0.4461322202863325,0,1,0,0,4
9.183333333333334,-59.121111743425814,-11.053889569171648,2.5614300519653064,0.2934889146897248,0.0686756286856837,-0.15706171788527468,1.0,0.0,0.0,TARGET_HOLD,0.44516691765056293,0,1,0,0,4
9.2,-59.11593020276471,-11.052659431122226,2.558672145340168,0.3108924396661569,0.07380828296538143,-0.16547439750830567,1.0,0.0,0.0,TARGET_HOLD,0.44414994811122754,0,1,0,0,4
9.216666666666667,-59.11103665489072,-11.051497664800163,2.556067524632775,0.2936128724393145,0.06970597932375014,-0.15627724244356234,1.0,0.0,0.0,TARGET_HOLD,0.44319596181824006,0,1,0,0,4
9.233333333333333,-59.105853809939696,-11.050257627376107,2.5533169863221783,0.3109706970612026,0.07440224544335602,-0.16503229863581895,1.0,0.0,0.0,TARGET_HOLD,0.4421915519679551,0,1,0,0,4
9.25,-59.10038139946111,-11.048939198161635,2.5504211289022027,0.32834462871530606,0.07910575286831126,-0.1737514451985264,1.0,0.0,0.0,TARGET_HOLD,0.441137222106027,0,1,0,0,4
9.266666666666667,-59.0946196208676,-11.04754164553923,2.5473799556486316,0.34570671561073274,0.083853157344312,-0.18247039521426459,1.0,0.0,0.0,TARGET_HOLD,0.4400343931086479,0,1,0,0,4
9.283333333333333,-59.08856677887495,-11.046055796102243,2.5442024120121802,0.36317051955911794,0.08915096621921993,-0.1906526181871044,1.0,0.0,0.0,TARGET_HOLD,0.43888153165835386,0,1,0,0,4
9.3,-59.08222445053419,-11.044490524677386,2.540879951457414,0.38053970044553936,0.09391628549138872,-0.19934763328594754,1.0,0.0,0.0,TARGET_HOLD,0.4376819325534185,0,1,0,0,4
9.316666666666666,-59.075592810454474,-11.04284519202528,2.537412577036159,0.3978984047832901,0.09871995912633105,-0.20804246527532305,1.0,0.0,0.0,TARGET_HOLD,0.4364369412757232,0,1,0,0,4
9.333333333333334,-59.069249672732674,-11.041271437797816,2.5340960470039677,0.38058826330815043,0.09442525364786225,-0.1989918019314626,1.0,0.0,0.0,STATE_OUTSIDE_FREE_DOMAIN,0.43525505502422424,0,1,0,0,4
9.35,-59.06319503736879,-11.039769261994993,2.5309303613608414,0.3632781218330126,0.09013054816939389,-0.18994113858760311,1.0,0.0,0.0,STATE_OUTSIDE_FREE_DOMAIN,0.4341348371909277,0,1,0,0,4
9.366666666666667,-59.05742890436283,-11.038338664616811,2.5279155201067787,0.34596798035787296,0.08583584269092509,-0.18089047524374266,1.0,0.0,0.0,STATE_OUTSIDE_FREE_DOMAIN,0.43307497188028476,0,1,0,0,4
9.383333333333333,-59.051951273714785,-11.03697964566327,2.525051523241781,0.32865783888273514,0.08154113721245673,-0.17183981189988318,1.0,0.0,0.0,STATE_OUTSIDE_FREE_DOMAIN,0.43207425617803596,0,1,0,0,4
9.4,-59.04676214542466,-11.035692205134369,2.522338370765847,0.3113476974075955,0.07724643173398793,-0.16278914855602272,1.0,0.0,0.0,STATE_OUTSIDE_FREE_DOMAIN,0.43113159278840874,0,1,0,0,4
9.416666666666666,-59.04186151949245,-11.03447634303011,2.519776062678978,0.2940375559324577,0.07295172625551957,-0.15373848521216324,1.0,0.0,0.0,STATE_OUTSIDE_FREE_DOMAIN,0.4302459830397296,0,1,0,0,4
9.433333333333334,-59.03724939591816,-11.033332059350494,2.517364598981173,0.276727414457318,0.06865702077705077,-0.14468782186830279,1.0,0.0,0.0,STATE_OUTSIDE_FREE_DOMAIN,0.42941652025840793,0,1,0,0,4
9.45,-59.03292577470179,-11.032259354095517,2.5151039796724324,0.2594172729821802,0.06436231529858243,-0.1356371585244433,1.0,0.0,0.0,ANGULAR_STEP_BLOCKED,0.42864238351132666,0,1,0,0,4
9.466666666666667,-59.028890655843334,-11.031258227265182,2.512994204752756,0.24210713150704055,0.06006760982011362,-0.12658649518058285,1.0,0.0,0.0,ANGULAR_STEP_BLOCKED,0.42792283171659895,0,1,0,0,4
9.483333333333333,-59.025144039342806,-11.030328678859489,2.5110352742221442,0.22479699003190273,0.055772904341645266,-0.11753583183672335,1.0,0.0,0.0,ANGULAR_STEP_BLOCKED,0.42725719812275276,0,1,0,0,4
9.5,-59.021685925200195,-11.029470708878435,2.5092271880805965,0.20748684855676308,0.05147819886317646,-0.1084851684928629,1.0,0.0,0.0,ANGULAR_STEP_BLOCKED,0.42664488515624466,0,1,0,0,4
9.516666666666667,-59.0185163134155,-11.028684317322023,2.507569946328113,0.19017670708162343,0.04718349338470765,-0.09943450514900244,1.0,0.0,0.0,ANGULAR_STEP_BLOCKED,0.42608535963742,0,1,0,0,4
9.533333333333333,-59.01563520398873,-11.027969504190253,2.506063548964694,0.1728665656064856,0.0428887879062393,-0.09038384180514296,1.0,0.0,0.0,ANGULAR_STEP_BLOCKED,0.425578148364848,0,1,0,0,4
9.55,-59.013042596919874,-11.027326269483122,2.504707995990339,0.15555642413134596,0.03859408242777049,-0.0813331784612825,1.0,0.0,0.0,ANGULAR_STEP_BLOCKED,0.4251228340680069,0,1,0,0,4
9.566666666666666,-59.01073849220894,-11.026754613200634,2.5035032874050485,0.13824628265620814,0.034299376949302136,-0.07228251511742302,1.0,0.0,0.0,ANGULAR_STEP_BLOCKED,0.42471905172842916,0,1,0,0,4
9.583333333333334,-59.00872288985592,-11.026254535342787,2.5024494232088226,0.12093614118106848,0.03000467147083333,-0.06323185177356257,1.0,0.0,0.0,ANGULAR_STEP_BLOCKED,0.4243664852691641,0,1,0,0,4
9.6,-59.00699578986082,-11.025826035909581,2.501546403401661,0.10362599970593066,0.02570996599236498,-0.05418118842970308,1.0,0.0,0.0,ANGULAR_STEP_BLOCKED,0.4240648646126769,0,1,0,0,4
9.616666666666667,-59.005557192223634,-11.025469114901016,2.5007942279835635,0.08631585823079099,0.021415260513896174,-0.04513052508584262,1.0,0.0,0.0,ANGULAR_STEP_BLOCKED,0.42381396310712416,0,1,0,0,4
9.633333333333333,-59.00440709694438,-11.025183772317092,2.5001928969545304,0.06900571675565317,0.017120555035427823,-0.03607986174198313,1.0,0.0,0.0,ANGULAR_STEP_BLOCKED,0.4236135953210114,0,1,0,0,4
9.65,-59.00354550402304,-11.02497000815781,2.499742410314562,0.05169557528051351,0.012825849556959016,-0.02702919839812268,1.0,0.0,0.0,ANGULAR_STEP_BLOCKED,0.42346361520623754,0,1,0,0,4
9.666666666666666,-59.00297241345962,-11.024827822423168,2.4994427680636573,0.03438543380537569,0.008531144078490666,-0.017978535054263195,1.0,0.0,0.0,ANGULAR_STEP_BLOCKED,0.4233639146295479,0,1,0,0,4
9.683333333333334,-59.002687825254114,-11.024757215113167,2.4992939702018173,0.01707529233023602,0.00423643860002186,-0.008927871710402744,1.0,0.0,0.0,ANGULAR_STEP_BLOCKED,0.42331442227236726,0,1,0,0,4
9.7,-59.002687825254114,-11.024757215113167,2.4992939702018173,0.0,0.0,0.0,1.0,0.0,0.0,ANGULAR_STEP_BLOCKED,0.42331442227236726,0,1,0,0,4
9.716666666666667,-59.002687825254114,-11.024757215113167,2.4992939702018173,0.0,0.0,0.0,1.0,0.0,0.0,STATE_OUTSIDE_FREE_DOMAIN,0.42331442227236726,0,1,0,0,4
9.733333333333333,-59.002407851197525,-11.024678819632976,2.4991309371148844,0.016798443395234373,0.0047037288114543515,-0.009781985215964878,1.0,0.0,0.0,STATE_OUTSIDE_FREE_DOMAIN,0.423279956143212,0,1,0,0,4
9.75,-59.001847903084354,-11.024522028672594,2.498804870941019,0.03359688679047053,0.009407457622909204,-0.019563970431930797,1.0,0.0,0.0,STATE_OUTSIDE_FREE_DOMAIN,0.4232110605874079,0,1,0,0,4
9.766666666666667,-59.00100739816402,-11.024288572483652,2.4983159507472537,0.05043029521999867,0.014007371336588848,-0.029335211625936428,1.0,0.0,0.0,STATE_OUTSIDE_FREE_DOMAIN,0.4231066054050665,0,1,0,0,4
9.783333333333333,-58.999882884590946,-11.023991663285233,2.4976644762183593,0.0674708143843077,0.01781455190515502,-0.039088471733669805,1.0,0.0,0.0,TARGET_HOLD,0.4229587865488499,0,1,0,0,4
9.8,-58.99847519754628,-11.02362840315442,2.496850147614092,0.0844612226801045,0.021795607848774674,-0.04885971625603897,1.0,0.0,0.0,TARGET_HOLD,0.42276968388617164,0,1,0,0,4
9.816666666666666,-58.996784700407744,-11.023197107308578,2.4958730286433974,0.10142982831179644,0.02587775075059088,-0.05862713824166132,1.0,0.0,0.0,TARGET_HOLD,0.4225403809045519,0,1,0,0,4
9.833333333333334,-58.99481068426118,-11.022700491621313,2.4947332400642552,0.11844096879368608,0.029796941235884795,-0.06838731474854051,1.0,0.0,0.0,TARGET_HOLD,0.42226943384792603,0,1,0,0,4
9.85,-58.9925527207652,-11.022140385865406,2.4934308045513873,0.13547780975908524,0.033606345354428926,-0.07814613077207892,1.0,0.0,0.0,TARGET_HOLD,0.4219560416556082,0,1,0,0,4
9.866666666666667,-58.99001056078291,-11.021517909587075,2.491965724068662,0.15252959893692666,0.03734857669985116,-0.08790482896352995,1.0,0.0,0.0,TARGET_HOLD,0.4215998584713967,0,1,0,0,4
9.883333333333333,-58.98718397588528,-11.02083410726577,2.490338000740745,0.16959509385797708,0.041028139278308194,-0.09766339967500073,1.0,0.0,0.0,TARGET_HOLD,0.42120061137610676,0,1,0,0,4
9.9,-58.984069233956596,-11.020087127926287,2.4885550830155623,0.18688451572084847,0.044818760369046175,-0.10697506351097318,1.0,0.0,0.0,TARGET_HOLD,0.4207524876114709,0,1,0,0,4
9.916666666666666,-58.98066878707068,-11.01927558684787,2.486613056615614,0.2040268131552538,0.04869246470497326,-0.11652158399689654,1.0,0.0,0.0,TARGET_HOLD,0.4202603610173431,0,1,0,0,4
9.933333333333334,-58.97698276235374,-11.018398885539172,2.4845119372933375,0.22116148301601019,0.052602078521868816,-0.1260671593365849,1.0,0.0,0.0,TARGET_HOLD,0.4197249139905541,0,1,0,0,4
9.95,-58.97300788702428,-11.017460381082945,2.4822563614862236,0.23849251976771857,0.05631026737370968,-0.13533454842682877,1.0,0.0,0.0,TARGET_HOLD,0.4191402029233725,0,1,0,0,4
9.966666666666667,-58.96874402041634,-11.016460730314149,2.479846330894359,0.25583199647657673,0.05997904612773621,-0.14460183551189357,1.0,0.0,0.0,TARGET_HOLD,0.41850624300240713,0,1,0,0,4
9.983333333333333,-58.9641856048498,-11.015405991009564,2.4772902959350005,0.2735049339921767,0.06328435827510329,-0.15336209756151986,1.0,0.0,0.0,TARGET_HOLD,0.41781217807267523,0,1,0,0,4
10.0,-58.95933240609539,-11.014297411597592,2.474588263626032,0.29119192526476717,0.06651476471827657,-0.16212193853811593,1.0,0.0,0.0,TARGET_HOLD,0.4170577187079568,0,1,0,0,4
10.016666666666667,-58.95418796318676,-11.013132049144046,2.4717343641384706,0.3086665745179286,0.06992174721275217,-0.17123396925367873,1.0,0.0,0.0,TARGET_HOLD,0.4162503241809876,0,1,0,0,4
10.033333333333333,-58.94875192619284,-11.011910003581804,2.468729232955405,0.32616221963514985,0.07332273373458859,-0.18030787098394307,1.0,0.0,0.0,TARGET_HOLD,0.4153897088433409,0,1,0,0,4
10.05,-58.94302430988547,-11.010631199873627,2.4655728697388657,0.3436569784422384,0.07672822249057236,-0.18938179299235294,1.0,0.0,0.0,TARGET_HOLD,0.41447626470142396,0,1,0,0,4
10.066666666666666,-58.937004975953705,-11.009296344307327,2.462265277795131,0.36116003590593787,0.08009133397799786,-0.1984555166241116,1.0,0.0,0.0,TARGET_HOLD,0.4135099407296967,0,1,0,0,4
10.083333333333334,-58.930687988827216,-11.007913520077423,2.458815514496703,0.3790192275892548,0.08296945379415219,-0.2069857979056663,1.0,0.0,0.0,TARGET_HOLD,0.4124783572751135,0,1,0,0,4
10.1,-58.92407879178799,-11.006475305770675,2.4552152307099835,0.396551822353542,0.08629285840494223,-0.2160170272031774,1.0,0.0,0.0,TARGET_HOLD,0.41139345459425336,0,1,0,0,6
10.116666666666667,-58.917177257519164,-11.00498236767021,2.451464429941821,0.41409205612951916,0.08957628602782206,-0.22504804608973827,1.0,0.0,0.0,TARGET_HOLD,0.410255109001309,0,1,0,0,6
10.133333333333333,-58.910563447841184,-11.003551670078506,2.447869999855065,0.3968285806787983,0.08584185550224738,-0.21566580520538833,1.0,0.0,0.0,TARGET_HOLD,0.40916757209909826,0,1,0,0,6
10.15,-58.90423736275405,-11.002183212995561,2.444431940449714,0.3795651052280755,0.0821074249766723,-0.2062835643210374,1.0,0.0,0.0,STATE_OUTSIDE_FREE_DOMAIN,0.40813016493098175,0,1,0,0,6
10.166666666666666,-58.89819900225776,-11.000876996421376,2.4411502517257695,0.36230162977735464,0.07837299445109762,-0.19690132343668745,1.0,0.0,0.0,STATE_OUTSIDE_FREE_DOMAIN,0.4071422926546897,0,1,0,0,8
10.183333333333334,-58.89244836635232,-10.999633020355951,2.4380249336832303,0.3450381543266319,0.07463856392552254,-0.1875190825523365,1.0,0.0,0.0,STATE_OUTSIDE_FREE_DOMAIN,0.4062034372610538,0,1,0,0,8
10.2,-58.886985455037724,-10.998451284799286,2.4350559863220975,0.327774678875911,0.07090413339994786,-0.17813684166798657,1.0,0.0,0.0,STATE_OUTSIDE_FREE_DOMAIN,0.40531315062382334,0,1,0,0,8
10.216666666666667,-58.88181026831397,-10.99733178975138,2.43224340964237,0.31051120342518823,0.06716970287437278,-0.16875460078363563,1.0,0.0,0.0,STATE_OUTSIDE_FREE_DOMAIN,0.404471047880716,0,1,0,0,8
10.233333333333333,-58.876922806181064,-10.996274535212233,2.429587203644049,0.29324772797446735,0.0634352723487981,-0.1593723598992857,1.0,0.0,0.0,STATE_OUTSIDE_FREE_DOMAIN,0.403676801145611,0,1,0,0,8
10.25,-58.872323068639,-10.995279521181846,2.427087368327133,0.2759842525237446,0.05970084182322303,-0.14999011901493475,1.0,0.0,0.0,STATE_OUTSIDE_FREE_DOMAIN,0.40293013355191465,0,1,0,0,8
10.266666666666667,-58.86801105568778,-10.994346747660218,2.424743903691623,0.2587207770730219,0.055966411297647956,-0.1406078781305838,1.0,0.0,0.0,ANGULAR_STEP_BLOCKED,0.40223081362709767,0,1,0,0,8
10.283333333333333,-58.86398676732741,-10.99347621464735,2.4225568097375194,0.24145730162230097,0.05223198077207328,-0.13122563724623387,1.0,0.0,0.0,ANGULAR_STEP_BLOCKED,0.40157864999840887,0,1,0,0,8
10.3,-58.86025020355788,-10.99266792214324,2.4205260864648213,0.22419382617157824,0.0484975502464982,-0.12184339636188295,1.0,0.0,0.0,ANGULAR_STEP_BLOCKED,0.4009734864297535,0,1,0,0,8
10.316666666666666,-58.8568013643792,-10.991921870147893,2.418651733873529,0.20693035072085733,0.04476311972092352,-0.11246115547753302,1.0,0.0,0.0,ANGULAR_STEP_BLOCKED,0.40041519718974883,0,1,0,0,8
10.333333333333334,-58.85364024979137,-10.991238058661304,2.4169337519636427,0.1896668752701346,0.041028689195348446,-0.1030789145931821,1.0,0.0,0.0,ANGULAR_STEP_BLOCKED,0.399903682750932,0,1,0,0,8
10.35,-58.850766859794376,-10.990616487683475,2.4153721407351623,0.1724033998194137,0.03729425866977377,-0.09369667370883217,1.0,0.0,0.0,ANGULAR_STEP_BLOCKED,0.3994388658201593,0,1,0,0,8
10.366666666666667,-58.84818119438823,-10.990057157214405,2.4139669001880875,0.15513992436869095,0.033559828144198695,-0.08431443282448124,1.0,0.0,0.0,ANGULAR_STEP_BLOCKED,0.39902068770018084,0,1,0,0,8
10.383333333333333,-58.845883253572936,-10.989560067254095,2.4127180303224187,0.13787644891797005,0.029825397618624017,-0.07493219194013132,1.0,0.0,0.0,ANGULAR_STEP_BLOCKED,0.3986491049823502,0,1,0,0,8
10.4,-58.84387303734848,-10.989125217802544,2.4116255311381556,0.12061297346724731,0.02609096709304894,-0.06554995105578039,1.0,0.0,0.0,ANGULAR_STEP_BLOCKED,0.3983240865705384,0,1,0,0,8
10.416666666666666,-58.84215054571487,-10.988752608859752,2.4106894026352985,0.1033494980165264,0.022356536567474262,-0.056167710171430456,1.0,0.0,0.0,ANGULAR_STEP_BLOCKED,0.3980456110362126,0,1,0,0,8
10.433333333333334,-58.840715778672106,-10.98844224042572,2.409909644813847,0.08608602256580367,0.018622106041899185,-0.04678546928707952,1.0,0.0,0.0,ANGULAR_STEP_BLOCKED,0.39781366430467235,0,1,0,0,8
10.45,-58.83956873622019,-10.988194112500448,2.4092862576738017,0.06882254711508276,0.014887675516324505,-0.03740322840272959,1.0,0.0,0.0,ANGULAR_STEP_BLOCKED,0.39762823767247246,0,1,0,0,8
10.466666666666667,-58.838709418359116,-10.988008225083936,2.408819241215162,0.05155907166436002,0.011153244990749427,-0.028020987518378657,1.0,0.0,0.0,ANGULAR_STEP_BLOCKED,0.3974893261560014,0,1,0,0,8
10.483333333333333,-58.838137825088886,-10.987884578176184,2.408508595437928,0.034295596213639125,0.007418814465174747,-0.018638746634028727,1.0,0.0,0.0,ANGULAR_STEP_BLOCKED,0.3973969271712352,0,1,0,0,8
10.5,-58.837853956409504,-10.98782317177719,2.4083543203421,0.017032120762916388,0.0036843839395996696,-0.009256505749677795,1.0,0.0,0.0,ANGULAR_STEP_BLOCKED,0.39735103954467466,0,1,0,0,8
10.516666666666667,-58.837853956409504,-10.98782317177719,2.4083543203421,0.0,0.0,0.0,1.0,0.0,0.0,ANGULAR_STEP_BLOCKED,0.39735103954467466,0,1,0,0,8
10.533333333333333,-58.837853956409504,-10.98782317177719,2.4083543203421,0.0,0.0,0.0,1.0,0.0,0.0,ANGULAR_STEP_BLOCKED,0.39735103954467466,0,1,0,0,8
10.55,-58.83757265747838,-10.987748126525721,2.408191992794549,0.01687793586719221,0.004502715088161239,-0.009739652853045205,1.0,0.0,0.0,TARGET_HOLD,0.3973171933814025,0,1,0,0,8
10.566666666666666,-58.83701005961614,-10.987598036022783,2.407867337699448,0.033755871734382624,0.009005430176321997,-0.019479305706089373,1.0,0.0,0.0,TARGET_HOLD,0.39724949409969024,0,1,0,0,8
10.583333333333334,-58.83616794007212,-10.987366527321234,2.4073803563357945,0.05052717264105966,0.01389052209300732,-0.029218881819209966,1.0,0.0,0.0,TARGET_HOLD,0.39715146371374555,0,1,0,0,8
10.6,-58.83505248514095,-10.987003391778421,2.4067552690276663,0.06692729587035579,0.02178813256876003,-0.037505238487682384,1.0,0.0,0.0,TARGET_HOLD,0.3970306077446695,0,1,0,0,8
10.616666666666667,-58.83421675567556,-10.986731320657862,2.406286936451207,0.05014376792308251,0.01632426723353063,-0.028099954587575214,1.0,0.0,0.0,STATE_OUTSIDE_FREE_DOMAIN,0.3969399971992349,0,1,0,0,8
10.633333333333333,-58.833660751675964,-10.986550313959556,2.405975358606416,0.03336023997581103,0.010860401898301807,-0.018694670687469044,1.0,0.0,0.0,STATE_OUTSIDE_FREE_DOMAIN,0.3968796848867513,0,1,0,0,8
10.65,-58.833384473142154,-10.986460371683505,2.405820535493293,0.016576712028537756,0.005396536563072403,-0.009289386787361872,1.0,0.0,0.0,STATE_OUTSIDE_FREE_DOMAIN,0.39684970671916553,0,1,0,0,8
10.666666666666666,-58.833384473142154,-10.986460371683505,2.405820535493293,0.0,0.0,0.0,1.0,0.0,0.0,STATE_OUTSIDE_FREE_DOMAIN,0.39684970671916553,0,1,0,0,8
10.683333333333334,-58.833384473142154,-10.986460371683505,2.405820535493293,0.0,0.0,0.0,1.0,0.0,0.0,STATE_OUTSIDE_FREE_DOMAIN,0.39684970671916553,0,1,0,0,8
10.7,-58.833384473142154,-10.986460371683505,2.405820535493293,0.0,0.0,0.0,1.0,0.0,0.0,STATE_OUTSIDE_FREE_DOMAIN,0.39684970671916553,0,1,0,0,8
10.716666666666667,-58.83310510102385,-10.986343966634209,2.4056808494341393,0.01676232709847071,0.006984302957696129,-0.008381163549235354,1.0,0.0,0.0,TARGET_HOLD,0.3968183508589951,0,1,0,0,8
10.733333333333333,-58.83254635678723,-10.98611115653562,2.4054014773158316,0.03352465419693963,0.013968605915391515,-0.016762327098469816,1.0,0.0,0.0,TARGET_HOLD,0.39675560473041394,0,1,0,0,8
10.75,-58.83171095721066,-10.985755622881253,2.404982420327763,0.05012397459458136,0.02133201926194184,-0.02514341928411719,1.0,0.0,0.0,TARGET_HOLD,0.39666546509699785,0,1,0,0,8
10.766666666666667,-58.8306018229849,-10.98527097769211,2.4044236827593117,0.06654805354545179,0.029078711348610224,-0.03352425410709062,1.0,0.0,0.0,TARGET_HOLD,0.39655202985106086,0,1,0,0,8
10.783333333333333,-58.82921597129104,-10.984663748419562,2.403725260916676,0.08315110163156109,0.03643375635284787,-0.04190531055815547,1.0,0.0,0.0,TARGET_HOLD,0.3964108377254363,0,1,0,0,8
10.8,-58.827553402129084,-10.983933935063611,2.4028871547998554,0.09975414971767217,0.04378880135708625,-0.05028636700922121,1.0,0.0,0.0,TARGET_HOLD,0.39624169000529963,0,1,0,0,8
10.816666666666666,-58.82561576119422,-10.983077886036751,2.401909366235124,0.11625845609175177,0.051362941611545115,-0.05866731388390404,1.0,0.0,0.0,TARGET_HOLD,0.39604672857312206,0,1,0,0,8
10.833333333333334,-58.823397897235445,-10.98210971125105,2.4007901068883037,0.13307183752650167,0.05809048714203714,-0.06715556080920042,1.0,0.0,0.0,TARGET_HOLD,0.3958183108362451,0,1,0,0,8
10.85,-58.820900668342155,-10.981026193064535,2.399530269291519,0.14983373359737273,0.06501109119092217,-0.07559025580711398,1.0,0.0,0.0,TARGET_HOLD,0.3956349097010008,0,1,0,0,8
10.866666666666667,-58.81812376205819,-10.97982808985106,2.39812985452783,0.16661437703769166,0.07188619280851397,-0.08402488582132964,1.0,0.0,0.0,TARGET_HOLD,0.395572889541863,0,1,0,0,8
10.883333333333333,-58.815063010327464,-10.978530165433611,2.3965859873305755,0.18364510384393323,0.07787546504694011,-0.09263203183526117,1.0,0.0,0.0,TARGET_HOLD,0.3954963650091665,0,1,0,0,8
10.9,-58.81172069336098,-10.97712392790793,2.394900344254856,0.20053901798880502,0.08437425154085382,-0.10113858454316028,1.0,0.0,0.0,TARGET_HOLD,0.39540869917021904,0,1,0,0,8
10.916666666666666,-58.808097072864385,-10.975608780745253,2.393072862799202,0.21741722979598468,0.09090882976067582,-0.10964888733924008,1.0,0.0,0.0,TARGET_HOLD,0.39531044468191556,0,1,0,0,8
10.933333333333334,-58.80419182266692,-10.973985566844432,2.3911035455130594,0.23431501184771622,0.09739283404928979,-0.1181590371685589,1.0,0.0,0.0,TARGET_HOLD,0.39520121571855427,0,1,0,0,8
10.95,-58.80000459201978,-10.972255915361485,2.388991858362761,0.25123383882861683,0.10377908897683155,-0.1267012290178885,1.0,0.0,0.0,TARGET_HOLD,0.39508076981815377,0,1,0,0,8
10.966666666666667,-58.79553449760538,-10.970422537303397,2.3867375528479577,0.2682056648640056,0.11000268348528247,-0.13525833088820177,1.0,0.0,0.0,TARGET_HOLD,0.39566386974379886,0,1,0,0,8
10.983333333333333,-58.7907784169453,-10.968497497988032,2.384338605733646,0.28536483960467945,0.11550235892196639,-0.143936826858709,1.0,0.0,0.0,TARGET_HOLD,0.39625047748144604,0,1,0,0,8
11.0,-58.785739040726256,-10.96647016680954,2.3817968611679605,0.30236257314268644,0.12163987070959599,-0.1525046739411247,1.0,0.0,0.0,TARGET_HOLD,0.39683926553973714,0,1,0,0,8
11.016666666666667,-58.78041648492596,-10.964340432251564,2.3791121691163175,0.31935334801804593,0.12778407347847795,-0.1610815230985808,1.0,0.0,0.0,TARGET_HOLD,0.3974260309592941,0,1,0,0,8
11.033333333333333,-58.774810440731564,-10.962109145744277,2.376284534268024,0.3363626516638703,0.13387719043720922,-0.16965809089760864,1.0,0.0,0.0,TARGET_HOLD,0.3980057528451092,0,1,0,0,8
11.05,-58.76892002368844,-10.959779964704174,2.373313164057129,0.35342502258754344,0.13975086240621726,-0.17828221265367875,1.0,0.0,0.0,TARGET_HOLD,0.3985726896341949,0,1,0,0,8
11.066666666666666,-58.76274485317286,-10.95735398859423,2.3701980674203593,0.37051023093437835,0.14555856659665492,-0.18690579820619518,1.0,0.0,0.0,TARGET_HOLD,0.3991214839909858,0,1,0,0,8
11.083333333333334,-58.75628154923686,-10.954845890259463,2.3669368674525684,0.38779823615989806,0.1504859000859927,-0.19567199806744023,1.0,0.0,0.0,TARGET_HOLD,0.3996427097764418,0,1,0,0,8
11.1,-58.749533098743,-10.952242442609071,2.363531754109234,0.4049070296315977,0.15620685902355552,-0.20430680060006381,1.0,0.0,0.0,TARGET_HOLD,0.40013552126661645,0,1,0,0,8
11.116666666666667,-58.74249962251838,-10.949543532158915,2.3599825633638654,0.42200857347721177,0.1619346270094077,-0.21295144472210986,1.0,0.0,0.0,TARGET_HOLD,0.40059506153817526,0,1,0,0,12
11.133333333333333,-58.73518061283792,-10.94675120170416,2.3562889618867375,0.439140580827689,0.16753982728529773,-0.2216160886276787,1.0,0.0,0.0,TARGET_HOLD,0.40101556103583813,0,1,0,0,12
11.15,-58.727575691790385,-10.943866595051198,2.352450961986724,0.4562952628523096,0.1730763991777229,-0.23027999400078883,1.0,0.0,0.0,TARGET_HOLD,0.4013912967071078,0,1,0,0,12
11.166666666666666,-58.71968467358872,-10.940891017706614,2.348468104008651,0.47346109209971493,0.17853464067507177,-0.23897147868440288,1.0,0.0,0.0,TARGET_HOLD,0.4017169417239883,0,1,0,0,12
11.183333333333334,-58.71150317225481,-10.937845753367155,2.3443373461193726,0.4908900800347577,0.18271586036750354,-0.24784547335669074,1.0,0.0,0.0,TARGET_HOLD,0.4019813931100441,0,1,0,0,12
11.2,-58.70303446942553,-10.934713570741579,2.340061427547711,0.5081221697565925,0.18793095753461242,-0.25655511429970346,1.0,0.0,0.0,TARGET_HOLD,0.40218413973958445,0,1,0,0,12
11.216666666666667,-58.694278766386184,-10.93149415155082,2.3356401412622194,0.5253421823610306,0.19316515144548943,-0.26527717712946863,1.0,0.0,0.0,TARGET_HOLD,0.40232038995869,0,1,0,0,12
11.233333333333333,-58.685235454621285,-10.928190267579943,2.331073053628932,0.5425987058938938,0.19823303825266134,-0.27402525799725824,1.0,0.0,0.0,TARGET_HOLD,0.4023843218494262,0,1,0,0,12
11.25,-58.67590403877451,-10.924803572515888,2.326360194009422,0.5598849508061707,0.2032017038432462,-0.282771577170588,1.0,0.0,0.0,TARGET_HOLD,0.40237021556579955,0,1,0,0,12
11.266666666666667,-58.66628436956571,-10.921335593030898,2.3215009993179034,0.5771801525282838,0.20807876909933412,-0.29155168149111377,1.0,0.0,0.0,TARGET_HOLD,0.4022731189961599,0,1,0,0,12
11.283333333333333,-58.656371610531664,-10.917815881676766,2.3164916937368196,0.5947655420427573,0.21118268124788545,-0.300558334865052,1.0,0.0,0.0,TARGET_HOLD,0.4020815078645409,0,1,0,0,12
11.3,-58.646169168974204,-10.914220781574866,2.311335719537932,0.6121464934477068,0.21570600611404775,-0.30935845193324973,1.0,0.0,0.0,TARGET_HOLD,0.4017959414627301,0,1,0,0,12
11.316666666666666,-58.63567734500162,-10.910549778695973,2.3060327497698143,0.629509438355095,0.22026017273359644,-0.31817818608708587,1.0,0.0,0.0,TARGET_HOLD,0.40141246805074504,0,1,0,0,12
11.333333333333334,-58.62489772976831,-10.906808071516041,2.3005833629368873,0.6467769139986378,0.22450243079589172,-0.3269632099755954,1.0,0.0,0.0,TARGET_HOLD,0.40092597445260614,0,1,0,0,12
11.35,-58.613851450549056,-10.903003629031062,2.29499832881686,0.6627767531551704,0.2282665490987423,-0.3351020472016382,1.0,0.0,0.0,TARGET_HOLD,0.40033342654349124,0,1,0,0,12
11.366666666666667,-58.6025578773547,-10.899143817618631,2.2892879237193604,0.6776143916613313,0.2315886847458278,-0.34262430584995135,1.0,0.0,0.0,TARGET_HOLD,0.3996322417354896,0,1,0,0,12
11.383333333333333,-58.5910349364336,-10.8952353923728,2.2834616454457133,0.6913764552660443,0.23450551474983625,-0.34957669641884603,1.0,0.0,0.0,TARGET_HOLD,0.3988206111478405,0,1,0,0,12
11.4,-58.57929319736039,-10.89131639143229,2.2775215354273164,0.7045043443923295,0.23514005643052488,-0.35640660110378763,1.0,0.0,0.0,TARGET_HOLD,0.39789342377526293,0,1,0,0,12
11.416666666666666,-58.56735339097317,-10.887365227860439,2.2714808992136013,0.7163883832336547,0.2370698143111519,-0.3624381728229152,1.0,0.0,0.0,TARGET_HOLD,0.3968547012709166,0,1,0,0,12
11.433333333333334,-58.55523150517014,-10.883381559427015,2.2653470797383926,0.7273131481816846,0.2390201060053841,-0.368029168512511,1.0,0.0,0.0,TARGET_HOLD,0.3957067040135587,0,1,0,0,12
11.45,-58.5429404545919,-10.879372068059109,2.259126346314639,0.7374630346946544,0.24056948207437964,-0.37324400542523045,1.0,0.0,0.0,TARGET_HOLD,0.39445016417415424,0,1,0,0,12
11.466666666666667,-58.530492340662356,-10.87534108981128,2.2528252833323807,0.7468868357724009,0.24185869486969921,-0.3780637789354717,1.0,0.0,0.0,TARGET_HOLD,0.393086117025055,0,1,0,0,12
11.483333333333333,-58.51789269473229,-10.871322555677057,2.2464445010883765,0.7559787558042204,0.2411120480534171,-0.38284693464027314,1.0,0.0,0.0,TARGET_HOLD,0.391612623894638,0,1,0,0,12
11.5,-58.50515171095892,-10.867320369369018,2.239990038920636,0.7644590264021478,0.2401311784823646,-0.38726773006440823,1.0,0.0,0.0,TARGET_HOLD,0.3900317040192407,0,1,0,0,12
11.516666666666667,-58.4922872458614,-10.863295672202145,2.2334742272249732,0.7718679058512129,0.2414818300123215,-0.3909487017397618,1.0,0.0,0.0,TARGET_HOLD,0.3883510414264775,0,1,0,0,12
11.533333333333333,-58.47930819792156,-10.85925354127586,2.226900632159768,0.7787428763903009,0.242527855577162,-0.3944157039123178,1.0,0.0,0.0,TARGET_HOLD,0.3865736446226682,0,1,0,0,12
11.55,-58.466222201414176,-10.855200028898402,2.2202729536220747,0.7851597904431352,0.24321074264755038,-0.39766071226158733,1.0,0.0,0.0,TARGET_HOLD,0.38470200723866255,0,1,0,0,12
11.566666666666666,-58.45303687444057,-10.8511376636415,2.213595288844658,0.7911196184162024,0.2437419154140688,-0.4006598866450028,1.0,0.0,0.0,TARGET_HOLD,0.38273911827033147,0,1,0,0,12
11.583333333333334,-58.4397547563266,-10.847089820953242,2.206868777032709,0.7969270868381166,0.24287056129552936,-0.4035907087169416,1.0,0.0,0.0,TARGET_HOLD,0.38068532933821553,0,1,0,0,12
11.6,-58.426387103218076,-10.843037069599983,2.2000993804314977,0.8020591865113108,0.24316508119553115,-0.40616379607270814,1.0,0.0,0.0,TARGET_HOLD,0.37854743655044587,0,1,0,0,12
11.616666666666667,-58.412939944741225,-10.838981363690825,2.193290347888694,0.8068295086108863,0.24334235454943548,-0.40854195256818965,1.0,0.0,0.0,TARGET_HOLD,0.37632897656467623,0,1,0,0,12
11.633333333333333,-58.3994186417321,-10.834927002936286,2.186443720819937,0.8112781805478637,0.24326164527233918,-0.41079762412542087,1.0,0.0,0.0,TARGET_HOLD,0.3740542182983052,0,1,0,0,12
11.65,-58.385828760161274,-10.830874067831386,2.179562347295374,0.8153928942493781,0.24317610629402928,-0.41288241147377114,1.0,0.0,0.0,TARGET_HOLD,0.37222040915752364,0,1,0,0,12
11.666666666666666,-58.37217504251428,-10.826824073934795,2.1726488596222637,0.8192230588196924,0.24299963379557224,-0.4148092603866401,1.0,0.0,0.0,TARGET_HOLD,0.370432258631857,0,1,0,0,12
11.683333333333334,-58.35845752137654,-10.822800275071568,2.1657028069198074,0.8230512682641696,0.24142793179357447,-0.4167631621473575,1.0,0.0,0.0,TARGET_HOLD,0.3686836735147063,0,1,0,0,12
11.7,-58.34468480316047,-10.818781858842014,2.158729042547134,0.8263630929645153,0.2411049737732465,-0.41842586236044066,1.0,0.0,0.0,TARGET_HOLD,0.36697389531404867,0,1,0,0,12
11.716666666666667,-58.330860638519376,-10.81476999691715,2.1517296658731975,0.8294498784655763,0.2407117154918715,-0.41996260043616923,1.0,0.0,0.0,TARGET_HOLD,0.3652992786411292,0,1,0,0,12
11.733333333333333,-58.317324368335036,-10.810841683824307,2.1448760543718777,0.8121762110601805,0.2356987855705593,-0.4112166900792234,1.0,0.0,0.0,TARGET_HOLD,0.3636987722067043,0,1,0,0,12
11.75,-58.303716138692074,-10.806918548592883,2.137989974563461,0.8164937785774774,0.2353881138854532,-0.41316478850498095,1.0,0.0,0.0,TARGET_HOLD,0.36211828798976375,0,1,0,0,12
11.766666666666667,-58.29004130489346,-10.803000560122083,2.131073886168183,0.820490027917227,0.23507930824796708,-0.41496530371666596,1.0,0.0,0.0,TARGET_HOLD,0.3605550652464826,0,1,0,0,12
11.783333333333333,-58.27629837818868,-10.79911216111489,2.1241305139001003,0.8245756022867406,0.23330394043164338,-0.4166023360849931,1.0,0.0,0.0,TARGET_HOLD,0.3591802084938902,0,1,0,0,12
11.8,-58.26249794423306,-10.795230613664643,2.1171613990157923,0.8280260373367846,0.2328928470148254,-0.41814689305846386,1.0,0.0,0.0,TARGET_HOLD,0.35844948455942427,0,1,0,0,12
11.816666666666666,-58.24864449444717,-10.791354822959931,2.1101685238392376,0.8312069871534818,0.2325474422827308,-0.41957251059331346,1.0,0.0,0.0,TARGET_HOLD,0.35776184334957983,0,1,0,0,12
11.833333333333334,-58.234741647491504,-10.787485872474035,2.1031536883925743,0.8341708173401365,0.23213702915381162,-0.4208901267997655,1.0,0.0,0.0,TARGET_HOLD,0.3571166553560803,0,1,0,0,12
11.85,-58.22079173913204,-10.783629036066161,2.096118379202636,0.8369945015678832,0.23141018447242237,-0.4221185513963284,1.0,0.0,0.0,TARGET_HOLD,0.35651108810283805,0,1,0,0,12
11.866666666666667,-58.20679786464823,-10.77978524282973,2.089064147310578,0.8396324690285245,0.23062759418583023,-0.42325391352345487,1.0,0.0,0.0,TARGET_HOLD,0.35594422563189776,0,1,0,0,12
11.883333333333333,-58.192756880554086,-10.77597948851345,2.081992846918782,0.8424590456486544,0.22834525897680985,-0.42427802350780436,1.0,0.0,0.0,TARGET_HOLD,0.3554014139971805,0,1,0,0,12
11.9,-58.178677440309635,-10.77218830077412,2.0749054225144183,0.8447664146668731,0.22747126435972595,-0.42524546426178056,1.0,0.0,0.0,TARGET_HOLD,0.3548948606248137,0,1,0,0,12
11.916666666666666,-58.164562931096384,-10.768408675326583,2.067803095613593,0.8468705527952537,0.22677752685227492,-0.42613961404954637,1.0,0.0,0.0,TARGET_HOLD,0.35442563671449523,0,1,0,0,12
11.933333333333334,-58.150415373217264,-10.764642230014722,2.060687026116978,0.8488534727469894,0.22598671871166554,-0.4269641697968903,1.0,0.0,0.0,TARGET_HOLD,0.35399215556424435,0,1,0,0,12
11.95,-58.13655751991559,-10.760952911543892,2.0537166749078706,0.8314711981005908,0.22135910824978852,-0.4182210725464733,1.0,0.0,0.0,TARGET_HOLD,0.35361386715850385,0,1,0,0,12
11.966666666666667,-58.12298937119135,-10.757340719914094,2.0468920419862693,0.8140889234541904,0.216731497787911,-0.40947797529605534,1.0,0.0,0.0,TARGET_HOLD,0.3532871625084074,0,1,0,0,12
11.983333333333333,-58.109342209928336,-10.75374788430482,2.0400327693426954,0.8188296757808211,0.21557013655647655,-0.41155635861444334,1.0,0.0,0.0,TARGET_HOLD,0.35297825846958053,0,1,0,0,12
12.0,-58.09562590573536,-10.75015703455306,2.0331412623770726,0.8229782515784975,0.21545098510556956,-0.41349041793734553,1.0,0.0,0.0,TARGET_HOLD,0.35269790594830497,0,1,0,0,12
12.016666666666667,-58.08184607303859,-10.746566488563468,2.026219963083496,0.8267899618063353,0.2154327593755138,-0.4152779576145733,1.0,0.0,0.0,TARGET_HOLD,0.3524473993326658,0,1,0,0,12
12.033333333333333,-58.06800687335536,-10.742978829378393,2.0192711530234355,0.8303519809941278,0.2152595511045839,-0.4169286036036445,1.0,0.0,0.0,TARGET_HOLD,0.3522252693099249,0,1,0,0,12
12.05,-58.05411242787811,-10.739395362253898,2.0122969277182854,0.8336667286349924,0.21500802746966222,-0.4184535183089803,1.0,0.0,0.0,TARGET_HOLD,0.35203070725085983,0,1,0,0,12
12.066666666666666,-58.040166588532145,-10.735817148261624,2.0052992125654026,0.8367503607579041,0.2146928395364104,-0.4198629091730027,1.0,0.0,0.0,TARGET_HOLD,0.3518629522265041,0,1,0,0,12
12.083333333333334,-58.02617291826586,-10.732245163861403,1.9982797870987044,0.8396202159773973,0.21431906401319745,-0.42116552800187196,1.0,0.0,0.0,TARGET_HOLD,0.3519117817638673,0,1,0,0,12
12.1,-58.01246973270109,-10.72874732775842,1.9914060729195215,0.8221911338860288,0.20987016617897494,-0.4124228507509983,1.0,0.0,0.0,TARGET_HOLD,0.35260188270683357,0,1,0,0,12
12.116666666666667,-57.998680283551415,-10.725239126907779,1.9845489444272841,0.8273669489806491,0.21049205103841484,-0.41142770953422875,1.0,0.0,0.0,TARGET_HOLD,0.35371975874577033,0,1,0,0,12
12.133333333333333,-57.984822508690634,-10.721720009347496,1.97768314633004,0.8314664916469573,0.21114705361698152,-0.4119478858346814,1.0,0.0,0.0,TARGET_HOLD,0.3586247424201291,0,1,0,0,16
12.15,-57.97090168270178,-10.71819040661705,1.9708093354160454,0.8352495593313006,0.21177616382680414,-0.41242865483964525,1.0,0.0,0.0,TARGET_HOLD,0.36355006125117606,0,1,0,0,16
12.166666666666666,-57.95692247891816,-10.714651528139893,1.9639281187168742,0.8387522270172842,0.21233270862945988,-0.41287300195029364,1.0,0.0,0.0,TARGET_HOLD,0.3684954163443691,0,1,0,0,16
12.183333333333334,-57.94287522866032,-10.711107684741627,1.9570688470857505,0.8428350154702866,0.21263060389587285,-0.4115562978673992,1.0,0.0,0.0,TARGET_HOLD,0.37343161072072073,0,1,0,0,16
12.2,-57.928772510159924,-10.707569747075885,1.9502080083302373,0.8461631100236318,0.21227625994451138,-0.4116503253308096,1.0,0.0,0.0,TARGET_HOLD,0.37837506033806234,0,1,0,0,16
12.216666666666667,-57.91461774674491,-10.704038080610356,1.9433469874614184,0.8492858049008529,0.21189998793174886,-0.4116612521291148,1.0,0.0,0.0,TARGET_HOLD,0.38332498898514755,0,1,0,0,16
12.233333333333333,-57.900413258705974,-10.7005126550775,1.9364890838049496,0.8522692823362784,0.21152553197138102,-0.4114742193881502,1.0,0.0,0.0,TARGET_HOLD,0.38827897242371545,0,1,0,0,16
12.25,-57.886160974162046,-10.69699535937475,1.9296368767211085,0.8551370726355695,0.2110377421649584,-0.4111324250304453,1.0,0.0,0.0,TARGET_HOLD,0.393234065082009,0,1,0,0,16
12.266666666666667,-57.8718641727663,-10.693487063389618,1.9227899346513633,0.8578080837444232,0.21049775910792543,-0.4108165241846877,1.0,0.0,0.0,TARGET_HOLD,0.3981906795482604,0,1,0,0,16
12.283333333333333,-57.857511499423964,-10.690003171771318,1.915973104104785,0.8611604005402301,0.20903349709802552,-0.4090098327947175,1.0,0.0,0.0,TARGET_HOLD,0.40311709296259135,0,1,0,0,16
12.3,-57.84311996641945,-10.68652802897287,1.9091619966885438,0.8634919802706679,0.20850856790691297,-0.40866644497445337,1.0,0.0,0.0,TARGET_HOLD,0.408045615585109,0,1,0,0,16
12.316666666666666,-57.82869143910234,-10.683061262330774,1.9023584184053473,0.8657116390266038,0.20800599852570542,-0.40821469699181534,1.0,0.0,0.0,TARGET_HOLD,0.41297511105857065,0,1,0,0,16
12.333333333333334,-57.8142259318857,-10.679605576244372,1.8955663453822935,0.8679304329983237,0.20734116518415568,-0.40752438138319735,1.0,0.0,0.0,TARGET_HOLD,0.4179005844719108,0,1,0,0,16
12.35,-57.79972620316669,-10.676160325020248,1.8887849060087674,0.8699837231406419,0.20671507344743648,-0.4068863624115959,1.0,0.0,0.0,TARGET_HOLD,0.4228234790674755,0,1,0,0,16
12.366666666666667,-57.78519454103137,-10.672726090864167,1.8820132947052575,0.8718997281191596,0.20605404936486202,-0.4062966782105703,1.0,0.0,0.0,TARGET_HOLD,0.4277444284745533,0,1,0,0,16
12.383333333333333,-57.77061810288048,-10.669319246575075,1.8752777113851011,0.8745862890533493,0.20441065734548275,-0.40413499920940527,1.0,0.0,0.0,TARGET_HOLD,0.43262978807045593,0,1,0,0,16
12.4,-57.75601194810057,-10.66592497551723,1.8685543974339778,0.8763692867945824,0.20365626347063184,-0.40339883706737906,1.0,0.0,0.0,TARGET_HOLD,0.4375103783384847,0,1,0,0,16
12.416666666666666,-57.74137862367778,-10.662540963252047,1.8618424233542348,0.8779994653672252,0.20304073591105343,-0.40271844478459734,1.0,0.0,0.0,TARGET_HOLD,0.4423885056886512,0,1,0,0,16
12.433333333333334,-57.726723148580305,-10.65916069942422,1.8551370889669145,0.8793285058484215,0.20281582966959327,-0.4023200632392006,1.0,0.0,0.0,TARGET_HOLD,0.44727235248393993,0,1,0,0,16
12.45,-57.71204554622807,-10.655785604097868,1.8484407756292272,0.8806561411341794,0.20250571958106528,-0.4017788002612654,1.0,0.0,0.0,TARGET_HOLD,0.4521589119814401,0,1,0,0,16
12.466666666666667,-57.697347326421855,-10.652416038363357,1.8417527999283203,0.881893188372641,0.20217394407061803,-0.40127854205438585,1.0,0.0,0.0,TARGET_HOLD,0.4570486316138722,0,1,0,0,16
12.483333333333333,-57.682620850643936,-10.649059676462759,1.8350898056910419,0.8835885466750811,0.20138171403590027,-0.39977965423672707,1.0,0.0,0.0,TARGET_HOLD,0.4619216090742646,0,1,0,0,16
12.5,-57.667876266457526,-10.645708607735337,1.8284347482862717,0.884675051184655,0.20106412364531015,-0.39930344428618153,1.0,0.0,0.0,TARGET_HOLD,0.4667982304520212,0,1,0,0,16
12.516666666666667,-57.65311328291802,-10.642363479776362,1.8217903101042896,0.8857790123702856,0.20070767753848573,-0.3986662909189118,1.0,0.0,0.0,TARGET_HOLD,0.4716755709870022,0,1,0,0,16
12.533333333333333,-57.638333132487105,-10.639024582965959,1.815155686658521,0.8868090258549678,0.20033380862418584,-0.3980774067461323,1.0,0.0,0.0,TARGET_HOLD,0.4765541588762745,0,1,0,0,16
12.55,-57.623536770837234,-10.635691290210577,1.8085310064087703,0.8877816989920987,0.19999756532289664,-0.39748081498502813,1.0,0.0,0.0,TARGET_HOLD,0.48143414568811527,0,1,0,0,16
12.566666666666666,-57.60872527889542,-10.632363853925813,1.801915516082613,0.8886895165088852,0.1996461770858017,-0.39692941956946226,1.0,0.0,0.0,TARGET_HOLD,0.48631600288066656,0,1,0,0,16
12.583333333333334,-57.593890283411405,-10.629050380312835,1.7953266910598984,0.8900997290407361,0.19880841677870914,-0.39532950136286066,1.0,0.0,0.0,TARGET_HOLD,0.4922203309173615,0,1,0,0,16
12.6,-57.57904132979678,-10.62574303250967,1.7887475156552362,0.8909372168776656,0.19844086818995332,-0.39475052427975615,1.0,0.0,0.0,TARGET_HOLD,0.49959356063597227,0,1,0,0,16
12.616666666666667,-57.56417910599416,-10.62244118140176,1.7821782013391079,0.8917334281572317,0.19811106647455481,-0.39415885896767944,1.0,0.0,0.0,TARGET_HOLD,0.506939279558905,0,1,0,0,16
12.633333333333333,-57.54930291607977,-10.619146070527147,1.7756211476947656,0.8925713948632965,0.19770665247673574,-0.39342321866055663,1.0,0.0,0.0,TARGET_HOLD,0.5142548710750301,0,1,0,0,16
12.65,-57.53441366482415,-10.615857908158578,1.7690754258834365,0.8933550753369397,0.1972897421141592,-0.39274330867973095,1.0,0.0,0.0,TARGET_HOLD,0.5215411208794145,0,1,0,0,16
12.666666666666666,-57.51951250413263,-10.612575520720966,1.7625401200107165,0.894069641491241,0.19694324625665066,-0.39211835236322634,1.0,0.0,0.0,TARGET_HOLD,0.5287994971327732,0,1,0,0,16
12.683333333333334,-57.50459105623154,-10.609307403132645,1.7560322507838675,0.8952868740653803,0.19608705529928808,-0.390472153610923,1.0,0.0,0.0,TARGET_HOLD,0.5360112657007754,0,1,0,0,16
12.7,-57.48965834564786,-10.60604589728508,1.749534976410452,0.8959626350209625,0.19569035085392686,-0.3898364624049487,1.0,0.0,0.0,TARGET_HOLD,0.5431948337292865,0,1,0,0,16
12.716666666666667,-57.47471487359525,-10.602790305623586,1.743048426620614,0.8966083231566049,0.19533549968968258,-0.389192987390259,1.0,0.0,0.0,TARGET_HOLD,0.5503505236660073,0,1,0,0,16
12.733333333333333,-57.45976031793259,-10.599541247295972,1.736573959577463,0.8972733397597191,0.1949434996568378,-0.38846802258909197,1.0,0.0,0.0,TARGET_HOLD,0.5574769550070842,0,1,0,0,16
12.75,-57.444795381342054,-10.596298880488183,1.7301106599213998,0.8978961954321457,0.1945420084673754,-0.38779797936377086,1.0,0.0,0.0,TARGET_HOLD,0.5645749194730645,0,1,0,0,16
12.766666666666667,-57.429820501893744,-10.593062625647434,1.7236585497672934,0.8984927668987597,0.1941752904448805,-0.3871266092463685,1.0,0.0,0.0,TARGET_HOLD,0.5716447707435721,0,1,0,0,16
12.783333333333333,-57.41482748134082,-10.589840818211083,1.717234257337603,0.8995812331751931,0.19330844618104379,-0.3854575457814436,1.0,0.0,0.0,TARGET_HOLD,0.5786684356146983,0,1,0,0,16
12.8,-57.39982497608449,-10.586625845017204,1.7108210653523603,0.9001503153799851,0.19289839163272135,-0.38479151911453996,1.0,0.0,0.0,TARGET_HOLD,0.5856639615198995,0,1,0,0,16
12.816666666666666,-57.38481335955338,-10.583416997258416,1.704419060344095,0.9006969918666482,0.19253086552732424,-0.38412030049594464,1.0,0.0,0.0,TARGET_HOLD,0.5926317059895538,0,1,0,0,16
12.833333333333334,-57.369792220313265,-10.580214863024686,1.698029534860915,0.9012683544064932,0.19212805402376343,-0.38337152899078747,1.0,0.0,0.0,TARGET_HOLD,0.5995703795493716,0,1,0,0,16
12.85,-57.35476178386609,-10.577019530551196,1.6916524499637529,0.9018261868304666,0.19171994840946444,-0.3826250938297489,1.0,0.0,0.0,TARGET_HOLD,0.6064800655486222,0,1,0,0,16
12.866666666666667,-57.339722622908035,-10.573831125975794,1.6852868631839697,0.9023496574829859,0.19130427452410512,-0.3819352067869708,1.0,0.0,0.0,TARGET_HOLD,0.6133615904888736,0,1,0,0,16
12.883333333333333,-57.324675267168345,-10.570649765657828,1.6789319034520684,0.9028413443812423,0.19088161907790974,-0.3812975839141002,1.0,0.0,0.0,TARGET_HOLD,0.6202157220019426,0,1,0,0,16
12.9,-57.30961196495533,-10.567482302872257,1.6726039082623418,0.903798132780941,0.19004776713420796,-0.3796797113835758,1.0,0.0,0.0,TARGET_HOLD,0.6270256085615076,0,1,0,0,16
12.916666666666666,-57.294540351007704,-10.564322351547919,1.6662874289752583,0.9042968368577972,0.18959707946036278,-0.37898875722503045,1.0,0.0,0.0,TARGET_HOLD,0.6338073842558785,0,1,0,0,16
12.933333333333334,-57.27945981181779,-10.561169714202572,1.6599844734658031,0.9048323513951826,0.1891582407207298,-0.37817733056728714,1.0,0.0,0.0,TARGET_HOLD,0.6405595537973119,0,1,0,0,16
12.95,-57.26437102467796,-10.558023831106023,1.6536940172053696,0.9053272283893409,0.18875298579294955,-0.3774273756260396,1.0,0.0,0.0,TARGET_HOLD,0.6472833322480116,0,1,0,0,16
12.966666666666667,-57.24927448963764,-10.554884810195858,1.6474151132811514,0.905792102419233,0.18834125460994458,-0.37673423545306833,1.0,0.0,0.0,TARGET_HOLD,0.6539795518597786,0,1,0,0,16
12.983333333333333,-57.23416246353924,-10.551760172422679,1.6411639580384547,0.906721565903848,0.18747826639076448,-0.375069314561825,1.0,0.0,0.0,TARGET_HOLD,0.6606313494870135,0,1,0,0,16
13.0,-57.21903587113272,-10.548650122961725,1.6349384493044357,0.9075955443913886,0.18660296765720064,-0.37353052404113024,1.0,0.0,0.0,TARGET_HOLD,0.6672405791080842,0,1,0,0,16
13.016666666666667,-57.20421210212282,-10.545602334432786,1.628837570734956,0.8894261405939695,0.1828673117363312,-0.3660527141687648,1.0,0.0,0.0,NO_REGULAR_FIELD,0.6737034945701936,0,1,0,0,16
13.033333333333333,-57.18969115650954,-10.542616806835861,1.6228613223300163,0.8712567367965524,0.17913165581546217,-0.3585749042964001,1.0,0.0,0.0,NO_REGULAR_FIELD,0.6806657093670536,0,1,0,0,16
13.05,-57.175473034292885,-10.539693540170951,1.6170097040896154,0.8530873329991333,0.17539599989459273,-0.35109709442403464,1.0,0.0,0.0,NO_REGULAR_FIELD,0.6876538180723655,0,1,0,0,16
13.066666666666666,-57.161557735472854,-10.536832534438057,1.6112827160137546,0.8349179292017161,0.1716603439737237,-0.34361928455166996,1.0,0.0,0.0,NO_REGULAR_FIELD,0.6943968002767811,0,1,0,0,16
13.083333333333334,-57.14794526004945,-10.534033789637176,1.6056803581024326,0.8167485254042971,0.16792468805285427,-0.3361414746793045,1.0,0.0,0.0,NO_REGULAR_FIELD,0.7008999440383197,0,1,0,0,16
13.1,-57.13463560802267,-10.53129730576831,1.6002026303556505,0.7985791216068799,0.16418903213198524,-0.3286636648069398,1.0,0.0,0.0,NO_REGULAR_FIELD,0.707168523605344,0,1,0,0,16
13.116666666666667,-57.12162877939251,-10.528623082831459,1.5948495327734074,0.7804097178094609,0.1604533762111158,-0.32118585493457436,1.0,0.0,0.0,NO_REGULAR_FIELD,0.7088255502202792,0,1,0,0,16
13.133333333333333,-57.10892477415898,-10.526011120826622,1.5896210653557041,0.7622403140120437,0.15671772029024678,-0.3137080450622097,1.0,0.0,0.0,UNOBSERVED_BODY_ENVELOPE,0.7100664204489102,0,1,0,0,16
13.15,-57.096523592322065,-10.523461419753799,1.5845172281025397,0.7440709102146247,0.15298206436937734,-0.3062302351898442,1.0,0.0,0.0,UNOBSERVED_BODY_ENVELOPE,0.7110819269082467,0,1,0,0,20
13.166666666666666,-57.08442523388178,-10.520973979612991,1.5795380210139154,0.7259015064172075,0.1492464084485083,-0.29875242531747953,1.0,0.0,0.0,UNOBSERVED_BODY_ENVELOPE,0.7118918426265357,0,1,0,0,20
13.183333333333334,-57.07262969883812,-10.518548800404197,1.5746834440898299,0.7077321026197885,0.14551075252763887,-0.29127461544511407,1.0,0.0,0.0,UNOBSERVED_BODY_ENVELOPE,0.7125147736471378,0,1,0,0,20
13.2,-57.061136987191084,-10.516185882127418,1.5699534973302842,0.6895626988223713,0.14177509660676985,-0.2837968055727494,1.0,0.0,0.0,UNOBSERVED_BODY_ENVELOPE,0.7129682097665451,0,1,0,0,20
13.216666666666667,-57.04994709894067,-10.513885224782653,1.5653481807352776,0.6713932950249523,0.1380394406859004,-0.27631899570038393,1.0,0.0,0.0,UNOBSERVED_BODY_ENVELOPE,0.7132685740024001,0,1,0,0,20
13.233333333333333,-57.03906003408688,-10.511646828369903,1.5608674943048109,0.6532238912275351,0.13430378476503138,-0.26884118582801925,1.0,0.0,0.0,UNOBSERVED_BODY_ENVELOPE,0.7134312707915633,0,1,0,0,20
13.25,-57.02847579262971,-10.509470692889167,1.5565114380388831,0.635054487430116,0.13056812884416194,-0.2613633759556538,1.0,0.0,0.0,UNOBSERVED_BODY_ENVELOPE,0.7134707329181809,0,1,0,0,20
13.266666666666667,-57.01819437456917,-10.507356818340446,1.5522800119374949,0.616885083632697,0.1268324729232925,-0.2538855660832883,1.0,0.0,0.0,UNOBSERVED_BODY_ENVELOPE,0.7134004671717789,0,1,0,0,20
13.283333333333333,-57.00821577990525,-10.505305204723738,1.5481732160006463,0.5987156798352798,0.12309681700242346,-0.24640775621092365,1.0,0.0,0.0,UNOBSERVED_BODY_ENVELOPE,0.7132330987353916,0,1,0,0,20
13.3,-56.99854000863795,-10.503315852039046,1.5441910502283367,0.5805462760378608,0.11936116108155402,-0.23892994633855816,1.0,0.0,0.0,UNOBSERVED_BODY_ENVELOPE,0.7129804143036895,0,1,0,0,20
13.316666666666666,-56.98916706076728,-10.501388760286368,1.540333514620567,0.5623768722404436,0.11562550516068498,-0.23145213646619348,1.0,0.0,0.0,UNOBSERVED_BODY_ENVELOPE,0.7126534039311467,0,1,0,0,20
13.333333333333334,-56.98009693629323,-10.499523929465704,1.5366006091773363,0.5442074684430246,0.11188984923981554,-0.223974326593828,1.0,0.0,0.0,UNOBSERVED_BODY_ENVELOPE,0.7122623016102212,0,1,0,0,20
13.35,-56.9713296352158,-10.497721359577055,1.5329923338986455,0.5260380646456074,0.1081541933189465,-0.2164965167214633,1.0,0.0,0.0,UNOBSERVED_BODY_ENVELOPE,0.7118166245795574,0,1,0,0,20
13.366666666666667,-56.962865157535,-10.49598105062042,1.5295086887844938,0.5078686608481884,0.10441853739807706,-0.20901870684909782,1.0,0.0,0.0,UNOBSERVED_BODY_ENVELOPE,0.7113252113622148,0,1,0,0,20
13.383333333333333,-56.95470350325082,-10.4943030025958,1.5261496738348816,0.4896992570507713,0.10068288147720802,-0.20154089697673314,1.0,0.0,0.0,UNOBSERVED_BODY_ENVELOPE,0.7107962585339085,0,1,0,0,20
13.4,-56.94684467236326,-10.492687215503194,1.5229152890498088,0.4715298532533522,0.09694722555633858,-0.19406308710436765,1.0,0.0,0.0,UNOBSERVED_BODY_ENVELOPE,0.7102373562212796,0,1,0,0,20
13.416666666666666,-56.93928866487233,-10.491133689342602,1.5198055344292756,0.4533604494559351,0.09321156963546955,-0.18658527723200297,1.0,0.0,0.0,UNOBSERVED_BODY_ENVELOPE,0.7096555223301841,0,1,0,0,20
13.433333333333334,-56.93203548077802,-10.489642424114026,1.5168204099732814,0.4351910456585161,0.08947591371460012,-0.17910746735963748,1.0,0.0,0.0,UNOBSERVED_BODY_ENVELOPE,0.709057235504003,0,1,0,0,20
13.45,-56.92508512008033,-10.488213419817464,1.513959915681827,0.41702164186109897,0.08574025779373108,-0.1716296574872728,1.0,0.0,0.0,NO_REGULAR_FIELD,0.708448466811973,0,1,0,0,20
13.466666666666667,-56.91843758277927,-10.486846676452917,1.5112240515549118,0.3988522380636799,0.08200460187286164,-0.1641518476149073,1.0,0.0,0.0,NO_REGULAR_FIELD,0.7078347101675395,0,2,0,0,20
13.483333333333333,-56.91209286887483,-10.485542194020384,1.5086128175925362,0.3806828342662628,0.0782689459519926,-0.15667403774254263,1.0,0.0,0.0,NO_REGULAR_FIELD,0.7072210114767323,0,2,0,0,20
13.5,-56.90605097836701,-10.484299972519866,1.5061262137946998,0.36251343046884377,0.07453329003112318,-0.14919622787017714,1.0,0.0,0.0,NO_REGULAR_FIELD,0.7066119965165594,0,2,0,0,20
13.516666666666667,-56.90031191125582,-10.483120011951362,1.5037642401614029,0.3443440266714247,0.07079763411025375,-0.14171841799781165,1.0,0.0,0.0,NO_REGULAR_FIELD,0.7060118975434235,0,2,0,0,20
13.533333333333333,-56.89487566754125,-10.482002312314872,1.5015268966926456,0.3261746228740076,0.06706197818938471,-0.13424060812544697,1.0,0.0,0.0,NO_REGULAR_FIELD,0.705424578631564,0,2,0,0,20
13.55,-56.8897422472233,-10.480946873610398,1.4994141833884276,0.30800521907658857,0.06332632226851528,-0.12676279825308148,1.0,0.0,0.0,NO_REGULAR_FIELD,0.7048535597415118,0,2,0,0,20
13.566666666666666,-56.88491165030199,-10.479953695837937,1.497426100248749,0.28983581527917146,0.059590666347646246,-0.1192849883807168,1.0,0.0,0.0,NO_REGULAR_FIELD,0.704302039518574,0,2,0,0,20
13.583333333333334,-56.880383876777294,-10.479022778997491,1.4955626472736097,0.2716664114817524,0.05585501042677681,-0.11180717850835133,1.0,0.0,0.0,NO_REGULAR_FIELD,0.7037729168213318,0,2,0,0,20
13.6,-56.876158926649225,-10.478154123089059,1.49382382446301,0.2534970076843353,0.05211935450590778,-0.10432936863598664,1.0,0.0,0.0,NO_REGULAR_FIELD,0.7032688109801695,0,2,0,0,20
13.616666666666667,-56.87223679991778,-10.477347728112642,1.4922096318169495,0.23532760388691626,0.04838369858503835,-0.09685155876362117,1.0,0.0,0.0,NO_REGULAR_FIELD,0.7027920807858168,0,2,0,0,20
13.633333333333333,-56.86861749658296,-10.476603594068239,1.4907200693354288,0.21715820008949913,0.044648042664169316,-0.08937374889125649,1.0,0.0,0.0,NO_REGULAR_FIELD,0.702344842207915,0,2,0,0,20
13.65,-56.86530101664476,-10.475921720955851,1.4893551370184472,0.19898879629208005,0.04091238674329988,-0.08189593901889101,1.0,0.0,0.0,NO_REGULAR_FIELD,0.7019289848436052,0,2,0,0,20
13.666666666666666,-56.86228736010318,-10.475302108775477,1.4881148348660052,0.18081939249466292,0.03717673082243085,-0.07441812914652633,1.0,0.0,0.0,NO_REGULAR_FIELD,0.7015461870961377,0,2,0,0,20
13.683333333333334,-56.85957652695823,-10.474744757527118,1.4869991628781025,0.16264998869724384,0.03344107490156142,-0.06694031927416086,1.0,0.0,0.0,NO_REGULAR_FIELD,0.7011979300835016,0,2,0,0,20
13.7,-56.8571685172099,-10.474249667210772,1.4860081210547393,0.1444805848998267,0.029705418980692382,-0.059462509401796176,1.0,0.0,0.0,NO_REGULAR_FIELD,0.7008855102770781,0,2,0,0,20
13.716666666666667,-56.855063330858194,-10.473816837826442,1.4851417093959154,0.12631118110240763,0.02596976305982295,-0.0519846995294307,1.0,0.0,0.0,NO_REGULAR_FIELD,0.7006100508703104,0,2,0,0,20
13.733333333333333,-56.85326096790311,-10.473446269374126,1.484399927901631,0.1081417773049905,0.022234107138953914,-0.04450688965706602,1.0,0.0,0.0,NO_REGULAR_FIELD,0.7003725118774033,0,2,0,0,20
13.75,-56.85176142834465,-10.473137961853825,1.4837827765718858,0.08997237350757144,0.01849845121808448,-0.03702907978470055,1.0,0.0,0.0,NO_REGULAR_FIELD,0.7001736989620331,0,2,0,0,20
13.766666666666667,-56.850564712182816,-10.472891915265537,1.4832902554066802,0.07180296971015238,0.014762795297215046,-0.029551269912335074,1.0,0.0,0.0,NO_REGULAR_FIELD,0.7000142709960908,0,2,0,0,20
13.783333333333333,-56.849670819417604,-10.472708129609265,1.482922364406014,0.05363356591273524,0.01102713937634601,-0.022073460039970395,1.0,0.0,0.0,NO_REGULAR_FIELD,0.6998947463484346,0,2,0,0,20
13.8,-56.849079750049015,-10.472586604885006,1.4826791035698874,0.03546416211531618,0.007291483455476575,-0.014595650167604918,1.0,0.0,0.0,NO_REGULAR_FIELD,0.6998155079036767,0,2,0,0,20
13.816666666666666,-56.84879150407705,-10.472527341092762,1.4825604728983002,0.01729475831789905,0.003555827534607539,-0.00711784029524024,1.0,0.0,0.0,NO_REGULAR_FIELD,0.6997768068109769,0,2,0,0,20
13.833333333333334,-56.84879150407705,-10.472527341092762,1.4825604728983002,0.0,0.0,0.0,1.0,0.0,0.0,NO_REGULAR_FIELD,0.6997768068109769,0,2,0,0,20
13.85,-56.84879150407705,-10.472527341092762,1.4825604728983002,0.0,0.0,0.0,1.0,0.0,0.0,NO_REGULAR_FIELD,0.6997768068109769,0,2,0,0,20
13.866666666666667,-56.84879150407705,-10.472527341092762,1.4825604728983002,0.0,0.0,0.0,1.0,0.0,0.0,NO_REGULAR_FIELD,0.6997768068109769,0,2,0,0,20
13.883333333333333,-56.84879150407705,-10.472527341092762,1.4825604728983002,0.0,0.0,0.0,1.0,0.0,0.0,NO_REGULAR_FIELD,0.6997768068109769,0,2,0,0,20
13.9,-56.84851213195874,-10.472410936043467,1.482700158957454,0.016762327098470708,0.006984302957696129,0.008381163549235354,1.0,0.0,0.0,NO_REGULAR_FIELD,0.6998347784629582,0,2,0,0,20
13.916666666666666,-56.84795338772213,-10.472178125944877,1.4829795310757619,0.03352465419693963,0.013968605915391515,0.016762327098469816,1.0,0.0,0.0,TARGET_HOLD,0.6999510221107403,0,2,0,0,20
13.933333333333334,-56.847117988145556,-10.471822592290511,1.4833985880638305,0.05012397459458136,0.021332019261941844,0.02514341928411719,1.0,0.0,0.0,TARGET_HOLD,0.7001271124691697,0,2,0,0,20
13.95,-56.846005933229016,-10.471344335080369,1.48395732992166,0.0667232949922213,0.028695432608491427,0.033524511469763665,1.0,0.0,0.0,TARGET_HOLD,0.7003639588899975,0,2,0,0,20
13.966666666666667,-56.84462020850352,-10.47073682810928,1.48465575157785,0.08314348352977172,0.03645041826541985,0.041905299371397496,1.0,0.0,0.0,TARGET_HOLD,0.700663790167785,0,2,0,0,20
13.983333333333333,-56.84295776355043,-10.470006743253235,1.485493857481078,0.09974669718550043,0.04380509136270706,0.050286354193686746,1.0,0.0,0.0,TARGET_HOLD,0.7010270639061398,0,2,0,0,20
14.0,-56.84102171965289,-10.469147257738259,1.4864716422953093,0.1161626338520891,0.051569130898554555,0.05866708885386938,1.0,0.0,0.0,TARGET_HOLD,0.7014566349567077,0,2,0,0,20
14.016666666666667,-56.83880724928776,-10.46816908591831,1.4875890815912538,0.13286822190811326,0.05869030919690709,0.06704635775667563,1.0,0.0,0.0,TARGET_HOLD,0.7019528143765577,0,2,0,0,20
14.033333333333333,-56.83631518011923,-10.467070333944317,1.4888462006706829,0.1495241501119192,0.06592511843959571,0.07542714476575323,1.0,0.0,0.0,TARGET_HOLD,0.7025181577775972,0,2,0,0,20
14.05,-56.83354596031184,-10.46584999064269,1.4902430129265156,0.16615318844362395,0.07322059809766975,0.08380873534996584,1.0,0.0,0.0,TARGET_HOLD,0.7031552998128903,0,2,0,0,20
14.066666666666666,-56.83050300507527,-10.464500542941419,1.4917795108291443,0.18257731419385936,0.0809668620762323,0.09218987415771943,1.0,0.0,0.0,TARGET_HOLD,0.7038681664865882,0,2,0,0,20
14.083333333333334,-56.82717819796158,-10.46304065247986,1.4934555545205632,0.19948842682167311,0.08759342769355861,0.10056262148513272,1.0,0.0,0.0,TARGET_HOLD,0.7046564038157026,0,2,0,0,20
14.1,-56.82357204378544,-10.461469184097838,1.495271259621214,0.21636925056853623,0.09428810292123725,0.10894230603905258,1.0,0.0,0.0,TARGET_HOLD,0.705523130864204,0,2,0,0,20
14.116666666666667,-56.82024333877808,-10.460018620861593,1.4969472685673704,0.19972230044184497,0.08703379417475025,0.10056053676937353,1.0,0.0,0.0,TARGET_HOLD,0.706336247551616,0,2,0,0,20
14.133333333333333,-56.81719208293949,-10.458688962771122,1.4984835813590318,0.18307535031515548,0.07977948542826403,0.09217876749969536,1.0,0.0,0.0,UNOBSERVED_BODY_ENVELOPE,0.7070923594481633,0,2,0,0,20
14.15,-56.814418276269684,-10.457480209826425,1.4998801979961989,0.16642840018846422,0.07252517668177703,0.08379699823001631,1.0,0.0,0.0,UNOBSERVED_BODY_ENVELOPE,0.7077884617993444,0,2,0,0,24
14.166666666666666,-56.811921918768654,-10.456392362027504,1.501137118478871,0.14978145006177473,0.06527086793529081,0.07541522896033814,1.0,0.0,0.0,UNOBSERVED_BODY_ENVELOPE,0.7084219116726729,0,2,0,0,24
14.183333333333334,-56.8097030104364,-10.455425419374357,1.5022543428070487,0.13313449993508347,0.058016559188803815,0.06703345969065909,1.0,0.0,0.0,UNOBSERVED_BODY_ENVELOPE,0.7089904026370926,0,2,0,0,24
14.2,-56.807761551272925,-10.454579381866985,1.5032318709807317,0.11648754980839399,0.050762250442317594,0.05865169042098093,1.0,0.0,0.0,UNOBSERVED_BODY_ENVELOPE,0.7094919419750889,0,2,0,0,24
14.216666666666667,-56.80609754127823,-10.453854249505389,1.5040697029999202,0.09984059968170274,0.0435079416958306,0.05026992115130188,1.0,0.0,0.0,UNOBSERVED_BODY_ENVELOPE,0.7099248304274717,0,2,0,0,24
14.233333333333333,-56.80471098045231,-10.453250022289566,1.5047678388646137,0.08319364955501327,0.03625363294934438,0.041888151881623724,1.0,0.0,0.0,UNOBSERVED_BODY_ENVELOPE,0.7102876444708484,0,2,0,0,24
14.25,-56.80360186879518,-10.452766700219518,1.505326278574813,0.06654669942832202,0.028999324202857387,0.03350638261194468,1.0,0.0,0.0,UNOBSERVED_BODY_ENVELOPE,0.7105792211277746,0,2,0,0,24
14.266666666666667,-56.80277020630682,-10.452404283295245,1.5057450221305173,0.04989974930163076,0.021745015456370392,0.025124613342265623,1.0,0.0,0.0,UNOBSERVED_BODY_ENVELOPE,0.7107986453095962,0,2,0,0,24
14.283333333333333,-56.802215992987236,-10.452162771516747,1.506024069531727,0.03325279917494128,0.014490706709884171,0.016742844072587464,1.0,0.0,0.0,UNOBSERVED_BODY_ENVELOPE,0.7109452396919642,0,2,0,0,24
14.3,-56.80193922883643,-10.452042164884023,1.5061634207784422,0.016605849048250028,0.007236397963397176,0.008361074802908411,1.0,0.0,0.0,UNOBSERVED_BODY_ENVELOPE,0.7110185571230425,0,2,0,0,24
14.316666666666666,-56.80193922883643,-10.452042164884023,1.5061634207784422,0.0,0.0,0.0,1.0,0.0,0.0,UNOBSERVED_BODY_ENVELOPE,0.7110185571230425,0,2,0,0,24
14.333333333333334,-56.80193922883643,-10.452042164884023,1.5061634207784422,0.0,0.0,0.0,1.0,0.0,0.0,UNOBSERVED_BODY_ENVELOPE,0.7110185571230425,0,2,0,0,24
14.35,-56.80193922883643,-10.452042164884023,1.5061634207784422,0.0,0.0,0.0,1.0,0.0,0.0,UNOBSERVED_BODY_ENVELOPE,0.7110185571230425,0,2,0,0,24
14.366666666666667,-56.80193922883643,-10.452042164884023,1.5061634207784422,0.0,0.0,0.0,1.0,0.0,0.0,UNOBSERVED_BODY_ENVELOPE,0.7110185571230425,0,2,0,0,24
14.383333333333333,-56.80193922883643,-10.452042164884023,1.5061634207784422,0.0,0.0,0.0,1.0,0.0,0.0,UNOBSERVED_BODY_ENVELOPE,0.7110185571230425,0,2,0,0,24
14.4,-56.80193922883643,-10.452042164884023,1.5061634207784422,0.0,0.0,0.0,1.0,0.0,0.0,UNOBSERVED_BODY_ENVELOPE,0.7110185571230425,0,2,0,0,24
14.416666666666666,-56.80193922883643,-10.452042164884023,1.5061634207784422,0.0,0.0,0.0,1.0,0.0,0.0,UNOBSERVED_BODY_ENVELOPE,0.7110185571230425,0,2,0,0,24
14.433333333333334,-56.80193922883643,-10.452042164884023,1.5061634207784422,0.0,0.0,0.0,1.0,0.0,0.0,UNOBSERVED_BODY_ENVELOPE,0.7110185571230425,0,2,0,0,24
14.45,-56.80193922883643,-10.452042164884023,1.5061634207784422,0.0,0.0,0.0,1.0,0.0,0.0,UNOBSERVED_BODY_ENVELOPE,0.7110185571230425,0,2,0,0,24
14.466666666666667,-56.80193922883643,-10.452042164884023,1.5061634207784422,0.0,0.0,0.0,1.0,0.0,0.0,UNOBSERVED_BODY_ENVELOPE,0.7110185571230425,0,2,0,0,24
14.483333333333333,-56.80193922883643,-10.452042164884023,1.5061634207784422,0.0,0.0,0.0,1.0,0.0,0.0,UNOBSERVED_BODY_ENVELOPE,0.7110185571230425,0,2,0,0,24
14.5,-56.80193922883643,-10.452042164884023,1.5061634207784422,0.0,0.0,0.0,1.0,0.0,0.0,UNOBSERVED_BODY_ENVELOPE,0.7110185571230425,0,2,0,0,24
14.516666666666667,-56.80193922883643,-10.452042164884023,1.5061634207784422,0.0,0.0,0.0,1.0,0.0,0.0,UNOBSERVED_BODY_ENVELOPE,0.7110185571230425,0,2,0,0,24
14.533333333333333,-56.80193922883643,-10.452042164884023,1.5061634207784422,0.0,0.0,0.0,1.0,0.0,0.0,UNOBSERVED_BODY_ENVELOPE,0.7110185571230425,0,2,0,0,24
14.55,-56.80193922883643,-10.452042164884023,1.5061634207784422,0.0,0.0,0.0,1.0,0.0,0.0,UNOBSERVED_BODY_ENVELOPE,0.7110185571230425,0,2,0,0,24
14.566666666666666,-56.80193922883643,-10.452042164884023,1.5061634207784422,0.0,0.0,0.0,1.0,0.0,0.0,UNOBSERVED_BODY_ENVELOPE,0.7110185571230425,0,2,0,0,24
14.583333333333334,-56.80193922883643,-10.452042164884023,1.5061634207784422,0.0,0.0,0.0,1.0,0.0,0.0,UNOBSERVED_BODY_ENVELOPE,0.7110185571230425,0,2,0,0,24
14.6,-56.80193922883643,-10.452042164884023,1.5061634207784422,0.0,0.0,0.0,1.0,0.0,0.0,UNOBSERVED_BODY_ENVELOPE,0.7110185571230425,0,2,0,0,24
14.616666666666667,-56.80193922883643,-10.452042164884023,1.5061634207784422,0.0,0.0,0.0,1.0,0.0,0.0,UNOBSERVED_BODY_ENVELOPE,0.7110185571230425,0,2,0,0,24
14.633333333333333,-56.80193922883643,-10.452042164884023,1.5061634207784422,0.0,0.0,0.0,1.0,0.0,0.0,UNOBSERVED_BODY_ENVELOPE,0.7110185571230425,0,2,0,0,24
14.65,-56.80193922883643,-10.452042164884023,1.5061634207784422,0.0,0.0,0.0,1.0,0.0,0.0,UNOBSERVED_BODY_ENVELOPE,0.7110185571230425,0,2,0,0,24
14.666666666666666,-56.80193922883643,-10.452042164884023,1.5061634207784422,0.0,0.0,0.0,1.0,0.0,0.0,UNOBSERVED_BODY_ENVELOPE,0.7110185571230425,0,2,0,0,24
14.683333333333334,-56.80193922883643,-10.452042164884023,1.5061634207784422,0.0,0.0,0.0,1.0,0.0,0.0,UNOBSERVED_BODY_ENVELOPE,0.7110185571230425,0,2,0,0,24
14.7,-56.80193922883643,-10.452042164884023,1.5061634207784422,0.0,0.0,0.0,1.0,0.0,0.0,UNOBSERVED_BODY_ENVELOPE,0.7110185571230425,0,2,0,0,24
14.716666666666667,-56.80193922883643,-10.452042164884023,1.5061634207784422,0.0,0.0,0.0,1.0,0.0,0.0,UNOBSERVED_BODY_ENVELOPE,0.7110185571230425,0,2,0,0,24
14.733333333333333,-56.80193922883643,-10.452042164884023,1.5061634207784422,0.0,0.0,0.0,1.0,0.0,0.0,UNOBSERVED_BODY_ENVELOPE,0.7110185571230425,0,2,0,0,24
14.75,-56.80193922883643,-10.452042164884023,1.5061634207784422,0.0,0.0,0.0,1.0,0.0,0.0,UNOBSERVED_BODY_ENVELOPE,0.7110185571230425,0,2,0,0,24
14.766666666666667,-56.80193922883643,-10.452042164884023,1.5061634207784422,0.0,0.0,0.0,1.0,0.0,0.0,UNOBSERVED_BODY_ENVELOPE,0.7110185571230425,0,2,0,0,24
14.783333333333333,-56.80193922883643,-10.452042164884023,1.5061634207784422,0.0,0.0,0.0,1.0,0.0,0.0,UNOBSERVED_BODY_ENVELOPE,0.7110185571230425,0,2,0,0,24
14.8,-56.80193922883643,-10.452042164884023,1.5061634207784422,0.0,0.0,0.0,1.0,0.0,0.0,UNOBSERVED_BODY_ENVELOPE,0.7110185571230425,0,2,0,0,24
14.816666666666666,-56.80193922883643,-10.452042164884023,1.5061634207784422,0.0,0.0,0.0,1.0,0.0,0.0,UNOBSERVED_BODY_ENVELOPE,0.7110185571230425,0,2,0,0,24
14.833333333333334,-56.80193922883643,-10.452042164884023,1.5061634207784422,0.0,0.0,0.0,1.0,0.0,0.0,UNOBSERVED_BODY_ENVELOPE,0.7110185571230425,0,2,0,0,24
14.85,-56.80193922883643,-10.452042164884023,1.5061634207784422,0.0,0.0,0.0,1.0,0.0,0.0,UNOBSERVED_BODY_ENVELOPE,0.7110185571230425,0,2,0,0,24
14.866666666666667,-56.80193922883643,-10.452042164884023,1.5061634207784422,0.0,0.0,0.0,1.0,0.0,0.0,UNOBSERVED_BODY_ENVELOPE,0.7110185571230425,0,2,0,0,24
14.883333333333333,-56.80193922883643,-10.452042164884023,1.5061634207784422,0.0,0.0,0.0,1.0,0.0,0.0,UNOBSERVED_BODY_ENVELOPE,0.7110185571230425,0,2,0,0,24
14.9,-56.80193922883643,-10.452042164884023,1.5061634207784422,0.0,0.0,0.0,1.0,0.0,0.0,UNOBSERVED_BODY_ENVELOPE,0.7110185571230425,0,2,0,0,24
14.916666666666666,-56.80193922883643,-10.452042164884023,1.5061634207784422,0.0,0.0,0.0,1.0,0.0,0.0,UNOBSERVED_BODY_ENVELOPE,0.7110185571230425,0,2,0,0,24
14.933333333333334,-56.80193922883643,-10.452042164884023,1.5061634207784422,0.0,0.0,0.0,1.0,0.0,0.0,UNOBSERVED_BODY_ENVELOPE,0.7110185571230425,0,2,0,0,24
14.95,-56.80193922883643,-10.452042164884023,1.5061634207784422,0.0,0.0,0.0,1.0,0.0,0.0,UNOBSERVED_BODY_ENVELOPE,0.7110185571230425,0,2,0,0,24
14.966666666666667,-56.80193922883643,-10.452042164884023,1.5061634207784422,0.0,0.0,0.0,1.0,0.0,0.0,UNOBSERVED_BODY_ENVELOPE,0.7110185571230425,0,2,0,0,24
14.983333333333333,-56.80193922883643,-10.452042164884023,1.5061634207784422,0.0,0.0,0.0,1.0,0.0,0.0,UNOBSERVED_BODY_ENVELOPE,0.7110185571230425,0,2,0,0,24
15.0,-56.80193922883643,-10.452042164884023,1.5061634207784422,0.0,0.0,0.0,1.0,0.0,0.0,UNOBSERVED_BODY_ENVELOPE,0.7110185571230425,0,2,0,0,24
15.016666666666667,-56.80193922883643,-10.452042164884023,1.5061634207784422,0.0,0.0,0.0,1.0,0.0,0.0,UNOBSERVED_BODY_ENVELOPE,0.7110185571230425,0,2,0,0,24
15.033333333333333,-56.80193922883643,-10.452042164884023,1.5061634207784422,0.0,0.0,0.0,1.0,0.0,0.0,UNOBSERVED_BODY_ENVELOPE,0.7110185571230425,0,2,0,0,24
15.05,-56.80193922883643,-10.452042164884023,1.5061634207784422,0.0,0.0,0.0,1.0,0.0,0.0,UNOBSERVED_BODY_ENVELOPE,0.7110185571230425,0,2,0,0,24
15.066666666666666,-56.80193922883643,-10.452042164884023,1.5061634207784422,0.0,0.0,0.0,1.0,0.0,0.0,UNOBSERVED_BODY_ENVELOPE,0.7110185571230425,0,2,0,0,24
15.083333333333334,-56.80193922883643,-10.452042164884023,1.5061634207784422,0.0,0.0,0.0,1.0,0.0,0.0,UNOBSERVED_BODY_ENVELOPE,0.7110185571230425,0,2,0,0,24
15.1,-56.80193922883643,-10.452042164884023,1.5061634207784422,0.0,0.0,0.0,1.0,0.0,0.0,UNOBSERVED_BODY_ENVELOPE,0.7110185571230425,0,2,0,0,24
15.116666666666667,-56.80193922883643,-10.452042164884023,1.5061634207784422,0.0,0.0,0.0,1.0,0.0,0.0,UNOBSERVED_BODY_ENVELOPE,0.7110185571230425,0,2,0,0,24
15.133333333333333,-56.80193922883643,-10.452042164884023,1.5061634207784422,0.0,0.0,0.0,1.0,0.0,0.0,UNOBSERVED_BODY_ENVELOPE,0.7110185571230425,0,2,0,0,24
15.15,-56.80193922883643,-10.452042164884023,1.5061634207784422,0.0,0.0,0.0,1.0,0.0,0.0,UNOBSERVED_BODY_ENVELOPE,0.7110185571230425,0,2,0,0,24
15.166666666666666,-56.80193922883643,-10.452042164884023,1.5061634207784422,0.0,0.0,0.0,1.0,0.0,0.0,UNOBSERVED_BODY_ENVELOPE,0.7110185571230425,0,2,0,0,24
15.183333333333334,-56.80193922883643,-10.452042164884023,1.5061634207784422,0.0,0.0,0.0,1.0,0.0,0.0,UNOBSERVED_BODY_ENVELOPE,0.7110185571230425,0,2,0,0,24
15.2,-56.80193922883643,-10.452042164884023,1.5061634207784422,0.0,0.0,0.0,1.0,0.0,0.0,UNOBSERVED_BODY_ENVELOPE,0.7110185571230425,0,2,0,0,24
15.216666666666667,-56.80193922883643,-10.452042164884023,1.5061634207784422,0.0,0.0,0.0,1.0,0.0,0.0,UNOBSERVED_BODY_ENVELOPE,0.7110185571230425,0,2,0,0,24
15.233333333333333,-56.80193922883643,-10.452042164884023,1.5061634207784422,0.0,0.0,0.0,1.0,0.0,0.0,UNOBSERVED_BODY_ENVELOPE,0.7110185571230425,0,2,0,0,24
15.25,-56.80193922883643,-10.452042164884023,1.5061634207784422,0.0,0.0,0.0,1.0,0.0,0.0,UNOBSERVED_BODY_ENVELOPE,0.7110185571230425,0,2,0,0,24
15.266666666666667,-56.80193922883643,-10.452042164884023,1.5061634207784422,0.0,0.0,0.0,1.0,0.0,0.0,UNOBSERVED_BODY_ENVELOPE,0.7110185571230425,0,2,0,0,24
15.283333333333333,-56.80193922883643,-10.452042164884023,1.5061634207784422,0.0,0.0,0.0,1.0,0.0,0.0,UNOBSERVED_BODY_ENVELOPE,0.7110185571230425,0,2,0,0,24
15.3,-56.80193922883643,-10.452042164884023,1.5061634207784422,0.0,0.0,0.0,1.0,0.0,0.0,UNOBSERVED_BODY_ENVELOPE,0.7110185571230425,0,2,0,0,24
15.316666666666666,-56.80193922883643,-10.452042164884023,1.5061634207784422,0.0,0.0,0.0,1.0,0.0,0.0,UNOBSERVED_BODY_ENVELOPE,0.7110185571230425,0,2,0,0,24
15.333333333333334,-56.80193922883643,-10.452042164884023,1.5061634207784422,0.0,0.0,0.0,1.0,0.0,0.0,UNOBSERVED_BODY_ENVELOPE,0.7110185571230425,0,2,0,0,24
15.35,-56.80193922883643,-10.452042164884023,1.5061634207784422,0.0,0.0,0.0,1.0,0.0,0.0,UNOBSERVED_BODY_ENVELOPE,0.7110185571230425,0,2,0,0,24
15.366666666666667,-56.80193922883643,-10.452042164884023,1.5061634207784422,0.0,0.0,0.0,1.0,0.0,0.0,UNOBSERVED_BODY_ENVELOPE,0.7110185571230425,0,2,0,0,24
15.383333333333333,-56.80193922883643,-10.452042164884023,1.5061634207784422,0.0,0.0,0.0,1.0,0.0,0.0,UNOBSERVED_BODY_ENVELOPE,0.7110185571230425,0,2,0,0,24
15.4,-56.80193922883643,-10.452042164884023,1.5061634207784422,0.0,0.0,0.0,1.0,0.0,0.0,UNOBSERVED_BODY_ENVELOPE,0.7110185571230425,0,2,0,0,24
15.416666666666666,-56.80193922883643,-10.452042164884023,1.5061634207784422,0.0,0.0,0.0,1.0,0.0,0.0,UNOBSERVED_BODY_ENVELOPE,0.7110185571230425,0,2,0,0,24
15.433333333333334,-56.80193922883643,-10.452042164884023,1.5061634207784422,0.0,0.0,0.0,1.0,0.0,0.0,UNOBSERVED_BODY_ENVELOPE,0.7110185571230425,0,2,0,0,24
15.45,-56.80193922883643,-10.452042164884023,1.5061634207784422,0.0,0.0,0.0,1.0,0.0,0.0,UNOBSERVED_BODY_ENVELOPE,0.7110185571230425,0,2,0,0,24
15.466666666666667,-56.80193922883643,-10.452042164884023,1.5061634207784422,0.0,0.0,0.0,1.0,0.0,0.0,UNOBSERVED_BODY_ENVELOPE,0.7110185571230425,0,2,0,0,24
15.483333333333333,-56.80193922883643,-10.452042164884023,1.5061634207784422,0.0,0.0,0.0,1.0,0.0,0.0,UNOBSERVED_BODY_ENVELOPE,0.7110185571230425,0,2,0,0,24
15.5,-56.80193922883643,-10.452042164884023,1.5061634207784422,0.0,0.0,0.0,1.0,0.0,0.0,UNOBSERVED_BODY_ENVELOPE,0.7110185571230425,0,2,0,0,24
15.516666666666667,-56.80193922883643,-10.452042164884023,1.5061634207784422,0.0,0.0,0.0,1.0,0.0,0.0,UNOBSERVED_BODY_ENVELOPE,0.7110185571230425,0,2,0,0,24
15.533333333333333,-56.80193922883643,-10.452042164884023,1.5061634207784422,0.0,0.0,0.0,1.0,0.0,0.0,UNOBSERVED_BODY_ENVELOPE,0.7110185571230425,0,2,0,0,24
15.55,-56.80193922883643,-10.452042164884023,1.5061634207784422,0.0,0.0,0.0,1.0,0.0,0.0,UNOBSERVED_BODY_ENVELOPE,0.7110185571230425,0,2,0,0,24
15.566666666666666,-56.80193922883643,-10.452042164884023,1.5061634207784422,0.0,0.0,0.0,1.0,0.0,0.0,UNOBSERVED_BODY_ENVELOPE,0.7110185571230425,0,2,0,0,24
15.583333333333334,-56.80193922883643,-10.452042164884023,1.5061634207784422,0.0,0.0,0.0,1.0,0.0,0.0,UNOBSERVED_BODY_ENVELOPE,0.7110185571230425,0,2,0,0,24
15.6,-56.80193922883643,-10.452042164884023,1.5061634207784422,0.0,0.0,0.0,1.0,0.0,0.0,UNOBSERVED_BODY_ENVELOPE,0.7110185571230425,0,2,0,0,24
15.616666666666667,-56.80193922883643,-10.452042164884023,1.5061634207784422,0.0,0.0,0.0,1.0,0.0,0.0,UNOBSERVED_BODY_ENVELOPE,0.7110185571230425,0,2,0,0,24
15.633333333333333,-56.80193922883643,-10.452042164884023,1.5061634207784422,0.0,0.0,0.0,1.0,0.0,0.0,UNOBSERVED_BODY_ENVELOPE,0.7110185571230425,0,2,0,0,24
15.65,-56.80193922883643,-10.452042164884023,1.5061634207784422,0.0,0.0,0.0,1.0,0.0,0.0,UNOBSERVED_BODY_ENVELOPE,0.7110185571230425,0,2,0,0,24
15.666666666666666,-56.80193922883643,-10.452042164884023,1.5061634207784422,0.0,0.0,0.0,1.0,0.0,0.0,UNOBSERVED_BODY_ENVELOPE,0.7110185571230425,0,2,0,0,24
15.683333333333334,-56.80193922883643,-10.452042164884023,1.5061634207784422,0.0,0.0,0.0,1.0,0.0,0.0,UNOBSERVED_BODY_ENVELOPE,0.7110185571230425,0,2,0,0,24
15.7,-56.80193922883643,-10.452042164884023,1.5061634207784422,0.0,0.0,0.0,1.0,0.0,0.0,UNOBSERVED_BODY_ENVELOPE,0.7110185571230425,0,2,0,0,24
15.716666666666667,-56.80193922883643,-10.452042164884023,1.5061634207784422,0.0,0.0,0.0,1.0,0.0,0.0,UNOBSERVED_BODY_ENVELOPE,0.7110185571230425,0,2,0,0,24
15.733333333333333,-56.80193922883643,-10.452042164884023,1.5061634207784422,0.0,0.0,0.0,1.0,0.0,0.0,UNOBSERVED_BODY_ENVELOPE,0.7110185571230425,0,2,0,0,24
15.75,-56.80193922883643,-10.452042164884023,1.5061634207784422,0.0,0.0,0.0,1.0,0.0,0.0,UNOBSERVED_BODY_ENVELOPE,0.7110185571230425,0,2,0,0,24
15.766666666666667,-56.80193922883643,-10.452042164884023,1.5061634207784422,0.0,0.0,0.0,1.0,0.0,0.0,UNOBSERVED_BODY_ENVELOPE,0.7110185571230425,0,2,0,0,24
15.783333333333333,-56.80193922883643,-10.452042164884023,1.5061634207784422,0.0,0.0,0.0,1.0,0.0,0.0,UNOBSERVED_BODY_ENVELOPE,0.7110185571230425,0,2,0,0,24
15.8,-56.80193922883643,-10.452042164884023,1.5061634207784422,0.0,0.0,0.0,1.0,0.0,0.0,UNOBSERVED_BODY_ENVELOPE,0.7110185571230425,0,2,0,0,24
15.816666666666666,-56.80193922883643,-10.452042164884023,1.5061634207784422,0.0,0.0,0.0,1.0,0.0,0.0,UNOBSERVED_BODY_ENVELOPE,0.7110185571230425,0,2,0,0,24
15.833333333333334,-56.80193922883643,-10.452042164884023,1.5061634207784422,0.0,0.0,0.0,1.0,0.0,0.0,UNOBSERVED_BODY_ENVELOPE,0.7110185571230425,0,2,0,0,24
15.85,-56.80193922883643,-10.452042164884023,1.5061634207784422,0.0,0.0,0.0,1.0,0.0,0.0,UNOBSERVED_BODY_ENVELOPE,0.7110185571230425,0,2,0,0,24
15.866666666666667,-56.80193922883643,-10.452042164884023,1.5061634207784422,0.0,0.0,0.0,1.0,0.0,0.0,UNOBSERVED_BODY_ENVELOPE,0.7110185571230425,0,2,0,0,24
15.883333333333333,-56.80193922883643,-10.452042164884023,1.5061634207784422,0.0,0.0,0.0,1.0,0.0,0.0,UNOBSERVED_BODY_ENVELOPE,0.7110185571230425,0,2,0,0,24
15.9,-56.80193922883643,-10.452042164884023,1.5061634207784422,0.0,0.0,0.0,1.0,0.0,0.0,UNOBSERVED_BODY_ENVELOPE,0.7110185571230425,0,2,0,0,24
15.916666666666666,-56.80193922883643,-10.452042164884023,1.5061634207784422,0.0,0.0,0.0,1.0,0.0,0.0,UNOBSERVED_BODY_ENVELOPE,0.7110185571230425,0,2,0,0,24
15.933333333333334,-56.80193922883643,-10.452042164884023,1.5061634207784422,0.0,0.0,0.0,1.0,0.0,0.0,UNOBSERVED_BODY_ENVELOPE,0.7110185571230425,0,2,0,0,24
15.95,-56.80193922883643,-10.452042164884023,1.5061634207784422,0.0,0.0,0.0,1.0,0.0,0.0,UNOBSERVED_BODY_ENVELOPE,0.7110185571230425,0,2,0,0,24
15.966666666666667,-56.80193922883643,-10.452042164884023,1.5061634207784422,0.0,0.0,0.0,1.0,0.0,0.0,UNOBSERVED_BODY_ENVELOPE,0.7110185571230425,0,2,0,0,24
15.983333333333333,-56.80193922883643,-10.452042164884023,1.5061634207784422,0.0,0.0,0.0,1.0,0.0,0.0,UNOBSERVED_BODY_ENVELOPE,0.7110185571230425,0,2,0,0,24
16.0,-56.80193922883643,-10.452042164884023,1.5061634207784422,0.0,0.0,0.0,1.0,0.0,0.0,UNOBSERVED_BODY_ENVELOPE,0.7110185571230425,0,2,0,0,24
16.016666666666666,-56.80193922883643,-10.452042164884023,1.5061634207784422,0.0,0.0,0.0,1.0,0.0,0.0,UNOBSERVED_BODY_ENVELOPE,0.7110185571230425,0,2,0,0,24
16.033333333333335,-56.80193922883643,-10.452042164884023,1.5061634207784422,0.0,0.0,0.0,1.0,0.0,0.0,UNOBSERVED_BODY_ENVELOPE,0.7110185571230425,0,2,0,0,24
16.05,-56.80193922883643,-10.452042164884023,1.5061634207784422,0.0,0.0,0.0,1.0,0.0,0.0,UNOBSERVED_BODY_ENVELOPE,0.7110185571230425,0,2,0,0,24
16.066666666666666,-56.80193922883643,-10.452042164884023,1.5061634207784422,0.0,0.0,0.0,1.0,0.0,0.0,UNOBSERVED_BODY_ENVELOPE,0.7110185571230425,0,2,0,0,24
16.083333333333332,-56.80193922883643,-10.452042164884023,1.5061634207784422,0.0,0.0,0.0,1.0,0.0,0.0,UNOBSERVED_BODY_ENVELOPE,0.7110185571230425,0,2,0,0,24
16.1,-56.80193922883643,-10.452042164884023,1.5061634207784422,0.0,0.0,0.0,1.0,0.0,0.0,UNOBSERVED_BODY_ENVELOPE,0.7110185571230425,0,2,0,0,24
16.116666666666667,-56.80193922883643,-10.452042164884023,1.5061634207784422,0.0,0.0,0.0,1.0,0.0,0.0,UNOBSERVED_BODY_ENVELOPE,0.7110185571230425,0,2,0,0,24
16.133333333333333,-56.80193922883643,-10.452042164884023,1.5061634207784422,0.0,0.0,0.0,1.0,0.0,0.0,UNOBSERVED_BODY_ENVELOPE,0.7110185571230425,0,2,0,0,24
16.15,-56.80193922883643,-10.452042164884023,1.5061634207784422,0.0,0.0,0.0,1.0,0.0,0.0,UNOBSERVED_BODY_ENVELOPE,0.7110185571230425,0,2,0,0,24
16.166666666666668,-56.80193922883643,-10.452042164884023,1.5061634207784422,0.0,0.0,0.0,1.0,0.0,0.0,UNOBSERVED_BODY_ENVELOPE,0.7110185571230425,0,2,0,0,24
16.183333333333334,-56.80193922883643,-10.452042164884023,1.5061634207784422,0.0,0.0,0.0,1.0,0.0,0.0,UNOBSERVED_BODY_ENVELOPE,0.7110185571230425,0,2,0,0,24
16.2,-56.80193922883643,-10.452042164884023,1.5061634207784422,0.0,0.0,0.0,1.0,0.0,0.0,UNOBSERVED_BODY_ENVELOPE,0.7110185571230425,0,2,0,0,24
16.216666666666665,-56.80193922883643,-10.452042164884023,1.5061634207784422,0.0,0.0,0.0,1.0,0.0,0.0,UNOBSERVED_BODY_ENVELOPE,0.7110185571230425,0,2,0,0,24
16.233333333333334,-56.80193922883643,-10.452042164884023,1.5061634207784422,0.0,0.0,0.0,1.0,0.0,0.0,UNOBSERVED_BODY_ENVELOPE,0.7110185571230425,0,2,0,0,24
16.25,-56.80193922883643,-10.452042164884023,1.5061634207784422,0.0,0.0,0.0,1.0,0.0,0.0,UNOBSERVED_BODY_ENVELOPE,0.7110185571230425,0,2,0,0,24
16.266666666666666,-56.80193922883643,-10.452042164884023,1.5061634207784422,0.0,0.0,0.0,1.0,0.0,0.0,UNOBSERVED_BODY_ENVELOPE,0.7110185571230425,0,2,0,0,24
16.283333333333335,-56.80193922883643,-10.452042164884023,1.5061634207784422,0.0,0.0,0.0,1.0,0.0,0.0,UNOBSERVED_BODY_ENVELOPE,0.7110185571230425,0,2,0,0,24
16.3,-56.80193922883643,-10.452042164884023,1.5061634207784422,0.0,0.0,0.0,1.0,0.0,0.0,UNOBSERVED_BODY_ENVELOPE,0.7110185571230425,0,2,0,0,24
16.316666666666666,-56.80193922883643,-10.452042164884023,1.5061634207784422,0.0,0.0,0.0,1.0,0.0,0.0,UNOBSERVED_BODY_ENVELOPE,0.7110185571230425,0,2,0,0,24
16.333333333333332,-56.80193922883643,-10.452042164884023,1.5061634207784422,0.0,0.0,0.0,1.0,0.0,0.0,UNOBSERVED_BODY_ENVELOPE,0.7110185571230425,0,2,0,0,24
16.35,-56.80193922883643,-10.452042164884023,1.5061634207784422,0.0,0.0,0.0,1.0,0.0,0.0,UNOBSERVED_BODY_ENVELOPE,0.7110185571230425,0,2,0,0,24
16.366666666666667,-56.80193922883643,-10.452042164884023,1.5061634207784422,0.0,0.0,0.0,1.0,0.0,0.0,UNOBSERVED_BODY_ENVELOPE,0.7110185571230425,0,2,0,0,24
16.383333333333333,-56.80193922883643,-10.452042164884023,1.5061634207784422,0.0,0.0,0.0,1.0,0.0,0.0,UNOBSERVED_BODY_ENVELOPE,0.7110185571230425,0,2,0,0,24
16.4,-56.80193922883643,-10.452042164884023,1.5061634207784422,0.0,0.0,0.0,1.0,0.0,0.0,UNOBSERVED_BODY_ENVELOPE,0.7110185571230425,0,2,0,0,24
16.416666666666668,-56.80193922883643,-10.452042164884023,1.5061634207784422,0.0,0.0,0.0,1.0,0.0,0.0,UNOBSERVED_BODY_ENVELOPE,0.7110185571230425,0,2,0,0,24
16.433333333333334,-56.80193922883643,-10.452042164884023,1.5061634207784422,0.0,0.0,0.0,1.0,0.0,0.0,UNOBSERVED_BODY_ENVELOPE,0.7110185571230425,0,2,0,0,24
16.45,-56.80193922883643,-10.452042164884023,1.5061634207784422,0.0,0.0,0.0,1.0,0.0,0.0,UNOBSERVED_BODY_ENVELOPE,0.7110185571230425,0,2,0,0,24
16.466666666666665,-56.80193922883643,-10.452042164884023,1.5061634207784422,0.0,0.0,0.0,1.0,0.0,0.0,UNOBSERVED_BODY_ENVELOPE,0.7110185571230425,0,2,0,0,24
16.483333333333334,-56.80193922883643,-10.452042164884023,1.5061634207784422,0.0,0.0,0.0,1.0,0.0,0.0,UNOBSERVED_BODY_ENVELOPE,0.7110185571230425,0,2,0,0,24
16.5,-56.80193922883643,-10.452042164884023,1.5061634207784422,0.0,0.0,0.0,1.0,0.0,0.0,UNOBSERVED_BODY_ENVELOPE,0.7110185571230425,0,2,0,0,24
16.516666666666666,-56.80193922883643,-10.452042164884023,1.5061634207784422,0.0,0.0,0.0,1.0,0.0,0.0,UNOBSERVED_BODY_ENVELOPE,0.7110185571230425,0,2,0,0,24
16.533333333333335,-56.80193922883643,-10.452042164884023,1.5061634207784422,0.0,0.0,0.0,1.0,0.0,0.0,UNOBSERVED_BODY_ENVELOPE,0.7110185571230425,0,2,0,0,24
16.55,-56.80193922883643,-10.452042164884023,1.5061634207784422,0.0,0.0,0.0,1.0,0.0,0.0,UNOBSERVED_BODY_ENVELOPE,0.7110185571230425,0,2,0,0,24
16.566666666666666,-56.80193922883643,-10.452042164884023,1.5061634207784422,0.0,0.0,0.0,1.0,0.0,0.0,UNOBSERVED_BODY_ENVELOPE,0.7110185571230425,0,2,0,0,24
16.583333333333332,-56.80193922883643,-10.452042164884023,1.5061634207784422,0.0,0.0,0.0,1.0,0.0,0.0,UNOBSERVED_BODY_ENVELOPE,0.7110185571230425,0,2,0,0,24
16.6,-56.80193922883643,-10.452042164884023,1.5061634207784422,0.0,0.0,0.0,1.0,0.0,0.0,UNOBSERVED_BODY_ENVELOPE,0.7110185571230425,0,2,0,0,24
16.616666666666667,-56.80193922883643,-10.452042164884023,1.5061634207784422,0.0,0.0,0.0,1.0,0.0,0.0,UNOBSERVED_BODY_ENVELOPE,0.7110185571230425,0,2,0,0,24
16.633333333333333,-56.80193922883643,-10.452042164884023,1.5061634207784422,0.0,0.0,0.0,1.0,0.0,0.0,UNOBSERVED_BODY_ENVELOPE,0.7110185571230425,0,2,0,0,24
16.65,-56.80193922883643,-10.452042164884023,1.5061634207784422,0.0,0.0,0.0,1.0,0.0,0.0,UNOBSERVED_BODY_ENVELOPE,0.7110185571230425,0,2,0,0,24
16.666666666666668,-56.80193922883643,-10.452042164884023,1.5061634207784422,0.0,0.0,0.0,1.0,0.0,0.0,UNOBSERVED_BODY_ENVELOPE,0.7110185571230425,0,2,0,0,24
16.683333333333334,-56.80193922883643,-10.452042164884023,1.5061634207784422,0.0,0.0,0.0,1.0,0.0,0.0,UNOBSERVED_BODY_ENVELOPE,0.7110185571230425,0,2,0,0,24
16.7,-56.80193922883643,-10.452042164884023,1.5061634207784422,0.0,0.0,0.0,1.0,0.0,0.0,UNOBSERVED_BODY_ENVELOPE,0.7110185571230425,0,2,0,0,24
16.716666666666665,-56.80193922883643,-10.452042164884023,1.5061634207784422,0.0,0.0,0.0,1.0,0.0,0.0,UNOBSERVED_BODY_ENVELOPE,0.7110185571230425,0,2,0,0,24
16.733333333333334,-56.80193922883643,-10.452042164884023,1.5061634207784422,0.0,0.0,0.0,1.0,0.0,0.0,UNOBSERVED_BODY_ENVELOPE,0.7110185571230425,0,2,0,0,24
16.75,-56.80193922883643,-10.452042164884023,1.5061634207784422,0.0,0.0,0.0,1.0,0.0,0.0,UNOBSERVED_BODY_ENVELOPE,0.7110185571230425,0,2,0,0,24
16.766666666666666,-56.80193922883643,-10.452042164884023,1.5061634207784422,0.0,0.0,0.0,1.0,0.0,0.0,UNOBSERVED_BODY_ENVELOPE,0.7110185571230425,0,2,0,0,24
16.783333333333335,-56.80193922883643,-10.452042164884023,1.5061634207784422,0.0,0.0,0.0,1.0,0.0,0.0,UNOBSERVED_BODY_ENVELOPE,0.7110185571230425,0,2,0,0,24
16.8,-56.80193922883643,-10.452042164884023,1.5061634207784422,0.0,0.0,0.0,1.0,0.0,0.0,UNOBSERVED_BODY_ENVELOPE,0.7110185571230425,0,2,0,0,24
16.816666666666666,-56.80193922883643,-10.452042164884023,1.5061634207784422,0.0,0.0,0.0,1.0,0.0,0.0,UNOBSERVED_BODY_ENVELOPE,0.7110185571230425,0,2,0,0,24
16.833333333333332,-56.80193922883643,-10.452042164884023,1.5061634207784422,0.0,0.0,0.0,1.0,0.0,0.0,UNOBSERVED_BODY_ENVELOPE,0.7110185571230425,0,2,0,0,24
16.85,-56.80193922883643,-10.452042164884023,1.5061634207784422,0.0,0.0,0.0,1.0,0.0,0.0,UNOBSERVED_BODY_ENVELOPE,0.7110185571230425,0,2,0,0,24
16.866666666666667,-56.80193922883643,-10.452042164884023,1.5061634207784422,0.0,0.0,0.0,1.0,0.0,0.0,UNOBSERVED_BODY_ENVELOPE,0.7110185571230425,0,2,0,0,24
16.883333333333333,-56.80193922883643,-10.452042164884023,1.5061634207784422,0.0,0.0,0.0,1.0,0.0,0.0,UNOBSERVED_BODY_ENVELOPE,0.7110185571230425,0,2,0,0,24
16.9,-56.80193922883643,-10.452042164884023,1.5061634207784422,0.0,0.0,0.0,1.0,0.0,0.0,UNOBSERVED_BODY_ENVELOPE,0.7110185571230425,0,2,0,0,24
16.916666666666668,-56.80193922883643,-10.452042164884023,1.5061634207784422,0.0,0.0,0.0,1.0,0.0,0.0,UNOBSERVED_BODY_ENVELOPE,0.7110185571230425,0,2,0,0,24
16.933333333333334,-56.80193922883643,-10.452042164884023,1.5061634207784422,0.0,0.0,0.0,1.0,0.0,0.0,UNOBSERVED_BODY_ENVELOPE,0.7110185571230425,0,2,0,0,24
16.95,-56.80193922883643,-10.452042164884023,1.5061634207784422,0.0,0.0,0.0,1.0,0.0,0.0,UNOBSERVED_BODY_ENVELOPE,0.7110185571230425,0,2,0,0,24
16.966666666666665,-56.80193922883643,-10.452042164884023,1.5061634207784422,0.0,0.0,0.0,1.0,0.0,0.0,UNOBSERVED_BODY_ENVELOPE,0.7110185571230425,0,2,0,0,24
16.983333333333334,-56.80193922883643,-10.452042164884023,1.5061634207784422,0.0,0.0,0.0,1.0,0.0,0.0,UNOBSERVED_BODY_ENVELOPE,0.7110185571230425,0,2,0,0,24
17.0,-56.80193922883643,-10.452042164884023,1.5061634207784422,0.0,0.0,0.0,1.0,0.0,0.0,UNOBSERVED_BODY_ENVELOPE,0.7110185571230425,0,2,0,0,24
17.016666666666666,-56.80193922883643,-10.452042164884023,1.5061634207784422,0.0,0.0,0.0,1.0,0.0,0.0,UNOBSERVED_BODY_ENVELOPE,0.7110185571230425,0,2,0,0,24
17.033333333333335,-56.80193922883643,-10.452042164884023,1.5061634207784422,0.0,0.0,0.0,1.0,0.0,0.0,UNOBSERVED_BODY_ENVELOPE,0.7110185571230425,0,2,0,0,24
17.05,-56.80193922883643,-10.452042164884023,1.5061634207784422,0.0,0.0,0.0,1.0,0.0,0.0,UNOBSERVED_BODY_ENVELOPE,0.7110185571230425,0,2,0,0,24
17.066666666666666,-56.80193922883643,-10.452042164884023,1.5061634207784422,0.0,0.0,0.0,1.0,0.0,0.0,UNOBSERVED_BODY_ENVELOPE,0.7110185571230425,0,2,0,0,24
17.083333333333332,-56.80193922883643,-10.452042164884023,1.5061634207784422,0.0,0.0,0.0,1.0,0.0,0.0,UNOBSERVED_BODY_ENVELOPE,0.7110185571230425,0,2,0,0,24
17.1,-56.80193922883643,-10.452042164884023,1.5061634207784422,0.0,0.0,0.0,1.0,0.0,0.0,UNOBSERVED_BODY_ENVELOPE,0.7110185571230425,0,2,0,0,24
17.116666666666667,-56.80193922883643,-10.452042164884023,1.5061634207784422,0.0,0.0,0.0,1.0,0.0,0.0,UNOBSERVED_BODY_ENVELOPE,0.7110185571230425,0,2,0,0,24
17.133333333333333,-56.80193922883643,-10.452042164884023,1.5061634207784422,0.0,0.0,0.0,1.0,0.0,0.0,UNOBSERVED_BODY_ENVELOPE,0.7110185571230425,0,2,0,0,24
17.15,-56.80193922883643,-10.452042164884023,1.5061634207784422,0.0,0.0,0.0,1.0,0.0,0.0,UNOBSERVED_BODY_ENVELOPE,0.7110185571230425,0,2,0,0,24
17.166666666666668,-56.80193922883643,-10.452042164884023,1.5061634207784422,0.0,0.0,0.0,1.0,0.0,0.0,UNOBSERVED_BODY_ENVELOPE,0.7110185571230425,0,2,0,0,24
17.183333333333334,-56.80193922883643,-10.452042164884023,1.5061634207784422,0.0,0.0,0.0,1.0,0.0,0.0,UNOBSERVED_BODY_ENVELOPE,0.7110185571230425,0,2,0,0,24
17.2,-56.80193922883643,-10.452042164884023,1.5061634207784422,0.0,0.0,0.0,1.0,0.0,0.0,UNOBSERVED_BODY_ENVELOPE,0.7110185571230425,0,2,0,0,24
17.216666666666665,-56.80193922883643,-10.452042164884023,1.5061634207784422,0.0,0.0,0.0,1.0,0.0,0.0,UNOBSERVED_BODY_ENVELOPE,0.7110185571230425,0,2,0,0,24
17.233333333333334,-56.80193922883643,-10.452042164884023,1.5061634207784422,0.0,0.0,0.0,1.0,0.0,0.0,UNOBSERVED_BODY_ENVELOPE,0.7110185571230425,0,2,0,0,24
17.25,-56.80193922883643,-10.452042164884023,1.5061634207784422,0.0,0.0,0.0,1.0,0.0,0.0,UNOBSERVED_BODY_ENVELOPE,0.7110185571230425,0,2,0,0,24
17.266666666666666,-56.80193922883643,-10.452042164884023,1.5061634207784422,0.0,0.0,0.0,1.0,0.0,0.0,UNOBSERVED_BODY_ENVELOPE,0.7110185571230425,0,2,0,0,24
17.283333333333335,-56.80193922883643,-10.452042164884023,1.5061634207784422,0.0,0.0,0.0,1.0,0.0,0.0,UNOBSERVED_BODY_ENVELOPE,0.7110185571230425,0,2,0,0,24
17.3,-56.80193922883643,-10.452042164884023,1.5061634207784422,0.0,0.0,0.0,1.0,0.0,0.0,UNOBSERVED_BODY_ENVELOPE,0.7110185571230425,0,2,0,0,24
17.316666666666666,-56.80193922883643,-10.452042164884023,1.5061634207784422,0.0,0.0,0.0,1.0,0.0,0.0,UNOBSERVED_BODY_ENVELOPE,0.7110185571230425,0,2,0,0,24
17.333333333333332,-56.80193922883643,-10.452042164884023,1.5061634207784422,0.0,0.0,0.0,1.0,0.0,0.0,UNOBSERVED_BODY_ENVELOPE,0.7110185571230425,0,2,0,0,24
17.35,-56.80193922883643,-10.452042164884023,1.5061634207784422,0.0,0.0,0.0,1.0,0.0,0.0,UNOBSERVED_BODY_ENVELOPE,0.7110185571230425,0,2,0,0,24
17.366666666666667,-56.80193922883643,-10.452042164884023,1.5061634207784422,0.0,0.0,0.0,1.0,0.0,0.0,UNOBSERVED_BODY_ENVELOPE,0.7110185571230425,0,2,0,0,24
17.383333333333333,-56.80193922883643,-10.452042164884023,1.5061634207784422,0.0,0.0,0.0,1.0,0.0,0.0,UNOBSERVED_BODY_ENVELOPE,0.7110185571230425,0,2,0,0,24
17.4,-56.80193922883643,-10.452042164884023,1.5061634207784422,0.0,0.0,0.0,1.0,0.0,0.0,UNOBSERVED_BODY_ENVELOPE,0.7110185571230425,0,2,0,0,24
17.416666666666668,-56.80193922883643,-10.452042164884023,1.5061634207784422,0.0,0.0,0.0,1.0,0.0,0.0,UNOBSERVED_BODY_ENVELOPE,0.7110185571230425,0,2,0,0,24
17.433333333333334,-56.80193922883643,-10.452042164884023,1.5061634207784422,0.0,0.0,0.0,1.0,0.0,0.0,UNOBSERVED_BODY_ENVELOPE,0.7110185571230425,0,2,0,0,24
17.45,-56.80193922883643,-10.452042164884023,1.5061634207784422,0.0,0.0,0.0,1.0,0.0,0.0,UNOBSERVED_BODY_ENVELOPE,0.7110185571230425,0,2,0,0,24
17.466666666666665,-56.80193922883643,-10.452042164884023,1.5061634207784422,0.0,0.0,0.0,1.0,0.0,0.0,UNOBSERVED_BODY_ENVELOPE,0.7110185571230425,0,2,0,0,24
17.483333333333334,-56.80193922883643,-10.452042164884023,1.5061634207784422,0.0,0.0,0.0,1.0,0.0,0.0,UNOBSERVED_BODY_ENVELOPE,0.7110185571230425,0,2,0,0,24
17.5,-56.80193922883643,-10.452042164884023,1.5061634207784422,0.0,0.0,0.0,1.0,0.0,0.0,UNOBSERVED_BODY_ENVELOPE,0.7110185571230425,0,2,0,0,24
17.516666666666666,-56.80193922883643,-10.452042164884023,1.5061634207784422,0.0,0.0,0.0,1.0,0.0,0.0,UNOBSERVED_BODY_ENVELOPE,0.7110185571230425,0,2,0,0,24
17.533333333333335,-56.80193922883643,-10.452042164884023,1.5061634207784422,0.0,0.0,0.0,1.0,0.0,0.0,UNOBSERVED_BODY_ENVELOPE,0.7110185571230425,0,2,0,0,24
17.55,-56.80193922883643,-10.452042164884023,1.5061634207784422,0.0,0.0,0.0,1.0,0.0,0.0,UNOBSERVED_BODY_ENVELOPE,0.7110185571230425,0,2,0,0,24
17.566666666666666,-56.80193922883643,-10.452042164884023,1.5061634207784422,0.0,0.0,0.0,1.0,0.0,0.0,UNOBSERVED_BODY_ENVELOPE,0.7110185571230425,0,2,0,0,24
17.583333333333332,-56.80193922883643,-10.452042164884023,1.5061634207784422,0.0,0.0,0.0,1.0,0.0,0.0,UNOBSERVED_BODY_ENVELOPE,0.7110185571230425,0,2,0,0,24
17.6,-56.80193922883643,-10.452042164884023,1.5061634207784422,0.0,0.0,0.0,1.0,0.0,0.0,UNOBSERVED_BODY_ENVELOPE,0.7110185571230425,0,2,0,0,24
17.616666666666667,-56.80193922883643,-10.452042164884023,1.5061634207784422,0.0,0.0,0.0,1.0,0.0,0.0,UNOBSERVED_BODY_ENVELOPE,0.7110185571230425,0,2,0,0,24
17.633333333333333,-56.80193922883643,-10.452042164884023,1.5061634207784422,0.0,0.0,0.0,1.0,0.0,0.0,UNOBSERVED_BODY_ENVELOPE,0.7110185571230425,0,2,0,0,24
17.65,-56.80193922883643,-10.452042164884023,1.5061634207784422,0.0,0.0,0.0,1.0,0.0,0.0,UNOBSERVED_BODY_ENVELOPE,0.7110185571230425,0,2,0,0,24
17.666666666666668,-56.80193922883643,-10.452042164884023,1.5061634207784422,0.0,0.0,0.0,1.0,0.0,0.0,UNOBSERVED_BODY_ENVELOPE,0.7110185571230425,0,2,0,0,24
17.683333333333334,-56.80193922883643,-10.452042164884023,1.5061634207784422,0.0,0.0,0.0,1.0,0.0,0.0,UNOBSERVED_BODY_ENVELOPE,0.7110185571230425,0,2,0,0,24
17.7,-56.80193922883643,-10.452042164884023,1.5061634207784422,0.0,0.0,0.0,1.0,0.0,0.0,UNOBSERVED_BODY_ENVELOPE,0.7110185571230425,0,2,0,0,24
17.716666666666665,-56.80193922883643,-10.452042164884023,1.5061634207784422,0.0,0.0,0.0,1.0,0.0,0.0,UNOBSERVED_BODY_ENVELOPE,0.7110185571230425,0,2,0,0,24
17.733333333333334,-56.80193922883643,-10.452042164884023,1.5061634207784422,0.0,0.0,0.0,1.0,0.0,0.0,UNOBSERVED_BODY_ENVELOPE,0.7110185571230425,0,2,0,0,24
17.75,-56.80193922883643,-10.452042164884023,1.5061634207784422,0.0,0.0,0.0,1.0,0.0,0.0,UNOBSERVED_BODY_ENVELOPE,0.7110185571230425,0,2,0,0,24
17.766666666666666,-56.80193922883643,-10.452042164884023,1.5061634207784422,0.0,0.0,0.0,1.0,0.0,0.0,UNOBSERVED_BODY_ENVELOPE,0.7110185571230425,0,2,0,0,24
17.783333333333335,-56.80193922883643,-10.452042164884023,1.5061634207784422,0.0,0.0,0.0,1.0,0.0,0.0,UNOBSERVED_BODY_ENVELOPE,0.7110185571230425,0,2,0,0,24
17.8,-56.80193922883643,-10.452042164884023,1.5061634207784422,0.0,0.0,0.0,1.0,0.0,0.0,UNOBSERVED_BODY_ENVELOPE,0.7110185571230425,0,2,0,0,24
17.816666666666666,-56.80193922883643,-10.452042164884023,1.5061634207784422,0.0,0.0,0.0,1.0,0.0,0.0,UNOBSERVED_BODY_ENVELOPE,0.7110185571230425,0,2,0,0,24
17.833333333333332,-56.80193922883643,-10.452042164884023,1.5061634207784422,0.0,0.0,0.0,1.0,0.0,0.0,UNOBSERVED_BODY_ENVELOPE,0.7110185571230425,0,2,0,0,24
17.85,-56.80193922883643,-10.452042164884023,1.5061634207784422,0.0,0.0,0.0,1.0,0.0,0.0,UNOBSERVED_BODY_ENVELOPE,0.7110185571230425,0,2,0,0,24
17.866666666666667,-56.80193922883643,-10.452042164884023,1.5061634207784422,0.0,0.0,0.0,1.0,0.0,0.0,UNOBSERVED_BODY_ENVELOPE,0.7110185571230425,0,2,0,0,24
17.883333333333333,-56.80193922883643,-10.452042164884023,1.5061634207784422,0.0,0.0,0.0,1.0,0.0,0.0,UNOBSERVED_BODY_ENVELOPE,0.7110185571230425,0,2,0,0,24
17.9,-56.80193922883643,-10.452042164884023,1.5061634207784422,0.0,0.0,0.0,1.0,0.0,0.0,UNOBSERVED_BODY_ENVELOPE,0.7110185571230425,0,2,0,0,24
17.916666666666668,-56.80193922883643,-10.452042164884023,1.5061634207784422,0.0,0.0,0.0,1.0,0.0,0.0,UNOBSERVED_BODY_ENVELOPE,0.7110185571230425,0,2,0,0,24
17.933333333333334,-56.80193922883643,-10.452042164884023,1.5061634207784422,0.0,0.0,0.0,1.0,0.0,0.0,UNOBSERVED_BODY_ENVELOPE,0.7110185571230425,0,2,0,0,24
17.95,-56.80193922883643,-10.452042164884023,1.5061634207784422,0.0,0.0,0.0,1.0,0.0,0.0,UNOBSERVED_BODY_ENVELOPE,0.7110185571230425,0,2,0,0,24
17.966666666666665,-56.80193922883643,-10.452042164884023,1.5061634207784422,0.0,0.0,0.0,1.0,0.0,0.0,UNOBSERVED_BODY_ENVELOPE,0.7110185571230425,0,2,0,0,24
17.983333333333334,-56.80193922883643,-10.452042164884023,1.5061634207784422,0.0,0.0,0.0,1.0,0.0,0.0,UNOBSERVED_BODY_ENVELOPE,0.7110185571230425,0,2,0,0,24
18.0,-56.80193922883643,-10.452042164884023,1.5061634207784422,0.0,0.0,0.0,1.0,0.0,0.0,UNOBSERVED_BODY_ENVELOPE,0.7110185571230425,0,2,0,0,24
18.016666666666666,-56.80193922883643,-10.452042164884023,1.5061634207784422,0.0,0.0,0.0,1.0,0.0,0.0,UNOBSERVED_BODY_ENVELOPE,0.7110185571230425,0,2,0,0,24
18.033333333333335,-56.80193922883643,-10.452042164884023,1.5061634207784422,0.0,0.0,0.0,1.0,0.0,0.0,UNOBSERVED_BODY_ENVELOPE,0.7110185571230425,0,2,0,0,24
18.05,-56.80193922883643,-10.452042164884023,1.5061634207784422,0.0,0.0,0.0,1.0,0.0,0.0,UNOBSERVED_BODY_ENVELOPE,0.7110185571230425,0,2,0,0,24
18.066666666666666,-56.80193922883643,-10.452042164884023,1.5061634207784422,0.0,0.0,0.0,1.0,0.0,0.0,UNOBSERVED_BODY_ENVELOPE,0.7110185571230425,0,2,0,0,24
18.083333333333332,-56.80193922883643,-10.452042164884023,1.5061634207784422,0.0,0.0,0.0,1.0,0.0,0.0,UNOBSERVED_BODY_ENVELOPE,0.7110185571230425,0,2,0,0,24
18.1,-56.80193922883643,-10.452042164884023,1.5061634207784422,0.0,0.0,0.0,1.0,0.0,0.0,UNOBSERVED_BODY_ENVELOPE,0.7110185571230425,0,2,0,0,24
18.116666666666667,-56.80193922883643,-10.452042164884023,1.5061634207784422,0.0,0.0,0.0,1.0,0.0,0.0,UNOBSERVED_BODY_ENVELOPE,0.7110185571230425,0,2,0,0,24
18.133333333333333,-56.80193922883643,-10.452042164884023,1.5061634207784422,0.0,0.0,0.0,1.0,0.0,0.0,UNOBSERVED_BODY_ENVELOPE,0.7110185571230425,0,2,0,0,24
18.15,-56.80193922883643,-10.452042164884023,1.5061634207784422,0.0,0.0,0.0,1.0,0.0,0.0,UNOBSERVED_BODY_ENVELOPE,0.7110185571230425,0,2,0,0,24
18.166666666666668,-56.80193922883643,-10.452042164884023,1.5061634207784422,0.0,0.0,0.0,1.0,0.0,0.0,UNOBSERVED_BODY_ENVELOPE,0.7110185571230425,0,2,0,0,24
18.183333333333334,-56.80193922883643,-10.452042164884023,1.5061634207784422,0.0,0.0,0.0,1.0,0.0,0.0,UNOBSERVED_BODY_ENVELOPE,0.7110185571230425,0,2,0,0,24
18.2,-56.80193922883643,-10.452042164884023,1.5061634207784422,0.0,0.0,0.0,1.0,0.0,0.0,UNOBSERVED_BODY_ENVELOPE,0.7110185571230425,0,2,0,0,24
18.216666666666665,-56.80193922883643,-10.452042164884023,1.5061634207784422,0.0,0.0,0.0,1.0,0.0,0.0,UNOBSERVED_BODY_ENVELOPE,0.7110185571230425,0,2,0,0,24
18.233333333333334,-56.80193922883643,-10.452042164884023,1.5061634207784422,0.0,0.0,0.0,1.0,0.0,0.0,UNOBSERVED_BODY_ENVELOPE,0.7110185571230425,0,2,0,0,24
18.25,-56.80193922883643,-10.452042164884023,1.5061634207784422,0.0,0.0,0.0,1.0,0.0,0.0,UNOBSERVED_BODY_ENVELOPE,0.7110185571230425,0,2,0,0,24
18.266666666666666,-56.80193922883643,-10.452042164884023,1.5061634207784422,0.0,0.0,0.0,1.0,0.0,0.0,UNOBSERVED_BODY_ENVELOPE,0.7110185571230425,0,2,0,0,24
18.283333333333335,-56.80193922883643,-10.452042164884023,1.5061634207784422,0.0,0.0,0.0,1.0,0.0,0.0,UNOBSERVED_BODY_ENVELOPE,0.7110185571230425,0,2,0,0,24
18.3,-56.80193922883643,-10.452042164884023,1.5061634207784422,0.0,0.0,0.0,1.0,0.0,0.0,UNOBSERVED_BODY_ENVELOPE,0.7110185571230425,0,2,0,0,24
18.316666666666666,-56.80193922883643,-10.452042164884023,1.5061634207784422,0.0,0.0,0.0,1.0,0.0,0.0,UNOBSERVED_BODY_ENVELOPE,0.7110185571230425,0,2,0,0,24
18.333333333333332,-56.80193922883643,-10.452042164884023,1.5061634207784422,0.0,0.0,0.0,1.0,0.0,0.0,UNOBSERVED_BODY_ENVELOPE,0.7110185571230425,0,2,0,0,24
18.35,-56.80193922883643,-10.452042164884023,1.5061634207784422,0.0,0.0,0.0,1.0,0.0,0.0,UNOBSERVED_BODY_ENVELOPE,0.7110185571230425,0,2,0,0,24
18.366666666666667,-56.80193922883643,-10.452042164884023,1.5061634207784422,0.0,0.0,0.0,1.0,0.0,0.0,UNOBSERVED_BODY_ENVELOPE,0.7110185571230425,0,2,0,0,24
18.383333333333333,-56.80193922883643,-10.452042164884023,1.5061634207784422,0.0,0.0,0.0,1.0,0.0,0.0,UNOBSERVED_BODY_ENVELOPE,0.7110185571230425,0,2,0,0,24
18.4,-56.80193922883643,-10.452042164884023,1.5061634207784422,0.0,0.0,0.0,1.0,0.0,0.0,UNOBSERVED_BODY_ENVELOPE,0.7110185571230425,0,2,0,0,24
18.416666666666668,-56.80193922883643,-10.452042164884023,1.5061634207784422,0.0,0.0,0.0,1.0,0.0,0.0,UNOBSERVED_BODY_ENVELOPE,0.7110185571230425,0,2,0,0,24
18.433333333333334,-56.80193922883643,-10.452042164884023,1.5061634207784422,0.0,0.0,0.0,1.0,0.0,0.0,UNOBSERVED_BODY_ENVELOPE,0.7110185571230425,0,2,0,0,24
18.45,-56.80193922883643,-10.452042164884023,1.5061634207784422,0.0,0.0,0.0,1.0,0.0,0.0,UNOBSERVED_BODY_ENVELOPE,0.7110185571230425,0,2,0,0,24
18.466666666666665,-56.80193922883643,-10.452042164884023,1.5061634207784422,0.0,0.0,0.0,1.0,0.0,0.0,UNOBSERVED_BODY_ENVELOPE,0.7110185571230425,0,2,0,0,24
18.483333333333334,-56.80193922883643,-10.452042164884023,1.5061634207784422,0.0,0.0,0.0,1.0,0.0,0.0,UNOBSERVED_BODY_ENVELOPE,0.7110185571230425,0,2,0,0,24
18.5,-56.80193922883643,-10.452042164884023,1.5061634207784422,0.0,0.0,0.0,1.0,0.0,0.0,UNOBSERVED_BODY_ENVELOPE,0.7110185571230425,0,2,0,0,24
18.516666666666666,-56.80193922883643,-10.452042164884023,1.5061634207784422,0.0,0.0,0.0,1.0,0.0,0.0,UNOBSERVED_BODY_ENVELOPE,0.7110185571230425,0,2,0,0,24
18.533333333333335,-56.80193922883643,-10.452042164884023,1.5061634207784422,0.0,0.0,0.0,1.0,0.0,0.0,UNOBSERVED_BODY_ENVELOPE,0.7110185571230425,0,2,0,0,24
18.55,-56.80193922883643,-10.452042164884023,1.5061634207784422,0.0,0.0,0.0,1.0,0.0,0.0,UNOBSERVED_BODY_ENVELOPE,0.7110185571230425,0,2,0,0,24
18.566666666666666,-56.80193922883643,-10.452042164884023,1.5061634207784422,0.0,0.0,0.0,1.0,0.0,0.0,UNOBSERVED_BODY_ENVELOPE,0.7110185571230425,0,2,0,0,24
18.583333333333332,-56.80193922883643,-10.452042164884023,1.5061634207784422,0.0,0.0,0.0,1.0,0.0,0.0,UNOBSERVED_BODY_ENVELOPE,0.7110185571230425,0,2,0,0,24
18.6,-56.80193922883643,-10.452042164884023,1.5061634207784422,0.0,0.0,0.0,1.0,0.0,0.0,UNOBSERVED_BODY_ENVELOPE,0.7110185571230425,0,2,0,0,24
18.616666666666667,-56.80193922883643,-10.452042164884023,1.5061634207784422,0.0,0.0,0.0,1.0,0.0,0.0,UNOBSERVED_BODY_ENVELOPE,0.7110185571230425,0,2,0,0,24
18.633333333333333,-56.80193922883643,-10.452042164884023,1.5061634207784422,0.0,0.0,0.0,1.0,0.0,0.0,UNOBSERVED_BODY_ENVELOPE,0.7110185571230425,0,2,0,0,24
18.65,-56.80193922883643,-10.452042164884023,1.5061634207784422,0.0,0.0,0.0,1.0,0.0,0.0,UNOBSERVED_BODY_ENVELOPE,0.7110185571230425,0,2,0,0,24
18.666666666666668,-56.80193922883643,-10.452042164884023,1.5061634207784422,0.0,0.0,0.0,1.0,0.0,0.0,UNOBSERVED_BODY_ENVELOPE,0.7110185571230425,0,2,0,0,24
18.683333333333334,-56.80193922883643,-10.452042164884023,1.5061634207784422,0.0,0.0,0.0,1.0,0.0,0.0,UNOBSERVED_BODY_ENVELOPE,0.7110185571230425,0,2,0,0,24
18.7,-56.80193922883643,-10.452042164884023,1.5061634207784422,0.0,0.0,0.0,1.0,0.0,0.0,UNOBSERVED_BODY_ENVELOPE,0.7110185571230425,0,2,0,0,24
18.716666666666665,-56.80193922883643,-10.452042164884023,1.5061634207784422,0.0,0.0,0.0,1.0,0.0,0.0,UNOBSERVED_BODY_ENVELOPE,0.7110185571230425,0,2,0,0,24
18.733333333333334,-56.80193922883643,-10.452042164884023,1.5061634207784422,0.0,0.0,0.0,1.0,0.0,0.0,UNOBSERVED_BODY_ENVELOPE,0.7110185571230425,0,2,0,0,24
18.75,-56.80193922883643,-10.452042164884023,1.5061634207784422,0.0,0.0,0.0,1.0,0.0,0.0,UNOBSERVED_BODY_ENVELOPE,0.7110185571230425,0,2,0,0,24
18.766666666666666,-56.80193922883643,-10.452042164884023,1.5061634207784422,0.0,0.0,0.0,1.0,0.0,0.0,UNOBSERVED_BODY_ENVELOPE,0.7110185571230425,0,2,0,0,24
18.783333333333335,-56.80193922883643,-10.452042164884023,1.5061634207784422,0.0,0.0,0.0,1.0,0.0,0.0,UNOBSERVED_BODY_ENVELOPE,0.7110185571230425,0,2,0,0,24
18.8,-56.80193922883643,-10.452042164884023,1.5061634207784422,0.0,0.0,0.0,1.0,0.0,0.0,UNOBSERVED_BODY_ENVELOPE,0.7110185571230425,0,2,0,0,24
18.816666666666666,-56.80193922883643,-10.452042164884023,1.5061634207784422,0.0,0.0,0.0,1.0,0.0,0.0,UNOBSERVED_BODY_ENVELOPE,0.7110185571230425,0,2,0,0,24
18.833333333333332,-56.80193922883643,-10.452042164884023,1.5061634207784422,0.0,0.0,0.0,1.0,0.0,0.0,UNOBSERVED_BODY_ENVELOPE,0.7110185571230425,0,2,0,0,24
18.85,-56.80193922883643,-10.452042164884023,1.5061634207784422,0.0,0.0,0.0,1.0,0.0,0.0,UNOBSERVED_BODY_ENVELOPE,0.7110185571230425,0,2,0,0,24
18.866666666666667,-56.80193922883643,-10.452042164884023,1.5061634207784422,0.0,0.0,0.0,1.0,0.0,0.0,UNOBSERVED_BODY_ENVELOPE,0.7110185571230425,0,2,0,0,24
18.883333333333333,-56.80193922883643,-10.452042164884023,1.5061634207784422,0.0,0.0,0.0,1.0,0.0,0.0,UNOBSERVED_BODY_ENVELOPE,0.7110185571230425,0,2,0,0,24
18.9,-56.80193922883643,-10.452042164884023,1.5061634207784422,0.0,0.0,0.0,1.0,0.0,0.0,UNOBSERVED_BODY_ENVELOPE,0.7110185571230425,0,2,0,0,24
18.916666666666668,-56.80193922883643,-10.452042164884023,1.5061634207784422,0.0,0.0,0.0,1.0,0.0,0.0,UNOBSERVED_BODY_ENVELOPE,0.7110185571230425,0,2,0,0,24
18.933333333333334,-56.80193922883643,-10.452042164884023,1.5061634207784422,0.0,0.0,0.0,1.0,0.0,0.0,UNOBSERVED_BODY_ENVELOPE,0.7110185571230425,0,2,0,0,24
18.95,-56.80193922883643,-10.452042164884023,1.5061634207784422,0.0,0.0,0.0,1.0,0.0,0.0,UNOBSERVED_BODY_ENVELOPE,0.7110185571230425,0,2,0,0,24
18.966666666666665,-56.80193922883643,-10.452042164884023,1.5061634207784422,0.0,0.0,0.0,1.0,0.0,0.0,UNOBSERVED_BODY_ENVELOPE,0.7110185571230425,0,2,0,0,24
18.983333333333334,-56.80193922883643,-10.452042164884023,1.5061634207784422,0.0,0.0,0.0,1.0,0.0,0.0,UNOBSERVED_BODY_ENVELOPE,0.7110185571230425,0,2,0,0,24
19.0,-56.80193922883643,-10.452042164884023,1.5061634207784422,0.0,0.0,0.0,1.0,0.0,0.0,UNOBSERVED_BODY_ENVELOPE,0.7110185571230425,0,2,0,0,24
19.016666666666666,-56.80193922883643,-10.452042164884023,1.5061634207784422,0.0,0.0,0.0,1.0,0.0,0.0,UNOBSERVED_BODY_ENVELOPE,0.7110185571230425,0,2,0,0,24
19.033333333333335,-56.80193922883643,-10.452042164884023,1.5061634207784422,0.0,0.0,0.0,1.0,0.0,0.0,UNOBSERVED_BODY_ENVELOPE,0.7110185571230425,0,2,0,0,24
19.05,-56.80193922883643,-10.452042164884023,1.5061634207784422,0.0,0.0,0.0,1.0,0.0,0.0,UNOBSERVED_BODY_ENVELOPE,0.7110185571230425,0,2,0,0,24
19.066666666666666,-56.80193922883643,-10.452042164884023,1.5061634207784422,0.0,0.0,0.0,1.0,0.0,0.0,UNOBSERVED_BODY_ENVELOPE,0.7110185571230425,0,2,0,0,24
19.083333333333332,-56.80193922883643,-10.452042164884023,1.5061634207784422,0.0,0.0,0.0,1.0,0.0,0.0,UNOBSERVED_BODY_ENVELOPE,0.7110185571230425,0,2,0,0,24
19.1,-56.80193922883643,-10.452042164884023,1.5061634207784422,0.0,0.0,0.0,1.0,0.0,0.0,UNOBSERVED_BODY_ENVELOPE,0.7110185571230425,0,2,0,0,24
19.116666666666667,-56.80193922883643,-10.452042164884023,1.5061634207784422,0.0,0.0,0.0,1.0,0.0,0.0,UNOBSERVED_BODY_ENVELOPE,0.7110185571230425,0,2,0,0,24
19.133333333333333,-56.80193922883643,-10.452042164884023,1.5061634207784422,0.0,0.0,0.0,1.0,0.0,0.0,UNOBSERVED_BODY_ENVELOPE,0.7110185571230425,0,2,0,0,24
19.15,-56.80193922883643,-10.452042164884023,1.5061634207784422,0.0,0.0,0.0,1.0,0.0,0.0,UNOBSERVED_BODY_ENVELOPE,0.7110185571230425,0,2,0,0,24
19.166666666666668,-56.80193922883643,-10.452042164884023,1.5061634207784422,0.0,0.0,0.0,1.0,0.0,0.0,UNOBSERVED_BODY_ENVELOPE,0.7110185571230425,0,2,0,0,24
19.183333333333334,-56.80193922883643,-10.452042164884023,1.5061634207784422,0.0,0.0,0.0,1.0,0.0,0.0,UNOBSERVED_BODY_ENVELOPE,0.7110185571230425,0,2,0,0,24
19.2,-56.80193922883643,-10.452042164884023,1.5061634207784422,0.0,0.0,0.0,1.0,0.0,0.0,UNOBSERVED_BODY_ENVELOPE,0.7110185571230425,0,2,0,0,24
19.216666666666665,-56.80193922883643,-10.452042164884023,1.5061634207784422,0.0,0.0,0.0,1.0,0.0,0.0,UNOBSERVED_BODY_ENVELOPE,0.7110185571230425,0,2,0,0,24
19.233333333333334,-56.80193922883643,-10.452042164884023,1.5061634207784422,0.0,0.0,0.0,1.0,0.0,0.0,UNOBSERVED_BODY_ENVELOPE,0.7110185571230425,0,2,0,0,24
19.25,-56.80193922883643,-10.452042164884023,1.5061634207784422,0.0,0.0,0.0,1.0,0.0,0.0,UNOBSERVED_BODY_ENVELOPE,0.7110185571230425,0,2,0,0,24
19.266666666666666,-56.80193922883643,-10.452042164884023,1.5061634207784422,0.0,0.0,0.0,1.0,0.0,0.0,UNOBSERVED_BODY_ENVELOPE,0.7110185571230425,0,2,0,0,24
19.283333333333335,-56.80193922883643,-10.452042164884023,1.5061634207784422,0.0,0.0,0.0,1.0,0.0,0.0,UNOBSERVED_BODY_ENVELOPE,0.7110185571230425,0,2,0,0,24
19.3,-56.80193922883643,-10.452042164884023,1.5061634207784422,0.0,0.0,0.0,1.0,0.0,0.0,UNOBSERVED_BODY_ENVELOPE,0.7110185571230425,0,2,0,0,24
19.316666666666666,-56.80193922883643,-10.452042164884023,1.5061634207784422,0.0,0.0,0.0,1.0,0.0,0.0,UNOBSERVED_BODY_ENVELOPE,0.7110185571230425,0,2,0,0,24
19.333333333333332,-56.80193922883643,-10.452042164884023,1.5061634207784422,0.0,0.0,0.0,1.0,0.0,0.0,UNOBSERVED_BODY_ENVELOPE,0.7110185571230425,0,2,0,0,24
19.35,-56.80193922883643,-10.452042164884023,1.5061634207784422,0.0,0.0,0.0,1.0,0.0,0.0,UNOBSERVED_BODY_ENVELOPE,0.7110185571230425,0,2,0,0,24
19.366666666666667,-56.80193922883643,-10.452042164884023,1.5061634207784422,0.0,0.0,0.0,1.0,0.0,0.0,UNOBSERVED_BODY_ENVELOPE,0.7110185571230425,0,2,0,0,24
19.383333333333333,-56.80193922883643,-10.452042164884023,1.5061634207784422,0.0,0.0,0.0,1.0,0.0,0.0,UNOBSERVED_BODY_ENVELOPE,0.7110185571230425,0,2,0,0,24
19.4,-56.80193922883643,-10.452042164884023,1.5061634207784422,0.0,0.0,0.0,1.0,0.0,0.0,UNOBSERVED_BODY_ENVELOPE,0.7110185571230425,0,2,0,0,24
19.416666666666668,-56.80193922883643,-10.452042164884023,1.5061634207784422,0.0,0.0,0.0,1.0,0.0,0.0,UNOBSERVED_BODY_ENVELOPE,0.7110185571230425,0,2,0,0,24
19.433333333333334,-56.80193922883643,-10.452042164884023,1.5061634207784422,0.0,0.0,0.0,1.0,0.0,0.0,UNOBSERVED_BODY_ENVELOPE,0.7110185571230425,0,2,0,0,24
19.45,-56.80193922883643,-10.452042164884023,1.5061634207784422,0.0,0.0,0.0,1.0,0.0,0.0,UNOBSERVED_BODY_ENVELOPE,0.7110185571230425,0,2,0,0,24
19.466666666666665,-56.80193922883643,-10.452042164884023,1.5061634207784422,0.0,0.0,0.0,1.0,0.0,0.0,UNOBSERVED_BODY_ENVELOPE,0.7110185571230425,0,2,0,0,24
19.483333333333334,-56.80193922883643,-10.452042164884023,1.5061634207784422,0.0,0.0,0.0,1.0,0.0,0.0,UNOBSERVED_BODY_ENVELOPE,0.7110185571230425,0,2,0,0,24
19.5,-56.80193922883643,-10.452042164884023,1.5061634207784422,0.0,0.0,0.0,1.0,0.0,0.0,UNOBSERVED_BODY_ENVELOPE,0.7110185571230425,0,2,0,0,24
19.516666666666666,-56.80193922883643,-10.452042164884023,1.5061634207784422,0.0,0.0,0.0,1.0,0.0,0.0,UNOBSERVED_BODY_ENVELOPE,0.7110185571230425,0,2,0,0,24
19.533333333333335,-56.80193922883643,-10.452042164884023,1.5061634207784422,0.0,0.0,0.0,1.0,0.0,0.0,UNOBSERVED_BODY_ENVELOPE,0.7110185571230425,0,2,0,0,24
19.55,-56.80193922883643,-10.452042164884023,1.5061634207784422,0.0,0.0,0.0,1.0,0.0,0.0,UNOBSERVED_BODY_ENVELOPE,0.7110185571230425,0,2,0,0,24
19.566666666666666,-56.80193922883643,-10.452042164884023,1.5061634207784422,0.0,0.0,0.0,1.0,0.0,0.0,UNOBSERVED_BODY_ENVELOPE,0.7110185571230425,0,2,0,0,24
19.583333333333332,-56.80193922883643,-10.452042164884023,1.5061634207784422,0.0,0.0,0.0,1.0,0.0,0.0,UNOBSERVED_BODY_ENVELOPE,0.7110185571230425,0,2,0,0,24
19.6,-56.80193922883643,-10.452042164884023,1.5061634207784422,0.0,0.0,0.0,1.0,0.0,0.0,UNOBSERVED_BODY_ENVELOPE,0.7110185571230425,0,2,0,0,24
19.616666666666667,-56.80193922883643,-10.452042164884023,1.5061634207784422,0.0,0.0,0.0,1.0,0.0,0.0,UNOBSERVED_BODY_ENVELOPE,0.7110185571230425,0,2,0,0,24
19.633333333333333,-56.80193922883643,-10.452042164884023,1.5061634207784422,0.0,0.0,0.0,1.0,0.0,0.0,UNOBSERVED_BODY_ENVELOPE,0.7110185571230425,0,2,0,0,24
19.65,-56.80193922883643,-10.452042164884023,1.5061634207784422,0.0,0.0,0.0,1.0,0.0,0.0,UNOBSERVED_BODY_ENVELOPE,0.7110185571230425,0,2,0,0,24
19.666666666666668,-56.80193922883643,-10.452042164884023,1.5061634207784422,0.0,0.0,0.0,1.0,0.0,0.0,UNOBSERVED_BODY_ENVELOPE,0.7110185571230425,0,2,0,0,24
19.683333333333334,-56.80193922883643,-10.452042164884023,1.5061634207784422,0.0,0.0,0.0,1.0,0.0,0.0,UNOBSERVED_BODY_ENVELOPE,0.7110185571230425,0,2,0,0,24
19.7,-56.80193922883643,-10.452042164884023,1.5061634207784422,0.0,0.0,0.0,1.0,0.0,0.0,UNOBSERVED_BODY_ENVELOPE,0.7110185571230425,0,2,0,0,24
19.716666666666665,-56.80193922883643,-10.452042164884023,1.5061634207784422,0.0,0.0,0.0,1.0,0.0,0.0,UNOBSERVED_BODY_ENVELOPE,0.7110185571230425,0,2,0,0,24
19.733333333333334,-56.80193922883643,-10.452042164884023,1.5061634207784422,0.0,0.0,0.0,1.0,0.0,0.0,UNOBSERVED_BODY_ENVELOPE,0.7110185571230425,0,2,0,0,24
19.75,-56.80193922883643,-10.452042164884023,1.5061634207784422,0.0,0.0,0.0,1.0,0.0,0.0,UNOBSERVED_BODY_ENVELOPE,0.7110185571230425,0,2,0,0,24
19.766666666666666,-56.80193922883643,-10.452042164884023,1.5061634207784422,0.0,0.0,0.0,1.0,0.0,0.0,UNOBSERVED_BODY_ENVELOPE,0.7110185571230425,0,2,0,0,24
19.783333333333335,-56.80193922883643,-10.452042164884023,1.5061634207784422,0.0,0.0,0.0,1.0,0.0,0.0,UNOBSERVED_BODY_ENVELOPE,0.7110185571230425,0,2,0,0,24
19.8,-56.80193922883643,-10.452042164884023,1.5061634207784422,0.0,0.0,0.0,1.0,0.0,0.0,UNOBSERVED_BODY_ENVELOPE,0.7110185571230425,0,2,0,0,24
19.816666666666666,-56.80193922883643,-10.452042164884023,1.5061634207784422,0.0,0.0,0.0,1.0,0.0,0.0,UNOBSERVED_BODY_ENVELOPE,0.7110185571230425,0,2,0,0,24
19.833333333333332,-56.80193922883643,-10.452042164884023,1.5061634207784422,0.0,0.0,0.0,1.0,0.0,0.0,UNOBSERVED_BODY_ENVELOPE,0.7110185571230425,0,2,0,0,24
19.85,-56.80193922883643,-10.452042164884023,1.5061634207784422,0.0,0.0,0.0,1.0,0.0,0.0,UNOBSERVED_BODY_ENVELOPE,0.7110185571230425,0,2,0,0,24
19.866666666666667,-56.80193922883643,-10.452042164884023,1.5061634207784422,0.0,0.0,0.0,1.0,0.0,0.0,UNOBSERVED_BODY_ENVELOPE,0.7110185571230425,0,2,0,0,24
19.883333333333333,-56.80193922883643,-10.452042164884023,1.5061634207784422,0.0,0.0,0.0,1.0,0.0,0.0,UNOBSERVED_BODY_ENVELOPE,0.7110185571230425,0,2,0,0,24
19.9,-56.80193922883643,-10.452042164884023,1.5061634207784422,0.0,0.0,0.0,1.0,0.0,0.0,UNOBSERVED_BODY_ENVELOPE,0.7110185571230425,0,2,0,0,24
19.916666666666668,-56.80193922883643,-10.452042164884023,1.5061634207784422,0.0,0.0,0.0,1.0,0.0,0.0,UNOBSERVED_BODY_ENVELOPE,0.7110185571230425,0,2,0,0,24
19.933333333333334,-56.80193922883643,-10.452042164884023,1.5061634207784422,0.0,0.0,0.0,1.0,0.0,0.0,UNOBSERVED_BODY_ENVELOPE,0.7110185571230425,0,2,0,0,24
19.95,-56.80193922883643,-10.452042164884023,1.5061634207784422,0.0,0.0,0.0,1.0,0.0,0.0,UNOBSERVED_BODY_ENVELOPE,0.7110185571230425,0,2,0,0,24
19.966666666666665,-56.80193922883643,-10.452042164884023,1.5061634207784422,0.0,0.0,0.0,1.0,0.0,0.0,UNOBSERVED_BODY_ENVELOPE,0.7110185571230425,0,2,0,0,24
19.983333333333334,-56.80193922883643,-10.452042164884023,1.5061634207784422,0.0,0.0,0.0,1.0,0.0,0.0,UNOBSERVED_BODY_ENVELOPE,0.7110185571230425,0,2,0,0,24
20.0,-56.80193922883643,-10.452042164884023,1.5061634207784422,0.0,0.0,0.0,1.0,0.0,0.0,UNOBSERVED_BODY_ENVELOPE,0.7110185571230425,0,2,0,0,24
20.016666666666666,-56.80193922883643,-10.452042164884023,1.5061634207784422,0.0,0.0,0.0,1.0,0.0,0.0,UNOBSERVED_BODY_ENVELOPE,0.7110185571230425,0,2,0,0,24
20.033333333333335,-56.80193922883643,-10.452042164884023,1.5061634207784422,0.0,0.0,0.0,1.0,0.0,0.0,UNOBSERVED_BODY_ENVELOPE,0.7110185571230425,0,2,0,0,24
20.05,-56.80193922883643,-10.452042164884023,1.5061634207784422,0.0,0.0,0.0,1.0,0.0,0.0,UNOBSERVED_BODY_ENVELOPE,0.7110185571230425,0,2,0,0,24
20.066666666666666,-56.80193922883643,-10.452042164884023,1.5061634207784422,0.0,0.0,0.0,1.0,0.0,0.0,UNOBSERVED_BODY_ENVELOPE,0.7110185571230425,0,2,0,0,24
20.083333333333332,-56.80193922883643,-10.452042164884023,1.5061634207784422,0.0,0.0,0.0,1.0,0.0,0.0,UNOBSERVED_BODY_ENVELOPE,0.7110185571230425,0,2,0,0,24
20.1,-56.80193922883643,-10.452042164884023,1.5061634207784422,0.0,0.0,0.0,1.0,0.0,0.0,UNOBSERVED_BODY_ENVELOPE,0.7110185571230425,0,2,0,0,24
20.116666666666667,-56.80193922883643,-10.452042164884023,1.5061634207784422,0.0,0.0,0.0,1.0,0.0,0.0,UNOBSERVED_BODY_ENVELOPE,0.7110185571230425,0,2,0,0,24
20.133333333333333,-56.80193922883643,-10.452042164884023,1.5061634207784422,0.0,0.0,0.0,1.0,0.0,0.0,UNOBSERVED_BODY_ENVELOPE,0.7110185571230425,0,2,0,0,24
20.15,-56.80193922883643,-10.452042164884023,1.5061634207784422,0.0,0.0,0.0,1.0,0.0,0.0,UNOBSERVED_BODY_ENVELOPE,0.7110185571230425,0,2,0,0,24
20.166666666666668,-56.80193922883643,-10.452042164884023,1.5061634207784422,0.0,0.0,0.0,1.0,0.0,0.0,UNOBSERVED_BODY_ENVELOPE,0.7110185571230425,0,2,0,0,24
20.183333333333334,-56.80193922883643,-10.452042164884023,1.5061634207784422,0.0,0.0,0.0,1.0,0.0,0.0,UNOBSERVED_BODY_ENVELOPE,0.7110185571230425,0,2,0,0,24
20.2,-56.80193922883643,-10.452042164884023,1.5061634207784422,0.0,0.0,0.0,1.0,0.0,0.0,UNOBSERVED_BODY_ENVELOPE,0.7110185571230425,0,2,0,0,24
20.216666666666665,-56.80193922883643,-10.452042164884023,1.5061634207784422,0.0,0.0,0.0,1.0,0.0,0.0,UNOBSERVED_BODY_ENVELOPE,0.7110185571230425,0,2,0,0,24
20.233333333333334,-56.80193922883643,-10.452042164884023,1.5061634207784422,0.0,0.0,0.0,1.0,0.0,0.0,UNOBSERVED_BODY_ENVELOPE,0.7110185571230425,0,2,0,0,24
20.25,-56.80193922883643,-10.452042164884023,1.5061634207784422,0.0,0.0,0.0,1.0,0.0,0.0,UNOBSERVED_BODY_ENVELOPE,0.7110185571230425,0,2,0,0,24
20.266666666666666,-56.80193922883643,-10.452042164884023,1.5061634207784422,0.0,0.0,0.0,1.0,0.0,0.0,UNOBSERVED_BODY_ENVELOPE,0.7110185571230425,0,2,0,0,24
20.283333333333335,-56.80193922883643,-10.452042164884023,1.5061634207784422,0.0,0.0,0.0,1.0,0.0,0.0,UNOBSERVED_BODY_ENVELOPE,0.7110185571230425,0,2,0,0,24
20.3,-56.80193922883643,-10.452042164884023,1.5061634207784422,0.0,0.0,0.0,1.0,0.0,0.0,UNOBSERVED_BODY_ENVELOPE,0.7110185571230425,0,2,0,0,24
20.316666666666666,-56.80193922883643,-10.452042164884023,1.5061634207784422,0.0,0.0,0.0,1.0,0.0,0.0,UNOBSERVED_BODY_ENVELOPE,0.7110185571230425,0,2,0,0,24
20.333333333333332,-56.80193922883643,-10.452042164884023,1.5061634207784422,0.0,0.0,0.0,1.0,0.0,0.0,UNOBSERVED_BODY_ENVELOPE,0.7110185571230425,0,2,0,0,24
20.35,-56.80193922883643,-10.452042164884023,1.5061634207784422,0.0,0.0,0.0,1.0,0.0,0.0,UNOBSERVED_BODY_ENVELOPE,0.7110185571230425,0,2,0,0,24
20.366666666666667,-56.80193922883643,-10.452042164884023,1.5061634207784422,0.0,0.0,0.0,1.0,0.0,0.0,UNOBSERVED_BODY_ENVELOPE,0.7110185571230425,0,2,0,0,24
20.383333333333333,-56.80193922883643,-10.452042164884023,1.5061634207784422,0.0,0.0,0.0,1.0,0.0,0.0,UNOBSERVED_BODY_ENVELOPE,0.7110185571230425,0,2,0,0,24
20.4,-56.80193922883643,-10.452042164884023,1.5061634207784422,0.0,0.0,0.0,1.0,0.0,0.0,UNOBSERVED_BODY_ENVELOPE,0.7110185571230425,0,2,0,0,24
20.416666666666668,-56.80193922883643,-10.452042164884023,1.5061634207784422,0.0,0.0,0.0,1.0,0.0,0.0,UNOBSERVED_BODY_ENVELOPE,0.7110185571230425,0,2,0,0,24
20.433333333333334,-56.80193922883643,-10.452042164884023,1.5061634207784422,0.0,0.0,0.0,1.0,0.0,0.0,UNOBSERVED_BODY_ENVELOPE,0.7110185571230425,0,2,0,0,24
20.45,-56.80193922883643,-10.452042164884023,1.5061634207784422,0.0,0.0,0.0,1.0,0.0,0.0,UNOBSERVED_BODY_ENVELOPE,0.7110185571230425,0,2,0,0,24
20.466666666666665,-56.80193922883643,-10.452042164884023,1.5061634207784422,0.0,0.0,0.0,1.0,0.0,0.0,UNOBSERVED_BODY_ENVELOPE,0.7110185571230425,0,2,0,0,24
20.483333333333334,-56.80193922883643,-10.452042164884023,1.5061634207784422,0.0,0.0,0.0,1.0,0.0,0.0,UNOBSERVED_BODY_ENVELOPE,0.7110185571230425,0,2,0,0,24
20.5,-56.80193922883643,-10.452042164884023,1.5061634207784422,0.0,0.0,0.0,1.0,0.0,0.0,UNOBSERVED_BODY_ENVELOPE,0.7110185571230425,0,2,0,0,24
20.516666666666666,-56.80193922883643,-10.452042164884023,1.5061634207784422,0.0,0.0,0.0,1.0,0.0,0.0,UNOBSERVED_BODY_ENVELOPE,0.7110185571230425,0,2,0,0,24
20.533333333333335,-56.80193922883643,-10.452042164884023,1.5061634207784422,0.0,0.0,0.0,1.0,0.0,0.0,UNOBSERVED_BODY_ENVELOPE,0.7110185571230425,0,2,0,0,24
20.55,-56.80193922883643,-10.452042164884023,1.5061634207784422,0.0,0.0,0.0,1.0,0.0,0.0,UNOBSERVED_BODY_ENVELOPE,0.7110185571230425,0,2,0,0,24
20.566666666666666,-56.80193922883643,-10.452042164884023,1.5061634207784422,0.0,0.0,0.0,1.0,0.0,0.0,UNOBSERVED_BODY_ENVELOPE,0.7110185571230425,0,2,0,0,24
20.583333333333332,-56.80193922883643,-10.452042164884023,1.5061634207784422,0.0,0.0,0.0,1.0,0.0,0.0,UNOBSERVED_BODY_ENVELOPE,0.7110185571230425,0,2,0,0,24
20.6,-56.80193922883643,-10.452042164884023,1.5061634207784422,0.0,0.0,0.0,1.0,0.0,0.0,UNOBSERVED_BODY_ENVELOPE,0.7110185571230425,0,2,0,0,24
20.616666666666667,-56.80193922883643,-10.452042164884023,1.5061634207784422,0.0,0.0,0.0,1.0,0.0,0.0,UNOBSERVED_BODY_ENVELOPE,0.7110185571230425,0,2,0,0,24
20.633333333333333,-56.80193922883643,-10.452042164884023,1.5061634207784422,0.0,0.0,0.0,1.0,0.0,0.0,UNOBSERVED_BODY_ENVELOPE,0.7110185571230425,0,2,0,0,24
20.65,-56.80193922883643,-10.452042164884023,1.5061634207784422,0.0,0.0,0.0,1.0,0.0,0.0,UNOBSERVED_BODY_ENVELOPE,0.7110185571230425,0,2,0,0,24
20.666666666666668,-56.80193922883643,-10.452042164884023,1.5061634207784422,0.0,0.0,0.0,1.0,0.0,0.0,UNOBSERVED_BODY_ENVELOPE,0.7110185571230425,0,2,0,0,24
20.683333333333334,-56.80193922883643,-10.452042164884023,1.5061634207784422,0.0,0.0,0.0,1.0,0.0,0.0,UNOBSERVED_BODY_ENVELOPE,0.7110185571230425,0,2,0,0,24
20.7,-56.80193922883643,-10.452042164884023,1.5061634207784422,0.0,0.0,0.0,1.0,0.0,0.0,UNOBSERVED_BODY_ENVELOPE,0.7110185571230425,0,2,0,0,24
20.716666666666665,-56.80193922883643,-10.452042164884023,1.5061634207784422,0.0,0.0,0.0,1.0,0.0,0.0,UNOBSERVED_BODY_ENVELOPE,0.7110185571230425,0,2,0,0,24
20.733333333333334,-56.80193922883643,-10.452042164884023,1.5061634207784422,0.0,0.0,0.0,1.0,0.0,0.0,UNOBSERVED_BODY_ENVELOPE,0.7110185571230425,0,2,0,0,24
20.75,-56.80193922883643,-10.452042164884023,1.5061634207784422,0.0,0.0,0.0,1.0,0.0,0.0,UNOBSERVED_BODY_ENVELOPE,0.7110185571230425,0,2,0,0,24
20.766666666666666,-56.80193922883643,-10.452042164884023,1.5061634207784422,0.0,0.0,0.0,1.0,0.0,0.0,UNOBSERVED_BODY_ENVELOPE,0.7110185571230425,0,2,0,0,24
20.783333333333335,-56.80193922883643,-10.452042164884023,1.5061634207784422,0.0,0.0,0.0,1.0,0.0,0.0,UNOBSERVED_BODY_ENVELOPE,0.7110185571230425,0,2,0,0,24
20.8,-56.80193922883643,-10.452042164884023,1.5061634207784422,0.0,0.0,0.0,1.0,0.0,0.0,UNOBSERVED_BODY_ENVELOPE,0.7110185571230425,0,2,0,0,24
20.816666666666666,-56.80193922883643,-10.452042164884023,1.5061634207784422,0.0,0.0,0.0,1.0,0.0,0.0,UNOBSERVED_BODY_ENVELOPE,0.7110185571230425,0,2,0,0,24
20.833333333333332,-56.80193922883643,-10.452042164884023,1.5061634207784422,0.0,0.0,0.0,1.0,0.0,0.0,UNOBSERVED_BODY_ENVELOPE,0.7110185571230425,0,2,0,0,24
20.85,-56.80193922883643,-10.452042164884023,1.5061634207784422,0.0,0.0,0.0,1.0,0.0,0.0,UNOBSERVED_BODY_ENVELOPE,0.7110185571230425,0,2,0,0,24
20.866666666666667,-56.80193922883643,-10.452042164884023,1.5061634207784422,0.0,0.0,0.0,1.0,0.0,0.0,UNOBSERVED_BODY_ENVELOPE,0.7110185571230425,0,2,0,0,24
20.883333333333333,-56.80193922883643,-10.452042164884023,1.5061634207784422,0.0,0.0,0.0,1.0,0.0,0.0,UNOBSERVED_BODY_ENVELOPE,0.7110185571230425,0,2,0,0,24
20.9,-56.80193922883643,-10.452042164884023,1.5061634207784422,0.0,0.0,0.0,1.0,0.0,0.0,UNOBSERVED_BODY_ENVELOPE,0.7110185571230425,0,2,0,0,24
20.916666666666668,-56.80193922883643,-10.452042164884023,1.5061634207784422,0.0,0.0,0.0,1.0,0.0,0.0,UNOBSERVED_BODY_ENVELOPE,0.7110185571230425,0,2,0,0,24
20.933333333333334,-56.80193922883643,-10.452042164884023,1.5061634207784422,0.0,0.0,0.0,1.0,0.0,0.0,UNOBSERVED_BODY_ENVELOPE,0.7110185571230425,0,2,0,0,24
20.95,-56.80193922883643,-10.452042164884023,1.5061634207784422,0.0,0.0,0.0,1.0,0.0,0.0,UNOBSERVED_BODY_ENVELOPE,0.7110185571230425,0,2,0,0,24
20.966666666666665,-56.80193922883643,-10.452042164884023,1.5061634207784422,0.0,0.0,0.0,1.0,0.0,0.0,UNOBSERVED_BODY_ENVELOPE,0.7110185571230425,0,2,0,0,24
20.983333333333334,-56.80193922883643,-10.452042164884023,1.5061634207784422,0.0,0.0,0.0,1.0,0.0,0.0,UNOBSERVED_BODY_ENVELOPE,0.7110185571230425,0,2,0,0,24
21.0,-56.80193922883643,-10.452042164884023,1.5061634207784422,0.0,0.0,0.0,1.0,0.0,0.0,UNOBSERVED_BODY_ENVELOPE,0.7110185571230425,0,2,0,0,24
21.016666666666666,-56.80193922883643,-10.452042164884023,1.5061634207784422,0.0,0.0,0.0,1.0,0.0,0.0,UNOBSERVED_BODY_ENVELOPE,0.7110185571230425,0,2,0,0,24
21.033333333333335,-56.80193922883643,-10.452042164884023,1.5061634207784422,0.0,0.0,0.0,1.0,0.0,0.0,UNOBSERVED_BODY_ENVELOPE,0.7110185571230425,0,2,0,0,24
21.05,-56.80193922883643,-10.452042164884023,1.5061634207784422,0.0,0.0,0.0,1.0,0.0,0.0,UNOBSERVED_BODY_ENVELOPE,0.7110185571230425,0,2,0,0,24
21.066666666666666,-56.80193922883643,-10.452042164884023,1.5061634207784422,0.0,0.0,0.0,1.0,0.0,0.0,UNOBSERVED_BODY_ENVELOPE,0.7110185571230425,0,2,0,0,24
21.083333333333332,-56.80193922883643,-10.452042164884023,1.5061634207784422,0.0,0.0,0.0,1.0,0.0,0.0,UNOBSERVED_BODY_ENVELOPE,0.7110185571230425,0,2,0,0,24
21.1,-56.80193922883643,-10.452042164884023,1.5061634207784422,0.0,0.0,0.0,1.0,0.0,0.0,UNOBSERVED_BODY_ENVELOPE,0.7110185571230425,0,2,0,0,24
21.116666666666667,-56.80193922883643,-10.452042164884023,1.5061634207784422,0.0,0.0,0.0,1.0,0.0,0.0,UNOBSERVED_BODY_ENVELOPE,0.7110185571230425,0,2,0,0,24
21.133333333333333,-56.80193922883643,-10.452042164884023,1.5061634207784422,0.0,0.0,0.0,1.0,0.0,0.0,UNOBSERVED_BODY_ENVELOPE,0.7110185571230425,0,2,0,0,24
21.15,-56.80193922883643,-10.452042164884023,1.5061634207784422,0.0,0.0,0.0,1.0,0.0,0.0,UNOBSERVED_BODY_ENVELOPE,0.7110185571230425,0,2,0,0,24
21.166666666666668,-56.80193922883643,-10.452042164884023,1.5061634207784422,0.0,0.0,0.0,1.0,0.0,0.0,UNOBSERVED_BODY_ENVELOPE,0.7110185571230425,0,2,0,0,24
21.183333333333334,-56.80193922883643,-10.452042164884023,1.5061634207784422,0.0,0.0,0.0,1.0,0.0,0.0,UNOBSERVED_BODY_ENVELOPE,0.7110185571230425,0,2,0,0,24
21.2,-56.80193922883643,-10.452042164884023,1.5061634207784422,0.0,0.0,0.0,1.0,0.0,0.0,UNOBSERVED_BODY_ENVELOPE,0.7110185571230425,0,2,0,0,24
21.216666666666665,-56.80193922883643,-10.452042164884023,1.5061634207784422,0.0,0.0,0.0,1.0,0.0,0.0,UNOBSERVED_BODY_ENVELOPE,0.7110185571230425,0,2,0,0,24
21.233333333333334,-56.80193922883643,-10.452042164884023,1.5061634207784422,0.0,0.0,0.0,1.0,0.0,0.0,UNOBSERVED_BODY_ENVELOPE,0.7110185571230425,0,2,0,0,24
21.25,-56.80193922883643,-10.452042164884023,1.5061634207784422,0.0,0.0,0.0,1.0,0.0,0.0,UNOBSERVED_BODY_ENVELOPE,0.7110185571230425,0,2,0,0,24
21.266666666666666,-56.80193922883643,-10.452042164884023,1.5061634207784422,0.0,0.0,0.0,1.0,0.0,0.0,UNOBSERVED_BODY_ENVELOPE,0.7110185571230425,0,2,0,0,24
21.283333333333335,-56.80193922883643,-10.452042164884023,1.5061634207784422,0.0,0.0,0.0,1.0,0.0,0.0,UNOBSERVED_BODY_ENVELOPE,0.7110185571230425,0,2,0,0,24
21.3,-56.80193922883643,-10.452042164884023,1.5061634207784422,0.0,0.0,0.0,1.0,0.0,0.0,UNOBSERVED_BODY_ENVELOPE,0.7110185571230425,0,2,0,0,24
21.316666666666666,-56.80193922883643,-10.452042164884023,1.5061634207784422,0.0,0.0,0.0,1.0,0.0,0.0,UNOBSERVED_BODY_ENVELOPE,0.7110185571230425,0,2,0,0,24
21.333333333333332,-56.80193922883643,-10.452042164884023,1.5061634207784422,0.0,0.0,0.0,1.0,0.0,0.0,UNOBSERVED_BODY_ENVELOPE,0.7110185571230425,0,2,0,0,24
21.35,-56.80193922883643,-10.452042164884023,1.5061634207784422,0.0,0.0,0.0,1.0,0.0,0.0,UNOBSERVED_BODY_ENVELOPE,0.7110185571230425,0,2,0,0,24
21.366666666666667,-56.80193922883643,-10.452042164884023,1.5061634207784422,0.0,0.0,0.0,1.0,0.0,0.0,UNOBSERVED_BODY_ENVELOPE,0.7110185571230425,0,2,0,0,24
21.383333333333333,-56.80193922883643,-10.452042164884023,1.5061634207784422,0.0,0.0,0.0,1.0,0.0,0.0,UNOBSERVED_BODY_ENVELOPE,0.7110185571230425,0,2,0,0,24
21.4,-56.80193922883643,-10.452042164884023,1.5061634207784422,0.0,0.0,0.0,1.0,0.0,0.0,UNOBSERVED_BODY_ENVELOPE,0.7110185571230425,0,2,0,0,24
21.416666666666668,-56.80193922883643,-10.452042164884023,1.5061634207784422,0.0,0.0,0.0,1.0,0.0,0.0,UNOBSERVED_BODY_ENVELOPE,0.7110185571230425,0,2,0,0,24
21.433333333333334,-56.80193922883643,-10.452042164884023,1.5061634207784422,0.0,0.0,0.0,1.0,0.0,0.0,UNOBSERVED_BODY_ENVELOPE,0.7110185571230425,0,2,0,0,24
21.45,-56.80193922883643,-10.452042164884023,1.5061634207784422,0.0,0.0,0.0,1.0,0.0,0.0,UNOBSERVED_BODY_ENVELOPE,0.7110185571230425,0,2,0,0,24
21.466666666666665,-56.80193922883643,-10.452042164884023,1.5061634207784422,0.0,0.0,0.0,1.0,0.0,0.0,UNOBSERVED_BODY_ENVELOPE,0.7110185571230425,0,2,0,0,24
21.483333333333334,-56.80193922883643,-10.452042164884023,1.5061634207784422,0.0,0.0,0.0,1.0,0.0,0.0,UNOBSERVED_BODY_ENVELOPE,0.7110185571230425,0,2,0,0,24
21.5,-56.80193922883643,-10.452042164884023,1.5061634207784422,0.0,0.0,0.0,1.0,0.0,0.0,UNOBSERVED_BODY_ENVELOPE,0.7110185571230425,0,2,0,0,24
21.516666666666666,-56.80193922883643,-10.452042164884023,1.5061634207784422,0.0,0.0,0.0,1.0,0.0,0.0,UNOBSERVED_BODY_ENVELOPE,0.7110185571230425,0,2,0,0,24
21.533333333333335,-56.80193922883643,-10.452042164884023,1.5061634207784422,0.0,0.0,0.0,1.0,0.0,0.0,UNOBSERVED_BODY_ENVELOPE,0.7110185571230425,0,2,0,0,24
21.55,-56.80193922883643,-10.452042164884023,1.5061634207784422,0.0,0.0,0.0,1.0,0.0,0.0,UNOBSERVED_BODY_ENVELOPE,0.7110185571230425,0,2,0,0,24
21.566666666666666,-56.80193922883643,-10.452042164884023,1.5061634207784422,0.0,0.0,0.0,1.0,0.0,0.0,UNOBSERVED_BODY_ENVELOPE,0.7110185571230425,0,2,0,0,24
21.583333333333332,-56.80193922883643,-10.452042164884023,1.5061634207784422,0.0,0.0,0.0,1.0,0.0,0.0,UNOBSERVED_BODY_ENVELOPE,0.7110185571230425,0,2,0,0,24
21.6,-56.80193922883643,-10.452042164884023,1.5061634207784422,0.0,0.0,0.0,1.0,0.0,0.0,UNOBSERVED_BODY_ENVELOPE,0.7110185571230425,0,2,0,0,24
21.616666666666667,-56.80193922883643,-10.452042164884023,1.5061634207784422,0.0,0.0,0.0,1.0,0.0,0.0,UNOBSERVED_BODY_ENVELOPE,0.7110185571230425,0,2,0,0,24
21.633333333333333,-56.80193922883643,-10.452042164884023,1.5061634207784422,0.0,0.0,0.0,1.0,0.0,0.0,UNOBSERVED_BODY_ENVELOPE,0.7110185571230425,0,2,0,0,24
21.65,-56.80193922883643,-10.452042164884023,1.5061634207784422,0.0,0.0,0.0,1.0,0.0,0.0,UNOBSERVED_BODY_ENVELOPE,0.7110185571230425,0,2,0,0,24
21.666666666666668,-56.80193922883643,-10.452042164884023,1.5061634207784422,0.0,0.0,0.0,1.0,0.0,0.0,UNOBSERVED_BODY_ENVELOPE,0.7110185571230425,0,2,0,0,24
21.683333333333334,-56.80193922883643,-10.452042164884023,1.5061634207784422,0.0,0.0,0.0,1.0,0.0,0.0,UNOBSERVED_BODY_ENVELOPE,0.7110185571230425,0,2,0,0,24
21.7,-56.80193922883643,-10.452042164884023,1.5061634207784422,0.0,0.0,0.0,1.0,0.0,0.0,UNOBSERVED_BODY_ENVELOPE,0.7110185571230425,0,2,0,0,24
21.716666666666665,-56.80193922883643,-10.452042164884023,1.5061634207784422,0.0,0.0,0.0,1.0,0.0,0.0,UNOBSERVED_BODY_ENVELOPE,0.7110185571230425,0,2,0,0,24
21.733333333333334,-56.80193922883643,-10.452042164884023,1.5061634207784422,0.0,0.0,0.0,1.0,0.0,0.0,UNOBSERVED_BODY_ENVELOPE,0.7110185571230425,0,2,0,0,24
21.75,-56.80193922883643,-10.452042164884023,1.5061634207784422,0.0,0.0,0.0,1.0,0.0,0.0,UNOBSERVED_BODY_ENVELOPE,0.7110185571230425,0,2,0,0,24
21.766666666666666,-56.80193922883643,-10.452042164884023,1.5061634207784422,0.0,0.0,0.0,1.0,0.0,0.0,UNOBSERVED_BODY_ENVELOPE,0.7110185571230425,0,2,0,0,24
21.783333333333335,-56.80193922883643,-10.452042164884023,1.5061634207784422,0.0,0.0,0.0,1.0,0.0,0.0,UNOBSERVED_BODY_ENVELOPE,0.7110185571230425,0,2,0,0,24
21.8,-56.80193922883643,-10.452042164884023,1.5061634207784422,0.0,0.0,0.0,1.0,0.0,0.0,UNOBSERVED_BODY_ENVELOPE,0.7110185571230425,0,2,0,0,24
21.816666666666666,-56.80193922883643,-10.452042164884023,1.5061634207784422,0.0,0.0,0.0,1.0,0.0,0.0,UNOBSERVED_BODY_ENVELOPE,0.7110185571230425,0,2,0,0,24
21.833333333333332,-56.80193922883643,-10.452042164884023,1.5061634207784422,0.0,0.0,0.0,1.0,0.0,0.0,UNOBSERVED_BODY_ENVELOPE,0.7110185571230425,0,2,0,0,24
21.85,-56.80193922883643,-10.452042164884023,1.5061634207784422,0.0,0.0,0.0,1.0,0.0,0.0,UNOBSERVED_BODY_ENVELOPE,0.7110185571230425,0,2,0,0,24
21.866666666666667,-56.80193922883643,-10.452042164884023,1.5061634207784422,0.0,0.0,0.0,1.0,0.0,0.0,UNOBSERVED_BODY_ENVELOPE,0.7110185571230425,0,2,0,0,24
21.883333333333333,-56.80193922883643,-10.452042164884023,1.5061634207784422,0.0,0.0,0.0,1.0,0.0,0.0,UNOBSERVED_BODY_ENVELOPE,0.7110185571230425,0,2,0,0,24
21.9,-56.80193922883643,-10.452042164884023,1.5061634207784422,0.0,0.0,0.0,1.0,0.0,0.0,UNOBSERVED_BODY_ENVELOPE,0.7110185571230425,0,2,0,0,24
21.916666666666668,-56.80193922883643,-10.452042164884023,1.5061634207784422,0.0,0.0,0.0,1.0,0.0,0.0,UNOBSERVED_BODY_ENVELOPE,0.7110185571230425,0,2,0,0,24
21.933333333333334,-56.80193922883643,-10.452042164884023,1.5061634207784422,0.0,0.0,0.0,1.0,0.0,0.0,UNOBSERVED_BODY_ENVELOPE,0.7110185571230425,0,2,0,0,24
21.95,-56.80193922883643,-10.452042164884023,1.5061634207784422,0.0,0.0,0.0,1.0,0.0,0.0,UNOBSERVED_BODY_ENVELOPE,0.7110185571230425,0,2,0,0,24
21.966666666666665,-56.80193922883643,-10.452042164884023,1.5061634207784422,0.0,0.0,0.0,1.0,0.0,0.0,UNOBSERVED_BODY_ENVELOPE,0.7110185571230425,0,2,0,0,24
21.983333333333334,-56.80193922883643,-10.452042164884023,1.5061634207784422,0.0,0.0,0.0,1.0,0.0,0.0,UNOBSERVED_BODY_ENVELOPE,0.7110185571230425,0,2,0,0,24
22.0,-56.80193922883643,-10.452042164884023,1.5061634207784422,0.0,0.0,0.0,1.0,0.0,0.0,UNOBSERVED_BODY_ENVELOPE,0.7110185571230425,0,2,0,0,24
22.016666666666666,-56.80193922883643,-10.452042164884023,1.5061634207784422,0.0,0.0,0.0,1.0,0.0,0.0,UNOBSERVED_BODY_ENVELOPE,0.7110185571230425,0,2,0,0,24
22.033333333333335,-56.80193922883643,-10.452042164884023,1.5061634207784422,0.0,0.0,0.0,1.0,0.0,0.0,UNOBSERVED_BODY_ENVELOPE,0.7110185571230425,0,2,0,0,24
22.05,-56.80193922883643,-10.452042164884023,1.5061634207784422,0.0,0.0,0.0,1.0,0.0,0.0,UNOBSERVED_BODY_ENVELOPE,0.7110185571230425,0,2,0,0,24
22.066666666666666,-56.80193922883643,-10.452042164884023,1.5061634207784422,0.0,0.0,0.0,1.0,0.0,0.0,UNOBSERVED_BODY_ENVELOPE,0.7110185571230425,0,2,0,0,24
22.083333333333332,-56.80193922883643,-10.452042164884023,1.5061634207784422,0.0,0.0,0.0,1.0,0.0,0.0,UNOBSERVED_BODY_ENVELOPE,0.7110185571230425,0,2,0,0,24
22.1,-56.80193922883643,-10.452042164884023,1.5061634207784422,0.0,0.0,0.0,1.0,0.0,0.0,UNOBSERVED_BODY_ENVELOPE,0.7110185571230425,0,2,0,0,24
22.116666666666667,-56.80193922883643,-10.452042164884023,1.5061634207784422,0.0,0.0,0.0,1.0,0.0,0.0,UNOBSERVED_BODY_ENVELOPE,0.7110185571230425,0,2,0,0,24
22.133333333333333,-56.80193922883643,-10.452042164884023,1.5061634207784422,0.0,0.0,0.0,1.0,0.0,0.0,UNOBSERVED_BODY_ENVELOPE,0.7110185571230425,0,2,0,0,24
22.15,-56.80193922883643,-10.452042164884023,1.5061634207784422,0.0,0.0,0.0,1.0,0.0,0.0,UNOBSERVED_BODY_ENVELOPE,0.7110185571230425,0,2,0,0,24
22.166666666666668,-56.80193922883643,-10.452042164884023,1.5061634207784422,0.0,0.0,0.0,1.0,0.0,0.0,UNOBSERVED_BODY_ENVELOPE,0.7110185571230425,0,2,0,0,24
22.183333333333334,-56.80193922883643,-10.452042164884023,1.5061634207784422,0.0,0.0,0.0,1.0,0.0,0.0,UNOBSERVED_BODY_ENVELOPE,0.7110185571230425,0,2,0,0,24
22.2,-56.80193922883643,-10.452042164884023,1.5061634207784422,0.0,0.0,0.0,1.0,0.0,0.0,UNOBSERVED_BODY_ENVELOPE,0.7110185571230425,0,2,0,0,24
22.216666666666665,-56.80193922883643,-10.452042164884023,1.5061634207784422,0.0,0.0,0.0,1.0,0.0,0.0,UNOBSERVED_BODY_ENVELOPE,0.7110185571230425,0,2,0,0,24
22.233333333333334,-56.80193922883643,-10.452042164884023,1.5061634207784422,0.0,0.0,0.0,1.0,0.0,0.0,UNOBSERVED_BODY_ENVELOPE,0.7110185571230425,0,2,0,0,24
22.25,-56.80193922883643,-10.452042164884023,1.5061634207784422,0.0,0.0,0.0,1.0,0.0,0.0,UNOBSERVED_BODY_ENVELOPE,0.7110185571230425,0,2,0,0,24
22.266666666666666,-56.80193922883643,-10.452042164884023,1.5061634207784422,0.0,0.0,0.0,1.0,0.0,0.0,UNOBSERVED_BODY_ENVELOPE,0.7110185571230425,0,2,0,0,24
22.283333333333335,-56.80193922883643,-10.452042164884023,1.5061634207784422,0.0,0.0,0.0,1.0,0.0,0.0,UNOBSERVED_BODY_ENVELOPE,0.7110185571230425,0,2,0,0,24
22.3,-56.80193922883643,-10.452042164884023,1.5061634207784422,0.0,0.0,0.0,1.0,0.0,0.0,UNOBSERVED_BODY_ENVELOPE,0.7110185571230425,0,2,0,0,24
22.316666666666666,-56.80193922883643,-10.452042164884023,1.5061634207784422,0.0,0.0,0.0,1.0,0.0,0.0,UNOBSERVED_BODY_ENVELOPE,0.7110185571230425,0,2,0,0,24
22.333333333333332,-56.80193922883643,-10.452042164884023,1.5061634207784422,0.0,0.0,0.0,1.0,0.0,0.0,UNOBSERVED_BODY_ENVELOPE,0.7110185571230425,0,2,0,0,24
22.35,-56.80193922883643,-10.452042164884023,1.5061634207784422,0.0,0.0,0.0,1.0,0.0,0.0,UNOBSERVED_BODY_ENVELOPE,0.7110185571230425,0,2,0,0,24
22.366666666666667,-56.80193922883643,-10.452042164884023,1.5061634207784422,0.0,0.0,0.0,1.0,0.0,0.0,UNOBSERVED_BODY_ENVELOPE,0.7110185571230425,0,2,0,0,24
22.383333333333333,-56.80193922883643,-10.452042164884023,1.5061634207784422,0.0,0.0,0.0,1.0,0.0,0.0,UNOBSERVED_BODY_ENVELOPE,0.7110185571230425,0,2,0,0,24
22.4,-56.80193922883643,-10.452042164884023,1.5061634207784422,0.0,0.0,0.0,1.0,0.0,0.0,UNOBSERVED_BODY_ENVELOPE,0.7110185571230425,0,2,0,0,24
22.416666666666668,-56.80193922883643,-10.452042164884023,1.5061634207784422,0.0,0.0,0.0,1.0,0.0,0.0,UNOBSERVED_BODY_ENVELOPE,0.7110185571230425,0,2,0,0,24
22.433333333333334,-56.80193922883643,-10.452042164884023,1.5061634207784422,0.0,0.0,0.0,1.0,0.0,0.0,UNOBSERVED_BODY_ENVELOPE,0.7110185571230425,0,2,0,0,24
22.45,-56.80193922883643,-10.452042164884023,1.5061634207784422,0.0,0.0,0.0,1.0,0.0,0.0,UNOBSERVED_BODY_ENVELOPE,0.7110185571230425,0,2,0,0,24
22.466666666666665,-56.80193922883643,-10.452042164884023,1.5061634207784422,0.0,0.0,0.0,1.0,0.0,0.0,UNOBSERVED_BODY_ENVELOPE,0.7110185571230425,0,2,0,0,24
22.483333333333334,-56.80193922883643,-10.452042164884023,1.5061634207784422,0.0,0.0,0.0,1.0,0.0,0.0,UNOBSERVED_BODY_ENVELOPE,0.7110185571230425,0,2,0,0,24
22.5,-56.80193922883643,-10.452042164884023,1.5061634207784422,0.0,0.0,0.0,1.0,0.0,0.0,UNOBSERVED_BODY_ENVELOPE,0.7110185571230425,0,2,0,0,24
22.516666666666666,-56.80193922883643,-10.452042164884023,1.5061634207784422,0.0,0.0,0.0,1.0,0.0,0.0,UNOBSERVED_BODY_ENVELOPE,0.7110185571230425,0,2,0,0,24
22.533333333333335,-56.80193922883643,-10.452042164884023,1.5061634207784422,0.0,0.0,0.0,1.0,0.0,0.0,UNOBSERVED_BODY_ENVELOPE,0.7110185571230425,0,2,0,0,24
22.55,-56.80193922883643,-10.452042164884023,1.5061634207784422,0.0,0.0,0.0,1.0,0.0,0.0,UNOBSERVED_BODY_ENVELOPE,0.7110185571230425,0,2,0,0,24
22.566666666666666,-56.80193922883643,-10.452042164884023,1.5061634207784422,0.0,0.0,0.0,1.0,0.0,0.0,UNOBSERVED_BODY_ENVELOPE,0.7110185571230425,0,2,0,0,24
22.583333333333332,-56.80193922883643,-10.452042164884023,1.5061634207784422,0.0,0.0,0.0,1.0,0.0,0.0,UNOBSERVED_BODY_ENVELOPE,0.7110185571230425,0,2,0,0,24
22.6,-56.80193922883643,-10.452042164884023,1.5061634207784422,0.0,0.0,0.0,1.0,0.0,0.0,UNOBSERVED_BODY_ENVELOPE,0.7110185571230425,0,2,0,0,24
22.616666666666667,-56.80193922883643,-10.452042164884023,1.5061634207784422,0.0,0.0,0.0,1.0,0.0,0.0,UNOBSERVED_BODY_ENVELOPE,0.7110185571230425,0,2,0,0,24
22.633333333333333,-56.80193922883643,-10.452042164884023,1.5061634207784422,0.0,0.0,0.0,1.0,0.0,0.0,UNOBSERVED_BODY_ENVELOPE,0.7110185571230425,0,2,0,0,24
22.65,-56.80193922883643,-10.452042164884023,1.5061634207784422,0.0,0.0,0.0,1.0,0.0,0.0,UNOBSERVED_BODY_ENVELOPE,0.7110185571230425,0,2,0,0,24
22.666666666666668,-56.80193922883643,-10.452042164884023,1.5061634207784422,0.0,0.0,0.0,1.0,0.0,0.0,UNOBSERVED_BODY_ENVELOPE,0.7110185571230425,0,2,0,0,24
22.683333333333334,-56.80193922883643,-10.452042164884023,1.5061634207784422,0.0,0.0,0.0,1.0,0.0,0.0,UNOBSERVED_BODY_ENVELOPE,0.7110185571230425,0,2,0,0,24
22.7,-56.80193922883643,-10.452042164884023,1.5061634207784422,0.0,0.0,0.0,1.0,0.0,0.0,UNOBSERVED_BODY_ENVELOPE,0.7110185571230425,0,2,0,0,24
22.716666666666665,-56.80193922883643,-10.452042164884023,1.5061634207784422,0.0,0.0,0.0,1.0,0.0,0.0,UNOBSERVED_BODY_ENVELOPE,0.7110185571230425,0,2,0,0,24
22.733333333333334,-56.80193922883643,-10.452042164884023,1.5061634207784422,0.0,0.0,0.0,1.0,0.0,0.0,UNOBSERVED_BODY_ENVELOPE,0.7110185571230425,0,2,0,0,24
22.75,-56.80193922883643,-10.452042164884023,1.5061634207784422,0.0,0.0,0.0,1.0,0.0,0.0,UNOBSERVED_BODY_ENVELOPE,0.7110185571230425,0,2,0,0,24
22.766666666666666,-56.80193922883643,-10.452042164884023,1.5061634207784422,0.0,0.0,0.0,1.0,0.0,0.0,UNOBSERVED_BODY_ENVELOPE,0.7110185571230425,0,2,0,0,24
22.783333333333335,-56.80193922883643,-10.452042164884023,1.5061634207784422,0.0,0.0,0.0,1.0,0.0,0.0,UNOBSERVED_BODY_ENVELOPE,0.7110185571230425,0,2,0,0,24
22.8,-56.80193922883643,-10.452042164884023,1.5061634207784422,0.0,0.0,0.0,1.0,0.0,0.0,UNOBSERVED_BODY_ENVELOPE,0.7110185571230425,0,2,0,0,24
22.816666666666666,-56.80193922883643,-10.452042164884023,1.5061634207784422,0.0,0.0,0.0,1.0,0.0,0.0,UNOBSERVED_BODY_ENVELOPE,0.7110185571230425,0,2,0,0,24
22.833333333333332,-56.80193922883643,-10.452042164884023,1.5061634207784422,0.0,0.0,0.0,1.0,0.0,0.0,UNOBSERVED_BODY_ENVELOPE,0.7110185571230425,0,2,0,0,24
22.85,-56.80193922883643,-10.452042164884023,1.5061634207784422,0.0,0.0,0.0,1.0,0.0,0.0,UNOBSERVED_BODY_ENVELOPE,0.7110185571230425,0,2,0,0,24
22.866666666666667,-56.80193922883643,-10.452042164884023,1.5061634207784422,0.0,0.0,0.0,1.0,0.0,0.0,UNOBSERVED_BODY_ENVELOPE,0.7110185571230425,0,2,0,0,24
22.883333333333333,-56.80193922883643,-10.452042164884023,1.5061634207784422,0.0,0.0,0.0,1.0,0.0,0.0,UNOBSERVED_BODY_ENVELOPE,0.7110185571230425,0,2,0,0,24
22.9,-56.80193922883643,-10.452042164884023,1.5061634207784422,0.0,0.0,0.0,1.0,0.0,0.0,UNOBSERVED_BODY_ENVELOPE,0.7110185571230425,0,2,0,0,24
22.916666666666668,-56.80193922883643,-10.452042164884023,1.5061634207784422,0.0,0.0,0.0,1.0,0.0,0.0,UNOBSERVED_BODY_ENVELOPE,0.7110185571230425,0,2,0,0,24
22.933333333333334,-56.80193922883643,-10.452042164884023,1.5061634207784422,0.0,0.0,0.0,1.0,0.0,0.0,UNOBSERVED_BODY_ENVELOPE,0.7110185571230425,0,2,0,0,24
22.95,-56.80193922883643,-10.452042164884023,1.5061634207784422,0.0,0.0,0.0,1.0,0.0,0.0,UNOBSERVED_BODY_ENVELOPE,0.7110185571230425,0,2,0,0,24
22.966666666666665,-56.80193922883643,-10.452042164884023,1.5061634207784422,0.0,0.0,0.0,1.0,0.0,0.0,UNOBSERVED_BODY_ENVELOPE,0.7110185571230425,0,2,0,0,24
22.983333333333334,-56.80193922883643,-10.452042164884023,1.5061634207784422,0.0,0.0,0.0,1.0,0.0,0.0,UNOBSERVED_BODY_ENVELOPE,0.7110185571230425,0,2,0,0,24
23.0,-56.80193922883643,-10.452042164884023,1.5061634207784422,0.0,0.0,0.0,1.0,0.0,0.0,UNOBSERVED_BODY_ENVELOPE,0.7110185571230425,0,2,0,0,24
23.016666666666666,-56.80193922883643,-10.452042164884023,1.5061634207784422,0.0,0.0,0.0,1.0,0.0,0.0,UNOBSERVED_BODY_ENVELOPE,0.7110185571230425,0,2,0,0,24
23.033333333333335,-56.80193922883643,-10.452042164884023,1.5061634207784422,0.0,0.0,0.0,1.0,0.0,0.0,UNOBSERVED_BODY_ENVELOPE,0.7110185571230425,0,2,0,0,24
23.05,-56.80193922883643,-10.452042164884023,1.5061634207784422,0.0,0.0,0.0,1.0,0.0,0.0,UNOBSERVED_BODY_ENVELOPE,0.7110185571230425,0,2,0,0,24
23.066666666666666,-56.80193922883643,-10.452042164884023,1.5061634207784422,0.0,0.0,0.0,1.0,0.0,0.0,UNOBSERVED_BODY_ENVELOPE,0.7110185571230425,0,2,0,0,24
23.083333333333332,-56.80193922883643,-10.452042164884023,1.5061634207784422,0.0,0.0,0.0,1.0,0.0,0.0,UNOBSERVED_BODY_ENVELOPE,0.7110185571230425,0,2,0,0,24
23.1,-56.80193922883643,-10.452042164884023,1.5061634207784422,0.0,0.0,0.0,1.0,0.0,0.0,UNOBSERVED_BODY_ENVELOPE,0.7110185571230425,0,2,0,0,24
23.116666666666667,-56.80193922883643,-10.452042164884023,1.5061634207784422,0.0,0.0,0.0,1.0,0.0,0.0,UNOBSERVED_BODY_ENVELOPE,0.7110185571230425,0,2,0,0,24
23.133333333333333,-56.80193922883643,-10.452042164884023,1.5061634207784422,0.0,0.0,0.0,1.0,0.0,0.0,UNOBSERVED_BODY_ENVELOPE,0.7110185571230425,0,2,0,0,24
23.15,-56.80193922883643,-10.452042164884023,1.5061634207784422,0.0,0.0,0.0,1.0,0.0,0.0,UNOBSERVED_BODY_ENVELOPE,0.7110185571230425,0,2,0,0,24
23.166666666666668,-56.80193922883643,-10.452042164884023,1.5061634207784422,0.0,0.0,0.0,1.0,0.0,0.0,UNOBSERVED_BODY_ENVELOPE,0.7110185571230425,0,2,0,0,24
23.183333333333334,-56.80193922883643,-10.452042164884023,1.5061634207784422,0.0,0.0,0.0,1.0,0.0,0.0,UNOBSERVED_BODY_ENVELOPE,0.7110185571230425,0,2,0,0,24
23.2,-56.80193922883643,-10.452042164884023,1.5061634207784422,0.0,0.0,0.0,1.0,0.0,0.0,UNOBSERVED_BODY_ENVELOPE,0.7110185571230425,0,2,0,0,24
23.216666666666665,-56.80193922883643,-10.452042164884023,1.5061634207784422,0.0,0.0,0.0,1.0,0.0,0.0,UNOBSERVED_BODY_ENVELOPE,0.7110185571230425,0,2,0,0,24
23.233333333333334,-56.80193922883643,-10.452042164884023,1.5061634207784422,0.0,0.0,0.0,1.0,0.0,0.0,UNOBSERVED_BODY_ENVELOPE,0.7110185571230425,0,2,0,0,24
23.25,-56.80193922883643,-10.452042164884023,1.5061634207784422,0.0,0.0,0.0,1.0,0.0,0.0,UNOBSERVED_BODY_ENVELOPE,0.7110185571230425,0,2,0,0,24
23.266666666666666,-56.80193922883643,-10.452042164884023,1.5061634207784422,0.0,0.0,0.0,1.0,0.0,0.0,UNOBSERVED_BODY_ENVELOPE,0.7110185571230425,0,2,0,0,24
23.283333333333335,-56.80193922883643,-10.452042164884023,1.5061634207784422,0.0,0.0,0.0,1.0,0.0,0.0,UNOBSERVED_BODY_ENVELOPE,0.7110185571230425,0,2,0,0,24
23.3,-56.80193922883643,-10.452042164884023,1.5061634207784422,0.0,0.0,0.0,1.0,0.0,0.0,UNOBSERVED_BODY_ENVELOPE,0.7110185571230425,0,2,0,0,24
23.316666666666666,-56.80193922883643,-10.452042164884023,1.5061634207784422,0.0,0.0,0.0,1.0,0.0,0.0,UNOBSERVED_BODY_ENVELOPE,0.7110185571230425,0,2,0,0,24
23.333333333333332,-56.80193922883643,-10.452042164884023,1.5061634207784422,0.0,0.0,0.0,1.0,0.0,0.0,UNOBSERVED_BODY_ENVELOPE,0.7110185571230425,0,2,0,0,24
23.35,-56.80193922883643,-10.452042164884023,1.5061634207784422,0.0,0.0,0.0,1.0,0.0,0.0,UNOBSERVED_BODY_ENVELOPE,0.7110185571230425,0,2,0,0,24
23.366666666666667,-56.80193922883643,-10.452042164884023,1.5061634207784422,0.0,0.0,0.0,1.0,0.0,0.0,UNOBSERVED_BODY_ENVELOPE,0.7110185571230425,0,2,0,0,24
23.383333333333333,-56.80193922883643,-10.452042164884023,1.5061634207784422,0.0,0.0,0.0,1.0,0.0,0.0,UNOBSERVED_BODY_ENVELOPE,0.7110185571230425,0,2,0,0,24
23.4,-56.80193922883643,-10.452042164884023,1.5061634207784422,0.0,0.0,0.0,1.0,0.0,0.0,UNOBSERVED_BODY_ENVELOPE,0.7110185571230425,0,2,0,0,24
23.416666666666668,-56.80193922883643,-10.452042164884023,1.5061634207784422,0.0,0.0,0.0,1.0,0.0,0.0,UNOBSERVED_BODY_ENVELOPE,0.7110185571230425,0,2,0,0,24
23.433333333333334,-56.80193922883643,-10.452042164884023,1.5061634207784422,0.0,0.0,0.0,1.0,0.0,0.0,UNOBSERVED_BODY_ENVELOPE,0.7110185571230425,0,2,0,0,24
23.45,-56.80193922883643,-10.452042164884023,1.5061634207784422,0.0,0.0,0.0,1.0,0.0,0.0,UNOBSERVED_BODY_ENVELOPE,0.7110185571230425,0,2,0,0,24
23.466666666666665,-56.80193922883643,-10.452042164884023,1.5061634207784422,0.0,0.0,0.0,1.0,0.0,0.0,UNOBSERVED_BODY_ENVELOPE,0.7110185571230425,0,2,0,0,24
23.483333333333334,-56.80193922883643,-10.452042164884023,1.5061634207784422,0.0,0.0,0.0,1.0,0.0,0.0,UNOBSERVED_BODY_ENVELOPE,0.7110185571230425,0,2,0,0,24
23.5,-56.80193922883643,-10.452042164884023,1.5061634207784422,0.0,0.0,0.0,1.0,0.0,0.0,UNOBSERVED_BODY_ENVELOPE,0.7110185571230425,0,2,0,0,24
23.516666666666666,-56.80193922883643,-10.452042164884023,1.5061634207784422,0.0,0.0,0.0,1.0,0.0,0.0,UNOBSERVED_BODY_ENVELOPE,0.7110185571230425,0,2,0,0,24
23.533333333333335,-56.80193922883643,-10.452042164884023,1.5061634207784422,0.0,0.0,0.0,1.0,0.0,0.0,UNOBSERVED_BODY_ENVELOPE,0.7110185571230425,0,2,0,0,24
23.55,-56.80193922883643,-10.452042164884023,1.5061634207784422,0.0,0.0,0.0,1.0,0.0,0.0,UNOBSERVED_BODY_ENVELOPE,0.7110185571230425,0,2,0,0,24
23.566666666666666,-56.80193922883643,-10.452042164884023,1.5061634207784422,0.0,0.0,0.0,1.0,0.0,0.0,UNOBSERVED_BODY_ENVELOPE,0.7110185571230425,0,2,0,0,24
23.583333333333332,-56.80193922883643,-10.452042164884023,1.5061634207784422,0.0,0.0,0.0,1.0,0.0,0.0,UNOBSERVED_BODY_ENVELOPE,0.7110185571230425,0,2,0,0,24
23.6,-56.80193922883643,-10.452042164884023,1.5061634207784422,0.0,0.0,0.0,1.0,0.0,0.0,UNOBSERVED_BODY_ENVELOPE,0.7110185571230425,0,2,0,0,24
23.616666666666667,-56.80193922883643,-10.452042164884023,1.5061634207784422,0.0,0.0,0.0,1.0,0.0,0.0,UNOBSERVED_BODY_ENVELOPE,0.7110185571230425,0,2,0,0,24
23.633333333333333,-56.80193922883643,-10.452042164884023,1.5061634207784422,0.0,0.0,0.0,1.0,0.0,0.0,UNOBSERVED_BODY_ENVELOPE,0.7110185571230425,0,2,0,0,24
23.65,-56.80193922883643,-10.452042164884023,1.5061634207784422,0.0,0.0,0.0,1.0,0.0,0.0,UNOBSERVED_BODY_ENVELOPE,0.7110185571230425,0,2,0,0,24
23.666666666666668,-56.80193922883643,-10.452042164884023,1.5061634207784422,0.0,0.0,0.0,1.0,0.0,0.0,UNOBSERVED_BODY_ENVELOPE,0.7110185571230425,0,2,0,0,24
23.683333333333334,-56.80193922883643,-10.452042164884023,1.5061634207784422,0.0,0.0,0.0,1.0,0.0,0.0,UNOBSERVED_BODY_ENVELOPE,0.7110185571230425,0,2,0,0,24
23.7,-56.80193922883643,-10.452042164884023,1.5061634207784422,0.0,0.0,0.0,1.0,0.0,0.0,UNOBSERVED_BODY_ENVELOPE,0.7110185571230425,0,2,0,0,24
23.716666666666665,-56.80193922883643,-10.452042164884023,1.5061634207784422,0.0,0.0,0.0,1.0,0.0,0.0,UNOBSERVED_BODY_ENVELOPE,0.7110185571230425,0,2,0,0,24
23.733333333333334,-56.80193922883643,-10.452042164884023,1.5061634207784422,0.0,0.0,0.0,1.0,0.0,0.0,UNOBSERVED_BODY_ENVELOPE,0.7110185571230425,0,2,0,0,24
23.75,-56.80193922883643,-10.452042164884023,1.5061634207784422,0.0,0.0,0.0,1.0,0.0,0.0,UNOBSERVED_BODY_ENVELOPE,0.7110185571230425,0,2,0,0,24
23.766666666666666,-56.80193922883643,-10.452042164884023,1.5061634207784422,0.0,0.0,0.0,1.0,0.0,0.0,UNOBSERVED_BODY_ENVELOPE,0.7110185571230425,0,2,0,0,24
23.783333333333335,-56.80193922883643,-10.452042164884023,1.5061634207784422,0.0,0.0,0.0,1.0,0.0,0.0,UNOBSERVED_BODY_ENVELOPE,0.7110185571230425,0,2,0,0,24
23.8,-56.80193922883643,-10.452042164884023,1.5061634207784422,0.0,0.0,0.0,1.0,0.0,0.0,UNOBSERVED_BODY_ENVELOPE,0.7110185571230425,0,2,0,0,24
23.816666666666666,-56.80193922883643,-10.452042164884023,1.5061634207784422,0.0,0.0,0.0,1.0,0.0,0.0,UNOBSERVED_BODY_ENVELOPE,0.7110185571230425,0,2,0,0,24
23.833333333333332,-56.80193922883643,-10.452042164884023,1.5061634207784422,0.0,0.0,0.0,1.0,0.0,0.0,UNOBSERVED_BODY_ENVELOPE,0.7110185571230425,0,2,0,0,24
23.85,-56.80193922883643,-10.452042164884023,1.5061634207784422,0.0,0.0,0.0,1.0,0.0,0.0,UNOBSERVED_BODY_ENVELOPE,0.7110185571230425,0,2,0,0,24
23.866666666666667,-56.80193922883643,-10.452042164884023,1.5061634207784422,0.0,0.0,0.0,1.0,0.0,0.0,UNOBSERVED_BODY_ENVELOPE,0.7110185571230425,0,2,0,0,24
23.883333333333333,-56.80193922883643,-10.452042164884023,1.5061634207784422,0.0,0.0,0.0,1.0,0.0,0.0,UNOBSERVED_BODY_ENVELOPE,0.7110185571230425,0,2,0,0,24
23.9,-56.80193922883643,-10.452042164884023,1.5061634207784422,0.0,0.0,0.0,1.0,0.0,0.0,UNOBSERVED_BODY_ENVELOPE,0.7110185571230425,0,2,0,0,24
23.916666666666668,-56.80193922883643,-10.452042164884023,1.5061634207784422,0.0,0.0,0.0,1.0,0.0,0.0,UNOBSERVED_BODY_ENVELOPE,0.7110185571230425,0,2,0,0,24
23.933333333333334,-56.80193922883643,-10.452042164884023,1.5061634207784422,0.0,0.0,0.0,1.0,0.0,0.0,UNOBSERVED_BODY_ENVELOPE,0.7110185571230425,0,2,0,0,24
23.95,-56.80193922883643,-10.452042164884023,1.5061634207784422,0.0,0.0,0.0,1.0,0.0,0.0,UNOBSERVED_BODY_ENVELOPE,0.7110185571230425,0,2,0,0,24
23.966666666666665,-56.80193922883643,-10.452042164884023,1.5061634207784422,0.0,0.0,0.0,1.0,0.0,0.0,UNOBSERVED_BODY_ENVELOPE,0.7110185571230425,0,2,0,0,24
23.983333333333334,-56.80193922883643,-10.452042164884023,1.5061634207784422,0.0,0.0,0.0,1.0,0.0,0.0,UNOBSERVED_BODY_ENVELOPE,0.7110185571230425,0,2,0,0,24
24.0,-56.80193922883643,-10.452042164884023,1.5061634207784422,0.0,0.0,0.0,1.0,0.0,0.0,UNOBSERVED_BODY_ENVELOPE,0.7110185571230425,0,2,0,0,24
24.016666666666666,-56.80193922883643,-10.452042164884023,1.5061634207784422,0.0,0.0,0.0,1.0,0.0,0.0,UNOBSERVED_BODY_ENVELOPE,0.7110185571230425,0,2,0,0,24
24.033333333333335,-56.80193922883643,-10.452042164884023,1.5061634207784422,0.0,0.0,0.0,1.0,0.0,0.0,UNOBSERVED_BODY_ENVELOPE,0.7110185571230425,0,2,0,0,24
24.05,-56.80193922883643,-10.452042164884023,1.5061634207784422,0.0,0.0,0.0,1.0,0.0,0.0,UNOBSERVED_BODY_ENVELOPE,0.7110185571230425,0,2,0,0,24
24.066666666666666,-56.80193922883643,-10.452042164884023,1.5061634207784422,0.0,0.0,0.0,1.0,0.0,0.0,UNOBSERVED_BODY_ENVELOPE,0.7110185571230425,0,2,0,0,24
24.083333333333332,-56.80193922883643,-10.452042164884023,1.5061634207784422,0.0,0.0,0.0,1.0,0.0,0.0,UNOBSERVED_BODY_ENVELOPE,0.7110185571230425,0,2,0,0,24
24.1,-56.80193922883643,-10.452042164884023,1.5061634207784422,0.0,0.0,0.0,1.0,0.0,0.0,UNOBSERVED_BODY_ENVELOPE,0.7110185571230425,0,2,0,0,24
24.116666666666667,-56.80193922883643,-10.452042164884023,1.5061634207784422,0.0,0.0,0.0,1.0,0.0,0.0,UNOBSERVED_BODY_ENVELOPE,0.7110185571230425,0,2,0,0,24
24.133333333333333,-56.80193922883643,-10.452042164884023,1.5061634207784422,0.0,0.0,0.0,1.0,0.0,0.0,UNOBSERVED_BODY_ENVELOPE,0.7110185571230425,0,2,0,0,24
24.15,-56.80193922883643,-10.452042164884023,1.5061634207784422,0.0,0.0,0.0,1.0,0.0,0.0,UNOBSERVED_BODY_ENVELOPE,0.7110185571230425,0,2,0,0,24
24.166666666666668,-56.80193922883643,-10.452042164884023,1.5061634207784422,0.0,0.0,0.0,1.0,0.0,0.0,UNOBSERVED_BODY_ENVELOPE,0.7110185571230425,0,2,0,0,24
24.183333333333334,-56.80193922883643,-10.452042164884023,1.5061634207784422,0.0,0.0,0.0,1.0,0.0,0.0,UNOBSERVED_BODY_ENVELOPE,0.7110185571230425,0,2,0,0,24
24.2,-56.80193922883643,-10.452042164884023,1.5061634207784422,0.0,0.0,0.0,1.0,0.0,0.0,UNOBSERVED_BODY_ENVELOPE,0.7110185571230425,0,2,0,0,24
24.216666666666665,-56.80193922883643,-10.452042164884023,1.5061634207784422,0.0,0.0,0.0,1.0,0.0,0.0,UNOBSERVED_BODY_ENVELOPE,0.7110185571230425,0,2,0,0,24
24.233333333333334,-56.80193922883643,-10.452042164884023,1.5061634207784422,0.0,0.0,0.0,1.0,0.0,0.0,UNOBSERVED_BODY_ENVELOPE,0.7110185571230425,0,2,0,0,24
24.25,-56.80193922883643,-10.452042164884023,1.5061634207784422,0.0,0.0,0.0,1.0,0.0,0.0,UNOBSERVED_BODY_ENVELOPE,0.7110185571230425,0,2,0,0,24
24.266666666666666,-56.80193922883643,-10.452042164884023,1.5061634207784422,0.0,0.0,0.0,1.0,0.0,0.0,UNOBSERVED_BODY_ENVELOPE,0.7110185571230425,0,2,0,0,24
24.283333333333335,-56.80193922883643,-10.452042164884023,1.5061634207784422,0.0,0.0,0.0,1.0,0.0,0.0,UNOBSERVED_BODY_ENVELOPE,0.7110185571230425,0,2,0,0,24
24.3,-56.80193922883643,-10.452042164884023,1.5061634207784422,0.0,0.0,0.0,1.0,0.0,0.0,UNOBSERVED_BODY_ENVELOPE,0.7110185571230425,0,2,0,0,24
24.316666666666666,-56.80193922883643,-10.452042164884023,1.5061634207784422,0.0,0.0,0.0,1.0,0.0,0.0,UNOBSERVED_BODY_ENVELOPE,0.7110185571230425,0,2,0,0,24
24.333333333333332,-56.80193922883643,-10.452042164884023,1.5061634207784422,0.0,0.0,0.0,1.0,0.0,0.0,UNOBSERVED_BODY_ENVELOPE,0.7110185571230425,0,2,0,0,24
24.35,-56.80193922883643,-10.452042164884023,1.5061634207784422,0.0,0.0,0.0,1.0,0.0,0.0,UNOBSERVED_BODY_ENVELOPE,0.7110185571230425,0,2,0,0,24
24.366666666666667,-56.80193922883643,-10.452042164884023,1.5061634207784422,0.0,0.0,0.0,1.0,0.0,0.0,UNOBSERVED_BODY_ENVELOPE,0.7110185571230425,0,2,0,0,24
24.383333333333333,-56.80193922883643,-10.452042164884023,1.5061634207784422,0.0,0.0,0.0,1.0,0.0,0.0,UNOBSERVED_BODY_ENVELOPE,0.7110185571230425,0,2,0,0,24
24.4,-56.80193922883643,-10.452042164884023,1.5061634207784422,0.0,0.0,0.0,1.0,0.0,0.0,UNOBSERVED_BODY_ENVELOPE,0.7110185571230425,0,2,0,0,24
24.416666666666668,-56.80193922883643,-10.452042164884023,1.5061634207784422,0.0,0.0,0.0,1.0,0.0,0.0,UNOBSERVED_BODY_ENVELOPE,0.7110185571230425,0,2,0,0,24
24.433333333333334,-56.80193922883643,-10.452042164884023,1.5061634207784422,0.0,0.0,0.0,1.0,0.0,0.0,UNOBSERVED_BODY_ENVELOPE,0.7110185571230425,0,2,0,0,24
24.45,-56.80193922883643,-10.452042164884023,1.5061634207784422,0.0,0.0,0.0,1.0,0.0,0.0,UNOBSERVED_BODY_ENVELOPE,0.7110185571230425,0,2,0,0,24
24.466666666666665,-56.80193922883643,-10.452042164884023,1.5061634207784422,0.0,0.0,0.0,1.0,0.0,0.0,UNOBSERVED_BODY_ENVELOPE,0.7110185571230425,0,2,0,0,24
24.483333333333334,-56.80193922883643,-10.452042164884023,1.5061634207784422,0.0,0.0,0.0,1.0,0.0,0.0,UNOBSERVED_BODY_ENVELOPE,0.7110185571230425,0,2,0,0,24
24.5,-56.80193922883643,-10.452042164884023,1.5061634207784422,0.0,0.0,0.0,1.0,0.0,0.0,UNOBSERVED_BODY_ENVELOPE,0.7110185571230425,0,2,0,0,24
24.516666666666666,-56.80193922883643,-10.452042164884023,1.5061634207784422,0.0,0.0,0.0,1.0,0.0,0.0,UNOBSERVED_BODY_ENVELOPE,0.7110185571230425,0,2,0,0,24
24.533333333333335,-56.80193922883643,-10.452042164884023,1.5061634207784422,0.0,0.0,0.0,1.0,0.0,0.0,UNOBSERVED_BODY_ENVELOPE,0.7110185571230425,0,2,0,0,24
24.55,-56.80193922883643,-10.452042164884023,1.5061634207784422,0.0,0.0,0.0,1.0,0.0,0.0,UNOBSERVED_BODY_ENVELOPE,0.7110185571230425,0,2,0,0,24
24.566666666666666,-56.80193922883643,-10.452042164884023,1.5061634207784422,0.0,0.0,0.0,1.0,0.0,0.0,UNOBSERVED_BODY_ENVELOPE,0.7110185571230425,0,2,0,0,24
24.583333333333332,-56.80193922883643,-10.452042164884023,1.5061634207784422,0.0,0.0,0.0,1.0,0.0,0.0,UNOBSERVED_BODY_ENVELOPE,0.7110185571230425,0,2,0,0,24
24.6,-56.80193922883643,-10.452042164884023,1.5061634207784422,0.0,0.0,0.0,1.0,0.0,0.0,UNOBSERVED_BODY_ENVELOPE,0.7110185571230425,0,2,0,0,24
24.616666666666667,-56.80193922883643,-10.452042164884023,1.5061634207784422,0.0,0.0,0.0,1.0,0.0,0.0,UNOBSERVED_BODY_ENVELOPE,0.7110185571230425,0,2,0,0,24
24.633333333333333,-56.80193922883643,-10.452042164884023,1.5061634207784422,0.0,0.0,0.0,1.0,0.0,0.0,UNOBSERVED_BODY_ENVELOPE,0.7110185571230425,0,2,0,0,24
24.65,-56.80193922883643,-10.452042164884023,1.5061634207784422,0.0,0.0,0.0,1.0,0.0,0.0,UNOBSERVED_BODY_ENVELOPE,0.7110185571230425,0,2,0,0,24
24.666666666666668,-56.80193922883643,-10.452042164884023,1.5061634207784422,0.0,0.0,0.0,1.0,0.0,0.0,UNOBSERVED_BODY_ENVELOPE,0.7110185571230425,0,2,0,0,24
24.683333333333334,-56.80193922883643,-10.452042164884023,1.5061634207784422,0.0,0.0,0.0,1.0,0.0,0.0,UNOBSERVED_BODY_ENVELOPE,0.7110185571230425,0,2,0,0,24
24.7,-56.80193922883643,-10.452042164884023,1.5061634207784422,0.0,0.0,0.0,1.0,0.0,0.0,UNOBSERVED_BODY_ENVELOPE,0.7110185571230425,0,2,0,0,24
24.716666666666665,-56.80193922883643,-10.452042164884023,1.5061634207784422,0.0,0.0,0.0,1.0,0.0,0.0,UNOBSERVED_BODY_ENVELOPE,0.7110185571230425,0,2,0,0,24
24.733333333333334,-56.80193922883643,-10.452042164884023,1.5061634207784422,0.0,0.0,0.0,1.0,0.0,0.0,UNOBSERVED_BODY_ENVELOPE,0.7110185571230425,0,2,0,0,24
24.75,-56.80193922883643,-10.452042164884023,1.5061634207784422,0.0,0.0,0.0,1.0,0.0,0.0,UNOBSERVED_BODY_ENVELOPE,0.7110185571230425,0,2,0,0,24
24.766666666666666,-56.80193922883643,-10.452042164884023,1.5061634207784422,0.0,0.0,0.0,1.0,0.0,0.0,UNOBSERVED_BODY_ENVELOPE,0.7110185571230425,0,2,0,0,24
24.783333333333335,-56.80193922883643,-10.452042164884023,1.5061634207784422,0.0,0.0,0.0,1.0,0.0,0.0,UNOBSERVED_BODY_ENVELOPE,0.7110185571230425,0,2,0,0,24
24.8,-56.80193922883643,-10.452042164884023,1.5061634207784422,0.0,0.0,0.0,1.0,0.0,0.0,UNOBSERVED_BODY_ENVELOPE,0.7110185571230425,0,2,0,0,24
24.816666666666666,-56.80193922883643,-10.452042164884023,1.5061634207784422,0.0,0.0,0.0,1.0,0.0,0.0,UNOBSERVED_BODY_ENVELOPE,0.7110185571230425,0,2,0,0,24
24.833333333333332,-56.80193922883643,-10.452042164884023,1.5061634207784422,0.0,0.0,0.0,1.0,0.0,0.0,UNOBSERVED_BODY_ENVELOPE,0.7110185571230425,0,2,0,0,24
24.85,-56.80193922883643,-10.452042164884023,1.5061634207784422,0.0,0.0,0.0,1.0,0.0,0.0,UNOBSERVED_BODY_ENVELOPE,0.7110185571230425,0,2,0,0,24
24.866666666666667,-56.80193922883643,-10.452042164884023,1.5061634207784422,0.0,0.0,0.0,1.0,0.0,0.0,UNOBSERVED_BODY_ENVELOPE,0.7110185571230425,0,2,0,0,24
24.883333333333333,-56.80193922883643,-10.452042164884023,1.5061634207784422,0.0,0.0,0.0,1.0,0.0,0.0,UNOBSERVED_BODY_ENVELOPE,0.7110185571230425,0,2,0,0,24
24.9,-56.80193922883643,-10.452042164884023,1.5061634207784422,0.0,0.0,0.0,1.0,0.0,0.0,UNOBSERVED_BODY_ENVELOPE,0.7110185571230425,0,2,0,0,24
24.916666666666668,-56.80193922883643,-10.452042164884023,1.5061634207784422,0.0,0.0,0.0,1.0,0.0,0.0,UNOBSERVED_BODY_ENVELOPE,0.7110185571230425,0,2,0,0,24
24.933333333333334,-56.80193922883643,-10.452042164884023,1.5061634207784422,0.0,0.0,0.0,1.0,0.0,0.0,UNOBSERVED_BODY_ENVELOPE,0.7110185571230425,0,2,0,0,24
24.95,-56.80193922883643,-10.452042164884023,1.5061634207784422,0.0,0.0,0.0,1.0,0.0,0.0,UNOBSERVED_BODY_ENVELOPE,0.7110185571230425,0,2,0,0,24
24.966666666666665,-56.80193922883643,-10.452042164884023,1.5061634207784422,0.0,0.0,0.0,1.0,0.0,0.0,UNOBSERVED_BODY_ENVELOPE,0.7110185571230425,0,2,0,0,24
24.983333333333334,-56.80193922883643,-10.452042164884023,1.5061634207784422,0.0,0.0,0.0,1.0,0.0,0.0,UNOBSERVED_BODY_ENVELOPE,0.7110185571230425,0,2,0,0,24
25.0,-56.80193922883643,-10.452042164884023,1.5061634207784422,0.0,0.0,0.0,1.0,0.0,0.0,UNOBSERVED_BODY_ENVELOPE,0.7110185571230425,0,2,0,0,24
25.016666666666666,-56.80193922883643,-10.452042164884023,1.5061634207784422,0.0,0.0,0.0,1.0,0.0,0.0,UNOBSERVED_BODY_ENVELOPE,0.7110185571230425,0,2,0,0,24
25.033333333333335,-56.80193922883643,-10.452042164884023,1.5061634207784422,0.0,0.0,0.0,1.0,0.0,0.0,UNOBSERVED_BODY_ENVELOPE,0.7110185571230425,0,2,0,0,24
25.05,-56.80193922883643,-10.452042164884023,1.5061634207784422,0.0,0.0,0.0,1.0,0.0,0.0,UNOBSERVED_BODY_ENVELOPE,0.7110185571230425,0,2,0,0,24
25.066666666666666,-56.80193922883643,-10.452042164884023,1.5061634207784422,0.0,0.0,0.0,1.0,0.0,0.0,UNOBSERVED_BODY_ENVELOPE,0.7110185571230425,0,2,0,0,24
25.083333333333332,-56.80193922883643,-10.452042164884023,1.5061634207784422,0.0,0.0,0.0,1.0,0.0,0.0,UNOBSERVED_BODY_ENVELOPE,0.7110185571230425,0,2,0,0,24
25.1,-56.80193922883643,-10.452042164884023,1.5061634207784422,0.0,0.0,0.0,1.0,0.0,0.0,UNOBSERVED_BODY_ENVELOPE,0.7110185571230425,0,2,0,0,24
25.116666666666667,-56.80193922883643,-10.452042164884023,1.5061634207784422,0.0,0.0,0.0,1.0,0.0,0.0,UNOBSERVED_BODY_ENVELOPE,0.7110185571230425,0,2,0,0,24
25.133333333333333,-56.80193922883643,-10.452042164884023,1.5061634207784422,0.0,0.0,0.0,1.0,0.0,0.0,UNOBSERVED_BODY_ENVELOPE,0.7110185571230425,0,2,0,0,24
25.15,-56.80193922883643,-10.452042164884023,1.5061634207784422,0.0,0.0,0.0,1.0,0.0,0.0,UNOBSERVED_BODY_ENVELOPE,0.7110185571230425,0,2,0,0,24
25.166666666666668,-56.80193922883643,-10.452042164884023,1.5061634207784422,0.0,0.0,0.0,1.0,0.0,0.0,UNOBSERVED_BODY_ENVELOPE,0.7110185571230425,0,2,0,0,24
25.183333333333334,-56.80193922883643,-10.452042164884023,1.5061634207784422,0.0,0.0,0.0,1.0,0.0,0.0,UNOBSERVED_BODY_ENVELOPE,0.7110185571230425,0,2,0,0,24
25.2,-56.80193922883643,-10.452042164884023,1.5061634207784422,0.0,0.0,0.0,1.0,0.0,0.0,UNOBSERVED_BODY_ENVELOPE,0.7110185571230425,0,2,0,0,24
25.216666666666665,-56.80193922883643,-10.452042164884023,1.5061634207784422,0.0,0.0,0.0,1.0,0.0,0.0,UNOBSERVED_BODY_ENVELOPE,0.7110185571230425,0,2,0,0,24
25.233333333333334,-56.80193922883643,-10.452042164884023,1.5061634207784422,0.0,0.0,0.0,1.0,0.0,0.0,UNOBSERVED_BODY_ENVELOPE,0.7110185571230425,0,2,0,0,24
25.25,-56.80193922883643,-10.452042164884023,1.5061634207784422,0.0,0.0,0.0,1.0,0.0,0.0,UNOBSERVED_BODY_ENVELOPE,0.7110185571230425,0,2,0,0,24
25.266666666666666,-56.80193922883643,-10.452042164884023,1.5061634207784422,0.0,0.0,0.0,1.0,0.0,0.0,UNOBSERVED_BODY_ENVELOPE,0.7110185571230425,0,2,0,0,24
25.283333333333335,-56.80193922883643,-10.452042164884023,1.5061634207784422,0.0,0.0,0.0,1.0,0.0,0.0,UNOBSERVED_BODY_ENVELOPE,0.7110185571230425,0,2,0,0,24
25.3,-56.80193922883643,-10.452042164884023,1.5061634207784422,0.0,0.0,0.0,1.0,0.0,0.0,UNOBSERVED_BODY_ENVELOPE,0.7110185571230425,0,2,0,0,24
25.316666666666666,-56.80193922883643,-10.452042164884023,1.5061634207784422,0.0,0.0,0.0,1.0,0.0,0.0,UNOBSERVED_BODY_ENVELOPE,0.7110185571230425,0,2,0,0,24
25.333333333333332,-56.80193922883643,-10.452042164884023,1.5061634207784422,0.0,0.0,0.0,1.0,0.0,0.0,UNOBSERVED_BODY_ENVELOPE,0.7110185571230425,0,2,0,0,24
25.35,-56.80193922883643,-10.452042164884023,1.5061634207784422,0.0,0.0,0.0,1.0,0.0,0.0,UNOBSERVED_BODY_ENVELOPE,0.7110185571230425,0,2,0,0,24
25.366666666666667,-56.80193922883643,-10.452042164884023,1.5061634207784422,0.0,0.0,0.0,1.0,0.0,0.0,UNOBSERVED_BODY_ENVELOPE,0.7110185571230425,0,2,0,0,24
25.383333333333333,-56.80193922883643,-10.452042164884023,1.5061634207784422,0.0,0.0,0.0,1.0,0.0,0.0,UNOBSERVED_BODY_ENVELOPE,0.7110185571230425,0,2,0,0,24
25.4,-56.80193922883643,-10.452042164884023,1.5061634207784422,0.0,0.0,0.0,1.0,0.0,0.0,UNOBSERVED_BODY_ENVELOPE,0.7110185571230425,0,2,0,0,24
25.416666666666668,-56.80193922883643,-10.452042164884023,1.5061634207784422,0.0,0.0,0.0,1.0,0.0,0.0,UNOBSERVED_BODY_ENVELOPE,0.7110185571230425,0,2,0,0,24
25.433333333333334,-56.80193922883643,-10.452042164884023,1.5061634207784422,0.0,0.0,0.0,1.0,0.0,0.0,UNOBSERVED_BODY_ENVELOPE,0.7110185571230425,0,2,0,0,24
25.45,-56.80193922883643,-10.452042164884023,1.5061634207784422,0.0,0.0,0.0,1.0,0.0,0.0,UNOBSERVED_BODY_ENVELOPE,0.7110185571230425,0,2,0,0,24
25.466666666666665,-56.80193922883643,-10.452042164884023,1.5061634207784422,0.0,0.0,0.0,1.0,0.0,0.0,UNOBSERVED_BODY_ENVELOPE,0.7110185571230425,0,2,0,0,24
25.483333333333334,-56.80193922883643,-10.452042164884023,1.5061634207784422,0.0,0.0,0.0,1.0,0.0,0.0,UNOBSERVED_BODY_ENVELOPE,0.7110185571230425,0,2,0,0,24
25.5,-56.80193922883643,-10.452042164884023,1.5061634207784422,0.0,0.0,0.0,1.0,0.0,0.0,UNOBSERVED_BODY_ENVELOPE,0.7110185571230425,0,2,0,0,24
25.516666666666666,-56.80193922883643,-10.452042164884023,1.5061634207784422,0.0,0.0,0.0,1.0,0.0,0.0,UNOBSERVED_BODY_ENVELOPE,0.7110185571230425,0,2,0,0,24
25.533333333333335,-56.80193922883643,-10.452042164884023,1.5061634207784422,0.0,0.0,0.0,1.0,0.0,0.0,UNOBSERVED_BODY_ENVELOPE,0.7110185571230425,0,2,0,0,24
25.55,-56.80193922883643,-10.452042164884023,1.5061634207784422,0.0,0.0,0.0,1.0,0.0,0.0,UNOBSERVED_BODY_ENVELOPE,0.7110185571230425,0,2,0,0,24
25.566666666666666,-56.80193922883643,-10.452042164884023,1.5061634207784422,0.0,0.0,0.0,1.0,0.0,0.0,UNOBSERVED_BODY_ENVELOPE,0.7110185571230425,0,2,0,0,24
25.583333333333332,-56.80193922883643,-10.452042164884023,1.5061634207784422,0.0,0.0,0.0,1.0,0.0,0.0,UNOBSERVED_BODY_ENVELOPE,0.7110185571230425,0,2,0,0,24
25.6,-56.80193922883643,-10.452042164884023,1.5061634207784422,0.0,0.0,0.0,1.0,0.0,0.0,UNOBSERVED_BODY_ENVELOPE,0.7110185571230425,0,2,0,0,24
25.616666666666667,-56.80193922883643,-10.452042164884023,1.5061634207784422,0.0,0.0,0.0,1.0,0.0,0.0,UNOBSERVED_BODY_ENVELOPE,0.7110185571230425,0,2,0,0,24
25.633333333333333,-56.80193922883643,-10.452042164884023,1.5061634207784422,0.0,0.0,0.0,1.0,0.0,0.0,UNOBSERVED_BODY_ENVELOPE,0.7110185571230425,0,2,0,0,24
25.65,-56.80193922883643,-10.452042164884023,1.5061634207784422,0.0,0.0,0.0,1.0,0.0,0.0,UNOBSERVED_BODY_ENVELOPE,0.7110185571230425,0,2,0,0,24
25.666666666666668,-56.80193922883643,-10.452042164884023,1.5061634207784422,0.0,0.0,0.0,1.0,0.0,0.0,UNOBSERVED_BODY_ENVELOPE,0.7110185571230425,0,2,0,0,24
25.683333333333334,-56.80193922883643,-10.452042164884023,1.5061634207784422,0.0,0.0,0.0,1.0,0.0,0.0,UNOBSERVED_BODY_ENVELOPE,0.7110185571230425,0,2,0,0,24
25.7,-56.80193922883643,-10.452042164884023,1.5061634207784422,0.0,0.0,0.0,1.0,0.0,0.0,UNOBSERVED_BODY_ENVELOPE,0.7110185571230425,0,2,0,0,24
25.716666666666665,-56.80193922883643,-10.452042164884023,1.5061634207784422,0.0,0.0,0.0,1.0,0.0,0.0,UNOBSERVED_BODY_ENVELOPE,0.7110185571230425,0,2,0,0,24
25.733333333333334,-56.80193922883643,-10.452042164884023,1.5061634207784422,0.0,0.0,0.0,1.0,0.0,0.0,UNOBSERVED_BODY_ENVELOPE,0.7110185571230425,0,2,0,0,24
25.75,-56.80193922883643,-10.452042164884023,1.5061634207784422,0.0,0.0,0.0,1.0,0.0,0.0,UNOBSERVED_BODY_ENVELOPE,0.7110185571230425,0,2,0,0,24
25.766666666666666,-56.80193922883643,-10.452042164884023,1.5061634207784422,0.0,0.0,0.0,1.0,0.0,0.0,UNOBSERVED_BODY_ENVELOPE,0.7110185571230425,0,2,0,0,24
25.783333333333335,-56.80193922883643,-10.452042164884023,1.5061634207784422,0.0,0.0,0.0,1.0,0.0,0.0,UNOBSERVED_BODY_ENVELOPE,0.7110185571230425,0,2,0,0,24
25.8,-56.80193922883643,-10.452042164884023,1.5061634207784422,0.0,0.0,0.0,1.0,0.0,0.0,UNOBSERVED_BODY_ENVELOPE,0.7110185571230425,0,2,0,0,24
25.816666666666666,-56.80193922883643,-10.452042164884023,1.5061634207784422,0.0,0.0,0.0,1.0,0.0,0.0,UNOBSERVED_BODY_ENVELOPE,0.7110185571230425,0,2,0,0,24
25.833333333333332,-56.80193922883643,-10.452042164884023,1.5061634207784422,0.0,0.0,0.0,1.0,0.0,0.0,UNOBSERVED_BODY_ENVELOPE,0.7110185571230425,0,2,0,0,24
25.85,-56.80193922883643,-10.452042164884023,1.5061634207784422,0.0,0.0,0.0,1.0,0.0,0.0,UNOBSERVED_BODY_ENVELOPE,0.7110185571230425,0,2,0,0,24
25.866666666666667,-56.80193922883643,-10.452042164884023,1.5061634207784422,0.0,0.0,0.0,1.0,0.0,0.0,UNOBSERVED_BODY_ENVELOPE,0.7110185571230425,0,2,0,0,24
25.883333333333333,-56.80193922883643,-10.452042164884023,1.5061634207784422,0.0,0.0,0.0,1.0,0.0,0.0,UNOBSERVED_BODY_ENVELOPE,0.7110185571230425,0,2,0,0,24
25.9,-56.80193922883643,-10.452042164884023,1.5061634207784422,0.0,0.0,0.0,1.0,0.0,0.0,UNOBSERVED_BODY_ENVELOPE,0.7110185571230425,0,2,0,0,24
25.916666666666668,-56.80193922883643,-10.452042164884023,1.5061634207784422,0.0,0.0,0.0,1.0,0.0,0.0,UNOBSERVED_BODY_ENVELOPE,0.7110185571230425,0,2,0,0,24
25.933333333333334,-56.80193922883643,-10.452042164884023,1.5061634207784422,0.0,0.0,0.0,1.0,0.0,0.0,UNOBSERVED_BODY_ENVELOPE,0.7110185571230425,0,2,0,0,24
25.95,-56.80193922883643,-10.452042164884023,1.5061634207784422,0.0,0.0,0.0,1.0,0.0,0.0,UNOBSERVED_BODY_ENVELOPE,0.7110185571230425,0,2,0,0,24
25.966666666666665,-56.80193922883643,-10.452042164884023,1.5061634207784422,0.0,0.0,0.0,1.0,0.0,0.0,UNOBSERVED_BODY_ENVELOPE,0.7110185571230425,0,2,0,0,24
25.983333333333334,-56.80193922883643,-10.452042164884023,1.5061634207784422,0.0,0.0,0.0,1.0,0.0,0.0,UNOBSERVED_BODY_ENVELOPE,0.7110185571230425,0,2,0,0,24
26.0,-56.80193922883643,-10.452042164884023,1.5061634207784422,0.0,0.0,0.0,1.0,0.0,0.0,UNOBSERVED_BODY_ENVELOPE,0.7110185571230425,0,2,0,0,24
26.016666666666666,-56.80193922883643,-10.452042164884023,1.5061634207784422,0.0,0.0,0.0,1.0,0.0,0.0,UNOBSERVED_BODY_ENVELOPE,0.7110185571230425,0,2,0,0,24
26.033333333333335,-56.80193922883643,-10.452042164884023,1.5061634207784422,0.0,0.0,0.0,1.0,0.0,0.0,UNOBSERVED_BODY_ENVELOPE,0.7110185571230425,0,2,0,0,24
26.05,-56.80193922883643,-10.452042164884023,1.5061634207784422,0.0,0.0,0.0,1.0,0.0,0.0,UNOBSERVED_BODY_ENVELOPE,0.7110185571230425,0,2,0,0,24
26.066666666666666,-56.80193922883643,-10.452042164884023,1.5061634207784422,0.0,0.0,0.0,1.0,0.0,0.0,UNOBSERVED_BODY_ENVELOPE,0.7110185571230425,0,2,0,0,24
26.083333333333332,-56.80193922883643,-10.452042164884023,1.5061634207784422,0.0,0.0,0.0,1.0,0.0,0.0,UNOBSERVED_BODY_ENVELOPE,0.7110185571230425,0,2,0,0,24
26.1,-56.80193922883643,-10.452042164884023,1.5061634207784422,0.0,0.0,0.0,1.0,0.0,0.0,UNOBSERVED_BODY_ENVELOPE,0.7110185571230425,0,2,0,0,24
26.116666666666667,-56.80193922883643,-10.452042164884023,1.5061634207784422,0.0,0.0,0.0,1.0,0.0,0.0,UNOBSERVED_BODY_ENVELOPE,0.7110185571230425,0,2,0,0,24
26.133333333333333,-56.80193922883643,-10.452042164884023,1.5061634207784422,0.0,0.0,0.0,1.0,0.0,0.0,UNOBSERVED_BODY_ENVELOPE,0.7110185571230425,0,2,0,0,24
26.15,-56.80193922883643,-10.452042164884023,1.5061634207784422,0.0,0.0,0.0,1.0,0.0,0.0,UNOBSERVED_BODY_ENVELOPE,0.7110185571230425,0,2,0,0,24
26.166666666666668,-56.80193922883643,-10.452042164884023,1.5061634207784422,0.0,0.0,0.0,1.0,0.0,0.0,UNOBSERVED_BODY_ENVELOPE,0.7110185571230425,0,2,0,0,24
26.183333333333334,-56.80193922883643,-10.452042164884023,1.5061634207784422,0.0,0.0,0.0,1.0,0.0,0.0,UNOBSERVED_BODY_ENVELOPE,0.7110185571230425,0,2,0,0,24
26.2,-56.80193922883643,-10.452042164884023,1.5061634207784422,0.0,0.0,0.0,1.0,0.0,0.0,UNOBSERVED_BODY_ENVELOPE,0.7110185571230425,0,2,0,0,24
26.216666666666665,-56.80193922883643,-10.452042164884023,1.5061634207784422,0.0,0.0,0.0,1.0,0.0,0.0,UNOBSERVED_BODY_ENVELOPE,0.7110185571230425,0,2,0,0,24
26.233333333333334,-56.80193922883643,-10.452042164884023,1.5061634207784422,0.0,0.0,0.0,1.0,0.0,0.0,UNOBSERVED_BODY_ENVELOPE,0.7110185571230425,0,2,0,0,24
26.25,-56.80193922883643,-10.452042164884023,1.5061634207784422,0.0,0.0,0.0,1.0,0.0,0.0,UNOBSERVED_BODY_ENVELOPE,0.7110185571230425,0,2,0,0,24
26.266666666666666,-56.80193922883643,-10.452042164884023,1.5061634207784422,0.0,0.0,0.0,1.0,0.0,0.0,UNOBSERVED_BODY_ENVELOPE,0.7110185571230425,0,2,0,0,24
26.283333333333335,-56.80193922883643,-10.452042164884023,1.5061634207784422,0.0,0.0,0.0,1.0,0.0,0.0,UNOBSERVED_BODY_ENVELOPE,0.7110185571230425,0,2,0,0,24
26.3,-56.80193922883643,-10.452042164884023,1.5061634207784422,0.0,0.0,0.0,1.0,0.0,0.0,UNOBSERVED_BODY_ENVELOPE,0.7110185571230425,0,2,0,0,24
26.316666666666666,-56.80193922883643,-10.452042164884023,1.5061634207784422,0.0,0.0,0.0,1.0,0.0,0.0,UNOBSERVED_BODY_ENVELOPE,0.7110185571230425,0,2,0,0,24
26.333333333333332,-56.80193922883643,-10.452042164884023,1.5061634207784422,0.0,0.0,0.0,1.0,0.0,0.0,UNOBSERVED_BODY_ENVELOPE,0.7110185571230425,0,2,0,0,24
26.35,-56.80193922883643,-10.452042164884023,1.5061634207784422,0.0,0.0,0.0,1.0,0.0,0.0,UNOBSERVED_BODY_ENVELOPE,0.7110185571230425,0,2,0,0,24
26.366666666666667,-56.80193922883643,-10.452042164884023,1.5061634207784422,0.0,0.0,0.0,1.0,0.0,0.0,UNOBSERVED_BODY_ENVELOPE,0.7110185571230425,0,2,0,0,24
26.383333333333333,-56.80193922883643,-10.452042164884023,1.5061634207784422,0.0,0.0,0.0,1.0,0.0,0.0,UNOBSERVED_BODY_ENVELOPE,0.7110185571230425,0,2,0,0,24
26.4,-56.80193922883643,-10.452042164884023,1.5061634207784422,0.0,0.0,0.0,1.0,0.0,0.0,UNOBSERVED_BODY_ENVELOPE,0.7110185571230425,0,2,0,0,24
26.416666666666668,-56.80193922883643,-10.452042164884023,1.5061634207784422,0.0,0.0,0.0,1.0,0.0,0.0,UNOBSERVED_BODY_ENVELOPE,0.7110185571230425,0,2,0,0,24
26.433333333333334,-56.80193922883643,-10.452042164884023,1.5061634207784422,0.0,0.0,0.0,1.0,0.0,0.0,UNOBSERVED_BODY_ENVELOPE,0.7110185571230425,0,2,0,0,24
26.45,-56.80193922883643,-10.452042164884023,1.5061634207784422,0.0,0.0,0.0,1.0,0.0,0.0,UNOBSERVED_BODY_ENVELOPE,0.7110185571230425,0,2,0,0,24
26.466666666666665,-56.80193922883643,-10.452042164884023,1.5061634207784422,0.0,0.0,0.0,1.0,0.0,0.0,UNOBSERVED_BODY_ENVELOPE,0.7110185571230425,0,2,0,0,24
26.483333333333334,-56.80193922883643,-10.452042164884023,1.5061634207784422,0.0,0.0,0.0,1.0,0.0,0.0,UNOBSERVED_BODY_ENVELOPE,0.7110185571230425,0,2,0,0,24
26.5,-56.80193922883643,-10.452042164884023,1.5061634207784422,0.0,0.0,0.0,1.0,0.0,0.0,UNOBSERVED_BODY_ENVELOPE,0.7110185571230425,0,2,0,0,24
26.516666666666666,-56.80193922883643,-10.452042164884023,1.5061634207784422,0.0,0.0,0.0,1.0,0.0,0.0,UNOBSERVED_BODY_ENVELOPE,0.7110185571230425,0,2,0,0,24
26.533333333333335,-56.80193922883643,-10.452042164884023,1.5061634207784422,0.0,0.0,0.0,1.0,0.0,0.0,UNOBSERVED_BODY_ENVELOPE,0.7110185571230425,0,2,0,0,24
26.55,-56.80193922883643,-10.452042164884023,1.5061634207784422,0.0,0.0,0.0,1.0,0.0,0.0,UNOBSERVED_BODY_ENVELOPE,0.7110185571230425,0,2,0,0,24
26.566666666666666,-56.80193922883643,-10.452042164884023,1.5061634207784422,0.0,0.0,0.0,1.0,0.0,0.0,UNOBSERVED_BODY_ENVELOPE,0.7110185571230425,0,2,0,0,24
26.583333333333332,-56.80193922883643,-10.452042164884023,1.5061634207784422,0.0,0.0,0.0,1.0,0.0,0.0,UNOBSERVED_BODY_ENVELOPE,0.7110185571230425,0,2,0,0,24
26.6,-56.80193922883643,-10.452042164884023,1.5061634207784422,0.0,0.0,0.0,1.0,0.0,0.0,UNOBSERVED_BODY_ENVELOPE,0.7110185571230425,0,2,0,0,24
26.616666666666667,-56.80193922883643,-10.452042164884023,1.5061634207784422,0.0,0.0,0.0,1.0,0.0,0.0,UNOBSERVED_BODY_ENVELOPE,0.7110185571230425,0,2,0,0,24
26.633333333333333,-56.80193922883643,-10.452042164884023,1.5061634207784422,0.0,0.0,0.0,1.0,0.0,0.0,UNOBSERVED_BODY_ENVELOPE,0.7110185571230425,0,2,0,0,24
26.65,-56.80193922883643,-10.452042164884023,1.5061634207784422,0.0,0.0,0.0,1.0,0.0,0.0,UNOBSERVED_BODY_ENVELOPE,0.7110185571230425,0,2,0,0,24
26.666666666666668,-56.80193922883643,-10.452042164884023,1.5061634207784422,0.0,0.0,0.0,1.0,0.0,0.0,UNOBSERVED_BODY_ENVELOPE,0.7110185571230425,0,2,0,0,24
26.683333333333334,-56.80193922883643,-10.452042164884023,1.5061634207784422,0.0,0.0,0.0,1.0,0.0,0.0,UNOBSERVED_BODY_ENVELOPE,0.7110185571230425,0,2,0,0,24
26.7,-56.80193922883643,-10.452042164884023,1.5061634207784422,0.0,0.0,0.0,1.0,0.0,0.0,UNOBSERVED_BODY_ENVELOPE,0.7110185571230425,0,2,0,0,24
26.716666666666665,-56.80193922883643,-10.452042164884023,1.5061634207784422,0.0,0.0,0.0,1.0,0.0,0.0,UNOBSERVED_BODY_ENVELOPE,0.7110185571230425,0,2,0,0,24
26.733333333333334,-56.80193922883643,-10.452042164884023,1.5061634207784422,0.0,0.0,0.0,1.0,0.0,0.0,UNOBSERVED_BODY_ENVELOPE,0.7110185571230425,0,2,0,0,24
26.75,-56.80193922883643,-10.452042164884023,1.5061634207784422,0.0,0.0,0.0,1.0,0.0,0.0,UNOBSERVED_BODY_ENVELOPE,0.7110185571230425,0,2,0,0,24
26.766666666666666,-56.80193922883643,-10.452042164884023,1.5061634207784422,0.0,0.0,0.0,1.0,0.0,0.0,UNOBSERVED_BODY_ENVELOPE,0.7110185571230425,0,2,0,0,24
26.783333333333335,-56.80193922883643,-10.452042164884023,1.5061634207784422,0.0,0.0,0.0,1.0,0.0,0.0,UNOBSERVED_BODY_ENVELOPE,0.7110185571230425,0,2,0,0,24
26.8,-56.80193922883643,-10.452042164884023,1.5061634207784422,0.0,0.0,0.0,1.0,0.0,0.0,UNOBSERVED_BODY_ENVELOPE,0.7110185571230425,0,2,0,0,24
26.816666666666666,-56.80193922883643,-10.452042164884023,1.5061634207784422,0.0,0.0,0.0,1.0,0.0,0.0,UNOBSERVED_BODY_ENVELOPE,0.7110185571230425,0,2,0,0,24
26.833333333333332,-56.80193922883643,-10.452042164884023,1.5061634207784422,0.0,0.0,0.0,1.0,0.0,0.0,UNOBSERVED_BODY_ENVELOPE,0.7110185571230425,0,2,0,0,24
26.85,-56.80193922883643,-10.452042164884023,1.5061634207784422,0.0,0.0,0.0,1.0,0.0,0.0,UNOBSERVED_BODY_ENVELOPE,0.7110185571230425,0,2,0,0,24
26.866666666666667,-56.80193922883643,-10.452042164884023,1.5061634207784422,0.0,0.0,0.0,1.0,0.0,0.0,UNOBSERVED_BODY_ENVELOPE,0.7110185571230425,0,2,0,0,24
26.883333333333333,-56.80193922883643,-10.452042164884023,1.5061634207784422,0.0,0.0,0.0,1.0,0.0,0.0,UNOBSERVED_BODY_ENVELOPE,0.7110185571230425,0,2,0,0,24
26.9,-56.80193922883643,-10.452042164884023,1.5061634207784422,0.0,0.0,0.0,1.0,0.0,0.0,UNOBSERVED_BODY_ENVELOPE,0.7110185571230425,0,2,0,0,24
26.916666666666668,-56.80193922883643,-10.452042164884023,1.5061634207784422,0.0,0.0,0.0,1.0,0.0,0.0,UNOBSERVED_BODY_ENVELOPE,0.7110185571230425,0,2,0,0,24
26.933333333333334,-56.80193922883643,-10.452042164884023,1.5061634207784422,0.0,0.0,0.0,1.0,0.0,0.0,UNOBSERVED_BODY_ENVELOPE,0.7110185571230425,0,2,0,0,24
26.95,-56.80193922883643,-10.452042164884023,1.5061634207784422,0.0,0.0,0.0,1.0,0.0,0.0,UNOBSERVED_BODY_ENVELOPE,0.7110185571230425,0,2,0,0,24
26.966666666666665,-56.80193922883643,-10.452042164884023,1.5061634207784422,0.0,0.0,0.0,1.0,0.0,0.0,UNOBSERVED_BODY_ENVELOPE,0.7110185571230425,0,2,0,0,24
26.983333333333334,-56.80193922883643,-10.452042164884023,1.5061634207784422,0.0,0.0,0.0,1.0,0.0,0.0,UNOBSERVED_BODY_ENVELOPE,0.7110185571230425,0,2,0,0,24
27.0,-56.80193922883643,-10.452042164884023,1.5061634207784422,0.0,0.0,0.0,1.0,0.0,0.0,UNOBSERVED_BODY_ENVELOPE,0.7110185571230425,0,2,0,0,24
27.016666666666666,-56.80193922883643,-10.452042164884023,1.5061634207784422,0.0,0.0,0.0,1.0,0.0,0.0,UNOBSERVED_BODY_ENVELOPE,0.7110185571230425,0,2,0,0,24
27.033333333333335,-56.80193922883643,-10.452042164884023,1.5061634207784422,0.0,0.0,0.0,1.0,0.0,0.0,UNOBSERVED_BODY_ENVELOPE,0.7110185571230425,0,2,0,0,24
27.05,-56.80193922883643,-10.452042164884023,1.5061634207784422,0.0,0.0,0.0,1.0,0.0,0.0,UNOBSERVED_BODY_ENVELOPE,0.7110185571230425,0,2,0,0,24
27.066666666666666,-56.80193922883643,-10.452042164884023,1.5061634207784422,0.0,0.0,0.0,1.0,0.0,0.0,UNOBSERVED_BODY_ENVELOPE,0.7110185571230425,0,2,0,0,24
27.083333333333332,-56.80193922883643,-10.452042164884023,1.5061634207784422,0.0,0.0,0.0,1.0,0.0,0.0,UNOBSERVED_BODY_ENVELOPE,0.7110185571230425,0,2,0,0,24
27.1,-56.80193922883643,-10.452042164884023,1.5061634207784422,0.0,0.0,0.0,1.0,0.0,0.0,UNOBSERVED_BODY_ENVELOPE,0.7110185571230425,0,2,0,0,24
27.116666666666667,-56.80193922883643,-10.452042164884023,1.5061634207784422,0.0,0.0,0.0,1.0,0.0,0.0,UNOBSERVED_BODY_ENVELOPE,0.7110185571230425,0,2,0,0,24
27.133333333333333,-56.80193922883643,-10.452042164884023,1.5061634207784422,0.0,0.0,0.0,1.0,0.0,0.0,UNOBSERVED_BODY_ENVELOPE,0.7110185571230425,0,2,0,0,24
27.15,-56.80193922883643,-10.452042164884023,1.5061634207784422,0.0,0.0,0.0,1.0,0.0,0.0,UNOBSERVED_BODY_ENVELOPE,0.7110185571230425,0,2,0,0,24
27.166666666666668,-56.80193922883643,-10.452042164884023,1.5061634207784422,0.0,0.0,0.0,1.0,0.0,0.0,UNOBSERVED_BODY_ENVELOPE,0.7110185571230425,0,2,0,0,24
27.183333333333334,-56.80193922883643,-10.452042164884023,1.5061634207784422,0.0,0.0,0.0,1.0,0.0,0.0,UNOBSERVED_BODY_ENVELOPE,0.7110185571230425,0,2,0,0,24
27.2,-56.80193922883643,-10.452042164884023,1.5061634207784422,0.0,0.0,0.0,1.0,0.0,0.0,UNOBSERVED_BODY_ENVELOPE,0.7110185571230425,0,2,0,0,24
27.216666666666665,-56.80193922883643,-10.452042164884023,1.5061634207784422,0.0,0.0,0.0,1.0,0.0,0.0,UNOBSERVED_BODY_ENVELOPE,0.7110185571230425,0,2,0,0,24
27.233333333333334,-56.80193922883643,-10.452042164884023,1.5061634207784422,0.0,0.0,0.0,1.0,0.0,0.0,UNOBSERVED_BODY_ENVELOPE,0.7110185571230425,0,2,0,0,24
27.25,-56.80193922883643,-10.452042164884023,1.5061634207784422,0.0,0.0,0.0,1.0,0.0,0.0,UNOBSERVED_BODY_ENVELOPE,0.7110185571230425,0,2,0,0,24
27.266666666666666,-56.80193922883643,-10.452042164884023,1.5061634207784422,0.0,0.0,0.0,1.0,0.0,0.0,UNOBSERVED_BODY_ENVELOPE,0.7110185571230425,0,2,0,0,24
27.283333333333335,-56.80193922883643,-10.452042164884023,1.5061634207784422,0.0,0.0,0.0,1.0,0.0,0.0,UNOBSERVED_BODY_ENVELOPE,0.7110185571230425,0,2,0,0,24
27.3,-56.80193922883643,-10.452042164884023,1.5061634207784422,0.0,0.0,0.0,1.0,0.0,0.0,UNOBSERVED_BODY_ENVELOPE,0.7110185571230425,0,2,0,0,24
27.316666666666666,-56.80193922883643,-10.452042164884023,1.5061634207784422,0.0,0.0,0.0,1.0,0.0,0.0,UNOBSERVED_BODY_ENVELOPE,0.7110185571230425,0,2,0,0,24
27.333333333333332,-56.80193922883643,-10.452042164884023,1.5061634207784422,0.0,0.0,0.0,1.0,0.0,0.0,UNOBSERVED_BODY_ENVELOPE,0.7110185571230425,0,2,0,0,24
27.35,-56.80193922883643,-10.452042164884023,1.5061634207784422,0.0,0.0,0.0,1.0,0.0,0.0,UNOBSERVED_BODY_ENVELOPE,0.7110185571230425,0,2,0,0,24
27.366666666666667,-56.80193922883643,-10.452042164884023,1.5061634207784422,0.0,0.0,0.0,1.0,0.0,0.0,UNOBSERVED_BODY_ENVELOPE,0.7110185571230425,0,2,0,0,24
27.383333333333333,-56.80193922883643,-10.452042164884023,1.5061634207784422,0.0,0.0,0.0,1.0,0.0,0.0,UNOBSERVED_BODY_ENVELOPE,0.7110185571230425,0,2,0,0,24
27.4,-56.80193922883643,-10.452042164884023,1.5061634207784422,0.0,0.0,0.0,1.0,0.0,0.0,UNOBSERVED_BODY_ENVELOPE,0.7110185571230425,0,2,0,0,24
27.416666666666668,-56.80193922883643,-10.452042164884023,1.5061634207784422,0.0,0.0,0.0,1.0,0.0,0.0,UNOBSERVED_BODY_ENVELOPE,0.7110185571230425,0,2,0,0,24
27.433333333333334,-56.80193922883643,-10.452042164884023,1.5061634207784422,0.0,0.0,0.0,1.0,0.0,0.0,UNOBSERVED_BODY_ENVELOPE,0.7110185571230425,0,2,0,0,24
27.45,-56.80193922883643,-10.452042164884023,1.5061634207784422,0.0,0.0,0.0,1.0,0.0,0.0,UNOBSERVED_BODY_ENVELOPE,0.7110185571230425,0,2,0,0,24
27.466666666666665,-56.80193922883643,-10.452042164884023,1.5061634207784422,0.0,0.0,0.0,1.0,0.0,0.0,UNOBSERVED_BODY_ENVELOPE,0.7110185571230425,0,2,0,0,24
27.483333333333334,-56.80193922883643,-10.452042164884023,1.5061634207784422,0.0,0.0,0.0,1.0,0.0,0.0,UNOBSERVED_BODY_ENVELOPE,0.7110185571230425,0,2,0,0,24
27.5,-56.80193922883643,-10.452042164884023,1.5061634207784422,0.0,0.0,0.0,1.0,0.0,0.0,UNOBSERVED_BODY_ENVELOPE,0.7110185571230425,0,2,0,0,24
27.516666666666666,-56.80193922883643,-10.452042164884023,1.5061634207784422,0.0,0.0,0.0,1.0,0.0,0.0,UNOBSERVED_BODY_ENVELOPE,0.7110185571230425,0,2,0,0,24
27.533333333333335,-56.80193922883643,-10.452042164884023,1.5061634207784422,0.0,0.0,0.0,1.0,0.0,0.0,UNOBSERVED_BODY_ENVELOPE,0.7110185571230425,0,2,0,0,24
27.55,-56.80193922883643,-10.452042164884023,1.5061634207784422,0.0,0.0,0.0,1.0,0.0,0.0,UNOBSERVED_BODY_ENVELOPE,0.7110185571230425,0,2,0,0,24
27.566666666666666,-56.80193922883643,-10.452042164884023,1.5061634207784422,0.0,0.0,0.0,1.0,0.0,0.0,UNOBSERVED_BODY_ENVELOPE,0.7110185571230425,0,2,0,0,24
27.583333333333332,-56.80193922883643,-10.452042164884023,1.5061634207784422,0.0,0.0,0.0,1.0,0.0,0.0,UNOBSERVED_BODY_ENVELOPE,0.7110185571230425,0,2,0,0,24
27.6,-56.80193922883643,-10.452042164884023,1.5061634207784422,0.0,0.0,0.0,1.0,0.0,0.0,UNOBSERVED_BODY_ENVELOPE,0.7110185571230425,0,2,0,0,24
27.616666666666667,-56.80193922883643,-10.452042164884023,1.5061634207784422,0.0,0.0,0.0,1.0,0.0,0.0,UNOBSERVED_BODY_ENVELOPE,0.7110185571230425,0,2,0,0,24
27.633333333333333,-56.80193922883643,-10.452042164884023,1.5061634207784422,0.0,0.0,0.0,1.0,0.0,0.0,UNOBSERVED_BODY_ENVELOPE,0.7110185571230425,0,2,0,0,24
27.65,-56.80193922883643,-10.452042164884023,1.5061634207784422,0.0,0.0,0.0,1.0,0.0,0.0,UNOBSERVED_BODY_ENVELOPE,0.7110185571230425,0,2,0,0,24
27.666666666666668,-56.80193922883643,-10.452042164884023,1.5061634207784422,0.0,0.0,0.0,1.0,0.0,0.0,UNOBSERVED_BODY_ENVELOPE,0.7110185571230425,0,2,0,0,24
27.683333333333334,-56.80193922883643,-10.452042164884023,1.5061634207784422,0.0,0.0,0.0,1.0,0.0,0.0,UNOBSERVED_BODY_ENVELOPE,0.7110185571230425,0,2,0,0,24
27.7,-56.80193922883643,-10.452042164884023,1.5061634207784422,0.0,0.0,0.0,1.0,0.0,0.0,UNOBSERVED_BODY_ENVELOPE,0.7110185571230425,0,2,0,0,24
27.716666666666665,-56.80193922883643,-10.452042164884023,1.5061634207784422,0.0,0.0,0.0,1.0,0.0,0.0,UNOBSERVED_BODY_ENVELOPE,0.7110185571230425,0,2,0,0,24
27.733333333333334,-56.80193922883643,-10.452042164884023,1.5061634207784422,0.0,0.0,0.0,1.0,0.0,0.0,UNOBSERVED_BODY_ENVELOPE,0.7110185571230425,0,2,0,0,24
27.75,-56.80193922883643,-10.452042164884023,1.5061634207784422,0.0,0.0,0.0,1.0,0.0,0.0,UNOBSERVED_BODY_ENVELOPE,0.7110185571230425,0,2,0,0,24
27.766666666666666,-56.80193922883643,-10.452042164884023,1.5061634207784422,0.0,0.0,0.0,1.0,0.0,0.0,UNOBSERVED_BODY_ENVELOPE,0.7110185571230425,0,2,0,0,24
27.783333333333335,-56.80193922883643,-10.452042164884023,1.5061634207784422,0.0,0.0,0.0,1.0,0.0,0.0,UNOBSERVED_BODY_ENVELOPE,0.7110185571230425,0,2,0,0,24
27.8,-56.80193922883643,-10.452042164884023,1.5061634207784422,0.0,0.0,0.0,1.0,0.0,0.0,UNOBSERVED_BODY_ENVELOPE,0.7110185571230425,0,2,0,0,24
27.816666666666666,-56.80193922883643,-10.452042164884023,1.5061634207784422,0.0,0.0,0.0,1.0,0.0,0.0,UNOBSERVED_BODY_ENVELOPE,0.7110185571230425,0,2,0,0,24
27.833333333333332,-56.80193922883643,-10.452042164884023,1.5061634207784422,0.0,0.0,0.0,1.0,0.0,0.0,UNOBSERVED_BODY_ENVELOPE,0.7110185571230425,0,2,0,0,24
27.85,-56.80193922883643,-10.452042164884023,1.5061634207784422,0.0,0.0,0.0,1.0,0.0,0.0,UNOBSERVED_BODY_ENVELOPE,0.7110185571230425,0,2,0,0,24
27.866666666666667,-56.80193922883643,-10.452042164884023,1.5061634207784422,0.0,0.0,0.0,1.0,0.0,0.0,UNOBSERVED_BODY_ENVELOPE,0.7110185571230425,0,2,0,0,24
27.883333333333333,-56.80193922883643,-10.452042164884023,1.5061634207784422,0.0,0.0,0.0,1.0,0.0,0.0,UNOBSERVED_BODY_ENVELOPE,0.7110185571230425,0,2,0,0,24
27.9,-56.80193922883643,-10.452042164884023,1.5061634207784422,0.0,0.0,0.0,1.0,0.0,0.0,UNOBSERVED_BODY_ENVELOPE,0.7110185571230425,0,2,0,0,24
27.916666666666668,-56.80193922883643,-10.452042164884023,1.5061634207784422,0.0,0.0,0.0,1.0,0.0,0.0,UNOBSERVED_BODY_ENVELOPE,0.7110185571230425,0,2,0,0,24
27.933333333333334,-56.80193922883643,-10.452042164884023,1.5061634207784422,0.0,0.0,0.0,1.0,0.0,0.0,UNOBSERVED_BODY_ENVELOPE,0.7110185571230425,0,2,0,0,24
27.95,-56.80193922883643,-10.452042164884023,1.5061634207784422,0.0,0.0,0.0,1.0,0.0,0.0,UNOBSERVED_BODY_ENVELOPE,0.7110185571230425,0,2,0,0,24
27.966666666666665,-56.80193922883643,-10.452042164884023,1.5061634207784422,0.0,0.0,0.0,1.0,0.0,0.0,UNOBSERVED_BODY_ENVELOPE,0.7110185571230425,0,2,0,0,24
27.983333333333334,-56.80193922883643,-10.452042164884023,1.5061634207784422,0.0,0.0,0.0,1.0,0.0,0.0,UNOBSERVED_BODY_ENVELOPE,0.7110185571230425,0,2,0,0,24
28.0,-56.80193922883643,-10.452042164884023,1.5061634207784422,0.0,0.0,0.0,1.0,0.0,0.0,UNOBSERVED_BODY_ENVELOPE,0.7110185571230425,0,2,0,0,24
28.016666666666666,-56.80193922883643,-10.452042164884023,1.5061634207784422,0.0,0.0,0.0,1.0,0.0,0.0,UNOBSERVED_BODY_ENVELOPE,0.7110185571230425,0,2,0,0,24
28.033333333333335,-56.80193922883643,-10.452042164884023,1.5061634207784422,0.0,0.0,0.0,1.0,0.0,0.0,UNOBSERVED_BODY_ENVELOPE,0.7110185571230425,0,2,0,0,24
28.05,-56.80193922883643,-10.452042164884023,1.5061634207784422,0.0,0.0,0.0,1.0,0.0,0.0,UNOBSERVED_BODY_ENVELOPE,0.7110185571230425,0,2,0,0,24
28.066666666666666,-56.80193922883643,-10.452042164884023,1.5061634207784422,0.0,0.0,0.0,1.0,0.0,0.0,UNOBSERVED_BODY_ENVELOPE,0.7110185571230425,0,2,0,0,24
28.083333333333332,-56.80193922883643,-10.452042164884023,1.5061634207784422,0.0,0.0,0.0,1.0,0.0,0.0,UNOBSERVED_BODY_ENVELOPE,0.7110185571230425,0,2,0,0,24
28.1,-56.80193922883643,-10.452042164884023,1.5061634207784422,0.0,0.0,0.0,1.0,0.0,0.0,UNOBSERVED_BODY_ENVELOPE,0.7110185571230425,0,2,0,0,24
28.116666666666667,-56.80193922883643,-10.452042164884023,1.5061634207784422,0.0,0.0,0.0,1.0,0.0,0.0,UNOBSERVED_BODY_ENVELOPE,0.7110185571230425,0,2,0,0,24
28.133333333333333,-56.80193922883643,-10.452042164884023,1.5061634207784422,0.0,0.0,0.0,1.0,0.0,0.0,UNOBSERVED_BODY_ENVELOPE,0.7110185571230425,0,2,0,0,24
28.15,-56.80193922883643,-10.452042164884023,1.5061634207784422,0.0,0.0,0.0,1.0,0.0,0.0,UNOBSERVED_BODY_ENVELOPE,0.7110185571230425,0,2,0,0,24
28.166666666666668,-56.80193922883643,-10.452042164884023,1.5061634207784422,0.0,0.0,0.0,1.0,0.0,0.0,UNOBSERVED_BODY_ENVELOPE,0.7110185571230425,0,2,0,0,24
28.183333333333334,-56.80193922883643,-10.452042164884023,1.5061634207784422,0.0,0.0,0.0,1.0,0.0,0.0,UNOBSERVED_BODY_ENVELOPE,0.7110185571230425,0,2,0,0,24
28.2,-56.80193922883643,-10.452042164884023,1.5061634207784422,0.0,0.0,0.0,1.0,0.0,0.0,UNOBSERVED_BODY_ENVELOPE,0.7110185571230425,0,2,0,0,24
28.216666666666665,-56.80193922883643,-10.452042164884023,1.5061634207784422,0.0,0.0,0.0,1.0,0.0,0.0,UNOBSERVED_BODY_ENVELOPE,0.7110185571230425,0,2,0,0,24
28.233333333333334,-56.80193922883643,-10.452042164884023,1.5061634207784422,0.0,0.0,0.0,1.0,0.0,0.0,UNOBSERVED_BODY_ENVELOPE,0.7110185571230425,0,2,0,0,24
28.25,-56.80193922883643,-10.452042164884023,1.5061634207784422,0.0,0.0,0.0,1.0,0.0,0.0,UNOBSERVED_BODY_ENVELOPE,0.7110185571230425,0,2,0,0,24
28.266666666666666,-56.80193922883643,-10.452042164884023,1.5061634207784422,0.0,0.0,0.0,1.0,0.0,0.0,UNOBSERVED_BODY_ENVELOPE,0.7110185571230425,0,2,0,0,24
28.283333333333335,-56.80193922883643,-10.452042164884023,1.5061634207784422,0.0,0.0,0.0,1.0,0.0,0.0,UNOBSERVED_BODY_ENVELOPE,0.7110185571230425,0,2,0,0,24
28.3,-56.80193922883643,-10.452042164884023,1.5061634207784422,0.0,0.0,0.0,1.0,0.0,0.0,UNOBSERVED_BODY_ENVELOPE,0.7110185571230425,0,2,0,0,24
28.316666666666666,-56.80193922883643,-10.452042164884023,1.5061634207784422,0.0,0.0,0.0,1.0,0.0,0.0,UNOBSERVED_BODY_ENVELOPE,0.7110185571230425,0,2,0,0,24
28.333333333333332,-56.80193922883643,-10.452042164884023,1.5061634207784422,0.0,0.0,0.0,1.0,0.0,0.0,UNOBSERVED_BODY_ENVELOPE,0.7110185571230425,0,2,0,0,24
28.35,-56.80193922883643,-10.452042164884023,1.5061634207784422,0.0,0.0,0.0,1.0,0.0,0.0,UNOBSERVED_BODY_ENVELOPE,0.7110185571230425,0,2,0,0,24
28.366666666666667,-56.80193922883643,-10.452042164884023,1.5061634207784422,0.0,0.0,0.0,1.0,0.0,0.0,UNOBSERVED_BODY_ENVELOPE,0.7110185571230425,0,2,0,0,24
28.383333333333333,-56.80193922883643,-10.452042164884023,1.5061634207784422,0.0,0.0,0.0,1.0,0.0,0.0,UNOBSERVED_BODY_ENVELOPE,0.7110185571230425,0,2,0,0,24
28.4,-56.80193922883643,-10.452042164884023,1.5061634207784422,0.0,0.0,0.0,1.0,0.0,0.0,UNOBSERVED_BODY_ENVELOPE,0.7110185571230425,0,2,0,0,24
28.416666666666668,-56.80193922883643,-10.452042164884023,1.5061634207784422,0.0,0.0,0.0,1.0,0.0,0.0,UNOBSERVED_BODY_ENVELOPE,0.7110185571230425,0,2,0,0,24
28.433333333333334,-56.80193922883643,-10.452042164884023,1.5061634207784422,0.0,0.0,0.0,1.0,0.0,0.0,UNOBSERVED_BODY_ENVELOPE,0.7110185571230425,0,2,0,0,24
28.45,-56.80193922883643,-10.452042164884023,1.5061634207784422,0.0,0.0,0.0,1.0,0.0,0.0,UNOBSERVED_BODY_ENVELOPE,0.7110185571230425,0,2,0,0,24
28.466666666666665,-56.80193922883643,-10.452042164884023,1.5061634207784422,0.0,0.0,0.0,1.0,0.0,0.0,UNOBSERVED_BODY_ENVELOPE,0.7110185571230425,0,2,0,0,24
28.483333333333334,-56.80193922883643,-10.452042164884023,1.5061634207784422,0.0,0.0,0.0,1.0,0.0,0.0,UNOBSERVED_BODY_ENVELOPE,0.7110185571230425,0,2,0,0,24
28.5,-56.80193922883643,-10.452042164884023,1.5061634207784422,0.0,0.0,0.0,1.0,0.0,0.0,UNOBSERVED_BODY_ENVELOPE,0.7110185571230425,0,2,0,0,24
28.516666666666666,-56.80193922883643,-10.452042164884023,1.5061634207784422,0.0,0.0,0.0,1.0,0.0,0.0,UNOBSERVED_BODY_ENVELOPE,0.7110185571230425,0,2,0,0,24
28.533333333333335,-56.80193922883643,-10.452042164884023,1.5061634207784422,0.0,0.0,0.0,1.0,0.0,0.0,UNOBSERVED_BODY_ENVELOPE,0.7110185571230425,0,2,0,0,24
28.55,-56.80193922883643,-10.452042164884023,1.5061634207784422,0.0,0.0,0.0,1.0,0.0,0.0,UNOBSERVED_BODY_ENVELOPE,0.7110185571230425,0,2,0,0,24
28.566666666666666,-56.80193922883643,-10.452042164884023,1.5061634207784422,0.0,0.0,0.0,1.0,0.0,0.0,UNOBSERVED_BODY_ENVELOPE,0.7110185571230425,0,2,0,0,24
28.583333333333332,-56.80193922883643,-10.452042164884023,1.5061634207784422,0.0,0.0,0.0,1.0,0.0,0.0,UNOBSERVED_BODY_ENVELOPE,0.7110185571230425,0,2,0,0,24
28.6,-56.80193922883643,-10.452042164884023,1.5061634207784422,0.0,0.0,0.0,1.0,0.0,0.0,UNOBSERVED_BODY_ENVELOPE,0.7110185571230425,0,2,0,0,24
28.616666666666667,-56.80193922883643,-10.452042164884023,1.5061634207784422,0.0,0.0,0.0,1.0,0.0,0.0,UNOBSERVED_BODY_ENVELOPE,0.7110185571230425,0,2,0,0,24
28.633333333333333,-56.80193922883643,-10.452042164884023,1.5061634207784422,0.0,0.0,0.0,1.0,0.0,0.0,UNOBSERVED_BODY_ENVELOPE,0.7110185571230425,0,2,0,0,24
28.65,-56.80193922883643,-10.452042164884023,1.5061634207784422,0.0,0.0,0.0,1.0,0.0,0.0,UNOBSERVED_BODY_ENVELOPE,0.7110185571230425,0,2,0,0,24
28.666666666666668,-56.80193922883643,-10.452042164884023,1.5061634207784422,0.0,0.0,0.0,1.0,0.0,0.0,UNOBSERVED_BODY_ENVELOPE,0.7110185571230425,0,2,0,0,24
28.683333333333334,-56.80193922883643,-10.452042164884023,1.5061634207784422,0.0,0.0,0.0,1.0,0.0,0.0,UNOBSERVED_BODY_ENVELOPE,0.7110185571230425,0,2,0,0,24
28.7,-56.80193922883643,-10.452042164884023,1.5061634207784422,0.0,0.0,0.0,1.0,0.0,0.0,UNOBSERVED_BODY_ENVELOPE,0.7110185571230425,0,2,0,0,24
28.716666666666665,-56.80193922883643,-10.452042164884023,1.5061634207784422,0.0,0.0,0.0,1.0,0.0,0.0,UNOBSERVED_BODY_ENVELOPE,0.7110185571230425,0,2,0,0,24
28.733333333333334,-56.80193922883643,-10.452042164884023,1.5061634207784422,0.0,0.0,0.0,1.0,0.0,0.0,UNOBSERVED_BODY_ENVELOPE,0.7110185571230425,0,2,0,0,24
28.75,-56.80193922883643,-10.452042164884023,1.5061634207784422,0.0,0.0,0.0,1.0,0.0,0.0,UNOBSERVED_BODY_ENVELOPE,0.7110185571230425,0,2,0,0,24
28.766666666666666,-56.80193922883643,-10.452042164884023,1.5061634207784422,0.0,0.0,0.0,1.0,0.0,0.0,UNOBSERVED_BODY_ENVELOPE,0.7110185571230425,0,2,0,0,24
28.783333333333335,-56.80193922883643,-10.452042164884023,1.5061634207784422,0.0,0.0,0.0,1.0,0.0,0.0,UNOBSERVED_BODY_ENVELOPE,0.7110185571230425,0,2,0,0,24
28.8,-56.80193922883643,-10.452042164884023,1.5061634207784422,0.0,0.0,0.0,1.0,0.0,0.0,UNOBSERVED_BODY_ENVELOPE,0.7110185571230425,0,2,0,0,24
28.816666666666666,-56.80193922883643,-10.452042164884023,1.5061634207784422,0.0,0.0,0.0,1.0,0.0,0.0,UNOBSERVED_BODY_ENVELOPE,0.7110185571230425,0,2,0,0,24
28.833333333333332,-56.80193922883643,-10.452042164884023,1.5061634207784422,0.0,0.0,0.0,1.0,0.0,0.0,UNOBSERVED_BODY_ENVELOPE,0.7110185571230425,0,2,0,0,24
28.85,-56.80193922883643,-10.452042164884023,1.5061634207784422,0.0,0.0,0.0,1.0,0.0,0.0,UNOBSERVED_BODY_ENVELOPE,0.7110185571230425,0,2,0,0,24
28.866666666666667,-56.80193922883643,-10.452042164884023,1.5061634207784422,0.0,0.0,0.0,1.0,0.0,0.0,UNOBSERVED_BODY_ENVELOPE,0.7110185571230425,0,2,0,0,24
28.883333333333333,-56.80193922883643,-10.452042164884023,1.5061634207784422,0.0,0.0,0.0,1.0,0.0,0.0,UNOBSERVED_BODY_ENVELOPE,0.7110185571230425,0,2,0,0,24
28.9,-56.80193922883643,-10.452042164884023,1.5061634207784422,0.0,0.0,0.0,1.0,0.0,0.0,UNOBSERVED_BODY_ENVELOPE,0.7110185571230425,0,2,0,0,24
28.916666666666668,-56.80193922883643,-10.452042164884023,1.5061634207784422,0.0,0.0,0.0,1.0,0.0,0.0,UNOBSERVED_BODY_ENVELOPE,0.7110185571230425,0,2,0,0,24
28.933333333333334,-56.80193922883643,-10.452042164884023,1.5061634207784422,0.0,0.0,0.0,1.0,0.0,0.0,UNOBSERVED_BODY_ENVELOPE,0.7110185571230425,0,2,0,0,24
28.95,-56.80193922883643,-10.452042164884023,1.5061634207784422,0.0,0.0,0.0,1.0,0.0,0.0,UNOBSERVED_BODY_ENVELOPE,0.7110185571230425,0,2,0,0,24
28.966666666666665,-56.80193922883643,-10.452042164884023,1.5061634207784422,0.0,0.0,0.0,1.0,0.0,0.0,UNOBSERVED_BODY_ENVELOPE,0.7110185571230425,0,2,0,0,24
28.983333333333334,-56.80193922883643,-10.452042164884023,1.5061634207784422,0.0,0.0,0.0,1.0,0.0,0.0,UNOBSERVED_BODY_ENVELOPE,0.7110185571230425,0,2,0,0,24
29.0,-56.80193922883643,-10.452042164884023,1.5061634207784422,0.0,0.0,0.0,1.0,0.0,0.0,UNOBSERVED_BODY_ENVELOPE,0.7110185571230425,0,2,0,0,24
29.016666666666666,-56.80193922883643,-10.452042164884023,1.5061634207784422,0.0,0.0,0.0,1.0,0.0,0.0,UNOBSERVED_BODY_ENVELOPE,0.7110185571230425,0,2,0,0,24
29.033333333333335,-56.80193922883643,-10.452042164884023,1.5061634207784422,0.0,0.0,0.0,1.0,0.0,0.0,UNOBSERVED_BODY_ENVELOPE,0.7110185571230425,0,2,0,0,24
29.05,-56.80193922883643,-10.452042164884023,1.5061634207784422,0.0,0.0,0.0,1.0,0.0,0.0,UNOBSERVED_BODY_ENVELOPE,0.7110185571230425,0,2,0,0,24
29.066666666666666,-56.80193922883643,-10.452042164884023,1.5061634207784422,0.0,0.0,0.0,1.0,0.0,0.0,UNOBSERVED_BODY_ENVELOPE,0.7110185571230425,0,2,0,0,24
29.083333333333332,-56.80193922883643,-10.452042164884023,1.5061634207784422,0.0,0.0,0.0,1.0,0.0,0.0,UNOBSERVED_BODY_ENVELOPE,0.7110185571230425,0,2,0,0,24
29.1,-56.80193922883643,-10.452042164884023,1.5061634207784422,0.0,0.0,0.0,1.0,0.0,0.0,UNOBSERVED_BODY_ENVELOPE,0.7110185571230425,0,2,0,0,24
29.116666666666667,-56.80193922883643,-10.452042164884023,1.5061634207784422,0.0,0.0,0.0,1.0,0.0,0.0,UNOBSERVED_BODY_ENVELOPE,0.7110185571230425,0,2,0,0,24
29.133333333333333,-56.80193922883643,-10.452042164884023,1.5061634207784422,0.0,0.0,0.0,1.0,0.0,0.0,UNOBSERVED_BODY_ENVELOPE,0.7110185571230425,0,2,0,0,24
29.15,-56.80193922883643,-10.452042164884023,1.5061634207784422,0.0,0.0,0.0,1.0,0.0,0.0,UNOBSERVED_BODY_ENVELOPE,0.7110185571230425,0,2,0,0,24
29.166666666666668,-56.80193922883643,-10.452042164884023,1.5061634207784422,0.0,0.0,0.0,1.0,0.0,0.0,UNOBSERVED_BODY_ENVELOPE,0.7110185571230425,0,2,0,0,24
29.183333333333334,-56.80193922883643,-10.452042164884023,1.5061634207784422,0.0,0.0,0.0,1.0,0.0,0.0,UNOBSERVED_BODY_ENVELOPE,0.7110185571230425,0,2,0,0,24
29.2,-56.80193922883643,-10.452042164884023,1.5061634207784422,0.0,0.0,0.0,1.0,0.0,0.0,UNOBSERVED_BODY_ENVELOPE,0.7110185571230425,0,2,0,0,24
29.216666666666665,-56.80193922883643,-10.452042164884023,1.5061634207784422,0.0,0.0,0.0,1.0,0.0,0.0,UNOBSERVED_BODY_ENVELOPE,0.7110185571230425,0,2,0,0,24
29.233333333333334,-56.80193922883643,-10.452042164884023,1.5061634207784422,0.0,0.0,0.0,1.0,0.0,0.0,UNOBSERVED_BODY_ENVELOPE,0.7110185571230425,0,2,0,0,24
29.25,-56.80193922883643,-10.452042164884023,1.5061634207784422,0.0,0.0,0.0,1.0,0.0,0.0,UNOBSERVED_BODY_ENVELOPE,0.7110185571230425,0,2,0,0,24
29.266666666666666,-56.80193922883643,-10.452042164884023,1.5061634207784422,0.0,0.0,0.0,1.0,0.0,0.0,UNOBSERVED_BODY_ENVELOPE,0.7110185571230425,0,2,0,0,24
29.283333333333335,-56.80193922883643,-10.452042164884023,1.5061634207784422,0.0,0.0,0.0,1.0,0.0,0.0,UNOBSERVED_BODY_ENVELOPE,0.7110185571230425,0,2,0,0,24
29.3,-56.80193922883643,-10.452042164884023,1.5061634207784422,0.0,0.0,0.0,1.0,0.0,0.0,UNOBSERVED_BODY_ENVELOPE,0.7110185571230425,0,2,0,0,24
29.316666666666666,-56.80193922883643,-10.452042164884023,1.5061634207784422,0.0,0.0,0.0,1.0,0.0,0.0,UNOBSERVED_BODY_ENVELOPE,0.7110185571230425,0,2,0,0,24
29.333333333333332,-56.80193922883643,-10.452042164884023,1.5061634207784422,0.0,0.0,0.0,1.0,0.0,0.0,UNOBSERVED_BODY_ENVELOPE,0.7110185571230425,0,2,0,0,24
29.35,-56.80193922883643,-10.452042164884023,1.5061634207784422,0.0,0.0,0.0,1.0,0.0,0.0,UNOBSERVED_BODY_ENVELOPE,0.7110185571230425,0,2,0,0,24
29.366666666666667,-56.80193922883643,-10.452042164884023,1.5061634207784422,0.0,0.0,0.0,1.0,0.0,0.0,UNOBSERVED_BODY_ENVELOPE,0.7110185571230425,0,2,0,0,24
29.383333333333333,-56.80193922883643,-10.452042164884023,1.5061634207784422,0.0,0.0,0.0,1.0,0.0,0.0,UNOBSERVED_BODY_ENVELOPE,0.7110185571230425,0,2,0,0,24
29.4,-56.80193922883643,-10.452042164884023,1.5061634207784422,0.0,0.0,0.0,1.0,0.0,0.0,UNOBSERVED_BODY_ENVELOPE,0.7110185571230425,0,2,0,0,24
29.416666666666668,-56.80193922883643,-10.452042164884023,1.5061634207784422,0.0,0.0,0.0,1.0,0.0,0.0,UNOBSERVED_BODY_ENVELOPE,0.7110185571230425,0,2,0,0,24
29.433333333333334,-56.80193922883643,-10.452042164884023,1.5061634207784422,0.0,0.0,0.0,1.0,0.0,0.0,UNOBSERVED_BODY_ENVELOPE,0.7110185571230425,0,2,0,0,24
29.45,-56.80193922883643,-10.452042164884023,1.5061634207784422,0.0,0.0,0.0,1.0,0.0,0.0,UNOBSERVED_BODY_ENVELOPE,0.7110185571230425,0,2,0,0,24
29.466666666666665,-56.80193922883643,-10.452042164884023,1.5061634207784422,0.0,0.0,0.0,1.0,0.0,0.0,UNOBSERVED_BODY_ENVELOPE,0.7110185571230425,0,2,0,0,24
29.483333333333334,-56.80193922883643,-10.452042164884023,1.5061634207784422,0.0,0.0,0.0,1.0,0.0,0.0,UNOBSERVED_BODY_ENVELOPE,0.7110185571230425,0,2,0,0,24
29.5,-56.80193922883643,-10.452042164884023,1.5061634207784422,0.0,0.0,0.0,1.0,0.0,0.0,UNOBSERVED_BODY_ENVELOPE,0.7110185571230425,0,2,0,0,24
29.516666666666666,-56.80193922883643,-10.452042164884023,1.5061634207784422,0.0,0.0,0.0,1.0,0.0,0.0,UNOBSERVED_BODY_ENVELOPE,0.7110185571230425,0,2,0,0,24
29.533333333333335,-56.80193922883643,-10.452042164884023,1.5061634207784422,0.0,0.0,0.0,1.0,0.0,0.0,UNOBSERVED_BODY_ENVELOPE,0.7110185571230425,0,2,0,0,24
29.55,-56.80193922883643,-10.452042164884023,1.5061634207784422,0.0,0.0,0.0,1.0,0.0,0.0,UNOBSERVED_BODY_ENVELOPE,0.7110185571230425,0,2,0,0,24
29.566666666666666,-56.80193922883643,-10.452042164884023,1.5061634207784422,0.0,0.0,0.0,1.0,0.0,0.0,UNOBSERVED_BODY_ENVELOPE,0.7110185571230425,0,2,0,0,24
29.583333333333332,-56.80193922883643,-10.452042164884023,1.5061634207784422,0.0,0.0,0.0,1.0,0.0,0.0,UNOBSERVED_BODY_ENVELOPE,0.7110185571230425,0,2,0,0,24
29.6,-56.80193922883643,-10.452042164884023,1.5061634207784422,0.0,0.0,0.0,1.0,0.0,0.0,UNOBSERVED_BODY_ENVELOPE,0.7110185571230425,0,2,0,0,24
29.616666666666667,-56.80193922883643,-10.452042164884023,1.5061634207784422,0.0,0.0,0.0,1.0,0.0,0.0,UNOBSERVED_BODY_ENVELOPE,0.7110185571230425,0,2,0,0,24
29.633333333333333,-56.80193922883643,-10.452042164884023,1.5061634207784422,0.0,0.0,0.0,1.0,0.0,0.0,UNOBSERVED_BODY_ENVELOPE,0.7110185571230425,0,2,0,0,24
29.65,-56.80193922883643,-10.452042164884023,1.5061634207784422,0.0,0.0,0.0,1.0,0.0,0.0,UNOBSERVED_BODY_ENVELOPE,0.7110185571230425,0,2,0,0,24
29.666666666666668,-56.80193922883643,-10.452042164884023,1.5061634207784422,0.0,0.0,0.0,1.0,0.0,0.0,UNOBSERVED_BODY_ENVELOPE,0.7110185571230425,0,2,0,0,24
29.683333333333334,-56.80193922883643,-10.452042164884023,1.5061634207784422,0.0,0.0,0.0,1.0,0.0,0.0,UNOBSERVED_BODY_ENVELOPE,0.7110185571230425,0,2,0,0,24
29.7,-56.80193922883643,-10.452042164884023,1.5061634207784422,0.0,0.0,0.0,1.0,0.0,0.0,UNOBSERVED_BODY_ENVELOPE,0.7110185571230425,0,2,0,0,24
29.716666666666665,-56.80193922883643,-10.452042164884023,1.5061634207784422,0.0,0.0,0.0,1.0,0.0,0.0,UNOBSERVED_BODY_ENVELOPE,0.7110185571230425,0,2,0,0,24
29.733333333333334,-56.80193922883643,-10.452042164884023,1.5061634207784422,0.0,0.0,0.0,1.0,0.0,0.0,UNOBSERVED_BODY_ENVELOPE,0.7110185571230425,0,2,0,0,24
29.75,-56.80193922883643,-10.452042164884023,1.5061634207784422,0.0,0.0,0.0,1.0,0.0,0.0,UNOBSERVED_BODY_ENVELOPE,0.7110185571230425,0,2,0,0,24
29.766666666666666,-56.80193922883643,-10.452042164884023,1.5061634207784422,0.0,0.0,0.0,1.0,0.0,0.0,UNOBSERVED_BODY_ENVELOPE,0.7110185571230425,0,2,0,0,24
29.783333333333335,-56.80193922883643,-10.452042164884023,1.5061634207784422,0.0,0.0,0.0,1.0,0.0,0.0,UNOBSERVED_BODY_ENVELOPE,0.7110185571230425,0,2,0,0,24
29.8,-56.80193922883643,-10.452042164884023,1.5061634207784422,0.0,0.0,0.0,1.0,0.0,0.0,UNOBSERVED_BODY_ENVELOPE,0.7110185571230425,0,2,0,0,24
29.816666666666666,-56.80193922883643,-10.452042164884023,1.5061634207784422,0.0,0.0,0.0,1.0,0.0,0.0,UNOBSERVED_BODY_ENVELOPE,0.7110185571230425,0,2,0,0,24
29.833333333333332,-56.80193922883643,-10.452042164884023,1.5061634207784422,0.0,0.0,0.0,1.0,0.0,0.0,UNOBSERVED_BODY_ENVELOPE,0.7110185571230425,0,2,0,0,24
29.85,-56.80193922883643,-10.452042164884023,1.5061634207784422,0.0,0.0,0.0,1.0,0.0,0.0,UNOBSERVED_BODY_ENVELOPE,0.7110185571230425,0,2,0,0,24
29.866666666666667,-56.80193922883643,-10.452042164884023,1.5061634207784422,0.0,0.0,0.0,1.0,0.0,0.0,UNOBSERVED_BODY_ENVELOPE,0.7110185571230425,0,2,0,0,24
29.883333333333333,-56.80193922883643,-10.452042164884023,1.5061634207784422,0.0,0.0,0.0,1.0,0.0,0.0,UNOBSERVED_BODY_ENVELOPE,0.7110185571230425,0,2,0,0,24
29.9,-56.80193922883643,-10.452042164884023,1.5061634207784422,0.0,0.0,0.0,1.0,0.0,0.0,UNOBSERVED_BODY_ENVELOPE,0.7110185571230425,0,2,0,0,24
29.916666666666668,-56.80193922883643,-10.452042164884023,1.5061634207784422,0.0,0.0,0.0,1.0,0.0,0.0,UNOBSERVED_BODY_ENVELOPE,0.7110185571230425,0,2,0,0,24
29.933333333333334,-56.80193922883643,-10.452042164884023,1.5061634207784422,0.0,0.0,0.0,1.0,0.0,0.0,UNOBSERVED_BODY_ENVELOPE,0.7110185571230425,0,2,0,0,24
29.95,-56.80193922883643,-10.452042164884023,1.5061634207784422,0.0,0.0,0.0,1.0,0.0,0.0,UNOBSERVED_BODY_ENVELOPE,0.7110185571230425,0,2,0,0,24
29.966666666666665,-56.80193922883643,-10.452042164884023,1.5061634207784422,0.0,0.0,0.0,1.0,0.0,0.0,UNOBSERVED_BODY_ENVELOPE,0.7110185571230425,0,2,0,0,24
29.983333333333334,-56.80193922883643,-10.452042164884023,1.5061634207784422,0.0,0.0,0.0,1.0,0.0,0.0,UNOBSERVED_BODY_ENVELOPE,0.7110185571230425,0,2,0,0,24
30.0,-56.80193922883643,-10.452042164884023,1.5061634207784422,0.0,0.0,0.0,0.0,0.0,0.0,UNOBSERVED_BODY_ENVELOPE,0.7110185571230425,0,2,0,0,24
30.016666666666666,-56.80193922883643,-10.452042164884023,1.5061634207784422,0.0,0.0,0.0,0.0,0.0,0.0,UNOBSERVED_BODY_ENVELOPE,0.7110185571230425,0,2,0,0,24
30.033333333333335,-56.80193922883643,-10.452042164884023,1.5061634207784422,0.0,0.0,0.0,0.0,0.0,0.0,UNOBSERVED_BODY_ENVELOPE,0.7110185571230425,0,2,0,0,24
30.05,-56.80193922883643,-10.452042164884023,1.5061634207784422,0.0,0.0,0.0,0.0,0.0,0.0,ZERO_INTENT,0.7110185571230425,0,2,0,0,24
30.066666666666666,-56.80193922883643,-10.452042164884023,1.5061634207784422,0.0,0.0,0.0,0.0,0.0,0.0,ZERO_INTENT,0.7110185571230425,0,2,0,0,24
30.083333333333332,-56.80193922883643,-10.452042164884023,1.5061634207784422,0.0,0.0,0.0,0.0,0.0,0.0,ZERO_INTENT,0.7110185571230425,0,2,0,0,24
30.1,-56.80193922883643,-10.452042164884023,1.5061634207784422,0.0,0.0,0.0,0.0,0.0,0.0,ZERO_INTENT,0.7110185571230425,0,2,0,0,24
30.116666666666667,-56.80193922883643,-10.452042164884023,1.5061634207784422,0.0,0.0,0.0,0.0,0.0,0.0,ZERO_INTENT,0.7110185571230425,0,2,0,0,24
30.133333333333333,-56.80193922883643,-10.452042164884023,1.5061634207784422,0.0,0.0,0.0,0.0,0.0,0.0,ZERO_INTENT,0.7110185571230425,0,2,0,0,24
30.15,-56.80193922883643,-10.452042164884023,1.5061634207784422,0.0,0.0,0.0,0.0,0.0,0.0,ZERO_INTENT,0.7110185571230425,0,2,0,0,24
30.166666666666668,-56.80193922883643,-10.452042164884023,1.5061634207784422,0.0,0.0,0.0,0.0,0.0,0.0,ZERO_INTENT,0.7110185571230425,0,2,0,0,24
30.183333333333334,-56.80193922883643,-10.452042164884023,1.5061634207784422,0.0,0.0,0.0,0.0,0.0,0.0,ZERO_INTENT,0.7110185571230425,0,2,0,0,24
30.2,-56.80193922883643,-10.452042164884023,1.5061634207784422,0.0,0.0,0.0,0.0,0.0,0.0,ZERO_INTENT,0.7110185571230425,0,2,0,0,24
30.216666666666665,-56.80193922883643,-10.452042164884023,1.5061634207784422,0.0,0.0,0.0,0.0,0.0,0.0,ZERO_INTENT,0.7110185571230425,0,2,0,0,24
30.233333333333334,-56.80193922883643,-10.452042164884023,1.5061634207784422,0.0,0.0,0.0,0.0,0.0,0.0,ZERO_INTENT,0.7110185571230425,0,2,0,0,24
30.25,-56.80193922883643,-10.452042164884023,1.5061634207784422,0.0,0.0,0.0,0.0,0.0,0.0,ZERO_INTENT,0.7110185571230425,0,2,0,0,24
30.266666666666666,-56.80193922883643,-10.452042164884023,1.5061634207784422,0.0,0.0,0.0,0.0,0.0,0.0,ZERO_INTENT,0.7110185571230425,0,2,0,0,24
30.283333333333335,-56.80193922883643,-10.452042164884023,1.5061634207784422,0.0,0.0,0.0,0.0,0.0,0.0,ZERO_INTENT,0.7110185571230425,0,2,0,0,24
30.3,-56.80193922883643,-10.452042164884023,1.5061634207784422,0.0,0.0,0.0,0.0,0.0,0.0,ZERO_INTENT,0.7110185571230425,0,2,0,0,24
30.316666666666666,-56.80193922883643,-10.452042164884023,1.5061634207784422,0.0,0.0,0.0,0.0,0.0,0.0,ZERO_INTENT,0.7110185571230425,0,2,0,0,24
30.333333333333332,-56.80193922883643,-10.452042164884023,1.5061634207784422,0.0,0.0,0.0,0.0,0.0,0.0,ZERO_INTENT,0.7110185571230425,0,2,0,0,24
30.35,-56.80193922883643,-10.452042164884023,1.5061634207784422,0.0,0.0,0.0,0.0,0.0,0.0,ZERO_INTENT,0.7110185571230425,0,2,0,0,24
30.366666666666667,-56.80193922883643,-10.452042164884023,1.5061634207784422,0.0,0.0,0.0,0.0,0.0,0.0,ZERO_INTENT,0.7110185571230425,0,2,0,0,24
30.383333333333333,-56.80193922883643,-10.452042164884023,1.5061634207784422,0.0,0.0,0.0,0.0,0.0,0.0,ZERO_INTENT,0.7110185571230425,0,2,0,0,24
30.4,-56.80193922883643,-10.452042164884023,1.5061634207784422,0.0,0.0,0.0,0.0,0.0,0.0,ZERO_INTENT,0.7110185571230425,0,2,0,0,24
30.416666666666668,-56.80193922883643,-10.452042164884023,1.5061634207784422,0.0,0.0,0.0,0.0,0.0,0.0,ZERO_INTENT,0.7110185571230425,0,2,0,0,24
30.433333333333334,-56.80193922883643,-10.452042164884023,1.5061634207784422,0.0,0.0,0.0,0.0,0.0,0.0,ZERO_INTENT,0.7110185571230425,0,2,0,0,24
30.45,-56.80193922883643,-10.452042164884023,1.5061634207784422,0.0,0.0,0.0,0.0,0.0,0.0,ZERO_INTENT,0.7110185571230425,0,2,0,0,24
30.466666666666665,-56.80193922883643,-10.452042164884023,1.5061634207784422,0.0,0.0,0.0,0.0,0.0,0.0,ZERO_INTENT,0.7110185571230425,0,2,0,0,24
30.483333333333334,-56.80193922883643,-10.452042164884023,1.5061634207784422,0.0,0.0,0.0,0.0,0.0,0.0,ZERO_INTENT,0.7110185571230425,0,2,0,0,24
30.5,-56.80193922883643,-10.452042164884023,1.5061634207784422,0.0,0.0,0.0,0.0,0.0,0.0,ZERO_INTENT,0.7110185571230425,0,2,0,0,24
30.516666666666666,-56.80193922883643,-10.452042164884023,1.5061634207784422,0.0,0.0,0.0,0.0,0.0,0.0,ZERO_INTENT,0.7110185571230425,0,2,0,0,24
30.533333333333335,-56.80193922883643,-10.452042164884023,1.5061634207784422,0.0,0.0,0.0,0.0,0.0,0.0,ZERO_INTENT,0.7110185571230425,0,2,0,0,24
30.55,-56.80193922883643,-10.452042164884023,1.5061634207784422,0.0,0.0,0.0,0.0,0.0,0.0,ZERO_INTENT,0.7110185571230425,0,2,0,0,24
30.566666666666666,-56.80193922883643,-10.452042164884023,1.5061634207784422,0.0,0.0,0.0,0.0,0.0,0.0,ZERO_INTENT,0.7110185571230425,0,2,0,0,24
30.583333333333332,-56.80193922883643,-10.452042164884023,1.5061634207784422,0.0,0.0,0.0,0.0,0.0,0.0,ZERO_INTENT,0.7110185571230425,0,2,0,0,24
30.6,-56.80193922883643,-10.452042164884023,1.5061634207784422,0.0,0.0,0.0,0.0,0.0,0.0,ZERO_INTENT,0.7110185571230425,0,2,0,0,24
30.616666666666667,-56.80193922883643,-10.452042164884023,1.5061634207784422,0.0,0.0,0.0,0.0,0.0,0.0,ZERO_INTENT,0.7110185571230425,0,2,0,0,24
30.633333333333333,-56.80193922883643,-10.452042164884023,1.5061634207784422,0.0,0.0,0.0,0.0,0.0,0.0,ZERO_INTENT,0.7110185571230425,0,2,0,0,24
30.65,-56.80193922883643,-10.452042164884023,1.5061634207784422,0.0,0.0,0.0,0.0,0.0,0.0,ZERO_INTENT,0.7110185571230425,0,2,0,0,24
30.666666666666668,-56.80193922883643,-10.452042164884023,1.5061634207784422,0.0,0.0,0.0,0.0,0.0,0.0,ZERO_INTENT,0.7110185571230425,0,2,0,0,24
30.683333333333334,-56.80193922883643,-10.452042164884023,1.5061634207784422,0.0,0.0,0.0,0.0,0.0,0.0,ZERO_INTENT,0.7110185571230425,0,2,0,0,24
30.7,-56.80193922883643,-10.452042164884023,1.5061634207784422,0.0,0.0,0.0,0.0,0.0,0.0,ZERO_INTENT,0.7110185571230425,0,2,0,0,24
30.716666666666665,-56.80193922883643,-10.452042164884023,1.5061634207784422,0.0,0.0,0.0,0.0,0.0,0.0,ZERO_INTENT,0.7110185571230425,0,2,0,0,24
30.733333333333334,-56.80193922883643,-10.452042164884023,1.5061634207784422,0.0,0.0,0.0,0.0,0.0,0.0,ZERO_INTENT,0.7110185571230425,0,2,0,0,24
30.75,-56.80193922883643,-10.452042164884023,1.5061634207784422,0.0,0.0,0.0,0.0,0.0,0.0,ZERO_INTENT,0.7110185571230425,0,2,0,0,24
30.766666666666666,-56.80193922883643,-10.452042164884023,1.5061634207784422,0.0,0.0,0.0,0.0,0.0,0.0,ZERO_INTENT,0.7110185571230425,0,2,0,0,24
30.783333333333335,-56.80193922883643,-10.452042164884023,1.5061634207784422,0.0,0.0,0.0,0.0,0.0,0.0,ZERO_INTENT,0.7110185571230425,0,2,0,0,24
30.8,-56.80193922883643,-10.452042164884023,1.5061634207784422,0.0,0.0,0.0,0.0,0.0,0.0,ZERO_INTENT,0.7110185571230425,0,2,0,0,24
30.816666666666666,-56.80193922883643,-10.452042164884023,1.5061634207784422,0.0,0.0,0.0,0.0,0.0,0.0,ZERO_INTENT,0.7110185571230425,0,2,0,0,24
30.833333333333332,-56.80193922883643,-10.452042164884023,1.5061634207784422,0.0,0.0,0.0,0.0,0.0,0.0,ZERO_INTENT,0.7110185571230425,0,2,0,0,24
30.85,-56.80193922883643,-10.452042164884023,1.5061634207784422,0.0,0.0,0.0,0.0,0.0,0.0,ZERO_INTENT,0.7110185571230425,0,2,0,0,24
30.866666666666667,-56.80193922883643,-10.452042164884023,1.5061634207784422,0.0,0.0,0.0,0.0,0.0,0.0,ZERO_INTENT,0.7110185571230425,0,2,0,0,24
30.883333333333333,-56.80193922883643,-10.452042164884023,1.5061634207784422,0.0,0.0,0.0,0.0,0.0,0.0,ZERO_INTENT,0.7110185571230425,0,2,0,0,24
30.9,-56.80193922883643,-10.452042164884023,1.5061634207784422,0.0,0.0,0.0,0.0,0.0,0.0,ZERO_INTENT,0.7110185571230425,0,2,0,0,24
30.916666666666668,-56.80193922883643,-10.452042164884023,1.5061634207784422,0.0,0.0,0.0,0.0,0.0,0.0,ZERO_INTENT,0.7110185571230425,0,2,0,0,24
30.933333333333334,-56.80193922883643,-10.452042164884023,1.5061634207784422,0.0,0.0,0.0,0.0,0.0,0.0,ZERO_INTENT,0.7110185571230425,0,2,0,0,24
30.95,-56.80193922883643,-10.452042164884023,1.5061634207784422,0.0,0.0,0.0,0.0,0.0,0.0,ZERO_INTENT,0.7110185571230425,0,2,0,0,24
30.966666666666665,-56.80193922883643,-10.452042164884023,1.5061634207784422,0.0,0.0,0.0,0.0,0.0,0.0,ZERO_INTENT,0.7110185571230425,0,2,0,0,24
30.983333333333334,-56.80193922883643,-10.452042164884023,1.5061634207784422,0.0,0.0,0.0,0.0,0.0,0.0,ZERO_INTENT,0.7110185571230425,0,2,0,0,24
31.0,-56.80193922883643,-10.452042164884023,1.5061634207784422,0.0,0.0,0.0,0.0,0.0,0.0,ZERO_INTENT,0.7110185571230425,0,2,0,0,24
31.016666666666666,-56.80193922883643,-10.452042164884023,1.5061634207784422,0.0,0.0,0.0,0.0,0.0,0.0,ZERO_INTENT,0.7110185571230425,0,2,0,0,24
31.033333333333335,-56.80193922883643,-10.452042164884023,1.5061634207784422,0.0,0.0,0.0,0.0,0.0,0.0,ZERO_INTENT,0.7110185571230425,0,2,0,0,24
31.05,-56.80193922883643,-10.452042164884023,1.5061634207784422,0.0,0.0,0.0,0.0,0.0,0.0,ZERO_INTENT,0.7110185571230425,0,2,0,0,24
31.066666666666666,-56.80193922883643,-10.452042164884023,1.5061634207784422,0.0,0.0,0.0,0.0,0.0,0.0,ZERO_INTENT,0.7110185571230425,0,2,0,0,24
31.083333333333332,-56.80193922883643,-10.452042164884023,1.5061634207784422,0.0,0.0,0.0,0.0,0.0,0.0,ZERO_INTENT,0.7110185571230425,0,2,0,0,24
31.1,-56.80193922883643,-10.452042164884023,1.5061634207784422,0.0,0.0,0.0,0.0,0.0,0.0,ZERO_INTENT,0.7110185571230425,0,2,0,0,24
31.116666666666667,-56.80193922883643,-10.452042164884023,1.5061634207784422,0.0,0.0,0.0,0.0,0.0,0.0,ZERO_INTENT,0.7110185571230425,0,2,0,0,24
31.133333333333333,-56.80193922883643,-10.452042164884023,1.5061634207784422,0.0,0.0,0.0,0.0,0.0,0.0,ZERO_INTENT,0.7110185571230425,0,2,0,0,24
31.15,-56.80193922883643,-10.452042164884023,1.5061634207784422,0.0,0.0,0.0,0.0,0.0,0.0,ZERO_INTENT,0.7110185571230425,0,2,0,0,24
31.166666666666668,-56.80193922883643,-10.452042164884023,1.5061634207784422,0.0,0.0,0.0,0.0,0.0,0.0,ZERO_INTENT,0.7110185571230425,0,2,0,0,24
31.183333333333334,-56.80193922883643,-10.452042164884023,1.5061634207784422,0.0,0.0,0.0,0.0,0.0,0.0,ZERO_INTENT,0.7110185571230425,0,2,0,0,24
31.2,-56.80193922883643,-10.452042164884023,1.5061634207784422,0.0,0.0,0.0,0.0,0.0,0.0,ZERO_INTENT,0.7110185571230425,0,2,0,0,24
31.216666666666665,-56.80193922883643,-10.452042164884023,1.5061634207784422,0.0,0.0,0.0,0.0,0.0,0.0,ZERO_INTENT,0.7110185571230425,0,2,0,0,24
31.233333333333334,-56.80193922883643,-10.452042164884023,1.5061634207784422,0.0,0.0,0.0,0.0,0.0,0.0,ZERO_INTENT,0.7110185571230425,0,2,0,0,24
31.25,-56.80193922883643,-10.452042164884023,1.5061634207784422,0.0,0.0,0.0,0.0,0.0,0.0,ZERO_INTENT,0.7110185571230425,0,2,0,0,24
31.266666666666666,-56.80193922883643,-10.452042164884023,1.5061634207784422,0.0,0.0,0.0,0.0,0.0,0.0,ZERO_INTENT,0.7110185571230425,0,2,0,0,24
31.283333333333335,-56.80193922883643,-10.452042164884023,1.5061634207784422,0.0,0.0,0.0,0.0,0.0,0.0,ZERO_INTENT,0.7110185571230425,0,2,0,0,24
31.3,-56.80193922883643,-10.452042164884023,1.5061634207784422,0.0,0.0,0.0,0.0,0.0,0.0,ZERO_INTENT,0.7110185571230425,0,2,0,0,24
31.316666666666666,-56.80193922883643,-10.452042164884023,1.5061634207784422,0.0,0.0,0.0,0.0,0.0,0.0,ZERO_INTENT,0.7110185571230425,0,2,0,0,24
31.333333333333332,-56.80193922883643,-10.452042164884023,1.5061634207784422,0.0,0.0,0.0,0.0,0.0,0.0,ZERO_INTENT,0.7110185571230425,0,2,0,0,24
31.35,-56.80193922883643,-10.452042164884023,1.5061634207784422,0.0,0.0,0.0,0.0,0.0,0.0,ZERO_INTENT,0.7110185571230425,0,2,0,0,24
31.366666666666667,-56.80193922883643,-10.452042164884023,1.5061634207784422,0.0,0.0,0.0,0.0,0.0,0.0,ZERO_INTENT,0.7110185571230425,0,2,0,0,24
31.383333333333333,-56.80193922883643,-10.452042164884023,1.5061634207784422,0.0,0.0,0.0,0.0,0.0,0.0,ZERO_INTENT,0.7110185571230425,0,2,0,0,24
31.4,-56.80193922883643,-10.452042164884023,1.5061634207784422,0.0,0.0,0.0,0.0,0.0,0.0,ZERO_INTENT,0.7110185571230425,0,2,0,0,24
31.416666666666668,-56.80193922883643,-10.452042164884023,1.5061634207784422,0.0,0.0,0.0,0.0,0.0,0.0,ZERO_INTENT,0.7110185571230425,0,2,0,0,24
31.433333333333334,-56.80193922883643,-10.452042164884023,1.5061634207784422,0.0,0.0,0.0,0.0,0.0,0.0,ZERO_INTENT,0.7110185571230425,0,2,0,0,24
31.45,-56.80193922883643,-10.452042164884023,1.5061634207784422,0.0,0.0,0.0,0.0,0.0,0.0,ZERO_INTENT,0.7110185571230425,0,2,0,0,24
31.466666666666665,-56.80193922883643,-10.452042164884023,1.5061634207784422,0.0,0.0,0.0,0.0,0.0,0.0,ZERO_INTENT,0.7110185571230425,0,2,0,0,24
31.483333333333334,-56.80193922883643,-10.452042164884023,1.5061634207784422,0.0,0.0,0.0,0.0,0.0,0.0,ZERO_INTENT,0.7110185571230425,0,2,0,0,24
31.5,-56.80193922883643,-10.452042164884023,1.5061634207784422,0.0,0.0,0.0,0.0,0.0,0.0,ZERO_INTENT,0.7110185571230425,0,2,0,0,24
31.516666666666666,-56.80193922883643,-10.452042164884023,1.5061634207784422,0.0,0.0,0.0,0.0,0.0,0.0,ZERO_INTENT,0.7110185571230425,0,2,0,0,24
31.533333333333335,-56.80193922883643,-10.452042164884023,1.5061634207784422,0.0,0.0,0.0,0.0,0.0,0.0,ZERO_INTENT,0.7110185571230425,0,2,0,0,24
31.55,-56.80193922883643,-10.452042164884023,1.5061634207784422,0.0,0.0,0.0,0.0,0.0,0.0,ZERO_INTENT,0.7110185571230425,0,2,0,0,24
31.566666666666666,-56.80193922883643,-10.452042164884023,1.5061634207784422,0.0,0.0,0.0,0.0,0.0,0.0,ZERO_INTENT,0.7110185571230425,0,2,0,0,24
31.583333333333332,-56.80193922883643,-10.452042164884023,1.5061634207784422,0.0,0.0,0.0,0.0,0.0,0.0,ZERO_INTENT,0.7110185571230425,0,2,0,0,24
31.6,-56.80193922883643,-10.452042164884023,1.5061634207784422,0.0,0.0,0.0,0.0,0.0,0.0,ZERO_INTENT,0.7110185571230425,0,2,0,0,24
31.616666666666667,-56.80193922883643,-10.452042164884023,1.5061634207784422,0.0,0.0,0.0,0.0,0.0,0.0,ZERO_INTENT,0.7110185571230425,0,2,0,0,24
31.633333333333333,-56.80193922883643,-10.452042164884023,1.5061634207784422,0.0,0.0,0.0,0.0,0.0,0.0,ZERO_INTENT,0.7110185571230425,0,2,0,0,24
31.65,-56.80193922883643,-10.452042164884023,1.5061634207784422,0.0,0.0,0.0,0.0,0.0,0.0,ZERO_INTENT,0.7110185571230425,0,2,0,0,24
31.666666666666668,-56.80193922883643,-10.452042164884023,1.5061634207784422,0.0,0.0,0.0,0.0,0.0,0.0,ZERO_INTENT,0.7110185571230425,0,2,0,0,24
31.683333333333334,-56.80193922883643,-10.452042164884023,1.5061634207784422,0.0,0.0,0.0,0.0,0.0,0.0,ZERO_INTENT,0.7110185571230425,0,2,0,0,24
31.7,-56.80193922883643,-10.452042164884023,1.5061634207784422,0.0,0.0,0.0,0.0,0.0,0.0,ZERO_INTENT,0.7110185571230425,0,2,0,0,24
31.716666666666665,-56.80193922883643,-10.452042164884023,1.5061634207784422,0.0,0.0,0.0,0.0,0.0,0.0,ZERO_INTENT,0.7110185571230425,0,2,0,0,24
31.733333333333334,-56.80193922883643,-10.452042164884023,1.5061634207784422,0.0,0.0,0.0,0.0,0.0,0.0,ZERO_INTENT,0.7110185571230425,0,2,0,0,24
31.75,-56.80193922883643,-10.452042164884023,1.5061634207784422,0.0,0.0,0.0,0.0,0.0,0.0,ZERO_INTENT,0.7110185571230425,0,2,0,0,24
31.766666666666666,-56.80193922883643,-10.452042164884023,1.5061634207784422,0.0,0.0,0.0,0.0,0.0,0.0,ZERO_INTENT,0.7110185571230425,0,2,0,0,24
31.783333333333335,-56.80193922883643,-10.452042164884023,1.5061634207784422,0.0,0.0,0.0,0.0,0.0,0.0,ZERO_INTENT,0.7110185571230425,0,2,0,0,24
31.8,-56.80193922883643,-10.452042164884023,1.5061634207784422,0.0,0.0,0.0,0.0,0.0,0.0,ZERO_INTENT,0.7110185571230425,0,2,0,0,24
31.816666666666666,-56.80193922883643,-10.452042164884023,1.5061634207784422,0.0,0.0,0.0,0.0,0.0,0.0,ZERO_INTENT,0.7110185571230425,0,2,0,0,24
31.833333333333332,-56.80193922883643,-10.452042164884023,1.5061634207784422,0.0,0.0,0.0,0.0,0.0,0.0,ZERO_INTENT,0.7110185571230425,0,2,0,0,24
31.85,-56.80193922883643,-10.452042164884023,1.5061634207784422,0.0,0.0,0.0,0.0,0.0,0.0,ZERO_INTENT,0.7110185571230425,0,2,0,0,24
31.866666666666667,-56.80193922883643,-10.452042164884023,1.5061634207784422,0.0,0.0,0.0,0.0,0.0,0.0,ZERO_INTENT,0.7110185571230425,0,2,0,0,24
31.883333333333333,-56.80193922883643,-10.452042164884023,1.5061634207784422,0.0,0.0,0.0,0.0,0.0,0.0,ZERO_INTENT,0.7110185571230425,0,2,0,0,24
31.9,-56.80193922883643,-10.452042164884023,1.5061634207784422,0.0,0.0,0.0,0.0,0.0,0.0,ZERO_INTENT,0.7110185571230425,0,2,0,0,24
31.916666666666668,-56.80193922883643,-10.452042164884023,1.5061634207784422,0.0,0.0,0.0,0.0,0.0,0.0,ZERO_INTENT,0.7110185571230425,0,2,0,0,24
31.933333333333334,-56.80193922883643,-10.452042164884023,1.5061634207784422,0.0,0.0,0.0,0.0,0.0,0.0,ZERO_INTENT,0.7110185571230425,0,2,0,0,24
31.95,-56.80193922883643,-10.452042164884023,1.5061634207784422,0.0,0.0,0.0,0.0,0.0,0.0,ZERO_INTENT,0.7110185571230425,0,2,0,0,24
31.966666666666665,-56.80193922883643,-10.452042164884023,1.5061634207784422,0.0,0.0,0.0,0.0,0.0,0.0,ZERO_INTENT,0.7110185571230425,0,2,0,0,24
31.983333333333334,-56.80193922883643,-10.452042164884023,1.5061634207784422,0.0,0.0,0.0,0.0,0.0,0.0,ZERO_INTENT,0.7110185571230425,0,2,0,0,24
32.0,-56.80193922883643,-10.452042164884023,1.5061634207784422,0.0,0.0,0.0,0.0,0.0,0.0,ZERO_INTENT,0.7110185571230425,0,2,0,0,24
32.016666666666666,-56.80193922883643,-10.452042164884023,1.5061634207784422,0.0,0.0,0.0,0.0,0.0,0.0,ZERO_INTENT,0.7110185571230425,0,2,0,0,24
32.03333333333333,-56.80193922883643,-10.452042164884023,1.5061634207784422,0.0,0.0,0.0,0.0,0.0,0.0,ZERO_INTENT,0.7110185571230425,0,2,0,0,24
32.05,-56.80193922883643,-10.452042164884023,1.5061634207784422,0.0,0.0,0.0,0.0,0.0,0.0,ZERO_INTENT,0.7110185571230425,0,2,0,0,24
32.06666666666667,-56.80193922883643,-10.452042164884023,1.5061634207784422,0.0,0.0,0.0,0.0,0.0,0.0,ZERO_INTENT,0.7110185571230425,0,2,0,0,24
32.083333333333336,-56.80193922883643,-10.452042164884023,1.5061634207784422,0.0,0.0,0.0,0.0,0.0,0.0,ZERO_INTENT,0.7110185571230425,0,2,0,0,24
32.1,-56.80193922883643,-10.452042164884023,1.5061634207784422,0.0,0.0,0.0,0.0,0.0,0.0,ZERO_INTENT,0.7110185571230425,0,2,0,0,24
32.11666666666667,-56.80193922883643,-10.452042164884023,1.5061634207784422,0.0,0.0,0.0,0.0,0.0,0.0,ZERO_INTENT,0.7110185571230425,0,2,0,0,24
32.13333333333333,-56.80193922883643,-10.452042164884023,1.5061634207784422,0.0,0.0,0.0,0.0,0.0,0.0,ZERO_INTENT,0.7110185571230425,0,2,0,0,24
32.15,-56.80193922883643,-10.452042164884023,1.5061634207784422,0.0,0.0,0.0,0.0,0.0,0.0,ZERO_INTENT,0.7110185571230425,0,2,0,0,24
32.166666666666664,-56.80193922883643,-10.452042164884023,1.5061634207784422,0.0,0.0,0.0,0.0,0.0,0.0,ZERO_INTENT,0.7110185571230425,0,2,0,0,24
32.18333333333333,-56.80193922883643,-10.452042164884023,1.5061634207784422,0.0,0.0,0.0,0.0,0.0,0.0,ZERO_INTENT,0.7110185571230425,0,2,0,0,24
32.2,-56.80193922883643,-10.452042164884023,1.5061634207784422,0.0,0.0,0.0,0.0,0.0,0.0,ZERO_INTENT,0.7110185571230425,0,2,0,0,24
32.21666666666667,-56.80193922883643,-10.452042164884023,1.5061634207784422,0.0,0.0,0.0,0.0,0.0,0.0,ZERO_INTENT,0.7110185571230425,0,2,0,0,24
32.233333333333334,-56.80193922883643,-10.452042164884023,1.5061634207784422,0.0,0.0,0.0,0.0,0.0,0.0,ZERO_INTENT,0.7110185571230425,0,2,0,0,24
32.25,-56.80193922883643,-10.452042164884023,1.5061634207784422,0.0,0.0,0.0,0.0,0.0,0.0,ZERO_INTENT,0.7110185571230425,0,2,0,0,24
32.266666666666666,-56.80193922883643,-10.452042164884023,1.5061634207784422,0.0,0.0,0.0,0.0,0.0,0.0,ZERO_INTENT,0.7110185571230425,0,2,0,0,24
32.28333333333333,-56.80193922883643,-10.452042164884023,1.5061634207784422,0.0,0.0,0.0,0.0,0.0,0.0,ZERO_INTENT,0.7110185571230425,0,2,0,0,24
32.3,-56.80193922883643,-10.452042164884023,1.5061634207784422,0.0,0.0,0.0,0.0,0.0,0.0,ZERO_INTENT,0.7110185571230425,0,2,0,0,24
32.31666666666667,-56.80193922883643,-10.452042164884023,1.5061634207784422,0.0,0.0,0.0,0.0,0.0,0.0,ZERO_INTENT,0.7110185571230425,0,2,0,0,24
32.333333333333336,-56.80193922883643,-10.452042164884023,1.5061634207784422,0.0,0.0,0.0,0.0,0.0,0.0,ZERO_INTENT,0.7110185571230425,0,2,0,0,24
32.35,-56.80193922883643,-10.452042164884023,1.5061634207784422,0.0,0.0,0.0,0.0,0.0,0.0,ZERO_INTENT,0.7110185571230425,0,2,0,0,24
32.36666666666667,-56.80193922883643,-10.452042164884023,1.5061634207784422,0.0,0.0,0.0,0.0,0.0,0.0,ZERO_INTENT,0.7110185571230425,0,2,0,0,24
32.38333333333333,-56.80193922883643,-10.452042164884023,1.5061634207784422,0.0,0.0,0.0,0.0,0.0,0.0,ZERO_INTENT,0.7110185571230425,0,2,0,0,24
32.4,-56.80193922883643,-10.452042164884023,1.5061634207784422,0.0,0.0,0.0,0.0,0.0,0.0,ZERO_INTENT,0.7110185571230425,0,2,0,0,24
32.416666666666664,-56.80193922883643,-10.452042164884023,1.5061634207784422,0.0,0.0,0.0,0.0,0.0,0.0,ZERO_INTENT,0.7110185571230425,0,2,0,0,24
32.43333333333333,-56.80193922883643,-10.452042164884023,1.5061634207784422,0.0,0.0,0.0,0.0,0.0,0.0,ZERO_INTENT,0.7110185571230425,0,2,0,0,24
32.45,-56.80193922883643,-10.452042164884023,1.5061634207784422,0.0,0.0,0.0,0.0,0.0,0.0,ZERO_INTENT,0.7110185571230425,0,2,0,0,24
32.46666666666667,-56.80193922883643,-10.452042164884023,1.5061634207784422,0.0,0.0,0.0,0.0,0.0,0.0,ZERO_INTENT,0.7110185571230425,0,2,0,0,24
32.483333333333334,-56.80193922883643,-10.452042164884023,1.5061634207784422,0.0,0.0,0.0,0.0,0.0,0.0,ZERO_INTENT,0.7110185571230425,0,2,0,0,24
32.5,-56.80193922883643,-10.452042164884023,1.5061634207784422,0.0,0.0,0.0,0.0,0.0,0.0,ZERO_INTENT,0.7110185571230425,0,2,0,0,24
32.516666666666666,-56.80193922883643,-10.452042164884023,1.5061634207784422,0.0,0.0,0.0,0.0,0.0,0.0,ZERO_INTENT,0.7110185571230425,0,2,0,0,24
32.53333333333333,-56.80193922883643,-10.452042164884023,1.5061634207784422,0.0,0.0,0.0,0.0,0.0,0.0,ZERO_INTENT,0.7110185571230425,0,2,0,0,24
32.55,-56.80193922883643,-10.452042164884023,1.5061634207784422,0.0,0.0,0.0,0.0,0.0,0.0,ZERO_INTENT,0.7110185571230425,0,2,0,0,24
32.56666666666667,-56.80193922883643,-10.452042164884023,1.5061634207784422,0.0,0.0,0.0,0.0,0.0,0.0,ZERO_INTENT,0.7110185571230425,0,2,0,0,24
32.583333333333336,-56.80193922883643,-10.452042164884023,1.5061634207784422,0.0,0.0,0.0,0.0,0.0,0.0,ZERO_INTENT,0.7110185571230425,0,2,0,0,24
32.6,-56.80193922883643,-10.452042164884023,1.5061634207784422,0.0,0.0,0.0,0.0,0.0,0.0,ZERO_INTENT,0.7110185571230425,0,2,0,0,24
32.61666666666667,-56.80193922883643,-10.452042164884023,1.5061634207784422,0.0,0.0,0.0,0.0,0.0,0.0,ZERO_INTENT,0.7110185571230425,0,2,0,0,24
32.63333333333333,-56.80193922883643,-10.452042164884023,1.5061634207784422,0.0,0.0,0.0,0.0,0.0,0.0,ZERO_INTENT,0.7110185571230425,0,2,0,0,24
32.65,-56.80193922883643,-10.452042164884023,1.5061634207784422,0.0,0.0,0.0,0.0,0.0,0.0,ZERO_INTENT,0.7110185571230425,0,2,0,0,24
32.666666666666664,-56.80193922883643,-10.452042164884023,1.5061634207784422,0.0,0.0,0.0,0.0,0.0,0.0,ZERO_INTENT,0.7110185571230425,0,2,0,0,24
32.68333333333333,-56.80193922883643,-10.452042164884023,1.5061634207784422,0.0,0.0,0.0,0.0,0.0,0.0,ZERO_INTENT,0.7110185571230425,0,2,0,0,24
32.7,-56.80193922883643,-10.452042164884023,1.5061634207784422,0.0,0.0,0.0,0.0,0.0,0.0,ZERO_INTENT,0.7110185571230425,0,2,0,0,24
32.71666666666667,-56.80193922883643,-10.452042164884023,1.5061634207784422,0.0,0.0,0.0,0.0,0.0,0.0,ZERO_INTENT,0.7110185571230425,0,2,0,0,24
32.733333333333334,-56.80193922883643,-10.452042164884023,1.5061634207784422,0.0,0.0,0.0,0.0,0.0,0.0,ZERO_INTENT,0.7110185571230425,0,2,0,0,24
32.75,-56.80193922883643,-10.452042164884023,1.5061634207784422,0.0,0.0,0.0,0.0,0.0,0.0,ZERO_INTENT,0.7110185571230425,0,2,0,0,24
32.766666666666666,-56.80193922883643,-10.452042164884023,1.5061634207784422,0.0,0.0,0.0,0.0,0.0,0.0,ZERO_INTENT,0.7110185571230425,0,2,0,0,24
32.78333333333333,-56.80193922883643,-10.452042164884023,1.5061634207784422,0.0,0.0,0.0,0.0,0.0,0.0,ZERO_INTENT,0.7110185571230425,0,2,0,0,24
32.8,-56.80193922883643,-10.452042164884023,1.5061634207784422,0.0,0.0,0.0,0.0,0.0,0.0,ZERO_INTENT,0.7110185571230425,0,2,0,0,24
32.81666666666667,-56.80193922883643,-10.452042164884023,1.5061634207784422,0.0,0.0,0.0,0.0,0.0,0.0,ZERO_INTENT,0.7110185571230425,0,2,0,0,24
32.833333333333336,-56.80193922883643,-10.452042164884023,1.5061634207784422,0.0,0.0,0.0,0.0,0.0,0.0,ZERO_INTENT,0.7110185571230425,0,2,0,0,24
32.85,-56.80193922883643,-10.452042164884023,1.5061634207784422,0.0,0.0,0.0,0.0,0.0,0.0,ZERO_INTENT,0.7110185571230425,0,2,0,0,24
32.86666666666667,-56.80193922883643,-10.452042164884023,1.5061634207784422,0.0,0.0,0.0,0.0,0.0,0.0,ZERO_INTENT,0.7110185571230425,0,2,0,0,24
32.88333333333333,-56.80193922883643,-10.452042164884023,1.5061634207784422,0.0,0.0,0.0,0.0,0.0,0.0,ZERO_INTENT,0.7110185571230425,0,2,0,0,24
32.9,-56.80193922883643,-10.452042164884023,1.5061634207784422,0.0,0.0,0.0,0.0,0.0,0.0,ZERO_INTENT,0.7110185571230425,0,2,0,0,24
32.916666666666664,-56.80193922883643,-10.452042164884023,1.5061634207784422,0.0,0.0,0.0,0.0,0.0,0.0,ZERO_INTENT,0.7110185571230425,0,2,0,0,24
32.93333333333333,-56.80193922883643,-10.452042164884023,1.5061634207784422,0.0,0.0,0.0,0.0,0.0,0.0,ZERO_INTENT,0.7110185571230425,0,2,0,0,24
32.95,-56.80193922883643,-10.452042164884023,1.5061634207784422,0.0,0.0,0.0,0.0,0.0,0.0,ZERO_INTENT,0.7110185571230425,0,2,0,0,24
32.96666666666667,-56.80193922883643,-10.452042164884023,1.5061634207784422,0.0,0.0,0.0,0.0,0.0,0.0,ZERO_INTENT,0.7110185571230425,0,2,0,0,24
32.983333333333334,-56.80193922883643,-10.452042164884023,1.5061634207784422,0.0,0.0,0.0,0.0,0.0,0.0,ZERO_INTENT,0.7110185571230425,0,2,0,0,24
33.0,-56.80193922883643,-10.452042164884023,1.5061634207784422,0.0,0.0,0.0,0.0,0.0,0.0,ZERO_INTENT,0.7110185571230425,0,2,0,0,24
33.016666666666666,-56.80193922883643,-10.452042164884023,1.5061634207784422,0.0,0.0,0.0,0.0,0.0,0.0,ZERO_INTENT,0.7110185571230425,0,2,0,0,24
33.03333333333333,-56.80193922883643,-10.452042164884023,1.5061634207784422,0.0,0.0,0.0,0.0,0.0,0.0,ZERO_INTENT,0.7110185571230425,0,2,0,0,24
33.05,-56.80193922883643,-10.452042164884023,1.5061634207784422,0.0,0.0,0.0,0.0,0.0,0.0,ZERO_INTENT,0.7110185571230425,0,2,0,0,24
33.06666666666667,-56.80193922883643,-10.452042164884023,1.5061634207784422,0.0,0.0,0.0,0.0,0.0,0.0,ZERO_INTENT,0.7110185571230425,0,2,0,0,24
33.083333333333336,-56.80193922883643,-10.452042164884023,1.5061634207784422,0.0,0.0,0.0,0.0,0.0,0.0,ZERO_INTENT,0.7110185571230425,0,2,0,0,24
33.1,-56.80193922883643,-10.452042164884023,1.5061634207784422,0.0,0.0,0.0,0.0,0.0,0.0,ZERO_INTENT,0.7110185571230425,0,2,0,0,24
33.11666666666667,-56.80193922883643,-10.452042164884023,1.5061634207784422,0.0,0.0,0.0,0.0,0.0,0.0,ZERO_INTENT,0.7110185571230425,0,2,0,0,24
33.13333333333333,-56.80193922883643,-10.452042164884023,1.5061634207784422,0.0,0.0,0.0,0.0,0.0,0.0,ZERO_INTENT,0.7110185571230425,0,2,0,0,24
33.15,-56.80193922883643,-10.452042164884023,1.5061634207784422,0.0,0.0,0.0,0.0,0.0,0.0,ZERO_INTENT,0.7110185571230425,0,2,0,0,24
33.166666666666664,-56.80193922883643,-10.452042164884023,1.5061634207784422,0.0,0.0,0.0,0.0,0.0,0.0,ZERO_INTENT,0.7110185571230425,0,2,0,0,24
33.18333333333333,-56.80193922883643,-10.452042164884023,1.5061634207784422,0.0,0.0,0.0,0.0,0.0,0.0,ZERO_INTENT,0.7110185571230425,0,2,0,0,24
33.2,-56.80193922883643,-10.452042164884023,1.5061634207784422,0.0,0.0,0.0,0.0,0.0,0.0,ZERO_INTENT,0.7110185571230425,0,2,0,0,24
33.21666666666667,-56.80193922883643,-10.452042164884023,1.5061634207784422,0.0,0.0,0.0,0.0,0.0,0.0,ZERO_INTENT,0.7110185571230425,0,2,0,0,24
33.233333333333334,-56.80193922883643,-10.452042164884023,1.5061634207784422,0.0,0.0,0.0,0.0,0.0,0.0,ZERO_INTENT,0.7110185571230425,0,2,0,0,24
33.25,-56.80193922883643,-10.452042164884023,1.5061634207784422,0.0,0.0,0.0,0.0,0.0,0.0,ZERO_INTENT,0.7110185571230425,0,2,0,0,24
33.266666666666666,-56.80193922883643,-10.452042164884023,1.5061634207784422,0.0,0.0,0.0,0.0,0.0,0.0,ZERO_INTENT,0.7110185571230425,0,2,0,0,24
33.28333333333333,-56.80193922883643,-10.452042164884023,1.5061634207784422,0.0,0.0,0.0,0.0,0.0,0.0,ZERO_INTENT,0.7110185571230425,0,2,0,0,24
33.3,-56.80193922883643,-10.452042164884023,1.5061634207784422,0.0,0.0,0.0,0.0,0.0,0.0,ZERO_INTENT,0.7110185571230425,0,2,0,0,24
33.31666666666667,-56.80193922883643,-10.452042164884023,1.5061634207784422,0.0,0.0,0.0,0.0,0.0,0.0,ZERO_INTENT,0.7110185571230425,0,2,0,0,24
33.333333333333336,-56.80193922883643,-10.452042164884023,1.5061634207784422,0.0,0.0,0.0,0.0,0.0,0.0,ZERO_INTENT,0.7110185571230425,0,2,0,0,24
33.35,-56.80193922883643,-10.452042164884023,1.5061634207784422,0.0,0.0,0.0,0.0,0.0,0.0,ZERO_INTENT,0.7110185571230425,0,2,0,0,24
33.36666666666667,-56.80193922883643,-10.452042164884023,1.5061634207784422,0.0,0.0,0.0,0.0,0.0,0.0,ZERO_INTENT,0.7110185571230425,0,2,0,0,24
33.38333333333333,-56.80193922883643,-10.452042164884023,1.5061634207784422,0.0,0.0,0.0,0.0,0.0,0.0,ZERO_INTENT,0.7110185571230425,0,2,0,0,24
33.4,-56.80193922883643,-10.452042164884023,1.5061634207784422,0.0,0.0,0.0,0.0,0.0,0.0,ZERO_INTENT,0.7110185571230425,0,2,0,0,24
33.416666666666664,-56.80193922883643,-10.452042164884023,1.5061634207784422,0.0,0.0,0.0,0.0,0.0,0.0,ZERO_INTENT,0.7110185571230425,0,2,0,0,24
33.43333333333333,-56.80193922883643,-10.452042164884023,1.5061634207784422,0.0,0.0,0.0,0.0,0.0,0.0,ZERO_INTENT,0.7110185571230425,0,2,0,0,24
33.45,-56.80193922883643,-10.452042164884023,1.5061634207784422,0.0,0.0,0.0,0.0,0.0,0.0,ZERO_INTENT,0.7110185571230425,0,2,0,0,24
33.46666666666667,-56.80193922883643,-10.452042164884023,1.5061634207784422,0.0,0.0,0.0,0.0,0.0,0.0,ZERO_INTENT,0.7110185571230425,0,2,0,0,24
33.483333333333334,-56.80193922883643,-10.452042164884023,1.5061634207784422,0.0,0.0,0.0,0.0,0.0,0.0,ZERO_INTENT,0.7110185571230425,0,2,0,0,24
33.5,-56.80193922883643,-10.452042164884023,1.5061634207784422,0.0,0.0,0.0,0.0,0.0,0.0,ZERO_INTENT,0.7110185571230425,0,2,0,0,24
33.516666666666666,-56.80193922883643,-10.452042164884023,1.5061634207784422,0.0,0.0,0.0,0.0,0.0,0.0,ZERO_INTENT,0.7110185571230425,0,2,0,0,24
33.53333333333333,-56.80193922883643,-10.452042164884023,1.5061634207784422,0.0,0.0,0.0,0.0,0.0,0.0,ZERO_INTENT,0.7110185571230425,0,2,0,0,24
33.55,-56.80193922883643,-10.452042164884023,1.5061634207784422,0.0,0.0,0.0,0.0,0.0,0.0,ZERO_INTENT,0.7110185571230425,0,2,0,0,24
33.56666666666667,-56.80193922883643,-10.452042164884023,1.5061634207784422,0.0,0.0,0.0,0.0,0.0,0.0,ZERO_INTENT,0.7110185571230425,0,2,0,0,24
33.583333333333336,-56.80193922883643,-10.452042164884023,1.5061634207784422,0.0,0.0,0.0,0.0,0.0,0.0,ZERO_INTENT,0.7110185571230425,0,2,0,0,24
33.6,-56.80193922883643,-10.452042164884023,1.5061634207784422,0.0,0.0,0.0,0.0,0.0,0.0,ZERO_INTENT,0.7110185571230425,0,2,0,0,24
33.61666666666667,-56.80193922883643,-10.452042164884023,1.5061634207784422,0.0,0.0,0.0,0.0,0.0,0.0,ZERO_INTENT,0.7110185571230425,0,2,0,0,24
33.63333333333333,-56.80193922883643,-10.452042164884023,1.5061634207784422,0.0,0.0,0.0,0.0,0.0,0.0,ZERO_INTENT,0.7110185571230425,0,2,0,0,24
33.65,-56.80193922883643,-10.452042164884023,1.5061634207784422,0.0,0.0,0.0,0.0,0.0,0.0,ZERO_INTENT,0.7110185571230425,0,2,0,0,24
33.666666666666664,-56.80193922883643,-10.452042164884023,1.5061634207784422,0.0,0.0,0.0,0.0,0.0,0.0,ZERO_INTENT,0.7110185571230425,0,2,0,0,24
33.68333333333333,-56.80193922883643,-10.452042164884023,1.5061634207784422,0.0,0.0,0.0,0.0,0.0,0.0,ZERO_INTENT,0.7110185571230425,0,2,0,0,24
33.7,-56.80193922883643,-10.452042164884023,1.5061634207784422,0.0,0.0,0.0,0.0,0.0,0.0,ZERO_INTENT,0.7110185571230425,0,2,0,0,24
33.71666666666667,-56.80193922883643,-10.452042164884023,1.5061634207784422,0.0,0.0,0.0,0.0,0.0,0.0,ZERO_INTENT,0.7110185571230425,0,2,0,0,24
33.733333333333334,-56.80193922883643,-10.452042164884023,1.5061634207784422,0.0,0.0,0.0,0.0,0.0,0.0,ZERO_INTENT,0.7110185571230425,0,2,0,0,24
33.75,-56.80193922883643,-10.452042164884023,1.5061634207784422,0.0,0.0,0.0,0.0,0.0,0.0,ZERO_INTENT,0.7110185571230425,0,2,0,0,24
33.766666666666666,-56.80193922883643,-10.452042164884023,1.5061634207784422,0.0,0.0,0.0,0.0,0.0,0.0,ZERO_INTENT,0.7110185571230425,0,2,0,0,24
33.78333333333333,-56.80193922883643,-10.452042164884023,1.5061634207784422,0.0,0.0,0.0,0.0,0.0,0.0,ZERO_INTENT,0.7110185571230425,0,2,0,0,24
33.8,-56.80193922883643,-10.452042164884023,1.5061634207784422,0.0,0.0,0.0,0.0,0.0,0.0,ZERO_INTENT,0.7110185571230425,0,2,0,0,24
33.81666666666667,-56.80193922883643,-10.452042164884023,1.5061634207784422,0.0,0.0,0.0,0.0,0.0,0.0,ZERO_INTENT,0.7110185571230425,0,2,0,0,24
33.833333333333336,-56.80193922883643,-10.452042164884023,1.5061634207784422,0.0,0.0,0.0,0.0,0.0,0.0,ZERO_INTENT,0.7110185571230425,0,2,0,0,24
33.85,-56.80193922883643,-10.452042164884023,1.5061634207784422,0.0,0.0,0.0,0.0,0.0,0.0,ZERO_INTENT,0.7110185571230425,0,2,0,0,24
33.86666666666667,-56.80193922883643,-10.452042164884023,1.5061634207784422,0.0,0.0,0.0,0.0,0.0,0.0,ZERO_INTENT,0.7110185571230425,0,2,0,0,24
33.88333333333333,-56.80193922883643,-10.452042164884023,1.5061634207784422,0.0,0.0,0.0,0.0,0.0,0.0,ZERO_INTENT,0.7110185571230425,0,2,0,0,24
33.9,-56.80193922883643,-10.452042164884023,1.5061634207784422,0.0,0.0,0.0,0.0,0.0,0.0,ZERO_INTENT,0.7110185571230425,0,2,0,0,24
33.916666666666664,-56.80193922883643,-10.452042164884023,1.5061634207784422,0.0,0.0,0.0,0.0,0.0,0.0,ZERO_INTENT,0.7110185571230425,0,2,0,0,24
33.93333333333333,-56.80193922883643,-10.452042164884023,1.5061634207784422,0.0,0.0,0.0,0.0,0.0,0.0,ZERO_INTENT,0.7110185571230425,0,2,0,0,24
33.95,-56.80193922883643,-10.452042164884023,1.5061634207784422,0.0,0.0,0.0,0.0,0.0,0.0,ZERO_INTENT,0.7110185571230425,0,2,0,0,24
33.96666666666667,-56.80193922883643,-10.452042164884023,1.5061634207784422,0.0,0.0,0.0,0.0,0.0,0.0,ZERO_INTENT,0.7110185571230425,0,2,0,0,24
33.983333333333334,-56.80193922883643,-10.452042164884023,1.5061634207784422,0.0,0.0,0.0,0.0,0.0,0.0,ZERO_INTENT,0.7110185571230425,0,2,0,0,24
34.0,-56.80193922883643,-10.452042164884023,1.5061634207784422,0.0,0.0,0.0,0.0,1.0,0.0,ZERO_INTENT,0.7110185571230425,0,2,0,0,24
34.016666666666666,-56.80193922883643,-10.452042164884023,1.5061634207784422,0.0,0.0,0.0,0.0,1.0,0.0,ZERO_INTENT,0.7110185571230425,0,2,0,0,24
34.03333333333333,-56.80193922883643,-10.452042164884023,1.5061634207784422,0.0,0.0,0.0,0.0,1.0,0.0,ZERO_INTENT,0.7110185571230425,0,2,0,0,24
34.05,-56.80193922883643,-10.452042164884023,1.5061634207784422,0.0,0.0,0.0,0.0,1.0,0.0,ZERO_INTENT,0.7110185571230425,0,2,0,0,24
34.06666666666667,-56.80193922883643,-10.452042164884023,1.5061634207784422,0.0,0.0,0.0,0.0,1.0,0.0,UNOBSERVED_BODY_ENVELOPE,0.7110185571230425,0,2,0,0,24
34.083333333333336,-56.80193922883643,-10.452042164884023,1.5061634207784422,0.0,0.0,0.0,0.0,1.0,0.0,UNOBSERVED_BODY_ENVELOPE,0.7110185571230425,0,2,0,0,24
34.1,-56.80193922883643,-10.452042164884023,1.5061634207784422,0.0,0.0,0.0,0.0,1.0,0.0,UNOBSERVED_BODY_ENVELOPE,0.7110185571230425,0,2,0,0,24
34.11666666666667,-56.80193922883643,-10.452042164884023,1.5061634207784422,0.0,0.0,0.0,0.0,1.0,0.0,UNOBSERVED_BODY_ENVELOPE,0.7110185571230425,0,2,0,0,24
34.13333333333333,-56.80193922883643,-10.452042164884023,1.5061634207784422,0.0,0.0,0.0,0.0,1.0,0.0,UNOBSERVED_BODY_ENVELOPE,0.7110185571230425,0,2,0,0,24
34.15,-56.80193922883643,-10.452042164884023,1.5061634207784422,0.0,0.0,0.0,0.0,1.0,0.0,UNOBSERVED_BODY_ENVELOPE,0.7110185571230425,0,2,0,0,24
34.166666666666664,-56.80193922883643,-10.452042164884023,1.5061634207784422,0.0,0.0,0.0,0.0,1.0,0.0,UNOBSERVED_BODY_ENVELOPE,0.7110185571230425,0,2,0,0,24
34.18333333333333,-56.80193922883643,-10.452042164884023,1.5061634207784422,0.0,0.0,0.0,0.0,1.0,0.0,UNOBSERVED_BODY_ENVELOPE,0.7110185571230425,0,2,0,0,24
34.2,-56.80193922883643,-10.452042164884023,1.5061634207784422,0.0,0.0,0.0,0.0,1.0,0.0,UNOBSERVED_BODY_ENVELOPE,0.7110185571230425,0,2,0,0,24
34.21666666666667,-56.80193922883643,-10.452042164884023,1.5061634207784422,0.0,0.0,0.0,0.0,1.0,0.0,UNOBSERVED_BODY_ENVELOPE,0.7110185571230425,0,2,0,0,24
34.233333333333334,-56.80193922883643,-10.452042164884023,1.5061634207784422,0.0,0.0,0.0,0.0,1.0,0.0,UNOBSERVED_BODY_ENVELOPE,0.7110185571230425,0,2,0,0,24
34.25,-56.80193922883643,-10.452042164884023,1.5061634207784422,0.0,0.0,0.0,0.0,1.0,0.0,UNOBSERVED_BODY_ENVELOPE,0.7110185571230425,0,2,0,0,24
34.266666666666666,-56.80193922883643,-10.452042164884023,1.5061634207784422,0.0,0.0,0.0,0.0,1.0,0.0,UNOBSERVED_BODY_ENVELOPE,0.7110185571230425,0,2,0,0,24
34.28333333333333,-56.80193922883643,-10.452042164884023,1.5061634207784422,0.0,0.0,0.0,0.0,1.0,0.0,UNOBSERVED_BODY_ENVELOPE,0.7110185571230425,0,2,0,0,24
34.3,-56.80193922883643,-10.452042164884023,1.5061634207784422,0.0,0.0,0.0,0.0,1.0,0.0,UNOBSERVED_BODY_ENVELOPE,0.7110185571230425,0,2,0,0,24
34.31666666666667,-56.80193922883643,-10.452042164884023,1.5061634207784422,0.0,0.0,0.0,0.0,1.0,0.0,UNOBSERVED_BODY_ENVELOPE,0.7110185571230425,0,2,0,0,24
34.333333333333336,-56.80193922883643,-10.452042164884023,1.5061634207784422,0.0,0.0,0.0,0.0,1.0,0.0,UNOBSERVED_BODY_ENVELOPE,0.7110185571230425,0,2,0,0,24
34.35,-56.80193922883643,-10.452042164884023,1.5061634207784422,0.0,0.0,0.0,0.0,1.0,0.0,UNOBSERVED_BODY_ENVELOPE,0.7110185571230425,0,2,0,0,24
34.36666666666667,-56.80193922883643,-10.452042164884023,1.5061634207784422,0.0,0.0,0.0,0.0,1.0,0.0,UNOBSERVED_BODY_ENVELOPE,0.7110185571230425,0,2,0,0,24
34.38333333333333,-56.80193922883643,-10.452042164884023,1.5061634207784422,0.0,0.0,0.0,0.0,1.0,0.0,UNOBSERVED_BODY_ENVELOPE,0.7110185571230425,0,2,0,0,24
34.4,-56.80193922883643,-10.452042164884023,1.5061634207784422,0.0,0.0,0.0,0.0,1.0,0.0,UNOBSERVED_BODY_ENVELOPE,0.7110185571230425,0,2,0,0,24
34.416666666666664,-56.80193922883643,-10.452042164884023,1.5061634207784422,0.0,0.0,0.0,0.0,1.0,0.0,UNOBSERVED_BODY_ENVELOPE,0.7110185571230425,0,2,0,0,24
34.43333333333333,-56.80193922883643,-10.452042164884023,1.5061634207784422,0.0,0.0,0.0,0.0,1.0,0.0,UNOBSERVED_BODY_ENVELOPE,0.7110185571230425,0,2,0,0,24
34.45,-56.80193922883643,-10.452042164884023,1.5061634207784422,0.0,0.0,0.0,0.0,1.0,0.0,UNOBSERVED_BODY_ENVELOPE,0.7110185571230425,0,2,0,0,24
34.46666666666667,-56.80193922883643,-10.452042164884023,1.5061634207784422,0.0,0.0,0.0,0.0,1.0,0.0,UNOBSERVED_BODY_ENVELOPE,0.7110185571230425,0,2,0,0,24
34.483333333333334,-56.80193922883643,-10.452042164884023,1.5061634207784422,0.0,0.0,0.0,0.0,1.0,0.0,UNOBSERVED_BODY_ENVELOPE,0.7110185571230425,0,2,0,0,24
34.5,-56.80193922883643,-10.452042164884023,1.5061634207784422,0.0,0.0,0.0,0.0,1.0,0.0,UNOBSERVED_BODY_ENVELOPE,0.7110185571230425,0,2,0,0,24
34.516666666666666,-56.80193922883643,-10.452042164884023,1.5061634207784422,0.0,0.0,0.0,0.0,1.0,0.0,UNOBSERVED_BODY_ENVELOPE,0.7110185571230425,0,2,0,0,24
34.53333333333333,-56.80193922883643,-10.452042164884023,1.5061634207784422,0.0,0.0,0.0,0.0,1.0,0.0,UNOBSERVED_BODY_ENVELOPE,0.7110185571230425,0,2,0,0,24
34.55,-56.80193922883643,-10.452042164884023,1.5061634207784422,0.0,0.0,0.0,0.0,1.0,0.0,UNOBSERVED_BODY_ENVELOPE,0.7110185571230425,0,2,0,0,24
34.56666666666667,-56.80193922883643,-10.452042164884023,1.5061634207784422,0.0,0.0,0.0,0.0,1.0,0.0,UNOBSERVED_BODY_ENVELOPE,0.7110185571230425,0,2,0,0,24
34.583333333333336,-56.80193922883643,-10.452042164884023,1.5061634207784422,0.0,0.0,0.0,0.0,1.0,0.0,UNOBSERVED_BODY_ENVELOPE,0.7110185571230425,0,2,0,0,24
34.6,-56.80193922883643,-10.452042164884023,1.5061634207784422,0.0,0.0,0.0,0.0,1.0,0.0,UNOBSERVED_BODY_ENVELOPE,0.7110185571230425,0,2,0,0,24
34.61666666666667,-56.80193922883643,-10.452042164884023,1.5061634207784422,0.0,0.0,0.0,0.0,1.0,0.0,UNOBSERVED_BODY_ENVELOPE,0.7110185571230425,0,2,0,0,24
34.63333333333333,-56.80193922883643,-10.452042164884023,1.5061634207784422,0.0,0.0,0.0,0.0,1.0,0.0,UNOBSERVED_BODY_ENVELOPE,0.7110185571230425,0,2,0,0,24
34.65,-56.80193922883643,-10.452042164884023,1.5061634207784422,0.0,0.0,0.0,0.0,1.0,0.0,UNOBSERVED_BODY_ENVELOPE,0.7110185571230425,0,2,0,0,24
34.666666666666664,-56.80193922883643,-10.452042164884023,1.5061634207784422,0.0,0.0,0.0,0.0,1.0,0.0,UNOBSERVED_BODY_ENVELOPE,0.7110185571230425,0,2,0,0,24
34.68333333333333,-56.80193922883643,-10.452042164884023,1.5061634207784422,0.0,0.0,0.0,0.0,1.0,0.0,UNOBSERVED_BODY_ENVELOPE,0.7110185571230425,0,2,0,0,24
34.7,-56.80193922883643,-10.452042164884023,1.5061634207784422,0.0,0.0,0.0,0.0,1.0,0.0,UNOBSERVED_BODY_ENVELOPE,0.7110185571230425,0,2,0,0,24
34.71666666666667,-56.80193922883643,-10.452042164884023,1.5061634207784422,0.0,0.0,0.0,0.0,1.0,0.0,UNOBSERVED_BODY_ENVELOPE,0.7110185571230425,0,2,0,0,24
34.733333333333334,-56.80193922883643,-10.452042164884023,1.5061634207784422,0.0,0.0,0.0,0.0,1.0,0.0,UNOBSERVED_BODY_ENVELOPE,0.7110185571230425,0,2,0,0,24
34.75,-56.80193922883643,-10.452042164884023,1.5061634207784422,0.0,0.0,0.0,0.0,1.0,0.0,UNOBSERVED_BODY_ENVELOPE,0.7110185571230425,0,2,0,0,24
34.766666666666666,-56.80193922883643,-10.452042164884023,1.5061634207784422,0.0,0.0,0.0,0.0,1.0,0.0,UNOBSERVED_BODY_ENVELOPE,0.7110185571230425,0,2,0,0,24
34.78333333333333,-56.80193922883643,-10.452042164884023,1.5061634207784422,0.0,0.0,0.0,0.0,1.0,0.0,UNOBSERVED_BODY_ENVELOPE,0.7110185571230425,0,2,0,0,24
34.8,-56.80193922883643,-10.452042164884023,1.5061634207784422,0.0,0.0,0.0,0.0,1.0,0.0,UNOBSERVED_BODY_ENVELOPE,0.7110185571230425,0,2,0,0,24
34.81666666666667,-56.80193922883643,-10.452042164884023,1.5061634207784422,0.0,0.0,0.0,0.0,1.0,0.0,UNOBSERVED_BODY_ENVELOPE,0.7110185571230425,0,2,0,0,24
34.833333333333336,-56.80193922883643,-10.452042164884023,1.5061634207784422,0.0,0.0,0.0,0.0,1.0,0.0,UNOBSERVED_BODY_ENVELOPE,0.7110185571230425,0,2,0,0,24
34.85,-56.80193922883643,-10.452042164884023,1.5061634207784422,0.0,0.0,0.0,0.0,1.0,0.0,UNOBSERVED_BODY_ENVELOPE,0.7110185571230425,0,2,0,0,24
34.86666666666667,-56.80193922883643,-10.452042164884023,1.5061634207784422,0.0,0.0,0.0,0.0,1.0,0.0,UNOBSERVED_BODY_ENVELOPE,0.7110185571230425,0,2,0,0,24
34.88333333333333,-56.80193922883643,-10.452042164884023,1.5061634207784422,0.0,0.0,0.0,0.0,1.0,0.0,UNOBSERVED_BODY_ENVELOPE,0.7110185571230425,0,2,0,0,24
34.9,-56.80193922883643,-10.452042164884023,1.5061634207784422,0.0,0.0,0.0,0.0,1.0,0.0,UNOBSERVED_BODY_ENVELOPE,0.7110185571230425,0,2,0,0,24
34.916666666666664,-56.80193922883643,-10.452042164884023,1.5061634207784422,0.0,0.0,0.0,0.0,1.0,0.0,UNOBSERVED_BODY_ENVELOPE,0.7110185571230425,0,2,0,0,24
34.93333333333333,-56.80193922883643,-10.452042164884023,1.5061634207784422,0.0,0.0,0.0,0.0,1.0,0.0,UNOBSERVED_BODY_ENVELOPE,0.7110185571230425,0,2,0,0,24
34.95,-56.80193922883643,-10.452042164884023,1.5061634207784422,0.0,0.0,0.0,0.0,1.0,0.0,UNOBSERVED_BODY_ENVELOPE,0.7110185571230425,0,2,0,0,24
34.96666666666667,-56.80193922883643,-10.452042164884023,1.5061634207784422,0.0,0.0,0.0,0.0,1.0,0.0,UNOBSERVED_BODY_ENVELOPE,0.7110185571230425,0,2,0,0,24
34.983333333333334,-56.80193922883643,-10.452042164884023,1.5061634207784422,0.0,0.0,0.0,0.0,1.0,0.0,UNOBSERVED_BODY_ENVELOPE,0.7110185571230425,0,2,0,0,24
35.0,-56.80193922883643,-10.452042164884023,1.5061634207784422,0.0,0.0,0.0,0.0,1.0,0.0,UNOBSERVED_BODY_ENVELOPE,0.7110185571230425,0,2,0,0,24
35.016666666666666,-56.80193922883643,-10.452042164884023,1.5061634207784422,0.0,0.0,0.0,0.0,1.0,0.0,UNOBSERVED_BODY_ENVELOPE,0.7110185571230425,0,2,0,0,24
35.03333333333333,-56.80193922883643,-10.452042164884023,1.5061634207784422,0.0,0.0,0.0,0.0,1.0,0.0,UNOBSERVED_BODY_ENVELOPE,0.7110185571230425,0,2,0,0,24
35.05,-56.80193922883643,-10.452042164884023,1.5061634207784422,0.0,0.0,0.0,0.0,1.0,0.0,UNOBSERVED_BODY_ENVELOPE,0.7110185571230425,0,2,0,0,24
35.06666666666667,-56.80193922883643,-10.452042164884023,1.5061634207784422,0.0,0.0,0.0,0.0,1.0,0.0,UNOBSERVED_BODY_ENVELOPE,0.7110185571230425,0,2,0,0,24
35.083333333333336,-56.80193922883643,-10.452042164884023,1.5061634207784422,0.0,0.0,0.0,0.0,1.0,0.0,UNOBSERVED_BODY_ENVELOPE,0.7110185571230425,0,2,0,0,24
35.1,-56.80193922883643,-10.452042164884023,1.5061634207784422,0.0,0.0,0.0,0.0,1.0,0.0,UNOBSERVED_BODY_ENVELOPE,0.7110185571230425,0,2,0,0,24
35.11666666666667,-56.80193922883643,-10.452042164884023,1.5061634207784422,0.0,0.0,0.0,0.0,1.0,0.0,UNOBSERVED_BODY_ENVELOPE,0.7110185571230425,0,2,0,0,24
35.13333333333333,-56.80193922883643,-10.452042164884023,1.5061634207784422,0.0,0.0,0.0,0.0,1.0,0.0,UNOBSERVED_BODY_ENVELOPE,0.7110185571230425,0,2,0,0,24
35.15,-56.80193922883643,-10.452042164884023,1.5061634207784422,0.0,0.0,0.0,0.0,1.0,0.0,UNOBSERVED_BODY_ENVELOPE,0.7110185571230425,0,2,0,0,24
35.166666666666664,-56.80193922883643,-10.452042164884023,1.5061634207784422,0.0,0.0,0.0,0.0,1.0,0.0,UNOBSERVED_BODY_ENVELOPE,0.7110185571230425,0,2,0,0,24
35.18333333333333,-56.80193922883643,-10.452042164884023,1.5061634207784422,0.0,0.0,0.0,0.0,1.0,0.0,UNOBSERVED_BODY_ENVELOPE,0.7110185571230425,0,2,0,0,24
35.2,-56.80193922883643,-10.452042164884023,1.5061634207784422,0.0,0.0,0.0,0.0,1.0,0.0,UNOBSERVED_BODY_ENVELOPE,0.7110185571230425,0,2,0,0,24
35.21666666666667,-56.80193922883643,-10.452042164884023,1.5061634207784422,0.0,0.0,0.0,0.0,1.0,0.0,UNOBSERVED_BODY_ENVELOPE,0.7110185571230425,0,2,0,0,24
35.233333333333334,-56.80193922883643,-10.452042164884023,1.5061634207784422,0.0,0.0,0.0,0.0,1.0,0.0,UNOBSERVED_BODY_ENVELOPE,0.7110185571230425,0,2,0,0,24
35.25,-56.80193922883643,-10.452042164884023,1.5061634207784422,0.0,0.0,0.0,0.0,1.0,0.0,UNOBSERVED_BODY_ENVELOPE,0.7110185571230425,0,2,0,0,24
35.266666666666666,-56.80193922883643,-10.452042164884023,1.5061634207784422,0.0,0.0,0.0,0.0,1.0,0.0,UNOBSERVED_BODY_ENVELOPE,0.7110185571230425,0,2,0,0,24
35.28333333333333,-56.80193922883643,-10.452042164884023,1.5061634207784422,0.0,0.0,0.0,0.0,1.0,0.0,UNOBSERVED_BODY_ENVELOPE,0.7110185571230425,0,2,0,0,24
35.3,-56.80193922883643,-10.452042164884023,1.5061634207784422,0.0,0.0,0.0,0.0,1.0,0.0,UNOBSERVED_BODY_ENVELOPE,0.7110185571230425,0,2,0,0,24
35.31666666666667,-56.80193922883643,-10.452042164884023,1.5061634207784422,0.0,0.0,0.0,0.0,1.0,0.0,UNOBSERVED_BODY_ENVELOPE,0.7110185571230425,0,2,0,0,24
35.333333333333336,-56.80193922883643,-10.452042164884023,1.5061634207784422,0.0,0.0,0.0,0.0,1.0,0.0,UNOBSERVED_BODY_ENVELOPE,0.7110185571230425,0,2,0,0,24
35.35,-56.80193922883643,-10.452042164884023,1.5061634207784422,0.0,0.0,0.0,0.0,1.0,0.0,UNOBSERVED_BODY_ENVELOPE,0.7110185571230425,0,2,0,0,24
35.36666666666667,-56.80193922883643,-10.452042164884023,1.5061634207784422,0.0,0.0,0.0,0.0,1.0,0.0,UNOBSERVED_BODY_ENVELOPE,0.7110185571230425,0,2,0,0,24
35.38333333333333,-56.80193922883643,-10.452042164884023,1.5061634207784422,0.0,0.0,0.0,0.0,1.0,0.0,UNOBSERVED_BODY_ENVELOPE,0.7110185571230425,0,2,0,0,24
35.4,-56.80193922883643,-10.452042164884023,1.5061634207784422,0.0,0.0,0.0,0.0,1.0,0.0,UNOBSERVED_BODY_ENVELOPE,0.7110185571230425,0,2,0,0,24
35.416666666666664,-56.80193922883643,-10.452042164884023,1.5061634207784422,0.0,0.0,0.0,0.0,1.0,0.0,UNOBSERVED_BODY_ENVELOPE,0.7110185571230425,0,2,0,0,24
35.43333333333333,-56.80193922883643,-10.452042164884023,1.5061634207784422,0.0,0.0,0.0,0.0,1.0,0.0,UNOBSERVED_BODY_ENVELOPE,0.7110185571230425,0,2,0,0,24
35.45,-56.80193922883643,-10.452042164884023,1.5061634207784422,0.0,0.0,0.0,0.0,1.0,0.0,UNOBSERVED_BODY_ENVELOPE,0.7110185571230425,0,2,0,0,24
35.46666666666667,-56.80193922883643,-10.452042164884023,1.5061634207784422,0.0,0.0,0.0,0.0,1.0,0.0,UNOBSERVED_BODY_ENVELOPE,0.7110185571230425,0,2,0,0,24
35.483333333333334,-56.80193922883643,-10.452042164884023,1.5061634207784422,0.0,0.0,0.0,0.0,1.0,0.0,UNOBSERVED_BODY_ENVELOPE,0.7110185571230425,0,2,0,0,24
35.5,-56.80193922883643,-10.452042164884023,1.5061634207784422,0.0,0.0,0.0,0.0,1.0,0.0,UNOBSERVED_BODY_ENVELOPE,0.7110185571230425,0,2,0,0,24
35.516666666666666,-56.80193922883643,-10.452042164884023,1.5061634207784422,0.0,0.0,0.0,0.0,1.0,0.0,UNOBSERVED_BODY_ENVELOPE,0.7110185571230425,0,2,0,0,24
35.53333333333333,-56.80193922883643,-10.452042164884023,1.5061634207784422,0.0,0.0,0.0,0.0,1.0,0.0,UNOBSERVED_BODY_ENVELOPE,0.7110185571230425,0,2,0,0,24
35.55,-56.80193922883643,-10.452042164884023,1.5061634207784422,0.0,0.0,0.0,0.0,1.0,0.0,UNOBSERVED_BODY_ENVELOPE,0.7110185571230425,0,2,0,0,24
35.56666666666667,-56.80193922883643,-10.452042164884023,1.5061634207784422,0.0,0.0,0.0,0.0,1.0,0.0,UNOBSERVED_BODY_ENVELOPE,0.7110185571230425,0,2,0,0,24
35.583333333333336,-56.80193922883643,-10.452042164884023,1.5061634207784422,0.0,0.0,0.0,0.0,1.0,0.0,UNOBSERVED_BODY_ENVELOPE,0.7110185571230425,0,2,0,0,24
35.6,-56.80193922883643,-10.452042164884023,1.5061634207784422,0.0,0.0,0.0,0.0,1.0,0.0,UNOBSERVED_BODY_ENVELOPE,0.7110185571230425,0,2,0,0,24
35.61666666666667,-56.80193922883643,-10.452042164884023,1.5061634207784422,0.0,0.0,0.0,0.0,1.0,0.0,UNOBSERVED_BODY_ENVELOPE,0.7110185571230425,0,2,0,0,24
35.63333333333333,-56.80193922883643,-10.452042164884023,1.5061634207784422,0.0,0.0,0.0,0.0,1.0,0.0,UNOBSERVED_BODY_ENVELOPE,0.7110185571230425,0,2,0,0,24
35.65,-56.80193922883643,-10.452042164884023,1.5061634207784422,0.0,0.0,0.0,0.0,1.0,0.0,UNOBSERVED_BODY_ENVELOPE,0.7110185571230425,0,2,0,0,24
35.666666666666664,-56.80193922883643,-10.452042164884023,1.5061634207784422,0.0,0.0,0.0,0.0,1.0,0.0,UNOBSERVED_BODY_ENVELOPE,0.7110185571230425,0,2,0,0,24
35.68333333333333,-56.80193922883643,-10.452042164884023,1.5061634207784422,0.0,0.0,0.0,0.0,1.0,0.0,UNOBSERVED_BODY_ENVELOPE,0.7110185571230425,0,2,0,0,24
35.7,-56.80193922883643,-10.452042164884023,1.5061634207784422,0.0,0.0,0.0,0.0,1.0,0.0,UNOBSERVED_BODY_ENVELOPE,0.7110185571230425,0,2,0,0,24
35.71666666666667,-56.80193922883643,-10.452042164884023,1.5061634207784422,0.0,0.0,0.0,0.0,1.0,0.0,UNOBSERVED_BODY_ENVELOPE,0.7110185571230425,0,2,0,0,24
35.733333333333334,-56.80193922883643,-10.452042164884023,1.5061634207784422,0.0,0.0,0.0,0.0,1.0,0.0,UNOBSERVED_BODY_ENVELOPE,0.7110185571230425,0,2,0,0,24
35.75,-56.80193922883643,-10.452042164884023,1.5061634207784422,0.0,0.0,0.0,0.0,1.0,0.0,UNOBSERVED_BODY_ENVELOPE,0.7110185571230425,0,2,0,0,24
35.766666666666666,-56.80193922883643,-10.452042164884023,1.5061634207784422,0.0,0.0,0.0,0.0,1.0,0.0,UNOBSERVED_BODY_ENVELOPE,0.7110185571230425,0,2,0,0,24
35.78333333333333,-56.80193922883643,-10.452042164884023,1.5061634207784422,0.0,0.0,0.0,0.0,1.0,0.0,UNOBSERVED_BODY_ENVELOPE,0.7110185571230425,0,2,0,0,24
35.8,-56.80193922883643,-10.452042164884023,1.5061634207784422,0.0,0.0,0.0,0.0,1.0,0.0,UNOBSERVED_BODY_ENVELOPE,0.7110185571230425,0,2,0,0,24
35.81666666666667,-56.80193922883643,-10.452042164884023,1.5061634207784422,0.0,0.0,0.0,0.0,1.0,0.0,UNOBSERVED_BODY_ENVELOPE,0.7110185571230425,0,2,0,0,24
35.833333333333336,-56.80193922883643,-10.452042164884023,1.5061634207784422,0.0,0.0,0.0,0.0,1.0,0.0,UNOBSERVED_BODY_ENVELOPE,0.7110185571230425,0,2,0,0,24
35.85,-56.80193922883643,-10.452042164884023,1.5061634207784422,0.0,0.0,0.0,0.0,1.0,0.0,UNOBSERVED_BODY_ENVELOPE,0.7110185571230425,0,2,0,0,24
35.86666666666667,-56.80193922883643,-10.452042164884023,1.5061634207784422,0.0,0.0,0.0,0.0,1.0,0.0,UNOBSERVED_BODY_ENVELOPE,0.7110185571230425,0,2,0,0,24
35.88333333333333,-56.80193922883643,-10.452042164884023,1.5061634207784422,0.0,0.0,0.0,0.0,1.0,0.0,UNOBSERVED_BODY_ENVELOPE,0.7110185571230425,0,2,0,0,24
35.9,-56.80193922883643,-10.452042164884023,1.5061634207784422,0.0,0.0,0.0,0.0,1.0,0.0,UNOBSERVED_BODY_ENVELOPE,0.7110185571230425,0,2,0,0,24
35.916666666666664,-56.80193922883643,-10.452042164884023,1.5061634207784422,0.0,0.0,0.0,0.0,1.0,0.0,UNOBSERVED_BODY_ENVELOPE,0.7110185571230425,0,2,0,0,24
35.93333333333333,-56.80193922883643,-10.452042164884023,1.5061634207784422,0.0,0.0,0.0,0.0,1.0,0.0,UNOBSERVED_BODY_ENVELOPE,0.7110185571230425,0,2,0,0,24
35.95,-56.80193922883643,-10.452042164884023,1.5061634207784422,0.0,0.0,0.0,0.0,1.0,0.0,UNOBSERVED_BODY_ENVELOPE,0.7110185571230425,0,2,0,0,24
35.96666666666667,-56.80193922883643,-10.452042164884023,1.5061634207784422,0.0,0.0,0.0,0.0,1.0,0.0,UNOBSERVED_BODY_ENVELOPE,0.7110185571230425,0,2,0,0,24
35.983333333333334,-56.80193922883643,-10.452042164884023,1.5061634207784422,0.0,0.0,0.0,0.0,1.0,0.0,UNOBSERVED_BODY_ENVELOPE,0.7110185571230425,0,2,0,0,24
36.0,-56.80193922883643,-10.452042164884023,1.5061634207784422,0.0,0.0,0.0,0.0,1.0,0.0,UNOBSERVED_BODY_ENVELOPE,0.7110185571230425,0,2,0,0,24
36.016666666666666,-56.80193922883643,-10.452042164884023,1.5061634207784422,0.0,0.0,0.0,0.0,1.0,0.0,UNOBSERVED_BODY_ENVELOPE,0.7110185571230425,0,2,0,0,24
36.03333333333333,-56.80193922883643,-10.452042164884023,1.5061634207784422,0.0,0.0,0.0,0.0,1.0,0.0,UNOBSERVED_BODY_ENVELOPE,0.7110185571230425,0,2,0,0,24
36.05,-56.80193922883643,-10.452042164884023,1.5061634207784422,0.0,0.0,0.0,0.0,1.0,0.0,UNOBSERVED_BODY_ENVELOPE,0.7110185571230425,0,2,0,0,24
36.06666666666667,-56.80193922883643,-10.452042164884023,1.5061634207784422,0.0,0.0,0.0,0.0,1.0,0.0,UNOBSERVED_BODY_ENVELOPE,0.7110185571230425,0,2,0,0,24
36.083333333333336,-56.80193922883643,-10.452042164884023,1.5061634207784422,0.0,0.0,0.0,0.0,1.0,0.0,UNOBSERVED_BODY_ENVELOPE,0.7110185571230425,0,2,0,0,24
36.1,-56.80193922883643,-10.452042164884023,1.5061634207784422,0.0,0.0,0.0,0.0,1.0,0.0,UNOBSERVED_BODY_ENVELOPE,0.7110185571230425,0,2,0,0,24
36.11666666666667,-56.80193922883643,-10.452042164884023,1.5061634207784422,0.0,0.0,0.0,0.0,1.0,0.0,UNOBSERVED_BODY_ENVELOPE,0.7110185571230425,0,2,0,0,24
36.13333333333333,-56.80193922883643,-10.452042164884023,1.5061634207784422,0.0,0.0,0.0,0.0,1.0,0.0,UNOBSERVED_BODY_ENVELOPE,0.7110185571230425,0,2,0,0,24
36.15,-56.80193922883643,-10.452042164884023,1.5061634207784422,0.0,0.0,0.0,0.0,1.0,0.0,UNOBSERVED_BODY_ENVELOPE,0.7110185571230425,0,2,0,0,24
36.166666666666664,-56.80193922883643,-10.452042164884023,1.5061634207784422,0.0,0.0,0.0,0.0,1.0,0.0,UNOBSERVED_BODY_ENVELOPE,0.7110185571230425,0,2,0,0,24
36.18333333333333,-56.80193922883643,-10.452042164884023,1.5061634207784422,0.0,0.0,0.0,0.0,1.0,0.0,UNOBSERVED_BODY_ENVELOPE,0.7110185571230425,0,2,0,0,24
36.2,-56.80193922883643,-10.452042164884023,1.5061634207784422,0.0,0.0,0.0,0.0,1.0,0.0,UNOBSERVED_BODY_ENVELOPE,0.7110185571230425,0,2,0,0,24
36.21666666666667,-56.80193922883643,-10.452042164884023,1.5061634207784422,0.0,0.0,0.0,0.0,1.0,0.0,UNOBSERVED_BODY_ENVELOPE,0.7110185571230425,0,2,0,0,24
36.233333333333334,-56.80193922883643,-10.452042164884023,1.5061634207784422,0.0,0.0,0.0,0.0,1.0,0.0,UNOBSERVED_BODY_ENVELOPE,0.7110185571230425,0,2,0,0,24
36.25,-56.80193922883643,-10.452042164884023,1.5061634207784422,0.0,0.0,0.0,0.0,1.0,0.0,UNOBSERVED_BODY_ENVELOPE,0.7110185571230425,0,2,0,0,24
36.266666666666666,-56.80193922883643,-10.452042164884023,1.5061634207784422,0.0,0.0,0.0,0.0,1.0,0.0,UNOBSERVED_BODY_ENVELOPE,0.7110185571230425,0,2,0,0,24
36.28333333333333,-56.80193922883643,-10.452042164884023,1.5061634207784422,0.0,0.0,0.0,0.0,1.0,0.0,UNOBSERVED_BODY_ENVELOPE,0.7110185571230425,0,2,0,0,24
36.3,-56.80193922883643,-10.452042164884023,1.5061634207784422,0.0,0.0,0.0,0.0,1.0,0.0,UNOBSERVED_BODY_ENVELOPE,0.7110185571230425,0,2,0,0,24
36.31666666666667,-56.80193922883643,-10.452042164884023,1.5061634207784422,0.0,0.0,0.0,0.0,1.0,0.0,UNOBSERVED_BODY_ENVELOPE,0.7110185571230425,0,2,0,0,24
36.333333333333336,-56.80193922883643,-10.452042164884023,1.5061634207784422,0.0,0.0,0.0,0.0,1.0,0.0,UNOBSERVED_BODY_ENVELOPE,0.7110185571230425,0,2,0,0,24
36.35,-56.80193922883643,-10.452042164884023,1.5061634207784422,0.0,0.0,0.0,0.0,1.0,0.0,UNOBSERVED_BODY_ENVELOPE,0.7110185571230425,0,2,0,0,24
36.36666666666667,-56.80193922883643,-10.452042164884023,1.5061634207784422,0.0,0.0,0.0,0.0,1.0,0.0,UNOBSERVED_BODY_ENVELOPE,0.7110185571230425,0,2,0,0,24
36.38333333333333,-56.80193922883643,-10.452042164884023,1.5061634207784422,0.0,0.0,0.0,0.0,1.0,0.0,UNOBSERVED_BODY_ENVELOPE,0.7110185571230425,0,2,0,0,24
36.4,-56.80193922883643,-10.452042164884023,1.5061634207784422,0.0,0.0,0.0,0.0,1.0,0.0,UNOBSERVED_BODY_ENVELOPE,0.7110185571230425,0,2,0,0,24
36.416666666666664,-56.80193922883643,-10.452042164884023,1.5061634207784422,0.0,0.0,0.0,0.0,1.0,0.0,UNOBSERVED_BODY_ENVELOPE,0.7110185571230425,0,2,0,0,24
36.43333333333333,-56.80193922883643,-10.452042164884023,1.5061634207784422,0.0,0.0,0.0,0.0,1.0,0.0,UNOBSERVED_BODY_ENVELOPE,0.7110185571230425,0,2,0,0,24
36.45,-56.80193922883643,-10.452042164884023,1.5061634207784422,0.0,0.0,0.0,0.0,1.0,0.0,UNOBSERVED_BODY_ENVELOPE,0.7110185571230425,0,2,0,0,24
36.46666666666667,-56.80193922883643,-10.452042164884023,1.5061634207784422,0.0,0.0,0.0,0.0,1.0,0.0,UNOBSERVED_BODY_ENVELOPE,0.7110185571230425,0,2,0,0,24
36.483333333333334,-56.80193922883643,-10.452042164884023,1.5061634207784422,0.0,0.0,0.0,0.0,1.0,0.0,UNOBSERVED_BODY_ENVELOPE,0.7110185571230425,0,2,0,0,24
36.5,-56.80193922883643,-10.452042164884023,1.5061634207784422,0.0,0.0,0.0,0.0,1.0,0.0,UNOBSERVED_BODY_ENVELOPE,0.7110185571230425,0,2,0,0,24
36.516666666666666,-56.80193922883643,-10.452042164884023,1.5061634207784422,0.0,0.0,0.0,0.0,1.0,0.0,UNOBSERVED_BODY_ENVELOPE,0.7110185571230425,0,2,0,0,24
36.53333333333333,-56.80193922883643,-10.452042164884023,1.5061634207784422,0.0,0.0,0.0,0.0,1.0,0.0,UNOBSERVED_BODY_ENVELOPE,0.7110185571230425,0,2,0,0,24
36.55,-56.80193922883643,-10.452042164884023,1.5061634207784422,0.0,0.0,0.0,0.0,1.0,0.0,UNOBSERVED_BODY_ENVELOPE,0.7110185571230425,0,2,0,0,24
36.56666666666667,-56.80193922883643,-10.452042164884023,1.5061634207784422,0.0,0.0,0.0,0.0,1.0,0.0,UNOBSERVED_BODY_ENVELOPE,0.7110185571230425,0,2,0,0,24
36.583333333333336,-56.80193922883643,-10.452042164884023,1.5061634207784422,0.0,0.0,0.0,0.0,1.0,0.0,UNOBSERVED_BODY_ENVELOPE,0.7110185571230425,0,2,0,0,24
36.6,-56.80193922883643,-10.452042164884023,1.5061634207784422,0.0,0.0,0.0,0.0,1.0,0.0,UNOBSERVED_BODY_ENVELOPE,0.7110185571230425,0,2,0,0,24
36.61666666666667,-56.80193922883643,-10.452042164884023,1.5061634207784422,0.0,0.0,0.0,0.0,1.0,0.0,UNOBSERVED_BODY_ENVELOPE,0.7110185571230425,0,2,0,0,24
36.63333333333333,-56.80193922883643,-10.452042164884023,1.5061634207784422,0.0,0.0,0.0,0.0,1.0,0.0,UNOBSERVED_BODY_ENVELOPE,0.7110185571230425,0,2,0,0,24
36.65,-56.80193922883643,-10.452042164884023,1.5061634207784422,0.0,0.0,0.0,0.0,1.0,0.0,UNOBSERVED_BODY_ENVELOPE,0.7110185571230425,0,2,0,0,24
36.666666666666664,-56.80193922883643,-10.452042164884023,1.5061634207784422,0.0,0.0,0.0,0.0,1.0,0.0,UNOBSERVED_BODY_ENVELOPE,0.7110185571230425,0,2,0,0,24
36.68333333333333,-56.80193922883643,-10.452042164884023,1.5061634207784422,0.0,0.0,0.0,0.0,1.0,0.0,UNOBSERVED_BODY_ENVELOPE,0.7110185571230425,0,2,0,0,24
36.7,-56.80193922883643,-10.452042164884023,1.5061634207784422,0.0,0.0,0.0,0.0,1.0,0.0,UNOBSERVED_BODY_ENVELOPE,0.7110185571230425,0,2,0,0,24
36.71666666666667,-56.80193922883643,-10.452042164884023,1.5061634207784422,0.0,0.0,0.0,0.0,1.0,0.0,UNOBSERVED_BODY_ENVELOPE,0.7110185571230425,0,2,0,0,24
36.733333333333334,-56.80193922883643,-10.452042164884023,1.5061634207784422,0.0,0.0,0.0,0.0,1.0,0.0,UNOBSERVED_BODY_ENVELOPE,0.7110185571230425,0,2,0,0,24
36.75,-56.80193922883643,-10.452042164884023,1.5061634207784422,0.0,0.0,0.0,0.0,1.0,0.0,UNOBSERVED_BODY_ENVELOPE,0.7110185571230425,0,2,0,0,24
36.766666666666666,-56.80193922883643,-10.452042164884023,1.5061634207784422,0.0,0.0,0.0,0.0,1.0,0.0,UNOBSERVED_BODY_ENVELOPE,0.7110185571230425,0,2,0,0,24
36.78333333333333,-56.80193922883643,-10.452042164884023,1.5061634207784422,0.0,0.0,0.0,0.0,1.0,0.0,UNOBSERVED_BODY_ENVELOPE,0.7110185571230425,0,2,0,0,24
36.8,-56.80193922883643,-10.452042164884023,1.5061634207784422,0.0,0.0,0.0,0.0,1.0,0.0,UNOBSERVED_BODY_ENVELOPE,0.7110185571230425,0,2,0,0,24
36.81666666666667,-56.80193922883643,-10.452042164884023,1.5061634207784422,0.0,0.0,0.0,0.0,1.0,0.0,UNOBSERVED_BODY_ENVELOPE,0.7110185571230425,0,2,0,0,24
36.833333333333336,-56.80193922883643,-10.452042164884023,1.5061634207784422,0.0,0.0,0.0,0.0,1.0,0.0,UNOBSERVED_BODY_ENVELOPE,0.7110185571230425,0,2,0,0,24
36.85,-56.80193922883643,-10.452042164884023,1.5061634207784422,0.0,0.0,0.0,0.0,1.0,0.0,UNOBSERVED_BODY_ENVELOPE,0.7110185571230425,0,2,0,0,24
36.86666666666667,-56.80193922883643,-10.452042164884023,1.5061634207784422,0.0,0.0,0.0,0.0,1.0,0.0,UNOBSERVED_BODY_ENVELOPE,0.7110185571230425,0,2,0,0,24
36.88333333333333,-56.80193922883643,-10.452042164884023,1.5061634207784422,0.0,0.0,0.0,0.0,1.0,0.0,UNOBSERVED_BODY_ENVELOPE,0.7110185571230425,0,2,0,0,24
36.9,-56.80193922883643,-10.452042164884023,1.5061634207784422,0.0,0.0,0.0,0.0,1.0,0.0,UNOBSERVED_BODY_ENVELOPE,0.7110185571230425,0,2,0,0,24
36.916666666666664,-56.80193922883643,-10.452042164884023,1.5061634207784422,0.0,0.0,0.0,0.0,1.0,0.0,UNOBSERVED_BODY_ENVELOPE,0.7110185571230425,0,2,0,0,24
36.93333333333333,-56.80193922883643,-10.452042164884023,1.5061634207784422,0.0,0.0,0.0,0.0,1.0,0.0,UNOBSERVED_BODY_ENVELOPE,0.7110185571230425,0,2,0,0,24
36.95,-56.80193922883643,-10.452042164884023,1.5061634207784422,0.0,0.0,0.0,0.0,1.0,0.0,UNOBSERVED_BODY_ENVELOPE,0.7110185571230425,0,2,0,0,24
36.96666666666667,-56.80193922883643,-10.452042164884023,1.5061634207784422,0.0,0.0,0.0,0.0,1.0,0.0,UNOBSERVED_BODY_ENVELOPE,0.7110185571230425,0,2,0,0,24
36.983333333333334,-56.80193922883643,-10.452042164884023,1.5061634207784422,0.0,0.0,0.0,0.0,1.0,0.0,UNOBSERVED_BODY_ENVELOPE,0.7110185571230425,0,2,0,0,24
37.0,-56.80193922883643,-10.452042164884023,1.5061634207784422,0.0,0.0,0.0,0.0,1.0,0.0,UNOBSERVED_BODY_ENVELOPE,0.7110185571230425,0,2,0,0,24
37.016666666666666,-56.80193922883643,-10.452042164884023,1.5061634207784422,0.0,0.0,0.0,0.0,1.0,0.0,UNOBSERVED_BODY_ENVELOPE,0.7110185571230425,0,2,0,0,24
37.03333333333333,-56.80193922883643,-10.452042164884023,1.5061634207784422,0.0,0.0,0.0,0.0,1.0,0.0,UNOBSERVED_BODY_ENVELOPE,0.7110185571230425,0,2,0,0,24
37.05,-56.80193922883643,-10.452042164884023,1.5061634207784422,0.0,0.0,0.0,0.0,1.0,0.0,UNOBSERVED_BODY_ENVELOPE,0.7110185571230425,0,2,0,0,24
37.06666666666667,-56.80193922883643,-10.452042164884023,1.5061634207784422,0.0,0.0,0.0,0.0,1.0,0.0,UNOBSERVED_BODY_ENVELOPE,0.7110185571230425,0,2,0,0,24
37.083333333333336,-56.80193922883643,-10.452042164884023,1.5061634207784422,0.0,0.0,0.0,0.0,1.0,0.0,UNOBSERVED_BODY_ENVELOPE,0.7110185571230425,0,2,0,0,24
37.1,-56.80193922883643,-10.452042164884023,1.5061634207784422,0.0,0.0,0.0,0.0,1.0,0.0,UNOBSERVED_BODY_ENVELOPE,0.7110185571230425,0,2,0,0,24
37.11666666666667,-56.80193922883643,-10.452042164884023,1.5061634207784422,0.0,0.0,0.0,0.0,1.0,0.0,UNOBSERVED_BODY_ENVELOPE,0.7110185571230425,0,2,0,0,24
37.13333333333333,-56.80193922883643,-10.452042164884023,1.5061634207784422,0.0,0.0,0.0,0.0,1.0,0.0,UNOBSERVED_BODY_ENVELOPE,0.7110185571230425,0,2,0,0,24
37.15,-56.80193922883643,-10.452042164884023,1.5061634207784422,0.0,0.0,0.0,0.0,1.0,0.0,UNOBSERVED_BODY_ENVELOPE,0.7110185571230425,0,2,0,0,24
37.166666666666664,-56.80193922883643,-10.452042164884023,1.5061634207784422,0.0,0.0,0.0,0.0,1.0,0.0,UNOBSERVED_BODY_ENVELOPE,0.7110185571230425,0,2,0,0,24
37.18333333333333,-56.80193922883643,-10.452042164884023,1.5061634207784422,0.0,0.0,0.0,0.0,1.0,0.0,UNOBSERVED_BODY_ENVELOPE,0.7110185571230425,0,2,0,0,24
37.2,-56.80193922883643,-10.452042164884023,1.5061634207784422,0.0,0.0,0.0,0.0,1.0,0.0,UNOBSERVED_BODY_ENVELOPE,0.7110185571230425,0,2,0,0,24
37.21666666666667,-56.80193922883643,-10.452042164884023,1.5061634207784422,0.0,0.0,0.0,0.0,1.0,0.0,UNOBSERVED_BODY_ENVELOPE,0.7110185571230425,0,2,0,0,24
37.233333333333334,-56.80193922883643,-10.452042164884023,1.5061634207784422,0.0,0.0,0.0,0.0,1.0,0.0,UNOBSERVED_BODY_ENVELOPE,0.7110185571230425,0,2,0,0,24
37.25,-56.80193922883643,-10.452042164884023,1.5061634207784422,0.0,0.0,0.0,0.0,1.0,0.0,UNOBSERVED_BODY_ENVELOPE,0.7110185571230425,0,2,0,0,24
37.266666666666666,-56.80193922883643,-10.452042164884023,1.5061634207784422,0.0,0.0,0.0,0.0,1.0,0.0,UNOBSERVED_BODY_ENVELOPE,0.7110185571230425,0,2,0,0,24
37.28333333333333,-56.80193922883643,-10.452042164884023,1.5061634207784422,0.0,0.0,0.0,0.0,1.0,0.0,UNOBSERVED_BODY_ENVELOPE,0.7110185571230425,0,2,0,0,24
37.3,-56.80193922883643,-10.452042164884023,1.5061634207784422,0.0,0.0,0.0,0.0,1.0,0.0,UNOBSERVED_BODY_ENVELOPE,0.7110185571230425,0,2,0,0,24
37.31666666666667,-56.80193922883643,-10.452042164884023,1.5061634207784422,0.0,0.0,0.0,0.0,1.0,0.0,UNOBSERVED_BODY_ENVELOPE,0.7110185571230425,0,2,0,0,24
37.333333333333336,-56.80193922883643,-10.452042164884023,1.5061634207784422,0.0,0.0,0.0,0.0,1.0,0.0,UNOBSERVED_BODY_ENVELOPE,0.7110185571230425,0,2,0,0,24
37.35,-56.80193922883643,-10.452042164884023,1.5061634207784422,0.0,0.0,0.0,0.0,1.0,0.0,UNOBSERVED_BODY_ENVELOPE,0.7110185571230425,0,2,0,0,24
37.36666666666667,-56.80193922883643,-10.452042164884023,1.5061634207784422,0.0,0.0,0.0,0.0,1.0,0.0,UNOBSERVED_BODY_ENVELOPE,0.7110185571230425,0,2,0,0,24
37.38333333333333,-56.80193922883643,-10.452042164884023,1.5061634207784422,0.0,0.0,0.0,0.0,1.0,0.0,UNOBSERVED_BODY_ENVELOPE,0.7110185571230425,0,2,0,0,24
37.4,-56.80193922883643,-10.452042164884023,1.5061634207784422,0.0,0.0,0.0,0.0,1.0,0.0,UNOBSERVED_BODY_ENVELOPE,0.7110185571230425,0,2,0,0,24
37.416666666666664,-56.80193922883643,-10.452042164884023,1.5061634207784422,0.0,0.0,0.0,0.0,1.0,0.0,UNOBSERVED_BODY_ENVELOPE,0.7110185571230425,0,2,0,0,24
37.43333333333333,-56.80193922883643,-10.452042164884023,1.5061634207784422,0.0,0.0,0.0,0.0,1.0,0.0,UNOBSERVED_BODY_ENVELOPE,0.7110185571230425,0,2,0,0,24
37.45,-56.80193922883643,-10.452042164884023,1.5061634207784422,0.0,0.0,0.0,0.0,1.0,0.0,UNOBSERVED_BODY_ENVELOPE,0.7110185571230425,0,2,0,0,24
37.46666666666667,-56.80193922883643,-10.452042164884023,1.5061634207784422,0.0,0.0,0.0,0.0,1.0,0.0,UNOBSERVED_BODY_ENVELOPE,0.7110185571230425,0,2,0,0,24
37.483333333333334,-56.80193922883643,-10.452042164884023,1.5061634207784422,0.0,0.0,0.0,0.0,1.0,0.0,UNOBSERVED_BODY_ENVELOPE,0.7110185571230425,0,2,0,0,24
37.5,-56.80193922883643,-10.452042164884023,1.5061634207784422,0.0,0.0,0.0,0.0,1.0,0.0,UNOBSERVED_BODY_ENVELOPE,0.7110185571230425,0,2,0,0,24
37.516666666666666,-56.80193922883643,-10.452042164884023,1.5061634207784422,0.0,0.0,0.0,0.0,1.0,0.0,UNOBSERVED_BODY_ENVELOPE,0.7110185571230425,0,2,0,0,24
37.53333333333333,-56.80193922883643,-10.452042164884023,1.5061634207784422,0.0,0.0,0.0,0.0,1.0,0.0,UNOBSERVED_BODY_ENVELOPE,0.7110185571230425,0,2,0,0,24
37.55,-56.80193922883643,-10.452042164884023,1.5061634207784422,0.0,0.0,0.0,0.0,1.0,0.0,UNOBSERVED_BODY_ENVELOPE,0.7110185571230425,0,2,0,0,24
37.56666666666667,-56.80193922883643,-10.452042164884023,1.5061634207784422,0.0,0.0,0.0,0.0,1.0,0.0,UNOBSERVED_BODY_ENVELOPE,0.7110185571230425,0,2,0,0,24
37.583333333333336,-56.80193922883643,-10.452042164884023,1.5061634207784422,0.0,0.0,0.0,0.0,1.0,0.0,UNOBSERVED_BODY_ENVELOPE,0.7110185571230425,0,2,0,0,24
37.6,-56.80193922883643,-10.452042164884023,1.5061634207784422,0.0,0.0,0.0,0.0,1.0,0.0,UNOBSERVED_BODY_ENVELOPE,0.7110185571230425,0,2,0,0,24
37.61666666666667,-56.80193922883643,-10.452042164884023,1.5061634207784422,0.0,0.0,0.0,0.0,1.0,0.0,UNOBSERVED_BODY_ENVELOPE,0.7110185571230425,0,2,0,0,24
37.63333333333333,-56.80193922883643,-10.452042164884023,1.5061634207784422,0.0,0.0,0.0,0.0,1.0,0.0,UNOBSERVED_BODY_ENVELOPE,0.7110185571230425,0,2,0,0,24
37.65,-56.80193922883643,-10.452042164884023,1.5061634207784422,0.0,0.0,0.0,0.0,1.0,0.0,UNOBSERVED_BODY_ENVELOPE,0.7110185571230425,0,2,0,0,24
37.666666666666664,-56.80193922883643,-10.452042164884023,1.5061634207784422,0.0,0.0,0.0,0.0,1.0,0.0,UNOBSERVED_BODY_ENVELOPE,0.7110185571230425,0,2,0,0,24
37.68333333333333,-56.80193922883643,-10.452042164884023,1.5061634207784422,0.0,0.0,0.0,0.0,1.0,0.0,UNOBSERVED_BODY_ENVELOPE,0.7110185571230425,0,2,0,0,24
37.7,-56.80193922883643,-10.452042164884023,1.5061634207784422,0.0,0.0,0.0,0.0,1.0,0.0,UNOBSERVED_BODY_ENVELOPE,0.7110185571230425,0,2,0,0,24
37.71666666666667,-56.80193922883643,-10.452042164884023,1.5061634207784422,0.0,0.0,0.0,0.0,1.0,0.0,UNOBSERVED_BODY_ENVELOPE,0.7110185571230425,0,2,0,0,24
37.733333333333334,-56.80193922883643,-10.452042164884023,1.5061634207784422,0.0,0.0,0.0,0.0,1.0,0.0,UNOBSERVED_BODY_ENVELOPE,0.7110185571230425,0,2,0,0,24
37.75,-56.80193922883643,-10.452042164884023,1.5061634207784422,0.0,0.0,0.0,0.0,1.0,0.0,UNOBSERVED_BODY_ENVELOPE,0.7110185571230425,0,2,0,0,24
37.766666666666666,-56.80193922883643,-10.452042164884023,1.5061634207784422,0.0,0.0,0.0,0.0,1.0,0.0,UNOBSERVED_BODY_ENVELOPE,0.7110185571230425,0,2,0,0,24
37.78333333333333,-56.80193922883643,-10.452042164884023,1.5061634207784422,0.0,0.0,0.0,0.0,1.0,0.0,UNOBSERVED_BODY_ENVELOPE,0.7110185571230425,0,2,0,0,24
37.8,-56.80193922883643,-10.452042164884023,1.5061634207784422,0.0,0.0,0.0,0.0,1.0,0.0,UNOBSERVED_BODY_ENVELOPE,0.7110185571230425,0,2,0,0,24
37.81666666666667,-56.80193922883643,-10.452042164884023,1.5061634207784422,0.0,0.0,0.0,0.0,1.0,0.0,UNOBSERVED_BODY_ENVELOPE,0.7110185571230425,0,2,0,0,24
37.833333333333336,-56.80193922883643,-10.452042164884023,1.5061634207784422,0.0,0.0,0.0,0.0,1.0,0.0,UNOBSERVED_BODY_ENVELOPE,0.7110185571230425,0,2,0,0,24
37.85,-56.80193922883643,-10.452042164884023,1.5061634207784422,0.0,0.0,0.0,0.0,1.0,0.0,UNOBSERVED_BODY_ENVELOPE,0.7110185571230425,0,2,0,0,24
37.86666666666667,-56.80193922883643,-10.452042164884023,1.5061634207784422,0.0,0.0,0.0,0.0,1.0,0.0,UNOBSERVED_BODY_ENVELOPE,0.7110185571230425,0,2,0,0,24
37.88333333333333,-56.80193922883643,-10.452042164884023,1.5061634207784422,0.0,0.0,0.0,0.0,1.0,0.0,UNOBSERVED_BODY_ENVELOPE,0.7110185571230425,0,2,0,0,24
37.9,-56.80193922883643,-10.452042164884023,1.5061634207784422,0.0,0.0,0.0,0.0,1.0,0.0,UNOBSERVED_BODY_ENVELOPE,0.7110185571230425,0,2,0,0,24
37.916666666666664,-56.80193922883643,-10.452042164884023,1.5061634207784422,0.0,0.0,0.0,0.0,1.0,0.0,UNOBSERVED_BODY_ENVELOPE,0.7110185571230425,0,2,0,0,24
37.93333333333333,-56.80193922883643,-10.452042164884023,1.5061634207784422,0.0,0.0,0.0,0.0,1.0,0.0,UNOBSERVED_BODY_ENVELOPE,0.7110185571230425,0,2,0,0,24
37.95,-56.80193922883643,-10.452042164884023,1.5061634207784422,0.0,0.0,0.0,0.0,1.0,0.0,UNOBSERVED_BODY_ENVELOPE,0.7110185571230425,0,2,0,0,24
37.96666666666667,-56.80193922883643,-10.452042164884023,1.5061634207784422,0.0,0.0,0.0,0.0,1.0,0.0,UNOBSERVED_BODY_ENVELOPE,0.7110185571230425,0,2,0,0,24
37.983333333333334,-56.80193922883643,-10.452042164884023,1.5061634207784422,0.0,0.0,0.0,0.0,1.0,0.0,UNOBSERVED_BODY_ENVELOPE,0.7110185571230425,0,2,0,0,24
38.0,-56.80193922883643,-10.452042164884023,1.5061634207784422,0.0,0.0,0.0,0.0,1.0,0.0,UNOBSERVED_BODY_ENVELOPE,0.7110185571230425,0,2,0,0,24
38.016666666666666,-56.80193922883643,-10.452042164884023,1.5061634207784422,0.0,0.0,0.0,0.0,1.0,0.0,UNOBSERVED_BODY_ENVELOPE,0.7110185571230425,0,2,0,0,24
38.03333333333333,-56.80193922883643,-10.452042164884023,1.5061634207784422,0.0,0.0,0.0,0.0,1.0,0.0,UNOBSERVED_BODY_ENVELOPE,0.7110185571230425,0,2,0,0,24
38.05,-56.80193922883643,-10.452042164884023,1.5061634207784422,0.0,0.0,0.0,0.0,1.0,0.0,UNOBSERVED_BODY_ENVELOPE,0.7110185571230425,0,2,0,0,24
38.06666666666667,-56.80193922883643,-10.452042164884023,1.5061634207784422,0.0,0.0,0.0,0.0,1.0,0.0,UNOBSERVED_BODY_ENVELOPE,0.7110185571230425,0,2,0,0,24
38.083333333333336,-56.80193922883643,-10.452042164884023,1.5061634207784422,0.0,0.0,0.0,0.0,1.0,0.0,UNOBSERVED_BODY_ENVELOPE,0.7110185571230425,0,2,0,0,24
38.1,-56.80193922883643,-10.452042164884023,1.5061634207784422,0.0,0.0,0.0,0.0,1.0,0.0,UNOBSERVED_BODY_ENVELOPE,0.7110185571230425,0,2,0,0,24
38.11666666666667,-56.80193922883643,-10.452042164884023,1.5061634207784422,0.0,0.0,0.0,0.0,1.0,0.0,UNOBSERVED_BODY_ENVELOPE,0.7110185571230425,0,2,0,0,24
38.13333333333333,-56.80193922883643,-10.452042164884023,1.5061634207784422,0.0,0.0,0.0,0.0,1.0,0.0,UNOBSERVED_BODY_ENVELOPE,0.7110185571230425,0,2,0,0,24
38.15,-56.80193922883643,-10.452042164884023,1.5061634207784422,0.0,0.0,0.0,0.0,1.0,0.0,UNOBSERVED_BODY_ENVELOPE,0.7110185571230425,0,2,0,0,24
38.166666666666664,-56.80193922883643,-10.452042164884023,1.5061634207784422,0.0,0.0,0.0,0.0,1.0,0.0,UNOBSERVED_BODY_ENVELOPE,0.7110185571230425,0,2,0,0,24
38.18333333333333,-56.80193922883643,-10.452042164884023,1.5061634207784422,0.0,0.0,0.0,0.0,1.0,0.0,UNOBSERVED_BODY_ENVELOPE,0.7110185571230425,0,2,0,0,24
38.2,-56.80193922883643,-10.452042164884023,1.5061634207784422,0.0,0.0,0.0,0.0,1.0,0.0,UNOBSERVED_BODY_ENVELOPE,0.7110185571230425,0,2,0,0,24
38.21666666666667,-56.80193922883643,-10.452042164884023,1.5061634207784422,0.0,0.0,0.0,0.0,1.0,0.0,UNOBSERVED_BODY_ENVELOPE,0.7110185571230425,0,2,0,0,24
38.233333333333334,-56.80193922883643,-10.452042164884023,1.5061634207784422,0.0,0.0,0.0,0.0,1.0,0.0,UNOBSERVED_BODY_ENVELOPE,0.7110185571230425,0,2,0,0,24
38.25,-56.80193922883643,-10.452042164884023,1.5061634207784422,0.0,0.0,0.0,0.0,1.0,0.0,UNOBSERVED_BODY_ENVELOPE,0.7110185571230425,0,2,0,0,24
38.266666666666666,-56.80193922883643,-10.452042164884023,1.5061634207784422,0.0,0.0,0.0,0.0,1.0,0.0,UNOBSERVED_BODY_ENVELOPE,0.7110185571230425,0,2,0,0,24
38.28333333333333,-56.80193922883643,-10.452042164884023,1.5061634207784422,0.0,0.0,0.0,0.0,1.0,0.0,UNOBSERVED_BODY_ENVELOPE,0.7110185571230425,0,2,0,0,24
38.3,-56.80193922883643,-10.452042164884023,1.5061634207784422,0.0,0.0,0.0,0.0,1.0,0.0,UNOBSERVED_BODY_ENVELOPE,0.7110185571230425,0,2,0,0,24
38.31666666666667,-56.80193922883643,-10.452042164884023,1.5061634207784422,0.0,0.0,0.0,0.0,1.0,0.0,UNOBSERVED_BODY_ENVELOPE,0.7110185571230425,0,2,0,0,24
38.333333333333336,-56.80193922883643,-10.452042164884023,1.5061634207784422,0.0,0.0,0.0,0.0,1.0,0.0,UNOBSERVED_BODY_ENVELOPE,0.7110185571230425,0,2,0,0,24
38.35,-56.80193922883643,-10.452042164884023,1.5061634207784422,0.0,0.0,0.0,0.0,1.0,0.0,UNOBSERVED_BODY_ENVELOPE,0.7110185571230425,0,2,0,0,24
38.36666666666667,-56.80193922883643,-10.452042164884023,1.5061634207784422,0.0,0.0,0.0,0.0,1.0,0.0,UNOBSERVED_BODY_ENVELOPE,0.7110185571230425,0,2,0,0,24
38.38333333333333,-56.80193922883643,-10.452042164884023,1.5061634207784422,0.0,0.0,0.0,0.0,1.0,0.0,UNOBSERVED_BODY_ENVELOPE,0.7110185571230425,0,2,0,0,24
38.4,-56.80193922883643,-10.452042164884023,1.5061634207784422,0.0,0.0,0.0,0.0,1.0,0.0,UNOBSERVED_BODY_ENVELOPE,0.7110185571230425,0,2,0,0,24
38.416666666666664,-56.80193922883643,-10.452042164884023,1.5061634207784422,0.0,0.0,0.0,0.0,1.0,0.0,UNOBSERVED_BODY_ENVELOPE,0.7110185571230425,0,2,0,0,24
38.43333333333333,-56.80193922883643,-10.452042164884023,1.5061634207784422,0.0,0.0,0.0,0.0,1.0,0.0,UNOBSERVED_BODY_ENVELOPE,0.7110185571230425,0,2,0,0,24
38.45,-56.80193922883643,-10.452042164884023,1.5061634207784422,0.0,0.0,0.0,0.0,1.0,0.0,UNOBSERVED_BODY_ENVELOPE,0.7110185571230425,0,2,0,0,24
38.46666666666667,-56.80193922883643,-10.452042164884023,1.5061634207784422,0.0,0.0,0.0,0.0,1.0,0.0,UNOBSERVED_BODY_ENVELOPE,0.7110185571230425,0,2,0,0,24
38.483333333333334,-56.80193922883643,-10.452042164884023,1.5061634207784422,0.0,0.0,0.0,0.0,1.0,0.0,UNOBSERVED_BODY_ENVELOPE,0.7110185571230425,0,2,0,0,24
38.5,-56.80193922883643,-10.452042164884023,1.5061634207784422,0.0,0.0,0.0,0.0,1.0,0.0,UNOBSERVED_BODY_ENVELOPE,0.7110185571230425,0,2,0,0,24
38.516666666666666,-56.80193922883643,-10.452042164884023,1.5061634207784422,0.0,0.0,0.0,0.0,1.0,0.0,UNOBSERVED_BODY_ENVELOPE,0.7110185571230425,0,2,0,0,24
38.53333333333333,-56.80193922883643,-10.452042164884023,1.5061634207784422,0.0,0.0,0.0,0.0,1.0,0.0,UNOBSERVED_BODY_ENVELOPE,0.7110185571230425,0,2,0,0,24
38.55,-56.80193922883643,-10.452042164884023,1.5061634207784422,0.0,0.0,0.0,0.0,1.0,0.0,UNOBSERVED_BODY_ENVELOPE,0.7110185571230425,0,2,0,0,24
38.56666666666667,-56.80193922883643,-10.452042164884023,1.5061634207784422,0.0,0.0,0.0,0.0,1.0,0.0,UNOBSERVED_BODY_ENVELOPE,0.7110185571230425,0,2,0,0,24
38.583333333333336,-56.80193922883643,-10.452042164884023,1.5061634207784422,0.0,0.0,0.0,0.0,1.0,0.0,UNOBSERVED_BODY_ENVELOPE,0.7110185571230425,0,2,0,0,24
38.6,-56.80193922883643,-10.452042164884023,1.5061634207784422,0.0,0.0,0.0,0.0,1.0,0.0,UNOBSERVED_BODY_ENVELOPE,0.7110185571230425,0,2,0,0,24
38.61666666666667,-56.80193922883643,-10.452042164884023,1.5061634207784422,0.0,0.0,0.0,0.0,1.0,0.0,UNOBSERVED_BODY_ENVELOPE,0.7110185571230425,0,2,0,0,24
38.63333333333333,-56.80193922883643,-10.452042164884023,1.5061634207784422,0.0,0.0,0.0,0.0,1.0,0.0,UNOBSERVED_BODY_ENVELOPE,0.7110185571230425,0,2,0,0,24
38.65,-56.80193922883643,-10.452042164884023,1.5061634207784422,0.0,0.0,0.0,0.0,1.0,0.0,UNOBSERVED_BODY_ENVELOPE,0.7110185571230425,0,2,0,0,24
38.666666666666664,-56.80193922883643,-10.452042164884023,1.5061634207784422,0.0,0.0,0.0,0.0,1.0,0.0,UNOBSERVED_BODY_ENVELOPE,0.7110185571230425,0,2,0,0,24
38.68333333333333,-56.80193922883643,-10.452042164884023,1.5061634207784422,0.0,0.0,0.0,0.0,1.0,0.0,UNOBSERVED_BODY_ENVELOPE,0.7110185571230425,0,2,0,0,24
38.7,-56.80193922883643,-10.452042164884023,1.5061634207784422,0.0,0.0,0.0,0.0,1.0,0.0,UNOBSERVED_BODY_ENVELOPE,0.7110185571230425,0,2,0,0,24
38.71666666666667,-56.80193922883643,-10.452042164884023,1.5061634207784422,0.0,0.0,0.0,0.0,1.0,0.0,UNOBSERVED_BODY_ENVELOPE,0.7110185571230425,0,2,0,0,24
38.733333333333334,-56.80193922883643,-10.452042164884023,1.5061634207784422,0.0,0.0,0.0,0.0,1.0,0.0,UNOBSERVED_BODY_ENVELOPE,0.7110185571230425,0,2,0,0,24
38.75,-56.80193922883643,-10.452042164884023,1.5061634207784422,0.0,0.0,0.0,0.0,1.0,0.0,UNOBSERVED_BODY_ENVELOPE,0.7110185571230425,0,2,0,0,24
38.766666666666666,-56.80193922883643,-10.452042164884023,1.5061634207784422,0.0,0.0,0.0,0.0,1.0,0.0,UNOBSERVED_BODY_ENVELOPE,0.7110185571230425,0,2,0,0,24
38.78333333333333,-56.80193922883643,-10.452042164884023,1.5061634207784422,0.0,0.0,0.0,0.0,1.0,0.0,UNOBSERVED_BODY_ENVELOPE,0.7110185571230425,0,2,0,0,24
38.8,-56.80193922883643,-10.452042164884023,1.5061634207784422,0.0,0.0,0.0,0.0,1.0,0.0,UNOBSERVED_BODY_ENVELOPE,0.7110185571230425,0,2,0,0,24
38.81666666666667,-56.80193922883643,-10.452042164884023,1.5061634207784422,0.0,0.0,0.0,0.0,1.0,0.0,UNOBSERVED_BODY_ENVELOPE,0.7110185571230425,0,2,0,0,24
38.833333333333336,-56.80193922883643,-10.452042164884023,1.5061634207784422,0.0,0.0,0.0,0.0,1.0,0.0,UNOBSERVED_BODY_ENVELOPE,0.7110185571230425,0,2,0,0,24
38.85,-56.80193922883643,-10.452042164884023,1.5061634207784422,0.0,0.0,0.0,0.0,1.0,0.0,UNOBSERVED_BODY_ENVELOPE,0.7110185571230425,0,2,0,0,24
38.86666666666667,-56.80193922883643,-10.452042164884023,1.5061634207784422,0.0,0.0,0.0,0.0,1.0,0.0,UNOBSERVED_BODY_ENVELOPE,0.7110185571230425,0,2,0,0,24
38.88333333333333,-56.80193922883643,-10.452042164884023,1.5061634207784422,0.0,0.0,0.0,0.0,1.0,0.0,UNOBSERVED_BODY_ENVELOPE,0.7110185571230425,0,2,0,0,24
38.9,-56.80193922883643,-10.452042164884023,1.5061634207784422,0.0,0.0,0.0,0.0,1.0,0.0,UNOBSERVED_BODY_ENVELOPE,0.7110185571230425,0,2,0,0,24
38.916666666666664,-56.80193922883643,-10.452042164884023,1.5061634207784422,0.0,0.0,0.0,0.0,1.0,0.0,UNOBSERVED_BODY_ENVELOPE,0.7110185571230425,0,2,0,0,24
38.93333333333333,-56.80193922883643,-10.452042164884023,1.5061634207784422,0.0,0.0,0.0,0.0,1.0,0.0,UNOBSERVED_BODY_ENVELOPE,0.7110185571230425,0,2,0,0,24
38.95,-56.80193922883643,-10.452042164884023,1.5061634207784422,0.0,0.0,0.0,0.0,1.0,0.0,UNOBSERVED_BODY_ENVELOPE,0.7110185571230425,0,2,0,0,24
38.96666666666667,-56.80193922883643,-10.452042164884023,1.5061634207784422,0.0,0.0,0.0,0.0,1.0,0.0,UNOBSERVED_BODY_ENVELOPE,0.7110185571230425,0,2,0,0,24
38.983333333333334,-56.80193922883643,-10.452042164884023,1.5061634207784422,0.0,0.0,0.0,0.0,1.0,0.0,UNOBSERVED_BODY_ENVELOPE,0.7110185571230425,0,2,0,0,24
39.0,-56.80193922883643,-10.452042164884023,1.5061634207784422,0.0,0.0,0.0,0.0,1.0,0.0,UNOBSERVED_BODY_ENVELOPE,0.7110185571230425,0,2,0,0,24
39.016666666666666,-56.80193922883643,-10.452042164884023,1.5061634207784422,0.0,0.0,0.0,0.0,1.0,0.0,UNOBSERVED_BODY_ENVELOPE,0.7110185571230425,0,2,0,0,24
39.03333333333333,-56.80193922883643,-10.452042164884023,1.5061634207784422,0.0,0.0,0.0,0.0,1.0,0.0,UNOBSERVED_BODY_ENVELOPE,0.7110185571230425,0,2,0,0,24
39.05,-56.80193922883643,-10.452042164884023,1.5061634207784422,0.0,0.0,0.0,0.0,1.0,0.0,UNOBSERVED_BODY_ENVELOPE,0.7110185571230425,0,2,0,0,24
39.06666666666667,-56.80193922883643,-10.452042164884023,1.5061634207784422,0.0,0.0,0.0,0.0,1.0,0.0,UNOBSERVED_BODY_ENVELOPE,0.7110185571230425,0,2,0,0,24
39.083333333333336,-56.80193922883643,-10.452042164884023,1.5061634207784422,0.0,0.0,0.0,0.0,1.0,0.0,UNOBSERVED_BODY_ENVELOPE,0.7110185571230425,0,2,0,0,24
39.1,-56.80193922883643,-10.452042164884023,1.5061634207784422,0.0,0.0,0.0,0.0,1.0,0.0,UNOBSERVED_BODY_ENVELOPE,0.7110185571230425,0,2,0,0,24
39.11666666666667,-56.80193922883643,-10.452042164884023,1.5061634207784422,0.0,0.0,0.0,0.0,1.0,0.0,UNOBSERVED_BODY_ENVELOPE,0.7110185571230425,0,2,0,0,24
39.13333333333333,-56.80193922883643,-10.452042164884023,1.5061634207784422,0.0,0.0,0.0,0.0,1.0,0.0,UNOBSERVED_BODY_ENVELOPE,0.7110185571230425,0,2,0,0,24
39.15,-56.80193922883643,-10.452042164884023,1.5061634207784422,0.0,0.0,0.0,0.0,1.0,0.0,UNOBSERVED_BODY_ENVELOPE,0.7110185571230425,0,2,0,0,24
39.166666666666664,-56.80193922883643,-10.452042164884023,1.5061634207784422,0.0,0.0,0.0,0.0,1.0,0.0,UNOBSERVED_BODY_ENVELOPE,0.7110185571230425,0,2,0,0,24
39.18333333333333,-56.80193922883643,-10.452042164884023,1.5061634207784422,0.0,0.0,0.0,0.0,1.0,0.0,UNOBSERVED_BODY_ENVELOPE,0.7110185571230425,0,2,0,0,24
39.2,-56.80193922883643,-10.452042164884023,1.5061634207784422,0.0,0.0,0.0,0.0,1.0,0.0,UNOBSERVED_BODY_ENVELOPE,0.7110185571230425,0,2,0,0,24
39.21666666666667,-56.80193922883643,-10.452042164884023,1.5061634207784422,0.0,0.0,0.0,0.0,1.0,0.0,UNOBSERVED_BODY_ENVELOPE,0.7110185571230425,0,2,0,0,24
39.233333333333334,-56.80193922883643,-10.452042164884023,1.5061634207784422,0.0,0.0,0.0,0.0,1.0,0.0,UNOBSERVED_BODY_ENVELOPE,0.7110185571230425,0,2,0,0,24
39.25,-56.80193922883643,-10.452042164884023,1.5061634207784422,0.0,0.0,0.0,0.0,1.0,0.0,UNOBSERVED_BODY_ENVELOPE,0.7110185571230425,0,2,0,0,24
39.266666666666666,-56.80193922883643,-10.452042164884023,1.5061634207784422,0.0,0.0,0.0,0.0,1.0,0.0,UNOBSERVED_BODY_ENVELOPE,0.7110185571230425,0,2,0,0,24
39.28333333333333,-56.80193922883643,-10.452042164884023,1.5061634207784422,0.0,0.0,0.0,0.0,1.0,0.0,UNOBSERVED_BODY_ENVELOPE,0.7110185571230425,0,2,0,0,24
39.3,-56.80193922883643,-10.452042164884023,1.5061634207784422,0.0,0.0,0.0,0.0,1.0,0.0,UNOBSERVED_BODY_ENVELOPE,0.7110185571230425,0,2,0,0,24
39.31666666666667,-56.80193922883643,-10.452042164884023,1.5061634207784422,0.0,0.0,0.0,0.0,1.0,0.0,UNOBSERVED_BODY_ENVELOPE,0.7110185571230425,0,2,0,0,24
39.333333333333336,-56.80193922883643,-10.452042164884023,1.5061634207784422,0.0,0.0,0.0,0.0,1.0,0.0,UNOBSERVED_BODY_ENVELOPE,0.7110185571230425,0,2,0,0,24
39.35,-56.80193922883643,-10.452042164884023,1.5061634207784422,0.0,0.0,0.0,0.0,1.0,0.0,UNOBSERVED_BODY_ENVELOPE,0.7110185571230425,0,2,0,0,24
39.36666666666667,-56.80193922883643,-10.452042164884023,1.5061634207784422,0.0,0.0,0.0,0.0,1.0,0.0,UNOBSERVED_BODY_ENVELOPE,0.7110185571230425,0,2,0,0,24
39.38333333333333,-56.80193922883643,-10.452042164884023,1.5061634207784422,0.0,0.0,0.0,0.0,1.0,0.0,UNOBSERVED_BODY_ENVELOPE,0.7110185571230425,0,2,0,0,24
39.4,-56.80193922883643,-10.452042164884023,1.5061634207784422,0.0,0.0,0.0,0.0,1.0,0.0,UNOBSERVED_BODY_ENVELOPE,0.7110185571230425,0,2,0,0,24
39.416666666666664,-56.80193922883643,-10.452042164884023,1.5061634207784422,0.0,0.0,0.0,0.0,1.0,0.0,UNOBSERVED_BODY_ENVELOPE,0.7110185571230425,0,2,0,0,24
39.43333333333333,-56.80193922883643,-10.452042164884023,1.5061634207784422,0.0,0.0,0.0,0.0,1.0,0.0,UNOBSERVED_BODY_ENVELOPE,0.7110185571230425,0,2,0,0,24
39.45,-56.80193922883643,-10.452042164884023,1.5061634207784422,0.0,0.0,0.0,0.0,1.0,0.0,UNOBSERVED_BODY_ENVELOPE,0.7110185571230425,0,2,0,0,24
39.46666666666667,-56.80193922883643,-10.452042164884023,1.5061634207784422,0.0,0.0,0.0,0.0,1.0,0.0,UNOBSERVED_BODY_ENVELOPE,0.7110185571230425,0,2,0,0,24
39.483333333333334,-56.80193922883643,-10.452042164884023,1.5061634207784422,0.0,0.0,0.0,0.0,1.0,0.0,UNOBSERVED_BODY_ENVELOPE,0.7110185571230425,0,2,0,0,24
39.5,-56.80193922883643,-10.452042164884023,1.5061634207784422,0.0,0.0,0.0,0.0,1.0,0.0,UNOBSERVED_BODY_ENVELOPE,0.7110185571230425,0,2,0,0,24
39.516666666666666,-56.80193922883643,-10.452042164884023,1.5061634207784422,0.0,0.0,0.0,0.0,1.0,0.0,UNOBSERVED_BODY_ENVELOPE,0.7110185571230425,0,2,0,0,24
39.53333333333333,-56.80193922883643,-10.452042164884023,1.5061634207784422,0.0,0.0,0.0,0.0,1.0,0.0,UNOBSERVED_BODY_ENVELOPE,0.7110185571230425,0,2,0,0,24
39.55,-56.80193922883643,-10.452042164884023,1.5061634207784422,0.0,0.0,0.0,0.0,1.0,0.0,UNOBSERVED_BODY_ENVELOPE,0.7110185571230425,0,2,0,0,24
39.56666666666667,-56.80193922883643,-10.452042164884023,1.5061634207784422,0.0,0.0,0.0,0.0,1.0,0.0,UNOBSERVED_BODY_ENVELOPE,0.7110185571230425,0,2,0,0,24
39.583333333333336,-56.80193922883643,-10.452042164884023,1.5061634207784422,0.0,0.0,0.0,0.0,1.0,0.0,UNOBSERVED_BODY_ENVELOPE,0.7110185571230425,0,2,0,0,24
39.6,-56.80193922883643,-10.452042164884023,1.5061634207784422,0.0,0.0,0.0,0.0,1.0,0.0,UNOBSERVED_BODY_ENVELOPE,0.7110185571230425,0,2,0,0,24
39.61666666666667,-56.80193922883643,-10.452042164884023,1.5061634207784422,0.0,0.0,0.0,0.0,1.0,0.0,UNOBSERVED_BODY_ENVELOPE,0.7110185571230425,0,2,0,0,24
39.63333333333333,-56.80193922883643,-10.452042164884023,1.5061634207784422,0.0,0.0,0.0,0.0,1.0,0.0,UNOBSERVED_BODY_ENVELOPE,0.7110185571230425,0,2,0,0,24
39.65,-56.80193922883643,-10.452042164884023,1.5061634207784422,0.0,0.0,0.0,0.0,1.0,0.0,UNOBSERVED_BODY_ENVELOPE,0.7110185571230425,0,2,0,0,24
39.666666666666664,-56.80193922883643,-10.452042164884023,1.5061634207784422,0.0,0.0,0.0,0.0,1.0,0.0,UNOBSERVED_BODY_ENVELOPE,0.7110185571230425,0,2,0,0,24
39.68333333333333,-56.80193922883643,-10.452042164884023,1.5061634207784422,0.0,0.0,0.0,0.0,1.0,0.0,UNOBSERVED_BODY_ENVELOPE,0.7110185571230425,0,2,0,0,24
39.7,-56.80193922883643,-10.452042164884023,1.5061634207784422,0.0,0.0,0.0,0.0,1.0,0.0,UNOBSERVED_BODY_ENVELOPE,0.7110185571230425,0,2,0,0,24
39.71666666666667,-56.80193922883643,-10.452042164884023,1.5061634207784422,0.0,0.0,0.0,0.0,1.0,0.0,UNOBSERVED_BODY_ENVELOPE,0.7110185571230425,0,2,0,0,24
39.733333333333334,-56.80193922883643,-10.452042164884023,1.5061634207784422,0.0,0.0,0.0,0.0,1.0,0.0,UNOBSERVED_BODY_ENVELOPE,0.7110185571230425,0,2,0,0,24
39.75,-56.80193922883643,-10.452042164884023,1.5061634207784422,0.0,0.0,0.0,0.0,1.0,0.0,UNOBSERVED_BODY_ENVELOPE,0.7110185571230425,0,2,0,0,24
39.766666666666666,-56.80193922883643,-10.452042164884023,1.5061634207784422,0.0,0.0,0.0,0.0,1.0,0.0,UNOBSERVED_BODY_ENVELOPE,0.7110185571230425,0,2,0,0,24
39.78333333333333,-56.80193922883643,-10.452042164884023,1.5061634207784422,0.0,0.0,0.0,0.0,1.0,0.0,UNOBSERVED_BODY_ENVELOPE,0.7110185571230425,0,2,0,0,24
39.8,-56.80193922883643,-10.452042164884023,1.5061634207784422,0.0,0.0,0.0,0.0,1.0,0.0,UNOBSERVED_BODY_ENVELOPE,0.7110185571230425,0,2,0,0,24
39.81666666666667,-56.80193922883643,-10.452042164884023,1.5061634207784422,0.0,0.0,0.0,0.0,1.0,0.0,UNOBSERVED_BODY_ENVELOPE,0.7110185571230425,0,2,0,0,24
39.833333333333336,-56.80193922883643,-10.452042164884023,1.5061634207784422,0.0,0.0,0.0,0.0,1.0,0.0,UNOBSERVED_BODY_ENVELOPE,0.7110185571230425,0,2,0,0,24
39.85,-56.80193922883643,-10.452042164884023,1.5061634207784422,0.0,0.0,0.0,0.0,1.0,0.0,UNOBSERVED_BODY_ENVELOPE,0.7110185571230425,0,2,0,0,24
39.86666666666667,-56.80193922883643,-10.452042164884023,1.5061634207784422,0.0,0.0,0.0,0.0,1.0,0.0,UNOBSERVED_BODY_ENVELOPE,0.7110185571230425,0,2,0,0,24
39.88333333333333,-56.80193922883643,-10.452042164884023,1.5061634207784422,0.0,0.0,0.0,0.0,1.0,0.0,UNOBSERVED_BODY_ENVELOPE,0.7110185571230425,0,2,0,0,24
39.9,-56.80193922883643,-10.452042164884023,1.5061634207784422,0.0,0.0,0.0,0.0,1.0,0.0,UNOBSERVED_BODY_ENVELOPE,0.7110185571230425,0,2,0,0,24
39.916666666666664,-56.80193922883643,-10.452042164884023,1.5061634207784422,0.0,0.0,0.0,0.0,1.0,0.0,UNOBSERVED_BODY_ENVELOPE,0.7110185571230425,0,2,0,0,24
39.93333333333333,-56.80193922883643,-10.452042164884023,1.5061634207784422,0.0,0.0,0.0,0.0,1.0,0.0,UNOBSERVED_BODY_ENVELOPE,0.7110185571230425,0,2,0,0,24
39.95,-56.80193922883643,-10.452042164884023,1.5061634207784422,0.0,0.0,0.0,0.0,1.0,0.0,UNOBSERVED_BODY_ENVELOPE,0.7110185571230425,0,2,0,0,24
39.96666666666667,-56.80193922883643,-10.452042164884023,1.5061634207784422,0.0,0.0,0.0,0.0,1.0,0.0,UNOBSERVED_BODY_ENVELOPE,0.7110185571230425,0,2,0,0,24
39.983333333333334,-56.80193922883643,-10.452042164884023,1.5061634207784422,0.0,0.0,0.0,0.0,1.0,0.0,UNOBSERVED_BODY_ENVELOPE,0.7110185571230425,0,2,0,0,24
40.0,-56.80193922883643,-10.452042164884023,1.5061634207784422,0.0,0.0,0.0,0.0,1.0,0.0,UNOBSERVED_BODY_ENVELOPE,0.7110185571230425,0,2,0,0,24
40.016666666666666,-56.80193922883643,-10.452042164884023,1.5061634207784422,0.0,0.0,0.0,0.0,1.0,0.0,UNOBSERVED_BODY_ENVELOPE,0.7110185571230425,0,2,0,0,24
40.03333333333333,-56.80193922883643,-10.452042164884023,1.5061634207784422,0.0,0.0,0.0,0.0,1.0,0.0,UNOBSERVED_BODY_ENVELOPE,0.7110185571230425,0,2,0,0,24
40.05,-56.80193922883643,-10.452042164884023,1.5061634207784422,0.0,0.0,0.0,0.0,1.0,0.0,UNOBSERVED_BODY_ENVELOPE,0.7110185571230425,0,2,0,0,24
40.06666666666667,-56.80193922883643,-10.452042164884023,1.5061634207784422,0.0,0.0,0.0,0.0,1.0,0.0,UNOBSERVED_BODY_ENVELOPE,0.7110185571230425,0,2,0,0,24
40.083333333333336,-56.80193922883643,-10.452042164884023,1.5061634207784422,0.0,0.0,0.0,0.0,1.0,0.0,UNOBSERVED_BODY_ENVELOPE,0.7110185571230425,0,2,0,0,24
40.1,-56.80193922883643,-10.452042164884023,1.5061634207784422,0.0,0.0,0.0,0.0,1.0,0.0,UNOBSERVED_BODY_ENVELOPE,0.7110185571230425,0,2,0,0,24
40.11666666666667,-56.80193922883643,-10.452042164884023,1.5061634207784422,0.0,0.0,0.0,0.0,1.0,0.0,UNOBSERVED_BODY_ENVELOPE,0.7110185571230425,0,2,0,0,24
40.13333333333333,-56.80193922883643,-10.452042164884023,1.5061634207784422,0.0,0.0,0.0,0.0,1.0,0.0,UNOBSERVED_BODY_ENVELOPE,0.7110185571230425,0,2,0,0,24
40.15,-56.80193922883643,-10.452042164884023,1.5061634207784422,0.0,0.0,0.0,0.0,1.0,0.0,UNOBSERVED_BODY_ENVELOPE,0.7110185571230425,0,2,0,0,24
40.166666666666664,-56.80193922883643,-10.452042164884023,1.5061634207784422,0.0,0.0,0.0,0.0,1.0,0.0,UNOBSERVED_BODY_ENVELOPE,0.7110185571230425,0,2,0,0,24
40.18333333333333,-56.80193922883643,-10.452042164884023,1.5061634207784422,0.0,0.0,0.0,0.0,1.0,0.0,UNOBSERVED_BODY_ENVELOPE,0.7110185571230425,0,2,0,0,24
40.2,-56.80193922883643,-10.452042164884023,1.5061634207784422,0.0,0.0,0.0,0.0,1.0,0.0,UNOBSERVED_BODY_ENVELOPE,0.7110185571230425,0,2,0,0,24
40.21666666666667,-56.80193922883643,-10.452042164884023,1.5061634207784422,0.0,0.0,0.0,0.0,1.0,0.0,UNOBSERVED_BODY_ENVELOPE,0.7110185571230425,0,2,0,0,24
40.233333333333334,-56.80193922883643,-10.452042164884023,1.5061634207784422,0.0,0.0,0.0,0.0,1.0,0.0,UNOBSERVED_BODY_ENVELOPE,0.7110185571230425,0,2,0,0,24
40.25,-56.80193922883643,-10.452042164884023,1.5061634207784422,0.0,0.0,0.0,0.0,1.0,0.0,UNOBSERVED_BODY_ENVELOPE,0.7110185571230425,0,2,0,0,24
40.266666666666666,-56.80193922883643,-10.452042164884023,1.5061634207784422,0.0,0.0,0.0,0.0,1.0,0.0,UNOBSERVED_BODY_ENVELOPE,0.7110185571230425,0,2,0,0,24
40.28333333333333,-56.80193922883643,-10.452042164884023,1.5061634207784422,0.0,0.0,0.0,0.0,1.0,0.0,UNOBSERVED_BODY_ENVELOPE,0.7110185571230425,0,2,0,0,24
40.3,-56.80193922883643,-10.452042164884023,1.5061634207784422,0.0,0.0,0.0,0.0,1.0,0.0,UNOBSERVED_BODY_ENVELOPE,0.7110185571230425,0,2,0,0,24
40.31666666666667,-56.80193922883643,-10.452042164884023,1.5061634207784422,0.0,0.0,0.0,0.0,1.0,0.0,UNOBSERVED_BODY_ENVELOPE,0.7110185571230425,0,2,0,0,24
40.333333333333336,-56.80193922883643,-10.452042164884023,1.5061634207784422,0.0,0.0,0.0,0.0,1.0,0.0,UNOBSERVED_BODY_ENVELOPE,0.7110185571230425,0,2,0,0,24
40.35,-56.80193922883643,-10.452042164884023,1.5061634207784422,0.0,0.0,0.0,0.0,1.0,0.0,UNOBSERVED_BODY_ENVELOPE,0.7110185571230425,0,2,0,0,24
40.36666666666667,-56.80193922883643,-10.452042164884023,1.5061634207784422,0.0,0.0,0.0,0.0,1.0,0.0,UNOBSERVED_BODY_ENVELOPE,0.7110185571230425,0,2,0,0,24
40.38333333333333,-56.80193922883643,-10.452042164884023,1.5061634207784422,0.0,0.0,0.0,0.0,1.0,0.0,UNOBSERVED_BODY_ENVELOPE,0.7110185571230425,0,2,0,0,24
40.4,-56.80193922883643,-10.452042164884023,1.5061634207784422,0.0,0.0,0.0,0.0,1.0,0.0,UNOBSERVED_BODY_ENVELOPE,0.7110185571230425,0,2,0,0,24
40.416666666666664,-56.80193922883643,-10.452042164884023,1.5061634207784422,0.0,0.0,0.0,0.0,1.0,0.0,UNOBSERVED_BODY_ENVELOPE,0.7110185571230425,0,2,0,0,24
40.43333333333333,-56.80193922883643,-10.452042164884023,1.5061634207784422,0.0,0.0,0.0,0.0,1.0,0.0,UNOBSERVED_BODY_ENVELOPE,0.7110185571230425,0,2,0,0,24
40.45,-56.80193922883643,-10.452042164884023,1.5061634207784422,0.0,0.0,0.0,0.0,1.0,0.0,UNOBSERVED_BODY_ENVELOPE,0.7110185571230425,0,2,0,0,24
40.46666666666667,-56.80193922883643,-10.452042164884023,1.5061634207784422,0.0,0.0,0.0,0.0,1.0,0.0,UNOBSERVED_BODY_ENVELOPE,0.7110185571230425,0,2,0,0,24
40.483333333333334,-56.80193922883643,-10.452042164884023,1.5061634207784422,0.0,0.0,0.0,0.0,1.0,0.0,UNOBSERVED_BODY_ENVELOPE,0.7110185571230425,0,2,0,0,24
40.5,-56.80193922883643,-10.452042164884023,1.5061634207784422,0.0,0.0,0.0,0.0,1.0,0.0,UNOBSERVED_BODY_ENVELOPE,0.7110185571230425,0,2,0,0,24
40.516666666666666,-56.80193922883643,-10.452042164884023,1.5061634207784422,0.0,0.0,0.0,0.0,1.0,0.0,UNOBSERVED_BODY_ENVELOPE,0.7110185571230425,0,2,0,0,24
40.53333333333333,-56.80193922883643,-10.452042164884023,1.5061634207784422,0.0,0.0,0.0,0.0,1.0,0.0,UNOBSERVED_BODY_ENVELOPE,0.7110185571230425,0,2,0,0,24
40.55,-56.80193922883643,-10.452042164884023,1.5061634207784422,0.0,0.0,0.0,0.0,1.0,0.0,UNOBSERVED_BODY_ENVELOPE,0.7110185571230425,0,2,0,0,24
40.56666666666667,-56.80193922883643,-10.452042164884023,1.5061634207784422,0.0,0.0,0.0,0.0,1.0,0.0,UNOBSERVED_BODY_ENVELOPE,0.7110185571230425,0,2,0,0,24
40.583333333333336,-56.80193922883643,-10.452042164884023,1.5061634207784422,0.0,0.0,0.0,0.0,1.0,0.0,UNOBSERVED_BODY_ENVELOPE,0.7110185571230425,0,2,0,0,24
40.6,-56.80193922883643,-10.452042164884023,1.5061634207784422,0.0,0.0,0.0,0.0,1.0,0.0,UNOBSERVED_BODY_ENVELOPE,0.7110185571230425,0,2,0,0,24
40.61666666666667,-56.80193922883643,-10.452042164884023,1.5061634207784422,0.0,0.0,0.0,0.0,1.0,0.0,UNOBSERVED_BODY_ENVELOPE,0.7110185571230425,0,2,0,0,24
40.63333333333333,-56.80193922883643,-10.452042164884023,1.5061634207784422,0.0,0.0,0.0,0.0,1.0,0.0,UNOBSERVED_BODY_ENVELOPE,0.7110185571230425,0,2,0,0,24
40.65,-56.80193922883643,-10.452042164884023,1.5061634207784422,0.0,0.0,0.0,0.0,1.0,0.0,UNOBSERVED_BODY_ENVELOPE,0.7110185571230425,0,2,0,0,24
40.666666666666664,-56.80193922883643,-10.452042164884023,1.5061634207784422,0.0,0.0,0.0,0.0,1.0,0.0,UNOBSERVED_BODY_ENVELOPE,0.7110185571230425,0,2,0,0,24
40.68333333333333,-56.80193922883643,-10.452042164884023,1.5061634207784422,0.0,0.0,0.0,0.0,1.0,0.0,UNOBSERVED_BODY_ENVELOPE,0.7110185571230425,0,2,0,0,24
40.7,-56.80193922883643,-10.452042164884023,1.5061634207784422,0.0,0.0,0.0,0.0,1.0,0.0,UNOBSERVED_BODY_ENVELOPE,0.7110185571230425,0,2,0,0,24
40.71666666666667,-56.80193922883643,-10.452042164884023,1.5061634207784422,0.0,0.0,0.0,0.0,1.0,0.0,UNOBSERVED_BODY_ENVELOPE,0.7110185571230425,0,2,0,0,24
40.733333333333334,-56.80193922883643,-10.452042164884023,1.5061634207784422,0.0,0.0,0.0,0.0,1.0,0.0,UNOBSERVED_BODY_ENVELOPE,0.7110185571230425,0,2,0,0,24
40.75,-56.80193922883643,-10.452042164884023,1.5061634207784422,0.0,0.0,0.0,0.0,1.0,0.0,UNOBSERVED_BODY_ENVELOPE,0.7110185571230425,0,2,0,0,24
40.766666666666666,-56.80193922883643,-10.452042164884023,1.5061634207784422,0.0,0.0,0.0,0.0,1.0,0.0,UNOBSERVED_BODY_ENVELOPE,0.7110185571230425,0,2,0,0,24
40.78333333333333,-56.80193922883643,-10.452042164884023,1.5061634207784422,0.0,0.0,0.0,0.0,1.0,0.0,UNOBSERVED_BODY_ENVELOPE,0.7110185571230425,0,2,0,0,24
40.8,-56.80193922883643,-10.452042164884023,1.5061634207784422,0.0,0.0,0.0,0.0,1.0,0.0,UNOBSERVED_BODY_ENVELOPE,0.7110185571230425,0,2,0,0,24
40.81666666666667,-56.80193922883643,-10.452042164884023,1.5061634207784422,0.0,0.0,0.0,0.0,1.0,0.0,UNOBSERVED_BODY_ENVELOPE,0.7110185571230425,0,2,0,0,24
40.833333333333336,-56.80193922883643,-10.452042164884023,1.5061634207784422,0.0,0.0,0.0,0.0,1.0,0.0,UNOBSERVED_BODY_ENVELOPE,0.7110185571230425,0,2,0,0,24
40.85,-56.80193922883643,-10.452042164884023,1.5061634207784422,0.0,0.0,0.0,0.0,1.0,0.0,UNOBSERVED_BODY_ENVELOPE,0.7110185571230425,0,2,0,0,24
40.86666666666667,-56.80193922883643,-10.452042164884023,1.5061634207784422,0.0,0.0,0.0,0.0,1.0,0.0,UNOBSERVED_BODY_ENVELOPE,0.7110185571230425,0,2,0,0,24
40.88333333333333,-56.80193922883643,-10.452042164884023,1.5061634207784422,0.0,0.0,0.0,0.0,1.0,0.0,UNOBSERVED_BODY_ENVELOPE,0.7110185571230425,0,2,0,0,24
40.9,-56.80193922883643,-10.452042164884023,1.5061634207784422,0.0,0.0,0.0,0.0,1.0,0.0,UNOBSERVED_BODY_ENVELOPE,0.7110185571230425,0,2,0,0,24
40.916666666666664,-56.80193922883643,-10.452042164884023,1.5061634207784422,0.0,0.0,0.0,0.0,1.0,0.0,UNOBSERVED_BODY_ENVELOPE,0.7110185571230425,0,2,0,0,24
40.93333333333333,-56.80193922883643,-10.452042164884023,1.5061634207784422,0.0,0.0,0.0,0.0,1.0,0.0,UNOBSERVED_BODY_ENVELOPE,0.7110185571230425,0,2,0,0,24
40.95,-56.80193922883643,-10.452042164884023,1.5061634207784422,0.0,0.0,0.0,0.0,1.0,0.0,UNOBSERVED_BODY_ENVELOPE,0.7110185571230425,0,2,0,0,24
40.96666666666667,-56.80193922883643,-10.452042164884023,1.5061634207784422,0.0,0.0,0.0,0.0,1.0,0.0,UNOBSERVED_BODY_ENVELOPE,0.7110185571230425,0,2,0,0,24
40.983333333333334,-56.80193922883643,-10.452042164884023,1.5061634207784422,0.0,0.0,0.0,0.0,1.0,0.0,UNOBSERVED_BODY_ENVELOPE,0.7110185571230425,0,2,0,0,24
41.0,-56.80193922883643,-10.452042164884023,1.5061634207784422,0.0,0.0,0.0,0.0,1.0,0.0,UNOBSERVED_BODY_ENVELOPE,0.7110185571230425,0,2,0,0,24
41.016666666666666,-56.80193922883643,-10.452042164884023,1.5061634207784422,0.0,0.0,0.0,0.0,1.0,0.0,UNOBSERVED_BODY_ENVELOPE,0.7110185571230425,0,2,0,0,24
41.03333333333333,-56.80193922883643,-10.452042164884023,1.5061634207784422,0.0,0.0,0.0,0.0,1.0,0.0,UNOBSERVED_BODY_ENVELOPE,0.7110185571230425,0,2,0,0,24
41.05,-56.80193922883643,-10.452042164884023,1.5061634207784422,0.0,0.0,0.0,0.0,1.0,0.0,UNOBSERVED_BODY_ENVELOPE,0.7110185571230425,0,2,0,0,24
41.06666666666667,-56.80193922883643,-10.452042164884023,1.5061634207784422,0.0,0.0,0.0,0.0,1.0,0.0,UNOBSERVED_BODY_ENVELOPE,0.7110185571230425,0,2,0,0,24
41.083333333333336,-56.80193922883643,-10.452042164884023,1.5061634207784422,0.0,0.0,0.0,0.0,1.0,0.0,UNOBSERVED_BODY_ENVELOPE,0.7110185571230425,0,2,0,0,24
41.1,-56.80193922883643,-10.452042164884023,1.5061634207784422,0.0,0.0,0.0,0.0,1.0,0.0,UNOBSERVED_BODY_ENVELOPE,0.7110185571230425,0,2,0,0,24
41.11666666666667,-56.80193922883643,-10.452042164884023,1.5061634207784422,0.0,0.0,0.0,0.0,1.0,0.0,UNOBSERVED_BODY_ENVELOPE,0.7110185571230425,0,2,0,0,24
41.13333333333333,-56.80193922883643,-10.452042164884023,1.5061634207784422,0.0,0.0,0.0,0.0,1.0,0.0,UNOBSERVED_BODY_ENVELOPE,0.7110185571230425,0,2,0,0,24
41.15,-56.80193922883643,-10.452042164884023,1.5061634207784422,0.0,0.0,0.0,0.0,1.0,0.0,UNOBSERVED_BODY_ENVELOPE,0.7110185571230425,0,2,0,0,24
41.166666666666664,-56.80193922883643,-10.452042164884023,1.5061634207784422,0.0,0.0,0.0,0.0,1.0,0.0,UNOBSERVED_BODY_ENVELOPE,0.7110185571230425,0,2,0,0,24
41.18333333333333,-56.80193922883643,-10.452042164884023,1.5061634207784422,0.0,0.0,0.0,0.0,1.0,0.0,UNOBSERVED_BODY_ENVELOPE,0.7110185571230425,0,2,0,0,24
41.2,-56.80193922883643,-10.452042164884023,1.5061634207784422,0.0,0.0,0.0,0.0,1.0,0.0,UNOBSERVED_BODY_ENVELOPE,0.7110185571230425,0,2,0,0,24
41.21666666666667,-56.80193922883643,-10.452042164884023,1.5061634207784422,0.0,0.0,0.0,0.0,1.0,0.0,UNOBSERVED_BODY_ENVELOPE,0.7110185571230425,0,2,0,0,24
41.233333333333334,-56.80193922883643,-10.452042164884023,1.5061634207784422,0.0,0.0,0.0,0.0,1.0,0.0,UNOBSERVED_BODY_ENVELOPE,0.7110185571230425,0,2,0,0,24
41.25,-56.80193922883643,-10.452042164884023,1.5061634207784422,0.0,0.0,0.0,0.0,1.0,0.0,UNOBSERVED_BODY_ENVELOPE,0.7110185571230425,0,2,0,0,24
41.266666666666666,-56.80193922883643,-10.452042164884023,1.5061634207784422,0.0,0.0,0.0,0.0,1.0,0.0,UNOBSERVED_BODY_ENVELOPE,0.7110185571230425,0,2,0,0,24
41.28333333333333,-56.80193922883643,-10.452042164884023,1.5061634207784422,0.0,0.0,0.0,0.0,1.0,0.0,UNOBSERVED_BODY_ENVELOPE,0.7110185571230425,0,2,0,0,24
41.3,-56.80193922883643,-10.452042164884023,1.5061634207784422,0.0,0.0,0.0,0.0,1.0,0.0,UNOBSERVED_BODY_ENVELOPE,0.7110185571230425,0,2,0,0,24
41.31666666666667,-56.80193922883643,-10.452042164884023,1.5061634207784422,0.0,0.0,0.0,0.0,1.0,0.0,UNOBSERVED_BODY_ENVELOPE,0.7110185571230425,0,2,0,0,24
41.333333333333336,-56.80193922883643,-10.452042164884023,1.5061634207784422,0.0,0.0,0.0,0.0,1.0,0.0,UNOBSERVED_BODY_ENVELOPE,0.7110185571230425,0,2,0,0,24
41.35,-56.80193922883643,-10.452042164884023,1.5061634207784422,0.0,0.0,0.0,0.0,1.0,0.0,UNOBSERVED_BODY_ENVELOPE,0.7110185571230425,0,2,0,0,24
41.36666666666667,-56.80193922883643,-10.452042164884023,1.5061634207784422,0.0,0.0,0.0,0.0,1.0,0.0,UNOBSERVED_BODY_ENVELOPE,0.7110185571230425,0,2,0,0,24
41.38333333333333,-56.80193922883643,-10.452042164884023,1.5061634207784422,0.0,0.0,0.0,0.0,1.0,0.0,UNOBSERVED_BODY_ENVELOPE,0.7110185571230425,0,2,0,0,24
41.4,-56.80193922883643,-10.452042164884023,1.5061634207784422,0.0,0.0,0.0,0.0,1.0,0.0,UNOBSERVED_BODY_ENVELOPE,0.7110185571230425,0,2,0,0,24
41.416666666666664,-56.80193922883643,-10.452042164884023,1.5061634207784422,0.0,0.0,0.0,0.0,1.0,0.0,UNOBSERVED_BODY_ENVELOPE,0.7110185571230425,0,2,0,0,24
41.43333333333333,-56.80193922883643,-10.452042164884023,1.5061634207784422,0.0,0.0,0.0,0.0,1.0,0.0,UNOBSERVED_BODY_ENVELOPE,0.7110185571230425,0,2,0,0,24
41.45,-56.80193922883643,-10.452042164884023,1.5061634207784422,0.0,0.0,0.0,0.0,1.0,0.0,UNOBSERVED_BODY_ENVELOPE,0.7110185571230425,0,2,0,0,24
41.46666666666667,-56.80193922883643,-10.452042164884023,1.5061634207784422,0.0,0.0,0.0,0.0,1.0,0.0,UNOBSERVED_BODY_ENVELOPE,0.7110185571230425,0,2,0,0,24
41.483333333333334,-56.80193922883643,-10.452042164884023,1.5061634207784422,0.0,0.0,0.0,0.0,1.0,0.0,UNOBSERVED_BODY_ENVELOPE,0.7110185571230425,0,2,0,0,24
41.5,-56.80193922883643,-10.452042164884023,1.5061634207784422,0.0,0.0,0.0,0.0,1.0,0.0,UNOBSERVED_BODY_ENVELOPE,0.7110185571230425,0,2,0,0,24
41.516666666666666,-56.80193922883643,-10.452042164884023,1.5061634207784422,0.0,0.0,0.0,0.0,1.0,0.0,UNOBSERVED_BODY_ENVELOPE,0.7110185571230425,0,2,0,0,24
41.53333333333333,-56.80193922883643,-10.452042164884023,1.5061634207784422,0.0,0.0,0.0,0.0,1.0,0.0,UNOBSERVED_BODY_ENVELOPE,0.7110185571230425,0,2,0,0,24
41.55,-56.80193922883643,-10.452042164884023,1.5061634207784422,0.0,0.0,0.0,0.0,1.0,0.0,UNOBSERVED_BODY_ENVELOPE,0.7110185571230425,0,2,0,0,24
41.56666666666667,-56.80193922883643,-10.452042164884023,1.5061634207784422,0.0,0.0,0.0,0.0,1.0,0.0,UNOBSERVED_BODY_ENVELOPE,0.7110185571230425,0,2,0,0,24
41.583333333333336,-56.80193922883643,-10.452042164884023,1.5061634207784422,0.0,0.0,0.0,0.0,1.0,0.0,UNOBSERVED_BODY_ENVELOPE,0.7110185571230425,0,2,0,0,24
41.6,-56.80193922883643,-10.452042164884023,1.5061634207784422,0.0,0.0,0.0,0.0,1.0,0.0,UNOBSERVED_BODY_ENVELOPE,0.7110185571230425,0,2,0,0,24
41.61666666666667,-56.80193922883643,-10.452042164884023,1.5061634207784422,0.0,0.0,0.0,0.0,1.0,0.0,UNOBSERVED_BODY_ENVELOPE,0.7110185571230425,0,2,0,0,24
41.63333333333333,-56.80193922883643,-10.452042164884023,1.5061634207784422,0.0,0.0,0.0,0.0,1.0,0.0,UNOBSERVED_BODY_ENVELOPE,0.7110185571230425,0,2,0,0,24
41.65,-56.80193922883643,-10.452042164884023,1.5061634207784422,0.0,0.0,0.0,0.0,1.0,0.0,UNOBSERVED_BODY_ENVELOPE,0.7110185571230425,0,2,0,0,24
41.666666666666664,-56.80193922883643,-10.452042164884023,1.5061634207784422,0.0,0.0,0.0,0.0,1.0,0.0,UNOBSERVED_BODY_ENVELOPE,0.7110185571230425,0,2,0,0,24
41.68333333333333,-56.80193922883643,-10.452042164884023,1.5061634207784422,0.0,0.0,0.0,0.0,1.0,0.0,UNOBSERVED_BODY_ENVELOPE,0.7110185571230425,0,2,0,0,24
41.7,-56.80193922883643,-10.452042164884023,1.5061634207784422,0.0,0.0,0.0,0.0,1.0,0.0,UNOBSERVED_BODY_ENVELOPE,0.7110185571230425,0,2,0,0,24
41.71666666666667,-56.80193922883643,-10.452042164884023,1.5061634207784422,0.0,0.0,0.0,0.0,1.0,0.0,UNOBSERVED_BODY_ENVELOPE,0.7110185571230425,0,2,0,0,24
41.733333333333334,-56.80193922883643,-10.452042164884023,1.5061634207784422,0.0,0.0,0.0,0.0,1.0,0.0,UNOBSERVED_BODY_ENVELOPE,0.7110185571230425,0,2,0,0,24
41.75,-56.80193922883643,-10.452042164884023,1.5061634207784422,0.0,0.0,0.0,0.0,1.0,0.0,UNOBSERVED_BODY_ENVELOPE,0.7110185571230425,0,2,0,0,24
41.766666666666666,-56.80193922883643,-10.452042164884023,1.5061634207784422,0.0,0.0,0.0,0.0,1.0,0.0,UNOBSERVED_BODY_ENVELOPE,0.7110185571230425,0,2,0,0,24
41.78333333333333,-56.80193922883643,-10.452042164884023,1.5061634207784422,0.0,0.0,0.0,0.0,1.0,0.0,UNOBSERVED_BODY_ENVELOPE,0.7110185571230425,0,2,0,0,24
41.8,-56.80193922883643,-10.452042164884023,1.5061634207784422,0.0,0.0,0.0,0.0,1.0,0.0,UNOBSERVED_BODY_ENVELOPE,0.7110185571230425,0,2,0,0,24
41.81666666666667,-56.80193922883643,-10.452042164884023,1.5061634207784422,0.0,0.0,0.0,0.0,1.0,0.0,UNOBSERVED_BODY_ENVELOPE,0.7110185571230425,0,2,0,0,24
41.833333333333336,-56.80193922883643,-10.452042164884023,1.5061634207784422,0.0,0.0,0.0,0.0,1.0,0.0,UNOBSERVED_BODY_ENVELOPE,0.7110185571230425,0,2,0,0,24
41.85,-56.80193922883643,-10.452042164884023,1.5061634207784422,0.0,0.0,0.0,0.0,1.0,0.0,UNOBSERVED_BODY_ENVELOPE,0.7110185571230425,0,2,0,0,24
41.86666666666667,-56.80193922883643,-10.452042164884023,1.5061634207784422,0.0,0.0,0.0,0.0,1.0,0.0,UNOBSERVED_BODY_ENVELOPE,0.7110185571230425,0,2,0,0,24
41.88333333333333,-56.80193922883643,-10.452042164884023,1.5061634207784422,0.0,0.0,0.0,0.0,1.0,0.0,UNOBSERVED_BODY_ENVELOPE,0.7110185571230425,0,2,0,0,24
41.9,-56.80193922883643,-10.452042164884023,1.5061634207784422,0.0,0.0,0.0,0.0,1.0,0.0,UNOBSERVED_BODY_ENVELOPE,0.7110185571230425,0,2,0,0,24
41.916666666666664,-56.80193922883643,-10.452042164884023,1.5061634207784422,0.0,0.0,0.0,0.0,1.0,0.0,UNOBSERVED_BODY_ENVELOPE,0.7110185571230425,0,2,0,0,24
41.93333333333333,-56.80193922883643,-10.452042164884023,1.5061634207784422,0.0,0.0,0.0,0.0,1.0,0.0,UNOBSERVED_BODY_ENVELOPE,0.7110185571230425,0,2,0,0,24
41.95,-56.80193922883643,-10.452042164884023,1.5061634207784422,0.0,0.0,0.0,0.0,1.0,0.0,UNOBSERVED_BODY_ENVELOPE,0.7110185571230425,0,2,0,0,24
41.96666666666667,-56.80193922883643,-10.452042164884023,1.5061634207784422,0.0,0.0,0.0,0.0,1.0,0.0,UNOBSERVED_BODY_ENVELOPE,0.7110185571230425,0,2,0,0,24
41.983333333333334,-56.80193922883643,-10.452042164884023,1.5061634207784422,0.0,0.0,0.0,0.0,1.0,0.0,UNOBSERVED_BODY_ENVELOPE,0.7110185571230425,0,2,0,0,24
42.0,-56.80193922883643,-10.452042164884023,1.5061634207784422,0.0,0.0,0.0,0.0,1.0,0.0,UNOBSERVED_BODY_ENVELOPE,0.7110185571230425,0,2,0,0,24
42.016666666666666,-56.80193922883643,-10.452042164884023,1.5061634207784422,0.0,0.0,0.0,0.0,1.0,0.0,UNOBSERVED_BODY_ENVELOPE,0.7110185571230425,0,2,0,0,24
42.03333333333333,-56.80193922883643,-10.452042164884023,1.5061634207784422,0.0,0.0,0.0,0.0,1.0,0.0,UNOBSERVED_BODY_ENVELOPE,0.7110185571230425,0,2,0,0,24
42.05,-56.80193922883643,-10.452042164884023,1.5061634207784422,0.0,0.0,0.0,0.0,1.0,0.0,UNOBSERVED_BODY_ENVELOPE,0.7110185571230425,0,2,0,0,24
42.06666666666667,-56.80193922883643,-10.452042164884023,1.5061634207784422,0.0,0.0,0.0,0.0,1.0,0.0,UNOBSERVED_BODY_ENVELOPE,0.7110185571230425,0,2,0,0,24
42.083333333333336,-56.80193922883643,-10.452042164884023,1.5061634207784422,0.0,0.0,0.0,0.0,1.0,0.0,UNOBSERVED_BODY_ENVELOPE,0.7110185571230425,0,2,0,0,24
42.1,-56.80193922883643,-10.452042164884023,1.5061634207784422,0.0,0.0,0.0,0.0,1.0,0.0,UNOBSERVED_BODY_ENVELOPE,0.7110185571230425,0,2,0,0,24
42.11666666666667,-56.80193922883643,-10.452042164884023,1.5061634207784422,0.0,0.0,0.0,0.0,1.0,0.0,UNOBSERVED_BODY_ENVELOPE,0.7110185571230425,0,2,0,0,24
42.13333333333333,-56.80193922883643,-10.452042164884023,1.5061634207784422,0.0,0.0,0.0,0.0,1.0,0.0,UNOBSERVED_BODY_ENVELOPE,0.7110185571230425,0,2,0,0,24
42.15,-56.80193922883643,-10.452042164884023,1.5061634207784422,0.0,0.0,0.0,0.0,1.0,0.0,UNOBSERVED_BODY_ENVELOPE,0.7110185571230425,0,2,0,0,24
42.166666666666664,-56.80193922883643,-10.452042164884023,1.5061634207784422,0.0,0.0,0.0,0.0,1.0,0.0,UNOBSERVED_BODY_ENVELOPE,0.7110185571230425,0,2,0,0,24
42.18333333333333,-56.80193922883643,-10.452042164884023,1.5061634207784422,0.0,0.0,0.0,0.0,1.0,0.0,UNOBSERVED_BODY_ENVELOPE,0.7110185571230425,0,2,0,0,24
42.2,-56.80193922883643,-10.452042164884023,1.5061634207784422,0.0,0.0,0.0,0.0,1.0,0.0,UNOBSERVED_BODY_ENVELOPE,0.7110185571230425,0,2,0,0,24
42.21666666666667,-56.80193922883643,-10.452042164884023,1.5061634207784422,0.0,0.0,0.0,0.0,1.0,0.0,UNOBSERVED_BODY_ENVELOPE,0.7110185571230425,0,2,0,0,24
42.233333333333334,-56.80193922883643,-10.452042164884023,1.5061634207784422,0.0,0.0,0.0,0.0,1.0,0.0,UNOBSERVED_BODY_ENVELOPE,0.7110185571230425,0,2,0,0,24
42.25,-56.80193922883643,-10.452042164884023,1.5061634207784422,0.0,0.0,0.0,0.0,1.0,0.0,UNOBSERVED_BODY_ENVELOPE,0.7110185571230425,0,2,0,0,24
42.266666666666666,-56.80193922883643,-10.452042164884023,1.5061634207784422,0.0,0.0,0.0,0.0,1.0,0.0,UNOBSERVED_BODY_ENVELOPE,0.7110185571230425,0,2,0,0,24
42.28333333333333,-56.80193922883643,-10.452042164884023,1.5061634207784422,0.0,0.0,0.0,0.0,1.0,0.0,UNOBSERVED_BODY_ENVELOPE,0.7110185571230425,0,2,0,0,24
42.3,-56.80193922883643,-10.452042164884023,1.5061634207784422,0.0,0.0,0.0,0.0,1.0,0.0,UNOBSERVED_BODY_ENVELOPE,0.7110185571230425,0,2,0,0,24
42.31666666666667,-56.80193922883643,-10.452042164884023,1.5061634207784422,0.0,0.0,0.0,0.0,1.0,0.0,UNOBSERVED_BODY_ENVELOPE,0.7110185571230425,0,2,0,0,24
42.333333333333336,-56.80193922883643,-10.452042164884023,1.5061634207784422,0.0,0.0,0.0,0.0,1.0,0.0,UNOBSERVED_BODY_ENVELOPE,0.7110185571230425,0,2,0,0,24
42.35,-56.80193922883643,-10.452042164884023,1.5061634207784422,0.0,0.0,0.0,0.0,1.0,0.0,UNOBSERVED_BODY_ENVELOPE,0.7110185571230425,0,2,0,0,24
42.36666666666667,-56.80193922883643,-10.452042164884023,1.5061634207784422,0.0,0.0,0.0,0.0,1.0,0.0,UNOBSERVED_BODY_ENVELOPE,0.7110185571230425,0,2,0,0,24
42.38333333333333,-56.80193922883643,-10.452042164884023,1.5061634207784422,0.0,0.0,0.0,0.0,1.0,0.0,UNOBSERVED_BODY_ENVELOPE,0.7110185571230425,0,2,0,0,24
42.4,-56.80193922883643,-10.452042164884023,1.5061634207784422,0.0,0.0,0.0,0.0,1.0,0.0,UNOBSERVED_BODY_ENVELOPE,0.7110185571230425,0,2,0,0,24
42.416666666666664,-56.80193922883643,-10.452042164884023,1.5061634207784422,0.0,0.0,0.0,0.0,1.0,0.0,UNOBSERVED_BODY_ENVELOPE,0.7110185571230425,0,2,0,0,24
42.43333333333333,-56.80193922883643,-10.452042164884023,1.5061634207784422,0.0,0.0,0.0,0.0,1.0,0.0,UNOBSERVED_BODY_ENVELOPE,0.7110185571230425,0,2,0,0,24
42.45,-56.80193922883643,-10.452042164884023,1.5061634207784422,0.0,0.0,0.0,0.0,1.0,0.0,UNOBSERVED_BODY_ENVELOPE,0.7110185571230425,0,2,0,0,24
42.46666666666667,-56.80193922883643,-10.452042164884023,1.5061634207784422,0.0,0.0,0.0,0.0,1.0,0.0,UNOBSERVED_BODY_ENVELOPE,0.7110185571230425,0,2,0,0,24
42.483333333333334,-56.80193922883643,-10.452042164884023,1.5061634207784422,0.0,0.0,0.0,0.0,1.0,0.0,UNOBSERVED_BODY_ENVELOPE,0.7110185571230425,0,2,0,0,24
42.5,-56.80193922883643,-10.452042164884023,1.5061634207784422,0.0,0.0,0.0,0.0,1.0,0.0,UNOBSERVED_BODY_ENVELOPE,0.7110185571230425,0,2,0,0,24
42.516666666666666,-56.80193922883643,-10.452042164884023,1.5061634207784422,0.0,0.0,0.0,0.0,1.0,0.0,UNOBSERVED_BODY_ENVELOPE,0.7110185571230425,0,2,0,0,24
42.53333333333333,-56.80193922883643,-10.452042164884023,1.5061634207784422,0.0,0.0,0.0,0.0,1.0,0.0,UNOBSERVED_BODY_ENVELOPE,0.7110185571230425,0,2,0,0,24
42.55,-56.80193922883643,-10.452042164884023,1.5061634207784422,0.0,0.0,0.0,0.0,1.0,0.0,UNOBSERVED_BODY_ENVELOPE,0.7110185571230425,0,2,0,0,24
42.56666666666667,-56.80193922883643,-10.452042164884023,1.5061634207784422,0.0,0.0,0.0,0.0,1.0,0.0,UNOBSERVED_BODY_ENVELOPE,0.7110185571230425,0,2,0,0,24
42.583333333333336,-56.80193922883643,-10.452042164884023,1.5061634207784422,0.0,0.0,0.0,0.0,1.0,0.0,UNOBSERVED_BODY_ENVELOPE,0.7110185571230425,0,2,0,0,24
42.6,-56.80193922883643,-10.452042164884023,1.5061634207784422,0.0,0.0,0.0,0.0,1.0,0.0,UNOBSERVED_BODY_ENVELOPE,0.7110185571230425,0,2,0,0,24
42.61666666666667,-56.80193922883643,-10.452042164884023,1.5061634207784422,0.0,0.0,0.0,0.0,1.0,0.0,UNOBSERVED_BODY_ENVELOPE,0.7110185571230425,0,2,0,0,24
42.63333333333333,-56.80193922883643,-10.452042164884023,1.5061634207784422,0.0,0.0,0.0,0.0,1.0,0.0,UNOBSERVED_BODY_ENVELOPE,0.7110185571230425,0,2,0,0,24
42.65,-56.80193922883643,-10.452042164884023,1.5061634207784422,0.0,0.0,0.0,0.0,1.0,0.0,UNOBSERVED_BODY_ENVELOPE,0.7110185571230425,0,2,0,0,24
42.666666666666664,-56.80193922883643,-10.452042164884023,1.5061634207784422,0.0,0.0,0.0,0.0,1.0,0.0,UNOBSERVED_BODY_ENVELOPE,0.7110185571230425,0,2,0,0,24
42.68333333333333,-56.80193922883643,-10.452042164884023,1.5061634207784422,0.0,0.0,0.0,0.0,1.0,0.0,UNOBSERVED_BODY_ENVELOPE,0.7110185571230425,0,2,0,0,24
42.7,-56.80193922883643,-10.452042164884023,1.5061634207784422,0.0,0.0,0.0,0.0,1.0,0.0,UNOBSERVED_BODY_ENVELOPE,0.7110185571230425,0,2,0,0,24
42.71666666666667,-56.80193922883643,-10.452042164884023,1.5061634207784422,0.0,0.0,0.0,0.0,1.0,0.0,UNOBSERVED_BODY_ENVELOPE,0.7110185571230425,0,2,0,0,24
42.733333333333334,-56.80193922883643,-10.452042164884023,1.5061634207784422,0.0,0.0,0.0,0.0,1.0,0.0,UNOBSERVED_BODY_ENVELOPE,0.7110185571230425,0,2,0,0,24
42.75,-56.80193922883643,-10.452042164884023,1.5061634207784422,0.0,0.0,0.0,0.0,1.0,0.0,UNOBSERVED_BODY_ENVELOPE,0.7110185571230425,0,2,0,0,24
42.766666666666666,-56.80193922883643,-10.452042164884023,1.5061634207784422,0.0,0.0,0.0,0.0,1.0,0.0,UNOBSERVED_BODY_ENVELOPE,0.7110185571230425,0,2,0,0,24
42.78333333333333,-56.80193922883643,-10.452042164884023,1.5061634207784422,0.0,0.0,0.0,0.0,1.0,0.0,UNOBSERVED_BODY_ENVELOPE,0.7110185571230425,0,2,0,0,24
42.8,-56.80193922883643,-10.452042164884023,1.5061634207784422,0.0,0.0,0.0,0.0,1.0,0.0,UNOBSERVED_BODY_ENVELOPE,0.7110185571230425,0,2,0,0,24
42.81666666666667,-56.80193922883643,-10.452042164884023,1.5061634207784422,0.0,0.0,0.0,0.0,1.0,0.0,UNOBSERVED_BODY_ENVELOPE,0.7110185571230425,0,2,0,0,24
42.833333333333336,-56.80193922883643,-10.452042164884023,1.5061634207784422,0.0,0.0,0.0,0.0,1.0,0.0,UNOBSERVED_BODY_ENVELOPE,0.7110185571230425,0,2,0,0,24
42.85,-56.80193922883643,-10.452042164884023,1.5061634207784422,0.0,0.0,0.0,0.0,1.0,0.0,UNOBSERVED_BODY_ENVELOPE,0.7110185571230425,0,2,0,0,24
42.86666666666667,-56.80193922883643,-10.452042164884023,1.5061634207784422,0.0,0.0,0.0,0.0,1.0,0.0,UNOBSERVED_BODY_ENVELOPE,0.7110185571230425,0,2,0,0,24
42.88333333333333,-56.80193922883643,-10.452042164884023,1.5061634207784422,0.0,0.0,0.0,0.0,1.0,0.0,UNOBSERVED_BODY_ENVELOPE,0.7110185571230425,0,2,0,0,24
42.9,-56.80193922883643,-10.452042164884023,1.5061634207784422,0.0,0.0,0.0,0.0,1.0,0.0,UNOBSERVED_BODY_ENVELOPE,0.7110185571230425,0,2,0,0,24
42.916666666666664,-56.80193922883643,-10.452042164884023,1.5061634207784422,0.0,0.0,0.0,0.0,1.0,0.0,UNOBSERVED_BODY_ENVELOPE,0.7110185571230425,0,2,0,0,24
42.93333333333333,-56.80193922883643,-10.452042164884023,1.5061634207784422,0.0,0.0,0.0,0.0,1.0,0.0,UNOBSERVED_BODY_ENVELOPE,0.7110185571230425,0,2,0,0,24
42.95,-56.80193922883643,-10.452042164884023,1.5061634207784422,0.0,0.0,0.0,0.0,1.0,0.0,UNOBSERVED_BODY_ENVELOPE,0.7110185571230425,0,2,0,0,24
42.96666666666667,-56.80193922883643,-10.452042164884023,1.5061634207784422,0.0,0.0,0.0,0.0,1.0,0.0,UNOBSERVED_BODY_ENVELOPE,0.7110185571230425,0,2,0,0,24
42.983333333333334,-56.80193922883643,-10.452042164884023,1.5061634207784422,0.0,0.0,0.0,0.0,1.0,0.0,UNOBSERVED_BODY_ENVELOPE,0.7110185571230425,0,2,0,0,24
43.0,-56.80193922883643,-10.452042164884023,1.5061634207784422,0.0,0.0,0.0,0.0,1.0,0.0,UNOBSERVED_BODY_ENVELOPE,0.7110185571230425,0,2,0,0,24
43.016666666666666,-56.80193922883643,-10.452042164884023,1.5061634207784422,0.0,0.0,0.0,0.0,1.0,0.0,UNOBSERVED_BODY_ENVELOPE,0.7110185571230425,0,2,0,0,24
43.03333333333333,-56.80193922883643,-10.452042164884023,1.5061634207784422,0.0,0.0,0.0,0.0,1.0,0.0,UNOBSERVED_BODY_ENVELOPE,0.7110185571230425,0,2,0,0,24
43.05,-56.80193922883643,-10.452042164884023,1.5061634207784422,0.0,0.0,0.0,0.0,1.0,0.0,UNOBSERVED_BODY_ENVELOPE,0.7110185571230425,0,2,0,0,24
43.06666666666667,-56.80193922883643,-10.452042164884023,1.5061634207784422,0.0,0.0,0.0,0.0,1.0,0.0,UNOBSERVED_BODY_ENVELOPE,0.7110185571230425,0,2,0,0,24
43.083333333333336,-56.80193922883643,-10.452042164884023,1.5061634207784422,0.0,0.0,0.0,0.0,1.0,0.0,UNOBSERVED_BODY_ENVELOPE,0.7110185571230425,0,2,0,0,24
43.1,-56.80193922883643,-10.452042164884023,1.5061634207784422,0.0,0.0,0.0,0.0,1.0,0.0,UNOBSERVED_BODY_ENVELOPE,0.7110185571230425,0,2,0,0,24
43.11666666666667,-56.80193922883643,-10.452042164884023,1.5061634207784422,0.0,0.0,0.0,0.0,1.0,0.0,UNOBSERVED_BODY_ENVELOPE,0.7110185571230425,0,2,0,0,24
43.13333333333333,-56.80193922883643,-10.452042164884023,1.5061634207784422,0.0,0.0,0.0,0.0,1.0,0.0,UNOBSERVED_BODY_ENVELOPE,0.7110185571230425,0,2,0,0,24
43.15,-56.80193922883643,-10.452042164884023,1.5061634207784422,0.0,0.0,0.0,0.0,1.0,0.0,UNOBSERVED_BODY_ENVELOPE,0.7110185571230425,0,2,0,0,24
43.166666666666664,-56.80193922883643,-10.452042164884023,1.5061634207784422,0.0,0.0,0.0,0.0,1.0,0.0,UNOBSERVED_BODY_ENVELOPE,0.7110185571230425,0,2,0,0,24
43.18333333333333,-56.80193922883643,-10.452042164884023,1.5061634207784422,0.0,0.0,0.0,0.0,1.0,0.0,UNOBSERVED_BODY_ENVELOPE,0.7110185571230425,0,2,0,0,24
43.2,-56.80193922883643,-10.452042164884023,1.5061634207784422,0.0,0.0,0.0,0.0,1.0,0.0,UNOBSERVED_BODY_ENVELOPE,0.7110185571230425,0,2,0,0,24
43.21666666666667,-56.80193922883643,-10.452042164884023,1.5061634207784422,0.0,0.0,0.0,0.0,1.0,0.0,UNOBSERVED_BODY_ENVELOPE,0.7110185571230425,0,2,0,0,24
43.233333333333334,-56.80193922883643,-10.452042164884023,1.5061634207784422,0.0,0.0,0.0,0.0,1.0,0.0,UNOBSERVED_BODY_ENVELOPE,0.7110185571230425,0,2,0,0,24
43.25,-56.80193922883643,-10.452042164884023,1.5061634207784422,0.0,0.0,0.0,0.0,1.0,0.0,UNOBSERVED_BODY_ENVELOPE,0.7110185571230425,0,2,0,0,24
43.266666666666666,-56.80193922883643,-10.452042164884023,1.5061634207784422,0.0,0.0,0.0,0.0,1.0,0.0,UNOBSERVED_BODY_ENVELOPE,0.7110185571230425,0,2,0,0,24
43.28333333333333,-56.80193922883643,-10.452042164884023,1.5061634207784422,0.0,0.0,0.0,0.0,1.0,0.0,UNOBSERVED_BODY_ENVELOPE,0.7110185571230425,0,2,0,0,24
43.3,-56.80193922883643,-10.452042164884023,1.5061634207784422,0.0,0.0,0.0,0.0,1.0,0.0,UNOBSERVED_BODY_ENVELOPE,0.7110185571230425,0,2,0,0,24
43.31666666666667,-56.80193922883643,-10.452042164884023,1.5061634207784422,0.0,0.0,0.0,0.0,1.0,0.0,UNOBSERVED_BODY_ENVELOPE,0.7110185571230425,0,2,0,0,24
43.333333333333336,-56.80193922883643,-10.452042164884023,1.5061634207784422,0.0,0.0,0.0,0.0,1.0,0.0,UNOBSERVED_BODY_ENVELOPE,0.7110185571230425,0,2,0,0,24
43.35,-56.80193922883643,-10.452042164884023,1.5061634207784422,0.0,0.0,0.0,0.0,1.0,0.0,UNOBSERVED_BODY_ENVELOPE,0.7110185571230425,0,2,0,0,24
43.36666666666667,-56.80193922883643,-10.452042164884023,1.5061634207784422,0.0,0.0,0.0,0.0,1.0,0.0,UNOBSERVED_BODY_ENVELOPE,0.7110185571230425,0,2,0,0,24
43.38333333333333,-56.80193922883643,-10.452042164884023,1.5061634207784422,0.0,0.0,0.0,0.0,1.0,0.0,UNOBSERVED_BODY_ENVELOPE,0.7110185571230425,0,2,0,0,24
43.4,-56.80193922883643,-10.452042164884023,1.5061634207784422,0.0,0.0,0.0,0.0,1.0,0.0,UNOBSERVED_BODY_ENVELOPE,0.7110185571230425,0,2,0,0,24
43.416666666666664,-56.80193922883643,-10.452042164884023,1.5061634207784422,0.0,0.0,0.0,0.0,1.0,0.0,UNOBSERVED_BODY_ENVELOPE,0.7110185571230425,0,2,0,0,24
43.43333333333333,-56.80193922883643,-10.452042164884023,1.5061634207784422,0.0,0.0,0.0,0.0,1.0,0.0,UNOBSERVED_BODY_ENVELOPE,0.7110185571230425,0,2,0,0,24
43.45,-56.80193922883643,-10.452042164884023,1.5061634207784422,0.0,0.0,0.0,0.0,1.0,0.0,UNOBSERVED_BODY_ENVELOPE,0.7110185571230425,0,2,0,0,24
43.46666666666667,-56.80193922883643,-10.452042164884023,1.5061634207784422,0.0,0.0,0.0,0.0,1.0,0.0,UNOBSERVED_BODY_ENVELOPE,0.7110185571230425,0,2,0,0,24
43.483333333333334,-56.80193922883643,-10.452042164884023,1.5061634207784422,0.0,0.0,0.0,0.0,1.0,0.0,UNOBSERVED_BODY_ENVELOPE,0.7110185571230425,0,2,0,0,24
43.5,-56.80193922883643,-10.452042164884023,1.5061634207784422,0.0,0.0,0.0,0.0,1.0,0.0,UNOBSERVED_BODY_ENVELOPE,0.7110185571230425,0,2,0,0,24
43.516666666666666,-56.80193922883643,-10.452042164884023,1.5061634207784422,0.0,0.0,0.0,0.0,1.0,0.0,UNOBSERVED_BODY_ENVELOPE,0.7110185571230425,0,2,0,0,24
43.53333333333333,-56.80193922883643,-10.452042164884023,1.5061634207784422,0.0,0.0,0.0,0.0,1.0,0.0,UNOBSERVED_BODY_ENVELOPE,0.7110185571230425,0,2,0,0,24
43.55,-56.80193922883643,-10.452042164884023,1.5061634207784422,0.0,0.0,0.0,0.0,1.0,0.0,UNOBSERVED_BODY_ENVELOPE,0.7110185571230425,0,2,0,0,24
43.56666666666667,-56.80193922883643,-10.452042164884023,1.5061634207784422,0.0,0.0,0.0,0.0,1.0,0.0,UNOBSERVED_BODY_ENVELOPE,0.7110185571230425,0,2,0,0,24
43.583333333333336,-56.80193922883643,-10.452042164884023,1.5061634207784422,0.0,0.0,0.0,0.0,1.0,0.0,UNOBSERVED_BODY_ENVELOPE,0.7110185571230425,0,2,0,0,24
43.6,-56.80193922883643,-10.452042164884023,1.5061634207784422,0.0,0.0,0.0,0.0,1.0,0.0,UNOBSERVED_BODY_ENVELOPE,0.7110185571230425,0,2,0,0,24
43.61666666666667,-56.80193922883643,-10.452042164884023,1.5061634207784422,0.0,0.0,0.0,0.0,1.0,0.0,UNOBSERVED_BODY_ENVELOPE,0.7110185571230425,0,2,0,0,24
43.63333333333333,-56.80193922883643,-10.452042164884023,1.5061634207784422,0.0,0.0,0.0,0.0,1.0,0.0,UNOBSERVED_BODY_ENVELOPE,0.7110185571230425,0,2,0,0,24
43.65,-56.80193922883643,-10.452042164884023,1.5061634207784422,0.0,0.0,0.0,0.0,1.0,0.0,UNOBSERVED_BODY_ENVELOPE,0.7110185571230425,0,2,0,0,24
43.666666666666664,-56.80193922883643,-10.452042164884023,1.5061634207784422,0.0,0.0,0.0,0.0,1.0,0.0,UNOBSERVED_BODY_ENVELOPE,0.7110185571230425,0,2,0,0,24
43.68333333333333,-56.80193922883643,-10.452042164884023,1.5061634207784422,0.0,0.0,0.0,0.0,1.0,0.0,UNOBSERVED_BODY_ENVELOPE,0.7110185571230425,0,2,0,0,24
43.7,-56.80193922883643,-10.452042164884023,1.5061634207784422,0.0,0.0,0.0,0.0,1.0,0.0,UNOBSERVED_BODY_ENVELOPE,0.7110185571230425,0,2,0,0,24
43.71666666666667,-56.80193922883643,-10.452042164884023,1.5061634207784422,0.0,0.0,0.0,0.0,1.0,0.0,UNOBSERVED_BODY_ENVELOPE,0.7110185571230425,0,2,0,0,24
43.733333333333334,-56.80193922883643,-10.452042164884023,1.5061634207784422,0.0,0.0,0.0,0.0,1.0,0.0,UNOBSERVED_BODY_ENVELOPE,0.7110185571230425,0,2,0,0,24
43.75,-56.80193922883643,-10.452042164884023,1.5061634207784422,0.0,0.0,0.0,0.0,1.0,0.0,UNOBSERVED_BODY_ENVELOPE,0.7110185571230425,0,2,0,0,24
43.766666666666666,-56.80193922883643,-10.452042164884023,1.5061634207784422,0.0,0.0,0.0,0.0,1.0,0.0,UNOBSERVED_BODY_ENVELOPE,0.7110185571230425,0,2,0,0,24
43.78333333333333,-56.80193922883643,-10.452042164884023,1.5061634207784422,0.0,0.0,0.0,0.0,1.0,0.0,UNOBSERVED_BODY_ENVELOPE,0.7110185571230425,0,2,0,0,24
43.8,-56.80193922883643,-10.452042164884023,1.5061634207784422,0.0,0.0,0.0,0.0,1.0,0.0,UNOBSERVED_BODY_ENVELOPE,0.7110185571230425,0,2,0,0,24
43.81666666666667,-56.80193922883643,-10.452042164884023,1.5061634207784422,0.0,0.0,0.0,0.0,1.0,0.0,UNOBSERVED_BODY_ENVELOPE,0.7110185571230425,0,2,0,0,24
43.833333333333336,-56.80193922883643,-10.452042164884023,1.5061634207784422,0.0,0.0,0.0,0.0,1.0,0.0,UNOBSERVED_BODY_ENVELOPE,0.7110185571230425,0,2,0,0,24
43.85,-56.80193922883643,-10.452042164884023,1.5061634207784422,0.0,0.0,0.0,0.0,1.0,0.0,UNOBSERVED_BODY_ENVELOPE,0.7110185571230425,0,2,0,0,24
43.86666666666667,-56.80193922883643,-10.452042164884023,1.5061634207784422,0.0,0.0,0.0,0.0,1.0,0.0,UNOBSERVED_BODY_ENVELOPE,0.7110185571230425,0,2,0,0,24
43.88333333333333,-56.80193922883643,-10.452042164884023,1.5061634207784422,0.0,0.0,0.0,0.0,1.0,0.0,UNOBSERVED_BODY_ENVELOPE,0.7110185571230425,0,2,0,0,24
43.9,-56.80193922883643,-10.452042164884023,1.5061634207784422,0.0,0.0,0.0,0.0,1.0,0.0,UNOBSERVED_BODY_ENVELOPE,0.7110185571230425,0,2,0,0,24
43.916666666666664,-56.80193922883643,-10.452042164884023,1.5061634207784422,0.0,0.0,0.0,0.0,1.0,0.0,UNOBSERVED_BODY_ENVELOPE,0.7110185571230425,0,2,0,0,24
43.93333333333333,-56.80193922883643,-10.452042164884023,1.5061634207784422,0.0,0.0,0.0,0.0,1.0,0.0,UNOBSERVED_BODY_ENVELOPE,0.7110185571230425,0,2,0,0,24
43.95,-56.80193922883643,-10.452042164884023,1.5061634207784422,0.0,0.0,0.0,0.0,1.0,0.0,UNOBSERVED_BODY_ENVELOPE,0.7110185571230425,0,2,0,0,24
43.96666666666667,-56.80193922883643,-10.452042164884023,1.5061634207784422,0.0,0.0,0.0,0.0,1.0,0.0,UNOBSERVED_BODY_ENVELOPE,0.7110185571230425,0,2,0,0,24
43.983333333333334,-56.80193922883643,-10.452042164884023,1.5061634207784422,0.0,0.0,0.0,0.0,1.0,0.0,UNOBSERVED_BODY_ENVELOPE,0.7110185571230425,0,2,0,0,24
44.0,-56.80193922883643,-10.452042164884023,1.5061634207784422,0.0,0.0,0.0,0.0,0.0,0.0,UNOBSERVED_BODY_ENVELOPE,0.7110185571230425,0,2,0,0,24
44.016666666666666,-56.80193922883643,-10.452042164884023,1.5061634207784422,0.0,0.0,0.0,0.0,0.0,0.0,UNOBSERVED_BODY_ENVELOPE,0.7110185571230425,0,2,0,0,24
44.03333333333333,-56.80193922883643,-10.452042164884023,1.5061634207784422,0.0,0.0,0.0,0.0,0.0,0.0,UNOBSERVED_BODY_ENVELOPE,0.7110185571230425,0,2,0,0,24
44.05,-56.80193922883643,-10.452042164884023,1.5061634207784422,0.0,0.0,0.0,0.0,0.0,0.0,UNOBSERVED_BODY_ENVELOPE,0.7110185571230425,0,2,0,0,24
44.06666666666667,-56.80193922883643,-10.452042164884023,1.5061634207784422,0.0,0.0,0.0,0.0,0.0,0.0,ZERO_INTENT,0.7110185571230425,0,2,0,0,24
44.083333333333336,-56.80193922883643,-10.452042164884023,1.5061634207784422,0.0,0.0,0.0,0.0,0.0,0.0,ZERO_INTENT,0.7110185571230425,0,2,0,0,24
44.1,-56.80193922883643,-10.452042164884023,1.5061634207784422,0.0,0.0,0.0,0.0,0.0,0.0,ZERO_INTENT,0.7110185571230425,0,2,0,0,24
44.11666666666667,-56.80193922883643,-10.452042164884023,1.5061634207784422,0.0,0.0,0.0,0.0,0.0,0.0,ZERO_INTENT,0.7110185571230425,0,2,0,0,24
44.13333333333333,-56.80193922883643,-10.452042164884023,1.5061634207784422,0.0,0.0,0.0,0.0,0.0,0.0,ZERO_INTENT,0.7110185571230425,0,2,0,0,24
44.15,-56.80193922883643,-10.452042164884023,1.5061634207784422,0.0,0.0,0.0,0.0,0.0,0.0,ZERO_INTENT,0.7110185571230425,0,2,0,0,24
44.166666666666664,-56.80193922883643,-10.452042164884023,1.5061634207784422,0.0,0.0,0.0,0.0,0.0,0.0,ZERO_INTENT,0.7110185571230425,0,2,0,0,24
44.18333333333333,-56.80193922883643,-10.452042164884023,1.5061634207784422,0.0,0.0,0.0,0.0,0.0,0.0,ZERO_INTENT,0.7110185571230425,0,2,0,0,24
44.2,-56.80193922883643,-10.452042164884023,1.5061634207784422,0.0,0.0,0.0,0.0,0.0,0.0,ZERO_INTENT,0.7110185571230425,0,2,0,0,24
44.21666666666667,-56.80193922883643,-10.452042164884023,1.5061634207784422,0.0,0.0,0.0,0.0,0.0,0.0,ZERO_INTENT,0.7110185571230425,0,2,0,0,24
44.233333333333334,-56.80193922883643,-10.452042164884023,1.5061634207784422,0.0,0.0,0.0,0.0,0.0,0.0,ZERO_INTENT,0.7110185571230425,0,2,0,0,24
44.25,-56.80193922883643,-10.452042164884023,1.5061634207784422,0.0,0.0,0.0,0.0,0.0,0.0,ZERO_INTENT,0.7110185571230425,0,2,0,0,24
44.266666666666666,-56.80193922883643,-10.452042164884023,1.5061634207784422,0.0,0.0,0.0,0.0,0.0,0.0,ZERO_INTENT,0.7110185571230425,0,2,0,0,24
44.28333333333333,-56.80193922883643,-10.452042164884023,1.5061634207784422,0.0,0.0,0.0,0.0,0.0,0.0,ZERO_INTENT,0.7110185571230425,0,2,0,0,24
44.3,-56.80193922883643,-10.452042164884023,1.5061634207784422,0.0,0.0,0.0,0.0,0.0,0.0,ZERO_INTENT,0.7110185571230425,0,2,0,0,24
44.31666666666667,-56.80193922883643,-10.452042164884023,1.5061634207784422,0.0,0.0,0.0,0.0,0.0,0.0,ZERO_INTENT,0.7110185571230425,0,2,0,0,24
44.333333333333336,-56.80193922883643,-10.452042164884023,1.5061634207784422,0.0,0.0,0.0,0.0,0.0,0.0,ZERO_INTENT,0.7110185571230425,0,2,0,0,24
44.35,-56.80193922883643,-10.452042164884023,1.5061634207784422,0.0,0.0,0.0,0.0,0.0,0.0,ZERO_INTENT,0.7110185571230425,0,2,0,0,24
44.36666666666667,-56.80193922883643,-10.452042164884023,1.5061634207784422,0.0,0.0,0.0,0.0,0.0,0.0,ZERO_INTENT,0.7110185571230425,0,2,0,0,24
44.38333333333333,-56.80193922883643,-10.452042164884023,1.5061634207784422,0.0,0.0,0.0,0.0,0.0,0.0,ZERO_INTENT,0.7110185571230425,0,2,0,0,24
44.4,-56.80193922883643,-10.452042164884023,1.5061634207784422,0.0,0.0,0.0,0.0,0.0,0.0,ZERO_INTENT,0.7110185571230425,0,2,0,0,24
44.416666666666664,-56.80193922883643,-10.452042164884023,1.5061634207784422,0.0,0.0,0.0,0.0,0.0,0.0,ZERO_INTENT,0.7110185571230425,0,2,0,0,24
44.43333333333333,-56.80193922883643,-10.452042164884023,1.5061634207784422,0.0,0.0,0.0,0.0,0.0,0.0,ZERO_INTENT,0.7110185571230425,0,2,0,0,24
44.45,-56.80193922883643,-10.452042164884023,1.5061634207784422,0.0,0.0,0.0,0.0,0.0,0.0,ZERO_INTENT,0.7110185571230425,0,2,0,0,24
44.46666666666667,-56.80193922883643,-10.452042164884023,1.5061634207784422,0.0,0.0,0.0,0.0,0.0,0.0,ZERO_INTENT,0.7110185571230425,0,2,0,0,24
44.483333333333334,-56.80193922883643,-10.452042164884023,1.5061634207784422,0.0,0.0,0.0,0.0,0.0,0.0,ZERO_INTENT,0.7110185571230425,0,2,0,0,24
44.5,-56.80193922883643,-10.452042164884023,1.5061634207784422,0.0,0.0,0.0,0.0,0.0,0.0,ZERO_INTENT,0.7110185571230425,0,2,0,0,24
44.516666666666666,-56.80193922883643,-10.452042164884023,1.5061634207784422,0.0,0.0,0.0,0.0,0.0,0.0,ZERO_INTENT,0.7110185571230425,0,2,0,0,24
44.53333333333333,-56.80193922883643,-10.452042164884023,1.5061634207784422,0.0,0.0,0.0,0.0,0.0,0.0,ZERO_INTENT,0.7110185571230425,0,2,0,0,24
44.55,-56.80193922883643,-10.452042164884023,1.5061634207784422,0.0,0.0,0.0,0.0,0.0,0.0,ZERO_INTENT,0.7110185571230425,0,2,0,0,24
44.56666666666667,-56.80193922883643,-10.452042164884023,1.5061634207784422,0.0,0.0,0.0,0.0,0.0,0.0,ZERO_INTENT,0.7110185571230425,0,2,0,0,24
44.583333333333336,-56.80193922883643,-10.452042164884023,1.5061634207784422,0.0,0.0,0.0,0.0,0.0,0.0,ZERO_INTENT,0.7110185571230425,0,2,0,0,24
44.6,-56.80193922883643,-10.452042164884023,1.5061634207784422,0.0,0.0,0.0,0.0,0.0,0.0,ZERO_INTENT,0.7110185571230425,0,2,0,0,24
44.61666666666667,-56.80193922883643,-10.452042164884023,1.5061634207784422,0.0,0.0,0.0,0.0,0.0,0.0,ZERO_INTENT,0.7110185571230425,0,2,0,0,24
44.63333333333333,-56.80193922883643,-10.452042164884023,1.5061634207784422,0.0,0.0,0.0,0.0,0.0,0.0,ZERO_INTENT,0.7110185571230425,0,2,0,0,24
44.65,-56.80193922883643,-10.452042164884023,1.5061634207784422,0.0,0.0,0.0,0.0,0.0,0.0,ZERO_INTENT,0.7110185571230425,0,2,0,0,24
44.666666666666664,-56.80193922883643,-10.452042164884023,1.5061634207784422,0.0,0.0,0.0,0.0,0.0,0.0,ZERO_INTENT,0.7110185571230425,0,2,0,0,24
44.68333333333333,-56.80193922883643,-10.452042164884023,1.5061634207784422,0.0,0.0,0.0,0.0,0.0,0.0,ZERO_INTENT,0.7110185571230425,0,2,0,0,24
44.7,-56.80193922883643,-10.452042164884023,1.5061634207784422,0.0,0.0,0.0,0.0,0.0,0.0,ZERO_INTENT,0.7110185571230425,0,2,0,0,24
44.71666666666667,-56.80193922883643,-10.452042164884023,1.5061634207784422,0.0,0.0,0.0,0.0,0.0,0.0,ZERO_INTENT,0.7110185571230425,0,2,0,0,24
44.733333333333334,-56.80193922883643,-10.452042164884023,1.5061634207784422,0.0,0.0,0.0,0.0,0.0,0.0,ZERO_INTENT,0.7110185571230425,0,2,0,0,24
44.75,-56.80193922883643,-10.452042164884023,1.5061634207784422,0.0,0.0,0.0,0.0,0.0,0.0,ZERO_INTENT,0.7110185571230425,0,2,0,0,24
44.766666666666666,-56.80193922883643,-10.452042164884023,1.5061634207784422,0.0,0.0,0.0,0.0,0.0,0.0,ZERO_INTENT,0.7110185571230425,0,2,0,0,24
44.78333333333333,-56.80193922883643,-10.452042164884023,1.5061634207784422,0.0,0.0,0.0,0.0,0.0,0.0,ZERO_INTENT,0.7110185571230425,0,2,0,0,24
44.8,-56.80193922883643,-10.452042164884023,1.5061634207784422,0.0,0.0,0.0,0.0,0.0,0.0,ZERO_INTENT,0.7110185571230425,0,2,0,0,24
44.81666666666667,-56.80193922883643,-10.452042164884023,1.5061634207784422,0.0,0.0,0.0,0.0,0.0,0.0,ZERO_INTENT,0.7110185571230425,0,2,0,0,24
44.833333333333336,-56.80193922883643,-10.452042164884023,1.5061634207784422,0.0,0.0,0.0,0.0,0.0,0.0,ZERO_INTENT,0.7110185571230425,0,2,0,0,24
44.85,-56.80193922883643,-10.452042164884023,1.5061634207784422,0.0,0.0,0.0,0.0,0.0,0.0,ZERO_INTENT,0.7110185571230425,0,2,0,0,24
44.86666666666667,-56.80193922883643,-10.452042164884023,1.5061634207784422,0.0,0.0,0.0,0.0,0.0,0.0,ZERO_INTENT,0.7110185571230425,0,2,0,0,24
44.88333333333333,-56.80193922883643,-10.452042164884023,1.5061634207784422,0.0,0.0,0.0,0.0,0.0,0.0,ZERO_INTENT,0.7110185571230425,0,2,0,0,24
44.9,-56.80193922883643,-10.452042164884023,1.5061634207784422,0.0,0.0,0.0,0.0,0.0,0.0,ZERO_INTENT,0.7110185571230425,0,2,0,0,24
44.916666666666664,-56.80193922883643,-10.452042164884023,1.5061634207784422,0.0,0.0,0.0,0.0,0.0,0.0,ZERO_INTENT,0.7110185571230425,0,2,0,0,24
44.93333333333333,-56.80193922883643,-10.452042164884023,1.5061634207784422,0.0,0.0,0.0,0.0,0.0,0.0,ZERO_INTENT,0.7110185571230425,0,2,0,0,24
44.95,-56.80193922883643,-10.452042164884023,1.5061634207784422,0.0,0.0,0.0,0.0,0.0,0.0,ZERO_INTENT,0.7110185571230425,0,2,0,0,24
44.96666666666667,-56.80193922883643,-10.452042164884023,1.5061634207784422,0.0,0.0,0.0,0.0,0.0,0.0,ZERO_INTENT,0.7110185571230425,0,2,0,0,24
44.983333333333334,-56.80193922883643,-10.452042164884023,1.5061634207784422,0.0,0.0,0.0,0.0,0.0,0.0,ZERO_INTENT,0.7110185571230425,0,2,0,0,24
45.0,-56.80193922883643,-10.452042164884023,1.5061634207784422,0.0,0.0,0.0,0.0,0.0,0.0,ZERO_INTENT,0.7110185571230425,0,2,0,0,24
45.016666666666666,-56.80193922883643,-10.452042164884023,1.5061634207784422,0.0,0.0,0.0,0.0,0.0,0.0,ZERO_INTENT,0.7110185571230425,0,2,0,0,24
45.03333333333333,-56.80193922883643,-10.452042164884023,1.5061634207784422,0.0,0.0,0.0,0.0,0.0,0.0,ZERO_INTENT,0.7110185571230425,0,2,0,0,24
45.05,-56.80193922883643,-10.452042164884023,1.5061634207784422,0.0,0.0,0.0,0.0,0.0,0.0,ZERO_INTENT,0.7110185571230425,0,2,0,0,24
45.06666666666667,-56.80193922883643,-10.452042164884023,1.5061634207784422,0.0,0.0,0.0,0.0,0.0,0.0,ZERO_INTENT,0.7110185571230425,0,2,0,0,24
45.083333333333336,-56.80193922883643,-10.452042164884023,1.5061634207784422,0.0,0.0,0.0,0.0,0.0,0.0,ZERO_INTENT,0.7110185571230425,0,2,0,0,24
45.1,-56.80193922883643,-10.452042164884023,1.5061634207784422,0.0,0.0,0.0,0.0,0.0,0.0,ZERO_INTENT,0.7110185571230425,0,2,0,0,24
45.11666666666667,-56.80193922883643,-10.452042164884023,1.5061634207784422,0.0,0.0,0.0,0.0,0.0,0.0,ZERO_INTENT,0.7110185571230425,0,2,0,0,24
45.13333333333333,-56.80193922883643,-10.452042164884023,1.5061634207784422,0.0,0.0,0.0,0.0,0.0,0.0,ZERO_INTENT,0.7110185571230425,0,2,0,0,24
45.15,-56.80193922883643,-10.452042164884023,1.5061634207784422,0.0,0.0,0.0,0.0,0.0,0.0,ZERO_INTENT,0.7110185571230425,0,2,0,0,24
45.166666666666664,-56.80193922883643,-10.452042164884023,1.5061634207784422,0.0,0.0,0.0,0.0,0.0,0.0,ZERO_INTENT,0.7110185571230425,0,2,0,0,24
45.18333333333333,-56.80193922883643,-10.452042164884023,1.5061634207784422,0.0,0.0,0.0,0.0,0.0,0.0,ZERO_INTENT,0.7110185571230425,0,2,0,0,24
45.2,-56.80193922883643,-10.452042164884023,1.5061634207784422,0.0,0.0,0.0,0.0,0.0,0.0,ZERO_INTENT,0.7110185571230425,0,2,0,0,24
45.21666666666667,-56.80193922883643,-10.452042164884023,1.5061634207784422,0.0,0.0,0.0,0.0,0.0,0.0,ZERO_INTENT,0.7110185571230425,0,2,0,0,24
45.233333333333334,-56.80193922883643,-10.452042164884023,1.5061634207784422,0.0,0.0,0.0,0.0,0.0,0.0,ZERO_INTENT,0.7110185571230425,0,2,0,0,24
45.25,-56.80193922883643,-10.452042164884023,1.5061634207784422,0.0,0.0,0.0,0.0,0.0,0.0,ZERO_INTENT,0.7110185571230425,0,2,0,0,24
45.266666666666666,-56.80193922883643,-10.452042164884023,1.5061634207784422,0.0,0.0,0.0,0.0,0.0,0.0,ZERO_INTENT,0.7110185571230425,0,2,0,0,24
45.28333333333333,-56.80193922883643,-10.452042164884023,1.5061634207784422,0.0,0.0,0.0,0.0,0.0,0.0,ZERO_INTENT,0.7110185571230425,0,2,0,0,24
45.3,-56.80193922883643,-10.452042164884023,1.5061634207784422,0.0,0.0,0.0,0.0,0.0,0.0,ZERO_INTENT,0.7110185571230425,0,2,0,0,24
45.31666666666667,-56.80193922883643,-10.452042164884023,1.5061634207784422,0.0,0.0,0.0,0.0,0.0,0.0,ZERO_INTENT,0.7110185571230425,0,2,0,0,24
45.333333333333336,-56.80193922883643,-10.452042164884023,1.5061634207784422,0.0,0.0,0.0,0.0,0.0,0.0,ZERO_INTENT,0.7110185571230425,0,2,0,0,24
45.35,-56.80193922883643,-10.452042164884023,1.5061634207784422,0.0,0.0,0.0,0.0,0.0,0.0,ZERO_INTENT,0.7110185571230425,0,2,0,0,24
45.36666666666667,-56.80193922883643,-10.452042164884023,1.5061634207784422,0.0,0.0,0.0,0.0,0.0,0.0,ZERO_INTENT,0.7110185571230425,0,2,0,0,24
45.38333333333333,-56.80193922883643,-10.452042164884023,1.5061634207784422,0.0,0.0,0.0,0.0,0.0,0.0,ZERO_INTENT,0.7110185571230425,0,2,0,0,24
45.4,-56.80193922883643,-10.452042164884023,1.5061634207784422,0.0,0.0,0.0,0.0,0.0,0.0,ZERO_INTENT,0.7110185571230425,0,2,0,0,24
45.416666666666664,-56.80193922883643,-10.452042164884023,1.5061634207784422,0.0,0.0,0.0,0.0,0.0,0.0,ZERO_INTENT,0.7110185571230425,0,2,0,0,24
45.43333333333333,-56.80193922883643,-10.452042164884023,1.5061634207784422,0.0,0.0,0.0,0.0,0.0,0.0,ZERO_INTENT,0.7110185571230425,0,2,0,0,24
45.45,-56.80193922883643,-10.452042164884023,1.5061634207784422,0.0,0.0,0.0,0.0,0.0,0.0,ZERO_INTENT,0.7110185571230425,0,2,0,0,24
45.46666666666667,-56.80193922883643,-10.452042164884023,1.5061634207784422,0.0,0.0,0.0,0.0,0.0,0.0,ZERO_INTENT,0.7110185571230425,0,2,0,0,24
45.483333333333334,-56.80193922883643,-10.452042164884023,1.5061634207784422,0.0,0.0,0.0,0.0,0.0,0.0,ZERO_INTENT,0.7110185571230425,0,2,0,0,24
45.5,-56.80193922883643,-10.452042164884023,1.5061634207784422,0.0,0.0,0.0,0.0,0.0,0.0,ZERO_INTENT,0.7110185571230425,0,2,0,0,24
45.516666666666666,-56.80193922883643,-10.452042164884023,1.5061634207784422,0.0,0.0,0.0,0.0,0.0,0.0,ZERO_INTENT,0.7110185571230425,0,2,0,0,24
45.53333333333333,-56.80193922883643,-10.452042164884023,1.5061634207784422,0.0,0.0,0.0,0.0,0.0,0.0,ZERO_INTENT,0.7110185571230425,0,2,0,0,24
45.55,-56.80193922883643,-10.452042164884023,1.5061634207784422,0.0,0.0,0.0,0.0,0.0,0.0,ZERO_INTENT,0.7110185571230425,0,2,0,0,24
45.56666666666667,-56.80193922883643,-10.452042164884023,1.5061634207784422,0.0,0.0,0.0,0.0,0.0,0.0,ZERO_INTENT,0.7110185571230425,0,2,0,0,24
45.583333333333336,-56.80193922883643,-10.452042164884023,1.5061634207784422,0.0,0.0,0.0,0.0,0.0,0.0,ZERO_INTENT,0.7110185571230425,0,2,0,0,24
45.6,-56.80193922883643,-10.452042164884023,1.5061634207784422,0.0,0.0,0.0,0.0,0.0,0.0,ZERO_INTENT,0.7110185571230425,0,2,0,0,24
45.61666666666667,-56.80193922883643,-10.452042164884023,1.5061634207784422,0.0,0.0,0.0,0.0,0.0,0.0,ZERO_INTENT,0.7110185571230425,0,2,0,0,24
45.63333333333333,-56.80193922883643,-10.452042164884023,1.5061634207784422,0.0,0.0,0.0,0.0,0.0,0.0,ZERO_INTENT,0.7110185571230425,0,2,0,0,24
45.65,-56.80193922883643,-10.452042164884023,1.5061634207784422,0.0,0.0,0.0,0.0,0.0,0.0,ZERO_INTENT,0.7110185571230425,0,2,0,0,24
45.666666666666664,-56.80193922883643,-10.452042164884023,1.5061634207784422,0.0,0.0,0.0,0.0,0.0,0.0,ZERO_INTENT,0.7110185571230425,0,2,0,0,24
45.68333333333333,-56.80193922883643,-10.452042164884023,1.5061634207784422,0.0,0.0,0.0,0.0,0.0,0.0,ZERO_INTENT,0.7110185571230425,0,2,0,0,24
45.7,-56.80193922883643,-10.452042164884023,1.5061634207784422,0.0,0.0,0.0,0.0,0.0,0.0,ZERO_INTENT,0.7110185571230425,0,2,0,0,24
45.71666666666667,-56.80193922883643,-10.452042164884023,1.5061634207784422,0.0,0.0,0.0,0.0,0.0,0.0,ZERO_INTENT,0.7110185571230425,0,2,0,0,24
45.733333333333334,-56.80193922883643,-10.452042164884023,1.5061634207784422,0.0,0.0,0.0,0.0,0.0,0.0,ZERO_INTENT,0.7110185571230425,0,2,0,0,24
45.75,-56.80193922883643,-10.452042164884023,1.5061634207784422,0.0,0.0,0.0,0.0,0.0,0.0,ZERO_INTENT,0.7110185571230425,0,2,0,0,24
45.766666666666666,-56.80193922883643,-10.452042164884023,1.5061634207784422,0.0,0.0,0.0,0.0,0.0,0.0,ZERO_INTENT,0.7110185571230425,0,2,0,0,24
45.78333333333333,-56.80193922883643,-10.452042164884023,1.5061634207784422,0.0,0.0,0.0,0.0,0.0,0.0,ZERO_INTENT,0.7110185571230425,0,2,0,0,24
45.8,-56.80193922883643,-10.452042164884023,1.5061634207784422,0.0,0.0,0.0,0.0,0.0,0.0,ZERO_INTENT,0.7110185571230425,0,2,0,0,24
45.81666666666667,-56.80193922883643,-10.452042164884023,1.5061634207784422,0.0,0.0,0.0,0.0,0.0,0.0,ZERO_INTENT,0.7110185571230425,0,2,0,0,24
45.833333333333336,-56.80193922883643,-10.452042164884023,1.5061634207784422,0.0,0.0,0.0,0.0,0.0,0.0,ZERO_INTENT,0.7110185571230425,0,2,0,0,24
45.85,-56.80193922883643,-10.452042164884023,1.5061634207784422,0.0,0.0,0.0,0.0,0.0,0.0,ZERO_INTENT,0.7110185571230425,0,2,0,0,24
45.86666666666667,-56.80193922883643,-10.452042164884023,1.5061634207784422,0.0,0.0,0.0,0.0,0.0,0.0,ZERO_INTENT,0.7110185571230425,0,2,0,0,24
45.88333333333333,-56.80193922883643,-10.452042164884023,1.5061634207784422,0.0,0.0,0.0,0.0,0.0,0.0,ZERO_INTENT,0.7110185571230425,0,2,0,0,24
45.9,-56.80193922883643,-10.452042164884023,1.5061634207784422,0.0,0.0,0.0,0.0,0.0,0.0,ZERO_INTENT,0.7110185571230425,0,2,0,0,24
45.916666666666664,-56.80193922883643,-10.452042164884023,1.5061634207784422,0.0,0.0,0.0,0.0,0.0,0.0,ZERO_INTENT,0.7110185571230425,0,2,0,0,24
45.93333333333333,-56.80193922883643,-10.452042164884023,1.5061634207784422,0.0,0.0,0.0,0.0,0.0,0.0,ZERO_INTENT,0.7110185571230425,0,2,0,0,24
45.95,-56.80193922883643,-10.452042164884023,1.5061634207784422,0.0,0.0,0.0,0.0,0.0,0.0,ZERO_INTENT,0.7110185571230425,0,2,0,0,24
45.96666666666667,-56.80193922883643,-10.452042164884023,1.5061634207784422,0.0,0.0,0.0,0.0,0.0,0.0,ZERO_INTENT,0.7110185571230425,0,2,0,0,24
45.983333333333334,-56.80193922883643,-10.452042164884023,1.5061634207784422,0.0,0.0,0.0,0.0,0.0,0.0,ZERO_INTENT,0.7110185571230425,0,2,0,0,24
46.0,-56.80193922883643,-10.452042164884023,1.5061634207784422,0.0,0.0,0.0,0.0,0.0,0.0,ZERO_INTENT,0.7110185571230425,0,2,0,0,24
46.016666666666666,-56.80193922883643,-10.452042164884023,1.5061634207784422,0.0,0.0,0.0,0.0,0.0,0.0,ZERO_INTENT,0.7110185571230425,0,2,0,0,24
46.03333333333333,-56.80193922883643,-10.452042164884023,1.5061634207784422,0.0,0.0,0.0,0.0,0.0,0.0,ZERO_INTENT,0.7110185571230425,0,2,0,0,24
46.05,-56.80193922883643,-10.452042164884023,1.5061634207784422,0.0,0.0,0.0,0.0,0.0,0.0,ZERO_INTENT,0.7110185571230425,0,2,0,0,24
46.06666666666667,-56.80193922883643,-10.452042164884023,1.5061634207784422,0.0,0.0,0.0,0.0,0.0,0.0,ZERO_INTENT,0.7110185571230425,0,2,0,0,24
46.083333333333336,-56.80193922883643,-10.452042164884023,1.5061634207784422,0.0,0.0,0.0,0.0,0.0,0.0,ZERO_INTENT,0.7110185571230425,0,2,0,0,24
46.1,-56.80193922883643,-10.452042164884023,1.5061634207784422,0.0,0.0,0.0,0.0,0.0,0.0,ZERO_INTENT,0.7110185571230425,0,2,0,0,24
46.11666666666667,-56.80193922883643,-10.452042164884023,1.5061634207784422,0.0,0.0,0.0,0.0,0.0,0.0,ZERO_INTENT,0.7110185571230425,0,2,0,0,24
46.13333333333333,-56.80193922883643,-10.452042164884023,1.5061634207784422,0.0,0.0,0.0,0.0,0.0,0.0,ZERO_INTENT,0.7110185571230425,0,2,0,0,24
46.15,-56.80193922883643,-10.452042164884023,1.5061634207784422,0.0,0.0,0.0,0.0,0.0,0.0,ZERO_INTENT,0.7110185571230425,0,2,0,0,24
46.166666666666664,-56.80193922883643,-10.452042164884023,1.5061634207784422,0.0,0.0,0.0,0.0,0.0,0.0,ZERO_INTENT,0.7110185571230425,0,2,0,0,24
46.18333333333333,-56.80193922883643,-10.452042164884023,1.5061634207784422,0.0,0.0,0.0,0.0,0.0,0.0,ZERO_INTENT,0.7110185571230425,0,2,0,0,24
46.2,-56.80193922883643,-10.452042164884023,1.5061634207784422,0.0,0.0,0.0,0.0,0.0,0.0,ZERO_INTENT,0.7110185571230425,0,2,0,0,24
46.21666666666667,-56.80193922883643,-10.452042164884023,1.5061634207784422,0.0,0.0,0.0,0.0,0.0,0.0,ZERO_INTENT,0.7110185571230425,0,2,0,0,24
46.233333333333334,-56.80193922883643,-10.452042164884023,1.5061634207784422,0.0,0.0,0.0,0.0,0.0,0.0,ZERO_INTENT,0.7110185571230425,0,2,0,0,24
46.25,-56.80193922883643,-10.452042164884023,1.5061634207784422,0.0,0.0,0.0,0.0,0.0,0.0,ZERO_INTENT,0.7110185571230425,0,2,0,0,24
46.266666666666666,-56.80193922883643,-10.452042164884023,1.5061634207784422,0.0,0.0,0.0,0.0,0.0,0.0,ZERO_INTENT,0.7110185571230425,0,2,0,0,24
46.28333333333333,-56.80193922883643,-10.452042164884023,1.5061634207784422,0.0,0.0,0.0,0.0,0.0,0.0,ZERO_INTENT,0.7110185571230425,0,2,0,0,24
46.3,-56.80193922883643,-10.452042164884023,1.5061634207784422,0.0,0.0,0.0,0.0,0.0,0.0,ZERO_INTENT,0.7110185571230425,0,2,0,0,24
46.31666666666667,-56.80193922883643,-10.452042164884023,1.5061634207784422,0.0,0.0,0.0,0.0,0.0,0.0,ZERO_INTENT,0.7110185571230425,0,2,0,0,24
46.333333333333336,-56.80193922883643,-10.452042164884023,1.5061634207784422,0.0,0.0,0.0,0.0,0.0,0.0,ZERO_INTENT,0.7110185571230425,0,2,0,0,24
46.35,-56.80193922883643,-10.452042164884023,1.5061634207784422,0.0,0.0,0.0,0.0,0.0,0.0,ZERO_INTENT,0.7110185571230425,0,2,0,0,24
46.36666666666667,-56.80193922883643,-10.452042164884023,1.5061634207784422,0.0,0.0,0.0,0.0,0.0,0.0,ZERO_INTENT,0.7110185571230425,0,2,0,0,24
46.38333333333333,-56.80193922883643,-10.452042164884023,1.5061634207784422,0.0,0.0,0.0,0.0,0.0,0.0,ZERO_INTENT,0.7110185571230425,0,2,0,0,24
46.4,-56.80193922883643,-10.452042164884023,1.5061634207784422,0.0,0.0,0.0,0.0,0.0,0.0,ZERO_INTENT,0.7110185571230425,0,2,0,0,24
46.416666666666664,-56.80193922883643,-10.452042164884023,1.5061634207784422,0.0,0.0,0.0,0.0,0.0,0.0,ZERO_INTENT,0.7110185571230425,0,2,0,0,24
46.43333333333333,-56.80193922883643,-10.452042164884023,1.5061634207784422,0.0,0.0,0.0,0.0,0.0,0.0,ZERO_INTENT,0.7110185571230425,0,2,0,0,24
46.45,-56.80193922883643,-10.452042164884023,1.5061634207784422,0.0,0.0,0.0,0.0,0.0,0.0,ZERO_INTENT,0.7110185571230425,0,2,0,0,24
46.46666666666667,-56.80193922883643,-10.452042164884023,1.5061634207784422,0.0,0.0,0.0,0.0,0.0,0.0,ZERO_INTENT,0.7110185571230425,0,2,0,0,24
46.483333333333334,-56.80193922883643,-10.452042164884023,1.5061634207784422,0.0,0.0,0.0,0.0,0.0,0.0,ZERO_INTENT,0.7110185571230425,0,2,0,0,24
46.5,-56.80193922883643,-10.452042164884023,1.5061634207784422,0.0,0.0,0.0,0.0,0.0,0.0,ZERO_INTENT,0.7110185571230425,0,2,0,0,24
46.516666666666666,-56.80193922883643,-10.452042164884023,1.5061634207784422,0.0,0.0,0.0,0.0,0.0,0.0,ZERO_INTENT,0.7110185571230425,0,2,0,0,24
46.53333333333333,-56.80193922883643,-10.452042164884023,1.5061634207784422,0.0,0.0,0.0,0.0,0.0,0.0,ZERO_INTENT,0.7110185571230425,0,2,0,0,24
46.55,-56.80193922883643,-10.452042164884023,1.5061634207784422,0.0,0.0,0.0,0.0,0.0,0.0,ZERO_INTENT,0.7110185571230425,0,2,0,0,24
46.56666666666667,-56.80193922883643,-10.452042164884023,1.5061634207784422,0.0,0.0,0.0,0.0,0.0,0.0,ZERO_INTENT,0.7110185571230425,0,2,0,0,24
46.583333333333336,-56.80193922883643,-10.452042164884023,1.5061634207784422,0.0,0.0,0.0,0.0,0.0,0.0,ZERO_INTENT,0.7110185571230425,0,2,0,0,24
46.6,-56.80193922883643,-10.452042164884023,1.5061634207784422,0.0,0.0,0.0,0.0,0.0,0.0,ZERO_INTENT,0.7110185571230425,0,2,0,0,24
46.61666666666667,-56.80193922883643,-10.452042164884023,1.5061634207784422,0.0,0.0,0.0,0.0,0.0,0.0,ZERO_INTENT,0.7110185571230425,0,2,0,0,24
46.63333333333333,-56.80193922883643,-10.452042164884023,1.5061634207784422,0.0,0.0,0.0,0.0,0.0,0.0,ZERO_INTENT,0.7110185571230425,0,2,0,0,24
46.65,-56.80193922883643,-10.452042164884023,1.5061634207784422,0.0,0.0,0.0,0.0,0.0,0.0,ZERO_INTENT,0.7110185571230425,0,2,0,0,24
46.666666666666664,-56.80193922883643,-10.452042164884023,1.5061634207784422,0.0,0.0,0.0,0.0,0.0,0.0,ZERO_INTENT,0.7110185571230425,0,2,0,0,24
46.68333333333333,-56.80193922883643,-10.452042164884023,1.5061634207784422,0.0,0.0,0.0,0.0,0.0,0.0,ZERO_INTENT,0.7110185571230425,0,2,0,0,24
46.7,-56.80193922883643,-10.452042164884023,1.5061634207784422,0.0,0.0,0.0,0.0,0.0,0.0,ZERO_INTENT,0.7110185571230425,0,2,0,0,24
46.71666666666667,-56.80193922883643,-10.452042164884023,1.5061634207784422,0.0,0.0,0.0,0.0,0.0,0.0,ZERO_INTENT,0.7110185571230425,0,2,0,0,24
46.733333333333334,-56.80193922883643,-10.452042164884023,1.5061634207784422,0.0,0.0,0.0,0.0,0.0,0.0,ZERO_INTENT,0.7110185571230425,0,2,0,0,24
46.75,-56.80193922883643,-10.452042164884023,1.5061634207784422,0.0,0.0,0.0,0.0,0.0,0.0,ZERO_INTENT,0.7110185571230425,0,2,0,0,24
46.766666666666666,-56.80193922883643,-10.452042164884023,1.5061634207784422,0.0,0.0,0.0,0.0,0.0,0.0,ZERO_INTENT,0.7110185571230425,0,2,0,0,24
46.78333333333333,-56.80193922883643,-10.452042164884023,1.5061634207784422,0.0,0.0,0.0,0.0,0.0,0.0,ZERO_INTENT,0.7110185571230425,0,2,0,0,24
46.8,-56.80193922883643,-10.452042164884023,1.5061634207784422,0.0,0.0,0.0,0.0,0.0,0.0,ZERO_INTENT,0.7110185571230425,0,2,0,0,24
46.81666666666667,-56.80193922883643,-10.452042164884023,1.5061634207784422,0.0,0.0,0.0,0.0,0.0,0.0,ZERO_INTENT,0.7110185571230425,0,2,0,0,24
46.833333333333336,-56.80193922883643,-10.452042164884023,1.5061634207784422,0.0,0.0,0.0,0.0,0.0,0.0,ZERO_INTENT,0.7110185571230425,0,2,0,0,24
46.85,-56.80193922883643,-10.452042164884023,1.5061634207784422,0.0,0.0,0.0,0.0,0.0,0.0,ZERO_INTENT,0.7110185571230425,0,2,0,0,24
46.86666666666667,-56.80193922883643,-10.452042164884023,1.5061634207784422,0.0,0.0,0.0,0.0,0.0,0.0,ZERO_INTENT,0.7110185571230425,0,2,0,0,24
46.88333333333333,-56.80193922883643,-10.452042164884023,1.5061634207784422,0.0,0.0,0.0,0.0,0.0,0.0,ZERO_INTENT,0.7110185571230425,0,2,0,0,24
46.9,-56.80193922883643,-10.452042164884023,1.5061634207784422,0.0,0.0,0.0,0.0,0.0,0.0,ZERO_INTENT,0.7110185571230425,0,2,0,0,24
46.916666666666664,-56.80193922883643,-10.452042164884023,1.5061634207784422,0.0,0.0,0.0,0.0,0.0,0.0,ZERO_INTENT,0.7110185571230425,0,2,0,0,24
46.93333333333333,-56.80193922883643,-10.452042164884023,1.5061634207784422,0.0,0.0,0.0,0.0,0.0,0.0,ZERO_INTENT,0.7110185571230425,0,2,0,0,24
46.95,-56.80193922883643,-10.452042164884023,1.5061634207784422,0.0,0.0,0.0,0.0,0.0,0.0,ZERO_INTENT,0.7110185571230425,0,2,0,0,24
46.96666666666667,-56.80193922883643,-10.452042164884023,1.5061634207784422,0.0,0.0,0.0,0.0,0.0,0.0,ZERO_INTENT,0.7110185571230425,0,2,0,0,24
46.983333333333334,-56.80193922883643,-10.452042164884023,1.5061634207784422,0.0,0.0,0.0,0.0,0.0,0.0,ZERO_INTENT,0.7110185571230425,0,2,0,0,24
47.0,-56.80193922883643,-10.452042164884023,1.5061634207784422,0.0,0.0,0.0,-1.0,0.0,0.0,ZERO_INTENT,0.7110185571230425,0,2,0,0,24
47.016666666666666,-56.80193922883643,-10.452042164884023,1.5061634207784422,0.0,0.0,0.0,-1.0,0.0,0.0,ZERO_INTENT,0.7110185571230425,0,2,0,0,24
47.03333333333333,-56.80193922883643,-10.452042164884023,1.5061634207784422,0.0,0.0,0.0,-1.0,0.0,0.0,ZERO_INTENT,0.7110185571230425,0,2,0,0,24
47.05,-56.80193922883643,-10.452042164884023,1.5061634207784422,0.0,0.0,0.0,-1.0,0.0,0.0,ZERO_INTENT,0.7110185571230425,0,2,0,0,24
47.06666666666667,-56.80193922883643,-10.452042164884023,1.5061634207784422,0.0,0.0,0.0,-1.0,0.0,0.0,UNOBSERVED_BODY_ENVELOPE,0.7110185571230425,0,2,0,0,24
47.083333333333336,-56.80193922883643,-10.452042164884023,1.5061634207784422,0.0,0.0,0.0,-1.0,0.0,0.0,UNOBSERVED_BODY_ENVELOPE,0.7110185571230425,0,2,0,0,24
47.1,-56.80193922883643,-10.452042164884023,1.5061634207784422,0.0,0.0,0.0,-1.0,0.0,0.0,UNOBSERVED_BODY_ENVELOPE,0.7110185571230425,0,2,0,0,24
47.11666666666667,-56.80193922883643,-10.452042164884023,1.5061634207784422,0.0,0.0,0.0,-1.0,0.0,0.0,UNOBSERVED_BODY_ENVELOPE,0.7110185571230425,0,2,0,0,24
47.13333333333333,-56.80193922883643,-10.452042164884023,1.5061634207784422,0.0,0.0,0.0,-1.0,0.0,0.0,UNOBSERVED_BODY_ENVELOPE,0.7110185571230425,0,2,0,0,24
47.15,-56.80193922883643,-10.452042164884023,1.5061634207784422,0.0,0.0,0.0,-1.0,0.0,0.0,UNOBSERVED_BODY_ENVELOPE,0.7110185571230425,0,2,0,0,24
47.166666666666664,-56.80193922883643,-10.452042164884023,1.5061634207784422,0.0,0.0,0.0,-1.0,0.0,0.0,UNOBSERVED_BODY_ENVELOPE,0.7110185571230425,0,2,0,0,24
47.18333333333333,-56.80193922883643,-10.452042164884023,1.5061634207784422,0.0,0.0,0.0,-1.0,0.0,0.0,UNOBSERVED_BODY_ENVELOPE,0.7110185571230425,0,2,0,0,24
47.2,-56.80193922883643,-10.452042164884023,1.5061634207784422,0.0,0.0,0.0,-1.0,0.0,0.0,UNOBSERVED_BODY_ENVELOPE,0.7110185571230425,0,2,0,0,24
47.21666666666667,-56.80193922883643,-10.452042164884023,1.5061634207784422,0.0,0.0,0.0,-1.0,0.0,0.0,UNOBSERVED_BODY_ENVELOPE,0.7110185571230425,0,2,0,0,24
47.233333333333334,-56.80193922883643,-10.452042164884023,1.5061634207784422,0.0,0.0,0.0,-1.0,0.0,0.0,UNOBSERVED_BODY_ENVELOPE,0.7110185571230425,0,2,0,0,24
47.25,-56.80193922883643,-10.452042164884023,1.5061634207784422,0.0,0.0,0.0,-1.0,0.0,0.0,UNOBSERVED_BODY_ENVELOPE,0.7110185571230425,0,2,0,0,24
47.266666666666666,-56.80193922883643,-10.452042164884023,1.5061634207784422,0.0,0.0,0.0,-1.0,0.0,0.0,UNOBSERVED_BODY_ENVELOPE,0.7110185571230425,0,2,0,0,24
47.28333333333333,-56.80193922883643,-10.452042164884023,1.5061634207784422,0.0,0.0,0.0,-1.0,0.0,0.0,UNOBSERVED_BODY_ENVELOPE,0.7110185571230425,0,2,0,0,24
47.3,-56.80193922883643,-10.452042164884023,1.5061634207784422,0.0,0.0,0.0,-1.0,0.0,0.0,UNOBSERVED_BODY_ENVELOPE,0.7110185571230425,0,2,0,0,24
47.31666666666667,-56.80193922883643,-10.452042164884023,1.5061634207784422,0.0,0.0,0.0,-1.0,0.0,0.0,UNOBSERVED_BODY_ENVELOPE,0.7110185571230425,0,2,0,0,24
47.333333333333336,-56.80193922883643,-10.452042164884023,1.5061634207784422,0.0,0.0,0.0,-1.0,0.0,0.0,UNOBSERVED_BODY_ENVELOPE,0.7110185571230425,0,2,0,0,24
47.35,-56.80193922883643,-10.452042164884023,1.5061634207784422,0.0,0.0,0.0,-1.0,0.0,0.0,UNOBSERVED_BODY_ENVELOPE,0.7110185571230425,0,2,0,0,24
47.36666666666667,-56.80193922883643,-10.452042164884023,1.5061634207784422,0.0,0.0,0.0,-1.0,0.0,0.0,UNOBSERVED_BODY_ENVELOPE,0.7110185571230425,0,2,0,0,24
47.38333333333333,-56.80193922883643,-10.452042164884023,1.5061634207784422,0.0,0.0,0.0,-1.0,0.0,0.0,UNOBSERVED_BODY_ENVELOPE,0.7110185571230425,0,2,0,0,24
47.4,-56.80193922883643,-10.452042164884023,1.5061634207784422,0.0,0.0,0.0,-1.0,0.0,0.0,UNOBSERVED_BODY_ENVELOPE,0.7110185571230425,0,2,0,0,24
47.416666666666664,-56.80193922883643,-10.452042164884023,1.5061634207784422,0.0,0.0,0.0,-1.0,0.0,0.0,UNOBSERVED_BODY_ENVELOPE,0.7110185571230425,0,2,0,0,24
47.43333333333333,-56.80193922883643,-10.452042164884023,1.5061634207784422,0.0,0.0,0.0,-1.0,0.0,0.0,UNOBSERVED_BODY_ENVELOPE,0.7110185571230425,0,2,0,0,24
47.45,-56.80193922883643,-10.452042164884023,1.5061634207784422,0.0,0.0,0.0,-1.0,0.0,0.0,UNOBSERVED_BODY_ENVELOPE,0.7110185571230425,0,2,0,0,24
47.46666666666667,-56.80193922883643,-10.452042164884023,1.5061634207784422,0.0,0.0,0.0,-1.0,0.0,0.0,UNOBSERVED_BODY_ENVELOPE,0.7110185571230425,0,2,0,0,24
47.483333333333334,-56.80193922883643,-10.452042164884023,1.5061634207784422,0.0,0.0,0.0,-1.0,0.0,0.0,UNOBSERVED_BODY_ENVELOPE,0.7110185571230425,0,2,0,0,24
47.5,-56.80193922883643,-10.452042164884023,1.5061634207784422,0.0,0.0,0.0,-1.0,0.0,0.0,UNOBSERVED_BODY_ENVELOPE,0.7110185571230425,0,2,0,0,24
47.516666666666666,-56.80193922883643,-10.452042164884023,1.5061634207784422,0.0,0.0,0.0,-1.0,0.0,0.0,UNOBSERVED_BODY_ENVELOPE,0.7110185571230425,0,2,0,0,24
47.53333333333333,-56.80193922883643,-10.452042164884023,1.5061634207784422,0.0,0.0,0.0,-1.0,0.0,0.0,UNOBSERVED_BODY_ENVELOPE,0.7110185571230425,0,2,0,0,24
47.55,-56.80193922883643,-10.452042164884023,1.5061634207784422,0.0,0.0,0.0,-1.0,0.0,0.0,UNOBSERVED_BODY_ENVELOPE,0.7110185571230425,0,2,0,0,24
47.56666666666667,-56.80193922883643,-10.452042164884023,1.5061634207784422,0.0,0.0,0.0,-1.0,0.0,0.0,UNOBSERVED_BODY_ENVELOPE,0.7110185571230425,0,2,0,0,24
47.583333333333336,-56.80193922883643,-10.452042164884023,1.5061634207784422,0.0,0.0,0.0,-1.0,0.0,0.0,UNOBSERVED_BODY_ENVELOPE,0.7110185571230425,0,2,0,0,24
47.6,-56.80193922883643,-10.452042164884023,1.5061634207784422,0.0,0.0,0.0,-1.0,0.0,0.0,UNOBSERVED_BODY_ENVELOPE,0.7110185571230425,0,2,0,0,24
47.61666666666667,-56.80193922883643,-10.452042164884023,1.5061634207784422,0.0,0.0,0.0,-1.0,0.0,0.0,UNOBSERVED_BODY_ENVELOPE,0.7110185571230425,0,2,0,0,24
47.63333333333333,-56.80193922883643,-10.452042164884023,1.5061634207784422,0.0,0.0,0.0,-1.0,0.0,0.0,UNOBSERVED_BODY_ENVELOPE,0.7110185571230425,0,2,0,0,24
47.65,-56.80193922883643,-10.452042164884023,1.5061634207784422,0.0,0.0,0.0,-1.0,0.0,0.0,UNOBSERVED_BODY_ENVELOPE,0.7110185571230425,0,2,0,0,24
47.666666666666664,-56.80193922883643,-10.452042164884023,1.5061634207784422,0.0,0.0,0.0,-1.0,0.0,0.0,UNOBSERVED_BODY_ENVELOPE,0.7110185571230425,0,2,0,0,24
47.68333333333333,-56.80193922883643,-10.452042164884023,1.5061634207784422,0.0,0.0,0.0,-1.0,0.0,0.0,UNOBSERVED_BODY_ENVELOPE,0.7110185571230425,0,2,0,0,24
47.7,-56.80193922883643,-10.452042164884023,1.5061634207784422,0.0,0.0,0.0,-1.0,0.0,0.0,UNOBSERVED_BODY_ENVELOPE,0.7110185571230425,0,2,0,0,24
47.71666666666667,-56.80193922883643,-10.452042164884023,1.5061634207784422,0.0,0.0,0.0,-1.0,0.0,0.0,UNOBSERVED_BODY_ENVELOPE,0.7110185571230425,0,2,0,0,24
47.733333333333334,-56.80193922883643,-10.452042164884023,1.5061634207784422,0.0,0.0,0.0,-1.0,0.0,0.0,UNOBSERVED_BODY_ENVELOPE,0.7110185571230425,0,2,0,0,24
47.75,-56.80193922883643,-10.452042164884023,1.5061634207784422,0.0,0.0,0.0,-1.0,0.0,0.0,UNOBSERVED_BODY_ENVELOPE,0.7110185571230425,0,2,0,0,24
47.766666666666666,-56.80193922883643,-10.452042164884023,1.5061634207784422,0.0,0.0,0.0,-1.0,0.0,0.0,UNOBSERVED_BODY_ENVELOPE,0.7110185571230425,0,2,0,0,24
47.78333333333333,-56.80193922883643,-10.452042164884023,1.5061634207784422,0.0,0.0,0.0,-1.0,0.0,0.0,UNOBSERVED_BODY_ENVELOPE,0.7110185571230425,0,2,0,0,24
47.8,-56.80193922883643,-10.452042164884023,1.5061634207784422,0.0,0.0,0.0,-1.0,0.0,0.0,UNOBSERVED_BODY_ENVELOPE,0.7110185571230425,0,2,0,0,24
47.81666666666667,-56.80193922883643,-10.452042164884023,1.5061634207784422,0.0,0.0,0.0,-1.0,0.0,0.0,UNOBSERVED_BODY_ENVELOPE,0.7110185571230425,0,2,0,0,24
47.833333333333336,-56.80193922883643,-10.452042164884023,1.5061634207784422,0.0,0.0,0.0,-1.0,0.0,0.0,UNOBSERVED_BODY_ENVELOPE,0.7110185571230425,0,2,0,0,24
47.85,-56.80193922883643,-10.452042164884023,1.5061634207784422,0.0,0.0,0.0,-1.0,0.0,0.0,UNOBSERVED_BODY_ENVELOPE,0.7110185571230425,0,2,0,0,24
47.86666666666667,-56.80193922883643,-10.452042164884023,1.5061634207784422,0.0,0.0,0.0,-1.0,0.0,0.0,UNOBSERVED_BODY_ENVELOPE,0.7110185571230425,0,2,0,0,24
47.88333333333333,-56.80193922883643,-10.452042164884023,1.5061634207784422,0.0,0.0,0.0,-1.0,0.0,0.0,UNOBSERVED_BODY_ENVELOPE,0.7110185571230425,0,2,0,0,24
47.9,-56.80193922883643,-10.452042164884023,1.5061634207784422,0.0,0.0,0.0,-1.0,0.0,0.0,UNOBSERVED_BODY_ENVELOPE,0.7110185571230425,0,2,0,0,24
47.916666666666664,-56.80193922883643,-10.452042164884023,1.5061634207784422,0.0,0.0,0.0,-1.0,0.0,0.0,UNOBSERVED_BODY_ENVELOPE,0.7110185571230425,0,2,0,0,24
47.93333333333333,-56.80193922883643,-10.452042164884023,1.5061634207784422,0.0,0.0,0.0,-1.0,0.0,0.0,UNOBSERVED_BODY_ENVELOPE,0.7110185571230425,0,2,0,0,24
47.95,-56.80193922883643,-10.452042164884023,1.5061634207784422,0.0,0.0,0.0,-1.0,0.0,0.0,UNOBSERVED_BODY_ENVELOPE,0.7110185571230425,0,2,0,0,24
47.96666666666667,-56.80193922883643,-10.452042164884023,1.5061634207784422,0.0,0.0,0.0,-1.0,0.0,0.0,UNOBSERVED_BODY_ENVELOPE,0.7110185571230425,0,2,0,0,24
47.983333333333334,-56.80193922883643,-10.452042164884023,1.5061634207784422,0.0,0.0,0.0,-1.0,0.0,0.0,UNOBSERVED_BODY_ENVELOPE,0.7110185571230425,0,2,0,0,24
48.0,-56.80193922883643,-10.452042164884023,1.5061634207784422,0.0,0.0,0.0,-1.0,0.0,0.0,UNOBSERVED_BODY_ENVELOPE,0.7110185571230425,0,2,0,0,24
48.016666666666666,-56.80193922883643,-10.452042164884023,1.5061634207784422,0.0,0.0,0.0,-1.0,0.0,0.0,UNOBSERVED_BODY_ENVELOPE,0.7110185571230425,0,2,0,0,24
48.03333333333333,-56.80193922883643,-10.452042164884023,1.5061634207784422,0.0,0.0,0.0,-1.0,0.0,0.0,UNOBSERVED_BODY_ENVELOPE,0.7110185571230425,0,2,0,0,24
48.05,-56.80193922883643,-10.452042164884023,1.5061634207784422,0.0,0.0,0.0,-1.0,0.0,0.0,UNOBSERVED_BODY_ENVELOPE,0.7110185571230425,0,2,0,0,24
48.06666666666667,-56.80193922883643,-10.452042164884023,1.5061634207784422,0.0,0.0,0.0,-1.0,0.0,0.0,UNOBSERVED_BODY_ENVELOPE,0.7110185571230425,0,2,0,0,24
48.083333333333336,-56.80193922883643,-10.452042164884023,1.5061634207784422,0.0,0.0,0.0,-1.0,0.0,0.0,UNOBSERVED_BODY_ENVELOPE,0.7110185571230425,0,2,0,0,24
48.1,-56.80193922883643,-10.452042164884023,1.5061634207784422,0.0,0.0,0.0,-1.0,0.0,0.0,UNOBSERVED_BODY_ENVELOPE,0.7110185571230425,0,2,0,0,24
48.11666666666667,-56.80193922883643,-10.452042164884023,1.5061634207784422,0.0,0.0,0.0,-1.0,0.0,0.0,UNOBSERVED_BODY_ENVELOPE,0.7110185571230425,0,2,0,0,24
48.13333333333333,-56.80193922883643,-10.452042164884023,1.5061634207784422,0.0,0.0,0.0,-1.0,0.0,0.0,UNOBSERVED_BODY_ENVELOPE,0.7110185571230425,0,2,0,0,24
48.15,-56.80193922883643,-10.452042164884023,1.5061634207784422,0.0,0.0,0.0,-1.0,0.0,0.0,UNOBSERVED_BODY_ENVELOPE,0.7110185571230425,0,2,0,0,24
48.166666666666664,-56.80193922883643,-10.452042164884023,1.5061634207784422,0.0,0.0,0.0,-1.0,0.0,0.0,UNOBSERVED_BODY_ENVELOPE,0.7110185571230425,0,2,0,0,24
48.18333333333333,-56.80193922883643,-10.452042164884023,1.5061634207784422,0.0,0.0,0.0,-1.0,0.0,0.0,UNOBSERVED_BODY_ENVELOPE,0.7110185571230425,0,2,0,0,24
48.2,-56.80193922883643,-10.452042164884023,1.5061634207784422,0.0,0.0,0.0,-1.0,0.0,0.0,UNOBSERVED_BODY_ENVELOPE,0.7110185571230425,0,2,0,0,24
48.21666666666667,-56.80193922883643,-10.452042164884023,1.5061634207784422,0.0,0.0,0.0,-1.0,0.0,0.0,UNOBSERVED_BODY_ENVELOPE,0.7110185571230425,0,2,0,0,24
48.233333333333334,-56.80193922883643,-10.452042164884023,1.5061634207784422,0.0,0.0,0.0,-1.0,0.0,0.0,UNOBSERVED_BODY_ENVELOPE,0.7110185571230425,0,2,0,0,24
48.25,-56.80193922883643,-10.452042164884023,1.5061634207784422,0.0,0.0,0.0,-1.0,0.0,0.0,UNOBSERVED_BODY_ENVELOPE,0.7110185571230425,0,2,0,0,24
48.266666666666666,-56.80193922883643,-10.452042164884023,1.5061634207784422,0.0,0.0,0.0,-1.0,0.0,0.0,UNOBSERVED_BODY_ENVELOPE,0.7110185571230425,0,2,0,0,24
48.28333333333333,-56.80193922883643,-10.452042164884023,1.5061634207784422,0.0,0.0,0.0,-1.0,0.0,0.0,UNOBSERVED_BODY_ENVELOPE,0.7110185571230425,0,2,0,0,24
48.3,-56.80193922883643,-10.452042164884023,1.5061634207784422,0.0,0.0,0.0,-1.0,0.0,0.0,UNOBSERVED_BODY_ENVELOPE,0.7110185571230425,0,2,0,0,24
48.31666666666667,-56.80193922883643,-10.452042164884023,1.5061634207784422,0.0,0.0,0.0,-1.0,0.0,0.0,UNOBSERVED_BODY_ENVELOPE,0.7110185571230425,0,2,0,0,24
48.333333333333336,-56.80193922883643,-10.452042164884023,1.5061634207784422,0.0,0.0,0.0,-1.0,0.0,0.0,UNOBSERVED_BODY_ENVELOPE,0.7110185571230425,0,2,0,0,24
48.35,-56.80193922883643,-10.452042164884023,1.5061634207784422,0.0,0.0,0.0,-1.0,0.0,0.0,UNOBSERVED_BODY_ENVELOPE,0.7110185571230425,0,2,0,0,24
48.36666666666667,-56.80193922883643,-10.452042164884023,1.5061634207784422,0.0,0.0,0.0,-1.0,0.0,0.0,UNOBSERVED_BODY_ENVELOPE,0.7110185571230425,0,2,0,0,24
48.38333333333333,-56.80193922883643,-10.452042164884023,1.5061634207784422,0.0,0.0,0.0,-1.0,0.0,0.0,UNOBSERVED_BODY_ENVELOPE,0.7110185571230425,0,2,0,0,24
48.4,-56.80193922883643,-10.452042164884023,1.5061634207784422,0.0,0.0,0.0,-1.0,0.0,0.0,UNOBSERVED_BODY_ENVELOPE,0.7110185571230425,0,2,0,0,24
48.416666666666664,-56.80193922883643,-10.452042164884023,1.5061634207784422,0.0,0.0,0.0,-1.0,0.0,0.0,UNOBSERVED_BODY_ENVELOPE,0.7110185571230425,0,2,0,0,24
48.43333333333333,-56.80193922883643,-10.452042164884023,1.5061634207784422,0.0,0.0,0.0,-1.0,0.0,0.0,UNOBSERVED_BODY_ENVELOPE,0.7110185571230425,0,2,0,0,24
48.45,-56.80193922883643,-10.452042164884023,1.5061634207784422,0.0,0.0,0.0,-1.0,0.0,0.0,UNOBSERVED_BODY_ENVELOPE,0.7110185571230425,0,2,0,0,24
48.46666666666667,-56.80193922883643,-10.452042164884023,1.5061634207784422,0.0,0.0,0.0,-1.0,0.0,0.0,UNOBSERVED_BODY_ENVELOPE,0.7110185571230425,0,2,0,0,24
48.483333333333334,-56.80193922883643,-10.452042164884023,1.5061634207784422,0.0,0.0,0.0,-1.0,0.0,0.0,UNOBSERVED_BODY_ENVELOPE,0.7110185571230425,0,2,0,0,24
48.5,-56.80193922883643,-10.452042164884023,1.5061634207784422,0.0,0.0,0.0,-1.0,0.0,0.0,UNOBSERVED_BODY_ENVELOPE,0.7110185571230425,0,2,0,0,24
48.516666666666666,-56.80193922883643,-10.452042164884023,1.5061634207784422,0.0,0.0,0.0,-1.0,0.0,0.0,UNOBSERVED_BODY_ENVELOPE,0.7110185571230425,0,2,0,0,24
48.53333333333333,-56.80193922883643,-10.452042164884023,1.5061634207784422,0.0,0.0,0.0,-1.0,0.0,0.0,UNOBSERVED_BODY_ENVELOPE,0.7110185571230425,0,2,0,0,24
48.55,-56.80193922883643,-10.452042164884023,1.5061634207784422,0.0,0.0,0.0,-1.0,0.0,0.0,UNOBSERVED_BODY_ENVELOPE,0.7110185571230425,0,2,0,0,24
48.56666666666667,-56.80193922883643,-10.452042164884023,1.5061634207784422,0.0,0.0,0.0,-1.0,0.0,0.0,UNOBSERVED_BODY_ENVELOPE,0.7110185571230425,0,2,0,0,24
48.583333333333336,-56.80193922883643,-10.452042164884023,1.5061634207784422,0.0,0.0,0.0,-1.0,0.0,0.0,UNOBSERVED_BODY_ENVELOPE,0.7110185571230425,0,2,0,0,24
48.6,-56.80193922883643,-10.452042164884023,1.5061634207784422,0.0,0.0,0.0,-1.0,0.0,0.0,UNOBSERVED_BODY_ENVELOPE,0.7110185571230425,0,2,0,0,24
48.61666666666667,-56.80193922883643,-10.452042164884023,1.5061634207784422,0.0,0.0,0.0,-1.0,0.0,0.0,UNOBSERVED_BODY_ENVELOPE,0.7110185571230425,0,2,0,0,24
48.63333333333333,-56.80193922883643,-10.452042164884023,1.5061634207784422,0.0,0.0,0.0,-1.0,0.0,0.0,UNOBSERVED_BODY_ENVELOPE,0.7110185571230425,0,2,0,0,24
48.65,-56.80193922883643,-10.452042164884023,1.5061634207784422,0.0,0.0,0.0,-1.0,0.0,0.0,UNOBSERVED_BODY_ENVELOPE,0.7110185571230425,0,2,0,0,24
48.666666666666664,-56.80193922883643,-10.452042164884023,1.5061634207784422,0.0,0.0,0.0,-1.0,0.0,0.0,UNOBSERVED_BODY_ENVELOPE,0.7110185571230425,0,2,0,0,24
48.68333333333333,-56.80193922883643,-10.452042164884023,1.5061634207784422,0.0,0.0,0.0,-1.0,0.0,0.0,UNOBSERVED_BODY_ENVELOPE,0.7110185571230425,0,2,0,0,24
48.7,-56.80193922883643,-10.452042164884023,1.5061634207784422,0.0,0.0,0.0,-1.0,0.0,0.0,UNOBSERVED_BODY_ENVELOPE,0.7110185571230425,0,2,0,0,24
48.71666666666667,-56.80193922883643,-10.452042164884023,1.5061634207784422,0.0,0.0,0.0,-1.0,0.0,0.0,UNOBSERVED_BODY_ENVELOPE,0.7110185571230425,0,2,0,0,24
48.733333333333334,-56.80193922883643,-10.452042164884023,1.5061634207784422,0.0,0.0,0.0,-1.0,0.0,0.0,UNOBSERVED_BODY_ENVELOPE,0.7110185571230425,0,2,0,0,24
48.75,-56.80193922883643,-10.452042164884023,1.5061634207784422,0.0,0.0,0.0,-1.0,0.0,0.0,UNOBSERVED_BODY_ENVELOPE,0.7110185571230425,0,2,0,0,24
48.766666666666666,-56.80193922883643,-10.452042164884023,1.5061634207784422,0.0,0.0,0.0,-1.0,0.0,0.0,UNOBSERVED_BODY_ENVELOPE,0.7110185571230425,0,2,0,0,24
48.78333333333333,-56.80193922883643,-10.452042164884023,1.5061634207784422,0.0,0.0,0.0,-1.0,0.0,0.0,UNOBSERVED_BODY_ENVELOPE,0.7110185571230425,0,2,0,0,24
48.8,-56.80193922883643,-10.452042164884023,1.5061634207784422,0.0,0.0,0.0,-1.0,0.0,0.0,UNOBSERVED_BODY_ENVELOPE,0.7110185571230425,0,2,0,0,24
48.81666666666667,-56.80193922883643,-10.452042164884023,1.5061634207784422,0.0,0.0,0.0,-1.0,0.0,0.0,UNOBSERVED_BODY_ENVELOPE,0.7110185571230425,0,2,0,0,24
48.833333333333336,-56.80193922883643,-10.452042164884023,1.5061634207784422,0.0,0.0,0.0,-1.0,0.0,0.0,UNOBSERVED_BODY_ENVELOPE,0.7110185571230425,0,2,0,0,24
48.85,-56.80193922883643,-10.452042164884023,1.5061634207784422,0.0,0.0,0.0,-1.0,0.0,0.0,UNOBSERVED_BODY_ENVELOPE,0.7110185571230425,0,2,0,0,24
48.86666666666667,-56.80193922883643,-10.452042164884023,1.5061634207784422,0.0,0.0,0.0,-1.0,0.0,0.0,UNOBSERVED_BODY_ENVELOPE,0.7110185571230425,0,2,0,0,24
48.88333333333333,-56.80193922883643,-10.452042164884023,1.5061634207784422,0.0,0.0,0.0,-1.0,0.0,0.0,UNOBSERVED_BODY_ENVELOPE,0.7110185571230425,0,2,0,0,24
48.9,-56.80193922883643,-10.452042164884023,1.5061634207784422,0.0,0.0,0.0,-1.0,0.0,0.0,UNOBSERVED_BODY_ENVELOPE,0.7110185571230425,0,2,0,0,24
48.916666666666664,-56.80193922883643,-10.452042164884023,1.5061634207784422,0.0,0.0,0.0,-1.0,0.0,0.0,UNOBSERVED_BODY_ENVELOPE,0.7110185571230425,0,2,0,0,24
48.93333333333333,-56.80193922883643,-10.452042164884023,1.5061634207784422,0.0,0.0,0.0,-1.0,0.0,0.0,UNOBSERVED_BODY_ENVELOPE,0.7110185571230425,0,2,0,0,24
48.95,-56.80193922883643,-10.452042164884023,1.5061634207784422,0.0,0.0,0.0,-1.0,0.0,0.0,UNOBSERVED_BODY_ENVELOPE,0.7110185571230425,0,2,0,0,24
48.96666666666667,-56.80193922883643,-10.452042164884023,1.5061634207784422,0.0,0.0,0.0,-1.0,0.0,0.0,UNOBSERVED_BODY_ENVELOPE,0.7110185571230425,0,2,0,0,24
48.983333333333334,-56.80193922883643,-10.452042164884023,1.5061634207784422,0.0,0.0,0.0,-1.0,0.0,0.0,UNOBSERVED_BODY_ENVELOPE,0.7110185571230425,0,2,0,0,24
49.0,-56.80193922883643,-10.452042164884023,1.5061634207784422,0.0,0.0,0.0,-1.0,0.0,0.0,UNOBSERVED_BODY_ENVELOPE,0.7110185571230425,0,2,0,0,24
49.016666666666666,-56.80193922883643,-10.452042164884023,1.5061634207784422,0.0,0.0,0.0,-1.0,0.0,0.0,UNOBSERVED_BODY_ENVELOPE,0.7110185571230425,0,2,0,0,24
49.03333333333333,-56.80193922883643,-10.452042164884023,1.5061634207784422,0.0,0.0,0.0,-1.0,0.0,0.0,UNOBSERVED_BODY_ENVELOPE,0.7110185571230425,0,2,0,0,24
49.05,-56.80193922883643,-10.452042164884023,1.5061634207784422,0.0,0.0,0.0,-1.0,0.0,0.0,UNOBSERVED_BODY_ENVELOPE,0.7110185571230425,0,2,0,0,24
49.06666666666667,-56.80193922883643,-10.452042164884023,1.5061634207784422,0.0,0.0,0.0,-1.0,0.0,0.0,UNOBSERVED_BODY_ENVELOPE,0.7110185571230425,0,2,0,0,24
49.083333333333336,-56.80193922883643,-10.452042164884023,1.5061634207784422,0.0,0.0,0.0,-1.0,0.0,0.0,UNOBSERVED_BODY_ENVELOPE,0.7110185571230425,0,2,0,0,24
49.1,-56.80193922883643,-10.452042164884023,1.5061634207784422,0.0,0.0,0.0,-1.0,0.0,0.0,UNOBSERVED_BODY_ENVELOPE,0.7110185571230425,0,2,0,0,24
49.11666666666667,-56.80193922883643,-10.452042164884023,1.5061634207784422,0.0,0.0,0.0,-1.0,0.0,0.0,UNOBSERVED_BODY_ENVELOPE,0.7110185571230425,0,2,0,0,24
49.13333333333333,-56.80193922883643,-10.452042164884023,1.5061634207784422,0.0,0.0,0.0,-1.0,0.0,0.0,UNOBSERVED_BODY_ENVELOPE,0.7110185571230425,0,2,0,0,24
49.15,-56.80193922883643,-10.452042164884023,1.5061634207784422,0.0,0.0,0.0,-1.0,0.0,0.0,UNOBSERVED_BODY_ENVELOPE,0.7110185571230425,0,2,0,0,24
49.166666666666664,-56.80193922883643,-10.452042164884023,1.5061634207784422,0.0,0.0,0.0,-1.0,0.0,0.0,UNOBSERVED_BODY_ENVELOPE,0.7110185571230425,0,2,0,0,24
49.18333333333333,-56.80193922883643,-10.452042164884023,1.5061634207784422,0.0,0.0,0.0,-1.0,0.0,0.0,UNOBSERVED_BODY_ENVELOPE,0.7110185571230425,0,2,0,0,24
49.2,-56.80193922883643,-10.452042164884023,1.5061634207784422,0.0,0.0,0.0,-1.0,0.0,0.0,UNOBSERVED_BODY_ENVELOPE,0.7110185571230425,0,2,0,0,24
49.21666666666667,-56.80193922883643,-10.452042164884023,1.5061634207784422,0.0,0.0,0.0,-1.0,0.0,0.0,UNOBSERVED_BODY_ENVELOPE,0.7110185571230425,0,2,0,0,24
49.233333333333334,-56.80193922883643,-10.452042164884023,1.5061634207784422,0.0,0.0,0.0,-1.0,0.0,0.0,UNOBSERVED_BODY_ENVELOPE,0.7110185571230425,0,2,0,0,24
49.25,-56.80193922883643,-10.452042164884023,1.5061634207784422,0.0,0.0,0.0,-1.0,0.0,0.0,UNOBSERVED_BODY_ENVELOPE,0.7110185571230425,0,2,0,0,24
49.266666666666666,-56.80193922883643,-10.452042164884023,1.5061634207784422,0.0,0.0,0.0,-1.0,0.0,0.0,UNOBSERVED_BODY_ENVELOPE,0.7110185571230425,0,2,0,0,24
49.28333333333333,-56.80193922883643,-10.452042164884023,1.5061634207784422,0.0,0.0,0.0,-1.0,0.0,0.0,UNOBSERVED_BODY_ENVELOPE,0.7110185571230425,0,2,0,0,24
49.3,-56.80193922883643,-10.452042164884023,1.5061634207784422,0.0,0.0,0.0,-1.0,0.0,0.0,UNOBSERVED_BODY_ENVELOPE,0.7110185571230425,0,2,0,0,24
49.31666666666667,-56.80193922883643,-10.452042164884023,1.5061634207784422,0.0,0.0,0.0,-1.0,0.0,0.0,UNOBSERVED_BODY_ENVELOPE,0.7110185571230425,0,2,0,0,24
49.333333333333336,-56.80193922883643,-10.452042164884023,1.5061634207784422,0.0,0.0,0.0,-1.0,0.0,0.0,UNOBSERVED_BODY_ENVELOPE,0.7110185571230425,0,2,0,0,24
49.35,-56.80193922883643,-10.452042164884023,1.5061634207784422,0.0,0.0,0.0,-1.0,0.0,0.0,UNOBSERVED_BODY_ENVELOPE,0.7110185571230425,0,2,0,0,24
49.36666666666667,-56.80193922883643,-10.452042164884023,1.5061634207784422,0.0,0.0,0.0,-1.0,0.0,0.0,UNOBSERVED_BODY_ENVELOPE,0.7110185571230425,0,2,0,0,24
49.38333333333333,-56.80193922883643,-10.452042164884023,1.5061634207784422,0.0,0.0,0.0,-1.0,0.0,0.0,UNOBSERVED_BODY_ENVELOPE,0.7110185571230425,0,2,0,0,24
49.4,-56.80193922883643,-10.452042164884023,1.5061634207784422,0.0,0.0,0.0,-1.0,0.0,0.0,UNOBSERVED_BODY_ENVELOPE,0.7110185571230425,0,2,0,0,24
49.416666666666664,-56.80193922883643,-10.452042164884023,1.5061634207784422,0.0,0.0,0.0,-1.0,0.0,0.0,UNOBSERVED_BODY_ENVELOPE,0.7110185571230425,0,2,0,0,24
49.43333333333333,-56.80193922883643,-10.452042164884023,1.5061634207784422,0.0,0.0,0.0,-1.0,0.0,0.0,UNOBSERVED_BODY_ENVELOPE,0.7110185571230425,0,2,0,0,24
49.45,-56.80193922883643,-10.452042164884023,1.5061634207784422,0.0,0.0,0.0,-1.0,0.0,0.0,UNOBSERVED_BODY_ENVELOPE,0.7110185571230425,0,2,0,0,24
49.46666666666667,-56.80193922883643,-10.452042164884023,1.5061634207784422,0.0,0.0,0.0,-1.0,0.0,0.0,UNOBSERVED_BODY_ENVELOPE,0.7110185571230425,0,2,0,0,24
49.483333333333334,-56.80193922883643,-10.452042164884023,1.5061634207784422,0.0,0.0,0.0,-1.0,0.0,0.0,UNOBSERVED_BODY_ENVELOPE,0.7110185571230425,0,2,0,0,24
49.5,-56.80193922883643,-10.452042164884023,1.5061634207784422,0.0,0.0,0.0,-1.0,0.0,0.0,UNOBSERVED_BODY_ENVELOPE,0.7110185571230425,0,2,0,0,24
49.516666666666666,-56.80193922883643,-10.452042164884023,1.5061634207784422,0.0,0.0,0.0,-1.0,0.0,0.0,UNOBSERVED_BODY_ENVELOPE,0.7110185571230425,0,2,0,0,24
49.53333333333333,-56.80193922883643,-10.452042164884023,1.5061634207784422,0.0,0.0,0.0,-1.0,0.0,0.0,UNOBSERVED_BODY_ENVELOPE,0.7110185571230425,0,2,0,0,24
49.55,-56.80193922883643,-10.452042164884023,1.5061634207784422,0.0,0.0,0.0,-1.0,0.0,0.0,UNOBSERVED_BODY_ENVELOPE,0.7110185571230425,0,2,0,0,24
49.56666666666667,-56.80193922883643,-10.452042164884023,1.5061634207784422,0.0,0.0,0.0,-1.0,0.0,0.0,UNOBSERVED_BODY_ENVELOPE,0.7110185571230425,0,2,0,0,24
49.583333333333336,-56.80193922883643,-10.452042164884023,1.5061634207784422,0.0,0.0,0.0,-1.0,0.0,0.0,UNOBSERVED_BODY_ENVELOPE,0.7110185571230425,0,2,0,0,24
49.6,-56.80193922883643,-10.452042164884023,1.5061634207784422,0.0,0.0,0.0,-1.0,0.0,0.0,UNOBSERVED_BODY_ENVELOPE,0.7110185571230425,0,2,0,0,24
49.61666666666667,-56.80193922883643,-10.452042164884023,1.5061634207784422,0.0,0.0,0.0,-1.0,0.0,0.0,UNOBSERVED_BODY_ENVELOPE,0.7110185571230425,0,2,0,0,24
49.63333333333333,-56.80193922883643,-10.452042164884023,1.5061634207784422,0.0,0.0,0.0,-1.0,0.0,0.0,UNOBSERVED_BODY_ENVELOPE,0.7110185571230425,0,2,0,0,24
49.65,-56.80193922883643,-10.452042164884023,1.5061634207784422,0.0,0.0,0.0,-1.0,0.0,0.0,UNOBSERVED_BODY_ENVELOPE,0.7110185571230425,0,2,0,0,24
49.666666666666664,-56.80193922883643,-10.452042164884023,1.5061634207784422,0.0,0.0,0.0,-1.0,0.0,0.0,UNOBSERVED_BODY_ENVELOPE,0.7110185571230425,0,2,0,0,24
49.68333333333333,-56.80193922883643,-10.452042164884023,1.5061634207784422,0.0,0.0,0.0,-1.0,0.0,0.0,UNOBSERVED_BODY_ENVELOPE,0.7110185571230425,0,2,0,0,24
49.7,-56.80193922883643,-10.452042164884023,1.5061634207784422,0.0,0.0,0.0,-1.0,0.0,0.0,UNOBSERVED_BODY_ENVELOPE,0.7110185571230425,0,2,0,0,24
49.71666666666667,-56.80193922883643,-10.452042164884023,1.5061634207784422,0.0,0.0,0.0,-1.0,0.0,0.0,UNOBSERVED_BODY_ENVELOPE,0.7110185571230425,0,2,0,0,24
49.733333333333334,-56.80193922883643,-10.452042164884023,1.5061634207784422,0.0,0.0,0.0,-1.0,0.0,0.0,UNOBSERVED_BODY_ENVELOPE,0.7110185571230425,0,2,0,0,24
49.75,-56.80193922883643,-10.452042164884023,1.5061634207784422,0.0,0.0,0.0,-1.0,0.0,0.0,UNOBSERVED_BODY_ENVELOPE,0.7110185571230425,0,2,0,0,24
49.766666666666666,-56.80193922883643,-10.452042164884023,1.5061634207784422,0.0,0.0,0.0,-1.0,0.0,0.0,UNOBSERVED_BODY_ENVELOPE,0.7110185571230425,0,2,0,0,24
49.78333333333333,-56.80193922883643,-10.452042164884023,1.5061634207784422,0.0,0.0,0.0,-1.0,0.0,0.0,UNOBSERVED_BODY_ENVELOPE,0.7110185571230425,0,2,0,0,24
49.8,-56.80193922883643,-10.452042164884023,1.5061634207784422,0.0,0.0,0.0,-1.0,0.0,0.0,UNOBSERVED_BODY_ENVELOPE,0.7110185571230425,0,2,0,0,24
49.81666666666667,-56.80193922883643,-10.452042164884023,1.5061634207784422,0.0,0.0,0.0,-1.0,0.0,0.0,UNOBSERVED_BODY_ENVELOPE,0.7110185571230425,0,2,0,0,24
49.833333333333336,-56.80193922883643,-10.452042164884023,1.5061634207784422,0.0,0.0,0.0,-1.0,0.0,0.0,UNOBSERVED_BODY_ENVELOPE,0.7110185571230425,0,2,0,0,24
49.85,-56.80193922883643,-10.452042164884023,1.5061634207784422,0.0,0.0,0.0,-1.0,0.0,0.0,UNOBSERVED_BODY_ENVELOPE,0.7110185571230425,0,2,0,0,24
49.86666666666667,-56.80193922883643,-10.452042164884023,1.5061634207784422,0.0,0.0,0.0,-1.0,0.0,0.0,UNOBSERVED_BODY_ENVELOPE,0.7110185571230425,0,2,0,0,24
49.88333333333333,-56.80193922883643,-10.452042164884023,1.5061634207784422,0.0,0.0,0.0,-1.0,0.0,0.0,UNOBSERVED_BODY_ENVELOPE,0.7110185571230425,0,2,0,0,24
49.9,-56.80193922883643,-10.452042164884023,1.5061634207784422,0.0,0.0,0.0,-1.0,0.0,0.0,UNOBSERVED_BODY_ENVELOPE,0.7110185571230425,0,2,0,0,24
49.916666666666664,-56.80193922883643,-10.452042164884023,1.5061634207784422,0.0,0.0,0.0,-1.0,0.0,0.0,UNOBSERVED_BODY_ENVELOPE,0.7110185571230425,0,2,0,0,24
49.93333333333333,-56.80193922883643,-10.452042164884023,1.5061634207784422,0.0,0.0,0.0,-1.0,0.0,0.0,UNOBSERVED_BODY_ENVELOPE,0.7110185571230425,0,2,0,0,24
49.95,-56.80193922883643,-10.452042164884023,1.5061634207784422,0.0,0.0,0.0,-1.0,0.0,0.0,UNOBSERVED_BODY_ENVELOPE,0.7110185571230425,0,2,0,0,24
49.96666666666667,-56.80193922883643,-10.452042164884023,1.5061634207784422,0.0,0.0,0.0,-1.0,0.0,0.0,UNOBSERVED_BODY_ENVELOPE,0.7110185571230425,0,2,0,0,24
49.983333333333334,-56.80193922883643,-10.452042164884023,1.5061634207784422,0.0,0.0,0.0,-1.0,0.0,0.0,UNOBSERVED_BODY_ENVELOPE,0.7110185571230425,0,2,0,0,24
50.0,-56.80193922883643,-10.452042164884023,1.5061634207784422,0.0,0.0,0.0,-1.0,0.0,0.0,UNOBSERVED_BODY_ENVELOPE,0.7110185571230425,0,2,0,0,24
50.016666666666666,-56.80193922883643,-10.452042164884023,1.5061634207784422,0.0,0.0,0.0,-1.0,0.0,0.0,UNOBSERVED_BODY_ENVELOPE,0.7110185571230425,0,2,0,0,24
50.03333333333333,-56.80193922883643,-10.452042164884023,1.5061634207784422,0.0,0.0,0.0,-1.0,0.0,0.0,UNOBSERVED_BODY_ENVELOPE,0.7110185571230425,0,2,0,0,24
50.05,-56.80193922883643,-10.452042164884023,1.5061634207784422,0.0,0.0,0.0,-1.0,0.0,0.0,UNOBSERVED_BODY_ENVELOPE,0.7110185571230425,0,2,0,0,24
50.06666666666667,-56.80193922883643,-10.452042164884023,1.5061634207784422,0.0,0.0,0.0,-1.0,0.0,0.0,UNOBSERVED_BODY_ENVELOPE,0.7110185571230425,0,2,0,0,24
50.083333333333336,-56.80193922883643,-10.452042164884023,1.5061634207784422,0.0,0.0,0.0,-1.0,0.0,0.0,UNOBSERVED_BODY_ENVELOPE,0.7110185571230425,0,2,0,0,24
50.1,-56.80193922883643,-10.452042164884023,1.5061634207784422,0.0,0.0,0.0,-1.0,0.0,0.0,UNOBSERVED_BODY_ENVELOPE,0.7110185571230425,0,2,0,0,24
50.11666666666667,-56.80193922883643,-10.452042164884023,1.5061634207784422,0.0,0.0,0.0,-1.0,0.0,0.0,UNOBSERVED_BODY_ENVELOPE,0.7110185571230425,0,2,0,0,24
50.13333333333333,-56.80193922883643,-10.452042164884023,1.5061634207784422,0.0,0.0,0.0,-1.0,0.0,0.0,UNOBSERVED_BODY_ENVELOPE,0.7110185571230425,0,2,0,0,24
50.15,-56.80193922883643,-10.452042164884023,1.5061634207784422,0.0,0.0,0.0,-1.0,0.0,0.0,UNOBSERVED_BODY_ENVELOPE,0.7110185571230425,0,2,0,0,24
50.166666666666664,-56.80193922883643,-10.452042164884023,1.5061634207784422,0.0,0.0,0.0,-1.0,0.0,0.0,UNOBSERVED_BODY_ENVELOPE,0.7110185571230425,0,2,0,0,24
50.18333333333333,-56.80193922883643,-10.452042164884023,1.5061634207784422,0.0,0.0,0.0,-1.0,0.0,0.0,UNOBSERVED_BODY_ENVELOPE,0.7110185571230425,0,2,0,0,24
50.2,-56.80193922883643,-10.452042164884023,1.5061634207784422,0.0,0.0,0.0,-1.0,0.0,0.0,UNOBSERVED_BODY_ENVELOPE,0.7110185571230425,0,2,0,0,24
50.21666666666667,-56.80193922883643,-10.452042164884023,1.5061634207784422,0.0,0.0,0.0,-1.0,0.0,0.0,UNOBSERVED_BODY_ENVELOPE,0.7110185571230425,0,2,0,0,24
50.233333333333334,-56.80193922883643,-10.452042164884023,1.5061634207784422,0.0,0.0,0.0,-1.0,0.0,0.0,UNOBSERVED_BODY_ENVELOPE,0.7110185571230425,0,2,0,0,24
50.25,-56.80193922883643,-10.452042164884023,1.5061634207784422,0.0,0.0,0.0,-1.0,0.0,0.0,UNOBSERVED_BODY_ENVELOPE,0.7110185571230425,0,2,0,0,24
50.266666666666666,-56.80193922883643,-10.452042164884023,1.5061634207784422,0.0,0.0,0.0,-1.0,0.0,0.0,UNOBSERVED_BODY_ENVELOPE,0.7110185571230425,0,2,0,0,24
50.28333333333333,-56.80193922883643,-10.452042164884023,1.5061634207784422,0.0,0.0,0.0,-1.0,0.0,0.0,UNOBSERVED_BODY_ENVELOPE,0.7110185571230425,0,2,0,0,24
50.3,-56.80193922883643,-10.452042164884023,1.5061634207784422,0.0,0.0,0.0,-1.0,0.0,0.0,UNOBSERVED_BODY_ENVELOPE,0.7110185571230425,0,2,0,0,24
50.31666666666667,-56.80193922883643,-10.452042164884023,1.5061634207784422,0.0,0.0,0.0,-1.0,0.0,0.0,UNOBSERVED_BODY_ENVELOPE,0.7110185571230425,0,2,0,0,24
50.333333333333336,-56.80193922883643,-10.452042164884023,1.5061634207784422,0.0,0.0,0.0,-1.0,0.0,0.0,UNOBSERVED_BODY_ENVELOPE,0.7110185571230425,0,2,0,0,24
50.35,-56.80193922883643,-10.452042164884023,1.5061634207784422,0.0,0.0,0.0,-1.0,0.0,0.0,UNOBSERVED_BODY_ENVELOPE,0.7110185571230425,0,2,0,0,24
50.36666666666667,-56.80193922883643,-10.452042164884023,1.5061634207784422,0.0,0.0,0.0,-1.0,0.0,0.0,UNOBSERVED_BODY_ENVELOPE,0.7110185571230425,0,2,0,0,24
50.38333333333333,-56.80193922883643,-10.452042164884023,1.5061634207784422,0.0,0.0,0.0,-1.0,0.0,0.0,UNOBSERVED_BODY_ENVELOPE,0.7110185571230425,0,2,0,0,24
50.4,-56.80193922883643,-10.452042164884023,1.5061634207784422,0.0,0.0,0.0,-1.0,0.0,0.0,UNOBSERVED_BODY_ENVELOPE,0.7110185571230425,0,2,0,0,24
50.416666666666664,-56.80193922883643,-10.452042164884023,1.5061634207784422,0.0,0.0,0.0,-1.0,0.0,0.0,UNOBSERVED_BODY_ENVELOPE,0.7110185571230425,0,2,0,0,24
50.43333333333333,-56.80193922883643,-10.452042164884023,1.5061634207784422,0.0,0.0,0.0,-1.0,0.0,0.0,UNOBSERVED_BODY_ENVELOPE,0.7110185571230425,0,2,0,0,24
50.45,-56.80193922883643,-10.452042164884023,1.5061634207784422,0.0,0.0,0.0,-1.0,0.0,0.0,UNOBSERVED_BODY_ENVELOPE,0.7110185571230425,0,2,0,0,24
50.46666666666667,-56.80193922883643,-10.452042164884023,1.5061634207784422,0.0,0.0,0.0,-1.0,0.0,0.0,UNOBSERVED_BODY_ENVELOPE,0.7110185571230425,0,2,0,0,24
50.483333333333334,-56.80193922883643,-10.452042164884023,1.5061634207784422,0.0,0.0,0.0,-1.0,0.0,0.0,UNOBSERVED_BODY_ENVELOPE,0.7110185571230425,0,2,0,0,24
50.5,-56.80193922883643,-10.452042164884023,1.5061634207784422,0.0,0.0,0.0,-1.0,0.0,0.0,UNOBSERVED_BODY_ENVELOPE,0.7110185571230425,0,2,0,0,24
50.516666666666666,-56.80193922883643,-10.452042164884023,1.5061634207784422,0.0,0.0,0.0,-1.0,0.0,0.0,UNOBSERVED_BODY_ENVELOPE,0.7110185571230425,0,2,0,0,24
50.53333333333333,-56.80193922883643,-10.452042164884023,1.5061634207784422,0.0,0.0,0.0,-1.0,0.0,0.0,UNOBSERVED_BODY_ENVELOPE,0.7110185571230425,0,2,0,0,24
50.55,-56.80193922883643,-10.452042164884023,1.5061634207784422,0.0,0.0,0.0,-1.0,0.0,0.0,UNOBSERVED_BODY_ENVELOPE,0.7110185571230425,0,2,0,0,24
50.56666666666667,-56.80193922883643,-10.452042164884023,1.5061634207784422,0.0,0.0,0.0,-1.0,0.0,0.0,UNOBSERVED_BODY_ENVELOPE,0.7110185571230425,0,2,0,0,24
50.583333333333336,-56.80193922883643,-10.452042164884023,1.5061634207784422,0.0,0.0,0.0,-1.0,0.0,0.0,UNOBSERVED_BODY_ENVELOPE,0.7110185571230425,0,2,0,0,24
50.6,-56.80193922883643,-10.452042164884023,1.5061634207784422,0.0,0.0,0.0,-1.0,0.0,0.0,UNOBSERVED_BODY_ENVELOPE,0.7110185571230425,0,2,0,0,24
50.61666666666667,-56.80193922883643,-10.452042164884023,1.5061634207784422,0.0,0.0,0.0,-1.0,0.0,0.0,UNOBSERVED_BODY_ENVELOPE,0.7110185571230425,0,2,0,0,24
50.63333333333333,-56.80193922883643,-10.452042164884023,1.5061634207784422,0.0,0.0,0.0,-1.0,0.0,0.0,UNOBSERVED_BODY_ENVELOPE,0.7110185571230425,0,2,0,0,24
50.65,-56.80193922883643,-10.452042164884023,1.5061634207784422,0.0,0.0,0.0,-1.0,0.0,0.0,UNOBSERVED_BODY_ENVELOPE,0.7110185571230425,0,2,0,0,24
50.666666666666664,-56.80193922883643,-10.452042164884023,1.5061634207784422,0.0,0.0,0.0,-1.0,0.0,0.0,UNOBSERVED_BODY_ENVELOPE,0.7110185571230425,0,2,0,0,24
50.68333333333333,-56.80193922883643,-10.452042164884023,1.5061634207784422,0.0,0.0,0.0,-1.0,0.0,0.0,UNOBSERVED_BODY_ENVELOPE,0.7110185571230425,0,2,0,0,24
50.7,-56.80193922883643,-10.452042164884023,1.5061634207784422,0.0,0.0,0.0,-1.0,0.0,0.0,UNOBSERVED_BODY_ENVELOPE,0.7110185571230425,0,2,0,0,24
50.71666666666667,-56.80193922883643,-10.452042164884023,1.5061634207784422,0.0,0.0,0.0,-1.0,0.0,0.0,UNOBSERVED_BODY_ENVELOPE,0.7110185571230425,0,2,0,0,24
50.733333333333334,-56.80193922883643,-10.452042164884023,1.5061634207784422,0.0,0.0,0.0,-1.0,0.0,0.0,UNOBSERVED_BODY_ENVELOPE,0.7110185571230425,0,2,0,0,24
50.75,-56.80193922883643,-10.452042164884023,1.5061634207784422,0.0,0.0,0.0,-1.0,0.0,0.0,UNOBSERVED_BODY_ENVELOPE,0.7110185571230425,0,2,0,0,24
50.766666666666666,-56.80193922883643,-10.452042164884023,1.5061634207784422,0.0,0.0,0.0,-1.0,0.0,0.0,UNOBSERVED_BODY_ENVELOPE,0.7110185571230425,0,2,0,0,24
50.78333333333333,-56.80193922883643,-10.452042164884023,1.5061634207784422,0.0,0.0,0.0,-1.0,0.0,0.0,UNOBSERVED_BODY_ENVELOPE,0.7110185571230425,0,2,0,0,24
50.8,-56.80193922883643,-10.452042164884023,1.5061634207784422,0.0,0.0,0.0,-1.0,0.0,0.0,UNOBSERVED_BODY_ENVELOPE,0.7110185571230425,0,2,0,0,24
50.81666666666667,-56.80193922883643,-10.452042164884023,1.5061634207784422,0.0,0.0,0.0,-1.0,0.0,0.0,UNOBSERVED_BODY_ENVELOPE,0.7110185571230425,0,2,0,0,24
50.833333333333336,-56.80193922883643,-10.452042164884023,1.5061634207784422,0.0,0.0,0.0,-1.0,0.0,0.0,UNOBSERVED_BODY_ENVELOPE,0.7110185571230425,0,2,0,0,24
50.85,-56.80193922883643,-10.452042164884023,1.5061634207784422,0.0,0.0,0.0,-1.0,0.0,0.0,UNOBSERVED_BODY_ENVELOPE,0.7110185571230425,0,2,0,0,24
50.86666666666667,-56.80193922883643,-10.452042164884023,1.5061634207784422,0.0,0.0,0.0,-1.0,0.0,0.0,UNOBSERVED_BODY_ENVELOPE,0.7110185571230425,0,2,0,0,24
50.88333333333333,-56.80193922883643,-10.452042164884023,1.5061634207784422,0.0,0.0,0.0,-1.0,0.0,0.0,UNOBSERVED_BODY_ENVELOPE,0.7110185571230425,0,2,0,0,24
50.9,-56.80193922883643,-10.452042164884023,1.5061634207784422,0.0,0.0,0.0,-1.0,0.0,0.0,UNOBSERVED_BODY_ENVELOPE,0.7110185571230425,0,2,0,0,24
50.916666666666664,-56.80193922883643,-10.452042164884023,1.5061634207784422,0.0,0.0,0.0,-1.0,0.0,0.0,UNOBSERVED_BODY_ENVELOPE,0.7110185571230425,0,2,0,0,24
50.93333333333333,-56.80193922883643,-10.452042164884023,1.5061634207784422,0.0,0.0,0.0,-1.0,0.0,0.0,UNOBSERVED_BODY_ENVELOPE,0.7110185571230425,0,2,0,0,24
50.95,-56.80193922883643,-10.452042164884023,1.5061634207784422,0.0,0.0,0.0,-1.0,0.0,0.0,UNOBSERVED_BODY_ENVELOPE,0.7110185571230425,0,2,0,0,24
50.96666666666667,-56.80193922883643,-10.452042164884023,1.5061634207784422,0.0,0.0,0.0,-1.0,0.0,0.0,UNOBSERVED_BODY_ENVELOPE,0.7110185571230425,0,2,0,0,24
50.983333333333334,-56.80193922883643,-10.452042164884023,1.5061634207784422,0.0,0.0,0.0,-1.0,0.0,0.0,UNOBSERVED_BODY_ENVELOPE,0.7110185571230425,0,2,0,0,24
51.0,-56.80193922883643,-10.452042164884023,1.5061634207784422,0.0,0.0,0.0,-1.0,0.0,0.0,UNOBSERVED_BODY_ENVELOPE,0.7110185571230425,0,2,0,0,24
51.016666666666666,-56.80193922883643,-10.452042164884023,1.5061634207784422,0.0,0.0,0.0,-1.0,0.0,0.0,UNOBSERVED_BODY_ENVELOPE,0.7110185571230425,0,2,0,0,24
51.03333333333333,-56.80193922883643,-10.452042164884023,1.5061634207784422,0.0,0.0,0.0,-1.0,0.0,0.0,UNOBSERVED_BODY_ENVELOPE,0.7110185571230425,0,2,0,0,24
51.05,-56.80193922883643,-10.452042164884023,1.5061634207784422,0.0,0.0,0.0,-1.0,0.0,0.0,UNOBSERVED_BODY_ENVELOPE,0.7110185571230425,0,2,0,0,24
51.06666666666667,-56.80193922883643,-10.452042164884023,1.5061634207784422,0.0,0.0,0.0,-1.0,0.0,0.0,UNOBSERVED_BODY_ENVELOPE,0.7110185571230425,0,2,0,0,24
51.083333333333336,-56.80193922883643,-10.452042164884023,1.5061634207784422,0.0,0.0,0.0,-1.0,0.0,0.0,UNOBSERVED_BODY_ENVELOPE,0.7110185571230425,0,2,0,0,24
51.1,-56.80193922883643,-10.452042164884023,1.5061634207784422,0.0,0.0,0.0,-1.0,0.0,0.0,UNOBSERVED_BODY_ENVELOPE,0.7110185571230425,0,2,0,0,24
51.11666666666667,-56.80193922883643,-10.452042164884023,1.5061634207784422,0.0,0.0,0.0,-1.0,0.0,0.0,UNOBSERVED_BODY_ENVELOPE,0.7110185571230425,0,2,0,0,24
51.13333333333333,-56.80193922883643,-10.452042164884023,1.5061634207784422,0.0,0.0,0.0,-1.0,0.0,0.0,UNOBSERVED_BODY_ENVELOPE,0.7110185571230425,0,2,0,0,24
51.15,-56.80193922883643,-10.452042164884023,1.5061634207784422,0.0,0.0,0.0,-1.0,0.0,0.0,UNOBSERVED_BODY_ENVELOPE,0.7110185571230425,0,2,0,0,24
51.166666666666664,-56.80193922883643,-10.452042164884023,1.5061634207784422,0.0,0.0,0.0,-1.0,0.0,0.0,UNOBSERVED_BODY_ENVELOPE,0.7110185571230425,0,2,0,0,24
51.18333333333333,-56.80193922883643,-10.452042164884023,1.5061634207784422,0.0,0.0,0.0,-1.0,0.0,0.0,UNOBSERVED_BODY_ENVELOPE,0.7110185571230425,0,2,0,0,24
51.2,-56.80193922883643,-10.452042164884023,1.5061634207784422,0.0,0.0,0.0,-1.0,0.0,0.0,UNOBSERVED_BODY_ENVELOPE,0.7110185571230425,0,2,0,0,24
51.21666666666667,-56.80193922883643,-10.452042164884023,1.5061634207784422,0.0,0.0,0.0,-1.0,0.0,0.0,UNOBSERVED_BODY_ENVELOPE,0.7110185571230425,0,2,0,0,24
51.233333333333334,-56.80193922883643,-10.452042164884023,1.5061634207784422,0.0,0.0,0.0,-1.0,0.0,0.0,UNOBSERVED_BODY_ENVELOPE,0.7110185571230425,0,2,0,0,24
51.25,-56.80193922883643,-10.452042164884023,1.5061634207784422,0.0,0.0,0.0,-1.0,0.0,0.0,UNOBSERVED_BODY_ENVELOPE,0.7110185571230425,0,2,0,0,24
51.266666666666666,-56.80193922883643,-10.452042164884023,1.5061634207784422,0.0,0.0,0.0,-1.0,0.0,0.0,UNOBSERVED_BODY_ENVELOPE,0.7110185571230425,0,2,0,0,24
51.28333333333333,-56.80193922883643,-10.452042164884023,1.5061634207784422,0.0,0.0,0.0,-1.0,0.0,0.0,UNOBSERVED_BODY_ENVELOPE,0.7110185571230425,0,2,0,0,24
51.3,-56.80193922883643,-10.452042164884023,1.5061634207784422,0.0,0.0,0.0,-1.0,0.0,0.0,UNOBSERVED_BODY_ENVELOPE,0.7110185571230425,0,2,0,0,24
51.31666666666667,-56.80193922883643,-10.452042164884023,1.5061634207784422,0.0,0.0,0.0,-1.0,0.0,0.0,UNOBSERVED_BODY_ENVELOPE,0.7110185571230425,0,2,0,0,24
51.333333333333336,-56.80193922883643,-10.452042164884023,1.5061634207784422,0.0,0.0,0.0,-1.0,0.0,0.0,UNOBSERVED_BODY_ENVELOPE,0.7110185571230425,0,2,0,0,24
51.35,-56.80193922883643,-10.452042164884023,1.5061634207784422,0.0,0.0,0.0,-1.0,0.0,0.0,UNOBSERVED_BODY_ENVELOPE,0.7110185571230425,0,2,0,0,24
51.36666666666667,-56.80193922883643,-10.452042164884023,1.5061634207784422,0.0,0.0,0.0,-1.0,0.0,0.0,UNOBSERVED_BODY_ENVELOPE,0.7110185571230425,0,2,0,0,24
51.38333333333333,-56.80193922883643,-10.452042164884023,1.5061634207784422,0.0,0.0,0.0,-1.0,0.0,0.0,UNOBSERVED_BODY_ENVELOPE,0.7110185571230425,0,2,0,0,24
51.4,-56.80193922883643,-10.452042164884023,1.5061634207784422,0.0,0.0,0.0,-1.0,0.0,0.0,UNOBSERVED_BODY_ENVELOPE,0.7110185571230425,0,2,0,0,24
51.416666666666664,-56.80193922883643,-10.452042164884023,1.5061634207784422,0.0,0.0,0.0,-1.0,0.0,0.0,UNOBSERVED_BODY_ENVELOPE,0.7110185571230425,0,2,0,0,24
51.43333333333333,-56.80193922883643,-10.452042164884023,1.5061634207784422,0.0,0.0,0.0,-1.0,0.0,0.0,UNOBSERVED_BODY_ENVELOPE,0.7110185571230425,0,2,0,0,24
51.45,-56.80193922883643,-10.452042164884023,1.5061634207784422,0.0,0.0,0.0,-1.0,0.0,0.0,UNOBSERVED_BODY_ENVELOPE,0.7110185571230425,0,2,0,0,24
51.46666666666667,-56.80193922883643,-10.452042164884023,1.5061634207784422,0.0,0.0,0.0,-1.0,0.0,0.0,UNOBSERVED_BODY_ENVELOPE,0.7110185571230425,0,2,0,0,24
51.483333333333334,-56.80193922883643,-10.452042164884023,1.5061634207784422,0.0,0.0,0.0,-1.0,0.0,0.0,UNOBSERVED_BODY_ENVELOPE,0.7110185571230425,0,2,0,0,24
51.5,-56.80193922883643,-10.452042164884023,1.5061634207784422,0.0,0.0,0.0,-1.0,0.0,0.0,UNOBSERVED_BODY_ENVELOPE,0.7110185571230425,0,2,0,0,24
51.516666666666666,-56.80193922883643,-10.452042164884023,1.5061634207784422,0.0,0.0,0.0,-1.0,0.0,0.0,UNOBSERVED_BODY_ENVELOPE,0.7110185571230425,0,2,0,0,24
51.53333333333333,-56.80193922883643,-10.452042164884023,1.5061634207784422,0.0,0.0,0.0,-1.0,0.0,0.0,UNOBSERVED_BODY_ENVELOPE,0.7110185571230425,0,2,0,0,24
51.55,-56.80193922883643,-10.452042164884023,1.5061634207784422,0.0,0.0,0.0,-1.0,0.0,0.0,UNOBSERVED_BODY_ENVELOPE,0.7110185571230425,0,2,0,0,24
51.56666666666667,-56.80193922883643,-10.452042164884023,1.5061634207784422,0.0,0.0,0.0,-1.0,0.0,0.0,UNOBSERVED_BODY_ENVELOPE,0.7110185571230425,0,2,0,0,24
51.583333333333336,-56.80193922883643,-10.452042164884023,1.5061634207784422,0.0,0.0,0.0,-1.0,0.0,0.0,UNOBSERVED_BODY_ENVELOPE,0.7110185571230425,0,2,0,0,24
51.6,-56.80193922883643,-10.452042164884023,1.5061634207784422,0.0,0.0,0.0,-1.0,0.0,0.0,UNOBSERVED_BODY_ENVELOPE,0.7110185571230425,0,2,0,0,24
51.61666666666667,-56.80193922883643,-10.452042164884023,1.5061634207784422,0.0,0.0,0.0,-1.0,0.0,0.0,UNOBSERVED_BODY_ENVELOPE,0.7110185571230425,0,2,0,0,24
51.63333333333333,-56.80193922883643,-10.452042164884023,1.5061634207784422,0.0,0.0,0.0,-1.0,0.0,0.0,UNOBSERVED_BODY_ENVELOPE,0.7110185571230425,0,2,0,0,24
51.65,-56.80193922883643,-10.452042164884023,1.5061634207784422,0.0,0.0,0.0,-1.0,0.0,0.0,UNOBSERVED_BODY_ENVELOPE,0.7110185571230425,0,2,0,0,24
51.666666666666664,-56.80193922883643,-10.452042164884023,1.5061634207784422,0.0,0.0,0.0,-1.0,0.0,0.0,UNOBSERVED_BODY_ENVELOPE,0.7110185571230425,0,2,0,0,24
51.68333333333333,-56.80193922883643,-10.452042164884023,1.5061634207784422,0.0,0.0,0.0,-1.0,0.0,0.0,UNOBSERVED_BODY_ENVELOPE,0.7110185571230425,0,2,0,0,24
51.7,-56.80193922883643,-10.452042164884023,1.5061634207784422,0.0,0.0,0.0,-1.0,0.0,0.0,UNOBSERVED_BODY_ENVELOPE,0.7110185571230425,0,2,0,0,24
51.71666666666667,-56.80193922883643,-10.452042164884023,1.5061634207784422,0.0,0.0,0.0,-1.0,0.0,0.0,UNOBSERVED_BODY_ENVELOPE,0.7110185571230425,0,2,0,0,24
51.733333333333334,-56.80193922883643,-10.452042164884023,1.5061634207784422,0.0,0.0,0.0,-1.0,0.0,0.0,UNOBSERVED_BODY_ENVELOPE,0.7110185571230425,0,2,0,0,24
51.75,-56.80193922883643,-10.452042164884023,1.5061634207784422,0.0,0.0,0.0,-1.0,0.0,0.0,UNOBSERVED_BODY_ENVELOPE,0.7110185571230425,0,2,0,0,24
51.766666666666666,-56.80193922883643,-10.452042164884023,1.5061634207784422,0.0,0.0,0.0,-1.0,0.0,0.0,UNOBSERVED_BODY_ENVELOPE,0.7110185571230425,0,2,0,0,24
51.78333333333333,-56.80193922883643,-10.452042164884023,1.5061634207784422,0.0,0.0,0.0,-1.0,0.0,0.0,UNOBSERVED_BODY_ENVELOPE,0.7110185571230425,0,2,0,0,24
51.8,-56.80193922883643,-10.452042164884023,1.5061634207784422,0.0,0.0,0.0,-1.0,0.0,0.0,UNOBSERVED_BODY_ENVELOPE,0.7110185571230425,0,2,0,0,24
51.81666666666667,-56.80193922883643,-10.452042164884023,1.5061634207784422,0.0,0.0,0.0,-1.0,0.0,0.0,UNOBSERVED_BODY_ENVELOPE,0.7110185571230425,0,2,0,0,24
51.833333333333336,-56.80193922883643,-10.452042164884023,1.5061634207784422,0.0,0.0,0.0,-1.0,0.0,0.0,UNOBSERVED_BODY_ENVELOPE,0.7110185571230425,0,2,0,0,24
51.85,-56.80193922883643,-10.452042164884023,1.5061634207784422,0.0,0.0,0.0,-1.0,0.0,0.0,UNOBSERVED_BODY_ENVELOPE,0.7110185571230425,0,2,0,0,24
51.86666666666667,-56.80193922883643,-10.452042164884023,1.5061634207784422,0.0,0.0,0.0,-1.0,0.0,0.0,UNOBSERVED_BODY_ENVELOPE,0.7110185571230425,0,2,0,0,24
51.88333333333333,-56.80193922883643,-10.452042164884023,1.5061634207784422,0.0,0.0,0.0,-1.0,0.0,0.0,UNOBSERVED_BODY_ENVELOPE,0.7110185571230425,0,2,0,0,24
51.9,-56.80193922883643,-10.452042164884023,1.5061634207784422,0.0,0.0,0.0,-1.0,0.0,0.0,UNOBSERVED_BODY_ENVELOPE,0.7110185571230425,0,2,0,0,24
51.916666666666664,-56.80193922883643,-10.452042164884023,1.5061634207784422,0.0,0.0,0.0,-1.0,0.0,0.0,UNOBSERVED_BODY_ENVELOPE,0.7110185571230425,0,2,0,0,24
51.93333333333333,-56.80193922883643,-10.452042164884023,1.5061634207784422,0.0,0.0,0.0,-1.0,0.0,0.0,UNOBSERVED_BODY_ENVELOPE,0.7110185571230425,0,2,0,0,24
51.95,-56.80193922883643,-10.452042164884023,1.5061634207784422,0.0,0.0,0.0,-1.0,0.0,0.0,UNOBSERVED_BODY_ENVELOPE,0.7110185571230425,0,2,0,0,24
51.96666666666667,-56.80193922883643,-10.452042164884023,1.5061634207784422,0.0,0.0,0.0,-1.0,0.0,0.0,UNOBSERVED_BODY_ENVELOPE,0.7110185571230425,0,2,0,0,24
51.983333333333334,-56.80193922883643,-10.452042164884023,1.5061634207784422,0.0,0.0,0.0,-1.0,0.0,0.0,UNOBSERVED_BODY_ENVELOPE,0.7110185571230425,0,2,0,0,24
52.0,-56.80193922883643,-10.452042164884023,1.5061634207784422,0.0,0.0,0.0,-1.0,0.0,0.0,UNOBSERVED_BODY_ENVELOPE,0.7110185571230425,0,2,0,0,24
52.016666666666666,-56.80193922883643,-10.452042164884023,1.5061634207784422,0.0,0.0,0.0,-1.0,0.0,0.0,UNOBSERVED_BODY_ENVELOPE,0.7110185571230425,0,2,0,0,24
52.03333333333333,-56.80193922883643,-10.452042164884023,1.5061634207784422,0.0,0.0,0.0,-1.0,0.0,0.0,UNOBSERVED_BODY_ENVELOPE,0.7110185571230425,0,2,0,0,24
52.05,-56.80193922883643,-10.452042164884023,1.5061634207784422,0.0,0.0,0.0,-1.0,0.0,0.0,UNOBSERVED_BODY_ENVELOPE,0.7110185571230425,0,2,0,0,24
52.06666666666667,-56.80193922883643,-10.452042164884023,1.5061634207784422,0.0,0.0,0.0,-1.0,0.0,0.0,UNOBSERVED_BODY_ENVELOPE,0.7110185571230425,0,2,0,0,24
52.083333333333336,-56.80193922883643,-10.452042164884023,1.5061634207784422,0.0,0.0,0.0,-1.0,0.0,0.0,UNOBSERVED_BODY_ENVELOPE,0.7110185571230425,0,2,0,0,24
52.1,-56.80193922883643,-10.452042164884023,1.5061634207784422,0.0,0.0,0.0,-1.0,0.0,0.0,UNOBSERVED_BODY_ENVELOPE,0.7110185571230425,0,2,0,0,24
52.11666666666667,-56.80193922883643,-10.452042164884023,1.5061634207784422,0.0,0.0,0.0,-1.0,0.0,0.0,UNOBSERVED_BODY_ENVELOPE,0.7110185571230425,0,2,0,0,24
52.13333333333333,-56.80193922883643,-10.452042164884023,1.5061634207784422,0.0,0.0,0.0,-1.0,0.0,0.0,UNOBSERVED_BODY_ENVELOPE,0.7110185571230425,0,2,0,0,24
52.15,-56.80193922883643,-10.452042164884023,1.5061634207784422,0.0,0.0,0.0,-1.0,0.0,0.0,UNOBSERVED_BODY_ENVELOPE,0.7110185571230425,0,2,0,0,24
52.166666666666664,-56.80193922883643,-10.452042164884023,1.5061634207784422,0.0,0.0,0.0,-1.0,0.0,0.0,UNOBSERVED_BODY_ENVELOPE,0.7110185571230425,0,2,0,0,24
52.18333333333333,-56.80193922883643,-10.452042164884023,1.5061634207784422,0.0,0.0,0.0,-1.0,0.0,0.0,UNOBSERVED_BODY_ENVELOPE,0.7110185571230425,0,2,0,0,24
52.2,-56.80193922883643,-10.452042164884023,1.5061634207784422,0.0,0.0,0.0,-1.0,0.0,0.0,UNOBSERVED_BODY_ENVELOPE,0.7110185571230425,0,2,0,0,24
52.21666666666667,-56.80193922883643,-10.452042164884023,1.5061634207784422,0.0,0.0,0.0,-1.0,0.0,0.0,UNOBSERVED_BODY_ENVELOPE,0.7110185571230425,0,2,0,0,24
52.233333333333334,-56.80193922883643,-10.452042164884023,1.5061634207784422,0.0,0.0,0.0,-1.0,0.0,0.0,UNOBSERVED_BODY_ENVELOPE,0.7110185571230425,0,2,0,0,24
52.25,-56.80193922883643,-10.452042164884023,1.5061634207784422,0.0,0.0,0.0,-1.0,0.0,0.0,UNOBSERVED_BODY_ENVELOPE,0.7110185571230425,0,2,0,0,24
52.266666666666666,-56.80193922883643,-10.452042164884023,1.5061634207784422,0.0,0.0,0.0,-1.0,0.0,0.0,UNOBSERVED_BODY_ENVELOPE,0.7110185571230425,0,2,0,0,24
52.28333333333333,-56.80193922883643,-10.452042164884023,1.5061634207784422,0.0,0.0,0.0,-1.0,0.0,0.0,UNOBSERVED_BODY_ENVELOPE,0.7110185571230425,0,2,0,0,24
52.3,-56.80193922883643,-10.452042164884023,1.5061634207784422,0.0,0.0,0.0,-1.0,0.0,0.0,UNOBSERVED_BODY_ENVELOPE,0.7110185571230425,0,2,0,0,24
52.31666666666667,-56.80193922883643,-10.452042164884023,1.5061634207784422,0.0,0.0,0.0,-1.0,0.0,0.0,UNOBSERVED_BODY_ENVELOPE,0.7110185571230425,0,2,0,0,24
52.333333333333336,-56.80193922883643,-10.452042164884023,1.5061634207784422,0.0,0.0,0.0,-1.0,0.0,0.0,UNOBSERVED_BODY_ENVELOPE,0.7110185571230425,0,2,0,0,24
52.35,-56.80193922883643,-10.452042164884023,1.5061634207784422,0.0,0.0,0.0,-1.0,0.0,0.0,UNOBSERVED_BODY_ENVELOPE,0.7110185571230425,0,2,0,0,24
52.36666666666667,-56.80193922883643,-10.452042164884023,1.5061634207784422,0.0,0.0,0.0,-1.0,0.0,0.0,UNOBSERVED_BODY_ENVELOPE,0.7110185571230425,0,2,0,0,24
52.38333333333333,-56.80193922883643,-10.452042164884023,1.5061634207784422,0.0,0.0,0.0,-1.0,0.0,0.0,UNOBSERVED_BODY_ENVELOPE,0.7110185571230425,0,2,0,0,24
52.4,-56.80193922883643,-10.452042164884023,1.5061634207784422,0.0,0.0,0.0,-1.0,0.0,0.0,UNOBSERVED_BODY_ENVELOPE,0.7110185571230425,0,2,0,0,24
52.416666666666664,-56.80193922883643,-10.452042164884023,1.5061634207784422,0.0,0.0,0.0,-1.0,0.0,0.0,UNOBSERVED_BODY_ENVELOPE,0.7110185571230425,0,2,0,0,24
52.43333333333333,-56.80193922883643,-10.452042164884023,1.5061634207784422,0.0,0.0,0.0,-1.0,0.0,0.0,UNOBSERVED_BODY_ENVELOPE,0.7110185571230425,0,2,0,0,24
52.45,-56.80193922883643,-10.452042164884023,1.5061634207784422,0.0,0.0,0.0,-1.0,0.0,0.0,UNOBSERVED_BODY_ENVELOPE,0.7110185571230425,0,2,0,0,24
52.46666666666667,-56.80193922883643,-10.452042164884023,1.5061634207784422,0.0,0.0,0.0,-1.0,0.0,0.0,UNOBSERVED_BODY_ENVELOPE,0.7110185571230425,0,2,0,0,24
52.483333333333334,-56.80193922883643,-10.452042164884023,1.5061634207784422,0.0,0.0,0.0,-1.0,0.0,0.0,UNOBSERVED_BODY_ENVELOPE,0.7110185571230425,0,2,0,0,24
52.5,-56.80193922883643,-10.452042164884023,1.5061634207784422,0.0,0.0,0.0,-1.0,0.0,0.0,UNOBSERVED_BODY_ENVELOPE,0.7110185571230425,0,2,0,0,24
52.516666666666666,-56.80193922883643,-10.452042164884023,1.5061634207784422,0.0,0.0,0.0,-1.0,0.0,0.0,UNOBSERVED_BODY_ENVELOPE,0.7110185571230425,0,2,0,0,24
52.53333333333333,-56.80193922883643,-10.452042164884023,1.5061634207784422,0.0,0.0,0.0,-1.0,0.0,0.0,UNOBSERVED_BODY_ENVELOPE,0.7110185571230425,0,2,0,0,24
52.55,-56.80193922883643,-10.452042164884023,1.5061634207784422,0.0,0.0,0.0,-1.0,0.0,0.0,UNOBSERVED_BODY_ENVELOPE,0.7110185571230425,0,2,0,0,24
52.56666666666667,-56.80193922883643,-10.452042164884023,1.5061634207784422,0.0,0.0,0.0,-1.0,0.0,0.0,UNOBSERVED_BODY_ENVELOPE,0.7110185571230425,0,2,0,0,24
52.583333333333336,-56.80193922883643,-10.452042164884023,1.5061634207784422,0.0,0.0,0.0,-1.0,0.0,0.0,UNOBSERVED_BODY_ENVELOPE,0.7110185571230425,0,2,0,0,24
52.6,-56.80193922883643,-10.452042164884023,1.5061634207784422,0.0,0.0,0.0,-1.0,0.0,0.0,UNOBSERVED_BODY_ENVELOPE,0.7110185571230425,0,2,0,0,24
52.61666666666667,-56.80193922883643,-10.452042164884023,1.5061634207784422,0.0,0.0,0.0,-1.0,0.0,0.0,UNOBSERVED_BODY_ENVELOPE,0.7110185571230425,0,2,0,0,24
52.63333333333333,-56.80193922883643,-10.452042164884023,1.5061634207784422,0.0,0.0,0.0,-1.0,0.0,0.0,UNOBSERVED_BODY_ENVELOPE,0.7110185571230425,0,2,0,0,24
52.65,-56.80193922883643,-10.452042164884023,1.5061634207784422,0.0,0.0,0.0,-1.0,0.0,0.0,UNOBSERVED_BODY_ENVELOPE,0.7110185571230425,0,2,0,0,24
52.666666666666664,-56.80193922883643,-10.452042164884023,1.5061634207784422,0.0,0.0,0.0,-1.0,0.0,0.0,UNOBSERVED_BODY_ENVELOPE,0.7110185571230425,0,2,0,0,24
52.68333333333333,-56.80193922883643,-10.452042164884023,1.5061634207784422,0.0,0.0,0.0,-1.0,0.0,0.0,UNOBSERVED_BODY_ENVELOPE,0.7110185571230425,0,2,0,0,24
52.7,-56.80193922883643,-10.452042164884023,1.5061634207784422,0.0,0.0,0.0,-1.0,0.0,0.0,UNOBSERVED_BODY_ENVELOPE,0.7110185571230425,0,2,0,0,24
52.71666666666667,-56.80193922883643,-10.452042164884023,1.5061634207784422,0.0,0.0,0.0,-1.0,0.0,0.0,UNOBSERVED_BODY_ENVELOPE,0.7110185571230425,0,2,0,0,24
52.733333333333334,-56.80193922883643,-10.452042164884023,1.5061634207784422,0.0,0.0,0.0,-1.0,0.0,0.0,UNOBSERVED_BODY_ENVELOPE,0.7110185571230425,0,2,0,0,24
52.75,-56.80193922883643,-10.452042164884023,1.5061634207784422,0.0,0.0,0.0,-1.0,0.0,0.0,UNOBSERVED_BODY_ENVELOPE,0.7110185571230425,0,2,0,0,24
52.766666666666666,-56.80193922883643,-10.452042164884023,1.5061634207784422,0.0,0.0,0.0,-1.0,0.0,0.0,UNOBSERVED_BODY_ENVELOPE,0.7110185571230425,0,2,0,0,24
52.78333333333333,-56.80193922883643,-10.452042164884023,1.5061634207784422,0.0,0.0,0.0,-1.0,0.0,0.0,UNOBSERVED_BODY_ENVELOPE,0.7110185571230425,0,2,0,0,24
52.8,-56.80193922883643,-10.452042164884023,1.5061634207784422,0.0,0.0,0.0,-1.0,0.0,0.0,UNOBSERVED_BODY_ENVELOPE,0.7110185571230425,0,2,0,0,24
52.81666666666667,-56.80193922883643,-10.452042164884023,1.5061634207784422,0.0,0.0,0.0,-1.0,0.0,0.0,UNOBSERVED_BODY_ENVELOPE,0.7110185571230425,0,2,0,0,24
52.833333333333336,-56.80193922883643,-10.452042164884023,1.5061634207784422,0.0,0.0,0.0,-1.0,0.0,0.0,UNOBSERVED_BODY_ENVELOPE,0.7110185571230425,0,2,0,0,24
52.85,-56.80193922883643,-10.452042164884023,1.5061634207784422,0.0,0.0,0.0,-1.0,0.0,0.0,UNOBSERVED_BODY_ENVELOPE,0.7110185571230425,0,2,0,0,24
52.86666666666667,-56.80193922883643,-10.452042164884023,1.5061634207784422,0.0,0.0,0.0,-1.0,0.0,0.0,UNOBSERVED_BODY_ENVELOPE,0.7110185571230425,0,2,0,0,24
52.88333333333333,-56.80193922883643,-10.452042164884023,1.5061634207784422,0.0,0.0,0.0,-1.0,0.0,0.0,UNOBSERVED_BODY_ENVELOPE,0.7110185571230425,0,2,0,0,24
52.9,-56.80193922883643,-10.452042164884023,1.5061634207784422,0.0,0.0,0.0,-1.0,0.0,0.0,UNOBSERVED_BODY_ENVELOPE,0.7110185571230425,0,2,0,0,24
52.916666666666664,-56.80193922883643,-10.452042164884023,1.5061634207784422,0.0,0.0,0.0,-1.0,0.0,0.0,UNOBSERVED_BODY_ENVELOPE,0.7110185571230425,0,2,0,0,24
52.93333333333333,-56.80193922883643,-10.452042164884023,1.5061634207784422,0.0,0.0,0.0,-1.0,0.0,0.0,UNOBSERVED_BODY_ENVELOPE,0.7110185571230425,0,2,0,0,24
52.95,-56.80193922883643,-10.452042164884023,1.5061634207784422,0.0,0.0,0.0,-1.0,0.0,0.0,UNOBSERVED_BODY_ENVELOPE,0.7110185571230425,0,2,0,0,24
52.96666666666667,-56.80193922883643,-10.452042164884023,1.5061634207784422,0.0,0.0,0.0,-1.0,0.0,0.0,UNOBSERVED_BODY_ENVELOPE,0.7110185571230425,0,2,0,0,24
52.983333333333334,-56.80193922883643,-10.452042164884023,1.5061634207784422,0.0,0.0,0.0,-1.0,0.0,0.0,UNOBSERVED_BODY_ENVELOPE,0.7110185571230425,0,2,0,0,24
53.0,-56.80193922883643,-10.452042164884023,1.5061634207784422,0.0,0.0,0.0,-1.0,0.0,0.0,UNOBSERVED_BODY_ENVELOPE,0.7110185571230425,0,2,0,0,24
53.016666666666666,-56.80193922883643,-10.452042164884023,1.5061634207784422,0.0,0.0,0.0,-1.0,0.0,0.0,UNOBSERVED_BODY_ENVELOPE,0.7110185571230425,0,2,0,0,24
53.03333333333333,-56.80193922883643,-10.452042164884023,1.5061634207784422,0.0,0.0,0.0,-1.0,0.0,0.0,UNOBSERVED_BODY_ENVELOPE,0.7110185571230425,0,2,0,0,24
53.05,-56.80193922883643,-10.452042164884023,1.5061634207784422,0.0,0.0,0.0,-1.0,0.0,0.0,UNOBSERVED_BODY_ENVELOPE,0.7110185571230425,0,2,0,0,24
53.06666666666667,-56.80193922883643,-10.452042164884023,1.5061634207784422,0.0,0.0,0.0,-1.0,0.0,0.0,UNOBSERVED_BODY_ENVELOPE,0.7110185571230425,0,2,0,0,24
53.083333333333336,-56.80193922883643,-10.452042164884023,1.5061634207784422,0.0,0.0,0.0,-1.0,0.0,0.0,UNOBSERVED_BODY_ENVELOPE,0.7110185571230425,0,2,0,0,24
53.1,-56.80193922883643,-10.452042164884023,1.5061634207784422,0.0,0.0,0.0,-1.0,0.0,0.0,UNOBSERVED_BODY_ENVELOPE,0.7110185571230425,0,2,0,0,24
53.11666666666667,-56.80193922883643,-10.452042164884023,1.5061634207784422,0.0,0.0,0.0,-1.0,0.0,0.0,UNOBSERVED_BODY_ENVELOPE,0.7110185571230425,0,2,0,0,24
53.13333333333333,-56.80193922883643,-10.452042164884023,1.5061634207784422,0.0,0.0,0.0,-1.0,0.0,0.0,UNOBSERVED_BODY_ENVELOPE,0.7110185571230425,0,2,0,0,24
53.15,-56.80193922883643,-10.452042164884023,1.5061634207784422,0.0,0.0,0.0,-1.0,0.0,0.0,UNOBSERVED_BODY_ENVELOPE,0.7110185571230425,0,2,0,0,24
53.166666666666664,-56.80193922883643,-10.452042164884023,1.5061634207784422,0.0,0.0,0.0,-1.0,0.0,0.0,UNOBSERVED_BODY_ENVELOPE,0.7110185571230425,0,2,0,0,24
53.18333333333333,-56.80193922883643,-10.452042164884023,1.5061634207784422,0.0,0.0,0.0,-1.0,0.0,0.0,UNOBSERVED_BODY_ENVELOPE,0.7110185571230425,0,2,0,0,24
53.2,-56.80193922883643,-10.452042164884023,1.5061634207784422,0.0,0.0,0.0,-1.0,0.0,0.0,UNOBSERVED_BODY_ENVELOPE,0.7110185571230425,0,2,0,0,24
53.21666666666667,-56.80193922883643,-10.452042164884023,1.5061634207784422,0.0,0.0,0.0,-1.0,0.0,0.0,UNOBSERVED_BODY_ENVELOPE,0.7110185571230425,0,2,0,0,24
53.233333333333334,-56.80193922883643,-10.452042164884023,1.5061634207784422,0.0,0.0,0.0,-1.0,0.0,0.0,UNOBSERVED_BODY_ENVELOPE,0.7110185571230425,0,2,0,0,24
53.25,-56.80193922883643,-10.452042164884023,1.5061634207784422,0.0,0.0,0.0,-1.0,0.0,0.0,UNOBSERVED_BODY_ENVELOPE,0.7110185571230425,0,2,0,0,24
53.266666666666666,-56.80193922883643,-10.452042164884023,1.5061634207784422,0.0,0.0,0.0,-1.0,0.0,0.0,UNOBSERVED_BODY_ENVELOPE,0.7110185571230425,0,2,0,0,24
53.28333333333333,-56.80193922883643,-10.452042164884023,1.5061634207784422,0.0,0.0,0.0,-1.0,0.0,0.0,UNOBSERVED_BODY_ENVELOPE,0.7110185571230425,0,2,0,0,24
53.3,-56.80193922883643,-10.452042164884023,1.5061634207784422,0.0,0.0,0.0,-1.0,0.0,0.0,UNOBSERVED_BODY_ENVELOPE,0.7110185571230425,0,2,0,0,24
53.31666666666667,-56.80193922883643,-10.452042164884023,1.5061634207784422,0.0,0.0,0.0,-1.0,0.0,0.0,UNOBSERVED_BODY_ENVELOPE,0.7110185571230425,0,2,0,0,24
53.333333333333336,-56.80193922883643,-10.452042164884023,1.5061634207784422,0.0,0.0,0.0,-1.0,0.0,0.0,UNOBSERVED_BODY_ENVELOPE,0.7110185571230425,0,2,0,0,24
53.35,-56.80193922883643,-10.452042164884023,1.5061634207784422,0.0,0.0,0.0,-1.0,0.0,0.0,UNOBSERVED_BODY_ENVELOPE,0.7110185571230425,0,2,0,0,24
53.36666666666667,-56.80193922883643,-10.452042164884023,1.5061634207784422,0.0,0.0,0.0,-1.0,0.0,0.0,UNOBSERVED_BODY_ENVELOPE,0.7110185571230425,0,2,0,0,24
53.38333333333333,-56.80193922883643,-10.452042164884023,1.5061634207784422,0.0,0.0,0.0,-1.0,0.0,0.0,UNOBSERVED_BODY_ENVELOPE,0.7110185571230425,0,2,0,0,24
53.4,-56.80193922883643,-10.452042164884023,1.5061634207784422,0.0,0.0,0.0,-1.0,0.0,0.0,UNOBSERVED_BODY_ENVELOPE,0.7110185571230425,0,2,0,0,24
53.416666666666664,-56.80193922883643,-10.452042164884023,1.5061634207784422,0.0,0.0,0.0,-1.0,0.0,0.0,UNOBSERVED_BODY_ENVELOPE,0.7110185571230425,0,2,0,0,24
53.43333333333333,-56.80193922883643,-10.452042164884023,1.5061634207784422,0.0,0.0,0.0,-1.0,0.0,0.0,UNOBSERVED_BODY_ENVELOPE,0.7110185571230425,0,2,0,0,24
53.45,-56.80193922883643,-10.452042164884023,1.5061634207784422,0.0,0.0,0.0,-1.0,0.0,0.0,UNOBSERVED_BODY_ENVELOPE,0.7110185571230425,0,2,0,0,24
53.46666666666667,-56.80193922883643,-10.452042164884023,1.5061634207784422,0.0,0.0,0.0,-1.0,0.0,0.0,UNOBSERVED_BODY_ENVELOPE,0.7110185571230425,0,2,0,0,24
53.483333333333334,-56.80193922883643,-10.452042164884023,1.5061634207784422,0.0,0.0,0.0,-1.0,0.0,0.0,UNOBSERVED_BODY_ENVELOPE,0.7110185571230425,0,2,0,0,24
53.5,-56.80193922883643,-10.452042164884023,1.5061634207784422,0.0,0.0,0.0,-1.0,0.0,0.0,UNOBSERVED_BODY_ENVELOPE,0.7110185571230425,0,2,0,0,24
53.516666666666666,-56.80193922883643,-10.452042164884023,1.5061634207784422,0.0,0.0,0.0,-1.0,0.0,0.0,UNOBSERVED_BODY_ENVELOPE,0.7110185571230425,0,2,0,0,24
53.53333333333333,-56.80193922883643,-10.452042164884023,1.5061634207784422,0.0,0.0,0.0,-1.0,0.0,0.0,UNOBSERVED_BODY_ENVELOPE,0.7110185571230425,0,2,0,0,24
53.55,-56.80193922883643,-10.452042164884023,1.5061634207784422,0.0,0.0,0.0,-1.0,0.0,0.0,UNOBSERVED_BODY_ENVELOPE,0.7110185571230425,0,2,0,0,24
53.56666666666667,-56.80193922883643,-10.452042164884023,1.5061634207784422,0.0,0.0,0.0,-1.0,0.0,0.0,UNOBSERVED_BODY_ENVELOPE,0.7110185571230425,0,2,0,0,24
53.583333333333336,-56.80193922883643,-10.452042164884023,1.5061634207784422,0.0,0.0,0.0,-1.0,0.0,0.0,UNOBSERVED_BODY_ENVELOPE,0.7110185571230425,0,2,0,0,24
53.6,-56.80193922883643,-10.452042164884023,1.5061634207784422,0.0,0.0,0.0,-1.0,0.0,0.0,UNOBSERVED_BODY_ENVELOPE,0.7110185571230425,0,2,0,0,24
53.61666666666667,-56.80193922883643,-10.452042164884023,1.5061634207784422,0.0,0.0,0.0,-1.0,0.0,0.0,UNOBSERVED_BODY_ENVELOPE,0.7110185571230425,0,2,0,0,24
53.63333333333333,-56.80193922883643,-10.452042164884023,1.5061634207784422,0.0,0.0,0.0,-1.0,0.0,0.0,UNOBSERVED_BODY_ENVELOPE,0.7110185571230425,0,2,0,0,24
53.65,-56.80193922883643,-10.452042164884023,1.5061634207784422,0.0,0.0,0.0,-1.0,0.0,0.0,UNOBSERVED_BODY_ENVELOPE,0.7110185571230425,0,2,0,0,24
53.666666666666664,-56.80193922883643,-10.452042164884023,1.5061634207784422,0.0,0.0,0.0,-1.0,0.0,0.0,UNOBSERVED_BODY_ENVELOPE,0.7110185571230425,0,2,0,0,24
53.68333333333333,-56.80193922883643,-10.452042164884023,1.5061634207784422,0.0,0.0,0.0,-1.0,0.0,0.0,UNOBSERVED_BODY_ENVELOPE,0.7110185571230425,0,2,0,0,24
53.7,-56.80193922883643,-10.452042164884023,1.5061634207784422,0.0,0.0,0.0,-1.0,0.0,0.0,UNOBSERVED_BODY_ENVELOPE,0.7110185571230425,0,2,0,0,24
53.71666666666667,-56.80193922883643,-10.452042164884023,1.5061634207784422,0.0,0.0,0.0,-1.0,0.0,0.0,UNOBSERVED_BODY_ENVELOPE,0.7110185571230425,0,2,0,0,24
53.733333333333334,-56.80193922883643,-10.452042164884023,1.5061634207784422,0.0,0.0,0.0,-1.0,0.0,0.0,UNOBSERVED_BODY_ENVELOPE,0.7110185571230425,0,2,0,0,24
53.75,-56.80193922883643,-10.452042164884023,1.5061634207784422,0.0,0.0,0.0,-1.0,0.0,0.0,UNOBSERVED_BODY_ENVELOPE,0.7110185571230425,0,2,0,0,24
53.766666666666666,-56.80193922883643,-10.452042164884023,1.5061634207784422,0.0,0.0,0.0,-1.0,0.0,0.0,UNOBSERVED_BODY_ENVELOPE,0.7110185571230425,0,2,0,0,24
53.78333333333333,-56.80193922883643,-10.452042164884023,1.5061634207784422,0.0,0.0,0.0,-1.0,0.0,0.0,UNOBSERVED_BODY_ENVELOPE,0.7110185571230425,0,2,0,0,24
53.8,-56.80193922883643,-10.452042164884023,1.5061634207784422,0.0,0.0,0.0,-1.0,0.0,0.0,UNOBSERVED_BODY_ENVELOPE,0.7110185571230425,0,2,0,0,24
53.81666666666667,-56.80193922883643,-10.452042164884023,1.5061634207784422,0.0,0.0,0.0,-1.0,0.0,0.0,UNOBSERVED_BODY_ENVELOPE,0.7110185571230425,0,2,0,0,24
53.833333333333336,-56.80193922883643,-10.452042164884023,1.5061634207784422,0.0,0.0,0.0,-1.0,0.0,0.0,UNOBSERVED_BODY_ENVELOPE,0.7110185571230425,0,2,0,0,24
53.85,-56.80193922883643,-10.452042164884023,1.5061634207784422,0.0,0.0,0.0,-1.0,0.0,0.0,UNOBSERVED_BODY_ENVELOPE,0.7110185571230425,0,2,0,0,24
53.86666666666667,-56.80193922883643,-10.452042164884023,1.5061634207784422,0.0,0.0,0.0,-1.0,0.0,0.0,UNOBSERVED_BODY_ENVELOPE,0.7110185571230425,0,2,0,0,24
53.88333333333333,-56.80193922883643,-10.452042164884023,1.5061634207784422,0.0,0.0,0.0,-1.0,0.0,0.0,UNOBSERVED_BODY_ENVELOPE,0.7110185571230425,0,2,0,0,24
53.9,-56.80193922883643,-10.452042164884023,1.5061634207784422,0.0,0.0,0.0,-1.0,0.0,0.0,UNOBSERVED_BODY_ENVELOPE,0.7110185571230425,0,2,0,0,24
53.916666666666664,-56.80193922883643,-10.452042164884023,1.5061634207784422,0.0,0.0,0.0,-1.0,0.0,0.0,UNOBSERVED_BODY_ENVELOPE,0.7110185571230425,0,2,0,0,24
53.93333333333333,-56.80193922883643,-10.452042164884023,1.5061634207784422,0.0,0.0,0.0,-1.0,0.0,0.0,UNOBSERVED_BODY_ENVELOPE,0.7110185571230425,0,2,0,0,24
53.95,-56.80193922883643,-10.452042164884023,1.5061634207784422,0.0,0.0,0.0,-1.0,0.0,0.0,UNOBSERVED_BODY_ENVELOPE,0.7110185571230425,0,2,0,0,24
53.96666666666667,-56.80193922883643,-10.452042164884023,1.5061634207784422,0.0,0.0,0.0,-1.0,0.0,0.0,UNOBSERVED_BODY_ENVELOPE,0.7110185571230425,0,2,0,0,24
53.983333333333334,-56.80193922883643,-10.452042164884023,1.5061634207784422,0.0,0.0,0.0,-1.0,0.0,0.0,UNOBSERVED_BODY_ENVELOPE,0.7110185571230425,0,2,0,0,24
54.0,-56.80193922883643,-10.452042164884023,1.5061634207784422,0.0,0.0,0.0,-1.0,0.0,0.0,UNOBSERVED_BODY_ENVELOPE,0.7110185571230425,0,2,0,0,24
54.016666666666666,-56.80193922883643,-10.452042164884023,1.5061634207784422,0.0,0.0,0.0,-1.0,0.0,0.0,UNOBSERVED_BODY_ENVELOPE,0.7110185571230425,0,2,0,0,24
54.03333333333333,-56.80193922883643,-10.452042164884023,1.5061634207784422,0.0,0.0,0.0,-1.0,0.0,0.0,UNOBSERVED_BODY_ENVELOPE,0.7110185571230425,0,2,0,0,24
54.05,-56.80193922883643,-10.452042164884023,1.5061634207784422,0.0,0.0,0.0,-1.0,0.0,0.0,UNOBSERVED_BODY_ENVELOPE,0.7110185571230425,0,2,0,0,24
54.06666666666667,-56.80193922883643,-10.452042164884023,1.5061634207784422,0.0,0.0,0.0,-1.0,0.0,0.0,UNOBSERVED_BODY_ENVELOPE,0.7110185571230425,0,2,0,0,24
54.083333333333336,-56.80193922883643,-10.452042164884023,1.5061634207784422,0.0,0.0,0.0,-1.0,0.0,0.0,UNOBSERVED_BODY_ENVELOPE,0.7110185571230425,0,2,0,0,24
54.1,-56.80193922883643,-10.452042164884023,1.5061634207784422,0.0,0.0,0.0,-1.0,0.0,0.0,UNOBSERVED_BODY_ENVELOPE,0.7110185571230425,0,2,0,0,24
54.11666666666667,-56.80193922883643,-10.452042164884023,1.5061634207784422,0.0,0.0,0.0,-1.0,0.0,0.0,UNOBSERVED_BODY_ENVELOPE,0.7110185571230425,0,2,0,0,24
54.13333333333333,-56.80193922883643,-10.452042164884023,1.5061634207784422,0.0,0.0,0.0,-1.0,0.0,0.0,UNOBSERVED_BODY_ENVELOPE,0.7110185571230425,0,2,0,0,24
54.15,-56.80193922883643,-10.452042164884023,1.5061634207784422,0.0,0.0,0.0,-1.0,0.0,0.0,UNOBSERVED_BODY_ENVELOPE,0.7110185571230425,0,2,0,0,24
54.166666666666664,-56.80193922883643,-10.452042164884023,1.5061634207784422,0.0,0.0,0.0,-1.0,0.0,0.0,UNOBSERVED_BODY_ENVELOPE,0.7110185571230425,0,2,0,0,24
54.18333333333333,-56.80193922883643,-10.452042164884023,1.5061634207784422,0.0,0.0,0.0,-1.0,0.0,0.0,UNOBSERVED_BODY_ENVELOPE,0.7110185571230425,0,2,0,0,24
54.2,-56.80193922883643,-10.452042164884023,1.5061634207784422,0.0,0.0,0.0,-1.0,0.0,0.0,UNOBSERVED_BODY_ENVELOPE,0.7110185571230425,0,2,0,0,24
54.21666666666667,-56.80193922883643,-10.452042164884023,1.5061634207784422,0.0,0.0,0.0,-1.0,0.0,0.0,UNOBSERVED_BODY_ENVELOPE,0.7110185571230425,0,2,0,0,24
54.233333333333334,-56.80193922883643,-10.452042164884023,1.5061634207784422,0.0,0.0,0.0,-1.0,0.0,0.0,UNOBSERVED_BODY_ENVELOPE,0.7110185571230425,0,2,0,0,24
54.25,-56.80193922883643,-10.452042164884023,1.5061634207784422,0.0,0.0,0.0,-1.0,0.0,0.0,UNOBSERVED_BODY_ENVELOPE,0.7110185571230425,0,2,0,0,24
54.266666666666666,-56.80193922883643,-10.452042164884023,1.5061634207784422,0.0,0.0,0.0,-1.0,0.0,0.0,UNOBSERVED_BODY_ENVELOPE,0.7110185571230425,0,2,0,0,24
54.28333333333333,-56.80193922883643,-10.452042164884023,1.5061634207784422,0.0,0.0,0.0,-1.0,0.0,0.0,UNOBSERVED_BODY_ENVELOPE,0.7110185571230425,0,2,0,0,24
54.3,-56.80193922883643,-10.452042164884023,1.5061634207784422,0.0,0.0,0.0,-1.0,0.0,0.0,UNOBSERVED_BODY_ENVELOPE,0.7110185571230425,0,2,0,0,24
54.31666666666667,-56.80193922883643,-10.452042164884023,1.5061634207784422,0.0,0.0,0.0,-1.0,0.0,0.0,UNOBSERVED_BODY_ENVELOPE,0.7110185571230425,0,2,0,0,24
54.333333333333336,-56.80193922883643,-10.452042164884023,1.5061634207784422,0.0,0.0,0.0,-1.0,0.0,0.0,UNOBSERVED_BODY_ENVELOPE,0.7110185571230425,0,2,0,0,24
54.35,-56.80193922883643,-10.452042164884023,1.5061634207784422,0.0,0.0,0.0,-1.0,0.0,0.0,UNOBSERVED_BODY_ENVELOPE,0.7110185571230425,0,2,0,0,24
54.36666666666667,-56.80193922883643,-10.452042164884023,1.5061634207784422,0.0,0.0,0.0,-1.0,0.0,0.0,UNOBSERVED_BODY_ENVELOPE,0.7110185571230425,0,2,0,0,24
54.38333333333333,-56.80193922883643,-10.452042164884023,1.5061634207784422,0.0,0.0,0.0,-1.0,0.0,0.0,UNOBSERVED_BODY_ENVELOPE,0.7110185571230425,0,2,0,0,24
54.4,-56.80193922883643,-10.452042164884023,1.5061634207784422,0.0,0.0,0.0,-1.0,0.0,0.0,UNOBSERVED_BODY_ENVELOPE,0.7110185571230425,0,2,0,0,24
54.416666666666664,-56.80193922883643,-10.452042164884023,1.5061634207784422,0.0,0.0,0.0,-1.0,0.0,0.0,UNOBSERVED_BODY_ENVELOPE,0.7110185571230425,0,2,0,0,24
54.43333333333333,-56.80193922883643,-10.452042164884023,1.5061634207784422,0.0,0.0,0.0,-1.0,0.0,0.0,UNOBSERVED_BODY_ENVELOPE,0.7110185571230425,0,2,0,0,24
54.45,-56.80193922883643,-10.452042164884023,1.5061634207784422,0.0,0.0,0.0,-1.0,0.0,0.0,UNOBSERVED_BODY_ENVELOPE,0.7110185571230425,0,2,0,0,24
54.46666666666667,-56.80193922883643,-10.452042164884023,1.5061634207784422,0.0,0.0,0.0,-1.0,0.0,0.0,UNOBSERVED_BODY_ENVELOPE,0.7110185571230425,0,2,0,0,24
54.483333333333334,-56.80193922883643,-10.452042164884023,1.5061634207784422,0.0,0.0,0.0,-1.0,0.0,0.0,UNOBSERVED_BODY_ENVELOPE,0.7110185571230425,0,2,0,0,24
54.5,-56.80193922883643,-10.452042164884023,1.5061634207784422,0.0,0.0,0.0,-1.0,0.0,0.0,UNOBSERVED_BODY_ENVELOPE,0.7110185571230425,0,2,0,0,24
54.516666666666666,-56.80193922883643,-10.452042164884023,1.5061634207784422,0.0,0.0,0.0,-1.0,0.0,0.0,UNOBSERVED_BODY_ENVELOPE,0.7110185571230425,0,2,0,0,24
54.53333333333333,-56.80193922883643,-10.452042164884023,1.5061634207784422,0.0,0.0,0.0,-1.0,0.0,0.0,UNOBSERVED_BODY_ENVELOPE,0.7110185571230425,0,2,0,0,24
54.55,-56.80193922883643,-10.452042164884023,1.5061634207784422,0.0,0.0,0.0,-1.0,0.0,0.0,UNOBSERVED_BODY_ENVELOPE,0.7110185571230425,0,2,0,0,24
54.56666666666667,-56.80193922883643,-10.452042164884023,1.5061634207784422,0.0,0.0,0.0,-1.0,0.0,0.0,UNOBSERVED_BODY_ENVELOPE,0.7110185571230425,0,2,0,0,24
54.583333333333336,-56.80193922883643,-10.452042164884023,1.5061634207784422,0.0,0.0,0.0,-1.0,0.0,0.0,UNOBSERVED_BODY_ENVELOPE,0.7110185571230425,0,2,0,0,24
54.6,-56.80193922883643,-10.452042164884023,1.5061634207784422,0.0,0.0,0.0,-1.0,0.0,0.0,UNOBSERVED_BODY_ENVELOPE,0.7110185571230425,0,2,0,0,24
54.61666666666667,-56.80193922883643,-10.452042164884023,1.5061634207784422,0.0,0.0,0.0,-1.0,0.0,0.0,UNOBSERVED_BODY_ENVELOPE,0.7110185571230425,0,2,0,0,24
54.63333333333333,-56.80193922883643,-10.452042164884023,1.5061634207784422,0.0,0.0,0.0,-1.0,0.0,0.0,UNOBSERVED_BODY_ENVELOPE,0.7110185571230425,0,2,0,0,24
54.65,-56.80193922883643,-10.452042164884023,1.5061634207784422,0.0,0.0,0.0,-1.0,0.0,0.0,UNOBSERVED_BODY_ENVELOPE,0.7110185571230425,0,2,0,0,24
54.666666666666664,-56.80193922883643,-10.452042164884023,1.5061634207784422,0.0,0.0,0.0,-1.0,0.0,0.0,UNOBSERVED_BODY_ENVELOPE,0.7110185571230425,0,2,0,0,24
54.68333333333333,-56.80193922883643,-10.452042164884023,1.5061634207784422,0.0,0.0,0.0,-1.0,0.0,0.0,UNOBSERVED_BODY_ENVELOPE,0.7110185571230425,0,2,0,0,24
54.7,-56.80193922883643,-10.452042164884023,1.5061634207784422,0.0,0.0,0.0,-1.0,0.0,0.0,UNOBSERVED_BODY_ENVELOPE,0.7110185571230425,0,2,0,0,24
54.71666666666667,-56.80193922883643,-10.452042164884023,1.5061634207784422,0.0,0.0,0.0,-1.0,0.0,0.0,UNOBSERVED_BODY_ENVELOPE,0.7110185571230425,0,2,0,0,24
54.733333333333334,-56.80193922883643,-10.452042164884023,1.5061634207784422,0.0,0.0,0.0,-1.0,0.0,0.0,UNOBSERVED_BODY_ENVELOPE,0.7110185571230425,0,2,0,0,24
54.75,-56.80193922883643,-10.452042164884023,1.5061634207784422,0.0,0.0,0.0,-1.0,0.0,0.0,UNOBSERVED_BODY_ENVELOPE,0.7110185571230425,0,2,0,0,24
54.766666666666666,-56.80193922883643,-10.452042164884023,1.5061634207784422,0.0,0.0,0.0,-1.0,0.0,0.0,UNOBSERVED_BODY_ENVELOPE,0.7110185571230425,0,2,0,0,24
54.78333333333333,-56.80193922883643,-10.452042164884023,1.5061634207784422,0.0,0.0,0.0,-1.0,0.0,0.0,UNOBSERVED_BODY_ENVELOPE,0.7110185571230425,0,2,0,0,24
54.8,-56.80193922883643,-10.452042164884023,1.5061634207784422,0.0,0.0,0.0,-1.0,0.0,0.0,UNOBSERVED_BODY_ENVELOPE,0.7110185571230425,0,2,0,0,24
54.81666666666667,-56.80193922883643,-10.452042164884023,1.5061634207784422,0.0,0.0,0.0,-1.0,0.0,0.0,UNOBSERVED_BODY_ENVELOPE,0.7110185571230425,0,2,0,0,24
54.833333333333336,-56.80193922883643,-10.452042164884023,1.5061634207784422,0.0,0.0,0.0,-1.0,0.0,0.0,UNOBSERVED_BODY_ENVELOPE,0.7110185571230425,0,2,0,0,24
54.85,-56.80193922883643,-10.452042164884023,1.5061634207784422,0.0,0.0,0.0,-1.0,0.0,0.0,UNOBSERVED_BODY_ENVELOPE,0.7110185571230425,0,2,0,0,24
54.86666666666667,-56.80193922883643,-10.452042164884023,1.5061634207784422,0.0,0.0,0.0,-1.0,0.0,0.0,UNOBSERVED_BODY_ENVELOPE,0.7110185571230425,0,2,0,0,24
54.88333333333333,-56.80193922883643,-10.452042164884023,1.5061634207784422,0.0,0.0,0.0,-1.0,0.0,0.0,UNOBSERVED_BODY_ENVELOPE,0.7110185571230425,0,2,0,0,24
54.9,-56.80193922883643,-10.452042164884023,1.5061634207784422,0.0,0.0,0.0,-1.0,0.0,0.0,UNOBSERVED_BODY_ENVELOPE,0.7110185571230425,0,2,0,0,24
54.916666666666664,-56.80193922883643,-10.452042164884023,1.5061634207784422,0.0,0.0,0.0,-1.0,0.0,0.0,UNOBSERVED_BODY_ENVELOPE,0.7110185571230425,0,2,0,0,24
54.93333333333333,-56.80193922883643,-10.452042164884023,1.5061634207784422,0.0,0.0,0.0,-1.0,0.0,0.0,UNOBSERVED_BODY_ENVELOPE,0.7110185571230425,0,2,0,0,24
54.95,-56.80193922883643,-10.452042164884023,1.5061634207784422,0.0,0.0,0.0,-1.0,0.0,0.0,UNOBSERVED_BODY_ENVELOPE,0.7110185571230425,0,2,0,0,24
54.96666666666667,-56.80193922883643,-10.452042164884023,1.5061634207784422,0.0,0.0,0.0,-1.0,0.0,0.0,UNOBSERVED_BODY_ENVELOPE,0.7110185571230425,0,2,0,0,24
54.983333333333334,-56.80193922883643,-10.452042164884023,1.5061634207784422,0.0,0.0,0.0,-1.0,0.0,0.0,UNOBSERVED_BODY_ENVELOPE,0.7110185571230425,0,2,0,0,24
55.0,-56.80193922883643,-10.452042164884023,1.5061634207784422,0.0,0.0,0.0,-1.0,0.0,0.0,UNOBSERVED_BODY_ENVELOPE,0.7110185571230425,0,2,0,0,24
55.016666666666666,-56.80193922883643,-10.452042164884023,1.5061634207784422,0.0,0.0,0.0,-1.0,0.0,0.0,UNOBSERVED_BODY_ENVELOPE,0.7110185571230425,0,2,0,0,24
55.03333333333333,-56.80193922883643,-10.452042164884023,1.5061634207784422,0.0,0.0,0.0,-1.0,0.0,0.0,UNOBSERVED_BODY_ENVELOPE,0.7110185571230425,0,2,0,0,24
55.05,-56.80193922883643,-10.452042164884023,1.5061634207784422,0.0,0.0,0.0,-1.0,0.0,0.0,UNOBSERVED_BODY_ENVELOPE,0.7110185571230425,0,2,0,0,24
55.06666666666667,-56.80193922883643,-10.452042164884023,1.5061634207784422,0.0,0.0,0.0,-1.0,0.0,0.0,UNOBSERVED_BODY_ENVELOPE,0.7110185571230425,0,2,0,0,24
55.083333333333336,-56.80193922883643,-10.452042164884023,1.5061634207784422,0.0,0.0,0.0,-1.0,0.0,0.0,UNOBSERVED_BODY_ENVELOPE,0.7110185571230425,0,2,0,0,24
55.1,-56.80193922883643,-10.452042164884023,1.5061634207784422,0.0,0.0,0.0,-1.0,0.0,0.0,UNOBSERVED_BODY_ENVELOPE,0.7110185571230425,0,2,0,0,24
55.11666666666667,-56.80193922883643,-10.452042164884023,1.5061634207784422,0.0,0.0,0.0,-1.0,0.0,0.0,UNOBSERVED_BODY_ENVELOPE,0.7110185571230425,0,2,0,0,24
55.13333333333333,-56.80193922883643,-10.452042164884023,1.5061634207784422,0.0,0.0,0.0,-1.0,0.0,0.0,UNOBSERVED_BODY_ENVELOPE,0.7110185571230425,0,2,0,0,24
55.15,-56.80193922883643,-10.452042164884023,1.5061634207784422,0.0,0.0,0.0,-1.0,0.0,0.0,UNOBSERVED_BODY_ENVELOPE,0.7110185571230425,0,2,0,0,24
55.166666666666664,-56.80193922883643,-10.452042164884023,1.5061634207784422,0.0,0.0,0.0,-1.0,0.0,0.0,UNOBSERVED_BODY_ENVELOPE,0.7110185571230425,0,2,0,0,24
55.18333333333333,-56.80193922883643,-10.452042164884023,1.5061634207784422,0.0,0.0,0.0,-1.0,0.0,0.0,UNOBSERVED_BODY_ENVELOPE,0.7110185571230425,0,2,0,0,24
55.2,-56.80193922883643,-10.452042164884023,1.5061634207784422,0.0,0.0,0.0,-1.0,0.0,0.0,UNOBSERVED_BODY_ENVELOPE,0.7110185571230425,0,2,0,0,24
55.21666666666667,-56.80193922883643,-10.452042164884023,1.5061634207784422,0.0,0.0,0.0,-1.0,0.0,0.0,UNOBSERVED_BODY_ENVELOPE,0.7110185571230425,0,2,0,0,24
55.233333333333334,-56.80193922883643,-10.452042164884023,1.5061634207784422,0.0,0.0,0.0,-1.0,0.0,0.0,UNOBSERVED_BODY_ENVELOPE,0.7110185571230425,0,2,0,0,24
55.25,-56.80193922883643,-10.452042164884023,1.5061634207784422,0.0,0.0,0.0,-1.0,0.0,0.0,UNOBSERVED_BODY_ENVELOPE,0.7110185571230425,0,2,0,0,24
55.266666666666666,-56.80193922883643,-10.452042164884023,1.5061634207784422,0.0,0.0,0.0,-1.0,0.0,0.0,UNOBSERVED_BODY_ENVELOPE,0.7110185571230425,0,2,0,0,24
55.28333333333333,-56.80193922883643,-10.452042164884023,1.5061634207784422,0.0,0.0,0.0,-1.0,0.0,0.0,UNOBSERVED_BODY_ENVELOPE,0.7110185571230425,0,2,0,0,24
55.3,-56.80193922883643,-10.452042164884023,1.5061634207784422,0.0,0.0,0.0,-1.0,0.0,0.0,UNOBSERVED_BODY_ENVELOPE,0.7110185571230425,0,2,0,0,24
55.31666666666667,-56.80193922883643,-10.452042164884023,1.5061634207784422,0.0,0.0,0.0,-1.0,0.0,0.0,UNOBSERVED_BODY_ENVELOPE,0.7110185571230425,0,2,0,0,24
55.333333333333336,-56.80193922883643,-10.452042164884023,1.5061634207784422,0.0,0.0,0.0,-1.0,0.0,0.0,UNOBSERVED_BODY_ENVELOPE,0.7110185571230425,0,2,0,0,24
55.35,-56.80193922883643,-10.452042164884023,1.5061634207784422,0.0,0.0,0.0,-1.0,0.0,0.0,UNOBSERVED_BODY_ENVELOPE,0.7110185571230425,0,2,0,0,24
55.36666666666667,-56.80193922883643,-10.452042164884023,1.5061634207784422,0.0,0.0,0.0,-1.0,0.0,0.0,UNOBSERVED_BODY_ENVELOPE,0.7110185571230425,0,2,0,0,24
55.38333333333333,-56.80193922883643,-10.452042164884023,1.5061634207784422,0.0,0.0,0.0,-1.0,0.0,0.0,UNOBSERVED_BODY_ENVELOPE,0.7110185571230425,0,2,0,0,24
55.4,-56.80193922883643,-10.452042164884023,1.5061634207784422,0.0,0.0,0.0,-1.0,0.0,0.0,UNOBSERVED_BODY_ENVELOPE,0.7110185571230425,0,2,0,0,24
55.416666666666664,-56.80193922883643,-10.452042164884023,1.5061634207784422,0.0,0.0,0.0,-1.0,0.0,0.0,UNOBSERVED_BODY_ENVELOPE,0.7110185571230425,0,2,0,0,24
55.43333333333333,-56.80193922883643,-10.452042164884023,1.5061634207784422,0.0,0.0,0.0,-1.0,0.0,0.0,UNOBSERVED_BODY_ENVELOPE,0.7110185571230425,0,2,0,0,24
55.45,-56.80193922883643,-10.452042164884023,1.5061634207784422,0.0,0.0,0.0,-1.0,0.0,0.0,UNOBSERVED_BODY_ENVELOPE,0.7110185571230425,0,2,0,0,24
55.46666666666667,-56.80193922883643,-10.452042164884023,1.5061634207784422,0.0,0.0,0.0,-1.0,0.0,0.0,UNOBSERVED_BODY_ENVELOPE,0.7110185571230425,0,2,0,0,24
55.483333333333334,-56.80193922883643,-10.452042164884023,1.5061634207784422,0.0,0.0,0.0,-1.0,0.0,0.0,UNOBSERVED_BODY_ENVELOPE,0.7110185571230425,0,2,0,0,24
55.5,-56.80193922883643,-10.452042164884023,1.5061634207784422,0.0,0.0,0.0,-1.0,0.0,0.0,UNOBSERVED_BODY_ENVELOPE,0.7110185571230425,0,2,0,0,24
55.516666666666666,-56.80193922883643,-10.452042164884023,1.5061634207784422,0.0,0.0,0.0,-1.0,0.0,0.0,UNOBSERVED_BODY_ENVELOPE,0.7110185571230425,0,2,0,0,24
55.53333333333333,-56.80193922883643,-10.452042164884023,1.5061634207784422,0.0,0.0,0.0,-1.0,0.0,0.0,UNOBSERVED_BODY_ENVELOPE,0.7110185571230425,0,2,0,0,24
55.55,-56.80193922883643,-10.452042164884023,1.5061634207784422,0.0,0.0,0.0,-1.0,0.0,0.0,UNOBSERVED_BODY_ENVELOPE,0.7110185571230425,0,2,0,0,24
55.56666666666667,-56.80193922883643,-10.452042164884023,1.5061634207784422,0.0,0.0,0.0,-1.0,0.0,0.0,UNOBSERVED_BODY_ENVELOPE,0.7110185571230425,0,2,0,0,24
55.583333333333336,-56.80193922883643,-10.452042164884023,1.5061634207784422,0.0,0.0,0.0,-1.0,0.0,0.0,UNOBSERVED_BODY_ENVELOPE,0.7110185571230425,0,2,0,0,24
55.6,-56.80193922883643,-10.452042164884023,1.5061634207784422,0.0,0.0,0.0,-1.0,0.0,0.0,UNOBSERVED_BODY_ENVELOPE,0.7110185571230425,0,2,0,0,24
55.61666666666667,-56.80193922883643,-10.452042164884023,1.5061634207784422,0.0,0.0,0.0,-1.0,0.0,0.0,UNOBSERVED_BODY_ENVELOPE,0.7110185571230425,0,2,0,0,24
55.63333333333333,-56.80193922883643,-10.452042164884023,1.5061634207784422,0.0,0.0,0.0,-1.0,0.0,0.0,UNOBSERVED_BODY_ENVELOPE,0.7110185571230425,0,2,0,0,24
55.65,-56.80193922883643,-10.452042164884023,1.5061634207784422,0.0,0.0,0.0,-1.0,0.0,0.0,UNOBSERVED_BODY_ENVELOPE,0.7110185571230425,0,2,0,0,24
55.666666666666664,-56.80193922883643,-10.452042164884023,1.5061634207784422,0.0,0.0,0.0,-1.0,0.0,0.0,UNOBSERVED_BODY_ENVELOPE,0.7110185571230425,0,2,0,0,24
55.68333333333333,-56.80193922883643,-10.452042164884023,1.5061634207784422,0.0,0.0,0.0,-1.0,0.0,0.0,UNOBSERVED_BODY_ENVELOPE,0.7110185571230425,0,2,0,0,24
55.7,-56.80193922883643,-10.452042164884023,1.5061634207784422,0.0,0.0,0.0,-1.0,0.0,0.0,UNOBSERVED_BODY_ENVELOPE,0.7110185571230425,0,2,0,0,24
55.71666666666667,-56.80193922883643,-10.452042164884023,1.5061634207784422,0.0,0.0,0.0,-1.0,0.0,0.0,UNOBSERVED_BODY_ENVELOPE,0.7110185571230425,0,2,0,0,24
55.733333333333334,-56.80193922883643,-10.452042164884023,1.5061634207784422,0.0,0.0,0.0,-1.0,0.0,0.0,UNOBSERVED_BODY_ENVELOPE,0.7110185571230425,0,2,0,0,24
55.75,-56.80193922883643,-10.452042164884023,1.5061634207784422,0.0,0.0,0.0,-1.0,0.0,0.0,UNOBSERVED_BODY_ENVELOPE,0.7110185571230425,0,2,0,0,24
55.766666666666666,-56.80193922883643,-10.452042164884023,1.5061634207784422,0.0,0.0,0.0,-1.0,0.0,0.0,UNOBSERVED_BODY_ENVELOPE,0.7110185571230425,0,2,0,0,24
55.78333333333333,-56.80193922883643,-10.452042164884023,1.5061634207784422,0.0,0.0,0.0,-1.0,0.0,0.0,UNOBSERVED_BODY_ENVELOPE,0.7110185571230425,0,2,0,0,24
55.8,-56.80193922883643,-10.452042164884023,1.5061634207784422,0.0,0.0,0.0,-1.0,0.0,0.0,UNOBSERVED_BODY_ENVELOPE,0.7110185571230425,0,2,0,0,24
55.81666666666667,-56.80193922883643,-10.452042164884023,1.5061634207784422,0.0,0.0,0.0,-1.0,0.0,0.0,UNOBSERVED_BODY_ENVELOPE,0.7110185571230425,0,2,0,0,24
55.833333333333336,-56.80193922883643,-10.452042164884023,1.5061634207784422,0.0,0.0,0.0,-1.0,0.0,0.0,UNOBSERVED_BODY_ENVELOPE,0.7110185571230425,0,2,0,0,24
55.85,-56.80193922883643,-10.452042164884023,1.5061634207784422,0.0,0.0,0.0,-1.0,0.0,0.0,UNOBSERVED_BODY_ENVELOPE,0.7110185571230425,0,2,0,0,24
55.86666666666667,-56.80193922883643,-10.452042164884023,1.5061634207784422,0.0,0.0,0.0,-1.0,0.0,0.0,UNOBSERVED_BODY_ENVELOPE,0.7110185571230425,0,2,0,0,24
55.88333333333333,-56.80193922883643,-10.452042164884023,1.5061634207784422,0.0,0.0,0.0,-1.0,0.0,0.0,UNOBSERVED_BODY_ENVELOPE,0.7110185571230425,0,2,0,0,24
55.9,-56.80193922883643,-10.452042164884023,1.5061634207784422,0.0,0.0,0.0,-1.0,0.0,0.0,UNOBSERVED_BODY_ENVELOPE,0.7110185571230425,0,2,0,0,24
55.916666666666664,-56.80193922883643,-10.452042164884023,1.5061634207784422,0.0,0.0,0.0,-1.0,0.0,0.0,UNOBSERVED_BODY_ENVELOPE,0.7110185571230425,0,2,0,0,24
55.93333333333333,-56.80193922883643,-10.452042164884023,1.5061634207784422,0.0,0.0,0.0,-1.0,0.0,0.0,UNOBSERVED_BODY_ENVELOPE,0.7110185571230425,0,2,0,0,24
55.95,-56.80193922883643,-10.452042164884023,1.5061634207784422,0.0,0.0,0.0,-1.0,0.0,0.0,UNOBSERVED_BODY_ENVELOPE,0.7110185571230425,0,2,0,0,24
55.96666666666667,-56.80193922883643,-10.452042164884023,1.5061634207784422,0.0,0.0,0.0,-1.0,0.0,0.0,UNOBSERVED_BODY_ENVELOPE,0.7110185571230425,0,2,0,0,24
55.983333333333334,-56.80193922883643,-10.452042164884023,1.5061634207784422,0.0,0.0,0.0,-1.0,0.0,0.0,UNOBSERVED_BODY_ENVELOPE,0.7110185571230425,0,2,0,0,24
56.0,-56.80193922883643,-10.452042164884023,1.5061634207784422,0.0,0.0,0.0,-1.0,0.0,0.0,UNOBSERVED_BODY_ENVELOPE,0.7110185571230425,0,2,0,0,24
56.016666666666666,-56.80193922883643,-10.452042164884023,1.5061634207784422,0.0,0.0,0.0,-1.0,0.0,0.0,UNOBSERVED_BODY_ENVELOPE,0.7110185571230425,0,2,0,0,24
56.03333333333333,-56.80193922883643,-10.452042164884023,1.5061634207784422,0.0,0.0,0.0,-1.0,0.0,0.0,UNOBSERVED_BODY_ENVELOPE,0.7110185571230425,0,2,0,0,24
56.05,-56.80193922883643,-10.452042164884023,1.5061634207784422,0.0,0.0,0.0,-1.0,0.0,0.0,UNOBSERVED_BODY_ENVELOPE,0.7110185571230425,0,2,0,0,24
56.06666666666667,-56.80193922883643,-10.452042164884023,1.5061634207784422,0.0,0.0,0.0,-1.0,0.0,0.0,UNOBSERVED_BODY_ENVELOPE,0.7110185571230425,0,2,0,0,24
56.083333333333336,-56.80193922883643,-10.452042164884023,1.5061634207784422,0.0,0.0,0.0,-1.0,0.0,0.0,UNOBSERVED_BODY_ENVELOPE,0.7110185571230425,0,2,0,0,24
56.1,-56.80193922883643,-10.452042164884023,1.5061634207784422,0.0,0.0,0.0,-1.0,0.0,0.0,UNOBSERVED_BODY_ENVELOPE,0.7110185571230425,0,2,0,0,24
56.11666666666667,-56.80193922883643,-10.452042164884023,1.5061634207784422,0.0,0.0,0.0,-1.0,0.0,0.0,UNOBSERVED_BODY_ENVELOPE,0.7110185571230425,0,2,0,0,24
56.13333333333333,-56.80193922883643,-10.452042164884023,1.5061634207784422,0.0,0.0,0.0,-1.0,0.0,0.0,UNOBSERVED_BODY_ENVELOPE,0.7110185571230425,0,2,0,0,24
56.15,-56.80193922883643,-10.452042164884023,1.5061634207784422,0.0,0.0,0.0,-1.0,0.0,0.0,UNOBSERVED_BODY_ENVELOPE,0.7110185571230425,0,2,0,0,24
56.166666666666664,-56.80193922883643,-10.452042164884023,1.5061634207784422,0.0,0.0,0.0,-1.0,0.0,0.0,UNOBSERVED_BODY_ENVELOPE,0.7110185571230425,0,2,0,0,24
56.18333333333333,-56.80193922883643,-10.452042164884023,1.5061634207784422,0.0,0.0,0.0,-1.0,0.0,0.0,UNOBSERVED_BODY_ENVELOPE,0.7110185571230425,0,2,0,0,24
56.2,-56.80193922883643,-10.452042164884023,1.5061634207784422,0.0,0.0,0.0,-1.0,0.0,0.0,UNOBSERVED_BODY_ENVELOPE,0.7110185571230425,0,2,0,0,24
56.21666666666667,-56.80193922883643,-10.452042164884023,1.5061634207784422,0.0,0.0,0.0,-1.0,0.0,0.0,UNOBSERVED_BODY_ENVELOPE,0.7110185571230425,0,2,0,0,24
56.233333333333334,-56.80193922883643,-10.452042164884023,1.5061634207784422,0.0,0.0,0.0,-1.0,0.0,0.0,UNOBSERVED_BODY_ENVELOPE,0.7110185571230425,0,2,0,0,24
56.25,-56.80193922883643,-10.452042164884023,1.5061634207784422,0.0,0.0,0.0,-1.0,0.0,0.0,UNOBSERVED_BODY_ENVELOPE,0.7110185571230425,0,2,0,0,24
56.266666666666666,-56.80193922883643,-10.452042164884023,1.5061634207784422,0.0,0.0,0.0,-1.0,0.0,0.0,UNOBSERVED_BODY_ENVELOPE,0.7110185571230425,0,2,0,0,24
56.28333333333333,-56.80193922883643,-10.452042164884023,1.5061634207784422,0.0,0.0,0.0,-1.0,0.0,0.0,UNOBSERVED_BODY_ENVELOPE,0.7110185571230425,0,2,0,0,24
56.3,-56.80193922883643,-10.452042164884023,1.5061634207784422,0.0,0.0,0.0,-1.0,0.0,0.0,UNOBSERVED_BODY_ENVELOPE,0.7110185571230425,0,2,0,0,24
56.31666666666667,-56.80193922883643,-10.452042164884023,1.5061634207784422,0.0,0.0,0.0,-1.0,0.0,0.0,UNOBSERVED_BODY_ENVELOPE,0.7110185571230425,0,2,0,0,24
56.333333333333336,-56.80193922883643,-10.452042164884023,1.5061634207784422,0.0,0.0,0.0,-1.0,0.0,0.0,UNOBSERVED_BODY_ENVELOPE,0.7110185571230425,0,2,0,0,24
56.35,-56.80193922883643,-10.452042164884023,1.5061634207784422,0.0,0.0,0.0,-1.0,0.0,0.0,UNOBSERVED_BODY_ENVELOPE,0.7110185571230425,0,2,0,0,24
56.36666666666667,-56.80193922883643,-10.452042164884023,1.5061634207784422,0.0,0.0,0.0,-1.0,0.0,0.0,UNOBSERVED_BODY_ENVELOPE,0.7110185571230425,0,2,0,0,24
56.38333333333333,-56.80193922883643,-10.452042164884023,1.5061634207784422,0.0,0.0,0.0,-1.0,0.0,0.0,UNOBSERVED_BODY_ENVELOPE,0.7110185571230425,0,2,0,0,24
56.4,-56.80193922883643,-10.452042164884023,1.5061634207784422,0.0,0.0,0.0,-1.0,0.0,0.0,UNOBSERVED_BODY_ENVELOPE,0.7110185571230425,0,2,0,0,24
56.416666666666664,-56.80193922883643,-10.452042164884023,1.5061634207784422,0.0,0.0,0.0,-1.0,0.0,0.0,UNOBSERVED_BODY_ENVELOPE,0.7110185571230425,0,2,0,0,24
56.43333333333333,-56.80193922883643,-10.452042164884023,1.5061634207784422,0.0,0.0,0.0,-1.0,0.0,0.0,UNOBSERVED_BODY_ENVELOPE,0.7110185571230425,0,2,0,0,24
56.45,-56.80193922883643,-10.452042164884023,1.5061634207784422,0.0,0.0,0.0,-1.0,0.0,0.0,UNOBSERVED_BODY_ENVELOPE,0.7110185571230425,0,2,0,0,24
56.46666666666667,-56.80193922883643,-10.452042164884023,1.5061634207784422,0.0,0.0,0.0,-1.0,0.0,0.0,UNOBSERVED_BODY_ENVELOPE,0.7110185571230425,0,2,0,0,24
56.483333333333334,-56.80193922883643,-10.452042164884023,1.5061634207784422,0.0,0.0,0.0,-1.0,0.0,0.0,UNOBSERVED_BODY_ENVELOPE,0.7110185571230425,0,2,0,0,24
56.5,-56.80193922883643,-10.452042164884023,1.5061634207784422,0.0,0.0,0.0,-1.0,0.0,0.0,UNOBSERVED_BODY_ENVELOPE,0.7110185571230425,0,2,0,0,24
56.516666666666666,-56.80193922883643,-10.452042164884023,1.5061634207784422,0.0,0.0,0.0,-1.0,0.0,0.0,UNOBSERVED_BODY_ENVELOPE,0.7110185571230425,0,2,0,0,24
56.53333333333333,-56.80193922883643,-10.452042164884023,1.5061634207784422,0.0,0.0,0.0,-1.0,0.0,0.0,UNOBSERVED_BODY_ENVELOPE,0.7110185571230425,0,2,0,0,24
56.55,-56.80193922883643,-10.452042164884023,1.5061634207784422,0.0,0.0,0.0,-1.0,0.0,0.0,UNOBSERVED_BODY_ENVELOPE,0.7110185571230425,0,2,0,0,24
56.56666666666667,-56.80193922883643,-10.452042164884023,1.5061634207784422,0.0,0.0,0.0,-1.0,0.0,0.0,UNOBSERVED_BODY_ENVELOPE,0.7110185571230425,0,2,0,0,24
56.583333333333336,-56.80193922883643,-10.452042164884023,1.5061634207784422,0.0,0.0,0.0,-1.0,0.0,0.0,UNOBSERVED_BODY_ENVELOPE,0.7110185571230425,0,2,0,0,24
56.6,-56.80193922883643,-10.452042164884023,1.5061634207784422,0.0,0.0,0.0,-1.0,0.0,0.0,UNOBSERVED_BODY_ENVELOPE,0.7110185571230425,0,2,0,0,24
56.61666666666667,-56.80193922883643,-10.452042164884023,1.5061634207784422,0.0,0.0,0.0,-1.0,0.0,0.0,UNOBSERVED_BODY_ENVELOPE,0.7110185571230425,0,2,0,0,24
56.63333333333333,-56.80193922883643,-10.452042164884023,1.5061634207784422,0.0,0.0,0.0,-1.0,0.0,0.0,UNOBSERVED_BODY_ENVELOPE,0.7110185571230425,0,2,0,0,24
56.65,-56.80193922883643,-10.452042164884023,1.5061634207784422,0.0,0.0,0.0,-1.0,0.0,0.0,UNOBSERVED_BODY_ENVELOPE,0.7110185571230425,0,2,0,0,24
56.666666666666664,-56.80193922883643,-10.452042164884023,1.5061634207784422,0.0,0.0,0.0,-1.0,0.0,0.0,UNOBSERVED_BODY_ENVELOPE,0.7110185571230425,0,2,0,0,24
56.68333333333333,-56.80193922883643,-10.452042164884023,1.5061634207784422,0.0,0.0,0.0,-1.0,0.0,0.0,UNOBSERVED_BODY_ENVELOPE,0.7110185571230425,0,2,0,0,24
56.7,-56.80193922883643,-10.452042164884023,1.5061634207784422,0.0,0.0,0.0,-1.0,0.0,0.0,UNOBSERVED_BODY_ENVELOPE,0.7110185571230425,0,2,0,0,24
56.71666666666667,-56.80193922883643,-10.452042164884023,1.5061634207784422,0.0,0.0,0.0,-1.0,0.0,0.0,UNOBSERVED_BODY_ENVELOPE,0.7110185571230425,0,2,0,0,24
56.733333333333334,-56.80193922883643,-10.452042164884023,1.5061634207784422,0.0,0.0,0.0,-1.0,0.0,0.0,UNOBSERVED_BODY_ENVELOPE,0.7110185571230425,0,2,0,0,24
56.75,-56.80193922883643,-10.452042164884023,1.5061634207784422,0.0,0.0,0.0,-1.0,0.0,0.0,UNOBSERVED_BODY_ENVELOPE,0.7110185571230425,0,2,0,0,24
56.766666666666666,-56.80193922883643,-10.452042164884023,1.5061634207784422,0.0,0.0,0.0,-1.0,0.0,0.0,UNOBSERVED_BODY_ENVELOPE,0.7110185571230425,0,2,0,0,24
56.78333333333333,-56.80193922883643,-10.452042164884023,1.5061634207784422,0.0,0.0,0.0,-1.0,0.0,0.0,UNOBSERVED_BODY_ENVELOPE,0.7110185571230425,0,2,0,0,24
56.8,-56.80193922883643,-10.452042164884023,1.5061634207784422,0.0,0.0,0.0,-1.0,0.0,0.0,UNOBSERVED_BODY_ENVELOPE,0.7110185571230425,0,2,0,0,24
56.81666666666667,-56.80193922883643,-10.452042164884023,1.5061634207784422,0.0,0.0,0.0,-1.0,0.0,0.0,UNOBSERVED_BODY_ENVELOPE,0.7110185571230425,0,2,0,0,24
56.833333333333336,-56.80193922883643,-10.452042164884023,1.5061634207784422,0.0,0.0,0.0,-1.0,0.0,0.0,UNOBSERVED_BODY_ENVELOPE,0.7110185571230425,0,2,0,0,24
56.85,-56.80193922883643,-10.452042164884023,1.5061634207784422,0.0,0.0,0.0,-1.0,0.0,0.0,UNOBSERVED_BODY_ENVELOPE,0.7110185571230425,0,2,0,0,24
56.86666666666667,-56.80193922883643,-10.452042164884023,1.5061634207784422,0.0,0.0,0.0,-1.0,0.0,0.0,UNOBSERVED_BODY_ENVELOPE,0.7110185571230425,0,2,0,0,24
56.88333333333333,-56.80193922883643,-10.452042164884023,1.5061634207784422,0.0,0.0,0.0,-1.0,0.0,0.0,UNOBSERVED_BODY_ENVELOPE,0.7110185571230425,0,2,0,0,24
56.9,-56.80193922883643,-10.452042164884023,1.5061634207784422,0.0,0.0,0.0,-1.0,0.0,0.0,UNOBSERVED_BODY_ENVELOPE,0.7110185571230425,0,2,0,0,24
56.916666666666664,-56.80193922883643,-10.452042164884023,1.5061634207784422,0.0,0.0,0.0,-1.0,0.0,0.0,UNOBSERVED_BODY_ENVELOPE,0.7110185571230425,0,2,0,0,24
56.93333333333333,-56.80193922883643,-10.452042164884023,1.5061634207784422,0.0,0.0,0.0,-1.0,0.0,0.0,UNOBSERVED_BODY_ENVELOPE,0.7110185571230425,0,2,0,0,24
56.95,-56.80193922883643,-10.452042164884023,1.5061634207784422,0.0,0.0,0.0,-1.0,0.0,0.0,UNOBSERVED_BODY_ENVELOPE,0.7110185571230425,0,2,0,0,24
56.96666666666667,-56.80193922883643,-10.452042164884023,1.5061634207784422,0.0,0.0,0.0,-1.0,0.0,0.0,UNOBSERVED_BODY_ENVELOPE,0.7110185571230425,0,2,0,0,24
56.983333333333334,-56.80193922883643,-10.452042164884023,1.5061634207784422,0.0,0.0,0.0,-1.0,0.0,0.0,UNOBSERVED_BODY_ENVELOPE,0.7110185571230425,0,2,0,0,24
57.0,-56.80193922883643,-10.452042164884023,1.5061634207784422,0.0,0.0,0.0,-1.0,0.0,0.0,UNOBSERVED_BODY_ENVELOPE,0.7110185571230425,0,2,0,0,24
57.016666666666666,-56.80193922883643,-10.452042164884023,1.5061634207784422,0.0,0.0,0.0,-1.0,0.0,0.0,UNOBSERVED_BODY_ENVELOPE,0.7110185571230425,0,2,0,0,24
57.03333333333333,-56.80193922883643,-10.452042164884023,1.5061634207784422,0.0,0.0,0.0,-1.0,0.0,0.0,UNOBSERVED_BODY_ENVELOPE,0.7110185571230425,0,2,0,0,24
57.05,-56.80193922883643,-10.452042164884023,1.5061634207784422,0.0,0.0,0.0,-1.0,0.0,0.0,UNOBSERVED_BODY_ENVELOPE,0.7110185571230425,0,2,0,0,24
57.06666666666667,-56.80193922883643,-10.452042164884023,1.5061634207784422,0.0,0.0,0.0,-1.0,0.0,0.0,UNOBSERVED_BODY_ENVELOPE,0.7110185571230425,0,2,0,0,24
57.083333333333336,-56.80193922883643,-10.452042164884023,1.5061634207784422,0.0,0.0,0.0,-1.0,0.0,0.0,UNOBSERVED_BODY_ENVELOPE,0.7110185571230425,0,2,0,0,24
57.1,-56.80193922883643,-10.452042164884023,1.5061634207784422,0.0,0.0,0.0,-1.0,0.0,0.0,UNOBSERVED_BODY_ENVELOPE,0.7110185571230425,0,2,0,0,24
57.11666666666667,-56.80193922883643,-10.452042164884023,1.5061634207784422,0.0,0.0,0.0,-1.0,0.0,0.0,UNOBSERVED_BODY_ENVELOPE,0.7110185571230425,0,2,0,0,24
57.13333333333333,-56.80193922883643,-10.452042164884023,1.5061634207784422,0.0,0.0,0.0,-1.0,0.0,0.0,UNOBSERVED_BODY_ENVELOPE,0.7110185571230425,0,2,0,0,24
57.15,-56.80193922883643,-10.452042164884023,1.5061634207784422,0.0,0.0,0.0,-1.0,0.0,0.0,UNOBSERVED_BODY_ENVELOPE,0.7110185571230425,0,2,0,0,24
57.166666666666664,-56.80193922883643,-10.452042164884023,1.5061634207784422,0.0,0.0,0.0,-1.0,0.0,0.0,UNOBSERVED_BODY_ENVELOPE,0.7110185571230425,0,2,0,0,24
57.18333333333333,-56.80193922883643,-10.452042164884023,1.5061634207784422,0.0,0.0,0.0,-1.0,0.0,0.0,UNOBSERVED_BODY_ENVELOPE,0.7110185571230425,0,2,0,0,24
57.2,-56.80193922883643,-10.452042164884023,1.5061634207784422,0.0,0.0,0.0,-1.0,0.0,0.0,UNOBSERVED_BODY_ENVELOPE,0.7110185571230425,0,2,0,0,24
57.21666666666667,-56.80193922883643,-10.452042164884023,1.5061634207784422,0.0,0.0,0.0,-1.0,0.0,0.0,UNOBSERVED_BODY_ENVELOPE,0.7110185571230425,0,2,0,0,24
57.233333333333334,-56.80193922883643,-10.452042164884023,1.5061634207784422,0.0,0.0,0.0,-1.0,0.0,0.0,UNOBSERVED_BODY_ENVELOPE,0.7110185571230425,0,2,0,0,24
57.25,-56.80193922883643,-10.452042164884023,1.5061634207784422,0.0,0.0,0.0,-1.0,0.0,0.0,UNOBSERVED_BODY_ENVELOPE,0.7110185571230425,0,2,0,0,24
57.266666666666666,-56.80193922883643,-10.452042164884023,1.5061634207784422,0.0,0.0,0.0,-1.0,0.0,0.0,UNOBSERVED_BODY_ENVELOPE,0.7110185571230425,0,2,0,0,24
57.28333333333333,-56.80193922883643,-10.452042164884023,1.5061634207784422,0.0,0.0,0.0,-1.0,0.0,0.0,UNOBSERVED_BODY_ENVELOPE,0.7110185571230425,0,2,0,0,24
57.3,-56.80193922883643,-10.452042164884023,1.5061634207784422,0.0,0.0,0.0,-1.0,0.0,0.0,UNOBSERVED_BODY_ENVELOPE,0.7110185571230425,0,2,0,0,24
57.31666666666667,-56.80193922883643,-10.452042164884023,1.5061634207784422,0.0,0.0,0.0,-1.0,0.0,0.0,UNOBSERVED_BODY_ENVELOPE,0.7110185571230425,0,2,0,0,24
57.333333333333336,-56.80193922883643,-10.452042164884023,1.5061634207784422,0.0,0.0,0.0,-1.0,0.0,0.0,UNOBSERVED_BODY_ENVELOPE,0.7110185571230425,0,2,0,0,24
57.35,-56.80193922883643,-10.452042164884023,1.5061634207784422,0.0,0.0,0.0,-1.0,0.0,0.0,UNOBSERVED_BODY_ENVELOPE,0.7110185571230425,0,2,0,0,24
57.36666666666667,-56.80193922883643,-10.452042164884023,1.5061634207784422,0.0,0.0,0.0,-1.0,0.0,0.0,UNOBSERVED_BODY_ENVELOPE,0.7110185571230425,0,2,0,0,24
57.38333333333333,-56.80193922883643,-10.452042164884023,1.5061634207784422,0.0,0.0,0.0,-1.0,0.0,0.0,UNOBSERVED_BODY_ENVELOPE,0.7110185571230425,0,2,0,0,24
57.4,-56.80193922883643,-10.452042164884023,1.5061634207784422,0.0,0.0,0.0,-1.0,0.0,0.0,UNOBSERVED_BODY_ENVELOPE,0.7110185571230425,0,2,0,0,24
57.416666666666664,-56.80193922883643,-10.452042164884023,1.5061634207784422,0.0,0.0,0.0,-1.0,0.0,0.0,UNOBSERVED_BODY_ENVELOPE,0.7110185571230425,0,2,0,0,24
57.43333333333333,-56.80193922883643,-10.452042164884023,1.5061634207784422,0.0,0.0,0.0,-1.0,0.0,0.0,UNOBSERVED_BODY_ENVELOPE,0.7110185571230425,0,2,0,0,24
57.45,-56.80193922883643,-10.452042164884023,1.5061634207784422,0.0,0.0,0.0,-1.0,0.0,0.0,UNOBSERVED_BODY_ENVELOPE,0.7110185571230425,0,2,0,0,24
57.46666666666667,-56.80193922883643,-10.452042164884023,1.5061634207784422,0.0,0.0,0.0,-1.0,0.0,0.0,UNOBSERVED_BODY_ENVELOPE,0.7110185571230425,0,2,0,0,24
57.483333333333334,-56.80193922883643,-10.452042164884023,1.5061634207784422,0.0,0.0,0.0,-1.0,0.0,0.0,UNOBSERVED_BODY_ENVELOPE,0.7110185571230425,0,2,0,0,24
57.5,-56.80193922883643,-10.452042164884023,1.5061634207784422,0.0,0.0,0.0,-1.0,0.0,0.0,UNOBSERVED_BODY_ENVELOPE,0.7110185571230425,0,2,0,0,24
57.516666666666666,-56.80193922883643,-10.452042164884023,1.5061634207784422,0.0,0.0,0.0,-1.0,0.0,0.0,UNOBSERVED_BODY_ENVELOPE,0.7110185571230425,0,2,0,0,24
57.53333333333333,-56.80193922883643,-10.452042164884023,1.5061634207784422,0.0,0.0,0.0,-1.0,0.0,0.0,UNOBSERVED_BODY_ENVELOPE,0.7110185571230425,0,2,0,0,24
57.55,-56.80193922883643,-10.452042164884023,1.5061634207784422,0.0,0.0,0.0,-1.0,0.0,0.0,UNOBSERVED_BODY_ENVELOPE,0.7110185571230425,0,2,0,0,24
57.56666666666667,-56.80193922883643,-10.452042164884023,1.5061634207784422,0.0,0.0,0.0,-1.0,0.0,0.0,UNOBSERVED_BODY_ENVELOPE,0.7110185571230425,0,2,0,0,24
57.583333333333336,-56.80193922883643,-10.452042164884023,1.5061634207784422,0.0,0.0,0.0,-1.0,0.0,0.0,UNOBSERVED_BODY_ENVELOPE,0.7110185571230425,0,2,0,0,24
57.6,-56.80193922883643,-10.452042164884023,1.5061634207784422,0.0,0.0,0.0,-1.0,0.0,0.0,UNOBSERVED_BODY_ENVELOPE,0.7110185571230425,0,2,0,0,24
57.61666666666667,-56.80193922883643,-10.452042164884023,1.5061634207784422,0.0,0.0,0.0,-1.0,0.0,0.0,UNOBSERVED_BODY_ENVELOPE,0.7110185571230425,0,2,0,0,24
57.63333333333333,-56.80193922883643,-10.452042164884023,1.5061634207784422,0.0,0.0,0.0,-1.0,0.0,0.0,UNOBSERVED_BODY_ENVELOPE,0.7110185571230425,0,2,0,0,24
57.65,-56.80193922883643,-10.452042164884023,1.5061634207784422,0.0,0.0,0.0,-1.0,0.0,0.0,UNOBSERVED_BODY_ENVELOPE,0.7110185571230425,0,2,0,0,24
57.666666666666664,-56.80193922883643,-10.452042164884023,1.5061634207784422,0.0,0.0,0.0,-1.0,0.0,0.0,UNOBSERVED_BODY_ENVELOPE,0.7110185571230425,0,2,0,0,24
57.68333333333333,-56.80193922883643,-10.452042164884023,1.5061634207784422,0.0,0.0,0.0,-1.0,0.0,0.0,UNOBSERVED_BODY_ENVELOPE,0.7110185571230425,0,2,0,0,24
57.7,-56.80193922883643,-10.452042164884023,1.5061634207784422,0.0,0.0,0.0,-1.0,0.0,0.0,UNOBSERVED_BODY_ENVELOPE,0.7110185571230425,0,2,0,0,24
57.71666666666667,-56.80193922883643,-10.452042164884023,1.5061634207784422,0.0,0.0,0.0,-1.0,0.0,0.0,UNOBSERVED_BODY_ENVELOPE,0.7110185571230425,0,2,0,0,24
57.733333333333334,-56.80193922883643,-10.452042164884023,1.5061634207784422,0.0,0.0,0.0,-1.0,0.0,0.0,UNOBSERVED_BODY_ENVELOPE,0.7110185571230425,0,2,0,0,24
57.75,-56.80193922883643,-10.452042164884023,1.5061634207784422,0.0,0.0,0.0,-1.0,0.0,0.0,UNOBSERVED_BODY_ENVELOPE,0.7110185571230425,0,2,0,0,24
57.766666666666666,-56.80193922883643,-10.452042164884023,1.5061634207784422,0.0,0.0,0.0,-1.0,0.0,0.0,UNOBSERVED_BODY_ENVELOPE,0.7110185571230425,0,2,0,0,24
57.78333333333333,-56.80193922883643,-10.452042164884023,1.5061634207784422,0.0,0.0,0.0,-1.0,0.0,0.0,UNOBSERVED_BODY_ENVELOPE,0.7110185571230425,0,2,0,0,24
57.8,-56.80193922883643,-10.452042164884023,1.5061634207784422,0.0,0.0,0.0,-1.0,0.0,0.0,UNOBSERVED_BODY_ENVELOPE,0.7110185571230425,0,2,0,0,24
57.81666666666667,-56.80193922883643,-10.452042164884023,1.5061634207784422,0.0,0.0,0.0,-1.0,0.0,0.0,UNOBSERVED_BODY_ENVELOPE,0.7110185571230425,0,2,0,0,24
57.833333333333336,-56.80193922883643,-10.452042164884023,1.5061634207784422,0.0,0.0,0.0,-1.0,0.0,0.0,UNOBSERVED_BODY_ENVELOPE,0.7110185571230425,0,2,0,0,24
57.85,-56.80193922883643,-10.452042164884023,1.5061634207784422,0.0,0.0,0.0,-1.0,0.0,0.0,UNOBSERVED_BODY_ENVELOPE,0.7110185571230425,0,2,0,0,24
57.86666666666667,-56.80193922883643,-10.452042164884023,1.5061634207784422,0.0,0.0,0.0,-1.0,0.0,0.0,UNOBSERVED_BODY_ENVELOPE,0.7110185571230425,0,2,0,0,24
57.88333333333333,-56.80193922883643,-10.452042164884023,1.5061634207784422,0.0,0.0,0.0,-1.0,0.0,0.0,UNOBSERVED_BODY_ENVELOPE,0.7110185571230425,0,2,0,0,24
57.9,-56.80193922883643,-10.452042164884023,1.5061634207784422,0.0,0.0,0.0,-1.0,0.0,0.0,UNOBSERVED_BODY_ENVELOPE,0.7110185571230425,0,2,0,0,24
57.916666666666664,-56.80193922883643,-10.452042164884023,1.5061634207784422,0.0,0.0,0.0,-1.0,0.0,0.0,UNOBSERVED_BODY_ENVELOPE,0.7110185571230425,0,2,0,0,24
57.93333333333333,-56.80193922883643,-10.452042164884023,1.5061634207784422,0.0,0.0,0.0,-1.0,0.0,0.0,UNOBSERVED_BODY_ENVELOPE,0.7110185571230425,0,2,0,0,24
57.95,-56.80193922883643,-10.452042164884023,1.5061634207784422,0.0,0.0,0.0,-1.0,0.0,0.0,UNOBSERVED_BODY_ENVELOPE,0.7110185571230425,0,2,0,0,24
57.96666666666667,-56.80193922883643,-10.452042164884023,1.5061634207784422,0.0,0.0,0.0,-1.0,0.0,0.0,UNOBSERVED_BODY_ENVELOPE,0.7110185571230425,0,2,0,0,24
57.983333333333334,-56.80193922883643,-10.452042164884023,1.5061634207784422,0.0,0.0,0.0,-1.0,0.0,0.0,UNOBSERVED_BODY_ENVELOPE,0.7110185571230425,0,2,0,0,24
58.0,-56.80193922883643,-10.452042164884023,1.5061634207784422,0.0,0.0,0.0,-1.0,0.0,0.0,UNOBSERVED_BODY_ENVELOPE,0.7110185571230425,0,2,0,0,24
58.016666666666666,-56.80193922883643,-10.452042164884023,1.5061634207784422,0.0,0.0,0.0,-1.0,0.0,0.0,UNOBSERVED_BODY_ENVELOPE,0.7110185571230425,0,2,0,0,24
58.03333333333333,-56.80193922883643,-10.452042164884023,1.5061634207784422,0.0,0.0,0.0,-1.0,0.0,0.0,UNOBSERVED_BODY_ENVELOPE,0.7110185571230425,0,2,0,0,24
58.05,-56.80193922883643,-10.452042164884023,1.5061634207784422,0.0,0.0,0.0,-1.0,0.0,0.0,UNOBSERVED_BODY_ENVELOPE,0.7110185571230425,0,2,0,0,24
58.06666666666667,-56.80193922883643,-10.452042164884023,1.5061634207784422,0.0,0.0,0.0,-1.0,0.0,0.0,UNOBSERVED_BODY_ENVELOPE,0.7110185571230425,0,2,0,0,24
58.083333333333336,-56.80193922883643,-10.452042164884023,1.5061634207784422,0.0,0.0,0.0,-1.0,0.0,0.0,UNOBSERVED_BODY_ENVELOPE,0.7110185571230425,0,2,0,0,24
58.1,-56.80193922883643,-10.452042164884023,1.5061634207784422,0.0,0.0,0.0,-1.0,0.0,0.0,UNOBSERVED_BODY_ENVELOPE,0.7110185571230425,0,2,0,0,24
58.11666666666667,-56.80193922883643,-10.452042164884023,1.5061634207784422,0.0,0.0,0.0,-1.0,0.0,0.0,UNOBSERVED_BODY_ENVELOPE,0.7110185571230425,0,2,0,0,24
58.13333333333333,-56.80193922883643,-10.452042164884023,1.5061634207784422,0.0,0.0,0.0,-1.0,0.0,0.0,UNOBSERVED_BODY_ENVELOPE,0.7110185571230425,0,2,0,0,24
58.15,-56.80193922883643,-10.452042164884023,1.5061634207784422,0.0,0.0,0.0,-1.0,0.0,0.0,UNOBSERVED_BODY_ENVELOPE,0.7110185571230425,0,2,0,0,24
58.166666666666664,-56.80193922883643,-10.452042164884023,1.5061634207784422,0.0,0.0,0.0,-1.0,0.0,0.0,UNOBSERVED_BODY_ENVELOPE,0.7110185571230425,0,2,0,0,24
58.18333333333333,-56.80193922883643,-10.452042164884023,1.5061634207784422,0.0,0.0,0.0,-1.0,0.0,0.0,UNOBSERVED_BODY_ENVELOPE,0.7110185571230425,0,2,0,0,24
58.2,-56.80193922883643,-10.452042164884023,1.5061634207784422,0.0,0.0,0.0,-1.0,0.0,0.0,UNOBSERVED_BODY_ENVELOPE,0.7110185571230425,0,2,0,0,24
58.21666666666667,-56.80193922883643,-10.452042164884023,1.5061634207784422,0.0,0.0,0.0,-1.0,0.0,0.0,UNOBSERVED_BODY_ENVELOPE,0.7110185571230425,0,2,0,0,24
58.233333333333334,-56.80193922883643,-10.452042164884023,1.5061634207784422,0.0,0.0,0.0,-1.0,0.0,0.0,UNOBSERVED_BODY_ENVELOPE,0.7110185571230425,0,2,0,0,24
58.25,-56.80193922883643,-10.452042164884023,1.5061634207784422,0.0,0.0,0.0,-1.0,0.0,0.0,UNOBSERVED_BODY_ENVELOPE,0.7110185571230425,0,2,0,0,24
58.266666666666666,-56.80193922883643,-10.452042164884023,1.5061634207784422,0.0,0.0,0.0,-1.0,0.0,0.0,UNOBSERVED_BODY_ENVELOPE,0.7110185571230425,0,2,0,0,24
58.28333333333333,-56.80193922883643,-10.452042164884023,1.5061634207784422,0.0,0.0,0.0,-1.0,0.0,0.0,UNOBSERVED_BODY_ENVELOPE,0.7110185571230425,0,2,0,0,24
58.3,-56.80193922883643,-10.452042164884023,1.5061634207784422,0.0,0.0,0.0,-1.0,0.0,0.0,UNOBSERVED_BODY_ENVELOPE,0.7110185571230425,0,2,0,0,24
58.31666666666667,-56.80193922883643,-10.452042164884023,1.5061634207784422,0.0,0.0,0.0,-1.0,0.0,0.0,UNOBSERVED_BODY_ENVELOPE,0.7110185571230425,0,2,0,0,24
58.333333333333336,-56.80193922883643,-10.452042164884023,1.5061634207784422,0.0,0.0,0.0,-1.0,0.0,0.0,UNOBSERVED_BODY_ENVELOPE,0.7110185571230425,0,2,0,0,24
58.35,-56.80193922883643,-10.452042164884023,1.5061634207784422,0.0,0.0,0.0,-1.0,0.0,0.0,UNOBSERVED_BODY_ENVELOPE,0.7110185571230425,0,2,0,0,24
58.36666666666667,-56.80193922883643,-10.452042164884023,1.5061634207784422,0.0,0.0,0.0,-1.0,0.0,0.0,UNOBSERVED_BODY_ENVELOPE,0.7110185571230425,0,2,0,0,24
58.38333333333333,-56.80193922883643,-10.452042164884023,1.5061634207784422,0.0,0.0,0.0,-1.0,0.0,0.0,UNOBSERVED_BODY_ENVELOPE,0.7110185571230425,0,2,0,0,24
58.4,-56.80193922883643,-10.452042164884023,1.5061634207784422,0.0,0.0,0.0,-1.0,0.0,0.0,UNOBSERVED_BODY_ENVELOPE,0.7110185571230425,0,2,0,0,24
58.416666666666664,-56.80193922883643,-10.452042164884023,1.5061634207784422,0.0,0.0,0.0,-1.0,0.0,0.0,UNOBSERVED_BODY_ENVELOPE,0.7110185571230425,0,2,0,0,24
58.43333333333333,-56.80193922883643,-10.452042164884023,1.5061634207784422,0.0,0.0,0.0,-1.0,0.0,0.0,UNOBSERVED_BODY_ENVELOPE,0.7110185571230425,0,2,0,0,24
58.45,-56.80193922883643,-10.452042164884023,1.5061634207784422,0.0,0.0,0.0,-1.0,0.0,0.0,UNOBSERVED_BODY_ENVELOPE,0.7110185571230425,0,2,0,0,24
58.46666666666667,-56.80193922883643,-10.452042164884023,1.5061634207784422,0.0,0.0,0.0,-1.0,0.0,0.0,UNOBSERVED_BODY_ENVELOPE,0.7110185571230425,0,2,0,0,24
58.483333333333334,-56.80193922883643,-10.452042164884023,1.5061634207784422,0.0,0.0,0.0,-1.0,0.0,0.0,UNOBSERVED_BODY_ENVELOPE,0.7110185571230425,0,2,0,0,24
58.5,-56.80193922883643,-10.452042164884023,1.5061634207784422,0.0,0.0,0.0,-1.0,0.0,0.0,UNOBSERVED_BODY_ENVELOPE,0.7110185571230425,0,2,0,0,24
58.516666666666666,-56.80193922883643,-10.452042164884023,1.5061634207784422,0.0,0.0,0.0,-1.0,0.0,0.0,UNOBSERVED_BODY_ENVELOPE,0.7110185571230425,0,2,0,0,24
58.53333333333333,-56.80193922883643,-10.452042164884023,1.5061634207784422,0.0,0.0,0.0,-1.0,0.0,0.0,UNOBSERVED_BODY_ENVELOPE,0.7110185571230425,0,2,0,0,24
58.55,-56.80193922883643,-10.452042164884023,1.5061634207784422,0.0,0.0,0.0,-1.0,0.0,0.0,UNOBSERVED_BODY_ENVELOPE,0.7110185571230425,0,2,0,0,24
58.56666666666667,-56.80193922883643,-10.452042164884023,1.5061634207784422,0.0,0.0,0.0,-1.0,0.0,0.0,UNOBSERVED_BODY_ENVELOPE,0.7110185571230425,0,2,0,0,24
58.583333333333336,-56.80193922883643,-10.452042164884023,1.5061634207784422,0.0,0.0,0.0,-1.0,0.0,0.0,UNOBSERVED_BODY_ENVELOPE,0.7110185571230425,0,2,0,0,24
58.6,-56.80193922883643,-10.452042164884023,1.5061634207784422,0.0,0.0,0.0,-1.0,0.0,0.0,UNOBSERVED_BODY_ENVELOPE,0.7110185571230425,0,2,0,0,24
58.61666666666667,-56.80193922883643,-10.452042164884023,1.5061634207784422,0.0,0.0,0.0,-1.0,0.0,0.0,UNOBSERVED_BODY_ENVELOPE,0.7110185571230425,0,2,0,0,24
58.63333333333333,-56.80193922883643,-10.452042164884023,1.5061634207784422,0.0,0.0,0.0,-1.0,0.0,0.0,UNOBSERVED_BODY_ENVELOPE,0.7110185571230425,0,2,0,0,24
58.65,-56.80193922883643,-10.452042164884023,1.5061634207784422,0.0,0.0,0.0,-1.0,0.0,0.0,UNOBSERVED_BODY_ENVELOPE,0.7110185571230425,0,2,0,0,24
58.666666666666664,-56.80193922883643,-10.452042164884023,1.5061634207784422,0.0,0.0,0.0,-1.0,0.0,0.0,UNOBSERVED_BODY_ENVELOPE,0.7110185571230425,0,2,0,0,24
58.68333333333333,-56.80193922883643,-10.452042164884023,1.5061634207784422,0.0,0.0,0.0,-1.0,0.0,0.0,UNOBSERVED_BODY_ENVELOPE,0.7110185571230425,0,2,0,0,24
58.7,-56.80193922883643,-10.452042164884023,1.5061634207784422,0.0,0.0,0.0,-1.0,0.0,0.0,UNOBSERVED_BODY_ENVELOPE,0.7110185571230425,0,2,0,0,24
58.71666666666667,-56.80193922883643,-10.452042164884023,1.5061634207784422,0.0,0.0,0.0,-1.0,0.0,0.0,UNOBSERVED_BODY_ENVELOPE,0.7110185571230425,0,2,0,0,24
58.733333333333334,-56.80193922883643,-10.452042164884023,1.5061634207784422,0.0,0.0,0.0,-1.0,0.0,0.0,UNOBSERVED_BODY_ENVELOPE,0.7110185571230425,0,2,0,0,24
58.75,-56.80193922883643,-10.452042164884023,1.5061634207784422,0.0,0.0,0.0,-1.0,0.0,0.0,UNOBSERVED_BODY_ENVELOPE,0.7110185571230425,0,2,0,0,24
58.766666666666666,-56.80193922883643,-10.452042164884023,1.5061634207784422,0.0,0.0,0.0,-1.0,0.0,0.0,UNOBSERVED_BODY_ENVELOPE,0.7110185571230425,0,2,0,0,24
58.78333333333333,-56.80193922883643,-10.452042164884023,1.5061634207784422,0.0,0.0,0.0,-1.0,0.0,0.0,UNOBSERVED_BODY_ENVELOPE,0.7110185571230425,0,2,0,0,24
58.8,-56.80193922883643,-10.452042164884023,1.5061634207784422,0.0,0.0,0.0,-1.0,0.0,0.0,UNOBSERVED_BODY_ENVELOPE,0.7110185571230425,0,2,0,0,24
58.81666666666667,-56.80193922883643,-10.452042164884023,1.5061634207784422,0.0,0.0,0.0,-1.0,0.0,0.0,UNOBSERVED_BODY_ENVELOPE,0.7110185571230425,0,2,0,0,24
58.833333333333336,-56.80193922883643,-10.452042164884023,1.5061634207784422,0.0,0.0,0.0,-1.0,0.0,0.0,UNOBSERVED_BODY_ENVELOPE,0.7110185571230425,0,2,0,0,24
58.85,-56.80193922883643,-10.452042164884023,1.5061634207784422,0.0,0.0,0.0,-1.0,0.0,0.0,UNOBSERVED_BODY_ENVELOPE,0.7110185571230425,0,2,0,0,24
58.86666666666667,-56.80193922883643,-10.452042164884023,1.5061634207784422,0.0,0.0,0.0,-1.0,0.0,0.0,UNOBSERVED_BODY_ENVELOPE,0.7110185571230425,0,2,0,0,24
58.88333333333333,-56.80193922883643,-10.452042164884023,1.5061634207784422,0.0,0.0,0.0,-1.0,0.0,0.0,UNOBSERVED_BODY_ENVELOPE,0.7110185571230425,0,2,0,0,24
58.9,-56.80193922883643,-10.452042164884023,1.5061634207784422,0.0,0.0,0.0,-1.0,0.0,0.0,UNOBSERVED_BODY_ENVELOPE,0.7110185571230425,0,2,0,0,24
58.916666666666664,-56.80193922883643,-10.452042164884023,1.5061634207784422,0.0,0.0,0.0,-1.0,0.0,0.0,UNOBSERVED_BODY_ENVELOPE,0.7110185571230425,0,2,0,0,24
58.93333333333333,-56.80193922883643,-10.452042164884023,1.5061634207784422,0.0,0.0,0.0,-1.0,0.0,0.0,UNOBSERVED_BODY_ENVELOPE,0.7110185571230425,0,2,0,0,24
58.95,-56.80193922883643,-10.452042164884023,1.5061634207784422,0.0,0.0,0.0,-1.0,0.0,0.0,UNOBSERVED_BODY_ENVELOPE,0.7110185571230425,0,2,0,0,24
58.96666666666667,-56.80193922883643,-10.452042164884023,1.5061634207784422,0.0,0.0,0.0,-1.0,0.0,0.0,UNOBSERVED_BODY_ENVELOPE,0.7110185571230425,0,2,0,0,24
58.983333333333334,-56.80193922883643,-10.452042164884023,1.5061634207784422,0.0,0.0,0.0,-1.0,0.0,0.0,UNOBSERVED_BODY_ENVELOPE,0.7110185571230425,0,2,0,0,24
59.0,-56.80193922883643,-10.452042164884023,1.5061634207784422,0.0,0.0,0.0,0.0,0.0,0.0,UNOBSERVED_BODY_ENVELOPE,0.7110185571230425,0,2,0,0,24
59.016666666666666,-56.80193922883643,-10.452042164884023,1.5061634207784422,0.0,0.0,0.0,0.0,0.0,0.0,UNOBSERVED_BODY_ENVELOPE,0.7110185571230425,0,2,0,0,24
59.03333333333333,-56.80193922883643,-10.452042164884023,1.5061634207784422,0.0,0.0,0.0,0.0,0.0,0.0,UNOBSERVED_BODY_ENVELOPE,0.7110185571230425,0,2,0,0,24
59.05,-56.80193922883643,-10.452042164884023,1.5061634207784422,0.0,0.0,0.0,0.0,0.0,0.0,UNOBSERVED_BODY_ENVELOPE,0.7110185571230425,0,2,0,0,24
59.06666666666667,-56.80193922883643,-10.452042164884023,1.5061634207784422,0.0,0.0,0.0,0.0,0.0,0.0,ZERO_INTENT,0.7110185571230425,0,2,0,0,24
59.083333333333336,-56.80193922883643,-10.452042164884023,1.5061634207784422,0.0,0.0,0.0,0.0,0.0,0.0,ZERO_INTENT,0.7110185571230425,0,2,0,0,24
59.1,-56.80193922883643,-10.452042164884023,1.5061634207784422,0.0,0.0,0.0,0.0,0.0,0.0,ZERO_INTENT,0.7110185571230425,0,2,0,0,24
59.11666666666667,-56.80193922883643,-10.452042164884023,1.5061634207784422,0.0,0.0,0.0,0.0,0.0,0.0,ZERO_INTENT,0.7110185571230425,0,2,0,0,24
59.13333333333333,-56.80193922883643,-10.452042164884023,1.5061634207784422,0.0,0.0,0.0,0.0,0.0,0.0,ZERO_INTENT,0.7110185571230425,0,2,0,0,24
59.15,-56.80193922883643,-10.452042164884023,1.5061634207784422,0.0,0.0,0.0,0.0,0.0,0.0,ZERO_INTENT,0.7110185571230425,0,2,0,0,24
59.166666666666664,-56.80193922883643,-10.452042164884023,1.5061634207784422,0.0,0.0,0.0,0.0,0.0,0.0,ZERO_INTENT,0.7110185571230425,0,2,0,0,24
59.18333333333333,-56.80193922883643,-10.452042164884023,1.5061634207784422,0.0,0.0,0.0,0.0,0.0,0.0,ZERO_INTENT,0.7110185571230425,0,2,0,0,24
59.2,-56.80193922883643,-10.452042164884023,1.5061634207784422,0.0,0.0,0.0,0.0,0.0,0.0,ZERO_INTENT,0.7110185571230425,0,2,0,0,24
59.21666666666667,-56.80193922883643,-10.452042164884023,1.5061634207784422,0.0,0.0,0.0,0.0,0.0,0.0,ZERO_INTENT,0.7110185571230425,0,2,0,0,24
59.233333333333334,-56.80193922883643,-10.452042164884023,1.5061634207784422,0.0,0.0,0.0,0.0,0.0,0.0,ZERO_INTENT,0.7110185571230425,0,2,0,0,24
59.25,-56.80193922883643,-10.452042164884023,1.5061634207784422,0.0,0.0,0.0,0.0,0.0,0.0,ZERO_INTENT,0.7110185571230425,0,2,0,0,24
59.266666666666666,-56.80193922883643,-10.452042164884023,1.5061634207784422,0.0,0.0,0.0,0.0,0.0,0.0,ZERO_INTENT,0.7110185571230425,0,2,0,0,24
59.28333333333333,-56.80193922883643,-10.452042164884023,1.5061634207784422,0.0,0.0,0.0,0.0,0.0,0.0,ZERO_INTENT,0.7110185571230425,0,2,0,0,24
59.3,-56.80193922883643,-10.452042164884023,1.5061634207784422,0.0,0.0,0.0,0.0,0.0,0.0,ZERO_INTENT,0.7110185571230425,0,2,0,0,24
59.31666666666667,-56.80193922883643,-10.452042164884023,1.5061634207784422,0.0,0.0,0.0,0.0,0.0,0.0,ZERO_INTENT,0.7110185571230425,0,2,0,0,24
59.333333333333336,-56.80193922883643,-10.452042164884023,1.5061634207784422,0.0,0.0,0.0,0.0,0.0,0.0,ZERO_INTENT,0.7110185571230425,0,2,0,0,24
59.35,-56.80193922883643,-10.452042164884023,1.5061634207784422,0.0,0.0,0.0,0.0,0.0,0.0,ZERO_INTENT,0.7110185571230425,0,2,0,0,24
59.36666666666667,-56.80193922883643,-10.452042164884023,1.5061634207784422,0.0,0.0,0.0,0.0,0.0,0.0,ZERO_INTENT,0.7110185571230425,0,2,0,0,24
59.38333333333333,-56.80193922883643,-10.452042164884023,1.5061634207784422,0.0,0.0,0.0,0.0,0.0,0.0,ZERO_INTENT,0.7110185571230425,0,2,0,0,24
59.4,-56.80193922883643,-10.452042164884023,1.5061634207784422,0.0,0.0,0.0,0.0,0.0,0.0,ZERO_INTENT,0.7110185571230425,0,2,0,0,24
59.416666666666664,-56.80193922883643,-10.452042164884023,1.5061634207784422,0.0,0.0,0.0,0.0,0.0,0.0,ZERO_INTENT,0.7110185571230425,0,2,0,0,24
59.43333333333333,-56.80193922883643,-10.452042164884023,1.5061634207784422,0.0,0.0,0.0,0.0,0.0,0.0,ZERO_INTENT,0.7110185571230425,0,2,0,0,24
59.45,-56.80193922883643,-10.452042164884023,1.5061634207784422,0.0,0.0,0.0,0.0,0.0,0.0,ZERO_INTENT,0.7110185571230425,0,2,0,0,24
59.46666666666667,-56.80193922883643,-10.452042164884023,1.5061634207784422,0.0,0.0,0.0,0.0,0.0,0.0,ZERO_INTENT,0.7110185571230425,0,2,0,0,24
59.483333333333334,-56.80193922883643,-10.452042164884023,1.5061634207784422,0.0,0.0,0.0,0.0,0.0,0.0,ZERO_INTENT,0.7110185571230425,0,2,0,0,24
59.5,-56.80193922883643,-10.452042164884023,1.5061634207784422,0.0,0.0,0.0,0.0,0.0,0.0,ZERO_INTENT,0.7110185571230425,0,2,0,0,24
59.516666666666666,-56.80193922883643,-10.452042164884023,1.5061634207784422,0.0,0.0,0.0,0.0,0.0,0.0,ZERO_INTENT,0.7110185571230425,0,2,0,0,24
59.53333333333333,-56.80193922883643,-10.452042164884023,1.5061634207784422,0.0,0.0,0.0,0.0,0.0,0.0,ZERO_INTENT,0.7110185571230425,0,2,0,0,24
59.55,-56.80193922883643,-10.452042164884023,1.5061634207784422,0.0,0.0,0.0,0.0,0.0,0.0,ZERO_INTENT,0.7110185571230425,0,2,0,0,24
59.56666666666667,-56.80193922883643,-10.452042164884023,1.5061634207784422,0.0,0.0,0.0,0.0,0.0,0.0,ZERO_INTENT,0.7110185571230425,0,2,0,0,24
59.583333333333336,-56.80193922883643,-10.452042164884023,1.5061634207784422,0.0,0.0,0.0,0.0,0.0,0.0,ZERO_INTENT,0.7110185571230425,0,2,0,0,24
59.6,-56.80193922883643,-10.452042164884023,1.5061634207784422,0.0,0.0,0.0,0.0,0.0,0.0,ZERO_INTENT,0.7110185571230425,0,2,0,0,24
59.61666666666667,-56.80193922883643,-10.452042164884023,1.5061634207784422,0.0,0.0,0.0,0.0,0.0,0.0,ZERO_INTENT,0.7110185571230425,0,2,0,0,24
59.63333333333333,-56.80193922883643,-10.452042164884023,1.5061634207784422,0.0,0.0,0.0,0.0,0.0,0.0,ZERO_INTENT,0.7110185571230425,0,2,0,0,24
59.65,-56.80193922883643,-10.452042164884023,1.5061634207784422,0.0,0.0,0.0,0.0,0.0,0.0,ZERO_INTENT,0.7110185571230425,0,2,0,0,24
59.666666666666664,-56.80193922883643,-10.452042164884023,1.5061634207784422,0.0,0.0,0.0,0.0,0.0,0.0,ZERO_INTENT,0.7110185571230425,0,2,0,0,24
59.68333333333333,-56.80193922883643,-10.452042164884023,1.5061634207784422,0.0,0.0,0.0,0.0,0.0,0.0,ZERO_INTENT,0.7110185571230425,0,2,0,0,24
59.7,-56.80193922883643,-10.452042164884023,1.5061634207784422,0.0,0.0,0.0,0.0,0.0,0.0,ZERO_INTENT,0.7110185571230425,0,2,0,0,24
59.71666666666667,-56.80193922883643,-10.452042164884023,1.5061634207784422,0.0,0.0,0.0,0.0,0.0,0.0,ZERO_INTENT,0.7110185571230425,0,2,0,0,24
59.733333333333334,-56.80193922883643,-10.452042164884023,1.5061634207784422,0.0,0.0,0.0,0.0,0.0,0.0,ZERO_INTENT,0.7110185571230425,0,2,0,0,24
59.75,-56.80193922883643,-10.452042164884023,1.5061634207784422,0.0,0.0,0.0,0.0,0.0,0.0,ZERO_INTENT,0.7110185571230425,0,2,0,0,24
59.766666666666666,-56.80193922883643,-10.452042164884023,1.5061634207784422,0.0,0.0,0.0,0.0,0.0,0.0,ZERO_INTENT,0.7110185571230425,0,2,0,0,24
59.78333333333333,-56.80193922883643,-10.452042164884023,1.5061634207784422,0.0,0.0,0.0,0.0,0.0,0.0,ZERO_INTENT,0.7110185571230425,0,2,0,0,24
59.8,-56.80193922883643,-10.452042164884023,1.5061634207784422,0.0,0.0,0.0,0.0,0.0,0.0,ZERO_INTENT,0.7110185571230425,0,2,0,0,24
59.81666666666667,-56.80193922883643,-10.452042164884023,1.5061634207784422,0.0,0.0,0.0,0.0,0.0,0.0,ZERO_INTENT,0.7110185571230425,0,2,0,0,24
59.833333333333336,-56.80193922883643,-10.452042164884023,1.5061634207784422,0.0,0.0,0.0,0.0,0.0,0.0,ZERO_INTENT,0.7110185571230425,0,2,0,0,24
59.85,-56.80193922883643,-10.452042164884023,1.5061634207784422,0.0,0.0,0.0,0.0,0.0,0.0,ZERO_INTENT,0.7110185571230425,0,2,0,0,24
59.86666666666667,-56.80193922883643,-10.452042164884023,1.5061634207784422,0.0,0.0,0.0,0.0,0.0,0.0,ZERO_INTENT,0.7110185571230425,0,2,0,0,24
59.88333333333333,-56.80193922883643,-10.452042164884023,1.5061634207784422,0.0,0.0,0.0,0.0,0.0,0.0,ZERO_INTENT,0.7110185571230425,0,2,0,0,24
59.9,-56.80193922883643,-10.452042164884023,1.5061634207784422,0.0,0.0,0.0,0.0,0.0,0.0,ZERO_INTENT,0.7110185571230425,0,2,0,0,24
59.916666666666664,-56.80193922883643,-10.452042164884023,1.5061634207784422,0.0,0.0,0.0,0.0,0.0,0.0,ZERO_INTENT,0.7110185571230425,0,2,0,0,24
59.93333333333333,-56.80193922883643,-10.452042164884023,1.5061634207784422,0.0,0.0,0.0,0.0,0.0,0.0,ZERO_INTENT,0.7110185571230425,0,2,0,0,24
59.95,-56.80193922883643,-10.452042164884023,1.5061634207784422,0.0,0.0,0.0,0.0,0.0,0.0,ZERO_INTENT,0.7110185571230425,0,2,0,0,24
59.96666666666667,-56.80193922883643,-10.452042164884023,1.5061634207784422,0.0,0.0,0.0,0.0,0.0,0.0,ZERO_INTENT,0.7110185571230425,0,2,0,0,24
59.983333333333334,-56.80193922883643,-10.452042164884023,1.5061634207784422,0.0,0.0,0.0,0.0,0.0,0.0,ZERO_INTENT,0.7110185571230425,0,2,0,0,24
60.0,-56.80193922883643,-10.452042164884023,1.5061634207784422,0.0,0.0,0.0,0.0,0.0,0.0,ZERO_INTENT,0.7110185571230425,0,2,0,0,24
60.016666666666666,-56.80193922883643,-10.452042164884023,1.5061634207784422,0.0,0.0,0.0,0.0,0.0,0.0,ZERO_INTENT,0.7110185571230425,0,2,0,0,24
60.03333333333333,-56.80193922883643,-10.452042164884023,1.5061634207784422,0.0,0.0,0.0,0.0,0.0,0.0,ZERO_INTENT,0.7110185571230425,0,2,0,0,24
60.05,-56.80193922883643,-10.452042164884023,1.5061634207784422,0.0,0.0,0.0,0.0,0.0,0.0,ZERO_INTENT,0.7110185571230425,0,2,0,0,24
60.06666666666667,-56.80193922883643,-10.452042164884023,1.5061634207784422,0.0,0.0,0.0,0.0,0.0,0.0,ZERO_INTENT,0.7110185571230425,0,2,0,0,24
60.083333333333336,-56.80193922883643,-10.452042164884023,1.5061634207784422,0.0,0.0,0.0,0.0,0.0,0.0,ZERO_INTENT,0.7110185571230425,0,2,0,0,24
60.1,-56.80193922883643,-10.452042164884023,1.5061634207784422,0.0,0.0,0.0,0.0,0.0,0.0,ZERO_INTENT,0.7110185571230425,0,2,0,0,24
60.11666666666667,-56.80193922883643,-10.452042164884023,1.5061634207784422,0.0,0.0,0.0,0.0,0.0,0.0,ZERO_INTENT,0.7110185571230425,0,2,0,0,24
60.13333333333333,-56.80193922883643,-10.452042164884023,1.5061634207784422,0.0,0.0,0.0,0.0,0.0,0.0,ZERO_INTENT,0.7110185571230425,0,2,0,0,24
60.15,-56.80193922883643,-10.452042164884023,1.5061634207784422,0.0,0.0,0.0,0.0,0.0,0.0,ZERO_INTENT,0.7110185571230425,0,2,0,0,24
60.166666666666664,-56.80193922883643,-10.452042164884023,1.5061634207784422,0.0,0.0,0.0,0.0,0.0,0.0,ZERO_INTENT,0.7110185571230425,0,2,0,0,24
60.18333333333333,-56.80193922883643,-10.452042164884023,1.5061634207784422,0.0,0.0,0.0,0.0,0.0,0.0,ZERO_INTENT,0.7110185571230425,0,2,0,0,24
60.2,-56.80193922883643,-10.452042164884023,1.5061634207784422,0.0,0.0,0.0,0.0,0.0,0.0,ZERO_INTENT,0.7110185571230425,0,2,0,0,24
60.21666666666667,-56.80193922883643,-10.452042164884023,1.5061634207784422,0.0,0.0,0.0,0.0,0.0,0.0,ZERO_INTENT,0.7110185571230425,0,2,0,0,24
60.233333333333334,-56.80193922883643,-10.452042164884023,1.5061634207784422,0.0,0.0,0.0,0.0,0.0,0.0,ZERO_INTENT,0.7110185571230425,0,2,0,0,24
60.25,-56.80193922883643,-10.452042164884023,1.5061634207784422,0.0,0.0,0.0,0.0,0.0,0.0,ZERO_INTENT,0.7110185571230425,0,2,0,0,24
60.266666666666666,-56.80193922883643,-10.452042164884023,1.5061634207784422,0.0,0.0,0.0,0.0,0.0,0.0,ZERO_INTENT,0.7110185571230425,0,2,0,0,24
60.28333333333333,-56.80193922883643,-10.452042164884023,1.5061634207784422,0.0,0.0,0.0,0.0,0.0,0.0,ZERO_INTENT,0.7110185571230425,0,2,0,0,24
60.3,-56.80193922883643,-10.452042164884023,1.5061634207784422,0.0,0.0,0.0,0.0,0.0,0.0,ZERO_INTENT,0.7110185571230425,0,2,0,0,24
60.31666666666667,-56.80193922883643,-10.452042164884023,1.5061634207784422,0.0,0.0,0.0,0.0,0.0,0.0,ZERO_INTENT,0.7110185571230425,0,2,0,0,24
60.333333333333336,-56.80193922883643,-10.452042164884023,1.5061634207784422,0.0,0.0,0.0,0.0,0.0,0.0,ZERO_INTENT,0.7110185571230425,0,2,0,0,24
60.35,-56.80193922883643,-10.452042164884023,1.5061634207784422,0.0,0.0,0.0,0.0,0.0,0.0,ZERO_INTENT,0.7110185571230425,0,2,0,0,24
60.36666666666667,-56.80193922883643,-10.452042164884023,1.5061634207784422,0.0,0.0,0.0,0.0,0.0,0.0,ZERO_INTENT,0.7110185571230425,0,2,0,0,24
60.38333333333333,-56.80193922883643,-10.452042164884023,1.5061634207784422,0.0,0.0,0.0,0.0,0.0,0.0,ZERO_INTENT,0.7110185571230425,0,2,0,0,24
60.4,-56.80193922883643,-10.452042164884023,1.5061634207784422,0.0,0.0,0.0,0.0,0.0,0.0,ZERO_INTENT,0.7110185571230425,0,2,0,0,24
60.416666666666664,-56.80193922883643,-10.452042164884023,1.5061634207784422,0.0,0.0,0.0,0.0,0.0,0.0,ZERO_INTENT,0.7110185571230425,0,2,0,0,24
60.43333333333333,-56.80193922883643,-10.452042164884023,1.5061634207784422,0.0,0.0,0.0,0.0,0.0,0.0,ZERO_INTENT,0.7110185571230425,0,2,0,0,24
60.45,-56.80193922883643,-10.452042164884023,1.5061634207784422,0.0,0.0,0.0,0.0,0.0,0.0,ZERO_INTENT,0.7110185571230425,0,2,0,0,24
60.46666666666667,-56.80193922883643,-10.452042164884023,1.5061634207784422,0.0,0.0,0.0,0.0,0.0,0.0,ZERO_INTENT,0.7110185571230425,0,2,0,0,24
60.483333333333334,-56.80193922883643,-10.452042164884023,1.5061634207784422,0.0,0.0,0.0,0.0,0.0,0.0,ZERO_INTENT,0.7110185571230425,0,2,0,0,24
60.5,-56.80193922883643,-10.452042164884023,1.5061634207784422,0.0,0.0,0.0,0.0,0.0,0.0,ZERO_INTENT,0.7110185571230425,0,2,0,0,24
60.516666666666666,-56.80193922883643,-10.452042164884023,1.5061634207784422,0.0,0.0,0.0,0.0,0.0,0.0,ZERO_INTENT,0.7110185571230425,0,2,0,0,24
60.53333333333333,-56.80193922883643,-10.452042164884023,1.5061634207784422,0.0,0.0,0.0,0.0,0.0,0.0,ZERO_INTENT,0.7110185571230425,0,2,0,0,24
60.55,-56.80193922883643,-10.452042164884023,1.5061634207784422,0.0,0.0,0.0,0.0,0.0,0.0,ZERO_INTENT,0.7110185571230425,0,2,0,0,24
60.56666666666667,-56.80193922883643,-10.452042164884023,1.5061634207784422,0.0,0.0,0.0,0.0,0.0,0.0,ZERO_INTENT,0.7110185571230425,0,2,0,0,24
60.583333333333336,-56.80193922883643,-10.452042164884023,1.5061634207784422,0.0,0.0,0.0,0.0,0.0,0.0,ZERO_INTENT,0.7110185571230425,0,2,0,0,24
60.6,-56.80193922883643,-10.452042164884023,1.5061634207784422,0.0,0.0,0.0,0.0,0.0,0.0,ZERO_INTENT,0.7110185571230425,0,2,0,0,24
60.61666666666667,-56.80193922883643,-10.452042164884023,1.5061634207784422,0.0,0.0,0.0,0.0,0.0,0.0,ZERO_INTENT,0.7110185571230425,0,2,0,0,24
60.63333333333333,-56.80193922883643,-10.452042164884023,1.5061634207784422,0.0,0.0,0.0,0.0,0.0,0.0,ZERO_INTENT,0.7110185571230425,0,2,0,0,24
60.65,-56.80193922883643,-10.452042164884023,1.5061634207784422,0.0,0.0,0.0,0.0,0.0,0.0,ZERO_INTENT,0.7110185571230425,0,2,0,0,24
60.666666666666664,-56.80193922883643,-10.452042164884023,1.5061634207784422,0.0,0.0,0.0,0.0,0.0,0.0,ZERO_INTENT,0.7110185571230425,0,2,0,0,24
60.68333333333333,-56.80193922883643,-10.452042164884023,1.5061634207784422,0.0,0.0,0.0,0.0,0.0,0.0,ZERO_INTENT,0.7110185571230425,0,2,0,0,24
60.7,-56.80193922883643,-10.452042164884023,1.5061634207784422,0.0,0.0,0.0,0.0,0.0,0.0,ZERO_INTENT,0.7110185571230425,0,2,0,0,24
60.71666666666667,-56.80193922883643,-10.452042164884023,1.5061634207784422,0.0,0.0,0.0,0.0,0.0,0.0,ZERO_INTENT,0.7110185571230425,0,2,0,0,24
60.733333333333334,-56.80193922883643,-10.452042164884023,1.5061634207784422,0.0,0.0,0.0,0.0,0.0,0.0,ZERO_INTENT,0.7110185571230425,0,2,0,0,24
60.75,-56.80193922883643,-10.452042164884023,1.5061634207784422,0.0,0.0,0.0,0.0,0.0,0.0,ZERO_INTENT,0.7110185571230425,0,2,0,0,24
60.766666666666666,-56.80193922883643,-10.452042164884023,1.5061634207784422,0.0,0.0,0.0,0.0,0.0,0.0,ZERO_INTENT,0.7110185571230425,0,2,0,0,24
60.78333333333333,-56.80193922883643,-10.452042164884023,1.5061634207784422,0.0,0.0,0.0,0.0,0.0,0.0,ZERO_INTENT,0.7110185571230425,0,2,0,0,24
60.8,-56.80193922883643,-10.452042164884023,1.5061634207784422,0.0,0.0,0.0,0.0,0.0,0.0,ZERO_INTENT,0.7110185571230425,0,2,0,0,24
60.81666666666667,-56.80193922883643,-10.452042164884023,1.5061634207784422,0.0,0.0,0.0,0.0,0.0,0.0,ZERO_INTENT,0.7110185571230425,0,2,0,0,24
60.833333333333336,-56.80193922883643,-10.452042164884023,1.5061634207784422,0.0,0.0,0.0,0.0,0.0,0.0,ZERO_INTENT,0.7110185571230425,0,2,0,0,24
60.85,-56.80193922883643,-10.452042164884023,1.5061634207784422,0.0,0.0,0.0,0.0,0.0,0.0,ZERO_INTENT,0.7110185571230425,0,2,0,0,24
60.86666666666667,-56.80193922883643,-10.452042164884023,1.5061634207784422,0.0,0.0,0.0,0.0,0.0,0.0,ZERO_INTENT,0.7110185571230425,0,2,0,0,24
60.88333333333333,-56.80193922883643,-10.452042164884023,1.5061634207784422,0.0,0.0,0.0,0.0,0.0,0.0,ZERO_INTENT,0.7110185571230425,0,2,0,0,24
60.9,-56.80193922883643,-10.452042164884023,1.5061634207784422,0.0,0.0,0.0,0.0,0.0,0.0,ZERO_INTENT,0.7110185571230425,0,2,0,0,24
60.916666666666664,-56.80193922883643,-10.452042164884023,1.5061634207784422,0.0,0.0,0.0,0.0,0.0,0.0,ZERO_INTENT,0.7110185571230425,0,2,0,0,24
60.93333333333333,-56.80193922883643,-10.452042164884023,1.5061634207784422,0.0,0.0,0.0,0.0,0.0,0.0,ZERO_INTENT,0.7110185571230425,0,2,0,0,24
60.95,-56.80193922883643,-10.452042164884023,1.5061634207784422,0.0,0.0,0.0,0.0,0.0,0.0,ZERO_INTENT,0.7110185571230425,0,2,0,0,24
60.96666666666667,-56.80193922883643,-10.452042164884023,1.5061634207784422,0.0,0.0,0.0,0.0,0.0,0.0,ZERO_INTENT,0.7110185571230425,0,2,0,0,24
60.983333333333334,-56.80193922883643,-10.452042164884023,1.5061634207784422,0.0,0.0,0.0,0.0,0.0,0.0,ZERO_INTENT,0.7110185571230425,0,2,0,0,24
61.0,-56.80193922883643,-10.452042164884023,1.5061634207784422,0.0,0.0,0.0,0.0,0.0,0.0,ZERO_INTENT,0.7110185571230425,0,2,0,0,24
61.016666666666666,-56.80193922883643,-10.452042164884023,1.5061634207784422,0.0,0.0,0.0,0.0,0.0,0.0,ZERO_INTENT,0.7110185571230425,0,2,0,0,24
61.03333333333333,-56.80193922883643,-10.452042164884023,1.5061634207784422,0.0,0.0,0.0,0.0,0.0,0.0,ZERO_INTENT,0.7110185571230425,0,2,0,0,24
61.05,-56.80193922883643,-10.452042164884023,1.5061634207784422,0.0,0.0,0.0,0.0,0.0,0.0,ZERO_INTENT,0.7110185571230425,0,2,0,0,24
61.06666666666667,-56.80193922883643,-10.452042164884023,1.5061634207784422,0.0,0.0,0.0,0.0,0.0,0.0,ZERO_INTENT,0.7110185571230425,0,2,0,0,24
61.083333333333336,-56.80193922883643,-10.452042164884023,1.5061634207784422,0.0,0.0,0.0,0.0,0.0,0.0,ZERO_INTENT,0.7110185571230425,0,2,0,0,24
61.1,-56.80193922883643,-10.452042164884023,1.5061634207784422,0.0,0.0,0.0,0.0,0.0,0.0,ZERO_INTENT,0.7110185571230425,0,2,0,0,24
61.11666666666667,-56.80193922883643,-10.452042164884023,1.5061634207784422,0.0,0.0,0.0,0.0,0.0,0.0,ZERO_INTENT,0.7110185571230425,0,2,0,0,24
61.13333333333333,-56.80193922883643,-10.452042164884023,1.5061634207784422,0.0,0.0,0.0,0.0,0.0,0.0,ZERO_INTENT,0.7110185571230425,0,2,0,0,24
61.15,-56.80193922883643,-10.452042164884023,1.5061634207784422,0.0,0.0,0.0,0.0,0.0,0.0,ZERO_INTENT,0.7110185571230425,0,2,0,0,24
61.166666666666664,-56.80193922883643,-10.452042164884023,1.5061634207784422,0.0,0.0,0.0,0.0,0.0,0.0,ZERO_INTENT,0.7110185571230425,0,2,0,0,24
61.18333333333333,-56.80193922883643,-10.452042164884023,1.5061634207784422,0.0,0.0,0.0,0.0,0.0,0.0,ZERO_INTENT,0.7110185571230425,0,2,0,0,24
61.2,-56.80193922883643,-10.452042164884023,1.5061634207784422,0.0,0.0,0.0,0.0,0.0,0.0,ZERO_INTENT,0.7110185571230425,0,2,0,0,24
61.21666666666667,-56.80193922883643,-10.452042164884023,1.5061634207784422,0.0,0.0,0.0,0.0,0.0,0.0,ZERO_INTENT,0.7110185571230425,0,2,0,0,24
61.233333333333334,-56.80193922883643,-10.452042164884023,1.5061634207784422,0.0,0.0,0.0,0.0,0.0,0.0,ZERO_INTENT,0.7110185571230425,0,2,0,0,24
61.25,-56.80193922883643,-10.452042164884023,1.5061634207784422,0.0,0.0,0.0,0.0,0.0,0.0,ZERO_INTENT,0.7110185571230425,0,2,0,0,24
61.266666666666666,-56.80193922883643,-10.452042164884023,1.5061634207784422,0.0,0.0,0.0,0.0,0.0,0.0,ZERO_INTENT,0.7110185571230425,0,2,0,0,24
61.28333333333333,-56.80193922883643,-10.452042164884023,1.5061634207784422,0.0,0.0,0.0,0.0,0.0,0.0,ZERO_INTENT,0.7110185571230425,0,2,0,0,24
61.3,-56.80193922883643,-10.452042164884023,1.5061634207784422,0.0,0.0,0.0,0.0,0.0,0.0,ZERO_INTENT,0.7110185571230425,0,2,0,0,24
61.31666666666667,-56.80193922883643,-10.452042164884023,1.5061634207784422,0.0,0.0,0.0,0.0,0.0,0.0,ZERO_INTENT,0.7110185571230425,0,2,0,0,24
61.333333333333336,-56.80193922883643,-10.452042164884023,1.5061634207784422,0.0,0.0,0.0,0.0,0.0,0.0,ZERO_INTENT,0.7110185571230425,0,2,0,0,24
61.35,-56.80193922883643,-10.452042164884023,1.5061634207784422,0.0,0.0,0.0,0.0,0.0,0.0,ZERO_INTENT,0.7110185571230425,0,2,0,0,24
61.36666666666667,-56.80193922883643,-10.452042164884023,1.5061634207784422,0.0,0.0,0.0,0.0,0.0,0.0,ZERO_INTENT,0.7110185571230425,0,2,0,0,24
61.38333333333333,-56.80193922883643,-10.452042164884023,1.5061634207784422,0.0,0.0,0.0,0.0,0.0,0.0,ZERO_INTENT,0.7110185571230425,0,2,0,0,24
61.4,-56.80193922883643,-10.452042164884023,1.5061634207784422,0.0,0.0,0.0,0.0,0.0,0.0,ZERO_INTENT,0.7110185571230425,0,2,0,0,24
61.416666666666664,-56.80193922883643,-10.452042164884023,1.5061634207784422,0.0,0.0,0.0,0.0,0.0,0.0,ZERO_INTENT,0.7110185571230425,0,2,0,0,24
61.43333333333333,-56.80193922883643,-10.452042164884023,1.5061634207784422,0.0,0.0,0.0,0.0,0.0,0.0,ZERO_INTENT,0.7110185571230425,0,2,0,0,24
61.45,-56.80193922883643,-10.452042164884023,1.5061634207784422,0.0,0.0,0.0,0.0,0.0,0.0,ZERO_INTENT,0.7110185571230425,0,2,0,0,24
61.46666666666667,-56.80193922883643,-10.452042164884023,1.5061634207784422,0.0,0.0,0.0,0.0,0.0,0.0,ZERO_INTENT,0.7110185571230425,0,2,0,0,24
61.483333333333334,-56.80193922883643,-10.452042164884023,1.5061634207784422,0.0,0.0,0.0,0.0,0.0,0.0,ZERO_INTENT,0.7110185571230425,0,2,0,0,24
61.5,-56.80193922883643,-10.452042164884023,1.5061634207784422,0.0,0.0,0.0,0.0,0.0,0.0,ZERO_INTENT,0.7110185571230425,0,2,0,0,24
61.516666666666666,-56.80193922883643,-10.452042164884023,1.5061634207784422,0.0,0.0,0.0,0.0,0.0,0.0,ZERO_INTENT,0.7110185571230425,0,2,0,0,24
61.53333333333333,-56.80193922883643,-10.452042164884023,1.5061634207784422,0.0,0.0,0.0,0.0,0.0,0.0,ZERO_INTENT,0.7110185571230425,0,2,0,0,24
61.55,-56.80193922883643,-10.452042164884023,1.5061634207784422,0.0,0.0,0.0,0.0,0.0,0.0,ZERO_INTENT,0.7110185571230425,0,2,0,0,24
61.56666666666667,-56.80193922883643,-10.452042164884023,1.5061634207784422,0.0,0.0,0.0,0.0,0.0,0.0,ZERO_INTENT,0.7110185571230425,0,2,0,0,24
61.583333333333336,-56.80193922883643,-10.452042164884023,1.5061634207784422,0.0,0.0,0.0,0.0,0.0,0.0,ZERO_INTENT,0.7110185571230425,0,2,0,0,24
61.6,-56.80193922883643,-10.452042164884023,1.5061634207784422,0.0,0.0,0.0,0.0,0.0,0.0,ZERO_INTENT,0.7110185571230425,0,2,0,0,24
61.61666666666667,-56.80193922883643,-10.452042164884023,1.5061634207784422,0.0,0.0,0.0,0.0,0.0,0.0,ZERO_INTENT,0.7110185571230425,0,2,0,0,24
61.63333333333333,-56.80193922883643,-10.452042164884023,1.5061634207784422,0.0,0.0,0.0,0.0,0.0,0.0,ZERO_INTENT,0.7110185571230425,0,2,0,0,24
61.65,-56.80193922883643,-10.452042164884023,1.5061634207784422,0.0,0.0,0.0,0.0,0.0,0.0,ZERO_INTENT,0.7110185571230425,0,2,0,0,24
61.666666666666664,-56.80193922883643,-10.452042164884023,1.5061634207784422,0.0,0.0,0.0,0.0,0.0,0.0,ZERO_INTENT,0.7110185571230425,0,2,0,0,24
61.68333333333333,-56.80193922883643,-10.452042164884023,1.5061634207784422,0.0,0.0,0.0,0.0,0.0,0.0,ZERO_INTENT,0.7110185571230425,0,2,0,0,24
61.7,-56.80193922883643,-10.452042164884023,1.5061634207784422,0.0,0.0,0.0,0.0,0.0,0.0,ZERO_INTENT,0.7110185571230425,0,2,0,0,24
61.71666666666667,-56.80193922883643,-10.452042164884023,1.5061634207784422,0.0,0.0,0.0,0.0,0.0,0.0,ZERO_INTENT,0.7110185571230425,0,2,0,0,24
61.733333333333334,-56.80193922883643,-10.452042164884023,1.5061634207784422,0.0,0.0,0.0,0.0,0.0,0.0,ZERO_INTENT,0.7110185571230425,0,2,0,0,24
61.75,-56.80193922883643,-10.452042164884023,1.5061634207784422,0.0,0.0,0.0,0.0,0.0,0.0,ZERO_INTENT,0.7110185571230425,0,2,0,0,24
61.766666666666666,-56.80193922883643,-10.452042164884023,1.5061634207784422,0.0,0.0,0.0,0.0,0.0,0.0,ZERO_INTENT,0.7110185571230425,0,2,0,0,24
61.78333333333333,-56.80193922883643,-10.452042164884023,1.5061634207784422,0.0,0.0,0.0,0.0,0.0,0.0,ZERO_INTENT,0.7110185571230425,0,2,0,0,24
61.8,-56.80193922883643,-10.452042164884023,1.5061634207784422,0.0,0.0,0.0,0.0,0.0,0.0,ZERO_INTENT,0.7110185571230425,0,2,0,0,24
61.81666666666667,-56.80193922883643,-10.452042164884023,1.5061634207784422,0.0,0.0,0.0,0.0,0.0,0.0,ZERO_INTENT,0.7110185571230425,0,2,0,0,24
61.833333333333336,-56.80193922883643,-10.452042164884023,1.5061634207784422,0.0,0.0,0.0,0.0,0.0,0.0,ZERO_INTENT,0.7110185571230425,0,2,0,0,24
61.85,-56.80193922883643,-10.452042164884023,1.5061634207784422,0.0,0.0,0.0,0.0,0.0,0.0,ZERO_INTENT,0.7110185571230425,0,2,0,0,24
61.86666666666667,-56.80193922883643,-10.452042164884023,1.5061634207784422,0.0,0.0,0.0,0.0,0.0,0.0,ZERO_INTENT,0.7110185571230425,0,2,0,0,24
61.88333333333333,-56.80193922883643,-10.452042164884023,1.5061634207784422,0.0,0.0,0.0,0.0,0.0,0.0,ZERO_INTENT,0.7110185571230425,0,2,0,0,24
61.9,-56.80193922883643,-10.452042164884023,1.5061634207784422,0.0,0.0,0.0,0.0,0.0,0.0,ZERO_INTENT,0.7110185571230425,0,2,0,0,24
61.916666666666664,-56.80193922883643,-10.452042164884023,1.5061634207784422,0.0,0.0,0.0,0.0,0.0,0.0,ZERO_INTENT,0.7110185571230425,0,2,0,0,24
61.93333333333333,-56.80193922883643,-10.452042164884023,1.5061634207784422,0.0,0.0,0.0,0.0,0.0,0.0,ZERO_INTENT,0.7110185571230425,0,2,0,0,24
61.95,-56.80193922883643,-10.452042164884023,1.5061634207784422,0.0,0.0,0.0,0.0,0.0,0.0,ZERO_INTENT,0.7110185571230425,0,2,0,0,24
61.96666666666667,-56.80193922883643,-10.452042164884023,1.5061634207784422,0.0,0.0,0.0,0.0,0.0,0.0,ZERO_INTENT,0.7110185571230425,0,2,0,0,24
61.983333333333334,-56.80193922883643,-10.452042164884023,1.5061634207784422,0.0,0.0,0.0,0.0,0.0,0.0,ZERO_INTENT,0.7110185571230425,0,2,0,0,24
62.0,-56.80193922883643,-10.452042164884023,1.5061634207784422,0.0,0.0,0.0,0.0,-1.0,0.0,ZERO_INTENT,0.7110185571230425,0,2,0,0,24
62.016666666666666,-56.80193922883643,-10.452042164884023,1.5061634207784422,0.0,0.0,0.0,0.0,-1.0,0.0,ZERO_INTENT,0.7110185571230425,0,2,0,0,24
62.03333333333333,-56.80193922883643,-10.452042164884023,1.5061634207784422,0.0,0.0,0.0,0.0,-1.0,0.0,ZERO_INTENT,0.7110185571230425,0,2,0,0,24
62.05,-56.80193922883643,-10.452042164884023,1.5061634207784422,0.0,0.0,0.0,0.0,-1.0,0.0,ZERO_INTENT,0.7110185571230425,0,2,0,0,24
62.06666666666667,-56.80193922883643,-10.452042164884023,1.5061634207784422,0.0,0.0,0.0,0.0,-1.0,0.0,UNOBSERVED_BODY_ENVELOPE,0.7110185571230425,0,2,0,0,24
62.083333333333336,-56.80193922883643,-10.452042164884023,1.5061634207784422,0.0,0.0,0.0,0.0,-1.0,0.0,UNOBSERVED_BODY_ENVELOPE,0.7110185571230425,0,2,0,0,24
62.1,-56.80193922883643,-10.452042164884023,1.5061634207784422,0.0,0.0,0.0,0.0,-1.0,0.0,UNOBSERVED_BODY_ENVELOPE,0.7110185571230425,0,2,0,0,24
62.11666666666667,-56.80193922883643,-10.452042164884023,1.5061634207784422,0.0,0.0,0.0,0.0,-1.0,0.0,UNOBSERVED_BODY_ENVELOPE,0.7110185571230425,0,2,0,0,24
62.13333333333333,-56.80193922883643,-10.452042164884023,1.5061634207784422,0.0,0.0,0.0,0.0,-1.0,0.0,UNOBSERVED_BODY_ENVELOPE,0.7110185571230425,0,2,0,0,24
62.15,-56.80193922883643,-10.452042164884023,1.5061634207784422,0.0,0.0,0.0,0.0,-1.0,0.0,UNOBSERVED_BODY_ENVELOPE,0.7110185571230425,0,2,0,0,24
62.166666666666664,-56.80193922883643,-10.452042164884023,1.5061634207784422,0.0,0.0,0.0,0.0,-1.0,0.0,UNOBSERVED_BODY_ENVELOPE,0.7110185571230425,0,2,0,0,24
62.18333333333333,-56.80193922883643,-10.452042164884023,1.5061634207784422,0.0,0.0,0.0,0.0,-1.0,0.0,UNOBSERVED_BODY_ENVELOPE,0.7110185571230425,0,2,0,0,24
62.2,-56.80193922883643,-10.452042164884023,1.5061634207784422,0.0,0.0,0.0,0.0,-1.0,0.0,UNOBSERVED_BODY_ENVELOPE,0.7110185571230425,0,2,0,0,24
62.21666666666667,-56.80193922883643,-10.452042164884023,1.5061634207784422,0.0,0.0,0.0,0.0,-1.0,0.0,UNOBSERVED_BODY_ENVELOPE,0.7110185571230425,0,2,0,0,24
62.233333333333334,-56.80193922883643,-10.452042164884023,1.5061634207784422,0.0,0.0,0.0,0.0,-1.0,0.0,UNOBSERVED_BODY_ENVELOPE,0.7110185571230425,0,2,0,0,24
62.25,-56.80193922883643,-10.452042164884023,1.5061634207784422,0.0,0.0,0.0,0.0,-1.0,0.0,UNOBSERVED_BODY_ENVELOPE,0.7110185571230425,0,2,0,0,24
62.266666666666666,-56.80193922883643,-10.452042164884023,1.5061634207784422,0.0,0.0,0.0,0.0,-1.0,0.0,UNOBSERVED_BODY_ENVELOPE,0.7110185571230425,0,2,0,0,24
62.28333333333333,-56.80193922883643,-10.452042164884023,1.5061634207784422,0.0,0.0,0.0,0.0,-1.0,0.0,UNOBSERVED_BODY_ENVELOPE,0.7110185571230425,0,2,0,0,24
62.3,-56.80193922883643,-10.452042164884023,1.5061634207784422,0.0,0.0,0.0,0.0,-1.0,0.0,UNOBSERVED_BODY_ENVELOPE,0.7110185571230425,0,2,0,0,24
62.31666666666667,-56.80193922883643,-10.452042164884023,1.5061634207784422,0.0,0.0,0.0,0.0,-1.0,0.0,UNOBSERVED_BODY_ENVELOPE,0.7110185571230425,0,2,0,0,24
62.333333333333336,-56.80193922883643,-10.452042164884023,1.5061634207784422,0.0,0.0,0.0,0.0,-1.0,0.0,UNOBSERVED_BODY_ENVELOPE,0.7110185571230425,0,2,0,0,24
62.35,-56.80193922883643,-10.452042164884023,1.5061634207784422,0.0,0.0,0.0,0.0,-1.0,0.0,UNOBSERVED_BODY_ENVELOPE,0.7110185571230425,0,2,0,0,24
62.36666666666667,-56.80193922883643,-10.452042164884023,1.5061634207784422,0.0,0.0,0.0,0.0,-1.0,0.0,UNOBSERVED_BODY_ENVELOPE,0.7110185571230425,0,2,0,0,24
62.38333333333333,-56.80193922883643,-10.452042164884023,1.5061634207784422,0.0,0.0,0.0,0.0,-1.0,0.0,UNOBSERVED_BODY_ENVELOPE,0.7110185571230425,0,2,0,0,24
62.4,-56.80193922883643,-10.452042164884023,1.5061634207784422,0.0,0.0,0.0,0.0,-1.0,0.0,UNOBSERVED_BODY_ENVELOPE,0.7110185571230425,0,2,0,0,24
62.416666666666664,-56.80193922883643,-10.452042164884023,1.5061634207784422,0.0,0.0,0.0,0.0,-1.0,0.0,UNOBSERVED_BODY_ENVELOPE,0.7110185571230425,0,2,0,0,24
62.43333333333333,-56.80193922883643,-10.452042164884023,1.5061634207784422,0.0,0.0,0.0,0.0,-1.0,0.0,UNOBSERVED_BODY_ENVELOPE,0.7110185571230425,0,2,0,0,24
62.45,-56.80193922883643,-10.452042164884023,1.5061634207784422,0.0,0.0,0.0,0.0,-1.0,0.0,UNOBSERVED_BODY_ENVELOPE,0.7110185571230425,0,2,0,0,24
62.46666666666667,-56.80193922883643,-10.452042164884023,1.5061634207784422,0.0,0.0,0.0,0.0,-1.0,0.0,UNOBSERVED_BODY_ENVELOPE,0.7110185571230425,0,2,0,0,24
62.483333333333334,-56.80193922883643,-10.452042164884023,1.5061634207784422,0.0,0.0,0.0,0.0,-1.0,0.0,UNOBSERVED_BODY_ENVELOPE,0.7110185571230425,0,2,0,0,24
62.5,-56.80193922883643,-10.452042164884023,1.5061634207784422,0.0,0.0,0.0,0.0,-1.0,0.0,UNOBSERVED_BODY_ENVELOPE,0.7110185571230425,0,2,0,0,24
62.516666666666666,-56.80193922883643,-10.452042164884023,1.5061634207784422,0.0,0.0,0.0,0.0,-1.0,0.0,UNOBSERVED_BODY_ENVELOPE,0.7110185571230425,0,2,0,0,24
62.53333333333333,-56.80193922883643,-10.452042164884023,1.5061634207784422,0.0,0.0,0.0,0.0,-1.0,0.0,UNOBSERVED_BODY_ENVELOPE,0.7110185571230425,0,2,0,0,24
62.55,-56.80193922883643,-10.452042164884023,1.5061634207784422,0.0,0.0,0.0,0.0,-1.0,0.0,UNOBSERVED_BODY_ENVELOPE,0.7110185571230425,0,2,0,0,24
62.56666666666667,-56.80193922883643,-10.452042164884023,1.5061634207784422,0.0,0.0,0.0,0.0,-1.0,0.0,UNOBSERVED_BODY_ENVELOPE,0.7110185571230425,0,2,0,0,24
62.583333333333336,-56.80193922883643,-10.452042164884023,1.5061634207784422,0.0,0.0,0.0,0.0,-1.0,0.0,UNOBSERVED_BODY_ENVELOPE,0.7110185571230425,0,2,0,0,24
62.6,-56.80193922883643,-10.452042164884023,1.5061634207784422,0.0,0.0,0.0,0.0,-1.0,0.0,UNOBSERVED_BODY_ENVELOPE,0.7110185571230425,0,2,0,0,24
62.61666666666667,-56.80193922883643,-10.452042164884023,1.5061634207784422,0.0,0.0,0.0,0.0,-1.0,0.0,UNOBSERVED_BODY_ENVELOPE,0.7110185571230425,0,2,0,0,24
62.63333333333333,-56.80193922883643,-10.452042164884023,1.5061634207784422,0.0,0.0,0.0,0.0,-1.0,0.0,UNOBSERVED_BODY_ENVELOPE,0.7110185571230425,0,2,0,0,24
62.65,-56.80193922883643,-10.452042164884023,1.5061634207784422,0.0,0.0,0.0,0.0,-1.0,0.0,UNOBSERVED_BODY_ENVELOPE,0.7110185571230425,0,2,0,0,24
62.666666666666664,-56.80193922883643,-10.452042164884023,1.5061634207784422,0.0,0.0,0.0,0.0,-1.0,0.0,UNOBSERVED_BODY_ENVELOPE,0.7110185571230425,0,2,0,0,24
62.68333333333333,-56.80193922883643,-10.452042164884023,1.5061634207784422,0.0,0.0,0.0,0.0,-1.0,0.0,UNOBSERVED_BODY_ENVELOPE,0.7110185571230425,0,2,0,0,24
62.7,-56.80193922883643,-10.452042164884023,1.5061634207784422,0.0,0.0,0.0,0.0,-1.0,0.0,UNOBSERVED_BODY_ENVELOPE,0.7110185571230425,0,2,0,0,24
62.71666666666667,-56.80193922883643,-10.452042164884023,1.5061634207784422,0.0,0.0,0.0,0.0,-1.0,0.0,UNOBSERVED_BODY_ENVELOPE,0.7110185571230425,0,2,0,0,24
62.733333333333334,-56.80193922883643,-10.452042164884023,1.5061634207784422,0.0,0.0,0.0,0.0,-1.0,0.0,UNOBSERVED_BODY_ENVELOPE,0.7110185571230425,0,2,0,0,24
62.75,-56.80193922883643,-10.452042164884023,1.5061634207784422,0.0,0.0,0.0,0.0,-1.0,0.0,UNOBSERVED_BODY_ENVELOPE,0.7110185571230425,0,2,0,0,24
62.766666666666666,-56.80193922883643,-10.452042164884023,1.5061634207784422,0.0,0.0,0.0,0.0,-1.0,0.0,UNOBSERVED_BODY_ENVELOPE,0.7110185571230425,0,2,0,0,24
62.78333333333333,-56.80193922883643,-10.452042164884023,1.5061634207784422,0.0,0.0,0.0,0.0,-1.0,0.0,UNOBSERVED_BODY_ENVELOPE,0.7110185571230425,0,2,0,0,24
62.8,-56.80193922883643,-10.452042164884023,1.5061634207784422,0.0,0.0,0.0,0.0,-1.0,0.0,UNOBSERVED_BODY_ENVELOPE,0.7110185571230425,0,2,0,0,24
62.81666666666667,-56.80193922883643,-10.452042164884023,1.5061634207784422,0.0,0.0,0.0,0.0,-1.0,0.0,UNOBSERVED_BODY_ENVELOPE,0.7110185571230425,0,2,0,0,24
62.833333333333336,-56.80193922883643,-10.452042164884023,1.5061634207784422,0.0,0.0,0.0,0.0,-1.0,0.0,UNOBSERVED_BODY_ENVELOPE,0.7110185571230425,0,2,0,0,24
62.85,-56.80193922883643,-10.452042164884023,1.5061634207784422,0.0,0.0,0.0,0.0,-1.0,0.0,UNOBSERVED_BODY_ENVELOPE,0.7110185571230425,0,2,0,0,24
62.86666666666667,-56.80193922883643,-10.452042164884023,1.5061634207784422,0.0,0.0,0.0,0.0,-1.0,0.0,UNOBSERVED_BODY_ENVELOPE,0.7110185571230425,0,2,0,0,24
62.88333333333333,-56.80193922883643,-10.452042164884023,1.5061634207784422,0.0,0.0,0.0,0.0,-1.0,0.0,UNOBSERVED_BODY_ENVELOPE,0.7110185571230425,0,2,0,0,24
62.9,-56.80193922883643,-10.452042164884023,1.5061634207784422,0.0,0.0,0.0,0.0,-1.0,0.0,UNOBSERVED_BODY_ENVELOPE,0.7110185571230425,0,2,0,0,24
62.916666666666664,-56.80193922883643,-10.452042164884023,1.5061634207784422,0.0,0.0,0.0,0.0,-1.0,0.0,UNOBSERVED_BODY_ENVELOPE,0.7110185571230425,0,2,0,0,24
62.93333333333333,-56.80193922883643,-10.452042164884023,1.5061634207784422,0.0,0.0,0.0,0.0,-1.0,0.0,UNOBSERVED_BODY_ENVELOPE,0.7110185571230425,0,2,0,0,24
62.95,-56.80193922883643,-10.452042164884023,1.5061634207784422,0.0,0.0,0.0,0.0,-1.0,0.0,UNOBSERVED_BODY_ENVELOPE,0.7110185571230425,0,2,0,0,24
62.96666666666667,-56.80193922883643,-10.452042164884023,1.5061634207784422,0.0,0.0,0.0,0.0,-1.0,0.0,UNOBSERVED_BODY_ENVELOPE,0.7110185571230425,0,2,0,0,24
62.983333333333334,-56.80193922883643,-10.452042164884023,1.5061634207784422,0.0,0.0,0.0,0.0,-1.0,0.0,UNOBSERVED_BODY_ENVELOPE,0.7110185571230425,0,2,0,0,24
63.0,-56.80193922883643,-10.452042164884023,1.5061634207784422,0.0,0.0,0.0,0.0,-1.0,0.0,UNOBSERVED_BODY_ENVELOPE,0.7110185571230425,0,2,0,0,24
63.016666666666666,-56.80193922883643,-10.452042164884023,1.5061634207784422,0.0,0.0,0.0,0.0,-1.0,0.0,UNOBSERVED_BODY_ENVELOPE,0.7110185571230425,0,2,0,0,24
63.03333333333333,-56.80193922883643,-10.452042164884023,1.5061634207784422,0.0,0.0,0.0,0.0,-1.0,0.0,UNOBSERVED_BODY_ENVELOPE,0.7110185571230425,0,2,0,0,24
63.05,-56.80193922883643,-10.452042164884023,1.5061634207784422,0.0,0.0,0.0,0.0,-1.0,0.0,UNOBSERVED_BODY_ENVELOPE,0.7110185571230425,0,2,0,0,24
63.06666666666667,-56.80193922883643,-10.452042164884023,1.5061634207784422,0.0,0.0,0.0,0.0,-1.0,0.0,UNOBSERVED_BODY_ENVELOPE,0.7110185571230425,0,2,0,0,24
63.083333333333336,-56.80193922883643,-10.452042164884023,1.5061634207784422,0.0,0.0,0.0,0.0,-1.0,0.0,UNOBSERVED_BODY_ENVELOPE,0.7110185571230425,0,2,0,0,24
63.1,-56.80193922883643,-10.452042164884023,1.5061634207784422,0.0,0.0,0.0,0.0,-1.0,0.0,UNOBSERVED_BODY_ENVELOPE,0.7110185571230425,0,2,0,0,24
63.11666666666667,-56.80193922883643,-10.452042164884023,1.5061634207784422,0.0,0.0,0.0,0.0,-1.0,0.0,UNOBSERVED_BODY_ENVELOPE,0.7110185571230425,0,2,0,0,24
63.13333333333333,-56.80193922883643,-10.452042164884023,1.5061634207784422,0.0,0.0,0.0,0.0,-1.0,0.0,UNOBSERVED_BODY_ENVELOPE,0.7110185571230425,0,2,0,0,24
63.15,-56.80193922883643,-10.452042164884023,1.5061634207784422,0.0,0.0,0.0,0.0,-1.0,0.0,UNOBSERVED_BODY_ENVELOPE,0.7110185571230425,0,2,0,0,24
63.166666666666664,-56.80193922883643,-10.452042164884023,1.5061634207784422,0.0,0.0,0.0,0.0,-1.0,0.0,UNOBSERVED_BODY_ENVELOPE,0.7110185571230425,0,2,0,0,24
63.18333333333333,-56.80193922883643,-10.452042164884023,1.5061634207784422,0.0,0.0,0.0,0.0,-1.0,0.0,UNOBSERVED_BODY_ENVELOPE,0.7110185571230425,0,2,0,0,24
63.2,-56.80193922883643,-10.452042164884023,1.5061634207784422,0.0,0.0,0.0,0.0,-1.0,0.0,UNOBSERVED_BODY_ENVELOPE,0.7110185571230425,0,2,0,0,24
63.21666666666667,-56.80193922883643,-10.452042164884023,1.5061634207784422,0.0,0.0,0.0,0.0,-1.0,0.0,UNOBSERVED_BODY_ENVELOPE,0.7110185571230425,0,2,0,0,24
63.233333333333334,-56.80193922883643,-10.452042164884023,1.5061634207784422,0.0,0.0,0.0,0.0,-1.0,0.0,UNOBSERVED_BODY_ENVELOPE,0.7110185571230425,0,2,0,0,24
63.25,-56.80193922883643,-10.452042164884023,1.5061634207784422,0.0,0.0,0.0,0.0,-1.0,0.0,UNOBSERVED_BODY_ENVELOPE,0.7110185571230425,0,2,0,0,24
63.266666666666666,-56.80193922883643,-10.452042164884023,1.5061634207784422,0.0,0.0,0.0,0.0,-1.0,0.0,UNOBSERVED_BODY_ENVELOPE,0.7110185571230425,0,2,0,0,24
63.28333333333333,-56.80193922883643,-10.452042164884023,1.5061634207784422,0.0,0.0,0.0,0.0,-1.0,0.0,UNOBSERVED_BODY_ENVELOPE,0.7110185571230425,0,2,0,0,24
63.3,-56.80193922883643,-10.452042164884023,1.5061634207784422,0.0,0.0,0.0,0.0,-1.0,0.0,UNOBSERVED_BODY_ENVELOPE,0.7110185571230425,0,2,0,0,24
63.31666666666667,-56.80193922883643,-10.452042164884023,1.5061634207784422,0.0,0.0,0.0,0.0,-1.0,0.0,UNOBSERVED_BODY_ENVELOPE,0.7110185571230425,0,2,0,0,24
63.333333333333336,-56.80193922883643,-10.452042164884023,1.5061634207784422,0.0,0.0,0.0,0.0,-1.0,0.0,UNOBSERVED_BODY_ENVELOPE,0.7110185571230425,0,2,0,0,24
63.35,-56.80193922883643,-10.452042164884023,1.5061634207784422,0.0,0.0,0.0,0.0,-1.0,0.0,UNOBSERVED_BODY_ENVELOPE,0.7110185571230425,0,2,0,0,24
63.36666666666667,-56.80193922883643,-10.452042164884023,1.5061634207784422,0.0,0.0,0.0,0.0,-1.0,0.0,UNOBSERVED_BODY_ENVELOPE,0.7110185571230425,0,2,0,0,24
63.38333333333333,-56.80193922883643,-10.452042164884023,1.5061634207784422,0.0,0.0,0.0,0.0,-1.0,0.0,UNOBSERVED_BODY_ENVELOPE,0.7110185571230425,0,2,0,0,24
63.4,-56.80193922883643,-10.452042164884023,1.5061634207784422,0.0,0.0,0.0,0.0,-1.0,0.0,UNOBSERVED_BODY_ENVELOPE,0.7110185571230425,0,2,0,0,24
63.416666666666664,-56.80193922883643,-10.452042164884023,1.5061634207784422,0.0,0.0,0.0,0.0,-1.0,0.0,UNOBSERVED_BODY_ENVELOPE,0.7110185571230425,0,2,0,0,24
63.43333333333333,-56.80193922883643,-10.452042164884023,1.5061634207784422,0.0,0.0,0.0,0.0,-1.0,0.0,UNOBSERVED_BODY_ENVELOPE,0.7110185571230425,0,2,0,0,24
63.45,-56.80193922883643,-10.452042164884023,1.5061634207784422,0.0,0.0,0.0,0.0,-1.0,0.0,UNOBSERVED_BODY_ENVELOPE,0.7110185571230425,0,2,0,0,24
63.46666666666667,-56.80193922883643,-10.452042164884023,1.5061634207784422,0.0,0.0,0.0,0.0,-1.0,0.0,UNOBSERVED_BODY_ENVELOPE,0.7110185571230425,0,2,0,0,24
63.483333333333334,-56.80193922883643,-10.452042164884023,1.5061634207784422,0.0,0.0,0.0,0.0,-1.0,0.0,UNOBSERVED_BODY_ENVELOPE,0.7110185571230425,0,2,0,0,24
63.5,-56.80193922883643,-10.452042164884023,1.5061634207784422,0.0,0.0,0.0,0.0,-1.0,0.0,UNOBSERVED_BODY_ENVELOPE,0.7110185571230425,0,2,0,0,24
63.516666666666666,-56.80193922883643,-10.452042164884023,1.5061634207784422,0.0,0.0,0.0,0.0,-1.0,0.0,UNOBSERVED_BODY_ENVELOPE,0.7110185571230425,0,2,0,0,24
63.53333333333333,-56.80193922883643,-10.452042164884023,1.5061634207784422,0.0,0.0,0.0,0.0,-1.0,0.0,UNOBSERVED_BODY_ENVELOPE,0.7110185571230425,0,2,0,0,24
63.55,-56.80193922883643,-10.452042164884023,1.5061634207784422,0.0,0.0,0.0,0.0,-1.0,0.0,UNOBSERVED_BODY_ENVELOPE,0.7110185571230425,0,2,0,0,24
63.56666666666667,-56.80193922883643,-10.452042164884023,1.5061634207784422,0.0,0.0,0.0,0.0,-1.0,0.0,UNOBSERVED_BODY_ENVELOPE,0.7110185571230425,0,2,0,0,24
63.583333333333336,-56.80193922883643,-10.452042164884023,1.5061634207784422,0.0,0.0,0.0,0.0,-1.0,0.0,UNOBSERVED_BODY_ENVELOPE,0.7110185571230425,0,2,0,0,24
63.6,-56.80193922883643,-10.452042164884023,1.5061634207784422,0.0,0.0,0.0,0.0,-1.0,0.0,UNOBSERVED_BODY_ENVELOPE,0.7110185571230425,0,2,0,0,24
63.61666666666667,-56.80193922883643,-10.452042164884023,1.5061634207784422,0.0,0.0,0.0,0.0,-1.0,0.0,UNOBSERVED_BODY_ENVELOPE,0.7110185571230425,0,2,0,0,24
63.63333333333333,-56.80193922883643,-10.452042164884023,1.5061634207784422,0.0,0.0,0.0,0.0,-1.0,0.0,UNOBSERVED_BODY_ENVELOPE,0.7110185571230425,0,2,0,0,24
63.65,-56.80193922883643,-10.452042164884023,1.5061634207784422,0.0,0.0,0.0,0.0,-1.0,0.0,UNOBSERVED_BODY_ENVELOPE,0.7110185571230425,0,2,0,0,24
63.666666666666664,-56.80193922883643,-10.452042164884023,1.5061634207784422,0.0,0.0,0.0,0.0,-1.0,0.0,UNOBSERVED_BODY_ENVELOPE,0.7110185571230425,0,2,0,0,24
63.68333333333333,-56.80193922883643,-10.452042164884023,1.5061634207784422,0.0,0.0,0.0,0.0,-1.0,0.0,UNOBSERVED_BODY_ENVELOPE,0.7110185571230425,0,2,0,0,24
63.7,-56.80193922883643,-10.452042164884023,1.5061634207784422,0.0,0.0,0.0,0.0,-1.0,0.0,UNOBSERVED_BODY_ENVELOPE,0.7110185571230425,0,2,0,0,24
63.71666666666667,-56.80193922883643,-10.452042164884023,1.5061634207784422,0.0,0.0,0.0,0.0,-1.0,0.0,UNOBSERVED_BODY_ENVELOPE,0.7110185571230425,0,2,0,0,24
63.733333333333334,-56.80193922883643,-10.452042164884023,1.5061634207784422,0.0,0.0,0.0,0.0,-1.0,0.0,UNOBSERVED_BODY_ENVELOPE,0.7110185571230425,0,2,0,0,24
63.75,-56.80193922883643,-10.452042164884023,1.5061634207784422,0.0,0.0,0.0,0.0,-1.0,0.0,UNOBSERVED_BODY_ENVELOPE,0.7110185571230425,0,2,0,0,24
63.766666666666666,-56.80193922883643,-10.452042164884023,1.5061634207784422,0.0,0.0,0.0,0.0,-1.0,0.0,UNOBSERVED_BODY_ENVELOPE,0.7110185571230425,0,2,0,0,24
63.78333333333333,-56.80193922883643,-10.452042164884023,1.5061634207784422,0.0,0.0,0.0,0.0,-1.0,0.0,UNOBSERVED_BODY_ENVELOPE,0.7110185571230425,0,2,0,0,24
63.8,-56.80193922883643,-10.452042164884023,1.5061634207784422,0.0,0.0,0.0,0.0,-1.0,0.0,UNOBSERVED_BODY_ENVELOPE,0.7110185571230425,0,2,0,0,24
63.81666666666667,-56.80193922883643,-10.452042164884023,1.5061634207784422,0.0,0.0,0.0,0.0,-1.0,0.0,UNOBSERVED_BODY_ENVELOPE,0.7110185571230425,0,2,0,0,24
63.833333333333336,-56.80193922883643,-10.452042164884023,1.5061634207784422,0.0,0.0,0.0,0.0,-1.0,0.0,UNOBSERVED_BODY_ENVELOPE,0.7110185571230425,0,2,0,0,24
63.85,-56.80193922883643,-10.452042164884023,1.5061634207784422,0.0,0.0,0.0,0.0,-1.0,0.0,UNOBSERVED_BODY_ENVELOPE,0.7110185571230425,0,2,0,0,24
63.86666666666667,-56.80193922883643,-10.452042164884023,1.5061634207784422,0.0,0.0,0.0,0.0,-1.0,0.0,UNOBSERVED_BODY_ENVELOPE,0.7110185571230425,0,2,0,0,24
63.88333333333333,-56.80193922883643,-10.452042164884023,1.5061634207784422,0.0,0.0,0.0,0.0,-1.0,0.0,UNOBSERVED_BODY_ENVELOPE,0.7110185571230425,0,2,0,0,24
63.9,-56.80193922883643,-10.452042164884023,1.5061634207784422,0.0,0.0,0.0,0.0,-1.0,0.0,UNOBSERVED_BODY_ENVELOPE,0.7110185571230425,0,2,0,0,24
63.916666666666664,-56.80193922883643,-10.452042164884023,1.5061634207784422,0.0,0.0,0.0,0.0,-1.0,0.0,UNOBSERVED_BODY_ENVELOPE,0.7110185571230425,0,2,0,0,24
63.93333333333333,-56.80193922883643,-10.452042164884023,1.5061634207784422,0.0,0.0,0.0,0.0,-1.0,0.0,UNOBSERVED_BODY_ENVELOPE,0.7110185571230425,0,2,0,0,24
63.95,-56.80193922883643,-10.452042164884023,1.5061634207784422,0.0,0.0,0.0,0.0,-1.0,0.0,UNOBSERVED_BODY_ENVELOPE,0.7110185571230425,0,2,0,0,24
63.96666666666667,-56.80193922883643,-10.452042164884023,1.5061634207784422,0.0,0.0,0.0,0.0,-1.0,0.0,UNOBSERVED_BODY_ENVELOPE,0.7110185571230425,0,2,0,0,24
63.983333333333334,-56.80193922883643,-10.452042164884023,1.5061634207784422,0.0,0.0,0.0,0.0,-1.0,0.0,UNOBSERVED_BODY_ENVELOPE,0.7110185571230425,0,2,0,0,24
64.0,-56.80193922883643,-10.452042164884023,1.5061634207784422,0.0,0.0,0.0,0.0,-1.0,0.0,UNOBSERVED_BODY_ENVELOPE,0.7110185571230425,0,2,0,0,24
64.01666666666667,-56.80193922883643,-10.452042164884023,1.5061634207784422,0.0,0.0,0.0,0.0,-1.0,0.0,UNOBSERVED_BODY_ENVELOPE,0.7110185571230425,0,2,0,0,24
64.03333333333333,-56.80193922883643,-10.452042164884023,1.5061634207784422,0.0,0.0,0.0,0.0,-1.0,0.0,UNOBSERVED_BODY_ENVELOPE,0.7110185571230425,0,2,0,0,24
64.05,-56.80193922883643,-10.452042164884023,1.5061634207784422,0.0,0.0,0.0,0.0,-1.0,0.0,UNOBSERVED_BODY_ENVELOPE,0.7110185571230425,0,2,0,0,24
64.06666666666666,-56.80193922883643,-10.452042164884023,1.5061634207784422,0.0,0.0,0.0,0.0,-1.0,0.0,UNOBSERVED_BODY_ENVELOPE,0.7110185571230425,0,2,0,0,24
64.08333333333333,-56.80193922883643,-10.452042164884023,1.5061634207784422,0.0,0.0,0.0,0.0,-1.0,0.0,UNOBSERVED_BODY_ENVELOPE,0.7110185571230425,0,2,0,0,24
64.1,-56.80193922883643,-10.452042164884023,1.5061634207784422,0.0,0.0,0.0,0.0,-1.0,0.0,UNOBSERVED_BODY_ENVELOPE,0.7110185571230425,0,2,0,0,24
64.11666666666666,-56.80193922883643,-10.452042164884023,1.5061634207784422,0.0,0.0,0.0,0.0,-1.0,0.0,UNOBSERVED_BODY_ENVELOPE,0.7110185571230425,0,2,0,0,24
64.13333333333334,-56.80193922883643,-10.452042164884023,1.5061634207784422,0.0,0.0,0.0,0.0,-1.0,0.0,UNOBSERVED_BODY_ENVELOPE,0.7110185571230425,0,2,0,0,24
64.15,-56.80193922883643,-10.452042164884023,1.5061634207784422,0.0,0.0,0.0,0.0,-1.0,0.0,UNOBSERVED_BODY_ENVELOPE,0.7110185571230425,0,2,0,0,24
64.16666666666667,-56.80193922883643,-10.452042164884023,1.5061634207784422,0.0,0.0,0.0,0.0,-1.0,0.0,UNOBSERVED_BODY_ENVELOPE,0.7110185571230425,0,2,0,0,24
64.18333333333334,-56.80193922883643,-10.452042164884023,1.5061634207784422,0.0,0.0,0.0,0.0,-1.0,0.0,UNOBSERVED_BODY_ENVELOPE,0.7110185571230425,0,2,0,0,24
64.2,-56.80193922883643,-10.452042164884023,1.5061634207784422,0.0,0.0,0.0,0.0,-1.0,0.0,UNOBSERVED_BODY_ENVELOPE,0.7110185571230425,0,2,0,0,24
64.21666666666667,-56.80193922883643,-10.452042164884023,1.5061634207784422,0.0,0.0,0.0,0.0,-1.0,0.0,UNOBSERVED_BODY_ENVELOPE,0.7110185571230425,0,2,0,0,24
64.23333333333333,-56.80193922883643,-10.452042164884023,1.5061634207784422,0.0,0.0,0.0,0.0,-1.0,0.0,UNOBSERVED_BODY_ENVELOPE,0.7110185571230425,0,2,0,0,24
64.25,-56.80193922883643,-10.452042164884023,1.5061634207784422,0.0,0.0,0.0,0.0,-1.0,0.0,UNOBSERVED_BODY_ENVELOPE,0.7110185571230425,0,2,0,0,24
64.26666666666667,-56.80193922883643,-10.452042164884023,1.5061634207784422,0.0,0.0,0.0,0.0,-1.0,0.0,UNOBSERVED_BODY_ENVELOPE,0.7110185571230425,0,2,0,0,24
64.28333333333333,-56.80193922883643,-10.452042164884023,1.5061634207784422,0.0,0.0,0.0,0.0,-1.0,0.0,UNOBSERVED_BODY_ENVELOPE,0.7110185571230425,0,2,0,0,24
64.3,-56.80193922883643,-10.452042164884023,1.5061634207784422,0.0,0.0,0.0,0.0,-1.0,0.0,UNOBSERVED_BODY_ENVELOPE,0.7110185571230425,0,2,0,0,24
64.31666666666666,-56.80193922883643,-10.452042164884023,1.5061634207784422,0.0,0.0,0.0,0.0,-1.0,0.0,UNOBSERVED_BODY_ENVELOPE,0.7110185571230425,0,2,0,0,24
64.33333333333333,-56.80193922883643,-10.452042164884023,1.5061634207784422,0.0,0.0,0.0,0.0,-1.0,0.0,UNOBSERVED_BODY_ENVELOPE,0.7110185571230425,0,2,0,0,24
64.35,-56.80193922883643,-10.452042164884023,1.5061634207784422,0.0,0.0,0.0,0.0,-1.0,0.0,UNOBSERVED_BODY_ENVELOPE,0.7110185571230425,0,2,0,0,24
64.36666666666666,-56.80193922883643,-10.452042164884023,1.5061634207784422,0.0,0.0,0.0,0.0,-1.0,0.0,UNOBSERVED_BODY_ENVELOPE,0.7110185571230425,0,2,0,0,24
64.38333333333334,-56.80193922883643,-10.452042164884023,1.5061634207784422,0.0,0.0,0.0,0.0,-1.0,0.0,UNOBSERVED_BODY_ENVELOPE,0.7110185571230425,0,2,0,0,24
64.4,-56.80193922883643,-10.452042164884023,1.5061634207784422,0.0,0.0,0.0,0.0,-1.0,0.0,UNOBSERVED_BODY_ENVELOPE,0.7110185571230425,0,2,0,0,24
64.41666666666667,-56.80193922883643,-10.452042164884023,1.5061634207784422,0.0,0.0,0.0,0.0,-1.0,0.0,UNOBSERVED_BODY_ENVELOPE,0.7110185571230425,0,2,0,0,24
64.43333333333334,-56.80193922883643,-10.452042164884023,1.5061634207784422,0.0,0.0,0.0,0.0,-1.0,0.0,UNOBSERVED_BODY_ENVELOPE,0.7110185571230425,0,2,0,0,24
64.45,-56.80193922883643,-10.452042164884023,1.5061634207784422,0.0,0.0,0.0,0.0,-1.0,0.0,UNOBSERVED_BODY_ENVELOPE,0.7110185571230425,0,2,0,0,24
64.46666666666667,-56.80193922883643,-10.452042164884023,1.5061634207784422,0.0,0.0,0.0,0.0,-1.0,0.0,UNOBSERVED_BODY_ENVELOPE,0.7110185571230425,0,2,0,0,24
64.48333333333333,-56.80193922883643,-10.452042164884023,1.5061634207784422,0.0,0.0,0.0,0.0,-1.0,0.0,UNOBSERVED_BODY_ENVELOPE,0.7110185571230425,0,2,0,0,24
64.5,-56.80193922883643,-10.452042164884023,1.5061634207784422,0.0,0.0,0.0,0.0,-1.0,0.0,UNOBSERVED_BODY_ENVELOPE,0.7110185571230425,0,2,0,0,24
64.51666666666667,-56.80193922883643,-10.452042164884023,1.5061634207784422,0.0,0.0,0.0,0.0,-1.0,0.0,UNOBSERVED_BODY_ENVELOPE,0.7110185571230425,0,2,0,0,24
64.53333333333333,-56.80193922883643,-10.452042164884023,1.5061634207784422,0.0,0.0,0.0,0.0,-1.0,0.0,UNOBSERVED_BODY_ENVELOPE,0.7110185571230425,0,2,0,0,24
64.55,-56.80193922883643,-10.452042164884023,1.5061634207784422,0.0,0.0,0.0,0.0,-1.0,0.0,UNOBSERVED_BODY_ENVELOPE,0.7110185571230425,0,2,0,0,24
64.56666666666666,-56.80193922883643,-10.452042164884023,1.5061634207784422,0.0,0.0,0.0,0.0,-1.0,0.0,UNOBSERVED_BODY_ENVELOPE,0.7110185571230425,0,2,0,0,24
64.58333333333333,-56.80193922883643,-10.452042164884023,1.5061634207784422,0.0,0.0,0.0,0.0,-1.0,0.0,UNOBSERVED_BODY_ENVELOPE,0.7110185571230425,0,2,0,0,24
64.6,-56.80193922883643,-10.452042164884023,1.5061634207784422,0.0,0.0,0.0,0.0,-1.0,0.0,UNOBSERVED_BODY_ENVELOPE,0.7110185571230425,0,2,0,0,24
64.61666666666666,-56.80193922883643,-10.452042164884023,1.5061634207784422,0.0,0.0,0.0,0.0,-1.0,0.0,UNOBSERVED_BODY_ENVELOPE,0.7110185571230425,0,2,0,0,24
64.63333333333334,-56.80193922883643,-10.452042164884023,1.5061634207784422,0.0,0.0,0.0,0.0,-1.0,0.0,UNOBSERVED_BODY_ENVELOPE,0.7110185571230425,0,2,0,0,24
64.65,-56.80193922883643,-10.452042164884023,1.5061634207784422,0.0,0.0,0.0,0.0,-1.0,0.0,UNOBSERVED_BODY_ENVELOPE,0.7110185571230425,0,2,0,0,24
64.66666666666667,-56.80193922883643,-10.452042164884023,1.5061634207784422,0.0,0.0,0.0,0.0,-1.0,0.0,UNOBSERVED_BODY_ENVELOPE,0.7110185571230425,0,2,0,0,24
64.68333333333334,-56.80193922883643,-10.452042164884023,1.5061634207784422,0.0,0.0,0.0,0.0,-1.0,0.0,UNOBSERVED_BODY_ENVELOPE,0.7110185571230425,0,2,0,0,24
64.7,-56.80193922883643,-10.452042164884023,1.5061634207784422,0.0,0.0,0.0,0.0,-1.0,0.0,UNOBSERVED_BODY_ENVELOPE,0.7110185571230425,0,2,0,0,24
64.71666666666667,-56.80193922883643,-10.452042164884023,1.5061634207784422,0.0,0.0,0.0,0.0,-1.0,0.0,UNOBSERVED_BODY_ENVELOPE,0.7110185571230425,0,2,0,0,24
64.73333333333333,-56.80193922883643,-10.452042164884023,1.5061634207784422,0.0,0.0,0.0,0.0,-1.0,0.0,UNOBSERVED_BODY_ENVELOPE,0.7110185571230425,0,2,0,0,24
64.75,-56.80193922883643,-10.452042164884023,1.5061634207784422,0.0,0.0,0.0,0.0,-1.0,0.0,UNOBSERVED_BODY_ENVELOPE,0.7110185571230425,0,2,0,0,24
64.76666666666667,-56.80193922883643,-10.452042164884023,1.5061634207784422,0.0,0.0,0.0,0.0,-1.0,0.0,UNOBSERVED_BODY_ENVELOPE,0.7110185571230425,0,2,0,0,24
64.78333333333333,-56.80193922883643,-10.452042164884023,1.5061634207784422,0.0,0.0,0.0,0.0,-1.0,0.0,UNOBSERVED_BODY_ENVELOPE,0.7110185571230425,0,2,0,0,24
64.8,-56.80193922883643,-10.452042164884023,1.5061634207784422,0.0,0.0,0.0,0.0,-1.0,0.0,UNOBSERVED_BODY_ENVELOPE,0.7110185571230425,0,2,0,0,24
64.81666666666666,-56.80193922883643,-10.452042164884023,1.5061634207784422,0.0,0.0,0.0,0.0,-1.0,0.0,UNOBSERVED_BODY_ENVELOPE,0.7110185571230425,0,2,0,0,24
64.83333333333333,-56.80193922883643,-10.452042164884023,1.5061634207784422,0.0,0.0,0.0,0.0,-1.0,0.0,UNOBSERVED_BODY_ENVELOPE,0.7110185571230425,0,2,0,0,24
64.85,-56.80193922883643,-10.452042164884023,1.5061634207784422,0.0,0.0,0.0,0.0,-1.0,0.0,UNOBSERVED_BODY_ENVELOPE,0.7110185571230425,0,2,0,0,24
64.86666666666666,-56.80193922883643,-10.452042164884023,1.5061634207784422,0.0,0.0,0.0,0.0,-1.0,0.0,UNOBSERVED_BODY_ENVELOPE,0.7110185571230425,0,2,0,0,24
64.88333333333334,-56.80193922883643,-10.452042164884023,1.5061634207784422,0.0,0.0,0.0,0.0,-1.0,0.0,UNOBSERVED_BODY_ENVELOPE,0.7110185571230425,0,2,0,0,24
64.9,-56.80193922883643,-10.452042164884023,1.5061634207784422,0.0,0.0,0.0,0.0,-1.0,0.0,UNOBSERVED_BODY_ENVELOPE,0.7110185571230425,0,2,0,0,24
64.91666666666667,-56.80193922883643,-10.452042164884023,1.5061634207784422,0.0,0.0,0.0,0.0,-1.0,0.0,UNOBSERVED_BODY_ENVELOPE,0.7110185571230425,0,2,0,0,24
64.93333333333334,-56.80193922883643,-10.452042164884023,1.5061634207784422,0.0,0.0,0.0,0.0,-1.0,0.0,UNOBSERVED_BODY_ENVELOPE,0.7110185571230425,0,2,0,0,24
64.95,-56.80193922883643,-10.452042164884023,1.5061634207784422,0.0,0.0,0.0,0.0,-1.0,0.0,UNOBSERVED_BODY_ENVELOPE,0.7110185571230425,0,2,0,0,24
64.96666666666667,-56.80193922883643,-10.452042164884023,1.5061634207784422,0.0,0.0,0.0,0.0,-1.0,0.0,UNOBSERVED_BODY_ENVELOPE,0.7110185571230425,0,2,0,0,24
64.98333333333333,-56.80193922883643,-10.452042164884023,1.5061634207784422,0.0,0.0,0.0,0.0,-1.0,0.0,UNOBSERVED_BODY_ENVELOPE,0.7110185571230425,0,2,0,0,24
65.0,-56.80193922883643,-10.452042164884023,1.5061634207784422,0.0,0.0,0.0,0.0,-1.0,0.0,UNOBSERVED_BODY_ENVELOPE,0.7110185571230425,0,2,0,0,24
65.01666666666667,-56.80193922883643,-10.452042164884023,1.5061634207784422,0.0,0.0,0.0,0.0,-1.0,0.0,UNOBSERVED_BODY_ENVELOPE,0.7110185571230425,0,2,0,0,24
65.03333333333333,-56.80193922883643,-10.452042164884023,1.5061634207784422,0.0,0.0,0.0,0.0,-1.0,0.0,UNOBSERVED_BODY_ENVELOPE,0.7110185571230425,0,2,0,0,24
65.05,-56.80193922883643,-10.452042164884023,1.5061634207784422,0.0,0.0,0.0,0.0,-1.0,0.0,UNOBSERVED_BODY_ENVELOPE,0.7110185571230425,0,2,0,0,24
65.06666666666666,-56.80193922883643,-10.452042164884023,1.5061634207784422,0.0,0.0,0.0,0.0,-1.0,0.0,UNOBSERVED_BODY_ENVELOPE,0.7110185571230425,0,2,0,0,24
65.08333333333333,-56.80193922883643,-10.452042164884023,1.5061634207784422,0.0,0.0,0.0,0.0,-1.0,0.0,UNOBSERVED_BODY_ENVELOPE,0.7110185571230425,0,2,0,0,24
65.1,-56.80193922883643,-10.452042164884023,1.5061634207784422,0.0,0.0,0.0,0.0,-1.0,0.0,UNOBSERVED_BODY_ENVELOPE,0.7110185571230425,0,2,0,0,24
65.11666666666666,-56.80193922883643,-10.452042164884023,1.5061634207784422,0.0,0.0,0.0,0.0,-1.0,0.0,UNOBSERVED_BODY_ENVELOPE,0.7110185571230425,0,2,0,0,24
65.13333333333334,-56.80193922883643,-10.452042164884023,1.5061634207784422,0.0,0.0,0.0,0.0,-1.0,0.0,UNOBSERVED_BODY_ENVELOPE,0.7110185571230425,0,2,0,0,24
65.15,-56.80193922883643,-10.452042164884023,1.5061634207784422,0.0,0.0,0.0,0.0,-1.0,0.0,UNOBSERVED_BODY_ENVELOPE,0.7110185571230425,0,2,0,0,24
65.16666666666667,-56.80193922883643,-10.452042164884023,1.5061634207784422,0.0,0.0,0.0,0.0,-1.0,0.0,UNOBSERVED_BODY_ENVELOPE,0.7110185571230425,0,2,0,0,24
65.18333333333334,-56.80193922883643,-10.452042164884023,1.5061634207784422,0.0,0.0,0.0,0.0,-1.0,0.0,UNOBSERVED_BODY_ENVELOPE,0.7110185571230425,0,2,0,0,24
65.2,-56.80193922883643,-10.452042164884023,1.5061634207784422,0.0,0.0,0.0,0.0,-1.0,0.0,UNOBSERVED_BODY_ENVELOPE,0.7110185571230425,0,2,0,0,24
65.21666666666667,-56.80193922883643,-10.452042164884023,1.5061634207784422,0.0,0.0,0.0,0.0,-1.0,0.0,UNOBSERVED_BODY_ENVELOPE,0.7110185571230425,0,2,0,0,24
65.23333333333333,-56.80193922883643,-10.452042164884023,1.5061634207784422,0.0,0.0,0.0,0.0,-1.0,0.0,UNOBSERVED_BODY_ENVELOPE,0.7110185571230425,0,2,0,0,24
65.25,-56.80193922883643,-10.452042164884023,1.5061634207784422,0.0,0.0,0.0,0.0,-1.0,0.0,UNOBSERVED_BODY_ENVELOPE,0.7110185571230425,0,2,0,0,24
65.26666666666667,-56.80193922883643,-10.452042164884023,1.5061634207784422,0.0,0.0,0.0,0.0,-1.0,0.0,UNOBSERVED_BODY_ENVELOPE,0.7110185571230425,0,2,0,0,24
65.28333333333333,-56.80193922883643,-10.452042164884023,1.5061634207784422,0.0,0.0,0.0,0.0,-1.0,0.0,UNOBSERVED_BODY_ENVELOPE,0.7110185571230425,0,2,0,0,24
65.3,-56.80193922883643,-10.452042164884023,1.5061634207784422,0.0,0.0,0.0,0.0,-1.0,0.0,UNOBSERVED_BODY_ENVELOPE,0.7110185571230425,0,2,0,0,24
65.31666666666666,-56.80193922883643,-10.452042164884023,1.5061634207784422,0.0,0.0,0.0,0.0,-1.0,0.0,UNOBSERVED_BODY_ENVELOPE,0.7110185571230425,0,2,0,0,24
65.33333333333333,-56.80193922883643,-10.452042164884023,1.5061634207784422,0.0,0.0,0.0,0.0,-1.0,0.0,UNOBSERVED_BODY_ENVELOPE,0.7110185571230425,0,2,0,0,24
65.35,-56.80193922883643,-10.452042164884023,1.5061634207784422,0.0,0.0,0.0,0.0,-1.0,0.0,UNOBSERVED_BODY_ENVELOPE,0.7110185571230425,0,2,0,0,24
65.36666666666666,-56.80193922883643,-10.452042164884023,1.5061634207784422,0.0,0.0,0.0,0.0,-1.0,0.0,UNOBSERVED_BODY_ENVELOPE,0.7110185571230425,0,2,0,0,24
65.38333333333334,-56.80193922883643,-10.452042164884023,1.5061634207784422,0.0,0.0,0.0,0.0,-1.0,0.0,UNOBSERVED_BODY_ENVELOPE,0.7110185571230425,0,2,0,0,24
65.4,-56.80193922883643,-10.452042164884023,1.5061634207784422,0.0,0.0,0.0,0.0,-1.0,0.0,UNOBSERVED_BODY_ENVELOPE,0.7110185571230425,0,2,0,0,24
65.41666666666667,-56.80193922883643,-10.452042164884023,1.5061634207784422,0.0,0.0,0.0,0.0,-1.0,0.0,UNOBSERVED_BODY_ENVELOPE,0.7110185571230425,0,2,0,0,24
65.43333333333334,-56.80193922883643,-10.452042164884023,1.5061634207784422,0.0,0.0,0.0,0.0,-1.0,0.0,UNOBSERVED_BODY_ENVELOPE,0.7110185571230425,0,2,0,0,24
65.45,-56.80193922883643,-10.452042164884023,1.5061634207784422,0.0,0.0,0.0,0.0,-1.0,0.0,UNOBSERVED_BODY_ENVELOPE,0.7110185571230425,0,2,0,0,24
65.46666666666667,-56.80193922883643,-10.452042164884023,1.5061634207784422,0.0,0.0,0.0,0.0,-1.0,0.0,UNOBSERVED_BODY_ENVELOPE,0.7110185571230425,0,2,0,0,24
65.48333333333333,-56.80193922883643,-10.452042164884023,1.5061634207784422,0.0,0.0,0.0,0.0,-1.0,0.0,UNOBSERVED_BODY_ENVELOPE,0.7110185571230425,0,2,0,0,24
65.5,-56.80193922883643,-10.452042164884023,1.5061634207784422,0.0,0.0,0.0,0.0,-1.0,0.0,UNOBSERVED_BODY_ENVELOPE,0.7110185571230425,0,2,0,0,24
65.51666666666667,-56.80193922883643,-10.452042164884023,1.5061634207784422,0.0,0.0,0.0,0.0,-1.0,0.0,UNOBSERVED_BODY_ENVELOPE,0.7110185571230425,0,2,0,0,24
65.53333333333333,-56.80193922883643,-10.452042164884023,1.5061634207784422,0.0,0.0,0.0,0.0,-1.0,0.0,UNOBSERVED_BODY_ENVELOPE,0.7110185571230425,0,2,0,0,24
65.55,-56.80193922883643,-10.452042164884023,1.5061634207784422,0.0,0.0,0.0,0.0,-1.0,0.0,UNOBSERVED_BODY_ENVELOPE,0.7110185571230425,0,2,0,0,24
65.56666666666666,-56.80193922883643,-10.452042164884023,1.5061634207784422,0.0,0.0,0.0,0.0,-1.0,0.0,UNOBSERVED_BODY_ENVELOPE,0.7110185571230425,0,2,0,0,24
65.58333333333333,-56.80193922883643,-10.452042164884023,1.5061634207784422,0.0,0.0,0.0,0.0,-1.0,0.0,UNOBSERVED_BODY_ENVELOPE,0.7110185571230425,0,2,0,0,24
65.6,-56.80193922883643,-10.452042164884023,1.5061634207784422,0.0,0.0,0.0,0.0,-1.0,0.0,UNOBSERVED_BODY_ENVELOPE,0.7110185571230425,0,2,0,0,24
65.61666666666666,-56.80193922883643,-10.452042164884023,1.5061634207784422,0.0,0.0,0.0,0.0,-1.0,0.0,UNOBSERVED_BODY_ENVELOPE,0.7110185571230425,0,2,0,0,24
65.63333333333334,-56.80193922883643,-10.452042164884023,1.5061634207784422,0.0,0.0,0.0,0.0,-1.0,0.0,UNOBSERVED_BODY_ENVELOPE,0.7110185571230425,0,2,0,0,24
65.65,-56.80193922883643,-10.452042164884023,1.5061634207784422,0.0,0.0,0.0,0.0,-1.0,0.0,UNOBSERVED_BODY_ENVELOPE,0.7110185571230425,0,2,0,0,24
65.66666666666667,-56.80193922883643,-10.452042164884023,1.5061634207784422,0.0,0.0,0.0,0.0,-1.0,0.0,UNOBSERVED_BODY_ENVELOPE,0.7110185571230425,0,2,0,0,24
65.68333333333334,-56.80193922883643,-10.452042164884023,1.5061634207784422,0.0,0.0,0.0,0.0,-1.0,0.0,UNOBSERVED_BODY_ENVELOPE,0.7110185571230425,0,2,0,0,24
65.7,-56.80193922883643,-10.452042164884023,1.5061634207784422,0.0,0.0,0.0,0.0,-1.0,0.0,UNOBSERVED_BODY_ENVELOPE,0.7110185571230425,0,2,0,0,24
65.71666666666667,-56.80193922883643,-10.452042164884023,1.5061634207784422,0.0,0.0,0.0,0.0,-1.0,0.0,UNOBSERVED_BODY_ENVELOPE,0.7110185571230425,0,2,0,0,24
65.73333333333333,-56.80193922883643,-10.452042164884023,1.5061634207784422,0.0,0.0,0.0,0.0,-1.0,0.0,UNOBSERVED_BODY_ENVELOPE,0.7110185571230425,0,2,0,0,24
65.75,-56.80193922883643,-10.452042164884023,1.5061634207784422,0.0,0.0,0.0,0.0,-1.0,0.0,UNOBSERVED_BODY_ENVELOPE,0.7110185571230425,0,2,0,0,24
65.76666666666667,-56.80193922883643,-10.452042164884023,1.5061634207784422,0.0,0.0,0.0,0.0,-1.0,0.0,UNOBSERVED_BODY_ENVELOPE,0.7110185571230425,0,2,0,0,24
65.78333333333333,-56.80193922883643,-10.452042164884023,1.5061634207784422,0.0,0.0,0.0,0.0,-1.0,0.0,UNOBSERVED_BODY_ENVELOPE,0.7110185571230425,0,2,0,0,24
65.8,-56.80193922883643,-10.452042164884023,1.5061634207784422,0.0,0.0,0.0,0.0,-1.0,0.0,UNOBSERVED_BODY_ENVELOPE,0.7110185571230425,0,2,0,0,24
65.81666666666666,-56.80193922883643,-10.452042164884023,1.5061634207784422,0.0,0.0,0.0,0.0,-1.0,0.0,UNOBSERVED_BODY_ENVELOPE,0.7110185571230425,0,2,0,0,24
65.83333333333333,-56.80193922883643,-10.452042164884023,1.5061634207784422,0.0,0.0,0.0,0.0,-1.0,0.0,UNOBSERVED_BODY_ENVELOPE,0.7110185571230425,0,2,0,0,24
65.85,-56.80193922883643,-10.452042164884023,1.5061634207784422,0.0,0.0,0.0,0.0,-1.0,0.0,UNOBSERVED_BODY_ENVELOPE,0.7110185571230425,0,2,0,0,24
65.86666666666666,-56.80193922883643,-10.452042164884023,1.5061634207784422,0.0,0.0,0.0,0.0,-1.0,0.0,UNOBSERVED_BODY_ENVELOPE,0.7110185571230425,0,2,0,0,24
65.88333333333334,-56.80193922883643,-10.452042164884023,1.5061634207784422,0.0,0.0,0.0,0.0,-1.0,0.0,UNOBSERVED_BODY_ENVELOPE,0.7110185571230425,0,2,0,0,24
65.9,-56.80193922883643,-10.452042164884023,1.5061634207784422,0.0,0.0,0.0,0.0,-1.0,0.0,UNOBSERVED_BODY_ENVELOPE,0.7110185571230425,0,2,0,0,24
65.91666666666667,-56.80193922883643,-10.452042164884023,1.5061634207784422,0.0,0.0,0.0,0.0,-1.0,0.0,UNOBSERVED_BODY_ENVELOPE,0.7110185571230425,0,2,0,0,24
65.93333333333334,-56.80193922883643,-10.452042164884023,1.5061634207784422,0.0,0.0,0.0,0.0,-1.0,0.0,UNOBSERVED_BODY_ENVELOPE,0.7110185571230425,0,2,0,0,24
65.95,-56.80193922883643,-10.452042164884023,1.5061634207784422,0.0,0.0,0.0,0.0,-1.0,0.0,UNOBSERVED_BODY_ENVELOPE,0.7110185571230425,0,2,0,0,24
65.96666666666667,-56.80193922883643,-10.452042164884023,1.5061634207784422,0.0,0.0,0.0,0.0,-1.0,0.0,UNOBSERVED_BODY_ENVELOPE,0.7110185571230425,0,2,0,0,24
65.98333333333333,-56.80193922883643,-10.452042164884023,1.5061634207784422,0.0,0.0,0.0,0.0,-1.0,0.0,UNOBSERVED_BODY_ENVELOPE,0.7110185571230425,0,2,0,0,24
66.0,-56.80193922883643,-10.452042164884023,1.5061634207784422,0.0,0.0,0.0,0.0,-1.0,0.0,UNOBSERVED_BODY_ENVELOPE,0.7110185571230425,0,2,0,0,24
66.01666666666667,-56.80193922883643,-10.452042164884023,1.5061634207784422,0.0,0.0,0.0,0.0,-1.0,0.0,UNOBSERVED_BODY_ENVELOPE,0.7110185571230425,0,2,0,0,24
66.03333333333333,-56.80193922883643,-10.452042164884023,1.5061634207784422,0.0,0.0,0.0,0.0,-1.0,0.0,UNOBSERVED_BODY_ENVELOPE,0.7110185571230425,0,2,0,0,24
66.05,-56.80193922883643,-10.452042164884023,1.5061634207784422,0.0,0.0,0.0,0.0,-1.0,0.0,UNOBSERVED_BODY_ENVELOPE,0.7110185571230425,0,2,0,0,24
66.06666666666666,-56.80193922883643,-10.452042164884023,1.5061634207784422,0.0,0.0,0.0,0.0,-1.0,0.0,UNOBSERVED_BODY_ENVELOPE,0.7110185571230425,0,2,0,0,24
66.08333333333333,-56.80193922883643,-10.452042164884023,1.5061634207784422,0.0,0.0,0.0,0.0,-1.0,0.0,UNOBSERVED_BODY_ENVELOPE,0.7110185571230425,0,2,0,0,24
66.1,-56.80193922883643,-10.452042164884023,1.5061634207784422,0.0,0.0,0.0,0.0,-1.0,0.0,UNOBSERVED_BODY_ENVELOPE,0.7110185571230425,0,2,0,0,24
66.11666666666666,-56.80193922883643,-10.452042164884023,1.5061634207784422,0.0,0.0,0.0,0.0,-1.0,0.0,UNOBSERVED_BODY_ENVELOPE,0.7110185571230425,0,2,0,0,24
66.13333333333334,-56.80193922883643,-10.452042164884023,1.5061634207784422,0.0,0.0,0.0,0.0,-1.0,0.0,UNOBSERVED_BODY_ENVELOPE,0.7110185571230425,0,2,0,0,24
66.15,-56.80193922883643,-10.452042164884023,1.5061634207784422,0.0,0.0,0.0,0.0,-1.0,0.0,UNOBSERVED_BODY_ENVELOPE,0.7110185571230425,0,2,0,0,24
66.16666666666667,-56.80193922883643,-10.452042164884023,1.5061634207784422,0.0,0.0,0.0,0.0,-1.0,0.0,UNOBSERVED_BODY_ENVELOPE,0.7110185571230425,0,2,0,0,24
66.18333333333334,-56.80193922883643,-10.452042164884023,1.5061634207784422,0.0,0.0,0.0,0.0,-1.0,0.0,UNOBSERVED_BODY_ENVELOPE,0.7110185571230425,0,2,0,0,24
66.2,-56.80193922883643,-10.452042164884023,1.5061634207784422,0.0,0.0,0.0,0.0,-1.0,0.0,UNOBSERVED_BODY_ENVELOPE,0.7110185571230425,0,2,0,0,24
66.21666666666667,-56.80193922883643,-10.452042164884023,1.5061634207784422,0.0,0.0,0.0,0.0,-1.0,0.0,UNOBSERVED_BODY_ENVELOPE,0.7110185571230425,0,2,0,0,24
66.23333333333333,-56.80193922883643,-10.452042164884023,1.5061634207784422,0.0,0.0,0.0,0.0,-1.0,0.0,UNOBSERVED_BODY_ENVELOPE,0.7110185571230425,0,2,0,0,24
66.25,-56.80193922883643,-10.452042164884023,1.5061634207784422,0.0,0.0,0.0,0.0,-1.0,0.0,UNOBSERVED_BODY_ENVELOPE,0.7110185571230425,0,2,0,0,24
66.26666666666667,-56.80193922883643,-10.452042164884023,1.5061634207784422,0.0,0.0,0.0,0.0,-1.0,0.0,UNOBSERVED_BODY_ENVELOPE,0.7110185571230425,0,2,0,0,24
66.28333333333333,-56.80193922883643,-10.452042164884023,1.5061634207784422,0.0,0.0,0.0,0.0,-1.0,0.0,UNOBSERVED_BODY_ENVELOPE,0.7110185571230425,0,2,0,0,24
66.3,-56.80193922883643,-10.452042164884023,1.5061634207784422,0.0,0.0,0.0,0.0,-1.0,0.0,UNOBSERVED_BODY_ENVELOPE,0.7110185571230425,0,2,0,0,24
66.31666666666666,-56.80193922883643,-10.452042164884023,1.5061634207784422,0.0,0.0,0.0,0.0,-1.0,0.0,UNOBSERVED_BODY_ENVELOPE,0.7110185571230425,0,2,0,0,24
66.33333333333333,-56.80193922883643,-10.452042164884023,1.5061634207784422,0.0,0.0,0.0,0.0,-1.0,0.0,UNOBSERVED_BODY_ENVELOPE,0.7110185571230425,0,2,0,0,24
66.35,-56.80193922883643,-10.452042164884023,1.5061634207784422,0.0,0.0,0.0,0.0,-1.0,0.0,UNOBSERVED_BODY_ENVELOPE,0.7110185571230425,0,2,0,0,24
66.36666666666666,-56.80193922883643,-10.452042164884023,1.5061634207784422,0.0,0.0,0.0,0.0,-1.0,0.0,UNOBSERVED_BODY_ENVELOPE,0.7110185571230425,0,2,0,0,24
66.38333333333334,-56.80193922883643,-10.452042164884023,1.5061634207784422,0.0,0.0,0.0,0.0,-1.0,0.0,UNOBSERVED_BODY_ENVELOPE,0.7110185571230425,0,2,0,0,24
66.4,-56.80193922883643,-10.452042164884023,1.5061634207784422,0.0,0.0,0.0,0.0,-1.0,0.0,UNOBSERVED_BODY_ENVELOPE,0.7110185571230425,0,2,0,0,24
66.41666666666667,-56.80193922883643,-10.452042164884023,1.5061634207784422,0.0,0.0,0.0,0.0,-1.0,0.0,UNOBSERVED_BODY_ENVELOPE,0.7110185571230425,0,2,0,0,24
66.43333333333334,-56.80193922883643,-10.452042164884023,1.5061634207784422,0.0,0.0,0.0,0.0,-1.0,0.0,UNOBSERVED_BODY_ENVELOPE,0.7110185571230425,0,2,0,0,24
66.45,-56.80193922883643,-10.452042164884023,1.5061634207784422,0.0,0.0,0.0,0.0,-1.0,0.0,UNOBSERVED_BODY_ENVELOPE,0.7110185571230425,0,2,0,0,24
66.46666666666667,-56.80193922883643,-10.452042164884023,1.5061634207784422,0.0,0.0,0.0,0.0,-1.0,0.0,UNOBSERVED_BODY_ENVELOPE,0.7110185571230425,0,2,0,0,24
66.48333333333333,-56.80193922883643,-10.452042164884023,1.5061634207784422,0.0,0.0,0.0,0.0,-1.0,0.0,UNOBSERVED_BODY_ENVELOPE,0.7110185571230425,0,2,0,0,24
66.5,-56.80193922883643,-10.452042164884023,1.5061634207784422,0.0,0.0,0.0,0.0,-1.0,0.0,UNOBSERVED_BODY_ENVELOPE,0.7110185571230425,0,2,0,0,24
66.51666666666667,-56.80193922883643,-10.452042164884023,1.5061634207784422,0.0,0.0,0.0,0.0,-1.0,0.0,UNOBSERVED_BODY_ENVELOPE,0.7110185571230425,0,2,0,0,24
66.53333333333333,-56.80193922883643,-10.452042164884023,1.5061634207784422,0.0,0.0,0.0,0.0,-1.0,0.0,UNOBSERVED_BODY_ENVELOPE,0.7110185571230425,0,2,0,0,24
66.55,-56.80193922883643,-10.452042164884023,1.5061634207784422,0.0,0.0,0.0,0.0,-1.0,0.0,UNOBSERVED_BODY_ENVELOPE,0.7110185571230425,0,2,0,0,24
66.56666666666666,-56.80193922883643,-10.452042164884023,1.5061634207784422,0.0,0.0,0.0,0.0,-1.0,0.0,UNOBSERVED_BODY_ENVELOPE,0.7110185571230425,0,2,0,0,24
66.58333333333333,-56.80193922883643,-10.452042164884023,1.5061634207784422,0.0,0.0,0.0,0.0,-1.0,0.0,UNOBSERVED_BODY_ENVELOPE,0.7110185571230425,0,2,0,0,24
66.6,-56.80193922883643,-10.452042164884023,1.5061634207784422,0.0,0.0,0.0,0.0,-1.0,0.0,UNOBSERVED_BODY_ENVELOPE,0.7110185571230425,0,2,0,0,24
66.61666666666666,-56.80193922883643,-10.452042164884023,1.5061634207784422,0.0,0.0,0.0,0.0,-1.0,0.0,UNOBSERVED_BODY_ENVELOPE,0.7110185571230425,0,2,0,0,24
66.63333333333334,-56.80193922883643,-10.452042164884023,1.5061634207784422,0.0,0.0,0.0,0.0,-1.0,0.0,UNOBSERVED_BODY_ENVELOPE,0.7110185571230425,0,2,0,0,24
66.65,-56.80193922883643,-10.452042164884023,1.5061634207784422,0.0,0.0,0.0,0.0,-1.0,0.0,UNOBSERVED_BODY_ENVELOPE,0.7110185571230425,0,2,0,0,24
66.66666666666667,-56.80193922883643,-10.452042164884023,1.5061634207784422,0.0,0.0,0.0,0.0,-1.0,0.0,UNOBSERVED_BODY_ENVELOPE,0.7110185571230425,0,2,0,0,24
66.68333333333334,-56.80193922883643,-10.452042164884023,1.5061634207784422,0.0,0.0,0.0,0.0,-1.0,0.0,UNOBSERVED_BODY_ENVELOPE,0.7110185571230425,0,2,0,0,24
66.7,-56.80193922883643,-10.452042164884023,1.5061634207784422,0.0,0.0,0.0,0.0,-1.0,0.0,UNOBSERVED_BODY_ENVELOPE,0.7110185571230425,0,2,0,0,24
66.71666666666667,-56.80193922883643,-10.452042164884023,1.5061634207784422,0.0,0.0,0.0,0.0,-1.0,0.0,UNOBSERVED_BODY_ENVELOPE,0.7110185571230425,0,2,0,0,24
66.73333333333333,-56.80193922883643,-10.452042164884023,1.5061634207784422,0.0,0.0,0.0,0.0,-1.0,0.0,UNOBSERVED_BODY_ENVELOPE,0.7110185571230425,0,2,0,0,24
66.75,-56.80193922883643,-10.452042164884023,1.5061634207784422,0.0,0.0,0.0,0.0,-1.0,0.0,UNOBSERVED_BODY_ENVELOPE,0.7110185571230425,0,2,0,0,24
66.76666666666667,-56.80193922883643,-10.452042164884023,1.5061634207784422,0.0,0.0,0.0,0.0,-1.0,0.0,UNOBSERVED_BODY_ENVELOPE,0.7110185571230425,0,2,0,0,24
66.78333333333333,-56.80193922883643,-10.452042164884023,1.5061634207784422,0.0,0.0,0.0,0.0,-1.0,0.0,UNOBSERVED_BODY_ENVELOPE,0.7110185571230425,0,2,0,0,24
66.8,-56.80193922883643,-10.452042164884023,1.5061634207784422,0.0,0.0,0.0,0.0,-1.0,0.0,UNOBSERVED_BODY_ENVELOPE,0.7110185571230425,0,2,0,0,24
66.81666666666666,-56.80193922883643,-10.452042164884023,1.5061634207784422,0.0,0.0,0.0,0.0,-1.0,0.0,UNOBSERVED_BODY_ENVELOPE,0.7110185571230425,0,2,0,0,24
66.83333333333333,-56.80193922883643,-10.452042164884023,1.5061634207784422,0.0,0.0,0.0,0.0,-1.0,0.0,UNOBSERVED_BODY_ENVELOPE,0.7110185571230425,0,2,0,0,24
66.85,-56.80193922883643,-10.452042164884023,1.5061634207784422,0.0,0.0,0.0,0.0,-1.0,0.0,UNOBSERVED_BODY_ENVELOPE,0.7110185571230425,0,2,0,4,24
66.86666666666666,-56.80193922883643,-10.452042164884023,1.5061634207784422,0.0,0.0,0.0,0.0,-1.0,0.0,UNOBSERVED_BODY_ENVELOPE,0.7110185571230425,0,2,0,4,24
66.88333333333334,-56.80193922883643,-10.452042164884023,1.5061634207784422,0.0,0.0,0.0,0.0,-1.0,0.0,UNOBSERVED_BODY_ENVELOPE,0.7110185571230425,0,2,0,4,24
66.9,-56.80193922883643,-10.452042164884023,1.5061634207784422,0.0,0.0,0.0,0.0,-1.0,0.0,UNOBSERVED_BODY_ENVELOPE,0.7110185571230425,0,2,0,4,24
66.91666666666667,-56.80193922883643,-10.452042164884023,1.5061634207784422,0.0,0.0,0.0,0.0,-1.0,0.0,UNOBSERVED_BODY_ENVELOPE,0.7110185571230425,0,2,0,4,24
66.93333333333334,-56.80193922883643,-10.452042164884023,1.5061634207784422,0.0,0.0,0.0,0.0,-1.0,0.0,UNOBSERVED_BODY_ENVELOPE,0.7110185571230425,0,2,0,4,24
66.95,-56.80193922883643,-10.452042164884023,1.5061634207784422,0.0,0.0,0.0,0.0,-1.0,0.0,UNOBSERVED_BODY_ENVELOPE,0.7110185571230425,0,2,0,4,24
66.96666666666667,-56.80193922883643,-10.452042164884023,1.5061634207784422,0.0,0.0,0.0,0.0,-1.0,0.0,UNOBSERVED_BODY_ENVELOPE,0.7110185571230425,0,2,0,4,24
66.98333333333333,-56.80193922883643,-10.452042164884023,1.5061634207784422,0.0,0.0,0.0,0.0,-1.0,0.0,UNOBSERVED_BODY_ENVELOPE,0.7110185571230425,0,2,0,4,24
67.0,-56.80193922883643,-10.452042164884023,1.5061634207784422,0.0,0.0,0.0,0.0,-1.0,0.0,UNOBSERVED_BODY_ENVELOPE,0.7110185571230425,0,2,0,4,24
67.01666666666667,-56.80193922883643,-10.452042164884023,1.5061634207784422,0.0,0.0,0.0,0.0,-1.0,0.0,UNOBSERVED_BODY_ENVELOPE,0.7110185571230425,0,2,0,4,24
67.03333333333333,-56.80193922883643,-10.452042164884023,1.5061634207784422,0.0,0.0,0.0,0.0,-1.0,0.0,UNOBSERVED_BODY_ENVELOPE,0.7110185571230425,0,2,0,4,24
67.05,-56.80193922883643,-10.452042164884023,1.5061634207784422,0.0,0.0,0.0,0.0,-1.0,0.0,UNOBSERVED_BODY_ENVELOPE,0.7110185571230425,0,2,0,4,24
67.06666666666666,-56.80193922883643,-10.452042164884023,1.5061634207784422,0.0,0.0,0.0,0.0,-1.0,0.0,UNOBSERVED_BODY_ENVELOPE,0.7110185571230425,0,2,0,4,24
67.08333333333333,-56.80193922883643,-10.452042164884023,1.5061634207784422,0.0,0.0,0.0,0.0,-1.0,0.0,UNOBSERVED_BODY_ENVELOPE,0.7110185571230425,0,2,0,4,24
67.1,-56.80193922883643,-10.452042164884023,1.5061634207784422,0.0,0.0,0.0,0.0,-1.0,0.0,UNOBSERVED_BODY_ENVELOPE,0.7110185571230425,0,2,0,4,24
67.11666666666666,-56.80193922883643,-10.452042164884023,1.5061634207784422,0.0,0.0,0.0,0.0,-1.0,0.0,UNOBSERVED_BODY_ENVELOPE,0.7110185571230425,0,2,0,4,24
67.13333333333334,-56.80193922883643,-10.452042164884023,1.5061634207784422,0.0,0.0,0.0,0.0,-1.0,0.0,UNOBSERVED_BODY_ENVELOPE,0.7110185571230425,0,2,0,4,24
67.15,-56.80193922883643,-10.452042164884023,1.5061634207784422,0.0,0.0,0.0,0.0,-1.0,0.0,UNOBSERVED_BODY_ENVELOPE,0.7110185571230425,0,2,0,4,24
67.16666666666667,-56.80193922883643,-10.452042164884023,1.5061634207784422,0.0,0.0,0.0,0.0,-1.0,0.0,UNOBSERVED_BODY_ENVELOPE,0.7110185571230425,0,2,0,4,24
67.18333333333334,-56.80193922883643,-10.452042164884023,1.5061634207784422,0.0,0.0,0.0,0.0,-1.0,0.0,UNOBSERVED_BODY_ENVELOPE,0.7110185571230425,0,2,0,4,24
67.2,-56.80193922883643,-10.452042164884023,1.5061634207784422,0.0,0.0,0.0,0.0,-1.0,0.0,UNOBSERVED_BODY_ENVELOPE,0.7110185571230425,0,2,0,4,24
67.21666666666667,-56.80193922883643,-10.452042164884023,1.5061634207784422,0.0,0.0,0.0,0.0,-1.0,0.0,UNOBSERVED_BODY_ENVELOPE,0.7110185571230425,0,2,0,4,24
67.23333333333333,-56.80193922883643,-10.452042164884023,1.5061634207784422,0.0,0.0,0.0,0.0,-1.0,0.0,UNOBSERVED_BODY_ENVELOPE,0.7110185571230425,0,2,0,4,24
67.25,-56.80193922883643,-10.452042164884023,1.5061634207784422,0.0,0.0,0.0,0.0,-1.0,0.0,UNOBSERVED_BODY_ENVELOPE,0.7110185571230425,0,2,0,4,24
67.26666666666667,-56.80193922883643,-10.452042164884023,1.5061634207784422,0.0,0.0,0.0,0.0,-1.0,0.0,UNOBSERVED_BODY_ENVELOPE,0.7110185571230425,0,2,0,4,24
67.28333333333333,-56.80193922883643,-10.452042164884023,1.5061634207784422,0.0,0.0,0.0,0.0,-1.0,0.0,UNOBSERVED_BODY_ENVELOPE,0.7110185571230425,0,2,0,4,24
67.3,-56.80193922883643,-10.452042164884023,1.5061634207784422,0.0,0.0,0.0,0.0,-1.0,0.0,UNOBSERVED_BODY_ENVELOPE,0.7110185571230425,0,2,0,4,24
67.31666666666666,-56.80193922883643,-10.452042164884023,1.5061634207784422,0.0,0.0,0.0,0.0,-1.0,0.0,UNOBSERVED_BODY_ENVELOPE,0.7110185571230425,0,2,0,4,24
67.33333333333333,-56.80193922883643,-10.452042164884023,1.5061634207784422,0.0,0.0,0.0,0.0,-1.0,0.0,UNOBSERVED_BODY_ENVELOPE,0.7110185571230425,0,2,0,4,24
67.35,-56.80193922883643,-10.452042164884023,1.5061634207784422,0.0,0.0,0.0,0.0,-1.0,0.0,UNOBSERVED_BODY_ENVELOPE,0.7110185571230425,0,2,0,4,24
67.36666666666666,-56.80193922883643,-10.452042164884023,1.5061634207784422,0.0,0.0,0.0,0.0,-1.0,0.0,UNOBSERVED_BODY_ENVELOPE,0.7110185571230425,0,2,0,4,24
67.38333333333334,-56.80193922883643,-10.452042164884023,1.5061634207784422,0.0,0.0,0.0,0.0,-1.0,0.0,UNOBSERVED_BODY_ENVELOPE,0.7110185571230425,0,2,0,4,24
67.4,-56.80193922883643,-10.452042164884023,1.5061634207784422,0.0,0.0,0.0,0.0,-1.0,0.0,UNOBSERVED_BODY_ENVELOPE,0.7110185571230425,0,2,0,4,24
67.41666666666667,-56.80193922883643,-10.452042164884023,1.5061634207784422,0.0,0.0,0.0,0.0,-1.0,0.0,UNOBSERVED_BODY_ENVELOPE,0.7110185571230425,0,2,0,4,24
67.43333333333334,-56.80193922883643,-10.452042164884023,1.5061634207784422,0.0,0.0,0.0,0.0,-1.0,0.0,UNOBSERVED_BODY_ENVELOPE,0.7110185571230425,0,2,0,4,24
67.45,-56.80193922883643,-10.452042164884023,1.5061634207784422,0.0,0.0,0.0,0.0,-1.0,0.0,UNOBSERVED_BODY_ENVELOPE,0.7110185571230425,0,2,0,4,24
67.46666666666667,-56.80193922883643,-10.452042164884023,1.5061634207784422,0.0,0.0,0.0,0.0,-1.0,0.0,UNOBSERVED_BODY_ENVELOPE,0.7110185571230425,0,2,0,4,24
67.48333333333333,-56.80193922883643,-10.452042164884023,1.5061634207784422,0.0,0.0,0.0,0.0,-1.0,0.0,UNOBSERVED_BODY_ENVELOPE,0.7110185571230425,0,2,0,4,24
67.5,-56.80193922883643,-10.452042164884023,1.5061634207784422,0.0,0.0,0.0,0.0,-1.0,0.0,UNOBSERVED_BODY_ENVELOPE,0.7110185571230425,0,2,0,4,24
67.51666666666667,-56.80193922883643,-10.452042164884023,1.5061634207784422,0.0,0.0,0.0,0.0,-1.0,0.0,UNOBSERVED_BODY_ENVELOPE,0.7110185571230425,0,2,0,4,24
67.53333333333333,-56.80193922883643,-10.452042164884023,1.5061634207784422,0.0,0.0,0.0,0.0,-1.0,0.0,UNOBSERVED_BODY_ENVELOPE,0.7110185571230425,0,2,0,4,24
67.55,-56.80193922883643,-10.452042164884023,1.5061634207784422,0.0,0.0,0.0,0.0,-1.0,0.0,UNOBSERVED_BODY_ENVELOPE,0.7110185571230425,0,2,0,4,24
67.56666666666666,-56.80193922883643,-10.452042164884023,1.5061634207784422,0.0,0.0,0.0,0.0,-1.0,0.0,UNOBSERVED_BODY_ENVELOPE,0.7110185571230425,0,2,0,4,24
67.58333333333333,-56.80193922883643,-10.452042164884023,1.5061634207784422,0.0,0.0,0.0,0.0,-1.0,0.0,UNOBSERVED_BODY_ENVELOPE,0.7110185571230425,0,2,0,4,24
67.6,-56.80193922883643,-10.452042164884023,1.5061634207784422,0.0,0.0,0.0,0.0,-1.0,0.0,UNOBSERVED_BODY_ENVELOPE,0.7110185571230425,0,2,0,4,24
67.61666666666666,-56.80193922883643,-10.452042164884023,1.5061634207784422,0.0,0.0,0.0,0.0,-1.0,0.0,UNOBSERVED_BODY_ENVELOPE,0.7110185571230425,0,2,0,4,24
67.63333333333334,-56.80193922883643,-10.452042164884023,1.5061634207784422,0.0,0.0,0.0,0.0,-1.0,0.0,UNOBSERVED_BODY_ENVELOPE,0.7110185571230425,0,2,0,4,24
67.65,-56.80193922883643,-10.452042164884023,1.5061634207784422,0.0,0.0,0.0,0.0,-1.0,0.0,UNOBSERVED_BODY_ENVELOPE,0.7110185571230425,0,2,0,4,24
67.66666666666667,-56.80193922883643,-10.452042164884023,1.5061634207784422,0.0,0.0,0.0,0.0,-1.0,0.0,UNOBSERVED_BODY_ENVELOPE,0.7110185571230425,0,2,0,4,24
67.68333333333334,-56.80193922883643,-10.452042164884023,1.5061634207784422,0.0,0.0,0.0,0.0,-1.0,0.0,UNOBSERVED_BODY_ENVELOPE,0.7110185571230425,0,2,0,4,24
67.7,-56.80193922883643,-10.452042164884023,1.5061634207784422,0.0,0.0,0.0,0.0,-1.0,0.0,UNOBSERVED_BODY_ENVELOPE,0.7110185571230425,0,2,0,4,24
67.71666666666667,-56.80193922883643,-10.452042164884023,1.5061634207784422,0.0,0.0,0.0,0.0,-1.0,0.0,UNOBSERVED_BODY_ENVELOPE,0.7110185571230425,0,2,0,4,24
67.73333333333333,-56.80193922883643,-10.452042164884023,1.5061634207784422,0.0,0.0,0.0,0.0,-1.0,0.0,UNOBSERVED_BODY_ENVELOPE,0.7110185571230425,0,2,0,4,24
67.75,-56.80193922883643,-10.452042164884023,1.5061634207784422,0.0,0.0,0.0,0.0,-1.0,0.0,UNOBSERVED_BODY_ENVELOPE,0.7110185571230425,0,2,0,4,24
67.76666666666667,-56.80193922883643,-10.452042164884023,1.5061634207784422,0.0,0.0,0.0,0.0,-1.0,0.0,UNOBSERVED_BODY_ENVELOPE,0.7110185571230425,0,2,0,4,24
67.78333333333333,-56.80193922883643,-10.452042164884023,1.5061634207784422,0.0,0.0,0.0,0.0,-1.0,0.0,UNOBSERVED_BODY_ENVELOPE,0.7110185571230425,0,2,0,4,24
67.8,-56.80193922883643,-10.452042164884023,1.5061634207784422,0.0,0.0,0.0,0.0,-1.0,0.0,UNOBSERVED_BODY_ENVELOPE,0.7110185571230425,0,2,0,4,24
67.81666666666666,-56.80193922883643,-10.452042164884023,1.5061634207784422,0.0,0.0,0.0,0.0,-1.0,0.0,UNOBSERVED_BODY_ENVELOPE,0.7110185571230425,0,2,0,4,24
67.83333333333333,-56.80193922883643,-10.452042164884023,1.5061634207784422,0.0,0.0,0.0,0.0,-1.0,0.0,UNOBSERVED_BODY_ENVELOPE,0.7110185571230425,0,2,0,4,24
67.85,-56.80193922883643,-10.452042164884023,1.5061634207784422,0.0,0.0,0.0,0.0,-1.0,0.0,UNOBSERVED_BODY_ENVELOPE,0.7110185571230425,0,2,0,8,24
67.86666666666666,-56.80193922883643,-10.452042164884023,1.5061634207784422,0.0,0.0,0.0,0.0,-1.0,0.0,UNOBSERVED_BODY_ENVELOPE,0.7110185571230425,0,2,0,8,24
67.88333333333334,-56.80193922883643,-10.452042164884023,1.5061634207784422,0.0,0.0,0.0,0.0,-1.0,0.0,UNOBSERVED_BODY_ENVELOPE,0.7110185571230425,0,2,0,8,24
67.9,-56.80193922883643,-10.452042164884023,1.5061634207784422,0.0,0.0,0.0,0.0,-1.0,0.0,UNOBSERVED_BODY_ENVELOPE,0.7110185571230425,0,2,0,8,24
67.91666666666667,-56.80193922883643,-10.452042164884023,1.5061634207784422,0.0,0.0,0.0,0.0,-1.0,0.0,UNOBSERVED_BODY_ENVELOPE,0.7110185571230425,0,2,0,8,24
67.93333333333334,-56.80193922883643,-10.452042164884023,1.5061634207784422,0.0,0.0,0.0,0.0,-1.0,0.0,UNOBSERVED_BODY_ENVELOPE,0.7110185571230425,0,2,0,8,24
67.95,-56.80193922883643,-10.452042164884023,1.5061634207784422,0.0,0.0,0.0,0.0,-1.0,0.0,UNOBSERVED_BODY_ENVELOPE,0.7110185571230425,0,2,0,8,24
67.96666666666667,-56.80193922883643,-10.452042164884023,1.5061634207784422,0.0,0.0,0.0,0.0,-1.0,0.0,UNOBSERVED_BODY_ENVELOPE,0.7110185571230425,0,2,0,8,24
67.98333333333333,-56.80193922883643,-10.452042164884023,1.5061634207784422,0.0,0.0,0.0,0.0,-1.0,0.0,UNOBSERVED_BODY_ENVELOPE,0.7110185571230425,0,2,0,8,24
68.0,-56.80193922883643,-10.452042164884023,1.5061634207784422,0.0,0.0,0.0,0.0,-1.0,0.0,UNOBSERVED_BODY_ENVELOPE,0.7110185571230425,0,2,0,8,24
68.01666666666667,-56.80193922883643,-10.452042164884023,1.5061634207784422,0.0,0.0,0.0,0.0,-1.0,0.0,UNOBSERVED_BODY_ENVELOPE,0.7110185571230425,0,2,0,8,24
68.03333333333333,-56.80193922883643,-10.452042164884023,1.5061634207784422,0.0,0.0,0.0,0.0,-1.0,0.0,UNOBSERVED_BODY_ENVELOPE,0.7110185571230425,0,2,0,8,24
68.05,-56.80193922883643,-10.452042164884023,1.5061634207784422,0.0,0.0,0.0,0.0,-1.0,0.0,UNOBSERVED_BODY_ENVELOPE,0.7110185571230425,0,2,0,8,24
68.06666666666666,-56.80193922883643,-10.452042164884023,1.5061634207784422,0.0,0.0,0.0,0.0,-1.0,0.0,UNOBSERVED_BODY_ENVELOPE,0.7110185571230425,0,2,0,8,24
68.08333333333333,-56.80193922883643,-10.452042164884023,1.5061634207784422,0.0,0.0,0.0,0.0,-1.0,0.0,UNOBSERVED_BODY_ENVELOPE,0.7110185571230425,0,2,0,8,24
68.1,-56.80193922883643,-10.452042164884023,1.5061634207784422,0.0,0.0,0.0,0.0,-1.0,0.0,UNOBSERVED_BODY_ENVELOPE,0.7110185571230425,0,2,0,8,24
68.11666666666666,-56.80193922883643,-10.452042164884023,1.5061634207784422,0.0,0.0,0.0,0.0,-1.0,0.0,UNOBSERVED_BODY_ENVELOPE,0.7110185571230425,0,2,0,8,24
68.13333333333334,-56.80193922883643,-10.452042164884023,1.5061634207784422,0.0,0.0,0.0,0.0,-1.0,0.0,UNOBSERVED_BODY_ENVELOPE,0.7110185571230425,0,2,0,8,24
68.15,-56.80193922883643,-10.452042164884023,1.5061634207784422,0.0,0.0,0.0,0.0,-1.0,0.0,UNOBSERVED_BODY_ENVELOPE,0.7110185571230425,0,2,0,8,24
68.16666666666667,-56.80193922883643,-10.452042164884023,1.5061634207784422,0.0,0.0,0.0,0.0,-1.0,0.0,UNOBSERVED_BODY_ENVELOPE,0.7110185571230425,0,2,0,8,24
68.18333333333334,-56.80193922883643,-10.452042164884023,1.5061634207784422,0.0,0.0,0.0,0.0,-1.0,0.0,UNOBSERVED_BODY_ENVELOPE,0.7110185571230425,0,2,0,8,24
68.2,-56.80193922883643,-10.452042164884023,1.5061634207784422,0.0,0.0,0.0,0.0,-1.0,0.0,UNOBSERVED_BODY_ENVELOPE,0.7110185571230425,0,2,0,8,24
68.21666666666667,-56.80193922883643,-10.452042164884023,1.5061634207784422,0.0,0.0,0.0,0.0,-1.0,0.0,UNOBSERVED_BODY_ENVELOPE,0.7110185571230425,0,2,0,8,24
68.23333333333333,-56.80193922883643,-10.452042164884023,1.5061634207784422,0.0,0.0,0.0,0.0,-1.0,0.0,UNOBSERVED_BODY_ENVELOPE,0.7110185571230425,0,2,0,8,24
68.25,-56.80193922883643,-10.452042164884023,1.5061634207784422,0.0,0.0,0.0,0.0,-1.0,0.0,UNOBSERVED_BODY_ENVELOPE,0.7110185571230425,0,2,0,8,24
68.26666666666667,-56.80193922883643,-10.452042164884023,1.5061634207784422,0.0,0.0,0.0,0.0,-1.0,0.0,UNOBSERVED_BODY_ENVELOPE,0.7110185571230425,0,2,0,8,24
68.28333333333333,-56.80193922883643,-10.452042164884023,1.5061634207784422,0.0,0.0,0.0,0.0,-1.0,0.0,UNOBSERVED_BODY_ENVELOPE,0.7110185571230425,0,2,0,8,24
68.3,-56.80193922883643,-10.452042164884023,1.5061634207784422,0.0,0.0,0.0,0.0,-1.0,0.0,UNOBSERVED_BODY_ENVELOPE,0.7110185571230425,0,2,0,8,24
68.31666666666666,-56.80193922883643,-10.452042164884023,1.5061634207784422,0.0,0.0,0.0,0.0,-1.0,0.0,UNOBSERVED_BODY_ENVELOPE,0.7110185571230425,0,2,0,8,24
68.33333333333333,-56.80193922883643,-10.452042164884023,1.5061634207784422,0.0,0.0,0.0,0.0,-1.0,0.0,UNOBSERVED_BODY_ENVELOPE,0.7110185571230425,0,2,0,8,24
68.35,-56.80193922883643,-10.452042164884023,1.5061634207784422,0.0,0.0,0.0,0.0,-1.0,0.0,UNOBSERVED_BODY_ENVELOPE,0.7110185571230425,0,2,0,8,24
68.36666666666666,-56.80193922883643,-10.452042164884023,1.5061634207784422,0.0,0.0,0.0,0.0,-1.0,0.0,UNOBSERVED_BODY_ENVELOPE,0.7110185571230425,0,2,0,8,24
68.38333333333334,-56.80193922883643,-10.452042164884023,1.5061634207784422,0.0,0.0,0.0,0.0,-1.0,0.0,UNOBSERVED_BODY_ENVELOPE,0.7110185571230425,0,2,0,8,24
68.4,-56.80193922883643,-10.452042164884023,1.5061634207784422,0.0,0.0,0.0,0.0,-1.0,0.0,UNOBSERVED_BODY_ENVELOPE,0.7110185571230425,0,2,0,8,24
68.41666666666667,-56.80193922883643,-10.452042164884023,1.5061634207784422,0.0,0.0,0.0,0.0,-1.0,0.0,UNOBSERVED_BODY_ENVELOPE,0.7110185571230425,0,2,0,8,24
68.43333333333334,-56.80193922883643,-10.452042164884023,1.5061634207784422,0.0,0.0,0.0,0.0,-1.0,0.0,UNOBSERVED_BODY_ENVELOPE,0.7110185571230425,0,2,0,8,24
68.45,-56.80193922883643,-10.452042164884023,1.5061634207784422,0.0,0.0,0.0,0.0,-1.0,0.0,UNOBSERVED_BODY_ENVELOPE,0.7110185571230425,0,2,0,8,24
68.46666666666667,-56.80193922883643,-10.452042164884023,1.5061634207784422,0.0,0.0,0.0,0.0,-1.0,0.0,UNOBSERVED_BODY_ENVELOPE,0.7110185571230425,0,2,0,8,24
68.48333333333333,-56.80193922883643,-10.452042164884023,1.5061634207784422,0.0,0.0,0.0,0.0,-1.0,0.0,UNOBSERVED_BODY_ENVELOPE,0.7110185571230425,0,2,0,8,24
68.5,-56.80193922883643,-10.452042164884023,1.5061634207784422,0.0,0.0,0.0,0.0,-1.0,0.0,UNOBSERVED_BODY_ENVELOPE,0.7110185571230425,0,2,0,8,24
68.51666666666667,-56.80193922883643,-10.452042164884023,1.5061634207784422,0.0,0.0,0.0,0.0,-1.0,0.0,UNOBSERVED_BODY_ENVELOPE,0.7110185571230425,0,2,0,8,24
68.53333333333333,-56.80193922883643,-10.452042164884023,1.5061634207784422,0.0,0.0,0.0,0.0,-1.0,0.0,UNOBSERVED_BODY_ENVELOPE,0.7110185571230425,0,2,0,8,24
68.55,-56.80193922883643,-10.452042164884023,1.5061634207784422,0.0,0.0,0.0,0.0,-1.0,0.0,UNOBSERVED_BODY_ENVELOPE,0.7110185571230425,0,2,0,8,24
68.56666666666666,-56.80193922883643,-10.452042164884023,1.5061634207784422,0.0,0.0,0.0,0.0,-1.0,0.0,UNOBSERVED_BODY_ENVELOPE,0.7110185571230425,0,2,0,8,24
68.58333333333333,-56.80193922883643,-10.452042164884023,1.5061634207784422,0.0,0.0,0.0,0.0,-1.0,0.0,UNOBSERVED_BODY_ENVELOPE,0.7110185571230425,0,2,0,8,24
68.6,-56.80193922883643,-10.452042164884023,1.5061634207784422,0.0,0.0,0.0,0.0,-1.0,0.0,UNOBSERVED_BODY_ENVELOPE,0.7110185571230425,0,2,0,8,24
68.61666666666666,-56.80193922883643,-10.452042164884023,1.5061634207784422,0.0,0.0,0.0,0.0,-1.0,0.0,UNOBSERVED_BODY_ENVELOPE,0.7110185571230425,0,2,0,8,24
68.63333333333334,-56.80193922883643,-10.452042164884023,1.5061634207784422,0.0,0.0,0.0,0.0,-1.0,0.0,UNOBSERVED_BODY_ENVELOPE,0.7110185571230425,0,2,0,8,24
68.65,-56.80193922883643,-10.452042164884023,1.5061634207784422,0.0,0.0,0.0,0.0,-1.0,0.0,UNOBSERVED_BODY_ENVELOPE,0.7110185571230425,0,2,0,8,24
68.66666666666667,-56.80193922883643,-10.452042164884023,1.5061634207784422,0.0,0.0,0.0,0.0,-1.0,0.0,UNOBSERVED_BODY_ENVELOPE,0.7110185571230425,0,2,0,8,24
68.68333333333334,-56.80193922883643,-10.452042164884023,1.5061634207784422,0.0,0.0,0.0,0.0,-1.0,0.0,UNOBSERVED_BODY_ENVELOPE,0.7110185571230425,0,2,0,8,24
68.7,-56.80193922883643,-10.452042164884023,1.5061634207784422,0.0,0.0,0.0,0.0,-1.0,0.0,UNOBSERVED_BODY_ENVELOPE,0.7110185571230425,0,2,0,8,24
68.71666666666667,-56.80193922883643,-10.452042164884023,1.5061634207784422,0.0,0.0,0.0,0.0,-1.0,0.0,UNOBSERVED_BODY_ENVELOPE,0.7110185571230425,0,2,0,8,24
68.73333333333333,-56.80193922883643,-10.452042164884023,1.5061634207784422,0.0,0.0,0.0,0.0,-1.0,0.0,UNOBSERVED_BODY_ENVELOPE,0.7110185571230425,0,2,0,8,24
68.75,-56.80193922883643,-10.452042164884023,1.5061634207784422,0.0,0.0,0.0,0.0,-1.0,0.0,UNOBSERVED_BODY_ENVELOPE,0.7110185571230425,0,2,0,8,24
68.76666666666667,-56.80193922883643,-10.452042164884023,1.5061634207784422,0.0,0.0,0.0,0.0,-1.0,0.0,UNOBSERVED_BODY_ENVELOPE,0.7110185571230425,0,2,0,8,24
68.78333333333333,-56.80193922883643,-10.452042164884023,1.5061634207784422,0.0,0.0,0.0,0.0,-1.0,0.0,UNOBSERVED_BODY_ENVELOPE,0.7110185571230425,0,2,0,8,24
68.8,-56.80193922883643,-10.452042164884023,1.5061634207784422,0.0,0.0,0.0,0.0,-1.0,0.0,UNOBSERVED_BODY_ENVELOPE,0.7110185571230425,0,2,0,8,24
68.81666666666666,-56.80193922883643,-10.452042164884023,1.5061634207784422,0.0,0.0,0.0,0.0,-1.0,0.0,UNOBSERVED_BODY_ENVELOPE,0.7110185571230425,0,2,0,8,24
68.83333333333333,-56.80193922883643,-10.452042164884023,1.5061634207784422,0.0,0.0,0.0,0.0,-1.0,0.0,UNOBSERVED_BODY_ENVELOPE,0.7110185571230425,0,2,0,8,24
68.85,-56.80193922883643,-10.452042164884023,1.5061634207784422,0.0,0.0,0.0,0.0,-1.0,0.0,UNOBSERVED_BODY_ENVELOPE,0.7110185571230425,0,2,0,8,24
68.86666666666666,-56.80193922883643,-10.452042164884023,1.5061634207784422,0.0,0.0,0.0,0.0,-1.0,0.0,UNOBSERVED_BODY_ENVELOPE,0.7110185571230425,0,2,0,8,24
68.88333333333334,-56.80193922883643,-10.452042164884023,1.5061634207784422,0.0,0.0,0.0,0.0,-1.0,0.0,UNOBSERVED_BODY_ENVELOPE,0.7110185571230425,0,2,0,8,24
68.9,-56.80193922883643,-10.452042164884023,1.5061634207784422,0.0,0.0,0.0,0.0,-1.0,0.0,UNOBSERVED_BODY_ENVELOPE,0.7110185571230425,0,2,0,8,24
68.91666666666667,-56.80193922883643,-10.452042164884023,1.5061634207784422,0.0,0.0,0.0,0.0,-1.0,0.0,UNOBSERVED_BODY_ENVELOPE,0.7110185571230425,0,2,0,8,24
68.93333333333334,-56.80193922883643,-10.452042164884023,1.5061634207784422,0.0,0.0,0.0,0.0,-1.0,0.0,UNOBSERVED_BODY_ENVELOPE,0.7110185571230425,0,2,0,8,24
68.95,-56.80193922883643,-10.452042164884023,1.5061634207784422,0.0,0.0,0.0,0.0,-1.0,0.0,UNOBSERVED_BODY_ENVELOPE,0.7110185571230425,0,2,0,8,24
68.96666666666667,-56.80193922883643,-10.452042164884023,1.5061634207784422,0.0,0.0,0.0,0.0,-1.0,0.0,UNOBSERVED_BODY_ENVELOPE,0.7110185571230425,0,2,0,8,24
68.98333333333333,-56.80193922883643,-10.452042164884023,1.5061634207784422,0.0,0.0,0.0,0.0,-1.0,0.0,UNOBSERVED_BODY_ENVELOPE,0.7110185571230425,0,2,0,8,24
69.0,-56.80193922883643,-10.452042164884023,1.5061634207784422,0.0,0.0,0.0,0.0,-1.0,0.0,UNOBSERVED_BODY_ENVELOPE,0.7110185571230425,0,2,0,10,24
69.01666666666667,-56.80193922883643,-10.452042164884023,1.5061634207784422,0.0,0.0,0.0,0.0,-1.0,0.0,UNOBSERVED_BODY_ENVELOPE,0.7110185571230425,0,2,0,10,24
69.03333333333333,-56.80193922883643,-10.452042164884023,1.5061634207784422,0.0,0.0,0.0,0.0,-1.0,0.0,UNOBSERVED_BODY_ENVELOPE,0.7110185571230425,0,2,0,10,24
69.05,-56.80193922883643,-10.452042164884023,1.5061634207784422,0.0,0.0,0.0,0.0,-1.0,0.0,UNOBSERVED_BODY_ENVELOPE,0.7110185571230425,0,2,0,12,24
69.06666666666666,-56.80193922883643,-10.452042164884023,1.5061634207784422,0.0,0.0,0.0,0.0,-1.0,0.0,UNOBSERVED_BODY_ENVELOPE,0.7110185571230425,0,2,0,12,24
69.08333333333333,-56.80193922883643,-10.452042164884023,1.5061634207784422,0.0,0.0,0.0,0.0,-1.0,0.0,UNOBSERVED_BODY_ENVELOPE,0.7110185571230425,0,2,0,12,24
69.1,-56.80193922883643,-10.452042164884023,1.5061634207784422,0.0,0.0,0.0,0.0,-1.0,0.0,UNOBSERVED_BODY_ENVELOPE,0.7110185571230425,0,2,0,12,24
69.11666666666666,-56.80193922883643,-10.452042164884023,1.5061634207784422,0.0,0.0,0.0,0.0,-1.0,0.0,UNOBSERVED_BODY_ENVELOPE,0.7110185571230425,0,2,0,12,24
69.13333333333334,-56.80193922883643,-10.452042164884023,1.5061634207784422,0.0,0.0,0.0,0.0,-1.0,0.0,UNOBSERVED_BODY_ENVELOPE,0.7110185571230425,0,2,0,12,24
69.15,-56.80193922883643,-10.452042164884023,1.5061634207784422,0.0,0.0,0.0,0.0,-1.0,0.0,UNOBSERVED_BODY_ENVELOPE,0.7110185571230425,0,2,0,12,24
69.16666666666667,-56.80193922883643,-10.452042164884023,1.5061634207784422,0.0,0.0,0.0,0.0,-1.0,0.0,UNOBSERVED_BODY_ENVELOPE,0.7110185571230425,0,2,0,12,24
69.18333333333334,-56.80193922883643,-10.452042164884023,1.5061634207784422,0.0,0.0,0.0,0.0,-1.0,0.0,UNOBSERVED_BODY_ENVELOPE,0.7110185571230425,0,2,0,12,24
69.2,-56.80193922883643,-10.452042164884023,1.5061634207784422,0.0,0.0,0.0,0.0,-1.0,0.0,UNOBSERVED_BODY_ENVELOPE,0.7110185571230425,0,2,0,12,24
69.21666666666667,-56.80193922883643,-10.452042164884023,1.5061634207784422,0.0,0.0,0.0,0.0,-1.0,0.0,UNOBSERVED_BODY_ENVELOPE,0.7110185571230425,0,2,0,12,24
69.23333333333333,-56.80193922883643,-10.452042164884023,1.5061634207784422,0.0,0.0,0.0,0.0,-1.0,0.0,UNOBSERVED_BODY_ENVELOPE,0.7110185571230425,0,2,0,12,24
69.25,-56.80193922883643,-10.452042164884023,1.5061634207784422,0.0,0.0,0.0,0.0,-1.0,0.0,UNOBSERVED_BODY_ENVELOPE,0.7110185571230425,0,2,0,12,24
69.26666666666667,-56.80193922883643,-10.452042164884023,1.5061634207784422,0.0,0.0,0.0,0.0,-1.0,0.0,UNOBSERVED_BODY_ENVELOPE,0.7110185571230425,0,2,0,12,24
69.28333333333333,-56.80193922883643,-10.452042164884023,1.5061634207784422,0.0,0.0,0.0,0.0,-1.0,0.0,UNOBSERVED_BODY_ENVELOPE,0.7110185571230425,0,2,0,12,24
69.3,-56.80193922883643,-10.452042164884023,1.5061634207784422,0.0,0.0,0.0,0.0,-1.0,0.0,UNOBSERVED_BODY_ENVELOPE,0.7110185571230425,0,2,0,12,24
69.31666666666666,-56.80193922883643,-10.452042164884023,1.5061634207784422,0.0,0.0,0.0,0.0,-1.0,0.0,UNOBSERVED_BODY_ENVELOPE,0.7110185571230425,0,2,0,12,24
69.33333333333333,-56.80193922883643,-10.452042164884023,1.5061634207784422,0.0,0.0,0.0,0.0,-1.0,0.0,UNOBSERVED_BODY_ENVELOPE,0.7110185571230425,0,2,0,12,24
69.35,-56.80193922883643,-10.452042164884023,1.5061634207784422,0.0,0.0,0.0,0.0,-1.0,0.0,UNOBSERVED_BODY_ENVELOPE,0.7110185571230425,0,2,0,12,24
69.36666666666666,-56.80193922883643,-10.452042164884023,1.5061634207784422,0.0,0.0,0.0,0.0,-1.0,0.0,UNOBSERVED_BODY_ENVELOPE,0.7110185571230425,0,2,0,12,24
69.38333333333334,-56.80193922883643,-10.452042164884023,1.5061634207784422,0.0,0.0,0.0,0.0,-1.0,0.0,UNOBSERVED_BODY_ENVELOPE,0.7110185571230425,0,2,0,12,24
69.4,-56.80193922883643,-10.452042164884023,1.5061634207784422,0.0,0.0,0.0,0.0,-1.0,0.0,UNOBSERVED_BODY_ENVELOPE,0.7110185571230425,0,2,0,12,24
69.41666666666667,-56.80193922883643,-10.452042164884023,1.5061634207784422,0.0,0.0,0.0,0.0,-1.0,0.0,UNOBSERVED_BODY_ENVELOPE,0.7110185571230425,0,2,0,12,24
69.43333333333334,-56.80193922883643,-10.452042164884023,1.5061634207784422,0.0,0.0,0.0,0.0,-1.0,0.0,UNOBSERVED_BODY_ENVELOPE,0.7110185571230425,0,2,0,12,24
69.45,-56.80193922883643,-10.452042164884023,1.5061634207784422,0.0,0.0,0.0,0.0,-1.0,0.0,UNOBSERVED_BODY_ENVELOPE,0.7110185571230425,0,2,0,12,24
69.46666666666667,-56.80193922883643,-10.452042164884023,1.5061634207784422,0.0,0.0,0.0,0.0,-1.0,0.0,UNOBSERVED_BODY_ENVELOPE,0.7110185571230425,0,2,0,12,24
69.48333333333333,-56.80193922883643,-10.452042164884023,1.5061634207784422,0.0,0.0,0.0,0.0,-1.0,0.0,UNOBSERVED_BODY_ENVELOPE,0.7110185571230425,0,2,0,12,24
69.5,-56.80193922883643,-10.452042164884023,1.5061634207784422,0.0,0.0,0.0,0.0,-1.0,0.0,UNOBSERVED_BODY_ENVELOPE,0.7110185571230425,0,2,0,12,24
69.51666666666667,-56.80193922883643,-10.452042164884023,1.5061634207784422,0.0,0.0,0.0,0.0,-1.0,0.0,UNOBSERVED_BODY_ENVELOPE,0.7110185571230425,0,2,0,12,24
69.53333333333333,-56.80193922883643,-10.452042164884023,1.5061634207784422,0.0,0.0,0.0,0.0,-1.0,0.0,UNOBSERVED_BODY_ENVELOPE,0.7110185571230425,0,2,0,12,24
69.55,-56.80193922883643,-10.452042164884023,1.5061634207784422,0.0,0.0,0.0,0.0,-1.0,0.0,UNOBSERVED_BODY_ENVELOPE,0.7110185571230425,0,2,0,12,24
69.56666666666666,-56.80193922883643,-10.452042164884023,1.5061634207784422,0.0,0.0,0.0,0.0,-1.0,0.0,UNOBSERVED_BODY_ENVELOPE,0.7110185571230425,0,2,0,12,24
69.58333333333333,-56.80193922883643,-10.452042164884023,1.5061634207784422,0.0,0.0,0.0,0.0,-1.0,0.0,UNOBSERVED_BODY_ENVELOPE,0.7110185571230425,0,2,0,12,24
69.6,-56.80193922883643,-10.452042164884023,1.5061634207784422,0.0,0.0,0.0,0.0,-1.0,0.0,UNOBSERVED_BODY_ENVELOPE,0.7110185571230425,0,2,0,12,24
69.61666666666666,-56.80193922883643,-10.452042164884023,1.5061634207784422,0.0,0.0,0.0,0.0,-1.0,0.0,UNOBSERVED_BODY_ENVELOPE,0.7110185571230425,0,2,0,12,24
69.63333333333334,-56.80193922883643,-10.452042164884023,1.5061634207784422,0.0,0.0,0.0,0.0,-1.0,0.0,UNOBSERVED_BODY_ENVELOPE,0.7110185571230425,0,2,0,12,24
69.65,-56.80193922883643,-10.452042164884023,1.5061634207784422,0.0,0.0,0.0,0.0,-1.0,0.0,UNOBSERVED_BODY_ENVELOPE,0.7110185571230425,0,2,0,12,24
69.66666666666667,-56.80193922883643,-10.452042164884023,1.5061634207784422,0.0,0.0,0.0,0.0,-1.0,0.0,UNOBSERVED_BODY_ENVELOPE,0.7110185571230425,0,2,0,12,24
69.68333333333334,-56.80193922883643,-10.452042164884023,1.5061634207784422,0.0,0.0,0.0,0.0,-1.0,0.0,UNOBSERVED_BODY_ENVELOPE,0.7110185571230425,0,2,0,12,24
69.7,-56.80193922883643,-10.452042164884023,1.5061634207784422,0.0,0.0,0.0,0.0,-1.0,0.0,UNOBSERVED_BODY_ENVELOPE,0.7110185571230425,0,2,0,12,24
69.71666666666667,-56.80193922883643,-10.452042164884023,1.5061634207784422,0.0,0.0,0.0,0.0,-1.0,0.0,UNOBSERVED_BODY_ENVELOPE,0.7110185571230425,0,2,0,12,24
69.73333333333333,-56.80193922883643,-10.452042164884023,1.5061634207784422,0.0,0.0,0.0,0.0,-1.0,0.0,UNOBSERVED_BODY_ENVELOPE,0.7110185571230425,0,2,0,12,24
69.75,-56.80193922883643,-10.452042164884023,1.5061634207784422,0.0,0.0,0.0,0.0,-1.0,0.0,UNOBSERVED_BODY_ENVELOPE,0.7110185571230425,0,2,0,12,24
69.76666666666667,-56.80193922883643,-10.452042164884023,1.5061634207784422,0.0,0.0,0.0,0.0,-1.0,0.0,UNOBSERVED_BODY_ENVELOPE,0.7110185571230425,0,2,0,12,24
69.78333333333333,-56.80193922883643,-10.452042164884023,1.5061634207784422,0.0,0.0,0.0,0.0,-1.0,0.0,UNOBSERVED_BODY_ENVELOPE,0.7110185571230425,0,2,0,12,24
69.8,-56.80193922883643,-10.452042164884023,1.5061634207784422,0.0,0.0,0.0,0.0,-1.0,0.0,UNOBSERVED_BODY_ENVELOPE,0.7110185571230425,0,2,0,12,24
69.81666666666666,-56.80193922883643,-10.452042164884023,1.5061634207784422,0.0,0.0,0.0,0.0,-1.0,0.0,UNOBSERVED_BODY_ENVELOPE,0.7110185571230425,0,2,0,12,24
69.83333333333333,-56.80193922883643,-10.452042164884023,1.5061634207784422,0.0,0.0,0.0,0.0,-1.0,0.0,UNOBSERVED_BODY_ENVELOPE,0.7110185571230425,0,2,0,12,24
69.85,-56.80193922883643,-10.452042164884023,1.5061634207784422,0.0,0.0,0.0,0.0,-1.0,0.0,UNOBSERVED_BODY_ENVELOPE,0.7110185571230425,0,2,0,12,24
69.86666666666666,-56.80193922883643,-10.452042164884023,1.5061634207784422,0.0,0.0,0.0,0.0,-1.0,0.0,UNOBSERVED_BODY_ENVELOPE,0.7110185571230425,0,2,0,12,24
69.88333333333334,-56.80193922883643,-10.452042164884023,1.5061634207784422,0.0,0.0,0.0,0.0,-1.0,0.0,UNOBSERVED_BODY_ENVELOPE,0.7110185571230425,0,2,0,12,24
69.9,-56.80193922883643,-10.452042164884023,1.5061634207784422,0.0,0.0,0.0,0.0,-1.0,0.0,UNOBSERVED_BODY_ENVELOPE,0.7110185571230425,0,2,0,12,24
69.91666666666667,-56.80193922883643,-10.452042164884023,1.5061634207784422,0.0,0.0,0.0,0.0,-1.0,0.0,UNOBSERVED_BODY_ENVELOPE,0.7110185571230425,0,2,0,12,24
69.93333333333334,-56.80193922883643,-10.452042164884023,1.5061634207784422,0.0,0.0,0.0,0.0,-1.0,0.0,UNOBSERVED_BODY_ENVELOPE,0.7110185571230425,0,2,0,12,24
69.95,-56.80193922883643,-10.452042164884023,1.5061634207784422,0.0,0.0,0.0,0.0,-1.0,0.0,UNOBSERVED_BODY_ENVELOPE,0.7110185571230425,0,2,0,12,24
69.96666666666667,-56.80193922883643,-10.452042164884023,1.5061634207784422,0.0,0.0,0.0,0.0,-1.0,0.0,UNOBSERVED_BODY_ENVELOPE,0.7110185571230425,0,2,0,12,24
69.98333333333333,-56.80193922883643,-10.452042164884023,1.5061634207784422,0.0,0.0,0.0,0.0,-1.0,0.0,UNOBSERVED_BODY_ENVELOPE,0.7110185571230425,0,2,0,12,24
70.0,-56.80193922883643,-10.452042164884023,1.5061634207784422,0.0,0.0,0.0,0.0,-1.0,0.0,UNOBSERVED_BODY_ENVELOPE,0.7110185571230425,0,2,0,12,24
70.01666666666667,-56.80193922883643,-10.452042164884023,1.5061634207784422,0.0,0.0,0.0,0.0,-1.0,0.0,UNOBSERVED_BODY_ENVELOPE,0.7110185571230425,0,2,0,12,24
70.03333333333333,-56.80193922883643,-10.452042164884023,1.5061634207784422,0.0,0.0,0.0,0.0,-1.0,0.0,UNOBSERVED_BODY_ENVELOPE,0.7110185571230425,0,2,0,12,24
70.05,-56.80193922883643,-10.452042164884023,1.5061634207784422,0.0,0.0,0.0,0.0,-1.0,0.0,UNOBSERVED_BODY_ENVELOPE,0.7110185571230425,0,2,0,12,24
70.06666666666666,-56.80193922883643,-10.452042164884023,1.5061634207784422,0.0,0.0,0.0,0.0,-1.0,0.0,UNOBSERVED_BODY_ENVELOPE,0.7110185571230425,0,2,0,12,24
70.08333333333333,-56.80193922883643,-10.452042164884023,1.5061634207784422,0.0,0.0,0.0,0.0,-1.0,0.0,UNOBSERVED_BODY_ENVELOPE,0.7110185571230425,0,2,0,12,24
70.1,-56.80193922883643,-10.452042164884023,1.5061634207784422,0.0,0.0,0.0,0.0,-1.0,0.0,UNOBSERVED_BODY_ENVELOPE,0.7110185571230425,0,2,0,16,24
70.11666666666666,-56.80193922883643,-10.452042164884023,1.5061634207784422,0.0,0.0,0.0,0.0,-1.0,0.0,UNOBSERVED_BODY_ENVELOPE,0.7110185571230425,0,2,0,16,24
70.13333333333334,-56.80193922883643,-10.452042164884023,1.5061634207784422,0.0,0.0,0.0,0.0,-1.0,0.0,UNOBSERVED_BODY_ENVELOPE,0.7110185571230425,0,2,0,16,24
70.15,-56.80193922883643,-10.452042164884023,1.5061634207784422,0.0,0.0,0.0,0.0,-1.0,0.0,UNOBSERVED_BODY_ENVELOPE,0.7110185571230425,0,2,0,16,24
70.16666666666667,-56.80193922883643,-10.452042164884023,1.5061634207784422,0.0,0.0,0.0,0.0,-1.0,0.0,UNOBSERVED_BODY_ENVELOPE,0.7110185571230425,0,2,0,16,24
70.18333333333334,-56.80193922883643,-10.452042164884023,1.5061634207784422,0.0,0.0,0.0,0.0,-1.0,0.0,UNOBSERVED_BODY_ENVELOPE,0.7110185571230425,0,2,0,16,24
70.2,-56.80193922883643,-10.452042164884023,1.5061634207784422,0.0,0.0,0.0,0.0,-1.0,0.0,UNOBSERVED_BODY_ENVELOPE,0.7110185571230425,0,2,0,16,24
70.21666666666667,-56.80193922883643,-10.452042164884023,1.5061634207784422,0.0,0.0,0.0,0.0,-1.0,0.0,UNOBSERVED_BODY_ENVELOPE,0.7110185571230425,0,2,0,16,24
70.23333333333333,-56.80193922883643,-10.452042164884023,1.5061634207784422,0.0,0.0,0.0,0.0,-1.0,0.0,UNOBSERVED_BODY_ENVELOPE,0.7110185571230425,0,2,0,16,24
70.25,-56.80193922883643,-10.452042164884023,1.5061634207784422,0.0,0.0,0.0,0.0,-1.0,0.0,UNOBSERVED_BODY_ENVELOPE,0.7110185571230425,0,2,0,16,24
70.26666666666667,-56.80193922883643,-10.452042164884023,1.5061634207784422,0.0,0.0,0.0,0.0,-1.0,0.0,UNOBSERVED_BODY_ENVELOPE,0.7110185571230425,0,2,0,16,24
70.28333333333333,-56.80193922883643,-10.452042164884023,1.5061634207784422,0.0,0.0,0.0,0.0,-1.0,0.0,UNOBSERVED_BODY_ENVELOPE,0.7110185571230425,0,2,0,16,24
70.3,-56.80193922883643,-10.452042164884023,1.5061634207784422,0.0,0.0,0.0,0.0,-1.0,0.0,UNOBSERVED_BODY_ENVELOPE,0.7110185571230425,0,2,0,16,24
70.31666666666666,-56.80193922883643,-10.452042164884023,1.5061634207784422,0.0,0.0,0.0,0.0,-1.0,0.0,UNOBSERVED_BODY_ENVELOPE,0.7110185571230425,0,2,0,16,24
70.33333333333333,-56.80193922883643,-10.452042164884023,1.5061634207784422,0.0,0.0,0.0,0.0,-1.0,0.0,UNOBSERVED_BODY_ENVELOPE,0.7110185571230425,0,2,0,16,24
70.35,-56.80193922883643,-10.452042164884023,1.5061634207784422,0.0,0.0,0.0,0.0,-1.0,0.0,UNOBSERVED_BODY_ENVELOPE,0.7110185571230425,0,2,0,16,24
70.36666666666666,-56.80193922883643,-10.452042164884023,1.5061634207784422,0.0,0.0,0.0,0.0,-1.0,0.0,UNOBSERVED_BODY_ENVELOPE,0.7110185571230425,0,2,0,16,24
70.38333333333334,-56.80193922883643,-10.452042164884023,1.5061634207784422,0.0,0.0,0.0,0.0,-1.0,0.0,UNOBSERVED_BODY_ENVELOPE,0.7110185571230425,0,2,0,16,24
70.4,-56.80193922883643,-10.452042164884023,1.5061634207784422,0.0,0.0,0.0,0.0,-1.0,0.0,UNOBSERVED_BODY_ENVELOPE,0.7110185571230425,0,2,0,16,24
70.41666666666667,-56.80193922883643,-10.452042164884023,1.5061634207784422,0.0,0.0,0.0,0.0,-1.0,0.0,UNOBSERVED_BODY_ENVELOPE,0.7110185571230425,0,2,0,16,24
70.43333333333334,-56.80193922883643,-10.452042164884023,1.5061634207784422,0.0,0.0,0.0,0.0,-1.0,0.0,UNOBSERVED_BODY_ENVELOPE,0.7110185571230425,0,2,0,16,24
70.45,-56.80193922883643,-10.452042164884023,1.5061634207784422,0.0,0.0,0.0,0.0,-1.0,0.0,UNOBSERVED_BODY_ENVELOPE,0.7110185571230425,0,2,0,16,24
70.46666666666667,-56.80193922883643,-10.452042164884023,1.5061634207784422,0.0,0.0,0.0,0.0,-1.0,0.0,UNOBSERVED_BODY_ENVELOPE,0.7110185571230425,0,2,0,16,24
70.48333333333333,-56.80193922883643,-10.452042164884023,1.5061634207784422,0.0,0.0,0.0,0.0,-1.0,0.0,UNOBSERVED_BODY_ENVELOPE,0.7110185571230425,0,2,0,16,24
70.5,-56.80193922883643,-10.452042164884023,1.5061634207784422,0.0,0.0,0.0,0.0,-1.0,0.0,UNOBSERVED_BODY_ENVELOPE,0.7110185571230425,0,2,0,16,24
70.51666666666667,-56.80193922883643,-10.452042164884023,1.5061634207784422,0.0,0.0,0.0,0.0,-1.0,0.0,UNOBSERVED_BODY_ENVELOPE,0.7110185571230425,0,2,0,16,24
70.53333333333333,-56.80193922883643,-10.452042164884023,1.5061634207784422,0.0,0.0,0.0,0.0,-1.0,0.0,UNOBSERVED_BODY_ENVELOPE,0.7110185571230425,0,2,0,16,24
70.55,-56.80193922883643,-10.452042164884023,1.5061634207784422,0.0,0.0,0.0,0.0,-1.0,0.0,UNOBSERVED_BODY_ENVELOPE,0.7110185571230425,0,2,0,16,24
70.56666666666666,-56.80193922883643,-10.452042164884023,1.5061634207784422,0.0,0.0,0.0,0.0,-1.0,0.0,UNOBSERVED_BODY_ENVELOPE,0.7110185571230425,0,2,0,16,24
70.58333333333333,-56.80193922883643,-10.452042164884023,1.5061634207784422,0.0,0.0,0.0,0.0,-1.0,0.0,UNOBSERVED_BODY_ENVELOPE,0.7110185571230425,0,2,0,16,24
70.6,-56.80193922883643,-10.452042164884023,1.5061634207784422,0.0,0.0,0.0,0.0,-1.0,0.0,UNOBSERVED_BODY_ENVELOPE,0.7110185571230425,0,2,0,16,24
70.61666666666666,-56.80193922883643,-10.452042164884023,1.5061634207784422,0.0,0.0,0.0,0.0,-1.0,0.0,UNOBSERVED_BODY_ENVELOPE,0.7110185571230425,0,2,0,16,24
70.63333333333334,-56.80193922883643,-10.452042164884023,1.5061634207784422,0.0,0.0,0.0,0.0,-1.0,0.0,UNOBSERVED_BODY_ENVELOPE,0.7110185571230425,0,2,0,16,24
70.65,-56.80193922883643,-10.452042164884023,1.5061634207784422,0.0,0.0,0.0,0.0,-1.0,0.0,UNOBSERVED_BODY_ENVELOPE,0.7110185571230425,0,2,0,16,24
70.66666666666667,-56.80193922883643,-10.452042164884023,1.5061634207784422,0.0,0.0,0.0,0.0,-1.0,0.0,UNOBSERVED_BODY_ENVELOPE,0.7110185571230425,0,2,0,16,24
70.68333333333334,-56.80193922883643,-10.452042164884023,1.5061634207784422,0.0,0.0,0.0,0.0,-1.0,0.0,UNOBSERVED_BODY_ENVELOPE,0.7110185571230425,0,2,0,16,24
70.7,-56.80193922883643,-10.452042164884023,1.5061634207784422,0.0,0.0,0.0,0.0,-1.0,0.0,UNOBSERVED_BODY_ENVELOPE,0.7110185571230425,0,2,0,16,24
70.71666666666667,-56.80193922883643,-10.452042164884023,1.5061634207784422,0.0,0.0,0.0,0.0,-1.0,0.0,UNOBSERVED_BODY_ENVELOPE,0.7110185571230425,0,2,0,16,24
70.73333333333333,-56.80193922883643,-10.452042164884023,1.5061634207784422,0.0,0.0,0.0,0.0,-1.0,0.0,UNOBSERVED_BODY_ENVELOPE,0.7110185571230425,0,2,0,16,24
70.75,-56.80193922883643,-10.452042164884023,1.5061634207784422,0.0,0.0,0.0,0.0,-1.0,0.0,UNOBSERVED_BODY_ENVELOPE,0.7110185571230425,0,2,0,16,24
70.76666666666667,-56.80193922883643,-10.452042164884023,1.5061634207784422,0.0,0.0,0.0,0.0,-1.0,0.0,UNOBSERVED_BODY_ENVELOPE,0.7110185571230425,0,2,0,16,24
70.78333333333333,-56.80193922883643,-10.452042164884023,1.5061634207784422,0.0,0.0,0.0,0.0,-1.0,0.0,UNOBSERVED_BODY_ENVELOPE,0.7110185571230425,0,2,0,16,24
70.8,-56.80193922883643,-10.452042164884023,1.5061634207784422,0.0,0.0,0.0,0.0,-1.0,0.0,UNOBSERVED_BODY_ENVELOPE,0.7110185571230425,0,2,0,16,24
70.81666666666666,-56.80193922883643,-10.452042164884023,1.5061634207784422,0.0,0.0,0.0,0.0,-1.0,0.0,UNOBSERVED_BODY_ENVELOPE,0.7110185571230425,0,2,0,16,24
70.83333333333333,-56.80193922883643,-10.452042164884023,1.5061634207784422,0.0,0.0,0.0,0.0,-1.0,0.0,UNOBSERVED_BODY_ENVELOPE,0.7110185571230425,0,2,0,16,24
70.85,-56.80193922883643,-10.452042164884023,1.5061634207784422,0.0,0.0,0.0,0.0,-1.0,0.0,UNOBSERVED_BODY_ENVELOPE,0.7110185571230425,0,2,0,16,24
70.86666666666666,-56.80193922883643,-10.452042164884023,1.5061634207784422,0.0,0.0,0.0,0.0,-1.0,0.0,UNOBSERVED_BODY_ENVELOPE,0.7110185571230425,0,2,0,16,24
70.88333333333334,-56.80193922883643,-10.452042164884023,1.5061634207784422,0.0,0.0,0.0,0.0,-1.0,0.0,UNOBSERVED_BODY_ENVELOPE,0.7110185571230425,0,2,0,16,24
70.9,-56.80193922883643,-10.452042164884023,1.5061634207784422,0.0,0.0,0.0,0.0,-1.0,0.0,UNOBSERVED_BODY_ENVELOPE,0.7110185571230425,0,2,0,16,24
70.91666666666667,-56.80193922883643,-10.452042164884023,1.5061634207784422,0.0,0.0,0.0,0.0,-1.0,0.0,UNOBSERVED_BODY_ENVELOPE,0.7110185571230425,0,2,0,16,24
70.93333333333334,-56.80193922883643,-10.452042164884023,1.5061634207784422,0.0,0.0,0.0,0.0,-1.0,0.0,UNOBSERVED_BODY_ENVELOPE,0.7110185571230425,0,2,0,16,24
70.95,-56.80193922883643,-10.452042164884023,1.5061634207784422,0.0,0.0,0.0,0.0,-1.0,0.0,UNOBSERVED_BODY_ENVELOPE,0.7110185571230425,0,2,0,16,24
70.96666666666667,-56.80193922883643,-10.452042164884023,1.5061634207784422,0.0,0.0,0.0,0.0,-1.0,0.0,UNOBSERVED_BODY_ENVELOPE,0.7110185571230425,0,2,0,16,24
70.98333333333333,-56.80193922883643,-10.452042164884023,1.5061634207784422,0.0,0.0,0.0,0.0,-1.0,0.0,UNOBSERVED_BODY_ENVELOPE,0.7110185571230425,0,2,0,16,24
71.0,-56.80193922883643,-10.452042164884023,1.5061634207784422,0.0,0.0,0.0,0.0,-1.0,0.0,UNOBSERVED_BODY_ENVELOPE,0.7110185571230425,0,2,0,16,24
71.01666666666667,-56.80193922883643,-10.452042164884023,1.5061634207784422,0.0,0.0,0.0,0.0,-1.0,0.0,UNOBSERVED_BODY_ENVELOPE,0.7110185571230425,0,2,0,16,24
71.03333333333333,-56.80193922883643,-10.452042164884023,1.5061634207784422,0.0,0.0,0.0,0.0,-1.0,0.0,UNOBSERVED_BODY_ENVELOPE,0.7110185571230425,0,2,0,16,24
71.05,-56.80193922883643,-10.452042164884023,1.5061634207784422,0.0,0.0,0.0,0.0,-1.0,0.0,UNOBSERVED_BODY_ENVELOPE,0.7110185571230425,0,2,0,16,24
71.06666666666666,-56.80193922883643,-10.452042164884023,1.5061634207784422,0.0,0.0,0.0,0.0,-1.0,0.0,UNOBSERVED_BODY_ENVELOPE,0.7110185571230425,0,2,0,16,24
71.08333333333333,-56.80193922883643,-10.452042164884023,1.5061634207784422,0.0,0.0,0.0,0.0,-1.0,0.0,UNOBSERVED_BODY_ENVELOPE,0.7110185571230425,0,2,0,16,24
71.1,-56.80193922883643,-10.452042164884023,1.5061634207784422,0.0,0.0,0.0,0.0,-1.0,0.0,UNOBSERVED_BODY_ENVELOPE,0.7110185571230425,0,2,0,20,24
71.11666666666666,-56.80193922883643,-10.452042164884023,1.5061634207784422,0.0,0.0,0.0,0.0,-1.0,0.0,UNOBSERVED_BODY_ENVELOPE,0.7110185571230425,0,2,0,20,24
71.13333333333334,-56.80193922883643,-10.452042164884023,1.5061634207784422,0.0,0.0,0.0,0.0,-1.0,0.0,UNOBSERVED_BODY_ENVELOPE,0.7110185571230425,0,2,0,20,24
71.15,-56.80193922883643,-10.452042164884023,1.5061634207784422,0.0,0.0,0.0,0.0,-1.0,0.0,UNOBSERVED_BODY_ENVELOPE,0.7110185571230425,0,2,0,20,24
71.16666666666667,-56.80193922883643,-10.452042164884023,1.5061634207784422,0.0,0.0,0.0,0.0,-1.0,0.0,UNOBSERVED_BODY_ENVELOPE,0.7110185571230425,0,2,0,20,24
71.18333333333334,-56.80193922883643,-10.452042164884023,1.5061634207784422,0.0,0.0,0.0,0.0,-1.0,0.0,UNOBSERVED_BODY_ENVELOPE,0.7110185571230425,0,2,0,20,24
71.2,-56.80193922883643,-10.452042164884023,1.5061634207784422,0.0,0.0,0.0,0.0,-1.0,0.0,UNOBSERVED_BODY_ENVELOPE,0.7110185571230425,0,2,0,20,24
71.21666666666667,-56.80193922883643,-10.452042164884023,1.5061634207784422,0.0,0.0,0.0,0.0,-1.0,0.0,UNOBSERVED_BODY_ENVELOPE,0.7110185571230425,0,2,0,20,24
71.23333333333333,-56.80193922883643,-10.452042164884023,1.5061634207784422,0.0,0.0,0.0,0.0,-1.0,0.0,UNOBSERVED_BODY_ENVELOPE,0.7110185571230425,0,2,0,20,24
71.25,-56.80193922883643,-10.452042164884023,1.5061634207784422,0.0,0.0,0.0,0.0,-1.0,0.0,UNOBSERVED_BODY_ENVELOPE,0.7110185571230425,0,2,0,20,24
71.26666666666667,-56.80193922883643,-10.452042164884023,1.5061634207784422,0.0,0.0,0.0,0.0,-1.0,0.0,UNOBSERVED_BODY_ENVELOPE,0.7110185571230425,0,2,0,20,24
71.28333333333333,-56.80193922883643,-10.452042164884023,1.5061634207784422,0.0,0.0,0.0,0.0,-1.0,0.0,UNOBSERVED_BODY_ENVELOPE,0.7110185571230425,0,2,0,20,24
71.3,-56.80193922883643,-10.452042164884023,1.5061634207784422,0.0,0.0,0.0,0.0,-1.0,0.0,UNOBSERVED_BODY_ENVELOPE,0.7110185571230425,0,2,0,20,24
71.31666666666666,-56.80193922883643,-10.452042164884023,1.5061634207784422,0.0,0.0,0.0,0.0,-1.0,0.0,UNOBSERVED_BODY_ENVELOPE,0.7110185571230425,0,2,0,20,24
71.33333333333333,-56.80193922883643,-10.452042164884023,1.5061634207784422,0.0,0.0,0.0,0.0,-1.0,0.0,UNOBSERVED_BODY_ENVELOPE,0.7110185571230425,0,2,0,20,24
71.35,-56.80193922883643,-10.452042164884023,1.5061634207784422,0.0,0.0,0.0,0.0,-1.0,0.0,UNOBSERVED_BODY_ENVELOPE,0.7110185571230425,0,2,0,20,24
71.36666666666666,-56.80193922883643,-10.452042164884023,1.5061634207784422,0.0,0.0,0.0,0.0,-1.0,0.0,UNOBSERVED_BODY_ENVELOPE,0.7110185571230425,0,2,0,20,24
71.38333333333334,-56.80193922883643,-10.452042164884023,1.5061634207784422,0.0,0.0,0.0,0.0,-1.0,0.0,UNOBSERVED_BODY_ENVELOPE,0.7110185571230425,0,2,0,20,24
71.4,-56.80193922883643,-10.452042164884023,1.5061634207784422,0.0,0.0,0.0,0.0,-1.0,0.0,UNOBSERVED_BODY_ENVELOPE,0.7110185571230425,0,2,0,20,24
71.41666666666667,-56.80193922883643,-10.452042164884023,1.5061634207784422,0.0,0.0,0.0,0.0,-1.0,0.0,UNOBSERVED_BODY_ENVELOPE,0.7110185571230425,0,2,0,20,24
71.43333333333334,-56.80193922883643,-10.452042164884023,1.5061634207784422,0.0,0.0,0.0,0.0,-1.0,0.0,UNOBSERVED_BODY_ENVELOPE,0.7110185571230425,0,2,0,20,24
71.45,-56.80193922883643,-10.452042164884023,1.5061634207784422,0.0,0.0,0.0,0.0,-1.0,0.0,UNOBSERVED_BODY_ENVELOPE,0.7110185571230425,0,2,0,20,24
71.46666666666667,-56.80193922883643,-10.452042164884023,1.5061634207784422,0.0,0.0,0.0,0.0,-1.0,0.0,UNOBSERVED_BODY_ENVELOPE,0.7110185571230425,0,2,0,20,24
71.48333333333333,-56.80193922883643,-10.452042164884023,1.5061634207784422,0.0,0.0,0.0,0.0,-1.0,0.0,UNOBSERVED_BODY_ENVELOPE,0.7110185571230425,0,2,0,20,24
71.5,-56.80193922883643,-10.452042164884023,1.5061634207784422,0.0,0.0,0.0,0.0,-1.0,0.0,UNOBSERVED_BODY_ENVELOPE,0.7110185571230425,0,2,0,20,24
71.51666666666667,-56.80193922883643,-10.452042164884023,1.5061634207784422,0.0,0.0,0.0,0.0,-1.0,0.0,UNOBSERVED_BODY_ENVELOPE,0.7110185571230425,0,2,0,20,24
71.53333333333333,-56.80193922883643,-10.452042164884023,1.5061634207784422,0.0,0.0,0.0,0.0,-1.0,0.0,UNOBSERVED_BODY_ENVELOPE,0.7110185571230425,0,2,0,20,24
71.55,-56.80193922883643,-10.452042164884023,1.5061634207784422,0.0,0.0,0.0,0.0,-1.0,0.0,UNOBSERVED_BODY_ENVELOPE,0.7110185571230425,0,2,0,20,24
71.56666666666666,-56.80193922883643,-10.452042164884023,1.5061634207784422,0.0,0.0,0.0,0.0,-1.0,0.0,UNOBSERVED_BODY_ENVELOPE,0.7110185571230425,0,2,0,20,24
71.58333333333333,-56.80193922883643,-10.452042164884023,1.5061634207784422,0.0,0.0,0.0,0.0,-1.0,0.0,UNOBSERVED_BODY_ENVELOPE,0.7110185571230425,0,2,0,20,24
71.6,-56.80193922883643,-10.452042164884023,1.5061634207784422,0.0,0.0,0.0,0.0,-1.0,0.0,UNOBSERVED_BODY_ENVELOPE,0.7110185571230425,0,2,0,20,24
71.61666666666666,-56.80193922883643,-10.452042164884023,1.5061634207784422,0.0,0.0,0.0,0.0,-1.0,0.0,UNOBSERVED_BODY_ENVELOPE,0.7110185571230425,0,2,0,20,24
71.63333333333334,-56.80193922883643,-10.452042164884023,1.5061634207784422,0.0,0.0,0.0,0.0,-1.0,0.0,UNOBSERVED_BODY_ENVELOPE,0.7110185571230425,0,2,0,20,24
71.65,-56.80193922883643,-10.452042164884023,1.5061634207784422,0.0,0.0,0.0,0.0,-1.0,0.0,UNOBSERVED_BODY_ENVELOPE,0.7110185571230425,0,2,0,20,24
71.66666666666667,-56.80193922883643,-10.452042164884023,1.5061634207784422,0.0,0.0,0.0,0.0,-1.0,0.0,UNOBSERVED_BODY_ENVELOPE,0.7110185571230425,0,2,0,20,24
71.68333333333334,-56.80193922883643,-10.452042164884023,1.5061634207784422,0.0,0.0,0.0,0.0,-1.0,0.0,UNOBSERVED_BODY_ENVELOPE,0.7110185571230425,0,2,0,20,24
71.7,-56.80193922883643,-10.452042164884023,1.5061634207784422,0.0,0.0,0.0,0.0,-1.0,0.0,UNOBSERVED_BODY_ENVELOPE,0.7110185571230425,0,2,0,20,24
71.71666666666667,-56.80193922883643,-10.452042164884023,1.5061634207784422,0.0,0.0,0.0,0.0,-1.0,0.0,UNOBSERVED_BODY_ENVELOPE,0.7110185571230425,0,2,0,20,24
71.73333333333333,-56.80193922883643,-10.452042164884023,1.5061634207784422,0.0,0.0,0.0,0.0,-1.0,0.0,UNOBSERVED_BODY_ENVELOPE,0.7110185571230425,0,2,0,20,24
71.75,-56.80193922883643,-10.452042164884023,1.5061634207784422,0.0,0.0,0.0,0.0,-1.0,0.0,UNOBSERVED_BODY_ENVELOPE,0.7110185571230425,0,2,0,20,24
71.76666666666667,-56.80193922883643,-10.452042164884023,1.5061634207784422,0.0,0.0,0.0,0.0,-1.0,0.0,UNOBSERVED_BODY_ENVELOPE,0.7110185571230425,0,2,0,20,24
71.78333333333333,-56.80193922883643,-10.452042164884023,1.5061634207784422,0.0,0.0,0.0,0.0,-1.0,0.0,UNOBSERVED_BODY_ENVELOPE,0.7110185571230425,0,2,0,20,24
71.8,-56.80193922883643,-10.452042164884023,1.5061634207784422,0.0,0.0,0.0,0.0,-1.0,0.0,UNOBSERVED_BODY_ENVELOPE,0.7110185571230425,0,2,0,20,24
71.81666666666666,-56.80193922883643,-10.452042164884023,1.5061634207784422,0.0,0.0,0.0,0.0,-1.0,0.0,UNOBSERVED_BODY_ENVELOPE,0.7110185571230425,0,2,0,20,24
71.83333333333333,-56.80193922883643,-10.452042164884023,1.5061634207784422,0.0,0.0,0.0,0.0,-1.0,0.0,UNOBSERVED_BODY_ENVELOPE,0.7110185571230425,0,2,0,20,24
71.85,-56.80193922883643,-10.452042164884023,1.5061634207784422,0.0,0.0,0.0,0.0,-1.0,0.0,UNOBSERVED_BODY_ENVELOPE,0.7110185571230425,0,2,0,20,24
71.86666666666666,-56.80193922883643,-10.452042164884023,1.5061634207784422,0.0,0.0,0.0,0.0,-1.0,0.0,UNOBSERVED_BODY_ENVELOPE,0.7110185571230425,0,2,0,20,24
71.88333333333334,-56.80193922883643,-10.452042164884023,1.5061634207784422,0.0,0.0,0.0,0.0,-1.0,0.0,UNOBSERVED_BODY_ENVELOPE,0.7110185571230425,0,2,0,20,24
71.9,-56.80193922883643,-10.452042164884023,1.5061634207784422,0.0,0.0,0.0,0.0,-1.0,0.0,UNOBSERVED_BODY_ENVELOPE,0.7110185571230425,0,2,0,20,24
71.91666666666667,-56.80193922883643,-10.452042164884023,1.5061634207784422,0.0,0.0,0.0,0.0,-1.0,0.0,UNOBSERVED_BODY_ENVELOPE,0.7110185571230425,0,2,0,20,24
71.93333333333334,-56.80193922883643,-10.452042164884023,1.5061634207784422,0.0,0.0,0.0,0.0,-1.0,0.0,UNOBSERVED_BODY_ENVELOPE,0.7110185571230425,0,2,0,20,24
71.95,-56.80193922883643,-10.452042164884023,1.5061634207784422,0.0,0.0,0.0,0.0,-1.0,0.0,UNOBSERVED_BODY_ENVELOPE,0.7110185571230425,0,2,0,20,24
71.96666666666667,-56.80193922883643,-10.452042164884023,1.5061634207784422,0.0,0.0,0.0,0.0,-1.0,0.0,UNOBSERVED_BODY_ENVELOPE,0.7110185571230425,0,2,0,20,24
71.98333333333333,-56.80193922883643,-10.452042164884023,1.5061634207784422,0.0,0.0,0.0,0.0,-1.0,0.0,UNOBSERVED_BODY_ENVELOPE,0.7110185571230425,0,2,0,20,24
72.0,-56.80193922883643,-10.452042164884023,1.5061634207784422,0.0,0.0,0.0,0.0,-1.0,0.0,UNOBSERVED_BODY_ENVELOPE,0.7110185571230425,0,2,0,20,24
72.01666666666667,-56.80193922883643,-10.452042164884023,1.5061634207784422,0.0,0.0,0.0,0.0,-1.0,0.0,UNOBSERVED_BODY_ENVELOPE,0.7110185571230425,0,2,0,20,24
72.03333333333333,-56.80193922883643,-10.452042164884023,1.5061634207784422,0.0,0.0,0.0,0.0,-1.0,0.0,UNOBSERVED_BODY_ENVELOPE,0.7110185571230425,0,2,0,20,24
72.05,-56.80193922883643,-10.452042164884023,1.5061634207784422,0.0,0.0,0.0,0.0,-1.0,0.0,UNOBSERVED_BODY_ENVELOPE,0.7110185571230425,0,2,0,20,24
72.06666666666666,-56.80193922883643,-10.452042164884023,1.5061634207784422,0.0,0.0,0.0,0.0,-1.0,0.0,UNOBSERVED_BODY_ENVELOPE,0.7110185571230425,0,2,0,20,24
72.08333333333333,-56.80193922883643,-10.452042164884023,1.5061634207784422,0.0,0.0,0.0,0.0,-1.0,0.0,UNOBSERVED_BODY_ENVELOPE,0.7110185571230425,0,2,0,20,24
72.1,-56.80193922883643,-10.452042164884023,1.5061634207784422,0.0,0.0,0.0,0.0,-1.0,0.0,UNOBSERVED_BODY_ENVELOPE,0.7110185571230425,0,2,0,20,24
72.11666666666666,-56.80193922883643,-10.452042164884023,1.5061634207784422,0.0,0.0,0.0,0.0,-1.0,0.0,UNOBSERVED_BODY_ENVELOPE,0.7110185571230425,0,2,0,20,24
72.13333333333334,-56.80193922883643,-10.452042164884023,1.5061634207784422,0.0,0.0,0.0,0.0,-1.0,0.0,UNOBSERVED_BODY_ENVELOPE,0.7110185571230425,0,2,0,20,24
72.15,-56.80193922883643,-10.452042164884023,1.5061634207784422,0.0,0.0,0.0,0.0,-1.0,0.0,UNOBSERVED_BODY_ENVELOPE,0.7110185571230425,0,2,0,24,24
72.16666666666667,-56.80193922883643,-10.452042164884023,1.5061634207784422,0.0,0.0,0.0,0.0,-1.0,0.0,UNOBSERVED_BODY_ENVELOPE,0.7110185571230425,0,2,0,24,24
72.18333333333334,-56.80193922883643,-10.452042164884023,1.5061634207784422,0.0,0.0,0.0,0.0,-1.0,0.0,UNOBSERVED_BODY_ENVELOPE,0.7110185571230425,0,2,0,24,24
72.2,-56.80193922883643,-10.452042164884023,1.5061634207784422,0.0,0.0,0.0,0.0,-1.0,0.0,UNOBSERVED_BODY_ENVELOPE,0.7110185571230425,0,2,0,24,24
72.21666666666667,-56.80193922883643,-10.452042164884023,1.5061634207784422,0.0,0.0,0.0,0.0,-1.0,0.0,UNOBSERVED_BODY_ENVELOPE,0.7110185571230425,0,2,0,24,24
72.23333333333333,-56.80193922883643,-10.452042164884023,1.5061634207784422,0.0,0.0,0.0,0.0,-1.0,0.0,UNOBSERVED_BODY_ENVELOPE,0.7110185571230425,0,2,0,24,24
72.25,-56.80193922883643,-10.452042164884023,1.5061634207784422,0.0,0.0,0.0,0.0,-1.0,0.0,UNOBSERVED_BODY_ENVELOPE,0.7110185571230425,0,2,0,24,24
72.26666666666667,-56.80193922883643,-10.452042164884023,1.5061634207784422,0.0,0.0,0.0,0.0,-1.0,0.0,UNOBSERVED_BODY_ENVELOPE,0.7110185571230425,0,2,0,24,24
72.28333333333333,-56.80193922883643,-10.452042164884023,1.5061634207784422,0.0,0.0,0.0,0.0,-1.0,0.0,UNOBSERVED_BODY_ENVELOPE,0.7110185571230425,0,2,0,24,24
72.3,-56.80193922883643,-10.452042164884023,1.5061634207784422,0.0,0.0,0.0,0.0,-1.0,0.0,UNOBSERVED_BODY_ENVELOPE,0.7110185571230425,0,2,0,24,24
72.31666666666666,-56.80193922883643,-10.452042164884023,1.5061634207784422,0.0,0.0,0.0,0.0,-1.0,0.0,UNOBSERVED_BODY_ENVELOPE,0.7110185571230425,0,2,0,24,24
72.33333333333333,-56.80193922883643,-10.452042164884023,1.5061634207784422,0.0,0.0,0.0,0.0,-1.0,0.0,UNOBSERVED_BODY_ENVELOPE,0.7110185571230425,0,2,0,24,24
72.35,-56.80193922883643,-10.452042164884023,1.5061634207784422,0.0,0.0,0.0,0.0,-1.0,0.0,UNOBSERVED_BODY_ENVELOPE,0.7110185571230425,0,2,0,24,24
72.36666666666666,-56.80193922883643,-10.452042164884023,1.5061634207784422,0.0,0.0,0.0,0.0,-1.0,0.0,UNOBSERVED_BODY_ENVELOPE,0.7110185571230425,0,2,0,24,24
72.38333333333334,-56.80193922883643,-10.452042164884023,1.5061634207784422,0.0,0.0,0.0,0.0,-1.0,0.0,UNOBSERVED_BODY_ENVELOPE,0.7110185571230425,0,2,0,24,24
72.4,-56.80193922883643,-10.452042164884023,1.5061634207784422,0.0,0.0,0.0,0.0,-1.0,0.0,UNOBSERVED_BODY_ENVELOPE,0.7110185571230425,0,2,0,24,24
72.41666666666667,-56.80193922883643,-10.452042164884023,1.5061634207784422,0.0,0.0,0.0,0.0,-1.0,0.0,UNOBSERVED_BODY_ENVELOPE,0.7110185571230425,0,2,0,24,24
72.43333333333334,-56.80193922883643,-10.452042164884023,1.5061634207784422,0.0,0.0,0.0,0.0,-1.0,0.0,UNOBSERVED_BODY_ENVELOPE,0.7110185571230425,0,2,0,24,24
72.45,-56.80193922883643,-10.452042164884023,1.5061634207784422,0.0,0.0,0.0,0.0,-1.0,0.0,UNOBSERVED_BODY_ENVELOPE,0.7110185571230425,0,2,0,24,24
72.46666666666667,-56.80193922883643,-10.452042164884023,1.5061634207784422,0.0,0.0,0.0,0.0,-1.0,0.0,UNOBSERVED_BODY_ENVELOPE,0.7110185571230425,0,2,0,24,24
72.48333333333333,-56.80193922883643,-10.452042164884023,1.5061634207784422,0.0,0.0,0.0,0.0,-1.0,0.0,UNOBSERVED_BODY_ENVELOPE,0.7110185571230425,0,2,0,24,24
72.5,-56.80193922883643,-10.452042164884023,1.5061634207784422,0.0,0.0,0.0,0.0,-1.0,0.0,UNOBSERVED_BODY_ENVELOPE,0.7110185571230425,0,2,0,24,24
72.51666666666667,-56.80193922883643,-10.452042164884023,1.5061634207784422,0.0,0.0,0.0,0.0,-1.0,0.0,UNOBSERVED_BODY_ENVELOPE,0.7110185571230425,0,2,0,24,24
72.53333333333333,-56.80193922883643,-10.452042164884023,1.5061634207784422,0.0,0.0,0.0,0.0,-1.0,0.0,UNOBSERVED_BODY_ENVELOPE,0.7110185571230425,0,2,0,24,24
72.55,-56.80193922883643,-10.452042164884023,1.5061634207784422,0.0,0.0,0.0,0.0,-1.0,0.0,UNOBSERVED_BODY_ENVELOPE,0.7110185571230425,0,2,0,24,24
72.56666666666666,-56.80193922883643,-10.452042164884023,1.5061634207784422,0.0,0.0,0.0,0.0,-1.0,0.0,UNOBSERVED_BODY_ENVELOPE,0.7110185571230425,0,2,0,24,24
72.58333333333333,-56.80193922883643,-10.452042164884023,1.5061634207784422,0.0,0.0,0.0,0.0,-1.0,0.0,UNOBSERVED_BODY_ENVELOPE,0.7110185571230425,0,2,0,24,24
72.6,-56.80193922883643,-10.452042164884023,1.5061634207784422,0.0,0.0,0.0,0.0,-1.0,0.0,UNOBSERVED_BODY_ENVELOPE,0.7110185571230425,0,2,0,24,24
72.61666666666666,-56.80193922883643,-10.452042164884023,1.5061634207784422,0.0,0.0,0.0,0.0,-1.0,0.0,UNOBSERVED_BODY_ENVELOPE,0.7110185571230425,0,2,0,24,24
72.63333333333334,-56.80193922883643,-10.452042164884023,1.5061634207784422,0.0,0.0,0.0,0.0,-1.0,0.0,UNOBSERVED_BODY_ENVELOPE,0.7110185571230425,0,2,0,24,24
72.65,-56.80193922883643,-10.452042164884023,1.5061634207784422,0.0,0.0,0.0,0.0,-1.0,0.0,UNOBSERVED_BODY_ENVELOPE,0.7110185571230425,0,2,0,24,24
72.66666666666667,-56.80193922883643,-10.452042164884023,1.5061634207784422,0.0,0.0,0.0,0.0,-1.0,0.0,UNOBSERVED_BODY_ENVELOPE,0.7110185571230425,0,2,0,24,24
72.68333333333334,-56.80193922883643,-10.452042164884023,1.5061634207784422,0.0,0.0,0.0,0.0,-1.0,0.0,UNOBSERVED_BODY_ENVELOPE,0.7110185571230425,0,2,0,24,24
72.7,-56.80193922883643,-10.452042164884023,1.5061634207784422,0.0,0.0,0.0,0.0,-1.0,0.0,UNOBSERVED_BODY_ENVELOPE,0.7110185571230425,0,2,0,24,24
72.71666666666667,-56.80193922883643,-10.452042164884023,1.5061634207784422,0.0,0.0,0.0,0.0,-1.0,0.0,UNOBSERVED_BODY_ENVELOPE,0.7110185571230425,0,2,0,24,24
72.73333333333333,-56.80193922883643,-10.452042164884023,1.5061634207784422,0.0,0.0,0.0,0.0,-1.0,0.0,UNOBSERVED_BODY_ENVELOPE,0.7110185571230425,0,2,0,24,24
72.75,-56.80193922883643,-10.452042164884023,1.5061634207784422,0.0,0.0,0.0,0.0,-1.0,0.0,UNOBSERVED_BODY_ENVELOPE,0.7110185571230425,0,2,0,24,24
72.76666666666667,-56.80193922883643,-10.452042164884023,1.5061634207784422,0.0,0.0,0.0,0.0,-1.0,0.0,UNOBSERVED_BODY_ENVELOPE,0.7110185571230425,0,2,0,24,24
72.78333333333333,-56.80193922883643,-10.452042164884023,1.5061634207784422,0.0,0.0,0.0,0.0,-1.0,0.0,UNOBSERVED_BODY_ENVELOPE,0.7110185571230425,0,2,0,24,24
72.8,-56.80193922883643,-10.452042164884023,1.5061634207784422,0.0,0.0,0.0,0.0,-1.0,0.0,UNOBSERVED_BODY_ENVELOPE,0.7110185571230425,0,2,0,24,24
72.81666666666666,-56.80193922883643,-10.452042164884023,1.5061634207784422,0.0,0.0,0.0,0.0,-1.0,0.0,UNOBSERVED_BODY_ENVELOPE,0.7110185571230425,0,2,0,24,24
72.83333333333333,-56.80193922883643,-10.452042164884023,1.5061634207784422,0.0,0.0,0.0,0.0,-1.0,0.0,UNOBSERVED_BODY_ENVELOPE,0.7110185571230425,0,2,0,24,24
72.85,-56.80193922883643,-10.452042164884023,1.5061634207784422,0.0,0.0,0.0,0.0,-1.0,0.0,UNOBSERVED_BODY_ENVELOPE,0.7110185571230425,0,2,0,24,24
72.86666666666666,-56.80193922883643,-10.452042164884023,1.5061634207784422,0.0,0.0,0.0,0.0,-1.0,0.0,UNOBSERVED_BODY_ENVELOPE,0.7110185571230425,0,2,0,24,24
72.88333333333334,-56.80193922883643,-10.452042164884023,1.5061634207784422,0.0,0.0,0.0,0.0,-1.0,0.0,UNOBSERVED_BODY_ENVELOPE,0.7110185571230425,0,2,0,24,24
72.9,-56.80193922883643,-10.452042164884023,1.5061634207784422,0.0,0.0,0.0,0.0,-1.0,0.0,UNOBSERVED_BODY_ENVELOPE,0.7110185571230425,0,2,0,24,24
72.91666666666667,-56.80193922883643,-10.452042164884023,1.5061634207784422,0.0,0.0,0.0,0.0,-1.0,0.0,UNOBSERVED_BODY_ENVELOPE,0.7110185571230425,0,2,0,24,24
72.93333333333334,-56.80193922883643,-10.452042164884023,1.5061634207784422,0.0,0.0,0.0,0.0,-1.0,0.0,UNOBSERVED_BODY_ENVELOPE,0.7110185571230425,0,2,0,24,24
72.95,-56.80193922883643,-10.452042164884023,1.5061634207784422,0.0,0.0,0.0,0.0,-1.0,0.0,UNOBSERVED_BODY_ENVELOPE,0.7110185571230425,0,2,0,24,24
72.96666666666667,-56.80193922883643,-10.452042164884023,1.5061634207784422,0.0,0.0,0.0,0.0,-1.0,0.0,UNOBSERVED_BODY_ENVELOPE,0.7110185571230425,0,2,0,24,24
72.98333333333333,-56.80193922883643,-10.452042164884023,1.5061634207784422,0.0,0.0,0.0,0.0,-1.0,0.0,UNOBSERVED_BODY_ENVELOPE,0.7110185571230425,0,2,0,24,24
73.0,-56.80193922883643,-10.452042164884023,1.5061634207784422,0.0,0.0,0.0,0.0,-1.0,0.0,UNOBSERVED_BODY_ENVELOPE,0.7110185571230425,0,2,0,24,24
73.01666666666667,-56.80193922883643,-10.452042164884023,1.5061634207784422,0.0,0.0,0.0,0.0,-1.0,0.0,UNOBSERVED_BODY_ENVELOPE,0.7110185571230425,0,2,0,24,24
73.03333333333333,-56.80193922883643,-10.452042164884023,1.5061634207784422,0.0,0.0,0.0,0.0,-1.0,0.0,UNOBSERVED_BODY_ENVELOPE,0.7110185571230425,0,2,0,24,24
73.05,-56.80193922883643,-10.452042164884023,1.5061634207784422,0.0,0.0,0.0,0.0,-1.0,0.0,UNOBSERVED_BODY_ENVELOPE,0.7110185571230425,0,2,0,24,24
73.06666666666666,-56.80193922883643,-10.452042164884023,1.5061634207784422,0.0,0.0,0.0,0.0,-1.0,0.0,UNOBSERVED_BODY_ENVELOPE,0.7110185571230425,0,2,0,24,24
73.08333333333333,-56.80193922883643,-10.452042164884023,1.5061634207784422,0.0,0.0,0.0,0.0,-1.0,0.0,UNOBSERVED_BODY_ENVELOPE,0.7110185571230425,0,2,0,24,24
73.1,-56.80193922883643,-10.452042164884023,1.5061634207784422,0.0,0.0,0.0,0.0,-1.0,0.0,UNOBSERVED_BODY_ENVELOPE,0.7110185571230425,0,2,0,28,24
73.11666666666666,-56.80193922883643,-10.452042164884023,1.5061634207784422,0.0,0.0,0.0,0.0,-1.0,0.0,UNOBSERVED_BODY_ENVELOPE,0.7110185571230425,0,2,0,28,24
73.13333333333334,-56.80193922883643,-10.452042164884023,1.5061634207784422,0.0,0.0,0.0,0.0,-1.0,0.0,UNOBSERVED_BODY_ENVELOPE,0.7110185571230425,0,2,0,28,24
73.15,-56.80193922883643,-10.452042164884023,1.5061634207784422,0.0,0.0,0.0,0.0,-1.0,0.0,UNOBSERVED_BODY_ENVELOPE,0.7110185571230425,0,2,0,28,24
73.16666666666667,-56.80193922883643,-10.452042164884023,1.5061634207784422,0.0,0.0,0.0,0.0,-1.0,0.0,UNOBSERVED_BODY_ENVELOPE,0.7110185571230425,0,2,0,28,24
73.18333333333334,-56.80193922883643,-10.452042164884023,1.5061634207784422,0.0,0.0,0.0,0.0,-1.0,0.0,UNOBSERVED_BODY_ENVELOPE,0.7110185571230425,0,2,0,28,24
73.2,-56.80193922883643,-10.452042164884023,1.5061634207784422,0.0,0.0,0.0,0.0,-1.0,0.0,UNOBSERVED_BODY_ENVELOPE,0.7110185571230425,0,2,0,28,24
73.21666666666667,-56.80193922883643,-10.452042164884023,1.5061634207784422,0.0,0.0,0.0,0.0,-1.0,0.0,UNOBSERVED_BODY_ENVELOPE,0.7110185571230425,0,2,0,28,24
73.23333333333333,-56.80193922883643,-10.452042164884023,1.5061634207784422,0.0,0.0,0.0,0.0,-1.0,0.0,UNOBSERVED_BODY_ENVELOPE,0.7110185571230425,0,2,0,28,24
73.25,-56.80193922883643,-10.452042164884023,1.5061634207784422,0.0,0.0,0.0,0.0,-1.0,0.0,UNOBSERVED_BODY_ENVELOPE,0.7110185571230425,0,2,0,28,24
73.26666666666667,-56.80193922883643,-10.452042164884023,1.5061634207784422,0.0,0.0,0.0,0.0,-1.0,0.0,UNOBSERVED_BODY_ENVELOPE,0.7110185571230425,0,2,0,28,24
73.28333333333333,-56.80193922883643,-10.452042164884023,1.5061634207784422,0.0,0.0,0.0,0.0,-1.0,0.0,UNOBSERVED_BODY_ENVELOPE,0.7110185571230425,0,2,0,28,24
73.3,-56.80193922883643,-10.452042164884023,1.5061634207784422,0.0,0.0,0.0,0.0,-1.0,0.0,UNOBSERVED_BODY_ENVELOPE,0.7110185571230425,0,2,0,28,24
73.31666666666666,-56.80193922883643,-10.452042164884023,1.5061634207784422,0.0,0.0,0.0,0.0,-1.0,0.0,UNOBSERVED_BODY_ENVELOPE,0.7110185571230425,0,2,0,28,24
73.33333333333333,-56.80193922883643,-10.452042164884023,1.5061634207784422,0.0,0.0,0.0,0.0,-1.0,0.0,UNOBSERVED_BODY_ENVELOPE,0.7110185571230425,0,2,0,28,24
73.35,-56.80193922883643,-10.452042164884023,1.5061634207784422,0.0,0.0,0.0,0.0,-1.0,0.0,UNOBSERVED_BODY_ENVELOPE,0.7110185571230425,0,2,0,28,24
73.36666666666666,-56.80193922883643,-10.452042164884023,1.5061634207784422,0.0,0.0,0.0,0.0,-1.0,0.0,UNOBSERVED_BODY_ENVELOPE,0.7110185571230425,0,2,0,28,24
73.38333333333334,-56.80193922883643,-10.452042164884023,1.5061634207784422,0.0,0.0,0.0,0.0,-1.0,0.0,UNOBSERVED_BODY_ENVELOPE,0.7110185571230425,0,2,0,28,24
73.4,-56.80193922883643,-10.452042164884023,1.5061634207784422,0.0,0.0,0.0,0.0,-1.0,0.0,UNOBSERVED_BODY_ENVELOPE,0.7110185571230425,0,2,0,28,24
73.41666666666667,-56.80193922883643,-10.452042164884023,1.5061634207784422,0.0,0.0,0.0,0.0,-1.0,0.0,UNOBSERVED_BODY_ENVELOPE,0.7110185571230425,0,2,0,28,24
73.43333333333334,-56.80193922883643,-10.452042164884023,1.5061634207784422,0.0,0.0,0.0,0.0,-1.0,0.0,UNOBSERVED_BODY_ENVELOPE,0.7110185571230425,0,2,0,28,24
73.45,-56.80193922883643,-10.452042164884023,1.5061634207784422,0.0,0.0,0.0,0.0,-1.0,0.0,UNOBSERVED_BODY_ENVELOPE,0.7110185571230425,0,2,0,28,24
73.46666666666667,-56.80193922883643,-10.452042164884023,1.5061634207784422,0.0,0.0,0.0,0.0,-1.0,0.0,UNOBSERVED_BODY_ENVELOPE,0.7110185571230425,0,2,0,28,24
73.48333333333333,-56.80193922883643,-10.452042164884023,1.5061634207784422,0.0,0.0,0.0,0.0,-1.0,0.0,UNOBSERVED_BODY_ENVELOPE,0.7110185571230425,0,2,0,28,24
73.5,-56.80193922883643,-10.452042164884023,1.5061634207784422,0.0,0.0,0.0,0.0,-1.0,0.0,UNOBSERVED_BODY_ENVELOPE,0.7110185571230425,0,2,0,28,24
73.51666666666667,-56.80193922883643,-10.452042164884023,1.5061634207784422,0.0,0.0,0.0,0.0,-1.0,0.0,UNOBSERVED_BODY_ENVELOPE,0.7110185571230425,0,2,0,28,24
73.53333333333333,-56.80193922883643,-10.452042164884023,1.5061634207784422,0.0,0.0,0.0,0.0,-1.0,0.0,UNOBSERVED_BODY_ENVELOPE,0.7110185571230425,0,2,0,28,24
73.55,-56.80193922883643,-10.452042164884023,1.5061634207784422,0.0,0.0,0.0,0.0,-1.0,0.0,UNOBSERVED_BODY_ENVELOPE,0.7110185571230425,0,2,0,28,24
73.56666666666666,-56.80193922883643,-10.452042164884023,1.5061634207784422,0.0,0.0,0.0,0.0,-1.0,0.0,UNOBSERVED_BODY_ENVELOPE,0.7110185571230425,0,2,0,28,24
73.58333333333333,-56.80193922883643,-10.452042164884023,1.5061634207784422,0.0,0.0,0.0,0.0,-1.0,0.0,UNOBSERVED_BODY_ENVELOPE,0.7110185571230425,0,2,0,28,24
73.6,-56.80193922883643,-10.452042164884023,1.5061634207784422,0.0,0.0,0.0,0.0,-1.0,0.0,UNOBSERVED_BODY_ENVELOPE,0.7110185571230425,0,2,0,28,24
73.61666666666666,-56.80193922883643,-10.452042164884023,1.5061634207784422,0.0,0.0,0.0,0.0,-1.0,0.0,UNOBSERVED_BODY_ENVELOPE,0.7110185571230425,0,2,0,28,24
73.63333333333334,-56.80193922883643,-10.452042164884023,1.5061634207784422,0.0,0.0,0.0,0.0,-1.0,0.0,UNOBSERVED_BODY_ENVELOPE,0.7110185571230425,0,2,0,28,24
73.65,-56.80193922883643,-10.452042164884023,1.5061634207784422,0.0,0.0,0.0,0.0,-1.0,0.0,UNOBSERVED_BODY_ENVELOPE,0.7110185571230425,0,2,0,28,24
73.66666666666667,-56.80193922883643,-10.452042164884023,1.5061634207784422,0.0,0.0,0.0,0.0,-1.0,0.0,UNOBSERVED_BODY_ENVELOPE,0.7110185571230425,0,2,0,28,24
73.68333333333334,-56.80193922883643,-10.452042164884023,1.5061634207784422,0.0,0.0,0.0,0.0,-1.0,0.0,UNOBSERVED_BODY_ENVELOPE,0.7110185571230425,0,2,0,28,24
73.7,-56.80193922883643,-10.452042164884023,1.5061634207784422,0.0,0.0,0.0,0.0,-1.0,0.0,UNOBSERVED_BODY_ENVELOPE,0.7110185571230425,0,2,0,28,24
73.71666666666667,-56.80193922883643,-10.452042164884023,1.5061634207784422,0.0,0.0,0.0,0.0,-1.0,0.0,UNOBSERVED_BODY_ENVELOPE,0.7110185571230425,0,2,0,28,24
73.73333333333333,-56.80193922883643,-10.452042164884023,1.5061634207784422,0.0,0.0,0.0,0.0,-1.0,0.0,UNOBSERVED_BODY_ENVELOPE,0.7110185571230425,0,2,0,28,24
73.75,-56.80193922883643,-10.452042164884023,1.5061634207784422,0.0,0.0,0.0,0.0,-1.0,0.0,UNOBSERVED_BODY_ENVELOPE,0.7110185571230425,0,2,0,28,24
73.76666666666667,-56.80193922883643,-10.452042164884023,1.5061634207784422,0.0,0.0,0.0,0.0,-1.0,0.0,UNOBSERVED_BODY_ENVELOPE,0.7110185571230425,0,2,0,28,24
73.78333333333333,-56.80193922883643,-10.452042164884023,1.5061634207784422,0.0,0.0,0.0,0.0,-1.0,0.0,UNOBSERVED_BODY_ENVELOPE,0.7110185571230425,0,2,0,28,24
73.8,-56.80193922883643,-10.452042164884023,1.5061634207784422,0.0,0.0,0.0,0.0,-1.0,0.0,UNOBSERVED_BODY_ENVELOPE,0.7110185571230425,0,2,0,28,24
73.81666666666666,-56.80193922883643,-10.452042164884023,1.5061634207784422,0.0,0.0,0.0,0.0,-1.0,0.0,UNOBSERVED_BODY_ENVELOPE,0.7110185571230425,0,2,0,28,24
73.83333333333333,-56.80193922883643,-10.452042164884023,1.5061634207784422,0.0,0.0,0.0,0.0,-1.0,0.0,UNOBSERVED_BODY_ENVELOPE,0.7110185571230425,0,2,0,28,24
73.85,-56.80193922883643,-10.452042164884023,1.5061634207784422,0.0,0.0,0.0,0.0,-1.0,0.0,UNOBSERVED_BODY_ENVELOPE,0.7110185571230425,0,2,0,28,24
73.86666666666666,-56.80193922883643,-10.452042164884023,1.5061634207784422,0.0,0.0,0.0,0.0,-1.0,0.0,UNOBSERVED_BODY_ENVELOPE,0.7110185571230425,0,2,0,28,24
73.88333333333334,-56.80193922883643,-10.452042164884023,1.5061634207784422,0.0,0.0,0.0,0.0,-1.0,0.0,UNOBSERVED_BODY_ENVELOPE,0.7110185571230425,0,2,0,28,24
73.9,-56.80193922883643,-10.452042164884023,1.5061634207784422,0.0,0.0,0.0,0.0,-1.0,0.0,UNOBSERVED_BODY_ENVELOPE,0.7110185571230425,0,2,0,28,24
73.91666666666667,-56.80193922883643,-10.452042164884023,1.5061634207784422,0.0,0.0,0.0,0.0,-1.0,0.0,UNOBSERVED_BODY_ENVELOPE,0.7110185571230425,0,2,0,28,24
73.93333333333334,-56.80193922883643,-10.452042164884023,1.5061634207784422,0.0,0.0,0.0,0.0,-1.0,0.0,UNOBSERVED_BODY_ENVELOPE,0.7110185571230425,0,2,0,28,24
73.95,-56.80193922883643,-10.452042164884023,1.5061634207784422,0.0,0.0,0.0,0.0,-1.0,0.0,UNOBSERVED_BODY_ENVELOPE,0.7110185571230425,0,2,0,28,24
73.96666666666667,-56.80193922883643,-10.452042164884023,1.5061634207784422,0.0,0.0,0.0,0.0,-1.0,0.0,UNOBSERVED_BODY_ENVELOPE,0.7110185571230425,0,2,0,28,24
73.98333333333333,-56.80193922883643,-10.452042164884023,1.5061634207784422,0.0,0.0,0.0,0.0,-1.0,0.0,UNOBSERVED_BODY_ENVELOPE,0.7110185571230425,0,2,0,28,24
74.0,-56.80193922883643,-10.452042164884023,1.5061634207784422,0.0,0.0,0.0,0.0,0.0,0.0,UNOBSERVED_BODY_ENVELOPE,0.7110185571230425,0,2,0,28,24
74.01666666666667,-56.80193922883643,-10.452042164884023,1.5061634207784422,0.0,0.0,0.0,0.0,0.0,0.0,UNOBSERVED_BODY_ENVELOPE,0.7110185571230425,0,2,0,28,24
74.03333333333333,-56.80193922883643,-10.452042164884023,1.5061634207784422,0.0,0.0,0.0,0.0,0.0,0.0,UNOBSERVED_BODY_ENVELOPE,0.7110185571230425,0,2,0,28,24
74.05,-56.80193922883643,-10.452042164884023,1.5061634207784422,0.0,0.0,0.0,0.0,0.0,0.0,ZERO_INTENT,0.7110185571230425,0,2,0,28,24
74.06666666666666,-56.80193922883643,-10.452042164884023,1.5061634207784422,0.0,0.0,0.0,0.0,0.0,0.0,ZERO_INTENT,0.7110185571230425,0,2,0,28,24
74.08333333333333,-56.80193922883643,-10.452042164884023,1.5061634207784422,0.0,0.0,0.0,0.0,0.0,0.0,ZERO_INTENT,0.7110185571230425,0,2,0,28,24
74.1,-56.80193922883643,-10.452042164884023,1.5061634207784422,0.0,0.0,0.0,0.0,0.0,0.0,ZERO_INTENT,0.7110185571230425,0,2,0,28,24
74.11666666666666,-56.80193922883643,-10.452042164884023,1.5061634207784422,0.0,0.0,0.0,0.0,0.0,0.0,ZERO_INTENT,0.7110185571230425,0,2,0,28,24
74.13333333333334,-56.80193922883643,-10.452042164884023,1.5061634207784422,0.0,0.0,0.0,0.0,0.0,0.0,ZERO_INTENT,0.7110185571230425,0,2,0,28,24
74.15,-56.80193922883643,-10.452042164884023,1.5061634207784422,0.0,0.0,0.0,0.0,0.0,0.0,ZERO_INTENT,0.7110185571230425,0,2,0,28,24
74.16666666666667,-56.80193922883643,-10.452042164884023,1.5061634207784422,0.0,0.0,0.0,0.0,0.0,0.0,ZERO_INTENT,0.7110185571230425,0,2,0,28,24
74.18333333333334,-56.80193922883643,-10.452042164884023,1.5061634207784422,0.0,0.0,0.0,0.0,0.0,0.0,ZERO_INTENT,0.7110185571230425,0,2,0,28,24
74.2,-56.80193922883643,-10.452042164884023,1.5061634207784422,0.0,0.0,0.0,0.0,0.0,0.0,ZERO_INTENT,0.7110185571230425,0,2,0,28,24
74.21666666666667,-56.80193922883643,-10.452042164884023,1.5061634207784422,0.0,0.0,0.0,0.0,0.0,0.0,ZERO_INTENT,0.7110185571230425,0,2,0,28,24
74.23333333333333,-56.80193922883643,-10.452042164884023,1.5061634207784422,0.0,0.0,0.0,0.0,0.0,0.0,ZERO_INTENT,0.7110185571230425,0,2,0,28,24
74.25,-56.80193922883643,-10.452042164884023,1.5061634207784422,0.0,0.0,0.0,0.0,0.0,0.0,ZERO_INTENT,0.7110185571230425,0,2,0,28,24
74.26666666666667,-56.80193922883643,-10.452042164884023,1.5061634207784422,0.0,0.0,0.0,0.0,0.0,0.0,ZERO_INTENT,0.7110185571230425,0,2,0,28,24
74.28333333333333,-56.80193922883643,-10.452042164884023,1.5061634207784422,0.0,0.0,0.0,0.0,0.0,0.0,ZERO_INTENT,0.7110185571230425,0,2,0,28,24
74.3,-56.80193922883643,-10.452042164884023,1.5061634207784422,0.0,0.0,0.0,0.0,0.0,0.0,ZERO_INTENT,0.7110185571230425,0,2,0,28,24
74.31666666666666,-56.80193922883643,-10.452042164884023,1.5061634207784422,0.0,0.0,0.0,0.0,0.0,0.0,ZERO_INTENT,0.7110185571230425,0,2,0,28,24
74.33333333333333,-56.80193922883643,-10.452042164884023,1.5061634207784422,0.0,0.0,0.0,0.0,0.0,0.0,ZERO_INTENT,0.7110185571230425,0,2,0,28,24
74.35,-56.80193922883643,-10.452042164884023,1.5061634207784422,0.0,0.0,0.0,0.0,0.0,0.0,ZERO_INTENT,0.7110185571230425,0,2,0,28,24
74.36666666666666,-56.80193922883643,-10.452042164884023,1.5061634207784422,0.0,0.0,0.0,0.0,0.0,0.0,ZERO_INTENT,0.7110185571230425,0,2,0,28,24
74.38333333333334,-56.80193922883643,-10.452042164884023,1.5061634207784422,0.0,0.0,0.0,0.0,0.0,0.0,ZERO_INTENT,0.7110185571230425,0,2,0,28,24
74.4,-56.80193922883643,-10.452042164884023,1.5061634207784422,0.0,0.0,0.0,0.0,0.0,0.0,ZERO_INTENT,0.7110185571230425,0,2,0,28,24
74.41666666666667,-56.80193922883643,-10.452042164884023,1.5061634207784422,0.0,0.0,0.0,0.0,0.0,0.0,ZERO_INTENT,0.7110185571230425,0,2,0,28,24
74.43333333333334,-56.80193922883643,-10.452042164884023,1.5061634207784422,0.0,0.0,0.0,0.0,0.0,0.0,ZERO_INTENT,0.7110185571230425,0,2,0,28,24
74.45,-56.80193922883643,-10.452042164884023,1.5061634207784422,0.0,0.0,0.0,0.0,0.0,0.0,ZERO_INTENT,0.7110185571230425,0,2,0,28,24
74.46666666666667,-56.80193922883643,-10.452042164884023,1.5061634207784422,0.0,0.0,0.0,0.0,0.0,0.0,ZERO_INTENT,0.7110185571230425,0,2,0,28,24
74.48333333333333,-56.80193922883643,-10.452042164884023,1.5061634207784422,0.0,0.0,0.0,0.0,0.0,0.0,ZERO_INTENT,0.7110185571230425,0,2,0,28,24
74.5,-56.80193922883643,-10.452042164884023,1.5061634207784422,0.0,0.0,0.0,0.0,0.0,0.0,ZERO_INTENT,0.7110185571230425,0,2,0,28,24
74.51666666666667,-56.80193922883643,-10.452042164884023,1.5061634207784422,0.0,0.0,0.0,0.0,0.0,0.0,ZERO_INTENT,0.7110185571230425,0,2,0,28,24
74.53333333333333,-56.80193922883643,-10.452042164884023,1.5061634207784422,0.0,0.0,0.0,0.0,0.0,0.0,ZERO_INTENT,0.7110185571230425,0,2,0,28,24
74.55,-56.80193922883643,-10.452042164884023,1.5061634207784422,0.0,0.0,0.0,0.0,0.0,0.0,ZERO_INTENT,0.7110185571230425,0,2,0,28,24
74.56666666666666,-56.80193922883643,-10.452042164884023,1.5061634207784422,0.0,0.0,0.0,0.0,0.0,0.0,ZERO_INTENT,0.7110185571230425,0,2,0,28,24
74.58333333333333,-56.80193922883643,-10.452042164884023,1.5061634207784422,0.0,0.0,0.0,0.0,0.0,0.0,ZERO_INTENT,0.7110185571230425,0,2,0,28,24
74.6,-56.80193922883643,-10.452042164884023,1.5061634207784422,0.0,0.0,0.0,0.0,0.0,0.0,ZERO_INTENT,0.7110185571230425,0,2,0,28,24
74.61666666666666,-56.80193922883643,-10.452042164884023,1.5061634207784422,0.0,0.0,0.0,0.0,0.0,0.0,ZERO_INTENT,0.7110185571230425,0,2,0,28,24
74.63333333333334,-56.80193922883643,-10.452042164884023,1.5061634207784422,0.0,0.0,0.0,0.0,0.0,0.0,ZERO_INTENT,0.7110185571230425,0,2,0,28,24
74.65,-56.80193922883643,-10.452042164884023,1.5061634207784422,0.0,0.0,0.0,0.0,0.0,0.0,ZERO_INTENT,0.7110185571230425,0,2,0,28,24
74.66666666666667,-56.80193922883643,-10.452042164884023,1.5061634207784422,0.0,0.0,0.0,0.0,0.0,0.0,ZERO_INTENT,0.7110185571230425,0,2,0,28,24
74.68333333333334,-56.80193922883643,-10.452042164884023,1.5061634207784422,0.0,0.0,0.0,0.0,0.0,0.0,ZERO_INTENT,0.7110185571230425,0,2,0,28,24
74.7,-56.80193922883643,-10.452042164884023,1.5061634207784422,0.0,0.0,0.0,0.0,0.0,0.0,ZERO_INTENT,0.7110185571230425,0,2,0,28,24
74.71666666666667,-56.80193922883643,-10.452042164884023,1.5061634207784422,0.0,0.0,0.0,0.0,0.0,0.0,ZERO_INTENT,0.7110185571230425,0,2,0,28,24
74.73333333333333,-56.80193922883643,-10.452042164884023,1.5061634207784422,0.0,0.0,0.0,0.0,0.0,0.0,ZERO_INTENT,0.7110185571230425,0,2,0,28,24
74.75,-56.80193922883643,-10.452042164884023,1.5061634207784422,0.0,0.0,0.0,0.0,0.0,0.0,ZERO_INTENT,0.7110185571230425,0,2,0,28,24
74.76666666666667,-56.80193922883643,-10.452042164884023,1.5061634207784422,0.0,0.0,0.0,0.0,0.0,0.0,ZERO_INTENT,0.7110185571230425,0,2,0,28,24
74.78333333333333,-56.80193922883643,-10.452042164884023,1.5061634207784422,0.0,0.0,0.0,0.0,0.0,0.0,ZERO_INTENT,0.7110185571230425,0,2,0,28,24
74.8,-56.80193922883643,-10.452042164884023,1.5061634207784422,0.0,0.0,0.0,0.0,0.0,0.0,ZERO_INTENT,0.7110185571230425,0,2,0,28,24
74.81666666666666,-56.80193922883643,-10.452042164884023,1.5061634207784422,0.0,0.0,0.0,0.0,0.0,0.0,ZERO_INTENT,0.7110185571230425,0,2,0,28,24
74.83333333333333,-56.80193922883643,-10.452042164884023,1.5061634207784422,0.0,0.0,0.0,0.0,0.0,0.0,ZERO_INTENT,0.7110185571230425,0,2,0,28,24
74.85,-56.80193922883643,-10.452042164884023,1.5061634207784422,0.0,0.0,0.0,0.0,0.0,0.0,ZERO_INTENT,0.7110185571230425,0,2,0,28,24
74.86666666666666,-56.80193922883643,-10.452042164884023,1.5061634207784422,0.0,0.0,0.0,0.0,0.0,0.0,ZERO_INTENT,0.7110185571230425,0,2,0,28,24
74.88333333333334,-56.80193922883643,-10.452042164884023,1.5061634207784422,0.0,0.0,0.0,0.0,0.0,0.0,ZERO_INTENT,0.7110185571230425,0,2,0,28,24
74.9,-56.80193922883643,-10.452042164884023,1.5061634207784422,0.0,0.0,0.0,0.0,0.0,0.0,ZERO_INTENT,0.7110185571230425,0,2,0,28,24
74.91666666666667,-56.80193922883643,-10.452042164884023,1.5061634207784422,0.0,0.0,0.0,0.0,0.0,0.0,ZERO_INTENT,0.7110185571230425,0,2,0,28,24
74.93333333333334,-56.80193922883643,-10.452042164884023,1.5061634207784422,0.0,0.0,0.0,0.0,0.0,0.0,ZERO_INTENT,0.7110185571230425,0,2,0,28,24
74.95,-56.80193922883643,-10.452042164884023,1.5061634207784422,0.0,0.0,0.0,0.0,0.0,0.0,ZERO_INTENT,0.7110185571230425,0,2,0,28,24
74.96666666666667,-56.80193922883643,-10.452042164884023,1.5061634207784422,0.0,0.0,0.0,0.0,0.0,0.0,ZERO_INTENT,0.7110185571230425,0,2,0,28,24
74.98333333333333,-56.80193922883643,-10.452042164884023,1.5061634207784422,0.0,0.0,0.0,0.0,0.0,0.0,ZERO_INTENT,0.7110185571230425,0,2,0,28,24
75.0,-56.80193922883643,-10.452042164884023,1.5061634207784422,0.0,0.0,0.0,0.0,0.0,0.0,ZERO_INTENT,0.7110185571230425,0,2,0,28,24
75.01666666666667,-56.80193922883643,-10.452042164884023,1.5061634207784422,0.0,0.0,0.0,0.0,0.0,0.0,ZERO_INTENT,0.7110185571230425,0,2,0,28,24
75.03333333333333,-56.80193922883643,-10.452042164884023,1.5061634207784422,0.0,0.0,0.0,0.0,0.0,0.0,ZERO_INTENT,0.7110185571230425,0,2,0,28,24
75.05,-56.80193922883643,-10.452042164884023,1.5061634207784422,0.0,0.0,0.0,0.0,0.0,0.0,ZERO_INTENT,0.7110185571230425,0,2,0,28,24
75.06666666666666,-56.80193922883643,-10.452042164884023,1.5061634207784422,0.0,0.0,0.0,0.0,0.0,0.0,ZERO_INTENT,0.7110185571230425,0,2,0,28,24
75.08333333333333,-56.80193922883643,-10.452042164884023,1.5061634207784422,0.0,0.0,0.0,0.0,0.0,0.0,ZERO_INTENT,0.7110185571230425,0,2,0,28,24
75.1,-56.80193922883643,-10.452042164884023,1.5061634207784422,0.0,0.0,0.0,0.0,0.0,0.0,ZERO_INTENT,0.7110185571230425,0,2,0,28,24
75.11666666666666,-56.80193922883643,-10.452042164884023,1.5061634207784422,0.0,0.0,0.0,0.0,0.0,0.0,ZERO_INTENT,0.7110185571230425,0,2,0,28,24
75.13333333333334,-56.80193922883643,-10.452042164884023,1.5061634207784422,0.0,0.0,0.0,0.0,0.0,0.0,ZERO_INTENT,0.7110185571230425,0,2,0,28,24
75.15,-56.80193922883643,-10.452042164884023,1.5061634207784422,0.0,0.0,0.0,0.0,0.0,0.0,ZERO_INTENT,0.7110185571230425,0,2,0,28,24
75.16666666666667,-56.80193922883643,-10.452042164884023,1.5061634207784422,0.0,0.0,0.0,0.0,0.0,0.0,ZERO_INTENT,0.7110185571230425,0,2,0,28,24
75.18333333333334,-56.80193922883643,-10.452042164884023,1.5061634207784422,0.0,0.0,0.0,0.0,0.0,0.0,ZERO_INTENT,0.7110185571230425,0,2,0,28,24
75.2,-56.80193922883643,-10.452042164884023,1.5061634207784422,0.0,0.0,0.0,0.0,0.0,0.0,ZERO_INTENT,0.7110185571230425,0,2,0,28,24
75.21666666666667,-56.80193922883643,-10.452042164884023,1.5061634207784422,0.0,0.0,0.0,0.0,0.0,0.0,ZERO_INTENT,0.7110185571230425,0,2,0,28,24
75.23333333333333,-56.80193922883643,-10.452042164884023,1.5061634207784422,0.0,0.0,0.0,0.0,0.0,0.0,ZERO_INTENT,0.7110185571230425,0,2,0,28,24
75.25,-56.80193922883643,-10.452042164884023,1.5061634207784422,0.0,0.0,0.0,0.0,0.0,0.0,ZERO_INTENT,0.7110185571230425,0,2,0,28,24
75.26666666666667,-56.80193922883643,-10.452042164884023,1.5061634207784422,0.0,0.0,0.0,0.0,0.0,0.0,ZERO_INTENT,0.7110185571230425,0,2,0,28,24
75.28333333333333,-56.80193922883643,-10.452042164884023,1.5061634207784422,0.0,0.0,0.0,0.0,0.0,0.0,ZERO_INTENT,0.7110185571230425,0,2,0,28,24
75.3,-56.80193922883643,-10.452042164884023,1.5061634207784422,0.0,0.0,0.0,0.0,0.0,0.0,ZERO_INTENT,0.7110185571230425,0,2,0,28,24
75.31666666666666,-56.80193922883643,-10.452042164884023,1.5061634207784422,0.0,0.0,0.0,0.0,0.0,0.0,ZERO_INTENT,0.7110185571230425,0,2,0,28,24
75.33333333333333,-56.80193922883643,-10.452042164884023,1.5061634207784422,0.0,0.0,0.0,0.0,0.0,0.0,ZERO_INTENT,0.7110185571230425,0,2,0,28,24
75.35,-56.80193922883643,-10.452042164884023,1.5061634207784422,0.0,0.0,0.0,0.0,0.0,0.0,ZERO_INTENT,0.7110185571230425,0,2,0,28,24
75.36666666666666,-56.80193922883643,-10.452042164884023,1.5061634207784422,0.0,0.0,0.0,0.0,0.0,0.0,ZERO_INTENT,0.7110185571230425,0,2,0,28,24
75.38333333333334,-56.80193922883643,-10.452042164884023,1.5061634207784422,0.0,0.0,0.0,0.0,0.0,0.0,ZERO_INTENT,0.7110185571230425,0,2,0,28,24
75.4,-56.80193922883643,-10.452042164884023,1.5061634207784422,0.0,0.0,0.0,0.0,0.0,0.0,ZERO_INTENT,0.7110185571230425,0,2,0,28,24
75.41666666666667,-56.80193922883643,-10.452042164884023,1.5061634207784422,0.0,0.0,0.0,0.0,0.0,0.0,ZERO_INTENT,0.7110185571230425,0,2,0,28,24
75.43333333333334,-56.80193922883643,-10.452042164884023,1.5061634207784422,0.0,0.0,0.0,0.0,0.0,0.0,ZERO_INTENT,0.7110185571230425,0,2,0,28,24
75.45,-56.80193922883643,-10.452042164884023,1.5061634207784422,0.0,0.0,0.0,0.0,0.0,0.0,ZERO_INTENT,0.7110185571230425,0,2,0,28,24
75.46666666666667,-56.80193922883643,-10.452042164884023,1.5061634207784422,0.0,0.0,0.0,0.0,0.0,0.0,ZERO_INTENT,0.7110185571230425,0,2,0,28,24
75.48333333333333,-56.80193922883643,-10.452042164884023,1.5061634207784422,0.0,0.0,0.0,0.0,0.0,0.0,ZERO_INTENT,0.7110185571230425,0,2,0,28,24
75.5,-56.80193922883643,-10.452042164884023,1.5061634207784422,0.0,0.0,0.0,0.0,0.0,0.0,ZERO_INTENT,0.7110185571230425,0,2,0,28,24
75.51666666666667,-56.80193922883643,-10.452042164884023,1.5061634207784422,0.0,0.0,0.0,0.0,0.0,0.0,ZERO_INTENT,0.7110185571230425,0,2,0,28,24
75.53333333333333,-56.80193922883643,-10.452042164884023,1.5061634207784422,0.0,0.0,0.0,0.0,0.0,0.0,ZERO_INTENT,0.7110185571230425,0,2,0,28,24
75.55,-56.80193922883643,-10.452042164884023,1.5061634207784422,0.0,0.0,0.0,0.0,0.0,0.0,ZERO_INTENT,0.7110185571230425,0,2,0,28,24
75.56666666666666,-56.80193922883643,-10.452042164884023,1.5061634207784422,0.0,0.0,0.0,0.0,0.0,0.0,ZERO_INTENT,0.7110185571230425,0,2,0,28,24
75.58333333333333,-56.80193922883643,-10.452042164884023,1.5061634207784422,0.0,0.0,0.0,0.0,0.0,0.0,ZERO_INTENT,0.7110185571230425,0,2,0,28,24
75.6,-56.80193922883643,-10.452042164884023,1.5061634207784422,0.0,0.0,0.0,0.0,0.0,0.0,ZERO_INTENT,0.7110185571230425,0,2,0,28,24
75.61666666666666,-56.80193922883643,-10.452042164884023,1.5061634207784422,0.0,0.0,0.0,0.0,0.0,0.0,ZERO_INTENT,0.7110185571230425,0,2,0,28,24
75.63333333333334,-56.80193922883643,-10.452042164884023,1.5061634207784422,0.0,0.0,0.0,0.0,0.0,0.0,ZERO_INTENT,0.7110185571230425,0,2,0,28,24
75.65,-56.80193922883643,-10.452042164884023,1.5061634207784422,0.0,0.0,0.0,0.0,0.0,0.0,ZERO_INTENT,0.7110185571230425,0,2,0,28,24
75.66666666666667,-56.80193922883643,-10.452042164884023,1.5061634207784422,0.0,0.0,0.0,0.0,0.0,0.0,ZERO_INTENT,0.7110185571230425,0,2,0,28,24
75.68333333333334,-56.80193922883643,-10.452042164884023,1.5061634207784422,0.0,0.0,0.0,0.0,0.0,0.0,ZERO_INTENT,0.7110185571230425,0,2,0,28,24
75.7,-56.80193922883643,-10.452042164884023,1.5061634207784422,0.0,0.0,0.0,0.0,0.0,0.0,ZERO_INTENT,0.7110185571230425,0,2,0,28,24
75.71666666666667,-56.80193922883643,-10.452042164884023,1.5061634207784422,0.0,0.0,0.0,0.0,0.0,0.0,ZERO_INTENT,0.7110185571230425,0,2,0,28,24
75.73333333333333,-56.80193922883643,-10.452042164884023,1.5061634207784422,0.0,0.0,0.0,0.0,0.0,0.0,ZERO_INTENT,0.7110185571230425,0,2,0,28,24
75.75,-56.80193922883643,-10.452042164884023,1.5061634207784422,0.0,0.0,0.0,0.0,0.0,0.0,ZERO_INTENT,0.7110185571230425,0,2,0,28,24
75.76666666666667,-56.80193922883643,-10.452042164884023,1.5061634207784422,0.0,0.0,0.0,0.0,0.0,0.0,ZERO_INTENT,0.7110185571230425,0,2,0,28,24
75.78333333333333,-56.80193922883643,-10.452042164884023,1.5061634207784422,0.0,0.0,0.0,0.0,0.0,0.0,ZERO_INTENT,0.7110185571230425,0,2,0,28,24
75.8,-56.80193922883643,-10.452042164884023,1.5061634207784422,0.0,0.0,0.0,0.0,0.0,0.0,ZERO_INTENT,0.7110185571230425,0,2,0,28,24
75.81666666666666,-56.80193922883643,-10.452042164884023,1.5061634207784422,0.0,0.0,0.0,0.0,0.0,0.0,ZERO_INTENT,0.7110185571230425,0,2,0,28,24
75.83333333333333,-56.80193922883643,-10.452042164884023,1.5061634207784422,0.0,0.0,0.0,0.0,0.0,0.0,ZERO_INTENT,0.7110185571230425,0,2,0,28,24
75.85,-56.80193922883643,-10.452042164884023,1.5061634207784422,0.0,0.0,0.0,0.0,0.0,0.0,ZERO_INTENT,0.7110185571230425,0,2,0,28,24
75.86666666666666,-56.80193922883643,-10.452042164884023,1.5061634207784422,0.0,0.0,0.0,0.0,0.0,0.0,ZERO_INTENT,0.7110185571230425,0,2,0,28,24
75.88333333333334,-56.80193922883643,-10.452042164884023,1.5061634207784422,0.0,0.0,0.0,0.0,0.0,0.0,ZERO_INTENT,0.7110185571230425,0,2,0,28,24
75.9,-56.80193922883643,-10.452042164884023,1.5061634207784422,0.0,0.0,0.0,0.0,0.0,0.0,ZERO_INTENT,0.7110185571230425,0,2,0,28,24
75.91666666666667,-56.80193922883643,-10.452042164884023,1.5061634207784422,0.0,0.0,0.0,0.0,0.0,0.0,ZERO_INTENT,0.7110185571230425,0,2,0,28,24
75.93333333333334,-56.80193922883643,-10.452042164884023,1.5061634207784422,0.0,0.0,0.0,0.0,0.0,0.0,ZERO_INTENT,0.7110185571230425,0,2,0,28,24
75.95,-56.80193922883643,-10.452042164884023,1.5061634207784422,0.0,0.0,0.0,0.0,0.0,0.0,ZERO_INTENT,0.7110185571230425,0,2,0,28,24
75.96666666666667,-56.80193922883643,-10.452042164884023,1.5061634207784422,0.0,0.0,0.0,0.0,0.0,0.0,ZERO_INTENT,0.7110185571230425,0,2,0,28,24
75.98333333333333,-56.80193922883643,-10.452042164884023,1.5061634207784422,0.0,0.0,0.0,0.0,0.0,0.0,ZERO_INTENT,0.7110185571230425,0,2,0,28,24
76.0,-56.80193922883643,-10.452042164884023,1.5061634207784422,0.0,0.0,0.0,0.0,0.0,0.0,ZERO_INTENT,0.7110185571230425,0,2,0,28,24
76.01666666666667,-56.80193922883643,-10.452042164884023,1.5061634207784422,0.0,0.0,0.0,0.0,0.0,0.0,ZERO_INTENT,0.7110185571230425,0,2,0,28,24
76.03333333333333,-56.80193922883643,-10.452042164884023,1.5061634207784422,0.0,0.0,0.0,0.0,0.0,0.0,ZERO_INTENT,0.7110185571230425,0,2,0,28,24
76.05,-56.80193922883643,-10.452042164884023,1.5061634207784422,0.0,0.0,0.0,0.0,0.0,0.0,ZERO_INTENT,0.7110185571230425,0,2,0,28,24
76.06666666666666,-56.80193922883643,-10.452042164884023,1.5061634207784422,0.0,0.0,0.0,0.0,0.0,0.0,ZERO_INTENT,0.7110185571230425,0,2,0,28,24
76.08333333333333,-56.80193922883643,-10.452042164884023,1.5061634207784422,0.0,0.0,0.0,0.0,0.0,0.0,ZERO_INTENT,0.7110185571230425,0,2,0,28,24
76.1,-56.80193922883643,-10.452042164884023,1.5061634207784422,0.0,0.0,0.0,0.0,0.0,0.0,ZERO_INTENT,0.7110185571230425,0,2,0,28,24
76.11666666666666,-56.80193922883643,-10.452042164884023,1.5061634207784422,0.0,0.0,0.0,0.0,0.0,0.0,ZERO_INTENT,0.7110185571230425,0,2,0,28,24
76.13333333333334,-56.80193922883643,-10.452042164884023,1.5061634207784422,0.0,0.0,0.0,0.0,0.0,0.0,ZERO_INTENT,0.7110185571230425,0,2,0,28,24
76.15,-56.80193922883643,-10.452042164884023,1.5061634207784422,0.0,0.0,0.0,0.0,0.0,0.0,ZERO_INTENT,0.7110185571230425,0,2,0,28,24
76.16666666666667,-56.80193922883643,-10.452042164884023,1.5061634207784422,0.0,0.0,0.0,0.0,0.0,0.0,ZERO_INTENT,0.7110185571230425,0,2,0,28,24
76.18333333333334,-56.80193922883643,-10.452042164884023,1.5061634207784422,0.0,0.0,0.0,0.0,0.0,0.0,ZERO_INTENT,0.7110185571230425,0,2,0,28,24
76.2,-56.80193922883643,-10.452042164884023,1.5061634207784422,0.0,0.0,0.0,0.0,0.0,0.0,ZERO_INTENT,0.7110185571230425,0,2,0,28,24
76.21666666666667,-56.80193922883643,-10.452042164884023,1.5061634207784422,0.0,0.0,0.0,0.0,0.0,0.0,ZERO_INTENT,0.7110185571230425,0,2,0,28,24
76.23333333333333,-56.80193922883643,-10.452042164884023,1.5061634207784422,0.0,0.0,0.0,0.0,0.0,0.0,ZERO_INTENT,0.7110185571230425,0,2,0,28,24
76.25,-56.80193922883643,-10.452042164884023,1.5061634207784422,0.0,0.0,0.0,0.0,0.0,0.0,ZERO_INTENT,0.7110185571230425,0,2,0,28,24
76.26666666666667,-56.80193922883643,-10.452042164884023,1.5061634207784422,0.0,0.0,0.0,0.0,0.0,0.0,ZERO_INTENT,0.7110185571230425,0,2,0,28,24
76.28333333333333,-56.80193922883643,-10.452042164884023,1.5061634207784422,0.0,0.0,0.0,0.0,0.0,0.0,ZERO_INTENT,0.7110185571230425,0,2,0,28,24
76.3,-56.80193922883643,-10.452042164884023,1.5061634207784422,0.0,0.0,0.0,0.0,0.0,0.0,ZERO_INTENT,0.7110185571230425,0,2,0,28,24
76.31666666666666,-56.80193922883643,-10.452042164884023,1.5061634207784422,0.0,0.0,0.0,0.0,0.0,0.0,ZERO_INTENT,0.7110185571230425,0,2,0,28,24
76.33333333333333,-56.80193922883643,-10.452042164884023,1.5061634207784422,0.0,0.0,0.0,0.0,0.0,0.0,ZERO_INTENT,0.7110185571230425,0,2,0,28,24
76.35,-56.80193922883643,-10.452042164884023,1.5061634207784422,0.0,0.0,0.0,0.0,0.0,0.0,ZERO_INTENT,0.7110185571230425,0,2,0,28,24
76.36666666666666,-56.80193922883643,-10.452042164884023,1.5061634207784422,0.0,0.0,0.0,0.0,0.0,0.0,ZERO_INTENT,0.7110185571230425,0,2,0,28,24
76.38333333333334,-56.80193922883643,-10.452042164884023,1.5061634207784422,0.0,0.0,0.0,0.0,0.0,0.0,ZERO_INTENT,0.7110185571230425,0,2,0,28,24
76.4,-56.80193922883643,-10.452042164884023,1.5061634207784422,0.0,0.0,0.0,0.0,0.0,0.0,ZERO_INTENT,0.7110185571230425,0,2,0,28,24
76.41666666666667,-56.80193922883643,-10.452042164884023,1.5061634207784422,0.0,0.0,0.0,0.0,0.0,0.0,ZERO_INTENT,0.7110185571230425,0,2,0,28,24
76.43333333333334,-56.80193922883643,-10.452042164884023,1.5061634207784422,0.0,0.0,0.0,0.0,0.0,0.0,ZERO_INTENT,0.7110185571230425,0,2,0,28,24
76.45,-56.80193922883643,-10.452042164884023,1.5061634207784422,0.0,0.0,0.0,0.0,0.0,0.0,ZERO_INTENT,0.7110185571230425,0,2,0,28,24
76.46666666666667,-56.80193922883643,-10.452042164884023,1.5061634207784422,0.0,0.0,0.0,0.0,0.0,0.0,ZERO_INTENT,0.7110185571230425,0,2,0,28,24
76.48333333333333,-56.80193922883643,-10.452042164884023,1.5061634207784422,0.0,0.0,0.0,0.0,0.0,0.0,ZERO_INTENT,0.7110185571230425,0,2,0,28,24
76.5,-56.80193922883643,-10.452042164884023,1.5061634207784422,0.0,0.0,0.0,0.0,0.0,0.0,ZERO_INTENT,0.7110185571230425,0,2,0,28,24
76.51666666666667,-56.80193922883643,-10.452042164884023,1.5061634207784422,0.0,0.0,0.0,0.0,0.0,0.0,ZERO_INTENT,0.7110185571230425,0,2,0,28,24
76.53333333333333,-56.80193922883643,-10.452042164884023,1.5061634207784422,0.0,0.0,0.0,0.0,0.0,0.0,ZERO_INTENT,0.7110185571230425,0,2,0,28,24
76.55,-56.80193922883643,-10.452042164884023,1.5061634207784422,0.0,0.0,0.0,0.0,0.0,0.0,ZERO_INTENT,0.7110185571230425,0,2,0,28,24
76.56666666666666,-56.80193922883643,-10.452042164884023,1.5061634207784422,0.0,0.0,0.0,0.0,0.0,0.0,ZERO_INTENT,0.7110185571230425,0,2,0,28,24
76.58333333333333,-56.80193922883643,-10.452042164884023,1.5061634207784422,0.0,0.0,0.0,0.0,0.0,0.0,ZERO_INTENT,0.7110185571230425,0,2,0,28,24
76.6,-56.80193922883643,-10.452042164884023,1.5061634207784422,0.0,0.0,0.0,0.0,0.0,0.0,ZERO_INTENT,0.7110185571230425,0,2,0,28,24
76.61666666666666,-56.80193922883643,-10.452042164884023,1.5061634207784422,0.0,0.0,0.0,0.0,0.0,0.0,ZERO_INTENT,0.7110185571230425,0,2,0,28,24
76.63333333333334,-56.80193922883643,-10.452042164884023,1.5061634207784422,0.0,0.0,0.0,0.0,0.0,0.0,ZERO_INTENT,0.7110185571230425,0,2,0,28,24
76.65,-56.80193922883643,-10.452042164884023,1.5061634207784422,0.0,0.0,0.0,0.0,0.0,0.0,ZERO_INTENT,0.7110185571230425,0,2,0,28,24
76.66666666666667,-56.80193922883643,-10.452042164884023,1.5061634207784422,0.0,0.0,0.0,0.0,0.0,0.0,ZERO_INTENT,0.7110185571230425,0,2,0,28,24
76.68333333333334,-56.80193922883643,-10.452042164884023,1.5061634207784422,0.0,0.0,0.0,0.0,0.0,0.0,ZERO_INTENT,0.7110185571230425,0,2,0,28,24
76.7,-56.80193922883643,-10.452042164884023,1.5061634207784422,0.0,0.0,0.0,0.0,0.0,0.0,ZERO_INTENT,0.7110185571230425,0,2,0,28,24
76.71666666666667,-56.80193922883643,-10.452042164884023,1.5061634207784422,0.0,0.0,0.0,0.0,0.0,0.0,ZERO_INTENT,0.7110185571230425,0,2,0,28,24
76.73333333333333,-56.80193922883643,-10.452042164884023,1.5061634207784422,0.0,0.0,0.0,0.0,0.0,0.0,ZERO_INTENT,0.7110185571230425,0,2,0,28,24
76.75,-56.80193922883643,-10.452042164884023,1.5061634207784422,0.0,0.0,0.0,0.0,0.0,0.0,ZERO_INTENT,0.7110185571230425,0,2,0,28,24
76.76666666666667,-56.80193922883643,-10.452042164884023,1.5061634207784422,0.0,0.0,0.0,0.0,0.0,0.0,ZERO_INTENT,0.7110185571230425,0,2,0,28,24
76.78333333333333,-56.80193922883643,-10.452042164884023,1.5061634207784422,0.0,0.0,0.0,0.0,0.0,0.0,ZERO_INTENT,0.7110185571230425,0,2,0,28,24
76.8,-56.80193922883643,-10.452042164884023,1.5061634207784422,0.0,0.0,0.0,0.0,0.0,0.0,ZERO_INTENT,0.7110185571230425,0,2,0,28,24
76.81666666666666,-56.80193922883643,-10.452042164884023,1.5061634207784422,0.0,0.0,0.0,0.0,0.0,0.0,ZERO_INTENT,0.7110185571230425,0,2,0,28,24
76.83333333333333,-56.80193922883643,-10.452042164884023,1.5061634207784422,0.0,0.0,0.0,0.0,0.0,0.0,ZERO_INTENT,0.7110185571230425,0,2,0,28,24
76.85,-56.80193922883643,-10.452042164884023,1.5061634207784422,0.0,0.0,0.0,0.0,0.0,0.0,ZERO_INTENT,0.7110185571230425,0,2,0,28,24
76.86666666666666,-56.80193922883643,-10.452042164884023,1.5061634207784422,0.0,0.0,0.0,0.0,0.0,0.0,ZERO_INTENT,0.7110185571230425,0,2,0,28,24
76.88333333333334,-56.80193922883643,-10.452042164884023,1.5061634207784422,0.0,0.0,0.0,0.0,0.0,0.0,ZERO_INTENT,0.7110185571230425,0,2,0,28,24
76.9,-56.80193922883643,-10.452042164884023,1.5061634207784422,0.0,0.0,0.0,0.0,0.0,0.0,ZERO_INTENT,0.7110185571230425,0,2,0,28,24
76.91666666666667,-56.80193922883643,-10.452042164884023,1.5061634207784422,0.0,0.0,0.0,0.0,0.0,0.0,ZERO_INTENT,0.7110185571230425,0,2,0,28,24
76.93333333333334,-56.80193922883643,-10.452042164884023,1.5061634207784422,0.0,0.0,0.0,0.0,0.0,0.0,ZERO_INTENT,0.7110185571230425,0,2,0,28,24
76.95,-56.80193922883643,-10.452042164884023,1.5061634207784422,0.0,0.0,0.0,0.0,0.0,0.0,ZERO_INTENT,0.7110185571230425,0,2,0,28,24
76.96666666666667,-56.80193922883643,-10.452042164884023,1.5061634207784422,0.0,0.0,0.0,0.0,0.0,0.0,ZERO_INTENT,0.7110185571230425,0,2,0,28,24
76.98333333333333,-56.80193922883643,-10.452042164884023,1.5061634207784422,0.0,0.0,0.0,0.0,0.0,0.0,ZERO_INTENT,0.7110185571230425,0,2,0,28,24
77.0,-56.80193922883643,-10.452042164884023,1.5061634207784422,0.0,0.0,0.0,0.0,0.0,0.0,ZERO_INTENT,0.7110185571230425,0,2,0,28,24
77.01666666666667,-56.80193922883643,-10.452042164884023,1.5061634207784422,0.0,0.0,0.0,0.0,0.0,0.0,ZERO_INTENT,0.7110185571230425,0,2,0,28,24
77.03333333333333,-56.80193922883643,-10.452042164884023,1.5061634207784422,0.0,0.0,0.0,0.0,0.0,0.0,ZERO_INTENT,0.7110185571230425,0,2,0,28,24
77.05,-56.80193922883643,-10.452042164884023,1.5061634207784422,0.0,0.0,0.0,0.0,0.0,0.0,ZERO_INTENT,0.7110185571230425,0,2,0,28,24
77.06666666666666,-56.80193922883643,-10.452042164884023,1.5061634207784422,0.0,0.0,0.0,0.0,0.0,0.0,ZERO_INTENT,0.7110185571230425,0,2,0,28,24
77.08333333333333,-56.80193922883643,-10.452042164884023,1.5061634207784422,0.0,0.0,0.0,0.0,0.0,0.0,ZERO_INTENT,0.7110185571230425,0,2,0,28,24
77.1,-56.80193922883643,-10.452042164884023,1.5061634207784422,0.0,0.0,0.0,0.0,0.0,0.0,ZERO_INTENT,0.7110185571230425,0,2,0,28,24
77.11666666666666,-56.80193922883643,-10.452042164884023,1.5061634207784422,0.0,0.0,0.0,0.0,0.0,0.0,ZERO_INTENT,0.7110185571230425,0,2,0,28,24
77.13333333333334,-56.80193922883643,-10.452042164884023,1.5061634207784422,0.0,0.0,0.0,0.0,0.0,0.0,ZERO_INTENT,0.7110185571230425,0,2,0,28,24
77.15,-56.80193922883643,-10.452042164884023,1.5061634207784422,0.0,0.0,0.0,0.0,0.0,0.0,ZERO_INTENT,0.7110185571230425,0,2,0,28,24
77.16666666666667,-56.80193922883643,-10.452042164884023,1.5061634207784422,0.0,0.0,0.0,0.0,0.0,0.0,ZERO_INTENT,0.7110185571230425,0,2,0,28,24
77.18333333333334,-56.80193922883643,-10.452042164884023,1.5061634207784422,0.0,0.0,0.0,0.0,0.0,0.0,ZERO_INTENT,0.7110185571230425,0,2,0,28,24
77.2,-56.80193922883643,-10.452042164884023,1.5061634207784422,0.0,0.0,0.0,0.0,0.0,0.0,ZERO_INTENT,0.7110185571230425,0,2,0,28,24
77.21666666666667,-56.80193922883643,-10.452042164884023,1.5061634207784422,0.0,0.0,0.0,0.0,0.0,0.0,ZERO_INTENT,0.7110185571230425,0,2,0,28,24
77.23333333333333,-56.80193922883643,-10.452042164884023,1.5061634207784422,0.0,0.0,0.0,0.0,0.0,0.0,ZERO_INTENT,0.7110185571230425,0,2,0,28,24
77.25,-56.80193922883643,-10.452042164884023,1.5061634207784422,0.0,0.0,0.0,0.0,0.0,0.0,ZERO_INTENT,0.7110185571230425,0,2,0,28,24
77.26666666666667,-56.80193922883643,-10.452042164884023,1.5061634207784422,0.0,0.0,0.0,0.0,0.0,0.0,ZERO_INTENT,0.7110185571230425,0,2,0,28,24
77.28333333333333,-56.80193922883643,-10.452042164884023,1.5061634207784422,0.0,0.0,0.0,0.0,0.0,0.0,ZERO_INTENT,0.7110185571230425,0,2,0,28,24
77.3,-56.80193922883643,-10.452042164884023,1.5061634207784422,0.0,0.0,0.0,0.0,0.0,0.0,ZERO_INTENT,0.7110185571230425,0,2,0,28,24
77.31666666666666,-56.80193922883643,-10.452042164884023,1.5061634207784422,0.0,0.0,0.0,0.0,0.0,0.0,ZERO_INTENT,0.7110185571230425,0,2,0,28,24
77.33333333333333,-56.80193922883643,-10.452042164884023,1.5061634207784422,0.0,0.0,0.0,0.0,0.0,0.0,ZERO_INTENT,0.7110185571230425,0,2,0,28,24
77.35,-56.80193922883643,-10.452042164884023,1.5061634207784422,0.0,0.0,0.0,0.0,0.0,0.0,ZERO_INTENT,0.7110185571230425,0,2,0,28,24
77.36666666666666,-56.80193922883643,-10.452042164884023,1.5061634207784422,0.0,0.0,0.0,0.0,0.0,0.0,ZERO_INTENT,0.7110185571230425,0,2,0,28,24
77.38333333333334,-56.80193922883643,-10.452042164884023,1.5061634207784422,0.0,0.0,0.0,0.0,0.0,0.0,ZERO_INTENT,0.7110185571230425,0,2,0,28,24
77.4,-56.80193922883643,-10.452042164884023,1.5061634207784422,0.0,0.0,0.0,0.0,0.0,0.0,ZERO_INTENT,0.7110185571230425,0,2,0,28,24
77.41666666666667,-56.80193922883643,-10.452042164884023,1.5061634207784422,0.0,0.0,0.0,0.0,0.0,0.0,ZERO_INTENT,0.7110185571230425,0,2,0,28,24
77.43333333333334,-56.80193922883643,-10.452042164884023,1.5061634207784422,0.0,0.0,0.0,0.0,0.0,0.0,ZERO_INTENT,0.7110185571230425,0,2,0,28,24
77.45,-56.80193922883643,-10.452042164884023,1.5061634207784422,0.0,0.0,0.0,0.0,0.0,0.0,ZERO_INTENT,0.7110185571230425,0,2,0,28,24
77.46666666666667,-56.80193922883643,-10.452042164884023,1.5061634207784422,0.0,0.0,0.0,0.0,0.0,0.0,ZERO_INTENT,0.7110185571230425,0,2,0,28,24
77.48333333333333,-56.80193922883643,-10.452042164884023,1.5061634207784422,0.0,0.0,0.0,0.0,0.0,0.0,ZERO_INTENT,0.7110185571230425,0,2,0,28,24
77.5,-56.80193922883643,-10.452042164884023,1.5061634207784422,0.0,0.0,0.0,0.0,0.0,0.0,ZERO_INTENT,0.7110185571230425,0,2,0,28,24
77.51666666666667,-56.80193922883643,-10.452042164884023,1.5061634207784422,0.0,0.0,0.0,0.0,0.0,0.0,ZERO_INTENT,0.7110185571230425,0,2,0,28,24
77.53333333333333,-56.80193922883643,-10.452042164884023,1.5061634207784422,0.0,0.0,0.0,0.0,0.0,0.0,ZERO_INTENT,0.7110185571230425,0,2,0,28,24
77.55,-56.80193922883643,-10.452042164884023,1.5061634207784422,0.0,0.0,0.0,0.0,0.0,0.0,ZERO_INTENT,0.7110185571230425,0,2,0,28,24
77.56666666666666,-56.80193922883643,-10.452042164884023,1.5061634207784422,0.0,0.0,0.0,0.0,0.0,0.0,ZERO_INTENT,0.7110185571230425,0,2,0,28,24
77.58333333333333,-56.80193922883643,-10.452042164884023,1.5061634207784422,0.0,0.0,0.0,0.0,0.0,0.0,ZERO_INTENT,0.7110185571230425,0,2,0,28,24
77.6,-56.80193922883643,-10.452042164884023,1.5061634207784422,0.0,0.0,0.0,0.0,0.0,0.0,ZERO_INTENT,0.7110185571230425,0,2,0,28,24
77.61666666666666,-56.80193922883643,-10.452042164884023,1.5061634207784422,0.0,0.0,0.0,0.0,0.0,0.0,ZERO_INTENT,0.7110185571230425,0,2,0,28,24
77.63333333333334,-56.80193922883643,-10.452042164884023,1.5061634207784422,0.0,0.0,0.0,0.0,0.0,0.0,ZERO_INTENT,0.7110185571230425,0,2,0,28,24
77.65,-56.80193922883643,-10.452042164884023,1.5061634207784422,0.0,0.0,0.0,0.0,0.0,0.0,ZERO_INTENT,0.7110185571230425,0,2,0,28,24
77.66666666666667,-56.80193922883643,-10.452042164884023,1.5061634207784422,0.0,0.0,0.0,0.0,0.0,0.0,ZERO_INTENT,0.7110185571230425,0,2,0,28,24
77.68333333333334,-56.80193922883643,-10.452042164884023,1.5061634207784422,0.0,0.0,0.0,0.0,0.0,0.0,ZERO_INTENT,0.7110185571230425,0,2,0,28,24
77.7,-56.80193922883643,-10.452042164884023,1.5061634207784422,0.0,0.0,0.0,0.0,0.0,0.0,ZERO_INTENT,0.7110185571230425,0,2,0,28,24
77.71666666666667,-56.80193922883643,-10.452042164884023,1.5061634207784422,0.0,0.0,0.0,0.0,0.0,0.0,ZERO_INTENT,0.7110185571230425,0,2,0,28,24
77.73333333333333,-56.80193922883643,-10.452042164884023,1.5061634207784422,0.0,0.0,0.0,0.0,0.0,0.0,ZERO_INTENT,0.7110185571230425,0,2,0,28,24
77.75,-56.80193922883643,-10.452042164884023,1.5061634207784422,0.0,0.0,0.0,0.0,0.0,0.0,ZERO_INTENT,0.7110185571230425,0,2,0,28,24
77.76666666666667,-56.80193922883643,-10.452042164884023,1.5061634207784422,0.0,0.0,0.0,0.0,0.0,0.0,ZERO_INTENT,0.7110185571230425,0,2,0,28,24
77.78333333333333,-56.80193922883643,-10.452042164884023,1.5061634207784422,0.0,0.0,0.0,0.0,0.0,0.0,ZERO_INTENT,0.7110185571230425,0,2,0,28,24
77.8,-56.80193922883643,-10.452042164884023,1.5061634207784422,0.0,0.0,0.0,0.0,0.0,0.0,ZERO_INTENT,0.7110185571230425,0,2,0,28,24
77.81666666666666,-56.80193922883643,-10.452042164884023,1.5061634207784422,0.0,0.0,0.0,0.0,0.0,0.0,ZERO_INTENT,0.7110185571230425,0,2,0,28,24
77.83333333333333,-56.80193922883643,-10.452042164884023,1.5061634207784422,0.0,0.0,0.0,0.0,0.0,0.0,ZERO_INTENT,0.7110185571230425,0,2,0,28,24
77.85,-56.80193922883643,-10.452042164884023,1.5061634207784422,0.0,0.0,0.0,0.0,0.0,0.0,ZERO_INTENT,0.7110185571230425,0,2,0,28,24
77.86666666666666,-56.80193922883643,-10.452042164884023,1.5061634207784422,0.0,0.0,0.0,0.0,0.0,0.0,ZERO_INTENT,0.7110185571230425,0,2,0,28,24
77.88333333333334,-56.80193922883643,-10.452042164884023,1.5061634207784422,0.0,0.0,0.0,0.0,0.0,0.0,ZERO_INTENT,0.7110185571230425,0,2,0,28,24
77.9,-56.80193922883643,-10.452042164884023,1.5061634207784422,0.0,0.0,0.0,0.0,0.0,0.0,ZERO_INTENT,0.7110185571230425,0,2,0,28,24
77.91666666666667,-56.80193922883643,-10.452042164884023,1.5061634207784422,0.0,0.0,0.0,0.0,0.0,0.0,ZERO_INTENT,0.7110185571230425,0,2,0,28,24
77.93333333333334,-56.80193922883643,-10.452042164884023,1.5061634207784422,0.0,0.0,0.0,0.0,0.0,0.0,ZERO_INTENT,0.7110185571230425,0,2,0,28,24
77.95,-56.80193922883643,-10.452042164884023,1.5061634207784422,0.0,0.0,0.0,0.0,0.0,0.0,ZERO_INTENT,0.7110185571230425,0,2,0,28,24
77.96666666666667,-56.80193922883643,-10.452042164884023,1.5061634207784422,0.0,0.0,0.0,0.0,0.0,0.0,ZERO_INTENT,0.7110185571230425,0,2,0,28,24
77.98333333333333,-56.80193922883643,-10.452042164884023,1.5061634207784422,0.0,0.0,0.0,0.0,0.0,0.0,ZERO_INTENT,0.7110185571230425,0,2,0,28,24
78.0,-56.80193922883643,-10.452042164884023,1.5061634207784422,0.0,0.0,0.0,1.0,0.0,0.15,ZERO_INTENT,0.7110185571230425,0,2,0,28,24
78.01666666666667,-56.80193922883643,-10.452042164884023,1.5061634207784422,0.0,0.0,0.0,1.0,0.0,0.15,ZERO_INTENT,0.7110185571230425,0,2,0,28,24
78.03333333333333,-56.80193922883643,-10.452042164884023,1.5061634207784422,0.0,0.0,0.0,1.0,0.0,0.15,UNOBSERVED_BODY_ENVELOPE,0.7110185571230425,0,2,0,28,24
78.05,-56.80193922883643,-10.452042164884023,1.5061634207784422,0.0,0.0,0.0,1.0,0.0,0.15,UNOBSERVED_BODY_ENVELOPE,0.7110185571230425,0,2,0,32,24
78.06666666666666,-56.80193922883643,-10.452042164884023,1.5061634207784422,0.0,0.0,0.0,1.0,0.0,0.15,UNOBSERVED_BODY_ENVELOPE,0.7110185571230425,0,2,0,32,24
78.08333333333333,-56.80193922883643,-10.452042164884023,1.5061634207784422,0.0,0.0,0.0,1.0,0.0,0.15,UNOBSERVED_BODY_ENVELOPE,0.7110185571230425,0,2,0,32,24
78.1,-56.80193922883643,-10.452042164884023,1.5061634207784422,0.0,0.0,0.0,1.0,0.0,0.15,UNOBSERVED_BODY_ENVELOPE,0.7110185571230425,0,2,0,32,24
78.11666666666666,-56.80193922883643,-10.452042164884023,1.5061634207784422,0.0,0.0,0.0,1.0,0.0,0.15,UNOBSERVED_BODY_ENVELOPE,0.7110185571230425,0,2,0,32,24
78.13333333333334,-56.80193922883643,-10.452042164884023,1.5061634207784422,0.0,0.0,0.0,1.0,0.0,0.15,UNOBSERVED_BODY_ENVELOPE,0.7110185571230425,0,2,0,32,24
78.15,-56.80193922883643,-10.452042164884023,1.5061634207784422,0.0,0.0,0.0,1.0,0.0,0.15,UNOBSERVED_BODY_ENVELOPE,0.7110185571230425,0,2,0,32,24
78.16666666666667,-56.80193922883643,-10.452042164884023,1.5061634207784422,0.0,0.0,0.0,1.0,0.0,0.15,UNOBSERVED_BODY_ENVELOPE,0.7110185571230425,0,2,0,32,24
78.18333333333334,-56.80193922883643,-10.452042164884023,1.5061634207784422,0.0,0.0,0.0,1.0,0.0,0.15,UNOBSERVED_BODY_ENVELOPE,0.7110185571230425,0,2,0,32,24
78.2,-56.80193922883643,-10.452042164884023,1.5061634207784422,0.0,0.0,0.0,1.0,0.0,0.15,UNOBSERVED_BODY_ENVELOPE,0.7110185571230425,0,2,0,32,24
78.21666666666667,-56.80193922883643,-10.452042164884023,1.5061634207784422,0.0,0.0,0.0,1.0,0.0,0.15,UNOBSERVED_BODY_ENVELOPE,0.7110185571230425,0,2,0,32,24
78.23333333333333,-56.80193922883643,-10.452042164884023,1.5061634207784422,0.0,0.0,0.0,1.0,0.0,0.15,UNOBSERVED_BODY_ENVELOPE,0.7110185571230425,0,2,0,32,24
78.25,-56.80193922883643,-10.452042164884023,1.5061634207784422,0.0,0.0,0.0,1.0,0.0,0.15,UNOBSERVED_BODY_ENVELOPE,0.7110185571230425,0,2,0,32,24
78.26666666666667,-56.80193922883643,-10.452042164884023,1.5061634207784422,0.0,0.0,0.0,1.0,0.0,0.15,UNOBSERVED_BODY_ENVELOPE,0.7110185571230425,0,2,0,32,24
78.28333333333333,-56.80193922883643,-10.452042164884023,1.5061634207784422,0.0,0.0,0.0,1.0,0.0,0.15,UNOBSERVED_BODY_ENVELOPE,0.7110185571230425,0,2,0,32,24
78.3,-56.80193922883643,-10.452042164884023,1.5061634207784422,0.0,0.0,0.0,1.0,0.0,0.15,UNOBSERVED_BODY_ENVELOPE,0.7110185571230425,0,2,0,32,24
78.31666666666666,-56.80193922883643,-10.452042164884023,1.5061634207784422,0.0,0.0,0.0,1.0,0.0,0.15,UNOBSERVED_BODY_ENVELOPE,0.7110185571230425,0,2,0,32,24
78.33333333333333,-56.80193922883643,-10.452042164884023,1.5061634207784422,0.0,0.0,0.0,1.0,0.0,0.15,UNOBSERVED_BODY_ENVELOPE,0.7110185571230425,0,2,0,32,24
78.35,-56.80193922883643,-10.452042164884023,1.5061634207784422,0.0,0.0,0.0,1.0,0.0,0.15,UNOBSERVED_BODY_ENVELOPE,0.7110185571230425,0,2,0,32,24
78.36666666666666,-56.80193922883643,-10.452042164884023,1.5061634207784422,0.0,0.0,0.0,1.0,0.0,0.15,UNOBSERVED_BODY_ENVELOPE,0.7110185571230425,0,2,0,32,24
78.38333333333334,-56.80193922883643,-10.452042164884023,1.5061634207784422,0.0,0.0,0.0,1.0,0.0,0.15,UNOBSERVED_BODY_ENVELOPE,0.7110185571230425,0,2,0,32,24
78.4,-56.80193922883643,-10.452042164884023,1.5061634207784422,0.0,0.0,0.0,1.0,0.0,0.15,UNOBSERVED_BODY_ENVELOPE,0.7110185571230425,0,2,0,32,24
78.41666666666667,-56.80193922883643,-10.452042164884023,1.5061634207784422,0.0,0.0,0.0,1.0,0.0,0.15,UNOBSERVED_BODY_ENVELOPE,0.7110185571230425,0,2,0,32,24
78.43333333333334,-56.80193922883643,-10.452042164884023,1.5061634207784422,0.0,0.0,0.0,1.0,0.0,0.15,UNOBSERVED_BODY_ENVELOPE,0.7110185571230425,0,2,0,32,24
78.45,-56.80193922883643,-10.452042164884023,1.5061634207784422,0.0,0.0,0.0,1.0,0.0,0.15,UNOBSERVED_BODY_ENVELOPE,0.7110185571230425,0,2,0,32,24
78.46666666666667,-56.80193922883643,-10.452042164884023,1.5061634207784422,0.0,0.0,0.0,1.0,0.0,0.15,UNOBSERVED_BODY_ENVELOPE,0.7110185571230425,0,2,0,32,24
78.48333333333333,-56.80193922883643,-10.452042164884023,1.5061634207784422,0.0,0.0,0.0,1.0,0.0,0.15,UNOBSERVED_BODY_ENVELOPE,0.7110185571230425,0,2,0,32,24
78.5,-56.80193922883643,-10.452042164884023,1.5061634207784422,0.0,0.0,0.0,1.0,0.0,0.15,UNOBSERVED_BODY_ENVELOPE,0.7110185571230425,0,2,0,32,24
78.51666666666667,-56.80193922883643,-10.452042164884023,1.5061634207784422,0.0,0.0,0.0,1.0,0.0,0.15,UNOBSERVED_BODY_ENVELOPE,0.7110185571230425,0,2,0,32,24
78.53333333333333,-56.80193922883643,-10.452042164884023,1.5061634207784422,0.0,0.0,0.0,1.0,0.0,0.15,UNOBSERVED_BODY_ENVELOPE,0.7110185571230425,0,2,0,32,24
78.55,-56.80193922883643,-10.452042164884023,1.5061634207784422,0.0,0.0,0.0,1.0,0.0,0.15,UNOBSERVED_BODY_ENVELOPE,0.7110185571230425,0,2,0,32,24
78.56666666666666,-56.80193922883643,-10.452042164884023,1.5061634207784422,0.0,0.0,0.0,1.0,0.0,0.15,UNOBSERVED_BODY_ENVELOPE,0.7110185571230425,0,2,0,32,24
78.58333333333333,-56.80193922883643,-10.452042164884023,1.5061634207784422,0.0,0.0,0.0,1.0,0.0,0.15,UNOBSERVED_BODY_ENVELOPE,0.7110185571230425,0,2,0,32,24
78.6,-56.80193922883643,-10.452042164884023,1.5061634207784422,0.0,0.0,0.0,1.0,0.0,0.15,UNOBSERVED_BODY_ENVELOPE,0.7110185571230425,0,2,0,32,24
78.61666666666666,-56.80193922883643,-10.452042164884023,1.5061634207784422,0.0,0.0,0.0,1.0,0.0,0.15,UNOBSERVED_BODY_ENVELOPE,0.7110185571230425,0,2,0,32,24
78.63333333333334,-56.80193922883643,-10.452042164884023,1.5061634207784422,0.0,0.0,0.0,1.0,0.0,0.15,UNOBSERVED_BODY_ENVELOPE,0.7110185571230425,0,2,0,32,24
78.65,-56.80193922883643,-10.452042164884023,1.5061634207784422,0.0,0.0,0.0,1.0,0.0,0.15,UNOBSERVED_BODY_ENVELOPE,0.7110185571230425,0,2,0,32,24
78.66666666666667,-56.80193922883643,-10.452042164884023,1.5061634207784422,0.0,0.0,0.0,1.0,0.0,0.15,UNOBSERVED_BODY_ENVELOPE,0.7110185571230425,0,2,0,32,24
78.68333333333334,-56.80193922883643,-10.452042164884023,1.5061634207784422,0.0,0.0,0.0,1.0,0.0,0.15,UNOBSERVED_BODY_ENVELOPE,0.7110185571230425,0,2,0,32,24
78.7,-56.80193922883643,-10.452042164884023,1.5061634207784422,0.0,0.0,0.0,1.0,0.0,0.15,UNOBSERVED_BODY_ENVELOPE,0.7110185571230425,0,2,0,32,24
78.71666666666667,-56.80193922883643,-10.452042164884023,1.5061634207784422,0.0,0.0,0.0,1.0,0.0,0.15,UNOBSERVED_BODY_ENVELOPE,0.7110185571230425,0,2,0,32,24
78.73333333333333,-56.80193922883643,-10.452042164884023,1.5061634207784422,0.0,0.0,0.0,1.0,0.0,0.15,UNOBSERVED_BODY_ENVELOPE,0.7110185571230425,0,2,0,32,24
78.75,-56.80193922883643,-10.452042164884023,1.5061634207784422,0.0,0.0,0.0,1.0,0.0,0.15,UNOBSERVED_BODY_ENVELOPE,0.7110185571230425,0,2,0,32,24
78.76666666666667,-56.80193922883643,-10.452042164884023,1.5061634207784422,0.0,0.0,0.0,1.0,0.0,0.15,UNOBSERVED_BODY_ENVELOPE,0.7110185571230425,0,2,0,32,24
78.78333333333333,-56.80193922883643,-10.452042164884023,1.5061634207784422,0.0,0.0,0.0,1.0,0.0,0.15,UNOBSERVED_BODY_ENVELOPE,0.7110185571230425,0,2,0,32,24
78.8,-56.80193922883643,-10.452042164884023,1.5061634207784422,0.0,0.0,0.0,1.0,0.0,0.15,UNOBSERVED_BODY_ENVELOPE,0.7110185571230425,0,2,0,32,24
78.81666666666666,-56.80193922883643,-10.452042164884023,1.5061634207784422,0.0,0.0,0.0,1.0,0.0,0.15,UNOBSERVED_BODY_ENVELOPE,0.7110185571230425,0,2,0,32,24
78.83333333333333,-56.80193922883643,-10.452042164884023,1.5061634207784422,0.0,0.0,0.0,1.0,0.0,0.15,UNOBSERVED_BODY_ENVELOPE,0.7110185571230425,0,2,0,32,24
78.85,-56.80193922883643,-10.452042164884023,1.5061634207784422,0.0,0.0,0.0,1.0,0.0,0.15,UNOBSERVED_BODY_ENVELOPE,0.7110185571230425,0,2,0,32,24
78.86666666666666,-56.80193922883643,-10.452042164884023,1.5061634207784422,0.0,0.0,0.0,1.0,0.0,0.15,UNOBSERVED_BODY_ENVELOPE,0.7110185571230425,0,2,0,32,24
78.88333333333334,-56.80193922883643,-10.452042164884023,1.5061634207784422,0.0,0.0,0.0,1.0,0.0,0.15,UNOBSERVED_BODY_ENVELOPE,0.7110185571230425,0,2,0,32,24
78.9,-56.80193922883643,-10.452042164884023,1.5061634207784422,0.0,0.0,0.0,1.0,0.0,0.15,UNOBSERVED_BODY_ENVELOPE,0.7110185571230425,0,2,0,32,24
78.91666666666667,-56.80193922883643,-10.452042164884023,1.5061634207784422,0.0,0.0,0.0,1.0,0.0,0.15,UNOBSERVED_BODY_ENVELOPE,0.7110185571230425,0,2,0,32,24
78.93333333333334,-56.80193922883643,-10.452042164884023,1.5061634207784422,0.0,0.0,0.0,1.0,0.0,0.15,UNOBSERVED_BODY_ENVELOPE,0.7110185571230425,0,2,0,32,24
78.95,-56.80193922883643,-10.452042164884023,1.5061634207784422,0.0,0.0,0.0,1.0,0.0,0.15,UNOBSERVED_BODY_ENVELOPE,0.7110185571230425,0,2,0,32,24
78.96666666666667,-56.80193922883643,-10.452042164884023,1.5061634207784422,0.0,0.0,0.0,1.0,0.0,0.15,UNOBSERVED_BODY_ENVELOPE,0.7110185571230425,0,2,0,32,24
78.98333333333333,-56.80193922883643,-10.452042164884023,1.5061634207784422,0.0,0.0,0.0,1.0,0.0,0.15,UNOBSERVED_BODY_ENVELOPE,0.7110185571230425,0,2,0,32,24
79.0,-56.80193922883643,-10.452042164884023,1.5061634207784422,0.0,0.0,0.0,1.0,0.0,0.15,UNOBSERVED_BODY_ENVELOPE,0.7110185571230425,0,2,0,32,24
79.01666666666667,-56.80193922883643,-10.452042164884023,1.5061634207784422,0.0,0.0,0.0,1.0,0.0,0.15,UNOBSERVED_BODY_ENVELOPE,0.7110185571230425,0,2,0,32,24
79.03333333333333,-56.80193922883643,-10.452042164884023,1.5061634207784422,0.0,0.0,0.0,1.0,0.0,0.15,UNOBSERVED_BODY_ENVELOPE,0.7110185571230425,0,2,0,32,24
79.05,-56.80193922883643,-10.452042164884023,1.5061634207784422,0.0,0.0,0.0,1.0,0.0,0.15,UNOBSERVED_BODY_ENVELOPE,0.7110185571230425,0,2,0,32,24
79.06666666666666,-56.80193922883643,-10.452042164884023,1.5061634207784422,0.0,0.0,0.0,1.0,0.0,0.15,UNOBSERVED_BODY_ENVELOPE,0.7110185571230425,0,2,0,32,24
79.08333333333333,-56.80193922883643,-10.452042164884023,1.5061634207784422,0.0,0.0,0.0,1.0,0.0,0.15,UNOBSERVED_BODY_ENVELOPE,0.7110185571230425,0,2,0,32,24
79.1,-56.80193922883643,-10.452042164884023,1.5061634207784422,0.0,0.0,0.0,1.0,0.0,0.15,UNOBSERVED_BODY_ENVELOPE,0.7110185571230425,0,2,0,32,24
79.11666666666666,-56.80193922883643,-10.452042164884023,1.5061634207784422,0.0,0.0,0.0,1.0,0.0,0.15,UNOBSERVED_BODY_ENVELOPE,0.7110185571230425,0,2,0,32,24
79.13333333333334,-56.80193922883643,-10.452042164884023,1.5061634207784422,0.0,0.0,0.0,1.0,0.0,0.15,UNOBSERVED_BODY_ENVELOPE,0.7110185571230425,0,2,0,32,24
79.15,-56.80193922883643,-10.452042164884023,1.5061634207784422,0.0,0.0,0.0,1.0,0.0,0.15,UNOBSERVED_BODY_ENVELOPE,0.7110185571230425,0,2,0,32,24
79.16666666666667,-56.80193922883643,-10.452042164884023,1.5061634207784422,0.0,0.0,0.0,1.0,0.0,0.15,UNOBSERVED_BODY_ENVELOPE,0.7110185571230425,0,2,0,32,24
79.18333333333334,-56.80193922883643,-10.452042164884023,1.5061634207784422,0.0,0.0,0.0,1.0,0.0,0.15,UNOBSERVED_BODY_ENVELOPE,0.7110185571230425,0,2,0,32,24
79.2,-56.80193922883643,-10.452042164884023,1.5061634207784422,0.0,0.0,0.0,1.0,0.0,0.15,UNOBSERVED_BODY_ENVELOPE,0.7110185571230425,0,2,0,32,24
79.21666666666667,-56.80193922883643,-10.452042164884023,1.5061634207784422,0.0,0.0,0.0,1.0,0.0,0.15,UNOBSERVED_BODY_ENVELOPE,0.7110185571230425,0,2,0,32,24
79.23333333333333,-56.80193922883643,-10.452042164884023,1.5061634207784422,0.0,0.0,0.0,1.0,0.0,0.15,UNOBSERVED_BODY_ENVELOPE,0.7110185571230425,0,2,0,32,24
79.25,-56.80193922883643,-10.452042164884023,1.5061634207784422,0.0,0.0,0.0,1.0,0.0,0.15,UNOBSERVED_BODY_ENVELOPE,0.7110185571230425,0,2,0,32,24
79.26666666666667,-56.80193922883643,-10.452042164884023,1.5061634207784422,0.0,0.0,0.0,1.0,0.0,0.15,UNOBSERVED_BODY_ENVELOPE,0.7110185571230425,0,2,0,32,24
79.28333333333333,-56.80193922883643,-10.452042164884023,1.5061634207784422,0.0,0.0,0.0,1.0,0.0,0.15,UNOBSERVED_BODY_ENVELOPE,0.7110185571230425,0,2,0,32,24
79.3,-56.80193922883643,-10.452042164884023,1.5061634207784422,0.0,0.0,0.0,1.0,0.0,0.15,UNOBSERVED_BODY_ENVELOPE,0.7110185571230425,0,2,0,32,24
79.31666666666666,-56.80193922883643,-10.452042164884023,1.5061634207784422,0.0,0.0,0.0,1.0,0.0,0.15,UNOBSERVED_BODY_ENVELOPE,0.7110185571230425,0,2,0,32,24
79.33333333333333,-56.80193922883643,-10.452042164884023,1.5061634207784422,0.0,0.0,0.0,1.0,0.0,0.15,UNOBSERVED_BODY_ENVELOPE,0.7110185571230425,0,2,0,32,24
79.35,-56.80193922883643,-10.452042164884023,1.5061634207784422,0.0,0.0,0.0,1.0,0.0,0.15,UNOBSERVED_BODY_ENVELOPE,0.7110185571230425,0,2,0,32,24
79.36666666666666,-56.80193922883643,-10.452042164884023,1.5061634207784422,0.0,0.0,0.0,1.0,0.0,0.15,UNOBSERVED_BODY_ENVELOPE,0.7110185571230425,0,2,0,32,24
79.38333333333334,-56.80193922883643,-10.452042164884023,1.5061634207784422,0.0,0.0,0.0,1.0,0.0,0.15,UNOBSERVED_BODY_ENVELOPE,0.7110185571230425,0,2,0,32,24
79.4,-56.80193922883643,-10.452042164884023,1.5061634207784422,0.0,0.0,0.0,1.0,0.0,0.15,UNOBSERVED_BODY_ENVELOPE,0.7110185571230425,0,2,0,32,24
79.41666666666667,-56.80193922883643,-10.452042164884023,1.5061634207784422,0.0,0.0,0.0,1.0,0.0,0.15,UNOBSERVED_BODY_ENVELOPE,0.7110185571230425,0,2,0,32,24
79.43333333333334,-56.80193922883643,-10.452042164884023,1.5061634207784422,0.0,0.0,0.0,1.0,0.0,0.15,UNOBSERVED_BODY_ENVELOPE,0.7110185571230425,0,2,0,32,24
79.45,-56.80193922883643,-10.452042164884023,1.5061634207784422,0.0,0.0,0.0,1.0,0.0,0.15,UNOBSERVED_BODY_ENVELOPE,0.7110185571230425,0,2,0,32,24
79.46666666666667,-56.80193922883643,-10.452042164884023,1.5061634207784422,0.0,0.0,0.0,1.0,0.0,0.15,UNOBSERVED_BODY_ENVELOPE,0.7110185571230425,0,2,0,32,24
79.48333333333333,-56.80193922883643,-10.452042164884023,1.5061634207784422,0.0,0.0,0.0,1.0,0.0,0.15,UNOBSERVED_BODY_ENVELOPE,0.7110185571230425,0,2,0,32,24
79.5,-56.80193922883643,-10.452042164884023,1.5061634207784422,0.0,0.0,0.0,1.0,0.0,0.15,UNOBSERVED_BODY_ENVELOPE,0.7110185571230425,0,2,0,32,24
79.51666666666667,-56.80193922883643,-10.452042164884023,1.5061634207784422,0.0,0.0,0.0,1.0,0.0,0.15,UNOBSERVED_BODY_ENVELOPE,0.7110185571230425,0,2,0,32,24
79.53333333333333,-56.80193922883643,-10.452042164884023,1.5061634207784422,0.0,0.0,0.0,1.0,0.0,0.15,UNOBSERVED_BODY_ENVELOPE,0.7110185571230425,0,2,0,32,24
79.55,-56.80193922883643,-10.452042164884023,1.5061634207784422,0.0,0.0,0.0,1.0,0.0,0.15,UNOBSERVED_BODY_ENVELOPE,0.7110185571230425,0,2,0,32,24
79.56666666666666,-56.80193922883643,-10.452042164884023,1.5061634207784422,0.0,0.0,0.0,1.0,0.0,0.15,UNOBSERVED_BODY_ENVELOPE,0.7110185571230425,0,2,0,32,24
79.58333333333333,-56.80193922883643,-10.452042164884023,1.5061634207784422,0.0,0.0,0.0,1.0,0.0,0.15,UNOBSERVED_BODY_ENVELOPE,0.7110185571230425,0,2,0,32,24
79.6,-56.80193922883643,-10.452042164884023,1.5061634207784422,0.0,0.0,0.0,1.0,0.0,0.15,UNOBSERVED_BODY_ENVELOPE,0.7110185571230425,0,2,0,32,24
79.61666666666666,-56.80193922883643,-10.452042164884023,1.5061634207784422,0.0,0.0,0.0,1.0,0.0,0.15,UNOBSERVED_BODY_ENVELOPE,0.7110185571230425,0,2,0,32,24
79.63333333333334,-56.80193922883643,-10.452042164884023,1.5061634207784422,0.0,0.0,0.0,1.0,0.0,0.15,UNOBSERVED_BODY_ENVELOPE,0.7110185571230425,0,2,0,32,24
79.65,-56.80193922883643,-10.452042164884023,1.5061634207784422,0.0,0.0,0.0,1.0,0.0,0.15,UNOBSERVED_BODY_ENVELOPE,0.7110185571230425,0,2,0,32,24
79.66666666666667,-56.80193922883643,-10.452042164884023,1.5061634207784422,0.0,0.0,0.0,1.0,0.0,0.15,UNOBSERVED_BODY_ENVELOPE,0.7110185571230425,0,2,0,32,24
79.68333333333334,-56.80193922883643,-10.452042164884023,1.5061634207784422,0.0,0.0,0.0,1.0,0.0,0.15,UNOBSERVED_BODY_ENVELOPE,0.7110185571230425,0,2,0,32,24
79.7,-56.80193922883643,-10.452042164884023,1.5061634207784422,0.0,0.0,0.0,1.0,0.0,0.15,UNOBSERVED_BODY_ENVELOPE,0.7110185571230425,0,2,0,32,24
79.71666666666667,-56.80193922883643,-10.452042164884023,1.5061634207784422,0.0,0.0,0.0,1.0,0.0,0.15,UNOBSERVED_BODY_ENVELOPE,0.7110185571230425,0,2,0,32,24
79.73333333333333,-56.80193922883643,-10.452042164884023,1.5061634207784422,0.0,0.0,0.0,1.0,0.0,0.15,UNOBSERVED_BODY_ENVELOPE,0.7110185571230425,0,2,0,32,24
79.75,-56.80193922883643,-10.452042164884023,1.5061634207784422,0.0,0.0,0.0,1.0,0.0,0.15,UNOBSERVED_BODY_ENVELOPE,0.7110185571230425,0,2,0,32,24
79.76666666666667,-56.80193922883643,-10.452042164884023,1.5061634207784422,0.0,0.0,0.0,1.0,0.0,0.15,UNOBSERVED_BODY_ENVELOPE,0.7110185571230425,0,2,0,32,24
79.78333333333333,-56.80193922883643,-10.452042164884023,1.5061634207784422,0.0,0.0,0.0,1.0,0.0,0.15,UNOBSERVED_BODY_ENVELOPE,0.7110185571230425,0,2,0,32,24
79.8,-56.80193922883643,-10.452042164884023,1.5061634207784422,0.0,0.0,0.0,1.0,0.0,0.15,UNOBSERVED_BODY_ENVELOPE,0.7110185571230425,0,2,0,32,24
79.81666666666666,-56.80193922883643,-10.452042164884023,1.5061634207784422,0.0,0.0,0.0,1.0,0.0,0.15,UNOBSERVED_BODY_ENVELOPE,0.7110185571230425,0,2,0,32,24
79.83333333333333,-56.80193922883643,-10.452042164884023,1.5061634207784422,0.0,0.0,0.0,1.0,0.0,0.15,UNOBSERVED_BODY_ENVELOPE,0.7110185571230425,0,2,0,32,24
79.85,-56.80193922883643,-10.452042164884023,1.5061634207784422,0.0,0.0,0.0,1.0,0.0,0.15,UNOBSERVED_BODY_ENVELOPE,0.7110185571230425,0,2,0,32,24
79.86666666666666,-56.80193922883643,-10.452042164884023,1.5061634207784422,0.0,0.0,0.0,1.0,0.0,0.15,UNOBSERVED_BODY_ENVELOPE,0.7110185571230425,0,2,0,32,24
79.88333333333334,-56.80193922883643,-10.452042164884023,1.5061634207784422,0.0,0.0,0.0,1.0,0.0,0.15,UNOBSERVED_BODY_ENVELOPE,0.7110185571230425,0,2,0,32,24
79.9,-56.80193922883643,-10.452042164884023,1.5061634207784422,0.0,0.0,0.0,1.0,0.0,0.15,UNOBSERVED_BODY_ENVELOPE,0.7110185571230425,0,2,0,32,24
79.91666666666667,-56.80193922883643,-10.452042164884023,1.5061634207784422,0.0,0.0,0.0,1.0,0.0,0.15,UNOBSERVED_BODY_ENVELOPE,0.7110185571230425,0,2,0,32,24
79.93333333333334,-56.80193922883643,-10.452042164884023,1.5061634207784422,0.0,0.0,0.0,1.0,0.0,0.15,UNOBSERVED_BODY_ENVELOPE,0.7110185571230425,0,2,0,32,24
79.95,-56.80193922883643,-10.452042164884023,1.5061634207784422,0.0,0.0,0.0,1.0,0.0,0.15,UNOBSERVED_BODY_ENVELOPE,0.7110185571230425,0,2,0,32,24
79.96666666666667,-56.80193922883643,-10.452042164884023,1.5061634207784422,0.0,0.0,0.0,1.0,0.0,0.15,UNOBSERVED_BODY_ENVELOPE,0.7110185571230425,0,2,0,32,24
79.98333333333333,-56.80193922883643,-10.452042164884023,1.5061634207784422,0.0,0.0,0.0,1.0,0.0,0.15,UNOBSERVED_BODY_ENVELOPE,0.7110185571230425,0,2,0,32,24
80.0,-56.80193922883643,-10.452042164884023,1.5061634207784422,0.0,0.0,0.0,1.0,0.0,0.15,UNOBSERVED_BODY_ENVELOPE,0.7110185571230425,0,2,0,32,24
80.01666666666667,-56.80193922883643,-10.452042164884023,1.5061634207784422,0.0,0.0,0.0,1.0,0.0,0.15,UNOBSERVED_BODY_ENVELOPE,0.7110185571230425,0,2,0,32,24
80.03333333333333,-56.80193922883643,-10.452042164884023,1.5061634207784422,0.0,0.0,0.0,1.0,0.0,0.15,UNOBSERVED_BODY_ENVELOPE,0.7110185571230425,0,2,0,32,24
80.05,-56.80193922883643,-10.452042164884023,1.5061634207784422,0.0,0.0,0.0,1.0,0.0,0.15,UNOBSERVED_BODY_ENVELOPE,0.7110185571230425,0,2,0,32,24
80.06666666666666,-56.80193922883643,-10.452042164884023,1.5061634207784422,0.0,0.0,0.0,1.0,0.0,0.15,UNOBSERVED_BODY_ENVELOPE,0.7110185571230425,0,2,0,32,24
80.08333333333333,-56.80193922883643,-10.452042164884023,1.5061634207784422,0.0,0.0,0.0,1.0,0.0,0.15,UNOBSERVED_BODY_ENVELOPE,0.7110185571230425,0,2,0,32,24
80.1,-56.80193922883643,-10.452042164884023,1.5061634207784422,0.0,0.0,0.0,1.0,0.0,0.15,UNOBSERVED_BODY_ENVELOPE,0.7110185571230425,0,2,0,32,24
80.11666666666666,-56.80193922883643,-10.452042164884023,1.5061634207784422,0.0,0.0,0.0,1.0,0.0,0.15,UNOBSERVED_BODY_ENVELOPE,0.7110185571230425,0,2,0,32,24
80.13333333333334,-56.80193922883643,-10.452042164884023,1.5061634207784422,0.0,0.0,0.0,1.0,0.0,0.15,UNOBSERVED_BODY_ENVELOPE,0.7110185571230425,0,2,0,32,24
80.15,-56.80193922883643,-10.452042164884023,1.5061634207784422,0.0,0.0,0.0,1.0,0.0,0.15,UNOBSERVED_BODY_ENVELOPE,0.7110185571230425,0,2,0,32,24
80.16666666666667,-56.80193922883643,-10.452042164884023,1.5061634207784422,0.0,0.0,0.0,1.0,0.0,0.15,UNOBSERVED_BODY_ENVELOPE,0.7110185571230425,0,2,0,32,24
80.18333333333334,-56.80193922883643,-10.452042164884023,1.5061634207784422,0.0,0.0,0.0,1.0,0.0,0.15,UNOBSERVED_BODY_ENVELOPE,0.7110185571230425,0,2,0,32,24
80.2,-56.80193922883643,-10.452042164884023,1.5061634207784422,0.0,0.0,0.0,1.0,0.0,0.15,UNOBSERVED_BODY_ENVELOPE,0.7110185571230425,0,2,0,32,24
80.21666666666667,-56.80193922883643,-10.452042164884023,1.5061634207784422,0.0,0.0,0.0,1.0,0.0,0.15,UNOBSERVED_BODY_ENVELOPE,0.7110185571230425,0,2,0,32,24
80.23333333333333,-56.80193922883643,-10.452042164884023,1.5061634207784422,0.0,0.0,0.0,1.0,0.0,0.15,UNOBSERVED_BODY_ENVELOPE,0.7110185571230425,0,2,0,32,24
80.25,-56.80193922883643,-10.452042164884023,1.5061634207784422,0.0,0.0,0.0,1.0,0.0,0.15,UNOBSERVED_BODY_ENVELOPE,0.7110185571230425,0,2,0,32,24
80.26666666666667,-56.80193922883643,-10.452042164884023,1.5061634207784422,0.0,0.0,0.0,1.0,0.0,0.15,UNOBSERVED_BODY_ENVELOPE,0.7110185571230425,0,2,0,32,24
80.28333333333333,-56.80193922883643,-10.452042164884023,1.5061634207784422,0.0,0.0,0.0,1.0,0.0,0.15,UNOBSERVED_BODY_ENVELOPE,0.7110185571230425,0,2,0,32,24
80.3,-56.80193922883643,-10.452042164884023,1.5061634207784422,0.0,0.0,0.0,1.0,0.0,0.15,UNOBSERVED_BODY_ENVELOPE,0.7110185571230425,0,2,0,32,24
80.31666666666666,-56.80193922883643,-10.452042164884023,1.5061634207784422,0.0,0.0,0.0,1.0,0.0,0.15,UNOBSERVED_BODY_ENVELOPE,0.7110185571230425,0,2,0,32,24
80.33333333333333,-56.80193922883643,-10.452042164884023,1.5061634207784422,0.0,0.0,0.0,1.0,0.0,0.15,UNOBSERVED_BODY_ENVELOPE,0.7110185571230425,0,2,0,32,24
80.35,-56.80193922883643,-10.452042164884023,1.5061634207784422,0.0,0.0,0.0,1.0,0.0,0.15,UNOBSERVED_BODY_ENVELOPE,0.7110185571230425,0,2,0,32,24
80.36666666666666,-56.80193922883643,-10.452042164884023,1.5061634207784422,0.0,0.0,0.0,1.0,0.0,0.15,UNOBSERVED_BODY_ENVELOPE,0.7110185571230425,0,2,0,32,24
80.38333333333334,-56.80193922883643,-10.452042164884023,1.5061634207784422,0.0,0.0,0.0,1.0,0.0,0.15,UNOBSERVED_BODY_ENVELOPE,0.7110185571230425,0,2,0,32,24
80.4,-56.80193922883643,-10.452042164884023,1.5061634207784422,0.0,0.0,0.0,1.0,0.0,0.15,UNOBSERVED_BODY_ENVELOPE,0.7110185571230425,0,2,0,32,24
80.41666666666667,-56.80193922883643,-10.452042164884023,1.5061634207784422,0.0,0.0,0.0,1.0,0.0,0.15,UNOBSERVED_BODY_ENVELOPE,0.7110185571230425,0,2,0,32,24
80.43333333333334,-56.80193922883643,-10.452042164884023,1.5061634207784422,0.0,0.0,0.0,1.0,0.0,0.15,UNOBSERVED_BODY_ENVELOPE,0.7110185571230425,0,2,0,32,24
80.45,-56.80193922883643,-10.452042164884023,1.5061634207784422,0.0,0.0,0.0,1.0,0.0,0.15,UNOBSERVED_BODY_ENVELOPE,0.7110185571230425,0,2,0,32,24
80.46666666666667,-56.80193922883643,-10.452042164884023,1.5061634207784422,0.0,0.0,0.0,1.0,0.0,0.15,UNOBSERVED_BODY_ENVELOPE,0.7110185571230425,0,2,0,32,24
80.48333333333333,-56.80193922883643,-10.452042164884023,1.5061634207784422,0.0,0.0,0.0,1.0,0.0,0.15,UNOBSERVED_BODY_ENVELOPE,0.7110185571230425,0,2,0,32,24
80.5,-56.80193922883643,-10.452042164884023,1.5061634207784422,0.0,0.0,0.0,1.0,0.0,0.15,UNOBSERVED_BODY_ENVELOPE,0.7110185571230425,0,2,0,32,24
80.51666666666667,-56.80193922883643,-10.452042164884023,1.5061634207784422,0.0,0.0,0.0,1.0,0.0,0.15,UNOBSERVED_BODY_ENVELOPE,0.7110185571230425,0,2,0,32,24
80.53333333333333,-56.80193922883643,-10.452042164884023,1.5061634207784422,0.0,0.0,0.0,1.0,0.0,0.15,UNOBSERVED_BODY_ENVELOPE,0.7110185571230425,0,2,0,32,24
80.55,-56.80193922883643,-10.452042164884023,1.5061634207784422,0.0,0.0,0.0,1.0,0.0,0.15,UNOBSERVED_BODY_ENVELOPE,0.7110185571230425,0,2,0,32,24
80.56666666666666,-56.80193922883643,-10.452042164884023,1.5061634207784422,0.0,0.0,0.0,1.0,0.0,0.15,UNOBSERVED_BODY_ENVELOPE,0.7110185571230425,0,2,0,32,24
80.58333333333333,-56.80193922883643,-10.452042164884023,1.5061634207784422,0.0,0.0,0.0,1.0,0.0,0.15,UNOBSERVED_BODY_ENVELOPE,0.7110185571230425,0,2,0,32,24
80.6,-56.80193922883643,-10.452042164884023,1.5061634207784422,0.0,0.0,0.0,1.0,0.0,0.15,UNOBSERVED_BODY_ENVELOPE,0.7110185571230425,0,2,0,32,24
80.61666666666666,-56.80193922883643,-10.452042164884023,1.5061634207784422,0.0,0.0,0.0,1.0,0.0,0.15,UNOBSERVED_BODY_ENVELOPE,0.7110185571230425,0,2,0,32,24
80.63333333333334,-56.80193922883643,-10.452042164884023,1.5061634207784422,0.0,0.0,0.0,1.0,0.0,0.15,UNOBSERVED_BODY_ENVELOPE,0.7110185571230425,0,2,0,32,24
80.65,-56.80193922883643,-10.452042164884023,1.5061634207784422,0.0,0.0,0.0,1.0,0.0,0.15,UNOBSERVED_BODY_ENVELOPE,0.7110185571230425,0,2,0,32,24
80.66666666666667,-56.80193922883643,-10.452042164884023,1.5061634207784422,0.0,0.0,0.0,1.0,0.0,0.15,UNOBSERVED_BODY_ENVELOPE,0.7110185571230425,0,2,0,32,24
80.68333333333334,-56.80193922883643,-10.452042164884023,1.5061634207784422,0.0,0.0,0.0,1.0,0.0,0.15,UNOBSERVED_BODY_ENVELOPE,0.7110185571230425,0,2,0,32,24
80.7,-56.80193922883643,-10.452042164884023,1.5061634207784422,0.0,0.0,0.0,1.0,0.0,0.15,UNOBSERVED_BODY_ENVELOPE,0.7110185571230425,0,2,0,32,24
80.71666666666667,-56.80193922883643,-10.452042164884023,1.5061634207784422,0.0,0.0,0.0,1.0,0.0,0.15,UNOBSERVED_BODY_ENVELOPE,0.7110185571230425,0,2,0,32,24
80.73333333333333,-56.80193922883643,-10.452042164884023,1.5061634207784422,0.0,0.0,0.0,1.0,0.0,0.15,UNOBSERVED_BODY_ENVELOPE,0.7110185571230425,0,2,0,32,24
80.75,-56.80193922883643,-10.452042164884023,1.5061634207784422,0.0,0.0,0.0,1.0,0.0,0.15,UNOBSERVED_BODY_ENVELOPE,0.7110185571230425,0,2,0,32,24
80.76666666666667,-56.80193922883643,-10.452042164884023,1.5061634207784422,0.0,0.0,0.0,1.0,0.0,0.15,UNOBSERVED_BODY_ENVELOPE,0.7110185571230425,0,2,0,32,24
80.78333333333333,-56.80193922883643,-10.452042164884023,1.5061634207784422,0.0,0.0,0.0,1.0,0.0,0.15,UNOBSERVED_BODY_ENVELOPE,0.7110185571230425,0,2,0,32,24
80.8,-56.80193922883643,-10.452042164884023,1.5061634207784422,0.0,0.0,0.0,1.0,0.0,0.15,UNOBSERVED_BODY_ENVELOPE,0.7110185571230425,0,2,0,32,24
80.81666666666666,-56.80193922883643,-10.452042164884023,1.5061634207784422,0.0,0.0,0.0,1.0,0.0,0.15,UNOBSERVED_BODY_ENVELOPE,0.7110185571230425,0,2,0,32,24
80.83333333333333,-56.80193922883643,-10.452042164884023,1.5061634207784422,0.0,0.0,0.0,1.0,0.0,0.15,UNOBSERVED_BODY_ENVELOPE,0.7110185571230425,0,2,0,32,24
80.85,-56.80193922883643,-10.452042164884023,1.5061634207784422,0.0,0.0,0.0,1.0,0.0,0.15,UNOBSERVED_BODY_ENVELOPE,0.7110185571230425,0,2,0,32,24
80.86666666666666,-56.80193922883643,-10.452042164884023,1.5061634207784422,0.0,0.0,0.0,1.0,0.0,0.15,UNOBSERVED_BODY_ENVELOPE,0.7110185571230425,0,2,0,32,24
80.88333333333334,-56.80193922883643,-10.452042164884023,1.5061634207784422,0.0,0.0,0.0,1.0,0.0,0.15,UNOBSERVED_BODY_ENVELOPE,0.7110185571230425,0,2,0,32,24
80.9,-56.80193922883643,-10.452042164884023,1.5061634207784422,0.0,0.0,0.0,1.0,0.0,0.15,UNOBSERVED_BODY_ENVELOPE,0.7110185571230425,0,2,0,32,24
80.91666666666667,-56.80193922883643,-10.452042164884023,1.5061634207784422,0.0,0.0,0.0,1.0,0.0,0.15,UNOBSERVED_BODY_ENVELOPE,0.7110185571230425,0,2,0,32,24
80.93333333333334,-56.80193922883643,-10.452042164884023,1.5061634207784422,0.0,0.0,0.0,1.0,0.0,0.15,UNOBSERVED_BODY_ENVELOPE,0.7110185571230425,0,2,0,32,24
80.95,-56.80193922883643,-10.452042164884023,1.5061634207784422,0.0,0.0,0.0,1.0,0.0,0.15,UNOBSERVED_BODY_ENVELOPE,0.7110185571230425,0,2,0,32,24
80.96666666666667,-56.80193922883643,-10.452042164884023,1.5061634207784422,0.0,0.0,0.0,1.0,0.0,0.15,UNOBSERVED_BODY_ENVELOPE,0.7110185571230425,0,2,0,32,24
80.98333333333333,-56.80193922883643,-10.452042164884023,1.5061634207784422,0.0,0.0,0.0,1.0,0.0,0.15,UNOBSERVED_BODY_ENVELOPE,0.7110185571230425,0,2,0,32,24
81.0,-56.80193922883643,-10.452042164884023,1.5061634207784422,0.0,0.0,0.0,1.0,0.0,0.15,UNOBSERVED_BODY_ENVELOPE,0.7110185571230425,0,2,0,32,24
81.01666666666667,-56.80193922883643,-10.452042164884023,1.5061634207784422,0.0,0.0,0.0,1.0,0.0,0.15,UNOBSERVED_BODY_ENVELOPE,0.7110185571230425,0,2,0,32,24
81.03333333333333,-56.80193922883643,-10.452042164884023,1.5061634207784422,0.0,0.0,0.0,1.0,0.0,0.15,UNOBSERVED_BODY_ENVELOPE,0.7110185571230425,0,2,0,32,24
81.05,-56.80193922883643,-10.452042164884023,1.5061634207784422,0.0,0.0,0.0,1.0,0.0,0.15,UNOBSERVED_BODY_ENVELOPE,0.7110185571230425,0,2,0,32,24
81.06666666666666,-56.80193922883643,-10.452042164884023,1.5061634207784422,0.0,0.0,0.0,1.0,0.0,0.15,UNOBSERVED_BODY_ENVELOPE,0.7110185571230425,0,2,0,32,24
81.08333333333333,-56.80193922883643,-10.452042164884023,1.5061634207784422,0.0,0.0,0.0,1.0,0.0,0.15,UNOBSERVED_BODY_ENVELOPE,0.7110185571230425,0,2,0,32,24
81.1,-56.80193922883643,-10.452042164884023,1.5061634207784422,0.0,0.0,0.0,1.0,0.0,0.15,UNOBSERVED_BODY_ENVELOPE,0.7110185571230425,0,2,0,32,24
81.11666666666666,-56.80193922883643,-10.452042164884023,1.5061634207784422,0.0,0.0,0.0,1.0,0.0,0.15,UNOBSERVED_BODY_ENVELOPE,0.7110185571230425,0,2,0,32,24
81.13333333333334,-56.80193922883643,-10.452042164884023,1.5061634207784422,0.0,0.0,0.0,1.0,0.0,0.15,UNOBSERVED_BODY_ENVELOPE,0.7110185571230425,0,2,0,32,24
81.15,-56.80193922883643,-10.452042164884023,1.5061634207784422,0.0,0.0,0.0,1.0,0.0,0.15,UNOBSERVED_BODY_ENVELOPE,0.7110185571230425,0,2,0,32,24
81.16666666666667,-56.80193922883643,-10.452042164884023,1.5061634207784422,0.0,0.0,0.0,1.0,0.0,0.15,UNOBSERVED_BODY_ENVELOPE,0.7110185571230425,0,2,0,32,24
81.18333333333334,-56.80193922883643,-10.452042164884023,1.5061634207784422,0.0,0.0,0.0,1.0,0.0,0.15,UNOBSERVED_BODY_ENVELOPE,0.7110185571230425,0,2,0,32,24
81.2,-56.80193922883643,-10.452042164884023,1.5061634207784422,0.0,0.0,0.0,1.0,0.0,0.15,UNOBSERVED_BODY_ENVELOPE,0.7110185571230425,0,2,0,32,24
81.21666666666667,-56.80193922883643,-10.452042164884023,1.5061634207784422,0.0,0.0,0.0,1.0,0.0,0.15,UNOBSERVED_BODY_ENVELOPE,0.7110185571230425,0,2,0,32,24
81.23333333333333,-56.80193922883643,-10.452042164884023,1.5061634207784422,0.0,0.0,0.0,1.0,0.0,0.15,UNOBSERVED_BODY_ENVELOPE,0.7110185571230425,0,2,0,32,24
81.25,-56.80193922883643,-10.452042164884023,1.5061634207784422,0.0,0.0,0.0,1.0,0.0,0.15,UNOBSERVED_BODY_ENVELOPE,0.7110185571230425,0,2,0,32,24
81.26666666666667,-56.80193922883643,-10.452042164884023,1.5061634207784422,0.0,0.0,0.0,1.0,0.0,0.15,UNOBSERVED_BODY_ENVELOPE,0.7110185571230425,0,2,0,32,24
81.28333333333333,-56.80193922883643,-10.452042164884023,1.5061634207784422,0.0,0.0,0.0,1.0,0.0,0.15,UNOBSERVED_BODY_ENVELOPE,0.7110185571230425,0,2,0,32,24
81.3,-56.80193922883643,-10.452042164884023,1.5061634207784422,0.0,0.0,0.0,1.0,0.0,0.15,UNOBSERVED_BODY_ENVELOPE,0.7110185571230425,0,2,0,32,24
81.31666666666666,-56.80193922883643,-10.452042164884023,1.5061634207784422,0.0,0.0,0.0,1.0,0.0,0.15,UNOBSERVED_BODY_ENVELOPE,0.7110185571230425,0,2,0,32,24
81.33333333333333,-56.80193922883643,-10.452042164884023,1.5061634207784422,0.0,0.0,0.0,1.0,0.0,0.15,UNOBSERVED_BODY_ENVELOPE,0.7110185571230425,0,2,0,32,24
81.35,-56.80193922883643,-10.452042164884023,1.5061634207784422,0.0,0.0,0.0,1.0,0.0,0.15,UNOBSERVED_BODY_ENVELOPE,0.7110185571230425,0,2,0,32,24
81.36666666666666,-56.80193922883643,-10.452042164884023,1.5061634207784422,0.0,0.0,0.0,1.0,0.0,0.15,UNOBSERVED_BODY_ENVELOPE,0.7110185571230425,0,2,0,32,24
81.38333333333334,-56.80193922883643,-10.452042164884023,1.5061634207784422,0.0,0.0,0.0,1.0,0.0,0.15,UNOBSERVED_BODY_ENVELOPE,0.7110185571230425,0,2,0,32,24
81.4,-56.80193922883643,-10.452042164884023,1.5061634207784422,0.0,0.0,0.0,1.0,0.0,0.15,UNOBSERVED_BODY_ENVELOPE,0.7110185571230425,0,2,0,32,24
81.41666666666667,-56.80193922883643,-10.452042164884023,1.5061634207784422,0.0,0.0,0.0,1.0,0.0,0.15,UNOBSERVED_BODY_ENVELOPE,0.7110185571230425,0,2,0,32,24
81.43333333333334,-56.80193922883643,-10.452042164884023,1.5061634207784422,0.0,0.0,0.0,1.0,0.0,0.15,UNOBSERVED_BODY_ENVELOPE,0.7110185571230425,0,2,0,32,24
81.45,-56.80193922883643,-10.452042164884023,1.5061634207784422,0.0,0.0,0.0,1.0,0.0,0.15,UNOBSERVED_BODY_ENVELOPE,0.7110185571230425,0,2,0,32,24
81.46666666666667,-56.80193922883643,-10.452042164884023,1.5061634207784422,0.0,0.0,0.0,1.0,0.0,0.15,UNOBSERVED_BODY_ENVELOPE,0.7110185571230425,0,2,0,32,24
81.48333333333333,-56.80193922883643,-10.452042164884023,1.5061634207784422,0.0,0.0,0.0,1.0,0.0,0.15,UNOBSERVED_BODY_ENVELOPE,0.7110185571230425,0,2,0,32,24
81.5,-56.80193922883643,-10.452042164884023,1.5061634207784422,0.0,0.0,0.0,1.0,0.0,0.15,UNOBSERVED_BODY_ENVELOPE,0.7110185571230425,0,2,0,32,24
81.51666666666667,-56.80193922883643,-10.452042164884023,1.5061634207784422,0.0,0.0,0.0,1.0,0.0,0.15,UNOBSERVED_BODY_ENVELOPE,0.7110185571230425,0,2,0,32,24
81.53333333333333,-56.80193922883643,-10.452042164884023,1.5061634207784422,0.0,0.0,0.0,1.0,0.0,0.15,UNOBSERVED_BODY_ENVELOPE,0.7110185571230425,0,2,0,32,24
81.55,-56.80193922883643,-10.452042164884023,1.5061634207784422,0.0,0.0,0.0,1.0,0.0,0.15,UNOBSERVED_BODY_ENVELOPE,0.7110185571230425,0,2,0,32,24
81.56666666666666,-56.80193922883643,-10.452042164884023,1.5061634207784422,0.0,0.0,0.0,1.0,0.0,0.15,UNOBSERVED_BODY_ENVELOPE,0.7110185571230425,0,2,0,32,24
81.58333333333333,-56.80193922883643,-10.452042164884023,1.5061634207784422,0.0,0.0,0.0,1.0,0.0,0.15,UNOBSERVED_BODY_ENVELOPE,0.7110185571230425,0,2,0,32,24
81.6,-56.80193922883643,-10.452042164884023,1.5061634207784422,0.0,0.0,0.0,1.0,0.0,0.15,UNOBSERVED_BODY_ENVELOPE,0.7110185571230425,0,2,0,32,24
81.61666666666666,-56.80193922883643,-10.452042164884023,1.5061634207784422,0.0,0.0,0.0,1.0,0.0,0.15,UNOBSERVED_BODY_ENVELOPE,0.7110185571230425,0,2,0,32,24
81.63333333333334,-56.80193922883643,-10.452042164884023,1.5061634207784422,0.0,0.0,0.0,1.0,0.0,0.15,UNOBSERVED_BODY_ENVELOPE,0.7110185571230425,0,2,0,32,24
81.65,-56.80193922883643,-10.452042164884023,1.5061634207784422,0.0,0.0,0.0,1.0,0.0,0.15,UNOBSERVED_BODY_ENVELOPE,0.7110185571230425,0,2,0,32,24
81.66666666666667,-56.80193922883643,-10.452042164884023,1.5061634207784422,0.0,0.0,0.0,1.0,0.0,0.15,UNOBSERVED_BODY_ENVELOPE,0.7110185571230425,0,2,0,32,24
81.68333333333334,-56.80193922883643,-10.452042164884023,1.5061634207784422,0.0,0.0,0.0,1.0,0.0,0.15,UNOBSERVED_BODY_ENVELOPE,0.7110185571230425,0,2,0,32,24
81.7,-56.80193922883643,-10.452042164884023,1.5061634207784422,0.0,0.0,0.0,1.0,0.0,0.15,UNOBSERVED_BODY_ENVELOPE,0.7110185571230425,0,2,0,32,24
81.71666666666667,-56.80193922883643,-10.452042164884023,1.5061634207784422,0.0,0.0,0.0,1.0,0.0,0.15,UNOBSERVED_BODY_ENVELOPE,0.7110185571230425,0,2,0,32,24
81.73333333333333,-56.80193922883643,-10.452042164884023,1.5061634207784422,0.0,0.0,0.0,1.0,0.0,0.15,UNOBSERVED_BODY_ENVELOPE,0.7110185571230425,0,2,0,32,24
81.75,-56.80193922883643,-10.452042164884023,1.5061634207784422,0.0,0.0,0.0,1.0,0.0,0.15,UNOBSERVED_BODY_ENVELOPE,0.7110185571230425,0,2,0,32,24
81.76666666666667,-56.80193922883643,-10.452042164884023,1.5061634207784422,0.0,0.0,0.0,1.0,0.0,0.15,UNOBSERVED_BODY_ENVELOPE,0.7110185571230425,0,2,0,32,24
81.78333333333333,-56.80193922883643,-10.452042164884023,1.5061634207784422,0.0,0.0,0.0,1.0,0.0,0.15,UNOBSERVED_BODY_ENVELOPE,0.7110185571230425,0,2,0,32,24
81.8,-56.80193922883643,-10.452042164884023,1.5061634207784422,0.0,0.0,0.0,1.0,0.0,0.15,UNOBSERVED_BODY_ENVELOPE,0.7110185571230425,0,2,0,32,24
81.81666666666666,-56.80193922883643,-10.452042164884023,1.5061634207784422,0.0,0.0,0.0,1.0,0.0,0.15,UNOBSERVED_BODY_ENVELOPE,0.7110185571230425,0,2,0,32,24
81.83333333333333,-56.80193922883643,-10.452042164884023,1.5061634207784422,0.0,0.0,0.0,1.0,0.0,0.15,UNOBSERVED_BODY_ENVELOPE,0.7110185571230425,0,2,0,32,24
81.85,-56.80193922883643,-10.452042164884023,1.5061634207784422,0.0,0.0,0.0,1.0,0.0,0.15,UNOBSERVED_BODY_ENVELOPE,0.7110185571230425,0,2,0,32,24
81.86666666666666,-56.80193922883643,-10.452042164884023,1.5061634207784422,0.0,0.0,0.0,1.0,0.0,0.15,UNOBSERVED_BODY_ENVELOPE,0.7110185571230425,0,2,0,32,24
81.88333333333334,-56.80193922883643,-10.452042164884023,1.5061634207784422,0.0,0.0,0.0,1.0,0.0,0.15,UNOBSERVED_BODY_ENVELOPE,0.7110185571230425,0,2,0,32,24
81.9,-56.80193922883643,-10.452042164884023,1.5061634207784422,0.0,0.0,0.0,1.0,0.0,0.15,UNOBSERVED_BODY_ENVELOPE,0.7110185571230425,0,2,0,32,24
81.91666666666667,-56.80193922883643,-10.452042164884023,1.5061634207784422,0.0,0.0,0.0,1.0,0.0,0.15,UNOBSERVED_BODY_ENVELOPE,0.7110185571230425,0,2,0,32,24
81.93333333333334,-56.80193922883643,-10.452042164884023,1.5061634207784422,0.0,0.0,0.0,1.0,0.0,0.15,UNOBSERVED_BODY_ENVELOPE,0.7110185571230425,0,2,0,32,24
81.95,-56.80193922883643,-10.452042164884023,1.5061634207784422,0.0,0.0,0.0,1.0,0.0,0.15,UNOBSERVED_BODY_ENVELOPE,0.7110185571230425,0,2,0,32,24
81.96666666666667,-56.80193922883643,-10.452042164884023,1.5061634207784422,0.0,0.0,0.0,1.0,0.0,0.15,UNOBSERVED_BODY_ENVELOPE,0.7110185571230425,0,2,0,32,24
81.98333333333333,-56.80193922883643,-10.452042164884023,1.5061634207784422,0.0,0.0,0.0,1.0,0.0,0.15,UNOBSERVED_BODY_ENVELOPE,0.7110185571230425,0,2,0,32,24
82.0,-56.80193922883643,-10.452042164884023,1.5061634207784422,0.0,0.0,0.0,1.0,0.0,0.15,UNOBSERVED_BODY_ENVELOPE,0.7110185571230425,0,2,0,32,24
82.01666666666667,-56.80193922883643,-10.452042164884023,1.5061634207784422,0.0,0.0,0.0,1.0,0.0,0.15,UNOBSERVED_BODY_ENVELOPE,0.7110185571230425,0,2,0,32,24
82.03333333333333,-56.80193922883643,-10.452042164884023,1.5061634207784422,0.0,0.0,0.0,1.0,0.0,0.15,UNOBSERVED_BODY_ENVELOPE,0.7110185571230425,0,2,0,32,24
82.05,-56.80193922883643,-10.452042164884023,1.5061634207784422,0.0,0.0,0.0,1.0,0.0,0.15,UNOBSERVED_BODY_ENVELOPE,0.7110185571230425,0,2,0,32,24
82.06666666666666,-56.80193922883643,-10.452042164884023,1.5061634207784422,0.0,0.0,0.0,1.0,0.0,0.15,UNOBSERVED_BODY_ENVELOPE,0.7110185571230425,0,2,0,32,24
82.08333333333333,-56.80193922883643,-10.452042164884023,1.5061634207784422,0.0,0.0,0.0,1.0,0.0,0.15,UNOBSERVED_BODY_ENVELOPE,0.7110185571230425,0,2,0,32,24
82.1,-56.80193922883643,-10.452042164884023,1.5061634207784422,0.0,0.0,0.0,1.0,0.0,0.15,UNOBSERVED_BODY_ENVELOPE,0.7110185571230425,0,2,0,32,24
82.11666666666666,-56.80193922883643,-10.452042164884023,1.5061634207784422,0.0,0.0,0.0,1.0,0.0,0.15,UNOBSERVED_BODY_ENVELOPE,0.7110185571230425,0,2,0,32,24
82.13333333333334,-56.80193922883643,-10.452042164884023,1.5061634207784422,0.0,0.0,0.0,1.0,0.0,0.15,UNOBSERVED_BODY_ENVELOPE,0.7110185571230425,0,2,0,32,24
82.15,-56.80193922883643,-10.452042164884023,1.5061634207784422,0.0,0.0,0.0,1.0,0.0,0.15,UNOBSERVED_BODY_ENVELOPE,0.7110185571230425,0,2,0,32,24
82.16666666666667,-56.80193922883643,-10.452042164884023,1.5061634207784422,0.0,0.0,0.0,1.0,0.0,0.15,UNOBSERVED_BODY_ENVELOPE,0.7110185571230425,0,2,0,32,24
82.18333333333334,-56.80193922883643,-10.452042164884023,1.5061634207784422,0.0,0.0,0.0,1.0,0.0,0.15,UNOBSERVED_BODY_ENVELOPE,0.7110185571230425,0,2,0,32,24
82.2,-56.80193922883643,-10.452042164884023,1.5061634207784422,0.0,0.0,0.0,1.0,0.0,0.15,UNOBSERVED_BODY_ENVELOPE,0.7110185571230425,0,2,0,32,24
82.21666666666667,-56.80193922883643,-10.452042164884023,1.5061634207784422,0.0,0.0,0.0,1.0,0.0,0.15,UNOBSERVED_BODY_ENVELOPE,0.7110185571230425,0,2,0,32,24
82.23333333333333,-56.80193922883643,-10.452042164884023,1.5061634207784422,0.0,0.0,0.0,1.0,0.0,0.15,UNOBSERVED_BODY_ENVELOPE,0.7110185571230425,0,2,0,32,24
82.25,-56.80193922883643,-10.452042164884023,1.5061634207784422,0.0,0.0,0.0,1.0,0.0,0.15,UNOBSERVED_BODY_ENVELOPE,0.7110185571230425,0,2,0,32,24
82.26666666666667,-56.80193922883643,-10.452042164884023,1.5061634207784422,0.0,0.0,0.0,1.0,0.0,0.15,UNOBSERVED_BODY_ENVELOPE,0.7110185571230425,0,2,0,32,24
82.28333333333333,-56.80193922883643,-10.452042164884023,1.5061634207784422,0.0,0.0,0.0,1.0,0.0,0.15,UNOBSERVED_BODY_ENVELOPE,0.7110185571230425,0,2,0,32,24
82.3,-56.80193922883643,-10.452042164884023,1.5061634207784422,0.0,0.0,0.0,1.0,0.0,0.15,UNOBSERVED_BODY_ENVELOPE,0.7110185571230425,0,2,0,32,24
82.31666666666666,-56.80193922883643,-10.452042164884023,1.5061634207784422,0.0,0.0,0.0,1.0,0.0,0.15,UNOBSERVED_BODY_ENVELOPE,0.7110185571230425,0,2,0,32,24
82.33333333333333,-56.80193922883643,-10.452042164884023,1.5061634207784422,0.0,0.0,0.0,1.0,0.0,0.15,UNOBSERVED_BODY_ENVELOPE,0.7110185571230425,0,2,0,32,24
82.35,-56.80193922883643,-10.452042164884023,1.5061634207784422,0.0,0.0,0.0,1.0,0.0,0.15,UNOBSERVED_BODY_ENVELOPE,0.7110185571230425,0,2,0,32,24
82.36666666666666,-56.80193922883643,-10.452042164884023,1.5061634207784422,0.0,0.0,0.0,1.0,0.0,0.15,UNOBSERVED_BODY_ENVELOPE,0.7110185571230425,0,2,0,32,24
82.38333333333334,-56.80193922883643,-10.452042164884023,1.5061634207784422,0.0,0.0,0.0,1.0,0.0,0.15,UNOBSERVED_BODY_ENVELOPE,0.7110185571230425,0,2,0,32,24
82.4,-56.80193922883643,-10.452042164884023,1.5061634207784422,0.0,0.0,0.0,1.0,0.0,0.15,UNOBSERVED_BODY_ENVELOPE,0.7110185571230425,0,2,0,32,24
82.41666666666667,-56.80193922883643,-10.452042164884023,1.5061634207784422,0.0,0.0,0.0,1.0,0.0,0.15,UNOBSERVED_BODY_ENVELOPE,0.7110185571230425,0,2,0,32,24
82.43333333333334,-56.80193922883643,-10.452042164884023,1.5061634207784422,0.0,0.0,0.0,1.0,0.0,0.15,UNOBSERVED_BODY_ENVELOPE,0.7110185571230425,0,2,0,32,24
82.45,-56.80193922883643,-10.452042164884023,1.5061634207784422,0.0,0.0,0.0,1.0,0.0,0.15,UNOBSERVED_BODY_ENVELOPE,0.7110185571230425,0,2,0,32,24
82.46666666666667,-56.80193922883643,-10.452042164884023,1.5061634207784422,0.0,0.0,0.0,1.0,0.0,0.15,UNOBSERVED_BODY_ENVELOPE,0.7110185571230425,0,2,0,32,24
82.48333333333333,-56.80193922883643,-10.452042164884023,1.5061634207784422,0.0,0.0,0.0,1.0,0.0,0.15,UNOBSERVED_BODY_ENVELOPE,0.7110185571230425,0,2,0,32,24
82.5,-56.80193922883643,-10.452042164884023,1.5061634207784422,0.0,0.0,0.0,1.0,0.0,0.15,UNOBSERVED_BODY_ENVELOPE,0.7110185571230425,0,2,0,32,24
82.51666666666667,-56.80193922883643,-10.452042164884023,1.5061634207784422,0.0,0.0,0.0,1.0,0.0,0.15,UNOBSERVED_BODY_ENVELOPE,0.7110185571230425,0,2,0,32,24
82.53333333333333,-56.80193922883643,-10.452042164884023,1.5061634207784422,0.0,0.0,0.0,1.0,0.0,0.15,UNOBSERVED_BODY_ENVELOPE,0.7110185571230425,0,2,0,32,24
82.55,-56.80193922883643,-10.452042164884023,1.5061634207784422,0.0,0.0,0.0,1.0,0.0,0.15,UNOBSERVED_BODY_ENVELOPE,0.7110185571230425,0,2,0,32,24
82.56666666666666,-56.80193922883643,-10.452042164884023,1.5061634207784422,0.0,0.0,0.0,1.0,0.0,0.15,UNOBSERVED_BODY_ENVELOPE,0.7110185571230425,0,2,0,32,24
82.58333333333333,-56.80193922883643,-10.452042164884023,1.5061634207784422,0.0,0.0,0.0,1.0,0.0,0.15,UNOBSERVED_BODY_ENVELOPE,0.7110185571230425,0,2,0,32,24
82.6,-56.80193922883643,-10.452042164884023,1.5061634207784422,0.0,0.0,0.0,1.0,0.0,0.15,UNOBSERVED_BODY_ENVELOPE,0.7110185571230425,0,2,0,32,24
82.61666666666666,-56.80193922883643,-10.452042164884023,1.5061634207784422,0.0,0.0,0.0,1.0,0.0,0.15,UNOBSERVED_BODY_ENVELOPE,0.7110185571230425,0,2,0,32,24
82.63333333333334,-56.80193922883643,-10.452042164884023,1.5061634207784422,0.0,0.0,0.0,1.0,0.0,0.15,UNOBSERVED_BODY_ENVELOPE,0.7110185571230425,0,2,0,32,24
82.65,-56.80193922883643,-10.452042164884023,1.5061634207784422,0.0,0.0,0.0,1.0,0.0,0.15,UNOBSERVED_BODY_ENVELOPE,0.7110185571230425,0,2,0,32,24
82.66666666666667,-56.80193922883643,-10.452042164884023,1.5061634207784422,0.0,0.0,0.0,1.0,0.0,0.15,UNOBSERVED_BODY_ENVELOPE,0.7110185571230425,0,2,0,32,24
82.68333333333334,-56.80193922883643,-10.452042164884023,1.5061634207784422,0.0,0.0,0.0,1.0,0.0,0.15,UNOBSERVED_BODY_ENVELOPE,0.7110185571230425,0,2,0,32,24
82.7,-56.80193922883643,-10.452042164884023,1.5061634207784422,0.0,0.0,0.0,1.0,0.0,0.15,UNOBSERVED_BODY_ENVELOPE,0.7110185571230425,0,2,0,32,24
82.71666666666667,-56.80193922883643,-10.452042164884023,1.5061634207784422,0.0,0.0,0.0,1.0,0.0,0.15,UNOBSERVED_BODY_ENVELOPE,0.7110185571230425,0,2,0,32,24
82.73333333333333,-56.80193922883643,-10.452042164884023,1.5061634207784422,0.0,0.0,0.0,1.0,0.0,0.15,UNOBSERVED_BODY_ENVELOPE,0.7110185571230425,0,2,0,32,24
82.75,-56.80193922883643,-10.452042164884023,1.5061634207784422,0.0,0.0,0.0,1.0,0.0,0.15,UNOBSERVED_BODY_ENVELOPE,0.7110185571230425,0,2,0,32,24
82.76666666666667,-56.80193922883643,-10.452042164884023,1.5061634207784422,0.0,0.0,0.0,1.0,0.0,0.15,UNOBSERVED_BODY_ENVELOPE,0.7110185571230425,0,2,0,32,24
82.78333333333333,-56.80193922883643,-10.452042164884023,1.5061634207784422,0.0,0.0,0.0,1.0,0.0,0.15,UNOBSERVED_BODY_ENVELOPE,0.7110185571230425,0,2,0,32,24
82.8,-56.80193922883643,-10.452042164884023,1.5061634207784422,0.0,0.0,0.0,1.0,0.0,0.15,UNOBSERVED_BODY_ENVELOPE,0.7110185571230425,0,2,0,32,24
82.81666666666666,-56.80193922883643,-10.452042164884023,1.5061634207784422,0.0,0.0,0.0,1.0,0.0,0.15,UNOBSERVED_BODY_ENVELOPE,0.7110185571230425,0,2,0,32,24
82.83333333333333,-56.80193922883643,-10.452042164884023,1.5061634207784422,0.0,0.0,0.0,1.0,0.0,0.15,UNOBSERVED_BODY_ENVELOPE,0.7110185571230425,0,2,0,32,24
82.85,-56.80193922883643,-10.452042164884023,1.5061634207784422,0.0,0.0,0.0,1.0,0.0,0.15,UNOBSERVED_BODY_ENVELOPE,0.7110185571230425,0,2,0,32,24
82.86666666666666,-56.80193922883643,-10.452042164884023,1.5061634207784422,0.0,0.0,0.0,1.0,0.0,0.15,UNOBSERVED_BODY_ENVELOPE,0.7110185571230425,0,2,0,32,24
82.88333333333334,-56.80193922883643,-10.452042164884023,1.5061634207784422,0.0,0.0,0.0,1.0,0.0,0.15,UNOBSERVED_BODY_ENVELOPE,0.7110185571230425,0,2,0,32,24
82.9,-56.80193922883643,-10.452042164884023,1.5061634207784422,0.0,0.0,0.0,1.0,0.0,0.15,UNOBSERVED_BODY_ENVELOPE,0.7110185571230425,0,2,0,32,24
82.91666666666667,-56.80193922883643,-10.452042164884023,1.5061634207784422,0.0,0.0,0.0,1.0,0.0,0.15,UNOBSERVED_BODY_ENVELOPE,0.7110185571230425,0,2,0,32,24
82.93333333333334,-56.80193922883643,-10.452042164884023,1.5061634207784422,0.0,0.0,0.0,1.0,0.0,0.15,UNOBSERVED_BODY_ENVELOPE,0.7110185571230425,0,2,0,32,24
82.95,-56.80193922883643,-10.452042164884023,1.5061634207784422,0.0,0.0,0.0,1.0,0.0,0.15,UNOBSERVED_BODY_ENVELOPE,0.7110185571230425,0,2,0,32,24
82.96666666666667,-56.80193922883643,-10.452042164884023,1.5061634207784422,0.0,0.0,0.0,1.0,0.0,0.15,UNOBSERVED_BODY_ENVELOPE,0.7110185571230425,0,2,0,32,24
82.98333333333333,-56.80193922883643,-10.452042164884023,1.5061634207784422,0.0,0.0,0.0,1.0,0.0,0.15,UNOBSERVED_BODY_ENVELOPE,0.7110185571230425,0,2,0,32,24
83.0,-56.80193922883643,-10.452042164884023,1.5061634207784422,0.0,0.0,0.0,1.0,0.0,0.15,UNOBSERVED_BODY_ENVELOPE,0.7110185571230425,0,2,0,32,24
83.01666666666667,-56.80193922883643,-10.452042164884023,1.5061634207784422,0.0,0.0,0.0,1.0,0.0,0.15,UNOBSERVED_BODY_ENVELOPE,0.7110185571230425,0,2,0,32,24
83.03333333333333,-56.80193922883643,-10.452042164884023,1.5061634207784422,0.0,0.0,0.0,1.0,0.0,0.15,UNOBSERVED_BODY_ENVELOPE,0.7110185571230425,0,2,0,32,24
83.05,-56.80193922883643,-10.452042164884023,1.5061634207784422,0.0,0.0,0.0,1.0,0.0,0.15,UNOBSERVED_BODY_ENVELOPE,0.7110185571230425,0,2,0,32,24
83.06666666666666,-56.80193922883643,-10.452042164884023,1.5061634207784422,0.0,0.0,0.0,1.0,0.0,0.15,UNOBSERVED_BODY_ENVELOPE,0.7110185571230425,0,2,0,32,24
83.08333333333333,-56.80193922883643,-10.452042164884023,1.5061634207784422,0.0,0.0,0.0,1.0,0.0,0.15,UNOBSERVED_BODY_ENVELOPE,0.7110185571230425,0,2,0,32,24
83.1,-56.80193922883643,-10.452042164884023,1.5061634207784422,0.0,0.0,0.0,1.0,0.0,0.15,UNOBSERVED_BODY_ENVELOPE,0.7110185571230425,0,2,0,32,24
83.11666666666666,-56.80193922883643,-10.452042164884023,1.5061634207784422,0.0,0.0,0.0,1.0,0.0,0.15,UNOBSERVED_BODY_ENVELOPE,0.7110185571230425,0,2,0,32,24
83.13333333333334,-56.80193922883643,-10.452042164884023,1.5061634207784422,0.0,0.0,0.0,1.0,0.0,0.15,UNOBSERVED_BODY_ENVELOPE,0.7110185571230425,0,2,0,32,24
83.15,-56.80193922883643,-10.452042164884023,1.5061634207784422,0.0,0.0,0.0,1.0,0.0,0.15,UNOBSERVED_BODY_ENVELOPE,0.7110185571230425,0,2,0,32,24
83.16666666666667,-56.80193922883643,-10.452042164884023,1.5061634207784422,0.0,0.0,0.0,1.0,0.0,0.15,UNOBSERVED_BODY_ENVELOPE,0.7110185571230425,0,2,0,32,24
83.18333333333334,-56.80193922883643,-10.452042164884023,1.5061634207784422,0.0,0.0,0.0,1.0,0.0,0.15,UNOBSERVED_BODY_ENVELOPE,0.7110185571230425,0,2,0,32,24
83.2,-56.80193922883643,-10.452042164884023,1.5061634207784422,0.0,0.0,0.0,1.0,0.0,0.15,UNOBSERVED_BODY_ENVELOPE,0.7110185571230425,0,2,0,32,24
83.21666666666667,-56.80193922883643,-10.452042164884023,1.5061634207784422,0.0,0.0,0.0,1.0,0.0,0.15,UNOBSERVED_BODY_ENVELOPE,0.7110185571230425,0,2,0,32,24
83.23333333333333,-56.80193922883643,-10.452042164884023,1.5061634207784422,0.0,0.0,0.0,1.0,0.0,0.15,UNOBSERVED_BODY_ENVELOPE,0.7110185571230425,0,2,0,32,24
83.25,-56.80193922883643,-10.452042164884023,1.5061634207784422,0.0,0.0,0.0,1.0,0.0,0.15,UNOBSERVED_BODY_ENVELOPE,0.7110185571230425,0,2,0,32,24
83.26666666666667,-56.80193922883643,-10.452042164884023,1.5061634207784422,0.0,0.0,0.0,1.0,0.0,0.15,UNOBSERVED_BODY_ENVELOPE,0.7110185571230425,0,2,0,32,24
83.28333333333333,-56.80193922883643,-10.452042164884023,1.5061634207784422,0.0,0.0,0.0,1.0,0.0,0.15,UNOBSERVED_BODY_ENVELOPE,0.7110185571230425,0,2,0,32,24
83.3,-56.80193922883643,-10.452042164884023,1.5061634207784422,0.0,0.0,0.0,1.0,0.0,0.15,UNOBSERVED_BODY_ENVELOPE,0.7110185571230425,0,2,0,32,24
83.31666666666666,-56.80193922883643,-10.452042164884023,1.5061634207784422,0.0,0.0,0.0,1.0,0.0,0.15,UNOBSERVED_BODY_ENVELOPE,0.7110185571230425,0,2,0,32,24
83.33333333333333,-56.80193922883643,-10.452042164884023,1.5061634207784422,0.0,0.0,0.0,1.0,0.0,0.15,UNOBSERVED_BODY_ENVELOPE,0.7110185571230425,0,2,0,32,24
83.35,-56.80193922883643,-10.452042164884023,1.5061634207784422,0.0,0.0,0.0,1.0,0.0,0.15,UNOBSERVED_BODY_ENVELOPE,0.7110185571230425,0,2,0,32,24
83.36666666666666,-56.80193922883643,-10.452042164884023,1.5061634207784422,0.0,0.0,0.0,1.0,0.0,0.15,UNOBSERVED_BODY_ENVELOPE,0.7110185571230425,0,2,0,32,24
83.38333333333334,-56.80193922883643,-10.452042164884023,1.5061634207784422,0.0,0.0,0.0,1.0,0.0,0.15,UNOBSERVED_BODY_ENVELOPE,0.7110185571230425,0,2,0,32,24
83.4,-56.80193922883643,-10.452042164884023,1.5061634207784422,0.0,0.0,0.0,1.0,0.0,0.15,UNOBSERVED_BODY_ENVELOPE,0.7110185571230425,0,2,0,32,24
83.41666666666667,-56.80193922883643,-10.452042164884023,1.5061634207784422,0.0,0.0,0.0,1.0,0.0,0.15,UNOBSERVED_BODY_ENVELOPE,0.7110185571230425,0,2,0,32,24
83.43333333333334,-56.80193922883643,-10.452042164884023,1.5061634207784422,0.0,0.0,0.0,1.0,0.0,0.15,UNOBSERVED_BODY_ENVELOPE,0.7110185571230425,0,2,0,32,24
83.45,-56.80193922883643,-10.452042164884023,1.5061634207784422,0.0,0.0,0.0,1.0,0.0,0.15,UNOBSERVED_BODY_ENVELOPE,0.7110185571230425,0,2,0,32,24
83.46666666666667,-56.80193922883643,-10.452042164884023,1.5061634207784422,0.0,0.0,0.0,1.0,0.0,0.15,UNOBSERVED_BODY_ENVELOPE,0.7110185571230425,0,2,0,32,24
83.48333333333333,-56.80193922883643,-10.452042164884023,1.5061634207784422,0.0,0.0,0.0,1.0,0.0,0.15,UNOBSERVED_BODY_ENVELOPE,0.7110185571230425,0,2,0,32,24
83.5,-56.80193922883643,-10.452042164884023,1.5061634207784422,0.0,0.0,0.0,1.0,0.0,0.15,UNOBSERVED_BODY_ENVELOPE,0.7110185571230425,0,2,0,32,24
83.51666666666667,-56.80193922883643,-10.452042164884023,1.5061634207784422,0.0,0.0,0.0,1.0,0.0,0.15,UNOBSERVED_BODY_ENVELOPE,0.7110185571230425,0,2,0,32,24
83.53333333333333,-56.80193922883643,-10.452042164884023,1.5061634207784422,0.0,0.0,0.0,1.0,0.0,0.15,UNOBSERVED_BODY_ENVELOPE,0.7110185571230425,0,2,0,32,24
83.55,-56.80193922883643,-10.452042164884023,1.5061634207784422,0.0,0.0,0.0,1.0,0.0,0.15,UNOBSERVED_BODY_ENVELOPE,0.7110185571230425,0,2,0,32,24
83.56666666666666,-56.80193922883643,-10.452042164884023,1.5061634207784422,0.0,0.0,0.0,1.0,0.0,0.15,UNOBSERVED_BODY_ENVELOPE,0.7110185571230425,0,2,0,32,24
83.58333333333333,-56.80193922883643,-10.452042164884023,1.5061634207784422,0.0,0.0,0.0,1.0,0.0,0.15,UNOBSERVED_BODY_ENVELOPE,0.7110185571230425,0,2,0,32,24
83.6,-56.80193922883643,-10.452042164884023,1.5061634207784422,0.0,0.0,0.0,1.0,0.0,0.15,UNOBSERVED_BODY_ENVELOPE,0.7110185571230425,0,2,0,32,24
83.61666666666666,-56.80193922883643,-10.452042164884023,1.5061634207784422,0.0,0.0,0.0,1.0,0.0,0.15,UNOBSERVED_BODY_ENVELOPE,0.7110185571230425,0,2,0,32,24
83.63333333333334,-56.80193922883643,-10.452042164884023,1.5061634207784422,0.0,0.0,0.0,1.0,0.0,0.15,UNOBSERVED_BODY_ENVELOPE,0.7110185571230425,0,2,0,32,24
83.65,-56.80193922883643,-10.452042164884023,1.5061634207784422,0.0,0.0,0.0,1.0,0.0,0.15,UNOBSERVED_BODY_ENVELOPE,0.7110185571230425,0,2,0,32,24
83.66666666666667,-56.80193922883643,-10.452042164884023,1.5061634207784422,0.0,0.0,0.0,1.0,0.0,0.15,UNOBSERVED_BODY_ENVELOPE,0.7110185571230425,0,2,0,32,24
83.68333333333334,-56.80193922883643,-10.452042164884023,1.5061634207784422,0.0,0.0,0.0,1.0,0.0,0.15,UNOBSERVED_BODY_ENVELOPE,0.7110185571230425,0,2,0,32,24
83.7,-56.80193922883643,-10.452042164884023,1.5061634207784422,0.0,0.0,0.0,1.0,0.0,0.15,UNOBSERVED_BODY_ENVELOPE,0.7110185571230425,0,2,0,32,24
83.71666666666667,-56.80193922883643,-10.452042164884023,1.5061634207784422,0.0,0.0,0.0,1.0,0.0,0.15,UNOBSERVED_BODY_ENVELOPE,0.7110185571230425,0,2,0,32,24
83.73333333333333,-56.80193922883643,-10.452042164884023,1.5061634207784422,0.0,0.0,0.0,1.0,0.0,0.15,UNOBSERVED_BODY_ENVELOPE,0.7110185571230425,0,2,0,32,24
83.75,-56.80193922883643,-10.452042164884023,1.5061634207784422,0.0,0.0,0.0,1.0,0.0,0.15,UNOBSERVED_BODY_ENVELOPE,0.7110185571230425,0,2,0,32,24
83.76666666666667,-56.80193922883643,-10.452042164884023,1.5061634207784422,0.0,0.0,0.0,1.0,0.0,0.15,UNOBSERVED_BODY_ENVELOPE,0.7110185571230425,0,2,0,32,24
83.78333333333333,-56.80193922883643,-10.452042164884023,1.5061634207784422,0.0,0.0,0.0,1.0,0.0,0.15,UNOBSERVED_BODY_ENVELOPE,0.7110185571230425,0,2,0,32,24
83.8,-56.80193922883643,-10.452042164884023,1.5061634207784422,0.0,0.0,0.0,1.0,0.0,0.15,UNOBSERVED_BODY_ENVELOPE,0.7110185571230425,0,2,0,32,24
83.81666666666666,-56.80193922883643,-10.452042164884023,1.5061634207784422,0.0,0.0,0.0,1.0,0.0,0.15,UNOBSERVED_BODY_ENVELOPE,0.7110185571230425,0,2,0,32,24
83.83333333333333,-56.80193922883643,-10.452042164884023,1.5061634207784422,0.0,0.0,0.0,1.0,0.0,0.15,UNOBSERVED_BODY_ENVELOPE,0.7110185571230425,0,2,0,32,24
83.85,-56.80193922883643,-10.452042164884023,1.5061634207784422,0.0,0.0,0.0,1.0,0.0,0.15,UNOBSERVED_BODY_ENVELOPE,0.7110185571230425,0,2,0,32,24
83.86666666666666,-56.80193922883643,-10.452042164884023,1.5061634207784422,0.0,0.0,0.0,1.0,0.0,0.15,UNOBSERVED_BODY_ENVELOPE,0.7110185571230425,0,2,0,32,24
83.88333333333334,-56.80193922883643,-10.452042164884023,1.5061634207784422,0.0,0.0,0.0,1.0,0.0,0.15,UNOBSERVED_BODY_ENVELOPE,0.7110185571230425,0,2,0,32,24
83.9,-56.80193922883643,-10.452042164884023,1.5061634207784422,0.0,0.0,0.0,1.0,0.0,0.15,UNOBSERVED_BODY_ENVELOPE,0.7110185571230425,0,2,0,32,24
83.91666666666667,-56.80193922883643,-10.452042164884023,1.5061634207784422,0.0,0.0,0.0,1.0,0.0,0.15,UNOBSERVED_BODY_ENVELOPE,0.7110185571230425,0,2,0,32,24
83.93333333333334,-56.80193922883643,-10.452042164884023,1.5061634207784422,0.0,0.0,0.0,1.0,0.0,0.15,UNOBSERVED_BODY_ENVELOPE,0.7110185571230425,0,2,0,32,24
83.95,-56.80193922883643,-10.452042164884023,1.5061634207784422,0.0,0.0,0.0,1.0,0.0,0.15,UNOBSERVED_BODY_ENVELOPE,0.7110185571230425,0,2,0,32,24
83.96666666666667,-56.80193922883643,-10.452042164884023,1.5061634207784422,0.0,0.0,0.0,1.0,0.0,0.15,UNOBSERVED_BODY_ENVELOPE,0.7110185571230425,0,2,0,32,24
83.98333333333333,-56.80193922883643,-10.452042164884023,1.5061634207784422,0.0,0.0,0.0,1.0,0.0,0.15,UNOBSERVED_BODY_ENVELOPE,0.7110185571230425,0,2,0,32,24
84.0,-56.80193922883643,-10.452042164884023,1.5061634207784422,0.0,0.0,0.0,1.0,0.0,0.15,UNOBSERVED_BODY_ENVELOPE,0.7110185571230425,0,2,0,32,24
84.01666666666667,-56.80193922883643,-10.452042164884023,1.5061634207784422,0.0,0.0,0.0,1.0,0.0,0.15,UNOBSERVED_BODY_ENVELOPE,0.7110185571230425,0,2,0,32,24
84.03333333333333,-56.80193922883643,-10.452042164884023,1.5061634207784422,0.0,0.0,0.0,1.0,0.0,0.15,UNOBSERVED_BODY_ENVELOPE,0.7110185571230425,0,2,0,32,24
84.05,-56.80193922883643,-10.452042164884023,1.5061634207784422,0.0,0.0,0.0,1.0,0.0,0.15,UNOBSERVED_BODY_ENVELOPE,0.7110185571230425,0,2,0,32,24
84.06666666666666,-56.80193922883643,-10.452042164884023,1.5061634207784422,0.0,0.0,0.0,1.0,0.0,0.15,UNOBSERVED_BODY_ENVELOPE,0.7110185571230425,0,2,0,32,24
84.08333333333333,-56.80193922883643,-10.452042164884023,1.5061634207784422,0.0,0.0,0.0,1.0,0.0,0.15,UNOBSERVED_BODY_ENVELOPE,0.7110185571230425,0,2,0,32,24
84.1,-56.80193922883643,-10.452042164884023,1.5061634207784422,0.0,0.0,0.0,1.0,0.0,0.15,UNOBSERVED_BODY_ENVELOPE,0.7110185571230425,0,2,0,32,24
84.11666666666666,-56.80193922883643,-10.452042164884023,1.5061634207784422,0.0,0.0,0.0,1.0,0.0,0.15,UNOBSERVED_BODY_ENVELOPE,0.7110185571230425,0,2,0,32,24
84.13333333333334,-56.80193922883643,-10.452042164884023,1.5061634207784422,0.0,0.0,0.0,1.0,0.0,0.15,UNOBSERVED_BODY_ENVELOPE,0.7110185571230425,0,2,0,32,24
84.15,-56.80193922883643,-10.452042164884023,1.5061634207784422,0.0,0.0,0.0,1.0,0.0,0.15,UNOBSERVED_BODY_ENVELOPE,0.7110185571230425,0,2,0,32,24
84.16666666666667,-56.80193922883643,-10.452042164884023,1.5061634207784422,0.0,0.0,0.0,1.0,0.0,0.15,UNOBSERVED_BODY_ENVELOPE,0.7110185571230425,0,2,0,32,24
84.18333333333334,-56.80193922883643,-10.452042164884023,1.5061634207784422,0.0,0.0,0.0,1.0,0.0,0.15,UNOBSERVED_BODY_ENVELOPE,0.7110185571230425,0,2,0,32,24
84.2,-56.80193922883643,-10.452042164884023,1.5061634207784422,0.0,0.0,0.0,1.0,0.0,0.15,UNOBSERVED_BODY_ENVELOPE,0.7110185571230425,0,2,0,32,24
84.21666666666667,-56.80193922883643,-10.452042164884023,1.5061634207784422,0.0,0.0,0.0,1.0,0.0,0.15,UNOBSERVED_BODY_ENVELOPE,0.7110185571230425,0,2,0,32,24
84.23333333333333,-56.80193922883643,-10.452042164884023,1.5061634207784422,0.0,0.0,0.0,1.0,0.0,0.15,UNOBSERVED_BODY_ENVELOPE,0.7110185571230425,0,2,0,32,24
84.25,-56.80193922883643,-10.452042164884023,1.5061634207784422,0.0,0.0,0.0,1.0,0.0,0.15,UNOBSERVED_BODY_ENVELOPE,0.7110185571230425,0,2,0,32,24
84.26666666666667,-56.80193922883643,-10.452042164884023,1.5061634207784422,0.0,0.0,0.0,1.0,0.0,0.15,UNOBSERVED_BODY_ENVELOPE,0.7110185571230425,0,2,0,32,24
84.28333333333333,-56.80193922883643,-10.452042164884023,1.5061634207784422,0.0,0.0,0.0,1.0,0.0,0.15,UNOBSERVED_BODY_ENVELOPE,0.7110185571230425,0,2,0,32,24
84.3,-56.80193922883643,-10.452042164884023,1.5061634207784422,0.0,0.0,0.0,1.0,0.0,0.15,UNOBSERVED_BODY_ENVELOPE,0.7110185571230425,0,2,0,32,24
84.31666666666666,-56.80193922883643,-10.452042164884023,1.5061634207784422,0.0,0.0,0.0,1.0,0.0,0.15,UNOBSERVED_BODY_ENVELOPE,0.7110185571230425,0,2,0,32,24
84.33333333333333,-56.80193922883643,-10.452042164884023,1.5061634207784422,0.0,0.0,0.0,1.0,0.0,0.15,UNOBSERVED_BODY_ENVELOPE,0.7110185571230425,0,2,0,32,24
84.35,-56.80193922883643,-10.452042164884023,1.5061634207784422,0.0,0.0,0.0,1.0,0.0,0.15,UNOBSERVED_BODY_ENVELOPE,0.7110185571230425,0,2,0,32,24
84.36666666666666,-56.80193922883643,-10.452042164884023,1.5061634207784422,0.0,0.0,0.0,1.0,0.0,0.15,UNOBSERVED_BODY_ENVELOPE,0.7110185571230425,0,2,0,32,24
84.38333333333334,-56.80193922883643,-10.452042164884023,1.5061634207784422,0.0,0.0,0.0,1.0,0.0,0.15,UNOBSERVED_BODY_ENVELOPE,0.7110185571230425,0,2,0,32,24
84.4,-56.80193922883643,-10.452042164884023,1.5061634207784422,0.0,0.0,0.0,1.0,0.0,0.15,UNOBSERVED_BODY_ENVELOPE,0.7110185571230425,0,2,0,32,24
84.41666666666667,-56.80193922883643,-10.452042164884023,1.5061634207784422,0.0,0.0,0.0,1.0,0.0,0.15,UNOBSERVED_BODY_ENVELOPE,0.7110185571230425,0,2,0,32,24
84.43333333333334,-56.80193922883643,-10.452042164884023,1.5061634207784422,0.0,0.0,0.0,1.0,0.0,0.15,UNOBSERVED_BODY_ENVELOPE,0.7110185571230425,0,2,0,32,24
84.45,-56.80193922883643,-10.452042164884023,1.5061634207784422,0.0,0.0,0.0,1.0,0.0,0.15,UNOBSERVED_BODY_ENVELOPE,0.7110185571230425,0,2,0,32,24
84.46666666666667,-56.80193922883643,-10.452042164884023,1.5061634207784422,0.0,0.0,0.0,1.0,0.0,0.15,UNOBSERVED_BODY_ENVELOPE,0.7110185571230425,0,2,0,32,24
84.48333333333333,-56.80193922883643,-10.452042164884023,1.5061634207784422,0.0,0.0,0.0,1.0,0.0,0.15,UNOBSERVED_BODY_ENVELOPE,0.7110185571230425,0,2,0,32,24
84.5,-56.80193922883643,-10.452042164884023,1.5061634207784422,0.0,0.0,0.0,1.0,0.0,0.15,UNOBSERVED_BODY_ENVELOPE,0.7110185571230425,0,2,0,32,24
84.51666666666667,-56.80193922883643,-10.452042164884023,1.5061634207784422,0.0,0.0,0.0,1.0,0.0,0.15,UNOBSERVED_BODY_ENVELOPE,0.7110185571230425,0,2,0,32,24
84.53333333333333,-56.80193922883643,-10.452042164884023,1.5061634207784422,0.0,0.0,0.0,1.0,0.0,0.15,UNOBSERVED_BODY_ENVELOPE,0.7110185571230425,0,2,0,32,24
84.55,-56.80193922883643,-10.452042164884023,1.5061634207784422,0.0,0.0,0.0,1.0,0.0,0.15,UNOBSERVED_BODY_ENVELOPE,0.7110185571230425,0,2,0,32,24
84.56666666666666,-56.80193922883643,-10.452042164884023,1.5061634207784422,0.0,0.0,0.0,1.0,0.0,0.15,UNOBSERVED_BODY_ENVELOPE,0.7110185571230425,0,2,0,32,24
84.58333333333333,-56.80193922883643,-10.452042164884023,1.5061634207784422,0.0,0.0,0.0,1.0,0.0,0.15,UNOBSERVED_BODY_ENVELOPE,0.7110185571230425,0,2,0,32,24
84.6,-56.80193922883643,-10.452042164884023,1.5061634207784422,0.0,0.0,0.0,1.0,0.0,0.15,UNOBSERVED_BODY_ENVELOPE,0.7110185571230425,0,2,0,32,24
84.61666666666666,-56.80193922883643,-10.452042164884023,1.5061634207784422,0.0,0.0,0.0,1.0,0.0,0.15,UNOBSERVED_BODY_ENVELOPE,0.7110185571230425,0,2,0,32,24
84.63333333333334,-56.80193922883643,-10.452042164884023,1.5061634207784422,0.0,0.0,0.0,1.0,0.0,0.15,UNOBSERVED_BODY_ENVELOPE,0.7110185571230425,0,2,0,32,24
84.65,-56.80193922883643,-10.452042164884023,1.5061634207784422,0.0,0.0,0.0,1.0,0.0,0.15,UNOBSERVED_BODY_ENVELOPE,0.7110185571230425,0,2,0,32,24
84.66666666666667,-56.80193922883643,-10.452042164884023,1.5061634207784422,0.0,0.0,0.0,1.0,0.0,0.15,UNOBSERVED_BODY_ENVELOPE,0.7110185571230425,0,2,0,32,24
84.68333333333334,-56.80193922883643,-10.452042164884023,1.5061634207784422,0.0,0.0,0.0,1.0,0.0,0.15,UNOBSERVED_BODY_ENVELOPE,0.7110185571230425,0,2,0,32,24
84.7,-56.80193922883643,-10.452042164884023,1.5061634207784422,0.0,0.0,0.0,1.0,0.0,0.15,UNOBSERVED_BODY_ENVELOPE,0.7110185571230425,0,2,0,32,24
84.71666666666667,-56.80193922883643,-10.452042164884023,1.5061634207784422,0.0,0.0,0.0,1.0,0.0,0.15,UNOBSERVED_BODY_ENVELOPE,0.7110185571230425,0,2,0,32,24
84.73333333333333,-56.80193922883643,-10.452042164884023,1.5061634207784422,0.0,0.0,0.0,1.0,0.0,0.15,UNOBSERVED_BODY_ENVELOPE,0.7110185571230425,0,2,0,32,24
84.75,-56.80193922883643,-10.452042164884023,1.5061634207784422,0.0,0.0,0.0,1.0,0.0,0.15,UNOBSERVED_BODY_ENVELOPE,0.7110185571230425,0,2,0,32,24
84.76666666666667,-56.80193922883643,-10.452042164884023,1.5061634207784422,0.0,0.0,0.0,1.0,0.0,0.15,UNOBSERVED_BODY_ENVELOPE,0.7110185571230425,0,2,0,32,24
84.78333333333333,-56.80193922883643,-10.452042164884023,1.5061634207784422,0.0,0.0,0.0,1.0,0.0,0.15,UNOBSERVED_BODY_ENVELOPE,0.7110185571230425,0,2,0,32,24
84.8,-56.80193922883643,-10.452042164884023,1.5061634207784422,0.0,0.0,0.0,1.0,0.0,0.15,UNOBSERVED_BODY_ENVELOPE,0.7110185571230425,0,2,0,32,24
84.81666666666666,-56.80193922883643,-10.452042164884023,1.5061634207784422,0.0,0.0,0.0,1.0,0.0,0.15,UNOBSERVED_BODY_ENVELOPE,0.7110185571230425,0,2,0,32,24
84.83333333333333,-56.80193922883643,-10.452042164884023,1.5061634207784422,0.0,0.0,0.0,1.0,0.0,0.15,UNOBSERVED_BODY_ENVELOPE,0.7110185571230425,0,2,0,32,24
84.85,-56.80193922883643,-10.452042164884023,1.5061634207784422,0.0,0.0,0.0,1.0,0.0,0.15,UNOBSERVED_BODY_ENVELOPE,0.7110185571230425,0,2,0,32,24
84.86666666666666,-56.80193922883643,-10.452042164884023,1.5061634207784422,0.0,0.0,0.0,1.0,0.0,0.15,UNOBSERVED_BODY_ENVELOPE,0.7110185571230425,0,2,0,32,24
84.88333333333334,-56.80193922883643,-10.452042164884023,1.5061634207784422,0.0,0.0,0.0,1.0,0.0,0.15,UNOBSERVED_BODY_ENVELOPE,0.7110185571230425,0,2,0,32,24
84.9,-56.80193922883643,-10.452042164884023,1.5061634207784422,0.0,0.0,0.0,1.0,0.0,0.15,UNOBSERVED_BODY_ENVELOPE,0.7110185571230425,0,2,0,32,24
84.91666666666667,-56.80193922883643,-10.452042164884023,1.5061634207784422,0.0,0.0,0.0,1.0,0.0,0.15,UNOBSERVED_BODY_ENVELOPE,0.7110185571230425,0,2,0,32,24
84.93333333333334,-56.80193922883643,-10.452042164884023,1.5061634207784422,0.0,0.0,0.0,1.0,0.0,0.15,UNOBSERVED_BODY_ENVELOPE,0.7110185571230425,0,2,0,32,24
84.95,-56.80193922883643,-10.452042164884023,1.5061634207784422,0.0,0.0,0.0,1.0,0.0,0.15,UNOBSERVED_BODY_ENVELOPE,0.7110185571230425,0,2,0,32,24
84.96666666666667,-56.80193922883643,-10.452042164884023,1.5061634207784422,0.0,0.0,0.0,1.0,0.0,0.15,UNOBSERVED_BODY_ENVELOPE,0.7110185571230425,0,2,0,32,24
84.98333333333333,-56.80193922883643,-10.452042164884023,1.5061634207784422,0.0,0.0,0.0,1.0,0.0,0.15,UNOBSERVED_BODY_ENVELOPE,0.7110185571230425,0,2,0,32,24
85.0,-56.80193922883643,-10.452042164884023,1.5061634207784422,0.0,0.0,0.0,1.0,0.0,0.15,UNOBSERVED_BODY_ENVELOPE,0.7110185571230425,0,2,0,32,24
85.01666666666667,-56.80193922883643,-10.452042164884023,1.5061634207784422,0.0,0.0,0.0,1.0,0.0,0.15,UNOBSERVED_BODY_ENVELOPE,0.7110185571230425,0,2,0,32,24
85.03333333333333,-56.80193922883643,-10.452042164884023,1.5061634207784422,0.0,0.0,0.0,1.0,0.0,0.15,UNOBSERVED_BODY_ENVELOPE,0.7110185571230425,0,2,0,32,24
85.05,-56.80193922883643,-10.452042164884023,1.5061634207784422,0.0,0.0,0.0,1.0,0.0,0.15,UNOBSERVED_BODY_ENVELOPE,0.7110185571230425,0,2,0,32,24
85.06666666666666,-56.80193922883643,-10.452042164884023,1.5061634207784422,0.0,0.0,0.0,1.0,0.0,0.15,UNOBSERVED_BODY_ENVELOPE,0.7110185571230425,0,2,0,32,24
85.08333333333333,-56.80193922883643,-10.452042164884023,1.5061634207784422,0.0,0.0,0.0,1.0,0.0,0.15,UNOBSERVED_BODY_ENVELOPE,0.7110185571230425,0,2,0,32,24
85.1,-56.80193922883643,-10.452042164884023,1.5061634207784422,0.0,0.0,0.0,1.0,0.0,0.15,UNOBSERVED_BODY_ENVELOPE,0.7110185571230425,0,2,0,32,24
85.11666666666666,-56.80193922883643,-10.452042164884023,1.5061634207784422,0.0,0.0,0.0,1.0,0.0,0.15,UNOBSERVED_BODY_ENVELOPE,0.7110185571230425,0,2,0,32,24
85.13333333333334,-56.80193922883643,-10.452042164884023,1.5061634207784422,0.0,0.0,0.0,1.0,0.0,0.15,UNOBSERVED_BODY_ENVELOPE,0.7110185571230425,0,2,0,32,24
85.15,-56.80193922883643,-10.452042164884023,1.5061634207784422,0.0,0.0,0.0,1.0,0.0,0.15,UNOBSERVED_BODY_ENVELOPE,0.7110185571230425,0,2,0,32,24
85.16666666666667,-56.80193922883643,-10.452042164884023,1.5061634207784422,0.0,0.0,0.0,1.0,0.0,0.15,UNOBSERVED_BODY_ENVELOPE,0.7110185571230425,0,2,0,32,24
85.18333333333334,-56.80193922883643,-10.452042164884023,1.5061634207784422,0.0,0.0,0.0,1.0,0.0,0.15,UNOBSERVED_BODY_ENVELOPE,0.7110185571230425,0,2,0,32,24
85.2,-56.80193922883643,-10.452042164884023,1.5061634207784422,0.0,0.0,0.0,1.0,0.0,0.15,UNOBSERVED_BODY_ENVELOPE,0.7110185571230425,0,2,0,32,24
85.21666666666667,-56.80193922883643,-10.452042164884023,1.5061634207784422,0.0,0.0,0.0,1.0,0.0,0.15,UNOBSERVED_BODY_ENVELOPE,0.7110185571230425,0,2,0,32,24
85.23333333333333,-56.80193922883643,-10.452042164884023,1.5061634207784422,0.0,0.0,0.0,1.0,0.0,0.15,UNOBSERVED_BODY_ENVELOPE,0.7110185571230425,0,2,0,32,24
85.25,-56.80193922883643,-10.452042164884023,1.5061634207784422,0.0,0.0,0.0,1.0,0.0,0.15,UNOBSERVED_BODY_ENVELOPE,0.7110185571230425,0,2,0,32,24
85.26666666666667,-56.80193922883643,-10.452042164884023,1.5061634207784422,0.0,0.0,0.0,1.0,0.0,0.15,UNOBSERVED_BODY_ENVELOPE,0.7110185571230425,0,2,0,32,24
85.28333333333333,-56.80193922883643,-10.452042164884023,1.5061634207784422,0.0,0.0,0.0,1.0,0.0,0.15,UNOBSERVED_BODY_ENVELOPE,0.7110185571230425,0,2,0,32,24
85.3,-56.80193922883643,-10.452042164884023,1.5061634207784422,0.0,0.0,0.0,1.0,0.0,0.15,UNOBSERVED_BODY_ENVELOPE,0.7110185571230425,0,2,0,32,24
85.31666666666666,-56.80193922883643,-10.452042164884023,1.5061634207784422,0.0,0.0,0.0,1.0,0.0,0.15,UNOBSERVED_BODY_ENVELOPE,0.7110185571230425,0,2,0,32,24
85.33333333333333,-56.80193922883643,-10.452042164884023,1.5061634207784422,0.0,0.0,0.0,1.0,0.0,0.15,UNOBSERVED_BODY_ENVELOPE,0.7110185571230425,0,2,0,32,24
85.35,-56.80193922883643,-10.452042164884023,1.5061634207784422,0.0,0.0,0.0,1.0,0.0,0.15,UNOBSERVED_BODY_ENVELOPE,0.7110185571230425,0,2,0,32,24
85.36666666666666,-56.80193922883643,-10.452042164884023,1.5061634207784422,0.0,0.0,0.0,1.0,0.0,0.15,UNOBSERVED_BODY_ENVELOPE,0.7110185571230425,0,2,0,32,24
85.38333333333334,-56.80193922883643,-10.452042164884023,1.5061634207784422,0.0,0.0,0.0,1.0,0.0,0.15,UNOBSERVED_BODY_ENVELOPE,0.7110185571230425,0,2,0,32,24
85.4,-56.80193922883643,-10.452042164884023,1.5061634207784422,0.0,0.0,0.0,1.0,0.0,0.15,UNOBSERVED_BODY_ENVELOPE,0.7110185571230425,0,2,0,32,24
85.41666666666667,-56.80193922883643,-10.452042164884023,1.5061634207784422,0.0,0.0,0.0,1.0,0.0,0.15,UNOBSERVED_BODY_ENVELOPE,0.7110185571230425,0,2,0,32,24
85.43333333333334,-56.80193922883643,-10.452042164884023,1.5061634207784422,0.0,0.0,0.0,1.0,0.0,0.15,UNOBSERVED_BODY_ENVELOPE,0.7110185571230425,0,2,0,32,24
85.45,-56.80193922883643,-10.452042164884023,1.5061634207784422,0.0,0.0,0.0,1.0,0.0,0.15,UNOBSERVED_BODY_ENVELOPE,0.7110185571230425,0,2,0,32,24
85.46666666666667,-56.80193922883643,-10.452042164884023,1.5061634207784422,0.0,0.0,0.0,1.0,0.0,0.15,UNOBSERVED_BODY_ENVELOPE,0.7110185571230425,0,2,0,32,24
85.48333333333333,-56.80193922883643,-10.452042164884023,1.5061634207784422,0.0,0.0,0.0,1.0,0.0,0.15,UNOBSERVED_BODY_ENVELOPE,0.7110185571230425,0,2,0,32,24
85.5,-56.80193922883643,-10.452042164884023,1.5061634207784422,0.0,0.0,0.0,1.0,0.0,0.15,UNOBSERVED_BODY_ENVELOPE,0.7110185571230425,0,2,0,32,24
85.51666666666667,-56.80193922883643,-10.452042164884023,1.5061634207784422,0.0,0.0,0.0,1.0,0.0,0.15,UNOBSERVED_BODY_ENVELOPE,0.7110185571230425,0,2,0,32,24
85.53333333333333,-56.80193922883643,-10.452042164884023,1.5061634207784422,0.0,0.0,0.0,1.0,0.0,0.15,UNOBSERVED_BODY_ENVELOPE,0.7110185571230425,0,2,0,32,24
85.55,-56.80193922883643,-10.452042164884023,1.5061634207784422,0.0,0.0,0.0,1.0,0.0,0.15,UNOBSERVED_BODY_ENVELOPE,0.7110185571230425,0,2,0,32,24
85.56666666666666,-56.80193922883643,-10.452042164884023,1.5061634207784422,0.0,0.0,0.0,1.0,0.0,0.15,UNOBSERVED_BODY_ENVELOPE,0.7110185571230425,0,2,0,32,24
85.58333333333333,-56.80193922883643,-10.452042164884023,1.5061634207784422,0.0,0.0,0.0,1.0,0.0,0.15,UNOBSERVED_BODY_ENVELOPE,0.7110185571230425,0,2,0,32,24
85.6,-56.80193922883643,-10.452042164884023,1.5061634207784422,0.0,0.0,0.0,1.0,0.0,0.15,UNOBSERVED_BODY_ENVELOPE,0.7110185571230425,0,2,0,32,24
85.61666666666666,-56.80193922883643,-10.452042164884023,1.5061634207784422,0.0,0.0,0.0,1.0,0.0,0.15,UNOBSERVED_BODY_ENVELOPE,0.7110185571230425,0,2,0,32,24
85.63333333333334,-56.80193922883643,-10.452042164884023,1.5061634207784422,0.0,0.0,0.0,1.0,0.0,0.15,UNOBSERVED_BODY_ENVELOPE,0.7110185571230425,0,2,0,32,24
85.65,-56.80193922883643,-10.452042164884023,1.5061634207784422,0.0,0.0,0.0,1.0,0.0,0.15,UNOBSERVED_BODY_ENVELOPE,0.7110185571230425,0,2,0,32,24
85.66666666666667,-56.80193922883643,-10.452042164884023,1.5061634207784422,0.0,0.0,0.0,1.0,0.0,0.15,UNOBSERVED_BODY_ENVELOPE,0.7110185571230425,0,2,0,32,24
85.68333333333334,-56.80193922883643,-10.452042164884023,1.5061634207784422,0.0,0.0,0.0,1.0,0.0,0.15,UNOBSERVED_BODY_ENVELOPE,0.7110185571230425,0,2,0,32,24
85.7,-56.80193922883643,-10.452042164884023,1.5061634207784422,0.0,0.0,0.0,1.0,0.0,0.15,UNOBSERVED_BODY_ENVELOPE,0.7110185571230425,0,2,0,32,24
85.71666666666667,-56.80193922883643,-10.452042164884023,1.5061634207784422,0.0,0.0,0.0,1.0,0.0,0.15,UNOBSERVED_BODY_ENVELOPE,0.7110185571230425,0,2,0,32,24
85.73333333333333,-56.80193922883643,-10.452042164884023,1.5061634207784422,0.0,0.0,0.0,1.0,0.0,0.15,UNOBSERVED_BODY_ENVELOPE,0.7110185571230425,0,2,0,32,24
85.75,-56.80193922883643,-10.452042164884023,1.5061634207784422,0.0,0.0,0.0,1.0,0.0,0.15,UNOBSERVED_BODY_ENVELOPE,0.7110185571230425,0,2,0,32,24
85.76666666666667,-56.80193922883643,-10.452042164884023,1.5061634207784422,0.0,0.0,0.0,1.0,0.0,0.15,UNOBSERVED_BODY_ENVELOPE,0.7110185571230425,0,2,0,32,24
85.78333333333333,-56.80193922883643,-10.452042164884023,1.5061634207784422,0.0,0.0,0.0,1.0,0.0,0.15,UNOBSERVED_BODY_ENVELOPE,0.7110185571230425,0,2,0,32,24
85.8,-56.80193922883643,-10.452042164884023,1.5061634207784422,0.0,0.0,0.0,1.0,0.0,0.15,UNOBSERVED_BODY_ENVELOPE,0.7110185571230425,0,2,0,32,24
85.81666666666666,-56.80193922883643,-10.452042164884023,1.5061634207784422,0.0,0.0,0.0,1.0,0.0,0.15,UNOBSERVED_BODY_ENVELOPE,0.7110185571230425,0,2,0,32,24
85.83333333333333,-56.80193922883643,-10.452042164884023,1.5061634207784422,0.0,0.0,0.0,1.0,0.0,0.15,UNOBSERVED_BODY_ENVELOPE,0.7110185571230425,0,2,0,32,24
85.85,-56.80193922883643,-10.452042164884023,1.5061634207784422,0.0,0.0,0.0,1.0,0.0,0.15,UNOBSERVED_BODY_ENVELOPE,0.7110185571230425,0,2,0,32,24
85.86666666666666,-56.80193922883643,-10.452042164884023,1.5061634207784422,0.0,0.0,0.0,1.0,0.0,0.15,UNOBSERVED_BODY_ENVELOPE,0.7110185571230425,0,2,0,32,24
85.88333333333334,-56.80193922883643,-10.452042164884023,1.5061634207784422,0.0,0.0,0.0,1.0,0.0,0.15,UNOBSERVED_BODY_ENVELOPE,0.7110185571230425,0,2,0,32,24
85.9,-56.80193922883643,-10.452042164884023,1.5061634207784422,0.0,0.0,0.0,1.0,0.0,0.15,UNOBSERVED_BODY_ENVELOPE,0.7110185571230425,0,2,0,32,24
85.91666666666667,-56.80193922883643,-10.452042164884023,1.5061634207784422,0.0,0.0,0.0,1.0,0.0,0.15,UNOBSERVED_BODY_ENVELOPE,0.7110185571230425,0,2,0,32,24
85.93333333333334,-56.80193922883643,-10.452042164884023,1.5061634207784422,0.0,0.0,0.0,1.0,0.0,0.15,UNOBSERVED_BODY_ENVELOPE,0.7110185571230425,0,2,0,32,24
85.95,-56.80193922883643,-10.452042164884023,1.5061634207784422,0.0,0.0,0.0,1.0,0.0,0.15,UNOBSERVED_BODY_ENVELOPE,0.7110185571230425,0,2,0,32,24
85.96666666666667,-56.80193922883643,-10.452042164884023,1.5061634207784422,0.0,0.0,0.0,1.0,0.0,0.15,UNOBSERVED_BODY_ENVELOPE,0.7110185571230425,0,2,0,32,24
85.98333333333333,-56.80193922883643,-10.452042164884023,1.5061634207784422,0.0,0.0,0.0,1.0,0.0,0.15,UNOBSERVED_BODY_ENVELOPE,0.7110185571230425,0,2,0,32,24
86.0,-56.80193922883643,-10.452042164884023,1.5061634207784422,0.0,0.0,0.0,1.0,0.0,0.15,UNOBSERVED_BODY_ENVELOPE,0.7110185571230425,0,2,0,32,24
86.01666666666667,-56.80193922883643,-10.452042164884023,1.5061634207784422,0.0,0.0,0.0,1.0,0.0,0.15,UNOBSERVED_BODY_ENVELOPE,0.7110185571230425,0,2,0,32,24
86.03333333333333,-56.80193922883643,-10.452042164884023,1.5061634207784422,0.0,0.0,0.0,1.0,0.0,0.15,UNOBSERVED_BODY_ENVELOPE,0.7110185571230425,0,2,0,32,24
86.05,-56.80193922883643,-10.452042164884023,1.5061634207784422,0.0,0.0,0.0,1.0,0.0,0.15,UNOBSERVED_BODY_ENVELOPE,0.7110185571230425,0,2,0,32,24
86.06666666666666,-56.80193922883643,-10.452042164884023,1.5061634207784422,0.0,0.0,0.0,1.0,0.0,0.15,UNOBSERVED_BODY_ENVELOPE,0.7110185571230425,0,2,0,32,24
86.08333333333333,-56.80193922883643,-10.452042164884023,1.5061634207784422,0.0,0.0,0.0,1.0,0.0,0.15,UNOBSERVED_BODY_ENVELOPE,0.7110185571230425,0,2,0,32,24
86.1,-56.80193922883643,-10.452042164884023,1.5061634207784422,0.0,0.0,0.0,1.0,0.0,0.15,UNOBSERVED_BODY_ENVELOPE,0.7110185571230425,0,2,0,32,24
86.11666666666666,-56.80193922883643,-10.452042164884023,1.5061634207784422,0.0,0.0,0.0,1.0,0.0,0.15,UNOBSERVED_BODY_ENVELOPE,0.7110185571230425,0,2,0,32,24
86.13333333333334,-56.80193922883643,-10.452042164884023,1.5061634207784422,0.0,0.0,0.0,1.0,0.0,0.15,UNOBSERVED_BODY_ENVELOPE,0.7110185571230425,0,2,0,32,24
86.15,-56.80193922883643,-10.452042164884023,1.5061634207784422,0.0,0.0,0.0,1.0,0.0,0.15,UNOBSERVED_BODY_ENVELOPE,0.7110185571230425,0,2,0,32,24
86.16666666666667,-56.80193922883643,-10.452042164884023,1.5061634207784422,0.0,0.0,0.0,1.0,0.0,0.15,UNOBSERVED_BODY_ENVELOPE,0.7110185571230425,0,2,0,32,24
86.18333333333334,-56.80193922883643,-10.452042164884023,1.5061634207784422,0.0,0.0,0.0,1.0,0.0,0.15,UNOBSERVED_BODY_ENVELOPE,0.7110185571230425,0,2,0,32,24
86.2,-56.80193922883643,-10.452042164884023,1.5061634207784422,0.0,0.0,0.0,1.0,0.0,0.15,UNOBSERVED_BODY_ENVELOPE,0.7110185571230425,0,2,0,32,24
86.21666666666667,-56.80193922883643,-10.452042164884023,1.5061634207784422,0.0,0.0,0.0,1.0,0.0,0.15,UNOBSERVED_BODY_ENVELOPE,0.7110185571230425,0,2,0,32,24
86.23333333333333,-56.80193922883643,-10.452042164884023,1.5061634207784422,0.0,0.0,0.0,1.0,0.0,0.15,UNOBSERVED_BODY_ENVELOPE,0.7110185571230425,0,2,0,32,24
86.25,-56.80193922883643,-10.452042164884023,1.5061634207784422,0.0,0.0,0.0,1.0,0.0,0.15,UNOBSERVED_BODY_ENVELOPE,0.7110185571230425,0,2,0,32,24
86.26666666666667,-56.80193922883643,-10.452042164884023,1.5061634207784422,0.0,0.0,0.0,1.0,0.0,0.15,UNOBSERVED_BODY_ENVELOPE,0.7110185571230425,0,2,0,32,24
86.28333333333333,-56.80193922883643,-10.452042164884023,1.5061634207784422,0.0,0.0,0.0,1.0,0.0,0.15,UNOBSERVED_BODY_ENVELOPE,0.7110185571230425,0,2,0,32,24
86.3,-56.80193922883643,-10.452042164884023,1.5061634207784422,0.0,0.0,0.0,1.0,0.0,0.15,UNOBSERVED_BODY_ENVELOPE,0.7110185571230425,0,2,0,32,24
86.31666666666666,-56.80193922883643,-10.452042164884023,1.5061634207784422,0.0,0.0,0.0,1.0,0.0,0.15,UNOBSERVED_BODY_ENVELOPE,0.7110185571230425,0,2,0,32,24
86.33333333333333,-56.80193922883643,-10.452042164884023,1.5061634207784422,0.0,0.0,0.0,1.0,0.0,0.15,UNOBSERVED_BODY_ENVELOPE,0.7110185571230425,0,2,0,32,24
86.35,-56.80193922883643,-10.452042164884023,1.5061634207784422,0.0,0.0,0.0,1.0,0.0,0.15,UNOBSERVED_BODY_ENVELOPE,0.7110185571230425,0,2,0,32,24
86.36666666666666,-56.80193922883643,-10.452042164884023,1.5061634207784422,0.0,0.0,0.0,1.0,0.0,0.15,UNOBSERVED_BODY_ENVELOPE,0.7110185571230425,0,2,0,32,24
86.38333333333334,-56.80193922883643,-10.452042164884023,1.5061634207784422,0.0,0.0,0.0,1.0,0.0,0.15,UNOBSERVED_BODY_ENVELOPE,0.7110185571230425,0,2,0,32,24
86.4,-56.80193922883643,-10.452042164884023,1.5061634207784422,0.0,0.0,0.0,1.0,0.0,0.15,UNOBSERVED_BODY_ENVELOPE,0.7110185571230425,0,2,0,32,24
86.41666666666667,-56.80193922883643,-10.452042164884023,1.5061634207784422,0.0,0.0,0.0,1.0,0.0,0.15,UNOBSERVED_BODY_ENVELOPE,0.7110185571230425,0,2,0,32,24
86.43333333333334,-56.80193922883643,-10.452042164884023,1.5061634207784422,0.0,0.0,0.0,1.0,0.0,0.15,UNOBSERVED_BODY_ENVELOPE,0.7110185571230425,0,2,0,32,24
86.45,-56.80193922883643,-10.452042164884023,1.5061634207784422,0.0,0.0,0.0,1.0,0.0,0.15,UNOBSERVED_BODY_ENVELOPE,0.7110185571230425,0,2,0,32,24
86.46666666666667,-56.80193922883643,-10.452042164884023,1.5061634207784422,0.0,0.0,0.0,1.0,0.0,0.15,UNOBSERVED_BODY_ENVELOPE,0.7110185571230425,0,2,0,32,24
86.48333333333333,-56.80193922883643,-10.452042164884023,1.5061634207784422,0.0,0.0,0.0,1.0,0.0,0.15,UNOBSERVED_BODY_ENVELOPE,0.7110185571230425,0,2,0,32,24
86.5,-56.80193922883643,-10.452042164884023,1.5061634207784422,0.0,0.0,0.0,1.0,0.0,0.15,UNOBSERVED_BODY_ENVELOPE,0.7110185571230425,0,2,0,32,24
86.51666666666667,-56.80193922883643,-10.452042164884023,1.5061634207784422,0.0,0.0,0.0,1.0,0.0,0.15,UNOBSERVED_BODY_ENVELOPE,0.7110185571230425,0,2,0,32,24
86.53333333333333,-56.80193922883643,-10.452042164884023,1.5061634207784422,0.0,0.0,0.0,1.0,0.0,0.15,UNOBSERVED_BODY_ENVELOPE,0.7110185571230425,0,2,0,32,24
86.55,-56.80193922883643,-10.452042164884023,1.5061634207784422,0.0,0.0,0.0,1.0,0.0,0.15,UNOBSERVED_BODY_ENVELOPE,0.7110185571230425,0,2,0,32,24
86.56666666666666,-56.80193922883643,-10.452042164884023,1.5061634207784422,0.0,0.0,0.0,1.0,0.0,0.15,UNOBSERVED_BODY_ENVELOPE,0.7110185571230425,0,2,0,32,24
86.58333333333333,-56.80193922883643,-10.452042164884023,1.5061634207784422,0.0,0.0,0.0,1.0,0.0,0.15,UNOBSERVED_BODY_ENVELOPE,0.7110185571230425,0,2,0,32,24
86.6,-56.80193922883643,-10.452042164884023,1.5061634207784422,0.0,0.0,0.0,1.0,0.0,0.15,UNOBSERVED_BODY_ENVELOPE,0.7110185571230425,0,2,0,32,24
86.61666666666666,-56.80193922883643,-10.452042164884023,1.5061634207784422,0.0,0.0,0.0,1.0,0.0,0.15,UNOBSERVED_BODY_ENVELOPE,0.7110185571230425,0,2,0,32,24
86.63333333333334,-56.80193922883643,-10.452042164884023,1.5061634207784422,0.0,0.0,0.0,1.0,0.0,0.15,UNOBSERVED_BODY_ENVELOPE,0.7110185571230425,0,2,0,32,24
86.65,-56.80193922883643,-10.452042164884023,1.5061634207784422,0.0,0.0,0.0,1.0,0.0,0.15,UNOBSERVED_BODY_ENVELOPE,0.7110185571230425,0,2,0,32,24
86.66666666666667,-56.80193922883643,-10.452042164884023,1.5061634207784422,0.0,0.0,0.0,1.0,0.0,0.15,UNOBSERVED_BODY_ENVELOPE,0.7110185571230425,0,2,0,32,24
86.68333333333334,-56.80193922883643,-10.452042164884023,1.5061634207784422,0.0,0.0,0.0,1.0,0.0,0.15,UNOBSERVED_BODY_ENVELOPE,0.7110185571230425,0,2,0,32,24
86.7,-56.80193922883643,-10.452042164884023,1.5061634207784422,0.0,0.0,0.0,1.0,0.0,0.15,UNOBSERVED_BODY_ENVELOPE,0.7110185571230425,0,2,0,32,24
86.71666666666667,-56.80193922883643,-10.452042164884023,1.5061634207784422,0.0,0.0,0.0,1.0,0.0,0.15,UNOBSERVED_BODY_ENVELOPE,0.7110185571230425,0,2,0,32,24
86.73333333333333,-56.80193922883643,-10.452042164884023,1.5061634207784422,0.0,0.0,0.0,1.0,0.0,0.15,UNOBSERVED_BODY_ENVELOPE,0.7110185571230425,0,2,0,32,24
86.75,-56.80193922883643,-10.452042164884023,1.5061634207784422,0.0,0.0,0.0,1.0,0.0,0.15,UNOBSERVED_BODY_ENVELOPE,0.7110185571230425,0,2,0,32,24
86.76666666666667,-56.80193922883643,-10.452042164884023,1.5061634207784422,0.0,0.0,0.0,1.0,0.0,0.15,UNOBSERVED_BODY_ENVELOPE,0.7110185571230425,0,2,0,32,24
86.78333333333333,-56.80193922883643,-10.452042164884023,1.5061634207784422,0.0,0.0,0.0,1.0,0.0,0.15,UNOBSERVED_BODY_ENVELOPE,0.7110185571230425,0,2,0,32,24
86.8,-56.80193922883643,-10.452042164884023,1.5061634207784422,0.0,0.0,0.0,1.0,0.0,0.15,UNOBSERVED_BODY_ENVELOPE,0.7110185571230425,0,2,0,32,24
86.81666666666666,-56.80193922883643,-10.452042164884023,1.5061634207784422,0.0,0.0,0.0,1.0,0.0,0.15,UNOBSERVED_BODY_ENVELOPE,0.7110185571230425,0,2,0,32,24
86.83333333333333,-56.80193922883643,-10.452042164884023,1.5061634207784422,0.0,0.0,0.0,1.0,0.0,0.15,UNOBSERVED_BODY_ENVELOPE,0.7110185571230425,0,2,0,32,24
86.85,-56.80193922883643,-10.452042164884023,1.5061634207784422,0.0,0.0,0.0,1.0,0.0,0.15,UNOBSERVED_BODY_ENVELOPE,0.7110185571230425,0,2,0,32,24
86.86666666666666,-56.80193922883643,-10.452042164884023,1.5061634207784422,0.0,0.0,0.0,1.0,0.0,0.15,UNOBSERVED_BODY_ENVELOPE,0.7110185571230425,0,2,0,32,24
86.88333333333334,-56.80193922883643,-10.452042164884023,1.5061634207784422,0.0,0.0,0.0,1.0,0.0,0.15,UNOBSERVED_BODY_ENVELOPE,0.7110185571230425,0,2,0,32,24
86.9,-56.80193922883643,-10.452042164884023,1.5061634207784422,0.0,0.0,0.0,1.0,0.0,0.15,UNOBSERVED_BODY_ENVELOPE,0.7110185571230425,0,2,0,32,24
86.91666666666667,-56.80193922883643,-10.452042164884023,1.5061634207784422,0.0,0.0,0.0,1.0,0.0,0.15,UNOBSERVED_BODY_ENVELOPE,0.7110185571230425,0,2,0,32,24
86.93333333333334,-56.80193922883643,-10.452042164884023,1.5061634207784422,0.0,0.0,0.0,1.0,0.0,0.15,UNOBSERVED_BODY_ENVELOPE,0.7110185571230425,0,2,0,32,24
86.95,-56.80193922883643,-10.452042164884023,1.5061634207784422,0.0,0.0,0.0,1.0,0.0,0.15,UNOBSERVED_BODY_ENVELOPE,0.7110185571230425,0,2,0,32,24
86.96666666666667,-56.80193922883643,-10.452042164884023,1.5061634207784422,0.0,0.0,0.0,1.0,0.0,0.15,UNOBSERVED_BODY_ENVELOPE,0.7110185571230425,0,2,0,32,24
86.98333333333333,-56.80193922883643,-10.452042164884023,1.5061634207784422,0.0,0.0,0.0,1.0,0.0,0.15,UNOBSERVED_BODY_ENVELOPE,0.7110185571230425,0,2,0,32,24
87.0,-56.80193922883643,-10.452042164884023,1.5061634207784422,0.0,0.0,0.0,1.0,0.0,0.15,UNOBSERVED_BODY_ENVELOPE,0.7110185571230425,0,2,0,32,24
87.01666666666667,-56.80193922883643,-10.452042164884023,1.5061634207784422,0.0,0.0,0.0,1.0,0.0,0.15,UNOBSERVED_BODY_ENVELOPE,0.7110185571230425,0,2,0,32,24
87.03333333333333,-56.80193922883643,-10.452042164884023,1.5061634207784422,0.0,0.0,0.0,1.0,0.0,0.15,UNOBSERVED_BODY_ENVELOPE,0.7110185571230425,0,2,0,32,24
87.05,-56.80193922883643,-10.452042164884023,1.5061634207784422,0.0,0.0,0.0,1.0,0.0,0.15,UNOBSERVED_BODY_ENVELOPE,0.7110185571230425,0,2,0,32,24
87.06666666666666,-56.80193922883643,-10.452042164884023,1.5061634207784422,0.0,0.0,0.0,1.0,0.0,0.15,UNOBSERVED_BODY_ENVELOPE,0.7110185571230425,0,2,0,32,24
87.08333333333333,-56.80193922883643,-10.452042164884023,1.5061634207784422,0.0,0.0,0.0,1.0,0.0,0.15,UNOBSERVED_BODY_ENVELOPE,0.7110185571230425,0,2,0,32,24
87.1,-56.80193922883643,-10.452042164884023,1.5061634207784422,0.0,0.0,0.0,1.0,0.0,0.15,UNOBSERVED_BODY_ENVELOPE,0.7110185571230425,0,2,0,32,24
87.11666666666666,-56.80193922883643,-10.452042164884023,1.5061634207784422,0.0,0.0,0.0,1.0,0.0,0.15,UNOBSERVED_BODY_ENVELOPE,0.7110185571230425,0,2,0,32,24
87.13333333333334,-56.80193922883643,-10.452042164884023,1.5061634207784422,0.0,0.0,0.0,1.0,0.0,0.15,UNOBSERVED_BODY_ENVELOPE,0.7110185571230425,0,2,0,32,24
87.15,-56.80193922883643,-10.452042164884023,1.5061634207784422,0.0,0.0,0.0,1.0,0.0,0.15,UNOBSERVED_BODY_ENVELOPE,0.7110185571230425,0,2,0,32,24
87.16666666666667,-56.80193922883643,-10.452042164884023,1.5061634207784422,0.0,0.0,0.0,1.0,0.0,0.15,UNOBSERVED_BODY_ENVELOPE,0.7110185571230425,0,2,0,32,24
87.18333333333334,-56.80193922883643,-10.452042164884023,1.5061634207784422,0.0,0.0,0.0,1.0,0.0,0.15,UNOBSERVED_BODY_ENVELOPE,0.7110185571230425,0,2,0,32,24
87.2,-56.80193922883643,-10.452042164884023,1.5061634207784422,0.0,0.0,0.0,1.0,0.0,0.15,UNOBSERVED_BODY_ENVELOPE,0.7110185571230425,0,2,0,32,24
87.21666666666667,-56.80193922883643,-10.452042164884023,1.5061634207784422,0.0,0.0,0.0,1.0,0.0,0.15,UNOBSERVED_BODY_ENVELOPE,0.7110185571230425,0,2,0,32,24
87.23333333333333,-56.80193922883643,-10.452042164884023,1.5061634207784422,0.0,0.0,0.0,1.0,0.0,0.15,UNOBSERVED_BODY_ENVELOPE,0.7110185571230425,0,2,0,32,24
87.25,-56.80193922883643,-10.452042164884023,1.5061634207784422,0.0,0.0,0.0,1.0,0.0,0.15,UNOBSERVED_BODY_ENVELOPE,0.7110185571230425,0,2,0,32,24
87.26666666666667,-56.80193922883643,-10.452042164884023,1.5061634207784422,0.0,0.0,0.0,1.0,0.0,0.15,UNOBSERVED_BODY_ENVELOPE,0.7110185571230425,0,2,0,32,24
87.28333333333333,-56.80193922883643,-10.452042164884023,1.5061634207784422,0.0,0.0,0.0,1.0,0.0,0.15,UNOBSERVED_BODY_ENVELOPE,0.7110185571230425,0,2,0,32,24
87.3,-56.80193922883643,-10.452042164884023,1.5061634207784422,0.0,0.0,0.0,1.0,0.0,0.15,UNOBSERVED_BODY_ENVELOPE,0.7110185571230425,0,2,0,32,24
87.31666666666666,-56.80193922883643,-10.452042164884023,1.5061634207784422,0.0,0.0,0.0,1.0,0.0,0.15,UNOBSERVED_BODY_ENVELOPE,0.7110185571230425,0,2,0,32,24
87.33333333333333,-56.80193922883643,-10.452042164884023,1.5061634207784422,0.0,0.0,0.0,1.0,0.0,0.15,UNOBSERVED_BODY_ENVELOPE,0.7110185571230425,0,2,0,32,24
87.35,-56.80193922883643,-10.452042164884023,1.5061634207784422,0.0,0.0,0.0,1.0,0.0,0.15,UNOBSERVED_BODY_ENVELOPE,0.7110185571230425,0,2,0,32,24
87.36666666666666,-56.80193922883643,-10.452042164884023,1.5061634207784422,0.0,0.0,0.0,1.0,0.0,0.15,UNOBSERVED_BODY_ENVELOPE,0.7110185571230425,0,2,0,32,24
87.38333333333334,-56.80193922883643,-10.452042164884023,1.5061634207784422,0.0,0.0,0.0,1.0,0.0,0.15,UNOBSERVED_BODY_ENVELOPE,0.7110185571230425,0,2,0,32,24
87.4,-56.80193922883643,-10.452042164884023,1.5061634207784422,0.0,0.0,0.0,1.0,0.0,0.15,UNOBSERVED_BODY_ENVELOPE,0.7110185571230425,0,2,0,32,24
87.41666666666667,-56.80193922883643,-10.452042164884023,1.5061634207784422,0.0,0.0,0.0,1.0,0.0,0.15,UNOBSERVED_BODY_ENVELOPE,0.7110185571230425,0,2,0,32,24
87.43333333333334,-56.80193922883643,-10.452042164884023,1.5061634207784422,0.0,0.0,0.0,1.0,0.0,0.15,UNOBSERVED_BODY_ENVELOPE,0.7110185571230425,0,2,0,32,24
87.45,-56.80193922883643,-10.452042164884023,1.5061634207784422,0.0,0.0,0.0,1.0,0.0,0.15,UNOBSERVED_BODY_ENVELOPE,0.7110185571230425,0,2,0,32,24
87.46666666666667,-56.80193922883643,-10.452042164884023,1.5061634207784422,0.0,0.0,0.0,1.0,0.0,0.15,UNOBSERVED_BODY_ENVELOPE,0.7110185571230425,0,2,0,32,24
87.48333333333333,-56.80193922883643,-10.452042164884023,1.5061634207784422,0.0,0.0,0.0,1.0,0.0,0.15,UNOBSERVED_BODY_ENVELOPE,0.7110185571230425,0,2,0,32,24
87.5,-56.80193922883643,-10.452042164884023,1.5061634207784422,0.0,0.0,0.0,1.0,0.0,0.15,UNOBSERVED_BODY_ENVELOPE,0.7110185571230425,0,2,0,32,24
87.51666666666667,-56.80193922883643,-10.452042164884023,1.5061634207784422,0.0,0.0,0.0,1.0,0.0,0.15,UNOBSERVED_BODY_ENVELOPE,0.7110185571230425,0,2,0,32,24
87.53333333333333,-56.80193922883643,-10.452042164884023,1.5061634207784422,0.0,0.0,0.0,1.0,0.0,0.15,UNOBSERVED_BODY_ENVELOPE,0.7110185571230425,0,2,0,32,24
87.55,-56.80193922883643,-10.452042164884023,1.5061634207784422,0.0,0.0,0.0,1.0,0.0,0.15,UNOBSERVED_BODY_ENVELOPE,0.7110185571230425,0,2,0,32,24
87.56666666666666,-56.80193922883643,-10.452042164884023,1.5061634207784422,0.0,0.0,0.0,1.0,0.0,0.15,UNOBSERVED_BODY_ENVELOPE,0.7110185571230425,0,2,0,32,24
87.58333333333333,-56.80193922883643,-10.452042164884023,1.5061634207784422,0.0,0.0,0.0,1.0,0.0,0.15,UNOBSERVED_BODY_ENVELOPE,0.7110185571230425,0,2,0,32,24
87.6,-56.80193922883643,-10.452042164884023,1.5061634207784422,0.0,0.0,0.0,1.0,0.0,0.15,UNOBSERVED_BODY_ENVELOPE,0.7110185571230425,0,2,0,32,24
87.61666666666666,-56.80193922883643,-10.452042164884023,1.5061634207784422,0.0,0.0,0.0,1.0,0.0,0.15,UNOBSERVED_BODY_ENVELOPE,0.7110185571230425,0,2,0,32,24
87.63333333333334,-56.80193922883643,-10.452042164884023,1.5061634207784422,0.0,0.0,0.0,1.0,0.0,0.15,UNOBSERVED_BODY_ENVELOPE,0.7110185571230425,0,2,0,32,24
87.65,-56.80193922883643,-10.452042164884023,1.5061634207784422,0.0,0.0,0.0,1.0,0.0,0.15,UNOBSERVED_BODY_ENVELOPE,0.7110185571230425,0,2,0,32,24
87.66666666666667,-56.80193922883643,-10.452042164884023,1.5061634207784422,0.0,0.0,0.0,1.0,0.0,0.15,UNOBSERVED_BODY_ENVELOPE,0.7110185571230425,0,2,0,32,24
87.68333333333334,-56.80193922883643,-10.452042164884023,1.5061634207784422,0.0,0.0,0.0,1.0,0.0,0.15,UNOBSERVED_BODY_ENVELOPE,0.7110185571230425,0,2,0,32,24
87.7,-56.80193922883643,-10.452042164884023,1.5061634207784422,0.0,0.0,0.0,1.0,0.0,0.15,UNOBSERVED_BODY_ENVELOPE,0.7110185571230425,0,2,0,32,24
87.71666666666667,-56.80193922883643,-10.452042164884023,1.5061634207784422,0.0,0.0,0.0,1.0,0.0,0.15,UNOBSERVED_BODY_ENVELOPE,0.7110185571230425,0,2,0,32,24
87.73333333333333,-56.80193922883643,-10.452042164884023,1.5061634207784422,0.0,0.0,0.0,1.0,0.0,0.15,UNOBSERVED_BODY_ENVELOPE,0.7110185571230425,0,2,0,32,24
87.75,-56.80193922883643,-10.452042164884023,1.5061634207784422,0.0,0.0,0.0,1.0,0.0,0.15,UNOBSERVED_BODY_ENVELOPE,0.7110185571230425,0,2,0,32,24
87.76666666666667,-56.80193922883643,-10.452042164884023,1.5061634207784422,0.0,0.0,0.0,1.0,0.0,0.15,UNOBSERVED_BODY_ENVELOPE,0.7110185571230425,0,2,0,32,24
87.78333333333333,-56.80193922883643,-10.452042164884023,1.5061634207784422,0.0,0.0,0.0,1.0,0.0,0.15,UNOBSERVED_BODY_ENVELOPE,0.7110185571230425,0,2,0,32,24
87.8,-56.80193922883643,-10.452042164884023,1.5061634207784422,0.0,0.0,0.0,1.0,0.0,0.15,UNOBSERVED_BODY_ENVELOPE,0.7110185571230425,0,2,0,32,24
87.81666666666666,-56.80193922883643,-10.452042164884023,1.5061634207784422,0.0,0.0,0.0,1.0,0.0,0.15,UNOBSERVED_BODY_ENVELOPE,0.7110185571230425,0,2,0,32,24
87.83333333333333,-56.80193922883643,-10.452042164884023,1.5061634207784422,0.0,0.0,0.0,1.0,0.0,0.15,UNOBSERVED_BODY_ENVELOPE,0.7110185571230425,0,2,0,32,24
87.85,-56.80193922883643,-10.452042164884023,1.5061634207784422,0.0,0.0,0.0,1.0,0.0,0.15,UNOBSERVED_BODY_ENVELOPE,0.7110185571230425,0,2,0,32,24
87.86666666666666,-56.80193922883643,-10.452042164884023,1.5061634207784422,0.0,0.0,0.0,1.0,0.0,0.15,UNOBSERVED_BODY_ENVELOPE,0.7110185571230425,0,2,0,32,24
87.88333333333334,-56.80193922883643,-10.452042164884023,1.5061634207784422,0.0,0.0,0.0,1.0,0.0,0.15,UNOBSERVED_BODY_ENVELOPE,0.7110185571230425,0,2,0,32,24
87.9,-56.80193922883643,-10.452042164884023,1.5061634207784422,0.0,0.0,0.0,1.0,0.0,0.15,UNOBSERVED_BODY_ENVELOPE,0.7110185571230425,0,2,0,32,24
87.91666666666667,-56.80193922883643,-10.452042164884023,1.5061634207784422,0.0,0.0,0.0,1.0,0.0,0.15,UNOBSERVED_BODY_ENVELOPE,0.7110185571230425,0,2,0,32,24
87.93333333333334,-56.80193922883643,-10.452042164884023,1.5061634207784422,0.0,0.0,0.0,1.0,0.0,0.15,UNOBSERVED_BODY_ENVELOPE,0.7110185571230425,0,2,0,32,24
87.95,-56.80193922883643,-10.452042164884023,1.5061634207784422,0.0,0.0,0.0,1.0,0.0,0.15,UNOBSERVED_BODY_ENVELOPE,0.7110185571230425,0,2,0,32,24
87.96666666666667,-56.80193922883643,-10.452042164884023,1.5061634207784422,0.0,0.0,0.0,1.0,0.0,0.15,UNOBSERVED_BODY_ENVELOPE,0.7110185571230425,0,2,0,32,24
87.98333333333333,-56.80193922883643,-10.452042164884023,1.5061634207784422,0.0,0.0,0.0,1.0,0.0,0.15,UNOBSERVED_BODY_ENVELOPE,0.7110185571230425,0,2,0,32,24
88.0,-56.80193922883643,-10.452042164884023,1.5061634207784422,0.0,0.0,0.0,1.0,0.0,0.15,UNOBSERVED_BODY_ENVELOPE,0.7110185571230425,0,2,0,32,24
88.01666666666667,-56.80193922883643,-10.452042164884023,1.5061634207784422,0.0,0.0,0.0,1.0,0.0,0.15,UNOBSERVED_BODY_ENVELOPE,0.7110185571230425,0,2,0,32,24
88.03333333333333,-56.80193922883643,-10.452042164884023,1.5061634207784422,0.0,0.0,0.0,1.0,0.0,0.15,UNOBSERVED_BODY_ENVELOPE,0.7110185571230425,0,2,0,32,24
88.05,-56.80193922883643,-10.452042164884023,1.5061634207784422,0.0,0.0,0.0,1.0,0.0,0.15,UNOBSERVED_BODY_ENVELOPE,0.7110185571230425,0,2,0,32,24
88.06666666666666,-56.80193922883643,-10.452042164884023,1.5061634207784422,0.0,0.0,0.0,1.0,0.0,0.15,UNOBSERVED_BODY_ENVELOPE,0.7110185571230425,0,2,0,32,24
88.08333333333333,-56.80193922883643,-10.452042164884023,1.5061634207784422,0.0,0.0,0.0,1.0,0.0,0.15,UNOBSERVED_BODY_ENVELOPE,0.7110185571230425,0,2,0,32,24
88.1,-56.80193922883643,-10.452042164884023,1.5061634207784422,0.0,0.0,0.0,1.0,0.0,0.15,UNOBSERVED_BODY_ENVELOPE,0.7110185571230425,0,2,0,32,24
88.11666666666666,-56.80193922883643,-10.452042164884023,1.5061634207784422,0.0,0.0,0.0,1.0,0.0,0.15,UNOBSERVED_BODY_ENVELOPE,0.7110185571230425,0,2,0,32,24
88.13333333333334,-56.80193922883643,-10.452042164884023,1.5061634207784422,0.0,0.0,0.0,1.0,0.0,0.15,UNOBSERVED_BODY_ENVELOPE,0.7110185571230425,0,2,0,32,24
88.15,-56.80193922883643,-10.452042164884023,1.5061634207784422,0.0,0.0,0.0,1.0,0.0,0.15,UNOBSERVED_BODY_ENVELOPE,0.7110185571230425,0,2,0,32,24
88.16666666666667,-56.80193922883643,-10.452042164884023,1.5061634207784422,0.0,0.0,0.0,1.0,0.0,0.15,UNOBSERVED_BODY_ENVELOPE,0.7110185571230425,0,2,0,32,24
88.18333333333334,-56.80193922883643,-10.452042164884023,1.5061634207784422,0.0,0.0,0.0,1.0,0.0,0.15,UNOBSERVED_BODY_ENVELOPE,0.7110185571230425,0,2,0,32,24
88.2,-56.80193922883643,-10.452042164884023,1.5061634207784422,0.0,0.0,0.0,1.0,0.0,0.15,UNOBSERVED_BODY_ENVELOPE,0.7110185571230425,0,2,0,32,24
88.21666666666667,-56.80193922883643,-10.452042164884023,1.5061634207784422,0.0,0.0,0.0,1.0,0.0,0.15,UNOBSERVED_BODY_ENVELOPE,0.7110185571230425,0,2,0,32,24
88.23333333333333,-56.80193922883643,-10.452042164884023,1.5061634207784422,0.0,0.0,0.0,1.0,0.0,0.15,UNOBSERVED_BODY_ENVELOPE,0.7110185571230425,0,2,0,32,24
88.25,-56.80193922883643,-10.452042164884023,1.5061634207784422,0.0,0.0,0.0,1.0,0.0,0.15,UNOBSERVED_BODY_ENVELOPE,0.7110185571230425,0,2,0,32,24
88.26666666666667,-56.80193922883643,-10.452042164884023,1.5061634207784422,0.0,0.0,0.0,1.0,0.0,0.15,UNOBSERVED_BODY_ENVELOPE,0.7110185571230425,0,2,0,32,24
88.28333333333333,-56.80193922883643,-10.452042164884023,1.5061634207784422,0.0,0.0,0.0,1.0,0.0,0.15,UNOBSERVED_BODY_ENVELOPE,0.7110185571230425,0,2,0,32,24
88.3,-56.80193922883643,-10.452042164884023,1.5061634207784422,0.0,0.0,0.0,1.0,0.0,0.15,UNOBSERVED_BODY_ENVELOPE,0.7110185571230425,0,2,0,32,24
88.31666666666666,-56.80193922883643,-10.452042164884023,1.5061634207784422,0.0,0.0,0.0,1.0,0.0,0.15,UNOBSERVED_BODY_ENVELOPE,0.7110185571230425,0,2,0,32,24
88.33333333333333,-56.80193922883643,-10.452042164884023,1.5061634207784422,0.0,0.0,0.0,1.0,0.0,0.15,UNOBSERVED_BODY_ENVELOPE,0.7110185571230425,0,2,0,32,24
88.35,-56.80193922883643,-10.452042164884023,1.5061634207784422,0.0,0.0,0.0,1.0,0.0,0.15,UNOBSERVED_BODY_ENVELOPE,0.7110185571230425,0,2,0,32,24
88.36666666666666,-56.80193922883643,-10.452042164884023,1.5061634207784422,0.0,0.0,0.0,1.0,0.0,0.15,UNOBSERVED_BODY_ENVELOPE,0.7110185571230425,0,2,0,32,24
88.38333333333334,-56.80193922883643,-10.452042164884023,1.5061634207784422,0.0,0.0,0.0,1.0,0.0,0.15,UNOBSERVED_BODY_ENVELOPE,0.7110185571230425,0,2,0,32,24
88.4,-56.80193922883643,-10.452042164884023,1.5061634207784422,0.0,0.0,0.0,1.0,0.0,0.15,UNOBSERVED_BODY_ENVELOPE,0.7110185571230425,0,2,0,32,24
88.41666666666667,-56.80193922883643,-10.452042164884023,1.5061634207784422,0.0,0.0,0.0,1.0,0.0,0.15,UNOBSERVED_BODY_ENVELOPE,0.7110185571230425,0,2,0,32,24
88.43333333333334,-56.80193922883643,-10.452042164884023,1.5061634207784422,0.0,0.0,0.0,1.0,0.0,0.15,UNOBSERVED_BODY_ENVELOPE,0.7110185571230425,0,2,0,32,24
88.45,-56.80193922883643,-10.452042164884023,1.5061634207784422,0.0,0.0,0.0,1.0,0.0,0.15,UNOBSERVED_BODY_ENVELOPE,0.7110185571230425,0,2,0,32,24
88.46666666666667,-56.80193922883643,-10.452042164884023,1.5061634207784422,0.0,0.0,0.0,1.0,0.0,0.15,UNOBSERVED_BODY_ENVELOPE,0.7110185571230425,0,2,0,32,24
88.48333333333333,-56.80193922883643,-10.452042164884023,1.5061634207784422,0.0,0.0,0.0,1.0,0.0,0.15,UNOBSERVED_BODY_ENVELOPE,0.7110185571230425,0,2,0,32,24
88.5,-56.80193922883643,-10.452042164884023,1.5061634207784422,0.0,0.0,0.0,1.0,0.0,0.15,UNOBSERVED_BODY_ENVELOPE,0.7110185571230425,0,2,0,32,24
88.51666666666667,-56.80193922883643,-10.452042164884023,1.5061634207784422,0.0,0.0,0.0,1.0,0.0,0.15,UNOBSERVED_BODY_ENVELOPE,0.7110185571230425,0,2,0,32,24
88.53333333333333,-56.80193922883643,-10.452042164884023,1.5061634207784422,0.0,0.0,0.0,1.0,0.0,0.15,UNOBSERVED_BODY_ENVELOPE,0.7110185571230425,0,2,0,32,24
88.55,-56.80193922883643,-10.452042164884023,1.5061634207784422,0.0,0.0,0.0,1.0,0.0,0.15,UNOBSERVED_BODY_ENVELOPE,0.7110185571230425,0,2,0,32,24
88.56666666666666,-56.80193922883643,-10.452042164884023,1.5061634207784422,0.0,0.0,0.0,1.0,0.0,0.15,UNOBSERVED_BODY_ENVELOPE,0.7110185571230425,0,2,0,32,24
88.58333333333333,-56.80193922883643,-10.452042164884023,1.5061634207784422,0.0,0.0,0.0,1.0,0.0,0.15,UNOBSERVED_BODY_ENVELOPE,0.7110185571230425,0,2,0,32,24
88.6,-56.80193922883643,-10.452042164884023,1.5061634207784422,0.0,0.0,0.0,1.0,0.0,0.15,UNOBSERVED_BODY_ENVELOPE,0.7110185571230425,0,2,0,32,24
88.61666666666666,-56.80193922883643,-10.452042164884023,1.5061634207784422,0.0,0.0,0.0,1.0,0.0,0.15,UNOBSERVED_BODY_ENVELOPE,0.7110185571230425,0,2,0,32,24
88.63333333333334,-56.80193922883643,-10.452042164884023,1.5061634207784422,0.0,0.0,0.0,1.0,0.0,0.15,UNOBSERVED_BODY_ENVELOPE,0.7110185571230425,0,2,0,32,24
88.65,-56.80193922883643,-10.452042164884023,1.5061634207784422,0.0,0.0,0.0,1.0,0.0,0.15,UNOBSERVED_BODY_ENVELOPE,0.7110185571230425,0,2,0,32,24
88.66666666666667,-56.80193922883643,-10.452042164884023,1.5061634207784422,0.0,0.0,0.0,1.0,0.0,0.15,UNOBSERVED_BODY_ENVELOPE,0.7110185571230425,0,2,0,32,24
88.68333333333334,-56.80193922883643,-10.452042164884023,1.5061634207784422,0.0,0.0,0.0,1.0,0.0,0.15,UNOBSERVED_BODY_ENVELOPE,0.7110185571230425,0,2,0,32,24
88.7,-56.80193922883643,-10.452042164884023,1.5061634207784422,0.0,0.0,0.0,1.0,0.0,0.15,UNOBSERVED_BODY_ENVELOPE,0.7110185571230425,0,2,0,32,24
88.71666666666667,-56.80193922883643,-10.452042164884023,1.5061634207784422,0.0,0.0,0.0,1.0,0.0,0.15,UNOBSERVED_BODY_ENVELOPE,0.7110185571230425,0,2,0,32,24
88.73333333333333,-56.80193922883643,-10.452042164884023,1.5061634207784422,0.0,0.0,0.0,1.0,0.0,0.15,UNOBSERVED_BODY_ENVELOPE,0.7110185571230425,0,2,0,32,24
88.75,-56.80193922883643,-10.452042164884023,1.5061634207784422,0.0,0.0,0.0,1.0,0.0,0.15,UNOBSERVED_BODY_ENVELOPE,0.7110185571230425,0,2,0,32,24
88.76666666666667,-56.80193922883643,-10.452042164884023,1.5061634207784422,0.0,0.0,0.0,1.0,0.0,0.15,UNOBSERVED_BODY_ENVELOPE,0.7110185571230425,0,2,0,32,24
88.78333333333333,-56.80193922883643,-10.452042164884023,1.5061634207784422,0.0,0.0,0.0,1.0,0.0,0.15,UNOBSERVED_BODY_ENVELOPE,0.7110185571230425,0,2,0,32,24
88.8,-56.80193922883643,-10.452042164884023,1.5061634207784422,0.0,0.0,0.0,1.0,0.0,0.15,UNOBSERVED_BODY_ENVELOPE,0.7110185571230425,0,2,0,32,24
88.81666666666666,-56.80193922883643,-10.452042164884023,1.5061634207784422,0.0,0.0,0.0,1.0,0.0,0.15,UNOBSERVED_BODY_ENVELOPE,0.7110185571230425,0,2,0,32,24
88.83333333333333,-56.80193922883643,-10.452042164884023,1.5061634207784422,0.0,0.0,0.0,1.0,0.0,0.15,UNOBSERVED_BODY_ENVELOPE,0.7110185571230425,0,2,0,32,24
88.85,-56.80193922883643,-10.452042164884023,1.5061634207784422,0.0,0.0,0.0,1.0,0.0,0.15,UNOBSERVED_BODY_ENVELOPE,0.7110185571230425,0,2,0,32,24
88.86666666666666,-56.80193922883643,-10.452042164884023,1.5061634207784422,0.0,0.0,0.0,1.0,0.0,0.15,UNOBSERVED_BODY_ENVELOPE,0.7110185571230425,0,2,0,32,24
88.88333333333334,-56.80193922883643,-10.452042164884023,1.5061634207784422,0.0,0.0,0.0,1.0,0.0,0.15,UNOBSERVED_BODY_ENVELOPE,0.7110185571230425,0,2,0,32,24
88.9,-56.80193922883643,-10.452042164884023,1.5061634207784422,0.0,0.0,0.0,1.0,0.0,0.15,UNOBSERVED_BODY_ENVELOPE,0.7110185571230425,0,2,0,32,24
88.91666666666667,-56.80193922883643,-10.452042164884023,1.5061634207784422,0.0,0.0,0.0,1.0,0.0,0.15,UNOBSERVED_BODY_ENVELOPE,0.7110185571230425,0,2,0,32,24
88.93333333333334,-56.80193922883643,-10.452042164884023,1.5061634207784422,0.0,0.0,0.0,1.0,0.0,0.15,UNOBSERVED_BODY_ENVELOPE,0.7110185571230425,0,2,0,32,24
88.95,-56.80193922883643,-10.452042164884023,1.5061634207784422,0.0,0.0,0.0,1.0,0.0,0.15,UNOBSERVED_BODY_ENVELOPE,0.7110185571230425,0,2,0,32,24
88.96666666666667,-56.80193922883643,-10.452042164884023,1.5061634207784422,0.0,0.0,0.0,1.0,0.0,0.15,UNOBSERVED_BODY_ENVELOPE,0.7110185571230425,0,2,0,32,24
88.98333333333333,-56.80193922883643,-10.452042164884023,1.5061634207784422,0.0,0.0,0.0,1.0,0.0,0.15,UNOBSERVED_BODY_ENVELOPE,0.7110185571230425,0,2,0,32,24
89.0,-56.80193922883643,-10.452042164884023,1.5061634207784422,0.0,0.0,0.0,1.0,0.0,0.15,UNOBSERVED_BODY_ENVELOPE,0.7110185571230425,0,2,0,32,24
89.01666666666667,-56.80193922883643,-10.452042164884023,1.5061634207784422,0.0,0.0,0.0,1.0,0.0,0.15,UNOBSERVED_BODY_ENVELOPE,0.7110185571230425,0,2,0,32,24
89.03333333333333,-56.80193922883643,-10.452042164884023,1.5061634207784422,0.0,0.0,0.0,1.0,0.0,0.15,UNOBSERVED_BODY_ENVELOPE,0.7110185571230425,0,2,0,32,24
89.05,-56.80193922883643,-10.452042164884023,1.5061634207784422,0.0,0.0,0.0,1.0,0.0,0.15,UNOBSERVED_BODY_ENVELOPE,0.7110185571230425,0,2,0,32,24
89.06666666666666,-56.80193922883643,-10.452042164884023,1.5061634207784422,0.0,0.0,0.0,1.0,0.0,0.15,UNOBSERVED_BODY_ENVELOPE,0.7110185571230425,0,2,0,32,24
89.08333333333333,-56.80193922883643,-10.452042164884023,1.5061634207784422,0.0,0.0,0.0,1.0,0.0,0.15,UNOBSERVED_BODY_ENVELOPE,0.7110185571230425,0,2,0,32,24
89.1,-56.80193922883643,-10.452042164884023,1.5061634207784422,0.0,0.0,0.0,1.0,0.0,0.15,UNOBSERVED_BODY_ENVELOPE,0.7110185571230425,0,2,0,32,24
89.11666666666666,-56.80193922883643,-10.452042164884023,1.5061634207784422,0.0,0.0,0.0,1.0,0.0,0.15,UNOBSERVED_BODY_ENVELOPE,0.7110185571230425,0,2,0,32,24
89.13333333333334,-56.80193922883643,-10.452042164884023,1.5061634207784422,0.0,0.0,0.0,1.0,0.0,0.15,UNOBSERVED_BODY_ENVELOPE,0.7110185571230425,0,2,0,32,24
89.15,-56.80193922883643,-10.452042164884023,1.5061634207784422,0.0,0.0,0.0,1.0,0.0,0.15,UNOBSERVED_BODY_ENVELOPE,0.7110185571230425,0,2,0,32,24
89.16666666666667,-56.80193922883643,-10.452042164884023,1.5061634207784422,0.0,0.0,0.0,1.0,0.0,0.15,UNOBSERVED_BODY_ENVELOPE,0.7110185571230425,0,2,0,32,24
89.18333333333334,-56.80193922883643,-10.452042164884023,1.5061634207784422,0.0,0.0,0.0,1.0,0.0,0.15,UNOBSERVED_BODY_ENVELOPE,0.7110185571230425,0,2,0,32,24
89.2,-56.80193922883643,-10.452042164884023,1.5061634207784422,0.0,0.0,0.0,1.0,0.0,0.15,UNOBSERVED_BODY_ENVELOPE,0.7110185571230425,0,2,0,32,24
89.21666666666667,-56.80193922883643,-10.452042164884023,1.5061634207784422,0.0,0.0,0.0,1.0,0.0,0.15,UNOBSERVED_BODY_ENVELOPE,0.7110185571230425,0,2,0,32,24
89.23333333333333,-56.80193922883643,-10.452042164884023,1.5061634207784422,0.0,0.0,0.0,1.0,0.0,0.15,UNOBSERVED_BODY_ENVELOPE,0.7110185571230425,0,2,0,32,24
89.25,-56.80193922883643,-10.452042164884023,1.5061634207784422,0.0,0.0,0.0,1.0,0.0,0.15,UNOBSERVED_BODY_ENVELOPE,0.7110185571230425,0,2,0,32,24
89.26666666666667,-56.80193922883643,-10.452042164884023,1.5061634207784422,0.0,0.0,0.0,1.0,0.0,0.15,UNOBSERVED_BODY_ENVELOPE,0.7110185571230425,0,2,0,32,24
89.28333333333333,-56.80193922883643,-10.452042164884023,1.5061634207784422,0.0,0.0,0.0,1.0,0.0,0.15,UNOBSERVED_BODY_ENVELOPE,0.7110185571230425,0,2,0,32,24
89.3,-56.80193922883643,-10.452042164884023,1.5061634207784422,0.0,0.0,0.0,1.0,0.0,0.15,UNOBSERVED_BODY_ENVELOPE,0.7110185571230425,0,2,0,32,24
89.31666666666666,-56.80193922883643,-10.452042164884023,1.5061634207784422,0.0,0.0,0.0,1.0,0.0,0.15,UNOBSERVED_BODY_ENVELOPE,0.7110185571230425,0,2,0,32,24
89.33333333333333,-56.80193922883643,-10.452042164884023,1.5061634207784422,0.0,0.0,0.0,1.0,0.0,0.15,UNOBSERVED_BODY_ENVELOPE,0.7110185571230425,0,2,0,32,24
89.35,-56.80193922883643,-10.452042164884023,1.5061634207784422,0.0,0.0,0.0,1.0,0.0,0.15,UNOBSERVED_BODY_ENVELOPE,0.7110185571230425,0,2,0,32,24
89.36666666666666,-56.80193922883643,-10.452042164884023,1.5061634207784422,0.0,0.0,0.0,1.0,0.0,0.15,UNOBSERVED_BODY_ENVELOPE,0.7110185571230425,0,2,0,32,24
89.38333333333334,-56.80193922883643,-10.452042164884023,1.5061634207784422,0.0,0.0,0.0,1.0,0.0,0.15,UNOBSERVED_BODY_ENVELOPE,0.7110185571230425,0,2,0,32,24
89.4,-56.80193922883643,-10.452042164884023,1.5061634207784422,0.0,0.0,0.0,1.0,0.0,0.15,UNOBSERVED_BODY_ENVELOPE,0.7110185571230425,0,2,0,32,24
89.41666666666667,-56.80193922883643,-10.452042164884023,1.5061634207784422,0.0,0.0,0.0,1.0,0.0,0.15,UNOBSERVED_BODY_ENVELOPE,0.7110185571230425,0,2,0,32,24
89.43333333333334,-56.80193922883643,-10.452042164884023,1.5061634207784422,0.0,0.0,0.0,1.0,0.0,0.15,UNOBSERVED_BODY_ENVELOPE,0.7110185571230425,0,2,0,32,24
89.45,-56.80193922883643,-10.452042164884023,1.5061634207784422,0.0,0.0,0.0,1.0,0.0,0.15,UNOBSERVED_BODY_ENVELOPE,0.7110185571230425,0,2,0,32,24
89.46666666666667,-56.80193922883643,-10.452042164884023,1.5061634207784422,0.0,0.0,0.0,1.0,0.0,0.15,UNOBSERVED_BODY_ENVELOPE,0.7110185571230425,0,2,0,32,24
89.48333333333333,-56.80193922883643,-10.452042164884023,1.5061634207784422,0.0,0.0,0.0,1.0,0.0,0.15,UNOBSERVED_BODY_ENVELOPE,0.7110185571230425,0,2,0,32,24
89.5,-56.80193922883643,-10.452042164884023,1.5061634207784422,0.0,0.0,0.0,1.0,0.0,0.15,UNOBSERVED_BODY_ENVELOPE,0.7110185571230425,0,2,0,32,24
89.51666666666667,-56.80193922883643,-10.452042164884023,1.5061634207784422,0.0,0.0,0.0,1.0,0.0,0.15,UNOBSERVED_BODY_ENVELOPE,0.7110185571230425,0,2,0,32,24
89.53333333333333,-56.80193922883643,-10.452042164884023,1.5061634207784422,0.0,0.0,0.0,1.0,0.0,0.15,UNOBSERVED_BODY_ENVELOPE,0.7110185571230425,0,2,0,32,24
89.55,-56.80193922883643,-10.452042164884023,1.5061634207784422,0.0,0.0,0.0,1.0,0.0,0.15,UNOBSERVED_BODY_ENVELOPE,0.7110185571230425,0,2,0,32,24
89.56666666666666,-56.80193922883643,-10.452042164884023,1.5061634207784422,0.0,0.0,0.0,1.0,0.0,0.15,UNOBSERVED_BODY_ENVELOPE,0.7110185571230425,0,2,0,32,24
89.58333333333333,-56.80193922883643,-10.452042164884023,1.5061634207784422,0.0,0.0,0.0,1.0,0.0,0.15,UNOBSERVED_BODY_ENVELOPE,0.7110185571230425,0,2,0,32,24
89.6,-56.80193922883643,-10.452042164884023,1.5061634207784422,0.0,0.0,0.0,1.0,0.0,0.15,UNOBSERVED_BODY_ENVELOPE,0.7110185571230425,0,2,0,32,24
89.61666666666666,-56.80193922883643,-10.452042164884023,1.5061634207784422,0.0,0.0,0.0,1.0,0.0,0.15,UNOBSERVED_BODY_ENVELOPE,0.7110185571230425,0,2,0,32,24
89.63333333333334,-56.80193922883643,-10.452042164884023,1.5061634207784422,0.0,0.0,0.0,1.0,0.0,0.15,UNOBSERVED_BODY_ENVELOPE,0.7110185571230425,0,2,0,32,24
89.65,-56.80193922883643,-10.452042164884023,1.5061634207784422,0.0,0.0,0.0,1.0,0.0,0.15,UNOBSERVED_BODY_ENVELOPE,0.7110185571230425,0,2,0,32,24
89.66666666666667,-56.80193922883643,-10.452042164884023,1.5061634207784422,0.0,0.0,0.0,1.0,0.0,0.15,UNOBSERVED_BODY_ENVELOPE,0.7110185571230425,0,2,0,32,24
89.68333333333334,-56.80193922883643,-10.452042164884023,1.5061634207784422,0.0,0.0,0.0,1.0,0.0,0.15,UNOBSERVED_BODY_ENVELOPE,0.7110185571230425,0,2,0,32,24
89.7,-56.80193922883643,-10.452042164884023,1.5061634207784422,0.0,0.0,0.0,1.0,0.0,0.15,UNOBSERVED_BODY_ENVELOPE,0.7110185571230425,0,2,0,32,24
89.71666666666667,-56.80193922883643,-10.452042164884023,1.5061634207784422,0.0,0.0,0.0,1.0,0.0,0.15,UNOBSERVED_BODY_ENVELOPE,0.7110185571230425,0,2,0,32,24
89.73333333333333,-56.80193922883643,-10.452042164884023,1.5061634207784422,0.0,0.0,0.0,1.0,0.0,0.15,UNOBSERVED_BODY_ENVELOPE,0.7110185571230425,0,2,0,32,24
89.75,-56.80193922883643,-10.452042164884023,1.5061634207784422,0.0,0.0,0.0,1.0,0.0,0.15,UNOBSERVED_BODY_ENVELOPE,0.7110185571230425,0,2,0,32,24
89.76666666666667,-56.80193922883643,-10.452042164884023,1.5061634207784422,0.0,0.0,0.0,1.0,0.0,0.15,UNOBSERVED_BODY_ENVELOPE,0.7110185571230425,0,2,0,32,24
89.78333333333333,-56.80193922883643,-10.452042164884023,1.5061634207784422,0.0,0.0,0.0,1.0,0.0,0.15,UNOBSERVED_BODY_ENVELOPE,0.7110185571230425,0,2,0,32,24
89.8,-56.80193922883643,-10.452042164884023,1.5061634207784422,0.0,0.0,0.0,1.0,0.0,0.15,UNOBSERVED_BODY_ENVELOPE,0.7110185571230425,0,2,0,32,24
89.81666666666666,-56.80193922883643,-10.452042164884023,1.5061634207784422,0.0,0.0,0.0,1.0,0.0,0.15,UNOBSERVED_BODY_ENVELOPE,0.7110185571230425,0,2,0,32,24
89.83333333333333,-56.80193922883643,-10.452042164884023,1.5061634207784422,0.0,0.0,0.0,1.0,0.0,0.15,UNOBSERVED_BODY_ENVELOPE,0.7110185571230425,0,2,0,32,24
89.85,-56.80193922883643,-10.452042164884023,1.5061634207784422,0.0,0.0,0.0,1.0,0.0,0.15,UNOBSERVED_BODY_ENVELOPE,0.7110185571230425,0,2,0,32,24
89.86666666666666,-56.80193922883643,-10.452042164884023,1.5061634207784422,0.0,0.0,0.0,1.0,0.0,0.15,UNOBSERVED_BODY_ENVELOPE,0.7110185571230425,0,2,0,32,24
89.88333333333334,-56.80193922883643,-10.452042164884023,1.5061634207784422,0.0,0.0,0.0,1.0,0.0,0.15,UNOBSERVED_BODY_ENVELOPE,0.7110185571230425,0,2,0,32,24
89.9,-56.80193922883643,-10.452042164884023,1.5061634207784422,0.0,0.0,0.0,1.0,0.0,0.15,UNOBSERVED_BODY_ENVELOPE,0.7110185571230425,0,2,0,32,24
89.91666666666667,-56.80193922883643,-10.452042164884023,1.5061634207784422,0.0,0.0,0.0,1.0,0.0,0.15,UNOBSERVED_BODY_ENVELOPE,0.7110185571230425,0,2,0,32,24
89.93333333333334,-56.80193922883643,-10.452042164884023,1.5061634207784422,0.0,0.0,0.0,1.0,0.0,0.15,UNOBSERVED_BODY_ENVELOPE,0.7110185571230425,0,2,0,32,24
89.95,-56.80193922883643,-10.452042164884023,1.5061634207784422,0.0,0.0,0.0,1.0,0.0,0.15,UNOBSERVED_BODY_ENVELOPE,0.7110185571230425,0,2,0,32,24
89.96666666666667,-56.80193922883643,-10.452042164884023,1.5061634207784422,0.0,0.0,0.0,1.0,0.0,0.15,UNOBSERVED_BODY_ENVELOPE,0.7110185571230425,0,2,0,32,24
89.98333333333333,-56.80193922883643,-10.452042164884023,1.5061634207784422,0.0,0.0,0.0,1.0,0.0,0.15,UNOBSERVED_BODY_ENVELOPE,0.7110185571230425,0,2,0,32,24
90.0,-56.80193922883643,-10.452042164884023,1.5061634207784422,0.0,0.0,0.0,0.0,0.0,0.0,UNOBSERVED_BODY_ENVELOPE,0.7110185571230425,0,2,0,32,24
90.01666666666667,-56.80193922883643,-10.452042164884023,1.5061634207784422,0.0,0.0,0.0,0.0,0.0,0.0,UNOBSERVED_BODY_ENVELOPE,0.7110185571230425,0,2,0,32,24
90.03333333333333,-56.80193922883643,-10.452042164884023,1.5061634207784422,0.0,0.0,0.0,0.0,0.0,0.0,UNOBSERVED_BODY_ENVELOPE,0.7110185571230425,0,2,0,32,24
90.05,-56.80193922883643,-10.452042164884023,1.5061634207784422,0.0,0.0,0.0,0.0,0.0,0.0,ZERO_INTENT,0.7110185571230425,0,2,0,32,24
90.06666666666666,-56.80193922883643,-10.452042164884023,1.5061634207784422,0.0,0.0,0.0,0.0,0.0,0.0,ZERO_INTENT,0.7110185571230425,0,2,0,32,24
90.08333333333333,-56.80193922883643,-10.452042164884023,1.5061634207784422,0.0,0.0,0.0,0.0,0.0,0.0,ZERO_INTENT,0.7110185571230425,0,2,0,32,24
90.1,-56.80193922883643,-10.452042164884023,1.5061634207784422,0.0,0.0,0.0,0.0,0.0,0.0,ZERO_INTENT,0.7110185571230425,0,2,0,32,24
90.11666666666666,-56.80193922883643,-10.452042164884023,1.5061634207784422,0.0,0.0,0.0,0.0,0.0,0.0,ZERO_INTENT,0.7110185571230425,0,2,0,32,24
90.13333333333334,-56.80193922883643,-10.452042164884023,1.5061634207784422,0.0,0.0,0.0,0.0,0.0,0.0,ZERO_INTENT,0.7110185571230425,0,2,0,32,24
90.15,-56.80193922883643,-10.452042164884023,1.5061634207784422,0.0,0.0,0.0,0.0,0.0,0.0,ZERO_INTENT,0.7110185571230425,0,2,0,32,24
90.16666666666667,-56.80193922883643,-10.452042164884023,1.5061634207784422,0.0,0.0,0.0,0.0,0.0,0.0,ZERO_INTENT,0.7110185571230425,0,2,0,32,24
90.18333333333334,-56.80193922883643,-10.452042164884023,1.5061634207784422,0.0,0.0,0.0,0.0,0.0,0.0,ZERO_INTENT,0.7110185571230425,0,2,0,32,24
90.2,-56.80193922883643,-10.452042164884023,1.5061634207784422,0.0,0.0,0.0,0.0,0.0,0.0,ZERO_INTENT,0.7110185571230425,0,2,0,32,24
90.21666666666667,-56.80193922883643,-10.452042164884023,1.5061634207784422,0.0,0.0,0.0,0.0,0.0,0.0,ZERO_INTENT,0.7110185571230425,0,2,0,32,24
90.23333333333333,-56.80193922883643,-10.452042164884023,1.5061634207784422,0.0,0.0,0.0,0.0,0.0,0.0,ZERO_INTENT,0.7110185571230425,0,2,0,32,24
90.25,-56.80193922883643,-10.452042164884023,1.5061634207784422,0.0,0.0,0.0,0.0,0.0,0.0,ZERO_INTENT,0.7110185571230425,0,2,0,32,24
90.26666666666667,-56.80193922883643,-10.452042164884023,1.5061634207784422,0.0,0.0,0.0,0.0,0.0,0.0,ZERO_INTENT,0.7110185571230425,0,2,0,32,24
90.28333333333333,-56.80193922883643,-10.452042164884023,1.5061634207784422,0.0,0.0,0.0,0.0,0.0,0.0,ZERO_INTENT,0.7110185571230425,0,2,0,32,24
90.3,-56.80193922883643,-10.452042164884023,1.5061634207784422,0.0,0.0,0.0,0.0,0.0,0.0,ZERO_INTENT,0.7110185571230425,0,2,0,32,24
90.31666666666666,-56.80193922883643,-10.452042164884023,1.5061634207784422,0.0,0.0,0.0,0.0,0.0,0.0,ZERO_INTENT,0.7110185571230425,0,2,0,32,24
90.33333333333333,-56.80193922883643,-10.452042164884023,1.5061634207784422,0.0,0.0,0.0,0.0,0.0,0.0,ZERO_INTENT,0.7110185571230425,0,2,0,32,24
90.35,-56.80193922883643,-10.452042164884023,1.5061634207784422,0.0,0.0,0.0,0.0,0.0,0.0,ZERO_INTENT,0.7110185571230425,0,2,0,32,24
90.36666666666666,-56.80193922883643,-10.452042164884023,1.5061634207784422,0.0,0.0,0.0,0.0,0.0,0.0,ZERO_INTENT,0.7110185571230425,0,2,0,32,24
90.38333333333334,-56.80193922883643,-10.452042164884023,1.5061634207784422,0.0,0.0,0.0,0.0,0.0,0.0,ZERO_INTENT,0.7110185571230425,0,2,0,32,24
90.4,-56.80193922883643,-10.452042164884023,1.5061634207784422,0.0,0.0,0.0,0.0,0.0,0.0,ZERO_INTENT,0.7110185571230425,0,2,0,32,24
90.41666666666667,-56.80193922883643,-10.452042164884023,1.5061634207784422,0.0,0.0,0.0,0.0,0.0,0.0,ZERO_INTENT,0.7110185571230425,0,2,0,32,24
90.43333333333334,-56.80193922883643,-10.452042164884023,1.5061634207784422,0.0,0.0,0.0,0.0,0.0,0.0,ZERO_INTENT,0.7110185571230425,0,2,0,32,24
90.45,-56.80193922883643,-10.452042164884023,1.5061634207784422,0.0,0.0,0.0,0.0,0.0,0.0,ZERO_INTENT,0.7110185571230425,0,2,0,32,24
90.46666666666667,-56.80193922883643,-10.452042164884023,1.5061634207784422,0.0,0.0,0.0,0.0,0.0,0.0,ZERO_INTENT,0.7110185571230425,0,2,0,32,24
90.48333333333333,-56.80193922883643,-10.452042164884023,1.5061634207784422,0.0,0.0,0.0,0.0,0.0,0.0,ZERO_INTENT,0.7110185571230425,0,2,0,32,24
90.5,-56.80193922883643,-10.452042164884023,1.5061634207784422,0.0,0.0,0.0,0.0,0.0,0.0,ZERO_INTENT,0.7110185571230425,0,2,0,32,24
90.51666666666667,-56.80193922883643,-10.452042164884023,1.5061634207784422,0.0,0.0,0.0,0.0,0.0,0.0,ZERO_INTENT,0.7110185571230425,0,2,0,32,24
90.53333333333333,-56.80193922883643,-10.452042164884023,1.5061634207784422,0.0,0.0,0.0,0.0,0.0,0.0,ZERO_INTENT,0.7110185571230425,0,2,0,32,24
90.55,-56.80193922883643,-10.452042164884023,1.5061634207784422,0.0,0.0,0.0,0.0,0.0,0.0,ZERO_INTENT,0.7110185571230425,0,2,0,32,24
90.56666666666666,-56.80193922883643,-10.452042164884023,1.5061634207784422,0.0,0.0,0.0,0.0,0.0,0.0,ZERO_INTENT,0.7110185571230425,0,2,0,32,24
90.58333333333333,-56.80193922883643,-10.452042164884023,1.5061634207784422,0.0,0.0,0.0,0.0,0.0,0.0,ZERO_INTENT,0.7110185571230425,0,2,0,32,24
90.6,-56.80193922883643,-10.452042164884023,1.5061634207784422,0.0,0.0,0.0,0.0,0.0,0.0,ZERO_INTENT,0.7110185571230425,0,2,0,32,24
90.61666666666666,-56.80193922883643,-10.452042164884023,1.5061634207784422,0.0,0.0,0.0,0.0,0.0,0.0,ZERO_INTENT,0.7110185571230425,0,2,0,32,24
90.63333333333334,-56.80193922883643,-10.452042164884023,1.5061634207784422,0.0,0.0,0.0,0.0,0.0,0.0,ZERO_INTENT,0.7110185571230425,0,2,0,32,24
90.65,-56.80193922883643,-10.452042164884023,1.5061634207784422,0.0,0.0,0.0,0.0,0.0,0.0,ZERO_INTENT,0.7110185571230425,0,2,0,32,24
90.66666666666667,-56.80193922883643,-10.452042164884023,1.5061634207784422,0.0,0.0,0.0,0.0,0.0,0.0,ZERO_INTENT,0.7110185571230425,0,2,0,32,24
90.68333333333334,-56.80193922883643,-10.452042164884023,1.5061634207784422,0.0,0.0,0.0,0.0,0.0,0.0,ZERO_INTENT,0.7110185571230425,0,2,0,32,24
90.7,-56.80193922883643,-10.452042164884023,1.5061634207784422,0.0,0.0,0.0,0.0,0.0,0.0,ZERO_INTENT,0.7110185571230425,0,2,0,32,24
90.71666666666667,-56.80193922883643,-10.452042164884023,1.5061634207784422,0.0,0.0,0.0,0.0,0.0,0.0,ZERO_INTENT,0.7110185571230425,0,2,0,32,24
90.73333333333333,-56.80193922883643,-10.452042164884023,1.5061634207784422,0.0,0.0,0.0,0.0,0.0,0.0,ZERO_INTENT,0.7110185571230425,0,2,0,32,24
90.75,-56.80193922883643,-10.452042164884023,1.5061634207784422,0.0,0.0,0.0,0.0,0.0,0.0,ZERO_INTENT,0.7110185571230425,0,2,0,32,24
90.76666666666667,-56.80193922883643,-10.452042164884023,1.5061634207784422,0.0,0.0,0.0,0.0,0.0,0.0,ZERO_INTENT,0.7110185571230425,0,2,0,32,24
90.78333333333333,-56.80193922883643,-10.452042164884023,1.5061634207784422,0.0,0.0,0.0,0.0,0.0,0.0,ZERO_INTENT,0.7110185571230425,0,2,0,32,24
90.8,-56.80193922883643,-10.452042164884023,1.5061634207784422,0.0,0.0,0.0,0.0,0.0,0.0,ZERO_INTENT,0.7110185571230425,0,2,0,32,24
90.81666666666666,-56.80193922883643,-10.452042164884023,1.5061634207784422,0.0,0.0,0.0,0.0,0.0,0.0,ZERO_INTENT,0.7110185571230425,0,2,0,32,24
90.83333333333333,-56.80193922883643,-10.452042164884023,1.5061634207784422,0.0,0.0,0.0,0.0,0.0,0.0,ZERO_INTENT,0.7110185571230425,0,2,0,32,24
90.85,-56.80193922883643,-10.452042164884023,1.5061634207784422,0.0,0.0,0.0,0.0,0.0,0.0,ZERO_INTENT,0.7110185571230425,0,2,0,32,24
90.86666666666666,-56.80193922883643,-10.452042164884023,1.5061634207784422,0.0,0.0,0.0,0.0,0.0,0.0,ZERO_INTENT,0.7110185571230425,0,2,0,32,24
90.88333333333334,-56.80193922883643,-10.452042164884023,1.5061634207784422,0.0,0.0,0.0,0.0,0.0,0.0,ZERO_INTENT,0.7110185571230425,0,2,0,32,24
90.9,-56.80193922883643,-10.452042164884023,1.5061634207784422,0.0,0.0,0.0,0.0,0.0,0.0,ZERO_INTENT,0.7110185571230425,0,2,0,32,24
90.91666666666667,-56.80193922883643,-10.452042164884023,1.5061634207784422,0.0,0.0,0.0,0.0,0.0,0.0,ZERO_INTENT,0.7110185571230425,0,2,0,32,24
90.93333333333334,-56.80193922883643,-10.452042164884023,1.5061634207784422,0.0,0.0,0.0,0.0,0.0,0.0,ZERO_INTENT,0.7110185571230425,0,2,0,32,24
90.95,-56.80193922883643,-10.452042164884023,1.5061634207784422,0.0,0.0,0.0,0.0,0.0,0.0,ZERO_INTENT,0.7110185571230425,0,2,0,32,24
90.96666666666667,-56.80193922883643,-10.452042164884023,1.5061634207784422,0.0,0.0,0.0,0.0,0.0,0.0,ZERO_INTENT,0.7110185571230425,0,2,0,32,24
90.98333333333333,-56.80193922883643,-10.452042164884023,1.5061634207784422,0.0,0.0,0.0,0.0,0.0,0.0,ZERO_INTENT,0.7110185571230425,0,2,0,32,24
91.0,-56.80193922883643,-10.452042164884023,1.5061634207784422,0.0,0.0,0.0,0.0,0.0,0.0,ZERO_INTENT,0.7110185571230425,0,2,0,32,24
91.01666666666667,-56.80193922883643,-10.452042164884023,1.5061634207784422,0.0,0.0,0.0,0.0,0.0,0.0,ZERO_INTENT,0.7110185571230425,0,2,0,32,24
91.03333333333333,-56.80193922883643,-10.452042164884023,1.5061634207784422,0.0,0.0,0.0,0.0,0.0,0.0,ZERO_INTENT,0.7110185571230425,0,2,0,32,24
91.05,-56.80193922883643,-10.452042164884023,1.5061634207784422,0.0,0.0,0.0,0.0,0.0,0.0,ZERO_INTENT,0.7110185571230425,0,2,0,32,24
91.06666666666666,-56.80193922883643,-10.452042164884023,1.5061634207784422,0.0,0.0,0.0,0.0,0.0,0.0,ZERO_INTENT,0.7110185571230425,0,2,0,32,24
91.08333333333333,-56.80193922883643,-10.452042164884023,1.5061634207784422,0.0,0.0,0.0,0.0,0.0,0.0,ZERO_INTENT,0.7110185571230425,0,2,0,32,24
91.1,-56.80193922883643,-10.452042164884023,1.5061634207784422,0.0,0.0,0.0,0.0,0.0,0.0,ZERO_INTENT,0.7110185571230425,0,2,0,32,24
91.11666666666666,-56.80193922883643,-10.452042164884023,1.5061634207784422,0.0,0.0,0.0,0.0,0.0,0.0,ZERO_INTENT,0.7110185571230425,0,2,0,32,24
91.13333333333334,-56.80193922883643,-10.452042164884023,1.5061634207784422,0.0,0.0,0.0,0.0,0.0,0.0,ZERO_INTENT,0.7110185571230425,0,2,0,32,24
91.15,-56.80193922883643,-10.452042164884023,1.5061634207784422,0.0,0.0,0.0,0.0,0.0,0.0,ZERO_INTENT,0.7110185571230425,0,2,0,32,24
91.16666666666667,-56.80193922883643,-10.452042164884023,1.5061634207784422,0.0,0.0,0.0,0.0,0.0,0.0,ZERO_INTENT,0.7110185571230425,0,2,0,32,24
91.18333333333334,-56.80193922883643,-10.452042164884023,1.5061634207784422,0.0,0.0,0.0,0.0,0.0,0.0,ZERO_INTENT,0.7110185571230425,0,2,0,32,24
91.2,-56.80193922883643,-10.452042164884023,1.5061634207784422,0.0,0.0,0.0,0.0,0.0,0.0,ZERO_INTENT,0.7110185571230425,0,2,0,32,24
91.21666666666667,-56.80193922883643,-10.452042164884023,1.5061634207784422,0.0,0.0,0.0,0.0,0.0,0.0,ZERO_INTENT,0.7110185571230425,0,2,0,32,24
91.23333333333333,-56.80193922883643,-10.452042164884023,1.5061634207784422,0.0,0.0,0.0,0.0,0.0,0.0,ZERO_INTENT,0.7110185571230425,0,2,0,32,24
91.25,-56.80193922883643,-10.452042164884023,1.5061634207784422,0.0,0.0,0.0,0.0,0.0,0.0,ZERO_INTENT,0.7110185571230425,0,2,0,32,24
91.26666666666667,-56.80193922883643,-10.452042164884023,1.5061634207784422,0.0,0.0,0.0,0.0,0.0,0.0,ZERO_INTENT,0.7110185571230425,0,2,0,32,24
91.28333333333333,-56.80193922883643,-10.452042164884023,1.5061634207784422,0.0,0.0,0.0,0.0,0.0,0.0,ZERO_INTENT,0.7110185571230425,0,2,0,32,24
91.3,-56.80193922883643,-10.452042164884023,1.5061634207784422,0.0,0.0,0.0,0.0,0.0,0.0,ZERO_INTENT,0.7110185571230425,0,2,0,32,24
91.31666666666666,-56.80193922883643,-10.452042164884023,1.5061634207784422,0.0,0.0,0.0,0.0,0.0,0.0,ZERO_INTENT,0.7110185571230425,0,2,0,32,24
91.33333333333333,-56.80193922883643,-10.452042164884023,1.5061634207784422,0.0,0.0,0.0,0.0,0.0,0.0,ZERO_INTENT,0.7110185571230425,0,2,0,32,24
91.35,-56.80193922883643,-10.452042164884023,1.5061634207784422,0.0,0.0,0.0,0.0,0.0,0.0,ZERO_INTENT,0.7110185571230425,0,2,0,32,24
91.36666666666666,-56.80193922883643,-10.452042164884023,1.5061634207784422,0.0,0.0,0.0,0.0,0.0,0.0,ZERO_INTENT,0.7110185571230425,0,2,0,32,24
91.38333333333334,-56.80193922883643,-10.452042164884023,1.5061634207784422,0.0,0.0,0.0,0.0,0.0,0.0,ZERO_INTENT,0.7110185571230425,0,2,0,32,24
91.4,-56.80193922883643,-10.452042164884023,1.5061634207784422,0.0,0.0,0.0,0.0,0.0,0.0,ZERO_INTENT,0.7110185571230425,0,2,0,32,24
91.41666666666667,-56.80193922883643,-10.452042164884023,1.5061634207784422,0.0,0.0,0.0,0.0,0.0,0.0,ZERO_INTENT,0.7110185571230425,0,2,0,32,24
91.43333333333334,-56.80193922883643,-10.452042164884023,1.5061634207784422,0.0,0.0,0.0,0.0,0.0,0.0,ZERO_INTENT,0.7110185571230425,0,2,0,32,24
91.45,-56.80193922883643,-10.452042164884023,1.5061634207784422,0.0,0.0,0.0,0.0,0.0,0.0,ZERO_INTENT,0.7110185571230425,0,2,0,32,24
91.46666666666667,-56.80193922883643,-10.452042164884023,1.5061634207784422,0.0,0.0,0.0,0.0,0.0,0.0,ZERO_INTENT,0.7110185571230425,0,2,0,32,24
91.48333333333333,-56.80193922883643,-10.452042164884023,1.5061634207784422,0.0,0.0,0.0,0.0,0.0,0.0,ZERO_INTENT,0.7110185571230425,0,2,0,32,24
91.5,-56.80193922883643,-10.452042164884023,1.5061634207784422,0.0,0.0,0.0,0.0,0.0,0.0,ZERO_INTENT,0.7110185571230425,0,2,0,32,24
91.51666666666667,-56.80193922883643,-10.452042164884023,1.5061634207784422,0.0,0.0,0.0,0.0,0.0,0.0,ZERO_INTENT,0.7110185571230425,0,2,0,32,24
91.53333333333333,-56.80193922883643,-10.452042164884023,1.5061634207784422,0.0,0.0,0.0,0.0,0.0,0.0,ZERO_INTENT,0.7110185571230425,0,2,0,32,24
91.55,-56.80193922883643,-10.452042164884023,1.5061634207784422,0.0,0.0,0.0,0.0,0.0,0.0,ZERO_INTENT,0.7110185571230425,0,2,0,32,24
91.56666666666666,-56.80193922883643,-10.452042164884023,1.5061634207784422,0.0,0.0,0.0,0.0,0.0,0.0,ZERO_INTENT,0.7110185571230425,0,2,0,32,24
91.58333333333333,-56.80193922883643,-10.452042164884023,1.5061634207784422,0.0,0.0,0.0,0.0,0.0,0.0,ZERO_INTENT,0.7110185571230425,0,2,0,32,24
91.6,-56.80193922883643,-10.452042164884023,1.5061634207784422,0.0,0.0,0.0,0.0,0.0,0.0,ZERO_INTENT,0.7110185571230425,0,2,0,32,24
91.61666666666666,-56.80193922883643,-10.452042164884023,1.5061634207784422,0.0,0.0,0.0,0.0,0.0,0.0,ZERO_INTENT,0.7110185571230425,0,2,0,32,24
91.63333333333334,-56.80193922883643,-10.452042164884023,1.5061634207784422,0.0,0.0,0.0,0.0,0.0,0.0,ZERO_INTENT,0.7110185571230425,0,2,0,32,24
91.65,-56.80193922883643,-10.452042164884023,1.5061634207784422,0.0,0.0,0.0,0.0,0.0,0.0,ZERO_INTENT,0.7110185571230425,0,2,0,32,24
91.66666666666667,-56.80193922883643,-10.452042164884023,1.5061634207784422,0.0,0.0,0.0,0.0,0.0,0.0,ZERO_INTENT,0.7110185571230425,0,2,0,32,24
91.68333333333334,-56.80193922883643,-10.452042164884023,1.5061634207784422,0.0,0.0,0.0,0.0,0.0,0.0,ZERO_INTENT,0.7110185571230425,0,2,0,32,24
91.7,-56.80193922883643,-10.452042164884023,1.5061634207784422,0.0,0.0,0.0,0.0,0.0,0.0,ZERO_INTENT,0.7110185571230425,0,2,0,32,24
91.71666666666667,-56.80193922883643,-10.452042164884023,1.5061634207784422,0.0,0.0,0.0,0.0,0.0,0.0,ZERO_INTENT,0.7110185571230425,0,2,0,32,24
91.73333333333333,-56.80193922883643,-10.452042164884023,1.5061634207784422,0.0,0.0,0.0,0.0,0.0,0.0,ZERO_INTENT,0.7110185571230425,0,2,0,32,24
91.75,-56.80193922883643,-10.452042164884023,1.5061634207784422,0.0,0.0,0.0,0.0,0.0,0.0,ZERO_INTENT,0.7110185571230425,0,2,0,32,24
91.76666666666667,-56.80193922883643,-10.452042164884023,1.5061634207784422,0.0,0.0,0.0,0.0,0.0,0.0,ZERO_INTENT,0.7110185571230425,0,2,0,32,24
91.78333333333333,-56.80193922883643,-10.452042164884023,1.5061634207784422,0.0,0.0,0.0,0.0,0.0,0.0,ZERO_INTENT,0.7110185571230425,0,2,0,32,24
91.8,-56.80193922883643,-10.452042164884023,1.5061634207784422,0.0,0.0,0.0,0.0,0.0,0.0,ZERO_INTENT,0.7110185571230425,0,2,0,32,24
91.81666666666666,-56.80193922883643,-10.452042164884023,1.5061634207784422,0.0,0.0,0.0,0.0,0.0,0.0,ZERO_INTENT,0.7110185571230425,0,2,0,32,24
91.83333333333333,-56.80193922883643,-10.452042164884023,1.5061634207784422,0.0,0.0,0.0,0.0,0.0,0.0,ZERO_INTENT,0.7110185571230425,0,2,0,32,24
91.85,-56.80193922883643,-10.452042164884023,1.5061634207784422,0.0,0.0,0.0,0.0,0.0,0.0,ZERO_INTENT,0.7110185571230425,0,2,0,32,24
91.86666666666666,-56.80193922883643,-10.452042164884023,1.5061634207784422,0.0,0.0,0.0,0.0,0.0,0.0,ZERO_INTENT,0.7110185571230425,0,2,0,32,24
91.88333333333334,-56.80193922883643,-10.452042164884023,1.5061634207784422,0.0,0.0,0.0,0.0,0.0,0.0,ZERO_INTENT,0.7110185571230425,0,2,0,32,24
91.9,-56.80193922883643,-10.452042164884023,1.5061634207784422,0.0,0.0,0.0,0.0,0.0,0.0,ZERO_INTENT,0.7110185571230425,0,2,0,32,24
91.91666666666667,-56.80193922883643,-10.452042164884023,1.5061634207784422,0.0,0.0,0.0,0.0,0.0,0.0,ZERO_INTENT,0.7110185571230425,0,2,0,32,24
91.93333333333334,-56.80193922883643,-10.452042164884023,1.5061634207784422,0.0,0.0,0.0,0.0,0.0,0.0,ZERO_INTENT,0.7110185571230425,0,2,0,32,24
91.95,-56.80193922883643,-10.452042164884023,1.5061634207784422,0.0,0.0,0.0,0.0,0.0,0.0,ZERO_INTENT,0.7110185571230425,0,2,0,32,24
91.96666666666667,-56.80193922883643,-10.452042164884023,1.5061634207784422,0.0,0.0,0.0,0.0,0.0,0.0,ZERO_INTENT,0.7110185571230425,0,2,0,32,24
91.98333333333333,-56.80193922883643,-10.452042164884023,1.5061634207784422,0.0,0.0,0.0,0.0,0.0,0.0,ZERO_INTENT,0.7110185571230425,0,2,0,32,24
92.0,-56.80193922883643,-10.452042164884023,1.5061634207784422,0.0,0.0,0.0,0.0,0.0,0.0,ZERO_INTENT,0.7110185571230425,0,2,0,32,24
92.01666666666667,-56.80193922883643,-10.452042164884023,1.5061634207784422,0.0,0.0,0.0,0.0,0.0,0.0,ZERO_INTENT,0.7110185571230425,0,2,0,32,24
92.03333333333333,-56.80193922883643,-10.452042164884023,1.5061634207784422,0.0,0.0,0.0,0.0,0.0,0.0,ZERO_INTENT,0.7110185571230425,0,2,0,32,24
92.05,-56.80193922883643,-10.452042164884023,1.5061634207784422,0.0,0.0,0.0,0.0,0.0,0.0,ZERO_INTENT,0.7110185571230425,0,2,0,32,24
92.06666666666666,-56.80193922883643,-10.452042164884023,1.5061634207784422,0.0,0.0,0.0,0.0,0.0,0.0,ZERO_INTENT,0.7110185571230425,0,2,0,32,24
92.08333333333333,-56.80193922883643,-10.452042164884023,1.5061634207784422,0.0,0.0,0.0,0.0,0.0,0.0,ZERO_INTENT,0.7110185571230425,0,2,0,32,24
92.1,-56.80193922883643,-10.452042164884023,1.5061634207784422,0.0,0.0,0.0,0.0,0.0,0.0,ZERO_INTENT,0.7110185571230425,0,2,0,32,24
92.11666666666666,-56.80193922883643,-10.452042164884023,1.5061634207784422,0.0,0.0,0.0,0.0,0.0,0.0,ZERO_INTENT,0.7110185571230425,0,2,0,32,24
92.13333333333334,-56.80193922883643,-10.452042164884023,1.5061634207784422,0.0,0.0,0.0,0.0,0.0,0.0,ZERO_INTENT,0.7110185571230425,0,2,0,32,24
92.15,-56.80193922883643,-10.452042164884023,1.5061634207784422,0.0,0.0,0.0,0.0,0.0,0.0,ZERO_INTENT,0.7110185571230425,0,2,0,32,24
92.16666666666667,-56.80193922883643,-10.452042164884023,1.5061634207784422,0.0,0.0,0.0,0.0,0.0,0.0,ZERO_INTENT,0.7110185571230425,0,2,0,32,24
92.18333333333334,-56.80193922883643,-10.452042164884023,1.5061634207784422,0.0,0.0,0.0,0.0,0.0,0.0,ZERO_INTENT,0.7110185571230425,0,2,0,32,24
92.2,-56.80193922883643,-10.452042164884023,1.5061634207784422,0.0,0.0,0.0,0.0,0.0,0.0,ZERO_INTENT,0.7110185571230425,0,2,0,32,24
92.21666666666667,-56.80193922883643,-10.452042164884023,1.5061634207784422,0.0,0.0,0.0,0.0,0.0,0.0,ZERO_INTENT,0.7110185571230425,0,2,0,32,24
92.23333333333333,-56.80193922883643,-10.452042164884023,1.5061634207784422,0.0,0.0,0.0,0.0,0.0,0.0,ZERO_INTENT,0.7110185571230425,0,2,0,32,24
92.25,-56.80193922883643,-10.452042164884023,1.5061634207784422,0.0,0.0,0.0,0.0,0.0,0.0,ZERO_INTENT,0.7110185571230425,0,2,0,32,24
92.26666666666667,-56.80193922883643,-10.452042164884023,1.5061634207784422,0.0,0.0,0.0,0.0,0.0,0.0,ZERO_INTENT,0.7110185571230425,0,2,0,32,24
92.28333333333333,-56.80193922883643,-10.452042164884023,1.5061634207784422,0.0,0.0,0.0,0.0,0.0,0.0,ZERO_INTENT,0.7110185571230425,0,2,0,32,24
92.3,-56.80193922883643,-10.452042164884023,1.5061634207784422,0.0,0.0,0.0,0.0,0.0,0.0,ZERO_INTENT,0.7110185571230425,0,2,0,32,24
92.31666666666666,-56.80193922883643,-10.452042164884023,1.5061634207784422,0.0,0.0,0.0,0.0,0.0,0.0,ZERO_INTENT,0.7110185571230425,0,2,0,32,24
92.33333333333333,-56.80193922883643,-10.452042164884023,1.5061634207784422,0.0,0.0,0.0,0.0,0.0,0.0,ZERO_INTENT,0.7110185571230425,0,2,0,32,24
92.35,-56.80193922883643,-10.452042164884023,1.5061634207784422,0.0,0.0,0.0,0.0,0.0,0.0,ZERO_INTENT,0.7110185571230425,0,2,0,32,24
92.36666666666666,-56.80193922883643,-10.452042164884023,1.5061634207784422,0.0,0.0,0.0,0.0,0.0,0.0,ZERO_INTENT,0.7110185571230425,0,2,0,32,24
92.38333333333334,-56.80193922883643,-10.452042164884023,1.5061634207784422,0.0,0.0,0.0,0.0,0.0,0.0,ZERO_INTENT,0.7110185571230425,0,2,0,32,24
92.4,-56.80193922883643,-10.452042164884023,1.5061634207784422,0.0,0.0,0.0,0.0,0.0,0.0,ZERO_INTENT,0.7110185571230425,0,2,0,32,24
92.41666666666667,-56.80193922883643,-10.452042164884023,1.5061634207784422,0.0,0.0,0.0,0.0,0.0,0.0,ZERO_INTENT,0.7110185571230425,0,2,0,32,24
92.43333333333334,-56.80193922883643,-10.452042164884023,1.5061634207784422,0.0,0.0,0.0,0.0,0.0,0.0,ZERO_INTENT,0.7110185571230425,0,2,0,32,24
92.45,-56.80193922883643,-10.452042164884023,1.5061634207784422,0.0,0.0,0.0,0.0,0.0,0.0,ZERO_INTENT,0.7110185571230425,0,2,0,32,24
92.46666666666667,-56.80193922883643,-10.452042164884023,1.5061634207784422,0.0,0.0,0.0,0.0,0.0,0.0,ZERO_INTENT,0.7110185571230425,0,2,0,32,24
92.48333333333333,-56.80193922883643,-10.452042164884023,1.5061634207784422,0.0,0.0,0.0,0.0,0.0,0.0,ZERO_INTENT,0.7110185571230425,0,2,0,32,24
92.5,-56.80193922883643,-10.452042164884023,1.5061634207784422,0.0,0.0,0.0,0.0,0.0,0.0,ZERO_INTENT,0.7110185571230425,0,2,0,32,24
92.51666666666667,-56.80193922883643,-10.452042164884023,1.5061634207784422,0.0,0.0,0.0,0.0,0.0,0.0,ZERO_INTENT,0.7110185571230425,0,2,0,32,24
92.53333333333333,-56.80193922883643,-10.452042164884023,1.5061634207784422,0.0,0.0,0.0,0.0,0.0,0.0,ZERO_INTENT,0.7110185571230425,0,2,0,32,24
92.55,-56.80193922883643,-10.452042164884023,1.5061634207784422,0.0,0.0,0.0,0.0,0.0,0.0,ZERO_INTENT,0.7110185571230425,0,2,0,32,24
92.56666666666666,-56.80193922883643,-10.452042164884023,1.5061634207784422,0.0,0.0,0.0,0.0,0.0,0.0,ZERO_INTENT,0.7110185571230425,0,2,0,32,24
92.58333333333333,-56.80193922883643,-10.452042164884023,1.5061634207784422,0.0,0.0,0.0,0.0,0.0,0.0,ZERO_INTENT,0.7110185571230425,0,2,0,32,24
92.6,-56.80193922883643,-10.452042164884023,1.5061634207784422,0.0,0.0,0.0,0.0,0.0,0.0,ZERO_INTENT,0.7110185571230425,0,2,0,32,24
92.61666666666666,-56.80193922883643,-10.452042164884023,1.5061634207784422,0.0,0.0,0.0,0.0,0.0,0.0,ZERO_INTENT,0.7110185571230425,0,2,0,32,24
92.63333333333334,-56.80193922883643,-10.452042164884023,1.5061634207784422,0.0,0.0,0.0,0.0,0.0,0.0,ZERO_INTENT,0.7110185571230425,0,2,0,32,24
92.65,-56.80193922883643,-10.452042164884023,1.5061634207784422,0.0,0.0,0.0,0.0,0.0,0.0,ZERO_INTENT,0.7110185571230425,0,2,0,32,24
92.66666666666667,-56.80193922883643,-10.452042164884023,1.5061634207784422,0.0,0.0,0.0,0.0,0.0,0.0,ZERO_INTENT,0.7110185571230425,0,2,0,32,24
92.68333333333334,-56.80193922883643,-10.452042164884023,1.5061634207784422,0.0,0.0,0.0,0.0,0.0,0.0,ZERO_INTENT,0.7110185571230425,0,2,0,32,24
92.7,-56.80193922883643,-10.452042164884023,1.5061634207784422,0.0,0.0,0.0,0.0,0.0,0.0,ZERO_INTENT,0.7110185571230425,0,2,0,32,24
92.71666666666667,-56.80193922883643,-10.452042164884023,1.5061634207784422,0.0,0.0,0.0,0.0,0.0,0.0,ZERO_INTENT,0.7110185571230425,0,2,0,32,24
92.73333333333333,-56.80193922883643,-10.452042164884023,1.5061634207784422,0.0,0.0,0.0,0.0,0.0,0.0,ZERO_INTENT,0.7110185571230425,0,2,0,32,24
92.75,-56.80193922883643,-10.452042164884023,1.5061634207784422,0.0,0.0,0.0,0.0,0.0,0.0,ZERO_INTENT,0.7110185571230425,0,2,0,32,24
92.76666666666667,-56.80193922883643,-10.452042164884023,1.5061634207784422,0.0,0.0,0.0,0.0,0.0,0.0,ZERO_INTENT,0.7110185571230425,0,2,0,32,24
92.78333333333333,-56.80193922883643,-10.452042164884023,1.5061634207784422,0.0,0.0,0.0,0.0,0.0,0.0,ZERO_INTENT,0.7110185571230425,0,2,0,32,24
92.8,-56.80193922883643,-10.452042164884023,1.5061634207784422,0.0,0.0,0.0,0.0,0.0,0.0,ZERO_INTENT,0.7110185571230425,0,2,0,32,24
92.81666666666666,-56.80193922883643,-10.452042164884023,1.5061634207784422,0.0,0.0,0.0,0.0,0.0,0.0,ZERO_INTENT,0.7110185571230425,0,2,0,32,24
92.83333333333333,-56.80193922883643,-10.452042164884023,1.5061634207784422,0.0,0.0,0.0,0.0,0.0,0.0,ZERO_INTENT,0.7110185571230425,0,2,0,32,24
92.85,-56.80193922883643,-10.452042164884023,1.5061634207784422,0.0,0.0,0.0,0.0,0.0,0.0,ZERO_INTENT,0.7110185571230425,0,2,0,32,24
92.86666666666666,-56.80193922883643,-10.452042164884023,1.5061634207784422,0.0,0.0,0.0,0.0,0.0,0.0,ZERO_INTENT,0.7110185571230425,0,2,0,32,24
92.88333333333334,-56.80193922883643,-10.452042164884023,1.5061634207784422,0.0,0.0,0.0,0.0,0.0,0.0,ZERO_INTENT,0.7110185571230425,0,2,0,32,24
92.9,-56.80193922883643,-10.452042164884023,1.5061634207784422,0.0,0.0,0.0,0.0,0.0,0.0,ZERO_INTENT,0.7110185571230425,0,2,0,32,24
92.91666666666667,-56.80193922883643,-10.452042164884023,1.5061634207784422,0.0,0.0,0.0,0.0,0.0,0.0,ZERO_INTENT,0.7110185571230425,0,2,0,32,24
92.93333333333334,-56.80193922883643,-10.452042164884023,1.5061634207784422,0.0,0.0,0.0,0.0,0.0,0.0,ZERO_INTENT,0.7110185571230425,0,2,0,32,24
92.95,-56.80193922883643,-10.452042164884023,1.5061634207784422,0.0,0.0,0.0,0.0,0.0,0.0,ZERO_INTENT,0.7110185571230425,0,2,0,32,24
92.96666666666667,-56.80193922883643,-10.452042164884023,1.5061634207784422,0.0,0.0,0.0,0.0,0.0,0.0,ZERO_INTENT,0.7110185571230425,0,2,0,32,24
92.98333333333333,-56.80193922883643,-10.452042164884023,1.5061634207784422,0.0,0.0,0.0,0.0,0.0,0.0,ZERO_INTENT,0.7110185571230425,0,2,0,32,24
93.0,-56.80193922883643,-10.452042164884023,1.5061634207784422,0.0,0.0,0.0,0.0,0.0,0.0,ZERO_INTENT,0.7110185571230425,0,2,0,32,24
93.01666666666667,-56.80193922883643,-10.452042164884023,1.5061634207784422,0.0,0.0,0.0,0.0,0.0,0.0,ZERO_INTENT,0.7110185571230425,0,2,0,32,24
93.03333333333333,-56.80193922883643,-10.452042164884023,1.5061634207784422,0.0,0.0,0.0,0.0,0.0,0.0,ZERO_INTENT,0.7110185571230425,0,2,0,32,24
93.05,-56.80193922883643,-10.452042164884023,1.5061634207784422,0.0,0.0,0.0,0.0,0.0,0.0,ZERO_INTENT,0.7110185571230425,0,2,0,32,24
93.06666666666666,-56.80193922883643,-10.452042164884023,1.5061634207784422,0.0,0.0,0.0,0.0,0.0,0.0,ZERO_INTENT,0.7110185571230425,0,2,0,32,24
93.08333333333333,-56.80193922883643,-10.452042164884023,1.5061634207784422,0.0,0.0,0.0,0.0,0.0,0.0,ZERO_INTENT,0.7110185571230425,0,2,0,32,24
93.1,-56.80193922883643,-10.452042164884023,1.5061634207784422,0.0,0.0,0.0,0.0,0.0,0.0,ZERO_INTENT,0.7110185571230425,0,2,0,32,24
93.11666666666666,-56.80193922883643,-10.452042164884023,1.5061634207784422,0.0,0.0,0.0,0.0,0.0,0.0,ZERO_INTENT,0.7110185571230425,0,2,0,32,24
93.13333333333334,-56.80193922883643,-10.452042164884023,1.5061634207784422,0.0,0.0,0.0,0.0,0.0,0.0,ZERO_INTENT,0.7110185571230425,0,2,0,32,24
93.15,-56.80193922883643,-10.452042164884023,1.5061634207784422,0.0,0.0,0.0,0.0,0.0,0.0,ZERO_INTENT,0.7110185571230425,0,2,0,32,24
93.16666666666667,-56.80193922883643,-10.452042164884023,1.5061634207784422,0.0,0.0,0.0,0.0,0.0,0.0,ZERO_INTENT,0.7110185571230425,0,2,0,32,24
93.18333333333334,-56.80193922883643,-10.452042164884023,1.5061634207784422,0.0,0.0,0.0,0.0,0.0,0.0,ZERO_INTENT,0.7110185571230425,0,2,0,32,24
93.2,-56.80193922883643,-10.452042164884023,1.5061634207784422,0.0,0.0,0.0,0.0,0.0,0.0,ZERO_INTENT,0.7110185571230425,0,2,0,32,24
93.21666666666667,-56.80193922883643,-10.452042164884023,1.5061634207784422,0.0,0.0,0.0,0.0,0.0,0.0,ZERO_INTENT,0.7110185571230425,0,2,0,32,24
93.23333333333333,-56.80193922883643,-10.452042164884023,1.5061634207784422,0.0,0.0,0.0,0.0,0.0,0.0,ZERO_INTENT,0.7110185571230425,0,2,0,32,24
93.25,-56.80193922883643,-10.452042164884023,1.5061634207784422,0.0,0.0,0.0,0.0,0.0,0.0,ZERO_INTENT,0.7110185571230425,0,2,0,32,24
93.26666666666667,-56.80193922883643,-10.452042164884023,1.5061634207784422,0.0,0.0,0.0,0.0,0.0,0.0,ZERO_INTENT,0.7110185571230425,0,2,0,32,24
93.28333333333333,-56.80193922883643,-10.452042164884023,1.5061634207784422,0.0,0.0,0.0,0.0,0.0,0.0,ZERO_INTENT,0.7110185571230425,0,2,0,32,24
93.3,-56.80193922883643,-10.452042164884023,1.5061634207784422,0.0,0.0,0.0,0.0,0.0,0.0,ZERO_INTENT,0.7110185571230425,0,2,0,32,24
93.31666666666666,-56.80193922883643,-10.452042164884023,1.5061634207784422,0.0,0.0,0.0,0.0,0.0,0.0,ZERO_INTENT,0.7110185571230425,0,2,0,32,24
93.33333333333333,-56.80193922883643,-10.452042164884023,1.5061634207784422,0.0,0.0,0.0,0.0,0.0,0.0,ZERO_INTENT,0.7110185571230425,0,2,0,32,24
93.35,-56.80193922883643,-10.452042164884023,1.5061634207784422,0.0,0.0,0.0,0.0,0.0,0.0,ZERO_INTENT,0.7110185571230425,0,2,0,32,24
93.36666666666666,-56.80193922883643,-10.452042164884023,1.5061634207784422,0.0,0.0,0.0,0.0,0.0,0.0,ZERO_INTENT,0.7110185571230425,0,2,0,32,24
93.38333333333334,-56.80193922883643,-10.452042164884023,1.5061634207784422,0.0,0.0,0.0,0.0,0.0,0.0,ZERO_INTENT,0.7110185571230425,0,2,0,32,24
93.4,-56.80193922883643,-10.452042164884023,1.5061634207784422,0.0,0.0,0.0,0.0,0.0,0.0,ZERO_INTENT,0.7110185571230425,0,2,0,32,24
93.41666666666667,-56.80193922883643,-10.452042164884023,1.5061634207784422,0.0,0.0,0.0,0.0,0.0,0.0,ZERO_INTENT,0.7110185571230425,0,2,0,32,24
93.43333333333334,-56.80193922883643,-10.452042164884023,1.5061634207784422,0.0,0.0,0.0,0.0,0.0,0.0,ZERO_INTENT,0.7110185571230425,0,2,0,32,24
93.45,-56.80193922883643,-10.452042164884023,1.5061634207784422,0.0,0.0,0.0,0.0,0.0,0.0,ZERO_INTENT,0.7110185571230425,0,2,0,32,24
93.46666666666667,-56.80193922883643,-10.452042164884023,1.5061634207784422,0.0,0.0,0.0,0.0,0.0,0.0,ZERO_INTENT,0.7110185571230425,0,2,0,32,24
93.48333333333333,-56.80193922883643,-10.452042164884023,1.5061634207784422,0.0,0.0,0.0,0.0,0.0,0.0,ZERO_INTENT,0.7110185571230425,0,2,0,32,24
93.5,-56.80193922883643,-10.452042164884023,1.5061634207784422,0.0,0.0,0.0,0.0,0.0,0.0,ZERO_INTENT,0.7110185571230425,0,2,0,32,24
93.51666666666667,-56.80193922883643,-10.452042164884023,1.5061634207784422,0.0,0.0,0.0,0.0,0.0,0.0,ZERO_INTENT,0.7110185571230425,0,2,0,32,24
93.53333333333333,-56.80193922883643,-10.452042164884023,1.5061634207784422,0.0,0.0,0.0,0.0,0.0,0.0,ZERO_INTENT,0.7110185571230425,0,2,0,32,24
93.55,-56.80193922883643,-10.452042164884023,1.5061634207784422,0.0,0.0,0.0,0.0,0.0,0.0,ZERO_INTENT,0.7110185571230425,0,2,0,32,24
93.56666666666666,-56.80193922883643,-10.452042164884023,1.5061634207784422,0.0,0.0,0.0,0.0,0.0,0.0,ZERO_INTENT,0.7110185571230425,0,2,0,32,24
93.58333333333333,-56.80193922883643,-10.452042164884023,1.5061634207784422,0.0,0.0,0.0,0.0,0.0,0.0,ZERO_INTENT,0.7110185571230425,0,2,0,32,24
93.6,-56.80193922883643,-10.452042164884023,1.5061634207784422,0.0,0.0,0.0,0.0,0.0,0.0,ZERO_INTENT,0.7110185571230425,0,2,0,32,24
93.61666666666666,-56.80193922883643,-10.452042164884023,1.5061634207784422,0.0,0.0,0.0,0.0,0.0,0.0,ZERO_INTENT,0.7110185571230425,0,2,0,32,24
93.63333333333334,-56.80193922883643,-10.452042164884023,1.5061634207784422,0.0,0.0,0.0,0.0,0.0,0.0,ZERO_INTENT,0.7110185571230425,0,2,0,32,24
93.65,-56.80193922883643,-10.452042164884023,1.5061634207784422,0.0,0.0,0.0,0.0,0.0,0.0,ZERO_INTENT,0.7110185571230425,0,2,0,32,24
93.66666666666667,-56.80193922883643,-10.452042164884023,1.5061634207784422,0.0,0.0,0.0,0.0,0.0,0.0,ZERO_INTENT,0.7110185571230425,0,2,0,32,24
93.68333333333334,-56.80193922883643,-10.452042164884023,1.5061634207784422,0.0,0.0,0.0,0.0,0.0,0.0,ZERO_INTENT,0.7110185571230425,0,2,0,32,24
93.7,-56.80193922883643,-10.452042164884023,1.5061634207784422,0.0,0.0,0.0,0.0,0.0,0.0,ZERO_INTENT,0.7110185571230425,0,2,0,32,24
93.71666666666667,-56.80193922883643,-10.452042164884023,1.5061634207784422,0.0,0.0,0.0,0.0,0.0,0.0,ZERO_INTENT,0.7110185571230425,0,2,0,32,24
93.73333333333333,-56.80193922883643,-10.452042164884023,1.5061634207784422,0.0,0.0,0.0,0.0,0.0,0.0,ZERO_INTENT,0.7110185571230425,0,2,0,32,24
93.75,-56.80193922883643,-10.452042164884023,1.5061634207784422,0.0,0.0,0.0,0.0,0.0,0.0,ZERO_INTENT,0.7110185571230425,0,2,0,32,24
93.76666666666667,-56.80193922883643,-10.452042164884023,1.5061634207784422,0.0,0.0,0.0,0.0,0.0,0.0,ZERO_INTENT,0.7110185571230425,0,2,0,32,24
93.78333333333333,-56.80193922883643,-10.452042164884023,1.5061634207784422,0.0,0.0,0.0,0.0,0.0,0.0,ZERO_INTENT,0.7110185571230425,0,2,0,32,24
93.8,-56.80193922883643,-10.452042164884023,1.5061634207784422,0.0,0.0,0.0,0.0,0.0,0.0,ZERO_INTENT,0.7110185571230425,0,2,0,32,24
93.81666666666666,-56.80193922883643,-10.452042164884023,1.5061634207784422,0.0,0.0,0.0,0.0,0.0,0.0,ZERO_INTENT,0.7110185571230425,0,2,0,32,24
93.83333333333333,-56.80193922883643,-10.452042164884023,1.5061634207784422,0.0,0.0,0.0,0.0,0.0,0.0,ZERO_INTENT,0.7110185571230425,0,2,0,32,24
93.85,-56.80193922883643,-10.452042164884023,1.5061634207784422,0.0,0.0,0.0,0.0,0.0,0.0,ZERO_INTENT,0.7110185571230425,0,2,0,32,24
93.86666666666666,-56.80193922883643,-10.452042164884023,1.5061634207784422,0.0,0.0,0.0,0.0,0.0,0.0,ZERO_INTENT,0.7110185571230425,0,2,0,32,24
93.88333333333334,-56.80193922883643,-10.452042164884023,1.5061634207784422,0.0,0.0,0.0,0.0,0.0,0.0,ZERO_INTENT,0.7110185571230425,0,2,0,32,24
93.9,-56.80193922883643,-10.452042164884023,1.5061634207784422,0.0,0.0,0.0,0.0,0.0,0.0,ZERO_INTENT,0.7110185571230425,0,2,0,32,24
93.91666666666667,-56.80193922883643,-10.452042164884023,1.5061634207784422,0.0,0.0,0.0,0.0,0.0,0.0,ZERO_INTENT,0.7110185571230425,0,2,0,32,24
93.93333333333334,-56.80193922883643,-10.452042164884023,1.5061634207784422,0.0,0.0,0.0,0.0,0.0,0.0,ZERO_INTENT,0.7110185571230425,0,2,0,32,24
93.95,-56.80193922883643,-10.452042164884023,1.5061634207784422,0.0,0.0,0.0,0.0,0.0,0.0,ZERO_INTENT,0.7110185571230425,0,2,0,32,24
93.96666666666667,-56.80193922883643,-10.452042164884023,1.5061634207784422,0.0,0.0,0.0,0.0,0.0,0.0,ZERO_INTENT,0.7110185571230425,0,2,0,32,24
93.98333333333333,-56.80193922883643,-10.452042164884023,1.5061634207784422,0.0,0.0,0.0,0.0,0.0,0.0,ZERO_INTENT,0.7110185571230425,0,2,0,32,24
94.0,-56.80193922883643,-10.452042164884023,1.5061634207784422,0.0,0.0,0.0,0.0,0.0,0.0,ZERO_INTENT,0.7110185571230425,0,2,0,32,24
94.01666666666667,-56.80193922883643,-10.452042164884023,1.5061634207784422,0.0,0.0,0.0,0.0,0.0,0.0,ZERO_INTENT,0.7110185571230425,0,2,0,32,24
