t,x,y,z,vx,vy,vz,qx,qy,qz,status,esdf_clearance_r048,collision_blocks,recorded_balls,revoked_balls,expired_views,evicted_views
0.0,-64.0,-11.2,2.8,0.0,0.0,0.0,0.0,0.0,0.0,WAITING_ODOMETRY,3.4576320838928183,0,,,,
0.016666666666666666,-64.0,-11.2,2.8,0.0,0.0,0.0,0.0,0.0,0.0,WAITING_ODOMETRY,3.4576320838928183,0,,,,
0.03333333333333333,-64.0,-11.2,2.8,0.0,0.0,0.0,0.0,0.0,0.0,WAITING_ODOMETRY,3.4576320838928183,0,,,,
0.05,-64.0,-11.2,2.8,0.0,0.0,0.0,0.0,0.0,0.0,ZERO_INTENT,3.4576320838928183,0,,,,
0.06666666666666667,-64.0,-11.2,2.8,0.0,0.0,0.0,0.0,0.0,0.0,ZERO_INTENT,3.4576320838928183,0,,,,
0.08333333333333333,-64.0,-11.2,2.8,0.0,0.0,0.0,0.0,0.0,0.0,ZERO_INTENT,3.4576320838928183,0,,,,
0.1,-64.0,-11.2,2.8,0.0,0.0,0.0,0.0,0.0,0.0,ZERO_INTENT,3.4576320838928183,0,,,,
0.11666666666666667,-64.0,-11.2,2.8,0.0,0.0,0.0,0.0,0.0,0.0,ZERO_INTENT,3.4576320838928183,0,,,,
0.13333333333333333,-64.0,-11.2,2.8,0.0,0.0,0.0,0.0,0.0,0.0,ZERO_INTENT,3.4576320838928183,0,,,,
0.15,-64.0,-11.2,2.8,0.0,0.0,0.0,0.0,0.0,0.0,ZERO_INTENT,3.4576320838928183,0,,,,
0.16666666666666666,-64.0,-11.2,2.8,0.0,0.0,0.0,0.0,0.0,0.0,ZERO_INTENT,3.4576320838928183,0,,,,
0.18333333333333332,-64.0,-11.2,2.8,0.0,0.0,0.0,0.0,0.0,0.0,ZERO_INTENT,3.4576320838928183,0,,,,
0.2,-64.0,-11.2,2.8,0.0,0.0,0.0,0.0,0.0,0.0,ZERO_INTENT,3.4576320838928183,0,,,,
0.21666666666666667,-64.0,-11.2,2.8,0.0,0.0,0.0,0.0,0.0,0.0,ZERO_INTENT,3.4576320838928183,0,,,,
0.23333333333333334,-64.0,-11.2,2.8,0.0,0.0,0.0,0.0,0.0,0.0,ZERO_INTENT,3.4576320838928183,0,,,,
0.25,-64.0,-11.2,2.8,0.0,0.0,0.0,0.0,0.0,0.0,ZERO_INTENT,3.4576320838928183,0,,,,
0.26666666666666666,-64.0,-11.2,2.8,0.0,0.0,0.0,0.0,0.0,0.0,ZERO_INTENT,3.4576320838928183,0,,,,
0.2833333333333333,-64.0,-11.2,2.8,0.0,0.0,0.0,0.0,0.0,0.0,ZERO_INTENT,3.4576320838928183,0,,,,
0.3,-64.0,-11.2,2.8,0.0,0.0,0.0,0.0,0.0,0.0,ZERO_INTENT,3.4576320838928183,0,,,,
0.31666666666666665,-64.0,-11.2,2.8,0.0,0.0,0.0,0.0,0.0,0.0,ZERO_INTENT,3.4576320838928183,0,,,,
0.3333333333333333,-64.0,-11.2,2.8,0.0,0.0,0.0,0.0,0.0,0.0,ZERO_INTENT,3.4576320838928183,0,,,,
0.35,-64.0,-11.2,2.8,0.0,0.0,0.0,0.0,0.0,0.0,ZERO_INTENT,3.4576320838928183,0,,,,
0.36666666666666664,-64.0,-11.2,2.8,0.0,0.0,0.0,0.0,0.0,0.0,ZERO_INTENT,3.4576320838928183,0,,,,
0.38333333333333336,-64.0,-11.2,2.8,0.0,0.0,0.0,0.0,0.0,0.0,ZERO_INTENT,3.4576320838928183,0,,,,
0.4,-64.0,-11.2,2.8,0.0,0.0,0.0,0.0,0.0,0.0,ZERO_INTENT,3.4576320838928183,0,,,,
0.4166666666666667,-64.0,-11.2,2.8,0.0,0.0,0.0,0.0,0.0,0.0,ZERO_INTENT,3.4576320838928183,0,,,,
0.43333333333333335,-64.0,-11.2,2.8,0.0,0.0,0.0,0.0,0.0,0.0,ZERO_INTENT,3.4576320838928183,0,,,,
0.45,-64.0,-11.2,2.8,0.0,0.0,0.0,0.0,0.0,0.0,ZERO_INTENT,3.4576320838928183,0,,,,
0.4666666666666667,-64.0,-11.2,2.8,0.0,0.0,0.0,0.0,0.0,0.0,ZERO_INTENT,3.4576320838928183,0,,,,
0.48333333333333334,-64.0,-11.2,2.8,0.0,0.0,0.0,0.0,0.0,0.0,ZERO_INTENT,3.4576320838928183,0,,,,
0.5,-64.0,-11.2,2.8,0.0,0.0,0.0,0.0,0.0,0.0,ZERO_INTENT,3.4576320838928183,0,,,,
0.5166666666666667,-64.0,-11.2,2.8,0.0,0.0,0.0,0.0,0.0,0.0,ZERO_INTENT,3.4576320838928183,0,,,,
0.5333333333333333,-64.0,-11.2,2.8,0.0,0.0,0.0,0.0,0.0,0.0,ZERO_INTENT,3.4576320838928183,0,,,,
0.55,-64.0,-11.2,2.8,0.0,0.0,0.0,0.0,0.0,0.0,ZERO_INTENT,3.4576320838928183,0,,,,
0.5666666666666667,-64.0,-11.2,2.8,0.0,0.0,0.0,0.0,0.0,0.0,ZERO_INTENT,3.4576320838928183,0,,,,
0.5833333333333334,-64.0,-11.2,2.8,0.0,0.0,0.0,0.0,0.0,0.0,ZERO_INTENT,3.4576320838928183,0,,,,
0.6,-64.0,-11.2,2.8,0.0,0.0,0.0,0.0,0.0,0.0,ZERO_INTENT,3.4576320838928183,0,,,,
0.6166666666666667,-64.0,-11.2,2.8,0.0,0.0,0.0,0.0,0.0,0.0,ZERO_INTENT,3.4576320838928183,0,,,,
0.6333333333333333,-64.0,-11.2,2.8,0.0,0.0,0.0,0.0,0.0,0.0,ZERO_INTENT,3.4576320838928183,0,,,,
0.65,-64.0,-11.2,2.8,0.0,0.0,0.0,0.0,0.0,0.0,ZERO_INTENT,3.4576320838928183,0,,,,
0.6666666666666666,-64.0,-11.2,2.8,0.0,0.0,0.0,0.0,0.0,0.0,ZERO_INTENT,3.4576320838928183,0,,,,
0.6833333333333333,-64.0,-11.2,2.8,0.0,0.0,0.0,0.0,0.0,0.0,ZERO_INTENT,3.4576320838928183,0,,,,
0.7,-64.0,-11.2,2.8,0.0,0.0,0.0,0.0,0.0,0.0,ZERO_INTENT,3.4576320838928183,0,,,,
0.7166666666666667,-64.0,-11.2,2.8,0.0,0.0,0.0,0.0,0.0,0.0,ZERO_INTENT,3.4576320838928183,0,,,,
0.7333333333333333,-64.0,-11.2,2.8,0.0,0.0,0.0,0.0,0.0,0.0,ZERO_INTENT,3.4576320838928183,0,,,,
0.75,-64.0,-11.2,2.8,0.0,0.0,0.0,0.0,0.0,0.0,ZERO_INTENT,3.4576320838928183,0,,,,
0.7666666666666667,-64.0,-11.2,2.8,0.0,0.0,0.0,0.0,0.0,0.0,ZERO_INTENT,3.4576320838928183,0,,,,
0.7833333333333333,-64.0,-11.2,2.8,0.0,0.0,0.0,0.0,0.0,0.0,ZERO_INTENT,3.4576320838928183,0,,,,
0.8,-64.0,-11.2,2.8,0.0,0.0,0.0,0.0,0.0,0.0,ZERO_INTENT,3.4576320838928183,0,,,,
0.8166666666666667,-64.0,-11.2,2.8,0.0,0.0,0.0,0.0,0.0,0.0,ZERO_INTENT,3.4576320838928183,0,,,,
0.8333333333333334,-64.0,-11.2,2.8,0.0,0.0,0.0,0.0,0.0,0.0,ZERO_INTENT,3.4576320838928183,0,,,,
0.85,-64.0,-11.2,2.8,0.0,0.0,0.0,0.0,0.0,0.0,ZERO_INTENT,3.4576320838928183,0,,,,
0.8666666666666667,-64.0,-11.2,2.8,0.0,0.0,0.0,0.0,0.0,0.0,ZERO_INTENT,3.4576320838928183,0,,,,
0.8833333333333333,-64.0,-11.2,2.8,0.0,0.0,0.0,0.0,0.0,0.0,ZERO_INTENT,3.4576320838928183,0,,,,
0.9,-64.0,-11.2,2.8,0.0,0.0,0.0,0.0,0.0,0.0,ZERO_INTENT,3.4576320838928183,0,,,,
0.9166666666666666,-64.0,-11.2,2.8,0.0,0.0,0.0,0.0,0.0,0.0,ZERO_INTENT,3.4576320838928183,0,,,,
0.9333333333333333,-64.0,-11.2,2.8,0.0,0.0,0.0,0.0,0.0,0.0,ZERO_INTENT,3.4576320838928183,0,,,,
0.95,-64.0,-11.2,2.8,0.0,0.0,0.0,0.0,0.0,0.0,ZERO_INTENT,3.4576320838928183,0,,,,
0.9666666666666667,-64.0,-11.2,2.8,0.0,0.0,0.0,0.0,0.0,0.0,ZERO_INTENT,3.4576320838928183,0,,,,
0.9833333333333333,-64.0,-11.2,2.8,0.0,0.0,0.0,0.0,0.0,0.0,ZERO_INTENT,3.4576320838928183,0,,,,
1.0,-64.0,-11.2,2.8,0.0,0.0,0.0,1.0,0.0,0.0,ZERO_INTENT,3.4576320838928183,0,,,,
1.0166666666666666,-64.0,-11.2,2.8,0.0,0.0,0.0,1.0,0.0,0.0,ZERO_INTENT,3.4576320838928183,0,,,,
1.0333333333333334,-63.99966666666667,-11.2,2.8,0.020000000000000195,0.0,0.0,1.0,0.0,0.0,ZERO_INTENT,3.4574158438046756,0,,,,
1.05,-63.999,-11.2,2.8,0.04000000000000012,0.0,0.0,1.0,0.0,0.0,ZERO_INTENT,3.4569833636283858,0,,,,
1.0666666666666667,-63.998000000000005,-11.2,2.8,0.060000000000000046,0.0,0.0,1.0,0.0,0.0,TARGET_HOLD,3.4563346433639524,0,,,,
1.0833333333333333,-63.99666666666667,-11.2,2.8,0.07999999999999997,0.0,0.0,1.0,0.0,0.0,TARGET_HOLD,3.455469683011371,0,2,0,0,0
1.1,-63.995000000000005,-11.2,2.8,0.10000000000000017,0.0,0.0,1.0,0.0,0.0,TARGET_HOLD,3.4543884825706472,0,2,0,0,0
1.1166666666666667,-63.993,-11.2,2.8,0.1200000000000001,0.0,0.0,1.0,0.0,0.0,TARGET_HOLD,3.453091042041777,0,2,0,0,0
1.1333333333333333,-63.99066666666667,-11.2,2.8,0.14000000000000004,0.0,0.0,1.0,0.0,0.0,TARGET_HOLD,3.451577361424762,0,2,0,0,0
1.15,-63.988,-11.2,2.8,0.15999999999999998,0.0,0.0,1.0,0.0,0.0,TARGET_HOLD,3.4498474407196005,0,2,0,0,0
1.1666666666666667,-63.985,-11.2,2.8,0.18000000000000016,0.0,0.0,1.0,0.0,0.0,TARGET_HOLD,3.447901279926296,0,2,0,0,0
1.1833333333333333,-63.98166666666667,-11.2,2.8,0.2000000000000001,0.0,0.0,1.0,0.0,0.0,TARGET_HOLD,3.445738879044848,0,2,0,0,0
1.2,-63.978,-11.2,2.8,0.22000000000000003,0.0,0.0,1.0,0.0,0.0,TARGET_HOLD,3.443360238075254,0,2,0,0,0
1.2166666666666666,-63.974000000000004,-11.2,2.8,0.23999999999999996,0.0,0.0,1.0,0.0,0.0,TARGET_HOLD,3.4407653570175154,0,2,0,0,0
1.2333333333333334,-63.96966666666667,-11.2,2.8,0.2600000000000002,0.0,0.0,1.0,0.0,0.0,TARGET_HOLD,3.4379542358716306,0,2,0,0,0
1.25,-63.965,-11.2,2.8,0.2800000000000001,0.0,0.0,1.0,0.0,0.0,TARGET_HOLD,3.4349268746376027,0,2,0,0,0
1.2666666666666666,-63.96,-11.2,2.8,0.3,0.0,0.0,1.0,0.0,0.0,TARGET_HOLD,3.4316832733154277,0,2,0,0,0
1.2833333333333334,-63.95466666666667,-11.2,2.8,0.3200000000000002,0.0,0.0,1.0,0.0,0.0,TARGET_HOLD,3.4282234319051077,0,2,0,0,0
1.3,-63.949,-11.2,2.8,0.3400000000000001,0.0,0.0,1.0,0.0,0.0,TARGET_HOLD,3.4245473504066415,0,2,0,0,0
1.3166666666666667,-63.943,-11.2,2.8,0.36,0.0,0.0,1.0,0.0,0.0,TARGET_HOLD,3.4206550288200326,0,2,0,0,0
1.3333333333333333,-63.93666666666667,-11.2,2.8,0.3799999999999999,0.0,0.0,1.0,0.0,0.0,TARGET_HOLD,3.41654646714528,0,2,0,0,0
1.35,-63.93,-11.2,2.8,0.4000000000000001,0.0,0.0,1.0,0.0,0.0,TARGET_HOLD,3.4122216653823814,0,2,0,0,0
1.3666666666666667,-63.923,-11.2,2.8,0.42,0.0,0.0,1.0,0.0,0.0,TARGET_HOLD,3.407680623531339,0,2,0,0,0
1.3833333333333333,-63.91566666666667,-11.2,2.8,0.4399999999999999,0.0,0.0,1.0,0.0,0.0,TARGET_HOLD,3.402923341592149,0,2,0,0,0
1.4,-63.908,-11.2,2.8,0.4599999999999998,0.0,0.0,1.0,0.0,0.0,TARGET_HOLD,3.397949819564817,0,2,0,0,0
1.4166666666666667,-63.9,-11.2,2.8,0.48,0.0,0.0,1.0,0.0,0.0,TARGET_HOLD,3.3927600574493373,0,2,0,0,0
1.4333333333333333,-63.891666666666666,-11.2,2.8,0.4999999999999999,0.0,0.0,1.0,0.0,0.0,TARGET_HOLD,3.3873540552457126,0,2,0,0,0
1.45,-63.882999999999996,-11.2,2.8,0.5199999999999998,0.0,0.0,1.0,0.0,0.0,TARGET_HOLD,3.3817318129539418,0,2,0,0,0
1.4666666666666666,-63.873999999999995,-11.2,2.8,0.5399999999999997,0.0,0.0,1.0,0.0,0.0,TARGET_HOLD,3.3758933305740286,0,2,0,0,0
1.4833333333333334,-63.864666666666665,-11.2,2.8,0.5599999999999999,0.0,0.0,1.0,0.0,0.0,TARGET_HOLD,3.369838608105972,0,2,0,0,0
1.5,-63.855,-11.2,2.8,0.5799999999999998,0.0,0.0,1.0,0.0,0.0,TARGET_HOLD,3.363567645549769,0,2,0,0,0
1.5166666666666666,-63.845,-11.2,2.8,0.5999999999999998,0.0,0.0,1.0,0.0,0.0,TARGET_HOLD,3.357080442905422,0,2,0,0,0
1.5333333333333334,-63.834666666666664,-11.2,2.8,0.62,0.0,0.0,1.0,0.0,0.0,TARGET_HOLD,3.350377000172927,0,2,0,0,0
1.55,-63.824,-11.2,2.8,0.6399999999999999,0.0,0.0,1.0,0.0,0.0,TARGET_HOLD,3.3434573173522897,0,2,0,0,0
1.5666666666666667,-63.812999999999995,-11.2,2.8,0.6599999999999998,0.0,0.0,1.0,0.0,0.0,TARGET_HOLD,3.3363213944435066,0,3,0,0,0
1.5833333333333333,-63.80166666666666,-11.2,2.8,0.6799999999999997,0.0,0.0,1.0,0.0,0.0,TARGET_HOLD,3.328969231446577,0,3,0,0,0
1.6,-63.78999999999999,-11.2,2.8,0.7,0.0,0.0,1.0,0.0,0.0,TARGET_HOLD,3.321400828361502,0,3,0,0,0
1.6166666666666667,-63.77799999999999,-11.2,2.8,0.7199999999999999,0.0,0.0,1.0,0.0,0.0,TARGET_HOLD,3.3136161851882844,0,3,0,0,0
1.6333333333333333,-63.76566666666666,-11.2,2.8,0.7399999999999998,0.0,0.0,1.0,0.0,0.0,TARGET_HOLD,3.3056153019269225,0,3,0,0,0
1.65,-63.753005050505045,-11.2,2.8,0.7596969696969694,0.0,0.0,1.0,0.0,0.0,TARGET_HOLD,3.297401454942389,0,3,0,0,0
1.6666666666666667,-63.74004002142638,-11.2,2.8,0.7779017447199265,0.0,0.0,1.0,0.0,0.0,TARGET_HOLD,3.2889907778500715,0,3,0,0,0
1.6833333333333333,-63.72679456525771,-11.2,2.8,0.794727370119932,0.0,0.0,1.0,0.0,0.0,TARGET_HOLD,3.280398182021775,0,3,0,0,0
1.7,-63.71328992647556,-11.2,2.8,0.810278326929028,0.0,0.0,1.0,0.0,0.0,TARGET_HOLD,3.271637449179919,0,3,0,0,0
1.7166666666666666,-63.6995457401264,-11.2,2.8,0.8246511809495561,0.0,0.0,1.0,0.0,0.0,TARGET_HOLD,3.262721316977053,0,3,0,0,0
1.7333333333333334,-63.68558015375319,-11.2,2.8,0.8379351823927718,0.0,0.0,1.0,0.0,0.0,TARGET_HOLD,3.2536615580920363,0,3,0,0,0
1.75,-63.67140994008502,-11.2,2.8,0.850212820090289,0.0,0.0,1.0,0.0,0.0,TARGET_HOLD,3.244469053334122,0,3,0,0,0
1.7666666666666666,-63.65705060118969,-11.2,2.8,0.8615603337198126,0.0,0.0,1.0,0.0,0.0,TARGET_HOLD,3.235153859208833,0,4,0,0,0
1.7833333333333334,-63.64251646473593,-11.2,2.8,0.8720481872258875,0.0,0.0,1.0,0.0,0.0,TARGET_HOLD,3.2257252703652175,0,4,0,0,0
1.8,-63.627820772963005,-11.2,2.8,0.8817415063754415,0.0,0.0,1.0,0.0,0.0,TARGET_HOLD,3.2161918773122347,0,4,0,0,0
1.8166666666666667,-63.61297576491025,-11.2,2.8,0.8907004831651807,0.0,0.0,1.0,0.0,0.0,TARGET_HOLD,3.206561619762717,0,4,0,0,0
1.8333333333333333,-63.59799275241705,-11.2,2.8,0.8989807495920609,0.0,0.0,1.0,0.0,0.0,TARGET_HOLD,3.1969698856043527,0,4,0,0,0
1.85,-63.582882190365254,-11.2,2.8,0.9066337231078139,0.0,0.0,1.0,0.0,0.0,TARGET_HOLD,3.188131315840359,0,4,0,0,0
1.8666666666666667,-63.56765374160021,-11.2,2.8,0.9137069259026764,0.0,0.0,1.0,0.0,0.0,TARGET_HOLD,3.1792237910013856,0,4,0,0,0
1.8833333333333333,-63.55231633693353,-11.2,2.8,0.9202442800009585,0.0,0.0,1.0,0.0,0.0,TARGET_HOLD,3.170252534956748,0,4,0,0,0
1.9,-63.53687823060018,-11.2,2.8,0.9262863800008858,0.0,0.0,1.0,0.0,0.0,TARGET_HOLD,3.161222375828085,0,4,0,0,0
1.9166666666666667,-63.52134705151431,-11.2,2.8,0.9318707451523339,0.0,0.0,1.0,0.0,0.0,TARGET_HOLD,3.1521377759702527,0,5,0,0,0
1.9333333333333333,-63.50572985064201,-11.2,2.8,0.9370320523377631,0.0,0.0,1.0,0.0,0.0,TARGET_HOLD,3.1430028596809083,0,5,0,0,0
1.95,-63.49003314478529,-11.2,2.8,0.9418023514030841,0.0,0.0,1.0,0.0,0.0,TARGET_HOLD,3.1338214388109287,0,5,0,0,0
1.9666666666666666,-63.474262957049035,-11.2,2.8,0.9462112641755778,0.0,0.0,1.0,0.0,0.0,TARGET_HOLD,3.124597036434604,0,5,0,0,0
1.9833333333333334,-63.45842485424229,-11.2,2.8,0.9502861684047007,0.0,0.0,1.0,0.0,0.0,TARGET_HOLD,3.1153329087266557,0,5,0,0,0
2.0,-63.44252398144616,-11.2,2.8,0.954052367767981,0.0,0.0,1.0,0.0,0.0,TARGET_HOLD,3.1060320651819056,0,5,0,0,0
2.0166666666666666,-63.426565093962864,-11.2,2.8,0.9575332489976793,0.0,0.0,1.0,0.0,0.0,TARGET_HOLD,3.096697287303141,0,5,0,0,0
2.033333333333333,-63.41055258684447,-11.2,2.8,0.9607504271039158,0.0,0.0,1.0,0.0,0.0,TARGET_HOLD,3.0873311458732435,0,5,0,0,0
2.05,-63.39449052218453,-11.2,2.8,0.9637238795960433,0.0,0.0,1.0,0.0,0.0,TARGET_HOLD,3.07793601691881,0,5,0,0,0
2.066666666666667,-63.37838265434227,-11.2,2.8,0.966472070535737,0.0,0.0,1.0,0.0,0.0,TARGET_HOLD,3.068514096464427,0,6,0,0,0
2.0833333333333335,-63.362232453255736,-11.2,2.8,0.9690120651921206,0.0,0.0,1.0,0.0,0.0,TARGET_HOLD,3.059067414169187,0,6,0,0,0
2.1,-63.346043125988885,-11.2,2.8,0.9713596360108994,0.0,0.0,1.0,0.0,0.0,TARGET_HOLD,3.049597845930117,0,6,0,0,0
2.1166666666666667,-63.32981763664629,-11.2,2.8,0.9735293605555282,0.0,0.0,1.0,0.0,0.0,TARGET_HOLD,3.0401071255308456,0,6,0,0,0
2.1333333333333333,-63.31355872477915,-11.2,2.8,0.9755347120285942,0.0,0.0,1.0,0.0,0.0,TARGET_HOLD,3.0305968554077523,0,6,0,0,0
2.15,-63.29726892239689,-11.2,2.8,0.9773881429355189,0.0,0.0,1.0,0.0,0.0,TARGET_HOLD,3.021068516600517,0,6,0,0,0
2.1666666666666665,-63.280950569690056,-11.2,2.8,0.9791011624101008,0.0,0.0,1.0,0.0,0.0,TARGET_HOLD,3.011523477948852,0,6,0,0,0
2.183333333333333,-63.26460582956202,-11.2,2.8,0.9806844076820629,0.0,0.0,1.0,0.0,0.0,TARGET_HOLD,3.0019630045924823,0,6,0,0,0
2.2,-63.248236701059845,-11.2,2.8,0.9821477101303915,0.0,0.0,1.0,0.0,0.0,TARGET_HOLD,2.9923882658272185,0,6,0,0,0
2.216666666666667,-63.231845031787635,-11.2,2.8,0.9835001563326345,0.0,0.0,1.0,0.0,0.0,TARGET_HOLD,2.9828003423658607,0,7,0,0,0
2.2333333333333334,-63.215432529379484,-11.2,2.8,0.9847501444892531,0.0,0.0,1.0,0.0,0.0,TARGET_HOLD,2.973200233049019,0,7,0,0,0
2.25,-63.19900077210326,-11.2,2.8,0.9859054365734006,0.0,0.0,1.0,0.0,0.0,TARGET_HOLD,2.9635486667190953,0,7,0,0,0
2.2666666666666666,-63.1825512186611,-11.2,2.8,0.9869732065299611,0.0,0.0,1.0,0.0,0.0,TARGET_HOLD,2.95326519561978,0,7,0,0,0
2.283333333333333,-63.16608521724738,-11.2,2.8,0.9879600848231459,0.0,0.0,1.0,0.0,0.0,TARGET_HOLD,2.9429714420382855,0,7,0,0,0
2.3,-63.14960401392056,-11.2,2.8,0.9888721996092712,0.0,0.0,1.0,0.0,0.0,TARGET_HOLD,2.9326681849505354,0,7,0,0,0
2.316666666666667,-63.13310876034072,-11.2,2.8,0.989715214790387,0.0,0.0,1.0,0.0,0.0,TARGET_HOLD,2.922356144319122,0,7,0,0,0
2.3333333333333335,-63.11660052092097,-11.2,2.8,0.9904943651850547,0.0,0.0,1.0,0.0,0.0,TARGET_HOLD,2.912035985564026,0,7,0,0,0
2.35,-63.10008027943706,-11.2,2.8,0.9912144890346718,0.0,0.0,1.0,0.0,0.0,TARGET_HOLD,2.901708323694613,0,7,0,0,0
2.3666666666666667,-63.08354894513627,-11.2,2.8,0.9918800580471967,0.0,0.0,1.0,0.0,0.0,TARGET_HOLD,2.891373727128633,0,8,0,0,0
2.3833333333333333,-63.06700735838353,-11.2,2.8,0.9924952051648334,0.0,0.0,1.0,0.0,0.0,TARGET_HOLD,2.8810327212218936,0,8,0,0,0
2.4,-63.05045629587973,-11.2,2.8,0.9930637502281036,0.0,0.0,1.0,0.0,0.0,TARGET_HOLD,2.8706857915305033,0,8,0,0,0
2.4166666666666665,-63.0338964754848,-11.2,2.8,0.9935892236956715,0.0,0.0,1.0,0.0,0.0,TARGET_HOLD,2.8603333868260354,0,8,0,0,0
2.433333333333333,-63.017328560675345,-11.2,2.8,0.9940748885672115,0.0,0.0,1.0,0.0,0.0,TARGET_HOLD,2.849975921882199,0,8,0,0,0
2.45,-63.001093979199226,-11.2,2.8,0.974074888567211,0.0,0.0,1.0,0.0,0.0,TARGET_HOLD,2.8398268409356455,0,8,0,0,0
2.466666666666667,-62.985192731056436,-11.2,2.8,0.9540748885672111,0.0,0.0,1.0,0.0,0.0,ANGULAR_STEP_BLOCKED,2.8298861439863727,0,8,0,0,0
2.4833333333333334,-62.969624816246984,-11.2,2.8,0.9340748885672112,0.0,0.0,1.0,0.0,0.0,ANGULAR_STEP_BLOCKED,2.8201538310343834,0,8,0,0,0
2.5,-62.95439023477086,-11.2,2.8,0.9140748885672113,0.0,0.0,1.0,0.0,0.0,ANGULAR_STEP_BLOCKED,2.8106299020796732,0,8,0,0,0
2.5166666666666666,-62.93948898662808,-11.2,2.8,0.8940748885672114,0.0,0.0,1.0,0.0,0.0,ANGULAR_STEP_BLOCKED,2.8013143571222465,0,8,0,0,0
2.533333333333333,-62.92492107181862,-11.2,2.8,0.8740748885672115,0.0,0.0,1.0,0.0,0.0,ANGULAR_STEP_BLOCKED,2.7922071961621007,0,9,0,0,0
2.55,-62.910686490342506,-11.2,2.8,0.8540748885672116,0.0,0.0,1.0,0.0,0.0,ANGULAR_STEP_BLOCKED,2.7833084191992374,0,9,0,0,0
2.566666666666667,-62.89678524219972,-11.2,2.8,0.8340748885672111,0.0,0.0,1.0,0.0,0.0,ANGULAR_STEP_BLOCKED,2.774618026233654,0,9,0,0,0
2.5833333333333335,-62.88321732739026,-11.2,2.8,0.8140748885672112,0.0,0.0,1.0,0.0,0.0,ANGULAR_STEP_BLOCKED,2.766136017265351,0,9,0,0,0
2.6,-62.86998274591414,-11.2,2.8,0.7940748885672113,0.0,0.0,1.0,0.0,0.0,ANGULAR_STEP_BLOCKED,2.757862392294329,0,9,0,0,0
2.6166666666666667,-62.857081497771354,-11.2,2.8,0.7740748885672114,0.0,0.0,1.0,0.0,0.0,ANGULAR_STEP_BLOCKED,2.7497971513205894,0,9,0,0,0
2.6333333333333333,-62.8445135829619,-11.2,2.8,0.7540748885672115,0.0,0.0,1.0,0.0,0.0,ANGULAR_STEP_BLOCKED,2.741940294344133,0,9,0,0,0
2.65,-62.83227900148578,-11.2,2.8,0.7340748885672116,0.0,0.0,1.0,0.0,0.0,ANGULAR_STEP_BLOCKED,2.7342918213649554,0,9,0,0,0
2.6666666666666665,-62.820377753342996,-11.2,2.8,0.7140748885672117,0.0,0.0,1.0,0.0,0.0,ANGULAR_STEP_BLOCKED,2.7268517323830608,0,9,0,0,0
2.683333333333333,-62.80880983853354,-11.2,2.8,0.6940748885672118,0.0,0.0,1.0,0.0,0.0,ANGULAR_STEP_BLOCKED,2.7196200273984474,0,10,0,0,0
2.7,-62.797575257057424,-11.2,2.8,0.6740748885672113,0.0,0.0,1.0,0.0,0.0,ANGULAR_STEP_BLOCKED,2.712475761322012,0,10,0,0,0
2.716666666666667,-62.78667400891464,-11.2,2.8,0.6540748885672114,0.0,0.0,1.0,0.0,0.0,ANGULAR_STEP_BLOCKED,2.7051170749699804,0,10,0,0,0
2.7333333333333334,-62.77610609410518,-11.2,2.8,0.6340748885672115,0.0,0.0,1.0,0.0,0.0,ANGULAR_STEP_BLOCKED,2.697983399132206,0,10,0,0,0
2.75,-62.76587151262906,-11.2,2.8,0.6140748885672116,0.0,0.0,1.0,0.0,0.0,ANGULAR_STEP_BLOCKED,2.6910747338086933,0,10,0,0,0
2.7666666666666666,-62.75597026448627,-11.2,2.8,0.5940748885672117,0.0,0.0,1.0,0.0,0.0,ANGULAR_STEP_BLOCKED,2.6843910789994396,0,10,0,0,0
2.783333333333333,-62.74573568301015,-11.2,2.8,0.6140748885672116,0.0,0.0,1.0,0.0,0.0,ANGULAR_STEP_BLOCKED,2.677482413675926,0,10,0,0,0
2.8,-62.7351677682007,-11.2,2.8,0.6340748885672115,0.0,0.0,1.0,0.0,0.0,ANGULAR_STEP_BLOCKED,2.6703487378381525,0,10,0,0,0
2.816666666666667,-62.72426652005791,-11.2,2.8,0.654074888567212,0.0,0.0,1.0,0.0,0.0,ANGULAR_STEP_BLOCKED,2.662990051486121,0,10,0,0,0
2.8333333333333335,-62.71303193858179,-11.2,2.8,0.6740748885672119,0.0,0.0,1.0,0.0,0.0,TARGET_HOLD,2.655406354619832,0,10,0,0,0
2.85,-62.70146402377234,-11.2,2.8,0.6940748885672118,0.0,0.0,1.0,0.0,0.0,TARGET_HOLD,2.6475976472392824,0,10,0,0,0
2.8666666666666667,-62.689562775629554,-11.2,2.8,0.7140748885672117,0.0,0.0,1.0,0.0,0.0,TARGET_HOLD,2.6395639293444737,0,10,0,0,0
2.8833333333333333,-62.67732819415343,-11.2,2.8,0.7340748885672116,0.0,0.0,1.0,0.0,0.0,TARGET_HOLD,2.6313052009354037,0,10,0,0,0
2.9,-62.66476027934398,-11.2,2.8,0.7540748885672115,0.0,0.0,1.0,0.0,0.0,TARGET_HOLD,2.6228214620120767,0,11,0,0,0
2.9166666666666665,-62.65188185303019,-11.2,2.8,0.7727055788272712,0.0,0.0,1.0,0.0,0.0,TARGET_HOLD,2.6141281180289258,0,11,0,0,0
2.933333333333333,-62.63871643881088,-11.2,2.8,0.7899248531585384,0.0,0.0,1.0,0.0,0.0,TARGET_HOLD,2.605241048157156,0,11,0,0,0
2.95,-62.62528577819405,-11.2,2.8,0.8058396370101647,0.0,0.0,1.0,0.0,0.0,TARGET_HOLD,2.5961749286004463,0,11,0,0,0
2.966666666666667,-62.61160996560374,-11.2,2.8,0.8205487554184855,0.0,0.0,1.0,0.0,0.0,TARGET_HOLD,2.586943323728869,0,11,0,0,0
2.9833333333333334,-62.59770757315916,-11.2,2.8,0.8341435466746607,0.0,0.0,1.0,0.0,0.0,TARGET_HOLD,2.5775587703086993,0,11,0,0,0
3.0,-62.58359576600079,-11.2,2.8,0.8467084295023379,0.0,0.0,1.0,0.0,0.0,TARGET_HOLD,2.568032855351198,0,11,0,0,0
3.0166666666666666,-62.56929040887967,-11.2,2.8,0.8583214272673123,0.0,0.0,1.0,0.0,0.0,TARGET_HOLD,2.558376288063734,0,11,0,0,0
3.033333333333333,-62.55480616467176,-11.2,2.8,0.8690546524743341,0.0,0.0,1.0,0.0,0.0,TARGET_HOLD,2.5485989663500974,0,11,0,0,0
3.05,-62.5401565854291,-11.2,2.8,0.8789747545596118,0.0,0.0,1.0,0.0,0.0,TARGET_HOLD,2.538710038272877,0,11,0,0,0
3.066666666666667,-62.52535419653311,-11.2,2.8,0.8881433337596415,0.0,0.0,1.0,0.0,0.0,TARGET_HOLD,2.5287179588596156,0,11,0,0,0
3.0833333333333335,-62.51041057447267,-11.2,2.8,0.8966173236263353,0.0,0.0,1.0,0.0,0.0,TARGET_HOLD,2.5186305426054667,0,11,0,0,0
3.1,-62.49533641872994,-11.2,2.8,0.904449344563734,0.0,0.0,1.0,0.0,0.0,TARGET_HOLD,2.508455011998376,0,12,0,0,0
3.1166666666666667,-62.480141618220244,-11.2,2.8,0.911688030581633,0.0,0.0,1.0,0.0,0.0,TARGET_HOLD,2.49819804236811,0,12,0,0,0
3.1333333333333333,-62.46483531269866,-11.2,2.8,0.9183783312951456,0.0,0.0,1.0,0.0,0.0,TARGET_HOLD,2.487865803337644,0,12,0,0,0
3.15,-62.44942594951457,-11.2,2.8,0.9245617910455133,0.0,0.0,1.0,0.0,0.0,TARGET_HOLD,2.477463997134261,0,12,0,0,0
3.1666666666666665,-62.433921336066646,-11.2,2.8,0.9302768068753986,0.0,0.0,1.0,0.0,0.0,TARGET_HOLD,2.4669978939983315,0,12,0,0,0
3.183333333333333,-62.41832868828397,-11.2,2.8,0.9355588669605956,0.0,0.0,1.0,0.0,0.0,TARGET_HOLD,2.4564723649095987,0,12,0,0,0
3.2,-62.40265467543433,-11.2,2.8,0.9404407709787325,0.0,0.0,1.0,0.0,0.0,TARGET_HOLD,2.4458919118341815,0,12,0,0,0
3.216666666666667,-62.386905461537935,-11.2,2.8,0.9449528337833739,0.0,0.0,1.0,0.0,0.0,TARGET_HOLD,2.435342015486874,0,12,0,0,0
3.2333333333333334,-62.3710867436438,-11.2,2.8,0.9491230736482699,0.0,0.0,1.0,0.0,0.0,TARGET_HOLD,2.4247621194694795,0,12,0,0,0
3.25,-62.35520378720629,-11.2,2.8,0.9529773862506736,0.0,0.0,1.0,0.0,0.0,TARGET_HOLD,2.4141392593437585,0,13,0,0,0
3.2666666666666666,-62.33926145878172,-11.2,2.8,0.9565397054741074,0.0,0.0,1.0,0.0,0.0,TARGET_HOLD,2.403476689966396,0,13,0,0,0
3.283333333333333,-62.3232642562479,-11.2,2.8,0.9598321520290992,0.0,0.0,1.0,0.0,0.0,TARGET_HOLD,2.392777419614042,0,13,0,0,0
3.3,-62.30721633673432,-11.2,2.8,0.9628751708147735,0.0,0.0,1.0,0.0,0.0,TARGET_HOLD,2.3820442286635815,0,13,0,0,0
3.316666666666667,-62.291121542436414,-11.2,2.8,0.9656876578742604,0.0,0.0,1.0,0.0,0.0,TARGET_HOLD,2.371279686857297,0,13,0,0,0
3.3333333333333335,-62.27498342447421,-11.2,2.8,0.968287077732271,0.0,0.0,1.0,0.0,0.0,TARGET_HOLD,2.3604861692600285,0,13,0,0,0
3.35,-62.25880526494348,-11.2,2.8,0.9706895718434625,0.0,0.0,1.0,0.0,0.0,TARGET_HOLD,2.3496658710074527,0,13,0,0,0
3.3666666666666667,-62.2425900972964,-11.2,2.8,0.9729100588250184,0.0,0.0,1.0,0.0,0.0,TARGET_HOLD,2.338820820937093,0,13,0,0,0
3.3833333333333333,-62.22634072517813,-11.2,2.8,0.9749623270958503,0.0,0.0,1.0,0.0,0.0,TARGET_HOLD,2.327952894186661,0,13,0,0,0
3.4,-62.2100597398365,-11.2,2.8,0.9768591204976798,0.0,0.0,1.0,0.0,0.0,TARGET_HOLD,2.3170638238379806,0,14,0,0,0
3.4166666666666665,-62.19374953621268,-11.2,2.8,0.9786122174296737,0.0,0.0,1.0,0.0,0.0,TARGET_HOLD,2.3061552116787998,0,14,0,0,0
3.433333333333333,-62.17741232781288,-11.2,2.8,0.9802325039880317,0.0,0.0,1.0,0.0,0.0,TARGET_HOLD,2.2952285381493076,0,14,0,0,0
3.45,-62.16105016045347,-11.2,2.8,0.981730041564696,0.0,0.0,1.0,0.0,0.0,TARGET_HOLD,2.2842851715351284,0,14,0,0,0
3.466666666666667,-62.14466492496472,-11.2,2.8,0.9831141293249464,0.0,0.0,1.0,0.0,0.0,TARGET_HOLD,2.2733263764638956,0,14,0,0,0
3.4833333333333334,-62.128258368932194,-11.2,2.8,0.9843933619518443,0.0,0.0,1.0,0.0,0.0,TARGET_HOLD,2.2623533217581104,0,14,0,0,0
3.5,-62.111832107548594,-11.2,2.8,0.9855756830160985,0.0,0.0,1.0,0.0,0.0,TARGET_HOLD,2.251367087693119,0,14,0,0,0
3.5166666666666666,-62.09538763364355,-11.2,2.8,0.9866684343027577,0.0,0.0,1.0,0.0,0.0,TARGET_HOLD,2.2403686727052237,0,14,0,0,0
3.533333333333333,-62.07892632695353,-11.2,2.8,0.9876784014010337,0.0,0.0,1.0,0.0,0.0,TARGET_HOLD,2.229358999591614,0,14,0,0,0
3.55,-62.06244946268952,-11.2,2.8,0.9886118558403493,0.0,0.0,1.0,0.0,0.0,TARGET_HOLD,2.2183389212406013,0,15,0,0,0
3.566666666666667,-62.04595821945561,-11.2,2.8,0.9894745940342622,0.0,0.0,1.0,0.0,0.0,TARGET_HOLD,2.207309225927746,0,15,0,0,0
3.5833333333333335,-62.02945368656771,-11.2,2.8,0.9902719732740908,0.0,0.0,1.0,0.0,0.0,TARGET_HOLD,2.196270642210769,0,15,0,0,0
3.6,-62.01293687081778,-11.2,2.8,0.9910089449957505,0.0,0.0,1.0,0.0,0.0,TARGET_HOLD,2.185223843453612,0,15,0,0,0
3.6166666666666667,-61.996408702725674,-11.2,2.8,0.9916900855263755,0.0,0.0,1.0,0.0,0.0,TARGET_HOLD,2.174198662362257,0,15,0,0,0
3.6333333333333333,-61.979870042317316,-11.2,2.8,0.9923196245016501,0.0,0.0,1.0,0.0,0.0,TARGET_HOLD,2.1632717731038458,0,15,0,0,0
3.65,-61.96332168446514,-11.2,2.8,0.992901471130313,0.0,0.0,1.0,0.0,0.0,TARGET_HOLD,2.15233847686373,0,15,0,0,0
3.6666666666666665,-61.946764363823995,-11.2,2.8,0.9934392384689257,0.0,0.0,1.0,0.0,0.0,TARGET_HOLD,2.1413992590193165,0,15,0,0,0
3.683333333333333,-61.930198759393036,-11.2,2.8,0.9939362658576434,0.0,0.0,1.0,0.0,0.0,TARGET_HOLD,2.130454568176987,0,15,0,0,0
3.7,-61.913625498732095,-11.2,2.8,0.9943956396563067,0.0,0.0,1.0,0.0,0.0,TARGET_HOLD,2.1195048189577967,0,16,0,0,0
3.716666666666667,-61.8970451618586,-11.2,2.8,0.9948202124096168,0.0,0.0,1.0,0.0,0.0,TARGET_HOLD,2.108550394572114,0,16,0,0,0
3.7333333333333334,-61.88045828484926,-11.2,2.8,0.9952126205604034,0.0,0.0,1.0,0.0,0.0,TARGET_HOLD,2.0975916491992224,0,16,0,0,0
3.75,-61.86386536316891,-11.2,2.8,0.9955753008209789,0.0,0.0,1.0,0.0,0.0,TARGET_HOLD,2.0866289101866333,0,16,0,0,0
3.7666666666666666,-61.847266854747176,-11.2,2.8,0.9959105053042381,0.0,0.0,1.0,0.0,0.0,TARGET_HOLD,2.07566248008281,0,16,0,0,0
3.783333333333333,-61.830663182822036,-11.2,2.8,0.9962203155084625,0.0,0.0,1.0,0.0,0.0,TARGET_HOLD,2.064692638515877,0,16,0,0,0
3.8,-61.81405473856799,-11.2,2.8,0.9965066552426699,0.0,0.0,1.0,0.0,0.0,TARGET_HOLD,2.0537196439300067,0,17,0,0,0
3.816666666666667,-61.79744188352511,-11.2,2.8,0.9967713025727707,0.0,0.0,1.0,0.0,0.0,TARGET_HOLD,2.0427437351902733,0,17,0,0,0
3.8333333333333335,-61.78082495184407,-11.2,2.8,0.9970159008627123,0.0,0.0,1.0,0.0,0.0,TARGET_HOLD,2.031765133065909,0,17,0,0,0
3.85,-61.76420425236108,-11.2,2.8,0.9972419689791735,0.0,0.0,1.0,0.0,0.0,TARGET_HOLD,2.020784041601202,0,17,0,0,0
3.8666666666666667,-61.747580070515696,-11.2,2.8,0.9974509107231755,0.0,0.0,1.0,0.0,0.0,TARGET_HOLD,2.0098006493825413,0,17,0,0,0
3.8833333333333333,-61.730952670123244,-11.2,2.8,0.9976440235471773,0.0,0.0,1.0,0.0,0.0,TARGET_HOLD,1.9988151307094713,0,17,0,0,0
3.9,-61.71432229501305,-11.2,2.8,0.9978225066117851,0.0,0.0,1.0,0.0,0.0,TARGET_HOLD,1.987827646677021,0,17,0,0,0
3.9166666666666665,-61.69768917054251,-11.2,2.8,0.9979874682321044,0.0,0.0,1.0,0.0,0.0,TARGET_HOLD,1.9768383461760521,0,17,0,0,0
3.933333333333333,-61.68105350499651,-11.2,2.8,0.9981399327599753,0.0,0.0,1.0,0.0,0.0,TARGET_HOLD,1.9658473668178185,0,17,0,0,0
3.95,-61.664415490880764,-11.2,2.8,0.9982808469448257,0.0,0.0,1.0,0.0,0.0,TARGET_HOLD,1.954854835788475,0,17,0,0,0
3.966666666666667,-61.64777530611722,-11.2,2.8,0.9984110858126419,0.0,0.0,1.0,0.0,0.0,TARGET_HOLD,1.9438608706388623,0,17,0,0,0
3.9833333333333334,-61.63113311514889,-11.2,2.8,0.998531458099563,0.0,0.0,1.0,0.0,0.0,TARGET_HOLD,1.9328655800144574,0,17,0,0,0
4.0,-61.614489069960996,-11.2,2.8,0.9986427112738385,0.0,0.0,1.0,0.0,0.0,TARGET_HOLD,1.9218690643300174,0,18,0,0,0
4.016666666666667,-61.597843311024704,-11.2,2.8,0.9987455361773356,0.0,0.0,1.0,0.0,0.0,TARGET_HOLD,1.9110785160299422,0,18,0,0,0
4.033333333333333,-61.581195968169446,-11.2,2.8,0.9988405713154163,0.0,0.0,1.0,0.0,0.0,TARGET_HOLD,1.901678410333103,0,18,0,0,0
4.05,-61.56454716138908,-11.2,2.8,0.9989284068218242,0.0,0.0,1.0,0.0,0.0,TARGET_HOLD,1.892277478014809,0,18,0,0,0
4.066666666666666,-61.547897001587025,-11.2,2.8,0.9990095881232011,0.0,0.0,1.0,0.0,0.0,TARGET_HOLD,1.882875781697901,0,18,0,0,0
4.083333333333333,-61.53124559126493,-11.2,2.8,0.9990846193259889,0.0,0.0,1.0,0.0,0.0,TARGET_HOLD,1.8734733792610614,0,18,0,0,0
4.1,-61.51459302515915,-11.2,2.8,0.9991539663467474,0.0,0.0,1.0,0.0,0.0,TARGET_HOLD,1.864070324198225,0,18,0,0,0
4.116666666666666,-61.49793939082906,-11.2,2.8,0.9992180598053271,0.0,0.0,1.0,0.0,0.0,TARGET_HOLD,1.85466666595075,0,18,0,0,0
4.133333333333334,-61.48128476920075,-11.2,2.8,0.9992772976988629,0.0,0.0,1.0,0.0,0.0,TARGET_HOLD,1.8452624502144501,0,18,0,0,0
4.15,-61.46462923506953,-11.2,2.8,0.9993320478731914,0.0,0.0,1.0,0.0,0.0,TARGET_HOLD,1.8358577192233225,0,19,0,0,0
4.166666666666667,-61.447972857564416,-11.2,2.8,0.9993826503070405,0.0,0.0,1.0,0.0,0.0,TARGET_HOLD,1.8264525120118251,0,19,0,0,0
4.183333333333334,-61.431315700577365,-11.2,2.8,0.9994294192231739,0.0,0.0,1.0,0.0,0.0,TARGET_HOLD,1.8170468646572573,0,19,0,0,0
4.2,-61.41465782316004,-11.2,2.8,0.9994726450396001,0.0,0.0,1.0,0.0,0.0,TARGET_HOLD,1.8076408105037922,0,19,0,0,0
4.216666666666667,-61.39799927989049,-11.2,2.8,0.9995125961729637,0.0,0.0,1.0,0.0,0.0,TARGET_HOLD,1.7982343803695273,0,19,0,0,0
4.233333333333333,-61.38134012121207,-11.2,2.8,0.999549520705315,0.0,0.0,1.0,0.0,0.0,TARGET_HOLD,1.788827602737856,0,19,0,0,0
4.25,-61.36468039374666,-11.2,2.8,0.9995836479246093,0.0,0.0,1.0,0.0,0.0,TARGET_HOLD,1.7794205039343418,0,20,0,0,0
4.266666666666667,-61.34802014058418,-11.2,2.8,0.9996151897485025,0.0,0.0,1.0,0.0,0.0,TARGET_HOLD,1.77001310829018,0,20,0,0,0
4.283333333333333,-61.33135940155018,-11.2,2.8,0.9996443420402826,0.0,0.0,1.0,0.0,0.0,TARGET_HOLD,1.760605438293307,0,20,0,0,0
4.3,-61.3146982134531,-11.2,2.8,0.9996712858251097,0.0,0.0,1.0,0.0,0.0,TARGET_HOLD,1.7511975147280125,0,20,0,0,0
4.316666666666666,-61.29803661031286,-11.2,2.8,0.9996961884141166,0.0,0.0,1.0,0.0,0.0,TARGET_HOLD,1.7417893568040261,0,20,0,0,0
4.333333333333333,-61.28137462357214,-11.2,2.8,0.9997192044433502,0.0,0.0,1.0,0.0,0.0,TARGET_HOLD,1.7323809822757963,0,20,0,0,0
4.35,-61.264712282291576,-11.2,2.8,0.9997404768340055,0.0,0.0,1.0,0.0,0.0,TARGET_HOLD,1.7229724075527337,0,20,0,0,0
4.366666666666666,-61.248049613330245,-11.2,2.8,0.9997601376799141,0.0,0.0,1.0,0.0,0.0,TARGET_HOLD,1.7135636478011143,0,20,0,0,0
4.383333333333334,-61.23138664151245,-11.2,2.8,0.9997783090677994,0.0,0.0,1.0,0.0,0.0,TARGET_HOLD,1.7041547170382532,0,20,0,0,0
4.4,-61.21472338978186,-11.2,2.8,0.9997951038353904,0.0,0.0,1.0,0.0,0.0,TARGET_HOLD,1.694745628219545,0,21,0,0,0
4.416666666666667,-61.198059879343994,-11.2,2.8,0.9998106262721033,0.0,0.0,1.0,0.0,0.0,TARGET_HOLD,1.6854018647541826,0,21,0,0,0
4.433333333333334,-61.18139612979788,-11.2,2.8,0.9998249727666408,0.0,0.0,1.0,0.0,0.0,TARGET_HOLD,1.6765548307922695,0,21,0,0,0
4.45,-61.16473215925779,-11.2,2.8,0.9998382324055317,0.0,0.0,1.0,0.0,0.0,TARGET_HOLD,1.667707679501346,0,21,0,0,0
4.466666666666667,-61.14806798446568,-11.2,2.8,0.9998504875263248,0.0,0.0,1.0,0.0,0.0,TARGET_HOLD,1.6588604197699723,0,21,0,0,0
4.483333333333333,-61.1314036208952,-11.2,2.8,0.9998618142288759,0.0,0.0,1.0,0.0,0.0,TARGET_HOLD,1.650013059813333,0,21,0,0,0
4.5,-61.114739082847734,-11.2,2.8,0.9998722828479004,0.0,0.0,1.0,0.0,0.0,TARGET_HOLD,1.6411656072242544,0,21,0,0,0
4.516666666666667,-61.09807438354124,-11.2,2.8,0.9998819583897262,0.0,0.0,1.0,0.0,0.0,TARGET_HOLD,1.6323180690203443,0,21,0,0,0
4.533333333333333,-61.08140953519231,-11.2,2.8,0.999890900935959,0.0,0.0,1.0,0.0,0.0,TARGET_HOLD,1.6234704516875733,0,21,0,0,0
4.55,-61.06474454909203,-11.2,2.8,0.9998991660165681,0.0,0.0,1.0,0.0,0.0,TARGET_HOLD,1.6146227612205553,0,22,0,0,0
4.566666666666666,-61.04807943567612,-11.2,2.8,0.999906804954707,0.0,0.0,1.0,0.0,0.0,TARGET_HOLD,1.60577500315976,0,22,0,0,0
4.583333333333333,-61.0314142045897,-11.2,2.8,0.999913865185411,0.0,0.0,1.0,0.0,0.0,TARGET_HOLD,1.59692718262593,0,22,0,0,0
4.6,-61.0147488647472,-11.2,2.8,0.9999203905501526,0.0,0.0,1.0,0.0,0.0,TARGET_HOLD,1.5880793043518682,0,22,0,0,0
4.616666666666666,-60.998083424387715,-11.2,2.8,0.9999264215690804,0.0,0.0,1.0,0.0,0.0,TARGET_HOLD,1.5792313727118379,0,22,0,0,0
4.633333333333334,-60.98141789112617,-11.2,2.8,0.9999319956926349,0.0,0.0,1.0,0.0,0.0,TARGET_HOLD,1.5703833917487136,0,22,0,0,0
4.65,-60.9647522720006,-11.2,2.8,0.999937147534102,0.0,0.0,1.0,0.0,0.0,TARGET_HOLD,1.5615353651990955,0,22,0,0,0
4.666666666666667,-60.94808657351586,-11.2,2.8,0.9999419090845488,0.0,0.0,1.0,0.0,0.0,TARGET_HOLD,1.5526872965165022,0,22,0,0,0
4.683333333333334,-60.931420801684,-11.2,2.8,0.9999463099114769,0.0,0.0,1.0,0.0,0.0,TARGET_HOLD,1.5438391888928273,0,22,0,0,0
4.7,-60.91475496206162,-11.2,2.8,0.9999503773424256,0.0,0.0,1.0,0.0,0.0,TARGET_HOLD,1.534991045278153,0,23,0,0,0
4.716666666666667,-60.898089059784375,-11.2,2.8,0.9999541366346661,0.0,0.0,1.0,0.0,0.0,TARGET_HOLD,1.5261428683990723,0,23,0,0,0
4.733333333333333,-60.88142309959884,-11.2,2.8,0.99995761113204,0.0,0.0,1.0,0.0,0.0,TARGET_HOLD,1.517294660775614,0,23,0,0,0
4.75,-60.86475708589201,-11.2,2.8,0.9999608224099157,0.0,0.0,1.0,0.0,0.0,TARGET_HOLD,1.5084464247368974,0,23,0,0,0
4.766666666666667,-60.84809102271852,-11.2,2.8,0.9999637904091645,0.0,0.0,1.0,0.0,0.0,TARGET_HOLD,1.4995981624355932,0,23,0,0,0
4.783333333333333,-60.831424913825856,-11.2,2.8,0.9999665335599853,0.0,0.0,1.0,0.0,0.0,TARGET_HOLD,1.490749875861295,0,23,0,0,0
4.8,-60.814758762677585,-11.2,2.8,0.9999690688963501,0.0,0.0,1.0,0.0,0.0,TARGET_HOLD,1.4819015668528621,0,23,0,0,0
4.816666666666666,-60.798092572474886,-11.2,2.8,0.9999714121617781,0.0,0.0,1.0,0.0,0.0,TARGET_HOLD,1.4731385557891792,0,23,0,0,0
4.833333333333333,-60.78142634617643,-11.2,2.8,0.999973577907098,0.0,0.0,1.0,0.0,0.0,TARGET_HOLD,1.4650356823452684,0,23,0,0,0
4.85,-60.76476008651675,-11.2,2.8,0.9999755795808026,0.0,0.0,1.0,0.0,0.0,TARGET_HOLD,1.456932792681623,0,24,0,0,0
4.866666666666666,-60.74809379602321,-11.2,2.8,0.99997742961256,0.0,0.0,1.0,0.0,0.0,TARGET_HOLD,1.448829888027008,0,24,0,0,0
4.883333333333334,-60.73142747703171,-11.2,2.8,0.9999791394903963,0.0,0.0,1.0,0.0,0.0,TARGET_HOLD,1.440726969517104,0,24,0,0,0
4.9,-60.714761131701174,-11.2,2.8,0.999980719832033,0.0,0.0,1.0,0.0,0.0,TARGET_HOLD,1.4326240382015518,0,24,0,0,0
4.916666666666667,-60.69809476202699,-11.2,2.8,0.9999821804508183,0.0,0.0,1.0,0.0,0.0,TARGET_HOLD,1.4245210950504759,0,24,0,0,0
4.933333333333334,-60.68142836985338,-11.2,2.8,0.9999835304166654,0.0,0.0,1.0,0.0,0.0,TARGET_HOLD,1.4164181409605088,0,24,0,0,0
4.95,-60.66476195688484,-11.2,2.8,0.9999847781123726,0.0,0.0,1.0,0.0,0.0,TARGET_HOLD,1.4083151767603566,0,24,0,0,0
4.966666666666667,-60.64809552469674,-11.2,2.8,0.9999859312856777,0.0,0.0,1.0,0.0,0.0,TARGET_HOLD,1.4002122032159379,0,24,0,0,0
4.983333333333333,-60.63142907474512,-11.2,2.8,0.9999869970973688,0.0,0.0,1.0,0.0,0.0,TARGET_HOLD,1.392109221035156,0,24,0,0,0
5.0,-60.61476260837569,-11.2,2.8,0.99998798216575,0.0,0.0,1.0,0.0,0.0,TARGET_HOLD,1.384006230872278,0,25,0,0,0
5.016666666666667,-60.59809612683223,-11.2,2.8,0.9999888926077387,0.0,0.0,1.0,0.0,0.0,TARGET_HOLD,1.375903233332009,0,25,0,0,0
5.033333333333333,-60.581429631264285,-11.2,2.8,0.9999897340768494,0.0,0.0,1.0,0.0,0.0,TARGET_HOLD,1.3678002289732425,0,25,0,0,0
5.05,-60.56476312273431,-11.2,2.8,0.9999905117983002,0.0,0.0,1.0,0.0,0.0,TARGET_HOLD,1.3596972183125304,0,25,0,0,0
5.066666666666666,-60.54809660222429,-11.2,2.8,0.9999912306014593,0.0,0.0,1.0,0.0,0.0,TARGET_HOLD,1.3515942018272937,0,25,0,0,0
5.083333333333333,-60.5314300706418,-11.2,2.8,0.9999918949498336,0.0,0.0,1.0,0.0,0.0,TARGET_HOLD,1.3434911799587859,0,25,0,0,0
5.1,-60.514763528825654,-11.2,2.8,0.9999925089687857,0.0,0.0,1.0,0.0,0.0,TARGET_HOLD,1.3353881531148275,0,25,0,0,0
5.116666666666666,-60.498096977551135,-11.2,2.8,0.9999930764711504,0.0,0.0,1.0,0.0,0.0,TARGET_HOLD,1.3272851216723474,0,25,0,0,0
5.133333333333334,-60.48143041753479,-11.2,2.8,0.9999936009809117,0.0,0.0,1.0,0.0,0.0,TARGET_HOLD,1.319182085979719,0,25,0,0,0
5.15,-60.46476384943887,-11.2,2.8,0.9999940857550851,0.0,0.0,1.0,0.0,0.0,TARGET_HOLD,1.3110790463589197,0,26,0,0,0
5.166666666666667,-60.44809727387547,-11.2,2.8,0.9999945338039423,0.0,0.0,1.0,0.0,0.0,TARGET_HOLD,1.3029760031075448,0,26,0,0,0
5.183333333333334,-60.431430691410306,-11.2,2.8,0.9999949479097042,0.0,0.0,1.0,0.0,0.0,TARGET_HOLD,1.294872956500633,0,26,0,0,0
5.2,-60.414764102566245,-11.2,2.8,0.9999953306438175,0.0,0.0,1.0,0.0,0.0,TARGET_HOLD,1.286769906792395,0,26,0,0,0
5.216666666666667,-60.39809750782653,-11.2,2.8,0.9999956843829223,0.0,0.0,1.0,0.0,0.0,TARGET_HOLD,1.2781157237211103,0,26,0,0,0
5.233333333333333,-60.3814309076378,-11.2,2.8,0.99999601132361,0.0,0.0,1.0,0.0,0.0,TARGET_HOLD,1.2651845426485373,0,26,0,0,0
5.25,-60.364764302412866,-11.2,2.8,0.9999963134960639,0.0,0.0,1.0,0.0,0.0,TARGET_HOLD,1.2522533576685022,0,26,0,0,0
5.266666666666667,-60.34809769253325,-11.2,2.8,0.9999965927766651,0.0,0.0,1.0,0.0,0.0,TARGET_HOLD,1.239322169077024,0,26,0,0,0
5.283333333333333,-60.33143107835159,-11.2,2.8,0.999996850899645,0.0,0.0,1.0,0.0,0.0,TARGET_HOLD,1.2263909771476995,0,26,0,0,0
5.3,-60.31476446019379,-11.2,2.8,0.9999970894678537,0.0,0.0,1.0,0.0,0.0,TARGET_HOLD,1.213459782133392,0,27,0,0,0
5.316666666666666,-60.29809783836108,-11.2,2.8,0.9999973099627133,0.0,0.0,1.0,0.0,0.0,TARGET_HOLD,1.2005285842678148,0,27,0,0,0
5.333333333333333,-60.28143121313186,-11.2,2.8,0.9999975137534168,0.0,0.0,1.0,0.0,0.0,TARGET_HOLD,1.187597383766976,0,27,0,0,0
5.35,-60.264764584763434,-11.2,2.8,0.9999977021054307,0.0,0.0,1.0,0.0,0.0,TARGET_HOLD,1.1746661808305086,0,27,0,0,0
5.366666666666666,-60.24809795349363,-11.2,2.8,0.9999978761883527,0.0,0.0,1.0,0.0,0.0,TARGET_HOLD,1.1617349756429345,0,27,0,0,0
5.383333333333334,-60.23143131954224,-11.2,2.8,0.9999980370831745,0.0,0.0,1.0,0.0,0.0,TARGET_HOLD,1.1488037683747925,0,27,0,0,0
5.4,-60.21476468311242,-11.2,2.8,0.9999981857889946,0.0,0.0,1.0,0.0,0.0,TARGET_HOLD,1.1358725591837013,0,27,0,0,0
5.416666666666667,-60.198098044391934,-11.2,2.8,0.9999983232292222,0.0,0.0,1.0,0.0,0.0,TARGET_HOLD,1.122941348215341,0,27,0,0,0
5.433333333333334,-60.18143140355431,-11.2,2.8,0.9999984502573115,0.0,0.0,1.0,0.0,0.0,TARGET_HOLD,1.1100101356043497,0,27,0,0,0
5.45,-60.164764760759944,-11.2,2.8,0.9999985676620606,0.0,0.0,1.0,0.0,0.0,TARGET_HOLD,1.0970789214751697,0,27,0,0,0
5.466666666666667,-60.148098116157065,-11.2,2.8,0.9999986761725106,0.0,0.0,1.0,0.0,0.0,TARGET_HOLD,1.0841477059428137,0,27,0,0,0
5.483333333333333,-60.13143146988269,-11.2,2.8,0.9999987764624719,0.0,0.0,1.0,0.0,0.0,TARGET_HOLD,1.0712164891135885,0,28,0,0,0
5.5,-60.11476482206345,-11.2,2.8,0.9999988691547089,0.0,0.0,1.0,0.0,0.0,TARGET_HOLD,1.0582852710857384,0,28,0,0,0
5.516666666666667,-60.09809817281637,-11.2,2.8,0.9999989548248067,0.0,0.0,1.0,0.0,0.0,TARGET_HOLD,1.04535405195007,0,28,0,0,0
5.533333333333333,-60.08143152224962,-11.2,2.8,0.9999990340047457,0.0,0.0,1.0,0.0,0.0,TARGET_HOLD,1.032422831790503,0,28,0,0,0
5.55,-60.064764870463186,-11.2,2.8,0.9999991071862043,0.0,0.0,1.0,0.0,0.0,TARGET_HOLD,1.019491610684611,0,28,0,0,0
5.566666666666666,-60.04809821754946,-11.2,2.8,0.9999991748236131,0.0,0.0,1.0,0.0,0.0,TARGET_HOLD,1.0065603887040837,0,28,0,0,0
5.583333333333333,-60.03143156359384,-11.2,2.8,0.9999992373369757,0.0,0.0,1.0,0.0,0.0,TARGET_HOLD,0.9936291659151801,0,29,0,0,0
5.6,-60.01476490867527,-11.2,2.8,0.9999992951144776,0.0,0.0,1.0,0.0,0.0,TARGET_HOLD,0.9806979423791462,0,29,0,0,0
5.616666666666666,-59.99809825286668,-11.2,2.8,0.9999993485148959,0.0,0.0,1.0,0.0,0.0,TARGET_HOLD,0.9677085114064146,0,29,0,0,0
5.633333333333334,-59.98143159623552,-11.2,2.8,0.999999397869828,0.0,0.0,1.0,0.0,0.0,TARGET_HOLD,0.9542671704305783,0,29,0,0,0
5.65,-59.96476493884409,-11.2,2.8,0.9999994434857502,0.0,0.0,1.0,0.0,0.0,TARGET_HOLD,0.9408258288416063,0,29,0,0,0
5.666666666666667,-59.948431614785996,-11.2,2.8,0.9799994434857503,0.0,0.0,1.0,0.0,0.0,TARGET_HOLD,0.9276533142340169,0,29,0,0,0
5.683333333333334,-59.93243162406123,-11.2,2.8,0.9599994434857504,0.0,0.0,1.0,0.0,0.0,ANGULAR_STEP_BLOCKED,0.9147496266078106,0,29,0,0,0
5.7,-59.9167649666698,-11.2,2.8,0.9399994434857505,0.0,0.0,1.0,0.0,0.0,ANGULAR_STEP_BLOCKED,0.902114765962992,0,29,0,0,0
5.716666666666667,-59.901431642611705,-11.2,2.8,0.9199994434857506,0.0,0.0,1.0,0.0,0.0,ANGULAR_STEP_BLOCKED,0.8897487322995588,0,29,0,0,0
5.733333333333333,-59.886431651886944,-11.2,2.8,0.8999994434857507,0.0,0.0,1.0,0.0,0.0,ANGULAR_STEP_BLOCKED,0.8776515256175126,0,29,0,0,0
5.75,-59.871764994495514,-11.2,2.8,0.8799994434857508,0.0,0.0,1.0,0.0,0.0,ANGULAR_STEP_BLOCKED,0.8658231459168504,0,30,0,0,0
5.766666666666667,-59.85743167043742,-11.2,2.8,0.8599994434857509,0.0,0.0,1.0,0.0,0.0,ANGULAR_STEP_BLOCKED,0.8542635931975753,0,30,0,0,0
5.783333333333333,-59.84343167971266,-11.2,2.8,0.839999443485751,0.0,0.0,1.0,0.0,0.0,ANGULAR_STEP_BLOCKED,0.8429728674596852,0,30,0,0,0
5.8,-59.82922966808321,-11.2,2.8,0.8521206977671334,0.0,0.0,1.0,0.0,0.0,TARGET_HOLD,0.8315192157118425,0,30,0,0,0
5.816666666666666,-59.81484094016306,-11.2,2.8,0.8633236752090172,0.0,0.0,1.0,0.0,0.0,TARGET_HOLD,0.8199149808335875,0,30,0,0,0
5.833333333333333,-59.80027964112575,-11.2,2.8,0.873677942238637,0.0,0.0,1.0,0.0,0.0,TARGET_HOLD,0.8081715706378296,0,30,0,0,0
5.85,-59.78605167542177,-11.2,2.8,0.8536779422386371,0.0,0.0,1.0,0.0,0.0,TARGET_HOLD,0.7966969874234548,0,30,0,0,0
5.866666666666666,-59.77215704305112,-11.2,2.8,0.8336779422386372,0.0,0.0,1.0,0.0,0.0,TARGET_HOLD,0.7854912311904676,0,30,0,0,0
5.883333333333334,-59.75859574401381,-11.2,2.8,0.8136779422386362,0.0,0.0,1.0,0.0,0.0,TARGET_HOLD,0.7745543019388657,0,30,0,0,0
5.9,-59.745367778309834,-11.2,2.8,0.7936779422386363,0.0,0.0,1.0,0.0,0.0,TARGET_HOLD,0.7638861996686515,0,30,0,0,0
5.916666666666667,-59.73247314593919,-11.2,2.8,0.7736779422386364,0.0,0.0,1.0,0.0,0.0,TARGET_HOLD,0.7534869243798201,0,31,0,0,0
5.933333333333334,-59.71991184690188,-11.2,2.8,0.7536779422386365,0.0,0.0,1.0,0.0,0.0,TARGET_HOLD,0.7433564760723763,0,31,0,0,0
5.95,-59.7076838811979,-11.2,2.8,0.7336779422386366,0.0,0.0,1.0,0.0,0.0,TARGET_HOLD,0.733494854746318,0,31,0,0,0
5.966666666666667,-59.69577808257232,-11.2,2.8,0.7143479175350275,0.0,0.0,1.0,0.0,0.0,TARGET_HOLD,0.723893055029817,0,31,0,0,0
5.983333333333333,-59.68418744690156,-11.2,2.8,0.695438140245369,0.0,0.0,1.0,0.0,0.0,TARGET_HOLD,0.7145454282306893,0,31,0,0,0
6.0,-59.672888098204204,-11.2,2.8,0.6779609218412908,0.0,0.0,1.0,0.0,0.0,TARGET_HOLD,0.7054327188248912,0,31,0,0,0
6.016666666666667,-59.661865493477784,-11.2,2.8,0.6613562835853056,0.0,0.0,1.0,0.0,0.0,TARGET_HOLD,0.6965431981580621,0,31,0,0,0
6.033333333333333,-59.65111351793886,-11.2,2.8,0.6451185323354691,0.0,0.0,1.0,0.0,0.0,TARGET_HOLD,0.687871934773882,0,31,0,0,0
6.05,-59.64061877203667,-11.2,2.8,0.6296847541314837,0.0,0.0,1.0,0.0,0.0,TARGET_HOLD,0.6794081221899975,0,31,0,0,0
6.066666666666666,-59.63036176867752,-11.2,2.8,0.6154202015490124,0.0,0.0,1.0,0.0,0.0,TARGET_HOLD,0.6711360444366907,0,31,0,0,0
6.083333333333333,-59.61979535712605,-11.2,2.8,0.6339846930879064,0.0,0.0,1.0,0.0,0.0,TARGET_HOLD,0.6626144348723169,0,31,0,0,0
6.1,-59.60894297739684,-11.2,2.8,0.6511427837526417,0.0,0.0,1.0,0.0,0.0,TARGET_HOLD,0.6538621974219601,0,31,0,0,0
6.116666666666666,-59.59784003125844,-11.2,2.8,0.6661767683039621,0.0,0.0,1.0,0.0,0.0,TARGET_HOLD,0.6447768722266694,0,32,0,0,0
6.133333333333334,-59.58706651846659,-11.2,2.8,0.6464107675110228,0.0,0.0,1.0,0.0,0.0,TARGET_HOLD,0.6354347829800253,0,32,0,0,0
6.15,-59.576597481949584,-11.2,2.8,0.6281421910205799,0.0,0.0,1.0,0.0,0.0,TARGET_HOLD,0.6263567157462568,0,32,0,0,0
6.166666666666667,-59.56640985532296,-11.2,2.8,0.6112575975975948,0.0,0.0,1.0,0.0,0.0,TARGET_HOLD,0.6175226688577218,0,32,0,0,0
6.183333333333334,-59.55649799813158,-11.2,2.8,0.5947114314827261,0.0,0.0,1.0,0.0,0.0,TARGET_HOLD,0.6089277512787614,0,32,0,0,0
6.2,-59.546848819559884,-11.2,2.8,0.5789507143019101,0.0,0.0,1.0,0.0,0.0,TARGET_HOLD,0.6005606115059443,0,32,0,0,0
6.216666666666667,-59.537442419712434,-11.2,2.8,0.5643839908469136,0.0,0.0,1.0,0.0,0.0,TARGET_HOLD,0.5924039936448713,0,32,0,0,0
6.233333333333333,-59.52826904301191,-11.2,2.8,0.5504026020315238,0.0,0.0,1.0,0.0,0.0,TARGET_HOLD,0.5844494382936953,0,32,0,0,0
6.25,-59.519325636484695,-11.2,2.8,0.5366043916328345,0.0,0.0,1.0,0.0,0.0,TARGET_HOLD,0.5766942981123522,0,32,0,0,0
6.266666666666667,-59.51060201784801,-11.2,2.8,0.523417118201032,0.0,0.0,1.0,0.0,0.0,TARGET_HOLD,0.5691297436877953,0,32,0,0,0
6.283333333333333,-59.501651711059274,-11.2,2.8,0.5370184073238035,0.0,0.0,1.0,0.0,0.0,TARGET_HOLD,0.561368620048674,0,32,0,0,0
6.3,-59.49249188946335,-11.2,2.8,0.5495892957554559,0.0,0.0,1.0,0.0,0.0,TARGET_HOLD,0.5534258188021577,0,32,0,0,0
6.316666666666666,-59.48313842539411,-11.2,2.8,0.5612078441544074,0.0,0.0,1.0,0.0,0.0,TARGET_HOLD,0.5453151034033472,0,32,0,0,0
6.333333333333333,-59.4736197989272,-11.2,2.8,0.5711175880143514,0.0,0.0,1.0,0.0,0.0,TARGET_HOLD,0.5370611699206118,0,32,0,0,0
6.35,-59.46440765119514,-11.2,2.8,0.5527288639237791,0.0,0.0,1.0,0.0,0.0,TARGET_HOLD,0.5290729948537647,0,32,0,0,0
6.366666666666666,-59.455478764111945,-11.2,2.8,0.5357332249915834,0.0,0.0,1.0,0.0,0.0,TARGET_HOLD,0.5213304449894784,0,32,0,0,0
6.383333333333334,-59.44681957086321,-11.2,2.8,0.5195515949238595,0.0,0.0,1.0,0.0,0.0,TARGET_HOLD,0.5138217560691108,0,32,0,0,0
6.4,-59.438409640097845,-11.2,2.8,0.5045958459218731,0.0,0.0,1.0,0.0,0.0,TARGET_HOLD,0.5065292113544844,0,32,0,0,0
6.416666666666667,-59.430247295521106,-11.2,2.8,0.48974067460433046,0.0,0.0,1.0,0.0,0.0,TARGET_HOLD,0.49945135727188306,0,32,0,0,0
6.433333333333334,-59.42231378060355,-11.2,2.8,0.47601089505326827,0.0,0.0,1.0,0.0,0.0,TARGET_HOLD,0.4925719293794838,0,32,0,0,0
6.45,-59.41459892909412,-11.2,2.8,0.4628910905661489,0.0,0.0,1.0,0.0,0.0,TARGET_HOLD,0.4858821121658944,0,32,0,0,0
6.466666666666667,-59.40710058629774,-11.2,2.8,0.4499005677827175,0.0,0.0,1.0,0.0,0.0,TARGET_HOLD,0.4793800372197613,0,32,0,0,0
6.483333333333333,-59.399809365545444,-11.2,2.8,0.437473245137538,0.0,0.0,1.0,0.0,0.0,TARGET_HOLD,0.47305756503256124,0,32,0,0,0
6.5,-59.3927164576552,-11.2,2.8,0.4255744734148855,0.0,0.0,1.0,0.0,0.0,TARGET_HOLD,0.4669070568548519,0,32,0,0,0
6.516666666666667,-59.38581358165232,-11.2,2.8,0.4141725601727512,0.0,0.0,1.0,0.0,0.0,TARGET_HOLD,0.4609213319642518,0,32,0,0,0
6.533333333333333,-59.379092939035154,-11.2,2.8,0.4032385570299196,0.0,0.0,1.0,0.0,0.0,TARGET_HOLD,0.45509362800757336,0,32,0,0,0
6.55,-59.37254072424418,-11.2,2.8,0.39313288745851466,0.0,0.0,1.0,0.0,0.0,TARGET_HOLD,0.4494119737019553,0,32,0,0,0
6.566666666666666,-59.36615086509707,-11.2,2.8,0.38339154882657517,0.0,0.0,1.0,0.0,0.0,TARGET_HOLD,0.443871103645998,0,32,0,0,0
6.583333333333333,-59.359923732422324,-11.2,2.8,0.3736279604845916,0.0,0.0,1.0,0.0,0.0,TARGET_HOLD,0.4384713393980584,0,32,0,0,0
6.6,-59.35354712441606,-11.2,2.8,0.38259648037593463,0.0,0.0,1.0,0.0,0.0,TARGET_HOLD,0.43294195986917805,0,32,0,0,0
6.616666666666666,-59.347045598362094,-11.2,2.8,0.39009156323784894,0.0,0.0,1.0,0.0,0.0,TARGET_HOLD,0.42730425953790896,0,32,0,0,0
6.633333333333334,-59.34044152603219,-11.2,2.8,0.3962443397945577,0.0,0.0,1.0,0.0,0.0,TARGET_HOLD,0.42157763774896373,0,32,0,0,0
6.65,-59.3337426760836,-11.2,2.8,0.40193099691515183,0.0,0.0,1.0,0.0,0.0,TARGET_HOLD,0.4157688309764027,0,32,0,0,0
6.666666666666667,-59.327260583917905,-11.2,2.8,0.38892552994166074,0.0,0.0,1.0,0.0,0.0,TARGET_HOLD,0.4101479824484524,0,32,0,0,0
6.683333333333334,-59.32099305056155,-11.2,2.8,0.3760520013816225,0.0,0.0,1.0,0.0,0.0,TARGET_HOLD,0.4047131853583428,0,32,0,0,0
6.7,-59.3149312516235,-11.2,2.8,0.36370793628294035,0.0,0.0,1.0,0.0,0.0,TARGET_HOLD,0.399456787768384,0,32,0,0,0
6.716666666666667,-59.309066882260666,-11.2,2.8,0.3518621617697501,0.0,0.0,1.0,0.0,0.0,TARGET_HOLD,0.39437158825905305,0,32,0,0,0
6.733333333333333,-59.303394127063015,-11.2,2.8,0.3403653118590921,0.0,0.0,1.0,0.0,0.0,TARGET_HOLD,0.3894525440851868,0,32,0,0,0
6.75,-59.29790546388665,-11.2,2.8,0.3293197905818456,0.0,0.0,1.0,0.0,0.0,TARGET_HOLD,0.384693132533073,0,32,0,0,0
6.766666666666667,-59.29258694636633,-11.2,2.8,0.319111051219542,0.0,0.0,1.0,0.0,0.0,TARGET_HOLD,0.38008126022228095,0,32,0,0,0
6.783333333333333,-59.287601762179335,-11.2,2.8,0.29911105121954207,0.0,0.0,1.0,0.0,0.0,TARGET_HOLD,0.3757584328877204,0,32,0,0,0
6.8,-59.28276910248201,-11.2,2.8,0.2899595818395927,0.0,0.0,1.0,0.0,0.0,TARGET_HOLD,0.3715678648656303,0,32,0,0,0
6.816666666666666,-59.27787813566843,-11.2,2.8,0.2934580088144439,0.0,0.0,1.0,0.0,0.0,TARGET_HOLD,0.36732673670644955,0,32,0,0,0
6.833333333333333,-59.272933278944386,-11.2,2.8,0.2966914034427155,0.0,0.0,1.0,0.0,0.0,TARGET_HOLD,0.3630388787235982,0,32,0,0,0
6.85,-59.26795091786986,-11.2,2.8,0.2989416644715392,0.0,0.0,1.0,0.0,0.0,TARGET_HOLD,0.3587184994084659,0,32,0,0,0
6.866666666666666,-59.26293389368353,-11.2,2.8,0.30102145117999746,0.0,0.0,1.0,0.0,0.0,TARGET_HOLD,0.35436806249834985,0,32,0,0,0
6.883333333333334,-59.25788483237871,-11.2,2.8,0.30294367828933016,0.0,0.0,1.0,0.0,0.0,TARGET_HOLD,0.3499898450837716,0,32,0,0,0
6.9,-59.25302552798431,-11.2,2.8,0.29155826366356447,0.0,0.0,1.0,0.0,0.0,TARGET_HOLD,0.34577617251419246,0,32,0,0,0
6.916666666666667,-59.248355450290525,-11.2,2.8,0.28020466162710017,0.0,0.0,1.0,0.0,0.0,TARGET_HOLD,0.3417265850261504,0,32,0,0,0
6.933333333333334,-59.24386740888743,-11.2,2.8,0.2692824841854094,0.0,0.0,1.0,0.0,0.0,TARGET_HOLD,0.3378348475640621,0,32,0,0,0
6.95,-59.239547613146954,-11.2,2.8,0.2591877444286952,0.0,0.0,1.0,0.0,0.0,TARGET_HOLD,0.33408900179262824,0,32,0,0,0
6.966666666666667,-59.23539734704889,-11.2,2.8,0.24901596588396577,0.0,0.0,1.0,0.0,0.0,TARGET_HOLD,0.3304901610955824,0,32,0,0,0
6.983333333333333,-59.23141064029014,-11.2,2.8,0.2392024055248148,0.0,0.0,1.0,0.0,0.0,TARGET_HOLD,0.3270331484145782,0,32,0,0,0
7.0,-59.22757510201168,-11.2,2.8,0.23013229670802376,0.0,0.0,1.0,0.0,0.0,TARGET_HOLD,0.323707219202942,0,32,0,0,0
7.016666666666667,-59.22388591770795,-11.2,2.8,0.22135105822353285,0.0,0.0,1.0,0.0,0.0,TARGET_HOLD,0.3205081986347589,0,32,0,0,0
7.033333333333333,-59.22034532982564,-11.2,2.8,0.21243527293867814,0.0,0.0,1.0,0.0,0.0,TARGET_HOLD,0.31743803121386194,0,32,0,0,0
7.05,-59.21682373716438,-11.2,2.8,0.21129555967549787,0.0,0.0,1.0,0.0,0.0,TARGET_HOLD,0.3143843352126199,0,32,0,0,0
7.066666666666666,-59.21331970069228,-11.2,2.8,0.2102421883261949,0.0,0.0,1.0,0.0,0.0,TARGET_HOLD,0.31134586279620935,0,32,0,0,0
7.083333333333333,-59.2098659219981,-11.2,2.8,0.20722672165064138,0.0,0.0,1.0,0.0,0.0,TARGET_HOLD,0.3083509706544747,0,32,0,0,0
7.1,-59.206458593674434,-11.2,2.8,0.20443969942020554,0.0,0.0,1.0,0.0,0.0,TARGET_HOLD,0.3053963572514634,0,32,0,0,0
7.116666666666666,-59.203384598684096,-11.2,2.8,0.1844396994202056,0.0,0.0,1.0,0.0,0.0,NO_REGULAR_FIELD,0.3027307888246813,0,32,0,0,0
7.133333333333334,-59.200643937027095,-11.2,2.8,0.16443969942020462,0.0,0.0,1.0,0.0,0.0,NO_REGULAR_FIELD,0.30035426537413834,0,32,0,0,0
7.15,-59.198236608703425,-11.2,2.8,0.14443969942020468,0.0,0.0,1.0,0.0,0.0,NO_REGULAR_FIELD,0.29853075956263353,0,32,0,0,0
7.166666666666667,-59.196162613713085,-11.2,2.8,0.12443969942020475,0.0,0.0,1.0,0.0,0.0,NO_REGULAR_FIELD,0.2970427948648201,0,32,0,0,0
7.183333333333334,-59.19442195205608,-11.2,2.8,0.10443969942020481,0.0,0.0,1.0,0.0,0.0,NO_REGULAR_FIELD,0.2957939764691544,0,32,0,0,0
7.2,-59.19301462373241,-11.2,2.8,0.08443969942020488,0.0,0.0,1.0,0.0,0.0,NO_REGULAR_FIELD,0.29478430437562797,0,32,0,0,0
7.216666666666667,-59.191940628742074,-11.2,2.8,0.06443969942020494,0.0,0.0,1.0,0.0,0.0,NO_REGULAR_FIELD,0.29401377858424926,0,32,0,0,0
7.233333333333333,-59.19119996708507,-11.2,2.8,0.044439699420205016,0.0,0.0,1.0,0.0,0.0,NO_REGULAR_FIELD,0.29348239909501195,0,32,0,0,0
7.25,-59.1907926387614,-11.2,2.8,0.024439699420205088,0.0,0.0,1.0,0.0,0.0,NO_REGULAR_FIELD,0.29319016590792224,0,32,0,0,0
7.266666666666667,-59.19071864377106,-11.2,2.8,0.004439699420205161,0.0,0.0,1.0,0.0,0.0,NO_REGULAR_FIELD,0.2931370790229719,0,32,0,0,0
7.283333333333333,-59.19071864377106,-11.2,2.8,0.0,0.0,0.0,1.0,0.0,0.0,NO_REGULAR_FIELD,0.2931370790229719,0,32,0,0,0
7.3,-59.19071864377106,-11.2,2.8,0.0,0.0,0.0,1.0,0.0,0.0,NO_REGULAR_FIELD,0.2931370790229719,0,32,0,0,0
7.316666666666666,-59.19071864377106,-11.2,2.8,0.0,0.0,0.0,1.0,0.0,0.0,NO_REGULAR_FIELD,0.2931370790229719,0,32,0,0,0
7.333333333333333,-59.19048228306349,-11.199852274557765,2.7998522745577663,0.014181642454422747,0.008863526534014217,-0.008863526534014217,1.0,0.0,0.0,TARGET_HOLD,0.29310583851880956,0,32,0,0,0
7.35,-59.190027467762555,-11.199568014994679,2.7995680149946804,0.027288918056237715,0.01705557378514857,-0.01705557378514857,1.0,0.0,0.0,TARGET_HOLD,0.2930458921423197,0,32,0,0,0
7.366666666666666,-59.18937402631965,-11.199152443777736,2.799157564804746,0.0392064865744659,0.024934273016498355,-0.024627011396045475,1.0,0.0,0.0,TARGET_HOLD,0.29296403215231615,0,32,0,0,0
7.383333333333334,-59.18853756448246,-11.198615874880355,2.7986308377381346,0.050187710231123304,0.03219413384285915,-0.031603623996688535,1.0,0.0,0.0,TARGET_HOLD,0.29286240807307273,0,32,0,0,0
7.4,-59.18753532910795,-11.197962438605511,2.7979966426491396,0.06013412247023025,0.039206176490632155,-0.03805170533970675,1.0,0.0,0.0,TARGET_HOLD,0.29274738737166706,0,32,0,0,0
7.416666666666667,-59.18677980517415,-11.19746985297401,2.797518561770507,0.04533143602847971,0.029555137890076064,-0.0286848527179459,1.0,0.0,0.0,TARGET_HOLD,0.29266140507451355,0,32,0,0,0
7.433333333333334,-59.18627099268104,-11.197138117985851,2.7971965951022373,0.030528749586729163,0.019904099289519972,-0.01931800009618506,1.0,0.0,0.0,TARGET_HOLD,0.29260385003537026,0,32,0,0,0
7.45,-59.186008891628624,-11.196967233641034,2.7970307426443304,0.015726063144978618,0.01025306068896388,-0.009951147474424214,1.0,0.0,0.0,NO_REGULAR_FIELD,0.29257431196444506,0,32,0,0,0
7.466666666666667,-59.185993502016906,-11.196957199939561,2.797021004396786,0.0009233767032280713,0.0006020220884077887,-0.000584294852663373,1.0,0.0,0.0,NO_REGULAR_FIELD,0.2925725799173565,0,32,0,0,0
7.483333333333333,-59.185993502016906,-11.196957199939561,2.797021004396786,0.0,0.0,0.0,1.0,0.0,0.0,NO_REGULAR_FIELD,0.2925725799173565,0,32,0,0,0
7.5,-59.185993502016906,-11.196957199939561,2.797021004396786,0.0,0.0,0.0,1.0,0.0,0.0,NO_REGULAR_FIELD,0.2925725799173565,0,32,0,0,0
7.516666666666667,-59.18575872882851,-11.196790902264445,2.7968742711540364,0.014086391303952717,0.009977860506966507,-0.00880399456497045,1.0,0.0,0.0,TARGET_HOLD,0.29255025180139893,0,32,0,0,0
7.533333333333333,-59.185306968299315,-11.196470905222933,2.796591920823291,0.027105631751545383,0.019199822490677976,-0.01694101984471587,1.0,0.0,0.0,TARGET_HOLD,0.29250746159031005,0,32,0,0,0
7.55,-59.184658342498565,-11.196003770730648,2.796184227426368,0.038917548045100954,0.02802806953702141,-0.024461603815389664,1.0,0.0,0.0,TARGET_HOLD,0.29245066652855234,0,32,0,0,0
7.566666666666666,-59.183831559082414,-11.195395645155827,2.795660686650099,0.049607004968964585,0.03648753448927547,-0.03141244657616393,1.0,0.0,0.0,TARGET_HOLD,0.2923860031629688,0,32,0,0,0
7.583333333333333,-59.18284401664091,-11.194652293180102,2.7950300748111,0.059252546490624246,0.0446011185435424,-0.03783671033990985,1.0,0.0,0.0,TARGET_HOLD,0.2923192870021948,0,32,0,0,0
7.6,-59.18209370146942,-11.194087509084051,2.7945509484361417,0.04501891028907066,0.0338870457630316,-0.028747582497496274,1.0,0.0,0.0,TARGET_HOLD,0.2922693590383987,0,32,0,0,0
7.616666666666666,-59.18117068553977,-11.193394663986727,2.7939583691265737,0.05538095577888276,0.04157070583946162,-0.0355547585740755,1.0,0.0,0.0,TARGET_HOLD,0.29220986656946024,0,32,0,0,0
7.633333333333334,-59.18008897281047,-11.192581159999833,2.7932605551111966,0.06490276375774462,0.04881023921364165,-0.041868840922609285,1.0,0.0,0.0,TARGET_HOLD,0.292143877516711,0,32,0,0,0
7.65,-59.17886058576635,-11.191656137948335,2.7924654787162084,0.07370322264729824,0.05550132308977738,-0.04770458369928412,1.0,0.0,0.0,TARGET_HOLD,0.2920725429989488,0,32,0,0,0
7.666666666666667,-59.17750046768909,-11.190623100006723,2.791580508303701,0.08160708463538258,0.061982276496746425,-0.05309822475045328,1.0,0.0,0.0,TARGET_HOLD,0.2920016224356905,0,32,0,0,0
7.683333333333334,-59.1760194035961,-11.189505406843372,2.7906131658413638,0.08886384557939439,0.06706158980106346,-0.058040547740245994,1.0,0.0,0.0,TARGET_HOLD,0.29192612080296876,0,32,0,0,0
7.7,-59.174430163353406,-11.18830462428939,2.7895696916360015,0.09535441456167731,0.07204695323887207,-0.06260845232172108,1.0,0.0,0.0,TARGET_HOLD,0.2918515831561552,0,32,0,0,0
7.716666666666667,-59.17307650804529,-11.187281842689465,2.7886808993948904,0.08121931848683722,0.061366895995457804,-0.05332753446665784,1.0,0.0,0.0,TARGET_HOLD,0.29179040107475285,0,32,0,0,0
7.733333333333333,-59.17160331070874,-11.186165515360694,2.7877098801041873,0.08839184019319708,0.06697963972634935,-0.05826115744219133,1.0,0.0,0.0,TARGET_HOLD,0.2917295827995263,0,32,0,0,0
7.75,-59.17002198399163,-11.184964393328032,2.786663870628719,0.09487960302663122,0.07206732195963117,-0.06276056852812073,1.0,0.0,0.0,TARGET_HOLD,0.29167030063641863,0,32,0,0,0
7.766666666666667,-59.16834230622038,-11.18368612341589,2.785549624737897,0.10078066627505881,0.07669619472855149,-0.06685475344931419,1.0,0.0,0.0,TARGET_HOLD,0.29161323465105593,0,32,0,0,0
7.783333333333333,-59.16666938262969,-11.182414033331101,2.784437183490531,0.10037541544138896,0.07632540508737445,-0.06674647484196423,1.0,0.0,0.0,TARGET_HOLD,0.2915607204941959,0,32,0,0,0
7.8,-59.165004802220665,-11.181146700379653,2.7833285314635363,0.09987482454166438,0.07603997708687577,-0.06651912161966704,1.0,0.0,0.0,TARGET_HOLD,0.2915132568215868,0,32,0,0,0
7.816666666666666,-59.16334995964273,-11.17988120323456,2.7822233815947643,0.09929055467620188,0.07592982870554887,-0.06630899212633176,1.0,0.0,0.0,TARGET_HOLD,0.29147308010265993,0,32,0,0,0
7.833333333333333,-59.161929025337926,-11.178794581262132,2.7812744421721103,0.08525605828835972,0.06519731834569979,-0.056936365359230946,1.0,0.0,0.0,TARGET_HOLD,0.2914410586089836,0,32,0,0,0
7.85,-59.16074199930625,-11.177886834462367,2.7804817131955746,0.07122156190051757,0.054464807985850704,-0.04756373859213013,1.0,0.0,0.0,TARGET_HOLD,0.291416053554419,0,32,0,0,0
7.866666666666666,-59.15978888154771,-11.177157962835267,2.7798451946651572,0.05718706551267542,0.043732297626001615,-0.038191111825029316,1.0,0.0,0.0,NO_REGULAR_FIELD,0.2913971209040974,0,32,0,0,0
7.883333333333334,-59.1590696720623,-11.17660796638083,2.7793648865808582,0.04315256912483252,0.03299978726615195,-0.028818485057928,1.0,0.0,0.0,NO_REGULAR_FIELD,0.2913835074518797,0,32,0,0,0
7.9,-59.158584370850015,-11.176236845099059,2.7790407889426776,0.02911807273699037,0.02226727690630286,-0.019445858290827185,1.0,0.0,0.0,NO_REGULAR_FIELD,0.29137464767077437,0,32,0,0,0
7.916666666666667,-59.15833297791086,-11.17604459898995,2.7788729017506153,0.015083576349148219,0.011534766546453773,-0.010073231523726368,1.0,0.0,0.0,NO_REGULAR_FIELD,0.29137016133631843,0,32,0,0,0
7.933333333333334,-59.158315493244835,-11.176031228053507,2.7788612250046714,0.0010490799613060674,0.0008022561866046843,-0.0007006047566255526,1.0,0.0,0.0,NO_REGULAR_FIELD,0.2913698519228948,0,32,0,0,0
7.95,-59.158315493244835,-11.176031228053507,2.7788612250046714,0.0,0.0,0.0,1.0,0.0,0.0,NO_REGULAR_FIELD,0.2913698519228948,0,32,0,0,0
7.966666666666667,-59.158315493244835,-11.176031228053507,2.7788612250046714,0.0,0.0,0.0,1.0,0.0,0.0,NO_REGULAR_FIELD,0.2913698519228948,0,32,0,0,0
7.983333333333333,-59.158315493244835,-11.176031228053507,2.7788612250046714,0.0,0.0,0.0,1.0,0.0,0.0,NO_REGULAR_FIELD,0.2913698519228948,0,32,0,0,0
8.0,-59.158315493244835,-11.176031228053507,2.7788612250046714,0.0,0.0,0.0,1.0,0.0,0.0,NO_REGULAR_FIELD,0.2913698519228948,0,32,0,0,0
8.016666666666667,-59.158315493244835,-11.176031228053507,2.7788612250046714,0.0,0.0,0.0,1.0,0.0,0.0,NO_REGULAR_FIELD,0.2913698519228948,0,32,0,0,0
8.033333333333333,-59.158183063714404,-11.175728531983955,2.7788170818278615,0.007945771825753385,0.01816176417315059,-0.0026485906085844616,1.0,0.0,0.0,TARGET_HOLD,0.29142182703491437,0,32,0,0,0
8.05,-59.15792403741989,-11.1751216948093,2.778722119770494,0.01554157767087699,0.03641023047931123,-0.0056977234420545675,1.0,0.0,0.0,TARGET_HOLD,0.2915343533785606,0,32,0,0,0
8.066666666666666,-59.15754535853324,-11.174207918058817,2.778576339752738,0.02272073319883305,0.054826605028947706,-0.00874680106534893,1.0,0.0,0.0,TARGET_HOLD,0.29171359656740226,0,32,0,0,0
8.083333333333334,-59.15704702705446,-11.172987201732507,2.778379741774594,0.02989988872678992,0.07324297957858612,-0.011795878688643617,1.0,0.0,0.0,TARGET_HOLD,0.29195983407163184,0,32,0,0,0
8.1,-59.15642904298355,-11.17145954583037,2.7781323258360615,0.03707904425474597,0.0916593541282226,-0.014844956311937978,1.0,0.0,0.0,TARGET_HOLD,0.2922734336373819,0,32,0,0,0
8.116666666666667,-59.15593467633896,-11.170237472061855,2.777934401337508,0.029661998675204696,0.07332442611094166,-0.011875469913219654,1.0,0.0,0.0,TARGET_HOLD,0.2925248572692951,0,32,0,0,0
8.133333333333333,-59.155318729245806,-11.168708343737725,2.777691235204209,0.03695682558911207,0.09174769944778985,-0.014589967997924358,1.0,0.0,0.0,TARGET_HOLD,0.2928394101042313,0,32,0,0,0
8.15,-59.15458867840306,-11.166869304434115,2.7774028293733313,0.04380305056477311,0.11034235821662391,-0.017304349852656137,1.0,0.0,0.0,TARGET_HOLD,0.29322389617991573,0,32,0,0,0
8.166666666666666,-59.1537331278048,-11.16472424126889,2.7770730675441166,0.05133303589580765,0.1287037899135235,-0.019785709752882304,1.0,0.0,0.0,TARGET_HOLD,0.2936671066934077,0,32,0,0,0
8.183333333333334,-59.152757138625915,-11.162271621312794,2.776698422758233,0.058559350732805236,0.14715719736578012,-0.022478687153015455,1.0,0.0,0.0,TARGET_HOLD,0.29417582801767517,0,32,0,0,0
8.2,-59.151661584074645,-11.159510908885816,2.7762802548495125,0.06573327307630425,0.16564274561872813,-0.025090074523232815,1.0,0.0,0.0,TARGET_HOLD,0.29475079487341027,0,32,0,0,0
8.216666666666667,-59.15045469970798,-11.156439032686963,2.7758185680898353,0.07241306200006259,0.1843125719311292,-0.02770120558061999,1.0,0.0,0.0,TARGET_HOLD,0.29539972544170423,0,32,0,0,0
8.233333333333333,-59.14912494987377,-11.153060763161315,2.7753106393871474,0.0797849900522321,0.20269617153885833,-0.03047572216126828,1.0,0.0,0.0,TARGET_HOLD,0.2961151172088351,0,32,0,0,0
8.25,-59.147681624635915,-11.149372372591007,2.7747575811325587,0.08659951427142384,0.2213034342184923,-0.033183495275321495,1.0,0.0,0.0,TRACKING,0.29690519284842676,0,32,0,0,0
8.266666666666667,-59.146124723994404,-11.145373860976038,2.774159393326069,0.0934140384906156,0.23991069689812627,-0.03589126838937472,1.0,0.0,0.0,TRACKING,0.29777093922708553,0,32,0,0,0
8.283333333333333,-59.14444283773405,-11.141072297953084,2.773500794011486,0.10091317562151657,0.2580937813772653,-0.03951595887497357,1.0,0.0,0.0,TRACKING,0.298711604929358,0,32,0,0,0
8.3,-59.14264321612117,-11.136463432245252,2.772789142291244,0.10797729677258178,0.2765319424698653,-0.042699103214529036,1.0,0.0,0.0,TRACKING,0.29973081307334937,0,32,0,0,0
8.316666666666666,-59.14072650486248,-11.131547001667771,2.7720245285382763,0.1150026755216411,0.2949858346488783,-0.0458768251780719,1.0,0.0,0.0,TARGET_HOLD,0.30083029846348297,0,32,0,0,0
8.333333333333334,-59.13870263445203,-11.126319404894796,2.771206965506861,0.12143222462678813,0.3136558063785648,-0.049053781884929745,1.0,0.0,0.0,TARGET_HOLD,0.3020196063851023,0,32,0,0,0
8.35,-59.13655162600776,-11.120788672796834,2.7703341213194115,0.12906050665629004,0.3318439258776638,-0.05237065124696785,1.0,0.0,0.0,TARGET_HOLD,0.3032845366806327,0,32,0,0,0
8.366666666666667,-59.13428389484597,-11.114950645656666,2.769405989924018,0.13606386970716394,0.3502816284100761,-0.05568788372359237,1.0,0.0,0.0,TARGET_HOLD,0.30463534423341376,0,32,0,0,0
8.383333333333333,-59.131892977592706,-11.108809509826527,2.768414129257175,0.14345503519608943,0.3684681498084318,-0.05951164001059889,1.0,0.0,0.0,TARGET_HOLD,0.3060724099983274,0,32,0,0,0
8.4,-59.12938598162568,-11.102360969592576,2.767366238456984,0.150419758021282,0.38691241403700793,-0.06287344801147395,1.0,0.0,0.0,TARGET_HOLD,0.3075993333898782,0,32,0,0,0
8.416666666666666,-59.126774556197674,-11.095600870408616,2.7662623421261867,0.15668552568025734,0.40560595103761743,-0.0662337798478461,1.0,0.0,0.0,TARGET_HOLD,0.3092272319269328,0,32,0,0,0
8.433333333333334,-59.124046833153315,-11.088533857343108,2.765100223421203,0.16366338266146427,0.42402078393039266,-0.06972712229899862,1.0,0.0,0.0,TARGET_HOLD,0.31094909908940527,0,32,0,0,0
8.45,-59.12121531622966,-11.081155474198608,2.763879910080396,0.16989101541924723,0.4427029886700628,-0.07321880044842623,1.0,0.0,0.0,TARGET_HOLD,0.3127767848768155,0,32,0,0,0
8.466666666666667,-59.118272459033165,-11.073465346377088,2.7626204852181995,0.17657143178958837,0.46140766929121896,-0.07556549173179997,1.0,0.0,0.0,TARGET_HOLD,0.31469560257641793,0,32,0,0,0
8.483333333333333,-59.115215794098205,-11.0654633281191,2.761331340574446,0.1833998960976028,0.4801210954793147,-0.07734867862520729,1.0,0.0,0.0,TARGET_HOLD,0.3166999389915244,0,32,0,0,0
8.5,-59.11204022654804,-11.057152648357292,2.76000094844266,0.19053405300986495,0.49864078570844306,-0.07982352790716152,1.0,0.0,0.0,TARGET_HOLD,0.3187936119461443,0,32,0,0,0
8.516666666666667,-59.108742187960715,-11.048534586585513,2.7586302046552116,0.19788231523930308,0.5170837063067254,-0.08224462724690443,1.0,0.0,0.0,TARGET_HOLD,0.3209748889735107,0,32,0,0,0
8.533333333333333,-59.1053216981978,-11.039608931722036,2.757220688317609,0.20522938577521888,0.5355392918085885,-0.08457098025615561,1.0,0.0,0.0,TARGET_HOLD,0.32324463940189374,0,32,0,0,0
8.55,-59.10177869672222,-11.030375627106148,2.7557730455952467,0.2125800885344315,0.5539982769532902,-0.08685856334173468,1.0,0.0,0.0,TARGET_HOLD,0.32560417900964134,0,32,0,0,0
8.566666666666666,-59.09811284964482,-11.020834805868809,2.754287276808906,0.2199508246439837,0.5724492742403534,-0.08914612718042472,1.0,0.0,0.0,TARGET_HOLD,0.3280549572929965,0,32,0,0,0
8.583333333333334,-59.09431961511548,-11.010986778049306,2.752778976620585,0.22759407176034122,0.590881669170138,-0.0904980112992694,1.0,0.0,0.0,TARGET_HOLD,0.3305861221442462,0,32,0,0,0
8.6,-59.09040321466602,-11.000831111427983,2.75123462598365,0.23498402696776247,0.6093399972794026,-0.09266103821611348,1.0,0.0,0.0,TARGET_HOLD,0.33321051911065513,0,32,0,0,0
8.616666666666667,-59.086363652310965,-10.990367706724397,2.7496550684035435,0.24237374130327383,0.6278042822151567,-0.09477345480638653,1.0,0.0,0.0,TARGET_HOLD,0.3359293725543493,0,32,0,0,0
8.633333333333333,-59.082200183806414,-10.979596622411243,2.7480424709220355,0.24980811027288252,0.6462650587892611,-0.09675584889048643,1.0,0.0,0.0,TARGET_HOLD,0.3387425266126176,0,32,0,0,0
8.65,-59.077912011136,-10.968517974618177,2.746398814014386,0.25729036022461316,0.6647188675839729,-0.09861941445898213,1.0,0.0,0.0,TARGET_HOLD,0.3416498548693845,0,32,0,0,0
8.666666666666666,-59.073498635605134,-10.957131965955574,2.744724098279953,0.26480253185216857,0.6831605197562134,-0.10048294406599237,1.0,0.0,0.0,TARGET_HOLD,0.34465257277193273,0,32,0,0,0
8.683333333333334,-59.06895516304857,-10.945442555351086,2.7430383722360303,0.27260835339376654,0.7013646362692103,-0.10114356263533696,1.0,0.0,0.0,TARGET_HOLD,0.34773515684203027,0,32,0,0,0
8.7,-59.06429036642376,-10.933473159725427,2.741342469996974,0.27988779748863774,0.7181637375395878,-0.1017541343433675,1.0,0.0,0.0,TARGET_HOLD,0.35089423570104017,0,32,0,0,0
8.716666666666667,-59.059508435192875,-10.921252696093594,2.7395955074299763,0.28691587385338757,0.7332278179098886,-0.10481775401987221,1.0,0.0,0.0,TARGET_HOLD,0.3541467225002114,0,32,0,0,0
8.733333333333333,-59.05461606524651,-10.908800422148692,2.7378055931590497,0.2935421967817669,0.7471364366942127,-0.10739485625559825,1.0,0.0,0.0,TARGET_HOLD,0.35748481589065606,0,32,0,0,0
8.75,-59.04961898415595,-10.896134592244392,2.735978561530918,0.2998248654340287,0.7599497942579281,-0.10962189768789093,1.0,0.0,0.0,TARGET_HOLD,0.3609016867084185,0,32,0,0,3
8.766666666666667,-59.044525063355394,-10.883271410021498,2.7341172244665817,0.305635248033124,0.7717909333735586,-0.11168022386016144,1.0,0.0,0.0,TARGET_HOLD,0.36439434216735245,0,32,0,0,3
8.783333333333333,-59.039323644514,-10.8702347795714,2.732215147550937,0.31208513048351133,0.782197827005957,-0.1141246149386893,1.0,0.0,0.0,TARGET_HOLD,0.3679505509813048,0,32,0,0,3
8.8,-59.03403703003349,-10.85703082098492,2.7302821292070454,0.31719686883065074,0.7922375151887913,-0.11598110063348342,1.0,0.0,0.0,TARGET_HOLD,0.37157582462827543,0,32,0,0,4
8.816666666666666,-59.02867028413421,-10.843672788389668,2.728320513482502,0.3220047539567584,0.8014819557151256,-0.11769694347261112,1.0,0.0,0.0,TARGET_HOLD,0.3752663300885156,0,32,0,0,4
8.833333333333334,-59.02323004770395,-10.830172087877399,2.7263326575026183,0.326414185815421,0.8100420307361552,-0.11927135879299869,1.0,0.0,0.0,TARGET_HOLD,0.3790197912721832,0,32,0,0,4
8.85,-59.017717155076305,-10.816541787805338,2.724318707289249,0.33077355765860245,0.8178180043236879,-0.12083701280214432,1.0,0.0,0.0,TARGET_HOLD,0.38283087039379926,0,32,0,0,4
8.866666666666667,-59.01213562550369,-10.802792332176262,2.722280639678264,0.33489177435709894,0.8249673377445965,-0.1222840566590821,1.0,0.0,0.0,TARGET_HOLD,0.3866960182309225,0,32,0,0,4
8.883333333333333,-59.00647392319488,-10.788940971516897,2.720213836772567,0.33970213852834175,0.8310816395618781,-0.12400817434183584,1.0,0.0,0.0,TARGET_HOLD,0.387977252643381,0,32,0,0,4
8.9,-59.00075120038563,-10.774988930712844,2.718125768662116,0.3433633685552576,0.8371224482431866,-0.1252840866270548,1.0,0.0,0.0,TARGET_HOLD,0.3886010060819397,0,32,0,0,4
8.916666666666666,-58.99497106744543,-10.760944397236655,2.7160172185910754,0.3468079764121405,0.8426720085714381,-0.12651300426244905,1.0,0.0,0.0,TARGET_HOLD,0.3892275539635357,0,32,0,0,4
8.933333333333334,-58.98913651044922,-10.746814961293726,2.7138897382231257,0.35007341977241774,0.8477661565756669,-0.1276488220769802,1.0,0.0,0.0,TARGET_HOLD,0.3898553945090655,0,32,0,0,4
8.95,-58.983243520022754,-10.732609224057217,2.7117536407223133,0.3535794255882034,0.8523442341905687,-0.12816585004875183,1.0,0.0,0.0,TRACKING,0.3904731639431199,0,32,0,0,4
8.966666666666667,-58.97729327880821,-10.71833469497185,2.709607515643099,0.3570144728723047,0.8564717451220526,-0.12876750475286122,1.0,0.0,0.0,TRACKING,0.3910800105352037,0,32,0,0,4
8.983333333333333,-58.971263138645604,-10.704008795211058,2.707452419653365,0.3618084097564445,0.859553985647584,-0.12930575938405994,1.0,0.0,0.0,TRACKING,0.3916572174434866,0,32,0,0,4
9.0,-58.96518084250303,-10.689625748245483,2.705287428515408,0.36493776855446347,0.8629828179344784,-0.1298994682774064,1.0,0.0,0.0,TRACKING,0.3922221456273104,0,32,0,0,4
9.016666666666667,-58.959050485232844,-10.675189910589017,2.7031126914208645,0.3678214362114225,0.866150259387897,-0.13048422567258952,1.0,0.0,0.0,TRACKING,0.39277523351895194,0,32,0,0,4
9.033333333333333,-58.95287398172959,-10.660706051919142,2.7009289466997797,0.3705902101951796,0.8690315201924983,-0.1310246832651072,1.0,0.0,0.0,TRACKING,0.3933151300693989,0,32,0,0,4
9.05,-58.946652716003214,-10.646178623368488,2.698737756485902,0.3732759435823259,0.8716457130392068,-0.13147141283265298,1.0,0.0,0.0,TRACKING,0.3938396923473655,0,32,0,0,4
9.066666666666666,-58.940386483300884,-10.6316126605493,2.696538947681659,0.3759739621398611,0.8739577691513684,-0.13192852825458976,1.0,0.0,0.0,TRACKING,0.39434673969119904,0,32,0,0,4
9.083333333333334,-58.934051521016215,-10.617023920238845,2.694332264770259,0.38009773708005073,0.87532441862722,-0.13240097468399806,1.0,0.0,0.0,TRACKING,0.39481775441740186,0,32,0,0,4
9.1,-58.92767637847787,-10.60240309000019,2.6921187614209208,0.3825085523008978,0.8772498143194274,-0.13281020096028703,1.0,0.0,0.0,TRACKING,0.39526993291528867,0,32,0,0,4
9.116666666666667,-58.92126270854798,-10.587753346217688,2.689898249388954,0.3848201957935634,0.8789846269499995,-0.13323072191800167,1.0,0.0,0.0,TRACKING,0.39570251289948666,0,32,0,0,4
9.133333333333333,-58.91480969065321,-10.573078742363816,2.6876703535389392,0.38718107368617766,0.8804762312324633,-0.13367375100089404,1.0,0.0,0.0,TRACKING,0.39611314925747576,0,32,0,0,4
9.15,-58.90831846076844,-10.558382017593438,2.685435633251031,0.3894737930857469,0.8818034862225822,-0.13408321727447642,1.0,0.0,0.0,TRACKING,0.3965003503052901,0,32,0,0,4
9.166666666666666,-58.90179166167923,-10.543664539194225,2.6831973765690815,0.3916079453523201,0.8830487039528312,-0.13429540091698242,1.0,0.0,0.0,TRACKING,0.39686215724347385,0,32,0,0,4
9.183333333333334,-58.89520337469337,-10.528941673078208,2.6809555574814103,0.3952972191520497,0.8833719669609783,-0.1345091452602578,1.0,0.0,0.0,TRACKING,0.39717846186160843,0,32,0,0,4
9.2,-58.888579608163795,-10.514203598728328,2.6787096991219728,0.3974259917744023,0.8842844609928557,-0.13475150156626434,1.0,0.0,0.0,TRACKING,0.3974659384035666,0,32,0,0,4
9.216666666666667,-58.8819233168706,-10.499451358477982,2.6764600010345916,0.3993774775919241,0.8851344150207238,-0.134981885242859,1.0,0.0,0.0,TRACKING,0.39772470743137545,0,32,0,0,4
9.233333333333333,-58.87523337603674,-10.484687789997302,2.674206354964254,0.4013964500315253,0.8858141088408402,-0.13521876422026569,1.0,0.0,0.0,TRACKING,0.3979522178515066,0,32,0,0,4
9.25,-58.86851052377808,-10.46991461622681,2.671949060000577,0.40337113551965303,0.8863904262295145,-0.13543769782059614,1.0,0.0,0.0,TRACKING,0.39814701826727883,0,32,0,0,4
9.266666666666667,-58.86175704841399,-10.45513258082441,2.669688924511454,0.4052085218451395,0.8869221241439748,-0.13560812934738012,1.0,0.0,0.0,TRACKING,0.39830849573419735,0,32,0,0,4
9.283333333333333,-58.85494691875733,-10.440356570066676,2.6674248771186586,0.4086077793997011,0.8865606454640785,-0.13584284356772722,1.0,0.0,0.0,TRACKING,0.39841693134737066,0,32,0,0,4
9.3,-58.84810565326301,-10.425575518605628,2.6651574168241323,0.4104759296591069,0.8868630876628215,-0.13604761767158158,1.0,0.0,0.0,TRACKING,0.39848842227919135,0,32,0,0,4
9.316666666666666,-58.84123589556849,-10.410789717932522,2.6628864928269445,0.41218546167132947,0.8871480403864349,-0.1362554398312762,1.0,0.0,0.0,TRACKING,0.39852313131088124,0,32,0,0,4
9.333333333333334,-58.83433632477988,-10.396001355593096,2.6606115408560016,0.41397424731644006,0.8873017403654843,-0.13649711825655733,1.0,0.0,0.0,TRACKING,0.39977196359735,0,32,0,0,4
9.35,-58.82740730732455,-10.38121162295656,2.6583324336077343,0.41574104732025385,0.8873839581922727,-0.13674643489604066,1.0,0.0,0.0,TRACKING,0.4043874557091376,0,32,0,0,4
9.366666666666667,-58.82044928177956,-10.366421507813905,2.656049485875879,0.4174815326994069,0.8874069085592572,-0.13697686391132072,1.0,0.0,0.0,TRACKING,0.4090014783006094,0,32,0,0,4
9.383333333333333,-58.813462656299755,-10.351631925298305,2.653762988606162,0.419197528788458,0.8873749509360499,-0.13718983618301894,1.0,0.0,0.0,TRACKING,0.41361372076758174,0,32,0,0,4
9.4,-58.80643933123193,-10.336847634138707,2.6514754619206253,0.42139950406971977,0.8870574695758201,-0.13725160113219986,1.0,0.0,0.0,TRACKING,0.41821550814599984,0,32,0,0,4
9.416666666666666,-58.799395757655084,-10.322061455424926,2.64918662435687,0.4226144146104688,0.8871707228268524,-0.13733025382532618,1.0,0.0,0.0,TARGET_HOLD,0.42280761880784645,0,32,0,0,4
9.433333333333334,-58.792333031385276,-10.307273768291934,2.6468964447110195,0.4237635761884593,0.8872612279795409,-0.13741077875101632,1.0,0.0,0.0,TARGET_HOLD,0.4272921140661039,0,32,0,0,4
9.45,-58.785250383885725,-10.292485777212729,2.6446050650235358,0.4249588499733131,0.887279464752283,-0.13748278124903268,1.0,0.0,0.0,TARGET_HOLD,0.43183330767296035,0,32,0,0,4
9.466666666666667,-58.77814810508589,-10.277698109883863,2.6423125762066633,0.42613672798999785,0.8872600397319163,-0.13754932901235084,1.0,0.0,0.0,TARGET_HOLD,0.4364306244986518,0,32,0,0,4
9.483333333333333,-58.77100968035704,-10.262919843936713,2.6400191870189196,0.42830548373117605,0.8866959568290503,-0.13760335126463852,1.0,0.0,0.0,TARGET_HOLD,0.44106881025825495,0,32,0,0,4
9.5,-58.763835368535325,-10.248151552272413,2.6377249656702184,0.4304587093027833,0.8860974998579321,-0.13765328092205595,1.0,0.0,0.0,TARGET_HOLD,0.445747523737543,0,32,0,0,4
9.516666666666667,-58.75663246660255,-10.233390130257016,2.635429857803827,0.43217411596660205,0.8856853209238149,-0.13770647198348065,1.0,0.0,0.0,TARGET_HOLD,0.45047259194480005,0,32,0,0,4
9.533333333333333,-58.74940021968263,-10.21863656129585,2.6331339546544954,0.43393481519516514,0.8852141376699684,-0.1377541889598872,1.0,0.0,0.0,TARGET_HOLD,0.45524271323001475,0,32,0,0,4
9.55,-58.742138455736,-10.203891491455742,2.630837332769249,0.4357058367979356,0.8847041904064955,-0.13779731311477456,1.0,0.0,0.0,TARGET_HOLD,0.46005711671169935,0,32,0,0,4
9.566666666666666,-58.73484737081252,-10.189155341260731,2.6285400465977786,0.4374650954090001,0.8841690117006991,-0.13783717028823106,1.0,0.0,0.0,TARGET_HOLD,0.46491536919854104,0,32,0,0,4
9.583333333333334,-58.727499262223915,-10.174443568626051,2.6262423713979905,0.44088651531613904,0.882706358080796,-0.13786051198728605,1.0,0.0,0.0,TARGET_HOLD,0.4697929184942713,0,32,0,0,4
9.6,-58.72012265029453,-10.159741200819662,2.623944137815403,0.4425967157634668,0.8821420683834738,-0.1378940149552664,1.0,0.0,0.0,TARGET_HOLD,0.4747140986231829,0,32,0,0,4
9.616666666666667,-58.712717699817176,-10.145048583803971,2.6216453881517428,0.44429702864109216,0.8815570209413816,-0.13792497981961188,1.0,0.0,0.0,TARGET_HOLD,0.47967845850261626,0,32,0,0,4
9.633333333333333,-58.7052912394097,-10.130363557177755,2.6193395997293254,0.44558762444827005,0.8811015975729981,-0.1383473053450594,1.0,0.0,0.0,TARGET_HOLD,0.4846939937649597,0,32,0,0,4
9.65,-58.69783941283119,-10.115688448264654,2.617027339812486,0.44710959471052475,0.8805065347860035,-0.13873559501036808,1.0,0.0,0.0,TARGET_HOLD,0.48975654396541835,0,32,0,0,4
9.666666666666666,-58.69036232630149,-10.101023475777115,2.6147090986659536,0.4486251917821011,0.8798983492524167,-0.13909446879194123,1.0,0.0,0.0,TARGET_HOLD,0.49486535464226433,0,32,0,0,4
9.683333333333334,-58.68283491336733,-10.086383895881886,2.612378569844042,0.45164477604959496,0.8783747937136833,-0.13983172931470841,1.0,0.0,0.0,TARGET_HOLD,0.5000013733706254,0,32,0,0,4
9.7,-58.67528243992624,-10.071754885677622,2.6100425485814753,0.4531484064654056,0.8777406122558649,-0.14016127575398973,1.0,0.0,0.0,TARGET_HOLD,0.5051825505701595,0,32,0,0,4
9.716666666666667,-58.667704995779154,-10.057136626583409,2.607701450972243,0.4546466488254365,0.8770955456527836,-0.1404658565539316,1.0,0.0,0.0,TARGET_HOLD,0.5104081503503117,0,32,0,0,4
9.733333333333333,-58.660105263793646,-10.042525870005289,2.6053681901869865,0.4559839191305083,0.8766453946872591,-0.13999564711539558,1.0,0.0,0.0,TARGET_HOLD,0.5156743507811252,0,32,0,0,4
9.75,-58.652479879313496,-10.02792499434975,2.6030409334820126,0.4575230688087677,0.8760525393322397,-0.13963540229841756,1.0,0.0,0.0,TARGET_HOLD,0.5209785996635181,0,32,0,0,4
9.766666666666667,-58.64482724344554,-10.013335253540376,2.6007188858144463,0.45915815207749994,0.8753844485623641,-0.13932286005397718,1.0,0.0,0.0,TARGET_HOLD,0.5263193888548507,0,32,0,0,7
9.783333333333333,-58.63712348549013,-9.998769404757136,2.5984089695112393,0.46222547732459623,0.8739509269944685,-0.13859497819243952,1.0,0.0,0.0,TARGET_HOLD,0.5317208400060063,0,32,0,0,7
9.8,-58.629394712904755,-9.984213921649223,2.596104026614659,0.4637263551225098,0.8733289864747242,-0.13829657379481541,1.0,0.0,0.0,TARGET_HOLD,0.5376865528912129,0,32,0,0,7
9.816666666666666,-58.6216428656022,-9.969667930215847,2.5938040906901745,0.4651108381536061,0.8727594860025943,-0.1379961554690828,1.0,0.0,0.0,TARGET_HOLD,0.543720067854436,0,32,0,0,8
9.833333333333334,-58.61386804544819,-9.955131629473854,2.5915087824217173,0.46648920924014475,0.8721780445195675,-0.13771849610742085,1.0,0.0,0.0,TARGET_HOLD,0.5498215160696409,0,32,0,0,8
9.85,-58.606069574820054,-9.940605502664324,2.589218634857045,0.46790823768813916,0.8715676085718121,-0.13740885388034385,1.0,0.0,0.0,TARGET_HOLD,0.5559899935586636,0,32,0,0,8
9.866666666666667,-58.59824582775951,-9.92609058428445,2.5869340392170996,0.46942482363245863,0.8708951027923678,-0.137075738396718,1.0,0.0,0.0,TARGET_HOLD,0.5622238587242951,0,32,0,0,8
9.883333333333333,-58.59037121350269,-9.911600976498075,2.584661565956229,0.47247685540923723,0.8693764671825438,-0.13634839565225043,1.0,0.0,0.0,TARGET_HOLD,0.5684984118022056,0,32,0,0,8
9.9,-58.58247176754966,-9.897122721232291,2.5823940678245143,0.4739667571819064,0.8686953159470043,-0.13604988790288608,1.0,0.0,0.0,TARGET_HOLD,0.5748387819771366,0,32,0,0,8
9.916666666666666,-58.574549533703525,-9.882654799744774,2.5801315954527135,0.47533403076840064,0.8680752892511009,-0.13574834230805957,1.0,0.0,0.0,TARGET_HOLD,0.5812465519809928,0,32,0,0,8
9.933333333333334,-58.56660271645527,-9.868198311516771,2.577874674233755,0.476809034895184,0.8673892936801164,-0.13541527313751403,1.0,0.0,0.0,TARGET_HOLD,0.5877198711843961,0,32,0,0,8
9.95,-58.558631400310226,-9.853753416407423,2.575622883625757,0.47827896870262926,0.866693706560883,-0.13510743647988863,1.0,0.0,0.0,TARGET_HOLD,0.5942589110897085,0,32,0,0,8
9.966666666666667,-58.55063686142426,-9.839319504309834,2.573376275107362,0.4796723331581773,0.8660347258552589,-0.1347965111037154,1.0,0.0,0.0,TARGET_HOLD,0.6008646136040983,0,32,0,0,8
9.983333333333333,-58.54259194450929,-9.824911875933026,2.571141901051846,0.4826950148981258,0.8644577026085668,-0.13406244333097314,1.0,0.0,0.0,TARGET_HOLD,0.6075104603292125,0,32,0,0,8
10.0,-58.53452234126771,-9.810516329165026,2.568912592991983,0.4841761944946742,0.863732806079931,-0.13375848359176729,1.0,0.0,0.0,TARGET_HOLD,0.6142216212090361,0,32,0,0,8
10.016666666666667,-58.52643019511512,-9.796131728182798,2.566688362546803,0.4855287691553291,0.863076058933607,-0.13345382671079928,1.0,0.0,0.0,TARGET_HOLD,0.6209997819834554,0,32,0,0,8
10.033333333333333,-58.51831372357883,-9.781759162686878,2.5644697347786556,0.48698829217733525,0.8623539297552275,-0.13311766608884354,1.0,0.0,0.0,TARGET_HOLD,0.6278430855165076,0,32,0,0,8
10.05,-58.510172876691534,-9.767398784216505,2.5622566713254833,0.48845081323753026,0.8616227082223213,-0.1327838071903202,1.0,0.0,0.0,TARGET_HOLD,0.6347514100782541,0,32,0,0,8
10.066666666666666,-58.50200772676119,-9.753050724991759,2.5600487506482734,0.48990899582048736,0.8608835534847984,-0.1324752406325941,1.0,0.0,0.0,TARGET_HOLD,0.6417249489544543,0,32,0,0,8
10.083333333333334,-58.49381834249911,-9.738715110057228,2.557845583142786,0.4913630557250238,0.8601368960717922,-0.1321900503292412,1.0,0.0,0.0,TARGET_HOLD,0.6487638892440049,0,32,0,0,8
10.1,-58.48558065339743,-9.724405796787288,2.555654334629307,0.49426134610119843,0.8585587961965185,-0.13147491080874027,1.0,0.0,0.0,TARGET_HOLD,0.6558438780700611,0,32,0,0,8
10.116666666666667,-58.477318630465476,-9.710109104746492,2.553468263210059,0.4957213759169462,0.8578015224476989,-0.13116428515487608,1.0,0.0,0.0,TARGET_HOLD,0.6629887704465598,0,32,0,0,8
10.133333333333333,-58.46903067212575,-9.69582598387232,2.5512882207480017,0.49727750038377916,0.8569872524503989,-0.1308025477234518,1.0,0.0,0.0,TARGET_HOLD,0.6701966481717676,0,32,0,0,8
10.15,-58.46071862285934,-9.681555479389571,2.5491137505039534,0.49872295598437,0.8562302689648932,-0.13046821464289293,1.0,0.0,0.0,TARGET_HOLD,0.6774692103208131,0,32,0,0,8
10.166666666666666,-58.45238254924679,-9.667297709532257,2.5469444303401865,0.500164416752801,0.8554661914389345,-0.1301592098260128,1.0,0.0,0.0,TARGET_HOLD,0.6848066663678261,0,32,0,0,8
10.183333333333334,-58.443997571016375,-9.653067411486967,2.5447873060493724,0.5030986938249793,0.8538178827173027,-0.12942745744882966,1.0,0.0,0.0,TARGET_HOLD,0.6921837207673551,0,32,0,0,8
10.2,-58.43556382261846,-9.638864820542686,2.5426414537017425,0.5060249038746014,0.8521554566568855,-0.12875114085779685,1.0,0.0,0.0,TARGET_HOLD,0.69960085903444,0,32,0,0,8
10.216666666666667,-58.427109505647245,-9.624673170153976,2.54049990625341,0.5072590182730194,0.8514990233225723,-0.12849284689993237,1.0,0.0,0.0,TARGET_HOLD,0.707086006898265,0,32,0,0,8
10.233333333333333,-58.41863302077843,-9.610493401850823,2.5383636284752544,0.5085890921287601,0.8507860981892525,-0.12817666668935573,1.0,0.0,0.0,TARGET_HOLD,0.714637138542682,0,32,0,0,8
10.25,-58.41013089260627,-9.596327722189063,2.536233056178681,0.5101276903295822,0.8499407797055696,-0.1278343377943971,1.0,0.0,0.0,TARGET_HOLD,0.7221908936822137,0,32,0,0,8
10.266666666666667,-58.40160468111252,-9.582175305009779,2.534107757130237,0.5115726896250893,0.8491450307570214,-0.1275179429066323,1.0,0.0,0.0,TARGET_HOLD,0.7295988032682026,0,32,0,0,8
10.283333333333333,-58.39303008332663,-9.568051005558084,2.531994645276272,0.5144758671534846,0.8474579671016833,-0.12678671123789026,1.0,0.0,0.0,TARGET_HOLD,0.7387837605209577,0,32,0,0,8
10.3,-58.384431907177046,-9.553939823516751,2.5298866348353415,0.5158905689749153,0.8466709224799253,-0.12648062645582997,1.0,0.0,0.0,TARGET_HOLD,0.7483691023602002,0,32,0,0,8
10.316666666666666,-58.375810215285156,-9.53984186493535,2.527783339336761,0.5173015135135935,0.8458775148841678,-0.12619772991483488,1.0,0.0,0.0,TARGET_HOLD,0.7579385130126615,0,32,0,0,8
10.333333333333334,-58.367168125838134,-9.52575520699454,2.525684864494308,0.5185253668213983,0.845199476448494,-0.12590849054715103,1.0,0.0,0.0,TARGET_HOLD,0.7674936085594615,0,32,0,0,8
10.35,-58.35850221335209,-9.51168199071766,2.523592130397542,0.5199547491627731,0.8443929766128422,-0.12556404580598918,1.0,0.0,0.0,TARGET_HOLD,0.7770318065940505,0,32,0,0,8
10.366666666666667,-58.34981234067465,-9.497622399148542,2.521505057288528,0.5213923606462729,0.8435754941470884,-0.12522438654082643,1.0,0.0,0.0,TARGET_HOLD,0.7865530182103666,0,32,0,0,8
10.383333333333333,-58.341072491919164,-9.483592858407436,2.5194306064557885,0.5243909253292943,0.8417724444664355,-0.12446704996437295,1.0,0.0,0.0,TARGET_HOLD,0.7960378551606628,0,32,0,0,8
10.4,-58.33230915032569,-9.4695768553981,2.5173612237461622,0.5258004956081818,0.8409601805600823,-0.1241629625775682,1.0,0.0,0.0,TARGET_HOLD,0.8055063427362699,0,32,0,0,8
10.416666666666666,-58.323524358932254,-9.45557313125527,2.5152969488460335,0.5270874836064786,0.8402234485698264,-0.12385649400773001,1.0,0.0,0.0,TARGET_HOLD,0.8149595470952447,0,32,0,0,8
10.433333333333334,-58.314718175503636,-9.441581780812223,2.5132373948001367,0.528371005717086,0.8394810265828002,-0.12357324275378861,1.0,0.0,0.0,TARGET_HOLD,0.8243976628776892,0,32,0,0,8
10.45,-58.30588978819353,-9.427603319505916,2.5111832066047963,0.5297032386063911,0.8387076783784309,-0.12325129172043978,1.0,0.0,0.0,TARGET_HOLD,0.8338197672039063,0,32,0,0,8
10.466666666666667,-58.297037598775034,-9.413638828040302,2.509134741636254,0.5311313651100246,0.8378694879367954,-0.12290789811252575,1.0,0.0,0.0,TARGET_HOLD,0.8432246718796588,0,32,0,0,8
10.483333333333333,-58.28813709086313,-9.399704183332016,2.507098545520722,0.5340304747143091,0.8360786824971439,-0.12217176693192931,1.0,0.0,0.0,TARGET_HOLD,0.8525941629198399,0,32,0,0,8
10.5,-58.27921145030409,-9.38578455424839,2.505067893338466,0.535538433542633,0.8351777450174679,-0.12183913093536358,1.0,0.0,0.0,TARGET_HOLD,0.8619458025550839,0,32,0,0,8
10.516666666666667,-58.27026431457537,-9.371877640257972,2.5030423650945406,0.5368281437232469,0.8344148394250306,-0.12153169463550738,1.0,0.0,0.0,TARGET_HOLD,0.8712818619259084,0,32,0,0,8
10.533333333333333,-58.26129574052161,-9.35798353227768,2.5010215726118004,0.5381144432254672,0.8336464788176051,-0.1212475489644282,1.0,0.0,0.0,TARGET_HOLD,0.8806025301191795,0,32,0,0,8
10.55,-58.2523057823544,-9.344102316653261,2.499005157120458,0.539397490032601,0.8328729374650734,-0.12098492948055195,1.0,0.0,0.0,TARGET_HOLD,0.8899079728976558,0,32,0,0,8
10.566666666666666,-58.243295571218084,-9.33023320957843,2.4969937463354186,0.5406126681787189,0.83214642448991,-0.12068464710237105,1.0,0.0,0.0,TARGET_HOLD,0.8991984017731387,0,32,0,0,8
10.583333333333334,-58.23423583496112,-9.316395657323286,2.4949947380505577,0.5435841754180701,0.8302531353087057,-0.11994049709165969,1.0,0.0,0.0,TARGET_HOLD,0.9084523729075491,0,32,0,0,8
10.6,-58.22515260546497,-9.302572498653221,2.493000898122247,0.5449937697690159,0.8293895202038589,-0.11963039569865326,1.0,0.0,0.0,TARGET_HOLD,0.9176893777982627,0,32,0,0,8
10.616666666666667,-58.216048162184514,-9.28876224740701,2.491012209306159,0.5462665968275273,0.8286150747726185,-0.11932132896527775,1.0,0.0,0.0,TARGET_HOLD,0.9269106762823147,0,32,0,0,8
10.633333333333333,-58.20692067659065,-9.274966161523409,2.489029195554704,0.5476491356319396,0.8277651530161482,-0.11898082508731209,1.0,0.0,0.0,TARGET_HOLD,0.9361148518506022,0,32,0,0,8
10.65,-58.197770208571626,-9.261184334123769,2.4870514269387427,0.5490280811411903,0.8269096439784165,-0.11866611695767712,1.0,0.0,0.0,TARGET_HOLD,0.9453021201041569,0,32,0,0,8
10.666666666666666,-58.18859681546953,-9.247416853970808,2.485078506099526,0.5504035861258662,0.8260488091776849,-0.11837525035301454,1.0,0.0,0.0,TARGET_HOLD,0.9544726711665388,0,32,0,0,8
10.683333333333334,-58.17937426771241,-9.233681505599455,2.48311833335948,0.5533528654271586,0.824120902281176,-0.11761036440274972,1.0,0.0,0.0,TARGET_HOLD,0.9636065621343397,0,32,0,0,8
10.7,-58.17012857177114,-9.219960728037702,2.4811633225718297,0.5547417564763588,0.8232466537051842,-0.11730064725903036,1.0,0.0,0.0,TARGET_HOLD,0.9727234397432958,0,32,0,0,8
10.716666666666667,-58.160858144683964,-9.206255722308267,2.4792134452952443,0.5562256252305595,0.8223003437660839,-0.11699263659512622,1.0,0.0,0.0,TARGET_HOLD,0.9818223289348627,0,32,0,0,9
10.733333333333333,-58.15155948117409,-9.192568993930323,2.4772692520365296,0.55791981059242,0.8212037026767222,-0.11665159552290415,1.0,0.0,0.0,TARGET_HOLD,0.9870720697386035,0,32,0,0,9
10.75,-58.14223264890532,-9.17890064508586,2.4753303121882704,0.5596099361262802,0.8201009306676235,-0.11633639089554736,1.0,0.0,0.0,TARGET_HOLD,0.9889089899669699,0,32,0,0,9
10.766666666666667,-58.13287567579117,-9.16525218783774,2.473396669554863,0.5614183868489534,0.8189074348871949,-0.11601855800443686,1.0,0.0,0.0,TARGET_HOLD,0.9905011584475472,0,32,0,0,9
10.783333333333333,-58.123460950628925,-9.15164345556488,2.4714753605976463,0.5648835097346201,0.8165239363716962,-0.11527853743299356,1.0,0.0,0.0,TARGET_HOLD,0.9918367496007356,0,32,0,0,9
10.8,-58.11402384098485,-9.138049136480376,2.4695592138546565,0.5662265786445507,0.815659145070247,-0.11496880457937397,1.0,0.0,0.0,TARGET_HOLD,0.9929259054335857,0,32,0,0,11
10.816666666666666,-58.104566543552295,-9.124467721868568,2.4676482337471644,0.5674378459532237,0.8148848767085589,-0.1146588064495384,1.0,0.0,0.0,TARGET_HOLD,0.9937671599626494,0,32,0,0,11
10.833333333333334,-58.09508653352658,-9.11090105228217,2.465742935524299,0.5688006015426067,0.8140001751838648,-0.11431789337192552,1.0,0.0,0.0,TARGET_HOLD,0.9943577823547709,0,32,0,0,11
10.85,-58.08558374009523,-9.097349265842174,2.4638432751262735,0.5701676058813036,0.8131071863997563,-0.11397962388152945,1.0,0.0,0.0,TARGET_HOLD,0.9946958824715644,0,32,0,0,12
10.866666666666667,-58.07605822570129,-9.083812454095355,2.4619488254451456,0.5715308636366294,0.8122087048091079,-0.1136669808676785,1.0,0.0,0.0,TARGET_HOLD,0.9947797402504333,0,32,0,0,12
10.883333333333333,-58.06651005014381,-9.070290704325771,2.460059191729635,0.5728905334486896,0.8113049861750936,-0.11337802293063447,1.0,0.0,0.0,TARGET_HOLD,0.9946075809265154,0,32,0,0,12
10.9,-58.05693927077622,-9.05678409987852,2.4581740091338617,0.5742467620555514,0.8103962668349759,-0.11311095574639678,1.0,0.0,0.0,TARGET_HOLD,0.9941775794521348,0,32,0,0,12
10.916666666666666,-58.047559974453804,-9.043547722718962,2.4563265434773567,0.5627577793448211,0.7941826295735668,-0.11084793939030486,1.0,0.0,0.0,TARGET_HOLD,0.9935101797579842,0,32,0,0,12
10.933333333333334,-58.038143396202045,-9.030305987461169,2.4544823821336172,0.5649946951057255,0.7945041154675087,-0.11064968062436936,1.0,0.0,0.0,TARGET_HOLD,0.9925888956981823,0,32,0,0,12
10.95,-58.028689045866514,-9.017061722036352,2.4526416080611475,0.5672610201318108,0.7946559254890113,-0.11044644434819842,1.0,0.0,0.0,TARGET_HOLD,0.991410726087383,0,32,0,0,12
10.966666666666667,-58.01919797437053,-9.003816472998375,2.450803964648487,0.5694642897589914,0.7947149422785748,-0.11025860475961616,1.0,0.0,0.0,TARGET_HOLD,0.989973167323936,0,32,0,0,12
10.983333333333333,-58.00964942449275,-8.99058744971878,2.4489762838763185,0.572912992666604,0.7937413967757928,-0.10966084633011,1.0,0.0,0.0,TARGET_HOLD,0.9882679010224233,0,32,0,0,12
11.0,-58.00004435633486,-8.977376102299862,2.44715781099915,0.5763040894732576,0.7926808451349369,-0.10910837263011182,1.0,0.0,0.0,TARGET_HOLD,0.9862932469711938,0,32,0,0,12
11.016666666666667,-57.990405105481884,-8.964167684183412,2.445343083073257,0.5783550511784852,0.7925050869869749,-0.10888367555357192,1.0,0.0,0.0,TARGET_HOLD,0.9853059530689463,0,32,0,0,12
11.033333333333333,-57.98073590200284,-8.950960723216815,2.4435318163902098,0.5801522087425954,0.7924176579958405,-0.10867600098283052,1.0,0.0,0.0,TARGET_HOLD,0.9841900177953489,0,32,0,0,12
11.05,-57.97103590718946,-8.937757368312475,2.441724590908238,0.5819996888026474,0.792201294260364,-0.10843352891830135,1.0,0.0,0.0,TARGET_HOLD,0.9829401950835004,0,32,0,0,12
11.066666666666666,-57.96130581336151,-8.92455860438964,2.4399211004757455,0.5838056296767271,0.7919258353701647,-0.10820942594956987,1.0,0.0,0.0,TARGET_HOLD,0.9815569536228916,0,32,0,0,12
11.083333333333334,-57.95152297623072,-8.91138275810079,2.438128456821623,0.5869702278477424,0.7905507773308778,-0.10755861924733878,1.0,0.0,0.0,TARGET_HOLD,0.980039272019142,0,32,0,0,12
11.1,-57.941712828042206,-8.898211998904728,2.4363392616656308,0.5886088913109118,0.7902455517638616,-0.10735170935953581,1.0,0.0,0.0,TARGET_HOLD,0.97838984119697,0,32,0,0,12
11.116666666666667,-57.931875929358924,-8.885047110473934,2.43455325375791,0.5902139209971009,0.7898933058476191,-0.10716047446323304,1.0,0.0,0.0,TARGET_HOLD,0.976609060490885,0,32,0,0,12
11.133333333333333,-57.922013986347736,-8.871887777768052,2.4327710867408054,0.5917165806711454,0.7895599623530369,-0.10693002102628137,1.0,0.0,0.0,TARGET_HOLD,0.9746975721062239,0,32,0,0,12
11.15,-57.91212418574932,-8.858737089113411,2.430993732639295,0.5933880359050251,0.7890413192783915,-0.10664124609063402,1.0,0.0,0.0,TARGET_HOLD,0.9726558214596985,0,32,0,0,12
11.166666666666666,-57.90220692201253,-8.845595694541116,2.4292211542570676,0.5950358242075564,0.788483674337788,-0.10635470293364102,1.0,0.0,0.0,TARGET_HOLD,0.9704844174380223,0,32,0,0,12
11.183333333333334,-57.89223976888347,-8.832481768051807,2.4274599568402517,0.5980291877436597,0.7868355893585278,-0.10567184500894913,1.0,0.0,0.0,TARGET_HOLD,0.9681842962079981,0,32,0,0,12
11.2,-57.88224629004239,-8.819377979745479,2.425703113796863,0.5996087304651644,0.7862272983797296,-0.10541058260332971,1.0,0.0,0.0,TARGET_HOLD,0.965756253299622,0,32,0,0,12
11.216666666666667,-57.87222686423193,-8.806284847607861,2.423950295250126,0.6011655486273298,0.785587928257064,-0.10516911280419657,1.0,0.0,0.0,TARGET_HOLD,0.9632007563021405,0,32,0,0,12
11.233333333333333,-57.86218484165844,-8.793200398691091,2.422201679579996,0.6025213544097856,0.7850669350062502,-0.10491694020780862,1.0,0.0,0.0,TARGET_HOLD,0.9610870991439089,0,32,0,0,12
11.25,-57.85211727488128,-8.78012752894305,2.4204582377150454,0.6040540066295643,0.7843721848824518,-0.10460651189703674,1.0,0.0,0.0,TARGET_HOLD,0.959423645794016,0,32,0,0,12
11.266666666666667,-57.84202290213705,-8.767067889517467,2.4187199325613924,0.6056623646536017,0.7835783655349088,-0.104298309219173,1.0,0.0,0.0,TARGET_HOLD,0.9577036120078088,0,32,0,0,12
11.283333333333333,-57.83188075978761,-8.754038616495276,2.4169933345423944,0.6085285409668193,0.7817563813315294,-0.10359588113988039,1.0,0.0,0.0,TARGET_HOLD,0.9559300400173381,0,32,0,0,12
11.3,-57.82171417857238,-8.74102182917696,2.4152713918788016,0.6099948729136152,0.7810072390989214,-0.10331655981556354,1.0,0.0,0.0,TARGET_HOLD,0.9541059403407692,0,32,0,0,12
11.316666666666666,-57.81152504654095,-8.728016497016817,2.4135541765495923,0.6113479218858714,0.780319929608608,-0.10303291975256255,1.0,0.0,0.0,TARGET_HOLD,0.9522344509120861,0,32,0,0,12
11.333333333333334,-57.801313608542216,-8.715022944406927,2.4118413304233735,0.612686279923857,0.7796131565933931,-0.10277076757312223,1.0,0.0,0.0,TARGET_HOLD,0.950318292868696,0,32,0,0,12
11.35,-57.791079395390575,-8.702041917835517,2.4101335046329817,0.6140527890984483,0.7788615942846353,-0.10246954742352185,1.0,0.0,0.0,TARGET_HOLD,0.948360559546908,0,32,0,0,12
11.366666666666667,-57.78082109371171,-8.689074867793275,2.4084310877932333,0.6154981007320588,0.7780230025344915,-0.10214501038489239,1.0,0.0,0.0,TARGET_HOLD,0.9463641299728047,0,32,0,0,12
11.383333333333333,-57.77051619401621,-8.67614044113097,2.4067406415692183,0.6182939817300951,0.7760655997383663,-0.10142677344091791,1.0,0.0,0.0,TARGET_HOLD,0.9443322811354893,0,32,0,0,12
11.4,-57.76018783515268,-8.663220279910146,2.405055046065867,0.6197015318119449,0.7752096732494503,-0.10113573020105836,1.0,0.0,0.0,TARGET_HOLD,0.9422673886150708,0,32,0,0,12
11.416666666666666,-57.749837936376174,-8.650313130610268,2.403374361977762,0.6209939265904441,0.7744289579926538,-0.10084104528630494,1.0,0.0,0.0,TARGET_HOLD,0.9401725439667812,0,32,0,0,12
11.433333333333334,-57.73946500468178,-8.637420502271054,2.4016991236113543,0.6223759016635472,0.7735577003528296,-0.10051430198445956,1.0,0.0,0.0,TARGET_HOLD,0.9380506496785588,0,32,0,0,12
11.45,-57.7290692111801,-8.62454261565944,2.4000289184119703,0.6237476101012208,0.7726731966968874,-0.10021231196305704,1.0,0.0,0.0,TARGET_HOLD,0.9359043253530241,0,32,0,0,12
11.466666666666667,-57.71865217973824,-8.611679236072872,2.3983572753877973,0.6250218865110398,0.7718027751940109,-0.10029858145038813,1.0,0.0,0.0,TARGET_HOLD,0.9329830925373535,0,32,0,0,12
11.483333333333333,-57.70819039024453,-8.59885086380695,2.3966852008200874,0.6277073696228748,0.7697023359553815,-0.10032447406258907,1.0,0.0,0.0,TARGET_HOLD,0.9300391454354027,0,32,0,0,12
11.5,-57.6977061294514,-8.586038367386267,2.3950130322516783,0.6290556475880053,0.768749785240934,-0.10033011410454555,1.0,0.0,0.0,TARGET_HOLD,0.927088901767342,0,32,0,0,12
11.516666666666667,-57.68720136800446,-8.57324032670914,2.393340691812377,0.6302856868160789,0.7678824406276199,-0.10034042635807422,1.0,0.0,0.0,TARGET_HOLD,0.9241325168817989,0,32,0,0,12
11.533333333333333,-57.67667462798032,-8.560458239507248,2.391668178638938,0.631604401448509,0.7669252321135215,-0.10035079040635486,1.0,0.0,0.0,TARGET_HOLD,0.9211697961726988,0,32,0,0,12
11.55,-57.66612592461853,-8.547692312927396,2.389995517774249,0.6329222017075772,0.7659555947911686,-0.1003596518813366,1.0,0.0,0.0,TARGET_HOLD,0.9182007550780322,0,32,0,0,12
11.566666666666666,-57.65555535739451,-8.534942671251597,2.3883227204070416,0.6342340334409113,0.7649785005479719,-0.10036784203245606,1.0,0.0,0.0,TARGET_HOLD,0.9152254058346987,0,32,0,0,12
11.583333333333334,-57.64494068896497,-8.522229233336171,2.386649903989025,0.6368801057723082,0.7628062749255646,-0.10036898508098967,1.0,0.0,0.0,TARGET_HOLD,0.9122410875933942,0,32,0,0,12
11.6,-57.63430415448039,-8.509532442838102,2.384976970683593,0.6381920690751037,0.7618074298842012,-0.10037599832594647,1.0,0.0,0.0,TARGET_HOLD,0.9092504510977137,0,32,0,0,12
11.616666666666667,-57.62364759562551,-8.496850876354344,2.383303934363123,0.6393935312924772,0.7608939890254767,-0.1003821792281948,1.0,0.0,0.0,TARGET_HOLD,0.9062537288087318,0,32,0,0,12
11.633333333333333,-57.61296950911832,-8.48418602232744,2.381630813999677,0.6406851904315032,0.7598912416142876,-0.10038722180676932,1.0,0.0,0.0,TARGET_HOLD,0.9032507417427789,0,32,0,0,12
11.65,-57.602269892290856,-8.47153805069517,2.3799576213940723,0.64197700964779,0.758878297936253,-0.10039155633627944,1.0,0.0,0.0,TARGET_HOLD,0.9002414905189211,0,32,0,0,12
11.666666666666666,-57.59154882166261,-8.458907054450608,2.3782843620192002,0.6432642376947646,0.7578597746737601,-0.10039556249234183,1.0,0.0,0.0,TARGET_HOLD,0.8982843394716951,0,32,0,0,12
11.683333333333334,-57.58078504976723,-8.44631245315765,2.376611187678123,0.6458263137228463,0.755676077577404,-0.10039046046464303,1.0,0.0,0.0,TARGET_HOLD,0.8966111652303468,0,32,0,0,12
11.7,-57.56997869913107,-8.433754390080443,2.3749380919288865,0.6483810381694258,0.753483784632512,-0.10038574495419414,1.0,0.0,0.0,TARGET_HOLD,0.8949380695808349,0,32,0,0,12
11.716666666666667,-57.55915370833449,-8.421210317874845,2.3732714463972573,0.649499447794628,0.7526443323358373,-0.09999873189775078,1.0,0.0,0.0,TARGET_HOLD,0.8932714241485449,0,32,0,0,12
11.733333333333333,-57.54830878201147,-8.408681599357548,2.3716107839109073,0.6506955793813888,0.7517231110378456,-0.09963974918101816,1.0,0.0,0.0,TARGET_HOLD,0.8916107617611781,0,32,0,0,12
11.75,-57.5374409585125,-8.39617110669789,2.3699556657541634,0.652069409937946,0.7506295595794377,-0.0993070894046276,1.0,0.0,0.0,TARGET_HOLD,0.8874424030039945,0,32,0,0,15
11.766666666666667,-57.52655163648702,-8.383677764048134,2.3683056719020557,0.6533593215284357,0.749600558985342,-0.09899963112644844,1.0,0.0,0.0,TARGET_HOLD,0.8775685652026834,0,32,0,0,15
11.783333333333333,-57.515619591673655,-8.371220573172108,2.3666679808051567,0.6559226888020567,0.7474314525615373,-0.09826146581394148,1.0,0.0,0.0,TARGET_HOLD,0.8676939105127652,0,32,0,0,15
11.8,-57.50466653270114,-8.358780315942699,2.365035443965666,0.6571835383509008,0.746415433764529,-0.09795221036943919,1.0,0.0,0.0,TARGET_HOLD,0.8577980528716076,0,32,0,0,15
11.816666666666666,-57.49369254497501,-8.346357092205517,2.3634076709095373,0.6584392635676547,0.7453934242309012,-0.09766638336770225,1.0,0.0,0.0,TARGET_HOLD,0.8478800054064062,0,32,0,0,15
11.833333333333334,-57.48270038482478,-8.333948484987571,2.3617847036150814,0.6595296090139358,0.7445164330767591,-0.09737803766735025,1.0,0.0,0.0,TARGET_HOLD,0.837937600815146,0,32,0,0,15
11.85,-57.47168707719448,-8.3215572301617,2.3601674758915094,0.6607984578178374,0.7434752895522935,-0.09703366341431656,1.0,0.0,0.0,TARGET_HOLD,0.8279727355442821,0,32,0,0,15
11.866666666666667,-57.460652703888506,-8.309183422389296,2.3585555529228452,0.6620623983584089,0.7424284663442453,-0.096715378119846,1.0,0.0,0.0,TARGET_HOLD,0.8179843783747636,0,32,0,0,15
11.883333333333333,-57.44957587030509,-8.296846710999706,2.356955842571228,0.6646100150049459,0.7402026833754402,-0.09598262109703773,1.0,0.0,0.0,TARGET_HOLD,0.8079898084430235,0,32,0,0,15
11.9,-57.43847823195273,-8.284527415748494,2.355361258392719,0.6658583011414052,0.7391577150726365,-0.09567505071052984,1.0,0.0,0.0,TARGET_HOLD,0.7979697717297853,0,32,0,0,15
11.916666666666666,-57.42736149679951,-8.272224043493258,2.3537718089529873,0.6670041091927869,0.7382023353141955,-0.09536696638391437,1.0,0.0,0.0,TARGET_HOLD,0.7879226817887797,0,32,0,0,15
11.933333333333334,-57.41622573797489,-8.25993667733675,2.3521871052566703,0.6681455294774474,0.7372419693904844,-0.09508222177901217,1.0,0.0,0.0,TARGET_HOLD,0.7778476455730816,0,32,0,0,15
11.95,-57.405312807463254,-8.247895183339908,2.350634111734469,0.654775830698096,0.7224896398104967,-0.09317961133207692,1.0,0.0,0.0,TARGET_HOLD,0.7679336843882258,0,32,0,0,15
11.966666666666667,-57.39436235927511,-8.235853357017257,2.34907830912241,0.6570268912888735,0.7225095793590515,-0.09334815672355185,1.0,0.0,0.0,TARGET_HOLD,0.7579748054568318,0,32,0,0,15
11.983333333333333,-57.38335332461963,-8.223834420119633,2.347520340339863,0.6605420793288745,0.7211362138574262,-0.09347812695283908,1.0,0.0,0.0,TARGET_HOLD,0.7479852664660016,0,32,0,0,15
12.0,-57.37230942833693,-8.211817797020892,2.3459602948529428,0.6626337769613699,0.7209973859244255,-0.09360272921518603,1.0,0.0,0.0,TARGET_HOLD,0.7379521616633129,0,32,0,0,15
12.016666666666667,-57.36123357935017,-8.199803059297231,2.3443983067122747,0.664550939205642,0.7208842634196223,-0.0937192884400875,1.0,0.0,0.0,TARGET_HOLD,0.7278750234332272,0,32,0,0,15
12.033333333333333,-57.35012682047796,-8.187791383516611,2.3428345230885967,0.6664055323327945,0.7207005468372222,-0.09382701742067825,1.0,0.0,0.0,TARGET_HOLD,0.7177543751496902,0,32,0,0,15
12.05,-57.33898955884701,-8.175784394678072,2.341269097320537,0.6682356978568719,0.7204193303122841,-0.09392554608358293,1.0,0.0,0.0,TARGET_HOLD,0.7075910107502983,0,32,0,0,15
12.066666666666666,-57.32782127281181,-8.163784473135605,2.3397021629183685,0.6700971621120381,0.719995292548037,-0.09401606413012756,1.0,0.0,0.0,TARGET_HOLD,0.6973861512404604,0,32,0,0,15
12.083333333333334,-57.31660206455726,-8.151813175839571,2.3381339484271146,0.6731524952731579,0.7182778377619652,-0.09409286947523353,1.0,0.0,0.0,TARGET_HOLD,0.6871523921026748,0,32,0,0,15
12.1,-57.305353647022876,-8.139850519277534,2.336564445159354,0.6749050520628259,0.7177593937222845,-0.09417019606564274,1.0,0.0,0.0,TARGET_HOLD,0.6768775118034165,0,32,0,0,15
12.116666666666667,-57.294327597324404,-8.128134150560756,2.3350266586685477,0.6615629819082248,0.7029821230066093,-0.09226718944836822,1.0,0.0,0.0,TARGET_HOLD,0.6667704936922414,0,32,0,0,15
12.133333333333333,-57.28352336279356,-8.116664567493308,2.3335205894570645,0.6482540718506602,0.6881749840469011,-0.09036415268900151,1.0,0.0,0.0,TARGET_HOLD,0.6568340499295136,0,32,0,0,15
12.15,-57.27294081139021,-8.105441888788397,2.3320462367689556,0.6349530842009217,0.6733607222946687,-0.08846116128652812,1.0,0.0,0.0,TARGET_HOLD,0.6470706341699306,0,32,0,0,15
12.166666666666666,-57.262579795627374,-8.094466246898639,2.3306035997402548,0.6216609457699782,0.6585385133855152,-0.086558221722064,1.0,0.0,0.0,TARGET_HOLD,0.6374826694428815,0,32,0,0,16
12.183333333333334,-57.25243261474232,-8.083744342892606,2.3291926304004185,0.6088308531032146,0.643314240361906,-0.08465816039018492,1.0,0.0,0.0,TARGET_HOLD,0.6280761700029367,0,32,0,0,16
12.2,-57.242506641810664,-8.073269770639323,2.3278133652645114,0.5955583758992675,0.6284743351970413,-0.08275590815441729,1.0,0.0,0.0,TARGET_HOLD,0.6188498215421179,0,32,0,0,16
12.216666666666667,-57.2328021188843,-8.063042313228086,2.326465805981457,0.5822713755815633,0.6136474446741096,-0.08085355698327017,1.0,0.0,0.0,TARGET_HOLD,0.609805736733332,0,32,0,0,16
12.233333333333333,-57.22331886633752,-8.053062131589986,2.325149951938529,0.56899515280662,0.5988108982860614,-0.0789512425756795,1.0,0.0,0.0,TARGET_HOLD,0.600946198374601,0,32,0,0,16
12.25,-57.214056706789975,-8.043329084086128,2.3238680642980256,0.5557295728527425,0.5839828502314406,-0.07691325843021171,1.0,0.0,0.0,TARGET_HOLD,0.5922741509829528,0,32,0,0,16
12.266666666666667,-57.20501538597048,-8.033843398214925,2.3226201411977723,0.5424792491696455,0.5691411522721997,-0.07487538601520016,1.0,0.0,0.0,TARGET_HOLD,0.5837917218907926,0,32,0,0,16
12.283333333333333,-57.195824678694656,-8.02427823056246,2.3213686427673434,0.5514424365496013,0.5739100591479189,-0.07508990582573548,1.0,0.0,0.0,TARGET_HOLD,0.5758522173992888,0,32,0,0,16
12.3,-57.186530968446704,-8.014642721582003,2.3201103490926296,0.5576226148771818,0.578130538827381,-0.07549762048281765,1.0,0.0,0.0,TARGET_HOLD,0.5686227515902496,0,32,0,0,16
12.316666666666666,-57.17715279302935,-8.00495078485446,2.3188472010104793,0.5626905250412187,0.581516203652698,-0.07578888492901839,1.0,0.0,0.0,TARGET_HOLD,0.561333459933276,0,32,0,0,16
12.333333333333334,-57.16770240159166,-7.995218100031903,2.3175816137616505,0.5670234862613658,0.5839610893533805,-0.07593523492970937,1.0,0.0,0.0,TARGET_HOLD,0.553062900840692,0,32,0,0,16
12.35,-57.158477248622845,-7.985728960657019,2.316348651015438,0.5535091781291905,0.5693483624930988,-0.07397776477275174,1.0,0.0,0.0,TARGET_HOLD,0.544057829876843,0,32,0,0,16
12.366666666666667,-57.14947715835521,-7.976483529313316,2.315148311683862,0.5400054160579464,0.5547258806221529,-0.07202035989457167,1.0,0.0,0.0,TARGET_HOLD,0.535289850504767,0,32,0,0,16
12.383333333333333,-57.14070192949797,-7.967481991909139,2.313980594484209,0.526513731434546,0.5400922442506185,-0.07006303197918178,1.0,0.0,0.0,TARGET_HOLD,0.5267586948564569,0,32,0,0,16
12.4,-57.13215132988789,-7.958724562490393,2.312845497889685,0.5130359766047917,0.5254457651247411,-0.06810579567144844,1.0,0.0,0.0,TARGET_HOLD,0.518464131912718,0,32,0,0,16
12.416666666666666,-57.12381753317269,-7.950218486693294,2.311740880349756,0.5000278029121132,0.5103645478259771,-0.06627705239571964,1.0,0.0,0.0,TARGET_HOLD,0.5104116147209697,0,32,0,0,16
12.433333333333334,-57.11570952208509,-7.941955696712484,2.3106669869545944,0.48648066525600236,0.49576739884857757,-0.06443360370968913,1.0,0.0,0.0,TARGET_HOLD,0.5025935315834762,0,32,0,0,16
12.45,-57.107534029886594,-7.933653681662437,2.3095861286820676,0.4905295319097427,0.4981209030028368,-0.06485149635160113,1.0,0.0,0.0,TARGET_HOLD,0.49474211073485064,0,32,0,0,16
12.466666666666667,-57.099294988526374,-7.925316624876133,2.3084988331744003,0.49434248161318545,0.5002234071782394,-0.06523773046003499,1.0,0.0,0.0,TARGET_HOLD,0.48686137326270995,0,32,0,0,16
12.483333333333333,-57.09099450208274,-7.916977059370651,2.3074073606019065,0.4980291866182378,0.5003739303289673,-0.06548835434962884,1.0,0.0,0.0,TARGET_HOLD,0.47898149114768207,0,32,0,0,16
12.5,-57.082634969583665,-7.90863762309735,2.3063120274088913,0.5015719499442794,0.5003661763980294,-0.06571999158092015,1.0,0.0,0.0,TARGET_HOLD,0.4711049734018068,0,32,0,0,16
12.516666666666667,-57.074218624960906,-7.900300753514349,2.305213126066606,0.5049806773655928,0.5002121749800514,-0.06593408053711364,1.0,0.0,0.0,TARGET_HOLD,0.463234135163734,0,32,0,0,16
12.533333333333333,-57.0657867810906,-7.891967219707527,2.304113433596385,0.5059106322181484,0.5000120284093863,-0.06598154821327645,1.0,0.0,0.0,TARGET_HOLD,0.4553705442578747,0,32,0,0,16
12.55,-57.05758137283714,-7.8838763598807455,2.3030445203715573,0.4923244952076428,0.48545158960684054,-0.06413479348967874,1.0,0.0,0.0,TARGET_HOLD,0.44773984925620613,0,32,0,0,16
12.566666666666666,-57.049607449645045,-7.876023360919882,2.3020063965270467,0.47843539152564796,0.4711799376518083,-0.06228743067063746,1.0,0.0,0.0,TARGET_HOLD,0.4403373377166784,0,32,0,0,16
12.583333333333334,-57.04185952532295,-7.8684134429506924,2.3009990501638726,0.4648754593257195,0.4565950781514005,-0.060440781790436854,1.0,0.0,0.0,TARGET_HOLD,0.4331673562351732,0,32,0,0,16
12.6,-57.0343433274468,-7.861041150710031,2.300022493060211,0.4509718725689366,0.44233753443967394,-0.05859342621968894,1.0,0.0,0.0,TARGET_HOLD,0.42622463761147544,0,32,0,0,16
12.616666666666667,-57.02705868229519,-7.853906653608717,2.2990767242428243,0.4370787090964837,0.42806982607885147,-0.056746129043202025,1.0,0.0,0.0,TARGET_HOLD,0.41950899763843696,0,32,0,0,16
12.633333333333333,-57.020005385234775,-7.847010150890154,2.2981617425264895,0.4231978236248375,0.41379016311382527,-0.05489890298008643,1.0,0.0,0.0,TARGET_HOLD,0.4130202895207319,0,32,0,0,16
12.65,-57.013189405980306,-7.840345690417913,2.297277546618769,0.40895875526793574,0.39986762833440614,-0.053051754463213745,1.0,0.0,0.0,TARGET_HOLD,0.4067528340067653,0,32,0,0,16
12.666666666666666,-57.0065989993849,-7.833924223956465,2.296427730898878,0.3954243957243308,0.3852879876869197,-0.05098894319347875,1.0,0.0,0.0,TARGET_HOLD,0.40071725055703544,0,32,0,0,16
12.683333333333334,-57.0002403972005,-7.827740101347818,2.2956102527992632,0.38151613106383564,0.37104735651877574,-0.04904868597688384,1.0,0.0,0.0,TARGET_HOLD,0.3949075408764742,0,32,0,0,16
12.7,-56.994106237461786,-7.821784885000218,2.2948239537081627,0.3680495843226828,0.35731298085601626,-0.047177945466046325,1.0,0.0,0.0,TARGET_HOLD,0.3893154816463894,0,32,0,0,16
12.716666666666667,-56.988179303653546,-7.816041462776356,2.2940664715794763,0.3556160284943181,0.3446053334317072,-0.04544892772118116,1.0,0.0,0.0,TARGET_HOLD,0.3839247160521768,0,32,0,0,16
12.733333333333333,-56.982443676102086,-7.810494027340862,2.293335623309991,0.34413765308741745,0.3328461261296631,-0.04385089616910898,1.0,0.0,0.0,TARGET_HOLD,0.37872014862470693,0,32,0,0,16
12.75,-56.976889600308645,-7.805132162184125,2.2926300934920514,0.3332445476063896,0.3217119094042022,-0.04233178907638687,1.0,0.0,0.0,TARGET_HOLD,0.3736918150067313,0,32,0,0,16
12.766666666666667,-56.97150785769835,-7.799957757566285,2.291951127759717,0.32290455661785056,0.3104642770703608,-0.04073794394005265,1.0,0.0,0.0,TARGET_HOLD,0.36884157541447804,0,32,0,0,16
12.783333333333333,-56.96631461703273,-7.794973873303137,2.2912978940759072,0.31159443993713176,0.29903305578890926,-0.039194021028582784,1.0,0.0,0.0,TARGET_HOLD,0.36417175235011023,0,32,0,0,19
12.8,-56.961301196551275,-7.790171141286273,2.2906691517260844,0.3008052288872605,0.28816392101183264,-0.03772454098936302,1.0,0.0,0.0,TARGET_HOLD,0.3596733834631216,0,32,0,0,19
12.816666666666666,-56.95645398091174,-7.785535829814357,2.290063045306159,0.29083293837213686,0.2781186883149677,-0.03636638519553885,1.0,0.0,0.0,TARGET_HOLD,0.35533342740488083,0,32,0,0,19
12.833333333333334,-56.95176020549334,-7.781055444183561,2.289477859972956,0.28162652510370173,0.26882313784775635,-0.03511111999215576,1.0,0.0,0.0,TARGET_HOLD,0.3511400169505614,0,32,0,0,19
12.85,-56.94720806704436,-7.776718442756932,2.288912010795664,0.27312830693897067,0.2602200855977347,-0.033950950637513945,1.0,0.0,0.0,TARGET_HOLD,0.34708219769820414,0,32,0,0,19
12.866666666666667,-56.94278665095055,-7.772514164688547,2.2883640329139867,0.2652849656284007,0.25225668410306046,-0.03287867290064791,1.0,0.0,0.0,TARGET_HOLD,0.3431498578175871,0,32,0,0,19
12.883333333333333,-56.93851763289235,-7.768470385325227,2.2878358556093987,0.25614108349231973,0.24262676179927456,-0.03169063827527142,1.0,0.0,0.0,TARGET_HOLD,0.33936838796502233,0,32,0,0,19
12.9,-56.93439591746713,-7.764573480137075,2.2873263120352583,0.24730292551342198,0.23381431128905775,-0.030572614448413044,1.0,0.0,0.0,TARGET_HOLD,0.33572510095044616,0,32,0,0,19
12.916666666666666,-56.93024360309028,-7.760661304434407,2.286813828996905,0.24913886261059898,0.2347305421600969,-0.030748982301208476,1.0,0.0,0.0,TARGET_HOLD,0.33206825419512365,0,32,0,0,19
12.933333333333334,-56.92607172150792,-7.756744519626697,2.286299780075547,0.25031289494201575,0.23500708846260504,-0.03084293528146671,1.0,0.0,0.0,TARGET_HOLD,0.3284078171266801,0,32,0,0,19
12.95,-56.921881226283496,-7.7528240629699665,2.285784283898685,0.2514297134650726,0.2352273994038064,-0.030929770611705373,1.0,0.0,0.0,TARGET_HOLD,0.3247446703431298,0,32,0,0,19
12.966666666666667,-56.917673001254414,-7.748900799991996,2.285267450106888,0.25249350174480645,0.23539577867819383,-0.031010027507835054,1.0,0.0,0.0,TARGET_HOLD,0.3210796266516993,0,32,0,0,19
12.983333333333333,-56.91344786568805,-7.744975530050354,2.28474938003462,0.253508133981889,0.23551619649852168,-0.031084204336076116,1.0,0.0,0.0,TARGET_HOLD,0.3174134363294888,0,32,0,0,19
13.0,-56.90921757989424,-7.741055338888432,2.284231287452514,0.2538171476285716,0.2352114697152826,-0.031085554926362856,1.0,0.0,0.0,TARGET_HOLD,0.3137527944350271,0,32,0,0,19
13.016666666666667,-56.90516856115695,-7.737309017006068,2.283735757890492,0.24294112423751735,0.2247793129418426,-0.0297317737212905,1.0,0.0,0.0,TARGET_HOLD,0.3102553260874401,0,32,0,0,19
13.033333333333333,-56.901287134979306,-7.733723327099974,2.2832610820288517,0.23288557065872975,0.2151413943656881,-0.02848055169842073,1.0,0.0,0.0,TARGET_HOLD,0.3069085639568915,0,32,0,0,19
13.05,-56.89756566715491,-7.730290868667168,2.2828063048139264,0.2232880694637133,0.20594750596839498,-0.027286632895511344,1.0,0.0,0.0,TARGET_HOLD,0.30370549900826826,0,32,0,0,19
13.066666666666666,-56.89399194585244,-7.727000139537236,2.2823699187724804,0.2144232781480062,0.1974437477958911,-0.02618316248676188,1.0,0.0,0.0,TARGET_HOLD,0.30063530470415945,0,32,0,0,19
13.083333333333334,-56.89055468051775,-7.723840513473231,2.2819505306337953,0.2062359200813748,0.18957756384032887,-0.025163288321099382,1.0,0.0,0.0,TARGET_HOLD,0.29768798474257907,0,32,0,0,19
13.1,-56.88724343208257,-7.720802173832708,2.281546852677965,0.19867490611087216,0.18230037843137903,-0.02422067734980536,1.0,0.0,0.0,TARGET_HOLD,0.2948543093824847,0,32,0,0,19
13.116666666666667,-56.88404854847317,-7.717876052240916,2.281157694739622,0.19169301656399335,0.17556729550750916,-0.023349476300578972,1.0,0.0,0.0,TARGET_HOLD,0.2921257566909502,0,32,0,0,19
13.133333333333333,-56.880966561283024,-7.715063305059621,2.28078289516289,0.18491923140863806,0.16876483087772406,-0.022487974603936485,1.0,0.0,0.0,TARGET_HOLD,0.2895032581067758,0,32,0,0,19
13.15,-56.877899021032974,-7.712281435994305,2.280410928540616,0.18405241500289168,0.16691214391898088,-0.02231799733644816,1.0,0.0,0.0,TARGET_HOLD,0.2869097183548328,0,32,0,0,20
13.166666666666666,-56.87486297124113,-7.70953651219032,2.2800432883305617,0.18216298751088036,0.1646954282390746,-0.02205841260323497,1.0,0.0,0.0,TARGET_HOLD,0.28435095731169935,0,32,0,0,20
13.183333333333334,-56.87185674088856,-7.706833778308108,2.27968018575784,0.18037382115395656,0.16216403293272447,-0.02178615436328795,1.0,0.0,0.0,TARGET_HOLD,0.281831715080447,0,32,0,0,20
13.2,-56.868877608485214,-7.704170598216164,2.279321277062047,0.17874794420070259,0.15979080551665273,-0.02153452174757937,1.0,0.0,0.0,TARGET_HOLD,0.27934951768489047,0,32,0,0,20
13.216666666666667,-56.86592305491843,-7.701544543331334,2.2789662445252334,0.17727321400666826,0.15756329308982636,-0.021301952208818385,1.0,0.0,0.0,TARGET_HOLD,0.2769020861116638,0,32,0,0,20
13.233333333333333,-56.862990748473464,-7.698953376576594,2.2786147944989916,0.17593838669791004,0.1554700052843793,-0.021087001574509014,1.0,0.0,0.0,TARGET_HOLD,0.27448732118463637,0,32,0,0,20
13.25,-56.86030722436517,-7.696582049232251,2.2782931621471283,0.16101144649730995,0.14227964066058865,-0.019297941111807868,1.0,0.0,0.0,TARGET_HOLD,0.2722778195847394,0,32,0,0,20
13.266666666666667,-56.857872482593564,-7.694430561298304,2.278001347469643,0.14608450629670985,0.129089276036798,-0.01750888064910672,1.0,0.0,0.0,NO_REGULAR_FIELD,0.27027347760272913,0,32,0,0,20
13.283333333333333,-56.85568652315863,-7.692498912774754,2.277739350466536,0.13115756609611134,0.11589891141300877,-0.015719820186405765,1.0,0.0,0.0,NO_REGULAR_FIELD,0.26847420114397036,0,32,0,0,20
13.3,-56.853749346060376,-7.6907871036616005,2.277507171137808,0.11623062589551124,0.10270854678921812,-0.013930759723704618,1.0,0.0,0.0,NO_REGULAR_FIELD,0.26687990572840325,0,32,0,0,20
13.316666666666666,-56.852060951298796,-7.689295133958844,2.277304809483458,0.10130368569491273,0.08951818216542888,-0.012141699261003662,1.0,0.0,0.0,NO_REGULAR_FIELD,0.2654905164906066,0,32,0,0,20
13.333333333333334,-56.85062133887389,-7.6880230036664825,2.2771322655034862,0.08637674549431262,0.07632781754163823,-0.010352638798302515,1.0,0.0,0.0,NO_REGULAR_FIELD,0.26430596817975616,0,32,0,0,20
13.35,-56.849430508785666,-7.686970712784518,2.276989539197893,0.07144980529371411,0.06313745291784899,-0.00856357833560156,1.0,0.0,0.0,NO_REGULAR_FIELD,0.263326205159645,0,32,0,0,20
13.366666666666667,-56.848488461034115,-7.6861382613129505,2.276876630566678,0.05652286509311401,0.04994708829405834,-0.006774517872900412,1.0,0.0,0.0,NO_REGULAR_FIELD,0.2625511814086432,0,32,0,0,20
13.383333333333333,-56.84779519561924,-7.68552564925178,2.2767935396098413,0.04159592489251549,0.036756723670269095,-0.0049854574101994556,1.0,0.0,0.0,NO_REGULAR_FIELD,0.2619808605197582,0,32,0,0,20
13.4,-56.84735071254104,-7.6851328766010045,2.276740266327383,0.026668984691915386,0.023566359046478448,-0.003196396947498308,1.0,0.0,0.0,NO_REGULAR_FIELD,0.26161521570059465,0,32,0,0,20
13.416666666666666,-56.84715501179952,-7.684959943360626,2.276716810719303,0.011742044491316871,0.010375994422689203,-0.001407336484797351,1.0,0.0,0.0,NO_REGULAR_FIELD,0.26145422977336474,0,32,0,0,20
13.433333333333334,-56.84715501179952,-7.684959943360626,2.276716810719303,0.0,0.0,0.0,1.0,0.0,0.0,NO_REGULAR_FIELD,0.26145422977336474,0,32,0,0,20
13.45,-56.84715501179952,-7.684959943360626,2.276716810719303,0.0,0.0,0.0,1.0,0.0,0.0,NO_REGULAR_FIELD,0.26145422977336474,0,32,0,0,20
13.466666666666667,-56.84715501179952,-7.684959943360626,2.276716810719303,0.0,0.0,0.0,1.0,0.0,0.0,NO_REGULAR_FIELD,0.26145422977336474,0,32,0,0,20
13.483333333333333,-56.84715501179952,-7.684959943360626,2.276716810719303,0.0,0.0,0.0,1.0,0.0,0.0,NO_REGULAR_FIELD,0.26145422977336474,0,32,0,0,20
13.5,-56.84715501179952,-7.684959943360626,2.276716810719303,0.0,0.0,0.0,1.0,0.0,0.0,NO_REGULAR_FIELD,0.26145422977336474,0,32,0,0,20
13.516666666666667,-56.8468219158368,-7.684960503750307,2.2767042458201696,0.01998575776355344,-3.362338085149908e-05,-0.0007538939480213995,1.0,0.0,0.0,NO_REGULAR_FIELD,0.2614515047914945,0,32,0,0,20
13.533333333333333,-56.8468219158368,-7.684960503750307,2.2767042458201696,2.1267709815475655e-15,-3.577867169202165e-18,-8.023096076392733e-17,1.0,0.0,0.0,OUTSIDE_FLOW_BOX,0.2614515047914945,0,32,0,0,20
13.55,-56.8468219158368,-7.684960503750307,2.2767042458201696,0.0,0.0,0.0,1.0,0.0,0.0,OUTSIDE_FLOW_BOX,0.2614515047914945,0,32,0,0,20
13.566666666666666,-56.84701607805942,-7.684715246205942,2.2767195744166924,-0.011649733357328908,0.014715452661889145,0.0009197157913680715,1.0,0.0,0.0,OUTSIDE_FLOW_BOX,0.26123567310868956,0,32,0,0,20
13.583333333333334,-56.84738981249682,-7.684243160600803,2.2767580269401613,-0.022424066244066426,0.028325136308294432,0.002307151408141933,1.0,0.0,0.0,OUTSIDE_FLOW_BOX,0.2608225192901297,0,32,0,0,20
13.6,-56.847934109212254,-7.683566589201666,2.2768294659831074,-0.032657802926051666,0.04059428394820999,0.004286342576777874,1.0,0.0,0.0,TARGET_HOLD,0.2602345794975194,0,32,0,0,20
13.616666666666667,-56.84863592537031,-7.682701170074067,2.276938888247441,-0.0421089694832713,0.05192514765597807,0.006565335860000759,1.0,0.0,0.0,TARGET_HOLD,0.25948712089463255,0,32,0,0,20
13.633333333333333,-56.849482050755384,-7.681662752441916,2.2770675005960226,-0.050767523104587334,0.0623050579290092,0.007716740914911045,1.0,0.0,0.0,TARGET_HOLD,0.2585894960772106,0,32,0,0,20
13.65,-56.85046671002726,-7.680468806964104,2.2772138492345917,-0.0590795563125853,0.07163672866871078,0.008780918314146428,1.0,0.0,0.0,TARGET_HOLD,0.25755695942280465,0,32,0,0,20
13.666666666666666,-56.85158446892854,-7.6791355922292945,2.2773765905048156,-0.0670655340767468,0.0799928840885577,0.009764476213439628,1.0,0.0,0.0,TARGET_HOLD,0.2564037070181575,0,32,0,0,20
13.683333333333334,-56.852796444446426,-7.6776745571069,2.27755266789066,-0.07271853107281905,0.08766210734366772,0.010564643150685398,1.0,0.0,0.0,TARGET_HOLD,0.25513918799286606,0,32,0,0,20
13.7,-56.854103838943274,-7.676096181356043,2.277742399336552,-0.0784436698110323,0.09470254505141061,0.011383886753514016,1.0,0.0,0.0,TARGET_HOLD,0.2537728457705726,0,32,0,0,20
13.716666666666667,-56.85549832790622,-7.67441347332522,2.277944176669688,-0.08366933777676974,0.10096248184935301,0.012106639988139135,1.0,0.0,0.0,TARGET_HOLD,0.25231589965473533,0,32,0,0,20
13.733333333333333,-56.85696844641042,-7.672638444786204,2.2781563482359335,-0.08820711025227179,0.10650171234097594,0.012730293974733315,1.0,0.0,0.0,TARGET_HOLD,0.25077866775722923,0,32,0,0,20
13.75,-56.8585132166838,-7.670782096464852,2.278378126593387,-0.09268621640248144,0.11138089928112319,0.013306701447191635,1.0,0.0,0.0,TARGET_HOLD,0.24917078458169706,0,32,0,0,20
13.766666666666667,-56.8601174406913,-7.668856765498522,2.2786131877010827,-0.09625344045025663,0.1155198579797796,0.014103666461746975,1.0,0.0,0.0,TRACKING,0.24750421414878265,0,32,0,0,20
13.783333333333333,-56.86176711206015,-7.666873100473998,2.27886395207548,-0.09898028213101301,0.11901990147145229,0.015045862463846286,1.0,0.0,0.0,TRACKING,0.24578908427325152,0,32,0,0,23
13.8,-56.863459790916345,-7.664840966298991,2.2791241345197086,-0.1015607313717238,0.12192805050041897,0.015610946653713195,1.0,0.0,0.0,TRACKING,0.24403262351438082,0,32,0,0,23
13.816666666666666,-56.865186946205476,-7.662770490279386,2.279392593081905,-0.10362931734806471,0.12422856117630585,0.016107513731786732,1.0,0.0,0.0,TRACKING,0.24224360291150948,0,32,0,0,23
13.833333333333334,-56.86694030120476,-7.660670916132748,2.279668586687304,-0.10520129995698531,0.12597444879826322,0.016559616323952052,1.0,0.0,0.0,TRACKING,0.24043010612427684,0,32,0,0,23
13.85,-56.86871302820807,-7.6585504433534,2.279950927823804,-0.10636362019871433,0.12722836676087074,0.016940468190001827,1.0,0.0,0.0,TRACKING,0.2385991721543772,0,32,0,0,23
13.866666666666667,-56.87050754916679,-7.656414018263618,2.2802391356178364,-0.1076712575231371,0.12818550538689952,0.017292467641956962,1.0,0.0,0.0,TRACKING,0.23675510317467852,0,32,0,0,23
13.883333333333333,-56.87232602826005,-7.654266296513564,2.280532765625649,-0.10910874559561182,0.12886330500328252,0.017617800468763944,1.0,0.0,0.0,TRACKING,0.23490195194900165,0,32,0,0,23
13.9,-56.87393027509518,-7.652371594598629,2.2807918035285204,-0.09625481010791138,0.11368211489609212,0.015542274172274492,1.0,0.0,0.0,TRACKING,0.233266861672635,0,32,0,0,23
13.916666666666666,-56.87532028967218,-7.6507299125188135,2.2810162493264503,-0.08340087462021233,0.09850092478890332,0.01346674787578526,1.0,0.0,0.0,TRACKING,0.23184992847804153,0,32,0,0,23
13.933333333333334,-56.876496071991056,-7.6493412502741185,2.2812061030194384,-0.0705469391325119,0.08331973468171291,0.011391221579295806,1.0,0.0,0.0,NO_REGULAR_FIELD,0.23065123566008527,0,32,0,0,23
13.95,-56.8774576220518,-7.6482056078645435,2.281361364607485,-0.057693003644812835,0.06813854457452412,0.009315695282806574,1.0,0.0,0.0,NO_REGULAR_FIELD,0.22967085367605267,0,32,0,0,23
13.966666666666667,-56.87820493985442,-7.647322985290088,2.2814820340905904,-0.04483906815711241,0.052957354467333705,0.007240168986317122,1.0,0.0,0.0,NO_REGULAR_FIELD,0.22890884014562096,0,32,0,0,23
13.983333333333333,-56.87873802539891,-7.646693382550752,2.2815681114687543,-0.03198513266941335,0.037776164360144915,0.00516464268982789,1.0,0.0,0.0,NO_REGULAR_FIELD,0.2283652398508691,0,32,0,0,23
14.0,-56.87905687868527,-7.646316799646536,2.281619596741977,-0.019131197181712925,0.0225949742529545,0.0030891163933384367,1.0,0.0,0.0,NO_REGULAR_FIELD,0.22804008473626736,0,32,0,0,23
14.016666666666667,-56.879161499713504,-7.6461932365774405,2.2816364899102575,-0.006277261694012496,0.007413784145764088,0.0010135900968489837,1.0,0.0,0.0,NO_REGULAR_FIELD,0.22793339390870815,0,32,0,0,23
14.033333333333333,-56.879161499713504,-7.6461932365774405,2.2816364899102575,0.0,0.0,0.0,1.0,0.0,0.0,NO_REGULAR_FIELD,0.22793339390870815,0,32,0,0,23
14.05,-56.879161499713504,-7.6461932365774405,2.2816364899102575,0.0,0.0,0.0,1.0,0.0,0.0,NO_REGULAR_FIELD,0.22793339390870815,0,32,0,0,23
14.066666666666666,-56.879161499713504,-7.6461932365774405,2.2816364899102575,0.0,0.0,0.0,1.0,0.0,0.0,NO_REGULAR_FIELD,0.22793339390870815,0,32,0,0,23
14.083333333333334,-56.879161499713504,-7.6461932365774405,2.2816364899102575,0.0,0.0,0.0,1.0,0.0,0.0,NO_REGULAR_FIELD,0.22793339390870815,0,32,0,0,23
14.1,-56.87945758702778,-7.646214297105025,2.281788146982669,-0.017765238856705487,-0.0012636316550700241,0.009099424344674839,1.0,0.0,0.0,NO_REGULAR_FIELD,0.22798980568620986,0,32,0,0,23
14.116666666666667,-56.88004778150436,-7.646252262222844,2.2820957730360507,-0.035411668594604,-0.002277907069176807,0.01845756320289816,1.0,0.0,0.0,NO_REGULAR_FIELD,0.2280999711021623,0,32,0,0,23
14.133333333333333,-56.88093178455647,-7.646313506683,2.2825591094110917,-0.053040183126930984,-0.003674667609371251,0.02780018250247611,1.0,0.0,0.0,NO_REGULAR_FIELD,0.2282695556661667,0,32,0,0,23
14.15,-56.88210774624256,-7.646393215818529,2.283182227896903,-0.07055770116541166,-0.004782548131784069,0.0373871091486752,1.0,0.0,0.0,TRACKING,0.22849525978543106,0,32,0,0,23
14.166666666666666,-56.88357514724512,-7.646498311268655,2.2839651267662378,-0.08804406015351099,-0.0063057270075346054,0.04697393216006639,1.0,0.0,0.0,TRACKING,0.22878331536368213,0,32,0,0,24
14.183333333333334,-56.8853334583796,-7.646619808653867,2.2849099311104135,-0.10549866806862912,-0.007289843112703742,0.05668826065055309,1.0,0.0,0.0,TRACKING,0.22912620653338467,0,32,0,0,24
14.2,-56.88738218303893,-7.646764921324914,2.2860166410257343,-0.12292347955987594,-0.00870676026285241,0.06640259491925528,1.0,0.0,0.0,TRACKING,0.22953043919119975,0,32,0,0,24
14.216666666666667,-56.889720254400494,-7.646944206977965,2.2872852824213763,-0.1402842816938601,-0.01075713918303224,0.07611848373852308,1.0,0.0,0.0,TRACKING,0.23000554388185424,0,32,0,0,24
14.233333333333333,-56.89234767246409,-7.647157665613421,2.2887158552976157,-0.1576450838157098,-0.012807518127381628,0.08583437257436832,1.0,0.0,0.0,TRACKING,0.2305515736908348,0,32,0,0,24
14.25,-56.895263897387345,-7.647405782423531,2.2903092179765276,-0.1749734953953047,-0.014887008606625722,0.09560176073471771,1.0,0.0,0.0,TRACKING,0.23116923876809936,0,32,0,0,24
14.266666666666667,-56.89846789380088,-7.647696429556833,2.2920653376893996,-0.19223978481199755,-0.017438827998059195,0.10536718277232285,1.0,0.0,0.0,TRACKING,0.23186568466636026,0,32,0,0,24
14.283333333333333,-56.90195760904277,-7.648033747446994,2.293986677566553,-0.209382914513662,-0.020239073409658775,0.11528039262920978,1.0,0.0,0.0,TRACKING,0.23264533884489047,0,32,0,0,24
14.3,-56.90573587707017,-7.64841222336899,2.2960697407181594,-0.22669608164439456,-0.022708555319777456,0.12498378909637314,1.0,0.0,0.0,TRACKING,0.23350247516421063,0,32,0,0,24
14.316666666666666,-56.90922335363417,-7.648761570185687,2.297992482532624,-0.20924859383974032,-0.0209608090017593,0.11536450886788152,1.0,0.0,0.0,ANGULAR_STEP_BLOCKED,0.23429398474827212,0,32,0,0,24
14.333333333333334,-56.91242003873475,-7.6490817878970825,2.2997549030099473,-0.1918011060350842,-0.019213062683740963,0.10574522863938887,1.0,0.0,0.0,ANGULAR_STEP_BLOCKED,0.23501978544846158,0,32,0,0,24
14.35,-56.91532593237193,-7.649372876503178,2.301357002150129,-0.17435361823042997,-0.017465316365722808,0.09612594841089725,1.0,0.0,0.0,ANGULAR_STEP_BLOCKED,0.23567980196583127,0,32,0,0,24
14.366666666666667,-56.91794103454569,-7.649634836003973,2.302798779953169,-0.15690613042577387,-0.01571757004770447,0.0865066681824046,1.0,0.0,0.0,ANGULAR_STEP_BLOCKED,0.2362739658510995,0,32,0,0,24
14.383333333333333,-56.92026534525604,-7.6498676663994685,2.3040802364190673,-0.13945864262111962,-0.013969823729686314,0.07688738795391296,1.0,0.0,0.0,STATE_OUTSIDE_FREE_DOMAIN,0.2368022155047127,0,32,0,0,24
14.4,-56.922298864502984,-7.650071367689663,2.3052013715478243,-0.12201115481646352,-0.012222077411667974,0.06726810772542031,1.0,0.0,0.0,STATE_OUTSIDE_FREE_DOMAIN,0.23726449617677292,0,32,0,0,24
14.416666666666666,-56.924041592286514,-7.650245939874558,2.30616218533944,-0.10456366701180927,-0.01047433109364982,0.057648827496928685,1.0,0.0,0.0,STATE_OUTSIDE_FREE_DOMAIN,0.2376607599670788,0,32,0,0,24
14.433333333333334,-56.92549352860663,-7.650391382954152,2.306962677793914,-0.08711617920715317,-0.00872658477563148,0.04802954726843603,1.0,0.0,0.0,STATE_OUTSIDE_FREE_DOMAIN,0.23799096582512647,0,32,0,0,24
14.45,-56.92665467346334,-7.650507696928446,2.3076028489112463,-0.06966869140249893,-0.006978838457613326,0.0384102670399444,1.0,0.0,0.0,ANGULAR_STEP_BLOCKED,0.23825507955006708,0,32,0,0,24
14.466666666666667,-56.927525026856635,-7.650594881797439,2.3080826986914373,-0.052221203597842825,-0.005231092139594986,0.028790986811451744,1.0,0.0,0.0,ANGULAR_STEP_BLOCKED,0.23845307379078018,0,32,0,0,24
14.483333333333333,-56.928104588786525,-7.650652937561133,2.308402227134487,-0.03477371579318858,-0.003483345821576832,0.019171706582960114,1.0,0.0,0.0,ANGULAR_STEP_BLOCKED,0.23858492804581122,0,32,0,0,24
14.5,-56.928393359253,-7.650681864219526,2.308561434240395,-0.017326227988532478,-0.0017355995035584911,0.009552426354467458,1.0,0.0,0.0,ANGULAR_STEP_BLOCKED,0.2386506286633716,0,32,0,0,24
14.516666666666667,-56.928393359253,-7.650681864219526,2.308561434240395,0.0,0.0,0.0,1.0,0.0,0.0,ANGULAR_STEP_BLOCKED,0.2386506286633716,0,32,0,0,24
14.533333333333333,-56.928393359253,-7.650681864219526,2.308561434240395,0.0,0.0,0.0,1.0,0.0,0.0,ANGULAR_STEP_BLOCKED,0.2386506286633716,0,32,0,0,24
14.55,-56.92868232356938,-7.650682501540182,2.3087275978007558,-0.017337858982876764,-3.8239239343334185e-05,0.0099698136216528,1.0,0.0,0.0,ANGULAR_STEP_BLOCKED,0.23869248930450482,0,32,0,0,24
14.566666666666666,-56.92926025220215,-7.650683776181493,2.3090599249214776,-0.03467571796575168,-7.647847868666429e-05,0.019939627243304538,1.0,0.0,0.0,REFERENCE_INITIALIZATION,0.2387762107420872,0,32,0,0,24
14.583333333333334,-56.93012369075206,-7.6506914090828975,2.3095641670527383,-0.05180631299475964,-0.00045797408428043033,0.030254527875646087,1.0,0.0,0.0,REFERENCE_INITIALIZATION,0.2389083945950654,0,32,0,0,24
14.6,-56.931276075604856,-7.650706263421037,2.310234448324002,-0.06914309116772605,-0.000891260288414077,0.040216876275828525,1.0,0.0,0.0,REFERENCE_INITIALIZATION,0.23908836478071893,0,32,0,0,24
14.616666666666667,-56.93271335479119,-7.650727720468959,2.311077653665454,-0.08623675118022739,-0.0012874228753077975,0.05059232048712851,1.0,0.0,0.0,REFERENCE_INITIALIZATION,0.23931727772665123,0,32,0,0,24
14.633333333333333,-56.93443417494962,-7.650757910336426,2.312095900048145,-0.10324920950583528,-0.0018113920480250579,0.061094782961493795,1.0,0.0,0.0,REFERENCE_INITIALIZATION,0.23959759340706688,0,32,0,0,24
14.65,-56.936438237994,-7.650803868445197,2.3132891776887337,-0.12024378266231704,-0.002757486526262972,0.07159665843529736,1.0,0.0,0.0,REFERENCE_INITIALIZATION,0.23993568693258438,0,32,0,0,24
14.666666666666666,-56.938726227186784,-7.65085882897376,2.3146568571922574,-0.13727935156719168,-0.0032976317137676267,0.08206077021144152,1.0,0.0,0.0,REFERENCE_INITIALIZATION,0.24032529617994935,0,32,0,0,24
14.683333333333334,-56.94129162447457,-7.650927844695207,2.316208814506409,-0.1539238372675093,-0.004140943286825331,0.09311743884908773,1.0,0.0,0.0,TRACKING,0.2407734679716027,0,32,0,0,24
14.7,-56.944138709701235,-7.651012888415249,2.317938271452863,-0.17082511359968602,-0.005102623202481243,0.10376741678724241,1.0,0.0,0.0,TRACKING,0.2412803306537179,0,32,0,0,24
14.716666666666667,-56.94726713076048,-7.651114811209999,2.319845706929634,-0.18770526355458694,-0.006115367685063095,0.11444612860623528,1.0,0.0,0.0,TRACKING,0.24184680626042,0,32,0,0,24
14.733333333333333,-56.95067586347546,-7.651236080940552,2.3219324805865083,-0.20452396289892827,-0.007276183833168219,0.1252064194124777,1.0,0.0,0.0,TRACKING,0.24247550836448628,0,32,0,0,24
14.75,-56.95436426207404,-7.651384757117474,2.324198550064196,-0.2213039159146924,-0.008920570615332336,0.13596416866124866,1.0,0.0,0.0,TRACKING,0.2431737874435863,0,32,0,0,25
14.766666666666667,-56.95833404439039,-7.651542039167065,2.32664311394918,-0.23818693898137114,-0.009436922975493986,0.1466738330990445,1.0,0.0,0.0,TRACKING,0.24392443317497603,0,32,0,0,25
14.783333333333333,-56.962578948940745,-7.651705895250106,2.3292757619896802,-0.2546942730211462,-0.009831364982455383,0.1579588824300125,1.0,0.0,0.0,TRACKING,0.24472801984448367,0,32,0,0,25
14.8,-56.96710267607385,-7.651885541314728,2.332090398367552,-0.2714236279863797,-0.010778763877343603,0.16887818267230015,1.0,0.0,0.0,TRACKING,0.24559144932081256,0,32,0,0,27
14.816666666666666,-56.97190496282695,-7.652080679644829,2.3350874508602013,-0.2881372051859745,-0.011708299806046107,0.17982314955897408,1.0,0.0,0.0,TRACKING,0.24651461358097904,0,32,0,0,27
14.833333333333334,-56.97698486421516,-7.65229109924739,2.338268372078287,-0.3047940832928361,-0.012625176153670219,0.19085527308513003,1.0,0.0,0.0,TRACKING,0.24749774202507813,0,32,0,0,27
14.85,-56.98234181069292,-7.652517732600541,2.341633939562945,-0.3214167886658231,-0.013598001189078994,0.20193404907949442,1.0,0.0,0.0,TRACKING,0.24854194257500128,0,32,0,0,27
14.866666666666667,-56.98797509394063,-7.652770377560911,2.3451840944170934,-0.3379969948627638,-0.015158697622197436,0.21300929124888385,1.0,0.0,0.0,TRACKING,0.2496562148516248,0,32,0,0,27
14.883333333333333,-56.993883663003764,-7.653059122427552,2.3489187096401736,-0.3545141437879867,-0.017324691998489114,0.22407691338481875,1.0,0.0,0.0,TRACKING,0.25084984705585367,0,32,0,0,27
14.9,-56.99951070471721,-7.653334109381547,2.352475380539575,-0.33762250280683753,-0.01649921723965276,0.21340025396407641,1.0,0.0,0.0,NO_REGULAR_FIELD,0.25198709604768266,0,32,0,0,27
14.916666666666666,-57.00485621908097,-7.653595338422893,2.355854107115297,-0.32073086182569016,-0.01567374248081649,0.20272359454333522,1.0,0.0,0.0,NO_REGULAR_FIELD,0.2530678900562009,0,32,0,0,27
14.933333333333334,-57.009920206095046,-7.653842809551593,2.35905488936734,-0.303839220844541,-0.014848267721980135,0.19204693512259288,1.0,0.0,0.0,NO_REGULAR_FIELD,0.25409216090127806,0,32,0,0,27
14.95,-57.01470266575944,-7.654076522767645,2.3620777272957043,-0.28694757986339364,-0.014022792963143868,0.18137027570185169,1.0,0.0,0.0,NO_REGULAR_FIELD,0.25505984399355464,0,32,0,0,27
14.966666666666667,-57.01920359807414,-7.65429647807105,2.3649226209003897,-0.2700559388822445,-0.013197318204307511,0.17069361628110935,1.0,0.0,0.0,NO_REGULAR_FIELD,0.2559708783344625,0,32,0,0,27
14.983333333333333,-57.02342300303916,-7.654502675461807,2.3675895701813956,-0.2531642979010971,-0.012371843445471244,0.16001695686036815,1.0,0.0,0.0,NO_REGULAR_FIELD,0.2568252065162351,0,32,0,0,27
15.0,-57.0273608806545,-7.654695114939918,2.3700785751387228,-0.23627265691994798,-0.011546368686634887,0.14934029743962582,1.0,0.0,0.0,NO_REGULAR_FIELD,0.25762277472184547,0,32,0,0,27
15.016666666666667,-57.03101723092014,-7.654873796505382,2.372389635772371,-0.21938101593879883,-0.010720893927798531,0.13866363801888348,1.0,0.0,0.0,NO_REGULAR_FIELD,0.25836353272507884,0,32,0,0,27
15.033333333333333,-57.0343920538361,-7.655038720158198,2.3745227520823398,-0.20248937495765149,-0.009895419168962263,0.1279869785981423,1.0,0.0,0.0,NO_REGULAR_FIELD,0.25904743389048024,0,32,0,0,27
15.05,-57.037485349402374,-7.655189885898367,2.37647792406863,-0.18559773397650234,-0.009069944410125907,0.11731031917739994,1.0,0.0,0.0,NO_REGULAR_FIELD,0.2596744351733973,0,32,0,0,27
15.066666666666666,-57.04029711761896,-7.655327293725889,2.3782551517312407,-0.168706092995355,-0.00824446965128964,0.10663365975665873,1.0,0.0,0.0,NO_REGULAR_FIELD,0.26024449711994735,0,32,0,0,27
15.083333333333334,-57.042827358485866,-7.655450943640763,2.3798544350701727,-0.15181445201420585,-0.007418994892453283,0.09595700033591638,1.0,0.0,0.0,NO_REGULAR_FIELD,0.26075758386701886,0,32,0,0,27
15.1,-57.045076072003084,-7.65556083564299,2.3812757740854256,-0.1349228110330585,-0.006593520133617015,0.08528034091517517,1.0,0.0,0.0,NO_REGULAR_FIELD,0.2612136631423021,0,32,0,0,27
15.116666666666667,-57.04704325817062,-7.655656969732569,2.3825191687769993,-0.11803117005190936,-0.005768045374780659,0.07460368149443282,1.0,0.0,0.0,NO_REGULAR_FIELD,0.2616127062642468,0,32,0,0,27
15.133333333333333,-57.048728916988466,-7.655739345909502,2.383584619144894,-0.10113952907076201,-0.004942570615944391,0.06392702207369161,1.0,0.0,0.0,NO_REGULAR_FIELD,0.26195468814210565,0,32,0,0,27
15.15,-57.05013304845663,-7.655807964173786,2.38447212518911,-0.08424788808961287,-0.004117095857108035,0.05325036265294926,1.0,0.0,0.0,NO_REGULAR_FIELD,0.262239587275901,0,32,0,0,27
15.166666666666666,-57.0512556525751,-7.655862824525424,2.3851816869096467,-0.06735624710846551,-0.0032916210982717672,0.04257370323220805,1.0,0.0,0.0,NO_REGULAR_FIELD,0.2624673857564266,0,32,0,0,28
15.183333333333334,-57.05209672934389,-7.655903926964415,2.3857133043065044,-0.05046460612731636,-0.0024661463394354114,0.0318970438114657,1.0,0.0,0.0,NO_REGULAR_FIELD,0.26263806926527666,0,32,0,0,28
15.2,-57.05265627876299,-7.655931271490759,2.386066977379683,-0.033572965146169004,-0.0016406715805991432,0.021220384390724496,1.0,0.0,0.0,NO_REGULAR_FIELD,0.26275162707481714,0,32,0,0,28
15.216666666666667,-57.052934300832405,-7.655944858104455,2.386242706129183,-0.016681324165019853,-0.0008151968217627874,0.010543724969982153,1.0,0.0,0.0,NO_REGULAR_FIELD,0.2628080520481847,0,32,0,0,28
15.233333333333333,-57.052934300832405,-7.655944858104455,2.386242706129183,0.0,0.0,0.0,1.0,0.0,0.0,NO_REGULAR_FIELD,0.2628080520481847,0,32,0,0,28
15.25,-57.052934300832405,-7.655944858104455,2.386242706129183,0.0,0.0,0.0,1.0,0.0,0.0,NO_REGULAR_FIELD,0.2628080520481847,0,32,0,0,28
15.266666666666667,-57.052934300832405,-7.655944858104455,2.386242706129183,0.0,0.0,0.0,1.0,0.0,0.0,NO_REGULAR_FIELD,0.2628080520481847,0,32,0,0,28
15.283333333333333,-57.052934300832405,-7.655944858104455,2.386242706129183,0.0,0.0,0.0,1.0,0.0,0.0,NO_REGULAR_FIELD,0.2628080520481847,0,32,0,0,28
15.3,-57.052934300832405,-7.655944858104455,2.386242706129183,0.0,0.0,0.0,1.0,0.0,0.0,NO_REGULAR_FIELD,0.2628080520481847,0,32,0,0,28
15.316666666666666,-57.052934300832405,-7.655944858104455,2.386242706129183,0.0,0.0,0.0,1.0,0.0,0.0,NO_REGULAR_FIELD,0.2628080520481847,0,32,0,0,28
15.333333333333334,-57.052934300832405,-7.655944858104455,2.386242706129183,0.0,0.0,0.0,1.0,0.0,0.0,NO_REGULAR_FIELD,0.2628080520481847,0,32,0,0,28
15.35,-57.052934300832405,-7.655944858104455,2.386242706129183,0.0,0.0,0.0,1.0,0.0,0.0,NO_REGULAR_FIELD,0.2628080520481847,0,32,0,0,28
15.366666666666667,-57.052934300832405,-7.655944858104455,2.386242706129183,0.0,0.0,0.0,1.0,0.0,0.0,NO_REGULAR_FIELD,0.2628080520481847,0,32,0,0,28
15.383333333333333,-57.052934300832405,-7.655944858104455,2.386242706129183,0.0,0.0,0.0,1.0,0.0,0.0,NO_REGULAR_FIELD,0.2628080520481847,0,32,0,0,28
15.4,-57.052934300832405,-7.655944858104455,2.386242706129183,0.0,0.0,0.0,1.0,0.0,0.0,NO_REGULAR_FIELD,0.2628080520481847,0,32,0,0,28
15.416666666666666,-57.052934300832405,-7.655944858104455,2.386242706129183,0.0,0.0,0.0,1.0,0.0,0.0,NO_REGULAR_FIELD,0.2628080520481847,0,32,0,0,28
15.433333333333334,-57.052934300832405,-7.655944858104455,2.386242706129183,0.0,0.0,0.0,1.0,0.0,0.0,NO_REGULAR_FIELD,0.2628080520481847,0,32,0,0,28
15.45,-57.052934300832405,-7.655944858104455,2.386242706129183,0.0,0.0,0.0,1.0,0.0,0.0,NO_REGULAR_FIELD,0.2628080520481847,0,32,0,0,28
15.466666666666667,-57.052934300832405,-7.655944858104455,2.386242706129183,0.0,0.0,0.0,1.0,0.0,0.0,NO_REGULAR_FIELD,0.2628080520481847,0,32,0,0,28
15.483333333333333,-57.052934300832405,-7.655944858104455,2.386242706129183,0.0,0.0,0.0,1.0,0.0,0.0,NO_REGULAR_FIELD,0.2628080520481847,0,32,0,0,28
15.5,-57.052934300832405,-7.655944858104455,2.386242706129183,0.0,0.0,0.0,1.0,0.0,0.0,NO_REGULAR_FIELD,0.2628080520481847,0,32,0,0,28
15.516666666666667,-57.052934300832405,-7.655944858104455,2.386242706129183,0.0,0.0,0.0,1.0,0.0,0.0,NO_REGULAR_FIELD,0.2628080520481847,0,32,0,0,28
15.533333333333333,-57.052934300832405,-7.655944858104455,2.386242706129183,0.0,0.0,0.0,1.0,0.0,0.0,NO_REGULAR_FIELD,0.2628080520481847,0,32,0,0,28
15.55,-57.052934300832405,-7.655944858104455,2.386242706129183,0.0,0.0,0.0,1.0,0.0,0.0,NO_REGULAR_FIELD,0.2628080520481847,0,32,0,0,28
15.566666666666666,-57.052934300832405,-7.655944858104455,2.386242706129183,0.0,0.0,0.0,1.0,0.0,0.0,NO_REGULAR_FIELD,0.2628080520481847,0,32,0,0,28
15.583333333333334,-57.052934300832405,-7.655944858104455,2.386242706129183,0.0,0.0,0.0,1.0,0.0,0.0,NO_REGULAR_FIELD,0.2628080520481847,0,32,0,0,28
15.6,-57.052934300832405,-7.655944858104455,2.386242706129183,0.0,0.0,0.0,1.0,0.0,0.0,NO_REGULAR_FIELD,0.2628080520481847,0,32,0,0,28
15.616666666666667,-57.052934300832405,-7.655944858104455,2.386242706129183,0.0,0.0,0.0,1.0,0.0,0.0,NO_REGULAR_FIELD,0.2628080520481847,0,32,0,0,28
15.633333333333333,-57.052934300832405,-7.655944858104455,2.386242706129183,0.0,0.0,0.0,1.0,0.0,0.0,NO_REGULAR_FIELD,0.2628080520481847,0,32,0,0,28
15.65,-57.052934300832405,-7.655944858104455,2.386242706129183,0.0,0.0,0.0,1.0,0.0,0.0,NO_REGULAR_FIELD,0.2628080520481847,0,32,0,0,28
15.666666666666666,-57.052934300832405,-7.655944858104455,2.386242706129183,0.0,0.0,0.0,1.0,0.0,0.0,NO_REGULAR_FIELD,0.2628080520481847,0,32,0,0,28
15.683333333333334,-57.052934300832405,-7.655944858104455,2.386242706129183,0.0,0.0,0.0,1.0,0.0,0.0,NO_REGULAR_FIELD,0.2628080520481847,0,32,0,0,28
15.7,-57.052934300832405,-7.655944858104455,2.386242706129183,0.0,0.0,0.0,1.0,0.0,0.0,NO_REGULAR_FIELD,0.2628080520481847,0,32,0,0,28
15.716666666666667,-57.052934300832405,-7.655944858104455,2.386242706129183,0.0,0.0,0.0,1.0,0.0,0.0,NO_REGULAR_FIELD,0.2628080520481847,0,32,0,0,28
15.733333333333333,-57.052934300832405,-7.655944858104455,2.386242706129183,0.0,0.0,0.0,1.0,0.0,0.0,NO_REGULAR_FIELD,0.2628080520481847,0,32,0,0,28
15.75,-57.052934300832405,-7.655944858104455,2.386242706129183,0.0,0.0,0.0,1.0,0.0,0.0,NO_REGULAR_FIELD,0.2628080520481847,0,32,0,0,28
15.766666666666667,-57.052934300832405,-7.655944858104455,2.386242706129183,0.0,0.0,0.0,1.0,0.0,0.0,NO_REGULAR_FIELD,0.2628080520481847,0,32,0,0,29
15.783333333333333,-57.052934300832405,-7.655944858104455,2.386242706129183,0.0,0.0,0.0,1.0,0.0,0.0,NO_REGULAR_FIELD,0.2628080520481847,0,32,0,0,29
15.8,-57.052934300832405,-7.655944858104455,2.386242706129183,0.0,0.0,0.0,1.0,0.0,0.0,NO_REGULAR_FIELD,0.2628080520481847,0,32,0,0,29
15.816666666666666,-57.052934300832405,-7.655944858104455,2.386242706129183,0.0,0.0,0.0,1.0,0.0,0.0,NO_REGULAR_FIELD,0.2628080520481847,0,32,0,0,31
15.833333333333334,-57.052934300832405,-7.655944858104455,2.386242706129183,0.0,0.0,0.0,1.0,0.0,0.0,NO_REGULAR_FIELD,0.2628080520481847,0,32,0,0,31
15.85,-57.052934300832405,-7.655944858104455,2.386242706129183,0.0,0.0,0.0,1.0,0.0,0.0,NO_REGULAR_FIELD,0.2628080520481847,0,32,0,0,31
15.866666666666667,-57.052934300832405,-7.655944858104455,2.386242706129183,0.0,0.0,0.0,1.0,0.0,0.0,NO_REGULAR_FIELD,0.2628080520481847,0,32,0,0,31
15.883333333333333,-57.052934300832405,-7.655944858104455,2.386242706129183,0.0,0.0,0.0,1.0,0.0,0.0,NO_REGULAR_FIELD,0.2628080520481847,0,32,0,0,31
15.9,-57.052934300832405,-7.655944858104455,2.386242706129183,0.0,0.0,0.0,1.0,0.0,0.0,NO_REGULAR_FIELD,0.2628080520481847,0,32,0,0,31
15.916666666666666,-57.052934300832405,-7.655944858104455,2.386242706129183,0.0,0.0,0.0,1.0,0.0,0.0,NO_REGULAR_FIELD,0.2628080520481847,0,32,0,0,31
15.933333333333334,-57.052934300832405,-7.655944858104455,2.386242706129183,0.0,0.0,0.0,1.0,0.0,0.0,NO_REGULAR_FIELD,0.2628080520481847,0,32,0,0,31
15.95,-57.052934300832405,-7.655944858104455,2.386242706129183,0.0,0.0,0.0,1.0,0.0,0.0,NO_REGULAR_FIELD,0.2628080520481847,0,32,0,0,31
15.966666666666667,-57.052934300832405,-7.655944858104455,2.386242706129183,0.0,0.0,0.0,1.0,0.0,0.0,NO_REGULAR_FIELD,0.2628080520481847,0,32,0,0,31
15.983333333333333,-57.052934300832405,-7.655944858104455,2.386242706129183,0.0,0.0,0.0,1.0,0.0,0.0,NO_REGULAR_FIELD,0.2628080520481847,0,32,0,0,31
16.0,-57.052934300832405,-7.655944858104455,2.386242706129183,0.0,0.0,0.0,1.0,0.0,0.0,NO_REGULAR_FIELD,0.2628080520481847,0,32,0,0,31
16.016666666666666,-57.052934300832405,-7.655944858104455,2.386242706129183,0.0,0.0,0.0,1.0,0.0,0.0,NO_REGULAR_FIELD,0.2628080520481847,0,32,0,0,31
16.033333333333335,-57.052934300832405,-7.655944858104455,2.386242706129183,0.0,0.0,0.0,1.0,0.0,0.0,NO_REGULAR_FIELD,0.2628080520481847,0,32,0,0,31
16.05,-57.052934300832405,-7.655944858104455,2.386242706129183,0.0,0.0,0.0,1.0,0.0,0.0,NO_REGULAR_FIELD,0.2628080520481847,0,32,0,0,31
16.066666666666666,-57.052934300832405,-7.655944858104455,2.386242706129183,0.0,0.0,0.0,1.0,0.0,0.0,NO_REGULAR_FIELD,0.2628080520481847,0,32,0,0,31
16.083333333333332,-57.052934300832405,-7.655944858104455,2.386242706129183,0.0,0.0,0.0,1.0,0.0,0.0,NO_REGULAR_FIELD,0.2628080520481847,0,32,0,0,31
16.1,-57.052934300832405,-7.655944858104455,2.386242706129183,0.0,0.0,0.0,1.0,0.0,0.0,NO_REGULAR_FIELD,0.2628080520481847,0,32,0,0,31
16.116666666666667,-57.052934300832405,-7.655944858104455,2.386242706129183,0.0,0.0,0.0,1.0,0.0,0.0,NO_REGULAR_FIELD,0.2628080520481847,0,32,0,0,31
16.133333333333333,-57.052934300832405,-7.655944858104455,2.386242706129183,0.0,0.0,0.0,1.0,0.0,0.0,NO_REGULAR_FIELD,0.2628080520481847,0,32,0,0,31
16.15,-57.052934300832405,-7.655944858104455,2.386242706129183,0.0,0.0,0.0,1.0,0.0,0.0,NO_REGULAR_FIELD,0.2628080520481847,0,32,0,0,31
16.166666666666668,-57.052934300832405,-7.655944858104455,2.386242706129183,0.0,0.0,0.0,1.0,0.0,0.0,NO_REGULAR_FIELD,0.2628080520481847,0,32,0,0,32
16.183333333333334,-57.052934300832405,-7.655944858104455,2.386242706129183,0.0,0.0,0.0,1.0,0.0,0.0,NO_REGULAR_FIELD,0.2628080520481847,0,32,0,0,32
16.2,-57.052934300832405,-7.655944858104455,2.386242706129183,0.0,0.0,0.0,1.0,0.0,0.0,NO_REGULAR_FIELD,0.2628080520481847,0,32,0,0,32
16.216666666666665,-57.052934300832405,-7.655944858104455,2.386242706129183,0.0,0.0,0.0,1.0,0.0,0.0,NO_REGULAR_FIELD,0.2628080520481847,0,32,0,0,32
16.233333333333334,-57.052934300832405,-7.655944858104455,2.386242706129183,0.0,0.0,0.0,1.0,0.0,0.0,NO_REGULAR_FIELD,0.2628080520481847,0,32,0,0,32
16.25,-57.052934300832405,-7.655944858104455,2.386242706129183,0.0,0.0,0.0,1.0,0.0,0.0,NO_REGULAR_FIELD,0.2628080520481847,0,32,0,0,32
16.266666666666666,-57.052934300832405,-7.655944858104455,2.386242706129183,0.0,0.0,0.0,1.0,0.0,0.0,NO_REGULAR_FIELD,0.2628080520481847,0,32,0,0,32
16.283333333333335,-57.052934300832405,-7.655944858104455,2.386242706129183,0.0,0.0,0.0,1.0,0.0,0.0,NO_REGULAR_FIELD,0.2628080520481847,0,32,0,0,32
16.3,-57.052934300832405,-7.655944858104455,2.386242706129183,0.0,0.0,0.0,1.0,0.0,0.0,NO_REGULAR_FIELD,0.2628080520481847,0,32,0,0,32
16.316666666666666,-57.052934300832405,-7.655944858104455,2.386242706129183,0.0,0.0,0.0,1.0,0.0,0.0,NO_REGULAR_FIELD,0.2628080520481847,0,32,0,0,32
16.333333333333332,-57.052934300832405,-7.655944858104455,2.386242706129183,0.0,0.0,0.0,1.0,0.0,0.0,NO_REGULAR_FIELD,0.2628080520481847,0,32,0,0,32
16.35,-57.052934300832405,-7.655944858104455,2.386242706129183,0.0,0.0,0.0,1.0,0.0,0.0,NO_REGULAR_FIELD,0.2628080520481847,0,32,0,0,32
16.366666666666667,-57.052934300832405,-7.655944858104455,2.386242706129183,0.0,0.0,0.0,1.0,0.0,0.0,NO_REGULAR_FIELD,0.2628080520481847,0,32,0,0,32
16.383333333333333,-57.052934300832405,-7.655944858104455,2.386242706129183,0.0,0.0,0.0,1.0,0.0,0.0,NO_REGULAR_FIELD,0.2628080520481847,0,32,0,0,32
16.4,-57.052934300832405,-7.655944858104455,2.386242706129183,0.0,0.0,0.0,1.0,0.0,0.0,NO_REGULAR_FIELD,0.2628080520481847,0,32,0,0,32
16.416666666666668,-57.052934300832405,-7.655944858104455,2.386242706129183,0.0,0.0,0.0,1.0,0.0,0.0,NO_REGULAR_FIELD,0.2628080520481847,0,32,0,0,32
16.433333333333334,-57.052934300832405,-7.655944858104455,2.386242706129183,0.0,0.0,0.0,1.0,0.0,0.0,NO_REGULAR_FIELD,0.2628080520481847,0,32,0,0,32
16.45,-57.052934300832405,-7.655944858104455,2.386242706129183,0.0,0.0,0.0,1.0,0.0,0.0,NO_REGULAR_FIELD,0.2628080520481847,0,32,0,0,32
16.466666666666665,-57.052934300832405,-7.655944858104455,2.386242706129183,0.0,0.0,0.0,1.0,0.0,0.0,NO_REGULAR_FIELD,0.2628080520481847,0,32,0,0,32
16.483333333333334,-57.052934300832405,-7.655944858104455,2.386242706129183,0.0,0.0,0.0,1.0,0.0,0.0,NO_REGULAR_FIELD,0.2628080520481847,0,32,0,0,32
16.5,-57.052934300832405,-7.655944858104455,2.386242706129183,0.0,0.0,0.0,1.0,0.0,0.0,NO_REGULAR_FIELD,0.2628080520481847,0,32,0,0,32
16.516666666666666,-57.052934300832405,-7.655944858104455,2.386242706129183,0.0,0.0,0.0,1.0,0.0,0.0,NO_REGULAR_FIELD,0.2628080520481847,0,32,0,0,32
16.533333333333335,-57.052934300832405,-7.655944858104455,2.386242706129183,0.0,0.0,0.0,1.0,0.0,0.0,NO_REGULAR_FIELD,0.2628080520481847,0,32,0,0,32
16.55,-57.052934300832405,-7.655944858104455,2.386242706129183,0.0,0.0,0.0,1.0,0.0,0.0,NO_REGULAR_FIELD,0.2628080520481847,0,32,0,0,32
16.566666666666666,-57.052934300832405,-7.655944858104455,2.386242706129183,0.0,0.0,0.0,1.0,0.0,0.0,NO_REGULAR_FIELD,0.2628080520481847,0,32,0,0,32
16.583333333333332,-57.052934300832405,-7.655944858104455,2.386242706129183,0.0,0.0,0.0,1.0,0.0,0.0,NO_REGULAR_FIELD,0.2628080520481847,0,32,0,0,32
16.6,-57.052934300832405,-7.655944858104455,2.386242706129183,0.0,0.0,0.0,1.0,0.0,0.0,NO_REGULAR_FIELD,0.2628080520481847,0,32,0,0,32
16.616666666666667,-57.052934300832405,-7.655944858104455,2.386242706129183,0.0,0.0,0.0,1.0,0.0,0.0,NO_REGULAR_FIELD,0.2628080520481847,0,32,0,0,32
16.633333333333333,-57.052934300832405,-7.655944858104455,2.386242706129183,0.0,0.0,0.0,1.0,0.0,0.0,NO_REGULAR_FIELD,0.2628080520481847,0,32,0,0,32
16.65,-57.052934300832405,-7.655944858104455,2.386242706129183,0.0,0.0,0.0,1.0,0.0,0.0,NO_REGULAR_FIELD,0.2628080520481847,0,32,0,0,32
16.666666666666668,-57.052934300832405,-7.655944858104455,2.386242706129183,0.0,0.0,0.0,1.0,0.0,0.0,NO_REGULAR_FIELD,0.2628080520481847,0,32,0,0,32
16.683333333333334,-57.052934300832405,-7.655944858104455,2.386242706129183,0.0,0.0,0.0,1.0,0.0,0.0,NO_REGULAR_FIELD,0.2628080520481847,0,32,0,0,32
16.7,-57.052934300832405,-7.655944858104455,2.386242706129183,0.0,0.0,0.0,1.0,0.0,0.0,NO_REGULAR_FIELD,0.2628080520481847,0,32,0,0,32
16.716666666666665,-57.052934300832405,-7.655944858104455,2.386242706129183,0.0,0.0,0.0,1.0,0.0,0.0,NO_REGULAR_FIELD,0.2628080520481847,0,32,0,0,32
16.733333333333334,-57.052934300832405,-7.655944858104455,2.386242706129183,0.0,0.0,0.0,1.0,0.0,0.0,NO_REGULAR_FIELD,0.2628080520481847,0,32,0,0,32
16.75,-57.052934300832405,-7.655944858104455,2.386242706129183,0.0,0.0,0.0,1.0,0.0,0.0,NO_REGULAR_FIELD,0.2628080520481847,0,32,0,0,32
16.766666666666666,-57.052934300832405,-7.655944858104455,2.386242706129183,0.0,0.0,0.0,1.0,0.0,0.0,NO_REGULAR_FIELD,0.2628080520481847,0,32,0,0,32
16.783333333333335,-57.052934300832405,-7.655944858104455,2.386242706129183,0.0,0.0,0.0,1.0,0.0,0.0,NO_REGULAR_FIELD,0.2628080520481847,0,32,0,0,32
16.8,-57.052934300832405,-7.655944858104455,2.386242706129183,0.0,0.0,0.0,1.0,0.0,0.0,NO_REGULAR_FIELD,0.2628080520481847,0,32,0,0,32
16.816666666666666,-57.052934300832405,-7.655944858104455,2.386242706129183,0.0,0.0,0.0,1.0,0.0,0.0,NO_REGULAR_FIELD,0.2628080520481847,0,32,0,0,32
16.833333333333332,-57.052934300832405,-7.655944858104455,2.386242706129183,0.0,0.0,0.0,1.0,0.0,0.0,NO_REGULAR_FIELD,0.2628080520481847,0,32,0,0,32
16.85,-57.052934300832405,-7.655944858104455,2.386242706129183,0.0,0.0,0.0,1.0,0.0,0.0,NO_REGULAR_FIELD,0.2628080520481847,0,32,0,0,32
16.866666666666667,-57.052934300832405,-7.655944858104455,2.386242706129183,0.0,0.0,0.0,1.0,0.0,0.0,NO_REGULAR_FIELD,0.2628080520481847,0,32,0,0,32
16.883333333333333,-57.052934300832405,-7.655944858104455,2.386242706129183,0.0,0.0,0.0,1.0,0.0,0.0,NO_REGULAR_FIELD,0.2628080520481847,0,32,0,0,32
16.9,-57.052934300832405,-7.655944858104455,2.386242706129183,0.0,0.0,0.0,1.0,0.0,0.0,NO_REGULAR_FIELD,0.2628080520481847,0,32,0,0,32
16.916666666666668,-57.052934300832405,-7.655944858104455,2.386242706129183,0.0,0.0,0.0,1.0,0.0,0.0,NO_REGULAR_FIELD,0.2628080520481847,0,32,0,0,32
16.933333333333334,-57.052934300832405,-7.655944858104455,2.386242706129183,0.0,0.0,0.0,1.0,0.0,0.0,NO_REGULAR_FIELD,0.2628080520481847,0,32,0,0,32
16.95,-57.052934300832405,-7.655944858104455,2.386242706129183,0.0,0.0,0.0,1.0,0.0,0.0,NO_REGULAR_FIELD,0.2628080520481847,0,32,0,0,32
16.966666666666665,-57.052934300832405,-7.655944858104455,2.386242706129183,0.0,0.0,0.0,1.0,0.0,0.0,NO_REGULAR_FIELD,0.2628080520481847,0,32,0,0,32
16.983333333333334,-57.052934300832405,-7.655944858104455,2.386242706129183,0.0,0.0,0.0,1.0,0.0,0.0,NO_REGULAR_FIELD,0.2628080520481847,0,32,0,0,32
17.0,-57.052934300832405,-7.655944858104455,2.386242706129183,0.0,0.0,0.0,1.0,0.0,0.0,NO_REGULAR_FIELD,0.2628080520481847,0,32,0,0,32
17.016666666666666,-57.052934300832405,-7.655944858104455,2.386242706129183,0.0,0.0,0.0,1.0,0.0,0.0,NO_REGULAR_FIELD,0.2628080520481847,0,32,0,0,32
17.033333333333335,-57.052934300832405,-7.655944858104455,2.386242706129183,0.0,0.0,0.0,1.0,0.0,0.0,NO_REGULAR_FIELD,0.2628080520481847,0,32,0,0,32
17.05,-57.052934300832405,-7.655944858104455,2.386242706129183,0.0,0.0,0.0,1.0,0.0,0.0,NO_REGULAR_FIELD,0.2628080520481847,0,32,0,0,32
17.066666666666666,-57.052934300832405,-7.655944858104455,2.386242706129183,0.0,0.0,0.0,1.0,0.0,0.0,NO_REGULAR_FIELD,0.2628080520481847,0,32,0,0,32
17.083333333333332,-57.052934300832405,-7.655944858104455,2.386242706129183,0.0,0.0,0.0,1.0,0.0,0.0,NO_REGULAR_FIELD,0.2628080520481847,0,32,0,0,32
17.1,-57.052934300832405,-7.655944858104455,2.386242706129183,0.0,0.0,0.0,1.0,0.0,0.0,NO_REGULAR_FIELD,0.2628080520481847,0,32,0,0,32
17.116666666666667,-57.052934300832405,-7.655944858104455,2.386242706129183,0.0,0.0,0.0,1.0,0.0,0.0,NO_REGULAR_FIELD,0.2628080520481847,0,32,0,0,32
17.133333333333333,-57.052934300832405,-7.655944858104455,2.386242706129183,0.0,0.0,0.0,1.0,0.0,0.0,NO_REGULAR_FIELD,0.2628080520481847,0,32,0,0,32
17.15,-57.052934300832405,-7.655944858104455,2.386242706129183,0.0,0.0,0.0,1.0,0.0,0.0,NO_REGULAR_FIELD,0.2628080520481847,0,32,0,0,32
17.166666666666668,-57.052934300832405,-7.655944858104455,2.386242706129183,0.0,0.0,0.0,1.0,0.0,0.0,NO_REGULAR_FIELD,0.2628080520481847,0,32,0,0,32
17.183333333333334,-57.052934300832405,-7.655944858104455,2.386242706129183,0.0,0.0,0.0,1.0,0.0,0.0,NO_REGULAR_FIELD,0.2628080520481847,0,32,0,0,32
17.2,-57.052934300832405,-7.655944858104455,2.386242706129183,0.0,0.0,0.0,1.0,0.0,0.0,NO_REGULAR_FIELD,0.2628080520481847,0,32,0,0,32
17.216666666666665,-57.052934300832405,-7.655944858104455,2.386242706129183,0.0,0.0,0.0,1.0,0.0,0.0,NO_REGULAR_FIELD,0.2628080520481847,0,32,0,0,32
17.233333333333334,-57.052934300832405,-7.655944858104455,2.386242706129183,0.0,0.0,0.0,1.0,0.0,0.0,NO_REGULAR_FIELD,0.2628080520481847,0,32,0,0,32
17.25,-57.052934300832405,-7.655944858104455,2.386242706129183,0.0,0.0,0.0,1.0,0.0,0.0,NO_REGULAR_FIELD,0.2628080520481847,0,32,0,0,32
17.266666666666666,-57.052934300832405,-7.655944858104455,2.386242706129183,0.0,0.0,0.0,1.0,0.0,0.0,NO_REGULAR_FIELD,0.2628080520481847,0,32,0,0,32
17.283333333333335,-57.052934300832405,-7.655944858104455,2.386242706129183,0.0,0.0,0.0,1.0,0.0,0.0,NO_REGULAR_FIELD,0.2628080520481847,0,32,0,0,32
17.3,-57.052934300832405,-7.655944858104455,2.386242706129183,0.0,0.0,0.0,1.0,0.0,0.0,NO_REGULAR_FIELD,0.2628080520481847,0,32,0,0,32
17.316666666666666,-57.052934300832405,-7.655944858104455,2.386242706129183,0.0,0.0,0.0,1.0,0.0,0.0,NO_REGULAR_FIELD,0.2628080520481847,0,32,0,0,32
17.333333333333332,-57.052934300832405,-7.655944858104455,2.386242706129183,0.0,0.0,0.0,1.0,0.0,0.0,NO_REGULAR_FIELD,0.2628080520481847,0,32,0,0,32
17.35,-57.052934300832405,-7.655944858104455,2.386242706129183,0.0,0.0,0.0,1.0,0.0,0.0,NO_REGULAR_FIELD,0.2628080520481847,0,32,0,0,32
17.366666666666667,-57.052934300832405,-7.655944858104455,2.386242706129183,0.0,0.0,0.0,1.0,0.0,0.0,NO_REGULAR_FIELD,0.2628080520481847,0,32,0,0,32
17.383333333333333,-57.052934300832405,-7.655944858104455,2.386242706129183,0.0,0.0,0.0,1.0,0.0,0.0,NO_REGULAR_FIELD,0.2628080520481847,0,32,0,0,32
17.4,-57.052934300832405,-7.655944858104455,2.386242706129183,0.0,0.0,0.0,1.0,0.0,0.0,NO_REGULAR_FIELD,0.2628080520481847,0,32,0,0,32
17.416666666666668,-57.052934300832405,-7.655944858104455,2.386242706129183,0.0,0.0,0.0,1.0,0.0,0.0,NO_REGULAR_FIELD,0.2628080520481847,0,32,0,0,32
17.433333333333334,-57.052934300832405,-7.655944858104455,2.386242706129183,0.0,0.0,0.0,1.0,0.0,0.0,NO_REGULAR_FIELD,0.2628080520481847,0,32,0,0,32
17.45,-57.052934300832405,-7.655944858104455,2.386242706129183,0.0,0.0,0.0,1.0,0.0,0.0,NO_REGULAR_FIELD,0.2628080520481847,0,32,0,0,32
17.466666666666665,-57.052934300832405,-7.655944858104455,2.386242706129183,0.0,0.0,0.0,1.0,0.0,0.0,NO_REGULAR_FIELD,0.2628080520481847,0,32,0,0,32
17.483333333333334,-57.052934300832405,-7.655944858104455,2.386242706129183,0.0,0.0,0.0,1.0,0.0,0.0,NO_REGULAR_FIELD,0.2628080520481847,0,32,0,0,32
17.5,-57.052934300832405,-7.655944858104455,2.386242706129183,0.0,0.0,0.0,1.0,0.0,0.0,NO_REGULAR_FIELD,0.2628080520481847,0,32,0,0,32
17.516666666666666,-57.052934300832405,-7.655944858104455,2.386242706129183,0.0,0.0,0.0,1.0,0.0,0.0,NO_REGULAR_FIELD,0.2628080520481847,0,32,0,0,32
17.533333333333335,-57.052934300832405,-7.655944858104455,2.386242706129183,0.0,0.0,0.0,1.0,0.0,0.0,NO_REGULAR_FIELD,0.2628080520481847,0,32,0,0,32
17.55,-57.052934300832405,-7.655944858104455,2.386242706129183,0.0,0.0,0.0,1.0,0.0,0.0,NO_REGULAR_FIELD,0.2628080520481847,0,32,0,0,32
17.566666666666666,-57.052934300832405,-7.655944858104455,2.386242706129183,0.0,0.0,0.0,1.0,0.0,0.0,NO_REGULAR_FIELD,0.2628080520481847,0,32,0,0,32
17.583333333333332,-57.052934300832405,-7.655944858104455,2.386242706129183,0.0,0.0,0.0,1.0,0.0,0.0,NO_REGULAR_FIELD,0.2628080520481847,0,32,0,0,32
17.6,-57.052934300832405,-7.655944858104455,2.386242706129183,0.0,0.0,0.0,1.0,0.0,0.0,NO_REGULAR_FIELD,0.2628080520481847,0,32,0,0,32
17.616666666666667,-57.052934300832405,-7.655944858104455,2.386242706129183,0.0,0.0,0.0,1.0,0.0,0.0,NO_REGULAR_FIELD,0.2628080520481847,0,32,0,0,32
17.633333333333333,-57.052934300832405,-7.655944858104455,2.386242706129183,0.0,0.0,0.0,1.0,0.0,0.0,NO_REGULAR_FIELD,0.2628080520481847,0,32,0,0,32
17.65,-57.052934300832405,-7.655944858104455,2.386242706129183,0.0,0.0,0.0,1.0,0.0,0.0,NO_REGULAR_FIELD,0.2628080520481847,0,32,0,0,32
17.666666666666668,-57.052934300832405,-7.655944858104455,2.386242706129183,0.0,0.0,0.0,1.0,0.0,0.0,NO_REGULAR_FIELD,0.2628080520481847,0,32,0,0,32
17.683333333333334,-57.052934300832405,-7.655944858104455,2.386242706129183,0.0,0.0,0.0,1.0,0.0,0.0,NO_REGULAR_FIELD,0.2628080520481847,0,32,0,0,32
17.7,-57.052934300832405,-7.655944858104455,2.386242706129183,0.0,0.0,0.0,1.0,0.0,0.0,NO_REGULAR_FIELD,0.2628080520481847,0,32,0,0,32
17.716666666666665,-57.052934300832405,-7.655944858104455,2.386242706129183,0.0,0.0,0.0,1.0,0.0,0.0,NO_REGULAR_FIELD,0.2628080520481847,0,32,0,0,32
17.733333333333334,-57.052934300832405,-7.655944858104455,2.386242706129183,0.0,0.0,0.0,1.0,0.0,0.0,NO_REGULAR_FIELD,0.2628080520481847,0,32,0,0,32
17.75,-57.052934300832405,-7.655944858104455,2.386242706129183,0.0,0.0,0.0,1.0,0.0,0.0,NO_REGULAR_FIELD,0.2628080520481847,0,32,0,0,32
17.766666666666666,-57.052934300832405,-7.655944858104455,2.386242706129183,0.0,0.0,0.0,1.0,0.0,0.0,NO_REGULAR_FIELD,0.2628080520481847,0,32,0,0,32
17.783333333333335,-57.052934300832405,-7.655944858104455,2.386242706129183,0.0,0.0,0.0,1.0,0.0,0.0,NO_REGULAR_FIELD,0.2628080520481847,0,32,0,0,32
17.8,-57.052934300832405,-7.655944858104455,2.386242706129183,0.0,0.0,0.0,1.0,0.0,0.0,NO_REGULAR_FIELD,0.2628080520481847,0,32,0,0,32
17.816666666666666,-57.052934300832405,-7.655944858104455,2.386242706129183,0.0,0.0,0.0,1.0,0.0,0.0,NO_REGULAR_FIELD,0.2628080520481847,0,32,0,0,32
17.833333333333332,-57.052934300832405,-7.655944858104455,2.386242706129183,0.0,0.0,0.0,1.0,0.0,0.0,NO_REGULAR_FIELD,0.2628080520481847,0,32,0,0,32
17.85,-57.052934300832405,-7.655944858104455,2.386242706129183,0.0,0.0,0.0,1.0,0.0,0.0,NO_REGULAR_FIELD,0.2628080520481847,0,32,0,0,32
17.866666666666667,-57.052934300832405,-7.655944858104455,2.386242706129183,0.0,0.0,0.0,1.0,0.0,0.0,NO_REGULAR_FIELD,0.2628080520481847,0,32,0,0,32
17.883333333333333,-57.052934300832405,-7.655944858104455,2.386242706129183,0.0,0.0,0.0,1.0,0.0,0.0,NO_REGULAR_FIELD,0.2628080520481847,0,32,0,0,32
17.9,-57.052934300832405,-7.655944858104455,2.386242706129183,0.0,0.0,0.0,1.0,0.0,0.0,NO_REGULAR_FIELD,0.2628080520481847,0,32,0,0,32
17.916666666666668,-57.052934300832405,-7.655944858104455,2.386242706129183,0.0,0.0,0.0,1.0,0.0,0.0,NO_REGULAR_FIELD,0.2628080520481847,0,32,0,0,32
17.933333333333334,-57.052934300832405,-7.655944858104455,2.386242706129183,0.0,0.0,0.0,1.0,0.0,0.0,NO_REGULAR_FIELD,0.2628080520481847,0,32,0,0,32
17.95,-57.052934300832405,-7.655944858104455,2.386242706129183,0.0,0.0,0.0,1.0,0.0,0.0,NO_REGULAR_FIELD,0.2628080520481847,0,32,0,0,32
17.966666666666665,-57.052934300832405,-7.655944858104455,2.386242706129183,0.0,0.0,0.0,1.0,0.0,0.0,NO_REGULAR_FIELD,0.2628080520481847,0,32,0,0,32
17.983333333333334,-57.052934300832405,-7.655944858104455,2.386242706129183,0.0,0.0,0.0,1.0,0.0,0.0,NO_REGULAR_FIELD,0.2628080520481847,0,32,0,0,32
18.0,-57.052934300832405,-7.655944858104455,2.386242706129183,0.0,0.0,0.0,0.0,0.0,0.0,NO_REGULAR_FIELD,0.2628080520481847,0,32,0,0,32
18.016666666666666,-57.052934300832405,-7.655944858104455,2.386242706129183,0.0,0.0,0.0,0.0,0.0,0.0,NO_REGULAR_FIELD,0.2628080520481847,0,32,0,0,32
18.033333333333335,-57.052934300832405,-7.655944858104455,2.386242706129183,0.0,0.0,0.0,0.0,0.0,0.0,NO_REGULAR_FIELD,0.2628080520481847,0,32,0,0,32
18.05,-57.052934300832405,-7.655944858104455,2.386242706129183,0.0,0.0,0.0,0.0,0.0,0.0,NO_REGULAR_FIELD,0.2628080520481847,0,32,0,0,32
18.066666666666666,-57.052934300832405,-7.655944858104455,2.386242706129183,0.0,0.0,0.0,0.0,0.0,0.0,ZERO_INTENT,0.2628080520481847,0,32,0,0,32
18.083333333333332,-57.052934300832405,-7.655944858104455,2.386242706129183,0.0,0.0,0.0,0.0,0.0,0.0,ZERO_INTENT,0.2628080520481847,0,32,0,0,32
18.1,-57.052934300832405,-7.655944858104455,2.386242706129183,0.0,0.0,0.0,0.0,0.0,0.0,ZERO_INTENT,0.2628080520481847,0,32,0,0,32
18.116666666666667,-57.052934300832405,-7.655944858104455,2.386242706129183,0.0,0.0,0.0,0.0,0.0,0.0,ZERO_INTENT,0.2628080520481847,0,32,0,0,32
18.133333333333333,-57.052934300832405,-7.655944858104455,2.386242706129183,0.0,0.0,0.0,0.0,0.0,0.0,ZERO_INTENT,0.2628080520481847,0,32,0,0,32
18.15,-57.052934300832405,-7.655944858104455,2.386242706129183,0.0,0.0,0.0,0.0,0.0,0.0,ZERO_INTENT,0.2628080520481847,0,32,0,0,32
18.166666666666668,-57.052934300832405,-7.655944858104455,2.386242706129183,0.0,0.0,0.0,0.0,0.0,0.0,ZERO_INTENT,0.2628080520481847,0,32,0,0,32
18.183333333333334,-57.052934300832405,-7.655944858104455,2.386242706129183,0.0,0.0,0.0,0.0,0.0,0.0,ZERO_INTENT,0.2628080520481847,0,32,0,0,32
18.2,-57.052934300832405,-7.655944858104455,2.386242706129183,0.0,0.0,0.0,0.0,0.0,0.0,ZERO_INTENT,0.2628080520481847,0,32,0,0,32
18.216666666666665,-57.052934300832405,-7.655944858104455,2.386242706129183,0.0,0.0,0.0,0.0,0.0,0.0,ZERO_INTENT,0.2628080520481847,0,32,0,0,32
18.233333333333334,-57.052934300832405,-7.655944858104455,2.386242706129183,0.0,0.0,0.0,0.0,0.0,0.0,ZERO_INTENT,0.2628080520481847,0,32,0,0,32
18.25,-57.052934300832405,-7.655944858104455,2.386242706129183,0.0,0.0,0.0,0.0,0.0,0.0,ZERO_INTENT,0.2628080520481847,0,32,0,0,32
18.266666666666666,-57.052934300832405,-7.655944858104455,2.386242706129183,0.0,0.0,0.0,0.0,0.0,0.0,ZERO_INTENT,0.2628080520481847,0,32,0,0,32
18.283333333333335,-57.052934300832405,-7.655944858104455,2.386242706129183,0.0,0.0,0.0,0.0,0.0,0.0,ZERO_INTENT,0.2628080520481847,0,32,0,0,32
18.3,-57.052934300832405,-7.655944858104455,2.386242706129183,0.0,0.0,0.0,0.0,0.0,0.0,ZERO_INTENT,0.2628080520481847,0,32,0,0,32
18.316666666666666,-57.052934300832405,-7.655944858104455,2.386242706129183,0.0,0.0,0.0,0.0,0.0,0.0,ZERO_INTENT,0.2628080520481847,0,32,0,0,32
18.333333333333332,-57.052934300832405,-7.655944858104455,2.386242706129183,0.0,0.0,0.0,0.0,0.0,0.0,ZERO_INTENT,0.2628080520481847,0,32,0,0,32
18.35,-57.052934300832405,-7.655944858104455,2.386242706129183,0.0,0.0,0.0,0.0,0.0,0.0,ZERO_INTENT,0.2628080520481847,0,32,0,0,32
18.366666666666667,-57.052934300832405,-7.655944858104455,2.386242706129183,0.0,0.0,0.0,0.0,0.0,0.0,ZERO_INTENT,0.2628080520481847,0,32,0,0,32
18.383333333333333,-57.052934300832405,-7.655944858104455,2.386242706129183,0.0,0.0,0.0,0.0,0.0,0.0,ZERO_INTENT,0.2628080520481847,0,32,0,0,32
18.4,-57.052934300832405,-7.655944858104455,2.386242706129183,0.0,0.0,0.0,0.0,0.0,0.0,ZERO_INTENT,0.2628080520481847,0,32,0,0,32
18.416666666666668,-57.052934300832405,-7.655944858104455,2.386242706129183,0.0,0.0,0.0,0.0,0.0,0.0,ZERO_INTENT,0.2628080520481847,0,32,0,0,32
18.433333333333334,-57.052934300832405,-7.655944858104455,2.386242706129183,0.0,0.0,0.0,0.0,0.0,0.0,ZERO_INTENT,0.2628080520481847,0,32,0,0,32
18.45,-57.052934300832405,-7.655944858104455,2.386242706129183,0.0,0.0,0.0,0.0,0.0,0.0,ZERO_INTENT,0.2628080520481847,0,32,0,0,32
18.466666666666665,-57.052934300832405,-7.655944858104455,2.386242706129183,0.0,0.0,0.0,0.0,0.0,0.0,ZERO_INTENT,0.2628080520481847,0,32,0,0,32
18.483333333333334,-57.052934300832405,-7.655944858104455,2.386242706129183,0.0,0.0,0.0,0.0,0.0,0.0,ZERO_INTENT,0.2628080520481847,0,32,0,0,32
18.5,-57.052934300832405,-7.655944858104455,2.386242706129183,0.0,0.0,0.0,0.0,0.0,0.0,ZERO_INTENT,0.2628080520481847,0,32,0,0,32
18.516666666666666,-57.052934300832405,-7.655944858104455,2.386242706129183,0.0,0.0,0.0,0.0,0.0,0.0,ZERO_INTENT,0.2628080520481847,0,32,0,0,32
18.533333333333335,-57.052934300832405,-7.655944858104455,2.386242706129183,0.0,0.0,0.0,0.0,0.0,0.0,ZERO_INTENT,0.2628080520481847,0,32,0,0,32
18.55,-57.052934300832405,-7.655944858104455,2.386242706129183,0.0,0.0,0.0,0.0,0.0,0.0,ZERO_INTENT,0.2628080520481847,0,32,0,0,32
18.566666666666666,-57.052934300832405,-7.655944858104455,2.386242706129183,0.0,0.0,0.0,0.0,0.0,0.0,ZERO_INTENT,0.2628080520481847,0,32,0,0,32
18.583333333333332,-57.052934300832405,-7.655944858104455,2.386242706129183,0.0,0.0,0.0,0.0,0.0,0.0,ZERO_INTENT,0.2628080520481847,0,32,0,0,32
18.6,-57.052934300832405,-7.655944858104455,2.386242706129183,0.0,0.0,0.0,0.0,0.0,0.0,ZERO_INTENT,0.2628080520481847,0,32,0,0,32
18.616666666666667,-57.052934300832405,-7.655944858104455,2.386242706129183,0.0,0.0,0.0,0.0,0.0,0.0,ZERO_INTENT,0.2628080520481847,0,32,0,0,32
18.633333333333333,-57.052934300832405,-7.655944858104455,2.386242706129183,0.0,0.0,0.0,0.0,0.0,0.0,ZERO_INTENT,0.2628080520481847,0,32,0,0,32
18.65,-57.052934300832405,-7.655944858104455,2.386242706129183,0.0,0.0,0.0,0.0,0.0,0.0,ZERO_INTENT,0.2628080520481847,0,32,0,0,32
18.666666666666668,-57.052934300832405,-7.655944858104455,2.386242706129183,0.0,0.0,0.0,0.0,0.0,0.0,ZERO_INTENT,0.2628080520481847,0,32,0,0,32
18.683333333333334,-57.052934300832405,-7.655944858104455,2.386242706129183,0.0,0.0,0.0,0.0,0.0,0.0,ZERO_INTENT,0.2628080520481847,0,32,0,0,32
18.7,-57.052934300832405,-7.655944858104455,2.386242706129183,0.0,0.0,0.0,0.0,0.0,0.0,ZERO_INTENT,0.2628080520481847,0,32,0,0,32
18.716666666666665,-57.052934300832405,-7.655944858104455,2.386242706129183,0.0,0.0,0.0,0.0,0.0,0.0,ZERO_INTENT,0.2628080520481847,0,32,0,0,32
18.733333333333334,-57.052934300832405,-7.655944858104455,2.386242706129183,0.0,0.0,0.0,0.0,0.0,0.0,ZERO_INTENT,0.2628080520481847,0,32,0,0,32
18.75,-57.052934300832405,-7.655944858104455,2.386242706129183,0.0,0.0,0.0,0.0,0.0,0.0,ZERO_INTENT,0.2628080520481847,0,32,0,0,32
18.766666666666666,-57.052934300832405,-7.655944858104455,2.386242706129183,0.0,0.0,0.0,0.0,0.0,0.0,ZERO_INTENT,0.2628080520481847,0,32,0,0,32
18.783333333333335,-57.052934300832405,-7.655944858104455,2.386242706129183,0.0,0.0,0.0,0.0,0.0,0.0,ZERO_INTENT,0.2628080520481847,0,32,0,0,32
18.8,-57.052934300832405,-7.655944858104455,2.386242706129183,0.0,0.0,0.0,0.0,0.0,0.0,ZERO_INTENT,0.2628080520481847,0,32,0,0,32
18.816666666666666,-57.052934300832405,-7.655944858104455,2.386242706129183,0.0,0.0,0.0,0.0,0.0,0.0,ZERO_INTENT,0.2628080520481847,0,32,0,0,32
18.833333333333332,-57.052934300832405,-7.655944858104455,2.386242706129183,0.0,0.0,0.0,0.0,0.0,0.0,ZERO_INTENT,0.2628080520481847,0,32,0,0,32
18.85,-57.052934300832405,-7.655944858104455,2.386242706129183,0.0,0.0,0.0,0.0,0.0,0.0,ZERO_INTENT,0.2628080520481847,0,32,0,0,32
18.866666666666667,-57.052934300832405,-7.655944858104455,2.386242706129183,0.0,0.0,0.0,0.0,0.0,0.0,ZERO_INTENT,0.2628080520481847,0,32,0,0,32
18.883333333333333,-57.052934300832405,-7.655944858104455,2.386242706129183,0.0,0.0,0.0,0.0,0.0,0.0,ZERO_INTENT,0.2628080520481847,0,32,0,0,32
18.9,-57.052934300832405,-7.655944858104455,2.386242706129183,0.0,0.0,0.0,0.0,0.0,0.0,ZERO_INTENT,0.2628080520481847,0,32,0,0,32
18.916666666666668,-57.052934300832405,-7.655944858104455,2.386242706129183,0.0,0.0,0.0,0.0,0.0,0.0,ZERO_INTENT,0.2628080520481847,0,32,0,0,32
18.933333333333334,-57.052934300832405,-7.655944858104455,2.386242706129183,0.0,0.0,0.0,0.0,0.0,0.0,ZERO_INTENT,0.2628080520481847,0,32,0,0,32
18.95,-57.052934300832405,-7.655944858104455,2.386242706129183,0.0,0.0,0.0,0.0,0.0,0.0,ZERO_INTENT,0.2628080520481847,0,32,0,0,32
18.966666666666665,-57.052934300832405,-7.655944858104455,2.386242706129183,0.0,0.0,0.0,0.0,0.0,0.0,ZERO_INTENT,0.2628080520481847,0,32,0,0,32
18.983333333333334,-57.052934300832405,-7.655944858104455,2.386242706129183,0.0,0.0,0.0,0.0,0.0,0.0,ZERO_INTENT,0.2628080520481847,0,32,0,0,32
19.0,-57.052934300832405,-7.655944858104455,2.386242706129183,0.0,0.0,0.0,0.0,0.0,0.0,ZERO_INTENT,0.2628080520481847,0,32,0,0,32
19.016666666666666,-57.052934300832405,-7.655944858104455,2.386242706129183,0.0,0.0,0.0,0.0,0.0,0.0,ZERO_INTENT,0.2628080520481847,0,32,0,0,32
19.033333333333335,-57.052934300832405,-7.655944858104455,2.386242706129183,0.0,0.0,0.0,0.0,0.0,0.0,ZERO_INTENT,0.2628080520481847,0,32,0,0,32
19.05,-57.052934300832405,-7.655944858104455,2.386242706129183,0.0,0.0,0.0,0.0,0.0,0.0,ZERO_INTENT,0.2628080520481847,0,32,0,0,32
19.066666666666666,-57.052934300832405,-7.655944858104455,2.386242706129183,0.0,0.0,0.0,0.0,0.0,0.0,ZERO_INTENT,0.2628080520481847,0,32,0,0,32
19.083333333333332,-57.052934300832405,-7.655944858104455,2.386242706129183,0.0,0.0,0.0,0.0,0.0,0.0,ZERO_INTENT,0.2628080520481847,0,32,0,0,32
19.1,-57.052934300832405,-7.655944858104455,2.386242706129183,0.0,0.0,0.0,0.0,0.0,0.0,ZERO_INTENT,0.2628080520481847,0,32,0,0,32
19.116666666666667,-57.052934300832405,-7.655944858104455,2.386242706129183,0.0,0.0,0.0,0.0,0.0,0.0,ZERO_INTENT,0.2628080520481847,0,32,0,0,32
19.133333333333333,-57.052934300832405,-7.655944858104455,2.386242706129183,0.0,0.0,0.0,0.0,0.0,0.0,ZERO_INTENT,0.2628080520481847,0,32,0,0,32
19.15,-57.052934300832405,-7.655944858104455,2.386242706129183,0.0,0.0,0.0,0.0,0.0,0.0,ZERO_INTENT,0.2628080520481847,0,32,0,0,32
19.166666666666668,-57.052934300832405,-7.655944858104455,2.386242706129183,0.0,0.0,0.0,0.0,0.0,0.0,ZERO_INTENT,0.2628080520481847,0,32,0,0,32
19.183333333333334,-57.052934300832405,-7.655944858104455,2.386242706129183,0.0,0.0,0.0,0.0,0.0,0.0,ZERO_INTENT,0.2628080520481847,0,32,0,0,32
19.2,-57.052934300832405,-7.655944858104455,2.386242706129183,0.0,0.0,0.0,0.0,0.0,0.0,ZERO_INTENT,0.2628080520481847,0,32,0,0,32
19.216666666666665,-57.052934300832405,-7.655944858104455,2.386242706129183,0.0,0.0,0.0,0.0,0.0,0.0,ZERO_INTENT,0.2628080520481847,0,32,0,0,32
19.233333333333334,-57.052934300832405,-7.655944858104455,2.386242706129183,0.0,0.0,0.0,0.0,0.0,0.0,ZERO_INTENT,0.2628080520481847,0,32,0,0,32
19.25,-57.052934300832405,-7.655944858104455,2.386242706129183,0.0,0.0,0.0,0.0,0.0,0.0,ZERO_INTENT,0.2628080520481847,0,32,0,0,32
19.266666666666666,-57.052934300832405,-7.655944858104455,2.386242706129183,0.0,0.0,0.0,0.0,0.0,0.0,ZERO_INTENT,0.2628080520481847,0,32,0,0,32
19.283333333333335,-57.052934300832405,-7.655944858104455,2.386242706129183,0.0,0.0,0.0,0.0,0.0,0.0,ZERO_INTENT,0.2628080520481847,0,32,0,0,32
19.3,-57.052934300832405,-7.655944858104455,2.386242706129183,0.0,0.0,0.0,0.0,0.0,0.0,ZERO_INTENT,0.2628080520481847,0,32,0,0,32
19.316666666666666,-57.052934300832405,-7.655944858104455,2.386242706129183,0.0,0.0,0.0,0.0,0.0,0.0,ZERO_INTENT,0.2628080520481847,0,32,0,0,32
19.333333333333332,-57.052934300832405,-7.655944858104455,2.386242706129183,0.0,0.0,0.0,0.0,0.0,0.0,ZERO_INTENT,0.2628080520481847,0,32,0,0,32
19.35,-57.052934300832405,-7.655944858104455,2.386242706129183,0.0,0.0,0.0,0.0,0.0,0.0,ZERO_INTENT,0.2628080520481847,0,32,0,0,32
19.366666666666667,-57.052934300832405,-7.655944858104455,2.386242706129183,0.0,0.0,0.0,0.0,0.0,0.0,ZERO_INTENT,0.2628080520481847,0,32,0,0,32
19.383333333333333,-57.052934300832405,-7.655944858104455,2.386242706129183,0.0,0.0,0.0,0.0,0.0,0.0,ZERO_INTENT,0.2628080520481847,0,32,0,0,32
19.4,-57.052934300832405,-7.655944858104455,2.386242706129183,0.0,0.0,0.0,0.0,0.0,0.0,ZERO_INTENT,0.2628080520481847,0,32,0,0,32
19.416666666666668,-57.052934300832405,-7.655944858104455,2.386242706129183,0.0,0.0,0.0,0.0,0.0,0.0,ZERO_INTENT,0.2628080520481847,0,32,0,0,32
19.433333333333334,-57.052934300832405,-7.655944858104455,2.386242706129183,0.0,0.0,0.0,0.0,0.0,0.0,ZERO_INTENT,0.2628080520481847,0,32,0,0,32
19.45,-57.052934300832405,-7.655944858104455,2.386242706129183,0.0,0.0,0.0,0.0,0.0,0.0,ZERO_INTENT,0.2628080520481847,0,32,0,0,32
19.466666666666665,-57.052934300832405,-7.655944858104455,2.386242706129183,0.0,0.0,0.0,0.0,0.0,0.0,ZERO_INTENT,0.2628080520481847,0,32,0,0,32
19.483333333333334,-57.052934300832405,-7.655944858104455,2.386242706129183,0.0,0.0,0.0,0.0,0.0,0.0,ZERO_INTENT,0.2628080520481847,0,32,0,0,32
19.5,-57.052934300832405,-7.655944858104455,2.386242706129183,0.0,0.0,0.0,0.0,0.0,0.0,ZERO_INTENT,0.2628080520481847,0,32,0,0,32
19.516666666666666,-57.052934300832405,-7.655944858104455,2.386242706129183,0.0,0.0,0.0,0.0,0.0,0.0,ZERO_INTENT,0.2628080520481847,0,32,0,0,32
19.533333333333335,-57.052934300832405,-7.655944858104455,2.386242706129183,0.0,0.0,0.0,0.0,0.0,0.0,ZERO_INTENT,0.2628080520481847,0,32,0,0,32
19.55,-57.052934300832405,-7.655944858104455,2.386242706129183,0.0,0.0,0.0,0.0,0.0,0.0,ZERO_INTENT,0.2628080520481847,0,32,0,0,32
19.566666666666666,-57.052934300832405,-7.655944858104455,2.386242706129183,0.0,0.0,0.0,0.0,0.0,0.0,ZERO_INTENT,0.2628080520481847,0,32,0,0,32
19.583333333333332,-57.052934300832405,-7.655944858104455,2.386242706129183,0.0,0.0,0.0,0.0,0.0,0.0,ZERO_INTENT,0.2628080520481847,0,32,0,0,32
19.6,-57.052934300832405,-7.655944858104455,2.386242706129183,0.0,0.0,0.0,0.0,0.0,0.0,ZERO_INTENT,0.2628080520481847,0,32,0,0,32
19.616666666666667,-57.052934300832405,-7.655944858104455,2.386242706129183,0.0,0.0,0.0,0.0,0.0,0.0,ZERO_INTENT,0.2628080520481847,0,32,0,0,32
19.633333333333333,-57.052934300832405,-7.655944858104455,2.386242706129183,0.0,0.0,0.0,0.0,0.0,0.0,ZERO_INTENT,0.2628080520481847,0,32,0,0,32
19.65,-57.052934300832405,-7.655944858104455,2.386242706129183,0.0,0.0,0.0,0.0,0.0,0.0,ZERO_INTENT,0.2628080520481847,0,32,0,0,32
19.666666666666668,-57.052934300832405,-7.655944858104455,2.386242706129183,0.0,0.0,0.0,0.0,0.0,0.0,ZERO_INTENT,0.2628080520481847,0,32,0,0,32
19.683333333333334,-57.052934300832405,-7.655944858104455,2.386242706129183,0.0,0.0,0.0,0.0,0.0,0.0,ZERO_INTENT,0.2628080520481847,0,32,0,0,32
19.7,-57.052934300832405,-7.655944858104455,2.386242706129183,0.0,0.0,0.0,0.0,0.0,0.0,ZERO_INTENT,0.2628080520481847,0,32,0,0,32
19.716666666666665,-57.052934300832405,-7.655944858104455,2.386242706129183,0.0,0.0,0.0,0.0,0.0,0.0,ZERO_INTENT,0.2628080520481847,0,32,0,0,32
19.733333333333334,-57.052934300832405,-7.655944858104455,2.386242706129183,0.0,0.0,0.0,0.0,0.0,0.0,ZERO_INTENT,0.2628080520481847,0,32,0,0,32
19.75,-57.052934300832405,-7.655944858104455,2.386242706129183,0.0,0.0,0.0,0.0,0.0,0.0,ZERO_INTENT,0.2628080520481847,0,32,0,0,32
19.766666666666666,-57.052934300832405,-7.655944858104455,2.386242706129183,0.0,0.0,0.0,0.0,0.0,0.0,ZERO_INTENT,0.2628080520481847,0,32,0,0,32
19.783333333333335,-57.052934300832405,-7.655944858104455,2.386242706129183,0.0,0.0,0.0,0.0,0.0,0.0,ZERO_INTENT,0.2628080520481847,0,32,0,0,32
19.8,-57.052934300832405,-7.655944858104455,2.386242706129183,0.0,0.0,0.0,0.0,0.0,0.0,ZERO_INTENT,0.2628080520481847,0,32,0,0,32
19.816666666666666,-57.052934300832405,-7.655944858104455,2.386242706129183,0.0,0.0,0.0,0.0,0.0,0.0,ZERO_INTENT,0.2628080520481847,0,32,0,0,32
19.833333333333332,-57.052934300832405,-7.655944858104455,2.386242706129183,0.0,0.0,0.0,0.0,0.0,0.0,ZERO_INTENT,0.2628080520481847,0,32,0,0,32
19.85,-57.052934300832405,-7.655944858104455,2.386242706129183,0.0,0.0,0.0,0.0,0.0,0.0,ZERO_INTENT,0.2628080520481847,0,32,0,0,32
19.866666666666667,-57.052934300832405,-7.655944858104455,2.386242706129183,0.0,0.0,0.0,0.0,0.0,0.0,ZERO_INTENT,0.2628080520481847,0,32,0,0,32
19.883333333333333,-57.052934300832405,-7.655944858104455,2.386242706129183,0.0,0.0,0.0,0.0,0.0,0.0,ZERO_INTENT,0.2628080520481847,0,32,0,0,32
19.9,-57.052934300832405,-7.655944858104455,2.386242706129183,0.0,0.0,0.0,0.0,0.0,0.0,ZERO_INTENT,0.2628080520481847,0,32,0,0,32
19.916666666666668,-57.052934300832405,-7.655944858104455,2.386242706129183,0.0,0.0,0.0,0.0,0.0,0.0,ZERO_INTENT,0.2628080520481847,0,32,0,0,32
19.933333333333334,-57.052934300832405,-7.655944858104455,2.386242706129183,0.0,0.0,0.0,0.0,0.0,0.0,ZERO_INTENT,0.2628080520481847,0,32,0,0,32
19.95,-57.052934300832405,-7.655944858104455,2.386242706129183,0.0,0.0,0.0,0.0,0.0,0.0,ZERO_INTENT,0.2628080520481847,0,32,0,0,32
19.966666666666665,-57.052934300832405,-7.655944858104455,2.386242706129183,0.0,0.0,0.0,0.0,0.0,0.0,ZERO_INTENT,0.2628080520481847,0,32,0,0,32
19.983333333333334,-57.052934300832405,-7.655944858104455,2.386242706129183,0.0,0.0,0.0,0.0,0.0,0.0,ZERO_INTENT,0.2628080520481847,0,32,0,0,32
20.0,-57.052934300832405,-7.655944858104455,2.386242706129183,0.0,0.0,0.0,0.0,0.0,0.0,ZERO_INTENT,0.2628080520481847,0,32,0,0,32
20.016666666666666,-57.052934300832405,-7.655944858104455,2.386242706129183,0.0,0.0,0.0,0.0,0.0,0.0,ZERO_INTENT,0.2628080520481847,0,32,0,0,32
20.033333333333335,-57.052934300832405,-7.655944858104455,2.386242706129183,0.0,0.0,0.0,0.0,0.0,0.0,ZERO_INTENT,0.2628080520481847,0,32,0,0,32
20.05,-57.052934300832405,-7.655944858104455,2.386242706129183,0.0,0.0,0.0,0.0,0.0,0.0,ZERO_INTENT,0.2628080520481847,0,32,0,0,32
20.066666666666666,-57.052934300832405,-7.655944858104455,2.386242706129183,0.0,0.0,0.0,0.0,0.0,0.0,ZERO_INTENT,0.2628080520481847,0,32,0,0,32
20.083333333333332,-57.052934300832405,-7.655944858104455,2.386242706129183,0.0,0.0,0.0,0.0,0.0,0.0,ZERO_INTENT,0.2628080520481847,0,32,0,0,32
20.1,-57.052934300832405,-7.655944858104455,2.386242706129183,0.0,0.0,0.0,0.0,0.0,0.0,ZERO_INTENT,0.2628080520481847,0,32,0,0,32
20.116666666666667,-57.052934300832405,-7.655944858104455,2.386242706129183,0.0,0.0,0.0,0.0,0.0,0.0,ZERO_INTENT,0.2628080520481847,0,32,0,0,32
20.133333333333333,-57.052934300832405,-7.655944858104455,2.386242706129183,0.0,0.0,0.0,0.0,0.0,0.0,ZERO_INTENT,0.2628080520481847,0,32,0,0,32
20.15,-57.052934300832405,-7.655944858104455,2.386242706129183,0.0,0.0,0.0,0.0,0.0,0.0,ZERO_INTENT,0.2628080520481847,0,32,0,0,32
20.166666666666668,-57.052934300832405,-7.655944858104455,2.386242706129183,0.0,0.0,0.0,0.0,0.0,0.0,ZERO_INTENT,0.2628080520481847,0,32,0,0,32
20.183333333333334,-57.052934300832405,-7.655944858104455,2.386242706129183,0.0,0.0,0.0,0.0,0.0,0.0,ZERO_INTENT,0.2628080520481847,0,32,0,0,32
20.2,-57.052934300832405,-7.655944858104455,2.386242706129183,0.0,0.0,0.0,0.0,0.0,0.0,ZERO_INTENT,0.2628080520481847,0,32,0,0,32
20.216666666666665,-57.052934300832405,-7.655944858104455,2.386242706129183,0.0,0.0,0.0,0.0,0.0,0.0,ZERO_INTENT,0.2628080520481847,0,32,0,0,32
20.233333333333334,-57.052934300832405,-7.655944858104455,2.386242706129183,0.0,0.0,0.0,0.0,0.0,0.0,ZERO_INTENT,0.2628080520481847,0,32,0,0,32
20.25,-57.052934300832405,-7.655944858104455,2.386242706129183,0.0,0.0,0.0,0.0,0.0,0.0,ZERO_INTENT,0.2628080520481847,0,32,0,0,32
20.266666666666666,-57.052934300832405,-7.655944858104455,2.386242706129183,0.0,0.0,0.0,0.0,0.0,0.0,ZERO_INTENT,0.2628080520481847,0,32,0,0,32
20.283333333333335,-57.052934300832405,-7.655944858104455,2.386242706129183,0.0,0.0,0.0,0.0,0.0,0.0,ZERO_INTENT,0.2628080520481847,0,32,0,0,32
20.3,-57.052934300832405,-7.655944858104455,2.386242706129183,0.0,0.0,0.0,0.0,0.0,0.0,ZERO_INTENT,0.2628080520481847,0,32,0,0,32
20.316666666666666,-57.052934300832405,-7.655944858104455,2.386242706129183,0.0,0.0,0.0,0.0,0.0,0.0,ZERO_INTENT,0.2628080520481847,0,32,0,0,32
20.333333333333332,-57.052934300832405,-7.655944858104455,2.386242706129183,0.0,0.0,0.0,0.0,0.0,0.0,ZERO_INTENT,0.2628080520481847,0,32,0,0,32
20.35,-57.052934300832405,-7.655944858104455,2.386242706129183,0.0,0.0,0.0,0.0,0.0,0.0,ZERO_INTENT,0.2628080520481847,0,32,0,0,32
20.366666666666667,-57.052934300832405,-7.655944858104455,2.386242706129183,0.0,0.0,0.0,0.0,0.0,0.0,ZERO_INTENT,0.2628080520481847,0,32,0,0,32
20.383333333333333,-57.052934300832405,-7.655944858104455,2.386242706129183,0.0,0.0,0.0,0.0,0.0,0.0,ZERO_INTENT,0.2628080520481847,0,32,0,0,32
20.4,-57.052934300832405,-7.655944858104455,2.386242706129183,0.0,0.0,0.0,0.0,0.0,0.0,ZERO_INTENT,0.2628080520481847,0,32,0,0,32
20.416666666666668,-57.052934300832405,-7.655944858104455,2.386242706129183,0.0,0.0,0.0,0.0,0.0,0.0,ZERO_INTENT,0.2628080520481847,0,32,0,0,32
20.433333333333334,-57.052934300832405,-7.655944858104455,2.386242706129183,0.0,0.0,0.0,0.0,0.0,0.0,ZERO_INTENT,0.2628080520481847,0,32,0,0,32
20.45,-57.052934300832405,-7.655944858104455,2.386242706129183,0.0,0.0,0.0,0.0,0.0,0.0,ZERO_INTENT,0.2628080520481847,0,32,0,0,32
20.466666666666665,-57.052934300832405,-7.655944858104455,2.386242706129183,0.0,0.0,0.0,0.0,0.0,0.0,ZERO_INTENT,0.2628080520481847,0,32,0,0,32
20.483333333333334,-57.052934300832405,-7.655944858104455,2.386242706129183,0.0,0.0,0.0,0.0,0.0,0.0,ZERO_INTENT,0.2628080520481847,0,32,0,0,32
20.5,-57.052934300832405,-7.655944858104455,2.386242706129183,0.0,0.0,0.0,0.0,0.0,0.0,ZERO_INTENT,0.2628080520481847,0,32,0,0,32
20.516666666666666,-57.052934300832405,-7.655944858104455,2.386242706129183,0.0,0.0,0.0,0.0,0.0,0.0,ZERO_INTENT,0.2628080520481847,0,32,0,0,32
20.533333333333335,-57.052934300832405,-7.655944858104455,2.386242706129183,0.0,0.0,0.0,0.0,0.0,0.0,ZERO_INTENT,0.2628080520481847,0,32,0,0,32
20.55,-57.052934300832405,-7.655944858104455,2.386242706129183,0.0,0.0,0.0,0.0,0.0,0.0,ZERO_INTENT,0.2628080520481847,0,32,0,0,32
20.566666666666666,-57.052934300832405,-7.655944858104455,2.386242706129183,0.0,0.0,0.0,0.0,0.0,0.0,ZERO_INTENT,0.2628080520481847,0,32,0,0,32
20.583333333333332,-57.052934300832405,-7.655944858104455,2.386242706129183,0.0,0.0,0.0,0.0,0.0,0.0,ZERO_INTENT,0.2628080520481847,0,32,0,0,32
20.6,-57.052934300832405,-7.655944858104455,2.386242706129183,0.0,0.0,0.0,0.0,0.0,0.0,ZERO_INTENT,0.2628080520481847,0,32,0,0,32
20.616666666666667,-57.052934300832405,-7.655944858104455,2.386242706129183,0.0,0.0,0.0,0.0,0.0,0.0,ZERO_INTENT,0.2628080520481847,0,32,0,0,32
20.633333333333333,-57.052934300832405,-7.655944858104455,2.386242706129183,0.0,0.0,0.0,0.0,0.0,0.0,ZERO_INTENT,0.2628080520481847,0,32,0,0,32
20.65,-57.052934300832405,-7.655944858104455,2.386242706129183,0.0,0.0,0.0,0.0,0.0,0.0,ZERO_INTENT,0.2628080520481847,0,32,0,0,32
20.666666666666668,-57.052934300832405,-7.655944858104455,2.386242706129183,0.0,0.0,0.0,0.0,0.0,0.0,ZERO_INTENT,0.2628080520481847,0,32,0,0,32
20.683333333333334,-57.052934300832405,-7.655944858104455,2.386242706129183,0.0,0.0,0.0,0.0,0.0,0.0,ZERO_INTENT,0.2628080520481847,0,32,0,0,32
20.7,-57.052934300832405,-7.655944858104455,2.386242706129183,0.0,0.0,0.0,0.0,0.0,0.0,ZERO_INTENT,0.2628080520481847,0,32,0,0,32
20.716666666666665,-57.052934300832405,-7.655944858104455,2.386242706129183,0.0,0.0,0.0,0.0,0.0,0.0,ZERO_INTENT,0.2628080520481847,0,32,0,0,32
20.733333333333334,-57.052934300832405,-7.655944858104455,2.386242706129183,0.0,0.0,0.0,0.0,0.0,0.0,ZERO_INTENT,0.2628080520481847,0,32,0,0,32
20.75,-57.052934300832405,-7.655944858104455,2.386242706129183,0.0,0.0,0.0,0.0,0.0,0.0,ZERO_INTENT,0.2628080520481847,0,32,0,0,32
20.766666666666666,-57.052934300832405,-7.655944858104455,2.386242706129183,0.0,0.0,0.0,0.0,0.0,0.0,ZERO_INTENT,0.2628080520481847,0,32,0,0,32
20.783333333333335,-57.052934300832405,-7.655944858104455,2.386242706129183,0.0,0.0,0.0,0.0,0.0,0.0,ZERO_INTENT,0.2628080520481847,0,32,0,0,32
20.8,-57.052934300832405,-7.655944858104455,2.386242706129183,0.0,0.0,0.0,0.0,0.0,0.0,ZERO_INTENT,0.2628080520481847,0,32,0,0,32
20.816666666666666,-57.052934300832405,-7.655944858104455,2.386242706129183,0.0,0.0,0.0,0.0,0.0,0.0,ZERO_INTENT,0.2628080520481847,0,32,0,0,32
20.833333333333332,-57.052934300832405,-7.655944858104455,2.386242706129183,0.0,0.0,0.0,0.0,0.0,0.0,ZERO_INTENT,0.2628080520481847,0,32,0,0,32
20.85,-57.052934300832405,-7.655944858104455,2.386242706129183,0.0,0.0,0.0,0.0,0.0,0.0,ZERO_INTENT,0.2628080520481847,0,32,0,0,32
20.866666666666667,-57.052934300832405,-7.655944858104455,2.386242706129183,0.0,0.0,0.0,0.0,0.0,0.0,ZERO_INTENT,0.2628080520481847,0,32,0,0,32
20.883333333333333,-57.052934300832405,-7.655944858104455,2.386242706129183,0.0,0.0,0.0,0.0,0.0,0.0,ZERO_INTENT,0.2628080520481847,0,32,0,0,32
20.9,-57.052934300832405,-7.655944858104455,2.386242706129183,0.0,0.0,0.0,0.0,0.0,0.0,ZERO_INTENT,0.2628080520481847,0,32,0,0,32
20.916666666666668,-57.052934300832405,-7.655944858104455,2.386242706129183,0.0,0.0,0.0,0.0,0.0,0.0,ZERO_INTENT,0.2628080520481847,0,32,0,0,32
20.933333333333334,-57.052934300832405,-7.655944858104455,2.386242706129183,0.0,0.0,0.0,0.0,0.0,0.0,ZERO_INTENT,0.2628080520481847,0,32,0,0,32
20.95,-57.052934300832405,-7.655944858104455,2.386242706129183,0.0,0.0,0.0,0.0,0.0,0.0,ZERO_INTENT,0.2628080520481847,0,32,0,0,32
20.966666666666665,-57.052934300832405,-7.655944858104455,2.386242706129183,0.0,0.0,0.0,0.0,0.0,0.0,ZERO_INTENT,0.2628080520481847,0,32,0,0,32
20.983333333333334,-57.052934300832405,-7.655944858104455,2.386242706129183,0.0,0.0,0.0,0.0,0.0,0.0,ZERO_INTENT,0.2628080520481847,0,32,0,0,32
21.0,-57.052934300832405,-7.655944858104455,2.386242706129183,0.0,0.0,0.0,0.0,0.0,0.0,ZERO_INTENT,0.2628080520481847,0,32,0,0,32
21.016666666666666,-57.052934300832405,-7.655944858104455,2.386242706129183,0.0,0.0,0.0,0.0,0.0,0.0,ZERO_INTENT,0.2628080520481847,0,32,0,0,32
21.033333333333335,-57.052934300832405,-7.655944858104455,2.386242706129183,0.0,0.0,0.0,0.0,0.0,0.0,ZERO_INTENT,0.2628080520481847,0,32,0,0,32
21.05,-57.052934300832405,-7.655944858104455,2.386242706129183,0.0,0.0,0.0,0.0,0.0,0.0,ZERO_INTENT,0.2628080520481847,0,32,0,0,32
21.066666666666666,-57.052934300832405,-7.655944858104455,2.386242706129183,0.0,0.0,0.0,0.0,0.0,0.0,ZERO_INTENT,0.2628080520481847,0,32,0,0,32
21.083333333333332,-57.052934300832405,-7.655944858104455,2.386242706129183,0.0,0.0,0.0,0.0,0.0,0.0,ZERO_INTENT,0.2628080520481847,0,32,0,0,32
21.1,-57.052934300832405,-7.655944858104455,2.386242706129183,0.0,0.0,0.0,0.0,0.0,0.0,ZERO_INTENT,0.2628080520481847,0,32,0,0,32
21.116666666666667,-57.052934300832405,-7.655944858104455,2.386242706129183,0.0,0.0,0.0,0.0,0.0,0.0,ZERO_INTENT,0.2628080520481847,0,32,0,0,32
21.133333333333333,-57.052934300832405,-7.655944858104455,2.386242706129183,0.0,0.0,0.0,0.0,0.0,0.0,ZERO_INTENT,0.2628080520481847,0,32,0,0,32
21.15,-57.052934300832405,-7.655944858104455,2.386242706129183,0.0,0.0,0.0,0.0,0.0,0.0,ZERO_INTENT,0.2628080520481847,0,32,0,0,32
21.166666666666668,-57.052934300832405,-7.655944858104455,2.386242706129183,0.0,0.0,0.0,0.0,0.0,0.0,ZERO_INTENT,0.2628080520481847,0,32,0,0,32
21.183333333333334,-57.052934300832405,-7.655944858104455,2.386242706129183,0.0,0.0,0.0,0.0,0.0,0.0,ZERO_INTENT,0.2628080520481847,0,32,0,0,32
21.2,-57.052934300832405,-7.655944858104455,2.386242706129183,0.0,0.0,0.0,0.0,0.0,0.0,ZERO_INTENT,0.2628080520481847,0,32,0,0,32
21.216666666666665,-57.052934300832405,-7.655944858104455,2.386242706129183,0.0,0.0,0.0,0.0,0.0,0.0,ZERO_INTENT,0.2628080520481847,0,32,0,0,32
21.233333333333334,-57.052934300832405,-7.655944858104455,2.386242706129183,0.0,0.0,0.0,0.0,0.0,0.0,ZERO_INTENT,0.2628080520481847,0,32,0,0,32
21.25,-57.052934300832405,-7.655944858104455,2.386242706129183,0.0,0.0,0.0,0.0,0.0,0.0,ZERO_INTENT,0.2628080520481847,0,32,0,0,32
21.266666666666666,-57.052934300832405,-7.655944858104455,2.386242706129183,0.0,0.0,0.0,0.0,0.0,0.0,ZERO_INTENT,0.2628080520481847,0,32,0,0,32
21.283333333333335,-57.052934300832405,-7.655944858104455,2.386242706129183,0.0,0.0,0.0,0.0,0.0,0.0,ZERO_INTENT,0.2628080520481847,0,32,0,0,32
21.3,-57.052934300832405,-7.655944858104455,2.386242706129183,0.0,0.0,0.0,0.0,0.0,0.0,ZERO_INTENT,0.2628080520481847,0,32,0,0,32
21.316666666666666,-57.052934300832405,-7.655944858104455,2.386242706129183,0.0,0.0,0.0,0.0,0.0,0.0,ZERO_INTENT,0.2628080520481847,0,32,0,0,32
21.333333333333332,-57.052934300832405,-7.655944858104455,2.386242706129183,0.0,0.0,0.0,0.0,0.0,0.0,ZERO_INTENT,0.2628080520481847,0,32,0,0,32
21.35,-57.052934300832405,-7.655944858104455,2.386242706129183,0.0,0.0,0.0,0.0,0.0,0.0,ZERO_INTENT,0.2628080520481847,0,32,0,0,32
21.366666666666667,-57.052934300832405,-7.655944858104455,2.386242706129183,0.0,0.0,0.0,0.0,0.0,0.0,ZERO_INTENT,0.2628080520481847,0,32,0,0,32
21.383333333333333,-57.052934300832405,-7.655944858104455,2.386242706129183,0.0,0.0,0.0,0.0,0.0,0.0,ZERO_INTENT,0.2628080520481847,0,32,0,0,32
21.4,-57.052934300832405,-7.655944858104455,2.386242706129183,0.0,0.0,0.0,0.0,0.0,0.0,ZERO_INTENT,0.2628080520481847,0,32,0,0,32
21.416666666666668,-57.052934300832405,-7.655944858104455,2.386242706129183,0.0,0.0,0.0,0.0,0.0,0.0,ZERO_INTENT,0.2628080520481847,0,32,0,0,32
21.433333333333334,-57.052934300832405,-7.655944858104455,2.386242706129183,0.0,0.0,0.0,0.0,0.0,0.0,ZERO_INTENT,0.2628080520481847,0,32,0,0,32
21.45,-57.052934300832405,-7.655944858104455,2.386242706129183,0.0,0.0,0.0,0.0,0.0,0.0,ZERO_INTENT,0.2628080520481847,0,32,0,0,32
21.466666666666665,-57.052934300832405,-7.655944858104455,2.386242706129183,0.0,0.0,0.0,0.0,0.0,0.0,ZERO_INTENT,0.2628080520481847,0,32,0,0,32
21.483333333333334,-57.052934300832405,-7.655944858104455,2.386242706129183,0.0,0.0,0.0,0.0,0.0,0.0,ZERO_INTENT,0.2628080520481847,0,32,0,0,32
21.5,-57.052934300832405,-7.655944858104455,2.386242706129183,0.0,0.0,0.0,0.0,0.0,0.0,ZERO_INTENT,0.2628080520481847,0,32,0,0,32
21.516666666666666,-57.052934300832405,-7.655944858104455,2.386242706129183,0.0,0.0,0.0,0.0,0.0,0.0,ZERO_INTENT,0.2628080520481847,0,32,0,0,32
21.533333333333335,-57.052934300832405,-7.655944858104455,2.386242706129183,0.0,0.0,0.0,0.0,0.0,0.0,ZERO_INTENT,0.2628080520481847,0,32,0,0,32
21.55,-57.052934300832405,-7.655944858104455,2.386242706129183,0.0,0.0,0.0,0.0,0.0,0.0,ZERO_INTENT,0.2628080520481847,0,32,0,0,32
21.566666666666666,-57.052934300832405,-7.655944858104455,2.386242706129183,0.0,0.0,0.0,0.0,0.0,0.0,ZERO_INTENT,0.2628080520481847,0,32,0,0,32
21.583333333333332,-57.052934300832405,-7.655944858104455,2.386242706129183,0.0,0.0,0.0,0.0,0.0,0.0,ZERO_INTENT,0.2628080520481847,0,32,0,0,32
21.6,-57.052934300832405,-7.655944858104455,2.386242706129183,0.0,0.0,0.0,0.0,0.0,0.0,ZERO_INTENT,0.2628080520481847,0,32,0,0,32
21.616666666666667,-57.052934300832405,-7.655944858104455,2.386242706129183,0.0,0.0,0.0,0.0,0.0,0.0,ZERO_INTENT,0.2628080520481847,0,32,0,0,32
21.633333333333333,-57.052934300832405,-7.655944858104455,2.386242706129183,0.0,0.0,0.0,0.0,0.0,0.0,ZERO_INTENT,0.2628080520481847,0,32,0,0,32
21.65,-57.052934300832405,-7.655944858104455,2.386242706129183,0.0,0.0,0.0,0.0,0.0,0.0,ZERO_INTENT,0.2628080520481847,0,32,0,0,32
21.666666666666668,-57.052934300832405,-7.655944858104455,2.386242706129183,0.0,0.0,0.0,0.0,0.0,0.0,ZERO_INTENT,0.2628080520481847,0,32,0,0,32
21.683333333333334,-57.052934300832405,-7.655944858104455,2.386242706129183,0.0,0.0,0.0,0.0,0.0,0.0,ZERO_INTENT,0.2628080520481847,0,32,0,0,32
21.7,-57.052934300832405,-7.655944858104455,2.386242706129183,0.0,0.0,0.0,0.0,0.0,0.0,ZERO_INTENT,0.2628080520481847,0,32,0,0,32
21.716666666666665,-57.052934300832405,-7.655944858104455,2.386242706129183,0.0,0.0,0.0,0.0,0.0,0.0,ZERO_INTENT,0.2628080520481847,0,32,0,0,32
21.733333333333334,-57.052934300832405,-7.655944858104455,2.386242706129183,0.0,0.0,0.0,0.0,0.0,0.0,ZERO_INTENT,0.2628080520481847,0,32,0,0,32
21.75,-57.052934300832405,-7.655944858104455,2.386242706129183,0.0,0.0,0.0,0.0,0.0,0.0,ZERO_INTENT,0.2628080520481847,0,32,0,0,32
21.766666666666666,-57.052934300832405,-7.655944858104455,2.386242706129183,0.0,0.0,0.0,0.0,0.0,0.0,ZERO_INTENT,0.2628080520481847,0,32,0,0,32
21.783333333333335,-57.052934300832405,-7.655944858104455,2.386242706129183,0.0,0.0,0.0,0.0,0.0,0.0,ZERO_INTENT,0.2628080520481847,0,32,0,0,32
21.8,-57.052934300832405,-7.655944858104455,2.386242706129183,0.0,0.0,0.0,0.0,0.0,0.0,ZERO_INTENT,0.2628080520481847,0,32,0,0,32
21.816666666666666,-57.052934300832405,-7.655944858104455,2.386242706129183,0.0,0.0,0.0,0.0,0.0,0.0,ZERO_INTENT,0.2628080520481847,0,32,0,0,32
21.833333333333332,-57.052934300832405,-7.655944858104455,2.386242706129183,0.0,0.0,0.0,0.0,0.0,0.0,ZERO_INTENT,0.2628080520481847,0,32,0,0,32
21.85,-57.052934300832405,-7.655944858104455,2.386242706129183,0.0,0.0,0.0,0.0,0.0,0.0,ZERO_INTENT,0.2628080520481847,0,32,0,0,32
21.866666666666667,-57.052934300832405,-7.655944858104455,2.386242706129183,0.0,0.0,0.0,0.0,0.0,0.0,ZERO_INTENT,0.2628080520481847,0,32,0,0,32
21.883333333333333,-57.052934300832405,-7.655944858104455,2.386242706129183,0.0,0.0,0.0,0.0,0.0,0.0,ZERO_INTENT,0.2628080520481847,0,32,0,0,32
21.9,-57.052934300832405,-7.655944858104455,2.386242706129183,0.0,0.0,0.0,0.0,0.0,0.0,ZERO_INTENT,0.2628080520481847,0,32,0,0,32
21.916666666666668,-57.052934300832405,-7.655944858104455,2.386242706129183,0.0,0.0,0.0,0.0,0.0,0.0,ZERO_INTENT,0.2628080520481847,0,32,0,0,32
21.933333333333334,-57.052934300832405,-7.655944858104455,2.386242706129183,0.0,0.0,0.0,0.0,0.0,0.0,ZERO_INTENT,0.2628080520481847,0,32,0,0,32
21.95,-57.052934300832405,-7.655944858104455,2.386242706129183,0.0,0.0,0.0,0.0,0.0,0.0,ZERO_INTENT,0.2628080520481847,0,32,0,0,32
21.966666666666665,-57.052934300832405,-7.655944858104455,2.386242706129183,0.0,0.0,0.0,0.0,0.0,0.0,ZERO_INTENT,0.2628080520481847,0,32,0,0,32
21.983333333333334,-57.052934300832405,-7.655944858104455,2.386242706129183,0.0,0.0,0.0,0.0,0.0,0.0,ZERO_INTENT,0.2628080520481847,0,32,0,0,32
22.0,-57.052934300832405,-7.655944858104455,2.386242706129183,0.0,0.0,0.0,0.0,0.0,0.0,ZERO_INTENT,0.2628080520481847,0,32,0,0,32
22.016666666666666,-57.052934300832405,-7.655944858104455,2.386242706129183,0.0,0.0,0.0,0.0,0.0,0.0,ZERO_INTENT,0.2628080520481847,0,32,0,0,32
22.033333333333335,-57.052934300832405,-7.655944858104455,2.386242706129183,0.0,0.0,0.0,0.0,0.0,0.0,ZERO_INTENT,0.2628080520481847,0,32,0,0,32
22.05,-57.052934300832405,-7.655944858104455,2.386242706129183,0.0,0.0,0.0,0.0,0.0,0.0,ZERO_INTENT,0.2628080520481847,0,32,0,0,32
22.066666666666666,-57.052934300832405,-7.655944858104455,2.386242706129183,0.0,0.0,0.0,0.0,0.0,0.0,ZERO_INTENT,0.2628080520481847,0,32,0,0,32
22.083333333333332,-57.052934300832405,-7.655944858104455,2.386242706129183,0.0,0.0,0.0,0.0,0.0,0.0,ZERO_INTENT,0.2628080520481847,0,32,0,0,32
22.1,-57.052934300832405,-7.655944858104455,2.386242706129183,0.0,0.0,0.0,0.0,0.0,0.0,ZERO_INTENT,0.2628080520481847,0,32,0,0,32
22.116666666666667,-57.052934300832405,-7.655944858104455,2.386242706129183,0.0,0.0,0.0,0.0,0.0,0.0,ZERO_INTENT,0.2628080520481847,0,32,0,0,32
22.133333333333333,-57.052934300832405,-7.655944858104455,2.386242706129183,0.0,0.0,0.0,0.0,0.0,0.0,ZERO_INTENT,0.2628080520481847,0,32,0,0,32
22.15,-57.052934300832405,-7.655944858104455,2.386242706129183,0.0,0.0,0.0,0.0,0.0,0.0,ZERO_INTENT,0.2628080520481847,0,32,0,0,32
22.166666666666668,-57.052934300832405,-7.655944858104455,2.386242706129183,0.0,0.0,0.0,0.0,0.0,0.0,ZERO_INTENT,0.2628080520481847,0,32,0,0,32
22.183333333333334,-57.052934300832405,-7.655944858104455,2.386242706129183,0.0,0.0,0.0,0.0,0.0,0.0,ZERO_INTENT,0.2628080520481847,0,32,0,0,32
22.2,-57.052934300832405,-7.655944858104455,2.386242706129183,0.0,0.0,0.0,0.0,0.0,0.0,ZERO_INTENT,0.2628080520481847,0,32,0,0,32
22.216666666666665,-57.052934300832405,-7.655944858104455,2.386242706129183,0.0,0.0,0.0,0.0,0.0,0.0,ZERO_INTENT,0.2628080520481847,0,32,0,0,32
22.233333333333334,-57.052934300832405,-7.655944858104455,2.386242706129183,0.0,0.0,0.0,0.0,0.0,0.0,ZERO_INTENT,0.2628080520481847,0,32,0,0,32
22.25,-57.052934300832405,-7.655944858104455,2.386242706129183,0.0,0.0,0.0,0.0,0.0,0.0,ZERO_INTENT,0.2628080520481847,0,32,0,0,32
22.266666666666666,-57.052934300832405,-7.655944858104455,2.386242706129183,0.0,0.0,0.0,0.0,0.0,0.0,ZERO_INTENT,0.2628080520481847,0,32,0,0,32
22.283333333333335,-57.052934300832405,-7.655944858104455,2.386242706129183,0.0,0.0,0.0,0.0,0.0,0.0,ZERO_INTENT,0.2628080520481847,0,32,0,0,32
22.3,-57.052934300832405,-7.655944858104455,2.386242706129183,0.0,0.0,0.0,0.0,0.0,0.0,ZERO_INTENT,0.2628080520481847,0,32,0,0,32
22.316666666666666,-57.052934300832405,-7.655944858104455,2.386242706129183,0.0,0.0,0.0,0.0,0.0,0.0,ZERO_INTENT,0.2628080520481847,0,32,0,0,32
22.333333333333332,-57.052934300832405,-7.655944858104455,2.386242706129183,0.0,0.0,0.0,0.0,0.0,0.0,ZERO_INTENT,0.2628080520481847,0,32,0,0,32
22.35,-57.052934300832405,-7.655944858104455,2.386242706129183,0.0,0.0,0.0,0.0,0.0,0.0,ZERO_INTENT,0.2628080520481847,0,32,0,0,32
22.366666666666667,-57.052934300832405,-7.655944858104455,2.386242706129183,0.0,0.0,0.0,0.0,0.0,0.0,ZERO_INTENT,0.2628080520481847,0,32,0,0,32
22.383333333333333,-57.052934300832405,-7.655944858104455,2.386242706129183,0.0,0.0,0.0,0.0,0.0,0.0,ZERO_INTENT,0.2628080520481847,0,32,0,0,32
22.4,-57.052934300832405,-7.655944858104455,2.386242706129183,0.0,0.0,0.0,0.0,0.0,0.0,ZERO_INTENT,0.2628080520481847,0,32,0,0,32
22.416666666666668,-57.052934300832405,-7.655944858104455,2.386242706129183,0.0,0.0,0.0,0.0,0.0,0.0,ZERO_INTENT,0.2628080520481847,0,32,0,0,32
22.433333333333334,-57.052934300832405,-7.655944858104455,2.386242706129183,0.0,0.0,0.0,0.0,0.0,0.0,ZERO_INTENT,0.2628080520481847,0,32,0,0,32
22.45,-57.052934300832405,-7.655944858104455,2.386242706129183,0.0,0.0,0.0,0.0,0.0,0.0,ZERO_INTENT,0.2628080520481847,0,32,0,0,32
22.466666666666665,-57.052934300832405,-7.655944858104455,2.386242706129183,0.0,0.0,0.0,0.0,0.0,0.0,ZERO_INTENT,0.2628080520481847,0,32,0,0,32
22.483333333333334,-57.052934300832405,-7.655944858104455,2.386242706129183,0.0,0.0,0.0,0.0,0.0,0.0,ZERO_INTENT,0.2628080520481847,0,32,0,0,32
22.5,-57.052934300832405,-7.655944858104455,2.386242706129183,0.0,0.0,0.0,0.0,0.0,0.0,ZERO_INTENT,0.2628080520481847,0,32,0,0,32
22.516666666666666,-57.052934300832405,-7.655944858104455,2.386242706129183,0.0,0.0,0.0,0.0,0.0,0.0,ZERO_INTENT,0.2628080520481847,0,32,0,0,32
22.533333333333335,-57.052934300832405,-7.655944858104455,2.386242706129183,0.0,0.0,0.0,0.0,0.0,0.0,ZERO_INTENT,0.2628080520481847,0,32,0,0,32
22.55,-57.052934300832405,-7.655944858104455,2.386242706129183,0.0,0.0,0.0,0.0,0.0,0.0,ZERO_INTENT,0.2628080520481847,0,32,0,0,32
22.566666666666666,-57.052934300832405,-7.655944858104455,2.386242706129183,0.0,0.0,0.0,0.0,0.0,0.0,ZERO_INTENT,0.2628080520481847,0,32,0,0,32
22.583333333333332,-57.052934300832405,-7.655944858104455,2.386242706129183,0.0,0.0,0.0,0.0,0.0,0.0,ZERO_INTENT,0.2628080520481847,0,32,0,0,32
22.6,-57.052934300832405,-7.655944858104455,2.386242706129183,0.0,0.0,0.0,0.0,0.0,0.0,ZERO_INTENT,0.2628080520481847,0,32,0,0,32
22.616666666666667,-57.052934300832405,-7.655944858104455,2.386242706129183,0.0,0.0,0.0,0.0,0.0,0.0,ZERO_INTENT,0.2628080520481847,0,32,0,0,32
22.633333333333333,-57.052934300832405,-7.655944858104455,2.386242706129183,0.0,0.0,0.0,0.0,0.0,0.0,ZERO_INTENT,0.2628080520481847,0,32,0,0,32
22.65,-57.052934300832405,-7.655944858104455,2.386242706129183,0.0,0.0,0.0,0.0,0.0,0.0,ZERO_INTENT,0.2628080520481847,0,32,0,0,32
22.666666666666668,-57.052934300832405,-7.655944858104455,2.386242706129183,0.0,0.0,0.0,0.0,0.0,0.0,ZERO_INTENT,0.2628080520481847,0,32,0,0,32
22.683333333333334,-57.052934300832405,-7.655944858104455,2.386242706129183,0.0,0.0,0.0,0.0,0.0,0.0,ZERO_INTENT,0.2628080520481847,0,32,0,0,32
22.7,-57.052934300832405,-7.655944858104455,2.386242706129183,0.0,0.0,0.0,0.0,0.0,0.0,ZERO_INTENT,0.2628080520481847,0,32,0,0,32
22.716666666666665,-57.052934300832405,-7.655944858104455,2.386242706129183,0.0,0.0,0.0,0.0,0.0,0.0,ZERO_INTENT,0.2628080520481847,0,32,0,0,32
22.733333333333334,-57.052934300832405,-7.655944858104455,2.386242706129183,0.0,0.0,0.0,0.0,0.0,0.0,ZERO_INTENT,0.2628080520481847,0,32,0,0,32
22.75,-57.052934300832405,-7.655944858104455,2.386242706129183,0.0,0.0,0.0,0.0,0.0,0.0,ZERO_INTENT,0.2628080520481847,0,32,0,0,32
22.766666666666666,-57.052934300832405,-7.655944858104455,2.386242706129183,0.0,0.0,0.0,0.0,0.0,0.0,ZERO_INTENT,0.2628080520481847,0,32,0,0,32
22.783333333333335,-57.052934300832405,-7.655944858104455,2.386242706129183,0.0,0.0,0.0,0.0,0.0,0.0,ZERO_INTENT,0.2628080520481847,0,32,0,0,32
22.8,-57.052934300832405,-7.655944858104455,2.386242706129183,0.0,0.0,0.0,0.0,0.0,0.0,ZERO_INTENT,0.2628080520481847,0,32,0,0,32
22.816666666666666,-57.052934300832405,-7.655944858104455,2.386242706129183,0.0,0.0,0.0,0.0,0.0,0.0,ZERO_INTENT,0.2628080520481847,0,32,0,0,32
22.833333333333332,-57.052934300832405,-7.655944858104455,2.386242706129183,0.0,0.0,0.0,0.0,0.0,0.0,ZERO_INTENT,0.2628080520481847,0,32,0,0,32
22.85,-57.052934300832405,-7.655944858104455,2.386242706129183,0.0,0.0,0.0,0.0,0.0,0.0,ZERO_INTENT,0.2628080520481847,0,32,0,0,32
22.866666666666667,-57.052934300832405,-7.655944858104455,2.386242706129183,0.0,0.0,0.0,0.0,0.0,0.0,ZERO_INTENT,0.2628080520481847,0,32,0,0,32
22.883333333333333,-57.052934300832405,-7.655944858104455,2.386242706129183,0.0,0.0,0.0,0.0,0.0,0.0,ZERO_INTENT,0.2628080520481847,0,32,0,0,32
22.9,-57.052934300832405,-7.655944858104455,2.386242706129183,0.0,0.0,0.0,0.0,0.0,0.0,ZERO_INTENT,0.2628080520481847,0,32,0,0,32
22.916666666666668,-57.052934300832405,-7.655944858104455,2.386242706129183,0.0,0.0,0.0,0.0,0.0,0.0,ZERO_INTENT,0.2628080520481847,0,32,0,0,32
22.933333333333334,-57.052934300832405,-7.655944858104455,2.386242706129183,0.0,0.0,0.0,0.0,0.0,0.0,ZERO_INTENT,0.2628080520481847,0,32,0,0,32
22.95,-57.052934300832405,-7.655944858104455,2.386242706129183,0.0,0.0,0.0,0.0,0.0,0.0,ZERO_INTENT,0.2628080520481847,0,32,0,0,32
22.966666666666665,-57.052934300832405,-7.655944858104455,2.386242706129183,0.0,0.0,0.0,0.0,0.0,0.0,ZERO_INTENT,0.2628080520481847,0,32,0,0,32
22.983333333333334,-57.052934300832405,-7.655944858104455,2.386242706129183,0.0,0.0,0.0,0.0,0.0,0.0,ZERO_INTENT,0.2628080520481847,0,32,0,0,32
23.0,-57.052934300832405,-7.655944858104455,2.386242706129183,0.0,0.0,0.0,0.0,0.0,0.0,ZERO_INTENT,0.2628080520481847,0,32,0,0,32
23.016666666666666,-57.052934300832405,-7.655944858104455,2.386242706129183,0.0,0.0,0.0,0.0,0.0,0.0,ZERO_INTENT,0.2628080520481847,0,32,0,0,32
23.033333333333335,-57.052934300832405,-7.655944858104455,2.386242706129183,0.0,0.0,0.0,0.0,0.0,0.0,ZERO_INTENT,0.2628080520481847,0,32,0,0,32
23.05,-57.052934300832405,-7.655944858104455,2.386242706129183,0.0,0.0,0.0,0.0,0.0,0.0,ZERO_INTENT,0.2628080520481847,0,32,0,0,32
23.066666666666666,-57.052934300832405,-7.655944858104455,2.386242706129183,0.0,0.0,0.0,0.0,0.0,0.0,ZERO_INTENT,0.2628080520481847,0,32,0,0,32
23.083333333333332,-57.052934300832405,-7.655944858104455,2.386242706129183,0.0,0.0,0.0,0.0,0.0,0.0,ZERO_INTENT,0.2628080520481847,0,32,0,0,32
23.1,-57.052934300832405,-7.655944858104455,2.386242706129183,0.0,0.0,0.0,0.0,0.0,0.0,ZERO_INTENT,0.2628080520481847,0,32,0,0,32
23.116666666666667,-57.052934300832405,-7.655944858104455,2.386242706129183,0.0,0.0,0.0,0.0,0.0,0.0,ZERO_INTENT,0.2628080520481847,0,32,0,0,32
23.133333333333333,-57.052934300832405,-7.655944858104455,2.386242706129183,0.0,0.0,0.0,0.0,0.0,0.0,ZERO_INTENT,0.2628080520481847,0,32,0,0,32
23.15,-57.052934300832405,-7.655944858104455,2.386242706129183,0.0,0.0,0.0,0.0,0.0,0.0,ZERO_INTENT,0.2628080520481847,0,32,0,0,32
23.166666666666668,-57.052934300832405,-7.655944858104455,2.386242706129183,0.0,0.0,0.0,0.0,0.0,0.0,ZERO_INTENT,0.2628080520481847,0,32,0,0,32
23.183333333333334,-57.052934300832405,-7.655944858104455,2.386242706129183,0.0,0.0,0.0,0.0,0.0,0.0,ZERO_INTENT,0.2628080520481847,0,32,0,0,32
23.2,-57.052934300832405,-7.655944858104455,2.386242706129183,0.0,0.0,0.0,0.0,0.0,0.0,ZERO_INTENT,0.2628080520481847,0,32,0,0,32
23.216666666666665,-57.052934300832405,-7.655944858104455,2.386242706129183,0.0,0.0,0.0,0.0,0.0,0.0,ZERO_INTENT,0.2628080520481847,0,32,0,0,32
23.233333333333334,-57.052934300832405,-7.655944858104455,2.386242706129183,0.0,0.0,0.0,0.0,0.0,0.0,ZERO_INTENT,0.2628080520481847,0,32,0,0,32
23.25,-57.052934300832405,-7.655944858104455,2.386242706129183,0.0,0.0,0.0,0.0,0.0,0.0,ZERO_INTENT,0.2628080520481847,0,32,0,0,32
23.266666666666666,-57.052934300832405,-7.655944858104455,2.386242706129183,0.0,0.0,0.0,0.0,0.0,0.0,ZERO_INTENT,0.2628080520481847,0,32,0,0,32
23.283333333333335,-57.052934300832405,-7.655944858104455,2.386242706129183,0.0,0.0,0.0,0.0,0.0,0.0,ZERO_INTENT,0.2628080520481847,0,32,0,0,32
23.3,-57.052934300832405,-7.655944858104455,2.386242706129183,0.0,0.0,0.0,0.0,0.0,0.0,ZERO_INTENT,0.2628080520481847,0,32,0,0,32
23.316666666666666,-57.052934300832405,-7.655944858104455,2.386242706129183,0.0,0.0,0.0,0.0,0.0,0.0,ZERO_INTENT,0.2628080520481847,0,32,0,0,32
23.333333333333332,-57.052934300832405,-7.655944858104455,2.386242706129183,0.0,0.0,0.0,0.0,0.0,0.0,ZERO_INTENT,0.2628080520481847,0,32,0,0,32
23.35,-57.052934300832405,-7.655944858104455,2.386242706129183,0.0,0.0,0.0,0.0,0.0,0.0,ZERO_INTENT,0.2628080520481847,0,32,0,0,32
23.366666666666667,-57.052934300832405,-7.655944858104455,2.386242706129183,0.0,0.0,0.0,0.0,0.0,0.0,ZERO_INTENT,0.2628080520481847,0,32,0,0,32
23.383333333333333,-57.052934300832405,-7.655944858104455,2.386242706129183,0.0,0.0,0.0,0.0,0.0,0.0,ZERO_INTENT,0.2628080520481847,0,32,0,0,32
23.4,-57.052934300832405,-7.655944858104455,2.386242706129183,0.0,0.0,0.0,0.0,0.0,0.0,ZERO_INTENT,0.2628080520481847,0,32,0,0,32
23.416666666666668,-57.052934300832405,-7.655944858104455,2.386242706129183,0.0,0.0,0.0,0.0,0.0,0.0,ZERO_INTENT,0.2628080520481847,0,32,0,0,32
23.433333333333334,-57.052934300832405,-7.655944858104455,2.386242706129183,0.0,0.0,0.0,0.0,0.0,0.0,ZERO_INTENT,0.2628080520481847,0,32,0,0,32
23.45,-57.052934300832405,-7.655944858104455,2.386242706129183,0.0,0.0,0.0,0.0,0.0,0.0,ZERO_INTENT,0.2628080520481847,0,32,0,0,32
23.466666666666665,-57.052934300832405,-7.655944858104455,2.386242706129183,0.0,0.0,0.0,0.0,0.0,0.0,ZERO_INTENT,0.2628080520481847,0,32,0,0,32
23.483333333333334,-57.052934300832405,-7.655944858104455,2.386242706129183,0.0,0.0,0.0,0.0,0.0,0.0,ZERO_INTENT,0.2628080520481847,0,32,0,0,32
23.5,-57.052934300832405,-7.655944858104455,2.386242706129183,0.0,0.0,0.0,0.0,0.0,0.0,ZERO_INTENT,0.2628080520481847,0,32,0,0,32
23.516666666666666,-57.052934300832405,-7.655944858104455,2.386242706129183,0.0,0.0,0.0,0.0,0.0,0.0,ZERO_INTENT,0.2628080520481847,0,32,0,0,32
23.533333333333335,-57.052934300832405,-7.655944858104455,2.386242706129183,0.0,0.0,0.0,0.0,0.0,0.0,ZERO_INTENT,0.2628080520481847,0,32,0,0,32
23.55,-57.052934300832405,-7.655944858104455,2.386242706129183,0.0,0.0,0.0,0.0,0.0,0.0,ZERO_INTENT,0.2628080520481847,0,32,0,0,32
23.566666666666666,-57.052934300832405,-7.655944858104455,2.386242706129183,0.0,0.0,0.0,0.0,0.0,0.0,ZERO_INTENT,0.2628080520481847,0,32,0,0,32
23.583333333333332,-57.052934300832405,-7.655944858104455,2.386242706129183,0.0,0.0,0.0,0.0,0.0,0.0,ZERO_INTENT,0.2628080520481847,0,32,0,0,32
23.6,-57.052934300832405,-7.655944858104455,2.386242706129183,0.0,0.0,0.0,0.0,0.0,0.0,ZERO_INTENT,0.2628080520481847,0,32,0,0,32
23.616666666666667,-57.052934300832405,-7.655944858104455,2.386242706129183,0.0,0.0,0.0,0.0,0.0,0.0,ZERO_INTENT,0.2628080520481847,0,32,0,0,32
23.633333333333333,-57.052934300832405,-7.655944858104455,2.386242706129183,0.0,0.0,0.0,0.0,0.0,0.0,ZERO_INTENT,0.2628080520481847,0,32,0,0,32
23.65,-57.052934300832405,-7.655944858104455,2.386242706129183,0.0,0.0,0.0,0.0,0.0,0.0,ZERO_INTENT,0.2628080520481847,0,32,0,0,32
23.666666666666668,-57.052934300832405,-7.655944858104455,2.386242706129183,0.0,0.0,0.0,0.0,0.0,0.0,ZERO_INTENT,0.2628080520481847,0,32,0,0,32
23.683333333333334,-57.052934300832405,-7.655944858104455,2.386242706129183,0.0,0.0,0.0,0.0,0.0,0.0,ZERO_INTENT,0.2628080520481847,0,32,0,0,32
23.7,-57.052934300832405,-7.655944858104455,2.386242706129183,0.0,0.0,0.0,0.0,0.0,0.0,ZERO_INTENT,0.2628080520481847,0,32,0,0,32
23.716666666666665,-57.052934300832405,-7.655944858104455,2.386242706129183,0.0,0.0,0.0,0.0,0.0,0.0,ZERO_INTENT,0.2628080520481847,0,32,0,0,32
23.733333333333334,-57.052934300832405,-7.655944858104455,2.386242706129183,0.0,0.0,0.0,0.0,0.0,0.0,ZERO_INTENT,0.2628080520481847,0,32,0,0,32
23.75,-57.052934300832405,-7.655944858104455,2.386242706129183,0.0,0.0,0.0,0.0,0.0,0.0,ZERO_INTENT,0.2628080520481847,0,32,0,0,32
23.766666666666666,-57.052934300832405,-7.655944858104455,2.386242706129183,0.0,0.0,0.0,0.0,0.0,0.0,ZERO_INTENT,0.2628080520481847,0,32,0,0,32
23.783333333333335,-57.052934300832405,-7.655944858104455,2.386242706129183,0.0,0.0,0.0,0.0,0.0,0.0,ZERO_INTENT,0.2628080520481847,0,32,0,0,32
23.8,-57.052934300832405,-7.655944858104455,2.386242706129183,0.0,0.0,0.0,0.0,0.0,0.0,ZERO_INTENT,0.2628080520481847,0,32,0,0,32
23.816666666666666,-57.052934300832405,-7.655944858104455,2.386242706129183,0.0,0.0,0.0,0.0,0.0,0.0,ZERO_INTENT,0.2628080520481847,0,32,0,0,32
23.833333333333332,-57.052934300832405,-7.655944858104455,2.386242706129183,0.0,0.0,0.0,0.0,0.0,0.0,ZERO_INTENT,0.2628080520481847,0,32,0,0,32
23.85,-57.052934300832405,-7.655944858104455,2.386242706129183,0.0,0.0,0.0,0.0,0.0,0.0,ZERO_INTENT,0.2628080520481847,0,32,0,0,32
23.866666666666667,-57.052934300832405,-7.655944858104455,2.386242706129183,0.0,0.0,0.0,0.0,0.0,0.0,ZERO_INTENT,0.2628080520481847,0,32,0,0,32
23.883333333333333,-57.052934300832405,-7.655944858104455,2.386242706129183,0.0,0.0,0.0,0.0,0.0,0.0,ZERO_INTENT,0.2628080520481847,0,32,0,0,32
23.9,-57.052934300832405,-7.655944858104455,2.386242706129183,0.0,0.0,0.0,0.0,0.0,0.0,ZERO_INTENT,0.2628080520481847,0,32,0,0,32
23.916666666666668,-57.052934300832405,-7.655944858104455,2.386242706129183,0.0,0.0,0.0,0.0,0.0,0.0,ZERO_INTENT,0.2628080520481847,0,32,0,0,32
23.933333333333334,-57.052934300832405,-7.655944858104455,2.386242706129183,0.0,0.0,0.0,0.0,0.0,0.0,ZERO_INTENT,0.2628080520481847,0,32,0,0,32
23.95,-57.052934300832405,-7.655944858104455,2.386242706129183,0.0,0.0,0.0,0.0,0.0,0.0,ZERO_INTENT,0.2628080520481847,0,32,0,0,32
23.966666666666665,-57.052934300832405,-7.655944858104455,2.386242706129183,0.0,0.0,0.0,0.0,0.0,0.0,ZERO_INTENT,0.2628080520481847,0,32,0,0,32
23.983333333333334,-57.052934300832405,-7.655944858104455,2.386242706129183,0.0,0.0,0.0,0.0,0.0,0.0,ZERO_INTENT,0.2628080520481847,0,32,0,0,32
24.0,-57.052934300832405,-7.655944858104455,2.386242706129183,0.0,0.0,0.0,0.0,0.0,0.0,ZERO_INTENT,0.2628080520481847,0,32,0,0,32
24.016666666666666,-57.052934300832405,-7.655944858104455,2.386242706129183,0.0,0.0,0.0,0.0,0.0,0.0,ZERO_INTENT,0.2628080520481847,0,32,0,0,32
24.033333333333335,-57.052934300832405,-7.655944858104455,2.386242706129183,0.0,0.0,0.0,0.0,0.0,0.0,ZERO_INTENT,0.2628080520481847,0,32,0,0,32
24.05,-57.052934300832405,-7.655944858104455,2.386242706129183,0.0,0.0,0.0,0.0,0.0,0.0,ZERO_INTENT,0.2628080520481847,0,32,0,0,32
24.066666666666666,-57.052934300832405,-7.655944858104455,2.386242706129183,0.0,0.0,0.0,0.0,0.0,0.0,ZERO_INTENT,0.2628080520481847,0,32,0,0,32
24.083333333333332,-57.052934300832405,-7.655944858104455,2.386242706129183,0.0,0.0,0.0,0.0,0.0,0.0,ZERO_INTENT,0.2628080520481847,0,32,0,0,32
24.1,-57.052934300832405,-7.655944858104455,2.386242706129183,0.0,0.0,0.0,0.0,0.0,0.0,ZERO_INTENT,0.2628080520481847,0,32,0,0,32
24.116666666666667,-57.052934300832405,-7.655944858104455,2.386242706129183,0.0,0.0,0.0,0.0,0.0,0.0,ZERO_INTENT,0.2628080520481847,0,32,0,0,32
24.133333333333333,-57.052934300832405,-7.655944858104455,2.386242706129183,0.0,0.0,0.0,0.0,0.0,0.0,ZERO_INTENT,0.2628080520481847,0,32,0,0,32
24.15,-57.052934300832405,-7.655944858104455,2.386242706129183,0.0,0.0,0.0,0.0,0.0,0.0,ZERO_INTENT,0.2628080520481847,0,32,0,0,32
24.166666666666668,-57.052934300832405,-7.655944858104455,2.386242706129183,0.0,0.0,0.0,0.0,0.0,0.0,ZERO_INTENT,0.2628080520481847,0,32,0,0,32
24.183333333333334,-57.052934300832405,-7.655944858104455,2.386242706129183,0.0,0.0,0.0,0.0,0.0,0.0,ZERO_INTENT,0.2628080520481847,0,32,0,0,32
24.2,-57.052934300832405,-7.655944858104455,2.386242706129183,0.0,0.0,0.0,0.0,0.0,0.0,ZERO_INTENT,0.2628080520481847,0,32,0,0,32
24.216666666666665,-57.052934300832405,-7.655944858104455,2.386242706129183,0.0,0.0,0.0,0.0,0.0,0.0,ZERO_INTENT,0.2628080520481847,0,32,0,0,32
24.233333333333334,-57.052934300832405,-7.655944858104455,2.386242706129183,0.0,0.0,0.0,0.0,0.0,0.0,ZERO_INTENT,0.2628080520481847,0,32,0,0,32
24.25,-57.052934300832405,-7.655944858104455,2.386242706129183,0.0,0.0,0.0,0.0,0.0,0.0,ZERO_INTENT,0.2628080520481847,0,32,0,0,32
24.266666666666666,-57.052934300832405,-7.655944858104455,2.386242706129183,0.0,0.0,0.0,0.0,0.0,0.0,ZERO_INTENT,0.2628080520481847,0,32,0,0,32
24.283333333333335,-57.052934300832405,-7.655944858104455,2.386242706129183,0.0,0.0,0.0,0.0,0.0,0.0,ZERO_INTENT,0.2628080520481847,0,32,0,0,32
24.3,-57.052934300832405,-7.655944858104455,2.386242706129183,0.0,0.0,0.0,0.0,0.0,0.0,ZERO_INTENT,0.2628080520481847,0,32,0,0,32
24.316666666666666,-57.052934300832405,-7.655944858104455,2.386242706129183,0.0,0.0,0.0,0.0,0.0,0.0,ZERO_INTENT,0.2628080520481847,0,32,0,0,32
24.333333333333332,-57.052934300832405,-7.655944858104455,2.386242706129183,0.0,0.0,0.0,0.0,0.0,0.0,ZERO_INTENT,0.2628080520481847,0,32,0,0,32
24.35,-57.052934300832405,-7.655944858104455,2.386242706129183,0.0,0.0,0.0,0.0,0.0,0.0,ZERO_INTENT,0.2628080520481847,0,32,0,0,32
24.366666666666667,-57.052934300832405,-7.655944858104455,2.386242706129183,0.0,0.0,0.0,0.0,0.0,0.0,ZERO_INTENT,0.2628080520481847,0,32,0,0,32
24.383333333333333,-57.052934300832405,-7.655944858104455,2.386242706129183,0.0,0.0,0.0,0.0,0.0,0.0,ZERO_INTENT,0.2628080520481847,0,32,0,0,32
24.4,-57.052934300832405,-7.655944858104455,2.386242706129183,0.0,0.0,0.0,0.0,0.0,0.0,ZERO_INTENT,0.2628080520481847,0,32,0,0,32
24.416666666666668,-57.052934300832405,-7.655944858104455,2.386242706129183,0.0,0.0,0.0,0.0,0.0,0.0,ZERO_INTENT,0.2628080520481847,0,32,0,0,32
24.433333333333334,-57.052934300832405,-7.655944858104455,2.386242706129183,0.0,0.0,0.0,0.0,0.0,0.0,ZERO_INTENT,0.2628080520481847,0,32,0,0,32
24.45,-57.052934300832405,-7.655944858104455,2.386242706129183,0.0,0.0,0.0,0.0,0.0,0.0,ZERO_INTENT,0.2628080520481847,0,32,0,0,32
24.466666666666665,-57.052934300832405,-7.655944858104455,2.386242706129183,0.0,0.0,0.0,0.0,0.0,0.0,ZERO_INTENT,0.2628080520481847,0,32,0,0,32
24.483333333333334,-57.052934300832405,-7.655944858104455,2.386242706129183,0.0,0.0,0.0,0.0,0.0,0.0,ZERO_INTENT,0.2628080520481847,0,32,0,0,32
24.5,-57.052934300832405,-7.655944858104455,2.386242706129183,0.0,0.0,0.0,0.0,0.0,0.0,ZERO_INTENT,0.2628080520481847,0,32,0,0,32
24.516666666666666,-57.052934300832405,-7.655944858104455,2.386242706129183,0.0,0.0,0.0,0.0,0.0,0.0,ZERO_INTENT,0.2628080520481847,0,32,0,0,32
24.533333333333335,-57.052934300832405,-7.655944858104455,2.386242706129183,0.0,0.0,0.0,0.0,0.0,0.0,ZERO_INTENT,0.2628080520481847,0,32,0,0,32
24.55,-57.052934300832405,-7.655944858104455,2.386242706129183,0.0,0.0,0.0,0.0,0.0,0.0,ZERO_INTENT,0.2628080520481847,0,32,0,0,32
24.566666666666666,-57.052934300832405,-7.655944858104455,2.386242706129183,0.0,0.0,0.0,0.0,0.0,0.0,ZERO_INTENT,0.2628080520481847,0,32,0,0,32
24.583333333333332,-57.052934300832405,-7.655944858104455,2.386242706129183,0.0,0.0,0.0,0.0,0.0,0.0,ZERO_INTENT,0.2628080520481847,0,32,0,0,32
24.6,-57.052934300832405,-7.655944858104455,2.386242706129183,0.0,0.0,0.0,0.0,0.0,0.0,ZERO_INTENT,0.2628080520481847,0,32,0,0,32
24.616666666666667,-57.052934300832405,-7.655944858104455,2.386242706129183,0.0,0.0,0.0,0.0,0.0,0.0,ZERO_INTENT,0.2628080520481847,0,32,0,0,32
24.633333333333333,-57.052934300832405,-7.655944858104455,2.386242706129183,0.0,0.0,0.0,0.0,0.0,0.0,ZERO_INTENT,0.2628080520481847,0,32,0,0,32
24.65,-57.052934300832405,-7.655944858104455,2.386242706129183,0.0,0.0,0.0,0.0,0.0,0.0,ZERO_INTENT,0.2628080520481847,0,32,0,0,32
24.666666666666668,-57.052934300832405,-7.655944858104455,2.386242706129183,0.0,0.0,0.0,0.0,0.0,0.0,ZERO_INTENT,0.2628080520481847,0,32,0,0,32
24.683333333333334,-57.052934300832405,-7.655944858104455,2.386242706129183,0.0,0.0,0.0,0.0,0.0,0.0,ZERO_INTENT,0.2628080520481847,0,32,0,0,32
24.7,-57.052934300832405,-7.655944858104455,2.386242706129183,0.0,0.0,0.0,0.0,0.0,0.0,ZERO_INTENT,0.2628080520481847,0,32,0,0,32
24.716666666666665,-57.052934300832405,-7.655944858104455,2.386242706129183,0.0,0.0,0.0,0.0,0.0,0.0,ZERO_INTENT,0.2628080520481847,0,32,0,0,32
24.733333333333334,-57.052934300832405,-7.655944858104455,2.386242706129183,0.0,0.0,0.0,0.0,0.0,0.0,ZERO_INTENT,0.2628080520481847,0,32,0,0,32
24.75,-57.052934300832405,-7.655944858104455,2.386242706129183,0.0,0.0,0.0,0.0,0.0,0.0,ZERO_INTENT,0.2628080520481847,0,32,0,0,32
24.766666666666666,-57.052934300832405,-7.655944858104455,2.386242706129183,0.0,0.0,0.0,0.0,0.0,0.0,ZERO_INTENT,0.2628080520481847,0,32,0,0,32
24.783333333333335,-57.052934300832405,-7.655944858104455,2.386242706129183,0.0,0.0,0.0,0.0,0.0,0.0,ZERO_INTENT,0.2628080520481847,0,32,0,0,32
24.8,-57.052934300832405,-7.655944858104455,2.386242706129183,0.0,0.0,0.0,0.0,0.0,0.0,ZERO_INTENT,0.2628080520481847,0,32,0,0,32
24.816666666666666,-57.052934300832405,-7.655944858104455,2.386242706129183,0.0,0.0,0.0,0.0,0.0,0.0,ZERO_INTENT,0.2628080520481847,0,32,0,0,32
24.833333333333332,-57.052934300832405,-7.655944858104455,2.386242706129183,0.0,0.0,0.0,0.0,0.0,0.0,ZERO_INTENT,0.2628080520481847,0,32,0,0,32
24.85,-57.052934300832405,-7.655944858104455,2.386242706129183,0.0,0.0,0.0,0.0,0.0,0.0,ZERO_INTENT,0.2628080520481847,0,32,0,0,32
24.866666666666667,-57.052934300832405,-7.655944858104455,2.386242706129183,0.0,0.0,0.0,0.0,0.0,0.0,ZERO_INTENT,0.2628080520481847,0,32,0,0,32
24.883333333333333,-57.052934300832405,-7.655944858104455,2.386242706129183,0.0,0.0,0.0,0.0,0.0,0.0,ZERO_INTENT,0.2628080520481847,0,32,0,0,32
24.9,-57.052934300832405,-7.655944858104455,2.386242706129183,0.0,0.0,0.0,0.0,0.0,0.0,ZERO_INTENT,0.2628080520481847,0,32,0,0,32
24.916666666666668,-57.052934300832405,-7.655944858104455,2.386242706129183,0.0,0.0,0.0,0.0,0.0,0.0,ZERO_INTENT,0.2628080520481847,0,32,0,0,32
24.933333333333334,-57.052934300832405,-7.655944858104455,2.386242706129183,0.0,0.0,0.0,0.0,0.0,0.0,ZERO_INTENT,0.2628080520481847,0,32,0,0,32
24.95,-57.052934300832405,-7.655944858104455,2.386242706129183,0.0,0.0,0.0,0.0,0.0,0.0,ZERO_INTENT,0.2628080520481847,0,32,0,0,32
24.966666666666665,-57.052934300832405,-7.655944858104455,2.386242706129183,0.0,0.0,0.0,0.0,0.0,0.0,ZERO_INTENT,0.2628080520481847,0,32,0,0,32
24.983333333333334,-57.052934300832405,-7.655944858104455,2.386242706129183,0.0,0.0,0.0,0.0,0.0,0.0,ZERO_INTENT,0.2628080520481847,0,32,0,0,32
25.0,-57.052934300832405,-7.655944858104455,2.386242706129183,0.0,0.0,0.0,0.0,0.0,0.0,ZERO_INTENT,0.2628080520481847,0,32,0,0,32
25.016666666666666,-57.052934300832405,-7.655944858104455,2.386242706129183,0.0,0.0,0.0,0.0,0.0,0.0,ZERO_INTENT,0.2628080520481847,0,32,0,0,32
25.033333333333335,-57.052934300832405,-7.655944858104455,2.386242706129183,0.0,0.0,0.0,0.0,0.0,0.0,ZERO_INTENT,0.2628080520481847,0,32,0,0,32
25.05,-57.052934300832405,-7.655944858104455,2.386242706129183,0.0,0.0,0.0,0.0,0.0,0.0,ZERO_INTENT,0.2628080520481847,0,32,0,0,32
25.066666666666666,-57.052934300832405,-7.655944858104455,2.386242706129183,0.0,0.0,0.0,0.0,0.0,0.0,ZERO_INTENT,0.2628080520481847,0,32,0,0,32
25.083333333333332,-57.052934300832405,-7.655944858104455,2.386242706129183,0.0,0.0,0.0,0.0,0.0,0.0,ZERO_INTENT,0.2628080520481847,0,32,0,0,32
25.1,-57.052934300832405,-7.655944858104455,2.386242706129183,0.0,0.0,0.0,0.0,0.0,0.0,ZERO_INTENT,0.2628080520481847,0,32,0,0,32
25.116666666666667,-57.052934300832405,-7.655944858104455,2.386242706129183,0.0,0.0,0.0,0.0,0.0,0.0,ZERO_INTENT,0.2628080520481847,0,32,0,0,32
25.133333333333333,-57.052934300832405,-7.655944858104455,2.386242706129183,0.0,0.0,0.0,0.0,0.0,0.0,ZERO_INTENT,0.2628080520481847,0,32,0,0,32
25.15,-57.052934300832405,-7.655944858104455,2.386242706129183,0.0,0.0,0.0,0.0,0.0,0.0,ZERO_INTENT,0.2628080520481847,0,32,0,0,32
25.166666666666668,-57.052934300832405,-7.655944858104455,2.386242706129183,0.0,0.0,0.0,0.0,0.0,0.0,ZERO_INTENT,0.2628080520481847,0,32,0,0,32
25.183333333333334,-57.052934300832405,-7.655944858104455,2.386242706129183,0.0,0.0,0.0,0.0,0.0,0.0,ZERO_INTENT,0.2628080520481847,0,32,0,0,32
25.2,-57.052934300832405,-7.655944858104455,2.386242706129183,0.0,0.0,0.0,0.0,0.0,0.0,ZERO_INTENT,0.2628080520481847,0,32,0,0,32
25.216666666666665,-57.052934300832405,-7.655944858104455,2.386242706129183,0.0,0.0,0.0,0.0,0.0,0.0,ZERO_INTENT,0.2628080520481847,0,32,0,0,32
25.233333333333334,-57.052934300832405,-7.655944858104455,2.386242706129183,0.0,0.0,0.0,0.0,0.0,0.0,ZERO_INTENT,0.2628080520481847,0,32,0,0,32
25.25,-57.052934300832405,-7.655944858104455,2.386242706129183,0.0,0.0,0.0,0.0,0.0,0.0,ZERO_INTENT,0.2628080520481847,0,32,0,0,32
25.266666666666666,-57.052934300832405,-7.655944858104455,2.386242706129183,0.0,0.0,0.0,0.0,0.0,0.0,ZERO_INTENT,0.2628080520481847,0,32,0,0,32
25.283333333333335,-57.052934300832405,-7.655944858104455,2.386242706129183,0.0,0.0,0.0,0.0,0.0,0.0,ZERO_INTENT,0.2628080520481847,0,32,0,0,32
25.3,-57.052934300832405,-7.655944858104455,2.386242706129183,0.0,0.0,0.0,0.0,0.0,0.0,ZERO_INTENT,0.2628080520481847,0,32,0,0,32
25.316666666666666,-57.052934300832405,-7.655944858104455,2.386242706129183,0.0,0.0,0.0,0.0,0.0,0.0,ZERO_INTENT,0.2628080520481847,0,32,0,0,32
25.333333333333332,-57.052934300832405,-7.655944858104455,2.386242706129183,0.0,0.0,0.0,0.0,0.0,0.0,ZERO_INTENT,0.2628080520481847,0,32,0,0,32
25.35,-57.052934300832405,-7.655944858104455,2.386242706129183,0.0,0.0,0.0,0.0,0.0,0.0,ZERO_INTENT,0.2628080520481847,0,32,0,0,32
25.366666666666667,-57.052934300832405,-7.655944858104455,2.386242706129183,0.0,0.0,0.0,0.0,0.0,0.0,ZERO_INTENT,0.2628080520481847,0,32,0,0,32
25.383333333333333,-57.052934300832405,-7.655944858104455,2.386242706129183,0.0,0.0,0.0,0.0,0.0,0.0,ZERO_INTENT,0.2628080520481847,0,32,0,0,32
25.4,-57.052934300832405,-7.655944858104455,2.386242706129183,0.0,0.0,0.0,0.0,0.0,0.0,ZERO_INTENT,0.2628080520481847,0,32,0,0,32
25.416666666666668,-57.052934300832405,-7.655944858104455,2.386242706129183,0.0,0.0,0.0,0.0,0.0,0.0,ZERO_INTENT,0.2628080520481847,0,32,0,0,32
25.433333333333334,-57.052934300832405,-7.655944858104455,2.386242706129183,0.0,0.0,0.0,0.0,0.0,0.0,ZERO_INTENT,0.2628080520481847,0,32,0,0,32
25.45,-57.052934300832405,-7.655944858104455,2.386242706129183,0.0,0.0,0.0,0.0,0.0,0.0,ZERO_INTENT,0.2628080520481847,0,32,0,0,32
25.466666666666665,-57.052934300832405,-7.655944858104455,2.386242706129183,0.0,0.0,0.0,0.0,0.0,0.0,ZERO_INTENT,0.2628080520481847,0,32,0,0,32
25.483333333333334,-57.052934300832405,-7.655944858104455,2.386242706129183,0.0,0.0,0.0,0.0,0.0,0.0,ZERO_INTENT,0.2628080520481847,0,32,0,0,32
25.5,-57.052934300832405,-7.655944858104455,2.386242706129183,0.0,0.0,0.0,0.0,0.0,0.0,ZERO_INTENT,0.2628080520481847,0,32,0,0,32
25.516666666666666,-57.052934300832405,-7.655944858104455,2.386242706129183,0.0,0.0,0.0,0.0,0.0,0.0,ZERO_INTENT,0.2628080520481847,0,32,0,0,32
25.533333333333335,-57.052934300832405,-7.655944858104455,2.386242706129183,0.0,0.0,0.0,0.0,0.0,0.0,ZERO_INTENT,0.2628080520481847,0,32,0,0,32
25.55,-57.052934300832405,-7.655944858104455,2.386242706129183,0.0,0.0,0.0,0.0,0.0,0.0,ZERO_INTENT,0.2628080520481847,0,32,0,0,32
25.566666666666666,-57.052934300832405,-7.655944858104455,2.386242706129183,0.0,0.0,0.0,0.0,0.0,0.0,ZERO_INTENT,0.2628080520481847,0,32,0,0,32
25.583333333333332,-57.052934300832405,-7.655944858104455,2.386242706129183,0.0,0.0,0.0,0.0,0.0,0.0,ZERO_INTENT,0.2628080520481847,0,32,0,0,32
25.6,-57.052934300832405,-7.655944858104455,2.386242706129183,0.0,0.0,0.0,0.0,0.0,0.0,ZERO_INTENT,0.2628080520481847,0,32,0,0,32
25.616666666666667,-57.052934300832405,-7.655944858104455,2.386242706129183,0.0,0.0,0.0,0.0,0.0,0.0,ZERO_INTENT,0.2628080520481847,0,32,0,0,32
25.633333333333333,-57.052934300832405,-7.655944858104455,2.386242706129183,0.0,0.0,0.0,0.0,0.0,0.0,ZERO_INTENT,0.2628080520481847,0,32,0,0,32
25.65,-57.052934300832405,-7.655944858104455,2.386242706129183,0.0,0.0,0.0,0.0,0.0,0.0,ZERO_INTENT,0.2628080520481847,0,32,0,0,32
25.666666666666668,-57.052934300832405,-7.655944858104455,2.386242706129183,0.0,0.0,0.0,0.0,0.0,0.0,ZERO_INTENT,0.2628080520481847,0,32,0,0,32
25.683333333333334,-57.052934300832405,-7.655944858104455,2.386242706129183,0.0,0.0,0.0,0.0,0.0,0.0,ZERO_INTENT,0.2628080520481847,0,32,0,0,32
25.7,-57.052934300832405,-7.655944858104455,2.386242706129183,0.0,0.0,0.0,0.0,0.0,0.0,ZERO_INTENT,0.2628080520481847,0,32,0,0,32
25.716666666666665,-57.052934300832405,-7.655944858104455,2.386242706129183,0.0,0.0,0.0,0.0,0.0,0.0,ZERO_INTENT,0.2628080520481847,0,32,0,0,32
25.733333333333334,-57.052934300832405,-7.655944858104455,2.386242706129183,0.0,0.0,0.0,0.0,0.0,0.0,ZERO_INTENT,0.2628080520481847,0,32,0,0,32
25.75,-57.052934300832405,-7.655944858104455,2.386242706129183,0.0,0.0,0.0,0.0,0.0,0.0,ZERO_INTENT,0.2628080520481847,0,32,0,0,32
25.766666666666666,-57.052934300832405,-7.655944858104455,2.386242706129183,0.0,0.0,0.0,0.0,0.0,0.0,ZERO_INTENT,0.2628080520481847,0,32,0,0,32
25.783333333333335,-57.052934300832405,-7.655944858104455,2.386242706129183,0.0,0.0,0.0,0.0,0.0,0.0,ZERO_INTENT,0.2628080520481847,0,32,0,0,32
25.8,-57.052934300832405,-7.655944858104455,2.386242706129183,0.0,0.0,0.0,0.0,0.0,0.0,ZERO_INTENT,0.2628080520481847,0,32,0,0,32
25.816666666666666,-57.052934300832405,-7.655944858104455,2.386242706129183,0.0,0.0,0.0,0.0,0.0,0.0,ZERO_INTENT,0.2628080520481847,0,32,0,0,32
25.833333333333332,-57.052934300832405,-7.655944858104455,2.386242706129183,0.0,0.0,0.0,0.0,0.0,0.0,ZERO_INTENT,0.2628080520481847,0,32,0,0,32
25.85,-57.052934300832405,-7.655944858104455,2.386242706129183,0.0,0.0,0.0,0.0,0.0,0.0,ZERO_INTENT,0.2628080520481847,0,32,0,0,32
25.866666666666667,-57.052934300832405,-7.655944858104455,2.386242706129183,0.0,0.0,0.0,0.0,0.0,0.0,ZERO_INTENT,0.2628080520481847,0,32,0,0,32
25.883333333333333,-57.052934300832405,-7.655944858104455,2.386242706129183,0.0,0.0,0.0,0.0,0.0,0.0,ZERO_INTENT,0.2628080520481847,0,32,0,0,32
25.9,-57.052934300832405,-7.655944858104455,2.386242706129183,0.0,0.0,0.0,0.0,0.0,0.0,ZERO_INTENT,0.2628080520481847,0,32,0,0,32
25.916666666666668,-57.052934300832405,-7.655944858104455,2.386242706129183,0.0,0.0,0.0,0.0,0.0,0.0,ZERO_INTENT,0.2628080520481847,0,32,0,0,32
25.933333333333334,-57.052934300832405,-7.655944858104455,2.386242706129183,0.0,0.0,0.0,0.0,0.0,0.0,ZERO_INTENT,0.2628080520481847,0,32,0,0,32
25.95,-57.052934300832405,-7.655944858104455,2.386242706129183,0.0,0.0,0.0,0.0,0.0,0.0,ZERO_INTENT,0.2628080520481847,0,32,0,0,32
25.966666666666665,-57.052934300832405,-7.655944858104455,2.386242706129183,0.0,0.0,0.0,0.0,0.0,0.0,ZERO_INTENT,0.2628080520481847,0,32,0,0,32
25.983333333333334,-57.052934300832405,-7.655944858104455,2.386242706129183,0.0,0.0,0.0,0.0,0.0,0.0,ZERO_INTENT,0.2628080520481847,0,32,0,0,32
26.0,-57.052934300832405,-7.655944858104455,2.386242706129183,0.0,0.0,0.0,0.0,0.0,0.0,ZERO_INTENT,0.2628080520481847,0,32,0,0,32
26.016666666666666,-57.052934300832405,-7.655944858104455,2.386242706129183,0.0,0.0,0.0,0.0,0.0,0.0,ZERO_INTENT,0.2628080520481847,0,32,0,0,32
26.033333333333335,-57.052934300832405,-7.655944858104455,2.386242706129183,0.0,0.0,0.0,0.0,0.0,0.0,ZERO_INTENT,0.2628080520481847,0,32,0,0,32
26.05,-57.052934300832405,-7.655944858104455,2.386242706129183,0.0,0.0,0.0,0.0,0.0,0.0,ZERO_INTENT,0.2628080520481847,0,32,0,0,32
26.066666666666666,-57.052934300832405,-7.655944858104455,2.386242706129183,0.0,0.0,0.0,0.0,0.0,0.0,ZERO_INTENT,0.2628080520481847,0,32,0,0,32
26.083333333333332,-57.052934300832405,-7.655944858104455,2.386242706129183,0.0,0.0,0.0,0.0,0.0,0.0,ZERO_INTENT,0.2628080520481847,0,32,0,0,32
26.1,-57.052934300832405,-7.655944858104455,2.386242706129183,0.0,0.0,0.0,0.0,0.0,0.0,ZERO_INTENT,0.2628080520481847,0,32,0,0,32
26.116666666666667,-57.052934300832405,-7.655944858104455,2.386242706129183,0.0,0.0,0.0,0.0,0.0,0.0,ZERO_INTENT,0.2628080520481847,0,32,0,0,32
26.133333333333333,-57.052934300832405,-7.655944858104455,2.386242706129183,0.0,0.0,0.0,0.0,0.0,0.0,ZERO_INTENT,0.2628080520481847,0,32,0,0,32
26.15,-57.052934300832405,-7.655944858104455,2.386242706129183,0.0,0.0,0.0,0.0,0.0,0.0,ZERO_INTENT,0.2628080520481847,0,32,0,0,32
26.166666666666668,-57.052934300832405,-7.655944858104455,2.386242706129183,0.0,0.0,0.0,0.0,0.0,0.0,ZERO_INTENT,0.2628080520481847,0,32,0,0,32
26.183333333333334,-57.052934300832405,-7.655944858104455,2.386242706129183,0.0,0.0,0.0,0.0,0.0,0.0,ZERO_INTENT,0.2628080520481847,0,32,0,0,32
26.2,-57.052934300832405,-7.655944858104455,2.386242706129183,0.0,0.0,0.0,0.0,0.0,0.0,ZERO_INTENT,0.2628080520481847,0,32,0,0,32
26.216666666666665,-57.052934300832405,-7.655944858104455,2.386242706129183,0.0,0.0,0.0,0.0,0.0,0.0,ZERO_INTENT,0.2628080520481847,0,32,0,0,32
26.233333333333334,-57.052934300832405,-7.655944858104455,2.386242706129183,0.0,0.0,0.0,0.0,0.0,0.0,ZERO_INTENT,0.2628080520481847,0,32,0,0,32
26.25,-57.052934300832405,-7.655944858104455,2.386242706129183,0.0,0.0,0.0,0.0,0.0,0.0,ZERO_INTENT,0.2628080520481847,0,32,0,0,32
26.266666666666666,-57.052934300832405,-7.655944858104455,2.386242706129183,0.0,0.0,0.0,0.0,0.0,0.0,ZERO_INTENT,0.2628080520481847,0,32,0,0,32
26.283333333333335,-57.052934300832405,-7.655944858104455,2.386242706129183,0.0,0.0,0.0,0.0,0.0,0.0,ZERO_INTENT,0.2628080520481847,0,32,0,0,32
26.3,-57.052934300832405,-7.655944858104455,2.386242706129183,0.0,0.0,0.0,0.0,0.0,0.0,ZERO_INTENT,0.2628080520481847,0,32,0,0,32
26.316666666666666,-57.052934300832405,-7.655944858104455,2.386242706129183,0.0,0.0,0.0,0.0,0.0,0.0,ZERO_INTENT,0.2628080520481847,0,32,0,0,32
26.333333333333332,-57.052934300832405,-7.655944858104455,2.386242706129183,0.0,0.0,0.0,0.0,0.0,0.0,ZERO_INTENT,0.2628080520481847,0,32,0,0,32
26.35,-57.052934300832405,-7.655944858104455,2.386242706129183,0.0,0.0,0.0,0.0,0.0,0.0,ZERO_INTENT,0.2628080520481847,0,32,0,0,32
26.366666666666667,-57.052934300832405,-7.655944858104455,2.386242706129183,0.0,0.0,0.0,0.0,0.0,0.0,ZERO_INTENT,0.2628080520481847,0,32,0,0,32
26.383333333333333,-57.052934300832405,-7.655944858104455,2.386242706129183,0.0,0.0,0.0,0.0,0.0,0.0,ZERO_INTENT,0.2628080520481847,0,32,0,0,32
26.4,-57.052934300832405,-7.655944858104455,2.386242706129183,0.0,0.0,0.0,0.0,0.0,0.0,ZERO_INTENT,0.2628080520481847,0,32,0,0,32
26.416666666666668,-57.052934300832405,-7.655944858104455,2.386242706129183,0.0,0.0,0.0,0.0,0.0,0.0,ZERO_INTENT,0.2628080520481847,0,32,0,0,32
26.433333333333334,-57.052934300832405,-7.655944858104455,2.386242706129183,0.0,0.0,0.0,0.0,0.0,0.0,ZERO_INTENT,0.2628080520481847,0,32,0,0,32
26.45,-57.052934300832405,-7.655944858104455,2.386242706129183,0.0,0.0,0.0,0.0,0.0,0.0,ZERO_INTENT,0.2628080520481847,0,32,0,0,32
26.466666666666665,-57.052934300832405,-7.655944858104455,2.386242706129183,0.0,0.0,0.0,0.0,0.0,0.0,ZERO_INTENT,0.2628080520481847,0,32,0,0,32
26.483333333333334,-57.052934300832405,-7.655944858104455,2.386242706129183,0.0,0.0,0.0,0.0,0.0,0.0,ZERO_INTENT,0.2628080520481847,0,32,0,0,32
26.5,-57.052934300832405,-7.655944858104455,2.386242706129183,0.0,0.0,0.0,0.0,0.0,0.0,ZERO_INTENT,0.2628080520481847,0,32,0,0,32
26.516666666666666,-57.052934300832405,-7.655944858104455,2.386242706129183,0.0,0.0,0.0,0.0,0.0,0.0,ZERO_INTENT,0.2628080520481847,0,32,0,0,32
26.533333333333335,-57.052934300832405,-7.655944858104455,2.386242706129183,0.0,0.0,0.0,0.0,0.0,0.0,ZERO_INTENT,0.2628080520481847,0,32,0,0,32
26.55,-57.052934300832405,-7.655944858104455,2.386242706129183,0.0,0.0,0.0,0.0,0.0,0.0,ZERO_INTENT,0.2628080520481847,0,32,0,0,32
26.566666666666666,-57.052934300832405,-7.655944858104455,2.386242706129183,0.0,0.0,0.0,0.0,0.0,0.0,ZERO_INTENT,0.2628080520481847,0,32,0,0,32
26.583333333333332,-57.052934300832405,-7.655944858104455,2.386242706129183,0.0,0.0,0.0,0.0,0.0,0.0,ZERO_INTENT,0.2628080520481847,0,32,0,0,32
26.6,-57.052934300832405,-7.655944858104455,2.386242706129183,0.0,0.0,0.0,0.0,0.0,0.0,ZERO_INTENT,0.2628080520481847,0,32,0,0,32
26.616666666666667,-57.052934300832405,-7.655944858104455,2.386242706129183,0.0,0.0,0.0,0.0,0.0,0.0,ZERO_INTENT,0.2628080520481847,0,32,0,0,32
26.633333333333333,-57.052934300832405,-7.655944858104455,2.386242706129183,0.0,0.0,0.0,0.0,0.0,0.0,ZERO_INTENT,0.2628080520481847,0,32,0,0,32
26.65,-57.052934300832405,-7.655944858104455,2.386242706129183,0.0,0.0,0.0,0.0,0.0,0.0,ZERO_INTENT,0.2628080520481847,0,32,0,0,32
26.666666666666668,-57.052934300832405,-7.655944858104455,2.386242706129183,0.0,0.0,0.0,0.0,0.0,0.0,ZERO_INTENT,0.2628080520481847,0,32,0,0,32
26.683333333333334,-57.052934300832405,-7.655944858104455,2.386242706129183,0.0,0.0,0.0,0.0,0.0,0.0,ZERO_INTENT,0.2628080520481847,0,32,0,0,32
26.7,-57.052934300832405,-7.655944858104455,2.386242706129183,0.0,0.0,0.0,0.0,0.0,0.0,ZERO_INTENT,0.2628080520481847,0,32,0,0,32
26.716666666666665,-57.052934300832405,-7.655944858104455,2.386242706129183,0.0,0.0,0.0,0.0,0.0,0.0,ZERO_INTENT,0.2628080520481847,0,32,0,0,32
26.733333333333334,-57.052934300832405,-7.655944858104455,2.386242706129183,0.0,0.0,0.0,0.0,0.0,0.0,ZERO_INTENT,0.2628080520481847,0,32,0,0,32
26.75,-57.052934300832405,-7.655944858104455,2.386242706129183,0.0,0.0,0.0,0.0,0.0,0.0,ZERO_INTENT,0.2628080520481847,0,32,0,0,32
26.766666666666666,-57.052934300832405,-7.655944858104455,2.386242706129183,0.0,0.0,0.0,0.0,0.0,0.0,ZERO_INTENT,0.2628080520481847,0,32,0,0,32
26.783333333333335,-57.052934300832405,-7.655944858104455,2.386242706129183,0.0,0.0,0.0,0.0,0.0,0.0,ZERO_INTENT,0.2628080520481847,0,32,0,0,32
26.8,-57.052934300832405,-7.655944858104455,2.386242706129183,0.0,0.0,0.0,0.0,0.0,0.0,ZERO_INTENT,0.2628080520481847,0,32,0,0,32
26.816666666666666,-57.052934300832405,-7.655944858104455,2.386242706129183,0.0,0.0,0.0,0.0,0.0,0.0,ZERO_INTENT,0.2628080520481847,0,32,0,0,32
26.833333333333332,-57.052934300832405,-7.655944858104455,2.386242706129183,0.0,0.0,0.0,0.0,0.0,0.0,ZERO_INTENT,0.2628080520481847,0,32,0,0,32
26.85,-57.052934300832405,-7.655944858104455,2.386242706129183,0.0,0.0,0.0,0.0,0.0,0.0,ZERO_INTENT,0.2628080520481847,0,32,0,0,32
26.866666666666667,-57.052934300832405,-7.655944858104455,2.386242706129183,0.0,0.0,0.0,0.0,0.0,0.0,ZERO_INTENT,0.2628080520481847,0,32,0,0,32
26.883333333333333,-57.052934300832405,-7.655944858104455,2.386242706129183,0.0,0.0,0.0,0.0,0.0,0.0,ZERO_INTENT,0.2628080520481847,0,32,0,0,32
26.9,-57.052934300832405,-7.655944858104455,2.386242706129183,0.0,0.0,0.0,0.0,0.0,0.0,ZERO_INTENT,0.2628080520481847,0,32,0,0,32
26.916666666666668,-57.052934300832405,-7.655944858104455,2.386242706129183,0.0,0.0,0.0,0.0,0.0,0.0,ZERO_INTENT,0.2628080520481847,0,32,0,0,32
26.933333333333334,-57.052934300832405,-7.655944858104455,2.386242706129183,0.0,0.0,0.0,0.0,0.0,0.0,ZERO_INTENT,0.2628080520481847,0,32,0,0,32
26.95,-57.052934300832405,-7.655944858104455,2.386242706129183,0.0,0.0,0.0,0.0,0.0,0.0,ZERO_INTENT,0.2628080520481847,0,32,0,0,32
26.966666666666665,-57.052934300832405,-7.655944858104455,2.386242706129183,0.0,0.0,0.0,0.0,0.0,0.0,ZERO_INTENT,0.2628080520481847,0,32,0,0,32
26.983333333333334,-57.052934300832405,-7.655944858104455,2.386242706129183,0.0,0.0,0.0,0.0,0.0,0.0,ZERO_INTENT,0.2628080520481847,0,32,0,0,32
27.0,-57.052934300832405,-7.655944858104455,2.386242706129183,0.0,0.0,0.0,0.0,0.0,0.0,ZERO_INTENT,0.2628080520481847,0,32,0,0,32
27.016666666666666,-57.052934300832405,-7.655944858104455,2.386242706129183,0.0,0.0,0.0,0.0,0.0,0.0,ZERO_INTENT,0.2628080520481847,0,32,0,0,32
27.033333333333335,-57.052934300832405,-7.655944858104455,2.386242706129183,0.0,0.0,0.0,0.0,0.0,0.0,ZERO_INTENT,0.2628080520481847,0,32,0,0,32
27.05,-57.052934300832405,-7.655944858104455,2.386242706129183,0.0,0.0,0.0,0.0,0.0,0.0,ZERO_INTENT,0.2628080520481847,0,32,0,0,32
27.066666666666666,-57.052934300832405,-7.655944858104455,2.386242706129183,0.0,0.0,0.0,0.0,0.0,0.0,ZERO_INTENT,0.2628080520481847,0,32,0,0,32
27.083333333333332,-57.052934300832405,-7.655944858104455,2.386242706129183,0.0,0.0,0.0,0.0,0.0,0.0,ZERO_INTENT,0.2628080520481847,0,32,0,0,32
27.1,-57.052934300832405,-7.655944858104455,2.386242706129183,0.0,0.0,0.0,0.0,0.0,0.0,ZERO_INTENT,0.2628080520481847,0,32,0,0,32
27.116666666666667,-57.052934300832405,-7.655944858104455,2.386242706129183,0.0,0.0,0.0,0.0,0.0,0.0,ZERO_INTENT,0.2628080520481847,0,32,0,0,32
27.133333333333333,-57.052934300832405,-7.655944858104455,2.386242706129183,0.0,0.0,0.0,0.0,0.0,0.0,ZERO_INTENT,0.2628080520481847,0,32,0,0,32
27.15,-57.052934300832405,-7.655944858104455,2.386242706129183,0.0,0.0,0.0,0.0,0.0,0.0,ZERO_INTENT,0.2628080520481847,0,32,0,0,32
27.166666666666668,-57.052934300832405,-7.655944858104455,2.386242706129183,0.0,0.0,0.0,0.0,0.0,0.0,ZERO_INTENT,0.2628080520481847,0,32,0,0,32
27.183333333333334,-57.052934300832405,-7.655944858104455,2.386242706129183,0.0,0.0,0.0,0.0,0.0,0.0,ZERO_INTENT,0.2628080520481847,0,32,0,0,32
27.2,-57.052934300832405,-7.655944858104455,2.386242706129183,0.0,0.0,0.0,0.0,0.0,0.0,ZERO_INTENT,0.2628080520481847,0,32,0,0,32
27.216666666666665,-57.052934300832405,-7.655944858104455,2.386242706129183,0.0,0.0,0.0,0.0,0.0,0.0,ZERO_INTENT,0.2628080520481847,0,32,0,0,32
27.233333333333334,-57.052934300832405,-7.655944858104455,2.386242706129183,0.0,0.0,0.0,0.0,0.0,0.0,ZERO_INTENT,0.2628080520481847,0,32,0,0,32
27.25,-57.052934300832405,-7.655944858104455,2.386242706129183,0.0,0.0,0.0,0.0,0.0,0.0,ZERO_INTENT,0.2628080520481847,0,32,0,0,32
27.266666666666666,-57.052934300832405,-7.655944858104455,2.386242706129183,0.0,0.0,0.0,0.0,0.0,0.0,ZERO_INTENT,0.2628080520481847,0,32,0,0,32
27.283333333333335,-57.052934300832405,-7.655944858104455,2.386242706129183,0.0,0.0,0.0,0.0,0.0,0.0,ZERO_INTENT,0.2628080520481847,0,32,0,0,32
27.3,-57.052934300832405,-7.655944858104455,2.386242706129183,0.0,0.0,0.0,0.0,0.0,0.0,ZERO_INTENT,0.2628080520481847,0,32,0,0,32
27.316666666666666,-57.052934300832405,-7.655944858104455,2.386242706129183,0.0,0.0,0.0,0.0,0.0,0.0,ZERO_INTENT,0.2628080520481847,0,32,0,0,32
27.333333333333332,-57.052934300832405,-7.655944858104455,2.386242706129183,0.0,0.0,0.0,0.0,0.0,0.0,ZERO_INTENT,0.2628080520481847,0,32,0,0,32
27.35,-57.052934300832405,-7.655944858104455,2.386242706129183,0.0,0.0,0.0,0.0,0.0,0.0,ZERO_INTENT,0.2628080520481847,0,32,0,0,32
27.366666666666667,-57.052934300832405,-7.655944858104455,2.386242706129183,0.0,0.0,0.0,0.0,0.0,0.0,ZERO_INTENT,0.2628080520481847,0,32,0,0,32
27.383333333333333,-57.052934300832405,-7.655944858104455,2.386242706129183,0.0,0.0,0.0,0.0,0.0,0.0,ZERO_INTENT,0.2628080520481847,0,32,0,0,32
27.4,-57.052934300832405,-7.655944858104455,2.386242706129183,0.0,0.0,0.0,0.0,0.0,0.0,ZERO_INTENT,0.2628080520481847,0,32,0,0,32
27.416666666666668,-57.052934300832405,-7.655944858104455,2.386242706129183,0.0,0.0,0.0,0.0,0.0,0.0,ZERO_INTENT,0.2628080520481847,0,32,0,0,32
27.433333333333334,-57.052934300832405,-7.655944858104455,2.386242706129183,0.0,0.0,0.0,0.0,0.0,0.0,ZERO_INTENT,0.2628080520481847,0,32,0,0,32
27.45,-57.052934300832405,-7.655944858104455,2.386242706129183,0.0,0.0,0.0,0.0,0.0,0.0,ZERO_INTENT,0.2628080520481847,0,32,0,0,32
27.466666666666665,-57.052934300832405,-7.655944858104455,2.386242706129183,0.0,0.0,0.0,0.0,0.0,0.0,ZERO_INTENT,0.2628080520481847,0,32,0,0,32
27.483333333333334,-57.052934300832405,-7.655944858104455,2.386242706129183,0.0,0.0,0.0,0.0,0.0,0.0,ZERO_INTENT,0.2628080520481847,0,32,0,0,32
27.5,-57.052934300832405,-7.655944858104455,2.386242706129183,0.0,0.0,0.0,0.0,0.0,0.0,ZERO_INTENT,0.2628080520481847,0,32,0,0,32
27.516666666666666,-57.052934300832405,-7.655944858104455,2.386242706129183,0.0,0.0,0.0,0.0,0.0,0.0,ZERO_INTENT,0.2628080520481847,0,32,0,0,32
27.533333333333335,-57.052934300832405,-7.655944858104455,2.386242706129183,0.0,0.0,0.0,0.0,0.0,0.0,ZERO_INTENT,0.2628080520481847,0,32,0,0,32
27.55,-57.052934300832405,-7.655944858104455,2.386242706129183,0.0,0.0,0.0,0.0,0.0,0.0,ZERO_INTENT,0.2628080520481847,0,32,0,0,32
27.566666666666666,-57.052934300832405,-7.655944858104455,2.386242706129183,0.0,0.0,0.0,0.0,0.0,0.0,ZERO_INTENT,0.2628080520481847,0,32,0,0,32
27.583333333333332,-57.052934300832405,-7.655944858104455,2.386242706129183,0.0,0.0,0.0,0.0,0.0,0.0,ZERO_INTENT,0.2628080520481847,0,32,0,0,32
27.6,-57.052934300832405,-7.655944858104455,2.386242706129183,0.0,0.0,0.0,0.0,0.0,0.0,ZERO_INTENT,0.2628080520481847,0,32,0,0,32
27.616666666666667,-57.052934300832405,-7.655944858104455,2.386242706129183,0.0,0.0,0.0,0.0,0.0,0.0,ZERO_INTENT,0.2628080520481847,0,32,0,0,32
27.633333333333333,-57.052934300832405,-7.655944858104455,2.386242706129183,0.0,0.0,0.0,0.0,0.0,0.0,ZERO_INTENT,0.2628080520481847,0,32,0,0,32
27.65,-57.052934300832405,-7.655944858104455,2.386242706129183,0.0,0.0,0.0,0.0,0.0,0.0,ZERO_INTENT,0.2628080520481847,0,32,0,0,32
27.666666666666668,-57.052934300832405,-7.655944858104455,2.386242706129183,0.0,0.0,0.0,0.0,0.0,0.0,ZERO_INTENT,0.2628080520481847,0,32,0,0,32
27.683333333333334,-57.052934300832405,-7.655944858104455,2.386242706129183,0.0,0.0,0.0,0.0,0.0,0.0,ZERO_INTENT,0.2628080520481847,0,32,0,0,32
27.7,-57.052934300832405,-7.655944858104455,2.386242706129183,0.0,0.0,0.0,0.0,0.0,0.0,ZERO_INTENT,0.2628080520481847,0,32,0,0,32
27.716666666666665,-57.052934300832405,-7.655944858104455,2.386242706129183,0.0,0.0,0.0,0.0,0.0,0.0,ZERO_INTENT,0.2628080520481847,0,32,0,0,32
27.733333333333334,-57.052934300832405,-7.655944858104455,2.386242706129183,0.0,0.0,0.0,0.0,0.0,0.0,ZERO_INTENT,0.2628080520481847,0,32,0,0,32
27.75,-57.052934300832405,-7.655944858104455,2.386242706129183,0.0,0.0,0.0,0.0,0.0,0.0,ZERO_INTENT,0.2628080520481847,0,32,0,0,32
27.766666666666666,-57.052934300832405,-7.655944858104455,2.386242706129183,0.0,0.0,0.0,0.0,0.0,0.0,ZERO_INTENT,0.2628080520481847,0,32,0,0,32
27.783333333333335,-57.052934300832405,-7.655944858104455,2.386242706129183,0.0,0.0,0.0,0.0,0.0,0.0,ZERO_INTENT,0.2628080520481847,0,32,0,0,32
27.8,-57.052934300832405,-7.655944858104455,2.386242706129183,0.0,0.0,0.0,0.0,0.0,0.0,ZERO_INTENT,0.2628080520481847,0,32,0,0,32
27.816666666666666,-57.052934300832405,-7.655944858104455,2.386242706129183,0.0,0.0,0.0,0.0,0.0,0.0,ZERO_INTENT,0.2628080520481847,0,32,0,0,32
27.833333333333332,-57.052934300832405,-7.655944858104455,2.386242706129183,0.0,0.0,0.0,0.0,0.0,0.0,ZERO_INTENT,0.2628080520481847,0,32,0,0,32
27.85,-57.052934300832405,-7.655944858104455,2.386242706129183,0.0,0.0,0.0,0.0,0.0,0.0,ZERO_INTENT,0.2628080520481847,0,32,0,0,32
27.866666666666667,-57.052934300832405,-7.655944858104455,2.386242706129183,0.0,0.0,0.0,0.0,0.0,0.0,ZERO_INTENT,0.2628080520481847,0,32,0,0,32
27.883333333333333,-57.052934300832405,-7.655944858104455,2.386242706129183,0.0,0.0,0.0,0.0,0.0,0.0,ZERO_INTENT,0.2628080520481847,0,32,0,0,32
27.9,-57.052934300832405,-7.655944858104455,2.386242706129183,0.0,0.0,0.0,0.0,0.0,0.0,ZERO_INTENT,0.2628080520481847,0,32,0,0,32
27.916666666666668,-57.052934300832405,-7.655944858104455,2.386242706129183,0.0,0.0,0.0,0.0,0.0,0.0,ZERO_INTENT,0.2628080520481847,0,32,0,0,32
27.933333333333334,-57.052934300832405,-7.655944858104455,2.386242706129183,0.0,0.0,0.0,0.0,0.0,0.0,ZERO_INTENT,0.2628080520481847,0,32,0,0,32
27.95,-57.052934300832405,-7.655944858104455,2.386242706129183,0.0,0.0,0.0,0.0,0.0,0.0,ZERO_INTENT,0.2628080520481847,0,32,0,0,32
27.966666666666665,-57.052934300832405,-7.655944858104455,2.386242706129183,0.0,0.0,0.0,0.0,0.0,0.0,ZERO_INTENT,0.2628080520481847,0,32,0,0,32
27.983333333333334,-57.052934300832405,-7.655944858104455,2.386242706129183,0.0,0.0,0.0,0.0,0.0,0.0,ZERO_INTENT,0.2628080520481847,0,32,0,0,32
28.0,-57.052934300832405,-7.655944858104455,2.386242706129183,0.0,0.0,0.0,0.0,0.0,0.0,ZERO_INTENT,0.2628080520481847,0,32,0,0,32
28.016666666666666,-57.052934300832405,-7.655944858104455,2.386242706129183,0.0,0.0,0.0,0.0,0.0,0.0,ZERO_INTENT,0.2628080520481847,0,32,0,0,32
28.033333333333335,-57.052934300832405,-7.655944858104455,2.386242706129183,0.0,0.0,0.0,0.0,0.0,0.0,ZERO_INTENT,0.2628080520481847,0,32,0,0,32
28.05,-57.052934300832405,-7.655944858104455,2.386242706129183,0.0,0.0,0.0,0.0,0.0,0.0,ZERO_INTENT,0.2628080520481847,0,32,0,0,32
28.066666666666666,-57.052934300832405,-7.655944858104455,2.386242706129183,0.0,0.0,0.0,0.0,0.0,0.0,ZERO_INTENT,0.2628080520481847,0,32,0,0,32
28.083333333333332,-57.052934300832405,-7.655944858104455,2.386242706129183,0.0,0.0,0.0,0.0,0.0,0.0,ZERO_INTENT,0.2628080520481847,0,32,0,0,32
28.1,-57.052934300832405,-7.655944858104455,2.386242706129183,0.0,0.0,0.0,0.0,0.0,0.0,ZERO_INTENT,0.2628080520481847,0,32,0,0,32
28.116666666666667,-57.052934300832405,-7.655944858104455,2.386242706129183,0.0,0.0,0.0,0.0,0.0,0.0,ZERO_INTENT,0.2628080520481847,0,32,0,0,32
28.133333333333333,-57.052934300832405,-7.655944858104455,2.386242706129183,0.0,0.0,0.0,0.0,0.0,0.0,ZERO_INTENT,0.2628080520481847,0,32,0,0,32
28.15,-57.052934300832405,-7.655944858104455,2.386242706129183,0.0,0.0,0.0,0.0,0.0,0.0,ZERO_INTENT,0.2628080520481847,0,32,0,0,32
28.166666666666668,-57.052934300832405,-7.655944858104455,2.386242706129183,0.0,0.0,0.0,0.0,0.0,0.0,ZERO_INTENT,0.2628080520481847,0,32,0,0,32
28.183333333333334,-57.052934300832405,-7.655944858104455,2.386242706129183,0.0,0.0,0.0,0.0,0.0,0.0,ZERO_INTENT,0.2628080520481847,0,32,0,0,32
28.2,-57.052934300832405,-7.655944858104455,2.386242706129183,0.0,0.0,0.0,0.0,0.0,0.0,ZERO_INTENT,0.2628080520481847,0,32,0,0,32
28.216666666666665,-57.052934300832405,-7.655944858104455,2.386242706129183,0.0,0.0,0.0,0.0,0.0,0.0,ZERO_INTENT,0.2628080520481847,0,32,0,0,32
28.233333333333334,-57.052934300832405,-7.655944858104455,2.386242706129183,0.0,0.0,0.0,0.0,0.0,0.0,ZERO_INTENT,0.2628080520481847,0,32,0,0,32
28.25,-57.052934300832405,-7.655944858104455,2.386242706129183,0.0,0.0,0.0,0.0,0.0,0.0,ZERO_INTENT,0.2628080520481847,0,32,0,0,32
28.266666666666666,-57.052934300832405,-7.655944858104455,2.386242706129183,0.0,0.0,0.0,0.0,0.0,0.0,ZERO_INTENT,0.2628080520481847,0,32,0,0,32
28.283333333333335,-57.052934300832405,-7.655944858104455,2.386242706129183,0.0,0.0,0.0,0.0,0.0,0.0,ZERO_INTENT,0.2628080520481847,0,32,0,0,32
28.3,-57.052934300832405,-7.655944858104455,2.386242706129183,0.0,0.0,0.0,0.0,0.0,0.0,ZERO_INTENT,0.2628080520481847,0,32,0,0,32
28.316666666666666,-57.052934300832405,-7.655944858104455,2.386242706129183,0.0,0.0,0.0,0.0,0.0,0.0,ZERO_INTENT,0.2628080520481847,0,32,0,0,32
28.333333333333332,-57.052934300832405,-7.655944858104455,2.386242706129183,0.0,0.0,0.0,0.0,0.0,0.0,ZERO_INTENT,0.2628080520481847,0,32,0,0,32
28.35,-57.052934300832405,-7.655944858104455,2.386242706129183,0.0,0.0,0.0,0.0,0.0,0.0,ZERO_INTENT,0.2628080520481847,0,32,0,0,32
28.366666666666667,-57.052934300832405,-7.655944858104455,2.386242706129183,0.0,0.0,0.0,0.0,0.0,0.0,ZERO_INTENT,0.2628080520481847,0,32,0,0,32
28.383333333333333,-57.052934300832405,-7.655944858104455,2.386242706129183,0.0,0.0,0.0,0.0,0.0,0.0,ZERO_INTENT,0.2628080520481847,0,32,0,0,32
28.4,-57.052934300832405,-7.655944858104455,2.386242706129183,0.0,0.0,0.0,0.0,0.0,0.0,ZERO_INTENT,0.2628080520481847,0,32,0,0,32
28.416666666666668,-57.052934300832405,-7.655944858104455,2.386242706129183,0.0,0.0,0.0,0.0,0.0,0.0,ZERO_INTENT,0.2628080520481847,0,32,0,0,32
28.433333333333334,-57.052934300832405,-7.655944858104455,2.386242706129183,0.0,0.0,0.0,0.0,0.0,0.0,ZERO_INTENT,0.2628080520481847,0,32,0,0,32
28.45,-57.052934300832405,-7.655944858104455,2.386242706129183,0.0,0.0,0.0,0.0,0.0,0.0,ZERO_INTENT,0.2628080520481847,0,32,0,0,32
28.466666666666665,-57.052934300832405,-7.655944858104455,2.386242706129183,0.0,0.0,0.0,0.0,0.0,0.0,ZERO_INTENT,0.2628080520481847,0,32,0,0,32
28.483333333333334,-57.052934300832405,-7.655944858104455,2.386242706129183,0.0,0.0,0.0,0.0,0.0,0.0,ZERO_INTENT,0.2628080520481847,0,32,0,0,32
28.5,-57.052934300832405,-7.655944858104455,2.386242706129183,0.0,0.0,0.0,0.0,0.0,0.0,ZERO_INTENT,0.2628080520481847,0,32,0,0,32
28.516666666666666,-57.052934300832405,-7.655944858104455,2.386242706129183,0.0,0.0,0.0,0.0,0.0,0.0,ZERO_INTENT,0.2628080520481847,0,32,0,0,32
28.533333333333335,-57.052934300832405,-7.655944858104455,2.386242706129183,0.0,0.0,0.0,0.0,0.0,0.0,ZERO_INTENT,0.2628080520481847,0,32,0,0,32
28.55,-57.052934300832405,-7.655944858104455,2.386242706129183,0.0,0.0,0.0,0.0,0.0,0.0,ZERO_INTENT,0.2628080520481847,0,32,0,0,32
28.566666666666666,-57.052934300832405,-7.655944858104455,2.386242706129183,0.0,0.0,0.0,0.0,0.0,0.0,ZERO_INTENT,0.2628080520481847,0,32,0,0,32
28.583333333333332,-57.052934300832405,-7.655944858104455,2.386242706129183,0.0,0.0,0.0,0.0,0.0,0.0,ZERO_INTENT,0.2628080520481847,0,32,0,0,32
28.6,-57.052934300832405,-7.655944858104455,2.386242706129183,0.0,0.0,0.0,0.0,0.0,0.0,ZERO_INTENT,0.2628080520481847,0,32,0,0,32
28.616666666666667,-57.052934300832405,-7.655944858104455,2.386242706129183,0.0,0.0,0.0,0.0,0.0,0.0,ZERO_INTENT,0.2628080520481847,0,32,0,0,32
28.633333333333333,-57.052934300832405,-7.655944858104455,2.386242706129183,0.0,0.0,0.0,0.0,0.0,0.0,ZERO_INTENT,0.2628080520481847,0,32,0,0,32
28.65,-57.052934300832405,-7.655944858104455,2.386242706129183,0.0,0.0,0.0,0.0,0.0,0.0,ZERO_INTENT,0.2628080520481847,0,32,0,0,32
28.666666666666668,-57.052934300832405,-7.655944858104455,2.386242706129183,0.0,0.0,0.0,0.0,0.0,0.0,ZERO_INTENT,0.2628080520481847,0,32,0,0,32
28.683333333333334,-57.052934300832405,-7.655944858104455,2.386242706129183,0.0,0.0,0.0,0.0,0.0,0.0,ZERO_INTENT,0.2628080520481847,0,32,0,0,32
28.7,-57.052934300832405,-7.655944858104455,2.386242706129183,0.0,0.0,0.0,0.0,0.0,0.0,ZERO_INTENT,0.2628080520481847,0,32,0,0,32
28.716666666666665,-57.052934300832405,-7.655944858104455,2.386242706129183,0.0,0.0,0.0,0.0,0.0,0.0,ZERO_INTENT,0.2628080520481847,0,32,0,0,32
28.733333333333334,-57.052934300832405,-7.655944858104455,2.386242706129183,0.0,0.0,0.0,0.0,0.0,0.0,ZERO_INTENT,0.2628080520481847,0,32,0,0,32
28.75,-57.052934300832405,-7.655944858104455,2.386242706129183,0.0,0.0,0.0,0.0,0.0,0.0,ZERO_INTENT,0.2628080520481847,0,32,0,0,32
28.766666666666666,-57.052934300832405,-7.655944858104455,2.386242706129183,0.0,0.0,0.0,0.0,0.0,0.0,ZERO_INTENT,0.2628080520481847,0,32,0,0,32
28.783333333333335,-57.052934300832405,-7.655944858104455,2.386242706129183,0.0,0.0,0.0,0.0,0.0,0.0,ZERO_INTENT,0.2628080520481847,0,32,0,0,32
28.8,-57.052934300832405,-7.655944858104455,2.386242706129183,0.0,0.0,0.0,0.0,0.0,0.0,ZERO_INTENT,0.2628080520481847,0,32,0,0,32
28.816666666666666,-57.052934300832405,-7.655944858104455,2.386242706129183,0.0,0.0,0.0,0.0,0.0,0.0,ZERO_INTENT,0.2628080520481847,0,32,0,0,32
28.833333333333332,-57.052934300832405,-7.655944858104455,2.386242706129183,0.0,0.0,0.0,0.0,0.0,0.0,ZERO_INTENT,0.2628080520481847,0,32,0,0,32
28.85,-57.052934300832405,-7.655944858104455,2.386242706129183,0.0,0.0,0.0,0.0,0.0,0.0,ZERO_INTENT,0.2628080520481847,0,32,0,0,32
28.866666666666667,-57.052934300832405,-7.655944858104455,2.386242706129183,0.0,0.0,0.0,0.0,0.0,0.0,ZERO_INTENT,0.2628080520481847,0,32,0,0,32
28.883333333333333,-57.052934300832405,-7.655944858104455,2.386242706129183,0.0,0.0,0.0,0.0,0.0,0.0,ZERO_INTENT,0.2628080520481847,0,32,0,0,32
28.9,-57.052934300832405,-7.655944858104455,2.386242706129183,0.0,0.0,0.0,0.0,0.0,0.0,ZERO_INTENT,0.2628080520481847,0,32,0,0,32
28.916666666666668,-57.052934300832405,-7.655944858104455,2.386242706129183,0.0,0.0,0.0,0.0,0.0,0.0,ZERO_INTENT,0.2628080520481847,0,32,0,0,32
28.933333333333334,-57.052934300832405,-7.655944858104455,2.386242706129183,0.0,0.0,0.0,0.0,0.0,0.0,ZERO_INTENT,0.2628080520481847,0,32,0,0,32
28.95,-57.052934300832405,-7.655944858104455,2.386242706129183,0.0,0.0,0.0,0.0,0.0,0.0,ZERO_INTENT,0.2628080520481847,0,32,0,0,32
28.966666666666665,-57.052934300832405,-7.655944858104455,2.386242706129183,0.0,0.0,0.0,0.0,0.0,0.0,ZERO_INTENT,0.2628080520481847,0,32,0,0,32
28.983333333333334,-57.052934300832405,-7.655944858104455,2.386242706129183,0.0,0.0,0.0,0.0,0.0,0.0,ZERO_INTENT,0.2628080520481847,0,32,0,0,32
29.0,-57.052934300832405,-7.655944858104455,2.386242706129183,0.0,0.0,0.0,0.0,0.0,0.0,ZERO_INTENT,0.2628080520481847,0,32,0,0,32
29.016666666666666,-57.052934300832405,-7.655944858104455,2.386242706129183,0.0,0.0,0.0,0.0,0.0,0.0,ZERO_INTENT,0.2628080520481847,0,32,0,0,32
29.033333333333335,-57.052934300832405,-7.655944858104455,2.386242706129183,0.0,0.0,0.0,0.0,0.0,0.0,ZERO_INTENT,0.2628080520481847,0,32,0,0,32
29.05,-57.052934300832405,-7.655944858104455,2.386242706129183,0.0,0.0,0.0,0.0,0.0,0.0,ZERO_INTENT,0.2628080520481847,0,32,0,0,32
29.066666666666666,-57.052934300832405,-7.655944858104455,2.386242706129183,0.0,0.0,0.0,0.0,0.0,0.0,ZERO_INTENT,0.2628080520481847,0,32,0,0,32
29.083333333333332,-57.052934300832405,-7.655944858104455,2.386242706129183,0.0,0.0,0.0,0.0,0.0,0.0,ZERO_INTENT,0.2628080520481847,0,32,0,0,32
29.1,-57.052934300832405,-7.655944858104455,2.386242706129183,0.0,0.0,0.0,0.0,0.0,0.0,ZERO_INTENT,0.2628080520481847,0,32,0,0,32
29.116666666666667,-57.052934300832405,-7.655944858104455,2.386242706129183,0.0,0.0,0.0,0.0,0.0,0.0,ZERO_INTENT,0.2628080520481847,0,32,0,0,32
29.133333333333333,-57.052934300832405,-7.655944858104455,2.386242706129183,0.0,0.0,0.0,0.0,0.0,0.0,ZERO_INTENT,0.2628080520481847,0,32,0,0,32
29.15,-57.052934300832405,-7.655944858104455,2.386242706129183,0.0,0.0,0.0,0.0,0.0,0.0,ZERO_INTENT,0.2628080520481847,0,32,0,0,32
29.166666666666668,-57.052934300832405,-7.655944858104455,2.386242706129183,0.0,0.0,0.0,0.0,0.0,0.0,ZERO_INTENT,0.2628080520481847,0,32,0,0,32
29.183333333333334,-57.052934300832405,-7.655944858104455,2.386242706129183,0.0,0.0,0.0,0.0,0.0,0.0,ZERO_INTENT,0.2628080520481847,0,32,0,0,32
29.2,-57.052934300832405,-7.655944858104455,2.386242706129183,0.0,0.0,0.0,0.0,0.0,0.0,ZERO_INTENT,0.2628080520481847,0,32,0,0,32
29.216666666666665,-57.052934300832405,-7.655944858104455,2.386242706129183,0.0,0.0,0.0,0.0,0.0,0.0,ZERO_INTENT,0.2628080520481847,0,32,0,0,32
29.233333333333334,-57.052934300832405,-7.655944858104455,2.386242706129183,0.0,0.0,0.0,0.0,0.0,0.0,ZERO_INTENT,0.2628080520481847,0,32,0,0,32
29.25,-57.052934300832405,-7.655944858104455,2.386242706129183,0.0,0.0,0.0,0.0,0.0,0.0,ZERO_INTENT,0.2628080520481847,0,32,0,0,32
29.266666666666666,-57.052934300832405,-7.655944858104455,2.386242706129183,0.0,0.0,0.0,0.0,0.0,0.0,ZERO_INTENT,0.2628080520481847,0,32,0,0,32
29.283333333333335,-57.052934300832405,-7.655944858104455,2.386242706129183,0.0,0.0,0.0,0.0,0.0,0.0,ZERO_INTENT,0.2628080520481847,0,32,0,0,32
29.3,-57.052934300832405,-7.655944858104455,2.386242706129183,0.0,0.0,0.0,0.0,0.0,0.0,ZERO_INTENT,0.2628080520481847,0,32,0,0,32
29.316666666666666,-57.052934300832405,-7.655944858104455,2.386242706129183,0.0,0.0,0.0,0.0,0.0,0.0,ZERO_INTENT,0.2628080520481847,0,32,0,0,32
29.333333333333332,-57.052934300832405,-7.655944858104455,2.386242706129183,0.0,0.0,0.0,0.0,0.0,0.0,ZERO_INTENT,0.2628080520481847,0,32,0,0,32
29.35,-57.052934300832405,-7.655944858104455,2.386242706129183,0.0,0.0,0.0,0.0,0.0,0.0,ZERO_INTENT,0.2628080520481847,0,32,0,0,32
29.366666666666667,-57.052934300832405,-7.655944858104455,2.386242706129183,0.0,0.0,0.0,0.0,0.0,0.0,ZERO_INTENT,0.2628080520481847,0,32,0,0,32
29.383333333333333,-57.052934300832405,-7.655944858104455,2.386242706129183,0.0,0.0,0.0,0.0,0.0,0.0,ZERO_INTENT,0.2628080520481847,0,32,0,0,32
29.4,-57.052934300832405,-7.655944858104455,2.386242706129183,0.0,0.0,0.0,0.0,0.0,0.0,ZERO_INTENT,0.2628080520481847,0,32,0,0,32
29.416666666666668,-57.052934300832405,-7.655944858104455,2.386242706129183,0.0,0.0,0.0,0.0,0.0,0.0,ZERO_INTENT,0.2628080520481847,0,32,0,0,32
29.433333333333334,-57.052934300832405,-7.655944858104455,2.386242706129183,0.0,0.0,0.0,0.0,0.0,0.0,ZERO_INTENT,0.2628080520481847,0,32,0,0,32
29.45,-57.052934300832405,-7.655944858104455,2.386242706129183,0.0,0.0,0.0,0.0,0.0,0.0,ZERO_INTENT,0.2628080520481847,0,32,0,0,32
29.466666666666665,-57.052934300832405,-7.655944858104455,2.386242706129183,0.0,0.0,0.0,0.0,0.0,0.0,ZERO_INTENT,0.2628080520481847,0,32,0,0,32
29.483333333333334,-57.052934300832405,-7.655944858104455,2.386242706129183,0.0,0.0,0.0,0.0,0.0,0.0,ZERO_INTENT,0.2628080520481847,0,32,0,0,32
29.5,-57.052934300832405,-7.655944858104455,2.386242706129183,0.0,0.0,0.0,0.0,0.0,0.0,ZERO_INTENT,0.2628080520481847,0,32,0,0,32
29.516666666666666,-57.052934300832405,-7.655944858104455,2.386242706129183,0.0,0.0,0.0,0.0,0.0,0.0,ZERO_INTENT,0.2628080520481847,0,32,0,0,32
29.533333333333335,-57.052934300832405,-7.655944858104455,2.386242706129183,0.0,0.0,0.0,0.0,0.0,0.0,ZERO_INTENT,0.2628080520481847,0,32,0,0,32
29.55,-57.052934300832405,-7.655944858104455,2.386242706129183,0.0,0.0,0.0,0.0,0.0,0.0,ZERO_INTENT,0.2628080520481847,0,32,0,0,32
29.566666666666666,-57.052934300832405,-7.655944858104455,2.386242706129183,0.0,0.0,0.0,0.0,0.0,0.0,ZERO_INTENT,0.2628080520481847,0,32,0,0,32
29.583333333333332,-57.052934300832405,-7.655944858104455,2.386242706129183,0.0,0.0,0.0,0.0,0.0,0.0,ZERO_INTENT,0.2628080520481847,0,32,0,0,32
29.6,-57.052934300832405,-7.655944858104455,2.386242706129183,0.0,0.0,0.0,0.0,0.0,0.0,ZERO_INTENT,0.2628080520481847,0,32,0,0,32
29.616666666666667,-57.052934300832405,-7.655944858104455,2.386242706129183,0.0,0.0,0.0,0.0,0.0,0.0,ZERO_INTENT,0.2628080520481847,0,32,0,0,32
29.633333333333333,-57.052934300832405,-7.655944858104455,2.386242706129183,0.0,0.0,0.0,0.0,0.0,0.0,ZERO_INTENT,0.2628080520481847,0,32,0,0,32
29.65,-57.052934300832405,-7.655944858104455,2.386242706129183,0.0,0.0,0.0,0.0,0.0,0.0,ZERO_INTENT,0.2628080520481847,0,32,0,0,32
29.666666666666668,-57.052934300832405,-7.655944858104455,2.386242706129183,0.0,0.0,0.0,0.0,0.0,0.0,ZERO_INTENT,0.2628080520481847,0,32,0,0,32
29.683333333333334,-57.052934300832405,-7.655944858104455,2.386242706129183,0.0,0.0,0.0,0.0,0.0,0.0,ZERO_INTENT,0.2628080520481847,0,32,0,0,32
29.7,-57.052934300832405,-7.655944858104455,2.386242706129183,0.0,0.0,0.0,0.0,0.0,0.0,ZERO_INTENT,0.2628080520481847,0,32,0,0,32
29.716666666666665,-57.052934300832405,-7.655944858104455,2.386242706129183,0.0,0.0,0.0,0.0,0.0,0.0,ZERO_INTENT,0.2628080520481847,0,32,0,0,32
29.733333333333334,-57.052934300832405,-7.655944858104455,2.386242706129183,0.0,0.0,0.0,0.0,0.0,0.0,ZERO_INTENT,0.2628080520481847,0,32,0,0,32
29.75,-57.052934300832405,-7.655944858104455,2.386242706129183,0.0,0.0,0.0,0.0,0.0,0.0,ZERO_INTENT,0.2628080520481847,0,32,0,0,32
29.766666666666666,-57.052934300832405,-7.655944858104455,2.386242706129183,0.0,0.0,0.0,0.0,0.0,0.0,ZERO_INTENT,0.2628080520481847,0,32,0,0,32
29.783333333333335,-57.052934300832405,-7.655944858104455,2.386242706129183,0.0,0.0,0.0,0.0,0.0,0.0,ZERO_INTENT,0.2628080520481847,0,32,0,0,32
29.8,-57.052934300832405,-7.655944858104455,2.386242706129183,0.0,0.0,0.0,0.0,0.0,0.0,ZERO_INTENT,0.2628080520481847,0,32,0,0,32
29.816666666666666,-57.052934300832405,-7.655944858104455,2.386242706129183,0.0,0.0,0.0,0.0,0.0,0.0,ZERO_INTENT,0.2628080520481847,0,32,0,0,32
29.833333333333332,-57.052934300832405,-7.655944858104455,2.386242706129183,0.0,0.0,0.0,0.0,0.0,0.0,ZERO_INTENT,0.2628080520481847,0,32,0,0,32
29.85,-57.052934300832405,-7.655944858104455,2.386242706129183,0.0,0.0,0.0,0.0,0.0,0.0,ZERO_INTENT,0.2628080520481847,0,32,0,0,32
29.866666666666667,-57.052934300832405,-7.655944858104455,2.386242706129183,0.0,0.0,0.0,0.0,0.0,0.0,ZERO_INTENT,0.2628080520481847,0,32,0,0,32
29.883333333333333,-57.052934300832405,-7.655944858104455,2.386242706129183,0.0,0.0,0.0,0.0,0.0,0.0,ZERO_INTENT,0.2628080520481847,0,32,0,0,32
29.9,-57.052934300832405,-7.655944858104455,2.386242706129183,0.0,0.0,0.0,0.0,0.0,0.0,ZERO_INTENT,0.2628080520481847,0,32,0,0,32
29.916666666666668,-57.052934300832405,-7.655944858104455,2.386242706129183,0.0,0.0,0.0,0.0,0.0,0.0,ZERO_INTENT,0.2628080520481847,0,32,0,0,32
29.933333333333334,-57.052934300832405,-7.655944858104455,2.386242706129183,0.0,0.0,0.0,0.0,0.0,0.0,ZERO_INTENT,0.2628080520481847,0,32,0,0,32
29.95,-57.052934300832405,-7.655944858104455,2.386242706129183,0.0,0.0,0.0,0.0,0.0,0.0,ZERO_INTENT,0.2628080520481847,0,32,0,0,32
29.966666666666665,-57.052934300832405,-7.655944858104455,2.386242706129183,0.0,0.0,0.0,0.0,0.0,0.0,ZERO_INTENT,0.2628080520481847,0,32,0,0,32
29.983333333333334,-57.052934300832405,-7.655944858104455,2.386242706129183,0.0,0.0,0.0,0.0,0.0,0.0,ZERO_INTENT,0.2628080520481847,0,32,0,0,32
30.0,-57.052934300832405,-7.655944858104455,2.386242706129183,0.0,0.0,0.0,0.0,0.0,0.0,ZERO_INTENT,0.2628080520481847,0,32,0,0,32
30.016666666666666,-57.052934300832405,-7.655944858104455,2.386242706129183,0.0,0.0,0.0,0.0,0.0,0.0,ZERO_INTENT,0.2628080520481847,0,32,0,0,32
30.033333333333335,-57.052934300832405,-7.655944858104455,2.386242706129183,0.0,0.0,0.0,0.0,0.0,0.0,ZERO_INTENT,0.2628080520481847,0,32,0,0,32
30.05,-57.052934300832405,-7.655944858104455,2.386242706129183,0.0,0.0,0.0,0.0,0.0,0.0,ZERO_INTENT,0.2628080520481847,0,32,0,0,32
30.066666666666666,-57.052934300832405,-7.655944858104455,2.386242706129183,0.0,0.0,0.0,0.0,0.0,0.0,ZERO_INTENT,0.2628080520481847,0,32,0,0,32
30.083333333333332,-57.052934300832405,-7.655944858104455,2.386242706129183,0.0,0.0,0.0,0.0,0.0,0.0,ZERO_INTENT,0.2628080520481847,0,32,0,0,32
30.1,-57.052934300832405,-7.655944858104455,2.386242706129183,0.0,0.0,0.0,0.0,0.0,0.0,ZERO_INTENT,0.2628080520481847,0,32,0,0,32
30.116666666666667,-57.052934300832405,-7.655944858104455,2.386242706129183,0.0,0.0,0.0,0.0,0.0,0.0,ZERO_INTENT,0.2628080520481847,0,32,0,0,32
30.133333333333333,-57.052934300832405,-7.655944858104455,2.386242706129183,0.0,0.0,0.0,0.0,0.0,0.0,ZERO_INTENT,0.2628080520481847,0,32,0,0,32
30.15,-57.052934300832405,-7.655944858104455,2.386242706129183,0.0,0.0,0.0,0.0,0.0,0.0,ZERO_INTENT,0.2628080520481847,0,32,0,0,32
30.166666666666668,-57.052934300832405,-7.655944858104455,2.386242706129183,0.0,0.0,0.0,0.0,0.0,0.0,ZERO_INTENT,0.2628080520481847,0,32,0,0,32
30.183333333333334,-57.052934300832405,-7.655944858104455,2.386242706129183,0.0,0.0,0.0,0.0,0.0,0.0,ZERO_INTENT,0.2628080520481847,0,32,0,0,32
30.2,-57.052934300832405,-7.655944858104455,2.386242706129183,0.0,0.0,0.0,0.0,0.0,0.0,ZERO_INTENT,0.2628080520481847,0,32,0,0,32
30.216666666666665,-57.052934300832405,-7.655944858104455,2.386242706129183,0.0,0.0,0.0,0.0,0.0,0.0,ZERO_INTENT,0.2628080520481847,0,32,0,0,32
30.233333333333334,-57.052934300832405,-7.655944858104455,2.386242706129183,0.0,0.0,0.0,0.0,0.0,0.0,ZERO_INTENT,0.2628080520481847,0,32,0,0,32
30.25,-57.052934300832405,-7.655944858104455,2.386242706129183,0.0,0.0,0.0,0.0,0.0,0.0,ZERO_INTENT,0.2628080520481847,0,32,0,0,32
30.266666666666666,-57.052934300832405,-7.655944858104455,2.386242706129183,0.0,0.0,0.0,0.0,0.0,0.0,ZERO_INTENT,0.2628080520481847,0,32,0,0,32
30.283333333333335,-57.052934300832405,-7.655944858104455,2.386242706129183,0.0,0.0,0.0,0.0,0.0,0.0,ZERO_INTENT,0.2628080520481847,0,32,0,0,32
30.3,-57.052934300832405,-7.655944858104455,2.386242706129183,0.0,0.0,0.0,0.0,0.0,0.0,ZERO_INTENT,0.2628080520481847,0,32,0,0,32
30.316666666666666,-57.052934300832405,-7.655944858104455,2.386242706129183,0.0,0.0,0.0,0.0,0.0,0.0,ZERO_INTENT,0.2628080520481847,0,32,0,0,32
30.333333333333332,-57.052934300832405,-7.655944858104455,2.386242706129183,0.0,0.0,0.0,0.0,0.0,0.0,ZERO_INTENT,0.2628080520481847,0,32,0,0,32
30.35,-57.052934300832405,-7.655944858104455,2.386242706129183,0.0,0.0,0.0,0.0,0.0,0.0,ZERO_INTENT,0.2628080520481847,0,32,0,0,32
30.366666666666667,-57.052934300832405,-7.655944858104455,2.386242706129183,0.0,0.0,0.0,0.0,0.0,0.0,ZERO_INTENT,0.2628080520481847,0,32,0,0,32
30.383333333333333,-57.052934300832405,-7.655944858104455,2.386242706129183,0.0,0.0,0.0,0.0,0.0,0.0,ZERO_INTENT,0.2628080520481847,0,32,0,0,32
30.4,-57.052934300832405,-7.655944858104455,2.386242706129183,0.0,0.0,0.0,0.0,0.0,0.0,ZERO_INTENT,0.2628080520481847,0,32,0,0,32
30.416666666666668,-57.052934300832405,-7.655944858104455,2.386242706129183,0.0,0.0,0.0,0.0,0.0,0.0,ZERO_INTENT,0.2628080520481847,0,32,0,0,32
30.433333333333334,-57.052934300832405,-7.655944858104455,2.386242706129183,0.0,0.0,0.0,0.0,0.0,0.0,ZERO_INTENT,0.2628080520481847,0,32,0,0,32
30.45,-57.052934300832405,-7.655944858104455,2.386242706129183,0.0,0.0,0.0,0.0,0.0,0.0,ZERO_INTENT,0.2628080520481847,0,32,0,0,32
30.466666666666665,-57.052934300832405,-7.655944858104455,2.386242706129183,0.0,0.0,0.0,0.0,0.0,0.0,ZERO_INTENT,0.2628080520481847,0,32,0,0,32
30.483333333333334,-57.052934300832405,-7.655944858104455,2.386242706129183,0.0,0.0,0.0,0.0,0.0,0.0,ZERO_INTENT,0.2628080520481847,0,32,0,0,32
30.5,-57.052934300832405,-7.655944858104455,2.386242706129183,0.0,0.0,0.0,0.0,0.0,0.0,ZERO_INTENT,0.2628080520481847,0,32,0,0,32
30.516666666666666,-57.052934300832405,-7.655944858104455,2.386242706129183,0.0,0.0,0.0,0.0,0.0,0.0,ZERO_INTENT,0.2628080520481847,0,32,0,0,32
30.533333333333335,-57.052934300832405,-7.655944858104455,2.386242706129183,0.0,0.0,0.0,0.0,0.0,0.0,ZERO_INTENT,0.2628080520481847,0,32,0,0,32
30.55,-57.052934300832405,-7.655944858104455,2.386242706129183,0.0,0.0,0.0,0.0,0.0,0.0,ZERO_INTENT,0.2628080520481847,0,32,0,0,32
30.566666666666666,-57.052934300832405,-7.655944858104455,2.386242706129183,0.0,0.0,0.0,0.0,0.0,0.0,ZERO_INTENT,0.2628080520481847,0,32,0,0,32
30.583333333333332,-57.052934300832405,-7.655944858104455,2.386242706129183,0.0,0.0,0.0,0.0,0.0,0.0,ZERO_INTENT,0.2628080520481847,0,32,0,0,32
30.6,-57.052934300832405,-7.655944858104455,2.386242706129183,0.0,0.0,0.0,0.0,0.0,0.0,ZERO_INTENT,0.2628080520481847,0,32,0,0,32
30.616666666666667,-57.052934300832405,-7.655944858104455,2.386242706129183,0.0,0.0,0.0,0.0,0.0,0.0,ZERO_INTENT,0.2628080520481847,0,32,0,0,32
30.633333333333333,-57.052934300832405,-7.655944858104455,2.386242706129183,0.0,0.0,0.0,0.0,0.0,0.0,ZERO_INTENT,0.2628080520481847,0,32,0,0,32
30.65,-57.052934300832405,-7.655944858104455,2.386242706129183,0.0,0.0,0.0,0.0,0.0,0.0,ZERO_INTENT,0.2628080520481847,0,32,0,0,32
30.666666666666668,-57.052934300832405,-7.655944858104455,2.386242706129183,0.0,0.0,0.0,0.0,0.0,0.0,ZERO_INTENT,0.2628080520481847,0,32,0,0,32
30.683333333333334,-57.052934300832405,-7.655944858104455,2.386242706129183,0.0,0.0,0.0,0.0,0.0,0.0,ZERO_INTENT,0.2628080520481847,0,32,0,0,32
30.7,-57.052934300832405,-7.655944858104455,2.386242706129183,0.0,0.0,0.0,0.0,0.0,0.0,ZERO_INTENT,0.2628080520481847,0,32,0,0,32
30.716666666666665,-57.052934300832405,-7.655944858104455,2.386242706129183,0.0,0.0,0.0,0.0,0.0,0.0,ZERO_INTENT,0.2628080520481847,0,32,0,0,32
30.733333333333334,-57.052934300832405,-7.655944858104455,2.386242706129183,0.0,0.0,0.0,0.0,0.0,0.0,ZERO_INTENT,0.2628080520481847,0,32,0,0,32
30.75,-57.052934300832405,-7.655944858104455,2.386242706129183,0.0,0.0,0.0,0.0,0.0,0.0,ZERO_INTENT,0.2628080520481847,0,32,0,0,32
30.766666666666666,-57.052934300832405,-7.655944858104455,2.386242706129183,0.0,0.0,0.0,0.0,0.0,0.0,ZERO_INTENT,0.2628080520481847,0,32,0,0,32
30.783333333333335,-57.052934300832405,-7.655944858104455,2.386242706129183,0.0,0.0,0.0,0.0,0.0,0.0,ZERO_INTENT,0.2628080520481847,0,32,0,0,32
30.8,-57.052934300832405,-7.655944858104455,2.386242706129183,0.0,0.0,0.0,0.0,0.0,0.0,ZERO_INTENT,0.2628080520481847,0,32,0,0,32
30.816666666666666,-57.052934300832405,-7.655944858104455,2.386242706129183,0.0,0.0,0.0,0.0,0.0,0.0,ZERO_INTENT,0.2628080520481847,0,32,0,0,32
30.833333333333332,-57.052934300832405,-7.655944858104455,2.386242706129183,0.0,0.0,0.0,0.0,0.0,0.0,ZERO_INTENT,0.2628080520481847,0,32,0,0,32
30.85,-57.052934300832405,-7.655944858104455,2.386242706129183,0.0,0.0,0.0,0.0,0.0,0.0,ZERO_INTENT,0.2628080520481847,0,32,0,0,32
30.866666666666667,-57.052934300832405,-7.655944858104455,2.386242706129183,0.0,0.0,0.0,0.0,0.0,0.0,ZERO_INTENT,0.2628080520481847,0,32,0,0,32
30.883333333333333,-57.052934300832405,-7.655944858104455,2.386242706129183,0.0,0.0,0.0,0.0,0.0,0.0,ZERO_INTENT,0.2628080520481847,0,32,0,0,32
30.9,-57.052934300832405,-7.655944858104455,2.386242706129183,0.0,0.0,0.0,0.0,0.0,0.0,ZERO_INTENT,0.2628080520481847,0,32,0,0,32
30.916666666666668,-57.052934300832405,-7.655944858104455,2.386242706129183,0.0,0.0,0.0,0.0,0.0,0.0,ZERO_INTENT,0.2628080520481847,0,32,0,0,32
30.933333333333334,-57.052934300832405,-7.655944858104455,2.386242706129183,0.0,0.0,0.0,0.0,0.0,0.0,ZERO_INTENT,0.2628080520481847,0,32,0,0,32
30.95,-57.052934300832405,-7.655944858104455,2.386242706129183,0.0,0.0,0.0,0.0,0.0,0.0,ZERO_INTENT,0.2628080520481847,0,32,0,0,32
30.966666666666665,-57.052934300832405,-7.655944858104455,2.386242706129183,0.0,0.0,0.0,0.0,0.0,0.0,ZERO_INTENT,0.2628080520481847,0,32,0,0,32
30.983333333333334,-57.052934300832405,-7.655944858104455,2.386242706129183,0.0,0.0,0.0,0.0,0.0,0.0,ZERO_INTENT,0.2628080520481847,0,32,0,0,32
31.0,-57.052934300832405,-7.655944858104455,2.386242706129183,0.0,0.0,0.0,0.0,0.0,0.0,ZERO_INTENT,0.2628080520481847,0,32,0,0,32
31.016666666666666,-57.052934300832405,-7.655944858104455,2.386242706129183,0.0,0.0,0.0,0.0,0.0,0.0,ZERO_INTENT,0.2628080520481847,0,32,0,0,32
31.033333333333335,-57.052934300832405,-7.655944858104455,2.386242706129183,0.0,0.0,0.0,0.0,0.0,0.0,ZERO_INTENT,0.2628080520481847,0,32,0,0,32
31.05,-57.052934300832405,-7.655944858104455,2.386242706129183,0.0,0.0,0.0,0.0,0.0,0.0,ZERO_INTENT,0.2628080520481847,0,32,0,0,32
31.066666666666666,-57.052934300832405,-7.655944858104455,2.386242706129183,0.0,0.0,0.0,0.0,0.0,0.0,ZERO_INTENT,0.2628080520481847,0,32,0,0,32
31.083333333333332,-57.052934300832405,-7.655944858104455,2.386242706129183,0.0,0.0,0.0,0.0,0.0,0.0,ZERO_INTENT,0.2628080520481847,0,32,0,0,32
31.1,-57.052934300832405,-7.655944858104455,2.386242706129183,0.0,0.0,0.0,0.0,0.0,0.0,ZERO_INTENT,0.2628080520481847,0,32,0,0,32
31.116666666666667,-57.052934300832405,-7.655944858104455,2.386242706129183,0.0,0.0,0.0,0.0,0.0,0.0,ZERO_INTENT,0.2628080520481847,0,32,0,0,32
31.133333333333333,-57.052934300832405,-7.655944858104455,2.386242706129183,0.0,0.0,0.0,0.0,0.0,0.0,ZERO_INTENT,0.2628080520481847,0,32,0,0,32
31.15,-57.052934300832405,-7.655944858104455,2.386242706129183,0.0,0.0,0.0,0.0,0.0,0.0,ZERO_INTENT,0.2628080520481847,0,32,0,0,32
31.166666666666668,-57.052934300832405,-7.655944858104455,2.386242706129183,0.0,0.0,0.0,0.0,0.0,0.0,ZERO_INTENT,0.2628080520481847,0,32,0,0,32
31.183333333333334,-57.052934300832405,-7.655944858104455,2.386242706129183,0.0,0.0,0.0,0.0,0.0,0.0,ZERO_INTENT,0.2628080520481847,0,32,0,0,32
31.2,-57.052934300832405,-7.655944858104455,2.386242706129183,0.0,0.0,0.0,0.0,0.0,0.0,ZERO_INTENT,0.2628080520481847,0,32,0,0,32
31.216666666666665,-57.052934300832405,-7.655944858104455,2.386242706129183,0.0,0.0,0.0,0.0,0.0,0.0,ZERO_INTENT,0.2628080520481847,0,32,0,0,32
31.233333333333334,-57.052934300832405,-7.655944858104455,2.386242706129183,0.0,0.0,0.0,0.0,0.0,0.0,ZERO_INTENT,0.2628080520481847,0,32,0,0,32
31.25,-57.052934300832405,-7.655944858104455,2.386242706129183,0.0,0.0,0.0,0.0,0.0,0.0,ZERO_INTENT,0.2628080520481847,0,32,0,0,32
31.266666666666666,-57.052934300832405,-7.655944858104455,2.386242706129183,0.0,0.0,0.0,0.0,0.0,0.0,ZERO_INTENT,0.2628080520481847,0,32,0,0,32
31.283333333333335,-57.052934300832405,-7.655944858104455,2.386242706129183,0.0,0.0,0.0,0.0,0.0,0.0,ZERO_INTENT,0.2628080520481847,0,32,0,0,32
31.3,-57.052934300832405,-7.655944858104455,2.386242706129183,0.0,0.0,0.0,0.0,0.0,0.0,ZERO_INTENT,0.2628080520481847,0,32,0,0,32
31.316666666666666,-57.052934300832405,-7.655944858104455,2.386242706129183,0.0,0.0,0.0,0.0,0.0,0.0,ZERO_INTENT,0.2628080520481847,0,32,0,0,32
31.333333333333332,-57.052934300832405,-7.655944858104455,2.386242706129183,0.0,0.0,0.0,0.0,0.0,0.0,ZERO_INTENT,0.2628080520481847,0,32,0,0,32
31.35,-57.052934300832405,-7.655944858104455,2.386242706129183,0.0,0.0,0.0,0.0,0.0,0.0,ZERO_INTENT,0.2628080520481847,0,32,0,0,32
31.366666666666667,-57.052934300832405,-7.655944858104455,2.386242706129183,0.0,0.0,0.0,0.0,0.0,0.0,ZERO_INTENT,0.2628080520481847,0,32,0,0,32
31.383333333333333,-57.052934300832405,-7.655944858104455,2.386242706129183,0.0,0.0,0.0,0.0,0.0,0.0,ZERO_INTENT,0.2628080520481847,0,32,0,0,32
31.4,-57.052934300832405,-7.655944858104455,2.386242706129183,0.0,0.0,0.0,0.0,0.0,0.0,ZERO_INTENT,0.2628080520481847,0,32,0,0,32
31.416666666666668,-57.052934300832405,-7.655944858104455,2.386242706129183,0.0,0.0,0.0,0.0,0.0,0.0,ZERO_INTENT,0.2628080520481847,0,32,0,0,32
31.433333333333334,-57.052934300832405,-7.655944858104455,2.386242706129183,0.0,0.0,0.0,0.0,0.0,0.0,ZERO_INTENT,0.2628080520481847,0,32,0,0,32
31.45,-57.052934300832405,-7.655944858104455,2.386242706129183,0.0,0.0,0.0,0.0,0.0,0.0,ZERO_INTENT,0.2628080520481847,0,32,0,0,32
31.466666666666665,-57.052934300832405,-7.655944858104455,2.386242706129183,0.0,0.0,0.0,0.0,0.0,0.0,ZERO_INTENT,0.2628080520481847,0,32,0,0,32
31.483333333333334,-57.052934300832405,-7.655944858104455,2.386242706129183,0.0,0.0,0.0,0.0,0.0,0.0,ZERO_INTENT,0.2628080520481847,0,32,0,0,32
31.5,-57.052934300832405,-7.655944858104455,2.386242706129183,0.0,0.0,0.0,0.0,0.0,0.0,ZERO_INTENT,0.2628080520481847,0,32,0,0,32
31.516666666666666,-57.052934300832405,-7.655944858104455,2.386242706129183,0.0,0.0,0.0,0.0,0.0,0.0,ZERO_INTENT,0.2628080520481847,0,32,0,0,32
31.533333333333335,-57.052934300832405,-7.655944858104455,2.386242706129183,0.0,0.0,0.0,0.0,0.0,0.0,ZERO_INTENT,0.2628080520481847,0,32,0,0,32
31.55,-57.052934300832405,-7.655944858104455,2.386242706129183,0.0,0.0,0.0,0.0,0.0,0.0,ZERO_INTENT,0.2628080520481847,0,32,0,0,32
31.566666666666666,-57.052934300832405,-7.655944858104455,2.386242706129183,0.0,0.0,0.0,0.0,0.0,0.0,ZERO_INTENT,0.2628080520481847,0,32,0,0,32
31.583333333333332,-57.052934300832405,-7.655944858104455,2.386242706129183,0.0,0.0,0.0,0.0,0.0,0.0,ZERO_INTENT,0.2628080520481847,0,32,0,0,32
31.6,-57.052934300832405,-7.655944858104455,2.386242706129183,0.0,0.0,0.0,0.0,0.0,0.0,ZERO_INTENT,0.2628080520481847,0,32,0,0,32
31.616666666666667,-57.052934300832405,-7.655944858104455,2.386242706129183,0.0,0.0,0.0,0.0,0.0,0.0,ZERO_INTENT,0.2628080520481847,0,32,0,0,32
31.633333333333333,-57.052934300832405,-7.655944858104455,2.386242706129183,0.0,0.0,0.0,0.0,0.0,0.0,ZERO_INTENT,0.2628080520481847,0,32,0,0,32
31.65,-57.052934300832405,-7.655944858104455,2.386242706129183,0.0,0.0,0.0,0.0,0.0,0.0,ZERO_INTENT,0.2628080520481847,0,32,0,0,32
31.666666666666668,-57.052934300832405,-7.655944858104455,2.386242706129183,0.0,0.0,0.0,0.0,0.0,0.0,ZERO_INTENT,0.2628080520481847,0,32,0,0,32
31.683333333333334,-57.052934300832405,-7.655944858104455,2.386242706129183,0.0,0.0,0.0,0.0,0.0,0.0,ZERO_INTENT,0.2628080520481847,0,32,0,0,32
31.7,-57.052934300832405,-7.655944858104455,2.386242706129183,0.0,0.0,0.0,0.0,0.0,0.0,ZERO_INTENT,0.2628080520481847,0,32,0,0,32
31.716666666666665,-57.052934300832405,-7.655944858104455,2.386242706129183,0.0,0.0,0.0,0.0,0.0,0.0,ZERO_INTENT,0.2628080520481847,0,32,0,0,32
31.733333333333334,-57.052934300832405,-7.655944858104455,2.386242706129183,0.0,0.0,0.0,0.0,0.0,0.0,ZERO_INTENT,0.2628080520481847,0,32,0,0,32
31.75,-57.052934300832405,-7.655944858104455,2.386242706129183,0.0,0.0,0.0,0.0,0.0,0.0,ZERO_INTENT,0.2628080520481847,0,32,0,0,32
31.766666666666666,-57.052934300832405,-7.655944858104455,2.386242706129183,0.0,0.0,0.0,0.0,0.0,0.0,ZERO_INTENT,0.2628080520481847,0,32,0,0,32
31.783333333333335,-57.052934300832405,-7.655944858104455,2.386242706129183,0.0,0.0,0.0,0.0,0.0,0.0,ZERO_INTENT,0.2628080520481847,0,32,0,0,32
31.8,-57.052934300832405,-7.655944858104455,2.386242706129183,0.0,0.0,0.0,0.0,0.0,0.0,ZERO_INTENT,0.2628080520481847,0,32,0,0,32
31.816666666666666,-57.052934300832405,-7.655944858104455,2.386242706129183,0.0,0.0,0.0,0.0,0.0,0.0,ZERO_INTENT,0.2628080520481847,0,32,0,0,32
31.833333333333332,-57.052934300832405,-7.655944858104455,2.386242706129183,0.0,0.0,0.0,0.0,0.0,0.0,ZERO_INTENT,0.2628080520481847,0,32,0,0,32
31.85,-57.052934300832405,-7.655944858104455,2.386242706129183,0.0,0.0,0.0,0.0,0.0,0.0,ZERO_INTENT,0.2628080520481847,0,32,0,0,32
31.866666666666667,-57.052934300832405,-7.655944858104455,2.386242706129183,0.0,0.0,0.0,0.0,0.0,0.0,ZERO_INTENT,0.2628080520481847,0,32,0,0,32
31.883333333333333,-57.052934300832405,-7.655944858104455,2.386242706129183,0.0,0.0,0.0,0.0,0.0,0.0,ZERO_INTENT,0.2628080520481847,0,32,0,0,32
31.9,-57.052934300832405,-7.655944858104455,2.386242706129183,0.0,0.0,0.0,0.0,0.0,0.0,ZERO_INTENT,0.2628080520481847,0,32,0,0,32
31.916666666666668,-57.052934300832405,-7.655944858104455,2.386242706129183,0.0,0.0,0.0,0.0,0.0,0.0,ZERO_INTENT,0.2628080520481847,0,32,0,0,32
31.933333333333334,-57.052934300832405,-7.655944858104455,2.386242706129183,0.0,0.0,0.0,0.0,0.0,0.0,ZERO_INTENT,0.2628080520481847,0,32,0,0,32
31.95,-57.052934300832405,-7.655944858104455,2.386242706129183,0.0,0.0,0.0,0.0,0.0,0.0,ZERO_INTENT,0.2628080520481847,0,32,0,0,32
31.966666666666665,-57.052934300832405,-7.655944858104455,2.386242706129183,0.0,0.0,0.0,0.0,0.0,0.0,ZERO_INTENT,0.2628080520481847,0,32,0,0,32
31.983333333333334,-57.052934300832405,-7.655944858104455,2.386242706129183,0.0,0.0,0.0,0.0,0.0,0.0,ZERO_INTENT,0.2628080520481847,0,32,0,0,32
32.0,-57.052934300832405,-7.655944858104455,2.386242706129183,0.0,0.0,0.0,0.0,0.0,0.0,ZERO_INTENT,0.2628080520481847,0,32,0,0,32
32.016666666666666,-57.052934300832405,-7.655944858104455,2.386242706129183,0.0,0.0,0.0,0.0,0.0,0.0,ZERO_INTENT,0.2628080520481847,0,32,0,0,32
32.03333333333333,-57.052934300832405,-7.655944858104455,2.386242706129183,0.0,0.0,0.0,0.0,0.0,0.0,ZERO_INTENT,0.2628080520481847,0,32,0,0,32
32.05,-57.052934300832405,-7.655944858104455,2.386242706129183,0.0,0.0,0.0,0.0,0.0,0.0,ZERO_INTENT,0.2628080520481847,0,32,0,0,32
32.06666666666667,-57.052934300832405,-7.655944858104455,2.386242706129183,0.0,0.0,0.0,0.0,0.0,0.0,ZERO_INTENT,0.2628080520481847,0,32,0,0,32
32.083333333333336,-57.052934300832405,-7.655944858104455,2.386242706129183,0.0,0.0,0.0,0.0,0.0,0.0,ZERO_INTENT,0.2628080520481847,0,32,0,0,32
32.1,-57.052934300832405,-7.655944858104455,2.386242706129183,0.0,0.0,0.0,0.0,0.0,0.0,ZERO_INTENT,0.2628080520481847,0,32,0,0,32
32.11666666666667,-57.052934300832405,-7.655944858104455,2.386242706129183,0.0,0.0,0.0,0.0,0.0,0.0,ZERO_INTENT,0.2628080520481847,0,32,0,0,32
32.13333333333333,-57.052934300832405,-7.655944858104455,2.386242706129183,0.0,0.0,0.0,0.0,0.0,0.0,ZERO_INTENT,0.2628080520481847,0,32,0,0,32
32.15,-57.052934300832405,-7.655944858104455,2.386242706129183,0.0,0.0,0.0,0.0,0.0,0.0,ZERO_INTENT,0.2628080520481847,0,32,0,0,32
32.166666666666664,-57.052934300832405,-7.655944858104455,2.386242706129183,0.0,0.0,0.0,0.0,0.0,0.0,ZERO_INTENT,0.2628080520481847,0,32,0,0,32
32.18333333333333,-57.052934300832405,-7.655944858104455,2.386242706129183,0.0,0.0,0.0,0.0,0.0,0.0,ZERO_INTENT,0.2628080520481847,0,32,0,0,32
32.2,-57.052934300832405,-7.655944858104455,2.386242706129183,0.0,0.0,0.0,0.0,0.0,0.0,ZERO_INTENT,0.2628080520481847,0,32,0,0,32
32.21666666666667,-57.052934300832405,-7.655944858104455,2.386242706129183,0.0,0.0,0.0,0.0,0.0,0.0,ZERO_INTENT,0.2628080520481847,0,32,0,0,32
32.233333333333334,-57.052934300832405,-7.655944858104455,2.386242706129183,0.0,0.0,0.0,0.0,0.0,0.0,ZERO_INTENT,0.2628080520481847,0,32,0,0,32
32.25,-57.052934300832405,-7.655944858104455,2.386242706129183,0.0,0.0,0.0,0.0,0.0,0.0,ZERO_INTENT,0.2628080520481847,0,32,0,0,32
32.266666666666666,-57.052934300832405,-7.655944858104455,2.386242706129183,0.0,0.0,0.0,0.0,0.0,0.0,ZERO_INTENT,0.2628080520481847,0,32,0,0,32
32.28333333333333,-57.052934300832405,-7.655944858104455,2.386242706129183,0.0,0.0,0.0,0.0,0.0,0.0,ZERO_INTENT,0.2628080520481847,0,32,0,0,32
32.3,-57.052934300832405,-7.655944858104455,2.386242706129183,0.0,0.0,0.0,0.0,0.0,0.0,ZERO_INTENT,0.2628080520481847,0,32,0,0,32
32.31666666666667,-57.052934300832405,-7.655944858104455,2.386242706129183,0.0,0.0,0.0,0.0,0.0,0.0,ZERO_INTENT,0.2628080520481847,0,32,0,0,32
32.333333333333336,-57.052934300832405,-7.655944858104455,2.386242706129183,0.0,0.0,0.0,0.0,0.0,0.0,ZERO_INTENT,0.2628080520481847,0,32,0,0,32
32.35,-57.052934300832405,-7.655944858104455,2.386242706129183,0.0,0.0,0.0,0.0,0.0,0.0,ZERO_INTENT,0.2628080520481847,0,32,0,0,32
32.36666666666667,-57.052934300832405,-7.655944858104455,2.386242706129183,0.0,0.0,0.0,0.0,0.0,0.0,ZERO_INTENT,0.2628080520481847,0,32,0,0,32
32.38333333333333,-57.052934300832405,-7.655944858104455,2.386242706129183,0.0,0.0,0.0,0.0,0.0,0.0,ZERO_INTENT,0.2628080520481847,0,32,0,0,32
32.4,-57.052934300832405,-7.655944858104455,2.386242706129183,0.0,0.0,0.0,0.0,0.0,0.0,ZERO_INTENT,0.2628080520481847,0,32,0,0,32
32.416666666666664,-57.052934300832405,-7.655944858104455,2.386242706129183,0.0,0.0,0.0,0.0,0.0,0.0,ZERO_INTENT,0.2628080520481847,0,32,0,0,32
32.43333333333333,-57.052934300832405,-7.655944858104455,2.386242706129183,0.0,0.0,0.0,0.0,0.0,0.0,ZERO_INTENT,0.2628080520481847,0,32,0,0,32
32.45,-57.052934300832405,-7.655944858104455,2.386242706129183,0.0,0.0,0.0,0.0,0.0,0.0,ZERO_INTENT,0.2628080520481847,0,32,0,0,32
32.46666666666667,-57.052934300832405,-7.655944858104455,2.386242706129183,0.0,0.0,0.0,0.0,0.0,0.0,ZERO_INTENT,0.2628080520481847,0,32,0,0,32
32.483333333333334,-57.052934300832405,-7.655944858104455,2.386242706129183,0.0,0.0,0.0,0.0,0.0,0.0,ZERO_INTENT,0.2628080520481847,0,32,0,0,32
32.5,-57.052934300832405,-7.655944858104455,2.386242706129183,0.0,0.0,0.0,0.0,0.0,0.0,ZERO_INTENT,0.2628080520481847,0,32,0,0,32
32.516666666666666,-57.052934300832405,-7.655944858104455,2.386242706129183,0.0,0.0,0.0,0.0,0.0,0.0,ZERO_INTENT,0.2628080520481847,0,32,0,0,32
32.53333333333333,-57.052934300832405,-7.655944858104455,2.386242706129183,0.0,0.0,0.0,0.0,0.0,0.0,ZERO_INTENT,0.2628080520481847,0,32,0,0,32
32.55,-57.052934300832405,-7.655944858104455,2.386242706129183,0.0,0.0,0.0,0.0,0.0,0.0,ZERO_INTENT,0.2628080520481847,0,32,0,0,32
32.56666666666667,-57.052934300832405,-7.655944858104455,2.386242706129183,0.0,0.0,0.0,0.0,0.0,0.0,ZERO_INTENT,0.2628080520481847,0,32,0,0,32
32.583333333333336,-57.052934300832405,-7.655944858104455,2.386242706129183,0.0,0.0,0.0,0.0,0.0,0.0,ZERO_INTENT,0.2628080520481847,0,32,0,0,32
32.6,-57.052934300832405,-7.655944858104455,2.386242706129183,0.0,0.0,0.0,0.0,0.0,0.0,ZERO_INTENT,0.2628080520481847,0,32,0,0,32
32.61666666666667,-57.052934300832405,-7.655944858104455,2.386242706129183,0.0,0.0,0.0,0.0,0.0,0.0,ZERO_INTENT,0.2628080520481847,0,32,0,0,32
32.63333333333333,-57.052934300832405,-7.655944858104455,2.386242706129183,0.0,0.0,0.0,0.0,0.0,0.0,ZERO_INTENT,0.2628080520481847,0,32,0,0,32
32.65,-57.052934300832405,-7.655944858104455,2.386242706129183,0.0,0.0,0.0,0.0,0.0,0.0,ZERO_INTENT,0.2628080520481847,0,32,0,0,32
32.666666666666664,-57.052934300832405,-7.655944858104455,2.386242706129183,0.0,0.0,0.0,0.0,0.0,0.0,ZERO_INTENT,0.2628080520481847,0,32,0,0,32
32.68333333333333,-57.052934300832405,-7.655944858104455,2.386242706129183,0.0,0.0,0.0,0.0,0.0,0.0,ZERO_INTENT,0.2628080520481847,0,32,0,0,32
32.7,-57.052934300832405,-7.655944858104455,2.386242706129183,0.0,0.0,0.0,0.0,0.0,0.0,ZERO_INTENT,0.2628080520481847,0,32,0,0,32
32.71666666666667,-57.052934300832405,-7.655944858104455,2.386242706129183,0.0,0.0,0.0,0.0,0.0,0.0,ZERO_INTENT,0.2628080520481847,0,32,0,0,32
32.733333333333334,-57.052934300832405,-7.655944858104455,2.386242706129183,0.0,0.0,0.0,0.0,0.0,0.0,ZERO_INTENT,0.2628080520481847,0,32,0,0,32
32.75,-57.052934300832405,-7.655944858104455,2.386242706129183,0.0,0.0,0.0,0.0,0.0,0.0,ZERO_INTENT,0.2628080520481847,0,32,0,0,32
32.766666666666666,-57.052934300832405,-7.655944858104455,2.386242706129183,0.0,0.0,0.0,0.0,0.0,0.0,ZERO_INTENT,0.2628080520481847,0,32,0,0,32
32.78333333333333,-57.052934300832405,-7.655944858104455,2.386242706129183,0.0,0.0,0.0,0.0,0.0,0.0,ZERO_INTENT,0.2628080520481847,0,32,0,0,32
32.8,-57.052934300832405,-7.655944858104455,2.386242706129183,0.0,0.0,0.0,0.0,0.0,0.0,ZERO_INTENT,0.2628080520481847,0,32,0,0,32
32.81666666666667,-57.052934300832405,-7.655944858104455,2.386242706129183,0.0,0.0,0.0,0.0,0.0,0.0,ZERO_INTENT,0.2628080520481847,0,32,0,0,32
32.833333333333336,-57.052934300832405,-7.655944858104455,2.386242706129183,0.0,0.0,0.0,0.0,0.0,0.0,ZERO_INTENT,0.2628080520481847,0,32,0,0,32
32.85,-57.052934300832405,-7.655944858104455,2.386242706129183,0.0,0.0,0.0,0.0,0.0,0.0,ZERO_INTENT,0.2628080520481847,0,32,0,0,32
32.86666666666667,-57.052934300832405,-7.655944858104455,2.386242706129183,0.0,0.0,0.0,0.0,0.0,0.0,ZERO_INTENT,0.2628080520481847,0,32,0,0,32
32.88333333333333,-57.052934300832405,-7.655944858104455,2.386242706129183,0.0,0.0,0.0,0.0,0.0,0.0,ZERO_INTENT,0.2628080520481847,0,32,0,0,32
32.9,-57.052934300832405,-7.655944858104455,2.386242706129183,0.0,0.0,0.0,0.0,0.0,0.0,ZERO_INTENT,0.2628080520481847,0,32,0,0,32
32.916666666666664,-57.052934300832405,-7.655944858104455,2.386242706129183,0.0,0.0,0.0,0.0,0.0,0.0,ZERO_INTENT,0.2628080520481847,0,32,0,0,32
32.93333333333333,-57.052934300832405,-7.655944858104455,2.386242706129183,0.0,0.0,0.0,0.0,0.0,0.0,ZERO_INTENT,0.2628080520481847,0,32,0,0,32
32.95,-57.052934300832405,-7.655944858104455,2.386242706129183,0.0,0.0,0.0,0.0,0.0,0.0,ZERO_INTENT,0.2628080520481847,0,32,0,0,32
32.96666666666667,-57.052934300832405,-7.655944858104455,2.386242706129183,0.0,0.0,0.0,0.0,0.0,0.0,ZERO_INTENT,0.2628080520481847,0,32,0,0,32
32.983333333333334,-57.052934300832405,-7.655944858104455,2.386242706129183,0.0,0.0,0.0,0.0,0.0,0.0,ZERO_INTENT,0.2628080520481847,0,32,0,0,32
33.0,-57.052934300832405,-7.655944858104455,2.386242706129183,0.0,0.0,0.0,0.0,0.0,0.0,ZERO_INTENT,0.2628080520481847,0,32,0,0,32
33.016666666666666,-57.052934300832405,-7.655944858104455,2.386242706129183,0.0,0.0,0.0,0.0,0.0,0.0,ZERO_INTENT,0.2628080520481847,0,32,0,0,32
33.03333333333333,-57.052934300832405,-7.655944858104455,2.386242706129183,0.0,0.0,0.0,0.0,0.0,0.0,ZERO_INTENT,0.2628080520481847,0,32,0,0,32
33.05,-57.052934300832405,-7.655944858104455,2.386242706129183,0.0,0.0,0.0,0.0,0.0,0.0,ZERO_INTENT,0.2628080520481847,0,32,0,0,32
33.06666666666667,-57.052934300832405,-7.655944858104455,2.386242706129183,0.0,0.0,0.0,0.0,0.0,0.0,ZERO_INTENT,0.2628080520481847,0,32,0,0,32
33.083333333333336,-57.052934300832405,-7.655944858104455,2.386242706129183,0.0,0.0,0.0,0.0,0.0,0.0,ZERO_INTENT,0.2628080520481847,0,32,0,0,32
33.1,-57.052934300832405,-7.655944858104455,2.386242706129183,0.0,0.0,0.0,0.0,0.0,0.0,ZERO_INTENT,0.2628080520481847,0,32,0,0,32
33.11666666666667,-57.052934300832405,-7.655944858104455,2.386242706129183,0.0,0.0,0.0,0.0,0.0,0.0,ZERO_INTENT,0.2628080520481847,0,32,0,0,32
33.13333333333333,-57.052934300832405,-7.655944858104455,2.386242706129183,0.0,0.0,0.0,0.0,0.0,0.0,ZERO_INTENT,0.2628080520481847,0,32,0,0,32
33.15,-57.052934300832405,-7.655944858104455,2.386242706129183,0.0,0.0,0.0,0.0,0.0,0.0,ZERO_INTENT,0.2628080520481847,0,32,0,0,32
33.166666666666664,-57.052934300832405,-7.655944858104455,2.386242706129183,0.0,0.0,0.0,0.0,0.0,0.0,ZERO_INTENT,0.2628080520481847,0,32,0,0,32
33.18333333333333,-57.052934300832405,-7.655944858104455,2.386242706129183,0.0,0.0,0.0,0.0,0.0,0.0,ZERO_INTENT,0.2628080520481847,0,32,0,0,32
33.2,-57.052934300832405,-7.655944858104455,2.386242706129183,0.0,0.0,0.0,0.0,0.0,0.0,ZERO_INTENT,0.2628080520481847,0,32,0,0,32
33.21666666666667,-57.052934300832405,-7.655944858104455,2.386242706129183,0.0,0.0,0.0,0.0,0.0,0.0,ZERO_INTENT,0.2628080520481847,0,32,0,0,32
33.233333333333334,-57.052934300832405,-7.655944858104455,2.386242706129183,0.0,0.0,0.0,0.0,0.0,0.0,ZERO_INTENT,0.2628080520481847,0,32,0,0,32
33.25,-57.052934300832405,-7.655944858104455,2.386242706129183,0.0,0.0,0.0,0.0,0.0,0.0,ZERO_INTENT,0.2628080520481847,0,32,0,0,32
33.266666666666666,-57.052934300832405,-7.655944858104455,2.386242706129183,0.0,0.0,0.0,0.0,0.0,0.0,ZERO_INTENT,0.2628080520481847,0,32,0,0,32
33.28333333333333,-57.052934300832405,-7.655944858104455,2.386242706129183,0.0,0.0,0.0,0.0,0.0,0.0,ZERO_INTENT,0.2628080520481847,0,32,0,0,32
33.3,-57.052934300832405,-7.655944858104455,2.386242706129183,0.0,0.0,0.0,0.0,0.0,0.0,ZERO_INTENT,0.2628080520481847,0,32,0,0,32
33.31666666666667,-57.052934300832405,-7.655944858104455,2.386242706129183,0.0,0.0,0.0,0.0,0.0,0.0,ZERO_INTENT,0.2628080520481847,0,32,0,0,32
33.333333333333336,-57.052934300832405,-7.655944858104455,2.386242706129183,0.0,0.0,0.0,0.0,0.0,0.0,ZERO_INTENT,0.2628080520481847,0,32,0,0,32
33.35,-57.052934300832405,-7.655944858104455,2.386242706129183,0.0,0.0,0.0,0.0,0.0,0.0,ZERO_INTENT,0.2628080520481847,0,32,0,0,32
33.36666666666667,-57.052934300832405,-7.655944858104455,2.386242706129183,0.0,0.0,0.0,0.0,0.0,0.0,ZERO_INTENT,0.2628080520481847,0,32,0,0,32
33.38333333333333,-57.052934300832405,-7.655944858104455,2.386242706129183,0.0,0.0,0.0,0.0,0.0,0.0,ZERO_INTENT,0.2628080520481847,0,32,0,0,32
33.4,-57.052934300832405,-7.655944858104455,2.386242706129183,0.0,0.0,0.0,0.0,0.0,0.0,ZERO_INTENT,0.2628080520481847,0,32,0,0,32
33.416666666666664,-57.052934300832405,-7.655944858104455,2.386242706129183,0.0,0.0,0.0,0.0,0.0,0.0,ZERO_INTENT,0.2628080520481847,0,32,0,0,32
33.43333333333333,-57.052934300832405,-7.655944858104455,2.386242706129183,0.0,0.0,0.0,0.0,0.0,0.0,ZERO_INTENT,0.2628080520481847,0,32,0,0,32
33.45,-57.052934300832405,-7.655944858104455,2.386242706129183,0.0,0.0,0.0,0.0,0.0,0.0,ZERO_INTENT,0.2628080520481847,0,32,0,0,32
33.46666666666667,-57.052934300832405,-7.655944858104455,2.386242706129183,0.0,0.0,0.0,0.0,0.0,0.0,ZERO_INTENT,0.2628080520481847,0,32,0,0,32
33.483333333333334,-57.052934300832405,-7.655944858104455,2.386242706129183,0.0,0.0,0.0,0.0,0.0,0.0,ZERO_INTENT,0.2628080520481847,0,32,0,0,32
33.5,-57.052934300832405,-7.655944858104455,2.386242706129183,0.0,0.0,0.0,0.0,0.0,0.0,ZERO_INTENT,0.2628080520481847,0,32,0,0,32
33.516666666666666,-57.052934300832405,-7.655944858104455,2.386242706129183,0.0,0.0,0.0,0.0,0.0,0.0,ZERO_INTENT,0.2628080520481847,0,32,0,0,32
33.53333333333333,-57.052934300832405,-7.655944858104455,2.386242706129183,0.0,0.0,0.0,0.0,0.0,0.0,ZERO_INTENT,0.2628080520481847,0,32,0,0,32
33.55,-57.052934300832405,-7.655944858104455,2.386242706129183,0.0,0.0,0.0,0.0,0.0,0.0,ZERO_INTENT,0.2628080520481847,0,32,0,0,32
33.56666666666667,-57.052934300832405,-7.655944858104455,2.386242706129183,0.0,0.0,0.0,0.0,0.0,0.0,ZERO_INTENT,0.2628080520481847,0,32,0,0,32
33.583333333333336,-57.052934300832405,-7.655944858104455,2.386242706129183,0.0,0.0,0.0,0.0,0.0,0.0,ZERO_INTENT,0.2628080520481847,0,32,0,0,32
33.6,-57.052934300832405,-7.655944858104455,2.386242706129183,0.0,0.0,0.0,0.0,0.0,0.0,ZERO_INTENT,0.2628080520481847,0,32,0,0,32
33.61666666666667,-57.052934300832405,-7.655944858104455,2.386242706129183,0.0,0.0,0.0,0.0,0.0,0.0,ZERO_INTENT,0.2628080520481847,0,32,0,0,32
33.63333333333333,-57.052934300832405,-7.655944858104455,2.386242706129183,0.0,0.0,0.0,0.0,0.0,0.0,ZERO_INTENT,0.2628080520481847,0,32,0,0,32
33.65,-57.052934300832405,-7.655944858104455,2.386242706129183,0.0,0.0,0.0,0.0,0.0,0.0,ZERO_INTENT,0.2628080520481847,0,32,0,0,32
33.666666666666664,-57.052934300832405,-7.655944858104455,2.386242706129183,0.0,0.0,0.0,0.0,0.0,0.0,ZERO_INTENT,0.2628080520481847,0,32,0,0,32
33.68333333333333,-57.052934300832405,-7.655944858104455,2.386242706129183,0.0,0.0,0.0,0.0,0.0,0.0,ZERO_INTENT,0.2628080520481847,0,32,0,0,32
33.7,-57.052934300832405,-7.655944858104455,2.386242706129183,0.0,0.0,0.0,0.0,0.0,0.0,ZERO_INTENT,0.2628080520481847,0,32,0,0,32
33.71666666666667,-57.052934300832405,-7.655944858104455,2.386242706129183,0.0,0.0,0.0,0.0,0.0,0.0,ZERO_INTENT,0.2628080520481847,0,32,0,0,32
33.733333333333334,-57.052934300832405,-7.655944858104455,2.386242706129183,0.0,0.0,0.0,0.0,0.0,0.0,ZERO_INTENT,0.2628080520481847,0,32,0,0,32
33.75,-57.052934300832405,-7.655944858104455,2.386242706129183,0.0,0.0,0.0,0.0,0.0,0.0,ZERO_INTENT,0.2628080520481847,0,32,0,0,32
33.766666666666666,-57.052934300832405,-7.655944858104455,2.386242706129183,0.0,0.0,0.0,0.0,0.0,0.0,ZERO_INTENT,0.2628080520481847,0,32,0,0,32
33.78333333333333,-57.052934300832405,-7.655944858104455,2.386242706129183,0.0,0.0,0.0,0.0,0.0,0.0,ZERO_INTENT,0.2628080520481847,0,32,0,0,32
33.8,-57.052934300832405,-7.655944858104455,2.386242706129183,0.0,0.0,0.0,0.0,0.0,0.0,ZERO_INTENT,0.2628080520481847,0,32,0,0,32
33.81666666666667,-57.052934300832405,-7.655944858104455,2.386242706129183,0.0,0.0,0.0,0.0,0.0,0.0,ZERO_INTENT,0.2628080520481847,0,32,0,0,32
33.833333333333336,-57.052934300832405,-7.655944858104455,2.386242706129183,0.0,0.0,0.0,0.0,0.0,0.0,ZERO_INTENT,0.2628080520481847,0,32,0,0,32
33.85,-57.052934300832405,-7.655944858104455,2.386242706129183,0.0,0.0,0.0,0.0,0.0,0.0,ZERO_INTENT,0.2628080520481847,0,32,0,0,32
33.86666666666667,-57.052934300832405,-7.655944858104455,2.386242706129183,0.0,0.0,0.0,0.0,0.0,0.0,ZERO_INTENT,0.2628080520481847,0,32,0,0,32
33.88333333333333,-57.052934300832405,-7.655944858104455,2.386242706129183,0.0,0.0,0.0,0.0,0.0,0.0,ZERO_INTENT,0.2628080520481847,0,32,0,0,32
33.9,-57.052934300832405,-7.655944858104455,2.386242706129183,0.0,0.0,0.0,0.0,0.0,0.0,ZERO_INTENT,0.2628080520481847,0,32,0,0,32
33.916666666666664,-57.052934300832405,-7.655944858104455,2.386242706129183,0.0,0.0,0.0,0.0,0.0,0.0,ZERO_INTENT,0.2628080520481847,0,32,0,0,32
33.93333333333333,-57.052934300832405,-7.655944858104455,2.386242706129183,0.0,0.0,0.0,0.0,0.0,0.0,ZERO_INTENT,0.2628080520481847,0,32,0,0,32
33.95,-57.052934300832405,-7.655944858104455,2.386242706129183,0.0,0.0,0.0,0.0,0.0,0.0,ZERO_INTENT,0.2628080520481847,0,32,0,0,32
33.96666666666667,-57.052934300832405,-7.655944858104455,2.386242706129183,0.0,0.0,0.0,0.0,0.0,0.0,ZERO_INTENT,0.2628080520481847,0,32,0,0,32
33.983333333333334,-57.052934300832405,-7.655944858104455,2.386242706129183,0.0,0.0,0.0,0.0,0.0,0.0,ZERO_INTENT,0.2628080520481847,0,32,0,0,32
34.0,-57.052934300832405,-7.655944858104455,2.386242706129183,0.0,0.0,0.0,0.0,0.0,0.0,ZERO_INTENT,0.2628080520481847,0,32,0,0,32
34.016666666666666,-57.052934300832405,-7.655944858104455,2.386242706129183,0.0,0.0,0.0,0.0,0.0,0.0,ZERO_INTENT,0.2628080520481847,0,32,0,0,32
34.03333333333333,-57.052934300832405,-7.655944858104455,2.386242706129183,0.0,0.0,0.0,0.0,0.0,0.0,ZERO_INTENT,0.2628080520481847,0,32,0,0,32
34.05,-57.052934300832405,-7.655944858104455,2.386242706129183,0.0,0.0,0.0,0.0,0.0,0.0,ZERO_INTENT,0.2628080520481847,0,32,0,0,32
34.06666666666667,-57.052934300832405,-7.655944858104455,2.386242706129183,0.0,0.0,0.0,0.0,0.0,0.0,ZERO_INTENT,0.2628080520481847,0,32,0,0,32
34.083333333333336,-57.052934300832405,-7.655944858104455,2.386242706129183,0.0,0.0,0.0,0.0,0.0,0.0,ZERO_INTENT,0.2628080520481847,0,32,0,0,32
34.1,-57.052934300832405,-7.655944858104455,2.386242706129183,0.0,0.0,0.0,0.0,0.0,0.0,ZERO_INTENT,0.2628080520481847,0,32,0,0,32
34.11666666666667,-57.052934300832405,-7.655944858104455,2.386242706129183,0.0,0.0,0.0,0.0,0.0,0.0,ZERO_INTENT,0.2628080520481847,0,32,0,0,32
34.13333333333333,-57.052934300832405,-7.655944858104455,2.386242706129183,0.0,0.0,0.0,0.0,0.0,0.0,ZERO_INTENT,0.2628080520481847,0,32,0,0,32
34.15,-57.052934300832405,-7.655944858104455,2.386242706129183,0.0,0.0,0.0,0.0,0.0,0.0,ZERO_INTENT,0.2628080520481847,0,32,0,0,32
34.166666666666664,-57.052934300832405,-7.655944858104455,2.386242706129183,0.0,0.0,0.0,0.0,0.0,0.0,ZERO_INTENT,0.2628080520481847,0,32,0,0,32
34.18333333333333,-57.052934300832405,-7.655944858104455,2.386242706129183,0.0,0.0,0.0,0.0,0.0,0.0,ZERO_INTENT,0.2628080520481847,0,32,0,0,32
34.2,-57.052934300832405,-7.655944858104455,2.386242706129183,0.0,0.0,0.0,0.0,0.0,0.0,ZERO_INTENT,0.2628080520481847,0,32,0,0,32
34.21666666666667,-57.052934300832405,-7.655944858104455,2.386242706129183,0.0,0.0,0.0,0.0,0.0,0.0,ZERO_INTENT,0.2628080520481847,0,32,0,0,32
34.233333333333334,-57.052934300832405,-7.655944858104455,2.386242706129183,0.0,0.0,0.0,0.0,0.0,0.0,ZERO_INTENT,0.2628080520481847,0,32,0,0,32
34.25,-57.052934300832405,-7.655944858104455,2.386242706129183,0.0,0.0,0.0,0.0,0.0,0.0,ZERO_INTENT,0.2628080520481847,0,32,0,0,32
34.266666666666666,-57.052934300832405,-7.655944858104455,2.386242706129183,0.0,0.0,0.0,0.0,0.0,0.0,ZERO_INTENT,0.2628080520481847,0,32,0,0,32
34.28333333333333,-57.052934300832405,-7.655944858104455,2.386242706129183,0.0,0.0,0.0,0.0,0.0,0.0,ZERO_INTENT,0.2628080520481847,0,32,0,0,32
34.3,-57.052934300832405,-7.655944858104455,2.386242706129183,0.0,0.0,0.0,0.0,0.0,0.0,ZERO_INTENT,0.2628080520481847,0,32,0,0,32
34.31666666666667,-57.052934300832405,-7.655944858104455,2.386242706129183,0.0,0.0,0.0,0.0,0.0,0.0,ZERO_INTENT,0.2628080520481847,0,32,0,0,32
34.333333333333336,-57.052934300832405,-7.655944858104455,2.386242706129183,0.0,0.0,0.0,0.0,0.0,0.0,ZERO_INTENT,0.2628080520481847,0,32,0,0,32
34.35,-57.052934300832405,-7.655944858104455,2.386242706129183,0.0,0.0,0.0,0.0,0.0,0.0,ZERO_INTENT,0.2628080520481847,0,32,0,0,32
34.36666666666667,-57.052934300832405,-7.655944858104455,2.386242706129183,0.0,0.0,0.0,0.0,0.0,0.0,ZERO_INTENT,0.2628080520481847,0,32,0,0,32
34.38333333333333,-57.052934300832405,-7.655944858104455,2.386242706129183,0.0,0.0,0.0,0.0,0.0,0.0,ZERO_INTENT,0.2628080520481847,0,32,0,0,32
34.4,-57.052934300832405,-7.655944858104455,2.386242706129183,0.0,0.0,0.0,0.0,0.0,0.0,ZERO_INTENT,0.2628080520481847,0,32,0,0,32
34.416666666666664,-57.052934300832405,-7.655944858104455,2.386242706129183,0.0,0.0,0.0,0.0,0.0,0.0,ZERO_INTENT,0.2628080520481847,0,32,0,0,32
34.43333333333333,-57.052934300832405,-7.655944858104455,2.386242706129183,0.0,0.0,0.0,0.0,0.0,0.0,ZERO_INTENT,0.2628080520481847,0,32,0,0,32
34.45,-57.052934300832405,-7.655944858104455,2.386242706129183,0.0,0.0,0.0,0.0,0.0,0.0,ZERO_INTENT,0.2628080520481847,0,32,0,0,32
34.46666666666667,-57.052934300832405,-7.655944858104455,2.386242706129183,0.0,0.0,0.0,0.0,0.0,0.0,ZERO_INTENT,0.2628080520481847,0,32,0,0,32
34.483333333333334,-57.052934300832405,-7.655944858104455,2.386242706129183,0.0,0.0,0.0,0.0,0.0,0.0,ZERO_INTENT,0.2628080520481847,0,32,0,0,32
34.5,-57.052934300832405,-7.655944858104455,2.386242706129183,0.0,0.0,0.0,0.0,0.0,0.0,ZERO_INTENT,0.2628080520481847,0,32,0,0,32
34.516666666666666,-57.052934300832405,-7.655944858104455,2.386242706129183,0.0,0.0,0.0,0.0,0.0,0.0,ZERO_INTENT,0.2628080520481847,0,32,0,0,32
34.53333333333333,-57.052934300832405,-7.655944858104455,2.386242706129183,0.0,0.0,0.0,0.0,0.0,0.0,ZERO_INTENT,0.2628080520481847,0,32,0,0,32
34.55,-57.052934300832405,-7.655944858104455,2.386242706129183,0.0,0.0,0.0,0.0,0.0,0.0,ZERO_INTENT,0.2628080520481847,0,32,0,0,32
34.56666666666667,-57.052934300832405,-7.655944858104455,2.386242706129183,0.0,0.0,0.0,0.0,0.0,0.0,ZERO_INTENT,0.2628080520481847,0,32,0,0,32
34.583333333333336,-57.052934300832405,-7.655944858104455,2.386242706129183,0.0,0.0,0.0,0.0,0.0,0.0,ZERO_INTENT,0.2628080520481847,0,32,0,0,32
34.6,-57.052934300832405,-7.655944858104455,2.386242706129183,0.0,0.0,0.0,0.0,0.0,0.0,ZERO_INTENT,0.2628080520481847,0,32,0,0,32
34.61666666666667,-57.052934300832405,-7.655944858104455,2.386242706129183,0.0,0.0,0.0,0.0,0.0,0.0,ZERO_INTENT,0.2628080520481847,0,32,0,0,32
34.63333333333333,-57.052934300832405,-7.655944858104455,2.386242706129183,0.0,0.0,0.0,0.0,0.0,0.0,ZERO_INTENT,0.2628080520481847,0,32,0,0,32
34.65,-57.052934300832405,-7.655944858104455,2.386242706129183,0.0,0.0,0.0,0.0,0.0,0.0,ZERO_INTENT,0.2628080520481847,0,32,0,0,32
34.666666666666664,-57.052934300832405,-7.655944858104455,2.386242706129183,0.0,0.0,0.0,0.0,0.0,0.0,ZERO_INTENT,0.2628080520481847,0,32,0,0,32
34.68333333333333,-57.052934300832405,-7.655944858104455,2.386242706129183,0.0,0.0,0.0,0.0,0.0,0.0,ZERO_INTENT,0.2628080520481847,0,32,0,0,32
34.7,-57.052934300832405,-7.655944858104455,2.386242706129183,0.0,0.0,0.0,0.0,0.0,0.0,ZERO_INTENT,0.2628080520481847,0,32,0,0,32
34.71666666666667,-57.052934300832405,-7.655944858104455,2.386242706129183,0.0,0.0,0.0,0.0,0.0,0.0,ZERO_INTENT,0.2628080520481847,0,32,0,0,32
34.733333333333334,-57.052934300832405,-7.655944858104455,2.386242706129183,0.0,0.0,0.0,0.0,0.0,0.0,ZERO_INTENT,0.2628080520481847,0,32,0,0,32
34.75,-57.052934300832405,-7.655944858104455,2.386242706129183,0.0,0.0,0.0,0.0,0.0,0.0,ZERO_INTENT,0.2628080520481847,0,32,0,0,32
34.766666666666666,-57.052934300832405,-7.655944858104455,2.386242706129183,0.0,0.0,0.0,0.0,0.0,0.0,ZERO_INTENT,0.2628080520481847,0,32,0,0,32
34.78333333333333,-57.052934300832405,-7.655944858104455,2.386242706129183,0.0,0.0,0.0,0.0,0.0,0.0,ZERO_INTENT,0.2628080520481847,0,32,0,0,32
34.8,-57.052934300832405,-7.655944858104455,2.386242706129183,0.0,0.0,0.0,0.0,0.0,0.0,ZERO_INTENT,0.2628080520481847,0,32,0,0,32
34.81666666666667,-57.052934300832405,-7.655944858104455,2.386242706129183,0.0,0.0,0.0,0.0,0.0,0.0,ZERO_INTENT,0.2628080520481847,0,32,0,0,32
34.833333333333336,-57.052934300832405,-7.655944858104455,2.386242706129183,0.0,0.0,0.0,0.0,0.0,0.0,ZERO_INTENT,0.2628080520481847,0,32,0,0,32
34.85,-57.052934300832405,-7.655944858104455,2.386242706129183,0.0,0.0,0.0,0.0,0.0,0.0,ZERO_INTENT,0.2628080520481847,0,32,0,0,32
34.86666666666667,-57.052934300832405,-7.655944858104455,2.386242706129183,0.0,0.0,0.0,0.0,0.0,0.0,ZERO_INTENT,0.2628080520481847,0,32,0,0,32
34.88333333333333,-57.052934300832405,-7.655944858104455,2.386242706129183,0.0,0.0,0.0,0.0,0.0,0.0,ZERO_INTENT,0.2628080520481847,0,32,0,0,32
34.9,-57.052934300832405,-7.655944858104455,2.386242706129183,0.0,0.0,0.0,0.0,0.0,0.0,ZERO_INTENT,0.2628080520481847,0,32,0,0,32
34.916666666666664,-57.052934300832405,-7.655944858104455,2.386242706129183,0.0,0.0,0.0,0.0,0.0,0.0,ZERO_INTENT,0.2628080520481847,0,32,0,0,32
34.93333333333333,-57.052934300832405,-7.655944858104455,2.386242706129183,0.0,0.0,0.0,0.0,0.0,0.0,ZERO_INTENT,0.2628080520481847,0,32,0,0,32
34.95,-57.052934300832405,-7.655944858104455,2.386242706129183,0.0,0.0,0.0,0.0,0.0,0.0,ZERO_INTENT,0.2628080520481847,0,32,0,0,32
34.96666666666667,-57.052934300832405,-7.655944858104455,2.386242706129183,0.0,0.0,0.0,0.0,0.0,0.0,ZERO_INTENT,0.2628080520481847,0,32,0,0,32
34.983333333333334,-57.052934300832405,-7.655944858104455,2.386242706129183,0.0,0.0,0.0,0.0,0.0,0.0,ZERO_INTENT,0.2628080520481847,0,32,0,0,32
35.0,-57.052934300832405,-7.655944858104455,2.386242706129183,0.0,0.0,0.0,0.0,0.0,0.0,ZERO_INTENT,0.2628080520481847,0,32,0,0,32
35.016666666666666,-57.052934300832405,-7.655944858104455,2.386242706129183,0.0,0.0,0.0,0.0,0.0,0.0,ZERO_INTENT,0.2628080520481847,0,32,0,0,32
35.03333333333333,-57.052934300832405,-7.655944858104455,2.386242706129183,0.0,0.0,0.0,0.0,0.0,0.0,ZERO_INTENT,0.2628080520481847,0,32,0,0,32
35.05,-57.052934300832405,-7.655944858104455,2.386242706129183,0.0,0.0,0.0,0.0,0.0,0.0,ZERO_INTENT,0.2628080520481847,0,32,0,0,32
35.06666666666667,-57.052934300832405,-7.655944858104455,2.386242706129183,0.0,0.0,0.0,0.0,0.0,0.0,ZERO_INTENT,0.2628080520481847,0,32,0,0,32
35.083333333333336,-57.052934300832405,-7.655944858104455,2.386242706129183,0.0,0.0,0.0,0.0,0.0,0.0,ZERO_INTENT,0.2628080520481847,0,32,0,0,32
35.1,-57.052934300832405,-7.655944858104455,2.386242706129183,0.0,0.0,0.0,0.0,0.0,0.0,ZERO_INTENT,0.2628080520481847,0,32,0,0,32
35.11666666666667,-57.052934300832405,-7.655944858104455,2.386242706129183,0.0,0.0,0.0,0.0,0.0,0.0,ZERO_INTENT,0.2628080520481847,0,32,0,0,32
35.13333333333333,-57.052934300832405,-7.655944858104455,2.386242706129183,0.0,0.0,0.0,0.0,0.0,0.0,ZERO_INTENT,0.2628080520481847,0,32,0,0,32
35.15,-57.052934300832405,-7.655944858104455,2.386242706129183,0.0,0.0,0.0,0.0,0.0,0.0,ZERO_INTENT,0.2628080520481847,0,32,0,0,32
35.166666666666664,-57.052934300832405,-7.655944858104455,2.386242706129183,0.0,0.0,0.0,0.0,0.0,0.0,ZERO_INTENT,0.2628080520481847,0,32,0,0,32
35.18333333333333,-57.052934300832405,-7.655944858104455,2.386242706129183,0.0,0.0,0.0,0.0,0.0,0.0,ZERO_INTENT,0.2628080520481847,0,32,0,0,32
35.2,-57.052934300832405,-7.655944858104455,2.386242706129183,0.0,0.0,0.0,0.0,0.0,0.0,ZERO_INTENT,0.2628080520481847,0,32,0,0,32
35.21666666666667,-57.052934300832405,-7.655944858104455,2.386242706129183,0.0,0.0,0.0,0.0,0.0,0.0,ZERO_INTENT,0.2628080520481847,0,32,0,0,32
35.233333333333334,-57.052934300832405,-7.655944858104455,2.386242706129183,0.0,0.0,0.0,0.0,0.0,0.0,ZERO_INTENT,0.2628080520481847,0,32,0,0,32
35.25,-57.052934300832405,-7.655944858104455,2.386242706129183,0.0,0.0,0.0,0.0,0.0,0.0,ZERO_INTENT,0.2628080520481847,0,32,0,0,32
35.266666666666666,-57.052934300832405,-7.655944858104455,2.386242706129183,0.0,0.0,0.0,0.0,0.0,0.0,ZERO_INTENT,0.2628080520481847,0,32,0,0,32
35.28333333333333,-57.052934300832405,-7.655944858104455,2.386242706129183,0.0,0.0,0.0,0.0,0.0,0.0,ZERO_INTENT,0.2628080520481847,0,32,0,0,32
35.3,-57.052934300832405,-7.655944858104455,2.386242706129183,0.0,0.0,0.0,0.0,0.0,0.0,ZERO_INTENT,0.2628080520481847,0,32,0,0,32
35.31666666666667,-57.052934300832405,-7.655944858104455,2.386242706129183,0.0,0.0,0.0,0.0,0.0,0.0,ZERO_INTENT,0.2628080520481847,0,32,0,0,32
35.333333333333336,-57.052934300832405,-7.655944858104455,2.386242706129183,0.0,0.0,0.0,0.0,0.0,0.0,ZERO_INTENT,0.2628080520481847,0,32,0,0,32
35.35,-57.052934300832405,-7.655944858104455,2.386242706129183,0.0,0.0,0.0,0.0,0.0,0.0,ZERO_INTENT,0.2628080520481847,0,32,0,0,32
35.36666666666667,-57.052934300832405,-7.655944858104455,2.386242706129183,0.0,0.0,0.0,0.0,0.0,0.0,ZERO_INTENT,0.2628080520481847,0,32,0,0,32
35.38333333333333,-57.052934300832405,-7.655944858104455,2.386242706129183,0.0,0.0,0.0,0.0,0.0,0.0,ZERO_INTENT,0.2628080520481847,0,32,0,0,32
35.4,-57.052934300832405,-7.655944858104455,2.386242706129183,0.0,0.0,0.0,0.0,0.0,0.0,ZERO_INTENT,0.2628080520481847,0,32,0,0,32
35.416666666666664,-57.052934300832405,-7.655944858104455,2.386242706129183,0.0,0.0,0.0,0.0,0.0,0.0,ZERO_INTENT,0.2628080520481847,0,32,0,0,32
35.43333333333333,-57.052934300832405,-7.655944858104455,2.386242706129183,0.0,0.0,0.0,0.0,0.0,0.0,ZERO_INTENT,0.2628080520481847,0,32,0,0,32
35.45,-57.052934300832405,-7.655944858104455,2.386242706129183,0.0,0.0,0.0,0.0,0.0,0.0,ZERO_INTENT,0.2628080520481847,0,32,0,0,32
35.46666666666667,-57.052934300832405,-7.655944858104455,2.386242706129183,0.0,0.0,0.0,0.0,0.0,0.0,ZERO_INTENT,0.2628080520481847,0,32,0,0,32
35.483333333333334,-57.052934300832405,-7.655944858104455,2.386242706129183,0.0,0.0,0.0,0.0,0.0,0.0,ZERO_INTENT,0.2628080520481847,0,32,0,0,32
35.5,-57.052934300832405,-7.655944858104455,2.386242706129183,0.0,0.0,0.0,0.0,0.0,0.0,ZERO_INTENT,0.2628080520481847,0,32,0,0,32
35.516666666666666,-57.052934300832405,-7.655944858104455,2.386242706129183,0.0,0.0,0.0,0.0,0.0,0.0,ZERO_INTENT,0.2628080520481847,0,32,0,0,32
35.53333333333333,-57.052934300832405,-7.655944858104455,2.386242706129183,0.0,0.0,0.0,0.0,0.0,0.0,ZERO_INTENT,0.2628080520481847,0,32,0,0,32
35.55,-57.052934300832405,-7.655944858104455,2.386242706129183,0.0,0.0,0.0,0.0,0.0,0.0,ZERO_INTENT,0.2628080520481847,0,32,0,0,32
35.56666666666667,-57.052934300832405,-7.655944858104455,2.386242706129183,0.0,0.0,0.0,0.0,0.0,0.0,ZERO_INTENT,0.2628080520481847,0,32,0,0,32
35.583333333333336,-57.052934300832405,-7.655944858104455,2.386242706129183,0.0,0.0,0.0,0.0,0.0,0.0,ZERO_INTENT,0.2628080520481847,0,32,0,0,32
35.6,-57.052934300832405,-7.655944858104455,2.386242706129183,0.0,0.0,0.0,0.0,0.0,0.0,ZERO_INTENT,0.2628080520481847,0,32,0,0,32
35.61666666666667,-57.052934300832405,-7.655944858104455,2.386242706129183,0.0,0.0,0.0,0.0,0.0,0.0,ZERO_INTENT,0.2628080520481847,0,32,0,0,32
35.63333333333333,-57.052934300832405,-7.655944858104455,2.386242706129183,0.0,0.0,0.0,0.0,0.0,0.0,ZERO_INTENT,0.2628080520481847,0,32,0,0,32
35.65,-57.052934300832405,-7.655944858104455,2.386242706129183,0.0,0.0,0.0,0.0,0.0,0.0,ZERO_INTENT,0.2628080520481847,0,32,0,0,32
35.666666666666664,-57.052934300832405,-7.655944858104455,2.386242706129183,0.0,0.0,0.0,0.0,0.0,0.0,ZERO_INTENT,0.2628080520481847,0,32,0,0,32
35.68333333333333,-57.052934300832405,-7.655944858104455,2.386242706129183,0.0,0.0,0.0,0.0,0.0,0.0,ZERO_INTENT,0.2628080520481847,0,32,0,0,32
35.7,-57.052934300832405,-7.655944858104455,2.386242706129183,0.0,0.0,0.0,0.0,0.0,0.0,ZERO_INTENT,0.2628080520481847,0,32,0,0,32
35.71666666666667,-57.052934300832405,-7.655944858104455,2.386242706129183,0.0,0.0,0.0,0.0,0.0,0.0,ZERO_INTENT,0.2628080520481847,0,32,0,0,32
35.733333333333334,-57.052934300832405,-7.655944858104455,2.386242706129183,0.0,0.0,0.0,0.0,0.0,0.0,ZERO_INTENT,0.2628080520481847,0,32,0,0,32
35.75,-57.052934300832405,-7.655944858104455,2.386242706129183,0.0,0.0,0.0,0.0,0.0,0.0,ZERO_INTENT,0.2628080520481847,0,32,0,0,32
35.766666666666666,-57.052934300832405,-7.655944858104455,2.386242706129183,0.0,0.0,0.0,0.0,0.0,0.0,ZERO_INTENT,0.2628080520481847,0,32,0,0,32
35.78333333333333,-57.052934300832405,-7.655944858104455,2.386242706129183,0.0,0.0,0.0,0.0,0.0,0.0,ZERO_INTENT,0.2628080520481847,0,32,0,0,32
35.8,-57.052934300832405,-7.655944858104455,2.386242706129183,0.0,0.0,0.0,0.0,0.0,0.0,ZERO_INTENT,0.2628080520481847,0,32,0,0,32
35.81666666666667,-57.052934300832405,-7.655944858104455,2.386242706129183,0.0,0.0,0.0,0.0,0.0,0.0,ZERO_INTENT,0.2628080520481847,0,32,0,0,32
35.833333333333336,-57.052934300832405,-7.655944858104455,2.386242706129183,0.0,0.0,0.0,0.0,0.0,0.0,ZERO_INTENT,0.2628080520481847,0,32,0,0,32
35.85,-57.052934300832405,-7.655944858104455,2.386242706129183,0.0,0.0,0.0,0.0,0.0,0.0,ZERO_INTENT,0.2628080520481847,0,32,0,0,32
35.86666666666667,-57.052934300832405,-7.655944858104455,2.386242706129183,0.0,0.0,0.0,0.0,0.0,0.0,ZERO_INTENT,0.2628080520481847,0,32,0,0,32
35.88333333333333,-57.052934300832405,-7.655944858104455,2.386242706129183,0.0,0.0,0.0,0.0,0.0,0.0,ZERO_INTENT,0.2628080520481847,0,32,0,0,32
35.9,-57.052934300832405,-7.655944858104455,2.386242706129183,0.0,0.0,0.0,0.0,0.0,0.0,ZERO_INTENT,0.2628080520481847,0,32,0,0,32
35.916666666666664,-57.052934300832405,-7.655944858104455,2.386242706129183,0.0,0.0,0.0,0.0,0.0,0.0,ZERO_INTENT,0.2628080520481847,0,32,0,0,32
35.93333333333333,-57.052934300832405,-7.655944858104455,2.386242706129183,0.0,0.0,0.0,0.0,0.0,0.0,ZERO_INTENT,0.2628080520481847,0,32,0,0,32
35.95,-57.052934300832405,-7.655944858104455,2.386242706129183,0.0,0.0,0.0,0.0,0.0,0.0,ZERO_INTENT,0.2628080520481847,0,32,0,0,32
35.96666666666667,-57.052934300832405,-7.655944858104455,2.386242706129183,0.0,0.0,0.0,0.0,0.0,0.0,ZERO_INTENT,0.2628080520481847,0,32,0,0,32
35.983333333333334,-57.052934300832405,-7.655944858104455,2.386242706129183,0.0,0.0,0.0,0.0,0.0,0.0,ZERO_INTENT,0.2628080520481847,0,32,0,0,32
36.0,-57.052934300832405,-7.655944858104455,2.386242706129183,0.0,0.0,0.0,0.0,0.0,0.0,ZERO_INTENT,0.2628080520481847,0,32,0,0,32
36.016666666666666,-57.052934300832405,-7.655944858104455,2.386242706129183,0.0,0.0,0.0,0.0,0.0,0.0,ZERO_INTENT,0.2628080520481847,0,32,0,0,32
36.03333333333333,-57.052934300832405,-7.655944858104455,2.386242706129183,0.0,0.0,0.0,0.0,0.0,0.0,ZERO_INTENT,0.2628080520481847,0,32,0,0,32
36.05,-57.052934300832405,-7.655944858104455,2.386242706129183,0.0,0.0,0.0,0.0,0.0,0.0,ZERO_INTENT,0.2628080520481847,0,32,0,0,32
36.06666666666667,-57.052934300832405,-7.655944858104455,2.386242706129183,0.0,0.0,0.0,0.0,0.0,0.0,ZERO_INTENT,0.2628080520481847,0,32,0,0,32
36.083333333333336,-57.052934300832405,-7.655944858104455,2.386242706129183,0.0,0.0,0.0,0.0,0.0,0.0,ZERO_INTENT,0.2628080520481847,0,32,0,0,32
36.1,-57.052934300832405,-7.655944858104455,2.386242706129183,0.0,0.0,0.0,0.0,0.0,0.0,ZERO_INTENT,0.2628080520481847,0,32,0,0,32
36.11666666666667,-57.052934300832405,-7.655944858104455,2.386242706129183,0.0,0.0,0.0,0.0,0.0,0.0,ZERO_INTENT,0.2628080520481847,0,32,0,0,32
36.13333333333333,-57.052934300832405,-7.655944858104455,2.386242706129183,0.0,0.0,0.0,0.0,0.0,0.0,ZERO_INTENT,0.2628080520481847,0,32,0,0,32
36.15,-57.052934300832405,-7.655944858104455,2.386242706129183,0.0,0.0,0.0,0.0,0.0,0.0,ZERO_INTENT,0.2628080520481847,0,32,0,0,32
36.166666666666664,-57.052934300832405,-7.655944858104455,2.386242706129183,0.0,0.0,0.0,0.0,0.0,0.0,ZERO_INTENT,0.2628080520481847,0,32,0,0,32
36.18333333333333,-57.052934300832405,-7.655944858104455,2.386242706129183,0.0,0.0,0.0,0.0,0.0,0.0,ZERO_INTENT,0.2628080520481847,0,32,0,0,32
36.2,-57.052934300832405,-7.655944858104455,2.386242706129183,0.0,0.0,0.0,0.0,0.0,0.0,ZERO_INTENT,0.2628080520481847,0,32,0,0,32
36.21666666666667,-57.052934300832405,-7.655944858104455,2.386242706129183,0.0,0.0,0.0,0.0,0.0,0.0,ZERO_INTENT,0.2628080520481847,0,32,0,0,32
36.233333333333334,-57.052934300832405,-7.655944858104455,2.386242706129183,0.0,0.0,0.0,0.0,0.0,0.0,ZERO_INTENT,0.2628080520481847,0,32,0,0,32
36.25,-57.052934300832405,-7.655944858104455,2.386242706129183,0.0,0.0,0.0,0.0,0.0,0.0,ZERO_INTENT,0.2628080520481847,0,32,0,0,32
36.266666666666666,-57.052934300832405,-7.655944858104455,2.386242706129183,0.0,0.0,0.0,0.0,0.0,0.0,ZERO_INTENT,0.2628080520481847,0,32,0,0,32
36.28333333333333,-57.052934300832405,-7.655944858104455,2.386242706129183,0.0,0.0,0.0,0.0,0.0,0.0,ZERO_INTENT,0.2628080520481847,0,32,0,0,32
36.3,-57.052934300832405,-7.655944858104455,2.386242706129183,0.0,0.0,0.0,0.0,0.0,0.0,ZERO_INTENT,0.2628080520481847,0,32,0,0,32
36.31666666666667,-57.052934300832405,-7.655944858104455,2.386242706129183,0.0,0.0,0.0,0.0,0.0,0.0,ZERO_INTENT,0.2628080520481847,0,32,0,0,32
36.333333333333336,-57.052934300832405,-7.655944858104455,2.386242706129183,0.0,0.0,0.0,0.0,0.0,0.0,ZERO_INTENT,0.2628080520481847,0,32,0,0,32
36.35,-57.052934300832405,-7.655944858104455,2.386242706129183,0.0,0.0,0.0,0.0,0.0,0.0,ZERO_INTENT,0.2628080520481847,0,32,0,0,32
36.36666666666667,-57.052934300832405,-7.655944858104455,2.386242706129183,0.0,0.0,0.0,0.0,0.0,0.0,ZERO_INTENT,0.2628080520481847,0,32,0,0,32
36.38333333333333,-57.052934300832405,-7.655944858104455,2.386242706129183,0.0,0.0,0.0,0.0,0.0,0.0,ZERO_INTENT,0.2628080520481847,0,32,0,0,32
36.4,-57.052934300832405,-7.655944858104455,2.386242706129183,0.0,0.0,0.0,0.0,0.0,0.0,ZERO_INTENT,0.2628080520481847,0,32,0,0,32
36.416666666666664,-57.052934300832405,-7.655944858104455,2.386242706129183,0.0,0.0,0.0,0.0,0.0,0.0,ZERO_INTENT,0.2628080520481847,0,32,0,0,32
36.43333333333333,-57.052934300832405,-7.655944858104455,2.386242706129183,0.0,0.0,0.0,0.0,0.0,0.0,ZERO_INTENT,0.2628080520481847,0,32,0,0,32
36.45,-57.052934300832405,-7.655944858104455,2.386242706129183,0.0,0.0,0.0,0.0,0.0,0.0,ZERO_INTENT,0.2628080520481847,0,32,0,0,32
36.46666666666667,-57.052934300832405,-7.655944858104455,2.386242706129183,0.0,0.0,0.0,0.0,0.0,0.0,ZERO_INTENT,0.2628080520481847,0,32,0,0,32
36.483333333333334,-57.052934300832405,-7.655944858104455,2.386242706129183,0.0,0.0,0.0,0.0,0.0,0.0,ZERO_INTENT,0.2628080520481847,0,32,0,0,32
36.5,-57.052934300832405,-7.655944858104455,2.386242706129183,0.0,0.0,0.0,0.0,0.0,0.0,ZERO_INTENT,0.2628080520481847,0,32,0,0,32
36.516666666666666,-57.052934300832405,-7.655944858104455,2.386242706129183,0.0,0.0,0.0,0.0,0.0,0.0,ZERO_INTENT,0.2628080520481847,0,32,0,0,32
36.53333333333333,-57.052934300832405,-7.655944858104455,2.386242706129183,0.0,0.0,0.0,0.0,0.0,0.0,ZERO_INTENT,0.2628080520481847,0,32,0,0,32
36.55,-57.052934300832405,-7.655944858104455,2.386242706129183,0.0,0.0,0.0,0.0,0.0,0.0,ZERO_INTENT,0.2628080520481847,0,32,0,0,32
36.56666666666667,-57.052934300832405,-7.655944858104455,2.386242706129183,0.0,0.0,0.0,0.0,0.0,0.0,ZERO_INTENT,0.2628080520481847,0,32,0,0,32
36.583333333333336,-57.052934300832405,-7.655944858104455,2.386242706129183,0.0,0.0,0.0,0.0,0.0,0.0,ZERO_INTENT,0.2628080520481847,0,32,0,0,32
36.6,-57.052934300832405,-7.655944858104455,2.386242706129183,0.0,0.0,0.0,0.0,0.0,0.0,ZERO_INTENT,0.2628080520481847,0,32,0,0,32
36.61666666666667,-57.052934300832405,-7.655944858104455,2.386242706129183,0.0,0.0,0.0,0.0,0.0,0.0,ZERO_INTENT,0.2628080520481847,0,32,0,0,32
36.63333333333333,-57.052934300832405,-7.655944858104455,2.386242706129183,0.0,0.0,0.0,0.0,0.0,0.0,ZERO_INTENT,0.2628080520481847,0,32,0,0,32
36.65,-57.052934300832405,-7.655944858104455,2.386242706129183,0.0,0.0,0.0,0.0,0.0,0.0,ZERO_INTENT,0.2628080520481847,0,32,0,0,32
36.666666666666664,-57.052934300832405,-7.655944858104455,2.386242706129183,0.0,0.0,0.0,0.0,0.0,0.0,ZERO_INTENT,0.2628080520481847,0,32,0,0,32
36.68333333333333,-57.052934300832405,-7.655944858104455,2.386242706129183,0.0,0.0,0.0,0.0,0.0,0.0,ZERO_INTENT,0.2628080520481847,0,32,0,0,32
36.7,-57.052934300832405,-7.655944858104455,2.386242706129183,0.0,0.0,0.0,0.0,0.0,0.0,ZERO_INTENT,0.2628080520481847,0,32,0,0,32
36.71666666666667,-57.052934300832405,-7.655944858104455,2.386242706129183,0.0,0.0,0.0,0.0,0.0,0.0,ZERO_INTENT,0.2628080520481847,0,32,0,0,32
36.733333333333334,-57.052934300832405,-7.655944858104455,2.386242706129183,0.0,0.0,0.0,0.0,0.0,0.0,ZERO_INTENT,0.2628080520481847,0,32,0,0,32
36.75,-57.052934300832405,-7.655944858104455,2.386242706129183,0.0,0.0,0.0,0.0,0.0,0.0,ZERO_INTENT,0.2628080520481847,0,32,0,0,32
36.766666666666666,-57.052934300832405,-7.655944858104455,2.386242706129183,0.0,0.0,0.0,0.0,0.0,0.0,ZERO_INTENT,0.2628080520481847,0,32,0,0,32
36.78333333333333,-57.052934300832405,-7.655944858104455,2.386242706129183,0.0,0.0,0.0,0.0,0.0,0.0,ZERO_INTENT,0.2628080520481847,0,32,0,0,32
36.8,-57.052934300832405,-7.655944858104455,2.386242706129183,0.0,0.0,0.0,0.0,0.0,0.0,ZERO_INTENT,0.2628080520481847,0,32,0,0,32
36.81666666666667,-57.052934300832405,-7.655944858104455,2.386242706129183,0.0,0.0,0.0,0.0,0.0,0.0,ZERO_INTENT,0.2628080520481847,0,32,0,0,32
36.833333333333336,-57.052934300832405,-7.655944858104455,2.386242706129183,0.0,0.0,0.0,0.0,0.0,0.0,ZERO_INTENT,0.2628080520481847,0,32,0,0,32
36.85,-57.052934300832405,-7.655944858104455,2.386242706129183,0.0,0.0,0.0,0.0,0.0,0.0,ZERO_INTENT,0.2628080520481847,0,32,0,0,32
36.86666666666667,-57.052934300832405,-7.655944858104455,2.386242706129183,0.0,0.0,0.0,0.0,0.0,0.0,ZERO_INTENT,0.2628080520481847,0,32,0,0,32
36.88333333333333,-57.052934300832405,-7.655944858104455,2.386242706129183,0.0,0.0,0.0,0.0,0.0,0.0,ZERO_INTENT,0.2628080520481847,0,32,0,0,32
36.9,-57.052934300832405,-7.655944858104455,2.386242706129183,0.0,0.0,0.0,0.0,0.0,0.0,ZERO_INTENT,0.2628080520481847,0,32,0,0,32
36.916666666666664,-57.052934300832405,-7.655944858104455,2.386242706129183,0.0,0.0,0.0,0.0,0.0,0.0,ZERO_INTENT,0.2628080520481847,0,32,0,0,32
36.93333333333333,-57.052934300832405,-7.655944858104455,2.386242706129183,0.0,0.0,0.0,0.0,0.0,0.0,ZERO_INTENT,0.2628080520481847,0,32,0,0,32
36.95,-57.052934300832405,-7.655944858104455,2.386242706129183,0.0,0.0,0.0,0.0,0.0,0.0,ZERO_INTENT,0.2628080520481847,0,32,0,0,32
36.96666666666667,-57.052934300832405,-7.655944858104455,2.386242706129183,0.0,0.0,0.0,0.0,0.0,0.0,ZERO_INTENT,0.2628080520481847,0,32,0,0,32
36.983333333333334,-57.052934300832405,-7.655944858104455,2.386242706129183,0.0,0.0,0.0,0.0,0.0,0.0,ZERO_INTENT,0.2628080520481847,0,32,0,0,32
37.0,-57.052934300832405,-7.655944858104455,2.386242706129183,0.0,0.0,0.0,0.0,0.0,0.0,ZERO_INTENT,0.2628080520481847,0,32,0,0,32
37.016666666666666,-57.052934300832405,-7.655944858104455,2.386242706129183,0.0,0.0,0.0,0.0,0.0,0.0,ZERO_INTENT,0.2628080520481847,0,32,0,0,32
37.03333333333333,-57.052934300832405,-7.655944858104455,2.386242706129183,0.0,0.0,0.0,0.0,0.0,0.0,ZERO_INTENT,0.2628080520481847,0,32,0,0,32
37.05,-57.052934300832405,-7.655944858104455,2.386242706129183,0.0,0.0,0.0,0.0,0.0,0.0,ZERO_INTENT,0.2628080520481847,0,32,0,0,32
37.06666666666667,-57.052934300832405,-7.655944858104455,2.386242706129183,0.0,0.0,0.0,0.0,0.0,0.0,ZERO_INTENT,0.2628080520481847,0,32,0,0,32
37.083333333333336,-57.052934300832405,-7.655944858104455,2.386242706129183,0.0,0.0,0.0,0.0,0.0,0.0,ZERO_INTENT,0.2628080520481847,0,32,0,0,32
37.1,-57.052934300832405,-7.655944858104455,2.386242706129183,0.0,0.0,0.0,0.0,0.0,0.0,ZERO_INTENT,0.2628080520481847,0,32,0,0,32
37.11666666666667,-57.052934300832405,-7.655944858104455,2.386242706129183,0.0,0.0,0.0,0.0,0.0,0.0,ZERO_INTENT,0.2628080520481847,0,32,0,0,32
37.13333333333333,-57.052934300832405,-7.655944858104455,2.386242706129183,0.0,0.0,0.0,0.0,0.0,0.0,ZERO_INTENT,0.2628080520481847,0,32,0,0,32
37.15,-57.052934300832405,-7.655944858104455,2.386242706129183,0.0,0.0,0.0,0.0,0.0,0.0,ZERO_INTENT,0.2628080520481847,0,32,0,0,32
37.166666666666664,-57.052934300832405,-7.655944858104455,2.386242706129183,0.0,0.0,0.0,0.0,0.0,0.0,ZERO_INTENT,0.2628080520481847,0,32,0,0,32
37.18333333333333,-57.052934300832405,-7.655944858104455,2.386242706129183,0.0,0.0,0.0,0.0,0.0,0.0,ZERO_INTENT,0.2628080520481847,0,32,0,0,32
37.2,-57.052934300832405,-7.655944858104455,2.386242706129183,0.0,0.0,0.0,0.0,0.0,0.0,ZERO_INTENT,0.2628080520481847,0,32,0,0,32
37.21666666666667,-57.052934300832405,-7.655944858104455,2.386242706129183,0.0,0.0,0.0,0.0,0.0,0.0,ZERO_INTENT,0.2628080520481847,0,32,0,0,32
37.233333333333334,-57.052934300832405,-7.655944858104455,2.386242706129183,0.0,0.0,0.0,0.0,0.0,0.0,ZERO_INTENT,0.2628080520481847,0,32,0,0,32
37.25,-57.052934300832405,-7.655944858104455,2.386242706129183,0.0,0.0,0.0,0.0,0.0,0.0,ZERO_INTENT,0.2628080520481847,0,32,0,0,32
37.266666666666666,-57.052934300832405,-7.655944858104455,2.386242706129183,0.0,0.0,0.0,0.0,0.0,0.0,ZERO_INTENT,0.2628080520481847,0,32,0,0,32
37.28333333333333,-57.052934300832405,-7.655944858104455,2.386242706129183,0.0,0.0,0.0,0.0,0.0,0.0,ZERO_INTENT,0.2628080520481847,0,32,0,0,32
37.3,-57.052934300832405,-7.655944858104455,2.386242706129183,0.0,0.0,0.0,0.0,0.0,0.0,ZERO_INTENT,0.2628080520481847,0,32,0,0,32
37.31666666666667,-57.052934300832405,-7.655944858104455,2.386242706129183,0.0,0.0,0.0,0.0,0.0,0.0,ZERO_INTENT,0.2628080520481847,0,32,0,0,32
37.333333333333336,-57.052934300832405,-7.655944858104455,2.386242706129183,0.0,0.0,0.0,0.0,0.0,0.0,ZERO_INTENT,0.2628080520481847,0,32,0,0,32
37.35,-57.052934300832405,-7.655944858104455,2.386242706129183,0.0,0.0,0.0,0.0,0.0,0.0,ZERO_INTENT,0.2628080520481847,0,32,0,0,32
37.36666666666667,-57.052934300832405,-7.655944858104455,2.386242706129183,0.0,0.0,0.0,0.0,0.0,0.0,ZERO_INTENT,0.2628080520481847,0,32,0,0,32
37.38333333333333,-57.052934300832405,-7.655944858104455,2.386242706129183,0.0,0.0,0.0,0.0,0.0,0.0,ZERO_INTENT,0.2628080520481847,0,32,0,0,32
37.4,-57.052934300832405,-7.655944858104455,2.386242706129183,0.0,0.0,0.0,0.0,0.0,0.0,ZERO_INTENT,0.2628080520481847,0,32,0,0,32
37.416666666666664,-57.052934300832405,-7.655944858104455,2.386242706129183,0.0,0.0,0.0,0.0,0.0,0.0,ZERO_INTENT,0.2628080520481847,0,32,0,0,32
37.43333333333333,-57.052934300832405,-7.655944858104455,2.386242706129183,0.0,0.0,0.0,0.0,0.0,0.0,ZERO_INTENT,0.2628080520481847,0,32,0,0,32
37.45,-57.052934300832405,-7.655944858104455,2.386242706129183,0.0,0.0,0.0,0.0,0.0,0.0,ZERO_INTENT,0.2628080520481847,0,32,0,0,32
37.46666666666667,-57.052934300832405,-7.655944858104455,2.386242706129183,0.0,0.0,0.0,0.0,0.0,0.0,ZERO_INTENT,0.2628080520481847,0,32,0,0,32
37.483333333333334,-57.052934300832405,-7.655944858104455,2.386242706129183,0.0,0.0,0.0,0.0,0.0,0.0,ZERO_INTENT,0.2628080520481847,0,32,0,0,32
37.5,-57.052934300832405,-7.655944858104455,2.386242706129183,0.0,0.0,0.0,0.0,0.0,0.0,ZERO_INTENT,0.2628080520481847,0,32,0,0,32
37.516666666666666,-57.052934300832405,-7.655944858104455,2.386242706129183,0.0,0.0,0.0,0.0,0.0,0.0,ZERO_INTENT,0.2628080520481847,0,32,0,0,32
37.53333333333333,-57.052934300832405,-7.655944858104455,2.386242706129183,0.0,0.0,0.0,0.0,0.0,0.0,ZERO_INTENT,0.2628080520481847,0,32,0,0,32
37.55,-57.052934300832405,-7.655944858104455,2.386242706129183,0.0,0.0,0.0,0.0,0.0,0.0,ZERO_INTENT,0.2628080520481847,0,32,0,0,32
37.56666666666667,-57.052934300832405,-7.655944858104455,2.386242706129183,0.0,0.0,0.0,0.0,0.0,0.0,ZERO_INTENT,0.2628080520481847,0,32,0,0,32
37.583333333333336,-57.052934300832405,-7.655944858104455,2.386242706129183,0.0,0.0,0.0,0.0,0.0,0.0,ZERO_INTENT,0.2628080520481847,0,32,0,0,32
37.6,-57.052934300832405,-7.655944858104455,2.386242706129183,0.0,0.0,0.0,0.0,0.0,0.0,ZERO_INTENT,0.2628080520481847,0,32,0,0,32
37.61666666666667,-57.052934300832405,-7.655944858104455,2.386242706129183,0.0,0.0,0.0,0.0,0.0,0.0,ZERO_INTENT,0.2628080520481847,0,32,0,0,32
37.63333333333333,-57.052934300832405,-7.655944858104455,2.386242706129183,0.0,0.0,0.0,0.0,0.0,0.0,ZERO_INTENT,0.2628080520481847,0,32,0,0,32
37.65,-57.052934300832405,-7.655944858104455,2.386242706129183,0.0,0.0,0.0,0.0,0.0,0.0,ZERO_INTENT,0.2628080520481847,0,32,0,0,32
37.666666666666664,-57.052934300832405,-7.655944858104455,2.386242706129183,0.0,0.0,0.0,0.0,0.0,0.0,ZERO_INTENT,0.2628080520481847,0,32,0,0,32
37.68333333333333,-57.052934300832405,-7.655944858104455,2.386242706129183,0.0,0.0,0.0,0.0,0.0,0.0,ZERO_INTENT,0.2628080520481847,0,32,0,0,32
37.7,-57.052934300832405,-7.655944858104455,2.386242706129183,0.0,0.0,0.0,0.0,0.0,0.0,ZERO_INTENT,0.2628080520481847,0,32,0,0,32
37.71666666666667,-57.052934300832405,-7.655944858104455,2.386242706129183,0.0,0.0,0.0,0.0,0.0,0.0,ZERO_INTENT,0.2628080520481847,0,32,0,0,32
37.733333333333334,-57.052934300832405,-7.655944858104455,2.386242706129183,0.0,0.0,0.0,0.0,0.0,0.0,ZERO_INTENT,0.2628080520481847,0,32,0,0,32
37.75,-57.052934300832405,-7.655944858104455,2.386242706129183,0.0,0.0,0.0,0.0,0.0,0.0,ZERO_INTENT,0.2628080520481847,0,32,0,0,32
37.766666666666666,-57.052934300832405,-7.655944858104455,2.386242706129183,0.0,0.0,0.0,0.0,0.0,0.0,ZERO_INTENT,0.2628080520481847,0,32,0,0,32
37.78333333333333,-57.052934300832405,-7.655944858104455,2.386242706129183,0.0,0.0,0.0,0.0,0.0,0.0,ZERO_INTENT,0.2628080520481847,0,32,0,0,32
37.8,-57.052934300832405,-7.655944858104455,2.386242706129183,0.0,0.0,0.0,0.0,0.0,0.0,ZERO_INTENT,0.2628080520481847,0,32,0,0,32
37.81666666666667,-57.052934300832405,-7.655944858104455,2.386242706129183,0.0,0.0,0.0,0.0,0.0,0.0,ZERO_INTENT,0.2628080520481847,0,32,0,0,32
37.833333333333336,-57.052934300832405,-7.655944858104455,2.386242706129183,0.0,0.0,0.0,0.0,0.0,0.0,ZERO_INTENT,0.2628080520481847,0,32,0,0,32
37.85,-57.052934300832405,-7.655944858104455,2.386242706129183,0.0,0.0,0.0,0.0,0.0,0.0,ZERO_INTENT,0.2628080520481847,0,32,0,0,32
37.86666666666667,-57.052934300832405,-7.655944858104455,2.386242706129183,0.0,0.0,0.0,0.0,0.0,0.0,ZERO_INTENT,0.2628080520481847,0,32,0,0,32
37.88333333333333,-57.052934300832405,-7.655944858104455,2.386242706129183,0.0,0.0,0.0,0.0,0.0,0.0,ZERO_INTENT,0.2628080520481847,0,32,0,0,32
37.9,-57.052934300832405,-7.655944858104455,2.386242706129183,0.0,0.0,0.0,0.0,0.0,0.0,ZERO_INTENT,0.2628080520481847,0,32,0,0,32
37.916666666666664,-57.052934300832405,-7.655944858104455,2.386242706129183,0.0,0.0,0.0,0.0,0.0,0.0,ZERO_INTENT,0.2628080520481847,0,32,0,0,32
37.93333333333333,-57.052934300832405,-7.655944858104455,2.386242706129183,0.0,0.0,0.0,0.0,0.0,0.0,ZERO_INTENT,0.2628080520481847,0,32,0,0,32
37.95,-57.052934300832405,-7.655944858104455,2.386242706129183,0.0,0.0,0.0,0.0,0.0,0.0,ZERO_INTENT,0.2628080520481847,0,32,0,0,32
37.96666666666667,-57.052934300832405,-7.655944858104455,2.386242706129183,0.0,0.0,0.0,0.0,0.0,0.0,ZERO_INTENT,0.2628080520481847,0,32,0,0,32
37.983333333333334,-57.052934300832405,-7.655944858104455,2.386242706129183,0.0,0.0,0.0,0.0,0.0,0.0,ZERO_INTENT,0.2628080520481847,0,32,0,0,32
38.0,-57.052934300832405,-7.655944858104455,2.386242706129183,0.0,0.0,0.0,0.0,0.0,0.0,ZERO_INTENT,0.2628080520481847,0,32,0,0,32
38.016666666666666,-57.052934300832405,-7.655944858104455,2.386242706129183,0.0,0.0,0.0,0.0,0.0,0.0,ZERO_INTENT,0.2628080520481847,0,32,0,0,32
38.03333333333333,-57.052934300832405,-7.655944858104455,2.386242706129183,0.0,0.0,0.0,0.0,0.0,0.0,ZERO_INTENT,0.2628080520481847,0,32,0,0,32
38.05,-57.052934300832405,-7.655944858104455,2.386242706129183,0.0,0.0,0.0,0.0,0.0,0.0,ZERO_INTENT,0.2628080520481847,0,32,0,0,32
38.06666666666667,-57.052934300832405,-7.655944858104455,2.386242706129183,0.0,0.0,0.0,0.0,0.0,0.0,ZERO_INTENT,0.2628080520481847,0,32,0,0,32
38.083333333333336,-57.052934300832405,-7.655944858104455,2.386242706129183,0.0,0.0,0.0,0.0,0.0,0.0,ZERO_INTENT,0.2628080520481847,0,32,0,0,32
38.1,-57.052934300832405,-7.655944858104455,2.386242706129183,0.0,0.0,0.0,0.0,0.0,0.0,ZERO_INTENT,0.2628080520481847,0,32,0,0,32
38.11666666666667,-57.052934300832405,-7.655944858104455,2.386242706129183,0.0,0.0,0.0,0.0,0.0,0.0,ZERO_INTENT,0.2628080520481847,0,32,0,0,32
38.13333333333333,-57.052934300832405,-7.655944858104455,2.386242706129183,0.0,0.0,0.0,0.0,0.0,0.0,ZERO_INTENT,0.2628080520481847,0,32,0,0,32
38.15,-57.052934300832405,-7.655944858104455,2.386242706129183,0.0,0.0,0.0,0.0,0.0,0.0,ZERO_INTENT,0.2628080520481847,0,32,0,0,32
38.166666666666664,-57.052934300832405,-7.655944858104455,2.386242706129183,0.0,0.0,0.0,0.0,0.0,0.0,ZERO_INTENT,0.2628080520481847,0,32,0,0,32
38.18333333333333,-57.052934300832405,-7.655944858104455,2.386242706129183,0.0,0.0,0.0,0.0,0.0,0.0,ZERO_INTENT,0.2628080520481847,0,32,0,0,32
38.2,-57.052934300832405,-7.655944858104455,2.386242706129183,0.0,0.0,0.0,0.0,0.0,0.0,ZERO_INTENT,0.2628080520481847,0,32,0,0,32
38.21666666666667,-57.052934300832405,-7.655944858104455,2.386242706129183,0.0,0.0,0.0,0.0,0.0,0.0,ZERO_INTENT,0.2628080520481847,0,32,0,0,32
38.233333333333334,-57.052934300832405,-7.655944858104455,2.386242706129183,0.0,0.0,0.0,0.0,0.0,0.0,ZERO_INTENT,0.2628080520481847,0,32,0,0,32
38.25,-57.052934300832405,-7.655944858104455,2.386242706129183,0.0,0.0,0.0,0.0,0.0,0.0,ZERO_INTENT,0.2628080520481847,0,32,0,0,32
38.266666666666666,-57.052934300832405,-7.655944858104455,2.386242706129183,0.0,0.0,0.0,0.0,0.0,0.0,ZERO_INTENT,0.2628080520481847,0,32,0,0,32
38.28333333333333,-57.052934300832405,-7.655944858104455,2.386242706129183,0.0,0.0,0.0,0.0,0.0,0.0,ZERO_INTENT,0.2628080520481847,0,32,0,0,32
38.3,-57.052934300832405,-7.655944858104455,2.386242706129183,0.0,0.0,0.0,0.0,0.0,0.0,ZERO_INTENT,0.2628080520481847,0,32,0,0,32
38.31666666666667,-57.052934300832405,-7.655944858104455,2.386242706129183,0.0,0.0,0.0,0.0,0.0,0.0,ZERO_INTENT,0.2628080520481847,0,32,0,0,32
38.333333333333336,-57.052934300832405,-7.655944858104455,2.386242706129183,0.0,0.0,0.0,0.0,0.0,0.0,ZERO_INTENT,0.2628080520481847,0,32,0,0,32
38.35,-57.052934300832405,-7.655944858104455,2.386242706129183,0.0,0.0,0.0,0.0,0.0,0.0,ZERO_INTENT,0.2628080520481847,0,32,0,0,32
38.36666666666667,-57.052934300832405,-7.655944858104455,2.386242706129183,0.0,0.0,0.0,0.0,0.0,0.0,ZERO_INTENT,0.2628080520481847,0,32,0,0,32
38.38333333333333,-57.052934300832405,-7.655944858104455,2.386242706129183,0.0,0.0,0.0,0.0,0.0,0.0,ZERO_INTENT,0.2628080520481847,0,32,0,0,32
38.4,-57.052934300832405,-7.655944858104455,2.386242706129183,0.0,0.0,0.0,0.0,0.0,0.0,ZERO_INTENT,0.2628080520481847,0,32,0,0,32
38.416666666666664,-57.052934300832405,-7.655944858104455,2.386242706129183,0.0,0.0,0.0,0.0,0.0,0.0,ZERO_INTENT,0.2628080520481847,0,32,0,0,32
38.43333333333333,-57.052934300832405,-7.655944858104455,2.386242706129183,0.0,0.0,0.0,0.0,0.0,0.0,ZERO_INTENT,0.2628080520481847,0,32,0,0,32
38.45,-57.052934300832405,-7.655944858104455,2.386242706129183,0.0,0.0,0.0,0.0,0.0,0.0,ZERO_INTENT,0.2628080520481847,0,32,0,0,32
38.46666666666667,-57.052934300832405,-7.655944858104455,2.386242706129183,0.0,0.0,0.0,0.0,0.0,0.0,ZERO_INTENT,0.2628080520481847,0,32,0,0,32
38.483333333333334,-57.052934300832405,-7.655944858104455,2.386242706129183,0.0,0.0,0.0,0.0,0.0,0.0,ZERO_INTENT,0.2628080520481847,0,32,0,0,32
38.5,-57.052934300832405,-7.655944858104455,2.386242706129183,0.0,0.0,0.0,0.0,0.0,0.0,ZERO_INTENT,0.2628080520481847,0,32,0,0,32
38.516666666666666,-57.052934300832405,-7.655944858104455,2.386242706129183,0.0,0.0,0.0,0.0,0.0,0.0,ZERO_INTENT,0.2628080520481847,0,32,0,0,32
38.53333333333333,-57.052934300832405,-7.655944858104455,2.386242706129183,0.0,0.0,0.0,0.0,0.0,0.0,ZERO_INTENT,0.2628080520481847,0,32,0,0,32
38.55,-57.052934300832405,-7.655944858104455,2.386242706129183,0.0,0.0,0.0,0.0,0.0,0.0,ZERO_INTENT,0.2628080520481847,0,32,0,0,32
38.56666666666667,-57.052934300832405,-7.655944858104455,2.386242706129183,0.0,0.0,0.0,0.0,0.0,0.0,ZERO_INTENT,0.2628080520481847,0,32,0,0,32
38.583333333333336,-57.052934300832405,-7.655944858104455,2.386242706129183,0.0,0.0,0.0,0.0,0.0,0.0,ZERO_INTENT,0.2628080520481847,0,32,0,0,32
38.6,-57.052934300832405,-7.655944858104455,2.386242706129183,0.0,0.0,0.0,0.0,0.0,0.0,ZERO_INTENT,0.2628080520481847,0,32,0,0,32
38.61666666666667,-57.052934300832405,-7.655944858104455,2.386242706129183,0.0,0.0,0.0,0.0,0.0,0.0,ZERO_INTENT,0.2628080520481847,0,32,0,0,32
38.63333333333333,-57.052934300832405,-7.655944858104455,2.386242706129183,0.0,0.0,0.0,0.0,0.0,0.0,ZERO_INTENT,0.2628080520481847,0,32,0,0,32
38.65,-57.052934300832405,-7.655944858104455,2.386242706129183,0.0,0.0,0.0,0.0,0.0,0.0,ZERO_INTENT,0.2628080520481847,0,32,0,0,32
38.666666666666664,-57.052934300832405,-7.655944858104455,2.386242706129183,0.0,0.0,0.0,0.0,0.0,0.0,ZERO_INTENT,0.2628080520481847,0,32,0,0,32
38.68333333333333,-57.052934300832405,-7.655944858104455,2.386242706129183,0.0,0.0,0.0,0.0,0.0,0.0,ZERO_INTENT,0.2628080520481847,0,32,0,0,32
38.7,-57.052934300832405,-7.655944858104455,2.386242706129183,0.0,0.0,0.0,0.0,0.0,0.0,ZERO_INTENT,0.2628080520481847,0,32,0,0,32
38.71666666666667,-57.052934300832405,-7.655944858104455,2.386242706129183,0.0,0.0,0.0,0.0,0.0,0.0,ZERO_INTENT,0.2628080520481847,0,32,0,0,32
38.733333333333334,-57.052934300832405,-7.655944858104455,2.386242706129183,0.0,0.0,0.0,0.0,0.0,0.0,ZERO_INTENT,0.2628080520481847,0,32,0,0,32
38.75,-57.052934300832405,-7.655944858104455,2.386242706129183,0.0,0.0,0.0,0.0,0.0,0.0,ZERO_INTENT,0.2628080520481847,0,32,0,0,32
38.766666666666666,-57.052934300832405,-7.655944858104455,2.386242706129183,0.0,0.0,0.0,0.0,0.0,0.0,ZERO_INTENT,0.2628080520481847,0,32,0,0,32
38.78333333333333,-57.052934300832405,-7.655944858104455,2.386242706129183,0.0,0.0,0.0,0.0,0.0,0.0,ZERO_INTENT,0.2628080520481847,0,32,0,0,32
38.8,-57.052934300832405,-7.655944858104455,2.386242706129183,0.0,0.0,0.0,0.0,0.0,0.0,ZERO_INTENT,0.2628080520481847,0,32,0,0,32
38.81666666666667,-57.052934300832405,-7.655944858104455,2.386242706129183,0.0,0.0,0.0,0.0,0.0,0.0,ZERO_INTENT,0.2628080520481847,0,32,0,0,32
38.833333333333336,-57.052934300832405,-7.655944858104455,2.386242706129183,0.0,0.0,0.0,0.0,0.0,0.0,ZERO_INTENT,0.2628080520481847,0,32,0,0,32
38.85,-57.052934300832405,-7.655944858104455,2.386242706129183,0.0,0.0,0.0,0.0,0.0,0.0,ZERO_INTENT,0.2628080520481847,0,32,0,0,32
38.86666666666667,-57.052934300832405,-7.655944858104455,2.386242706129183,0.0,0.0,0.0,0.0,0.0,0.0,ZERO_INTENT,0.2628080520481847,0,32,0,0,32
38.88333333333333,-57.052934300832405,-7.655944858104455,2.386242706129183,0.0,0.0,0.0,0.0,0.0,0.0,ZERO_INTENT,0.2628080520481847,0,32,0,0,32
38.9,-57.052934300832405,-7.655944858104455,2.386242706129183,0.0,0.0,0.0,0.0,0.0,0.0,ZERO_INTENT,0.2628080520481847,0,32,0,0,32
38.916666666666664,-57.052934300832405,-7.655944858104455,2.386242706129183,0.0,0.0,0.0,0.0,0.0,0.0,ZERO_INTENT,0.2628080520481847,0,32,0,0,32
38.93333333333333,-57.052934300832405,-7.655944858104455,2.386242706129183,0.0,0.0,0.0,0.0,0.0,0.0,ZERO_INTENT,0.2628080520481847,0,32,0,0,32
38.95,-57.052934300832405,-7.655944858104455,2.386242706129183,0.0,0.0,0.0,0.0,0.0,0.0,ZERO_INTENT,0.2628080520481847,0,32,0,0,32
38.96666666666667,-57.052934300832405,-7.655944858104455,2.386242706129183,0.0,0.0,0.0,0.0,0.0,0.0,ZERO_INTENT,0.2628080520481847,0,32,0,0,32
38.983333333333334,-57.052934300832405,-7.655944858104455,2.386242706129183,0.0,0.0,0.0,0.0,0.0,0.0,ZERO_INTENT,0.2628080520481847,0,32,0,0,32
39.0,-57.052934300832405,-7.655944858104455,2.386242706129183,0.0,0.0,0.0,0.0,0.0,0.0,ZERO_INTENT,0.2628080520481847,0,32,0,0,32
39.016666666666666,-57.052934300832405,-7.655944858104455,2.386242706129183,0.0,0.0,0.0,0.0,0.0,0.0,ZERO_INTENT,0.2628080520481847,0,32,0,0,32
39.03333333333333,-57.052934300832405,-7.655944858104455,2.386242706129183,0.0,0.0,0.0,0.0,0.0,0.0,ZERO_INTENT,0.2628080520481847,0,32,0,0,32
39.05,-57.052934300832405,-7.655944858104455,2.386242706129183,0.0,0.0,0.0,0.0,0.0,0.0,ZERO_INTENT,0.2628080520481847,0,32,0,0,32
39.06666666666667,-57.052934300832405,-7.655944858104455,2.386242706129183,0.0,0.0,0.0,0.0,0.0,0.0,ZERO_INTENT,0.2628080520481847,0,32,0,0,32
39.083333333333336,-57.052934300832405,-7.655944858104455,2.386242706129183,0.0,0.0,0.0,0.0,0.0,0.0,ZERO_INTENT,0.2628080520481847,0,32,0,0,32
39.1,-57.052934300832405,-7.655944858104455,2.386242706129183,0.0,0.0,0.0,0.0,0.0,0.0,ZERO_INTENT,0.2628080520481847,0,32,0,0,32
39.11666666666667,-57.052934300832405,-7.655944858104455,2.386242706129183,0.0,0.0,0.0,0.0,0.0,0.0,ZERO_INTENT,0.2628080520481847,0,32,0,0,32
39.13333333333333,-57.052934300832405,-7.655944858104455,2.386242706129183,0.0,0.0,0.0,0.0,0.0,0.0,ZERO_INTENT,0.2628080520481847,0,32,0,0,32
39.15,-57.052934300832405,-7.655944858104455,2.386242706129183,0.0,0.0,0.0,0.0,0.0,0.0,ZERO_INTENT,0.2628080520481847,0,32,0,0,32
39.166666666666664,-57.052934300832405,-7.655944858104455,2.386242706129183,0.0,0.0,0.0,0.0,0.0,0.0,ZERO_INTENT,0.2628080520481847,0,32,0,0,32
39.18333333333333,-57.052934300832405,-7.655944858104455,2.386242706129183,0.0,0.0,0.0,0.0,0.0,0.0,ZERO_INTENT,0.2628080520481847,0,32,0,0,32
39.2,-57.052934300832405,-7.655944858104455,2.386242706129183,0.0,0.0,0.0,0.0,0.0,0.0,ZERO_INTENT,0.2628080520481847,0,32,0,0,32
39.21666666666667,-57.052934300832405,-7.655944858104455,2.386242706129183,0.0,0.0,0.0,0.0,0.0,0.0,ZERO_INTENT,0.2628080520481847,0,32,0,0,32
39.233333333333334,-57.052934300832405,-7.655944858104455,2.386242706129183,0.0,0.0,0.0,0.0,0.0,0.0,ZERO_INTENT,0.2628080520481847,0,32,0,0,32
39.25,-57.052934300832405,-7.655944858104455,2.386242706129183,0.0,0.0,0.0,0.0,0.0,0.0,ZERO_INTENT,0.2628080520481847,0,32,0,0,32
39.266666666666666,-57.052934300832405,-7.655944858104455,2.386242706129183,0.0,0.0,0.0,0.0,0.0,0.0,ZERO_INTENT,0.2628080520481847,0,32,0,0,32
39.28333333333333,-57.052934300832405,-7.655944858104455,2.386242706129183,0.0,0.0,0.0,0.0,0.0,0.0,ZERO_INTENT,0.2628080520481847,0,32,0,0,32
39.3,-57.052934300832405,-7.655944858104455,2.386242706129183,0.0,0.0,0.0,0.0,0.0,0.0,ZERO_INTENT,0.2628080520481847,0,32,0,0,32
39.31666666666667,-57.052934300832405,-7.655944858104455,2.386242706129183,0.0,0.0,0.0,0.0,0.0,0.0,ZERO_INTENT,0.2628080520481847,0,32,0,0,32
39.333333333333336,-57.052934300832405,-7.655944858104455,2.386242706129183,0.0,0.0,0.0,0.0,0.0,0.0,ZERO_INTENT,0.2628080520481847,0,32,0,0,32
39.35,-57.052934300832405,-7.655944858104455,2.386242706129183,0.0,0.0,0.0,0.0,0.0,0.0,ZERO_INTENT,0.2628080520481847,0,32,0,0,32
39.36666666666667,-57.052934300832405,-7.655944858104455,2.386242706129183,0.0,0.0,0.0,0.0,0.0,0.0,ZERO_INTENT,0.2628080520481847,0,32,0,0,32
39.38333333333333,-57.052934300832405,-7.655944858104455,2.386242706129183,0.0,0.0,0.0,0.0,0.0,0.0,ZERO_INTENT,0.2628080520481847,0,32,0,0,32
39.4,-57.052934300832405,-7.655944858104455,2.386242706129183,0.0,0.0,0.0,0.0,0.0,0.0,ZERO_INTENT,0.2628080520481847,0,32,0,0,32
39.416666666666664,-57.052934300832405,-7.655944858104455,2.386242706129183,0.0,0.0,0.0,0.0,0.0,0.0,ZERO_INTENT,0.2628080520481847,0,32,0,0,32
39.43333333333333,-57.052934300832405,-7.655944858104455,2.386242706129183,0.0,0.0,0.0,0.0,0.0,0.0,ZERO_INTENT,0.2628080520481847,0,32,0,0,32
39.45,-57.052934300832405,-7.655944858104455,2.386242706129183,0.0,0.0,0.0,0.0,0.0,0.0,ZERO_INTENT,0.2628080520481847,0,32,0,0,32
39.46666666666667,-57.052934300832405,-7.655944858104455,2.386242706129183,0.0,0.0,0.0,0.0,0.0,0.0,ZERO_INTENT,0.2628080520481847,0,32,0,0,32
39.483333333333334,-57.052934300832405,-7.655944858104455,2.386242706129183,0.0,0.0,0.0,0.0,0.0,0.0,ZERO_INTENT,0.2628080520481847,0,32,0,0,32
39.5,-57.052934300832405,-7.655944858104455,2.386242706129183,0.0,0.0,0.0,0.0,0.0,0.0,ZERO_INTENT,0.2628080520481847,0,32,0,0,32
39.516666666666666,-57.052934300832405,-7.655944858104455,2.386242706129183,0.0,0.0,0.0,0.0,0.0,0.0,ZERO_INTENT,0.2628080520481847,0,32,0,0,32
39.53333333333333,-57.052934300832405,-7.655944858104455,2.386242706129183,0.0,0.0,0.0,0.0,0.0,0.0,ZERO_INTENT,0.2628080520481847,0,32,0,0,32
39.55,-57.052934300832405,-7.655944858104455,2.386242706129183,0.0,0.0,0.0,0.0,0.0,0.0,ZERO_INTENT,0.2628080520481847,0,32,0,0,32
39.56666666666667,-57.052934300832405,-7.655944858104455,2.386242706129183,0.0,0.0,0.0,0.0,0.0,0.0,ZERO_INTENT,0.2628080520481847,0,32,0,0,32
39.583333333333336,-57.052934300832405,-7.655944858104455,2.386242706129183,0.0,0.0,0.0,0.0,0.0,0.0,ZERO_INTENT,0.2628080520481847,0,32,0,0,32
39.6,-57.052934300832405,-7.655944858104455,2.386242706129183,0.0,0.0,0.0,0.0,0.0,0.0,ZERO_INTENT,0.2628080520481847,0,32,0,0,32
39.61666666666667,-57.052934300832405,-7.655944858104455,2.386242706129183,0.0,0.0,0.0,0.0,0.0,0.0,ZERO_INTENT,0.2628080520481847,0,32,0,0,32
39.63333333333333,-57.052934300832405,-7.655944858104455,2.386242706129183,0.0,0.0,0.0,0.0,0.0,0.0,ZERO_INTENT,0.2628080520481847,0,32,0,0,32
39.65,-57.052934300832405,-7.655944858104455,2.386242706129183,0.0,0.0,0.0,0.0,0.0,0.0,ZERO_INTENT,0.2628080520481847,0,32,0,0,32
39.666666666666664,-57.052934300832405,-7.655944858104455,2.386242706129183,0.0,0.0,0.0,0.0,0.0,0.0,ZERO_INTENT,0.2628080520481847,0,32,0,0,32
39.68333333333333,-57.052934300832405,-7.655944858104455,2.386242706129183,0.0,0.0,0.0,0.0,0.0,0.0,ZERO_INTENT,0.2628080520481847,0,32,0,0,32
39.7,-57.052934300832405,-7.655944858104455,2.386242706129183,0.0,0.0,0.0,0.0,0.0,0.0,ZERO_INTENT,0.2628080520481847,0,32,0,0,32
39.71666666666667,-57.052934300832405,-7.655944858104455,2.386242706129183,0.0,0.0,0.0,0.0,0.0,0.0,ZERO_INTENT,0.2628080520481847,0,32,0,0,32
39.733333333333334,-57.052934300832405,-7.655944858104455,2.386242706129183,0.0,0.0,0.0,0.0,0.0,0.0,ZERO_INTENT,0.2628080520481847,0,32,0,0,32
39.75,-57.052934300832405,-7.655944858104455,2.386242706129183,0.0,0.0,0.0,0.0,0.0,0.0,ZERO_INTENT,0.2628080520481847,0,32,0,0,32
39.766666666666666,-57.052934300832405,-7.655944858104455,2.386242706129183,0.0,0.0,0.0,0.0,0.0,0.0,ZERO_INTENT,0.2628080520481847,0,32,0,0,32
39.78333333333333,-57.052934300832405,-7.655944858104455,2.386242706129183,0.0,0.0,0.0,0.0,0.0,0.0,ZERO_INTENT,0.2628080520481847,0,32,0,0,32
39.8,-57.052934300832405,-7.655944858104455,2.386242706129183,0.0,0.0,0.0,0.0,0.0,0.0,ZERO_INTENT,0.2628080520481847,0,32,0,0,32
39.81666666666667,-57.052934300832405,-7.655944858104455,2.386242706129183,0.0,0.0,0.0,0.0,0.0,0.0,ZERO_INTENT,0.2628080520481847,0,32,0,0,32
39.833333333333336,-57.052934300832405,-7.655944858104455,2.386242706129183,0.0,0.0,0.0,0.0,0.0,0.0,ZERO_INTENT,0.2628080520481847,0,32,0,0,32
39.85,-57.052934300832405,-7.655944858104455,2.386242706129183,0.0,0.0,0.0,0.0,0.0,0.0,ZERO_INTENT,0.2628080520481847,0,32,0,0,32
39.86666666666667,-57.052934300832405,-7.655944858104455,2.386242706129183,0.0,0.0,0.0,0.0,0.0,0.0,ZERO_INTENT,0.2628080520481847,0,32,0,0,32
39.88333333333333,-57.052934300832405,-7.655944858104455,2.386242706129183,0.0,0.0,0.0,0.0,0.0,0.0,ZERO_INTENT,0.2628080520481847,0,32,0,0,32
39.9,-57.052934300832405,-7.655944858104455,2.386242706129183,0.0,0.0,0.0,0.0,0.0,0.0,ZERO_INTENT,0.2628080520481847,0,32,0,0,32
39.916666666666664,-57.052934300832405,-7.655944858104455,2.386242706129183,0.0,0.0,0.0,0.0,0.0,0.0,ZERO_INTENT,0.2628080520481847,0,32,0,0,32
39.93333333333333,-57.052934300832405,-7.655944858104455,2.386242706129183,0.0,0.0,0.0,0.0,0.0,0.0,ZERO_INTENT,0.2628080520481847,0,32,0,0,32
39.95,-57.052934300832405,-7.655944858104455,2.386242706129183,0.0,0.0,0.0,0.0,0.0,0.0,ZERO_INTENT,0.2628080520481847,0,32,0,0,32
39.96666666666667,-57.052934300832405,-7.655944858104455,2.386242706129183,0.0,0.0,0.0,0.0,0.0,0.0,ZERO_INTENT,0.2628080520481847,0,32,0,0,32
39.983333333333334,-57.052934300832405,-7.655944858104455,2.386242706129183,0.0,0.0,0.0,0.0,0.0,0.0,ZERO_INTENT,0.2628080520481847,0,32,0,0,32
40.0,-57.052934300832405,-7.655944858104455,2.386242706129183,0.0,0.0,0.0,0.0,0.0,0.0,ZERO_INTENT,0.2628080520481847,0,32,0,0,32
40.016666666666666,-57.052934300832405,-7.655944858104455,2.386242706129183,0.0,0.0,0.0,0.0,0.0,0.0,ZERO_INTENT,0.2628080520481847,0,32,0,0,32
40.03333333333333,-57.052934300832405,-7.655944858104455,2.386242706129183,0.0,0.0,0.0,0.0,0.0,0.0,ZERO_INTENT,0.2628080520481847,0,32,0,0,32
40.05,-57.052934300832405,-7.655944858104455,2.386242706129183,0.0,0.0,0.0,0.0,0.0,0.0,ZERO_INTENT,0.2628080520481847,0,32,0,0,32
40.06666666666667,-57.052934300832405,-7.655944858104455,2.386242706129183,0.0,0.0,0.0,0.0,0.0,0.0,ZERO_INTENT,0.2628080520481847,0,32,0,0,32
40.083333333333336,-57.052934300832405,-7.655944858104455,2.386242706129183,0.0,0.0,0.0,0.0,0.0,0.0,ZERO_INTENT,0.2628080520481847,0,32,0,0,32
40.1,-57.052934300832405,-7.655944858104455,2.386242706129183,0.0,0.0,0.0,0.0,0.0,0.0,ZERO_INTENT,0.2628080520481847,0,32,0,0,32
40.11666666666667,-57.052934300832405,-7.655944858104455,2.386242706129183,0.0,0.0,0.0,0.0,0.0,0.0,ZERO_INTENT,0.2628080520481847,0,32,0,0,32
40.13333333333333,-57.052934300832405,-7.655944858104455,2.386242706129183,0.0,0.0,0.0,0.0,0.0,0.0,ZERO_INTENT,0.2628080520481847,0,32,0,0,32
40.15,-57.052934300832405,-7.655944858104455,2.386242706129183,0.0,0.0,0.0,0.0,0.0,0.0,ZERO_INTENT,0.2628080520481847,0,32,0,0,32
40.166666666666664,-57.052934300832405,-7.655944858104455,2.386242706129183,0.0,0.0,0.0,0.0,0.0,0.0,ZERO_INTENT,0.2628080520481847,0,32,0,0,32
40.18333333333333,-57.052934300832405,-7.655944858104455,2.386242706129183,0.0,0.0,0.0,0.0,0.0,0.0,ZERO_INTENT,0.2628080520481847,0,32,0,0,32
40.2,-57.052934300832405,-7.655944858104455,2.386242706129183,0.0,0.0,0.0,0.0,0.0,0.0,ZERO_INTENT,0.2628080520481847,0,32,0,0,32
40.21666666666667,-57.052934300832405,-7.655944858104455,2.386242706129183,0.0,0.0,0.0,0.0,0.0,0.0,ZERO_INTENT,0.2628080520481847,0,32,0,0,32
40.233333333333334,-57.052934300832405,-7.655944858104455,2.386242706129183,0.0,0.0,0.0,0.0,0.0,0.0,ZERO_INTENT,0.2628080520481847,0,32,0,0,32
40.25,-57.052934300832405,-7.655944858104455,2.386242706129183,0.0,0.0,0.0,0.0,0.0,0.0,ZERO_INTENT,0.2628080520481847,0,32,0,0,32
40.266666666666666,-57.052934300832405,-7.655944858104455,2.386242706129183,0.0,0.0,0.0,0.0,0.0,0.0,ZERO_INTENT,0.2628080520481847,0,32,0,0,32
40.28333333333333,-57.052934300832405,-7.655944858104455,2.386242706129183,0.0,0.0,0.0,0.0,0.0,0.0,ZERO_INTENT,0.2628080520481847,0,32,0,0,32
40.3,-57.052934300832405,-7.655944858104455,2.386242706129183,0.0,0.0,0.0,0.0,0.0,0.0,ZERO_INTENT,0.2628080520481847,0,32,0,0,32
40.31666666666667,-57.052934300832405,-7.655944858104455,2.386242706129183,0.0,0.0,0.0,0.0,0.0,0.0,ZERO_INTENT,0.2628080520481847,0,32,0,0,32
40.333333333333336,-57.052934300832405,-7.655944858104455,2.386242706129183,0.0,0.0,0.0,0.0,0.0,0.0,ZERO_INTENT,0.2628080520481847,0,32,0,0,32
40.35,-57.052934300832405,-7.655944858104455,2.386242706129183,0.0,0.0,0.0,0.0,0.0,0.0,ZERO_INTENT,0.2628080520481847,0,32,0,0,32
40.36666666666667,-57.052934300832405,-7.655944858104455,2.386242706129183,0.0,0.0,0.0,0.0,0.0,0.0,ZERO_INTENT,0.2628080520481847,0,32,0,0,32
40.38333333333333,-57.052934300832405,-7.655944858104455,2.386242706129183,0.0,0.0,0.0,0.0,0.0,0.0,ZERO_INTENT,0.2628080520481847,0,32,0,0,32
40.4,-57.052934300832405,-7.655944858104455,2.386242706129183,0.0,0.0,0.0,0.0,0.0,0.0,ZERO_INTENT,0.2628080520481847,0,32,0,0,32
40.416666666666664,-57.052934300832405,-7.655944858104455,2.386242706129183,0.0,0.0,0.0,0.0,0.0,0.0,ZERO_INTENT,0.2628080520481847,0,32,0,0,32
40.43333333333333,-57.052934300832405,-7.655944858104455,2.386242706129183,0.0,0.0,0.0,0.0,0.0,0.0,ZERO_INTENT,0.2628080520481847,0,32,0,0,32
40.45,-57.052934300832405,-7.655944858104455,2.386242706129183,0.0,0.0,0.0,0.0,0.0,0.0,ZERO_INTENT,0.2628080520481847,0,32,0,0,32
40.46666666666667,-57.052934300832405,-7.655944858104455,2.386242706129183,0.0,0.0,0.0,0.0,0.0,0.0,ZERO_INTENT,0.2628080520481847,0,32,0,0,32
40.483333333333334,-57.052934300832405,-7.655944858104455,2.386242706129183,0.0,0.0,0.0,0.0,0.0,0.0,ZERO_INTENT,0.2628080520481847,0,32,0,0,32
40.5,-57.052934300832405,-7.655944858104455,2.386242706129183,0.0,0.0,0.0,0.0,0.0,0.0,ZERO_INTENT,0.2628080520481847,0,32,0,0,32
40.516666666666666,-57.052934300832405,-7.655944858104455,2.386242706129183,0.0,0.0,0.0,0.0,0.0,0.0,ZERO_INTENT,0.2628080520481847,0,32,0,0,32
40.53333333333333,-57.052934300832405,-7.655944858104455,2.386242706129183,0.0,0.0,0.0,0.0,0.0,0.0,ZERO_INTENT,0.2628080520481847,0,32,0,0,32
40.55,-57.052934300832405,-7.655944858104455,2.386242706129183,0.0,0.0,0.0,0.0,0.0,0.0,ZERO_INTENT,0.2628080520481847,0,32,0,0,32
40.56666666666667,-57.052934300832405,-7.655944858104455,2.386242706129183,0.0,0.0,0.0,0.0,0.0,0.0,ZERO_INTENT,0.2628080520481847,0,32,0,0,32
40.583333333333336,-57.052934300832405,-7.655944858104455,2.386242706129183,0.0,0.0,0.0,0.0,0.0,0.0,ZERO_INTENT,0.2628080520481847,0,32,0,0,32
40.6,-57.052934300832405,-7.655944858104455,2.386242706129183,0.0,0.0,0.0,0.0,0.0,0.0,ZERO_INTENT,0.2628080520481847,0,32,0,0,32
40.61666666666667,-57.052934300832405,-7.655944858104455,2.386242706129183,0.0,0.0,0.0,0.0,0.0,0.0,ZERO_INTENT,0.2628080520481847,0,32,0,0,32
40.63333333333333,-57.052934300832405,-7.655944858104455,2.386242706129183,0.0,0.0,0.0,0.0,0.0,0.0,ZERO_INTENT,0.2628080520481847,0,32,0,0,32
40.65,-57.052934300832405,-7.655944858104455,2.386242706129183,0.0,0.0,0.0,0.0,0.0,0.0,ZERO_INTENT,0.2628080520481847,0,32,0,0,32
40.666666666666664,-57.052934300832405,-7.655944858104455,2.386242706129183,0.0,0.0,0.0,0.0,0.0,0.0,ZERO_INTENT,0.2628080520481847,0,32,0,0,32
40.68333333333333,-57.052934300832405,-7.655944858104455,2.386242706129183,0.0,0.0,0.0,0.0,0.0,0.0,ZERO_INTENT,0.2628080520481847,0,32,0,0,32
40.7,-57.052934300832405,-7.655944858104455,2.386242706129183,0.0,0.0,0.0,0.0,0.0,0.0,ZERO_INTENT,0.2628080520481847,0,32,0,0,32
40.71666666666667,-57.052934300832405,-7.655944858104455,2.386242706129183,0.0,0.0,0.0,0.0,0.0,0.0,ZERO_INTENT,0.2628080520481847,0,32,0,0,32
40.733333333333334,-57.052934300832405,-7.655944858104455,2.386242706129183,0.0,0.0,0.0,0.0,0.0,0.0,ZERO_INTENT,0.2628080520481847,0,32,0,0,32
40.75,-57.052934300832405,-7.655944858104455,2.386242706129183,0.0,0.0,0.0,0.0,0.0,0.0,ZERO_INTENT,0.2628080520481847,0,32,0,0,32
40.766666666666666,-57.052934300832405,-7.655944858104455,2.386242706129183,0.0,0.0,0.0,0.0,0.0,0.0,ZERO_INTENT,0.2628080520481847,0,32,0,0,32
40.78333333333333,-57.052934300832405,-7.655944858104455,2.386242706129183,0.0,0.0,0.0,0.0,0.0,0.0,ZERO_INTENT,0.2628080520481847,0,32,0,0,32
40.8,-57.052934300832405,-7.655944858104455,2.386242706129183,0.0,0.0,0.0,0.0,0.0,0.0,ZERO_INTENT,0.2628080520481847,0,32,0,0,32
40.81666666666667,-57.052934300832405,-7.655944858104455,2.386242706129183,0.0,0.0,0.0,0.0,0.0,0.0,ZERO_INTENT,0.2628080520481847,0,32,0,0,32
40.833333333333336,-57.052934300832405,-7.655944858104455,2.386242706129183,0.0,0.0,0.0,0.0,0.0,0.0,ZERO_INTENT,0.2628080520481847,0,32,0,0,32
40.85,-57.052934300832405,-7.655944858104455,2.386242706129183,0.0,0.0,0.0,0.0,0.0,0.0,ZERO_INTENT,0.2628080520481847,0,32,0,0,32
40.86666666666667,-57.052934300832405,-7.655944858104455,2.386242706129183,0.0,0.0,0.0,0.0,0.0,0.0,ZERO_INTENT,0.2628080520481847,0,32,0,0,32
40.88333333333333,-57.052934300832405,-7.655944858104455,2.386242706129183,0.0,0.0,0.0,0.0,0.0,0.0,ZERO_INTENT,0.2628080520481847,0,32,0,0,32
40.9,-57.052934300832405,-7.655944858104455,2.386242706129183,0.0,0.0,0.0,0.0,0.0,0.0,ZERO_INTENT,0.2628080520481847,0,32,0,0,32
40.916666666666664,-57.052934300832405,-7.655944858104455,2.386242706129183,0.0,0.0,0.0,0.0,0.0,0.0,ZERO_INTENT,0.2628080520481847,0,32,0,0,32
40.93333333333333,-57.052934300832405,-7.655944858104455,2.386242706129183,0.0,0.0,0.0,0.0,0.0,0.0,ZERO_INTENT,0.2628080520481847,0,32,0,0,32
40.95,-57.052934300832405,-7.655944858104455,2.386242706129183,0.0,0.0,0.0,0.0,0.0,0.0,ZERO_INTENT,0.2628080520481847,0,32,0,0,32
40.96666666666667,-57.052934300832405,-7.655944858104455,2.386242706129183,0.0,0.0,0.0,0.0,0.0,0.0,ZERO_INTENT,0.2628080520481847,0,32,0,0,32
40.983333333333334,-57.052934300832405,-7.655944858104455,2.386242706129183,0.0,0.0,0.0,0.0,0.0,0.0,ZERO_INTENT,0.2628080520481847,0,32,0,0,32
41.0,-57.052934300832405,-7.655944858104455,2.386242706129183,0.0,0.0,0.0,0.0,0.0,0.0,ZERO_INTENT,0.2628080520481847,0,32,0,0,32
41.016666666666666,-57.052934300832405,-7.655944858104455,2.386242706129183,0.0,0.0,0.0,0.0,0.0,0.0,ZERO_INTENT,0.2628080520481847,0,32,0,0,32
41.03333333333333,-57.052934300832405,-7.655944858104455,2.386242706129183,0.0,0.0,0.0,0.0,0.0,0.0,ZERO_INTENT,0.2628080520481847,0,32,0,0,32
41.05,-57.052934300832405,-7.655944858104455,2.386242706129183,0.0,0.0,0.0,0.0,0.0,0.0,ZERO_INTENT,0.2628080520481847,0,32,0,0,32
41.06666666666667,-57.052934300832405,-7.655944858104455,2.386242706129183,0.0,0.0,0.0,0.0,0.0,0.0,ZERO_INTENT,0.2628080520481847,0,32,0,0,32
41.083333333333336,-57.052934300832405,-7.655944858104455,2.386242706129183,0.0,0.0,0.0,0.0,0.0,0.0,ZERO_INTENT,0.2628080520481847,0,32,0,0,32
41.1,-57.052934300832405,-7.655944858104455,2.386242706129183,0.0,0.0,0.0,0.0,0.0,0.0,ZERO_INTENT,0.2628080520481847,0,32,0,0,32
41.11666666666667,-57.052934300832405,-7.655944858104455,2.386242706129183,0.0,0.0,0.0,0.0,0.0,0.0,ZERO_INTENT,0.2628080520481847,0,32,0,0,32
41.13333333333333,-57.052934300832405,-7.655944858104455,2.386242706129183,0.0,0.0,0.0,0.0,0.0,0.0,ZERO_INTENT,0.2628080520481847,0,32,0,0,32
41.15,-57.052934300832405,-7.655944858104455,2.386242706129183,0.0,0.0,0.0,0.0,0.0,0.0,ZERO_INTENT,0.2628080520481847,0,32,0,0,32
41.166666666666664,-57.052934300832405,-7.655944858104455,2.386242706129183,0.0,0.0,0.0,0.0,0.0,0.0,ZERO_INTENT,0.2628080520481847,0,32,0,0,32
41.18333333333333,-57.052934300832405,-7.655944858104455,2.386242706129183,0.0,0.0,0.0,0.0,0.0,0.0,ZERO_INTENT,0.2628080520481847,0,32,0,0,32
41.2,-57.052934300832405,-7.655944858104455,2.386242706129183,0.0,0.0,0.0,0.0,0.0,0.0,ZERO_INTENT,0.2628080520481847,0,32,0,0,32
41.21666666666667,-57.052934300832405,-7.655944858104455,2.386242706129183,0.0,0.0,0.0,0.0,0.0,0.0,ZERO_INTENT,0.2628080520481847,0,32,0,0,32
41.233333333333334,-57.052934300832405,-7.655944858104455,2.386242706129183,0.0,0.0,0.0,0.0,0.0,0.0,ZERO_INTENT,0.2628080520481847,0,32,0,0,32
41.25,-57.052934300832405,-7.655944858104455,2.386242706129183,0.0,0.0,0.0,0.0,0.0,0.0,ZERO_INTENT,0.2628080520481847,0,32,0,0,32
41.266666666666666,-57.052934300832405,-7.655944858104455,2.386242706129183,0.0,0.0,0.0,0.0,0.0,0.0,ZERO_INTENT,0.2628080520481847,0,32,0,0,32
41.28333333333333,-57.052934300832405,-7.655944858104455,2.386242706129183,0.0,0.0,0.0,0.0,0.0,0.0,ZERO_INTENT,0.2628080520481847,0,32,0,0,32
41.3,-57.052934300832405,-7.655944858104455,2.386242706129183,0.0,0.0,0.0,0.0,0.0,0.0,ZERO_INTENT,0.2628080520481847,0,32,0,0,32
41.31666666666667,-57.052934300832405,-7.655944858104455,2.386242706129183,0.0,0.0,0.0,0.0,0.0,0.0,ZERO_INTENT,0.2628080520481847,0,32,0,0,32
41.333333333333336,-57.052934300832405,-7.655944858104455,2.386242706129183,0.0,0.0,0.0,0.0,0.0,0.0,ZERO_INTENT,0.2628080520481847,0,32,0,0,32
41.35,-57.052934300832405,-7.655944858104455,2.386242706129183,0.0,0.0,0.0,0.0,0.0,0.0,ZERO_INTENT,0.2628080520481847,0,32,0,0,32
41.36666666666667,-57.052934300832405,-7.655944858104455,2.386242706129183,0.0,0.0,0.0,0.0,0.0,0.0,ZERO_INTENT,0.2628080520481847,0,32,0,0,32
41.38333333333333,-57.052934300832405,-7.655944858104455,2.386242706129183,0.0,0.0,0.0,0.0,0.0,0.0,ZERO_INTENT,0.2628080520481847,0,32,0,0,32
41.4,-57.052934300832405,-7.655944858104455,2.386242706129183,0.0,0.0,0.0,0.0,0.0,0.0,ZERO_INTENT,0.2628080520481847,0,32,0,0,32
41.416666666666664,-57.052934300832405,-7.655944858104455,2.386242706129183,0.0,0.0,0.0,0.0,0.0,0.0,ZERO_INTENT,0.2628080520481847,0,32,0,0,32
41.43333333333333,-57.052934300832405,-7.655944858104455,2.386242706129183,0.0,0.0,0.0,0.0,0.0,0.0,ZERO_INTENT,0.2628080520481847,0,32,0,0,32
41.45,-57.052934300832405,-7.655944858104455,2.386242706129183,0.0,0.0,0.0,0.0,0.0,0.0,ZERO_INTENT,0.2628080520481847,0,32,0,0,32
41.46666666666667,-57.052934300832405,-7.655944858104455,2.386242706129183,0.0,0.0,0.0,0.0,0.0,0.0,ZERO_INTENT,0.2628080520481847,0,32,0,0,32
41.483333333333334,-57.052934300832405,-7.655944858104455,2.386242706129183,0.0,0.0,0.0,0.0,0.0,0.0,ZERO_INTENT,0.2628080520481847,0,32,0,0,32
41.5,-57.052934300832405,-7.655944858104455,2.386242706129183,0.0,0.0,0.0,0.0,0.0,0.0,ZERO_INTENT,0.2628080520481847,0,32,0,0,32
41.516666666666666,-57.052934300832405,-7.655944858104455,2.386242706129183,0.0,0.0,0.0,0.0,0.0,0.0,ZERO_INTENT,0.2628080520481847,0,32,0,0,32
41.53333333333333,-57.052934300832405,-7.655944858104455,2.386242706129183,0.0,0.0,0.0,0.0,0.0,0.0,ZERO_INTENT,0.2628080520481847,0,32,0,0,32
41.55,-57.052934300832405,-7.655944858104455,2.386242706129183,0.0,0.0,0.0,0.0,0.0,0.0,ZERO_INTENT,0.2628080520481847,0,32,0,0,32
41.56666666666667,-57.052934300832405,-7.655944858104455,2.386242706129183,0.0,0.0,0.0,0.0,0.0,0.0,ZERO_INTENT,0.2628080520481847,0,32,0,0,32
41.583333333333336,-57.052934300832405,-7.655944858104455,2.386242706129183,0.0,0.0,0.0,0.0,0.0,0.0,ZERO_INTENT,0.2628080520481847,0,32,0,0,32
41.6,-57.052934300832405,-7.655944858104455,2.386242706129183,0.0,0.0,0.0,0.0,0.0,0.0,ZERO_INTENT,0.2628080520481847,0,32,0,0,32
41.61666666666667,-57.052934300832405,-7.655944858104455,2.386242706129183,0.0,0.0,0.0,0.0,0.0,0.0,ZERO_INTENT,0.2628080520481847,0,32,0,0,32
41.63333333333333,-57.052934300832405,-7.655944858104455,2.386242706129183,0.0,0.0,0.0,0.0,0.0,0.0,ZERO_INTENT,0.2628080520481847,0,32,0,0,32
41.65,-57.052934300832405,-7.655944858104455,2.386242706129183,0.0,0.0,0.0,0.0,0.0,0.0,ZERO_INTENT,0.2628080520481847,0,32,0,0,32
41.666666666666664,-57.052934300832405,-7.655944858104455,2.386242706129183,0.0,0.0,0.0,0.0,0.0,0.0,ZERO_INTENT,0.2628080520481847,0,32,0,0,32
41.68333333333333,-57.052934300832405,-7.655944858104455,2.386242706129183,0.0,0.0,0.0,0.0,0.0,0.0,ZERO_INTENT,0.2628080520481847,0,32,0,0,32
41.7,-57.052934300832405,-7.655944858104455,2.386242706129183,0.0,0.0,0.0,0.0,0.0,0.0,ZERO_INTENT,0.2628080520481847,0,32,0,0,32
41.71666666666667,-57.052934300832405,-7.655944858104455,2.386242706129183,0.0,0.0,0.0,0.0,0.0,0.0,ZERO_INTENT,0.2628080520481847,0,32,0,0,32
41.733333333333334,-57.052934300832405,-7.655944858104455,2.386242706129183,0.0,0.0,0.0,0.0,0.0,0.0,ZERO_INTENT,0.2628080520481847,0,32,0,0,32
41.75,-57.052934300832405,-7.655944858104455,2.386242706129183,0.0,0.0,0.0,0.0,0.0,0.0,ZERO_INTENT,0.2628080520481847,0,32,0,0,32
41.766666666666666,-57.052934300832405,-7.655944858104455,2.386242706129183,0.0,0.0,0.0,0.0,0.0,0.0,ZERO_INTENT,0.2628080520481847,0,32,0,0,32
41.78333333333333,-57.052934300832405,-7.655944858104455,2.386242706129183,0.0,0.0,0.0,0.0,0.0,0.0,ZERO_INTENT,0.2628080520481847,0,32,0,0,32
41.8,-57.052934300832405,-7.655944858104455,2.386242706129183,0.0,0.0,0.0,0.0,0.0,0.0,ZERO_INTENT,0.2628080520481847,0,32,0,0,32
41.81666666666667,-57.052934300832405,-7.655944858104455,2.386242706129183,0.0,0.0,0.0,0.0,0.0,0.0,ZERO_INTENT,0.2628080520481847,0,32,0,0,32
41.833333333333336,-57.052934300832405,-7.655944858104455,2.386242706129183,0.0,0.0,0.0,0.0,0.0,0.0,ZERO_INTENT,0.2628080520481847,0,32,0,0,32
41.85,-57.052934300832405,-7.655944858104455,2.386242706129183,0.0,0.0,0.0,0.0,0.0,0.0,ZERO_INTENT,0.2628080520481847,0,32,0,0,32
41.86666666666667,-57.052934300832405,-7.655944858104455,2.386242706129183,0.0,0.0,0.0,0.0,0.0,0.0,ZERO_INTENT,0.2628080520481847,0,32,0,0,32
41.88333333333333,-57.052934300832405,-7.655944858104455,2.386242706129183,0.0,0.0,0.0,0.0,0.0,0.0,ZERO_INTENT,0.2628080520481847,0,32,0,0,32
41.9,-57.052934300832405,-7.655944858104455,2.386242706129183,0.0,0.0,0.0,0.0,0.0,0.0,ZERO_INTENT,0.2628080520481847,0,32,0,0,32
41.916666666666664,-57.052934300832405,-7.655944858104455,2.386242706129183,0.0,0.0,0.0,0.0,0.0,0.0,ZERO_INTENT,0.2628080520481847,0,32,0,0,32
41.93333333333333,-57.052934300832405,-7.655944858104455,2.386242706129183,0.0,0.0,0.0,0.0,0.0,0.0,ZERO_INTENT,0.2628080520481847,0,32,0,0,32
41.95,-57.052934300832405,-7.655944858104455,2.386242706129183,0.0,0.0,0.0,0.0,0.0,0.0,ZERO_INTENT,0.2628080520481847,0,32,0,0,32
41.96666666666667,-57.052934300832405,-7.655944858104455,2.386242706129183,0.0,0.0,0.0,0.0,0.0,0.0,ZERO_INTENT,0.2628080520481847,0,32,0,0,32
41.983333333333334,-57.052934300832405,-7.655944858104455,2.386242706129183,0.0,0.0,0.0,0.0,0.0,0.0,ZERO_INTENT,0.2628080520481847,0,32,0,0,32
42.0,-57.052934300832405,-7.655944858104455,2.386242706129183,0.0,0.0,0.0,0.0,0.0,0.0,ZERO_INTENT,0.2628080520481847,0,32,0,0,32
42.016666666666666,-57.052934300832405,-7.655944858104455,2.386242706129183,0.0,0.0,0.0,0.0,0.0,0.0,ZERO_INTENT,0.2628080520481847,0,32,0,0,32
42.03333333333333,-57.052934300832405,-7.655944858104455,2.386242706129183,0.0,0.0,0.0,0.0,0.0,0.0,ZERO_INTENT,0.2628080520481847,0,32,0,0,32
42.05,-57.052934300832405,-7.655944858104455,2.386242706129183,0.0,0.0,0.0,0.0,0.0,0.0,ZERO_INTENT,0.2628080520481847,0,32,0,0,32
42.06666666666667,-57.052934300832405,-7.655944858104455,2.386242706129183,0.0,0.0,0.0,0.0,0.0,0.0,ZERO_INTENT,0.2628080520481847,0,32,0,0,32
42.083333333333336,-57.052934300832405,-7.655944858104455,2.386242706129183,0.0,0.0,0.0,0.0,0.0,0.0,ZERO_INTENT,0.2628080520481847,0,32,0,0,32
42.1,-57.052934300832405,-7.655944858104455,2.386242706129183,0.0,0.0,0.0,0.0,0.0,0.0,ZERO_INTENT,0.2628080520481847,0,32,0,0,32
42.11666666666667,-57.052934300832405,-7.655944858104455,2.386242706129183,0.0,0.0,0.0,0.0,0.0,0.0,ZERO_INTENT,0.2628080520481847,0,32,0,0,32
42.13333333333333,-57.052934300832405,-7.655944858104455,2.386242706129183,0.0,0.0,0.0,0.0,0.0,0.0,ZERO_INTENT,0.2628080520481847,0,32,0,0,32
42.15,-57.052934300832405,-7.655944858104455,2.386242706129183,0.0,0.0,0.0,0.0,0.0,0.0,ZERO_INTENT,0.2628080520481847,0,32,0,0,32
42.166666666666664,-57.052934300832405,-7.655944858104455,2.386242706129183,0.0,0.0,0.0,0.0,0.0,0.0,ZERO_INTENT,0.2628080520481847,0,32,0,0,32
42.18333333333333,-57.052934300832405,-7.655944858104455,2.386242706129183,0.0,0.0,0.0,0.0,0.0,0.0,ZERO_INTENT,0.2628080520481847,0,32,0,0,32
42.2,-57.052934300832405,-7.655944858104455,2.386242706129183,0.0,0.0,0.0,0.0,0.0,0.0,ZERO_INTENT,0.2628080520481847,0,32,0,0,32
42.21666666666667,-57.052934300832405,-7.655944858104455,2.386242706129183,0.0,0.0,0.0,0.0,0.0,0.0,ZERO_INTENT,0.2628080520481847,0,32,0,0,32
42.233333333333334,-57.052934300832405,-7.655944858104455,2.386242706129183,0.0,0.0,0.0,0.0,0.0,0.0,ZERO_INTENT,0.2628080520481847,0,32,0,0,32
42.25,-57.052934300832405,-7.655944858104455,2.386242706129183,0.0,0.0,0.0,0.0,0.0,0.0,ZERO_INTENT,0.2628080520481847,0,32,0,0,32
42.266666666666666,-57.052934300832405,-7.655944858104455,2.386242706129183,0.0,0.0,0.0,0.0,0.0,0.0,ZERO_INTENT,0.2628080520481847,0,32,0,0,32
42.28333333333333,-57.052934300832405,-7.655944858104455,2.386242706129183,0.0,0.0,0.0,0.0,0.0,0.0,ZERO_INTENT,0.2628080520481847,0,32,0,0,32
42.3,-57.052934300832405,-7.655944858104455,2.386242706129183,0.0,0.0,0.0,0.0,0.0,0.0,ZERO_INTENT,0.2628080520481847,0,32,0,0,32
42.31666666666667,-57.052934300832405,-7.655944858104455,2.386242706129183,0.0,0.0,0.0,0.0,0.0,0.0,ZERO_INTENT,0.2628080520481847,0,32,0,0,32
42.333333333333336,-57.052934300832405,-7.655944858104455,2.386242706129183,0.0,0.0,0.0,0.0,0.0,0.0,ZERO_INTENT,0.2628080520481847,0,32,0,0,32
42.35,-57.052934300832405,-7.655944858104455,2.386242706129183,0.0,0.0,0.0,0.0,0.0,0.0,ZERO_INTENT,0.2628080520481847,0,32,0,0,32
42.36666666666667,-57.052934300832405,-7.655944858104455,2.386242706129183,0.0,0.0,0.0,0.0,0.0,0.0,ZERO_INTENT,0.2628080520481847,0,32,0,0,32
42.38333333333333,-57.052934300832405,-7.655944858104455,2.386242706129183,0.0,0.0,0.0,0.0,0.0,0.0,ZERO_INTENT,0.2628080520481847,0,32,0,0,32
42.4,-57.052934300832405,-7.655944858104455,2.386242706129183,0.0,0.0,0.0,0.0,0.0,0.0,ZERO_INTENT,0.2628080520481847,0,32,0,0,32
42.416666666666664,-57.052934300832405,-7.655944858104455,2.386242706129183,0.0,0.0,0.0,0.0,0.0,0.0,ZERO_INTENT,0.2628080520481847,0,32,0,0,32
42.43333333333333,-57.052934300832405,-7.655944858104455,2.386242706129183,0.0,0.0,0.0,0.0,0.0,0.0,ZERO_INTENT,0.2628080520481847,0,32,0,0,32
42.45,-57.052934300832405,-7.655944858104455,2.386242706129183,0.0,0.0,0.0,0.0,0.0,0.0,ZERO_INTENT,0.2628080520481847,0,32,0,0,32
42.46666666666667,-57.052934300832405,-7.655944858104455,2.386242706129183,0.0,0.0,0.0,0.0,0.0,0.0,ZERO_INTENT,0.2628080520481847,0,32,0,0,32
42.483333333333334,-57.052934300832405,-7.655944858104455,2.386242706129183,0.0,0.0,0.0,0.0,0.0,0.0,ZERO_INTENT,0.2628080520481847,0,32,0,0,32
42.5,-57.052934300832405,-7.655944858104455,2.386242706129183,0.0,0.0,0.0,0.0,0.0,0.0,ZERO_INTENT,0.2628080520481847,0,32,0,0,32
42.516666666666666,-57.052934300832405,-7.655944858104455,2.386242706129183,0.0,0.0,0.0,0.0,0.0,0.0,ZERO_INTENT,0.2628080520481847,0,32,0,0,32
42.53333333333333,-57.052934300832405,-7.655944858104455,2.386242706129183,0.0,0.0,0.0,0.0,0.0,0.0,ZERO_INTENT,0.2628080520481847,0,32,0,0,32
42.55,-57.052934300832405,-7.655944858104455,2.386242706129183,0.0,0.0,0.0,0.0,0.0,0.0,ZERO_INTENT,0.2628080520481847,0,32,0,0,32
42.56666666666667,-57.052934300832405,-7.655944858104455,2.386242706129183,0.0,0.0,0.0,0.0,0.0,0.0,ZERO_INTENT,0.2628080520481847,0,32,0,0,32
42.583333333333336,-57.052934300832405,-7.655944858104455,2.386242706129183,0.0,0.0,0.0,0.0,0.0,0.0,ZERO_INTENT,0.2628080520481847,0,32,0,0,32
42.6,-57.052934300832405,-7.655944858104455,2.386242706129183,0.0,0.0,0.0,0.0,0.0,0.0,ZERO_INTENT,0.2628080520481847,0,32,0,0,32
42.61666666666667,-57.052934300832405,-7.655944858104455,2.386242706129183,0.0,0.0,0.0,0.0,0.0,0.0,ZERO_INTENT,0.2628080520481847,0,32,0,0,32
42.63333333333333,-57.052934300832405,-7.655944858104455,2.386242706129183,0.0,0.0,0.0,0.0,0.0,0.0,ZERO_INTENT,0.2628080520481847,0,32,0,0,32
42.65,-57.052934300832405,-7.655944858104455,2.386242706129183,0.0,0.0,0.0,0.0,0.0,0.0,ZERO_INTENT,0.2628080520481847,0,32,0,0,32
42.666666666666664,-57.052934300832405,-7.655944858104455,2.386242706129183,0.0,0.0,0.0,0.0,0.0,0.0,ZERO_INTENT,0.2628080520481847,0,32,0,0,32
42.68333333333333,-57.052934300832405,-7.655944858104455,2.386242706129183,0.0,0.0,0.0,0.0,0.0,0.0,ZERO_INTENT,0.2628080520481847,0,32,0,0,32
42.7,-57.052934300832405,-7.655944858104455,2.386242706129183,0.0,0.0,0.0,0.0,0.0,0.0,ZERO_INTENT,0.2628080520481847,0,32,0,0,32
42.71666666666667,-57.052934300832405,-7.655944858104455,2.386242706129183,0.0,0.0,0.0,0.0,0.0,0.0,ZERO_INTENT,0.2628080520481847,0,32,0,0,32
42.733333333333334,-57.052934300832405,-7.655944858104455,2.386242706129183,0.0,0.0,0.0,0.0,0.0,0.0,ZERO_INTENT,0.2628080520481847,0,32,0,0,32
42.75,-57.052934300832405,-7.655944858104455,2.386242706129183,0.0,0.0,0.0,0.0,0.0,0.0,ZERO_INTENT,0.2628080520481847,0,32,0,0,32
42.766666666666666,-57.052934300832405,-7.655944858104455,2.386242706129183,0.0,0.0,0.0,0.0,0.0,0.0,ZERO_INTENT,0.2628080520481847,0,32,0,0,32
42.78333333333333,-57.052934300832405,-7.655944858104455,2.386242706129183,0.0,0.0,0.0,0.0,0.0,0.0,ZERO_INTENT,0.2628080520481847,0,32,0,0,32
42.8,-57.052934300832405,-7.655944858104455,2.386242706129183,0.0,0.0,0.0,0.0,0.0,0.0,ZERO_INTENT,0.2628080520481847,0,32,0,0,32
42.81666666666667,-57.052934300832405,-7.655944858104455,2.386242706129183,0.0,0.0,0.0,0.0,0.0,0.0,ZERO_INTENT,0.2628080520481847,0,32,0,0,32
42.833333333333336,-57.052934300832405,-7.655944858104455,2.386242706129183,0.0,0.0,0.0,0.0,0.0,0.0,ZERO_INTENT,0.2628080520481847,0,32,0,0,32
42.85,-57.052934300832405,-7.655944858104455,2.386242706129183,0.0,0.0,0.0,0.0,0.0,0.0,ZERO_INTENT,0.2628080520481847,0,32,0,0,32
42.86666666666667,-57.052934300832405,-7.655944858104455,2.386242706129183,0.0,0.0,0.0,0.0,0.0,0.0,ZERO_INTENT,0.2628080520481847,0,32,0,0,32
42.88333333333333,-57.052934300832405,-7.655944858104455,2.386242706129183,0.0,0.0,0.0,0.0,0.0,0.0,ZERO_INTENT,0.2628080520481847,0,32,0,0,32
42.9,-57.052934300832405,-7.655944858104455,2.386242706129183,0.0,0.0,0.0,0.0,0.0,0.0,ZERO_INTENT,0.2628080520481847,0,32,0,0,32
42.916666666666664,-57.052934300832405,-7.655944858104455,2.386242706129183,0.0,0.0,0.0,0.0,0.0,0.0,ZERO_INTENT,0.2628080520481847,0,32,0,0,32
42.93333333333333,-57.052934300832405,-7.655944858104455,2.386242706129183,0.0,0.0,0.0,0.0,0.0,0.0,ZERO_INTENT,0.2628080520481847,0,32,0,0,32
42.95,-57.052934300832405,-7.655944858104455,2.386242706129183,0.0,0.0,0.0,0.0,0.0,0.0,ZERO_INTENT,0.2628080520481847,0,32,0,0,32
42.96666666666667,-57.052934300832405,-7.655944858104455,2.386242706129183,0.0,0.0,0.0,0.0,0.0,0.0,ZERO_INTENT,0.2628080520481847,0,32,0,0,32
42.983333333333334,-57.052934300832405,-7.655944858104455,2.386242706129183,0.0,0.0,0.0,0.0,0.0,0.0,ZERO_INTENT,0.2628080520481847,0,32,0,0,32
43.0,-57.052934300832405,-7.655944858104455,2.386242706129183,0.0,0.0,0.0,0.0,0.0,0.0,ZERO_INTENT,0.2628080520481847,0,32,0,0,32
43.016666666666666,-57.052934300832405,-7.655944858104455,2.386242706129183,0.0,0.0,0.0,0.0,0.0,0.0,ZERO_INTENT,0.2628080520481847,0,32,0,0,32
43.03333333333333,-57.052934300832405,-7.655944858104455,2.386242706129183,0.0,0.0,0.0,0.0,0.0,0.0,ZERO_INTENT,0.2628080520481847,0,32,0,0,32
43.05,-57.052934300832405,-7.655944858104455,2.386242706129183,0.0,0.0,0.0,0.0,0.0,0.0,ZERO_INTENT,0.2628080520481847,0,32,0,0,32
43.06666666666667,-57.052934300832405,-7.655944858104455,2.386242706129183,0.0,0.0,0.0,0.0,0.0,0.0,ZERO_INTENT,0.2628080520481847,0,32,0,0,32
43.083333333333336,-57.052934300832405,-7.655944858104455,2.386242706129183,0.0,0.0,0.0,0.0,0.0,0.0,ZERO_INTENT,0.2628080520481847,0,32,0,0,32
43.1,-57.052934300832405,-7.655944858104455,2.386242706129183,0.0,0.0,0.0,0.0,0.0,0.0,ZERO_INTENT,0.2628080520481847,0,32,0,0,32
43.11666666666667,-57.052934300832405,-7.655944858104455,2.386242706129183,0.0,0.0,0.0,0.0,0.0,0.0,ZERO_INTENT,0.2628080520481847,0,32,0,0,32
43.13333333333333,-57.052934300832405,-7.655944858104455,2.386242706129183,0.0,0.0,0.0,0.0,0.0,0.0,ZERO_INTENT,0.2628080520481847,0,32,0,0,32
43.15,-57.052934300832405,-7.655944858104455,2.386242706129183,0.0,0.0,0.0,0.0,0.0,0.0,ZERO_INTENT,0.2628080520481847,0,32,0,0,32
43.166666666666664,-57.052934300832405,-7.655944858104455,2.386242706129183,0.0,0.0,0.0,0.0,0.0,0.0,ZERO_INTENT,0.2628080520481847,0,32,0,0,32
43.18333333333333,-57.052934300832405,-7.655944858104455,2.386242706129183,0.0,0.0,0.0,0.0,0.0,0.0,ZERO_INTENT,0.2628080520481847,0,32,0,0,32
43.2,-57.052934300832405,-7.655944858104455,2.386242706129183,0.0,0.0,0.0,0.0,0.0,0.0,ZERO_INTENT,0.2628080520481847,0,32,0,0,32
43.21666666666667,-57.052934300832405,-7.655944858104455,2.386242706129183,0.0,0.0,0.0,0.0,0.0,0.0,ZERO_INTENT,0.2628080520481847,0,32,0,0,32
43.233333333333334,-57.052934300832405,-7.655944858104455,2.386242706129183,0.0,0.0,0.0,0.0,0.0,0.0,ZERO_INTENT,0.2628080520481847,0,32,0,0,32
43.25,-57.052934300832405,-7.655944858104455,2.386242706129183,0.0,0.0,0.0,0.0,0.0,0.0,ZERO_INTENT,0.2628080520481847,0,32,0,0,32
43.266666666666666,-57.052934300832405,-7.655944858104455,2.386242706129183,0.0,0.0,0.0,0.0,0.0,0.0,ZERO_INTENT,0.2628080520481847,0,32,0,0,32
43.28333333333333,-57.052934300832405,-7.655944858104455,2.386242706129183,0.0,0.0,0.0,0.0,0.0,0.0,ZERO_INTENT,0.2628080520481847,0,32,0,0,32
43.3,-57.052934300832405,-7.655944858104455,2.386242706129183,0.0,0.0,0.0,0.0,0.0,0.0,ZERO_INTENT,0.2628080520481847,0,32,0,0,32
43.31666666666667,-57.052934300832405,-7.655944858104455,2.386242706129183,0.0,0.0,0.0,0.0,0.0,0.0,ZERO_INTENT,0.2628080520481847,0,32,0,0,32
43.333333333333336,-57.052934300832405,-7.655944858104455,2.386242706129183,0.0,0.0,0.0,0.0,0.0,0.0,ZERO_INTENT,0.2628080520481847,0,32,0,0,32
43.35,-57.052934300832405,-7.655944858104455,2.386242706129183,0.0,0.0,0.0,0.0,0.0,0.0,ZERO_INTENT,0.2628080520481847,0,32,0,0,32
43.36666666666667,-57.052934300832405,-7.655944858104455,2.386242706129183,0.0,0.0,0.0,0.0,0.0,0.0,ZERO_INTENT,0.2628080520481847,0,32,0,0,32
43.38333333333333,-57.052934300832405,-7.655944858104455,2.386242706129183,0.0,0.0,0.0,0.0,0.0,0.0,ZERO_INTENT,0.2628080520481847,0,32,0,0,32
43.4,-57.052934300832405,-7.655944858104455,2.386242706129183,0.0,0.0,0.0,0.0,0.0,0.0,ZERO_INTENT,0.2628080520481847,0,32,0,0,32
43.416666666666664,-57.052934300832405,-7.655944858104455,2.386242706129183,0.0,0.0,0.0,0.0,0.0,0.0,ZERO_INTENT,0.2628080520481847,0,32,0,0,32
43.43333333333333,-57.052934300832405,-7.655944858104455,2.386242706129183,0.0,0.0,0.0,0.0,0.0,0.0,ZERO_INTENT,0.2628080520481847,0,32,0,0,32
43.45,-57.052934300832405,-7.655944858104455,2.386242706129183,0.0,0.0,0.0,0.0,0.0,0.0,ZERO_INTENT,0.2628080520481847,0,32,0,0,32
43.46666666666667,-57.052934300832405,-7.655944858104455,2.386242706129183,0.0,0.0,0.0,0.0,0.0,0.0,ZERO_INTENT,0.2628080520481847,0,32,0,0,32
43.483333333333334,-57.052934300832405,-7.655944858104455,2.386242706129183,0.0,0.0,0.0,0.0,0.0,0.0,ZERO_INTENT,0.2628080520481847,0,32,0,0,32
43.5,-57.052934300832405,-7.655944858104455,2.386242706129183,0.0,0.0,0.0,0.0,0.0,0.0,ZERO_INTENT,0.2628080520481847,0,32,0,0,32
43.516666666666666,-57.052934300832405,-7.655944858104455,2.386242706129183,0.0,0.0,0.0,0.0,0.0,0.0,ZERO_INTENT,0.2628080520481847,0,32,0,0,32
43.53333333333333,-57.052934300832405,-7.655944858104455,2.386242706129183,0.0,0.0,0.0,0.0,0.0,0.0,ZERO_INTENT,0.2628080520481847,0,32,0,0,32
43.55,-57.052934300832405,-7.655944858104455,2.386242706129183,0.0,0.0,0.0,0.0,0.0,0.0,ZERO_INTENT,0.2628080520481847,0,32,0,0,32
43.56666666666667,-57.052934300832405,-7.655944858104455,2.386242706129183,0.0,0.0,0.0,0.0,0.0,0.0,ZERO_INTENT,0.2628080520481847,0,32,0,0,32
43.583333333333336,-57.052934300832405,-7.655944858104455,2.386242706129183,0.0,0.0,0.0,0.0,0.0,0.0,ZERO_INTENT,0.2628080520481847,0,32,0,0,32
43.6,-57.052934300832405,-7.655944858104455,2.386242706129183,0.0,0.0,0.0,0.0,0.0,0.0,ZERO_INTENT,0.2628080520481847,0,32,0,0,32
43.61666666666667,-57.052934300832405,-7.655944858104455,2.386242706129183,0.0,0.0,0.0,0.0,0.0,0.0,ZERO_INTENT,0.2628080520481847,0,32,0,0,32
43.63333333333333,-57.052934300832405,-7.655944858104455,2.386242706129183,0.0,0.0,0.0,0.0,0.0,0.0,ZERO_INTENT,0.2628080520481847,0,32,0,0,32
43.65,-57.052934300832405,-7.655944858104455,2.386242706129183,0.0,0.0,0.0,0.0,0.0,0.0,ZERO_INTENT,0.2628080520481847,0,32,0,0,32
43.666666666666664,-57.052934300832405,-7.655944858104455,2.386242706129183,0.0,0.0,0.0,0.0,0.0,0.0,ZERO_INTENT,0.2628080520481847,0,32,0,0,32
43.68333333333333,-57.052934300832405,-7.655944858104455,2.386242706129183,0.0,0.0,0.0,0.0,0.0,0.0,ZERO_INTENT,0.2628080520481847,0,32,0,0,32
43.7,-57.052934300832405,-7.655944858104455,2.386242706129183,0.0,0.0,0.0,0.0,0.0,0.0,ZERO_INTENT,0.2628080520481847,0,32,0,0,32
43.71666666666667,-57.052934300832405,-7.655944858104455,2.386242706129183,0.0,0.0,0.0,0.0,0.0,0.0,ZERO_INTENT,0.2628080520481847,0,32,0,0,32
43.733333333333334,-57.052934300832405,-7.655944858104455,2.386242706129183,0.0,0.0,0.0,0.0,0.0,0.0,ZERO_INTENT,0.2628080520481847,0,32,0,0,32
43.75,-57.052934300832405,-7.655944858104455,2.386242706129183,0.0,0.0,0.0,0.0,0.0,0.0,ZERO_INTENT,0.2628080520481847,0,32,0,0,32
43.766666666666666,-57.052934300832405,-7.655944858104455,2.386242706129183,0.0,0.0,0.0,0.0,0.0,0.0,ZERO_INTENT,0.2628080520481847,0,32,0,0,32
43.78333333333333,-57.052934300832405,-7.655944858104455,2.386242706129183,0.0,0.0,0.0,0.0,0.0,0.0,ZERO_INTENT,0.2628080520481847,0,32,0,0,32
43.8,-57.052934300832405,-7.655944858104455,2.386242706129183,0.0,0.0,0.0,0.0,0.0,0.0,ZERO_INTENT,0.2628080520481847,0,32,0,0,32
43.81666666666667,-57.052934300832405,-7.655944858104455,2.386242706129183,0.0,0.0,0.0,0.0,0.0,0.0,ZERO_INTENT,0.2628080520481847,0,32,0,0,32
43.833333333333336,-57.052934300832405,-7.655944858104455,2.386242706129183,0.0,0.0,0.0,0.0,0.0,0.0,ZERO_INTENT,0.2628080520481847,0,32,0,0,32
43.85,-57.052934300832405,-7.655944858104455,2.386242706129183,0.0,0.0,0.0,0.0,0.0,0.0,ZERO_INTENT,0.2628080520481847,0,32,0,0,32
43.86666666666667,-57.052934300832405,-7.655944858104455,2.386242706129183,0.0,0.0,0.0,0.0,0.0,0.0,ZERO_INTENT,0.2628080520481847,0,32,0,0,32
43.88333333333333,-57.052934300832405,-7.655944858104455,2.386242706129183,0.0,0.0,0.0,0.0,0.0,0.0,ZERO_INTENT,0.2628080520481847,0,32,0,0,32
43.9,-57.052934300832405,-7.655944858104455,2.386242706129183,0.0,0.0,0.0,0.0,0.0,0.0,ZERO_INTENT,0.2628080520481847,0,32,0,0,32
43.916666666666664,-57.052934300832405,-7.655944858104455,2.386242706129183,0.0,0.0,0.0,0.0,0.0,0.0,ZERO_INTENT,0.2628080520481847,0,32,0,0,32
43.93333333333333,-57.052934300832405,-7.655944858104455,2.386242706129183,0.0,0.0,0.0,0.0,0.0,0.0,ZERO_INTENT,0.2628080520481847,0,32,0,0,32
43.95,-57.052934300832405,-7.655944858104455,2.386242706129183,0.0,0.0,0.0,0.0,0.0,0.0,ZERO_INTENT,0.2628080520481847,0,32,0,0,32
43.96666666666667,-57.052934300832405,-7.655944858104455,2.386242706129183,0.0,0.0,0.0,0.0,0.0,0.0,ZERO_INTENT,0.2628080520481847,0,32,0,0,32
43.983333333333334,-57.052934300832405,-7.655944858104455,2.386242706129183,0.0,0.0,0.0,0.0,0.0,0.0,ZERO_INTENT,0.2628080520481847,0,32,0,0,32
44.0,-57.052934300832405,-7.655944858104455,2.386242706129183,0.0,0.0,0.0,0.0,0.0,0.0,ZERO_INTENT,0.2628080520481847,0,32,0,0,32
44.016666666666666,-57.052934300832405,-7.655944858104455,2.386242706129183,0.0,0.0,0.0,0.0,0.0,0.0,ZERO_INTENT,0.2628080520481847,0,32,0,0,32
44.03333333333333,-57.052934300832405,-7.655944858104455,2.386242706129183,0.0,0.0,0.0,0.0,0.0,0.0,ZERO_INTENT,0.2628080520481847,0,32,0,0,32
44.05,-57.052934300832405,-7.655944858104455,2.386242706129183,0.0,0.0,0.0,0.0,0.0,0.0,ZERO_INTENT,0.2628080520481847,0,32,0,0,32
44.06666666666667,-57.052934300832405,-7.655944858104455,2.386242706129183,0.0,0.0,0.0,0.0,0.0,0.0,ZERO_INTENT,0.2628080520481847,0,32,0,0,32
44.083333333333336,-57.052934300832405,-7.655944858104455,2.386242706129183,0.0,0.0,0.0,0.0,0.0,0.0,ZERO_INTENT,0.2628080520481847,0,32,0,0,32
44.1,-57.052934300832405,-7.655944858104455,2.386242706129183,0.0,0.0,0.0,0.0,0.0,0.0,ZERO_INTENT,0.2628080520481847,0,32,0,0,32
44.11666666666667,-57.052934300832405,-7.655944858104455,2.386242706129183,0.0,0.0,0.0,0.0,0.0,0.0,ZERO_INTENT,0.2628080520481847,0,32,0,0,32
44.13333333333333,-57.052934300832405,-7.655944858104455,2.386242706129183,0.0,0.0,0.0,0.0,0.0,0.0,ZERO_INTENT,0.2628080520481847,0,32,0,0,32
44.15,-57.052934300832405,-7.655944858104455,2.386242706129183,0.0,0.0,0.0,0.0,0.0,0.0,ZERO_INTENT,0.2628080520481847,0,32,0,0,32
44.166666666666664,-57.052934300832405,-7.655944858104455,2.386242706129183,0.0,0.0,0.0,0.0,0.0,0.0,ZERO_INTENT,0.2628080520481847,0,32,0,0,32
44.18333333333333,-57.052934300832405,-7.655944858104455,2.386242706129183,0.0,0.0,0.0,0.0,0.0,0.0,ZERO_INTENT,0.2628080520481847,0,32,0,0,32
44.2,-57.052934300832405,-7.655944858104455,2.386242706129183,0.0,0.0,0.0,0.0,0.0,0.0,ZERO_INTENT,0.2628080520481847,0,32,0,0,32
44.21666666666667,-57.052934300832405,-7.655944858104455,2.386242706129183,0.0,0.0,0.0,0.0,0.0,0.0,ZERO_INTENT,0.2628080520481847,0,32,0,0,32
44.233333333333334,-57.052934300832405,-7.655944858104455,2.386242706129183,0.0,0.0,0.0,0.0,0.0,0.0,ZERO_INTENT,0.2628080520481847,0,32,0,0,32
44.25,-57.052934300832405,-7.655944858104455,2.386242706129183,0.0,0.0,0.0,0.0,0.0,0.0,ZERO_INTENT,0.2628080520481847,0,32,0,0,32
44.266666666666666,-57.052934300832405,-7.655944858104455,2.386242706129183,0.0,0.0,0.0,0.0,0.0,0.0,ZERO_INTENT,0.2628080520481847,0,32,0,0,32
44.28333333333333,-57.052934300832405,-7.655944858104455,2.386242706129183,0.0,0.0,0.0,0.0,0.0,0.0,ZERO_INTENT,0.2628080520481847,0,32,0,0,32
44.3,-57.052934300832405,-7.655944858104455,2.386242706129183,0.0,0.0,0.0,0.0,0.0,0.0,ZERO_INTENT,0.2628080520481847,0,32,0,0,32
44.31666666666667,-57.052934300832405,-7.655944858104455,2.386242706129183,0.0,0.0,0.0,0.0,0.0,0.0,ZERO_INTENT,0.2628080520481847,0,32,0,0,32
44.333333333333336,-57.052934300832405,-7.655944858104455,2.386242706129183,0.0,0.0,0.0,0.0,0.0,0.0,ZERO_INTENT,0.2628080520481847,0,32,0,0,32
44.35,-57.052934300832405,-7.655944858104455,2.386242706129183,0.0,0.0,0.0,0.0,0.0,0.0,ZERO_INTENT,0.2628080520481847,0,32,0,0,32
44.36666666666667,-57.052934300832405,-7.655944858104455,2.386242706129183,0.0,0.0,0.0,0.0,0.0,0.0,ZERO_INTENT,0.2628080520481847,0,32,0,0,32
44.38333333333333,-57.052934300832405,-7.655944858104455,2.386242706129183,0.0,0.0,0.0,0.0,0.0,0.0,ZERO_INTENT,0.2628080520481847,0,32,0,0,32
44.4,-57.052934300832405,-7.655944858104455,2.386242706129183,0.0,0.0,0.0,0.0,0.0,0.0,ZERO_INTENT,0.2628080520481847,0,32,0,0,32
44.416666666666664,-57.052934300832405,-7.655944858104455,2.386242706129183,0.0,0.0,0.0,0.0,0.0,0.0,ZERO_INTENT,0.2628080520481847,0,32,0,0,32
44.43333333333333,-57.052934300832405,-7.655944858104455,2.386242706129183,0.0,0.0,0.0,0.0,0.0,0.0,ZERO_INTENT,0.2628080520481847,0,32,0,0,32
44.45,-57.052934300832405,-7.655944858104455,2.386242706129183,0.0,0.0,0.0,0.0,0.0,0.0,ZERO_INTENT,0.2628080520481847,0,32,0,0,32
44.46666666666667,-57.052934300832405,-7.655944858104455,2.386242706129183,0.0,0.0,0.0,0.0,0.0,0.0,ZERO_INTENT,0.2628080520481847,0,32,0,0,32
44.483333333333334,-57.052934300832405,-7.655944858104455,2.386242706129183,0.0,0.0,0.0,0.0,0.0,0.0,ZERO_INTENT,0.2628080520481847,0,32,0,0,32
44.5,-57.052934300832405,-7.655944858104455,2.386242706129183,0.0,0.0,0.0,0.0,0.0,0.0,ZERO_INTENT,0.2628080520481847,0,32,0,0,32
44.516666666666666,-57.052934300832405,-7.655944858104455,2.386242706129183,0.0,0.0,0.0,0.0,0.0,0.0,ZERO_INTENT,0.2628080520481847,0,32,0,0,32
44.53333333333333,-57.052934300832405,-7.655944858104455,2.386242706129183,0.0,0.0,0.0,0.0,0.0,0.0,ZERO_INTENT,0.2628080520481847,0,32,0,0,32
44.55,-57.052934300832405,-7.655944858104455,2.386242706129183,0.0,0.0,0.0,0.0,0.0,0.0,ZERO_INTENT,0.2628080520481847,0,32,0,0,32
44.56666666666667,-57.052934300832405,-7.655944858104455,2.386242706129183,0.0,0.0,0.0,0.0,0.0,0.0,ZERO_INTENT,0.2628080520481847,0,32,0,0,32
44.583333333333336,-57.052934300832405,-7.655944858104455,2.386242706129183,0.0,0.0,0.0,0.0,0.0,0.0,ZERO_INTENT,0.2628080520481847,0,32,0,0,32
44.6,-57.052934300832405,-7.655944858104455,2.386242706129183,0.0,0.0,0.0,0.0,0.0,0.0,ZERO_INTENT,0.2628080520481847,0,32,0,0,32
44.61666666666667,-57.052934300832405,-7.655944858104455,2.386242706129183,0.0,0.0,0.0,0.0,0.0,0.0,ZERO_INTENT,0.2628080520481847,0,32,0,0,32
44.63333333333333,-57.052934300832405,-7.655944858104455,2.386242706129183,0.0,0.0,0.0,0.0,0.0,0.0,ZERO_INTENT,0.2628080520481847,0,32,0,0,32
44.65,-57.052934300832405,-7.655944858104455,2.386242706129183,0.0,0.0,0.0,0.0,0.0,0.0,ZERO_INTENT,0.2628080520481847,0,32,0,0,32
44.666666666666664,-57.052934300832405,-7.655944858104455,2.386242706129183,0.0,0.0,0.0,0.0,0.0,0.0,ZERO_INTENT,0.2628080520481847,0,32,0,0,32
44.68333333333333,-57.052934300832405,-7.655944858104455,2.386242706129183,0.0,0.0,0.0,0.0,0.0,0.0,ZERO_INTENT,0.2628080520481847,0,32,0,0,32
44.7,-57.052934300832405,-7.655944858104455,2.386242706129183,0.0,0.0,0.0,0.0,0.0,0.0,ZERO_INTENT,0.2628080520481847,0,32,0,0,32
44.71666666666667,-57.052934300832405,-7.655944858104455,2.386242706129183,0.0,0.0,0.0,0.0,0.0,0.0,ZERO_INTENT,0.2628080520481847,0,32,0,0,32
44.733333333333334,-57.052934300832405,-7.655944858104455,2.386242706129183,0.0,0.0,0.0,0.0,0.0,0.0,ZERO_INTENT,0.2628080520481847,0,32,0,0,32
44.75,-57.052934300832405,-7.655944858104455,2.386242706129183,0.0,0.0,0.0,0.0,0.0,0.0,ZERO_INTENT,0.2628080520481847,0,32,0,0,32
44.766666666666666,-57.052934300832405,-7.655944858104455,2.386242706129183,0.0,0.0,0.0,0.0,0.0,0.0,ZERO_INTENT,0.2628080520481847,0,32,0,0,32
44.78333333333333,-57.052934300832405,-7.655944858104455,2.386242706129183,0.0,0.0,0.0,0.0,0.0,0.0,ZERO_INTENT,0.2628080520481847,0,32,0,0,32
44.8,-57.052934300832405,-7.655944858104455,2.386242706129183,0.0,0.0,0.0,0.0,0.0,0.0,ZERO_INTENT,0.2628080520481847,0,32,0,0,32
44.81666666666667,-57.052934300832405,-7.655944858104455,2.386242706129183,0.0,0.0,0.0,0.0,0.0,0.0,ZERO_INTENT,0.2628080520481847,0,32,0,0,32
44.833333333333336,-57.052934300832405,-7.655944858104455,2.386242706129183,0.0,0.0,0.0,0.0,0.0,0.0,ZERO_INTENT,0.2628080520481847,0,32,0,0,32
44.85,-57.052934300832405,-7.655944858104455,2.386242706129183,0.0,0.0,0.0,0.0,0.0,0.0,ZERO_INTENT,0.2628080520481847,0,32,0,0,32
44.86666666666667,-57.052934300832405,-7.655944858104455,2.386242706129183,0.0,0.0,0.0,0.0,0.0,0.0,ZERO_INTENT,0.2628080520481847,0,32,0,0,32
44.88333333333333,-57.052934300832405,-7.655944858104455,2.386242706129183,0.0,0.0,0.0,0.0,0.0,0.0,ZERO_INTENT,0.2628080520481847,0,32,0,0,32
44.9,-57.052934300832405,-7.655944858104455,2.386242706129183,0.0,0.0,0.0,0.0,0.0,0.0,ZERO_INTENT,0.2628080520481847,0,32,0,0,32
44.916666666666664,-57.052934300832405,-7.655944858104455,2.386242706129183,0.0,0.0,0.0,0.0,0.0,0.0,ZERO_INTENT,0.2628080520481847,0,32,0,0,32
44.93333333333333,-57.052934300832405,-7.655944858104455,2.386242706129183,0.0,0.0,0.0,0.0,0.0,0.0,ZERO_INTENT,0.2628080520481847,0,32,0,0,32
44.95,-57.052934300832405,-7.655944858104455,2.386242706129183,0.0,0.0,0.0,0.0,0.0,0.0,ZERO_INTENT,0.2628080520481847,0,32,0,0,32
44.96666666666667,-57.052934300832405,-7.655944858104455,2.386242706129183,0.0,0.0,0.0,0.0,0.0,0.0,ZERO_INTENT,0.2628080520481847,0,32,0,0,32
44.983333333333334,-57.052934300832405,-7.655944858104455,2.386242706129183,0.0,0.0,0.0,0.0,0.0,0.0,ZERO_INTENT,0.2628080520481847,0,32,0,0,32
45.0,-57.052934300832405,-7.655944858104455,2.386242706129183,0.0,0.0,0.0,0.0,0.0,0.0,ZERO_INTENT,0.2628080520481847,0,32,0,0,32
45.016666666666666,-57.052934300832405,-7.655944858104455,2.386242706129183,0.0,0.0,0.0,0.0,0.0,0.0,ZERO_INTENT,0.2628080520481847,0,32,0,0,32
45.03333333333333,-57.052934300832405,-7.655944858104455,2.386242706129183,0.0,0.0,0.0,0.0,0.0,0.0,ZERO_INTENT,0.2628080520481847,0,32,0,0,32
45.05,-57.052934300832405,-7.655944858104455,2.386242706129183,0.0,0.0,0.0,0.0,0.0,0.0,ZERO_INTENT,0.2628080520481847,0,32,0,0,32
45.06666666666667,-57.052934300832405,-7.655944858104455,2.386242706129183,0.0,0.0,0.0,0.0,0.0,0.0,ZERO_INTENT,0.2628080520481847,0,32,0,0,32
45.083333333333336,-57.052934300832405,-7.655944858104455,2.386242706129183,0.0,0.0,0.0,0.0,0.0,0.0,ZERO_INTENT,0.2628080520481847,0,32,0,0,32
45.1,-57.052934300832405,-7.655944858104455,2.386242706129183,0.0,0.0,0.0,0.0,0.0,0.0,ZERO_INTENT,0.2628080520481847,0,32,0,0,32
45.11666666666667,-57.052934300832405,-7.655944858104455,2.386242706129183,0.0,0.0,0.0,0.0,0.0,0.0,ZERO_INTENT,0.2628080520481847,0,32,0,0,32
45.13333333333333,-57.052934300832405,-7.655944858104455,2.386242706129183,0.0,0.0,0.0,0.0,0.0,0.0,ZERO_INTENT,0.2628080520481847,0,32,0,0,32
45.15,-57.052934300832405,-7.655944858104455,2.386242706129183,0.0,0.0,0.0,0.0,0.0,0.0,ZERO_INTENT,0.2628080520481847,0,32,0,0,32
45.166666666666664,-57.052934300832405,-7.655944858104455,2.386242706129183,0.0,0.0,0.0,0.0,0.0,0.0,ZERO_INTENT,0.2628080520481847,0,32,0,0,32
45.18333333333333,-57.052934300832405,-7.655944858104455,2.386242706129183,0.0,0.0,0.0,0.0,0.0,0.0,ZERO_INTENT,0.2628080520481847,0,32,0,0,32
45.2,-57.052934300832405,-7.655944858104455,2.386242706129183,0.0,0.0,0.0,0.0,0.0,0.0,ZERO_INTENT,0.2628080520481847,0,32,0,0,32
45.21666666666667,-57.052934300832405,-7.655944858104455,2.386242706129183,0.0,0.0,0.0,0.0,0.0,0.0,ZERO_INTENT,0.2628080520481847,0,32,0,0,32
45.233333333333334,-57.052934300832405,-7.655944858104455,2.386242706129183,0.0,0.0,0.0,0.0,0.0,0.0,ZERO_INTENT,0.2628080520481847,0,32,0,0,32
45.25,-57.052934300832405,-7.655944858104455,2.386242706129183,0.0,0.0,0.0,0.0,0.0,0.0,ZERO_INTENT,0.2628080520481847,0,32,0,0,32
45.266666666666666,-57.052934300832405,-7.655944858104455,2.386242706129183,0.0,0.0,0.0,0.0,0.0,0.0,ZERO_INTENT,0.2628080520481847,0,32,0,0,32
45.28333333333333,-57.052934300832405,-7.655944858104455,2.386242706129183,0.0,0.0,0.0,0.0,0.0,0.0,ZERO_INTENT,0.2628080520481847,0,32,0,0,32
45.3,-57.052934300832405,-7.655944858104455,2.386242706129183,0.0,0.0,0.0,0.0,0.0,0.0,ZERO_INTENT,0.2628080520481847,0,32,0,0,32
45.31666666666667,-57.052934300832405,-7.655944858104455,2.386242706129183,0.0,0.0,0.0,0.0,0.0,0.0,ZERO_INTENT,0.2628080520481847,0,32,0,0,32
45.333333333333336,-57.052934300832405,-7.655944858104455,2.386242706129183,0.0,0.0,0.0,0.0,0.0,0.0,ZERO_INTENT,0.2628080520481847,0,32,0,0,32
45.35,-57.052934300832405,-7.655944858104455,2.386242706129183,0.0,0.0,0.0,0.0,0.0,0.0,ZERO_INTENT,0.2628080520481847,0,32,0,0,32
45.36666666666667,-57.052934300832405,-7.655944858104455,2.386242706129183,0.0,0.0,0.0,0.0,0.0,0.0,ZERO_INTENT,0.2628080520481847,0,32,0,0,32
45.38333333333333,-57.052934300832405,-7.655944858104455,2.386242706129183,0.0,0.0,0.0,0.0,0.0,0.0,ZERO_INTENT,0.2628080520481847,0,32,0,0,32
45.4,-57.052934300832405,-7.655944858104455,2.386242706129183,0.0,0.0,0.0,0.0,0.0,0.0,ZERO_INTENT,0.2628080520481847,0,32,0,0,32
45.416666666666664,-57.052934300832405,-7.655944858104455,2.386242706129183,0.0,0.0,0.0,0.0,0.0,0.0,ZERO_INTENT,0.2628080520481847,0,32,0,0,32
45.43333333333333,-57.052934300832405,-7.655944858104455,2.386242706129183,0.0,0.0,0.0,0.0,0.0,0.0,ZERO_INTENT,0.2628080520481847,0,32,0,0,32
45.45,-57.052934300832405,-7.655944858104455,2.386242706129183,0.0,0.0,0.0,0.0,0.0,0.0,ZERO_INTENT,0.2628080520481847,0,32,0,0,32
45.46666666666667,-57.052934300832405,-7.655944858104455,2.386242706129183,0.0,0.0,0.0,0.0,0.0,0.0,ZERO_INTENT,0.2628080520481847,0,32,0,0,32
45.483333333333334,-57.052934300832405,-7.655944858104455,2.386242706129183,0.0,0.0,0.0,0.0,0.0,0.0,ZERO_INTENT,0.2628080520481847,0,32,0,0,32
45.5,-57.052934300832405,-7.655944858104455,2.386242706129183,0.0,0.0,0.0,0.0,0.0,0.0,ZERO_INTENT,0.2628080520481847,0,32,0,0,32
45.516666666666666,-57.052934300832405,-7.655944858104455,2.386242706129183,0.0,0.0,0.0,0.0,0.0,0.0,ZERO_INTENT,0.2628080520481847,0,32,0,0,32
45.53333333333333,-57.052934300832405,-7.655944858104455,2.386242706129183,0.0,0.0,0.0,0.0,0.0,0.0,ZERO_INTENT,0.2628080520481847,0,32,0,0,32
45.55,-57.052934300832405,-7.655944858104455,2.386242706129183,0.0,0.0,0.0,0.0,0.0,0.0,ZERO_INTENT,0.2628080520481847,0,32,0,0,32
45.56666666666667,-57.052934300832405,-7.655944858104455,2.386242706129183,0.0,0.0,0.0,0.0,0.0,0.0,ZERO_INTENT,0.2628080520481847,0,32,0,0,32
45.583333333333336,-57.052934300832405,-7.655944858104455,2.386242706129183,0.0,0.0,0.0,0.0,0.0,0.0,ZERO_INTENT,0.2628080520481847,0,32,0,0,32
45.6,-57.052934300832405,-7.655944858104455,2.386242706129183,0.0,0.0,0.0,0.0,0.0,0.0,ZERO_INTENT,0.2628080520481847,0,32,0,0,32
45.61666666666667,-57.052934300832405,-7.655944858104455,2.386242706129183,0.0,0.0,0.0,0.0,0.0,0.0,ZERO_INTENT,0.2628080520481847,0,32,0,0,32
45.63333333333333,-57.052934300832405,-7.655944858104455,2.386242706129183,0.0,0.0,0.0,0.0,0.0,0.0,ZERO_INTENT,0.2628080520481847,0,32,0,0,32
45.65,-57.052934300832405,-7.655944858104455,2.386242706129183,0.0,0.0,0.0,0.0,0.0,0.0,ZERO_INTENT,0.2628080520481847,0,32,0,0,32
45.666666666666664,-57.052934300832405,-7.655944858104455,2.386242706129183,0.0,0.0,0.0,0.0,0.0,0.0,ZERO_INTENT,0.2628080520481847,0,32,0,0,32
45.68333333333333,-57.052934300832405,-7.655944858104455,2.386242706129183,0.0,0.0,0.0,0.0,0.0,0.0,ZERO_INTENT,0.2628080520481847,0,32,0,0,32
45.7,-57.052934300832405,-7.655944858104455,2.386242706129183,0.0,0.0,0.0,0.0,0.0,0.0,ZERO_INTENT,0.2628080520481847,0,32,0,0,32
45.71666666666667,-57.052934300832405,-7.655944858104455,2.386242706129183,0.0,0.0,0.0,0.0,0.0,0.0,ZERO_INTENT,0.2628080520481847,0,32,0,0,32
45.733333333333334,-57.052934300832405,-7.655944858104455,2.386242706129183,0.0,0.0,0.0,0.0,0.0,0.0,ZERO_INTENT,0.2628080520481847,0,32,0,0,32
45.75,-57.052934300832405,-7.655944858104455,2.386242706129183,0.0,0.0,0.0,0.0,0.0,0.0,ZERO_INTENT,0.2628080520481847,0,32,0,0,32
45.766666666666666,-57.052934300832405,-7.655944858104455,2.386242706129183,0.0,0.0,0.0,0.0,0.0,0.0,ZERO_INTENT,0.2628080520481847,0,32,0,0,32
45.78333333333333,-57.052934300832405,-7.655944858104455,2.386242706129183,0.0,0.0,0.0,0.0,0.0,0.0,ZERO_INTENT,0.2628080520481847,0,32,0,0,32
45.8,-57.052934300832405,-7.655944858104455,2.386242706129183,0.0,0.0,0.0,0.0,0.0,0.0,ZERO_INTENT,0.2628080520481847,0,32,0,0,32
45.81666666666667,-57.052934300832405,-7.655944858104455,2.386242706129183,0.0,0.0,0.0,0.0,0.0,0.0,ZERO_INTENT,0.2628080520481847,0,32,0,0,32
45.833333333333336,-57.052934300832405,-7.655944858104455,2.386242706129183,0.0,0.0,0.0,0.0,0.0,0.0,ZERO_INTENT,0.2628080520481847,0,32,0,0,32
45.85,-57.052934300832405,-7.655944858104455,2.386242706129183,0.0,0.0,0.0,0.0,0.0,0.0,ZERO_INTENT,0.2628080520481847,0,32,0,0,32
45.86666666666667,-57.052934300832405,-7.655944858104455,2.386242706129183,0.0,0.0,0.0,0.0,0.0,0.0,ZERO_INTENT,0.2628080520481847,0,32,0,0,32
45.88333333333333,-57.052934300832405,-7.655944858104455,2.386242706129183,0.0,0.0,0.0,0.0,0.0,0.0,ZERO_INTENT,0.2628080520481847,0,32,0,0,32
45.9,-57.052934300832405,-7.655944858104455,2.386242706129183,0.0,0.0,0.0,0.0,0.0,0.0,ZERO_INTENT,0.2628080520481847,0,32,0,0,32
45.916666666666664,-57.052934300832405,-7.655944858104455,2.386242706129183,0.0,0.0,0.0,0.0,0.0,0.0,ZERO_INTENT,0.2628080520481847,0,32,0,0,32
45.93333333333333,-57.052934300832405,-7.655944858104455,2.386242706129183,0.0,0.0,0.0,0.0,0.0,0.0,ZERO_INTENT,0.2628080520481847,0,32,0,0,32
45.95,-57.052934300832405,-7.655944858104455,2.386242706129183,0.0,0.0,0.0,0.0,0.0,0.0,ZERO_INTENT,0.2628080520481847,0,32,0,0,32
45.96666666666667,-57.052934300832405,-7.655944858104455,2.386242706129183,0.0,0.0,0.0,0.0,0.0,0.0,ZERO_INTENT,0.2628080520481847,0,32,0,0,32
45.983333333333334,-57.052934300832405,-7.655944858104455,2.386242706129183,0.0,0.0,0.0,0.0,0.0,0.0,ZERO_INTENT,0.2628080520481847,0,32,0,0,32
46.0,-57.052934300832405,-7.655944858104455,2.386242706129183,0.0,0.0,0.0,0.0,0.0,0.0,ZERO_INTENT,0.2628080520481847,0,32,0,0,32
46.016666666666666,-57.052934300832405,-7.655944858104455,2.386242706129183,0.0,0.0,0.0,0.0,0.0,0.0,ZERO_INTENT,0.2628080520481847,0,32,0,0,32
46.03333333333333,-57.052934300832405,-7.655944858104455,2.386242706129183,0.0,0.0,0.0,0.0,0.0,0.0,ZERO_INTENT,0.2628080520481847,0,32,0,0,32
46.05,-57.052934300832405,-7.655944858104455,2.386242706129183,0.0,0.0,0.0,0.0,0.0,0.0,ZERO_INTENT,0.2628080520481847,0,32,0,0,32
46.06666666666667,-57.052934300832405,-7.655944858104455,2.386242706129183,0.0,0.0,0.0,0.0,0.0,0.0,ZERO_INTENT,0.2628080520481847,0,32,0,0,32
46.083333333333336,-57.052934300832405,-7.655944858104455,2.386242706129183,0.0,0.0,0.0,0.0,0.0,0.0,ZERO_INTENT,0.2628080520481847,0,32,0,0,32
46.1,-57.052934300832405,-7.655944858104455,2.386242706129183,0.0,0.0,0.0,0.0,0.0,0.0,ZERO_INTENT,0.2628080520481847,0,32,0,0,32
46.11666666666667,-57.052934300832405,-7.655944858104455,2.386242706129183,0.0,0.0,0.0,0.0,0.0,0.0,ZERO_INTENT,0.2628080520481847,0,32,0,0,32
46.13333333333333,-57.052934300832405,-7.655944858104455,2.386242706129183,0.0,0.0,0.0,0.0,0.0,0.0,ZERO_INTENT,0.2628080520481847,0,32,0,0,32
46.15,-57.052934300832405,-7.655944858104455,2.386242706129183,0.0,0.0,0.0,0.0,0.0,0.0,ZERO_INTENT,0.2628080520481847,0,32,0,0,32
46.166666666666664,-57.052934300832405,-7.655944858104455,2.386242706129183,0.0,0.0,0.0,0.0,0.0,0.0,ZERO_INTENT,0.2628080520481847,0,32,0,0,32
46.18333333333333,-57.052934300832405,-7.655944858104455,2.386242706129183,0.0,0.0,0.0,0.0,0.0,0.0,ZERO_INTENT,0.2628080520481847,0,32,0,0,32
46.2,-57.052934300832405,-7.655944858104455,2.386242706129183,0.0,0.0,0.0,0.0,0.0,0.0,ZERO_INTENT,0.2628080520481847,0,32,0,0,32
46.21666666666667,-57.052934300832405,-7.655944858104455,2.386242706129183,0.0,0.0,0.0,0.0,0.0,0.0,ZERO_INTENT,0.2628080520481847,0,32,0,0,32
46.233333333333334,-57.052934300832405,-7.655944858104455,2.386242706129183,0.0,0.0,0.0,0.0,0.0,0.0,ZERO_INTENT,0.2628080520481847,0,32,0,0,32
46.25,-57.052934300832405,-7.655944858104455,2.386242706129183,0.0,0.0,0.0,0.0,0.0,0.0,ZERO_INTENT,0.2628080520481847,0,32,0,0,32
46.266666666666666,-57.052934300832405,-7.655944858104455,2.386242706129183,0.0,0.0,0.0,0.0,0.0,0.0,ZERO_INTENT,0.2628080520481847,0,32,0,0,32
46.28333333333333,-57.052934300832405,-7.655944858104455,2.386242706129183,0.0,0.0,0.0,0.0,0.0,0.0,ZERO_INTENT,0.2628080520481847,0,32,0,0,32
46.3,-57.052934300832405,-7.655944858104455,2.386242706129183,0.0,0.0,0.0,0.0,0.0,0.0,ZERO_INTENT,0.2628080520481847,0,32,0,0,32
46.31666666666667,-57.052934300832405,-7.655944858104455,2.386242706129183,0.0,0.0,0.0,0.0,0.0,0.0,ZERO_INTENT,0.2628080520481847,0,32,0,0,32
46.333333333333336,-57.052934300832405,-7.655944858104455,2.386242706129183,0.0,0.0,0.0,0.0,0.0,0.0,ZERO_INTENT,0.2628080520481847,0,32,0,0,32
46.35,-57.052934300832405,-7.655944858104455,2.386242706129183,0.0,0.0,0.0,0.0,0.0,0.0,ZERO_INTENT,0.2628080520481847,0,32,0,0,32
46.36666666666667,-57.052934300832405,-7.655944858104455,2.386242706129183,0.0,0.0,0.0,0.0,0.0,0.0,ZERO_INTENT,0.2628080520481847,0,32,0,0,32
46.38333333333333,-57.052934300832405,-7.655944858104455,2.386242706129183,0.0,0.0,0.0,0.0,0.0,0.0,ZERO_INTENT,0.2628080520481847,0,32,0,0,32
46.4,-57.052934300832405,-7.655944858104455,2.386242706129183,0.0,0.0,0.0,0.0,0.0,0.0,ZERO_INTENT,0.2628080520481847,0,32,0,0,32
46.416666666666664,-57.052934300832405,-7.655944858104455,2.386242706129183,0.0,0.0,0.0,0.0,0.0,0.0,ZERO_INTENT,0.2628080520481847,0,32,0,0,32
46.43333333333333,-57.052934300832405,-7.655944858104455,2.386242706129183,0.0,0.0,0.0,0.0,0.0,0.0,ZERO_INTENT,0.2628080520481847,0,32,0,0,32
46.45,-57.052934300832405,-7.655944858104455,2.386242706129183,0.0,0.0,0.0,0.0,0.0,0.0,ZERO_INTENT,0.2628080520481847,0,32,0,0,32
46.46666666666667,-57.052934300832405,-7.655944858104455,2.386242706129183,0.0,0.0,0.0,0.0,0.0,0.0,ZERO_INTENT,0.2628080520481847,0,32,0,0,32
46.483333333333334,-57.052934300832405,-7.655944858104455,2.386242706129183,0.0,0.0,0.0,0.0,0.0,0.0,ZERO_INTENT,0.2628080520481847,0,32,0,0,32
46.5,-57.052934300832405,-7.655944858104455,2.386242706129183,0.0,0.0,0.0,0.0,0.0,0.0,ZERO_INTENT,0.2628080520481847,0,32,0,0,32
46.516666666666666,-57.052934300832405,-7.655944858104455,2.386242706129183,0.0,0.0,0.0,0.0,0.0,0.0,ZERO_INTENT,0.2628080520481847,0,32,0,0,32
46.53333333333333,-57.052934300832405,-7.655944858104455,2.386242706129183,0.0,0.0,0.0,0.0,0.0,0.0,ZERO_INTENT,0.2628080520481847,0,32,0,0,32
46.55,-57.052934300832405,-7.655944858104455,2.386242706129183,0.0,0.0,0.0,0.0,0.0,0.0,ZERO_INTENT,0.2628080520481847,0,32,0,0,32
46.56666666666667,-57.052934300832405,-7.655944858104455,2.386242706129183,0.0,0.0,0.0,0.0,0.0,0.0,ZERO_INTENT,0.2628080520481847,0,32,0,0,32
46.583333333333336,-57.052934300832405,-7.655944858104455,2.386242706129183,0.0,0.0,0.0,0.0,0.0,0.0,ZERO_INTENT,0.2628080520481847,0,32,0,0,32
46.6,-57.052934300832405,-7.655944858104455,2.386242706129183,0.0,0.0,0.0,0.0,0.0,0.0,ZERO_INTENT,0.2628080520481847,0,32,0,0,32
46.61666666666667,-57.052934300832405,-7.655944858104455,2.386242706129183,0.0,0.0,0.0,0.0,0.0,0.0,ZERO_INTENT,0.2628080520481847,0,32,0,0,32
46.63333333333333,-57.052934300832405,-7.655944858104455,2.386242706129183,0.0,0.0,0.0,0.0,0.0,0.0,ZERO_INTENT,0.2628080520481847,0,32,0,0,32
46.65,-57.052934300832405,-7.655944858104455,2.386242706129183,0.0,0.0,0.0,0.0,0.0,0.0,ZERO_INTENT,0.2628080520481847,0,32,0,0,32
46.666666666666664,-57.052934300832405,-7.655944858104455,2.386242706129183,0.0,0.0,0.0,0.0,0.0,0.0,ZERO_INTENT,0.2628080520481847,0,32,0,0,32
46.68333333333333,-57.052934300832405,-7.655944858104455,2.386242706129183,0.0,0.0,0.0,0.0,0.0,0.0,ZERO_INTENT,0.2628080520481847,0,32,0,0,32
46.7,-57.052934300832405,-7.655944858104455,2.386242706129183,0.0,0.0,0.0,0.0,0.0,0.0,ZERO_INTENT,0.2628080520481847,0,32,0,0,32
46.71666666666667,-57.052934300832405,-7.655944858104455,2.386242706129183,0.0,0.0,0.0,0.0,0.0,0.0,ZERO_INTENT,0.2628080520481847,0,32,0,0,32
46.733333333333334,-57.052934300832405,-7.655944858104455,2.386242706129183,0.0,0.0,0.0,0.0,0.0,0.0,ZERO_INTENT,0.2628080520481847,0,32,0,0,32
46.75,-57.052934300832405,-7.655944858104455,2.386242706129183,0.0,0.0,0.0,0.0,0.0,0.0,ZERO_INTENT,0.2628080520481847,0,32,0,0,32
46.766666666666666,-57.052934300832405,-7.655944858104455,2.386242706129183,0.0,0.0,0.0,0.0,0.0,0.0,ZERO_INTENT,0.2628080520481847,0,32,0,0,32
46.78333333333333,-57.052934300832405,-7.655944858104455,2.386242706129183,0.0,0.0,0.0,0.0,0.0,0.0,ZERO_INTENT,0.2628080520481847,0,32,0,0,32
46.8,-57.052934300832405,-7.655944858104455,2.386242706129183,0.0,0.0,0.0,0.0,0.0,0.0,ZERO_INTENT,0.2628080520481847,0,32,0,0,32
46.81666666666667,-57.052934300832405,-7.655944858104455,2.386242706129183,0.0,0.0,0.0,0.0,0.0,0.0,ZERO_INTENT,0.2628080520481847,0,32,0,0,32
46.833333333333336,-57.052934300832405,-7.655944858104455,2.386242706129183,0.0,0.0,0.0,0.0,0.0,0.0,ZERO_INTENT,0.2628080520481847,0,32,0,0,32
46.85,-57.052934300832405,-7.655944858104455,2.386242706129183,0.0,0.0,0.0,0.0,0.0,0.0,ZERO_INTENT,0.2628080520481847,0,32,0,0,32
46.86666666666667,-57.052934300832405,-7.655944858104455,2.386242706129183,0.0,0.0,0.0,0.0,0.0,0.0,ZERO_INTENT,0.2628080520481847,0,32,0,0,32
46.88333333333333,-57.052934300832405,-7.655944858104455,2.386242706129183,0.0,0.0,0.0,0.0,0.0,0.0,ZERO_INTENT,0.2628080520481847,0,32,0,0,32
46.9,-57.052934300832405,-7.655944858104455,2.386242706129183,0.0,0.0,0.0,0.0,0.0,0.0,ZERO_INTENT,0.2628080520481847,0,32,0,0,32
46.916666666666664,-57.052934300832405,-7.655944858104455,2.386242706129183,0.0,0.0,0.0,0.0,0.0,0.0,ZERO_INTENT,0.2628080520481847,0,32,0,0,32
46.93333333333333,-57.052934300832405,-7.655944858104455,2.386242706129183,0.0,0.0,0.0,0.0,0.0,0.0,ZERO_INTENT,0.2628080520481847,0,32,0,0,32
46.95,-57.052934300832405,-7.655944858104455,2.386242706129183,0.0,0.0,0.0,0.0,0.0,0.0,ZERO_INTENT,0.2628080520481847,0,32,0,0,32
46.96666666666667,-57.052934300832405,-7.655944858104455,2.386242706129183,0.0,0.0,0.0,0.0,0.0,0.0,ZERO_INTENT,0.2628080520481847,0,32,0,0,32
46.983333333333334,-57.052934300832405,-7.655944858104455,2.386242706129183,0.0,0.0,0.0,0.0,0.0,0.0,ZERO_INTENT,0.2628080520481847,0,32,0,0,32
47.0,-57.052934300832405,-7.655944858104455,2.386242706129183,0.0,0.0,0.0,0.0,0.0,0.0,ZERO_INTENT,0.2628080520481847,0,32,0,0,32
47.016666666666666,-57.052934300832405,-7.655944858104455,2.386242706129183,0.0,0.0,0.0,0.0,0.0,0.0,ZERO_INTENT,0.2628080520481847,0,32,0,0,32
47.03333333333333,-57.052934300832405,-7.655944858104455,2.386242706129183,0.0,0.0,0.0,0.0,0.0,0.0,ZERO_INTENT,0.2628080520481847,0,32,0,0,32
47.05,-57.052934300832405,-7.655944858104455,2.386242706129183,0.0,0.0,0.0,0.0,0.0,0.0,ZERO_INTENT,0.2628080520481847,0,32,0,0,32
47.06666666666667,-57.052934300832405,-7.655944858104455,2.386242706129183,0.0,0.0,0.0,0.0,0.0,0.0,ZERO_INTENT,0.2628080520481847,0,32,0,0,32
47.083333333333336,-57.052934300832405,-7.655944858104455,2.386242706129183,0.0,0.0,0.0,0.0,0.0,0.0,ZERO_INTENT,0.2628080520481847,0,32,0,0,32
47.1,-57.052934300832405,-7.655944858104455,2.386242706129183,0.0,0.0,0.0,0.0,0.0,0.0,ZERO_INTENT,0.2628080520481847,0,32,0,0,32
47.11666666666667,-57.052934300832405,-7.655944858104455,2.386242706129183,0.0,0.0,0.0,0.0,0.0,0.0,ZERO_INTENT,0.2628080520481847,0,32,0,0,32
47.13333333333333,-57.052934300832405,-7.655944858104455,2.386242706129183,0.0,0.0,0.0,0.0,0.0,0.0,ZERO_INTENT,0.2628080520481847,0,32,0,0,32
47.15,-57.052934300832405,-7.655944858104455,2.386242706129183,0.0,0.0,0.0,0.0,0.0,0.0,ZERO_INTENT,0.2628080520481847,0,32,0,0,32
47.166666666666664,-57.052934300832405,-7.655944858104455,2.386242706129183,0.0,0.0,0.0,0.0,0.0,0.0,ZERO_INTENT,0.2628080520481847,0,32,0,0,32
47.18333333333333,-57.052934300832405,-7.655944858104455,2.386242706129183,0.0,0.0,0.0,0.0,0.0,0.0,ZERO_INTENT,0.2628080520481847,0,32,0,0,32
47.2,-57.052934300832405,-7.655944858104455,2.386242706129183,0.0,0.0,0.0,0.0,0.0,0.0,ZERO_INTENT,0.2628080520481847,0,32,0,0,32
47.21666666666667,-57.052934300832405,-7.655944858104455,2.386242706129183,0.0,0.0,0.0,0.0,0.0,0.0,ZERO_INTENT,0.2628080520481847,0,32,0,0,32
47.233333333333334,-57.052934300832405,-7.655944858104455,2.386242706129183,0.0,0.0,0.0,0.0,0.0,0.0,ZERO_INTENT,0.2628080520481847,0,32,0,0,32
47.25,-57.052934300832405,-7.655944858104455,2.386242706129183,0.0,0.0,0.0,0.0,0.0,0.0,ZERO_INTENT,0.2628080520481847,0,32,0,0,32
47.266666666666666,-57.052934300832405,-7.655944858104455,2.386242706129183,0.0,0.0,0.0,0.0,0.0,0.0,ZERO_INTENT,0.2628080520481847,0,32,0,0,32
47.28333333333333,-57.052934300832405,-7.655944858104455,2.386242706129183,0.0,0.0,0.0,0.0,0.0,0.0,ZERO_INTENT,0.2628080520481847,0,32,0,0,32
47.3,-57.052934300832405,-7.655944858104455,2.386242706129183,0.0,0.0,0.0,0.0,0.0,0.0,ZERO_INTENT,0.2628080520481847,0,32,0,0,32
47.31666666666667,-57.052934300832405,-7.655944858104455,2.386242706129183,0.0,0.0,0.0,0.0,0.0,0.0,ZERO_INTENT,0.2628080520481847,0,32,0,0,32
47.333333333333336,-57.052934300832405,-7.655944858104455,2.386242706129183,0.0,0.0,0.0,0.0,0.0,0.0,ZERO_INTENT,0.2628080520481847,0,32,0,0,32
47.35,-57.052934300832405,-7.655944858104455,2.386242706129183,0.0,0.0,0.0,0.0,0.0,0.0,ZERO_INTENT,0.2628080520481847,0,32,0,0,32
47.36666666666667,-57.052934300832405,-7.655944858104455,2.386242706129183,0.0,0.0,0.0,0.0,0.0,0.0,ZERO_INTENT,0.2628080520481847,0,32,0,0,32
47.38333333333333,-57.052934300832405,-7.655944858104455,2.386242706129183,0.0,0.0,0.0,0.0,0.0,0.0,ZERO_INTENT,0.2628080520481847,0,32,0,0,32
47.4,-57.052934300832405,-7.655944858104455,2.386242706129183,0.0,0.0,0.0,0.0,0.0,0.0,ZERO_INTENT,0.2628080520481847,0,32,0,0,32
47.416666666666664,-57.052934300832405,-7.655944858104455,2.386242706129183,0.0,0.0,0.0,0.0,0.0,0.0,ZERO_INTENT,0.2628080520481847,0,32,0,0,32
47.43333333333333,-57.052934300832405,-7.655944858104455,2.386242706129183,0.0,0.0,0.0,0.0,0.0,0.0,ZERO_INTENT,0.2628080520481847,0,32,0,0,32
47.45,-57.052934300832405,-7.655944858104455,2.386242706129183,0.0,0.0,0.0,0.0,0.0,0.0,ZERO_INTENT,0.2628080520481847,0,32,0,0,32
47.46666666666667,-57.052934300832405,-7.655944858104455,2.386242706129183,0.0,0.0,0.0,0.0,0.0,0.0,ZERO_INTENT,0.2628080520481847,0,32,0,0,32
47.483333333333334,-57.052934300832405,-7.655944858104455,2.386242706129183,0.0,0.0,0.0,0.0,0.0,0.0,ZERO_INTENT,0.2628080520481847,0,32,0,0,32
47.5,-57.052934300832405,-7.655944858104455,2.386242706129183,0.0,0.0,0.0,0.0,0.0,0.0,ZERO_INTENT,0.2628080520481847,0,32,0,0,32
47.516666666666666,-57.052934300832405,-7.655944858104455,2.386242706129183,0.0,0.0,0.0,0.0,0.0,0.0,ZERO_INTENT,0.2628080520481847,0,32,0,0,32
47.53333333333333,-57.052934300832405,-7.655944858104455,2.386242706129183,0.0,0.0,0.0,0.0,0.0,0.0,ZERO_INTENT,0.2628080520481847,0,32,0,0,32
47.55,-57.052934300832405,-7.655944858104455,2.386242706129183,0.0,0.0,0.0,0.0,0.0,0.0,ZERO_INTENT,0.2628080520481847,0,32,0,0,32
47.56666666666667,-57.052934300832405,-7.655944858104455,2.386242706129183,0.0,0.0,0.0,0.0,0.0,0.0,ZERO_INTENT,0.2628080520481847,0,32,0,0,32
47.583333333333336,-57.052934300832405,-7.655944858104455,2.386242706129183,0.0,0.0,0.0,0.0,0.0,0.0,ZERO_INTENT,0.2628080520481847,0,32,0,0,32
47.6,-57.052934300832405,-7.655944858104455,2.386242706129183,0.0,0.0,0.0,0.0,0.0,0.0,ZERO_INTENT,0.2628080520481847,0,32,0,0,32
47.61666666666667,-57.052934300832405,-7.655944858104455,2.386242706129183,0.0,0.0,0.0,0.0,0.0,0.0,ZERO_INTENT,0.2628080520481847,0,32,0,0,32
47.63333333333333,-57.052934300832405,-7.655944858104455,2.386242706129183,0.0,0.0,0.0,0.0,0.0,0.0,ZERO_INTENT,0.2628080520481847,0,32,0,0,32
47.65,-57.052934300832405,-7.655944858104455,2.386242706129183,0.0,0.0,0.0,0.0,0.0,0.0,ZERO_INTENT,0.2628080520481847,0,32,0,0,32
47.666666666666664,-57.052934300832405,-7.655944858104455,2.386242706129183,0.0,0.0,0.0,0.0,0.0,0.0,ZERO_INTENT,0.2628080520481847,0,32,0,0,32
47.68333333333333,-57.052934300832405,-7.655944858104455,2.386242706129183,0.0,0.0,0.0,0.0,0.0,0.0,ZERO_INTENT,0.2628080520481847,0,32,0,0,32
47.7,-57.052934300832405,-7.655944858104455,2.386242706129183,0.0,0.0,0.0,0.0,0.0,0.0,ZERO_INTENT,0.2628080520481847,0,32,0,0,32
47.71666666666667,-57.052934300832405,-7.655944858104455,2.386242706129183,0.0,0.0,0.0,0.0,0.0,0.0,ZERO_INTENT,0.2628080520481847,0,32,0,0,32
47.733333333333334,-57.052934300832405,-7.655944858104455,2.386242706129183,0.0,0.0,0.0,0.0,0.0,0.0,ZERO_INTENT,0.2628080520481847,0,32,0,0,32
47.75,-57.052934300832405,-7.655944858104455,2.386242706129183,0.0,0.0,0.0,0.0,0.0,0.0,ZERO_INTENT,0.2628080520481847,0,32,0,0,32
47.766666666666666,-57.052934300832405,-7.655944858104455,2.386242706129183,0.0,0.0,0.0,0.0,0.0,0.0,ZERO_INTENT,0.2628080520481847,0,32,0,0,32
47.78333333333333,-57.052934300832405,-7.655944858104455,2.386242706129183,0.0,0.0,0.0,0.0,0.0,0.0,ZERO_INTENT,0.2628080520481847,0,32,0,0,32
47.8,-57.052934300832405,-7.655944858104455,2.386242706129183,0.0,0.0,0.0,0.0,0.0,0.0,ZERO_INTENT,0.2628080520481847,0,32,0,0,32
47.81666666666667,-57.052934300832405,-7.655944858104455,2.386242706129183,0.0,0.0,0.0,0.0,0.0,0.0,ZERO_INTENT,0.2628080520481847,0,32,0,0,32
47.833333333333336,-57.052934300832405,-7.655944858104455,2.386242706129183,0.0,0.0,0.0,0.0,0.0,0.0,ZERO_INTENT,0.2628080520481847,0,32,0,0,32
47.85,-57.052934300832405,-7.655944858104455,2.386242706129183,0.0,0.0,0.0,0.0,0.0,0.0,ZERO_INTENT,0.2628080520481847,0,32,0,0,32
47.86666666666667,-57.052934300832405,-7.655944858104455,2.386242706129183,0.0,0.0,0.0,0.0,0.0,0.0,ZERO_INTENT,0.2628080520481847,0,32,0,0,32
47.88333333333333,-57.052934300832405,-7.655944858104455,2.386242706129183,0.0,0.0,0.0,0.0,0.0,0.0,ZERO_INTENT,0.2628080520481847,0,32,0,0,32
47.9,-57.052934300832405,-7.655944858104455,2.386242706129183,0.0,0.0,0.0,0.0,0.0,0.0,ZERO_INTENT,0.2628080520481847,0,32,0,0,32
47.916666666666664,-57.052934300832405,-7.655944858104455,2.386242706129183,0.0,0.0,0.0,0.0,0.0,0.0,ZERO_INTENT,0.2628080520481847,0,32,0,0,32
47.93333333333333,-57.052934300832405,-7.655944858104455,2.386242706129183,0.0,0.0,0.0,0.0,0.0,0.0,ZERO_INTENT,0.2628080520481847,0,32,0,0,32
47.95,-57.052934300832405,-7.655944858104455,2.386242706129183,0.0,0.0,0.0,0.0,0.0,0.0,ZERO_INTENT,0.2628080520481847,0,32,0,0,32
47.96666666666667,-57.052934300832405,-7.655944858104455,2.386242706129183,0.0,0.0,0.0,0.0,0.0,0.0,ZERO_INTENT,0.2628080520481847,0,32,0,0,32
47.983333333333334,-57.052934300832405,-7.655944858104455,2.386242706129183,0.0,0.0,0.0,0.0,0.0,0.0,ZERO_INTENT,0.2628080520481847,0,32,0,0,32
48.0,-57.052934300832405,-7.655944858104455,2.386242706129183,0.0,0.0,0.0,0.0,0.0,0.0,ZERO_INTENT,0.2628080520481847,0,32,0,0,32
48.016666666666666,-57.052934300832405,-7.655944858104455,2.386242706129183,0.0,0.0,0.0,0.0,0.0,0.0,ZERO_INTENT,0.2628080520481847,0,32,0,0,32
48.03333333333333,-57.052934300832405,-7.655944858104455,2.386242706129183,0.0,0.0,0.0,0.0,0.0,0.0,ZERO_INTENT,0.2628080520481847,0,32,0,0,32
48.05,-57.052934300832405,-7.655944858104455,2.386242706129183,0.0,0.0,0.0,0.0,0.0,0.0,ZERO_INTENT,0.2628080520481847,0,32,0,0,32
48.06666666666667,-57.052934300832405,-7.655944858104455,2.386242706129183,0.0,0.0,0.0,0.0,0.0,0.0,ZERO_INTENT,0.2628080520481847,0,32,0,0,32
48.083333333333336,-57.052934300832405,-7.655944858104455,2.386242706129183,0.0,0.0,0.0,0.0,0.0,0.0,ZERO_INTENT,0.2628080520481847,0,32,0,0,32
48.1,-57.052934300832405,-7.655944858104455,2.386242706129183,0.0,0.0,0.0,0.0,0.0,0.0,ZERO_INTENT,0.2628080520481847,0,32,0,0,32
48.11666666666667,-57.052934300832405,-7.655944858104455,2.386242706129183,0.0,0.0,0.0,0.0,0.0,0.0,ZERO_INTENT,0.2628080520481847,0,32,0,0,32
48.13333333333333,-57.052934300832405,-7.655944858104455,2.386242706129183,0.0,0.0,0.0,0.0,0.0,0.0,ZERO_INTENT,0.2628080520481847,0,32,0,0,32
48.15,-57.052934300832405,-7.655944858104455,2.386242706129183,0.0,0.0,0.0,0.0,0.0,0.0,ZERO_INTENT,0.2628080520481847,0,32,0,0,32
48.166666666666664,-57.052934300832405,-7.655944858104455,2.386242706129183,0.0,0.0,0.0,0.0,0.0,0.0,ZERO_INTENT,0.2628080520481847,0,32,0,0,32
48.18333333333333,-57.052934300832405,-7.655944858104455,2.386242706129183,0.0,0.0,0.0,0.0,0.0,0.0,ZERO_INTENT,0.2628080520481847,0,32,0,0,32
48.2,-57.052934300832405,-7.655944858104455,2.386242706129183,0.0,0.0,0.0,0.0,0.0,0.0,ZERO_INTENT,0.2628080520481847,0,32,0,0,32
48.21666666666667,-57.052934300832405,-7.655944858104455,2.386242706129183,0.0,0.0,0.0,0.0,0.0,0.0,ZERO_INTENT,0.2628080520481847,0,32,0,0,32
48.233333333333334,-57.052934300832405,-7.655944858104455,2.386242706129183,0.0,0.0,0.0,0.0,0.0,0.0,ZERO_INTENT,0.2628080520481847,0,32,0,0,32
48.25,-57.052934300832405,-7.655944858104455,2.386242706129183,0.0,0.0,0.0,0.0,0.0,0.0,ZERO_INTENT,0.2628080520481847,0,32,0,0,32
48.266666666666666,-57.052934300832405,-7.655944858104455,2.386242706129183,0.0,0.0,0.0,0.0,0.0,0.0,ZERO_INTENT,0.2628080520481847,0,32,0,0,32
48.28333333333333,-57.052934300832405,-7.655944858104455,2.386242706129183,0.0,0.0,0.0,0.0,0.0,0.0,ZERO_INTENT,0.2628080520481847,0,32,0,0,32
48.3,-57.052934300832405,-7.655944858104455,2.386242706129183,0.0,0.0,0.0,0.0,0.0,0.0,ZERO_INTENT,0.2628080520481847,0,32,0,0,32
48.31666666666667,-57.052934300832405,-7.655944858104455,2.386242706129183,0.0,0.0,0.0,0.0,0.0,0.0,ZERO_INTENT,0.2628080520481847,0,32,0,0,32
48.333333333333336,-57.052934300832405,-7.655944858104455,2.386242706129183,0.0,0.0,0.0,0.0,0.0,0.0,ZERO_INTENT,0.2628080520481847,0,32,0,0,32
48.35,-57.052934300832405,-7.655944858104455,2.386242706129183,0.0,0.0,0.0,0.0,0.0,0.0,ZERO_INTENT,0.2628080520481847,0,32,0,0,32
48.36666666666667,-57.052934300832405,-7.655944858104455,2.386242706129183,0.0,0.0,0.0,0.0,0.0,0.0,ZERO_INTENT,0.2628080520481847,0,32,0,0,32
48.38333333333333,-57.052934300832405,-7.655944858104455,2.386242706129183,0.0,0.0,0.0,0.0,0.0,0.0,ZERO_INTENT,0.2628080520481847,0,32,0,0,32
48.4,-57.052934300832405,-7.655944858104455,2.386242706129183,0.0,0.0,0.0,0.0,0.0,0.0,ZERO_INTENT,0.2628080520481847,0,32,0,0,32
48.416666666666664,-57.052934300832405,-7.655944858104455,2.386242706129183,0.0,0.0,0.0,0.0,0.0,0.0,ZERO_INTENT,0.2628080520481847,0,32,0,0,32
48.43333333333333,-57.052934300832405,-7.655944858104455,2.386242706129183,0.0,0.0,0.0,0.0,0.0,0.0,ZERO_INTENT,0.2628080520481847,0,32,0,0,32
48.45,-57.052934300832405,-7.655944858104455,2.386242706129183,0.0,0.0,0.0,0.0,0.0,0.0,ZERO_INTENT,0.2628080520481847,0,32,0,0,32
48.46666666666667,-57.052934300832405,-7.655944858104455,2.386242706129183,0.0,0.0,0.0,0.0,0.0,0.0,ZERO_INTENT,0.2628080520481847,0,32,0,0,32
48.483333333333334,-57.052934300832405,-7.655944858104455,2.386242706129183,0.0,0.0,0.0,0.0,0.0,0.0,ZERO_INTENT,0.2628080520481847,0,32,0,0,32
48.5,-57.052934300832405,-7.655944858104455,2.386242706129183,0.0,0.0,0.0,0.0,0.0,0.0,ZERO_INTENT,0.2628080520481847,0,32,0,0,32
48.516666666666666,-57.052934300832405,-7.655944858104455,2.386242706129183,0.0,0.0,0.0,0.0,0.0,0.0,ZERO_INTENT,0.2628080520481847,0,32,0,0,32
48.53333333333333,-57.052934300832405,-7.655944858104455,2.386242706129183,0.0,0.0,0.0,0.0,0.0,0.0,ZERO_INTENT,0.2628080520481847,0,32,0,0,32
48.55,-57.052934300832405,-7.655944858104455,2.386242706129183,0.0,0.0,0.0,0.0,0.0,0.0,ZERO_INTENT,0.2628080520481847,0,32,0,0,32
48.56666666666667,-57.052934300832405,-7.655944858104455,2.386242706129183,0.0,0.0,0.0,0.0,0.0,0.0,ZERO_INTENT,0.2628080520481847,0,32,0,0,32
48.583333333333336,-57.052934300832405,-7.655944858104455,2.386242706129183,0.0,0.0,0.0,0.0,0.0,0.0,ZERO_INTENT,0.2628080520481847,0,32,0,0,32
48.6,-57.052934300832405,-7.655944858104455,2.386242706129183,0.0,0.0,0.0,0.0,0.0,0.0,ZERO_INTENT,0.2628080520481847,0,32,0,0,32
48.61666666666667,-57.052934300832405,-7.655944858104455,2.386242706129183,0.0,0.0,0.0,0.0,0.0,0.0,ZERO_INTENT,0.2628080520481847,0,32,0,0,32
48.63333333333333,-57.052934300832405,-7.655944858104455,2.386242706129183,0.0,0.0,0.0,0.0,0.0,0.0,ZERO_INTENT,0.2628080520481847,0,32,0,0,32
48.65,-57.052934300832405,-7.655944858104455,2.386242706129183,0.0,0.0,0.0,0.0,0.0,0.0,ZERO_INTENT,0.2628080520481847,0,32,0,0,32
48.666666666666664,-57.052934300832405,-7.655944858104455,2.386242706129183,0.0,0.0,0.0,0.0,0.0,0.0,ZERO_INTENT,0.2628080520481847,0,32,0,0,32
48.68333333333333,-57.052934300832405,-7.655944858104455,2.386242706129183,0.0,0.0,0.0,0.0,0.0,0.0,ZERO_INTENT,0.2628080520481847,0,32,0,0,32
48.7,-57.052934300832405,-7.655944858104455,2.386242706129183,0.0,0.0,0.0,0.0,0.0,0.0,ZERO_INTENT,0.2628080520481847,0,32,0,0,32
48.71666666666667,-57.052934300832405,-7.655944858104455,2.386242706129183,0.0,0.0,0.0,0.0,0.0,0.0,ZERO_INTENT,0.2628080520481847,0,32,0,0,32
48.733333333333334,-57.052934300832405,-7.655944858104455,2.386242706129183,0.0,0.0,0.0,0.0,0.0,0.0,ZERO_INTENT,0.2628080520481847,0,32,0,0,32
48.75,-57.052934300832405,-7.655944858104455,2.386242706129183,0.0,0.0,0.0,0.0,0.0,0.0,ZERO_INTENT,0.2628080520481847,0,32,0,0,32
48.766666666666666,-57.052934300832405,-7.655944858104455,2.386242706129183,0.0,0.0,0.0,0.0,0.0,0.0,ZERO_INTENT,0.2628080520481847,0,32,0,0,32
48.78333333333333,-57.052934300832405,-7.655944858104455,2.386242706129183,0.0,0.0,0.0,0.0,0.0,0.0,ZERO_INTENT,0.2628080520481847,0,32,0,0,32
48.8,-57.052934300832405,-7.655944858104455,2.386242706129183,0.0,0.0,0.0,0.0,0.0,0.0,ZERO_INTENT,0.2628080520481847,0,32,0,0,32
48.81666666666667,-57.052934300832405,-7.655944858104455,2.386242706129183,0.0,0.0,0.0,0.0,0.0,0.0,ZERO_INTENT,0.2628080520481847,0,32,0,0,32
48.833333333333336,-57.052934300832405,-7.655944858104455,2.386242706129183,0.0,0.0,0.0,0.0,0.0,0.0,ZERO_INTENT,0.2628080520481847,0,32,0,0,32
48.85,-57.052934300832405,-7.655944858104455,2.386242706129183,0.0,0.0,0.0,0.0,0.0,0.0,ZERO_INTENT,0.2628080520481847,0,32,0,0,32
48.86666666666667,-57.052934300832405,-7.655944858104455,2.386242706129183,0.0,0.0,0.0,0.0,0.0,0.0,ZERO_INTENT,0.2628080520481847,0,32,0,0,32
48.88333333333333,-57.052934300832405,-7.655944858104455,2.386242706129183,0.0,0.0,0.0,0.0,0.0,0.0,ZERO_INTENT,0.2628080520481847,0,32,0,0,32
48.9,-57.052934300832405,-7.655944858104455,2.386242706129183,0.0,0.0,0.0,0.0,0.0,0.0,ZERO_INTENT,0.2628080520481847,0,32,0,0,32
48.916666666666664,-57.052934300832405,-7.655944858104455,2.386242706129183,0.0,0.0,0.0,0.0,0.0,0.0,ZERO_INTENT,0.2628080520481847,0,32,0,0,32
48.93333333333333,-57.052934300832405,-7.655944858104455,2.386242706129183,0.0,0.0,0.0,0.0,0.0,0.0,ZERO_INTENT,0.2628080520481847,0,32,0,0,32
48.95,-57.052934300832405,-7.655944858104455,2.386242706129183,0.0,0.0,0.0,0.0,0.0,0.0,ZERO_INTENT,0.2628080520481847,0,32,0,0,32
48.96666666666667,-57.052934300832405,-7.655944858104455,2.386242706129183,0.0,0.0,0.0,0.0,0.0,0.0,ZERO_INTENT,0.2628080520481847,0,32,0,0,32
48.983333333333334,-57.052934300832405,-7.655944858104455,2.386242706129183,0.0,0.0,0.0,0.0,0.0,0.0,ZERO_INTENT,0.2628080520481847,0,32,0,0,32
49.0,-57.052934300832405,-7.655944858104455,2.386242706129183,0.0,0.0,0.0,0.0,0.0,0.0,ZERO_INTENT,0.2628080520481847,0,32,0,0,32
49.016666666666666,-57.052934300832405,-7.655944858104455,2.386242706129183,0.0,0.0,0.0,0.0,0.0,0.0,ZERO_INTENT,0.2628080520481847,0,32,0,0,32
49.03333333333333,-57.052934300832405,-7.655944858104455,2.386242706129183,0.0,0.0,0.0,0.0,0.0,0.0,ZERO_INTENT,0.2628080520481847,0,32,0,0,32
49.05,-57.052934300832405,-7.655944858104455,2.386242706129183,0.0,0.0,0.0,0.0,0.0,0.0,ZERO_INTENT,0.2628080520481847,0,32,0,0,32
49.06666666666667,-57.052934300832405,-7.655944858104455,2.386242706129183,0.0,0.0,0.0,0.0,0.0,0.0,ZERO_INTENT,0.2628080520481847,0,32,0,0,32
49.083333333333336,-57.052934300832405,-7.655944858104455,2.386242706129183,0.0,0.0,0.0,0.0,0.0,0.0,ZERO_INTENT,0.2628080520481847,0,32,0,0,32
49.1,-57.052934300832405,-7.655944858104455,2.386242706129183,0.0,0.0,0.0,0.0,0.0,0.0,ZERO_INTENT,0.2628080520481847,0,32,0,0,32
49.11666666666667,-57.052934300832405,-7.655944858104455,2.386242706129183,0.0,0.0,0.0,0.0,0.0,0.0,ZERO_INTENT,0.2628080520481847,0,32,0,0,32
49.13333333333333,-57.052934300832405,-7.655944858104455,2.386242706129183,0.0,0.0,0.0,0.0,0.0,0.0,ZERO_INTENT,0.2628080520481847,0,32,0,0,32
49.15,-57.052934300832405,-7.655944858104455,2.386242706129183,0.0,0.0,0.0,0.0,0.0,0.0,ZERO_INTENT,0.2628080520481847,0,32,0,0,32
49.166666666666664,-57.052934300832405,-7.655944858104455,2.386242706129183,0.0,0.0,0.0,0.0,0.0,0.0,ZERO_INTENT,0.2628080520481847,0,32,0,0,32
49.18333333333333,-57.052934300832405,-7.655944858104455,2.386242706129183,0.0,0.0,0.0,0.0,0.0,0.0,ZERO_INTENT,0.2628080520481847,0,32,0,0,32
49.2,-57.052934300832405,-7.655944858104455,2.386242706129183,0.0,0.0,0.0,0.0,0.0,0.0,ZERO_INTENT,0.2628080520481847,0,32,0,0,32
49.21666666666667,-57.052934300832405,-7.655944858104455,2.386242706129183,0.0,0.0,0.0,0.0,0.0,0.0,ZERO_INTENT,0.2628080520481847,0,32,0,0,32
49.233333333333334,-57.052934300832405,-7.655944858104455,2.386242706129183,0.0,0.0,0.0,0.0,0.0,0.0,ZERO_INTENT,0.2628080520481847,0,32,0,0,32
49.25,-57.052934300832405,-7.655944858104455,2.386242706129183,0.0,0.0,0.0,0.0,0.0,0.0,ZERO_INTENT,0.2628080520481847,0,32,0,0,32
49.266666666666666,-57.052934300832405,-7.655944858104455,2.386242706129183,0.0,0.0,0.0,0.0,0.0,0.0,ZERO_INTENT,0.2628080520481847,0,32,0,0,32
49.28333333333333,-57.052934300832405,-7.655944858104455,2.386242706129183,0.0,0.0,0.0,0.0,0.0,0.0,ZERO_INTENT,0.2628080520481847,0,32,0,0,32
49.3,-57.052934300832405,-7.655944858104455,2.386242706129183,0.0,0.0,0.0,0.0,0.0,0.0,ZERO_INTENT,0.2628080520481847,0,32,0,0,32
49.31666666666667,-57.052934300832405,-7.655944858104455,2.386242706129183,0.0,0.0,0.0,0.0,0.0,0.0,ZERO_INTENT,0.2628080520481847,0,32,0,0,32
49.333333333333336,-57.052934300832405,-7.655944858104455,2.386242706129183,0.0,0.0,0.0,0.0,0.0,0.0,ZERO_INTENT,0.2628080520481847,0,32,0,0,32
49.35,-57.052934300832405,-7.655944858104455,2.386242706129183,0.0,0.0,0.0,0.0,0.0,0.0,ZERO_INTENT,0.2628080520481847,0,32,0,0,32
49.36666666666667,-57.052934300832405,-7.655944858104455,2.386242706129183,0.0,0.0,0.0,0.0,0.0,0.0,ZERO_INTENT,0.2628080520481847,0,32,0,0,32
49.38333333333333,-57.052934300832405,-7.655944858104455,2.386242706129183,0.0,0.0,0.0,0.0,0.0,0.0,ZERO_INTENT,0.2628080520481847,0,32,0,0,32
49.4,-57.052934300832405,-7.655944858104455,2.386242706129183,0.0,0.0,0.0,0.0,0.0,0.0,ZERO_INTENT,0.2628080520481847,0,32,0,0,32
49.416666666666664,-57.052934300832405,-7.655944858104455,2.386242706129183,0.0,0.0,0.0,0.0,0.0,0.0,ZERO_INTENT,0.2628080520481847,0,32,0,0,32
49.43333333333333,-57.052934300832405,-7.655944858104455,2.386242706129183,0.0,0.0,0.0,0.0,0.0,0.0,ZERO_INTENT,0.2628080520481847,0,32,0,0,32
49.45,-57.052934300832405,-7.655944858104455,2.386242706129183,0.0,0.0,0.0,0.0,0.0,0.0,ZERO_INTENT,0.2628080520481847,0,32,0,0,32
49.46666666666667,-57.052934300832405,-7.655944858104455,2.386242706129183,0.0,0.0,0.0,0.0,0.0,0.0,ZERO_INTENT,0.2628080520481847,0,32,0,0,32
49.483333333333334,-57.052934300832405,-7.655944858104455,2.386242706129183,0.0,0.0,0.0,0.0,0.0,0.0,ZERO_INTENT,0.2628080520481847,0,32,0,0,32
49.5,-57.052934300832405,-7.655944858104455,2.386242706129183,0.0,0.0,0.0,0.0,0.0,0.0,ZERO_INTENT,0.2628080520481847,0,32,0,0,32
49.516666666666666,-57.052934300832405,-7.655944858104455,2.386242706129183,0.0,0.0,0.0,0.0,0.0,0.0,ZERO_INTENT,0.2628080520481847,0,32,0,0,32
49.53333333333333,-57.052934300832405,-7.655944858104455,2.386242706129183,0.0,0.0,0.0,0.0,0.0,0.0,ZERO_INTENT,0.2628080520481847,0,32,0,0,32
49.55,-57.052934300832405,-7.655944858104455,2.386242706129183,0.0,0.0,0.0,0.0,0.0,0.0,ZERO_INTENT,0.2628080520481847,0,32,0,0,32
49.56666666666667,-57.052934300832405,-7.655944858104455,2.386242706129183,0.0,0.0,0.0,0.0,0.0,0.0,ZERO_INTENT,0.2628080520481847,0,32,0,0,32
49.583333333333336,-57.052934300832405,-7.655944858104455,2.386242706129183,0.0,0.0,0.0,0.0,0.0,0.0,ZERO_INTENT,0.2628080520481847,0,32,0,0,32
49.6,-57.052934300832405,-7.655944858104455,2.386242706129183,0.0,0.0,0.0,0.0,0.0,0.0,ZERO_INTENT,0.2628080520481847,0,32,0,0,32
49.61666666666667,-57.052934300832405,-7.655944858104455,2.386242706129183,0.0,0.0,0.0,0.0,0.0,0.0,ZERO_INTENT,0.2628080520481847,0,32,0,0,32
49.63333333333333,-57.052934300832405,-7.655944858104455,2.386242706129183,0.0,0.0,0.0,0.0,0.0,0.0,ZERO_INTENT,0.2628080520481847,0,32,0,0,32
49.65,-57.052934300832405,-7.655944858104455,2.386242706129183,0.0,0.0,0.0,0.0,0.0,0.0,ZERO_INTENT,0.2628080520481847,0,32,0,0,32
49.666666666666664,-57.052934300832405,-7.655944858104455,2.386242706129183,0.0,0.0,0.0,0.0,0.0,0.0,ZERO_INTENT,0.2628080520481847,0,32,0,0,32
49.68333333333333,-57.052934300832405,-7.655944858104455,2.386242706129183,0.0,0.0,0.0,0.0,0.0,0.0,ZERO_INTENT,0.2628080520481847,0,32,0,0,32
49.7,-57.052934300832405,-7.655944858104455,2.386242706129183,0.0,0.0,0.0,0.0,0.0,0.0,ZERO_INTENT,0.2628080520481847,0,32,0,0,32
49.71666666666667,-57.052934300832405,-7.655944858104455,2.386242706129183,0.0,0.0,0.0,0.0,0.0,0.0,ZERO_INTENT,0.2628080520481847,0,32,0,0,32
49.733333333333334,-57.052934300832405,-7.655944858104455,2.386242706129183,0.0,0.0,0.0,0.0,0.0,0.0,ZERO_INTENT,0.2628080520481847,0,32,0,0,32
49.75,-57.052934300832405,-7.655944858104455,2.386242706129183,0.0,0.0,0.0,0.0,0.0,0.0,ZERO_INTENT,0.2628080520481847,0,32,0,0,32
49.766666666666666,-57.052934300832405,-7.655944858104455,2.386242706129183,0.0,0.0,0.0,0.0,0.0,0.0,ZERO_INTENT,0.2628080520481847,0,32,0,0,32
49.78333333333333,-57.052934300832405,-7.655944858104455,2.386242706129183,0.0,0.0,0.0,0.0,0.0,0.0,ZERO_INTENT,0.2628080520481847,0,32,0,0,32
49.8,-57.052934300832405,-7.655944858104455,2.386242706129183,0.0,0.0,0.0,0.0,0.0,0.0,ZERO_INTENT,0.2628080520481847,0,32,0,0,32
49.81666666666667,-57.052934300832405,-7.655944858104455,2.386242706129183,0.0,0.0,0.0,0.0,0.0,0.0,ZERO_INTENT,0.2628080520481847,0,32,0,0,32
49.833333333333336,-57.052934300832405,-7.655944858104455,2.386242706129183,0.0,0.0,0.0,0.0,0.0,0.0,ZERO_INTENT,0.2628080520481847,0,32,0,0,32
49.85,-57.052934300832405,-7.655944858104455,2.386242706129183,0.0,0.0,0.0,0.0,0.0,0.0,ZERO_INTENT,0.2628080520481847,0,32,0,0,32
49.86666666666667,-57.052934300832405,-7.655944858104455,2.386242706129183,0.0,0.0,0.0,0.0,0.0,0.0,ZERO_INTENT,0.2628080520481847,0,32,0,0,32
49.88333333333333,-57.052934300832405,-7.655944858104455,2.386242706129183,0.0,0.0,0.0,0.0,0.0,0.0,ZERO_INTENT,0.2628080520481847,0,32,0,0,32
49.9,-57.052934300832405,-7.655944858104455,2.386242706129183,0.0,0.0,0.0,0.0,0.0,0.0,ZERO_INTENT,0.2628080520481847,0,32,0,0,32
49.916666666666664,-57.052934300832405,-7.655944858104455,2.386242706129183,0.0,0.0,0.0,0.0,0.0,0.0,ZERO_INTENT,0.2628080520481847,0,32,0,0,32
49.93333333333333,-57.052934300832405,-7.655944858104455,2.386242706129183,0.0,0.0,0.0,0.0,0.0,0.0,ZERO_INTENT,0.2628080520481847,0,32,0,0,32
49.95,-57.052934300832405,-7.655944858104455,2.386242706129183,0.0,0.0,0.0,0.0,0.0,0.0,ZERO_INTENT,0.2628080520481847,0,32,0,0,32
49.96666666666667,-57.052934300832405,-7.655944858104455,2.386242706129183,0.0,0.0,0.0,0.0,0.0,0.0,ZERO_INTENT,0.2628080520481847,0,32,0,0,32
49.983333333333334,-57.052934300832405,-7.655944858104455,2.386242706129183,0.0,0.0,0.0,0.0,0.0,0.0,ZERO_INTENT,0.2628080520481847,0,32,0,0,32
50.0,-57.052934300832405,-7.655944858104455,2.386242706129183,0.0,0.0,0.0,0.0,0.0,0.0,ZERO_INTENT,0.2628080520481847,0,32,0,0,32
50.016666666666666,-57.052934300832405,-7.655944858104455,2.386242706129183,0.0,0.0,0.0,0.0,0.0,0.0,ZERO_INTENT,0.2628080520481847,0,32,0,0,32
50.03333333333333,-57.052934300832405,-7.655944858104455,2.386242706129183,0.0,0.0,0.0,0.0,0.0,0.0,ZERO_INTENT,0.2628080520481847,0,32,0,0,32
50.05,-57.052934300832405,-7.655944858104455,2.386242706129183,0.0,0.0,0.0,0.0,0.0,0.0,ZERO_INTENT,0.2628080520481847,0,32,0,0,32
50.06666666666667,-57.052934300832405,-7.655944858104455,2.386242706129183,0.0,0.0,0.0,0.0,0.0,0.0,ZERO_INTENT,0.2628080520481847,0,32,0,0,32
50.083333333333336,-57.052934300832405,-7.655944858104455,2.386242706129183,0.0,0.0,0.0,0.0,0.0,0.0,ZERO_INTENT,0.2628080520481847,0,32,0,0,32
50.1,-57.052934300832405,-7.655944858104455,2.386242706129183,0.0,0.0,0.0,0.0,0.0,0.0,ZERO_INTENT,0.2628080520481847,0,32,0,0,32
50.11666666666667,-57.052934300832405,-7.655944858104455,2.386242706129183,0.0,0.0,0.0,0.0,0.0,0.0,ZERO_INTENT,0.2628080520481847,0,32,0,0,32
50.13333333333333,-57.052934300832405,-7.655944858104455,2.386242706129183,0.0,0.0,0.0,0.0,0.0,0.0,ZERO_INTENT,0.2628080520481847,0,32,0,0,32
50.15,-57.052934300832405,-7.655944858104455,2.386242706129183,0.0,0.0,0.0,0.0,0.0,0.0,ZERO_INTENT,0.2628080520481847,0,32,0,0,32
50.166666666666664,-57.052934300832405,-7.655944858104455,2.386242706129183,0.0,0.0,0.0,0.0,0.0,0.0,ZERO_INTENT,0.2628080520481847,0,32,0,0,32
50.18333333333333,-57.052934300832405,-7.655944858104455,2.386242706129183,0.0,0.0,0.0,0.0,0.0,0.0,ZERO_INTENT,0.2628080520481847,0,32,0,0,32
50.2,-57.052934300832405,-7.655944858104455,2.386242706129183,0.0,0.0,0.0,0.0,0.0,0.0,ZERO_INTENT,0.2628080520481847,0,32,0,0,32
50.21666666666667,-57.052934300832405,-7.655944858104455,2.386242706129183,0.0,0.0,0.0,0.0,0.0,0.0,ZERO_INTENT,0.2628080520481847,0,32,0,0,32
50.233333333333334,-57.052934300832405,-7.655944858104455,2.386242706129183,0.0,0.0,0.0,0.0,0.0,0.0,ZERO_INTENT,0.2628080520481847,0,32,0,0,32
50.25,-57.052934300832405,-7.655944858104455,2.386242706129183,0.0,0.0,0.0,0.0,0.0,0.0,ZERO_INTENT,0.2628080520481847,0,32,0,0,32
50.266666666666666,-57.052934300832405,-7.655944858104455,2.386242706129183,0.0,0.0,0.0,0.0,0.0,0.0,ZERO_INTENT,0.2628080520481847,0,32,0,0,32
50.28333333333333,-57.052934300832405,-7.655944858104455,2.386242706129183,0.0,0.0,0.0,0.0,0.0,0.0,ZERO_INTENT,0.2628080520481847,0,32,0,0,32
50.3,-57.052934300832405,-7.655944858104455,2.386242706129183,0.0,0.0,0.0,0.0,0.0,0.0,ZERO_INTENT,0.2628080520481847,0,32,0,0,32
50.31666666666667,-57.052934300832405,-7.655944858104455,2.386242706129183,0.0,0.0,0.0,0.0,0.0,0.0,ZERO_INTENT,0.2628080520481847,0,32,0,0,32
50.333333333333336,-57.052934300832405,-7.655944858104455,2.386242706129183,0.0,0.0,0.0,0.0,0.0,0.0,ZERO_INTENT,0.2628080520481847,0,32,0,0,32
50.35,-57.052934300832405,-7.655944858104455,2.386242706129183,0.0,0.0,0.0,0.0,0.0,0.0,ZERO_INTENT,0.2628080520481847,0,32,0,0,32
50.36666666666667,-57.052934300832405,-7.655944858104455,2.386242706129183,0.0,0.0,0.0,0.0,0.0,0.0,ZERO_INTENT,0.2628080520481847,0,32,0,0,32
50.38333333333333,-57.052934300832405,-7.655944858104455,2.386242706129183,0.0,0.0,0.0,0.0,0.0,0.0,ZERO_INTENT,0.2628080520481847,0,32,0,0,32
50.4,-57.052934300832405,-7.655944858104455,2.386242706129183,0.0,0.0,0.0,0.0,0.0,0.0,ZERO_INTENT,0.2628080520481847,0,32,0,0,32
50.416666666666664,-57.052934300832405,-7.655944858104455,2.386242706129183,0.0,0.0,0.0,0.0,0.0,0.0,ZERO_INTENT,0.2628080520481847,0,32,0,0,32
50.43333333333333,-57.052934300832405,-7.655944858104455,2.386242706129183,0.0,0.0,0.0,0.0,0.0,0.0,ZERO_INTENT,0.2628080520481847,0,32,0,0,32
50.45,-57.052934300832405,-7.655944858104455,2.386242706129183,0.0,0.0,0.0,0.0,0.0,0.0,ZERO_INTENT,0.2628080520481847,0,32,0,0,32
50.46666666666667,-57.052934300832405,-7.655944858104455,2.386242706129183,0.0,0.0,0.0,0.0,0.0,0.0,ZERO_INTENT,0.2628080520481847,0,32,0,0,32
50.483333333333334,-57.052934300832405,-7.655944858104455,2.386242706129183,0.0,0.0,0.0,0.0,0.0,0.0,ZERO_INTENT,0.2628080520481847,0,32,0,0,32
50.5,-57.052934300832405,-7.655944858104455,2.386242706129183,0.0,0.0,0.0,0.0,0.0,0.0,ZERO_INTENT,0.2628080520481847,0,32,0,0,32
50.516666666666666,-57.052934300832405,-7.655944858104455,2.386242706129183,0.0,0.0,0.0,0.0,0.0,0.0,ZERO_INTENT,0.2628080520481847,0,32,0,0,32
50.53333333333333,-57.052934300832405,-7.655944858104455,2.386242706129183,0.0,0.0,0.0,0.0,0.0,0.0,ZERO_INTENT,0.2628080520481847,0,32,0,0,32
50.55,-57.052934300832405,-7.655944858104455,2.386242706129183,0.0,0.0,0.0,0.0,0.0,0.0,ZERO_INTENT,0.2628080520481847,0,32,0,0,32
50.56666666666667,-57.052934300832405,-7.655944858104455,2.386242706129183,0.0,0.0,0.0,0.0,0.0,0.0,ZERO_INTENT,0.2628080520481847,0,32,0,0,32
50.583333333333336,-57.052934300832405,-7.655944858104455,2.386242706129183,0.0,0.0,0.0,0.0,0.0,0.0,ZERO_INTENT,0.2628080520481847,0,32,0,0,32
50.6,-57.052934300832405,-7.655944858104455,2.386242706129183,0.0,0.0,0.0,0.0,0.0,0.0,ZERO_INTENT,0.2628080520481847,0,32,0,0,32
50.61666666666667,-57.052934300832405,-7.655944858104455,2.386242706129183,0.0,0.0,0.0,0.0,0.0,0.0,ZERO_INTENT,0.2628080520481847,0,32,0,0,32
50.63333333333333,-57.052934300832405,-7.655944858104455,2.386242706129183,0.0,0.0,0.0,0.0,0.0,0.0,ZERO_INTENT,0.2628080520481847,0,32,0,0,32
50.65,-57.052934300832405,-7.655944858104455,2.386242706129183,0.0,0.0,0.0,0.0,0.0,0.0,ZERO_INTENT,0.2628080520481847,0,32,0,0,32
50.666666666666664,-57.052934300832405,-7.655944858104455,2.386242706129183,0.0,0.0,0.0,0.0,0.0,0.0,ZERO_INTENT,0.2628080520481847,0,32,0,0,32
50.68333333333333,-57.052934300832405,-7.655944858104455,2.386242706129183,0.0,0.0,0.0,0.0,0.0,0.0,ZERO_INTENT,0.2628080520481847,0,32,0,0,32
50.7,-57.052934300832405,-7.655944858104455,2.386242706129183,0.0,0.0,0.0,0.0,0.0,0.0,ZERO_INTENT,0.2628080520481847,0,32,0,0,32
50.71666666666667,-57.052934300832405,-7.655944858104455,2.386242706129183,0.0,0.0,0.0,0.0,0.0,0.0,ZERO_INTENT,0.2628080520481847,0,32,0,0,32
50.733333333333334,-57.052934300832405,-7.655944858104455,2.386242706129183,0.0,0.0,0.0,0.0,0.0,0.0,ZERO_INTENT,0.2628080520481847,0,32,0,0,32
50.75,-57.052934300832405,-7.655944858104455,2.386242706129183,0.0,0.0,0.0,0.0,0.0,0.0,ZERO_INTENT,0.2628080520481847,0,32,0,0,32
50.766666666666666,-57.052934300832405,-7.655944858104455,2.386242706129183,0.0,0.0,0.0,0.0,0.0,0.0,ZERO_INTENT,0.2628080520481847,0,32,0,0,32
50.78333333333333,-57.052934300832405,-7.655944858104455,2.386242706129183,0.0,0.0,0.0,0.0,0.0,0.0,ZERO_INTENT,0.2628080520481847,0,32,0,0,32
50.8,-57.052934300832405,-7.655944858104455,2.386242706129183,0.0,0.0,0.0,0.0,0.0,0.0,ZERO_INTENT,0.2628080520481847,0,32,0,0,32
50.81666666666667,-57.052934300832405,-7.655944858104455,2.386242706129183,0.0,0.0,0.0,0.0,0.0,0.0,ZERO_INTENT,0.2628080520481847,0,32,0,0,32
50.833333333333336,-57.052934300832405,-7.655944858104455,2.386242706129183,0.0,0.0,0.0,0.0,0.0,0.0,ZERO_INTENT,0.2628080520481847,0,32,0,0,32
50.85,-57.052934300832405,-7.655944858104455,2.386242706129183,0.0,0.0,0.0,0.0,0.0,0.0,ZERO_INTENT,0.2628080520481847,0,32,0,0,32
50.86666666666667,-57.052934300832405,-7.655944858104455,2.386242706129183,0.0,0.0,0.0,0.0,0.0,0.0,ZERO_INTENT,0.2628080520481847,0,32,0,0,32
50.88333333333333,-57.052934300832405,-7.655944858104455,2.386242706129183,0.0,0.0,0.0,0.0,0.0,0.0,ZERO_INTENT,0.2628080520481847,0,32,0,0,32
50.9,-57.052934300832405,-7.655944858104455,2.386242706129183,0.0,0.0,0.0,0.0,0.0,0.0,ZERO_INTENT,0.2628080520481847,0,32,0,0,32
50.916666666666664,-57.052934300832405,-7.655944858104455,2.386242706129183,0.0,0.0,0.0,0.0,0.0,0.0,ZERO_INTENT,0.2628080520481847,0,32,0,0,32
50.93333333333333,-57.052934300832405,-7.655944858104455,2.386242706129183,0.0,0.0,0.0,0.0,0.0,0.0,ZERO_INTENT,0.2628080520481847,0,32,0,0,32
50.95,-57.052934300832405,-7.655944858104455,2.386242706129183,0.0,0.0,0.0,0.0,0.0,0.0,ZERO_INTENT,0.2628080520481847,0,32,0,0,32
50.96666666666667,-57.052934300832405,-7.655944858104455,2.386242706129183,0.0,0.0,0.0,0.0,0.0,0.0,ZERO_INTENT,0.2628080520481847,0,32,0,0,32
50.983333333333334,-57.052934300832405,-7.655944858104455,2.386242706129183,0.0,0.0,0.0,0.0,0.0,0.0,ZERO_INTENT,0.2628080520481847,0,32,0,0,32
51.0,-57.052934300832405,-7.655944858104455,2.386242706129183,0.0,0.0,0.0,0.0,0.0,0.0,ZERO_INTENT,0.2628080520481847,0,32,0,0,32
51.016666666666666,-57.052934300832405,-7.655944858104455,2.386242706129183,0.0,0.0,0.0,0.0,0.0,0.0,ZERO_INTENT,0.2628080520481847,0,32,0,0,32
51.03333333333333,-57.052934300832405,-7.655944858104455,2.386242706129183,0.0,0.0,0.0,0.0,0.0,0.0,ZERO_INTENT,0.2628080520481847,0,32,0,0,32
51.05,-57.052934300832405,-7.655944858104455,2.386242706129183,0.0,0.0,0.0,0.0,0.0,0.0,ZERO_INTENT,0.2628080520481847,0,32,0,0,32
51.06666666666667,-57.052934300832405,-7.655944858104455,2.386242706129183,0.0,0.0,0.0,0.0,0.0,0.0,ZERO_INTENT,0.2628080520481847,0,32,0,0,32
51.083333333333336,-57.052934300832405,-7.655944858104455,2.386242706129183,0.0,0.0,0.0,0.0,0.0,0.0,ZERO_INTENT,0.2628080520481847,0,32,0,0,32
51.1,-57.052934300832405,-7.655944858104455,2.386242706129183,0.0,0.0,0.0,0.0,0.0,0.0,ZERO_INTENT,0.2628080520481847,0,32,0,0,32
51.11666666666667,-57.052934300832405,-7.655944858104455,2.386242706129183,0.0,0.0,0.0,0.0,0.0,0.0,ZERO_INTENT,0.2628080520481847,0,32,0,0,32
51.13333333333333,-57.052934300832405,-7.655944858104455,2.386242706129183,0.0,0.0,0.0,0.0,0.0,0.0,ZERO_INTENT,0.2628080520481847,0,32,0,0,32
51.15,-57.052934300832405,-7.655944858104455,2.386242706129183,0.0,0.0,0.0,0.0,0.0,0.0,ZERO_INTENT,0.2628080520481847,0,32,0,0,32
51.166666666666664,-57.052934300832405,-7.655944858104455,2.386242706129183,0.0,0.0,0.0,0.0,0.0,0.0,ZERO_INTENT,0.2628080520481847,0,32,0,0,32
51.18333333333333,-57.052934300832405,-7.655944858104455,2.386242706129183,0.0,0.0,0.0,0.0,0.0,0.0,ZERO_INTENT,0.2628080520481847,0,32,0,0,32
51.2,-57.052934300832405,-7.655944858104455,2.386242706129183,0.0,0.0,0.0,0.0,0.0,0.0,ZERO_INTENT,0.2628080520481847,0,32,0,0,32
51.21666666666667,-57.052934300832405,-7.655944858104455,2.386242706129183,0.0,0.0,0.0,0.0,0.0,0.0,ZERO_INTENT,0.2628080520481847,0,32,0,0,32
51.233333333333334,-57.052934300832405,-7.655944858104455,2.386242706129183,0.0,0.0,0.0,0.0,0.0,0.0,ZERO_INTENT,0.2628080520481847,0,32,0,0,32
51.25,-57.052934300832405,-7.655944858104455,2.386242706129183,0.0,0.0,0.0,0.0,0.0,0.0,ZERO_INTENT,0.2628080520481847,0,32,0,0,32
51.266666666666666,-57.052934300832405,-7.655944858104455,2.386242706129183,0.0,0.0,0.0,0.0,0.0,0.0,ZERO_INTENT,0.2628080520481847,0,32,0,0,32
51.28333333333333,-57.052934300832405,-7.655944858104455,2.386242706129183,0.0,0.0,0.0,0.0,0.0,0.0,ZERO_INTENT,0.2628080520481847,0,32,0,0,32
51.3,-57.052934300832405,-7.655944858104455,2.386242706129183,0.0,0.0,0.0,0.0,0.0,0.0,ZERO_INTENT,0.2628080520481847,0,32,0,0,32
51.31666666666667,-57.052934300832405,-7.655944858104455,2.386242706129183,0.0,0.0,0.0,0.0,0.0,0.0,ZERO_INTENT,0.2628080520481847,0,32,0,0,32
51.333333333333336,-57.052934300832405,-7.655944858104455,2.386242706129183,0.0,0.0,0.0,0.0,0.0,0.0,ZERO_INTENT,0.2628080520481847,0,32,0,0,32
51.35,-57.052934300832405,-7.655944858104455,2.386242706129183,0.0,0.0,0.0,0.0,0.0,0.0,ZERO_INTENT,0.2628080520481847,0,32,0,0,32
51.36666666666667,-57.052934300832405,-7.655944858104455,2.386242706129183,0.0,0.0,0.0,0.0,0.0,0.0,ZERO_INTENT,0.2628080520481847,0,32,0,0,32
51.38333333333333,-57.052934300832405,-7.655944858104455,2.386242706129183,0.0,0.0,0.0,0.0,0.0,0.0,ZERO_INTENT,0.2628080520481847,0,32,0,0,32
51.4,-57.052934300832405,-7.655944858104455,2.386242706129183,0.0,0.0,0.0,0.0,0.0,0.0,ZERO_INTENT,0.2628080520481847,0,32,0,0,32
51.416666666666664,-57.052934300832405,-7.655944858104455,2.386242706129183,0.0,0.0,0.0,0.0,0.0,0.0,ZERO_INTENT,0.2628080520481847,0,32,0,0,32
51.43333333333333,-57.052934300832405,-7.655944858104455,2.386242706129183,0.0,0.0,0.0,0.0,0.0,0.0,ZERO_INTENT,0.2628080520481847,0,32,0,0,32
51.45,-57.052934300832405,-7.655944858104455,2.386242706129183,0.0,0.0,0.0,0.0,0.0,0.0,ZERO_INTENT,0.2628080520481847,0,32,0,0,32
51.46666666666667,-57.052934300832405,-7.655944858104455,2.386242706129183,0.0,0.0,0.0,0.0,0.0,0.0,ZERO_INTENT,0.2628080520481847,0,32,0,0,32
51.483333333333334,-57.052934300832405,-7.655944858104455,2.386242706129183,0.0,0.0,0.0,0.0,0.0,0.0,ZERO_INTENT,0.2628080520481847,0,32,0,0,32
51.5,-57.052934300832405,-7.655944858104455,2.386242706129183,0.0,0.0,0.0,0.0,0.0,0.0,ZERO_INTENT,0.2628080520481847,0,32,0,0,32
51.516666666666666,-57.052934300832405,-7.655944858104455,2.386242706129183,0.0,0.0,0.0,0.0,0.0,0.0,ZERO_INTENT,0.2628080520481847,0,32,0,0,32
51.53333333333333,-57.052934300832405,-7.655944858104455,2.386242706129183,0.0,0.0,0.0,0.0,0.0,0.0,ZERO_INTENT,0.2628080520481847,0,32,0,0,32
51.55,-57.052934300832405,-7.655944858104455,2.386242706129183,0.0,0.0,0.0,0.0,0.0,0.0,ZERO_INTENT,0.2628080520481847,0,32,0,0,32
51.56666666666667,-57.052934300832405,-7.655944858104455,2.386242706129183,0.0,0.0,0.0,0.0,0.0,0.0,ZERO_INTENT,0.2628080520481847,0,32,0,0,32
51.583333333333336,-57.052934300832405,-7.655944858104455,2.386242706129183,0.0,0.0,0.0,0.0,0.0,0.0,ZERO_INTENT,0.2628080520481847,0,32,0,0,32
51.6,-57.052934300832405,-7.655944858104455,2.386242706129183,0.0,0.0,0.0,0.0,0.0,0.0,ZERO_INTENT,0.2628080520481847,0,32,0,0,32
51.61666666666667,-57.052934300832405,-7.655944858104455,2.386242706129183,0.0,0.0,0.0,0.0,0.0,0.0,ZERO_INTENT,0.2628080520481847,0,32,0,0,32
51.63333333333333,-57.052934300832405,-7.655944858104455,2.386242706129183,0.0,0.0,0.0,0.0,0.0,0.0,ZERO_INTENT,0.2628080520481847,0,32,0,0,32
51.65,-57.052934300832405,-7.655944858104455,2.386242706129183,0.0,0.0,0.0,0.0,0.0,0.0,ZERO_INTENT,0.2628080520481847,0,32,0,0,32
51.666666666666664,-57.052934300832405,-7.655944858104455,2.386242706129183,0.0,0.0,0.0,0.0,0.0,0.0,ZERO_INTENT,0.2628080520481847,0,32,0,0,32
51.68333333333333,-57.052934300832405,-7.655944858104455,2.386242706129183,0.0,0.0,0.0,0.0,0.0,0.0,ZERO_INTENT,0.2628080520481847,0,32,0,0,32
51.7,-57.052934300832405,-7.655944858104455,2.386242706129183,0.0,0.0,0.0,0.0,0.0,0.0,ZERO_INTENT,0.2628080520481847,0,32,0,0,32
51.71666666666667,-57.052934300832405,-7.655944858104455,2.386242706129183,0.0,0.0,0.0,0.0,0.0,0.0,ZERO_INTENT,0.2628080520481847,0,32,0,0,32
51.733333333333334,-57.052934300832405,-7.655944858104455,2.386242706129183,0.0,0.0,0.0,0.0,0.0,0.0,ZERO_INTENT,0.2628080520481847,0,32,0,0,32
51.75,-57.052934300832405,-7.655944858104455,2.386242706129183,0.0,0.0,0.0,0.0,0.0,0.0,ZERO_INTENT,0.2628080520481847,0,32,0,0,32
51.766666666666666,-57.052934300832405,-7.655944858104455,2.386242706129183,0.0,0.0,0.0,0.0,0.0,0.0,ZERO_INTENT,0.2628080520481847,0,32,0,0,32
51.78333333333333,-57.052934300832405,-7.655944858104455,2.386242706129183,0.0,0.0,0.0,0.0,0.0,0.0,ZERO_INTENT,0.2628080520481847,0,32,0,0,32
51.8,-57.052934300832405,-7.655944858104455,2.386242706129183,0.0,0.0,0.0,0.0,0.0,0.0,ZERO_INTENT,0.2628080520481847,0,32,0,0,32
51.81666666666667,-57.052934300832405,-7.655944858104455,2.386242706129183,0.0,0.0,0.0,0.0,0.0,0.0,ZERO_INTENT,0.2628080520481847,0,32,0,0,32
51.833333333333336,-57.052934300832405,-7.655944858104455,2.386242706129183,0.0,0.0,0.0,0.0,0.0,0.0,ZERO_INTENT,0.2628080520481847,0,32,0,0,32
51.85,-57.052934300832405,-7.655944858104455,2.386242706129183,0.0,0.0,0.0,0.0,0.0,0.0,ZERO_INTENT,0.2628080520481847,0,32,0,0,32
51.86666666666667,-57.052934300832405,-7.655944858104455,2.386242706129183,0.0,0.0,0.0,0.0,0.0,0.0,ZERO_INTENT,0.2628080520481847,0,32,0,0,32
51.88333333333333,-57.052934300832405,-7.655944858104455,2.386242706129183,0.0,0.0,0.0,0.0,0.0,0.0,ZERO_INTENT,0.2628080520481847,0,32,0,0,32
51.9,-57.052934300832405,-7.655944858104455,2.386242706129183,0.0,0.0,0.0,0.0,0.0,0.0,ZERO_INTENT,0.2628080520481847,0,32,0,0,32
51.916666666666664,-57.052934300832405,-7.655944858104455,2.386242706129183,0.0,0.0,0.0,0.0,0.0,0.0,ZERO_INTENT,0.2628080520481847,0,32,0,0,32
51.93333333333333,-57.052934300832405,-7.655944858104455,2.386242706129183,0.0,0.0,0.0,0.0,0.0,0.0,ZERO_INTENT,0.2628080520481847,0,32,0,0,32
51.95,-57.052934300832405,-7.655944858104455,2.386242706129183,0.0,0.0,0.0,0.0,0.0,0.0,ZERO_INTENT,0.2628080520481847,0,32,0,0,32
51.96666666666667,-57.052934300832405,-7.655944858104455,2.386242706129183,0.0,0.0,0.0,0.0,0.0,0.0,ZERO_INTENT,0.2628080520481847,0,32,0,0,32
51.983333333333334,-57.052934300832405,-7.655944858104455,2.386242706129183,0.0,0.0,0.0,0.0,0.0,0.0,ZERO_INTENT,0.2628080520481847,0,32,0,0,32
52.0,-57.052934300832405,-7.655944858104455,2.386242706129183,0.0,0.0,0.0,0.0,0.0,0.0,ZERO_INTENT,0.2628080520481847,0,32,0,0,32
52.016666666666666,-57.052934300832405,-7.655944858104455,2.386242706129183,0.0,0.0,0.0,0.0,0.0,0.0,ZERO_INTENT,0.2628080520481847,0,32,0,0,32
52.03333333333333,-57.052934300832405,-7.655944858104455,2.386242706129183,0.0,0.0,0.0,0.0,0.0,0.0,ZERO_INTENT,0.2628080520481847,0,32,0,0,32
52.05,-57.052934300832405,-7.655944858104455,2.386242706129183,0.0,0.0,0.0,0.0,0.0,0.0,ZERO_INTENT,0.2628080520481847,0,32,0,0,32
52.06666666666667,-57.052934300832405,-7.655944858104455,2.386242706129183,0.0,0.0,0.0,0.0,0.0,0.0,ZERO_INTENT,0.2628080520481847,0,32,0,0,32
52.083333333333336,-57.052934300832405,-7.655944858104455,2.386242706129183,0.0,0.0,0.0,0.0,0.0,0.0,ZERO_INTENT,0.2628080520481847,0,32,0,0,32
52.1,-57.052934300832405,-7.655944858104455,2.386242706129183,0.0,0.0,0.0,0.0,0.0,0.0,ZERO_INTENT,0.2628080520481847,0,32,0,0,32
52.11666666666667,-57.052934300832405,-7.655944858104455,2.386242706129183,0.0,0.0,0.0,0.0,0.0,0.0,ZERO_INTENT,0.2628080520481847,0,32,0,0,32
52.13333333333333,-57.052934300832405,-7.655944858104455,2.386242706129183,0.0,0.0,0.0,0.0,0.0,0.0,ZERO_INTENT,0.2628080520481847,0,32,0,0,32
52.15,-57.052934300832405,-7.655944858104455,2.386242706129183,0.0,0.0,0.0,0.0,0.0,0.0,ZERO_INTENT,0.2628080520481847,0,32,0,0,32
52.166666666666664,-57.052934300832405,-7.655944858104455,2.386242706129183,0.0,0.0,0.0,0.0,0.0,0.0,ZERO_INTENT,0.2628080520481847,0,32,0,0,32
52.18333333333333,-57.052934300832405,-7.655944858104455,2.386242706129183,0.0,0.0,0.0,0.0,0.0,0.0,ZERO_INTENT,0.2628080520481847,0,32,0,0,32
52.2,-57.052934300832405,-7.655944858104455,2.386242706129183,0.0,0.0,0.0,0.0,0.0,0.0,ZERO_INTENT,0.2628080520481847,0,32,0,0,32
52.21666666666667,-57.052934300832405,-7.655944858104455,2.386242706129183,0.0,0.0,0.0,0.0,0.0,0.0,ZERO_INTENT,0.2628080520481847,0,32,0,0,32
52.233333333333334,-57.052934300832405,-7.655944858104455,2.386242706129183,0.0,0.0,0.0,0.0,0.0,0.0,ZERO_INTENT,0.2628080520481847,0,32,0,0,32
52.25,-57.052934300832405,-7.655944858104455,2.386242706129183,0.0,0.0,0.0,0.0,0.0,0.0,ZERO_INTENT,0.2628080520481847,0,32,0,0,32
52.266666666666666,-57.052934300832405,-7.655944858104455,2.386242706129183,0.0,0.0,0.0,0.0,0.0,0.0,ZERO_INTENT,0.2628080520481847,0,32,0,0,32
52.28333333333333,-57.052934300832405,-7.655944858104455,2.386242706129183,0.0,0.0,0.0,0.0,0.0,0.0,ZERO_INTENT,0.2628080520481847,0,32,0,0,32
52.3,-57.052934300832405,-7.655944858104455,2.386242706129183,0.0,0.0,0.0,0.0,0.0,0.0,ZERO_INTENT,0.2628080520481847,0,32,0,0,32
52.31666666666667,-57.052934300832405,-7.655944858104455,2.386242706129183,0.0,0.0,0.0,0.0,0.0,0.0,ZERO_INTENT,0.2628080520481847,0,32,0,0,32
52.333333333333336,-57.052934300832405,-7.655944858104455,2.386242706129183,0.0,0.0,0.0,0.0,0.0,0.0,ZERO_INTENT,0.2628080520481847,0,32,0,0,32
52.35,-57.052934300832405,-7.655944858104455,2.386242706129183,0.0,0.0,0.0,0.0,0.0,0.0,ZERO_INTENT,0.2628080520481847,0,32,0,0,32
52.36666666666667,-57.052934300832405,-7.655944858104455,2.386242706129183,0.0,0.0,0.0,0.0,0.0,0.0,ZERO_INTENT,0.2628080520481847,0,32,0,0,32
52.38333333333333,-57.052934300832405,-7.655944858104455,2.386242706129183,0.0,0.0,0.0,0.0,0.0,0.0,ZERO_INTENT,0.2628080520481847,0,32,0,0,32
52.4,-57.052934300832405,-7.655944858104455,2.386242706129183,0.0,0.0,0.0,0.0,0.0,0.0,ZERO_INTENT,0.2628080520481847,0,32,0,0,32
52.416666666666664,-57.052934300832405,-7.655944858104455,2.386242706129183,0.0,0.0,0.0,0.0,0.0,0.0,ZERO_INTENT,0.2628080520481847,0,32,0,0,32
52.43333333333333,-57.052934300832405,-7.655944858104455,2.386242706129183,0.0,0.0,0.0,0.0,0.0,0.0,ZERO_INTENT,0.2628080520481847,0,32,0,0,32
52.45,-57.052934300832405,-7.655944858104455,2.386242706129183,0.0,0.0,0.0,0.0,0.0,0.0,ZERO_INTENT,0.2628080520481847,0,32,0,0,32
52.46666666666667,-57.052934300832405,-7.655944858104455,2.386242706129183,0.0,0.0,0.0,0.0,0.0,0.0,ZERO_INTENT,0.2628080520481847,0,32,0,0,32
52.483333333333334,-57.052934300832405,-7.655944858104455,2.386242706129183,0.0,0.0,0.0,0.0,0.0,0.0,ZERO_INTENT,0.2628080520481847,0,32,0,0,32
52.5,-57.052934300832405,-7.655944858104455,2.386242706129183,0.0,0.0,0.0,0.0,0.0,0.0,ZERO_INTENT,0.2628080520481847,0,32,0,0,32
52.516666666666666,-57.052934300832405,-7.655944858104455,2.386242706129183,0.0,0.0,0.0,0.0,0.0,0.0,ZERO_INTENT,0.2628080520481847,0,32,0,0,32
52.53333333333333,-57.052934300832405,-7.655944858104455,2.386242706129183,0.0,0.0,0.0,0.0,0.0,0.0,ZERO_INTENT,0.2628080520481847,0,32,0,0,32
52.55,-57.052934300832405,-7.655944858104455,2.386242706129183,0.0,0.0,0.0,0.0,0.0,0.0,ZERO_INTENT,0.2628080520481847,0,32,0,0,32
52.56666666666667,-57.052934300832405,-7.655944858104455,2.386242706129183,0.0,0.0,0.0,0.0,0.0,0.0,ZERO_INTENT,0.2628080520481847,0,32,0,0,32
52.583333333333336,-57.052934300832405,-7.655944858104455,2.386242706129183,0.0,0.0,0.0,0.0,0.0,0.0,ZERO_INTENT,0.2628080520481847,0,32,0,0,32
52.6,-57.052934300832405,-7.655944858104455,2.386242706129183,0.0,0.0,0.0,0.0,0.0,0.0,ZERO_INTENT,0.2628080520481847,0,32,0,0,32
52.61666666666667,-57.052934300832405,-7.655944858104455,2.386242706129183,0.0,0.0,0.0,0.0,0.0,0.0,ZERO_INTENT,0.2628080520481847,0,32,0,0,32
52.63333333333333,-57.052934300832405,-7.655944858104455,2.386242706129183,0.0,0.0,0.0,0.0,0.0,0.0,ZERO_INTENT,0.2628080520481847,0,32,0,0,32
52.65,-57.052934300832405,-7.655944858104455,2.386242706129183,0.0,0.0,0.0,0.0,0.0,0.0,ZERO_INTENT,0.2628080520481847,0,32,0,0,32
52.666666666666664,-57.052934300832405,-7.655944858104455,2.386242706129183,0.0,0.0,0.0,0.0,0.0,0.0,ZERO_INTENT,0.2628080520481847,0,32,0,0,32
52.68333333333333,-57.052934300832405,-7.655944858104455,2.386242706129183,0.0,0.0,0.0,0.0,0.0,0.0,ZERO_INTENT,0.2628080520481847,0,32,0,0,32
52.7,-57.052934300832405,-7.655944858104455,2.386242706129183,0.0,0.0,0.0,0.0,0.0,0.0,ZERO_INTENT,0.2628080520481847,0,32,0,0,32
52.71666666666667,-57.052934300832405,-7.655944858104455,2.386242706129183,0.0,0.0,0.0,0.0,0.0,0.0,ZERO_INTENT,0.2628080520481847,0,32,0,0,32
52.733333333333334,-57.052934300832405,-7.655944858104455,2.386242706129183,0.0,0.0,0.0,0.0,0.0,0.0,ZERO_INTENT,0.2628080520481847,0,32,0,0,32
52.75,-57.052934300832405,-7.655944858104455,2.386242706129183,0.0,0.0,0.0,0.0,0.0,0.0,ZERO_INTENT,0.2628080520481847,0,32,0,0,32
52.766666666666666,-57.052934300832405,-7.655944858104455,2.386242706129183,0.0,0.0,0.0,0.0,0.0,0.0,ZERO_INTENT,0.2628080520481847,0,32,0,0,32
52.78333333333333,-57.052934300832405,-7.655944858104455,2.386242706129183,0.0,0.0,0.0,0.0,0.0,0.0,ZERO_INTENT,0.2628080520481847,0,32,0,0,32
52.8,-57.052934300832405,-7.655944858104455,2.386242706129183,0.0,0.0,0.0,0.0,0.0,0.0,ZERO_INTENT,0.2628080520481847,0,32,0,0,32
52.81666666666667,-57.052934300832405,-7.655944858104455,2.386242706129183,0.0,0.0,0.0,0.0,0.0,0.0,ZERO_INTENT,0.2628080520481847,0,32,0,0,32
52.833333333333336,-57.052934300832405,-7.655944858104455,2.386242706129183,0.0,0.0,0.0,0.0,0.0,0.0,ZERO_INTENT,0.2628080520481847,0,32,0,0,32
52.85,-57.052934300832405,-7.655944858104455,2.386242706129183,0.0,0.0,0.0,0.0,0.0,0.0,ZERO_INTENT,0.2628080520481847,0,32,0,0,32
52.86666666666667,-57.052934300832405,-7.655944858104455,2.386242706129183,0.0,0.0,0.0,0.0,0.0,0.0,ZERO_INTENT,0.2628080520481847,0,32,0,0,32
52.88333333333333,-57.052934300832405,-7.655944858104455,2.386242706129183,0.0,0.0,0.0,0.0,0.0,0.0,ZERO_INTENT,0.2628080520481847,0,32,0,0,32
52.9,-57.052934300832405,-7.655944858104455,2.386242706129183,0.0,0.0,0.0,0.0,0.0,0.0,ZERO_INTENT,0.2628080520481847,0,32,0,0,32
52.916666666666664,-57.052934300832405,-7.655944858104455,2.386242706129183,0.0,0.0,0.0,0.0,0.0,0.0,ZERO_INTENT,0.2628080520481847,0,32,0,0,32
52.93333333333333,-57.052934300832405,-7.655944858104455,2.386242706129183,0.0,0.0,0.0,0.0,0.0,0.0,ZERO_INTENT,0.2628080520481847,0,32,0,0,32
52.95,-57.052934300832405,-7.655944858104455,2.386242706129183,0.0,0.0,0.0,0.0,0.0,0.0,ZERO_INTENT,0.2628080520481847,0,32,0,0,32
52.96666666666667,-57.052934300832405,-7.655944858104455,2.386242706129183,0.0,0.0,0.0,0.0,0.0,0.0,ZERO_INTENT,0.2628080520481847,0,32,0,0,32
52.983333333333334,-57.052934300832405,-7.655944858104455,2.386242706129183,0.0,0.0,0.0,0.0,0.0,0.0,ZERO_INTENT,0.2628080520481847,0,32,0,0,32
53.0,-57.052934300832405,-7.655944858104455,2.386242706129183,0.0,0.0,0.0,0.0,0.0,0.0,ZERO_INTENT,0.2628080520481847,0,32,0,0,32
53.016666666666666,-57.052934300832405,-7.655944858104455,2.386242706129183,0.0,0.0,0.0,0.0,0.0,0.0,ZERO_INTENT,0.2628080520481847,0,32,0,0,32
53.03333333333333,-57.052934300832405,-7.655944858104455,2.386242706129183,0.0,0.0,0.0,0.0,0.0,0.0,ZERO_INTENT,0.2628080520481847,0,32,0,0,32
53.05,-57.052934300832405,-7.655944858104455,2.386242706129183,0.0,0.0,0.0,0.0,0.0,0.0,ZERO_INTENT,0.2628080520481847,0,32,0,0,32
53.06666666666667,-57.052934300832405,-7.655944858104455,2.386242706129183,0.0,0.0,0.0,0.0,0.0,0.0,ZERO_INTENT,0.2628080520481847,0,32,0,0,32
53.083333333333336,-57.052934300832405,-7.655944858104455,2.386242706129183,0.0,0.0,0.0,0.0,0.0,0.0,ZERO_INTENT,0.2628080520481847,0,32,0,0,32
53.1,-57.052934300832405,-7.655944858104455,2.386242706129183,0.0,0.0,0.0,0.0,0.0,0.0,ZERO_INTENT,0.2628080520481847,0,32,0,0,32
53.11666666666667,-57.052934300832405,-7.655944858104455,2.386242706129183,0.0,0.0,0.0,0.0,0.0,0.0,ZERO_INTENT,0.2628080520481847,0,32,0,0,32
53.13333333333333,-57.052934300832405,-7.655944858104455,2.386242706129183,0.0,0.0,0.0,0.0,0.0,0.0,ZERO_INTENT,0.2628080520481847,0,32,0,0,32
53.15,-57.052934300832405,-7.655944858104455,2.386242706129183,0.0,0.0,0.0,0.0,0.0,0.0,ZERO_INTENT,0.2628080520481847,0,32,0,0,32
53.166666666666664,-57.052934300832405,-7.655944858104455,2.386242706129183,0.0,0.0,0.0,0.0,0.0,0.0,ZERO_INTENT,0.2628080520481847,0,32,0,0,32
53.18333333333333,-57.052934300832405,-7.655944858104455,2.386242706129183,0.0,0.0,0.0,0.0,0.0,0.0,ZERO_INTENT,0.2628080520481847,0,32,0,0,32
53.2,-57.052934300832405,-7.655944858104455,2.386242706129183,0.0,0.0,0.0,0.0,0.0,0.0,ZERO_INTENT,0.2628080520481847,0,32,0,0,32
53.21666666666667,-57.052934300832405,-7.655944858104455,2.386242706129183,0.0,0.0,0.0,0.0,0.0,0.0,ZERO_INTENT,0.2628080520481847,0,32,0,0,32
53.233333333333334,-57.052934300832405,-7.655944858104455,2.386242706129183,0.0,0.0,0.0,0.0,0.0,0.0,ZERO_INTENT,0.2628080520481847,0,32,0,0,32
53.25,-57.052934300832405,-7.655944858104455,2.386242706129183,0.0,0.0,0.0,0.0,0.0,0.0,ZERO_INTENT,0.2628080520481847,0,32,0,0,32
53.266666666666666,-57.052934300832405,-7.655944858104455,2.386242706129183,0.0,0.0,0.0,0.0,0.0,0.0,ZERO_INTENT,0.2628080520481847,0,32,0,0,32
53.28333333333333,-57.052934300832405,-7.655944858104455,2.386242706129183,0.0,0.0,0.0,0.0,0.0,0.0,ZERO_INTENT,0.2628080520481847,0,32,0,0,32
53.3,-57.052934300832405,-7.655944858104455,2.386242706129183,0.0,0.0,0.0,0.0,0.0,0.0,ZERO_INTENT,0.2628080520481847,0,32,0,0,32
53.31666666666667,-57.052934300832405,-7.655944858104455,2.386242706129183,0.0,0.0,0.0,0.0,0.0,0.0,ZERO_INTENT,0.2628080520481847,0,32,0,0,32
53.333333333333336,-57.052934300832405,-7.655944858104455,2.386242706129183,0.0,0.0,0.0,0.0,0.0,0.0,ZERO_INTENT,0.2628080520481847,0,32,0,0,32
53.35,-57.052934300832405,-7.655944858104455,2.386242706129183,0.0,0.0,0.0,0.0,0.0,0.0,ZERO_INTENT,0.2628080520481847,0,32,0,0,32
53.36666666666667,-57.052934300832405,-7.655944858104455,2.386242706129183,0.0,0.0,0.0,0.0,0.0,0.0,ZERO_INTENT,0.2628080520481847,0,32,0,0,32
53.38333333333333,-57.052934300832405,-7.655944858104455,2.386242706129183,0.0,0.0,0.0,0.0,0.0,0.0,ZERO_INTENT,0.2628080520481847,0,32,0,0,32
53.4,-57.052934300832405,-7.655944858104455,2.386242706129183,0.0,0.0,0.0,0.0,0.0,0.0,ZERO_INTENT,0.2628080520481847,0,32,0,0,32
53.416666666666664,-57.052934300832405,-7.655944858104455,2.386242706129183,0.0,0.0,0.0,0.0,0.0,0.0,ZERO_INTENT,0.2628080520481847,0,32,0,0,32
53.43333333333333,-57.052934300832405,-7.655944858104455,2.386242706129183,0.0,0.0,0.0,0.0,0.0,0.0,ZERO_INTENT,0.2628080520481847,0,32,0,0,32
53.45,-57.052934300832405,-7.655944858104455,2.386242706129183,0.0,0.0,0.0,0.0,0.0,0.0,ZERO_INTENT,0.2628080520481847,0,32,0,0,32
53.46666666666667,-57.052934300832405,-7.655944858104455,2.386242706129183,0.0,0.0,0.0,0.0,0.0,0.0,ZERO_INTENT,0.2628080520481847,0,32,0,0,32
53.483333333333334,-57.052934300832405,-7.655944858104455,2.386242706129183,0.0,0.0,0.0,0.0,0.0,0.0,ZERO_INTENT,0.2628080520481847,0,32,0,0,32
53.5,-57.052934300832405,-7.655944858104455,2.386242706129183,0.0,0.0,0.0,0.0,0.0,0.0,ZERO_INTENT,0.2628080520481847,0,32,0,0,32
53.516666666666666,-57.052934300832405,-7.655944858104455,2.386242706129183,0.0,0.0,0.0,0.0,0.0,0.0,ZERO_INTENT,0.2628080520481847,0,32,0,0,32
53.53333333333333,-57.052934300832405,-7.655944858104455,2.386242706129183,0.0,0.0,0.0,0.0,0.0,0.0,ZERO_INTENT,0.2628080520481847,0,32,0,0,32
53.55,-57.052934300832405,-7.655944858104455,2.386242706129183,0.0,0.0,0.0,0.0,0.0,0.0,ZERO_INTENT,0.2628080520481847,0,32,0,0,32
53.56666666666667,-57.052934300832405,-7.655944858104455,2.386242706129183,0.0,0.0,0.0,0.0,0.0,0.0,ZERO_INTENT,0.2628080520481847,0,32,0,0,32
53.583333333333336,-57.052934300832405,-7.655944858104455,2.386242706129183,0.0,0.0,0.0,0.0,0.0,0.0,ZERO_INTENT,0.2628080520481847,0,32,0,0,32
53.6,-57.052934300832405,-7.655944858104455,2.386242706129183,0.0,0.0,0.0,0.0,0.0,0.0,ZERO_INTENT,0.2628080520481847,0,32,0,0,32
53.61666666666667,-57.052934300832405,-7.655944858104455,2.386242706129183,0.0,0.0,0.0,0.0,0.0,0.0,ZERO_INTENT,0.2628080520481847,0,32,0,0,32
53.63333333333333,-57.052934300832405,-7.655944858104455,2.386242706129183,0.0,0.0,0.0,0.0,0.0,0.0,ZERO_INTENT,0.2628080520481847,0,32,0,0,32
53.65,-57.052934300832405,-7.655944858104455,2.386242706129183,0.0,0.0,0.0,0.0,0.0,0.0,ZERO_INTENT,0.2628080520481847,0,32,0,0,32
53.666666666666664,-57.052934300832405,-7.655944858104455,2.386242706129183,0.0,0.0,0.0,0.0,0.0,0.0,ZERO_INTENT,0.2628080520481847,0,32,0,0,32
53.68333333333333,-57.052934300832405,-7.655944858104455,2.386242706129183,0.0,0.0,0.0,0.0,0.0,0.0,ZERO_INTENT,0.2628080520481847,0,32,0,0,32
53.7,-57.052934300832405,-7.655944858104455,2.386242706129183,0.0,0.0,0.0,0.0,0.0,0.0,ZERO_INTENT,0.2628080520481847,0,32,0,0,32
53.71666666666667,-57.052934300832405,-7.655944858104455,2.386242706129183,0.0,0.0,0.0,0.0,0.0,0.0,ZERO_INTENT,0.2628080520481847,0,32,0,0,32
53.733333333333334,-57.052934300832405,-7.655944858104455,2.386242706129183,0.0,0.0,0.0,0.0,0.0,0.0,ZERO_INTENT,0.2628080520481847,0,32,0,0,32
53.75,-57.052934300832405,-7.655944858104455,2.386242706129183,0.0,0.0,0.0,0.0,0.0,0.0,ZERO_INTENT,0.2628080520481847,0,32,0,0,32
53.766666666666666,-57.052934300832405,-7.655944858104455,2.386242706129183,0.0,0.0,0.0,0.0,0.0,0.0,ZERO_INTENT,0.2628080520481847,0,32,0,0,32
53.78333333333333,-57.052934300832405,-7.655944858104455,2.386242706129183,0.0,0.0,0.0,0.0,0.0,0.0,ZERO_INTENT,0.2628080520481847,0,32,0,0,32
53.8,-57.052934300832405,-7.655944858104455,2.386242706129183,0.0,0.0,0.0,0.0,0.0,0.0,ZERO_INTENT,0.2628080520481847,0,32,0,0,32
53.81666666666667,-57.052934300832405,-7.655944858104455,2.386242706129183,0.0,0.0,0.0,0.0,0.0,0.0,ZERO_INTENT,0.2628080520481847,0,32,0,0,32
53.833333333333336,-57.052934300832405,-7.655944858104455,2.386242706129183,0.0,0.0,0.0,0.0,0.0,0.0,ZERO_INTENT,0.2628080520481847,0,32,0,0,32
53.85,-57.052934300832405,-7.655944858104455,2.386242706129183,0.0,0.0,0.0,0.0,0.0,0.0,ZERO_INTENT,0.2628080520481847,0,32,0,0,32
53.86666666666667,-57.052934300832405,-7.655944858104455,2.386242706129183,0.0,0.0,0.0,0.0,0.0,0.0,ZERO_INTENT,0.2628080520481847,0,32,0,0,32
53.88333333333333,-57.052934300832405,-7.655944858104455,2.386242706129183,0.0,0.0,0.0,0.0,0.0,0.0,ZERO_INTENT,0.2628080520481847,0,32,0,0,32
53.9,-57.052934300832405,-7.655944858104455,2.386242706129183,0.0,0.0,0.0,0.0,0.0,0.0,ZERO_INTENT,0.2628080520481847,0,32,0,0,32
53.916666666666664,-57.052934300832405,-7.655944858104455,2.386242706129183,0.0,0.0,0.0,0.0,0.0,0.0,ZERO_INTENT,0.2628080520481847,0,32,0,0,32
53.93333333333333,-57.052934300832405,-7.655944858104455,2.386242706129183,0.0,0.0,0.0,0.0,0.0,0.0,ZERO_INTENT,0.2628080520481847,0,32,0,0,32
53.95,-57.052934300832405,-7.655944858104455,2.386242706129183,0.0,0.0,0.0,0.0,0.0,0.0,ZERO_INTENT,0.2628080520481847,0,32,0,0,32
53.96666666666667,-57.052934300832405,-7.655944858104455,2.386242706129183,0.0,0.0,0.0,0.0,0.0,0.0,ZERO_INTENT,0.2628080520481847,0,32,0,0,32
53.983333333333334,-57.052934300832405,-7.655944858104455,2.386242706129183,0.0,0.0,0.0,0.0,0.0,0.0,ZERO_INTENT,0.2628080520481847,0,32,0,0,32
54.0,-57.052934300832405,-7.655944858104455,2.386242706129183,0.0,0.0,0.0,0.0,0.0,0.0,ZERO_INTENT,0.2628080520481847,0,32,0,0,32
54.016666666666666,-57.052934300832405,-7.655944858104455,2.386242706129183,0.0,0.0,0.0,0.0,0.0,0.0,ZERO_INTENT,0.2628080520481847,0,32,0,0,32
54.03333333333333,-57.052934300832405,-7.655944858104455,2.386242706129183,0.0,0.0,0.0,0.0,0.0,0.0,ZERO_INTENT,0.2628080520481847,0,32,0,0,32
54.05,-57.052934300832405,-7.655944858104455,2.386242706129183,0.0,0.0,0.0,0.0,0.0,0.0,ZERO_INTENT,0.2628080520481847,0,32,0,0,32
54.06666666666667,-57.052934300832405,-7.655944858104455,2.386242706129183,0.0,0.0,0.0,0.0,0.0,0.0,ZERO_INTENT,0.2628080520481847,0,32,0,0,32
54.083333333333336,-57.052934300832405,-7.655944858104455,2.386242706129183,0.0,0.0,0.0,0.0,0.0,0.0,ZERO_INTENT,0.2628080520481847,0,32,0,0,32
54.1,-57.052934300832405,-7.655944858104455,2.386242706129183,0.0,0.0,0.0,0.0,0.0,0.0,ZERO_INTENT,0.2628080520481847,0,32,0,0,32
54.11666666666667,-57.052934300832405,-7.655944858104455,2.386242706129183,0.0,0.0,0.0,0.0,0.0,0.0,ZERO_INTENT,0.2628080520481847,0,32,0,0,32
54.13333333333333,-57.052934300832405,-7.655944858104455,2.386242706129183,0.0,0.0,0.0,0.0,0.0,0.0,ZERO_INTENT,0.2628080520481847,0,32,0,0,32
54.15,-57.052934300832405,-7.655944858104455,2.386242706129183,0.0,0.0,0.0,0.0,0.0,0.0,ZERO_INTENT,0.2628080520481847,0,32,0,0,32
54.166666666666664,-57.052934300832405,-7.655944858104455,2.386242706129183,0.0,0.0,0.0,0.0,0.0,0.0,ZERO_INTENT,0.2628080520481847,0,32,0,0,32
54.18333333333333,-57.052934300832405,-7.655944858104455,2.386242706129183,0.0,0.0,0.0,0.0,0.0,0.0,ZERO_INTENT,0.2628080520481847,0,32,0,0,32
54.2,-57.052934300832405,-7.655944858104455,2.386242706129183,0.0,0.0,0.0,0.0,0.0,0.0,ZERO_INTENT,0.2628080520481847,0,32,0,0,32
54.21666666666667,-57.052934300832405,-7.655944858104455,2.386242706129183,0.0,0.0,0.0,0.0,0.0,0.0,ZERO_INTENT,0.2628080520481847,0,32,0,0,32
54.233333333333334,-57.052934300832405,-7.655944858104455,2.386242706129183,0.0,0.0,0.0,0.0,0.0,0.0,ZERO_INTENT,0.2628080520481847,0,32,0,0,32
54.25,-57.052934300832405,-7.655944858104455,2.386242706129183,0.0,0.0,0.0,0.0,0.0,0.0,ZERO_INTENT,0.2628080520481847,0,32,0,0,32
54.266666666666666,-57.052934300832405,-7.655944858104455,2.386242706129183,0.0,0.0,0.0,0.0,0.0,0.0,ZERO_INTENT,0.2628080520481847,0,32,0,0,32
54.28333333333333,-57.052934300832405,-7.655944858104455,2.386242706129183,0.0,0.0,0.0,0.0,0.0,0.0,ZERO_INTENT,0.2628080520481847,0,32,0,0,32
54.3,-57.052934300832405,-7.655944858104455,2.386242706129183,0.0,0.0,0.0,0.0,0.0,0.0,ZERO_INTENT,0.2628080520481847,0,32,0,0,32
54.31666666666667,-57.052934300832405,-7.655944858104455,2.386242706129183,0.0,0.0,0.0,0.0,0.0,0.0,ZERO_INTENT,0.2628080520481847,0,32,0,0,32
54.333333333333336,-57.052934300832405,-7.655944858104455,2.386242706129183,0.0,0.0,0.0,0.0,0.0,0.0,ZERO_INTENT,0.2628080520481847,0,32,0,0,32
54.35,-57.052934300832405,-7.655944858104455,2.386242706129183,0.0,0.0,0.0,0.0,0.0,0.0,ZERO_INTENT,0.2628080520481847,0,32,0,0,32
54.36666666666667,-57.052934300832405,-7.655944858104455,2.386242706129183,0.0,0.0,0.0,0.0,0.0,0.0,ZERO_INTENT,0.2628080520481847,0,32,0,0,32
54.38333333333333,-57.052934300832405,-7.655944858104455,2.386242706129183,0.0,0.0,0.0,0.0,0.0,0.0,ZERO_INTENT,0.2628080520481847,0,32,0,0,32
54.4,-57.052934300832405,-7.655944858104455,2.386242706129183,0.0,0.0,0.0,0.0,0.0,0.0,ZERO_INTENT,0.2628080520481847,0,32,0,0,32
54.416666666666664,-57.052934300832405,-7.655944858104455,2.386242706129183,0.0,0.0,0.0,0.0,0.0,0.0,ZERO_INTENT,0.2628080520481847,0,32,0,0,32
54.43333333333333,-57.052934300832405,-7.655944858104455,2.386242706129183,0.0,0.0,0.0,0.0,0.0,0.0,ZERO_INTENT,0.2628080520481847,0,32,0,0,32
54.45,-57.052934300832405,-7.655944858104455,2.386242706129183,0.0,0.0,0.0,0.0,0.0,0.0,ZERO_INTENT,0.2628080520481847,0,32,0,0,32
54.46666666666667,-57.052934300832405,-7.655944858104455,2.386242706129183,0.0,0.0,0.0,0.0,0.0,0.0,ZERO_INTENT,0.2628080520481847,0,32,0,0,32
54.483333333333334,-57.052934300832405,-7.655944858104455,2.386242706129183,0.0,0.0,0.0,0.0,0.0,0.0,ZERO_INTENT,0.2628080520481847,0,32,0,0,32
54.5,-57.052934300832405,-7.655944858104455,2.386242706129183,0.0,0.0,0.0,0.0,0.0,0.0,ZERO_INTENT,0.2628080520481847,0,32,0,0,32
54.516666666666666,-57.052934300832405,-7.655944858104455,2.386242706129183,0.0,0.0,0.0,0.0,0.0,0.0,ZERO_INTENT,0.2628080520481847,0,32,0,0,32
54.53333333333333,-57.052934300832405,-7.655944858104455,2.386242706129183,0.0,0.0,0.0,0.0,0.0,0.0,ZERO_INTENT,0.2628080520481847,0,32,0,0,32
54.55,-57.052934300832405,-7.655944858104455,2.386242706129183,0.0,0.0,0.0,0.0,0.0,0.0,ZERO_INTENT,0.2628080520481847,0,32,0,0,32
54.56666666666667,-57.052934300832405,-7.655944858104455,2.386242706129183,0.0,0.0,0.0,0.0,0.0,0.0,ZERO_INTENT,0.2628080520481847,0,32,0,0,32
54.583333333333336,-57.052934300832405,-7.655944858104455,2.386242706129183,0.0,0.0,0.0,0.0,0.0,0.0,ZERO_INTENT,0.2628080520481847,0,32,0,0,32
54.6,-57.052934300832405,-7.655944858104455,2.386242706129183,0.0,0.0,0.0,0.0,0.0,0.0,ZERO_INTENT,0.2628080520481847,0,32,0,0,32
54.61666666666667,-57.052934300832405,-7.655944858104455,2.386242706129183,0.0,0.0,0.0,0.0,0.0,0.0,ZERO_INTENT,0.2628080520481847,0,32,0,0,32
54.63333333333333,-57.052934300832405,-7.655944858104455,2.386242706129183,0.0,0.0,0.0,0.0,0.0,0.0,ZERO_INTENT,0.2628080520481847,0,32,0,0,32
54.65,-57.052934300832405,-7.655944858104455,2.386242706129183,0.0,0.0,0.0,0.0,0.0,0.0,ZERO_INTENT,0.2628080520481847,0,32,0,0,32
54.666666666666664,-57.052934300832405,-7.655944858104455,2.386242706129183,0.0,0.0,0.0,0.0,0.0,0.0,ZERO_INTENT,0.2628080520481847,0,32,0,0,32
54.68333333333333,-57.052934300832405,-7.655944858104455,2.386242706129183,0.0,0.0,0.0,0.0,0.0,0.0,ZERO_INTENT,0.2628080520481847,0,32,0,0,32
54.7,-57.052934300832405,-7.655944858104455,2.386242706129183,0.0,0.0,0.0,0.0,0.0,0.0,ZERO_INTENT,0.2628080520481847,0,32,0,0,32
54.71666666666667,-57.052934300832405,-7.655944858104455,2.386242706129183,0.0,0.0,0.0,0.0,0.0,0.0,ZERO_INTENT,0.2628080520481847,0,32,0,0,32
54.733333333333334,-57.052934300832405,-7.655944858104455,2.386242706129183,0.0,0.0,0.0,0.0,0.0,0.0,ZERO_INTENT,0.2628080520481847,0,32,0,0,32
54.75,-57.052934300832405,-7.655944858104455,2.386242706129183,0.0,0.0,0.0,0.0,0.0,0.0,ZERO_INTENT,0.2628080520481847,0,32,0,0,32
54.766666666666666,-57.052934300832405,-7.655944858104455,2.386242706129183,0.0,0.0,0.0,0.0,0.0,0.0,ZERO_INTENT,0.2628080520481847,0,32,0,0,32
54.78333333333333,-57.052934300832405,-7.655944858104455,2.386242706129183,0.0,0.0,0.0,0.0,0.0,0.0,ZERO_INTENT,0.2628080520481847,0,32,0,0,32
54.8,-57.052934300832405,-7.655944858104455,2.386242706129183,0.0,0.0,0.0,0.0,0.0,0.0,ZERO_INTENT,0.2628080520481847,0,32,0,0,32
54.81666666666667,-57.052934300832405,-7.655944858104455,2.386242706129183,0.0,0.0,0.0,0.0,0.0,0.0,ZERO_INTENT,0.2628080520481847,0,32,0,0,32
54.833333333333336,-57.052934300832405,-7.655944858104455,2.386242706129183,0.0,0.0,0.0,0.0,0.0,0.0,ZERO_INTENT,0.2628080520481847,0,32,0,0,32
54.85,-57.052934300832405,-7.655944858104455,2.386242706129183,0.0,0.0,0.0,0.0,0.0,0.0,ZERO_INTENT,0.2628080520481847,0,32,0,0,32
54.86666666666667,-57.052934300832405,-7.655944858104455,2.386242706129183,0.0,0.0,0.0,0.0,0.0,0.0,ZERO_INTENT,0.2628080520481847,0,32,0,0,32
54.88333333333333,-57.052934300832405,-7.655944858104455,2.386242706129183,0.0,0.0,0.0,0.0,0.0,0.0,ZERO_INTENT,0.2628080520481847,0,32,0,0,32
54.9,-57.052934300832405,-7.655944858104455,2.386242706129183,0.0,0.0,0.0,0.0,0.0,0.0,ZERO_INTENT,0.2628080520481847,0,32,0,0,32
54.916666666666664,-57.052934300832405,-7.655944858104455,2.386242706129183,0.0,0.0,0.0,0.0,0.0,0.0,ZERO_INTENT,0.2628080520481847,0,32,0,0,32
54.93333333333333,-57.052934300832405,-7.655944858104455,2.386242706129183,0.0,0.0,0.0,0.0,0.0,0.0,ZERO_INTENT,0.2628080520481847,0,32,0,0,32
54.95,-57.052934300832405,-7.655944858104455,2.386242706129183,0.0,0.0,0.0,0.0,0.0,0.0,ZERO_INTENT,0.2628080520481847,0,32,0,0,32
54.96666666666667,-57.052934300832405,-7.655944858104455,2.386242706129183,0.0,0.0,0.0,0.0,0.0,0.0,ZERO_INTENT,0.2628080520481847,0,32,0,0,32
54.983333333333334,-57.052934300832405,-7.655944858104455,2.386242706129183,0.0,0.0,0.0,0.0,0.0,0.0,ZERO_INTENT,0.2628080520481847,0,32,0,0,32
55.0,-57.052934300832405,-7.655944858104455,2.386242706129183,0.0,0.0,0.0,0.0,0.0,0.0,ZERO_INTENT,0.2628080520481847,0,32,0,0,32
55.016666666666666,-57.052934300832405,-7.655944858104455,2.386242706129183,0.0,0.0,0.0,0.0,0.0,0.0,ZERO_INTENT,0.2628080520481847,0,32,0,0,32
55.03333333333333,-57.052934300832405,-7.655944858104455,2.386242706129183,0.0,0.0,0.0,0.0,0.0,0.0,ZERO_INTENT,0.2628080520481847,0,32,0,0,32
55.05,-57.052934300832405,-7.655944858104455,2.386242706129183,0.0,0.0,0.0,0.0,0.0,0.0,ZERO_INTENT,0.2628080520481847,0,32,0,0,32
55.06666666666667,-57.052934300832405,-7.655944858104455,2.386242706129183,0.0,0.0,0.0,0.0,0.0,0.0,ZERO_INTENT,0.2628080520481847,0,32,0,0,32
55.083333333333336,-57.052934300832405,-7.655944858104455,2.386242706129183,0.0,0.0,0.0,0.0,0.0,0.0,ZERO_INTENT,0.2628080520481847,0,32,0,0,32
55.1,-57.052934300832405,-7.655944858104455,2.386242706129183,0.0,0.0,0.0,0.0,0.0,0.0,ZERO_INTENT,0.2628080520481847,0,32,0,0,32
55.11666666666667,-57.052934300832405,-7.655944858104455,2.386242706129183,0.0,0.0,0.0,0.0,0.0,0.0,ZERO_INTENT,0.2628080520481847,0,32,0,0,32
55.13333333333333,-57.052934300832405,-7.655944858104455,2.386242706129183,0.0,0.0,0.0,0.0,0.0,0.0,ZERO_INTENT,0.2628080520481847,0,32,0,0,32
55.15,-57.052934300832405,-7.655944858104455,2.386242706129183,0.0,0.0,0.0,0.0,0.0,0.0,ZERO_INTENT,0.2628080520481847,0,32,0,0,32
55.166666666666664,-57.052934300832405,-7.655944858104455,2.386242706129183,0.0,0.0,0.0,0.0,0.0,0.0,ZERO_INTENT,0.2628080520481847,0,32,0,0,32
55.18333333333333,-57.052934300832405,-7.655944858104455,2.386242706129183,0.0,0.0,0.0,0.0,0.0,0.0,ZERO_INTENT,0.2628080520481847,0,32,0,0,32
55.2,-57.052934300832405,-7.655944858104455,2.386242706129183,0.0,0.0,0.0,0.0,0.0,0.0,ZERO_INTENT,0.2628080520481847,0,32,0,0,32
55.21666666666667,-57.052934300832405,-7.655944858104455,2.386242706129183,0.0,0.0,0.0,0.0,0.0,0.0,ZERO_INTENT,0.2628080520481847,0,32,0,0,32
55.233333333333334,-57.052934300832405,-7.655944858104455,2.386242706129183,0.0,0.0,0.0,0.0,0.0,0.0,ZERO_INTENT,0.2628080520481847,0,32,0,0,32
55.25,-57.052934300832405,-7.655944858104455,2.386242706129183,0.0,0.0,0.0,0.0,0.0,0.0,ZERO_INTENT,0.2628080520481847,0,32,0,0,32
55.266666666666666,-57.052934300832405,-7.655944858104455,2.386242706129183,0.0,0.0,0.0,0.0,0.0,0.0,ZERO_INTENT,0.2628080520481847,0,32,0,0,32
55.28333333333333,-57.052934300832405,-7.655944858104455,2.386242706129183,0.0,0.0,0.0,0.0,0.0,0.0,ZERO_INTENT,0.2628080520481847,0,32,0,0,32
55.3,-57.052934300832405,-7.655944858104455,2.386242706129183,0.0,0.0,0.0,0.0,0.0,0.0,ZERO_INTENT,0.2628080520481847,0,32,0,0,32
55.31666666666667,-57.052934300832405,-7.655944858104455,2.386242706129183,0.0,0.0,0.0,0.0,0.0,0.0,ZERO_INTENT,0.2628080520481847,0,32,0,0,32
55.333333333333336,-57.052934300832405,-7.655944858104455,2.386242706129183,0.0,0.0,0.0,0.0,0.0,0.0,ZERO_INTENT,0.2628080520481847,0,32,0,0,32
55.35,-57.052934300832405,-7.655944858104455,2.386242706129183,0.0,0.0,0.0,0.0,0.0,0.0,ZERO_INTENT,0.2628080520481847,0,32,0,0,32
55.36666666666667,-57.052934300832405,-7.655944858104455,2.386242706129183,0.0,0.0,0.0,0.0,0.0,0.0,ZERO_INTENT,0.2628080520481847,0,32,0,0,32
55.38333333333333,-57.052934300832405,-7.655944858104455,2.386242706129183,0.0,0.0,0.0,0.0,0.0,0.0,ZERO_INTENT,0.2628080520481847,0,32,0,0,32
55.4,-57.052934300832405,-7.655944858104455,2.386242706129183,0.0,0.0,0.0,0.0,0.0,0.0,ZERO_INTENT,0.2628080520481847,0,32,0,0,32
55.416666666666664,-57.052934300832405,-7.655944858104455,2.386242706129183,0.0,0.0,0.0,0.0,0.0,0.0,ZERO_INTENT,0.2628080520481847,0,32,0,0,32
55.43333333333333,-57.052934300832405,-7.655944858104455,2.386242706129183,0.0,0.0,0.0,0.0,0.0,0.0,ZERO_INTENT,0.2628080520481847,0,32,0,0,32
55.45,-57.052934300832405,-7.655944858104455,2.386242706129183,0.0,0.0,0.0,0.0,0.0,0.0,ZERO_INTENT,0.2628080520481847,0,32,0,0,32
55.46666666666667,-57.052934300832405,-7.655944858104455,2.386242706129183,0.0,0.0,0.0,0.0,0.0,0.0,ZERO_INTENT,0.2628080520481847,0,32,0,0,32
55.483333333333334,-57.052934300832405,-7.655944858104455,2.386242706129183,0.0,0.0,0.0,0.0,0.0,0.0,ZERO_INTENT,0.2628080520481847,0,32,0,0,32
55.5,-57.052934300832405,-7.655944858104455,2.386242706129183,0.0,0.0,0.0,0.0,0.0,0.0,ZERO_INTENT,0.2628080520481847,0,32,0,0,32
55.516666666666666,-57.052934300832405,-7.655944858104455,2.386242706129183,0.0,0.0,0.0,0.0,0.0,0.0,ZERO_INTENT,0.2628080520481847,0,32,0,0,32
55.53333333333333,-57.052934300832405,-7.655944858104455,2.386242706129183,0.0,0.0,0.0,0.0,0.0,0.0,ZERO_INTENT,0.2628080520481847,0,32,0,0,32
55.55,-57.052934300832405,-7.655944858104455,2.386242706129183,0.0,0.0,0.0,0.0,0.0,0.0,ZERO_INTENT,0.2628080520481847,0,32,0,0,32
55.56666666666667,-57.052934300832405,-7.655944858104455,2.386242706129183,0.0,0.0,0.0,0.0,0.0,0.0,ZERO_INTENT,0.2628080520481847,0,32,0,0,32
55.583333333333336,-57.052934300832405,-7.655944858104455,2.386242706129183,0.0,0.0,0.0,0.0,0.0,0.0,ZERO_INTENT,0.2628080520481847,0,32,0,0,32
55.6,-57.052934300832405,-7.655944858104455,2.386242706129183,0.0,0.0,0.0,0.0,0.0,0.0,ZERO_INTENT,0.2628080520481847,0,32,0,0,32
55.61666666666667,-57.052934300832405,-7.655944858104455,2.386242706129183,0.0,0.0,0.0,0.0,0.0,0.0,ZERO_INTENT,0.2628080520481847,0,32,0,0,32
55.63333333333333,-57.052934300832405,-7.655944858104455,2.386242706129183,0.0,0.0,0.0,0.0,0.0,0.0,ZERO_INTENT,0.2628080520481847,0,32,0,0,32
55.65,-57.052934300832405,-7.655944858104455,2.386242706129183,0.0,0.0,0.0,0.0,0.0,0.0,ZERO_INTENT,0.2628080520481847,0,32,0,0,32
55.666666666666664,-57.052934300832405,-7.655944858104455,2.386242706129183,0.0,0.0,0.0,0.0,0.0,0.0,ZERO_INTENT,0.2628080520481847,0,32,0,0,32
55.68333333333333,-57.052934300832405,-7.655944858104455,2.386242706129183,0.0,0.0,0.0,0.0,0.0,0.0,ZERO_INTENT,0.2628080520481847,0,32,0,0,32
55.7,-57.052934300832405,-7.655944858104455,2.386242706129183,0.0,0.0,0.0,0.0,0.0,0.0,ZERO_INTENT,0.2628080520481847,0,32,0,0,32
55.71666666666667,-57.052934300832405,-7.655944858104455,2.386242706129183,0.0,0.0,0.0,0.0,0.0,0.0,ZERO_INTENT,0.2628080520481847,0,32,0,0,32
55.733333333333334,-57.052934300832405,-7.655944858104455,2.386242706129183,0.0,0.0,0.0,0.0,0.0,0.0,ZERO_INTENT,0.2628080520481847,0,32,0,0,32
55.75,-57.052934300832405,-7.655944858104455,2.386242706129183,0.0,0.0,0.0,0.0,0.0,0.0,ZERO_INTENT,0.2628080520481847,0,32,0,0,32
55.766666666666666,-57.052934300832405,-7.655944858104455,2.386242706129183,0.0,0.0,0.0,0.0,0.0,0.0,ZERO_INTENT,0.2628080520481847,0,32,0,0,32
55.78333333333333,-57.052934300832405,-7.655944858104455,2.386242706129183,0.0,0.0,0.0,0.0,0.0,0.0,ZERO_INTENT,0.2628080520481847,0,32,0,0,32
55.8,-57.052934300832405,-7.655944858104455,2.386242706129183,0.0,0.0,0.0,0.0,0.0,0.0,ZERO_INTENT,0.2628080520481847,0,32,0,0,32
55.81666666666667,-57.052934300832405,-7.655944858104455,2.386242706129183,0.0,0.0,0.0,0.0,0.0,0.0,ZERO_INTENT,0.2628080520481847,0,32,0,0,32
55.833333333333336,-57.052934300832405,-7.655944858104455,2.386242706129183,0.0,0.0,0.0,0.0,0.0,0.0,ZERO_INTENT,0.2628080520481847,0,32,0,0,32
55.85,-57.052934300832405,-7.655944858104455,2.386242706129183,0.0,0.0,0.0,0.0,0.0,0.0,ZERO_INTENT,0.2628080520481847,0,32,0,0,32
55.86666666666667,-57.052934300832405,-7.655944858104455,2.386242706129183,0.0,0.0,0.0,0.0,0.0,0.0,ZERO_INTENT,0.2628080520481847,0,32,0,0,32
55.88333333333333,-57.052934300832405,-7.655944858104455,2.386242706129183,0.0,0.0,0.0,0.0,0.0,0.0,ZERO_INTENT,0.2628080520481847,0,32,0,0,32
55.9,-57.052934300832405,-7.655944858104455,2.386242706129183,0.0,0.0,0.0,0.0,0.0,0.0,ZERO_INTENT,0.2628080520481847,0,32,0,0,32
55.916666666666664,-57.052934300832405,-7.655944858104455,2.386242706129183,0.0,0.0,0.0,0.0,0.0,0.0,ZERO_INTENT,0.2628080520481847,0,32,0,0,32
55.93333333333333,-57.052934300832405,-7.655944858104455,2.386242706129183,0.0,0.0,0.0,0.0,0.0,0.0,ZERO_INTENT,0.2628080520481847,0,32,0,0,32
55.95,-57.052934300832405,-7.655944858104455,2.386242706129183,0.0,0.0,0.0,0.0,0.0,0.0,ZERO_INTENT,0.2628080520481847,0,32,0,0,32
55.96666666666667,-57.052934300832405,-7.655944858104455,2.386242706129183,0.0,0.0,0.0,0.0,0.0,0.0,ZERO_INTENT,0.2628080520481847,0,32,0,0,32
55.983333333333334,-57.052934300832405,-7.655944858104455,2.386242706129183,0.0,0.0,0.0,0.0,0.0,0.0,ZERO_INTENT,0.2628080520481847,0,32,0,0,32
56.0,-57.052934300832405,-7.655944858104455,2.386242706129183,0.0,0.0,0.0,0.0,0.0,0.0,ZERO_INTENT,0.2628080520481847,0,32,0,0,32
56.016666666666666,-57.052934300832405,-7.655944858104455,2.386242706129183,0.0,0.0,0.0,0.0,0.0,0.0,ZERO_INTENT,0.2628080520481847,0,32,0,0,32
56.03333333333333,-57.052934300832405,-7.655944858104455,2.386242706129183,0.0,0.0,0.0,0.0,0.0,0.0,ZERO_INTENT,0.2628080520481847,0,32,0,0,32
56.05,-57.052934300832405,-7.655944858104455,2.386242706129183,0.0,0.0,0.0,0.0,0.0,0.0,ZERO_INTENT,0.2628080520481847,0,32,0,0,32
56.06666666666667,-57.052934300832405,-7.655944858104455,2.386242706129183,0.0,0.0,0.0,0.0,0.0,0.0,ZERO_INTENT,0.2628080520481847,0,32,0,0,32
56.083333333333336,-57.052934300832405,-7.655944858104455,2.386242706129183,0.0,0.0,0.0,0.0,0.0,0.0,ZERO_INTENT,0.2628080520481847,0,32,0,0,32
56.1,-57.052934300832405,-7.655944858104455,2.386242706129183,0.0,0.0,0.0,0.0,0.0,0.0,ZERO_INTENT,0.2628080520481847,0,32,0,0,32
56.11666666666667,-57.052934300832405,-7.655944858104455,2.386242706129183,0.0,0.0,0.0,0.0,0.0,0.0,ZERO_INTENT,0.2628080520481847,0,32,0,0,32
56.13333333333333,-57.052934300832405,-7.655944858104455,2.386242706129183,0.0,0.0,0.0,0.0,0.0,0.0,ZERO_INTENT,0.2628080520481847,0,32,0,0,32
56.15,-57.052934300832405,-7.655944858104455,2.386242706129183,0.0,0.0,0.0,0.0,0.0,0.0,ZERO_INTENT,0.2628080520481847,0,32,0,0,32
56.166666666666664,-57.052934300832405,-7.655944858104455,2.386242706129183,0.0,0.0,0.0,0.0,0.0,0.0,ZERO_INTENT,0.2628080520481847,0,32,0,0,32
56.18333333333333,-57.052934300832405,-7.655944858104455,2.386242706129183,0.0,0.0,0.0,0.0,0.0,0.0,ZERO_INTENT,0.2628080520481847,0,32,0,0,32
56.2,-57.052934300832405,-7.655944858104455,2.386242706129183,0.0,0.0,0.0,0.0,0.0,0.0,ZERO_INTENT,0.2628080520481847,0,32,0,0,32
56.21666666666667,-57.052934300832405,-7.655944858104455,2.386242706129183,0.0,0.0,0.0,0.0,0.0,0.0,ZERO_INTENT,0.2628080520481847,0,32,0,0,32
56.233333333333334,-57.052934300832405,-7.655944858104455,2.386242706129183,0.0,0.0,0.0,0.0,0.0,0.0,ZERO_INTENT,0.2628080520481847,0,32,0,0,32
56.25,-57.052934300832405,-7.655944858104455,2.386242706129183,0.0,0.0,0.0,0.0,0.0,0.0,ZERO_INTENT,0.2628080520481847,0,32,0,0,32
56.266666666666666,-57.052934300832405,-7.655944858104455,2.386242706129183,0.0,0.0,0.0,0.0,0.0,0.0,ZERO_INTENT,0.2628080520481847,0,32,0,0,32
56.28333333333333,-57.052934300832405,-7.655944858104455,2.386242706129183,0.0,0.0,0.0,0.0,0.0,0.0,ZERO_INTENT,0.2628080520481847,0,32,0,0,32
56.3,-57.052934300832405,-7.655944858104455,2.386242706129183,0.0,0.0,0.0,0.0,0.0,0.0,ZERO_INTENT,0.2628080520481847,0,32,0,0,32
56.31666666666667,-57.052934300832405,-7.655944858104455,2.386242706129183,0.0,0.0,0.0,0.0,0.0,0.0,ZERO_INTENT,0.2628080520481847,0,32,0,0,32
56.333333333333336,-57.052934300832405,-7.655944858104455,2.386242706129183,0.0,0.0,0.0,0.0,0.0,0.0,ZERO_INTENT,0.2628080520481847,0,32,0,0,32
56.35,-57.052934300832405,-7.655944858104455,2.386242706129183,0.0,0.0,0.0,0.0,0.0,0.0,ZERO_INTENT,0.2628080520481847,0,32,0,0,32
56.36666666666667,-57.052934300832405,-7.655944858104455,2.386242706129183,0.0,0.0,0.0,0.0,0.0,0.0,ZERO_INTENT,0.2628080520481847,0,32,0,0,32
56.38333333333333,-57.052934300832405,-7.655944858104455,2.386242706129183,0.0,0.0,0.0,0.0,0.0,0.0,ZERO_INTENT,0.2628080520481847,0,32,0,0,32
56.4,-57.052934300832405,-7.655944858104455,2.386242706129183,0.0,0.0,0.0,0.0,0.0,0.0,ZERO_INTENT,0.2628080520481847,0,32,0,0,32
56.416666666666664,-57.052934300832405,-7.655944858104455,2.386242706129183,0.0,0.0,0.0,0.0,0.0,0.0,ZERO_INTENT,0.2628080520481847,0,32,0,0,32
56.43333333333333,-57.052934300832405,-7.655944858104455,2.386242706129183,0.0,0.0,0.0,0.0,0.0,0.0,ZERO_INTENT,0.2628080520481847,0,32,0,0,32
56.45,-57.052934300832405,-7.655944858104455,2.386242706129183,0.0,0.0,0.0,0.0,0.0,0.0,ZERO_INTENT,0.2628080520481847,0,32,0,0,32
56.46666666666667,-57.052934300832405,-7.655944858104455,2.386242706129183,0.0,0.0,0.0,0.0,0.0,0.0,ZERO_INTENT,0.2628080520481847,0,32,0,0,32
56.483333333333334,-57.052934300832405,-7.655944858104455,2.386242706129183,0.0,0.0,0.0,0.0,0.0,0.0,ZERO_INTENT,0.2628080520481847,0,32,0,0,32
56.5,-57.052934300832405,-7.655944858104455,2.386242706129183,0.0,0.0,0.0,0.0,0.0,0.0,ZERO_INTENT,0.2628080520481847,0,32,0,0,32
56.516666666666666,-57.052934300832405,-7.655944858104455,2.386242706129183,0.0,0.0,0.0,0.0,0.0,0.0,ZERO_INTENT,0.2628080520481847,0,32,0,0,32
56.53333333333333,-57.052934300832405,-7.655944858104455,2.386242706129183,0.0,0.0,0.0,0.0,0.0,0.0,ZERO_INTENT,0.2628080520481847,0,32,0,0,32
56.55,-57.052934300832405,-7.655944858104455,2.386242706129183,0.0,0.0,0.0,0.0,0.0,0.0,ZERO_INTENT,0.2628080520481847,0,32,0,0,32
56.56666666666667,-57.052934300832405,-7.655944858104455,2.386242706129183,0.0,0.0,0.0,0.0,0.0,0.0,ZERO_INTENT,0.2628080520481847,0,32,0,0,32
56.583333333333336,-57.052934300832405,-7.655944858104455,2.386242706129183,0.0,0.0,0.0,0.0,0.0,0.0,ZERO_INTENT,0.2628080520481847,0,32,0,0,32
56.6,-57.052934300832405,-7.655944858104455,2.386242706129183,0.0,0.0,0.0,0.0,0.0,0.0,ZERO_INTENT,0.2628080520481847,0,32,0,0,32
56.61666666666667,-57.052934300832405,-7.655944858104455,2.386242706129183,0.0,0.0,0.0,0.0,0.0,0.0,ZERO_INTENT,0.2628080520481847,0,32,0,0,32
56.63333333333333,-57.052934300832405,-7.655944858104455,2.386242706129183,0.0,0.0,0.0,0.0,0.0,0.0,ZERO_INTENT,0.2628080520481847,0,32,0,0,32
56.65,-57.052934300832405,-7.655944858104455,2.386242706129183,0.0,0.0,0.0,0.0,0.0,0.0,ZERO_INTENT,0.2628080520481847,0,32,0,0,32
56.666666666666664,-57.052934300832405,-7.655944858104455,2.386242706129183,0.0,0.0,0.0,0.0,0.0,0.0,ZERO_INTENT,0.2628080520481847,0,32,0,0,32
56.68333333333333,-57.052934300832405,-7.655944858104455,2.386242706129183,0.0,0.0,0.0,0.0,0.0,0.0,ZERO_INTENT,0.2628080520481847,0,32,0,0,32
56.7,-57.052934300832405,-7.655944858104455,2.386242706129183,0.0,0.0,0.0,0.0,0.0,0.0,ZERO_INTENT,0.2628080520481847,0,32,0,0,32
56.71666666666667,-57.052934300832405,-7.655944858104455,2.386242706129183,0.0,0.0,0.0,0.0,0.0,0.0,ZERO_INTENT,0.2628080520481847,0,32,0,0,32
56.733333333333334,-57.052934300832405,-7.655944858104455,2.386242706129183,0.0,0.0,0.0,0.0,0.0,0.0,ZERO_INTENT,0.2628080520481847,0,32,0,0,32
56.75,-57.052934300832405,-7.655944858104455,2.386242706129183,0.0,0.0,0.0,0.0,0.0,0.0,ZERO_INTENT,0.2628080520481847,0,32,0,0,32
56.766666666666666,-57.052934300832405,-7.655944858104455,2.386242706129183,0.0,0.0,0.0,0.0,0.0,0.0,ZERO_INTENT,0.2628080520481847,0,32,0,0,32
56.78333333333333,-57.052934300832405,-7.655944858104455,2.386242706129183,0.0,0.0,0.0,0.0,0.0,0.0,ZERO_INTENT,0.2628080520481847,0,32,0,0,32
56.8,-57.052934300832405,-7.655944858104455,2.386242706129183,0.0,0.0,0.0,0.0,0.0,0.0,ZERO_INTENT,0.2628080520481847,0,32,0,0,32
56.81666666666667,-57.052934300832405,-7.655944858104455,2.386242706129183,0.0,0.0,0.0,0.0,0.0,0.0,ZERO_INTENT,0.2628080520481847,0,32,0,0,32
56.833333333333336,-57.052934300832405,-7.655944858104455,2.386242706129183,0.0,0.0,0.0,0.0,0.0,0.0,ZERO_INTENT,0.2628080520481847,0,32,0,0,32
56.85,-57.052934300832405,-7.655944858104455,2.386242706129183,0.0,0.0,0.0,0.0,0.0,0.0,ZERO_INTENT,0.2628080520481847,0,32,0,0,32
56.86666666666667,-57.052934300832405,-7.655944858104455,2.386242706129183,0.0,0.0,0.0,0.0,0.0,0.0,ZERO_INTENT,0.2628080520481847,0,32,0,0,32
56.88333333333333,-57.052934300832405,-7.655944858104455,2.386242706129183,0.0,0.0,0.0,0.0,0.0,0.0,ZERO_INTENT,0.2628080520481847,0,32,0,0,32
56.9,-57.052934300832405,-7.655944858104455,2.386242706129183,0.0,0.0,0.0,0.0,0.0,0.0,ZERO_INTENT,0.2628080520481847,0,32,0,0,32
56.916666666666664,-57.052934300832405,-7.655944858104455,2.386242706129183,0.0,0.0,0.0,0.0,0.0,0.0,ZERO_INTENT,0.2628080520481847,0,32,0,0,32
56.93333333333333,-57.052934300832405,-7.655944858104455,2.386242706129183,0.0,0.0,0.0,0.0,0.0,0.0,ZERO_INTENT,0.2628080520481847,0,32,0,0,32
56.95,-57.052934300832405,-7.655944858104455,2.386242706129183,0.0,0.0,0.0,0.0,0.0,0.0,ZERO_INTENT,0.2628080520481847,0,32,0,0,32
56.96666666666667,-57.052934300832405,-7.655944858104455,2.386242706129183,0.0,0.0,0.0,0.0,0.0,0.0,ZERO_INTENT,0.2628080520481847,0,32,0,0,32
56.983333333333334,-57.052934300832405,-7.655944858104455,2.386242706129183,0.0,0.0,0.0,0.0,0.0,0.0,ZERO_INTENT,0.2628080520481847,0,32,0,0,32
57.0,-57.052934300832405,-7.655944858104455,2.386242706129183,0.0,0.0,0.0,0.0,0.0,0.0,ZERO_INTENT,0.2628080520481847,0,32,0,0,32
57.016666666666666,-57.052934300832405,-7.655944858104455,2.386242706129183,0.0,0.0,0.0,0.0,0.0,0.0,ZERO_INTENT,0.2628080520481847,0,32,0,0,32
57.03333333333333,-57.052934300832405,-7.655944858104455,2.386242706129183,0.0,0.0,0.0,0.0,0.0,0.0,ZERO_INTENT,0.2628080520481847,0,32,0,0,32
57.05,-57.052934300832405,-7.655944858104455,2.386242706129183,0.0,0.0,0.0,0.0,0.0,0.0,ZERO_INTENT,0.2628080520481847,0,32,0,0,32
57.06666666666667,-57.052934300832405,-7.655944858104455,2.386242706129183,0.0,0.0,0.0,0.0,0.0,0.0,ZERO_INTENT,0.2628080520481847,0,32,0,0,32
57.083333333333336,-57.052934300832405,-7.655944858104455,2.386242706129183,0.0,0.0,0.0,0.0,0.0,0.0,ZERO_INTENT,0.2628080520481847,0,32,0,0,32
57.1,-57.052934300832405,-7.655944858104455,2.386242706129183,0.0,0.0,0.0,0.0,0.0,0.0,ZERO_INTENT,0.2628080520481847,0,32,0,0,32
57.11666666666667,-57.052934300832405,-7.655944858104455,2.386242706129183,0.0,0.0,0.0,0.0,0.0,0.0,ZERO_INTENT,0.2628080520481847,0,32,0,0,32
57.13333333333333,-57.052934300832405,-7.655944858104455,2.386242706129183,0.0,0.0,0.0,0.0,0.0,0.0,ZERO_INTENT,0.2628080520481847,0,32,0,0,32
57.15,-57.052934300832405,-7.655944858104455,2.386242706129183,0.0,0.0,0.0,0.0,0.0,0.0,ZERO_INTENT,0.2628080520481847,0,32,0,0,32
57.166666666666664,-57.052934300832405,-7.655944858104455,2.386242706129183,0.0,0.0,0.0,0.0,0.0,0.0,ZERO_INTENT,0.2628080520481847,0,32,0,0,32
57.18333333333333,-57.052934300832405,-7.655944858104455,2.386242706129183,0.0,0.0,0.0,0.0,0.0,0.0,ZERO_INTENT,0.2628080520481847,0,32,0,0,32
57.2,-57.052934300832405,-7.655944858104455,2.386242706129183,0.0,0.0,0.0,0.0,0.0,0.0,ZERO_INTENT,0.2628080520481847,0,32,0,0,32
57.21666666666667,-57.052934300832405,-7.655944858104455,2.386242706129183,0.0,0.0,0.0,0.0,0.0,0.0,ZERO_INTENT,0.2628080520481847,0,32,0,0,32
57.233333333333334,-57.052934300832405,-7.655944858104455,2.386242706129183,0.0,0.0,0.0,0.0,0.0,0.0,ZERO_INTENT,0.2628080520481847,0,32,0,0,32
57.25,-57.052934300832405,-7.655944858104455,2.386242706129183,0.0,0.0,0.0,0.0,0.0,0.0,ZERO_INTENT,0.2628080520481847,0,32,0,0,32
57.266666666666666,-57.052934300832405,-7.655944858104455,2.386242706129183,0.0,0.0,0.0,0.0,0.0,0.0,ZERO_INTENT,0.2628080520481847,0,32,0,0,32
57.28333333333333,-57.052934300832405,-7.655944858104455,2.386242706129183,0.0,0.0,0.0,0.0,0.0,0.0,ZERO_INTENT,0.2628080520481847,0,32,0,0,32
57.3,-57.052934300832405,-7.655944858104455,2.386242706129183,0.0,0.0,0.0,0.0,0.0,0.0,ZERO_INTENT,0.2628080520481847,0,32,0,0,32
57.31666666666667,-57.052934300832405,-7.655944858104455,2.386242706129183,0.0,0.0,0.0,0.0,0.0,0.0,ZERO_INTENT,0.2628080520481847,0,32,0,0,32
57.333333333333336,-57.052934300832405,-7.655944858104455,2.386242706129183,0.0,0.0,0.0,0.0,0.0,0.0,ZERO_INTENT,0.2628080520481847,0,32,0,0,32
57.35,-57.052934300832405,-7.655944858104455,2.386242706129183,0.0,0.0,0.0,0.0,0.0,0.0,ZERO_INTENT,0.2628080520481847,0,32,0,0,32
57.36666666666667,-57.052934300832405,-7.655944858104455,2.386242706129183,0.0,0.0,0.0,0.0,0.0,0.0,ZERO_INTENT,0.2628080520481847,0,32,0,0,32
57.38333333333333,-57.052934300832405,-7.655944858104455,2.386242706129183,0.0,0.0,0.0,0.0,0.0,0.0,ZERO_INTENT,0.2628080520481847,0,32,0,0,32
57.4,-57.052934300832405,-7.655944858104455,2.386242706129183,0.0,0.0,0.0,0.0,0.0,0.0,ZERO_INTENT,0.2628080520481847,0,32,0,0,32
57.416666666666664,-57.052934300832405,-7.655944858104455,2.386242706129183,0.0,0.0,0.0,0.0,0.0,0.0,ZERO_INTENT,0.2628080520481847,0,32,0,0,32
57.43333333333333,-57.052934300832405,-7.655944858104455,2.386242706129183,0.0,0.0,0.0,0.0,0.0,0.0,ZERO_INTENT,0.2628080520481847,0,32,0,0,32
57.45,-57.052934300832405,-7.655944858104455,2.386242706129183,0.0,0.0,0.0,0.0,0.0,0.0,ZERO_INTENT,0.2628080520481847,0,32,0,0,32
57.46666666666667,-57.052934300832405,-7.655944858104455,2.386242706129183,0.0,0.0,0.0,0.0,0.0,0.0,ZERO_INTENT,0.2628080520481847,0,32,0,0,32
57.483333333333334,-57.052934300832405,-7.655944858104455,2.386242706129183,0.0,0.0,0.0,0.0,0.0,0.0,ZERO_INTENT,0.2628080520481847,0,32,0,0,32
57.5,-57.052934300832405,-7.655944858104455,2.386242706129183,0.0,0.0,0.0,0.0,0.0,0.0,ZERO_INTENT,0.2628080520481847,0,32,0,0,32
57.516666666666666,-57.052934300832405,-7.655944858104455,2.386242706129183,0.0,0.0,0.0,0.0,0.0,0.0,ZERO_INTENT,0.2628080520481847,0,32,0,0,32
57.53333333333333,-57.052934300832405,-7.655944858104455,2.386242706129183,0.0,0.0,0.0,0.0,0.0,0.0,ZERO_INTENT,0.2628080520481847,0,32,0,0,32
57.55,-57.052934300832405,-7.655944858104455,2.386242706129183,0.0,0.0,0.0,0.0,0.0,0.0,ZERO_INTENT,0.2628080520481847,0,32,0,0,32
57.56666666666667,-57.052934300832405,-7.655944858104455,2.386242706129183,0.0,0.0,0.0,0.0,0.0,0.0,ZERO_INTENT,0.2628080520481847,0,32,0,0,32
57.583333333333336,-57.052934300832405,-7.655944858104455,2.386242706129183,0.0,0.0,0.0,0.0,0.0,0.0,ZERO_INTENT,0.2628080520481847,0,32,0,0,32
57.6,-57.052934300832405,-7.655944858104455,2.386242706129183,0.0,0.0,0.0,0.0,0.0,0.0,ZERO_INTENT,0.2628080520481847,0,32,0,0,32
57.61666666666667,-57.052934300832405,-7.655944858104455,2.386242706129183,0.0,0.0,0.0,0.0,0.0,0.0,ZERO_INTENT,0.2628080520481847,0,32,0,0,32
57.63333333333333,-57.052934300832405,-7.655944858104455,2.386242706129183,0.0,0.0,0.0,0.0,0.0,0.0,ZERO_INTENT,0.2628080520481847,0,32,0,0,32
57.65,-57.052934300832405,-7.655944858104455,2.386242706129183,0.0,0.0,0.0,0.0,0.0,0.0,ZERO_INTENT,0.2628080520481847,0,32,0,0,32
57.666666666666664,-57.052934300832405,-7.655944858104455,2.386242706129183,0.0,0.0,0.0,0.0,0.0,0.0,ZERO_INTENT,0.2628080520481847,0,32,0,0,32
57.68333333333333,-57.052934300832405,-7.655944858104455,2.386242706129183,0.0,0.0,0.0,0.0,0.0,0.0,ZERO_INTENT,0.2628080520481847,0,32,0,0,32
57.7,-57.052934300832405,-7.655944858104455,2.386242706129183,0.0,0.0,0.0,0.0,0.0,0.0,ZERO_INTENT,0.2628080520481847,0,32,0,0,32
57.71666666666667,-57.052934300832405,-7.655944858104455,2.386242706129183,0.0,0.0,0.0,0.0,0.0,0.0,ZERO_INTENT,0.2628080520481847,0,32,0,0,32
57.733333333333334,-57.052934300832405,-7.655944858104455,2.386242706129183,0.0,0.0,0.0,0.0,0.0,0.0,ZERO_INTENT,0.2628080520481847,0,32,0,0,32
57.75,-57.052934300832405,-7.655944858104455,2.386242706129183,0.0,0.0,0.0,0.0,0.0,0.0,ZERO_INTENT,0.2628080520481847,0,32,0,0,32
57.766666666666666,-57.052934300832405,-7.655944858104455,2.386242706129183,0.0,0.0,0.0,0.0,0.0,0.0,ZERO_INTENT,0.2628080520481847,0,32,0,0,32
57.78333333333333,-57.052934300832405,-7.655944858104455,2.386242706129183,0.0,0.0,0.0,0.0,0.0,0.0,ZERO_INTENT,0.2628080520481847,0,32,0,0,32
57.8,-57.052934300832405,-7.655944858104455,2.386242706129183,0.0,0.0,0.0,0.0,0.0,0.0,ZERO_INTENT,0.2628080520481847,0,32,0,0,32
57.81666666666667,-57.052934300832405,-7.655944858104455,2.386242706129183,0.0,0.0,0.0,0.0,0.0,0.0,ZERO_INTENT,0.2628080520481847,0,32,0,0,32
57.833333333333336,-57.052934300832405,-7.655944858104455,2.386242706129183,0.0,0.0,0.0,0.0,0.0,0.0,ZERO_INTENT,0.2628080520481847,0,32,0,0,32
57.85,-57.052934300832405,-7.655944858104455,2.386242706129183,0.0,0.0,0.0,0.0,0.0,0.0,ZERO_INTENT,0.2628080520481847,0,32,0,0,32
57.86666666666667,-57.052934300832405,-7.655944858104455,2.386242706129183,0.0,0.0,0.0,0.0,0.0,0.0,ZERO_INTENT,0.2628080520481847,0,32,0,0,32
57.88333333333333,-57.052934300832405,-7.655944858104455,2.386242706129183,0.0,0.0,0.0,0.0,0.0,0.0,ZERO_INTENT,0.2628080520481847,0,32,0,0,32
57.9,-57.052934300832405,-7.655944858104455,2.386242706129183,0.0,0.0,0.0,0.0,0.0,0.0,ZERO_INTENT,0.2628080520481847,0,32,0,0,32
57.916666666666664,-57.052934300832405,-7.655944858104455,2.386242706129183,0.0,0.0,0.0,0.0,0.0,0.0,ZERO_INTENT,0.2628080520481847,0,32,0,0,32
57.93333333333333,-57.052934300832405,-7.655944858104455,2.386242706129183,0.0,0.0,0.0,0.0,0.0,0.0,ZERO_INTENT,0.2628080520481847,0,32,0,0,32
57.95,-57.052934300832405,-7.655944858104455,2.386242706129183,0.0,0.0,0.0,0.0,0.0,0.0,ZERO_INTENT,0.2628080520481847,0,32,0,0,32
57.96666666666667,-57.052934300832405,-7.655944858104455,2.386242706129183,0.0,0.0,0.0,0.0,0.0,0.0,ZERO_INTENT,0.2628080520481847,0,32,0,0,32
57.983333333333334,-57.052934300832405,-7.655944858104455,2.386242706129183,0.0,0.0,0.0,0.0,0.0,0.0,ZERO_INTENT,0.2628080520481847,0,32,0,0,32
58.0,-57.052934300832405,-7.655944858104455,2.386242706129183,0.0,0.0,0.0,0.0,0.0,0.0,ZERO_INTENT,0.2628080520481847,0,32,0,0,32
58.016666666666666,-57.052934300832405,-7.655944858104455,2.386242706129183,0.0,0.0,0.0,0.0,0.0,0.0,ZERO_INTENT,0.2628080520481847,0,32,0,0,32
58.03333333333333,-57.052934300832405,-7.655944858104455,2.386242706129183,0.0,0.0,0.0,0.0,0.0,0.0,ZERO_INTENT,0.2628080520481847,0,32,0,0,32
58.05,-57.052934300832405,-7.655944858104455,2.386242706129183,0.0,0.0,0.0,0.0,0.0,0.0,ZERO_INTENT,0.2628080520481847,0,32,0,0,32
58.06666666666667,-57.052934300832405,-7.655944858104455,2.386242706129183,0.0,0.0,0.0,0.0,0.0,0.0,ZERO_INTENT,0.2628080520481847,0,32,0,0,32
58.083333333333336,-57.052934300832405,-7.655944858104455,2.386242706129183,0.0,0.0,0.0,0.0,0.0,0.0,ZERO_INTENT,0.2628080520481847,0,32,0,0,32
58.1,-57.052934300832405,-7.655944858104455,2.386242706129183,0.0,0.0,0.0,0.0,0.0,0.0,ZERO_INTENT,0.2628080520481847,0,32,0,0,32
58.11666666666667,-57.052934300832405,-7.655944858104455,2.386242706129183,0.0,0.0,0.0,0.0,0.0,0.0,ZERO_INTENT,0.2628080520481847,0,32,0,0,32
58.13333333333333,-57.052934300832405,-7.655944858104455,2.386242706129183,0.0,0.0,0.0,0.0,0.0,0.0,ZERO_INTENT,0.2628080520481847,0,32,0,0,32
58.15,-57.052934300832405,-7.655944858104455,2.386242706129183,0.0,0.0,0.0,0.0,0.0,0.0,ZERO_INTENT,0.2628080520481847,0,32,0,0,32
58.166666666666664,-57.052934300832405,-7.655944858104455,2.386242706129183,0.0,0.0,0.0,0.0,0.0,0.0,ZERO_INTENT,0.2628080520481847,0,32,0,0,32
58.18333333333333,-57.052934300832405,-7.655944858104455,2.386242706129183,0.0,0.0,0.0,0.0,0.0,0.0,ZERO_INTENT,0.2628080520481847,0,32,0,0,32
58.2,-57.052934300832405,-7.655944858104455,2.386242706129183,0.0,0.0,0.0,0.0,0.0,0.0,ZERO_INTENT,0.2628080520481847,0,32,0,0,32
58.21666666666667,-57.052934300832405,-7.655944858104455,2.386242706129183,0.0,0.0,0.0,0.0,0.0,0.0,ZERO_INTENT,0.2628080520481847,0,32,0,0,32
58.233333333333334,-57.052934300832405,-7.655944858104455,2.386242706129183,0.0,0.0,0.0,0.0,0.0,0.0,ZERO_INTENT,0.2628080520481847,0,32,0,0,32
58.25,-57.052934300832405,-7.655944858104455,2.386242706129183,0.0,0.0,0.0,0.0,0.0,0.0,ZERO_INTENT,0.2628080520481847,0,32,0,0,32
58.266666666666666,-57.052934300832405,-7.655944858104455,2.386242706129183,0.0,0.0,0.0,0.0,0.0,0.0,ZERO_INTENT,0.2628080520481847,0,32,0,0,32
58.28333333333333,-57.052934300832405,-7.655944858104455,2.386242706129183,0.0,0.0,0.0,0.0,0.0,0.0,ZERO_INTENT,0.2628080520481847,0,32,0,0,32
58.3,-57.052934300832405,-7.655944858104455,2.386242706129183,0.0,0.0,0.0,0.0,0.0,0.0,ZERO_INTENT,0.2628080520481847,0,32,0,0,32
58.31666666666667,-57.052934300832405,-7.655944858104455,2.386242706129183,0.0,0.0,0.0,0.0,0.0,0.0,ZERO_INTENT,0.2628080520481847,0,32,0,0,32
58.333333333333336,-57.052934300832405,-7.655944858104455,2.386242706129183,0.0,0.0,0.0,0.0,0.0,0.0,ZERO_INTENT,0.2628080520481847,0,32,0,0,32
58.35,-57.052934300832405,-7.655944858104455,2.386242706129183,0.0,0.0,0.0,0.0,0.0,0.0,ZERO_INTENT,0.2628080520481847,0,32,0,0,32
58.36666666666667,-57.052934300832405,-7.655944858104455,2.386242706129183,0.0,0.0,0.0,0.0,0.0,0.0,ZERO_INTENT,0.2628080520481847,0,32,0,0,32
58.38333333333333,-57.052934300832405,-7.655944858104455,2.386242706129183,0.0,0.0,0.0,0.0,0.0,0.0,ZERO_INTENT,0.2628080520481847,0,32,0,0,32
58.4,-57.052934300832405,-7.655944858104455,2.386242706129183,0.0,0.0,0.0,0.0,0.0,0.0,ZERO_INTENT,0.2628080520481847,0,32,0,0,32
58.416666666666664,-57.052934300832405,-7.655944858104455,2.386242706129183,0.0,0.0,0.0,0.0,0.0,0.0,ZERO_INTENT,0.2628080520481847,0,32,0,0,32
58.43333333333333,-57.052934300832405,-7.655944858104455,2.386242706129183,0.0,0.0,0.0,0.0,0.0,0.0,ZERO_INTENT,0.2628080520481847,0,32,0,0,32
58.45,-57.052934300832405,-7.655944858104455,2.386242706129183,0.0,0.0,0.0,0.0,0.0,0.0,ZERO_INTENT,0.2628080520481847,0,32,0,0,32
58.46666666666667,-57.052934300832405,-7.655944858104455,2.386242706129183,0.0,0.0,0.0,0.0,0.0,0.0,ZERO_INTENT,0.2628080520481847,0,32,0,0,32
58.483333333333334,-57.052934300832405,-7.655944858104455,2.386242706129183,0.0,0.0,0.0,0.0,0.0,0.0,ZERO_INTENT,0.2628080520481847,0,32,0,0,32
58.5,-57.052934300832405,-7.655944858104455,2.386242706129183,0.0,0.0,0.0,0.0,0.0,0.0,ZERO_INTENT,0.2628080520481847,0,32,0,0,32
58.516666666666666,-57.052934300832405,-7.655944858104455,2.386242706129183,0.0,0.0,0.0,0.0,0.0,0.0,ZERO_INTENT,0.2628080520481847,0,32,0,0,32
58.53333333333333,-57.052934300832405,-7.655944858104455,2.386242706129183,0.0,0.0,0.0,0.0,0.0,0.0,ZERO_INTENT,0.2628080520481847,0,32,0,0,32
58.55,-57.052934300832405,-7.655944858104455,2.386242706129183,0.0,0.0,0.0,0.0,0.0,0.0,ZERO_INTENT,0.2628080520481847,0,32,0,0,32
58.56666666666667,-57.052934300832405,-7.655944858104455,2.386242706129183,0.0,0.0,0.0,0.0,0.0,0.0,ZERO_INTENT,0.2628080520481847,0,32,0,0,32
58.583333333333336,-57.052934300832405,-7.655944858104455,2.386242706129183,0.0,0.0,0.0,0.0,0.0,0.0,ZERO_INTENT,0.2628080520481847,0,32,0,0,32
58.6,-57.052934300832405,-7.655944858104455,2.386242706129183,0.0,0.0,0.0,0.0,0.0,0.0,ZERO_INTENT,0.2628080520481847,0,32,0,0,32
58.61666666666667,-57.052934300832405,-7.655944858104455,2.386242706129183,0.0,0.0,0.0,0.0,0.0,0.0,ZERO_INTENT,0.2628080520481847,0,32,0,0,32
58.63333333333333,-57.052934300832405,-7.655944858104455,2.386242706129183,0.0,0.0,0.0,0.0,0.0,0.0,ZERO_INTENT,0.2628080520481847,0,32,0,0,32
58.65,-57.052934300832405,-7.655944858104455,2.386242706129183,0.0,0.0,0.0,0.0,0.0,0.0,ZERO_INTENT,0.2628080520481847,0,32,0,0,32
58.666666666666664,-57.052934300832405,-7.655944858104455,2.386242706129183,0.0,0.0,0.0,0.0,0.0,0.0,ZERO_INTENT,0.2628080520481847,0,32,0,0,32
58.68333333333333,-57.052934300832405,-7.655944858104455,2.386242706129183,0.0,0.0,0.0,0.0,0.0,0.0,ZERO_INTENT,0.2628080520481847,0,32,0,0,32
58.7,-57.052934300832405,-7.655944858104455,2.386242706129183,0.0,0.0,0.0,0.0,0.0,0.0,ZERO_INTENT,0.2628080520481847,0,32,0,0,32
58.71666666666667,-57.052934300832405,-7.655944858104455,2.386242706129183,0.0,0.0,0.0,0.0,0.0,0.0,ZERO_INTENT,0.2628080520481847,0,32,0,0,32
58.733333333333334,-57.052934300832405,-7.655944858104455,2.386242706129183,0.0,0.0,0.0,0.0,0.0,0.0,ZERO_INTENT,0.2628080520481847,0,32,0,0,32
58.75,-57.052934300832405,-7.655944858104455,2.386242706129183,0.0,0.0,0.0,0.0,0.0,0.0,ZERO_INTENT,0.2628080520481847,0,32,0,0,32
58.766666666666666,-57.052934300832405,-7.655944858104455,2.386242706129183,0.0,0.0,0.0,0.0,0.0,0.0,ZERO_INTENT,0.2628080520481847,0,32,0,0,32
58.78333333333333,-57.052934300832405,-7.655944858104455,2.386242706129183,0.0,0.0,0.0,0.0,0.0,0.0,ZERO_INTENT,0.2628080520481847,0,32,0,0,32
58.8,-57.052934300832405,-7.655944858104455,2.386242706129183,0.0,0.0,0.0,0.0,0.0,0.0,ZERO_INTENT,0.2628080520481847,0,32,0,0,32
58.81666666666667,-57.052934300832405,-7.655944858104455,2.386242706129183,0.0,0.0,0.0,0.0,0.0,0.0,ZERO_INTENT,0.2628080520481847,0,32,0,0,32
58.833333333333336,-57.052934300832405,-7.655944858104455,2.386242706129183,0.0,0.0,0.0,0.0,0.0,0.0,ZERO_INTENT,0.2628080520481847,0,32,0,0,32
58.85,-57.052934300832405,-7.655944858104455,2.386242706129183,0.0,0.0,0.0,0.0,0.0,0.0,ZERO_INTENT,0.2628080520481847,0,32,0,0,32
58.86666666666667,-57.052934300832405,-7.655944858104455,2.386242706129183,0.0,0.0,0.0,0.0,0.0,0.0,ZERO_INTENT,0.2628080520481847,0,32,0,0,32
58.88333333333333,-57.052934300832405,-7.655944858104455,2.386242706129183,0.0,0.0,0.0,0.0,0.0,0.0,ZERO_INTENT,0.2628080520481847,0,32,0,0,32
58.9,-57.052934300832405,-7.655944858104455,2.386242706129183,0.0,0.0,0.0,0.0,0.0,0.0,ZERO_INTENT,0.2628080520481847,0,32,0,0,32
58.916666666666664,-57.052934300832405,-7.655944858104455,2.386242706129183,0.0,0.0,0.0,0.0,0.0,0.0,ZERO_INTENT,0.2628080520481847,0,32,0,0,32
58.93333333333333,-57.052934300832405,-7.655944858104455,2.386242706129183,0.0,0.0,0.0,0.0,0.0,0.0,ZERO_INTENT,0.2628080520481847,0,32,0,0,32
58.95,-57.052934300832405,-7.655944858104455,2.386242706129183,0.0,0.0,0.0,0.0,0.0,0.0,ZERO_INTENT,0.2628080520481847,0,32,0,0,32
58.96666666666667,-57.052934300832405,-7.655944858104455,2.386242706129183,0.0,0.0,0.0,0.0,0.0,0.0,ZERO_INTENT,0.2628080520481847,0,32,0,0,32
58.983333333333334,-57.052934300832405,-7.655944858104455,2.386242706129183,0.0,0.0,0.0,0.0,0.0,0.0,ZERO_INTENT,0.2628080520481847,0,32,0,0,32
59.0,-57.052934300832405,-7.655944858104455,2.386242706129183,0.0,0.0,0.0,0.0,0.0,0.0,ZERO_INTENT,0.2628080520481847,0,32,0,0,32
59.016666666666666,-57.052934300832405,-7.655944858104455,2.386242706129183,0.0,0.0,0.0,0.0,0.0,0.0,ZERO_INTENT,0.2628080520481847,0,32,0,0,32
59.03333333333333,-57.052934300832405,-7.655944858104455,2.386242706129183,0.0,0.0,0.0,0.0,0.0,0.0,ZERO_INTENT,0.2628080520481847,0,32,0,0,32
59.05,-57.052934300832405,-7.655944858104455,2.386242706129183,0.0,0.0,0.0,0.0,0.0,0.0,ZERO_INTENT,0.2628080520481847,0,32,0,0,32
59.06666666666667,-57.052934300832405,-7.655944858104455,2.386242706129183,0.0,0.0,0.0,0.0,0.0,0.0,ZERO_INTENT,0.2628080520481847,0,32,0,0,32
59.083333333333336,-57.052934300832405,-7.655944858104455,2.386242706129183,0.0,0.0,0.0,0.0,0.0,0.0,ZERO_INTENT,0.2628080520481847,0,32,0,0,32
59.1,-57.052934300832405,-7.655944858104455,2.386242706129183,0.0,0.0,0.0,0.0,0.0,0.0,ZERO_INTENT,0.2628080520481847,0,32,0,0,32
59.11666666666667,-57.052934300832405,-7.655944858104455,2.386242706129183,0.0,0.0,0.0,0.0,0.0,0.0,ZERO_INTENT,0.2628080520481847,0,32,0,0,32
59.13333333333333,-57.052934300832405,-7.655944858104455,2.386242706129183,0.0,0.0,0.0,0.0,0.0,0.0,ZERO_INTENT,0.2628080520481847,0,32,0,0,32
59.15,-57.052934300832405,-7.655944858104455,2.386242706129183,0.0,0.0,0.0,0.0,0.0,0.0,ZERO_INTENT,0.2628080520481847,0,32,0,0,32
59.166666666666664,-57.052934300832405,-7.655944858104455,2.386242706129183,0.0,0.0,0.0,0.0,0.0,0.0,ZERO_INTENT,0.2628080520481847,0,32,0,0,32
59.18333333333333,-57.052934300832405,-7.655944858104455,2.386242706129183,0.0,0.0,0.0,0.0,0.0,0.0,ZERO_INTENT,0.2628080520481847,0,32,0,0,32
59.2,-57.052934300832405,-7.655944858104455,2.386242706129183,0.0,0.0,0.0,0.0,0.0,0.0,ZERO_INTENT,0.2628080520481847,0,32,0,0,32
59.21666666666667,-57.052934300832405,-7.655944858104455,2.386242706129183,0.0,0.0,0.0,0.0,0.0,0.0,ZERO_INTENT,0.2628080520481847,0,32,0,0,32
59.233333333333334,-57.052934300832405,-7.655944858104455,2.386242706129183,0.0,0.0,0.0,0.0,0.0,0.0,ZERO_INTENT,0.2628080520481847,0,32,0,0,32
59.25,-57.052934300832405,-7.655944858104455,2.386242706129183,0.0,0.0,0.0,0.0,0.0,0.0,ZERO_INTENT,0.2628080520481847,0,32,0,0,32
59.266666666666666,-57.052934300832405,-7.655944858104455,2.386242706129183,0.0,0.0,0.0,0.0,0.0,0.0,ZERO_INTENT,0.2628080520481847,0,32,0,0,32
59.28333333333333,-57.052934300832405,-7.655944858104455,2.386242706129183,0.0,0.0,0.0,0.0,0.0,0.0,ZERO_INTENT,0.2628080520481847,0,32,0,0,32
59.3,-57.052934300832405,-7.655944858104455,2.386242706129183,0.0,0.0,0.0,0.0,0.0,0.0,ZERO_INTENT,0.2628080520481847,0,32,0,0,32
59.31666666666667,-57.052934300832405,-7.655944858104455,2.386242706129183,0.0,0.0,0.0,0.0,0.0,0.0,ZERO_INTENT,0.2628080520481847,0,32,0,0,32
59.333333333333336,-57.052934300832405,-7.655944858104455,2.386242706129183,0.0,0.0,0.0,0.0,0.0,0.0,ZERO_INTENT,0.2628080520481847,0,32,0,0,32
59.35,-57.052934300832405,-7.655944858104455,2.386242706129183,0.0,0.0,0.0,0.0,0.0,0.0,ZERO_INTENT,0.2628080520481847,0,32,0,0,32
59.36666666666667,-57.052934300832405,-7.655944858104455,2.386242706129183,0.0,0.0,0.0,0.0,0.0,0.0,ZERO_INTENT,0.2628080520481847,0,32,0,0,32
59.38333333333333,-57.052934300832405,-7.655944858104455,2.386242706129183,0.0,0.0,0.0,0.0,0.0,0.0,ZERO_INTENT,0.2628080520481847,0,32,0,0,32
59.4,-57.052934300832405,-7.655944858104455,2.386242706129183,0.0,0.0,0.0,0.0,0.0,0.0,ZERO_INTENT,0.2628080520481847,0,32,0,0,32
59.416666666666664,-57.052934300832405,-7.655944858104455,2.386242706129183,0.0,0.0,0.0,0.0,0.0,0.0,ZERO_INTENT,0.2628080520481847,0,32,0,0,32
59.43333333333333,-57.052934300832405,-7.655944858104455,2.386242706129183,0.0,0.0,0.0,0.0,0.0,0.0,ZERO_INTENT,0.2628080520481847,0,32,0,0,32
59.45,-57.052934300832405,-7.655944858104455,2.386242706129183,0.0,0.0,0.0,0.0,0.0,0.0,ZERO_INTENT,0.2628080520481847,0,32,0,0,32
59.46666666666667,-57.052934300832405,-7.655944858104455,2.386242706129183,0.0,0.0,0.0,0.0,0.0,0.0,ZERO_INTENT,0.2628080520481847,0,32,0,0,32
59.483333333333334,-57.052934300832405,-7.655944858104455,2.386242706129183,0.0,0.0,0.0,0.0,0.0,0.0,ZERO_INTENT,0.2628080520481847,0,32,0,0,32
59.5,-57.052934300832405,-7.655944858104455,2.386242706129183,0.0,0.0,0.0,0.0,0.0,0.0,ZERO_INTENT,0.2628080520481847,0,32,0,0,32
59.516666666666666,-57.052934300832405,-7.655944858104455,2.386242706129183,0.0,0.0,0.0,0.0,0.0,0.0,ZERO_INTENT,0.2628080520481847,0,32,0,0,32
59.53333333333333,-57.052934300832405,-7.655944858104455,2.386242706129183,0.0,0.0,0.0,0.0,0.0,0.0,ZERO_INTENT,0.2628080520481847,0,32,0,0,32
59.55,-57.052934300832405,-7.655944858104455,2.386242706129183,0.0,0.0,0.0,0.0,0.0,0.0,ZERO_INTENT,0.2628080520481847,0,32,0,0,32
59.56666666666667,-57.052934300832405,-7.655944858104455,2.386242706129183,0.0,0.0,0.0,0.0,0.0,0.0,ZERO_INTENT,0.2628080520481847,0,32,0,0,32
59.583333333333336,-57.052934300832405,-7.655944858104455,2.386242706129183,0.0,0.0,0.0,0.0,0.0,0.0,ZERO_INTENT,0.2628080520481847,0,32,0,0,32
59.6,-57.052934300832405,-7.655944858104455,2.386242706129183,0.0,0.0,0.0,0.0,0.0,0.0,ZERO_INTENT,0.2628080520481847,0,32,0,0,32
59.61666666666667,-57.052934300832405,-7.655944858104455,2.386242706129183,0.0,0.0,0.0,0.0,0.0,0.0,ZERO_INTENT,0.2628080520481847,0,32,0,0,32
59.63333333333333,-57.052934300832405,-7.655944858104455,2.386242706129183,0.0,0.0,0.0,0.0,0.0,0.0,ZERO_INTENT,0.2628080520481847,0,32,0,0,32
59.65,-57.052934300832405,-7.655944858104455,2.386242706129183,0.0,0.0,0.0,0.0,0.0,0.0,ZERO_INTENT,0.2628080520481847,0,32,0,0,32
59.666666666666664,-57.052934300832405,-7.655944858104455,2.386242706129183,0.0,0.0,0.0,0.0,0.0,0.0,ZERO_INTENT,0.2628080520481847,0,32,0,0,32
59.68333333333333,-57.052934300832405,-7.655944858104455,2.386242706129183,0.0,0.0,0.0,0.0,0.0,0.0,ZERO_INTENT,0.2628080520481847,0,32,0,0,32
59.7,-57.052934300832405,-7.655944858104455,2.386242706129183,0.0,0.0,0.0,0.0,0.0,0.0,ZERO_INTENT,0.2628080520481847,0,32,0,0,32
59.71666666666667,-57.052934300832405,-7.655944858104455,2.386242706129183,0.0,0.0,0.0,0.0,0.0,0.0,ZERO_INTENT,0.2628080520481847,0,32,0,0,32
59.733333333333334,-57.052934300832405,-7.655944858104455,2.386242706129183,0.0,0.0,0.0,0.0,0.0,0.0,ZERO_INTENT,0.2628080520481847,0,32,0,0,32
59.75,-57.052934300832405,-7.655944858104455,2.386242706129183,0.0,0.0,0.0,0.0,0.0,0.0,ZERO_INTENT,0.2628080520481847,0,32,0,0,32
59.766666666666666,-57.052934300832405,-7.655944858104455,2.386242706129183,0.0,0.0,0.0,0.0,0.0,0.0,ZERO_INTENT,0.2628080520481847,0,32,0,0,32
59.78333333333333,-57.052934300832405,-7.655944858104455,2.386242706129183,0.0,0.0,0.0,0.0,0.0,0.0,ZERO_INTENT,0.2628080520481847,0,32,0,0,32
59.8,-57.052934300832405,-7.655944858104455,2.386242706129183,0.0,0.0,0.0,0.0,0.0,0.0,ZERO_INTENT,0.2628080520481847,0,32,0,0,32
59.81666666666667,-57.052934300832405,-7.655944858104455,2.386242706129183,0.0,0.0,0.0,0.0,0.0,0.0,ZERO_INTENT,0.2628080520481847,0,32,0,0,32
59.833333333333336,-57.052934300832405,-7.655944858104455,2.386242706129183,0.0,0.0,0.0,0.0,0.0,0.0,ZERO_INTENT,0.2628080520481847,0,32,0,0,32
59.85,-57.052934300832405,-7.655944858104455,2.386242706129183,0.0,0.0,0.0,0.0,0.0,0.0,ZERO_INTENT,0.2628080520481847,0,32,0,0,32
59.86666666666667,-57.052934300832405,-7.655944858104455,2.386242706129183,0.0,0.0,0.0,0.0,0.0,0.0,ZERO_INTENT,0.2628080520481847,0,32,0,0,32
59.88333333333333,-57.052934300832405,-7.655944858104455,2.386242706129183,0.0,0.0,0.0,0.0,0.0,0.0,ZERO_INTENT,0.2628080520481847,0,32,0,0,32
59.9,-57.052934300832405,-7.655944858104455,2.386242706129183,0.0,0.0,0.0,0.0,0.0,0.0,ZERO_INTENT,0.2628080520481847,0,32,0,0,32
59.916666666666664,-57.052934300832405,-7.655944858104455,2.386242706129183,0.0,0.0,0.0,0.0,0.0,0.0,ZERO_INTENT,0.2628080520481847,0,32,0,0,32
59.93333333333333,-57.052934300832405,-7.655944858104455,2.386242706129183,0.0,0.0,0.0,0.0,0.0,0.0,ZERO_INTENT,0.2628080520481847,0,32,0,0,32
59.95,-57.052934300832405,-7.655944858104455,2.386242706129183,0.0,0.0,0.0,0.0,0.0,0.0,ZERO_INTENT,0.2628080520481847,0,32,0,0,32
59.96666666666667,-57.052934300832405,-7.655944858104455,2.386242706129183,0.0,0.0,0.0,0.0,0.0,0.0,ZERO_INTENT,0.2628080520481847,0,32,0,0,32
59.983333333333334,-57.052934300832405,-7.655944858104455,2.386242706129183,0.0,0.0,0.0,0.0,0.0,0.0,ZERO_INTENT,0.2628080520481847,0,32,0,0,32
60.0,-57.052934300832405,-7.655944858104455,2.386242706129183,0.0,0.0,0.0,0.0,0.0,0.0,ZERO_INTENT,0.2628080520481847,0,32,0,0,32
60.016666666666666,-57.052934300832405,-7.655944858104455,2.386242706129183,0.0,0.0,0.0,0.0,0.0,0.0,ZERO_INTENT,0.2628080520481847,0,32,0,0,32
60.03333333333333,-57.052934300832405,-7.655944858104455,2.386242706129183,0.0,0.0,0.0,0.0,0.0,0.0,ZERO_INTENT,0.2628080520481847,0,32,0,0,32
60.05,-57.052934300832405,-7.655944858104455,2.386242706129183,0.0,0.0,0.0,0.0,0.0,0.0,ZERO_INTENT,0.2628080520481847,0,32,0,0,32
60.06666666666667,-57.052934300832405,-7.655944858104455,2.386242706129183,0.0,0.0,0.0,0.0,0.0,0.0,ZERO_INTENT,0.2628080520481847,0,32,0,0,32
60.083333333333336,-57.052934300832405,-7.655944858104455,2.386242706129183,0.0,0.0,0.0,0.0,0.0,0.0,ZERO_INTENT,0.2628080520481847,0,32,0,0,32
60.1,-57.052934300832405,-7.655944858104455,2.386242706129183,0.0,0.0,0.0,0.0,0.0,0.0,ZERO_INTENT,0.2628080520481847,0,32,0,0,32
60.11666666666667,-57.052934300832405,-7.655944858104455,2.386242706129183,0.0,0.0,0.0,0.0,0.0,0.0,ZERO_INTENT,0.2628080520481847,0,32,0,0,32
60.13333333333333,-57.052934300832405,-7.655944858104455,2.386242706129183,0.0,0.0,0.0,0.0,0.0,0.0,ZERO_INTENT,0.2628080520481847,0,32,0,0,32
60.15,-57.052934300832405,-7.655944858104455,2.386242706129183,0.0,0.0,0.0,0.0,0.0,0.0,ZERO_INTENT,0.2628080520481847,0,32,0,0,32
60.166666666666664,-57.052934300832405,-7.655944858104455,2.386242706129183,0.0,0.0,0.0,0.0,0.0,0.0,ZERO_INTENT,0.2628080520481847,0,32,0,0,32
60.18333333333333,-57.052934300832405,-7.655944858104455,2.386242706129183,0.0,0.0,0.0,0.0,0.0,0.0,ZERO_INTENT,0.2628080520481847,0,32,0,0,32
60.2,-57.052934300832405,-7.655944858104455,2.386242706129183,0.0,0.0,0.0,0.0,0.0,0.0,ZERO_INTENT,0.2628080520481847,0,32,0,0,32
60.21666666666667,-57.052934300832405,-7.655944858104455,2.386242706129183,0.0,0.0,0.0,0.0,0.0,0.0,ZERO_INTENT,0.2628080520481847,0,32,0,0,32
60.233333333333334,-57.052934300832405,-7.655944858104455,2.386242706129183,0.0,0.0,0.0,0.0,0.0,0.0,ZERO_INTENT,0.2628080520481847,0,32,0,0,32
60.25,-57.052934300832405,-7.655944858104455,2.386242706129183,0.0,0.0,0.0,0.0,0.0,0.0,ZERO_INTENT,0.2628080520481847,0,32,0,0,32
60.266666666666666,-57.052934300832405,-7.655944858104455,2.386242706129183,0.0,0.0,0.0,0.0,0.0,0.0,ZERO_INTENT,0.2628080520481847,0,32,0,0,32
60.28333333333333,-57.052934300832405,-7.655944858104455,2.386242706129183,0.0,0.0,0.0,0.0,0.0,0.0,ZERO_INTENT,0.2628080520481847,0,32,0,0,32
60.3,-57.052934300832405,-7.655944858104455,2.386242706129183,0.0,0.0,0.0,0.0,0.0,0.0,ZERO_INTENT,0.2628080520481847,0,32,0,0,32
60.31666666666667,-57.052934300832405,-7.655944858104455,2.386242706129183,0.0,0.0,0.0,0.0,0.0,0.0,ZERO_INTENT,0.2628080520481847,0,32,0,0,32
60.333333333333336,-57.052934300832405,-7.655944858104455,2.386242706129183,0.0,0.0,0.0,0.0,0.0,0.0,ZERO_INTENT,0.2628080520481847,0,32,0,0,32
60.35,-57.052934300832405,-7.655944858104455,2.386242706129183,0.0,0.0,0.0,0.0,0.0,0.0,ZERO_INTENT,0.2628080520481847,0,32,0,0,32
60.36666666666667,-57.052934300832405,-7.655944858104455,2.386242706129183,0.0,0.0,0.0,0.0,0.0,0.0,ZERO_INTENT,0.2628080520481847,0,32,0,0,32
60.38333333333333,-57.052934300832405,-7.655944858104455,2.386242706129183,0.0,0.0,0.0,0.0,0.0,0.0,ZERO_INTENT,0.2628080520481847,0,32,0,0,32
60.4,-57.052934300832405,-7.655944858104455,2.386242706129183,0.0,0.0,0.0,0.0,0.0,0.0,ZERO_INTENT,0.2628080520481847,0,32,0,0,32
60.416666666666664,-57.052934300832405,-7.655944858104455,2.386242706129183,0.0,0.0,0.0,0.0,0.0,0.0,ZERO_INTENT,0.2628080520481847,0,32,0,0,32
60.43333333333333,-57.052934300832405,-7.655944858104455,2.386242706129183,0.0,0.0,0.0,0.0,0.0,0.0,ZERO_INTENT,0.2628080520481847,0,32,0,0,32
60.45,-57.052934300832405,-7.655944858104455,2.386242706129183,0.0,0.0,0.0,0.0,0.0,0.0,ZERO_INTENT,0.2628080520481847,0,32,0,0,32
60.46666666666667,-57.052934300832405,-7.655944858104455,2.386242706129183,0.0,0.0,0.0,0.0,0.0,0.0,ZERO_INTENT,0.2628080520481847,0,32,0,0,32
60.483333333333334,-57.052934300832405,-7.655944858104455,2.386242706129183,0.0,0.0,0.0,0.0,0.0,0.0,ZERO_INTENT,0.2628080520481847,0,32,0,0,32
60.5,-57.052934300832405,-7.655944858104455,2.386242706129183,0.0,0.0,0.0,0.0,0.0,0.0,ZERO_INTENT,0.2628080520481847,0,32,0,0,32
60.516666666666666,-57.052934300832405,-7.655944858104455,2.386242706129183,0.0,0.0,0.0,0.0,0.0,0.0,ZERO_INTENT,0.2628080520481847,0,32,0,0,32
60.53333333333333,-57.052934300832405,-7.655944858104455,2.386242706129183,0.0,0.0,0.0,0.0,0.0,0.0,ZERO_INTENT,0.2628080520481847,0,32,0,0,32
60.55,-57.052934300832405,-7.655944858104455,2.386242706129183,0.0,0.0,0.0,0.0,0.0,0.0,ZERO_INTENT,0.2628080520481847,0,32,0,0,32
60.56666666666667,-57.052934300832405,-7.655944858104455,2.386242706129183,0.0,0.0,0.0,0.0,0.0,0.0,ZERO_INTENT,0.2628080520481847,0,32,0,0,32
60.583333333333336,-57.052934300832405,-7.655944858104455,2.386242706129183,0.0,0.0,0.0,0.0,0.0,0.0,ZERO_INTENT,0.2628080520481847,0,32,0,0,32
60.6,-57.052934300832405,-7.655944858104455,2.386242706129183,0.0,0.0,0.0,0.0,0.0,0.0,ZERO_INTENT,0.2628080520481847,0,32,0,0,32
60.61666666666667,-57.052934300832405,-7.655944858104455,2.386242706129183,0.0,0.0,0.0,0.0,0.0,0.0,ZERO_INTENT,0.2628080520481847,0,32,0,0,32
60.63333333333333,-57.052934300832405,-7.655944858104455,2.386242706129183,0.0,0.0,0.0,0.0,0.0,0.0,ZERO_INTENT,0.2628080520481847,0,32,0,0,32
60.65,-57.052934300832405,-7.655944858104455,2.386242706129183,0.0,0.0,0.0,0.0,0.0,0.0,ZERO_INTENT,0.2628080520481847,0,32,0,0,32
60.666666666666664,-57.052934300832405,-7.655944858104455,2.386242706129183,0.0,0.0,0.0,0.0,0.0,0.0,ZERO_INTENT,0.2628080520481847,0,32,0,0,32
60.68333333333333,-57.052934300832405,-7.655944858104455,2.386242706129183,0.0,0.0,0.0,0.0,0.0,0.0,ZERO_INTENT,0.2628080520481847,0,32,0,0,32
60.7,-57.052934300832405,-7.655944858104455,2.386242706129183,0.0,0.0,0.0,0.0,0.0,0.0,ZERO_INTENT,0.2628080520481847,0,32,0,0,32
60.71666666666667,-57.052934300832405,-7.655944858104455,2.386242706129183,0.0,0.0,0.0,0.0,0.0,0.0,ZERO_INTENT,0.2628080520481847,0,32,0,0,32
60.733333333333334,-57.052934300832405,-7.655944858104455,2.386242706129183,0.0,0.0,0.0,0.0,0.0,0.0,ZERO_INTENT,0.2628080520481847,0,32,0,0,32
60.75,-57.052934300832405,-7.655944858104455,2.386242706129183,0.0,0.0,0.0,0.0,0.0,0.0,ZERO_INTENT,0.2628080520481847,0,32,0,0,32
60.766666666666666,-57.052934300832405,-7.655944858104455,2.386242706129183,0.0,0.0,0.0,0.0,0.0,0.0,ZERO_INTENT,0.2628080520481847,0,32,0,0,32
60.78333333333333,-57.052934300832405,-7.655944858104455,2.386242706129183,0.0,0.0,0.0,0.0,0.0,0.0,ZERO_INTENT,0.2628080520481847,0,32,0,0,32
60.8,-57.052934300832405,-7.655944858104455,2.386242706129183,0.0,0.0,0.0,0.0,0.0,0.0,ZERO_INTENT,0.2628080520481847,0,32,0,0,32
60.81666666666667,-57.052934300832405,-7.655944858104455,2.386242706129183,0.0,0.0,0.0,0.0,0.0,0.0,ZERO_INTENT,0.2628080520481847,0,32,0,0,32
60.833333333333336,-57.052934300832405,-7.655944858104455,2.386242706129183,0.0,0.0,0.0,0.0,0.0,0.0,ZERO_INTENT,0.2628080520481847,0,32,0,0,32
60.85,-57.052934300832405,-7.655944858104455,2.386242706129183,0.0,0.0,0.0,0.0,0.0,0.0,ZERO_INTENT,0.2628080520481847,0,32,0,0,32
60.86666666666667,-57.052934300832405,-7.655944858104455,2.386242706129183,0.0,0.0,0.0,0.0,0.0,0.0,ZERO_INTENT,0.2628080520481847,0,32,0,0,32
60.88333333333333,-57.052934300832405,-7.655944858104455,2.386242706129183,0.0,0.0,0.0,0.0,0.0,0.0,ZERO_INTENT,0.2628080520481847,0,32,0,0,32
60.9,-57.052934300832405,-7.655944858104455,2.386242706129183,0.0,0.0,0.0,0.0,0.0,0.0,ZERO_INTENT,0.2628080520481847,0,32,0,0,32
60.916666666666664,-57.052934300832405,-7.655944858104455,2.386242706129183,0.0,0.0,0.0,0.0,0.0,0.0,ZERO_INTENT,0.2628080520481847,0,32,0,0,32
60.93333333333333,-57.052934300832405,-7.655944858104455,2.386242706129183,0.0,0.0,0.0,0.0,0.0,0.0,ZERO_INTENT,0.2628080520481847,0,32,0,0,32
60.95,-57.052934300832405,-7.655944858104455,2.386242706129183,0.0,0.0,0.0,0.0,0.0,0.0,ZERO_INTENT,0.2628080520481847,0,32,0,0,32
60.96666666666667,-57.052934300832405,-7.655944858104455,2.386242706129183,0.0,0.0,0.0,0.0,0.0,0.0,ZERO_INTENT,0.2628080520481847,0,32,0,0,32
60.983333333333334,-57.052934300832405,-7.655944858104455,2.386242706129183,0.0,0.0,0.0,0.0,0.0,0.0,ZERO_INTENT,0.2628080520481847,0,32,0,0,32
61.0,-57.052934300832405,-7.655944858104455,2.386242706129183,0.0,0.0,0.0,0.0,0.0,0.0,ZERO_INTENT,0.2628080520481847,0,32,0,0,32
61.016666666666666,-57.052934300832405,-7.655944858104455,2.386242706129183,0.0,0.0,0.0,0.0,0.0,0.0,ZERO_INTENT,0.2628080520481847,0,32,0,0,32
61.03333333333333,-57.052934300832405,-7.655944858104455,2.386242706129183,0.0,0.0,0.0,0.0,0.0,0.0,ZERO_INTENT,0.2628080520481847,0,32,0,0,32
61.05,-57.052934300832405,-7.655944858104455,2.386242706129183,0.0,0.0,0.0,0.0,0.0,0.0,ZERO_INTENT,0.2628080520481847,0,32,0,0,32
61.06666666666667,-57.052934300832405,-7.655944858104455,2.386242706129183,0.0,0.0,0.0,0.0,0.0,0.0,ZERO_INTENT,0.2628080520481847,0,32,0,0,32
61.083333333333336,-57.052934300832405,-7.655944858104455,2.386242706129183,0.0,0.0,0.0,0.0,0.0,0.0,ZERO_INTENT,0.2628080520481847,0,32,0,0,32
61.1,-57.052934300832405,-7.655944858104455,2.386242706129183,0.0,0.0,0.0,0.0,0.0,0.0,ZERO_INTENT,0.2628080520481847,0,32,0,0,32
61.11666666666667,-57.052934300832405,-7.655944858104455,2.386242706129183,0.0,0.0,0.0,0.0,0.0,0.0,ZERO_INTENT,0.2628080520481847,0,32,0,0,32
61.13333333333333,-57.052934300832405,-7.655944858104455,2.386242706129183,0.0,0.0,0.0,0.0,0.0,0.0,ZERO_INTENT,0.2628080520481847,0,32,0,0,32
61.15,-57.052934300832405,-7.655944858104455,2.386242706129183,0.0,0.0,0.0,0.0,0.0,0.0,ZERO_INTENT,0.2628080520481847,0,32,0,0,32
61.166666666666664,-57.052934300832405,-7.655944858104455,2.386242706129183,0.0,0.0,0.0,0.0,0.0,0.0,ZERO_INTENT,0.2628080520481847,0,32,0,0,32
61.18333333333333,-57.052934300832405,-7.655944858104455,2.386242706129183,0.0,0.0,0.0,0.0,0.0,0.0,ZERO_INTENT,0.2628080520481847,0,32,0,0,32
61.2,-57.052934300832405,-7.655944858104455,2.386242706129183,0.0,0.0,0.0,0.0,0.0,0.0,ZERO_INTENT,0.2628080520481847,0,32,0,0,32
61.21666666666667,-57.052934300832405,-7.655944858104455,2.386242706129183,0.0,0.0,0.0,0.0,0.0,0.0,ZERO_INTENT,0.2628080520481847,0,32,0,0,32
61.233333333333334,-57.052934300832405,-7.655944858104455,2.386242706129183,0.0,0.0,0.0,0.0,0.0,0.0,ZERO_INTENT,0.2628080520481847,0,32,0,0,32
61.25,-57.052934300832405,-7.655944858104455,2.386242706129183,0.0,0.0,0.0,0.0,0.0,0.0,ZERO_INTENT,0.2628080520481847,0,32,0,0,32
61.266666666666666,-57.052934300832405,-7.655944858104455,2.386242706129183,0.0,0.0,0.0,0.0,0.0,0.0,ZERO_INTENT,0.2628080520481847,0,32,0,0,32
61.28333333333333,-57.052934300832405,-7.655944858104455,2.386242706129183,0.0,0.0,0.0,0.0,0.0,0.0,ZERO_INTENT,0.2628080520481847,0,32,0,0,32
61.3,-57.052934300832405,-7.655944858104455,2.386242706129183,0.0,0.0,0.0,0.0,0.0,0.0,ZERO_INTENT,0.2628080520481847,0,32,0,0,32
61.31666666666667,-57.052934300832405,-7.655944858104455,2.386242706129183,0.0,0.0,0.0,0.0,0.0,0.0,ZERO_INTENT,0.2628080520481847,0,32,0,0,32
61.333333333333336,-57.052934300832405,-7.655944858104455,2.386242706129183,0.0,0.0,0.0,0.0,0.0,0.0,ZERO_INTENT,0.2628080520481847,0,32,0,0,32
61.35,-57.052934300832405,-7.655944858104455,2.386242706129183,0.0,0.0,0.0,0.0,0.0,0.0,ZERO_INTENT,0.2628080520481847,0,32,0,0,32
61.36666666666667,-57.052934300832405,-7.655944858104455,2.386242706129183,0.0,0.0,0.0,0.0,0.0,0.0,ZERO_INTENT,0.2628080520481847,0,32,0,0,32
61.38333333333333,-57.052934300832405,-7.655944858104455,2.386242706129183,0.0,0.0,0.0,0.0,0.0,0.0,ZERO_INTENT,0.2628080520481847,0,32,0,0,32
61.4,-57.052934300832405,-7.655944858104455,2.386242706129183,0.0,0.0,0.0,0.0,0.0,0.0,ZERO_INTENT,0.2628080520481847,0,32,0,0,32
61.416666666666664,-57.052934300832405,-7.655944858104455,2.386242706129183,0.0,0.0,0.0,0.0,0.0,0.0,ZERO_INTENT,0.2628080520481847,0,32,0,0,32
61.43333333333333,-57.052934300832405,-7.655944858104455,2.386242706129183,0.0,0.0,0.0,0.0,0.0,0.0,ZERO_INTENT,0.2628080520481847,0,32,0,0,32
61.45,-57.052934300832405,-7.655944858104455,2.386242706129183,0.0,0.0,0.0,0.0,0.0,0.0,ZERO_INTENT,0.2628080520481847,0,32,0,0,32
61.46666666666667,-57.052934300832405,-7.655944858104455,2.386242706129183,0.0,0.0,0.0,0.0,0.0,0.0,ZERO_INTENT,0.2628080520481847,0,32,0,0,32
61.483333333333334,-57.052934300832405,-7.655944858104455,2.386242706129183,0.0,0.0,0.0,0.0,0.0,0.0,ZERO_INTENT,0.2628080520481847,0,32,0,0,32
61.5,-57.052934300832405,-7.655944858104455,2.386242706129183,0.0,0.0,0.0,0.0,0.0,0.0,ZERO_INTENT,0.2628080520481847,0,32,0,0,32
61.516666666666666,-57.052934300832405,-7.655944858104455,2.386242706129183,0.0,0.0,0.0,0.0,0.0,0.0,ZERO_INTENT,0.2628080520481847,0,32,0,0,32
61.53333333333333,-57.052934300832405,-7.655944858104455,2.386242706129183,0.0,0.0,0.0,0.0,0.0,0.0,ZERO_INTENT,0.2628080520481847,0,32,0,0,32
61.55,-57.052934300832405,-7.655944858104455,2.386242706129183,0.0,0.0,0.0,0.0,0.0,0.0,ZERO_INTENT,0.2628080520481847,0,32,0,0,32
61.56666666666667,-57.052934300832405,-7.655944858104455,2.386242706129183,0.0,0.0,0.0,0.0,0.0,0.0,ZERO_INTENT,0.2628080520481847,0,32,0,0,32
61.583333333333336,-57.052934300832405,-7.655944858104455,2.386242706129183,0.0,0.0,0.0,0.0,0.0,0.0,ZERO_INTENT,0.2628080520481847,0,32,0,0,32
61.6,-57.052934300832405,-7.655944858104455,2.386242706129183,0.0,0.0,0.0,0.0,0.0,0.0,ZERO_INTENT,0.2628080520481847,0,32,0,0,32
61.61666666666667,-57.052934300832405,-7.655944858104455,2.386242706129183,0.0,0.0,0.0,0.0,0.0,0.0,ZERO_INTENT,0.2628080520481847,0,32,0,0,32
61.63333333333333,-57.052934300832405,-7.655944858104455,2.386242706129183,0.0,0.0,0.0,0.0,0.0,0.0,ZERO_INTENT,0.2628080520481847,0,32,0,0,32
61.65,-57.052934300832405,-7.655944858104455,2.386242706129183,0.0,0.0,0.0,0.0,0.0,0.0,ZERO_INTENT,0.2628080520481847,0,32,0,0,32
61.666666666666664,-57.052934300832405,-7.655944858104455,2.386242706129183,0.0,0.0,0.0,0.0,0.0,0.0,ZERO_INTENT,0.2628080520481847,0,32,0,0,32
61.68333333333333,-57.052934300832405,-7.655944858104455,2.386242706129183,0.0,0.0,0.0,0.0,0.0,0.0,ZERO_INTENT,0.2628080520481847,0,32,0,0,32
61.7,-57.052934300832405,-7.655944858104455,2.386242706129183,0.0,0.0,0.0,0.0,0.0,0.0,ZERO_INTENT,0.2628080520481847,0,32,0,0,32
61.71666666666667,-57.052934300832405,-7.655944858104455,2.386242706129183,0.0,0.0,0.0,0.0,0.0,0.0,ZERO_INTENT,0.2628080520481847,0,32,0,0,32
61.733333333333334,-57.052934300832405,-7.655944858104455,2.386242706129183,0.0,0.0,0.0,0.0,0.0,0.0,ZERO_INTENT,0.2628080520481847,0,32,0,0,32
61.75,-57.052934300832405,-7.655944858104455,2.386242706129183,0.0,0.0,0.0,0.0,0.0,0.0,ZERO_INTENT,0.2628080520481847,0,32,0,0,32
61.766666666666666,-57.052934300832405,-7.655944858104455,2.386242706129183,0.0,0.0,0.0,0.0,0.0,0.0,ZERO_INTENT,0.2628080520481847,0,32,0,0,32
61.78333333333333,-57.052934300832405,-7.655944858104455,2.386242706129183,0.0,0.0,0.0,0.0,0.0,0.0,ZERO_INTENT,0.2628080520481847,0,32,0,0,32
61.8,-57.052934300832405,-7.655944858104455,2.386242706129183,0.0,0.0,0.0,0.0,0.0,0.0,ZERO_INTENT,0.2628080520481847,0,32,0,0,32
61.81666666666667,-57.052934300832405,-7.655944858104455,2.386242706129183,0.0,0.0,0.0,0.0,0.0,0.0,ZERO_INTENT,0.2628080520481847,0,32,0,0,32
61.833333333333336,-57.052934300832405,-7.655944858104455,2.386242706129183,0.0,0.0,0.0,0.0,0.0,0.0,ZERO_INTENT,0.2628080520481847,0,32,0,0,32
61.85,-57.052934300832405,-7.655944858104455,2.386242706129183,0.0,0.0,0.0,0.0,0.0,0.0,ZERO_INTENT,0.2628080520481847,0,32,0,0,32
61.86666666666667,-57.052934300832405,-7.655944858104455,2.386242706129183,0.0,0.0,0.0,0.0,0.0,0.0,ZERO_INTENT,0.2628080520481847,0,32,0,0,32
61.88333333333333,-57.052934300832405,-7.655944858104455,2.386242706129183,0.0,0.0,0.0,0.0,0.0,0.0,ZERO_INTENT,0.2628080520481847,0,32,0,0,32
61.9,-57.052934300832405,-7.655944858104455,2.386242706129183,0.0,0.0,0.0,0.0,0.0,0.0,ZERO_INTENT,0.2628080520481847,0,32,0,0,32
61.916666666666664,-57.052934300832405,-7.655944858104455,2.386242706129183,0.0,0.0,0.0,0.0,0.0,0.0,ZERO_INTENT,0.2628080520481847,0,32,0,0,32
61.93333333333333,-57.052934300832405,-7.655944858104455,2.386242706129183,0.0,0.0,0.0,0.0,0.0,0.0,ZERO_INTENT,0.2628080520481847,0,32,0,0,32
61.95,-57.052934300832405,-7.655944858104455,2.386242706129183,0.0,0.0,0.0,0.0,0.0,0.0,ZERO_INTENT,0.2628080520481847,0,32,0,0,32
61.96666666666667,-57.052934300832405,-7.655944858104455,2.386242706129183,0.0,0.0,0.0,0.0,0.0,0.0,ZERO_INTENT,0.2628080520481847,0,32,0,0,32
61.983333333333334,-57.052934300832405,-7.655944858104455,2.386242706129183,0.0,0.0,0.0,0.0,0.0,0.0,ZERO_INTENT,0.2628080520481847,0,32,0,0,32
62.0,-57.052934300832405,-7.655944858104455,2.386242706129183,0.0,0.0,0.0,0.0,0.0,0.0,ZERO_INTENT,0.2628080520481847,0,32,0,0,32
62.016666666666666,-57.052934300832405,-7.655944858104455,2.386242706129183,0.0,0.0,0.0,0.0,0.0,0.0,ZERO_INTENT,0.2628080520481847,0,32,0,0,32
62.03333333333333,-57.052934300832405,-7.655944858104455,2.386242706129183,0.0,0.0,0.0,0.0,0.0,0.0,ZERO_INTENT,0.2628080520481847,0,32,0,0,32
62.05,-57.052934300832405,-7.655944858104455,2.386242706129183,0.0,0.0,0.0,0.0,0.0,0.0,ZERO_INTENT,0.2628080520481847,0,32,0,0,32
62.06666666666667,-57.052934300832405,-7.655944858104455,2.386242706129183,0.0,0.0,0.0,0.0,0.0,0.0,ZERO_INTENT,0.2628080520481847,0,32,0,0,32
62.083333333333336,-57.052934300832405,-7.655944858104455,2.386242706129183,0.0,0.0,0.0,0.0,0.0,0.0,ZERO_INTENT,0.2628080520481847,0,32,0,0,32
62.1,-57.052934300832405,-7.655944858104455,2.386242706129183,0.0,0.0,0.0,0.0,0.0,0.0,ZERO_INTENT,0.2628080520481847,0,32,0,0,32
62.11666666666667,-57.052934300832405,-7.655944858104455,2.386242706129183,0.0,0.0,0.0,0.0,0.0,0.0,ZERO_INTENT,0.2628080520481847,0,32,0,0,32
62.13333333333333,-57.052934300832405,-7.655944858104455,2.386242706129183,0.0,0.0,0.0,0.0,0.0,0.0,ZERO_INTENT,0.2628080520481847,0,32,0,0,32
62.15,-57.052934300832405,-7.655944858104455,2.386242706129183,0.0,0.0,0.0,0.0,0.0,0.0,ZERO_INTENT,0.2628080520481847,0,32,0,0,32
62.166666666666664,-57.052934300832405,-7.655944858104455,2.386242706129183,0.0,0.0,0.0,0.0,0.0,0.0,ZERO_INTENT,0.2628080520481847,0,32,0,0,32
62.18333333333333,-57.052934300832405,-7.655944858104455,2.386242706129183,0.0,0.0,0.0,0.0,0.0,0.0,ZERO_INTENT,0.2628080520481847,0,32,0,0,32
62.2,-57.052934300832405,-7.655944858104455,2.386242706129183,0.0,0.0,0.0,0.0,0.0,0.0,ZERO_INTENT,0.2628080520481847,0,32,0,0,32
62.21666666666667,-57.052934300832405,-7.655944858104455,2.386242706129183,0.0,0.0,0.0,0.0,0.0,0.0,ZERO_INTENT,0.2628080520481847,0,32,0,0,32
62.233333333333334,-57.052934300832405,-7.655944858104455,2.386242706129183,0.0,0.0,0.0,0.0,0.0,0.0,ZERO_INTENT,0.2628080520481847,0,32,0,0,32
62.25,-57.052934300832405,-7.655944858104455,2.386242706129183,0.0,0.0,0.0,0.0,0.0,0.0,ZERO_INTENT,0.2628080520481847,0,32,0,0,32
62.266666666666666,-57.052934300832405,-7.655944858104455,2.386242706129183,0.0,0.0,0.0,0.0,0.0,0.0,ZERO_INTENT,0.2628080520481847,0,32,0,0,32
62.28333333333333,-57.052934300832405,-7.655944858104455,2.386242706129183,0.0,0.0,0.0,0.0,0.0,0.0,ZERO_INTENT,0.2628080520481847,0,32,0,0,32
62.3,-57.052934300832405,-7.655944858104455,2.386242706129183,0.0,0.0,0.0,0.0,0.0,0.0,ZERO_INTENT,0.2628080520481847,0,32,0,0,32
62.31666666666667,-57.052934300832405,-7.655944858104455,2.386242706129183,0.0,0.0,0.0,0.0,0.0,0.0,ZERO_INTENT,0.2628080520481847,0,32,0,0,32
62.333333333333336,-57.052934300832405,-7.655944858104455,2.386242706129183,0.0,0.0,0.0,0.0,0.0,0.0,ZERO_INTENT,0.2628080520481847,0,32,0,0,32
62.35,-57.052934300832405,-7.655944858104455,2.386242706129183,0.0,0.0,0.0,0.0,0.0,0.0,ZERO_INTENT,0.2628080520481847,0,32,0,0,32
62.36666666666667,-57.052934300832405,-7.655944858104455,2.386242706129183,0.0,0.0,0.0,0.0,0.0,0.0,ZERO_INTENT,0.2628080520481847,0,32,0,0,32
62.38333333333333,-57.052934300832405,-7.655944858104455,2.386242706129183,0.0,0.0,0.0,0.0,0.0,0.0,ZERO_INTENT,0.2628080520481847,0,32,0,0,32
62.4,-57.052934300832405,-7.655944858104455,2.386242706129183,0.0,0.0,0.0,0.0,0.0,0.0,ZERO_INTENT,0.2628080520481847,0,32,0,0,32
62.416666666666664,-57.052934300832405,-7.655944858104455,2.386242706129183,0.0,0.0,0.0,0.0,0.0,0.0,ZERO_INTENT,0.2628080520481847,0,32,0,0,32
62.43333333333333,-57.052934300832405,-7.655944858104455,2.386242706129183,0.0,0.0,0.0,0.0,0.0,0.0,ZERO_INTENT,0.2628080520481847,0,32,0,0,32
62.45,-57.052934300832405,-7.655944858104455,2.386242706129183,0.0,0.0,0.0,0.0,0.0,0.0,ZERO_INTENT,0.2628080520481847,0,32,0,0,32
62.46666666666667,-57.052934300832405,-7.655944858104455,2.386242706129183,0.0,0.0,0.0,0.0,0.0,0.0,ZERO_INTENT,0.2628080520481847,0,32,0,0,32
62.483333333333334,-57.052934300832405,-7.655944858104455,2.386242706129183,0.0,0.0,0.0,0.0,0.0,0.0,ZERO_INTENT,0.2628080520481847,0,32,0,0,32
62.5,-57.052934300832405,-7.655944858104455,2.386242706129183,0.0,0.0,0.0,0.0,0.0,0.0,ZERO_INTENT,0.2628080520481847,0,32,0,0,32
62.516666666666666,-57.052934300832405,-7.655944858104455,2.386242706129183,0.0,0.0,0.0,0.0,0.0,0.0,ZERO_INTENT,0.2628080520481847,0,32,0,0,32
62.53333333333333,-57.052934300832405,-7.655944858104455,2.386242706129183,0.0,0.0,0.0,0.0,0.0,0.0,ZERO_INTENT,0.2628080520481847,0,32,0,0,32
62.55,-57.052934300832405,-7.655944858104455,2.386242706129183,0.0,0.0,0.0,0.0,0.0,0.0,ZERO_INTENT,0.2628080520481847,0,32,0,0,32
62.56666666666667,-57.052934300832405,-7.655944858104455,2.386242706129183,0.0,0.0,0.0,0.0,0.0,0.0,ZERO_INTENT,0.2628080520481847,0,32,0,0,32
62.583333333333336,-57.052934300832405,-7.655944858104455,2.386242706129183,0.0,0.0,0.0,0.0,0.0,0.0,ZERO_INTENT,0.2628080520481847,0,32,0,0,32
62.6,-57.052934300832405,-7.655944858104455,2.386242706129183,0.0,0.0,0.0,0.0,0.0,0.0,ZERO_INTENT,0.2628080520481847,0,32,0,0,32
62.61666666666667,-57.052934300832405,-7.655944858104455,2.386242706129183,0.0,0.0,0.0,0.0,0.0,0.0,ZERO_INTENT,0.2628080520481847,0,32,0,0,32
62.63333333333333,-57.052934300832405,-7.655944858104455,2.386242706129183,0.0,0.0,0.0,0.0,0.0,0.0,ZERO_INTENT,0.2628080520481847,0,32,0,0,32
62.65,-57.052934300832405,-7.655944858104455,2.386242706129183,0.0,0.0,0.0,0.0,0.0,0.0,ZERO_INTENT,0.2628080520481847,0,32,0,0,32
62.666666666666664,-57.052934300832405,-7.655944858104455,2.386242706129183,0.0,0.0,0.0,0.0,0.0,0.0,ZERO_INTENT,0.2628080520481847,0,32,0,0,32
62.68333333333333,-57.052934300832405,-7.655944858104455,2.386242706129183,0.0,0.0,0.0,0.0,0.0,0.0,ZERO_INTENT,0.2628080520481847,0,32,0,0,32
62.7,-57.052934300832405,-7.655944858104455,2.386242706129183,0.0,0.0,0.0,0.0,0.0,0.0,ZERO_INTENT,0.2628080520481847,0,32,0,0,32
62.71666666666667,-57.052934300832405,-7.655944858104455,2.386242706129183,0.0,0.0,0.0,0.0,0.0,0.0,ZERO_INTENT,0.2628080520481847,0,32,0,0,32
62.733333333333334,-57.052934300832405,-7.655944858104455,2.386242706129183,0.0,0.0,0.0,0.0,0.0,0.0,ZERO_INTENT,0.2628080520481847,0,32,0,0,32
62.75,-57.052934300832405,-7.655944858104455,2.386242706129183,0.0,0.0,0.0,0.0,0.0,0.0,ZERO_INTENT,0.2628080520481847,0,32,0,0,32
62.766666666666666,-57.052934300832405,-7.655944858104455,2.386242706129183,0.0,0.0,0.0,0.0,0.0,0.0,ZERO_INTENT,0.2628080520481847,0,32,0,0,32
62.78333333333333,-57.052934300832405,-7.655944858104455,2.386242706129183,0.0,0.0,0.0,0.0,0.0,0.0,ZERO_INTENT,0.2628080520481847,0,32,0,0,32
62.8,-57.052934300832405,-7.655944858104455,2.386242706129183,0.0,0.0,0.0,0.0,0.0,0.0,ZERO_INTENT,0.2628080520481847,0,32,0,0,32
62.81666666666667,-57.052934300832405,-7.655944858104455,2.386242706129183,0.0,0.0,0.0,0.0,0.0,0.0,ZERO_INTENT,0.2628080520481847,0,32,0,0,32
62.833333333333336,-57.052934300832405,-7.655944858104455,2.386242706129183,0.0,0.0,0.0,0.0,0.0,0.0,ZERO_INTENT,0.2628080520481847,0,32,0,0,32
62.85,-57.052934300832405,-7.655944858104455,2.386242706129183,0.0,0.0,0.0,0.0,0.0,0.0,ZERO_INTENT,0.2628080520481847,0,32,0,0,32
62.86666666666667,-57.052934300832405,-7.655944858104455,2.386242706129183,0.0,0.0,0.0,0.0,0.0,0.0,ZERO_INTENT,0.2628080520481847,0,32,0,0,32
62.88333333333333,-57.052934300832405,-7.655944858104455,2.386242706129183,0.0,0.0,0.0,0.0,0.0,0.0,ZERO_INTENT,0.2628080520481847,0,32,0,0,32
62.9,-57.052934300832405,-7.655944858104455,2.386242706129183,0.0,0.0,0.0,0.0,0.0,0.0,ZERO_INTENT,0.2628080520481847,0,32,0,0,32
62.916666666666664,-57.052934300832405,-7.655944858104455,2.386242706129183,0.0,0.0,0.0,0.0,0.0,0.0,ZERO_INTENT,0.2628080520481847,0,32,0,0,32
62.93333333333333,-57.052934300832405,-7.655944858104455,2.386242706129183,0.0,0.0,0.0,0.0,0.0,0.0,ZERO_INTENT,0.2628080520481847,0,32,0,0,32
62.95,-57.052934300832405,-7.655944858104455,2.386242706129183,0.0,0.0,0.0,0.0,0.0,0.0,ZERO_INTENT,0.2628080520481847,0,32,0,0,32
62.96666666666667,-57.052934300832405,-7.655944858104455,2.386242706129183,0.0,0.0,0.0,0.0,0.0,0.0,ZERO_INTENT,0.2628080520481847,0,32,0,0,32
62.983333333333334,-57.052934300832405,-7.655944858104455,2.386242706129183,0.0,0.0,0.0,0.0,0.0,0.0,ZERO_INTENT,0.2628080520481847,0,32,0,0,32
63.0,-57.052934300832405,-7.655944858104455,2.386242706129183,0.0,0.0,0.0,0.0,0.0,0.0,ZERO_INTENT,0.2628080520481847,0,32,0,0,32
63.016666666666666,-57.052934300832405,-7.655944858104455,2.386242706129183,0.0,0.0,0.0,0.0,0.0,0.0,ZERO_INTENT,0.2628080520481847,0,32,0,0,32
63.03333333333333,-57.052934300832405,-7.655944858104455,2.386242706129183,0.0,0.0,0.0,0.0,0.0,0.0,ZERO_INTENT,0.2628080520481847,0,32,0,0,32
63.05,-57.052934300832405,-7.655944858104455,2.386242706129183,0.0,0.0,0.0,0.0,0.0,0.0,ZERO_INTENT,0.2628080520481847,0,32,0,0,32
63.06666666666667,-57.052934300832405,-7.655944858104455,2.386242706129183,0.0,0.0,0.0,0.0,0.0,0.0,ZERO_INTENT,0.2628080520481847,0,32,0,0,32
63.083333333333336,-57.052934300832405,-7.655944858104455,2.386242706129183,0.0,0.0,0.0,0.0,0.0,0.0,ZERO_INTENT,0.2628080520481847,0,32,0,0,32
63.1,-57.052934300832405,-7.655944858104455,2.386242706129183,0.0,0.0,0.0,0.0,0.0,0.0,ZERO_INTENT,0.2628080520481847,0,32,0,0,32
63.11666666666667,-57.052934300832405,-7.655944858104455,2.386242706129183,0.0,0.0,0.0,0.0,0.0,0.0,ZERO_INTENT,0.2628080520481847,0,32,0,0,32
63.13333333333333,-57.052934300832405,-7.655944858104455,2.386242706129183,0.0,0.0,0.0,0.0,0.0,0.0,ZERO_INTENT,0.2628080520481847,0,32,0,0,32
63.15,-57.052934300832405,-7.655944858104455,2.386242706129183,0.0,0.0,0.0,0.0,0.0,0.0,ZERO_INTENT,0.2628080520481847,0,32,0,0,32
63.166666666666664,-57.052934300832405,-7.655944858104455,2.386242706129183,0.0,0.0,0.0,0.0,0.0,0.0,ZERO_INTENT,0.2628080520481847,0,32,0,0,32
63.18333333333333,-57.052934300832405,-7.655944858104455,2.386242706129183,0.0,0.0,0.0,0.0,0.0,0.0,ZERO_INTENT,0.2628080520481847,0,32,0,0,32
63.2,-57.052934300832405,-7.655944858104455,2.386242706129183,0.0,0.0,0.0,0.0,0.0,0.0,ZERO_INTENT,0.2628080520481847,0,32,0,0,32
63.21666666666667,-57.052934300832405,-7.655944858104455,2.386242706129183,0.0,0.0,0.0,0.0,0.0,0.0,ZERO_INTENT,0.2628080520481847,0,32,0,0,32
63.233333333333334,-57.052934300832405,-7.655944858104455,2.386242706129183,0.0,0.0,0.0,0.0,0.0,0.0,ZERO_INTENT,0.2628080520481847,0,32,0,0,32
63.25,-57.052934300832405,-7.655944858104455,2.386242706129183,0.0,0.0,0.0,0.0,0.0,0.0,ZERO_INTENT,0.2628080520481847,0,32,0,0,32
63.266666666666666,-57.052934300832405,-7.655944858104455,2.386242706129183,0.0,0.0,0.0,0.0,0.0,0.0,ZERO_INTENT,0.2628080520481847,0,32,0,0,32
63.28333333333333,-57.052934300832405,-7.655944858104455,2.386242706129183,0.0,0.0,0.0,0.0,0.0,0.0,ZERO_INTENT,0.2628080520481847,0,32,0,0,32
63.3,-57.052934300832405,-7.655944858104455,2.386242706129183,0.0,0.0,0.0,0.0,0.0,0.0,ZERO_INTENT,0.2628080520481847,0,32,0,0,32
63.31666666666667,-57.052934300832405,-7.655944858104455,2.386242706129183,0.0,0.0,0.0,0.0,0.0,0.0,ZERO_INTENT,0.2628080520481847,0,32,0,0,32
63.333333333333336,-57.052934300832405,-7.655944858104455,2.386242706129183,0.0,0.0,0.0,0.0,0.0,0.0,ZERO_INTENT,0.2628080520481847,0,32,0,0,32
63.35,-57.052934300832405,-7.655944858104455,2.386242706129183,0.0,0.0,0.0,0.0,0.0,0.0,ZERO_INTENT,0.2628080520481847,0,32,0,0,32
63.36666666666667,-57.052934300832405,-7.655944858104455,2.386242706129183,0.0,0.0,0.0,0.0,0.0,0.0,ZERO_INTENT,0.2628080520481847,0,32,0,0,32
63.38333333333333,-57.052934300832405,-7.655944858104455,2.386242706129183,0.0,0.0,0.0,0.0,0.0,0.0,ZERO_INTENT,0.2628080520481847,0,32,0,0,32
63.4,-57.052934300832405,-7.655944858104455,2.386242706129183,0.0,0.0,0.0,0.0,0.0,0.0,ZERO_INTENT,0.2628080520481847,0,32,0,0,32
63.416666666666664,-57.052934300832405,-7.655944858104455,2.386242706129183,0.0,0.0,0.0,0.0,0.0,0.0,ZERO_INTENT,0.2628080520481847,0,32,0,0,32
63.43333333333333,-57.052934300832405,-7.655944858104455,2.386242706129183,0.0,0.0,0.0,0.0,0.0,0.0,ZERO_INTENT,0.2628080520481847,0,32,0,0,32
63.45,-57.052934300832405,-7.655944858104455,2.386242706129183,0.0,0.0,0.0,0.0,0.0,0.0,ZERO_INTENT,0.2628080520481847,0,32,0,0,32
63.46666666666667,-57.052934300832405,-7.655944858104455,2.386242706129183,0.0,0.0,0.0,0.0,0.0,0.0,ZERO_INTENT,0.2628080520481847,0,32,0,0,32
63.483333333333334,-57.052934300832405,-7.655944858104455,2.386242706129183,0.0,0.0,0.0,0.0,0.0,0.0,ZERO_INTENT,0.2628080520481847,0,32,0,0,32
63.5,-57.052934300832405,-7.655944858104455,2.386242706129183,0.0,0.0,0.0,0.0,0.0,0.0,ZERO_INTENT,0.2628080520481847,0,32,0,0,32
63.516666666666666,-57.052934300832405,-7.655944858104455,2.386242706129183,0.0,0.0,0.0,0.0,0.0,0.0,ZERO_INTENT,0.2628080520481847,0,32,0,0,32
63.53333333333333,-57.052934300832405,-7.655944858104455,2.386242706129183,0.0,0.0,0.0,0.0,0.0,0.0,ZERO_INTENT,0.2628080520481847,0,32,0,0,32
63.55,-57.052934300832405,-7.655944858104455,2.386242706129183,0.0,0.0,0.0,0.0,0.0,0.0,ZERO_INTENT,0.2628080520481847,0,32,0,0,32
63.56666666666667,-57.052934300832405,-7.655944858104455,2.386242706129183,0.0,0.0,0.0,0.0,0.0,0.0,ZERO_INTENT,0.2628080520481847,0,32,0,0,32
63.583333333333336,-57.052934300832405,-7.655944858104455,2.386242706129183,0.0,0.0,0.0,0.0,0.0,0.0,ZERO_INTENT,0.2628080520481847,0,32,0,0,32
63.6,-57.052934300832405,-7.655944858104455,2.386242706129183,0.0,0.0,0.0,0.0,0.0,0.0,ZERO_INTENT,0.2628080520481847,0,32,0,0,32
63.61666666666667,-57.052934300832405,-7.655944858104455,2.386242706129183,0.0,0.0,0.0,0.0,0.0,0.0,ZERO_INTENT,0.2628080520481847,0,32,0,0,32
63.63333333333333,-57.052934300832405,-7.655944858104455,2.386242706129183,0.0,0.0,0.0,0.0,0.0,0.0,ZERO_INTENT,0.2628080520481847,0,32,0,0,32
63.65,-57.052934300832405,-7.655944858104455,2.386242706129183,0.0,0.0,0.0,0.0,0.0,0.0,ZERO_INTENT,0.2628080520481847,0,32,0,0,32
63.666666666666664,-57.052934300832405,-7.655944858104455,2.386242706129183,0.0,0.0,0.0,0.0,0.0,0.0,ZERO_INTENT,0.2628080520481847,0,32,0,0,32
63.68333333333333,-57.052934300832405,-7.655944858104455,2.386242706129183,0.0,0.0,0.0,0.0,0.0,0.0,ZERO_INTENT,0.2628080520481847,0,32,0,0,32
63.7,-57.052934300832405,-7.655944858104455,2.386242706129183,0.0,0.0,0.0,0.0,0.0,0.0,ZERO_INTENT,0.2628080520481847,0,32,0,0,32
63.71666666666667,-57.052934300832405,-7.655944858104455,2.386242706129183,0.0,0.0,0.0,0.0,0.0,0.0,ZERO_INTENT,0.2628080520481847,0,32,0,0,32
63.733333333333334,-57.052934300832405,-7.655944858104455,2.386242706129183,0.0,0.0,0.0,0.0,0.0,0.0,ZERO_INTENT,0.2628080520481847,0,32,0,0,32
63.75,-57.052934300832405,-7.655944858104455,2.386242706129183,0.0,0.0,0.0,0.0,0.0,0.0,ZERO_INTENT,0.2628080520481847,0,32,0,0,32
63.766666666666666,-57.052934300832405,-7.655944858104455,2.386242706129183,0.0,0.0,0.0,0.0,0.0,0.0,ZERO_INTENT,0.2628080520481847,0,32,0,0,32
63.78333333333333,-57.052934300832405,-7.655944858104455,2.386242706129183,0.0,0.0,0.0,0.0,0.0,0.0,ZERO_INTENT,0.2628080520481847,0,32,0,0,32
63.8,-57.052934300832405,-7.655944858104455,2.386242706129183,0.0,0.0,0.0,0.0,0.0,0.0,ZERO_INTENT,0.2628080520481847,0,32,0,0,32
63.81666666666667,-57.052934300832405,-7.655944858104455,2.386242706129183,0.0,0.0,0.0,0.0,0.0,0.0,ZERO_INTENT,0.2628080520481847,0,32,0,0,32
63.833333333333336,-57.052934300832405,-7.655944858104455,2.386242706129183,0.0,0.0,0.0,0.0,0.0,0.0,ZERO_INTENT,0.2628080520481847,0,32,0,0,32
63.85,-57.052934300832405,-7.655944858104455,2.386242706129183,0.0,0.0,0.0,0.0,0.0,0.0,ZERO_INTENT,0.2628080520481847,0,32,0,0,32
63.86666666666667,-57.052934300832405,-7.655944858104455,2.386242706129183,0.0,0.0,0.0,0.0,0.0,0.0,ZERO_INTENT,0.2628080520481847,0,32,0,0,32
63.88333333333333,-57.052934300832405,-7.655944858104455,2.386242706129183,0.0,0.0,0.0,0.0,0.0,0.0,ZERO_INTENT,0.2628080520481847,0,32,0,0,32
63.9,-57.052934300832405,-7.655944858104455,2.386242706129183,0.0,0.0,0.0,0.0,0.0,0.0,ZERO_INTENT,0.2628080520481847,0,32,0,0,32
63.916666666666664,-57.052934300832405,-7.655944858104455,2.386242706129183,0.0,0.0,0.0,0.0,0.0,0.0,ZERO_INTENT,0.2628080520481847,0,32,0,0,32
63.93333333333333,-57.052934300832405,-7.655944858104455,2.386242706129183,0.0,0.0,0.0,0.0,0.0,0.0,ZERO_INTENT,0.2628080520481847,0,32,0,0,32
63.95,-57.052934300832405,-7.655944858104455,2.386242706129183,0.0,0.0,0.0,0.0,0.0,0.0,ZERO_INTENT,0.2628080520481847,0,32,0,0,32
63.96666666666667,-57.052934300832405,-7.655944858104455,2.386242706129183,0.0,0.0,0.0,0.0,0.0,0.0,ZERO_INTENT,0.2628080520481847,0,32,0,0,32
63.983333333333334,-57.052934300832405,-7.655944858104455,2.386242706129183,0.0,0.0,0.0,0.0,0.0,0.0,ZERO_INTENT,0.2628080520481847,0,32,0,0,32
64.0,-57.052934300832405,-7.655944858104455,2.386242706129183,0.0,0.0,0.0,0.0,0.0,0.0,ZERO_INTENT,0.2628080520481847,0,32,0,0,32
64.01666666666667,-57.052934300832405,-7.655944858104455,2.386242706129183,0.0,0.0,0.0,0.0,0.0,0.0,ZERO_INTENT,0.2628080520481847,0,32,0,0,32
64.03333333333333,-57.052934300832405,-7.655944858104455,2.386242706129183,0.0,0.0,0.0,0.0,0.0,0.0,ZERO_INTENT,0.2628080520481847,0,32,0,0,32
64.05,-57.052934300832405,-7.655944858104455,2.386242706129183,0.0,0.0,0.0,0.0,0.0,0.0,ZERO_INTENT,0.2628080520481847,0,32,0,0,32
64.06666666666666,-57.052934300832405,-7.655944858104455,2.386242706129183,0.0,0.0,0.0,0.0,0.0,0.0,ZERO_INTENT,0.2628080520481847,0,32,0,0,32
64.08333333333333,-57.052934300832405,-7.655944858104455,2.386242706129183,0.0,0.0,0.0,0.0,0.0,0.0,ZERO_INTENT,0.2628080520481847,0,32,0,0,32
64.1,-57.052934300832405,-7.655944858104455,2.386242706129183,0.0,0.0,0.0,0.0,0.0,0.0,ZERO_INTENT,0.2628080520481847,0,32,0,0,32
64.11666666666666,-57.052934300832405,-7.655944858104455,2.386242706129183,0.0,0.0,0.0,0.0,0.0,0.0,ZERO_INTENT,0.2628080520481847,0,32,0,0,32
64.13333333333334,-57.052934300832405,-7.655944858104455,2.386242706129183,0.0,0.0,0.0,0.0,0.0,0.0,ZERO_INTENT,0.2628080520481847,0,32,0,0,32
64.15,-57.052934300832405,-7.655944858104455,2.386242706129183,0.0,0.0,0.0,0.0,0.0,0.0,ZERO_INTENT,0.2628080520481847,0,32,0,0,32
64.16666666666667,-57.052934300832405,-7.655944858104455,2.386242706129183,0.0,0.0,0.0,0.0,0.0,0.0,ZERO_INTENT,0.2628080520481847,0,32,0,0,32
64.18333333333334,-57.052934300832405,-7.655944858104455,2.386242706129183,0.0,0.0,0.0,0.0,0.0,0.0,ZERO_INTENT,0.2628080520481847,0,32,0,0,32
64.2,-57.052934300832405,-7.655944858104455,2.386242706129183,0.0,0.0,0.0,0.0,0.0,0.0,ZERO_INTENT,0.2628080520481847,0,32,0,0,32
64.21666666666667,-57.052934300832405,-7.655944858104455,2.386242706129183,0.0,0.0,0.0,0.0,0.0,0.0,ZERO_INTENT,0.2628080520481847,0,32,0,0,32
64.23333333333333,-57.052934300832405,-7.655944858104455,2.386242706129183,0.0,0.0,0.0,0.0,0.0,0.0,ZERO_INTENT,0.2628080520481847,0,32,0,0,32
64.25,-57.052934300832405,-7.655944858104455,2.386242706129183,0.0,0.0,0.0,0.0,0.0,0.0,ZERO_INTENT,0.2628080520481847,0,32,0,0,32
64.26666666666667,-57.052934300832405,-7.655944858104455,2.386242706129183,0.0,0.0,0.0,0.0,0.0,0.0,ZERO_INTENT,0.2628080520481847,0,32,0,0,32
64.28333333333333,-57.052934300832405,-7.655944858104455,2.386242706129183,0.0,0.0,0.0,0.0,0.0,0.0,ZERO_INTENT,0.2628080520481847,0,32,0,0,32
64.3,-57.052934300832405,-7.655944858104455,2.386242706129183,0.0,0.0,0.0,0.0,0.0,0.0,ZERO_INTENT,0.2628080520481847,0,32,0,0,32
64.31666666666666,-57.052934300832405,-7.655944858104455,2.386242706129183,0.0,0.0,0.0,0.0,0.0,0.0,ZERO_INTENT,0.2628080520481847,0,32,0,0,32
64.33333333333333,-57.052934300832405,-7.655944858104455,2.386242706129183,0.0,0.0,0.0,0.0,0.0,0.0,ZERO_INTENT,0.2628080520481847,0,32,0,0,32
64.35,-57.052934300832405,-7.655944858104455,2.386242706129183,0.0,0.0,0.0,0.0,0.0,0.0,ZERO_INTENT,0.2628080520481847,0,32,0,0,32
64.36666666666666,-57.052934300832405,-7.655944858104455,2.386242706129183,0.0,0.0,0.0,0.0,0.0,0.0,ZERO_INTENT,0.2628080520481847,0,32,0,0,32
64.38333333333334,-57.052934300832405,-7.655944858104455,2.386242706129183,0.0,0.0,0.0,0.0,0.0,0.0,ZERO_INTENT,0.2628080520481847,0,32,0,0,32
64.4,-57.052934300832405,-7.655944858104455,2.386242706129183,0.0,0.0,0.0,0.0,0.0,0.0,ZERO_INTENT,0.2628080520481847,0,32,0,0,32
64.41666666666667,-57.052934300832405,-7.655944858104455,2.386242706129183,0.0,0.0,0.0,0.0,0.0,0.0,ZERO_INTENT,0.2628080520481847,0,32,0,0,32
64.43333333333334,-57.052934300832405,-7.655944858104455,2.386242706129183,0.0,0.0,0.0,0.0,0.0,0.0,ZERO_INTENT,0.2628080520481847,0,32,0,0,32
64.45,-57.052934300832405,-7.655944858104455,2.386242706129183,0.0,0.0,0.0,0.0,0.0,0.0,ZERO_INTENT,0.2628080520481847,0,32,0,0,32
64.46666666666667,-57.052934300832405,-7.655944858104455,2.386242706129183,0.0,0.0,0.0,0.0,0.0,0.0,ZERO_INTENT,0.2628080520481847,0,32,0,0,32
64.48333333333333,-57.052934300832405,-7.655944858104455,2.386242706129183,0.0,0.0,0.0,0.0,0.0,0.0,ZERO_INTENT,0.2628080520481847,0,32,0,0,32
64.5,-57.052934300832405,-7.655944858104455,2.386242706129183,0.0,0.0,0.0,0.0,0.0,0.0,ZERO_INTENT,0.2628080520481847,0,32,0,0,32
64.51666666666667,-57.052934300832405,-7.655944858104455,2.386242706129183,0.0,0.0,0.0,0.0,0.0,0.0,ZERO_INTENT,0.2628080520481847,0,32,0,0,32
64.53333333333333,-57.052934300832405,-7.655944858104455,2.386242706129183,0.0,0.0,0.0,0.0,0.0,0.0,ZERO_INTENT,0.2628080520481847,0,32,0,0,32
64.55,-57.052934300832405,-7.655944858104455,2.386242706129183,0.0,0.0,0.0,0.0,0.0,0.0,ZERO_INTENT,0.2628080520481847,0,32,0,0,32
64.56666666666666,-57.052934300832405,-7.655944858104455,2.386242706129183,0.0,0.0,0.0,0.0,0.0,0.0,ZERO_INTENT,0.2628080520481847,0,32,0,0,32
64.58333333333333,-57.052934300832405,-7.655944858104455,2.386242706129183,0.0,0.0,0.0,0.0,0.0,0.0,ZERO_INTENT,0.2628080520481847,0,32,0,0,32
64.6,-57.052934300832405,-7.655944858104455,2.386242706129183,0.0,0.0,0.0,0.0,0.0,0.0,ZERO_INTENT,0.2628080520481847,0,32,0,0,32
64.61666666666666,-57.052934300832405,-7.655944858104455,2.386242706129183,0.0,0.0,0.0,0.0,0.0,0.0,ZERO_INTENT,0.2628080520481847,0,32,0,0,32
64.63333333333334,-57.052934300832405,-7.655944858104455,2.386242706129183,0.0,0.0,0.0,0.0,0.0,0.0,ZERO_INTENT,0.2628080520481847,0,32,0,0,32
64.65,-57.052934300832405,-7.655944858104455,2.386242706129183,0.0,0.0,0.0,0.0,0.0,0.0,ZERO_INTENT,0.2628080520481847,0,32,0,0,32
64.66666666666667,-57.052934300832405,-7.655944858104455,2.386242706129183,0.0,0.0,0.0,0.0,0.0,0.0,ZERO_INTENT,0.2628080520481847,0,32,0,0,32
64.68333333333334,-57.052934300832405,-7.655944858104455,2.386242706129183,0.0,0.0,0.0,0.0,0.0,0.0,ZERO_INTENT,0.2628080520481847,0,32,0,0,32
64.7,-57.052934300832405,-7.655944858104455,2.386242706129183,0.0,0.0,0.0,0.0,0.0,0.0,ZERO_INTENT,0.2628080520481847,0,32,0,0,32
64.71666666666667,-57.052934300832405,-7.655944858104455,2.386242706129183,0.0,0.0,0.0,0.0,0.0,0.0,ZERO_INTENT,0.2628080520481847,0,32,0,0,32
64.73333333333333,-57.052934300832405,-7.655944858104455,2.386242706129183,0.0,0.0,0.0,0.0,0.0,0.0,ZERO_INTENT,0.2628080520481847,0,32,0,0,32
64.75,-57.052934300832405,-7.655944858104455,2.386242706129183,0.0,0.0,0.0,0.0,0.0,0.0,ZERO_INTENT,0.2628080520481847,0,32,0,0,32
64.76666666666667,-57.052934300832405,-7.655944858104455,2.386242706129183,0.0,0.0,0.0,0.0,0.0,0.0,ZERO_INTENT,0.2628080520481847,0,32,0,0,32
64.78333333333333,-57.052934300832405,-7.655944858104455,2.386242706129183,0.0,0.0,0.0,0.0,0.0,0.0,ZERO_INTENT,0.2628080520481847,0,32,0,0,32
64.8,-57.052934300832405,-7.655944858104455,2.386242706129183,0.0,0.0,0.0,0.0,0.0,0.0,ZERO_INTENT,0.2628080520481847,0,32,0,0,32
64.81666666666666,-57.052934300832405,-7.655944858104455,2.386242706129183,0.0,0.0,0.0,0.0,0.0,0.0,ZERO_INTENT,0.2628080520481847,0,32,0,0,32
64.83333333333333,-57.052934300832405,-7.655944858104455,2.386242706129183,0.0,0.0,0.0,0.0,0.0,0.0,ZERO_INTENT,0.2628080520481847,0,32,0,0,32
64.85,-57.052934300832405,-7.655944858104455,2.386242706129183,0.0,0.0,0.0,0.0,0.0,0.0,ZERO_INTENT,0.2628080520481847,0,32,0,0,32
64.86666666666666,-57.052934300832405,-7.655944858104455,2.386242706129183,0.0,0.0,0.0,0.0,0.0,0.0,ZERO_INTENT,0.2628080520481847,0,32,0,0,32
64.88333333333334,-57.052934300832405,-7.655944858104455,2.386242706129183,0.0,0.0,0.0,0.0,0.0,0.0,ZERO_INTENT,0.2628080520481847,0,32,0,0,32
64.9,-57.052934300832405,-7.655944858104455,2.386242706129183,0.0,0.0,0.0,0.0,0.0,0.0,ZERO_INTENT,0.2628080520481847,0,32,0,0,32
64.91666666666667,-57.052934300832405,-7.655944858104455,2.386242706129183,0.0,0.0,0.0,0.0,0.0,0.0,ZERO_INTENT,0.2628080520481847,0,32,0,0,32
64.93333333333334,-57.052934300832405,-7.655944858104455,2.386242706129183,0.0,0.0,0.0,0.0,0.0,0.0,ZERO_INTENT,0.2628080520481847,0,32,0,0,32
64.95,-57.052934300832405,-7.655944858104455,2.386242706129183,0.0,0.0,0.0,0.0,0.0,0.0,ZERO_INTENT,0.2628080520481847,0,32,0,0,32
64.96666666666667,-57.052934300832405,-7.655944858104455,2.386242706129183,0.0,0.0,0.0,0.0,0.0,0.0,ZERO_INTENT,0.2628080520481847,0,32,0,0,32
64.98333333333333,-57.052934300832405,-7.655944858104455,2.386242706129183,0.0,0.0,0.0,0.0,0.0,0.0,ZERO_INTENT,0.2628080520481847,0,32,0,0,32
65.0,-57.052934300832405,-7.655944858104455,2.386242706129183,0.0,0.0,0.0,0.0,0.0,0.0,ZERO_INTENT,0.2628080520481847,0,32,0,0,32
65.01666666666667,-57.052934300832405,-7.655944858104455,2.386242706129183,0.0,0.0,0.0,0.0,0.0,0.0,ZERO_INTENT,0.2628080520481847,0,32,0,0,32
65.03333333333333,-57.052934300832405,-7.655944858104455,2.386242706129183,0.0,0.0,0.0,0.0,0.0,0.0,ZERO_INTENT,0.2628080520481847,0,32,0,0,32
65.05,-57.052934300832405,-7.655944858104455,2.386242706129183,0.0,0.0,0.0,0.0,0.0,0.0,ZERO_INTENT,0.2628080520481847,0,32,0,0,32
65.06666666666666,-57.052934300832405,-7.655944858104455,2.386242706129183,0.0,0.0,0.0,0.0,0.0,0.0,ZERO_INTENT,0.2628080520481847,0,32,0,0,32
65.08333333333333,-57.052934300832405,-7.655944858104455,2.386242706129183,0.0,0.0,0.0,0.0,0.0,0.0,ZERO_INTENT,0.2628080520481847,0,32,0,0,32
65.1,-57.052934300832405,-7.655944858104455,2.386242706129183,0.0,0.0,0.0,0.0,0.0,0.0,ZERO_INTENT,0.2628080520481847,0,32,0,0,32
65.11666666666666,-57.052934300832405,-7.655944858104455,2.386242706129183,0.0,0.0,0.0,0.0,0.0,0.0,ZERO_INTENT,0.2628080520481847,0,32,0,0,32
65.13333333333334,-57.052934300832405,-7.655944858104455,2.386242706129183,0.0,0.0,0.0,0.0,0.0,0.0,ZERO_INTENT,0.2628080520481847,0,32,0,0,32
65.15,-57.052934300832405,-7.655944858104455,2.386242706129183,0.0,0.0,0.0,0.0,0.0,0.0,ZERO_INTENT,0.2628080520481847,0,32,0,0,32
65.16666666666667,-57.052934300832405,-7.655944858104455,2.386242706129183,0.0,0.0,0.0,0.0,0.0,0.0,ZERO_INTENT,0.2628080520481847,0,32,0,0,32
65.18333333333334,-57.052934300832405,-7.655944858104455,2.386242706129183,0.0,0.0,0.0,0.0,0.0,0.0,ZERO_INTENT,0.2628080520481847,0,32,0,0,32
65.2,-57.052934300832405,-7.655944858104455,2.386242706129183,0.0,0.0,0.0,0.0,0.0,0.0,ZERO_INTENT,0.2628080520481847,0,32,0,0,32
65.21666666666667,-57.052934300832405,-7.655944858104455,2.386242706129183,0.0,0.0,0.0,0.0,0.0,0.0,ZERO_INTENT,0.2628080520481847,0,32,0,0,32
65.23333333333333,-57.052934300832405,-7.655944858104455,2.386242706129183,0.0,0.0,0.0,0.0,0.0,0.0,ZERO_INTENT,0.2628080520481847,0,32,0,0,32
65.25,-57.052934300832405,-7.655944858104455,2.386242706129183,0.0,0.0,0.0,0.0,0.0,0.0,ZERO_INTENT,0.2628080520481847,0,32,0,0,32
65.26666666666667,-57.052934300832405,-7.655944858104455,2.386242706129183,0.0,0.0,0.0,0.0,0.0,0.0,ZERO_INTENT,0.2628080520481847,0,32,0,0,32
65.28333333333333,-57.052934300832405,-7.655944858104455,2.386242706129183,0.0,0.0,0.0,0.0,0.0,0.0,ZERO_INTENT,0.2628080520481847,0,32,0,0,32
65.3,-57.052934300832405,-7.655944858104455,2.386242706129183,0.0,0.0,0.0,0.0,0.0,0.0,ZERO_INTENT,0.2628080520481847,0,32,0,0,32
65.31666666666666,-57.052934300832405,-7.655944858104455,2.386242706129183,0.0,0.0,0.0,0.0,0.0,0.0,ZERO_INTENT,0.2628080520481847,0,32,0,0,32
65.33333333333333,-57.052934300832405,-7.655944858104455,2.386242706129183,0.0,0.0,0.0,0.0,0.0,0.0,ZERO_INTENT,0.2628080520481847,0,32,0,0,32
65.35,-57.052934300832405,-7.655944858104455,2.386242706129183,0.0,0.0,0.0,0.0,0.0,0.0,ZERO_INTENT,0.2628080520481847,0,32,0,0,32
65.36666666666666,-57.052934300832405,-7.655944858104455,2.386242706129183,0.0,0.0,0.0,0.0,0.0,0.0,ZERO_INTENT,0.2628080520481847,0,32,0,0,32
65.38333333333334,-57.052934300832405,-7.655944858104455,2.386242706129183,0.0,0.0,0.0,0.0,0.0,0.0,ZERO_INTENT,0.2628080520481847,0,32,0,0,32
65.4,-57.052934300832405,-7.655944858104455,2.386242706129183,0.0,0.0,0.0,0.0,0.0,0.0,ZERO_INTENT,0.2628080520481847,0,32,0,0,32
65.41666666666667,-57.052934300832405,-7.655944858104455,2.386242706129183,0.0,0.0,0.0,0.0,0.0,0.0,ZERO_INTENT,0.2628080520481847,0,32,0,0,32
65.43333333333334,-57.052934300832405,-7.655944858104455,2.386242706129183,0.0,0.0,0.0,0.0,0.0,0.0,ZERO_INTENT,0.2628080520481847,0,32,0,0,32
65.45,-57.052934300832405,-7.655944858104455,2.386242706129183,0.0,0.0,0.0,0.0,0.0,0.0,ZERO_INTENT,0.2628080520481847,0,32,0,0,32
65.46666666666667,-57.052934300832405,-7.655944858104455,2.386242706129183,0.0,0.0,0.0,0.0,0.0,0.0,ZERO_INTENT,0.2628080520481847,0,32,0,0,32
65.48333333333333,-57.052934300832405,-7.655944858104455,2.386242706129183,0.0,0.0,0.0,0.0,0.0,0.0,ZERO_INTENT,0.2628080520481847,0,32,0,0,32
65.5,-57.052934300832405,-7.655944858104455,2.386242706129183,0.0,0.0,0.0,0.0,0.0,0.0,ZERO_INTENT,0.2628080520481847,0,32,0,0,32
65.51666666666667,-57.052934300832405,-7.655944858104455,2.386242706129183,0.0,0.0,0.0,0.0,0.0,0.0,ZERO_INTENT,0.2628080520481847,0,32,0,0,32
65.53333333333333,-57.052934300832405,-7.655944858104455,2.386242706129183,0.0,0.0,0.0,0.0,0.0,0.0,ZERO_INTENT,0.2628080520481847,0,32,0,0,32
65.55,-57.052934300832405,-7.655944858104455,2.386242706129183,0.0,0.0,0.0,0.0,0.0,0.0,ZERO_INTENT,0.2628080520481847,0,32,0,0,32
65.56666666666666,-57.052934300832405,-7.655944858104455,2.386242706129183,0.0,0.0,0.0,0.0,0.0,0.0,ZERO_INTENT,0.2628080520481847,0,32,0,0,32
65.58333333333333,-57.052934300832405,-7.655944858104455,2.386242706129183,0.0,0.0,0.0,0.0,0.0,0.0,ZERO_INTENT,0.2628080520481847,0,32,0,0,32
65.6,-57.052934300832405,-7.655944858104455,2.386242706129183,0.0,0.0,0.0,0.0,0.0,0.0,ZERO_INTENT,0.2628080520481847,0,32,0,0,32
65.61666666666666,-57.052934300832405,-7.655944858104455,2.386242706129183,0.0,0.0,0.0,0.0,0.0,0.0,ZERO_INTENT,0.2628080520481847,0,32,0,0,32
65.63333333333334,-57.052934300832405,-7.655944858104455,2.386242706129183,0.0,0.0,0.0,0.0,0.0,0.0,ZERO_INTENT,0.2628080520481847,0,32,0,0,32
65.65,-57.052934300832405,-7.655944858104455,2.386242706129183,0.0,0.0,0.0,0.0,0.0,0.0,ZERO_INTENT,0.2628080520481847,0,32,0,0,32
65.66666666666667,-57.052934300832405,-7.655944858104455,2.386242706129183,0.0,0.0,0.0,0.0,0.0,0.0,ZERO_INTENT,0.2628080520481847,0,32,0,0,32
65.68333333333334,-57.052934300832405,-7.655944858104455,2.386242706129183,0.0,0.0,0.0,0.0,0.0,0.0,ZERO_INTENT,0.2628080520481847,0,32,0,0,32
65.7,-57.052934300832405,-7.655944858104455,2.386242706129183,0.0,0.0,0.0,0.0,0.0,0.0,ZERO_INTENT,0.2628080520481847,0,32,0,0,32
65.71666666666667,-57.052934300832405,-7.655944858104455,2.386242706129183,0.0,0.0,0.0,0.0,0.0,0.0,ZERO_INTENT,0.2628080520481847,0,32,0,0,32
65.73333333333333,-57.052934300832405,-7.655944858104455,2.386242706129183,0.0,0.0,0.0,0.0,0.0,0.0,ZERO_INTENT,0.2628080520481847,0,32,0,0,32
65.75,-57.052934300832405,-7.655944858104455,2.386242706129183,0.0,0.0,0.0,0.0,0.0,0.0,ZERO_INTENT,0.2628080520481847,0,32,0,0,32
65.76666666666667,-57.052934300832405,-7.655944858104455,2.386242706129183,0.0,0.0,0.0,0.0,0.0,0.0,ZERO_INTENT,0.2628080520481847,0,32,0,0,32
65.78333333333333,-57.052934300832405,-7.655944858104455,2.386242706129183,0.0,0.0,0.0,0.0,0.0,0.0,ZERO_INTENT,0.2628080520481847,0,32,0,0,32
65.8,-57.052934300832405,-7.655944858104455,2.386242706129183,0.0,0.0,0.0,0.0,0.0,0.0,ZERO_INTENT,0.2628080520481847,0,32,0,0,32
65.81666666666666,-57.052934300832405,-7.655944858104455,2.386242706129183,0.0,0.0,0.0,0.0,0.0,0.0,ZERO_INTENT,0.2628080520481847,0,32,0,0,32
65.83333333333333,-57.052934300832405,-7.655944858104455,2.386242706129183,0.0,0.0,0.0,0.0,0.0,0.0,ZERO_INTENT,0.2628080520481847,0,32,0,0,32
65.85,-57.052934300832405,-7.655944858104455,2.386242706129183,0.0,0.0,0.0,0.0,0.0,0.0,ZERO_INTENT,0.2628080520481847,0,32,0,0,32
65.86666666666666,-57.052934300832405,-7.655944858104455,2.386242706129183,0.0,0.0,0.0,0.0,0.0,0.0,ZERO_INTENT,0.2628080520481847,0,32,0,0,32
65.88333333333334,-57.052934300832405,-7.655944858104455,2.386242706129183,0.0,0.0,0.0,0.0,0.0,0.0,ZERO_INTENT,0.2628080520481847,0,32,0,0,32
65.9,-57.052934300832405,-7.655944858104455,2.386242706129183,0.0,0.0,0.0,0.0,0.0,0.0,ZERO_INTENT,0.2628080520481847,0,32,0,0,32
65.91666666666667,-57.052934300832405,-7.655944858104455,2.386242706129183,0.0,0.0,0.0,0.0,0.0,0.0,ZERO_INTENT,0.2628080520481847,0,32,0,0,32
65.93333333333334,-57.052934300832405,-7.655944858104455,2.386242706129183,0.0,0.0,0.0,0.0,0.0,0.0,ZERO_INTENT,0.2628080520481847,0,32,0,0,32
65.95,-57.052934300832405,-7.655944858104455,2.386242706129183,0.0,0.0,0.0,0.0,0.0,0.0,ZERO_INTENT,0.2628080520481847,0,32,0,0,32
65.96666666666667,-57.052934300832405,-7.655944858104455,2.386242706129183,0.0,0.0,0.0,0.0,0.0,0.0,ZERO_INTENT,0.2628080520481847,0,32,0,0,32
65.98333333333333,-57.052934300832405,-7.655944858104455,2.386242706129183,0.0,0.0,0.0,0.0,0.0,0.0,ZERO_INTENT,0.2628080520481847,0,32,0,0,32
66.0,-57.052934300832405,-7.655944858104455,2.386242706129183,0.0,0.0,0.0,0.0,0.0,0.0,ZERO_INTENT,0.2628080520481847,0,32,0,0,32
66.01666666666667,-57.052934300832405,-7.655944858104455,2.386242706129183,0.0,0.0,0.0,0.0,0.0,0.0,ZERO_INTENT,0.2628080520481847,0,32,0,0,32
66.03333333333333,-57.052934300832405,-7.655944858104455,2.386242706129183,0.0,0.0,0.0,0.0,0.0,0.0,ZERO_INTENT,0.2628080520481847,0,32,0,0,32
66.05,-57.052934300832405,-7.655944858104455,2.386242706129183,0.0,0.0,0.0,0.0,0.0,0.0,ZERO_INTENT,0.2628080520481847,0,32,0,0,32
66.06666666666666,-57.052934300832405,-7.655944858104455,2.386242706129183,0.0,0.0,0.0,0.0,0.0,0.0,ZERO_INTENT,0.2628080520481847,0,32,0,0,32
66.08333333333333,-57.052934300832405,-7.655944858104455,2.386242706129183,0.0,0.0,0.0,0.0,0.0,0.0,ZERO_INTENT,0.2628080520481847,0,32,0,0,32
66.1,-57.052934300832405,-7.655944858104455,2.386242706129183,0.0,0.0,0.0,0.0,0.0,0.0,ZERO_INTENT,0.2628080520481847,0,32,0,0,32
66.11666666666666,-57.052934300832405,-7.655944858104455,2.386242706129183,0.0,0.0,0.0,0.0,0.0,0.0,ZERO_INTENT,0.2628080520481847,0,32,0,0,32
66.13333333333334,-57.052934300832405,-7.655944858104455,2.386242706129183,0.0,0.0,0.0,0.0,0.0,0.0,ZERO_INTENT,0.2628080520481847,0,32,0,0,32
66.15,-57.052934300832405,-7.655944858104455,2.386242706129183,0.0,0.0,0.0,0.0,0.0,0.0,ZERO_INTENT,0.2628080520481847,0,32,0,0,32
66.16666666666667,-57.052934300832405,-7.655944858104455,2.386242706129183,0.0,0.0,0.0,0.0,0.0,0.0,ZERO_INTENT,0.2628080520481847,0,32,0,0,32
66.18333333333334,-57.052934300832405,-7.655944858104455,2.386242706129183,0.0,0.0,0.0,0.0,0.0,0.0,ZERO_INTENT,0.2628080520481847,0,32,0,0,32
66.2,-57.052934300832405,-7.655944858104455,2.386242706129183,0.0,0.0,0.0,0.0,0.0,0.0,ZERO_INTENT,0.2628080520481847,0,32,0,0,32
66.21666666666667,-57.052934300832405,-7.655944858104455,2.386242706129183,0.0,0.0,0.0,0.0,0.0,0.0,ZERO_INTENT,0.2628080520481847,0,32,0,0,32
66.23333333333333,-57.052934300832405,-7.655944858104455,2.386242706129183,0.0,0.0,0.0,0.0,0.0,0.0,ZERO_INTENT,0.2628080520481847,0,32,0,0,32
66.25,-57.052934300832405,-7.655944858104455,2.386242706129183,0.0,0.0,0.0,0.0,0.0,0.0,ZERO_INTENT,0.2628080520481847,0,32,0,0,32
66.26666666666667,-57.052934300832405,-7.655944858104455,2.386242706129183,0.0,0.0,0.0,0.0,0.0,0.0,ZERO_INTENT,0.2628080520481847,0,32,0,0,32
66.28333333333333,-57.052934300832405,-7.655944858104455,2.386242706129183,0.0,0.0,0.0,0.0,0.0,0.0,ZERO_INTENT,0.2628080520481847,0,32,0,0,32
66.3,-57.052934300832405,-7.655944858104455,2.386242706129183,0.0,0.0,0.0,0.0,0.0,0.0,ZERO_INTENT,0.2628080520481847,0,32,0,0,32
66.31666666666666,-57.052934300832405,-7.655944858104455,2.386242706129183,0.0,0.0,0.0,0.0,0.0,0.0,ZERO_INTENT,0.2628080520481847,0,32,0,0,32
66.33333333333333,-57.052934300832405,-7.655944858104455,2.386242706129183,0.0,0.0,0.0,0.0,0.0,0.0,ZERO_INTENT,0.2628080520481847,0,32,0,0,32
66.35,-57.052934300832405,-7.655944858104455,2.386242706129183,0.0,0.0,0.0,0.0,0.0,0.0,ZERO_INTENT,0.2628080520481847,0,32,0,0,32
66.36666666666666,-57.052934300832405,-7.655944858104455,2.386242706129183,0.0,0.0,0.0,0.0,0.0,0.0,ZERO_INTENT,0.2628080520481847,0,32,0,0,32
66.38333333333334,-57.052934300832405,-7.655944858104455,2.386242706129183,0.0,0.0,0.0,0.0,0.0,0.0,ZERO_INTENT,0.2628080520481847,0,32,0,0,32
66.4,-57.052934300832405,-7.655944858104455,2.386242706129183,0.0,0.0,0.0,0.0,0.0,0.0,ZERO_INTENT,0.2628080520481847,0,32,0,0,32
66.41666666666667,-57.052934300832405,-7.655944858104455,2.386242706129183,0.0,0.0,0.0,0.0,0.0,0.0,ZERO_INTENT,0.2628080520481847,0,32,0,0,32
66.43333333333334,-57.052934300832405,-7.655944858104455,2.386242706129183,0.0,0.0,0.0,0.0,0.0,0.0,ZERO_INTENT,0.2628080520481847,0,32,0,0,32
66.45,-57.052934300832405,-7.655944858104455,2.386242706129183,0.0,0.0,0.0,0.0,0.0,0.0,ZERO_INTENT,0.2628080520481847,0,32,0,0,32
66.46666666666667,-57.052934300832405,-7.655944858104455,2.386242706129183,0.0,0.0,0.0,0.0,0.0,0.0,ZERO_INTENT,0.2628080520481847,0,32,0,0,32
66.48333333333333,-57.052934300832405,-7.655944858104455,2.386242706129183,0.0,0.0,0.0,0.0,0.0,0.0,ZERO_INTENT,0.2628080520481847,0,32,0,0,32
66.5,-57.052934300832405,-7.655944858104455,2.386242706129183,0.0,0.0,0.0,0.0,0.0,0.0,ZERO_INTENT,0.2628080520481847,0,32,0,0,32
66.51666666666667,-57.052934300832405,-7.655944858104455,2.386242706129183,0.0,0.0,0.0,0.0,0.0,0.0,ZERO_INTENT,0.2628080520481847,0,32,0,0,32
66.53333333333333,-57.052934300832405,-7.655944858104455,2.386242706129183,0.0,0.0,0.0,0.0,0.0,0.0,ZERO_INTENT,0.2628080520481847,0,32,0,0,32
66.55,-57.052934300832405,-7.655944858104455,2.386242706129183,0.0,0.0,0.0,0.0,0.0,0.0,ZERO_INTENT,0.2628080520481847,0,32,0,0,32
66.56666666666666,-57.052934300832405,-7.655944858104455,2.386242706129183,0.0,0.0,0.0,0.0,0.0,0.0,ZERO_INTENT,0.2628080520481847,0,32,0,0,32
66.58333333333333,-57.052934300832405,-7.655944858104455,2.386242706129183,0.0,0.0,0.0,0.0,0.0,0.0,ZERO_INTENT,0.2628080520481847,0,32,0,0,32
66.6,-57.052934300832405,-7.655944858104455,2.386242706129183,0.0,0.0,0.0,0.0,0.0,0.0,ZERO_INTENT,0.2628080520481847,0,32,0,0,32
66.61666666666666,-57.052934300832405,-7.655944858104455,2.386242706129183,0.0,0.0,0.0,0.0,0.0,0.0,ZERO_INTENT,0.2628080520481847,0,32,0,0,32
66.63333333333334,-57.052934300832405,-7.655944858104455,2.386242706129183,0.0,0.0,0.0,0.0,0.0,0.0,ZERO_INTENT,0.2628080520481847,0,32,0,0,32
66.65,-57.052934300832405,-7.655944858104455,2.386242706129183,0.0,0.0,0.0,0.0,0.0,0.0,ZERO_INTENT,0.2628080520481847,0,32,0,0,32
66.66666666666667,-57.052934300832405,-7.655944858104455,2.386242706129183,0.0,0.0,0.0,0.0,0.0,0.0,ZERO_INTENT,0.2628080520481847,0,32,0,0,32
66.68333333333334,-57.052934300832405,-7.655944858104455,2.386242706129183,0.0,0.0,0.0,0.0,0.0,0.0,ZERO_INTENT,0.2628080520481847,0,32,0,0,32
66.7,-57.052934300832405,-7.655944858104455,2.386242706129183,0.0,0.0,0.0,0.0,0.0,0.0,ZERO_INTENT,0.2628080520481847,0,32,0,0,32
66.71666666666667,-57.052934300832405,-7.655944858104455,2.386242706129183,0.0,0.0,0.0,0.0,0.0,0.0,ZERO_INTENT,0.2628080520481847,0,32,0,0,32
66.73333333333333,-57.052934300832405,-7.655944858104455,2.386242706129183,0.0,0.0,0.0,0.0,0.0,0.0,ZERO_INTENT,0.2628080520481847,0,32,0,0,32
66.75,-57.052934300832405,-7.655944858104455,2.386242706129183,0.0,0.0,0.0,0.0,0.0,0.0,ZERO_INTENT,0.2628080520481847,0,32,0,0,32
66.76666666666667,-57.052934300832405,-7.655944858104455,2.386242706129183,0.0,0.0,0.0,0.0,0.0,0.0,ZERO_INTENT,0.2628080520481847,0,32,0,0,32
66.78333333333333,-57.052934300832405,-7.655944858104455,2.386242706129183,0.0,0.0,0.0,0.0,0.0,0.0,ZERO_INTENT,0.2628080520481847,0,32,0,0,32
66.8,-57.052934300832405,-7.655944858104455,2.386242706129183,0.0,0.0,0.0,0.0,0.0,0.0,ZERO_INTENT,0.2628080520481847,0,32,0,0,32
66.81666666666666,-57.052934300832405,-7.655944858104455,2.386242706129183,0.0,0.0,0.0,0.0,0.0,0.0,ZERO_INTENT,0.2628080520481847,0,32,0,0,32
66.83333333333333,-57.052934300832405,-7.655944858104455,2.386242706129183,0.0,0.0,0.0,0.0,0.0,0.0,ZERO_INTENT,0.2628080520481847,0,32,0,0,32
66.85,-57.052934300832405,-7.655944858104455,2.386242706129183,0.0,0.0,0.0,0.0,0.0,0.0,ZERO_INTENT,0.2628080520481847,0,32,0,0,32
66.86666666666666,-57.052934300832405,-7.655944858104455,2.386242706129183,0.0,0.0,0.0,0.0,0.0,0.0,ZERO_INTENT,0.2628080520481847,0,32,0,0,32
66.88333333333334,-57.052934300832405,-7.655944858104455,2.386242706129183,0.0,0.0,0.0,0.0,0.0,0.0,ZERO_INTENT,0.2628080520481847,0,32,0,0,32
66.9,-57.052934300832405,-7.655944858104455,2.386242706129183,0.0,0.0,0.0,0.0,0.0,0.0,ZERO_INTENT,0.2628080520481847,0,32,0,0,32
66.91666666666667,-57.052934300832405,-7.655944858104455,2.386242706129183,0.0,0.0,0.0,0.0,0.0,0.0,ZERO_INTENT,0.2628080520481847,0,32,0,0,32
66.93333333333334,-57.052934300832405,-7.655944858104455,2.386242706129183,0.0,0.0,0.0,0.0,0.0,0.0,ZERO_INTENT,0.2628080520481847,0,32,0,0,32
66.95,-57.052934300832405,-7.655944858104455,2.386242706129183,0.0,0.0,0.0,0.0,0.0,0.0,ZERO_INTENT,0.2628080520481847,0,32,0,0,32
66.96666666666667,-57.052934300832405,-7.655944858104455,2.386242706129183,0.0,0.0,0.0,0.0,0.0,0.0,ZERO_INTENT,0.2628080520481847,0,32,0,0,32
66.98333333333333,-57.052934300832405,-7.655944858104455,2.386242706129183,0.0,0.0,0.0,0.0,0.0,0.0,ZERO_INTENT,0.2628080520481847,0,32,0,0,32
67.0,-57.052934300832405,-7.655944858104455,2.386242706129183,0.0,0.0,0.0,0.0,0.0,0.0,ZERO_INTENT,0.2628080520481847,0,32,0,0,32
67.01666666666667,-57.052934300832405,-7.655944858104455,2.386242706129183,0.0,0.0,0.0,0.0,0.0,0.0,ZERO_INTENT,0.2628080520481847,0,32,0,0,32
67.03333333333333,-57.052934300832405,-7.655944858104455,2.386242706129183,0.0,0.0,0.0,0.0,0.0,0.0,ZERO_INTENT,0.2628080520481847,0,32,0,0,32
67.05,-57.052934300832405,-7.655944858104455,2.386242706129183,0.0,0.0,0.0,0.0,0.0,0.0,ZERO_INTENT,0.2628080520481847,0,32,0,0,32
67.06666666666666,-57.052934300832405,-7.655944858104455,2.386242706129183,0.0,0.0,0.0,0.0,0.0,0.0,ZERO_INTENT,0.2628080520481847,0,32,0,0,32
67.08333333333333,-57.052934300832405,-7.655944858104455,2.386242706129183,0.0,0.0,0.0,0.0,0.0,0.0,ZERO_INTENT,0.2628080520481847,0,32,0,0,32
67.1,-57.052934300832405,-7.655944858104455,2.386242706129183,0.0,0.0,0.0,0.0,0.0,0.0,ZERO_INTENT,0.2628080520481847,0,32,0,0,32
67.11666666666666,-57.052934300832405,-7.655944858104455,2.386242706129183,0.0,0.0,0.0,0.0,0.0,0.0,ZERO_INTENT,0.2628080520481847,0,32,0,0,32
67.13333333333334,-57.052934300832405,-7.655944858104455,2.386242706129183,0.0,0.0,0.0,0.0,0.0,0.0,ZERO_INTENT,0.2628080520481847,0,32,0,0,32
67.15,-57.052934300832405,-7.655944858104455,2.386242706129183,0.0,0.0,0.0,0.0,0.0,0.0,ZERO_INTENT,0.2628080520481847,0,32,0,0,32
67.16666666666667,-57.052934300832405,-7.655944858104455,2.386242706129183,0.0,0.0,0.0,0.0,0.0,0.0,ZERO_INTENT,0.2628080520481847,0,32,0,0,32
67.18333333333334,-57.052934300832405,-7.655944858104455,2.386242706129183,0.0,0.0,0.0,0.0,0.0,0.0,ZERO_INTENT,0.2628080520481847,0,32,0,0,32
67.2,-57.052934300832405,-7.655944858104455,2.386242706129183,0.0,0.0,0.0,0.0,0.0,0.0,ZERO_INTENT,0.2628080520481847,0,32,0,0,32
67.21666666666667,-57.052934300832405,-7.655944858104455,2.386242706129183,0.0,0.0,0.0,0.0,0.0,0.0,ZERO_INTENT,0.2628080520481847,0,32,0,0,32
67.23333333333333,-57.052934300832405,-7.655944858104455,2.386242706129183,0.0,0.0,0.0,0.0,0.0,0.0,ZERO_INTENT,0.2628080520481847,0,32,0,0,32
67.25,-57.052934300832405,-7.655944858104455,2.386242706129183,0.0,0.0,0.0,0.0,0.0,0.0,ZERO_INTENT,0.2628080520481847,0,32,0,0,32
67.26666666666667,-57.052934300832405,-7.655944858104455,2.386242706129183,0.0,0.0,0.0,0.0,0.0,0.0,ZERO_INTENT,0.2628080520481847,0,32,0,0,32
67.28333333333333,-57.052934300832405,-7.655944858104455,2.386242706129183,0.0,0.0,0.0,0.0,0.0,0.0,ZERO_INTENT,0.2628080520481847,0,32,0,0,32
67.3,-57.052934300832405,-7.655944858104455,2.386242706129183,0.0,0.0,0.0,0.0,0.0,0.0,ZERO_INTENT,0.2628080520481847,0,32,0,0,32
67.31666666666666,-57.052934300832405,-7.655944858104455,2.386242706129183,0.0,0.0,0.0,0.0,0.0,0.0,ZERO_INTENT,0.2628080520481847,0,32,0,0,32
67.33333333333333,-57.052934300832405,-7.655944858104455,2.386242706129183,0.0,0.0,0.0,0.0,0.0,0.0,ZERO_INTENT,0.2628080520481847,0,32,0,0,32
67.35,-57.052934300832405,-7.655944858104455,2.386242706129183,0.0,0.0,0.0,0.0,0.0,0.0,ZERO_INTENT,0.2628080520481847,0,32,0,0,32
67.36666666666666,-57.052934300832405,-7.655944858104455,2.386242706129183,0.0,0.0,0.0,0.0,0.0,0.0,ZERO_INTENT,0.2628080520481847,0,32,0,0,32
67.38333333333334,-57.052934300832405,-7.655944858104455,2.386242706129183,0.0,0.0,0.0,0.0,0.0,0.0,ZERO_INTENT,0.2628080520481847,0,32,0,0,32
67.4,-57.052934300832405,-7.655944858104455,2.386242706129183,0.0,0.0,0.0,0.0,0.0,0.0,ZERO_INTENT,0.2628080520481847,0,32,0,0,32
67.41666666666667,-57.052934300832405,-7.655944858104455,2.386242706129183,0.0,0.0,0.0,0.0,0.0,0.0,ZERO_INTENT,0.2628080520481847,0,32,0,0,32
67.43333333333334,-57.052934300832405,-7.655944858104455,2.386242706129183,0.0,0.0,0.0,0.0,0.0,0.0,ZERO_INTENT,0.2628080520481847,0,32,0,0,32
67.45,-57.052934300832405,-7.655944858104455,2.386242706129183,0.0,0.0,0.0,0.0,0.0,0.0,ZERO_INTENT,0.2628080520481847,0,32,0,0,32
67.46666666666667,-57.052934300832405,-7.655944858104455,2.386242706129183,0.0,0.0,0.0,0.0,0.0,0.0,ZERO_INTENT,0.2628080520481847,0,32,0,0,32
67.48333333333333,-57.052934300832405,-7.655944858104455,2.386242706129183,0.0,0.0,0.0,0.0,0.0,0.0,ZERO_INTENT,0.2628080520481847,0,32,0,0,32
67.5,-57.052934300832405,-7.655944858104455,2.386242706129183,0.0,0.0,0.0,0.0,0.0,0.0,ZERO_INTENT,0.2628080520481847,0,32,0,0,32
67.51666666666667,-57.052934300832405,-7.655944858104455,2.386242706129183,0.0,0.0,0.0,0.0,0.0,0.0,ZERO_INTENT,0.2628080520481847,0,32,0,0,32
67.53333333333333,-57.052934300832405,-7.655944858104455,2.386242706129183,0.0,0.0,0.0,0.0,0.0,0.0,ZERO_INTENT,0.2628080520481847,0,32,0,0,32
67.55,-57.052934300832405,-7.655944858104455,2.386242706129183,0.0,0.0,0.0,0.0,0.0,0.0,ZERO_INTENT,0.2628080520481847,0,32,0,0,32
67.56666666666666,-57.052934300832405,-7.655944858104455,2.386242706129183,0.0,0.0,0.0,0.0,0.0,0.0,ZERO_INTENT,0.2628080520481847,0,32,0,0,32
67.58333333333333,-57.052934300832405,-7.655944858104455,2.386242706129183,0.0,0.0,0.0,0.0,0.0,0.0,ZERO_INTENT,0.2628080520481847,0,32,0,0,32
67.6,-57.052934300832405,-7.655944858104455,2.386242706129183,0.0,0.0,0.0,0.0,0.0,0.0,ZERO_INTENT,0.2628080520481847,0,32,0,0,32
67.61666666666666,-57.052934300832405,-7.655944858104455,2.386242706129183,0.0,0.0,0.0,0.0,0.0,0.0,ZERO_INTENT,0.2628080520481847,0,32,0,0,32
67.63333333333334,-57.052934300832405,-7.655944858104455,2.386242706129183,0.0,0.0,0.0,0.0,0.0,0.0,ZERO_INTENT,0.2628080520481847,0,32,0,0,32
67.65,-57.052934300832405,-7.655944858104455,2.386242706129183,0.0,0.0,0.0,0.0,0.0,0.0,ZERO_INTENT,0.2628080520481847,0,32,0,0,32
67.66666666666667,-57.052934300832405,-7.655944858104455,2.386242706129183,0.0,0.0,0.0,0.0,0.0,0.0,ZERO_INTENT,0.2628080520481847,0,32,0,0,32
67.68333333333334,-57.052934300832405,-7.655944858104455,2.386242706129183,0.0,0.0,0.0,0.0,0.0,0.0,ZERO_INTENT,0.2628080520481847,0,32,0,0,32
67.7,-57.052934300832405,-7.655944858104455,2.386242706129183,0.0,0.0,0.0,0.0,0.0,0.0,ZERO_INTENT,0.2628080520481847,0,32,0,0,32
67.71666666666667,-57.052934300832405,-7.655944858104455,2.386242706129183,0.0,0.0,0.0,0.0,0.0,0.0,ZERO_INTENT,0.2628080520481847,0,32,0,0,32
67.73333333333333,-57.052934300832405,-7.655944858104455,2.386242706129183,0.0,0.0,0.0,0.0,0.0,0.0,ZERO_INTENT,0.2628080520481847,0,32,0,0,32
67.75,-57.052934300832405,-7.655944858104455,2.386242706129183,0.0,0.0,0.0,0.0,0.0,0.0,ZERO_INTENT,0.2628080520481847,0,32,0,0,32
67.76666666666667,-57.052934300832405,-7.655944858104455,2.386242706129183,0.0,0.0,0.0,0.0,0.0,0.0,ZERO_INTENT,0.2628080520481847,0,32,0,0,32
67.78333333333333,-57.052934300832405,-7.655944858104455,2.386242706129183,0.0,0.0,0.0,0.0,0.0,0.0,ZERO_INTENT,0.2628080520481847,0,32,0,0,32
67.8,-57.052934300832405,-7.655944858104455,2.386242706129183,0.0,0.0,0.0,0.0,0.0,0.0,ZERO_INTENT,0.2628080520481847,0,32,0,0,32
67.81666666666666,-57.052934300832405,-7.655944858104455,2.386242706129183,0.0,0.0,0.0,0.0,0.0,0.0,ZERO_INTENT,0.2628080520481847,0,32,0,0,32
67.83333333333333,-57.052934300832405,-7.655944858104455,2.386242706129183,0.0,0.0,0.0,0.0,0.0,0.0,ZERO_INTENT,0.2628080520481847,0,32,0,0,32
67.85,-57.052934300832405,-7.655944858104455,2.386242706129183,0.0,0.0,0.0,0.0,0.0,0.0,ZERO_INTENT,0.2628080520481847,0,32,0,0,32
67.86666666666666,-57.052934300832405,-7.655944858104455,2.386242706129183,0.0,0.0,0.0,0.0,0.0,0.0,ZERO_INTENT,0.2628080520481847,0,32,0,0,32
67.88333333333334,-57.052934300832405,-7.655944858104455,2.386242706129183,0.0,0.0,0.0,0.0,0.0,0.0,ZERO_INTENT,0.2628080520481847,0,32,0,0,32
67.9,-57.052934300832405,-7.655944858104455,2.386242706129183,0.0,0.0,0.0,0.0,0.0,0.0,ZERO_INTENT,0.2628080520481847,0,32,0,0,32
67.91666666666667,-57.052934300832405,-7.655944858104455,2.386242706129183,0.0,0.0,0.0,0.0,0.0,0.0,ZERO_INTENT,0.2628080520481847,0,32,0,0,32
67.93333333333334,-57.052934300832405,-7.655944858104455,2.386242706129183,0.0,0.0,0.0,0.0,0.0,0.0,ZERO_INTENT,0.2628080520481847,0,32,0,0,32
67.95,-57.052934300832405,-7.655944858104455,2.386242706129183,0.0,0.0,0.0,0.0,0.0,0.0,ZERO_INTENT,0.2628080520481847,0,32,0,0,32
67.96666666666667,-57.052934300832405,-7.655944858104455,2.386242706129183,0.0,0.0,0.0,0.0,0.0,0.0,ZERO_INTENT,0.2628080520481847,0,32,0,0,32
67.98333333333333,-57.052934300832405,-7.655944858104455,2.386242706129183,0.0,0.0,0.0,0.0,0.0,0.0,ZERO_INTENT,0.2628080520481847,0,32,0,0,32
68.0,-57.052934300832405,-7.655944858104455,2.386242706129183,0.0,0.0,0.0,0.0,0.0,0.0,ZERO_INTENT,0.2628080520481847,0,32,0,0,32
68.01666666666667,-57.052934300832405,-7.655944858104455,2.386242706129183,0.0,0.0,0.0,0.0,0.0,0.0,ZERO_INTENT,0.2628080520481847,0,32,0,0,32
68.03333333333333,-57.052934300832405,-7.655944858104455,2.386242706129183,0.0,0.0,0.0,0.0,0.0,0.0,ZERO_INTENT,0.2628080520481847,0,32,0,0,32
68.05,-57.052934300832405,-7.655944858104455,2.386242706129183,0.0,0.0,0.0,0.0,0.0,0.0,ZERO_INTENT,0.2628080520481847,0,32,0,0,32
68.06666666666666,-57.052934300832405,-7.655944858104455,2.386242706129183,0.0,0.0,0.0,0.0,0.0,0.0,ZERO_INTENT,0.2628080520481847,0,32,0,0,32
68.08333333333333,-57.052934300832405,-7.655944858104455,2.386242706129183,0.0,0.0,0.0,0.0,0.0,0.0,ZERO_INTENT,0.2628080520481847,0,32,0,0,32
68.1,-57.052934300832405,-7.655944858104455,2.386242706129183,0.0,0.0,0.0,0.0,0.0,0.0,ZERO_INTENT,0.2628080520481847,0,32,0,0,32
68.11666666666666,-57.052934300832405,-7.655944858104455,2.386242706129183,0.0,0.0,0.0,0.0,0.0,0.0,ZERO_INTENT,0.2628080520481847,0,32,0,0,32
68.13333333333334,-57.052934300832405,-7.655944858104455,2.386242706129183,0.0,0.0,0.0,0.0,0.0,0.0,ZERO_INTENT,0.2628080520481847,0,32,0,0,32
68.15,-57.052934300832405,-7.655944858104455,2.386242706129183,0.0,0.0,0.0,0.0,0.0,0.0,ZERO_INTENT,0.2628080520481847,0,32,0,0,32
68.16666666666667,-57.052934300832405,-7.655944858104455,2.386242706129183,0.0,0.0,0.0,0.0,0.0,0.0,ZERO_INTENT,0.2628080520481847,0,32,0,0,32
68.18333333333334,-57.052934300832405,-7.655944858104455,2.386242706129183,0.0,0.0,0.0,0.0,0.0,0.0,ZERO_INTENT,0.2628080520481847,0,32,0,0,32
68.2,-57.052934300832405,-7.655944858104455,2.386242706129183,0.0,0.0,0.0,0.0,0.0,0.0,ZERO_INTENT,0.2628080520481847,0,32,0,0,32
68.21666666666667,-57.052934300832405,-7.655944858104455,2.386242706129183,0.0,0.0,0.0,0.0,0.0,0.0,ZERO_INTENT,0.2628080520481847,0,32,0,0,32
68.23333333333333,-57.052934300832405,-7.655944858104455,2.386242706129183,0.0,0.0,0.0,0.0,0.0,0.0,ZERO_INTENT,0.2628080520481847,0,32,0,0,32
68.25,-57.052934300832405,-7.655944858104455,2.386242706129183,0.0,0.0,0.0,0.0,0.0,0.0,ZERO_INTENT,0.2628080520481847,0,32,0,0,32
68.26666666666667,-57.052934300832405,-7.655944858104455,2.386242706129183,0.0,0.0,0.0,0.0,0.0,0.0,ZERO_INTENT,0.2628080520481847,0,32,0,0,32
68.28333333333333,-57.052934300832405,-7.655944858104455,2.386242706129183,0.0,0.0,0.0,0.0,0.0,0.0,ZERO_INTENT,0.2628080520481847,0,32,0,0,32
68.3,-57.052934300832405,-7.655944858104455,2.386242706129183,0.0,0.0,0.0,0.0,0.0,0.0,ZERO_INTENT,0.2628080520481847,0,32,0,0,32
68.31666666666666,-57.052934300832405,-7.655944858104455,2.386242706129183,0.0,0.0,0.0,0.0,0.0,0.0,ZERO_INTENT,0.2628080520481847,0,32,0,0,32
68.33333333333333,-57.052934300832405,-7.655944858104455,2.386242706129183,0.0,0.0,0.0,0.0,0.0,0.0,ZERO_INTENT,0.2628080520481847,0,32,0,0,32
68.35,-57.052934300832405,-7.655944858104455,2.386242706129183,0.0,0.0,0.0,0.0,0.0,0.0,ZERO_INTENT,0.2628080520481847,0,32,0,0,32
68.36666666666666,-57.052934300832405,-7.655944858104455,2.386242706129183,0.0,0.0,0.0,0.0,0.0,0.0,ZERO_INTENT,0.2628080520481847,0,32,0,0,32
68.38333333333334,-57.052934300832405,-7.655944858104455,2.386242706129183,0.0,0.0,0.0,0.0,0.0,0.0,ZERO_INTENT,0.2628080520481847,0,32,0,0,32
68.4,-57.052934300832405,-7.655944858104455,2.386242706129183,0.0,0.0,0.0,0.0,0.0,0.0,ZERO_INTENT,0.2628080520481847,0,32,0,0,32
68.41666666666667,-57.052934300832405,-7.655944858104455,2.386242706129183,0.0,0.0,0.0,0.0,0.0,0.0,ZERO_INTENT,0.2628080520481847,0,32,0,0,32
68.43333333333334,-57.052934300832405,-7.655944858104455,2.386242706129183,0.0,0.0,0.0,0.0,0.0,0.0,ZERO_INTENT,0.2628080520481847,0,32,0,0,32
68.45,-57.052934300832405,-7.655944858104455,2.386242706129183,0.0,0.0,0.0,0.0,0.0,0.0,ZERO_INTENT,0.2628080520481847,0,32,0,0,32
68.46666666666667,-57.052934300832405,-7.655944858104455,2.386242706129183,0.0,0.0,0.0,0.0,0.0,0.0,ZERO_INTENT,0.2628080520481847,0,32,0,0,32
68.48333333333333,-57.052934300832405,-7.655944858104455,2.386242706129183,0.0,0.0,0.0,0.0,0.0,0.0,ZERO_INTENT,0.2628080520481847,0,32,0,0,32
68.5,-57.052934300832405,-7.655944858104455,2.386242706129183,0.0,0.0,0.0,0.0,0.0,0.0,ZERO_INTENT,0.2628080520481847,0,32,0,0,32
68.51666666666667,-57.052934300832405,-7.655944858104455,2.386242706129183,0.0,0.0,0.0,0.0,0.0,0.0,ZERO_INTENT,0.2628080520481847,0,32,0,0,32
68.53333333333333,-57.052934300832405,-7.655944858104455,2.386242706129183,0.0,0.0,0.0,0.0,0.0,0.0,ZERO_INTENT,0.2628080520481847,0,32,0,0,32
68.55,-57.052934300832405,-7.655944858104455,2.386242706129183,0.0,0.0,0.0,0.0,0.0,0.0,ZERO_INTENT,0.2628080520481847,0,32,0,0,32
68.56666666666666,-57.052934300832405,-7.655944858104455,2.386242706129183,0.0,0.0,0.0,0.0,0.0,0.0,ZERO_INTENT,0.2628080520481847,0,32,0,0,32
68.58333333333333,-57.052934300832405,-7.655944858104455,2.386242706129183,0.0,0.0,0.0,0.0,0.0,0.0,ZERO_INTENT,0.2628080520481847,0,32,0,0,32
68.6,-57.052934300832405,-7.655944858104455,2.386242706129183,0.0,0.0,0.0,0.0,0.0,0.0,ZERO_INTENT,0.2628080520481847,0,32,0,0,32
68.61666666666666,-57.052934300832405,-7.655944858104455,2.386242706129183,0.0,0.0,0.0,0.0,0.0,0.0,ZERO_INTENT,0.2628080520481847,0,32,0,0,32
68.63333333333334,-57.052934300832405,-7.655944858104455,2.386242706129183,0.0,0.0,0.0,0.0,0.0,0.0,ZERO_INTENT,0.2628080520481847,0,32,0,0,32
68.65,-57.052934300832405,-7.655944858104455,2.386242706129183,0.0,0.0,0.0,0.0,0.0,0.0,ZERO_INTENT,0.2628080520481847,0,32,0,0,32
68.66666666666667,-57.052934300832405,-7.655944858104455,2.386242706129183,0.0,0.0,0.0,0.0,0.0,0.0,ZERO_INTENT,0.2628080520481847,0,32,0,0,32
68.68333333333334,-57.052934300832405,-7.655944858104455,2.386242706129183,0.0,0.0,0.0,0.0,0.0,0.0,ZERO_INTENT,0.2628080520481847,0,32,0,0,32
68.7,-57.052934300832405,-7.655944858104455,2.386242706129183,0.0,0.0,0.0,0.0,0.0,0.0,ZERO_INTENT,0.2628080520481847,0,32,0,0,32
68.71666666666667,-57.052934300832405,-7.655944858104455,2.386242706129183,0.0,0.0,0.0,0.0,0.0,0.0,ZERO_INTENT,0.2628080520481847,0,32,0,0,32
68.73333333333333,-57.052934300832405,-7.655944858104455,2.386242706129183,0.0,0.0,0.0,0.0,0.0,0.0,ZERO_INTENT,0.2628080520481847,0,32,0,0,32
68.75,-57.052934300832405,-7.655944858104455,2.386242706129183,0.0,0.0,0.0,0.0,0.0,0.0,ZERO_INTENT,0.2628080520481847,0,32,0,0,32
68.76666666666667,-57.052934300832405,-7.655944858104455,2.386242706129183,0.0,0.0,0.0,0.0,0.0,0.0,ZERO_INTENT,0.2628080520481847,0,32,0,0,32
68.78333333333333,-57.052934300832405,-7.655944858104455,2.386242706129183,0.0,0.0,0.0,0.0,0.0,0.0,ZERO_INTENT,0.2628080520481847,0,32,0,0,32
68.8,-57.052934300832405,-7.655944858104455,2.386242706129183,0.0,0.0,0.0,0.0,0.0,0.0,ZERO_INTENT,0.2628080520481847,0,32,0,0,32
68.81666666666666,-57.052934300832405,-7.655944858104455,2.386242706129183,0.0,0.0,0.0,0.0,0.0,0.0,ZERO_INTENT,0.2628080520481847,0,32,0,0,32
68.83333333333333,-57.052934300832405,-7.655944858104455,2.386242706129183,0.0,0.0,0.0,0.0,0.0,0.0,ZERO_INTENT,0.2628080520481847,0,32,0,0,32
68.85,-57.052934300832405,-7.655944858104455,2.386242706129183,0.0,0.0,0.0,0.0,0.0,0.0,ZERO_INTENT,0.2628080520481847,0,32,0,0,32
68.86666666666666,-57.052934300832405,-7.655944858104455,2.386242706129183,0.0,0.0,0.0,0.0,0.0,0.0,ZERO_INTENT,0.2628080520481847,0,32,0,0,32
68.88333333333334,-57.052934300832405,-7.655944858104455,2.386242706129183,0.0,0.0,0.0,0.0,0.0,0.0,ZERO_INTENT,0.2628080520481847,0,32,0,0,32
68.9,-57.052934300832405,-7.655944858104455,2.386242706129183,0.0,0.0,0.0,0.0,0.0,0.0,ZERO_INTENT,0.2628080520481847,0,32,0,0,32
68.91666666666667,-57.052934300832405,-7.655944858104455,2.386242706129183,0.0,0.0,0.0,0.0,0.0,0.0,ZERO_INTENT,0.2628080520481847,0,32,0,0,32
68.93333333333334,-57.052934300832405,-7.655944858104455,2.386242706129183,0.0,0.0,0.0,0.0,0.0,0.0,ZERO_INTENT,0.2628080520481847,0,32,0,0,32
68.95,-57.052934300832405,-7.655944858104455,2.386242706129183,0.0,0.0,0.0,0.0,0.0,0.0,ZERO_INTENT,0.2628080520481847,0,32,0,0,32
68.96666666666667,-57.052934300832405,-7.655944858104455,2.386242706129183,0.0,0.0,0.0,0.0,0.0,0.0,ZERO_INTENT,0.2628080520481847,0,32,0,0,32
68.98333333333333,-57.052934300832405,-7.655944858104455,2.386242706129183,0.0,0.0,0.0,0.0,0.0,0.0,ZERO_INTENT,0.2628080520481847,0,32,0,0,32
69.0,-57.052934300832405,-7.655944858104455,2.386242706129183,0.0,0.0,0.0,0.0,0.0,0.0,ZERO_INTENT,0.2628080520481847,0,32,0,0,32
69.01666666666667,-57.052934300832405,-7.655944858104455,2.386242706129183,0.0,0.0,0.0,0.0,0.0,0.0,ZERO_INTENT,0.2628080520481847,0,32,0,0,32
69.03333333333333,-57.052934300832405,-7.655944858104455,2.386242706129183,0.0,0.0,0.0,0.0,0.0,0.0,ZERO_INTENT,0.2628080520481847,0,32,0,0,32
69.05,-57.052934300832405,-7.655944858104455,2.386242706129183,0.0,0.0,0.0,0.0,0.0,0.0,ZERO_INTENT,0.2628080520481847,0,32,0,0,32
69.06666666666666,-57.052934300832405,-7.655944858104455,2.386242706129183,0.0,0.0,0.0,0.0,0.0,0.0,ZERO_INTENT,0.2628080520481847,0,32,0,0,32
69.08333333333333,-57.052934300832405,-7.655944858104455,2.386242706129183,0.0,0.0,0.0,0.0,0.0,0.0,ZERO_INTENT,0.2628080520481847,0,32,0,0,32
69.1,-57.052934300832405,-7.655944858104455,2.386242706129183,0.0,0.0,0.0,0.0,0.0,0.0,ZERO_INTENT,0.2628080520481847,0,32,0,0,32
69.11666666666666,-57.052934300832405,-7.655944858104455,2.386242706129183,0.0,0.0,0.0,0.0,0.0,0.0,ZERO_INTENT,0.2628080520481847,0,32,0,0,32
69.13333333333334,-57.052934300832405,-7.655944858104455,2.386242706129183,0.0,0.0,0.0,0.0,0.0,0.0,ZERO_INTENT,0.2628080520481847,0,32,0,0,32
69.15,-57.052934300832405,-7.655944858104455,2.386242706129183,0.0,0.0,0.0,0.0,0.0,0.0,ZERO_INTENT,0.2628080520481847,0,32,0,0,32
69.16666666666667,-57.052934300832405,-7.655944858104455,2.386242706129183,0.0,0.0,0.0,0.0,0.0,0.0,ZERO_INTENT,0.2628080520481847,0,32,0,0,32
69.18333333333334,-57.052934300832405,-7.655944858104455,2.386242706129183,0.0,0.0,0.0,0.0,0.0,0.0,ZERO_INTENT,0.2628080520481847,0,32,0,0,32
69.2,-57.052934300832405,-7.655944858104455,2.386242706129183,0.0,0.0,0.0,0.0,0.0,0.0,ZERO_INTENT,0.2628080520481847,0,32,0,0,32
69.21666666666667,-57.052934300832405,-7.655944858104455,2.386242706129183,0.0,0.0,0.0,0.0,0.0,0.0,ZERO_INTENT,0.2628080520481847,0,32,0,0,32
69.23333333333333,-57.052934300832405,-7.655944858104455,2.386242706129183,0.0,0.0,0.0,0.0,0.0,0.0,ZERO_INTENT,0.2628080520481847,0,32,0,0,32
69.25,-57.052934300832405,-7.655944858104455,2.386242706129183,0.0,0.0,0.0,0.0,0.0,0.0,ZERO_INTENT,0.2628080520481847,0,32,0,0,32
69.26666666666667,-57.052934300832405,-7.655944858104455,2.386242706129183,0.0,0.0,0.0,0.0,0.0,0.0,ZERO_INTENT,0.2628080520481847,0,32,0,0,32
69.28333333333333,-57.052934300832405,-7.655944858104455,2.386242706129183,0.0,0.0,0.0,0.0,0.0,0.0,ZERO_INTENT,0.2628080520481847,0,32,0,0,32
69.3,-57.052934300832405,-7.655944858104455,2.386242706129183,0.0,0.0,0.0,0.0,0.0,0.0,ZERO_INTENT,0.2628080520481847,0,32,0,0,32
69.31666666666666,-57.052934300832405,-7.655944858104455,2.386242706129183,0.0,0.0,0.0,0.0,0.0,0.0,ZERO_INTENT,0.2628080520481847,0,32,0,0,32
69.33333333333333,-57.052934300832405,-7.655944858104455,2.386242706129183,0.0,0.0,0.0,0.0,0.0,0.0,ZERO_INTENT,0.2628080520481847,0,32,0,0,32
69.35,-57.052934300832405,-7.655944858104455,2.386242706129183,0.0,0.0,0.0,0.0,0.0,0.0,ZERO_INTENT,0.2628080520481847,0,32,0,0,32
69.36666666666666,-57.052934300832405,-7.655944858104455,2.386242706129183,0.0,0.0,0.0,0.0,0.0,0.0,ZERO_INTENT,0.2628080520481847,0,32,0,0,32
69.38333333333334,-57.052934300832405,-7.655944858104455,2.386242706129183,0.0,0.0,0.0,0.0,0.0,0.0,ZERO_INTENT,0.2628080520481847,0,32,0,0,32
69.4,-57.052934300832405,-7.655944858104455,2.386242706129183,0.0,0.0,0.0,0.0,0.0,0.0,ZERO_INTENT,0.2628080520481847,0,32,0,0,32
69.41666666666667,-57.052934300832405,-7.655944858104455,2.386242706129183,0.0,0.0,0.0,0.0,0.0,0.0,ZERO_INTENT,0.2628080520481847,0,32,0,0,32
69.43333333333334,-57.052934300832405,-7.655944858104455,2.386242706129183,0.0,0.0,0.0,0.0,0.0,0.0,ZERO_INTENT,0.2628080520481847,0,32,0,0,32
69.45,-57.052934300832405,-7.655944858104455,2.386242706129183,0.0,0.0,0.0,0.0,0.0,0.0,ZERO_INTENT,0.2628080520481847,0,32,0,0,32
69.46666666666667,-57.052934300832405,-7.655944858104455,2.386242706129183,0.0,0.0,0.0,0.0,0.0,0.0,ZERO_INTENT,0.2628080520481847,0,32,0,0,32
69.48333333333333,-57.052934300832405,-7.655944858104455,2.386242706129183,0.0,0.0,0.0,0.0,0.0,0.0,ZERO_INTENT,0.2628080520481847,0,32,0,0,32
69.5,-57.052934300832405,-7.655944858104455,2.386242706129183,0.0,0.0,0.0,0.0,0.0,0.0,ZERO_INTENT,0.2628080520481847,0,32,0,0,32
69.51666666666667,-57.052934300832405,-7.655944858104455,2.386242706129183,0.0,0.0,0.0,0.0,0.0,0.0,ZERO_INTENT,0.2628080520481847,0,32,0,0,32
69.53333333333333,-57.052934300832405,-7.655944858104455,2.386242706129183,0.0,0.0,0.0,0.0,0.0,0.0,ZERO_INTENT,0.2628080520481847,0,32,0,0,32
69.55,-57.052934300832405,-7.655944858104455,2.386242706129183,0.0,0.0,0.0,0.0,0.0,0.0,ZERO_INTENT,0.2628080520481847,0,32,0,0,32
69.56666666666666,-57.052934300832405,-7.655944858104455,2.386242706129183,0.0,0.0,0.0,0.0,0.0,0.0,ZERO_INTENT,0.2628080520481847,0,32,0,0,32
69.58333333333333,-57.052934300832405,-7.655944858104455,2.386242706129183,0.0,0.0,0.0,0.0,0.0,0.0,ZERO_INTENT,0.2628080520481847,0,32,0,0,32
69.6,-57.052934300832405,-7.655944858104455,2.386242706129183,0.0,0.0,0.0,0.0,0.0,0.0,ZERO_INTENT,0.2628080520481847,0,32,0,0,32
69.61666666666666,-57.052934300832405,-7.655944858104455,2.386242706129183,0.0,0.0,0.0,0.0,0.0,0.0,ZERO_INTENT,0.2628080520481847,0,32,0,0,32
69.63333333333334,-57.052934300832405,-7.655944858104455,2.386242706129183,0.0,0.0,0.0,0.0,0.0,0.0,ZERO_INTENT,0.2628080520481847,0,32,0,0,32
69.65,-57.052934300832405,-7.655944858104455,2.386242706129183,0.0,0.0,0.0,0.0,0.0,0.0,ZERO_INTENT,0.2628080520481847,0,32,0,0,32
69.66666666666667,-57.052934300832405,-7.655944858104455,2.386242706129183,0.0,0.0,0.0,0.0,0.0,0.0,ZERO_INTENT,0.2628080520481847,0,32,0,0,32
69.68333333333334,-57.052934300832405,-7.655944858104455,2.386242706129183,0.0,0.0,0.0,0.0,0.0,0.0,ZERO_INTENT,0.2628080520481847,0,32,0,0,32
69.7,-57.052934300832405,-7.655944858104455,2.386242706129183,0.0,0.0,0.0,0.0,0.0,0.0,ZERO_INTENT,0.2628080520481847,0,32,0,0,32
69.71666666666667,-57.052934300832405,-7.655944858104455,2.386242706129183,0.0,0.0,0.0,0.0,0.0,0.0,ZERO_INTENT,0.2628080520481847,0,32,0,0,32
69.73333333333333,-57.052934300832405,-7.655944858104455,2.386242706129183,0.0,0.0,0.0,0.0,0.0,0.0,ZERO_INTENT,0.2628080520481847,0,32,0,0,32
69.75,-57.052934300832405,-7.655944858104455,2.386242706129183,0.0,0.0,0.0,0.0,0.0,0.0,ZERO_INTENT,0.2628080520481847,0,32,0,0,32
69.76666666666667,-57.052934300832405,-7.655944858104455,2.386242706129183,0.0,0.0,0.0,0.0,0.0,0.0,ZERO_INTENT,0.2628080520481847,0,32,0,0,32
69.78333333333333,-57.052934300832405,-7.655944858104455,2.386242706129183,0.0,0.0,0.0,0.0,0.0,0.0,ZERO_INTENT,0.2628080520481847,0,32,0,0,32
69.8,-57.052934300832405,-7.655944858104455,2.386242706129183,0.0,0.0,0.0,0.0,0.0,0.0,ZERO_INTENT,0.2628080520481847,0,32,0,0,32
69.81666666666666,-57.052934300832405,-7.655944858104455,2.386242706129183,0.0,0.0,0.0,0.0,0.0,0.0,ZERO_INTENT,0.2628080520481847,0,32,0,0,32
69.83333333333333,-57.052934300832405,-7.655944858104455,2.386242706129183,0.0,0.0,0.0,0.0,0.0,0.0,ZERO_INTENT,0.2628080520481847,0,32,0,0,32
69.85,-57.052934300832405,-7.655944858104455,2.386242706129183,0.0,0.0,0.0,0.0,0.0,0.0,ZERO_INTENT,0.2628080520481847,0,32,0,0,32
69.86666666666666,-57.052934300832405,-7.655944858104455,2.386242706129183,0.0,0.0,0.0,0.0,0.0,0.0,ZERO_INTENT,0.2628080520481847,0,32,0,0,32
69.88333333333334,-57.052934300832405,-7.655944858104455,2.386242706129183,0.0,0.0,0.0,0.0,0.0,0.0,ZERO_INTENT,0.2628080520481847,0,32,0,0,32
69.9,-57.052934300832405,-7.655944858104455,2.386242706129183,0.0,0.0,0.0,0.0,0.0,0.0,ZERO_INTENT,0.2628080520481847,0,32,0,0,32
69.91666666666667,-57.052934300832405,-7.655944858104455,2.386242706129183,0.0,0.0,0.0,0.0,0.0,0.0,ZERO_INTENT,0.2628080520481847,0,32,0,0,32
69.93333333333334,-57.052934300832405,-7.655944858104455,2.386242706129183,0.0,0.0,0.0,0.0,0.0,0.0,ZERO_INTENT,0.2628080520481847,0,32,0,0,32
69.95,-57.052934300832405,-7.655944858104455,2.386242706129183,0.0,0.0,0.0,0.0,0.0,0.0,ZERO_INTENT,0.2628080520481847,0,32,0,0,32
69.96666666666667,-57.052934300832405,-7.655944858104455,2.386242706129183,0.0,0.0,0.0,0.0,0.0,0.0,ZERO_INTENT,0.2628080520481847,0,32,0,0,32
69.98333333333333,-57.052934300832405,-7.655944858104455,2.386242706129183,0.0,0.0,0.0,0.0,0.0,0.0,ZERO_INTENT,0.2628080520481847,0,32,0,0,32
70.0,-57.052934300832405,-7.655944858104455,2.386242706129183,0.0,0.0,0.0,0.0,0.0,0.0,ZERO_INTENT,0.2628080520481847,0,32,0,0,32
70.01666666666667,-57.052934300832405,-7.655944858104455,2.386242706129183,0.0,0.0,0.0,0.0,0.0,0.0,ZERO_INTENT,0.2628080520481847,0,32,0,0,32
70.03333333333333,-57.052934300832405,-7.655944858104455,2.386242706129183,0.0,0.0,0.0,0.0,0.0,0.0,ZERO_INTENT,0.2628080520481847,0,32,0,0,32
70.05,-57.052934300832405,-7.655944858104455,2.386242706129183,0.0,0.0,0.0,0.0,0.0,0.0,ZERO_INTENT,0.2628080520481847,0,32,0,0,32
70.06666666666666,-57.052934300832405,-7.655944858104455,2.386242706129183,0.0,0.0,0.0,0.0,0.0,0.0,ZERO_INTENT,0.2628080520481847,0,32,0,0,32
70.08333333333333,-57.052934300832405,-7.655944858104455,2.386242706129183,0.0,0.0,0.0,0.0,0.0,0.0,ZERO_INTENT,0.2628080520481847,0,32,0,0,32
70.1,-57.052934300832405,-7.655944858104455,2.386242706129183,0.0,0.0,0.0,0.0,0.0,0.0,ZERO_INTENT,0.2628080520481847,0,32,0,0,32
70.11666666666666,-57.052934300832405,-7.655944858104455,2.386242706129183,0.0,0.0,0.0,0.0,0.0,0.0,ZERO_INTENT,0.2628080520481847,0,32,0,0,32
70.13333333333334,-57.052934300832405,-7.655944858104455,2.386242706129183,0.0,0.0,0.0,0.0,0.0,0.0,ZERO_INTENT,0.2628080520481847,0,32,0,0,32
70.15,-57.052934300832405,-7.655944858104455,2.386242706129183,0.0,0.0,0.0,0.0,0.0,0.0,ZERO_INTENT,0.2628080520481847,0,32,0,0,32
70.16666666666667,-57.052934300832405,-7.655944858104455,2.386242706129183,0.0,0.0,0.0,0.0,0.0,0.0,ZERO_INTENT,0.2628080520481847,0,32,0,0,32
70.18333333333334,-57.052934300832405,-7.655944858104455,2.386242706129183,0.0,0.0,0.0,0.0,0.0,0.0,ZERO_INTENT,0.2628080520481847,0,32,0,0,32
70.2,-57.052934300832405,-7.655944858104455,2.386242706129183,0.0,0.0,0.0,0.0,0.0,0.0,ZERO_INTENT,0.2628080520481847,0,32,0,0,32
70.21666666666667,-57.052934300832405,-7.655944858104455,2.386242706129183,0.0,0.0,0.0,0.0,0.0,0.0,ZERO_INTENT,0.2628080520481847,0,32,0,0,32
70.23333333333333,-57.052934300832405,-7.655944858104455,2.386242706129183,0.0,0.0,0.0,0.0,0.0,0.0,ZERO_INTENT,0.2628080520481847,0,32,0,0,32
70.25,-57.052934300832405,-7.655944858104455,2.386242706129183,0.0,0.0,0.0,0.0,0.0,0.0,ZERO_INTENT,0.2628080520481847,0,32,0,0,32
70.26666666666667,-57.052934300832405,-7.655944858104455,2.386242706129183,0.0,0.0,0.0,0.0,0.0,0.0,ZERO_INTENT,0.2628080520481847,0,32,0,0,32
70.28333333333333,-57.052934300832405,-7.655944858104455,2.386242706129183,0.0,0.0,0.0,0.0,0.0,0.0,ZERO_INTENT,0.2628080520481847,0,32,0,0,32
70.3,-57.052934300832405,-7.655944858104455,2.386242706129183,0.0,0.0,0.0,0.0,0.0,0.0,ZERO_INTENT,0.2628080520481847,0,32,0,0,32
70.31666666666666,-57.052934300832405,-7.655944858104455,2.386242706129183,0.0,0.0,0.0,0.0,0.0,0.0,ZERO_INTENT,0.2628080520481847,0,32,0,0,32
70.33333333333333,-57.052934300832405,-7.655944858104455,2.386242706129183,0.0,0.0,0.0,0.0,0.0,0.0,ZERO_INTENT,0.2628080520481847,0,32,0,0,32
70.35,-57.052934300832405,-7.655944858104455,2.386242706129183,0.0,0.0,0.0,0.0,0.0,0.0,ZERO_INTENT,0.2628080520481847,0,32,0,0,32
70.36666666666666,-57.052934300832405,-7.655944858104455,2.386242706129183,0.0,0.0,0.0,0.0,0.0,0.0,ZERO_INTENT,0.2628080520481847,0,32,0,0,32
70.38333333333334,-57.052934300832405,-7.655944858104455,2.386242706129183,0.0,0.0,0.0,0.0,0.0,0.0,ZERO_INTENT,0.2628080520481847,0,32,0,0,32
70.4,-57.052934300832405,-7.655944858104455,2.386242706129183,0.0,0.0,0.0,0.0,0.0,0.0,ZERO_INTENT,0.2628080520481847,0,32,0,0,32
70.41666666666667,-57.052934300832405,-7.655944858104455,2.386242706129183,0.0,0.0,0.0,0.0,0.0,0.0,ZERO_INTENT,0.2628080520481847,0,32,0,0,32
70.43333333333334,-57.052934300832405,-7.655944858104455,2.386242706129183,0.0,0.0,0.0,0.0,0.0,0.0,ZERO_INTENT,0.2628080520481847,0,32,0,0,32
70.45,-57.052934300832405,-7.655944858104455,2.386242706129183,0.0,0.0,0.0,0.0,0.0,0.0,ZERO_INTENT,0.2628080520481847,0,32,0,0,32
70.46666666666667,-57.052934300832405,-7.655944858104455,2.386242706129183,0.0,0.0,0.0,0.0,0.0,0.0,ZERO_INTENT,0.2628080520481847,0,32,0,0,32
70.48333333333333,-57.052934300832405,-7.655944858104455,2.386242706129183,0.0,0.0,0.0,0.0,0.0,0.0,ZERO_INTENT,0.2628080520481847,0,32,0,0,32
70.5,-57.052934300832405,-7.655944858104455,2.386242706129183,0.0,0.0,0.0,0.0,0.0,0.0,ZERO_INTENT,0.2628080520481847,0,32,0,0,32
70.51666666666667,-57.052934300832405,-7.655944858104455,2.386242706129183,0.0,0.0,0.0,0.0,0.0,0.0,ZERO_INTENT,0.2628080520481847,0,32,0,0,32
70.53333333333333,-57.052934300832405,-7.655944858104455,2.386242706129183,0.0,0.0,0.0,0.0,0.0,0.0,ZERO_INTENT,0.2628080520481847,0,32,0,0,32
70.55,-57.052934300832405,-7.655944858104455,2.386242706129183,0.0,0.0,0.0,0.0,0.0,0.0,ZERO_INTENT,0.2628080520481847,0,32,0,0,32
70.56666666666666,-57.052934300832405,-7.655944858104455,2.386242706129183,0.0,0.0,0.0,0.0,0.0,0.0,ZERO_INTENT,0.2628080520481847,0,32,0,0,32
70.58333333333333,-57.052934300832405,-7.655944858104455,2.386242706129183,0.0,0.0,0.0,0.0,0.0,0.0,ZERO_INTENT,0.2628080520481847,0,32,0,0,32
70.6,-57.052934300832405,-7.655944858104455,2.386242706129183,0.0,0.0,0.0,0.0,0.0,0.0,ZERO_INTENT,0.2628080520481847,0,32,0,0,32
70.61666666666666,-57.052934300832405,-7.655944858104455,2.386242706129183,0.0,0.0,0.0,0.0,0.0,0.0,ZERO_INTENT,0.2628080520481847,0,32,0,0,32
70.63333333333334,-57.052934300832405,-7.655944858104455,2.386242706129183,0.0,0.0,0.0,0.0,0.0,0.0,ZERO_INTENT,0.2628080520481847,0,32,0,0,32
70.65,-57.052934300832405,-7.655944858104455,2.386242706129183,0.0,0.0,0.0,0.0,0.0,0.0,ZERO_INTENT,0.2628080520481847,0,32,0,0,32
70.66666666666667,-57.052934300832405,-7.655944858104455,2.386242706129183,0.0,0.0,0.0,0.0,0.0,0.0,ZERO_INTENT,0.2628080520481847,0,32,0,0,32
70.68333333333334,-57.052934300832405,-7.655944858104455,2.386242706129183,0.0,0.0,0.0,0.0,0.0,0.0,ZERO_INTENT,0.2628080520481847,0,32,0,0,32
70.7,-57.052934300832405,-7.655944858104455,2.386242706129183,0.0,0.0,0.0,0.0,0.0,0.0,ZERO_INTENT,0.2628080520481847,0,32,0,0,32
70.71666666666667,-57.052934300832405,-7.655944858104455,2.386242706129183,0.0,0.0,0.0,0.0,0.0,0.0,ZERO_INTENT,0.2628080520481847,0,32,0,0,32
70.73333333333333,-57.052934300832405,-7.655944858104455,2.386242706129183,0.0,0.0,0.0,0.0,0.0,0.0,ZERO_INTENT,0.2628080520481847,0,32,0,0,32
70.75,-57.052934300832405,-7.655944858104455,2.386242706129183,0.0,0.0,0.0,0.0,0.0,0.0,ZERO_INTENT,0.2628080520481847,0,32,0,0,32
70.76666666666667,-57.052934300832405,-7.655944858104455,2.386242706129183,0.0,0.0,0.0,0.0,0.0,0.0,ZERO_INTENT,0.2628080520481847,0,32,0,0,32
70.78333333333333,-57.052934300832405,-7.655944858104455,2.386242706129183,0.0,0.0,0.0,0.0,0.0,0.0,ZERO_INTENT,0.2628080520481847,0,32,0,0,32
70.8,-57.052934300832405,-7.655944858104455,2.386242706129183,0.0,0.0,0.0,0.0,0.0,0.0,ZERO_INTENT,0.2628080520481847,0,32,0,0,32
70.81666666666666,-57.052934300832405,-7.655944858104455,2.386242706129183,0.0,0.0,0.0,0.0,0.0,0.0,ZERO_INTENT,0.2628080520481847,0,32,0,0,32
70.83333333333333,-57.052934300832405,-7.655944858104455,2.386242706129183,0.0,0.0,0.0,0.0,0.0,0.0,ZERO_INTENT,0.2628080520481847,0,32,0,0,32
70.85,-57.052934300832405,-7.655944858104455,2.386242706129183,0.0,0.0,0.0,0.0,0.0,0.0,ZERO_INTENT,0.2628080520481847,0,32,0,0,32
70.86666666666666,-57.052934300832405,-7.655944858104455,2.386242706129183,0.0,0.0,0.0,0.0,0.0,0.0,ZERO_INTENT,0.2628080520481847,0,32,0,0,32
70.88333333333334,-57.052934300832405,-7.655944858104455,2.386242706129183,0.0,0.0,0.0,0.0,0.0,0.0,ZERO_INTENT,0.2628080520481847,0,32,0,0,32
70.9,-57.052934300832405,-7.655944858104455,2.386242706129183,0.0,0.0,0.0,0.0,0.0,0.0,ZERO_INTENT,0.2628080520481847,0,32,0,0,32
70.91666666666667,-57.052934300832405,-7.655944858104455,2.386242706129183,0.0,0.0,0.0,0.0,0.0,0.0,ZERO_INTENT,0.2628080520481847,0,32,0,0,32
70.93333333333334,-57.052934300832405,-7.655944858104455,2.386242706129183,0.0,0.0,0.0,0.0,0.0,0.0,ZERO_INTENT,0.2628080520481847,0,32,0,0,32
70.95,-57.052934300832405,-7.655944858104455,2.386242706129183,0.0,0.0,0.0,0.0,0.0,0.0,ZERO_INTENT,0.2628080520481847,0,32,0,0,32
70.96666666666667,-57.052934300832405,-7.655944858104455,2.386242706129183,0.0,0.0,0.0,0.0,0.0,0.0,ZERO_INTENT,0.2628080520481847,0,32,0,0,32
70.98333333333333,-57.052934300832405,-7.655944858104455,2.386242706129183,0.0,0.0,0.0,0.0,0.0,0.0,ZERO_INTENT,0.2628080520481847,0,32,0,0,32
71.0,-57.052934300832405,-7.655944858104455,2.386242706129183,0.0,0.0,0.0,0.0,0.0,0.0,ZERO_INTENT,0.2628080520481847,0,32,0,0,32
71.01666666666667,-57.052934300832405,-7.655944858104455,2.386242706129183,0.0,0.0,0.0,0.0,0.0,0.0,ZERO_INTENT,0.2628080520481847,0,32,0,0,32
71.03333333333333,-57.052934300832405,-7.655944858104455,2.386242706129183,0.0,0.0,0.0,0.0,0.0,0.0,ZERO_INTENT,0.2628080520481847,0,32,0,0,32
71.05,-57.052934300832405,-7.655944858104455,2.386242706129183,0.0,0.0,0.0,0.0,0.0,0.0,ZERO_INTENT,0.2628080520481847,0,32,0,0,32
71.06666666666666,-57.052934300832405,-7.655944858104455,2.386242706129183,0.0,0.0,0.0,0.0,0.0,0.0,ZERO_INTENT,0.2628080520481847,0,32,0,0,32
71.08333333333333,-57.052934300832405,-7.655944858104455,2.386242706129183,0.0,0.0,0.0,0.0,0.0,0.0,ZERO_INTENT,0.2628080520481847,0,32,0,0,32
71.1,-57.052934300832405,-7.655944858104455,2.386242706129183,0.0,0.0,0.0,0.0,0.0,0.0,ZERO_INTENT,0.2628080520481847,0,32,0,0,32
71.11666666666666,-57.052934300832405,-7.655944858104455,2.386242706129183,0.0,0.0,0.0,0.0,0.0,0.0,ZERO_INTENT,0.2628080520481847,0,32,0,0,32
71.13333333333334,-57.052934300832405,-7.655944858104455,2.386242706129183,0.0,0.0,0.0,0.0,0.0,0.0,ZERO_INTENT,0.2628080520481847,0,32,0,0,32
71.15,-57.052934300832405,-7.655944858104455,2.386242706129183,0.0,0.0,0.0,0.0,0.0,0.0,ZERO_INTENT,0.2628080520481847,0,32,0,0,32
71.16666666666667,-57.052934300832405,-7.655944858104455,2.386242706129183,0.0,0.0,0.0,0.0,0.0,0.0,ZERO_INTENT,0.2628080520481847,0,32,0,0,32
71.18333333333334,-57.052934300832405,-7.655944858104455,2.386242706129183,0.0,0.0,0.0,0.0,0.0,0.0,ZERO_INTENT,0.2628080520481847,0,32,0,0,32
71.2,-57.052934300832405,-7.655944858104455,2.386242706129183,0.0,0.0,0.0,0.0,0.0,0.0,ZERO_INTENT,0.2628080520481847,0,32,0,0,32
71.21666666666667,-57.052934300832405,-7.655944858104455,2.386242706129183,0.0,0.0,0.0,0.0,0.0,0.0,ZERO_INTENT,0.2628080520481847,0,32,0,0,32
71.23333333333333,-57.052934300832405,-7.655944858104455,2.386242706129183,0.0,0.0,0.0,0.0,0.0,0.0,ZERO_INTENT,0.2628080520481847,0,32,0,0,32
71.25,-57.052934300832405,-7.655944858104455,2.386242706129183,0.0,0.0,0.0,0.0,0.0,0.0,ZERO_INTENT,0.2628080520481847,0,32,0,0,32
71.26666666666667,-57.052934300832405,-7.655944858104455,2.386242706129183,0.0,0.0,0.0,0.0,0.0,0.0,ZERO_INTENT,0.2628080520481847,0,32,0,0,32
71.28333333333333,-57.052934300832405,-7.655944858104455,2.386242706129183,0.0,0.0,0.0,0.0,0.0,0.0,ZERO_INTENT,0.2628080520481847,0,32,0,0,32
71.3,-57.052934300832405,-7.655944858104455,2.386242706129183,0.0,0.0,0.0,0.0,0.0,0.0,ZERO_INTENT,0.2628080520481847,0,32,0,0,32
71.31666666666666,-57.052934300832405,-7.655944858104455,2.386242706129183,0.0,0.0,0.0,0.0,0.0,0.0,ZERO_INTENT,0.2628080520481847,0,32,0,0,32
71.33333333333333,-57.052934300832405,-7.655944858104455,2.386242706129183,0.0,0.0,0.0,0.0,0.0,0.0,ZERO_INTENT,0.2628080520481847,0,32,0,0,32
71.35,-57.052934300832405,-7.655944858104455,2.386242706129183,0.0,0.0,0.0,0.0,0.0,0.0,ZERO_INTENT,0.2628080520481847,0,32,0,0,32
71.36666666666666,-57.052934300832405,-7.655944858104455,2.386242706129183,0.0,0.0,0.0,0.0,0.0,0.0,ZERO_INTENT,0.2628080520481847,0,32,0,0,32
71.38333333333334,-57.052934300832405,-7.655944858104455,2.386242706129183,0.0,0.0,0.0,0.0,0.0,0.0,ZERO_INTENT,0.2628080520481847,0,32,0,0,32
71.4,-57.052934300832405,-7.655944858104455,2.386242706129183,0.0,0.0,0.0,0.0,0.0,0.0,ZERO_INTENT,0.2628080520481847,0,32,0,0,32
71.41666666666667,-57.052934300832405,-7.655944858104455,2.386242706129183,0.0,0.0,0.0,0.0,0.0,0.0,ZERO_INTENT,0.2628080520481847,0,32,0,0,32
71.43333333333334,-57.052934300832405,-7.655944858104455,2.386242706129183,0.0,0.0,0.0,0.0,0.0,0.0,ZERO_INTENT,0.2628080520481847,0,32,0,0,32
71.45,-57.052934300832405,-7.655944858104455,2.386242706129183,0.0,0.0,0.0,0.0,0.0,0.0,ZERO_INTENT,0.2628080520481847,0,32,0,0,32
71.46666666666667,-57.052934300832405,-7.655944858104455,2.386242706129183,0.0,0.0,0.0,0.0,0.0,0.0,ZERO_INTENT,0.2628080520481847,0,32,0,0,32
71.48333333333333,-57.052934300832405,-7.655944858104455,2.386242706129183,0.0,0.0,0.0,0.0,0.0,0.0,ZERO_INTENT,0.2628080520481847,0,32,0,0,32
71.5,-57.052934300832405,-7.655944858104455,2.386242706129183,0.0,0.0,0.0,0.0,0.0,0.0,ZERO_INTENT,0.2628080520481847,0,32,0,0,32
71.51666666666667,-57.052934300832405,-7.655944858104455,2.386242706129183,0.0,0.0,0.0,0.0,0.0,0.0,ZERO_INTENT,0.2628080520481847,0,32,0,0,32
71.53333333333333,-57.052934300832405,-7.655944858104455,2.386242706129183,0.0,0.0,0.0,0.0,0.0,0.0,ZERO_INTENT,0.2628080520481847,0,32,0,0,32
71.55,-57.052934300832405,-7.655944858104455,2.386242706129183,0.0,0.0,0.0,0.0,0.0,0.0,ZERO_INTENT,0.2628080520481847,0,32,0,0,32
71.56666666666666,-57.052934300832405,-7.655944858104455,2.386242706129183,0.0,0.0,0.0,0.0,0.0,0.0,ZERO_INTENT,0.2628080520481847,0,32,0,0,32
71.58333333333333,-57.052934300832405,-7.655944858104455,2.386242706129183,0.0,0.0,0.0,0.0,0.0,0.0,ZERO_INTENT,0.2628080520481847,0,32,0,0,32
71.6,-57.052934300832405,-7.655944858104455,2.386242706129183,0.0,0.0,0.0,0.0,0.0,0.0,ZERO_INTENT,0.2628080520481847,0,32,0,0,32
71.61666666666666,-57.052934300832405,-7.655944858104455,2.386242706129183,0.0,0.0,0.0,0.0,0.0,0.0,ZERO_INTENT,0.2628080520481847,0,32,0,0,32
71.63333333333334,-57.052934300832405,-7.655944858104455,2.386242706129183,0.0,0.0,0.0,0.0,0.0,0.0,ZERO_INTENT,0.2628080520481847,0,32,0,0,32
71.65,-57.052934300832405,-7.655944858104455,2.386242706129183,0.0,0.0,0.0,0.0,0.0,0.0,ZERO_INTENT,0.2628080520481847,0,32,0,0,32
71.66666666666667,-57.052934300832405,-7.655944858104455,2.386242706129183,0.0,0.0,0.0,0.0,0.0,0.0,ZERO_INTENT,0.2628080520481847,0,32,0,0,32
71.68333333333334,-57.052934300832405,-7.655944858104455,2.386242706129183,0.0,0.0,0.0,0.0,0.0,0.0,ZERO_INTENT,0.2628080520481847,0,32,0,0,32
71.7,-57.052934300832405,-7.655944858104455,2.386242706129183,0.0,0.0,0.0,0.0,0.0,0.0,ZERO_INTENT,0.2628080520481847,0,32,0,0,32
71.71666666666667,-57.052934300832405,-7.655944858104455,2.386242706129183,0.0,0.0,0.0,0.0,0.0,0.0,ZERO_INTENT,0.2628080520481847,0,32,0,0,32
71.73333333333333,-57.052934300832405,-7.655944858104455,2.386242706129183,0.0,0.0,0.0,0.0,0.0,0.0,ZERO_INTENT,0.2628080520481847,0,32,0,0,32
71.75,-57.052934300832405,-7.655944858104455,2.386242706129183,0.0,0.0,0.0,0.0,0.0,0.0,ZERO_INTENT,0.2628080520481847,0,32,0,0,32
71.76666666666667,-57.052934300832405,-7.655944858104455,2.386242706129183,0.0,0.0,0.0,0.0,0.0,0.0,ZERO_INTENT,0.2628080520481847,0,32,0,0,32
71.78333333333333,-57.052934300832405,-7.655944858104455,2.386242706129183,0.0,0.0,0.0,0.0,0.0,0.0,ZERO_INTENT,0.2628080520481847,0,32,0,0,32
71.8,-57.052934300832405,-7.655944858104455,2.386242706129183,0.0,0.0,0.0,0.0,0.0,0.0,ZERO_INTENT,0.2628080520481847,0,32,0,0,32
71.81666666666666,-57.052934300832405,-7.655944858104455,2.386242706129183,0.0,0.0,0.0,0.0,0.0,0.0,ZERO_INTENT,0.2628080520481847,0,32,0,0,32
71.83333333333333,-57.052934300832405,-7.655944858104455,2.386242706129183,0.0,0.0,0.0,0.0,0.0,0.0,ZERO_INTENT,0.2628080520481847,0,32,0,0,32
71.85,-57.052934300832405,-7.655944858104455,2.386242706129183,0.0,0.0,0.0,0.0,0.0,0.0,ZERO_INTENT,0.2628080520481847,0,32,0,0,32
71.86666666666666,-57.052934300832405,-7.655944858104455,2.386242706129183,0.0,0.0,0.0,0.0,0.0,0.0,ZERO_INTENT,0.2628080520481847,0,32,0,0,32
71.88333333333334,-57.052934300832405,-7.655944858104455,2.386242706129183,0.0,0.0,0.0,0.0,0.0,0.0,ZERO_INTENT,0.2628080520481847,0,32,0,0,32
71.9,-57.052934300832405,-7.655944858104455,2.386242706129183,0.0,0.0,0.0,0.0,0.0,0.0,ZERO_INTENT,0.2628080520481847,0,32,0,0,32
71.91666666666667,-57.052934300832405,-7.655944858104455,2.386242706129183,0.0,0.0,0.0,0.0,0.0,0.0,ZERO_INTENT,0.2628080520481847,0,32,0,0,32
71.93333333333334,-57.052934300832405,-7.655944858104455,2.386242706129183,0.0,0.0,0.0,0.0,0.0,0.0,ZERO_INTENT,0.2628080520481847,0,32,0,0,32
71.95,-57.052934300832405,-7.655944858104455,2.386242706129183,0.0,0.0,0.0,0.0,0.0,0.0,ZERO_INTENT,0.2628080520481847,0,32,0,0,32
71.96666666666667,-57.052934300832405,-7.655944858104455,2.386242706129183,0.0,0.0,0.0,0.0,0.0,0.0,ZERO_INTENT,0.2628080520481847,0,32,0,0,32
71.98333333333333,-57.052934300832405,-7.655944858104455,2.386242706129183,0.0,0.0,0.0,0.0,0.0,0.0,ZERO_INTENT,0.2628080520481847,0,32,0,0,32
72.0,-57.052934300832405,-7.655944858104455,2.386242706129183,0.0,0.0,0.0,0.0,0.0,0.0,ZERO_INTENT,0.2628080520481847,0,32,0,0,32
72.01666666666667,-57.052934300832405,-7.655944858104455,2.386242706129183,0.0,0.0,0.0,0.0,0.0,0.0,ZERO_INTENT,0.2628080520481847,0,32,0,0,32
72.03333333333333,-57.052934300832405,-7.655944858104455,2.386242706129183,0.0,0.0,0.0,0.0,0.0,0.0,ZERO_INTENT,0.2628080520481847,0,32,0,0,32
72.05,-57.052934300832405,-7.655944858104455,2.386242706129183,0.0,0.0,0.0,0.0,0.0,0.0,ZERO_INTENT,0.2628080520481847,0,32,0,0,32
72.06666666666666,-57.052934300832405,-7.655944858104455,2.386242706129183,0.0,0.0,0.0,0.0,0.0,0.0,ZERO_INTENT,0.2628080520481847,0,32,0,0,32
72.08333333333333,-57.052934300832405,-7.655944858104455,2.386242706129183,0.0,0.0,0.0,0.0,0.0,0.0,ZERO_INTENT,0.2628080520481847,0,32,0,0,32
72.1,-57.052934300832405,-7.655944858104455,2.386242706129183,0.0,0.0,0.0,0.0,0.0,0.0,ZERO_INTENT,0.2628080520481847,0,32,0,0,32
72.11666666666666,-57.052934300832405,-7.655944858104455,2.386242706129183,0.0,0.0,0.0,0.0,0.0,0.0,ZERO_INTENT,0.2628080520481847,0,32,0,0,32
72.13333333333334,-57.052934300832405,-7.655944858104455,2.386242706129183,0.0,0.0,0.0,0.0,0.0,0.0,ZERO_INTENT,0.2628080520481847,0,32,0,0,32
72.15,-57.052934300832405,-7.655944858104455,2.386242706129183,0.0,0.0,0.0,0.0,0.0,0.0,ZERO_INTENT,0.2628080520481847,0,32,0,0,32
72.16666666666667,-57.052934300832405,-7.655944858104455,2.386242706129183,0.0,0.0,0.0,0.0,0.0,0.0,ZERO_INTENT,0.2628080520481847,0,32,0,0,32
72.18333333333334,-57.052934300832405,-7.655944858104455,2.386242706129183,0.0,0.0,0.0,0.0,0.0,0.0,ZERO_INTENT,0.2628080520481847,0,32,0,0,32
72.2,-57.052934300832405,-7.655944858104455,2.386242706129183,0.0,0.0,0.0,0.0,0.0,0.0,ZERO_INTENT,0.2628080520481847,0,32,0,0,32
72.21666666666667,-57.052934300832405,-7.655944858104455,2.386242706129183,0.0,0.0,0.0,0.0,0.0,0.0,ZERO_INTENT,0.2628080520481847,0,32,0,0,32
72.23333333333333,-57.052934300832405,-7.655944858104455,2.386242706129183,0.0,0.0,0.0,0.0,0.0,0.0,ZERO_INTENT,0.2628080520481847,0,32,0,0,32
72.25,-57.052934300832405,-7.655944858104455,2.386242706129183,0.0,0.0,0.0,0.0,0.0,0.0,ZERO_INTENT,0.2628080520481847,0,32,0,0,32
72.26666666666667,-57.052934300832405,-7.655944858104455,2.386242706129183,0.0,0.0,0.0,0.0,0.0,0.0,ZERO_INTENT,0.2628080520481847,0,32,0,0,32
72.28333333333333,-57.052934300832405,-7.655944858104455,2.386242706129183,0.0,0.0,0.0,0.0,0.0,0.0,ZERO_INTENT,0.2628080520481847,0,32,0,0,32
72.3,-57.052934300832405,-7.655944858104455,2.386242706129183,0.0,0.0,0.0,0.0,0.0,0.0,ZERO_INTENT,0.2628080520481847,0,32,0,0,32
72.31666666666666,-57.052934300832405,-7.655944858104455,2.386242706129183,0.0,0.0,0.0,0.0,0.0,0.0,ZERO_INTENT,0.2628080520481847,0,32,0,0,32
72.33333333333333,-57.052934300832405,-7.655944858104455,2.386242706129183,0.0,0.0,0.0,0.0,0.0,0.0,ZERO_INTENT,0.2628080520481847,0,32,0,0,32
72.35,-57.052934300832405,-7.655944858104455,2.386242706129183,0.0,0.0,0.0,0.0,0.0,0.0,ZERO_INTENT,0.2628080520481847,0,32,0,0,32
72.36666666666666,-57.052934300832405,-7.655944858104455,2.386242706129183,0.0,0.0,0.0,0.0,0.0,0.0,ZERO_INTENT,0.2628080520481847,0,32,0,0,32
72.38333333333334,-57.052934300832405,-7.655944858104455,2.386242706129183,0.0,0.0,0.0,0.0,0.0,0.0,ZERO_INTENT,0.2628080520481847,0,32,0,0,32
72.4,-57.052934300832405,-7.655944858104455,2.386242706129183,0.0,0.0,0.0,0.0,0.0,0.0,ZERO_INTENT,0.2628080520481847,0,32,0,0,32
72.41666666666667,-57.052934300832405,-7.655944858104455,2.386242706129183,0.0,0.0,0.0,0.0,0.0,0.0,ZERO_INTENT,0.2628080520481847,0,32,0,0,32
72.43333333333334,-57.052934300832405,-7.655944858104455,2.386242706129183,0.0,0.0,0.0,0.0,0.0,0.0,ZERO_INTENT,0.2628080520481847,0,32,0,0,32
72.45,-57.052934300832405,-7.655944858104455,2.386242706129183,0.0,0.0,0.0,0.0,0.0,0.0,ZERO_INTENT,0.2628080520481847,0,32,0,0,32
72.46666666666667,-57.052934300832405,-7.655944858104455,2.386242706129183,0.0,0.0,0.0,0.0,0.0,0.0,ZERO_INTENT,0.2628080520481847,0,32,0,0,32
72.48333333333333,-57.052934300832405,-7.655944858104455,2.386242706129183,0.0,0.0,0.0,0.0,0.0,0.0,ZERO_INTENT,0.2628080520481847,0,32,0,0,32
72.5,-57.052934300832405,-7.655944858104455,2.386242706129183,0.0,0.0,0.0,0.0,0.0,0.0,ZERO_INTENT,0.2628080520481847,0,32,0,0,32
72.51666666666667,-57.052934300832405,-7.655944858104455,2.386242706129183,0.0,0.0,0.0,0.0,0.0,0.0,ZERO_INTENT,0.2628080520481847,0,32,0,0,32
72.53333333333333,-57.052934300832405,-7.655944858104455,2.386242706129183,0.0,0.0,0.0,0.0,0.0,0.0,ZERO_INTENT,0.2628080520481847,0,32,0,0,32
72.55,-57.052934300832405,-7.655944858104455,2.386242706129183,0.0,0.0,0.0,0.0,0.0,0.0,ZERO_INTENT,0.2628080520481847,0,32,0,0,32
72.56666666666666,-57.052934300832405,-7.655944858104455,2.386242706129183,0.0,0.0,0.0,0.0,0.0,0.0,ZERO_INTENT,0.2628080520481847,0,32,0,0,32
72.58333333333333,-57.052934300832405,-7.655944858104455,2.386242706129183,0.0,0.0,0.0,0.0,0.0,0.0,ZERO_INTENT,0.2628080520481847,0,32,0,0,32
72.6,-57.052934300832405,-7.655944858104455,2.386242706129183,0.0,0.0,0.0,0.0,0.0,0.0,ZERO_INTENT,0.2628080520481847,0,32,0,0,32
72.61666666666666,-57.052934300832405,-7.655944858104455,2.386242706129183,0.0,0.0,0.0,0.0,0.0,0.0,ZERO_INTENT,0.2628080520481847,0,32,0,0,32
72.63333333333334,-57.052934300832405,-7.655944858104455,2.386242706129183,0.0,0.0,0.0,0.0,0.0,0.0,ZERO_INTENT,0.2628080520481847,0,32,0,0,32
72.65,-57.052934300832405,-7.655944858104455,2.386242706129183,0.0,0.0,0.0,0.0,0.0,0.0,ZERO_INTENT,0.2628080520481847,0,32,0,0,32
72.66666666666667,-57.052934300832405,-7.655944858104455,2.386242706129183,0.0,0.0,0.0,0.0,0.0,0.0,ZERO_INTENT,0.2628080520481847,0,32,0,0,32
72.68333333333334,-57.052934300832405,-7.655944858104455,2.386242706129183,0.0,0.0,0.0,0.0,0.0,0.0,ZERO_INTENT,0.2628080520481847,0,32,0,0,32
72.7,-57.052934300832405,-7.655944858104455,2.386242706129183,0.0,0.0,0.0,0.0,0.0,0.0,ZERO_INTENT,0.2628080520481847,0,32,0,0,32
72.71666666666667,-57.052934300832405,-7.655944858104455,2.386242706129183,0.0,0.0,0.0,0.0,0.0,0.0,ZERO_INTENT,0.2628080520481847,0,32,0,0,32
72.73333333333333,-57.052934300832405,-7.655944858104455,2.386242706129183,0.0,0.0,0.0,0.0,0.0,0.0,ZERO_INTENT,0.2628080520481847,0,32,0,0,32
72.75,-57.052934300832405,-7.655944858104455,2.386242706129183,0.0,0.0,0.0,0.0,0.0,0.0,ZERO_INTENT,0.2628080520481847,0,32,0,0,32
72.76666666666667,-57.052934300832405,-7.655944858104455,2.386242706129183,0.0,0.0,0.0,0.0,0.0,0.0,ZERO_INTENT,0.2628080520481847,0,32,0,0,32
72.78333333333333,-57.052934300832405,-7.655944858104455,2.386242706129183,0.0,0.0,0.0,0.0,0.0,0.0,ZERO_INTENT,0.2628080520481847,0,32,0,0,32
72.8,-57.052934300832405,-7.655944858104455,2.386242706129183,0.0,0.0,0.0,0.0,0.0,0.0,ZERO_INTENT,0.2628080520481847,0,32,0,0,32
72.81666666666666,-57.052934300832405,-7.655944858104455,2.386242706129183,0.0,0.0,0.0,0.0,0.0,0.0,ZERO_INTENT,0.2628080520481847,0,32,0,0,32
72.83333333333333,-57.052934300832405,-7.655944858104455,2.386242706129183,0.0,0.0,0.0,0.0,0.0,0.0,ZERO_INTENT,0.2628080520481847,0,32,0,0,32
72.85,-57.052934300832405,-7.655944858104455,2.386242706129183,0.0,0.0,0.0,0.0,0.0,0.0,ZERO_INTENT,0.2628080520481847,0,32,0,0,32
72.86666666666666,-57.052934300832405,-7.655944858104455,2.386242706129183,0.0,0.0,0.0,0.0,0.0,0.0,ZERO_INTENT,0.2628080520481847,0,32,0,0,32
72.88333333333334,-57.052934300832405,-7.655944858104455,2.386242706129183,0.0,0.0,0.0,0.0,0.0,0.0,ZERO_INTENT,0.2628080520481847,0,32,0,0,32
72.9,-57.052934300832405,-7.655944858104455,2.386242706129183,0.0,0.0,0.0,0.0,0.0,0.0,ZERO_INTENT,0.2628080520481847,0,32,0,0,32
72.91666666666667,-57.052934300832405,-7.655944858104455,2.386242706129183,0.0,0.0,0.0,0.0,0.0,0.0,ZERO_INTENT,0.2628080520481847,0,32,0,0,32
72.93333333333334,-57.052934300832405,-7.655944858104455,2.386242706129183,0.0,0.0,0.0,0.0,0.0,0.0,ZERO_INTENT,0.2628080520481847,0,32,0,0,32
72.95,-57.052934300832405,-7.655944858104455,2.386242706129183,0.0,0.0,0.0,0.0,0.0,0.0,ZERO_INTENT,0.2628080520481847,0,32,0,0,32
72.96666666666667,-57.052934300832405,-7.655944858104455,2.386242706129183,0.0,0.0,0.0,0.0,0.0,0.0,ZERO_INTENT,0.2628080520481847,0,32,0,0,32
72.98333333333333,-57.052934300832405,-7.655944858104455,2.386242706129183,0.0,0.0,0.0,0.0,0.0,0.0,ZERO_INTENT,0.2628080520481847,0,32,0,0,32
73.0,-57.052934300832405,-7.655944858104455,2.386242706129183,0.0,0.0,0.0,0.0,0.0,0.0,ZERO_INTENT,0.2628080520481847,0,32,0,0,32
73.01666666666667,-57.052934300832405,-7.655944858104455,2.386242706129183,0.0,0.0,0.0,0.0,0.0,0.0,ZERO_INTENT,0.2628080520481847,0,32,0,0,32
73.03333333333333,-57.052934300832405,-7.655944858104455,2.386242706129183,0.0,0.0,0.0,0.0,0.0,0.0,ZERO_INTENT,0.2628080520481847,0,32,0,0,32
73.05,-57.052934300832405,-7.655944858104455,2.386242706129183,0.0,0.0,0.0,0.0,0.0,0.0,ZERO_INTENT,0.2628080520481847,0,32,0,0,32
73.06666666666666,-57.052934300832405,-7.655944858104455,2.386242706129183,0.0,0.0,0.0,0.0,0.0,0.0,ZERO_INTENT,0.2628080520481847,0,32,0,0,32
73.08333333333333,-57.052934300832405,-7.655944858104455,2.386242706129183,0.0,0.0,0.0,0.0,0.0,0.0,ZERO_INTENT,0.2628080520481847,0,32,0,0,32
73.1,-57.052934300832405,-7.655944858104455,2.386242706129183,0.0,0.0,0.0,0.0,0.0,0.0,ZERO_INTENT,0.2628080520481847,0,32,0,0,32
73.11666666666666,-57.052934300832405,-7.655944858104455,2.386242706129183,0.0,0.0,0.0,0.0,0.0,0.0,ZERO_INTENT,0.2628080520481847,0,32,0,0,32
73.13333333333334,-57.052934300832405,-7.655944858104455,2.386242706129183,0.0,0.0,0.0,0.0,0.0,0.0,ZERO_INTENT,0.2628080520481847,0,32,0,0,32
73.15,-57.052934300832405,-7.655944858104455,2.386242706129183,0.0,0.0,0.0,0.0,0.0,0.0,ZERO_INTENT,0.2628080520481847,0,32,0,0,32
73.16666666666667,-57.052934300832405,-7.655944858104455,2.386242706129183,0.0,0.0,0.0,0.0,0.0,0.0,ZERO_INTENT,0.2628080520481847,0,32,0,0,32
73.18333333333334,-57.052934300832405,-7.655944858104455,2.386242706129183,0.0,0.0,0.0,0.0,0.0,0.0,ZERO_INTENT,0.2628080520481847,0,32,0,0,32
73.2,-57.052934300832405,-7.655944858104455,2.386242706129183,0.0,0.0,0.0,0.0,0.0,0.0,ZERO_INTENT,0.2628080520481847,0,32,0,0,32
73.21666666666667,-57.052934300832405,-7.655944858104455,2.386242706129183,0.0,0.0,0.0,0.0,0.0,0.0,ZERO_INTENT,0.2628080520481847,0,32,0,0,32
73.23333333333333,-57.052934300832405,-7.655944858104455,2.386242706129183,0.0,0.0,0.0,0.0,0.0,0.0,ZERO_INTENT,0.2628080520481847,0,32,0,0,32
73.25,-57.052934300832405,-7.655944858104455,2.386242706129183,0.0,0.0,0.0,0.0,0.0,0.0,ZERO_INTENT,0.2628080520481847,0,32,0,0,32
73.26666666666667,-57.052934300832405,-7.655944858104455,2.386242706129183,0.0,0.0,0.0,0.0,0.0,0.0,ZERO_INTENT,0.2628080520481847,0,32,0,0,32
73.28333333333333,-57.052934300832405,-7.655944858104455,2.386242706129183,0.0,0.0,0.0,0.0,0.0,0.0,ZERO_INTENT,0.2628080520481847,0,32,0,0,32
73.3,-57.052934300832405,-7.655944858104455,2.386242706129183,0.0,0.0,0.0,0.0,0.0,0.0,ZERO_INTENT,0.2628080520481847,0,32,0,0,32
73.31666666666666,-57.052934300832405,-7.655944858104455,2.386242706129183,0.0,0.0,0.0,0.0,0.0,0.0,ZERO_INTENT,0.2628080520481847,0,32,0,0,32
73.33333333333333,-57.052934300832405,-7.655944858104455,2.386242706129183,0.0,0.0,0.0,0.0,0.0,0.0,ZERO_INTENT,0.2628080520481847,0,32,0,0,32
73.35,-57.052934300832405,-7.655944858104455,2.386242706129183,0.0,0.0,0.0,0.0,0.0,0.0,ZERO_INTENT,0.2628080520481847,0,32,0,0,32
73.36666666666666,-57.052934300832405,-7.655944858104455,2.386242706129183,0.0,0.0,0.0,0.0,0.0,0.0,ZERO_INTENT,0.2628080520481847,0,32,0,0,32
73.38333333333334,-57.052934300832405,-7.655944858104455,2.386242706129183,0.0,0.0,0.0,0.0,0.0,0.0,ZERO_INTENT,0.2628080520481847,0,32,0,0,32
73.4,-57.052934300832405,-7.655944858104455,2.386242706129183,0.0,0.0,0.0,0.0,0.0,0.0,ZERO_INTENT,0.2628080520481847,0,32,0,0,32
73.41666666666667,-57.052934300832405,-7.655944858104455,2.386242706129183,0.0,0.0,0.0,0.0,0.0,0.0,ZERO_INTENT,0.2628080520481847,0,32,0,0,32
73.43333333333334,-57.052934300832405,-7.655944858104455,2.386242706129183,0.0,0.0,0.0,0.0,0.0,0.0,ZERO_INTENT,0.2628080520481847,0,32,0,0,32
73.45,-57.052934300832405,-7.655944858104455,2.386242706129183,0.0,0.0,0.0,0.0,0.0,0.0,ZERO_INTENT,0.2628080520481847,0,32,0,0,32
73.46666666666667,-57.052934300832405,-7.655944858104455,2.386242706129183,0.0,0.0,0.0,0.0,0.0,0.0,ZERO_INTENT,0.2628080520481847,0,32,0,0,32
73.48333333333333,-57.052934300832405,-7.655944858104455,2.386242706129183,0.0,0.0,0.0,0.0,0.0,0.0,ZERO_INTENT,0.2628080520481847,0,32,0,0,32
73.5,-57.052934300832405,-7.655944858104455,2.386242706129183,0.0,0.0,0.0,0.0,0.0,0.0,ZERO_INTENT,0.2628080520481847,0,32,0,0,32
73.51666666666667,-57.052934300832405,-7.655944858104455,2.386242706129183,0.0,0.0,0.0,0.0,0.0,0.0,ZERO_INTENT,0.2628080520481847,0,32,0,0,32
73.53333333333333,-57.052934300832405,-7.655944858104455,2.386242706129183,0.0,0.0,0.0,0.0,0.0,0.0,ZERO_INTENT,0.2628080520481847,0,32,0,0,32
73.55,-57.052934300832405,-7.655944858104455,2.386242706129183,0.0,0.0,0.0,0.0,0.0,0.0,ZERO_INTENT,0.2628080520481847,0,32,0,0,32
73.56666666666666,-57.052934300832405,-7.655944858104455,2.386242706129183,0.0,0.0,0.0,0.0,0.0,0.0,ZERO_INTENT,0.2628080520481847,0,32,0,0,32
73.58333333333333,-57.052934300832405,-7.655944858104455,2.386242706129183,0.0,0.0,0.0,0.0,0.0,0.0,ZERO_INTENT,0.2628080520481847,0,32,0,0,32
73.6,-57.052934300832405,-7.655944858104455,2.386242706129183,0.0,0.0,0.0,0.0,0.0,0.0,ZERO_INTENT,0.2628080520481847,0,32,0,0,32
73.61666666666666,-57.052934300832405,-7.655944858104455,2.386242706129183,0.0,0.0,0.0,0.0,0.0,0.0,ZERO_INTENT,0.2628080520481847,0,32,0,0,32
73.63333333333334,-57.052934300832405,-7.655944858104455,2.386242706129183,0.0,0.0,0.0,0.0,0.0,0.0,ZERO_INTENT,0.2628080520481847,0,32,0,0,32
73.65,-57.052934300832405,-7.655944858104455,2.386242706129183,0.0,0.0,0.0,0.0,0.0,0.0,ZERO_INTENT,0.2628080520481847,0,32,0,0,32
73.66666666666667,-57.052934300832405,-7.655944858104455,2.386242706129183,0.0,0.0,0.0,0.0,0.0,0.0,ZERO_INTENT,0.2628080520481847,0,32,0,0,32
73.68333333333334,-57.052934300832405,-7.655944858104455,2.386242706129183,0.0,0.0,0.0,0.0,0.0,0.0,ZERO_INTENT,0.2628080520481847,0,32,0,0,32
73.7,-57.052934300832405,-7.655944858104455,2.386242706129183,0.0,0.0,0.0,0.0,0.0,0.0,ZERO_INTENT,0.2628080520481847,0,32,0,0,32
73.71666666666667,-57.052934300832405,-7.655944858104455,2.386242706129183,0.0,0.0,0.0,0.0,0.0,0.0,ZERO_INTENT,0.2628080520481847,0,32,0,0,32
73.73333333333333,-57.052934300832405,-7.655944858104455,2.386242706129183,0.0,0.0,0.0,0.0,0.0,0.0,ZERO_INTENT,0.2628080520481847,0,32,0,0,32
73.75,-57.052934300832405,-7.655944858104455,2.386242706129183,0.0,0.0,0.0,0.0,0.0,0.0,ZERO_INTENT,0.2628080520481847,0,32,0,0,32
73.76666666666667,-57.052934300832405,-7.655944858104455,2.386242706129183,0.0,0.0,0.0,0.0,0.0,0.0,ZERO_INTENT,0.2628080520481847,0,32,0,0,32
73.78333333333333,-57.052934300832405,-7.655944858104455,2.386242706129183,0.0,0.0,0.0,0.0,0.0,0.0,ZERO_INTENT,0.2628080520481847,0,32,0,0,32
73.8,-57.052934300832405,-7.655944858104455,2.386242706129183,0.0,0.0,0.0,0.0,0.0,0.0,ZERO_INTENT,0.2628080520481847,0,32,0,0,32
73.81666666666666,-57.052934300832405,-7.655944858104455,2.386242706129183,0.0,0.0,0.0,0.0,0.0,0.0,ZERO_INTENT,0.2628080520481847,0,32,0,0,32
73.83333333333333,-57.052934300832405,-7.655944858104455,2.386242706129183,0.0,0.0,0.0,0.0,0.0,0.0,ZERO_INTENT,0.2628080520481847,0,32,0,0,32
73.85,-57.052934300832405,-7.655944858104455,2.386242706129183,0.0,0.0,0.0,0.0,0.0,0.0,ZERO_INTENT,0.2628080520481847,0,32,0,0,32
73.86666666666666,-57.052934300832405,-7.655944858104455,2.386242706129183,0.0,0.0,0.0,0.0,0.0,0.0,ZERO_INTENT,0.2628080520481847,0,32,0,0,32
73.88333333333334,-57.052934300832405,-7.655944858104455,2.386242706129183,0.0,0.0,0.0,0.0,0.0,0.0,ZERO_INTENT,0.2628080520481847,0,32,0,0,32
73.9,-57.052934300832405,-7.655944858104455,2.386242706129183,0.0,0.0,0.0,0.0,0.0,0.0,ZERO_INTENT,0.2628080520481847,0,32,0,0,32
73.91666666666667,-57.052934300832405,-7.655944858104455,2.386242706129183,0.0,0.0,0.0,0.0,0.0,0.0,ZERO_INTENT,0.2628080520481847,0,32,0,0,32
73.93333333333334,-57.052934300832405,-7.655944858104455,2.386242706129183,0.0,0.0,0.0,0.0,0.0,0.0,ZERO_INTENT,0.2628080520481847,0,32,0,0,32
73.95,-57.052934300832405,-7.655944858104455,2.386242706129183,0.0,0.0,0.0,0.0,0.0,0.0,ZERO_INTENT,0.2628080520481847,0,32,0,0,32
73.96666666666667,-57.052934300832405,-7.655944858104455,2.386242706129183,0.0,0.0,0.0,0.0,0.0,0.0,ZERO_INTENT,0.2628080520481847,0,32,0,0,32
73.98333333333333,-57.052934300832405,-7.655944858104455,2.386242706129183,0.0,0.0,0.0,0.0,0.0,0.0,ZERO_INTENT,0.2628080520481847,0,32,0,0,32
74.0,-57.052934300832405,-7.655944858104455,2.386242706129183,0.0,0.0,0.0,0.0,0.0,0.0,ZERO_INTENT,0.2628080520481847,0,32,0,0,32
74.01666666666667,-57.052934300832405,-7.655944858104455,2.386242706129183,0.0,0.0,0.0,0.0,0.0,0.0,ZERO_INTENT,0.2628080520481847,0,32,0,0,32
74.03333333333333,-57.052934300832405,-7.655944858104455,2.386242706129183,0.0,0.0,0.0,0.0,0.0,0.0,ZERO_INTENT,0.2628080520481847,0,32,0,0,32
74.05,-57.052934300832405,-7.655944858104455,2.386242706129183,0.0,0.0,0.0,0.0,0.0,0.0,ZERO_INTENT,0.2628080520481847,0,32,0,0,32
74.06666666666666,-57.052934300832405,-7.655944858104455,2.386242706129183,0.0,0.0,0.0,0.0,0.0,0.0,ZERO_INTENT,0.2628080520481847,0,32,0,0,32
74.08333333333333,-57.052934300832405,-7.655944858104455,2.386242706129183,0.0,0.0,0.0,0.0,0.0,0.0,ZERO_INTENT,0.2628080520481847,0,32,0,0,32
74.1,-57.052934300832405,-7.655944858104455,2.386242706129183,0.0,0.0,0.0,0.0,0.0,0.0,ZERO_INTENT,0.2628080520481847,0,32,0,0,32
74.11666666666666,-57.052934300832405,-7.655944858104455,2.386242706129183,0.0,0.0,0.0,0.0,0.0,0.0,ZERO_INTENT,0.2628080520481847,0,32,0,0,32
74.13333333333334,-57.052934300832405,-7.655944858104455,2.386242706129183,0.0,0.0,0.0,0.0,0.0,0.0,ZERO_INTENT,0.2628080520481847,0,32,0,0,32
74.15,-57.052934300832405,-7.655944858104455,2.386242706129183,0.0,0.0,0.0,0.0,0.0,0.0,ZERO_INTENT,0.2628080520481847,0,32,0,0,32
74.16666666666667,-57.052934300832405,-7.655944858104455,2.386242706129183,0.0,0.0,0.0,0.0,0.0,0.0,ZERO_INTENT,0.2628080520481847,0,32,0,0,32
74.18333333333334,-57.052934300832405,-7.655944858104455,2.386242706129183,0.0,0.0,0.0,0.0,0.0,0.0,ZERO_INTENT,0.2628080520481847,0,32,0,0,32
74.2,-57.052934300832405,-7.655944858104455,2.386242706129183,0.0,0.0,0.0,0.0,0.0,0.0,ZERO_INTENT,0.2628080520481847,0,32,0,0,32
74.21666666666667,-57.052934300832405,-7.655944858104455,2.386242706129183,0.0,0.0,0.0,0.0,0.0,0.0,ZERO_INTENT,0.2628080520481847,0,32,0,0,32
74.23333333333333,-57.052934300832405,-7.655944858104455,2.386242706129183,0.0,0.0,0.0,0.0,0.0,0.0,ZERO_INTENT,0.2628080520481847,0,32,0,0,32
74.25,-57.052934300832405,-7.655944858104455,2.386242706129183,0.0,0.0,0.0,0.0,0.0,0.0,ZERO_INTENT,0.2628080520481847,0,32,0,0,32
74.26666666666667,-57.052934300832405,-7.655944858104455,2.386242706129183,0.0,0.0,0.0,0.0,0.0,0.0,ZERO_INTENT,0.2628080520481847,0,32,0,0,32
74.28333333333333,-57.052934300832405,-7.655944858104455,2.386242706129183,0.0,0.0,0.0,0.0,0.0,0.0,ZERO_INTENT,0.2628080520481847,0,32,0,0,32
74.3,-57.052934300832405,-7.655944858104455,2.386242706129183,0.0,0.0,0.0,0.0,0.0,0.0,ZERO_INTENT,0.2628080520481847,0,32,0,0,32
74.31666666666666,-57.052934300832405,-7.655944858104455,2.386242706129183,0.0,0.0,0.0,0.0,0.0,0.0,ZERO_INTENT,0.2628080520481847,0,32,0,0,32
74.33333333333333,-57.052934300832405,-7.655944858104455,2.386242706129183,0.0,0.0,0.0,0.0,0.0,0.0,ZERO_INTENT,0.2628080520481847,0,32,0,0,32
74.35,-57.052934300832405,-7.655944858104455,2.386242706129183,0.0,0.0,0.0,0.0,0.0,0.0,ZERO_INTENT,0.2628080520481847,0,32,0,0,32
74.36666666666666,-57.052934300832405,-7.655944858104455,2.386242706129183,0.0,0.0,0.0,0.0,0.0,0.0,ZERO_INTENT,0.2628080520481847,0,32,0,0,32
74.38333333333334,-57.052934300832405,-7.655944858104455,2.386242706129183,0.0,0.0,0.0,0.0,0.0,0.0,ZERO_INTENT,0.2628080520481847,0,32,0,0,32
74.4,-57.052934300832405,-7.655944858104455,2.386242706129183,0.0,0.0,0.0,0.0,0.0,0.0,ZERO_INTENT,0.2628080520481847,0,32,0,0,32
74.41666666666667,-57.052934300832405,-7.655944858104455,2.386242706129183,0.0,0.0,0.0,0.0,0.0,0.0,ZERO_INTENT,0.2628080520481847,0,32,0,0,32
74.43333333333334,-57.052934300832405,-7.655944858104455,2.386242706129183,0.0,0.0,0.0,0.0,0.0,0.0,ZERO_INTENT,0.2628080520481847,0,32,0,0,32
74.45,-57.052934300832405,-7.655944858104455,2.386242706129183,0.0,0.0,0.0,0.0,0.0,0.0,ZERO_INTENT,0.2628080520481847,0,32,0,0,32
74.46666666666667,-57.052934300832405,-7.655944858104455,2.386242706129183,0.0,0.0,0.0,0.0,0.0,0.0,ZERO_INTENT,0.2628080520481847,0,32,0,0,32
74.48333333333333,-57.052934300832405,-7.655944858104455,2.386242706129183,0.0,0.0,0.0,0.0,0.0,0.0,ZERO_INTENT,0.2628080520481847,0,32,0,0,32
74.5,-57.052934300832405,-7.655944858104455,2.386242706129183,0.0,0.0,0.0,0.0,0.0,0.0,ZERO_INTENT,0.2628080520481847,0,32,0,0,32
74.51666666666667,-57.052934300832405,-7.655944858104455,2.386242706129183,0.0,0.0,0.0,0.0,0.0,0.0,ZERO_INTENT,0.2628080520481847,0,32,0,0,32
74.53333333333333,-57.052934300832405,-7.655944858104455,2.386242706129183,0.0,0.0,0.0,0.0,0.0,0.0,ZERO_INTENT,0.2628080520481847,0,32,0,0,32
74.55,-57.052934300832405,-7.655944858104455,2.386242706129183,0.0,0.0,0.0,0.0,0.0,0.0,ZERO_INTENT,0.2628080520481847,0,32,0,0,32
74.56666666666666,-57.052934300832405,-7.655944858104455,2.386242706129183,0.0,0.0,0.0,0.0,0.0,0.0,ZERO_INTENT,0.2628080520481847,0,32,0,0,32
74.58333333333333,-57.052934300832405,-7.655944858104455,2.386242706129183,0.0,0.0,0.0,0.0,0.0,0.0,ZERO_INTENT,0.2628080520481847,0,32,0,0,32
74.6,-57.052934300832405,-7.655944858104455,2.386242706129183,0.0,0.0,0.0,0.0,0.0,0.0,ZERO_INTENT,0.2628080520481847,0,32,0,0,32
74.61666666666666,-57.052934300832405,-7.655944858104455,2.386242706129183,0.0,0.0,0.0,0.0,0.0,0.0,ZERO_INTENT,0.2628080520481847,0,32,0,0,32
74.63333333333334,-57.052934300832405,-7.655944858104455,2.386242706129183,0.0,0.0,0.0,0.0,0.0,0.0,ZERO_INTENT,0.2628080520481847,0,32,0,0,32
74.65,-57.052934300832405,-7.655944858104455,2.386242706129183,0.0,0.0,0.0,0.0,0.0,0.0,ZERO_INTENT,0.2628080520481847,0,32,0,0,32
74.66666666666667,-57.052934300832405,-7.655944858104455,2.386242706129183,0.0,0.0,0.0,0.0,0.0,0.0,ZERO_INTENT,0.2628080520481847,0,32,0,0,32
74.68333333333334,-57.052934300832405,-7.655944858104455,2.386242706129183,0.0,0.0,0.0,0.0,0.0,0.0,ZERO_INTENT,0.2628080520481847,0,32,0,0,32
74.7,-57.052934300832405,-7.655944858104455,2.386242706129183,0.0,0.0,0.0,0.0,0.0,0.0,ZERO_INTENT,0.2628080520481847,0,32,0,0,32
74.71666666666667,-57.052934300832405,-7.655944858104455,2.386242706129183,0.0,0.0,0.0,0.0,0.0,0.0,ZERO_INTENT,0.2628080520481847,0,32,0,0,32
74.73333333333333,-57.052934300832405,-7.655944858104455,2.386242706129183,0.0,0.0,0.0,0.0,0.0,0.0,ZERO_INTENT,0.2628080520481847,0,32,0,0,32
74.75,-57.052934300832405,-7.655944858104455,2.386242706129183,0.0,0.0,0.0,0.0,0.0,0.0,ZERO_INTENT,0.2628080520481847,0,32,0,0,32
74.76666666666667,-57.052934300832405,-7.655944858104455,2.386242706129183,0.0,0.0,0.0,0.0,0.0,0.0,ZERO_INTENT,0.2628080520481847,0,32,0,0,32
74.78333333333333,-57.052934300832405,-7.655944858104455,2.386242706129183,0.0,0.0,0.0,0.0,0.0,0.0,ZERO_INTENT,0.2628080520481847,0,32,0,0,32
74.8,-57.052934300832405,-7.655944858104455,2.386242706129183,0.0,0.0,0.0,0.0,0.0,0.0,ZERO_INTENT,0.2628080520481847,0,32,0,0,32
74.81666666666666,-57.052934300832405,-7.655944858104455,2.386242706129183,0.0,0.0,0.0,0.0,0.0,0.0,ZERO_INTENT,0.2628080520481847,0,32,0,0,32
74.83333333333333,-57.052934300832405,-7.655944858104455,2.386242706129183,0.0,0.0,0.0,0.0,0.0,0.0,ZERO_INTENT,0.2628080520481847,0,32,0,0,32
74.85,-57.052934300832405,-7.655944858104455,2.386242706129183,0.0,0.0,0.0,0.0,0.0,0.0,ZERO_INTENT,0.2628080520481847,0,32,0,0,32
74.86666666666666,-57.052934300832405,-7.655944858104455,2.386242706129183,0.0,0.0,0.0,0.0,0.0,0.0,ZERO_INTENT,0.2628080520481847,0,32,0,0,32
74.88333333333334,-57.052934300832405,-7.655944858104455,2.386242706129183,0.0,0.0,0.0,0.0,0.0,0.0,ZERO_INTENT,0.2628080520481847,0,32,0,0,32
74.9,-57.052934300832405,-7.655944858104455,2.386242706129183,0.0,0.0,0.0,0.0,0.0,0.0,ZERO_INTENT,0.2628080520481847,0,32,0,0,32
74.91666666666667,-57.052934300832405,-7.655944858104455,2.386242706129183,0.0,0.0,0.0,0.0,0.0,0.0,ZERO_INTENT,0.2628080520481847,0,32,0,0,32
74.93333333333334,-57.052934300832405,-7.655944858104455,2.386242706129183,0.0,0.0,0.0,0.0,0.0,0.0,ZERO_INTENT,0.2628080520481847,0,32,0,0,32
74.95,-57.052934300832405,-7.655944858104455,2.386242706129183,0.0,0.0,0.0,0.0,0.0,0.0,ZERO_INTENT,0.2628080520481847,0,32,0,0,32
74.96666666666667,-57.052934300832405,-7.655944858104455,2.386242706129183,0.0,0.0,0.0,0.0,0.0,0.0,ZERO_INTENT,0.2628080520481847,0,32,0,0,32
74.98333333333333,-57.052934300832405,-7.655944858104455,2.386242706129183,0.0,0.0,0.0,0.0,0.0,0.0,ZERO_INTENT,0.2628080520481847,0,32,0,0,32
75.0,-57.052934300832405,-7.655944858104455,2.386242706129183,0.0,0.0,0.0,0.0,0.0,0.0,ZERO_INTENT,0.2628080520481847,0,32,0,0,32
75.01666666666667,-57.052934300832405,-7.655944858104455,2.386242706129183,0.0,0.0,0.0,0.0,0.0,0.0,ZERO_INTENT,0.2628080520481847,0,32,0,0,32
75.03333333333333,-57.052934300832405,-7.655944858104455,2.386242706129183,0.0,0.0,0.0,0.0,0.0,0.0,ZERO_INTENT,0.2628080520481847,0,32,0,0,32
75.05,-57.052934300832405,-7.655944858104455,2.386242706129183,0.0,0.0,0.0,0.0,0.0,0.0,ZERO_INTENT,0.2628080520481847,0,32,0,0,32
75.06666666666666,-57.052934300832405,-7.655944858104455,2.386242706129183,0.0,0.0,0.0,0.0,0.0,0.0,ZERO_INTENT,0.2628080520481847,0,32,0,0,32
75.08333333333333,-57.052934300832405,-7.655944858104455,2.386242706129183,0.0,0.0,0.0,0.0,0.0,0.0,ZERO_INTENT,0.2628080520481847,0,32,0,0,32
75.1,-57.052934300832405,-7.655944858104455,2.386242706129183,0.0,0.0,0.0,0.0,0.0,0.0,ZERO_INTENT,0.2628080520481847,0,32,0,0,32
75.11666666666666,-57.052934300832405,-7.655944858104455,2.386242706129183,0.0,0.0,0.0,0.0,0.0,0.0,ZERO_INTENT,0.2628080520481847,0,32,0,0,32
75.13333333333334,-57.052934300832405,-7.655944858104455,2.386242706129183,0.0,0.0,0.0,0.0,0.0,0.0,ZERO_INTENT,0.2628080520481847,0,32,0,0,32
75.15,-57.052934300832405,-7.655944858104455,2.386242706129183,0.0,0.0,0.0,0.0,0.0,0.0,ZERO_INTENT,0.2628080520481847,0,32,0,0,32
75.16666666666667,-57.052934300832405,-7.655944858104455,2.386242706129183,0.0,0.0,0.0,0.0,0.0,0.0,ZERO_INTENT,0.2628080520481847,0,32,0,0,32
75.18333333333334,-57.052934300832405,-7.655944858104455,2.386242706129183,0.0,0.0,0.0,0.0,0.0,0.0,ZERO_INTENT,0.2628080520481847,0,32,0,0,32
75.2,-57.052934300832405,-7.655944858104455,2.386242706129183,0.0,0.0,0.0,0.0,0.0,0.0,ZERO_INTENT,0.2628080520481847,0,32,0,0,32
75.21666666666667,-57.052934300832405,-7.655944858104455,2.386242706129183,0.0,0.0,0.0,0.0,0.0,0.0,ZERO_INTENT,0.2628080520481847,0,32,0,0,32
75.23333333333333,-57.052934300832405,-7.655944858104455,2.386242706129183,0.0,0.0,0.0,0.0,0.0,0.0,ZERO_INTENT,0.2628080520481847,0,32,0,0,32
75.25,-57.052934300832405,-7.655944858104455,2.386242706129183,0.0,0.0,0.0,0.0,0.0,0.0,ZERO_INTENT,0.2628080520481847,0,32,0,0,32
75.26666666666667,-57.052934300832405,-7.655944858104455,2.386242706129183,0.0,0.0,0.0,0.0,0.0,0.0,ZERO_INTENT,0.2628080520481847,0,32,0,0,32
75.28333333333333,-57.052934300832405,-7.655944858104455,2.386242706129183,0.0,0.0,0.0,0.0,0.0,0.0,ZERO_INTENT,0.2628080520481847,0,32,0,0,32
75.3,-57.052934300832405,-7.655944858104455,2.386242706129183,0.0,0.0,0.0,0.0,0.0,0.0,ZERO_INTENT,0.2628080520481847,0,32,0,0,32
75.31666666666666,-57.052934300832405,-7.655944858104455,2.386242706129183,0.0,0.0,0.0,0.0,0.0,0.0,ZERO_INTENT,0.2628080520481847,0,32,0,0,32
75.33333333333333,-57.052934300832405,-7.655944858104455,2.386242706129183,0.0,0.0,0.0,0.0,0.0,0.0,ZERO_INTENT,0.2628080520481847,0,32,0,0,32
75.35,-57.052934300832405,-7.655944858104455,2.386242706129183,0.0,0.0,0.0,0.0,0.0,0.0,ZERO_INTENT,0.2628080520481847,0,32,0,0,32
75.36666666666666,-57.052934300832405,-7.655944858104455,2.386242706129183,0.0,0.0,0.0,0.0,0.0,0.0,ZERO_INTENT,0.2628080520481847,0,32,0,0,32
75.38333333333334,-57.052934300832405,-7.655944858104455,2.386242706129183,0.0,0.0,0.0,0.0,0.0,0.0,ZERO_INTENT,0.2628080520481847,0,32,0,0,32
75.4,-57.052934300832405,-7.655944858104455,2.386242706129183,0.0,0.0,0.0,0.0,0.0,0.0,ZERO_INTENT,0.2628080520481847,0,32,0,0,32
75.41666666666667,-57.052934300832405,-7.655944858104455,2.386242706129183,0.0,0.0,0.0,0.0,0.0,0.0,ZERO_INTENT,0.2628080520481847,0,32,0,0,32
75.43333333333334,-57.052934300832405,-7.655944858104455,2.386242706129183,0.0,0.0,0.0,0.0,0.0,0.0,ZERO_INTENT,0.2628080520481847,0,32,0,0,32
75.45,-57.052934300832405,-7.655944858104455,2.386242706129183,0.0,0.0,0.0,0.0,0.0,0.0,ZERO_INTENT,0.2628080520481847,0,32,0,0,32
75.46666666666667,-57.052934300832405,-7.655944858104455,2.386242706129183,0.0,0.0,0.0,0.0,0.0,0.0,ZERO_INTENT,0.2628080520481847,0,32,0,0,32
75.48333333333333,-57.052934300832405,-7.655944858104455,2.386242706129183,0.0,0.0,0.0,0.0,0.0,0.0,ZERO_INTENT,0.2628080520481847,0,32,0,0,32
75.5,-57.052934300832405,-7.655944858104455,2.386242706129183,0.0,0.0,0.0,0.0,0.0,0.0,ZERO_INTENT,0.2628080520481847,0,32,0,0,32
75.51666666666667,-57.052934300832405,-7.655944858104455,2.386242706129183,0.0,0.0,0.0,0.0,0.0,0.0,ZERO_INTENT,0.2628080520481847,0,32,0,0,32
75.53333333333333,-57.052934300832405,-7.655944858104455,2.386242706129183,0.0,0.0,0.0,0.0,0.0,0.0,ZERO_INTENT,0.2628080520481847,0,32,0,0,32
75.55,-57.052934300832405,-7.655944858104455,2.386242706129183,0.0,0.0,0.0,0.0,0.0,0.0,ZERO_INTENT,0.2628080520481847,0,32,0,0,32
75.56666666666666,-57.052934300832405,-7.655944858104455,2.386242706129183,0.0,0.0,0.0,0.0,0.0,0.0,ZERO_INTENT,0.2628080520481847,0,32,0,0,32
75.58333333333333,-57.052934300832405,-7.655944858104455,2.386242706129183,0.0,0.0,0.0,0.0,0.0,0.0,ZERO_INTENT,0.2628080520481847,0,32,0,0,32
75.6,-57.052934300832405,-7.655944858104455,2.386242706129183,0.0,0.0,0.0,0.0,0.0,0.0,ZERO_INTENT,0.2628080520481847,0,32,0,0,32
75.61666666666666,-57.052934300832405,-7.655944858104455,2.386242706129183,0.0,0.0,0.0,0.0,0.0,0.0,ZERO_INTENT,0.2628080520481847,0,32,0,0,32
75.63333333333334,-57.052934300832405,-7.655944858104455,2.386242706129183,0.0,0.0,0.0,0.0,0.0,0.0,ZERO_INTENT,0.2628080520481847,0,32,0,0,32
75.65,-57.052934300832405,-7.655944858104455,2.386242706129183,0.0,0.0,0.0,0.0,0.0,0.0,ZERO_INTENT,0.2628080520481847,0,32,0,0,32
75.66666666666667,-57.052934300832405,-7.655944858104455,2.386242706129183,0.0,0.0,0.0,0.0,0.0,0.0,ZERO_INTENT,0.2628080520481847,0,32,0,0,32
75.68333333333334,-57.052934300832405,-7.655944858104455,2.386242706129183,0.0,0.0,0.0,0.0,0.0,0.0,ZERO_INTENT,0.2628080520481847,0,32,0,0,32
75.7,-57.052934300832405,-7.655944858104455,2.386242706129183,0.0,0.0,0.0,0.0,0.0,0.0,ZERO_INTENT,0.2628080520481847,0,32,0,0,32
75.71666666666667,-57.052934300832405,-7.655944858104455,2.386242706129183,0.0,0.0,0.0,0.0,0.0,0.0,ZERO_INTENT,0.2628080520481847,0,32,0,0,32
75.73333333333333,-57.052934300832405,-7.655944858104455,2.386242706129183,0.0,0.0,0.0,0.0,0.0,0.0,ZERO_INTENT,0.2628080520481847,0,32,0,0,32
75.75,-57.052934300832405,-7.655944858104455,2.386242706129183,0.0,0.0,0.0,0.0,0.0,0.0,ZERO_INTENT,0.2628080520481847,0,32,0,0,32
75.76666666666667,-57.052934300832405,-7.655944858104455,2.386242706129183,0.0,0.0,0.0,0.0,0.0,0.0,ZERO_INTENT,0.2628080520481847,0,32,0,0,32
75.78333333333333,-57.052934300832405,-7.655944858104455,2.386242706129183,0.0,0.0,0.0,0.0,0.0,0.0,ZERO_INTENT,0.2628080520481847,0,32,0,0,32
75.8,-57.052934300832405,-7.655944858104455,2.386242706129183,0.0,0.0,0.0,0.0,0.0,0.0,ZERO_INTENT,0.2628080520481847,0,32,0,0,32
75.81666666666666,-57.052934300832405,-7.655944858104455,2.386242706129183,0.0,0.0,0.0,0.0,0.0,0.0,ZERO_INTENT,0.2628080520481847,0,32,0,0,32
75.83333333333333,-57.052934300832405,-7.655944858104455,2.386242706129183,0.0,0.0,0.0,0.0,0.0,0.0,ZERO_INTENT,0.2628080520481847,0,32,0,0,32
75.85,-57.052934300832405,-7.655944858104455,2.386242706129183,0.0,0.0,0.0,0.0,0.0,0.0,ZERO_INTENT,0.2628080520481847,0,32,0,0,32
75.86666666666666,-57.052934300832405,-7.655944858104455,2.386242706129183,0.0,0.0,0.0,0.0,0.0,0.0,ZERO_INTENT,0.2628080520481847,0,32,0,0,32
75.88333333333334,-57.052934300832405,-7.655944858104455,2.386242706129183,0.0,0.0,0.0,0.0,0.0,0.0,ZERO_INTENT,0.2628080520481847,0,32,0,0,32
75.9,-57.052934300832405,-7.655944858104455,2.386242706129183,0.0,0.0,0.0,0.0,0.0,0.0,ZERO_INTENT,0.2628080520481847,0,32,0,0,32
75.91666666666667,-57.052934300832405,-7.655944858104455,2.386242706129183,0.0,0.0,0.0,0.0,0.0,0.0,ZERO_INTENT,0.2628080520481847,0,32,0,0,32
75.93333333333334,-57.052934300832405,-7.655944858104455,2.386242706129183,0.0,0.0,0.0,0.0,0.0,0.0,ZERO_INTENT,0.2628080520481847,0,32,0,0,32
75.95,-57.052934300832405,-7.655944858104455,2.386242706129183,0.0,0.0,0.0,0.0,0.0,0.0,ZERO_INTENT,0.2628080520481847,0,32,0,0,32
75.96666666666667,-57.052934300832405,-7.655944858104455,2.386242706129183,0.0,0.0,0.0,0.0,0.0,0.0,ZERO_INTENT,0.2628080520481847,0,32,0,0,32
75.98333333333333,-57.052934300832405,-7.655944858104455,2.386242706129183,0.0,0.0,0.0,0.0,0.0,0.0,ZERO_INTENT,0.2628080520481847,0,32,0,0,32
76.0,-57.052934300832405,-7.655944858104455,2.386242706129183,0.0,0.0,0.0,0.0,0.0,0.0,ZERO_INTENT,0.2628080520481847,0,32,0,0,32
76.01666666666667,-57.052934300832405,-7.655944858104455,2.386242706129183,0.0,0.0,0.0,0.0,0.0,0.0,ZERO_INTENT,0.2628080520481847,0,32,0,0,32
76.03333333333333,-57.052934300832405,-7.655944858104455,2.386242706129183,0.0,0.0,0.0,0.0,0.0,0.0,ZERO_INTENT,0.2628080520481847,0,32,0,0,32
76.05,-57.052934300832405,-7.655944858104455,2.386242706129183,0.0,0.0,0.0,0.0,0.0,0.0,ZERO_INTENT,0.2628080520481847,0,32,0,0,32
76.06666666666666,-57.052934300832405,-7.655944858104455,2.386242706129183,0.0,0.0,0.0,0.0,0.0,0.0,ZERO_INTENT,0.2628080520481847,0,32,0,0,32
76.08333333333333,-57.052934300832405,-7.655944858104455,2.386242706129183,0.0,0.0,0.0,0.0,0.0,0.0,ZERO_INTENT,0.2628080520481847,0,32,0,0,32
76.1,-57.052934300832405,-7.655944858104455,2.386242706129183,0.0,0.0,0.0,0.0,0.0,0.0,ZERO_INTENT,0.2628080520481847,0,32,0,0,32
76.11666666666666,-57.052934300832405,-7.655944858104455,2.386242706129183,0.0,0.0,0.0,0.0,0.0,0.0,ZERO_INTENT,0.2628080520481847,0,32,0,0,32
76.13333333333334,-57.052934300832405,-7.655944858104455,2.386242706129183,0.0,0.0,0.0,0.0,0.0,0.0,ZERO_INTENT,0.2628080520481847,0,32,0,0,32
76.15,-57.052934300832405,-7.655944858104455,2.386242706129183,0.0,0.0,0.0,0.0,0.0,0.0,ZERO_INTENT,0.2628080520481847,0,32,0,0,32
76.16666666666667,-57.052934300832405,-7.655944858104455,2.386242706129183,0.0,0.0,0.0,0.0,0.0,0.0,ZERO_INTENT,0.2628080520481847,0,32,0,0,32
76.18333333333334,-57.052934300832405,-7.655944858104455,2.386242706129183,0.0,0.0,0.0,0.0,0.0,0.0,ZERO_INTENT,0.2628080520481847,0,32,0,0,32
76.2,-57.052934300832405,-7.655944858104455,2.386242706129183,0.0,0.0,0.0,0.0,0.0,0.0,ZERO_INTENT,0.2628080520481847,0,32,0,0,32
76.21666666666667,-57.052934300832405,-7.655944858104455,2.386242706129183,0.0,0.0,0.0,0.0,0.0,0.0,ZERO_INTENT,0.2628080520481847,0,32,0,0,32
76.23333333333333,-57.052934300832405,-7.655944858104455,2.386242706129183,0.0,0.0,0.0,0.0,0.0,0.0,ZERO_INTENT,0.2628080520481847,0,32,0,0,32
76.25,-57.052934300832405,-7.655944858104455,2.386242706129183,0.0,0.0,0.0,0.0,0.0,0.0,ZERO_INTENT,0.2628080520481847,0,32,0,0,32
76.26666666666667,-57.052934300832405,-7.655944858104455,2.386242706129183,0.0,0.0,0.0,0.0,0.0,0.0,ZERO_INTENT,0.2628080520481847,0,32,0,0,32
76.28333333333333,-57.052934300832405,-7.655944858104455,2.386242706129183,0.0,0.0,0.0,0.0,0.0,0.0,ZERO_INTENT,0.2628080520481847,0,32,0,0,32
76.3,-57.052934300832405,-7.655944858104455,2.386242706129183,0.0,0.0,0.0,0.0,0.0,0.0,ZERO_INTENT,0.2628080520481847,0,32,0,0,32
76.31666666666666,-57.052934300832405,-7.655944858104455,2.386242706129183,0.0,0.0,0.0,0.0,0.0,0.0,ZERO_INTENT,0.2628080520481847,0,32,0,0,32
76.33333333333333,-57.052934300832405,-7.655944858104455,2.386242706129183,0.0,0.0,0.0,0.0,0.0,0.0,ZERO_INTENT,0.2628080520481847,0,32,0,0,32
76.35,-57.052934300832405,-7.655944858104455,2.386242706129183,0.0,0.0,0.0,0.0,0.0,0.0,ZERO_INTENT,0.2628080520481847,0,32,0,0,32
76.36666666666666,-57.052934300832405,-7.655944858104455,2.386242706129183,0.0,0.0,0.0,0.0,0.0,0.0,ZERO_INTENT,0.2628080520481847,0,32,0,0,32
76.38333333333334,-57.052934300832405,-7.655944858104455,2.386242706129183,0.0,0.0,0.0,0.0,0.0,0.0,ZERO_INTENT,0.2628080520481847,0,32,0,0,32
76.4,-57.052934300832405,-7.655944858104455,2.386242706129183,0.0,0.0,0.0,0.0,0.0,0.0,ZERO_INTENT,0.2628080520481847,0,32,0,0,32
76.41666666666667,-57.052934300832405,-7.655944858104455,2.386242706129183,0.0,0.0,0.0,0.0,0.0,0.0,ZERO_INTENT,0.2628080520481847,0,32,0,0,32
76.43333333333334,-57.052934300832405,-7.655944858104455,2.386242706129183,0.0,0.0,0.0,0.0,0.0,0.0,ZERO_INTENT,0.2628080520481847,0,32,0,0,32
76.45,-57.052934300832405,-7.655944858104455,2.386242706129183,0.0,0.0,0.0,0.0,0.0,0.0,ZERO_INTENT,0.2628080520481847,0,32,0,0,32
76.46666666666667,-57.052934300832405,-7.655944858104455,2.386242706129183,0.0,0.0,0.0,0.0,0.0,0.0,ZERO_INTENT,0.2628080520481847,0,32,0,0,32
76.48333333333333,-57.052934300832405,-7.655944858104455,2.386242706129183,0.0,0.0,0.0,0.0,0.0,0.0,ZERO_INTENT,0.2628080520481847,0,32,0,0,32
76.5,-57.052934300832405,-7.655944858104455,2.386242706129183,0.0,0.0,0.0,0.0,0.0,0.0,ZERO_INTENT,0.2628080520481847,0,32,0,0,32
76.51666666666667,-57.052934300832405,-7.655944858104455,2.386242706129183,0.0,0.0,0.0,0.0,0.0,0.0,ZERO_INTENT,0.2628080520481847,0,32,0,0,32
76.53333333333333,-57.052934300832405,-7.655944858104455,2.386242706129183,0.0,0.0,0.0,0.0,0.0,0.0,ZERO_INTENT,0.2628080520481847,0,32,0,0,32
76.55,-57.052934300832405,-7.655944858104455,2.386242706129183,0.0,0.0,0.0,0.0,0.0,0.0,ZERO_INTENT,0.2628080520481847,0,32,0,0,32
76.56666666666666,-57.052934300832405,-7.655944858104455,2.386242706129183,0.0,0.0,0.0,0.0,0.0,0.0,ZERO_INTENT,0.2628080520481847,0,32,0,0,32
76.58333333333333,-57.052934300832405,-7.655944858104455,2.386242706129183,0.0,0.0,0.0,0.0,0.0,0.0,ZERO_INTENT,0.2628080520481847,0,32,0,0,32
76.6,-57.052934300832405,-7.655944858104455,2.386242706129183,0.0,0.0,0.0,0.0,0.0,0.0,ZERO_INTENT,0.2628080520481847,0,32,0,0,32
76.61666666666666,-57.052934300832405,-7.655944858104455,2.386242706129183,0.0,0.0,0.0,0.0,0.0,0.0,ZERO_INTENT,0.2628080520481847,0,32,0,0,32
76.63333333333334,-57.052934300832405,-7.655944858104455,2.386242706129183,0.0,0.0,0.0,0.0,0.0,0.0,ZERO_INTENT,0.2628080520481847,0,32,0,0,32
76.65,-57.052934300832405,-7.655944858104455,2.386242706129183,0.0,0.0,0.0,0.0,0.0,0.0,ZERO_INTENT,0.2628080520481847,0,32,0,0,32
76.66666666666667,-57.052934300832405,-7.655944858104455,2.386242706129183,0.0,0.0,0.0,0.0,0.0,0.0,ZERO_INTENT,0.2628080520481847,0,32,0,0,32
76.68333333333334,-57.052934300832405,-7.655944858104455,2.386242706129183,0.0,0.0,0.0,0.0,0.0,0.0,ZERO_INTENT,0.2628080520481847,0,32,0,0,32
76.7,-57.052934300832405,-7.655944858104455,2.386242706129183,0.0,0.0,0.0,0.0,0.0,0.0,ZERO_INTENT,0.2628080520481847,0,32,0,0,32
76.71666666666667,-57.052934300832405,-7.655944858104455,2.386242706129183,0.0,0.0,0.0,0.0,0.0,0.0,ZERO_INTENT,0.2628080520481847,0,32,0,0,32
76.73333333333333,-57.052934300832405,-7.655944858104455,2.386242706129183,0.0,0.0,0.0,0.0,0.0,0.0,ZERO_INTENT,0.2628080520481847,0,32,0,0,32
76.75,-57.052934300832405,-7.655944858104455,2.386242706129183,0.0,0.0,0.0,0.0,0.0,0.0,ZERO_INTENT,0.2628080520481847,0,32,0,0,32
76.76666666666667,-57.052934300832405,-7.655944858104455,2.386242706129183,0.0,0.0,0.0,0.0,0.0,0.0,ZERO_INTENT,0.2628080520481847,0,32,0,0,32
76.78333333333333,-57.052934300832405,-7.655944858104455,2.386242706129183,0.0,0.0,0.0,0.0,0.0,0.0,ZERO_INTENT,0.2628080520481847,0,32,0,0,32
76.8,-57.052934300832405,-7.655944858104455,2.386242706129183,0.0,0.0,0.0,0.0,0.0,0.0,ZERO_INTENT,0.2628080520481847,0,32,0,0,32
76.81666666666666,-57.052934300832405,-7.655944858104455,2.386242706129183,0.0,0.0,0.0,0.0,0.0,0.0,ZERO_INTENT,0.2628080520481847,0,32,0,0,32
76.83333333333333,-57.052934300832405,-7.655944858104455,2.386242706129183,0.0,0.0,0.0,0.0,0.0,0.0,ZERO_INTENT,0.2628080520481847,0,32,0,0,32
76.85,-57.052934300832405,-7.655944858104455,2.386242706129183,0.0,0.0,0.0,0.0,0.0,0.0,ZERO_INTENT,0.2628080520481847,0,32,0,0,32
76.86666666666666,-57.052934300832405,-7.655944858104455,2.386242706129183,0.0,0.0,0.0,0.0,0.0,0.0,ZERO_INTENT,0.2628080520481847,0,32,0,0,32
76.88333333333334,-57.052934300832405,-7.655944858104455,2.386242706129183,0.0,0.0,0.0,0.0,0.0,0.0,ZERO_INTENT,0.2628080520481847,0,32,0,0,32
76.9,-57.052934300832405,-7.655944858104455,2.386242706129183,0.0,0.0,0.0,0.0,0.0,0.0,ZERO_INTENT,0.2628080520481847,0,32,0,0,32
76.91666666666667,-57.052934300832405,-7.655944858104455,2.386242706129183,0.0,0.0,0.0,0.0,0.0,0.0,ZERO_INTENT,0.2628080520481847,0,32,0,0,32
76.93333333333334,-57.052934300832405,-7.655944858104455,2.386242706129183,0.0,0.0,0.0,0.0,0.0,0.0,ZERO_INTENT,0.2628080520481847,0,32,0,0,32
76.95,-57.052934300832405,-7.655944858104455,2.386242706129183,0.0,0.0,0.0,0.0,0.0,0.0,ZERO_INTENT,0.2628080520481847,0,32,0,0,32
76.96666666666667,-57.052934300832405,-7.655944858104455,2.386242706129183,0.0,0.0,0.0,0.0,0.0,0.0,ZERO_INTENT,0.2628080520481847,0,32,0,0,32
76.98333333333333,-57.052934300832405,-7.655944858104455,2.386242706129183,0.0,0.0,0.0,0.0,0.0,0.0,ZERO_INTENT,0.2628080520481847,0,32,0,0,32
77.0,-57.052934300832405,-7.655944858104455,2.386242706129183,0.0,0.0,0.0,0.0,0.0,0.0,ZERO_INTENT,0.2628080520481847,0,32,0,0,32
77.01666666666667,-57.052934300832405,-7.655944858104455,2.386242706129183,0.0,0.0,0.0,0.0,0.0,0.0,ZERO_INTENT,0.2628080520481847,0,32,0,0,32
77.03333333333333,-57.052934300832405,-7.655944858104455,2.386242706129183,0.0,0.0,0.0,0.0,0.0,0.0,ZERO_INTENT,0.2628080520481847,0,32,0,0,32
77.05,-57.052934300832405,-7.655944858104455,2.386242706129183,0.0,0.0,0.0,0.0,0.0,0.0,ZERO_INTENT,0.2628080520481847,0,32,0,0,32
77.06666666666666,-57.052934300832405,-7.655944858104455,2.386242706129183,0.0,0.0,0.0,0.0,0.0,0.0,ZERO_INTENT,0.2628080520481847,0,32,0,0,32
77.08333333333333,-57.052934300832405,-7.655944858104455,2.386242706129183,0.0,0.0,0.0,0.0,0.0,0.0,ZERO_INTENT,0.2628080520481847,0,32,0,0,32
77.1,-57.052934300832405,-7.655944858104455,2.386242706129183,0.0,0.0,0.0,0.0,0.0,0.0,ZERO_INTENT,0.2628080520481847,0,32,0,0,32
77.11666666666666,-57.052934300832405,-7.655944858104455,2.386242706129183,0.0,0.0,0.0,0.0,0.0,0.0,ZERO_INTENT,0.2628080520481847,0,32,0,0,32
77.13333333333334,-57.052934300832405,-7.655944858104455,2.386242706129183,0.0,0.0,0.0,0.0,0.0,0.0,ZERO_INTENT,0.2628080520481847,0,32,0,0,32
77.15,-57.052934300832405,-7.655944858104455,2.386242706129183,0.0,0.0,0.0,0.0,0.0,0.0,ZERO_INTENT,0.2628080520481847,0,32,0,0,32
77.16666666666667,-57.052934300832405,-7.655944858104455,2.386242706129183,0.0,0.0,0.0,0.0,0.0,0.0,ZERO_INTENT,0.2628080520481847,0,32,0,0,32
77.18333333333334,-57.052934300832405,-7.655944858104455,2.386242706129183,0.0,0.0,0.0,0.0,0.0,0.0,ZERO_INTENT,0.2628080520481847,0,32,0,0,32
77.2,-57.052934300832405,-7.655944858104455,2.386242706129183,0.0,0.0,0.0,0.0,0.0,0.0,ZERO_INTENT,0.2628080520481847,0,32,0,0,32
77.21666666666667,-57.052934300832405,-7.655944858104455,2.386242706129183,0.0,0.0,0.0,0.0,0.0,0.0,ZERO_INTENT,0.2628080520481847,0,32,0,0,32
77.23333333333333,-57.052934300832405,-7.655944858104455,2.386242706129183,0.0,0.0,0.0,0.0,0.0,0.0,ZERO_INTENT,0.2628080520481847,0,32,0,0,32
77.25,-57.052934300832405,-7.655944858104455,2.386242706129183,0.0,0.0,0.0,0.0,0.0,0.0,ZERO_INTENT,0.2628080520481847,0,32,0,0,32
77.26666666666667,-57.052934300832405,-7.655944858104455,2.386242706129183,0.0,0.0,0.0,0.0,0.0,0.0,ZERO_INTENT,0.2628080520481847,0,32,0,0,32
77.28333333333333,-57.052934300832405,-7.655944858104455,2.386242706129183,0.0,0.0,0.0,0.0,0.0,0.0,ZERO_INTENT,0.2628080520481847,0,32,0,0,32
77.3,-57.052934300832405,-7.655944858104455,2.386242706129183,0.0,0.0,0.0,0.0,0.0,0.0,ZERO_INTENT,0.2628080520481847,0,32,0,0,32
77.31666666666666,-57.052934300832405,-7.655944858104455,2.386242706129183,0.0,0.0,0.0,0.0,0.0,0.0,ZERO_INTENT,0.2628080520481847,0,32,0,0,32
77.33333333333333,-57.052934300832405,-7.655944858104455,2.386242706129183,0.0,0.0,0.0,0.0,0.0,0.0,ZERO_INTENT,0.2628080520481847,0,32,0,0,32
77.35,-57.052934300832405,-7.655944858104455,2.386242706129183,0.0,0.0,0.0,0.0,0.0,0.0,ZERO_INTENT,0.2628080520481847,0,32,0,0,32
77.36666666666666,-57.052934300832405,-7.655944858104455,2.386242706129183,0.0,0.0,0.0,0.0,0.0,0.0,ZERO_INTENT,0.2628080520481847,0,32,0,0,32
77.38333333333334,-57.052934300832405,-7.655944858104455,2.386242706129183,0.0,0.0,0.0,0.0,0.0,0.0,ZERO_INTENT,0.2628080520481847,0,32,0,0,32
77.4,-57.052934300832405,-7.655944858104455,2.386242706129183,0.0,0.0,0.0,0.0,0.0,0.0,ZERO_INTENT,0.2628080520481847,0,32,0,0,32
77.41666666666667,-57.052934300832405,-7.655944858104455,2.386242706129183,0.0,0.0,0.0,0.0,0.0,0.0,ZERO_INTENT,0.2628080520481847,0,32,0,0,32
77.43333333333334,-57.052934300832405,-7.655944858104455,2.386242706129183,0.0,0.0,0.0,0.0,0.0,0.0,ZERO_INTENT,0.2628080520481847,0,32,0,0,32
77.45,-57.052934300832405,-7.655944858104455,2.386242706129183,0.0,0.0,0.0,0.0,0.0,0.0,ZERO_INTENT,0.2628080520481847,0,32,0,0,32
77.46666666666667,-57.052934300832405,-7.655944858104455,2.386242706129183,0.0,0.0,0.0,0.0,0.0,0.0,ZERO_INTENT,0.2628080520481847,0,32,0,0,32
77.48333333333333,-57.052934300832405,-7.655944858104455,2.386242706129183,0.0,0.0,0.0,0.0,0.0,0.0,ZERO_INTENT,0.2628080520481847,0,32,0,0,32
77.5,-57.052934300832405,-7.655944858104455,2.386242706129183,0.0,0.0,0.0,0.0,0.0,0.0,ZERO_INTENT,0.2628080520481847,0,32,0,0,32
77.51666666666667,-57.052934300832405,-7.655944858104455,2.386242706129183,0.0,0.0,0.0,0.0,0.0,0.0,ZERO_INTENT,0.2628080520481847,0,32,0,0,32
77.53333333333333,-57.052934300832405,-7.655944858104455,2.386242706129183,0.0,0.0,0.0,0.0,0.0,0.0,ZERO_INTENT,0.2628080520481847,0,32,0,0,32
77.55,-57.052934300832405,-7.655944858104455,2.386242706129183,0.0,0.0,0.0,0.0,0.0,0.0,ZERO_INTENT,0.2628080520481847,0,32,0,0,32
77.56666666666666,-57.052934300832405,-7.655944858104455,2.386242706129183,0.0,0.0,0.0,0.0,0.0,0.0,ZERO_INTENT,0.2628080520481847,0,32,0,0,32
77.58333333333333,-57.052934300832405,-7.655944858104455,2.386242706129183,0.0,0.0,0.0,0.0,0.0,0.0,ZERO_INTENT,0.2628080520481847,0,32,0,0,32
77.6,-57.052934300832405,-7.655944858104455,2.386242706129183,0.0,0.0,0.0,0.0,0.0,0.0,ZERO_INTENT,0.2628080520481847,0,32,0,0,32
77.61666666666666,-57.052934300832405,-7.655944858104455,2.386242706129183,0.0,0.0,0.0,0.0,0.0,0.0,ZERO_INTENT,0.2628080520481847,0,32,0,0,32
77.63333333333334,-57.052934300832405,-7.655944858104455,2.386242706129183,0.0,0.0,0.0,0.0,0.0,0.0,ZERO_INTENT,0.2628080520481847,0,32,0,0,32
77.65,-57.052934300832405,-7.655944858104455,2.386242706129183,0.0,0.0,0.0,0.0,0.0,0.0,ZERO_INTENT,0.2628080520481847,0,32,0,0,32
77.66666666666667,-57.052934300832405,-7.655944858104455,2.386242706129183,0.0,0.0,0.0,0.0,0.0,0.0,ZERO_INTENT,0.2628080520481847,0,32,0,0,32
77.68333333333334,-57.052934300832405,-7.655944858104455,2.386242706129183,0.0,0.0,0.0,0.0,0.0,0.0,ZERO_INTENT,0.2628080520481847,0,32,0,0,32
77.7,-57.052934300832405,-7.655944858104455,2.386242706129183,0.0,0.0,0.0,0.0,0.0,0.0,ZERO_INTENT,0.2628080520481847,0,32,0,0,32
77.71666666666667,-57.052934300832405,-7.655944858104455,2.386242706129183,0.0,0.0,0.0,0.0,0.0,0.0,ZERO_INTENT,0.2628080520481847,0,32,0,0,32
77.73333333333333,-57.052934300832405,-7.655944858104455,2.386242706129183,0.0,0.0,0.0,0.0,0.0,0.0,ZERO_INTENT,0.2628080520481847,0,32,0,0,32
77.75,-57.052934300832405,-7.655944858104455,2.386242706129183,0.0,0.0,0.0,0.0,0.0,0.0,ZERO_INTENT,0.2628080520481847,0,32,0,0,32
77.76666666666667,-57.052934300832405,-7.655944858104455,2.386242706129183,0.0,0.0,0.0,0.0,0.0,0.0,ZERO_INTENT,0.2628080520481847,0,32,0,0,32
77.78333333333333,-57.052934300832405,-7.655944858104455,2.386242706129183,0.0,0.0,0.0,0.0,0.0,0.0,ZERO_INTENT,0.2628080520481847,0,32,0,0,32
77.8,-57.052934300832405,-7.655944858104455,2.386242706129183,0.0,0.0,0.0,0.0,0.0,0.0,ZERO_INTENT,0.2628080520481847,0,32,0,0,32
77.81666666666666,-57.052934300832405,-7.655944858104455,2.386242706129183,0.0,0.0,0.0,0.0,0.0,0.0,ZERO_INTENT,0.2628080520481847,0,32,0,0,32
77.83333333333333,-57.052934300832405,-7.655944858104455,2.386242706129183,0.0,0.0,0.0,0.0,0.0,0.0,ZERO_INTENT,0.2628080520481847,0,32,0,0,32
77.85,-57.052934300832405,-7.655944858104455,2.386242706129183,0.0,0.0,0.0,0.0,0.0,0.0,ZERO_INTENT,0.2628080520481847,0,32,0,0,32
77.86666666666666,-57.052934300832405,-7.655944858104455,2.386242706129183,0.0,0.0,0.0,0.0,0.0,0.0,ZERO_INTENT,0.2628080520481847,0,32,0,0,32
77.88333333333334,-57.052934300832405,-7.655944858104455,2.386242706129183,0.0,0.0,0.0,0.0,0.0,0.0,ZERO_INTENT,0.2628080520481847,0,32,0,0,32
77.9,-57.052934300832405,-7.655944858104455,2.386242706129183,0.0,0.0,0.0,0.0,0.0,0.0,ZERO_INTENT,0.2628080520481847,0,32,0,0,32
77.91666666666667,-57.052934300832405,-7.655944858104455,2.386242706129183,0.0,0.0,0.0,0.0,0.0,0.0,ZERO_INTENT,0.2628080520481847,0,32,0,0,32
77.93333333333334,-57.052934300832405,-7.655944858104455,2.386242706129183,0.0,0.0,0.0,0.0,0.0,0.0,ZERO_INTENT,0.2628080520481847,0,32,0,0,32
77.95,-57.052934300832405,-7.655944858104455,2.386242706129183,0.0,0.0,0.0,0.0,0.0,0.0,ZERO_INTENT,0.2628080520481847,0,32,0,0,32
77.96666666666667,-57.052934300832405,-7.655944858104455,2.386242706129183,0.0,0.0,0.0,0.0,0.0,0.0,ZERO_INTENT,0.2628080520481847,0,32,0,0,32
77.98333333333333,-57.052934300832405,-7.655944858104455,2.386242706129183,0.0,0.0,0.0,0.0,0.0,0.0,ZERO_INTENT,0.2628080520481847,0,32,0,0,32
78.0,-57.052934300832405,-7.655944858104455,2.386242706129183,0.0,0.0,0.0,0.0,0.0,0.0,ZERO_INTENT,0.2628080520481847,0,32,0,0,32
78.01666666666667,-57.052934300832405,-7.655944858104455,2.386242706129183,0.0,0.0,0.0,0.0,0.0,0.0,ZERO_INTENT,0.2628080520481847,0,32,0,0,32
78.03333333333333,-57.052934300832405,-7.655944858104455,2.386242706129183,0.0,0.0,0.0,0.0,0.0,0.0,ZERO_INTENT,0.2628080520481847,0,32,0,0,32
78.05,-57.052934300832405,-7.655944858104455,2.386242706129183,0.0,0.0,0.0,0.0,0.0,0.0,ZERO_INTENT,0.2628080520481847,0,32,0,0,32
78.06666666666666,-57.052934300832405,-7.655944858104455,2.386242706129183,0.0,0.0,0.0,0.0,0.0,0.0,ZERO_INTENT,0.2628080520481847,0,32,0,0,32
78.08333333333333,-57.052934300832405,-7.655944858104455,2.386242706129183,0.0,0.0,0.0,0.0,0.0,0.0,ZERO_INTENT,0.2628080520481847,0,32,0,0,32
78.1,-57.052934300832405,-7.655944858104455,2.386242706129183,0.0,0.0,0.0,0.0,0.0,0.0,ZERO_INTENT,0.2628080520481847,0,32,0,0,32
78.11666666666666,-57.052934300832405,-7.655944858104455,2.386242706129183,0.0,0.0,0.0,0.0,0.0,0.0,ZERO_INTENT,0.2628080520481847,0,32,0,0,32
78.13333333333334,-57.052934300832405,-7.655944858104455,2.386242706129183,0.0,0.0,0.0,0.0,0.0,0.0,ZERO_INTENT,0.2628080520481847,0,32,0,0,32
78.15,-57.052934300832405,-7.655944858104455,2.386242706129183,0.0,0.0,0.0,0.0,0.0,0.0,ZERO_INTENT,0.2628080520481847,0,32,0,0,32
78.16666666666667,-57.052934300832405,-7.655944858104455,2.386242706129183,0.0,0.0,0.0,0.0,0.0,0.0,ZERO_INTENT,0.2628080520481847,0,32,0,0,32
78.18333333333334,-57.052934300832405,-7.655944858104455,2.386242706129183,0.0,0.0,0.0,0.0,0.0,0.0,ZERO_INTENT,0.2628080520481847,0,32,0,0,32
78.2,-57.052934300832405,-7.655944858104455,2.386242706129183,0.0,0.0,0.0,0.0,0.0,0.0,ZERO_INTENT,0.2628080520481847,0,32,0,0,32
78.21666666666667,-57.052934300832405,-7.655944858104455,2.386242706129183,0.0,0.0,0.0,0.0,0.0,0.0,ZERO_INTENT,0.2628080520481847,0,32,0,0,32
78.23333333333333,-57.052934300832405,-7.655944858104455,2.386242706129183,0.0,0.0,0.0,0.0,0.0,0.0,ZERO_INTENT,0.2628080520481847,0,32,0,0,32
78.25,-57.052934300832405,-7.655944858104455,2.386242706129183,0.0,0.0,0.0,0.0,0.0,0.0,ZERO_INTENT,0.2628080520481847,0,32,0,0,32
78.26666666666667,-57.052934300832405,-7.655944858104455,2.386242706129183,0.0,0.0,0.0,0.0,0.0,0.0,ZERO_INTENT,0.2628080520481847,0,32,0,0,32
78.28333333333333,-57.052934300832405,-7.655944858104455,2.386242706129183,0.0,0.0,0.0,0.0,0.0,0.0,ZERO_INTENT,0.2628080520481847,0,32,0,0,32
78.3,-57.052934300832405,-7.655944858104455,2.386242706129183,0.0,0.0,0.0,0.0,0.0,0.0,ZERO_INTENT,0.2628080520481847,0,32,0,0,32
78.31666666666666,-57.052934300832405,-7.655944858104455,2.386242706129183,0.0,0.0,0.0,0.0,0.0,0.0,ZERO_INTENT,0.2628080520481847,0,32,0,0,32
78.33333333333333,-57.052934300832405,-7.655944858104455,2.386242706129183,0.0,0.0,0.0,0.0,0.0,0.0,ZERO_INTENT,0.2628080520481847,0,32,0,0,32
78.35,-57.052934300832405,-7.655944858104455,2.386242706129183,0.0,0.0,0.0,0.0,0.0,0.0,ZERO_INTENT,0.2628080520481847,0,32,0,0,32
78.36666666666666,-57.052934300832405,-7.655944858104455,2.386242706129183,0.0,0.0,0.0,0.0,0.0,0.0,ZERO_INTENT,0.2628080520481847,0,32,0,0,32
78.38333333333334,-57.052934300832405,-7.655944858104455,2.386242706129183,0.0,0.0,0.0,0.0,0.0,0.0,ZERO_INTENT,0.2628080520481847,0,32,0,0,32
78.4,-57.052934300832405,-7.655944858104455,2.386242706129183,0.0,0.0,0.0,0.0,0.0,0.0,ZERO_INTENT,0.2628080520481847,0,32,0,0,32
78.41666666666667,-57.052934300832405,-7.655944858104455,2.386242706129183,0.0,0.0,0.0,0.0,0.0,0.0,ZERO_INTENT,0.2628080520481847,0,32,0,0,32
78.43333333333334,-57.052934300832405,-7.655944858104455,2.386242706129183,0.0,0.0,0.0,0.0,0.0,0.0,ZERO_INTENT,0.2628080520481847,0,32,0,0,32
78.45,-57.052934300832405,-7.655944858104455,2.386242706129183,0.0,0.0,0.0,0.0,0.0,0.0,ZERO_INTENT,0.2628080520481847,0,32,0,0,32
78.46666666666667,-57.052934300832405,-7.655944858104455,2.386242706129183,0.0,0.0,0.0,0.0,0.0,0.0,ZERO_INTENT,0.2628080520481847,0,32,0,0,32
78.48333333333333,-57.052934300832405,-7.655944858104455,2.386242706129183,0.0,0.0,0.0,0.0,0.0,0.0,ZERO_INTENT,0.2628080520481847,0,32,0,0,32
78.5,-57.052934300832405,-7.655944858104455,2.386242706129183,0.0,0.0,0.0,0.0,0.0,0.0,ZERO_INTENT,0.2628080520481847,0,32,0,0,32
78.51666666666667,-57.052934300832405,-7.655944858104455,2.386242706129183,0.0,0.0,0.0,0.0,0.0,0.0,ZERO_INTENT,0.2628080520481847,0,32,0,0,32
78.53333333333333,-57.052934300832405,-7.655944858104455,2.386242706129183,0.0,0.0,0.0,0.0,0.0,0.0,ZERO_INTENT,0.2628080520481847,0,32,0,0,32
78.55,-57.052934300832405,-7.655944858104455,2.386242706129183,0.0,0.0,0.0,0.0,0.0,0.0,ZERO_INTENT,0.2628080520481847,0,32,0,0,32
78.56666666666666,-57.052934300832405,-7.655944858104455,2.386242706129183,0.0,0.0,0.0,0.0,0.0,0.0,ZERO_INTENT,0.2628080520481847,0,32,0,0,32
78.58333333333333,-57.052934300832405,-7.655944858104455,2.386242706129183,0.0,0.0,0.0,0.0,0.0,0.0,ZERO_INTENT,0.2628080520481847,0,32,0,0,32
78.6,-57.052934300832405,-7.655944858104455,2.386242706129183,0.0,0.0,0.0,0.0,0.0,0.0,ZERO_INTENT,0.2628080520481847,0,32,0,0,32
78.61666666666666,-57.052934300832405,-7.655944858104455,2.386242706129183,0.0,0.0,0.0,0.0,0.0,0.0,ZERO_INTENT,0.2628080520481847,0,32,0,0,32
78.63333333333334,-57.052934300832405,-7.655944858104455,2.386242706129183,0.0,0.0,0.0,0.0,0.0,0.0,ZERO_INTENT,0.2628080520481847,0,32,0,0,32
78.65,-57.052934300832405,-7.655944858104455,2.386242706129183,0.0,0.0,0.0,0.0,0.0,0.0,ZERO_INTENT,0.2628080520481847,0,32,0,0,32
78.66666666666667,-57.052934300832405,-7.655944858104455,2.386242706129183,0.0,0.0,0.0,0.0,0.0,0.0,ZERO_INTENT,0.2628080520481847,0,32,0,0,32
78.68333333333334,-57.052934300832405,-7.655944858104455,2.386242706129183,0.0,0.0,0.0,0.0,0.0,0.0,ZERO_INTENT,0.2628080520481847,0,32,0,0,32
78.7,-57.052934300832405,-7.655944858104455,2.386242706129183,0.0,0.0,0.0,0.0,0.0,0.0,ZERO_INTENT,0.2628080520481847,0,32,0,0,32
78.71666666666667,-57.052934300832405,-7.655944858104455,2.386242706129183,0.0,0.0,0.0,0.0,0.0,0.0,ZERO_INTENT,0.2628080520481847,0,32,0,0,32
78.73333333333333,-57.052934300832405,-7.655944858104455,2.386242706129183,0.0,0.0,0.0,0.0,0.0,0.0,ZERO_INTENT,0.2628080520481847,0,32,0,0,32
78.75,-57.052934300832405,-7.655944858104455,2.386242706129183,0.0,0.0,0.0,0.0,0.0,0.0,ZERO_INTENT,0.2628080520481847,0,32,0,0,32
78.76666666666667,-57.052934300832405,-7.655944858104455,2.386242706129183,0.0,0.0,0.0,0.0,0.0,0.0,ZERO_INTENT,0.2628080520481847,0,32,0,0,32
78.78333333333333,-57.052934300832405,-7.655944858104455,2.386242706129183,0.0,0.0,0.0,0.0,0.0,0.0,ZERO_INTENT,0.2628080520481847,0,32,0,0,32
78.8,-57.052934300832405,-7.655944858104455,2.386242706129183,0.0,0.0,0.0,0.0,0.0,0.0,ZERO_INTENT,0.2628080520481847,0,32,0,0,32
78.81666666666666,-57.052934300832405,-7.655944858104455,2.386242706129183,0.0,0.0,0.0,0.0,0.0,0.0,ZERO_INTENT,0.2628080520481847,0,32,0,0,32
78.83333333333333,-57.052934300832405,-7.655944858104455,2.386242706129183,0.0,0.0,0.0,0.0,0.0,0.0,ZERO_INTENT,0.2628080520481847,0,32,0,0,32
78.85,-57.052934300832405,-7.655944858104455,2.386242706129183,0.0,0.0,0.0,0.0,0.0,0.0,ZERO_INTENT,0.2628080520481847,0,32,0,0,32
78.86666666666666,-57.052934300832405,-7.655944858104455,2.386242706129183,0.0,0.0,0.0,0.0,0.0,0.0,ZERO_INTENT,0.2628080520481847,0,32,0,0,32
78.88333333333334,-57.052934300832405,-7.655944858104455,2.386242706129183,0.0,0.0,0.0,0.0,0.0,0.0,ZERO_INTENT,0.2628080520481847,0,32,0,0,32
78.9,-57.052934300832405,-7.655944858104455,2.386242706129183,0.0,0.0,0.0,0.0,0.0,0.0,ZERO_INTENT,0.2628080520481847,0,32,0,0,32
78.91666666666667,-57.052934300832405,-7.655944858104455,2.386242706129183,0.0,0.0,0.0,0.0,0.0,0.0,ZERO_INTENT,0.2628080520481847,0,32,0,0,32
78.93333333333334,-57.052934300832405,-7.655944858104455,2.386242706129183,0.0,0.0,0.0,0.0,0.0,0.0,ZERO_INTENT,0.2628080520481847,0,32,0,0,32
78.95,-57.052934300832405,-7.655944858104455,2.386242706129183,0.0,0.0,0.0,0.0,0.0,0.0,ZERO_INTENT,0.2628080520481847,0,32,0,0,32
78.96666666666667,-57.052934300832405,-7.655944858104455,2.386242706129183,0.0,0.0,0.0,0.0,0.0,0.0,ZERO_INTENT,0.2628080520481847,0,32,0,0,32
78.98333333333333,-57.052934300832405,-7.655944858104455,2.386242706129183,0.0,0.0,0.0,0.0,0.0,0.0,ZERO_INTENT,0.2628080520481847,0,32,0,0,32
79.0,-57.052934300832405,-7.655944858104455,2.386242706129183,0.0,0.0,0.0,0.0,0.0,0.0,ZERO_INTENT,0.2628080520481847,0,32,0,0,32
79.01666666666667,-57.052934300832405,-7.655944858104455,2.386242706129183,0.0,0.0,0.0,0.0,0.0,0.0,ZERO_INTENT,0.2628080520481847,0,32,0,0,32
79.03333333333333,-57.052934300832405,-7.655944858104455,2.386242706129183,0.0,0.0,0.0,0.0,0.0,0.0,ZERO_INTENT,0.2628080520481847,0,32,0,0,32
79.05,-57.052934300832405,-7.655944858104455,2.386242706129183,0.0,0.0,0.0,0.0,0.0,0.0,ZERO_INTENT,0.2628080520481847,0,32,0,0,32
79.06666666666666,-57.052934300832405,-7.655944858104455,2.386242706129183,0.0,0.0,0.0,0.0,0.0,0.0,ZERO_INTENT,0.2628080520481847,0,32,0,0,32
79.08333333333333,-57.052934300832405,-7.655944858104455,2.386242706129183,0.0,0.0,0.0,0.0,0.0,0.0,ZERO_INTENT,0.2628080520481847,0,32,0,0,32
79.1,-57.052934300832405,-7.655944858104455,2.386242706129183,0.0,0.0,0.0,0.0,0.0,0.0,ZERO_INTENT,0.2628080520481847,0,32,0,0,32
79.11666666666666,-57.052934300832405,-7.655944858104455,2.386242706129183,0.0,0.0,0.0,0.0,0.0,0.0,ZERO_INTENT,0.2628080520481847,0,32,0,0,32
79.13333333333334,-57.052934300832405,-7.655944858104455,2.386242706129183,0.0,0.0,0.0,0.0,0.0,0.0,ZERO_INTENT,0.2628080520481847,0,32,0,0,32
79.15,-57.052934300832405,-7.655944858104455,2.386242706129183,0.0,0.0,0.0,0.0,0.0,0.0,ZERO_INTENT,0.2628080520481847,0,32,0,0,32
79.16666666666667,-57.052934300832405,-7.655944858104455,2.386242706129183,0.0,0.0,0.0,0.0,0.0,0.0,ZERO_INTENT,0.2628080520481847,0,32,0,0,32
79.18333333333334,-57.052934300832405,-7.655944858104455,2.386242706129183,0.0,0.0,0.0,0.0,0.0,0.0,ZERO_INTENT,0.2628080520481847,0,32,0,0,32
79.2,-57.052934300832405,-7.655944858104455,2.386242706129183,0.0,0.0,0.0,0.0,0.0,0.0,ZERO_INTENT,0.2628080520481847,0,32,0,0,32
79.21666666666667,-57.052934300832405,-7.655944858104455,2.386242706129183,0.0,0.0,0.0,0.0,0.0,0.0,ZERO_INTENT,0.2628080520481847,0,32,0,0,32
79.23333333333333,-57.052934300832405,-7.655944858104455,2.386242706129183,0.0,0.0,0.0,0.0,0.0,0.0,ZERO_INTENT,0.2628080520481847,0,32,0,0,32
79.25,-57.052934300832405,-7.655944858104455,2.386242706129183,0.0,0.0,0.0,0.0,0.0,0.0,ZERO_INTENT,0.2628080520481847,0,32,0,0,32
79.26666666666667,-57.052934300832405,-7.655944858104455,2.386242706129183,0.0,0.0,0.0,0.0,0.0,0.0,ZERO_INTENT,0.2628080520481847,0,32,0,0,32
79.28333333333333,-57.052934300832405,-7.655944858104455,2.386242706129183,0.0,0.0,0.0,0.0,0.0,0.0,ZERO_INTENT,0.2628080520481847,0,32,0,0,32
79.3,-57.052934300832405,-7.655944858104455,2.386242706129183,0.0,0.0,0.0,0.0,0.0,0.0,ZERO_INTENT,0.2628080520481847,0,32,0,0,32
79.31666666666666,-57.052934300832405,-7.655944858104455,2.386242706129183,0.0,0.0,0.0,0.0,0.0,0.0,ZERO_INTENT,0.2628080520481847,0,32,0,0,32
79.33333333333333,-57.052934300832405,-7.655944858104455,2.386242706129183,0.0,0.0,0.0,0.0,0.0,0.0,ZERO_INTENT,0.2628080520481847,0,32,0,0,32
79.35,-57.052934300832405,-7.655944858104455,2.386242706129183,0.0,0.0,0.0,0.0,0.0,0.0,ZERO_INTENT,0.2628080520481847,0,32,0,0,32
79.36666666666666,-57.052934300832405,-7.655944858104455,2.386242706129183,0.0,0.0,0.0,0.0,0.0,0.0,ZERO_INTENT,0.2628080520481847,0,32,0,0,32
79.38333333333334,-57.052934300832405,-7.655944858104455,2.386242706129183,0.0,0.0,0.0,0.0,0.0,0.0,ZERO_INTENT,0.2628080520481847,0,32,0,0,32
79.4,-57.052934300832405,-7.655944858104455,2.386242706129183,0.0,0.0,0.0,0.0,0.0,0.0,ZERO_INTENT,0.2628080520481847,0,32,0,0,32
79.41666666666667,-57.052934300832405,-7.655944858104455,2.386242706129183,0.0,0.0,0.0,0.0,0.0,0.0,ZERO_INTENT,0.2628080520481847,0,32,0,0,32
79.43333333333334,-57.052934300832405,-7.655944858104455,2.386242706129183,0.0,0.0,0.0,0.0,0.0,0.0,ZERO_INTENT,0.2628080520481847,0,32,0,0,32
79.45,-57.052934300832405,-7.655944858104455,2.386242706129183,0.0,0.0,0.0,0.0,0.0,0.0,ZERO_INTENT,0.2628080520481847,0,32,0,0,32
79.46666666666667,-57.052934300832405,-7.655944858104455,2.386242706129183,0.0,0.0,0.0,0.0,0.0,0.0,ZERO_INTENT,0.2628080520481847,0,32,0,0,32
79.48333333333333,-57.052934300832405,-7.655944858104455,2.386242706129183,0.0,0.0,0.0,0.0,0.0,0.0,ZERO_INTENT,0.2628080520481847,0,32,0,0,32
79.5,-57.052934300832405,-7.655944858104455,2.386242706129183,0.0,0.0,0.0,0.0,0.0,0.0,ZERO_INTENT,0.2628080520481847,0,32,0,0,32
79.51666666666667,-57.052934300832405,-7.655944858104455,2.386242706129183,0.0,0.0,0.0,0.0,0.0,0.0,ZERO_INTENT,0.2628080520481847,0,32,0,0,32
79.53333333333333,-57.052934300832405,-7.655944858104455,2.386242706129183,0.0,0.0,0.0,0.0,0.0,0.0,ZERO_INTENT,0.2628080520481847,0,32,0,0,32
79.55,-57.052934300832405,-7.655944858104455,2.386242706129183,0.0,0.0,0.0,0.0,0.0,0.0,ZERO_INTENT,0.2628080520481847,0,32,0,0,32
79.56666666666666,-57.052934300832405,-7.655944858104455,2.386242706129183,0.0,0.0,0.0,0.0,0.0,0.0,ZERO_INTENT,0.2628080520481847,0,32,0,0,32
79.58333333333333,-57.052934300832405,-7.655944858104455,2.386242706129183,0.0,0.0,0.0,0.0,0.0,0.0,ZERO_INTENT,0.2628080520481847,0,32,0,0,32
79.6,-57.052934300832405,-7.655944858104455,2.386242706129183,0.0,0.0,0.0,0.0,0.0,0.0,ZERO_INTENT,0.2628080520481847,0,32,0,0,32
79.61666666666666,-57.052934300832405,-7.655944858104455,2.386242706129183,0.0,0.0,0.0,0.0,0.0,0.0,ZERO_INTENT,0.2628080520481847,0,32,0,0,32
79.63333333333334,-57.052934300832405,-7.655944858104455,2.386242706129183,0.0,0.0,0.0,0.0,0.0,0.0,ZERO_INTENT,0.2628080520481847,0,32,0,0,32
79.65,-57.052934300832405,-7.655944858104455,2.386242706129183,0.0,0.0,0.0,0.0,0.0,0.0,ZERO_INTENT,0.2628080520481847,0,32,0,0,32
79.66666666666667,-57.052934300832405,-7.655944858104455,2.386242706129183,0.0,0.0,0.0,0.0,0.0,0.0,ZERO_INTENT,0.2628080520481847,0,32,0,0,32
79.68333333333334,-57.052934300832405,-7.655944858104455,2.386242706129183,0.0,0.0,0.0,0.0,0.0,0.0,ZERO_INTENT,0.2628080520481847,0,32,0,0,32
79.7,-57.052934300832405,-7.655944858104455,2.386242706129183,0.0,0.0,0.0,0.0,0.0,0.0,ZERO_INTENT,0.2628080520481847,0,32,0,0,32
79.71666666666667,-57.052934300832405,-7.655944858104455,2.386242706129183,0.0,0.0,0.0,0.0,0.0,0.0,ZERO_INTENT,0.2628080520481847,0,32,0,0,32
79.73333333333333,-57.052934300832405,-7.655944858104455,2.386242706129183,0.0,0.0,0.0,0.0,0.0,0.0,ZERO_INTENT,0.2628080520481847,0,32,0,0,32
79.75,-57.052934300832405,-7.655944858104455,2.386242706129183,0.0,0.0,0.0,0.0,0.0,0.0,ZERO_INTENT,0.2628080520481847,0,32,0,0,32
79.76666666666667,-57.052934300832405,-7.655944858104455,2.386242706129183,0.0,0.0,0.0,0.0,0.0,0.0,ZERO_INTENT,0.2628080520481847,0,32,0,0,32
79.78333333333333,-57.052934300832405,-7.655944858104455,2.386242706129183,0.0,0.0,0.0,0.0,0.0,0.0,ZERO_INTENT,0.2628080520481847,0,32,0,0,32
79.8,-57.052934300832405,-7.655944858104455,2.386242706129183,0.0,0.0,0.0,0.0,0.0,0.0,ZERO_INTENT,0.2628080520481847,0,32,0,0,32
79.81666666666666,-57.052934300832405,-7.655944858104455,2.386242706129183,0.0,0.0,0.0,0.0,0.0,0.0,ZERO_INTENT,0.2628080520481847,0,32,0,0,32
79.83333333333333,-57.052934300832405,-7.655944858104455,2.386242706129183,0.0,0.0,0.0,0.0,0.0,0.0,ZERO_INTENT,0.2628080520481847,0,32,0,0,32
79.85,-57.052934300832405,-7.655944858104455,2.386242706129183,0.0,0.0,0.0,0.0,0.0,0.0,ZERO_INTENT,0.2628080520481847,0,32,0,0,32
79.86666666666666,-57.052934300832405,-7.655944858104455,2.386242706129183,0.0,0.0,0.0,0.0,0.0,0.0,ZERO_INTENT,0.2628080520481847,0,32,0,0,32
79.88333333333334,-57.052934300832405,-7.655944858104455,2.386242706129183,0.0,0.0,0.0,0.0,0.0,0.0,ZERO_INTENT,0.2628080520481847,0,32,0,0,32
79.9,-57.052934300832405,-7.655944858104455,2.386242706129183,0.0,0.0,0.0,0.0,0.0,0.0,ZERO_INTENT,0.2628080520481847,0,32,0,0,32
79.91666666666667,-57.052934300832405,-7.655944858104455,2.386242706129183,0.0,0.0,0.0,0.0,0.0,0.0,ZERO_INTENT,0.2628080520481847,0,32,0,0,32
79.93333333333334,-57.052934300832405,-7.655944858104455,2.386242706129183,0.0,0.0,0.0,0.0,0.0,0.0,ZERO_INTENT,0.2628080520481847,0,32,0,0,32
79.95,-57.052934300832405,-7.655944858104455,2.386242706129183,0.0,0.0,0.0,0.0,0.0,0.0,ZERO_INTENT,0.2628080520481847,0,32,0,0,32
79.96666666666667,-57.052934300832405,-7.655944858104455,2.386242706129183,0.0,0.0,0.0,0.0,0.0,0.0,ZERO_INTENT,0.2628080520481847,0,32,0,0,32
79.98333333333333,-57.052934300832405,-7.655944858104455,2.386242706129183,0.0,0.0,0.0,0.0,0.0,0.0,ZERO_INTENT,0.2628080520481847,0,32,0,0,32
80.0,-57.052934300832405,-7.655944858104455,2.386242706129183,0.0,0.0,0.0,0.0,0.0,0.0,ZERO_INTENT,0.2628080520481847,0,32,0,0,32
80.01666666666667,-57.052934300832405,-7.655944858104455,2.386242706129183,0.0,0.0,0.0,0.0,0.0,0.0,ZERO_INTENT,0.2628080520481847,0,32,0,0,32
80.03333333333333,-57.052934300832405,-7.655944858104455,2.386242706129183,0.0,0.0,0.0,0.0,0.0,0.0,ZERO_INTENT,0.2628080520481847,0,32,0,0,32
80.05,-57.052934300832405,-7.655944858104455,2.386242706129183,0.0,0.0,0.0,0.0,0.0,0.0,ZERO_INTENT,0.2628080520481847,0,32,0,0,32
80.06666666666666,-57.052934300832405,-7.655944858104455,2.386242706129183,0.0,0.0,0.0,0.0,0.0,0.0,ZERO_INTENT,0.2628080520481847,0,32,0,0,32
80.08333333333333,-57.052934300832405,-7.655944858104455,2.386242706129183,0.0,0.0,0.0,0.0,0.0,0.0,ZERO_INTENT,0.2628080520481847,0,32,0,0,32
80.1,-57.052934300832405,-7.655944858104455,2.386242706129183,0.0,0.0,0.0,0.0,0.0,0.0,ZERO_INTENT,0.2628080520481847,0,32,0,0,32
80.11666666666666,-57.052934300832405,-7.655944858104455,2.386242706129183,0.0,0.0,0.0,0.0,0.0,0.0,ZERO_INTENT,0.2628080520481847,0,32,0,0,32
80.13333333333334,-57.052934300832405,-7.655944858104455,2.386242706129183,0.0,0.0,0.0,0.0,0.0,0.0,ZERO_INTENT,0.2628080520481847,0,32,0,0,32
80.15,-57.052934300832405,-7.655944858104455,2.386242706129183,0.0,0.0,0.0,0.0,0.0,0.0,ZERO_INTENT,0.2628080520481847,0,32,0,0,32
80.16666666666667,-57.052934300832405,-7.655944858104455,2.386242706129183,0.0,0.0,0.0,0.0,0.0,0.0,ZERO_INTENT,0.2628080520481847,0,32,0,0,32
80.18333333333334,-57.052934300832405,-7.655944858104455,2.386242706129183,0.0,0.0,0.0,0.0,0.0,0.0,ZERO_INTENT,0.2628080520481847,0,32,0,0,32
80.2,-57.052934300832405,-7.655944858104455,2.386242706129183,0.0,0.0,0.0,0.0,0.0,0.0,ZERO_INTENT,0.2628080520481847,0,32,0,0,32
80.21666666666667,-57.052934300832405,-7.655944858104455,2.386242706129183,0.0,0.0,0.0,0.0,0.0,0.0,ZERO_INTENT,0.2628080520481847,0,32,0,0,32
80.23333333333333,-57.052934300832405,-7.655944858104455,2.386242706129183,0.0,0.0,0.0,0.0,0.0,0.0,ZERO_INTENT,0.2628080520481847,0,32,0,0,32
80.25,-57.052934300832405,-7.655944858104455,2.386242706129183,0.0,0.0,0.0,0.0,0.0,0.0,ZERO_INTENT,0.2628080520481847,0,32,0,0,32
80.26666666666667,-57.052934300832405,-7.655944858104455,2.386242706129183,0.0,0.0,0.0,0.0,0.0,0.0,ZERO_INTENT,0.2628080520481847,0,32,0,0,32
80.28333333333333,-57.052934300832405,-7.655944858104455,2.386242706129183,0.0,0.0,0.0,0.0,0.0,0.0,ZERO_INTENT,0.2628080520481847,0,32,0,0,32
80.3,-57.052934300832405,-7.655944858104455,2.386242706129183,0.0,0.0,0.0,0.0,0.0,0.0,ZERO_INTENT,0.2628080520481847,0,32,0,0,32
80.31666666666666,-57.052934300832405,-7.655944858104455,2.386242706129183,0.0,0.0,0.0,0.0,0.0,0.0,ZERO_INTENT,0.2628080520481847,0,32,0,0,32
80.33333333333333,-57.052934300832405,-7.655944858104455,2.386242706129183,0.0,0.0,0.0,0.0,0.0,0.0,ZERO_INTENT,0.2628080520481847,0,32,0,0,32
80.35,-57.052934300832405,-7.655944858104455,2.386242706129183,0.0,0.0,0.0,0.0,0.0,0.0,ZERO_INTENT,0.2628080520481847,0,32,0,0,32
80.36666666666666,-57.052934300832405,-7.655944858104455,2.386242706129183,0.0,0.0,0.0,0.0,0.0,0.0,ZERO_INTENT,0.2628080520481847,0,32,0,0,32
80.38333333333334,-57.052934300832405,-7.655944858104455,2.386242706129183,0.0,0.0,0.0,0.0,0.0,0.0,ZERO_INTENT,0.2628080520481847,0,32,0,0,32
80.4,-57.052934300832405,-7.655944858104455,2.386242706129183,0.0,0.0,0.0,0.0,0.0,0.0,ZERO_INTENT,0.2628080520481847,0,32,0,0,32
80.41666666666667,-57.052934300832405,-7.655944858104455,2.386242706129183,0.0,0.0,0.0,0.0,0.0,0.0,ZERO_INTENT,0.2628080520481847,0,32,0,0,32
80.43333333333334,-57.052934300832405,-7.655944858104455,2.386242706129183,0.0,0.0,0.0,0.0,0.0,0.0,ZERO_INTENT,0.2628080520481847,0,32,0,0,32
80.45,-57.052934300832405,-7.655944858104455,2.386242706129183,0.0,0.0,0.0,0.0,0.0,0.0,ZERO_INTENT,0.2628080520481847,0,32,0,0,32
80.46666666666667,-57.052934300832405,-7.655944858104455,2.386242706129183,0.0,0.0,0.0,0.0,0.0,0.0,ZERO_INTENT,0.2628080520481847,0,32,0,0,32
80.48333333333333,-57.052934300832405,-7.655944858104455,2.386242706129183,0.0,0.0,0.0,0.0,0.0,0.0,ZERO_INTENT,0.2628080520481847,0,32,0,0,32
80.5,-57.052934300832405,-7.655944858104455,2.386242706129183,0.0,0.0,0.0,0.0,0.0,0.0,ZERO_INTENT,0.2628080520481847,0,32,0,0,32
80.51666666666667,-57.052934300832405,-7.655944858104455,2.386242706129183,0.0,0.0,0.0,0.0,0.0,0.0,ZERO_INTENT,0.2628080520481847,0,32,0,0,32
80.53333333333333,-57.052934300832405,-7.655944858104455,2.386242706129183,0.0,0.0,0.0,0.0,0.0,0.0,ZERO_INTENT,0.2628080520481847,0,32,0,0,32
80.55,-57.052934300832405,-7.655944858104455,2.386242706129183,0.0,0.0,0.0,0.0,0.0,0.0,ZERO_INTENT,0.2628080520481847,0,32,0,0,32
80.56666666666666,-57.052934300832405,-7.655944858104455,2.386242706129183,0.0,0.0,0.0,0.0,0.0,0.0,ZERO_INTENT,0.2628080520481847,0,32,0,0,32
80.58333333333333,-57.052934300832405,-7.655944858104455,2.386242706129183,0.0,0.0,0.0,0.0,0.0,0.0,ZERO_INTENT,0.2628080520481847,0,32,0,0,32
80.6,-57.052934300832405,-7.655944858104455,2.386242706129183,0.0,0.0,0.0,0.0,0.0,0.0,ZERO_INTENT,0.2628080520481847,0,32,0,0,32
80.61666666666666,-57.052934300832405,-7.655944858104455,2.386242706129183,0.0,0.0,0.0,0.0,0.0,0.0,ZERO_INTENT,0.2628080520481847,0,32,0,0,32
80.63333333333334,-57.052934300832405,-7.655944858104455,2.386242706129183,0.0,0.0,0.0,0.0,0.0,0.0,ZERO_INTENT,0.2628080520481847,0,32,0,0,32
80.65,-57.052934300832405,-7.655944858104455,2.386242706129183,0.0,0.0,0.0,0.0,0.0,0.0,ZERO_INTENT,0.2628080520481847,0,32,0,0,32
80.66666666666667,-57.052934300832405,-7.655944858104455,2.386242706129183,0.0,0.0,0.0,0.0,0.0,0.0,ZERO_INTENT,0.2628080520481847,0,32,0,0,32
80.68333333333334,-57.052934300832405,-7.655944858104455,2.386242706129183,0.0,0.0,0.0,0.0,0.0,0.0,ZERO_INTENT,0.2628080520481847,0,32,0,0,32
80.7,-57.052934300832405,-7.655944858104455,2.386242706129183,0.0,0.0,0.0,0.0,0.0,0.0,ZERO_INTENT,0.2628080520481847,0,32,0,0,32
80.71666666666667,-57.052934300832405,-7.655944858104455,2.386242706129183,0.0,0.0,0.0,0.0,0.0,0.0,ZERO_INTENT,0.2628080520481847,0,32,0,0,32
80.73333333333333,-57.052934300832405,-7.655944858104455,2.386242706129183,0.0,0.0,0.0,0.0,0.0,0.0,ZERO_INTENT,0.2628080520481847,0,32,0,0,32
80.75,-57.052934300832405,-7.655944858104455,2.386242706129183,0.0,0.0,0.0,0.0,0.0,0.0,ZERO_INTENT,0.2628080520481847,0,32,0,0,32
80.76666666666667,-57.052934300832405,-7.655944858104455,2.386242706129183,0.0,0.0,0.0,0.0,0.0,0.0,ZERO_INTENT,0.2628080520481847,0,32,0,0,32
80.78333333333333,-57.052934300832405,-7.655944858104455,2.386242706129183,0.0,0.0,0.0,0.0,0.0,0.0,ZERO_INTENT,0.2628080520481847,0,32,0,0,32
80.8,-57.052934300832405,-7.655944858104455,2.386242706129183,0.0,0.0,0.0,0.0,0.0,0.0,ZERO_INTENT,0.2628080520481847,0,32,0,0,32
80.81666666666666,-57.052934300832405,-7.655944858104455,2.386242706129183,0.0,0.0,0.0,0.0,0.0,0.0,ZERO_INTENT,0.2628080520481847,0,32,0,0,32
80.83333333333333,-57.052934300832405,-7.655944858104455,2.386242706129183,0.0,0.0,0.0,0.0,0.0,0.0,ZERO_INTENT,0.2628080520481847,0,32,0,0,32
80.85,-57.052934300832405,-7.655944858104455,2.386242706129183,0.0,0.0,0.0,0.0,0.0,0.0,ZERO_INTENT,0.2628080520481847,0,32,0,0,32
80.86666666666666,-57.052934300832405,-7.655944858104455,2.386242706129183,0.0,0.0,0.0,0.0,0.0,0.0,ZERO_INTENT,0.2628080520481847,0,32,0,0,32
80.88333333333334,-57.052934300832405,-7.655944858104455,2.386242706129183,0.0,0.0,0.0,0.0,0.0,0.0,ZERO_INTENT,0.2628080520481847,0,32,0,0,32
80.9,-57.052934300832405,-7.655944858104455,2.386242706129183,0.0,0.0,0.0,0.0,0.0,0.0,ZERO_INTENT,0.2628080520481847,0,32,0,0,32
80.91666666666667,-57.052934300832405,-7.655944858104455,2.386242706129183,0.0,0.0,0.0,0.0,0.0,0.0,ZERO_INTENT,0.2628080520481847,0,32,0,0,32
80.93333333333334,-57.052934300832405,-7.655944858104455,2.386242706129183,0.0,0.0,0.0,0.0,0.0,0.0,ZERO_INTENT,0.2628080520481847,0,32,0,0,32
80.95,-57.052934300832405,-7.655944858104455,2.386242706129183,0.0,0.0,0.0,0.0,0.0,0.0,ZERO_INTENT,0.2628080520481847,0,32,0,0,32
80.96666666666667,-57.052934300832405,-7.655944858104455,2.386242706129183,0.0,0.0,0.0,0.0,0.0,0.0,ZERO_INTENT,0.2628080520481847,0,32,0,0,32
80.98333333333333,-57.052934300832405,-7.655944858104455,2.386242706129183,0.0,0.0,0.0,0.0,0.0,0.0,ZERO_INTENT,0.2628080520481847,0,32,0,0,32
81.0,-57.052934300832405,-7.655944858104455,2.386242706129183,0.0,0.0,0.0,0.0,0.0,0.0,ZERO_INTENT,0.2628080520481847,0,32,0,0,32
81.01666666666667,-57.052934300832405,-7.655944858104455,2.386242706129183,0.0,0.0,0.0,0.0,0.0,0.0,ZERO_INTENT,0.2628080520481847,0,32,0,0,32
81.03333333333333,-57.052934300832405,-7.655944858104455,2.386242706129183,0.0,0.0,0.0,0.0,0.0,0.0,ZERO_INTENT,0.2628080520481847,0,32,0,0,32
81.05,-57.052934300832405,-7.655944858104455,2.386242706129183,0.0,0.0,0.0,0.0,0.0,0.0,ZERO_INTENT,0.2628080520481847,0,32,0,0,32
81.06666666666666,-57.052934300832405,-7.655944858104455,2.386242706129183,0.0,0.0,0.0,0.0,0.0,0.0,ZERO_INTENT,0.2628080520481847,0,32,0,0,32
81.08333333333333,-57.052934300832405,-7.655944858104455,2.386242706129183,0.0,0.0,0.0,0.0,0.0,0.0,ZERO_INTENT,0.2628080520481847,0,32,0,0,32
81.1,-57.052934300832405,-7.655944858104455,2.386242706129183,0.0,0.0,0.0,0.0,0.0,0.0,ZERO_INTENT,0.2628080520481847,0,32,0,0,32
81.11666666666666,-57.052934300832405,-7.655944858104455,2.386242706129183,0.0,0.0,0.0,0.0,0.0,0.0,ZERO_INTENT,0.2628080520481847,0,32,0,0,32
81.13333333333334,-57.052934300832405,-7.655944858104455,2.386242706129183,0.0,0.0,0.0,0.0,0.0,0.0,ZERO_INTENT,0.2628080520481847,0,32,0,0,32
81.15,-57.052934300832405,-7.655944858104455,2.386242706129183,0.0,0.0,0.0,0.0,0.0,0.0,ZERO_INTENT,0.2628080520481847,0,32,0,0,32
81.16666666666667,-57.052934300832405,-7.655944858104455,2.386242706129183,0.0,0.0,0.0,0.0,0.0,0.0,ZERO_INTENT,0.2628080520481847,0,32,0,0,32
81.18333333333334,-57.052934300832405,-7.655944858104455,2.386242706129183,0.0,0.0,0.0,0.0,0.0,0.0,ZERO_INTENT,0.2628080520481847,0,32,0,0,32
81.2,-57.052934300832405,-7.655944858104455,2.386242706129183,0.0,0.0,0.0,0.0,0.0,0.0,ZERO_INTENT,0.2628080520481847,0,32,0,0,32
81.21666666666667,-57.052934300832405,-7.655944858104455,2.386242706129183,0.0,0.0,0.0,0.0,0.0,0.0,ZERO_INTENT,0.2628080520481847,0,32,0,0,32
81.23333333333333,-57.052934300832405,-7.655944858104455,2.386242706129183,0.0,0.0,0.0,0.0,0.0,0.0,ZERO_INTENT,0.2628080520481847,0,32,0,0,32
81.25,-57.052934300832405,-7.655944858104455,2.386242706129183,0.0,0.0,0.0,0.0,0.0,0.0,ZERO_INTENT,0.2628080520481847,0,32,0,0,32
81.26666666666667,-57.052934300832405,-7.655944858104455,2.386242706129183,0.0,0.0,0.0,0.0,0.0,0.0,ZERO_INTENT,0.2628080520481847,0,32,0,0,32
81.28333333333333,-57.052934300832405,-7.655944858104455,2.386242706129183,0.0,0.0,0.0,0.0,0.0,0.0,ZERO_INTENT,0.2628080520481847,0,32,0,0,32
81.3,-57.052934300832405,-7.655944858104455,2.386242706129183,0.0,0.0,0.0,0.0,0.0,0.0,ZERO_INTENT,0.2628080520481847,0,32,0,0,32
81.31666666666666,-57.052934300832405,-7.655944858104455,2.386242706129183,0.0,0.0,0.0,0.0,0.0,0.0,ZERO_INTENT,0.2628080520481847,0,32,0,0,32
81.33333333333333,-57.052934300832405,-7.655944858104455,2.386242706129183,0.0,0.0,0.0,0.0,0.0,0.0,ZERO_INTENT,0.2628080520481847,0,32,0,0,32
81.35,-57.052934300832405,-7.655944858104455,2.386242706129183,0.0,0.0,0.0,0.0,0.0,0.0,ZERO_INTENT,0.2628080520481847,0,32,0,0,32
81.36666666666666,-57.052934300832405,-7.655944858104455,2.386242706129183,0.0,0.0,0.0,0.0,0.0,0.0,ZERO_INTENT,0.2628080520481847,0,32,0,0,32
81.38333333333334,-57.052934300832405,-7.655944858104455,2.386242706129183,0.0,0.0,0.0,0.0,0.0,0.0,ZERO_INTENT,0.2628080520481847,0,32,0,0,32
81.4,-57.052934300832405,-7.655944858104455,2.386242706129183,0.0,0.0,0.0,0.0,0.0,0.0,ZERO_INTENT,0.2628080520481847,0,32,0,0,32
81.41666666666667,-57.052934300832405,-7.655944858104455,2.386242706129183,0.0,0.0,0.0,0.0,0.0,0.0,ZERO_INTENT,0.2628080520481847,0,32,0,0,32
81.43333333333334,-57.052934300832405,-7.655944858104455,2.386242706129183,0.0,0.0,0.0,0.0,0.0,0.0,ZERO_INTENT,0.2628080520481847,0,32,0,0,32
81.45,-57.052934300832405,-7.655944858104455,2.386242706129183,0.0,0.0,0.0,0.0,0.0,0.0,ZERO_INTENT,0.2628080520481847,0,32,0,0,32
81.46666666666667,-57.052934300832405,-7.655944858104455,2.386242706129183,0.0,0.0,0.0,0.0,0.0,0.0,ZERO_INTENT,0.2628080520481847,0,32,0,0,32
81.48333333333333,-57.052934300832405,-7.655944858104455,2.386242706129183,0.0,0.0,0.0,0.0,0.0,0.0,ZERO_INTENT,0.2628080520481847,0,32,0,0,32
81.5,-57.052934300832405,-7.655944858104455,2.386242706129183,0.0,0.0,0.0,0.0,0.0,0.0,ZERO_INTENT,0.2628080520481847,0,32,0,0,32
81.51666666666667,-57.052934300832405,-7.655944858104455,2.386242706129183,0.0,0.0,0.0,0.0,0.0,0.0,ZERO_INTENT,0.2628080520481847,0,32,0,0,32
81.53333333333333,-57.052934300832405,-7.655944858104455,2.386242706129183,0.0,0.0,0.0,0.0,0.0,0.0,ZERO_INTENT,0.2628080520481847,0,32,0,0,32
81.55,-57.052934300832405,-7.655944858104455,2.386242706129183,0.0,0.0,0.0,0.0,0.0,0.0,ZERO_INTENT,0.2628080520481847,0,32,0,0,32
81.56666666666666,-57.052934300832405,-7.655944858104455,2.386242706129183,0.0,0.0,0.0,0.0,0.0,0.0,ZERO_INTENT,0.2628080520481847,0,32,0,0,32
81.58333333333333,-57.052934300832405,-7.655944858104455,2.386242706129183,0.0,0.0,0.0,0.0,0.0,0.0,ZERO_INTENT,0.2628080520481847,0,32,0,0,32
81.6,-57.052934300832405,-7.655944858104455,2.386242706129183,0.0,0.0,0.0,0.0,0.0,0.0,ZERO_INTENT,0.2628080520481847,0,32,0,0,32
81.61666666666666,-57.052934300832405,-7.655944858104455,2.386242706129183,0.0,0.0,0.0,0.0,0.0,0.0,ZERO_INTENT,0.2628080520481847,0,32,0,0,32
81.63333333333334,-57.052934300832405,-7.655944858104455,2.386242706129183,0.0,0.0,0.0,0.0,0.0,0.0,ZERO_INTENT,0.2628080520481847,0,32,0,0,32
81.65,-57.052934300832405,-7.655944858104455,2.386242706129183,0.0,0.0,0.0,0.0,0.0,0.0,ZERO_INTENT,0.2628080520481847,0,32,0,0,32
81.66666666666667,-57.052934300832405,-7.655944858104455,2.386242706129183,0.0,0.0,0.0,0.0,0.0,0.0,ZERO_INTENT,0.2628080520481847,0,32,0,0,32
81.68333333333334,-57.052934300832405,-7.655944858104455,2.386242706129183,0.0,0.0,0.0,0.0,0.0,0.0,ZERO_INTENT,0.2628080520481847,0,32,0,0,32
81.7,-57.052934300832405,-7.655944858104455,2.386242706129183,0.0,0.0,0.0,0.0,0.0,0.0,ZERO_INTENT,0.2628080520481847,0,32,0,0,32
81.71666666666667,-57.052934300832405,-7.655944858104455,2.386242706129183,0.0,0.0,0.0,0.0,0.0,0.0,ZERO_INTENT,0.2628080520481847,0,32,0,0,32
81.73333333333333,-57.052934300832405,-7.655944858104455,2.386242706129183,0.0,0.0,0.0,0.0,0.0,0.0,ZERO_INTENT,0.2628080520481847,0,32,0,0,32
81.75,-57.052934300832405,-7.655944858104455,2.386242706129183,0.0,0.0,0.0,0.0,0.0,0.0,ZERO_INTENT,0.2628080520481847,0,32,0,0,32
81.76666666666667,-57.052934300832405,-7.655944858104455,2.386242706129183,0.0,0.0,0.0,0.0,0.0,0.0,ZERO_INTENT,0.2628080520481847,0,32,0,0,32
81.78333333333333,-57.052934300832405,-7.655944858104455,2.386242706129183,0.0,0.0,0.0,0.0,0.0,0.0,ZERO_INTENT,0.2628080520481847,0,32,0,0,32
81.8,-57.052934300832405,-7.655944858104455,2.386242706129183,0.0,0.0,0.0,0.0,0.0,0.0,ZERO_INTENT,0.2628080520481847,0,32,0,0,32
81.81666666666666,-57.052934300832405,-7.655944858104455,2.386242706129183,0.0,0.0,0.0,0.0,0.0,0.0,ZERO_INTENT,0.2628080520481847,0,32,0,0,32
81.83333333333333,-57.052934300832405,-7.655944858104455,2.386242706129183,0.0,0.0,0.0,0.0,0.0,0.0,ZERO_INTENT,0.2628080520481847,0,32,0,0,32
81.85,-57.052934300832405,-7.655944858104455,2.386242706129183,0.0,0.0,0.0,0.0,0.0,0.0,ZERO_INTENT,0.2628080520481847,0,32,0,0,32
81.86666666666666,-57.052934300832405,-7.655944858104455,2.386242706129183,0.0,0.0,0.0,0.0,0.0,0.0,ZERO_INTENT,0.2628080520481847,0,32,0,0,32
81.88333333333334,-57.052934300832405,-7.655944858104455,2.386242706129183,0.0,0.0,0.0,0.0,0.0,0.0,ZERO_INTENT,0.2628080520481847,0,32,0,0,32
81.9,-57.052934300832405,-7.655944858104455,2.386242706129183,0.0,0.0,0.0,0.0,0.0,0.0,ZERO_INTENT,0.2628080520481847,0,32,0,0,32
81.91666666666667,-57.052934300832405,-7.655944858104455,2.386242706129183,0.0,0.0,0.0,0.0,0.0,0.0,ZERO_INTENT,0.2628080520481847,0,32,0,0,32
81.93333333333334,-57.052934300832405,-7.655944858104455,2.386242706129183,0.0,0.0,0.0,0.0,0.0,0.0,ZERO_INTENT,0.2628080520481847,0,32,0,0,32
81.95,-57.052934300832405,-7.655944858104455,2.386242706129183,0.0,0.0,0.0,0.0,0.0,0.0,ZERO_INTENT,0.2628080520481847,0,32,0,0,32
81.96666666666667,-57.052934300832405,-7.655944858104455,2.386242706129183,0.0,0.0,0.0,0.0,0.0,0.0,ZERO_INTENT,0.2628080520481847,0,32,0,0,32
81.98333333333333,-57.052934300832405,-7.655944858104455,2.386242706129183,0.0,0.0,0.0,0.0,0.0,0.0,ZERO_INTENT,0.2628080520481847,0,32,0,0,32
82.0,-57.052934300832405,-7.655944858104455,2.386242706129183,0.0,0.0,0.0,0.0,0.0,0.0,ZERO_INTENT,0.2628080520481847,0,32,0,0,32
82.01666666666667,-57.052934300832405,-7.655944858104455,2.386242706129183,0.0,0.0,0.0,0.0,0.0,0.0,ZERO_INTENT,0.2628080520481847,0,32,0,0,32
82.03333333333333,-57.052934300832405,-7.655944858104455,2.386242706129183,0.0,0.0,0.0,0.0,0.0,0.0,ZERO_INTENT,0.2628080520481847,0,32,0,0,32
82.05,-57.052934300832405,-7.655944858104455,2.386242706129183,0.0,0.0,0.0,0.0,0.0,0.0,ZERO_INTENT,0.2628080520481847,0,32,0,0,32
82.06666666666666,-57.052934300832405,-7.655944858104455,2.386242706129183,0.0,0.0,0.0,0.0,0.0,0.0,ZERO_INTENT,0.2628080520481847,0,32,0,0,32
82.08333333333333,-57.052934300832405,-7.655944858104455,2.386242706129183,0.0,0.0,0.0,0.0,0.0,0.0,ZERO_INTENT,0.2628080520481847,0,32,0,0,32
82.1,-57.052934300832405,-7.655944858104455,2.386242706129183,0.0,0.0,0.0,0.0,0.0,0.0,ZERO_INTENT,0.2628080520481847,0,32,0,0,32
82.11666666666666,-57.052934300832405,-7.655944858104455,2.386242706129183,0.0,0.0,0.0,0.0,0.0,0.0,ZERO_INTENT,0.2628080520481847,0,32,0,0,32
82.13333333333334,-57.052934300832405,-7.655944858104455,2.386242706129183,0.0,0.0,0.0,0.0,0.0,0.0,ZERO_INTENT,0.2628080520481847,0,32,0,0,32
82.15,-57.052934300832405,-7.655944858104455,2.386242706129183,0.0,0.0,0.0,0.0,0.0,0.0,ZERO_INTENT,0.2628080520481847,0,32,0,0,32
82.16666666666667,-57.052934300832405,-7.655944858104455,2.386242706129183,0.0,0.0,0.0,0.0,0.0,0.0,ZERO_INTENT,0.2628080520481847,0,32,0,0,32
82.18333333333334,-57.052934300832405,-7.655944858104455,2.386242706129183,0.0,0.0,0.0,0.0,0.0,0.0,ZERO_INTENT,0.2628080520481847,0,32,0,0,32
82.2,-57.052934300832405,-7.655944858104455,2.386242706129183,0.0,0.0,0.0,0.0,0.0,0.0,ZERO_INTENT,0.2628080520481847,0,32,0,0,32
82.21666666666667,-57.052934300832405,-7.655944858104455,2.386242706129183,0.0,0.0,0.0,0.0,0.0,0.0,ZERO_INTENT,0.2628080520481847,0,32,0,0,32
82.23333333333333,-57.052934300832405,-7.655944858104455,2.386242706129183,0.0,0.0,0.0,0.0,0.0,0.0,ZERO_INTENT,0.2628080520481847,0,32,0,0,32
82.25,-57.052934300832405,-7.655944858104455,2.386242706129183,0.0,0.0,0.0,0.0,0.0,0.0,ZERO_INTENT,0.2628080520481847,0,32,0,0,32
82.26666666666667,-57.052934300832405,-7.655944858104455,2.386242706129183,0.0,0.0,0.0,0.0,0.0,0.0,ZERO_INTENT,0.2628080520481847,0,32,0,0,32
82.28333333333333,-57.052934300832405,-7.655944858104455,2.386242706129183,0.0,0.0,0.0,0.0,0.0,0.0,ZERO_INTENT,0.2628080520481847,0,32,0,0,32
82.3,-57.052934300832405,-7.655944858104455,2.386242706129183,0.0,0.0,0.0,0.0,0.0,0.0,ZERO_INTENT,0.2628080520481847,0,32,0,0,32
82.31666666666666,-57.052934300832405,-7.655944858104455,2.386242706129183,0.0,0.0,0.0,0.0,0.0,0.0,ZERO_INTENT,0.2628080520481847,0,32,0,0,32
82.33333333333333,-57.052934300832405,-7.655944858104455,2.386242706129183,0.0,0.0,0.0,0.0,0.0,0.0,ZERO_INTENT,0.2628080520481847,0,32,0,0,32
82.35,-57.052934300832405,-7.655944858104455,2.386242706129183,0.0,0.0,0.0,0.0,0.0,0.0,ZERO_INTENT,0.2628080520481847,0,32,0,0,32
82.36666666666666,-57.052934300832405,-7.655944858104455,2.386242706129183,0.0,0.0,0.0,0.0,0.0,0.0,ZERO_INTENT,0.2628080520481847,0,32,0,0,32
82.38333333333334,-57.052934300832405,-7.655944858104455,2.386242706129183,0.0,0.0,0.0,0.0,0.0,0.0,ZERO_INTENT,0.2628080520481847,0,32,0,0,32
82.4,-57.052934300832405,-7.655944858104455,2.386242706129183,0.0,0.0,0.0,0.0,0.0,0.0,ZERO_INTENT,0.2628080520481847,0,32,0,0,32
82.41666666666667,-57.052934300832405,-7.655944858104455,2.386242706129183,0.0,0.0,0.0,0.0,0.0,0.0,ZERO_INTENT,0.2628080520481847,0,32,0,0,32
82.43333333333334,-57.052934300832405,-7.655944858104455,2.386242706129183,0.0,0.0,0.0,0.0,0.0,0.0,ZERO_INTENT,0.2628080520481847,0,32,0,0,32
82.45,-57.052934300832405,-7.655944858104455,2.386242706129183,0.0,0.0,0.0,0.0,0.0,0.0,ZERO_INTENT,0.2628080520481847,0,32,0,0,32
82.46666666666667,-57.052934300832405,-7.655944858104455,2.386242706129183,0.0,0.0,0.0,0.0,0.0,0.0,ZERO_INTENT,0.2628080520481847,0,32,0,0,32
82.48333333333333,-57.052934300832405,-7.655944858104455,2.386242706129183,0.0,0.0,0.0,0.0,0.0,0.0,ZERO_INTENT,0.2628080520481847,0,32,0,0,32
82.5,-57.052934300832405,-7.655944858104455,2.386242706129183,0.0,0.0,0.0,0.0,0.0,0.0,ZERO_INTENT,0.2628080520481847,0,32,0,0,32
82.51666666666667,-57.052934300832405,-7.655944858104455,2.386242706129183,0.0,0.0,0.0,0.0,0.0,0.0,ZERO_INTENT,0.2628080520481847,0,32,0,0,32
82.53333333333333,-57.052934300832405,-7.655944858104455,2.386242706129183,0.0,0.0,0.0,0.0,0.0,0.0,ZERO_INTENT,0.2628080520481847,0,32,0,0,32
82.55,-57.052934300832405,-7.655944858104455,2.386242706129183,0.0,0.0,0.0,0.0,0.0,0.0,ZERO_INTENT,0.2628080520481847,0,32,0,0,32
82.56666666666666,-57.052934300832405,-7.655944858104455,2.386242706129183,0.0,0.0,0.0,0.0,0.0,0.0,ZERO_INTENT,0.2628080520481847,0,32,0,0,32
82.58333333333333,-57.052934300832405,-7.655944858104455,2.386242706129183,0.0,0.0,0.0,0.0,0.0,0.0,ZERO_INTENT,0.2628080520481847,0,32,0,0,32
82.6,-57.052934300832405,-7.655944858104455,2.386242706129183,0.0,0.0,0.0,0.0,0.0,0.0,ZERO_INTENT,0.2628080520481847,0,32,0,0,32
82.61666666666666,-57.052934300832405,-7.655944858104455,2.386242706129183,0.0,0.0,0.0,0.0,0.0,0.0,ZERO_INTENT,0.2628080520481847,0,32,0,0,32
82.63333333333334,-57.052934300832405,-7.655944858104455,2.386242706129183,0.0,0.0,0.0,0.0,0.0,0.0,ZERO_INTENT,0.2628080520481847,0,32,0,0,32
82.65,-57.052934300832405,-7.655944858104455,2.386242706129183,0.0,0.0,0.0,0.0,0.0,0.0,ZERO_INTENT,0.2628080520481847,0,32,0,0,32
82.66666666666667,-57.052934300832405,-7.655944858104455,2.386242706129183,0.0,0.0,0.0,0.0,0.0,0.0,ZERO_INTENT,0.2628080520481847,0,32,0,0,32
82.68333333333334,-57.052934300832405,-7.655944858104455,2.386242706129183,0.0,0.0,0.0,0.0,0.0,0.0,ZERO_INTENT,0.2628080520481847,0,32,0,0,32
82.7,-57.052934300832405,-7.655944858104455,2.386242706129183,0.0,0.0,0.0,0.0,0.0,0.0,ZERO_INTENT,0.2628080520481847,0,32,0,0,32
82.71666666666667,-57.052934300832405,-7.655944858104455,2.386242706129183,0.0,0.0,0.0,0.0,0.0,0.0,ZERO_INTENT,0.2628080520481847,0,32,0,0,32
82.73333333333333,-57.052934300832405,-7.655944858104455,2.386242706129183,0.0,0.0,0.0,0.0,0.0,0.0,ZERO_INTENT,0.2628080520481847,0,32,0,0,32
82.75,-57.052934300832405,-7.655944858104455,2.386242706129183,0.0,0.0,0.0,0.0,0.0,0.0,ZERO_INTENT,0.2628080520481847,0,32,0,0,32
82.76666666666667,-57.052934300832405,-7.655944858104455,2.386242706129183,0.0,0.0,0.0,0.0,0.0,0.0,ZERO_INTENT,0.2628080520481847,0,32,0,0,32
82.78333333333333,-57.052934300832405,-7.655944858104455,2.386242706129183,0.0,0.0,0.0,0.0,0.0,0.0,ZERO_INTENT,0.2628080520481847,0,32,0,0,32
82.8,-57.052934300832405,-7.655944858104455,2.386242706129183,0.0,0.0,0.0,0.0,0.0,0.0,ZERO_INTENT,0.2628080520481847,0,32,0,0,32
82.81666666666666,-57.052934300832405,-7.655944858104455,2.386242706129183,0.0,0.0,0.0,0.0,0.0,0.0,ZERO_INTENT,0.2628080520481847,0,32,0,0,32
82.83333333333333,-57.052934300832405,-7.655944858104455,2.386242706129183,0.0,0.0,0.0,0.0,0.0,0.0,ZERO_INTENT,0.2628080520481847,0,32,0,0,32
82.85,-57.052934300832405,-7.655944858104455,2.386242706129183,0.0,0.0,0.0,0.0,0.0,0.0,ZERO_INTENT,0.2628080520481847,0,32,0,0,32
82.86666666666666,-57.052934300832405,-7.655944858104455,2.386242706129183,0.0,0.0,0.0,0.0,0.0,0.0,ZERO_INTENT,0.2628080520481847,0,32,0,0,32
82.88333333333334,-57.052934300832405,-7.655944858104455,2.386242706129183,0.0,0.0,0.0,0.0,0.0,0.0,ZERO_INTENT,0.2628080520481847,0,32,0,0,32
82.9,-57.052934300832405,-7.655944858104455,2.386242706129183,0.0,0.0,0.0,0.0,0.0,0.0,ZERO_INTENT,0.2628080520481847,0,32,0,0,32
82.91666666666667,-57.052934300832405,-7.655944858104455,2.386242706129183,0.0,0.0,0.0,0.0,0.0,0.0,ZERO_INTENT,0.2628080520481847,0,32,0,0,32
82.93333333333334,-57.052934300832405,-7.655944858104455,2.386242706129183,0.0,0.0,0.0,0.0,0.0,0.0,ZERO_INTENT,0.2628080520481847,0,32,0,0,32
82.95,-57.052934300832405,-7.655944858104455,2.386242706129183,0.0,0.0,0.0,0.0,0.0,0.0,ZERO_INTENT,0.2628080520481847,0,32,0,0,32
82.96666666666667,-57.052934300832405,-7.655944858104455,2.386242706129183,0.0,0.0,0.0,0.0,0.0,0.0,ZERO_INTENT,0.2628080520481847,0,32,0,0,32
82.98333333333333,-57.052934300832405,-7.655944858104455,2.386242706129183,0.0,0.0,0.0,0.0,0.0,0.0,ZERO_INTENT,0.2628080520481847,0,32,0,0,32
83.0,-57.052934300832405,-7.655944858104455,2.386242706129183,0.0,0.0,0.0,0.0,0.0,0.0,ZERO_INTENT,0.2628080520481847,0,32,0,0,32
83.01666666666667,-57.052934300832405,-7.655944858104455,2.386242706129183,0.0,0.0,0.0,0.0,0.0,0.0,ZERO_INTENT,0.2628080520481847,0,32,0,0,32
83.03333333333333,-57.052934300832405,-7.655944858104455,2.386242706129183,0.0,0.0,0.0,0.0,0.0,0.0,ZERO_INTENT,0.2628080520481847,0,32,0,0,32
83.05,-57.052934300832405,-7.655944858104455,2.386242706129183,0.0,0.0,0.0,0.0,0.0,0.0,ZERO_INTENT,0.2628080520481847,0,32,0,0,32
83.06666666666666,-57.052934300832405,-7.655944858104455,2.386242706129183,0.0,0.0,0.0,0.0,0.0,0.0,ZERO_INTENT,0.2628080520481847,0,32,0,0,32
83.08333333333333,-57.052934300832405,-7.655944858104455,2.386242706129183,0.0,0.0,0.0,0.0,0.0,0.0,ZERO_INTENT,0.2628080520481847,0,32,0,0,32
83.1,-57.052934300832405,-7.655944858104455,2.386242706129183,0.0,0.0,0.0,0.0,0.0,0.0,ZERO_INTENT,0.2628080520481847,0,32,0,0,32
83.11666666666666,-57.052934300832405,-7.655944858104455,2.386242706129183,0.0,0.0,0.0,0.0,0.0,0.0,ZERO_INTENT,0.2628080520481847,0,32,0,0,32
83.13333333333334,-57.052934300832405,-7.655944858104455,2.386242706129183,0.0,0.0,0.0,0.0,0.0,0.0,ZERO_INTENT,0.2628080520481847,0,32,0,0,32
83.15,-57.052934300832405,-7.655944858104455,2.386242706129183,0.0,0.0,0.0,0.0,0.0,0.0,ZERO_INTENT,0.2628080520481847,0,32,0,0,32
83.16666666666667,-57.052934300832405,-7.655944858104455,2.386242706129183,0.0,0.0,0.0,0.0,0.0,0.0,ZERO_INTENT,0.2628080520481847,0,32,0,0,32
83.18333333333334,-57.052934300832405,-7.655944858104455,2.386242706129183,0.0,0.0,0.0,0.0,0.0,0.0,ZERO_INTENT,0.2628080520481847,0,32,0,0,32
83.2,-57.052934300832405,-7.655944858104455,2.386242706129183,0.0,0.0,0.0,0.0,0.0,0.0,ZERO_INTENT,0.2628080520481847,0,32,0,0,32
83.21666666666667,-57.052934300832405,-7.655944858104455,2.386242706129183,0.0,0.0,0.0,0.0,0.0,0.0,ZERO_INTENT,0.2628080520481847,0,32,0,0,32
83.23333333333333,-57.052934300832405,-7.655944858104455,2.386242706129183,0.0,0.0,0.0,0.0,0.0,0.0,ZERO_INTENT,0.2628080520481847,0,32,0,0,32
83.25,-57.052934300832405,-7.655944858104455,2.386242706129183,0.0,0.0,0.0,0.0,0.0,0.0,ZERO_INTENT,0.2628080520481847,0,32,0,0,32
83.26666666666667,-57.052934300832405,-7.655944858104455,2.386242706129183,0.0,0.0,0.0,0.0,0.0,0.0,ZERO_INTENT,0.2628080520481847,0,32,0,0,32
83.28333333333333,-57.052934300832405,-7.655944858104455,2.386242706129183,0.0,0.0,0.0,0.0,0.0,0.0,ZERO_INTENT,0.2628080520481847,0,32,0,0,32
83.3,-57.052934300832405,-7.655944858104455,2.386242706129183,0.0,0.0,0.0,0.0,0.0,0.0,ZERO_INTENT,0.2628080520481847,0,32,0,0,32
83.31666666666666,-57.052934300832405,-7.655944858104455,2.386242706129183,0.0,0.0,0.0,0.0,0.0,0.0,ZERO_INTENT,0.2628080520481847,0,32,0,0,32
83.33333333333333,-57.052934300832405,-7.655944858104455,2.386242706129183,0.0,0.0,0.0,0.0,0.0,0.0,ZERO_INTENT,0.2628080520481847,0,32,0,0,32
83.35,-57.052934300832405,-7.655944858104455,2.386242706129183,0.0,0.0,0.0,0.0,0.0,0.0,ZERO_INTENT,0.2628080520481847,0,32,0,0,32
83.36666666666666,-57.052934300832405,-7.655944858104455,2.386242706129183,0.0,0.0,0.0,0.0,0.0,0.0,ZERO_INTENT,0.2628080520481847,0,32,0,0,32
83.38333333333334,-57.052934300832405,-7.655944858104455,2.386242706129183,0.0,0.0,0.0,0.0,0.0,0.0,ZERO_INTENT,0.2628080520481847,0,32,0,0,32
83.4,-57.052934300832405,-7.655944858104455,2.386242706129183,0.0,0.0,0.0,0.0,0.0,0.0,ZERO_INTENT,0.2628080520481847,0,32,0,0,32
83.41666666666667,-57.052934300832405,-7.655944858104455,2.386242706129183,0.0,0.0,0.0,0.0,0.0,0.0,ZERO_INTENT,0.2628080520481847,0,32,0,0,32
83.43333333333334,-57.052934300832405,-7.655944858104455,2.386242706129183,0.0,0.0,0.0,0.0,0.0,0.0,ZERO_INTENT,0.2628080520481847,0,32,0,0,32
83.45,-57.052934300832405,-7.655944858104455,2.386242706129183,0.0,0.0,0.0,0.0,0.0,0.0,ZERO_INTENT,0.2628080520481847,0,32,0,0,32
83.46666666666667,-57.052934300832405,-7.655944858104455,2.386242706129183,0.0,0.0,0.0,0.0,0.0,0.0,ZERO_INTENT,0.2628080520481847,0,32,0,0,32
83.48333333333333,-57.052934300832405,-7.655944858104455,2.386242706129183,0.0,0.0,0.0,0.0,0.0,0.0,ZERO_INTENT,0.2628080520481847,0,32,0,0,32
83.5,-57.052934300832405,-7.655944858104455,2.386242706129183,0.0,0.0,0.0,0.0,0.0,0.0,ZERO_INTENT,0.2628080520481847,0,32,0,0,32
83.51666666666667,-57.052934300832405,-7.655944858104455,2.386242706129183,0.0,0.0,0.0,0.0,0.0,0.0,ZERO_INTENT,0.2628080520481847,0,32,0,0,32
83.53333333333333,-57.052934300832405,-7.655944858104455,2.386242706129183,0.0,0.0,0.0,0.0,0.0,0.0,ZERO_INTENT,0.2628080520481847,0,32,0,0,32
83.55,-57.052934300832405,-7.655944858104455,2.386242706129183,0.0,0.0,0.0,0.0,0.0,0.0,ZERO_INTENT,0.2628080520481847,0,32,0,0,32
83.56666666666666,-57.052934300832405,-7.655944858104455,2.386242706129183,0.0,0.0,0.0,0.0,0.0,0.0,ZERO_INTENT,0.2628080520481847,0,32,0,0,32
83.58333333333333,-57.052934300832405,-7.655944858104455,2.386242706129183,0.0,0.0,0.0,0.0,0.0,0.0,ZERO_INTENT,0.2628080520481847,0,32,0,0,32
83.6,-57.052934300832405,-7.655944858104455,2.386242706129183,0.0,0.0,0.0,0.0,0.0,0.0,ZERO_INTENT,0.2628080520481847,0,32,0,0,32
83.61666666666666,-57.052934300832405,-7.655944858104455,2.386242706129183,0.0,0.0,0.0,0.0,0.0,0.0,ZERO_INTENT,0.2628080520481847,0,32,0,0,32
83.63333333333334,-57.052934300832405,-7.655944858104455,2.386242706129183,0.0,0.0,0.0,0.0,0.0,0.0,ZERO_INTENT,0.2628080520481847,0,32,0,0,32
83.65,-57.052934300832405,-7.655944858104455,2.386242706129183,0.0,0.0,0.0,0.0,0.0,0.0,ZERO_INTENT,0.2628080520481847,0,32,0,0,32
83.66666666666667,-57.052934300832405,-7.655944858104455,2.386242706129183,0.0,0.0,0.0,0.0,0.0,0.0,ZERO_INTENT,0.2628080520481847,0,32,0,0,32
83.68333333333334,-57.052934300832405,-7.655944858104455,2.386242706129183,0.0,0.0,0.0,0.0,0.0,0.0,ZERO_INTENT,0.2628080520481847,0,32,0,0,32
83.7,-57.052934300832405,-7.655944858104455,2.386242706129183,0.0,0.0,0.0,0.0,0.0,0.0,ZERO_INTENT,0.2628080520481847,0,32,0,0,32
83.71666666666667,-57.052934300832405,-7.655944858104455,2.386242706129183,0.0,0.0,0.0,0.0,0.0,0.0,ZERO_INTENT,0.2628080520481847,0,32,0,0,32
83.73333333333333,-57.052934300832405,-7.655944858104455,2.386242706129183,0.0,0.0,0.0,0.0,0.0,0.0,ZERO_INTENT,0.2628080520481847,0,32,0,0,32
83.75,-57.052934300832405,-7.655944858104455,2.386242706129183,0.0,0.0,0.0,0.0,0.0,0.0,ZERO_INTENT,0.2628080520481847,0,32,0,0,32
83.76666666666667,-57.052934300832405,-7.655944858104455,2.386242706129183,0.0,0.0,0.0,0.0,0.0,0.0,ZERO_INTENT,0.2628080520481847,0,32,0,0,32
83.78333333333333,-57.052934300832405,-7.655944858104455,2.386242706129183,0.0,0.0,0.0,0.0,0.0,0.0,ZERO_INTENT,0.2628080520481847,0,32,0,0,32
83.8,-57.052934300832405,-7.655944858104455,2.386242706129183,0.0,0.0,0.0,0.0,0.0,0.0,ZERO_INTENT,0.2628080520481847,0,32,0,0,32
83.81666666666666,-57.052934300832405,-7.655944858104455,2.386242706129183,0.0,0.0,0.0,0.0,0.0,0.0,ZERO_INTENT,0.2628080520481847,0,32,0,0,32
83.83333333333333,-57.052934300832405,-7.655944858104455,2.386242706129183,0.0,0.0,0.0,0.0,0.0,0.0,ZERO_INTENT,0.2628080520481847,0,32,0,0,32
83.85,-57.052934300832405,-7.655944858104455,2.386242706129183,0.0,0.0,0.0,0.0,0.0,0.0,ZERO_INTENT,0.2628080520481847,0,32,0,0,32
83.86666666666666,-57.052934300832405,-7.655944858104455,2.386242706129183,0.0,0.0,0.0,0.0,0.0,0.0,ZERO_INTENT,0.2628080520481847,0,32,0,0,32
83.88333333333334,-57.052934300832405,-7.655944858104455,2.386242706129183,0.0,0.0,0.0,0.0,0.0,0.0,ZERO_INTENT,0.2628080520481847,0,32,0,0,32
83.9,-57.052934300832405,-7.655944858104455,2.386242706129183,0.0,0.0,0.0,0.0,0.0,0.0,ZERO_INTENT,0.2628080520481847,0,32,0,0,32
83.91666666666667,-57.052934300832405,-7.655944858104455,2.386242706129183,0.0,0.0,0.0,0.0,0.0,0.0,ZERO_INTENT,0.2628080520481847,0,32,0,0,32
83.93333333333334,-57.052934300832405,-7.655944858104455,2.386242706129183,0.0,0.0,0.0,0.0,0.0,0.0,ZERO_INTENT,0.2628080520481847,0,32,0,0,32
83.95,-57.052934300832405,-7.655944858104455,2.386242706129183,0.0,0.0,0.0,0.0,0.0,0.0,ZERO_INTENT,0.2628080520481847,0,32,0,0,32
83.96666666666667,-57.052934300832405,-7.655944858104455,2.386242706129183,0.0,0.0,0.0,0.0,0.0,0.0,ZERO_INTENT,0.2628080520481847,0,32,0,0,32
83.98333333333333,-57.052934300832405,-7.655944858104455,2.386242706129183,0.0,0.0,0.0,0.0,0.0,0.0,ZERO_INTENT,0.2628080520481847,0,32,0,0,32
84.0,-57.052934300832405,-7.655944858104455,2.386242706129183,0.0,0.0,0.0,0.0,0.0,0.0,ZERO_INTENT,0.2628080520481847,0,32,0,0,32
84.01666666666667,-57.052934300832405,-7.655944858104455,2.386242706129183,0.0,0.0,0.0,0.0,0.0,0.0,ZERO_INTENT,0.2628080520481847,0,32,0,0,32
84.03333333333333,-57.052934300832405,-7.655944858104455,2.386242706129183,0.0,0.0,0.0,0.0,0.0,0.0,ZERO_INTENT,0.2628080520481847,0,32,0,0,32
84.05,-57.052934300832405,-7.655944858104455,2.386242706129183,0.0,0.0,0.0,0.0,0.0,0.0,ZERO_INTENT,0.2628080520481847,0,32,0,0,32
84.06666666666666,-57.052934300832405,-7.655944858104455,2.386242706129183,0.0,0.0,0.0,0.0,0.0,0.0,ZERO_INTENT,0.2628080520481847,0,32,0,0,32
84.08333333333333,-57.052934300832405,-7.655944858104455,2.386242706129183,0.0,0.0,0.0,0.0,0.0,0.0,ZERO_INTENT,0.2628080520481847,0,32,0,0,32
84.1,-57.052934300832405,-7.655944858104455,2.386242706129183,0.0,0.0,0.0,0.0,0.0,0.0,ZERO_INTENT,0.2628080520481847,0,32,0,0,32
84.11666666666666,-57.052934300832405,-7.655944858104455,2.386242706129183,0.0,0.0,0.0,0.0,0.0,0.0,ZERO_INTENT,0.2628080520481847,0,32,0,0,32
84.13333333333334,-57.052934300832405,-7.655944858104455,2.386242706129183,0.0,0.0,0.0,0.0,0.0,0.0,ZERO_INTENT,0.2628080520481847,0,32,0,0,32
84.15,-57.052934300832405,-7.655944858104455,2.386242706129183,0.0,0.0,0.0,0.0,0.0,0.0,ZERO_INTENT,0.2628080520481847,0,32,0,0,32
84.16666666666667,-57.052934300832405,-7.655944858104455,2.386242706129183,0.0,0.0,0.0,0.0,0.0,0.0,ZERO_INTENT,0.2628080520481847,0,32,0,0,32
84.18333333333334,-57.052934300832405,-7.655944858104455,2.386242706129183,0.0,0.0,0.0,0.0,0.0,0.0,ZERO_INTENT,0.2628080520481847,0,32,0,0,32
84.2,-57.052934300832405,-7.655944858104455,2.386242706129183,0.0,0.0,0.0,0.0,0.0,0.0,ZERO_INTENT,0.2628080520481847,0,32,0,0,32
84.21666666666667,-57.052934300832405,-7.655944858104455,2.386242706129183,0.0,0.0,0.0,0.0,0.0,0.0,ZERO_INTENT,0.2628080520481847,0,32,0,0,32
84.23333333333333,-57.052934300832405,-7.655944858104455,2.386242706129183,0.0,0.0,0.0,0.0,0.0,0.0,ZERO_INTENT,0.2628080520481847,0,32,0,0,32
84.25,-57.052934300832405,-7.655944858104455,2.386242706129183,0.0,0.0,0.0,0.0,0.0,0.0,ZERO_INTENT,0.2628080520481847,0,32,0,0,32
84.26666666666667,-57.052934300832405,-7.655944858104455,2.386242706129183,0.0,0.0,0.0,0.0,0.0,0.0,ZERO_INTENT,0.2628080520481847,0,32,0,0,32
84.28333333333333,-57.052934300832405,-7.655944858104455,2.386242706129183,0.0,0.0,0.0,0.0,0.0,0.0,ZERO_INTENT,0.2628080520481847,0,32,0,0,32
84.3,-57.052934300832405,-7.655944858104455,2.386242706129183,0.0,0.0,0.0,0.0,0.0,0.0,ZERO_INTENT,0.2628080520481847,0,32,0,0,32
84.31666666666666,-57.052934300832405,-7.655944858104455,2.386242706129183,0.0,0.0,0.0,0.0,0.0,0.0,ZERO_INTENT,0.2628080520481847,0,32,0,0,32
84.33333333333333,-57.052934300832405,-7.655944858104455,2.386242706129183,0.0,0.0,0.0,0.0,0.0,0.0,ZERO_INTENT,0.2628080520481847,0,32,0,0,32
84.35,-57.052934300832405,-7.655944858104455,2.386242706129183,0.0,0.0,0.0,0.0,0.0,0.0,ZERO_INTENT,0.2628080520481847,0,32,0,0,32
84.36666666666666,-57.052934300832405,-7.655944858104455,2.386242706129183,0.0,0.0,0.0,0.0,0.0,0.0,ZERO_INTENT,0.2628080520481847,0,32,0,0,32
84.38333333333334,-57.052934300832405,-7.655944858104455,2.386242706129183,0.0,0.0,0.0,0.0,0.0,0.0,ZERO_INTENT,0.2628080520481847,0,32,0,0,32
84.4,-57.052934300832405,-7.655944858104455,2.386242706129183,0.0,0.0,0.0,0.0,0.0,0.0,ZERO_INTENT,0.2628080520481847,0,32,0,0,32
84.41666666666667,-57.052934300832405,-7.655944858104455,2.386242706129183,0.0,0.0,0.0,0.0,0.0,0.0,ZERO_INTENT,0.2628080520481847,0,32,0,0,32
84.43333333333334,-57.052934300832405,-7.655944858104455,2.386242706129183,0.0,0.0,0.0,0.0,0.0,0.0,ZERO_INTENT,0.2628080520481847,0,32,0,0,32
84.45,-57.052934300832405,-7.655944858104455,2.386242706129183,0.0,0.0,0.0,0.0,0.0,0.0,ZERO_INTENT,0.2628080520481847,0,32,0,0,32
84.46666666666667,-57.052934300832405,-7.655944858104455,2.386242706129183,0.0,0.0,0.0,0.0,0.0,0.0,ZERO_INTENT,0.2628080520481847,0,32,0,0,32
84.48333333333333,-57.052934300832405,-7.655944858104455,2.386242706129183,0.0,0.0,0.0,0.0,0.0,0.0,ZERO_INTENT,0.2628080520481847,0,32,0,0,32
84.5,-57.052934300832405,-7.655944858104455,2.386242706129183,0.0,0.0,0.0,0.0,0.0,0.0,ZERO_INTENT,0.2628080520481847,0,32,0,0,32
84.51666666666667,-57.052934300832405,-7.655944858104455,2.386242706129183,0.0,0.0,0.0,0.0,0.0,0.0,ZERO_INTENT,0.2628080520481847,0,32,0,0,32
84.53333333333333,-57.052934300832405,-7.655944858104455,2.386242706129183,0.0,0.0,0.0,0.0,0.0,0.0,ZERO_INTENT,0.2628080520481847,0,32,0,0,32
84.55,-57.052934300832405,-7.655944858104455,2.386242706129183,0.0,0.0,0.0,0.0,0.0,0.0,ZERO_INTENT,0.2628080520481847,0,32,0,0,32
84.56666666666666,-57.052934300832405,-7.655944858104455,2.386242706129183,0.0,0.0,0.0,0.0,0.0,0.0,ZERO_INTENT,0.2628080520481847,0,32,0,0,32
84.58333333333333,-57.052934300832405,-7.655944858104455,2.386242706129183,0.0,0.0,0.0,0.0,0.0,0.0,ZERO_INTENT,0.2628080520481847,0,32,0,0,32
84.6,-57.052934300832405,-7.655944858104455,2.386242706129183,0.0,0.0,0.0,0.0,0.0,0.0,ZERO_INTENT,0.2628080520481847,0,32,0,0,32
84.61666666666666,-57.052934300832405,-7.655944858104455,2.386242706129183,0.0,0.0,0.0,0.0,0.0,0.0,ZERO_INTENT,0.2628080520481847,0,32,0,0,32
84.63333333333334,-57.052934300832405,-7.655944858104455,2.386242706129183,0.0,0.0,0.0,0.0,0.0,0.0,ZERO_INTENT,0.2628080520481847,0,32,0,0,32
84.65,-57.052934300832405,-7.655944858104455,2.386242706129183,0.0,0.0,0.0,0.0,0.0,0.0,ZERO_INTENT,0.2628080520481847,0,32,0,0,32
84.66666666666667,-57.052934300832405,-7.655944858104455,2.386242706129183,0.0,0.0,0.0,0.0,0.0,0.0,ZERO_INTENT,0.2628080520481847,0,32,0,0,32
84.68333333333334,-57.052934300832405,-7.655944858104455,2.386242706129183,0.0,0.0,0.0,0.0,0.0,0.0,ZERO_INTENT,0.2628080520481847,0,32,0,0,32
84.7,-57.052934300832405,-7.655944858104455,2.386242706129183,0.0,0.0,0.0,0.0,0.0,0.0,ZERO_INTENT,0.2628080520481847,0,32,0,0,32
84.71666666666667,-57.052934300832405,-7.655944858104455,2.386242706129183,0.0,0.0,0.0,0.0,0.0,0.0,ZERO_INTENT,0.2628080520481847,0,32,0,0,32
84.73333333333333,-57.052934300832405,-7.655944858104455,2.386242706129183,0.0,0.0,0.0,0.0,0.0,0.0,ZERO_INTENT,0.2628080520481847,0,32,0,0,32
84.75,-57.052934300832405,-7.655944858104455,2.386242706129183,0.0,0.0,0.0,0.0,0.0,0.0,ZERO_INTENT,0.2628080520481847,0,32,0,0,32
84.76666666666667,-57.052934300832405,-7.655944858104455,2.386242706129183,0.0,0.0,0.0,0.0,0.0,0.0,ZERO_INTENT,0.2628080520481847,0,32,0,0,32
84.78333333333333,-57.052934300832405,-7.655944858104455,2.386242706129183,0.0,0.0,0.0,0.0,0.0,0.0,ZERO_INTENT,0.2628080520481847,0,32,0,0,32
84.8,-57.052934300832405,-7.655944858104455,2.386242706129183,0.0,0.0,0.0,0.0,0.0,0.0,ZERO_INTENT,0.2628080520481847,0,32,0,0,32
84.81666666666666,-57.052934300832405,-7.655944858104455,2.386242706129183,0.0,0.0,0.0,0.0,0.0,0.0,ZERO_INTENT,0.2628080520481847,0,32,0,0,32
84.83333333333333,-57.052934300832405,-7.655944858104455,2.386242706129183,0.0,0.0,0.0,0.0,0.0,0.0,ZERO_INTENT,0.2628080520481847,0,32,0,0,32
84.85,-57.052934300832405,-7.655944858104455,2.386242706129183,0.0,0.0,0.0,0.0,0.0,0.0,ZERO_INTENT,0.2628080520481847,0,32,0,0,32
84.86666666666666,-57.052934300832405,-7.655944858104455,2.386242706129183,0.0,0.0,0.0,0.0,0.0,0.0,ZERO_INTENT,0.2628080520481847,0,32,0,0,32
84.88333333333334,-57.052934300832405,-7.655944858104455,2.386242706129183,0.0,0.0,0.0,0.0,0.0,0.0,ZERO_INTENT,0.2628080520481847,0,32,0,0,32
84.9,-57.052934300832405,-7.655944858104455,2.386242706129183,0.0,0.0,0.0,0.0,0.0,0.0,ZERO_INTENT,0.2628080520481847,0,32,0,0,32
84.91666666666667,-57.052934300832405,-7.655944858104455,2.386242706129183,0.0,0.0,0.0,0.0,0.0,0.0,ZERO_INTENT,0.2628080520481847,0,32,0,0,32
84.93333333333334,-57.052934300832405,-7.655944858104455,2.386242706129183,0.0,0.0,0.0,0.0,0.0,0.0,ZERO_INTENT,0.2628080520481847,0,32,0,0,32
84.95,-57.052934300832405,-7.655944858104455,2.386242706129183,0.0,0.0,0.0,0.0,0.0,0.0,ZERO_INTENT,0.2628080520481847,0,32,0,0,32
84.96666666666667,-57.052934300832405,-7.655944858104455,2.386242706129183,0.0,0.0,0.0,0.0,0.0,0.0,ZERO_INTENT,0.2628080520481847,0,32,0,0,32
84.98333333333333,-57.052934300832405,-7.655944858104455,2.386242706129183,0.0,0.0,0.0,0.0,0.0,0.0,ZERO_INTENT,0.2628080520481847,0,32,0,0,32
85.0,-57.052934300832405,-7.655944858104455,2.386242706129183,0.0,0.0,0.0,0.0,1.0,0.0,ZERO_INTENT,0.2628080520481847,0,32,0,0,32
85.01666666666667,-57.052934300832405,-7.655944858104455,2.386242706129183,0.0,0.0,0.0,0.0,1.0,0.0,ZERO_INTENT,0.2628080520481847,0,32,0,0,32
85.03333333333333,-57.052934300832405,-7.655944858104455,2.386242706129183,0.0,0.0,0.0,0.0,1.0,0.0,ZERO_INTENT,0.2628080520481847,0,32,0,0,32
85.05,-57.052934300832405,-7.655944858104455,2.386242706129183,0.0,0.0,0.0,0.0,1.0,0.0,ZERO_INTENT,0.2628080520481847,0,32,0,0,32
85.06666666666666,-57.052934300832405,-7.655944858104455,2.386242706129183,0.0,0.0,0.0,0.0,1.0,0.0,NO_REGULAR_FIELD,0.2628080520481847,0,32,0,0,32
85.08333333333333,-57.052934300832405,-7.655944858104455,2.386242706129183,0.0,0.0,0.0,0.0,1.0,0.0,NO_REGULAR_FIELD,0.2628080520481847,0,32,0,32,32
85.1,-57.052934300832405,-7.655944858104455,2.386242706129183,0.0,0.0,0.0,0.0,1.0,0.0,NO_REGULAR_FIELD,0.2628080520481847,0,32,0,32,32
85.11666666666666,-57.052934300832405,-7.655944858104455,2.386242706129183,0.0,0.0,0.0,0.0,1.0,0.0,NO_REGULAR_FIELD,0.2628080520481847,0,32,0,32,32
85.13333333333334,-57.052934300832405,-7.655944858104455,2.386242706129183,0.0,0.0,0.0,0.0,1.0,0.0,NO_REGULAR_FIELD,0.2628080520481847,0,32,0,32,32
85.15,-57.052934300832405,-7.655944858104455,2.386242706129183,0.0,0.0,0.0,0.0,1.0,0.0,NO_REGULAR_FIELD,0.2628080520481847,0,32,0,32,32
85.16666666666667,-57.052934300832405,-7.655944858104455,2.386242706129183,0.0,0.0,0.0,0.0,1.0,0.0,NO_REGULAR_FIELD,0.2628080520481847,0,32,0,32,32
85.18333333333334,-57.052934300832405,-7.655944858104455,2.386242706129183,0.0,0.0,0.0,0.0,1.0,0.0,NO_REGULAR_FIELD,0.2628080520481847,0,32,0,32,32
85.2,-57.052934300832405,-7.655944858104455,2.386242706129183,0.0,0.0,0.0,0.0,1.0,0.0,NO_REGULAR_FIELD,0.2628080520481847,0,32,0,32,32
85.21666666666667,-57.052934300832405,-7.655944858104455,2.386242706129183,0.0,0.0,0.0,0.0,1.0,0.0,NO_REGULAR_FIELD,0.2628080520481847,0,32,0,32,32
85.23333333333333,-57.052934300832405,-7.655944858104455,2.386242706129183,0.0,0.0,0.0,0.0,1.0,0.0,NO_REGULAR_FIELD,0.2628080520481847,0,32,0,32,32
85.25,-57.052934300832405,-7.655944858104455,2.386242706129183,0.0,0.0,0.0,0.0,1.0,0.0,NO_REGULAR_FIELD,0.2628080520481847,0,32,0,32,32
85.26666666666667,-57.052934300832405,-7.655944858104455,2.386242706129183,0.0,0.0,0.0,0.0,1.0,0.0,NO_REGULAR_FIELD,0.2628080520481847,0,32,0,32,32
85.28333333333333,-57.052934300832405,-7.655944858104455,2.386242706129183,0.0,0.0,0.0,0.0,1.0,0.0,NO_REGULAR_FIELD,0.2628080520481847,0,32,0,32,32
85.3,-57.052934300832405,-7.655944858104455,2.386242706129183,0.0,0.0,0.0,0.0,1.0,0.0,NO_REGULAR_FIELD,0.2628080520481847,0,32,0,32,32
85.31666666666666,-57.052934300832405,-7.655944858104455,2.386242706129183,0.0,0.0,0.0,0.0,1.0,0.0,NO_REGULAR_FIELD,0.2628080520481847,0,32,0,32,32
85.33333333333333,-57.052934300832405,-7.655944858104455,2.386242706129183,0.0,0.0,0.0,0.0,1.0,0.0,NO_REGULAR_FIELD,0.2628080520481847,0,32,0,32,32
85.35,-57.052934300832405,-7.655944858104455,2.386242706129183,0.0,0.0,0.0,0.0,1.0,0.0,NO_REGULAR_FIELD,0.2628080520481847,0,32,0,32,32
85.36666666666666,-57.052934300832405,-7.655944858104455,2.386242706129183,0.0,0.0,0.0,0.0,1.0,0.0,NO_REGULAR_FIELD,0.2628080520481847,0,32,0,32,32
85.38333333333334,-57.052934300832405,-7.655944858104455,2.386242706129183,0.0,0.0,0.0,0.0,1.0,0.0,NO_REGULAR_FIELD,0.2628080520481847,0,32,0,32,32
85.4,-57.052934300832405,-7.655944858104455,2.386242706129183,0.0,0.0,0.0,0.0,1.0,0.0,NO_REGULAR_FIELD,0.2628080520481847,0,32,0,32,32
85.41666666666667,-57.052934300832405,-7.655944858104455,2.386242706129183,0.0,0.0,0.0,0.0,1.0,0.0,NO_REGULAR_FIELD,0.2628080520481847,0,32,0,32,32
85.43333333333334,-57.052934300832405,-7.655944858104455,2.386242706129183,0.0,0.0,0.0,0.0,1.0,0.0,NO_REGULAR_FIELD,0.2628080520481847,0,32,0,32,32
85.45,-57.052934300832405,-7.655944858104455,2.386242706129183,0.0,0.0,0.0,0.0,1.0,0.0,NO_REGULAR_FIELD,0.2628080520481847,0,32,0,32,32
85.46666666666667,-57.052934300832405,-7.655944858104455,2.386242706129183,0.0,0.0,0.0,0.0,1.0,0.0,NO_REGULAR_FIELD,0.2628080520481847,0,32,0,32,32
85.48333333333333,-57.052934300832405,-7.655944858104455,2.386242706129183,0.0,0.0,0.0,0.0,1.0,0.0,NO_REGULAR_FIELD,0.2628080520481847,0,32,0,32,32
85.5,-57.052934300832405,-7.655944858104455,2.386242706129183,0.0,0.0,0.0,0.0,1.0,0.0,NO_REGULAR_FIELD,0.2628080520481847,0,32,0,32,32
85.51666666666667,-57.052934300832405,-7.655944858104455,2.386242706129183,0.0,0.0,0.0,0.0,1.0,0.0,NO_REGULAR_FIELD,0.2628080520481847,0,32,0,32,32
85.53333333333333,-57.052934300832405,-7.655944858104455,2.386242706129183,0.0,0.0,0.0,0.0,1.0,0.0,NO_REGULAR_FIELD,0.2628080520481847,0,32,0,32,32
85.55,-57.052934300832405,-7.655944858104455,2.386242706129183,0.0,0.0,0.0,0.0,1.0,0.0,NO_REGULAR_FIELD,0.2628080520481847,0,32,0,32,32
85.56666666666666,-57.052934300832405,-7.655944858104455,2.386242706129183,0.0,0.0,0.0,0.0,1.0,0.0,NO_REGULAR_FIELD,0.2628080520481847,0,32,0,32,32
85.58333333333333,-57.052934300832405,-7.655944858104455,2.386242706129183,0.0,0.0,0.0,0.0,1.0,0.0,NO_REGULAR_FIELD,0.2628080520481847,0,32,0,32,32
85.6,-57.052934300832405,-7.655944858104455,2.386242706129183,0.0,0.0,0.0,0.0,1.0,0.0,NO_REGULAR_FIELD,0.2628080520481847,0,32,0,32,32
85.61666666666666,-57.052934300832405,-7.655944858104455,2.386242706129183,0.0,0.0,0.0,0.0,1.0,0.0,NO_REGULAR_FIELD,0.2628080520481847,0,32,0,32,32
85.63333333333334,-57.052934300832405,-7.655944858104455,2.386242706129183,0.0,0.0,0.0,0.0,1.0,0.0,NO_REGULAR_FIELD,0.2628080520481847,0,32,0,32,32
85.65,-57.052934300832405,-7.655944858104455,2.386242706129183,0.0,0.0,0.0,0.0,1.0,0.0,NO_REGULAR_FIELD,0.2628080520481847,0,32,0,32,32
85.66666666666667,-57.052934300832405,-7.655944858104455,2.386242706129183,0.0,0.0,0.0,0.0,1.0,0.0,NO_REGULAR_FIELD,0.2628080520481847,0,32,0,32,32
85.68333333333334,-57.052934300832405,-7.655944858104455,2.386242706129183,0.0,0.0,0.0,0.0,1.0,0.0,NO_REGULAR_FIELD,0.2628080520481847,0,32,0,32,32
85.7,-57.052934300832405,-7.655944858104455,2.386242706129183,0.0,0.0,0.0,0.0,1.0,0.0,NO_REGULAR_FIELD,0.2628080520481847,0,32,0,32,32
85.71666666666667,-57.052934300832405,-7.655944858104455,2.386242706129183,0.0,0.0,0.0,0.0,1.0,0.0,NO_REGULAR_FIELD,0.2628080520481847,0,32,0,32,32
85.73333333333333,-57.052934300832405,-7.655944858104455,2.386242706129183,0.0,0.0,0.0,0.0,1.0,0.0,NO_REGULAR_FIELD,0.2628080520481847,0,32,0,32,32
85.75,-57.052934300832405,-7.655944858104455,2.386242706129183,0.0,0.0,0.0,0.0,1.0,0.0,NO_REGULAR_FIELD,0.2628080520481847,0,32,0,32,32
85.76666666666667,-57.052934300832405,-7.655944858104455,2.386242706129183,0.0,0.0,0.0,0.0,1.0,0.0,NO_REGULAR_FIELD,0.2628080520481847,0,32,0,32,32
85.78333333333333,-57.052934300832405,-7.655944858104455,2.386242706129183,0.0,0.0,0.0,0.0,1.0,0.0,NO_REGULAR_FIELD,0.2628080520481847,0,32,0,32,32
85.8,-57.052934300832405,-7.655944858104455,2.386242706129183,0.0,0.0,0.0,0.0,1.0,0.0,NO_REGULAR_FIELD,0.2628080520481847,0,32,0,32,32
85.81666666666666,-57.052934300832405,-7.655944858104455,2.386242706129183,0.0,0.0,0.0,0.0,1.0,0.0,NO_REGULAR_FIELD,0.2628080520481847,0,32,0,32,32
85.83333333333333,-57.052934300832405,-7.655944858104455,2.386242706129183,0.0,0.0,0.0,0.0,1.0,0.0,NO_REGULAR_FIELD,0.2628080520481847,0,32,0,32,32
85.85,-57.052934300832405,-7.655944858104455,2.386242706129183,0.0,0.0,0.0,0.0,1.0,0.0,NO_REGULAR_FIELD,0.2628080520481847,0,32,0,32,32
85.86666666666666,-57.052934300832405,-7.655944858104455,2.386242706129183,0.0,0.0,0.0,0.0,1.0,0.0,NO_REGULAR_FIELD,0.2628080520481847,0,32,0,32,32
85.88333333333334,-57.052934300832405,-7.655944858104455,2.386242706129183,0.0,0.0,0.0,0.0,1.0,0.0,NO_REGULAR_FIELD,0.2628080520481847,0,32,0,32,32
85.9,-57.052934300832405,-7.655944858104455,2.386242706129183,0.0,0.0,0.0,0.0,1.0,0.0,NO_REGULAR_FIELD,0.2628080520481847,0,32,0,32,32
85.91666666666667,-57.052934300832405,-7.655944858104455,2.386242706129183,0.0,0.0,0.0,0.0,1.0,0.0,NO_REGULAR_FIELD,0.2628080520481847,0,32,0,32,32
85.93333333333334,-57.052934300832405,-7.655944858104455,2.386242706129183,0.0,0.0,0.0,0.0,1.0,0.0,NO_REGULAR_FIELD,0.2628080520481847,0,32,0,32,32
85.95,-57.052934300832405,-7.655944858104455,2.386242706129183,0.0,0.0,0.0,0.0,1.0,0.0,NO_REGULAR_FIELD,0.2628080520481847,0,32,0,32,32
85.96666666666667,-57.052934300832405,-7.655944858104455,2.386242706129183,0.0,0.0,0.0,0.0,1.0,0.0,NO_REGULAR_FIELD,0.2628080520481847,0,32,0,32,32
85.98333333333333,-57.052934300832405,-7.655944858104455,2.386242706129183,0.0,0.0,0.0,0.0,1.0,0.0,NO_REGULAR_FIELD,0.2628080520481847,0,32,0,32,32
86.0,-57.052934300832405,-7.655944858104455,2.386242706129183,0.0,0.0,0.0,0.0,1.0,0.0,NO_REGULAR_FIELD,0.2628080520481847,0,32,0,32,32
86.01666666666667,-57.052934300832405,-7.655944858104455,2.386242706129183,0.0,0.0,0.0,0.0,1.0,0.0,NO_REGULAR_FIELD,0.2628080520481847,0,32,0,32,32
86.03333333333333,-57.052934300832405,-7.655944858104455,2.386242706129183,0.0,0.0,0.0,0.0,1.0,0.0,NO_REGULAR_FIELD,0.2628080520481847,0,32,0,32,32
86.05,-57.052934300832405,-7.655944858104455,2.386242706129183,0.0,0.0,0.0,0.0,1.0,0.0,NO_REGULAR_FIELD,0.2628080520481847,0,32,0,32,32
86.06666666666666,-57.052934300832405,-7.655944858104455,2.386242706129183,0.0,0.0,0.0,0.0,1.0,0.0,NO_REGULAR_FIELD,0.2628080520481847,0,32,0,32,32
86.08333333333333,-57.052934300832405,-7.655944858104455,2.386242706129183,0.0,0.0,0.0,0.0,1.0,0.0,NO_REGULAR_FIELD,0.2628080520481847,0,32,0,32,32
86.1,-57.052934300832405,-7.655944858104455,2.386242706129183,0.0,0.0,0.0,0.0,1.0,0.0,NO_REGULAR_FIELD,0.2628080520481847,0,32,0,32,32
86.11666666666666,-57.052934300832405,-7.655944858104455,2.386242706129183,0.0,0.0,0.0,0.0,1.0,0.0,NO_REGULAR_FIELD,0.2628080520481847,0,32,0,32,32
86.13333333333334,-57.052934300832405,-7.655944858104455,2.386242706129183,0.0,0.0,0.0,0.0,1.0,0.0,NO_REGULAR_FIELD,0.2628080520481847,0,32,0,32,32
86.15,-57.052934300832405,-7.655944858104455,2.386242706129183,0.0,0.0,0.0,0.0,1.0,0.0,NO_REGULAR_FIELD,0.2628080520481847,0,32,0,32,32
86.16666666666667,-57.052934300832405,-7.655944858104455,2.386242706129183,0.0,0.0,0.0,0.0,1.0,0.0,NO_REGULAR_FIELD,0.2628080520481847,0,32,0,32,32
86.18333333333334,-57.052934300832405,-7.655944858104455,2.386242706129183,0.0,0.0,0.0,0.0,1.0,0.0,NO_REGULAR_FIELD,0.2628080520481847,0,32,0,32,32
86.2,-57.052934300832405,-7.655944858104455,2.386242706129183,0.0,0.0,0.0,0.0,1.0,0.0,NO_REGULAR_FIELD,0.2628080520481847,0,32,0,32,32
86.21666666666667,-57.052934300832405,-7.655944858104455,2.386242706129183,0.0,0.0,0.0,0.0,1.0,0.0,NO_REGULAR_FIELD,0.2628080520481847,0,32,0,32,32
86.23333333333333,-57.052934300832405,-7.655944858104455,2.386242706129183,0.0,0.0,0.0,0.0,1.0,0.0,NO_REGULAR_FIELD,0.2628080520481847,0,32,0,32,32
86.25,-57.052934300832405,-7.655944858104455,2.386242706129183,0.0,0.0,0.0,0.0,1.0,0.0,NO_REGULAR_FIELD,0.2628080520481847,0,32,0,32,32
86.26666666666667,-57.052934300832405,-7.655944858104455,2.386242706129183,0.0,0.0,0.0,0.0,1.0,0.0,NO_REGULAR_FIELD,0.2628080520481847,0,32,0,32,32
86.28333333333333,-57.052934300832405,-7.655944858104455,2.386242706129183,0.0,0.0,0.0,0.0,1.0,0.0,NO_REGULAR_FIELD,0.2628080520481847,0,32,0,32,32
86.3,-57.052934300832405,-7.655944858104455,2.386242706129183,0.0,0.0,0.0,0.0,1.0,0.0,NO_REGULAR_FIELD,0.2628080520481847,0,32,0,32,32
86.31666666666666,-57.052934300832405,-7.655944858104455,2.386242706129183,0.0,0.0,0.0,0.0,1.0,0.0,NO_REGULAR_FIELD,0.2628080520481847,0,32,0,32,32
86.33333333333333,-57.052934300832405,-7.655944858104455,2.386242706129183,0.0,0.0,0.0,0.0,1.0,0.0,NO_REGULAR_FIELD,0.2628080520481847,0,32,0,32,32
86.35,-57.052934300832405,-7.655944858104455,2.386242706129183,0.0,0.0,0.0,0.0,1.0,0.0,NO_REGULAR_FIELD,0.2628080520481847,0,32,0,32,32
86.36666666666666,-57.052934300832405,-7.655944858104455,2.386242706129183,0.0,0.0,0.0,0.0,1.0,0.0,NO_REGULAR_FIELD,0.2628080520481847,0,32,0,32,32
86.38333333333334,-57.052934300832405,-7.655944858104455,2.386242706129183,0.0,0.0,0.0,0.0,1.0,0.0,NO_REGULAR_FIELD,0.2628080520481847,0,32,0,32,32
86.4,-57.052934300832405,-7.655944858104455,2.386242706129183,0.0,0.0,0.0,0.0,1.0,0.0,NO_REGULAR_FIELD,0.2628080520481847,0,32,0,32,32
86.41666666666667,-57.052934300832405,-7.655944858104455,2.386242706129183,0.0,0.0,0.0,0.0,1.0,0.0,NO_REGULAR_FIELD,0.2628080520481847,0,32,0,32,32
86.43333333333334,-57.052934300832405,-7.655944858104455,2.386242706129183,0.0,0.0,0.0,0.0,1.0,0.0,NO_REGULAR_FIELD,0.2628080520481847,0,32,0,32,32
86.45,-57.052934300832405,-7.655944858104455,2.386242706129183,0.0,0.0,0.0,0.0,1.0,0.0,NO_REGULAR_FIELD,0.2628080520481847,0,32,0,32,32
86.46666666666667,-57.052934300832405,-7.655944858104455,2.386242706129183,0.0,0.0,0.0,0.0,1.0,0.0,NO_REGULAR_FIELD,0.2628080520481847,0,32,0,32,32
86.48333333333333,-57.052934300832405,-7.655944858104455,2.386242706129183,0.0,0.0,0.0,0.0,1.0,0.0,NO_REGULAR_FIELD,0.2628080520481847,0,32,0,32,32
86.5,-57.052934300832405,-7.655944858104455,2.386242706129183,0.0,0.0,0.0,0.0,1.0,0.0,NO_REGULAR_FIELD,0.2628080520481847,0,32,0,32,32
86.51666666666667,-57.052934300832405,-7.655944858104455,2.386242706129183,0.0,0.0,0.0,0.0,1.0,0.0,NO_REGULAR_FIELD,0.2628080520481847,0,32,0,32,32
86.53333333333333,-57.052934300832405,-7.655944858104455,2.386242706129183,0.0,0.0,0.0,0.0,1.0,0.0,NO_REGULAR_FIELD,0.2628080520481847,0,32,0,32,32
86.55,-57.052934300832405,-7.655944858104455,2.386242706129183,0.0,0.0,0.0,0.0,1.0,0.0,NO_REGULAR_FIELD,0.2628080520481847,0,32,0,32,32
86.56666666666666,-57.052934300832405,-7.655944858104455,2.386242706129183,0.0,0.0,0.0,0.0,1.0,0.0,NO_REGULAR_FIELD,0.2628080520481847,0,32,0,32,32
86.58333333333333,-57.052934300832405,-7.655944858104455,2.386242706129183,0.0,0.0,0.0,0.0,1.0,0.0,NO_REGULAR_FIELD,0.2628080520481847,0,32,0,32,32
86.6,-57.052934300832405,-7.655944858104455,2.386242706129183,0.0,0.0,0.0,0.0,1.0,0.0,NO_REGULAR_FIELD,0.2628080520481847,0,32,0,32,32
86.61666666666666,-57.052934300832405,-7.655944858104455,2.386242706129183,0.0,0.0,0.0,0.0,1.0,0.0,NO_REGULAR_FIELD,0.2628080520481847,0,32,0,32,32
86.63333333333334,-57.052934300832405,-7.655944858104455,2.386242706129183,0.0,0.0,0.0,0.0,1.0,0.0,NO_REGULAR_FIELD,0.2628080520481847,0,32,0,32,32
86.65,-57.052934300832405,-7.655944858104455,2.386242706129183,0.0,0.0,0.0,0.0,1.0,0.0,NO_REGULAR_FIELD,0.2628080520481847,0,32,0,32,32
86.66666666666667,-57.052934300832405,-7.655944858104455,2.386242706129183,0.0,0.0,0.0,0.0,1.0,0.0,NO_REGULAR_FIELD,0.2628080520481847,0,32,0,32,32
86.68333333333334,-57.052934300832405,-7.655944858104455,2.386242706129183,0.0,0.0,0.0,0.0,1.0,0.0,NO_REGULAR_FIELD,0.2628080520481847,0,32,0,32,32
86.7,-57.052934300832405,-7.655944858104455,2.386242706129183,0.0,0.0,0.0,0.0,1.0,0.0,NO_REGULAR_FIELD,0.2628080520481847,0,32,0,32,32
86.71666666666667,-57.052934300832405,-7.655944858104455,2.386242706129183,0.0,0.0,0.0,0.0,1.0,0.0,NO_REGULAR_FIELD,0.2628080520481847,0,32,0,32,32
86.73333333333333,-57.052934300832405,-7.655944858104455,2.386242706129183,0.0,0.0,0.0,0.0,1.0,0.0,NO_REGULAR_FIELD,0.2628080520481847,0,32,0,32,32
86.75,-57.052934300832405,-7.655944858104455,2.386242706129183,0.0,0.0,0.0,0.0,1.0,0.0,NO_REGULAR_FIELD,0.2628080520481847,0,32,0,32,32
86.76666666666667,-57.052934300832405,-7.655944858104455,2.386242706129183,0.0,0.0,0.0,0.0,1.0,0.0,NO_REGULAR_FIELD,0.2628080520481847,0,32,0,32,32
86.78333333333333,-57.052934300832405,-7.655944858104455,2.386242706129183,0.0,0.0,0.0,0.0,1.0,0.0,NO_REGULAR_FIELD,0.2628080520481847,0,32,0,32,32
86.8,-57.052934300832405,-7.655944858104455,2.386242706129183,0.0,0.0,0.0,0.0,1.0,0.0,NO_REGULAR_FIELD,0.2628080520481847,0,32,0,32,32
86.81666666666666,-57.052934300832405,-7.655944858104455,2.386242706129183,0.0,0.0,0.0,0.0,1.0,0.0,NO_REGULAR_FIELD,0.2628080520481847,0,32,0,32,32
86.83333333333333,-57.052934300832405,-7.655944858104455,2.386242706129183,0.0,0.0,0.0,0.0,1.0,0.0,NO_REGULAR_FIELD,0.2628080520481847,0,32,0,32,32
86.85,-57.052934300832405,-7.655944858104455,2.386242706129183,0.0,0.0,0.0,0.0,1.0,0.0,NO_REGULAR_FIELD,0.2628080520481847,0,32,0,32,32
86.86666666666666,-57.052934300832405,-7.655944858104455,2.386242706129183,0.0,0.0,0.0,0.0,1.0,0.0,NO_REGULAR_FIELD,0.2628080520481847,0,32,0,32,32
86.88333333333334,-57.052934300832405,-7.655944858104455,2.386242706129183,0.0,0.0,0.0,0.0,1.0,0.0,NO_REGULAR_FIELD,0.2628080520481847,0,32,0,32,32
86.9,-57.052934300832405,-7.655944858104455,2.386242706129183,0.0,0.0,0.0,0.0,1.0,0.0,NO_REGULAR_FIELD,0.2628080520481847,0,32,0,32,32
86.91666666666667,-57.052934300832405,-7.655944858104455,2.386242706129183,0.0,0.0,0.0,0.0,1.0,0.0,NO_REGULAR_FIELD,0.2628080520481847,0,32,0,32,32
86.93333333333334,-57.052934300832405,-7.655944858104455,2.386242706129183,0.0,0.0,0.0,0.0,1.0,0.0,NO_REGULAR_FIELD,0.2628080520481847,0,32,0,32,32
86.95,-57.052934300832405,-7.655944858104455,2.386242706129183,0.0,0.0,0.0,0.0,1.0,0.0,NO_REGULAR_FIELD,0.2628080520481847,0,32,0,32,32
86.96666666666667,-57.052934300832405,-7.655944858104455,2.386242706129183,0.0,0.0,0.0,0.0,1.0,0.0,NO_REGULAR_FIELD,0.2628080520481847,0,32,0,32,32
86.98333333333333,-57.052934300832405,-7.655944858104455,2.386242706129183,0.0,0.0,0.0,0.0,1.0,0.0,NO_REGULAR_FIELD,0.2628080520481847,0,32,0,32,32
87.0,-57.052934300832405,-7.655944858104455,2.386242706129183,0.0,0.0,0.0,0.0,1.0,0.0,NO_REGULAR_FIELD,0.2628080520481847,0,32,0,32,32
87.01666666666667,-57.052934300832405,-7.655944858104455,2.386242706129183,0.0,0.0,0.0,0.0,1.0,0.0,NO_REGULAR_FIELD,0.2628080520481847,0,32,0,32,32
87.03333333333333,-57.052934300832405,-7.655944858104455,2.386242706129183,0.0,0.0,0.0,0.0,1.0,0.0,NO_REGULAR_FIELD,0.2628080520481847,0,32,0,32,32
87.05,-57.052934300832405,-7.655944858104455,2.386242706129183,0.0,0.0,0.0,0.0,1.0,0.0,NO_REGULAR_FIELD,0.2628080520481847,0,32,0,32,32
87.06666666666666,-57.052934300832405,-7.655944858104455,2.386242706129183,0.0,0.0,0.0,0.0,1.0,0.0,NO_REGULAR_FIELD,0.2628080520481847,0,32,0,32,32
87.08333333333333,-57.052934300832405,-7.655944858104455,2.386242706129183,0.0,0.0,0.0,0.0,1.0,0.0,NO_REGULAR_FIELD,0.2628080520481847,0,32,0,32,32
87.1,-57.052934300832405,-7.655944858104455,2.386242706129183,0.0,0.0,0.0,0.0,1.0,0.0,NO_REGULAR_FIELD,0.2628080520481847,0,32,0,32,32
87.11666666666666,-57.052934300832405,-7.655944858104455,2.386242706129183,0.0,0.0,0.0,0.0,1.0,0.0,NO_REGULAR_FIELD,0.2628080520481847,0,32,0,32,32
87.13333333333334,-57.052934300832405,-7.655944858104455,2.386242706129183,0.0,0.0,0.0,0.0,1.0,0.0,NO_REGULAR_FIELD,0.2628080520481847,0,32,0,32,32
87.15,-57.052934300832405,-7.655944858104455,2.386242706129183,0.0,0.0,0.0,0.0,1.0,0.0,NO_REGULAR_FIELD,0.2628080520481847,0,32,0,32,32
87.16666666666667,-57.052934300832405,-7.655944858104455,2.386242706129183,0.0,0.0,0.0,0.0,1.0,0.0,NO_REGULAR_FIELD,0.2628080520481847,0,32,0,32,32
87.18333333333334,-57.052934300832405,-7.655944858104455,2.386242706129183,0.0,0.0,0.0,0.0,1.0,0.0,NO_REGULAR_FIELD,0.2628080520481847,0,32,0,32,32
87.2,-57.052934300832405,-7.655944858104455,2.386242706129183,0.0,0.0,0.0,0.0,1.0,0.0,NO_REGULAR_FIELD,0.2628080520481847,0,32,0,32,32
87.21666666666667,-57.052934300832405,-7.655944858104455,2.386242706129183,0.0,0.0,0.0,0.0,1.0,0.0,NO_REGULAR_FIELD,0.2628080520481847,0,32,0,32,32
87.23333333333333,-57.052934300832405,-7.655944858104455,2.386242706129183,0.0,0.0,0.0,0.0,1.0,0.0,NO_REGULAR_FIELD,0.2628080520481847,0,32,0,32,32
87.25,-57.052934300832405,-7.655944858104455,2.386242706129183,0.0,0.0,0.0,0.0,1.0,0.0,NO_REGULAR_FIELD,0.2628080520481847,0,32,0,32,32
87.26666666666667,-57.052934300832405,-7.655944858104455,2.386242706129183,0.0,0.0,0.0,0.0,1.0,0.0,NO_REGULAR_FIELD,0.2628080520481847,0,32,0,32,32
87.28333333333333,-57.052934300832405,-7.655944858104455,2.386242706129183,0.0,0.0,0.0,0.0,1.0,0.0,NO_REGULAR_FIELD,0.2628080520481847,0,32,0,32,32
87.3,-57.052934300832405,-7.655944858104455,2.386242706129183,0.0,0.0,0.0,0.0,1.0,0.0,NO_REGULAR_FIELD,0.2628080520481847,0,32,0,32,32
87.31666666666666,-57.052934300832405,-7.655944858104455,2.386242706129183,0.0,0.0,0.0,0.0,1.0,0.0,NO_REGULAR_FIELD,0.2628080520481847,0,32,0,32,32
87.33333333333333,-57.052934300832405,-7.655944858104455,2.386242706129183,0.0,0.0,0.0,0.0,1.0,0.0,NO_REGULAR_FIELD,0.2628080520481847,0,32,0,32,32
87.35,-57.052934300832405,-7.655944858104455,2.386242706129183,0.0,0.0,0.0,0.0,1.0,0.0,NO_REGULAR_FIELD,0.2628080520481847,0,32,0,32,32
87.36666666666666,-57.052934300832405,-7.655944858104455,2.386242706129183,0.0,0.0,0.0,0.0,1.0,0.0,NO_REGULAR_FIELD,0.2628080520481847,0,32,0,32,32
87.38333333333334,-57.052934300832405,-7.655944858104455,2.386242706129183,0.0,0.0,0.0,0.0,1.0,0.0,NO_REGULAR_FIELD,0.2628080520481847,0,32,0,32,32
87.4,-57.052934300832405,-7.655944858104455,2.386242706129183,0.0,0.0,0.0,0.0,1.0,0.0,NO_REGULAR_FIELD,0.2628080520481847,0,32,0,32,32
87.41666666666667,-57.052934300832405,-7.655944858104455,2.386242706129183,0.0,0.0,0.0,0.0,1.0,0.0,NO_REGULAR_FIELD,0.2628080520481847,0,32,0,32,32
87.43333333333334,-57.052934300832405,-7.655944858104455,2.386242706129183,0.0,0.0,0.0,0.0,1.0,0.0,NO_REGULAR_FIELD,0.2628080520481847,0,32,0,32,32
87.45,-57.052934300832405,-7.655944858104455,2.386242706129183,0.0,0.0,0.0,0.0,1.0,0.0,NO_REGULAR_FIELD,0.2628080520481847,0,32,0,32,32
87.46666666666667,-57.052934300832405,-7.655944858104455,2.386242706129183,0.0,0.0,0.0,0.0,1.0,0.0,NO_REGULAR_FIELD,0.2628080520481847,0,32,0,32,32
87.48333333333333,-57.052934300832405,-7.655944858104455,2.386242706129183,0.0,0.0,0.0,0.0,1.0,0.0,NO_REGULAR_FIELD,0.2628080520481847,0,32,0,32,32
87.5,-57.052934300832405,-7.655944858104455,2.386242706129183,0.0,0.0,0.0,0.0,1.0,0.0,NO_REGULAR_FIELD,0.2628080520481847,0,32,0,32,32
87.51666666666667,-57.052934300832405,-7.655944858104455,2.386242706129183,0.0,0.0,0.0,0.0,1.0,0.0,NO_REGULAR_FIELD,0.2628080520481847,0,32,0,32,32
87.53333333333333,-57.052934300832405,-7.655944858104455,2.386242706129183,0.0,0.0,0.0,0.0,1.0,0.0,NO_REGULAR_FIELD,0.2628080520481847,0,32,0,32,32
87.55,-57.052934300832405,-7.655944858104455,2.386242706129183,0.0,0.0,0.0,0.0,1.0,0.0,NO_REGULAR_FIELD,0.2628080520481847,0,32,0,32,32
87.56666666666666,-57.052934300832405,-7.655944858104455,2.386242706129183,0.0,0.0,0.0,0.0,1.0,0.0,NO_REGULAR_FIELD,0.2628080520481847,0,32,0,32,32
87.58333333333333,-57.052934300832405,-7.655944858104455,2.386242706129183,0.0,0.0,0.0,0.0,1.0,0.0,NO_REGULAR_FIELD,0.2628080520481847,0,32,0,32,32
87.6,-57.052934300832405,-7.655944858104455,2.386242706129183,0.0,0.0,0.0,0.0,1.0,0.0,NO_REGULAR_FIELD,0.2628080520481847,0,32,0,32,32
87.61666666666666,-57.052934300832405,-7.655944858104455,2.386242706129183,0.0,0.0,0.0,0.0,1.0,0.0,NO_REGULAR_FIELD,0.2628080520481847,0,32,0,32,32
87.63333333333334,-57.052934300832405,-7.655944858104455,2.386242706129183,0.0,0.0,0.0,0.0,1.0,0.0,NO_REGULAR_FIELD,0.2628080520481847,0,32,0,32,32
87.65,-57.052934300832405,-7.655944858104455,2.386242706129183,0.0,0.0,0.0,0.0,1.0,0.0,NO_REGULAR_FIELD,0.2628080520481847,0,32,0,32,32
87.66666666666667,-57.052934300832405,-7.655944858104455,2.386242706129183,0.0,0.0,0.0,0.0,1.0,0.0,NO_REGULAR_FIELD,0.2628080520481847,0,32,0,32,32
87.68333333333334,-57.052934300832405,-7.655944858104455,2.386242706129183,0.0,0.0,0.0,0.0,1.0,0.0,NO_REGULAR_FIELD,0.2628080520481847,0,32,0,32,32
87.7,-57.052934300832405,-7.655944858104455,2.386242706129183,0.0,0.0,0.0,0.0,1.0,0.0,NO_REGULAR_FIELD,0.2628080520481847,0,32,0,32,32
87.71666666666667,-57.052934300832405,-7.655944858104455,2.386242706129183,0.0,0.0,0.0,0.0,1.0,0.0,NO_REGULAR_FIELD,0.2628080520481847,0,32,0,32,32
87.73333333333333,-57.052934300832405,-7.655944858104455,2.386242706129183,0.0,0.0,0.0,0.0,1.0,0.0,NO_REGULAR_FIELD,0.2628080520481847,0,32,0,32,32
87.75,-57.052934300832405,-7.655944858104455,2.386242706129183,0.0,0.0,0.0,0.0,1.0,0.0,NO_REGULAR_FIELD,0.2628080520481847,0,32,0,32,32
87.76666666666667,-57.052934300832405,-7.655944858104455,2.386242706129183,0.0,0.0,0.0,0.0,1.0,0.0,NO_REGULAR_FIELD,0.2628080520481847,0,32,0,32,32
87.78333333333333,-57.052934300832405,-7.655944858104455,2.386242706129183,0.0,0.0,0.0,0.0,1.0,0.0,NO_REGULAR_FIELD,0.2628080520481847,0,32,0,32,32
87.8,-57.052934300832405,-7.655944858104455,2.386242706129183,0.0,0.0,0.0,0.0,1.0,0.0,NO_REGULAR_FIELD,0.2628080520481847,0,32,0,32,32
87.81666666666666,-57.052934300832405,-7.655944858104455,2.386242706129183,0.0,0.0,0.0,0.0,1.0,0.0,NO_REGULAR_FIELD,0.2628080520481847,0,32,0,32,32
87.83333333333333,-57.052934300832405,-7.655944858104455,2.386242706129183,0.0,0.0,0.0,0.0,1.0,0.0,NO_REGULAR_FIELD,0.2628080520481847,0,32,0,32,32
87.85,-57.052934300832405,-7.655944858104455,2.386242706129183,0.0,0.0,0.0,0.0,1.0,0.0,NO_REGULAR_FIELD,0.2628080520481847,0,32,0,32,32
87.86666666666666,-57.052934300832405,-7.655944858104455,2.386242706129183,0.0,0.0,0.0,0.0,1.0,0.0,NO_REGULAR_FIELD,0.2628080520481847,0,32,0,32,32
87.88333333333334,-57.052934300832405,-7.655944858104455,2.386242706129183,0.0,0.0,0.0,0.0,1.0,0.0,NO_REGULAR_FIELD,0.2628080520481847,0,32,0,32,32
87.9,-57.052934300832405,-7.655944858104455,2.386242706129183,0.0,0.0,0.0,0.0,1.0,0.0,NO_REGULAR_FIELD,0.2628080520481847,0,32,0,32,32
87.91666666666667,-57.052934300832405,-7.655944858104455,2.386242706129183,0.0,0.0,0.0,0.0,1.0,0.0,NO_REGULAR_FIELD,0.2628080520481847,0,32,0,32,32
87.93333333333334,-57.052934300832405,-7.655944858104455,2.386242706129183,0.0,0.0,0.0,0.0,1.0,0.0,NO_REGULAR_FIELD,0.2628080520481847,0,32,0,32,32
87.95,-57.052934300832405,-7.655944858104455,2.386242706129183,0.0,0.0,0.0,0.0,1.0,0.0,NO_REGULAR_FIELD,0.2628080520481847,0,32,0,32,32
87.96666666666667,-57.052934300832405,-7.655944858104455,2.386242706129183,0.0,0.0,0.0,0.0,1.0,0.0,NO_REGULAR_FIELD,0.2628080520481847,0,32,0,32,32
87.98333333333333,-57.052934300832405,-7.655944858104455,2.386242706129183,0.0,0.0,0.0,0.0,1.0,0.0,NO_REGULAR_FIELD,0.2628080520481847,0,32,0,32,32
88.0,-57.052934300832405,-7.655944858104455,2.386242706129183,0.0,0.0,0.0,0.0,1.0,0.0,NO_REGULAR_FIELD,0.2628080520481847,0,32,0,32,32
88.01666666666667,-57.052934300832405,-7.655944858104455,2.386242706129183,0.0,0.0,0.0,0.0,1.0,0.0,NO_REGULAR_FIELD,0.2628080520481847,0,32,0,32,32
88.03333333333333,-57.052934300832405,-7.655944858104455,2.386242706129183,0.0,0.0,0.0,0.0,1.0,0.0,NO_REGULAR_FIELD,0.2628080520481847,0,32,0,32,32
88.05,-57.052934300832405,-7.655944858104455,2.386242706129183,0.0,0.0,0.0,0.0,1.0,0.0,NO_REGULAR_FIELD,0.2628080520481847,0,32,0,32,32
88.06666666666666,-57.052934300832405,-7.655944858104455,2.386242706129183,0.0,0.0,0.0,0.0,1.0,0.0,NO_REGULAR_FIELD,0.2628080520481847,0,32,0,32,32
88.08333333333333,-57.052934300832405,-7.655944858104455,2.386242706129183,0.0,0.0,0.0,0.0,1.0,0.0,NO_REGULAR_FIELD,0.2628080520481847,0,32,0,32,32
88.1,-57.052934300832405,-7.655944858104455,2.386242706129183,0.0,0.0,0.0,0.0,1.0,0.0,NO_REGULAR_FIELD,0.2628080520481847,0,32,0,32,32
88.11666666666666,-57.052934300832405,-7.655944858104455,2.386242706129183,0.0,0.0,0.0,0.0,1.0,0.0,NO_REGULAR_FIELD,0.2628080520481847,0,32,0,32,32
88.13333333333334,-57.052934300832405,-7.655944858104455,2.386242706129183,0.0,0.0,0.0,0.0,1.0,0.0,NO_REGULAR_FIELD,0.2628080520481847,0,32,0,32,32
88.15,-57.052934300832405,-7.655944858104455,2.386242706129183,0.0,0.0,0.0,0.0,1.0,0.0,NO_REGULAR_FIELD,0.2628080520481847,0,32,0,32,32
88.16666666666667,-57.052934300832405,-7.655944858104455,2.386242706129183,0.0,0.0,0.0,0.0,1.0,0.0,NO_REGULAR_FIELD,0.2628080520481847,0,32,0,32,32
88.18333333333334,-57.052934300832405,-7.655944858104455,2.386242706129183,0.0,0.0,0.0,0.0,1.0,0.0,NO_REGULAR_FIELD,0.2628080520481847,0,32,0,32,32
88.2,-57.052934300832405,-7.655944858104455,2.386242706129183,0.0,0.0,0.0,0.0,1.0,0.0,NO_REGULAR_FIELD,0.2628080520481847,0,32,0,32,32
88.21666666666667,-57.052934300832405,-7.655944858104455,2.386242706129183,0.0,0.0,0.0,0.0,1.0,0.0,NO_REGULAR_FIELD,0.2628080520481847,0,32,0,32,32
88.23333333333333,-57.052934300832405,-7.655944858104455,2.386242706129183,0.0,0.0,0.0,0.0,1.0,0.0,NO_REGULAR_FIELD,0.2628080520481847,0,32,0,32,32
88.25,-57.052934300832405,-7.655944858104455,2.386242706129183,0.0,0.0,0.0,0.0,1.0,0.0,NO_REGULAR_FIELD,0.2628080520481847,0,32,0,32,32
88.26666666666667,-57.052934300832405,-7.655944858104455,2.386242706129183,0.0,0.0,0.0,0.0,1.0,0.0,NO_REGULAR_FIELD,0.2628080520481847,0,32,0,32,32
88.28333333333333,-57.052934300832405,-7.655944858104455,2.386242706129183,0.0,0.0,0.0,0.0,1.0,0.0,NO_REGULAR_FIELD,0.2628080520481847,0,32,0,32,32
88.3,-57.052934300832405,-7.655944858104455,2.386242706129183,0.0,0.0,0.0,0.0,1.0,0.0,NO_REGULAR_FIELD,0.2628080520481847,0,32,0,32,32
88.31666666666666,-57.052934300832405,-7.655944858104455,2.386242706129183,0.0,0.0,0.0,0.0,1.0,0.0,NO_REGULAR_FIELD,0.2628080520481847,0,32,0,32,32
88.33333333333333,-57.052934300832405,-7.655944858104455,2.386242706129183,0.0,0.0,0.0,0.0,1.0,0.0,NO_REGULAR_FIELD,0.2628080520481847,0,32,0,32,32
88.35,-57.052934300832405,-7.655944858104455,2.386242706129183,0.0,0.0,0.0,0.0,1.0,0.0,NO_REGULAR_FIELD,0.2628080520481847,0,32,0,32,32
88.36666666666666,-57.052934300832405,-7.655944858104455,2.386242706129183,0.0,0.0,0.0,0.0,1.0,0.0,NO_REGULAR_FIELD,0.2628080520481847,0,32,0,32,32
88.38333333333334,-57.052934300832405,-7.655944858104455,2.386242706129183,0.0,0.0,0.0,0.0,1.0,0.0,NO_REGULAR_FIELD,0.2628080520481847,0,32,0,32,32
88.4,-57.052934300832405,-7.655944858104455,2.386242706129183,0.0,0.0,0.0,0.0,1.0,0.0,NO_REGULAR_FIELD,0.2628080520481847,0,32,0,32,32
88.41666666666667,-57.052934300832405,-7.655944858104455,2.386242706129183,0.0,0.0,0.0,0.0,1.0,0.0,NO_REGULAR_FIELD,0.2628080520481847,0,32,0,32,32
88.43333333333334,-57.052934300832405,-7.655944858104455,2.386242706129183,0.0,0.0,0.0,0.0,1.0,0.0,NO_REGULAR_FIELD,0.2628080520481847,0,32,0,32,32
88.45,-57.052934300832405,-7.655944858104455,2.386242706129183,0.0,0.0,0.0,0.0,1.0,0.0,NO_REGULAR_FIELD,0.2628080520481847,0,32,0,32,32
88.46666666666667,-57.052934300832405,-7.655944858104455,2.386242706129183,0.0,0.0,0.0,0.0,1.0,0.0,NO_REGULAR_FIELD,0.2628080520481847,0,32,0,32,32
88.48333333333333,-57.052934300832405,-7.655944858104455,2.386242706129183,0.0,0.0,0.0,0.0,1.0,0.0,NO_REGULAR_FIELD,0.2628080520481847,0,32,0,32,32
88.5,-57.052934300832405,-7.655944858104455,2.386242706129183,0.0,0.0,0.0,0.0,1.0,0.0,NO_REGULAR_FIELD,0.2628080520481847,0,32,0,32,32
88.51666666666667,-57.052934300832405,-7.655944858104455,2.386242706129183,0.0,0.0,0.0,0.0,1.0,0.0,NO_REGULAR_FIELD,0.2628080520481847,0,32,0,32,32
88.53333333333333,-57.052934300832405,-7.655944858104455,2.386242706129183,0.0,0.0,0.0,0.0,1.0,0.0,NO_REGULAR_FIELD,0.2628080520481847,0,32,0,32,32
88.55,-57.052934300832405,-7.655944858104455,2.386242706129183,0.0,0.0,0.0,0.0,1.0,0.0,NO_REGULAR_FIELD,0.2628080520481847,0,32,0,32,32
88.56666666666666,-57.052934300832405,-7.655944858104455,2.386242706129183,0.0,0.0,0.0,0.0,1.0,0.0,NO_REGULAR_FIELD,0.2628080520481847,0,32,0,32,32
88.58333333333333,-57.052934300832405,-7.655944858104455,2.386242706129183,0.0,0.0,0.0,0.0,1.0,0.0,NO_REGULAR_FIELD,0.2628080520481847,0,32,0,32,32
88.6,-57.052934300832405,-7.655944858104455,2.386242706129183,0.0,0.0,0.0,0.0,1.0,0.0,NO_REGULAR_FIELD,0.2628080520481847,0,32,0,32,32
88.61666666666666,-57.052934300832405,-7.655944858104455,2.386242706129183,0.0,0.0,0.0,0.0,1.0,0.0,NO_REGULAR_FIELD,0.2628080520481847,0,32,0,32,32
88.63333333333334,-57.052934300832405,-7.655944858104455,2.386242706129183,0.0,0.0,0.0,0.0,1.0,0.0,NO_REGULAR_FIELD,0.2628080520481847,0,32,0,32,32
88.65,-57.052934300832405,-7.655944858104455,2.386242706129183,0.0,0.0,0.0,0.0,1.0,0.0,NO_REGULAR_FIELD,0.2628080520481847,0,32,0,32,32
88.66666666666667,-57.052934300832405,-7.655944858104455,2.386242706129183,0.0,0.0,0.0,0.0,1.0,0.0,NO_REGULAR_FIELD,0.2628080520481847,0,32,0,32,32
88.68333333333334,-57.052934300832405,-7.655944858104455,2.386242706129183,0.0,0.0,0.0,0.0,1.0,0.0,NO_REGULAR_FIELD,0.2628080520481847,0,32,0,32,32
88.7,-57.052934300832405,-7.655944858104455,2.386242706129183,0.0,0.0,0.0,0.0,1.0,0.0,NO_REGULAR_FIELD,0.2628080520481847,0,32,0,32,32
88.71666666666667,-57.052934300832405,-7.655944858104455,2.386242706129183,0.0,0.0,0.0,0.0,1.0,0.0,NO_REGULAR_FIELD,0.2628080520481847,0,32,0,32,32
88.73333333333333,-57.052934300832405,-7.655944858104455,2.386242706129183,0.0,0.0,0.0,0.0,1.0,0.0,NO_REGULAR_FIELD,0.2628080520481847,0,32,0,32,32
88.75,-57.052934300832405,-7.655944858104455,2.386242706129183,0.0,0.0,0.0,0.0,1.0,0.0,NO_REGULAR_FIELD,0.2628080520481847,0,32,0,32,32
88.76666666666667,-57.052934300832405,-7.655944858104455,2.386242706129183,0.0,0.0,0.0,0.0,1.0,0.0,NO_REGULAR_FIELD,0.2628080520481847,0,32,0,32,32
88.78333333333333,-57.052934300832405,-7.655944858104455,2.386242706129183,0.0,0.0,0.0,0.0,1.0,0.0,NO_REGULAR_FIELD,0.2628080520481847,0,32,0,32,32
88.8,-57.052934300832405,-7.655944858104455,2.386242706129183,0.0,0.0,0.0,0.0,1.0,0.0,NO_REGULAR_FIELD,0.2628080520481847,0,32,0,32,32
88.81666666666666,-57.052934300832405,-7.655944858104455,2.386242706129183,0.0,0.0,0.0,0.0,1.0,0.0,NO_REGULAR_FIELD,0.2628080520481847,0,32,0,32,32
88.83333333333333,-57.052934300832405,-7.655944858104455,2.386242706129183,0.0,0.0,0.0,0.0,1.0,0.0,NO_REGULAR_FIELD,0.2628080520481847,0,32,0,32,32
88.85,-57.052934300832405,-7.655944858104455,2.386242706129183,0.0,0.0,0.0,0.0,1.0,0.0,NO_REGULAR_FIELD,0.2628080520481847,0,32,0,32,32
88.86666666666666,-57.052934300832405,-7.655944858104455,2.386242706129183,0.0,0.0,0.0,0.0,1.0,0.0,NO_REGULAR_FIELD,0.2628080520481847,0,32,0,32,32
88.88333333333334,-57.052934300832405,-7.655944858104455,2.386242706129183,0.0,0.0,0.0,0.0,1.0,0.0,NO_REGULAR_FIELD,0.2628080520481847,0,32,0,32,32
88.9,-57.052934300832405,-7.655944858104455,2.386242706129183,0.0,0.0,0.0,0.0,1.0,0.0,NO_REGULAR_FIELD,0.2628080520481847,0,32,0,32,32
88.91666666666667,-57.052934300832405,-7.655944858104455,2.386242706129183,0.0,0.0,0.0,0.0,1.0,0.0,NO_REGULAR_FIELD,0.2628080520481847,0,32,0,32,32
88.93333333333334,-57.052934300832405,-7.655944858104455,2.386242706129183,0.0,0.0,0.0,0.0,1.0,0.0,NO_REGULAR_FIELD,0.2628080520481847,0,32,0,32,32
88.95,-57.052934300832405,-7.655944858104455,2.386242706129183,0.0,0.0,0.0,0.0,1.0,0.0,NO_REGULAR_FIELD,0.2628080520481847,0,32,0,32,32
88.96666666666667,-57.052934300832405,-7.655944858104455,2.386242706129183,0.0,0.0,0.0,0.0,1.0,0.0,NO_REGULAR_FIELD,0.2628080520481847,0,32,0,32,32
88.98333333333333,-57.052934300832405,-7.655944858104455,2.386242706129183,0.0,0.0,0.0,0.0,1.0,0.0,NO_REGULAR_FIELD,0.2628080520481847,0,32,0,32,32
89.0,-57.052934300832405,-7.655944858104455,2.386242706129183,0.0,0.0,0.0,0.0,1.0,0.0,NO_REGULAR_FIELD,0.2628080520481847,0,32,0,32,32
89.01666666666667,-57.052934300832405,-7.655944858104455,2.386242706129183,0.0,0.0,0.0,0.0,1.0,0.0,NO_REGULAR_FIELD,0.2628080520481847,0,32,0,32,32
89.03333333333333,-57.052934300832405,-7.655944858104455,2.386242706129183,0.0,0.0,0.0,0.0,1.0,0.0,NO_REGULAR_FIELD,0.2628080520481847,0,32,0,32,32
89.05,-57.052934300832405,-7.655944858104455,2.386242706129183,0.0,0.0,0.0,0.0,1.0,0.0,NO_REGULAR_FIELD,0.2628080520481847,0,32,0,32,32
89.06666666666666,-57.052934300832405,-7.655944858104455,2.386242706129183,0.0,0.0,0.0,0.0,1.0,0.0,NO_REGULAR_FIELD,0.2628080520481847,0,32,0,32,32
89.08333333333333,-57.052934300832405,-7.655944858104455,2.386242706129183,0.0,0.0,0.0,0.0,1.0,0.0,NO_REGULAR_FIELD,0.2628080520481847,0,32,0,32,32
89.1,-57.052934300832405,-7.655944858104455,2.386242706129183,0.0,0.0,0.0,0.0,1.0,0.0,NO_REGULAR_FIELD,0.2628080520481847,0,32,0,32,32
89.11666666666666,-57.052934300832405,-7.655944858104455,2.386242706129183,0.0,0.0,0.0,0.0,1.0,0.0,NO_REGULAR_FIELD,0.2628080520481847,0,32,0,32,32
89.13333333333334,-57.052934300832405,-7.655944858104455,2.386242706129183,0.0,0.0,0.0,0.0,1.0,0.0,NO_REGULAR_FIELD,0.2628080520481847,0,32,0,32,32
89.15,-57.052934300832405,-7.655944858104455,2.386242706129183,0.0,0.0,0.0,0.0,1.0,0.0,NO_REGULAR_FIELD,0.2628080520481847,0,32,0,32,32
89.16666666666667,-57.052934300832405,-7.655944858104455,2.386242706129183,0.0,0.0,0.0,0.0,1.0,0.0,NO_REGULAR_FIELD,0.2628080520481847,0,32,0,32,32
89.18333333333334,-57.052934300832405,-7.655944858104455,2.386242706129183,0.0,0.0,0.0,0.0,1.0,0.0,NO_REGULAR_FIELD,0.2628080520481847,0,32,0,32,32
89.2,-57.052934300832405,-7.655944858104455,2.386242706129183,0.0,0.0,0.0,0.0,1.0,0.0,NO_REGULAR_FIELD,0.2628080520481847,0,32,0,32,32
89.21666666666667,-57.052934300832405,-7.655944858104455,2.386242706129183,0.0,0.0,0.0,0.0,1.0,0.0,NO_REGULAR_FIELD,0.2628080520481847,0,32,0,32,32
89.23333333333333,-57.052934300832405,-7.655944858104455,2.386242706129183,0.0,0.0,0.0,0.0,1.0,0.0,NO_REGULAR_FIELD,0.2628080520481847,0,32,0,32,32
89.25,-57.052934300832405,-7.655944858104455,2.386242706129183,0.0,0.0,0.0,0.0,1.0,0.0,NO_REGULAR_FIELD,0.2628080520481847,0,32,0,32,32
89.26666666666667,-57.052934300832405,-7.655944858104455,2.386242706129183,0.0,0.0,0.0,0.0,1.0,0.0,NO_REGULAR_FIELD,0.2628080520481847,0,32,0,32,32
89.28333333333333,-57.052934300832405,-7.655944858104455,2.386242706129183,0.0,0.0,0.0,0.0,1.0,0.0,NO_REGULAR_FIELD,0.2628080520481847,0,32,0,32,32
89.3,-57.052934300832405,-7.655944858104455,2.386242706129183,0.0,0.0,0.0,0.0,1.0,0.0,NO_REGULAR_FIELD,0.2628080520481847,0,32,0,32,32
89.31666666666666,-57.052934300832405,-7.655944858104455,2.386242706129183,0.0,0.0,0.0,0.0,1.0,0.0,NO_REGULAR_FIELD,0.2628080520481847,0,32,0,32,32
89.33333333333333,-57.052934300832405,-7.655944858104455,2.386242706129183,0.0,0.0,0.0,0.0,1.0,0.0,NO_REGULAR_FIELD,0.2628080520481847,0,32,0,32,32
89.35,-57.052934300832405,-7.655944858104455,2.386242706129183,0.0,0.0,0.0,0.0,1.0,0.0,NO_REGULAR_FIELD,0.2628080520481847,0,32,0,32,32
89.36666666666666,-57.052934300832405,-7.655944858104455,2.386242706129183,0.0,0.0,0.0,0.0,1.0,0.0,NO_REGULAR_FIELD,0.2628080520481847,0,32,0,32,32
89.38333333333334,-57.052934300832405,-7.655944858104455,2.386242706129183,0.0,0.0,0.0,0.0,1.0,0.0,NO_REGULAR_FIELD,0.2628080520481847,0,32,0,32,32
89.4,-57.052934300832405,-7.655944858104455,2.386242706129183,0.0,0.0,0.0,0.0,1.0,0.0,NO_REGULAR_FIELD,0.2628080520481847,0,32,0,32,32
89.41666666666667,-57.052934300832405,-7.655944858104455,2.386242706129183,0.0,0.0,0.0,0.0,1.0,0.0,NO_REGULAR_FIELD,0.2628080520481847,0,32,0,32,32
89.43333333333334,-57.052934300832405,-7.655944858104455,2.386242706129183,0.0,0.0,0.0,0.0,1.0,0.0,NO_REGULAR_FIELD,0.2628080520481847,0,32,0,32,32
89.45,-57.052934300832405,-7.655944858104455,2.386242706129183,0.0,0.0,0.0,0.0,1.0,0.0,NO_REGULAR_FIELD,0.2628080520481847,0,32,0,32,32
89.46666666666667,-57.052934300832405,-7.655944858104455,2.386242706129183,0.0,0.0,0.0,0.0,1.0,0.0,NO_REGULAR_FIELD,0.2628080520481847,0,32,0,32,32
89.48333333333333,-57.052934300832405,-7.655944858104455,2.386242706129183,0.0,0.0,0.0,0.0,1.0,0.0,NO_REGULAR_FIELD,0.2628080520481847,0,32,0,32,32
89.5,-57.052934300832405,-7.655944858104455,2.386242706129183,0.0,0.0,0.0,0.0,1.0,0.0,NO_REGULAR_FIELD,0.2628080520481847,0,32,0,32,32
89.51666666666667,-57.052934300832405,-7.655944858104455,2.386242706129183,0.0,0.0,0.0,0.0,1.0,0.0,NO_REGULAR_FIELD,0.2628080520481847,0,32,0,32,32
89.53333333333333,-57.052934300832405,-7.655944858104455,2.386242706129183,0.0,0.0,0.0,0.0,1.0,0.0,NO_REGULAR_FIELD,0.2628080520481847,0,32,0,32,32
89.55,-57.052934300832405,-7.655944858104455,2.386242706129183,0.0,0.0,0.0,0.0,1.0,0.0,NO_REGULAR_FIELD,0.2628080520481847,0,32,0,32,32
89.56666666666666,-57.052934300832405,-7.655944858104455,2.386242706129183,0.0,0.0,0.0,0.0,1.0,0.0,NO_REGULAR_FIELD,0.2628080520481847,0,32,0,32,32
89.58333333333333,-57.052934300832405,-7.655944858104455,2.386242706129183,0.0,0.0,0.0,0.0,1.0,0.0,NO_REGULAR_FIELD,0.2628080520481847,0,32,0,32,32
89.6,-57.052934300832405,-7.655944858104455,2.386242706129183,0.0,0.0,0.0,0.0,1.0,0.0,NO_REGULAR_FIELD,0.2628080520481847,0,32,0,32,32
89.61666666666666,-57.052934300832405,-7.655944858104455,2.386242706129183,0.0,0.0,0.0,0.0,1.0,0.0,NO_REGULAR_FIELD,0.2628080520481847,0,32,0,32,32
89.63333333333334,-57.052934300832405,-7.655944858104455,2.386242706129183,0.0,0.0,0.0,0.0,1.0,0.0,NO_REGULAR_FIELD,0.2628080520481847,0,32,0,32,32
89.65,-57.052934300832405,-7.655944858104455,2.386242706129183,0.0,0.0,0.0,0.0,1.0,0.0,NO_REGULAR_FIELD,0.2628080520481847,0,32,0,32,32
89.66666666666667,-57.052934300832405,-7.655944858104455,2.386242706129183,0.0,0.0,0.0,0.0,1.0,0.0,NO_REGULAR_FIELD,0.2628080520481847,0,32,0,32,32
89.68333333333334,-57.052934300832405,-7.655944858104455,2.386242706129183,0.0,0.0,0.0,0.0,1.0,0.0,NO_REGULAR_FIELD,0.2628080520481847,0,32,0,32,32
89.7,-57.052934300832405,-7.655944858104455,2.386242706129183,0.0,0.0,0.0,0.0,1.0,0.0,NO_REGULAR_FIELD,0.2628080520481847,0,32,0,32,32
89.71666666666667,-57.052934300832405,-7.655944858104455,2.386242706129183,0.0,0.0,0.0,0.0,1.0,0.0,NO_REGULAR_FIELD,0.2628080520481847,0,32,0,32,32
89.73333333333333,-57.052934300832405,-7.655944858104455,2.386242706129183,0.0,0.0,0.0,0.0,1.0,0.0,NO_REGULAR_FIELD,0.2628080520481847,0,32,0,32,32
89.75,-57.052934300832405,-7.655944858104455,2.386242706129183,0.0,0.0,0.0,0.0,1.0,0.0,NO_REGULAR_FIELD,0.2628080520481847,0,32,0,32,32
89.76666666666667,-57.052934300832405,-7.655944858104455,2.386242706129183,0.0,0.0,0.0,0.0,1.0,0.0,NO_REGULAR_FIELD,0.2628080520481847,0,32,0,32,32
89.78333333333333,-57.052934300832405,-7.655944858104455,2.386242706129183,0.0,0.0,0.0,0.0,1.0,0.0,NO_REGULAR_FIELD,0.2628080520481847,0,32,0,32,32
89.8,-57.052934300832405,-7.655944858104455,2.386242706129183,0.0,0.0,0.0,0.0,1.0,0.0,NO_REGULAR_FIELD,0.2628080520481847,0,32,0,32,32
89.81666666666666,-57.052934300832405,-7.655944858104455,2.386242706129183,0.0,0.0,0.0,0.0,1.0,0.0,NO_REGULAR_FIELD,0.2628080520481847,0,32,0,32,32
89.83333333333333,-57.052934300832405,-7.655944858104455,2.386242706129183,0.0,0.0,0.0,0.0,1.0,0.0,NO_REGULAR_FIELD,0.2628080520481847,0,32,0,32,32
89.85,-57.052934300832405,-7.655944858104455,2.386242706129183,0.0,0.0,0.0,0.0,1.0,0.0,NO_REGULAR_FIELD,0.2628080520481847,0,32,0,32,32
89.86666666666666,-57.052934300832405,-7.655944858104455,2.386242706129183,0.0,0.0,0.0,0.0,1.0,0.0,NO_REGULAR_FIELD,0.2628080520481847,0,32,0,32,32
89.88333333333334,-57.052934300832405,-7.655944858104455,2.386242706129183,0.0,0.0,0.0,0.0,1.0,0.0,NO_REGULAR_FIELD,0.2628080520481847,0,32,0,32,32
89.9,-57.052934300832405,-7.655944858104455,2.386242706129183,0.0,0.0,0.0,0.0,1.0,0.0,NO_REGULAR_FIELD,0.2628080520481847,0,32,0,32,32
89.91666666666667,-57.052934300832405,-7.655944858104455,2.386242706129183,0.0,0.0,0.0,0.0,1.0,0.0,NO_REGULAR_FIELD,0.2628080520481847,0,32,0,32,32
89.93333333333334,-57.052934300832405,-7.655944858104455,2.386242706129183,0.0,0.0,0.0,0.0,1.0,0.0,NO_REGULAR_FIELD,0.2628080520481847,0,32,0,32,32
89.95,-57.052934300832405,-7.655944858104455,2.386242706129183,0.0,0.0,0.0,0.0,1.0,0.0,NO_REGULAR_FIELD,0.2628080520481847,0,32,0,32,32
89.96666666666667,-57.052934300832405,-7.655944858104455,2.386242706129183,0.0,0.0,0.0,0.0,1.0,0.0,NO_REGULAR_FIELD,0.2628080520481847,0,32,0,32,32
89.98333333333333,-57.052934300832405,-7.655944858104455,2.386242706129183,0.0,0.0,0.0,0.0,1.0,0.0,NO_REGULAR_FIELD,0.2628080520481847,0,32,0,32,32
90.0,-57.052934300832405,-7.655944858104455,2.386242706129183,0.0,0.0,0.0,0.0,1.0,0.0,NO_REGULAR_FIELD,0.2628080520481847,0,32,0,32,32
90.01666666666667,-57.052934300832405,-7.655944858104455,2.386242706129183,0.0,0.0,0.0,0.0,1.0,0.0,NO_REGULAR_FIELD,0.2628080520481847,0,32,0,32,32
90.03333333333333,-57.052934300832405,-7.655944858104455,2.386242706129183,0.0,0.0,0.0,0.0,1.0,0.0,NO_REGULAR_FIELD,0.2628080520481847,0,32,0,32,32
90.05,-57.052934300832405,-7.655944858104455,2.386242706129183,0.0,0.0,0.0,0.0,1.0,0.0,NO_REGULAR_FIELD,0.2628080520481847,0,32,0,32,32
90.06666666666666,-57.052934300832405,-7.655944858104455,2.386242706129183,0.0,0.0,0.0,0.0,1.0,0.0,NO_REGULAR_FIELD,0.2628080520481847,0,32,0,32,32
90.08333333333333,-57.052934300832405,-7.655944858104455,2.386242706129183,0.0,0.0,0.0,0.0,1.0,0.0,NO_REGULAR_FIELD,0.2628080520481847,0,32,0,32,32
90.1,-57.052934300832405,-7.655944858104455,2.386242706129183,0.0,0.0,0.0,0.0,1.0,0.0,NO_REGULAR_FIELD,0.2628080520481847,0,32,0,32,32
90.11666666666666,-57.052934300832405,-7.655944858104455,2.386242706129183,0.0,0.0,0.0,0.0,1.0,0.0,NO_REGULAR_FIELD,0.2628080520481847,0,32,0,32,32
90.13333333333334,-57.052934300832405,-7.655944858104455,2.386242706129183,0.0,0.0,0.0,0.0,1.0,0.0,NO_REGULAR_FIELD,0.2628080520481847,0,32,0,32,32
90.15,-57.052934300832405,-7.655944858104455,2.386242706129183,0.0,0.0,0.0,0.0,1.0,0.0,NO_REGULAR_FIELD,0.2628080520481847,0,32,0,32,32
90.16666666666667,-57.052934300832405,-7.655944858104455,2.386242706129183,0.0,0.0,0.0,0.0,1.0,0.0,NO_REGULAR_FIELD,0.2628080520481847,0,32,0,32,32
90.18333333333334,-57.052934300832405,-7.655944858104455,2.386242706129183,0.0,0.0,0.0,0.0,1.0,0.0,NO_REGULAR_FIELD,0.2628080520481847,0,32,0,32,32
90.2,-57.052934300832405,-7.655944858104455,2.386242706129183,0.0,0.0,0.0,0.0,1.0,0.0,NO_REGULAR_FIELD,0.2628080520481847,0,32,0,32,32
90.21666666666667,-57.052934300832405,-7.655944858104455,2.386242706129183,0.0,0.0,0.0,0.0,1.0,0.0,NO_REGULAR_FIELD,0.2628080520481847,0,32,0,32,32
90.23333333333333,-57.052934300832405,-7.655944858104455,2.386242706129183,0.0,0.0,0.0,0.0,1.0,0.0,NO_REGULAR_FIELD,0.2628080520481847,0,32,0,32,32
90.25,-57.052934300832405,-7.655944858104455,2.386242706129183,0.0,0.0,0.0,0.0,1.0,0.0,NO_REGULAR_FIELD,0.2628080520481847,0,32,0,32,32
90.26666666666667,-57.052934300832405,-7.655944858104455,2.386242706129183,0.0,0.0,0.0,0.0,1.0,0.0,NO_REGULAR_FIELD,0.2628080520481847,0,32,0,32,32
90.28333333333333,-57.052934300832405,-7.655944858104455,2.386242706129183,0.0,0.0,0.0,0.0,1.0,0.0,NO_REGULAR_FIELD,0.2628080520481847,0,32,0,32,32
90.3,-57.052934300832405,-7.655944858104455,2.386242706129183,0.0,0.0,0.0,0.0,1.0,0.0,NO_REGULAR_FIELD,0.2628080520481847,0,32,0,32,32
90.31666666666666,-57.052934300832405,-7.655944858104455,2.386242706129183,0.0,0.0,0.0,0.0,1.0,0.0,NO_REGULAR_FIELD,0.2628080520481847,0,32,0,32,32
90.33333333333333,-57.052934300832405,-7.655944858104455,2.386242706129183,0.0,0.0,0.0,0.0,1.0,0.0,NO_REGULAR_FIELD,0.2628080520481847,0,32,0,32,32
90.35,-57.052934300832405,-7.655944858104455,2.386242706129183,0.0,0.0,0.0,0.0,1.0,0.0,NO_REGULAR_FIELD,0.2628080520481847,0,32,0,32,32
90.36666666666666,-57.052934300832405,-7.655944858104455,2.386242706129183,0.0,0.0,0.0,0.0,1.0,0.0,NO_REGULAR_FIELD,0.2628080520481847,0,32,0,32,32
90.38333333333334,-57.052934300832405,-7.655944858104455,2.386242706129183,0.0,0.0,0.0,0.0,1.0,0.0,NO_REGULAR_FIELD,0.2628080520481847,0,32,0,32,32
90.4,-57.052934300832405,-7.655944858104455,2.386242706129183,0.0,0.0,0.0,0.0,1.0,0.0,NO_REGULAR_FIELD,0.2628080520481847,0,32,0,32,32
90.41666666666667,-57.052934300832405,-7.655944858104455,2.386242706129183,0.0,0.0,0.0,0.0,1.0,0.0,NO_REGULAR_FIELD,0.2628080520481847,0,32,0,32,32
90.43333333333334,-57.052934300832405,-7.655944858104455,2.386242706129183,0.0,0.0,0.0,0.0,1.0,0.0,NO_REGULAR_FIELD,0.2628080520481847,0,32,0,32,32
90.45,-57.052934300832405,-7.655944858104455,2.386242706129183,0.0,0.0,0.0,0.0,1.0,0.0,NO_REGULAR_FIELD,0.2628080520481847,0,32,0,32,32
90.46666666666667,-57.052934300832405,-7.655944858104455,2.386242706129183,0.0,0.0,0.0,0.0,1.0,0.0,NO_REGULAR_FIELD,0.2628080520481847,0,32,0,32,32
90.48333333333333,-57.052934300832405,-7.655944858104455,2.386242706129183,0.0,0.0,0.0,0.0,1.0,0.0,NO_REGULAR_FIELD,0.2628080520481847,0,32,0,32,32
90.5,-57.052934300832405,-7.655944858104455,2.386242706129183,0.0,0.0,0.0,0.0,1.0,0.0,NO_REGULAR_FIELD,0.2628080520481847,0,32,0,32,32
90.51666666666667,-57.052934300832405,-7.655944858104455,2.386242706129183,0.0,0.0,0.0,0.0,1.0,0.0,NO_REGULAR_FIELD,0.2628080520481847,0,32,0,32,32
90.53333333333333,-57.052934300832405,-7.655944858104455,2.386242706129183,0.0,0.0,0.0,0.0,1.0,0.0,NO_REGULAR_FIELD,0.2628080520481847,0,32,0,32,32
90.55,-57.052934300832405,-7.655944858104455,2.386242706129183,0.0,0.0,0.0,0.0,1.0,0.0,NO_REGULAR_FIELD,0.2628080520481847,0,32,0,32,32
90.56666666666666,-57.052934300832405,-7.655944858104455,2.386242706129183,0.0,0.0,0.0,0.0,1.0,0.0,NO_REGULAR_FIELD,0.2628080520481847,0,32,0,32,32
90.58333333333333,-57.052934300832405,-7.655944858104455,2.386242706129183,0.0,0.0,0.0,0.0,1.0,0.0,NO_REGULAR_FIELD,0.2628080520481847,0,32,0,32,32
90.6,-57.052934300832405,-7.655944858104455,2.386242706129183,0.0,0.0,0.0,0.0,1.0,0.0,NO_REGULAR_FIELD,0.2628080520481847,0,32,0,32,32
90.61666666666666,-57.052934300832405,-7.655944858104455,2.386242706129183,0.0,0.0,0.0,0.0,1.0,0.0,NO_REGULAR_FIELD,0.2628080520481847,0,32,0,32,32
90.63333333333334,-57.052934300832405,-7.655944858104455,2.386242706129183,0.0,0.0,0.0,0.0,1.0,0.0,NO_REGULAR_FIELD,0.2628080520481847,0,32,0,32,32
90.65,-57.052934300832405,-7.655944858104455,2.386242706129183,0.0,0.0,0.0,0.0,1.0,0.0,NO_REGULAR_FIELD,0.2628080520481847,0,32,0,32,32
90.66666666666667,-57.052934300832405,-7.655944858104455,2.386242706129183,0.0,0.0,0.0,0.0,1.0,0.0,NO_REGULAR_FIELD,0.2628080520481847,0,32,0,32,32
90.68333333333334,-57.052934300832405,-7.655944858104455,2.386242706129183,0.0,0.0,0.0,0.0,1.0,0.0,NO_REGULAR_FIELD,0.2628080520481847,0,32,0,32,32
90.7,-57.052934300832405,-7.655944858104455,2.386242706129183,0.0,0.0,0.0,0.0,1.0,0.0,NO_REGULAR_FIELD,0.2628080520481847,0,32,0,32,32
90.71666666666667,-57.052934300832405,-7.655944858104455,2.386242706129183,0.0,0.0,0.0,0.0,1.0,0.0,NO_REGULAR_FIELD,0.2628080520481847,0,32,0,32,32
90.73333333333333,-57.052934300832405,-7.655944858104455,2.386242706129183,0.0,0.0,0.0,0.0,1.0,0.0,NO_REGULAR_FIELD,0.2628080520481847,0,32,0,32,32
90.75,-57.052934300832405,-7.655944858104455,2.386242706129183,0.0,0.0,0.0,0.0,1.0,0.0,NO_REGULAR_FIELD,0.2628080520481847,0,32,0,32,32
90.76666666666667,-57.052934300832405,-7.655944858104455,2.386242706129183,0.0,0.0,0.0,0.0,1.0,0.0,NO_REGULAR_FIELD,0.2628080520481847,0,32,0,32,32
90.78333333333333,-57.052934300832405,-7.655944858104455,2.386242706129183,0.0,0.0,0.0,0.0,1.0,0.0,NO_REGULAR_FIELD,0.2628080520481847,0,32,0,32,32
90.8,-57.052934300832405,-7.655944858104455,2.386242706129183,0.0,0.0,0.0,0.0,1.0,0.0,NO_REGULAR_FIELD,0.2628080520481847,0,32,0,32,32
90.81666666666666,-57.052934300832405,-7.655944858104455,2.386242706129183,0.0,0.0,0.0,0.0,1.0,0.0,NO_REGULAR_FIELD,0.2628080520481847,0,32,0,32,32
90.83333333333333,-57.052934300832405,-7.655944858104455,2.386242706129183,0.0,0.0,0.0,0.0,1.0,0.0,NO_REGULAR_FIELD,0.2628080520481847,0,32,0,32,32
90.85,-57.052934300832405,-7.655944858104455,2.386242706129183,0.0,0.0,0.0,0.0,1.0,0.0,NO_REGULAR_FIELD,0.2628080520481847,0,32,0,32,32
90.86666666666666,-57.052934300832405,-7.655944858104455,2.386242706129183,0.0,0.0,0.0,0.0,1.0,0.0,NO_REGULAR_FIELD,0.2628080520481847,0,32,0,32,32
90.88333333333334,-57.052934300832405,-7.655944858104455,2.386242706129183,0.0,0.0,0.0,0.0,1.0,0.0,NO_REGULAR_FIELD,0.2628080520481847,0,32,0,32,32
90.9,-57.052934300832405,-7.655944858104455,2.386242706129183,0.0,0.0,0.0,0.0,1.0,0.0,NO_REGULAR_FIELD,0.2628080520481847,0,32,0,32,32
90.91666666666667,-57.052934300832405,-7.655944858104455,2.386242706129183,0.0,0.0,0.0,0.0,1.0,0.0,NO_REGULAR_FIELD,0.2628080520481847,0,32,0,32,32
90.93333333333334,-57.052934300832405,-7.655944858104455,2.386242706129183,0.0,0.0,0.0,0.0,1.0,0.0,NO_REGULAR_FIELD,0.2628080520481847,0,32,0,32,32
90.95,-57.052934300832405,-7.655944858104455,2.386242706129183,0.0,0.0,0.0,0.0,1.0,0.0,NO_REGULAR_FIELD,0.2628080520481847,0,32,0,32,32
90.96666666666667,-57.052934300832405,-7.655944858104455,2.386242706129183,0.0,0.0,0.0,0.0,1.0,0.0,NO_REGULAR_FIELD,0.2628080520481847,0,32,0,32,32
90.98333333333333,-57.052934300832405,-7.655944858104455,2.386242706129183,0.0,0.0,0.0,0.0,1.0,0.0,NO_REGULAR_FIELD,0.2628080520481847,0,32,0,32,32
91.0,-57.052934300832405,-7.655944858104455,2.386242706129183,0.0,0.0,0.0,0.0,1.0,0.0,NO_REGULAR_FIELD,0.2628080520481847,0,32,0,32,32
91.01666666666667,-57.052934300832405,-7.655944858104455,2.386242706129183,0.0,0.0,0.0,0.0,1.0,0.0,NO_REGULAR_FIELD,0.2628080520481847,0,32,0,32,32
91.03333333333333,-57.052934300832405,-7.655944858104455,2.386242706129183,0.0,0.0,0.0,0.0,1.0,0.0,NO_REGULAR_FIELD,0.2628080520481847,0,32,0,32,32
91.05,-57.052934300832405,-7.655944858104455,2.386242706129183,0.0,0.0,0.0,0.0,1.0,0.0,NO_REGULAR_FIELD,0.2628080520481847,0,32,0,32,32
91.06666666666666,-57.052934300832405,-7.655944858104455,2.386242706129183,0.0,0.0,0.0,0.0,1.0,0.0,NO_REGULAR_FIELD,0.2628080520481847,0,32,0,32,32
91.08333333333333,-57.052934300832405,-7.655944858104455,2.386242706129183,0.0,0.0,0.0,0.0,1.0,0.0,NO_REGULAR_FIELD,0.2628080520481847,0,32,0,32,32
91.1,-57.052934300832405,-7.655944858104455,2.386242706129183,0.0,0.0,0.0,0.0,1.0,0.0,NO_REGULAR_FIELD,0.2628080520481847,0,32,0,32,32
91.11666666666666,-57.052934300832405,-7.655944858104455,2.386242706129183,0.0,0.0,0.0,0.0,1.0,0.0,NO_REGULAR_FIELD,0.2628080520481847,0,32,0,32,32
91.13333333333334,-57.052934300832405,-7.655944858104455,2.386242706129183,0.0,0.0,0.0,0.0,1.0,0.0,NO_REGULAR_FIELD,0.2628080520481847,0,32,0,32,32
91.15,-57.052934300832405,-7.655944858104455,2.386242706129183,0.0,0.0,0.0,0.0,1.0,0.0,NO_REGULAR_FIELD,0.2628080520481847,0,32,0,32,32
91.16666666666667,-57.052934300832405,-7.655944858104455,2.386242706129183,0.0,0.0,0.0,0.0,1.0,0.0,NO_REGULAR_FIELD,0.2628080520481847,0,32,0,32,32
91.18333333333334,-57.052934300832405,-7.655944858104455,2.386242706129183,0.0,0.0,0.0,0.0,1.0,0.0,NO_REGULAR_FIELD,0.2628080520481847,0,32,0,32,32
91.2,-57.052934300832405,-7.655944858104455,2.386242706129183,0.0,0.0,0.0,0.0,1.0,0.0,NO_REGULAR_FIELD,0.2628080520481847,0,32,0,32,32
91.21666666666667,-57.052934300832405,-7.655944858104455,2.386242706129183,0.0,0.0,0.0,0.0,1.0,0.0,NO_REGULAR_FIELD,0.2628080520481847,0,32,0,32,32
91.23333333333333,-57.052934300832405,-7.655944858104455,2.386242706129183,0.0,0.0,0.0,0.0,1.0,0.0,NO_REGULAR_FIELD,0.2628080520481847,0,32,0,32,32
91.25,-57.052934300832405,-7.655944858104455,2.386242706129183,0.0,0.0,0.0,0.0,1.0,0.0,NO_REGULAR_FIELD,0.2628080520481847,0,32,0,32,32
91.26666666666667,-57.052934300832405,-7.655944858104455,2.386242706129183,0.0,0.0,0.0,0.0,1.0,0.0,NO_REGULAR_FIELD,0.2628080520481847,0,32,0,32,32
91.28333333333333,-57.052934300832405,-7.655944858104455,2.386242706129183,0.0,0.0,0.0,0.0,1.0,0.0,NO_REGULAR_FIELD,0.2628080520481847,0,32,0,32,32
91.3,-57.052934300832405,-7.655944858104455,2.386242706129183,0.0,0.0,0.0,0.0,1.0,0.0,NO_REGULAR_FIELD,0.2628080520481847,0,32,0,32,32
91.31666666666666,-57.052934300832405,-7.655944858104455,2.386242706129183,0.0,0.0,0.0,0.0,1.0,0.0,NO_REGULAR_FIELD,0.2628080520481847,0,32,0,32,32
91.33333333333333,-57.052934300832405,-7.655944858104455,2.386242706129183,0.0,0.0,0.0,0.0,1.0,0.0,NO_REGULAR_FIELD,0.2628080520481847,0,32,0,32,32
91.35,-57.052934300832405,-7.655944858104455,2.386242706129183,0.0,0.0,0.0,0.0,1.0,0.0,NO_REGULAR_FIELD,0.2628080520481847,0,32,0,32,32
91.36666666666666,-57.052934300832405,-7.655944858104455,2.386242706129183,0.0,0.0,0.0,0.0,1.0,0.0,NO_REGULAR_FIELD,0.2628080520481847,0,32,0,32,32
91.38333333333334,-57.052934300832405,-7.655944858104455,2.386242706129183,0.0,0.0,0.0,0.0,1.0,0.0,NO_REGULAR_FIELD,0.2628080520481847,0,32,0,32,32
91.4,-57.052934300832405,-7.655944858104455,2.386242706129183,0.0,0.0,0.0,0.0,1.0,0.0,NO_REGULAR_FIELD,0.2628080520481847,0,32,0,32,32
91.41666666666667,-57.052934300832405,-7.655944858104455,2.386242706129183,0.0,0.0,0.0,0.0,1.0,0.0,NO_REGULAR_FIELD,0.2628080520481847,0,32,0,32,32
91.43333333333334,-57.052934300832405,-7.655944858104455,2.386242706129183,0.0,0.0,0.0,0.0,1.0,0.0,NO_REGULAR_FIELD,0.2628080520481847,0,32,0,32,32
91.45,-57.052934300832405,-7.655944858104455,2.386242706129183,0.0,0.0,0.0,0.0,1.0,0.0,NO_REGULAR_FIELD,0.2628080520481847,0,32,0,32,32
91.46666666666667,-57.052934300832405,-7.655944858104455,2.386242706129183,0.0,0.0,0.0,0.0,1.0,0.0,NO_REGULAR_FIELD,0.2628080520481847,0,32,0,32,32
91.48333333333333,-57.052934300832405,-7.655944858104455,2.386242706129183,0.0,0.0,0.0,0.0,1.0,0.0,NO_REGULAR_FIELD,0.2628080520481847,0,32,0,32,32
91.5,-57.052934300832405,-7.655944858104455,2.386242706129183,0.0,0.0,0.0,0.0,1.0,0.0,NO_REGULAR_FIELD,0.2628080520481847,0,32,0,32,32
91.51666666666667,-57.052934300832405,-7.655944858104455,2.386242706129183,0.0,0.0,0.0,0.0,1.0,0.0,NO_REGULAR_FIELD,0.2628080520481847,0,32,0,32,32
91.53333333333333,-57.052934300832405,-7.655944858104455,2.386242706129183,0.0,0.0,0.0,0.0,1.0,0.0,NO_REGULAR_FIELD,0.2628080520481847,0,32,0,32,32
91.55,-57.052934300832405,-7.655944858104455,2.386242706129183,0.0,0.0,0.0,0.0,1.0,0.0,NO_REGULAR_FIELD,0.2628080520481847,0,32,0,32,32
91.56666666666666,-57.052934300832405,-7.655944858104455,2.386242706129183,0.0,0.0,0.0,0.0,1.0,0.0,NO_REGULAR_FIELD,0.2628080520481847,0,32,0,32,32
91.58333333333333,-57.052934300832405,-7.655944858104455,2.386242706129183,0.0,0.0,0.0,0.0,1.0,0.0,NO_REGULAR_FIELD,0.2628080520481847,0,32,0,32,32
91.6,-57.052934300832405,-7.655944858104455,2.386242706129183,0.0,0.0,0.0,0.0,1.0,0.0,NO_REGULAR_FIELD,0.2628080520481847,0,32,0,32,32
91.61666666666666,-57.052934300832405,-7.655944858104455,2.386242706129183,0.0,0.0,0.0,0.0,1.0,0.0,NO_REGULAR_FIELD,0.2628080520481847,0,32,0,32,32
91.63333333333334,-57.052934300832405,-7.655944858104455,2.386242706129183,0.0,0.0,0.0,0.0,1.0,0.0,NO_REGULAR_FIELD,0.2628080520481847,0,32,0,32,32
91.65,-57.052934300832405,-7.655944858104455,2.386242706129183,0.0,0.0,0.0,0.0,1.0,0.0,NO_REGULAR_FIELD,0.2628080520481847,0,32,0,32,32
91.66666666666667,-57.052934300832405,-7.655944858104455,2.386242706129183,0.0,0.0,0.0,0.0,1.0,0.0,NO_REGULAR_FIELD,0.2628080520481847,0,32,0,32,32
91.68333333333334,-57.052934300832405,-7.655944858104455,2.386242706129183,0.0,0.0,0.0,0.0,1.0,0.0,NO_REGULAR_FIELD,0.2628080520481847,0,32,0,32,32
91.7,-57.052934300832405,-7.655944858104455,2.386242706129183,0.0,0.0,0.0,0.0,1.0,0.0,NO_REGULAR_FIELD,0.2628080520481847,0,32,0,32,32
91.71666666666667,-57.052934300832405,-7.655944858104455,2.386242706129183,0.0,0.0,0.0,0.0,1.0,0.0,NO_REGULAR_FIELD,0.2628080520481847,0,32,0,32,32
91.73333333333333,-57.052934300832405,-7.655944858104455,2.386242706129183,0.0,0.0,0.0,0.0,1.0,0.0,NO_REGULAR_FIELD,0.2628080520481847,0,32,0,32,32
91.75,-57.052934300832405,-7.655944858104455,2.386242706129183,0.0,0.0,0.0,0.0,1.0,0.0,NO_REGULAR_FIELD,0.2628080520481847,0,32,0,32,32
91.76666666666667,-57.052934300832405,-7.655944858104455,2.386242706129183,0.0,0.0,0.0,0.0,1.0,0.0,NO_REGULAR_FIELD,0.2628080520481847,0,32,0,32,32
91.78333333333333,-57.052934300832405,-7.655944858104455,2.386242706129183,0.0,0.0,0.0,0.0,1.0,0.0,NO_REGULAR_FIELD,0.2628080520481847,0,32,0,32,32
91.8,-57.052934300832405,-7.655944858104455,2.386242706129183,0.0,0.0,0.0,0.0,1.0,0.0,NO_REGULAR_FIELD,0.2628080520481847,0,32,0,32,32
91.81666666666666,-57.052934300832405,-7.655944858104455,2.386242706129183,0.0,0.0,0.0,0.0,1.0,0.0,NO_REGULAR_FIELD,0.2628080520481847,0,32,0,32,32
91.83333333333333,-57.052934300832405,-7.655944858104455,2.386242706129183,0.0,0.0,0.0,0.0,1.0,0.0,NO_REGULAR_FIELD,0.2628080520481847,0,32,0,32,32
91.85,-57.052934300832405,-7.655944858104455,2.386242706129183,0.0,0.0,0.0,0.0,1.0,0.0,NO_REGULAR_FIELD,0.2628080520481847,0,32,0,32,32
91.86666666666666,-57.052934300832405,-7.655944858104455,2.386242706129183,0.0,0.0,0.0,0.0,1.0,0.0,NO_REGULAR_FIELD,0.2628080520481847,0,32,0,32,32
91.88333333333334,-57.052934300832405,-7.655944858104455,2.386242706129183,0.0,0.0,0.0,0.0,1.0,0.0,NO_REGULAR_FIELD,0.2628080520481847,0,32,0,32,32
91.9,-57.052934300832405,-7.655944858104455,2.386242706129183,0.0,0.0,0.0,0.0,1.0,0.0,NO_REGULAR_FIELD,0.2628080520481847,0,32,0,32,32
91.91666666666667,-57.052934300832405,-7.655944858104455,2.386242706129183,0.0,0.0,0.0,0.0,1.0,0.0,NO_REGULAR_FIELD,0.2628080520481847,0,32,0,32,32
91.93333333333334,-57.052934300832405,-7.655944858104455,2.386242706129183,0.0,0.0,0.0,0.0,1.0,0.0,NO_REGULAR_FIELD,0.2628080520481847,0,32,0,32,32
91.95,-57.052934300832405,-7.655944858104455,2.386242706129183,0.0,0.0,0.0,0.0,1.0,0.0,NO_REGULAR_FIELD,0.2628080520481847,0,32,0,32,32
91.96666666666667,-57.052934300832405,-7.655944858104455,2.386242706129183,0.0,0.0,0.0,0.0,1.0,0.0,NO_REGULAR_FIELD,0.2628080520481847,0,32,0,32,32
91.98333333333333,-57.052934300832405,-7.655944858104455,2.386242706129183,0.0,0.0,0.0,0.0,1.0,0.0,NO_REGULAR_FIELD,0.2628080520481847,0,32,0,32,32
92.0,-57.052934300832405,-7.655944858104455,2.386242706129183,0.0,0.0,0.0,0.0,1.0,0.0,NO_REGULAR_FIELD,0.2628080520481847,0,32,0,32,32
92.01666666666667,-57.052934300832405,-7.655944858104455,2.386242706129183,0.0,0.0,0.0,0.0,1.0,0.0,NO_REGULAR_FIELD,0.2628080520481847,0,32,0,32,32
92.03333333333333,-57.052934300832405,-7.655944858104455,2.386242706129183,0.0,0.0,0.0,0.0,1.0,0.0,NO_REGULAR_FIELD,0.2628080520481847,0,32,0,32,32
92.05,-57.052934300832405,-7.655944858104455,2.386242706129183,0.0,0.0,0.0,0.0,1.0,0.0,NO_REGULAR_FIELD,0.2628080520481847,0,32,0,32,32
92.06666666666666,-57.052934300832405,-7.655944858104455,2.386242706129183,0.0,0.0,0.0,0.0,1.0,0.0,NO_REGULAR_FIELD,0.2628080520481847,0,32,0,32,32
92.08333333333333,-57.052934300832405,-7.655944858104455,2.386242706129183,0.0,0.0,0.0,0.0,1.0,0.0,NO_REGULAR_FIELD,0.2628080520481847,0,32,0,32,32
92.1,-57.052934300832405,-7.655944858104455,2.386242706129183,0.0,0.0,0.0,0.0,1.0,0.0,NO_REGULAR_FIELD,0.2628080520481847,0,32,0,32,32
92.11666666666666,-57.052934300832405,-7.655944858104455,2.386242706129183,0.0,0.0,0.0,0.0,1.0,0.0,NO_REGULAR_FIELD,0.2628080520481847,0,32,0,32,32
92.13333333333334,-57.052934300832405,-7.655944858104455,2.386242706129183,0.0,0.0,0.0,0.0,1.0,0.0,NO_REGULAR_FIELD,0.2628080520481847,0,32,0,32,32
92.15,-57.052934300832405,-7.655944858104455,2.386242706129183,0.0,0.0,0.0,0.0,1.0,0.0,NO_REGULAR_FIELD,0.2628080520481847,0,32,0,32,32
92.16666666666667,-57.052934300832405,-7.655944858104455,2.386242706129183,0.0,0.0,0.0,0.0,1.0,0.0,NO_REGULAR_FIELD,0.2628080520481847,0,32,0,32,32
92.18333333333334,-57.052934300832405,-7.655944858104455,2.386242706129183,0.0,0.0,0.0,0.0,1.0,0.0,NO_REGULAR_FIELD,0.2628080520481847,0,32,0,32,32
92.2,-57.052934300832405,-7.655944858104455,2.386242706129183,0.0,0.0,0.0,0.0,1.0,0.0,NO_REGULAR_FIELD,0.2628080520481847,0,32,0,32,32
92.21666666666667,-57.052934300832405,-7.655944858104455,2.386242706129183,0.0,0.0,0.0,0.0,1.0,0.0,NO_REGULAR_FIELD,0.2628080520481847,0,32,0,32,32
92.23333333333333,-57.052934300832405,-7.655944858104455,2.386242706129183,0.0,0.0,0.0,0.0,1.0,0.0,NO_REGULAR_FIELD,0.2628080520481847,0,32,0,32,32
92.25,-57.052934300832405,-7.655944858104455,2.386242706129183,0.0,0.0,0.0,0.0,1.0,0.0,NO_REGULAR_FIELD,0.2628080520481847,0,32,0,32,32
92.26666666666667,-57.052934300832405,-7.655944858104455,2.386242706129183,0.0,0.0,0.0,0.0,1.0,0.0,NO_REGULAR_FIELD,0.2628080520481847,0,32,0,32,32
92.28333333333333,-57.052934300832405,-7.655944858104455,2.386242706129183,0.0,0.0,0.0,0.0,1.0,0.0,NO_REGULAR_FIELD,0.2628080520481847,0,32,0,32,32
92.3,-57.052934300832405,-7.655944858104455,2.386242706129183,0.0,0.0,0.0,0.0,1.0,0.0,NO_REGULAR_FIELD,0.2628080520481847,0,32,0,32,32
92.31666666666666,-57.052934300832405,-7.655944858104455,2.386242706129183,0.0,0.0,0.0,0.0,1.0,0.0,NO_REGULAR_FIELD,0.2628080520481847,0,32,0,32,32
92.33333333333333,-57.052934300832405,-7.655944858104455,2.386242706129183,0.0,0.0,0.0,0.0,1.0,0.0,NO_REGULAR_FIELD,0.2628080520481847,0,32,0,32,32
92.35,-57.052934300832405,-7.655944858104455,2.386242706129183,0.0,0.0,0.0,0.0,1.0,0.0,NO_REGULAR_FIELD,0.2628080520481847,0,32,0,32,32
92.36666666666666,-57.052934300832405,-7.655944858104455,2.386242706129183,0.0,0.0,0.0,0.0,1.0,0.0,NO_REGULAR_FIELD,0.2628080520481847,0,32,0,32,32
92.38333333333334,-57.052934300832405,-7.655944858104455,2.386242706129183,0.0,0.0,0.0,0.0,1.0,0.0,NO_REGULAR_FIELD,0.2628080520481847,0,32,0,32,32
92.4,-57.052934300832405,-7.655944858104455,2.386242706129183,0.0,0.0,0.0,0.0,1.0,0.0,NO_REGULAR_FIELD,0.2628080520481847,0,32,0,32,32
92.41666666666667,-57.052934300832405,-7.655944858104455,2.386242706129183,0.0,0.0,0.0,0.0,1.0,0.0,NO_REGULAR_FIELD,0.2628080520481847,0,32,0,32,32
92.43333333333334,-57.052934300832405,-7.655944858104455,2.386242706129183,0.0,0.0,0.0,0.0,1.0,0.0,NO_REGULAR_FIELD,0.2628080520481847,0,32,0,32,32
92.45,-57.052934300832405,-7.655944858104455,2.386242706129183,0.0,0.0,0.0,0.0,1.0,0.0,NO_REGULAR_FIELD,0.2628080520481847,0,32,0,32,32
92.46666666666667,-57.052934300832405,-7.655944858104455,2.386242706129183,0.0,0.0,0.0,0.0,1.0,0.0,NO_REGULAR_FIELD,0.2628080520481847,0,32,0,32,32
92.48333333333333,-57.052934300832405,-7.655944858104455,2.386242706129183,0.0,0.0,0.0,0.0,1.0,0.0,NO_REGULAR_FIELD,0.2628080520481847,0,32,0,32,32
92.5,-57.052934300832405,-7.655944858104455,2.386242706129183,0.0,0.0,0.0,0.0,1.0,0.0,NO_REGULAR_FIELD,0.2628080520481847,0,32,0,32,32
92.51666666666667,-57.052934300832405,-7.655944858104455,2.386242706129183,0.0,0.0,0.0,0.0,1.0,0.0,NO_REGULAR_FIELD,0.2628080520481847,0,32,0,32,32
92.53333333333333,-57.052934300832405,-7.655944858104455,2.386242706129183,0.0,0.0,0.0,0.0,1.0,0.0,NO_REGULAR_FIELD,0.2628080520481847,0,32,0,32,32
92.55,-57.052934300832405,-7.655944858104455,2.386242706129183,0.0,0.0,0.0,0.0,1.0,0.0,NO_REGULAR_FIELD,0.2628080520481847,0,32,0,32,32
92.56666666666666,-57.052934300832405,-7.655944858104455,2.386242706129183,0.0,0.0,0.0,0.0,1.0,0.0,NO_REGULAR_FIELD,0.2628080520481847,0,32,0,32,32
92.58333333333333,-57.052934300832405,-7.655944858104455,2.386242706129183,0.0,0.0,0.0,0.0,1.0,0.0,NO_REGULAR_FIELD,0.2628080520481847,0,32,0,32,32
92.6,-57.052934300832405,-7.655944858104455,2.386242706129183,0.0,0.0,0.0,0.0,1.0,0.0,NO_REGULAR_FIELD,0.2628080520481847,0,32,0,32,32
92.61666666666666,-57.052934300832405,-7.655944858104455,2.386242706129183,0.0,0.0,0.0,0.0,1.0,0.0,NO_REGULAR_FIELD,0.2628080520481847,0,32,0,32,32
92.63333333333334,-57.052934300832405,-7.655944858104455,2.386242706129183,0.0,0.0,0.0,0.0,1.0,0.0,NO_REGULAR_FIELD,0.2628080520481847,0,32,0,32,32
92.65,-57.052934300832405,-7.655944858104455,2.386242706129183,0.0,0.0,0.0,0.0,1.0,0.0,NO_REGULAR_FIELD,0.2628080520481847,0,32,0,32,32
92.66666666666667,-57.052934300832405,-7.655944858104455,2.386242706129183,0.0,0.0,0.0,0.0,1.0,0.0,NO_REGULAR_FIELD,0.2628080520481847,0,32,0,32,32
92.68333333333334,-57.052934300832405,-7.655944858104455,2.386242706129183,0.0,0.0,0.0,0.0,1.0,0.0,NO_REGULAR_FIELD,0.2628080520481847,0,32,0,32,32
92.7,-57.052934300832405,-7.655944858104455,2.386242706129183,0.0,0.0,0.0,0.0,1.0,0.0,NO_REGULAR_FIELD,0.2628080520481847,0,32,0,32,32
92.71666666666667,-57.052934300832405,-7.655944858104455,2.386242706129183,0.0,0.0,0.0,0.0,1.0,0.0,NO_REGULAR_FIELD,0.2628080520481847,0,32,0,32,32
92.73333333333333,-57.052934300832405,-7.655944858104455,2.386242706129183,0.0,0.0,0.0,0.0,1.0,0.0,NO_REGULAR_FIELD,0.2628080520481847,0,32,0,32,32
92.75,-57.052934300832405,-7.655944858104455,2.386242706129183,0.0,0.0,0.0,0.0,1.0,0.0,NO_REGULAR_FIELD,0.2628080520481847,0,32,0,32,32
92.76666666666667,-57.052934300832405,-7.655944858104455,2.386242706129183,0.0,0.0,0.0,0.0,1.0,0.0,NO_REGULAR_FIELD,0.2628080520481847,0,32,0,32,32
92.78333333333333,-57.052934300832405,-7.655944858104455,2.386242706129183,0.0,0.0,0.0,0.0,1.0,0.0,NO_REGULAR_FIELD,0.2628080520481847,0,32,0,32,32
92.8,-57.052934300832405,-7.655944858104455,2.386242706129183,0.0,0.0,0.0,0.0,1.0,0.0,NO_REGULAR_FIELD,0.2628080520481847,0,32,0,32,32
92.81666666666666,-57.052934300832405,-7.655944858104455,2.386242706129183,0.0,0.0,0.0,0.0,1.0,0.0,NO_REGULAR_FIELD,0.2628080520481847,0,32,0,32,32
92.83333333333333,-57.052934300832405,-7.655944858104455,2.386242706129183,0.0,0.0,0.0,0.0,1.0,0.0,NO_REGULAR_FIELD,0.2628080520481847,0,32,0,32,32
92.85,-57.052934300832405,-7.655944858104455,2.386242706129183,0.0,0.0,0.0,0.0,1.0,0.0,NO_REGULAR_FIELD,0.2628080520481847,0,32,0,32,32
92.86666666666666,-57.052934300832405,-7.655944858104455,2.386242706129183,0.0,0.0,0.0,0.0,1.0,0.0,NO_REGULAR_FIELD,0.2628080520481847,0,32,0,32,32
92.88333333333334,-57.052934300832405,-7.655944858104455,2.386242706129183,0.0,0.0,0.0,0.0,1.0,0.0,NO_REGULAR_FIELD,0.2628080520481847,0,32,0,32,32
92.9,-57.052934300832405,-7.655944858104455,2.386242706129183,0.0,0.0,0.0,0.0,1.0,0.0,NO_REGULAR_FIELD,0.2628080520481847,0,32,0,32,32
92.91666666666667,-57.052934300832405,-7.655944858104455,2.386242706129183,0.0,0.0,0.0,0.0,1.0,0.0,NO_REGULAR_FIELD,0.2628080520481847,0,32,0,32,32
92.93333333333334,-57.052934300832405,-7.655944858104455,2.386242706129183,0.0,0.0,0.0,0.0,1.0,0.0,NO_REGULAR_FIELD,0.2628080520481847,0,32,0,32,32
92.95,-57.052934300832405,-7.655944858104455,2.386242706129183,0.0,0.0,0.0,0.0,1.0,0.0,NO_REGULAR_FIELD,0.2628080520481847,0,32,0,32,32
92.96666666666667,-57.052934300832405,-7.655944858104455,2.386242706129183,0.0,0.0,0.0,0.0,1.0,0.0,NO_REGULAR_FIELD,0.2628080520481847,0,32,0,32,32
92.98333333333333,-57.052934300832405,-7.655944858104455,2.386242706129183,0.0,0.0,0.0,0.0,1.0,0.0,NO_REGULAR_FIELD,0.2628080520481847,0,32,0,32,32
93.0,-57.052934300832405,-7.655944858104455,2.386242706129183,0.0,0.0,0.0,0.0,1.0,0.0,NO_REGULAR_FIELD,0.2628080520481847,0,32,0,32,32
93.01666666666667,-57.052934300832405,-7.655944858104455,2.386242706129183,0.0,0.0,0.0,0.0,1.0,0.0,NO_REGULAR_FIELD,0.2628080520481847,0,32,0,32,32
93.03333333333333,-57.052934300832405,-7.655944858104455,2.386242706129183,0.0,0.0,0.0,0.0,1.0,0.0,NO_REGULAR_FIELD,0.2628080520481847,0,32,0,32,32
93.05,-57.052934300832405,-7.655944858104455,2.386242706129183,0.0,0.0,0.0,0.0,1.0,0.0,NO_REGULAR_FIELD,0.2628080520481847,0,32,0,32,32
93.06666666666666,-57.052934300832405,-7.655944858104455,2.386242706129183,0.0,0.0,0.0,0.0,1.0,0.0,NO_REGULAR_FIELD,0.2628080520481847,0,32,0,32,32
93.08333333333333,-57.052934300832405,-7.655944858104455,2.386242706129183,0.0,0.0,0.0,0.0,1.0,0.0,NO_REGULAR_FIELD,0.2628080520481847,0,32,0,32,32
93.1,-57.052934300832405,-7.655944858104455,2.386242706129183,0.0,0.0,0.0,0.0,1.0,0.0,NO_REGULAR_FIELD,0.2628080520481847,0,32,0,32,32
93.11666666666666,-57.052934300832405,-7.655944858104455,2.386242706129183,0.0,0.0,0.0,0.0,1.0,0.0,NO_REGULAR_FIELD,0.2628080520481847,0,32,0,32,32
93.13333333333334,-57.052934300832405,-7.655944858104455,2.386242706129183,0.0,0.0,0.0,0.0,1.0,0.0,NO_REGULAR_FIELD,0.2628080520481847,0,32,0,32,32
93.15,-57.052934300832405,-7.655944858104455,2.386242706129183,0.0,0.0,0.0,0.0,1.0,0.0,NO_REGULAR_FIELD,0.2628080520481847,0,32,0,32,32
93.16666666666667,-57.052934300832405,-7.655944858104455,2.386242706129183,0.0,0.0,0.0,0.0,1.0,0.0,NO_REGULAR_FIELD,0.2628080520481847,0,32,0,32,32
93.18333333333334,-57.052934300832405,-7.655944858104455,2.386242706129183,0.0,0.0,0.0,0.0,1.0,0.0,NO_REGULAR_FIELD,0.2628080520481847,0,32,0,32,32
93.2,-57.052934300832405,-7.655944858104455,2.386242706129183,0.0,0.0,0.0,0.0,1.0,0.0,NO_REGULAR_FIELD,0.2628080520481847,0,32,0,32,32
93.21666666666667,-57.052934300832405,-7.655944858104455,2.386242706129183,0.0,0.0,0.0,0.0,1.0,0.0,NO_REGULAR_FIELD,0.2628080520481847,0,32,0,32,32
93.23333333333333,-57.052934300832405,-7.655944858104455,2.386242706129183,0.0,0.0,0.0,0.0,1.0,0.0,NO_REGULAR_FIELD,0.2628080520481847,0,32,0,32,32
93.25,-57.052934300832405,-7.655944858104455,2.386242706129183,0.0,0.0,0.0,0.0,1.0,0.0,NO_REGULAR_FIELD,0.2628080520481847,0,32,0,32,32
93.26666666666667,-57.052934300832405,-7.655944858104455,2.386242706129183,0.0,0.0,0.0,0.0,1.0,0.0,NO_REGULAR_FIELD,0.2628080520481847,0,32,0,32,32
93.28333333333333,-57.052934300832405,-7.655944858104455,2.386242706129183,0.0,0.0,0.0,0.0,1.0,0.0,NO_REGULAR_FIELD,0.2628080520481847,0,32,0,32,32
93.3,-57.052934300832405,-7.655944858104455,2.386242706129183,0.0,0.0,0.0,0.0,1.0,0.0,NO_REGULAR_FIELD,0.2628080520481847,0,32,0,32,32
93.31666666666666,-57.052934300832405,-7.655944858104455,2.386242706129183,0.0,0.0,0.0,0.0,1.0,0.0,NO_REGULAR_FIELD,0.2628080520481847,0,32,0,32,32
93.33333333333333,-57.052934300832405,-7.655944858104455,2.386242706129183,0.0,0.0,0.0,0.0,1.0,0.0,NO_REGULAR_FIELD,0.2628080520481847,0,32,0,32,32
93.35,-57.052934300832405,-7.655944858104455,2.386242706129183,0.0,0.0,0.0,0.0,1.0,0.0,NO_REGULAR_FIELD,0.2628080520481847,0,32,0,32,32
93.36666666666666,-57.052934300832405,-7.655944858104455,2.386242706129183,0.0,0.0,0.0,0.0,1.0,0.0,NO_REGULAR_FIELD,0.2628080520481847,0,32,0,32,32
93.38333333333334,-57.052934300832405,-7.655944858104455,2.386242706129183,0.0,0.0,0.0,0.0,1.0,0.0,NO_REGULAR_FIELD,0.2628080520481847,0,32,0,32,32
93.4,-57.052934300832405,-7.655944858104455,2.386242706129183,0.0,0.0,0.0,0.0,1.0,0.0,NO_REGULAR_FIELD,0.2628080520481847,0,32,0,32,32
93.41666666666667,-57.052934300832405,-7.655944858104455,2.386242706129183,0.0,0.0,0.0,0.0,1.0,0.0,NO_REGULAR_FIELD,0.2628080520481847,0,32,0,32,32
93.43333333333334,-57.052934300832405,-7.655944858104455,2.386242706129183,0.0,0.0,0.0,0.0,1.0,0.0,NO_REGULAR_FIELD,0.2628080520481847,0,32,0,32,32
93.45,-57.052934300832405,-7.655944858104455,2.386242706129183,0.0,0.0,0.0,0.0,1.0,0.0,NO_REGULAR_FIELD,0.2628080520481847,0,32,0,32,32
93.46666666666667,-57.052934300832405,-7.655944858104455,2.386242706129183,0.0,0.0,0.0,0.0,1.0,0.0,NO_REGULAR_FIELD,0.2628080520481847,0,32,0,32,32
93.48333333333333,-57.052934300832405,-7.655944858104455,2.386242706129183,0.0,0.0,0.0,0.0,1.0,0.0,NO_REGULAR_FIELD,0.2628080520481847,0,32,0,32,32
93.5,-57.052934300832405,-7.655944858104455,2.386242706129183,0.0,0.0,0.0,0.0,1.0,0.0,NO_REGULAR_FIELD,0.2628080520481847,0,32,0,32,32
93.51666666666667,-57.052934300832405,-7.655944858104455,2.386242706129183,0.0,0.0,0.0,0.0,1.0,0.0,NO_REGULAR_FIELD,0.2628080520481847,0,32,0,32,32
93.53333333333333,-57.052934300832405,-7.655944858104455,2.386242706129183,0.0,0.0,0.0,0.0,1.0,0.0,NO_REGULAR_FIELD,0.2628080520481847,0,32,0,32,32
93.55,-57.052934300832405,-7.655944858104455,2.386242706129183,0.0,0.0,0.0,0.0,1.0,0.0,NO_REGULAR_FIELD,0.2628080520481847,0,32,0,32,32
93.56666666666666,-57.052934300832405,-7.655944858104455,2.386242706129183,0.0,0.0,0.0,0.0,1.0,0.0,NO_REGULAR_FIELD,0.2628080520481847,0,32,0,32,32
93.58333333333333,-57.052934300832405,-7.655944858104455,2.386242706129183,0.0,0.0,0.0,0.0,1.0,0.0,NO_REGULAR_FIELD,0.2628080520481847,0,32,0,32,32
93.6,-57.052934300832405,-7.655944858104455,2.386242706129183,0.0,0.0,0.0,0.0,1.0,0.0,NO_REGULAR_FIELD,0.2628080520481847,0,32,0,32,32
93.61666666666666,-57.052934300832405,-7.655944858104455,2.386242706129183,0.0,0.0,0.0,0.0,1.0,0.0,NO_REGULAR_FIELD,0.2628080520481847,0,32,0,32,32
93.63333333333334,-57.052934300832405,-7.655944858104455,2.386242706129183,0.0,0.0,0.0,0.0,1.0,0.0,NO_REGULAR_FIELD,0.2628080520481847,0,32,0,32,32
93.65,-57.052934300832405,-7.655944858104455,2.386242706129183,0.0,0.0,0.0,0.0,1.0,0.0,NO_REGULAR_FIELD,0.2628080520481847,0,32,0,32,32
93.66666666666667,-57.052934300832405,-7.655944858104455,2.386242706129183,0.0,0.0,0.0,0.0,1.0,0.0,NO_REGULAR_FIELD,0.2628080520481847,0,32,0,32,32
93.68333333333334,-57.052934300832405,-7.655944858104455,2.386242706129183,0.0,0.0,0.0,0.0,1.0,0.0,NO_REGULAR_FIELD,0.2628080520481847,0,32,0,32,32
93.7,-57.052934300832405,-7.655944858104455,2.386242706129183,0.0,0.0,0.0,0.0,1.0,0.0,NO_REGULAR_FIELD,0.2628080520481847,0,32,0,32,32
93.71666666666667,-57.052934300832405,-7.655944858104455,2.386242706129183,0.0,0.0,0.0,0.0,1.0,0.0,NO_REGULAR_FIELD,0.2628080520481847,0,32,0,32,32
93.73333333333333,-57.052934300832405,-7.655944858104455,2.386242706129183,0.0,0.0,0.0,0.0,1.0,0.0,NO_REGULAR_FIELD,0.2628080520481847,0,32,0,32,32
93.75,-57.052934300832405,-7.655944858104455,2.386242706129183,0.0,0.0,0.0,0.0,1.0,0.0,NO_REGULAR_FIELD,0.2628080520481847,0,32,0,32,32
93.76666666666667,-57.052934300832405,-7.655944858104455,2.386242706129183,0.0,0.0,0.0,0.0,1.0,0.0,NO_REGULAR_FIELD,0.2628080520481847,0,32,0,32,32
93.78333333333333,-57.052934300832405,-7.655944858104455,2.386242706129183,0.0,0.0,0.0,0.0,1.0,0.0,NO_REGULAR_FIELD,0.2628080520481847,0,32,0,32,32
93.8,-57.052934300832405,-7.655944858104455,2.386242706129183,0.0,0.0,0.0,0.0,1.0,0.0,NO_REGULAR_FIELD,0.2628080520481847,0,32,0,32,32
93.81666666666666,-57.052934300832405,-7.655944858104455,2.386242706129183,0.0,0.0,0.0,0.0,1.0,0.0,NO_REGULAR_FIELD,0.2628080520481847,0,32,0,32,32
93.83333333333333,-57.052934300832405,-7.655944858104455,2.386242706129183,0.0,0.0,0.0,0.0,1.0,0.0,NO_REGULAR_FIELD,0.2628080520481847,0,32,0,32,32
93.85,-57.052934300832405,-7.655944858104455,2.386242706129183,0.0,0.0,0.0,0.0,1.0,0.0,NO_REGULAR_FIELD,0.2628080520481847,0,32,0,32,32
93.86666666666666,-57.052934300832405,-7.655944858104455,2.386242706129183,0.0,0.0,0.0,0.0,1.0,0.0,NO_REGULAR_FIELD,0.2628080520481847,0,32,0,32,32
93.88333333333334,-57.052934300832405,-7.655944858104455,2.386242706129183,0.0,0.0,0.0,0.0,1.0,0.0,NO_REGULAR_FIELD,0.2628080520481847,0,32,0,32,32
93.9,-57.052934300832405,-7.655944858104455,2.386242706129183,0.0,0.0,0.0,0.0,1.0,0.0,NO_REGULAR_FIELD,0.2628080520481847,0,32,0,32,32
93.91666666666667,-57.052934300832405,-7.655944858104455,2.386242706129183,0.0,0.0,0.0,0.0,1.0,0.0,NO_REGULAR_FIELD,0.2628080520481847,0,32,0,32,32
93.93333333333334,-57.052934300832405,-7.655944858104455,2.386242706129183,0.0,0.0,0.0,0.0,1.0,0.0,NO_REGULAR_FIELD,0.2628080520481847,0,32,0,32,32
93.95,-57.052934300832405,-7.655944858104455,2.386242706129183,0.0,0.0,0.0,0.0,1.0,0.0,NO_REGULAR_FIELD,0.2628080520481847,0,32,0,32,32
93.96666666666667,-57.052934300832405,-7.655944858104455,2.386242706129183,0.0,0.0,0.0,0.0,1.0,0.0,NO_REGULAR_FIELD,0.2628080520481847,0,32,0,32,32
93.98333333333333,-57.052934300832405,-7.655944858104455,2.386242706129183,0.0,0.0,0.0,0.0,1.0,0.0,NO_REGULAR_FIELD,0.2628080520481847,0,32,0,32,32
94.0,-57.052934300832405,-7.655944858104455,2.386242706129183,0.0,0.0,0.0,0.0,1.0,0.0,NO_REGULAR_FIELD,0.2628080520481847,0,32,0,32,32
94.01666666666667,-57.052934300832405,-7.655944858104455,2.386242706129183,0.0,0.0,0.0,0.0,1.0,0.0,NO_REGULAR_FIELD,0.2628080520481847,0,32,0,32,32
94.03333333333333,-57.052934300832405,-7.655944858104455,2.386242706129183,0.0,0.0,0.0,0.0,1.0,0.0,NO_REGULAR_FIELD,0.2628080520481847,0,32,0,32,32
94.05,-57.052934300832405,-7.655944858104455,2.386242706129183,0.0,0.0,0.0,0.0,1.0,0.0,NO_REGULAR_FIELD,0.2628080520481847,0,32,0,32,32
94.06666666666666,-57.052934300832405,-7.655944858104455,2.386242706129183,0.0,0.0,0.0,0.0,1.0,0.0,NO_REGULAR_FIELD,0.2628080520481847,0,32,0,32,32
94.08333333333333,-57.052934300832405,-7.655944858104455,2.386242706129183,0.0,0.0,0.0,0.0,1.0,0.0,NO_REGULAR_FIELD,0.2628080520481847,0,32,0,32,32
94.1,-57.052934300832405,-7.655944858104455,2.386242706129183,0.0,0.0,0.0,0.0,1.0,0.0,NO_REGULAR_FIELD,0.2628080520481847,0,32,0,32,32
94.11666666666666,-57.052934300832405,-7.655944858104455,2.386242706129183,0.0,0.0,0.0,0.0,1.0,0.0,NO_REGULAR_FIELD,0.2628080520481847,0,32,0,32,32
94.13333333333334,-57.052934300832405,-7.655944858104455,2.386242706129183,0.0,0.0,0.0,0.0,1.0,0.0,NO_REGULAR_FIELD,0.2628080520481847,0,32,0,32,32
94.15,-57.052934300832405,-7.655944858104455,2.386242706129183,0.0,0.0,0.0,0.0,1.0,0.0,NO_REGULAR_FIELD,0.2628080520481847,0,32,0,32,32
94.16666666666667,-57.052934300832405,-7.655944858104455,2.386242706129183,0.0,0.0,0.0,0.0,1.0,0.0,NO_REGULAR_FIELD,0.2628080520481847,0,32,0,32,32
94.18333333333334,-57.052934300832405,-7.655944858104455,2.386242706129183,0.0,0.0,0.0,0.0,1.0,0.0,NO_REGULAR_FIELD,0.2628080520481847,0,32,0,32,32
94.2,-57.052934300832405,-7.655944858104455,2.386242706129183,0.0,0.0,0.0,0.0,1.0,0.0,NO_REGULAR_FIELD,0.2628080520481847,0,32,0,32,32
94.21666666666667,-57.052934300832405,-7.655944858104455,2.386242706129183,0.0,0.0,0.0,0.0,1.0,0.0,NO_REGULAR_FIELD,0.2628080520481847,0,32,0,32,32
94.23333333333333,-57.052934300832405,-7.655944858104455,2.386242706129183,0.0,0.0,0.0,0.0,1.0,0.0,NO_REGULAR_FIELD,0.2628080520481847,0,32,0,32,32
94.25,-57.052934300832405,-7.655944858104455,2.386242706129183,0.0,0.0,0.0,0.0,1.0,0.0,NO_REGULAR_FIELD,0.2628080520481847,0,32,0,32,32
94.26666666666667,-57.052934300832405,-7.655944858104455,2.386242706129183,0.0,0.0,0.0,0.0,1.0,0.0,NO_REGULAR_FIELD,0.2628080520481847,0,32,0,32,32
94.28333333333333,-57.052934300832405,-7.655944858104455,2.386242706129183,0.0,0.0,0.0,0.0,1.0,0.0,NO_REGULAR_FIELD,0.2628080520481847,0,32,0,32,32
94.3,-57.052934300832405,-7.655944858104455,2.386242706129183,0.0,0.0,0.0,0.0,1.0,0.0,NO_REGULAR_FIELD,0.2628080520481847,0,32,0,32,32
94.31666666666666,-57.052934300832405,-7.655944858104455,2.386242706129183,0.0,0.0,0.0,0.0,1.0,0.0,NO_REGULAR_FIELD,0.2628080520481847,0,32,0,32,32
94.33333333333333,-57.052934300832405,-7.655944858104455,2.386242706129183,0.0,0.0,0.0,0.0,1.0,0.0,NO_REGULAR_FIELD,0.2628080520481847,0,32,0,32,32
94.35,-57.052934300832405,-7.655944858104455,2.386242706129183,0.0,0.0,0.0,0.0,1.0,0.0,NO_REGULAR_FIELD,0.2628080520481847,0,32,0,32,32
94.36666666666666,-57.052934300832405,-7.655944858104455,2.386242706129183,0.0,0.0,0.0,0.0,1.0,0.0,NO_REGULAR_FIELD,0.2628080520481847,0,32,0,32,32
94.38333333333334,-57.052934300832405,-7.655944858104455,2.386242706129183,0.0,0.0,0.0,0.0,1.0,0.0,NO_REGULAR_FIELD,0.2628080520481847,0,32,0,32,32
94.4,-57.052934300832405,-7.655944858104455,2.386242706129183,0.0,0.0,0.0,0.0,1.0,0.0,NO_REGULAR_FIELD,0.2628080520481847,0,32,0,32,32
94.41666666666667,-57.052934300832405,-7.655944858104455,2.386242706129183,0.0,0.0,0.0,0.0,1.0,0.0,NO_REGULAR_FIELD,0.2628080520481847,0,32,0,32,32
94.43333333333334,-57.052934300832405,-7.655944858104455,2.386242706129183,0.0,0.0,0.0,0.0,1.0,0.0,NO_REGULAR_FIELD,0.2628080520481847,0,32,0,32,32
94.45,-57.052934300832405,-7.655944858104455,2.386242706129183,0.0,0.0,0.0,0.0,1.0,0.0,NO_REGULAR_FIELD,0.2628080520481847,0,32,0,32,32
94.46666666666667,-57.052934300832405,-7.655944858104455,2.386242706129183,0.0,0.0,0.0,0.0,1.0,0.0,NO_REGULAR_FIELD,0.2628080520481847,0,32,0,32,32
94.48333333333333,-57.052934300832405,-7.655944858104455,2.386242706129183,0.0,0.0,0.0,0.0,1.0,0.0,NO_REGULAR_FIELD,0.2628080520481847,0,32,0,32,32
94.5,-57.052934300832405,-7.655944858104455,2.386242706129183,0.0,0.0,0.0,0.0,1.0,0.0,NO_REGULAR_FIELD,0.2628080520481847,0,32,0,32,32
94.51666666666667,-57.052934300832405,-7.655944858104455,2.386242706129183,0.0,0.0,0.0,0.0,1.0,0.0,NO_REGULAR_FIELD,0.2628080520481847,0,32,0,32,32
94.53333333333333,-57.052934300832405,-7.655944858104455,2.386242706129183,0.0,0.0,0.0,0.0,1.0,0.0,NO_REGULAR_FIELD,0.2628080520481847,0,32,0,32,32
94.55,-57.052934300832405,-7.655944858104455,2.386242706129183,0.0,0.0,0.0,0.0,1.0,0.0,NO_REGULAR_FIELD,0.2628080520481847,0,32,0,32,32
94.56666666666666,-57.052934300832405,-7.655944858104455,2.386242706129183,0.0,0.0,0.0,0.0,1.0,0.0,NO_REGULAR_FIELD,0.2628080520481847,0,32,0,32,32
94.58333333333333,-57.052934300832405,-7.655944858104455,2.386242706129183,0.0,0.0,0.0,0.0,1.0,0.0,NO_REGULAR_FIELD,0.2628080520481847,0,32,0,32,32
94.6,-57.052934300832405,-7.655944858104455,2.386242706129183,0.0,0.0,0.0,0.0,1.0,0.0,NO_REGULAR_FIELD,0.2628080520481847,0,32,0,32,32
94.61666666666666,-57.052934300832405,-7.655944858104455,2.386242706129183,0.0,0.0,0.0,0.0,1.0,0.0,NO_REGULAR_FIELD,0.2628080520481847,0,32,0,32,32
94.63333333333334,-57.052934300832405,-7.655944858104455,2.386242706129183,0.0,0.0,0.0,0.0,1.0,0.0,NO_REGULAR_FIELD,0.2628080520481847,0,32,0,32,32
94.65,-57.052934300832405,-7.655944858104455,2.386242706129183,0.0,0.0,0.0,0.0,1.0,0.0,NO_REGULAR_FIELD,0.2628080520481847,0,32,0,32,32
94.66666666666667,-57.052934300832405,-7.655944858104455,2.386242706129183,0.0,0.0,0.0,0.0,1.0,0.0,NO_REGULAR_FIELD,0.2628080520481847,0,32,0,32,32
94.68333333333334,-57.052934300832405,-7.655944858104455,2.386242706129183,0.0,0.0,0.0,0.0,1.0,0.0,NO_REGULAR_FIELD,0.2628080520481847,0,32,0,32,32
94.7,-57.052934300832405,-7.655944858104455,2.386242706129183,0.0,0.0,0.0,0.0,1.0,0.0,NO_REGULAR_FIELD,0.2628080520481847,0,32,0,32,32
94.71666666666667,-57.052934300832405,-7.655944858104455,2.386242706129183,0.0,0.0,0.0,0.0,1.0,0.0,NO_REGULAR_FIELD,0.2628080520481847,0,32,0,32,32
94.73333333333333,-57.052934300832405,-7.655944858104455,2.386242706129183,0.0,0.0,0.0,0.0,1.0,0.0,NO_REGULAR_FIELD,0.2628080520481847,0,32,0,32,32
94.75,-57.052934300832405,-7.655944858104455,2.386242706129183,0.0,0.0,0.0,0.0,1.0,0.0,NO_REGULAR_FIELD,0.2628080520481847,0,32,0,32,32
94.76666666666667,-57.052934300832405,-7.655944858104455,2.386242706129183,0.0,0.0,0.0,0.0,1.0,0.0,NO_REGULAR_FIELD,0.2628080520481847,0,32,0,32,32
94.78333333333333,-57.052934300832405,-7.655944858104455,2.386242706129183,0.0,0.0,0.0,0.0,1.0,0.0,NO_REGULAR_FIELD,0.2628080520481847,0,32,0,32,32
94.8,-57.052934300832405,-7.655944858104455,2.386242706129183,0.0,0.0,0.0,0.0,1.0,0.0,NO_REGULAR_FIELD,0.2628080520481847,0,32,0,32,32
94.81666666666666,-57.052934300832405,-7.655944858104455,2.386242706129183,0.0,0.0,0.0,0.0,1.0,0.0,NO_REGULAR_FIELD,0.2628080520481847,0,32,0,32,32
94.83333333333333,-57.052934300832405,-7.655944858104455,2.386242706129183,0.0,0.0,0.0,0.0,1.0,0.0,NO_REGULAR_FIELD,0.2628080520481847,0,32,0,32,32
94.85,-57.052934300832405,-7.655944858104455,2.386242706129183,0.0,0.0,0.0,0.0,1.0,0.0,NO_REGULAR_FIELD,0.2628080520481847,0,32,0,32,32
94.86666666666666,-57.052934300832405,-7.655944858104455,2.386242706129183,0.0,0.0,0.0,0.0,1.0,0.0,NO_REGULAR_FIELD,0.2628080520481847,0,32,0,32,32
94.88333333333334,-57.052934300832405,-7.655944858104455,2.386242706129183,0.0,0.0,0.0,0.0,1.0,0.0,NO_REGULAR_FIELD,0.2628080520481847,0,32,0,32,32
94.9,-57.052934300832405,-7.655944858104455,2.386242706129183,0.0,0.0,0.0,0.0,1.0,0.0,NO_REGULAR_FIELD,0.2628080520481847,0,32,0,32,32
94.91666666666667,-57.052934300832405,-7.655944858104455,2.386242706129183,0.0,0.0,0.0,0.0,1.0,0.0,NO_REGULAR_FIELD,0.2628080520481847,0,32,0,32,32
94.93333333333334,-57.052934300832405,-7.655944858104455,2.386242706129183,0.0,0.0,0.0,0.0,1.0,0.0,NO_REGULAR_FIELD,0.2628080520481847,0,32,0,32,32
94.95,-57.052934300832405,-7.655944858104455,2.386242706129183,0.0,0.0,0.0,0.0,1.0,0.0,NO_REGULAR_FIELD,0.2628080520481847,0,32,0,32,32
94.96666666666667,-57.052934300832405,-7.655944858104455,2.386242706129183,0.0,0.0,0.0,0.0,1.0,0.0,NO_REGULAR_FIELD,0.2628080520481847,0,32,0,32,32
94.98333333333333,-57.052934300832405,-7.655944858104455,2.386242706129183,0.0,0.0,0.0,0.0,1.0,0.0,NO_REGULAR_FIELD,0.2628080520481847,0,32,0,32,32
95.0,-57.052934300832405,-7.655944858104455,2.386242706129183,0.0,0.0,0.0,0.0,0.0,0.0,NO_REGULAR_FIELD,0.2628080520481847,0,32,0,32,32
95.01666666666667,-57.052934300832405,-7.655944858104455,2.386242706129183,0.0,0.0,0.0,0.0,0.0,0.0,NO_REGULAR_FIELD,0.2628080520481847,0,32,0,32,32
95.03333333333333,-57.052934300832405,-7.655944858104455,2.386242706129183,0.0,0.0,0.0,0.0,0.0,0.0,NO_REGULAR_FIELD,0.2628080520481847,0,32,0,32,32
95.05,-57.052934300832405,-7.655944858104455,2.386242706129183,0.0,0.0,0.0,0.0,0.0,0.0,NO_REGULAR_FIELD,0.2628080520481847,0,32,0,32,32
95.06666666666666,-57.052934300832405,-7.655944858104455,2.386242706129183,0.0,0.0,0.0,0.0,0.0,0.0,ZERO_INTENT,0.2628080520481847,0,32,0,32,32
95.08333333333333,-57.052934300832405,-7.655944858104455,2.386242706129183,0.0,0.0,0.0,0.0,0.0,0.0,ZERO_INTENT,0.2628080520481847,0,32,0,32,32
95.1,-57.052934300832405,-7.655944858104455,2.386242706129183,0.0,0.0,0.0,0.0,0.0,0.0,ZERO_INTENT,0.2628080520481847,0,32,0,32,32
95.11666666666666,-57.052934300832405,-7.655944858104455,2.386242706129183,0.0,0.0,0.0,0.0,0.0,0.0,ZERO_INTENT,0.2628080520481847,0,32,0,32,32
95.13333333333334,-57.052934300832405,-7.655944858104455,2.386242706129183,0.0,0.0,0.0,0.0,0.0,0.0,ZERO_INTENT,0.2628080520481847,0,32,0,32,32
95.15,-57.052934300832405,-7.655944858104455,2.386242706129183,0.0,0.0,0.0,0.0,0.0,0.0,ZERO_INTENT,0.2628080520481847,0,32,0,32,32
95.16666666666667,-57.052934300832405,-7.655944858104455,2.386242706129183,0.0,0.0,0.0,0.0,0.0,0.0,ZERO_INTENT,0.2628080520481847,0,32,0,32,32
95.18333333333334,-57.052934300832405,-7.655944858104455,2.386242706129183,0.0,0.0,0.0,0.0,0.0,0.0,ZERO_INTENT,0.2628080520481847,0,32,0,32,32
95.2,-57.052934300832405,-7.655944858104455,2.386242706129183,0.0,0.0,0.0,0.0,0.0,0.0,ZERO_INTENT,0.2628080520481847,0,32,0,32,32
95.21666666666667,-57.052934300832405,-7.655944858104455,2.386242706129183,0.0,0.0,0.0,0.0,0.0,0.0,ZERO_INTENT,0.2628080520481847,0,32,0,32,32
95.23333333333333,-57.052934300832405,-7.655944858104455,2.386242706129183,0.0,0.0,0.0,0.0,0.0,0.0,ZERO_INTENT,0.2628080520481847,0,32,0,32,32
95.25,-57.052934300832405,-7.655944858104455,2.386242706129183,0.0,0.0,0.0,0.0,0.0,0.0,ZERO_INTENT,0.2628080520481847,0,32,0,32,32
95.26666666666667,-57.052934300832405,-7.655944858104455,2.386242706129183,0.0,0.0,0.0,0.0,0.0,0.0,ZERO_INTENT,0.2628080520481847,0,32,0,32,32
95.28333333333333,-57.052934300832405,-7.655944858104455,2.386242706129183,0.0,0.0,0.0,0.0,0.0,0.0,ZERO_INTENT,0.2628080520481847,0,32,0,32,32
95.3,-57.052934300832405,-7.655944858104455,2.386242706129183,0.0,0.0,0.0,0.0,0.0,0.0,ZERO_INTENT,0.2628080520481847,0,32,0,32,32
95.31666666666666,-57.052934300832405,-7.655944858104455,2.386242706129183,0.0,0.0,0.0,0.0,0.0,0.0,ZERO_INTENT,0.2628080520481847,0,32,0,32,32
95.33333333333333,-57.052934300832405,-7.655944858104455,2.386242706129183,0.0,0.0,0.0,0.0,0.0,0.0,ZERO_INTENT,0.2628080520481847,0,32,0,32,32
95.35,-57.052934300832405,-7.655944858104455,2.386242706129183,0.0,0.0,0.0,0.0,0.0,0.0,ZERO_INTENT,0.2628080520481847,0,32,0,32,32
95.36666666666666,-57.052934300832405,-7.655944858104455,2.386242706129183,0.0,0.0,0.0,0.0,0.0,0.0,ZERO_INTENT,0.2628080520481847,0,32,0,32,32
95.38333333333334,-57.052934300832405,-7.655944858104455,2.386242706129183,0.0,0.0,0.0,0.0,0.0,0.0,ZERO_INTENT,0.2628080520481847,0,32,0,32,32
95.4,-57.052934300832405,-7.655944858104455,2.386242706129183,0.0,0.0,0.0,0.0,0.0,0.0,ZERO_INTENT,0.2628080520481847,0,32,0,32,32
95.41666666666667,-57.052934300832405,-7.655944858104455,2.386242706129183,0.0,0.0,0.0,0.0,0.0,0.0,ZERO_INTENT,0.2628080520481847,0,32,0,32,32
95.43333333333334,-57.052934300832405,-7.655944858104455,2.386242706129183,0.0,0.0,0.0,0.0,0.0,0.0,ZERO_INTENT,0.2628080520481847,0,32,0,32,32
95.45,-57.052934300832405,-7.655944858104455,2.386242706129183,0.0,0.0,0.0,0.0,0.0,0.0,ZERO_INTENT,0.2628080520481847,0,32,0,32,32
95.46666666666667,-57.052934300832405,-7.655944858104455,2.386242706129183,0.0,0.0,0.0,0.0,0.0,0.0,ZERO_INTENT,0.2628080520481847,0,32,0,32,32
95.48333333333333,-57.052934300832405,-7.655944858104455,2.386242706129183,0.0,0.0,0.0,0.0,0.0,0.0,ZERO_INTENT,0.2628080520481847,0,32,0,32,32
95.5,-57.052934300832405,-7.655944858104455,2.386242706129183,0.0,0.0,0.0,0.0,0.0,0.0,ZERO_INTENT,0.2628080520481847,0,32,0,32,32
95.51666666666667,-57.052934300832405,-7.655944858104455,2.386242706129183,0.0,0.0,0.0,0.0,0.0,0.0,ZERO_INTENT,0.2628080520481847,0,32,0,32,32
95.53333333333333,-57.052934300832405,-7.655944858104455,2.386242706129183,0.0,0.0,0.0,0.0,0.0,0.0,ZERO_INTENT,0.2628080520481847,0,32,0,32,32
95.55,-57.052934300832405,-7.655944858104455,2.386242706129183,0.0,0.0,0.0,0.0,0.0,0.0,ZERO_INTENT,0.2628080520481847,0,32,0,32,32
95.56666666666666,-57.052934300832405,-7.655944858104455,2.386242706129183,0.0,0.0,0.0,0.0,0.0,0.0,ZERO_INTENT,0.2628080520481847,0,32,0,32,32
95.58333333333333,-57.052934300832405,-7.655944858104455,2.386242706129183,0.0,0.0,0.0,0.0,0.0,0.0,ZERO_INTENT,0.2628080520481847,0,32,0,32,32
95.6,-57.052934300832405,-7.655944858104455,2.386242706129183,0.0,0.0,0.0,0.0,0.0,0.0,ZERO_INTENT,0.2628080520481847,0,32,0,32,32
95.61666666666666,-57.052934300832405,-7.655944858104455,2.386242706129183,0.0,0.0,0.0,0.0,0.0,0.0,ZERO_INTENT,0.2628080520481847,0,32,0,32,32
95.63333333333334,-57.052934300832405,-7.655944858104455,2.386242706129183,0.0,0.0,0.0,0.0,0.0,0.0,ZERO_INTENT,0.2628080520481847,0,32,0,32,32
95.65,-57.052934300832405,-7.655944858104455,2.386242706129183,0.0,0.0,0.0,0.0,0.0,0.0,ZERO_INTENT,0.2628080520481847,0,32,0,32,32
95.66666666666667,-57.052934300832405,-7.655944858104455,2.386242706129183,0.0,0.0,0.0,0.0,0.0,0.0,ZERO_INTENT,0.2628080520481847,0,32,0,32,32
95.68333333333334,-57.052934300832405,-7.655944858104455,2.386242706129183,0.0,0.0,0.0,0.0,0.0,0.0,ZERO_INTENT,0.2628080520481847,0,32,0,32,32
95.7,-57.052934300832405,-7.655944858104455,2.386242706129183,0.0,0.0,0.0,0.0,0.0,0.0,ZERO_INTENT,0.2628080520481847,0,32,0,32,32
95.71666666666667,-57.052934300832405,-7.655944858104455,2.386242706129183,0.0,0.0,0.0,0.0,0.0,0.0,ZERO_INTENT,0.2628080520481847,0,32,0,32,32
95.73333333333333,-57.052934300832405,-7.655944858104455,2.386242706129183,0.0,0.0,0.0,0.0,0.0,0.0,ZERO_INTENT,0.2628080520481847,0,32,0,32,32
95.75,-57.052934300832405,-7.655944858104455,2.386242706129183,0.0,0.0,0.0,0.0,0.0,0.0,ZERO_INTENT,0.2628080520481847,0,32,0,32,32
95.76666666666667,-57.052934300832405,-7.655944858104455,2.386242706129183,0.0,0.0,0.0,0.0,0.0,0.0,ZERO_INTENT,0.2628080520481847,0,32,0,32,32
95.78333333333333,-57.052934300832405,-7.655944858104455,2.386242706129183,0.0,0.0,0.0,0.0,0.0,0.0,ZERO_INTENT,0.2628080520481847,0,32,0,32,32
95.8,-57.052934300832405,-7.655944858104455,2.386242706129183,0.0,0.0,0.0,0.0,0.0,0.0,ZERO_INTENT,0.2628080520481847,0,32,0,32,32
95.81666666666666,-57.052934300832405,-7.655944858104455,2.386242706129183,0.0,0.0,0.0,0.0,0.0,0.0,ZERO_INTENT,0.2628080520481847,0,32,0,32,32
95.83333333333333,-57.052934300832405,-7.655944858104455,2.386242706129183,0.0,0.0,0.0,0.0,0.0,0.0,ZERO_INTENT,0.2628080520481847,0,32,0,32,32
95.85,-57.052934300832405,-7.655944858104455,2.386242706129183,0.0,0.0,0.0,0.0,0.0,0.0,ZERO_INTENT,0.2628080520481847,0,32,0,32,32
95.86666666666666,-57.052934300832405,-7.655944858104455,2.386242706129183,0.0,0.0,0.0,0.0,0.0,0.0,ZERO_INTENT,0.2628080520481847,0,32,0,32,32
95.88333333333334,-57.052934300832405,-7.655944858104455,2.386242706129183,0.0,0.0,0.0,0.0,0.0,0.0,ZERO_INTENT,0.2628080520481847,0,32,0,32,32
95.9,-57.052934300832405,-7.655944858104455,2.386242706129183,0.0,0.0,0.0,0.0,0.0,0.0,ZERO_INTENT,0.2628080520481847,0,32,0,32,32
95.91666666666667,-57.052934300832405,-7.655944858104455,2.386242706129183,0.0,0.0,0.0,0.0,0.0,0.0,ZERO_INTENT,0.2628080520481847,0,32,0,32,32
95.93333333333334,-57.052934300832405,-7.655944858104455,2.386242706129183,0.0,0.0,0.0,0.0,0.0,0.0,ZERO_INTENT,0.2628080520481847,0,32,0,32,32
95.95,-57.052934300832405,-7.655944858104455,2.386242706129183,0.0,0.0,0.0,0.0,0.0,0.0,ZERO_INTENT,0.2628080520481847,0,32,0,32,32
95.96666666666667,-57.052934300832405,-7.655944858104455,2.386242706129183,0.0,0.0,0.0,0.0,0.0,0.0,ZERO_INTENT,0.2628080520481847,0,32,0,32,32
95.98333333333333,-57.052934300832405,-7.655944858104455,2.386242706129183,0.0,0.0,0.0,0.0,0.0,0.0,ZERO_INTENT,0.2628080520481847,0,32,0,32,32
96.0,-57.052934300832405,-7.655944858104455,2.386242706129183,0.0,0.0,0.0,0.0,0.0,0.0,ZERO_INTENT,0.2628080520481847,0,32,0,32,32
96.01666666666667,-57.052934300832405,-7.655944858104455,2.386242706129183,0.0,0.0,0.0,0.0,0.0,0.0,ZERO_INTENT,0.2628080520481847,0,32,0,32,32
96.03333333333333,-57.052934300832405,-7.655944858104455,2.386242706129183,0.0,0.0,0.0,0.0,0.0,0.0,ZERO_INTENT,0.2628080520481847,0,32,0,32,32
96.05,-57.052934300832405,-7.655944858104455,2.386242706129183,0.0,0.0,0.0,0.0,0.0,0.0,ZERO_INTENT,0.2628080520481847,0,32,0,32,32
96.06666666666666,-57.052934300832405,-7.655944858104455,2.386242706129183,0.0,0.0,0.0,0.0,0.0,0.0,ZERO_INTENT,0.2628080520481847,0,32,0,32,32
96.08333333333333,-57.052934300832405,-7.655944858104455,2.386242706129183,0.0,0.0,0.0,0.0,0.0,0.0,ZERO_INTENT,0.2628080520481847,0,32,0,32,32
96.1,-57.052934300832405,-7.655944858104455,2.386242706129183,0.0,0.0,0.0,0.0,0.0,0.0,ZERO_INTENT,0.2628080520481847,0,32,0,32,32
96.11666666666666,-57.052934300832405,-7.655944858104455,2.386242706129183,0.0,0.0,0.0,0.0,0.0,0.0,ZERO_INTENT,0.2628080520481847,0,32,0,32,32
96.13333333333334,-57.052934300832405,-7.655944858104455,2.386242706129183,0.0,0.0,0.0,0.0,0.0,0.0,ZERO_INTENT,0.2628080520481847,0,32,0,32,32
96.15,-57.052934300832405,-7.655944858104455,2.386242706129183,0.0,0.0,0.0,0.0,0.0,0.0,ZERO_INTENT,0.2628080520481847,0,32,0,32,32
96.16666666666667,-57.052934300832405,-7.655944858104455,2.386242706129183,0.0,0.0,0.0,0.0,0.0,0.0,ZERO_INTENT,0.2628080520481847,0,32,0,32,32
96.18333333333334,-57.052934300832405,-7.655944858104455,2.386242706129183,0.0,0.0,0.0,0.0,0.0,0.0,ZERO_INTENT,0.2628080520481847,0,32,0,32,32
96.2,-57.052934300832405,-7.655944858104455,2.386242706129183,0.0,0.0,0.0,0.0,0.0,0.0,ZERO_INTENT,0.2628080520481847,0,32,0,32,32
96.21666666666667,-57.052934300832405,-7.655944858104455,2.386242706129183,0.0,0.0,0.0,0.0,0.0,0.0,ZERO_INTENT,0.2628080520481847,0,32,0,32,32
96.23333333333333,-57.052934300832405,-7.655944858104455,2.386242706129183,0.0,0.0,0.0,0.0,0.0,0.0,ZERO_INTENT,0.2628080520481847,0,32,0,32,32
96.25,-57.052934300832405,-7.655944858104455,2.386242706129183,0.0,0.0,0.0,0.0,0.0,0.0,ZERO_INTENT,0.2628080520481847,0,32,0,32,32
96.26666666666667,-57.052934300832405,-7.655944858104455,2.386242706129183,0.0,0.0,0.0,0.0,0.0,0.0,ZERO_INTENT,0.2628080520481847,0,32,0,32,32
96.28333333333333,-57.052934300832405,-7.655944858104455,2.386242706129183,0.0,0.0,0.0,0.0,0.0,0.0,ZERO_INTENT,0.2628080520481847,0,32,0,32,32
96.3,-57.052934300832405,-7.655944858104455,2.386242706129183,0.0,0.0,0.0,0.0,0.0,0.0,ZERO_INTENT,0.2628080520481847,0,32,0,32,32
96.31666666666666,-57.052934300832405,-7.655944858104455,2.386242706129183,0.0,0.0,0.0,0.0,0.0,0.0,ZERO_INTENT,0.2628080520481847,0,32,0,32,32
96.33333333333333,-57.052934300832405,-7.655944858104455,2.386242706129183,0.0,0.0,0.0,0.0,0.0,0.0,ZERO_INTENT,0.2628080520481847,0,32,0,32,32
96.35,-57.052934300832405,-7.655944858104455,2.386242706129183,0.0,0.0,0.0,0.0,0.0,0.0,ZERO_INTENT,0.2628080520481847,0,32,0,32,32
96.36666666666666,-57.052934300832405,-7.655944858104455,2.386242706129183,0.0,0.0,0.0,0.0,0.0,0.0,ZERO_INTENT,0.2628080520481847,0,32,0,32,32
96.38333333333334,-57.052934300832405,-7.655944858104455,2.386242706129183,0.0,0.0,0.0,0.0,0.0,0.0,ZERO_INTENT,0.2628080520481847,0,32,0,32,32
96.4,-57.052934300832405,-7.655944858104455,2.386242706129183,0.0,0.0,0.0,0.0,0.0,0.0,ZERO_INTENT,0.2628080520481847,0,32,0,32,32
96.41666666666667,-57.052934300832405,-7.655944858104455,2.386242706129183,0.0,0.0,0.0,0.0,0.0,0.0,ZERO_INTENT,0.2628080520481847,0,32,0,32,32
96.43333333333334,-57.052934300832405,-7.655944858104455,2.386242706129183,0.0,0.0,0.0,0.0,0.0,0.0,ZERO_INTENT,0.2628080520481847,0,32,0,32,32
96.45,-57.052934300832405,-7.655944858104455,2.386242706129183,0.0,0.0,0.0,0.0,0.0,0.0,ZERO_INTENT,0.2628080520481847,0,32,0,32,32
96.46666666666667,-57.052934300832405,-7.655944858104455,2.386242706129183,0.0,0.0,0.0,0.0,0.0,0.0,ZERO_INTENT,0.2628080520481847,0,32,0,32,32
96.48333333333333,-57.052934300832405,-7.655944858104455,2.386242706129183,0.0,0.0,0.0,0.0,0.0,0.0,ZERO_INTENT,0.2628080520481847,0,32,0,32,32
96.5,-57.052934300832405,-7.655944858104455,2.386242706129183,0.0,0.0,0.0,0.0,0.0,0.0,ZERO_INTENT,0.2628080520481847,0,32,0,32,32
96.51666666666667,-57.052934300832405,-7.655944858104455,2.386242706129183,0.0,0.0,0.0,0.0,0.0,0.0,ZERO_INTENT,0.2628080520481847,0,32,0,32,32
96.53333333333333,-57.052934300832405,-7.655944858104455,2.386242706129183,0.0,0.0,0.0,0.0,0.0,0.0,ZERO_INTENT,0.2628080520481847,0,32,0,32,32
96.55,-57.052934300832405,-7.655944858104455,2.386242706129183,0.0,0.0,0.0,0.0,0.0,0.0,ZERO_INTENT,0.2628080520481847,0,32,0,32,32
96.56666666666666,-57.052934300832405,-7.655944858104455,2.386242706129183,0.0,0.0,0.0,0.0,0.0,0.0,ZERO_INTENT,0.2628080520481847,0,32,0,32,32
96.58333333333333,-57.052934300832405,-7.655944858104455,2.386242706129183,0.0,0.0,0.0,0.0,0.0,0.0,ZERO_INTENT,0.2628080520481847,0,32,0,32,32
96.6,-57.052934300832405,-7.655944858104455,2.386242706129183,0.0,0.0,0.0,0.0,0.0,0.0,ZERO_INTENT,0.2628080520481847,0,32,0,32,32
96.61666666666666,-57.052934300832405,-7.655944858104455,2.386242706129183,0.0,0.0,0.0,0.0,0.0,0.0,ZERO_INTENT,0.2628080520481847,0,32,0,32,32
96.63333333333334,-57.052934300832405,-7.655944858104455,2.386242706129183,0.0,0.0,0.0,0.0,0.0,0.0,ZERO_INTENT,0.2628080520481847,0,32,0,32,32
96.65,-57.052934300832405,-7.655944858104455,2.386242706129183,0.0,0.0,0.0,0.0,0.0,0.0,ZERO_INTENT,0.2628080520481847,0,32,0,32,32
96.66666666666667,-57.052934300832405,-7.655944858104455,2.386242706129183,0.0,0.0,0.0,0.0,0.0,0.0,ZERO_INTENT,0.2628080520481847,0,32,0,32,32
96.68333333333334,-57.052934300832405,-7.655944858104455,2.386242706129183,0.0,0.0,0.0,0.0,0.0,0.0,ZERO_INTENT,0.2628080520481847,0,32,0,32,32
96.7,-57.052934300832405,-7.655944858104455,2.386242706129183,0.0,0.0,0.0,0.0,0.0,0.0,ZERO_INTENT,0.2628080520481847,0,32,0,32,32
96.71666666666667,-57.052934300832405,-7.655944858104455,2.386242706129183,0.0,0.0,0.0,0.0,0.0,0.0,ZERO_INTENT,0.2628080520481847,0,32,0,32,32
96.73333333333333,-57.052934300832405,-7.655944858104455,2.386242706129183,0.0,0.0,0.0,0.0,0.0,0.0,ZERO_INTENT,0.2628080520481847,0,32,0,32,32
96.75,-57.052934300832405,-7.655944858104455,2.386242706129183,0.0,0.0,0.0,0.0,0.0,0.0,ZERO_INTENT,0.2628080520481847,0,32,0,32,32
96.76666666666667,-57.052934300832405,-7.655944858104455,2.386242706129183,0.0,0.0,0.0,0.0,0.0,0.0,ZERO_INTENT,0.2628080520481847,0,32,0,32,32
96.78333333333333,-57.052934300832405,-7.655944858104455,2.386242706129183,0.0,0.0,0.0,0.0,0.0,0.0,ZERO_INTENT,0.2628080520481847,0,32,0,32,32
96.8,-57.052934300832405,-7.655944858104455,2.386242706129183,0.0,0.0,0.0,0.0,0.0,0.0,ZERO_INTENT,0.2628080520481847,0,32,0,32,32
96.81666666666666,-57.052934300832405,-7.655944858104455,2.386242706129183,0.0,0.0,0.0,0.0,0.0,0.0,ZERO_INTENT,0.2628080520481847,0,32,0,32,32
96.83333333333333,-57.052934300832405,-7.655944858104455,2.386242706129183,0.0,0.0,0.0,0.0,0.0,0.0,ZERO_INTENT,0.2628080520481847,0,32,0,32,32
96.85,-57.052934300832405,-7.655944858104455,2.386242706129183,0.0,0.0,0.0,0.0,0.0,0.0,ZERO_INTENT,0.2628080520481847,0,32,0,32,32
96.86666666666666,-57.052934300832405,-7.655944858104455,2.386242706129183,0.0,0.0,0.0,0.0,0.0,0.0,ZERO_INTENT,0.2628080520481847,0,32,0,32,32
96.88333333333334,-57.052934300832405,-7.655944858104455,2.386242706129183,0.0,0.0,0.0,0.0,0.0,0.0,ZERO_INTENT,0.2628080520481847,0,32,0,32,32
96.9,-57.052934300832405,-7.655944858104455,2.386242706129183,0.0,0.0,0.0,0.0,0.0,0.0,ZERO_INTENT,0.2628080520481847,0,32,0,32,32
96.91666666666667,-57.052934300832405,-7.655944858104455,2.386242706129183,0.0,0.0,0.0,0.0,0.0,0.0,ZERO_INTENT,0.2628080520481847,0,32,0,32,32
96.93333333333334,-57.052934300832405,-7.655944858104455,2.386242706129183,0.0,0.0,0.0,0.0,0.0,0.0,ZERO_INTENT,0.2628080520481847,0,32,0,32,32
96.95,-57.052934300832405,-7.655944858104455,2.386242706129183,0.0,0.0,0.0,0.0,0.0,0.0,ZERO_INTENT,0.2628080520481847,0,32,0,32,32
96.96666666666667,-57.052934300832405,-7.655944858104455,2.386242706129183,0.0,0.0,0.0,0.0,0.0,0.0,ZERO_INTENT,0.2628080520481847,0,32,0,32,32
96.98333333333333,-57.052934300832405,-7.655944858104455,2.386242706129183,0.0,0.0,0.0,0.0,0.0,0.0,ZERO_INTENT,0.2628080520481847,0,32,0,32,32
97.0,-57.052934300832405,-7.655944858104455,2.386242706129183,0.0,0.0,0.0,0.0,0.0,0.0,ZERO_INTENT,0.2628080520481847,0,32,0,32,32
97.01666666666667,-57.052934300832405,-7.655944858104455,2.386242706129183,0.0,0.0,0.0,0.0,0.0,0.0,ZERO_INTENT,0.2628080520481847,0,32,0,32,32
97.03333333333333,-57.052934300832405,-7.655944858104455,2.386242706129183,0.0,0.0,0.0,0.0,0.0,0.0,ZERO_INTENT,0.2628080520481847,0,32,0,32,32
97.05,-57.052934300832405,-7.655944858104455,2.386242706129183,0.0,0.0,0.0,0.0,0.0,0.0,ZERO_INTENT,0.2628080520481847,0,32,0,32,32
97.06666666666666,-57.052934300832405,-7.655944858104455,2.386242706129183,0.0,0.0,0.0,0.0,0.0,0.0,ZERO_INTENT,0.2628080520481847,0,32,0,32,32
97.08333333333333,-57.052934300832405,-7.655944858104455,2.386242706129183,0.0,0.0,0.0,0.0,0.0,0.0,ZERO_INTENT,0.2628080520481847,0,32,0,32,32
97.1,-57.052934300832405,-7.655944858104455,2.386242706129183,0.0,0.0,0.0,0.0,0.0,0.0,ZERO_INTENT,0.2628080520481847,0,32,0,32,32
97.11666666666666,-57.052934300832405,-7.655944858104455,2.386242706129183,0.0,0.0,0.0,0.0,0.0,0.0,ZERO_INTENT,0.2628080520481847,0,32,0,32,32
97.13333333333334,-57.052934300832405,-7.655944858104455,2.386242706129183,0.0,0.0,0.0,0.0,0.0,0.0,ZERO_INTENT,0.2628080520481847,0,32,0,32,32
97.15,-57.052934300832405,-7.655944858104455,2.386242706129183,0.0,0.0,0.0,0.0,0.0,0.0,ZERO_INTENT,0.2628080520481847,0,32,0,32,32
97.16666666666667,-57.052934300832405,-7.655944858104455,2.386242706129183,0.0,0.0,0.0,0.0,0.0,0.0,ZERO_INTENT,0.2628080520481847,0,32,0,32,32
97.18333333333334,-57.052934300832405,-7.655944858104455,2.386242706129183,0.0,0.0,0.0,0.0,0.0,0.0,ZERO_INTENT,0.2628080520481847,0,32,0,32,32
97.2,-57.052934300832405,-7.655944858104455,2.386242706129183,0.0,0.0,0.0,0.0,0.0,0.0,ZERO_INTENT,0.2628080520481847,0,32,0,32,32
97.21666666666667,-57.052934300832405,-7.655944858104455,2.386242706129183,0.0,0.0,0.0,0.0,0.0,0.0,ZERO_INTENT,0.2628080520481847,0,32,0,32,32
97.23333333333333,-57.052934300832405,-7.655944858104455,2.386242706129183,0.0,0.0,0.0,0.0,0.0,0.0,ZERO_INTENT,0.2628080520481847,0,32,0,32,32
97.25,-57.052934300832405,-7.655944858104455,2.386242706129183,0.0,0.0,0.0,0.0,0.0,0.0,ZERO_INTENT,0.2628080520481847,0,32,0,32,32
97.26666666666667,-57.052934300832405,-7.655944858104455,2.386242706129183,0.0,0.0,0.0,0.0,0.0,0.0,ZERO_INTENT,0.2628080520481847,0,32,0,32,32
97.28333333333333,-57.052934300832405,-7.655944858104455,2.386242706129183,0.0,0.0,0.0,0.0,0.0,0.0,ZERO_INTENT,0.2628080520481847,0,32,0,32,32
97.3,-57.052934300832405,-7.655944858104455,2.386242706129183,0.0,0.0,0.0,0.0,0.0,0.0,ZERO_INTENT,0.2628080520481847,0,32,0,32,32
97.31666666666666,-57.052934300832405,-7.655944858104455,2.386242706129183,0.0,0.0,0.0,0.0,0.0,0.0,ZERO_INTENT,0.2628080520481847,0,32,0,32,32
97.33333333333333,-57.052934300832405,-7.655944858104455,2.386242706129183,0.0,0.0,0.0,0.0,0.0,0.0,ZERO_INTENT,0.2628080520481847,0,32,0,32,32
97.35,-57.052934300832405,-7.655944858104455,2.386242706129183,0.0,0.0,0.0,0.0,0.0,0.0,ZERO_INTENT,0.2628080520481847,0,32,0,32,32
97.36666666666666,-57.052934300832405,-7.655944858104455,2.386242706129183,0.0,0.0,0.0,0.0,0.0,0.0,ZERO_INTENT,0.2628080520481847,0,32,0,32,32
97.38333333333334,-57.052934300832405,-7.655944858104455,2.386242706129183,0.0,0.0,0.0,0.0,0.0,0.0,ZERO_INTENT,0.2628080520481847,0,32,0,32,32
97.4,-57.052934300832405,-7.655944858104455,2.386242706129183,0.0,0.0,0.0,0.0,0.0,0.0,ZERO_INTENT,0.2628080520481847,0,32,0,32,32
97.41666666666667,-57.052934300832405,-7.655944858104455,2.386242706129183,0.0,0.0,0.0,0.0,0.0,0.0,ZERO_INTENT,0.2628080520481847,0,32,0,32,32
97.43333333333334,-57.052934300832405,-7.655944858104455,2.386242706129183,0.0,0.0,0.0,0.0,0.0,0.0,ZERO_INTENT,0.2628080520481847,0,32,0,32,32
97.45,-57.052934300832405,-7.655944858104455,2.386242706129183,0.0,0.0,0.0,0.0,0.0,0.0,ZERO_INTENT,0.2628080520481847,0,32,0,32,32
97.46666666666667,-57.052934300832405,-7.655944858104455,2.386242706129183,0.0,0.0,0.0,0.0,0.0,0.0,ZERO_INTENT,0.2628080520481847,0,32,0,32,32
97.48333333333333,-57.052934300832405,-7.655944858104455,2.386242706129183,0.0,0.0,0.0,0.0,0.0,0.0,ZERO_INTENT,0.2628080520481847,0,32,0,32,32
97.5,-57.052934300832405,-7.655944858104455,2.386242706129183,0.0,0.0,0.0,0.0,0.0,0.0,ZERO_INTENT,0.2628080520481847,0,32,0,32,32
97.51666666666667,-57.052934300832405,-7.655944858104455,2.386242706129183,0.0,0.0,0.0,0.0,0.0,0.0,ZERO_INTENT,0.2628080520481847,0,32,0,32,32
97.53333333333333,-57.052934300832405,-7.655944858104455,2.386242706129183,0.0,0.0,0.0,0.0,0.0,0.0,ZERO_INTENT,0.2628080520481847,0,32,0,32,32
97.55,-57.052934300832405,-7.655944858104455,2.386242706129183,0.0,0.0,0.0,0.0,0.0,0.0,ZERO_INTENT,0.2628080520481847,0,32,0,32,32
97.56666666666666,-57.052934300832405,-7.655944858104455,2.386242706129183,0.0,0.0,0.0,0.0,0.0,0.0,ZERO_INTENT,0.2628080520481847,0,32,0,32,32
97.58333333333333,-57.052934300832405,-7.655944858104455,2.386242706129183,0.0,0.0,0.0,0.0,0.0,0.0,ZERO_INTENT,0.2628080520481847,0,32,0,32,32
97.6,-57.052934300832405,-7.655944858104455,2.386242706129183,0.0,0.0,0.0,0.0,0.0,0.0,ZERO_INTENT,0.2628080520481847,0,32,0,32,32
97.61666666666666,-57.052934300832405,-7.655944858104455,2.386242706129183,0.0,0.0,0.0,0.0,0.0,0.0,ZERO_INTENT,0.2628080520481847,0,32,0,32,32
97.63333333333334,-57.052934300832405,-7.655944858104455,2.386242706129183,0.0,0.0,0.0,0.0,0.0,0.0,ZERO_INTENT,0.2628080520481847,0,32,0,32,32
97.65,-57.052934300832405,-7.655944858104455,2.386242706129183,0.0,0.0,0.0,0.0,0.0,0.0,ZERO_INTENT,0.2628080520481847,0,32,0,32,32
97.66666666666667,-57.052934300832405,-7.655944858104455,2.386242706129183,0.0,0.0,0.0,0.0,0.0,0.0,ZERO_INTENT,0.2628080520481847,0,32,0,32,32
97.68333333333334,-57.052934300832405,-7.655944858104455,2.386242706129183,0.0,0.0,0.0,0.0,0.0,0.0,ZERO_INTENT,0.2628080520481847,0,32,0,32,32
97.7,-57.052934300832405,-7.655944858104455,2.386242706129183,0.0,0.0,0.0,0.0,0.0,0.0,ZERO_INTENT,0.2628080520481847,0,32,0,32,32
97.71666666666667,-57.052934300832405,-7.655944858104455,2.386242706129183,0.0,0.0,0.0,0.0,0.0,0.0,ZERO_INTENT,0.2628080520481847,0,32,0,32,32
97.73333333333333,-57.052934300832405,-7.655944858104455,2.386242706129183,0.0,0.0,0.0,0.0,0.0,0.0,ZERO_INTENT,0.2628080520481847,0,32,0,32,32
97.75,-57.052934300832405,-7.655944858104455,2.386242706129183,0.0,0.0,0.0,0.0,0.0,0.0,ZERO_INTENT,0.2628080520481847,0,32,0,32,32
97.76666666666667,-57.052934300832405,-7.655944858104455,2.386242706129183,0.0,0.0,0.0,0.0,0.0,0.0,ZERO_INTENT,0.2628080520481847,0,32,0,32,32
97.78333333333333,-57.052934300832405,-7.655944858104455,2.386242706129183,0.0,0.0,0.0,0.0,0.0,0.0,ZERO_INTENT,0.2628080520481847,0,32,0,32,32
97.8,-57.052934300832405,-7.655944858104455,2.386242706129183,0.0,0.0,0.0,0.0,0.0,0.0,ZERO_INTENT,0.2628080520481847,0,32,0,32,32
97.81666666666666,-57.052934300832405,-7.655944858104455,2.386242706129183,0.0,0.0,0.0,0.0,0.0,0.0,ZERO_INTENT,0.2628080520481847,0,32,0,32,32
97.83333333333333,-57.052934300832405,-7.655944858104455,2.386242706129183,0.0,0.0,0.0,0.0,0.0,0.0,ZERO_INTENT,0.2628080520481847,0,32,0,32,32
97.85,-57.052934300832405,-7.655944858104455,2.386242706129183,0.0,0.0,0.0,0.0,0.0,0.0,ZERO_INTENT,0.2628080520481847,0,32,0,32,32
97.86666666666666,-57.052934300832405,-7.655944858104455,2.386242706129183,0.0,0.0,0.0,0.0,0.0,0.0,ZERO_INTENT,0.2628080520481847,0,32,0,32,32
97.88333333333334,-57.052934300832405,-7.655944858104455,2.386242706129183,0.0,0.0,0.0,0.0,0.0,0.0,ZERO_INTENT,0.2628080520481847,0,32,0,32,32
97.9,-57.052934300832405,-7.655944858104455,2.386242706129183,0.0,0.0,0.0,0.0,0.0,0.0,ZERO_INTENT,0.2628080520481847,0,32,0,32,32
97.91666666666667,-57.052934300832405,-7.655944858104455,2.386242706129183,0.0,0.0,0.0,0.0,0.0,0.0,ZERO_INTENT,0.2628080520481847,0,32,0,32,32
97.93333333333334,-57.052934300832405,-7.655944858104455,2.386242706129183,0.0,0.0,0.0,0.0,0.0,0.0,ZERO_INTENT,0.2628080520481847,0,32,0,32,32
97.95,-57.052934300832405,-7.655944858104455,2.386242706129183,0.0,0.0,0.0,0.0,0.0,0.0,ZERO_INTENT,0.2628080520481847,0,32,0,32,32
97.96666666666667,-57.052934300832405,-7.655944858104455,2.386242706129183,0.0,0.0,0.0,0.0,0.0,0.0,ZERO_INTENT,0.2628080520481847,0,32,0,32,32
97.98333333333333,-57.052934300832405,-7.655944858104455,2.386242706129183,0.0,0.0,0.0,0.0,0.0,0.0,ZERO_INTENT,0.2628080520481847,0,32,0,32,32
98.0,-57.052934300832405,-7.655944858104455,2.386242706129183,0.0,0.0,0.0,0.0,0.0,0.0,ZERO_INTENT,0.2628080520481847,0,32,0,32,32
98.01666666666667,-57.052934300832405,-7.655944858104455,2.386242706129183,0.0,0.0,0.0,0.0,0.0,0.0,ZERO_INTENT,0.2628080520481847,0,32,0,32,32
98.03333333333333,-57.052934300832405,-7.655944858104455,2.386242706129183,0.0,0.0,0.0,0.0,0.0,0.0,ZERO_INTENT,0.2628080520481847,0,32,0,32,32
98.05,-57.052934300832405,-7.655944858104455,2.386242706129183,0.0,0.0,0.0,0.0,0.0,0.0,ZERO_INTENT,0.2628080520481847,0,32,0,32,32
98.06666666666666,-57.052934300832405,-7.655944858104455,2.386242706129183,0.0,0.0,0.0,0.0,0.0,0.0,ZERO_INTENT,0.2628080520481847,0,32,0,32,32
98.08333333333333,-57.052934300832405,-7.655944858104455,2.386242706129183,0.0,0.0,0.0,0.0,0.0,0.0,ZERO_INTENT,0.2628080520481847,0,32,0,32,32
98.1,-57.052934300832405,-7.655944858104455,2.386242706129183,0.0,0.0,0.0,0.0,0.0,0.0,ZERO_INTENT,0.2628080520481847,0,32,0,32,32
98.11666666666666,-57.052934300832405,-7.655944858104455,2.386242706129183,0.0,0.0,0.0,0.0,0.0,0.0,ZERO_INTENT,0.2628080520481847,0,32,0,32,32
98.13333333333334,-57.052934300832405,-7.655944858104455,2.386242706129183,0.0,0.0,0.0,0.0,0.0,0.0,ZERO_INTENT,0.2628080520481847,0,32,0,32,32
98.15,-57.052934300832405,-7.655944858104455,2.386242706129183,0.0,0.0,0.0,0.0,0.0,0.0,ZERO_INTENT,0.2628080520481847,0,32,0,32,32
98.16666666666667,-57.052934300832405,-7.655944858104455,2.386242706129183,0.0,0.0,0.0,0.0,0.0,0.0,ZERO_INTENT,0.2628080520481847,0,32,0,32,32
98.18333333333334,-57.052934300832405,-7.655944858104455,2.386242706129183,0.0,0.0,0.0,0.0,0.0,0.0,ZERO_INTENT,0.2628080520481847,0,32,0,32,32
98.2,-57.052934300832405,-7.655944858104455,2.386242706129183,0.0,0.0,0.0,0.0,0.0,0.0,ZERO_INTENT,0.2628080520481847,0,32,0,32,32
98.21666666666667,-57.052934300832405,-7.655944858104455,2.386242706129183,0.0,0.0,0.0,0.0,0.0,0.0,ZERO_INTENT,0.2628080520481847,0,32,0,32,32
98.23333333333333,-57.052934300832405,-7.655944858104455,2.386242706129183,0.0,0.0,0.0,0.0,0.0,0.0,ZERO_INTENT,0.2628080520481847,0,32,0,32,32
98.25,-57.052934300832405,-7.655944858104455,2.386242706129183,0.0,0.0,0.0,0.0,0.0,0.0,ZERO_INTENT,0.2628080520481847,0,32,0,32,32
98.26666666666667,-57.052934300832405,-7.655944858104455,2.386242706129183,0.0,0.0,0.0,0.0,0.0,0.0,ZERO_INTENT,0.2628080520481847,0,32,0,32,32
98.28333333333333,-57.052934300832405,-7.655944858104455,2.386242706129183,0.0,0.0,0.0,0.0,0.0,0.0,ZERO_INTENT,0.2628080520481847,0,32,0,32,32
98.3,-57.052934300832405,-7.655944858104455,2.386242706129183,0.0,0.0,0.0,0.0,0.0,0.0,ZERO_INTENT,0.2628080520481847,0,32,0,32,32
98.31666666666666,-57.052934300832405,-7.655944858104455,2.386242706129183,0.0,0.0,0.0,0.0,0.0,0.0,ZERO_INTENT,0.2628080520481847,0,32,0,32,32
98.33333333333333,-57.052934300832405,-7.655944858104455,2.386242706129183,0.0,0.0,0.0,0.0,0.0,0.0,ZERO_INTENT,0.2628080520481847,0,32,0,32,32
98.35,-57.052934300832405,-7.655944858104455,2.386242706129183,0.0,0.0,0.0,0.0,0.0,0.0,ZERO_INTENT,0.2628080520481847,0,32,0,32,32
98.36666666666666,-57.052934300832405,-7.655944858104455,2.386242706129183,0.0,0.0,0.0,0.0,0.0,0.0,ZERO_INTENT,0.2628080520481847,0,32,0,32,32
98.38333333333334,-57.052934300832405,-7.655944858104455,2.386242706129183,0.0,0.0,0.0,0.0,0.0,0.0,ZERO_INTENT,0.2628080520481847,0,32,0,32,32
98.4,-57.052934300832405,-7.655944858104455,2.386242706129183,0.0,0.0,0.0,0.0,0.0,0.0,ZERO_INTENT,0.2628080520481847,0,32,0,32,32
98.41666666666667,-57.052934300832405,-7.655944858104455,2.386242706129183,0.0,0.0,0.0,0.0,0.0,0.0,ZERO_INTENT,0.2628080520481847,0,32,0,32,32
98.43333333333334,-57.052934300832405,-7.655944858104455,2.386242706129183,0.0,0.0,0.0,0.0,0.0,0.0,ZERO_INTENT,0.2628080520481847,0,32,0,32,32
98.45,-57.052934300832405,-7.655944858104455,2.386242706129183,0.0,0.0,0.0,0.0,0.0,0.0,ZERO_INTENT,0.2628080520481847,0,32,0,32,32
98.46666666666667,-57.052934300832405,-7.655944858104455,2.386242706129183,0.0,0.0,0.0,0.0,0.0,0.0,ZERO_INTENT,0.2628080520481847,0,32,0,32,32
98.48333333333333,-57.052934300832405,-7.655944858104455,2.386242706129183,0.0,0.0,0.0,0.0,0.0,0.0,ZERO_INTENT,0.2628080520481847,0,32,0,32,32
98.5,-57.052934300832405,-7.655944858104455,2.386242706129183,0.0,0.0,0.0,0.0,0.0,0.0,ZERO_INTENT,0.2628080520481847,0,32,0,32,32
98.51666666666667,-57.052934300832405,-7.655944858104455,2.386242706129183,0.0,0.0,0.0,0.0,0.0,0.0,ZERO_INTENT,0.2628080520481847,0,32,0,32,32
98.53333333333333,-57.052934300832405,-7.655944858104455,2.386242706129183,0.0,0.0,0.0,0.0,0.0,0.0,ZERO_INTENT,0.2628080520481847,0,32,0,32,32
98.55,-57.052934300832405,-7.655944858104455,2.386242706129183,0.0,0.0,0.0,0.0,0.0,0.0,ZERO_INTENT,0.2628080520481847,0,32,0,32,32
98.56666666666666,-57.052934300832405,-7.655944858104455,2.386242706129183,0.0,0.0,0.0,0.0,0.0,0.0,ZERO_INTENT,0.2628080520481847,0,32,0,32,32
98.58333333333333,-57.052934300832405,-7.655944858104455,2.386242706129183,0.0,0.0,0.0,0.0,0.0,0.0,ZERO_INTENT,0.2628080520481847,0,32,0,32,32
98.6,-57.052934300832405,-7.655944858104455,2.386242706129183,0.0,0.0,0.0,0.0,0.0,0.0,ZERO_INTENT,0.2628080520481847,0,32,0,32,32
98.61666666666666,-57.052934300832405,-7.655944858104455,2.386242706129183,0.0,0.0,0.0,0.0,0.0,0.0,ZERO_INTENT,0.2628080520481847,0,32,0,32,32
98.63333333333334,-57.052934300832405,-7.655944858104455,2.386242706129183,0.0,0.0,0.0,0.0,0.0,0.0,ZERO_INTENT,0.2628080520481847,0,32,0,32,32
98.65,-57.052934300832405,-7.655944858104455,2.386242706129183,0.0,0.0,0.0,0.0,0.0,0.0,ZERO_INTENT,0.2628080520481847,0,32,0,32,32
98.66666666666667,-57.052934300832405,-7.655944858104455,2.386242706129183,0.0,0.0,0.0,0.0,0.0,0.0,ZERO_INTENT,0.2628080520481847,0,32,0,32,32
98.68333333333334,-57.052934300832405,-7.655944858104455,2.386242706129183,0.0,0.0,0.0,0.0,0.0,0.0,ZERO_INTENT,0.2628080520481847,0,32,0,32,32
98.7,-57.052934300832405,-7.655944858104455,2.386242706129183,0.0,0.0,0.0,0.0,0.0,0.0,ZERO_INTENT,0.2628080520481847,0,32,0,32,32
98.71666666666667,-57.052934300832405,-7.655944858104455,2.386242706129183,0.0,0.0,0.0,0.0,0.0,0.0,ZERO_INTENT,0.2628080520481847,0,32,0,32,32
98.73333333333333,-57.052934300832405,-7.655944858104455,2.386242706129183,0.0,0.0,0.0,0.0,0.0,0.0,ZERO_INTENT,0.2628080520481847,0,32,0,32,32
98.75,-57.052934300832405,-7.655944858104455,2.386242706129183,0.0,0.0,0.0,0.0,0.0,0.0,ZERO_INTENT,0.2628080520481847,0,32,0,32,32
98.76666666666667,-57.052934300832405,-7.655944858104455,2.386242706129183,0.0,0.0,0.0,0.0,0.0,0.0,ZERO_INTENT,0.2628080520481847,0,32,0,32,32
98.78333333333333,-57.052934300832405,-7.655944858104455,2.386242706129183,0.0,0.0,0.0,0.0,0.0,0.0,ZERO_INTENT,0.2628080520481847,0,32,0,32,32
98.8,-57.052934300832405,-7.655944858104455,2.386242706129183,0.0,0.0,0.0,0.0,0.0,0.0,ZERO_INTENT,0.2628080520481847,0,32,0,32,32
98.81666666666666,-57.052934300832405,-7.655944858104455,2.386242706129183,0.0,0.0,0.0,0.0,0.0,0.0,ZERO_INTENT,0.2628080520481847,0,32,0,32,32
98.83333333333333,-57.052934300832405,-7.655944858104455,2.386242706129183,0.0,0.0,0.0,0.0,0.0,0.0,ZERO_INTENT,0.2628080520481847,0,32,0,32,32
98.85,-57.052934300832405,-7.655944858104455,2.386242706129183,0.0,0.0,0.0,0.0,0.0,0.0,ZERO_INTENT,0.2628080520481847,0,32,0,32,32
98.86666666666666,-57.052934300832405,-7.655944858104455,2.386242706129183,0.0,0.0,0.0,0.0,0.0,0.0,ZERO_INTENT,0.2628080520481847,0,32,0,32,32
98.88333333333334,-57.052934300832405,-7.655944858104455,2.386242706129183,0.0,0.0,0.0,0.0,0.0,0.0,ZERO_INTENT,0.2628080520481847,0,32,0,32,32
98.9,-57.052934300832405,-7.655944858104455,2.386242706129183,0.0,0.0,0.0,0.0,0.0,0.0,ZERO_INTENT,0.2628080520481847,0,32,0,32,32
98.91666666666667,-57.052934300832405,-7.655944858104455,2.386242706129183,0.0,0.0,0.0,0.0,0.0,0.0,ZERO_INTENT,0.2628080520481847,0,32,0,32,32
98.93333333333334,-57.052934300832405,-7.655944858104455,2.386242706129183,0.0,0.0,0.0,0.0,0.0,0.0,ZERO_INTENT,0.2628080520481847,0,32,0,32,32
98.95,-57.052934300832405,-7.655944858104455,2.386242706129183,0.0,0.0,0.0,0.0,0.0,0.0,ZERO_INTENT,0.2628080520481847,0,32,0,32,32
98.96666666666667,-57.052934300832405,-7.655944858104455,2.386242706129183,0.0,0.0,0.0,0.0,0.0,0.0,ZERO_INTENT,0.2628080520481847,0,32,0,32,32
98.98333333333333,-57.052934300832405,-7.655944858104455,2.386242706129183,0.0,0.0,0.0,0.0,0.0,0.0,ZERO_INTENT,0.2628080520481847,0,32,0,32,32
99.0,-57.052934300832405,-7.655944858104455,2.386242706129183,0.0,0.0,0.0,0.0,0.0,0.0,ZERO_INTENT,0.2628080520481847,0,32,0,32,32
99.01666666666667,-57.052934300832405,-7.655944858104455,2.386242706129183,0.0,0.0,0.0,0.0,0.0,0.0,ZERO_INTENT,0.2628080520481847,0,32,0,32,32
